Date_Time,Open,High,Low,Close,Volume
2010-01-04 09:45:00,32.53,32.67,32.49,32.51,101440
2010-01-04 10:00:00,32.51,32.55,32.32,32.43,63502
2010-01-04 10:15:00,32.44,32.55,32.365,32.529,91746
2010-01-04 10:30:00,32.53,32.58,32.5,32.56,40981
2010-01-04 10:45:00,32.58,32.58,32.46,32.56,48550
2010-01-04 11:00:00,32.57,32.7,32.57,32.69,85372
2010-01-04 11:15:00,32.7,32.73,32.69,32.695,59631
2010-01-04 11:30:00,32.69,32.75,32.69,32.72,72380
2010-01-04 11:45:00,32.72,32.72,32.66,32.68,55163
2010-01-04 12:00:00,32.6795,32.68,32.62,32.62,38833
2010-01-04 12:15:00,32.62,32.64,32.6,32.63,35648
2010-01-04 12:30:00,32.64,32.7,32.63,32.6625,44218
2010-01-04 12:45:00,32.67,32.67,32.63,32.64,29251
2010-01-04 13:00:00,32.64,32.67,32.6,32.65,36308
2010-01-04 13:15:00,32.65,32.7,32.65,32.6999,37813
2010-01-04 13:30:00,32.7,32.7,32.62,32.63,40469
2010-01-04 13:45:00,32.63,32.64,32.58,32.5978,36817
2010-01-04 14:00:00,32.6,32.66,32.6,32.65,82077
2010-01-04 14:15:00,32.65,32.67,32.63,32.6699,36104
2010-01-04 14:30:00,32.66,32.67,32.6,32.62,25662
2010-01-04 14:45:00,32.6122,32.62,32.58,32.5899,30189
2010-01-04 15:00:00,32.59,32.59,32.51,32.51,22484
2010-01-04 15:15:00,32.52,32.52,32.46,32.47,54637
2010-01-04 15:30:00,32.46,32.54,32.46,32.54,79605
2010-01-04 15:45:00,32.53,32.54,32.49,32.52,87213
2010-01-04 16:00:00,32.52,32.55,32.49,32.55,124310
2010-01-05 09:45:00,32.63,32.63,32.4,32.41,51321
2010-01-05 10:00:00,32.41,32.47,32.26,32.26,60011
2010-01-05 10:15:00,32.26,32.44,32.22,32.3917,77718
2010-01-05 10:30:00,32.39,32.4,32.33,32.34,53890
2010-01-05 10:45:00,32.33,32.36,32.305,32.35,60750
2010-01-05 11:00:00,32.3537,32.3537,32.18,32.18,94667
2010-01-05 11:15:00,32.17,32.25,32.12,32.24,83890
2010-01-05 11:30:00,32.245,32.25,32.2,32.2075,96014
2010-01-05 11:45:00,32.2,32.2,32.11,32.11,47840
2010-01-05 12:00:00,32.11,32.12,32.02,32.02,66178
2010-01-05 12:15:00,32.02,32.05,32.0,32.0,78434
2010-01-05 12:30:00,32.0,32.02,31.99,31.99,38769
2010-01-05 12:45:00,31.99,32.0,31.92,31.92,42792
2010-01-05 13:00:00,31.925,31.94,31.88,31.9381,44141
2010-01-05 13:15:00,31.94,31.94,31.845,31.8775,53214
2010-01-05 13:30:00,31.87,31.88,31.87,31.87,22100
2010-01-05 13:45:00,31.87,31.95,31.86,31.95,61125
2010-01-05 14:00:00,31.955,31.97,31.92,31.95,45533
2010-01-05 14:15:00,31.96,32.0,31.95,31.9799,32788
2010-01-05 14:30:00,31.97,32.005,31.97,32.0,26755
2010-01-05 14:45:00,32.0,32.02,31.99,32.01,41174
2010-01-05 15:00:00,32.01,32.07,32.01,32.07,31323
2010-01-05 15:15:00,32.07,32.11,32.05,32.07,68637
2010-01-05 15:30:00,32.07,32.13,32.07,32.1,46297
2010-01-05 15:45:00,32.11,32.17,32.1,32.15,84976
2010-01-05 16:00:00,32.15,32.17,32.15,32.17,98070
2010-01-06 09:45:00,32.22,32.22,31.99,32.0,82374
2010-01-06 10:00:00,32.001999999999995,32.02,31.84,31.8401,67057
2010-01-06 10:15:00,31.84,31.85,31.7,31.77,95151
2010-01-06 10:30:00,31.78,31.87,31.78,31.84,40982
2010-01-06 10:45:00,31.83,31.89,31.79,31.89,40454
2010-01-06 11:00:00,31.889,31.95,31.86,31.95,23658
2010-01-06 11:15:00,31.94,32.0212,31.9,31.9,48211
2010-01-06 11:30:00,31.9,32.0,31.9,31.97,51157
2010-01-06 11:45:00,31.96,32.02,31.93,31.99,38410
2010-01-06 12:00:00,31.99,31.99,31.9,31.91,31478
2010-01-06 12:15:00,31.92,31.93,31.87,31.88,29890
2010-01-06 12:30:00,31.88,31.93,31.87,31.88,25099
2010-01-06 12:45:00,31.89,31.99,31.89,31.99,33816
2010-01-06 13:00:00,31.99,32.0,31.96,31.97,19791
2010-01-06 13:15:00,31.97,31.98,31.92,31.92,22535
2010-01-06 13:30:00,31.92,31.98,31.92,31.98,19025
2010-01-06 13:45:00,31.97,31.98,31.92,31.98,34020
2010-01-06 14:00:00,31.98,31.99,31.93,31.94,25520
2010-01-06 14:15:00,31.95,32.02,31.95,32.0,37780
2010-01-06 14:30:00,32.0,32.11,31.99,32.1,77046
2010-01-06 14:45:00,32.09,32.1,32.03,32.0406,41020
2010-01-06 15:00:00,32.04,32.07,32.04,32.04,35365
2010-01-06 15:15:00,32.04,32.1,32.015,32.09,46179
2010-01-06 15:30:00,32.09,32.1,32.01,32.1,38782
2010-01-06 15:45:00,32.1,32.14,32.07,32.12,61600
2010-01-06 16:00:00,32.13,32.15,32.12,32.14,180267
2010-01-07 09:45:00,32.06,32.26,31.81,31.82,215709
2010-01-07 10:00:00,31.84,31.86,31.65,31.665,381461
2010-01-07 10:15:00,31.67,31.8,31.67,31.68,164173
2010-01-07 10:30:00,31.69,31.78,31.63,31.66,162140
2010-01-07 10:45:00,31.668000000000003,31.71,31.6,31.67,172696
2010-01-07 11:00:00,31.67,31.72,31.64,31.68,71556
2010-01-07 11:15:00,31.68,31.69,31.6,31.62,78101
2010-01-07 11:30:00,31.62,31.6375,31.54,31.61,126768
2010-01-07 11:45:00,31.61,31.69,31.49,31.5,148325
2010-01-07 12:00:00,31.4901,31.51,31.44,31.4599,63740
2010-01-07 12:15:00,31.45,31.46,31.37,31.41,127735
2010-01-07 12:30:00,31.42,31.54,31.42,31.53,93483
2010-01-07 12:45:00,31.54,31.56,31.46,31.52,89578
2010-01-07 13:00:00,31.51,31.58,31.51,31.53,51652
2010-01-07 13:15:00,31.53,31.555,31.5,31.51,69316
2010-01-07 13:30:00,31.52,31.54,31.51,31.54,46484
2010-01-07 13:45:00,31.54,31.57,31.525,31.545,84128
2010-01-07 14:00:00,31.57,31.57,31.49,31.5,51518
2010-01-07 14:15:00,31.49,31.6,31.48,31.5725,52569
2010-01-07 14:30:00,31.57,31.61,31.57,31.6,56688
2010-01-07 14:45:00,31.6,31.65,31.58,31.58,81519
2010-01-07 15:00:00,31.581,31.66,31.57,31.57,136293
2010-01-07 15:15:00,31.58,31.64,31.51,31.64,60394
2010-01-07 15:30:00,31.64,31.74,31.64,31.7301,47826
2010-01-07 15:45:00,31.74,31.76,31.71,31.76,129628
2010-01-07 16:00:00,31.76,31.77,31.66,31.67,298526
2010-01-08 09:45:00,32.09,32.34,31.77,31.89,268777
2010-01-08 10:00:00,31.88,32.0,31.84,31.92,196800
2010-01-08 10:15:00,31.92,31.98,31.86,31.92,187360
2010-01-08 10:30:00,31.92,31.96,31.89,31.91,84994
2010-01-08 10:45:00,31.91,31.96,31.85,31.87,163309
2010-01-08 11:00:00,31.87,31.9,31.85,31.88,42095
2010-01-08 11:15:00,31.88,31.92,31.87,31.89,97532
2010-01-08 11:30:00,31.8999,31.949,31.89,31.9,58263
2010-01-08 11:45:00,31.91,31.92,31.87,31.89,55955
2010-01-08 12:00:00,31.89,31.92,31.88,31.899,133313
2010-01-08 12:15:00,31.9,31.91,31.86,31.865,36985
2010-01-08 12:30:00,31.87,31.88,31.82,31.83,55821
2010-01-08 12:45:00,31.83,31.83,31.71,31.76,56829
2010-01-08 13:00:00,31.76,31.82,31.69,31.76,99861
2010-01-08 13:15:00,31.75,31.76,31.66,31.669,52756
2010-01-08 13:30:00,31.67,31.67,31.61,31.6101,37361
2010-01-08 13:45:00,31.61,31.66,31.56,31.57,109727
2010-01-08 14:00:00,31.58,31.58,31.54,31.56,37510
2010-01-08 14:15:00,31.56,31.58,31.5,31.5,123626
2010-01-08 14:30:00,31.5099,31.53,31.47,31.52,138673
2010-01-08 14:45:00,31.53,31.55,31.495,31.52,77430
2010-01-08 15:00:00,31.53,31.58,31.53,31.54,43387
2010-01-08 15:15:00,31.54,31.68,31.53,31.68,68418
2010-01-08 15:30:00,31.67,31.7,31.67,31.69,63715
2010-01-08 15:45:00,31.68,31.7601,31.68,31.72,101062
2010-01-08 16:00:00,31.7175,31.77,31.66,31.76,263661
2010-01-11 09:45:00,31.9,32.0,31.62,31.74,64180
2010-01-11 10:00:00,31.7144,31.73,31.57,31.57,26223
2010-01-11 10:15:00,31.5703,31.63,31.51,31.51,28303
2010-01-11 10:30:00,31.5,31.59,31.5,31.58,24874
2010-01-11 10:45:00,31.58,31.5902,31.51,31.56,25737
2010-01-11 11:00:00,31.56,31.61,31.56,31.605,34170
2010-01-11 11:15:00,31.6,31.68,31.56,31.56,81122
2010-01-11 11:30:00,31.56,31.63,31.56,31.61,31456
2010-01-11 11:45:00,31.6,31.67,31.6,31.63,27665
2010-01-11 12:00:00,31.63,31.68,31.62,31.66,31737
2010-01-11 12:15:00,31.65,31.705,31.65,31.6899,13158
2010-01-11 12:30:00,31.68,31.71,31.65,31.68,35221
2010-01-11 12:45:00,31.68,31.7,31.63,31.63,17769
2010-01-11 13:00:00,31.63,31.63,31.57,31.6,23980
2010-01-11 13:15:00,31.6,31.63,31.59,31.63,14980
2010-01-11 13:30:00,31.63,31.72,31.6225,31.63,51677
2010-01-11 13:45:00,31.6301,31.65,31.59,31.59,16601
2010-01-11 14:00:00,31.6,31.67,31.59,31.65,20466
2010-01-11 14:15:00,31.65,31.6999,31.64,31.69,18686
2010-01-11 14:30:00,31.7,31.72,31.69,31.69,33052
2010-01-11 14:45:00,31.69,31.73,31.69,31.73,32669
2010-01-11 15:00:00,31.73,31.77,31.7,31.76,22166
2010-01-11 15:15:00,31.77,31.83,31.76,31.8,29556
2010-01-11 15:30:00,31.8073,31.85,31.77,31.81,68036
2010-01-11 15:45:00,31.81,31.82,31.76,31.76,66409
2010-01-11 16:00:00,31.76,31.78,31.71,31.76,146061
2010-01-12 09:45:00,31.65,31.69,31.21,31.21,224653
2010-01-12 10:00:00,31.2,31.33,31.14,31.27,108563
2010-01-12 10:15:00,31.27,31.35,31.15,31.17,78288
2010-01-12 10:30:00,31.16,31.19,31.04,31.12,102180
2010-01-12 10:45:00,31.1201,31.23,31.12,31.185,62387
2010-01-12 11:00:00,31.185,31.21,31.14,31.17,60875
2010-01-12 11:15:00,31.16,31.2,31.14,31.18,166478
2010-01-12 11:30:00,31.185,31.24,31.185,31.21,66100
2010-01-12 11:45:00,31.21,31.26,31.13,31.145,52653
2010-01-12 12:00:00,31.1425,31.22,31.13,31.215,167590
2010-01-12 12:15:00,31.215,31.215,31.2,31.205,21813
2010-01-12 12:30:00,31.21,31.21,31.16,31.18,80765
2010-01-12 12:45:00,31.18,31.21,31.15,31.195,82768
2010-01-12 13:00:00,31.199,31.22,31.16,31.2,108521
2010-01-12 13:15:00,31.2,31.2,31.12,31.12,29215
2010-01-12 13:30:00,31.12,31.18,31.09,31.1725,163031
2010-01-12 13:45:00,31.18,31.29,31.14,31.14,293675
2010-01-12 14:00:00,31.14,31.22,31.1,31.201,116401
2010-01-12 14:15:00,31.2,31.22,31.19,31.2,49420
2010-01-12 14:30:00,31.195,31.22,31.19,31.1922,49592
2010-01-12 14:45:00,31.2,31.2,31.16,31.19,68086
2010-01-12 15:00:00,31.2,31.25,31.19,31.225,111401
2010-01-12 15:15:00,31.22,31.24,31.18,31.195,72235
2010-01-12 15:30:00,31.19,31.21,31.19,31.2,84929
2010-01-12 15:45:00,31.2,31.23,31.19,31.21,319120
2010-01-12 16:00:00,31.21,31.25,31.2,31.25,250656
2010-01-13 09:45:00,31.22,31.6494,31.2,31.56,84773
2010-01-13 10:00:00,31.56,31.61,31.5,31.53,25700
2010-01-13 10:15:00,31.54,31.67,31.49,31.51,43826
2010-01-13 10:30:00,31.51,31.59,31.46,31.5899,33510
2010-01-13 10:45:00,31.58,31.64,31.5,31.56,92860
2010-01-13 11:00:00,31.56,31.61,31.54,31.6,23163
2010-01-13 11:15:00,31.6,31.6,31.57,31.59,21821
2010-01-13 11:30:00,31.6,31.72,31.56,31.67,37945
2010-01-13 11:45:00,31.67,31.68,31.59,31.59,21523
2010-01-13 12:00:00,31.6,31.64,31.59,31.6,32244
2010-01-13 12:15:00,31.6,31.65,31.6,31.61,33996
2010-01-13 12:30:00,31.6195,31.71,31.61,31.6999,26196
2010-01-13 12:45:00,31.69,31.74,31.69,31.72,26723
2010-01-13 13:00:00,31.72,31.76,31.68,31.68,26107
2010-01-13 13:15:00,31.6722,31.73,31.65,31.691,31468
2010-01-13 13:30:00,31.7,31.75,31.69,31.73,46675
2010-01-13 13:45:00,31.74,31.76,31.725,31.73,35288
2010-01-13 14:00:00,31.73,31.75,31.66,31.69,75769
2010-01-13 14:15:00,31.7,31.74,31.67,31.67,42186
2010-01-13 14:30:00,31.66,31.7201,31.66,31.7201,28706
2010-01-13 14:45:00,31.73,31.74,31.72,31.73,20160
2010-01-13 15:00:00,31.73,31.74,31.71,31.71,30870
2010-01-13 15:15:00,31.72,31.72,31.65,31.65,88036
2010-01-13 15:30:00,31.65,31.69,31.62,31.68,105799
2010-01-13 15:45:00,31.67,31.74,31.66,31.72,87456
2010-01-13 16:00:00,31.72,31.72,31.66,31.67,101665
2010-01-14 09:45:00,31.61,31.64,31.51,31.62,52078
2010-01-14 10:00:00,31.61,31.8,31.6,31.77,49086
2010-01-14 10:15:00,31.76,31.77,31.69,31.7,47356
2010-01-14 10:30:00,31.7001,31.7001,31.64,31.64,29093
2010-01-14 10:45:00,31.6422,31.695,31.64,31.65,26863
2010-01-14 11:00:00,31.63,31.675,31.59,31.64,25000
2010-01-14 11:15:00,31.642,31.69,31.59,31.69,30783
2010-01-14 11:30:00,31.69,31.69,31.63,31.66,71555
2010-01-14 11:45:00,31.66,31.81,31.66,31.81,39553
2010-01-14 12:00:00,31.8,31.8,31.71,31.72,17727
2010-01-14 12:15:00,31.72,31.75,31.715,31.75,24443
2010-01-14 12:30:00,31.75,31.759,31.72,31.7481,14555
2010-01-14 12:45:00,31.75,31.81,31.745,31.79,23646
2010-01-14 13:00:00,31.8,31.81,31.78,31.81,37988
2010-01-14 13:15:00,31.805,31.84,31.79,31.84,50507
2010-01-14 13:30:00,31.85,31.85,31.83,31.85,25127
2010-01-14 13:45:00,31.84,31.88,31.84,31.88,29041
2010-01-14 14:00:00,31.88,31.91,31.87,31.87,34011
2010-01-14 14:15:00,31.875,31.88,31.87,31.88,27300
2010-01-14 14:30:00,31.88,31.91,31.87,31.9027,42119
2010-01-14 14:45:00,31.91,31.95,31.9,31.94,57634
2010-01-14 15:00:00,31.94,31.965,31.93,31.96,56146
2010-01-14 15:15:00,31.96,32.0,31.95,32.0,64945
2010-01-14 15:30:00,31.995,32.07,31.995,32.07,78756
2010-01-14 15:45:00,32.06,32.07,31.969,31.97,88975
2010-01-14 16:00:00,31.97,32.01,31.95,32.01,115353
2010-01-15 09:45:00,31.99,32.24,31.9,32.15,179791
2010-01-15 10:00:00,32.16,32.16,31.88,31.92,77744
2010-01-15 10:15:00,31.91,31.94,31.7,31.72,101418
2010-01-15 10:30:00,31.71,31.82,31.7,31.79,135111
2010-01-15 10:45:00,31.79,31.92,31.77,31.92,114932
2010-01-15 11:00:00,31.91,31.99,31.85,31.98,31965
2010-01-15 11:15:00,31.98,32.0,31.97,31.985,60880
2010-01-15 11:30:00,32.005,32.035,31.92,31.92,54897
2010-01-15 11:45:00,31.92,31.98,31.91,31.961,39879
2010-01-15 12:00:00,31.969,32.01,31.92,31.9595,43044
2010-01-15 12:15:00,31.96,32.0,31.955,31.975,33915
2010-01-15 12:30:00,31.97,32.0,31.93,31.965,98209
2010-01-15 12:45:00,31.9663,31.980999999999998,31.93,31.9401,62162
2010-01-15 13:00:00,31.94,31.98,31.94,31.9599,29081
2010-01-15 13:15:00,31.95,31.96,31.935,31.945,16634
2010-01-15 13:30:00,31.945,31.96,31.92,31.93,47085
2010-01-15 13:45:00,31.93,31.95,31.91,31.92,49200
2010-01-15 14:00:00,31.93,31.96,31.9,31.93,33676
2010-01-15 14:15:00,31.93,32.0,31.9219,31.99,37286
2010-01-15 14:30:00,31.99,32.01,31.99,32.0,36192
2010-01-15 14:45:00,32.0,32.08,32.0,32.0725,94945
2010-01-15 15:00:00,32.06,32.1,32.05,32.07,82837
2010-01-15 15:15:00,32.07,32.08,32.04,32.06,68754
2010-01-15 15:30:00,32.07,32.16,32.06,32.15,110427
2010-01-15 15:45:00,32.15,32.19,32.1,32.12,87050
2010-01-15 16:00:00,32.1127,32.19,32.11,32.15,185115
2010-01-19 09:45:00,32.18,32.23,31.98,32.08,63167
2010-01-19 10:00:00,32.12,32.15,32.0,32.09,38083
2010-01-19 10:15:00,32.08,32.29,32.08,32.29,74744
2010-01-19 10:30:00,32.2946,32.35,32.23,32.23,32983
2010-01-19 10:45:00,32.24,32.3878,32.24,32.38,39544
2010-01-19 11:00:00,32.4,32.43,32.38,32.39,45881
2010-01-19 11:15:00,32.42,32.43,32.3934,32.42,20360
2010-01-19 11:30:00,32.43,32.43,32.32,32.32,17422
2010-01-19 11:45:00,32.32,32.33,32.3,32.31,18364
2010-01-19 12:00:00,32.31,32.32,32.24,32.24,24596
2010-01-19 12:15:00,32.24,32.31,32.24,32.31,23502
2010-01-19 12:30:00,32.305,32.32,32.3,32.31,11728
2010-01-19 12:45:00,32.31,32.32,32.3,32.3,13218
2010-01-19 13:00:00,32.3,32.31,32.3,32.3,9513
2010-01-19 13:15:00,32.3,32.3,32.23,32.24,19616
2010-01-19 13:30:00,32.245,32.26,32.24,32.255,16004
2010-01-19 13:45:00,32.26,32.27,32.25,32.255,22777
2010-01-19 14:00:00,32.25,32.28,32.24,32.2601,23800
2010-01-19 14:15:00,32.27,32.27,32.24,32.24,30830
2010-01-19 14:30:00,32.24,32.29,32.24,32.2888,21365
2010-01-19 14:45:00,32.28,32.29,32.26,32.27,20025
2010-01-19 15:00:00,32.2799,32.29,32.27,32.28,34165
2010-01-19 15:15:00,32.28,32.28,32.23,32.2673,39298
2010-01-19 15:30:00,32.265,32.32,32.24,32.28,40856
2010-01-19 15:45:00,32.27,32.35,32.25,32.35,90064
2010-01-19 16:00:00,32.35,32.35,32.3,32.3,107818
2010-01-20 09:45:00,32.08,32.13,31.8,31.81,86973
2010-01-20 10:00:00,31.81,32.03,31.8,31.99,52415
2010-01-20 10:15:00,31.98,32.1,31.9703,32.0,125531
2010-01-20 10:30:00,31.995,32.03,31.98,32.0,50609
2010-01-20 10:45:00,32.0,32.03,31.99,32.0,46513
2010-01-20 11:00:00,32.0,32.02,31.97,31.97,51936
2010-01-20 11:15:00,31.97,31.97,31.82,31.89,35669
2010-01-20 11:30:00,31.89,31.93,31.83,31.92,53960
2010-01-20 11:45:00,31.92,31.96,31.9,31.955,44078
2010-01-20 12:00:00,31.95,32.005,31.945,31.965,59654
2010-01-20 12:15:00,31.97,32.02,31.96,32.01,47038
2010-01-20 12:30:00,32.0,32.02,31.985,32.0,25176
2010-01-20 12:45:00,32.0,32.02,31.991999999999997,32.0,41985
2010-01-20 13:00:00,32.01,32.02,32.0,32.0,41170
2010-01-20 13:15:00,32.01,32.01,31.99,32.0085,49965
2010-01-20 13:30:00,32.0025,32.05,32.0,32.0,32493
2010-01-20 13:45:00,32.0,32.02,32.0,32.005,29190
2010-01-20 14:00:00,32.0,32.08,32.0,32.05,45360
2010-01-20 14:15:00,32.05,32.07,32.05,32.06,33300
2010-01-20 14:30:00,32.065,32.08,32.04,32.06,40954
2010-01-20 14:45:00,32.055,32.12,32.05,32.12,22343
2010-01-20 15:00:00,32.12,32.22,32.11,32.21,64892
2010-01-20 15:15:00,32.21,32.26,32.21,32.25,51686
2010-01-20 15:30:00,32.26,32.31,32.25,32.31,100559
2010-01-20 15:45:00,32.3,32.31,32.24,32.26,86020
2010-01-20 16:00:00,32.25,32.31,32.25,32.27,134988
2010-01-21 09:45:00,32.15,32.4,32.15,32.27,53984
2010-01-21 10:00:00,32.27,32.43,32.25,32.4,29064
2010-01-21 10:15:00,32.41,32.54,32.39,32.4925,32629
2010-01-21 10:30:00,32.495,32.52,32.23,32.23,86935
2010-01-21 10:45:00,32.22,32.27,32.14,32.205,87482
2010-01-21 11:00:00,32.21,32.23,32.2,32.22,72626
2010-01-21 11:15:00,32.21,32.26,32.21,32.23,125529
2010-01-21 11:30:00,32.232,32.26,32.18,32.2,178760
2010-01-21 11:45:00,32.21,32.24,32.0,32.01,85955
2010-01-21 12:00:00,32.01,32.25,32.003,32.17,128477
2010-01-21 12:15:00,32.18,32.28,32.17,32.225,35837
2010-01-21 12:30:00,32.23,32.25,32.11,32.165,69577
2010-01-21 12:45:00,32.165,32.2,32.15,32.18,45780
2010-01-21 13:00:00,32.17,32.21,32.16,32.17,62681
2010-01-21 13:15:00,32.17,32.2,32.12,32.18,84064
2010-01-21 13:30:00,32.1816,32.2,32.14,32.19,53557
2010-01-21 13:45:00,32.19,32.23,32.17,32.18,62984
2010-01-21 14:00:00,32.17,32.19,32.15,32.18,34925
2010-01-21 14:15:00,32.18,32.189,32.12,32.14,32742
2010-01-21 14:30:00,32.14,32.22,32.13,32.2198,38788
2010-01-21 14:45:00,32.22,32.25,32.18,32.19,40313
2010-01-21 15:00:00,32.19,32.21,32.15,32.15,28993
2010-01-21 15:15:00,32.16,32.16,32.09,32.13,86108
2010-01-21 15:30:00,32.14,32.16,32.09,32.14,33132
2010-01-21 15:45:00,32.14,32.19,32.1,32.1,50448
2010-01-21 16:00:00,32.1,32.18,32.08,32.1,175662
2010-01-22 09:45:00,32.0,32.27,31.88,31.95,64982
2010-01-22 10:00:00,31.95,32.03,31.8685,31.89,32595
2010-01-22 10:15:00,31.89,31.89,31.63,31.63,65030
2010-01-22 10:30:00,31.62,31.64,31.52,31.63,91210
2010-01-22 10:45:00,31.631,31.81,31.62,31.74,55078
2010-01-22 11:00:00,31.73,31.78,31.59,31.78,115100
2010-01-22 11:15:00,31.78,31.91,31.78,31.89,45357
2010-01-22 11:30:00,31.8926,31.95,31.86,31.95,44495
2010-01-22 11:45:00,31.94,31.95,31.83,31.88,34473
2010-01-22 12:00:00,31.87,31.8885,31.8,31.8125,34422
2010-01-22 12:15:00,31.82,31.82,31.72,31.74,31771
2010-01-22 12:30:00,31.73,31.83,31.73,31.82,24057
2010-01-22 12:45:00,31.81,31.82,31.74,31.78,30816
2010-01-22 13:00:00,31.78,31.78,31.72,31.76,32534
2010-01-22 13:15:00,31.76,31.77,31.684,31.6902,28344
2010-01-22 13:30:00,31.6901,31.719,31.65,31.66,34025
2010-01-22 13:45:00,31.66,31.69,31.54,31.54,43990
2010-01-22 14:00:00,31.54,31.58,31.5,31.58,31146
2010-01-22 14:15:00,31.57,31.64,31.56,31.63,90626
2010-01-22 14:30:00,31.62,31.623,31.56,31.58,44222
2010-01-22 14:45:00,31.57,31.61,31.45,31.5,41148
2010-01-22 15:00:00,31.5,31.51,31.39,31.4,55129
2010-01-22 15:15:00,31.39,31.5,31.38,31.41,55945
2010-01-22 15:30:00,31.4,31.42,31.3,31.39,69151
2010-01-22 15:45:00,31.4,31.41,31.28,31.32,160820
2010-01-22 16:00:00,31.3105,31.36,31.23,31.27,195434
2010-01-25 09:45:00,31.45,31.57,31.41,31.53,42333
2010-01-25 10:00:00,31.5,31.62,31.47,31.6,35608
2010-01-25 10:15:00,31.6,31.6,31.399,31.4,57949
2010-01-25 10:30:00,31.4,31.505,31.37,31.38,61952
2010-01-25 10:45:00,31.39,31.39,31.255,31.27,53084
2010-01-25 11:00:00,31.27,31.41,31.25,31.37,30984
2010-01-25 11:15:00,31.37,31.41,31.21,31.23,77595
2010-01-25 11:30:00,31.23,31.38,31.225,31.35,26573
2010-01-25 11:45:00,31.35,31.41,31.32,31.37,35360
2010-01-25 12:00:00,31.37,31.47,31.35,31.44,25731
2010-01-25 12:15:00,31.44,31.47,31.41,31.43,20474
2010-01-25 12:30:00,31.43,31.4475,31.4,31.4,18136
2010-01-25 12:45:00,31.4,31.43,31.38,31.39,17638
2010-01-25 13:00:00,31.3995,31.46,31.39,31.45,26539
2010-01-25 13:15:00,31.45,31.48,31.44,31.47,25443
2010-01-25 13:30:00,31.47,31.51,31.47,31.495,29083
2010-01-25 13:45:00,31.5,31.5,31.4,31.44,51592
2010-01-25 14:00:00,31.44,31.44,31.39,31.4099,44697
2010-01-25 14:15:00,31.41,31.43,31.38,31.43,33012
2010-01-25 14:30:00,31.43,31.44,31.41,31.41,29303
2010-01-25 14:45:00,31.42,31.42,31.38,31.41,37476
2010-01-25 15:00:00,31.41,31.46,31.41,31.46,33218
2010-01-25 15:15:00,31.47,31.47,31.43,31.44,29208
2010-01-25 15:30:00,31.445,31.48,31.44,31.465,31908
2010-01-25 15:45:00,31.465,31.5,31.44,31.45,54498
2010-01-25 16:00:00,31.445,31.45,31.38,31.38,124446
2010-01-26 09:45:00,31.3,31.59,31.26,31.39,40988
2010-01-26 10:00:00,31.38,31.4,31.26,31.27,23873
2010-01-26 10:15:00,31.29,31.52,31.26,31.48,51147
2010-01-26 10:30:00,31.47,31.48,31.32,31.32,30420
2010-01-26 10:45:00,31.32,31.384,31.3,31.384,18472
2010-01-26 11:00:00,31.386,31.43,31.31,31.3482,30763
2010-01-26 11:15:00,31.335,31.45,31.335,31.375999999999998,23800
2010-01-26 11:30:00,31.3701,31.42,31.34,31.42,19133
2010-01-26 11:45:00,31.43,31.53,31.41,31.51,43548
2010-01-26 12:00:00,31.506999999999998,31.51,31.44,31.45,28943
2010-01-26 12:15:00,31.45,31.54,31.43,31.52,40979
2010-01-26 12:30:00,31.51,31.53,31.46,31.51,27496
2010-01-26 12:45:00,31.5,31.54,31.4681,31.51,34842
2010-01-26 13:00:00,31.51,31.569000000000003,31.5,31.55,41800
2010-01-26 13:15:00,31.55,31.57,31.51,31.53,45394
2010-01-26 13:30:00,31.53,31.53,31.46,31.46,35120
2010-01-26 13:45:00,31.47,31.55,31.4601,31.53,22503
2010-01-26 14:00:00,31.53,31.55,31.5,31.5175,22150
2010-01-26 14:15:00,31.515,31.52,31.44,31.49,35009
2010-01-26 14:30:00,31.5085,31.5085,31.44,31.45,26786
2010-01-26 14:45:00,31.45,31.49,31.41,31.46,32885
2010-01-26 15:00:00,31.47,31.5,31.46,31.47,36681
2010-01-26 15:15:00,31.47,31.48,31.4,31.41,53100
2010-01-26 15:30:00,31.429000000000002,31.45,31.35,31.38,43796
2010-01-26 15:45:00,31.39,31.44,31.29,31.29,69919
2010-01-26 16:00:00,31.28,31.38,31.25,31.25,129331
2010-01-27 09:45:00,31.21,31.38,31.1,31.16,41048
2010-01-27 10:00:00,31.19,31.27,31.165,31.21,29236
2010-01-27 10:15:00,31.19,31.19,31.1,31.115,48151
2010-01-27 10:30:00,31.13,31.14,31.01,31.11,42212
2010-01-27 10:45:00,31.12,31.17,31.07,31.11,47684
2010-01-27 11:00:00,31.11,31.19,31.04,31.16,37876
2010-01-27 11:15:00,31.16,31.24,31.15,31.19,32855
2010-01-27 11:30:00,31.21,31.29,31.165,31.26,35108
2010-01-27 11:45:00,31.26,31.28,31.21,31.261,28186
2010-01-27 12:00:00,31.28,31.3,31.23,31.26,26263
2010-01-27 12:15:00,31.26,31.3,31.255,31.27,22437
2010-01-27 12:30:00,31.27,31.27,31.23,31.235,25178
2010-01-27 12:45:00,31.235,31.235,31.2,31.21,12732
2010-01-27 13:00:00,31.2105,31.23,31.17,31.218000000000004,33553
2010-01-27 13:15:00,31.22,31.28,31.2,31.26,21789
2010-01-27 13:30:00,31.26,31.27,31.225,31.26,33308
2010-01-27 13:45:00,31.26,31.29,31.25,31.25,17600
2010-01-27 14:00:00,31.26,31.29,31.26,31.27,14575
2010-01-27 14:15:00,31.2783,31.28,31.24,31.24,17778
2010-01-27 14:30:00,31.25,31.33,31.15,31.24,53950
2010-01-27 14:45:00,31.23,31.45,31.19,31.4,44932
2010-01-27 15:00:00,31.4,31.4,31.3,31.34,52030
2010-01-27 15:15:00,31.35,31.36,31.22,31.27,43725
2010-01-27 15:30:00,31.28,31.37,31.22,31.325,46614
2010-01-27 15:45:00,31.33,31.51,31.32,31.5,79070
2010-01-27 16:00:00,31.5,31.53,31.49,31.51,120942
2010-01-28 09:45:00,31.56,31.6,31.4,31.59,22328
2010-01-28 10:00:00,31.58,31.71,31.56,31.71,47244
2010-01-28 10:15:00,31.68,31.68,31.45,31.47,44010
2010-01-28 10:30:00,31.46,31.58,31.46,31.56,21887
2010-01-28 10:45:00,31.56,31.6,31.55,31.59,14980
2010-01-28 11:00:00,31.58,31.61,31.48,31.53,28489
2010-01-28 11:15:00,31.538,31.54,31.41,31.52,17841
2010-01-28 11:30:00,31.51,31.51,31.41,31.46,14842
2010-01-28 11:45:00,31.45,31.45,31.24,31.25,31815
2010-01-28 12:00:00,31.24,31.39,31.22,31.3699,25901
2010-01-28 12:15:00,31.36,31.36,31.29,31.32,12857
2010-01-28 12:30:00,31.33,31.34,31.29,31.32,20714
2010-01-28 12:45:00,31.32,31.44,31.32,31.35,63395
2010-01-28 13:00:00,31.345,31.43,31.345,31.41,9937
2010-01-28 13:15:00,31.42,31.43,31.4,31.42,12706
2010-01-28 13:30:00,31.41,31.45,31.41,31.445,20016
2010-01-28 13:45:00,31.44,31.59,31.44,31.59,25012
2010-01-28 14:00:00,31.57,31.6,31.54,31.59,46649
2010-01-28 14:15:00,31.59,31.6,31.5,31.51,39765
2010-01-28 14:30:00,31.51,31.53,31.46,31.51,15397
2010-01-28 14:45:00,31.51,31.56,31.48,31.56,17449
2010-01-28 15:00:00,31.55,31.62,31.54,31.61,37967
2010-01-28 15:15:00,31.6,31.66,31.555,31.56,71219
2010-01-28 15:30:00,31.56,31.68,31.55,31.64,45156
2010-01-28 15:45:00,31.64,31.73,31.6,31.63,100207
2010-01-28 16:00:00,31.64,31.64,31.53,31.54,138786
2010-01-29 09:45:00,31.62,31.62,31.16,31.46,93210
2010-01-29 10:00:00,31.45,31.45,31.1325,31.25,125758
2010-01-29 10:15:00,31.26,31.49,31.206,31.39,92275
2010-01-29 10:30:00,31.4,31.54,31.4,31.5,45821
2010-01-29 10:45:00,31.4975,31.5,31.28,31.3,49422
2010-01-29 11:00:00,31.3,31.311999999999998,31.18,31.23,56495
2010-01-29 11:15:00,31.22,31.23,31.03,31.04,123761
2010-01-29 11:30:00,31.05,31.07,30.92,31.0,135098
2010-01-29 11:45:00,30.9975,31.2,30.94,30.99,77534
2010-01-29 12:00:00,31.0,31.0,30.83,30.83,82423
2010-01-29 12:15:00,30.83,30.92,30.75,30.8,138057
2010-01-29 12:30:00,30.794,30.88,30.79,30.84,43647
2010-01-29 12:45:00,30.85,30.86,30.79,30.81,52228
2010-01-29 13:00:00,30.818,30.94,30.76,30.94,64357
2010-01-29 13:15:00,30.94,31.0,30.91,30.91,122893
2010-01-29 13:30:00,30.9,30.98,30.87,30.97,43074
2010-01-29 13:45:00,30.97,30.97,30.83,30.84,38791
2010-01-29 14:00:00,30.83,30.84,30.74,30.78,52691
2010-01-29 14:15:00,30.79,30.86,30.75,30.85,46060
2010-01-29 14:30:00,30.86,30.9,30.85,30.87,87506
2010-01-29 14:45:00,30.87,30.88,30.77,30.7901,47069
2010-01-29 15:00:00,30.8,30.8,30.67,30.71,80343
2010-01-29 15:15:00,30.71,30.72,30.56,30.56,93256
2010-01-29 15:30:00,30.5717,30.64,30.56,30.6,142813
2010-01-29 15:45:00,30.6,30.67,30.59,30.63,170868
2010-01-29 16:00:00,30.63,30.67,30.53,30.53,258278
2010-02-01 09:45:00,30.72,30.74,30.55,30.74,52056
2010-02-01 10:00:00,30.7401,31.0,30.7401,30.97,59702
2010-02-01 10:15:00,30.97,31.0,30.94,31.0,124198
2010-02-01 10:30:00,31.0,31.125,30.98,31.0,199067
2010-02-01 10:45:00,31.0,31.05,30.99,31.01,51186
2010-02-01 11:00:00,31.01,31.09,30.99,31.0,45243
2010-02-01 11:15:00,31.0,31.07,31.0,31.03,47977
2010-02-01 11:30:00,31.03,31.14,31.03,31.13,34905
2010-02-01 11:45:00,31.125,31.125,31.04,31.055,15522
2010-02-01 12:00:00,31.06,31.08,31.04,31.07,37817
2010-02-01 12:15:00,31.0771,31.08,31.06,31.07,30375
2010-02-01 12:30:00,31.07,31.12,31.06,31.115,23405
2010-02-01 12:45:00,31.11,31.17,31.11,31.16,65156
2010-02-01 13:00:00,31.17,31.21,31.13,31.2,73856
2010-02-01 13:15:00,31.2,31.24,31.2,31.24,36898
2010-02-01 13:30:00,31.24,31.305,31.23,31.26,38408
2010-02-01 13:45:00,31.25,31.26,31.24,31.245,37176
2010-02-01 14:00:00,31.24,31.335,31.24,31.31,94474
2010-02-01 14:15:00,31.3,31.33,31.3,31.3,78019
2010-02-01 14:30:00,31.3,31.335,31.3,31.33,66906
2010-02-01 14:45:00,31.33,31.34,31.31,31.32,83696
2010-02-01 15:00:00,31.32,31.34,31.29,31.33,78417
2010-02-01 15:15:00,31.325,31.36,31.315,31.34,103614
2010-02-01 15:30:00,31.34,31.38,31.27,31.27,174301
2010-02-01 15:45:00,31.26,31.32,31.21,31.22,238493
2010-02-01 16:00:00,31.215,31.24,31.17,31.17,393236
2010-02-02 09:45:00,31.27,31.48,31.19,31.23,108123
2010-02-02 10:00:00,31.23,31.27,31.08,31.17,56619
2010-02-02 10:15:00,31.17,31.23,31.07,31.23,74952
2010-02-02 10:30:00,31.23,31.43,31.22,31.43,43924
2010-02-02 10:45:00,31.43,31.48,31.35,31.39,35424
2010-02-02 11:00:00,31.39,31.51,31.32,31.5,44723
2010-02-02 11:15:00,31.5,31.55,31.4395,31.55,58026
2010-02-02 11:30:00,31.55,31.67,31.55,31.66,60623
2010-02-02 11:45:00,31.66,31.79,31.65,31.76,146953
2010-02-02 12:00:00,31.76,31.775,31.75,31.77,49056
2010-02-02 12:15:00,31.77,31.81,31.75,31.775,101830
2010-02-02 12:30:00,31.77,31.91,31.77,31.91,123548
2010-02-02 12:45:00,31.9,31.91,31.85,31.85,82820
2010-02-02 13:00:00,31.85,31.88,31.84,31.87,74393
2010-02-02 13:15:00,31.88,31.895,31.84,31.85,34189
2010-02-02 13:30:00,31.86,31.9,31.845,31.87,68534
2010-02-02 13:45:00,31.865,31.89,31.835,31.855,127109
2010-02-02 14:00:00,31.8505,31.88,31.8405,31.87,74500
2010-02-02 14:15:00,31.87,31.89,31.86,31.86,141897
2010-02-02 14:30:00,31.87,31.96,31.84,31.93,123109
2010-02-02 14:45:00,31.92,31.93,31.89,31.898000000000003,112635
2010-02-02 15:00:00,31.89,31.94,31.86,31.93,121081
2010-02-02 15:15:00,31.935,31.94,31.9,31.915,77309
2010-02-02 15:30:00,31.91,31.98,31.9,31.96,132969
2010-02-02 15:45:00,31.96,31.97,31.92,31.97,154178
2010-02-02 16:00:00,31.96,32.005,31.93,31.94,343953
2010-02-03 09:45:00,31.85,31.92,31.69,31.84,42493
2010-02-03 10:00:00,31.84,32.16,31.84,32.1,51100
2010-02-03 10:15:00,32.1,32.18,32.05,32.16,71347
2010-02-03 10:30:00,32.16,32.16,32.01,32.03,97205
2010-02-03 10:45:00,32.02,32.06,31.97,31.97,131398
2010-02-03 11:00:00,31.97,32.05,31.94,31.95,69224
2010-02-03 11:15:00,31.94,32.1,31.94,32.1,78670
2010-02-03 11:30:00,32.1,32.16,32.08,32.13,46270
2010-02-03 11:45:00,32.14,32.19,32.03,32.086999999999996,31411
2010-02-03 12:00:00,32.08,32.1,32.05,32.09,33845
2010-02-03 12:15:00,32.08,32.13,32.06,32.1,31988
2010-02-03 12:30:00,32.1,32.11,32.05,32.065,26711
2010-02-03 12:45:00,32.07,32.12,32.06,32.08,23711
2010-02-03 13:00:00,32.07,32.115,32.06,32.1,20264
2010-02-03 13:15:00,32.1,32.23,32.09,32.19,73603
2010-02-03 13:30:00,32.19,32.22,32.15,32.17,23433
2010-02-03 13:45:00,32.17,32.19,32.11,32.13,57911
2010-02-03 14:00:00,32.14,32.17,32.1,32.13,24777
2010-02-03 14:15:00,32.13,32.13,32.09,32.11,40225
2010-02-03 14:30:00,32.1,32.13,32.09,32.1,31285
2010-02-03 14:45:00,32.1,32.12,32.08,32.08,30999
2010-02-03 15:00:00,32.085,32.15,32.08,32.11,69226
2010-02-03 15:15:00,32.11,32.18,32.1,32.14,53822
2010-02-03 15:30:00,32.13,32.16,32.11,32.14,51037
2010-02-03 15:45:00,32.15,32.17,32.135,32.15,150869
2010-02-03 16:00:00,32.15,32.17,32.07,32.07,237939
2010-02-04 09:45:00,31.84,32.03,31.84,31.93,139013
2010-02-04 10:00:00,31.9,31.9,31.69,31.7,82735
2010-02-04 10:15:00,31.71,31.86,31.7,31.75,67429
2010-02-04 10:30:00,31.75,31.79,31.6,31.65,215333
2010-02-04 10:45:00,31.65,31.72,31.5,31.54,136405
2010-02-04 11:00:00,31.55,31.63,31.5,31.53,72360
2010-02-04 11:15:00,31.52,31.58,31.51,31.56,27597
2010-02-04 11:30:00,31.55,31.57,31.5,31.56,30554
2010-02-04 11:45:00,31.57,31.59,31.5,31.55,58484
2010-02-04 12:00:00,31.55,31.56,31.47,31.49,73611
2010-02-04 12:15:00,31.49,31.56,31.46,31.5,48293
2010-02-04 12:30:00,31.5,31.55,31.39,31.405,40083
2010-02-04 12:45:00,31.404,31.49,31.39,31.44,41055
2010-02-04 13:00:00,31.44,31.46,31.36,31.46,43264
2010-02-04 13:15:00,31.47,31.55,31.47,31.51,19301
2010-02-04 13:30:00,31.51,31.53,31.48,31.5,21850
2010-02-04 13:45:00,31.5,31.535,31.46,31.46,32003
2010-02-04 14:00:00,31.46,31.4901,31.39,31.4,113463
2010-02-04 14:15:00,31.41,31.46,31.39,31.41,47106
2010-02-04 14:30:00,31.41,31.5,31.39,31.433000000000003,58984
2010-02-04 14:45:00,31.43,31.48,31.4,31.43,38846
2010-02-04 15:00:00,31.43,31.48,31.4,31.41,51699
2010-02-04 15:15:00,31.41,31.42,31.33,31.36,53987
2010-02-04 15:30:00,31.35,31.37,31.224,31.28,112062
2010-02-04 15:45:00,31.28,31.32,31.23,31.28,125289
2010-02-04 16:00:00,31.29,31.34,31.235,31.25,229700
2010-02-05 09:45:00,31.2,31.35,30.88,31.0,90891
2010-02-05 10:00:00,30.98,31.015,30.7,30.73,115096
2010-02-05 10:15:00,30.73,30.79,30.55,30.5725,98888
2010-02-05 10:30:00,30.58,30.89,30.58,30.86,90505
2010-02-05 10:45:00,30.87,30.92,30.79,30.9,66622
2010-02-05 11:00:00,30.91,30.94,30.79,30.8,49052
2010-02-05 11:15:00,30.8,30.88,30.79,30.83,59517
2010-02-05 11:30:00,30.83,30.9,30.73,30.73,46870
2010-02-05 11:45:00,30.72,30.78,30.65,30.68,47202
2010-02-05 12:00:00,30.68,30.77,30.65,30.7,60631
2010-02-05 12:15:00,30.71,30.78,30.71,30.74,56288
2010-02-05 12:30:00,30.74,30.89,30.71,30.87,54097
2010-02-05 12:45:00,30.87,30.87,30.7,30.72,88357
2010-02-05 13:00:00,30.72,30.75,30.63,30.7,48522
2010-02-05 13:15:00,30.7,30.71,30.6,30.67,49281
2010-02-05 13:30:00,30.67,30.67,30.52,30.59,47158
2010-02-05 13:45:00,30.58,30.59,30.36,30.375,99907
2010-02-05 14:00:00,30.37,30.3981,30.2,30.26,124994
2010-02-05 14:15:00,30.27,30.45,30.27,30.45,73790
2010-02-05 14:30:00,30.46,30.58,30.4599,30.52,86160
2010-02-05 14:45:00,30.53,30.54,30.46,30.49,72266
2010-02-05 15:00:00,30.49,30.5199,30.41,30.46,75691
2010-02-05 15:15:00,30.46,30.85,30.45,30.82,182663
2010-02-05 15:30:00,30.81,30.84,30.68,30.77,154168
2010-02-05 15:45:00,30.78,30.87,30.74,30.77,246154
2010-02-05 16:00:00,30.77,30.85,30.7,30.75,551127
2010-02-08 09:45:00,33.78,34.42,33.53,34.19,1458327
2010-02-08 10:00:00,34.18,34.81,34.11,34.47,1255615
2010-02-08 10:15:00,34.48,34.6,34.26,34.35,1128562
2010-02-08 10:30:00,34.35,34.44,34.13,34.24,472818
2010-02-08 10:45:00,34.24,34.69,34.21,34.56,480595
2010-02-08 11:00:00,34.5699,34.99,34.56,34.94,795311
2010-02-08 11:15:00,34.96,35.19,34.86,35.11,705507
2010-02-08 11:30:00,35.12,35.12,34.92,34.94,214599
2010-02-08 11:45:00,34.93,35.04,34.8,35.02,306458
2010-02-08 12:00:00,35.03,35.15,34.93,34.9406,390125
2010-02-08 12:15:00,34.94,35.01,34.83,34.9,149215
2010-02-08 12:30:00,34.9,35.1,34.89,35.03,138788
2010-02-08 12:45:00,35.04,35.04,34.87,34.875,151925
2010-02-08 13:00:00,34.88,34.88,34.69,34.8,180539
2010-02-08 13:15:00,34.82,34.83,34.69,34.75,109924
2010-02-08 13:30:00,34.739000000000004,34.79,34.58,34.731,151660
2010-02-08 13:45:00,34.73,34.78,34.63,34.63,92589
2010-02-08 14:00:00,34.63,34.7,34.52,34.58,154041
2010-02-08 14:15:00,34.5795,34.82,34.57,34.82,203974
2010-02-08 14:30:00,34.8193,34.838,34.67,34.71,132466
2010-02-08 14:45:00,34.7,34.73,34.545,34.69,178855
2010-02-08 15:00:00,34.7,34.76,34.63,34.66,212816
2010-02-08 15:15:00,34.67,34.76,34.63,34.6935,237120
2010-02-08 15:30:00,34.69,34.7,34.45,34.54,321496
2010-02-08 15:45:00,34.544000000000004,34.76,34.53,34.74,531122
2010-02-08 16:00:00,34.7402,34.99,34.63,34.7,851663
2010-02-09 09:45:00,34.76,34.8,34.54,34.64,419150
2010-02-09 10:00:00,34.65,34.78,34.621,34.72,115832
2010-02-09 10:15:00,34.73,35.0,34.72,34.95,234858
2010-02-09 10:30:00,34.95,35.01,34.75,34.76,203460
2010-02-09 10:45:00,34.76,34.83,34.6,34.69,237345
2010-02-09 11:00:00,34.68,34.72,34.62,34.71,110698
2010-02-09 11:15:00,34.7,34.7,34.47,34.54,151156
2010-02-09 11:30:00,34.53,34.61,34.51,34.6,75238
2010-02-09 11:45:00,34.6,34.71,34.59,34.67,170356
2010-02-09 12:00:00,34.69,34.79,34.62,34.67,158477
2010-02-09 12:15:00,34.67,34.84,34.6235,34.84,120846
2010-02-09 12:30:00,34.84,34.974000000000004,34.835,34.974000000000004,80337
2010-02-09 12:45:00,34.98,35.01,34.8,34.92,168130
2010-02-09 13:00:00,34.89,35.03,34.8002,34.98,168130
2010-02-09 13:15:00,34.98,35.08,34.9,34.9998,81387
2010-02-09 13:30:00,35.0,35.18,34.995,35.11,99568
2010-02-09 13:45:00,35.1,35.28,35.1,35.2,255061
2010-02-09 14:00:00,35.2,35.22,34.96,34.9999,104148
2010-02-09 14:15:00,34.99,35.005,34.88,34.94,203872
2010-02-09 14:30:00,34.94,34.97,34.9,34.929,71089
2010-02-09 14:45:00,34.92,34.99,34.89,34.97,89316
2010-02-09 15:00:00,34.97,34.99,34.94,34.96,87412
2010-02-09 15:15:00,34.97,35.1,34.96,35.0994,165726
2010-02-09 15:30:00,35.09,35.17,35.04,35.15,141081
2010-02-09 15:45:00,35.16,35.21,35.11,35.13,151277
2010-02-09 16:00:00,35.12,35.14,34.98,35.11,299935
2010-02-10 09:45:00,35.04,35.28,35.02,35.08,85117
2010-02-10 10:00:00,35.09,35.17,35.06,35.1,99253
2010-02-10 10:15:00,35.09,35.11,34.93,35.05,133544
2010-02-10 10:30:00,35.04,35.13,34.97,35.09,106853
2010-02-10 10:45:00,35.095,35.095,34.978,35.01,92380
2010-02-10 11:00:00,35.01,35.06,34.98,35.01,115063
2010-02-10 11:15:00,35.01,35.025,34.89,34.95,106595
2010-02-10 11:30:00,34.95,35.05,34.945,35.02,73473
2010-02-10 11:45:00,35.02,35.03,34.97,34.99,55894
2010-02-10 12:00:00,34.99,35.02,34.91,34.925,69159
2010-02-10 12:15:00,34.93,35.11,34.923,35.08,123427
2010-02-10 12:30:00,35.09,35.16,35.02,35.11,201063
2010-02-10 12:45:00,35.105,35.24,35.105,35.21,103440
2010-02-10 13:00:00,35.205,35.33,35.195,35.27,116285
2010-02-10 13:15:00,35.28,35.28,35.18,35.25,115449
2010-02-10 13:30:00,35.25,35.46,35.25,35.43,100959
2010-02-10 13:45:00,35.44,35.61,35.42,35.5499,168594
2010-02-10 14:00:00,35.53,35.535,35.43,35.45,43526
2010-02-10 14:15:00,35.44,35.452,35.21,35.215,157926
2010-02-10 14:30:00,35.21,35.282,35.16,35.18,116570
2010-02-10 14:45:00,35.16,35.25,35.13,35.24,96993
2010-02-10 15:00:00,35.24,35.37,35.24,35.26,183003
2010-02-10 15:15:00,35.27,35.38,35.24,35.37,89186
2010-02-10 15:30:00,35.38,35.39,35.3,35.37,115435
2010-02-10 15:45:00,35.36,35.37,35.25,35.3,210202
2010-02-10 16:00:00,35.31,35.36,35.28,35.31,229315
2010-02-11 09:45:00,35.33,35.55,35.0601,35.37,157947
2010-02-11 10:00:00,35.35,35.44,35.29,35.41,90046
2010-02-11 10:15:00,35.38,35.61,35.2715,35.58,73783
2010-02-11 10:30:00,35.59,35.785,35.59,35.7,128283
2010-02-11 10:45:00,35.7,35.84,35.62,35.8,217783
2010-02-11 11:00:00,35.8,35.8,35.65,35.74,69150
2010-02-11 11:15:00,35.74,35.82,35.7,35.79,87931
2010-02-11 11:30:00,35.8,35.88,35.75,35.87,81813
2010-02-11 11:45:00,35.88,35.941,35.85,35.92,114705
2010-02-11 12:00:00,35.92,35.98,35.89,35.93,47362
2010-02-11 12:15:00,35.93,35.97,35.86,35.92,68966
2010-02-11 12:30:00,35.93,35.97,35.89,35.91,56116
2010-02-11 12:45:00,35.9,35.97,35.88,35.92,39696
2010-02-11 13:00:00,35.92,36.04,35.89,36.03,73990
2010-02-11 13:15:00,36.03,36.05,35.97,35.98,47883
2010-02-11 13:30:00,35.979,36.12,35.97,36.04,84787
2010-02-11 13:45:00,36.05,36.11,36.04,36.08,25585
2010-02-11 14:00:00,36.08,36.12,36.0601,36.12,52354
2010-02-11 14:15:00,36.11,36.19,36.1,36.1,46756
2010-02-11 14:30:00,36.1,36.16,36.07,36.15,59910
2010-02-11 14:45:00,36.15,36.15,36.03,36.07,105253
2010-02-11 15:00:00,36.06,36.1,35.99,36.08,71685
2010-02-11 15:15:00,36.08,36.14,36.07,36.1,75364
2010-02-11 15:30:00,36.1,36.12,36.05,36.07,90353
2010-02-11 15:45:00,36.09,36.15,36.04,36.12,171855
2010-02-11 16:00:00,36.12,36.14,36.07,36.12,207955
2010-02-12 09:45:00,35.92,35.92,35.55,35.7,246286
2010-02-12 10:00:00,35.7,35.81,35.59,35.74,182963
2010-02-12 10:15:00,35.74,35.76,35.62,35.7,179132
2010-02-12 10:30:00,35.7,35.825,35.69,35.81,79994
2010-02-12 10:45:00,35.81,35.97,35.8,35.94,133510
2010-02-12 11:00:00,35.93,36.0,35.83,35.85,72015
2010-02-12 11:15:00,35.84,35.84,35.6,35.685,199379
2010-02-12 11:30:00,35.67,35.77,35.64,35.67,71565
2010-02-12 11:45:00,35.66,35.77,35.61,35.72,68832
2010-02-12 12:00:00,35.73,35.74,35.665,35.69,42786
2010-02-12 12:15:00,35.7,35.8,35.69,35.8,73936
2010-02-12 12:30:00,35.8,35.88,35.795,35.875,79299
2010-02-12 12:45:00,35.88,35.89,35.78,35.81,63571
2010-02-12 13:00:00,35.81,35.84,35.73,35.73,82116
2010-02-12 13:15:00,35.74,35.76,35.64,35.66,60925
2010-02-12 13:30:00,35.65,35.7,35.58,35.69,173239
2010-02-12 13:45:00,35.68,35.8,35.6022,35.69,114651
2010-02-12 14:00:00,35.7,35.7,35.63,35.64,68978
2010-02-12 14:15:00,35.64,35.64,35.52,35.55,155788
2010-02-12 14:30:00,35.55,35.61,35.52,35.57,90791
2010-02-12 14:45:00,35.5699,35.64,35.52,35.6,83753
2010-02-12 15:00:00,35.59,35.62,35.5,35.52,85203
2010-02-12 15:15:00,35.52,35.6,35.49,35.52,196518
2010-02-12 15:30:00,35.51,35.52,35.47,35.49,184676
2010-02-12 15:45:00,35.49,35.52,35.48,35.49,238370
2010-02-12 16:00:00,35.49,35.56,35.48,35.56,468057
2010-02-16 09:45:00,35.84,35.98,35.11,35.11,342533
2010-02-16 10:00:00,35.11,35.12,34.96,34.99,317109
2010-02-16 10:15:00,35.0,35.14,34.98,35.01,159065
2010-02-16 10:30:00,35.01,35.06,34.91,34.96,169087
2010-02-16 10:45:00,34.96,35.09,34.95,35.07,140085
2010-02-16 11:00:00,35.07,35.125,35.0,35.05,96394
2010-02-16 11:15:00,35.05,35.18,35.0475,35.06,106460
2010-02-16 11:30:00,35.06,35.15,35.05,35.07,82974
2010-02-16 11:45:00,35.075,35.08,34.95,34.9875,161710
2010-02-16 12:00:00,34.97,35.06,34.96,35.01,81879
2010-02-16 12:15:00,35.01,35.03,34.98,35.0,81096
2010-02-16 12:30:00,34.99,35.01,34.95,34.95,85715
2010-02-16 12:45:00,34.96,34.98,34.95,34.964,61900
2010-02-16 13:00:00,34.965,35.03,34.9501,35.014,46019
2010-02-16 13:15:00,35.02,35.06,35.01,35.06,49071
2010-02-16 13:30:00,35.06,35.09,35.02,35.04,71176
2010-02-16 13:45:00,35.0383,35.04,34.98,34.99,90038
2010-02-16 14:00:00,34.98,34.99,34.95,34.95,80632
2010-02-16 14:15:00,34.96,34.97,34.91,34.93,134309
2010-02-16 14:30:00,34.92,34.93,34.86,34.87,125944
2010-02-16 14:45:00,34.88,34.94,34.87,34.93,63917
2010-02-16 15:00:00,34.9301,35.04,34.93,34.97,108938
2010-02-16 15:15:00,34.98,34.98,34.86,34.86,141079
2010-02-16 15:30:00,34.86,34.9,34.83,34.86,211457
2010-02-16 15:45:00,34.86,34.99,34.76,34.99,373613
2010-02-16 16:00:00,34.99,35.03,34.98,35.03,334219
2010-02-17 09:45:00,35.14,35.31,35.06,35.14,61358
2010-02-17 10:00:00,35.165,35.31,35.02,35.08,55796
2010-02-17 10:15:00,35.075,35.24,35.04,35.19,64422
2010-02-17 10:30:00,35.2,35.235,35.08,35.13,59994
2010-02-17 10:45:00,35.15,35.25,35.15,35.2,32315
2010-02-17 11:00:00,35.19,35.25,35.1791,35.23,37563
2010-02-17 11:15:00,35.23,35.23,35.1,35.18,40123
2010-02-17 11:30:00,35.17,35.225,35.12,35.13,40700
2010-02-17 11:45:00,35.12,35.19,35.09,35.19,46881
2010-02-17 12:00:00,35.19,35.24,35.14,35.24,83143
2010-02-17 12:15:00,35.25,35.28,35.22,35.22,36500
2010-02-17 12:30:00,35.22,35.3,35.22,35.29,30019
2010-02-17 12:45:00,35.3,35.32,35.28,35.32,37580
2010-02-17 13:00:00,35.32,35.4,35.3,35.39,52226
2010-02-17 13:15:00,35.39,35.39,35.34,35.3701,47241
2010-02-17 13:30:00,35.38,35.44,35.38,35.4,27091
2010-02-17 13:45:00,35.4,35.41,35.39,35.4,21875
2010-02-17 14:00:00,35.3999,35.44,35.39,35.44,21903
2010-02-17 14:15:00,35.44,35.46,35.38,35.41,88989
2010-02-17 14:30:00,35.41,35.42,35.35,35.3795,53215
2010-02-17 14:45:00,35.375,35.425,35.34,35.42,39229
2010-02-17 15:00:00,35.42,35.44,35.37,35.42,70167
2010-02-17 15:15:00,35.42,35.5,35.39,35.5,100553
2010-02-17 15:30:00,35.4985,35.51,35.44,35.48,57281
2010-02-17 15:45:00,35.47,35.48,35.35,35.38,113398
2010-02-17 16:00:00,35.38,35.42,35.37,35.42,125957
2010-02-18 09:45:00,35.33,35.47,35.22,35.3099,209934
2010-02-18 10:00:00,35.31,35.48,35.31,35.4201,42146
2010-02-18 10:15:00,35.42,35.4781,35.33,35.37,99751
2010-02-18 10:30:00,35.39,35.43,35.2,35.21,49054
2010-02-18 10:45:00,35.2,35.31,35.1802,35.31,37347
2010-02-18 11:00:00,35.32,35.48,35.31,35.47,49833
2010-02-18 11:15:00,35.46,35.57,35.45,35.53,58590
2010-02-18 11:30:00,35.52,35.63,35.52,35.5676,49435
2010-02-18 11:45:00,35.56,35.69,35.5,35.68,53191
2010-02-18 12:00:00,35.68,35.79,35.67,35.7194,44024
2010-02-18 12:15:00,35.7,35.75,35.7,35.729,28223
2010-02-18 12:30:00,35.72,35.76,35.72,35.73,22341
2010-02-18 12:45:00,35.73,35.73,35.61,35.62,30735
2010-02-18 13:00:00,35.62,35.64,35.6,35.62,32330
2010-02-18 13:15:00,35.62,35.64,35.6,35.62,29286
2010-02-18 13:30:00,35.62,35.63,35.57,35.58,33900
2010-02-18 13:45:00,35.58,35.64,35.58,35.62,43522
2010-02-18 14:00:00,35.6199,35.62,35.59,35.6,24675
2010-02-18 14:15:00,35.59,35.61,35.56,35.61,27024
2010-02-18 14:30:00,35.6,35.73,35.58,35.71,38823
2010-02-18 14:45:00,35.71,35.8,35.7,35.795,53525
2010-02-18 15:00:00,35.7919,35.82,35.71,35.72,49818
2010-02-18 15:15:00,35.73,35.75,35.705999999999996,35.7229,26892
2010-02-18 15:30:00,35.72,35.76,35.7,35.7275,89638
2010-02-18 15:45:00,35.725,35.79,35.69,35.78,174556
2010-02-18 16:00:00,35.78,35.82,35.7,35.72,265838
2010-02-19 09:45:00,35.62,35.77,35.37,35.44,174335
2010-02-19 10:00:00,35.44,35.58,35.42,35.52,58433
2010-02-19 10:15:00,35.52,35.64,35.51,35.63,48100
2010-02-19 10:30:00,35.63,35.84,35.63,35.7,82320
2010-02-19 10:45:00,35.71,35.78,35.64,35.775,70665
2010-02-19 11:00:00,35.77,35.8,35.76,35.8,35350
2010-02-19 11:15:00,35.79,35.92,35.79,35.92,81461
2010-02-19 11:30:00,35.91,35.99,35.9,35.91,55291
2010-02-19 11:45:00,35.91,35.97,35.85,35.93,111826
2010-02-19 12:00:00,35.938,35.98,35.87,35.96,56680
2010-02-19 12:15:00,35.95,35.99,35.93,35.98,21889
2010-02-19 12:30:00,35.9899,35.99,35.96,35.96,28902
2010-02-19 12:45:00,35.96,35.98,35.95,35.96,18434
2010-02-19 13:00:00,35.955,35.99,35.95,35.9675,25759
2010-02-19 13:15:00,35.97,35.97,35.85,35.88,57075
2010-02-19 13:30:00,35.889,35.9073,35.88,35.89,21269
2010-02-19 13:45:00,35.89,35.89,35.83,35.84,40003
2010-02-19 14:00:00,35.84,35.84,35.76,35.84,64509
2010-02-19 14:15:00,35.84,35.8699,35.81,35.85,23054
2010-02-19 14:30:00,35.85,35.87,35.83,35.85,26856
2010-02-19 14:45:00,35.85,35.87,35.82,35.84,33530
2010-02-19 15:00:00,35.85,35.85,35.78,35.81,39282
2010-02-19 15:15:00,35.8,35.81,35.75,35.75,44199
2010-02-19 15:30:00,35.75,35.765,35.7,35.7119,48276
2010-02-19 15:45:00,35.72,35.82,35.7,35.78,95348
2010-02-19 16:00:00,35.79,35.8,35.74,35.78,146726
2010-02-22 09:45:00,35.91,35.92,35.75,35.8,43423
2010-02-22 10:00:00,35.79,35.8,35.72,35.735,23354
2010-02-22 10:15:00,35.73,35.73,35.5801,35.7,35312
2010-02-22 10:30:00,35.69,35.77,35.66,35.66,31837
2010-02-22 10:45:00,35.66,35.71,35.655,35.7,17980
2010-02-22 11:00:00,35.6916,35.7,35.62,35.65,22050
2010-02-22 11:15:00,35.66,35.68,35.54,35.54,23172
2010-02-22 11:30:00,35.5473,35.62,35.54,35.579,19964
2010-02-22 11:45:00,35.58,35.61,35.55,35.61,22426
2010-02-22 12:00:00,35.61,35.63,35.555,35.56,24900
2010-02-22 12:15:00,35.57,35.58,35.54,35.57,20094
2010-02-22 12:30:00,35.57,35.57,35.5,35.52,53051
2010-02-22 12:45:00,35.52,35.59,35.5,35.57,31950
2010-02-22 13:00:00,35.57,35.58,35.523,35.523,38288
2010-02-22 13:15:00,35.52,35.53,35.46,35.475,33336
2010-02-22 13:30:00,35.48,35.49,35.45,35.48,23600
2010-02-22 13:45:00,35.48,35.5,35.47,35.5,23864
2010-02-22 14:00:00,35.5,35.5,35.44,35.46,94699
2010-02-22 14:15:00,35.46,35.46,35.43,35.46,24130
2010-02-22 14:30:00,35.4527,35.47,35.43,35.45,37166
2010-02-22 14:45:00,35.4513,35.47,35.42,35.46,34315
2010-02-22 15:00:00,35.47,35.5,35.45,35.495,71325
2010-02-22 15:15:00,35.5,35.56,35.495,35.54,70636
2010-02-22 15:30:00,35.55,35.62,35.5499,35.6,76521
2010-02-22 15:45:00,35.6,35.6,35.42,35.42,141165
2010-02-22 16:00:00,35.43,35.52,35.42,35.51,282734
2010-02-23 09:45:00,35.5,35.54,35.21,35.43,67336
2010-02-23 10:00:00,35.44,35.45,35.345,35.39,54859
2010-02-23 10:15:00,35.39,35.39,35.12,35.12,75418
2010-02-23 10:30:00,35.12,35.24,35.085,35.205,60393
2010-02-23 10:45:00,35.215,35.23,35.13,35.17,55562
2010-02-23 11:00:00,35.175,35.2,35.11,35.12,44559
2010-02-23 11:15:00,35.12,35.18,35.05,35.13,50302
2010-02-23 11:30:00,35.1299,35.285,35.12,35.225,35530
2010-02-23 11:45:00,35.22,35.28,35.2,35.21,32159
2010-02-23 12:00:00,35.21,35.21,35.17,35.2,33497
2010-02-23 12:15:00,35.19,35.21,35.175,35.18,20183
2010-02-23 12:30:00,35.18,35.21,35.14,35.16,27403
2010-02-23 12:45:00,35.17,35.22,35.155,35.185,27217
2010-02-23 13:00:00,35.18,35.23,35.15,35.23,29096
2010-02-23 13:15:00,35.24,35.29,35.18,35.29,35367
2010-02-23 13:30:00,35.28,35.31,35.25,35.3,34130
2010-02-23 13:45:00,35.29,35.29,35.2,35.2,27356
2010-02-23 14:00:00,35.22,35.25,35.19,35.225,26908
2010-02-23 14:15:00,35.23,35.285,35.19,35.2573,40595
2010-02-23 14:30:00,35.26,35.32,35.24,35.25,50169
2010-02-23 14:45:00,35.25,35.37,35.19,35.35,50510
2010-02-23 15:00:00,35.35,35.43,35.34,35.35,36453
2010-02-23 15:15:00,35.36,35.41,35.33,35.38,60101
2010-02-23 15:30:00,35.381,35.43,35.37,35.41,39307
2010-02-23 15:45:00,35.41,35.41,35.31,35.32,84553
2010-02-23 16:00:00,35.32,35.3401,35.27,35.31,120023
2010-02-24 09:45:00,35.48,35.5287,35.17,35.225,76368
2010-02-24 10:00:00,35.23,35.29,35.15,35.25,93364
2010-02-24 10:15:00,35.24,35.2999,35.11,35.16,47715
2010-02-24 10:30:00,35.15,35.22,35.12,35.2,60700
2010-02-24 10:45:00,35.19,35.31,35.1699,35.22,118599
2010-02-24 11:00:00,35.25,35.44,35.24,35.32,61295
2010-02-24 11:15:00,35.33,35.4,35.33,35.39,41365
2010-02-24 11:30:00,35.38,35.44,35.35,35.39,30811
2010-02-24 11:45:00,35.39,35.46,35.36,35.4,41077
2010-02-24 12:00:00,35.4,35.43,35.395,35.41,21294
2010-02-24 12:15:00,35.42,35.47,35.415,35.42,22781
2010-02-24 12:30:00,35.43,35.44,35.39,35.39,30135
2010-02-24 12:45:00,35.39,35.44,35.39,35.44,32995
2010-02-24 13:00:00,35.4499,35.49,35.42,35.49,16459
2010-02-24 13:15:00,35.48,35.54,35.48,35.515,33634
2010-02-24 13:30:00,35.515,35.53,35.5,35.52,31563
2010-02-24 13:45:00,35.52,35.52,35.44,35.44,26149
2010-02-24 14:00:00,35.44,35.53,35.43,35.51,56105
2010-02-24 14:15:00,35.51,35.525,35.44,35.45,32225
2010-02-24 14:30:00,35.45,35.4501,35.395,35.435,46317
2010-02-24 14:45:00,35.44,35.445,35.35,35.43,47561
2010-02-24 15:00:00,35.44,35.46,35.415,35.445,34581
2010-02-24 15:15:00,35.44,35.47,35.43,35.45,49367
2010-02-24 15:30:00,35.45,35.49,35.39,35.49,57612
2010-02-24 15:45:00,35.48,35.49,35.45,35.49,109046
2010-02-24 16:00:00,35.4801,35.5,35.42,35.46,197303
2010-02-25 09:45:00,35.2,35.2,34.65,34.98,155772
2010-02-25 10:00:00,34.975,35.085,34.9,35.03,98999
2010-02-25 10:15:00,35.03,35.08,34.93,35.04,68556
2010-02-25 10:30:00,35.0499,35.05,34.95,35.02,40834
2010-02-25 10:45:00,35.01,35.05,34.99,35.01,32120
2010-02-25 11:00:00,35.01,35.08,35.01,35.07,41262
2010-02-25 11:15:00,35.07,35.18,35.06,35.15,63671
2010-02-25 11:30:00,35.15,35.1675,35.1,35.13,52033
2010-02-25 11:45:00,35.14,35.21,35.12,35.19,56991
2010-02-25 12:00:00,35.185,35.185,35.1,35.14,73947
2010-02-25 12:15:00,35.14,35.2,35.13,35.18,53894
2010-02-25 12:30:00,35.18,35.18,35.1,35.12,40750
2010-02-25 12:45:00,35.11,35.18,35.1,35.16,49641
2010-02-25 13:00:00,35.17,35.19,35.14,35.15,33562
2010-02-25 13:15:00,35.15,35.19,35.11,35.13,66620
2010-02-25 13:30:00,35.13,35.16,35.11,35.14,43370
2010-02-25 13:45:00,35.15,35.21,35.15,35.2,23504
2010-02-25 14:00:00,35.2,35.38,35.2,35.38,56553
2010-02-25 14:15:00,35.39,35.46,35.35,35.38,75938
2010-02-25 14:30:00,35.39,35.44,35.35,35.4,102869
2010-02-25 14:45:00,35.41,35.52,35.41,35.51,78309
2010-02-25 15:00:00,35.515,35.54,35.45,35.53,60844
2010-02-25 15:15:00,35.53,35.67,35.51,35.6,99712
2010-02-25 15:30:00,35.61,35.66,35.55,35.65,81897
2010-02-25 15:45:00,35.65,35.73,35.64,35.7,155350
2010-02-25 16:00:00,35.7,35.74,35.65,35.71,193997
2010-02-26 09:45:00,35.53,35.79,35.41,35.7,76800
2010-02-26 10:00:00,35.7,35.82,35.64,35.75,50166
2010-02-26 10:15:00,35.75,35.8,35.5925,35.7,103172
2010-02-26 10:30:00,35.7,35.76,35.61,35.67,63281
2010-02-26 10:45:00,35.67,35.86,35.67,35.82,64200
2010-02-26 11:00:00,35.82,35.915,35.82,35.905,59649
2010-02-26 11:15:00,35.88,35.99,35.84,35.97,62544
2010-02-26 11:30:00,35.9627,35.98,35.85,35.85,36881
2010-02-26 11:45:00,35.86,35.955,35.84,35.86,32561
2010-02-26 12:00:00,35.86,35.9,35.81,35.82,28305
2010-02-26 12:15:00,35.82,35.825,35.69,35.71,35755
2010-02-26 12:30:00,35.71,35.745,35.6899,35.7,30684
2010-02-26 12:45:00,35.71,35.75,35.67,35.72,25103
2010-02-26 13:00:00,35.74,35.75,35.63,35.71,34919
2010-02-26 13:15:00,35.72,35.73,35.64,35.69,33328
2010-02-26 13:30:00,35.68,35.705,35.63,35.69,27600
2010-02-26 13:45:00,35.69,35.735,35.655,35.715,19623
2010-02-26 14:00:00,35.72,35.77,35.715,35.75,29606
2010-02-26 14:15:00,35.75,35.76,35.72,35.75,27386
2010-02-26 14:30:00,35.75,35.77,35.72,35.72,45581
2010-02-26 14:45:00,35.715,35.75,35.715,35.74,49000
2010-02-26 15:00:00,35.74,35.79,35.72,35.79,44089
2010-02-26 15:15:00,35.78,35.795,35.72,35.78,72703
2010-02-26 15:30:00,35.78,35.8,35.71,35.71,78880
2010-02-26 15:45:00,35.72,35.82,35.71,35.8,82986
2010-02-26 16:00:00,35.8001,35.83,35.74,35.75,177212
2010-03-01 09:45:00,35.8,35.8,35.5,35.58,138628
2010-03-01 10:00:00,35.6,35.62,35.52,35.57,70110
2010-03-01 10:15:00,35.56,35.85,35.53,35.84,57011
2010-03-01 10:30:00,35.84,35.85,35.74,35.8175,50027
2010-03-01 10:45:00,35.81,35.91,35.76,35.9,55661
2010-03-01 11:00:00,35.91,35.99,35.88,35.99,61336
2010-03-01 11:15:00,35.99,36.0,35.96,35.99,67194
2010-03-01 11:30:00,35.995,36.0,35.99,35.99,19881
2010-03-01 11:45:00,35.99,36.0,35.96,35.97,44434
2010-03-01 12:00:00,35.96,36.0,35.94,35.99,58099
2010-03-01 12:15:00,35.99,36.09,35.98,36.03,97074
2010-03-01 12:30:00,36.03,36.06,36.0,36.05,37465
2010-03-01 12:45:00,36.052,36.1,36.05,36.08,23468
2010-03-01 13:00:00,36.08,36.13,36.06,36.068000000000005,84669
2010-03-01 13:15:00,36.07,36.19,36.06,36.16,38422
2010-03-01 13:30:00,36.16,36.17,36.06,36.0601,30378
2010-03-01 13:45:00,36.06,36.06,36.01,36.02,29755
2010-03-01 14:00:00,36.02,36.02,35.98,36.01,64645
2010-03-01 14:15:00,36.02,36.08,36.01,36.07,48276
2010-03-01 14:30:00,36.07,36.08,36.0,36.0,43475
2010-03-01 14:45:00,36.01,36.01,35.98,36.0,35048
2010-03-01 15:00:00,36.0,36.0,35.96,35.981,51166
2010-03-01 15:15:00,35.99,36.0,35.9,35.91,58511
2010-03-01 15:30:00,35.91,36.005,35.91,35.98,93104
2010-03-01 15:45:00,35.985,36.06,35.985,36.06,117405
2010-03-01 16:00:00,36.06,36.06,36.02,36.03,142741
2010-03-02 09:45:00,36.14,36.35,36.05,36.26,100421
2010-03-02 10:00:00,36.26,36.36,36.2,36.26,102964
2010-03-02 10:15:00,36.27,36.32,36.18,36.18,143512
2010-03-02 10:30:00,36.1899,36.3,36.14,36.3,108599
2010-03-02 10:45:00,36.3,36.3,36.25,36.28,109552
2010-03-02 11:00:00,36.28,36.29,36.24,36.285,85129
2010-03-02 11:15:00,36.29,36.39,36.28,36.38,92334
2010-03-02 11:30:00,36.38,36.46,36.37,36.445,89298
2010-03-02 11:45:00,36.44,36.45,36.37,36.4,47277
2010-03-02 12:00:00,36.4,36.4,36.365,36.39,51010
2010-03-02 12:15:00,36.39,36.4,36.3717,36.4,41336
2010-03-02 12:30:00,36.39,36.4,36.32,36.34,55447
2010-03-02 12:45:00,36.35,36.36,36.32,36.34,51718
2010-03-02 13:00:00,36.335,36.41,36.33,36.41,47354
2010-03-02 13:15:00,36.4019,36.5,36.4019,36.5,40171
2010-03-02 13:30:00,36.5,36.5,36.47,36.475,43871
2010-03-02 13:45:00,36.47,36.5,36.47,36.5,30237
2010-03-02 14:00:00,36.5,36.64,36.49,36.63,64155
2010-03-02 14:15:00,36.6227,36.65,36.6,36.63,46946
2010-03-02 14:30:00,36.63,36.68,36.58,36.58,55445
2010-03-02 14:45:00,36.59,36.59,36.52,36.55,54955
2010-03-02 15:00:00,36.54,36.56,36.5,36.5,51879
2010-03-02 15:15:00,36.5,36.63,36.5,36.63,68633
2010-03-02 15:30:00,36.62,36.63,36.54,36.55,47043
2010-03-02 15:45:00,36.55,36.6,36.54,36.57,105260
2010-03-02 16:00:00,36.57,36.61,36.57,36.58,195722
2010-03-03 09:45:00,36.59,36.665,36.49,36.49,67018
2010-03-03 10:00:00,36.49,36.59,36.39,36.42,57542
2010-03-03 10:15:00,36.44,36.5,36.34,36.34,50514
2010-03-03 10:30:00,36.35,36.41,36.34,36.3695,38909
2010-03-03 10:45:00,36.365,36.51,36.36,36.455,64354
2010-03-03 11:00:00,36.4501,36.58,36.45,36.485,40583
2010-03-03 11:15:00,36.49,36.58,36.455,36.576,54935
2010-03-03 11:30:00,36.58,36.58,36.53,36.55,45686
2010-03-03 11:45:00,36.55,36.55,36.5,36.53,58195
2010-03-03 12:00:00,36.535,36.55,36.47,36.47,59572
2010-03-03 12:15:00,36.47,36.47,36.43,36.435,20665
2010-03-03 12:30:00,36.435,36.44,36.39,36.3901,29795
2010-03-03 12:45:00,36.4,36.4,36.35,36.3501,29356
2010-03-03 13:00:00,36.355,36.355,36.32,36.325,64129
2010-03-03 13:15:00,36.33,36.39,36.33,36.385999999999996,47357
2010-03-03 13:30:00,36.39,36.48,36.38,36.43,50411
2010-03-03 13:45:00,36.44,36.45,36.4,36.4,38668
2010-03-03 14:00:00,36.4,36.42,36.395,36.415,64551
2010-03-03 14:15:00,36.42,36.46,36.41,36.445,43322
2010-03-03 14:30:00,36.45,36.45,36.395,36.41,64762
2010-03-03 14:45:00,36.41,36.48,36.37,36.37,96315
2010-03-03 15:00:00,36.36,36.36,36.3,36.32,61998
2010-03-03 15:15:00,36.32,36.36,36.31,36.34,85148
2010-03-03 15:30:00,36.34,36.45,36.34,36.44,62065
2010-03-03 15:45:00,36.44,36.45,36.35,36.36,137929
2010-03-03 16:00:00,36.36,36.37,36.33,36.34,182899
2010-03-04 09:45:00,36.31,36.55,36.31,36.49,58149
2010-03-04 10:00:00,36.49,36.55,36.39,36.535,49790
2010-03-04 10:15:00,36.53,36.57,36.48,36.53,41199
2010-03-04 10:30:00,36.53,36.55,36.49,36.53,28507
2010-03-04 10:45:00,36.53,36.53,36.38,36.39,62646
2010-03-04 11:00:00,36.38,36.41,36.37,36.41,29103
2010-03-04 11:15:00,36.41,36.5,36.38,36.47,45346
2010-03-04 11:30:00,36.48,36.54,36.47,36.52,30581
2010-03-04 11:45:00,36.51,36.61,36.51,36.55,41490
2010-03-04 12:00:00,36.56,36.61,36.541,36.55,49963
2010-03-04 12:15:00,36.56,36.6,36.55,36.58,39780
2010-03-04 12:30:00,36.58,36.61,36.57,36.59,44916
2010-03-04 12:45:00,36.6,36.6,36.57,36.58,24332
2010-03-04 13:00:00,36.575,36.6,36.54,36.545,54150
2010-03-04 13:15:00,36.549,36.55,36.5,36.53,58152
2010-03-04 13:30:00,36.521,36.56,36.52,36.54,30231
2010-03-04 13:45:00,36.54,36.58,36.53,36.55,44312
2010-03-04 14:00:00,36.55,36.6,36.54,36.59,60005
2010-03-04 14:15:00,36.59,36.6,36.535,36.58,31061
2010-03-04 14:30:00,36.5785,36.62,36.57,36.61,31156
2010-03-04 14:45:00,36.61,36.67,36.6,36.61,193287
2010-03-04 15:00:00,36.62,36.65,36.62,36.631,15800
2010-03-04 15:15:00,36.64,36.64,36.6,36.61,36555
2010-03-04 15:30:00,36.6101,36.65,36.61,36.65,29703
2010-03-04 15:45:00,36.648,36.68,36.585,36.62,66448
2010-03-04 16:00:00,36.63,36.72,36.63,36.67,136639
2010-03-05 09:45:00,36.94,36.95,36.61,36.89,59324
2010-03-05 10:00:00,36.885,37.09,36.83,37.09,62649
2010-03-05 10:15:00,37.09,37.21,37.05,37.21,56249
2010-03-05 10:30:00,37.21,37.28,37.18,37.26,71291
2010-03-05 10:45:00,37.26,37.27,37.13,37.16,67320
2010-03-05 11:00:00,37.16,37.25,37.16,37.25,24310
2010-03-05 11:15:00,37.25,37.28,37.22,37.25,26978
2010-03-05 11:30:00,37.24,37.25,37.21,37.22,25323
2010-03-05 11:45:00,37.22,37.224000000000004,37.18,37.21,22335
2010-03-05 12:00:00,37.21,37.22,37.19,37.19,18135
2010-03-05 12:15:00,37.19,37.228,37.18,37.2,27855
2010-03-05 12:30:00,37.2,37.21,37.2,37.2081,14221
2010-03-05 12:45:00,37.2,37.29,37.2,37.285,31071
2010-03-05 13:00:00,37.28,37.2999,37.26,37.2905,24420
2010-03-05 13:15:00,37.29,37.296,37.24,37.26,80552
2010-03-05 13:30:00,37.26,37.27,37.23,37.26,32846
2010-03-05 13:45:00,37.26,37.27,37.23,37.26,96631
2010-03-05 14:00:00,37.251999999999995,37.36,37.25,37.35,41646
2010-03-05 14:15:00,37.34,37.35,37.32,37.32,30485
2010-03-05 14:30:00,37.32,37.39,37.32,37.3701,43168
2010-03-05 14:45:00,37.38,37.38,37.35,37.38,32340
2010-03-05 15:00:00,37.38,37.47,37.3625,37.395,85942
2010-03-05 15:15:00,37.41,37.52,37.405,37.5,66077
2010-03-05 15:30:00,37.5,37.5001,37.4,37.4,69425
2010-03-05 15:45:00,37.4,37.46,37.39,37.4,68476
2010-03-05 16:00:00,37.39,37.48,37.39,37.43,148745
2010-03-08 09:45:00,37.47,37.73,37.47,37.67,121274
2010-03-08 10:00:00,37.67,37.68,37.33,37.335,61199
2010-03-08 10:15:00,37.33,37.4,37.29,37.36,67048
2010-03-08 10:30:00,37.35,37.45,37.33,37.4399,37434
2010-03-08 10:45:00,37.44,37.4601,37.37,37.46,53716
2010-03-08 11:00:00,37.475,37.555,37.47,37.505,51246
2010-03-08 11:15:00,37.5,37.51,37.44,37.46,31098
2010-03-08 11:30:00,37.47,37.5,37.4,37.4,45889
2010-03-08 11:45:00,37.4,37.43,37.4,37.41,18042
2010-03-08 12:00:00,37.41,37.43,37.4,37.42,28832
2010-03-08 12:15:00,37.43,37.44,37.4,37.4,19173
2010-03-08 12:30:00,37.4,37.44,37.4,37.44,20585
2010-03-08 12:45:00,37.44,37.47,37.43,37.46,21474
2010-03-08 13:00:00,37.45,37.5115,37.45,37.51,41856
2010-03-08 13:15:00,37.51,37.55,37.5,37.52,16093
2010-03-08 13:30:00,37.52,37.53,37.5,37.52,16800
2010-03-08 13:45:00,37.525,37.54,37.515,37.515,22344
2010-03-08 14:00:00,37.5275,37.56,37.5,37.51,32405
2010-03-08 14:15:00,37.52,37.54,37.49,37.495,43732
2010-03-08 14:30:00,37.5,37.5,37.43,37.43,26038
2010-03-08 14:45:00,37.4302,37.48,37.425,37.47,36314
2010-03-08 15:00:00,37.47,37.47,37.45,37.45,17927
2010-03-08 15:15:00,37.45,37.46,37.45,37.4584,27821
2010-03-08 15:30:00,37.45,37.51,37.45,37.5,56773
2010-03-08 15:45:00,37.49,37.54,37.49,37.53,66698
2010-03-08 16:00:00,37.53,37.54,37.5,37.51,129964
2010-03-09 09:45:00,37.4,37.73,37.4,37.62,55230
2010-03-09 10:00:00,37.62,37.62,37.515,37.55,29135
2010-03-09 10:15:00,37.54,37.71,37.51,37.67,113259
2010-03-09 10:30:00,37.67,37.67,37.54,37.56,38721
2010-03-09 10:45:00,37.56,37.62,37.5,37.534,44428
2010-03-09 11:00:00,37.535,37.6,37.52,37.6,26412
2010-03-09 11:15:00,37.6,37.6,37.485,37.54,27813
2010-03-09 11:30:00,37.5337,37.63,37.5,37.55,49129
2010-03-09 11:45:00,37.5473,37.6,37.53,37.56,58584
2010-03-09 12:00:00,37.5699,37.7,37.5699,37.68,27454
2010-03-09 12:15:00,37.6801,37.8,37.64,37.8,33870
2010-03-09 12:30:00,37.81,37.87,37.8,37.86,45787
2010-03-09 12:45:00,37.86,37.89,37.83,37.86,31031
2010-03-09 13:00:00,37.86,37.93,37.85,37.91,43081
2010-03-09 13:15:00,37.9,37.91,37.85,37.9,36359
2010-03-09 13:30:00,37.9,37.91,37.89,37.91,24250
2010-03-09 13:45:00,37.9,37.93,37.89,37.9,28428
2010-03-09 14:00:00,37.9,37.9005,37.85,37.87,30046
2010-03-09 14:15:00,37.86,37.87,37.83,37.84,22288
2010-03-09 14:30:00,37.84,37.9,37.83,37.85,21044
2010-03-09 14:45:00,37.85,37.87,37.75,37.78,35548
2010-03-09 15:00:00,37.78,37.83,37.75,37.7683,27335
2010-03-09 15:15:00,37.77,37.77,37.65,37.66,61855
2010-03-09 15:30:00,37.65,37.66,37.6,37.62,44838
2010-03-09 15:45:00,37.62,37.65,37.57,37.64,70018
2010-03-09 16:00:00,37.64,37.69,37.6,37.67,84374
2010-03-10 09:45:00,37.67,37.92,37.59,37.6,68589
2010-03-10 10:00:00,37.61,37.61,37.48,37.51,51180
2010-03-10 10:15:00,37.5,37.56,37.45,37.5,56421
2010-03-10 10:30:00,37.5,37.58,37.43,37.57,57450
2010-03-10 10:45:00,37.58,37.655,37.565,37.65,70028
2010-03-10 11:00:00,37.65,37.73,37.64,37.65,33358
2010-03-10 11:15:00,37.6599,37.76,37.6599,37.725,33732
2010-03-10 11:30:00,37.73,37.73,37.715,37.73,29667
2010-03-10 11:45:00,37.72,37.84,37.72,37.84,47238
2010-03-10 12:00:00,37.84,37.88,37.83,37.86,49892
2010-03-10 12:15:00,37.855,37.91,37.75,37.77,61005
2010-03-10 12:30:00,37.77,37.8,37.75,37.77,57210
2010-03-10 12:45:00,37.76,37.85,37.725,37.84,42577
2010-03-10 13:00:00,37.83,37.9,37.81,37.89,29249
2010-03-10 13:15:00,37.89,37.95,37.88,37.94,45294
2010-03-10 13:30:00,37.94,37.99,37.93,37.94,27620
2010-03-10 13:45:00,37.95,37.965,37.92,37.95,24443
2010-03-10 14:00:00,37.95,37.95,37.89,37.9,48472
2010-03-10 14:15:00,37.89,37.98,37.89,37.93,50131
2010-03-10 14:30:00,37.93,37.99,37.93,37.97,44657
2010-03-10 14:45:00,37.98,38.0,37.96,37.98,39014
2010-03-10 15:00:00,37.98,37.99,37.89,37.925,114702
2010-03-10 15:15:00,37.93,37.95,37.91,37.94,76226
2010-03-10 15:30:00,37.93,37.95,37.89,37.91,142519
2010-03-10 15:45:00,37.91,37.92,37.88,37.9084,132524
2010-03-10 16:00:00,37.91,38.0,37.9,37.98,129939
2010-03-11 09:45:00,37.9,37.97,37.65,37.85,63534
2010-03-11 10:00:00,37.84,37.925,37.82,37.86,68709
2010-03-11 10:15:00,37.86,38.04,37.86,38.01,39053
2010-03-11 10:30:00,38.01,38.06,38.0,38.0,24890
2010-03-11 10:45:00,38.0,38.02,37.97,37.99,24718
2010-03-11 11:00:00,37.985,38.14,37.97,38.11,20523
2010-03-11 11:15:00,38.1,38.1,38.075,38.08,35146
2010-03-11 11:30:00,38.08,38.1,38.07,38.08,51772
2010-03-11 11:45:00,38.08,38.085,37.93,37.98,50207
2010-03-11 12:00:00,37.98,38.025,37.97,38.01,16135
2010-03-11 12:15:00,38.0199,38.06,38.0,38.03,24461
2010-03-11 12:30:00,38.03,38.04,38.0,38.02,35775
2010-03-11 12:45:00,38.02,38.08,38.0,38.03,17912
2010-03-11 13:00:00,38.02,38.05,38.0,38.05,13980
2010-03-11 13:15:00,38.04,38.055,38.01,38.05,9907
2010-03-11 13:30:00,38.05,38.055,38.0,38.0096,10071
2010-03-11 13:45:00,38.01,38.03,38.0,38.03,16752
2010-03-11 14:00:00,38.02,38.07,38.02,38.065,20841
2010-03-11 14:15:00,38.06,38.06,38.0,38.045,23616
2010-03-11 14:30:00,38.04,38.05,37.99,38.01,35110
2010-03-11 14:45:00,38.01,38.08,38.01,38.05,21572
2010-03-11 15:00:00,38.04,38.09,38.03,38.08,25613
2010-03-11 15:15:00,38.09,38.12,38.05,38.11,33445
2010-03-11 15:30:00,38.12,38.15,38.06,38.09,31856
2010-03-11 15:45:00,38.09,38.09,38.02,38.05,40951
2010-03-11 16:00:00,38.05,38.14,38.02,38.11,98269
2010-03-12 09:45:00,38.11,38.82,38.08,38.14,60886
2010-03-12 10:00:00,38.15,38.15,38.01,38.04,34425
2010-03-12 10:15:00,38.05,38.05,37.85,37.93,49648
2010-03-12 10:30:00,37.92,37.99,37.86,37.89,23118
2010-03-12 10:45:00,37.89,37.93,37.8,37.81,44199
2010-03-12 11:00:00,37.82,37.9,37.76,37.84,34995
2010-03-12 11:15:00,37.83,37.85,37.76,37.79,32657
2010-03-12 11:30:00,37.8,37.86,37.76,37.85,38311
2010-03-12 11:45:00,37.86,37.87,37.7975,37.8,43897
2010-03-12 12:00:00,37.8,37.8,37.75,37.76,20250
2010-03-12 12:15:00,37.77,37.85,37.76,37.85,23553
2010-03-12 12:30:00,37.85,37.896,37.83,37.89,14614
2010-03-12 12:45:00,37.89,37.9,37.83,37.9,38284
2010-03-12 13:00:00,37.9,38.0005,37.89,38.0,18745
2010-03-12 13:15:00,38.0,38.07,38.0,38.06,22445
2010-03-12 13:30:00,38.06,38.1,38.05,38.08,13824
2010-03-12 13:45:00,38.07,38.14,38.07,38.09,18002
2010-03-12 14:00:00,38.1,38.18,38.08,38.17,51220
2010-03-12 14:15:00,38.18,38.18,38.11,38.13,15301
2010-03-12 14:30:00,38.13,38.16,38.1,38.13,22245
2010-03-12 14:45:00,38.13,38.14,38.09,38.1,24158
2010-03-12 15:00:00,38.1,38.14,38.1,38.14,29705
2010-03-12 15:15:00,38.14,38.14,38.1,38.13,40634
2010-03-12 15:30:00,38.12,38.14,38.08,38.0801,35985
2010-03-12 15:45:00,38.09,38.2,38.08,38.18,59843
2010-03-12 16:00:00,38.17,38.19,38.15,38.15,103796
2010-03-15 09:45:00,37.61,37.91,37.61,37.68,204300
2010-03-15 10:00:00,37.68,37.8,37.59,37.6,88096
2010-03-15 10:15:00,37.6,37.68,37.54,37.57,53420
2010-03-15 10:30:00,37.56,37.68,37.54,37.6,51309
2010-03-15 10:45:00,37.6,37.63,37.53,37.56,59716
2010-03-15 11:00:00,37.5575,37.57,37.52,37.57,64637
2010-03-15 11:15:00,37.59,37.61,37.52,37.55,56629
2010-03-15 11:30:00,37.55,37.62,37.53,37.535,55197
2010-03-15 11:45:00,37.53,37.53,37.46,37.4801,42657
2010-03-15 12:00:00,37.48,37.5,37.4685,37.5,60887
2010-03-15 12:15:00,37.5,37.51,37.49,37.495,60088
2010-03-15 12:30:00,37.49,37.5,37.39,37.4,108489
2010-03-15 12:45:00,37.4,37.51,37.4,37.49,94846
2010-03-15 13:00:00,37.49,37.58,37.47,37.55,25438
2010-03-15 13:15:00,37.55,37.63,37.53,37.6,19746
2010-03-15 13:30:00,37.61,37.617,37.58,37.58,16790
2010-03-15 13:45:00,37.58,37.6475,37.57,37.62,15431
2010-03-15 14:00:00,37.62,37.67,37.62,37.6505,19651
2010-03-15 14:15:00,37.6594,37.69,37.61,37.623000000000005,34626
2010-03-15 14:30:00,37.63,37.63,37.59,37.59,25869
2010-03-15 14:45:00,37.59,37.59,37.55,37.55,53782
2010-03-15 15:00:00,37.555,37.57,37.52,37.52,104011
2010-03-15 15:15:00,37.53,37.6,37.52,37.59,66392
2010-03-15 15:30:00,37.5884,37.66,37.58,37.64,63543
2010-03-15 15:45:00,37.63,37.64,37.59,37.61,113274
2010-03-15 16:00:00,37.605,37.66,37.58,37.61,227259
2010-03-16 09:45:00,37.68,37.99,37.64,37.73,31810
2010-03-16 10:00:00,37.74,37.92,37.74,37.85,37537
2010-03-16 10:15:00,37.85,37.96,37.84,37.96,33598
2010-03-16 10:30:00,37.96,37.96,37.86,37.9,25344
2010-03-16 10:45:00,37.9,37.97,37.9,37.97,27136
2010-03-16 11:00:00,37.97,38.06,37.97,38.03,45416
2010-03-16 11:15:00,38.04,38.05,37.92,37.925,40167
2010-03-16 11:30:00,37.92,38.03,37.92,37.945,51314
2010-03-16 11:45:00,37.94,37.98,37.9,37.9485,76594
2010-03-16 12:00:00,37.93,38.0,37.93,38.0,49051
2010-03-16 12:15:00,38.01,38.05,38.0,38.03,22197
2010-03-16 12:30:00,38.03,38.09,38.02,38.09,29861
2010-03-16 12:45:00,38.09,38.13,38.04,38.055,84303
2010-03-16 13:00:00,38.055,38.08,38.02,38.04,24758
2010-03-16 13:15:00,38.04,38.04,37.99,38.0,35354
2010-03-16 13:30:00,38.0,38.0,37.965,37.97,18714
2010-03-16 13:45:00,37.98,38.01,37.97,37.98,22816
2010-03-16 14:00:00,37.99,38.0,37.945,37.9575,75813
2010-03-16 14:15:00,37.95,37.95,37.86,37.89,59094
2010-03-16 14:30:00,37.91,37.99,37.87,37.97,82036
2010-03-16 14:45:00,37.96,37.96,37.83,37.84,51685
2010-03-16 15:00:00,37.84,37.99,37.83,37.97,84814
2010-03-16 15:15:00,37.9701,38.01,37.95,38.01,61865
2010-03-16 15:30:00,38.0076,38.0076,37.9,37.91,183893
2010-03-16 15:45:00,37.9,37.93,37.79,37.79,206090
2010-03-16 16:00:00,37.79,37.85,37.78,37.82,242596
2010-03-17 09:45:00,37.98,38.14,37.77,38.12,162951
2010-03-17 10:00:00,38.13,38.14,38.03,38.0307,30417
2010-03-17 10:15:00,38.04,38.08,37.98,37.98,28408
2010-03-17 10:30:00,37.9884,38.09,37.98,37.98,25246
2010-03-17 10:45:00,37.99,38.04,37.985,38.03,21860
2010-03-17 11:00:00,38.02,38.11,38.02,38.09,24509
2010-03-17 11:15:00,38.09,38.1181,38.04,38.115,39765
2010-03-17 11:30:00,38.11,38.14,38.1,38.1184,30206
2010-03-17 11:45:00,38.12,38.12,38.06,38.06,24585
2010-03-17 12:00:00,38.06,38.12,38.01,38.0319,38413
2010-03-17 12:15:00,38.03,38.08,38.02,38.06,32613
2010-03-17 12:30:00,38.07,38.09,38.04,38.045,20584
2010-03-17 12:45:00,38.0499,38.12,38.04,38.1185,25525
2010-03-17 13:00:00,38.12,38.13,38.111,38.13,11209
2010-03-17 13:15:00,38.13,38.16,38.12,38.16,29551
2010-03-17 13:30:00,38.16,38.18,38.125,38.17,21615
2010-03-17 13:45:00,38.17,38.236,38.16,38.22,107471
2010-03-17 14:00:00,38.22,38.23,38.16,38.2,30469
2010-03-17 14:15:00,38.19,38.24,38.17,38.2201,30056
2010-03-17 14:30:00,38.23,38.24,38.15,38.2,64696
2010-03-17 14:45:00,38.19,38.2,38.08,38.14,47627
2010-03-17 15:00:00,38.145,38.17,38.11,38.12,30416
2010-03-17 15:15:00,38.12,38.18,38.1,38.15,63718
2010-03-17 15:30:00,38.16,38.16,38.0,38.08,50405
2010-03-17 15:45:00,38.08,38.17,38.07,38.11,133899
2010-03-17 16:00:00,38.11,38.2,38.11,38.15,223628
2010-03-18 09:45:00,38.21,38.24,37.92,38.03,57576
2010-03-18 10:00:00,38.04,38.12,38.02,38.05,65148
2010-03-18 10:15:00,38.06,38.09,38.01,38.05,43651
2010-03-18 10:30:00,38.05,38.2,38.045,38.16,82258
2010-03-18 10:45:00,38.15,38.25,38.14,38.21,35250
2010-03-18 11:00:00,38.21,38.3,38.2,38.26,29480
2010-03-18 11:15:00,38.26,38.31,38.21,38.2975,38911
2010-03-18 11:30:00,38.29,38.34,38.23,38.24,22599
2010-03-18 11:45:00,38.25,38.27,38.14,38.14,25073
2010-03-18 12:00:00,38.14,38.18,38.14,38.14,17198
2010-03-18 12:15:00,38.15,38.19,38.1,38.16,31069
2010-03-18 12:30:00,38.16,38.22,38.15,38.18,24495
2010-03-18 12:45:00,38.18,38.19,38.15,38.16,27305
2010-03-18 13:00:00,38.17,38.2,38.15,38.15,39966
2010-03-18 13:15:00,38.15,38.165,38.07,38.07,47970
2010-03-18 13:30:00,38.08,38.11,38.08,38.11,11500
2010-03-18 13:45:00,38.11,38.15,38.11,38.14,17740
2010-03-18 14:00:00,38.15,38.16,38.11,38.13,21252
2010-03-18 14:15:00,38.14,38.15,38.11,38.13,37685
2010-03-18 14:30:00,38.13,38.1301,38.09,38.13,20254
2010-03-18 14:45:00,38.14,38.19,38.13,38.15,36687
2010-03-18 15:00:00,38.15,38.16,38.09,38.12,45937
2010-03-18 15:15:00,38.13,38.16,38.1,38.12,30192
2010-03-18 15:30:00,38.12,38.16,38.1,38.14,51900
2010-03-18 15:45:00,38.14,38.14,38.06,38.08,92259
2010-03-18 16:00:00,38.07,38.13,38.07,38.08,102467
2010-03-19 09:45:00,38.24,38.34,38.14,38.14,203977
2010-03-19 10:00:00,38.15,38.1952,38.07,38.17,35019
2010-03-19 10:15:00,38.17,38.2,38.02,38.025,66235
2010-03-19 10:30:00,38.015,38.11,37.95,37.97,70406
2010-03-19 10:45:00,37.97,38.16,37.96,38.15,83184
2010-03-19 11:00:00,38.15,38.17,38.1,38.125,25935
2010-03-19 11:15:00,38.12,38.18,38.07,38.15,41627
2010-03-19 11:30:00,38.14,38.18,38.14,38.15,28346
2010-03-19 11:45:00,38.15,38.2,38.15,38.1801,43722
2010-03-19 12:00:00,38.19,38.2,38.19,38.19,38503
2010-03-19 12:15:00,38.18,38.18,38.05,38.05,63429
2010-03-19 12:30:00,38.05,38.05,37.97,37.97,35891
2010-03-19 12:45:00,37.96,38.03,37.95,38.02,62592
2010-03-19 13:00:00,38.01,38.03,37.99,38.01,25809
2010-03-19 13:15:00,38.02,38.06,37.97,37.97,48656
2010-03-19 13:30:00,37.98,38.01,37.93,37.95,28436
2010-03-19 13:45:00,37.9585,37.97,37.94,37.95,15630
2010-03-19 14:00:00,37.96,38.04,37.96,38.04,12532
2010-03-19 14:15:00,38.03,38.06,37.99,37.99,13598
2010-03-19 14:30:00,37.98,38.025,37.96,37.96,18298
2010-03-19 14:45:00,37.96,37.98,37.93,37.9675,31976
2010-03-19 15:00:00,37.96,37.96,37.915,37.92,19123
2010-03-19 15:15:00,37.92,37.95,37.92,37.94,28988
2010-03-19 15:30:00,37.93,37.94,37.93,37.93,13350
2010-03-19 15:45:00,37.93,37.93,37.85,37.89,70203
2010-03-19 16:00:00,37.88,37.97,37.88,37.9,111656
2010-03-22 09:45:00,38.01,38.22,37.801,38.01,89612
2010-03-22 10:00:00,38.01,38.1,37.96,38.05,131487
2010-03-22 10:15:00,38.04,38.06,37.82,37.82,55893
2010-03-22 10:30:00,37.83,38.06,37.81,38.05,61176
2010-03-22 10:45:00,38.06,38.07,38.0,38.0,59994
2010-03-22 11:00:00,38.0,38.08,37.99,38.05,60645
2010-03-22 11:15:00,38.05,38.18,38.0,38.18,43372
2010-03-22 11:30:00,38.18,38.25,38.15,38.22,23731
2010-03-22 11:45:00,38.2199,38.26,38.2,38.22,19364
2010-03-22 12:00:00,38.21,38.25,38.18,38.18,19552
2010-03-22 12:15:00,38.18,38.23,38.14,38.225,47130
2010-03-22 12:30:00,38.21,38.25,38.18,38.25,34689
2010-03-22 12:45:00,38.25,38.3,38.2,38.2,85545
2010-03-22 13:00:00,38.2,38.22,38.1799,38.18,36077
2010-03-22 13:15:00,38.18,38.25,38.1701,38.24,21966
2010-03-22 13:30:00,38.24,38.26,38.2101,38.22,57361
2010-03-22 13:45:00,38.22,38.23,38.18,38.18,11778
2010-03-22 14:00:00,38.1801,38.19,38.18,38.185,11676
2010-03-22 14:15:00,38.18,38.19,38.13,38.15,26150
2010-03-22 14:30:00,38.15,38.15,38.14,38.15,15428
2010-03-22 14:45:00,38.15,38.225,38.15,38.22,55583
2010-03-22 15:00:00,38.22,38.24,38.21,38.23,19725
2010-03-22 15:15:00,38.23,38.25,38.22,38.25,31425
2010-03-22 15:30:00,38.25,38.26,38.24,38.25,74407
2010-03-22 15:45:00,38.25,38.25,38.214,38.25,84508
2010-03-22 16:00:00,38.25,38.26,38.23,38.25,187972
2010-03-23 09:45:00,38.39,38.5,38.22,38.22,51731
2010-03-23 10:00:00,38.23,38.25,38.06,38.1125,76418
2010-03-23 10:15:00,38.11,38.15,38.04,38.13,48439
2010-03-23 10:30:00,38.14,38.21,38.09,38.14,57485
2010-03-23 10:45:00,38.14,38.17,38.05,38.06,39103
2010-03-23 11:00:00,38.07,38.1,37.93,37.94,30610
2010-03-23 11:15:00,37.95,37.971,37.9,37.95,21623
2010-03-23 11:30:00,37.96,38.03,37.94,37.97,22505
2010-03-23 11:45:00,37.97,38.02,37.9675,37.98,25490
2010-03-23 12:00:00,37.99,38.05,37.985,38.03,18618
2010-03-23 12:15:00,38.03,38.16,38.03,38.1399,33132
2010-03-23 12:30:00,38.14,38.18,38.12,38.17,19418
2010-03-23 12:45:00,38.18,38.2,38.15,38.17,26849
2010-03-23 13:00:00,38.17,38.17,38.11,38.13,67834
2010-03-23 13:15:00,38.13,38.2,38.1,38.12,41452
2010-03-23 13:30:00,38.12,38.166,38.11,38.15,14100
2010-03-23 13:45:00,38.1475,38.15,38.1,38.1,14272
2010-03-23 14:00:00,38.0929,38.12,38.055,38.1,26076
2010-03-23 14:15:00,38.1,38.15,38.08,38.13,39382
2010-03-23 14:30:00,38.14,38.2,38.12,38.2,24303
2010-03-23 14:45:00,38.19,38.2,38.13,38.17,52005
2010-03-23 15:00:00,38.17,38.175,38.09,38.12,81073
2010-03-23 15:15:00,38.12,38.24,38.11,38.2299,101597
2010-03-23 15:30:00,38.22,38.25,38.18,38.2,60688
2010-03-23 15:45:00,38.19,38.25,38.19,38.25,56500
2010-03-23 16:00:00,38.25,38.25,38.18,38.22,105249
2010-03-24 09:45:00,38.15,38.22,37.9801,38.04,39373
2010-03-24 10:00:00,38.01,38.09,37.99,37.9946,27406
2010-03-24 10:15:00,37.99,38.11,37.92,38.08,30690
2010-03-24 10:30:00,38.08,38.08,38.0,38.01,18625
2010-03-24 10:45:00,38.01,38.04,37.95,37.98,31742
2010-03-24 11:00:00,37.99,38.06,37.98,37.99,17233
2010-03-24 11:15:00,37.99,37.99,37.87,37.87,48779
2010-03-24 11:30:00,37.87,37.87,37.79,37.82,39947
2010-03-24 11:45:00,37.84,37.91,37.83,37.9,26533
2010-03-24 12:00:00,37.906,37.906,37.82,37.88,30216
2010-03-24 12:15:00,37.8794,38.025999999999996,37.8794,38.0,33493
2010-03-24 12:30:00,38.0,38.06,37.99,38.02,22947
2010-03-24 12:45:00,38.03,38.1,38.03,38.1,18750
2010-03-24 13:00:00,38.09,38.14,38.06,38.1,39861
2010-03-24 13:15:00,38.09,38.09,37.96,38.03,22674
2010-03-24 13:30:00,38.03,38.07,37.99,38.07,23550
2010-03-24 13:45:00,38.06,38.12,38.05,38.07,24574
2010-03-24 14:00:00,38.0603,38.09,37.98,38.0,42220
2010-03-24 14:15:00,38.0,38.03,37.96,38.01,65991
2010-03-24 14:30:00,38.01,38.08,37.99,38.008,44241
2010-03-24 14:45:00,38.0,38.0398,37.98,38.0,57910
2010-03-24 15:00:00,38.01,38.05,37.97,38.01,44735
2010-03-24 15:15:00,38.0,38.07,37.99,38.06,50979
2010-03-24 15:30:00,38.05,38.15,38.05,38.15,50432
2010-03-24 15:45:00,38.15,38.29,38.13,38.22,191989
2010-03-24 16:00:00,38.21,38.22,38.06,38.07,241945
2010-03-25 09:45:00,38.18,38.5,38.18,38.37,156018
2010-03-25 10:00:00,38.36,38.41,38.25,38.31,112056
2010-03-25 10:15:00,38.2901,38.35,38.23,38.35,106260
2010-03-25 10:30:00,38.35,38.41,38.2,38.21,161623
2010-03-25 10:45:00,38.22,38.25,38.19,38.24,50222
2010-03-25 11:00:00,38.24,38.25,38.23,38.25,36959
2010-03-25 11:15:00,38.25,38.26,38.23,38.25,92217
2010-03-25 11:30:00,38.25,38.25,38.24,38.25,41523
2010-03-25 11:45:00,38.25,38.26,38.23,38.25,78448
2010-03-25 12:00:00,38.25,38.26,38.24,38.25,38287
2010-03-25 12:15:00,38.25,38.26,38.24,38.25,38620
2010-03-25 12:30:00,38.24,38.41,38.24,38.41,63400
2010-03-25 12:45:00,38.4,38.5,38.4,38.49,32154
2010-03-25 13:00:00,38.49,38.53,38.46,38.5,30440
2010-03-25 13:15:00,38.5,38.55,38.485,38.54,28162
2010-03-25 13:30:00,38.55,38.57,38.5001,38.5001,31049
2010-03-25 13:45:00,38.5,38.51,38.4227,38.44,29669
2010-03-25 14:00:00,38.44,38.46,38.35,38.38,37313
2010-03-25 14:15:00,38.38,38.47,38.375,38.465,40094
2010-03-25 14:30:00,38.47,38.49,38.34,38.34,32321
2010-03-25 14:45:00,38.33,38.4,38.3,38.38,41324
2010-03-25 15:00:00,38.39,38.39,38.31,38.3701,46432
2010-03-25 15:15:00,38.38,38.47,38.37,38.47,48486
2010-03-25 15:30:00,38.461,38.47,38.42,38.43,53077
2010-03-25 15:45:00,38.43,38.435,38.24,38.31,112784
2010-03-25 16:00:00,38.3,38.3,38.07,38.1,211311
2010-03-26 09:45:00,38.14,38.43,38.11,38.38,36693
2010-03-26 10:00:00,38.37,38.47,38.37,38.43,25037
2010-03-26 10:15:00,38.42,38.6,38.42,38.515,28650
2010-03-26 10:30:00,38.52,38.63,38.5,38.63,37410
2010-03-26 10:45:00,38.63,38.68,38.56,38.61,28074
2010-03-26 11:00:00,38.61,38.63,38.48,38.525999999999996,51295
2010-03-26 11:15:00,38.54,38.58,38.49,38.52,39896
2010-03-26 11:30:00,38.52,38.56,38.5,38.56,28236
2010-03-26 11:45:00,38.56,38.65,38.55,38.65,41418
2010-03-26 12:00:00,38.64,38.67,38.61,38.65,38769
2010-03-26 12:15:00,38.65,38.66,38.61,38.64,32055
2010-03-26 12:30:00,38.64,38.66,38.475,38.53,68830
2010-03-26 12:45:00,38.53,38.57,38.485,38.5299,45985
2010-03-26 13:00:00,38.52,38.52,38.41,38.43,73149
2010-03-26 13:15:00,38.42,38.5,38.32,38.37,77369
2010-03-26 13:30:00,38.38,38.42,38.35,38.37,42502
2010-03-26 13:45:00,38.37,38.51,38.37,38.5,46971
2010-03-26 14:00:00,38.51,38.51,38.41,38.47,67053
2010-03-26 14:15:00,38.47,38.47,38.36,38.42,60044
2010-03-26 14:30:00,38.42,38.57,38.4,38.55,81920
2010-03-26 14:45:00,38.55,38.56,38.5,38.51,44545
2010-03-26 15:00:00,38.5,38.5,38.41,38.45,71630
2010-03-26 15:15:00,38.449,38.45,38.41,38.43,61362
2010-03-26 15:30:00,38.43,38.44,38.36,38.4,85698
2010-03-26 15:45:00,38.41,38.46,38.37,38.4,129868
2010-03-26 16:00:00,38.4,38.46,38.4,38.41,111218
2010-03-29 09:45:00,38.56,39.0,38.56,38.98,110633
2010-03-29 10:00:00,38.98,39.07,38.96,38.98,69175
2010-03-29 10:15:00,38.96,38.97,38.83,38.885,94061
2010-03-29 10:30:00,38.8899,38.96,38.85,38.95,73019
2010-03-29 10:45:00,38.95,38.97,38.84,38.95,68453
2010-03-29 11:00:00,38.94,38.94,38.85,38.86,32156
2010-03-29 11:15:00,38.86,38.91,38.85,38.87,42665
2010-03-29 11:30:00,38.88,39.0,38.8399,38.98,38481
2010-03-29 11:45:00,38.98,39.0,38.94,38.9694,48385
2010-03-29 12:00:00,38.96,38.97,38.93,38.95,40464
2010-03-29 12:15:00,38.95,39.0498,38.95,39.0498,37141
2010-03-29 12:30:00,39.05,39.05,39.02,39.05,23605
2010-03-29 12:45:00,39.04,39.06,39.0,39.02,36821
2010-03-29 13:00:00,39.02,39.03,39.01,39.0295,36285
2010-03-29 13:15:00,39.03,39.06,39.01,39.01,34427
2010-03-29 13:30:00,39.01,39.0901,39.01,39.09,38240
2010-03-29 13:45:00,39.09,39.12,39.04,39.05,35069
2010-03-29 14:00:00,39.05,39.13,39.05,39.11,37540
2010-03-29 14:15:00,39.11,39.15,39.07,39.11,115418
2010-03-29 14:30:00,39.1,39.11,39.0287,39.045,48032
2010-03-29 14:45:00,39.04,39.11,39.0,39.1,85222
2010-03-29 15:00:00,39.09,39.135,39.07,39.12,73628
2010-03-29 15:15:00,39.12,39.145,39.12,39.14,50775
2010-03-29 15:30:00,39.14,39.15,39.1001,39.14,49897
2010-03-29 15:45:00,39.13,39.16,39.09,39.14,109414
2010-03-29 16:00:00,39.14,39.23,39.1,39.21,452490
2010-03-30 09:45:00,39.23,39.4,39.14,39.39,48790
2010-03-30 10:00:00,39.37,39.565,39.33,39.49,34528
2010-03-30 10:15:00,39.5,39.59,39.48,39.58,36750
2010-03-30 10:30:00,39.57,39.58,39.43,39.47,114416
2010-03-30 10:45:00,39.49,39.58,39.49,39.58,33568
2010-03-30 11:00:00,39.575,39.59,39.53,39.55,30067
2010-03-30 11:15:00,39.55,39.555,39.2615,39.3,36937
2010-03-30 11:30:00,39.3,39.34,39.198,39.21,38877
2010-03-30 11:45:00,39.22,39.29,39.2,39.29,33142
2010-03-30 12:00:00,39.28,39.29,39.24,39.27,35653
2010-03-30 12:15:00,39.275,39.32,39.27,39.285,36888
2010-03-30 12:30:00,39.285,39.29,39.18,39.21,33919
2010-03-30 12:45:00,39.21,39.21,39.18,39.19,19141
2010-03-30 13:00:00,39.19,39.22,39.18,39.2,33556
2010-03-30 13:15:00,39.2,39.21,39.15,39.19,18185
2010-03-30 13:30:00,39.19,39.19,39.03,39.065,17551
2010-03-30 13:45:00,39.07,39.12,39.04,39.1,15802
2010-03-30 14:00:00,39.095,39.18,39.07,39.14,22153
2010-03-30 14:15:00,39.15,39.16,39.1,39.155,12735
2010-03-30 14:30:00,39.15,39.15,39.1,39.12,13500
2010-03-30 14:45:00,39.12,39.21,39.12,39.18,22628
2010-03-30 15:00:00,39.185,39.21,39.17,39.17,30819
2010-03-30 15:15:00,39.18,39.195,39.17,39.18,30049
2010-03-30 15:30:00,39.18,39.18,39.16,39.18,42761
2010-03-30 15:45:00,39.17,39.19,39.16,39.16,48028
2010-03-30 16:00:00,39.16,39.165,39.05,39.06,184712
2010-03-31 09:45:00,38.99,39.0655,38.81,38.81,34660
2010-03-31 10:00:00,38.8,38.81,38.67,38.68,35487
2010-03-31 10:15:00,38.68,38.71,38.6,38.62,34658
2010-03-31 10:30:00,38.61,38.73,38.59,38.7289,29890
2010-03-31 10:45:00,38.72,38.76,38.64,38.64,33950
2010-03-31 11:00:00,38.63,38.65,38.58,38.62,39983
2010-03-31 11:15:00,38.61,38.64,38.545,38.58,34098
2010-03-31 11:30:00,38.57,38.6,38.54,38.55,22828
2010-03-31 11:45:00,38.55,38.6,38.51,38.53,74368
2010-03-31 12:00:00,38.53,38.6,38.525,38.57,59754
2010-03-31 12:15:00,38.5775,38.63,38.57,38.63,41414
2010-03-31 12:30:00,38.63,38.71,38.6,38.6,38005
2010-03-31 12:45:00,38.61,38.61,38.58,38.59,34224
2010-03-31 13:00:00,38.59,38.59,38.49,38.5,41641
2010-03-31 13:15:00,38.49,38.5,38.47,38.471,22697
2010-03-31 13:30:00,38.48,38.53,38.4301,38.52,40142
2010-03-31 13:45:00,38.52,38.53,38.47,38.49,26273
2010-03-31 14:00:00,38.49,38.49,38.43,38.44,33145
2010-03-31 14:15:00,38.45,38.56,38.44,38.56,32385
2010-03-31 14:30:00,38.56,38.6,38.55,38.59,27644
2010-03-31 14:45:00,38.6,38.6,38.54,38.55,33585
2010-03-31 15:00:00,38.54,38.54,38.38,38.4101,99066
2010-03-31 15:15:00,38.41,38.45,38.39,38.42,74846
2010-03-31 15:30:00,38.41,38.47,38.38,38.46,93281
2010-03-31 15:45:00,38.46,38.47,38.39,38.39,48953
2010-03-31 16:00:00,38.39,38.39,38.25,38.3,162252
2010-04-01 09:45:00,38.55,38.78,38.48,38.5,65494
2010-04-01 10:00:00,38.51,38.6352,38.5,38.57,28129
2010-04-01 10:15:00,38.58,38.7,38.48,38.53,31948
2010-04-01 10:30:00,38.54,38.54,38.47,38.48,41237
2010-04-01 10:45:00,38.49,38.53,38.45,38.51,23051
2010-04-01 11:00:00,38.52,38.52,38.4,38.41,25039
2010-04-01 11:15:00,38.41,38.415,38.35,38.39,27137
2010-04-01 11:30:00,38.38,38.43,38.32,38.4,44762
2010-04-01 11:45:00,38.4,38.4575,38.4,38.4381,22732
2010-04-01 12:00:00,38.44,38.46,38.41,38.42,13900
2010-04-01 12:15:00,38.41,38.43,38.345,38.42,30819
2010-04-01 12:30:00,38.43,38.44,38.4,38.405,11244
2010-04-01 12:45:00,38.4,38.41,38.37,38.38,13875
2010-04-01 13:00:00,38.39,38.42,38.39,38.41,11225
2010-04-01 13:15:00,38.4,38.41,38.37,38.38,19660
2010-04-01 13:30:00,38.38,38.4,38.35,38.36,10868
2010-04-01 13:45:00,38.37,38.435,38.37,38.4,38595
2010-04-01 14:00:00,38.394,38.4,38.26,38.295,26196
2010-04-01 14:15:00,38.29,38.295,38.21,38.24,20200
2010-04-01 14:30:00,38.235,38.299,38.22,38.25,26741
2010-04-01 14:45:00,38.25,38.27,38.12,38.18,33782
2010-04-01 15:00:00,38.17,38.26,38.17,38.21,35862
2010-04-01 15:15:00,38.21,38.26,38.18,38.254,26913
2010-04-01 15:30:00,38.26,38.305,38.22,38.25,111532
2010-04-01 15:45:00,38.25,38.33,38.25,38.27,78041
2010-04-01 16:00:00,38.26,38.36,38.21,38.35,290259
2010-04-05 09:45:00,38.29,38.77,38.29,38.76,52552
2010-04-05 10:00:00,38.77,38.91,38.765,38.9099,29541
2010-04-05 10:15:00,38.91,38.97,38.85,38.88,153009
2010-04-05 10:30:00,38.89,38.93,38.885,38.92,37499
2010-04-05 10:45:00,38.93,39.0,38.91,39.0,53617
2010-04-05 11:00:00,38.995,39.11,38.99,39.11,43188
2010-04-05 11:15:00,39.12,39.16,39.0701,39.16,17228
2010-04-05 11:30:00,39.155,39.195,39.155,39.183,29475
2010-04-05 11:45:00,39.19,39.19,39.11,39.12,19047
2010-04-05 12:00:00,39.12,39.12,39.03,39.04,48190
2010-04-05 12:15:00,39.04,39.05,39.02,39.03,35944
2010-04-05 12:30:00,39.03,39.05,39.02,39.025,19016
2010-04-05 12:45:00,39.02,39.03,38.99,38.99,43195
2010-04-05 13:00:00,38.99,39.0,38.98,38.985,15721
2010-04-05 13:15:00,38.9884,39.02,38.97,39.02,30859
2010-04-05 13:30:00,39.02,39.08,39.015,39.0799,26104
2010-04-05 13:45:00,39.08,39.1,39.03,39.05,18953
2010-04-05 14:00:00,39.05,39.12,39.04,39.11,19442
2010-04-05 14:15:00,39.105,39.14,39.1005,39.14,29470
2010-04-05 14:30:00,39.13,39.135,39.09,39.12,30405
2010-04-05 14:45:00,39.13,39.15,39.11,39.15,62487
2010-04-05 15:00:00,39.15,39.21,39.1499,39.17,32902
2010-04-05 15:15:00,39.18,39.19,39.14,39.16,51593
2010-04-05 15:30:00,39.16,39.19,39.14,39.14,50117
2010-04-05 15:45:00,39.14,39.18,39.12,39.13,71748
2010-04-05 16:00:00,39.13,39.15,39.11,39.15,151141
2010-04-06 09:45:00,39.19,39.19,38.65,38.8,57693
2010-04-06 10:00:00,38.82,38.96,38.75,38.79,37855
2010-04-06 10:15:00,38.77,38.86,38.72,38.81,49468
2010-04-06 10:30:00,38.8,38.805,38.65,38.74,32473
2010-04-06 10:45:00,38.735,38.74,38.59,38.63,48139
2010-04-06 11:00:00,38.63,38.68,38.61,38.63,73548
2010-04-06 11:15:00,38.62,38.67,38.6,38.6399,54329
2010-04-06 11:30:00,38.63,38.67,38.61,38.66,58614
2010-04-06 11:45:00,38.66,38.69,38.6,38.6,54670
2010-04-06 12:00:00,38.61,38.655,38.6,38.65,28802
2010-04-06 12:15:00,38.64,38.66,38.6,38.64,42251
2010-04-06 12:30:00,38.64,38.65,38.63,38.63,37070
2010-04-06 12:45:00,38.63,38.64,38.49,38.52,61469
2010-04-06 13:00:00,38.51,38.56,38.505,38.535,42966
2010-04-06 13:15:00,38.54,38.61,38.54,38.58,46219
2010-04-06 13:30:00,38.58,38.61,38.575,38.61,24097
2010-04-06 13:45:00,38.61,38.64,38.6,38.64,29454
2010-04-06 14:00:00,38.64,38.67,38.63,38.65,34570
2010-04-06 14:15:00,38.65,38.82,38.63,38.78,65811
2010-04-06 14:30:00,38.78,38.89,38.76,38.88,37796
2010-04-06 14:45:00,38.88,38.95,38.876,38.93,34721
2010-04-06 15:00:00,38.92,38.92,38.88,38.9165,50141
2010-04-06 15:15:00,38.92,38.95,38.86,38.93,62065
2010-04-06 15:30:00,38.94,38.99,38.939,38.95,70515
2010-04-06 15:45:00,38.95,38.95,38.7225,38.91,94412
2010-04-06 16:00:00,38.92,38.95,38.88,38.93,131878
2010-04-07 09:45:00,38.83,39.0,38.79,38.87,34504
2010-04-07 10:00:00,38.87,38.9,38.76,38.77,30231
2010-04-07 10:15:00,38.76,38.87,38.71,38.86,15050
2010-04-07 10:30:00,38.8913,38.9,38.75,38.75,12881
2010-04-07 10:45:00,38.75,38.77,38.57,38.62,33913
2010-04-07 11:00:00,38.61,38.61,38.52,38.58,12152
2010-04-07 11:15:00,38.57,38.665,38.57,38.665,17514
2010-04-07 11:30:00,38.67,38.7,38.52,38.57,43192
2010-04-07 11:45:00,38.58,38.6,38.53,38.59,24489
2010-04-07 12:00:00,38.59,38.59,38.52,38.535,45653
2010-04-07 12:15:00,38.52,38.58,38.49,38.58,21938
2010-04-07 12:30:00,38.59,38.605,38.555,38.56,20285
2010-04-07 12:45:00,38.56,38.57,38.54,38.56,20349
2010-04-07 13:00:00,38.555,38.595,38.54,38.59,14281
2010-04-07 13:15:00,38.595,38.64,38.58,38.62,21653
2010-04-07 13:30:00,38.62,38.68,38.61,38.65,19558
2010-04-07 13:45:00,38.66,38.68,38.59,38.61,17833
2010-04-07 14:00:00,38.61,38.625,38.56,38.57,38108
2010-04-07 14:15:00,38.57,38.582,38.505,38.519,32158
2010-04-07 14:30:00,38.51,38.52,38.33,38.35,43303
2010-04-07 14:45:00,38.35,38.38,38.26,38.31,76189
2010-04-07 15:00:00,38.3,38.34,38.27,38.325,59604
2010-04-07 15:15:00,38.31,38.31,38.13,38.15,71662
2010-04-07 15:30:00,38.15,38.29,38.15,38.23,51702
2010-04-07 15:45:00,38.23,38.3,38.2,38.22,108242
2010-04-07 16:00:00,38.22,38.43,38.22,38.39,148163
2010-04-08 09:45:00,38.32,38.41,38.013000000000005,38.04,46546
2010-04-08 10:00:00,38.04,38.19,38.0,38.12,39992
2010-04-08 10:15:00,38.13,38.23,38.13,38.17,29130
2010-04-08 10:30:00,38.19,38.345,38.19,38.34,18595
2010-04-08 10:45:00,38.36,38.4,38.32,38.32,12278
2010-04-08 11:00:00,38.3154,38.37,38.31,38.37,16298
2010-04-08 11:15:00,38.38,38.405,38.25,38.26,35383
2010-04-08 11:30:00,38.25,38.25,38.21,38.22,25270
2010-04-08 11:45:00,38.22,38.23,38.2,38.205,15390
2010-04-08 12:00:00,38.205,38.27,38.15,38.27,36744
2010-04-08 12:15:00,38.28,38.28,38.25,38.27,15100
2010-04-08 12:30:00,38.2705,38.36,38.2705,38.35,20829
2010-04-08 12:45:00,38.35,38.35,38.25,38.26,34552
2010-04-08 13:00:00,38.26,38.33,38.25,38.32,32598
2010-04-08 13:15:00,38.3181,38.44,38.31,38.42,34823
2010-04-08 13:30:00,38.42,38.44,38.4,38.44,12999
2010-04-08 13:45:00,38.44,38.58,38.44,38.57,22100
2010-04-08 14:00:00,38.57,38.61,38.46,38.51,31535
2010-04-08 14:15:00,38.5,38.54,38.48,38.52,21790
2010-04-08 14:30:00,38.53,38.619,38.53,38.61,21423
2010-04-08 14:45:00,38.6199,38.65,38.59,38.64,29817
2010-04-08 15:00:00,38.64,38.7,38.62,38.7,29009
2010-04-08 15:15:00,38.705999999999996,38.75,38.66,38.68,44524
2010-04-08 15:30:00,38.68,38.73,38.66,38.69,41610
2010-04-08 15:45:00,38.69,38.73,38.63,38.65,54399
2010-04-08 16:00:00,38.65,38.71,38.63,38.66,94324
2010-04-09 09:45:00,38.8,38.8,38.44,38.55,25725
2010-04-09 10:00:00,38.52,38.7,38.46,38.68,11841
2010-04-09 10:15:00,38.7,38.745,38.605,38.68,25325
2010-04-09 10:30:00,38.69,38.79,38.68,38.73,28580
2010-04-09 10:45:00,38.72,38.79,38.705,38.79,23930
2010-04-09 11:00:00,38.79,38.83,38.765,38.78,28023
2010-04-09 11:15:00,38.79,38.885,38.79,38.88,17868
2010-04-09 11:30:00,38.88,38.92,38.825,38.91,16100
2010-04-09 11:45:00,38.91,38.91,38.84,38.89,15070
2010-04-09 12:00:00,38.88,38.885,38.845,38.86,21402
2010-04-09 12:15:00,38.86,38.9,38.85,38.88,8942
2010-04-09 12:30:00,38.89,38.92,38.87,38.89,18163
2010-04-09 12:45:00,38.89,38.9,38.86,38.87,22067
2010-04-09 13:00:00,38.87,38.9,38.83,38.885,34991
2010-04-09 13:15:00,38.899,38.9,38.76,38.82,32950
2010-04-09 13:30:00,38.83,38.91,38.81,38.9,60355
2010-04-09 13:45:00,38.9,38.92,38.89,38.9,50121
2010-04-09 14:00:00,38.9,38.94,38.855,38.87,177808
2010-04-09 14:15:00,38.87,38.98,38.845,38.97,51233
2010-04-09 14:30:00,38.97,39.0,38.9301,38.95,83062
2010-04-09 14:45:00,38.95,38.95,38.91,38.91,34514
2010-04-09 15:00:00,38.91,38.92,38.87,38.88,33346
2010-04-09 15:15:00,38.88,38.89,38.87,38.885,32799
2010-04-09 15:30:00,38.89,38.92,38.88,38.91,67705
2010-04-09 15:45:00,38.91,38.925,38.88,38.89,146685
2010-04-09 16:00:00,38.9,38.95,38.84,38.88,220520
2010-04-12 09:45:00,39.07,39.18,39.0,39.07,56823
2010-04-12 10:00:00,39.08,39.09,38.93,38.93,25542
2010-04-12 10:15:00,38.93,39.02,38.89,39.0,73150
2010-04-12 10:30:00,39.0,39.0,38.89,38.93,19934
2010-04-12 10:45:00,38.94,38.95,38.87,38.9,15062
2010-04-12 11:00:00,38.89,38.95,38.89,38.92,20250
2010-04-12 11:15:00,38.916,38.95,38.91,38.91,18106
2010-04-12 11:30:00,38.91,38.93,38.84,38.84,34012
2010-04-12 11:45:00,38.83,38.9,38.82,38.8975,13952
2010-04-12 12:00:00,38.895,38.895,38.84,38.89,20559
2010-04-12 12:15:00,38.88,38.94,38.85,38.94,22850
2010-04-12 12:30:00,38.93,38.96,38.925,38.96,6687
2010-04-12 12:45:00,38.97,39.1,38.97,39.1,79022
2010-04-12 13:00:00,39.1,39.15,39.07,39.15,38264
2010-04-12 13:15:00,39.15,39.23,39.15,39.23,38983
2010-04-12 13:30:00,39.23,39.23,39.19,39.19,13934
2010-04-12 13:45:00,39.18,39.21,39.18,39.2,13424
2010-04-12 14:00:00,39.2,39.24,39.15,39.15,31688
2010-04-12 14:15:00,39.15,39.16,39.13,39.14,14157
2010-04-12 14:30:00,39.14,39.19,39.14,39.17,36301
2010-04-12 14:45:00,39.17,39.19,39.16,39.19,28449
2010-04-12 15:00:00,39.19,39.2,39.18,39.19,40885
2010-04-12 15:15:00,39.19,39.2,39.16,39.19,53805
2010-04-12 15:30:00,39.19,39.19,39.1,39.17,67377
2010-04-12 15:45:00,39.17,39.19,39.09,39.1,56313
2010-04-12 16:00:00,39.09,39.14,39.06,39.11,121723
2010-04-13 09:45:00,39.24,39.43,39.17,39.35,51423
2010-04-13 10:00:00,39.36,39.41,39.25,39.26,46279
2010-04-13 10:15:00,39.255,39.36,39.23,39.35,33445
2010-04-13 10:30:00,39.35,39.41,39.1,39.15,31601
2010-04-13 10:45:00,39.14,39.22,39.07,39.22,51371
2010-04-13 11:00:00,39.23,39.28,39.18,39.18,30338
2010-04-13 11:15:00,39.1863,39.23,39.14,39.15,41805
2010-04-13 11:30:00,39.15,39.17,39.13,39.16,64852
2010-04-13 11:45:00,39.16,39.18,39.13,39.16,52028
2010-04-13 12:00:00,39.15,39.17,39.1301,39.155,24400
2010-04-13 12:15:00,39.16,39.205,39.15,39.18,41340
2010-04-13 12:30:00,39.18,39.3,39.18,39.3,20000
2010-04-13 12:45:00,39.3,39.3,39.28,39.29,14441
2010-04-13 13:00:00,39.3,39.38,39.25,39.36,24771
2010-04-13 13:15:00,39.35,39.37,39.29,39.29,14774
2010-04-13 13:30:00,39.29,39.29,39.27,39.28,12186
2010-04-13 13:45:00,39.28,39.31,39.27,39.31,18704
2010-04-13 14:00:00,39.305,39.36,39.295,39.36,21215
2010-04-13 14:15:00,39.36,39.36,39.23,39.26,63432
2010-04-13 14:30:00,39.26,39.29,39.26,39.26,31956
2010-04-13 14:45:00,39.25,39.26,39.21,39.22,30732
2010-04-13 15:00:00,39.22,39.245,39.2,39.2,27768
2010-04-13 15:15:00,39.21,39.23,39.2,39.23,24526
2010-04-13 15:30:00,39.22,39.34,39.2,39.31,41444
2010-04-13 15:45:00,39.3,39.33,39.27,39.28,44770
2010-04-13 16:00:00,39.29,39.31,39.24,39.3,79443
2010-04-14 09:45:00,39.33,39.55,39.22,39.32,51724
2010-04-14 10:00:00,39.33,39.49,39.315,39.47,31644
2010-04-14 10:15:00,39.48,39.52,39.35,39.38,54361
2010-04-14 10:30:00,39.38,39.39,39.34,39.39,25130
2010-04-14 10:45:00,39.39,39.45,39.34,39.44,44752
2010-04-14 11:00:00,39.45,39.51,39.4295,39.51,50675
2010-04-14 11:15:00,39.5,39.58,39.45,39.48,43688
2010-04-14 11:30:00,39.47,39.51,39.4506,39.48,38702
2010-04-14 11:45:00,39.48,39.48,39.41,39.42,18810
2010-04-14 12:00:00,39.42,39.455,39.3603,39.37,49704
2010-04-14 12:15:00,39.3873,39.42,39.37,39.39,19938
2010-04-14 12:30:00,39.4,39.42,39.38,39.41,29507
2010-04-14 12:45:00,39.4,39.46,39.4,39.43,46558
2010-04-14 13:00:00,39.44,39.45,39.33,39.4,43237
2010-04-14 13:15:00,39.4,39.43,39.32,39.33,19021
2010-04-14 13:30:00,39.34,39.4,39.32,39.38,17744
2010-04-14 13:45:00,39.38,39.39,39.3,39.31,28679
2010-04-14 14:00:00,39.3125,39.33,39.26,39.2685,17740
2010-04-14 14:15:00,39.27,39.41,39.27,39.39,100314
2010-04-14 14:30:00,39.38,39.4,39.32,39.3299,11525
2010-04-14 14:45:00,39.33,39.38,39.33,39.37,29851
2010-04-14 15:00:00,39.37,39.38,39.29,39.29,38667
2010-04-14 15:15:00,39.29,39.37,39.29,39.31,44468
2010-04-14 15:30:00,39.3,39.3104,39.265,39.31,50201
2010-04-14 15:45:00,39.31,39.4401,39.31,39.42,99146
2010-04-14 16:00:00,39.42,39.54,39.42,39.5,140165
2010-04-15 09:45:00,39.56,39.62,39.39,39.53,72968
2010-04-15 10:00:00,39.54,39.87,39.54,39.87,60298
2010-04-15 10:15:00,39.88,40.0,39.87,39.93,60232
2010-04-15 10:30:00,39.95,40.07,39.95,40.02,44862
2010-04-15 10:45:00,40.02,40.17,40.0,40.14,48039
2010-04-15 11:00:00,40.14,40.16,40.09,40.11,32189
2010-04-15 11:15:00,40.11,40.22,40.1,40.1,56326
2010-04-15 11:30:00,40.1,40.135,40.06,40.08,48592
2010-04-15 11:45:00,40.07,40.18,40.06,40.13,55816
2010-04-15 12:00:00,40.125,40.21,40.12,40.21,73833
2010-04-15 12:15:00,40.21,40.21,40.09,40.18,29773
2010-04-15 12:30:00,40.17,40.2,40.09,40.11,53418
2010-04-15 12:45:00,40.11,40.18,40.11,40.1495,20750
2010-04-15 13:00:00,40.14,40.19,40.14,40.19,22531
2010-04-15 13:15:00,40.19,40.21,40.16,40.21,25535
2010-04-15 13:30:00,40.21,40.25,40.21,40.23,23547
2010-04-15 13:45:00,40.22,40.25,40.22,40.25,23336
2010-04-15 14:00:00,40.25,40.25,40.21,40.25,34024
2010-04-15 14:15:00,40.25,40.25,40.23,40.23,30709
2010-04-15 14:30:00,40.24,40.25,40.22,40.23,32722
2010-04-15 14:45:00,40.22,40.25,40.215,40.22,27377
2010-04-15 15:00:00,40.23,40.25,40.22,40.24,58957
2010-04-15 15:15:00,40.25,40.25,40.21,40.21,37977
2010-04-15 15:30:00,40.21,40.24,40.17,40.17,39420
2010-04-15 15:45:00,40.18,40.21,40.16,40.19,78362
2010-04-15 16:00:00,40.19,40.21,40.14,40.15,151510
2010-04-16 09:45:00,40.42,40.45,40.1,40.1,197487
2010-04-16 10:00:00,40.1,40.25,39.98,40.16,217203
2010-04-16 10:15:00,40.16,40.36,40.16,40.35,122846
2010-04-16 10:30:00,40.36,40.525,40.36,40.455,123106
2010-04-16 10:45:00,40.45,40.53,40.27,40.38,100521
2010-04-16 11:00:00,40.3794,40.4,40.2,40.33,64042
2010-04-16 11:15:00,40.32,40.32,40.16,40.2,76516
2010-04-16 11:30:00,40.2,40.21,39.99,40.03,105522
2010-04-16 11:45:00,40.03,40.24,39.99,40.24,84754
2010-04-16 12:00:00,40.23,40.33,40.09,40.1,127156
2010-04-16 12:15:00,40.1,40.11,39.94,39.9501,70508
2010-04-16 12:30:00,39.95,40.0,39.89,39.89,59431
2010-04-16 12:45:00,39.89,39.91,39.84,39.89,45276
2010-04-16 13:00:00,39.91,40.03,39.91,39.96,160548
2010-04-16 13:15:00,39.95,39.98,39.86,39.97,71178
2010-04-16 13:30:00,39.97,40.045,39.9201,40.02,30282
2010-04-16 13:45:00,40.03,40.13,40.0,40.1,44142
2010-04-16 14:00:00,40.12,40.13,40.06,40.08,29522
2010-04-16 14:15:00,40.08,40.19,40.05,40.06,52820
2010-04-16 14:30:00,40.06,40.12,40.06,40.1199,40260
2010-04-16 14:45:00,40.11,40.19,40.1099,40.17,33601
2010-04-16 15:00:00,40.18,40.18,40.01,40.01,41041
2010-04-16 15:15:00,40.01,40.05,39.91,39.91,113056
2010-04-16 15:30:00,39.91,39.955,39.91,39.91,82507
2010-04-16 15:45:00,39.91,39.985,39.9,39.97,137776
2010-04-16 16:00:00,39.97,39.98,39.78,39.85,324201
2010-04-19 09:45:00,40.41,40.77,40.16,40.3,362898
2010-04-19 10:00:00,40.3,40.38,40.05,40.25,187854
2010-04-19 10:15:00,40.26,40.55,40.25,40.49,374267
2010-04-19 10:30:00,40.49,40.51,40.39,40.44,155830
2010-04-19 10:45:00,40.46,40.56,40.38,40.4601,162186
2010-04-19 11:00:00,40.46,40.47,40.36,40.42,128517
2010-04-19 11:15:00,40.42,40.44,40.36,40.38,100735
2010-04-19 11:30:00,40.38,40.42,40.32,40.35,156767
2010-04-19 11:45:00,40.34,40.37,40.3,40.35,112032
2010-04-19 12:00:00,40.35,40.36,40.15,40.15,223462
2010-04-19 12:15:00,40.15,40.16,39.92,40.04,171084
2010-04-19 12:30:00,40.04,40.17,39.99,40.08,115496
2010-04-19 12:45:00,40.09,40.37,40.09,40.35,96303
2010-04-19 13:00:00,40.35,40.43,40.33,40.35,68234
2010-04-19 13:15:00,40.35,40.43,40.27,40.28,88129
2010-04-19 13:30:00,40.27,40.2975,40.21,40.22,49424
2010-04-19 13:45:00,40.21,40.27,40.17,40.26,253879
2010-04-19 14:00:00,40.26,40.27,40.13,40.16,40566
2010-04-19 14:15:00,40.15,40.21,40.12,40.19,143956
2010-04-19 14:30:00,40.19,40.48,40.19,40.47,82436
2010-04-19 14:45:00,40.47,40.54,40.46,40.53,126639
2010-04-19 15:00:00,40.54,40.6,40.44,40.6,81382
2010-04-19 15:15:00,40.6,40.91,40.6,40.87,312348
2010-04-19 15:30:00,40.87,40.88,40.71,40.82,155611
2010-04-19 15:45:00,40.815,40.88,40.74,40.84,189194
2010-04-19 16:00:00,40.84,41.0,40.84,40.95,360549
2010-04-20 09:45:00,41.21,41.5,41.02,41.285,171428
2010-04-20 10:00:00,41.29,41.32,41.13,41.23,86095
2010-04-20 10:15:00,41.23,41.27,41.05,41.14,68420
2010-04-20 10:30:00,41.1494,41.17,40.96,40.96,63771
2010-04-20 10:45:00,40.95,41.0,40.93,40.995,74499
2010-04-20 11:00:00,40.99,41.0,40.78,40.81,67780
2010-04-20 11:15:00,40.81,40.96,40.81,40.84,55894
2010-04-20 11:30:00,40.8499,40.8563,40.79,40.8089,34690
2010-04-20 11:45:00,40.8019,40.95,40.8,40.89,51629
2010-04-20 12:00:00,40.89,40.93,40.84,40.9001,31435
2010-04-20 12:15:00,40.9,41.01,40.89,41.0,70225
2010-04-20 12:30:00,41.0,41.07,40.99,40.998000000000005,37834
2010-04-20 12:45:00,40.99,41.0,40.89,40.94,31500
2010-04-20 13:00:00,40.96,40.986000000000004,40.88,40.93,52321
2010-04-20 13:15:00,40.94,40.975,40.9101,40.97,50374
2010-04-20 13:30:00,40.9699,40.9699,40.87,40.9,51852
2010-04-20 13:45:00,40.89,40.92,40.83,40.91,60283
2010-04-20 14:00:00,40.91,40.915,40.751999999999995,40.78,52335
2010-04-20 14:15:00,40.79,40.8,40.75,40.77,32277
2010-04-20 14:30:00,40.78,40.84,40.77,40.82,51964
2010-04-20 14:45:00,40.82,40.855,40.79,40.83,55234
2010-04-20 15:00:00,40.82,40.825,40.73,40.79,57724
2010-04-20 15:15:00,40.78,40.86,40.78,40.86,83161
2010-04-20 15:30:00,40.86,40.87,40.77,40.79,116911
2010-04-20 15:45:00,40.79,40.895,40.78,40.895,125459
2010-04-20 16:00:00,40.9,40.95,40.87,40.94,216095
2010-04-21 09:45:00,40.7,40.7,40.41,40.49,160744
2010-04-21 10:00:00,40.49,40.73,40.49,40.61,85042
2010-04-21 10:15:00,40.61,40.61,40.39,40.44,64717
2010-04-21 10:30:00,40.44,40.44,40.21,40.315,82271
2010-04-21 10:45:00,40.31,40.32,40.2,40.2,117170
2010-04-21 11:00:00,40.2,40.26,40.14,40.2,71479
2010-04-21 11:15:00,40.2,40.3,40.195,40.2802,61947
2010-04-21 11:30:00,40.28,40.29,40.14,40.15,51292
2010-04-21 11:45:00,40.145,40.16,40.02,40.035,56275
2010-04-21 12:00:00,40.03,40.12,40.01,40.094,70195
2010-04-21 12:15:00,40.1,40.14,40.04,40.085,63946
2010-04-21 12:30:00,40.09,40.11,40.02,40.05,85184
2010-04-21 12:45:00,40.05,40.14,40.02,40.115,50912
2010-04-21 13:00:00,40.13,40.15,40.08,40.11,31176
2010-04-21 13:15:00,40.1095,40.13,40.02,40.07,57498
2010-04-21 13:30:00,40.06,40.08,39.99,40.025,101995
2010-04-21 13:45:00,40.035,40.06,40.035,40.04,28961
2010-04-21 14:00:00,40.05,40.16,40.04,40.1401,37744
2010-04-21 14:15:00,40.14,40.15,40.08,40.12,47087
2010-04-21 14:30:00,40.115,40.115,39.82,39.825,159442
2010-04-21 14:45:00,39.83,39.9,39.81,39.854,56602
2010-04-21 15:00:00,39.85,39.96,39.82,39.96,58462
2010-04-21 15:15:00,39.95,40.02,39.9427,40.0185,84660
2010-04-21 15:30:00,40.02,40.08,40.015,40.04,82972
2010-04-21 15:45:00,40.05,40.16,40.05,40.1,119132
2010-04-21 16:00:00,40.1,40.17,40.08,40.09,143351
2010-04-22 09:45:00,39.88,39.99,39.76,39.79,63405
2010-04-22 10:00:00,39.79,40.08,39.79,40.05,45949
2010-04-22 10:15:00,40.04,40.1,39.86,39.865,53635
2010-04-22 10:30:00,39.85,40.06,39.82,40.01,29324
2010-04-22 10:45:00,40.01,40.19,39.93,40.13,53192
2010-04-22 11:00:00,40.13,40.13,39.84,39.85,44019
2010-04-22 11:15:00,39.84,39.93,39.77,39.77,48524
2010-04-22 11:30:00,39.77,39.77,39.7,39.73,33039
2010-04-22 11:45:00,39.73,39.79,39.67,39.79,35693
2010-04-22 12:00:00,39.79,39.9598,39.79,39.94,28659
2010-04-22 12:15:00,39.95,40.06,39.92,39.98,17743
2010-04-22 12:30:00,39.98,40.079,39.95,40.06,45818
2010-04-22 12:45:00,40.06,40.14,40.04,40.105,19734
2010-04-22 13:00:00,40.11,40.13,40.02,40.02,30314
2010-04-22 13:15:00,40.02,40.22,39.99,40.22,28416
2010-04-22 13:30:00,40.22,40.268,40.21,40.21,19865
2010-04-22 13:45:00,40.21,40.22,40.135,40.16,17951
2010-04-22 14:00:00,40.16,40.25,40.16,40.22,31610
2010-04-22 14:15:00,40.22,40.23,40.13,40.14,51333
2010-04-22 14:30:00,40.14,40.3,40.14,40.3,25964
2010-04-22 14:45:00,40.3,40.3,40.21,40.23,23320
2010-04-22 15:00:00,40.23,40.265,40.18,40.26,46825
2010-04-22 15:15:00,40.255,40.29,40.23,40.29,47492
2010-04-22 15:30:00,40.29,40.42,40.29,40.41,33332
2010-04-22 15:45:00,40.4075,40.45,40.365,40.42,83190
2010-04-22 16:00:00,40.41,40.46,40.38,40.41,113250
2010-04-23 09:45:00,40.47,40.48,40.132,40.32,52768
2010-04-23 10:00:00,40.32,40.43,40.29,40.39,36135
2010-04-23 10:15:00,40.41,40.7,40.4,40.69,81049
2010-04-23 10:30:00,40.705,40.73,40.5,40.51,28931
2010-04-23 10:45:00,40.49,40.55,40.41,40.54,46795
2010-04-23 11:00:00,40.53,40.54,40.45,40.51,30926
2010-04-23 11:15:00,40.525,40.575,40.39,40.43,42452
2010-04-23 11:30:00,40.43,40.49,40.32,40.33,29664
2010-04-23 11:45:00,40.33,40.33,40.19,40.26,34139
2010-04-23 12:00:00,40.28,40.3,40.14,40.17,57438
2010-04-23 12:15:00,40.165,40.21,40.1,40.21,78401
2010-04-23 12:30:00,40.22,40.3275,40.21,40.3275,26471
2010-04-23 12:45:00,40.32,40.34,40.23,40.23,45757
2010-04-23 13:00:00,40.235,40.31,40.17,40.31,55110
2010-04-23 13:15:00,40.31,40.36,40.29,40.33,24761
2010-04-23 13:30:00,40.32,40.33,40.23,40.27,38893
2010-04-23 13:45:00,40.25,40.27,40.22,40.235,29805
2010-04-23 14:00:00,40.22,40.31,40.21,40.3,26611
2010-04-23 14:15:00,40.3,40.305,40.24,40.26,40209
2010-04-23 14:30:00,40.26,40.27,40.19,40.26,44536
2010-04-23 14:45:00,40.26,40.32,40.25,40.28,26147
2010-04-23 15:00:00,40.2899,40.44,40.28,40.425,84510
2010-04-23 15:15:00,40.41,40.45,40.33,40.45,75950
2010-04-23 15:30:00,40.45,40.465,40.38,40.454,74576
2010-04-23 15:45:00,40.46,40.5,40.41,40.41,89845
2010-04-23 16:00:00,40.42,40.55,40.42,40.5,109879
2010-04-26 09:45:00,40.69,40.84,40.61,40.79,53318
2010-04-26 10:00:00,40.8099,40.83,40.69,40.82,31808
2010-04-26 10:15:00,40.82,40.9,40.7401,40.87,34854
2010-04-26 10:30:00,40.88,40.885,40.73,40.82,33354
2010-04-26 10:45:00,40.82,40.885,40.76,40.84,45679
2010-04-26 11:00:00,40.84,40.99,40.79,40.95,58558
2010-04-26 11:15:00,40.96,41.0,40.95,40.98,55409
2010-04-26 11:30:00,40.98,40.99,40.93,40.98,51211
2010-04-26 11:45:00,40.99,40.99,40.8,40.83,50341
2010-04-26 12:00:00,40.84,40.89,40.79,40.87,54679
2010-04-26 12:15:00,40.86,40.87,40.78,40.83,40973
2010-04-26 12:30:00,40.83,40.83,40.73,40.79,36988
2010-04-26 12:45:00,40.8,40.85,40.735,40.85,54980
2010-04-26 13:00:00,40.84,40.85,40.775,40.84,44802
2010-04-26 13:15:00,40.84,40.8799,40.8,40.84,65069
2010-04-26 13:30:00,40.83,40.87,40.72,40.76,23292
2010-04-26 13:45:00,40.78,40.79,40.65,40.68,45858
2010-04-26 14:00:00,40.675,40.77,40.675,40.73,55841
2010-04-26 14:15:00,40.73,40.7487,40.67,40.73,46186
2010-04-26 14:30:00,40.74,40.84,40.74,40.84,44614
2010-04-26 14:45:00,40.82,40.83,40.71,40.72,93369
2010-04-26 15:00:00,40.71,40.71,40.615,40.63,63078
2010-04-26 15:15:00,40.625,40.67,40.46,40.46,74758
2010-04-26 15:30:00,40.46,40.51,40.41,40.43,72868
2010-04-26 15:45:00,40.43,40.5,40.41,40.48,112850
2010-04-26 16:00:00,40.48,40.48,40.39,40.41,147896
2010-04-27 09:45:00,40.19,40.58,40.02,40.035,80071
2010-04-27 10:00:00,40.03,40.155,39.96,39.98,72844
2010-04-27 10:15:00,39.97,40.18,39.97,40.04,59459
2010-04-27 10:30:00,40.03,40.17,40.01,40.1,84082
2010-04-27 10:45:00,40.1099,40.2,40.08,40.18,49801
2010-04-27 11:00:00,40.1775,40.23,40.12,40.15,76359
2010-04-27 11:15:00,40.16,40.19,40.01,40.04,32070
2010-04-27 11:30:00,40.05,40.05,39.611,39.62,102537
2010-04-27 11:45:00,39.61,39.62,39.37,39.54,108181
2010-04-27 12:00:00,39.54,39.64,39.51,39.56,65216
2010-04-27 12:15:00,39.5799,39.648,39.42,39.43,35687
2010-04-27 12:30:00,39.43,39.51,39.43,39.48,28196
2010-04-27 12:45:00,39.47,39.57,39.47,39.55,25388
2010-04-27 13:00:00,39.54,39.5893,39.49,39.57,32235
2010-04-27 13:15:00,39.58,39.699,39.575,39.699,25348
2010-04-27 13:30:00,39.7,39.88,39.7,39.88,30446
2010-04-27 13:45:00,39.88,39.92,39.84,39.88,27082
2010-04-27 14:00:00,39.88,39.89,39.78,39.83,39765
2010-04-27 14:15:00,39.83,39.835,39.7,39.8,43328
2010-04-27 14:30:00,39.8001,39.815,39.71,39.72,52902
2010-04-27 14:45:00,39.74,39.77,39.62,39.65,67777
2010-04-27 15:00:00,39.65,39.66,39.54,39.6101,78163
2010-04-27 15:15:00,39.62,39.7,39.54,39.67,118302
2010-04-27 15:30:00,39.66,39.77,39.6,39.675,92954
2010-04-27 15:45:00,39.68,39.68,39.5,39.59,215721
2010-04-27 16:00:00,39.59,39.59,39.31,39.42,250801
2010-04-28 09:45:00,39.46,39.75,39.32,39.54,50719
2010-04-28 10:00:00,39.51,39.76,39.3825,39.47,40023
2010-04-28 10:15:00,39.47,39.47,39.18,39.2501,51493
2010-04-28 10:30:00,39.25,39.34,39.225,39.33,51928
2010-04-28 10:45:00,39.32,39.35,39.13,39.23,72624
2010-04-28 11:00:00,39.23,39.38,39.22,39.31,48605
2010-04-28 11:15:00,39.32,39.36,39.3,39.3,54244
2010-04-28 11:30:00,39.3,39.305,39.1,39.13,160808
2010-04-28 11:45:00,39.15,39.16,38.82,38.92,181794
2010-04-28 12:00:00,38.93,38.98,38.87,38.89,41554
2010-04-28 12:15:00,38.89,38.92,38.84,38.92,83856
2010-04-28 12:30:00,38.92,38.95,38.83,38.86,49126
2010-04-28 12:45:00,38.86,38.9,38.84,38.85,91332
2010-04-28 13:00:00,38.8599,38.91,38.85,38.85,54194
2010-04-28 13:15:00,38.85,38.88,38.83,38.84,42849
2010-04-28 13:30:00,38.84,38.86,38.77,38.78,39544
2010-04-28 13:45:00,38.79,38.94,38.782,38.89,33411
2010-04-28 14:00:00,38.89,38.93,38.85,38.91,23527
2010-04-28 14:15:00,38.91,38.93,38.85,38.88,38579
2010-04-28 14:30:00,38.86,38.96,38.75,38.89,76877
2010-04-28 14:45:00,38.89,39.03,38.83,38.99,94438
2010-04-28 15:00:00,38.99,39.07,38.94,39.04,91592
2010-04-28 15:15:00,39.04,39.05,38.97,39.01,68662
2010-04-28 15:30:00,39.0,39.07,38.98,39.02,78314
2010-04-28 15:45:00,39.03,39.09,38.94,39.0,86371
2010-04-28 16:00:00,39.0,39.02,38.85,39.02,130998
2010-04-29 09:45:00,39.06,39.1499,38.81,38.95,78095
2010-04-29 10:00:00,38.95,39.11,38.87,38.87,60107
2010-04-29 10:15:00,38.86,38.86,38.67,38.76,57788
2010-04-29 10:30:00,38.76,39.05,38.72,39.05,61259
2010-04-29 10:45:00,39.056,39.11,39.04,39.05,112027
2010-04-29 11:00:00,39.05,39.1,39.0,39.0,93494
2010-04-29 11:15:00,39.0,39.01,38.82,38.86,90649
2010-04-29 11:30:00,38.85,39.03,38.8,39.018,52184
2010-04-29 11:45:00,39.01,39.11,38.99,39.1,25734
2010-04-29 12:00:00,39.08,39.12,39.02,39.08,63071
2010-04-29 12:15:00,39.08,39.16,39.01,39.05,65071
2010-04-29 12:30:00,39.04,39.14,39.0,39.05,52714
2010-04-29 12:45:00,39.0458,39.21,39.01,39.17,35116
2010-04-29 13:00:00,39.17,39.22,39.1,39.2,25706
2010-04-29 13:15:00,39.21,39.27,39.2,39.22,23169
2010-04-29 13:30:00,39.24,39.24,39.15,39.1625,19542
2010-04-29 13:45:00,39.168,39.245,39.16,39.17,20792
2010-04-29 14:00:00,39.17,39.3,39.17,39.29,21350
2010-04-29 14:15:00,39.31,39.375,39.31,39.368,27238
2010-04-29 14:30:00,39.37,39.395,39.28,39.31,24177
2010-04-29 14:45:00,39.32,39.36,39.23,39.28,32578
2010-04-29 15:00:00,39.28,39.3488,39.18,39.19,47986
2010-04-29 15:15:00,39.2,39.27,39.16,39.2,56061
2010-04-29 15:30:00,39.2,39.2799,39.13,39.26,70820
2010-04-29 15:45:00,39.27,39.345,39.2,39.28,85448
2010-04-29 16:00:00,39.28,39.36,39.24,39.31,166650
2010-04-30 09:45:00,39.32,39.58,39.32,39.58,63133
2010-04-30 10:00:00,39.58,39.58,39.13,39.13,33235
2010-04-30 10:15:00,39.14,39.14,38.84,38.93,39305
2010-04-30 10:30:00,38.91,38.91,38.77,38.81,41177
2010-04-30 10:45:00,38.8,38.9,38.67,38.9,90303
2010-04-30 11:00:00,38.91,39.08,38.91,39.06,58761
2010-04-30 11:15:00,39.07,39.12,38.87,38.89,49044
2010-04-30 11:30:00,38.89,38.89,38.689,38.69,54494
2010-04-30 11:45:00,38.69,38.889,38.68,38.76,38787
2010-04-30 12:00:00,38.76,38.9,38.705,38.75,81686
2010-04-30 12:15:00,38.765,38.82,38.605,38.63,59428
2010-04-30 12:30:00,38.63,38.63,38.47,38.505,52638
2010-04-30 12:45:00,38.4999,38.55,38.45,38.49,39022
2010-04-30 13:00:00,38.49,38.58,38.45,38.52,97670
2010-04-30 13:15:00,38.52,38.63,38.5,38.55,99887
2010-04-30 13:30:00,38.55,38.635,38.52,38.59,63561
2010-04-30 13:45:00,38.58,38.7,38.58,38.68,63910
2010-04-30 14:00:00,38.68,38.78,38.62,38.63,74177
2010-04-30 14:15:00,38.6299,38.6299,38.58,38.6,36020
2010-04-30 14:30:00,38.61,38.616,38.55,38.56,38376
2010-04-30 14:45:00,38.57,38.585,38.45,38.47,55132
2010-04-30 15:00:00,38.47,38.51,38.4,38.44,103817
2010-04-30 15:15:00,38.43,38.52,38.4,38.49,113519
2010-04-30 15:30:00,38.47,38.53,38.42,38.43,95842
2010-04-30 15:45:00,38.44,38.46,38.32,38.41,106998
2010-04-30 16:00:00,38.42,38.46,38.33,38.34,313115
2010-05-03 09:45:00,38.47,39.08,38.455,39.03,92493
2010-05-03 10:00:00,39.03,39.302,39.0,39.26,41893
2010-05-03 10:15:00,39.26,39.37,39.23,39.302,78499
2010-05-03 10:30:00,39.3099,39.46,39.3,39.44,147131
2010-05-03 10:45:00,39.45,39.59,39.39,39.495,99261
2010-05-03 11:00:00,39.5,39.51,39.3,39.3,64890
2010-05-03 11:15:00,39.3,39.5175,39.3,39.5175,67891
2010-05-03 11:30:00,39.5175,39.64,39.505,39.54,48970
2010-05-03 11:45:00,39.55,39.69,39.52,39.6801,41777
2010-05-03 12:00:00,39.69,39.74,39.68,39.72,29470
2010-05-03 12:15:00,39.72,39.72,39.58,39.6705,42464
2010-05-03 12:30:00,39.67,39.88,39.6,39.88,75728
2010-05-03 12:45:00,39.89,39.97,39.89,39.94,33871
2010-05-03 13:00:00,39.95,39.97,39.87,39.9699,56635
2010-05-03 13:15:00,39.96,39.96,39.89,39.945,24499
2010-05-03 13:30:00,39.95,40.0,39.942,39.99,33448
2010-05-03 13:45:00,39.99,40.15,39.94,40.1399,109036
2010-05-03 14:00:00,40.14,40.14,40.04,40.117,34457
2010-05-03 14:15:00,40.11,40.16,40.1,40.16,53259
2010-05-03 14:30:00,40.17,40.25,40.17,40.2399,41205
2010-05-03 14:45:00,40.24,40.24,40.18,40.185,28115
2010-05-03 15:00:00,40.186,40.29,40.18,40.26,79199
2010-05-03 15:15:00,40.27,40.3,40.21,40.24,69562
2010-05-03 15:30:00,40.24,40.2925,40.2,40.22,118490
2010-05-03 15:45:00,40.22,40.25,40.15,40.21,148112
2010-05-03 16:00:00,40.21,40.25,40.12,40.13,243343
2010-05-04 09:45:00,40.5,40.5,39.56,39.57,182460
2010-05-04 10:00:00,39.58,39.75,39.44,39.65,78259
2010-05-04 10:15:00,39.66,39.72,39.41,39.48,80855
2010-05-04 10:30:00,39.48,39.6,39.42,39.5082,54076
2010-05-04 10:45:00,39.509,39.54,39.23,39.24,60377
2010-05-04 11:00:00,39.24,39.29,39.16,39.16,66877
2010-05-04 11:15:00,39.16,39.2,39.02,39.12,55541
2010-05-04 11:30:00,39.12,39.16,39.04,39.05,40343
2010-05-04 11:45:00,39.05,39.08,38.97,38.99,93659
2010-05-04 12:00:00,39.0,39.08,38.97,39.05,94819
2010-05-04 12:15:00,39.06,39.07,38.95,39.01,109848
2010-05-04 12:30:00,39.015,39.02,38.78,38.87,65766
2010-05-04 12:45:00,38.87,39.006,38.85,38.92,34234
2010-05-04 13:00:00,38.9215,39.09,38.92,39.06,73893
2010-05-04 13:15:00,39.05,39.0792,39.02,39.03,39820
2010-05-04 13:30:00,39.02,39.03,38.92,38.92,58525
2010-05-04 13:45:00,38.93,39.01,38.92,38.9399,60676
2010-05-04 14:00:00,38.9399,39.02,38.92,38.97,47252
2010-05-04 14:15:00,38.97,38.97,38.9,38.96,50363
2010-05-04 14:30:00,38.96,38.965,38.88,38.93,38658
2010-05-04 14:45:00,38.93,38.97,38.84,38.95,102727
2010-05-04 15:00:00,38.96,38.97,38.92,38.935,76326
2010-05-04 15:15:00,38.92,39.0,38.91,38.99,124158
2010-05-04 15:30:00,38.995,39.1,38.99,39.08,191754
2010-05-04 15:45:00,39.0899,39.16,38.81,38.93,261501
2010-05-04 16:00:00,38.93,39.015,38.92,38.95,656725
2010-05-05 09:45:00,38.55,38.89,38.44,38.68,108561
2010-05-05 10:00:00,38.68,38.9,38.53,38.86,67625
2010-05-05 10:15:00,38.88,39.04,38.8,39.02,97057
2010-05-05 10:30:00,39.03,39.19,38.99,39.1,71313
2010-05-05 10:45:00,39.1,39.31,39.09,39.31,105109
2010-05-05 11:00:00,39.31,39.54,39.31,39.48,100524
2010-05-05 11:15:00,39.48,39.48,39.31,39.41,78084
2010-05-05 11:30:00,39.41,39.55,39.41,39.43,66588
2010-05-05 11:45:00,39.43,39.56,39.35,39.56,56193
2010-05-05 12:00:00,39.56,39.75,39.55,39.726,64343
2010-05-05 12:15:00,39.7271,39.815,39.64,39.74,125257
2010-05-05 12:30:00,39.74,39.74,39.54,39.6,57308
2010-05-05 12:45:00,39.61,39.66,39.5,39.52,82953
2010-05-05 13:00:00,39.51,39.65,39.5,39.61,46702
2010-05-05 13:15:00,39.62,39.68,39.56,39.6,61685
2010-05-05 13:30:00,39.61,39.7,39.55,39.6,61352
2010-05-05 13:45:00,39.6,39.7,39.6,39.63,53270
2010-05-05 14:00:00,39.635,39.77,39.59,39.59,64376
2010-05-05 14:15:00,39.59,39.595,39.47,39.49,66464
2010-05-05 14:30:00,39.5,39.59,39.459,39.57,101574
2010-05-05 14:45:00,39.57,39.59,39.5,39.5212,169881
2010-05-05 15:00:00,39.53,39.54,39.408,39.49,81418
2010-05-05 15:15:00,39.5,39.53,39.42,39.46,132515
2010-05-05 15:30:00,39.4525,39.5,39.39,39.42,72794
2010-05-05 15:45:00,39.42,39.51,39.4,39.49,264522
2010-05-05 16:00:00,39.49,39.51,39.435,39.46,257232
2010-05-06 09:45:00,39.34,39.66,39.25,39.53,120962
2010-05-06 10:00:00,39.55,39.66,39.4,39.6001,59445
2010-05-06 10:15:00,39.61,39.69,39.47,39.67,84497
2010-05-06 10:30:00,39.67,39.89,39.57,39.57,70978
2010-05-06 10:45:00,39.55,39.7,39.54,39.56,60999
2010-05-06 11:00:00,39.55,39.61,39.4801,39.6,86150
2010-05-06 11:15:00,39.61,39.61,39.24,39.27,89808
2010-05-06 11:30:00,39.27,39.49,39.23,39.44,72322
2010-05-06 11:45:00,39.42,39.44,39.3,39.4,53892
2010-05-06 12:00:00,39.4,39.45,39.27,39.45,63842
2010-05-06 12:15:00,39.45,39.75,39.45,39.73,103208
2010-05-06 12:30:00,39.72,39.72,39.645,39.66,105114
2010-05-06 12:45:00,39.66,39.68,39.535,39.5375,89176
2010-05-06 13:00:00,39.52,39.54,39.4,39.5,62612
2010-05-06 13:15:00,39.49,39.565,39.42,39.43,84786
2010-05-06 13:30:00,39.43,39.45,39.34,39.44,170362
2010-05-06 13:45:00,39.44,39.45,39.13,39.1899,68132
2010-05-06 14:00:00,39.19,39.23,39.02,39.04,116300
2010-05-06 14:15:00,39.04,39.11,38.81,38.95,133261
2010-05-06 14:30:00,38.95,38.97,38.5,38.66,211670
2010-05-06 14:45:00,38.6625,38.689,36.85,36.85,378403
2010-05-06 15:00:00,36.82,38.4,36.0,38.3,198584
2010-05-06 15:15:00,38.31,38.9,38.04,38.28,136031
2010-05-06 15:30:00,38.27,38.45,37.76,38.26,200297
2010-05-06 15:45:00,38.27,39.25,38.24,39.125,472563
2010-05-06 16:00:00,39.14,39.9,39.12,39.31,556518
2010-05-07 09:45:00,39.01,39.6,38.94,39.29,158597
2010-05-07 10:00:00,39.3,39.58,39.18,39.32,212846
2010-05-07 10:15:00,39.32,39.38,39.02,39.21,307416
2010-05-07 10:30:00,39.2,39.28,38.31,38.4715,230745
2010-05-07 10:45:00,38.46,39.15,38.45,38.61,197339
2010-05-07 11:00:00,38.64,38.99,38.615,38.79,201548
2010-05-07 11:15:00,38.8,39.27,38.71,39.1,147974
2010-05-07 11:30:00,39.1,39.6,39.0,39.0,152339
2010-05-07 11:45:00,39.0,39.16,38.75,39.13,133800
2010-05-07 12:00:00,39.17,39.36,39.06,39.14,94410
2010-05-07 12:15:00,39.1396,39.33,38.99,39.31,110893
2010-05-07 12:30:00,39.3,39.42,39.0,39.05,82648
2010-05-07 12:45:00,39.04,39.16,38.905,39.05,114869
2010-05-07 13:00:00,39.03,39.21,38.95,39.02,72371
2010-05-07 13:15:00,39.02,39.11,38.79,38.85,95936
2010-05-07 13:30:00,38.85,39.05,38.85,38.86,81496
2010-05-07 13:45:00,38.86,39.25,38.82,39.22,91331
2010-05-07 14:00:00,39.21,39.26,39.01,39.03,97415
2010-05-07 14:15:00,39.03,39.09,38.83,38.83,115866
2010-05-07 14:30:00,38.83,39.03,38.74,38.76,100876
2010-05-07 14:45:00,38.75,39.12,38.71,39.06,93564
2010-05-07 15:00:00,39.06,39.06,38.83,38.99,118057
2010-05-07 15:15:00,38.9801,39.0,38.67,38.71,233025
2010-05-07 15:30:00,38.7035,38.97,38.65,38.83,168271
2010-05-07 15:45:00,38.83,39.08,38.64,38.99,380827
2010-05-07 16:00:00,38.99,39.02,38.85,38.92,385722
2010-05-10 09:45:00,40.39,40.77,39.9,40.71,140523
2010-05-10 10:00:00,40.71,40.9,40.56,40.61,106757
2010-05-10 10:15:00,40.61,40.764,40.55,40.72,119151
2010-05-10 10:30:00,40.72,40.77,40.65,40.71,101980
2010-05-10 10:45:00,40.71,40.83,40.53,40.53,148147
2010-05-10 11:00:00,40.54,40.65,40.5,40.56,84796
2010-05-10 11:15:00,40.56,40.66,40.52,40.54,86688
2010-05-10 11:30:00,40.54,40.54,40.45,40.52,70616
2010-05-10 11:45:00,40.52,40.59,40.45,40.556,101135
2010-05-10 12:00:00,40.55,40.72,40.54,40.66,73991
2010-05-10 12:15:00,40.67,40.74,40.628,40.74,39551
2010-05-10 12:30:00,40.73,40.73,40.61,40.62,33651
2010-05-10 12:45:00,40.62,40.71,40.59,40.61,52177
2010-05-10 13:00:00,40.62,40.69,40.6,40.61,24224
2010-05-10 13:15:00,40.61,40.62,40.45,40.45,70259
2010-05-10 13:30:00,40.45,40.63,40.44,40.63,58302
2010-05-10 13:45:00,40.63,40.72,40.59,40.6,56063
2010-05-10 14:00:00,40.61,40.72,40.58,40.64,52766
2010-05-10 14:15:00,40.6399,40.71,40.55,40.7,71856
2010-05-10 14:30:00,40.7,40.7705,40.66,40.69,77841
2010-05-10 14:45:00,40.69,40.78,40.63,40.74,70078
2010-05-10 15:00:00,40.74,40.81,40.73,40.789,75826
2010-05-10 15:15:00,40.785,40.79,40.65,40.68,119989
2010-05-10 15:30:00,40.68,40.8,40.62,40.8,97705
2010-05-10 15:45:00,40.79,40.8,40.7,40.75,128089
2010-05-10 16:00:00,40.75,40.84,40.7,40.84,360712
2010-05-11 09:45:00,40.5,41.1,40.3501,40.98,148925
2010-05-11 10:00:00,40.98,41.18,40.94,40.94,69602
2010-05-11 10:15:00,40.94,41.2699,40.94,41.23,124818
2010-05-11 10:30:00,41.23,41.34,41.22,41.33,62395
2010-05-11 10:45:00,41.33,41.535,41.315,41.48,113504
2010-05-11 11:00:00,41.48,41.61,41.45,41.58,134932
2010-05-11 11:15:00,41.58,42.02,41.57,42.0001,178102
2010-05-11 11:30:00,42.0,42.01,41.77,41.983999999999995,91764
2010-05-11 11:45:00,41.97,42.19,41.87,41.97,92330
2010-05-11 12:00:00,41.97,41.98,41.75,41.7601,110201
2010-05-11 12:15:00,41.76,41.83,41.72,41.7301,143599
2010-05-11 12:30:00,41.74,41.75,41.67,41.71,126079
2010-05-11 12:45:00,41.71,41.75,41.65,41.72,124063
2010-05-11 13:00:00,41.71,41.73,41.68,41.7,152684
2010-05-11 13:15:00,41.7,41.71,41.65,41.67,89050
2010-05-11 13:30:00,41.67,41.71,41.64,41.665,89976
2010-05-11 13:45:00,41.67,41.71,41.64,41.66,120319
2010-05-11 14:00:00,41.67,41.8299,41.66,41.71,109731
2010-05-11 14:15:00,41.71,41.82,41.67,41.71,53580
2010-05-11 14:30:00,41.72,41.86,41.63,41.82,103643
2010-05-11 14:45:00,41.82,41.84,41.61,41.64,222184
2010-05-11 15:00:00,41.65,41.78,41.62,41.72,85060
2010-05-11 15:15:00,41.7225,41.7225,41.52,41.65,125194
2010-05-11 15:30:00,41.65,41.69,41.51,41.56,202143
2010-05-11 15:45:00,41.56,41.64,41.47,41.52,266209
2010-05-11 16:00:00,41.52,41.525,41.25,41.26,564751
2010-05-12 09:45:00,41.55,41.96,41.48,41.88,198304
2010-05-12 10:00:00,41.88,41.995,41.77,41.99,96245
2010-05-12 10:15:00,41.995,42.045,41.84,41.88,85566
2010-05-12 10:30:00,41.87,42.08,41.82,42.03,164119
2010-05-12 10:45:00,42.04,42.2,41.99,42.16,84854
2010-05-12 11:00:00,42.18,42.26,42.04,42.23,121280
2010-05-12 11:15:00,42.22,42.42,42.215,42.39,158729
2010-05-12 11:30:00,42.39,42.44,42.19,42.21,103060
2010-05-12 11:45:00,42.205,42.34,42.2,42.315,60477
2010-05-12 12:00:00,42.32,42.435,42.27,42.43,65594
2010-05-12 12:15:00,42.43,42.4726,42.28,42.2819,168943
2010-05-12 12:30:00,42.28,42.3,42.14,42.24,100906
2010-05-12 12:45:00,42.24,42.28,42.15,42.16,87732
2010-05-12 13:00:00,42.153999999999996,42.16,42.1,42.145,95526
2010-05-12 13:15:00,42.14,42.23,42.1175,42.224,78401
2010-05-12 13:30:00,42.22,42.25,42.08,42.15,71163
2010-05-12 13:45:00,42.145,42.18,42.08,42.091,65148
2010-05-12 14:00:00,42.1,42.12,42.0,42.0,104201
2010-05-12 14:15:00,42.0,42.09,41.96,42.0825,71910
2010-05-12 14:30:00,42.085,42.15,42.07,42.14,68524
2010-05-12 14:45:00,42.14,42.18,42.11,42.17,75883
2010-05-12 15:00:00,42.1625,42.25,42.16,42.24,76572
2010-05-12 15:15:00,42.23,42.34,42.23,42.32,92961
2010-05-12 15:30:00,42.32,42.35,42.27,42.32,114662
2010-05-12 15:45:00,42.31,42.37,42.27,42.37,152251
2010-05-12 16:00:00,42.36,42.49,42.36,42.44,243993
2010-05-13 09:45:00,41.81,42.2,41.7,41.79,186602
2010-05-13 10:00:00,41.808,41.98,41.78,41.818000000000005,73290
2010-05-13 10:15:00,41.81,41.96,41.73,41.78,54197
2010-05-13 10:30:00,41.79,41.88,41.74,41.74,76415
2010-05-13 10:45:00,41.74,41.74,41.55,41.64,129562
2010-05-13 11:00:00,41.64,41.65,41.52,41.53,67632
2010-05-13 11:15:00,41.54,41.54,41.33,41.41,96380
2010-05-13 11:30:00,41.41,41.55,41.41,41.45,37179
2010-05-13 11:45:00,41.4499,41.47,41.37,41.43,38622
2010-05-13 12:00:00,41.42,41.424,41.19,41.2,59985
2010-05-13 12:15:00,41.2,41.34,41.19,41.29,59783
2010-05-13 12:30:00,41.29,41.31,41.24,41.26,31451
2010-05-13 12:45:00,41.26,41.38,41.26,41.376000000000005,23162
2010-05-13 13:00:00,41.38,41.41,41.31,41.37,20688
2010-05-13 13:15:00,41.37,41.43,41.31,41.4185,28334
2010-05-13 13:30:00,41.42,41.5199,41.42,41.45,24440
2010-05-13 13:45:00,41.452,41.58,41.42,41.43,58837
2010-05-13 14:00:00,41.44,41.44,41.39,41.44,38722
2010-05-13 14:15:00,41.43,41.52,41.43,41.47,37130
2010-05-13 14:30:00,41.48,41.5,41.39,41.39,39832
2010-05-13 14:45:00,41.395,41.4,41.26,41.2702,61240
2010-05-13 15:00:00,41.27,41.27,41.05,41.07,61739
2010-05-13 15:15:00,41.07,41.18,41.01,41.038999999999994,71055
2010-05-13 15:30:00,41.03,41.03,40.88,41.01,109736
2010-05-13 15:45:00,41.01,41.03,40.75,40.81,140237
2010-05-13 16:00:00,40.81,41.02,40.81,40.87,302196
2010-05-14 09:45:00,40.25,40.585,40.08,40.29,194053
2010-05-14 10:00:00,40.29,40.37,39.86,39.94,152986
2010-05-14 10:15:00,39.94,40.05,39.76,40.05,100300
2010-05-14 10:30:00,40.03,40.13,39.97,40.07,50019
2010-05-14 10:45:00,40.1,40.21,40.03,40.14,99605
2010-05-14 11:00:00,40.15,40.43,40.11,40.38,65885
2010-05-14 11:15:00,40.36,40.365,40.07,40.225,44663
2010-05-14 11:30:00,40.23,40.23,39.95,39.99,108756
2010-05-14 11:45:00,39.99,40.08,39.91,40.02,47641
2010-05-14 12:00:00,40.02,40.02,39.68,39.7001,85798
2010-05-14 12:15:00,39.74,39.79,39.6,39.72,97669
2010-05-14 12:30:00,39.73,39.986,39.711,39.94,35990
2010-05-14 12:45:00,39.97,40.07,39.95,40.04,17104
2010-05-14 13:00:00,40.04,40.11,39.96,40.11,10644
2010-05-14 13:15:00,40.12,40.19,40.01,40.04,27467
2010-05-14 13:30:00,40.0401,40.06,39.88,39.99,41510
2010-05-14 13:45:00,39.99,40.04,39.95,40.01,87209
2010-05-14 14:00:00,40.01,40.06,39.96,40.0,54176
2010-05-14 14:15:00,40.01,40.07,39.94,39.945,32311
2010-05-14 14:30:00,39.95,39.97,39.9,39.96,74111
2010-05-14 14:45:00,39.97,40.15,39.9601,40.13,106288
2010-05-14 15:00:00,40.13,40.21,40.02,40.08,97086
2010-05-14 15:15:00,40.07,40.13,40.02,40.09,52343
2010-05-14 15:30:00,40.1,40.13,39.95,40.02,51888
2010-05-14 15:45:00,40.02,40.265,39.98,40.265,112060
2010-05-14 16:00:00,40.26,40.38,40.18,40.27,163166
2010-05-17 09:45:00,40.29,40.61,40.22,40.44,176912
2010-05-17 10:00:00,40.44,40.45,40.23,40.45,114553
2010-05-17 10:15:00,40.4697,40.69,40.39,40.65,64405
2010-05-17 10:30:00,40.65,40.8,40.65,40.77,48042
2010-05-17 10:45:00,40.76,40.97,40.74,40.77,70592
2010-05-17 11:00:00,40.78,40.87,40.76,40.84,118294
2010-05-17 11:15:00,40.84,40.9,40.67,40.69,76767
2010-05-17 11:30:00,40.68,40.8,40.64,40.76,137369
2010-05-17 11:45:00,40.76,40.83,40.67,40.81,72378
2010-05-17 12:00:00,40.81,40.81,40.56,40.62,82023
2010-05-17 12:15:00,40.62,40.62,40.1,40.41,135380
2010-05-17 12:30:00,40.41,40.47,40.27,40.415,72109
2010-05-17 12:45:00,40.41,40.58,40.3925,40.47,63395
2010-05-17 13:00:00,40.47,40.52,40.42,40.46,49875
2010-05-17 13:15:00,40.47,40.57,40.47,40.57,62307
2010-05-17 13:30:00,40.56,40.86,40.55,40.83,79466
2010-05-17 13:45:00,40.84,40.92,40.68,40.745,114289
2010-05-17 14:00:00,40.75,40.83,40.73,40.83,116035
2010-05-17 14:15:00,40.83,40.93,40.8,40.89,59466
2010-05-17 14:30:00,40.89,41.03,40.89,41.03,87986
2010-05-17 14:45:00,41.04,41.265,40.97,41.23,103994
2010-05-17 15:00:00,41.25,41.4,41.23,41.32,144269
2010-05-17 15:15:00,41.32,41.45,41.23,41.29,86311
2010-05-17 15:30:00,41.29,41.32,41.16,41.31,100366
2010-05-17 15:45:00,41.3195,41.65,41.31,41.6,162864
2010-05-17 16:00:00,41.59,41.6116,41.5,41.53,258077
2010-05-18 09:45:00,41.75,42.35,41.11,42.33,193209
2010-05-18 10:00:00,42.34,42.5,42.28,42.28,189763
2010-05-18 10:15:00,42.29,42.38,42.14,42.37,167796
2010-05-18 10:30:00,42.35,42.59,42.24,42.26,161021
2010-05-18 10:45:00,42.27,42.3,42.15,42.15,87656
2010-05-18 11:00:00,42.15,42.32,42.0,42.32,140563
2010-05-18 11:15:00,42.32,42.4,42.2,42.32,127839
2010-05-18 11:30:00,42.31,42.33,42.15,42.26,134065
2010-05-18 11:45:00,42.26,42.2999,42.01,42.01,143341
2010-05-18 12:00:00,42.01,42.16,42.0,42.15,155500
2010-05-18 12:15:00,42.15,42.17,41.93,42.08,108580
2010-05-18 12:30:00,42.08,42.21,42.03,42.205,90870
2010-05-18 12:45:00,42.2,42.33,42.15,42.21,107271
2010-05-18 13:00:00,42.21,42.3,42.13,42.13,122893
2010-05-18 13:15:00,42.13,42.18,41.95,42.02,183217
2010-05-18 13:30:00,42.03,42.16,41.93,42.16,78367
2010-05-18 13:45:00,42.16,42.21,42.0,42.04,96179
2010-05-18 14:00:00,42.03,42.17,41.98,42.04,111571
2010-05-18 14:15:00,42.02,42.13,41.98,42.01,216265
2010-05-18 14:30:00,42.02,42.07,41.86,41.97,145863
2010-05-18 14:45:00,41.98,41.98,41.7,41.7801,132484
2010-05-18 15:00:00,41.78,41.82,41.64,41.7,118731
2010-05-18 15:15:00,41.71,41.77,41.49,41.76,183508
2010-05-18 15:30:00,41.76,41.8,41.52,41.55,165901
2010-05-18 15:45:00,41.55,41.71,41.5,41.7,183691
2010-05-18 16:00:00,41.7,41.8,41.6,41.62,219688
2010-05-19 09:45:00,41.48,41.74,41.11,41.73,129195
2010-05-19 10:00:00,41.73,41.98,41.67,41.76,104466
2010-05-19 10:15:00,41.77,41.77,41.36,41.4,108386
2010-05-19 10:30:00,41.41,41.45,40.9,41.08,110721
2010-05-19 10:45:00,41.08,41.23,41.0054,41.22,109524
2010-05-19 11:00:00,41.22,41.23,40.97,41.12,60489
2010-05-19 11:15:00,41.1,41.14,40.98,41.08,66186
2010-05-19 11:30:00,41.08,41.16,40.91,40.99,52633
2010-05-19 11:45:00,40.99,41.06,40.8601,40.8601,37718
2010-05-19 12:00:00,40.86,40.89,40.67,40.760999999999996,133648
2010-05-19 12:15:00,40.765,41.05,40.75,41.045,132196
2010-05-19 12:30:00,41.04,41.31,40.96,41.23,70407
2010-05-19 12:45:00,41.23,41.23,41.05,41.07,37454
2010-05-19 13:00:00,41.07,41.27,40.91,41.27,36797
2010-05-19 13:15:00,41.27,41.27,41.11,41.16,69412
2010-05-19 13:30:00,41.16,41.41,41.155,41.22,77846
2010-05-19 13:45:00,41.22,41.32,41.18,41.32,26617
2010-05-19 14:00:00,41.32,41.46,41.27,41.275,39197
2010-05-19 14:15:00,41.31,41.43,41.2101,41.25,39562
2010-05-19 14:30:00,41.26,41.28,41.01,41.15,49779
2010-05-19 14:45:00,41.15,41.23,41.04,41.19,53331
2010-05-19 15:00:00,41.18,41.28,41.08,41.08,61986
2010-05-19 15:15:00,41.09,41.165,40.89,40.9,53809
2010-05-19 15:30:00,40.89,41.13,40.89,41.1,123158
2010-05-19 15:45:00,41.11,41.22,40.995,41.13,160393
2010-05-19 16:00:00,41.13,41.22,41.01,41.03,239217
2010-05-20 09:45:00,40.11,40.64,40.11,40.3,83897
2010-05-20 10:00:00,40.31,40.58,40.2,40.28,76613
2010-05-20 10:15:00,40.27,40.5,40.11,40.12,108234
2010-05-20 10:30:00,40.13,40.13,39.61,39.83,230975
2010-05-20 10:45:00,39.85,39.95,39.665,39.87,138664
2010-05-20 11:00:00,39.87,39.88,39.77,39.83,121111
2010-05-20 11:15:00,39.82,39.99,39.795,39.9,111006
2010-05-20 11:30:00,39.89,40.11,39.84,40.1,89116
2010-05-20 11:45:00,40.11,40.11,39.91,39.95,110574
2010-05-20 12:00:00,39.99,40.074,39.86,39.88,68137
2010-05-20 12:15:00,39.88,39.97,39.82,39.82,67437
2010-05-20 12:30:00,39.82,39.86,39.71,39.77,82030
2010-05-20 12:45:00,39.77,39.79,39.645,39.645,45736
2010-05-20 13:00:00,39.64,39.73,39.5,39.53,191316
2010-05-20 13:15:00,39.52,39.845,39.51,39.8,126349
2010-05-20 13:30:00,39.8,40.18,39.77,40.09,134355
2010-05-20 13:45:00,40.1,40.3,40.0,40.18,104768
2010-05-20 14:00:00,40.18,40.2,39.95,40.07,79592
2010-05-20 14:15:00,40.05,40.18,39.84,40.16,159704
2010-05-20 14:30:00,40.16,40.325,40.0,40.13,164108
2010-05-20 14:45:00,40.13,40.51,40.06,40.44,117263
2010-05-20 15:00:00,40.44,40.57,40.17,40.2,98709
2010-05-20 15:15:00,40.21,40.28,40.04,40.15,121041
2010-05-20 15:30:00,40.15,40.31,40.08,40.17,93880
2010-05-20 15:45:00,40.17,40.25,40.01,40.02,137739
2010-05-20 16:00:00,40.02,40.1,39.72,39.75,491622
2010-05-21 09:45:00,38.93,39.54,38.75,39.5,513533
2010-05-21 10:00:00,39.5,39.86,39.27,39.55,224791
2010-05-21 10:15:00,39.54,39.85,39.48,39.71,138980
2010-05-21 10:30:00,39.71,39.8,39.4,39.44,137058
2010-05-21 10:45:00,39.42,39.7,39.42,39.49,131695
2010-05-21 11:00:00,39.5,39.67,39.46,39.58,164673
2010-05-21 11:15:00,39.59,39.82,39.555,39.7735,122507
2010-05-21 11:30:00,39.77,40.0337,39.735,39.89,117489
2010-05-21 11:45:00,39.89,40.14,39.83,40.14,99380
2010-05-21 12:00:00,40.16,40.2,39.82,39.85,125734
2010-05-21 12:15:00,39.85,39.86,39.72,39.77,110846
2010-05-21 12:30:00,39.77,39.97,39.765,39.86,184985
2010-05-21 12:45:00,39.87,39.93,39.78,39.87,94739
2010-05-21 13:00:00,39.86,39.885,39.68,39.69,126040
2010-05-21 13:15:00,39.69,39.7,39.5,39.64,106030
2010-05-21 13:30:00,39.65,39.68,39.34,39.38,121507
2010-05-21 13:45:00,39.4,39.575,39.38,39.525,86398
2010-05-21 14:00:00,39.55,39.655,39.54,39.6401,88693
2010-05-21 14:15:00,39.64,39.685,39.5,39.555,105980
2010-05-21 14:30:00,39.55,39.55,39.39,39.449,184758
2010-05-21 14:45:00,39.44,39.46,39.33,39.34,162704
2010-05-21 15:00:00,39.34,39.34,39.035,39.11,249734
2010-05-21 15:15:00,39.12,39.33,39.11,39.2201,254811
2010-05-21 15:30:00,39.22,39.255,39.0,39.195,299308
2010-05-21 15:45:00,39.2,39.41,39.14,39.38,400668
2010-05-21 16:00:00,39.38,39.57,39.27,39.55,709135
2010-05-24 09:45:00,39.51,39.89,39.35,39.35,118417
2010-05-24 10:00:00,39.36,39.6,39.35,39.51,95561
2010-05-24 10:15:00,39.51,39.73,39.43,39.71,111762
2010-05-24 10:30:00,39.71,39.91,39.7,39.89,101621
2010-05-24 10:45:00,39.9,39.93,39.77,39.795,109147
2010-05-24 11:00:00,39.81,39.81,39.6,39.6,66551
2010-05-24 11:15:00,39.6,39.61,39.44,39.44,67954
2010-05-24 11:30:00,39.45,39.45,39.35,39.4,81675
2010-05-24 11:45:00,39.41,39.58,39.38,39.54,96753
2010-05-24 12:00:00,39.53,39.68,39.5,39.6,66929
2010-05-24 12:15:00,39.57,39.73,39.56,39.67,71734
2010-05-24 12:30:00,39.64,39.73,39.57,39.73,80675
2010-05-24 12:45:00,39.73,39.82,39.69,39.72,70132
2010-05-24 13:00:00,39.72,39.8,39.7,39.73,57258
2010-05-24 13:15:00,39.73,39.79,39.61,39.66,50337
2010-05-24 13:30:00,39.65,39.8,39.6,39.73,62312
2010-05-24 13:45:00,39.73,39.78,39.64,39.65,53417
2010-05-24 14:00:00,39.65,39.66,39.54,39.6,57131
2010-05-24 14:15:00,39.6,39.75,39.56,39.71,55062
2010-05-24 14:30:00,39.71,39.7275,39.57,39.7,69183
2010-05-24 14:45:00,39.71,39.75,39.61,39.69,71957
2010-05-24 15:00:00,39.69,39.71,39.55,39.63,65006
2010-05-24 15:15:00,39.63,39.65,39.49,39.62,89866
2010-05-24 15:30:00,39.62,39.64,39.53,39.62,98826
2010-05-24 15:45:00,39.62,39.72,39.56,39.6,147526
2010-05-24 16:00:00,39.59,39.6,39.27,39.3,368849
2010-05-25 09:45:00,38.49,38.49,36.5,37.91,246916
2010-05-25 10:00:00,37.92,38.12,37.84,38.01,153814
2010-05-25 10:15:00,38.06,38.45,38.03,38.33,160155
2010-05-25 10:30:00,38.33,38.49,38.19,38.19,157329
2010-05-25 10:45:00,38.19,38.23,38.0,38.03,219605
2010-05-25 11:00:00,38.02,38.18,37.96,38.13,78087
2010-05-25 11:15:00,38.15,38.25,38.03,38.13,91384
2010-05-25 11:30:00,38.13,38.25,38.08,38.18,68485
2010-05-25 11:45:00,38.18,38.335,38.15,38.29,94472
2010-05-25 12:00:00,38.29,38.51,38.26,38.48,72385
2010-05-25 12:15:00,38.49,38.55,38.44,38.51,80625
2010-05-25 12:30:00,38.5,38.55,38.35,38.37,64826
2010-05-25 12:45:00,38.38,38.41,38.19,38.21,49278
2010-05-25 13:00:00,38.22,38.4475,38.215,38.4,55075
2010-05-25 13:15:00,38.39,38.43,38.12,38.1699,81532
2010-05-25 13:30:00,38.17,38.21,38.084,38.17,69861
2010-05-25 13:45:00,38.18,38.21,38.04,38.095,93690
2010-05-25 14:00:00,38.09,38.19,38.08,38.13,71054
2010-05-25 14:15:00,38.12,38.29,38.06,38.28,99377
2010-05-25 14:30:00,38.28,38.46,38.2,38.42,68730
2010-05-25 14:45:00,38.41,38.57,38.38,38.51,92482
2010-05-25 15:00:00,38.51,38.71,38.5,38.64,118115
2010-05-25 15:15:00,38.63,38.8,38.55,38.56,154336
2010-05-25 15:30:00,38.56,38.86,38.5,38.78,215416
2010-05-25 15:45:00,38.78,38.94,38.74,38.8599,192330
2010-05-25 16:00:00,38.85,38.92,38.7615,38.88,347442
2010-05-26 09:45:00,39.48,39.83,39.31,39.81,181628
2010-05-26 10:00:00,39.81,40.0,39.75,39.91,151297
2010-05-26 10:15:00,39.91,40.0,39.86,39.99,95545
2010-05-26 10:30:00,39.98,40.0375,39.89,40.0,110524
2010-05-26 10:45:00,40.0,40.18,39.98,40.09,140189
2010-05-26 11:00:00,40.07,40.12,39.87,39.9,87384
2010-05-26 11:15:00,39.9,39.9399,39.74,39.89,121445
2010-05-26 11:30:00,39.89,40.01,39.74,39.74,91526
2010-05-26 11:45:00,39.74,39.98,39.73,39.94,81683
2010-05-26 12:00:00,39.94,40.0101,39.78,40.0,95648
2010-05-26 12:15:00,39.99,40.05,39.965,39.965,80908
2010-05-26 12:30:00,39.97,40.06,39.93,39.97,77435
2010-05-26 12:45:00,39.97,40.045,39.82,39.87,45758
2010-05-26 13:00:00,39.9,40.03,39.85,40.02,54235
2010-05-26 13:15:00,40.04,40.09,39.98,39.99,56386
2010-05-26 13:30:00,40.0,40.095,40.0,40.02,55975
2010-05-26 13:45:00,40.02,40.18,39.98,40.17,57897
2010-05-26 14:00:00,40.175,40.18,40.11,40.13,67102
2010-05-26 14:15:00,40.135,40.16,40.022,40.03,68601
2010-05-26 14:30:00,40.04,40.15,40.01,40.14,108620
2010-05-26 14:45:00,40.14,40.17,39.86,39.96,139283
2010-05-26 15:00:00,39.96,39.98,39.8081,39.88,96367
2010-05-26 15:15:00,39.895,40.05,39.89,40.05,112931
2010-05-26 15:30:00,40.045,40.08,39.41,39.52,169280
2010-05-26 15:45:00,39.51,39.74,39.39,39.68,301021
2010-05-26 16:00:00,39.66,39.67,39.5,39.51,462955
2010-05-27 09:45:00,40.39,40.59,40.07,40.5,188699
2010-05-27 10:00:00,40.5,40.54,40.25,40.4,112631
2010-05-27 10:15:00,40.41,40.46,40.29,40.38,89445
2010-05-27 10:30:00,40.39,40.54,40.335,40.52,121840
2010-05-27 10:45:00,40.52,40.58,40.46,40.56,158756
2010-05-27 11:00:00,40.56,40.57,40.47,40.5,61085
2010-05-27 11:15:00,40.5,40.52,40.36,40.41,79221
2010-05-27 11:30:00,40.41,40.48,40.36,40.47,108669
2010-05-27 11:45:00,40.47,40.475,40.19,40.24,74892
2010-05-27 12:00:00,40.25,40.3,40.18,40.29,85653
2010-05-27 12:15:00,40.29,40.42,40.24,40.41,35553
2010-05-27 12:30:00,40.41,40.42,40.33,40.381,49002
2010-05-27 12:45:00,40.38,40.44,40.32,40.33,58067
2010-05-27 13:00:00,40.33,40.43,40.29,40.39,75564
2010-05-27 13:15:00,40.39,40.43,40.3,40.43,62536
2010-05-27 13:30:00,40.42,40.5546,40.42,40.49,37864
2010-05-27 13:45:00,40.49,40.56,40.435,40.44,43507
2010-05-27 14:00:00,40.45,40.46,40.36,40.375,56593
2010-05-27 14:15:00,40.378,40.49,40.34,40.485,77515
2010-05-27 14:30:00,40.48,40.5,40.43,40.43,63180
2010-05-27 14:45:00,40.45,40.46,40.38,40.42,59200
2010-05-27 15:00:00,40.42,40.4283,40.33,40.37,58449
2010-05-27 15:15:00,40.36,40.44,40.345,40.42,93450
2010-05-27 15:30:00,40.42,40.46,40.3,40.325,97370
2010-05-27 15:45:00,40.32,40.41,40.32,40.4,179298
2010-05-27 16:00:00,40.385,40.55,40.36,40.53,286885
2010-05-28 09:45:00,40.67,40.75,40.17,40.23,53214
2010-05-28 10:00:00,40.2,40.675,40.2,40.65,54313
2010-05-28 10:15:00,40.64,40.84,40.64,40.8,56016
2010-05-28 10:30:00,40.81,40.84,40.6601,40.67,85984
2010-05-28 10:45:00,40.67,40.81,40.66,40.67,67579
2010-05-28 11:00:00,40.68,40.73,40.48,40.57,51951
2010-05-28 11:15:00,40.57,40.58,40.06,40.25,177496
2010-05-28 11:30:00,40.25,40.28,40.14,40.28,52528
2010-05-28 11:45:00,40.27,40.46,40.25,40.46,44470
2010-05-28 12:00:00,40.46,40.49,40.43,40.48,37651
2010-05-28 12:15:00,40.47,40.6,40.42,40.58,132893
2010-05-28 12:30:00,40.58,40.7,40.56,40.58,28765
2010-05-28 12:45:00,40.596,40.61,40.07,40.2,108867
2010-05-28 13:00:00,40.18,40.28,40.05,40.18,48004
2010-05-28 13:15:00,40.19,40.31,40.14,40.18,38949
2010-05-28 13:30:00,40.18,40.265,40.13,40.23,27887
2010-05-28 13:45:00,40.21,40.23,40.09,40.09,31852
2010-05-28 14:00:00,40.1,40.1,40.0,40.02,40710
2010-05-28 14:15:00,40.01,40.042,39.92,40.04,74588
2010-05-28 14:30:00,40.03,40.17,40.01,40.12,44473
2010-05-28 14:45:00,40.13,40.33,40.08,40.32,43885
2010-05-28 15:00:00,40.33,40.512,40.32,40.42,49578
2010-05-28 15:15:00,40.41,40.49,40.37,40.41,79797
2010-05-28 15:30:00,40.42,40.6,40.39,40.56,71579
2010-05-28 15:45:00,40.56,40.63,40.42,40.48,104282
2010-05-28 16:00:00,40.48,40.48,40.16,40.19,215853
2010-06-01 09:45:00,39.73,39.83,39.44,39.46,84549
2010-06-01 10:00:00,39.45,39.6,39.33,39.56,102041
2010-06-01 10:15:00,39.59,40.01,39.58,39.94,82396
2010-06-01 10:30:00,39.96,40.27,39.88,40.19,62712
2010-06-01 10:45:00,40.19,40.39,40.19,40.32,71355
2010-06-01 11:00:00,40.33,40.34,40.202,40.211,25370
2010-06-01 11:15:00,40.2,40.22,40.11,40.16,56985
2010-06-01 11:30:00,40.15,40.24,40.078,40.2,23951
2010-06-01 11:45:00,40.19,40.24,40.05,40.06,23800
2010-06-01 12:00:00,40.07,40.07,39.87,39.9,37964
2010-06-01 12:15:00,39.905,40.05,39.87,40.0,43493
2010-06-01 12:30:00,40.0,40.13,39.9901,40.13,20403
2010-06-01 12:45:00,40.13,40.17,40.09,40.09,23934
2010-06-01 13:00:00,40.09,40.11,39.98,39.98,17517
2010-06-01 13:15:00,39.99,40.19,39.9899,40.16,21227
2010-06-01 13:30:00,40.18,40.27,40.16,40.2,42485
2010-06-01 13:45:00,40.21,40.27,40.16,40.189,20312
2010-06-01 14:00:00,40.19,40.265,40.06,40.07,14166
2010-06-01 14:15:00,40.06,40.06,39.83,39.98,53733
2010-06-01 14:30:00,39.98,40.11,39.9,40.08,39591
2010-06-01 14:45:00,40.085,40.16,40.08,40.1227,33445
2010-06-01 15:00:00,40.1295,40.234,40.02,40.1,39737
2010-06-01 15:15:00,40.12,40.13,39.94,40.05,47330
2010-06-01 15:30:00,40.04,40.06,39.74,39.81,52209
2010-06-01 15:45:00,39.83,39.92,39.73,39.74,85901
2010-06-01 16:00:00,39.72,39.73,39.33,39.36,210217
2010-06-02 09:45:00,39.57,39.8,39.34,39.45,51664
2010-06-02 10:00:00,39.46,39.48,39.23,39.305,74714
2010-06-02 10:15:00,39.31,39.47,39.29,39.34,54705
2010-06-02 10:30:00,39.34,39.5,39.28,39.37,44711
2010-06-02 10:45:00,39.34,39.48,39.34,39.42,50115
2010-06-02 11:00:00,39.41,39.53,39.37,39.5,42330
2010-06-02 11:15:00,39.5,39.76,39.5,39.64,75597
2010-06-02 11:30:00,39.64,39.66,39.53,39.59,43345
2010-06-02 11:45:00,39.59,39.83,39.57,39.81,37936
2010-06-02 12:00:00,39.81,39.89,39.77,39.86,59849
2010-06-02 12:15:00,39.86,40.0,39.85,39.97,101069
2010-06-02 12:30:00,39.97,39.975,39.8399,39.8399,23302
2010-06-02 12:45:00,39.83,39.86,39.83,39.84,10680
2010-06-02 13:00:00,39.85,39.92,39.85,39.91,17849
2010-06-02 13:15:00,39.92,39.97,39.905,39.94,25625
2010-06-02 13:30:00,39.93,39.96,39.88,39.9,43078
2010-06-02 13:45:00,39.9,39.99,39.89,39.95,36413
2010-06-02 14:00:00,39.95,39.96,39.88,39.9,31788
2010-06-02 14:15:00,39.89,39.89,39.8,39.87,92386
2010-06-02 14:30:00,39.88,39.91,39.79,39.83,59701
2010-06-02 14:45:00,39.83,40.07,39.82,40.06,54254
2010-06-02 15:00:00,40.08,40.2,40.05,40.19,67939
2010-06-02 15:15:00,40.19,40.26,40.16,40.26,74715
2010-06-02 15:30:00,40.25,40.27,40.17,40.2,77953
2010-06-02 15:45:00,40.2,40.22,40.06,40.12,112355
2010-06-02 16:00:00,40.12,40.3,40.06,40.29,197365
2010-06-03 09:45:00,40.55,40.7,40.38,40.68,36802
2010-06-03 10:00:00,40.67,40.82,40.63,40.77,99659
2010-06-03 10:15:00,40.76,40.78,40.55,40.56,55132
2010-06-03 10:30:00,40.54,40.57,40.32,40.32,20768
2010-06-03 10:45:00,40.32,40.5,40.29,40.4275,51707
2010-06-03 11:00:00,40.4,40.52,40.4,40.485,34752
2010-06-03 11:15:00,40.5,40.58,40.41,40.41,61152
2010-06-03 11:30:00,40.42,40.43,40.2401,40.26,57910
2010-06-03 11:45:00,40.28,40.37,40.22,40.28,78339
2010-06-03 12:00:00,40.28,40.33,40.2,40.2299,57539
2010-06-03 12:15:00,40.22,40.24,39.95,40.01,81779
2010-06-03 12:30:00,40.02,40.03,39.76,39.82,90485
2010-06-03 12:45:00,39.81,39.99,39.78,39.935,53988
2010-06-03 13:00:00,39.95,39.95,39.81,39.85,32428
2010-06-03 13:15:00,39.85,39.93,39.85,39.88,29965
2010-06-03 13:30:00,39.9,39.95,39.84,39.86,34125
2010-06-03 13:45:00,39.87,39.89,39.78,39.87,36253
2010-06-03 14:00:00,39.88,39.91,39.72,39.73,40643
2010-06-03 14:15:00,39.74,39.9,39.73,39.85,35003
2010-06-03 14:30:00,39.85,39.92,39.77,39.77,74660
2010-06-03 14:45:00,39.77,39.86,39.77,39.81,88224
2010-06-03 15:00:00,39.81,39.87,39.745,39.8,96230
2010-06-03 15:15:00,39.8,39.82,39.73,39.77,81409
2010-06-03 15:30:00,39.76,39.8,39.625,39.79,145697
2010-06-03 15:45:00,39.79,39.8,39.62,39.74,297116
2010-06-03 16:00:00,39.72,39.82,39.55,39.77,533718
2010-06-04 09:45:00,38.85,39.47,38.6,39.47,159693
2010-06-04 10:00:00,39.45,39.58,39.34,39.4,111934
2010-06-04 10:15:00,39.4,39.76,39.33,39.76,157362
2010-06-04 10:30:00,39.745,39.85,39.7,39.74,97372
2010-06-04 10:45:00,39.73,39.76,39.65,39.68,83035
2010-06-04 11:00:00,39.68,39.69,39.56,39.56,81074
2010-06-04 11:15:00,39.56,39.67,39.56,39.57,43416
2010-06-04 11:30:00,39.58,39.59,39.37,39.37,45225
2010-06-04 11:45:00,39.37,39.525,39.3284,39.47,56863
2010-06-04 12:00:00,39.48,39.69,39.48,39.63,99192
2010-06-04 12:15:00,39.62,39.625,39.39,39.49,123196
2010-06-04 12:30:00,39.5,39.55,39.41,39.5,56541
2010-06-04 12:45:00,39.51,39.56,39.3825,39.445,96788
2010-06-04 13:00:00,39.4301,39.55,39.42,39.53,37796
2010-06-04 13:15:00,39.52,39.54,39.45,39.4688,56391
2010-06-04 13:30:00,39.46,39.47,39.32,39.37,41984
2010-06-04 13:45:00,39.36,39.45,39.33,39.39,68299
2010-06-04 14:00:00,39.39,39.42,39.32,39.36,48731
2010-06-04 14:15:00,39.37,39.43,39.25,39.27,63435
2010-06-04 14:30:00,39.2685,39.32,39.17,39.2,91115
2010-06-04 14:45:00,39.19,39.27,39.18,39.21,52439
2010-06-04 15:00:00,39.2,39.2598,39.02,39.1,96085
2010-06-04 15:15:00,39.09,39.31,39.09,39.27,118711
2010-06-04 15:30:00,39.27,39.31,39.18,39.2,89044
2010-06-04 15:45:00,39.2,39.26,39.03,39.14,231378
2010-06-04 16:00:00,39.13,39.2277,39.0,39.18,338907
2010-06-07 09:45:00,39.27,39.48,38.83,38.83,75499
2010-06-07 10:00:00,38.81,39.4,38.76,39.31,69177
2010-06-07 10:15:00,39.2901,39.41,39.17,39.36,43945
2010-06-07 10:30:00,39.34,39.35,39.16,39.1857,31108
2010-06-07 10:45:00,39.18,39.22,39.05,39.15,82464
2010-06-07 11:00:00,39.14,39.16,38.8901,38.94,66059
2010-06-07 11:15:00,38.93,39.03,38.83,38.83,41228
2010-06-07 11:30:00,38.83,38.91,38.73,38.85,43518
2010-06-07 11:45:00,38.8575,38.99,38.85,38.99,34920
2010-06-07 12:00:00,38.98,39.13,38.97,39.115,40095
2010-06-07 12:15:00,39.11,39.25,39.09,39.14,30623
2010-06-07 12:30:00,39.14,39.14,38.975,38.975,25657
2010-06-07 12:45:00,38.99,39.04,38.96,39.01,30290
2010-06-07 13:00:00,39.0,39.1,38.99,39.06,18885
2010-06-07 13:15:00,39.055,39.06,38.965,39.04,32060
2010-06-07 13:30:00,39.03,39.1601,39.02,39.16,22315
2010-06-07 13:45:00,39.15,39.21,39.07,39.07,28362
2010-06-07 14:00:00,39.07,39.1,38.97,39.06,79422
2010-06-07 14:15:00,39.06,39.1,38.99,38.99,23625
2010-06-07 14:30:00,38.99,39.03,38.93,38.9701,48605
2010-06-07 14:45:00,38.98,39.01,38.83,38.84,63641
2010-06-07 15:00:00,38.84,38.84,38.67,38.74,62066
2010-06-07 15:15:00,38.77,38.92,38.77,38.81,79811
2010-06-07 15:30:00,38.8,38.84,38.48,38.48,125674
2010-06-07 15:45:00,38.48,38.53,38.33,38.42,127570
2010-06-07 16:00:00,38.43,38.5,38.36,38.4,287328
2010-06-08 09:45:00,38.41,38.725,38.22,38.51,50247
2010-06-08 10:00:00,38.5,38.54,37.92,38.0,91340
2010-06-08 10:15:00,38.0,38.26,37.99,38.05,122318
2010-06-08 10:30:00,38.03,38.03,37.77,37.87,69328
2010-06-08 10:45:00,37.88,37.9,37.5606,37.6,103595
2010-06-08 11:00:00,37.61,37.85,37.52,37.84,63380
2010-06-08 11:15:00,37.84,37.87,37.48,37.55,75908
2010-06-08 11:30:00,37.55,37.99,37.54,37.91,89486
2010-06-08 11:45:00,37.9,38.1,37.85,37.885,143696
2010-06-08 12:00:00,37.9,38.04,37.85,37.95,180704
2010-06-08 12:15:00,37.95,38.02,37.84,37.87,126204
2010-06-08 12:30:00,37.87,37.97,37.82,37.96,63496
2010-06-08 12:45:00,37.93,38.03,37.93,37.96,105794
2010-06-08 13:00:00,37.96,37.96,37.87,37.94,141655
2010-06-08 13:15:00,37.93,38.01,37.7,37.71,141378
2010-06-08 13:30:00,37.71,37.726,37.59,37.6525,51599
2010-06-08 13:45:00,37.66,37.69,37.51,37.61,83932
2010-06-08 14:00:00,37.62,37.62,37.39,37.55,89977
2010-06-08 14:15:00,37.56,37.66,37.51,37.56,39383
2010-06-08 14:30:00,37.55,37.88,37.5,37.78,73266
2010-06-08 14:45:00,37.78,37.874,37.74,37.78,144373
2010-06-08 15:00:00,37.77,37.82,37.58,37.62,181315
2010-06-08 15:15:00,37.63,37.71,37.59,37.66,243009
2010-06-08 15:30:00,37.6601,37.8,37.54,37.79,202742
2010-06-08 15:45:00,37.8,38.09,37.79,38.09,232893
2010-06-08 16:00:00,38.1,38.15,38.0,38.07,399073
2010-06-09 09:45:00,38.3,38.49,38.25,38.26,45938
2010-06-09 10:00:00,38.26,38.38,38.21,38.33,34376
2010-06-09 10:15:00,38.32,38.38,38.17,38.26,36108
2010-06-09 10:30:00,38.28,38.46,38.28,38.37,28291
2010-06-09 10:45:00,38.37,38.49,38.34,38.47,52590
2010-06-09 11:00:00,38.48,38.73,38.48,38.73,37827
2010-06-09 11:15:00,38.73,39.08,38.73,39.0471,88829
2010-06-09 11:30:00,39.045,39.29,39.04,39.25,58078
2010-06-09 11:45:00,39.25,39.31,39.21,39.22,22090
2010-06-09 12:00:00,39.21,39.22,39.05,39.11,36345
2010-06-09 12:15:00,39.1,39.19,39.07,39.16,20736
2010-06-09 12:30:00,39.15,39.2608,39.14,39.21,19698
2010-06-09 12:45:00,39.2,39.22,38.98,38.98,35164
2010-06-09 13:00:00,38.99,39.13,38.93,38.94,25559
2010-06-09 13:15:00,38.94,39.0,38.91,38.99,38537
2010-06-09 13:30:00,38.98,39.07,38.96,38.98,23350
2010-06-09 13:45:00,38.989000000000004,39.02,38.9,38.98,32510
2010-06-09 14:00:00,38.97,39.07,38.95,39.07,56346
2010-06-09 14:15:00,39.08,39.09,38.85,39.07,73718
2010-06-09 14:30:00,39.07,39.12,39.01,39.09,119960
2010-06-09 14:45:00,39.09,39.16,39.01,39.05,64027
2010-06-09 15:00:00,39.03,39.12,38.73,38.74,112999
2010-06-09 15:15:00,38.73,38.91,38.69,38.74,62004
2010-06-09 15:30:00,38.75,38.77,38.49,38.7596,74612
2010-06-09 15:45:00,38.75,38.77,38.4,38.43,151260
2010-06-09 16:00:00,38.44,38.57,38.27,38.45,271595
2010-06-10 09:45:00,39.0,39.36,39.0,39.335,99755
2010-06-10 10:00:00,39.34,39.67,39.34,39.65,70264
2010-06-10 10:15:00,39.68,39.81,39.57,39.6,70658
2010-06-10 10:30:00,39.6,39.65,39.55,39.6,105176
2010-06-10 10:45:00,39.6,39.66,39.57,39.63,139087
2010-06-10 11:00:00,39.66,39.72,39.6,39.7,76801
2010-06-10 11:15:00,39.7,39.9,39.7,39.9,75283
2010-06-10 11:30:00,39.9,39.99,39.9,39.94,74374
2010-06-10 11:45:00,39.94,39.98,39.91,39.93,95917
2010-06-10 12:00:00,39.93,40.02,39.88,39.96,152904
2010-06-10 12:15:00,39.96,39.97,39.73,39.75,103327
2010-06-10 12:30:00,39.7485,39.91,39.72,39.89,88872
2010-06-10 12:45:00,39.88,39.92,39.82,39.82,132732
2010-06-10 13:00:00,39.8,39.9,39.76,39.88,99299
2010-06-10 13:15:00,39.87,39.91,39.78,39.87,62127
2010-06-10 13:30:00,39.89,40.0,39.83,39.95,32260
2010-06-10 13:45:00,39.96,40.02,39.94,40.0,104869
2010-06-10 14:00:00,40.0,40.11,39.9975,40.0899,115811
2010-06-10 14:15:00,40.0799,40.14,39.97,40.0,91252
2010-06-10 14:30:00,40.0,40.1,40.0,40.02,57038
2010-06-10 14:45:00,40.03,40.34,40.02,40.32,86376
2010-06-10 15:00:00,40.32,40.35,40.27,40.32,76132
2010-06-10 15:15:00,40.32,40.37,40.25,40.37,113628
2010-06-10 15:30:00,40.37,40.49,40.35,40.46,127851
2010-06-10 15:45:00,40.46,40.56,40.42,40.54,285520
2010-06-10 16:00:00,40.53,40.63,40.46,40.58,493221
2010-06-11 09:45:00,40.27,40.27,39.55,40.11,86552
2010-06-11 10:00:00,40.11,40.18,40.0401,40.07,101624
2010-06-11 10:15:00,40.06,40.52,40.03,40.45,214311
2010-06-11 10:30:00,40.45,40.54,40.41,40.46,85889
2010-06-11 10:45:00,40.45,40.49,40.33,40.43,98907
2010-06-11 11:00:00,40.43,40.43,40.15,40.28,35193
2010-06-11 11:15:00,40.27,40.3,40.15,40.2,48751
2010-06-11 11:30:00,40.2,40.22,40.13,40.13,53062
2010-06-11 11:45:00,40.14,40.31,40.14,40.28,84543
2010-06-11 12:00:00,40.28,40.35,40.26,40.33,50886
2010-06-11 12:15:00,40.33,40.35,40.26,40.35,29403
2010-06-11 12:30:00,40.35,40.35,40.25,40.3,45913
2010-06-11 12:45:00,40.29,40.35,40.24,40.33,32805
2010-06-11 13:00:00,40.3203,40.34,40.29,40.3,28058
2010-06-11 13:15:00,40.3,40.42,40.3,40.41,39611
2010-06-11 13:30:00,40.41,40.42,40.35,40.37,26665
2010-06-11 13:45:00,40.37,40.39,40.27,40.28,27175
2010-06-11 14:00:00,40.29,40.29,40.21,40.27,23385
2010-06-11 14:15:00,40.26,40.3,40.18,40.185,72579
2010-06-11 14:30:00,40.185,40.21,40.09,40.12,55888
2010-06-11 14:45:00,40.13,40.22,40.13,40.22,35232
2010-06-11 15:00:00,40.22,40.305,40.22,40.23,38005
2010-06-11 15:15:00,40.23,40.29,40.15,40.19,49103
2010-06-11 15:30:00,40.1915,40.31,40.1915,40.27,64382
2010-06-11 15:45:00,40.26,40.47,40.25,40.41,226229
2010-06-11 16:00:00,40.43,40.46,40.33,40.41,505256
2010-06-14 09:45:00,40.75,40.99,40.66,40.98,64462
2010-06-14 10:00:00,40.96,41.12,40.94,41.0798,65715
2010-06-14 10:15:00,41.08,41.21,40.98,40.98,58950
2010-06-14 10:30:00,40.97,41.11,40.96,41.053999999999995,40470
2010-06-14 10:45:00,41.05,41.06,40.86,40.92,35591
2010-06-14 11:00:00,40.93,41.0,40.9,41.0,33301
2010-06-14 11:15:00,40.98,41.0,40.93,40.99,45705
2010-06-14 11:30:00,40.99,41.03,40.96,40.9695,46145
2010-06-14 11:45:00,40.97,41.01,40.94,41.0,34260
2010-06-14 12:00:00,41.0,41.0,40.93,40.93,45695
2010-06-14 12:15:00,40.92,41.0,40.9,41.0,74363
2010-06-14 12:30:00,40.99,40.99,40.915,40.95,35577
2010-06-14 12:45:00,40.94,40.98,40.84,40.85,77588
2010-06-14 13:00:00,40.85,40.87,40.77,40.77,64110
2010-06-14 13:15:00,40.78,40.86,40.71,40.76,118054
2010-06-14 13:30:00,40.77,40.78,40.7075,40.75,73633
2010-06-14 13:45:00,40.75,40.86,40.73,40.85,46725
2010-06-14 14:00:00,40.85,40.87,40.69,40.69,37293
2010-06-14 14:15:00,40.68,40.78,40.64,40.75,38306
2010-06-14 14:30:00,40.74,40.75,40.59,40.74,42457
2010-06-14 14:45:00,40.74,40.74,40.5575,40.69,54724
2010-06-14 15:00:00,40.69,40.88,40.67,40.87,49782
2010-06-14 15:15:00,40.87,40.91,40.76,40.825,64039
2010-06-14 15:30:00,40.82,40.92,40.73,40.77,68012
2010-06-14 15:45:00,40.77,40.77,40.52,40.66,87254
2010-06-14 16:00:00,40.66,40.72,40.48,40.53,249161
2010-06-15 09:45:00,41.0,41.25,41.0,41.25,80749
2010-06-15 10:00:00,41.24,41.31,41.19,41.21,24002
2010-06-15 10:15:00,41.19,41.19,41.0,41.03,37755
2010-06-15 10:30:00,41.02,41.21,41.02,41.12,34618
2010-06-15 10:45:00,41.12,41.2,41.09,41.17,19845
2010-06-15 11:00:00,41.18,41.21,41.12,41.196000000000005,24244
2010-06-15 11:15:00,41.2,41.26,41.03,41.0401,43172
2010-06-15 11:30:00,41.06,41.18,41.06,41.16,21037
2010-06-15 11:45:00,41.14,41.15,41.02,41.14,17548
2010-06-15 12:00:00,41.14,41.21,41.09,41.15,15428
2010-06-15 12:15:00,41.17,41.27,41.17,41.25,12265
2010-06-15 12:30:00,41.254,41.27,41.21,41.22,10125
2010-06-15 12:45:00,41.23,41.23,41.11,41.14,9405
2010-06-15 13:00:00,41.12,41.2,41.11,41.2,11438
2010-06-15 13:15:00,41.2,41.2,41.09,41.2,17591
2010-06-15 13:30:00,41.2,41.28,41.2,41.2238,23418
2010-06-15 13:45:00,41.22,41.26,41.2001,41.24,21746
2010-06-15 14:00:00,41.23,41.27,41.19,41.26,20999
2010-06-15 14:15:00,41.25,41.34,41.25,41.34,35892
2010-06-15 14:30:00,41.34,41.48,41.34,41.45,34769
2010-06-15 14:45:00,41.46,41.48,41.38,41.46,93944
2010-06-15 15:00:00,41.45,41.485,41.43,41.45,40634
2010-06-15 15:15:00,41.45,41.5,41.44,41.47,55624
2010-06-15 15:30:00,41.47,41.71,41.47,41.685,124936
2010-06-15 15:45:00,41.68,41.715,41.6,41.67,111248
2010-06-15 16:00:00,41.68,41.86,41.66,41.82,375298
2010-06-16 09:45:00,41.61,41.83,41.41,41.79,75902
2010-06-16 10:00:00,41.8,42.0,41.74,41.98,101148
2010-06-16 10:15:00,41.99,42.19,41.98,42.17,128891
2010-06-16 10:30:00,42.16,42.18,42.015,42.05,88454
2010-06-16 10:45:00,42.04,42.33,42.0,42.315,156517
2010-06-16 11:00:00,42.33,42.46,42.23,42.46,101456
2010-06-16 11:15:00,42.46,42.6,42.44,42.52,120437
2010-06-16 11:30:00,42.52,42.57,42.45,42.56,74729
2010-06-16 11:45:00,42.56,42.68,42.54,42.56,58109
2010-06-16 12:00:00,42.56,42.57,42.4,42.42,66430
2010-06-16 12:15:00,42.42,42.59,42.39,42.57,46317
2010-06-16 12:30:00,42.57,42.6,42.56,42.59,32703
2010-06-16 12:45:00,42.59,42.63,42.52,42.54,38279
2010-06-16 13:00:00,42.55,42.59,42.54,42.59,38387
2010-06-16 13:15:00,42.59,42.61,42.56,42.58,38432
2010-06-16 13:30:00,42.58,42.626000000000005,42.56,42.59,30503
2010-06-16 13:45:00,42.59,42.76,42.55,42.75,66047
2010-06-16 14:00:00,42.75,42.9,42.71,42.89,87380
2010-06-16 14:15:00,42.89,43.03,42.89,42.96,84769
2010-06-16 14:30:00,42.97,43.0,42.84,42.87,59201
2010-06-16 14:45:00,42.87,42.95,42.8,42.88,68737
2010-06-16 15:00:00,42.88,42.95,42.82,42.9,86644
2010-06-16 15:15:00,42.9,42.9,42.73,42.79,93419
2010-06-16 15:30:00,42.79,42.79,42.52,42.52,95891
2010-06-16 15:45:00,42.52,42.7,42.5,42.69,250769
2010-06-16 16:00:00,42.69,42.76,42.645,42.67,241239
2010-06-17 09:45:00,42.97,43.1,42.54,42.57,103768
2010-06-17 10:00:00,42.57,43.0,42.55,43.0,97320
2010-06-17 10:15:00,42.94,42.95,42.71,42.78,150890
2010-06-17 10:30:00,42.77,42.91,42.76,42.84,110129
2010-06-17 10:45:00,42.845,42.86,42.7,42.8,127115
2010-06-17 11:00:00,42.79,42.82,42.69,42.69,86510
2010-06-17 11:15:00,42.68,42.75,42.56,42.71,85764
2010-06-17 11:30:00,42.71,42.81,42.71,42.76,79458
2010-06-17 11:45:00,42.76,42.88,42.75,42.85,32975
2010-06-17 12:00:00,42.82,43.02,42.81,42.95,44516
2010-06-17 12:15:00,42.94,42.95,42.86,42.91,31745
2010-06-17 12:30:00,42.91,42.95,42.75,42.78,46295
2010-06-17 12:45:00,42.78,42.86,42.74,42.75,28965
2010-06-17 13:00:00,42.75,42.92,42.73,42.89,24540
2010-06-17 13:15:00,42.88,42.88,42.8,42.82,28123
2010-06-17 13:30:00,42.825,42.9,42.82,42.87,35357
2010-06-17 13:45:00,42.87,42.88,42.81,42.86,53563
2010-06-17 14:00:00,42.85,43.0,42.82,42.97,119634
2010-06-17 14:15:00,42.97,43.03,42.935,42.935,52977
2010-06-17 14:30:00,42.9496,42.97,42.87,42.87,74130
2010-06-17 14:45:00,42.87,42.88,42.7,42.7,60194
2010-06-17 15:00:00,42.7,42.785,42.69,42.755,59214
2010-06-17 15:15:00,42.76,42.76,42.59,42.6,84082
2010-06-17 15:30:00,42.58,42.68,42.55,42.6,98775
2010-06-17 15:45:00,42.6,42.81,42.5975,42.72,126654
2010-06-17 16:00:00,42.72,42.9,42.6703,42.86,244660
2010-06-18 09:45:00,43.01,43.23,42.95,43.19,258892
2010-06-18 10:00:00,43.2,43.23,42.95,43.035,101754
2010-06-18 10:15:00,43.02,43.15,42.99,43.04,48398
2010-06-18 10:30:00,43.04,43.1,42.96,43.05,52608
2010-06-18 10:45:00,43.03,43.28,43.03,43.19,53905
2010-06-18 11:00:00,43.19,43.39,43.17,43.36,68309
2010-06-18 11:15:00,43.35,43.37,43.24,43.29,61076
2010-06-18 11:30:00,43.29,43.34,43.26,43.32,47789
2010-06-18 11:45:00,43.31,43.32,43.11,43.12,79008
2010-06-18 12:00:00,43.1,43.1,42.99,43.04,49307
2010-06-18 12:15:00,43.04,43.13,43.03,43.06,29720
2010-06-18 12:30:00,43.06,43.08,42.87,42.97,45209
2010-06-18 12:45:00,42.97,42.978,42.87,42.93,43280
2010-06-18 13:00:00,42.95,43.0,42.89,42.91,41365
2010-06-18 13:15:00,42.9,42.97,42.85,42.95,97996
2010-06-18 13:30:00,42.95,42.96,42.9,42.9,16125
2010-06-18 13:45:00,42.91,42.94,42.85,42.91,20026
2010-06-18 14:00:00,42.92,42.92,42.7806,42.8385,23091
2010-06-18 14:15:00,42.83,42.89,42.8,42.88,35084
2010-06-18 14:30:00,42.88,42.9149,42.8,42.88,32529
2010-06-18 14:45:00,42.89,42.89,42.74,42.79,49502
2010-06-18 15:00:00,42.79,42.89,42.79,42.86,30564
2010-06-18 15:15:00,42.86,42.87,42.77,42.83,41226
2010-06-18 15:30:00,42.82,42.845,42.76,42.82,46157
2010-06-18 15:45:00,42.82,42.86,42.8,42.81,72044
2010-06-18 16:00:00,42.82,42.94,42.815,42.88,284653
2010-06-21 09:45:00,43.28,43.38,43.09,43.2,84032
2010-06-21 10:00:00,43.19,43.2,43.01,43.04,129317
2010-06-21 10:15:00,43.06,43.16,43.04,43.07,63735
2010-06-21 10:30:00,43.06,43.13,43.01,43.02,47940
2010-06-21 10:45:00,43.01,43.03,42.91,42.97,104967
2010-06-21 11:00:00,42.97,42.98,42.6901,42.8,100400
2010-06-21 11:15:00,42.8,42.96,42.76,42.952,50384
2010-06-21 11:30:00,42.96,42.99,42.9,42.99,41051
2010-06-21 11:45:00,42.98,43.02,42.88,42.9,32883
2010-06-21 12:00:00,42.9,42.91,42.79,42.83,32312
2010-06-21 12:15:00,42.83,42.85,42.72,42.76,45188
2010-06-21 12:30:00,42.77,42.82,42.62,42.63,113661
2010-06-21 12:45:00,42.65,42.66,42.6,42.65,37931
2010-06-21 13:00:00,42.65,42.71,42.63,42.665,43198
2010-06-21 13:15:00,42.67,42.69,42.55,42.6,119362
2010-06-21 13:30:00,42.595,42.61,42.55,42.57,48330
2010-06-21 13:45:00,42.57,42.61,42.515,42.53,55935
2010-06-21 14:00:00,42.5274,42.63,42.51,42.57,72642
2010-06-21 14:15:00,42.56,42.71,42.515,42.65,69217
2010-06-21 14:30:00,42.65,42.695,42.63,42.63,119181
2010-06-21 14:45:00,42.635,42.69,42.62,42.6227,39992
2010-06-21 15:00:00,42.63,42.64,42.48,42.5,77641
2010-06-21 15:15:00,42.49,42.53,42.31,42.31,125559
2010-06-21 15:30:00,42.315,42.34,42.11,42.129,177224
2010-06-21 15:45:00,42.129,42.22,42.0,42.005,139948
2010-06-21 16:00:00,42.005,42.25,42.0,42.23,320156
2010-06-22 09:45:00,42.36,42.65,42.24,42.53,52039
2010-06-22 10:00:00,42.57,42.67,42.34,42.34,45547
2010-06-22 10:15:00,42.33,42.33,41.91,42.05,203481
2010-06-22 10:30:00,42.05,42.3,41.98,42.22,184318
2010-06-22 10:45:00,42.215,42.22,42.01,42.03,145991
2010-06-22 11:00:00,42.04,42.11,42.0,42.075,64938
2010-06-22 11:15:00,42.065,42.08,41.81,41.9,91793
2010-06-22 11:30:00,41.895,41.93,41.83,41.88,56793
2010-06-22 11:45:00,41.88,42.11,41.88,41.97,66019
2010-06-22 12:00:00,41.975,42.05,41.93,41.96,62320
2010-06-22 12:15:00,41.96,42.02,41.95,41.99,61624
2010-06-22 12:30:00,41.99,42.08,41.965,41.995,49884
2010-06-22 12:45:00,41.99,42.01,41.95,41.97,46998
2010-06-22 13:00:00,41.97,41.98,41.91,41.945,42491
2010-06-22 13:15:00,41.94,42.04,41.93,41.98,57646
2010-06-22 13:30:00,41.98,41.98,41.8,41.815,50285
2010-06-22 13:45:00,41.82,42.02,41.78,42.0,69538
2010-06-22 14:00:00,42.01,42.04,41.87,41.87,58308
2010-06-22 14:15:00,41.87,41.875,41.7,41.71,103340
2010-06-22 14:30:00,41.71,41.725,41.53,41.58,81845
2010-06-22 14:45:00,41.57,41.62,41.44,41.44,94304
2010-06-22 15:00:00,41.43,41.43,41.225,41.285,147639
2010-06-22 15:15:00,41.28,41.38,41.215,41.36,126503
2010-06-22 15:30:00,41.36,41.43,41.285,41.33,103299
2010-06-22 15:45:00,41.32,41.35,41.17,41.32,214011
2010-06-22 16:00:00,41.315,41.35,41.18,41.26,288111
2010-06-23 09:45:00,41.29,41.49,40.97,40.99,76472
2010-06-23 10:00:00,40.97,41.36,40.89,41.36,146664
2010-06-23 10:15:00,41.32,41.32,40.74,40.89,155944
2010-06-23 10:30:00,40.89,40.9,40.62,40.62,84813
2010-06-23 10:45:00,40.64,40.92,40.64,40.79,53654
2010-06-23 11:00:00,40.8,41.06,40.8,40.93,79946
2010-06-23 11:15:00,40.96,41.04,40.85,40.9,55720
2010-06-23 11:30:00,40.91,41.14,40.88,41.08,43064
2010-06-23 11:45:00,41.08,41.1,40.87,40.95,67964
2010-06-23 12:00:00,40.99,41.03,40.9081,41.0,43649
2010-06-23 12:15:00,41.0,41.03,40.91,40.93,46370
2010-06-23 12:30:00,40.93,41.12,40.92,41.1,33181
2010-06-23 12:45:00,41.09,41.17,41.08,41.1,35272
2010-06-23 13:00:00,41.09,41.26,41.09,41.24,50700
2010-06-23 13:15:00,41.25,41.35,41.17,41.24,84071
2010-06-23 13:30:00,41.24,41.26,41.16,41.25,41125
2010-06-23 13:45:00,41.25,41.41,41.24,41.39,51630
2010-06-23 14:00:00,41.4,41.43,41.29,41.3,85313
2010-06-23 14:15:00,41.29,41.38,41.17,41.25,116612
2010-06-23 14:30:00,41.25,41.3,40.98,41.14,156135
2010-06-23 14:45:00,41.16,41.32,41.07,41.08,244711
2010-06-23 15:00:00,41.07,41.11,40.93,41.06,129504
2010-06-23 15:15:00,41.07,41.15,40.87,40.96,122498
2010-06-23 15:30:00,40.961000000000006,41.11,40.92,41.08,188278
2010-06-23 15:45:00,41.07,41.29,40.9601,41.25,170963
2010-06-23 16:00:00,41.26,41.29,41.09,41.11,190448
2010-06-24 10:15:00,42.18,42.88,41.55,42.2,1467119
2010-06-24 10:30:00,42.21,42.54,42.2,42.39,384476
2010-06-24 10:45:00,42.37,42.48,42.15,42.17,286227
2010-06-24 11:00:00,42.17,42.19,41.88,42.01,276653
2010-06-24 11:15:00,42.01,42.02,41.85,41.85,316675
2010-06-24 11:30:00,41.85,42.23,41.82,42.05,244530
2010-06-24 11:45:00,42.0525,42.11,41.96,41.96,143658
2010-06-24 12:00:00,41.97,42.08,41.97,42.08,110173
2010-06-24 12:15:00,42.075,42.48,42.07,42.45,205756
2010-06-24 12:30:00,42.4505,42.79,42.4505,42.67,183950
2010-06-24 12:45:00,42.67,42.86,42.67,42.82,94601
2010-06-24 13:00:00,42.82,43.26,42.81,43.08,295844
2010-06-24 13:15:00,43.08,43.71,42.95,43.65,261596
2010-06-24 13:30:00,43.64,43.68,43.42,43.42,156590
2010-06-24 13:45:00,43.4205,43.68,43.42,43.5,93903
2010-06-24 14:00:00,43.5,43.705,43.44,43.608000000000004,277574
2010-06-24 14:15:00,43.61,43.61,43.34,43.41,208740
2010-06-24 14:30:00,43.41,43.49,43.32,43.33,97751
2010-06-24 14:45:00,43.33,43.38,43.21,43.24,114710
2010-06-24 15:00:00,43.24,43.31,42.79,42.8,199713
2010-06-24 15:15:00,42.8,42.92,42.63,42.72,333765
2010-06-24 15:30:00,42.69,42.97,42.53,42.8,343936
2010-06-24 15:45:00,42.8,42.88,42.74,42.87,343900
2010-06-24 16:00:00,42.88,42.92,42.72,42.82,470737
2010-06-25 09:45:00,42.81,43.07,42.65,42.65,227690
2010-06-25 10:00:00,42.655,42.79,42.21,42.24,237227
2010-06-25 10:15:00,42.22,42.2525,41.99,42.026,177424
2010-06-25 10:30:00,42.01,42.0698,41.8,41.81,160510
2010-06-25 10:45:00,41.81,42.02,41.79,41.97,251923
2010-06-25 11:00:00,41.97,42.01,41.79,41.85,231164
2010-06-25 11:15:00,41.86,42.05,41.85,41.99,199104
2010-06-25 11:30:00,41.99,42.21,41.98,42.19,144132
2010-06-25 11:45:00,42.2,42.37,42.18,42.25,277321
2010-06-25 12:00:00,42.25,42.42,42.22,42.31,98338
2010-06-25 12:15:00,42.31,42.44,42.28,42.4,97281
2010-06-25 12:30:00,42.4,42.61,42.36,42.58,71008
2010-06-25 12:45:00,42.57,42.67,42.55,42.57,76530
2010-06-25 13:00:00,42.56,42.61,42.45,42.54,64990
2010-06-25 13:15:00,42.56,42.78,42.54,42.67,57300
2010-06-25 13:30:00,42.68,42.78,42.67,42.78,88210
2010-06-25 13:45:00,42.78,42.93,42.76,42.915,102830
2010-06-25 14:00:00,42.92,42.98,42.87,42.96,73212
2010-06-25 14:15:00,42.95,42.965,42.82,42.93,82410
2010-06-25 14:30:00,42.93,43.11,42.89,43.11,86277
2010-06-25 14:45:00,43.1,43.22,42.99,43.12,96480
2010-06-25 15:00:00,43.12,43.12,42.96,43.035,68838
2010-06-25 15:15:00,43.04,43.05,42.88,43.0,90564
2010-06-25 15:30:00,43.0,43.04,42.85,43.03,116457
2010-06-25 15:45:00,43.03,43.15,42.99,43.08,192954
2010-06-25 16:00:00,43.08,43.09,42.85,43.09,366785
2010-06-28 09:45:00,43.06,43.43,42.94,42.97,63418
2010-06-28 10:00:00,42.96,42.96,42.57,42.74,59190
2010-06-28 10:15:00,42.74,42.87,42.56,42.7,43132
2010-06-28 10:30:00,42.7,43.02,42.7,42.98,38128
2010-06-28 10:45:00,43.01,43.15,42.9,43.08,40583
2010-06-28 11:00:00,43.08,43.38,43.073,43.36,26747
2010-06-28 11:15:00,43.37,43.51,43.3675,43.49,49798
2010-06-28 11:30:00,43.48,43.49,43.34,43.48,55128
2010-06-28 11:45:00,43.49,43.5019,43.3734,43.4,57608
2010-06-28 12:00:00,43.4,43.4,43.18,43.18,34178
2010-06-28 12:15:00,43.18,43.23,43.07,43.15,27841
2010-06-28 12:30:00,43.15,43.21,43.09,43.21,22350
2010-06-28 12:45:00,43.19,43.24,43.1,43.17,33598
2010-06-28 13:00:00,43.17,43.25,43.13,43.25,22385
2010-06-28 13:15:00,43.25,43.25,43.06,43.07,30113
2010-06-28 13:30:00,43.07,43.11,43.03,43.1001,17807
2010-06-28 13:45:00,43.1,43.15,43.02,43.12,23500
2010-06-28 14:00:00,43.12,43.2,43.11,43.18,29385
2010-06-28 14:15:00,43.18,43.28,43.17,43.27,23967
2010-06-28 14:30:00,43.27,43.28,43.123999999999995,43.13,32797
2010-06-28 14:45:00,43.13,43.27,43.09,43.26,34349
2010-06-28 15:00:00,43.26,43.278,43.12,43.242,69768
2010-06-28 15:15:00,43.26,43.29,43.17,43.17,48732
2010-06-28 15:30:00,43.17,43.26,43.12,43.17,69601
2010-06-28 15:45:00,43.16,43.2699,43.1,43.25,87220
2010-06-28 16:00:00,43.24,43.247,42.96,42.98,190881
2010-06-29 09:45:00,42.32,42.72,42.08,42.08,166457
2010-06-29 10:00:00,42.08,42.24,41.82,42.22,97970
2010-06-29 10:15:00,42.21,42.2175,41.85,42.12,163854
2010-06-29 10:30:00,42.12,42.12,41.77,41.81,78560
2010-06-29 10:45:00,41.79,41.968,41.76,41.83,91203
2010-06-29 11:00:00,41.84,41.95,41.73,41.95,100571
2010-06-29 11:15:00,41.95,42.31,41.86,42.23,146303
2010-06-29 11:30:00,42.23,42.29,42.17,42.22,30988
2010-06-29 11:45:00,42.21,42.27,42.14,42.25,39160
2010-06-29 12:00:00,42.24,42.44,42.24,42.37,34247
2010-06-29 12:15:00,42.38,42.44,42.208,42.41,43253
2010-06-29 12:30:00,42.42,42.516999999999996,42.3186,42.32,41859
2010-06-29 12:45:00,42.31,42.31,42.09,42.11,44082
2010-06-29 13:00:00,42.11,42.19,42.1,42.17,25421
2010-06-29 13:15:00,42.18,42.24,42.15,42.19,17715
2010-06-29 13:30:00,42.2,42.21,42.071999999999996,42.14,17465
2010-06-29 13:45:00,42.16,42.16,42.0,42.09,40935
2010-06-29 14:00:00,42.1,42.21,42.015,42.21,28541
2010-06-29 14:15:00,42.21,42.44,42.19,42.43,43548
2010-06-29 14:30:00,42.42,42.49,42.33,42.42,39961
2010-06-29 14:45:00,42.4,42.41,42.28,42.34,55442
2010-06-29 15:00:00,42.34,42.36,42.14,42.16,83540
2010-06-29 15:15:00,42.16,42.33,42.13,42.13,73671
2010-06-29 15:30:00,42.14,42.19,41.88,41.97,168478
2010-06-29 15:45:00,41.97,42.18,41.87,41.98,152651
2010-06-29 16:00:00,41.97,42.18,41.77,42.08,347711
2010-06-30 09:45:00,41.9,42.31,41.81,42.3,108708
2010-06-30 10:00:00,42.29,42.39,41.98,41.99,108186
2010-06-30 10:15:00,41.99,42.11,41.91,42.0,88668
2010-06-30 10:30:00,42.02,42.13,41.79,41.8,111035
2010-06-30 10:45:00,41.79,42.0,41.78,41.8,109830
2010-06-30 11:00:00,41.81,41.92,41.72,41.73,91190
2010-06-30 11:15:00,41.73,41.94,41.7,41.94,94750
2010-06-30 11:30:00,41.95,42.06,41.89,41.9,77982
2010-06-30 11:45:00,41.9,42.04,41.89,41.92,64326
2010-06-30 12:00:00,41.94,42.05,41.88,41.88,70245
2010-06-30 12:15:00,41.89,42.05,41.85,42.03,47670
2010-06-30 12:30:00,42.03,42.09,41.97,41.97,43359
2010-06-30 12:45:00,41.99,42.02,41.76,41.76,37928
2010-06-30 13:00:00,41.76,41.84,41.71,41.8,35733
2010-06-30 13:15:00,41.81,41.89,41.74,41.86,46757
2010-06-30 13:30:00,41.85,41.88,41.76,41.8102,30241
2010-06-30 13:45:00,41.83,41.85,41.67,41.79,39167
2010-06-30 14:00:00,41.8,41.89,41.76,41.7802,32320
2010-06-30 14:15:00,41.77,41.832,41.66,41.67,53328
2010-06-30 14:30:00,41.67,41.69,41.53,41.55,55367
2010-06-30 14:45:00,41.57,41.6514,41.5,41.53,60551
2010-06-30 15:00:00,41.56,41.69,41.51,41.59,73533
2010-06-30 15:15:00,41.57,41.7,41.56,41.6,68604
2010-06-30 15:30:00,41.6,41.63,41.47,41.48,169281
2010-06-30 15:45:00,41.48,41.5,41.11,41.11,150640
2010-06-30 16:00:00,41.11,41.3,41.04,41.11,315070
2010-07-01 09:45:00,41.25,41.71,41.25,41.48,83374
2010-07-01 10:00:00,41.47,41.62,41.38,41.47,76074
2010-07-01 10:15:00,41.47,41.47,40.85,40.9,154422
2010-07-01 10:30:00,40.9,41.085,40.9,40.96,75052
2010-07-01 10:45:00,40.97,41.02,40.6,40.66,204226
2010-07-01 11:00:00,40.65,40.81,40.623000000000005,40.7,147599
2010-07-01 11:15:00,40.69,40.77,40.57,40.65,205615
2010-07-01 11:30:00,40.655,41.11,40.655,41.11,140680
2010-07-01 11:45:00,41.09,41.1,41.005,41.025,204537
2010-07-01 12:00:00,41.025,41.13,40.94,41.02,184350
2010-07-01 12:15:00,41.03,41.0355,40.93,40.93,49211
2010-07-01 12:30:00,40.93,40.98,40.8,40.805,106991
2010-07-01 12:45:00,40.81,41.07,40.795,41.025,234685
2010-07-01 13:00:00,41.025,41.08,40.88,40.91,112685
2010-07-01 13:15:00,40.91,41.02,40.91,40.96,83700
2010-07-01 13:30:00,40.96,41.07,40.91,40.95,77594
2010-07-01 13:45:00,40.95,41.07,40.89,40.96,133594
2010-07-01 14:00:00,40.97,41.01,40.87,40.97,108658
2010-07-01 14:15:00,40.97,41.03,40.9,41.012,97349
2010-07-01 14:30:00,41.02,41.13,40.86,40.905,86975
2010-07-01 14:45:00,40.92,40.95,40.67,40.7,74521
2010-07-01 15:00:00,40.7,40.8,40.61,40.8,80974
2010-07-01 15:15:00,40.8,40.94,40.8,40.84,118852
2010-07-01 15:30:00,40.85,40.87,40.76,40.8,175185
2010-07-01 15:45:00,40.7975,40.95,40.75,40.885,264243
2010-07-01 16:00:00,40.9,40.95,40.71,40.86,286762
2010-07-02 09:45:00,41.06,41.06,40.57,40.85,129395
2010-07-02 10:00:00,40.85,40.9,40.72,40.85,129097
2010-07-02 10:15:00,40.84,40.93,40.74,40.77,112882
2010-07-02 10:30:00,40.78,40.85,40.63,40.67,103613
2010-07-02 10:45:00,40.675,40.85,40.62,40.77,77699
2010-07-02 11:00:00,40.74,40.85,40.63,40.66,50285
2010-07-02 11:15:00,40.67,40.7698,40.58,40.7698,58509
2010-07-02 11:30:00,40.76,40.765,40.52,40.6,69325
2010-07-02 11:45:00,40.59,40.62,40.32,40.37,92624
2010-07-02 12:00:00,40.37,40.54,40.29,40.36,79489
2010-07-02 12:15:00,40.35,40.7,40.34,40.65,44954
2010-07-02 12:30:00,40.64,40.64,40.44,40.54,46410
2010-07-02 12:45:00,40.55,40.59,40.42,40.44,42840
2010-07-02 13:00:00,40.44,40.51,40.365,40.39,39876
2010-07-02 13:15:00,40.385,40.48,40.26,40.395,82098
2010-07-02 13:30:00,40.3922,40.42,40.19,40.22,87177
2010-07-02 13:45:00,40.23,40.39,40.2,40.32,66374
2010-07-02 14:00:00,40.32,40.6,40.32,40.57,39658
2010-07-02 14:15:00,40.57,40.58,40.42,40.5,43980
2010-07-02 14:30:00,40.5,40.52,40.45,40.5,52102
2010-07-02 14:45:00,40.5,40.51,40.44,40.4697,84519
2010-07-02 15:00:00,40.46,40.56,40.44,40.55,70624
2010-07-02 15:15:00,40.54,40.62,40.49,40.53,91435
2010-07-02 15:30:00,40.53,40.64,40.51,40.6,91516
2010-07-02 15:45:00,40.6,40.795,40.57,40.71,152267
2010-07-02 16:00:00,40.715,40.83,40.42,40.42,390119
2010-07-06 09:45:00,40.71,41.11,40.71,41.02,126015
2010-07-06 10:00:00,41.02,41.16,40.98,41.0,90986
2010-07-06 10:15:00,41.02,41.15,40.9,41.04,101564
2010-07-06 10:30:00,41.04,41.07,40.92,40.98,65099
2010-07-06 10:45:00,40.98,41.06,40.93,40.93,52457
2010-07-06 11:00:00,40.93,41.0,40.85,40.86,44033
2010-07-06 11:15:00,40.86,40.94,40.8,40.84,60715
2010-07-06 11:30:00,40.85,40.855,40.6,40.635,53207
2010-07-06 11:45:00,40.64,40.79,40.62,40.75,40959
2010-07-06 12:00:00,40.74,40.74,40.53,40.67,66514
2010-07-06 12:15:00,40.66,40.76,40.62,40.625,72003
2010-07-06 12:30:00,40.6,40.69,40.455,40.49,43430
2010-07-06 12:45:00,40.49,40.57,40.4,40.42,40191
2010-07-06 13:00:00,40.41,40.43,40.23,40.26,67305
2010-07-06 13:15:00,40.255,40.38,40.22,40.22,57121
2010-07-06 13:30:00,40.22,40.28,40.14,40.26,51006
2010-07-06 13:45:00,40.25,40.27,40.05,40.065,75609
2010-07-06 14:00:00,40.06,40.07,39.88,39.94,91447
2010-07-06 14:15:00,39.94,40.01,39.72,39.73,114062
2010-07-06 14:30:00,39.74,39.91,39.73,39.88,88299
2010-07-06 14:45:00,39.89,40.045,39.89,39.95,63602
2010-07-06 15:00:00,39.95,40.025,39.82,39.84,122793
2010-07-06 15:15:00,39.84,39.99,39.8,39.97,115003
2010-07-06 15:30:00,39.97,40.02,39.8,39.92,154520
2010-07-06 15:45:00,39.92,40.08,39.88,40.03,197013
2010-07-06 16:00:00,40.04,40.12,39.865,40.08,361700
2010-07-07 09:45:00,40.01,40.25,39.92,40.25,58842
2010-07-07 10:00:00,40.28,40.546,40.25,40.5,54974
2010-07-07 10:15:00,40.5,40.82,40.5,40.81,83311
2010-07-07 10:30:00,40.82,40.91,40.61,40.66,64630
2010-07-07 10:45:00,40.68,40.95,40.68,40.9,80251
2010-07-07 11:00:00,40.9,41.0,40.84,40.99,82961
2010-07-07 11:15:00,41.0,41.01,40.78,40.79,41294
2010-07-07 11:30:00,40.78,40.826,40.64,40.79,29255
2010-07-07 11:45:00,40.79,41.01,40.77,40.82,51674
2010-07-07 12:00:00,40.81,40.81,40.69,40.7997,39481
2010-07-07 12:15:00,40.79,40.9,40.7601,40.89,23327
2010-07-07 12:30:00,40.875,40.97,40.83,40.96,21764
2010-07-07 12:45:00,40.97,41.02,40.84,40.88,53917
2010-07-07 13:00:00,40.88,40.96,40.85,40.87,32665
2010-07-07 13:15:00,40.88,41.04,40.8175,41.04,56467
2010-07-07 13:30:00,41.02,41.09,40.96,41.07,35493
2010-07-07 13:45:00,41.07,41.07,40.96,41.03,36185
2010-07-07 14:00:00,41.03,41.09,40.95,41.01,64532
2010-07-07 14:15:00,41.02,41.07,40.97,41.02,68204
2010-07-07 14:30:00,41.02,41.06,40.988,41.01,45719
2010-07-07 14:45:00,41.01,41.03,40.96,41.0,43932
2010-07-07 15:00:00,41.0,41.02,40.96,41.0,57940
2010-07-07 15:15:00,41.0,41.01,40.94,41.0,58336
2010-07-07 15:30:00,41.0,41.06,40.97,41.02,119952
2010-07-07 15:45:00,41.03,41.11,40.98,41.01,203058
2010-07-07 16:00:00,41.02,41.1,41.0,41.08,360296
2010-07-08 09:45:00,41.3,41.52,41.0,41.03,95463
2010-07-08 10:00:00,41.03,41.11,40.81,41.01,73668
2010-07-08 10:15:00,40.99,41.07,40.845,41.04,51324
2010-07-08 10:30:00,41.03,41.14,40.98,41.13,46110
2010-07-08 10:45:00,41.13,41.14,41.0,41.04,38693
2010-07-08 11:00:00,41.03,41.1502,41.01,41.07,40539
2010-07-08 11:15:00,41.05,41.05,40.83,41.0,27658
2010-07-08 11:30:00,40.99,41.15,40.98,41.01,17533
2010-07-08 11:45:00,41.01,41.03,40.9,40.9,25198
2010-07-08 12:00:00,40.88,40.88,40.76,40.84,26340
2010-07-08 12:15:00,40.84,40.98,40.8,40.88,23068
2010-07-08 12:30:00,40.86,41.0,40.82,40.93,27975
2010-07-08 12:45:00,40.94,40.96,40.84,40.9,22583
2010-07-08 13:00:00,40.92,41.02,40.84,40.89,30124
2010-07-08 13:15:00,40.88,41.02,40.861999999999995,40.98,18739
2010-07-08 13:30:00,40.97,41.08,40.89,40.89,39236
2010-07-08 13:45:00,40.89,41.0,40.88,40.93,21100
2010-07-08 14:00:00,40.92,40.97,40.79,40.82,27406
2010-07-08 14:15:00,40.83,40.9,40.74,40.77,40105
2010-07-08 14:30:00,40.77,40.84,40.67,40.84,39425
2010-07-08 14:45:00,40.83,40.95,40.78,40.91,33154
2010-07-08 15:00:00,40.91,40.99,40.87,40.96,36314
2010-07-08 15:15:00,40.96,40.96,40.82,40.86,65224
2010-07-08 15:30:00,40.86,41.09,40.85,41.09,102019
2010-07-08 15:45:00,41.09,41.16,41.04,41.12,136255
2010-07-08 16:00:00,41.14,41.18,41.01,41.07,263132
2010-07-09 09:45:00,41.23,41.29,41.04,41.28,75127
2010-07-09 10:00:00,41.29,41.39,40.97,41.0388,52129
2010-07-09 10:15:00,41.03,41.19,40.98,41.09,45258
2010-07-09 10:30:00,41.09,41.28,41.03,41.22,29044
2010-07-09 10:45:00,41.22,41.4225,41.19,41.31,47765
2010-07-09 11:00:00,41.31,41.32,41.15,41.2,46355
2010-07-09 11:15:00,41.19,41.19,40.99,40.99,37092
2010-07-09 11:30:00,40.99,41.04,40.91,40.975,47096
2010-07-09 11:45:00,40.98,41.2,40.975,41.2,32110
2010-07-09 12:00:00,41.18,41.19,40.99,41.0,35200
2010-07-09 12:15:00,41.0,41.22,41.0,41.1875,20151
2010-07-09 12:30:00,41.18,41.23,41.125,41.23,15199
2010-07-09 12:45:00,41.23,41.33,41.19,41.33,58192
2010-07-09 13:00:00,41.31,41.44,41.31,41.37,23241
2010-07-09 13:15:00,41.36,41.44,41.34,41.42,10528
2010-07-09 13:30:00,41.42,41.51,41.4,41.42,22205
2010-07-09 13:45:00,41.41,41.45,41.32,41.35,48768
2010-07-09 14:00:00,41.36,41.46,41.33,41.41,33389
2010-07-09 14:15:00,41.42,41.46,41.34,41.38,24695
2010-07-09 14:30:00,41.37,41.42,41.36,41.42,15740
2010-07-09 14:45:00,41.42,41.51,41.42,41.47,46576
2010-07-09 15:00:00,41.47,41.6,41.46,41.58,52901
2010-07-09 15:15:00,41.58,41.63,41.55,41.61,27136
2010-07-09 15:30:00,41.6199,41.625,41.48,41.51,35255
2010-07-09 15:45:00,41.51,41.58,41.43,41.57,69290
2010-07-09 16:00:00,41.57,41.66,41.5,41.64,226554
2010-07-12 09:45:00,41.58,42.15,41.5,42.05,70863
2010-07-12 10:00:00,42.07,42.2,42.05,42.09,50824
2010-07-12 10:15:00,42.09,42.1,41.8,41.8,33102
2010-07-12 10:30:00,41.81,41.82,41.65,41.66,20697
2010-07-12 10:45:00,41.64,41.81,41.55,41.71,32823
2010-07-12 11:00:00,41.71,41.81,41.68,41.795,43744
2010-07-12 11:15:00,41.81,41.82,41.54,41.71,48634
2010-07-12 11:30:00,41.71,41.72,41.62,41.66,28703
2010-07-12 11:45:00,41.65,41.74,41.61,41.74,36910
2010-07-12 12:00:00,41.73,41.74,41.62,41.65,22600
2010-07-12 12:15:00,41.66,41.8,41.6,41.78,26133
2010-07-12 12:30:00,41.78,41.8,41.65,41.66,25141
2010-07-12 12:45:00,41.65,41.86,41.62,41.81,54135
2010-07-12 13:00:00,41.81,41.83,41.67,41.67,27263
2010-07-12 13:15:00,41.65,41.77,41.62,41.75,17616
2010-07-12 13:30:00,41.74,41.86,41.74,41.85,21410
2010-07-12 13:45:00,41.85,41.93,41.81,41.81,34925
2010-07-12 14:00:00,41.82,42.0,41.82,42.0,20183
2010-07-12 14:15:00,42.0,42.02,41.96,42.0,37867
2010-07-12 14:30:00,42.0,42.06,41.92,41.97,26833
2010-07-12 14:45:00,41.96,41.98,41.88,41.96,37000
2010-07-12 15:00:00,41.968,41.98,41.87,41.92,35294
2010-07-12 15:15:00,41.93,41.94,41.8054,41.91,43571
2010-07-12 15:30:00,41.92,41.97,41.86,41.86,66113
2010-07-12 15:45:00,41.87,41.92,41.76,41.84,140926
2010-07-12 16:00:00,41.83,41.86,41.72,41.8,206863
2010-07-13 09:45:00,42.18,42.21,41.86,41.99,83737
2010-07-13 10:00:00,41.97,42.0,41.81,42.0,77643
2010-07-13 10:15:00,41.99,42.03,41.9,41.92,50954
2010-07-13 10:30:00,41.92,42.0,41.84,41.96,96433
2010-07-13 10:45:00,41.96,42.01,41.92,41.9725,92933
2010-07-13 11:00:00,41.975,42.01,41.89,41.89,72688
2010-07-13 11:15:00,41.89,42.035,41.87,42.035,61887
2010-07-13 11:30:00,42.04,42.11,42.03,42.105,75196
2010-07-13 11:45:00,42.11,42.3,42.105,42.2898,43348
2010-07-13 12:00:00,42.3,42.34,42.1795,42.2,21507
2010-07-13 12:15:00,42.19,42.27,42.18,42.25,31670
2010-07-13 12:30:00,42.27,42.44,42.255,42.44,54425
2010-07-13 12:45:00,42.43,42.47,42.37,42.38,44014
2010-07-13 13:00:00,42.37,42.37,42.18,42.19,23046
2010-07-13 13:15:00,42.2,42.31,42.14,42.17,19704
2010-07-13 13:30:00,42.15,42.15,42.06,42.11,14426
2010-07-13 13:45:00,42.12,42.2,42.1,42.19,41801
2010-07-13 14:00:00,42.19,42.24,42.15,42.2,23672
2010-07-13 14:15:00,42.21,42.32,42.2,42.27,39327
2010-07-13 14:30:00,42.28,42.29,42.19,42.22,29068
2010-07-13 14:45:00,42.22,42.2801,42.22,42.25,26890
2010-07-13 15:00:00,42.23,42.28,42.21,42.28,24212
2010-07-13 15:15:00,42.29,42.43,42.29,42.43,48489
2010-07-13 15:30:00,42.44,42.47,42.34,42.44,50939
2010-07-13 15:45:00,42.44,42.44,42.37,42.4,55069
2010-07-13 16:00:00,42.4,42.47,42.17,42.18,231818
2010-07-14 09:45:00,42.19,42.19,41.8,41.83,90237
2010-07-14 10:00:00,41.825,42.08,41.81,41.95,47980
2010-07-14 10:15:00,41.95,42.03,41.8,41.9,80362
2010-07-14 10:30:00,41.9,42.1,41.9,41.95,110999
2010-07-14 10:45:00,41.95,42.01,41.9,41.96,50276
2010-07-14 11:00:00,41.97,42.0,41.87,41.96,46420
2010-07-14 11:15:00,41.985,42.0,41.92,41.97,95941
2010-07-14 11:30:00,41.97,42.0,41.92,41.96,81620
2010-07-14 11:45:00,41.9574,41.98,41.93,41.98,67888
2010-07-14 12:00:00,41.99,42.0,41.92,41.93,96313
2010-07-14 12:15:00,41.91,41.97,41.91,41.93,38829
2010-07-14 12:30:00,41.92,41.97,41.92,41.945,63242
2010-07-14 12:45:00,41.94,41.96,41.88,41.915,44598
2010-07-14 13:00:00,41.92,41.92,41.82,41.84,25008
2010-07-14 13:15:00,41.8426,41.85,41.77,41.81,77574
2010-07-14 13:30:00,41.81,41.83,41.77,41.79,45959
2010-07-14 13:45:00,41.8,41.82,41.74,41.74,32517
2010-07-14 14:00:00,41.76,41.81,41.69,41.8,69991
2010-07-14 14:15:00,41.8,41.82,41.65,41.7,66090
2010-07-14 14:30:00,41.68,41.71,41.51,41.52,63329
2010-07-14 14:45:00,41.52,41.64,41.47,41.5,85884
2010-07-14 15:00:00,41.5,41.62,41.44,41.62,121631
2010-07-14 15:15:00,41.61,41.67,41.475,41.5,184572
2010-07-14 15:30:00,41.5,41.64,41.48,41.59,158444
2010-07-14 15:45:00,41.58,41.61,41.42,41.45,232452
2010-07-14 16:00:00,41.46,41.53,41.39,41.45,476797
2010-07-15 09:45:00,41.5,41.79,41.46,41.52,115498
2010-07-15 10:00:00,41.51,41.76,41.5,41.6,184208
2010-07-15 10:15:00,41.57,41.585,41.15,41.16,117599
2010-07-15 10:30:00,41.13,41.19,40.9885,41.04,130460
2010-07-15 10:45:00,41.04,41.1,40.955,41.05,99665
2010-07-15 11:00:00,41.05,41.12,41.0,41.12,90118
2010-07-15 11:15:00,41.13,41.35,41.13,41.35,102914
2010-07-15 11:30:00,41.36,41.46,41.36,41.44,50091
2010-07-15 11:45:00,41.44,41.48,41.27,41.3,46003
2010-07-15 12:00:00,41.29,41.29,41.06,41.07,67935
2010-07-15 12:15:00,41.09,41.12,41.01,41.11,39522
2010-07-15 12:30:00,41.11,41.14,40.945,40.95,29195
2010-07-15 12:45:00,40.95,41.01,40.94,41.005,23652
2010-07-15 13:00:00,41.01,41.19,41.01,41.07,31714
2010-07-15 13:15:00,41.08,41.19,41.08,41.14,34654
2010-07-15 13:30:00,41.145,41.25,41.13,41.17,40105
2010-07-15 13:45:00,41.18,41.2,41.02,41.1,82195
2010-07-15 14:00:00,41.12,41.19,41.12,41.15,24925
2010-07-15 14:15:00,41.15,41.2,41.01,41.08,70677
2010-07-15 14:30:00,41.08,41.15,41.015,41.1,157794
2010-07-15 14:45:00,41.11,41.14,40.99,41.0075,126559
2010-07-15 15:00:00,41.01,41.1,40.955,40.965,66020
2010-07-15 15:15:00,40.97,41.03,40.74,40.76,120581
2010-07-15 15:30:00,40.75,40.87,40.7,40.84,141389
2010-07-15 15:45:00,40.85,41.14,40.79,41.06,312342
2010-07-15 16:00:00,41.06,41.15,41.0,41.05,506034
2010-07-16 09:45:00,40.69,40.91,40.31,40.31,204130
2010-07-16 10:00:00,40.31,40.34,40.06,40.24,183752
2010-07-16 10:15:00,40.24,40.25,39.93,39.95,134426
2010-07-16 10:30:00,39.95,40.08,39.85,39.94,162080
2010-07-16 10:45:00,39.94,39.95,39.73,39.79,145763
2010-07-16 11:00:00,39.8,39.87,39.73,39.82,208184
2010-07-16 11:15:00,39.805,39.84,39.52,39.53,155299
2010-07-16 11:30:00,39.54,39.614000000000004,39.28,39.405,166752
2010-07-16 11:45:00,39.39,39.5,39.33,39.47,110734
2010-07-16 12:00:00,39.46,39.49,39.32,39.36,101879
2010-07-16 12:15:00,39.37,39.5102,39.34,39.4,82502
2010-07-16 12:30:00,39.4,39.44,39.34,39.44,58963
2010-07-16 12:45:00,39.44,39.48,39.38,39.45,57217
2010-07-16 13:00:00,39.45,39.47,39.38,39.39,42829
2010-07-16 13:15:00,39.395,39.52,39.35,39.48,43147
2010-07-16 13:30:00,39.49,39.64,39.47,39.51,59109
2010-07-16 13:45:00,39.5,39.65,39.5,39.56,65965
2010-07-16 14:00:00,39.55,39.64,39.53,39.62,66050
2010-07-16 14:15:00,39.6,39.74,39.57,39.73,94061
2010-07-16 14:30:00,39.73,39.78,39.66,39.7401,111401
2010-07-16 14:45:00,39.745,39.78,39.64,39.68,122723
2010-07-16 15:00:00,39.69,39.74,39.61,39.71,113375
2010-07-16 15:15:00,39.71,39.7599,39.58,39.65,152958
2010-07-16 15:30:00,39.65,39.65,39.51,39.56,85534
2010-07-16 15:45:00,39.56,39.61,39.41,39.49,192948
2010-07-16 16:00:00,39.49,39.53,39.36,39.46,458424
2010-07-19 09:45:00,37.94,40.0,37.65,39.2094,648927
2010-07-19 10:00:00,39.21,39.5,39.09,39.45,222918
2010-07-19 10:15:00,39.43,39.77,39.22,39.37,273480
2010-07-19 10:30:00,39.38,39.38,39.13,39.14,150360
2010-07-19 10:45:00,39.14,39.14,38.59,38.64,350757
2010-07-19 11:00:00,38.631,38.93,38.5,38.84,231039
2010-07-19 11:15:00,38.84,38.98,38.81,38.89,113657
2010-07-19 11:30:00,38.88,39.04,38.8205,38.98,72584
2010-07-19 11:45:00,38.98,38.99,38.86,38.93,83108
2010-07-19 12:00:00,38.91,39.1,38.85,39.08,85639
2010-07-19 12:15:00,39.09,39.1,38.93,38.95,84856
2010-07-19 12:30:00,38.95,39.1,38.95,39.04,63875
2010-07-19 12:45:00,39.04,39.15,38.94,39.13,87512
2010-07-19 13:00:00,39.13,39.245,39.075,39.09,44046
2010-07-19 13:15:00,39.09,39.15,39.06,39.14,111857
2010-07-19 13:30:00,39.14,39.18,39.1,39.15,82531
2010-07-19 13:45:00,39.16,39.2,39.1,39.12,66519
2010-07-19 14:00:00,39.12,39.16,39.1,39.11,38541
2010-07-19 14:15:00,39.113,39.24,39.11,39.225,88821
2010-07-19 14:30:00,39.225,39.24,39.15,39.1558,108008
2010-07-19 14:45:00,39.16,39.33,39.16,39.28,119706
2010-07-19 15:00:00,39.27,39.38,39.23,39.26,132434
2010-07-19 15:15:00,39.27,39.43,39.22,39.33,271388
2010-07-19 15:30:00,39.34,39.41,39.282,39.33,184052
2010-07-19 15:45:00,39.33,39.45,39.24,39.425,270158
2010-07-19 16:00:00,39.425,39.51,39.25,39.34,358161
2010-07-20 09:45:00,39.08,39.32,38.93,39.155,82335
2010-07-20 10:00:00,39.17,39.49,39.17,39.49,88512
2010-07-20 10:15:00,39.48,39.5,39.28,39.31,102300
2010-07-20 10:30:00,39.3,39.6,39.3,39.57,67042
2010-07-20 10:45:00,39.58,39.62,39.48,39.59,69487
2010-07-20 11:00:00,39.6,39.74,39.6,39.7,81110
2010-07-20 11:15:00,39.69,39.78,39.68,39.76,78834
2010-07-20 11:30:00,39.75,40.07,39.75,40.06,122726
2010-07-20 11:45:00,40.07,40.28,40.052,40.18,160990
2010-07-20 12:00:00,40.19,40.37,40.13,40.325,106525
2010-07-20 12:15:00,40.32,40.33,40.16,40.16,104923
2010-07-20 12:30:00,40.155,40.21,39.97,40.01,216304
2010-07-20 12:45:00,40.01,40.14,40.01,40.14,49208
2010-07-20 13:00:00,40.14,40.34,40.14,40.3,54855
2010-07-20 13:15:00,40.3,40.4,40.3,40.37,66171
2010-07-20 13:30:00,40.37,40.6,40.37,40.59,135049
2010-07-20 13:45:00,40.58,40.86,40.54,40.79,132598
2010-07-20 14:00:00,40.8,41.01,40.8,41.0,66130
2010-07-20 14:15:00,41.0,41.0001,40.87,40.91,123073
2010-07-20 14:30:00,40.9,40.96,40.705,40.78,148022
2010-07-20 14:45:00,40.78,40.81,40.59,40.6,93784
2010-07-20 15:00:00,40.6,40.65,40.44,40.44,145333
2010-07-20 15:15:00,40.45,40.55,40.41,40.55,142916
2010-07-20 15:30:00,40.55,40.66,40.5,40.64,98197
2010-07-20 15:45:00,40.64,40.89,40.64,40.86,226591
2010-07-20 16:00:00,40.87,40.9,40.76,40.8,269372
2010-07-21 09:45:00,41.0,41.0991,40.38,40.45,62389
2010-07-21 10:00:00,40.46,40.46,40.09,40.13,104663
2010-07-21 10:15:00,40.13,40.29,39.99,40.22,121399
2010-07-21 10:30:00,40.23,40.26,40.02,40.11,158584
2010-07-21 10:45:00,40.1,40.18,40.07,40.1,128069
2010-07-21 11:00:00,40.0905,40.19,39.94,39.95,104510
2010-07-21 11:15:00,39.97,40.02,39.9,40.0,133907
2010-07-21 11:30:00,40.0,40.06,39.99,40.05,60575
2010-07-21 11:45:00,40.05,40.26,40.03,40.23,91205
2010-07-21 12:00:00,40.225,40.41,40.15,40.41,168540
2010-07-21 12:15:00,40.4,40.42,40.2,40.2,149048
2010-07-21 12:30:00,40.2,40.23,40.09,40.2,77850
2010-07-21 12:45:00,40.2,40.2,40.13,40.13,86075
2010-07-21 13:00:00,40.14,40.2,39.98,40.0,86707
2010-07-21 13:15:00,40.01,40.03,39.97,40.0,85877
2010-07-21 13:30:00,39.99,40.1,39.975,40.1,176047
2010-07-21 13:45:00,40.12,40.2,40.045,40.05,101327
2010-07-21 14:00:00,40.05,40.175,40.04,40.05,106003
2010-07-21 14:15:00,40.05,40.05,39.53,39.63,236369
2010-07-21 14:30:00,39.62,39.62,39.32,39.56,310491
2010-07-21 14:45:00,39.55,39.66,39.51,39.57,87075
2010-07-21 15:00:00,39.56,39.67,39.45,39.45,146448
2010-07-21 15:15:00,39.48,39.75,39.42,39.75,178593
2010-07-21 15:30:00,39.77,39.85,39.53,39.55,192814
2010-07-21 15:45:00,39.54,39.65,39.31,39.39,367892
2010-07-21 16:00:00,39.38,39.45,39.26,39.35,490707
2010-07-22 09:45:00,39.73,40.15,39.73,40.14,52464
2010-07-22 10:00:00,40.16,40.46,40.16,40.38,66695
2010-07-22 10:15:00,40.39,40.62,40.31,40.619,95054
2010-07-22 10:30:00,40.62,40.65,40.32,40.35,90887
2010-07-22 10:45:00,40.3507,40.5,40.32,40.38,59382
2010-07-22 11:00:00,40.38,40.5499,40.33,40.38,47680
2010-07-22 11:15:00,40.37,40.4498,40.35,40.43,38215
2010-07-22 11:30:00,40.434,40.5,40.39,40.4632,33338
2010-07-22 11:45:00,40.452,40.47,40.2,40.2,43925
2010-07-22 12:00:00,40.2,40.246,40.14,40.18,35254
2010-07-22 12:15:00,40.17,40.2,40.11,40.11,27912
2010-07-22 12:30:00,40.12,40.17,40.08,40.13,30301
2010-07-22 12:45:00,40.14,40.14,40.05,40.05,36774
2010-07-22 13:00:00,40.05,40.08,40.0,40.06,36006
2010-07-22 13:15:00,40.08,40.12,40.07,40.09,25786
2010-07-22 13:30:00,40.09,40.09,39.98,39.98,34590
2010-07-22 13:45:00,39.97,40.06,39.97,40.06,24707
2010-07-22 14:00:00,40.07,40.12,40.043,40.1,30972
2010-07-22 14:15:00,40.11,40.22,40.1,40.2,34649
2010-07-22 14:30:00,40.2,40.25,40.165,40.25,52700
2010-07-22 14:45:00,40.25,40.25,40.18,40.23,52727
2010-07-22 15:00:00,40.23,40.27,40.18,40.245,41233
2010-07-22 15:15:00,40.24,40.25,40.19,40.22,78539
2010-07-22 15:30:00,40.22,40.29,40.21,40.22,59978
2010-07-22 15:45:00,40.23,40.25,39.95,40.07,126487
2010-07-22 16:00:00,40.09,40.2,40.06,40.11,214668
2010-07-23 09:45:00,40.11,40.68,40.1,40.58,99700
2010-07-23 10:00:00,40.59,40.67,40.39,40.44,44223
2010-07-23 10:15:00,40.45,40.63,40.4,40.62,45622
2010-07-23 10:30:00,40.611,40.74,40.53,40.74,44000
2010-07-23 10:45:00,40.738,40.92,40.738,40.89,66139
2010-07-23 11:00:00,40.89,40.89,40.56,40.56,45882
2010-07-23 11:15:00,40.55,40.68,40.51,40.5998,33678
2010-07-23 11:30:00,40.59,40.67,40.57,40.64,35735
2010-07-23 11:45:00,40.64,40.74,40.61,40.7,44336
2010-07-23 12:00:00,40.7,40.81,40.66,40.72,36858
2010-07-23 12:15:00,40.72,40.81,40.49,40.64,45833
2010-07-23 12:30:00,40.63,40.71,40.56,40.61,19534
2010-07-23 12:45:00,40.61,40.62,40.41,40.412,26370
2010-07-23 13:00:00,40.41,40.59,40.38,40.59,20654
2010-07-23 13:15:00,40.6,40.75,40.5,40.75,17954
2010-07-23 13:30:00,40.74,40.99,40.74,40.99,25527
2010-07-23 13:45:00,40.99,41.03,40.95,40.9799,30480
2010-07-23 14:00:00,40.98,40.99,40.9,40.95,23009
2010-07-23 14:15:00,40.96,41.02,40.88,40.92,47463
2010-07-23 14:30:00,40.9,40.912,40.762,40.83,24899
2010-07-23 14:45:00,40.82,40.88,40.78,40.88,29630
2010-07-23 15:00:00,40.899,41.01,40.84,40.93,42280
2010-07-23 15:15:00,40.93,40.96,40.85,40.9,50117
2010-07-23 15:30:00,40.89,40.99,40.84,40.93,53086
2010-07-23 15:45:00,40.93,41.01,40.73,40.83,120738
2010-07-23 16:00:00,40.83,40.99,40.83,40.97,192181
2010-07-26 09:45:00,41.11,41.11,40.8,40.97,69152
2010-07-26 10:00:00,40.99,41.11,40.93,41.08,69096
2010-07-26 10:15:00,41.12,41.34,41.12,41.32,90002
2010-07-26 10:30:00,41.33,41.38,41.23,41.37,77750
2010-07-26 10:45:00,41.38,41.58,41.29,41.57,50158
2010-07-26 11:00:00,41.57,41.64,41.51,41.63,60256
2010-07-26 11:15:00,41.64,41.73,41.58,41.72,41586
2010-07-26 11:30:00,41.73,41.84,41.71,41.84,44105
2010-07-26 11:45:00,41.88,41.97,41.83,41.9695,71265
2010-07-26 12:00:00,41.97,42.0,41.93,41.934,69845
2010-07-26 12:15:00,41.94,42.02,41.91,41.935,81665
2010-07-26 12:30:00,41.94,42.1997,41.93,42.19,99006
2010-07-26 12:45:00,42.18,42.24,42.08,42.19,40068
2010-07-26 13:00:00,42.2,42.32,42.2,42.31,40346
2010-07-26 13:15:00,42.31,42.32,42.23,42.26,41755
2010-07-26 13:30:00,42.26,42.33,42.23,42.32,30514
2010-07-26 13:45:00,42.32,42.36,42.31,42.35,39751
2010-07-26 14:00:00,42.36,42.39,42.28,42.28,37625
2010-07-26 14:15:00,42.28,42.29,42.17,42.18,57366
2010-07-26 14:30:00,42.1899,42.19,42.1,42.11,43127
2010-07-26 14:45:00,42.11,42.12,42.02,42.09,67523
2010-07-26 15:00:00,42.09,42.14,42.06,42.14,58766
2010-07-26 15:15:00,42.14,42.24,42.1,42.18,88285
2010-07-26 15:30:00,42.19,42.34,42.17,42.34,85259
2010-07-26 15:45:00,42.33,42.34,42.21,42.28,146911
2010-07-26 16:00:00,42.28,42.56,42.27,42.54,402527
2010-07-27 09:45:00,42.46,42.55,42.28,42.45,82262
2010-07-27 10:00:00,42.44,42.44,42.21,42.29,61968
2010-07-27 10:15:00,42.27,42.48,42.03,42.1897,81964
2010-07-27 10:30:00,42.16,42.38,42.16,42.33,39287
2010-07-27 10:45:00,42.328,42.33,42.09,42.0998,80335
2010-07-27 11:00:00,42.06,42.21,42.02,42.15,45154
2010-07-27 11:15:00,42.147,42.2,42.06,42.07899999999999,49503
2010-07-27 11:30:00,42.08,42.1,41.94,42.09,31958
2010-07-27 11:45:00,42.09,42.17,42.04,42.15,37738
2010-07-27 12:00:00,42.15,42.2,42.1,42.15,36059
2010-07-27 12:15:00,42.15,42.2,42.1,42.19,46942
2010-07-27 12:30:00,42.2,42.225,42.16,42.18,28107
2010-07-27 12:45:00,42.18,42.22,42.12,42.17,39231
2010-07-27 13:00:00,42.17,42.2,42.06,42.14,17986
2010-07-27 13:15:00,42.14,42.21,42.08,42.14,21878
2010-07-27 13:30:00,42.12,42.12,41.96,41.96,27021
2010-07-27 13:45:00,41.97,42.025,41.89,41.89,22635
2010-07-27 14:00:00,41.89,42.07,41.88,41.98,21026
2010-07-27 14:15:00,41.99,42.03,41.93,42.01,18020
2010-07-27 14:30:00,42.02,42.15,41.95,42.105,34223
2010-07-27 14:45:00,42.11,42.155,42.06,42.07,31917
2010-07-27 15:00:00,42.08,42.155,42.01,42.06,36327
2010-07-27 15:15:00,42.06,42.18,42.04,42.1,39042
2010-07-27 15:30:00,42.1,42.26,42.07,42.23,55320
2010-07-27 15:45:00,42.23,42.23,42.03,42.05,92449
2010-07-27 16:00:00,42.05,42.17,41.96,42.07,137336
2010-07-28 09:45:00,42.01,42.39,41.67,42.06,58960
2010-07-28 10:00:00,42.13,42.27,42.0,42.03,41899
2010-07-28 10:15:00,42.06,42.18,41.9,41.96,46516
2010-07-28 10:30:00,41.96,41.97,41.7499,41.85,43273
2010-07-28 10:45:00,41.85,41.96,41.69,41.93,53564
2010-07-28 11:00:00,41.96,41.97,41.81,41.9499,32621
2010-07-28 11:15:00,41.95,42.01,41.8,41.93,35410
2010-07-28 11:30:00,41.9298,41.975,41.79,41.91,24818
2010-07-28 11:45:00,41.91,41.945,41.81,41.85,25123
2010-07-28 12:00:00,41.85,41.89,41.62,41.64,55966
2010-07-28 12:15:00,41.64,41.68,41.6,41.66,21084
2010-07-28 12:30:00,41.66,41.7,41.6,41.626000000000005,36818
2010-07-28 12:45:00,41.62,41.65,41.6,41.65,26327
2010-07-28 13:00:00,41.65,41.65,41.59,41.65,52407
2010-07-28 13:15:00,41.65,41.67,41.6,41.63,61093
2010-07-28 13:30:00,41.63,41.65,41.58,41.59,33849
2010-07-28 13:45:00,41.59,41.625,41.53,41.61,18948
2010-07-28 14:00:00,41.61,41.65,41.56,41.65,15938
2010-07-28 14:15:00,41.66,41.7199,41.59,41.6,29592
2010-07-28 14:30:00,41.5998,41.5998,41.43,41.5,35528
2010-07-28 14:45:00,41.5,41.53,41.4399,41.44,30314
2010-07-28 15:00:00,41.44,41.53,41.43,41.49,30283
2010-07-28 15:15:00,41.49,41.5,41.3,41.33,55693
2010-07-28 15:30:00,41.33,41.39,41.27,41.37,46796
2010-07-28 15:45:00,41.38,41.62,41.38,41.62,86459
2010-07-28 16:00:00,41.62,41.62,41.5,41.54,131009
2010-07-29 09:45:00,41.55,42.37,41.44,41.96,72091
2010-07-29 10:00:00,41.97,42.05,41.74,41.86,45466
2010-07-29 10:15:00,41.86,41.86,41.61,41.61,34839
2010-07-29 10:30:00,41.59,41.76,41.52,41.61,42133
2010-07-29 10:45:00,41.62,41.66,41.48,41.56,51700
2010-07-29 11:00:00,41.56,41.72,41.53,41.67,29113
2010-07-29 11:15:00,41.6698,41.6698,41.5,41.58,70569
2010-07-29 11:30:00,41.57,41.57,41.25,41.26,35714
2010-07-29 11:45:00,41.25,41.26,41.11,41.16,35244
2010-07-29 12:00:00,41.16,41.26,41.08,41.17,48516
2010-07-29 12:15:00,41.17,41.29,41.02,41.26,71498
2010-07-29 12:30:00,41.26,41.42,41.26,41.31,58363
2010-07-29 12:45:00,41.31,41.315,41.12,41.18,34032
2010-07-29 13:00:00,41.18,41.35,41.16,41.35,31493
2010-07-29 13:15:00,41.36,41.52,41.3,41.5,42749
2010-07-29 13:30:00,41.5,41.55,41.4602,41.52,37577
2010-07-29 13:45:00,41.52,41.66,41.51,41.63,37558
2010-07-29 14:00:00,41.63,41.71,41.61,41.68,44368
2010-07-29 14:15:00,41.67,41.72,41.5,41.62,62564
2010-07-29 14:30:00,41.62,41.73,41.58,41.73,38763
2010-07-29 14:45:00,41.72,41.87,41.68,41.79,48978
2010-07-29 15:00:00,41.8,42.0,41.8,42.0,87995
2010-07-29 15:15:00,41.99,42.13,41.91,42.09,98573
2010-07-29 15:30:00,42.09,42.2,42.0775,42.1399,89873
2010-07-29 15:45:00,42.13,42.15,41.94,42.04,152695
2010-07-29 16:00:00,42.03,42.035,41.79,41.85,154850
2010-07-30 09:45:00,41.42,41.78,41.42,41.58,95508
2010-07-30 10:00:00,41.59,42.02,41.59,41.8575,77695
2010-07-30 10:15:00,41.86,42.295,41.85,42.15,73450
2010-07-30 10:30:00,42.16,42.18,42.0,42.16,52902
2010-07-30 10:45:00,42.17,42.4,42.13,42.35,43406
2010-07-30 11:00:00,42.369,42.47,42.26,42.395,119572
2010-07-30 11:15:00,42.38,42.41,42.23,42.26,67519
2010-07-30 11:30:00,42.26,42.28,42.14,42.16,45960
2010-07-30 11:45:00,42.17,42.25,42.1,42.13,46359
2010-07-30 12:00:00,42.14,42.24,42.09,42.21,49742
2010-07-30 12:15:00,42.21,42.25,42.07,42.18,34980
2010-07-30 12:30:00,42.17,42.19,42.11,42.16,34647
2010-07-30 12:45:00,42.16,42.25,42.12,42.24,39702
2010-07-30 13:00:00,42.24,42.245,42.1,42.12,39995
2010-07-30 13:15:00,42.12,42.12,41.98,42.0,44828
2010-07-30 13:30:00,42.01,42.04,41.91,41.97,41807
2010-07-30 13:45:00,41.97,41.99,41.9,41.93,23961
2010-07-30 14:00:00,41.933,42.01,41.84,41.8799,37029
2010-07-30 14:15:00,41.88,42.06,41.88,42.04,38742
2010-07-30 14:30:00,42.05,42.15,42.05,42.11,41853
2010-07-30 14:45:00,42.11,42.12,42.04,42.1,38262
2010-07-30 15:00:00,42.1,42.1499,42.05,42.09,67272
2010-07-30 15:15:00,42.085,42.21,42.02,42.18,123085
2010-07-30 15:30:00,42.2,42.33,42.18,42.25,186536
2010-07-30 15:45:00,42.26,42.31,42.14,42.23,289682
2010-07-30 16:00:00,42.23,42.34,42.11,42.16,471225
2010-08-02 09:45:00,42.8,42.98,42.69,42.76,82761
2010-08-02 10:00:00,42.76,42.88,42.76,42.8,50983
2010-08-02 10:15:00,42.8,43.0,42.8,42.96,99350
2010-08-02 10:30:00,42.96,43.15,42.955,43.04,101139
2010-08-02 10:45:00,43.05,43.08,42.95,43.065,64085
2010-08-02 11:00:00,43.07,43.12,42.99,43.0,52587
2010-08-02 11:15:00,43.0,43.16,42.98,43.07,59256
2010-08-02 11:30:00,43.07,43.09,42.98,43.03,40120
2010-08-02 11:45:00,43.04,43.1031,43.01,43.02,50243
2010-08-02 12:00:00,43.02,43.165,43.02,43.15,28714
2010-08-02 12:15:00,43.16,43.17,43.09,43.09,33275
2010-08-02 12:30:00,43.09,43.11,43.0,43.0,36486
2010-08-02 12:45:00,43.01,43.035,42.99,43.0,63111
2010-08-02 13:00:00,42.99,43.06,42.97,43.04,33826
2010-08-02 13:15:00,43.04,43.1,43.04,43.085,35740
2010-08-02 13:30:00,43.08,43.11,43.06,43.06,34686
2010-08-02 13:45:00,43.07,43.12,43.02,43.07,38350
2010-08-02 14:00:00,43.07,43.13,43.04,43.125,35715
2010-08-02 14:15:00,43.11,43.14,43.03,43.13,42755
2010-08-02 14:30:00,43.13,43.15,43.07,43.1,45454
2010-08-02 14:45:00,43.1,43.21,43.09,43.14,51332
2010-08-02 15:00:00,43.14,43.18,43.05,43.14,37450
2010-08-02 15:15:00,43.16,43.16,43.03,43.09,79888
2010-08-02 15:30:00,43.09,43.13,43.06,43.08,94385
2010-08-02 15:45:00,43.09,43.16,43.06,43.13,111593
2010-08-02 16:00:00,43.13,43.15,43.04,43.11,176491
2010-08-03 09:45:00,43.15,43.22,43.0505,43.19,72027
2010-08-03 10:00:00,43.185,43.185,42.83,42.88,56318
2010-08-03 10:15:00,42.88,42.88,42.63,42.68,62981
2010-08-03 10:30:00,42.69,42.78,42.68,42.685,54624
2010-08-03 10:45:00,42.68,42.76,42.67,42.73,54870
2010-08-03 11:00:00,42.73,42.78,42.68,42.7,46439
2010-08-03 11:15:00,42.7,42.7,42.64,42.65,30307
2010-08-03 11:30:00,42.66,42.7,42.63,42.66,37501
2010-08-03 11:45:00,42.67,42.79,42.65,42.78,25468
2010-08-03 12:00:00,42.78,42.785,42.7229,42.77,20386
2010-08-03 12:15:00,42.76,42.79,42.72,42.7308,22057
2010-08-03 12:30:00,42.73,42.77,42.67,42.68,29366
2010-08-03 12:45:00,42.67,42.74,42.67,42.7,16014
2010-08-03 13:00:00,42.7,42.75,42.67,42.67,20085
2010-08-03 13:15:00,42.68,42.69,42.56,42.62,17878
2010-08-03 13:30:00,42.64,42.66,42.6,42.6525,10900
2010-08-03 13:45:00,42.65,42.71,42.6,42.61,71769
2010-08-03 14:00:00,42.62,42.63,42.49,42.55,74056
2010-08-03 14:15:00,42.55,42.57,42.53,42.5601,39570
2010-08-03 14:30:00,42.56,42.6,42.56,42.59,29205
2010-08-03 14:45:00,42.59,42.61,42.51,42.51,33618
2010-08-03 15:00:00,42.51,42.57,42.5,42.56,53068
2010-08-03 15:15:00,42.56,42.5898,42.54,42.54,65186
2010-08-03 15:30:00,42.55,42.57,42.44,42.49,57840
2010-08-03 15:45:00,42.5,42.54,42.38,42.45,84650
2010-08-03 16:00:00,42.45,42.49,42.343999999999994,42.43,129579
2010-08-04 09:45:00,42.51,42.94,42.35,42.8368,48353
2010-08-04 10:00:00,42.87,43.09,42.86,43.09,38707
2010-08-04 10:15:00,43.1,43.23,43.0,43.11,37546
2010-08-04 10:30:00,43.1,43.1,42.87,42.98,47132
2010-08-04 10:45:00,43.0,43.05,42.94,43.04,53030
2010-08-04 11:00:00,43.05,43.13,43.0,43.13,49591
2010-08-04 11:15:00,43.13,43.22,43.11,43.21,25614
2010-08-04 11:30:00,43.2,43.3099,43.11,43.28,33212
2010-08-04 11:45:00,43.28,43.34,43.26,43.34,23115
2010-08-04 12:00:00,43.34,43.44,43.34,43.38,18559
2010-08-04 12:15:00,43.38,43.45,43.36,43.445,33714
2010-08-04 12:30:00,43.45,43.53,43.445,43.51,56735
2010-08-04 12:45:00,43.515,43.59,43.45,43.452,36680
2010-08-04 13:00:00,43.455,43.56,43.455,43.54,16136
2010-08-04 13:15:00,43.54,43.57,43.41,43.41,17060
2010-08-04 13:30:00,43.41,43.47,43.37,43.38,26132
2010-08-04 13:45:00,43.39,43.4217,43.36,43.41,19432
2010-08-04 14:00:00,43.4199,43.46,43.3,43.32,24657
2010-08-04 14:15:00,43.31,43.45,43.3,43.4399,18980
2010-08-04 14:30:00,43.44,43.46,43.3601,43.428999999999995,23096
2010-08-04 14:45:00,43.44,43.48,43.4052,43.47,26822
2010-08-04 15:00:00,43.48,43.48,43.41,43.45,32815
2010-08-04 15:15:00,43.45,43.51,43.41,43.51,78740
2010-08-04 15:30:00,43.5,43.57,43.5,43.55,44114
2010-08-04 15:45:00,43.55,43.62,43.54,43.59,69241
2010-08-04 16:00:00,43.59,43.62,43.47,43.54,121804
2010-08-05 09:45:00,43.44,43.44,43.23,43.34,46429
2010-08-05 10:00:00,43.331,43.58,43.33,43.57,36619
2010-08-05 10:15:00,43.57,43.57,43.34,43.48,35597
2010-08-05 10:30:00,43.48,43.5,43.36,43.4701,25753
2010-08-05 10:45:00,43.49,43.5,43.41,43.42,60343
2010-08-05 11:00:00,43.42,43.48,43.38,43.47,71009
2010-08-05 11:15:00,43.46,43.52,43.42,43.49,77315
2010-08-05 11:30:00,43.49,43.56,43.45,43.5,26500
2010-08-05 11:45:00,43.5,43.52,43.39,43.49,43661
2010-08-05 12:00:00,43.48,43.5,43.43,43.44,11600
2010-08-05 12:15:00,43.43,43.5,43.43,43.49,25926
2010-08-05 12:30:00,43.49,43.51,43.45,43.49,13360
2010-08-05 12:45:00,43.49,43.5,43.46,43.46,18575
2010-08-05 13:00:00,43.46,43.51,43.46,43.5,16000
2010-08-05 13:15:00,43.5,43.56,43.47,43.48,78593
2010-08-05 13:30:00,43.47,43.5,43.47,43.5,15656
2010-08-05 13:45:00,43.5,43.53,43.5,43.5,38406
2010-08-05 14:00:00,43.5,43.52,43.49,43.5,34074
2010-08-05 14:15:00,43.5,43.5,43.48,43.49,25741
2010-08-05 14:30:00,43.5,43.51,43.49,43.51,23501
2010-08-05 14:45:00,43.51,43.53,43.5,43.5,24816
2010-08-05 15:00:00,43.5,43.55,43.5,43.53,19560
2010-08-05 15:15:00,43.53,43.57,43.52,43.5318,46654
2010-08-05 15:30:00,43.53,43.57,43.5,43.5133,60826
2010-08-05 15:45:00,43.51,43.58,43.47,43.48,75460
2010-08-05 16:00:00,43.49,43.53,43.38,43.51,131938
2010-08-06 09:45:00,43.0,43.16,42.9,43.13,97178
2010-08-06 10:00:00,43.13,43.2,43.04,43.1901,95298
2010-08-06 10:15:00,43.2,43.25,43.09,43.162,78451
2010-08-06 10:30:00,43.17,43.22,43.07,43.07,60400
2010-08-06 10:45:00,43.07,43.14,42.94,42.96,63176
2010-08-06 11:00:00,42.96,42.98,42.71,42.79,86399
2010-08-06 11:15:00,42.79,42.81,42.69,42.79,34501
2010-08-06 11:30:00,42.8,42.96,42.8,42.89,29923
2010-08-06 11:45:00,42.87,42.92,42.46,42.58,196058
2010-08-06 12:00:00,42.57,42.57,42.42,42.5,131079
2010-08-06 12:15:00,42.5,42.5,42.47,42.49,46787
2010-08-06 12:30:00,42.48,42.5,42.48,42.49,49928
2010-08-06 12:45:00,42.49,42.66,42.48,42.66,102699
2010-08-06 13:00:00,42.6598,42.68,42.623999999999995,42.65,18378
2010-08-06 13:15:00,42.64,42.67,42.5,42.5,25495
2010-08-06 13:30:00,42.51,42.55,42.51,42.55,14400
2010-08-06 13:45:00,42.55,42.58,42.53,42.56,18900
2010-08-06 14:00:00,42.5699,42.63,42.55,42.58,25837
2010-08-06 14:15:00,42.58,42.72,42.565,42.67,46863
2010-08-06 14:30:00,42.67,42.78,42.63,42.78,17427
2010-08-06 14:45:00,42.78,42.82,42.73,42.79,27328
2010-08-06 15:00:00,42.8,43.08,42.8,43.04,47669
2010-08-06 15:15:00,43.05,43.11,42.975,42.99,52073
2010-08-06 15:30:00,43.0,43.23,42.99,43.18,40411
2010-08-06 15:45:00,43.17,43.3,43.16,43.25,59015
2010-08-06 16:00:00,43.25,43.32,43.2,43.3,91522
2010-08-09 09:45:00,43.56,44.0,43.56,43.86,92231
2010-08-09 10:00:00,43.91,44.0,43.86,43.92,48659
2010-08-09 10:15:00,43.93,43.96,43.89,43.96,31251
2010-08-09 10:30:00,43.96,43.972,43.91,43.96,27167
2010-08-09 10:45:00,43.97,44.0,43.93,43.99,25195
2010-08-09 11:00:00,43.9864,43.99,43.8,43.94,40970
2010-08-09 11:15:00,43.94,43.99,43.905,43.99,22663
2010-08-09 11:30:00,43.9999,44.11,43.9999,44.07,46378
2010-08-09 11:45:00,44.06,44.07,43.95,43.95,25100
2010-08-09 12:00:00,43.96,43.97,43.92,43.9288,14028
2010-08-09 12:15:00,43.92,43.92,43.85,43.865,30725
2010-08-09 12:30:00,43.8799,43.91,43.82,43.83,19161
2010-08-09 12:45:00,43.83,43.8885,43.8,43.8885,14103
2010-08-09 13:00:00,43.89,43.93,43.89,43.89,11559
2010-08-09 13:15:00,43.89,43.92,43.88,43.9,18583
2010-08-09 13:30:00,43.9,43.91,43.84,43.84,16932
2010-08-09 13:45:00,43.84,43.84,43.8,43.8,50189
2010-08-09 14:00:00,43.81,43.82,43.74,43.74,30306
2010-08-09 14:15:00,43.74,43.76,43.73,43.73,23453
2010-08-09 14:30:00,43.73,43.76,43.73,43.74,20873
2010-08-09 14:45:00,43.744,43.75,43.65,43.705,139594
2010-08-09 15:00:00,43.7,43.75,43.7,43.7125,66805
2010-08-09 15:15:00,43.71,43.72,43.6,43.6,95119
2010-08-09 15:30:00,43.6,43.64,43.59,43.61,79951
2010-08-09 15:45:00,43.6,43.66,43.55,43.64,180051
2010-08-09 16:00:00,43.65,43.72,43.64,43.7,112756
2010-08-10 09:45:00,43.15,43.62,43.12,43.38,44430
2010-08-10 10:00:00,43.39,43.39,43.19,43.25,63647
2010-08-10 10:15:00,43.27,43.27,43.02,43.03,76709
2010-08-10 10:30:00,43.03,43.07,42.948,43.03,160810
2010-08-10 10:45:00,43.04,43.04,42.97,42.98,51048
2010-08-10 11:00:00,42.988,43.02,42.9801,43.0,33200
2010-08-10 11:15:00,43.0,43.1,42.99,43.07,53884
2010-08-10 11:30:00,43.1,43.207,43.095,43.1864,22925
2010-08-10 11:45:00,43.18,43.21,43.08,43.1064,43066
2010-08-10 12:00:00,43.11,43.15,43.1,43.135,24616
2010-08-10 12:15:00,43.14,43.21,43.1,43.185,27769
2010-08-10 12:30:00,43.17,43.21,43.16,43.21,20113
2010-08-10 12:45:00,43.2013,43.25,43.19,43.25,20912
2010-08-10 13:00:00,43.25,43.31,43.23,43.27,22386
2010-08-10 13:15:00,43.28,43.31,43.225,43.23,22406
2010-08-10 13:30:00,43.23,43.24,43.15,43.1864,32779
2010-08-10 13:45:00,43.17,43.26,43.17,43.25,23273
2010-08-10 14:00:00,43.25,43.25,43.17,43.1802,18459
2010-08-10 14:15:00,43.2,43.27,43.16,43.26,15573
2010-08-10 14:30:00,43.29,43.55,43.29,43.43,73524
2010-08-10 14:45:00,43.44,43.68,43.44,43.58,181178
2010-08-10 15:00:00,43.6,43.61,43.48,43.53,131118
2010-08-10 15:15:00,43.52,43.76,43.52,43.62,72002
2010-08-10 15:30:00,43.64,43.7064,43.53,43.68,65684
2010-08-10 15:45:00,43.68,43.83,43.63,43.83,116070
2010-08-10 16:00:00,43.83,43.86,43.68,43.72,227207
2010-08-11 09:45:00,43.13,43.13,42.84,42.97,49275
2010-08-11 10:00:00,42.97,43.0,42.6076,42.65,41968
2010-08-11 10:15:00,42.65,42.85,42.6101,42.85,23241
2010-08-11 10:30:00,42.83,42.9,42.79,42.84,30548
2010-08-11 10:45:00,42.83,42.86,42.75,42.84,20200
2010-08-11 11:00:00,42.86,42.86,42.76,42.76,25707
2010-08-11 11:15:00,42.76,42.76,42.65,42.67,24604
2010-08-11 11:30:00,42.67,42.72,42.6,42.7,23725
2010-08-11 11:45:00,42.7,42.76,42.68,42.69,37373
2010-08-11 12:00:00,42.6999,42.7197,42.66,42.68,12618
2010-08-11 12:15:00,42.68,42.73,42.65,42.73,12640
2010-08-11 12:30:00,42.76,42.76,42.6864,42.6864,11190
2010-08-11 12:45:00,42.69,42.7131,42.63,42.6385,13474
2010-08-11 13:00:00,42.64,42.64,42.54,42.56,30004
2010-08-11 13:15:00,42.56,42.68,42.56,42.64,28471
2010-08-11 13:30:00,42.65,42.73,42.65,42.73,30716
2010-08-11 13:45:00,42.73,42.77,42.68,42.68,33721
2010-08-11 14:00:00,42.7,42.7,42.66,42.67,31765
2010-08-11 14:15:00,42.67,42.72,42.67,42.7,26504
2010-08-11 14:30:00,42.7,42.75,42.69,42.69,23842
2010-08-11 14:45:00,42.7,42.7,42.66,42.669,41812
2010-08-11 15:00:00,42.67,42.68,42.6,42.63,50313
2010-08-11 15:15:00,42.63,42.65,42.59,42.65,67932
2010-08-11 15:30:00,42.64,42.66,42.56,42.58,68685
2010-08-11 15:45:00,42.58,42.65,42.49,42.49,98573
2010-08-11 16:00:00,42.5,42.56,42.4,42.48,147076
2010-08-12 09:45:00,42.01,42.18,41.79,42.08,64878
2010-08-12 10:00:00,42.08,42.12,41.92,42.03,48835
2010-08-12 10:15:00,42.03,42.09,41.95,42.0,47309
2010-08-12 10:30:00,41.99,42.02,41.87,41.9,36639
2010-08-12 10:45:00,41.89,42.06,41.8,42.06,90440
2010-08-12 11:00:00,42.06,42.1975,42.06,42.1,29683
2010-08-12 11:15:00,42.11,42.13,42.0,42.09,58246
2010-08-12 11:30:00,42.12,42.24,42.12,42.205,13824
2010-08-12 11:45:00,42.202,42.22,42.196000000000005,42.21,32914
2010-08-12 12:00:00,42.2106,42.25,42.13,42.17,43305
2010-08-12 12:15:00,42.18,42.18,42.08,42.16,13131
2010-08-12 12:30:00,42.15,42.23,42.15,42.23,34484
2010-08-12 12:45:00,42.24,42.299,42.23,42.28,18091
2010-08-12 13:00:00,42.29,42.41,42.28,42.39,40501
2010-08-12 13:15:00,42.43,42.51,42.43,42.44,35295
2010-08-12 13:30:00,42.44,42.44,42.28,42.29,88290
2010-08-12 13:45:00,42.29,42.33,42.29,42.29,20755
2010-08-12 14:00:00,42.29,42.37,42.29,42.32,32592
2010-08-12 14:15:00,42.32,42.35,42.32,42.34,21865
2010-08-12 14:30:00,42.33,42.39,42.31,42.36,25519
2010-08-12 14:45:00,42.36,42.36,42.28,42.33,30665
2010-08-12 15:00:00,42.32,42.4,42.29,42.4,39202
2010-08-12 15:15:00,42.4,42.62,42.4,42.58,63661
2010-08-12 15:30:00,42.59,42.61,42.49,42.5,120551
2010-08-12 15:45:00,42.51,42.66,42.49,42.5,169063
2010-08-12 16:00:00,42.5,42.54,42.44,42.47,126090
2010-08-13 09:45:00,42.44,42.47,42.3,42.3,60575
2010-08-13 10:00:00,42.32,42.75,42.32,42.72,50286
2010-08-13 10:15:00,42.72,42.79,42.62,42.72,52894
2010-08-13 10:30:00,42.72,42.79,42.72,42.7875,41875
2010-08-13 10:45:00,42.7875,42.82,42.74,42.75,59255
2010-08-13 11:00:00,42.76,42.885,42.65,42.88,56255
2010-08-13 11:15:00,42.87,42.92,42.8,42.85,50618
2010-08-13 11:30:00,42.86,42.88,42.724,42.815,41815
2010-08-13 11:45:00,42.8075,42.82,42.69,42.8,37095
2010-08-13 12:00:00,42.8,42.805,42.74,42.75,38033
2010-08-13 12:15:00,42.76,42.76,42.66,42.66,42700
2010-08-13 12:30:00,42.66,42.76,42.66,42.745,30736
2010-08-13 12:45:00,42.75,42.75,42.705,42.745,41119
2010-08-13 13:00:00,42.74,42.77,42.73,42.745,76618
2010-08-13 13:15:00,42.75,42.8,42.745,42.795,28844
2010-08-13 13:30:00,42.79,42.82,42.76,42.8,24940
2010-08-13 13:45:00,42.81,42.95,42.8,42.93,13482
2010-08-13 14:00:00,42.93,42.95,42.79,42.81,49857
2010-08-13 14:15:00,42.8,42.81,42.7,42.73,43624
2010-08-13 14:30:00,42.73,42.87,42.71,42.87,34383
2010-08-13 14:45:00,42.89,42.9,42.83,42.87,34226
2010-08-13 15:00:00,42.87,42.87,42.79,42.8,41372
2010-08-13 15:15:00,42.8,42.81,42.68,42.72,91753
2010-08-13 15:30:00,42.73,42.81,42.73,42.8,56336
2010-08-13 15:45:00,42.8,42.93,42.79,42.84,101283
2010-08-13 16:00:00,42.84,42.85,42.69,42.75,145348
2010-08-16 09:45:00,42.4,42.5,42.18,42.25,26390
2010-08-16 10:00:00,42.23,42.5,42.23,42.45,17102
2010-08-16 10:15:00,42.43,42.75,42.36,42.67,38363
2010-08-16 10:30:00,42.69,42.77,42.65,42.68,18305
2010-08-16 10:45:00,42.68,42.77,42.65,42.68,24500
2010-08-16 11:00:00,42.68,42.74,42.66,42.69,14567
2010-08-16 11:15:00,42.7,42.71,42.53,42.56,24859
2010-08-16 11:30:00,42.56,42.57,42.4701,42.51,19282
2010-08-16 11:45:00,42.51,42.6,42.5004,42.54,17956
2010-08-16 12:00:00,42.55,42.58,42.51,42.58,22407
2010-08-16 12:15:00,42.55,42.6,42.53,42.59,9700
2010-08-16 12:30:00,42.59,42.62,42.54,42.62,34647
2010-08-16 12:45:00,42.64,42.69,42.63,42.69,15177
2010-08-16 13:00:00,42.69,42.72,42.64,42.67,22795
2010-08-16 13:15:00,42.67,42.77,42.66,42.76,25406
2010-08-16 13:30:00,42.75,42.76,42.67,42.69,9652
2010-08-16 13:45:00,42.69,42.74,42.68,42.73,17535
2010-08-16 14:00:00,42.72,42.72,42.623000000000005,42.67,13413
2010-08-16 14:15:00,42.67,42.72,42.6,42.65,24634
2010-08-16 14:30:00,42.65,42.68,42.65,42.659,16617
2010-08-16 14:45:00,42.66,42.69,42.63,42.67,30495
2010-08-16 15:00:00,42.67,42.73,42.6,42.63,55920
2010-08-16 15:15:00,42.63,42.68,42.61,42.63,60860
2010-08-16 15:30:00,42.62,42.74,42.6101,42.73,55838
2010-08-16 15:45:00,42.72,42.85,42.66,42.82,76706
2010-08-16 16:00:00,42.83,42.86,42.76,42.81,74780
2010-08-17 09:45:00,43.15,43.24,42.97,43.14,19409
2010-08-17 10:00:00,43.15,43.32,43.11,43.31,16130
2010-08-17 10:15:00,43.32,43.46,43.3,43.33,26451
2010-08-17 10:30:00,43.34,43.39,43.26,43.34,43058
2010-08-17 10:45:00,43.36,43.39,43.34,43.37,13737
2010-08-17 11:00:00,43.38,43.5,43.375,43.5,39783
2010-08-17 11:15:00,43.5,43.91,43.5,43.91,61114
2010-08-17 11:30:00,43.94,43.99,43.91,43.98,26527
2010-08-17 11:45:00,43.99,43.99,43.95,43.98,25476
2010-08-17 12:00:00,43.99,44.0,43.96,44.0,21577
2010-08-17 12:15:00,44.0,44.17,43.98,43.99,97949
2010-08-17 12:30:00,43.99,43.99,43.86,43.98,90139
2010-08-17 12:45:00,43.99,44.0,43.98,43.99,28483
2010-08-17 13:00:00,43.99,44.01,43.98,43.98,91696
2010-08-17 13:15:00,43.98,44.09,43.98,44.07,80195
2010-08-17 13:30:00,44.07,44.1,44.05,44.09,80901
2010-08-17 13:45:00,44.1,44.11,44.07,44.09,60302
2010-08-17 14:00:00,44.085,44.1,43.93,43.93,65234
2010-08-17 14:15:00,43.94,43.97,43.87,43.87,75925
2010-08-17 14:30:00,43.87,43.9,43.82,43.89,80915
2010-08-17 14:45:00,43.89,43.91,43.82,43.83,68668
2010-08-17 15:00:00,43.83,43.9,43.8125,43.895,52232
2010-08-17 15:15:00,43.89,43.89,43.77,43.79,75687
2010-08-17 15:30:00,43.79,43.97,43.79,43.955,85929
2010-08-17 15:45:00,43.96,43.97,43.82,43.87,142960
2010-08-17 16:00:00,43.86,43.94,43.79,43.86,308014
2010-08-18 09:45:00,44.04,44.04,43.71,43.86,43182
2010-08-18 10:00:00,43.86,43.95,43.71,43.84,51716
2010-08-18 10:15:00,43.831,43.95,43.77,43.86,37868
2010-08-18 10:30:00,43.86,43.93,43.74,43.75,31725
2010-08-18 10:45:00,43.75,43.83,43.73,43.82,34758
2010-08-18 11:00:00,43.82,43.94,43.809,43.94,11534
2010-08-18 11:15:00,43.94,44.1,43.92,44.0,111896
2010-08-18 11:30:00,44.0,44.05,43.93,44.0,25807
2010-08-18 11:45:00,44.0,44.15,43.99,44.148999999999994,20516
2010-08-18 12:00:00,44.15,44.28,44.12,44.24,20841
2010-08-18 12:15:00,44.257,44.257,44.13,44.16,15327
2010-08-18 12:30:00,44.16,44.18,44.11,44.18,20272
2010-08-18 12:45:00,44.18,44.23,44.12,44.2,11399
2010-08-18 13:00:00,44.183,44.42,44.183,44.39,30377
2010-08-18 13:15:00,44.41,44.59,44.39,44.41,59980
2010-08-18 13:30:00,44.43,44.48,44.39,44.43,18665
2010-08-18 13:45:00,44.42,44.475,44.3,44.33,53693
2010-08-18 14:00:00,44.33,44.33,44.3,44.3,18501
2010-08-18 14:15:00,44.31,44.33,44.21,44.21,24813
2010-08-18 14:30:00,44.21,44.23,44.17,44.2,23241
2010-08-18 14:45:00,44.2,44.25,44.13,44.2,47220
2010-08-18 15:00:00,44.2,44.2,44.11,44.15,26129
2010-08-18 15:15:00,44.15,44.18,44.0,44.02,22964
2010-08-18 15:30:00,44.03,44.09,43.96,44.02,45234
2010-08-18 15:45:00,44.01,44.09,43.86,43.89,137143
2010-08-18 16:00:00,43.89,44.04,43.86,43.96,193045
2010-08-19 09:45:00,43.85,43.89,43.66,43.83,19732
2010-08-19 10:00:00,43.8,43.8,43.41,43.5097,24630
2010-08-19 10:15:00,43.49,43.51,43.25,43.38,113753
2010-08-19 10:30:00,43.38,43.53,43.22,43.24,63477
2010-08-19 10:45:00,43.24,43.34,43.07,43.07,40070
2010-08-19 11:00:00,43.0601,43.11,42.96,43.05,25344
2010-08-19 11:15:00,43.05,43.06,42.89,42.89,23241
2010-08-19 11:30:00,42.91,43.03,42.83,42.91,31239
2010-08-19 11:45:00,42.92,42.92,42.67,42.69,41899
2010-08-19 12:00:00,42.7,42.7,42.53,42.58,40999
2010-08-19 12:15:00,42.5836,42.6695,42.57,42.59,32692
2010-08-19 12:30:00,42.59,42.68,42.57,42.6688,14054
2010-08-19 12:45:00,42.66,42.79,42.66,42.772,20674
2010-08-19 13:00:00,42.79,42.83,42.65,42.71,22526
2010-08-19 13:15:00,42.71,42.77,42.71,42.7203,11030
2010-08-19 13:30:00,42.73,42.7982,42.67,42.73,10525
2010-08-19 13:45:00,42.72,42.82,42.71,42.75,9241
2010-08-19 14:00:00,42.74,42.77,42.7,42.7,26634
2010-08-19 14:15:00,42.71,42.74,42.61,42.73,29390
2010-08-19 14:30:00,42.71,42.81,42.7,42.73,17505
2010-08-19 14:45:00,42.74,42.82,42.65,42.71,23267
2010-08-19 15:00:00,42.72,42.79,42.71,42.72,13362
2010-08-19 15:15:00,42.73,42.84,42.69,42.84,36826
2010-08-19 15:30:00,42.86,43.0,42.84,42.91,47597
2010-08-19 15:45:00,42.91,43.04,42.91,42.99,65727
2010-08-19 16:00:00,43.0,43.07,42.96,42.99,141321
2010-08-20 09:45:00,42.6,42.82,42.3,42.39,184829
2010-08-20 10:00:00,42.39,42.39,42.22,42.29,26360
2010-08-20 10:15:00,42.29,42.32,42.11,42.12,62133
2010-08-20 10:30:00,42.12,42.2,42.12,42.14,30991
2010-08-20 10:45:00,42.16,42.29,42.12,42.29,38249
2010-08-20 11:00:00,42.29,42.31,42.04,42.06,33574
2010-08-20 11:15:00,42.07,42.14,42.03,42.07,45256
2010-08-20 11:30:00,42.05,42.08,42.02,42.06,34000
2010-08-20 11:45:00,42.06,42.08,42.0,42.07,31220
2010-08-20 12:00:00,42.09,42.12,41.93,41.94,36858
2010-08-20 12:15:00,41.96,41.99,41.955,41.98,21335
2010-08-20 12:30:00,41.98,42.1,41.97,42.06,31736
2010-08-20 12:45:00,42.05,42.07,42.01,42.03,19079
2010-08-20 13:00:00,42.04,42.1,42.01,42.07,13200
2010-08-20 13:15:00,42.09,42.22,42.09,42.205,95974
2010-08-20 13:30:00,42.2,42.25,42.18,42.23,18817
2010-08-20 13:45:00,42.23,42.23,42.17,42.18,15046
2010-08-20 14:00:00,42.18,42.24,42.16,42.16,17066
2010-08-20 14:15:00,42.18,42.22,42.15,42.22,16029
2010-08-20 14:30:00,42.24100000000001,42.27,42.23,42.24,20397
2010-08-20 14:45:00,42.23,42.34,42.23,42.32,39684
2010-08-20 15:00:00,42.32,42.42,42.3,42.3499,46884
2010-08-20 15:15:00,42.34,42.42,42.32,42.42,34701
2010-08-20 15:30:00,42.42,42.44,42.3,42.44,31939
2010-08-20 15:45:00,42.43,42.505,42.38,42.46,113709
2010-08-20 16:00:00,42.47,42.51,42.422,42.44,137095
2010-08-23 09:45:00,42.67,42.83,42.55,42.79,45127
2010-08-23 10:00:00,42.81,42.95,42.63,42.66,122635
2010-08-23 10:15:00,42.64,42.66,42.45,42.52,76862
2010-08-23 10:30:00,42.5,42.55,42.49,42.49,96683
2010-08-23 10:45:00,42.49,42.58,42.28,42.28,65698
2010-08-23 11:00:00,42.29,42.4099,42.28,42.36,41048
2010-08-23 11:15:00,42.36,42.36,42.2,42.34,38849
2010-08-23 11:30:00,42.34,42.35,42.24,42.29,35884
2010-08-23 11:45:00,42.26,42.36,42.25,42.34,54461
2010-08-23 12:00:00,42.36,42.39,42.22,42.26,22999
2010-08-23 12:15:00,42.26,42.38,42.25,42.38,61444
2010-08-23 12:30:00,42.37,42.38,42.27,42.36,16506
2010-08-23 12:45:00,42.39,42.47,42.38,42.44,33091
2010-08-23 13:00:00,42.44,42.53,42.42,42.51,28302
2010-08-23 13:15:00,42.51,42.53,42.47,42.53,25811
2010-08-23 13:30:00,42.52,42.6,42.52,42.6,25376
2010-08-23 13:45:00,42.595,42.6199,42.49,42.555,25529
2010-08-23 14:00:00,42.55,42.635,42.53,42.58,26701
2010-08-23 14:15:00,42.61,42.77,42.57,42.745,27833
2010-08-23 14:30:00,42.75,42.78,42.6,42.62,25979
2010-08-23 14:45:00,42.63,42.695,42.61,42.63,29204
2010-08-23 15:00:00,42.63,42.63,42.52,42.52,16632
2010-08-23 15:15:00,42.53,42.56,42.46,42.5,23905
2010-08-23 15:30:00,42.5,42.54,42.4,42.4,27671
2010-08-23 15:45:00,42.42,42.44,42.26,42.27,61704
2010-08-23 16:00:00,42.26,42.28,42.19,42.2,81644
2010-08-24 09:45:00,41.87,41.87,41.32,41.58,51655
2010-08-24 10:00:00,41.57,41.6,41.46,41.52,16396
2010-08-24 10:15:00,41.51,41.51,41.17,41.29,70552
2010-08-24 10:30:00,41.29,41.32,41.08,41.13,240087
2010-08-24 10:45:00,41.14,41.32,41.12,41.3,89268
2010-08-24 11:00:00,41.29,41.5,41.29,41.47,24359
2010-08-24 11:15:00,41.52,41.59,41.27,41.28,56338
2010-08-24 11:30:00,41.29,41.38,41.21,41.38,67054
2010-08-24 11:45:00,41.39,41.57,41.39,41.51,46490
2010-08-24 12:00:00,41.51,41.51,41.395,41.44,37252
2010-08-24 12:15:00,41.43,41.51,41.38,41.45,45675
2010-08-24 12:30:00,41.44,41.46,41.36,41.37,19143
2010-08-24 12:45:00,41.39,41.46,41.37,41.43,26534
2010-08-24 13:00:00,41.43,41.445,41.36,41.44,20748
2010-08-24 13:15:00,41.43,41.47,41.36,41.43,27629
2010-08-24 13:30:00,41.45,41.56,41.39,41.56,44934
2010-08-24 13:45:00,41.54,41.56,41.29,41.32,56106
2010-08-24 14:00:00,41.31,41.33,41.2,41.23,32096
2010-08-24 14:15:00,41.25,41.36,41.24,41.33,31251
2010-08-24 14:30:00,41.34,41.45,41.33,41.33,24421
2010-08-24 14:45:00,41.34,41.49,41.31,41.39,44549
2010-08-24 15:00:00,41.39,41.42,41.28,41.345,47462
2010-08-24 15:15:00,41.36,41.43,41.32,41.34,59967
2010-08-24 15:30:00,41.34,41.47,41.29,41.39,73227
2010-08-24 15:45:00,41.39,41.44,41.229,41.255,139681
2010-08-24 16:00:00,41.255,41.27,41.14,41.16,221917
2010-08-25 09:45:00,40.92,41.0,40.35,40.3511,146290
2010-08-25 10:00:00,40.35,40.38,40.2,40.33,126565
2010-08-25 10:15:00,40.33,40.448,40.14,40.315,179065
2010-08-25 10:30:00,40.33,40.64,40.3,40.55,132804
2010-08-25 10:45:00,40.55,40.61,40.38,40.535,130721
2010-08-25 11:00:00,40.53,40.635,40.49,40.6,80529
2010-08-25 11:15:00,40.6,40.68,40.53,40.6,80740
2010-08-25 11:30:00,40.6,40.73,40.59,40.72,63559
2010-08-25 11:45:00,40.71,40.73,40.6704,40.71,55669
2010-08-25 12:00:00,40.704,40.72,40.64,40.68,53857
2010-08-25 12:15:00,40.68,40.77,40.64,40.66,51664
2010-08-25 12:30:00,40.66,40.705,40.65,40.68,24441
2010-08-25 12:45:00,40.68,40.72,40.5502,40.64,35273
2010-08-25 13:00:00,40.64,40.7,40.5613,40.59,24726
2010-08-25 13:15:00,40.59,40.6106,40.57,40.585,31760
2010-08-25 13:30:00,40.59,40.655,40.54,40.5519,30322
2010-08-25 13:45:00,40.555,40.73,40.55,40.72,29699
2010-08-25 14:00:00,40.72,40.78,40.7,40.73,35978
2010-08-25 14:15:00,40.74,40.86,40.73,40.81,59964
2010-08-25 14:30:00,40.81,40.84,40.73,40.81,47906
2010-08-25 14:45:00,40.82,41.108000000000004,40.79,41.0625,133870
2010-08-25 15:00:00,41.07,41.12,40.95,40.97,102646
2010-08-25 15:15:00,40.99,41.035,40.93,41.0,58621
2010-08-25 15:30:00,40.99,41.02,40.8409,40.91,57962
2010-08-25 15:45:00,40.905,41.11,40.89,41.08,128332
2010-08-25 16:00:00,41.07,41.11,40.97,41.0,202565
2010-08-26 09:45:00,41.13,41.28,40.81,40.91,88058
2010-08-26 10:00:00,40.91,40.99,40.52,40.72,93327
2010-08-26 10:15:00,40.72,40.97,40.69,40.9,77913
2010-08-26 10:30:00,40.89,40.912,40.76,40.885,54734
2010-08-26 10:45:00,40.9,41.1,40.88,41.01,43999
2010-08-26 11:00:00,41.01,41.02,40.87,40.99,29649
2010-08-26 11:15:00,40.98,41.01,40.72,40.88,38261
2010-08-26 11:30:00,40.88,40.96,40.81,40.88,33533
2010-08-26 11:45:00,40.89,40.89,40.7,40.76,49584
2010-08-26 12:00:00,40.76,40.85,40.64,40.85,27408
2010-08-26 12:15:00,40.869,40.88,40.8,40.8,26118
2010-08-26 12:30:00,40.8,40.81,40.75,40.79,35115
2010-08-26 12:45:00,40.79,40.92,40.785,40.87,49754
2010-08-26 13:00:00,40.88,40.9,40.74,40.85,25224
2010-08-26 13:15:00,40.85,40.88,40.77,40.79,19193
2010-08-26 13:30:00,40.78,40.85,40.78,40.82,21150
2010-08-26 13:45:00,40.82,40.85,40.76,40.76,38317
2010-08-26 14:00:00,40.7629,40.805,40.68,40.69,50378
2010-08-26 14:15:00,40.69,40.75,40.56,40.62,35831
2010-08-26 14:30:00,40.61,40.68,40.54,40.66,25800
2010-08-26 14:45:00,40.64,40.64,40.56,40.61,29989
2010-08-26 15:00:00,40.61,40.61,40.3701,40.44,58419
2010-08-26 15:15:00,40.44,40.52,40.42,40.435,69421
2010-08-26 15:30:00,40.43,40.55,40.42,40.508,73932
2010-08-26 15:45:00,40.5,40.6,40.45,40.59,89377
2010-08-26 16:00:00,40.58,40.585,40.39,40.42,135126
2010-08-27 09:45:00,40.55,40.85,40.53,40.53,52226
2010-08-27 10:00:00,40.53,40.62,40.31,40.315,110153
2010-08-27 10:15:00,40.32,40.46,40.02,40.4,93424
2010-08-27 10:30:00,40.4,40.58,40.36,40.48,81427
2010-08-27 10:45:00,40.48,40.56,40.41,40.45,56150
2010-08-27 11:00:00,40.46,40.51,40.41,40.47,34120
2010-08-27 11:15:00,40.47,40.74,40.47,40.73,83528
2010-08-27 11:30:00,40.74,41.03,40.74,40.985,181643
2010-08-27 11:45:00,40.985,41.01,40.86,40.87,128969
2010-08-27 12:00:00,40.87,40.92,40.79,40.8,336266
2010-08-27 12:15:00,40.8,40.83,40.73,40.79,60469
2010-08-27 12:30:00,40.79,40.84,40.74,40.8,60616
2010-08-27 12:45:00,40.8,40.9,40.76,40.76,55588
2010-08-27 13:00:00,40.76,40.81,40.63,40.63,57762
2010-08-27 13:15:00,40.63,40.73,40.63,40.64,36782
2010-08-27 13:30:00,40.64,40.73,40.55,40.73,68636
2010-08-27 13:45:00,40.71,40.74,40.64,40.65,59697
2010-08-27 14:00:00,40.66,40.76,40.66,40.755,77388
2010-08-27 14:15:00,40.77,40.905,40.7,40.83,93399
2010-08-27 14:30:00,40.83,40.9,40.78,40.9,50297
2010-08-27 14:45:00,40.89,40.95,40.87,40.95,50945
2010-08-27 15:00:00,40.96,40.99,40.86,40.905,74511
2010-08-27 15:15:00,40.9,40.965,40.84,40.865,145656
2010-08-27 15:30:00,40.89,40.95,40.8325,40.92,150264
2010-08-27 15:45:00,40.93,41.065,40.92,41.02,293131
2010-08-27 16:00:00,41.025,41.05,40.91,40.96,287767
2010-08-30 09:45:00,40.9,41.05,40.64,41.04,33932
2010-08-30 10:00:00,41.025,41.13,41.005,41.13,50632
2010-08-30 10:15:00,41.13,41.14,40.84,40.9,40508
2010-08-30 10:30:00,40.89,40.89,40.57,40.64,58594
2010-08-30 10:45:00,40.62,40.65,40.52,40.53,20279
2010-08-30 11:00:00,40.52,40.77,40.46,40.6902,57097
2010-08-30 11:15:00,40.71,40.73,40.59,40.59,16029
2010-08-30 11:30:00,40.58,40.62,40.56,40.58,12869
2010-08-30 11:45:00,40.56,40.58,40.34,40.3675,19623
2010-08-30 12:00:00,40.36,40.42,40.32,40.42,13407
2010-08-30 12:15:00,40.42,40.47,40.41,40.47,10210
2010-08-30 12:30:00,40.47,40.4799,40.44,40.46,15143
2010-08-30 12:45:00,40.46,40.59,40.45,40.575,12825
2010-08-30 13:00:00,40.58,40.67,40.49,40.5,13410
2010-08-30 13:15:00,40.51,40.56,40.5,40.518,12055
2010-08-30 13:30:00,40.51,40.54,40.35,40.38,12348
2010-08-30 13:45:00,40.38,40.46,40.371,40.45,12618
2010-08-30 14:00:00,40.46,40.47,40.37,40.38,13942
2010-08-30 14:15:00,40.38,40.44,40.32,40.34,14083
2010-08-30 14:30:00,40.33,40.43,40.31,40.4101,18907
2010-08-30 14:45:00,40.41,40.49,40.37,40.45,19298
2010-08-30 15:00:00,40.44,40.44,40.3246,40.37,17613
2010-08-30 15:15:00,40.37,40.42,40.3,40.3,27663
2010-08-30 15:30:00,40.3,40.31,40.24,40.26,42177
2010-08-30 15:45:00,40.27,40.34,40.24,40.28,82213
2010-08-30 16:00:00,40.28,40.28,40.11,40.11,138580
2010-08-31 09:45:00,39.92,39.94,39.57,39.842,83737
2010-08-31 10:00:00,39.83,40.27,39.81,40.09,54028
2010-08-31 10:15:00,40.11,40.5,40.095,40.49,40214
2010-08-31 10:30:00,40.49,40.51,40.35,40.48,67040
2010-08-31 10:45:00,40.48,40.58,40.355,40.5,66322
2010-08-31 11:00:00,40.49,40.66,40.465,40.62,28100
2010-08-31 11:15:00,40.62,40.66,40.57,40.59,56815
2010-08-31 11:30:00,40.6,40.64,40.51,40.52,33278
2010-08-31 11:45:00,40.52,40.57,40.47,40.48,32236
2010-08-31 12:00:00,40.4801,40.59,40.46,40.48,19700
2010-08-31 12:15:00,40.48,40.58,40.48,40.545,10726
2010-08-31 12:30:00,40.55,40.5825,40.53,40.544000000000004,14066
2010-08-31 12:45:00,40.55,40.58,40.5,40.52,16564
2010-08-31 13:00:00,40.54,40.58,40.4475,40.4475,20099
2010-08-31 13:15:00,40.44,40.58,40.43,40.57,16955
2010-08-31 13:30:00,40.57,40.59,40.49,40.54,14407
2010-08-31 13:45:00,40.5258,40.65,40.52,40.573,37720
2010-08-31 14:00:00,40.58,40.63,40.57,40.615,39951
2010-08-31 14:15:00,40.61,40.69,40.52,40.61,67812
2010-08-31 14:30:00,40.61,40.61,40.459,40.48,50635
2010-08-31 14:45:00,40.48,40.49,40.375,40.38,53604
2010-08-31 15:00:00,40.38,40.41,40.29,40.35,64249
2010-08-31 15:15:00,40.34,40.43,40.2902,40.34,78307
2010-08-31 15:30:00,40.34,40.43,40.3,40.42,82528
2010-08-31 15:45:00,40.43,40.48,40.31,40.41,126055
2010-08-31 16:00:00,40.42,40.52,40.29,40.33,271447
2010-09-01 09:45:00,40.67,41.18,40.64,41.03,85717
2010-09-01 10:00:00,41.01,41.32,41.0,41.3,91896
2010-09-01 10:15:00,41.29,41.72,41.27,41.51,80546
2010-09-01 10:30:00,41.52,41.63,41.47,41.51,37357
2010-09-01 10:45:00,41.5,41.57,41.4401,41.46,34137
2010-09-01 11:00:00,41.46,41.64,41.45,41.59,34088
2010-09-01 11:15:00,41.5871,41.68,41.5871,41.65,39572
2010-09-01 11:30:00,41.65,41.66,41.6,41.64,31162
2010-09-01 11:45:00,41.65,41.72,41.65,41.7,30049
2010-09-01 12:00:00,41.7,41.73,41.61,41.65,30655
2010-09-01 12:15:00,41.6501,41.7,41.61,41.62,32720
2010-09-01 12:30:00,41.635,41.695,41.63,41.68,28241
2010-09-01 12:45:00,41.68,41.69,41.62,41.66,23965
2010-09-01 13:00:00,41.66,41.69,41.61,41.69,23113
2010-09-01 13:15:00,41.69,41.71,41.66,41.68,22268
2010-09-01 13:30:00,41.67,41.71,41.64,41.69,24005
2010-09-01 13:45:00,41.69,41.74,41.68,41.74,20658
2010-09-01 14:00:00,41.73,41.8,41.66,41.66,34817
2010-09-01 14:15:00,41.67,41.72,41.58,41.58,42278
2010-09-01 14:30:00,41.58,41.66,41.57,41.63,40418
2010-09-01 14:45:00,41.63,41.73,41.61,41.7,73495
2010-09-01 15:00:00,41.7,41.7,41.54,41.565,43413
2010-09-01 15:15:00,41.56,41.76,41.54,41.75,97604
2010-09-01 15:30:00,41.75,41.75,41.64,41.67,74528
2010-09-01 15:45:00,41.67,41.701,41.62,41.68,124212
2010-09-01 16:00:00,41.69,41.73,41.58,41.62,233777
2010-09-02 09:45:00,41.69,42.27,41.69,42.25,133634
2010-09-02 10:00:00,42.26,42.65,42.21,42.65,124464
2010-09-02 10:15:00,42.64,42.87,42.61,42.71,186124
2010-09-02 10:30:00,42.7,42.74,42.47,42.73,66698
2010-09-02 10:45:00,42.73,42.74,42.61,42.69,51929
2010-09-02 11:00:00,42.69,42.75,42.675,42.73,64953
2010-09-02 11:15:00,42.73,42.81,42.6,42.63,82540
2010-09-02 11:30:00,42.63,42.65,42.56,42.57,42462
2010-09-02 11:45:00,42.57,42.78,42.57,42.72,58484
2010-09-02 12:00:00,42.7,42.74,42.65,42.65,30084
2010-09-02 12:15:00,42.66,42.74,42.62,42.74,28027
2010-09-02 12:30:00,42.74,42.75,42.69,42.74,30738
2010-09-02 12:45:00,42.74,42.82,42.72,42.72,60625
2010-09-02 13:00:00,42.72,42.8,42.66,42.75,64625
2010-09-02 13:15:00,42.75,42.825,42.65,42.72,69840
2010-09-02 13:30:00,42.705,42.79,42.7,42.785,47125
2010-09-02 13:45:00,42.78,42.9,42.76,42.88,49558
2010-09-02 14:00:00,42.885,42.97,42.83,42.95,43579
2010-09-02 14:15:00,42.96,43.01,42.94,42.98,77799
2010-09-02 14:30:00,42.98,43.0,42.84,42.92,65286
2010-09-02 14:45:00,42.92,43.01,42.92,43.0,55559
2010-09-02 15:00:00,43.0,43.01,42.95,43.0,51039
2010-09-02 15:15:00,43.005,43.04,42.95,43.02,133738
2010-09-02 15:30:00,43.02,43.03,42.94,43.01,84542
2010-09-02 15:45:00,43.015,43.035,42.97,42.995,117672
2010-09-02 16:00:00,42.995,43.04,42.93,42.99,218068
2010-09-03 09:45:00,43.24,43.7,43.24,43.49,83296
2010-09-03 10:00:00,43.52,43.68,43.34,43.57,72115
2010-09-03 10:15:00,43.54,43.545,43.29,43.29,43081
2010-09-03 10:30:00,43.28,43.45,43.07,43.125,71773
2010-09-03 10:45:00,43.13,43.21,42.978,43.205,31114
2010-09-03 11:00:00,43.2,43.21,42.913000000000004,43.06,29924
2010-09-03 11:15:00,43.06,43.2,43.02,43.2,23222
2010-09-03 11:30:00,43.21,43.34,43.18,43.28,18095
2010-09-03 11:45:00,43.295,43.32,43.2,43.27,25600
2010-09-03 12:00:00,43.27,43.3,43.16,43.285,50150
2010-09-03 12:15:00,43.2747,43.31,43.23,43.285,19780
2010-09-03 12:30:00,43.285,43.3,43.2,43.23,18060
2010-09-03 12:45:00,43.22,43.33,43.22,43.2735,24036
2010-09-03 13:00:00,43.27,43.33,43.25,43.27,30205
2010-09-03 13:15:00,43.2603,43.34,43.24,43.32,22907
2010-09-03 13:30:00,43.3,43.33,43.26,43.26,20825
2010-09-03 13:45:00,43.27,43.41,43.25,43.36,20493
2010-09-03 14:00:00,43.36,43.4,43.32,43.36,35022
2010-09-03 14:15:00,43.37,43.37,43.25,43.29,25895
2010-09-03 14:30:00,43.29,43.37,43.27,43.3,15204
2010-09-03 14:45:00,43.298,43.38,43.24,43.265,33235
2010-09-03 15:00:00,43.26,43.27,43.18,43.21,32851
2010-09-03 15:15:00,43.21,43.285,43.19,43.24,28475
2010-09-03 15:30:00,43.24,43.3487,43.24,43.32,34220
2010-09-03 15:45:00,43.32,43.41,43.23,43.41,116447
2010-09-03 16:00:00,43.43,43.48,43.37,43.44,176903
2010-09-07 09:45:00,43.01,43.39,43.01,43.265,44393
2010-09-07 10:00:00,43.265,43.4,43.23,43.23,36225
2010-09-07 10:15:00,43.23,43.43,43.22,43.42,38400
2010-09-07 10:30:00,43.42,43.47,43.34,43.45,80587
2010-09-07 10:45:00,43.45,43.57,43.43,43.56,79983
2010-09-07 11:00:00,43.55,43.63,43.47,43.59,47575
2010-09-07 11:15:00,43.59,43.69,43.5,43.69,71159
2010-09-07 11:30:00,43.7,44.09,43.67,43.8,200937
2010-09-07 11:45:00,43.8,43.83,43.54,43.58,35393
2010-09-07 12:00:00,43.59,43.65,43.5,43.6372,24117
2010-09-07 12:15:00,43.63,43.63,43.53,43.53,7932
2010-09-07 12:30:00,43.52,43.58,43.45,43.55,24097
2010-09-07 12:45:00,43.53,43.54,43.48,43.4873,109113
2010-09-07 13:00:00,43.49,43.5,43.38,43.43,18830
2010-09-07 13:15:00,43.44,43.4899,43.34,43.4899,28755
2010-09-07 13:30:00,43.49,43.5,43.4,43.43,40368
2010-09-07 13:45:00,43.42,43.49,43.41,43.47,32309
2010-09-07 14:00:00,43.475,43.525,43.44,43.47,46797
2010-09-07 14:15:00,43.47,43.5,43.42,43.471000000000004,33360
2010-09-07 14:30:00,43.47,43.56,43.39,43.39,41755
2010-09-07 14:45:00,43.39,43.4,43.2905,43.34,40966
2010-09-07 15:00:00,43.33,43.36,43.295,43.33,40129
2010-09-07 15:15:00,43.32,43.39,43.31,43.37,42781
2010-09-07 15:30:00,43.37,43.445,43.33,43.44,59944
2010-09-07 15:45:00,43.445,43.54,43.36,43.375,148676
2010-09-07 16:00:00,43.365,43.38,43.15,43.23,248000
2010-09-08 09:45:00,43.27,43.38,43.06,43.25,61974
2010-09-08 10:00:00,43.25,43.65,43.16,43.58,99396
2010-09-08 10:15:00,43.56,43.65,43.46,43.62,62613
2010-09-08 10:30:00,43.62,43.89,43.61,43.85,167211
2010-09-08 10:45:00,43.84,43.92,43.76,43.83,51500
2010-09-08 11:00:00,43.83,43.88,43.78,43.85,25696
2010-09-08 11:15:00,43.84,43.98,43.84,43.88,40450
2010-09-08 11:30:00,43.86,43.92,43.81,43.91,22918
2010-09-08 11:45:00,43.92,43.9499,43.7099,43.71,28533
2010-09-08 12:00:00,43.7,43.71,43.57,43.64,34851
2010-09-08 12:15:00,43.645,43.71,43.63,43.65,18645
2010-09-08 12:30:00,43.66,43.73,43.65,43.73,15062
2010-09-08 12:45:00,43.73,43.735,43.57,43.57,67170
2010-09-08 13:00:00,43.58,43.6,43.49,43.5,34691
2010-09-08 13:15:00,43.5,43.51,43.46,43.5,28136
2010-09-08 13:30:00,43.5,43.51,43.45,43.475,23799
2010-09-08 13:45:00,43.48,43.495,43.35,43.35,34059
2010-09-08 14:00:00,43.32,43.39,43.29,43.36,27158
2010-09-08 14:15:00,43.36,43.37,43.21,43.3,65169
2010-09-08 14:30:00,43.31,43.36,43.24,43.28,30481
2010-09-08 14:45:00,43.29,43.33,43.23,43.305,45146
2010-09-08 15:00:00,43.31,43.31,43.26,43.2725,27922
2010-09-08 15:15:00,43.28,43.43,43.28,43.3,34441
2010-09-08 15:30:00,43.31,43.33,43.18,43.19,62363
2010-09-08 15:45:00,43.19,43.23,43.04,43.05,136179
2010-09-08 16:00:00,43.04,43.07,42.94,43.05,250489
2010-09-09 09:45:00,43.52,43.65,43.22,43.47,109453
2010-09-09 10:00:00,43.475,43.54,43.35,43.39,167554
2010-09-09 10:15:00,43.37,43.45,43.32,43.34,55051
2010-09-09 10:30:00,43.34,43.4,43.27,43.37,47158
2010-09-09 10:45:00,43.35,43.37,43.29,43.32,20028
2010-09-09 11:00:00,43.31,43.368,43.27,43.27,21695
2010-09-09 11:15:00,43.27,43.46,43.27,43.38,35764
2010-09-09 11:30:00,43.38,43.44,43.37,43.43,25200
2010-09-09 11:45:00,43.435,43.4399,43.27,43.37,72552
2010-09-09 12:00:00,43.37,43.38,43.31,43.335,35161
2010-09-09 12:15:00,43.335,43.37,43.33,43.35,32441
2010-09-09 12:30:00,43.34,43.38,43.335,43.38,17676
2010-09-09 12:45:00,43.38,43.42,43.36,43.41,24485
2010-09-09 13:00:00,43.41,43.41,43.3206,43.3206,33125
2010-09-09 13:15:00,43.33,43.33,43.22,43.22,30256
2010-09-09 13:30:00,43.22,43.3,43.21,43.26,18740
2010-09-09 13:45:00,43.25,43.3,43.21,43.29,28389
2010-09-09 14:00:00,43.28,43.36,43.19,43.21,26305
2010-09-09 14:15:00,43.19,43.2701,43.09,43.15,39965
2010-09-09 14:30:00,43.14,43.17,43.11,43.11,29775
2010-09-09 14:45:00,43.1099,43.24,43.1,43.14,87724
2010-09-09 15:00:00,43.15,43.24,43.145,43.15,27500
2010-09-09 15:15:00,43.16,43.2,43.15,43.16,46913
2010-09-09 15:30:00,43.16,43.24,43.15,43.19,66850
2010-09-09 15:45:00,43.19,43.23,43.13,43.13,106784
2010-09-09 16:00:00,43.14,43.19,43.03,43.04,181496
2010-09-10 09:45:00,43.15,43.25,42.96,42.99,38993
2010-09-10 10:00:00,42.995,43.14,42.98,43.06,39835
2010-09-10 10:15:00,43.05,43.14,43.01,43.07,37798
2010-09-10 10:30:00,43.08,43.15,43.025,43.1,33694
2010-09-10 10:45:00,43.1,43.19,43.08,43.08,74715
2010-09-10 11:00:00,43.08,43.155,43.04,43.08,97293
2010-09-10 11:15:00,43.09,43.14,43.03,43.115,96300
2010-09-10 11:30:00,43.12,43.12,43.06,43.095,43456
2010-09-10 11:45:00,43.1,43.12,43.05,43.1,62713
2010-09-10 12:00:00,43.1,43.14,43.05,43.09,65493
2010-09-10 12:15:00,43.08,43.16,43.08,43.16,34704
2010-09-10 12:30:00,43.155,43.18,43.13,43.145,35061
2010-09-10 12:45:00,43.14,43.2,43.1,43.141999999999996,34212
2010-09-10 13:00:00,43.14,43.15,43.11,43.14,15375
2010-09-10 13:15:00,43.14,43.16,43.08,43.08,30418
2010-09-10 13:30:00,43.07,43.12,43.06,43.1,27431
2010-09-10 13:45:00,43.09,43.17,43.08,43.14,24345
2010-09-10 14:00:00,43.14,43.2,43.13,43.18,34204
2010-09-10 14:15:00,43.18,43.28,43.16,43.2,57521
2010-09-10 14:30:00,43.2,43.28,43.17,43.27,23530
2010-09-10 14:45:00,43.26,43.31,43.191,43.29,38517
2010-09-10 15:00:00,43.29,43.3,43.22,43.3,15128
2010-09-10 15:15:00,43.3,43.31,43.26,43.3,34454
2010-09-10 15:30:00,43.292,43.37,43.29,43.34,36361
2010-09-10 15:45:00,43.35,43.38,43.32,43.35,57029
2010-09-10 16:00:00,43.36,43.38,43.3,43.38,150516
2010-09-13 09:45:00,43.7,43.93,43.64,43.66,31764
2010-09-13 10:00:00,43.7,43.7,43.6,43.65,15901
2010-09-13 10:15:00,43.67,43.83,43.66,43.76,27248
2010-09-13 10:30:00,43.7652,43.87,43.73,43.81,26151
2010-09-13 10:45:00,43.83,43.97,43.82,43.9495,24962
2010-09-13 11:00:00,43.95,44.0,43.89,43.9,23942
2010-09-13 11:15:00,43.9,43.95,43.88,43.93,33665
2010-09-13 11:30:00,43.93,44.14,43.93,44.14,35085
2010-09-13 11:45:00,44.12,44.13,44.04,44.045,25175
2010-09-13 12:00:00,44.04,44.11,44.02,44.1,24407
2010-09-13 12:15:00,44.09,44.1,44.0,44.03,21500
2010-09-13 12:30:00,44.03,44.03,43.83,43.92,39828
2010-09-13 12:45:00,43.93,43.99,43.92,43.99,40580
2010-09-13 13:00:00,44.0,44.02,43.91,43.94,50611
2010-09-13 13:15:00,43.945,43.99,43.93,43.975,12500
2010-09-13 13:30:00,43.97,44.03,43.925,43.96,50359
2010-09-13 13:45:00,43.97,44.0,43.91,43.96,33319
2010-09-13 14:00:00,43.97,43.99,43.93,43.96,40309
2010-09-13 14:15:00,43.96,43.97,43.9,43.905,37102
2010-09-13 14:30:00,43.91,44.08,43.905,44.08,45922
2010-09-13 14:45:00,44.075,44.075,43.99,44.035,38582
2010-09-13 15:00:00,44.035,44.14,44.025,44.135,49310
2010-09-13 15:15:00,44.135,44.15,43.99,44.045,43816
2010-09-13 15:30:00,44.045,44.13,44.04,44.11,40825
2010-09-13 15:45:00,44.12,44.28,44.1,44.23,62782
2010-09-13 16:00:00,44.23,44.24,44.07,44.11,116467
2010-09-14 09:45:00,44.06,44.07,43.76,43.83,27290
2010-09-14 10:00:00,43.8,43.97,43.75,43.91,15083
2010-09-14 10:15:00,43.92,43.95,43.81,43.84,19641
2010-09-14 10:30:00,43.83,43.92,43.77,43.88,24135
2010-09-14 10:45:00,43.87,44.02,43.84,44.01,15752
2010-09-14 11:00:00,44.01,44.09,43.94,44.0,30075
2010-09-14 11:15:00,43.99,44.09,43.97,44.09,22443
2010-09-14 11:30:00,44.09,44.1,43.87,43.8915,28771
2010-09-14 11:45:00,43.9,43.98,43.88,43.95,34289
2010-09-14 12:00:00,43.93,44.06,43.93,44.06,16426
2010-09-14 12:15:00,44.04,44.1399,44.03,44.11,10219
2010-09-14 12:30:00,44.1,44.15,44.07,44.15,8800
2010-09-14 12:45:00,44.16,44.17,44.11,44.13,15492
2010-09-14 13:00:00,44.14,44.14,44.01,44.05,10891
2010-09-14 13:15:00,44.035,44.06,44.0,44.01,5550
2010-09-14 13:30:00,44.0,44.0,43.8302,43.9,18008
2010-09-14 13:45:00,43.9,43.96,43.87,43.88,24814
2010-09-14 14:00:00,43.86,43.88,43.79,43.86,15988
2010-09-14 14:15:00,43.87,43.9,43.84,43.88,9562
2010-09-14 14:30:00,43.89,44.0,43.89,43.94,12751
2010-09-14 14:45:00,43.96,44.02,43.89,44.005,22323
2010-09-14 15:00:00,44.0,44.03,43.95,43.96,17805
2010-09-14 15:15:00,43.96,44.02,43.93,44.01,27702
2010-09-14 15:30:00,44.01,44.04,43.95,44.02,26148
2010-09-14 15:45:00,44.03,44.07,43.93,43.95,76958
2010-09-14 16:00:00,43.96,43.98,43.86,43.87,89770
2010-09-15 09:45:00,43.73,43.78,43.57,43.63,27470
2010-09-15 10:00:00,43.64,43.79,43.52,43.77,18254
2010-09-15 10:15:00,43.78,43.92,43.77,43.92,25690
2010-09-15 10:30:00,43.93,44.1,43.93,44.03,22484
2010-09-15 10:45:00,44.03,44.05,43.94,44.0,18860
2010-09-15 11:00:00,43.99,43.99,43.84,43.94,20253
2010-09-15 11:15:00,43.96,43.96,43.8,43.858000000000004,17660
2010-09-15 11:30:00,43.85,43.96,43.83,43.95,7988
2010-09-15 11:45:00,43.95,44.05,43.95,44.05,10872
2010-09-15 12:00:00,44.05,44.07,43.94,44.0,12800
2010-09-15 12:15:00,44.0,44.05,43.97,44.04,22822
2010-09-15 12:30:00,44.03,44.03,43.96,44.005,19499
2010-09-15 12:45:00,44.0,44.01,43.97,43.9801,20788
2010-09-15 13:00:00,43.99,44.0,43.96,43.96,22615
2010-09-15 13:15:00,43.97,44.04,43.97,44.01,28482
2010-09-15 13:30:00,44.0,44.06,43.99,43.99,18600
2010-09-15 13:45:00,43.98,44.01,43.96,43.98,16772
2010-09-15 14:00:00,43.98,44.03,43.97,44.03,21257
2010-09-15 14:15:00,44.03,44.11,44.02,44.11,16637
2010-09-15 14:30:00,44.101000000000006,44.17,44.048,44.17,30748
2010-09-15 14:45:00,44.16,44.21,44.1,44.16,36024
2010-09-15 15:00:00,44.17,44.28,44.16,44.26,28447
2010-09-15 15:15:00,44.26,44.28,44.22,44.26,40659
2010-09-15 15:30:00,44.25,44.42,44.23,44.42,56506
2010-09-15 15:45:00,44.42,44.5,44.36,44.36,96453
2010-09-15 16:00:00,44.36,44.43,44.34,44.39,152567
2010-09-16 09:45:00,44.3,44.33,44.04,44.06,22932
2010-09-16 10:00:00,44.1,44.34,44.09,44.27,16635
2010-09-16 10:15:00,44.24,44.28,44.06,44.18,20325
2010-09-16 10:30:00,44.17,44.26,44.1,44.22,18534
2010-09-16 10:45:00,44.2,44.4,44.19,44.38,34324
2010-09-16 11:00:00,44.36,44.44,44.33,44.3802,22191
2010-09-16 11:15:00,44.38,44.43,44.27,44.42,32873
2010-09-16 11:30:00,44.43,44.46,44.3752,44.42,28330
2010-09-16 11:45:00,44.42,44.43,44.35,44.4025,32270
2010-09-16 12:00:00,44.41,44.43,44.37,44.37,27483
2010-09-16 12:15:00,44.37,44.375,44.25,44.2629,27735
2010-09-16 12:30:00,44.26,44.27,44.2,44.2,13604
2010-09-16 12:45:00,44.2,44.2,44.09,44.1585,30642
2010-09-16 13:00:00,44.16,44.23,44.12,44.18,43038
2010-09-16 13:15:00,44.17,44.18,44.01,44.02,28281
2010-09-16 13:30:00,44.02,44.06,43.96,44.037,34305
2010-09-16 13:45:00,44.03,44.03,43.91,43.95,31145
2010-09-16 14:00:00,43.95,43.96,43.9,43.95,30643
2010-09-16 14:15:00,43.95,44.12,43.94,44.11,21087
2010-09-16 14:30:00,44.13,44.25,44.1,44.22,25074
2010-09-16 14:45:00,44.22,44.29,44.18,44.2607,27124
2010-09-16 15:00:00,44.27,44.31,44.25,44.28,19475
2010-09-16 15:15:00,44.27,44.39,44.27,44.36,47401
2010-09-16 15:30:00,44.36,44.44,44.35,44.42,56795
2010-09-16 15:45:00,44.42,44.48,44.38,44.41,43850
2010-09-16 16:00:00,44.42,44.46,44.36,44.43,142720
2010-09-17 09:45:00,44.49,44.81,44.49,44.65,195447
2010-09-17 10:00:00,44.65,44.75,44.53,44.61,48882
2010-09-17 10:15:00,44.58,44.63,44.5,44.62,36030
2010-09-17 10:30:00,44.6,44.77,44.51,44.7325,45344
2010-09-17 10:45:00,44.735,44.9,44.7225,44.89,47482
2010-09-17 11:00:00,44.89,44.99,44.87,44.888000000000005,27064
2010-09-17 11:15:00,44.88,44.98,44.88,44.98,20743
2010-09-17 11:30:00,44.98,45.0,44.92,44.94,22320
2010-09-17 11:45:00,44.95,45.02,44.95,44.98,78249
2010-09-17 12:00:00,44.98,45.12,44.97,45.04,40276
2010-09-17 12:15:00,45.04,45.13,45.03,45.03,23031
2010-09-17 12:30:00,45.036,45.09,45.03,45.09,18692
2010-09-17 12:45:00,45.08,45.105,45.0,45.03,22406
2010-09-17 13:00:00,45.01,45.03,44.86,44.86,27711
2010-09-17 13:15:00,44.87,44.94,44.87,44.91,30899
2010-09-17 13:30:00,44.91,44.95,44.86,44.9276,28884
2010-09-17 13:45:00,44.93,44.9859,44.92,44.93,43448
2010-09-17 14:00:00,44.93,45.01,44.93,44.93,14900
2010-09-17 14:15:00,44.93,44.94,44.89,44.92,17172
2010-09-17 14:30:00,44.91,44.91,44.84,44.87,15606
2010-09-17 14:45:00,44.8752,45.12,44.8752,45.12,40062
2010-09-17 15:00:00,45.115,45.125,44.9,44.91,35068
2010-09-17 15:15:00,44.91,44.91,44.76,44.76,30895
2010-09-17 15:30:00,44.75,44.79,44.68,44.68,63269
2010-09-17 15:45:00,44.69,44.79,44.67,44.67,84945
2010-09-17 16:00:00,44.68,44.71,44.61,44.69,283620
2010-09-20 09:45:00,44.71,45.0,44.65,44.71,52562
2010-09-20 10:00:00,44.71,45.01,44.69,44.97,38399
2010-09-20 10:15:00,44.97,45.37,44.93,45.37,101153
2010-09-20 10:30:00,45.36,45.49,45.26,45.27,59690
2010-09-20 10:45:00,45.27,45.46,45.27,45.33,40903
2010-09-20 11:00:00,45.33,45.48,45.3,45.37,45349
2010-09-20 11:15:00,45.4,45.4064,45.26,45.266000000000005,31257
2010-09-20 11:30:00,45.27,45.33,45.2,45.25,25577
2010-09-20 11:45:00,45.25,45.32,45.24,45.28,24070
2010-09-20 12:00:00,45.28,45.28,45.19,45.22,20469
2010-09-20 12:15:00,45.23,45.23,45.115,45.16,29124
2010-09-20 12:30:00,45.13,45.16,45.06,45.09,24995
2010-09-20 12:45:00,45.1,45.216,45.1,45.14,24889
2010-09-20 13:00:00,45.13,45.2,45.12,45.15,26211
2010-09-20 13:15:00,45.17,45.19,45.09,45.09,15975
2010-09-20 13:30:00,45.09,45.15,45.08,45.15,18900
2010-09-20 13:45:00,45.14,45.26,45.12,45.24,28271
2010-09-20 14:00:00,45.23,45.26,45.19,45.23,36046
2010-09-20 14:15:00,45.23,45.26,45.19,45.23,27758
2010-09-20 14:30:00,45.22,45.3,45.2,45.25,33376
2010-09-20 14:45:00,45.26,45.42,45.26,45.42,40888
2010-09-20 15:00:00,45.42,45.5,45.4,45.461999999999996,68211
2010-09-20 15:15:00,45.465,45.4875,45.38,45.38,52762
2010-09-20 15:30:00,45.39,45.43,45.3591,45.36,51821
2010-09-20 15:45:00,45.36,45.5,45.31,45.46,106031
2010-09-20 16:00:00,45.48,45.55,45.36,45.39,306478
2010-09-21 09:45:00,45.53,45.53,45.03,45.18,45300
2010-09-21 10:00:00,45.18,45.3,45.12,45.21,22498
2010-09-21 10:15:00,45.21,45.31,45.21,45.3,28813
2010-09-21 10:30:00,45.3,45.52,45.29,45.47,33876
2010-09-21 10:45:00,45.47,45.5,45.36,45.36,10985
2010-09-21 11:00:00,45.37,45.5,45.37,45.44,16816
2010-09-21 11:15:00,45.44,45.47,45.37,45.45,14356
2010-09-21 11:30:00,45.42,45.42,45.15,45.16,13554
2010-09-21 11:45:00,45.16,45.17,45.1,45.1499,9747
2010-09-21 12:00:00,45.15,45.18,45.11,45.14,7345
2010-09-21 12:15:00,45.13,45.19,45.1,45.11,8628
2010-09-21 12:30:00,45.12,45.23,45.095,45.108000000000004,19797
2010-09-21 12:45:00,45.1,45.18,45.1,45.155,11450
2010-09-21 13:00:00,45.15,45.22,45.121,45.21,6820
2010-09-21 13:15:00,45.2,45.2,45.08,45.0912,24018
2010-09-21 13:30:00,45.1,45.14,45.05,45.1,15101
2010-09-21 13:45:00,45.11,45.11,45.0101,45.09,9097
2010-09-21 14:00:00,45.08,45.1455,45.06,45.12,15540
2010-09-21 14:15:00,45.1099,45.15,45.05,45.07,28623
2010-09-21 14:30:00,45.03,45.16,44.98,45.12,99544
2010-09-21 14:45:00,45.11,45.24,45.06,45.2,85973
2010-09-21 15:00:00,45.2,45.24,45.04,45.1,45081
2010-09-21 15:15:00,45.11,45.17,45.0,45.11,41622
2010-09-21 15:30:00,45.13,45.18,45.0,45.07,52869
2010-09-21 15:45:00,45.0675,45.075,44.86,45.02,88575
2010-09-21 16:00:00,45.03,45.11,44.93,44.98,190295
2010-09-22 09:45:00,44.87,45.15,44.77,44.8,65577
2010-09-22 10:00:00,44.805,44.86,44.65,44.71,41189
2010-09-22 10:15:00,44.69,44.69,44.31,44.55,77217
2010-09-22 10:30:00,44.54,44.54,44.31,44.39,32492
2010-09-22 10:45:00,44.42,44.46,44.21,44.21,63052
2010-09-22 11:00:00,44.22,44.3,44.11,44.2,54608
2010-09-22 11:15:00,44.2,44.21,43.9,43.98,59019
2010-09-22 11:30:00,43.9997,44.09,43.9,44.0,27257
2010-09-22 11:45:00,44.02,44.1,43.94,44.03,25154
2010-09-22 12:00:00,44.03,44.16,43.99,44.15,17783
2010-09-22 12:15:00,44.14,44.14,44.0,44.02,23103
2010-09-22 12:30:00,44.0,44.04,43.92,43.98,20942
2010-09-22 12:45:00,43.95,43.95,43.88,43.91,22266
2010-09-22 13:00:00,43.9,43.91,43.88,43.88,14800
2010-09-22 13:15:00,43.88,43.92,43.84,43.87,27628
2010-09-22 13:30:00,43.88,43.91,43.82,43.89,13680
2010-09-22 13:45:00,43.9,44.02,43.86,43.86,44848
2010-09-22 14:00:00,43.86,43.99,43.86,43.89,17407
2010-09-22 14:15:00,43.89,43.92,43.83,43.89,32691
2010-09-22 14:30:00,43.88,43.89,43.802,43.88,34305
2010-09-22 14:45:00,43.88,43.95,43.82,43.82,53939
2010-09-22 15:00:00,43.81,43.94,43.81,43.92,44029
2010-09-22 15:15:00,43.93,43.99,43.78,43.81,58360
2010-09-22 15:30:00,43.81,43.82,43.68,43.69,105646
2010-09-22 15:45:00,43.7,43.84,43.7,43.79,114672
2010-09-22 16:00:00,43.78,43.79,43.69,43.74,289818
2010-09-23 09:45:00,43.5,43.63,43.22,43.63,75460
2010-09-23 10:00:00,43.58,43.7,43.51,43.52,85990
2010-09-23 10:15:00,43.55,43.79,43.55,43.73,29259
2010-09-23 10:30:00,43.72,43.88,43.64,43.88,38261
2010-09-23 10:45:00,43.88,44.07,43.87,43.96,11619
2010-09-23 11:00:00,43.97,44.02,43.83,43.87,13544
2010-09-23 11:15:00,43.8701,44.05,43.84,44.03,11400
2010-09-23 11:30:00,44.02,44.1,44.0,44.1,16076
2010-09-23 11:45:00,44.1,44.24,44.03,44.06,21829
2010-09-23 12:00:00,44.07,44.15,44.04,44.1,28944
2010-09-23 12:15:00,44.1,44.1799,44.07,44.07,22759
2010-09-23 12:30:00,44.07,44.111999999999995,44.02,44.02,14935
2010-09-23 12:45:00,44.0238,44.05,43.93,43.97,19874
2010-09-23 13:00:00,43.97,44.01,43.92,43.96,13367
2010-09-23 13:15:00,43.96,44.0199,43.93,43.94,7950
2010-09-23 13:30:00,43.93,44.01,43.905,43.922,16830
2010-09-23 13:45:00,43.93,44.03,43.915,43.95,26894
2010-09-23 14:00:00,43.9598,43.9598,43.79,43.86,21985
2010-09-23 14:15:00,43.85,43.96,43.83,43.93,18885
2010-09-23 14:30:00,43.93,43.95,43.86,43.88,17923
2010-09-23 14:45:00,43.88,43.92,43.77,43.79,20130
2010-09-23 15:00:00,43.773,43.805,43.72,43.75,26270
2010-09-23 15:15:00,43.75,43.75,43.68,43.71,63142
2010-09-23 15:30:00,43.71,43.74,43.66,43.66,88537
2010-09-23 15:45:00,43.66,43.66,43.5,43.56,130888
2010-09-23 16:00:00,43.55,43.72,43.54,43.71,242671
2010-09-24 09:45:00,44.23,44.54,44.23,44.5,32583
2010-09-24 10:00:00,44.5,44.63,44.32,44.32,43608
2010-09-24 10:15:00,44.31,44.44,44.26,44.3,55206
2010-09-24 10:30:00,44.29,44.45,44.29,44.37,34212
2010-09-24 10:45:00,44.35,44.4,44.23,44.36,41668
2010-09-24 11:00:00,44.34,44.38,44.28,44.33,23675
2010-09-24 11:15:00,44.32,44.43,44.3,44.43,28147
2010-09-24 11:30:00,44.43,44.5,44.38,44.44,15190
2010-09-24 11:45:00,44.44,44.45,44.43,44.445,9784
2010-09-24 12:00:00,44.4405,44.47,44.42,44.43,26613
2010-09-24 12:15:00,44.43,44.45,44.395,44.435,13728
2010-09-24 12:30:00,44.43,44.43,44.3,44.305,26943
2010-09-24 12:45:00,44.31,44.32,44.2,44.3,30864
2010-09-24 13:00:00,44.31,44.33,44.28,44.31,23840
2010-09-24 13:15:00,44.32,44.36,44.29,44.32,15325
2010-09-24 13:30:00,44.32,44.39,44.29,44.39,11411
2010-09-24 13:45:00,44.4,44.44,44.35,44.397,17411
2010-09-24 14:00:00,44.4,44.44,44.38,44.42,10007
2010-09-24 14:15:00,44.43,44.5,44.405,44.415,17707
2010-09-24 14:30:00,44.43,44.44,44.396,44.41,20984
2010-09-24 14:45:00,44.41,44.5,44.41,44.49,15755
2010-09-24 15:00:00,44.4999,44.5,44.45,44.49,26131
2010-09-24 15:15:00,44.5,44.5,44.43,44.5,27181
2010-09-24 15:30:00,44.49,44.54,44.45,44.47,55657
2010-09-24 15:45:00,44.46,44.47,44.38,44.39,79502
2010-09-24 16:00:00,44.4,44.42,44.23,44.36,223704
2010-09-27 09:45:00,44.4,44.49,44.3,44.395,51129
2010-09-27 10:00:00,44.36,44.47,44.31,44.38,58342
2010-09-27 10:15:00,44.37,44.39,44.22,44.29,55657
2010-09-27 10:30:00,44.28,44.48,44.25,44.46,53617
2010-09-27 10:45:00,44.48,44.71,44.48,44.66,58489
2010-09-27 11:00:00,44.66,44.82,44.65,44.82,33275
2010-09-27 11:15:00,44.8,44.8,44.6,44.61,35002
2010-09-27 11:30:00,44.6,44.78,44.58,44.74,21034
2010-09-27 11:45:00,44.74,44.79,44.7,44.78,37509
2010-09-27 12:00:00,44.77,44.9,44.75,44.8775,22523
2010-09-27 12:15:00,44.87,44.9,44.82,44.8374,28344
2010-09-27 12:30:00,44.82,44.83,44.75,44.83,18112
2010-09-27 12:45:00,44.82,44.89,44.77,44.85,24745
2010-09-27 13:00:00,44.83,44.88,44.83,44.84,24086
2010-09-27 13:15:00,44.83,44.95,44.8,44.93,43515
2010-09-27 13:30:00,44.93,44.99,44.91,44.965,31496
2010-09-27 13:45:00,44.96,45.08,44.95,45.07,25464
2010-09-27 14:00:00,45.07,45.08,44.98,45.05,42623
2010-09-27 14:15:00,45.04,45.06,45.0,45.06,17735
2010-09-27 14:30:00,45.0527,45.13,45.0527,45.11,24200
2010-09-27 14:45:00,45.11,45.17,45.08,45.15,44734
2010-09-27 15:00:00,45.16,45.19,45.1,45.1,38437
2010-09-27 15:15:00,45.1,45.18,45.08,45.17,41490
2010-09-27 15:30:00,45.17,45.23,45.13,45.15,48924
2010-09-27 15:45:00,45.15,45.16,45.06,45.07,83496
2010-09-27 16:00:00,45.07,45.07,44.94,45.01,160755
2010-09-28 09:45:00,45.03,45.03,44.5,44.56,38485
2010-09-28 10:00:00,44.52,44.64,44.413999999999994,44.59,27741
2010-09-28 10:15:00,44.58,44.59,44.2495,44.4,36922
2010-09-28 10:30:00,44.4,44.67,44.36,44.61,30473
2010-09-28 10:45:00,44.6,44.72,44.6,44.61,25460
2010-09-28 11:00:00,44.62,44.68,44.58,44.58,22297
2010-09-28 11:15:00,44.58,44.69,44.53,44.65,30187
2010-09-28 11:30:00,44.64,44.71,44.63,44.67,35420
2010-09-28 11:45:00,44.67,44.91,44.66,44.8262,23976
2010-09-28 12:00:00,44.83,44.916000000000004,44.8,44.916000000000004,20894
2010-09-28 12:15:00,44.91,45.0,44.84,45.0,20215
2010-09-28 12:30:00,45.0,45.08,44.99,45.02,18397
2010-09-28 12:45:00,45.04,45.05,44.98,45.02,9450
2010-09-28 13:00:00,45.02,45.03,44.99,45.02,12145
2010-09-28 13:15:00,45.03,45.06,44.9,44.94,12951
2010-09-28 13:30:00,44.93,45.0,44.92,44.976000000000006,18761
2010-09-28 13:45:00,45.0101,45.06,45.0,45.05,10113
2010-09-28 14:00:00,45.05,45.22,45.02,45.22,13699
2010-09-28 14:15:00,45.21,45.21,45.14,45.1699,22624
2010-09-28 14:30:00,45.15,45.22,45.09,45.09,24387
2010-09-28 14:45:00,45.08,45.1,44.95,44.99,30041
2010-09-28 15:00:00,44.96,44.96,44.81,44.9153,23785
2010-09-28 15:15:00,44.9099,45.09,44.9,45.03,30608
2010-09-28 15:30:00,45.03,45.12,45.01,45.04,23000
2010-09-28 15:45:00,45.03,45.24,45.03,45.2,36876
2010-09-28 16:00:00,45.21,45.37,45.2,45.22,79775
2010-09-29 09:45:00,45.01,45.11,44.83,44.94,32626
2010-09-29 10:00:00,44.9,45.02,44.7,44.7,35187
2010-09-29 10:15:00,44.7,44.76,44.63,44.63,25415
2010-09-29 10:30:00,44.63,44.65,44.35,44.45,32546
2010-09-29 10:45:00,44.51,44.71,44.49,44.64,17635
2010-09-29 11:00:00,44.63,44.69,44.58,44.65,12740
2010-09-29 11:15:00,44.65,44.92,44.64,44.91,19486
2010-09-29 11:30:00,44.9,44.94,44.86,44.8605,28947
2010-09-29 11:45:00,44.87,44.88,44.74,44.745,18584
2010-09-29 12:00:00,44.75,44.86,44.74,44.855,14735
2010-09-29 12:15:00,44.85,44.85,44.67,44.68,19512
2010-09-29 12:30:00,44.69,44.76,44.64,44.7,21488
2010-09-29 12:45:00,44.7,44.7,44.59,44.68,16266
2010-09-29 13:00:00,44.68,44.765,44.65,44.68,10600
2010-09-29 13:15:00,44.68,44.7,44.56,44.69,20203
2010-09-29 13:30:00,44.67,44.69,44.59,44.59,7779
2010-09-29 13:45:00,44.6,44.64,44.5,44.55,24066
2010-09-29 14:00:00,44.55,44.61,44.51,44.61,29483
2010-09-29 14:15:00,44.6,44.66,44.49,44.57,54336
2010-09-29 14:30:00,44.6,44.78,44.6,44.73,31181
2010-09-29 14:45:00,44.7248,44.97,44.72,44.95,40307
2010-09-29 15:00:00,44.95,45.01,44.95,44.98,46896
2010-09-29 15:15:00,44.99,45.05,44.89,44.93,61599
2010-09-29 15:30:00,44.92,44.95,44.825,44.95,57371
2010-09-29 15:45:00,44.94,44.98,44.85,44.9,72334
2010-09-29 16:00:00,44.91,45.06,44.91,45.0,150723
2010-09-30 09:45:00,45.26,45.85,45.26,45.73,73275
2010-09-30 10:00:00,45.74,45.835,45.4,45.48,46641
2010-09-30 10:15:00,45.48,45.5,45.25,45.39,29216
2010-09-30 10:30:00,45.37,45.44,45.145,45.22,26181
2010-09-30 10:45:00,45.23,45.3299,45.19,45.3,30452
2010-09-30 11:00:00,45.3,45.32,44.94,44.96,43036
2010-09-30 11:15:00,44.95,45.0,44.88,44.88,34627
2010-09-30 11:30:00,44.87,44.87,44.59,44.61,39457
2010-09-30 11:45:00,44.59,44.7999,44.56,44.76,23037
2010-09-30 12:00:00,44.79,44.79,44.61,44.615,26613
2010-09-30 12:15:00,44.61,44.63,44.37,44.405,46449
2010-09-30 12:30:00,44.407,44.45,44.34,44.36,41082
2010-09-30 12:45:00,44.36,44.46,44.33,44.39,56897
2010-09-30 13:00:00,44.4,44.49,44.37,44.41,69444
2010-09-30 13:15:00,44.41,44.53,44.38,44.46,43135
2010-09-30 13:30:00,44.47,44.53,44.46,44.52,31861
2010-09-30 13:45:00,44.52,44.56,44.47,44.47,45946
2010-09-30 14:00:00,44.48,44.52,44.45,44.5,24214
2010-09-30 14:15:00,44.51,44.55,44.49,44.54,40896
2010-09-30 14:30:00,44.54,44.62,44.47,44.62,30667
2010-09-30 14:45:00,44.61,44.7351,44.61,44.72,36021
2010-09-30 15:00:00,44.73,44.77,44.67,44.67,60061
2010-09-30 15:15:00,44.68,44.72,44.61,44.61,74332
2010-09-30 15:30:00,44.61,44.66,44.56,44.65,66662
2010-09-30 15:45:00,44.64,44.67,44.49,44.56,106464
2010-09-30 16:00:00,44.55,44.59,44.43,44.51,185605
2010-10-01 09:45:00,45.12,45.178999999999995,44.92,44.97,51693
2010-10-01 10:00:00,44.98,45.03,44.75,44.84,40149
2010-10-01 10:15:00,44.83,44.92,44.64,44.88,51577
2010-10-01 10:30:00,44.9,44.96,44.45,44.57,29584
2010-10-01 10:45:00,44.55,44.58,44.42,44.57,37333
2010-10-01 11:00:00,44.58,44.65,44.55,44.61,14600
2010-10-01 11:15:00,44.59,44.7302,44.54,44.65,13213
2010-10-01 11:30:00,44.63,44.63,44.41,44.48,38686
2010-10-01 11:45:00,44.49,44.619,44.49,44.54,21371
2010-10-01 12:00:00,44.54,44.59,44.52,44.52,13800
2010-10-01 12:15:00,44.5,44.53,44.45,44.5,29542
2010-10-01 12:30:00,44.505,44.51,44.42,44.465,16456
2010-10-01 12:45:00,44.47,44.48,44.41,44.45,14414
2010-10-01 13:00:00,44.47,44.49,44.41,44.46,7841
2010-10-01 13:15:00,44.48,44.56,44.44,44.559,12978
2010-10-01 13:30:00,44.55,44.59,44.46,44.49,27550
2010-10-01 13:45:00,44.51,44.51,44.37,44.38,11508
2010-10-01 14:00:00,44.37,44.38,44.24,44.25,38007
2010-10-01 14:15:00,44.26,44.43,44.2525,44.43,27307
2010-10-01 14:30:00,44.43,44.49,44.41,44.4512,19253
2010-10-01 14:45:00,44.47,44.62,44.455,44.57899999999999,21579
2010-10-01 15:00:00,44.58,44.65,44.56,44.62,20917
2010-10-01 15:15:00,44.63,44.72,44.59,44.65,32254
2010-10-01 15:30:00,44.66,44.72,44.62,44.64,25644
2010-10-01 15:45:00,44.64,44.68,44.6,44.61,29413
2010-10-01 16:00:00,44.61,44.6599,44.56,44.64,72755
2010-10-04 09:45:00,44.7,45.3,44.65,45.25,69143
2010-10-04 10:00:00,45.25,45.25,44.99,45.05,46785
2010-10-04 10:15:00,45.03,45.31,44.9692,45.24,70348
2010-10-04 10:30:00,45.23,45.37,45.04,45.05,39887
2010-10-04 10:45:00,45.05,45.07,44.9,44.92,32850
2010-10-04 11:00:00,44.91,44.93,44.74,44.81,24588
2010-10-04 11:15:00,44.81,44.81,44.57,44.57,22648
2010-10-04 11:30:00,44.57,44.58,44.34,44.39,21900
2010-10-04 11:45:00,44.38,44.6,44.34,44.58,24649
2010-10-04 12:00:00,44.58,44.61,44.35,44.36,30526
2010-10-04 12:15:00,44.36,44.4,44.25,44.3,17933
2010-10-04 12:30:00,44.3,44.4,44.27,44.38,12635
2010-10-04 12:45:00,44.4,44.44,44.32,44.32,15181
2010-10-04 13:00:00,44.32,44.43,44.31,44.43,6259
2010-10-04 13:15:00,44.44,44.5,44.41,44.46,15219
2010-10-04 13:30:00,44.49,44.53,44.48,44.5,6125
2010-10-04 13:45:00,44.49,44.51,44.41,44.5,8019
2010-10-04 14:00:00,44.49,44.52,44.4426,44.52,12534
2010-10-04 14:15:00,44.52,44.55,44.47,44.51,14359
2010-10-04 14:30:00,44.5,44.5,44.44,44.4868,14434
2010-10-04 14:45:00,44.48,44.5899,44.44,44.575,18414
2010-10-04 15:00:00,44.565,44.61,44.56,44.59,25521
2010-10-04 15:15:00,44.59,44.64,44.54,44.54,35712
2010-10-04 15:30:00,44.52,44.59,44.5,44.59,39782
2010-10-04 15:45:00,44.59,44.64,44.53,44.57,36078
2010-10-04 16:00:00,44.56,44.57,44.49,44.56,63337
2010-10-05 09:45:00,45.08,45.24,44.84,44.88,63178
2010-10-05 10:00:00,44.92,45.03,44.84,45.005,44247
2010-10-05 10:15:00,45.0,45.12,44.91,45.02,69397
2010-10-05 10:30:00,45.01,45.06,44.95,45.05,64444
2010-10-05 10:45:00,45.06,45.22,45.06,45.185,30127
2010-10-05 11:00:00,45.18,45.41,45.18,45.38,35307
2010-10-05 11:15:00,45.39,45.54,45.36,45.39,47565
2010-10-05 11:30:00,45.39,45.56,45.38,45.51,80402
2010-10-05 11:45:00,45.47,45.63,45.47,45.58,38166
2010-10-05 12:00:00,45.59,45.59,45.43,45.5,36107
2010-10-05 12:15:00,45.5,45.55,45.45,45.53,20664
2010-10-05 12:30:00,45.54,45.57,45.46,45.46,25268
2010-10-05 12:45:00,45.46,45.51,45.43,45.47,21800
2010-10-05 13:00:00,45.47,45.48,45.42,45.48,29185
2010-10-05 13:15:00,45.48,45.66,45.47,45.64,28194
2010-10-05 13:30:00,45.64,45.65,45.56,45.615,24788
2010-10-05 13:45:00,45.61,45.67,45.6,45.665,21060
2010-10-05 14:00:00,45.67,45.7,45.64,45.67,21330
2010-10-05 14:15:00,45.66,45.71,45.65,45.7,14930
2010-10-05 14:30:00,45.7,45.74,45.69,45.73,22892
2010-10-05 14:45:00,45.73,45.77,45.7,45.76,31292
2010-10-05 15:00:00,45.76,45.83,45.73,45.8,30450
2010-10-05 15:15:00,45.8,45.87,45.79,45.87,31144
2010-10-05 15:30:00,45.87,45.92,45.85,45.87,73127
2010-10-05 15:45:00,45.875,45.88,45.8,45.82,69938
2010-10-05 16:00:00,45.83,45.87,45.75,45.77,100665
2010-10-06 09:45:00,45.75,45.77,45.605,45.64,57045
2010-10-06 10:00:00,45.66,45.71,45.58,45.65,58131
2010-10-06 10:15:00,45.64,45.825,45.64,45.82,67090
2010-10-06 10:30:00,45.83,45.91,45.7,45.82,72743
2010-10-06 10:45:00,45.81,45.82,45.69,45.81,49340
2010-10-06 11:00:00,45.81,45.87,45.81,45.86,57155
2010-10-06 11:15:00,45.87,45.99,45.84,45.97,51092
2010-10-06 11:30:00,45.97,46.04,45.955,46.035,46144
2010-10-06 11:45:00,46.03,46.04,45.99,46.0002,23969
2010-10-06 12:00:00,45.99,46.0,45.91,45.97,24819
2010-10-06 12:15:00,45.97,46.0,45.94,45.98,20816
2010-10-06 12:30:00,45.98,45.98,45.87,45.9,23568
2010-10-06 12:45:00,45.88,45.88,45.805,45.84,18073
2010-10-06 13:00:00,45.85,45.86,45.68,45.7199,15967
2010-10-06 13:15:00,45.71,45.71,45.59,45.6,19012
2010-10-06 13:30:00,45.6,45.65,45.56,45.65,19196
2010-10-06 13:45:00,45.65,45.69,45.64,45.65,21847
2010-10-06 14:00:00,45.65,45.65,45.58,45.62,26790
2010-10-06 14:15:00,45.63,45.65,45.53,45.59,30910
2010-10-06 14:30:00,45.58,45.6,45.52,45.6,24159
2010-10-06 14:45:00,45.6,45.74,45.56,45.74,42363
2010-10-06 15:00:00,45.7327,45.84,45.72,45.83,37162
2010-10-06 15:15:00,45.81,45.815,45.72,45.74,29207
2010-10-06 15:30:00,45.742,45.77,45.72,45.72,55403
2010-10-06 15:45:00,45.72,45.73,45.63,45.695,54985
2010-10-06 16:00:00,45.7,45.8,45.67,45.79,71980
2010-10-07 09:45:00,46.01,46.1499,45.7,45.79,49678
2010-10-07 10:00:00,45.8,45.81,45.5,45.52,33419
2010-10-07 10:15:00,45.52,45.56,45.41,45.53,41749
2010-10-07 10:30:00,45.55,45.6,45.46,45.6,23845
2010-10-07 10:45:00,45.62,45.65,45.52,45.6,22554
2010-10-07 11:00:00,45.6,45.68,45.51,45.51,30713
2010-10-07 11:15:00,45.49,45.49,45.36,45.38,25520
2010-10-07 11:30:00,45.37,45.42,45.29,45.33,22936
2010-10-07 11:45:00,45.3499,45.44,45.34,45.3613,22276
2010-10-07 12:00:00,45.35,45.41,45.27,45.41,101855
2010-10-07 12:15:00,45.4,45.4,45.27,45.3,21299
2010-10-07 12:30:00,45.31,45.31,45.22,45.22,19928
2010-10-07 12:45:00,45.21,45.21,45.08,45.09,22377
2010-10-07 13:00:00,45.09,45.12,45.08,45.08,10124
2010-10-07 13:15:00,45.08,45.24,45.07,45.195,19092
2010-10-07 13:30:00,45.19,45.22,45.17,45.18,10019
2010-10-07 13:45:00,45.18,45.23,45.15,45.23,15580
2010-10-07 14:00:00,45.22,45.39,45.2,45.3602,18339
2010-10-07 14:15:00,45.38,45.41,45.29,45.38,14616
2010-10-07 14:30:00,45.4,45.42,45.34,45.38,15119
2010-10-07 14:45:00,45.39,45.39,45.33,45.35,15886
2010-10-07 15:00:00,45.34,45.41,45.31,45.39,22109
2010-10-07 15:15:00,45.4,45.44,45.38,45.43,23291
2010-10-07 15:30:00,45.44,45.47,45.34,45.36,22924
2010-10-07 15:45:00,45.34,45.41,45.3,45.4075,34493
2010-10-07 16:00:00,45.41,45.44,45.32,45.38,71984
2010-10-08 09:45:00,45.58,45.68,45.34,45.52,29658
2010-10-08 10:00:00,45.48,45.68,45.38,45.4775,32536
2010-10-08 10:15:00,45.48,45.56,45.35,45.35,21138
2010-10-08 10:30:00,45.37,45.44,45.1806,45.21,24362
2010-10-08 10:45:00,45.2,45.2361,45.16,45.2,28200
2010-10-08 11:00:00,45.2,45.2,45.09,45.19,19540
2010-10-08 11:15:00,45.19,45.2988,45.19,45.27,31009
2010-10-08 11:30:00,45.28,45.49,45.28,45.48,21575
2010-10-08 11:45:00,45.48,45.62,45.46,45.54,30293
2010-10-08 12:00:00,45.54,45.63,45.4902,45.62,32678
2010-10-08 12:15:00,45.62,45.62,45.51,45.53,23650
2010-10-08 12:30:00,45.53,45.55,45.45,45.45,17055
2010-10-08 12:45:00,45.4471,45.6,45.44,45.6,20417
2010-10-08 13:00:00,45.61,45.61,45.53,45.55,19513
2010-10-08 13:15:00,45.57,45.59,45.48,45.522,19714
2010-10-08 13:30:00,45.55,45.6,45.535,45.58,21149
2010-10-08 13:45:00,45.57,45.59,45.45,45.45,21949
2010-10-08 14:00:00,45.45,45.49,45.43,45.48,24273
2010-10-08 14:15:00,45.47,45.48,45.37,45.47,30795
2010-10-08 14:30:00,45.46,45.58,45.46,45.55,25904
2010-10-08 14:45:00,45.55,45.59,45.5,45.58,22193
2010-10-08 15:00:00,45.59,45.61,45.54,45.58,24769
2010-10-08 15:15:00,45.59,45.68,45.58,45.61,31929
2010-10-08 15:30:00,45.61,45.68,45.59,45.6,32958
2010-10-08 15:45:00,45.6,45.73,45.6,45.71,46982
2010-10-08 16:00:00,45.71,45.76,45.63,45.65,134560
2010-10-11 09:45:00,45.73,45.84,45.61,45.83,41679
2010-10-11 10:00:00,45.82,45.84,45.72,45.77,50009
2010-10-11 10:15:00,45.75,45.84,45.75,45.83,34265
2010-10-11 10:30:00,45.83,45.84,45.78,45.79,49874
2010-10-11 10:45:00,45.79,45.82,45.73,45.74,27302
2010-10-11 11:00:00,45.73,45.74,45.63,45.68,51297
2010-10-11 11:15:00,45.7,45.72,45.62,45.66,17850
2010-10-11 11:30:00,45.66,45.73,45.625,45.6713,13786
2010-10-11 11:45:00,45.67,45.77,45.66,45.7,17709
2010-10-11 12:00:00,45.705,45.76,45.7,45.715,15056
2010-10-11 12:15:00,45.73,45.74,45.6976,45.73,14673
2010-10-11 12:30:00,45.735,45.74,45.7,45.7,21361
2010-10-11 12:45:00,45.72,45.79,45.71,45.73,33349
2010-10-11 13:00:00,45.72,45.7901,45.72,45.7402,14989
2010-10-11 13:15:00,45.75,45.78,45.73,45.7569,11925
2010-10-11 13:30:00,45.773999999999994,45.84,45.773999999999994,45.83,22733
2010-10-11 13:45:00,45.84,45.89,45.82,45.89,19764
2010-10-11 14:00:00,45.88,45.95,45.86,45.95,15644
2010-10-11 14:15:00,45.9475,45.9475,45.918,45.94,13242
2010-10-11 14:30:00,45.94,45.96,45.93,45.95,11645
2010-10-11 14:45:00,45.96,46.0,45.96,46.0,15396
2010-10-11 15:00:00,46.0,46.03,45.99,45.99,29596
2010-10-11 15:15:00,45.99,46.0,45.92,45.93,35334
2010-10-11 15:30:00,45.93,45.94,45.84,45.84,34457
2010-10-11 15:45:00,45.84,45.88,45.76,45.81,52542
2010-10-11 16:00:00,45.82,45.94,45.81,45.91,81639
2010-10-12 09:45:00,45.86,45.86,45.4,45.52,23857
2010-10-12 10:00:00,45.48,45.4801,45.2,45.37,30842
2010-10-12 10:15:00,45.35,45.52,45.3,45.52,24316
2010-10-12 10:30:00,45.52,45.56,45.33,45.33,24530
2010-10-12 10:45:00,45.335,45.47,45.3326,45.44,50717
2010-10-12 11:00:00,45.45,45.6,45.445,45.53,48941
2010-10-12 11:15:00,45.53,45.625,45.5,45.55,19036
2010-10-12 11:30:00,45.55,45.6,45.5,45.57,31209
2010-10-12 11:45:00,45.58,45.5864,45.44,45.45,12817
2010-10-12 12:00:00,45.45,45.45,45.39,45.42,16506
2010-10-12 12:15:00,45.42,45.45,45.35,45.39,8881
2010-10-12 12:30:00,45.4,45.4495,45.38,45.39,13709
2010-10-12 12:45:00,45.39,45.48,45.39,45.48,11529
2010-10-12 13:00:00,45.48,45.5,45.45,45.49,9261
2010-10-12 13:15:00,45.47,45.5,45.43,45.45,8909
2010-10-12 13:30:00,45.45,45.5,45.4226,45.48,11702
2010-10-12 13:45:00,45.49,45.51,45.42,45.4325,13424
2010-10-12 14:00:00,45.4386,45.48,45.43,45.43,14815
2010-10-12 14:15:00,45.44,45.62,45.36,45.55,53126
2010-10-12 14:30:00,45.56,45.585,45.48,45.49,41444
2010-10-12 14:45:00,45.5,45.5,45.34,45.44,22809
2010-10-12 15:00:00,45.43,45.48,45.39,45.46,30668
2010-10-12 15:15:00,45.45,45.47,45.38,45.44,33967
2010-10-12 15:30:00,45.44,45.7,45.43,45.69,38598
2010-10-12 15:45:00,45.69,45.75,45.66,45.75,43453
2010-10-12 16:00:00,45.75,45.84,45.73,45.75,81547
2010-10-13 09:45:00,45.98,46.24,45.89,46.24,75505
2010-10-13 10:00:00,46.23,46.38,46.195,46.38,72257
2010-10-13 10:15:00,46.36,46.43,46.18,46.2,53515
2010-10-13 10:30:00,46.2,46.2892,46.11,46.27,28675
2010-10-13 10:45:00,46.28,46.42,46.27,46.29,19972
2010-10-13 11:00:00,46.28,46.41,46.17,46.41,45962
2010-10-13 11:15:00,46.43,46.49,46.38,46.42,63441
2010-10-13 11:30:00,46.41,46.41,46.34,46.35,16529
2010-10-13 11:45:00,46.37,46.42,46.35,46.36,6709
2010-10-13 12:00:00,46.37,46.4,46.3601,46.375,11140
2010-10-13 12:15:00,46.37,46.39,46.35,46.35,10078
2010-10-13 12:30:00,46.37,46.43,46.3625,46.4175,17086
2010-10-13 12:45:00,46.41,46.45,46.39,46.45,41312
2010-10-13 13:00:00,46.44,46.5,46.43,46.485,11051
2010-10-13 13:15:00,46.47,46.5,46.47,46.49,9196
2010-10-13 13:30:00,46.5,46.56,46.48,46.51,38359
2010-10-13 13:45:00,46.52,46.57,46.495,46.52,44881
2010-10-13 14:00:00,46.52,46.52,46.39,46.41,49729
2010-10-13 14:15:00,46.43,46.47,46.3787,46.45,23405
2010-10-13 14:30:00,46.4301,46.46,46.36,46.4,17959
2010-10-13 14:45:00,46.41,46.5,46.41,46.45,15736
2010-10-13 15:00:00,46.44,46.48,46.41,46.44,29274
2010-10-13 15:15:00,46.44,46.47,46.2654,46.2654,37732
2010-10-13 15:30:00,46.27,46.35,46.17,46.17,37252
2010-10-13 15:45:00,46.18,46.28,46.17,46.28,36500
2010-10-13 16:00:00,46.27,46.27,46.08,46.15,112498
2010-10-14 09:45:00,46.22,46.37,46.08,46.15,36644
2010-10-14 10:00:00,46.15,46.17,45.9,45.92,42650
2010-10-14 10:15:00,45.92,45.98,45.83,45.89,41353
2010-10-14 10:30:00,45.86,45.93,45.78,45.79,33567
2010-10-14 10:45:00,45.78,45.845,45.69,45.71,98593
2010-10-14 11:00:00,45.71,45.86,45.71,45.76,57398
2010-10-14 11:15:00,45.77,45.93,45.76,45.9,34912
2010-10-14 11:30:00,45.92,45.96,45.85,45.96,21260
2010-10-14 11:45:00,45.97,46.0699,45.94,45.99,35008
2010-10-14 12:00:00,45.98,46.02,45.94,45.98,24134
2010-10-14 12:15:00,45.99,46.0397,45.94,45.96,6273
2010-10-14 12:30:00,45.95,45.97,45.85,45.855,78799
2010-10-14 12:45:00,45.85,45.96,45.84,45.95,38357
2010-10-14 13:00:00,45.96,46.02,45.9499,45.98,16327
2010-10-14 13:15:00,46.0,46.0,45.93,45.96,37147
2010-10-14 13:30:00,45.9676,46.0,45.92,45.98,19503
2010-10-14 13:45:00,45.99,46.0,45.95,45.97,19973
2010-10-14 14:00:00,45.98,46.02,45.95,45.98,14689
2010-10-14 14:15:00,45.98,45.98,45.93,45.97,15950
2010-10-14 14:30:00,45.95,46.03,45.94,46.03,19138
2010-10-14 14:45:00,46.02,46.05,45.94,45.998000000000005,16443
2010-10-14 15:00:00,45.98,45.99,45.94,45.96,32252
2010-10-14 15:15:00,45.95,45.98,45.92,45.96,33618
2010-10-14 15:30:00,45.96,45.96,45.87,45.88,52130
2010-10-14 15:45:00,45.89,45.95,45.85,45.88,31660
2010-10-14 16:00:00,45.88,46.02,45.88,46.0,76119
2010-10-15 09:45:00,45.3,45.72,45.0,45.13,234053
2010-10-15 10:00:00,45.11,45.21,44.76,44.76,155671
2010-10-15 10:15:00,44.75,45.0,44.45,44.49,174196
2010-10-15 10:30:00,44.53,44.8,44.47,44.76,92378
2010-10-15 10:45:00,44.75,44.95,44.73,44.89,70201
2010-10-15 11:00:00,44.89,44.9,44.62,44.63,56745
2010-10-15 11:15:00,44.645,44.8,44.6,44.72,60130
2010-10-15 11:30:00,44.73,44.76,44.61,44.66,43276
2010-10-15 11:45:00,44.66,44.94,44.66,44.825,67102
2010-10-15 12:00:00,44.82,44.86,44.65,44.75,52198
2010-10-15 12:15:00,44.75,44.79,44.7,44.74,42846
2010-10-15 12:30:00,44.71,45.04,44.71,45.0,73727
2010-10-15 12:45:00,45.0,45.04,44.97,44.98,40347
2010-10-15 13:00:00,44.98,45.0298,44.93,44.95,36108
2010-10-15 13:15:00,44.96,45.13,44.96,45.1,51226
2010-10-15 13:30:00,45.09,45.1193,45.01,45.105,26712
2010-10-15 13:45:00,45.105,45.14,45.02,45.06,68690
2010-10-15 14:00:00,45.06,45.19,45.03,45.12,67744
2010-10-15 14:15:00,45.1275,45.2,45.053000000000004,45.2,58060
2010-10-15 14:30:00,45.19,45.24,45.16,45.23,89514
2010-10-15 14:45:00,45.21,45.23,45.09,45.11,43189
2010-10-15 15:00:00,45.11,45.1187,45.01,45.04,46256
2010-10-15 15:15:00,45.03,45.06,44.94,44.99,67439
2010-10-15 15:30:00,45.0,45.05,44.955,44.9599,88577
2010-10-15 15:45:00,44.96,45.04,44.935,45.01,154190
2010-10-15 16:00:00,45.04,45.2,44.98,45.06,364539
2010-10-18 09:45:00,47.94,48.78,47.2,47.82,566071
2010-10-18 10:00:00,47.751000000000005,47.8,46.98,47.13,286757
2010-10-18 10:15:00,47.13,47.62,47.09,47.4,127286
2010-10-18 10:30:00,47.4399,47.6,47.31,47.5899,87632
2010-10-18 10:45:00,47.59,47.62,47.39,47.43,86942
2010-10-18 11:00:00,47.4,47.41,47.05,47.06,105317
2010-10-18 11:15:00,47.06,47.1,46.73,46.87,305201
2010-10-18 11:30:00,46.87,47.055,46.77,46.94,182090
2010-10-18 11:45:00,46.94,47.11,46.87,47.02,100751
2010-10-18 12:00:00,47.02,47.3,47.02,47.18,78521
2010-10-18 12:15:00,47.175,47.175,46.89,46.96,74771
2010-10-18 12:30:00,46.96,47.105,46.93,47.05,55987
2010-10-18 12:45:00,47.03,47.11,46.93,47.02,33934
2010-10-18 13:00:00,47.01,47.075,46.99,47.01,32261
2010-10-18 13:15:00,47.01,47.12,47.01,47.115,49093
2010-10-18 13:30:00,47.1,47.15,47.03,47.05,37719
2010-10-18 13:45:00,47.06,47.225,47.05,47.05,46745
2010-10-18 14:00:00,47.05,47.085,46.98,47.0446,46956
2010-10-18 14:15:00,47.04,47.07,46.98,46.99,48158
2010-10-18 14:30:00,47.0,47.05,47.0,47.01,39789
2010-10-18 14:45:00,47.03,47.09,47.02,47.08,68821
2010-10-18 15:00:00,47.08,47.09,47.04,47.08,63546
2010-10-18 15:15:00,47.09,47.09,47.04,47.05,132906
2010-10-18 15:30:00,47.07,47.1,46.97,47.05,111497
2010-10-18 15:45:00,47.04,47.09,47.0,47.0,111287
2010-10-18 16:00:00,47.0,47.001000000000005,46.7,46.82,271365
2010-10-19 09:45:00,46.31,46.31,45.57,45.71,96225
2010-10-19 10:00:00,45.73,46.04,45.52,45.83,68554
2010-10-19 10:15:00,45.81,46.13,45.78,46.09,46895
2010-10-19 10:30:00,46.1,46.33,46.1,46.28,49578
2010-10-19 10:45:00,46.3099,46.41,46.28,46.38,41780
2010-10-19 11:00:00,46.38,46.6,46.36,46.44,63442
2010-10-19 11:15:00,46.43,46.52,46.39,46.52,39286
2010-10-19 11:30:00,46.4999,46.54,46.37,46.46,70412
2010-10-19 11:45:00,46.48,46.57,46.46,46.5,80566
2010-10-19 12:00:00,46.5,46.57,46.47,46.48,34516
2010-10-19 12:15:00,46.4899,46.53,46.42,46.44,32859
2010-10-19 12:30:00,46.45,46.489,46.37,46.38,23462
2010-10-19 12:45:00,46.3725,46.38,46.01,46.1,95373
2010-10-19 13:00:00,46.12,46.18,46.08,46.18,24652
2010-10-19 13:15:00,46.2,46.2,46.07,46.07,42574
2010-10-19 13:30:00,46.05,46.17,46.05,46.06,25612
2010-10-19 13:45:00,46.055,46.1,45.98,46.03,40202
2010-10-19 14:00:00,46.03,46.04,45.89,45.99,42105
2010-10-19 14:15:00,45.995,45.995,45.77,45.93,91773
2010-10-19 14:30:00,45.93,46.0,45.805,45.82,61029
2010-10-19 14:45:00,45.82,45.96,45.8,45.9,56615
2010-10-19 15:00:00,45.9,45.968999999999994,45.85,45.89,45951
2010-10-19 15:15:00,45.88,45.945,45.76,45.78,80434
2010-10-19 15:30:00,45.77,45.92,45.76,45.85,96640
2010-10-19 15:45:00,45.85,46.06,45.81,46.05,124761
2010-10-19 16:00:00,46.04,46.25,46.0,46.23,225594
2010-10-20 09:45:00,46.31,46.6,46.31,46.49,38838
2010-10-20 10:00:00,46.49,46.5,46.21,46.21,56473
2010-10-20 10:15:00,46.22,46.25,46.03,46.09,34467
2010-10-20 10:30:00,46.11,46.14,45.87,45.961999999999996,37650
2010-10-20 10:45:00,45.98,46.17,45.96,46.155,32346
2010-10-20 11:00:00,46.16,46.24,46.15,46.23,18883
2010-10-20 11:15:00,46.24,46.26,46.1101,46.14,27420
2010-10-20 11:30:00,46.15,46.2,46.13,46.1801,27127
2010-10-20 11:45:00,46.19,46.36,46.19,46.3,26670
2010-10-20 12:00:00,46.31,46.32,46.235,46.24,15660
2010-10-20 12:15:00,46.24,46.28,46.21,46.25,30115
2010-10-20 12:30:00,46.25,46.3,46.24,46.28,19841
2010-10-20 12:45:00,46.29,46.32,46.2,46.2,21914
2010-10-20 13:00:00,46.22,46.3,46.2,46.25,17428
2010-10-20 13:15:00,46.24,46.35,46.23,46.29,23613
2010-10-20 13:30:00,46.2905,46.305,46.21,46.23,33818
2010-10-20 13:45:00,46.23,46.31,46.15,46.2958,29199
2010-10-20 14:00:00,46.29,46.35,46.29,46.33,33870
2010-10-20 14:15:00,46.33,46.37,46.13,46.16,44017
2010-10-20 14:30:00,46.19,46.36,46.19,46.3238,61376
2010-10-20 14:45:00,46.33,46.4,46.32,46.395,64485
2010-10-20 15:00:00,46.39,46.4,46.26,46.35,38315
2010-10-20 15:15:00,46.3556,46.3556,46.25,46.295,49329
2010-10-20 15:30:00,46.29,46.365,46.28,46.355,37638
2010-10-20 15:45:00,46.35,46.36,46.18,46.25,89669
2010-10-20 16:00:00,46.26,46.36,46.18,46.23,226258
2010-10-21 09:45:00,46.42,46.42,46.14,46.26,47015
2010-10-21 10:00:00,46.25,46.26,45.98,46.05,44557
2010-10-21 10:15:00,46.04,46.14,45.9,46.13,64260
2010-10-21 10:30:00,46.11,46.11,45.99,46.05,45082
2010-10-21 10:45:00,46.06,46.11,45.97,45.97,34452
2010-10-21 11:00:00,45.97,46.04,45.92,46.03,27101
2010-10-21 11:15:00,46.03,46.03,45.91,45.95,45012
2010-10-21 11:30:00,45.96,45.97,45.76,45.84,38683
2010-10-21 11:45:00,45.84,45.87,45.61,45.68,78206
2010-10-21 12:00:00,45.67,45.91,45.65,45.91,53435
2010-10-21 12:15:00,45.9,45.93,45.71,45.71,51934
2010-10-21 12:30:00,45.72,45.94,45.71,45.94,19574
2010-10-21 12:45:00,45.94,45.94,45.71,45.736999999999995,30467
2010-10-21 13:00:00,45.72,45.74,45.63,45.74,23728
2010-10-21 13:15:00,45.75,45.8,45.72,45.76,23922
2010-10-21 13:30:00,45.76,45.77,45.716,45.75,45579
2010-10-21 13:45:00,45.75,45.8,45.6815,45.73,33763
2010-10-21 14:00:00,45.74,45.76,45.54,45.57,99008
2010-10-21 14:15:00,45.57,45.71,45.52,45.69,121045
2010-10-21 14:30:00,45.69,45.78,45.67,45.7274,24142
2010-10-21 14:45:00,45.71,45.77,45.66,45.73,42376
2010-10-21 15:00:00,45.74,45.82,45.68,45.73,31934
2010-10-21 15:15:00,45.75,45.755,45.62,45.66,74819
2010-10-21 15:30:00,45.67,45.815,45.67,45.755,54751
2010-10-21 15:45:00,45.76,45.8,45.63,45.63,98627
2010-10-21 16:00:00,45.63,45.71,45.55,45.7,190448
2010-10-22 09:45:00,45.76,45.99,45.76,45.955,25738
2010-10-22 10:00:00,46.0,46.0,45.8124,45.8124,29930
2010-10-22 10:15:00,45.8,45.84,45.7,45.76,40092
2010-10-22 10:30:00,45.79,45.99,45.79,45.99,28591
2010-10-22 10:45:00,45.98,45.99,45.95,45.99,31938
2010-10-22 11:00:00,45.9899,46.0,45.95,45.99,51973
2010-10-22 11:15:00,45.99,45.99,45.88,45.93,29262
2010-10-22 11:30:00,45.92,45.97,45.88,45.95,16953
2010-10-22 11:45:00,45.95,46.0,45.95,45.968,14747
2010-10-22 12:00:00,45.97,45.99,45.86,45.94,16512
2010-10-22 12:15:00,45.9299,46.0,45.9288,45.97,24716
2010-10-22 12:30:00,45.9799,46.03,45.95,46.0,25091
2010-10-22 12:45:00,46.0,46.0,45.87,45.88,32306
2010-10-22 13:00:00,45.89,45.95,45.82,45.87,16852
2010-10-22 13:15:00,45.88,45.9,45.82,45.88,20919
2010-10-22 13:30:00,45.888999999999996,45.98,45.87,45.9,34970
2010-10-22 13:45:00,45.88,45.89,45.8,45.86,19432
2010-10-22 14:00:00,45.87,45.89,45.8,45.83,14907
2010-10-22 14:15:00,45.83,45.92,45.82,45.91,20961
2010-10-22 14:30:00,45.92,45.99,45.91,45.985,20710
2010-10-22 14:45:00,45.99,46.0,45.94,46.0,25114
2010-10-22 15:00:00,46.0,46.0,45.95,45.96,28731
2010-10-22 15:15:00,45.93,46.0,45.91,45.94,32668
2010-10-22 15:30:00,45.94,45.99,45.94,45.97,24772
2010-10-22 15:45:00,45.98,46.005,45.93,45.935,53936
2010-10-22 16:00:00,45.94,46.0,45.92,45.99,125086
2010-10-25 09:45:00,46.12,46.73,46.12,46.5425,52185
2010-10-25 10:00:00,46.56,46.75,46.55,46.72,29080
2010-10-25 10:15:00,46.71,46.75,46.5,46.54,52009
2010-10-25 10:30:00,46.53,46.6,46.47,46.54,20297
2010-10-25 10:45:00,46.53,46.57,46.32,46.44,32268
2010-10-25 11:00:00,46.43,46.57,46.43,46.57,23211
2010-10-25 11:15:00,46.55,46.58,46.46,46.58,21697
2010-10-25 11:30:00,46.5694,46.58,46.48,46.51,20208
2010-10-25 11:45:00,46.51,46.588,46.5,46.57,20389
2010-10-25 12:00:00,46.57,46.6,46.52,46.57,10902
2010-10-25 12:15:00,46.55,46.57,46.46,46.56,13100
2010-10-25 12:30:00,46.55,46.56,46.46,46.55,24457
2010-10-25 12:45:00,46.55,46.555,46.48,46.55,19570
2010-10-25 13:00:00,46.5425,46.56,46.455,46.455,18108
2010-10-25 13:15:00,46.47,46.55,46.47,46.5,15659
2010-10-25 13:30:00,46.49,46.53,46.42,46.5,18161
2010-10-25 13:45:00,46.5,46.51,46.33,46.34,35623
2010-10-25 14:00:00,46.34,46.37,46.25,46.265,20274
2010-10-25 14:15:00,46.28,46.34,46.2,46.22,59725
2010-10-25 14:30:00,46.22,46.24,46.19,46.235,27129
2010-10-25 14:45:00,46.24,46.24,46.06,46.065,46797
2010-10-25 15:00:00,46.06,46.2,46.04,46.18,31401
2010-10-25 15:15:00,46.165,46.24,46.11,46.13,34806
2010-10-25 15:30:00,46.15,46.26,46.14,46.21,29810
2010-10-25 15:45:00,46.22,46.25,46.01,46.01,47544
2010-10-25 16:00:00,46.01,46.01,45.82,45.98,146617
2010-10-26 09:45:00,45.82,46.135,45.61,45.63,73643
2010-10-26 10:00:00,45.62,45.71,45.55,45.67,46191
2010-10-26 10:15:00,45.67,45.8,45.645,45.71,47286
2010-10-26 10:30:00,45.72,45.95,45.72,45.86,44857
2010-10-26 10:45:00,45.87,45.92,45.75,45.7501,42558
2010-10-26 11:00:00,45.76,45.87,45.7,45.83,51895
2010-10-26 11:15:00,45.81,45.84,45.59,45.62,57983
2010-10-26 11:30:00,45.63,45.93,45.62,45.92,31082
2010-10-26 11:45:00,45.91,45.94,45.8369,45.87,26092
2010-10-26 12:00:00,45.87,46.05,45.87,46.0,28425
2010-10-26 12:15:00,46.01,46.01,45.8701,45.8905,46539
2010-10-26 12:30:00,45.9,45.945,45.85,45.895,48775
2010-10-26 12:45:00,45.9,45.91,45.825,45.84,22537
2010-10-26 13:00:00,45.82,45.89,45.82,45.89,20602
2010-10-26 13:15:00,45.9,45.93,45.87,45.93,30403
2010-10-26 13:30:00,45.93,45.99,45.88,45.92,36667
2010-10-26 13:45:00,45.925,46.03,45.91,46.0,23450
2010-10-26 14:00:00,46.005,46.02,45.94,46.01,44955
2010-10-26 14:15:00,46.01,46.11,46.0,46.05,47794
2010-10-26 14:30:00,46.06,46.18,46.04,46.18,33621
2010-10-26 14:45:00,46.16,46.17,45.98,45.98,34863
2010-10-26 15:00:00,45.97,46.04,45.96,45.96,24518
2010-10-26 15:15:00,45.96,46.03,45.91,45.91,30120
2010-10-26 15:30:00,45.91,45.97,45.9,45.905,31103
2010-10-26 15:45:00,45.9,45.905,45.81,45.82,57992
2010-10-26 16:00:00,45.83,45.92,45.81,45.91,113296
2010-10-27 09:45:00,45.62,45.7,45.3078,45.34,37157
2010-10-27 10:00:00,45.33,45.47,45.26,45.47,26031
2010-10-27 10:15:00,45.47,45.65,45.47,45.605,44583
2010-10-27 10:30:00,45.62,45.68,45.35,45.35,28315
2010-10-27 10:45:00,45.34,45.39,45.3,45.35,16080
2010-10-27 11:00:00,45.37,45.44,45.29,45.32,27215
2010-10-27 11:15:00,45.32,45.45,45.3,45.44,62653
2010-10-27 11:30:00,45.44,45.52,45.44,45.47,39036
2010-10-27 11:45:00,45.47,45.67,45.46,45.65,39386
2010-10-27 12:00:00,45.65,45.75,45.64,45.67,27330
2010-10-27 12:15:00,45.67,45.68,45.53,45.605,20286
2010-10-27 12:30:00,45.61,45.62,45.5399,45.58,15422
2010-10-27 12:45:00,45.58,45.6,45.57,45.58,20496
2010-10-27 13:00:00,45.57,45.76,45.57,45.73,45924
2010-10-27 13:15:00,45.72,45.82,45.72,45.78,31477
2010-10-27 13:30:00,45.76,45.78,45.65,45.73,28782
2010-10-27 13:45:00,45.72,45.78,45.69,45.78,24589
2010-10-27 14:00:00,45.77,45.88,45.74,45.88,32649
2010-10-27 14:15:00,45.88,45.96,45.83,45.9487,38979
2010-10-27 14:30:00,45.95,45.95,45.88,45.91,28949
2010-10-27 14:45:00,45.9,45.98,45.89,45.9599,46394
2010-10-27 15:00:00,45.9595,45.97,45.87,45.87,15478
2010-10-27 15:15:00,45.8724,45.89,45.73,45.75,48372
2010-10-27 15:30:00,45.74,45.85,45.71,45.8,36684
2010-10-27 15:45:00,45.8,45.92,45.8,45.86,41658
2010-10-27 16:00:00,45.86,45.97,45.8,45.92,96592
2010-10-28 09:45:00,45.96,46.01,45.8,45.83,29034
2010-10-28 10:00:00,45.8201,46.01,45.76,45.94,14649
2010-10-28 10:15:00,45.95,46.04,45.879,45.88,22158
2010-10-28 10:30:00,45.88,45.93,45.77,45.9,56600
2010-10-28 10:45:00,45.9,45.93,45.73,45.84,25048
2010-10-28 11:00:00,45.85,45.89,45.7601,45.86,21542
2010-10-28 11:15:00,45.85,46.0,45.8495,45.99,31798
2010-10-28 11:30:00,45.99,45.99,45.81,45.83,24480
2010-10-28 11:45:00,45.81,45.82,45.58,45.6275,30045
2010-10-28 12:00:00,45.63,45.63,45.51,45.52,17304
2010-10-28 12:15:00,45.52,45.53,45.39,45.39,30378
2010-10-28 12:30:00,45.38,45.47,45.321000000000005,45.324,27980
2010-10-28 12:45:00,45.32,45.39,45.3,45.379,18245
2010-10-28 13:00:00,45.37,45.43,45.32,45.36,15276
2010-10-28 13:15:00,45.355,45.52,45.3,45.519,15653
2010-10-28 13:30:00,45.52,45.61,45.51,45.52,17726
2010-10-28 13:45:00,45.53,45.56,45.47,45.5,18746
2010-10-28 14:00:00,45.49,45.61,45.48,45.59,11856
2010-10-28 14:15:00,45.585,45.645,45.58,45.6,18200
2010-10-28 14:30:00,45.59,45.62,45.53,45.575,23999
2010-10-28 14:45:00,45.58,45.66,45.56,45.66,33906
2010-10-28 15:00:00,45.68,45.73,45.62,45.66,23794
2010-10-28 15:15:00,45.64,45.73,45.6,45.645,26414
2010-10-28 15:30:00,45.64,45.68,45.58,45.66,21395
2010-10-28 15:45:00,45.665,45.78,45.63,45.75,51773
2010-10-28 16:00:00,45.735,45.79,45.69,45.75,103085
2010-10-29 09:45:00,45.77,45.77,45.5,45.71,22371
2010-10-29 10:00:00,45.7,45.71,45.49,45.54,9275
2010-10-29 10:15:00,45.53,45.71,45.48,45.7,24571
2010-10-29 10:30:00,45.75,45.8,45.6904,45.76,8667
2010-10-29 10:45:00,45.7529,45.77,45.65,45.65,10443
2010-10-29 11:00:00,45.61,45.73,45.58,45.7,16550
2010-10-29 11:15:00,45.7,45.81,45.69,45.69,13800
2010-10-29 11:30:00,45.68,45.73,45.59,45.63,40085
2010-10-29 11:45:00,45.61,45.63,45.48,45.58,23389
2010-10-29 12:00:00,45.54,45.58,45.5,45.55,8400
2010-10-29 12:15:00,45.57,45.68,45.566,45.65,10425
2010-10-29 12:30:00,45.65,45.76,45.65,45.75,27059
2010-10-29 12:45:00,45.76,45.79,45.74,45.79,12020
2010-10-29 13:00:00,45.79,45.8,45.73,45.78,22123
2010-10-29 13:15:00,45.78,45.78,45.74,45.75,13123
2010-10-29 13:30:00,45.74,45.74,45.71,45.73,11300
2010-10-29 13:45:00,45.7226,45.78,45.66,45.78,21425
2010-10-29 14:00:00,45.76,45.88,45.76,45.86,26566
2010-10-29 14:15:00,45.86,45.86,45.76,45.8,37072
2010-10-29 14:30:00,45.8,45.88,45.78,45.813,27256
2010-10-29 14:45:00,45.82,45.82,45.75,45.81,8999
2010-10-29 15:00:00,45.8206,45.83,45.78,45.79,18713
2010-10-29 15:15:00,45.78,45.96,45.75,45.94,88782
2010-10-29 15:30:00,45.95,46.01,45.94,46.0,92826
2010-10-29 15:45:00,46.0,46.19,46.0,46.17,123064
2010-10-29 16:00:00,46.18,46.31,46.17,46.24,302865
2010-11-01 09:45:00,46.47,46.75,46.47,46.63,55641
2010-11-01 10:00:00,46.68,46.79,46.5,46.51,41035
2010-11-01 10:15:00,46.52,46.76,46.52,46.72,72944
2010-11-01 10:30:00,46.72,46.76,46.71,46.74,36236
2010-11-01 10:45:00,46.744,46.75,46.57,46.61,36245
2010-11-01 11:00:00,46.61,46.75,46.6,46.66,30485
2010-11-01 11:15:00,46.66,46.66,46.54,46.61,22208
2010-11-01 11:30:00,46.61,46.62,46.49,46.56,17710
2010-11-01 11:45:00,46.54,46.54,46.4,46.46,25050
2010-11-01 12:00:00,46.46,46.61,46.44,46.61,21710
2010-11-01 12:15:00,46.61,46.66,46.61,46.64,29261
2010-11-01 12:30:00,46.65,46.75,46.64,46.72,30766
2010-11-01 12:45:00,46.711000000000006,46.74,46.71,46.72,18789
2010-11-01 13:00:00,46.72,46.72,46.6,46.62,15116
2010-11-01 13:15:00,46.61,46.63,46.53,46.6,29662
2010-11-01 13:30:00,46.6025,46.63,46.54,46.56,19378
2010-11-01 13:45:00,46.57,46.68,46.57,46.67,18923
2010-11-01 14:00:00,46.68,46.71,46.64,46.66,17758
2010-11-01 14:15:00,46.66,46.69,46.6,46.69,27605
2010-11-01 14:30:00,46.69,46.71,46.66,46.67,31672
2010-11-01 14:45:00,46.65,46.66,46.48,46.53,25405
2010-11-01 15:00:00,46.53,46.56,46.5,46.54,31494
2010-11-01 15:15:00,46.543,46.56,46.26,46.28,50791
2010-11-01 15:30:00,46.27,46.41,46.25,46.41,50211
2010-11-01 15:45:00,46.4,46.47,46.39,46.44,68261
2010-11-01 16:00:00,46.45,46.68,46.45,46.62,112608
2010-11-02 09:45:00,46.98,47.0,46.72,46.91,116950
2010-11-02 10:00:00,46.92,46.99,46.82,46.99,83524
2010-11-02 10:15:00,46.98,47.08,46.93,47.01,107266
2010-11-02 10:30:00,47.0,47.19,47.0,47.0799,44816
2010-11-02 10:45:00,47.08,47.08,46.79,46.84,59445
2010-11-02 11:00:00,46.83,46.8599,46.76,46.81,50310
2010-11-02 11:15:00,46.82,46.98,46.78,46.93,28329
2010-11-02 11:30:00,46.95,47.03,46.95,47.0,21260
2010-11-02 11:45:00,47.0,47.02,46.99,47.01,38738
2010-11-02 12:00:00,47.0,47.05,46.9899,47.03,47262
2010-11-02 12:15:00,47.05,47.06,46.99,47.0,65825
2010-11-02 12:30:00,46.99,47.05,46.99,47.04,27218
2010-11-02 12:45:00,47.04,47.09,47.03,47.07,30212
2010-11-02 13:00:00,47.08,47.14,47.07,47.13,46691
2010-11-02 13:15:00,47.14,47.14,47.13,47.13,8842
2010-11-02 13:30:00,47.14,47.14,47.05,47.13,46447
2010-11-02 13:45:00,47.125,47.16,47.08,47.128,46957
2010-11-02 14:00:00,47.13,47.24,47.13,47.23,34547
2010-11-02 14:15:00,47.22,47.305,47.22,47.29,30141
2010-11-02 14:30:00,47.31,47.33,47.25,47.33,26653
2010-11-02 14:45:00,47.32,47.35,47.22,47.22,41273
2010-11-02 15:00:00,47.22,47.23,47.19,47.21,30080
2010-11-02 15:15:00,47.21,47.3,47.2,47.3,35534
2010-11-02 15:30:00,47.31,47.36,47.28,47.2898,33443
2010-11-02 15:45:00,47.28,47.33,47.26,47.29,54587
2010-11-02 16:00:00,47.3,47.4,47.27,47.31,112261
2010-11-03 09:45:00,47.41,47.48,47.15,47.2499,27558
2010-11-03 10:00:00,47.21,47.28,47.13,47.25,17888
2010-11-03 10:15:00,47.25,47.38,47.24,47.3475,38943
2010-11-03 10:30:00,47.34,47.44,47.33,47.33,27577
2010-11-03 10:45:00,47.35,47.48,47.33,47.36,24054
2010-11-03 11:00:00,47.35,47.49,47.33,47.45,24013
2010-11-03 11:15:00,47.45,47.49,47.28,47.28,18283
2010-11-03 11:30:00,47.28,47.32,47.22,47.26,18033
2010-11-03 11:45:00,47.27,47.42,47.25,47.4,26495
2010-11-03 12:00:00,47.4,47.43,47.38,47.43,21667
2010-11-03 12:15:00,47.42,47.49,47.32,47.49,52565
2010-11-03 12:30:00,47.49,47.49,47.44,47.465,43243
2010-11-03 12:45:00,47.46,47.51,47.4,47.41,51512
2010-11-03 13:00:00,47.41,47.445,47.37,47.37,24012
2010-11-03 13:15:00,47.39,47.39,47.31,47.33,10010
2010-11-03 13:30:00,47.34,47.35,47.3,47.33,13437
2010-11-03 13:45:00,47.32,47.38,47.25,47.31,19509
2010-11-03 14:00:00,47.32,47.32,47.22,47.23,22443
2010-11-03 14:15:00,47.21,47.33,47.09,47.22,30281
2010-11-03 14:30:00,47.26,47.47,46.88,46.97,62378
2010-11-03 14:45:00,46.96,47.22,46.82,47.22,49896
2010-11-03 15:00:00,47.22,47.35,47.13,47.29,38920
2010-11-03 15:15:00,47.31,47.41,47.25,47.26,43778
2010-11-03 15:30:00,47.27,47.36,47.22,47.26,36319
2010-11-03 15:45:00,47.25,47.3,47.12,47.12,52707
2010-11-03 16:00:00,47.11,47.21,47.06,47.16,171162
2010-11-04 09:45:00,47.56,47.56,47.3,47.3,67114
2010-11-04 10:00:00,47.315,47.32,47.09,47.13,56811
2010-11-04 10:15:00,47.13,47.2,47.07,47.07,47877
2010-11-04 10:30:00,47.07,47.07,46.8,46.82,97171
2010-11-04 10:45:00,46.83,46.98,46.81,46.97,58178
2010-11-04 11:00:00,46.975,47.2,46.975,47.15,40759
2010-11-04 11:15:00,47.1574,47.28,47.07,47.08,39041
2010-11-04 11:30:00,47.09,47.2,47.08,47.2,20863
2010-11-04 11:45:00,47.2,47.2,47.0701,47.0701,37733
2010-11-04 12:00:00,47.08,47.09,46.96,46.96,31411
2010-11-04 12:15:00,46.96,46.98,46.81,46.83,70662
2010-11-04 12:30:00,46.83,46.98,46.83,46.86,32352
2010-11-04 12:45:00,46.85,47.0,46.842,46.98,15289
2010-11-04 13:00:00,46.98,47.07,46.96,47.0405,27366
2010-11-04 13:15:00,47.06,47.1,47.04,47.07,21288
2010-11-04 13:30:00,47.06,47.17,47.02,47.17,19774
2010-11-04 13:45:00,47.17,47.17,47.01,47.01,29443
2010-11-04 14:00:00,47.0,47.03,46.95,47.01,27432
2010-11-04 14:15:00,47.0,47.07,46.99,47.07,23049
2010-11-04 14:30:00,47.0601,47.1,47.02,47.02,21484
2010-11-04 14:45:00,47.03,47.07,46.99,47.02,35242
2010-11-04 15:00:00,47.03,47.04,46.97,46.97,34681
2010-11-04 15:15:00,46.99,47.13,46.99,47.04,35910
2010-11-04 15:30:00,47.06,47.19,47.04,47.18,45361
2010-11-04 15:45:00,47.17,47.17,47.07,47.14,97855
2010-11-04 16:00:00,47.14,47.26,47.12,47.25,156521
2010-11-05 09:45:00,47.34,47.401,47.14,47.29,36485
2010-11-05 10:00:00,47.28,47.35,47.1,47.14,32354
2010-11-05 10:15:00,47.16,47.2,47.07,47.15,63664
2010-11-05 10:30:00,47.14,47.31,47.115,47.14,25840
2010-11-05 10:45:00,47.13,47.22,47.07,47.12,33125
2010-11-05 11:00:00,47.13,47.16,47.08,47.08,25775
2010-11-05 11:15:00,47.09,47.12,47.03,47.03,35625
2010-11-05 11:30:00,47.02,47.06,46.98,47.04,20210
2010-11-05 11:45:00,47.03,47.05,46.89,46.8913,22864
2010-11-05 12:00:00,46.9,46.96,46.84,46.85,16150
2010-11-05 12:15:00,46.84,46.93,46.84,46.8898,24773
2010-11-05 12:30:00,46.9,46.92,46.86,46.87,19117
2010-11-05 12:45:00,46.87,46.97,46.84,46.9,31143
2010-11-05 13:00:00,46.9,46.93,46.84,46.88,19441
2010-11-05 13:15:00,46.8865,47.14,46.8865,47.14,36087
2010-11-05 13:30:00,47.15,47.16,47.11,47.14,18453
2010-11-05 13:45:00,47.16,47.16,47.07,47.11,29066
2010-11-05 14:00:00,47.11,47.2,47.09,47.2,19956
2010-11-05 14:15:00,47.195,47.24,47.135,47.165,27430
2010-11-05 14:30:00,47.14,47.145,47.03,47.06,23354
2010-11-05 14:45:00,47.05,47.12,47.03,47.03,36774
2010-11-05 15:00:00,47.04,47.09,47.04,47.0799,20246
2010-11-05 15:15:00,47.08,47.12,47.04,47.04,19959
2010-11-05 15:30:00,47.04,47.08,47.02,47.06,32610
2010-11-05 15:45:00,47.06,47.095,47.0,47.045,40069
2010-11-05 16:00:00,47.05,47.26,47.045,47.24,109525
2010-11-08 09:45:00,47.09,47.27,46.94,46.94,32651
2010-11-08 10:00:00,47.0,47.04,46.8,46.85,20117
2010-11-08 10:15:00,46.85,47.03,46.8,47.02,18055
2010-11-08 10:30:00,47.013000000000005,47.08,47.013000000000005,47.02,23583
2010-11-08 10:45:00,47.02,47.08,46.97,47.05,14588
2010-11-08 11:00:00,47.06,47.1,46.93,46.93,22616
2010-11-08 11:15:00,46.92,46.97,46.85,46.95,20950
2010-11-08 11:30:00,46.95,47.06,46.95,47.06,12194
2010-11-08 11:45:00,47.06,47.09,47.05,47.09,11500
2010-11-08 12:00:00,47.1,47.2,47.09,47.13,12662
2010-11-08 12:15:00,47.14,47.18,47.14,47.16,12459
2010-11-08 12:30:00,47.18,47.26,47.1401,47.24,15020
2010-11-08 12:45:00,47.25,47.25,47.22,47.24,10465
2010-11-08 13:00:00,47.24,47.25,47.21,47.21,14496
2010-11-08 13:15:00,47.21,47.25,47.2,47.25,10622
2010-11-08 13:30:00,47.25,47.25,47.18,47.1894,18773
2010-11-08 13:45:00,47.19,47.2,47.1,47.1,14622
2010-11-08 14:00:00,47.1,47.11,47.07,47.07,17321
2010-11-08 14:15:00,47.0706,47.23,47.07,47.22,12682
2010-11-08 14:30:00,47.22,47.26,47.21,47.228,17087
2010-11-08 14:45:00,47.22,47.23,47.14,47.23,17214
2010-11-08 15:00:00,47.24,47.26,47.22,47.2451,17957
2010-11-08 15:15:00,47.25,47.32,47.24,47.32,33261
2010-11-08 15:30:00,47.31,47.36,47.31,47.3226,22894
2010-11-08 15:45:00,47.33,47.37,47.2,47.26,50124
2010-11-08 16:00:00,47.28,47.33,47.21,47.31,86669
2010-11-09 09:45:00,47.4,47.4595,47.11,47.16,38349
2010-11-09 10:00:00,47.1,47.24,47.04,47.12,40114
2010-11-09 10:15:00,47.11,47.22,47.02,47.13,20155
2010-11-09 10:30:00,47.13,47.19,47.04,47.07,10900
2010-11-09 10:45:00,47.04,47.09,47.0,47.09,13357
2010-11-09 11:00:00,47.0901,47.13,47.03,47.09,17023
2010-11-09 11:15:00,47.101000000000006,47.22,47.09,47.11,9972
2010-11-09 11:30:00,47.12,47.12,47.02,47.08,17632
2010-11-09 11:45:00,47.11,47.13,47.08,47.13,13532
2010-11-09 12:00:00,47.13,47.15,46.91,46.91,20166
2010-11-09 12:15:00,46.92,46.95,46.85,46.85,26243
2010-11-09 12:30:00,46.86,46.89,46.72,46.73,26466
2010-11-09 12:45:00,46.73,46.805,46.72,46.79,25629
2010-11-09 13:00:00,46.79,46.8,46.63,46.63,31947
2010-11-09 13:15:00,46.64,46.71,46.63,46.685,22502
2010-11-09 13:30:00,46.69,46.71,46.55,46.565,21610
2010-11-09 13:45:00,46.57,46.63,46.55,46.5699,24524
2010-11-09 14:00:00,46.56,46.64,46.51,46.56,19601
2010-11-09 14:15:00,46.57,46.62,46.54,46.6,24972
2010-11-09 14:30:00,46.6002,46.64,46.54,46.55,19206
2010-11-09 14:45:00,46.56,46.59,46.54,46.58,23850
2010-11-09 15:00:00,46.57,46.67,46.56,46.63,34460
2010-11-09 15:15:00,46.63,46.67,46.56,46.63,47373
2010-11-09 15:30:00,46.61,46.75,46.6,46.67,76677
2010-11-09 15:45:00,46.66,46.715,46.5,46.52,70096
2010-11-09 16:00:00,46.52,46.71,46.48,46.7,133076
2010-11-10 09:45:00,46.72,46.92,46.62,46.84,52824
2010-11-10 10:00:00,46.86,46.88,46.4,46.48,50655
2010-11-10 10:15:00,46.4701,46.71,46.47,46.7,66101
2010-11-10 10:30:00,46.72,46.74,46.44,46.44,45658
2010-11-10 10:45:00,46.43,46.57,46.41,46.44,44258
2010-11-10 11:00:00,46.43,46.68,46.43,46.65,41230
2010-11-10 11:15:00,46.6501,46.66,46.5,46.58,19134
2010-11-10 11:30:00,46.56,46.6,46.53,46.58,36400
2010-11-10 11:45:00,46.58,46.65,46.56,46.57,32185
2010-11-10 12:00:00,46.5763,46.71,46.57,46.71,39817
2010-11-10 12:15:00,46.7,46.86,46.68,46.81,36719
2010-11-10 12:30:00,46.8,46.81,46.718,46.72,27827
2010-11-10 12:45:00,46.72,46.77,46.675,46.73,27995
2010-11-10 13:00:00,46.725,46.83,46.72,46.73,27405
2010-11-10 13:15:00,46.72,46.73,46.6,46.65,27366
2010-11-10 13:30:00,46.64,46.83,46.62,46.7799,22815
2010-11-10 13:45:00,46.775,46.8,46.66,46.67,30839
2010-11-10 14:00:00,46.65,46.66,46.57,46.59,36529
2010-11-10 14:15:00,46.58,46.86,46.58,46.76,34661
2010-11-10 14:30:00,46.75,46.77,46.62,46.72,25476
2010-11-10 14:45:00,46.73,46.74,46.59,46.61,40602
2010-11-10 15:00:00,46.61,46.64,46.57,46.61,32253
2010-11-10 15:15:00,46.605,46.62,46.555,46.58,52045
2010-11-10 15:30:00,46.58,46.615,46.54,46.57,50143
2010-11-10 15:45:00,46.57,46.58,46.495,46.58,53493
2010-11-10 16:00:00,46.58,46.59,46.51,46.52,148309
2010-11-11 09:45:00,46.32,46.42,46.28,46.315,43671
2010-11-11 10:00:00,46.31,46.58,46.27,46.58,21689
2010-11-11 10:15:00,46.57,46.65,46.46,46.62,22604
2010-11-11 10:30:00,46.63,46.77,46.6,46.72,23744
2010-11-11 10:45:00,46.68,46.69,46.5,46.52,68485
2010-11-11 11:00:00,46.52,46.61,46.435,46.55,26714
2010-11-11 11:15:00,46.56,46.6,46.37,46.39,19514
2010-11-11 11:30:00,46.42,46.51,46.42,46.47,26580
2010-11-11 11:45:00,46.47,46.62,46.47,46.6,61568
2010-11-11 12:00:00,46.6,46.945,46.6,46.93,59734
2010-11-11 12:15:00,46.92,47.05,46.92,47.03,31766
2010-11-11 12:30:00,47.05,47.115,46.97,46.97,20605
2010-11-11 12:45:00,46.99,47.0799,46.98,47.04,38301
2010-11-11 13:00:00,47.03,47.07,47.03,47.03,22850
2010-11-11 13:15:00,47.03,47.17,47.02,47.15,30880
2010-11-11 13:30:00,47.16,47.1776,47.12,47.14,21672
2010-11-11 13:45:00,47.14,47.37,47.13,47.34,54089
2010-11-11 14:00:00,47.34,47.43,47.32,47.425,57145
2010-11-11 14:15:00,47.41,47.42,47.29,47.4,52439
2010-11-11 14:30:00,47.39,47.45,47.32,47.321000000000005,37107
2010-11-11 14:45:00,47.33,47.4,47.27,47.27,35587
2010-11-11 15:00:00,47.27,47.3247,47.18,47.18,23580
2010-11-11 15:15:00,47.18,47.19,47.09,47.09,50684
2010-11-11 15:30:00,47.09,47.2,47.08,47.19,42432
2010-11-11 15:45:00,47.19,47.19,47.05,47.17,69158
2010-11-11 16:00:00,47.17,47.29,47.16,47.26,89684
2010-11-12 09:45:00,47.0,47.13,46.61,47.13,28553
2010-11-12 10:00:00,47.18,47.22,47.03,47.21,13886
2010-11-12 10:15:00,47.17,47.1887,47.0,47.08,9898
2010-11-12 10:30:00,47.09,47.24,47.03,47.05,18546
2010-11-12 10:45:00,47.04,47.06,46.91,47.0,19689
2010-11-12 11:00:00,47.01,47.04,46.85,46.86,10362
2010-11-12 11:15:00,46.8602,46.92,46.75,46.81,12803
2010-11-12 11:30:00,46.81,46.9,46.75,46.85,9675
2010-11-12 11:45:00,46.89,46.915,46.86,46.86,5037
2010-11-12 12:00:00,46.85,46.85,46.69,46.7,16347
2010-11-12 12:15:00,46.70399999999999,46.72,46.67,46.67,10908
2010-11-12 12:30:00,46.66,46.67,46.56,46.56,9768
2010-11-12 12:45:00,46.54,46.65,46.5,46.65,14131
2010-11-12 13:00:00,46.62,46.7,46.57,46.67,19426
2010-11-12 13:15:00,46.67,46.785,46.64,46.78,10148
2010-11-12 13:30:00,46.78,46.93,46.75,46.91,25208
2010-11-12 13:45:00,46.9,46.99,46.85,46.99,14720
2010-11-12 14:00:00,46.99,46.99,46.87,46.88,17871
2010-11-12 14:15:00,46.87,46.875,46.7701,46.8577,19559
2010-11-12 14:30:00,46.845,46.9,46.82,46.82,19818
2010-11-12 14:45:00,46.81,46.855,46.76,46.835,14923
2010-11-12 15:00:00,46.83,47.0199,46.83,46.9398,34811
2010-11-12 15:15:00,46.93,47.04,46.88,46.94,14955
2010-11-12 15:30:00,46.93,47.01,46.82,46.86,21012
2010-11-12 15:45:00,46.86,46.94,46.79,46.8,26457
2010-11-12 16:00:00,46.82,46.88,46.78,46.83,61823
2010-11-15 09:45:00,47.07,47.08,46.68,46.76,49393
2010-11-15 10:00:00,46.81,47.025,46.74,46.74,30068
2010-11-15 10:15:00,46.75,46.92,46.75,46.92,20693
2010-11-15 10:30:00,46.91,46.98,46.86,46.895,13845
2010-11-15 10:45:00,46.92,47.035,46.905,47.0099,7319
2010-11-15 11:00:00,46.99,47.03,46.84,46.88,9370
2010-11-15 11:15:00,46.89,46.95,46.81,46.95,13305
2010-11-15 11:30:00,46.95,46.96,46.89,46.9,6989
2010-11-15 11:45:00,46.91,47.06,46.9,47.06,22911
2010-11-15 12:00:00,47.05,47.15,47.04,47.14,9452
2010-11-15 12:15:00,47.14,47.16,46.98,46.99,30306
2010-11-15 12:30:00,46.985,47.07,46.905,47.045,22382
2010-11-15 12:45:00,47.045,47.1,47.01,47.06,14317
2010-11-15 13:00:00,47.05,47.16,47.05,47.15,11213
2010-11-15 13:15:00,47.13,47.13,47.03,47.07,7841
2010-11-15 13:30:00,47.06,47.15,47.06,47.14,9029
2010-11-15 13:45:00,47.11,47.17,47.1,47.15,8607
2010-11-15 14:00:00,47.15,47.17,47.07,47.07,7762
2010-11-15 14:15:00,47.05,47.0742,46.92,46.96,30153
2010-11-15 14:30:00,46.97,46.97,46.82,46.83,7572
2010-11-15 14:45:00,46.84,46.861999999999995,46.79,46.86,8916
2010-11-15 15:00:00,46.86,46.92,46.85,46.89,7244
2010-11-15 15:15:00,46.91,46.91,46.81,46.83,13845
2010-11-15 15:30:00,46.81,46.81,46.7099,46.75,34907
2010-11-15 15:45:00,46.75,46.84,46.74,46.78,26386
2010-11-15 16:00:00,46.76,46.77,46.62,46.69,42672
2010-11-16 09:45:00,46.41,47.02,46.4,46.94,45215
2010-11-16 10:00:00,46.88,47.15,46.75,46.95,33906
2010-11-16 10:15:00,46.91,47.12,46.8,47.0,44751
2010-11-16 10:30:00,46.98,47.06,46.8,46.89,31986
2010-11-16 10:45:00,46.88,46.88,46.49,46.66,43272
2010-11-16 11:00:00,46.66,46.68,46.525,46.65,23351
2010-11-16 11:15:00,46.65,46.65,46.31,46.36,25504
2010-11-16 11:30:00,46.37,46.38,46.18,46.24,23185
2010-11-16 11:45:00,46.25,46.32,46.0,46.0,20146
2010-11-16 12:00:00,45.99,46.155,45.92,46.155,15205
2010-11-16 12:15:00,46.15,46.24,46.04,46.24,11932
2010-11-16 12:30:00,46.24,46.28,46.09,46.09,7623
2010-11-16 12:45:00,46.1,46.16,46.03,46.13,11936
2010-11-16 13:00:00,46.14,46.2,46.03,46.2,14348
2010-11-16 13:15:00,46.18,46.19,46.07,46.08,7929
2010-11-16 13:30:00,46.09,46.18,46.03,46.18,8490
2010-11-16 13:45:00,46.18,46.18,46.105,46.13,9791
2010-11-16 14:00:00,46.13,46.2,46.04,46.16,15150
2010-11-16 14:15:00,46.16,46.18,46.09,46.11,12450
2010-11-16 14:30:00,46.12,46.14,45.95,45.99,20374
2010-11-16 14:45:00,46.0,46.0,45.77,45.82,25574
2010-11-16 15:00:00,45.82,45.92,45.8,45.86,23504
2010-11-16 15:15:00,45.86,45.89,45.77,45.79,28235
2010-11-16 15:30:00,45.79,45.85,45.71,45.76,35349
2010-11-16 15:45:00,45.76,45.86,45.76,45.85,79625
2010-11-16 16:00:00,45.85,46.0,45.83,45.93,94993
2010-11-17 09:45:00,45.77,45.96,45.69,45.725,25922
2010-11-17 10:00:00,45.7,46.09,45.68,46.05,18580
2010-11-17 10:15:00,46.01,46.12,46.01,46.1,14802
2010-11-17 10:30:00,46.11,46.31,46.11,46.31,16742
2010-11-17 10:45:00,46.3,46.343999999999994,46.175,46.23,18126
2010-11-17 11:00:00,46.26,46.26,46.13,46.1572,12719
2010-11-17 11:15:00,46.14,46.23,46.11,46.23,18400
2010-11-17 11:30:00,46.24,46.31,46.15,46.2,30734
2010-11-17 11:45:00,46.19,46.34,46.19,46.29,20925
2010-11-17 12:00:00,46.28,46.4,46.2,46.4,13650
2010-11-17 12:15:00,46.3925,46.45,46.34,46.38,11454
2010-11-17 12:30:00,46.3727,46.41,46.27,46.32,10524
2010-11-17 12:45:00,46.31,46.37,46.3,46.36,12878
2010-11-17 13:00:00,46.36,46.41,46.31,46.37,12669
2010-11-17 13:15:00,46.34,46.41,46.31,46.39,10373
2010-11-17 13:30:00,46.39,46.44,46.35,46.44,12286
2010-11-17 13:45:00,46.45,46.48,46.42,46.45,22052
2010-11-17 14:00:00,46.45,46.49,46.4,46.46,24827
2010-11-17 14:15:00,46.4501,46.53,46.45,46.51,11633
2010-11-17 14:30:00,46.51,46.53,46.47,46.49,15388
2010-11-17 14:45:00,46.5,46.51,46.48,46.49,23088
2010-11-17 15:00:00,46.5,46.508,46.46,46.47,41908
2010-11-17 15:15:00,46.48,46.48,46.34,46.34,20507
2010-11-17 15:30:00,46.34,46.43,46.2649,46.28,24239
2010-11-17 15:45:00,46.28,46.43,46.28,46.35,26415
2010-11-17 16:00:00,46.36,46.46,46.355,46.4,60841
2010-11-18 09:45:00,47.08,47.14,46.95,47.0,29167
2010-11-18 10:00:00,47.0,47.02,46.9203,47.0,30723
2010-11-18 10:15:00,47.02,47.339,47.02,47.28,26538
2010-11-18 10:30:00,47.28,47.55,47.26,47.52,35511
2010-11-18 10:45:00,47.49,47.5061,47.3601,47.39,17277
2010-11-18 11:00:00,47.39,47.47,47.32,47.37,28471
2010-11-18 11:15:00,47.38,47.48,47.3501,47.3501,14597
2010-11-18 11:30:00,47.37,47.4,47.3346,47.37,20228
2010-11-18 11:45:00,47.38,47.38,47.32,47.36,25394
2010-11-18 12:00:00,47.36,47.41,47.3342,47.4,11216
2010-11-18 12:15:00,47.41,47.52,47.41,47.47,18083
2010-11-18 12:30:00,47.48,47.5,47.47,47.49,6527
2010-11-18 12:45:00,47.47,47.47,47.44,47.45,9219
2010-11-18 13:00:00,47.46,47.51,47.45,47.47,13799
2010-11-18 13:15:00,47.46,47.48,47.45,47.45,9730
2010-11-18 13:30:00,47.46,47.48,47.44,47.46,15000
2010-11-18 13:45:00,47.47,47.48,47.44,47.48,18593
2010-11-18 14:00:00,47.47,47.48,47.43,47.43,21907
2010-11-18 14:15:00,47.44,47.48,47.43,47.46,31978
2010-11-18 14:30:00,47.46,47.5,47.43,47.5,40486
2010-11-18 14:45:00,47.49,47.5,47.46,47.47,15457
2010-11-18 15:00:00,47.47,47.52,47.46,47.48,33014
2010-11-18 15:15:00,47.47,47.51,47.41,47.44,21902
2010-11-18 15:30:00,47.45,47.45,47.31,47.38,20469
2010-11-18 15:45:00,47.38,47.39,47.18,47.23,40069
2010-11-18 16:00:00,47.23,47.24,47.17,47.22,61541
2010-11-19 09:45:00,47.22,47.49,47.14,47.38,132182
2010-11-19 10:00:00,47.36,47.41,47.2,47.32,28155
2010-11-19 10:15:00,47.34,47.35,47.07,47.28,16566
2010-11-19 10:30:00,47.3,47.31,47.15,47.26,9223
2010-11-19 10:45:00,47.24,47.46,47.23,47.46,16586
2010-11-19 11:00:00,47.44,47.47,47.34,47.35,11295
2010-11-19 11:15:00,47.33,47.49,47.33,47.4,31282
2010-11-19 11:30:00,47.41,47.5,47.4,47.48,12570
2010-11-19 11:45:00,47.5,47.5176,47.4675,47.5176,39392
2010-11-19 12:00:00,47.51,47.54,47.49,47.49,7076
2010-11-19 12:15:00,47.5,47.51,47.46,47.48,10537
2010-11-19 12:30:00,47.47,47.49,47.41,47.42,25506
2010-11-19 12:45:00,47.41,47.43,47.37,47.42,8310
2010-11-19 13:00:00,47.42,47.55,47.41,47.53,11943
2010-11-19 13:15:00,47.55,47.63,47.55,47.59,9440
2010-11-19 13:30:00,47.6,47.6099,47.57,47.595,6102
2010-11-19 13:45:00,47.6,47.65,47.59,47.63,5379
2010-11-19 14:00:00,47.6499,47.66,47.63,47.65,11414
2010-11-19 14:15:00,47.65,47.66,47.56,47.58,42027
2010-11-19 14:30:00,47.6,47.6299,47.5753,47.5753,20095
2010-11-19 14:45:00,47.58,47.59,47.5701,47.59,15044
2010-11-19 15:00:00,47.59,47.62,47.58,47.6026,22328
2010-11-19 15:15:00,47.5994,47.61,47.57,47.57,20053
2010-11-19 15:30:00,47.57,47.66,47.55,47.65,18116
2010-11-19 15:45:00,47.6501,47.67,47.6099,47.63,43200
2010-11-19 16:00:00,47.63,47.79,47.63,47.76,95028
2010-11-22 09:45:00,47.71,47.7295,47.36,47.49,72915
2010-11-22 10:00:00,47.46,47.8,47.44,47.76,30581
2010-11-22 10:15:00,47.77,47.78,47.62,47.62,26803
2010-11-22 10:30:00,47.625,47.64,47.5,47.52,26902
2010-11-22 10:45:00,47.46,47.47,47.35,47.37,33386
2010-11-22 11:00:00,47.37,47.42,47.28,47.33,29974
2010-11-22 11:15:00,47.34,47.4,47.2801,47.36,30265
2010-11-22 11:30:00,47.36,47.42,47.34,47.4,18233
2010-11-22 11:45:00,47.42,47.42,47.33,47.3798,20591
2010-11-22 12:00:00,47.38,47.41,47.31,47.34,17856
2010-11-22 12:15:00,47.34,47.37,47.28,47.306000000000004,30484
2010-11-22 12:30:00,47.3,47.33,47.12,47.12,31374
2010-11-22 12:45:00,47.1,47.13,47.06,47.09,26543
2010-11-22 13:00:00,47.09,47.16,47.06,47.15,22931
2010-11-22 13:15:00,47.15,47.19,47.0502,47.16,28364
2010-11-22 13:30:00,47.18,47.19,47.1,47.17,15084
2010-11-22 13:45:00,47.17,47.37,47.17,47.33,24800
2010-11-22 14:00:00,47.33,47.46,47.3,47.35,33205
2010-11-22 14:15:00,47.34,47.34,47.18,47.22,75338
2010-11-22 14:30:00,47.21,47.26,47.132,47.132,47256
2010-11-22 14:45:00,47.14,47.18,47.13,47.15,54907
2010-11-22 15:00:00,47.15,47.27,47.15,47.19,68112
2010-11-22 15:15:00,47.19,47.22,47.15,47.16,76031
2010-11-22 15:30:00,47.16,47.19,47.01,47.03,74770
2010-11-22 15:45:00,47.03,47.19,46.97,47.17,84681
2010-11-22 16:00:00,47.16,47.28,47.16,47.24,106254
2010-11-23 09:45:00,46.78,46.97,46.55,46.82,41323
2010-11-23 10:00:00,46.81,46.93,46.67,46.71,27932
2010-11-23 10:15:00,46.71,46.98,46.628,46.82,28098
2010-11-23 10:30:00,46.8419,47.03,46.82,46.94,13200
2010-11-23 10:45:00,46.92,47.13,46.92,47.05,22465
2010-11-23 11:00:00,47.07,47.1,46.88,46.97,22875
2010-11-23 11:15:00,46.96,46.96,46.76,46.8,29433
2010-11-23 11:30:00,46.8,46.84,46.73,46.73,25407
2010-11-23 11:45:00,46.73,46.83,46.72,46.76,24591
2010-11-23 12:00:00,46.77,46.85,46.75,46.84,20376
2010-11-23 12:15:00,46.84,46.8825,46.73,46.85,23733
2010-11-23 12:30:00,46.84,46.87,46.79,46.82,8370
2010-11-23 12:45:00,46.83,46.87,46.76,46.84,16332
2010-11-23 13:00:00,46.86,46.9,46.79,46.847,8670
2010-11-23 13:15:00,46.85,46.91,46.82,46.83,16132
2010-11-23 13:30:00,46.83,46.96,46.78,46.96,22857
2010-11-23 13:45:00,46.96,47.01,46.87,46.92,11957
2010-11-23 14:00:00,46.91,46.94,46.85,46.88,17335
2010-11-23 14:15:00,46.9,47.04,46.87,46.97,35191
2010-11-23 14:30:00,46.97,46.98,46.87,46.91,23418
2010-11-23 14:45:00,46.9,46.93,46.83,46.89,32860
2010-11-23 15:00:00,46.9,46.97,46.86,46.93,28595
2010-11-23 15:15:00,46.93,47.03,46.91,47.03,41412
2010-11-23 15:30:00,47.04,47.04,46.97,47.04,38533
2010-11-23 15:45:00,47.04,47.18,47.01,47.17,58867
2010-11-23 16:00:00,47.16,47.26,47.12,47.19,132888
2010-11-24 09:45:00,47.62,47.82,47.55,47.82,62155
2010-11-24 10:00:00,47.82,47.85,47.61,47.66,23585
2010-11-24 10:15:00,47.65,47.68,47.54,47.56,29646
2010-11-24 10:30:00,47.57,47.69,47.56,47.635,25627
2010-11-24 10:45:00,47.64,47.66,47.61,47.65,16362
2010-11-24 11:00:00,47.66,47.69,47.53,47.56,25682
2010-11-24 11:15:00,47.56,47.599,47.46,47.46,25341
2010-11-24 11:30:00,47.43,47.49,47.42,47.465,20144
2010-11-24 11:45:00,47.49,47.56,47.47,47.47,18220
2010-11-24 12:00:00,47.49,47.5,47.43,47.5,14165
2010-11-24 12:15:00,47.51,47.55,47.49,47.53,17371
2010-11-24 12:30:00,47.52,47.57,47.51,47.56,15117
2010-11-24 12:45:00,47.56,47.61,47.55,47.55,16244
2010-11-24 13:00:00,47.55,47.59,47.55,47.56,12843
2010-11-24 13:15:00,47.55,47.61,47.55,47.605,17590
2010-11-24 13:30:00,47.605,47.68,47.6,47.64,23870
2010-11-24 13:45:00,47.65,47.68,47.6,47.6,19307
2010-11-24 14:00:00,47.6,47.68,47.59,47.59,74105
2010-11-24 14:15:00,47.595,47.62,47.5,47.53,19076
2010-11-24 14:30:00,47.53,47.53,47.46,47.48,15586
2010-11-24 14:45:00,47.47,47.5175,47.45,47.47,23771
2010-11-24 15:00:00,47.47,47.49,47.41,47.41,18380
2010-11-24 15:15:00,47.41,47.4986,47.41,47.49,21567
2010-11-24 15:30:00,47.49,47.5,47.43,47.47,33311
2010-11-24 15:45:00,47.47,47.54,47.45,47.53,58934
2010-11-24 16:00:00,47.52,47.603,47.45,47.57,96657
2010-11-26 09:45:00,47.3,47.31,47.01,47.3,42842
2010-11-26 10:00:00,47.31,47.48,47.29,47.48,25329
2010-11-26 10:15:00,47.47,47.52,47.32,47.48,43175
2010-11-26 10:30:00,47.48,47.65,47.44,47.6,51506
2010-11-26 10:45:00,47.59,47.67,47.59,47.6,18458
2010-11-26 11:00:00,47.6,47.63,47.58,47.606,35750
2010-11-26 11:15:00,47.59,47.66,47.58,47.5975,22386
2010-11-26 11:30:00,47.59,47.67,47.58,47.61,30880
2010-11-26 11:45:00,47.61,47.63,47.51,47.6,67795
2010-11-26 12:00:00,47.59,47.66,47.59,47.65,18966
2010-11-26 12:15:00,47.6474,47.66,47.58,47.63,25580
2010-11-26 12:30:00,47.64,47.67,47.6,47.63,31231
2010-11-26 12:45:00,47.62,47.71,47.59,47.71,50753
2010-11-26 13:00:00,47.7,47.8,47.67,47.7,131089
2010-11-26 13:15:00,47.72,47.72,47.69,47.69,24733
2010-11-29 09:45:00,47.25,47.29,46.85,47.12,90347
2010-11-29 10:00:00,47.1199,47.26,46.85,46.98,163197
2010-11-29 10:15:00,46.98,47.0,46.5,46.76,146410
2010-11-29 10:30:00,46.75,46.95,46.75,46.89,83920
2010-11-29 10:45:00,46.898,47.04,46.83,46.92,62372
2010-11-29 11:00:00,46.9,47.01,46.84,46.9,49576
2010-11-29 11:15:00,46.92,47.07,46.87,47.04,35553
2010-11-29 11:30:00,47.045,47.16,47.02,47.15,71090
2010-11-29 11:45:00,47.14,47.15,47.043,47.0775,45447
2010-11-29 12:00:00,47.08,47.15,47.05,47.12,37310
2010-11-29 12:15:00,47.12,47.22,47.1,47.15,73560
2010-11-29 12:30:00,47.15,47.24,47.12,47.18,36216
2010-11-29 12:45:00,47.15,47.16,47.05,47.104,28221
2010-11-29 13:00:00,47.11,47.13,46.96,46.97,19651
2010-11-29 13:15:00,46.98,46.98,46.84,46.87,16036
2010-11-29 13:30:00,46.86,46.88,46.76,46.79,23885
2010-11-29 13:45:00,46.79,46.7998,46.68,46.77,33596
2010-11-29 14:00:00,46.79,46.87,46.72,46.815,30744
2010-11-29 14:15:00,46.82,46.96,46.81,46.92,35609
2010-11-29 14:30:00,46.92,47.06,46.89,47.0525,28004
2010-11-29 14:45:00,47.055,47.18,47.03,47.14,64977
2010-11-29 15:00:00,47.14,47.23,47.14,47.21,47071
2010-11-29 15:15:00,47.21,47.23,47.15,47.16,61890
2010-11-29 15:30:00,47.16,47.27,47.16,47.25,54377
2010-11-29 15:45:00,47.25,47.27,47.13,47.19,68306
2010-11-29 16:00:00,47.19,47.21,47.01,47.03,150382
2010-11-30 09:45:00,46.8,46.99,46.6375,46.85,92577
2010-11-30 10:00:00,46.86,47.03,46.75,47.01,44469
2010-11-30 10:15:00,47.02,47.08,46.83,46.98,47866
2010-11-30 10:30:00,47.02,47.33,47.01,47.28,38841
2010-11-30 10:45:00,47.27,47.33,47.21,47.29,41743
2010-11-30 11:00:00,47.3,47.33,47.16,47.3,42706
2010-11-30 11:15:00,47.306999999999995,47.42,47.2,47.2,43000
2010-11-30 11:30:00,47.2,47.28,47.16,47.23,51708
2010-11-30 11:45:00,47.24,47.42,47.17,47.41,40176
2010-11-30 12:00:00,47.41,47.61,47.37,47.495,55086
2010-11-30 12:15:00,47.48,47.64,47.47,47.62,40937
2010-11-30 12:30:00,47.6325,47.71,47.56,47.71,48381
2010-11-30 12:45:00,47.72,47.82,47.64,47.81,69426
2010-11-30 13:00:00,47.83,47.95,47.79,47.88,65610
2010-11-30 13:15:00,47.86,47.99,47.84,47.93,40654
2010-11-30 13:30:00,47.92,47.99,47.91,47.95,27550
2010-11-30 13:45:00,47.96,47.99,47.87,47.875,40078
2010-11-30 14:00:00,47.87,47.99,47.85,47.95,38986
2010-11-30 14:15:00,47.96,47.98,47.83,47.84,71353
2010-11-30 14:30:00,47.84,47.84,47.57,47.61,55549
2010-11-30 14:45:00,47.61,47.66,47.55,47.61,59894
2010-11-30 15:00:00,47.6,47.7,47.55,47.62,68403
2010-11-30 15:15:00,47.62,47.77,47.62,47.76,73101
2010-11-30 15:30:00,47.75,47.89,47.73,47.82,68851
2010-11-30 15:45:00,47.82,47.86,47.7,47.76,98233
2010-11-30 16:00:00,47.75,47.78,47.615,47.66,237191
2010-12-01 09:45:00,48.13,48.25,47.94,48.25,132598
2010-12-01 10:00:00,48.2958,48.5,48.27,48.47,58670
2010-12-01 10:15:00,48.47,48.5,48.13,48.28,49032
2010-12-01 10:30:00,48.28,48.32,48.17,48.2,23255
2010-12-01 10:45:00,48.21,48.28,48.17,48.25,49162
2010-12-01 11:00:00,48.25,48.3,48.13,48.24,30188
2010-12-01 11:15:00,48.25,48.25,48.05,48.06,43192
2010-12-01 11:30:00,48.07,48.14,48.04,48.1,15924
2010-12-01 11:45:00,48.09,48.11,48.03,48.04,20590
2010-12-01 12:00:00,48.04,48.25,47.99,48.2,41988
2010-12-01 12:15:00,48.2,48.29,48.16,48.19,23123
2010-12-01 12:30:00,48.19,48.19,48.08,48.1,23869
2010-12-01 12:45:00,48.12,48.14,48.08,48.11,7788
2010-12-01 13:00:00,48.11,48.12,48.08,48.1,13021
2010-12-01 13:15:00,48.11,48.2,48.11,48.2,15478
2010-12-01 13:30:00,48.195,48.21,48.05,48.05,44644
2010-12-01 13:45:00,48.05,48.1,47.98,48.04,27197
2010-12-01 14:00:00,48.03,48.05,47.97,47.99,15132
2010-12-01 14:15:00,48.0,48.01,47.94,47.99,19964
2010-12-01 14:30:00,48.0,48.04,47.99,48.01,23473
2010-12-01 14:45:00,48.02,48.09,48.02,48.08,13462
2010-12-01 15:00:00,48.09,48.1,48.04,48.06,23534
2010-12-01 15:15:00,48.06,48.08,48.01,48.05,17685
2010-12-01 15:30:00,48.06,48.09,48.03,48.07,26292
2010-12-01 15:45:00,48.07,48.08,48.0,48.0,31427
2010-12-01 16:00:00,48.01,48.01,47.74,47.78,334690
2010-12-02 09:45:00,47.93,48.2,47.81,47.98,35111
2010-12-02 10:00:00,47.96,48.05,47.79,48.05,28651
2010-12-02 10:15:00,48.06,48.2,48.06,48.17,21457
2010-12-02 10:30:00,48.18,48.21,48.01,48.06,36873
2010-12-02 10:45:00,48.07,48.2,48.06,48.15,21656
2010-12-02 11:00:00,48.16,48.38,48.1475,48.38,53308
2010-12-02 11:15:00,48.4,48.5,48.36,48.47,84168
2010-12-02 11:30:00,48.47,48.6,48.47,48.56,44520
2010-12-02 11:45:00,48.58,48.63,48.55,48.62,39191
2010-12-02 12:00:00,48.61,48.68,48.575,48.62,21775
2010-12-02 12:15:00,48.61,48.64,48.59,48.63,15130
2010-12-02 12:30:00,48.63,48.79,48.63,48.76,53165
2010-12-02 12:45:00,48.75,48.84,48.75,48.84,38044
2010-12-02 13:00:00,48.84,48.84,48.81,48.82,23854
2010-12-02 13:15:00,48.815,48.84,48.79,48.83,33353
2010-12-02 13:30:00,48.83,48.85,48.77,48.845,24176
2010-12-02 13:45:00,48.84,48.92,48.82,48.846000000000004,40818
2010-12-02 14:00:00,48.84,48.94,48.84,48.88,24380
2010-12-02 14:15:00,48.88,48.98,48.88,48.98,27891
2010-12-02 14:30:00,48.99,49.02,48.89,48.91,47401
2010-12-02 14:45:00,48.91,48.92,48.87,48.895,30800
2010-12-02 15:00:00,48.89,48.93,48.89,48.89,40039
2010-12-02 15:15:00,48.9,48.905,48.81,48.85,46755
2010-12-02 15:30:00,48.85,48.9,48.8,48.88,29930
2010-12-02 15:45:00,48.89,48.985,48.88,48.97,56553
2010-12-02 16:00:00,48.97,49.05,48.91,49.01,165126
2010-12-03 09:45:00,48.78,49.02,48.72,48.8,74400
2010-12-03 10:00:00,48.79,48.92,48.7,48.85,43780
2010-12-03 10:15:00,48.84,49.16,48.84,48.98,93581
2010-12-03 10:30:00,48.95,49.04,48.8,48.92,29360
2010-12-03 10:45:00,48.93,49.05,48.88,48.895,34949
2010-12-03 11:00:00,48.895,48.92,48.87,48.9,31614
2010-12-03 11:15:00,48.9,48.93,48.86,48.9,36691
2010-12-03 11:30:00,48.91,49.02,48.87,48.89,31926
2010-12-03 11:45:00,48.89,48.96,48.87,48.95,23018
2010-12-03 12:00:00,48.94,49.0,48.87,48.95,39039
2010-12-03 12:15:00,48.95,49.06,48.95,49.0,17366
2010-12-03 12:30:00,49.0,49.04,48.94,49.04,13276
2010-12-03 12:45:00,49.03,49.1,48.98,49.04,35002
2010-12-03 13:00:00,49.04,49.08,49.0,49.04,27275
2010-12-03 13:15:00,49.05,49.08,49.01,49.03,22793
2010-12-03 13:30:00,49.03,49.1,49.03,49.07,21373
2010-12-03 13:45:00,49.08,49.14,49.07,49.13,14416
2010-12-03 14:00:00,49.14,49.1562,49.11,49.1562,17922
2010-12-03 14:15:00,49.16,49.25,49.15,49.24,20714
2010-12-03 14:30:00,49.24,49.33,49.24,49.33,24013
2010-12-03 14:45:00,49.3125,49.3325,49.26,49.32,22165
2010-12-03 15:00:00,49.32,49.37,49.31,49.35,24507
2010-12-03 15:15:00,49.35,49.36,49.22,49.27,39324
2010-12-03 15:30:00,49.27,49.3,49.24,49.29,32832
2010-12-03 15:45:00,49.29,49.39,49.25,49.35,62563
2010-12-03 16:00:00,49.36,49.5,49.32,49.37,114124
2010-12-06 09:45:00,49.4,49.6648,49.38,49.54,70380
2010-12-06 10:00:00,49.55,49.58,49.36,49.46,39910
2010-12-06 10:15:00,49.46,49.46,49.28,49.3,44217
2010-12-06 10:30:00,49.3,49.38,49.12,49.22,44339
2010-12-06 10:45:00,49.22,49.23,49.09,49.1,29735
2010-12-06 11:00:00,49.08,49.17,49.01,49.06,23290
2010-12-06 11:15:00,49.05,49.16,49.04,49.11,25272
2010-12-06 11:30:00,49.1,49.23,49.07,49.23,19879
2010-12-06 11:45:00,49.24,49.26,49.16,49.26,22686
2010-12-06 12:00:00,49.26,49.29,49.19,49.27,20522
2010-12-06 12:15:00,49.28,49.32,49.22,49.3161,85873
2010-12-06 12:30:00,49.31,49.33,49.22,49.27,60346
2010-12-06 12:45:00,49.2898,49.33,49.24,49.33,32334
2010-12-06 13:00:00,49.34,49.35,49.25,49.31,42534
2010-12-06 13:15:00,49.31,49.34,49.27,49.28,24317
2010-12-06 13:30:00,49.27,49.3676,49.255,49.35,25061
2010-12-06 13:45:00,49.35,49.41,49.33,49.38,14324
2010-12-06 14:00:00,49.37,49.39,49.325,49.34,17530
2010-12-06 14:15:00,49.34,49.35,49.26,49.27,20079
2010-12-06 14:30:00,49.27,49.29,49.19,49.19,23788
2010-12-06 14:45:00,49.19,49.37,49.17,49.35,29250
2010-12-06 15:00:00,49.36,49.38,49.33,49.35,19955
2010-12-06 15:15:00,49.35,49.39,49.35,49.37,24799
2010-12-06 15:30:00,49.38,49.39,49.34,49.35,33121
2010-12-06 15:45:00,49.35,49.39,49.3275,49.3275,58954
2010-12-06 16:00:00,49.32,49.37,49.26,49.28,90223
2010-12-07 09:45:00,49.73,49.75,49.62,49.7,40880
2010-12-07 10:00:00,49.72,49.8052,49.7001,49.72,24369
2010-12-07 10:15:00,49.6801,49.76,49.61,49.665,22600
2010-12-07 10:30:00,49.66,49.86,49.65,49.79,30638
2010-12-07 10:45:00,49.77,49.806000000000004,49.71,49.77,35229
2010-12-07 11:00:00,49.78,49.81,49.73,49.79,18515
2010-12-07 11:15:00,49.8,49.97,49.79,49.97,62135
2010-12-07 11:30:00,49.97,50.005,49.85,50.0,73285
2010-12-07 11:45:00,50.0,50.06,49.86,49.9999,46796
2010-12-07 12:00:00,50.0,50.02,49.87,49.94,20964
2010-12-07 12:15:00,49.93,49.99,49.87,49.94,57121
2010-12-07 12:30:00,49.9301,49.94,49.85,49.9,51605
2010-12-07 12:45:00,49.91,50.04,49.91,49.98,34660
2010-12-07 13:00:00,49.97,50.07,49.95,50.05,20828
2010-12-07 13:15:00,50.05,50.0687,49.955,49.96,13019
2010-12-07 13:30:00,49.986999999999995,50.08,49.97,50.08,24136
2010-12-07 13:45:00,50.0738,50.0738,49.94,49.955,24347
2010-12-07 14:00:00,49.96,50.05,49.96,50.01,17432
2010-12-07 14:15:00,50.0073,50.06,49.98,50.02,24440
2010-12-07 14:30:00,50.0,50.06,49.99,50.05,14015
2010-12-07 14:45:00,50.06,50.17,50.05,50.12,35911
2010-12-07 15:00:00,50.12,50.12,49.8,49.86,35103
2010-12-07 15:15:00,49.85,49.96,49.83,49.89,41467
2010-12-07 15:30:00,49.9,49.91,49.74,49.83,38282
2010-12-07 15:45:00,49.83,49.9,49.75,49.75,43528
2010-12-07 16:00:00,49.74,49.78,49.64,49.72,69727
2010-12-08 09:45:00,49.8,49.97,49.69,49.9,39555
2010-12-08 10:00:00,49.8999,50.0,49.65,49.78,33468
2010-12-08 10:15:00,49.79,49.79,49.5601,49.62,44700
2010-12-08 10:30:00,49.65,49.7,49.56,49.67,27637
2010-12-08 10:45:00,49.67,49.67,49.4,49.47,21799
2010-12-08 11:00:00,49.468999999999994,49.58,49.4624,49.58,14433
2010-12-08 11:15:00,49.57,49.7,49.56,49.7,13777
2010-12-08 11:30:00,49.72,49.79,49.72,49.725,16464
2010-12-08 11:45:00,49.73,49.73,49.63,49.67,8458
2010-12-08 12:00:00,49.69,49.93,49.69,49.8901,64077
2010-12-08 12:15:00,49.91,50.01,49.86,49.86,15063
2010-12-08 12:30:00,49.84,49.84,49.73,49.75,9057
2010-12-08 12:45:00,49.73,49.83,49.73,49.79,17190
2010-12-08 13:00:00,49.8,49.83,49.66,49.71,11079
2010-12-08 13:15:00,49.68,49.91,49.68,49.88,14017
2010-12-08 13:30:00,49.86,49.8642,49.6701,49.68,24309
2010-12-08 13:45:00,49.68,49.81,49.66,49.7607,23131
2010-12-08 14:00:00,49.77,49.7799,49.7,49.71,10979
2010-12-08 14:15:00,49.72,49.74,49.64,49.73,14513
2010-12-08 14:30:00,49.72,49.78,49.68,49.69,13078
2010-12-08 14:45:00,49.7,49.76,49.69,49.73,28393
2010-12-08 15:00:00,49.74,49.77,49.6,49.61,21380
2010-12-08 15:15:00,49.6,49.64,49.47,49.485,38205
2010-12-08 15:30:00,49.49,49.53,49.4326,49.44,23760
2010-12-08 15:45:00,49.44,49.5,49.41,49.46,38180
2010-12-08 16:00:00,49.45,49.5,49.41,49.44,106290
2010-12-09 09:45:00,49.7,49.7,49.41,49.41,17284
2010-12-09 10:00:00,49.45,49.66,49.38,49.66,8645
2010-12-09 10:15:00,49.64,49.64,49.51,49.52,8210
2010-12-09 10:30:00,49.51,49.56,49.19,49.225,41130
2010-12-09 10:45:00,49.24,49.29,49.1,49.15,28259
2010-12-09 11:00:00,49.14,49.19,49.1,49.17,17985
2010-12-09 11:15:00,49.19,49.27,49.15,49.25,15748
2010-12-09 11:30:00,49.25,49.278,49.19,49.22,23222
2010-12-09 11:45:00,49.23,49.2793,49.11,49.11,10898
2010-12-09 12:00:00,49.11,49.1799,49.03,49.1799,20486
2010-12-09 12:15:00,49.18,49.26,49.18,49.24,9789
2010-12-09 12:30:00,49.24,49.26,49.2142,49.23,9547
2010-12-09 12:45:00,49.23,49.24,49.14,49.21,16986
2010-12-09 13:00:00,49.21,49.28,49.19,49.271,13376
2010-12-09 13:15:00,49.25,49.35,49.21,49.325,13781
2010-12-09 13:30:00,49.34,49.36,49.24,49.25,13389
2010-12-09 13:45:00,49.25,49.28,49.17,49.215,8001
2010-12-09 14:00:00,49.21,49.27,49.18,49.25,8320
2010-12-09 14:15:00,49.25,49.26,49.15,49.16,10653
2010-12-09 14:30:00,49.16,49.2,49.15,49.16,8862
2010-12-09 14:45:00,49.16,49.18,49.13,49.14,11091
2010-12-09 15:00:00,49.14,49.23,49.12,49.2,16095
2010-12-09 15:15:00,49.21,49.29,49.2,49.27,9855
2010-12-09 15:30:00,49.28,49.3,49.2,49.2,14809
2010-12-09 15:45:00,49.2,49.39,49.19,49.37,29461
2010-12-09 16:00:00,49.36,49.43,49.35,49.4,70538
2010-12-10 09:45:00,49.68,49.81,49.61,49.64,44997
2010-12-10 10:00:00,49.64,49.75,49.619,49.635,25441
2010-12-10 10:15:00,49.63,49.67,49.43,49.46,42922
2010-12-10 10:30:00,49.45,49.56,49.43,49.56,6554
2010-12-10 10:45:00,49.56,49.61,49.35,49.52,46729
2010-12-10 11:00:00,49.51,49.57,49.46,49.52,5573
2010-12-10 11:15:00,49.52,49.61,49.46,49.46,4537
2010-12-10 11:30:00,49.46,49.46,49.33,49.41,6657
2010-12-10 11:45:00,49.37,49.39,49.35,49.39,4553
2010-12-10 12:00:00,49.36,49.49,49.36,49.48,3618
2010-12-10 12:15:00,49.48,49.58,49.48,49.57,5085
2010-12-10 12:30:00,49.57,49.62,49.52,49.6,5550
2010-12-10 12:45:00,49.61,49.71,49.59,49.66,19586
2010-12-10 13:00:00,49.66,49.72,49.66,49.66,18892
2010-12-10 13:15:00,49.66,49.6861,49.63,49.63,10278
2010-12-10 13:30:00,49.65,49.72,49.63,49.64,13721
2010-12-10 13:45:00,49.631,49.73,49.63,49.7,17388
2010-12-10 14:00:00,49.73,49.78,49.67,49.7648,7128
2010-12-10 14:15:00,49.74,49.77,49.71,49.71,7698
2010-12-10 14:30:00,49.71,49.75,49.66,49.66,7100
2010-12-10 14:45:00,49.68,49.68,49.64,49.665,11995
2010-12-10 15:00:00,49.65,49.65,49.6,49.61,13082
2010-12-10 15:15:00,49.6,49.62,49.55,49.56399999999999,12382
2010-12-10 15:30:00,49.55,49.58,49.52,49.58,15301
2010-12-10 15:45:00,49.57,49.64,49.56,49.63,27236
2010-12-10 16:00:00,49.62,49.66,49.57,49.6399,63876
2010-12-13 09:45:00,49.95,49.95,49.3252,49.6,78373
2010-12-13 10:00:00,49.56,49.6,49.16,49.16,65462
2010-12-13 10:15:00,49.16,49.21,49.01,49.04,53979
2010-12-13 10:30:00,49.04,49.16,49.01,49.13,39740
2010-12-13 10:45:00,49.12,49.15,48.98,48.99,36270
2010-12-13 11:00:00,48.99,49.1,48.9899,49.08,25892
2010-12-13 11:15:00,49.08,49.08,48.94,48.94,25369
2010-12-13 11:30:00,48.94,48.94,48.83,48.84,20198
2010-12-13 11:45:00,48.8415,48.8415,48.74,48.74,30889
2010-12-13 12:00:00,48.74,48.78,48.71,48.72,19420
2010-12-13 12:15:00,48.72,48.74,48.65,48.7,24197
2010-12-13 12:30:00,48.7,48.8,48.69,48.7,20195
2010-12-13 12:45:00,48.705,48.75,48.65,48.7201,38244
2010-12-13 13:00:00,48.73,48.74,48.67,48.7,24551
2010-12-13 13:15:00,48.71,48.75,48.67,48.7,34520
2010-12-13 13:30:00,48.71,48.72,48.67,48.71,12597
2010-12-13 13:45:00,48.7,48.7002,48.65,48.6674,26159
2010-12-13 14:00:00,48.65,48.74,48.64,48.74,12460
2010-12-13 14:15:00,48.7399,48.75,48.67,48.68,17187
2010-12-13 14:30:00,48.68,48.69,48.64,48.65,17807
2010-12-13 14:45:00,48.65,48.68,48.585,48.6,43251
2010-12-13 15:00:00,48.59,48.6,48.5,48.5,25042
2010-12-13 15:15:00,48.51,48.52,48.41,48.48,34198
2010-12-13 15:30:00,48.49,48.53,48.43,48.465,42634
2010-12-13 15:45:00,48.47,48.525,48.43,48.48,70672
2010-12-13 16:00:00,48.47,48.51,48.37,48.44,185437
2010-12-14 09:45:00,48.5,48.98,48.5,48.96,44428
2010-12-14 10:00:00,48.94,49.185,48.88,49.175,32243
2010-12-14 10:15:00,49.18,49.52,49.17,49.48,70751
2010-12-14 10:30:00,49.46,49.51,49.33,49.45,29404
2010-12-14 10:45:00,49.45,49.75,49.445,49.72,54919
2010-12-14 11:00:00,49.73,49.74,49.52,49.53,23199
2010-12-14 11:15:00,49.52,49.52,49.32,49.33,25870
2010-12-14 11:30:00,49.33,49.33,49.13,49.235,37821
2010-12-14 11:45:00,49.26,49.32,49.22,49.29,20818
2010-12-14 12:00:00,49.27,49.32,49.23,49.26,17814
2010-12-14 12:15:00,49.255,49.32,49.255,49.26,11302
2010-12-14 12:30:00,49.2699,49.27,49.19,49.2,7487
2010-12-14 12:45:00,49.2,49.24,49.17,49.19,13880
2010-12-14 13:00:00,49.2,49.24,49.15,49.15,11968
2010-12-14 13:15:00,49.16,49.23,49.15,49.21,26126
2010-12-14 13:30:00,49.22,49.227,49.19,49.2199,4877
2010-12-14 13:45:00,49.21,49.26,49.17,49.25,11665
2010-12-14 14:00:00,49.23,49.254,49.21,49.22,6177
2010-12-14 14:15:00,49.215,49.2499,49.12,49.17,23705
2010-12-14 14:30:00,49.16,49.27,49.1184,49.155,21485
2010-12-14 14:45:00,49.15,49.25,49.05,49.07,21904
2010-12-14 15:00:00,49.02,49.09,49.02,49.07,28020
2010-12-14 15:15:00,49.08,49.09,49.01,49.01,24751
2010-12-14 15:30:00,49.0,49.005,48.72,48.72,71564
2010-12-14 15:45:00,48.73,48.815,48.61,48.61,49199
2010-12-14 16:00:00,48.62,48.8,48.62,48.7899,93484
2010-12-15 09:45:00,48.92,48.92,48.68,48.72,32042
2010-12-15 10:00:00,48.73,48.9,48.73,48.88,7819
2010-12-15 10:15:00,48.89,48.99,48.87,48.95,11833
2010-12-15 10:30:00,48.94,48.97,48.8474,48.86,8161
2010-12-15 10:45:00,48.89,48.97,48.88,48.9,11909
2010-12-15 11:00:00,48.9361,48.98,48.91,48.97,4277
2010-12-15 11:15:00,48.96,49.0,48.92,48.93,16182
2010-12-15 11:30:00,48.89,48.9208,48.81,48.92,9533
2010-12-15 11:45:00,48.91,48.92,48.81,48.81,8694
2010-12-15 12:00:00,48.8,48.8,48.69,48.73,21073
2010-12-15 12:15:00,48.725,48.74,48.69,48.69,22167
2010-12-15 12:30:00,48.68,48.71,48.66,48.69,3817
2010-12-15 12:45:00,48.68,48.73,48.65,48.66,8471
2010-12-15 13:00:00,48.63,48.66,48.5,48.56,21440
2010-12-15 13:15:00,48.58,48.71,48.56,48.7,23339
2010-12-15 13:30:00,48.69,48.7,48.63,48.645,17816
2010-12-15 13:45:00,48.64,48.65,48.56,48.58,23063
2010-12-15 14:00:00,48.58,48.65,48.58,48.645,12005
2010-12-15 14:15:00,48.64,48.66,48.55,48.61,17726
2010-12-15 14:30:00,48.6015,48.61,48.5,48.55,28298
2010-12-15 14:45:00,48.55,48.57,48.46,48.46,38985
2010-12-15 15:00:00,48.46,48.5884,48.44,48.47,17898
2010-12-15 15:15:00,48.4701,48.55,48.47,48.549,28994
2010-12-15 15:30:00,48.55,48.71,48.52,48.71,36631
2010-12-15 15:45:00,48.71,48.84,48.69,48.73,87636
2010-12-15 16:00:00,48.73,48.73,48.56,48.67,105124
2010-12-16 09:45:00,48.74,48.83,48.69,48.76,19376
2010-12-16 10:00:00,48.765,48.765,48.53,48.53,16625
2010-12-16 10:15:00,48.53,48.7,48.49,48.62,33583
2010-12-16 10:30:00,48.62,48.77,48.62,48.69,22875
2010-12-16 10:45:00,48.7,48.77,48.66,48.75,18826
2010-12-16 11:00:00,48.745,48.77,48.72,48.75,22037
2010-12-16 11:15:00,48.75,48.89,48.6775,48.89,27189
2010-12-16 11:30:00,48.89,49.1,48.89,49.05,22265
2010-12-16 11:45:00,49.04,49.08,48.99,49.07,14111
2010-12-16 12:00:00,49.07,49.15,49.025,49.14,22690
2010-12-16 12:15:00,49.13,49.15,49.05,49.09,19564
2010-12-16 12:30:00,49.093,49.11,49.05,49.06,11048
2010-12-16 12:45:00,49.06,49.22,49.04,49.21,22162
2010-12-16 13:00:00,49.225,49.275,49.19,49.25,26724
2010-12-16 13:15:00,49.24,49.26,49.1398,49.16,16007
2010-12-16 13:30:00,49.15,49.23,49.14,49.21,20091
2010-12-16 13:45:00,49.21,49.32,49.165,49.291000000000004,25855
2010-12-16 14:00:00,49.29,49.31,49.19,49.2,21410
2010-12-16 14:15:00,49.21,49.32,49.21,49.31,25458
2010-12-16 14:30:00,49.32,49.33,49.22,49.28,23161
2010-12-16 14:45:00,49.28,49.29,49.2,49.25,30337
2010-12-16 15:00:00,49.2426,49.27,49.18,49.24,24687
2010-12-16 15:15:00,49.24,49.38,49.24,49.32,32510
2010-12-16 15:30:00,49.32,49.36,49.23,49.31,33580
2010-12-16 15:45:00,49.31,49.35,49.25,49.3,43513
2010-12-16 16:00:00,49.29,49.295,49.22,49.26,109840
2010-12-17 09:45:00,49.34,49.49,49.15,49.15,173796
2010-12-17 10:00:00,49.17,49.24,49.04,49.11,22041
2010-12-17 10:15:00,49.12,49.15,48.97,49.14,24433
2010-12-17 10:30:00,49.13,49.2,49.1,49.1,17482
2010-12-17 10:45:00,49.1,49.12,48.98,48.99,18031
2010-12-17 11:00:00,48.98,49.12,48.97,49.08,26731
2010-12-17 11:15:00,49.11,49.19,49.05,49.19,12139
2010-12-17 11:30:00,49.195,49.26,49.17,49.22,16196
2010-12-17 11:45:00,49.22,49.27,49.22,49.24,11968
2010-12-17 12:00:00,49.24,49.25,49.16,49.16,12655
2010-12-17 12:15:00,49.16,49.21,49.06,49.12,54797
2010-12-17 12:30:00,49.11,49.16,49.03,49.05,53807
2010-12-17 12:45:00,49.055,49.09,48.905,49.09,65958
2010-12-17 13:00:00,49.1,49.16,49.1,49.1478,7830
2010-12-17 13:15:00,49.15,49.23,49.14,49.22,14127
2010-12-17 13:30:00,49.22,49.25,49.19,49.21,8500
2010-12-17 13:45:00,49.2,49.29,49.2,49.25,14368
2010-12-17 14:00:00,49.25,49.34,49.25,49.32,20930
2010-12-17 14:15:00,49.34,49.34,49.2,49.2,26110
2010-12-17 14:30:00,49.21,49.22,49.19,49.2,12143
2010-12-17 14:45:00,49.2,49.23,49.145,49.22,17592
2010-12-17 15:00:00,49.22,49.28,49.14,49.27,32713
2010-12-17 15:15:00,49.27,49.33,49.24,49.33,21419
2010-12-17 15:30:00,49.32,49.36,49.3,49.32,26093
2010-12-17 15:45:00,49.32,49.33,49.23,49.27,34384
2010-12-17 16:00:00,49.28,49.43,49.26,49.4,121260
2010-12-20 09:45:00,49.48,49.58,49.42,49.46,25605
2010-12-20 10:00:00,49.4602,49.52,49.3501,49.36,19160
2010-12-20 10:15:00,49.39,49.5,49.34,49.39,26102
2010-12-20 10:30:00,49.38,49.43,49.29,49.38,29182
2010-12-20 10:45:00,49.39,49.41,49.35,49.39,17678
2010-12-20 11:00:00,49.385,49.42,49.3,49.32,26110
2010-12-20 11:15:00,49.28,49.32,49.23,49.25,37645
2010-12-20 11:30:00,49.25,49.26,49.2,49.22,10872
2010-12-20 11:45:00,49.21,49.21,49.15,49.21,8058
2010-12-20 12:00:00,49.205,49.205,49.17,49.18,7012
2010-12-20 12:15:00,49.18,49.27,49.11,49.26,25838
2010-12-20 12:30:00,49.26,49.4,49.26,49.39,18230
2010-12-20 12:45:00,49.39,49.44,49.38,49.44,9720
2010-12-20 13:00:00,49.4991,49.4991,49.38,49.445,8316
2010-12-20 13:15:00,49.45,49.45,49.38,49.39,8102
2010-12-20 13:30:00,49.39,49.42,49.37,49.38,6517
2010-12-20 13:45:00,49.38,49.38,49.27,49.31,17600
2010-12-20 14:00:00,49.3,49.32,49.22,49.32,27277
2010-12-20 14:15:00,49.3,49.52,49.3,49.47,25284
2010-12-20 14:30:00,49.45,49.48,49.36,49.38,14608
2010-12-20 14:45:00,49.39,49.41,49.3,49.32,17273
2010-12-20 15:00:00,49.3358,49.37,49.31,49.34,24097
2010-12-20 15:15:00,49.32,49.3562,49.31,49.34,44468
2010-12-20 15:30:00,49.332,49.35,49.31,49.32,29074
2010-12-20 15:45:00,49.31,49.41,49.31,49.35,26645
2010-12-20 16:00:00,49.34,49.37,49.27,49.32,104791
2010-12-21 09:45:00,49.71,49.74,49.0,49.19,32691
2010-12-21 10:00:00,49.24,49.3699,49.19,49.36,9600
2010-12-21 10:15:00,49.31,49.43,49.21,49.22,8955
2010-12-21 10:30:00,49.22,49.28,49.11,49.11,10783
2010-12-21 10:45:00,49.1,49.11,48.99,48.99,14229
2010-12-21 11:00:00,48.99,49.08,48.99,49.05,10242
2010-12-21 11:15:00,49.07,49.136,49.03,49.125,11605
2010-12-21 11:30:00,49.12,49.24,49.12,49.22,7250
2010-12-21 11:45:00,49.25,49.36,49.25,49.36,8719
2010-12-21 12:00:00,49.36,49.44,49.35,49.4301,14864
2010-12-21 12:15:00,49.43,49.44,49.37,49.385,19837
2010-12-21 12:30:00,49.37,49.37,49.23,49.23,5592
2010-12-21 12:45:00,49.23,49.28,49.23,49.27,4725
2010-12-21 13:00:00,49.2999,49.2999,49.18,49.21,6624
2010-12-21 13:15:00,49.22,49.31,49.21,49.29,10820
2010-12-21 13:30:00,49.29,49.34,49.27,49.33,8697
2010-12-21 13:45:00,49.33,49.35,49.26,49.27,7969
2010-12-21 14:00:00,49.27,49.27,49.18,49.195,19335
2010-12-21 14:15:00,49.18,49.215,49.14,49.1899,29400
2010-12-21 14:30:00,49.185,49.22,49.18,49.21,9330
2010-12-21 14:45:00,49.21,49.24,49.15,49.24,20722
2010-12-21 15:00:00,49.24,49.29,49.24,49.25,18966
2010-12-21 15:15:00,49.24,49.2799,49.21,49.25,12003
2010-12-21 15:30:00,49.24,49.24,49.15,49.155,26083
2010-12-21 15:45:00,49.1892,49.2099,49.145,49.1698,34839
2010-12-21 16:00:00,49.17,49.29,49.13,49.27,105009
2010-12-22 09:45:00,49.54,49.74,49.5,49.68,20949
2010-12-22 10:00:00,49.65,49.66,49.52,49.6401,14362
2010-12-22 10:15:00,49.65,49.65,49.47,49.47,13470
2010-12-22 10:30:00,49.46,49.46,49.25,49.33,11841
2010-12-22 10:45:00,49.35,49.35,49.22,49.24,7100
2010-12-22 11:00:00,49.24,49.33,49.22,49.3,4846
2010-12-22 11:15:00,49.348,49.37,49.21,49.22,11733
2010-12-22 11:30:00,49.27,49.358000000000004,49.24,49.35,13038
2010-12-22 11:45:00,49.3699,49.4,49.3,49.38,6993
2010-12-22 12:00:00,49.4,49.4,49.29,49.3,4303
2010-12-22 12:15:00,49.3,49.36,49.3,49.31,2416
2010-12-22 12:30:00,49.333999999999996,49.35,49.2945,49.32,2800
2010-12-22 12:45:00,49.34,49.39,49.27,49.27,2949
2010-12-22 13:00:00,49.2868,49.324,49.28,49.3,4467
2010-12-22 13:15:00,49.31,49.31,49.29,49.3,2400
2010-12-22 13:30:00,49.29,49.318000000000005,49.2601,49.28,2714
2010-12-22 13:45:00,49.31,49.31,49.22,49.2299,8336
2010-12-22 14:00:00,49.2,49.221000000000004,49.165,49.21,5452
2010-12-22 14:15:00,49.21,49.23,49.17,49.1888,6736
2010-12-22 14:30:00,49.181000000000004,49.22,49.18,49.202,8479
2010-12-22 14:45:00,49.21,49.2899,49.21,49.2676,6931
2010-12-22 15:00:00,49.27,49.39,49.27,49.35,24573
2010-12-22 15:15:00,49.33,49.45,49.31,49.45,17802
2010-12-22 15:30:00,49.43,49.55,49.43,49.54,20201
2010-12-22 15:45:00,49.54,49.6,49.51,49.6,26819
2010-12-22 16:00:00,49.59,49.67,49.54,49.62,51335
2010-12-23 09:45:00,49.63,49.63,49.5,49.6,10833
2010-12-23 10:00:00,49.6,49.63,49.5101,49.53,27409
2010-12-23 10:15:00,49.53,49.57,49.48,49.485,15010
2010-12-23 10:30:00,49.485,49.485,49.13,49.13,17094
2010-12-23 10:45:00,49.13,49.2,49.13,49.13,9238
2010-12-23 11:00:00,49.12,49.13,49.05,49.13,5725
2010-12-23 11:15:00,49.13,49.13,49.0,49.06,12434
2010-12-23 11:30:00,49.05,49.14,49.05,49.09,6587
2010-12-23 11:45:00,49.09,49.09,49.01,49.01,8579
2010-12-23 12:00:00,49.01,49.028999999999996,48.93,48.94,10538
2010-12-23 12:15:00,48.94,48.94,48.77,48.77,31497
2010-12-23 12:30:00,48.77,48.77,48.67,48.68,44166
2010-12-23 12:45:00,48.69,48.77,48.65,48.73,16222
2010-12-23 13:00:00,48.73,48.73,48.69,48.71,11601
2010-12-23 13:15:00,48.715,48.72,48.69,48.69,16921
2010-12-23 13:30:00,48.69,48.7192,48.65,48.6936,11148
2010-12-23 13:45:00,48.69,48.75,48.69,48.74,16230
2010-12-23 14:00:00,48.73,48.73,48.65,48.65,9650
2010-12-23 14:15:00,48.66,48.68,48.65,48.65,14199
2010-12-23 14:30:00,48.65,48.68,48.56100000000001,48.59,19637
2010-12-23 14:45:00,48.6,48.64,48.52,48.53,27705
2010-12-23 15:00:00,48.53,48.57,48.5,48.5595,15758
2010-12-23 15:15:00,48.55,48.58,48.53,48.58,22024
2010-12-23 15:30:00,48.585,48.61,48.57,48.59,33944
2010-12-23 15:45:00,48.59,48.64,48.59,48.63,31582
2010-12-23 16:00:00,48.62,48.63,48.5,48.55,90202
2010-12-27 09:45:00,48.45,48.52,48.11,48.32,30944
2010-12-27 10:00:00,48.21,48.33,48.17,48.24,14680
2010-12-27 10:15:00,48.25,48.32,48.18,48.23,23829
2010-12-27 10:30:00,48.27,48.34,48.27,48.31,12457
2010-12-27 10:45:00,48.31,48.32,48.25,48.25,9334
2010-12-27 11:00:00,48.23,48.32,48.23,48.32,7307
2010-12-27 11:15:00,48.32,48.33,48.31,48.325,7169
2010-12-27 11:30:00,48.33,48.38,48.2901,48.3,15130
2010-12-27 11:45:00,48.3,48.3642,48.3,48.3599,8409
2010-12-27 12:00:00,48.35,48.44,48.35,48.44,6900
2010-12-27 12:15:00,48.45,48.49,48.44,48.4701,7529
2010-12-27 12:30:00,48.48,48.56,48.4701,48.56,9061
2010-12-27 12:45:00,48.55,48.59,48.55,48.59,9664
2010-12-27 13:00:00,48.59,48.59,48.57,48.57,11051
2010-12-27 13:15:00,48.56,48.6,48.55,48.57,29969
2010-12-27 13:30:00,48.57,48.59,48.56,48.59,13027
2010-12-27 13:45:00,48.59,48.67,48.58,48.67,21584
2010-12-27 14:00:00,48.6619,48.6999,48.66,48.69,4210
2010-12-27 14:15:00,48.68,48.69,48.55,48.55,23736
2010-12-27 14:30:00,48.56,48.61,48.55,48.597,23199
2010-12-27 14:45:00,48.59,48.62,48.56,48.611000000000004,24812
2010-12-27 15:00:00,48.611000000000004,48.62,48.57,48.59,10939
2010-12-27 15:15:00,48.59,48.66,48.585,48.66,14865
2010-12-27 15:30:00,48.66,48.67,48.62,48.63,12409
2010-12-27 15:45:00,48.62,48.62,48.51,48.515,22643
2010-12-27 16:00:00,48.52,48.55,48.42,48.5,57050
2010-12-28 09:45:00,48.67,48.69,48.33,48.35,19528
2010-12-28 10:00:00,48.35,48.41,48.08,48.08,21941
2010-12-28 10:15:00,48.05,48.13,47.6,47.6125,65489
2010-12-28 10:30:00,47.62,47.72,47.48,47.59,60305
2010-12-28 10:45:00,47.59,47.63,47.433,47.463,49589
2010-12-28 11:00:00,47.48,47.66,47.48,47.56,67845
2010-12-28 11:15:00,47.55,47.61,47.48,47.48,22093
2010-12-28 11:30:00,47.46,47.49,47.45,47.48,35277
2010-12-28 11:45:00,47.49,47.6922,47.47,47.64,23322
2010-12-28 12:00:00,47.6301,47.71,47.59,47.59,30897
2010-12-28 12:15:00,47.595,47.61,47.52,47.5835,26941
2010-12-28 12:30:00,47.56,47.59,47.48,47.48,39180
2010-12-28 12:45:00,47.49,47.53,47.47,47.515,19011
2010-12-28 13:00:00,47.515,47.52,47.5,47.505,24138
2010-12-28 13:15:00,47.51,47.52,47.43,47.43,27548
2010-12-28 13:30:00,47.43,47.44,47.3401,47.36,39118
2010-12-28 13:45:00,47.365,47.37,47.2,47.31,39286
2010-12-28 14:00:00,47.31,47.43,47.31,47.43,8976
2010-12-28 14:15:00,47.435,47.515,47.43,47.515,21877
2010-12-28 14:30:00,47.5125,47.53,47.46,47.518,27180
2010-12-28 14:45:00,47.51,47.51,47.48,47.49,17854
2010-12-28 15:00:00,47.49,47.51,47.46,47.49,19100
2010-12-28 15:15:00,47.4998,47.53,47.49,47.4901,22588
2010-12-28 15:30:00,47.5,47.5,47.49,47.5,21118
2010-12-28 15:45:00,47.495,47.5,47.46,47.47,42804
2010-12-28 16:00:00,47.46,47.5,47.37,47.38,83395
2010-12-29 09:45:00,47.59,47.83,47.4,47.58,31402
2010-12-29 10:00:00,47.56,47.77,47.56,47.71,31434
2010-12-29 10:15:00,47.72,47.8,47.68,47.7901,20225
2010-12-29 10:30:00,47.8,47.82,47.76,47.79,12497
2010-12-29 10:45:00,47.79,47.79,47.75,47.77,8763
2010-12-29 11:00:00,47.77,47.79,47.76,47.765,22381
2010-12-29 11:15:00,47.765,47.81,47.76,47.8,39373
2010-12-29 11:30:00,47.81,47.82,47.8,47.8,19477
2010-12-29 11:45:00,47.81,47.8198,47.795,47.81,7653
2010-12-29 12:00:00,47.8,47.89,47.8,47.885,12574
2010-12-29 12:15:00,47.88,48.02,47.87,48.0,21088
2010-12-29 12:30:00,48.0,48.03,48.0,48.0201,16563
2010-12-29 12:45:00,48.03,48.06,48.0,48.01,9839
2010-12-29 13:00:00,48.0,48.03,48.0,48.0,11794
2010-12-29 13:15:00,48.01,48.09,48.01,48.09,32700
2010-12-29 13:30:00,48.09,48.17,48.09,48.169,13738
2010-12-29 13:45:00,48.17,48.24,48.16,48.24,7161
2010-12-29 14:00:00,48.24,48.25,48.14,48.16,13601
2010-12-29 14:15:00,48.16,48.27,48.16,48.27,14371
2010-12-29 14:30:00,48.27,48.29,48.25,48.26,10093
2010-12-29 14:45:00,48.27,48.28,48.25,48.25,7683
2010-12-29 15:00:00,48.25,48.26,48.17,48.21,22426
2010-12-29 15:15:00,48.21,48.27,48.21,48.25,21664
2010-12-29 15:30:00,48.26,48.26,48.24,48.25,25797
2010-12-29 15:45:00,48.245,48.27,48.23,48.26,30513
2010-12-29 16:00:00,48.2501,48.27,48.2,48.25,59660
2010-12-30 09:45:00,48.2,48.33,48.2,48.27,23533
2010-12-30 10:00:00,48.27,48.32,48.13,48.13,15653
2010-12-30 10:15:00,48.15,48.24,48.14,48.17,13910
2010-12-30 10:30:00,48.18,48.19,48.1,48.15,14894
2010-12-30 10:45:00,48.177,48.25,48.11,48.16,18682
2010-12-30 11:00:00,48.16,48.25,48.13,48.245,23916
2010-12-30 11:15:00,48.23,48.3,48.2,48.27,27273
2010-12-30 11:30:00,48.28,48.28,48.25,48.265,4403
2010-12-30 11:45:00,48.27,48.28,48.24,48.26,6671
2010-12-30 12:00:00,48.2595,48.28,48.25,48.26,13568
2010-12-30 12:15:00,48.26,48.2716,48.25,48.26,2911
2010-12-30 12:30:00,48.26,48.45,48.25,48.3,1090594
2010-12-30 12:45:00,48.3,48.46,48.3,48.42,26352
2010-12-30 13:00:00,48.4101,48.43,48.35,48.36,5535
2010-12-30 13:15:00,48.36,48.38,48.29,48.29,10211
2010-12-30 13:30:00,48.29,48.33,48.29,48.32,4600
2010-12-30 13:45:00,48.32,48.33,48.29,48.3,15471
2010-12-30 14:00:00,48.3,48.3,48.24,48.255,35469
2010-12-30 14:15:00,48.25,48.27,48.2101,48.25,12364
2010-12-30 14:30:00,48.26,48.33,48.25,48.3,38244
2010-12-30 14:45:00,48.28,48.31,48.25,48.25,12932
2010-12-30 15:00:00,48.26,48.27,48.25,48.26,18434
2010-12-30 15:15:00,48.27,48.275,48.245,48.26,17106
2010-12-30 15:30:00,48.25,48.29,48.24,48.29,20070
2010-12-30 15:45:00,48.29,48.3,48.21,48.23,32767
2010-12-30 16:00:00,48.22,48.29,48.16,48.29,228734
2010-12-31 09:45:00,48.15,48.29,47.94,48.02,30807
2010-12-31 10:00:00,48.01,48.04,47.75,47.94,39100
2010-12-31 10:15:00,47.93,47.98,47.85,47.88,15857
2010-12-31 10:30:00,47.91,47.96,47.85,47.91,12079
2010-12-31 10:45:00,47.91,47.91,47.67,47.69,25237
2010-12-31 11:00:00,47.68,47.82,47.68,47.7399,9865
2010-12-31 11:15:00,47.735,47.78,47.71,47.75,10931
2010-12-31 11:30:00,47.745,47.757,47.7,47.7,12513
2010-12-31 11:45:00,47.7,47.7,47.55,47.56,22406
2010-12-31 12:00:00,47.55,47.67,47.5,47.65,26056
2010-12-31 12:15:00,47.65,47.7,47.64,47.7,7728
2010-12-31 12:30:00,47.7,47.79,47.7,47.78,10817
2010-12-31 12:45:00,47.79,47.79,47.66,47.67,22927
2010-12-31 13:00:00,47.67,47.7,47.62,47.7,87753
2010-12-31 13:15:00,47.7,47.751999999999995,47.6,47.72,27545
2010-12-31 13:30:00,47.72,47.77,47.71,47.77,10984
2010-12-31 13:45:00,47.77,47.77,47.73,47.73,8350
2010-12-31 14:00:00,47.735,47.74,47.57,47.57,17867
2010-12-31 14:15:00,47.57,47.57,47.4,47.4601,32060
2010-12-31 14:30:00,47.47,47.47,47.35,47.35,19721
2010-12-31 14:45:00,47.35,47.37,47.28,47.345,31803
2010-12-31 15:00:00,47.34,47.37,47.22,47.27,26752
2010-12-31 15:15:00,47.25,47.32,47.25,47.25,19279
2010-12-31 15:30:00,47.25,47.25,47.17,47.175,22043
2010-12-31 15:45:00,47.18,47.22,47.175,47.21,34230
2010-12-31 16:00:00,47.218,47.27,46.91,47.19,222980
2011-01-03 09:45:00,47.91,47.98,46.84,46.99,126307
2011-01-03 10:00:00,46.986000000000004,47.01,46.01,46.04,239868
2011-01-03 10:15:00,46.05,46.64,46.0,46.51,206360
2011-01-03 10:30:00,46.51,46.64,46.36,46.44,127763
2011-01-03 10:45:00,46.4402,46.6,46.44,46.55,97998
2011-01-03 11:00:00,46.55,46.76,46.55,46.67,39803
2011-01-03 11:15:00,46.67,46.72,46.53,46.72,105313
2011-01-03 11:30:00,46.72,46.8678,46.69,46.84,65525
2011-01-03 11:45:00,46.85,46.94,46.83,46.845,74272
2011-01-03 12:00:00,46.85,46.94,46.83,46.94,47814
2011-01-03 12:15:00,46.9329,47.0,46.79,46.79,106361
2011-01-03 12:30:00,46.8,46.81,46.72,46.77,62920
2011-01-03 12:45:00,46.78,46.8933,46.77,46.87,36159
2011-01-03 13:00:00,46.87,46.88,46.79,46.8172,27005
2011-01-03 13:15:00,46.81,46.93,46.81,46.89,17318
2011-01-03 13:30:00,46.9,46.9,46.85,46.87,17524
2011-01-03 13:45:00,46.85,46.87,46.84,46.87,69100
2011-01-03 14:00:00,46.84,46.85,46.83,46.83,19461
2011-01-03 14:15:00,46.8375,46.84,46.71,46.73,42289
2011-01-03 14:30:00,46.72,46.725,46.62,46.63,119688
2011-01-03 14:45:00,46.63,46.64,46.53,46.53,77161
2011-01-03 15:00:00,46.54,46.58,46.35,46.36,85524
2011-01-03 15:15:00,46.37,46.4325,46.27,46.43,166184
2011-01-03 15:30:00,46.42,46.59,46.42,46.53,81888
2011-01-03 15:45:00,46.53,46.66,46.52,46.59,106777
2011-01-03 16:00:00,46.59,46.71,46.57,46.6,137211
2011-01-04 09:45:00,46.58,46.59,46.265,46.28,68026
2011-01-04 10:00:00,46.28,46.28,46.03,46.08,59867
2011-01-04 10:15:00,46.07,46.16,45.89,45.91,85780
2011-01-04 10:30:00,45.89,46.09,45.79,46.07,75172
2011-01-04 10:45:00,46.08,46.1,45.88,46.03,44928
2011-01-04 11:00:00,46.04,46.04,45.95,45.9901,34057
2011-01-04 11:15:00,46.0,46.001000000000005,45.97,45.99,29169
2011-01-04 11:30:00,46.0,46.2,45.97,45.97,27969
2011-01-04 11:45:00,45.96,46.0,45.84,45.855,40460
2011-01-04 12:00:00,45.87,45.87,45.71,45.71,33876
2011-01-04 12:15:00,45.71,45.78,45.65,45.75,65546
2011-01-04 12:30:00,45.76,45.77,45.4001,45.43,84798
2011-01-04 12:45:00,45.425,45.44,45.31,45.39,85009
2011-01-04 13:00:00,45.39,45.57,45.39,45.56,59935
2011-01-04 13:15:00,45.565,45.75,45.5601,45.74,42335
2011-01-04 13:30:00,45.74,45.79,45.71,45.78,31172
2011-01-04 13:45:00,45.8,45.8,45.69,45.718999999999994,21564
2011-01-04 14:00:00,45.71,45.75,45.48,45.49,70154
2011-01-04 14:15:00,45.49,45.62,45.465,45.61,46217
2011-01-04 14:30:00,45.62,45.74,45.615,45.66,44057
2011-01-04 14:45:00,45.66,45.7622,45.61,45.7622,67865
2011-01-04 15:00:00,45.76,45.91,45.75,45.89,65405
2011-01-04 15:15:00,45.88,45.97,45.88,45.96,54072
2011-01-04 15:30:00,45.96,46.08,45.94,46.015,77982
2011-01-04 15:45:00,46.02,46.04,45.93,45.95,71627
2011-01-04 16:00:00,45.95,46.0,45.91,45.99,76121
2011-01-05 09:45:00,45.67,45.86,45.29,45.76,76463
2011-01-05 10:00:00,45.75,46.1,45.62,46.1,62342
2011-01-05 10:15:00,46.09,46.44,46.09,46.38,64557
2011-01-05 10:30:00,46.38,46.41,46.302,46.37,60736
2011-01-05 10:45:00,46.37,46.57,46.36,46.49,45221
2011-01-05 11:00:00,46.5,46.55,46.43,46.45,23942
2011-01-05 11:15:00,46.43,46.4455,46.32,46.32,32107
2011-01-05 11:30:00,46.32,46.385,46.28,46.3,56529
2011-01-05 11:45:00,46.3,46.31,46.16,46.16,48217
2011-01-05 12:00:00,46.14,46.35,46.08,46.15,58051
2011-01-05 12:15:00,46.15,46.15,46.09,46.09,38295
2011-01-05 12:30:00,46.09,46.2,46.05,46.1899,31737
2011-01-05 12:45:00,46.19,46.23,46.13,46.1301,23646
2011-01-05 13:00:00,46.13,46.23,46.13,46.23,43208
2011-01-05 13:15:00,46.23,46.25,46.21,46.23,27755
2011-01-05 13:30:00,46.24,46.24,46.18,46.19,35061
2011-01-05 13:45:00,46.2,46.25,46.2,46.25,12058
2011-01-05 14:00:00,46.25,46.37,46.25,46.36,24331
2011-01-05 14:15:00,46.35,46.39,46.3324,46.37,28642
2011-01-05 14:30:00,46.38,46.38,46.27,46.28,20935
2011-01-05 14:45:00,46.27,46.27,46.22,46.22,23900
2011-01-05 15:00:00,46.23,46.23,46.19,46.2,26566
2011-01-05 15:15:00,46.21,46.26,46.2,46.2,55043
2011-01-05 15:30:00,46.21,46.23,46.19,46.2,37199
2011-01-05 15:45:00,46.21,46.25,46.19,46.21,38190
2011-01-05 16:00:00,46.21,46.33,46.21,46.26,170110
2011-01-06 09:45:00,46.33,46.33,45.74,45.79,87791
2011-01-06 10:00:00,45.8,45.96,45.63,45.63,56864
2011-01-06 10:15:00,45.6106,45.725,45.52,45.72,66998
2011-01-06 10:30:00,45.72,45.82,45.705,45.75,95435
2011-01-06 10:45:00,45.75,45.8,45.72,45.76,45001
2011-01-06 11:00:00,45.75,45.76,45.6,45.67,75527
2011-01-06 11:15:00,45.67,45.71,45.56,45.59,31399
2011-01-06 11:30:00,45.58,45.64,45.57,45.62,36431
2011-01-06 11:45:00,45.61,45.615,45.46,45.478,23120
2011-01-06 12:00:00,45.46,45.5,45.38,45.49,102423
2011-01-06 12:15:00,45.5,45.875,45.49,45.73,136024
2011-01-06 12:30:00,45.74,45.81,45.72,45.81,34141
2011-01-06 12:45:00,45.81,45.81,45.75,45.77,18569
2011-01-06 13:00:00,45.77,45.81,45.75,45.76,11854
2011-01-06 13:15:00,45.76,45.8,45.65,45.8,34617
2011-01-06 13:30:00,45.81,45.93,45.81,45.91,43958
2011-01-06 13:45:00,45.91,45.93,45.81,45.86,56978
2011-01-06 14:00:00,45.85,45.95,45.84,45.95,75630
2011-01-06 14:15:00,45.95,46.0,45.94,45.966,62576
2011-01-06 14:30:00,45.96,45.96,45.86,45.87,16963
2011-01-06 14:45:00,45.88,45.9,45.85,45.896,33778
2011-01-06 15:00:00,45.91,46.0,45.85,45.99,72374
2011-01-06 15:15:00,45.99,46.07,45.99,46.06,42280
2011-01-06 15:30:00,46.06,46.06,45.94,46.03,91146
2011-01-06 15:45:00,46.04,46.06,45.95,46.02,54285
2011-01-06 16:00:00,46.02,46.12,45.98,46.07,199950
2011-01-07 09:45:00,46.66,46.66,46.02,46.33,81306
2011-01-07 10:00:00,46.33,46.38,46.065,46.075,112103
2011-01-07 10:15:00,46.07,46.09,46.0,46.09,54206
2011-01-07 10:30:00,46.09,46.14,46.05,46.1,37662
2011-01-07 10:45:00,46.09,46.22,46.09,46.161,43236
2011-01-07 11:00:00,46.17,46.22,46.12,46.19,63229
2011-01-07 11:15:00,46.2,46.21,46.0,46.03,42854
2011-01-07 11:30:00,46.01,46.15,46.01,46.065,85536
2011-01-07 11:45:00,46.065,46.15,46.02,46.125,51574
2011-01-07 12:00:00,46.125,46.18,46.05,46.18,40010
2011-01-07 12:15:00,46.17,46.17,46.1,46.1,29427
2011-01-07 12:30:00,46.1,46.16,46.08,46.11,62209
2011-01-07 12:45:00,46.1,46.15,45.99,46.01,44575
2011-01-07 13:00:00,46.0,46.09,45.93,45.94,96555
2011-01-07 13:15:00,45.95,45.95,45.722,45.73,98226
2011-01-07 13:30:00,45.73,45.83,45.69,45.83,97833
2011-01-07 13:45:00,45.82,45.96,45.82,45.85,18770
2011-01-07 14:00:00,45.86,45.97,45.86,45.92,19345
2011-01-07 14:15:00,45.91,46.03,45.91,46.03,21779
2011-01-07 14:30:00,46.06,46.07,45.99,46.0145,14277
2011-01-07 14:45:00,46.01,46.03,45.94,45.95,22782
2011-01-07 15:00:00,45.96,46.03,45.93,45.935,23886
2011-01-07 15:15:00,45.92,46.0295,45.92,46.01,30937
2011-01-07 15:30:00,46.0,46.09,45.98,46.02,38475
2011-01-07 15:45:00,46.02,46.18,46.02,46.13,54068
2011-01-07 16:00:00,46.13,46.2,46.03,46.05,162123
2011-01-10 09:45:00,45.98,46.0697,45.61,45.84,55377
2011-01-10 10:00:00,45.85,45.91,45.73,45.82,88294
2011-01-10 10:15:00,45.79,45.92,45.7305,45.89,29539
2011-01-10 10:30:00,45.93,45.97,45.72,45.86,58767
2011-01-10 10:45:00,45.87,46.22,45.87,46.14,67265
2011-01-10 11:00:00,46.14,46.14,45.92,46.02,39400
2011-01-10 11:15:00,46.0,46.03,45.84,45.93,37755
2011-01-10 11:30:00,45.94,45.98,45.89,45.94,24883
2011-01-10 11:45:00,45.93,45.96,45.8813,45.91,19157
2011-01-10 12:00:00,45.92,45.95,45.9,45.9,27539
2011-01-10 12:15:00,45.87,45.95,45.87,45.9,33928
2011-01-10 12:30:00,45.89,45.94,45.86,45.9186,36981
2011-01-10 12:45:00,45.9,45.9301,45.84,45.8452,33822
2011-01-10 13:00:00,45.84,45.93,45.8326,45.88,10316
2011-01-10 13:15:00,45.89,45.92,45.85,45.9,31086
2011-01-10 13:30:00,45.9,45.91,45.84,45.91,16813
2011-01-10 13:45:00,45.91,45.92,45.86,45.86,21149
2011-01-10 14:00:00,45.86,45.89,45.83,45.86,26345
2011-01-10 14:15:00,45.86,45.89,45.83,45.85,27713
2011-01-10 14:30:00,45.85,45.88,45.85,45.87,20196
2011-01-10 14:45:00,45.86,45.89,45.84,45.855,24359
2011-01-10 15:00:00,45.845,45.93,45.845,45.91,18024
2011-01-10 15:15:00,45.91,45.93,45.87,45.91,36435
2011-01-10 15:30:00,45.9196,46.07,45.91,46.06,50188
2011-01-10 15:45:00,46.06,46.065,46.0,46.0,98481
2011-01-10 16:00:00,46.0,46.02,45.95,45.98,167493
2011-01-11 09:45:00,46.43,46.43,45.92,46.05,64816
2011-01-11 10:00:00,46.05,46.09,45.89,45.9,33148
2011-01-11 10:15:00,45.9,46.06,45.88,46.05,39888
2011-01-11 10:30:00,46.05,46.14,46.02,46.14,64874
2011-01-11 10:45:00,46.14,46.32,46.12,46.32,81193
2011-01-11 11:00:00,46.33,46.69,46.33,46.69,95840
2011-01-11 11:15:00,46.68,46.87,46.67,46.81,95209
2011-01-11 11:30:00,46.805,46.97,46.75,46.93,110097
2011-01-11 11:45:00,46.93,46.935,46.59,46.59,46351
2011-01-11 12:00:00,46.58,46.79,46.58,46.64,44104
2011-01-11 12:15:00,46.64,46.71,46.6,46.69,32037
2011-01-11 12:30:00,46.6899,46.6899,46.6,46.64,38000
2011-01-11 12:45:00,46.65,46.74,46.63,46.74,16168
2011-01-11 13:00:00,46.7399,46.79,46.7399,46.77,24102
2011-01-11 13:15:00,46.77,46.8,46.72,46.72,101945
2011-01-11 13:30:00,46.73,46.75,46.65,46.7,81805
2011-01-11 13:45:00,46.7,46.72,46.68,46.71,32973
2011-01-11 14:00:00,46.7,46.73,46.69,46.7,268291
2011-01-11 14:15:00,46.7,46.7,46.58,46.665,52741
2011-01-11 14:30:00,46.66,46.665,46.6,46.63,29896
2011-01-11 14:45:00,46.63,46.64,46.49,46.5,186700
2011-01-11 15:00:00,46.4901,46.5,46.4,46.44,55796
2011-01-11 15:15:00,46.43,46.43,46.32,46.33,40575
2011-01-11 15:30:00,46.33,46.33,46.17,46.2,66134
2011-01-11 15:45:00,46.2,46.21,46.02,46.135,87888
2011-01-11 16:00:00,46.14,46.17,45.99,45.99,232705
2011-01-12 09:45:00,46.2,46.21,45.4,45.48,161967
2011-01-12 10:00:00,45.49,45.68,45.3,45.5,148728
2011-01-12 10:15:00,45.52,45.52,45.33,45.36,81855
2011-01-12 10:30:00,45.37,45.46,45.36,45.4,53740
2011-01-12 10:45:00,45.41,45.46,45.36,45.37,54086
2011-01-12 11:00:00,45.36,45.41,45.31,45.38,56095
2011-01-12 11:15:00,45.38,45.5,45.37,45.42,92519
2011-01-12 11:30:00,45.43,45.44,45.37,45.38,34467
2011-01-12 11:45:00,45.375,45.55,45.37,45.46,97923
2011-01-12 12:00:00,45.46,45.53,45.45,45.498999999999995,86927
2011-01-12 12:15:00,45.495,45.52,45.47,45.4899,51251
2011-01-12 12:30:00,45.49,45.5,45.4,45.41,33686
2011-01-12 12:45:00,45.4,45.4058,45.3,45.35,95407
2011-01-12 13:00:00,45.36,45.49,45.36,45.45,35625
2011-01-12 13:15:00,45.4425,45.45,45.4,45.41,48153
2011-01-12 13:30:00,45.42,45.48,45.39,45.41,39120
2011-01-12 13:45:00,45.41,45.43,45.405,45.42,55812
2011-01-12 14:00:00,45.42,45.4229,45.27,45.355,89934
2011-01-12 14:15:00,45.36,45.39,45.25,45.27,62922
2011-01-12 14:30:00,45.26,45.3,45.17,45.21,87645
2011-01-12 14:45:00,45.21,45.2799,45.19,45.19,54801
2011-01-12 15:00:00,45.1925,45.24,45.06,45.23,68943
2011-01-12 15:15:00,45.23,45.24,45.09,45.09,68567
2011-01-12 15:30:00,45.0925,45.1,44.98,45.03,213695
2011-01-12 15:45:00,45.0375,45.05,45.0,45.0,95370
2011-01-12 16:00:00,45.01,45.08,44.96,45.04,256447
2011-01-13 09:45:00,44.91,44.94,44.4,44.6399,202416
2011-01-13 10:00:00,44.62,44.6295,44.425,44.44,92466
2011-01-13 10:15:00,44.45,44.53,44.38,44.46,122906
2011-01-13 10:30:00,44.46,44.5,44.21,44.47,115588
2011-01-13 10:45:00,44.47,44.55,44.4,44.4801,106722
2011-01-13 11:00:00,44.48,44.51,44.4,44.44,45702
2011-01-13 11:15:00,44.4699,44.53,44.45,44.51,68649
2011-01-13 11:30:00,44.5,44.52,44.42,44.4599,66973
2011-01-13 11:45:00,44.44,44.54,44.43,44.53,66213
2011-01-13 12:00:00,44.54,44.56,44.44,44.495,40552
2011-01-13 12:15:00,44.5,44.52,44.48,44.49,44423
2011-01-13 12:30:00,44.5,44.63,44.5,44.59,176746
2011-01-13 12:45:00,44.6,44.6,44.52,44.53,44529
2011-01-13 13:00:00,44.54,44.55,44.48,44.4925,123586
2011-01-13 13:15:00,44.5,44.6,44.47,44.56,47765
2011-01-13 13:30:00,44.56,44.56,44.505,44.55,39584
2011-01-13 13:45:00,44.545,44.57,44.51,44.57,41323
2011-01-13 14:00:00,44.56,44.58,44.52,44.5742,27693
2011-01-13 14:15:00,44.57,44.59,44.53,44.5301,42921
2011-01-13 14:30:00,44.54,44.6,44.535,44.595,41754
2011-01-13 14:45:00,44.6,44.6,44.56,44.58,40194
2011-01-13 15:00:00,44.5802,44.6,44.515,44.53,147551
2011-01-13 15:15:00,44.52,44.59,44.52,44.54,69819
2011-01-13 15:30:00,44.53,44.55,44.48,44.53,102910
2011-01-13 15:45:00,44.53,44.63,44.5,44.63,48447
2011-01-13 16:00:00,44.64,44.75,44.64,44.65,173691
2011-01-14 09:45:00,42.86,43.35,42.54,43.32,975497
2011-01-14 10:00:00,43.3,43.45,43.05,43.37,613155
2011-01-14 10:15:00,43.3566,43.44,42.95,43.3,799749
2011-01-14 10:30:00,43.2999,43.78,43.2999,43.73,347554
2011-01-14 10:45:00,43.72,43.98,43.67,43.9372,300927
2011-01-14 11:00:00,43.93,43.95,43.68,43.72,225851
2011-01-14 11:15:00,43.74,43.74,43.56,43.56,288461
2011-01-14 11:30:00,43.5975,43.86,43.56,43.815,220124
2011-01-14 11:45:00,43.8159,44.23,43.8159,44.19,192237
2011-01-14 12:00:00,44.195,44.43,44.09,44.24,189907
2011-01-14 12:15:00,44.22,44.31,44.09,44.3,132860
2011-01-14 12:30:00,44.29,44.49,44.23,44.4628,80382
2011-01-14 12:45:00,44.48,44.57,44.47,44.51,113570
2011-01-14 13:00:00,44.5,44.57,44.43,44.52,70694
2011-01-14 13:15:00,44.5378,44.818000000000005,44.5,44.79,145405
2011-01-14 13:30:00,44.78,45.09,44.78,45.02,203309
2011-01-14 13:45:00,45.0,45.33,45.0,45.25,119847
2011-01-14 14:00:00,45.2401,45.26,44.87,44.88,102636
2011-01-14 14:15:00,44.88,45.01,44.79,44.88,134534
2011-01-14 14:30:00,44.88,45.02,44.87,44.9,121374
2011-01-14 14:45:00,44.9,44.99,44.87,44.9,76908
2011-01-14 15:00:00,44.9,45.04,44.89,44.965,100751
2011-01-14 15:15:00,44.96,44.9975,44.89,44.89,77974
2011-01-14 15:30:00,44.89,44.945,44.88,44.89,69920
2011-01-14 15:45:00,44.89,44.91,44.6,44.6,184342
2011-01-14 16:00:00,44.61,44.69,44.49,44.5,437366
2011-01-18 09:45:00,44.25,44.46,43.93,44.09,185743
2011-01-18 10:00:00,44.09,44.13,43.67,43.99,290663
2011-01-18 10:15:00,43.94,44.11,43.88,44.02,292371
2011-01-18 10:30:00,44.02,44.21,44.02,44.11,60495
2011-01-18 10:45:00,44.11,44.17,44.07,44.12,66659
2011-01-18 11:00:00,44.14,44.145,44.02,44.03,53944
2011-01-18 11:15:00,44.03,44.07,43.96,43.9801,81211
2011-01-18 11:30:00,43.99,44.06,43.95,44.0,58162
2011-01-18 11:45:00,44.0,44.04,43.98,43.995,67627
2011-01-18 12:00:00,43.995,44.01,43.99,43.995,73314
2011-01-18 12:15:00,43.99,44.0,43.85,43.985,149313
2011-01-18 12:30:00,43.985,44.01,43.98,43.995,75141
2011-01-18 12:45:00,43.9925,44.0,43.98,43.995,63337
2011-01-18 13:00:00,43.995,44.0,43.91,43.92,68854
2011-01-18 13:15:00,43.92,43.97,43.87,43.95,131604
2011-01-18 13:30:00,43.95,43.97,43.9,43.905,34381
2011-01-18 13:45:00,43.91,44.0,43.9,43.965,54078
2011-01-18 14:00:00,43.9601,43.9601,43.89,43.91,67094
2011-01-18 14:15:00,43.9,43.97,43.895,43.9529,76297
2011-01-18 14:30:00,43.95,43.97,43.91,43.97,52868
2011-01-18 14:45:00,43.97,44.0,43.97,43.99,72266
2011-01-18 15:00:00,43.99,44.04,43.95,44.0,66324
2011-01-18 15:15:00,44.0,44.02,44.0,44.0,59463
2011-01-18 15:30:00,44.005,44.02,43.995,44.005,95218
2011-01-18 15:45:00,44.01,44.01,44.0,44.0,86341
2011-01-18 16:00:00,44.005,44.12,44.0,44.05,283969
2011-01-19 09:45:00,44.1,44.46,44.01,44.37,71711
2011-01-19 10:00:00,44.365,44.45,44.25,44.36,65240
2011-01-19 10:15:00,44.34,44.36,44.24,44.27,80017
2011-01-19 10:30:00,44.27,44.41,44.25,44.4099,83689
2011-01-19 10:45:00,44.4,44.53,44.3476,44.51,128880
2011-01-19 11:00:00,44.52,44.64,44.515,44.63,54791
2011-01-19 11:15:00,44.63,44.69,44.53,44.68,79516
2011-01-19 11:30:00,44.68,44.6887,44.61,44.615,34535
2011-01-19 11:45:00,44.6187,44.71,44.6,44.66,67537
2011-01-19 12:00:00,44.66,44.72,44.64,44.7199,26958
2011-01-19 12:15:00,44.71,44.75,44.5,44.5,82129
2011-01-19 12:30:00,44.5,44.53,44.5,44.53,100101
2011-01-19 12:45:00,44.54,44.61,44.51,44.52,36669
2011-01-19 13:00:00,44.52,44.5475,44.5,44.54,35518
2011-01-19 13:15:00,44.54,44.63,44.48,44.625,62743
2011-01-19 13:30:00,44.625,44.67,44.535,44.64,34062
2011-01-19 13:45:00,44.65,44.75,44.65,44.75,33184
2011-01-19 14:00:00,44.7401,44.82,44.74,44.81,55251
2011-01-19 14:15:00,44.81,44.82,44.69,44.7,41661
2011-01-19 14:30:00,44.69,44.71,44.64,44.66,43293
2011-01-19 14:45:00,44.66,44.685,44.52,44.56,98515
2011-01-19 15:00:00,44.5504,44.58,44.54,44.55,54202
2011-01-19 15:15:00,44.55,44.585,44.51,44.55,119734
2011-01-19 15:30:00,44.54,44.59,44.54,44.56,55038
2011-01-19 15:45:00,44.56,44.58,44.53,44.56,114853
2011-01-19 16:00:00,44.55,44.57,44.54,44.56,242355
2011-01-20 09:45:00,44.46,44.72,44.26,44.53,183541
2011-01-20 10:00:00,44.53,44.74,44.46,44.53,58722
2011-01-20 10:15:00,44.55,44.55,44.4,44.51,80490
2011-01-20 10:30:00,44.5,44.56,44.35,44.5,62062
2011-01-20 10:45:00,44.49,44.545,44.47,44.53,52758
2011-01-20 11:00:00,44.52,44.55,44.44,44.51,46145
2011-01-20 11:15:00,44.5,44.5599,44.46,44.55,44945
2011-01-20 11:30:00,44.56,44.73,44.56,44.67,44638
2011-01-20 11:45:00,44.67,44.72,44.64,44.68,36881
2011-01-20 12:00:00,44.68,44.69,44.6,44.65,28527
2011-01-20 12:15:00,44.64,44.73,44.61,44.64,25079
2011-01-20 12:30:00,44.64,44.695,44.61,44.645,28097
2011-01-20 12:45:00,44.645,44.69,44.63,44.65,26421
2011-01-20 13:00:00,44.65,44.71,44.65,44.6851,30390
2011-01-20 13:15:00,44.68,44.68,44.6,44.64,27100
2011-01-20 13:30:00,44.641000000000005,44.7,44.59,44.62,28349
2011-01-20 13:45:00,44.615,44.69,44.61,44.655,30787
2011-01-20 14:00:00,44.66,44.66,44.621,44.66,29517
2011-01-20 14:15:00,44.65,44.75,44.645,44.73,44452
2011-01-20 14:30:00,44.73,44.73,44.68,44.7,33876
2011-01-20 14:45:00,44.69,44.75,44.69,44.75,39690
2011-01-20 15:00:00,44.7575,44.7575,44.71,44.71,30849
2011-01-20 15:15:00,44.71,44.71,44.65,44.68,42718
2011-01-20 15:30:00,44.68,44.7,44.6,44.62,48254
2011-01-20 15:45:00,44.61,44.7,44.59,44.69,98818
2011-01-20 16:00:00,44.69,44.69,44.65,44.65,129887
2011-01-21 09:45:00,45.0,45.23,44.7501,45.03,214410
2011-01-21 10:00:00,45.03,45.28,45.0,45.07,117518
2011-01-21 10:15:00,45.09,45.2,45.03,45.15,57966
2011-01-21 10:30:00,45.15,45.19,44.99,45.01,71629
2011-01-21 10:45:00,45.01,45.03,44.99,45.0,66212
2011-01-21 11:00:00,45.01,45.01,44.82,44.825,43607
2011-01-21 11:15:00,44.81,44.86,44.735,44.77,46059
2011-01-21 11:30:00,44.78,44.79,44.745,44.76,111958
2011-01-21 11:45:00,44.76,44.77,44.6306,44.73,41526
2011-01-21 12:00:00,44.73,44.75,44.68,44.748999999999995,28265
2011-01-21 12:15:00,44.748999999999995,44.77,44.69,44.7,54562
2011-01-21 12:30:00,44.7,44.8,44.7,44.79,75970
2011-01-21 12:45:00,44.795,44.81,44.73,44.75,43099
2011-01-21 13:00:00,44.75,44.77,44.7,44.7,36558
2011-01-21 13:15:00,44.7,44.7667,44.66,44.7,39447
2011-01-21 13:30:00,44.71,44.86,44.7,44.83,59531
2011-01-21 13:45:00,44.83,44.91,44.8,44.84,86871
2011-01-21 14:00:00,44.83,44.92,44.8,44.91,43342
2011-01-21 14:15:00,44.89,44.89,44.82,44.821999999999996,21580
2011-01-21 14:30:00,44.82,44.84,44.79,44.81,35494
2011-01-21 14:45:00,44.8136,44.85,44.79,44.8043,28037
2011-01-21 15:00:00,44.8,44.89,44.8,44.85,34471
2011-01-21 15:15:00,44.84,44.845,44.66,44.66,35457
2011-01-21 15:30:00,44.6664,44.7,44.58,44.5898,29819
2011-01-21 15:45:00,44.59,44.7,44.585,44.6,56707
2011-01-21 16:00:00,44.6,44.61,44.55,44.6,70729
2011-01-24 09:45:00,44.55,44.62,44.14,44.38,102989
2011-01-24 10:00:00,44.35,44.41,44.1,44.2,125715
2011-01-24 10:15:00,44.2,44.22,44.102,44.21,94840
2011-01-24 10:30:00,44.21,44.23,44.12,44.19,90827
2011-01-24 10:45:00,44.19,44.23,44.11,44.19,108687
2011-01-24 11:00:00,44.19,44.34,44.18,44.32,43617
2011-01-24 11:15:00,44.32,44.32,44.26,44.3,26768
2011-01-24 11:30:00,44.282,44.3,44.23,44.25,26575
2011-01-24 11:45:00,44.25,44.27,44.22,44.255,34352
2011-01-24 12:00:00,44.2596,44.31,44.25,44.3,32249
2011-01-24 12:15:00,44.3,44.31,44.225,44.25,30923
2011-01-24 12:30:00,44.24,44.25,44.17,44.21,38305
2011-01-24 12:45:00,44.2,44.26,44.15,44.18,103016
2011-01-24 13:00:00,44.18,44.18,44.09,44.105,73137
2011-01-24 13:15:00,44.11,44.2,44.105,44.2,26685
2011-01-24 13:30:00,44.19,44.26,44.12,44.12,46034
2011-01-24 13:45:00,44.12,44.13,43.99,44.0,61627
2011-01-24 14:00:00,44.0,44.07,43.94,44.0,61623
2011-01-24 14:15:00,44.0088,44.11,43.99100000000001,44.04,34725
2011-01-24 14:30:00,44.04,44.18,44.035,44.16,35781
2011-01-24 14:45:00,44.16,44.22,44.16,44.211000000000006,116559
2011-01-24 15:00:00,44.22,44.25,44.2,44.24,52966
2011-01-24 15:15:00,44.245,44.28,44.233999999999995,44.265,70457
2011-01-24 15:30:00,44.27,44.34,44.27,44.29,143311
2011-01-24 15:45:00,44.29,44.42,44.28,44.41,68211
2011-01-24 16:00:00,44.4,44.5,44.34,44.49,152795
2011-01-25 09:45:00,44.44,44.44,44.13,44.26,37091
2011-01-25 10:00:00,44.24,44.32,44.16,44.21,27456
2011-01-25 10:15:00,44.22,44.26,43.89,43.89,68646
2011-01-25 10:30:00,43.89,43.91,43.81,43.87,50015
2011-01-25 10:45:00,43.87,44.12,43.87,44.12,38175
2011-01-25 11:00:00,44.12,44.33,44.12,44.25,52060
2011-01-25 11:15:00,44.2599,44.33,44.13,44.16,79728
2011-01-25 11:30:00,44.16,44.23,44.14,44.17,27281
2011-01-25 11:45:00,44.17,44.19,44.15,44.15,42439
2011-01-25 12:00:00,44.15,44.23,44.15,44.22,33809
2011-01-25 12:15:00,44.23,44.25,44.19,44.25,25939
2011-01-25 12:30:00,44.25,44.34,44.2366,44.3,27853
2011-01-25 12:45:00,44.31,44.41,44.295,44.41,18431
2011-01-25 13:00:00,44.41,44.42,44.305,44.318000000000005,28433
2011-01-25 13:15:00,44.32,44.42,44.295,44.42,40668
2011-01-25 13:30:00,44.4,44.42,44.375,44.39,22575
2011-01-25 13:45:00,44.39,44.43,44.36,44.43,22327
2011-01-25 14:00:00,44.43,44.54,44.43,44.5,37034
2011-01-25 14:15:00,44.48,44.48,44.34,44.35,34113
2011-01-25 14:30:00,44.35,44.38,44.22,44.28,76638
2011-01-25 14:45:00,44.275,44.3001,44.24,44.24,68685
2011-01-25 15:00:00,44.24,44.3,44.2,44.235,84488
2011-01-25 15:15:00,44.25,44.42,44.245,44.42,59914
2011-01-25 15:30:00,44.42,44.51,44.38,44.45,102270
2011-01-25 15:45:00,44.46,44.4612,44.34,44.37,104603
2011-01-25 16:00:00,44.38,44.48,44.3499,44.44,253576
2011-01-26 09:45:00,44.55,44.81,44.39,44.45,40974
2011-01-26 10:00:00,44.45,44.55,44.4,44.47,42351
2011-01-26 10:15:00,44.5,44.7,44.47,44.7,67493
2011-01-26 10:30:00,44.68,44.74,44.57,44.66,31887
2011-01-26 10:45:00,44.68,44.8895,44.67,44.87,14868
2011-01-26 11:00:00,44.84,44.9,44.72,44.81,16287
2011-01-26 11:15:00,44.8,44.88,44.79,44.88,26024
2011-01-26 11:30:00,44.86,44.89,44.79,44.83,46807
2011-01-26 11:45:00,44.83,44.88,44.76,44.84,31957
2011-01-26 12:00:00,44.81,44.84,44.69,44.69,20413
2011-01-26 12:15:00,44.7,44.85,44.67,44.8,19265
2011-01-26 12:30:00,44.82,44.82,44.75,44.79,11187
2011-01-26 12:45:00,44.79,44.82,44.75,44.78,15593
2011-01-26 13:00:00,44.78,44.79,44.74,44.74,21164
2011-01-26 13:15:00,44.74,44.74,44.69,44.72,11107
2011-01-26 13:30:00,44.7,44.72,44.68,44.72,16437
2011-01-26 13:45:00,44.72,44.77,44.7,44.76,16950
2011-01-26 14:00:00,44.74,44.83,44.74,44.8204,26544
2011-01-26 14:15:00,44.82,44.84,44.72,44.84,83884
2011-01-26 14:30:00,44.82,44.88,44.76,44.84,57722
2011-01-26 14:45:00,44.85,44.95,44.8,44.94,49872
2011-01-26 15:00:00,44.94,44.98,44.86,44.9,94981
2011-01-26 15:15:00,44.89,44.91,44.82,44.83,120248
2011-01-26 15:30:00,44.85,44.91,44.77,44.84,157017
2011-01-26 15:45:00,44.84,44.88,44.79,44.87,91278
2011-01-26 16:00:00,44.87,44.91,44.83,44.85,214892
2011-01-27 09:45:00,44.77,45.0,44.72,44.95,56450
2011-01-27 10:00:00,44.95,45.05,44.93,44.99,37420
2011-01-27 10:15:00,45.03,45.09,44.94,44.95,24557
2011-01-27 10:30:00,44.94,44.99,44.92,44.99,35819
2011-01-27 10:45:00,44.99,44.99,44.885,44.95,20676
2011-01-27 11:00:00,44.95,44.99,44.79,44.86,35267
2011-01-27 11:15:00,44.8502,44.86,44.72,44.73,54840
2011-01-27 11:30:00,44.72,44.74,44.61,44.7,42611
2011-01-27 11:45:00,44.7176,44.82,44.7,44.763999999999996,22527
2011-01-27 12:00:00,44.763999999999996,44.82,44.7,44.8,21026
2011-01-27 12:15:00,44.8,44.84,44.78,44.8,21824
2011-01-27 12:30:00,44.79,44.89,44.78,44.89,23583
2011-01-27 12:45:00,44.89,45.019,44.84,44.98,30594
2011-01-27 13:00:00,44.98,44.98,44.9,44.92,25584
2011-01-27 13:15:00,44.94,44.99,44.91,44.99,25435
2011-01-27 13:30:00,44.99,45.0,44.94,44.95,21141
2011-01-27 13:45:00,44.95,44.95,44.89,44.91,66580
2011-01-27 14:00:00,44.9,44.98,44.89,44.97,33459
2011-01-27 14:15:00,44.97,44.98,44.9,44.95,25152
2011-01-27 14:30:00,44.95,44.97,44.91,44.949,22049
2011-01-27 14:45:00,44.95,44.97,44.9,44.91,45427
2011-01-27 15:00:00,44.92,44.96,44.91,44.95,31220
2011-01-27 15:15:00,44.95,44.97,44.89,44.95,34447
2011-01-27 15:30:00,44.95,44.97,44.9,44.95,42928
2011-01-27 15:45:00,44.94,44.97,44.93,44.95,56596
2011-01-27 16:00:00,44.94,44.99,44.915,44.99,97771
2011-01-28 09:45:00,44.98,45.05,44.78,45.04,26709
2011-01-28 10:00:00,45.02,45.02,44.56,44.72,24076
2011-01-28 10:15:00,44.7,44.76,44.59,44.66,49647
2011-01-28 10:30:00,44.67,44.7616,44.59,44.59,33375
2011-01-28 10:45:00,44.58,44.6,44.5,44.56,34129
2011-01-28 11:00:00,44.56,44.56,44.45,44.49,13600
2011-01-28 11:15:00,44.49,44.52,44.47,44.5,34936
2011-01-28 11:30:00,44.5,44.52,44.4,44.44,35833
2011-01-28 11:45:00,44.43,44.43,44.22,44.2267,24182
2011-01-28 12:00:00,44.22,44.25,44.11,44.15,22040
2011-01-28 12:15:00,44.14,44.14,43.96,43.96,60824
2011-01-28 12:30:00,43.96,44.01,43.92,43.94,107712
2011-01-28 12:45:00,43.93,44.07,43.93,44.04,29324
2011-01-28 13:00:00,44.04,44.06,43.98,44.02,29164
2011-01-28 13:15:00,44.03,44.03,43.95,43.96,53676
2011-01-28 13:30:00,43.9501,44.0,43.91,43.96,24502
2011-01-28 13:45:00,43.97,43.99,43.91,43.9392,16658
2011-01-28 14:00:00,43.9396,43.96,43.9015,43.94,12289
2011-01-28 14:15:00,43.94,44.1,43.925,44.07,80054
2011-01-28 14:30:00,44.07,44.07,43.98,44.02,16570
2011-01-28 14:45:00,44.02,44.0328,43.93,43.966,16929
2011-01-28 15:00:00,43.97,44.07,43.92,44.02,39217
2011-01-28 15:15:00,44.0201,44.0201,43.9,43.925,33042
2011-01-28 15:30:00,43.92,43.96,43.89,43.91,66510
2011-01-28 15:45:00,43.9,43.95,43.84,43.85,56026
2011-01-28 16:00:00,43.86,43.93,43.81,43.91,106542
2011-01-31 09:45:00,44.09,44.13,43.8,43.99,54066
2011-01-31 10:00:00,43.95,43.99,43.8,43.96,58648
2011-01-31 10:15:00,43.95,44.05,43.82,43.99,51254
2011-01-31 10:30:00,43.98,44.12,43.89,44.005,54467
2011-01-31 10:45:00,44.02,44.13,44.02,44.115,33368
2011-01-31 11:00:00,44.13,44.25,44.11,44.21,60155
2011-01-31 11:15:00,44.21,44.25,44.19,44.19,44406
2011-01-31 11:30:00,44.19,44.22,44.14,44.19,44378
2011-01-31 11:45:00,44.2001,44.25,44.18,44.25,22165
2011-01-31 12:00:00,44.25,44.3,44.23,44.28,37648
2011-01-31 12:15:00,44.28,44.31,44.26,44.285,70383
2011-01-31 12:30:00,44.29,44.31,44.22,44.3048,52695
2011-01-31 12:45:00,44.305,44.305,44.26,44.28,26561
2011-01-31 13:00:00,44.28,44.28,44.135,44.16,36857
2011-01-31 13:15:00,44.16,44.16,44.0975,44.12,35079
2011-01-31 13:30:00,44.1175,44.12,44.035,44.05,24390
2011-01-31 13:45:00,44.05,44.05,43.96,43.97,51788
2011-01-31 14:00:00,43.9899,44.15,43.9899,44.14,39754
2011-01-31 14:15:00,44.15,44.165,44.04,44.04,31178
2011-01-31 14:30:00,44.04,44.06,44.02,44.02,18819
2011-01-31 14:45:00,44.02,44.05,43.97,44.05,19569
2011-01-31 15:00:00,44.05,44.05,43.97,44.01,24244
2011-01-31 15:15:00,44.01,44.12,44.0,44.11,42970
2011-01-31 15:30:00,44.1,44.14,44.035,44.04,43954
2011-01-31 15:45:00,44.04,44.06,44.0,44.02,54201
2011-01-31 16:00:00,44.02,44.09,43.99,44.09,121261
2011-02-01 09:45:00,44.31,44.49,44.14,44.31,98866
2011-02-01 10:00:00,44.28,44.34,43.86,43.96,143102
2011-02-01 10:15:00,43.97,44.12,43.86,44.025,118888
2011-02-01 10:30:00,44.02,44.02,43.87,43.9,83042
2011-02-01 10:45:00,43.8904,43.8904,43.56,43.8,67686
2011-02-01 11:00:00,43.8,43.81,43.67,43.781000000000006,53778
2011-02-01 11:15:00,43.79,43.931000000000004,43.66,43.9,188403
2011-02-01 11:30:00,43.9,43.91,43.8499,43.86,51987
2011-02-01 11:45:00,43.86,43.91,43.7971,43.83,35248
2011-02-01 12:00:00,43.82,43.83,43.735,43.8,58672
2011-02-01 12:15:00,43.8,43.8,43.74,43.74,56232
2011-02-01 12:30:00,43.73,43.8,43.69,43.74,48107
2011-02-01 12:45:00,43.74,43.8,43.67,43.69,40823
2011-02-01 13:00:00,43.69,43.695,43.58,43.615,83117
2011-02-01 13:15:00,43.615,43.67,43.58,43.58,65756
2011-02-01 13:30:00,43.585,43.59,43.48,43.49,40218
2011-02-01 13:45:00,43.49,43.62,43.49,43.619,39123
2011-02-01 14:00:00,43.62,43.63,43.54,43.56,44098
2011-02-01 14:15:00,43.55,43.63,43.55,43.56,39745
2011-02-01 14:30:00,43.57,43.64,43.56,43.57,50165
2011-02-01 14:45:00,43.56,43.72,43.52,43.715,56196
2011-02-01 15:00:00,43.72,43.89,43.71,43.87,125106
2011-02-01 15:15:00,43.86,43.9,43.795,43.8,60542
2011-02-01 15:30:00,43.8,43.87,43.795,43.86,215845
2011-02-01 15:45:00,43.86,43.88,43.8,43.88,95027
2011-02-01 16:00:00,43.88,43.91,43.795,43.85,130764
2011-02-02 09:45:00,43.79,44.21,43.45,43.77,100918
2011-02-02 10:00:00,43.75,43.83,43.346000000000004,43.4,233641
2011-02-02 10:15:00,43.4,43.6,43.28,43.54,134049
2011-02-02 10:30:00,43.54,43.59,43.38,43.42,67143
2011-02-02 10:45:00,43.42,43.46,43.14,43.19,106507
2011-02-02 11:00:00,43.21,43.21,43.09,43.15,76821
2011-02-02 11:15:00,43.15,43.37,43.15,43.29,106262
2011-02-02 11:30:00,43.295,43.32,43.22,43.25,55949
2011-02-02 11:45:00,43.25,43.27,43.21,43.26,30415
2011-02-02 12:00:00,43.25,43.32,43.22,43.28,61016
2011-02-02 12:15:00,43.28,43.28,43.2101,43.24,30818
2011-02-02 12:30:00,43.24,43.25,43.21,43.25,37738
2011-02-02 12:45:00,43.25,43.28,43.24,43.28,56890
2011-02-02 13:00:00,43.28,43.4,43.28,43.4,133308
2011-02-02 13:15:00,43.4,43.43,43.395,43.41,72777
2011-02-02 13:30:00,43.41,43.43,43.38,43.42,20503
2011-02-02 13:45:00,43.4299,43.46,43.41,43.45,17557
2011-02-02 14:00:00,43.45,43.55,43.44,43.54,33047
2011-02-02 14:15:00,43.5499,43.61,43.52,43.61,22726
2011-02-02 14:30:00,43.61,43.66,43.6,43.63,26995
2011-02-02 14:45:00,43.63,43.63,43.58,43.6,21041
2011-02-02 15:00:00,43.6,43.6,43.52,43.58,23803
2011-02-02 15:15:00,43.58,43.645,43.58,43.61,53844
2011-02-02 15:30:00,43.61,43.61,43.53,43.54,32029
2011-02-02 15:45:00,43.53,43.57,43.48,43.48,56451
2011-02-02 16:00:00,43.49,43.49,43.36,43.4,179059
2011-02-03 09:45:00,43.3,43.9,43.3,43.645,113783
2011-02-03 10:00:00,43.655,43.73,43.51,43.57,64381
2011-02-03 10:15:00,43.59,43.88,43.56,43.75,99972
2011-02-03 10:30:00,43.75,43.812,43.69,43.8,69463
2011-02-03 10:45:00,43.8,43.96,43.73,43.95,44463
2011-02-03 11:00:00,43.96,44.06,43.94,43.99,51032
2011-02-03 11:15:00,43.99,44.0,43.92,43.9601,22831
2011-02-03 11:30:00,43.9675,44.03,43.94,43.9771,72676
2011-02-03 11:45:00,43.98,44.27,43.98,44.17,72047
2011-02-03 12:00:00,44.18,44.45,44.18,44.41,53289
2011-02-03 12:15:00,44.41,44.43,44.18,44.2,42441
2011-02-03 12:30:00,44.2,44.2,44.08,44.09,92448
2011-02-03 12:45:00,44.1,44.24,44.08,44.21,68038
2011-02-03 13:00:00,44.2002,44.37,44.2002,44.36,30290
2011-02-03 13:15:00,44.36,44.37,44.3,44.32,24213
2011-02-03 13:30:00,44.3201,44.42,44.32,44.41,28762
2011-02-03 13:45:00,44.41,44.43,44.34,44.38,39182
2011-02-03 14:00:00,44.38,44.4,44.34,44.35,61430
2011-02-03 14:15:00,44.36,44.47,44.36,44.45,46503
2011-02-03 14:30:00,44.4499,44.53,44.42,44.5,87275
2011-02-03 14:45:00,44.5,44.52,44.42,44.505,58177
2011-02-03 15:00:00,44.51,44.66,44.51,44.65,59238
2011-02-03 15:15:00,44.6599,44.66,44.61,44.63,68137
2011-02-03 15:30:00,44.64,44.69,44.635,44.69,65054
2011-02-03 15:45:00,44.7,44.71,44.59,44.615,159695
2011-02-03 16:00:00,44.61,44.65,44.55,44.56,262761
2011-02-04 09:45:00,44.68,44.78,44.44,44.6,68351
2011-02-04 10:00:00,44.57,44.83,44.52,44.83,28248
2011-02-04 10:15:00,44.83,45.05,44.76,44.97,41087
2011-02-04 10:30:00,44.9701,44.9701,44.81,44.92,58592
2011-02-04 10:45:00,44.9,44.93,44.71,44.8,24139
2011-02-04 11:00:00,44.8,44.91,44.72,44.72,49132
2011-02-04 11:15:00,44.73,44.76,44.69,44.7,48326
2011-02-04 11:30:00,44.7,44.79,44.7,44.79,32433
2011-02-04 11:45:00,44.79,44.8552,44.79,44.85,32475
2011-02-04 12:00:00,44.84,44.91,44.84,44.9,32672
2011-02-04 12:15:00,44.9,44.92,44.8071,44.82,20645
2011-02-04 12:30:00,44.81,44.81,44.7,44.7128,51244
2011-02-04 12:45:00,44.72,44.84,44.71,44.84,24690
2011-02-04 13:00:00,44.84,44.89,44.83,44.87,17734
2011-02-04 13:15:00,44.86,44.96,44.86,44.96,27795
2011-02-04 13:30:00,44.96,45.0,44.96,44.9796,27837
2011-02-04 13:45:00,44.975,44.975,44.88,44.89,19271
2011-02-04 14:00:00,44.89,44.94,44.88,44.89,21923
2011-02-04 14:15:00,44.89,44.91,44.8,44.8,29283
2011-02-04 14:30:00,44.81,44.88,44.8,44.81,19526
2011-02-04 14:45:00,44.805,44.8648,44.8,44.855,25778
2011-02-04 15:00:00,44.86,44.96,44.84,44.91,39444
2011-02-04 15:15:00,44.91,44.97,44.87,44.87,36394
2011-02-04 15:30:00,44.875,44.91,44.83,44.88,45045
2011-02-04 15:45:00,44.89,44.91,44.8,44.8,56179
2011-02-04 16:00:00,44.8,44.85,44.69,44.85,122320
2011-02-07 09:45:00,43.5,45.01,43.45,44.78,303644
2011-02-07 10:00:00,44.77,45.19,44.51,44.9999,183638
2011-02-07 10:15:00,44.9999,45.49,44.97,45.4799,187806
2011-02-07 10:30:00,45.45,45.8,45.45,45.5868,103873
2011-02-07 10:45:00,45.58,45.79,45.53,45.65,86626
2011-02-07 11:00:00,45.631,45.632,45.36,45.375,65167
2011-02-07 11:15:00,45.3771,45.63,45.375,45.51,66747
2011-02-07 11:30:00,45.52,45.7,45.47,45.618,41012
2011-02-07 11:45:00,45.62,45.82,45.61,45.645,33583
2011-02-07 12:00:00,45.63,45.7152,45.56,45.65,32460
2011-02-07 12:15:00,45.66,45.69,45.57,45.61,30749
2011-02-07 12:30:00,45.595,45.6,45.51,45.53,54105
2011-02-07 12:45:00,45.55,45.61,45.5,45.511,30171
2011-02-07 13:00:00,45.49,45.55,45.4,45.4124,30054
2011-02-07 13:15:00,45.41,45.42,45.31,45.34,44400
2011-02-07 13:30:00,45.33,45.39,45.3,45.31,33208
2011-02-07 13:45:00,45.305,45.44,45.3,45.35,39067
2011-02-07 14:00:00,45.35,45.37,45.3,45.32,25365
2011-02-07 14:15:00,45.33,45.46,45.325,45.45,43813
2011-02-07 14:30:00,45.45,45.65,45.45,45.58,63537
2011-02-07 14:45:00,45.58,45.72,45.57,45.72,51916
2011-02-07 15:00:00,45.71,45.76,45.62,45.665,84289
2011-02-07 15:15:00,45.66,45.7,45.49,45.5101,59182
2011-02-07 15:30:00,45.5101,45.66,45.5101,45.57,46504
2011-02-07 15:45:00,45.57,45.67,45.57,45.645,80317
2011-02-07 16:00:00,45.65,45.6801,45.6,45.66,181077
2011-02-08 09:45:00,45.59,45.73,45.45,45.47,39851
2011-02-08 10:00:00,45.46,45.46,45.21,45.39,28248
2011-02-08 10:15:00,45.39,45.63,45.34,45.63,28866
2011-02-08 10:30:00,45.63,45.75,45.56,45.74,26591
2011-02-08 10:45:00,45.77,45.78,45.66,45.705,20529
2011-02-08 11:00:00,45.71,45.7978,45.65,45.65,27861
2011-02-08 11:15:00,45.65,45.67,45.39,45.45,39617
2011-02-08 11:30:00,45.46,45.5693,45.46,45.543,16868
2011-02-08 11:45:00,45.57,45.63,45.57,45.61,8128
2011-02-08 12:00:00,45.63,45.74,45.58,45.58,10193
2011-02-08 12:15:00,45.58,45.675,45.57,45.62,34763
2011-02-08 12:30:00,45.63,45.7,45.62,45.62,6598
2011-02-08 12:45:00,45.6188,45.65,45.53,45.55,8888
2011-02-08 13:00:00,45.555,45.655,45.555,45.59,16758
2011-02-08 13:15:00,45.6,45.6699,45.55,45.65,15672
2011-02-08 13:30:00,45.6472,45.73,45.6472,45.725,14872
2011-02-08 13:45:00,45.71,45.78,45.705,45.775,15750
2011-02-08 14:00:00,45.78,45.78,45.7201,45.775,7974
2011-02-08 14:15:00,45.775,45.805,45.775,45.8,20453
2011-02-08 14:30:00,45.795,45.7998,45.65,45.675,43521
2011-02-08 14:45:00,45.67,45.68,45.63,45.6564,25642
2011-02-08 15:00:00,45.66,45.66,45.57,45.65,21878
2011-02-08 15:15:00,45.65,45.74,45.64,45.735,19004
2011-02-08 15:30:00,45.73,45.74,45.63,45.635,16779
2011-02-08 15:45:00,45.64,45.7,45.64,45.7,56695
2011-02-08 16:00:00,45.7,45.85,45.7,45.83,139009
2011-02-09 09:45:00,45.72,45.82,45.6,45.79,23764
2011-02-09 10:00:00,45.79,45.85,45.61,45.85,58220
2011-02-09 10:15:00,45.86,46.02,45.75,45.75,35109
2011-02-09 10:30:00,45.74,45.85,45.73,45.85,8977
2011-02-09 10:45:00,45.835,45.95,45.75,45.76,24629
2011-02-09 11:00:00,45.75,45.77,45.71,45.75,24033
2011-02-09 11:15:00,45.72,45.731,45.66,45.73,19420
2011-02-09 11:30:00,45.7,45.74,45.57,45.58,80171
2011-02-09 11:45:00,45.57,45.595,45.51,45.55,27536
2011-02-09 12:00:00,45.55,45.59,45.34,45.39,35846
2011-02-09 12:15:00,45.39,45.39,45.3,45.35,46441
2011-02-09 12:30:00,45.34,45.42,45.321000000000005,45.4,28131
2011-02-09 12:45:00,45.42,45.47,45.38,45.46,21987
2011-02-09 13:00:00,45.45,45.53,45.44,45.44,11688
2011-02-09 13:15:00,45.44,45.58,45.44,45.58,7264
2011-02-09 13:30:00,45.57,45.65,45.56,45.63,17036
2011-02-09 13:45:00,45.63,45.64,45.62,45.625,7627
2011-02-09 14:00:00,45.625,45.625,45.57,45.59,20486
2011-02-09 14:15:00,45.58,45.59,45.47,45.47,54903
2011-02-09 14:30:00,45.47,45.51,45.45,45.51,16820
2011-02-09 14:45:00,45.49,45.5398,45.49,45.52,20163
2011-02-09 15:00:00,45.51,45.54,45.48,45.54,14540
2011-02-09 15:15:00,45.53,45.58,45.53,45.55,38002
2011-02-09 15:30:00,45.56,45.56,45.51,45.56,23628
2011-02-09 15:45:00,45.56,45.56,45.48,45.51,51367
2011-02-09 16:00:00,45.51,45.55,45.45,45.52,177684
2011-02-10 09:45:00,45.39,45.42,45.19,45.37,34750
2011-02-10 10:00:00,45.39,45.45,45.34,45.34,26616
2011-02-10 10:15:00,45.35,45.48,45.3,45.46,34479
2011-02-10 10:30:00,45.48,45.54,45.32,45.4585,34342
2011-02-10 10:45:00,45.44,45.595,45.31,45.44,46443
2011-02-10 11:00:00,45.45,45.5599,45.43,45.47,17509
2011-02-10 11:15:00,45.45,45.51,45.44,45.49,13102
2011-02-10 11:30:00,45.49,45.57,45.36,45.54,45914
2011-02-10 11:45:00,45.54,45.66,45.54,45.58,20900
2011-02-10 12:00:00,45.6,45.66,45.5899,45.59,14596
2011-02-10 12:15:00,45.59,45.62,45.57,45.575,21330
2011-02-10 12:30:00,45.58,45.59,45.49,45.5001,20559
2011-02-10 12:45:00,45.5,45.57,45.44,45.44,16137
2011-02-10 13:00:00,45.44,45.53,45.34,45.35,41713
2011-02-10 13:15:00,45.36,45.47,45.36,45.47,59462
2011-02-10 13:30:00,45.47,45.53,45.44,45.45,23393
2011-02-10 13:45:00,45.45,45.48,45.42,45.47,25026
2011-02-10 14:00:00,45.48,45.54,45.48,45.52,19981
2011-02-10 14:15:00,45.52,45.6,45.515,45.515,18450
2011-02-10 14:30:00,45.52,45.62,45.5,45.53,26728
2011-02-10 14:45:00,45.56,45.61,45.55,45.56,30624
2011-02-10 15:00:00,45.5526,45.63,45.55,45.61,31166
2011-02-10 15:15:00,45.6,45.645,45.6,45.6429,19389
2011-02-10 15:30:00,45.65,45.73,45.6,45.72,45046
2011-02-10 15:45:00,45.72,45.72,45.54,45.62,60525
2011-02-10 16:00:00,45.63,45.69,45.525,45.66,133161
2011-02-11 09:45:00,45.46,45.6,45.35,45.43,35617
2011-02-11 10:00:00,45.42,45.75,45.365,45.55,40686
2011-02-11 10:15:00,45.53,45.54,45.38,45.38,28804
2011-02-11 10:30:00,45.37,45.44,45.33,45.44,24695
2011-02-11 10:45:00,45.44,45.47,45.4,45.44,42752
2011-02-11 11:00:00,45.44,45.51,45.44,45.51,37431
2011-02-11 11:15:00,45.51,45.72,45.5,45.53,36511
2011-02-11 11:30:00,45.53,45.53,45.44,45.445,34436
2011-02-11 11:45:00,45.44,45.45,45.32,45.36,20082
2011-02-11 12:00:00,45.36,45.435,45.36,45.41,14799
2011-02-11 12:15:00,45.41,45.43,45.35,45.36,21424
2011-02-11 12:30:00,45.37,45.42,45.35,45.41,17740
2011-02-11 12:45:00,45.4,45.45,45.4,45.41,16444
2011-02-11 13:00:00,45.4,45.41,45.385,45.406000000000006,8441
2011-02-11 13:15:00,45.408,45.4195,45.38,45.4,14718
2011-02-11 13:30:00,45.4,45.405,45.38,45.39,17162
2011-02-11 13:45:00,45.39,45.43,45.38,45.42,16477
2011-02-11 14:00:00,45.42,45.4288,45.39,45.42,14455
2011-02-11 14:15:00,45.41,45.4775,45.41,45.4775,26101
2011-02-11 14:30:00,45.48,45.51,45.47,45.47,10797
2011-02-11 14:45:00,45.48,45.57,45.47,45.551,25052
2011-02-11 15:00:00,45.556000000000004,45.57,45.52,45.53,53118
2011-02-11 15:15:00,45.525,45.53,45.43,45.449,138388
2011-02-11 15:30:00,45.4495,45.48,45.385,45.46,80662
2011-02-11 15:45:00,45.46,45.47,45.43,45.46,72463
2011-02-11 16:00:00,45.45,45.5,45.42,45.45,208324
2011-02-14 09:45:00,45.27,45.3,44.91,45.07,164332
2011-02-14 10:00:00,45.07,45.22,45.0,45.0,29036
2011-02-14 10:15:00,45.01,45.13,45.0,45.07,48270
2011-02-14 10:30:00,45.08,45.17,45.06,45.12,48064
2011-02-14 10:45:00,45.14,45.16,45.07,45.09,41596
2011-02-14 11:00:00,45.09,45.16,45.089,45.16,41293
2011-02-14 11:15:00,45.16,45.19,45.15,45.1713,39036
2011-02-14 11:30:00,45.17,45.18,45.11,45.12,14941
2011-02-14 11:45:00,45.1,45.14,45.02,45.1302,35126
2011-02-14 12:00:00,45.14,45.14,45.065,45.07,17177
2011-02-14 12:15:00,45.075,45.08,45.04,45.0449,22079
2011-02-14 12:30:00,45.05,45.065,45.0,45.03,30472
2011-02-14 12:45:00,45.02,45.06,45.0,45.04,66812
2011-02-14 13:00:00,45.04,45.09,44.93,45.08,47300
2011-02-14 13:15:00,45.08,45.12,45.08,45.1096,20943
2011-02-14 13:30:00,45.1,45.12,45.06,45.06,25106
2011-02-14 13:45:00,45.05,45.1,45.04,45.06,18099
2011-02-14 14:00:00,45.06,45.06,45.04,45.05,21512
2011-02-14 14:15:00,45.05,45.07,45.03,45.06,24421
2011-02-14 14:30:00,45.055,45.07,45.04,45.06,38586
2011-02-14 14:45:00,45.06,45.07,45.02,45.06,32054
2011-02-14 15:00:00,45.06,45.14,45.06,45.1201,62471
2011-02-14 15:15:00,45.13,45.14,45.095,45.1,53902
2011-02-14 15:30:00,45.1,45.105,45.06,45.06,31387
2011-02-14 15:45:00,45.07,45.11,45.02,45.1,76662
2011-02-14 16:00:00,45.11,45.12,45.04,45.09,78997
2011-02-15 09:45:00,44.78,45.01,44.51,44.67,53399
2011-02-15 10:00:00,44.67,44.72,44.39,44.41,77890
2011-02-15 10:15:00,44.41,44.42,44.18,44.23,135427
2011-02-15 10:30:00,44.23,44.23,44.06,44.06,85858
2011-02-15 10:45:00,44.09,44.2,44.04,44.14,74506
2011-02-15 11:00:00,44.14,44.17,44.06,44.07,112207
2011-02-15 11:15:00,44.08,44.13,44.07,44.12,46891
2011-02-15 11:30:00,44.12,44.16,44.1,44.115,160743
2011-02-15 11:45:00,44.115,44.369,44.11,44.32,66575
2011-02-15 12:00:00,44.3385,44.339,44.21,44.25,30851
2011-02-15 12:15:00,44.25,44.35,44.2348,44.33,54267
2011-02-15 12:30:00,44.34,44.42,44.34,44.385,18230
2011-02-15 12:45:00,44.39,44.41,44.39,44.41,16248
2011-02-15 13:00:00,44.41,44.43,44.4,44.43,17469
2011-02-15 13:15:00,44.42,44.43,44.37,44.4,16037
2011-02-15 13:30:00,44.41,44.42,44.32,44.34,31681
2011-02-15 13:45:00,44.3378,44.4,44.32,44.4,12113
2011-02-15 14:00:00,44.3975,44.4002,44.34,44.34,29236
2011-02-15 14:15:00,44.335,44.335,44.2,44.2,68380
2011-02-15 14:30:00,44.2,44.21,44.15,44.18,47557
2011-02-15 14:45:00,44.18,44.23,44.15,44.17,28907
2011-02-15 15:00:00,44.17,44.18,44.14,44.16,30924
2011-02-15 15:15:00,44.1612,44.2,44.13,44.14,78567
2011-02-15 15:30:00,44.15,44.15,44.1,44.13,61074
2011-02-15 15:45:00,44.13,44.18,44.1,44.18,67583
2011-02-15 16:00:00,44.17,44.26,44.13,44.26,182126
2011-02-16 09:45:00,44.49,44.55,44.29,44.47,50316
2011-02-16 10:00:00,44.48,44.62,44.35,44.36,74053
2011-02-16 10:15:00,44.36,44.36,44.22,44.295,39025
2011-02-16 10:30:00,44.29,44.38,44.25,44.3,74574
2011-02-16 10:45:00,44.3,44.56,44.29,44.41,158795
2011-02-16 11:00:00,44.43,44.48,44.41,44.475,50840
2011-02-16 11:15:00,44.4782,44.59,44.45,44.49,205837
2011-02-16 11:30:00,44.5,44.58,44.49,44.5389,66417
2011-02-16 11:45:00,44.53,44.6,44.53,44.59,42073
2011-02-16 12:00:00,44.59,44.67,44.56,44.61,54036
2011-02-16 12:15:00,44.61,44.65,44.55,44.6,90039
2011-02-16 12:30:00,44.62,44.73,44.58,44.73,45067
2011-02-16 12:45:00,44.73,44.84,44.69,44.69,39485
2011-02-16 13:00:00,44.69,44.74,44.64,44.72,16845
2011-02-16 13:15:00,44.73,44.735,44.64,44.675,26499
2011-02-16 13:30:00,44.69,44.69,44.57,44.583999999999996,6446
2011-02-16 13:45:00,44.57,44.62,44.55,44.59,29063
2011-02-16 14:00:00,44.61,44.7,44.6,44.68,41899
2011-02-16 14:15:00,44.69,44.81,44.66,44.69,111562
2011-02-16 14:30:00,44.69,44.845,44.69,44.8,61383
2011-02-16 14:45:00,44.81,45.0,44.81,44.93,97584
2011-02-16 15:00:00,44.9398,44.96,44.8401,44.85,77755
2011-02-16 15:15:00,44.85,44.94,44.84,44.89,131507
2011-02-16 15:30:00,44.9,44.915,44.84,44.85,102444
2011-02-16 15:45:00,44.84,44.92,44.83,44.84,143412
2011-02-16 16:00:00,44.86,44.89,44.73,44.75,364037
2011-02-17 09:45:00,44.59,44.84,44.58,44.71,36245
2011-02-17 10:00:00,44.7535,44.99,44.7535,44.88,54621
2011-02-17 10:15:00,44.9,45.41,44.9,45.41,127703
2011-02-17 10:30:00,45.4285,45.95,45.37,45.95,97014
2011-02-17 10:45:00,45.96,46.16,45.76,45.8,164946
2011-02-17 11:00:00,45.8,45.87,45.7,45.8,75544
2011-02-17 11:15:00,45.83,45.83,45.62,45.63,62992
2011-02-17 11:30:00,45.63,45.7,45.56,45.58,63547
2011-02-17 11:45:00,45.56,45.74,45.55,45.68,43450
2011-02-17 12:00:00,45.68,45.71,45.65,45.65,45491
2011-02-17 12:15:00,45.64,45.69,45.6,45.63,52597
2011-02-17 12:30:00,45.63,45.65,45.56,45.64,40046
2011-02-17 12:45:00,45.65,45.68,45.64,45.64,20531
2011-02-17 13:00:00,45.63,45.63,45.6,45.61,22127
2011-02-17 13:15:00,45.615,45.64,45.59,45.625,23147
2011-02-17 13:30:00,45.625,45.71,45.62,45.71,34838
2011-02-17 13:45:00,45.7,45.708999999999996,45.65,45.66,14510
2011-02-17 14:00:00,45.66,45.663999999999994,45.63,45.6382,10561
2011-02-17 14:15:00,45.63,45.66,45.61,45.625,24893
2011-02-17 14:30:00,45.63,45.79,45.625,45.66,70621
2011-02-17 14:45:00,45.66,45.68,45.61,45.63,34190
2011-02-17 15:00:00,45.61,45.648999999999994,45.57,45.625,28519
2011-02-17 15:15:00,45.63,45.66,45.61,45.62,21231
2011-02-17 15:30:00,45.62,45.7,45.61,45.69,34369
2011-02-17 15:45:00,45.7,45.7,45.655,45.68,58663
2011-02-17 16:00:00,45.68,45.69,45.605,45.61,132288
2011-02-18 09:45:00,45.5,45.755,45.5,45.66,135275
2011-02-18 10:00:00,45.61,45.78,45.57,45.78,18529
2011-02-18 10:15:00,45.78,45.84,45.58,45.62,24900
2011-02-18 10:30:00,45.62,45.63,45.53,45.5801,25087
2011-02-18 10:45:00,45.6,45.63,45.58,45.6,17260
2011-02-18 11:00:00,45.59,45.6,45.56,45.58,14430
2011-02-18 11:15:00,45.59,45.59,45.55,45.59,14637
2011-02-18 11:30:00,45.59,45.62,45.57,45.62,22252
2011-02-18 11:45:00,45.62,45.67,45.61,45.63,15157
2011-02-18 12:00:00,45.635,45.64,45.58,45.595,27027
2011-02-18 12:15:00,45.59,45.64,45.59,45.64,23520
2011-02-18 12:30:00,45.64,45.72,45.615,45.69,46620
2011-02-18 12:45:00,45.7,45.71,45.648,45.67,22131
2011-02-18 13:00:00,45.67,45.75,45.66,45.71,36073
2011-02-18 13:15:00,45.71,45.775,45.7,45.77,24653
2011-02-18 13:30:00,45.77,45.77,45.72,45.74,21505
2011-02-18 13:45:00,45.74,45.75,45.72,45.72,23701
2011-02-18 14:00:00,45.73,45.84,45.715,45.83,27449
2011-02-18 14:15:00,45.83,45.85,45.8,45.85,26679
2011-02-18 14:30:00,45.85,45.86,45.75,45.78,35196
2011-02-18 14:45:00,45.79,45.8,45.75,45.75,23679
2011-02-18 15:00:00,45.76,45.775,45.74,45.77,27350
2011-02-18 15:15:00,45.77,45.78,45.74,45.74,31590
2011-02-18 15:30:00,45.75,45.77,45.74,45.74,30799
2011-02-18 15:45:00,45.74,45.74,45.6925,45.71,49561
2011-02-18 16:00:00,45.71,45.76,45.7,45.74,91331
2011-02-22 09:45:00,45.26,45.5,45.26,45.2999,47343
2011-02-22 10:00:00,45.29,45.52,45.28,45.5,17677
2011-02-22 10:15:00,45.5,45.57,45.37,45.44,32838
2011-02-22 10:30:00,45.44,45.56,45.43,45.43,20659
2011-02-22 10:45:00,45.43,45.5,45.3001,45.45,33732
2011-02-22 11:00:00,45.45,45.51,45.36,45.36,29791
2011-02-22 11:15:00,45.3597,45.3597,45.2,45.2,18491
2011-02-22 11:30:00,45.2,45.2,45.09,45.13,31860
2011-02-22 11:45:00,45.13,45.15,45.07,45.13,38482
2011-02-22 12:00:00,45.12,45.16,45.03,45.141000000000005,39557
2011-02-22 12:15:00,45.14,45.16,45.1,45.12,29773
2011-02-22 12:30:00,45.12,45.121,45.06,45.08,25701
2011-02-22 12:45:00,45.0775,45.13,45.04,45.07,18305
2011-02-22 13:00:00,45.07,45.13,44.98,45.0719,37432
2011-02-22 13:15:00,45.07,45.15,45.02,45.14,30448
2011-02-22 13:30:00,45.13,45.14,45.04,45.06,46585
2011-02-22 13:45:00,45.07,45.105,44.99,45.0,45728
2011-02-22 14:00:00,45.0,45.05,44.99,45.03,23605
2011-02-22 14:15:00,45.0223,45.0223,44.88,44.91,18278
2011-02-22 14:30:00,44.93,44.94,44.83,44.91,17967
2011-02-22 14:45:00,44.9299,44.98,44.9,44.925,22735
2011-02-22 15:00:00,44.93,45.05,44.93,45.0,29949
2011-02-22 15:15:00,45.0,45.03,44.89,44.91,60864
2011-02-22 15:30:00,44.91,44.95,44.85,44.9,55082
2011-02-22 15:45:00,44.91,44.94,44.83,44.86,56314
2011-02-22 16:00:00,44.86,45.01,44.85,45.01,140791
2011-02-23 09:45:00,44.91,44.99,44.56,44.59,62775
2011-02-23 10:00:00,44.58,44.86,44.52,44.71,88018
2011-02-23 10:15:00,44.71,44.78,44.47,44.5,65885
2011-02-23 10:30:00,44.52,44.52,44.33,44.435,55982
2011-02-23 10:45:00,44.44,44.4625,44.28,44.45,90440
2011-02-23 11:00:00,44.45,44.525,44.39,44.51,29173
2011-02-23 11:15:00,44.5,44.53,44.3,44.32,46221
2011-02-23 11:30:00,44.31,44.35,44.3,44.3,70977
2011-02-23 11:45:00,44.3,44.32,44.14,44.14,52771
2011-02-23 12:00:00,44.14,44.21,44.08,44.168,19643
2011-02-23 12:15:00,44.1694,44.18,44.0,44.06,37477
2011-02-23 12:30:00,44.06,44.06,43.92,44.04,41801
2011-02-23 12:45:00,44.04,44.13,44.02,44.12,17625
2011-02-23 13:00:00,44.12,44.13,44.01,44.07,25543
2011-02-23 13:15:00,44.07,44.08,43.91,43.92,26488
2011-02-23 13:30:00,43.928999999999995,43.98,43.8,43.88,59116
2011-02-23 13:45:00,43.8992,44.04,43.81,44.03,68794
2011-02-23 14:00:00,44.03,44.06,43.97,44.0,27500
2011-02-23 14:15:00,44.0,44.188,44.0,44.11,36492
2011-02-23 14:30:00,44.12,44.34,44.12,44.3199,41974
2011-02-23 14:45:00,44.32,44.37,44.29,44.29,42169
2011-02-23 15:00:00,44.3,44.37,44.19,44.335,39919
2011-02-23 15:15:00,44.34,44.39,44.3,44.31,71020
2011-02-23 15:30:00,44.3,44.3785,44.25,44.27,81027
2011-02-23 15:45:00,44.27,44.27,44.12,44.23,107845
2011-02-23 16:00:00,44.23,44.23,44.06,44.1,150054
2011-02-24 09:45:00,43.97,44.1332,43.84,44.1332,51776
2011-02-24 10:00:00,44.18,44.21,43.92,44.11,24480
2011-02-24 10:15:00,44.09,44.18,43.81,44.06,36858
2011-02-24 10:30:00,44.086000000000006,44.19,44.0,44.06,43659
2011-02-24 10:45:00,44.06,44.16,44.03,44.05,43136
2011-02-24 11:00:00,44.05,44.14,44.02,44.06,73509
2011-02-24 11:15:00,44.07,44.145,44.03,44.06,30732
2011-02-24 11:30:00,44.05,44.32,44.03,44.3,34236
2011-02-24 11:45:00,44.31,44.33,44.215,44.24,39693
2011-02-24 12:00:00,44.23,44.26,44.05,44.25,55306
2011-02-24 12:15:00,44.26,44.3,44.06,44.11,27439
2011-02-24 12:30:00,44.11,44.11,43.825,43.83,23456
2011-02-24 12:45:00,43.83,43.86,43.72,43.72,31572
2011-02-24 13:00:00,43.73,43.89,43.67,43.85,29675
2011-02-24 13:15:00,43.84,43.855,43.745,43.775,76161
2011-02-24 13:30:00,43.79,43.91,43.71,43.795,66588
2011-02-24 13:45:00,43.79,43.8519,43.6,43.6,22970
2011-02-24 14:00:00,43.6,43.6,43.48,43.5,52036
2011-02-24 14:15:00,43.5,43.68,43.5,43.655,32437
2011-02-24 14:30:00,43.66,43.77,43.64,43.6601,42463
2011-02-24 14:45:00,43.67,43.89,43.62,43.875,57697
2011-02-24 15:00:00,43.88,43.92,43.87,43.91,75628
2011-02-24 15:15:00,43.91,44.0275,43.885,44.0275,70699
2011-02-24 15:30:00,44.01,44.05,43.98,44.01,46384
2011-02-24 15:45:00,44.02,44.135,43.97,44.05,55201
2011-02-24 16:00:00,44.05,44.06,43.97,44.04,73075
2011-02-25 09:45:00,44.09,44.27,43.97,43.97,69182
2011-02-25 10:00:00,43.97,44.0238,43.91,44.0238,33212
2011-02-25 10:15:00,44.02,44.31,43.95,44.31,171160
2011-02-25 10:30:00,44.3,44.34,44.2,44.28,14554
2011-02-25 10:45:00,44.28,44.44,44.24,44.34,14063
2011-02-25 11:00:00,44.31,44.35,44.29,44.33,17578
2011-02-25 11:15:00,44.33,44.34,44.28,44.32,12790
2011-02-25 11:30:00,44.32,44.35,44.25,44.26,19731
2011-02-25 11:45:00,44.265,44.28,44.19,44.19,33032
2011-02-25 12:00:00,44.19,44.27,44.18600000000001,44.27,21465
2011-02-25 12:15:00,44.26,44.3,44.25,44.3,13710
2011-02-25 12:30:00,44.3,44.42,44.3,44.37,13071
2011-02-25 12:45:00,44.36,44.42,44.33,44.4101,20979
2011-02-25 13:00:00,44.41,44.44,44.39,44.4,8012
2011-02-25 13:15:00,44.41,44.5,44.41,44.4752,18738
2011-02-25 13:30:00,44.48,44.5319,44.475,44.486999999999995,16276
2011-02-25 13:45:00,44.49,44.51,44.41,44.5,37538
2011-02-25 14:00:00,44.5015,44.51,44.47,44.48,16795
2011-02-25 14:15:00,44.48,44.49,44.41,44.44,24791
2011-02-25 14:30:00,44.43,44.45,44.4,44.4,22428
2011-02-25 14:45:00,44.4075,44.43,44.4,44.42,37664
2011-02-25 15:00:00,44.42,44.53,44.41,44.5299,76577
2011-02-25 15:15:00,44.53,44.56,44.52,44.56,43551
2011-02-25 15:30:00,44.56,44.58,44.53,44.57,34599
2011-02-25 15:45:00,44.57,44.65,44.56,44.64,42891
2011-02-25 16:00:00,44.64,44.7,44.6,44.61,120934
2011-02-28 09:45:00,44.65,44.89,44.53,44.738,37464
2011-02-28 10:00:00,44.76,44.79,44.59,44.71,22363
2011-02-28 10:15:00,44.71,44.77,44.69,44.72,46677
2011-02-28 10:30:00,44.73,44.79,44.7107,44.74,22190
2011-02-28 10:45:00,44.74,44.81,44.71,44.71,23237
2011-02-28 11:00:00,44.7,44.72,44.67,44.69,31387
2011-02-28 11:15:00,44.7,44.85,44.7,44.84,98359
2011-02-28 11:30:00,44.85,44.85,44.7274,44.81,21962
2011-02-28 11:45:00,44.81,44.81,44.77,44.79,13467
2011-02-28 12:00:00,44.78,44.81,44.7101,44.8,23631
2011-02-28 12:15:00,44.79,44.89,44.79,44.89,20312
2011-02-28 12:30:00,44.89,45.01,44.88,45.01,12042
2011-02-28 12:45:00,45.01,45.06,44.95,45.06,28303
2011-02-28 13:00:00,45.06,45.095,44.88,44.88,21116
2011-02-28 13:15:00,44.88,44.89,44.8,44.89,36655
2011-02-28 13:30:00,44.9,44.93,44.77,44.79,19576
2011-02-28 13:45:00,44.8,44.95,44.8,44.93,17092
2011-02-28 14:00:00,44.9301,44.935,44.85,44.88,25323
2011-02-28 14:15:00,44.85,44.88,44.8,44.87,12607
2011-02-28 14:30:00,44.87,44.98,44.86,44.97,21378
2011-02-28 14:45:00,44.97,45.04,44.89,44.89,31549
2011-02-28 15:00:00,44.9,44.99,44.9,44.99,21262
2011-02-28 15:15:00,44.98,44.98,44.845,44.85,30080
2011-02-28 15:30:00,44.86,44.91,44.82,44.85,28610
2011-02-28 15:45:00,44.85,44.9,44.84,44.84,52864
2011-02-28 16:00:00,44.84,44.94,44.81,44.9,118086
2011-03-01 09:45:00,44.85,44.9,44.72,44.83,47308
2011-03-01 10:00:00,44.82,45.0,44.82,44.95,50927
2011-03-01 10:15:00,45.0,45.12,44.79,45.0,38397
2011-03-01 10:30:00,45.0,45.12,44.9,44.97,43146
2011-03-01 10:45:00,44.96,45.09,44.9,45.0752,20617
2011-03-01 11:00:00,45.08,45.125,45.01,45.11,19551
2011-03-01 11:15:00,45.13,45.16,45.04,45.07,22740
2011-03-01 11:30:00,45.1,45.14,44.96,44.96,15465
2011-03-01 11:45:00,44.9,44.95,44.84,44.89,25213
2011-03-01 12:00:00,44.88,44.93,44.75,44.75,32557
2011-03-01 12:15:00,44.75,44.75,44.58,44.745,29341
2011-03-01 12:30:00,44.75,44.775,44.66,44.705,32502
2011-03-01 12:45:00,44.7,44.8,44.68,44.78,26173
2011-03-01 13:00:00,44.78,44.82,44.71,44.71,23882
2011-03-01 13:15:00,44.69,44.74,44.67,44.702,33351
2011-03-01 13:30:00,44.7,44.73,44.54,44.57,41057
2011-03-01 13:45:00,44.57,44.76,44.56,44.675,71095
2011-03-01 14:00:00,44.675,44.75,44.67,44.71,59031
2011-03-01 14:15:00,44.71,44.75,44.65,44.675,60561
2011-03-01 14:30:00,44.67,44.75,44.62,44.645,64762
2011-03-01 14:45:00,44.645,44.73,44.645,44.695,60811
2011-03-01 15:00:00,44.695,44.76,44.68,44.68,45847
2011-03-01 15:15:00,44.69,44.75,44.58,44.6,56959
2011-03-01 15:30:00,44.6,44.78,44.59,44.66,93609
2011-03-01 15:45:00,44.65,44.75,44.605,44.66,72172
2011-03-01 16:00:00,44.67,44.71,44.55,44.55,164733
2011-03-02 09:45:00,44.33,44.77,44.12,44.73,64815
2011-03-02 10:00:00,44.67,45.02,44.65,44.9,51181
2011-03-02 10:15:00,44.92,44.98,44.7,44.75,34845
2011-03-02 10:30:00,44.75,44.83,44.7,44.77,27235
2011-03-02 10:45:00,44.76,44.97,44.725,44.95,27130
2011-03-02 11:00:00,44.94,45.02,44.91,44.91,27385
2011-03-02 11:15:00,44.92,45.0,44.91,44.95,22366
2011-03-02 11:30:00,44.94,45.03,44.885,44.9,40391
2011-03-02 11:45:00,44.88,44.93,44.77,44.77,23682
2011-03-02 12:00:00,44.78,44.82,44.66,44.68,27229
2011-03-02 12:15:00,44.675,44.75,44.61,44.7,26585
2011-03-02 12:30:00,44.69,44.83,44.68,44.83,16664
2011-03-02 12:45:00,44.83,44.9226,44.83,44.91,19330
2011-03-02 13:00:00,44.91,44.93,44.83,44.86,25481
2011-03-02 13:15:00,44.86,44.92,44.795,44.83,24276
2011-03-02 13:30:00,44.83,44.9,44.82,44.87,20920
2011-03-02 13:45:00,44.87,44.9,44.74,44.75,19985
2011-03-02 14:00:00,44.75,44.84,44.73,44.8,19757
2011-03-02 14:15:00,44.81,44.95,44.72,44.92,36038
2011-03-02 14:30:00,44.9,44.97,44.815,44.88,27554
2011-03-02 14:45:00,44.865,45.01,44.83,44.98,27086
2011-03-02 15:00:00,44.99,45.02,44.94,44.99,37963
2011-03-02 15:15:00,44.99,45.03,44.96,44.96,46506
2011-03-02 15:30:00,44.96,45.02,44.93,44.9702,38882
2011-03-02 15:45:00,44.97,45.06,44.92,45.04,73086
2011-03-02 16:00:00,45.05,45.1,44.98,45.005,99140
2011-03-03 09:45:00,45.89,45.89,45.21,45.56,37367
2011-03-03 10:00:00,45.6,45.74,45.33,45.71,50265
2011-03-03 10:15:00,45.705,45.72,45.5,45.57,15388
2011-03-03 10:30:00,45.56,45.67,45.46,45.61,34358
2011-03-03 10:45:00,45.6,45.75,45.56,45.75,23366
2011-03-03 11:00:00,45.75,45.9,45.75,45.7999,23978
2011-03-03 11:15:00,45.8,45.85,45.71,45.74,15493
2011-03-03 11:30:00,45.725,45.84,45.725,45.76,13930
2011-03-03 11:45:00,45.78,45.79,45.75,45.79,10702
2011-03-03 12:00:00,45.79,45.83,45.41,45.83,31571
2011-03-03 12:15:00,45.83,45.83,45.77,45.8,13535
2011-03-03 12:30:00,45.8,45.818000000000005,45.76,45.8,13093
2011-03-03 12:45:00,45.8,45.8,45.71,45.76,9105
2011-03-03 13:00:00,45.77,45.9,45.73,45.89,20954
2011-03-03 13:15:00,45.89,45.905,45.864,45.9,6453
2011-03-03 13:30:00,45.9,45.96,45.87,45.9,24869
2011-03-03 13:45:00,45.9,45.93,45.88,45.92,26293
2011-03-03 14:00:00,45.91,45.91,45.86,45.91,21488
2011-03-03 14:15:00,45.89,46.0,45.89,46.0,66004
2011-03-03 14:30:00,46.0,46.06,45.98,46.04,32217
2011-03-03 14:45:00,46.03,46.15,46.02,46.12,40978
2011-03-03 15:00:00,46.13,46.27,46.13,46.24,63495
2011-03-03 15:15:00,46.24,46.24,46.16,46.16,33962
2011-03-03 15:30:00,46.16,46.1601,46.08,46.145,40324
2011-03-03 15:45:00,46.14,46.16,46.08,46.14,58826
2011-03-03 16:00:00,46.14,46.18,46.085,46.14,77903
2011-03-04 09:45:00,46.15,46.2,46.02,46.1,49408
2011-03-04 10:00:00,46.1,46.27,46.01,46.25,46559
2011-03-04 10:15:00,46.25,46.36,46.155,46.21,130343
2011-03-04 10:30:00,46.22,46.34,46.21,46.29,61200
2011-03-04 10:45:00,46.3,46.5,46.28,46.47,48414
2011-03-04 11:00:00,46.49,46.65,46.44,46.6,70599
2011-03-04 11:15:00,46.59,46.61,46.405,46.5,45169
2011-03-04 11:30:00,46.5099,46.515,46.38,46.405,31339
2011-03-04 11:45:00,46.41,46.56,46.41,46.41,53301
2011-03-04 12:00:00,46.41,46.51,46.31,46.3348,71520
2011-03-04 12:15:00,46.32,46.41,46.25,46.27,58105
2011-03-04 12:30:00,46.27,46.33,46.15,46.21,48121
2011-03-04 12:45:00,46.205,46.27,46.16,46.24,47636
2011-03-04 13:00:00,46.25,46.27,46.18,46.2,22726
2011-03-04 13:15:00,46.2,46.305,46.2,46.25,34978
2011-03-04 13:30:00,46.26,46.27,46.2,46.25,23550
2011-03-04 13:45:00,46.24,46.345,46.2,46.31,23497
2011-03-04 14:00:00,46.3001,46.32,46.22,46.29,142396
2011-03-04 14:15:00,46.29,46.295,46.15,46.2,29234
2011-03-04 14:30:00,46.19,46.27,46.15,46.2501,159418
2011-03-04 14:45:00,46.25,46.3,46.245,46.29,46840
2011-03-04 15:00:00,46.29,46.29,46.24,46.28,41553
2011-03-04 15:15:00,46.28,46.42,46.27,46.32,74302
2011-03-04 15:30:00,46.32,46.39,46.31,46.36,125975
2011-03-04 15:45:00,46.355,46.43,46.29,46.415,71940
2011-03-04 16:00:00,46.41,46.67,46.405,46.59,180842
2011-03-07 09:45:00,46.66,47.17,46.55,47.1108,60165
2011-03-07 10:00:00,47.1697,47.21,47.08,47.16,41587
2011-03-07 10:15:00,47.1598,47.18,46.995,47.03,71416
2011-03-07 10:30:00,47.04,47.08,46.99,47.076,46691
2011-03-07 10:45:00,47.07,47.16,47.04,47.045,103149
2011-03-07 11:00:00,47.045,47.14,47.04,47.06,65860
2011-03-07 11:15:00,47.05,47.09,46.9,46.93,92976
2011-03-07 11:30:00,46.93,47.12,46.91,46.91,42262
2011-03-07 11:45:00,46.91,47.01,46.9,46.94,47602
2011-03-07 12:00:00,46.96,46.97,46.85,46.9,45472
2011-03-07 12:15:00,46.89,47.0197,46.875,47.01,38279
2011-03-07 12:30:00,47.01,47.03,46.96,46.97,36904
2011-03-07 12:45:00,46.97,46.97,46.85,46.92,127428
2011-03-07 13:00:00,46.92,46.97,46.83,46.85,62147
2011-03-07 13:15:00,46.83,46.92,46.83,46.91,105585
2011-03-07 13:30:00,46.92,46.95,46.83,46.84,47267
2011-03-07 13:45:00,46.83,46.89,46.82,46.835,73466
2011-03-07 14:00:00,46.835,46.93,46.83,46.9,70132
2011-03-07 14:15:00,46.9,47.0,46.89,46.895,68807
2011-03-07 14:30:00,46.89,47.04,46.88,46.94,66365
2011-03-07 14:45:00,46.93,46.94,46.84,46.84,73050
2011-03-07 15:00:00,46.84,46.93,46.825,46.9,80859
2011-03-07 15:15:00,46.89,46.91,46.82,46.89,68371
2011-03-07 15:30:00,46.89,47.0,46.86,46.955,70356
2011-03-07 15:45:00,46.96,47.13,46.925,47.12,145880
2011-03-07 16:00:00,47.11,47.19,46.99,47.0,240143
2011-03-08 09:45:00,47.15,47.17,46.93,47.1,41869
2011-03-08 10:00:00,47.09,47.32,47.01,47.23,36848
2011-03-08 10:15:00,47.22,47.49,47.22,47.4,22970
2011-03-08 10:30:00,47.4,47.48,47.32,47.38,20248
2011-03-08 10:45:00,47.37,47.43,47.25,47.3,31500
2011-03-08 11:00:00,47.29,47.49,47.27,47.48,26940
2011-03-08 11:15:00,47.48,47.485,47.2401,47.262,24005
2011-03-08 11:30:00,47.27,47.4,47.23,47.34,25509
2011-03-08 11:45:00,47.37,47.39,47.25,47.34,18429
2011-03-08 12:00:00,47.35,47.45,47.35,47.4,17518
2011-03-08 12:15:00,47.39,47.43,47.26,47.26,40016
2011-03-08 12:30:00,47.25,47.315,47.25,47.305,18914
2011-03-08 12:45:00,47.31,47.35,47.3,47.33,24695
2011-03-08 13:00:00,47.33,47.35,47.29,47.31,20359
2011-03-08 13:15:00,47.305,47.34,47.23,47.24,30551
2011-03-08 13:30:00,47.24,47.28,47.22,47.28,26681
2011-03-08 13:45:00,47.29,47.32,47.28,47.29,79468
2011-03-08 14:00:00,47.29,47.32,47.25,47.3,52320
2011-03-08 14:15:00,47.3,47.3,47.19,47.22,87188
2011-03-08 14:30:00,47.21,47.37,47.21,47.33,37378
2011-03-08 14:45:00,47.3325,47.39,47.29,47.37,49900
2011-03-08 15:00:00,47.38,47.4,47.35,47.36,28548
2011-03-08 15:15:00,47.36,47.41,47.34,47.4,50244
2011-03-08 15:30:00,47.4,47.41,47.33,47.37,56315
2011-03-08 15:45:00,47.38,47.43,47.36,47.42,55456
2011-03-08 16:00:00,47.42,47.42,47.28,47.31,168358
2011-03-09 09:45:00,47.13,47.13,46.79,47.13,35697
2011-03-09 10:00:00,47.05,47.26,46.86,47.04,70482
2011-03-09 10:15:00,47.11,47.2399,46.99,47.16,21926
2011-03-09 10:30:00,47.16,47.33,47.15,47.275,38610
2011-03-09 10:45:00,47.29,47.29,47.05,47.06,46548
2011-03-09 11:00:00,47.06,47.06,46.81,46.87,42926
2011-03-09 11:15:00,46.87,47.07,46.81,47.07,37306
2011-03-09 11:30:00,47.08,47.205,47.07,47.07,23930
2011-03-09 11:45:00,47.07,47.18,47.05,47.1,40709
2011-03-09 12:00:00,47.0996,47.13,46.99,47.0401,37732
2011-03-09 12:15:00,47.06,47.16,47.04,47.14,15942
2011-03-09 12:30:00,47.15,47.18,47.07,47.1,27836
2011-03-09 12:45:00,47.1,47.2,47.09,47.17,41582
2011-03-09 13:00:00,47.17,47.22,47.15,47.18,32868
2011-03-09 13:15:00,47.19,47.2,47.09,47.16,25908
2011-03-09 13:30:00,47.17,47.205,47.15,47.1838,76404
2011-03-09 13:45:00,47.18,47.18,47.04,47.04,16962
2011-03-09 14:00:00,47.05,47.1548,47.04,47.14,17297
2011-03-09 14:15:00,47.13,47.23,47.13,47.23,28288
2011-03-09 14:30:00,47.22,47.27,47.17,47.17,28222
2011-03-09 14:45:00,47.16,47.25,47.11,47.25,38002
2011-03-09 15:00:00,47.25,47.34,47.25,47.3,26810
2011-03-09 15:15:00,47.31,47.32,47.25,47.28,32365
2011-03-09 15:30:00,47.28,47.29,47.18,47.2,36347
2011-03-09 15:45:00,47.19,47.23,47.15,47.2,34105
2011-03-09 16:00:00,47.21,47.36,47.2,47.32,119275
2011-03-10 09:45:00,46.91,47.07,46.65,46.95,68159
2011-03-10 10:00:00,46.98,47.1836,46.91,47.16,37084
2011-03-10 10:15:00,47.16,47.2,47.1,47.16,55992
2011-03-10 10:30:00,47.15,47.26,47.12,47.13,20825
2011-03-10 10:45:00,47.14,47.145,46.87,47.09,18478
2011-03-10 11:00:00,47.07,47.12,46.9,46.9,34469
2011-03-10 11:15:00,46.92,46.96,46.8,46.91,86142
2011-03-10 11:30:00,46.92,46.95,46.83,46.9,32045
2011-03-10 11:45:00,46.88,46.94,46.84,46.89,27667
2011-03-10 12:00:00,46.88,46.9501,46.82,46.945,29097
2011-03-10 12:15:00,46.93,46.946000000000005,46.7634,46.84,39505
2011-03-10 12:30:00,46.85,46.86,46.74,46.76,27063
2011-03-10 12:45:00,46.77,46.79,46.7,46.77,26302
2011-03-10 13:00:00,46.78,46.99,46.745,46.99,53570
2011-03-10 13:15:00,46.96,47.22,46.96,47.17,44898
2011-03-10 13:30:00,47.17,47.27,46.99,46.99,46310
2011-03-10 13:45:00,46.99,46.99,46.8,46.86,66239
2011-03-10 14:00:00,46.87,46.99,46.86,46.98,39344
2011-03-10 14:15:00,46.98,47.08,46.96,47.0,24604
2011-03-10 14:30:00,47.0,47.08,47.0,47.0,17012
2011-03-10 14:45:00,47.02,47.14,46.995,47.02,22157
2011-03-10 15:00:00,47.02,47.0435,46.95,46.98,21752
2011-03-10 15:15:00,46.99,47.03,46.89,46.93,25390
2011-03-10 15:30:00,46.92,46.94,46.84,46.87,36400
2011-03-10 15:45:00,46.87,47.105,46.84,47.085,69743
2011-03-10 16:00:00,47.08,47.08,46.94,46.94,103608
2011-03-11 09:45:00,46.72,46.93,46.6475,46.82,39800
2011-03-11 10:00:00,46.83,46.85,46.45,46.66,41957
2011-03-11 10:15:00,46.64,46.67,46.52,46.57,81760
2011-03-11 10:30:00,46.6,46.78,46.5601,46.65,47427
2011-03-11 10:45:00,46.64,46.67,46.56,46.57,21216
2011-03-11 11:00:00,46.57,46.89,46.55,46.89,56045
2011-03-11 11:15:00,46.86,46.95,46.82,46.92,64372
2011-03-11 11:30:00,46.92,47.0,46.77,46.77,49181
2011-03-11 11:45:00,46.76,46.97,46.74,46.93,35993
2011-03-11 12:00:00,46.93,46.965,46.81,46.83,47075
2011-03-11 12:15:00,46.84,46.93,46.81,46.83,43803
2011-03-11 12:30:00,46.83,46.94,46.82,46.84,44194
2011-03-11 12:45:00,46.84,46.85,46.78,46.82,19739
2011-03-11 13:00:00,46.83,46.86,46.78,46.84,17860
2011-03-11 13:15:00,46.85,46.86,46.74,46.74,27656
2011-03-11 13:30:00,46.72,46.77,46.7,46.74,19326
2011-03-11 13:45:00,46.74,46.78,46.73,46.78,14914
2011-03-11 14:00:00,46.78,46.84,46.78,46.8201,10222
2011-03-11 14:15:00,46.82,46.85,46.78,46.835,22839
2011-03-11 14:30:00,46.84,46.87,46.82,46.86,46462
2011-03-11 14:45:00,46.86,46.99,46.85,46.95,27970
2011-03-11 15:00:00,46.945,47.0,46.92,46.95,26917
2011-03-11 15:15:00,46.94,47.0,46.92,46.93,51829
2011-03-11 15:30:00,46.93,46.97,46.9,46.97,62429
2011-03-11 15:45:00,46.97,46.99,46.85,46.94,72240
2011-03-11 16:00:00,46.94,46.97,46.85,46.85,119199
2011-03-14 09:45:00,46.8,46.84,46.46,46.73,48011
2011-03-14 10:00:00,46.73,46.95,46.72,46.95,29207
2011-03-14 10:15:00,46.95,47.0,46.73,46.78,36307
2011-03-14 10:30:00,46.77,46.87,46.7501,46.8,38555
2011-03-14 10:45:00,46.8,46.8,46.65,46.79,49258
2011-03-14 11:00:00,46.8,46.81,46.57,46.57,35597
2011-03-14 11:15:00,46.5908,46.64,46.415,46.47,61692
2011-03-14 11:30:00,46.46,46.51,46.38,46.475,57431
2011-03-14 11:45:00,46.47,46.58,46.41,46.56,53706
2011-03-14 12:00:00,46.56,46.6,46.53,46.57,56750
2011-03-14 12:15:00,46.57,46.64,46.55,46.61,48512
2011-03-14 12:30:00,46.6125,46.68,46.56,46.61,37736
2011-03-14 12:45:00,46.62,46.66,46.49,46.57,43320
2011-03-14 13:00:00,46.57,46.61,46.51,46.59,30298
2011-03-14 13:15:00,46.62,46.72,46.62,46.72,18600
2011-03-14 13:30:00,46.73,46.78,46.66,46.66,21101
2011-03-14 13:45:00,46.65,46.65,46.56,46.6,15007
2011-03-14 14:00:00,46.61,46.62,46.56,46.565,13342
2011-03-14 14:15:00,46.56,46.66,46.53,46.62,19683
2011-03-14 14:30:00,46.61,46.69,46.5726,46.65,17178
2011-03-14 14:45:00,46.66,46.66,46.5605,46.57,23990
2011-03-14 15:00:00,46.56,46.65,46.56,46.61,21148
2011-03-14 15:15:00,46.61,46.78,46.61,46.78,24021
2011-03-14 15:30:00,46.79,46.79,46.7,46.72,24882
2011-03-14 15:45:00,46.72,46.78,46.61,46.77,34550
2011-03-14 16:00:00,46.77,46.82,46.67,46.72,55208
2011-03-15 09:45:00,45.98,46.18,45.58,46.05,114678
2011-03-15 10:00:00,46.05,46.13,45.98,46.04,56676
2011-03-15 10:15:00,46.05,46.23,46.04,46.22,53204
2011-03-15 10:30:00,46.23,46.32,46.2,46.29,62356
2011-03-15 10:45:00,46.29,46.36,46.275,46.3,40320
2011-03-15 11:00:00,46.3,46.31,46.2,46.24,75170
2011-03-15 11:15:00,46.245,46.25,46.15,46.25,25022
2011-03-15 11:30:00,46.25,46.25,46.15,46.195,23740
2011-03-15 11:45:00,46.23,46.235,46.14,46.16,19778
2011-03-15 12:00:00,46.165,46.165,46.08,46.11,24465
2011-03-15 12:15:00,46.11,46.25,46.09,46.21,23986
2011-03-15 12:30:00,46.21,46.255,46.14,46.23,17759
2011-03-15 12:45:00,46.22,46.22,46.11,46.13,38648
2011-03-15 13:00:00,46.1275,46.185,46.03,46.1,121494
2011-03-15 13:15:00,46.1,46.15,46.07,46.1,90510
2011-03-15 13:30:00,46.09,46.11,45.97,45.995,41276
2011-03-15 13:45:00,45.996,46.15,45.99,46.13,36737
2011-03-15 14:00:00,46.105,46.12,46.04,46.08,41031
2011-03-15 14:15:00,46.08,46.09,46.04,46.08,22681
2011-03-15 14:30:00,46.08,46.24,45.96,46.21,58183
2011-03-15 14:45:00,46.2,46.21,46.105,46.14,35270
2011-03-15 15:00:00,46.15,46.18,46.05,46.06,48320
2011-03-15 15:15:00,46.07,46.145,46.06,46.07,59309
2011-03-15 15:30:00,46.08,46.14,46.07,46.105,102446
2011-03-15 15:45:00,46.1,46.15,46.03,46.1,204520
2011-03-15 16:00:00,46.1,46.115,45.99,46.03,174360
2011-03-16 09:45:00,46.02,46.14,45.68,46.045,39890
2011-03-16 10:00:00,46.05,46.19,45.94,45.995,41810
2011-03-16 10:15:00,46.0,46.15,45.95,46.03,42700
2011-03-16 10:30:00,46.03,46.07,45.96,46.0,18707
2011-03-16 10:45:00,46.03,46.11,45.875,45.93,20298
2011-03-16 11:00:00,45.92,45.98,45.74,45.74,33377
2011-03-16 11:15:00,45.74,45.95,45.59,45.95,105094
2011-03-16 11:30:00,45.92,45.92,45.76,45.9,20804
2011-03-16 11:45:00,45.93,45.99,45.885,45.92,18634
2011-03-16 12:00:00,45.9,45.9,45.75,45.81,19906
2011-03-16 12:15:00,45.8,45.88,45.69,45.73,25436
2011-03-16 12:30:00,45.72,45.89,45.7001,45.87,18174
2011-03-16 12:45:00,45.89,45.9,45.78,45.86,28461
2011-03-16 13:00:00,45.85,45.96,45.83,45.89,20075
2011-03-16 13:15:00,45.9,45.92,45.7301,45.74,15908
2011-03-16 13:30:00,45.74,45.81,45.6701,45.79,63095
2011-03-16 13:45:00,45.79,45.8,45.69,45.76,85224
2011-03-16 14:00:00,45.77,45.845,45.72,45.73,35742
2011-03-16 14:15:00,45.72,45.74,45.56,45.66,72064
2011-03-16 14:30:00,45.65,45.69,45.49,45.58,46642
2011-03-16 14:45:00,45.5801,45.91,45.56,45.84,31638
2011-03-16 15:00:00,45.835,45.95,45.795,45.87,21844
2011-03-16 15:15:00,45.8975,45.96,45.8,45.81,48824
2011-03-16 15:30:00,45.81,45.93,45.73,45.82,37562
2011-03-16 15:45:00,45.82,45.82,45.72,45.79,89846
2011-03-16 16:00:00,45.79,45.79,45.54,45.56,203110
2011-03-17 09:45:00,46.23,46.25,45.93,46.06,32429
2011-03-17 10:00:00,46.0401,46.15,45.85,45.8756,51876
2011-03-17 10:15:00,45.89,46.0,45.85,45.9215,40346
2011-03-17 10:30:00,45.95,46.03,45.95,45.99,35534
2011-03-17 10:45:00,46.0,46.04,45.925,45.94,17098
2011-03-17 11:00:00,45.945,45.97,45.88,45.9699,19294
2011-03-17 11:15:00,45.96,46.0,45.93,45.945,36827
2011-03-17 11:30:00,45.94,45.99,45.9,45.9336,17283
2011-03-17 11:45:00,45.93,46.0,45.9202,46.0,29812
2011-03-17 12:00:00,45.98,46.01,45.94,45.94,38981
2011-03-17 12:15:00,45.95,46.05,45.94,46.028,15924
2011-03-17 12:30:00,46.04,46.09,46.02,46.08,7700
2011-03-17 12:45:00,46.08,46.14,46.03,46.03,8268
2011-03-17 13:00:00,46.01,46.0252,45.96,46.0,16620
2011-03-17 13:15:00,45.99,46.0,45.935,46.0,20188
2011-03-17 13:30:00,46.0,46.0,45.8,45.82,32004
2011-03-17 13:45:00,45.81,45.93,45.78,45.89,37406
2011-03-17 14:00:00,45.89,45.9201,45.8003,45.825,63269
2011-03-17 14:15:00,45.8268,45.86,45.8,45.83,50102
2011-03-17 14:30:00,45.83,45.9,45.83,45.86,38587
2011-03-17 14:45:00,45.86,45.8999,45.82,45.87,26910
2011-03-17 15:00:00,45.88,45.9,45.81,45.81,30475
2011-03-17 15:15:00,45.81,45.84,45.8,45.8,37286
2011-03-17 15:30:00,45.81,45.835,45.69,45.73,57969
2011-03-17 15:45:00,45.73,45.81,45.71,45.75,186430
2011-03-17 16:00:00,45.75,45.86,45.7,45.78,167372
2011-03-18 09:45:00,46.39,46.49,46.25,46.39,158092
2011-03-18 10:00:00,46.37,46.41,46.285,46.37,27778
2011-03-18 10:15:00,46.4,46.455,46.25,46.29,30642
2011-03-18 10:30:00,46.32,46.38,46.2,46.2,35799
2011-03-18 10:45:00,46.2,46.26,46.185,46.19,24984
2011-03-18 11:00:00,46.19,46.24,46.18,46.24,16377
2011-03-18 11:15:00,46.25,46.34,46.25,46.3294,34605
2011-03-18 11:30:00,46.32,46.36,46.271,46.32,21702
2011-03-18 11:45:00,46.3,46.38,46.265,46.265,24441
2011-03-18 12:00:00,46.26,46.3,46.13,46.16,47617
2011-03-18 12:15:00,46.16,46.22,46.09,46.22,14799
2011-03-18 12:30:00,46.21,46.25,46.165,46.21,11567
2011-03-18 12:45:00,46.22,46.24,46.12,46.13,16198
2011-03-18 13:00:00,46.13,46.21,46.12,46.18,12344
2011-03-18 13:15:00,46.19,46.22,46.18,46.18,20301
2011-03-18 13:30:00,46.2,46.215,46.11,46.2,26276
2011-03-18 13:45:00,46.19,46.23,46.17,46.18,17758
2011-03-18 14:00:00,46.18,46.2,46.13,46.13,19616
2011-03-18 14:15:00,46.1338,46.2,46.12,46.18,35790
2011-03-18 14:30:00,46.18,46.22,46.14,46.2,35568
2011-03-18 14:45:00,46.2,46.21,46.15,46.17,35736
2011-03-18 15:00:00,46.165,46.2,46.14,46.15,35269
2011-03-18 15:15:00,46.16,46.21,46.13,46.13,35680
2011-03-18 15:30:00,46.12,46.2,46.1,46.17,21331
2011-03-18 15:45:00,46.18,46.29,46.18,46.25,75165
2011-03-18 16:00:00,46.25,46.32,46.25,46.29,89989
2011-03-21 09:45:00,46.58,46.99,46.58,46.72,50326
2011-03-21 10:00:00,46.7,46.82,46.43,46.52,64627
2011-03-21 10:15:00,46.56,46.745,46.47,46.63,19815
2011-03-21 10:30:00,46.63,46.64,46.57,46.61,28280
2011-03-21 10:45:00,46.62,46.76,46.62,46.7,57809
2011-03-21 11:00:00,46.69,46.79,46.68,46.79,19313
2011-03-21 11:15:00,46.8,46.86,46.795,46.84,13529
2011-03-21 11:30:00,46.85,46.9,46.85,46.85,19035
2011-03-21 11:45:00,46.86,46.9,46.82,46.9,18755
2011-03-21 12:00:00,46.89,46.92,46.84,46.85,12693
2011-03-21 12:15:00,46.84,46.91,46.84,46.88,15244
2011-03-21 12:30:00,46.87,46.955,46.87,46.93,11800
2011-03-21 12:45:00,46.91,46.945,46.89,46.89,16379
2011-03-21 13:00:00,46.8701,46.885,46.82,46.82,11692
2011-03-21 13:15:00,46.8,46.81,46.68,46.7,33096
2011-03-21 13:30:00,46.7,46.7,46.59,46.63,9713
2011-03-21 13:45:00,46.64,46.66,46.59,46.64,7186
2011-03-21 14:00:00,46.645,46.69,46.63,46.69,13498
2011-03-21 14:15:00,46.68,46.73,46.65,46.67,18856
2011-03-21 14:30:00,46.66,46.69,46.635,46.6525,18359
2011-03-21 14:45:00,46.65,46.71,46.65,46.67,18093
2011-03-21 15:00:00,46.67,46.675,46.64,46.64,18483
2011-03-21 15:15:00,46.63,46.64,46.58,46.59,25877
2011-03-21 15:30:00,46.59,46.6,46.57,46.59,28611
2011-03-21 15:45:00,46.59,46.685,46.57,46.66,36285
2011-03-21 16:00:00,46.67,46.73,46.65,46.69,93830
2011-03-22 09:45:00,46.62,46.7,46.52,46.601000000000006,26273
2011-03-22 10:00:00,46.62,46.62,46.471000000000004,46.51,27185
2011-03-22 10:15:00,46.51,46.64,46.46,46.46,13553
2011-03-22 10:30:00,46.44,46.61,46.39,46.58,28525
2011-03-22 10:45:00,46.57,46.58,46.42,46.42,32241
2011-03-22 11:00:00,46.42,46.5,46.315,46.33,19670
2011-03-22 11:15:00,46.33,46.35,46.17,46.18,25979
2011-03-22 11:30:00,46.17,46.32,46.13,46.29,25913
2011-03-22 11:45:00,46.27,46.28,46.21,46.26,24971
2011-03-22 12:00:00,46.26,46.34,46.23,46.33,16368
2011-03-22 12:15:00,46.33,46.33,46.24,46.26,9617
2011-03-22 12:30:00,46.2602,46.41,46.2602,46.34,20744
2011-03-22 12:45:00,46.32,46.34,46.21,46.24,33235
2011-03-22 13:00:00,46.24,46.27,46.23,46.26,6164
2011-03-22 13:15:00,46.26,46.27,46.18,46.2,11203
2011-03-22 13:30:00,46.19,46.22,46.15,46.21,21874
2011-03-22 13:45:00,46.21,46.21,46.17,46.18,13500
2011-03-22 14:00:00,46.2,46.22,46.19,46.22,35857
2011-03-22 14:15:00,46.23,46.27,46.14,46.14,10197
2011-03-22 14:30:00,46.163999999999994,46.18,46.08,46.1,8823
2011-03-22 14:45:00,46.11,46.16,46.11,46.12,13597
2011-03-22 15:00:00,46.12,46.14,46.08,46.12,9140
2011-03-22 15:15:00,46.13,46.14,46.1,46.14,11088
2011-03-22 15:30:00,46.14,46.16,46.13,46.1401,15714
2011-03-22 15:45:00,46.15,46.17,46.1,46.12,21368
2011-03-22 16:00:00,46.12,46.12,45.97,45.99,108970
2011-03-23 09:45:00,45.96,45.96,45.38,45.63,35205
2011-03-23 10:00:00,45.67,46.05,45.6,45.93,27472
2011-03-23 10:15:00,45.92,45.94,45.78,45.8308,21729
2011-03-23 10:30:00,45.83,46.0,45.8,45.99,26950
2011-03-23 10:45:00,46.03,46.12,46.01,46.045,14563
2011-03-23 11:00:00,46.045,46.06,45.95,46.06,39574
2011-03-23 11:15:00,46.06,46.21,46.06,46.2,17414
2011-03-23 11:30:00,46.2,46.23,46.15,46.22,8743
2011-03-23 11:45:00,46.21,46.3,46.175,46.21,10601
2011-03-23 12:00:00,46.21,46.22,46.11,46.12,12577
2011-03-23 12:15:00,46.15,46.22,46.12,46.155,9257
2011-03-23 12:30:00,46.16,46.33,46.13,46.3,8425
2011-03-23 12:45:00,46.29,46.31,46.1601,46.1601,9418
2011-03-23 13:00:00,46.16,46.16,46.0848,46.1,11975
2011-03-23 13:15:00,46.095,46.12,46.0601,46.08,8633
2011-03-23 13:30:00,46.08,46.1,46.068000000000005,46.07,5837
2011-03-23 13:45:00,46.11,46.17,46.1,46.17,5205
2011-03-23 14:00:00,46.17,46.24,46.15,46.23,4300
2011-03-23 14:15:00,46.22,46.23,46.13,46.19,8718
2011-03-23 14:30:00,46.1801,46.21,46.17,46.21,8732
2011-03-23 14:45:00,46.21,46.2308,46.2,46.2001,29166
2011-03-23 15:00:00,46.21,46.32,46.1701,46.3,17246
2011-03-23 15:15:00,46.295,46.34,46.2601,46.34,14284
2011-03-23 15:30:00,46.34,46.37,46.3301,46.36,14646
2011-03-23 15:45:00,46.3601,46.37,46.3101,46.33,30977
2011-03-23 16:00:00,46.31,46.33,46.23,46.23,52714
2011-03-24 09:45:00,46.34,46.34,46.15,46.25,19546
2011-03-24 10:00:00,46.27,46.41,46.21,46.36,12344
2011-03-24 10:15:00,46.3645,46.51,46.21,46.23,23484
2011-03-24 10:30:00,46.23,46.42,46.17,46.405,22311
2011-03-24 10:45:00,46.45,46.55,46.42,46.53,15616
2011-03-24 11:00:00,46.53,46.6,46.47,46.6,15642
2011-03-24 11:15:00,46.6,46.67,46.58,46.62,8438
2011-03-24 11:30:00,46.62,46.66,46.58,46.63,7851
2011-03-24 11:45:00,46.6,46.6,46.575,46.6,14177
2011-03-24 12:00:00,46.58,46.65,46.58,46.65,7416
2011-03-24 12:15:00,46.64,46.76,46.635,46.72,9320
2011-03-24 12:30:00,46.73,46.83,46.715,46.81,12818
2011-03-24 12:45:00,46.82,46.82,46.705,46.72,6503
2011-03-24 13:00:00,46.72,46.75,46.67,46.68,14400
2011-03-24 13:15:00,46.68,46.7,46.63,46.63,6500
2011-03-24 13:30:00,46.63,46.63399999999999,46.595,46.63,5520
2011-03-24 13:45:00,46.62,46.7,46.62,46.68,9810
2011-03-24 14:00:00,46.67,46.675,46.56,46.64,7000
2011-03-24 14:15:00,46.63,46.72,46.63,46.71,8828
2011-03-24 14:30:00,46.71,46.73,46.68,46.73,9053
2011-03-24 14:45:00,46.73,46.81,46.72,46.7771,14256
2011-03-24 15:00:00,46.78,46.8,46.74,46.78,24109
2011-03-24 15:15:00,46.78,46.8004,46.755,46.78,14681
2011-03-24 15:30:00,46.79,46.94,46.785,46.9,50724
2011-03-24 15:45:00,46.9,46.92,46.84,46.9,65778
2011-03-24 16:00:00,46.9,46.91,46.79,46.87,108620
2011-03-25 09:45:00,46.9,46.91,46.67,46.81,34204
2011-03-25 10:00:00,46.8,46.98,46.74,46.94,20577
2011-03-25 10:15:00,46.92,47.06,46.92,47.0,9670
2011-03-25 10:30:00,47.0,47.11,47.0,47.1097,8567
2011-03-25 10:45:00,47.11,47.33,47.11,47.31,12856
2011-03-25 11:00:00,47.32,47.44,47.32,47.42,8464
2011-03-25 11:15:00,47.42,47.47,47.38,47.44,14489
2011-03-25 11:30:00,47.435,47.44,47.4,47.44,23751
2011-03-25 11:45:00,47.44,47.5,47.4,47.41,16709
2011-03-25 12:00:00,47.42,47.45,47.39,47.42,9952
2011-03-25 12:15:00,47.42,47.48,47.39,47.47,6946
2011-03-25 12:30:00,47.48,47.51,47.44,47.47,12221
2011-03-25 12:45:00,47.48,47.48,47.433,47.44,7380
2011-03-25 13:00:00,47.44,47.47,47.41,47.4429,7050
2011-03-25 13:15:00,47.44,47.46,47.38,47.43,11638
2011-03-25 13:30:00,47.4,47.47,47.4,47.45,8274
2011-03-25 13:45:00,47.46,47.49,47.41,47.49,15238
2011-03-25 14:00:00,47.49,47.5,47.43,47.45,16232
2011-03-25 14:15:00,47.45,47.45,47.36,47.44,32047
2011-03-25 14:30:00,47.43,47.46,47.36,47.39,16191
2011-03-25 14:45:00,47.39,47.4,47.35,47.37,18766
2011-03-25 15:00:00,47.36,47.38,47.34,47.35,12209
2011-03-25 15:15:00,47.35,47.42,47.35,47.42,25679
2011-03-25 15:30:00,47.42,47.42,47.35,47.36,19095
2011-03-25 15:45:00,47.36,47.39,47.34,47.36,24722
2011-03-25 16:00:00,47.35,47.355,47.22,47.22,86682
2011-03-28 09:45:00,47.24,47.24,46.94,47.07,25112
2011-03-28 10:00:00,47.05,47.2,47.01,47.13,21473
2011-03-28 10:15:00,47.12,47.26,47.06,47.26,15138
2011-03-28 10:30:00,47.27,47.315,47.19,47.27,13342
2011-03-28 10:45:00,47.27,47.37,47.21,47.25,12765
2011-03-28 11:00:00,47.26,47.29,47.13,47.25,18969
2011-03-28 11:15:00,47.25,47.255,47.17,47.23,22709
2011-03-28 11:30:00,47.23,47.28,47.18,47.21,8668
2011-03-28 11:45:00,47.19,47.21,46.99,46.99,12297
2011-03-28 12:00:00,47.0,47.13,47.0,47.13,5635
2011-03-28 12:15:00,47.13,47.21,47.13,47.21,12143
2011-03-28 12:30:00,47.22,47.24,47.2,47.21,6346
2011-03-28 12:45:00,47.22,47.225,47.18,47.18,5500
2011-03-28 13:00:00,47.18,47.19,47.1396,47.16,11636
2011-03-28 13:15:00,47.16,47.16,47.11,47.16,9562
2011-03-28 13:30:00,47.15,47.16,47.01,47.03,13060
2011-03-28 13:45:00,47.0324,47.08,47.02,47.08,9588
2011-03-28 14:00:00,47.07,47.07,47.04,47.05,5254
2011-03-28 14:15:00,47.04,47.06,47.0,47.01,14827
2011-03-28 14:30:00,47.01,47.07,47.01,47.04,20412
2011-03-28 14:45:00,47.04,47.09,47.04,47.06,23368
2011-03-28 15:00:00,47.06,47.09,46.98,47.0,20649
2011-03-28 15:15:00,46.985,47.05,46.94,46.96,18757
2011-03-28 15:30:00,46.9599,46.97,46.94,46.96,30445
2011-03-28 15:45:00,46.96,46.98,46.86,46.87,24610
2011-03-28 16:00:00,46.87,46.88,46.75,46.7575,51061
2011-03-29 09:45:00,46.77,46.99,46.51,46.52,29442
2011-03-29 10:00:00,46.53,46.64,46.41,46.54,27062
2011-03-29 10:15:00,46.54,46.8599,46.54,46.793,16475
2011-03-29 10:30:00,46.82,46.87,46.73,46.73,11622
2011-03-29 10:45:00,46.73,46.788999999999994,46.68,46.69,15387
2011-03-29 11:00:00,46.71,46.79,46.65,46.66,11140
2011-03-29 11:15:00,46.66,46.85,46.66,46.85,9725
2011-03-29 11:30:00,46.86,46.9,46.83,46.88,12413
2011-03-29 11:45:00,46.86,46.89,46.85,46.86,17641
2011-03-29 12:00:00,46.86,46.9,46.84,46.88,11771
2011-03-29 12:15:00,46.89,46.94,46.87,46.92,12934
2011-03-29 12:30:00,46.935,46.95,46.9,46.91,5741
2011-03-29 12:45:00,46.89,46.94,46.861000000000004,46.88,7102
2011-03-29 13:00:00,46.88,46.95,46.85,46.89,10079
2011-03-29 13:15:00,46.89,46.92,46.82,46.84,10633
2011-03-29 13:30:00,46.84,46.86,46.82,46.83,4781
2011-03-29 13:45:00,46.85,46.85,46.8,46.8372,7998
2011-03-29 14:00:00,46.83,46.89,46.83,46.83,5738
2011-03-29 14:15:00,46.84,46.94,46.835,46.8964,9437
2011-03-29 14:30:00,46.9,46.94,46.83,46.83,10506
2011-03-29 14:45:00,46.82,46.96,46.82,46.94,17408
2011-03-29 15:00:00,46.94,47.0,46.94,46.96,13611
2011-03-29 15:15:00,46.97,47.02,46.96,47.02,17962
2011-03-29 15:30:00,47.0,47.02,46.94,46.96,13037
2011-03-29 15:45:00,46.96,46.96,46.85,46.86,21725
2011-03-29 16:00:00,46.87,46.91,46.84,46.84,46915
2011-03-30 09:45:00,47.08,47.2,46.84,47.09,28498
2011-03-30 10:00:00,47.08,47.11,46.99,47.09,19776
2011-03-30 10:15:00,47.11,47.18,47.05,47.09,18932
2011-03-30 10:30:00,47.1,47.18,47.08,47.12,16915
2011-03-30 10:45:00,47.12,47.327,47.12,47.327,19829
2011-03-30 11:00:00,47.33,47.4,47.3,47.38,15072
2011-03-30 11:15:00,47.38,47.4,47.28,47.3,18247
2011-03-30 11:30:00,47.31,47.35,47.28,47.28,8987
2011-03-30 11:45:00,47.27,47.31,47.2501,47.2601,11572
2011-03-30 12:00:00,47.2602,47.33,47.21,47.2475,13386
2011-03-30 12:15:00,47.25,47.29,47.1,47.15,24312
2011-03-30 12:30:00,47.15,47.22,47.14,47.14,14255
2011-03-30 12:45:00,47.14,47.2,47.11,47.2,14702
2011-03-30 13:00:00,47.2,47.21,47.14,47.15,12635
2011-03-30 13:15:00,47.15,47.19,47.1,47.1,24820
2011-03-30 13:30:00,47.1,47.17,47.09,47.1,20388
2011-03-30 13:45:00,47.1,47.1,47.03,47.04,21239
2011-03-30 14:00:00,47.04,47.05,46.91,46.91,19947
2011-03-30 14:15:00,46.92,47.01,46.91,47.005,25253
2011-03-30 14:30:00,46.99,47.145,46.98,47.13,27855
2011-03-30 14:45:00,47.13,47.17,47.13,47.13,26256
2011-03-30 15:00:00,47.13,47.13,47.03,47.03,27440
2011-03-30 15:15:00,47.02,47.06,46.99,47.055,66659
2011-03-30 15:30:00,47.055,47.19,47.04,47.145,127941
2011-03-30 15:45:00,47.145,47.29,47.13,47.27,84781
2011-03-30 16:00:00,47.27,47.3,47.2,47.3,140944
2011-03-31 09:45:00,47.26,47.42,47.21,47.31,31736
2011-03-31 10:00:00,47.31,47.35,47.23,47.32,46148
2011-03-31 10:15:00,47.32,47.42,47.32,47.39,55989
2011-03-31 10:30:00,47.38,47.38,47.28,47.35,33219
2011-03-31 10:45:00,47.35,47.39,47.29,47.31,20609
2011-03-31 11:00:00,47.31,47.35,47.1949,47.21,17329
2011-03-31 11:15:00,47.26,47.36,47.26,47.32,15072
2011-03-31 11:30:00,47.31,47.32,47.19,47.19,21068
2011-03-31 11:45:00,47.19,47.26,47.16,47.21,33132
2011-03-31 12:00:00,47.21,47.29,47.2,47.2,11546
2011-03-31 12:15:00,47.22,47.29,47.21,47.27,11972
2011-03-31 12:30:00,47.27,47.28,47.18,47.18,24902
2011-03-31 12:45:00,47.19,47.19,47.07,47.1,22300
2011-03-31 13:00:00,47.11,47.11,47.01,47.03,21241
2011-03-31 13:15:00,47.03,47.06,46.98,46.99,28806
2011-03-31 13:30:00,46.99,47.01,46.95,46.96,38525
2011-03-31 13:45:00,46.96,46.99,46.93,46.95,34919
2011-03-31 14:00:00,46.95,46.95,46.89,46.8984,25840
2011-03-31 14:15:00,46.89,46.94,46.89,46.91,22442
2011-03-31 14:30:00,46.9,46.94,46.89,46.89,22894
2011-03-31 14:45:00,46.89,46.941,46.87,46.87,41076
2011-03-31 15:00:00,46.87,46.9725,46.86,46.95,29187
2011-03-31 15:15:00,46.95,46.96,46.88,46.9,21899
2011-03-31 15:30:00,46.9,46.94,46.88,46.89,27707
2011-03-31 15:45:00,46.89,46.97,46.89,46.94,32548
2011-03-31 16:00:00,46.93,46.93,46.82,46.84,163606
2011-04-01 09:45:00,47.16,47.39,47.16,47.3,35300
2011-04-01 10:00:00,47.32,47.38,47.27,47.27,56936
2011-04-01 10:15:00,47.27,47.4,47.27,47.31,59037
2011-04-01 10:30:00,47.31,47.49,47.305,47.43,36204
2011-04-01 10:45:00,47.43,47.5,47.43,47.497,42382
2011-04-01 11:00:00,47.5,47.56,47.49,47.535,32564
2011-04-01 11:15:00,47.54,47.61,47.5,47.52,40590
2011-04-01 11:30:00,47.51,47.54,47.44,47.5,19011
2011-04-01 11:45:00,47.49,47.56,47.44,47.44,15242
2011-04-01 12:00:00,47.44,47.49,47.43,47.47,8541
2011-04-01 12:15:00,47.45,47.47,47.43,47.43,12675
2011-04-01 12:30:00,47.43,47.47,47.43,47.44,15050
2011-04-01 12:45:00,47.44,47.45,47.37,47.37,20937
2011-04-01 13:00:00,47.38,47.4,47.31,47.39,14000
2011-04-01 13:15:00,47.39,47.395,47.34,47.34,13340
2011-04-01 13:30:00,47.34,47.38,47.31,47.36,17187
2011-04-01 13:45:00,47.36,47.43,47.36,47.38,13912
2011-04-01 14:00:00,47.36,47.43,47.33,47.43,274487
2011-04-01 14:15:00,47.44,47.4598,47.39,47.4,17420
2011-04-01 14:30:00,47.4,47.43,47.39,47.4,18682
2011-04-01 14:45:00,47.39,47.4,47.27,47.29,26144
2011-04-01 15:00:00,47.27,47.34,47.27,47.303000000000004,18774
2011-04-01 15:15:00,47.31,47.39,47.25,47.25,128124
2011-04-01 15:30:00,47.27,47.39,47.27,47.39,33167
2011-04-01 15:45:00,47.3822,47.42,47.34,47.41,24539
2011-04-01 16:00:00,47.42,47.45,47.36,47.39,117898
2011-04-04 09:45:00,47.45,47.45,47.15,47.35,50171
2011-04-04 10:00:00,47.33,47.47,47.25,47.47,46857
2011-04-04 10:15:00,47.47,47.53,47.32,47.46,25417
2011-04-04 10:30:00,47.49,47.52,47.34,47.34,15985
2011-04-04 10:45:00,47.35,47.52,47.35,47.52,11026
2011-04-04 11:00:00,47.52,47.52,47.28,47.35,21018
2011-04-04 11:15:00,47.34,47.3525,47.22,47.27,199689
2011-04-04 11:30:00,47.29,47.3,47.18,47.21,36552
2011-04-04 11:45:00,47.2,47.25,47.15,47.17,42237
2011-04-04 12:00:00,47.16,47.27,47.15,47.2,10293
2011-04-04 12:15:00,47.2,47.21,47.13,47.16,10581
2011-04-04 12:30:00,47.16,47.2,47.12,47.125,24830
2011-04-04 12:45:00,47.12,47.12,47.06,47.1,20191
2011-04-04 13:00:00,47.13,47.1497,47.02,47.12,24963
2011-04-04 13:15:00,47.12,47.1901,47.12,47.1901,11570
2011-04-04 13:30:00,47.2,47.2224,47.1801,47.21,12617
2011-04-04 13:45:00,47.2,47.24,47.17,47.23,15888
2011-04-04 14:00:00,47.23,47.23,47.04,47.1,15478
2011-04-04 14:15:00,47.1045,47.13,47.05,47.1,20104
2011-04-04 14:30:00,47.1,47.16,47.1,47.12,26388
2011-04-04 14:45:00,47.12,47.17,47.1,47.16,17795
2011-04-04 15:00:00,47.16,47.17,47.11,47.15,25022
2011-04-04 15:15:00,47.15,47.26,47.14,47.25,31124
2011-04-04 15:30:00,47.24,47.308,47.2,47.24,78083
2011-04-04 15:45:00,47.25,47.265,47.19,47.265,72579
2011-04-04 16:00:00,47.28,47.31,47.19,47.19,88243
2011-04-05 09:45:00,47.13,47.15,46.34,46.34,112369
2011-04-05 10:00:00,46.37,46.7,46.27,46.62,105438
2011-04-05 10:15:00,46.59,46.65,46.43,46.56,48406
2011-04-05 10:30:00,46.55,46.85,46.53,46.7706,35493
2011-04-05 10:45:00,46.77,46.8125,46.63,46.63,49872
2011-04-05 11:00:00,46.64,46.67,46.47,46.54,55354
2011-04-05 11:15:00,46.54,46.58,46.48,46.53,139789
2011-04-05 11:30:00,46.51,46.565,46.4299,46.55,64015
2011-04-05 11:45:00,46.55,46.62,46.51,46.61,31724
2011-04-05 12:00:00,46.61,46.78,46.6,46.7599,35877
2011-04-05 12:15:00,46.76,46.79,46.7,46.7,28048
2011-04-05 12:30:00,46.7,46.73,46.68,46.729,80951
2011-04-05 12:45:00,46.73,46.73,46.65,46.71,42352
2011-04-05 13:00:00,46.72,46.79,46.7,46.78,57278
2011-04-05 13:15:00,46.78,46.93,46.775,46.82,37831
2011-04-05 13:30:00,46.82,46.82,46.75,46.78,18403
2011-04-05 13:45:00,46.78,46.8,46.72,46.72,31953
2011-04-05 14:00:00,46.72,46.73,46.56,46.61,62391
2011-04-05 14:15:00,46.62,46.65,46.575,46.61,42815
2011-04-05 14:30:00,46.61,46.69,46.59,46.67,29539
2011-04-05 14:45:00,46.67,46.75,46.665,46.72,65724
2011-04-05 15:00:00,46.72,46.82,46.71,46.81,332280
2011-04-05 15:15:00,46.82,46.83,46.75,46.82,49392
2011-04-05 15:30:00,46.82,46.96,46.82,46.94,81287
2011-04-05 15:45:00,46.945,47.04,46.9,47.03,79225
2011-04-05 16:00:00,47.04,47.15,47.03,47.1,310022
2011-04-06 09:45:00,47.19,47.35,47.12,47.34,23421
2011-04-06 10:00:00,47.36,47.39,47.26,47.29,29604
2011-04-06 10:15:00,47.31,47.44,47.3,47.32,31094
2011-04-06 10:30:00,47.32,47.35,47.2509,47.35,36119
2011-04-06 10:45:00,47.36,47.56,47.33,47.495,72447
2011-04-06 11:00:00,47.49,47.57,47.46,47.56,24976
2011-04-06 11:15:00,47.54,47.63,47.48,47.55,45267
2011-04-06 11:30:00,47.54,47.58,47.46,47.49,22606
2011-04-06 11:45:00,47.48,47.54,47.27,47.285,36804
2011-04-06 12:00:00,47.29,47.44,47.29,47.39,137364
2011-04-06 12:15:00,47.37,47.47,47.35,47.47,23710
2011-04-06 12:30:00,47.47,47.48,47.4301,47.44,23880
2011-04-06 12:45:00,47.43,47.48,47.39,47.45,17856
2011-04-06 13:00:00,47.45,47.46,47.4,47.45,17819
2011-04-06 13:15:00,47.44,47.55,47.44,47.52,9640
2011-04-06 13:30:00,47.52,47.56,47.51,47.55,8047
2011-04-06 13:45:00,47.56,47.57,47.5184,47.52,13959
2011-04-06 14:00:00,47.51,47.56,47.49,47.56,11320
2011-04-06 14:15:00,47.56,47.56,47.505,47.53,16167
2011-04-06 14:30:00,47.53,47.53,47.3742,47.3801,15747
2011-04-06 14:45:00,47.385,47.39,47.335,47.36,28296
2011-04-06 15:00:00,47.35,47.39,47.34,47.34,19800
2011-04-06 15:15:00,47.35,47.38,47.31,47.35,28155
2011-04-06 15:30:00,47.35,47.38,47.275,47.31,23797
2011-04-06 15:45:00,47.3,47.32,47.26,47.3,32856
2011-04-06 16:00:00,47.29,47.31,47.2401,47.27,52781
2011-04-07 09:45:00,47.11,47.48,47.11,47.41,71483
2011-04-07 10:00:00,47.39,47.49,47.36,47.45,23581
2011-04-07 10:15:00,47.47,47.53,47.27,47.3,11798
2011-04-07 10:30:00,47.3,47.32,47.19,47.19,9315
2011-04-07 10:45:00,47.18,47.27,46.9,47.1,49898
2011-04-07 11:00:00,47.11,47.36,47.05,47.3,22328
2011-04-07 11:15:00,47.31,47.4697,47.3,47.43,20010
2011-04-07 11:30:00,47.43,47.43,47.31,47.39,11759
2011-04-07 11:45:00,47.39,47.4,47.26,47.33,15959
2011-04-07 12:00:00,47.32,47.46,47.3,47.46,25772
2011-04-07 12:15:00,47.44,47.52,47.4,47.52,17438
2011-04-07 12:30:00,47.5,47.5,47.44,47.46,3719
2011-04-07 12:45:00,47.46,47.5981,47.46,47.5752,6426
2011-04-07 13:00:00,47.58,47.595,47.56,47.56,3017
2011-04-07 13:15:00,47.57,47.6,47.47,47.47,7268
2011-04-07 13:30:00,47.47,47.5,47.44,47.44,9700
2011-04-07 13:45:00,47.42,47.44,47.36,47.36,17578
2011-04-07 14:00:00,47.37,47.45,47.31,47.42,14731
2011-04-07 14:15:00,47.42,47.4825,47.38,47.45,9216
2011-04-07 14:30:00,47.42,47.48,47.41,47.44,14258
2011-04-07 14:45:00,47.42,47.49,47.42,47.47,12764
2011-04-07 15:00:00,47.47,47.5,47.47,47.5,9708
2011-04-07 15:15:00,47.49,47.49,47.35,47.37,27797
2011-04-07 15:30:00,47.36,47.39,47.28,47.31,37496
2011-04-07 15:45:00,47.31,47.33,47.23,47.33,25025
2011-04-07 16:00:00,47.33,47.34,47.24,47.3,60514
2011-04-08 09:45:00,47.59,47.67,47.36,47.44,15851
2011-04-08 10:00:00,47.46,47.46,47.11,47.27,18674
2011-04-08 10:15:00,47.27,47.2701,47.15,47.19,22099
2011-04-08 10:30:00,47.21,47.26,47.04,47.11,20858
2011-04-08 10:45:00,47.12,47.25,47.1,47.16,23722
2011-04-08 11:00:00,47.16,47.19,47.07,47.14,53051
2011-04-08 11:15:00,47.14,47.17,47.0,47.07,24969
2011-04-08 11:30:00,47.07,47.17,47.04,47.14,18788
2011-04-08 11:45:00,47.13,47.28,47.11,47.17,14235
2011-04-08 12:00:00,47.16,47.2,47.15,47.18,11163
2011-04-08 12:15:00,47.17,47.29,47.17,47.24,13394
2011-04-08 12:30:00,47.25,47.25,47.12,47.1301,17669
2011-04-08 12:45:00,47.14,47.25,47.13,47.13,9713
2011-04-08 13:00:00,47.15,47.17100000000001,47.11,47.17100000000001,14600
2011-04-08 13:15:00,47.18,47.18,47.1,47.12,32384
2011-04-08 13:30:00,47.13,47.25,47.13,47.2,47268
2011-04-08 13:45:00,47.19,47.33,47.19,47.33,135335
2011-04-08 14:00:00,47.335,47.4,47.31,47.37,59212
2011-04-08 14:15:00,47.37,47.38,47.17,47.17,36767
2011-04-08 14:30:00,47.17,47.175,47.03,47.03,32611
2011-04-08 14:45:00,47.03,47.04,46.96,47.0008,47125
2011-04-08 15:00:00,47.0,47.04,46.86,46.86,60544
2011-04-08 15:15:00,46.85,46.89,46.79,46.79,45061
2011-04-08 15:30:00,46.79,46.81,46.71,46.77,55185
2011-04-08 15:45:00,46.76,46.845,46.76,46.79,62620
2011-04-08 16:00:00,46.8,46.88,46.79,46.83,107010
2011-04-11 09:45:00,46.86,47.195,46.77,47.06,16943
2011-04-11 10:00:00,47.05,47.16,47.04,47.09,18164
2011-04-11 10:15:00,47.11,47.16,47.06,47.08,26883
2011-04-11 10:30:00,47.06,47.14,47.0126,47.1,37299
2011-04-11 10:45:00,47.1197,47.39,47.0913,47.39,43426
2011-04-11 11:00:00,47.37,47.42,47.31,47.31,22384
2011-04-11 11:15:00,47.32,47.35,47.26,47.28,19606
2011-04-11 11:30:00,47.28,47.39,47.28,47.32,26602
2011-04-11 11:45:00,47.32,47.325,47.185,47.22,34638
2011-04-11 12:00:00,47.22,47.24,47.16,47.18,21725
2011-04-11 12:15:00,47.18,47.19,47.12,47.15,11491
2011-04-11 12:30:00,47.15,47.15,47.0403,47.09,18356
2011-04-11 12:45:00,47.09,47.1,46.93,46.98,23090
2011-04-11 13:00:00,46.98,46.99,46.93,46.93,20534
2011-04-11 13:15:00,46.94,47.03,46.925,46.99,18929
2011-04-11 13:30:00,47.0,47.01,46.94,46.98,22453
2011-04-11 13:45:00,46.97,46.98,46.93,46.96,17834
2011-04-11 14:00:00,46.94,47.07,46.93,47.07,30351
2011-04-11 14:15:00,47.07,47.09,47.02,47.07,13126
2011-04-11 14:30:00,47.08,47.15,47.07,47.1,13947
2011-04-11 14:45:00,47.11,47.12,47.07,47.07,27975
2011-04-11 15:00:00,47.07,47.13,47.03,47.053000000000004,30727
2011-04-11 15:15:00,47.06,47.06,46.96,46.985,40486
2011-04-11 15:30:00,46.98,47.045,46.94,46.96,42103
2011-04-11 15:45:00,46.97,46.995,46.94,46.96,35337
2011-04-11 16:00:00,46.95,46.99,46.93,46.93,94427
2011-04-12 09:45:00,46.51,46.64,46.0,46.51,119504
2011-04-12 10:00:00,46.53,46.86,46.51,46.66,120779
2011-04-12 10:15:00,46.68,46.69,46.48,46.61,80259
2011-04-12 10:30:00,46.62,46.64,46.47,46.59,30284
2011-04-12 10:45:00,46.59,46.62,46.49,46.59,35733
2011-04-12 11:00:00,46.59,46.63,46.5,46.59,56533
2011-04-12 11:15:00,46.61,46.63,46.46,46.48,48184
2011-04-12 11:30:00,46.48,46.48,46.22,46.22,101599
2011-04-12 11:45:00,46.23,46.23,45.94,45.94,85405
2011-04-12 12:00:00,45.9401,46.06,45.93,46.0,64270
2011-04-12 12:15:00,46.01,46.04,45.99,46.0,76741
2011-04-12 12:30:00,46.0,46.05,45.98,46.0,129872
2011-04-12 12:45:00,46.0,46.0,45.87,45.94,52992
2011-04-12 13:00:00,45.95,46.0,45.92,46.0,31428
2011-04-12 13:15:00,45.9952,46.0,45.95,45.95,27633
2011-04-12 13:30:00,45.955,46.11,45.91,46.11,78131
2011-04-12 13:45:00,46.11,46.11,45.905,45.91,51221
2011-04-12 14:00:00,45.9,46.0,45.9,45.95,32345
2011-04-12 14:15:00,45.95,46.0,45.895,45.95,45514
2011-04-12 14:30:00,45.95,45.995,45.94,45.97,43085
2011-04-12 14:45:00,45.9675,45.97,45.92,45.94,44100
2011-04-12 15:00:00,45.94,45.95,45.71,45.72,74652
2011-04-12 15:15:00,45.72,45.81,45.68,45.78,62326
2011-04-12 15:30:00,45.78,45.78,45.57,45.61,75509
2011-04-12 15:45:00,45.6099,45.67,45.55,45.67,124087
2011-04-12 16:00:00,45.67,45.7,45.5801,45.7,190982
2011-04-13 09:45:00,45.77,46.0,45.69,45.95,44287
2011-04-13 10:00:00,45.95,45.98,45.83,45.84,25054
2011-04-13 10:15:00,45.86,45.92,45.82,45.87,54042
2011-04-13 10:30:00,45.87,46.0,45.87,46.0,33089
2011-04-13 10:45:00,46.0,46.01,45.9,45.96,53028
2011-04-13 11:00:00,45.96,46.0,45.935,45.96,45100
2011-04-13 11:15:00,45.96,46.0,45.92,45.96,35631
2011-04-13 11:30:00,45.95,46.0,45.84,45.89,41411
2011-04-13 11:45:00,45.9,45.99,45.84,45.99,32090
2011-04-13 12:00:00,45.99,46.0,45.84,45.89,34718
2011-04-13 12:15:00,45.9,45.95,45.875,45.93,35798
2011-04-13 12:30:00,45.92,45.95,45.86,45.86,27102
2011-04-13 12:45:00,45.86,45.92,45.82,45.88,48731
2011-04-13 13:00:00,45.89,45.94,45.84,45.86,72203
2011-04-13 13:15:00,45.86,45.96,45.86,45.89,21690
2011-04-13 13:30:00,45.91,45.94,45.72,45.75,44153
2011-04-13 13:45:00,45.75,45.83,45.72,45.73,43081
2011-04-13 14:00:00,45.72,45.73,45.53,45.59,46883
2011-04-13 14:15:00,45.59,45.7,45.58,45.58,46731
2011-04-13 14:30:00,45.58,45.62,45.54,45.56,54426
2011-04-13 14:45:00,45.56,45.78,45.5,45.78,100865
2011-04-13 15:00:00,45.77,46.06,45.76,46.025,102542
2011-04-13 15:15:00,46.021,46.08,45.87,45.88,90649
2011-04-13 15:30:00,45.87,45.9,45.765,45.81,63183
2011-04-13 15:45:00,45.81,45.88,45.75,45.76,62649
2011-04-13 16:00:00,45.7602,45.83,45.71,45.82,90991
2011-04-14 09:45:00,45.41,46.0,44.8,44.81,587826
2011-04-14 10:00:00,44.81,45.18,44.7,45.135,405151
2011-04-14 10:15:00,45.15,45.317,45.07,45.11,210554
2011-04-14 10:30:00,45.13,45.23,44.99,45.09,132296
2011-04-14 10:45:00,45.07,45.67,45.02,45.47,258163
2011-04-14 11:00:00,45.47,45.55,45.29,45.3,221556
2011-04-14 11:15:00,45.33,45.51,45.14,45.14,128531
2011-04-14 11:30:00,45.08,45.215,45.01,45.015,79846
2011-04-14 11:45:00,45.02,45.13,44.87,44.9658,82032
2011-04-14 12:00:00,44.96,44.9768,44.54,44.6,222665
2011-04-14 12:15:00,44.6,44.89,44.43,44.73,192176
2011-04-14 12:30:00,44.7,44.75,44.5,44.5962,47665
2011-04-14 12:45:00,44.585,44.92,44.52,44.64,66775
2011-04-14 13:00:00,44.65,44.89,44.65,44.8535,91567
2011-04-14 13:15:00,44.8501,44.9,44.7101,44.76,94040
2011-04-14 13:30:00,44.75,44.76,44.6,44.74,57178
2011-04-14 13:45:00,44.72,44.74,44.45,44.455,34648
2011-04-14 14:00:00,44.455,44.58,44.33,44.545,102511
2011-04-14 14:15:00,44.54,44.59,44.45,44.45,75280
2011-04-14 14:30:00,44.451,44.54,44.43,44.4499,87087
2011-04-14 14:45:00,44.4497,44.48,44.27,44.29,101043
2011-04-14 15:00:00,44.28,44.32,44.1,44.21,116677
2011-04-14 15:15:00,44.22,44.37,44.205,44.31,122829
2011-04-14 15:30:00,44.31,44.44,44.3,44.435,86232
2011-04-14 15:45:00,44.43,44.46,44.26,44.3,121998
2011-04-14 16:00:00,44.3,44.49,44.27,44.42,187226
2011-04-15 09:45:00,44.72,45.35,44.62,45.315,239145
2011-04-15 10:00:00,45.3,45.57,44.98,45.3,145392
2011-04-15 10:15:00,45.33,45.46,45.18,45.29,70361
2011-04-15 10:30:00,45.31,45.32,45.08,45.08,53009
2011-04-15 10:45:00,45.08,45.22,44.92,44.92,72216
2011-04-15 11:00:00,44.91,44.94,44.7,44.86,107023
2011-04-15 11:15:00,44.87,44.9,44.76,44.77,46059
2011-04-15 11:30:00,44.76,44.77,44.7,44.73,71742
2011-04-15 11:45:00,44.72,44.75,44.7,44.7199,96366
2011-04-15 12:00:00,44.72,44.81,44.71,44.74,61627
2011-04-15 12:15:00,44.74,44.76,44.7,44.75,42729
2011-04-15 12:30:00,44.75,44.75,44.63,44.63,51912
2011-04-15 12:45:00,44.635,44.638999999999996,44.46,44.49,67877
2011-04-15 13:00:00,44.49,44.59,44.485,44.54,44474
2011-04-15 13:15:00,44.54,44.5926,44.455,44.5096,52080
2011-04-15 13:30:00,44.5,44.5,44.28,44.3,57748
2011-04-15 13:45:00,44.2934,44.43,44.29,44.38,87023
2011-04-15 14:00:00,44.38,44.53,44.37,44.52,31817
2011-04-15 14:15:00,44.53,44.59,44.52,44.57,62834
2011-04-15 14:30:00,44.56,44.75,44.56,44.73,51639
2011-04-15 14:45:00,44.74,44.8399,44.66,44.66,61899
2011-04-15 15:00:00,44.67,44.67,44.58,44.61,57759
2011-04-15 15:15:00,44.615,44.64,44.57,44.58,48616
2011-04-15 15:30:00,44.58,44.62,44.515,44.61,100436
2011-04-15 15:45:00,44.6085,44.72,44.605,44.69,115392
2011-04-15 16:00:00,44.69,44.81,44.68,44.78,209783
2011-04-18 09:45:00,44.25,44.41,44.09,44.18,79118
2011-04-18 10:00:00,44.2,44.35,44.14,44.14,38332
2011-04-18 10:15:00,44.17,44.2,44.0,44.08,50026
2011-04-18 10:30:00,44.1,44.34,44.04,44.15,38381
2011-04-18 10:45:00,44.15,44.24,44.0,44.01,41194
2011-04-18 11:00:00,44.02,44.0871,44.0,44.04,45845
2011-04-18 11:15:00,44.04,44.31,44.04,44.23,67697
2011-04-18 11:30:00,44.23,44.32,44.19,44.31,30516
2011-04-18 11:45:00,44.3,44.3301,44.195,44.21,29391
2011-04-18 12:00:00,44.2,44.3,44.1217,44.1217,46497
2011-04-18 12:15:00,44.13,44.24,44.07,44.24,56547
2011-04-18 12:30:00,44.2142,44.28,44.09,44.1,43521
2011-04-18 12:45:00,44.09,44.11,44.02,44.06,24765
2011-04-18 13:00:00,44.06,44.09,44.02,44.08,26686
2011-04-18 13:15:00,44.09,44.14,44.045,44.055,44334
2011-04-18 13:30:00,44.05,44.15,44.035,44.08,32497
2011-04-18 13:45:00,44.08,44.13,44.03,44.09,21529
2011-04-18 14:00:00,44.1,44.17,44.09,44.17,19940
2011-04-18 14:15:00,44.16,44.28,44.115,44.27,26594
2011-04-18 14:30:00,44.27,44.28,44.19,44.2515,26237
2011-04-18 14:45:00,44.26,44.4,44.25,44.4,32671
2011-04-18 15:00:00,44.395,44.54,44.39,44.48,61122
2011-04-18 15:15:00,44.48,44.54,44.44,44.5,57995
2011-04-18 15:30:00,44.5,44.615,44.495,44.54,61394
2011-04-18 15:45:00,44.55,44.56,44.28,44.3,110520
2011-04-18 16:00:00,44.3,44.36,44.27,44.31,123777
2011-04-19 09:45:00,44.39,44.45,44.32,44.43,34049
2011-04-19 10:00:00,44.45,44.48,44.258,44.32,47363
2011-04-19 10:15:00,44.32,44.34,44.13,44.13,46763
2011-04-19 10:30:00,44.15,44.3,44.09,44.25,48431
2011-04-19 10:45:00,44.26,44.369,44.21,44.36,45579
2011-04-19 11:00:00,44.36,44.42,44.3125,44.4,43418
2011-04-19 11:15:00,44.4,44.42,44.38,44.41,47218
2011-04-19 11:30:00,44.4,44.4,44.22,44.3,32896
2011-04-19 11:45:00,44.29,44.387,44.26,44.32,21437
2011-04-19 12:00:00,44.34,44.41,44.32,44.39,13361
2011-04-19 12:15:00,44.39,44.39,44.32,44.39,24595
2011-04-19 12:30:00,44.39,44.4,44.24,44.27,15641
2011-04-19 12:45:00,44.27,44.32,44.26,44.31,17337
2011-04-19 13:00:00,44.31,44.41,44.28,44.41,35555
2011-04-19 13:15:00,44.41,44.45,44.38,44.44,25481
2011-04-19 13:30:00,44.45,44.48,44.42,44.46,26312
2011-04-19 13:45:00,44.48,44.59,44.46,44.55,28749
2011-04-19 14:00:00,44.57,44.64,44.56,44.56,23525
2011-04-19 14:15:00,44.56,44.57,44.46,44.48,19981
2011-04-19 14:30:00,44.49,44.5,44.36,44.39,23315
2011-04-19 14:45:00,44.37,44.42,44.36,44.4,22939
2011-04-19 15:00:00,44.4,44.4,44.18,44.215,80518
2011-04-19 15:15:00,44.23,44.31,44.225,44.3,52879
2011-04-19 15:30:00,44.3,44.31,44.23,44.29,56498
2011-04-19 15:45:00,44.29,44.39,44.29,44.35,64876
2011-04-19 16:00:00,44.37,44.39,44.17,44.21,205782
2011-04-20 09:45:00,44.78,44.78,44.65,44.71,29379
2011-04-20 10:00:00,44.72,44.96,44.67,44.87,45697
2011-04-20 10:15:00,44.89,44.96,44.81,44.9,75039
2011-04-20 10:30:00,44.92,45.02,44.84,44.8466,28857
2011-04-20 10:45:00,44.85,44.86,44.66,44.69,60205
2011-04-20 11:00:00,44.71,44.71,44.58,44.6,29595
2011-04-20 11:15:00,44.6,44.67,44.56,44.62,48005
2011-04-20 11:30:00,44.61,44.64,44.54,44.575,111245
2011-04-20 11:45:00,44.57,44.57,44.5,44.54,27843
2011-04-20 12:00:00,44.54,44.57,44.45,44.5,66970
2011-04-20 12:15:00,44.495,44.55,44.43,44.46,87413
2011-04-20 12:30:00,44.46,44.52,44.43,44.44,24063
2011-04-20 12:45:00,44.44,44.52,44.405,44.46,60180
2011-04-20 13:00:00,44.44,44.51,44.43,44.46,39421
2011-04-20 13:15:00,44.46,44.52,44.42,44.43,50819
2011-04-20 13:30:00,44.44,44.56,44.44,44.51,62322
2011-04-20 13:45:00,44.51,44.55,44.48,44.53,48278
2011-04-20 14:00:00,44.55,44.71,44.5,44.68,73914
2011-04-20 14:15:00,44.67,44.72,44.63,44.6944,17530
2011-04-20 14:30:00,44.71,44.79,44.67,44.78,21601
2011-04-20 14:45:00,44.79,44.86,44.79,44.86,18431
2011-04-20 15:00:00,44.86,44.92,44.85,44.9,43129
2011-04-20 15:15:00,44.9,44.93,44.85,44.9,54823
2011-04-20 15:30:00,44.9,45.0,44.9,45.0,77369
2011-04-20 15:45:00,44.99,45.03,44.97,44.98,138331
2011-04-20 16:00:00,44.97,45.02,44.9,44.93,223908
2011-04-21 09:45:00,45.0,45.0,44.85,44.915,36814
2011-04-21 10:00:00,44.9,44.91,44.63,44.66,29361
2011-04-21 10:15:00,44.61,44.7575,44.54,44.7,54478
2011-04-21 10:30:00,44.69,44.74,44.58,44.59,25293
2011-04-21 10:45:00,44.59,44.69,44.52,44.63,34697
2011-04-21 11:00:00,44.64,44.68,44.51,44.59,36054
2011-04-21 11:15:00,44.57,44.61,44.52,44.6,23706
2011-04-21 11:30:00,44.61,44.65,44.57,44.6,78368
2011-04-21 11:45:00,44.62,44.7,44.59,44.625,26661
2011-04-21 12:00:00,44.62,44.67,44.5,44.66,124767
2011-04-21 12:15:00,44.64,44.7,44.6,44.66,17194
2011-04-21 12:30:00,44.69,44.69,44.63,44.63,4936
2011-04-21 12:45:00,44.63,44.63,44.57,44.59,17504
2011-04-21 13:00:00,44.6,44.61,44.48,44.48,25284
2011-04-21 13:15:00,44.47,44.54,44.47,44.54,34631
2011-04-21 13:30:00,44.54,44.57,44.52,44.57,14219
2011-04-21 13:45:00,44.56,44.595,44.5,44.52,30112
2011-04-21 14:00:00,44.5,44.52,44.49,44.49,21243
2011-04-21 14:15:00,44.48,44.51,44.46,44.5,21865
2011-04-21 14:30:00,44.492,44.51,44.47,44.49,34346
2011-04-21 14:45:00,44.49,44.51,44.44,44.46,19598
2011-04-21 15:00:00,44.46,44.505,44.45,44.49,19796
2011-04-21 15:15:00,44.5,44.575,44.5,44.565,81346
2011-04-21 15:30:00,44.57,44.6,44.52,44.5998,52875
2011-04-21 15:45:00,44.6,44.66,44.57,44.6,62233
2011-04-21 16:00:00,44.61,44.62,44.51,44.53,132385
2011-04-25 09:45:00,44.83,44.83,44.23,44.29,36514
2011-04-25 10:00:00,44.26,44.44,44.22,44.38,58689
2011-04-25 10:15:00,44.4,44.45,44.2,44.24,48945
2011-04-25 10:30:00,44.23,44.43,44.21,44.39,58776
2011-04-25 10:45:00,44.38,44.43,44.34,44.37,16716
2011-04-25 11:00:00,44.3508,44.3508,44.18,44.24,26842
2011-04-25 11:15:00,44.2251,44.26,44.19,44.1901,29789
2011-04-25 11:30:00,44.19,44.21,44.11,44.21,16898
2011-04-25 11:45:00,44.21,44.27,44.14,44.26,21485
2011-04-25 12:00:00,44.27,44.56,44.25,44.55,91651
2011-04-25 12:15:00,44.55,44.67,44.53,44.56,30800
2011-04-25 12:30:00,44.57,44.62,44.5,44.54,16474
2011-04-25 12:45:00,44.54,44.57,44.5,44.52,10540
2011-04-25 13:00:00,44.51,44.61,44.5,44.61,45218
2011-04-25 13:15:00,44.6,44.64,44.58,44.61,17414
2011-04-25 13:30:00,44.61,44.75,44.6,44.73,22789
2011-04-25 13:45:00,44.73,45.08,44.725,45.0001,148289
2011-04-25 14:00:00,45.0,45.15,44.98,45.12,49056
2011-04-25 14:15:00,45.12,45.2,45.12,45.17,44889
2011-04-25 14:30:00,45.18,45.25,45.17,45.22,45513
2011-04-25 14:45:00,45.22,45.29,45.22,45.27,60454
2011-04-25 15:00:00,45.275,45.395,45.27,45.36,93430
2011-04-25 15:15:00,45.35,45.42,45.345,45.41,59177
2011-04-25 15:30:00,45.41,45.56,45.3901,45.55,131907
2011-04-25 15:45:00,45.55,45.59,45.55,45.55,128961
2011-04-25 16:00:00,45.55,45.67,45.55,45.66,221871
2011-04-26 09:45:00,45.91,46.22,45.7,46.09,88316
2011-04-26 10:00:00,46.06,46.21,46.06,46.08,78493
2011-04-26 10:15:00,46.08,46.16,46.02,46.06,58165
2011-04-26 10:30:00,46.07,46.181000000000004,46.05,46.17,47237
2011-04-26 10:45:00,46.17,46.29,46.14,46.27,62239
2011-04-26 11:00:00,46.25,46.36,46.24,46.35,70797
2011-04-26 11:15:00,46.33,46.35,46.285,46.35,47110
2011-04-26 11:30:00,46.34,46.38,46.275,46.38,43860
2011-04-26 11:45:00,46.37,46.39,46.3,46.35,26106
2011-04-26 12:00:00,46.34,46.4,46.3,46.39,99884
2011-04-26 12:15:00,46.4,46.44,46.36,46.44,29588
2011-04-26 12:30:00,46.45,46.45,46.3,46.32,57079
2011-04-26 12:45:00,46.32,46.35,46.25,46.25,37538
2011-04-26 13:00:00,46.26,46.28,46.21,46.25,24065
2011-04-26 13:15:00,46.25,46.29,46.24,46.28,30685
2011-04-26 13:30:00,46.27,46.29,46.25,46.25,24181
2011-04-26 13:45:00,46.26,46.27,46.22,46.27,51211
2011-04-26 14:00:00,46.26,46.26,46.2,46.21,36432
2011-04-26 14:15:00,46.21,46.21,46.14,46.16,38032
2011-04-26 14:30:00,46.16,46.21,46.135,46.21,58395
2011-04-26 14:45:00,46.21,46.22,46.2,46.2,24042
2011-04-26 15:00:00,46.2,46.22,46.13,46.14,37267
2011-04-26 15:15:00,46.14,46.16,46.075,46.14,70259
2011-04-26 15:30:00,46.15,46.15,46.09,46.11,72835
2011-04-26 15:45:00,46.12,46.16,46.095,46.13,57997
2011-04-26 16:00:00,46.138999999999996,46.23,46.095,46.15,187122
2011-04-27 09:45:00,46.14,46.31,46.04,46.23,36757
2011-04-27 10:00:00,46.24,46.29,46.13,46.137,70833
2011-04-27 10:15:00,46.13,46.19,46.02,46.18,40772
2011-04-27 10:30:00,46.18,46.33,46.135,46.14,31453
2011-04-27 10:45:00,46.13,46.15,46.04,46.05,30252
2011-04-27 11:00:00,46.06,46.17,46.06,46.13,34061
2011-04-27 11:15:00,46.1166,46.21,46.05,46.07,40611
2011-04-27 11:30:00,46.07,46.1401,46.05,46.14,38700
2011-04-27 11:45:00,46.16,46.16,46.1,46.1309,19754
2011-04-27 12:00:00,46.1305,46.145,46.05,46.06,37573
2011-04-27 12:15:00,46.05,46.07,45.95,46.01,21231
2011-04-27 12:30:00,46.03,46.07,46.0,46.0,30467
2011-04-27 12:45:00,46.01,46.09,45.96,46.08,40757
2011-04-27 13:00:00,46.07,46.1298,46.02,46.1,48717
2011-04-27 13:15:00,46.09,46.15,46.05,46.06,14573
2011-04-27 13:30:00,46.06,46.11,46.06,46.1,8539
2011-04-27 13:45:00,46.09,46.11,45.99,46.0,92471
2011-04-27 14:00:00,46.0,46.09,45.99,46.07,34346
2011-04-27 14:15:00,46.06,46.09,45.99100000000001,46.05,35074
2011-04-27 14:30:00,46.05,46.07,45.99,46.0,55681
2011-04-27 14:45:00,46.0,46.02,45.97,45.99,38442
2011-04-27 15:00:00,45.99,46.08,45.98,46.05,42100
2011-04-27 15:15:00,46.06,46.09,46.04,46.06,38769
2011-04-27 15:30:00,46.06,46.08,46.02,46.08,34881
2011-04-27 15:45:00,46.08,46.18,46.07,46.15,44090
2011-04-27 16:00:00,46.15,46.26,46.14,46.23,107424
2011-04-28 09:45:00,45.95,46.4,45.95,46.28,38092
2011-04-28 10:00:00,46.31,46.55,46.26,46.54,42374
2011-04-28 10:15:00,46.54,46.5901,46.46,46.57,46690
2011-04-28 10:30:00,46.55,46.58,46.43,46.44,34429
2011-04-28 10:45:00,46.42,46.43,46.3,46.31,24676
2011-04-28 11:00:00,46.3,46.38,46.26,46.28,15816
2011-04-28 11:15:00,46.29,46.31,46.26,46.27,17720
2011-04-28 11:30:00,46.28,46.33,46.25,46.3,12949
2011-04-28 11:45:00,46.3,46.31,46.115,46.135,25744
2011-04-28 12:00:00,46.14,46.19,46.11,46.16,13423
2011-04-28 12:15:00,46.165,46.24,46.165,46.23,40631
2011-04-28 12:30:00,46.21,46.28,46.16,46.28,19036
2011-04-28 12:45:00,46.28,46.32,46.23,46.23,29818
2011-04-28 13:00:00,46.24,46.32,46.22,46.28,14951
2011-04-28 13:15:00,46.29,46.35,46.26,46.31,27936
2011-04-28 13:30:00,46.31,46.38,46.27,46.37,24309
2011-04-28 13:45:00,46.37,46.4,46.335,46.3896,23619
2011-04-28 14:00:00,46.39,46.4,46.37,46.385,21111
2011-04-28 14:15:00,46.38,46.4,46.265,46.28,67210
2011-04-28 14:30:00,46.26,46.28,46.24,46.24,31790
2011-04-28 14:45:00,46.25,46.33,46.24,46.32,25321
2011-04-28 15:00:00,46.34,46.4,46.335,46.39,18204
2011-04-28 15:15:00,46.4,46.49,46.38,46.49,39375
2011-04-28 15:30:00,46.48,46.52,46.47,46.5025,41747
2011-04-28 15:45:00,46.5,46.58,46.5,46.57,62795
2011-04-28 16:00:00,46.5625,46.57,46.45,46.45,71169
2011-04-29 09:45:00,46.59,46.6599,46.45,46.6,40616
2011-04-29 10:00:00,46.59,46.68,46.5,46.5,32844
2011-04-29 10:15:00,46.49,46.66,46.45,46.66,45100
2011-04-29 10:30:00,46.66,46.7,46.55,46.58,52132
2011-04-29 10:45:00,46.6,46.6,46.47,46.48,24378
2011-04-29 11:00:00,46.48,46.58,46.45,46.54,31524
2011-04-29 11:15:00,46.54,46.55,46.48,46.49,29954
2011-04-29 11:30:00,46.5,46.58,46.49,46.56,24026
2011-04-29 11:45:00,46.55,46.65,46.51,46.61,28822
2011-04-29 12:00:00,46.62,46.62,46.52,46.56,23369
2011-04-29 12:15:00,46.57,46.73,46.55,46.72,49775
2011-04-29 12:30:00,46.72,46.76,46.68,46.72,22056
2011-04-29 12:45:00,46.74,46.74,46.64,46.69,15762
2011-04-29 13:00:00,46.7095,46.71,46.67,46.69,21589
2011-04-29 13:15:00,46.69,46.76,46.69,46.71,29400
2011-04-29 13:30:00,46.73,46.76,46.66,46.76,28741
2011-04-29 13:45:00,46.751999999999995,46.78,46.71,46.78,27071
2011-04-29 14:00:00,46.79,46.8,46.73,46.7786,32950
2011-04-29 14:15:00,46.78,46.8,46.73,46.74,45711
2011-04-29 14:30:00,46.75,46.75,46.59,46.68,56928
2011-04-29 14:45:00,46.67,46.76,46.61,46.73,38625
2011-04-29 15:00:00,46.725,46.93,46.72,46.925,97081
2011-04-29 15:15:00,46.92,46.92,46.83,46.845,55140
2011-04-29 15:30:00,46.85,46.93,46.82,46.91,97271
2011-04-29 15:45:00,46.905,46.91,46.83,46.8696,103453
2011-04-29 16:00:00,46.87,46.9,46.83,46.84,299752
2011-05-02 09:45:00,47.0,47.25,46.88,47.23,52219
2011-05-02 10:00:00,47.25,47.25,47.15,47.19,40796
2011-05-02 10:15:00,47.2,47.24,47.14,47.22,75228
2011-05-02 10:30:00,47.22,47.36,47.21,47.35,33417
2011-05-02 10:45:00,47.36,47.36,47.2,47.21,60035
2011-05-02 11:00:00,47.22,47.28,47.21,47.25,43821
2011-05-02 11:15:00,47.25,47.33,47.24,47.32,48167
2011-05-02 11:30:00,47.315,47.42,47.31,47.41,63878
2011-05-02 11:45:00,47.41,47.461000000000006,47.4,47.44,45700
2011-05-02 12:00:00,47.42,47.43,47.33,47.36,43216
2011-05-02 12:15:00,47.35,47.5,47.3,47.5,57304
2011-05-02 12:30:00,47.49,47.4997,47.34,47.3525,53408
2011-05-02 12:45:00,47.35,47.41,47.3,47.3,56562
2011-05-02 13:00:00,47.31,47.31,47.19,47.19,63340
2011-05-02 13:15:00,47.19,47.22,47.12,47.22,38457
2011-05-02 13:30:00,47.22,47.26,47.2,47.25,41442
2011-05-02 13:45:00,47.26,47.31,47.25,47.29,23219
2011-05-02 14:00:00,47.29,47.3,47.23,47.256,43166
2011-05-02 14:15:00,47.26,47.32,47.25,47.302,34750
2011-05-02 14:30:00,47.3,47.31,47.245,47.29,39342
2011-05-02 14:45:00,47.29,47.31,47.2266,47.25,49744
2011-05-02 15:00:00,47.24,47.2966,47.22,47.27,66011
2011-05-02 15:15:00,47.25,47.28,47.24,47.24,46404
2011-05-02 15:30:00,47.23,47.35,47.19,47.26,125334
2011-05-02 15:45:00,47.26,47.2694,47.18,47.23,67009
2011-05-02 16:00:00,47.23,47.26,47.17,47.19,102419
2011-05-03 09:45:00,46.96,47.15,46.8572,46.96,45332
2011-05-03 10:00:00,46.92,47.08,46.88,46.96,30518
2011-05-03 10:15:00,47.0,47.04,46.9,46.9,29089
2011-05-03 10:30:00,46.9,46.97,46.81,46.84,26264
2011-05-03 10:45:00,46.81,46.83,46.72,46.74,27559
2011-05-03 11:00:00,46.73,46.735,46.65,46.68,23599
2011-05-03 11:15:00,46.67,46.82,46.67,46.7502,19519
2011-05-03 11:30:00,46.73,46.8205,46.72,46.76,17616
2011-05-03 11:45:00,46.78,46.89,46.78,46.88,22263
2011-05-03 12:00:00,46.8501,46.88,46.84,46.88,13068
2011-05-03 12:15:00,46.87,46.92,46.85,46.89,17946
2011-05-03 12:30:00,46.89,46.9,46.85,46.87,12300
2011-05-03 12:45:00,46.86,46.89,46.83,46.85,26021
2011-05-03 13:00:00,46.86,46.88,46.8101,46.85,27835
2011-05-03 13:15:00,46.855,46.88,46.85,46.86,16602
2011-05-03 13:30:00,46.855,46.87,46.74,46.81,40981
2011-05-03 13:45:00,46.81,46.87,46.76,46.85,31468
2011-05-03 14:00:00,46.84,46.89,46.8,46.89,16101
2011-05-03 14:15:00,46.87,46.88,46.77,46.87,31934
2011-05-03 14:30:00,46.87,46.9,46.79,46.86,25922
2011-05-03 14:45:00,46.86,46.89,46.77,46.83,27137
2011-05-03 15:00:00,46.82,46.83,46.75,46.81,28884
2011-05-03 15:15:00,46.81,46.89,46.79,46.79,40217
2011-05-03 15:30:00,46.78,46.81,46.73,46.81,127264
2011-05-03 15:45:00,46.81,46.84,46.71,46.77,125759
2011-05-03 16:00:00,46.78,46.96,46.74,46.94,191805
2011-05-04 09:45:00,46.81,47.46,46.81,47.33,49938
2011-05-04 10:00:00,47.3309,47.465,46.81,47.28,134355
2011-05-04 10:15:00,47.28,47.37,47.1,47.32,48353
2011-05-04 10:30:00,47.31,47.32,47.1,47.11,31663
2011-05-04 10:45:00,47.11,47.23,47.08,47.15,24280
2011-05-04 11:00:00,47.14,47.23,47.11,47.18,38245
2011-05-04 11:15:00,47.18,47.18,47.05,47.11,37713
2011-05-04 11:30:00,47.131,47.14,47.02,47.1,43137
2011-05-04 11:45:00,47.11,47.14,47.04,47.13,28197
2011-05-04 12:00:00,47.13,47.22,47.08,47.14,21902
2011-05-04 12:15:00,47.15,47.15,47.08,47.14,15788
2011-05-04 12:30:00,47.14,47.17,47.12,47.15,36973
2011-05-04 12:45:00,47.14,47.22,47.12,47.191,29000
2011-05-04 13:00:00,47.19,47.27,47.18,47.26,39311
2011-05-04 13:15:00,47.25,47.32,47.24,47.265,30475
2011-05-04 13:30:00,47.27,47.32,47.23,47.26,26362
2011-05-04 13:45:00,47.27,47.32,47.26,47.3,17538
2011-05-04 14:00:00,47.295,47.32,47.26,47.29,46755
2011-05-04 14:15:00,47.29,47.48,47.27,47.48,70347
2011-05-04 14:30:00,47.48,47.58,47.47,47.49,56492
2011-05-04 14:45:00,47.5,47.55,47.42,47.42,47162
2011-05-04 15:00:00,47.42,47.46,47.38,47.38,54938
2011-05-04 15:15:00,47.39,47.42,47.25,47.28,46105
2011-05-04 15:30:00,47.275,47.36,47.23,47.32,43613
2011-05-04 15:45:00,47.3296,47.47,47.315,47.42,52832
2011-05-04 16:00:00,47.42,47.49,47.41,47.48,111062
2011-05-05 09:45:00,47.09,47.21,47.06,47.1,74583
2011-05-05 10:00:00,47.11,47.25,47.06,47.23,72332
2011-05-05 10:15:00,47.25,47.48,47.24,47.32,49340
2011-05-05 10:30:00,47.32,47.38,47.19,47.19,27462
2011-05-05 10:45:00,47.18,47.25,47.1201,47.23,28080
2011-05-05 11:00:00,47.23,47.42,47.22,47.37,30245
2011-05-05 11:15:00,47.36,47.48,47.26,47.28,21191
2011-05-05 11:30:00,47.27,47.35,47.2,47.34,39953
2011-05-05 11:45:00,47.34,47.49,47.326,47.49,31280
2011-05-05 12:00:00,47.5,47.73,47.49,47.7,36948
2011-05-05 12:15:00,47.7,47.81,47.7,47.8,21363
2011-05-05 12:30:00,47.8,47.92,47.785,47.89,49419
2011-05-05 12:45:00,47.89,47.9,47.78,47.79,17973
2011-05-05 13:00:00,47.79,47.79,47.64,47.67,12829
2011-05-05 13:15:00,47.66,47.7,47.615,47.7,14499
2011-05-05 13:30:00,47.7,47.73,47.69,47.72,45545
2011-05-05 13:45:00,47.71,47.74,47.64,47.67,23405
2011-05-05 14:00:00,47.67,47.8,47.67,47.78,23451
2011-05-05 14:15:00,47.78,47.78,47.67,47.68,16836
2011-05-05 14:30:00,47.68,47.8,47.68,47.75,27753
2011-05-05 14:45:00,47.75,47.77,47.71,47.71,25840
2011-05-05 15:00:00,47.71,47.7102,47.55,47.59,39360
2011-05-05 15:15:00,47.61,47.63,47.29,47.35,83361
2011-05-05 15:30:00,47.36,47.43,47.14,47.25,77579
2011-05-05 15:45:00,47.25,47.41,47.25,47.4,113236
2011-05-05 16:00:00,47.39,47.41,47.29,47.3,101778
2011-05-06 09:45:00,47.56,47.87,47.56,47.6,37974
2011-05-06 10:00:00,47.6,47.608999999999995,47.44,47.54,16279
2011-05-06 10:15:00,47.53,47.53,47.35,47.48,16490
2011-05-06 10:30:00,47.48,47.49,47.4,47.44,18900
2011-05-06 10:45:00,47.46,47.5,47.39,47.39,18799
2011-05-06 11:00:00,47.39,47.45,47.3,47.3,25894
2011-05-06 11:15:00,47.31,47.42,47.3,47.34,16992
2011-05-06 11:30:00,47.33,47.47,47.33,47.4101,61218
2011-05-06 11:45:00,47.42,47.45,47.39,47.44,19100
2011-05-06 12:00:00,47.45,47.505,47.42,47.48,70634
2011-05-06 12:15:00,47.485,47.5283,47.4,47.41,47543
2011-05-06 12:30:00,47.42,47.51,47.31,47.47,44059
2011-05-06 12:45:00,47.44,47.5,47.37,47.4,27725
2011-05-06 13:00:00,47.4,47.47,47.39,47.46,14686
2011-05-06 13:15:00,47.47,47.5182,47.4,47.45,26598
2011-05-06 13:30:00,47.45,47.45,47.29,47.42,29615
2011-05-06 13:45:00,47.4,47.45,47.35,47.36,14257
2011-05-06 14:00:00,47.35,47.37,47.28,47.3,20748
2011-05-06 14:15:00,47.29,47.38,47.25,47.32,19700
2011-05-06 14:30:00,47.32,47.37,47.21,47.22,48411
2011-05-06 14:45:00,47.21,47.23,47.12,47.19,35727
2011-05-06 15:00:00,47.19,47.28,47.15,47.27,36102
2011-05-06 15:15:00,47.27,47.34,47.22,47.24,28608
2011-05-06 15:30:00,47.24,47.3,47.21,47.23,18255
2011-05-06 15:45:00,47.24,47.3,47.21,47.3,34935
2011-05-06 16:00:00,47.29,47.37,47.27,47.36,144534
2011-05-09 09:45:00,47.28,47.28,46.93,47.11,33260
2011-05-09 10:00:00,47.12,47.3,47.1001,47.28,25138
2011-05-09 10:15:00,47.27,47.44,47.22,47.32,28234
2011-05-09 10:30:00,47.33,47.33,47.08,47.12,23830
2011-05-09 10:45:00,47.1,47.1,46.96,47.03,27980
2011-05-09 11:00:00,47.03,47.2,47.01,47.1497,26670
2011-05-09 11:15:00,47.15,47.19,47.12,47.12,25142
2011-05-09 11:30:00,47.12,47.12,47.06,47.06,11391
2011-05-09 11:45:00,47.08,47.09,47.03,47.0394,11347
2011-05-09 12:00:00,47.03,47.16,47.03,47.15,14332
2011-05-09 12:15:00,47.15,47.28,47.13,47.25,17910
2011-05-09 12:30:00,47.25,47.33,47.25,47.31,10932
2011-05-09 12:45:00,47.31,47.39,47.3,47.38,11300
2011-05-09 13:00:00,47.4,47.41,47.36,47.37,12596
2011-05-09 13:15:00,47.37,47.37,47.31,47.32,8121
2011-05-09 13:30:00,47.32,47.32,47.21,47.22,11984
2011-05-09 13:45:00,47.22,47.24,47.17,47.21,12435
2011-05-09 14:00:00,47.21,47.2152,47.13,47.165,36755
2011-05-09 14:15:00,47.16,47.18,47.11,47.11,19791
2011-05-09 14:30:00,47.1,47.11,46.99,47.0,15216
2011-05-09 14:45:00,47.01,47.12,47.01,47.1,20804
2011-05-09 15:00:00,47.1,47.15,47.09,47.14,30695
2011-05-09 15:15:00,47.14,47.17,47.12,47.16,38763
2011-05-09 15:30:00,47.15,47.15,47.045,47.05,24370
2011-05-09 15:45:00,47.045,47.05,46.96,46.97,46009
2011-05-09 16:00:00,46.97,47.01,46.91,46.92,54080
2011-05-10 09:45:00,46.87,47.4,46.87,47.36,22663
2011-05-10 10:00:00,47.36,47.39,47.3,47.38,14485
2011-05-10 10:15:00,47.37,47.375,47.14,47.3,94792
2011-05-10 10:30:00,47.35,47.46,47.34,47.43,13253
2011-05-10 10:45:00,47.4303,47.46,47.43,47.44,11336
2011-05-10 11:00:00,47.44,47.45,47.38,47.44,11394
2011-05-10 11:15:00,47.44,47.53,47.4,47.53,13727
2011-05-10 11:30:00,47.51,47.5158,47.36,47.4,10367
2011-05-10 11:45:00,47.4,47.42,47.37,47.42,7313
2011-05-10 12:00:00,47.42,47.42,47.37,47.37,9100
2011-05-10 12:15:00,47.3601,47.38,47.29,47.3,17220
2011-05-10 12:30:00,47.3,47.3,47.27,47.291000000000004,24900
2011-05-10 12:45:00,47.3,47.32,47.28,47.3,17500
2011-05-10 13:00:00,47.31,47.31,47.25,47.28,24653
2011-05-10 13:15:00,47.27,47.28,47.25,47.26,24359
2011-05-10 13:30:00,47.27,47.28,47.25,47.27,17567
2011-05-10 13:45:00,47.278999999999996,47.34,47.27,47.33,7820
2011-05-10 14:00:00,47.33,47.4,47.32,47.4,11213
2011-05-10 14:15:00,47.39,47.4,47.34,47.3949,5472
2011-05-10 14:30:00,47.39,47.43,47.35,47.43,10866
2011-05-10 14:45:00,47.42,47.51,47.4,47.51,18818
2011-05-10 15:00:00,47.51,47.58,47.5025,47.57,13989
2011-05-10 15:15:00,47.57,47.61,47.55,47.6,20055
2011-05-10 15:30:00,47.6,47.69,47.59,47.66,23998
2011-05-10 15:45:00,47.6499,47.725,47.64,47.7,28210
2011-05-10 16:00:00,47.7,47.7,47.56,47.61,76902
2011-05-11 09:45:00,47.66,47.85,47.61,47.79,27692
2011-05-11 10:00:00,47.8,47.87,47.79,47.81,101534
2011-05-11 10:15:00,47.81,47.9,47.79,47.9,22068
2011-05-11 10:30:00,47.9,47.92,47.84,47.86,19571
2011-05-11 10:45:00,47.85,47.9,47.82,47.89,135882
2011-05-11 11:00:00,47.89,47.93,47.87,47.89,21018
2011-05-11 11:15:00,47.89,47.92,47.89,47.91,18084
2011-05-11 11:30:00,47.91,47.92,47.85,47.88,42595
2011-05-11 11:45:00,47.88,47.92,47.87,47.92,19425
2011-05-11 12:00:00,47.9126,47.92,47.87,47.875,40370
2011-05-11 12:15:00,47.88,47.89,47.625,47.65,45398
2011-05-11 12:30:00,47.65,47.66,47.46,47.61,35019
2011-05-11 12:45:00,47.605,47.67,47.595,47.66,16985
2011-05-11 13:00:00,47.66,47.82,47.65,47.76,57561
2011-05-11 13:15:00,47.77,47.77,47.71,47.73,27248
2011-05-11 13:30:00,47.73,47.77,47.72,47.75,31238
2011-05-11 13:45:00,47.74,47.7507,47.635,47.65,22034
2011-05-11 14:00:00,47.63,47.66,47.62,47.64,20327
2011-05-11 14:15:00,47.64,47.66,47.62,47.64,24272
2011-05-11 14:30:00,47.65,47.67,47.62,47.6499,24180
2011-05-11 14:45:00,47.645,47.77,47.645,47.76,18976
2011-05-11 15:00:00,47.76,47.85,47.715,47.805,46751
2011-05-11 15:15:00,47.805,47.81,47.63,47.63,20367
2011-05-11 15:30:00,47.64,47.78,47.6399,47.72,25972
2011-05-11 15:45:00,47.73,47.74,47.6248,47.6394,36039
2011-05-11 16:00:00,47.64,47.78,47.63,47.73,84720
2011-05-12 09:45:00,47.49,47.96,47.49,47.83,39812
2011-05-12 10:00:00,47.82,47.88,47.79,47.88,24207
2011-05-12 10:15:00,47.88,47.9,47.71,47.84,49028
2011-05-12 10:30:00,47.85,47.89,47.79,47.86,24787
2011-05-12 10:45:00,47.87,47.97,47.85,47.91,57686
2011-05-12 11:00:00,47.9,48.01,47.88,47.99,70050
2011-05-12 11:15:00,48.0,48.1799,47.97,48.15,48030
2011-05-12 11:30:00,48.17,48.23,48.15,48.205,36881
2011-05-12 11:45:00,48.19,48.3,48.18,48.27,32847
2011-05-12 12:00:00,48.28,48.33,48.23,48.33,30146
2011-05-12 12:15:00,48.32,48.34,48.24,48.29,23986
2011-05-12 12:30:00,48.28,48.28,48.16,48.175,18049
2011-05-12 12:45:00,48.18,48.2,48.135,48.14,32870
2011-05-12 13:00:00,48.14,48.21,48.095,48.19,29126
2011-05-12 13:15:00,48.19,48.28,48.185,48.21,34986
2011-05-12 13:30:00,48.22,48.25,48.2,48.2,31570
2011-05-12 13:45:00,48.2,48.25,48.16,48.23,26648
2011-05-12 14:00:00,48.23,48.23,48.15,48.15,22786
2011-05-12 14:15:00,48.15,48.24,48.145,48.21,20165
2011-05-12 14:30:00,48.21,48.25,48.19,48.22,31477
2011-05-12 14:45:00,48.23,48.25,48.19,48.24,32124
2011-05-12 15:00:00,48.24,48.3,48.24,48.25,33806
2011-05-12 15:15:00,48.24,48.255,48.19,48.2,50005
2011-05-12 15:30:00,48.2,48.275,48.2,48.27,76881
2011-05-12 15:45:00,48.27,48.28,48.23,48.23,62011
2011-05-12 16:00:00,48.23,48.34,48.22,48.32,103073
2011-05-13 09:45:00,48.32,48.35,48.08,48.28,22617
2011-05-13 10:00:00,48.29,48.425,48.25,48.28,23800
2011-05-13 10:15:00,48.29,48.34,48.17,48.23,39978
2011-05-13 10:30:00,48.23,48.34,48.22,48.3,17060
2011-05-13 10:45:00,48.33,48.37,48.305,48.33,17022
2011-05-13 11:00:00,48.31,48.36,48.245,48.32,34712
2011-05-13 11:15:00,48.32,48.395,48.31,48.38,35449
2011-05-13 11:30:00,48.38,48.41,48.24,48.34,48142
2011-05-13 11:45:00,48.33,48.34,48.27,48.33,14782
2011-05-13 12:00:00,48.31,48.395,48.275,48.35,56702
2011-05-13 12:15:00,48.34,48.375,48.08,48.09,48910
2011-05-13 12:30:00,48.09,48.18,48.07,48.17,42740
2011-05-13 12:45:00,48.17,48.2,48.1,48.1,21641
2011-05-13 13:00:00,48.105,48.15,48.03,48.0364,22014
2011-05-13 13:15:00,48.04,48.09,48.03,48.08,15354
2011-05-13 13:30:00,48.075,48.115,48.07,48.075,12281
2011-05-13 13:45:00,48.07,48.135,48.07,48.12,19068
2011-05-13 14:00:00,48.13,48.17,48.095,48.12,20943
2011-05-13 14:15:00,48.11,48.12,48.07,48.11,14383
2011-05-13 14:30:00,48.11,48.19,48.1,48.15,18253
2011-05-13 14:45:00,48.16,48.19,48.125,48.125,19005
2011-05-13 15:00:00,48.12,48.17,48.085,48.09,22939
2011-05-13 15:15:00,48.09,48.09,48.04,48.08,25800
2011-05-13 15:30:00,48.075,48.09,47.96,47.99,43706
2011-05-13 15:45:00,48.0,48.19,48.0,48.17,52948
2011-05-13 16:00:00,48.17,48.18,48.02,48.05,84862
2011-05-16 09:45:00,47.86,47.93,47.78,47.82,22718
2011-05-16 10:00:00,47.81,47.964,47.7528,47.964,23629
2011-05-16 10:15:00,47.96,48.1,47.92,47.98,29111
2011-05-16 10:30:00,47.97,47.99,47.91,47.92,19382
2011-05-16 10:45:00,47.93,47.98,47.93,47.97,16350
2011-05-16 11:00:00,47.97,47.981,47.92,47.94,27246
2011-05-16 11:15:00,47.93,48.05,47.92,48.02,24276
2011-05-16 11:30:00,48.015,48.02,47.93,47.95,18117
2011-05-16 11:45:00,47.95,47.98,47.93,47.93,10665
2011-05-16 12:00:00,47.9152,47.95,47.9152,47.95,5650
2011-05-16 12:15:00,47.95,47.951,47.9,47.9,10649
2011-05-16 12:30:00,47.89,47.93,47.89,47.93,10683
2011-05-16 12:45:00,47.925,47.93,47.88,47.88,13716
2011-05-16 13:00:00,47.89,47.9,47.85,47.85,9600
2011-05-16 13:15:00,47.85,47.9,47.84,47.9,11500
2011-05-16 13:30:00,47.91,47.92,47.88,47.88,9092
2011-05-16 13:45:00,47.88,47.95,47.88,47.92,13036
2011-05-16 14:00:00,47.93,47.97,47.92,47.92,11663
2011-05-16 14:15:00,47.92,48.04,47.9,48.0,27479
2011-05-16 14:30:00,48.0,48.01,47.9,47.92,37203
2011-05-16 14:45:00,47.93,47.955,47.88,47.91,48842
2011-05-16 15:00:00,47.91,48.02,47.89,48.005,36351
2011-05-16 15:15:00,48.01,48.06,48.0,48.0,23422
2011-05-16 15:30:00,48.01,48.05,47.9499,47.9499,35973
2011-05-16 15:45:00,47.95,47.9725,47.87,47.89,25898
2011-05-16 16:00:00,47.87,47.885,47.78,47.81,62437
2011-05-17 09:45:00,47.67,47.76,47.36,47.74,38318
2011-05-17 10:00:00,47.75,47.84,47.5834,47.64,22842
2011-05-17 10:15:00,47.65,47.678999999999995,47.52,47.58,19969
2011-05-17 10:30:00,47.6,47.8,47.6,47.74,16726
2011-05-17 10:45:00,47.755,47.86,47.67,47.67,12150
2011-05-17 11:00:00,47.66,47.66,47.43,47.45,23853
2011-05-17 11:15:00,47.45,47.47,47.31,47.39,20653
2011-05-17 11:30:00,47.41,47.48,47.36,47.39,8198
2011-05-17 11:45:00,47.41,47.42,47.3,47.32,22006
2011-05-17 12:00:00,47.33,47.33,47.23,47.26,72211
2011-05-17 12:15:00,47.25,47.27,47.23,47.26,21383
2011-05-17 12:30:00,47.26,47.28,47.2401,47.26,13154
2011-05-17 12:45:00,47.26,47.39,47.255,47.3501,11114
2011-05-17 13:00:00,47.35,47.35,47.195,47.24,21391
2011-05-17 13:15:00,47.23,47.23,47.14,47.1905,28136
2011-05-17 13:30:00,47.2,47.26,47.185,47.24,21318
2011-05-17 13:45:00,47.24,47.26,47.135,47.17,27531
2011-05-17 14:00:00,47.17,47.185,47.125,47.17,27590
2011-05-17 14:15:00,47.2,47.23,47.09,47.12,38732
2011-05-17 14:30:00,47.12,47.15,47.05,47.12,91402
2011-05-17 14:45:00,47.115,47.14,46.98,46.98,31521
2011-05-17 15:00:00,46.98,47.08,46.955,47.075,189859
2011-05-17 15:15:00,47.08,47.09,47.01,47.05,91963
2011-05-17 15:30:00,47.04,47.05,46.94,46.98,92042
2011-05-17 15:45:00,46.98,46.99,46.85,46.85,99890
2011-05-17 16:00:00,46.85,46.96,46.84,46.91,241776
2011-05-18 09:45:00,47.02,47.07,46.88,47.07,42914
2011-05-18 10:00:00,47.09,47.28,47.06,47.18,33337
2011-05-18 10:15:00,47.19,47.24,47.15,47.16,28164
2011-05-18 10:30:00,47.15,47.22,47.08,47.18,34947
2011-05-18 10:45:00,47.17,47.25,47.09,47.23,41185
2011-05-18 11:00:00,47.24,47.36,47.235,47.305,29870
2011-05-18 11:15:00,47.32,47.4,47.295,47.34,25581
2011-05-18 11:30:00,47.36,47.36,47.22,47.28,14904
2011-05-18 11:45:00,47.28,47.29,47.2,47.21,14670
2011-05-18 12:00:00,47.2191,47.22,47.16,47.16,14874
2011-05-18 12:15:00,47.17,47.28,47.17,47.26,12565
2011-05-18 12:30:00,47.26,47.3,47.25,47.275,12500
2011-05-18 12:45:00,47.275,47.31,47.2501,47.26,7658
2011-05-18 13:00:00,47.26,47.285,47.25,47.27,6284
2011-05-18 13:15:00,47.27,47.38,47.27,47.36,8880
2011-05-18 13:30:00,47.36,47.37,47.33,47.33,9461
2011-05-18 13:45:00,47.325,47.36,47.295,47.36,7435
2011-05-18 14:00:00,47.36,47.42,47.3,47.41,16588
2011-05-18 14:15:00,47.4,47.5,47.3824,47.49,13973
2011-05-18 14:30:00,47.49,47.5,47.41,47.44,31938
2011-05-18 14:45:00,47.435,47.54,47.43,47.4725,35842
2011-05-18 15:00:00,47.48,47.5,47.46,47.48,12144
2011-05-18 15:15:00,47.48,47.51,47.42,47.49,45459
2011-05-18 15:30:00,47.49,47.56,47.4652,47.56,24308
2011-05-18 15:45:00,47.56,47.58,47.48,47.5,46140
2011-05-18 16:00:00,47.5,47.51,47.45,47.505,54778
2011-05-19 09:45:00,47.43,47.58,47.32,47.5516,25648
2011-05-19 10:00:00,47.576,47.79,47.57,47.785,18082
2011-05-19 10:15:00,47.76,47.77,47.51,47.52,29497
2011-05-19 10:30:00,47.53,47.65,47.515,47.6234,10524
2011-05-19 10:45:00,47.63,47.63,47.42,47.42,20220
2011-05-19 11:00:00,47.41,47.88,47.405,47.84,152469
2011-05-19 11:15:00,47.82,48.05,47.73,47.77,68314
2011-05-19 11:30:00,47.7701,47.86,47.7701,47.81,10162
2011-05-19 11:45:00,47.81,47.84,47.81,47.82,29146
2011-05-19 12:00:00,47.82,47.83,47.63,47.67,12528
2011-05-19 12:15:00,47.66,47.772,47.62,47.77,16738
2011-05-19 12:30:00,47.77,47.94,47.76,47.88,56648
2011-05-19 12:45:00,47.87,47.96,47.85,47.91,16590
2011-05-19 13:00:00,47.93,47.93,47.81,47.81,10309
2011-05-19 13:15:00,47.81,47.84,47.78,47.83,14771
2011-05-19 13:30:00,47.8495,47.89,47.84,47.85,8384
2011-05-19 13:45:00,47.85,47.87,47.82,47.83,7953
2011-05-19 14:00:00,47.8201,47.93,47.82,47.92,15469
2011-05-19 14:15:00,47.93,47.96,47.865,47.88,23700
2011-05-19 14:30:00,47.88,47.89,47.75,47.79,18121
2011-05-19 14:45:00,47.785,47.808,47.74,47.76,32033
2011-05-19 15:00:00,47.7536,47.81,47.74,47.78,19066
2011-05-19 15:15:00,47.8,47.89,47.78,47.89,30401
2011-05-19 15:30:00,47.89,47.99,47.89,47.96,45582
2011-05-19 15:45:00,47.965,47.98,47.82,47.83,47974
2011-05-19 16:00:00,47.84,47.98,47.83,47.98,109822
2011-05-20 09:45:00,47.88,47.88,47.66,47.74,40540
2011-05-20 10:00:00,47.71,47.71,47.41,47.42,23296
2011-05-20 10:15:00,47.44,47.44,47.3,47.32,31382
2011-05-20 10:30:00,47.3,47.44,47.27,47.42,20092
2011-05-20 10:45:00,47.41,47.41,47.32,47.32,38314
2011-05-20 11:00:00,47.29,47.29,47.08,47.08,44807
2011-05-20 11:15:00,47.07,47.195,47.07,47.195,14515
2011-05-20 11:30:00,47.195,47.25,47.19,47.25,7004
2011-05-20 11:45:00,47.25,47.42,47.24,47.37,17585
2011-05-20 12:00:00,47.38,47.41,47.34,47.35,18167
2011-05-20 12:15:00,47.34,47.4425,47.34,47.434,10249
2011-05-20 12:30:00,47.45,47.62,47.43,47.62,22851
2011-05-20 12:45:00,47.62,47.66,47.6,47.64,24665
2011-05-20 13:00:00,47.64,47.64,47.56,47.57,13603
2011-05-20 13:15:00,47.58,47.66,47.58,47.63,11848
2011-05-20 13:30:00,47.64,47.72,47.63,47.71,21343
2011-05-20 13:45:00,47.71,47.77,47.705,47.715,22655
2011-05-20 14:00:00,47.71,47.71,47.57,47.57,22989
2011-05-20 14:15:00,47.58,47.64,47.54,47.54,21419
2011-05-20 14:30:00,47.5499,47.63,47.53,47.59,15317
2011-05-20 14:45:00,47.6,47.62,47.55,47.62,12957
2011-05-20 15:00:00,47.62,47.6801,47.6,47.63,22646
2011-05-20 15:15:00,47.62,47.63,47.57,47.61,25736
2011-05-20 15:30:00,47.6,47.65,47.565,47.6,24748
2011-05-20 15:45:00,47.6,47.67,47.56,47.65,29446
2011-05-20 16:00:00,47.65,47.65,47.405,47.5,103044
2011-05-23 09:45:00,45.94,47.29,45.94,47.29,106951
2011-05-23 10:00:00,47.29,47.29,47.0965,47.13,18730
2011-05-23 10:15:00,47.11,47.3,47.11,47.24,27805
2011-05-23 10:30:00,47.23,47.26,47.1,47.11,16785
2011-05-23 10:45:00,47.1,47.22,47.1,47.2,20927
2011-05-23 11:00:00,47.2,47.26,47.12,47.21,15853
2011-05-23 11:15:00,47.22,47.32,47.21,47.28,24565
2011-05-23 11:30:00,47.27,47.35,47.2,47.35,24819
2011-05-23 11:45:00,47.35,47.39,47.23,47.3,28961
2011-05-23 12:00:00,47.32,47.55,47.3,47.54,36817
2011-05-23 12:15:00,47.54,47.55,47.24,47.33,34944
2011-05-23 12:30:00,47.33,47.37,47.3,47.36,21568
2011-05-23 12:45:00,47.36,47.41,47.36,47.4,18532
2011-05-23 13:00:00,47.4,47.54,47.39,47.46,20742
2011-05-23 13:15:00,47.47,47.4799,47.38,47.46,7983
2011-05-23 13:30:00,47.4552,47.5,47.44,47.49,10758
2011-05-23 13:45:00,47.5,47.55,47.43,47.43,35398
2011-05-23 14:00:00,47.43,47.55,47.42,47.54,49627
2011-05-23 14:15:00,47.54,47.64,47.495,47.5522,31882
2011-05-23 14:30:00,47.56,47.62,47.5,47.59,20147
2011-05-23 14:45:00,47.59,47.74,47.59,47.66,26895
2011-05-23 15:00:00,47.66,47.67,47.6,47.62,18782
2011-05-23 15:15:00,47.62,47.7,47.58,47.61,38452
2011-05-23 15:30:00,47.6,47.6,47.47,47.47,23585
2011-05-23 15:45:00,47.47,47.51,47.44,47.44,68767
2011-05-23 16:00:00,47.44,47.48,47.39,47.41,91592
2011-05-24 09:45:00,47.48,47.48,47.15,47.25,25873
2011-05-24 10:00:00,47.26,47.39,47.26,47.39,13740
2011-05-24 10:15:00,47.3898,47.5,47.38,47.476000000000006,15011
2011-05-24 10:30:00,47.5,47.5,47.27,47.27,14278
2011-05-24 10:45:00,47.28,47.31,47.16,47.18,11315
2011-05-24 11:00:00,47.19,47.22,47.15,47.16,21067
2011-05-24 11:15:00,47.16,47.195,47.13,47.17,11916
2011-05-24 11:30:00,47.18,47.2,47.1,47.12,15104
2011-05-24 11:45:00,47.12,47.175,47.05,47.05,24838
2011-05-24 12:00:00,47.05,47.06,47.0,47.01,18751
2011-05-24 12:15:00,47.01,47.04,46.99,47.035,28933
2011-05-24 12:30:00,47.025,47.045,46.989,46.989,36062
2011-05-24 12:45:00,46.98,46.99,46.9,46.93,38458
2011-05-24 13:00:00,46.93,46.94,46.9,46.9,18682
2011-05-24 13:15:00,46.9,46.97,46.9,46.91,15572
2011-05-24 13:30:00,46.91,46.96,46.85,46.95,36744
2011-05-24 13:45:00,46.95,47.02,46.95,47.01,31119
2011-05-24 14:00:00,47.0,47.16,47.0,47.11,32022
2011-05-24 14:15:00,47.1195,47.12,47.01,47.025,17861
2011-05-24 14:30:00,47.04,47.1,47.0,47.1,27270
2011-05-24 14:45:00,47.1,47.1,47.01,47.02,19931
2011-05-24 15:00:00,47.02,47.04,46.99,47.03,24591
2011-05-24 15:15:00,47.03,47.07,47.0,47.0244,44176
2011-05-24 15:30:00,47.03,47.17,47.03,47.17,32426
2011-05-24 15:45:00,47.16,47.19,47.055,47.06,63459
2011-05-24 16:00:00,47.06,47.06,46.96,47.0,98433
2011-05-25 09:45:00,46.85,46.9,46.47,46.47,33017
2011-05-25 10:00:00,46.46,46.62,46.46,46.46,29887
2011-05-25 10:15:00,46.45,46.49,46.36,46.41,39576
2011-05-25 10:30:00,46.41,46.5,46.37,46.49,54279
2011-05-25 10:45:00,46.48,46.6,46.45,46.59,27060
2011-05-25 11:00:00,46.58,46.6286,46.55,46.6,23854
2011-05-25 11:15:00,46.6,46.65,46.6,46.65,23366
2011-05-25 11:30:00,46.65,46.66,46.57,46.61,28227
2011-05-25 11:45:00,46.63,46.7,46.625,46.68,11100
2011-05-25 12:00:00,46.68,46.72,46.63,46.64,13805
2011-05-25 12:15:00,46.64,46.67,46.63,46.66,11642
2011-05-25 12:30:00,46.665,46.68,46.62,46.665,13474
2011-05-25 12:45:00,46.68,46.74,46.675,46.74,28223
2011-05-25 13:00:00,46.75,46.84,46.745,46.84,15132
2011-05-25 13:15:00,46.83,46.89,46.82,46.85,26140
2011-05-25 13:30:00,46.85,46.895,46.75,46.75,15177
2011-05-25 13:45:00,46.74,46.84,46.74,46.84,11115
2011-05-25 14:00:00,46.84,46.86,46.79,46.84,15962
2011-05-25 14:15:00,46.84,46.84,46.775,46.8,19149
2011-05-25 14:30:00,46.8,46.85,46.8,46.85,10656
2011-05-25 14:45:00,46.85,46.85,46.76,46.8,19631
2011-05-25 15:00:00,46.782,46.85,46.782,46.85,19812
2011-05-25 15:15:00,46.84,46.97,46.82,46.9594,35477
2011-05-25 15:30:00,46.96,46.97,46.815,46.84,24822
2011-05-25 15:45:00,46.84,46.88,46.83,46.86,32233
2011-05-25 16:00:00,46.86,46.86,46.74,46.74,90061
2011-05-26 09:45:00,46.77,46.77,46.07,46.13,79328
2011-05-26 10:00:00,46.13,46.13,45.96,45.99,73656
2011-05-26 10:15:00,45.97,46.02,45.905,45.92,75800
2011-05-26 10:30:00,45.9199,45.97,45.81,45.9001,51845
2011-05-26 10:45:00,45.91,46.095,45.9,46.08,41884
2011-05-26 11:00:00,46.07,46.09,45.99,46.01,48772
2011-05-26 11:15:00,46.0,46.11,45.97,46.05,29645
2011-05-26 11:30:00,46.04,46.11,46.01,46.05,29522
2011-05-26 11:45:00,46.04,46.09,46.0,46.015,25944
2011-05-26 12:00:00,46.015,46.04,45.99,46.02,26656
2011-05-26 12:15:00,46.03,46.03,45.96,45.99,66612
2011-05-26 12:30:00,45.99,46.0,45.95,45.97,26680
2011-05-26 12:45:00,45.97,46.07,45.92,46.05,19902
2011-05-26 13:00:00,46.05,46.23,46.05,46.23,16291
2011-05-26 13:15:00,46.23,46.23,46.12,46.125,28569
2011-05-26 13:30:00,46.13,46.22,46.11,46.15,33603
2011-05-26 13:45:00,46.15,46.185,45.71,45.99,156739
2011-05-26 14:00:00,45.99,46.12,45.985,46.115,39895
2011-05-26 14:15:00,46.13,46.24,46.12,46.24,20057
2011-05-26 14:30:00,46.23,46.36,46.21,46.31,30200
2011-05-26 14:45:00,46.3,46.375,46.29,46.335,26781
2011-05-26 15:00:00,46.34,46.45,46.33,46.41,22230
2011-05-26 15:15:00,46.41,46.46,46.35,46.3599,32026
2011-05-26 15:30:00,46.37,46.54,46.37,46.54,27370
2011-05-26 15:45:00,46.54,46.56,46.46,46.5,34398
2011-05-26 16:00:00,46.5,46.5,46.35,46.38,91876
2011-05-27 09:45:00,46.61,46.61,46.36,46.405,28682
2011-05-27 10:00:00,46.4,46.43,46.31,46.405,30843
2011-05-27 10:15:00,46.4,46.405,46.25,46.26,32952
2011-05-27 10:30:00,46.26,46.28,46.2,46.23,28314
2011-05-27 10:45:00,46.25,46.26,46.203,46.24,17158
2011-05-27 11:00:00,46.26,46.28,46.19,46.19,25898
2011-05-27 11:15:00,46.19,46.27,46.19,46.2692,20165
2011-05-27 11:30:00,46.27,46.32,46.27,46.275,18891
2011-05-27 11:45:00,46.27,46.27,46.16,46.17,15030
2011-05-27 12:00:00,46.17,46.18,46.13,46.14,24741
2011-05-27 12:15:00,46.14,46.14,46.04,46.05,29114
2011-05-27 12:30:00,46.05,46.06,45.95,45.9725,34503
2011-05-27 12:45:00,45.98,46.08,45.95,45.96,26866
2011-05-27 13:00:00,45.95,45.95,45.72,45.73,55569
2011-05-27 13:15:00,45.74,45.74,45.7,45.7,30765
2011-05-27 13:30:00,45.7,45.76,45.7,45.7,20757
2011-05-27 13:45:00,45.71,45.76,45.7,45.72,14158
2011-05-27 14:00:00,45.73,45.73,45.7,45.7,27812
2011-05-27 14:15:00,45.7,45.71,45.6,45.6,55598
2011-05-27 14:30:00,45.61,45.61,45.53,45.56,40920
2011-05-27 14:45:00,45.555,45.56,45.52,45.525,38321
2011-05-27 15:00:00,45.525,45.56,45.5,45.53,51084
2011-05-27 15:15:00,45.54,45.62,45.5,45.57,43636
2011-05-27 15:30:00,45.57,45.585,45.49,45.51,95358
2011-05-27 15:45:00,45.505,45.61,45.46,45.58,91054
2011-05-27 16:00:00,45.58,45.58,45.45,45.5,210269
2011-05-31 09:45:00,45.81,45.9991,45.61,45.7,75553
2011-05-31 10:00:00,45.7,45.8,45.6805,45.72,106248
2011-05-31 10:15:00,45.72,45.75,45.64,45.7,46219
2011-05-31 10:30:00,45.71,45.73,45.57,45.7,75424
2011-05-31 10:45:00,45.69,45.69,45.6,45.67,41965
2011-05-31 11:00:00,45.68,45.77,45.68,45.755,58916
2011-05-31 11:15:00,45.755,45.81,45.7,45.8052,42043
2011-05-31 11:30:00,45.81,45.81,45.78,45.785,21881
2011-05-31 11:45:00,45.78,45.8,45.75,45.75,24457
2011-05-31 12:00:00,45.76,45.76,45.74,45.75,37632
2011-05-31 12:15:00,45.75,45.8,45.75,45.78,26513
2011-05-31 12:30:00,45.78,45.79,45.74,45.7601,34123
2011-05-31 12:45:00,45.76,45.76,45.63,45.6501,103110
2011-05-31 13:00:00,45.65,45.79,45.65,45.77,15700
2011-05-31 13:15:00,45.77,45.8,45.7643,45.79,14104
2011-05-31 13:30:00,45.8,45.81,45.765,45.765,19575
2011-05-31 13:45:00,45.7601,45.805,45.72,45.8,21200
2011-05-31 14:00:00,45.8,45.87,45.795,45.8301,26886
2011-05-31 14:15:00,45.83,45.84,45.75,45.75,79555
2011-05-31 14:30:00,45.75,45.77,45.69,45.7,64432
2011-05-31 14:45:00,45.7,45.7,45.65,45.68,36483
2011-05-31 15:00:00,45.681000000000004,45.73,45.63,45.71,54892
2011-05-31 15:15:00,45.7,45.71,45.66,45.69,37617
2011-05-31 15:30:00,45.68,45.72,45.63,45.67,61848
2011-05-31 15:45:00,45.66,45.72,45.66,45.69,97711
2011-05-31 16:00:00,45.695,45.81,45.68,45.72,323827
2011-06-01 09:45:00,45.55,45.98,45.33,45.82,173795
2011-06-01 10:00:00,45.83,45.9,45.75,45.75,127862
2011-06-01 10:15:00,45.79,45.89,45.68,45.84,106914
2011-06-01 10:30:00,45.83,46.075,45.79,46.0326,105203
2011-06-01 10:45:00,46.04,46.12,46.0,46.03,102120
2011-06-01 11:00:00,46.04,46.23,46.04,46.23,74652
2011-06-01 11:15:00,46.225,46.36,46.2,46.2,167615
2011-06-01 11:30:00,46.21,46.24,46.105,46.24,92622
2011-06-01 11:45:00,46.24,46.34,46.14,46.33,93503
2011-06-01 12:00:00,46.34,46.47,46.31,46.47,82711
2011-06-01 12:15:00,46.47,46.53,46.24,46.27,72116
2011-06-01 12:30:00,46.2775,46.2775,46.15,46.2375,59394
2011-06-01 12:45:00,46.23,46.3,46.17,46.27,52558
2011-06-01 13:00:00,46.26,46.39,46.26,46.39,82246
2011-06-01 13:15:00,46.38,46.44,46.3295,46.35,76891
2011-06-01 13:30:00,46.35,46.41,46.34,46.37,82221
2011-06-01 13:45:00,46.38,46.39,46.29,46.295,54712
2011-06-01 14:00:00,46.3,46.31,46.16,46.19,98319
2011-06-01 14:15:00,46.19,46.19,46.08,46.12,101309
2011-06-01 14:30:00,46.13,46.22,46.07,46.09,81516
2011-06-01 14:45:00,46.09,46.09,45.88,45.92,65936
2011-06-01 15:00:00,45.93,45.95,45.87,45.9,94464
2011-06-01 15:15:00,45.89,45.9,45.77,45.77,100743
2011-06-01 15:30:00,45.77,45.78,45.61,45.62,102152
2011-06-01 15:45:00,45.61,45.69,45.52,45.525,84479
2011-06-01 16:00:00,45.53,45.5498,45.32,45.3401,273308
2011-06-02 09:45:00,45.47,45.74,45.2,45.2,60872
2011-06-02 10:00:00,45.22,45.55,45.21,45.465,46307
2011-06-02 10:15:00,45.47,45.62,45.44,45.54,41303
2011-06-02 10:30:00,45.54,45.57,45.38,45.43,31112
2011-06-02 10:45:00,45.42,45.48,45.35,45.428999999999995,41828
2011-06-02 11:00:00,45.43,45.43,45.27,45.33,30574
2011-06-02 11:15:00,45.33,45.33,45.23,45.26,27009
2011-06-02 11:30:00,45.26,45.3,45.18,45.2,29998
2011-06-02 11:45:00,45.2,45.21,45.05,45.05,28257
2011-06-02 12:00:00,45.06,45.15,45.0,45.14,51420
2011-06-02 12:15:00,45.13,45.16,44.99,45.0,44415
2011-06-02 12:30:00,45.01,45.08,44.96,45.0,120970
2011-06-02 12:45:00,45.0,45.07,44.99,45.07,45024
2011-06-02 13:00:00,45.06,45.17,45.04,45.15,23959
2011-06-02 13:15:00,45.16,45.19,45.1,45.11,28164
2011-06-02 13:30:00,45.1,45.15,45.1,45.15,20764
2011-06-02 13:45:00,45.14,45.15,45.08,45.09,31811
2011-06-02 14:00:00,45.09,45.09,44.98,45.0,51165
2011-06-02 14:15:00,44.99,45.13,44.97,45.13,165584
2011-06-02 14:30:00,45.13,45.19,45.05,45.07,53566
2011-06-02 14:45:00,45.09,45.21,45.06,45.19,18366
2011-06-02 15:00:00,45.19,45.24,45.18,45.19,21199
2011-06-02 15:15:00,45.2,45.33,45.19,45.3,87613
2011-06-02 15:30:00,45.31,45.32,45.19,45.215,37317
2011-06-02 15:45:00,45.215,45.24,45.09,45.11,53456
2011-06-02 16:00:00,45.1,45.11,44.99,45.03,133133
2011-06-03 09:45:00,44.67,44.75,44.2,44.21,109948
2011-06-03 10:00:00,44.215,44.26,43.99,44.11,127669
2011-06-03 10:15:00,44.11,44.39,44.11,44.17,97203
2011-06-03 10:30:00,44.16,44.3099,44.153999999999996,44.22,65388
2011-06-03 10:45:00,44.21,44.32,44.19,44.29,106648
2011-06-03 11:00:00,44.29,44.38,44.28,44.37,75235
2011-06-03 11:15:00,44.37,44.37,44.29,44.33,76604
2011-06-03 11:30:00,44.33,44.35,44.245,44.28,142996
2011-06-03 11:45:00,44.29,44.38,44.26,44.38,119377
2011-06-03 12:00:00,44.388999999999996,44.46,44.37,44.46,38943
2011-06-03 12:15:00,44.46,44.5,44.43,44.48,26777
2011-06-03 12:30:00,44.47,44.5,44.44,44.46,62334
2011-06-03 12:45:00,44.46,44.55,44.46,44.512,40821
2011-06-03 13:00:00,44.52,44.62,44.52,44.58,14647
2011-06-03 13:15:00,44.57,44.65,44.56,44.63,39336
2011-06-03 13:30:00,44.63,44.63,44.56,44.6,33689
2011-06-03 13:45:00,44.6,44.65,44.56,44.61,54618
2011-06-03 14:00:00,44.6,44.6102,44.55,44.5695,35319
2011-06-03 14:15:00,44.56,44.5992,44.54,44.59,84688
2011-06-03 14:30:00,44.59,44.61,44.551,44.58,31753
2011-06-03 14:45:00,44.57,44.58,44.46,44.4702,80377
2011-06-03 15:00:00,44.475,44.49,44.37,44.37,52918
2011-06-03 15:15:00,44.36,44.38,44.23,44.25,58166
2011-06-03 15:30:00,44.25,44.33,44.24,44.32,91108
2011-06-03 15:45:00,44.325,44.43,44.32,44.39,101043
2011-06-03 16:00:00,44.39,44.41,44.33,44.378,227164
2011-06-06 09:45:00,44.2,44.28,44.11,44.24,25067
2011-06-06 10:00:00,44.23,44.28,44.12,44.16,37410
2011-06-06 10:15:00,44.14,44.15,44.0,44.05,55468
2011-06-06 10:30:00,44.02,44.06,44.0,44.05,76113
2011-06-06 10:45:00,44.05,44.05,43.92,43.95,41816
2011-06-06 11:00:00,43.93,44.06,43.87,44.04,28575
2011-06-06 11:15:00,44.04,44.21,44.04,44.1,38361
2011-06-06 11:30:00,44.095,44.17,44.06,44.11,81249
2011-06-06 11:45:00,44.1,44.21,44.05,44.19,85979
2011-06-06 12:00:00,44.19,44.23,44.155,44.21,49400
2011-06-06 12:15:00,44.2,44.27,44.13,44.2625,50508
2011-06-06 12:30:00,44.27,44.27,44.2,44.22,39413
2011-06-06 12:45:00,44.23,44.24,44.2,44.225,47247
2011-06-06 13:00:00,44.225,44.23,44.19,44.23,16065
2011-06-06 13:15:00,44.25,44.26,44.17,44.22,28090
2011-06-06 13:30:00,44.22,44.325,44.22,44.29,25327
2011-06-06 13:45:00,44.29,44.3,44.22,44.24,23441
2011-06-06 14:00:00,44.23,44.26,44.19,44.23,44882
2011-06-06 14:15:00,44.24,44.36,44.24,44.33,73570
2011-06-06 14:30:00,44.33,44.365,44.28,44.36,41882
2011-06-06 14:45:00,44.35,44.37,44.32,44.37,41579
2011-06-06 15:00:00,44.37,44.375,44.28,44.345,59024
2011-06-06 15:15:00,44.34,44.36,44.21,44.265,61092
2011-06-06 15:30:00,44.26,44.275,44.22,44.27,82662
2011-06-06 15:45:00,44.27,44.44,44.26,44.405,110192
2011-06-06 16:00:00,44.4,44.44,44.345,44.35,200055
2011-06-07 09:45:00,44.52,44.88,44.45,44.5,58500
2011-06-07 10:00:00,44.51,44.51,44.26,44.43,44469
2011-06-07 10:15:00,44.42,44.45,44.34,44.37,29725
2011-06-07 10:30:00,44.38,44.42,44.2,44.22,29664
2011-06-07 10:45:00,44.22,44.36,44.21,44.28,17296
2011-06-07 11:00:00,44.28,44.29,44.2,44.21,16629
2011-06-07 11:15:00,44.21,44.25,44.11,44.11,21205
2011-06-07 11:30:00,44.11,44.16,44.05,44.05,30362
2011-06-07 11:45:00,44.05,44.09,44.0001,44.0601,20281
2011-06-07 12:00:00,44.07,44.07,43.96,44.0,21801
2011-06-07 12:15:00,43.99,43.99,43.94,43.985,31459
2011-06-07 12:30:00,43.99,44.05,43.935,43.97,33592
2011-06-07 12:45:00,43.98,44.0,43.955,43.99,17061
2011-06-07 13:00:00,43.99,44.02,43.99,44.0,20657
2011-06-07 13:15:00,44.0,44.01,43.97,43.995,23764
2011-06-07 13:30:00,43.99,44.05,43.935,43.95,29335
2011-06-07 13:45:00,43.94,44.01,43.93,43.98,34136
2011-06-07 14:00:00,43.98,43.98,43.88,43.88,24290
2011-06-07 14:15:00,43.88,44.24,43.86,43.94,122506
2011-06-07 14:30:00,43.93,44.0,43.89,43.98,68759
2011-06-07 14:45:00,43.98,43.98,43.875,43.9,37367
2011-06-07 15:00:00,43.91,43.96,43.85,43.86,31095
2011-06-07 15:15:00,43.87,43.87,43.79,43.8102,51004
2011-06-07 15:30:00,43.81,43.82,43.64,43.66,78458
2011-06-07 15:45:00,43.66,43.7,43.56,43.585,114943
2011-06-07 16:00:00,43.595,43.62,43.47,43.53,220971
2011-06-08 09:45:00,43.5,43.51,43.2,43.37,41814
2011-06-08 10:00:00,43.35,43.36,43.24,43.24,25847
2011-06-08 10:15:00,43.28,43.28,43.14,43.15,57668
2011-06-08 10:30:00,43.14,43.181000000000004,43.08,43.17,41157
2011-06-08 10:45:00,43.19,43.27,43.125,43.27,33727
2011-06-08 11:00:00,43.28,43.44,43.27,43.42,70269
2011-06-08 11:15:00,43.44,43.57,43.39,43.44,28297
2011-06-08 11:30:00,43.43,43.46,43.34,43.37,23015
2011-06-08 11:45:00,43.41,43.53,43.38,43.39,22084
2011-06-08 12:00:00,43.385,43.51,43.37,43.46,22998
2011-06-08 12:15:00,43.48,43.48,43.42,43.42,12153
2011-06-08 12:30:00,43.39,43.39,43.305,43.33,11712
2011-06-08 12:45:00,43.33,43.37,43.3,43.34,10764
2011-06-08 13:00:00,43.35,43.39,43.335,43.38,14900
2011-06-08 13:15:00,43.38,43.42,43.35,43.35,14111
2011-06-08 13:30:00,43.35,43.36,43.3135,43.32,14605
2011-06-08 13:45:00,43.32,43.32,43.176,43.1934,22809
2011-06-08 14:00:00,43.21,43.22,43.12,43.14,16728
2011-06-08 14:15:00,43.13,43.211999999999996,43.12,43.15,26737
2011-06-08 14:30:00,43.14,43.17,43.1,43.1,26470
2011-06-08 14:45:00,43.11,43.25,43.11,43.1699,33342
2011-06-08 15:00:00,43.17,43.26,43.16,43.22,20489
2011-06-08 15:15:00,43.24,43.24,43.08,43.09,61678
2011-06-08 15:30:00,43.09,43.1,42.96,42.98,50530
2011-06-08 15:45:00,42.96,43.03,42.94,42.96,56493
2011-06-08 16:00:00,42.97,43.05,42.96,43.01,113369
2011-06-09 09:45:00,43.15,43.23,43.03,43.23,59019
2011-06-09 10:00:00,43.2229,43.33,43.21,43.26,33189
2011-06-09 10:15:00,43.29,43.43,43.25,43.43,32094
2011-06-09 10:30:00,43.42,43.44,43.29,43.32,17112
2011-06-09 10:45:00,43.31,43.45,43.31,43.44,52535
2011-06-09 11:00:00,43.44,43.61,43.43,43.58,35120
2011-06-09 11:15:00,43.57,43.58,43.48,43.54,38236
2011-06-09 11:30:00,43.54,43.54,43.41,43.4399,10319
2011-06-09 11:45:00,43.43899999999999,43.49,43.43,43.43,14323
2011-06-09 12:00:00,43.43,43.53,43.43,43.5,20671
2011-06-09 12:15:00,43.5,43.52,43.46,43.48,9220
2011-06-09 12:30:00,43.49,43.49,43.44,43.44,23270
2011-06-09 12:45:00,43.45,43.46,43.37,43.4125,32370
2011-06-09 13:00:00,43.405,43.43,43.32,43.32,34448
2011-06-09 13:15:00,43.33,43.35,43.32,43.32,9500
2011-06-09 13:30:00,43.32,43.37,43.32,43.34,22021
2011-06-09 13:45:00,43.34,43.35,43.28,43.31,11388
2011-06-09 14:00:00,43.3,43.37,43.3,43.36,25532
2011-06-09 14:15:00,43.36,43.385,43.34,43.36,16734
2011-06-09 14:30:00,43.35,43.38,43.35,43.38,15680
2011-06-09 14:45:00,43.38,43.45,43.36,43.44,13874
2011-06-09 15:00:00,43.45,43.45,43.3994,43.3994,20516
2011-06-09 15:15:00,43.4,43.44,43.39,43.42,14593
2011-06-09 15:30:00,43.43,43.43,43.37,43.38,27505
2011-06-09 15:45:00,43.38,43.394,43.32,43.325,34384
2011-06-09 16:00:00,43.325,43.35,43.25,43.31,73478
2011-06-10 09:45:00,43.06,43.2,42.92,43.07,33582
2011-06-10 10:00:00,43.06,43.14,43.0,43.03,17571
2011-06-10 10:15:00,43.0,43.0,42.85,42.92,14680
2011-06-10 10:30:00,42.92,43.04,42.89,43.04,17256
2011-06-10 10:45:00,43.03,43.04,42.95,42.99,13497
2011-06-10 11:00:00,43.0,43.0,42.85,42.88,14946
2011-06-10 11:15:00,42.87,42.88,42.66,42.69,19116
2011-06-10 11:30:00,42.67,42.82,42.6601,42.78,25110
2011-06-10 11:45:00,42.77,42.89,42.735,42.89,23086
2011-06-10 12:00:00,42.8801,43.06,42.88,43.01,30176
2011-06-10 12:15:00,43.0,43.07,43.0,43.01,15909
2011-06-10 12:30:00,43.01,43.04,43.0,43.0,10848
2011-06-10 12:45:00,43.0,43.05,43.0,43.04,10235
2011-06-10 13:00:00,43.03,43.06,43.0,43.06,14306
2011-06-10 13:15:00,43.06,43.065,43.01,43.055,49982
2011-06-10 13:30:00,43.05,43.07,43.02,43.06,21236
2011-06-10 13:45:00,43.06,43.07,42.93,42.935,71007
2011-06-10 14:00:00,42.93,42.955,42.9,42.91,26248
2011-06-10 14:15:00,42.92,43.1,42.92,43.03,46728
2011-06-10 14:30:00,43.03,43.06,42.95,43.0,47632
2011-06-10 14:45:00,42.99,43.06,42.97,43.0,45214
2011-06-10 15:00:00,42.99,43.15,42.98,43.13,19807
2011-06-10 15:15:00,43.14,43.17,43.03,43.08,23131
2011-06-10 15:30:00,43.08,43.09,42.94,42.98,29157
2011-06-10 15:45:00,42.98,43.01,42.81,42.81,47938
2011-06-10 16:00:00,42.81,42.81,42.63,42.68,82115
2011-06-13 09:45:00,42.72,43.14,42.7,43.08,25521
2011-06-13 10:00:00,43.07,43.13,42.945,43.12,30570
2011-06-13 10:15:00,43.11,43.115,42.97,43.02,20622
2011-06-13 10:30:00,43.02,43.13,43.02,43.11,63856
2011-06-13 10:45:00,43.1028,43.18,43.09,43.17,35097
2011-06-13 11:00:00,43.17,43.18,43.065,43.075,41028
2011-06-13 11:15:00,43.08,43.09,43.0,43.03,28300
2011-06-13 11:30:00,43.03,43.13,43.03,43.1,13143
2011-06-13 11:45:00,43.1,43.11,43.0225,43.03,10158
2011-06-13 12:00:00,43.03,43.04,42.94,42.955,26733
2011-06-13 12:15:00,42.95,43.05,42.95,43.05,13026
2011-06-13 12:30:00,43.0505,43.0701,43.01,43.04,23833
2011-06-13 12:45:00,43.05,43.1,43.0398,43.05,16366
2011-06-13 13:00:00,43.05,43.06,43.01,43.03,17512
2011-06-13 13:15:00,43.03,43.05,43.0,43.05,77817
2011-06-13 13:30:00,43.05,43.1,43.03,43.09,14131
2011-06-13 13:45:00,43.08,43.12,43.065,43.08,15058
2011-06-13 14:00:00,43.08,43.11,43.07,43.09,27055
2011-06-13 14:15:00,43.09,43.1,43.05,43.06,25022
2011-06-13 14:30:00,43.06,43.065,43.0,43.04,38498
2011-06-13 14:45:00,43.04,43.09,43.02,43.09,52028
2011-06-13 15:00:00,43.0875,43.1,43.03,43.04,46921
2011-06-13 15:15:00,43.04,43.05,42.995,43.01,54502
2011-06-13 15:30:00,43.01,43.06,42.99,43.05,77459
2011-06-13 15:45:00,43.05,43.05,42.93,42.935,64413
2011-06-13 16:00:00,42.94,42.97,42.895,42.92,133097
2011-06-14 09:45:00,43.36,43.5,43.29,43.41,50852
2011-06-14 10:00:00,43.42,43.58,43.37,43.51,45995
2011-06-14 10:15:00,43.51,43.555,43.51,43.53,22842
2011-06-14 10:30:00,43.53,43.538000000000004,43.45,43.52,29471
2011-06-14 10:45:00,43.52,43.67,43.52,43.66,23251
2011-06-14 11:00:00,43.66,43.7,43.62,43.6799,37744
2011-06-14 11:15:00,43.675,43.88,43.675,43.79,47455
2011-06-14 11:30:00,43.8,43.8,43.6482,43.6489,27093
2011-06-14 11:45:00,43.64,43.66,43.58,43.5999,31434
2011-06-14 12:00:00,43.6,43.6399,43.5499,43.63,21516
2011-06-14 12:15:00,43.63,43.73,43.63,43.66,26153
2011-06-14 12:30:00,43.67,43.67,43.52,43.52,22725
2011-06-14 12:45:00,43.53,43.5695,43.5,43.55,29634
2011-06-14 13:00:00,43.5598,43.71,43.55,43.69,19242
2011-06-14 13:15:00,43.69,43.74,43.69,43.7397,20846
2011-06-14 13:30:00,43.7399,43.79,43.73,43.7797,26250
2011-06-14 13:45:00,43.7797,43.82,43.75,43.7997,31141
2011-06-14 14:00:00,43.8,43.8,43.76,43.79,23440
2011-06-14 14:15:00,43.79,43.8399,43.75,43.8,38371
2011-06-14 14:30:00,43.7903,43.8191,43.77,43.8097,16898
2011-06-14 14:45:00,43.81,43.81,43.8,43.81,27897
2011-06-14 15:00:00,43.81,43.83,43.78,43.81,45900
2011-06-14 15:15:00,43.81,43.85,43.78,43.8,27905
2011-06-14 15:30:00,43.79,43.8,43.72,43.72,46097
2011-06-14 15:45:00,43.73,43.73,43.66,43.67,50281
2011-06-14 16:00:00,43.66,43.66,43.55,43.57,198158
2011-06-15 09:45:00,43.21,43.31,43.2,43.29,21850
2011-06-15 10:00:00,43.28,43.33,43.14,43.27,71694
2011-06-15 10:15:00,43.3,43.43,43.26,43.35,19646
2011-06-15 10:30:00,43.35,43.36,43.25,43.26,15461
2011-06-15 10:45:00,43.255,43.33,43.21,43.33,28903
2011-06-15 11:00:00,43.35,43.49,43.33,43.47,14911
2011-06-15 11:15:00,43.46,43.55,43.42,43.51,37170
2011-06-15 11:30:00,43.51,43.6035,43.51,43.52,12472
2011-06-15 11:45:00,43.53,43.56,43.42,43.54,102115
2011-06-15 12:00:00,43.53,43.53,43.42,43.51,47269
2011-06-15 12:15:00,43.51,43.6,43.47,43.59,14898
2011-06-15 12:30:00,43.59,43.6,43.37,43.38,69608
2011-06-15 12:45:00,43.39,43.53,43.39,43.49,46161
2011-06-15 13:00:00,43.4975,43.54,43.46,43.48,25958
2011-06-15 13:15:00,43.5,43.55,43.47,43.5,21589
2011-06-15 13:30:00,43.495,43.5,43.46,43.49,33636
2011-06-15 13:45:00,43.49,43.5,43.47,43.5,31278
2011-06-15 14:00:00,43.5,43.51,43.47,43.4901,35197
2011-06-15 14:15:00,43.48,43.55,43.48,43.52,33394
2011-06-15 14:30:00,43.51,43.525,43.49,43.5,60926
2011-06-15 14:45:00,43.5,43.58,43.5,43.57,38405
2011-06-15 15:00:00,43.55,43.63,43.5115,43.61,60462
2011-06-15 15:15:00,43.6,43.67,43.5,43.52,48469
2011-06-15 15:30:00,43.52,43.58,43.47,43.57,54482
2011-06-15 15:45:00,43.58,43.59,43.47,43.5101,72170
2011-06-15 16:00:00,43.51,43.7,43.5,43.61,251903
2011-06-16 09:45:00,43.5,43.85,43.48,43.76,53713
2011-06-16 10:00:00,43.75,43.765,43.49,43.49,32816
2011-06-16 10:15:00,43.49,43.76,43.33,43.75,33104
2011-06-16 10:30:00,43.75,43.75,43.55,43.58,42801
2011-06-16 10:45:00,43.57,43.62,43.485,43.62,24684
2011-06-16 11:00:00,43.63,43.68,43.59,43.59,24775
2011-06-16 11:15:00,43.59,43.82,43.5,43.82,36448
2011-06-16 11:30:00,43.83,43.88,43.66,43.86,60673
2011-06-16 11:45:00,43.87,43.95,43.86,43.9,35290
2011-06-16 12:00:00,43.9,44.0,43.9,43.94,30418
2011-06-16 12:15:00,43.94,43.9725,43.8402,43.8402,17132
2011-06-16 12:30:00,43.85,43.85,43.78,43.8102,22518
2011-06-16 12:45:00,43.82,43.82,43.71,43.71,10419
2011-06-16 13:00:00,43.73,43.76,43.71,43.72,8113
2011-06-16 13:15:00,43.72,43.72,43.65,43.66,11225
2011-06-16 13:30:00,43.66,43.72,43.66,43.67,12212
2011-06-16 13:45:00,43.67,43.68,43.56,43.57,27388
2011-06-16 14:00:00,43.56,43.582,43.46,43.46,15358
2011-06-16 14:15:00,43.45,43.49,43.44,43.44,21687
2011-06-16 14:30:00,43.45,43.55,43.44,43.5201,23027
2011-06-16 14:45:00,43.53,43.54,43.39,43.4,18242
2011-06-16 15:00:00,43.38,43.41,43.3,43.4001,29416
2011-06-16 15:15:00,43.403,43.44,43.38,43.42,40670
2011-06-16 15:30:00,43.42,43.46,43.38,43.44,37290
2011-06-16 15:45:00,43.435,43.51,43.41,43.42,53061
2011-06-16 16:00:00,43.42,43.52,43.42,43.5,69106
2011-06-17 09:45:00,43.86,44.01,43.76,43.81,134303
2011-06-17 10:00:00,43.78,43.89,43.7,43.785,20188
2011-06-17 10:15:00,43.81,43.96,43.79,43.96,32786
2011-06-17 10:30:00,43.94,44.0,43.78,43.84,30374
2011-06-17 10:45:00,43.84,43.87,43.72,43.78,32975
2011-06-17 11:00:00,43.79,43.86,43.76,43.82,21939
2011-06-17 11:15:00,43.8,43.8022,43.64,43.75,28614
2011-06-17 11:30:00,43.75,43.82,43.75,43.79,19346
2011-06-17 11:45:00,43.79,43.795,43.635,43.64,20965
2011-06-17 12:00:00,43.65,43.73,43.65,43.73,12520
2011-06-17 12:15:00,43.73,43.74,43.7,43.73,9303
2011-06-17 12:30:00,43.73,43.73,43.61,43.62,20325
2011-06-17 12:45:00,43.62,43.64,43.55,43.62,19599
2011-06-17 13:00:00,43.62,43.64,43.47,43.5,23909
2011-06-17 13:15:00,43.51,43.54,43.48,43.535,23035
2011-06-17 13:30:00,43.52,43.56,43.482,43.54,11968
2011-06-17 13:45:00,43.53,43.58,43.53,43.54,19968
2011-06-17 14:00:00,43.54,43.54,43.46,43.535,16074
2011-06-17 14:15:00,43.52,43.57,43.51,43.515,16081
2011-06-17 14:30:00,43.52,43.76,43.51,43.76,18647
2011-06-17 14:45:00,43.76,43.78,43.61,43.61,19080
2011-06-17 15:00:00,43.61,43.63,43.56,43.6,16855
2011-06-17 15:15:00,43.61,43.615,43.51,43.55,18698
2011-06-17 15:30:00,43.545,43.545,43.39,43.49,28965
2011-06-17 15:45:00,43.49,43.51,43.47,43.5,43031
2011-06-17 16:00:00,43.5,43.52,43.36,43.42,111100
2011-06-20 09:45:00,43.21,43.63,43.21,43.63,21381
2011-06-20 10:00:00,43.63,43.72,43.59,43.67,18421
2011-06-20 10:15:00,43.67,43.71,43.59,43.6301,20412
2011-06-20 10:30:00,43.61,43.71,43.57,43.615,30915
2011-06-20 10:45:00,43.62,43.67,43.61,43.65,26295
2011-06-20 11:00:00,43.65,43.68,43.63,43.64,19237
2011-06-20 11:15:00,43.65,43.76,43.62,43.76,15732
2011-06-20 11:30:00,43.76,43.94,43.75,43.93,16984
2011-06-20 11:45:00,43.94,43.97,43.88,43.95,14683
2011-06-20 12:00:00,43.95,44.02,43.95,44.0,20669
2011-06-20 12:15:00,44.0,44.03,43.98,44.0,15178
2011-06-20 12:30:00,43.99,44.05,43.97,44.05,16982
2011-06-20 12:45:00,44.06,44.07,44.05,44.06,6778
2011-06-20 13:00:00,44.07,44.1,43.98,43.995,9863
2011-06-20 13:15:00,44.0,44.04,43.97,44.02,23536
2011-06-20 13:30:00,44.03,44.07,44.01,44.03,17432
2011-06-20 13:45:00,44.03,44.06,44.0,44.01,10003
2011-06-20 14:00:00,44.02,44.02,43.93,43.93,15322
2011-06-20 14:15:00,43.94,43.96,43.9,43.92,14780
2011-06-20 14:30:00,43.92,43.9201,43.895,43.91,11966
2011-06-20 14:45:00,43.909,43.99,43.9,43.97,20422
2011-06-20 15:00:00,43.97,44.03,43.94,43.97,33029
2011-06-20 15:15:00,43.97,43.97,43.84,43.86,25628
2011-06-20 15:30:00,43.86,43.87,43.78,43.79,23953
2011-06-20 15:45:00,43.8,44.025,43.79,44.01,30618
2011-06-20 16:00:00,44.01,44.09,44.005,44.05,112529
2011-06-21 09:45:00,44.14,44.21,44.0,44.2,32483
2011-06-21 10:00:00,44.2,44.4,44.19,44.39,22282
2011-06-21 10:15:00,44.37,44.5,44.34,44.34,23369
2011-06-21 10:30:00,44.32,44.37,44.27,44.29,15938
2011-06-21 10:45:00,44.29,44.34,44.23,44.33,19625
2011-06-21 11:00:00,44.32,44.41,44.32,44.4,20793
2011-06-21 11:15:00,44.4,44.43,44.36,44.365,23913
2011-06-21 11:30:00,44.36,44.41,44.35,44.39,35743
2011-06-21 11:45:00,44.39,44.41,44.368,44.38,19567
2011-06-21 12:00:00,44.38,44.39,44.32,44.33,12189
2011-06-21 12:15:00,44.33,44.33,44.3,44.3,7089
2011-06-21 12:30:00,44.3,44.31,44.2,44.21,37581
2011-06-21 12:45:00,44.21,44.2199,44.11,44.13,19245
2011-06-21 13:00:00,44.14,44.22,44.14,44.17,27202
2011-06-21 13:15:00,44.175,44.177,44.08,44.11,16742
2011-06-21 13:30:00,44.11,44.14,44.07,44.0757,11935
2011-06-21 13:45:00,44.08,44.08,44.02,44.03,18755
2011-06-21 14:00:00,44.03,44.07,44.03,44.07,13174
2011-06-21 14:15:00,44.0698,44.09,44.032,44.08,28863
2011-06-21 14:30:00,44.08,44.08,44.01,44.02,19369
2011-06-21 14:45:00,44.0175,44.05,44.01,44.04,54340
2011-06-21 15:00:00,44.04,44.04,43.96,44.0,41629
2011-06-21 15:15:00,44.0,44.01,43.99,43.99,58901
2011-06-21 15:30:00,43.99,44.01,43.95,43.95,49921
2011-06-21 15:45:00,43.96,44.01,43.92,43.93,73484
2011-06-21 16:00:00,43.94,44.03,43.93,43.99,125772
2011-06-22 09:45:00,43.74,43.98,43.71,43.81,26287
2011-06-22 10:00:00,43.84,44.13,43.8,44.11,13056
2011-06-22 10:15:00,44.11,44.13,43.96,44.01,20751
2011-06-22 10:30:00,44.01,44.02,43.93,43.98,15415
2011-06-22 10:45:00,44.0,44.11,43.95,43.97,27617
2011-06-22 11:00:00,43.9905,44.05,43.9825,44.0,26761
2011-06-22 11:15:00,44.01,44.01,43.965,43.975,14742
2011-06-22 11:30:00,43.978,44.1,43.96,44.095,13958
2011-06-22 11:45:00,44.105,44.115,44.075,44.09,26899
2011-06-22 12:00:00,44.08,44.09,44.055,44.075,11353
2011-06-22 12:15:00,44.08,44.08,43.98,44.04,13101
2011-06-22 12:30:00,44.03,44.06,43.975,44.03,22828
2011-06-22 12:45:00,44.01,44.01,43.88,44.01,126031
2011-06-22 13:00:00,44.02,44.02,43.93,43.98,42695
2011-06-22 13:15:00,43.98,43.98,43.9,43.9,37013
2011-06-22 13:30:00,43.89,43.91,43.88,43.89,32235
2011-06-22 13:45:00,43.8925,43.91,43.875,43.9,27924
2011-06-22 14:00:00,43.9,43.95,43.895,43.91,24100
2011-06-22 14:15:00,43.91,43.93,43.83,43.9,47628
2011-06-22 14:30:00,43.9,43.91,43.85,43.85,33134
2011-06-22 14:45:00,43.85,43.89,43.745,43.78,43457
2011-06-22 15:00:00,43.79,43.9,43.79,43.9,103626
2011-06-22 15:15:00,43.895,43.92,43.88,43.885,116759
2011-06-22 15:30:00,43.88,43.93,43.855,43.91,54642
2011-06-22 15:45:00,43.9075,43.91,43.83,43.885,70784
2011-06-22 16:00:00,43.88,43.93,43.84,43.855,184452
2011-06-23 09:45:00,43.42,43.72,43.3204,43.575,30483
2011-06-23 10:00:00,43.6,43.66,43.44,43.59,28668
2011-06-23 10:15:00,43.6,43.86,43.551,43.78,27134
2011-06-23 10:30:00,43.78,43.78,43.46,43.56,25000
2011-06-23 10:45:00,43.55,43.55,43.34,43.36,30909
2011-06-23 11:00:00,43.35,43.38,43.19,43.38,36334
2011-06-23 11:15:00,43.38,43.45,43.35,43.36,32831
2011-06-23 11:30:00,43.35,43.53,43.33,43.5,14947
2011-06-23 11:45:00,43.5,43.7,43.5,43.7,17440
2011-06-23 12:00:00,43.69,43.74,43.68,43.73,21097
2011-06-23 12:15:00,43.73,43.83,43.71,43.71,22628
2011-06-23 12:30:00,43.71,43.75,43.65,43.7,36137
2011-06-23 12:45:00,43.69,43.82,43.69,43.82,23553
2011-06-23 13:00:00,43.82,43.84,43.77,43.78,50796
2011-06-23 13:15:00,43.775,43.85,43.74,43.76,48605
2011-06-23 13:30:00,43.76,43.77,43.73,43.76,37253
2011-06-23 13:45:00,43.76,43.81,43.72,43.72,24618
2011-06-23 14:00:00,43.72,43.72,43.61,43.65,23468
2011-06-23 14:15:00,43.65,43.65,43.54,43.56,28169
2011-06-23 14:30:00,43.55,43.56,43.5,43.55,26418
2011-06-23 14:45:00,43.54,43.56,43.41,43.42,34461
2011-06-23 15:00:00,43.42,43.77,43.34,43.76,48385
2011-06-23 15:15:00,43.77,43.81,43.59,43.69,98801
2011-06-23 15:30:00,43.695,43.76,43.64,43.65,75910
2011-06-23 15:45:00,43.65,43.69,43.52,43.56,68567
2011-06-23 16:00:00,43.56,43.66,43.53,43.65,152379
2011-06-24 09:45:00,43.77,43.9891,43.66,43.66,29771
2011-06-24 10:00:00,43.6001,43.63,43.4,43.57,18187
2011-06-24 10:15:00,43.5797,43.5797,43.39,43.4,35830
2011-06-24 10:30:00,43.4,43.4,43.2,43.27,22860
2011-06-24 10:45:00,43.27,43.41,43.23,43.37,17532
2011-06-24 11:00:00,43.38,43.38,43.225,43.31,15546
2011-06-24 11:15:00,43.3101,43.38,43.28,43.36,27969
2011-06-24 11:30:00,43.38,43.47,43.38,43.47,15642
2011-06-24 11:45:00,43.46,43.51,43.42,43.51,13144
2011-06-24 12:00:00,43.52,43.52,43.41,43.43,11536
2011-06-24 12:15:00,43.42,43.45,43.34,43.35,15547
2011-06-24 12:30:00,43.35,43.415,43.345,43.385,17764
2011-06-24 12:45:00,43.37,43.4,43.3,43.33,16586
2011-06-24 13:00:00,43.31,43.31,43.16,43.28,18236
2011-06-24 13:15:00,43.28,43.29,43.2,43.27,12928
2011-06-24 13:30:00,43.27,43.33,43.25,43.32,8680
2011-06-24 13:45:00,43.32,43.43,43.305,43.37,17446
2011-06-24 14:00:00,43.38,43.44,43.35,43.35,13521
2011-06-24 14:15:00,43.36,43.37,43.28,43.32,23160
2011-06-24 14:30:00,43.32,43.45,43.31,43.43,21384
2011-06-24 14:45:00,43.43,43.43,43.345,43.38,10351
2011-06-24 15:00:00,43.38,43.42,43.34,43.36,15054
2011-06-24 15:15:00,43.36,43.38,43.34,43.36,15392
2011-06-24 15:30:00,43.36,43.37,43.2301,43.27,45325
2011-06-24 15:45:00,43.27,43.39,43.26,43.32,19477
2011-06-24 16:00:00,43.32,43.37,43.24,43.36,89147
2011-06-27 09:45:00,43.45,43.68,43.43,43.66,23513
2011-06-27 10:00:00,43.67100000000001,43.72,43.62,43.65,19384
2011-06-27 10:15:00,43.64,43.84,43.64,43.83,38614
2011-06-27 10:30:00,43.8399,43.99,43.83,43.99,30678
2011-06-27 10:45:00,43.99,44.01,43.7,43.75,20455
2011-06-27 11:00:00,43.76,43.81,43.7125,43.7125,50455
2011-06-27 11:15:00,43.72,43.78,43.69,43.755,14015
2011-06-27 11:30:00,43.75,43.81,43.71,43.8,32180
2011-06-27 11:45:00,43.81,43.86,43.76,43.76,26091
2011-06-27 12:00:00,43.76,43.86,43.75,43.86,20452
2011-06-27 12:15:00,43.86,43.93,43.85,43.865,20916
2011-06-27 12:30:00,43.87,43.93,43.8,43.913999999999994,28255
2011-06-27 12:45:00,43.92,44.01,43.91,43.9112,29183
2011-06-27 13:00:00,43.915,43.93,43.88,43.89,13012
2011-06-27 13:15:00,43.9,43.99,43.9,43.955,12242
2011-06-27 13:30:00,43.95,43.97,43.85,43.87,18593
2011-06-27 13:45:00,43.87,43.87,43.74,43.78,27689
2011-06-27 14:00:00,43.78,43.86,43.765,43.82,12633
2011-06-27 14:15:00,43.82,43.97,43.82,43.91,56760
2011-06-27 14:30:00,43.92,43.93,43.87,43.88,15100
2011-06-27 14:45:00,43.89,43.92,43.79,43.79,34556
2011-06-27 15:00:00,43.8,43.8,43.76,43.775,27885
2011-06-27 15:15:00,43.775,43.84,43.74,43.82,26868
2011-06-27 15:30:00,43.82,43.9101,43.82,43.84,22685
2011-06-27 15:45:00,43.84,43.89,43.8,43.83,67563
2011-06-27 16:00:00,43.83,43.83,43.74,43.74,75401
2011-06-28 09:45:00,44.31,44.31,43.79,43.99,58674
2011-06-28 10:00:00,44.01,44.02,43.83,43.88,47816
2011-06-28 10:15:00,43.87,43.92,43.82,43.84,57829
2011-06-28 10:30:00,43.84,43.87,43.81,43.86,34738
2011-06-28 10:45:00,43.85,43.87,43.8,43.825,33540
2011-06-28 11:00:00,43.83,43.89,43.8,43.89,22146
2011-06-28 11:15:00,43.89,44.06,43.88,44.06,59235
2011-06-28 11:30:00,44.07,44.106,44.0,44.02,40029
2011-06-28 11:45:00,44.02,44.07,44.0,44.07,13985
2011-06-28 12:00:00,44.09,44.18,44.09,44.17,13304
2011-06-28 12:15:00,44.18,44.27,44.18,44.25,8801
2011-06-28 12:30:00,44.26,44.27,44.15,44.15,17399
2011-06-28 12:45:00,44.145,44.185,44.14,44.18,20642
2011-06-28 13:00:00,44.19,44.23,44.1833,44.23,11714
2011-06-28 13:15:00,44.23,44.23,44.13,44.13,32961
2011-06-28 13:30:00,44.125,44.25,44.12,44.25,15553
2011-06-28 13:45:00,44.2512,44.26,44.1938,44.2,13018
2011-06-28 14:00:00,44.2,44.22,44.17,44.17,19129
2011-06-28 14:15:00,44.17,44.25,44.17,44.2,89369
2011-06-28 14:30:00,44.21,44.42,44.21,44.42,13526
2011-06-28 14:45:00,44.41,44.47,44.38,44.43,26489
2011-06-28 15:00:00,44.43,44.5,44.4,44.5,28375
2011-06-28 15:15:00,44.5,44.52,44.48,44.5,30439
2011-06-28 15:30:00,44.5,44.54,44.47,44.48,41559
2011-06-28 15:45:00,44.48,44.5,44.41,44.49,36488
2011-06-28 16:00:00,44.49,44.66,44.48,44.62,145758
2011-06-29 09:45:00,44.74,44.8,44.46,44.645,41149
2011-06-29 10:00:00,44.63,44.68,44.32,44.42,30267
2011-06-29 10:15:00,44.43,44.475,44.14,44.2332,101825
2011-06-29 10:30:00,44.26,44.48,44.26,44.47,32070
2011-06-29 10:45:00,44.47,44.6,44.47,44.59,17251
2011-06-29 11:00:00,44.59,44.74,44.56,44.73,16225
2011-06-29 11:15:00,44.7301,44.7304,44.515,44.52,18937
2011-06-29 11:30:00,44.53,44.54,44.4701,44.5,29436
2011-06-29 11:45:00,44.51,44.53,44.41,44.41,27600
2011-06-29 12:00:00,44.41,44.54,44.405,44.53,16101
2011-06-29 12:15:00,44.53,44.55,44.47,44.5,23541
2011-06-29 12:30:00,44.51,44.56,44.495,44.56,14133
2011-06-29 12:45:00,44.5601,44.6,44.55,44.55,10002
2011-06-29 13:00:00,44.54,44.58,44.54,44.57,13166
2011-06-29 13:15:00,44.57,44.62,44.5401,44.6,13461
2011-06-29 13:30:00,44.6,44.61,44.59,44.59,21375
2011-06-29 13:45:00,44.595,44.6701,44.59,44.67,8786
2011-06-29 14:00:00,44.66,44.67,44.525,44.53,35556
2011-06-29 14:15:00,44.54,44.55,44.47,44.47,12161
2011-06-29 14:30:00,44.46,44.5,44.33,44.37,16999
2011-06-29 14:45:00,44.37,44.4,44.25,44.3,21659
2011-06-29 15:00:00,44.3,44.39,44.28,44.38,17184
2011-06-29 15:15:00,44.38,44.4,44.32,44.33,28770
2011-06-29 15:30:00,44.3301,44.46,44.32,44.42,46127
2011-06-29 15:45:00,44.41,44.49,44.38,44.41,36728
2011-06-29 16:00:00,44.41,44.435,44.34,44.35,103883
2011-06-30 09:45:00,44.41,44.599,44.31,44.33,26842
2011-06-30 10:00:00,44.3328,44.5,44.27,44.2899,36215
2011-06-30 10:15:00,44.3,44.31,44.2,44.24,42533
2011-06-30 10:30:00,44.24,44.34,44.19,44.26,61002
2011-06-30 10:45:00,44.28,44.3,44.17,44.17,55411
2011-06-30 11:00:00,44.16,44.18,43.95,43.99,61474
2011-06-30 11:15:00,44.0075,44.06,43.95,44.0,48050
2011-06-30 11:30:00,44.0,44.01,43.89,43.89,38085
2011-06-30 11:45:00,43.9,43.95,43.89,43.9,44254
2011-06-30 12:00:00,43.9,43.9,43.81,43.82,22799
2011-06-30 12:15:00,43.81,43.875,43.8,43.87,38193
2011-06-30 12:30:00,43.87,43.93,43.86,43.92,57325
2011-06-30 12:45:00,43.92,43.96,43.88,43.91,46834
2011-06-30 13:00:00,43.9,43.93,43.84,43.92,37977
2011-06-30 13:15:00,43.92100000000001,44.0,43.91,43.91,145792
2011-06-30 13:30:00,43.91,43.99,43.82,43.99,151918
2011-06-30 13:45:00,44.0,44.03,43.885,43.92,84427
2011-06-30 14:00:00,43.93,43.99,43.91,43.97,59574
2011-06-30 14:15:00,43.971000000000004,44.01,43.94,43.94,59048
2011-06-30 14:30:00,43.95,43.99,43.85,43.86,74356
2011-06-30 14:45:00,43.86,44.03,43.85,44.015,59575
2011-06-30 15:00:00,44.0283,44.0283,43.931000000000004,44.0,50762
2011-06-30 15:15:00,43.9999,43.9999,43.95,43.96,50967
2011-06-30 15:30:00,43.95,44.04,43.93,43.95,75420
2011-06-30 15:45:00,43.95,43.99,43.91,43.98,112876
2011-06-30 16:00:00,43.99,44.0,43.88,43.94,317690
2011-07-01 09:45:00,44.05,44.41,44.05,44.41,32924
2011-07-01 10:00:00,44.4,44.51,44.17,44.24,42423
2011-07-01 10:15:00,44.27,44.6449,44.27,44.6,63364
2011-07-01 10:30:00,44.62,44.81,44.62,44.77,31621
2011-07-01 10:45:00,44.77,44.98,44.69,44.95,59990
2011-07-01 11:00:00,44.96,45.0,44.93,44.94,84597
2011-07-01 11:15:00,44.95,44.99,44.9303,44.95,48346
2011-07-01 11:30:00,44.96,45.16,44.95,45.155,71523
2011-07-01 11:45:00,45.16,45.16,45.04,45.04,32449
2011-07-01 12:00:00,45.04,45.07,44.98,45.0,41028
2011-07-01 12:15:00,45.0,45.0,44.91,44.94,21072
2011-07-01 12:30:00,44.95,44.98,44.87,44.97,22691
2011-07-01 12:45:00,44.97,45.0,44.9255,44.95,33261
2011-07-01 13:00:00,44.94,44.99,44.93,44.985,19091
2011-07-01 13:15:00,44.98,44.99,44.9,44.94,44463
2011-07-01 13:30:00,44.93,44.95,44.87,44.91,27580
2011-07-01 13:45:00,44.91,44.955,44.88,44.91,29847
2011-07-01 14:00:00,44.92,44.93,44.81,44.82,19491
2011-07-01 14:15:00,44.82,44.88,44.82,44.85,29863
2011-07-01 14:30:00,44.87,44.97,44.85,44.97,44318
2011-07-01 14:45:00,44.96,45.12,44.955,45.12,55731
2011-07-01 15:00:00,45.13,45.24,45.13,45.23,41666
2011-07-01 15:15:00,45.23,45.24,45.12,45.17,66967
2011-07-01 15:30:00,45.17,45.17,45.07,45.15,39225
2011-07-01 15:45:00,45.14,45.28,45.14,45.26,77789
2011-07-01 16:00:00,45.25,45.3,45.24,45.25,168832
2011-07-05 09:45:00,45.31,45.54,45.24,45.275,67070
2011-07-05 10:00:00,45.28,45.34,45.2,45.313,85324
2011-07-05 10:15:00,45.3,45.57,45.26,45.51,72531
2011-07-05 10:30:00,45.51,45.51,45.3525,45.38,52723
2011-07-05 10:45:00,45.4,45.49,45.38,45.44,42933
2011-07-05 11:00:00,45.44,45.45,45.29,45.41,36919
2011-07-05 11:15:00,45.41,45.44,45.35,45.42,32414
2011-07-05 11:30:00,45.42,45.49,45.4,45.46,25401
2011-07-05 11:45:00,45.45,45.5,45.42,45.5,16940
2011-07-05 12:00:00,45.51,45.55,45.46,45.54,19301
2011-07-05 12:15:00,45.56,45.6,45.54,45.57,23871
2011-07-05 12:30:00,45.57,45.65,45.57,45.62,25959
2011-07-05 12:45:00,45.62,45.7,45.6,45.68,26452
2011-07-05 13:00:00,45.68,45.69,45.62,45.65,20672
2011-07-05 13:15:00,45.65,45.66,45.585,45.61,22425
2011-07-05 13:30:00,45.6,45.7,45.6,45.69,17116
2011-07-05 13:45:00,45.68,45.74,45.68,45.7,26309
2011-07-05 14:00:00,45.71,45.8,45.7,45.79,20896
2011-07-05 14:15:00,45.8,45.84,45.67,45.75,54412
2011-07-05 14:30:00,45.76,45.76,45.6,45.66,242066
2011-07-05 14:45:00,45.67,45.76,45.61,45.75,45802
2011-07-05 15:00:00,45.73,45.84,45.73,45.825,59589
2011-07-05 15:15:00,45.82,45.9,45.78,45.87,56946
2011-07-05 15:30:00,45.87,45.93,45.85,45.93,91877
2011-07-05 15:45:00,45.92,45.95,45.91,45.94,127856
2011-07-05 16:00:00,45.94,46.01,45.91,46.0,214858
2011-07-06 09:45:00,45.98,46.01,45.6,45.84,35085
2011-07-06 10:00:00,45.85,45.97,45.76,45.78,24927
2011-07-06 10:15:00,45.78,45.89,45.73,45.8,31770
2011-07-06 10:30:00,45.784,45.805,45.63,45.72,30538
2011-07-06 10:45:00,45.72,45.74,45.65,45.7188,19527
2011-07-06 11:00:00,45.72,45.82,45.56,45.82,30492
2011-07-06 11:15:00,45.82,45.88,45.7,45.71,45099
2011-07-06 11:30:00,45.7,45.735,45.66,45.69,66711
2011-07-06 11:45:00,45.69,45.78,45.67,45.76,24934
2011-07-06 12:00:00,45.74,45.75,45.65,45.6625,28717
2011-07-06 12:15:00,45.665,45.71,45.64,45.69,24910
2011-07-06 12:30:00,45.69,45.69,45.62,45.64,13879
2011-07-06 12:45:00,45.64,45.74,45.64,45.71,37881
2011-07-06 13:00:00,45.715,45.775,45.71,45.76,27817
2011-07-06 13:15:00,45.76,45.77,45.67,45.68,53221
2011-07-06 13:30:00,45.68,45.7,45.61,45.63,27478
2011-07-06 13:45:00,45.63,45.64,45.48,45.48,46044
2011-07-06 14:00:00,45.48,45.53,45.44,45.51,52310
2011-07-06 14:15:00,45.5,45.51,45.37,45.4,51833
2011-07-06 14:30:00,45.39,45.39,45.21,45.34,88018
2011-07-06 14:45:00,45.34,45.41,45.33,45.395,42827
2011-07-06 15:00:00,45.395,45.41,45.34,45.35,67813
2011-07-06 15:15:00,45.35,45.37,45.2,45.235,79246
2011-07-06 15:30:00,45.23,45.35,45.21,45.35,80182
2011-07-06 15:45:00,45.36,45.42,45.36,45.39,111710
2011-07-06 16:00:00,45.39,45.49,45.38,45.43,168873
2011-07-07 09:45:00,45.71,45.94,45.57,45.9,33458
2011-07-07 10:00:00,45.91,45.91,45.56,45.57,34901
2011-07-07 10:15:00,45.58,45.67,45.51,45.62,24529
2011-07-07 10:30:00,45.6298,45.63,45.5,45.58,21821
2011-07-07 10:45:00,45.6,45.6543,45.55,45.58,19370
2011-07-07 11:00:00,45.6,45.6156,45.39,45.42,26367
2011-07-07 11:15:00,45.41,45.45,45.33,45.33,26275
2011-07-07 11:30:00,45.32,45.34,45.27,45.33,17934
2011-07-07 11:45:00,45.32,45.42,45.26,45.27,33186
2011-07-07 12:00:00,45.27,45.35,45.26,45.34,11295
2011-07-07 12:15:00,45.35,45.45,45.3,45.45,14817
2011-07-07 12:30:00,45.46,45.6,45.41,45.54,75101
2011-07-07 12:45:00,45.55,45.59,45.49,45.49,26250
2011-07-07 13:00:00,45.495,45.55,45.46,45.52,30655
2011-07-07 13:15:00,45.52,45.55,45.49,45.53,16900
2011-07-07 13:30:00,45.53,45.59,45.5,45.57,25070
2011-07-07 13:45:00,45.5643,45.6001,45.55,45.6001,26817
2011-07-07 14:00:00,45.61,45.62,45.57,45.57,18963
2011-07-07 14:15:00,45.58,45.6,45.56,45.57,19078
2011-07-07 14:30:00,45.57,45.64,45.57,45.63,42652
2011-07-07 14:45:00,45.63,45.69,45.63,45.68,19985
2011-07-07 15:00:00,45.68,45.71,45.66,45.67,24993
2011-07-07 15:15:00,45.67,45.71,45.66,45.68899999999999,34127
2011-07-07 15:30:00,45.69,45.71,45.66,45.69,45546
2011-07-07 15:45:00,45.69,45.72,45.66,45.72,69444
2011-07-07 16:00:00,45.72,45.72,45.66,45.7,121407
2011-07-08 09:45:00,45.13,45.21,44.88,45.08,41411
2011-07-08 10:00:00,45.08,45.08,44.865,44.91,45020
2011-07-08 10:15:00,44.91,44.92,44.75,44.83,30354
2011-07-08 10:30:00,44.8275,44.88,44.76,44.84,20989
2011-07-08 10:45:00,44.83,44.96,44.72,44.86,22825
2011-07-08 11:00:00,44.87,44.89,44.73,44.7899,18527
2011-07-08 11:15:00,44.78,44.79,44.6,44.64,25687
2011-07-08 11:30:00,44.64,44.76,44.6,44.72,17802
2011-07-08 11:45:00,44.72,44.72,44.59,44.64,34877
2011-07-08 12:00:00,44.65,44.67,44.54,44.555,34720
2011-07-08 12:15:00,44.555,44.68,44.52,44.52,26710
2011-07-08 12:30:00,44.52,44.56,44.5,44.56,25109
2011-07-08 12:45:00,44.55,44.57,44.5,44.5,30982
2011-07-08 13:00:00,44.52,44.53,44.4,44.43,41957
2011-07-08 13:15:00,44.43,44.46,44.36,44.375,41170
2011-07-08 13:30:00,44.38,44.42,44.32,44.4,34927
2011-07-08 13:45:00,44.44,44.44,44.24,44.24,73409
2011-07-08 14:00:00,44.25,44.26,44.07,44.105,88066
2011-07-08 14:15:00,44.11,44.24,44.1,44.17,86490
2011-07-08 14:30:00,44.16,44.33,44.09,44.33,58778
2011-07-08 14:45:00,44.33,44.4,44.28,44.34,46596
2011-07-08 15:00:00,44.35,44.47,44.345,44.47,57767
2011-07-08 15:15:00,44.46,44.51,44.41,44.51,53202
2011-07-08 15:30:00,44.51,44.62,44.46,44.61,45364
2011-07-08 15:45:00,44.6,44.64,44.54,44.64,79181
2011-07-08 16:00:00,44.64,44.66,44.59,44.65,170523
2011-07-11 09:45:00,44.05,44.05,43.09,43.33,185076
2011-07-11 10:00:00,43.3599,43.45,43.24,43.32,87582
2011-07-11 10:15:00,43.31,43.46,43.26,43.26,128576
2011-07-11 10:30:00,43.26,43.39,43.12,43.31,100013
2011-07-11 10:45:00,43.31,43.33,43.14,43.21,54802
2011-07-11 11:00:00,43.19,43.22,43.08,43.09,48498
2011-07-11 11:15:00,43.09,43.11,43.03,43.05,72975
2011-07-11 11:30:00,43.05,43.13,43.03,43.11,81298
2011-07-11 11:45:00,43.1,43.1,42.99,43.02,76713
2011-07-11 12:00:00,43.02,43.18,43.01,43.16,44695
2011-07-11 12:15:00,43.16,43.22,43.15,43.19,24610
2011-07-11 12:30:00,43.195,43.29,43.17,43.27,22284
2011-07-11 12:45:00,43.28,43.29,43.14,43.16,49164
2011-07-11 13:00:00,43.141999999999996,43.15,43.07,43.12,23311
2011-07-11 13:15:00,43.12,43.17,43.09,43.1,101874
2011-07-11 13:30:00,43.1,43.13,43.045,43.13,26374
2011-07-11 13:45:00,43.13,43.16,43.08,43.09,32951
2011-07-11 14:00:00,43.08,43.15,43.05,43.1435,46642
2011-07-11 14:15:00,43.14,43.2,43.09,43.19,42886
2011-07-11 14:30:00,43.19,43.19,43.05,43.13,105060
2011-07-11 14:45:00,43.13,43.13,42.95,42.99,134083
2011-07-11 15:00:00,42.98,43.01,42.92,42.9894,148260
2011-07-11 15:15:00,42.98,43.04,42.97,43.03,91326
2011-07-11 15:30:00,43.03,43.055,42.99,43.02,102211
2011-07-11 15:45:00,43.01,43.1,42.99,43.085,137252
2011-07-11 16:00:00,43.085,43.11,43.05,43.1,283125
2011-07-12 09:45:00,42.98,43.24,42.98,43.04,70305
2011-07-12 10:00:00,43.04,43.22,43.01,43.18,111667
2011-07-12 10:15:00,43.185,43.4,43.18,43.285,40127
2011-07-12 10:30:00,43.28,43.54,43.27,43.43,65020
2011-07-12 10:45:00,43.44,43.53,43.4,43.48,27645
2011-07-12 11:00:00,43.5,43.5,43.4,43.44,32493
2011-07-12 11:15:00,43.44,43.51,43.4,43.46,37904
2011-07-12 11:30:00,43.45,43.49,43.43,43.45,48623
2011-07-12 11:45:00,43.46,43.56,43.46,43.56,52555
2011-07-12 12:00:00,43.55,43.56,43.47,43.515,111907
2011-07-12 12:15:00,43.51,43.56,43.46,43.525,108176
2011-07-12 12:30:00,43.52,43.52,43.45,43.46,18589
2011-07-12 12:45:00,43.47,43.61,43.46,43.53,50728
2011-07-12 13:00:00,43.5525,43.58,43.51,43.56,22668
2011-07-12 13:15:00,43.55,43.6099,43.54,43.59,27620
2011-07-12 13:30:00,43.59,43.59,43.43,43.43,26950
2011-07-12 13:45:00,43.43,43.43,43.26,43.29,36207
2011-07-12 14:00:00,43.29,43.33,43.26,43.28,12232
2011-07-12 14:15:00,43.27,43.52,43.26,43.48,34613
2011-07-12 14:30:00,43.49,43.53,43.46,43.4902,40890
2011-07-12 14:45:00,43.5,43.5,43.38,43.44,38298
2011-07-12 15:00:00,43.43,43.47,43.4,43.46,26306
2011-07-12 15:15:00,43.45,43.5,43.39,43.39,37306
2011-07-12 15:30:00,43.38,43.44,43.34,43.38,71498
2011-07-12 15:45:00,43.37,43.45,43.3,43.3,91644
2011-07-12 16:00:00,43.31,43.34,43.19,43.26,156568
2011-07-13 09:45:00,43.47,43.56,43.27,43.29,46881
2011-07-13 10:00:00,43.3,43.44,43.2,43.2,58440
2011-07-13 10:15:00,43.21,43.475,43.15,43.19,83801
2011-07-13 10:30:00,43.19,43.405,43.19,43.21,74574
2011-07-13 10:45:00,43.22,43.415,43.22,43.39,24449
2011-07-13 11:00:00,43.38,43.4,43.3,43.3,17501
2011-07-13 11:15:00,43.32,43.41,43.31,43.364,20820
2011-07-13 11:30:00,43.37,43.46,43.365,43.38,25636
2011-07-13 11:45:00,43.36,43.37,43.3,43.35,22957
2011-07-13 12:00:00,43.352,43.36,43.28,43.34,63753
2011-07-13 12:15:00,43.34,43.37,43.31,43.35,17432
2011-07-13 12:30:00,43.34,43.38,43.33,43.35,60266
2011-07-13 12:45:00,43.34,43.35,43.28,43.3,29250
2011-07-13 13:00:00,43.28,43.31,43.24,43.27,22745
2011-07-13 13:15:00,43.27,43.3,43.25,43.27,35384
2011-07-13 13:30:00,43.27,43.27,43.21,43.22,20545
2011-07-13 13:45:00,43.22,43.25,43.14,43.24100000000001,24298
2011-07-13 14:00:00,43.24,43.255,43.17,43.23,12400
2011-07-13 14:15:00,43.22,43.26,43.11,43.13,37157
2011-07-13 14:30:00,43.12,43.215,42.9725,43.0,69938
2011-07-13 14:45:00,43.0,43.1,42.99,43.05,88084
2011-07-13 15:00:00,43.05,43.1,42.99,43.05,85277
2011-07-13 15:15:00,43.05,43.09,42.87,42.87,71106
2011-07-13 15:30:00,42.88,42.89,42.67,42.68,109357
2011-07-13 15:45:00,42.685,42.685,42.48,42.53,165260
2011-07-13 16:00:00,42.53,43.05,42.36,42.41,595086
2011-07-14 09:45:00,42.59,42.59,42.21,42.26,133476
2011-07-14 10:00:00,42.26,42.48,42.25,42.35,76993
2011-07-14 10:15:00,42.34,42.4,42.23,42.26,93210
2011-07-14 10:30:00,42.26,42.33,42.19,42.29,104926
2011-07-14 10:45:00,42.29,42.35,42.21,42.3,70893
2011-07-14 11:00:00,42.28,42.31,42.02,42.04,97284
2011-07-14 11:15:00,42.04,42.295,42.04,42.26,65308
2011-07-14 11:30:00,42.2694,42.28,42.21,42.25,71241
2011-07-14 11:45:00,42.24,42.24,41.83,41.89,117195
2011-07-14 12:00:00,41.9,41.98,41.87,41.89,49598
2011-07-14 12:15:00,41.9,41.93,41.84,41.87,49777
2011-07-14 12:30:00,41.87,41.87,41.4,41.47,116993
2011-07-14 12:45:00,41.4799,41.665,41.47,41.63,95162
2011-07-14 13:00:00,41.6398,41.67,41.48,41.5079,98401
2011-07-14 13:15:00,41.5,41.56,41.33,41.33,127836
2011-07-14 13:30:00,41.33,41.41,41.25,41.39,89638
2011-07-14 13:45:00,41.4,41.595,41.29,41.36,184960
2011-07-14 14:00:00,41.37,41.43,41.3,41.38,86910
2011-07-14 14:15:00,41.39,41.6,41.39,41.48,195687
2011-07-14 14:30:00,41.49,41.535,41.39,41.48,125202
2011-07-14 14:45:00,41.49,41.49,41.41,41.46,238537
2011-07-14 15:00:00,41.46,41.5,41.39,41.42,114980
2011-07-14 15:15:00,41.41,41.5,41.35,41.44,86486
2011-07-14 15:30:00,41.44,41.46,41.37,41.45,221102
2011-07-14 15:45:00,41.44,41.49,41.36,41.36,194888
2011-07-14 16:00:00,41.36,41.37,41.25,41.31,286222
2011-07-15 09:45:00,42.01,42.3,41.94,42.0198,322848
2011-07-15 10:00:00,42.0,42.16,41.86,42.09,113776
2011-07-15 10:15:00,42.09,42.38,42.09,42.225,196408
2011-07-15 10:30:00,42.22,42.22,41.8,42.05,232619
2011-07-15 10:45:00,42.0593,42.18,41.89,42.02,133501
2011-07-15 11:00:00,42.025,42.065,41.7,41.78,133291
2011-07-15 11:15:00,41.74,42.0,41.6,41.97,150824
2011-07-15 11:30:00,41.97,42.005,41.695,41.77,84147
2011-07-15 11:45:00,41.76,41.77,41.58,41.62,108985
2011-07-15 12:00:00,41.62,41.62,41.41,41.44,131958
2011-07-15 12:15:00,41.43,41.73,41.43,41.53,152900
2011-07-15 12:30:00,41.53,41.54,41.42,41.495,65969
2011-07-15 12:45:00,41.49,41.5,41.42,41.48,83813
2011-07-15 13:00:00,41.475,41.5,41.39,41.39,56197
2011-07-15 13:15:00,41.38,41.47,41.33,41.4,188798
2011-07-15 13:30:00,41.39,41.471000000000004,41.2,41.23,100024
2011-07-15 13:45:00,41.22,41.4,41.21,41.35,97446
2011-07-15 14:00:00,41.35,41.37,41.19,41.21,83242
2011-07-15 14:15:00,41.2,41.33,41.19,41.28,67921
2011-07-15 14:30:00,41.29,41.33,41.23,41.24,87484
2011-07-15 14:45:00,41.23,41.3,41.12,41.15,154492
2011-07-15 15:00:00,41.15,41.22,41.1,41.15,124799
2011-07-15 15:15:00,41.15,41.21,41.09,41.1716,151882
2011-07-15 15:30:00,41.18,41.19,41.05,41.09,202375
2011-07-15 15:45:00,41.09,41.35,41.0899,41.27,236738
2011-07-15 16:00:00,41.27,41.4,41.25,41.36,566353
2011-07-18 09:45:00,41.09,41.3,39.68,39.99,660287
2011-07-18 10:00:00,39.98,40.2,39.42,40.04,463755
2011-07-18 10:15:00,40.07,40.18,39.985,40.1,210549
2011-07-18 10:30:00,40.1,40.91,40.03,40.58,414494
2011-07-18 10:45:00,40.53,41.02,40.4,40.97,222211
2011-07-18 11:00:00,40.97,40.97,40.37,40.65,189857
2011-07-18 11:15:00,40.62,40.81,40.53,40.76,67430
2011-07-18 11:30:00,40.76,40.8,40.53,40.6,69474
2011-07-18 11:45:00,40.59,40.64,40.31,40.41,126232
2011-07-18 12:00:00,40.41,40.435,40.18,40.24,107629
2011-07-18 12:15:00,40.24,40.24,40.01,40.19,110285
2011-07-18 12:30:00,40.19,40.23,40.13,40.2,42239
2011-07-18 12:45:00,40.21,40.3,40.02,40.04,67269
2011-07-18 13:00:00,40.0598,40.0598,39.89,39.95,52466
2011-07-18 13:15:00,39.95,39.97,39.75,39.81,84618
2011-07-18 13:30:00,39.825,39.94,39.71,39.85,61965
2011-07-18 13:45:00,39.85,40.07,39.69,39.72,101771
2011-07-18 14:00:00,39.72,40.17,39.68,39.825,351408
2011-07-18 14:15:00,39.83,39.97,39.73,39.87,290650
2011-07-18 14:30:00,39.87,39.87,39.66,39.749,123825
2011-07-18 14:45:00,39.75,39.9,39.73,39.75,113170
2011-07-18 15:00:00,39.75,39.85,39.65,39.78,169110
2011-07-18 15:15:00,39.775,39.82,39.61,39.63,136550
2011-07-18 15:30:00,39.63,39.69,39.53,39.57,251580
2011-07-18 15:45:00,39.58,39.58,39.305,39.385,461907
2011-07-18 16:00:00,39.39,39.53,39.36,39.4,697236
2011-07-19 09:45:00,39.56,39.73,38.92,39.18,267072
2011-07-19 10:00:00,39.2,39.27,38.96,38.98,147878
2011-07-19 10:15:00,38.98,39.02,38.77,38.95,191179
2011-07-19 10:30:00,38.9699,39.26,38.92,39.17,285314
2011-07-19 10:45:00,39.17,39.29,39.08,39.23,168540
2011-07-19 11:00:00,39.21,39.24,39.06,39.07,143495
2011-07-19 11:15:00,39.07,39.21,39.0,39.11,170780
2011-07-19 11:30:00,39.11,39.18,39.1,39.15,59958
2011-07-19 11:45:00,39.14,39.2,39.1,39.19,93569
2011-07-19 12:00:00,39.19,39.26,39.1,39.24,78449
2011-07-19 12:15:00,39.24,39.26,39.01,39.095,202595
2011-07-19 12:30:00,39.0999,39.12,39.04,39.1,86763
2011-07-19 12:45:00,39.1,39.21,39.09,39.13,52917
2011-07-19 13:00:00,39.13,39.13,39.07,39.09,92213
2011-07-19 13:15:00,39.09,39.1533,39.06,39.14,111379
2011-07-19 13:30:00,39.1494,39.29,39.135,39.29,65884
2011-07-19 13:45:00,39.28,39.4,39.25,39.39,136083
2011-07-19 14:00:00,39.37,39.44,39.34,39.435,94192
2011-07-19 14:15:00,39.44,39.44,39.315,39.34,86100
2011-07-19 14:30:00,39.34,39.53,39.32,39.52,140463
2011-07-19 14:45:00,39.52,39.585,39.435,39.585,165376
2011-07-19 15:00:00,39.59,39.73,39.58,39.7,196982
2011-07-19 15:15:00,39.705,39.705,39.535,39.61,107820
2011-07-19 15:30:00,39.6199,39.64,39.42,39.44,134344
2011-07-19 15:45:00,39.43,39.5,39.28,39.29,132706
2011-07-19 16:00:00,39.29,39.46,39.285,39.41,305059
2011-07-20 09:45:00,39.4,39.67,39.4,39.59,87329
2011-07-20 10:00:00,39.57,39.58,39.4,39.43,73809
2011-07-20 10:15:00,39.42,39.5,39.25,39.27,71309
2011-07-20 10:30:00,39.27,39.34,39.18,39.24,52984
2011-07-20 10:45:00,39.23,39.37,39.165,39.26,50666
2011-07-20 11:00:00,39.25,39.38,39.19,39.375,49639
2011-07-20 11:15:00,39.37,39.39,39.26,39.37,54216
2011-07-20 11:30:00,39.37,39.48,39.31,39.37,46128
2011-07-20 11:45:00,39.36,39.38,39.3,39.375,54015
2011-07-20 12:00:00,39.37,39.46,39.35,39.4,65239
2011-07-20 12:15:00,39.41,39.45,39.38,39.45,38031
2011-07-20 12:30:00,39.45,39.4501,39.355,39.37,25847
2011-07-20 12:45:00,39.37,39.37,39.27,39.3095,15567
2011-07-20 13:00:00,39.31,39.37,39.3,39.3388,18336
2011-07-20 13:15:00,39.32,39.325,39.25,39.25,26246
2011-07-20 13:30:00,39.25,39.36,39.25,39.35,23400
2011-07-20 13:45:00,39.35,39.43,39.33,39.4,48578
2011-07-20 14:00:00,39.38,39.41,39.37,39.38,22304
2011-07-20 14:15:00,39.39,39.395,39.27,39.29,33079
2011-07-20 14:30:00,39.29,39.4,39.29,39.4,22158
2011-07-20 14:45:00,39.4,39.4,39.31,39.34,32066
2011-07-20 15:00:00,39.34,39.385,39.28,39.34,38969
2011-07-20 15:15:00,39.35,39.36,39.315,39.34,49122
2011-07-20 15:30:00,39.34,39.36,39.25,39.27,120686
2011-07-20 15:45:00,39.275,39.4,39.26,39.39,172623
2011-07-20 16:00:00,39.385,39.42,39.32,39.36,194320
2011-07-21 09:45:00,39.73,39.73,39.42,39.61,63221
2011-07-21 10:00:00,39.59,39.83,39.45,39.55,64347
2011-07-21 10:15:00,39.54,39.71,39.53,39.61,44899
2011-07-21 10:30:00,39.62,39.65,39.51,39.585,98717
2011-07-21 10:45:00,39.58,39.595,39.45,39.45,34032
2011-07-21 11:00:00,39.46,39.5,39.38,39.4005,69057
2011-07-21 11:15:00,39.42,39.47,39.38,39.47,31693
2011-07-21 11:30:00,39.46,39.5,39.3984,39.46,42511
2011-07-21 11:45:00,39.47,39.47,39.33,39.34,23837
2011-07-21 12:00:00,39.3666,39.38,39.31,39.34,26250
2011-07-21 12:15:00,39.35,39.39,39.31,39.338,35937
2011-07-21 12:30:00,39.324,39.37,39.29,39.305,139531
2011-07-21 12:45:00,39.3,39.45,39.28,39.41,142525
2011-07-21 13:00:00,39.41,39.46,39.35,39.45,86897
2011-07-21 13:15:00,39.47,39.525,39.43,39.48,74734
2011-07-21 13:30:00,39.48,39.55,39.46,39.52,19331
2011-07-21 13:45:00,39.5425,39.548,39.34,39.345,26479
2011-07-21 14:00:00,39.34,39.415,39.33,39.4,21302
2011-07-21 14:15:00,39.423,39.44,39.37,39.38,53517
2011-07-21 14:30:00,39.39,39.4,39.32,39.359,76942
2011-07-21 14:45:00,39.35,39.352,39.31,39.34,34821
2011-07-21 15:00:00,39.35,39.35,39.31,39.32,114428
2011-07-21 15:15:00,39.32,39.43,39.32,39.39,99511
2011-07-21 15:30:00,39.38,39.47,39.37,39.47,90511
2011-07-21 15:45:00,39.47,39.5,39.41,39.45,145532
2011-07-21 16:00:00,39.46,39.52,39.44,39.45,181369
2011-07-22 09:45:00,39.78,40.09,39.66,40.09,204021
2011-07-22 10:00:00,40.1,40.3,39.99,40.27,268199
2011-07-22 10:15:00,40.26,40.38,40.23,40.33,169798
2011-07-22 10:30:00,40.335,40.34,40.18,40.24,138872
2011-07-22 10:45:00,40.24,40.29,40.22,40.25,70315
2011-07-22 11:00:00,40.24,40.37,40.2,40.36,87580
2011-07-22 11:15:00,40.38,40.41,40.3101,40.36,75833
2011-07-22 11:30:00,40.36,40.4,40.29,40.3,71530
2011-07-22 11:45:00,40.31,40.37,40.26,40.36,55280
2011-07-22 12:00:00,40.37,40.4,40.31,40.36,35727
2011-07-22 12:15:00,40.37,40.4,40.33,40.4,52809
2011-07-22 12:30:00,40.4,40.61,40.39,40.6,118970
2011-07-22 12:45:00,40.6,40.64,40.58,40.63,77825
2011-07-22 13:00:00,40.63,40.73,40.63,40.68,100538
2011-07-22 13:15:00,40.68,40.71,40.64,40.64,51144
2011-07-22 13:30:00,40.64,40.6474,40.6,40.6,61135
2011-07-22 13:45:00,40.6,40.602,40.53,40.53,37153
2011-07-22 14:00:00,40.53,40.61,40.5,40.595,56053
2011-07-22 14:15:00,40.595,40.64,40.55,40.6301,55386
2011-07-22 14:30:00,40.6307,40.68,40.63,40.65,66352
2011-07-22 14:45:00,40.6599,40.66,40.61,40.63,66610
2011-07-22 15:00:00,40.6303,40.64,40.6,40.61,61682
2011-07-22 15:15:00,40.61,40.64,40.56,40.61,80114
2011-07-22 15:30:00,40.615,40.62,40.48,40.48,82247
2011-07-22 15:45:00,40.48,40.55,40.48,40.5,137925
2011-07-22 16:00:00,40.5,40.53,40.44,40.49,266226
2011-07-25 09:45:00,40.25,40.3,39.98,40.07,78705
2011-07-25 10:00:00,40.07,40.27,39.96,40.27,109557
2011-07-25 10:15:00,40.26,40.39,40.24,40.33,82402
2011-07-25 10:30:00,40.36,40.45,40.33,40.4,66131
2011-07-25 10:45:00,40.4,40.615,40.37,40.575,165348
2011-07-25 11:00:00,40.57,40.67,40.53,40.611,237888
2011-07-25 11:15:00,40.6,40.655,40.54,40.62,124194
2011-07-25 11:30:00,40.62,40.635,40.55,40.6,134395
2011-07-25 11:45:00,40.6,40.635,40.58,40.61,130094
2011-07-25 12:00:00,40.6208,40.7,40.58,40.7,88877
2011-07-25 12:15:00,40.69,40.78,40.66,40.73,83549
2011-07-25 12:30:00,40.72,40.75,40.67,40.68,90300
2011-07-25 12:45:00,40.68,40.72,40.645,40.655,93910
2011-07-25 13:00:00,40.66,40.71,40.649,40.65,57089
2011-07-25 13:15:00,40.64,40.7025,40.64,40.66,38417
2011-07-25 13:30:00,40.66,40.66,40.59,40.61,35517
2011-07-25 13:45:00,40.61,40.62,40.54,40.545,33399
2011-07-25 14:00:00,40.54,40.6,40.52,40.52,48357
2011-07-25 14:15:00,40.52,40.545,40.5,40.5,68950
2011-07-25 14:30:00,40.51,40.52,40.489000000000004,40.51,58109
2011-07-25 14:45:00,40.5,40.51,40.45,40.49,74061
2011-07-25 15:00:00,40.48,40.51,40.45,40.485,54243
2011-07-25 15:15:00,40.4804,40.53,40.45,40.53,90534
2011-07-25 15:30:00,40.5206,40.57,40.47,40.47,138330
2011-07-25 15:45:00,40.47,40.5,40.44,40.45,257744
2011-07-25 16:00:00,40.44,40.45,40.35,40.41,234092
2011-07-26 09:45:00,40.53,40.56,40.11,40.325,82301
2011-07-26 10:00:00,40.31,40.31,40.14,40.15,86978
2011-07-26 10:15:00,40.16,40.27,40.14,40.24,122248
2011-07-26 10:30:00,40.25,40.39,40.23,40.35,102150
2011-07-26 10:45:00,40.35,40.435,40.29,40.435,62516
2011-07-26 11:00:00,40.44,40.45,40.35,40.39,58218
2011-07-26 11:15:00,40.39,40.51,40.38,40.5,87615
2011-07-26 11:30:00,40.5,40.58,40.49,40.56,55971
2011-07-26 11:45:00,40.56,40.6,40.55,40.57,52521
2011-07-26 12:00:00,40.58,40.6,40.53,40.56,35794
2011-07-26 12:15:00,40.56,40.595,40.49,40.57,67462
2011-07-26 12:30:00,40.57,40.59,40.5,40.5,32036
2011-07-26 12:45:00,40.49,40.52,40.44,40.46,38946
2011-07-26 13:00:00,40.44,40.44,40.32,40.36,56078
2011-07-26 13:15:00,40.35,40.37,40.27,40.3,32896
2011-07-26 13:30:00,40.3,40.305,40.25,40.27,14076
2011-07-26 13:45:00,40.27,40.325,40.25,40.31,22154
2011-07-26 14:00:00,40.3178,40.335,40.26,40.31,39131
2011-07-26 14:15:00,40.31,40.42,40.28,40.41,63780
2011-07-26 14:30:00,40.41,40.5,40.41,40.48,42999
2011-07-26 14:45:00,40.48,40.5,40.42,40.45,41723
2011-07-26 15:00:00,40.45,40.49,40.39,40.39,32661
2011-07-26 15:15:00,40.39,40.42,40.38,40.4,53089
2011-07-26 15:30:00,40.39,40.42,40.36,40.38,44278
2011-07-26 15:45:00,40.38,40.4,40.32,40.329,100433
2011-07-26 16:00:00,40.32,40.325,40.23,40.3,260707
2011-07-27 09:45:00,40.17,40.31,39.98,40.06,50116
2011-07-27 10:00:00,40.05,40.14,39.98,40.09,53999
2011-07-27 10:15:00,40.08,40.08,39.69,39.78,69239
2011-07-27 10:30:00,39.79,39.85,39.75,39.77,35686
2011-07-27 10:45:00,39.76,39.89,39.74,39.83,51616
2011-07-27 11:00:00,39.85,40.04,39.77,40.04,77367
2011-07-27 11:15:00,40.03,40.04,39.94,40.0,53774
2011-07-27 11:30:00,40.01,40.12,39.96,40.09,69975
2011-07-27 11:45:00,40.1,40.35,40.05,40.33,79442
2011-07-27 12:00:00,40.3007,40.32,40.152,40.21,76861
2011-07-27 12:15:00,40.21,40.28,40.17,40.23,55281
2011-07-27 12:30:00,40.2399,40.28,40.15,40.27,52937
2011-07-27 12:45:00,40.27,40.325,40.21,40.29,49266
2011-07-27 13:00:00,40.31,40.369,40.21,40.22,50225
2011-07-27 13:15:00,40.23,40.2497,40.13,40.13,48697
2011-07-27 13:30:00,40.14,40.17,40.09,40.12,33395
2011-07-27 13:45:00,40.11,40.22,40.09,40.19,58907
2011-07-27 14:00:00,40.18,40.22,40.16,40.205,45221
2011-07-27 14:15:00,40.2,40.21,40.14,40.19,73156
2011-07-27 14:30:00,40.18,40.21,40.08,40.11,46175
2011-07-27 14:45:00,40.1,40.1,39.975,40.01,63784
2011-07-27 15:00:00,40.0,40.075,39.99,40.06,101060
2011-07-27 15:15:00,40.05,40.19,40.03,40.06,126298
2011-07-27 15:30:00,40.06,40.075,39.95,39.96,286199
2011-07-27 15:45:00,39.97,39.97,39.78,39.78,367210
2011-07-27 16:00:00,39.79,39.94,39.75,39.89,362515
2011-07-28 09:45:00,39.76,39.79,39.53,39.53,81497
2011-07-28 10:00:00,39.51,39.88,39.5,39.79,63910
2011-07-28 10:15:00,39.82,39.96,39.69,39.92,84930
2011-07-28 10:30:00,39.91,40.14,39.9,40.11,73842
2011-07-28 10:45:00,40.12,40.17,40.06,40.16,50205
2011-07-28 11:00:00,40.15,40.3,40.12,40.27,69110
2011-07-28 11:15:00,40.26,40.28,40.18,40.26,70218
2011-07-28 11:30:00,40.24,40.34,40.22,40.285,54138
2011-07-28 11:45:00,40.28,40.33,40.25,40.32,41862
2011-07-28 12:00:00,40.31,40.33,40.2,40.23,76381
2011-07-28 12:15:00,40.24,40.26,40.1,40.1,79251
2011-07-28 12:30:00,40.1,40.1,39.96,39.995,30080
2011-07-28 12:45:00,39.98,40.01,39.93,39.93,24491
2011-07-28 13:00:00,39.93,39.94,39.87,39.915,16569
2011-07-28 13:15:00,39.92,39.94,39.865,39.9,28048
2011-07-28 13:30:00,39.89,39.93,39.86,39.89,33398
2011-07-28 13:45:00,39.89,39.975,39.86,39.885,40644
2011-07-28 14:00:00,39.8873,39.95,39.87,39.93,36769
2011-07-28 14:15:00,39.92,39.945,39.775,39.83,46307
2011-07-28 14:30:00,39.8399,39.885,39.78,39.82,75623
2011-07-28 14:45:00,39.81,39.84,39.75,39.81,70841
2011-07-28 15:00:00,39.81,39.86,39.75,39.79,53837
2011-07-28 15:15:00,39.78,39.78,39.7,39.72,42959
2011-07-28 15:30:00,39.71,39.75,39.68,39.695,59231
2011-07-28 15:45:00,39.69,39.695,39.58,39.63,117653
2011-07-28 16:00:00,39.62,39.75,39.59,39.7,367923
2011-07-29 09:45:00,39.35,39.5,39.1903,39.1903,60847
2011-07-29 10:00:00,39.19,39.52,39.1,39.48,47379
2011-07-29 10:15:00,39.43,39.5,39.33,39.435,71631
2011-07-29 10:30:00,39.4301,39.49,39.36,39.42,80357
2011-07-29 10:45:00,39.42,39.44,39.36,39.42,85993
2011-07-29 11:00:00,39.42,39.6288,39.38,39.56,78064
2011-07-29 11:15:00,39.54,39.72,39.45,39.68,66022
2011-07-29 11:30:00,39.6712,39.82,39.6701,39.75,55130
2011-07-29 11:45:00,39.75,39.76,39.64,39.65,38874
2011-07-29 12:00:00,39.65,39.65,39.55,39.57,16541
2011-07-29 12:15:00,39.56,39.6,39.48,39.52,32453
2011-07-29 12:30:00,39.51,39.54,39.49,39.51,30859
2011-07-29 12:45:00,39.51,39.63,39.49,39.61,33187
2011-07-29 13:00:00,39.61,39.62,39.57,39.58,33261
2011-07-29 13:15:00,39.57,39.61,39.56,39.6,39819
2011-07-29 13:30:00,39.6,39.64,39.56,39.58,24952
2011-07-29 13:45:00,39.57,39.64,39.54,39.63,16576
2011-07-29 14:00:00,39.63,39.74,39.61,39.73,43967
2011-07-29 14:15:00,39.7293,39.73,39.66,39.665,29183
2011-07-29 14:30:00,39.66,39.67,39.6,39.62,28239
2011-07-29 14:45:00,39.63,39.71,39.59,39.65,33272
2011-07-29 15:00:00,39.64,39.64,39.5,39.509,83898
2011-07-29 15:15:00,39.5,39.605,39.48,39.571,96120
2011-07-29 15:30:00,39.58,39.68,39.51,39.57,78572
2011-07-29 15:45:00,39.57,39.63,39.53,39.54,116951
2011-07-29 16:00:00,39.53,39.63,39.4,39.55,413287
2011-08-01 09:45:00,39.77,39.8599,39.57,39.7,144565
2011-08-01 10:00:00,39.74,39.75,39.43,39.43,67278
2011-08-01 10:15:00,39.42,39.425,39.04,39.26,115256
2011-08-01 10:30:00,39.26,39.485,39.26,39.455,112501
2011-08-01 10:45:00,39.46,39.4898,39.305,39.35,47868
2011-08-01 11:00:00,39.37,39.42,39.33,39.36,49356
2011-08-01 11:15:00,39.35,39.36,39.175,39.265,58857
2011-08-01 11:30:00,39.27,39.36,39.255,39.35,38446
2011-08-01 11:45:00,39.35,39.35,39.21,39.28,84212
2011-08-01 12:00:00,39.285,39.34,39.17,39.18,81256
2011-08-01 12:15:00,39.18,39.2,39.055,39.06,44352
2011-08-01 12:30:00,39.04,39.13,39.03,39.06,60719
2011-08-01 12:45:00,39.07,39.11,39.03,39.05,28410
2011-08-01 13:00:00,39.05,39.14,39.05,39.117,38652
2011-08-01 13:15:00,39.11,39.13,39.06,39.07,33535
2011-08-01 13:30:00,39.06,39.11,39.05,39.1,82723
2011-08-01 13:45:00,39.1,39.3,39.1,39.3,69357
2011-08-01 14:00:00,39.29,39.34,39.25,39.33,63991
2011-08-01 14:15:00,39.33,39.335,39.25,39.27,80135
2011-08-01 14:30:00,39.27,39.335,39.24,39.2701,88666
2011-08-01 14:45:00,39.27,39.33,39.22,39.22,40816
2011-08-01 15:00:00,39.22,39.33,39.22,39.32,36118
2011-08-01 15:15:00,39.32,39.39,39.29,39.35,57110
2011-08-01 15:30:00,39.36,39.38,39.29,39.3578,81788
2011-08-01 15:45:00,39.35,39.52,39.33,39.37,206646
2011-08-01 16:00:00,39.38,39.57,39.33,39.43,380287
2011-08-02 09:45:00,39.13,39.16,38.97,38.97,52004
2011-08-02 10:00:00,38.97,39.0,38.8,38.8,75226
2011-08-02 10:15:00,38.81,38.85,38.76,38.79,106680
2011-08-02 10:30:00,38.78,38.78,38.66,38.7,77648
2011-08-02 10:45:00,38.71,38.81,38.65,38.76,57585
2011-08-02 11:00:00,38.76,38.8,38.4501,38.48,100150
2011-08-02 11:15:00,38.48,38.56,38.41,38.48,105432
2011-08-02 11:30:00,38.4895,38.55,38.41,38.54,52519
2011-08-02 11:45:00,38.52,38.54,38.28,38.2917,61072
2011-08-02 12:00:00,38.29,38.32,38.16,38.16,59728
2011-08-02 12:15:00,38.16,38.26,38.155,38.25,117000
2011-08-02 12:30:00,38.26,38.36,38.26,38.348,30118
2011-08-02 12:45:00,38.34,38.34,38.15,38.17,56592
2011-08-02 13:00:00,38.17,38.18,38.05,38.08,61932
2011-08-02 13:15:00,38.09,38.2,38.09,38.14,41500
2011-08-02 13:30:00,38.15,38.25,38.15,38.18,31263
2011-08-02 13:45:00,38.19,38.2,38.06,38.09,36400
2011-08-02 14:00:00,38.08,38.1096,37.92,37.9683,68081
2011-08-02 14:15:00,37.97,38.07,37.95,38.05,46711
2011-08-02 14:30:00,38.05,38.14,38.0175,38.03,44601
2011-08-02 14:45:00,38.03,38.03,37.89,37.91,39546
2011-08-02 15:00:00,37.91,38.01,37.87,37.985,72795
2011-08-02 15:15:00,37.985,38.1,37.985,38.04,71027
2011-08-02 15:30:00,38.04,38.16,37.97,38.07,156931
2011-08-02 15:45:00,38.07,38.155,37.94,37.96,195335
2011-08-02 16:00:00,37.94,38.06,37.86,37.86,354335
2011-08-03 09:45:00,37.74,38.28,37.74,37.89,120048
2011-08-03 10:00:00,37.89,37.94,37.83,37.94,39828
2011-08-03 10:15:00,37.93,38.095,37.89,38.03,64655
2011-08-03 10:30:00,38.04,38.04,37.83,37.92,56410
2011-08-03 10:45:00,37.91,37.93,37.64,37.9,154119
2011-08-03 11:00:00,37.89,38.04,37.79,37.98,98220
2011-08-03 11:15:00,37.99,38.21,37.95,38.21,110336
2011-08-03 11:30:00,38.21,38.36,38.16,38.19,75001
2011-08-03 11:45:00,38.2,38.39,38.2,38.2998,81592
2011-08-03 12:00:00,38.295,38.41,38.29,38.335,81749
2011-08-03 12:15:00,38.32,38.325,38.195,38.26,66794
2011-08-03 12:30:00,38.26,38.265,38.09,38.2,36744
2011-08-03 12:45:00,38.21,38.26,38.12,38.25,45291
2011-08-03 13:00:00,38.26,38.299,38.21,38.22,45621
2011-08-03 13:15:00,38.22,38.265,38.12,38.24,40364
2011-08-03 13:30:00,38.25,38.345,38.21,38.345,43005
2011-08-03 13:45:00,38.34,38.565,38.32,38.54,64559
2011-08-03 14:00:00,38.55,38.6,38.41,38.4583,51221
2011-08-03 14:15:00,38.4574,38.58,38.455,38.57,66538
2011-08-03 14:30:00,38.57,38.65,38.52,38.555,109628
2011-08-03 14:45:00,38.56,38.66,38.51,38.61,83052
2011-08-03 15:00:00,38.61,38.66,38.53,38.566,114829
2011-08-03 15:15:00,38.57,38.645,38.49,38.51,77279
2011-08-03 15:30:00,38.52,38.815,38.52,38.71,107210
2011-08-03 15:45:00,38.71,38.76,38.57,38.66,161185
2011-08-03 16:00:00,38.65,38.73,38.59,38.68,254911
2011-08-04 09:45:00,38.36,38.49,38.11,38.28,55722
2011-08-04 10:00:00,38.26,38.51,38.17,38.47,63609
2011-08-04 10:15:00,38.46,38.51,38.19,38.25,64891
2011-08-04 10:30:00,38.24,38.36,38.09,38.31,75372
2011-08-04 10:45:00,38.31,38.41,38.08,38.145,53689
2011-08-04 11:00:00,38.14,38.18,38.04,38.17,82585
2011-08-04 11:15:00,38.17,38.32,38.07,38.22,52712
2011-08-04 11:30:00,38.22,38.33,38.08,38.11,71777
2011-08-04 11:45:00,38.08,38.22,38.06,38.105,67703
2011-08-04 12:00:00,38.08,38.09,37.89,38.04,110262
2011-08-04 12:15:00,38.05,38.23,38.04,38.14,67010
2011-08-04 12:30:00,38.13,38.15,37.98,38.09,55243
2011-08-04 12:45:00,38.0916,38.1733,38.07,38.0942,64963
2011-08-04 13:00:00,38.11,38.1773,38.0618,38.09,41595
2011-08-04 13:15:00,38.07,38.15,38.03,38.06,50475
2011-08-04 13:30:00,38.06,38.12,38.02,38.1171,39513
2011-08-04 13:45:00,38.1,38.1,37.91,37.91,52903
2011-08-04 14:00:00,37.91,37.95,37.81,37.86,87077
2011-08-04 14:15:00,37.86,37.89,37.75,37.79,95170
2011-08-04 14:30:00,37.79,37.84,37.61,37.63,76966
2011-08-04 14:45:00,37.64,37.8,37.5,37.78,83886
2011-08-04 15:00:00,37.78,37.84,37.69,37.73,79959
2011-08-04 15:15:00,37.72,37.9,37.68,37.78,88197
2011-08-04 15:30:00,37.785,37.81,37.58,37.59,132703
2011-08-04 15:45:00,37.57,37.65,37.43,37.48,188654
2011-08-04 16:00:00,37.47,37.52,37.27,37.27,281115
2011-08-05 09:45:00,37.63,38.1,37.31,37.375,90832
2011-08-05 10:00:00,37.39,37.51,37.0,37.01,93096
2011-08-05 10:15:00,37.01,37.38,36.98,37.16,109743
2011-08-05 10:30:00,37.18,37.44,37.18,37.4,85643
2011-08-05 10:45:00,37.38,37.42,36.99,37.01,116397
2011-08-05 11:00:00,36.99,37.31,36.95,37.31,69444
2011-08-05 11:15:00,37.31,37.31,37.01,37.02,59292
2011-08-05 11:30:00,37.0,37.19,36.81,37.04,96695
2011-08-05 11:45:00,37.04,37.21,36.8008,36.9,59978
2011-08-05 12:00:00,36.88,36.88,36.38,36.48,62116
2011-08-05 12:15:00,36.47,36.87,36.44,36.86,80507
2011-08-05 12:30:00,36.86,37.27,36.85,37.05,113257
2011-08-05 12:45:00,37.06,37.62,36.97,37.59,174263
2011-08-05 13:00:00,37.59,38.02,37.53,37.83,120718
2011-08-05 13:15:00,37.84,37.92,37.44,37.61,64819
2011-08-05 13:30:00,37.63,37.81,37.62,37.73,70589
2011-08-05 13:45:00,37.74,37.78,37.58,37.69,45558
2011-08-05 14:00:00,37.68,37.86,37.52,37.67,63456
2011-08-05 14:15:00,37.67,37.69,37.47,37.64,99715
2011-08-05 14:30:00,37.64,37.68,37.58,37.67,81394
2011-08-05 14:45:00,37.6548,37.71,37.61,37.6201,79102
2011-08-05 15:00:00,37.62,37.62,37.32,37.42,81597
2011-08-05 15:15:00,37.42,37.48,37.14,37.31,195003
2011-08-05 15:30:00,37.34,37.37,37.07,37.07,134096
2011-08-05 15:45:00,37.08,37.42,37.08,37.4,178783
2011-08-05 16:00:00,37.39,37.39,37.2,37.25,222793
2011-08-08 09:45:00,36.52,36.87,36.52,36.8,65386
2011-08-08 10:00:00,36.74,36.7611,36.55,36.72,42525
2011-08-08 10:15:00,36.74,36.8,36.52,36.52,56517
2011-08-08 10:30:00,36.51,36.51,36.12,36.13,90326
2011-08-08 10:45:00,36.14,36.34,36.01,36.27,104654
2011-08-08 11:00:00,36.28,36.42,36.15,36.1756,64673
2011-08-08 11:15:00,36.16,36.56,36.11,36.49,77443
2011-08-08 11:30:00,36.48,36.53,36.25,36.25,76277
2011-08-08 11:45:00,36.25,36.27,36.13,36.19,54751
2011-08-08 12:00:00,36.18,36.34,36.13,36.17,62715
2011-08-08 12:15:00,36.19,36.19,35.97,35.98,74922
2011-08-08 12:30:00,35.99,36.03,35.84,35.93,52071
2011-08-08 12:45:00,35.95,36.0799,35.9,36.01,54237
2011-08-08 13:00:00,36.0,36.12,35.8501,35.86,61917
2011-08-08 13:15:00,35.87,35.995,35.74,35.77,48164
2011-08-08 13:30:00,35.77,35.92,35.685,35.88,50255
2011-08-08 13:45:00,35.88,35.89,35.62,35.63,55744
2011-08-08 14:00:00,35.64,35.76,35.54,35.54,73054
2011-08-08 14:15:00,35.55,35.67,35.34,35.34,161546
2011-08-08 14:30:00,35.35,35.36,34.69,35.02,205057
2011-08-08 14:45:00,35.02,35.38,34.98,35.29,158397
2011-08-08 15:00:00,35.27,35.3,35.1,35.15,114869
2011-08-08 15:15:00,35.16,35.29,35.1,35.28,197737
2011-08-08 15:30:00,35.28,35.51,35.13,35.13,240691
2011-08-08 15:45:00,35.15,35.2066,34.945,34.98,235011
2011-08-08 16:00:00,34.98,34.98,34.46,34.5,434619
2011-08-09 09:45:00,34.96,35.29,34.62,34.62,217531
2011-08-09 10:00:00,34.62,35.12,34.58,35.065,196365
2011-08-09 10:15:00,35.08,35.54,35.06,35.46,151138
2011-08-09 10:30:00,35.48,35.48,35.23,35.3,141181
2011-08-09 10:45:00,35.3,35.36,35.255,35.3,97424
2011-08-09 11:00:00,35.31,35.38,35.15,35.16,231376
2011-08-09 11:15:00,35.16,35.2,35.04,35.15,125194
2011-08-09 11:30:00,35.15,35.27,35.145,35.24,65811
2011-08-09 11:45:00,35.25,35.27,35.18,35.25,98349
2011-08-09 12:00:00,35.24,35.27,35.095,35.21,109094
2011-08-09 12:15:00,35.21,35.34,35.205,35.32,128226
2011-08-09 12:30:00,35.32,35.36,35.31,35.3305,119304
2011-08-09 12:45:00,35.33,35.355,35.27,35.275,96360
2011-08-09 13:00:00,35.2764,35.2795,35.1,35.13,60841
2011-08-09 13:15:00,35.13,35.27,35.05,35.27,50439
2011-08-09 13:30:00,35.27,35.275,35.03,35.04,71648
2011-08-09 13:45:00,35.04,35.11,34.96,34.99,100814
2011-08-09 14:00:00,35.0,35.0,34.74,34.86,62755
2011-08-09 14:15:00,34.86,34.93,34.78,34.88,97551
2011-08-09 14:30:00,34.95,35.07,34.32,34.75,138449
2011-08-09 14:45:00,34.81,34.83,33.84,33.87,135540
2011-08-09 15:00:00,33.86,34.35,33.82,34.11,265019
2011-08-09 15:15:00,34.11,34.535,33.95,34.5,270887
2011-08-09 15:30:00,34.51,34.81,34.495,34.695,359644
2011-08-09 15:45:00,34.7,35.15,34.64,35.11,292402
2011-08-09 16:00:00,35.1152,35.71,35.115,35.68,328071
2011-08-10 09:45:00,35.21,35.51,34.9,35.47,140863
2011-08-10 10:00:00,35.4699,35.51,35.27,35.3,137725
2011-08-10 10:15:00,35.27,35.36,34.95,35.11,162075
2011-08-10 10:30:00,35.11,35.16,34.93,35.08,129831
2011-08-10 10:45:00,35.09,35.53,35.02,35.29,164300
2011-08-10 11:00:00,35.28,35.36,35.15,35.28,136222
2011-08-10 11:15:00,35.28,35.31,35.02,35.26,111364
2011-08-10 11:30:00,35.26,35.39,35.16,35.21,78795
2011-08-10 11:45:00,35.22,35.56,35.2,35.52,110708
2011-08-10 12:00:00,35.52,35.72,35.4,35.51,97845
2011-08-10 12:15:00,35.5,35.62,35.38,35.52,65524
2011-08-10 12:30:00,35.53,35.6893,35.53,35.62,96486
2011-08-10 12:45:00,35.625,35.68,35.43,35.51,74040
2011-08-10 13:00:00,35.51,35.71,35.495,35.71,67462
2011-08-10 13:15:00,35.71,35.8499,35.62,35.72,103180
2011-08-10 13:30:00,35.72,35.86,35.6,35.81,125067
2011-08-10 13:45:00,35.79,35.97,35.76,35.95,100592
2011-08-10 14:00:00,35.97,36.32,35.97,36.22,130680
2011-08-10 14:15:00,36.21,36.6,36.15,36.545,112235
2011-08-10 14:30:00,36.545,36.575,36.34,36.4,108106
2011-08-10 14:45:00,36.38,36.46,36.11,36.17,107008
2011-08-10 15:00:00,36.16,36.31,35.94,35.94,126317
2011-08-10 15:15:00,35.95,36.06,35.79,35.8,200780
2011-08-10 15:30:00,35.8,36.04,35.745,35.88,177883
2011-08-10 15:45:00,35.87,36.01,35.71,35.93,452016
2011-08-10 16:00:00,35.92,35.95,35.48,35.52,627564
2011-08-11 09:45:00,35.79,36.95,35.56,35.87,121561
2011-08-11 10:00:00,35.85,36.15,35.73,36.12,159190
2011-08-11 10:15:00,36.12,36.29,35.98,36.16,133269
2011-08-11 10:30:00,36.16,36.52,36.16,36.42,117857
2011-08-11 10:45:00,36.42,36.78,36.42,36.72,220447
2011-08-11 11:00:00,36.73,36.93,36.6,36.62,103168
2011-08-11 11:15:00,36.61,36.63,36.5,36.56,68913
2011-08-11 11:30:00,36.56,36.59,36.42,36.56,74340
2011-08-11 11:45:00,36.57,36.64,36.43,36.57,58055
2011-08-11 12:00:00,36.59,36.6,36.46,36.46,37313
2011-08-11 12:15:00,36.46,36.49,36.315,36.46,91904
2011-08-11 12:30:00,36.47,36.51,36.2888,36.36,34406
2011-08-11 12:45:00,36.355,36.57,36.355,36.56,30332
2011-08-11 13:00:00,36.57,36.82,36.55,36.76,48612
2011-08-11 13:15:00,36.7502,36.76,36.58,36.61,87506
2011-08-11 13:30:00,36.63,36.73,36.54,36.69,32024
2011-08-11 13:45:00,36.68,36.78,36.66,36.67,85934
2011-08-11 14:00:00,36.66,36.77,36.65,36.75,42526
2011-08-11 14:15:00,36.76,36.87,36.71,36.85,46544
2011-08-11 14:30:00,36.89,36.95,36.84,36.93,68256
2011-08-11 14:45:00,36.93,36.95,36.77,36.85,126622
2011-08-11 15:00:00,36.84,36.935,36.8,36.9,132115
2011-08-11 15:15:00,36.89,37.02,36.855,37.01,186227
2011-08-11 15:30:00,37.005,37.09,36.96,37.02,160645
2011-08-11 15:45:00,37.02,37.3,37.02,37.3,261254
2011-08-11 16:00:00,37.31,37.35,36.89,36.94,465524
2011-08-12 09:45:00,37.03,37.12,36.65,36.73,120566
2011-08-12 10:00:00,36.72,37.0,36.6944,36.835,97559
2011-08-12 10:15:00,36.845,36.97,36.63,36.96,163149
2011-08-12 10:30:00,36.95,37.21,36.95,37.19,82316
2011-08-12 10:45:00,37.18,37.24,37.0,37.01,65372
2011-08-12 11:00:00,37.03,37.05,36.86,36.96,75275
2011-08-12 11:15:00,36.94,37.16,36.93,37.16,59328
2011-08-12 11:30:00,37.16,37.28,37.13,37.25,44055
2011-08-12 11:45:00,37.24,37.385,37.19,37.37,35807
2011-08-12 12:00:00,37.39,37.46,37.35,37.42,38574
2011-08-12 12:15:00,37.41,37.53,37.4,37.47,47195
2011-08-12 12:30:00,37.48,37.6,37.47,37.53,44222
2011-08-12 12:45:00,37.53,37.55,37.44,37.47,44475
2011-08-12 13:00:00,37.48,37.485,37.34,37.44,37233
2011-08-12 13:15:00,37.45,37.57,37.45,37.47,49978
2011-08-12 13:30:00,37.48,37.62,37.48,37.61,54964
2011-08-12 13:45:00,37.61,37.73,37.58,37.7117,44966
2011-08-12 14:00:00,37.72,37.76,37.56,37.59,55980
2011-08-12 14:15:00,37.59,37.76,37.59,37.69,64978
2011-08-12 14:30:00,37.7,37.735,37.48,37.58,74606
2011-08-12 14:45:00,37.58,37.61,37.39,37.5,61543
2011-08-12 15:00:00,37.49,37.565,37.44,37.555,54375
2011-08-12 15:15:00,37.56,37.68,37.55,37.585,75085
2011-08-12 15:30:00,37.582,37.66,37.57,37.59,73605
2011-08-12 15:45:00,37.59,37.61,37.42,37.54,149692
2011-08-12 16:00:00,37.54,37.57,37.44,37.46,267006
2011-08-15 09:45:00,37.72,37.83,37.39,37.59,33896
2011-08-15 10:00:00,37.58,37.65,37.37,37.48,22409
2011-08-15 10:15:00,37.5,37.74,37.47,37.71,87825
2011-08-15 10:30:00,37.71,37.88,37.63,37.85,54198
2011-08-15 10:45:00,37.85,37.85,37.64,37.66,60118
2011-08-15 11:00:00,37.65,37.75,37.61,37.63,45002
2011-08-15 11:15:00,37.625,37.64,37.41,37.42,40488
2011-08-15 11:30:00,37.44,37.52,37.34,37.51,40825
2011-08-15 11:45:00,37.52,37.59,37.47,37.585,52222
2011-08-15 12:00:00,37.59,37.6,37.47,37.47,36187
2011-08-15 12:15:00,37.47,37.62,37.47,37.6,37396
2011-08-15 12:30:00,37.61,37.65,37.58,37.65,24119
2011-08-15 12:45:00,37.65,37.67,37.55,37.64,41405
2011-08-15 13:00:00,37.64,37.6793,37.59,37.67,24903
2011-08-15 13:15:00,37.6699,37.7,37.57,37.63,36186
2011-08-15 13:30:00,37.6282,37.71,37.6279,37.7,35661
2011-08-15 13:45:00,37.69,37.83,37.68,37.83,42208
2011-08-15 14:00:00,37.83,37.88,37.7795,37.87,31608
2011-08-15 14:15:00,37.87,37.9,37.84,37.88,50070
2011-08-15 14:30:00,37.88,37.96,37.87,37.95,40975
2011-08-15 14:45:00,37.945,38.01,37.8,37.8,53243
2011-08-15 15:00:00,37.8,37.88,37.7999,37.815,36952
2011-08-15 15:15:00,37.81,37.87,37.77,37.87,86478
2011-08-15 15:30:00,37.87,37.99,37.835,37.85,80182
2011-08-15 15:45:00,37.86,38.0,37.84,37.88,194015
2011-08-15 16:00:00,37.88,37.91,37.805,37.89,357998
2011-08-16 09:45:00,37.29,37.72,37.29,37.69,119978
2011-08-16 10:00:00,37.69,37.69,37.4,37.49,81318
2011-08-16 10:15:00,37.48,37.61,37.41,37.41,90576
2011-08-16 10:30:00,37.41,37.96,37.4,37.96,79733
2011-08-16 10:45:00,37.96,37.97,37.73,37.73,43432
2011-08-16 11:00:00,37.74,37.99,37.71,37.99,48672
2011-08-16 11:15:00,37.995,37.995,37.775,37.82,96162
2011-08-16 11:30:00,37.81,37.88,37.72,37.87,39176
2011-08-16 11:45:00,37.87,38.05,37.835,38.05,47194
2011-08-16 12:00:00,38.06,38.09,37.97,37.99,43425
2011-08-16 12:15:00,37.99,38.16,37.88,38.0,68728
2011-08-16 12:30:00,38.01,38.05,37.72,37.77,72200
2011-08-16 12:45:00,37.76,37.81,37.65,37.76,58181
2011-08-16 13:00:00,37.78,37.79,37.59,37.6,79643
2011-08-16 13:15:00,37.6,37.61,37.3,37.3,161158
2011-08-16 13:30:00,37.32,37.34,37.24,37.28,126042
2011-08-16 13:45:00,37.27,37.295,37.25,37.26,116734
2011-08-16 14:00:00,37.27,37.4589,37.24,37.43,74401
2011-08-16 14:15:00,37.42,37.59,37.405,37.565,56287
2011-08-16 14:30:00,37.575,37.58,37.45,37.51,30032
2011-08-16 14:45:00,37.49,37.54,37.415,37.48,43132
2011-08-16 15:00:00,37.49,37.5,37.35,37.38,61170
2011-08-16 15:15:00,37.38,37.51,37.38,37.4324,62957
2011-08-16 15:30:00,37.435,37.66,37.43,37.61,174572
2011-08-16 15:45:00,37.61,37.7,37.59,37.62,132846
2011-08-16 16:00:00,37.62,37.65,37.46,37.51,343924
2011-08-17 09:45:00,37.84,37.93,37.54,37.9,114842
2011-08-17 10:00:00,37.9,38.07,37.88,37.99,85895
2011-08-17 10:15:00,37.99,38.005,37.94,37.99,121664
2011-08-17 10:30:00,37.99,38.0,37.93,37.97,105481
2011-08-17 10:45:00,37.96,37.98,37.82,37.92,56130
2011-08-17 11:00:00,37.92,37.94,37.71,37.71,64628
2011-08-17 11:15:00,37.72,37.85,37.63,37.85,95358
2011-08-17 11:30:00,37.86,37.885,37.7,37.7215,67834
2011-08-17 11:45:00,37.74,37.78,37.64,37.72,71416
2011-08-17 12:00:00,37.73,37.78,37.62,37.65,80931
2011-08-17 12:15:00,37.65,37.66,37.44,37.46,71192
2011-08-17 12:30:00,37.4795,37.66,37.4795,37.655,43500
2011-08-17 12:45:00,37.66,37.749,37.655,37.725,98194
2011-08-17 13:00:00,37.729,37.7801,37.6,37.625,59687
2011-08-17 13:15:00,37.62,37.72,37.57,37.689,58375
2011-08-17 13:30:00,37.68,37.72,37.57,37.67,66223
2011-08-17 13:45:00,37.67,37.68,37.48,37.48,54482
2011-08-17 14:00:00,37.48,37.63,37.48,37.53,46683
2011-08-17 14:15:00,37.53,37.58,37.45,37.51,109438
2011-08-17 14:30:00,37.51,37.58,37.41,37.43,38964
2011-08-17 14:45:00,37.43,37.46,37.3,37.39,47483
2011-08-17 15:00:00,37.39,37.46,37.34,37.45,43542
2011-08-17 15:15:00,37.45,37.51,37.41,37.47,45127
2011-08-17 15:30:00,37.48,37.55,37.44,37.53,64285
2011-08-17 15:45:00,37.53,37.54,37.44,37.46,90408
2011-08-17 16:00:00,37.46,37.54,37.46,37.51,134870
2011-08-18 09:45:00,36.49,36.8694,36.22,36.4,116293
2011-08-18 10:00:00,36.39,36.45,36.27,36.44,27400
2011-08-18 10:15:00,36.37,36.39,35.93,36.05,100934
2011-08-18 10:30:00,36.05,36.26,35.99,36.24,79126
2011-08-18 10:45:00,36.24,36.24,35.74,35.85,74450
2011-08-18 11:00:00,35.86,36.1,35.79,36.1,76237
2011-08-18 11:15:00,36.1,36.13,35.91,36.04,50756
2011-08-18 11:30:00,36.02,36.06,35.925,36.05,46690
2011-08-18 11:45:00,36.05,36.2,36.03,36.09,92964
2011-08-18 12:00:00,36.09,36.31,36.09,36.31,38576
2011-08-18 12:15:00,36.31,36.315,36.09,36.21,43657
2011-08-18 12:30:00,36.22,36.35,36.21,36.23,47223
2011-08-18 12:45:00,36.23,36.25,36.13,36.19,28322
2011-08-18 13:00:00,36.19,36.19,36.085,36.14,29922
2011-08-18 13:15:00,36.14,36.18,35.84,35.855,86841
2011-08-18 13:30:00,35.86,35.92,35.8,35.9,59193
2011-08-18 13:45:00,35.9,35.94,35.63,35.81,84224
2011-08-18 14:00:00,35.81,35.94,35.78,35.845,40762
2011-08-18 14:15:00,35.845,36.0299,35.79,35.815,68538
2011-08-18 14:30:00,35.82,36.01,35.81,35.91,58834
2011-08-18 14:45:00,35.92,35.94,35.82,35.84,59605
2011-08-18 15:00:00,35.848,35.86,35.64,35.64,54202
2011-08-18 15:15:00,35.64,35.66,35.51,35.55,116503
2011-08-18 15:30:00,35.55,35.66,35.4,35.65,97456
2011-08-18 15:45:00,35.66,35.68,35.42,35.44,114795
2011-08-18 16:00:00,35.4199,35.78,35.4,35.68,197354
2011-08-19 09:45:00,35.35,36.29,35.18,36.22,200709
2011-08-19 10:00:00,36.17,36.53,36.13,36.53,126687
2011-08-19 10:15:00,36.53,36.98,36.53,36.95,136062
2011-08-19 10:30:00,36.95,37.27,36.89,37.18,152886
2011-08-19 10:45:00,37.18,37.2,36.92,37.02,98251
2011-08-19 11:00:00,37.01,37.02,36.86,36.93,42427
2011-08-19 11:15:00,36.929,37.05,36.55,36.55,113936
2011-08-19 11:30:00,36.5501,36.6298,36.47,36.61,56436
2011-08-19 11:45:00,36.61,36.81,36.6,36.8,76162
2011-08-19 12:00:00,36.78,36.84,36.66,36.82,52329
2011-08-19 12:15:00,36.82,36.84,36.59,36.6,57187
2011-08-19 12:30:00,36.6,36.64,36.47,36.64,37469
2011-08-19 12:45:00,36.64,36.78,36.64,36.75,44656
2011-08-19 13:00:00,36.7422,36.83,36.7316,36.75,22512
2011-08-19 13:15:00,36.74,36.77,36.65,36.75,25595
2011-08-19 13:30:00,36.75,36.76,36.65,36.69,14600
2011-08-19 13:45:00,36.69,36.74,36.51,36.51,43262
2011-08-19 14:00:00,36.49,36.66,36.49,36.61,27088
2011-08-19 14:15:00,36.61,36.64,36.41,36.44,49550
2011-08-19 14:30:00,36.44,36.47,36.25,36.34,57948
2011-08-19 14:45:00,36.345,36.54,36.34,36.52,50545
2011-08-19 15:00:00,36.52,36.525,36.29,36.34,61004
2011-08-19 15:15:00,36.34,36.345,36.2,36.22,75096
2011-08-19 15:30:00,36.23,36.47,36.2,36.45,113892
2011-08-19 15:45:00,36.4598,36.52,36.33,36.51,153038
2011-08-19 16:00:00,36.51,36.73,36.3,36.41,405168
2011-08-22 09:45:00,37.16,37.24,36.67,36.95,69543
2011-08-22 10:00:00,36.94,37.0104,36.82,37.0,60245
2011-08-22 10:15:00,37.01,37.024,36.86,36.99,54625
2011-08-22 10:30:00,36.99,37.175,36.86,37.03,66006
2011-08-22 10:45:00,37.03,37.07,36.9,37.02,50530
2011-08-22 11:00:00,37.02,37.1,36.66,36.67,58560
2011-08-22 11:15:00,36.66,36.77,36.66,36.66,56818
2011-08-22 11:30:00,36.67,36.71,36.48,36.61,39317
2011-08-22 11:45:00,36.64,36.66,36.47,36.58,90433
2011-08-22 12:00:00,36.58,36.65,36.51,36.5707,63611
2011-08-22 12:15:00,36.571999999999996,36.77,36.57,36.75,23774
2011-08-22 12:30:00,36.74,36.83,36.644,36.71,46792
2011-08-22 12:45:00,36.71,36.85,36.63,36.81,69558
2011-08-22 13:00:00,36.81,37.11,36.81,37.1,43476
2011-08-22 13:15:00,37.05,37.11,37.01,37.08,23940
2011-08-22 13:30:00,37.08,37.09,36.96,36.98,46748
2011-08-22 13:45:00,36.98,37.01,36.79,36.82,24391
2011-08-22 14:00:00,36.8,36.91,36.72,36.88,38561
2011-08-22 14:15:00,36.87,36.99,36.82,36.915,41231
2011-08-22 14:30:00,36.93,37.01,36.82,36.89,53846
2011-08-22 14:45:00,36.89,36.89,36.75,36.81,33036
2011-08-22 15:00:00,36.81,36.85,36.67,36.67,33788
2011-08-22 15:15:00,36.68,36.86,36.67,36.81,44106
2011-08-22 15:30:00,36.82,36.93,36.81,36.82,68814
2011-08-22 15:45:00,36.82,36.88,36.77,36.88,63007
2011-08-22 16:00:00,36.9,36.91,36.6,36.7,112995
2011-08-23 09:45:00,36.8,37.02,36.33,36.47,67120
2011-08-23 10:00:00,36.46,36.685,36.4,36.54,89321
2011-08-23 10:15:00,36.54,37.0,36.48,36.94,97656
2011-08-23 10:30:00,36.95,36.96,36.73,36.78,122014
2011-08-23 10:45:00,36.78,37.08,36.76,37.02,67923
2011-08-23 11:00:00,37.01,37.1,36.9,36.92,81016
2011-08-23 11:15:00,36.93,37.06,36.87,36.97,64273
2011-08-23 11:30:00,36.98,37.06,36.92,37.03,54942
2011-08-23 11:45:00,37.04,37.18,36.97,37.18,81090
2011-08-23 12:00:00,37.17,37.28,37.16,37.24,114166
2011-08-23 12:15:00,37.25,37.28,37.15,37.21,27992
2011-08-23 12:30:00,37.22,37.29,37.17,37.285,36850
2011-08-23 12:45:00,37.28,37.36,37.25,37.31,50976
2011-08-23 13:00:00,37.31,37.39,37.26,37.36,29836
2011-08-23 13:15:00,37.37,37.43,37.27,37.33,58506
2011-08-23 13:30:00,37.35,37.4,37.18,37.22,46168
2011-08-23 13:45:00,37.21,37.26,37.19,37.22,22871
2011-08-23 14:00:00,37.23,37.32,37.01,37.16,85057
2011-08-23 14:15:00,37.16,37.23,37.04,37.05,41173
2011-08-23 14:30:00,37.06,37.26,37.05,37.2,53858
2011-08-23 14:45:00,37.19,37.31,37.18,37.28,54635
2011-08-23 15:00:00,37.29,37.47,37.28,37.46,56221
2011-08-23 15:15:00,37.47,37.55,37.455,37.47,153685
2011-08-23 15:30:00,37.47,37.52,37.4,37.435,91334
2011-08-23 15:45:00,37.43,37.68,37.43,37.65,115997
2011-08-23 16:00:00,37.65,37.69,37.5,37.595,197417
2011-08-24 09:45:00,37.46,37.55,37.34,37.49,41765
2011-08-24 10:00:00,37.5099,38.12,37.49,38.12,50704
2011-08-24 10:15:00,38.09,38.12,37.93,37.93,84233
2011-08-24 10:30:00,37.93,38.01,37.86,37.91,37025
2011-08-24 10:45:00,37.93,38.01,37.73,37.93,56415
2011-08-24 11:00:00,37.93,37.93,37.71,37.72,32412
2011-08-24 11:15:00,37.71,37.72,37.58,37.71,49379
2011-08-24 11:30:00,37.72,37.86,37.6,37.76,28232
2011-08-24 11:45:00,37.76,37.9,37.68,37.74,33849
2011-08-24 12:00:00,37.75,37.85,37.64,37.77,30104
2011-08-24 12:15:00,37.76,37.76,37.64,37.73,17244
2011-08-24 12:30:00,37.72,37.79,37.66,37.77,17878
2011-08-24 12:45:00,37.78,37.8,37.74,37.8,18891
2011-08-24 13:00:00,37.79,37.94,37.71,37.93,40525
2011-08-24 13:15:00,37.92,37.99,37.87,37.94,41060
2011-08-24 13:30:00,37.94,38.02,37.91,37.96,53410
2011-08-24 13:45:00,37.97,37.97,37.87,37.89,26090
2011-08-24 14:00:00,37.89,37.91,37.81,37.91,40726
2011-08-24 14:15:00,37.91,37.93,37.84,37.91,49623
2011-08-24 14:30:00,37.9,37.9,37.76,37.8027,25976
2011-08-24 14:45:00,37.8,37.94,37.79,37.94,35677
2011-08-24 15:00:00,37.94,37.97,37.9,37.96,39120
2011-08-24 15:15:00,37.96,38.0,37.9199,38.0,71879
2011-08-24 15:30:00,38.0,38.05,37.985,38.01,80501
2011-08-24 15:45:00,38.015,38.19,38.015,38.185,105453
2011-08-24 16:00:00,38.19,38.2,37.96,37.995,288450
2011-08-25 09:45:00,38.26,38.38,37.8,38.0,28547
2011-08-25 10:00:00,38.01,38.07,37.83,37.98,27942
2011-08-25 10:15:00,37.97,37.99,37.66,37.82,55413
2011-08-25 10:30:00,37.82,37.83,37.55,37.66,36770
2011-08-25 10:45:00,37.63,37.7,37.4,37.4,30003
2011-08-25 11:00:00,37.4,37.4,37.19,37.3,78469
2011-08-25 11:15:00,37.3,37.44,37.29,37.31,135262
2011-08-25 11:30:00,37.32,37.44,37.32,37.35,66132
2011-08-25 11:45:00,37.35,37.45,37.27,37.3,54709
2011-08-25 12:00:00,37.29,37.4,37.24,37.35,73314
2011-08-25 12:15:00,37.36,37.37,37.23,37.26,26913
2011-08-25 12:30:00,37.24,37.27,37.14,37.26,34092
2011-08-25 12:45:00,37.25,37.25,37.15,37.19,57031
2011-08-25 13:00:00,37.19,37.213,37.12,37.213,34437
2011-08-25 13:15:00,37.22,37.26,37.18,37.22,69944
2011-08-25 13:30:00,37.23,37.37,37.18,37.35,44114
2011-08-25 13:45:00,37.35,37.44,37.3,37.41,42010
2011-08-25 14:00:00,37.43,37.52,37.33,37.49,29927
2011-08-25 14:15:00,37.5,37.52,37.42,37.45,30700
2011-08-25 14:30:00,37.45,37.54,37.39,37.45,39232
2011-08-25 14:45:00,37.45,37.57,37.44,37.52,39164
2011-08-25 15:00:00,37.53,37.6,37.36,37.36,55091
2011-08-25 15:15:00,37.35,37.4,37.28,37.3588,32867
2011-08-25 15:30:00,37.34,37.45,37.33,37.35,81772
2011-08-25 15:45:00,37.34,37.37,37.1,37.11,60160
2011-08-25 16:00:00,37.13,37.215,37.05,37.05,159514
2011-08-26 09:45:00,36.94,37.07,36.5,36.5,32614
2011-08-26 10:00:00,36.5,36.76,36.35,36.7,54690
2011-08-26 10:15:00,36.705,36.73,35.97,35.99,168523
2011-08-26 10:30:00,35.98,36.6,35.95,36.41,134076
2011-08-26 10:45:00,36.42,36.475,36.31,36.475,100124
2011-08-26 11:00:00,36.47,36.71,36.23,36.27,147736
2011-08-26 11:15:00,36.27,36.87,36.26,36.82,80449
2011-08-26 11:30:00,36.82,36.92,36.62,36.625,72409
2011-08-26 11:45:00,36.625,36.73,36.51,36.5175,71071
2011-08-26 12:00:00,36.52,36.7,36.485,36.64,47736
2011-08-26 12:15:00,36.64,37.03,36.64,36.945,41483
2011-08-26 12:30:00,36.96,37.15,36.92,37.15,31315
2011-08-26 12:45:00,37.16,37.16,36.97,36.97,46567
2011-08-26 13:00:00,36.96,37.03,36.88,36.97,64504
2011-08-26 13:15:00,36.97,37.09,36.9301,37.0,51117
2011-08-26 13:30:00,37.01,37.12,36.9875,37.11,26833
2011-08-26 13:45:00,37.11,37.13,36.99,37.025,51237
2011-08-26 14:00:00,37.025,37.13,36.97,37.1,44279
2011-08-26 14:15:00,37.11,37.12,36.95,36.99,50879
2011-08-26 14:30:00,37.0,37.1,36.93,36.98,53321
2011-08-26 14:45:00,36.99,37.05,36.91,36.96,53868
2011-08-26 15:00:00,36.96,37.07,36.9575,37.03,45679
2011-08-26 15:15:00,37.03,37.03,36.81,36.85,68002
2011-08-26 15:30:00,36.84,36.84,36.725,36.75,62967
2011-08-26 15:45:00,36.75,36.93,36.72,36.93,93526
2011-08-26 16:00:00,36.94,36.94,36.74,36.81,260073
2011-08-29 09:45:00,37.19,37.82,37.0,37.3,269187
2011-08-29 10:00:00,37.27,37.32,37.17,37.28,98039
2011-08-29 10:15:00,37.28,37.3,37.17,37.268,68447
2011-08-29 10:30:00,37.25,37.26,37.2,37.24,74083
2011-08-29 10:45:00,37.24,37.26,37.2152,37.24,68040
2011-08-29 11:00:00,37.25,37.28,37.21,37.24,51800
2011-08-29 11:15:00,37.24,37.275,37.2,37.265,59311
2011-08-29 11:30:00,37.28,37.39,37.275,37.37,35179
2011-08-29 11:45:00,37.37,37.42,37.33,37.36,47148
2011-08-29 12:00:00,37.36,37.42,37.33,37.35,34402
2011-08-29 12:15:00,37.35,37.54,37.34,37.515,39345
2011-08-29 12:30:00,37.52,37.58,37.5,37.55,45335
2011-08-29 12:45:00,37.55,37.719,37.49,37.718,33533
2011-08-29 13:00:00,37.71,37.77,37.67,37.75,46376
2011-08-29 13:15:00,37.75,37.77,37.74,37.74,48775
2011-08-29 13:30:00,37.74,37.75,37.62,37.635,35322
2011-08-29 13:45:00,37.63,37.7,37.61,37.69,50030
2011-08-29 14:00:00,37.68,37.74,37.665,37.68,31643
2011-08-29 14:15:00,37.69,37.8,37.677,37.79,33452
2011-08-29 14:30:00,37.79,37.83,37.67,37.685,37127
2011-08-29 14:45:00,37.69,37.7,37.645,37.645,77700
2011-08-29 15:00:00,37.64,37.65,37.59,37.62,57295
2011-08-29 15:15:00,37.62,37.71,37.62,37.69,58564
2011-08-29 15:30:00,37.7,37.86,37.7,37.85,80385
2011-08-29 15:45:00,37.85,37.9,37.72,37.74,183101
2011-08-29 16:00:00,37.75,37.77,37.59,37.67,396727
2011-08-30 09:45:00,37.58,37.81,37.5,37.55,54617
2011-08-30 10:00:00,37.56,37.77,37.55,37.74,71746
2011-08-30 10:15:00,37.74,37.74,37.51,37.71,53661
2011-08-30 10:30:00,37.71,37.78,37.58,37.78,38970
2011-08-30 10:45:00,37.78,37.91,37.745,37.84,48400
2011-08-30 11:00:00,37.85,37.95,37.84,37.92,25214
2011-08-30 11:15:00,37.93,38.01,37.92,37.99,73404
2011-08-30 11:30:00,37.99,38.04,37.91,37.97,61613
2011-08-30 11:45:00,37.97,38.3,37.96,38.291,25870
2011-08-30 12:00:00,38.29,38.34,38.24,38.29,55173
2011-08-30 12:15:00,38.3,38.33,38.13,38.175,34968
2011-08-30 12:30:00,38.16,38.1725,38.05,38.05,29255
2011-08-30 12:45:00,38.06,38.06,37.835,37.84,63647
2011-08-30 13:00:00,37.85,37.876,37.76,37.81,33521
2011-08-30 13:15:00,37.82,37.89,37.74,37.88,19583
2011-08-30 13:30:00,37.87,37.96,37.84,37.93,23390
2011-08-30 13:45:00,37.94,37.97,37.85,37.96,28132
2011-08-30 14:00:00,37.96,38.03,37.93,37.99,57963
2011-08-30 14:15:00,38.0,38.17,37.89,38.165,101064
2011-08-30 14:30:00,38.17,38.19,38.1,38.19,63422
2011-08-30 14:45:00,38.2,38.21,38.14,38.16,41867
2011-08-30 15:00:00,38.16,38.23,38.119,38.2,53968
2011-08-30 15:15:00,38.2,38.24,38.13,38.15,48642
2011-08-30 15:30:00,38.15,38.17,38.0894,38.11,73238
2011-08-30 15:45:00,38.1,38.3,38.09,38.29,77495
2011-08-30 16:00:00,38.29,38.3,38.07,38.08,216409
2011-08-31 09:45:00,38.24,38.48,38.09,38.4,51294
2011-08-31 10:00:00,38.43,38.76,38.42,38.63,93954
2011-08-31 10:15:00,38.64,38.77,38.52,38.77,68009
2011-08-31 10:30:00,38.76,38.87,38.755,38.84,124691
2011-08-31 10:45:00,38.83,38.92,38.78,38.8425,88783
2011-08-31 11:00:00,38.84,38.91,38.59,38.6899,67861
2011-08-31 11:15:00,38.69,38.74,38.58,38.72,57257
2011-08-31 11:30:00,38.71,38.77,38.55,38.69,76824
2011-08-31 11:45:00,38.69,38.78,38.64,38.69,57862
2011-08-31 12:00:00,38.67,38.68,38.52,38.53,47739
2011-08-31 12:15:00,38.53,38.74,38.53,38.7,60843
2011-08-31 12:30:00,38.71,38.8,38.67,38.67,30833
2011-08-31 12:45:00,38.67,38.82,38.61,38.61,48717
2011-08-31 13:00:00,38.61,38.71,38.53,38.71,55935
2011-08-31 13:15:00,38.73,38.77,38.69,38.76,22487
2011-08-31 13:30:00,38.76,38.76,38.57,38.65,77669
2011-08-31 13:45:00,38.65,38.75,38.64,38.67,36755
2011-08-31 14:00:00,38.68,38.68,38.53,38.53,52069
2011-08-31 14:15:00,38.55,38.6299,38.51,38.51,62296
2011-08-31 14:30:00,38.5,38.61,38.48,38.58,43420
2011-08-31 14:45:00,38.57,38.58,38.37,38.38,105807
2011-08-31 15:00:00,38.37,38.5,38.33,38.41,145666
2011-08-31 15:15:00,38.4,38.64,38.35,38.4,88640
2011-08-31 15:30:00,38.38,38.56,38.28,38.56,163177
2011-08-31 15:45:00,38.56,38.74,38.52,38.74,118360
2011-08-31 16:00:00,38.73,38.88,38.63,38.735,336299
2011-09-01 09:45:00,38.91,38.91,38.57,38.64,34445
2011-09-01 10:00:00,38.62,38.64,38.45,38.58,27143
2011-09-01 10:15:00,38.57,39.03,38.56,38.58,99047
2011-09-01 10:30:00,38.57,38.78,38.55,38.73,32572
2011-09-01 10:45:00,38.71,38.73,38.48,38.71,35506
2011-09-01 11:00:00,38.7,38.7,38.45,38.49,34284
2011-09-01 11:15:00,38.5,38.52,38.35,38.36,43219
2011-09-01 11:30:00,38.37,38.48,38.34,38.47,45851
2011-09-01 11:45:00,38.47,38.52,38.348,38.36,32977
2011-09-01 12:00:00,38.37,38.47,38.3675,38.43,77548
2011-09-01 12:15:00,38.44,38.44,38.28,38.29,20700
2011-09-01 12:30:00,38.29,38.35,38.23,38.35,20412
2011-09-01 12:45:00,38.35,38.36,38.28,38.28,18871
2011-09-01 13:00:00,38.3,38.32,38.14,38.14,25728
2011-09-01 13:15:00,38.15,38.16,38.01,38.05,37303
2011-09-01 13:30:00,38.05,38.13,38.02,38.12,43965
2011-09-01 13:45:00,38.1,38.1,37.83,37.91,50338
2011-09-01 14:00:00,37.92,37.945,37.805,37.84,43401
2011-09-01 14:15:00,37.83,37.88,37.75,37.87,39180
2011-09-01 14:30:00,37.88,37.9,37.79,37.81,32778
2011-09-01 14:45:00,37.81,38.0,37.81,37.9,51464
2011-09-01 15:00:00,37.91,37.91,37.8,37.87,54270
2011-09-01 15:15:00,37.86,37.91,37.81,37.88,79394
2011-09-01 15:30:00,37.87,37.92,37.81,37.8305,75173
2011-09-01 15:45:00,37.83,37.85,37.68,37.75,118959
2011-09-01 16:00:00,37.76,37.82,37.67,37.7,217171
2011-09-02 09:45:00,37.01,37.25,36.78,36.8,42260
2011-09-02 10:00:00,36.77,36.94,36.76,36.82,30649
2011-09-02 10:15:00,36.84,37.1,36.78,37.0498,35335
2011-09-02 10:30:00,37.02,37.09,37.01,37.02,45113
2011-09-02 10:45:00,37.015,37.02,36.82,36.84,20068
2011-09-02 11:00:00,36.82,37.0,36.8,36.98,25085
2011-09-02 11:15:00,36.98,37.08,36.92,37.06,18467
2011-09-02 11:30:00,37.05,37.11,37.0,37.06,18625
2011-09-02 11:45:00,37.06,37.07,37.0,37.02,14200
2011-09-02 12:00:00,37.02,37.03,36.9699,36.98,18872
2011-09-02 12:15:00,36.97,37.12,36.97,37.12,14243
2011-09-02 12:30:00,37.12,37.12,36.96,36.98,15934
2011-09-02 12:45:00,36.98,36.98,36.93,36.97,13107
2011-09-02 13:00:00,36.97,37.0,36.96,36.96,13471
2011-09-02 13:15:00,36.97,36.99,36.915,36.915,21606
2011-09-02 13:30:00,36.9,36.9,36.81,36.82,23341
2011-09-02 13:45:00,36.84,36.9,36.77,36.77,16039
2011-09-02 14:00:00,36.77,36.84,36.77,36.84,14673
2011-09-02 14:15:00,36.83,36.86,36.64,36.7,48487
2011-09-02 14:30:00,36.7,36.725,36.66,36.69,22000
2011-09-02 14:45:00,36.66,36.66,36.55,36.56,27270
2011-09-02 15:00:00,36.56,36.56,36.45,36.45,30788
2011-09-02 15:15:00,36.46,36.52,36.43,36.49,28748
2011-09-02 15:30:00,36.48,36.57,36.46,36.53,49089
2011-09-02 15:45:00,36.54,36.7,36.52,36.63,76090
2011-09-02 16:00:00,36.63,36.64,36.48,36.49,180255
2011-09-06 09:45:00,35.51,35.74,35.07,35.11,115134
2011-09-06 10:00:00,35.11,35.47,35.08,35.435,78327
2011-09-06 10:15:00,35.5,35.69,35.28,35.28,59392
2011-09-06 10:30:00,35.29,35.38,35.11,35.11,75327
2011-09-06 10:45:00,35.09,35.205,35.0,35.08,95280
2011-09-06 11:00:00,35.08,35.17,35.045,35.1145,104548
2011-09-06 11:15:00,35.11,35.22,35.02,35.2,100841
2011-09-06 11:30:00,35.2,35.34,35.18,35.28,57798
2011-09-06 11:45:00,35.29,35.405,35.215,35.25,40705
2011-09-06 12:00:00,35.25,35.395,35.18,35.34,50770
2011-09-06 12:15:00,35.34,35.475,35.31,35.42,45541
2011-09-06 12:30:00,35.42,35.56,35.41,35.44,32480
2011-09-06 12:45:00,35.44,35.5,35.38,35.47,42780
2011-09-06 13:00:00,35.4783,35.5,35.34,35.4,32940
2011-09-06 13:15:00,35.42,35.52,35.375,35.44,38484
2011-09-06 13:30:00,35.44,35.47,35.37,35.37,34586
2011-09-06 13:45:00,35.37,35.57,35.33,35.56,47638
2011-09-06 14:00:00,35.57,35.64,35.55,35.57,32985
2011-09-06 14:15:00,35.56,35.72,35.52,35.7,46874
2011-09-06 14:30:00,35.71,35.78,35.7,35.74,37020
2011-09-06 14:45:00,35.74,35.74,35.64,35.68,67687
2011-09-06 15:00:00,35.69,35.69,35.45,35.45,46466
2011-09-06 15:15:00,35.45,35.455,35.27,35.27,84704
2011-09-06 15:30:00,35.28,35.36,35.245,35.27,128884
2011-09-06 15:45:00,35.27,35.37,35.22,35.345,168656
2011-09-06 16:00:00,35.35,35.55,35.285,35.48,340210
2011-09-07 09:45:00,36.01,36.3,35.88,36.19,37047
2011-09-07 10:00:00,36.19,36.19,35.99,36.11,35605
2011-09-07 10:15:00,36.11,36.26,36.1,36.21,29988
2011-09-07 10:30:00,36.21,36.335,36.14,36.22,49829
2011-09-07 10:45:00,36.2,36.355,36.18,36.28,68473
2011-09-07 11:00:00,36.28,36.285,36.14,36.225,75070
2011-09-07 11:15:00,36.22,36.22,36.15,36.2,84772
2011-09-07 11:30:00,36.19,36.22,36.14,36.18,44812
2011-09-07 11:45:00,36.19,36.2,36.14,36.155,31671
2011-09-07 12:00:00,36.16,36.2,36.14,36.15,33870
2011-09-07 12:15:00,36.15,36.21,36.11,36.18,88424
2011-09-07 12:30:00,36.18,36.2,36.11,36.16,108431
2011-09-07 12:45:00,36.16,36.34,36.15,36.32,35481
2011-09-07 13:00:00,36.3,36.3424,36.2,36.23,47858
2011-09-07 13:15:00,36.23,36.23,36.14,36.15,58484
2011-09-07 13:30:00,36.15,36.18,36.14,36.15,28910
2011-09-07 13:45:00,36.15,36.17,36.12,36.15,30730
2011-09-07 14:00:00,36.15,36.17,36.14,36.15,43738
2011-09-07 14:15:00,36.15,36.16,36.13,36.15,54454
2011-09-07 14:30:00,36.14,36.16,36.11,36.15,80611
2011-09-07 14:45:00,36.15,36.16,36.115,36.15,68436
2011-09-07 15:00:00,36.15,36.16,36.14,36.15,96625
2011-09-07 15:15:00,36.15,36.19,36.14,36.19,103409
2011-09-07 15:30:00,36.19,36.25,36.17,36.25,63481
2011-09-07 15:45:00,36.24,36.28,36.165,36.26,108015
2011-09-07 16:00:00,36.26,36.34,36.19,36.32,226147
2011-09-08 09:45:00,35.98,36.29,35.98,36.1,28395
2011-09-08 10:00:00,36.1,36.11,35.92,36.0,20008
2011-09-08 10:15:00,36.0,36.18,35.92,36.11,44735
2011-09-08 10:30:00,36.12,36.25,36.05,36.21,36688
2011-09-08 10:45:00,36.2,36.3,36.2,36.27,21125
2011-09-08 11:00:00,36.27,36.43,36.19,36.43,21201
2011-09-08 11:15:00,36.44,36.53,36.41,36.49,59033
2011-09-08 11:30:00,36.48,36.63,36.46,36.51,84904
2011-09-08 11:45:00,36.51,36.575,36.471,36.54,31246
2011-09-08 12:00:00,36.52,36.54,36.2734,36.32,46892
2011-09-08 12:15:00,36.31,36.38,36.25,36.33,25924
2011-09-08 12:30:00,36.32,36.35,36.25,36.26,15407
2011-09-08 12:45:00,36.27,36.3,36.2,36.27,26780
2011-09-08 13:00:00,36.26,36.44,36.19,36.439,21774
2011-09-08 13:15:00,36.42,36.479,36.35,36.37,30299
2011-09-08 13:30:00,36.37,36.47,36.35,36.42,28648
2011-09-08 13:45:00,36.42,36.52,36.25,36.25,113028
2011-09-08 14:00:00,36.26,36.51,36.26,36.51,100462
2011-09-08 14:15:00,36.495,36.495,36.39,36.41,61834
2011-09-08 14:30:00,36.44,36.465,36.24,36.32,51220
2011-09-08 14:45:00,36.31,36.405,36.26,36.3,60125
2011-09-08 15:00:00,36.305,36.325,36.22,36.295,58708
2011-09-08 15:15:00,36.295,36.31,36.17,36.23,81324
2011-09-08 15:30:00,36.22,36.28,36.14,36.28,169341
2011-09-08 15:45:00,36.28,36.46,36.23,36.44,118828
2011-09-08 16:00:00,36.44,36.45,36.35,36.37,284810
2011-09-09 09:45:00,35.89,35.9994,35.57,35.75,37075
2011-09-09 10:00:00,35.71,36.04,35.7,35.99,55770
2011-09-09 10:15:00,35.99,36.09,35.9,36.02,88605
2011-09-09 10:30:00,36.01,36.15,35.98,36.09,53819
2011-09-09 10:45:00,36.11,36.1799,35.95,36.13,39940
2011-09-09 11:00:00,36.13,36.16,35.99,36.01,32850
2011-09-09 11:15:00,35.9975,36.2,35.93,35.95,70104
2011-09-09 11:30:00,35.94,36.03,35.76,35.86,76367
2011-09-09 11:45:00,35.85,35.95,35.74,35.78,64335
2011-09-09 12:00:00,35.78,35.85,35.73,35.77,61246
2011-09-09 12:15:00,35.77,35.84,35.7476,35.8,83222
2011-09-09 12:30:00,35.8,35.97,35.79,35.88,52670
2011-09-09 12:45:00,35.9,35.95,35.78,35.8,42599
2011-09-09 13:00:00,35.8001,36.1,35.8001,36.04,52863
2011-09-09 13:15:00,36.035,36.11,35.91,36.08,47575
2011-09-09 13:30:00,36.07,36.15,35.92,36.015,41703
2011-09-09 13:45:00,36.03,36.09,35.93,36.07,46824
2011-09-09 14:00:00,36.07,36.07,35.94,35.99,49408
2011-09-09 14:15:00,36.0,36.12,35.935,35.99,62951
2011-09-09 14:30:00,35.98,36.05,35.92,35.94,54192
2011-09-09 14:45:00,35.9401,36.12,35.85,36.0878,66602
2011-09-09 15:00:00,36.09,36.13,35.93,36.0,89766
2011-09-09 15:15:00,36.0,36.13,35.95,36.11,99970
2011-09-09 15:30:00,36.11,36.15,35.99,35.99,106772
2011-09-09 15:45:00,35.99,36.29,35.99,36.23,148919
2011-09-09 16:00:00,36.24,36.42,36.22,36.27,356953
2011-09-12 09:45:00,35.73,35.88,35.54,35.62,41684
2011-09-12 10:00:00,35.63,35.95,35.63,35.855,51626
2011-09-12 10:15:00,35.85,36.0,35.77,35.79,69116
2011-09-12 10:30:00,35.76,35.78,35.52,35.52,54057
2011-09-12 10:45:00,35.51,35.61,35.45,35.49,72279
2011-09-12 11:00:00,35.48,35.55,35.39,35.39,76101
2011-09-12 11:15:00,35.39,35.49,35.33,35.49,38068
2011-09-12 11:30:00,35.49,35.75,35.48,35.7204,47762
2011-09-12 11:45:00,35.72,35.805,35.68,35.76,38332
2011-09-12 12:00:00,35.76,35.77,35.5,35.53,26287
2011-09-12 12:15:00,35.53,35.66,35.53,35.6,56082
2011-09-12 12:30:00,35.62,35.72,35.58,35.71,27135
2011-09-12 12:45:00,35.71,35.7198,35.6,35.675,66631
2011-09-12 13:00:00,35.67,35.79,35.65,35.785,41857
2011-09-12 13:15:00,35.78,35.895,35.73,35.8,54430
2011-09-12 13:30:00,35.79,35.79,35.68,35.68,31307
2011-09-12 13:45:00,35.67,35.68,35.52,35.58,64606
2011-09-12 14:00:00,35.58,35.695,35.55,35.67,29189
2011-09-12 14:15:00,35.66,35.665,35.5,35.58,71588
2011-09-12 14:30:00,35.6,35.7,35.52,35.5275,116390
2011-09-12 14:45:00,35.53,35.77,35.48,35.57,385328
2011-09-12 15:00:00,35.58,35.6,35.38,35.38,121702
2011-09-12 15:15:00,35.4,35.45,35.15,35.25,213137
2011-09-12 15:30:00,35.25,35.45,35.13,35.44,348334
2011-09-12 15:45:00,35.44,35.77,35.44,35.7,258966
2011-09-12 16:00:00,35.69,35.85,35.66,35.79,399717
2011-09-13 09:45:00,35.5,35.76,35.3,35.705,199904
2011-09-13 10:00:00,35.66,36.0,35.62,35.97,106196
2011-09-13 10:15:00,35.97,36.01,35.83,35.93,93348
2011-09-13 10:30:00,35.94,35.94,35.78,35.895,118721
2011-09-13 10:45:00,35.89,35.99,35.67,35.7001,92598
2011-09-13 11:00:00,35.7,35.83,35.65,35.7,62981
2011-09-13 11:15:00,35.7,35.76,35.6,35.75,53832
2011-09-13 11:30:00,35.74,35.755,35.63,35.685,54229
2011-09-13 11:45:00,35.69,35.75,35.6,35.71,100457
2011-09-13 12:00:00,35.7018,35.735,35.61,35.67,62550
2011-09-13 12:15:00,35.68,35.79,35.58,35.76,64060
2011-09-13 12:30:00,35.77,35.805,35.69,35.77,39058
2011-09-13 12:45:00,35.7515,35.805,35.72,35.74,45896
2011-09-13 13:00:00,35.75,35.83,35.72,35.72,61114
2011-09-13 13:15:00,35.74,35.76,35.6823,35.73,82262
2011-09-13 13:30:00,35.735,35.9099,35.7,35.885,68761
2011-09-13 13:45:00,35.8883,35.96,35.8,35.96,49359
2011-09-13 14:00:00,35.96,36.115,35.95,36.0,43203
2011-09-13 14:15:00,36.01,36.06,35.98,36.02,37233
2011-09-13 14:30:00,36.02,36.22,36.015,36.22,34212
2011-09-13 14:45:00,36.24,36.25,36.13,36.135,31862
2011-09-13 15:00:00,36.14,36.16,35.9,35.95,126962
2011-09-13 15:15:00,35.96,36.09,35.95,36.02,227022
2011-09-13 15:30:00,36.01,36.13,35.98,36.12,169561
2011-09-13 15:45:00,36.14,36.23,36.13,36.2,90479
2011-09-13 16:00:00,36.2,36.23,36.0,36.03,243067
2011-09-14 09:45:00,36.26,36.54,36.0,36.12,117042
2011-09-14 10:00:00,36.1,36.23,36.05,36.055,70174
2011-09-14 10:15:00,36.06,36.16,36.02,36.06,122761
2011-09-14 10:30:00,36.06,36.06,35.7,35.99,201165
2011-09-14 10:45:00,35.98,36.16,35.9,36.13,163452
2011-09-14 11:00:00,36.12,36.48,36.08,36.47,143219
2011-09-14 11:15:00,36.46,36.56,36.36,36.5001,100767
2011-09-14 11:30:00,36.51,36.595,36.35,36.58,67180
2011-09-14 11:45:00,36.59,36.595,36.43,36.52,70227
2011-09-14 12:00:00,36.51,36.69,36.4301,36.64,117260
2011-09-14 12:15:00,36.65,36.76,36.65,36.71,67946
2011-09-14 12:30:00,36.72,36.89,36.65,36.89,102948
2011-09-14 12:45:00,36.885,37.0082,36.8622,36.93,113546
2011-09-14 13:00:00,36.94,36.95,36.74,36.78,114910
2011-09-14 13:15:00,36.78,36.7884,36.67,36.6972,103336
2011-09-14 13:30:00,36.6726,36.71,36.65,36.67,175877
2011-09-14 13:45:00,36.6612,36.775,36.55,36.75,134528
2011-09-14 14:00:00,36.7586,36.8399,36.6599,36.68,95319
2011-09-14 14:15:00,36.69,36.96,36.69,36.89,60727
2011-09-14 14:30:00,36.88,37.07,36.88,37.01,105926
2011-09-14 14:45:00,37.01,37.02,36.93,36.94,112688
2011-09-14 15:00:00,36.94,37.13,36.92,37.13,91756
2011-09-14 15:15:00,37.13,37.35,37.13,37.33,137029
2011-09-14 15:30:00,37.33,37.4,37.28,37.303000000000004,191380
2011-09-14 15:45:00,37.31,37.42,37.23,37.24,185794
2011-09-14 16:00:00,37.24,37.27,36.98,37.06,440447
2011-09-15 09:45:00,37.22,37.3,36.74,36.83,98848
2011-09-15 10:00:00,36.84,36.9,36.65,36.67,73574
2011-09-15 10:15:00,36.7,36.96,36.65,36.65,66972
2011-09-15 10:30:00,36.65,36.67,36.4,36.4,104019
2011-09-15 10:45:00,36.42,36.42,36.14,36.29,137089
2011-09-15 11:00:00,36.28,36.35,36.08,36.12,73301
2011-09-15 11:15:00,36.13,36.28,36.09,36.17,43126
2011-09-15 11:30:00,36.18,36.29,36.115,36.21,58485
2011-09-15 11:45:00,36.21,36.35,36.205,36.29,61793
2011-09-15 12:00:00,36.3,36.32,36.21,36.275,58150
2011-09-15 12:15:00,36.28,36.4,36.26,36.3075,80111
2011-09-15 12:30:00,36.3195,36.365,36.28,36.32,41967
2011-09-15 12:45:00,36.31,36.33,36.27,36.31,41130
2011-09-15 13:00:00,36.3149,36.34,36.255,36.3,47236
2011-09-15 13:15:00,36.305,36.31,36.2,36.23,57131
2011-09-15 13:30:00,36.24,36.26,36.18,36.19,66623
2011-09-15 13:45:00,36.195,36.25,36.1422,36.2,59848
2011-09-15 14:00:00,36.2,36.21,36.09,36.09,62316
2011-09-15 14:15:00,36.1,36.23,36.09,36.13,77225
2011-09-15 14:30:00,36.13,36.14,36.03,36.085,60535
2011-09-15 14:45:00,36.1,36.13,36.05,36.09,42665
2011-09-15 15:00:00,36.1,36.3,36.09,36.24,47356
2011-09-15 15:15:00,36.24,36.29,36.21,36.27,62330
2011-09-15 15:30:00,36.27,36.304,36.08,36.125,71707
2011-09-15 15:45:00,36.13,36.35,36.105,36.33,122711
2011-09-15 16:00:00,36.34,36.35,36.09,36.15,345320
2011-09-16 09:45:00,36.3,36.67,36.01,36.67,292335
2011-09-16 10:00:00,36.67,36.71,36.18,36.19,129622
2011-09-16 10:15:00,36.21,36.28,36.06,36.25,78950
2011-09-16 10:30:00,36.245,36.245,36.07,36.16,49609
2011-09-16 10:45:00,36.17,36.23,36.08,36.12,72600
2011-09-16 11:00:00,36.13,36.19,36.02,36.19,82502
2011-09-16 11:15:00,36.19,36.25,36.13,36.2,70743
2011-09-16 11:30:00,36.2,36.2,36.05,36.08,56727
2011-09-16 11:45:00,36.07,36.16,36.02,36.14,74324
2011-09-16 12:00:00,36.13,36.2,36.07,36.16,48240
2011-09-16 12:15:00,36.16,36.19,36.13,36.16,55988
2011-09-16 12:30:00,36.17,36.19,36.1,36.16,41424
2011-09-16 12:45:00,36.16,36.2,36.11,36.13,66640
2011-09-16 13:00:00,36.13,36.18,36.08,36.1,51850
2011-09-16 13:15:00,36.09,36.13,36.05,36.08,67472
2011-09-16 13:30:00,36.07,36.09,36.01,36.01,64679
2011-09-16 13:45:00,36.01,36.01,35.82,35.83,71847
2011-09-16 14:00:00,35.83,35.88,35.685,35.81,125739
2011-09-16 14:15:00,35.82,35.94,35.8,35.86,61213
2011-09-16 14:30:00,35.86,35.91,35.78,35.78,59179
2011-09-16 14:45:00,35.78,35.89,35.77,35.81,43098
2011-09-16 15:00:00,35.81,35.82,35.78,35.8,84453
2011-09-16 15:15:00,35.81,35.85,35.79,35.85,73263
2011-09-16 15:30:00,35.84,35.86,35.81,35.81,126076
2011-09-16 15:45:00,35.81,35.85,35.76,35.8,139148
2011-09-16 16:00:00,35.8,36.03,35.8,36.02,619352
2011-09-19 09:45:00,35.57,35.75,35.42,35.49,57125
2011-09-19 10:00:00,35.49,35.53,35.32,35.32,26785
2011-09-19 10:15:00,35.35,35.44,35.33,35.35,38747
2011-09-19 10:30:00,35.34,35.515,35.27,35.5,35112
2011-09-19 10:45:00,35.52,35.59,35.46,35.47,21431
2011-09-19 11:00:00,35.45,35.58,35.43,35.51,43353
2011-09-19 11:15:00,35.49,35.64,35.48,35.57,74807
2011-09-19 11:30:00,35.58,35.73,35.54,35.63,40175
2011-09-19 11:45:00,35.61,35.73,35.57,35.7,44603
2011-09-19 12:00:00,35.71,35.89,35.66,35.68,38773
2011-09-19 12:15:00,35.69,35.72,35.57,35.59,27080
2011-09-19 12:30:00,35.59,35.605,35.46,35.53,45766
2011-09-19 12:45:00,35.53,35.53,35.44,35.52,25814
2011-09-19 13:00:00,35.51,35.54,35.42,35.5,26681
2011-09-19 13:15:00,35.47,35.57,35.43,35.53,50211
2011-09-19 13:30:00,35.51,35.61,35.47,35.56,27577
2011-09-19 13:45:00,35.56,35.61,35.52,35.61,15418
2011-09-19 14:00:00,35.61,35.65,35.59,35.65,20863
2011-09-19 14:15:00,35.64,35.73,35.5801,35.69,27741
2011-09-19 14:30:00,35.68,35.73,35.61,35.62,26060
2011-09-19 14:45:00,35.63,35.8,35.63,35.74,25739
2011-09-19 15:00:00,35.74,35.77,35.6,35.63,31686
2011-09-19 15:15:00,35.63,35.82,35.6,35.77,61911
2011-09-19 15:30:00,35.78,35.96,35.76,35.9,109342
2011-09-19 15:45:00,35.91,36.01,35.91,35.98,86452
2011-09-19 16:00:00,35.98,35.98,35.71,35.73,226537
2011-09-20 09:45:00,35.85,35.92,35.67,35.7,33663
2011-09-20 10:00:00,35.69,35.7,35.5,35.53,23439
2011-09-20 10:15:00,35.54,35.74,35.53,35.66,21413
2011-09-20 10:30:00,35.66,35.81,35.63,35.78,20475
2011-09-20 10:45:00,35.78,35.876999999999995,35.68,35.8601,39114
2011-09-20 11:00:00,35.88,35.97,35.81,35.84,36996
2011-09-20 11:15:00,35.84,35.89,35.79,35.84,51010
2011-09-20 11:30:00,35.84,35.89,35.78,35.87,34797
2011-09-20 11:45:00,35.87,35.96,35.68,35.69,82276
2011-09-20 12:00:00,35.68,35.69,35.57,35.605,50451
2011-09-20 12:15:00,35.6,35.6,35.5,35.57,38734
2011-09-20 12:30:00,35.56,35.59,35.49,35.51,58593
2011-09-20 12:45:00,35.51,35.545,35.46,35.48,39036
2011-09-20 13:00:00,35.49,35.63,35.49,35.6,47979
2011-09-20 13:15:00,35.59,35.63,35.54,35.5501,49718
2011-09-20 13:30:00,35.5513,35.56,35.5,35.53,33011
2011-09-20 13:45:00,35.54,35.54,35.47,35.47,27865
2011-09-20 14:00:00,35.47,35.52,35.45,35.4907,39361
2011-09-20 14:15:00,35.5,35.6,35.49,35.55,137202
2011-09-20 14:30:00,35.5408,35.62,35.54,35.61,67531
2011-09-20 14:45:00,35.61,35.66,35.54,35.57,94531
2011-09-20 15:00:00,35.565,35.625,35.51,35.58,46643
2011-09-20 15:15:00,35.57,35.58,35.47,35.5,79485
2011-09-20 15:30:00,35.48,35.54,35.38,35.43,51513
2011-09-20 15:45:00,35.42,35.51,35.39,35.41,115220
2011-09-20 16:00:00,35.38,35.41,35.29,35.36,219064
2011-09-21 09:45:00,35.29,35.47,35.26,35.27,25736
2011-09-21 10:00:00,35.29,35.54,35.26,35.45,19602
2011-09-21 10:15:00,35.47,35.54,35.37,35.38,36050
2011-09-21 10:30:00,35.39,35.47,35.34,35.435,23334
2011-09-21 10:45:00,35.43,35.49,35.3425,35.49,64604
2011-09-21 11:00:00,35.4814,35.51,35.27,35.29,79968
2011-09-21 11:15:00,35.29,35.43,35.23,35.41,89508
2011-09-21 11:30:00,35.39,35.48,35.31,35.47,28163
2011-09-21 11:45:00,35.466,35.7,35.45,35.64,45832
2011-09-21 12:00:00,35.64,35.68,35.54,35.54,40223
2011-09-21 12:15:00,35.54,35.57,35.51,35.56,29663
2011-09-21 12:30:00,35.55,35.58,35.4372,35.51,64914
2011-09-21 12:45:00,35.5,35.61,35.47,35.53,32060
2011-09-21 13:00:00,35.53,35.53,35.42,35.48,19111
2011-09-21 13:15:00,35.47,35.5,35.43,35.46,40110
2011-09-21 13:30:00,35.48,35.5,35.42,35.47,28775
2011-09-21 13:45:00,35.49,35.5,35.44,35.46,16566
2011-09-21 14:00:00,35.47,35.49,35.45,35.47,11985
2011-09-21 14:15:00,35.46,35.49,35.4,35.49,20339
2011-09-21 14:30:00,35.49,35.62,35.22,35.35,59845
2011-09-21 14:45:00,35.41,35.43,35.0,35.15,80114
2011-09-21 15:00:00,35.13,35.31,35.1,35.22,65721
2011-09-21 15:15:00,35.2,35.371,35.18,35.29,55162
2011-09-21 15:30:00,35.3,35.39,35.21,35.27,84626
2011-09-21 15:45:00,35.28,35.29,34.9,34.98,87369
2011-09-21 16:00:00,34.98,35.045,34.61,34.62,222258
2011-09-22 09:45:00,33.77,34.03,33.6,33.83,99956
2011-09-22 10:00:00,33.83,33.94,33.8,33.84,93117
2011-09-22 10:15:00,33.86,34.17,33.83,34.03,63266
2011-09-22 10:30:00,34.03,34.32,33.9,33.9,58999
2011-09-22 10:45:00,33.9,34.06,33.85,33.99,57826
2011-09-22 11:00:00,34.03,34.07,33.89,33.91,76667
2011-09-22 11:15:00,33.91,34.03,33.8,33.8,135635
2011-09-22 11:30:00,33.8,33.8349,33.67,33.72,78599
2011-09-22 11:45:00,33.728,33.78,33.62,33.665,47851
2011-09-22 12:00:00,33.67,33.68,33.355,33.36,94046
2011-09-22 12:15:00,33.35,33.4,33.21,33.26,48095
2011-09-22 12:30:00,33.27,33.34,33.23,33.28,45968
2011-09-22 12:45:00,33.27,33.35,33.23,33.27,41637
2011-09-22 13:00:00,33.28,33.41,33.275,33.4,40810
2011-09-22 13:15:00,33.41,33.45,33.31,33.4298,41096
2011-09-22 13:30:00,33.41,33.56,33.37,33.475,61430
2011-09-22 13:45:00,33.47,33.65,33.455,33.57,86042
2011-09-22 14:00:00,33.575,33.65,33.45,33.45,65410
2011-09-22 14:15:00,33.44,33.66,33.43,33.64,118885
2011-09-22 14:30:00,33.63,34.18,33.59,34.06,218806
2011-09-22 14:45:00,34.06,34.13,33.83,34.13,115304
2011-09-22 15:00:00,34.12,34.23,34.03,34.03,145612
2011-09-22 15:15:00,34.05,34.14,33.94,34.1,164901
2011-09-22 15:30:00,34.09,34.12,33.9,34.04,265737
2011-09-22 15:45:00,34.03,34.34,34.0,34.16,378261
2011-09-22 16:00:00,34.13,34.38,34.12,34.21,289868
2011-09-23 09:45:00,34.0,34.3,33.99,34.3,60778
2011-09-23 10:00:00,34.31,34.56,34.25,34.43,78597
2011-09-23 10:15:00,34.44,34.475,34.21,34.28,71363
2011-09-23 10:30:00,34.2701,34.34,34.04,34.27,41004
2011-09-23 10:45:00,34.3,34.435,34.22,34.25,40451
2011-09-23 11:00:00,34.26,34.475,34.26,34.4,40566
2011-09-23 11:15:00,34.39,34.45,34.28,34.34,33551
2011-09-23 11:30:00,34.34,34.38,34.24,34.2895,32512
2011-09-23 11:45:00,34.29,34.31,34.16,34.23,34002
2011-09-23 12:00:00,34.24,34.35,34.22,34.34,50181
2011-09-23 12:15:00,34.33,34.47,34.23,34.43,96690
2011-09-23 12:30:00,34.427,34.5,34.28,34.3,33007
2011-09-23 12:45:00,34.31,34.39,34.2,34.23,31202
2011-09-23 13:00:00,34.23,34.41,34.22,34.24,56081
2011-09-23 13:15:00,34.26,34.2886,34.11,34.22,29185
2011-09-23 13:30:00,34.23,34.27,34.14,34.27,47538
2011-09-23 13:45:00,34.27,34.64,34.26,34.63,210766
2011-09-23 14:00:00,34.63,34.66,34.59,34.6,73893
2011-09-23 14:15:00,34.6,34.65,34.41,34.41,39190
2011-09-23 14:30:00,34.43,34.47,34.26,34.27,47622
2011-09-23 14:45:00,34.27,34.35,34.26,34.27,49407
2011-09-23 15:00:00,34.26,34.28,34.17,34.18,43377
2011-09-23 15:15:00,34.19,34.46,34.19,34.44,87670
2011-09-23 15:30:00,34.43,34.46,34.34,34.46,55839
2011-09-23 15:45:00,34.46,34.49,34.36,34.4,90261
2011-09-23 16:00:00,34.4,34.5,34.38,34.45,167737
2011-09-26 09:45:00,34.75,34.94,34.62,34.72,33652
2011-09-26 10:00:00,34.74,34.74,34.5002,34.52,31635
2011-09-26 10:15:00,34.54,34.63,34.41,34.45,54476
2011-09-26 10:30:00,34.45,34.5,34.35,34.495,50861
2011-09-26 10:45:00,34.5,34.52,34.22,34.46,79872
2011-09-26 11:00:00,34.47,34.66,34.45,34.55,91565
2011-09-26 11:15:00,34.54,34.74,34.49,34.73,108921
2011-09-26 11:30:00,34.72,34.86,34.7,34.74,67184
2011-09-26 11:45:00,34.75,34.9,34.66,34.84,50464
2011-09-26 12:00:00,34.85,34.92,34.75,34.86,58207
2011-09-26 12:15:00,34.86,34.87,34.65,34.68,40769
2011-09-26 12:30:00,34.68,34.791,34.65,34.71,79040
2011-09-26 12:45:00,34.71,34.77,34.6,34.62,59565
2011-09-26 13:00:00,34.63,34.79,34.63,34.77,54871
2011-09-26 13:15:00,34.77,34.8,34.61,34.66,54453
2011-09-26 13:30:00,34.6565,34.73,34.62,34.67,54985
2011-09-26 13:45:00,34.67,34.755,34.62,34.7,40648
2011-09-26 14:00:00,34.69,34.82,34.68,34.76,35482
2011-09-26 14:15:00,34.77,34.91,34.73,34.78,79069
2011-09-26 14:30:00,34.79,34.86,34.75,34.795,45804
2011-09-26 14:45:00,34.79,35.01,34.77,35.0,112258
2011-09-26 15:00:00,35.0,35.075,34.93,34.985,94964
2011-09-26 15:15:00,34.98,35.07,34.95,35.04,50447
2011-09-26 15:30:00,35.03,35.05,34.93,34.98,89601
2011-09-26 15:45:00,34.97,35.05,34.9,35.03,126291
2011-09-26 16:00:00,35.03,35.125,35.02,35.06,132656
2011-09-27 09:45:00,35.57,35.65,35.41,35.48,57332
2011-09-27 10:00:00,35.46,35.49,35.36,35.44,62442
2011-09-27 10:15:00,35.41,35.51,35.33,35.38,84187
2011-09-27 10:30:00,35.38,35.47,35.3,35.42,41747
2011-09-27 10:45:00,35.42,35.44,35.35,35.4,39502
2011-09-27 11:00:00,35.39,35.48,35.36,35.45,51854
2011-09-27 11:15:00,35.45,35.49,35.38,35.48,51454
2011-09-27 11:30:00,35.4885,35.52,35.42,35.46,39748
2011-09-27 11:45:00,35.47,35.5,35.45,35.45,32306
2011-09-27 12:00:00,35.45,35.5,35.38,35.49,28952
2011-09-27 12:15:00,35.5,35.59,35.49,35.58,35550
2011-09-27 12:30:00,35.59,35.61,35.5,35.5,36081
2011-09-27 12:45:00,35.5,35.5,35.41,35.44,28448
2011-09-27 13:00:00,35.45,35.55,35.43,35.55,53734
2011-09-27 13:15:00,35.55,35.63,35.47,35.58,94991
2011-09-27 13:30:00,35.58,35.65,35.55,35.61,80224
2011-09-27 13:45:00,35.6,35.67,35.53,35.63,47068
2011-09-27 14:00:00,35.65,35.8,35.65,35.78,33383
2011-09-27 14:15:00,35.77,35.89,35.77,35.82,49896
2011-09-27 14:30:00,35.82,35.84,35.65,35.67,51852
2011-09-27 14:45:00,35.66,35.77,35.66,35.68,72815
2011-09-27 15:00:00,35.69,35.7,35.535,35.54,127459
2011-09-27 15:15:00,35.54,35.54,35.1,35.13,139525
2011-09-27 15:30:00,35.14,35.26,35.1317,35.19,77994
2011-09-27 15:45:00,35.19,35.26,35.02,35.02,120615
2011-09-27 16:00:00,35.01,35.05,34.86,35.03,271261
2011-09-28 09:45:00,35.01,35.22,34.95,35.12,72399
2011-09-28 10:00:00,35.12,35.13,35.0,35.04,142112
2011-09-28 10:15:00,35.04,35.07,34.96,35.02,57942
2011-09-28 10:30:00,35.02,35.02,34.79,34.93,73181
2011-09-28 10:45:00,34.95,34.98,34.75,34.82,80393
2011-09-28 11:00:00,34.81,34.83,34.73,34.79,68197
2011-09-28 11:15:00,34.79,34.86,34.65,34.75,49012
2011-09-28 11:30:00,34.78,34.8,34.65,34.73,29379
2011-09-28 11:45:00,34.73,34.85,34.63,34.8,53688
2011-09-28 12:00:00,34.81,34.85,34.75,34.76,43105
2011-09-28 12:15:00,34.77,34.82,34.7,34.77,37384
2011-09-28 12:30:00,34.78,34.82,34.7,34.795,39946
2011-09-28 12:45:00,34.78,34.79,34.7,34.7,31269
2011-09-28 13:00:00,34.71,34.84,34.71,34.835,31684
2011-09-28 13:15:00,34.84,34.84,34.69,34.7,45317
2011-09-28 13:30:00,34.68,34.75,34.66,34.69,52918
2011-09-28 13:45:00,34.69,34.69,34.54,34.59,31176
2011-09-28 14:00:00,34.6,34.61,34.44,34.45,31239
2011-09-28 14:15:00,34.45,34.48,34.36,34.39,40127
2011-09-28 14:30:00,34.4,34.43,34.34,34.39,29616
2011-09-28 14:45:00,34.38,34.5,34.36,34.5,39714
2011-09-28 15:00:00,34.5,34.51,34.4,34.45,54190
2011-09-28 15:15:00,34.45,34.6,34.41,34.59,57728
2011-09-28 15:30:00,34.58,34.61,34.4,34.43,76211
2011-09-28 15:45:00,34.44,34.44,34.19,34.19,140871
2011-09-28 16:00:00,34.19,34.2,34.01,34.06,229576
2011-09-29 09:45:00,34.13,34.44,33.95,33.99,139557
2011-09-29 10:00:00,34.0,34.0,33.78,33.87,101891
2011-09-29 10:15:00,33.89,33.92,33.71,33.82,108965
2011-09-29 10:30:00,33.83,33.84,33.68,33.73,103293
2011-09-29 10:45:00,33.73,33.84,33.63,33.74,75002
2011-09-29 11:00:00,33.74,33.74,33.545,33.62,125629
2011-09-29 11:15:00,33.62,33.68,33.56,33.56,71912
2011-09-29 11:30:00,33.57,33.7,33.465,33.67,98217
2011-09-29 11:45:00,33.69,33.82,33.62,33.82,31976
2011-09-29 12:00:00,33.84,33.92,33.83,33.8788,43919
2011-09-29 12:15:00,33.88,33.9,33.81,33.85,38396
2011-09-29 12:30:00,33.84,33.98,33.84,33.935,28815
2011-09-29 12:45:00,33.94,33.94,33.76,33.79,30315
2011-09-29 13:00:00,33.78,33.99,33.76,33.89,32768
2011-09-29 13:15:00,33.89,34.0,33.88,33.97,29966
2011-09-29 13:30:00,33.97,34.0,33.84,33.84,43917
2011-09-29 13:45:00,33.85,33.89,33.58,33.61,47036
2011-09-29 14:00:00,33.62,33.75,33.61,33.68,42831
2011-09-29 14:15:00,33.6837,33.705,33.53,33.54,81350
2011-09-29 14:30:00,33.55,33.71,33.54,33.66,49647
2011-09-29 14:45:00,33.66,33.74,33.57,33.58,35246
2011-09-29 15:00:00,33.58,33.74,33.54,33.73,45081
2011-09-29 15:15:00,33.7399,33.76,33.52,33.68,49614
2011-09-29 15:30:00,33.67,33.85,33.64,33.78,46820
2011-09-29 15:45:00,33.79,33.9,33.75,33.87,207626
2011-09-29 16:00:00,33.87,34.04,33.85,34.03,296102
2011-09-30 09:45:00,33.63,33.78,33.1,33.33,86643
2011-09-30 10:00:00,33.34,33.34,32.87,32.93,138628
2011-09-30 10:15:00,32.91,33.38,32.905,33.25,127171
2011-09-30 10:30:00,33.25,33.51,33.25,33.38,87372
2011-09-30 10:45:00,33.38,33.38,33.245,33.25,69833
2011-09-30 11:00:00,33.25,33.36,33.25,33.32,71714
2011-09-30 11:15:00,33.32,33.34,33.25,33.28,60093
2011-09-30 11:30:00,33.29,33.58,33.285,33.56,78388
2011-09-30 11:45:00,33.57,33.78,33.57,33.69,49108
2011-09-30 12:00:00,33.67,33.67,33.46,33.57,21723
2011-09-30 12:15:00,33.57,33.65,33.4,33.45,23235
2011-09-30 12:30:00,33.44,33.45,33.36,33.39,26342
2011-09-30 12:45:00,33.38,33.39,33.18,33.24,38258
2011-09-30 13:00:00,33.24,33.28,33.17,33.17,27367
2011-09-30 13:15:00,33.165,33.165,33.025,33.07,57584
2011-09-30 13:30:00,33.06,33.18,33.05,33.16,48240
2011-09-30 13:45:00,33.16,33.36,33.155,33.355,69954
2011-09-30 14:00:00,33.355,33.38,33.34,33.35,65166
2011-09-30 14:15:00,33.35,33.38,33.12,33.16,51277
2011-09-30 14:30:00,33.15,33.24,32.89,32.9,141875
2011-09-30 14:45:00,32.91,33.03,32.855,32.99,62793
2011-09-30 15:00:00,32.99,32.99,32.83,32.91,133550
2011-09-30 15:15:00,32.92,33.04,32.87,32.93,114589
2011-09-30 15:30:00,32.92,32.945,32.75,32.77,80389
2011-09-30 15:45:00,32.76,32.81,32.565,32.79,212489
2011-09-30 16:00:00,32.79,32.84,32.62,32.63,390849
2011-10-03 09:45:00,32.3,32.473,32.0,32.47,103363
2011-10-03 10:00:00,32.48,32.6,32.423,32.57,101216
2011-10-03 10:15:00,32.57,33.1,32.55,33.09,167772
2011-10-03 10:30:00,33.08,33.08,32.67,32.77,94844
2011-10-03 10:45:00,32.78,32.8,32.53,32.7,57977
2011-10-03 11:00:00,32.7,32.8,32.64,32.75,41788
2011-10-03 11:15:00,32.745,32.86,32.66,32.81,59328
2011-10-03 11:30:00,32.79,32.91,32.72,32.785,103428
2011-10-03 11:45:00,32.76,32.94,32.75,32.87,86730
2011-10-03 12:00:00,32.88,32.95,32.85,32.85,71872
2011-10-03 12:15:00,32.86,32.905,32.705,32.705,47821
2011-10-03 12:30:00,32.7,32.7394,32.65,32.66,34775
2011-10-03 12:45:00,32.66,32.67,32.55,32.59,30208
2011-10-03 13:00:00,32.61,32.68,32.58,32.6525,69072
2011-10-03 13:15:00,32.65,32.66,32.48,32.54,70291
2011-10-03 13:30:00,32.52,32.53,32.41,32.47,74209
2011-10-03 13:45:00,32.48,32.49,32.2413,32.42,46279
2011-10-03 14:00:00,32.43,32.46,32.31,32.42,45446
2011-10-03 14:15:00,32.4105,32.53,32.34,32.45,44771
2011-10-03 14:30:00,32.41,32.43,32.32,32.37,102443
2011-10-03 14:45:00,32.3683,32.45,32.319,32.36,84802
2011-10-03 15:00:00,32.35,32.38,32.23,32.32,108802
2011-10-03 15:15:00,32.32,32.405,32.22,32.25,113060
2011-10-03 15:30:00,32.25,32.31,32.18,32.2001,84349
2011-10-03 15:45:00,32.21,32.34,32.16,32.21,119209
2011-10-03 16:00:00,32.22,32.4,31.97,31.98,243292
2011-10-04 09:45:00,31.57,31.71,31.36,31.59,62976
2011-10-04 10:00:00,31.57,31.78,31.55,31.77,70877
2011-10-04 10:15:00,31.76,32.18,31.61,32.13,104726
2011-10-04 10:30:00,32.12,32.35,32.09,32.25,80254
2011-10-04 10:45:00,32.24,32.41,32.07,32.36,54200
2011-10-04 11:00:00,32.39,32.41,32.1,32.25,64135
2011-10-04 11:15:00,32.24,32.41,32.185,32.41,69461
2011-10-04 11:30:00,32.39,32.4,32.18,32.24,53777
2011-10-04 11:45:00,32.23,32.26,32.07,32.1501,41745
2011-10-04 12:00:00,32.15,32.15,32.02,32.1,119672
2011-10-04 12:15:00,32.13,32.3,32.09,32.22,68937
2011-10-04 12:30:00,32.22,32.23,32.05,32.06,59682
2011-10-04 12:45:00,32.06,32.23,32.06,32.23,34921
2011-10-04 13:00:00,32.24,32.24,31.71,31.75,238236
2011-10-04 13:15:00,31.78,31.93,31.6167,31.81,259033
2011-10-04 13:30:00,31.83,31.95,31.82,31.935,35855
2011-10-04 13:45:00,31.91,32.01,31.8,31.87,67201
2011-10-04 14:00:00,31.87,31.97,31.78,31.79,56213
2011-10-04 14:15:00,31.79,31.88,31.66,31.72,42553
2011-10-04 14:30:00,31.72,31.805,31.65,31.7999,47888
2011-10-04 14:45:00,31.8,31.92,31.72,31.805,74345
2011-10-04 15:00:00,31.78,31.81,31.61,31.66,47661
2011-10-04 15:15:00,31.66,31.76,31.46,31.51,97640
2011-10-04 15:30:00,31.51,31.94,31.46,31.81,164834
2011-10-04 15:45:00,31.81,32.09,31.78,32.05,194532
2011-10-04 16:00:00,32.05,33.0,31.94,32.28,484585
2011-10-05 09:45:00,32.23,32.68,32.17,32.62,265085
2011-10-05 10:00:00,32.63,32.63,32.41,32.46,77517
2011-10-05 10:15:00,32.46,32.82,32.4,32.81,99278
2011-10-05 10:30:00,32.79,33.23,32.785,33.03,174068
2011-10-05 10:45:00,33.03,33.12,32.95,33.005,137209
2011-10-05 11:00:00,33.0,33.14,32.93,33.12,128011
2011-10-05 11:15:00,33.13,33.22,33.1,33.155,97159
2011-10-05 11:30:00,33.14,33.45,33.11,33.385,128740
2011-10-05 11:45:00,33.38,33.5699,33.36,33.5,86164
2011-10-05 12:00:00,33.5,33.56,33.4,33.49,65791
2011-10-05 12:15:00,33.49,33.56,33.38,33.405,52155
2011-10-05 12:30:00,33.41,33.41,33.12,33.13,47349
2011-10-05 12:45:00,33.12,33.2,33.07,33.11,32940
2011-10-05 13:00:00,33.09,33.2,33.04,33.17,48220
2011-10-05 13:15:00,33.16,33.22,33.06,33.09,43569
2011-10-05 13:30:00,33.0831,33.26,33.08,33.24,66827
2011-10-05 13:45:00,33.2398,33.29,33.2,33.22,52874
2011-10-05 14:00:00,33.25,33.37,33.25,33.34,68575
2011-10-05 14:15:00,33.35,33.39,33.32,33.35,69597
2011-10-05 14:30:00,33.35,33.41,33.34,33.37,80345
2011-10-05 14:45:00,33.38,33.39,33.23,33.37,52617
2011-10-05 15:00:00,33.37,33.46,33.32,33.45,139473
2011-10-05 15:15:00,33.45,33.46,33.31,33.42,165060
2011-10-05 15:30:00,33.43,33.46,33.3,33.38,171910
2011-10-05 15:45:00,33.4,33.62,33.39,33.61,241089
2011-10-05 16:00:00,33.62,33.63,33.49,33.54,339052
2011-10-06 09:45:00,33.64,33.66,33.3827,33.53,84122
2011-10-06 10:00:00,33.52,33.58,33.2,33.32,51432
2011-10-06 10:15:00,33.31,33.475,33.19,33.46,67504
2011-10-06 10:30:00,33.46,33.5,33.35,33.42,27814
2011-10-06 10:45:00,33.4,33.61,33.4,33.48,55760
2011-10-06 11:00:00,33.5,33.59,33.400999999999996,33.45,51870
2011-10-06 11:15:00,33.46,33.5,33.3306,33.395,80677
2011-10-06 11:30:00,33.4,33.4,33.21,33.32,52680
2011-10-06 11:45:00,33.33,33.48,33.32,33.44,56602
2011-10-06 12:00:00,33.48,33.54,33.4001,33.54,19485
2011-10-06 12:15:00,33.54,33.5497,33.43,33.48,27656
2011-10-06 12:30:00,33.48,33.48,33.4002,33.45,26825
2011-10-06 12:45:00,33.46,33.5,33.4,33.46,20986
2011-10-06 13:00:00,33.46,33.49,33.42,33.43,25794
2011-10-06 13:15:00,33.43,33.51,33.4,33.49,26692
2011-10-06 13:30:00,33.48,33.48,33.3,33.36,29906
2011-10-06 13:45:00,33.36,33.39,33.28,33.3,33339
2011-10-06 14:00:00,33.29,33.44,33.28,33.31,34765
2011-10-06 14:15:00,33.31,33.47,33.29,33.46,30709
2011-10-06 14:30:00,33.46,33.515,33.42,33.4247,49744
2011-10-06 14:45:00,33.43,33.44,33.3268,33.39,32256
2011-10-06 15:00:00,33.39,33.5,33.37,33.48,32384
2011-10-06 15:15:00,33.48,33.49,33.4,33.4,65298
2011-10-06 15:30:00,33.39,33.4726,33.35,33.41,62356
2011-10-06 15:45:00,33.41,33.56,33.39,33.55,159740
2011-10-06 16:00:00,33.545,33.55,33.44,33.5,204688
2011-10-07 09:45:00,33.5,33.77,33.44,33.545,104450
2011-10-07 10:00:00,33.55,33.74,33.48,33.71,87557
2011-10-07 10:15:00,33.72,33.734,33.53,33.57,83928
2011-10-07 10:30:00,33.61,33.92,33.58,33.84,62105
2011-10-07 10:45:00,33.85,34.0,33.7,33.7,63689
2011-10-07 11:00:00,33.7,33.72,33.53,33.54,49373
2011-10-07 11:15:00,33.54,33.6,33.41,33.44,59333
2011-10-07 11:30:00,33.44,33.605,33.41,33.5,56405
2011-10-07 11:45:00,33.5,33.51,33.33,33.43,67151
2011-10-07 12:00:00,33.44,33.5,33.405,33.49,39585
2011-10-07 12:15:00,33.5,33.601,33.35,33.58,138873
2011-10-07 12:30:00,33.605,33.63,33.39,33.5,83612
2011-10-07 12:45:00,33.47,33.54,33.37,33.42,75086
2011-10-07 13:00:00,33.41,33.53,33.32,33.35,61434
2011-10-07 13:15:00,33.35,33.405,33.31,33.4,54734
2011-10-07 13:30:00,33.4,33.46,33.36,33.43,46108
2011-10-07 13:45:00,33.42,33.44,33.39,33.4,17938
2011-10-07 14:00:00,33.4,33.57,33.395,33.56,29590
2011-10-07 14:15:00,33.56,33.59,33.485,33.485,32903
2011-10-07 14:30:00,33.5,33.53,33.39,33.39,98533
2011-10-07 14:45:00,33.4,33.44,33.26,33.29,124514
2011-10-07 15:00:00,33.28,33.41,33.28,33.4,153370
2011-10-07 15:15:00,33.41,33.43,33.23,33.29,249032
2011-10-07 15:30:00,33.29,33.59,33.28,33.57,101493
2011-10-07 15:45:00,33.56,33.69,33.47,33.57,145878
2011-10-07 16:00:00,33.57,33.59,33.2,33.25,227422
2011-10-10 09:45:00,33.68,34.04,33.61,33.96,122354
2011-10-10 10:00:00,33.96,34.25,33.9,34.11,74495
2011-10-10 10:15:00,34.09,34.31,34.02,34.29,85295
2011-10-10 10:30:00,34.31,34.45,34.29,34.35,83722
2011-10-10 10:45:00,34.37,34.5,34.35,34.49,32338
2011-10-10 11:00:00,34.49,34.52,34.37,34.46,50690
2011-10-10 11:15:00,34.45,34.5,34.4,34.47,25145
2011-10-10 11:30:00,34.4612,34.47,34.425,34.47,17226
2011-10-10 11:45:00,34.48,34.5,34.41,34.46,20974
2011-10-10 12:00:00,34.46,34.5,34.38,34.49,32302
2011-10-10 12:15:00,34.5,34.5,34.29,34.32,47024
2011-10-10 12:30:00,34.33,34.42,34.285,34.4,19786
2011-10-10 12:45:00,34.4,34.4,34.28,34.33,37356
2011-10-10 13:00:00,34.32,34.35,34.31,34.34,12392
2011-10-10 13:15:00,34.33,34.4,34.31,34.3945,13629
2011-10-10 13:30:00,34.391,34.53,34.38,34.5,35270
2011-10-10 13:45:00,34.5,34.57,34.49,34.56,22780
2011-10-10 14:00:00,34.55,34.64,34.5256,34.62,54030
2011-10-10 14:15:00,34.62,34.65,34.54,34.58,49508
2011-10-10 14:30:00,34.59,34.6,34.55,34.57,31724
2011-10-10 14:45:00,34.58,34.59,34.51,34.51,20629
2011-10-10 15:00:00,34.51,34.5491,34.47,34.5,19780
2011-10-10 15:15:00,34.49,34.5,34.36,34.3782,30986
2011-10-10 15:30:00,34.37,34.42,34.25,34.3,56963
2011-10-10 15:45:00,34.29,34.42,34.25,34.42,78537
2011-10-10 16:00:00,34.42,34.77,34.41,34.74,265391
2011-10-11 09:45:00,34.37,34.4,33.8601,33.95,202472
2011-10-11 10:00:00,33.95,34.45,33.91,34.4,161532
2011-10-11 10:15:00,34.4,34.49,34.29,34.41,99497
2011-10-11 10:30:00,34.41,34.42,34.3,34.37,55583
2011-10-11 10:45:00,34.36,34.49,34.32,34.48,60632
2011-10-11 11:00:00,34.49,34.575,34.49,34.5,51522
2011-10-11 11:15:00,34.52,34.74,34.49,34.71,149050
2011-10-11 11:30:00,34.71,34.72,34.6,34.6,50624
2011-10-11 11:45:00,34.6,34.67,34.5,34.67,130222
2011-10-11 12:00:00,34.675,34.72,34.6,34.66,56407
2011-10-11 12:15:00,34.6871,34.7052,34.63,34.675,57254
2011-10-11 12:30:00,34.6601,34.68,34.59,34.625,21542
2011-10-11 12:45:00,34.62,34.685,34.59,34.67,74018
2011-10-11 13:00:00,34.6712,34.72,34.59,34.65,69319
2011-10-11 13:15:00,34.665,34.685,34.54,34.5529,40357
2011-10-11 13:30:00,34.56,34.72,34.55,34.72,32887
2011-10-11 13:45:00,34.725,34.76,34.69,34.75,42784
2011-10-11 14:00:00,34.76,34.93,34.73,34.91,44279
2011-10-11 14:15:00,34.93,35.05,34.93,35.025,53612
2011-10-11 14:30:00,35.025,35.1,34.99,35.035,59737
2011-10-11 14:45:00,35.04,35.08,34.81,34.83,129601
2011-10-11 15:00:00,34.84,34.97,34.83,34.97,38536
2011-10-11 15:15:00,34.97,35.04,34.97,35.035,96924
2011-10-11 15:30:00,35.035,35.04,34.905,34.905,88597
2011-10-11 15:45:00,34.91,35.04,34.89,34.94,159938
2011-10-11 16:00:00,34.93,34.99,34.82,34.86,157718
2011-10-12 09:45:00,34.99,35.22,34.45,34.63,151056
2011-10-12 10:00:00,34.63,34.68,34.46,34.57,82381
2011-10-12 10:15:00,34.6,34.71,34.49,34.64,49067
2011-10-12 10:30:00,34.65,34.78,34.645,34.675,47824
2011-10-12 10:45:00,34.68,34.76,34.66,34.7,103142
2011-10-12 11:00:00,34.7,34.705,34.49,34.6,126483
2011-10-12 11:15:00,34.6,34.63,34.58,34.6,82331
2011-10-12 11:30:00,34.61,34.65,34.6,34.6482,88255
2011-10-12 11:45:00,34.64,34.72,34.63,34.7,80351
2011-10-12 12:00:00,34.7,34.705,34.595,34.65,86147
2011-10-12 12:15:00,34.64,34.675,34.62,34.67,50261
2011-10-12 12:30:00,34.67,34.75,34.66,34.74,193761
2011-10-12 12:45:00,34.73,34.86,34.73,34.78,100008
2011-10-12 13:00:00,34.78,34.92,34.76,34.91,59761
2011-10-12 13:15:00,34.91,34.92,34.87,34.89,71523
2011-10-12 13:30:00,34.89,34.985,34.88,34.925,45067
2011-10-12 13:45:00,34.93,34.96,34.91,34.94,65268
2011-10-12 14:00:00,34.94,34.94,34.865,34.91,30520
2011-10-12 14:15:00,34.91,34.95,34.87,34.935,64389
2011-10-12 14:30:00,34.94,34.94,34.85,34.9199,50493
2011-10-12 14:45:00,34.915,34.95,34.89,34.89,121908
2011-10-12 15:00:00,34.88,34.92,34.75,34.78,142305
2011-10-12 15:15:00,34.78,34.79,34.6,34.745,159851
2011-10-12 15:30:00,34.74,34.84,34.67,34.81,117778
2011-10-12 15:45:00,34.81,34.95,34.81,34.91,123701
2011-10-12 16:00:00,34.91,34.945,34.79,34.83,218543
2011-10-13 09:45:00,34.67,34.98,34.53,34.63,38972
2011-10-13 10:00:00,34.65,34.98,34.65,34.96,49026
2011-10-13 10:15:00,34.95,35.13,34.92,35.1,48307
2011-10-13 10:30:00,35.07,35.1,34.96,35.065,18565
2011-10-13 10:45:00,35.05,35.11,34.88,34.88,48360
2011-10-13 11:00:00,34.87,34.92,34.8,34.8,27647
2011-10-13 11:15:00,34.78,34.83,34.73,34.77,33026
2011-10-13 11:30:00,34.77,34.78,34.59,34.6788,32539
2011-10-13 11:45:00,34.67,34.77,34.66,34.715,43426
2011-10-13 12:00:00,34.7425,34.85,34.74,34.76,62122
2011-10-13 12:15:00,34.76,34.79,34.685,34.7,21912
2011-10-13 12:30:00,34.7,34.7,34.495,34.495,36498
2011-10-13 12:45:00,34.51,34.53,34.475,34.49,20910
2011-10-13 13:00:00,34.5,34.62,34.5,34.57,18933
2011-10-13 13:15:00,34.57,34.75,34.515,34.73,39514
2011-10-13 13:30:00,34.73,34.785,34.66,34.77,52419
2011-10-13 13:45:00,34.77,34.86,34.7,34.71,100950
2011-10-13 14:00:00,34.73,34.73,34.635,34.64,34251
2011-10-13 14:15:00,34.65,34.66,34.51,34.58,162497
2011-10-13 14:30:00,34.58,34.64,34.54,34.545,27249
2011-10-13 14:45:00,34.56,34.56,34.4733,34.5499,29556
2011-10-13 15:00:00,34.5499,34.68,34.51,34.64,54349
2011-10-13 15:15:00,34.64,34.66,34.59,34.61,88776
2011-10-13 15:30:00,34.61,34.62,34.46,34.46,94132
2011-10-13 15:45:00,34.46,34.48,34.34,34.42,152922
2011-10-13 16:00:00,34.42,34.46,34.27,34.35,352077
2011-10-14 09:45:00,34.43,34.67,33.8,33.885,179221
2011-10-14 10:00:00,33.88,34.13,33.88,33.98,111712
2011-10-14 10:15:00,33.99,34.16,33.97,34.16,113416
2011-10-14 10:30:00,34.15,34.165,33.92,33.96,84433
2011-10-14 10:45:00,33.97,34.02,33.899,33.96,129925
2011-10-14 11:00:00,33.96,34.14,33.93,34.13,87344
2011-10-14 11:15:00,34.13,34.38,34.129,34.29,72751
2011-10-14 11:30:00,34.3,34.33,34.12,34.16,76685
2011-10-14 11:45:00,34.16,34.31,34.16,34.28,39971
2011-10-14 12:00:00,34.28,34.3,34.19,34.2,16601
2011-10-14 12:15:00,34.19,34.2,34.0555,34.06,27725
2011-10-14 12:30:00,34.06,34.06,33.93,33.93,42267
2011-10-14 12:45:00,33.94,34.09,33.935,34.08,22343
2011-10-14 13:00:00,34.08,34.1,34.04,34.08,22914
2011-10-14 13:15:00,34.08,34.12,34.08,34.12,27124
2011-10-14 13:30:00,34.13,34.26,34.13,34.23,19940
2011-10-14 13:45:00,34.24,34.49,34.225,34.49,95552
2011-10-14 14:00:00,34.49,34.65,34.49,34.62,55487
2011-10-14 14:15:00,34.61,34.61,34.52,34.54,32045
2011-10-14 14:30:00,34.55,34.58,34.53,34.5575,24532
2011-10-14 14:45:00,34.55,34.62,34.51,34.58,70437
2011-10-14 15:00:00,34.58,34.63,34.51,34.63,63843
2011-10-14 15:15:00,34.62,34.63,34.53,34.57,54172
2011-10-14 15:30:00,34.56,34.59,34.51,34.58,85484
2011-10-14 15:45:00,34.57,34.68,34.56,34.605,114935
2011-10-14 16:00:00,34.61,34.77,34.53,34.74,197323
2011-10-17 09:45:00,33.55,34.05,32.84,33.95,379716
2011-10-17 10:00:00,33.95,34.73,33.9,34.55,365196
2011-10-17 10:15:00,34.55,34.71,34.16,34.62,254908
2011-10-17 10:30:00,34.6,35.17,34.59,35.01,265328
2011-10-17 10:45:00,35.01,35.26,34.78,34.91,167380
2011-10-17 11:00:00,34.89,34.905,34.58,34.67,117900
2011-10-17 11:15:00,34.67,34.91,34.55,34.89,89750
2011-10-17 11:30:00,34.85,35.14,34.8,34.94,70397
2011-10-17 11:45:00,34.93,35.04,34.81,35.035,45233
2011-10-17 12:00:00,35.03,35.035,34.84,34.84,46038
2011-10-17 12:15:00,34.85,35.1,34.85,34.97,67204
2011-10-17 12:30:00,34.97,35.14,34.96,35.09,36317
2011-10-17 12:45:00,35.07,35.07,34.83,35.0,91352
2011-10-17 13:00:00,35.0,35.0,34.82,34.83,55069
2011-10-17 13:15:00,34.84,34.9,34.73,34.77,43520
2011-10-17 13:30:00,34.77,34.9,34.74,34.89,51740
2011-10-17 13:45:00,34.89,35.11,34.84,35.03,110659
2011-10-17 14:00:00,35.03,35.095,34.86,34.98,101926
2011-10-17 14:15:00,34.99,35.09,34.97,35.02,101522
2011-10-17 14:30:00,35.02,35.025,34.82,34.82,61078
2011-10-17 14:45:00,34.81,34.87,34.67,34.72,57600
2011-10-17 15:00:00,34.73,34.89,34.725,34.887,81909
2011-10-17 15:15:00,34.88,35.01,34.7905,34.87,85804
2011-10-17 15:30:00,34.87,34.93,34.78,34.87,100265
2011-10-17 15:45:00,34.86,34.95,34.72,34.915,215046
2011-10-17 16:00:00,34.92,35.0,34.83,34.98,352420
2011-10-18 09:45:00,34.09,34.8,34.0,34.02,341474
2011-10-18 10:00:00,34.03,34.04,33.52,33.52,229518
2011-10-18 10:15:00,33.54,33.8,33.495,33.78,174381
2011-10-18 10:30:00,33.78,33.94,33.665,33.94,94091
2011-10-18 10:45:00,33.94,33.96,33.75,33.9,99458
2011-10-18 11:00:00,33.89,34.22,33.87,34.2,100737
2011-10-18 11:15:00,34.19,34.195,33.97,34.02,60033
2011-10-18 11:30:00,34.01,34.01,33.74,33.74,51317
2011-10-18 11:45:00,33.74,33.9,33.73,33.75,100452
2011-10-18 12:00:00,33.75,33.87,33.64,33.7688,111395
2011-10-18 12:15:00,33.77,33.855,33.74,33.81,117983
2011-10-18 12:30:00,33.8,33.85,33.71,33.75,84298
2011-10-18 12:45:00,33.75,33.755,33.63,33.66,81084
2011-10-18 13:00:00,33.66,33.7488,33.5,33.73,113205
2011-10-18 13:15:00,33.739000000000004,33.82,33.739000000000004,33.77,79629
2011-10-18 13:30:00,33.76,33.81,33.73,33.79,77833
2011-10-18 13:45:00,33.785,33.88,33.75,33.8799,65486
2011-10-18 14:00:00,33.875,34.145,33.87,34.13,73370
2011-10-18 14:15:00,34.13,34.38,34.13,34.38,116139
2011-10-18 14:30:00,34.37,34.42,34.23,34.4,72677
2011-10-18 14:45:00,34.4,34.465,34.33,34.46,92817
2011-10-18 15:00:00,34.46,34.56,34.45,34.53,159499
2011-10-18 15:15:00,34.53,34.97,34.53,34.78,215706
2011-10-18 15:30:00,34.8,34.82,34.52,34.69,275104
2011-10-18 15:45:00,34.69,34.7,34.48,34.605,203884
2011-10-18 16:00:00,34.61,34.87,34.6,34.75,487217
2011-10-19 09:45:00,34.8,34.89,34.63,34.75,49179
2011-10-19 10:00:00,34.75,34.89,34.67,34.885,67783
2011-10-19 10:15:00,34.89,34.92,34.74,34.84,36942
2011-10-19 10:30:00,34.82,34.84,34.67,34.79,44093
2011-10-19 10:45:00,34.8,34.85,34.69,34.78,37485
2011-10-19 11:00:00,34.77,34.86,34.77,34.77,25835
2011-10-19 11:15:00,34.76,34.79,34.59,34.6,40017
2011-10-19 11:30:00,34.6,34.613,34.47,34.475,94991
2011-10-19 11:45:00,34.47,34.49,34.44,34.48,44280
2011-10-19 12:00:00,34.48,34.48,34.37,34.37,36916
2011-10-19 12:15:00,34.37,34.45,34.36,34.42,24306
2011-10-19 12:30:00,34.42,34.48,34.42,34.46,24437
2011-10-19 12:45:00,34.46,34.46,34.38,34.44,36596
2011-10-19 13:00:00,34.44,34.5,34.415,34.49,29946
2011-10-19 13:15:00,34.49,34.52,34.48,34.4963,24077
2011-10-19 13:30:00,34.49,34.54,34.46,34.49,50420
2011-10-19 13:45:00,34.5,34.5,34.35,34.37,36090
2011-10-19 14:00:00,34.38,34.49,34.37,34.49,35852
2011-10-19 14:15:00,34.4801,34.52,34.3,34.32,43604
2011-10-19 14:30:00,34.32,34.37,34.19,34.19,47469
2011-10-19 14:45:00,34.19,34.28,34.13,34.165,48244
2011-10-19 15:00:00,34.171,34.35,34.17,34.2,51157
2011-10-19 15:15:00,34.2,34.24,34.125,34.21,67053
2011-10-19 15:30:00,34.2,34.3,34.2,34.23,61723
2011-10-19 15:45:00,34.22,34.34,34.14,34.24,84575
2011-10-19 16:00:00,34.23,34.34,34.185,34.23,214481
2011-10-20 09:45:00,34.29,34.54,34.2808,34.51,58401
2011-10-20 10:00:00,34.51,34.61,34.4,34.545,209123
2011-10-20 10:15:00,34.56,34.8,34.559,34.8,63124
2011-10-20 10:30:00,34.82,34.83,34.68,34.75,64553
2011-10-20 10:45:00,34.75,34.84,34.69,34.75,44085
2011-10-20 11:00:00,34.76,34.79,34.63,34.635,40265
2011-10-20 11:15:00,34.6,34.7,34.51,34.69,92288
2011-10-20 11:30:00,34.67,34.7,34.61,34.68,36680
2011-10-20 11:45:00,34.67,34.72,34.58,34.64,42897
2011-10-20 12:00:00,34.64,34.69,34.48,34.55,38428
2011-10-20 12:15:00,34.54,34.54,34.33,34.36,27907
2011-10-20 12:30:00,34.37,34.41,34.3,34.39,71374
2011-10-20 12:45:00,34.39,34.52,34.38,34.47,55014
2011-10-20 13:00:00,34.46,34.535,34.38,34.51,39993
2011-10-20 13:15:00,34.51,34.59,34.44,34.505,33184
2011-10-20 13:30:00,34.5,34.87,34.49,34.8699,122537
2011-10-20 13:45:00,34.86,34.91,34.78,34.78,56915
2011-10-20 14:00:00,34.78,34.94,34.73,34.73,43101
2011-10-20 14:15:00,34.74,34.7998,34.589,34.6,23696
2011-10-20 14:30:00,34.6,34.735,34.6,34.67,28605
2011-10-20 14:45:00,34.67,34.88,34.64,34.84,29168
2011-10-20 15:00:00,34.83,35.0,34.82,34.9,27174
2011-10-20 15:15:00,34.91,34.95,34.89,34.9101,41150
2011-10-20 15:30:00,34.91,34.92,34.75,34.78,46366
2011-10-20 15:45:00,34.78,34.905,34.755,34.89,100674
2011-10-20 16:00:00,34.89,35.05,34.88,34.95,175258
2011-10-21 09:45:00,35.31,35.48,35.13,35.15,152773
2011-10-21 10:00:00,35.15,35.19,35.04,35.04,49665
2011-10-21 10:15:00,35.05,35.08,34.92,35.06,76827
2011-10-21 10:30:00,35.06,35.265,35.05,35.2,34341
2011-10-21 10:45:00,35.2,35.27,35.09,35.1,39339
2011-10-21 11:00:00,35.1,35.11,35.06,35.11,28162
2011-10-21 11:15:00,35.11,35.2,35.105,35.14,66575
2011-10-21 11:30:00,35.13,35.15,35.08,35.1,24272
2011-10-21 11:45:00,35.09,35.11,35.05,35.1,27826
2011-10-21 12:00:00,35.1,35.13,35.09,35.1,19225
2011-10-21 12:15:00,35.09,35.097,35.0303,35.07,25604
2011-10-21 12:30:00,35.0799,35.1,35.04,35.07,24317
2011-10-21 12:45:00,35.06,35.06,34.97,34.99,27786
2011-10-21 13:00:00,35.0,35.0,34.81,34.8101,115896
2011-10-21 13:15:00,34.81,34.81,34.62,34.643,75802
2011-10-21 13:30:00,34.65,34.82,34.64,34.695,112292
2011-10-21 13:45:00,34.69,34.7,34.64,34.67,84491
2011-10-21 14:00:00,34.67,34.69,34.61,34.62,51025
2011-10-21 14:15:00,34.62,34.76,34.62,34.75,72091
2011-10-21 14:30:00,34.75,34.84,34.73,34.795,78419
2011-10-21 14:45:00,34.79,34.82,34.73,34.8,56621
2011-10-21 15:00:00,34.8,34.88,34.77,34.88,66424
2011-10-21 15:15:00,34.88,35.03,34.87,34.9989,64696
2011-10-21 15:30:00,35.0,35.05,34.95,35.005,87463
2011-10-21 15:45:00,34.99,35.02,34.96,34.965,114143
2011-10-21 16:00:00,34.97,35.08,34.97,35.08,297586
2011-10-24 09:45:00,35.22,35.89,35.12,35.84,109592
2011-10-24 10:00:00,35.83,36.0,35.75,35.85,95157
2011-10-24 10:15:00,35.87,36.0,35.86,35.88,66121
2011-10-24 10:30:00,35.89,35.995,35.88,35.94,50478
2011-10-24 10:45:00,35.94,35.99,35.92,35.98,44575
2011-10-24 11:00:00,35.98,36.0,35.9,35.94,70373
2011-10-24 11:15:00,35.94,36.23,35.94,36.23,127377
2011-10-24 11:30:00,36.23,36.38,36.2,36.29,87968
2011-10-24 11:45:00,36.27,36.305,36.14,36.291,68866
2011-10-24 12:00:00,36.2983,36.49,36.29,36.49,100657
2011-10-24 12:15:00,36.49,36.5,36.35,36.4098,41614
2011-10-24 12:30:00,36.42,36.54,36.41,36.54,39614
2011-10-24 12:45:00,36.54,36.54,36.455,36.51,69620
2011-10-24 13:00:00,36.51,36.59,36.51,36.53,49878
2011-10-24 13:15:00,36.53,36.6495,36.51,36.63,45386
2011-10-24 13:30:00,36.635,36.67,36.5501,36.67,41060
2011-10-24 13:45:00,36.66,36.7198,36.65,36.69,65303
2011-10-24 14:00:00,36.69,36.775,36.68,36.68,39277
2011-10-24 14:15:00,36.69,36.8,36.67,36.68,152594
2011-10-24 14:30:00,36.67,36.675,36.61,36.62,73776
2011-10-24 14:45:00,36.63,36.7,36.61,36.68,80191
2011-10-24 15:00:00,36.685,36.71,36.65,36.69,75979
2011-10-24 15:15:00,36.69,36.81,36.69,36.76,135480
2011-10-24 15:30:00,36.77,36.77,36.7,36.73,109403
2011-10-24 15:45:00,36.73,36.84,36.73,36.83,192504
2011-10-24 16:00:00,36.83,36.91,36.77,36.88,318996
2011-10-25 09:45:00,36.8,36.91,36.34,36.46,200055
2011-10-25 10:00:00,36.44,36.53,36.36,36.36,87129
2011-10-25 10:15:00,36.35,36.4,36.15,36.21,76071
2011-10-25 10:30:00,36.2,36.455,36.16,36.4,42690
2011-10-25 10:45:00,36.4,36.46,36.37,36.4499,33784
2011-10-25 11:00:00,36.45,36.46,36.31,36.33,33545
2011-10-25 11:15:00,36.33,36.39,36.27,36.35,34339
2011-10-25 11:30:00,36.33,36.355,36.24,36.3,34619
2011-10-25 11:45:00,36.29,36.405,36.23,36.25,46539
2011-10-25 12:00:00,36.25,36.455,36.21,36.434,38957
2011-10-25 12:15:00,36.43,36.46,36.29,36.315,234707
2011-10-25 12:30:00,36.315,36.33,36.25,36.29,79450
2011-10-25 12:45:00,36.29,36.3,36.14,36.16,23872
2011-10-25 13:00:00,36.17,36.18,36.09,36.1,24869
2011-10-25 13:15:00,36.105,36.21,36.105,36.17,19512
2011-10-25 13:30:00,36.18,36.255,36.15,36.15,27875
2011-10-25 13:45:00,36.15,36.1799,36.08,36.095,42373
2011-10-25 14:00:00,36.1,36.205,36.1,36.205,49824
2011-10-25 14:15:00,36.19,36.19,36.06,36.07,39933
2011-10-25 14:30:00,36.08,36.16,36.07,36.12,23141
2011-10-25 14:45:00,36.12,36.2,36.09,36.2,33092
2011-10-25 15:00:00,36.21,36.26,36.19,36.25,36072
2011-10-25 15:15:00,36.25,36.27,36.14,36.15,68923
2011-10-25 15:30:00,36.15,36.24,36.14,36.22,64593
2011-10-25 15:45:00,36.23,36.26,36.2,36.225,95725
2011-10-25 16:00:00,36.22,36.22,36.02,36.09,133326
2011-10-26 09:45:00,36.45,36.52,36.19,36.32,72696
2011-10-26 10:00:00,36.32,36.43,36.26,36.32,205547
2011-10-26 10:15:00,36.33,36.37,36.241,36.241,92879
2011-10-26 10:30:00,36.24,36.42,36.18,36.42,25675
2011-10-26 10:45:00,36.41,36.41,36.26,36.28,41219
2011-10-26 11:00:00,36.29,36.29,36.02,36.21,47716
2011-10-26 11:15:00,36.21,36.38,36.21,36.33,45193
2011-10-26 11:30:00,36.34,36.35,36.17,36.29,44839
2011-10-26 11:45:00,36.29,36.39,36.29,36.35,66669
2011-10-26 12:00:00,36.35,36.45,36.34,36.43,16600
2011-10-26 12:15:00,36.42,36.51,36.4,36.44,25571
2011-10-26 12:30:00,36.45,36.5,36.43,36.455,97788
2011-10-26 12:45:00,36.46,36.6,36.4465,36.57,65943
2011-10-26 13:00:00,36.5771,36.5871,36.41,36.42,19595
2011-10-26 13:15:00,36.425,36.53,36.38,36.4,34291
2011-10-26 13:30:00,36.4,36.63,36.34,36.63,39732
2011-10-26 13:45:00,36.63,36.8,36.62,36.71,38843
2011-10-26 14:00:00,36.72,36.78,36.62,36.71,47310
2011-10-26 14:15:00,36.72,36.98,36.72,36.92,106034
2011-10-26 14:30:00,36.92,37.0,36.86,36.94,76628
2011-10-26 14:45:00,36.93,37.08,36.89,36.96,61670
2011-10-26 15:00:00,36.97,36.99,36.84,36.93,45666
2011-10-26 15:15:00,36.935,37.075,36.91,37.075,75438
2011-10-26 15:30:00,37.08,37.205,37.0,37.2,151233
2011-10-26 15:45:00,37.19,37.45,37.17,37.425,245037
2011-10-26 16:00:00,37.4208,37.435,37.1,37.17,401851
2011-10-27 09:45:00,38.05,38.32,37.96,38.32,113178
2011-10-27 10:00:00,38.31,38.31,38.03,38.14,60674
2011-10-27 10:15:00,38.13,38.2,38.13,38.16,87694
2011-10-27 10:30:00,38.16,38.18,38.03,38.04,58022
2011-10-27 10:45:00,38.04,38.27,38.04,38.24,137340
2011-10-27 11:00:00,38.23,38.32,38.22,38.32,80426
2011-10-27 11:15:00,38.32,38.54,38.31,38.48,76396
2011-10-27 11:30:00,38.47,38.54,38.47,38.5,51913
2011-10-27 11:45:00,38.51,38.52,38.35,38.355,45404
2011-10-27 12:00:00,38.35,38.49,38.339,38.48,67863
2011-10-27 12:15:00,38.48,38.55,38.47,38.47,50240
2011-10-27 12:30:00,38.46,38.46,38.26,38.33,94773
2011-10-27 12:45:00,38.335,38.425,38.335,38.425,47497
2011-10-27 13:00:00,38.43,38.52,38.42,38.52,43242
2011-10-27 13:15:00,38.52,38.8,38.52,38.77,67724
2011-10-27 13:30:00,38.77,38.95,38.76,38.92,78113
2011-10-27 13:45:00,38.925,38.95,38.89,38.9,58795
2011-10-27 14:00:00,38.91,38.92,38.83,38.84,88002
2011-10-27 14:15:00,38.84,38.88,38.77,38.785,47334
2011-10-27 14:30:00,38.78,38.955,38.78,38.955,79245
2011-10-27 14:45:00,38.95,38.955,38.83,38.8401,68786
2011-10-27 15:00:00,38.84,38.96,38.82,38.93,91425
2011-10-27 15:15:00,38.93,39.19,38.92,39.08,138154
2011-10-27 15:30:00,39.08,39.2,39.05,39.06,116980
2011-10-27 15:45:00,39.06,39.08,38.91,38.93,164924
2011-10-27 16:00:00,38.9586,38.975,38.68,38.8,412577
2011-10-28 09:45:00,38.53,38.72,38.43,38.59,81139
2011-10-28 10:00:00,38.57,38.66,38.37,38.43,86763
2011-10-28 10:15:00,38.43,38.43,38.19,38.3542,96159
2011-10-28 10:30:00,38.35,38.52,38.26,38.32,93545
2011-10-28 10:45:00,38.32,38.48,38.3,38.35,68002
2011-10-28 11:00:00,38.35,38.35,38.06,38.25,66782
2011-10-28 11:15:00,38.25,38.41,38.25,38.34,49332
2011-10-28 11:30:00,38.34,38.34,38.11,38.15,39885
2011-10-28 11:45:00,38.17,38.27,37.98,37.98,76141
2011-10-28 12:00:00,37.98,37.99,37.88,37.88,70457
2011-10-28 12:15:00,37.87,38.0,37.84,38.0,35953
2011-10-28 12:30:00,37.99,38.01,37.92,37.94,42361
2011-10-28 12:45:00,37.94,37.95,37.83,37.835,62882
2011-10-28 13:00:00,37.835,38.02,37.81,38.02,43580
2011-10-28 13:15:00,38.02,38.02,37.8,37.8,32082
2011-10-28 13:30:00,37.81,37.98,37.78,37.96,39284
2011-10-28 13:45:00,37.96,38.075,37.93,38.04,46731
2011-10-28 14:00:00,38.05,38.07,37.87,37.87,66804
2011-10-28 14:15:00,37.87,37.88,37.635,37.64,88007
2011-10-28 14:30:00,37.64,37.73,37.53,37.69,98520
2011-10-28 14:45:00,37.69,37.82,37.69,37.8,52822
2011-10-28 15:00:00,37.79,37.85,37.78,37.83,53543
2011-10-28 15:15:00,37.84,38.08,37.84,38.01,103173
2011-10-28 15:30:00,38.0,38.11,37.97,38.1,112278
2011-10-28 15:45:00,38.1,38.12,38.02,38.08,123058
2011-10-28 16:00:00,38.08,38.08,37.96,38.05,255634
2011-10-31 09:45:00,37.9,37.96,37.6,37.88,106839
2011-10-31 10:00:00,37.87,37.88,37.65,37.84,56402
2011-10-31 10:15:00,37.83,38.02,37.77,37.93,55095
2011-10-31 10:30:00,37.93,37.98,37.84,37.96,44928
2011-10-31 10:45:00,37.96,38.13,37.96,38.09,44731
2011-10-31 11:00:00,38.09,38.17,38.01,38.14,59237
2011-10-31 11:15:00,38.14,38.21,38.11,38.16,31532
2011-10-31 11:30:00,38.14,38.15,38.04,38.11,27522
2011-10-31 11:45:00,38.1,38.15,38.0,38.1,38675
2011-10-31 12:00:00,38.1,38.16,38.07,38.13,23627
2011-10-31 12:15:00,38.13,38.24,38.13,38.2,29608
2011-10-31 12:30:00,38.2,38.22,38.05,38.0602,22820
2011-10-31 12:45:00,38.07,38.1,38.035,38.09,29415
2011-10-31 13:00:00,38.09,38.17,38.03,38.17,31969
2011-10-31 13:15:00,38.16,38.31,38.14,38.295,40443
2011-10-31 13:30:00,38.29,38.34,38.24,38.27,28631
2011-10-31 13:45:00,38.26,38.41,38.24,38.38,45703
2011-10-31 14:00:00,38.39,38.41,38.29,38.3,26408
2011-10-31 14:15:00,38.3,38.4,38.28,38.35,63641
2011-10-31 14:30:00,38.35,38.41,38.34,38.37,68108
2011-10-31 14:45:00,38.36,38.4,38.325,38.34,43432
2011-10-31 15:00:00,38.34,38.48,38.31,38.44,42300
2011-10-31 15:15:00,38.44,38.44,38.29,38.29,46574
2011-10-31 15:30:00,38.3,38.335,38.13,38.13,49059
2011-10-31 15:45:00,38.13,38.32,38.1,38.26,151670
2011-10-31 16:00:00,38.26,38.3,38.05,38.05,439540
2011-11-01 09:45:00,37.1,37.415,36.75,37.39,113225
2011-11-01 10:00:00,37.37,37.4,37.19,37.28,49373
2011-11-01 10:15:00,37.28,37.86,37.1,37.79,130798
2011-11-01 10:30:00,37.78,37.94,37.65,37.83,76371
2011-11-01 10:45:00,37.82,37.98,37.74,37.96,75064
2011-11-01 11:00:00,37.95,37.95,37.79,37.87,90051
2011-11-01 11:15:00,37.86,38.02,37.81,37.97,68294
2011-11-01 11:30:00,37.96,38.02,37.87,37.92,40256
2011-11-01 11:45:00,37.91,37.95,37.65,37.65,77514
2011-11-01 12:00:00,37.65,37.73,37.49,37.71,79215
2011-11-01 12:15:00,37.71,37.905,37.62,37.89,61244
2011-11-01 12:30:00,37.88,37.9,37.71,37.74,69162
2011-11-01 12:45:00,37.73,37.95,37.72,37.86,52488
2011-11-01 13:00:00,37.86,37.88,37.61,37.62,23592
2011-11-01 13:15:00,37.61,37.72,37.55,37.63,62452
2011-11-01 13:30:00,37.63,37.82,37.54,37.79,86611
2011-11-01 13:45:00,37.81,38.13,37.75,38.12,107283
2011-11-01 14:00:00,38.11,38.225,37.92,38.02,81528
2011-11-01 14:15:00,38.02,38.26,37.95,38.26,74317
2011-11-01 14:30:00,38.26,38.36,38.16,38.26,61571
2011-11-01 14:45:00,38.25,38.28,38.08,38.2,53147
2011-11-01 15:00:00,38.21,38.27,38.02,38.06,57582
2011-11-01 15:15:00,38.06,38.08,37.95,38.07,112752
2011-11-01 15:30:00,38.075,38.08,37.91,38.04,155908
2011-11-01 15:45:00,38.04,38.22,38.03,38.09,193178
2011-11-01 16:00:00,38.08,38.09,37.87,37.91,343959
2011-11-02 09:45:00,38.33,38.41,38.15,38.37,49897
2011-11-02 10:00:00,38.36,38.38,37.99,38.05,36845
2011-11-02 10:15:00,38.07,38.235,38.03,38.22,34041
2011-11-02 10:30:00,38.21,38.21,38.05,38.1,39493
2011-11-02 10:45:00,38.11,38.1702,38.04,38.16,32294
2011-11-02 11:00:00,38.16,38.38,38.141,38.34,58489
2011-11-02 11:15:00,38.35,38.45,38.345,38.37,26040
2011-11-02 11:30:00,38.37,38.42,38.34,38.36,25276
2011-11-02 11:45:00,38.37,38.38,38.27,38.3,23073
2011-11-02 12:00:00,38.28,38.31,38.15,38.17,11626
2011-11-02 12:15:00,38.18,38.24,38.12,38.18,17651
2011-11-02 12:30:00,38.18,38.27,38.11,38.27,43191
2011-11-02 12:45:00,38.25,38.39,38.14,38.22,30889
2011-11-02 13:00:00,38.2,38.22,38.1,38.1,23563
2011-11-02 13:15:00,38.1,38.12,37.96,37.98,54586
2011-11-02 13:30:00,37.98,38.08,37.91,38.07,77807
2011-11-02 13:45:00,38.06,38.24,38.03,38.24,34601
2011-11-02 14:00:00,38.24,38.27,38.1,38.14,29365
2011-11-02 14:15:00,38.13,38.23,38.07,38.18,57106
2011-11-02 14:30:00,38.17,38.29,38.15,38.2,99184
2011-11-02 14:45:00,38.19,38.37,38.19,38.29,74988
2011-11-02 15:00:00,38.31,38.46,38.3,38.44,81866
2011-11-02 15:15:00,38.44,38.55,38.44,38.5,136464
2011-11-02 15:30:00,38.5,38.58,38.46,38.5,85063
2011-11-02 15:45:00,38.5,38.535,38.365,38.39,116952
2011-11-02 16:00:00,38.38,38.6,38.33,38.6,513742
2011-11-03 09:45:00,38.75,38.99,38.51,38.6465,90252
2011-11-03 10:00:00,38.655,38.72,38.29,38.42,58025
2011-11-03 10:15:00,38.42,38.43,38.03,38.22,73526
2011-11-03 10:30:00,38.21,38.25,37.95,38.2,66846
2011-11-03 10:45:00,38.21,38.49,38.2,38.44,45880
2011-11-03 11:00:00,38.43,38.52,38.32,38.32,28370
2011-11-03 11:15:00,38.31,38.33,38.165,38.25,71974
2011-11-03 11:30:00,38.25,38.31,38.23,38.27,157723
2011-11-03 11:45:00,38.28,38.49,38.225,38.49,104828
2011-11-03 12:00:00,38.47,38.62,38.46,38.47,22297
2011-11-03 12:15:00,38.47,38.59,38.43,38.52,22017
2011-11-03 12:30:00,38.52,38.62,38.49,38.57,32250
2011-11-03 12:45:00,38.57,38.57,38.42,38.56,44109
2011-11-03 13:00:00,38.56,38.72,38.56,38.65,25647
2011-11-03 13:15:00,38.65,38.81,38.65,38.8,15139
2011-11-03 13:30:00,38.79,38.83,38.7601,38.78,24704
2011-11-03 13:45:00,38.77,38.84,38.75,38.79,27000
2011-11-03 14:00:00,38.79,38.87,38.75,38.78,47737
2011-11-03 14:15:00,38.78,38.9,38.735,38.89,76613
2011-11-03 14:30:00,38.88,39.0,38.85,38.96,77995
2011-11-03 14:45:00,38.95,38.98,38.91,38.91,18258
2011-11-03 15:00:00,38.9,38.93,38.85,38.93,22389
2011-11-03 15:15:00,38.92,38.99,38.9,38.93,36482
2011-11-03 15:30:00,38.93,38.97,38.88,38.96,52740
2011-11-03 15:45:00,38.96,39.02,38.9,38.99,103382
2011-11-03 16:00:00,38.98,39.0,38.9099,38.96,165020
2011-11-04 09:45:00,38.76,38.78,38.44,38.56,37691
2011-11-04 10:00:00,38.57,38.68,38.42,38.42,29839
2011-11-04 10:15:00,38.45,38.53,38.42,38.42,52563
2011-11-04 10:30:00,38.43,38.46,38.24,38.25,35251
2011-11-04 10:45:00,38.25,38.25,38.06,38.17,47492
2011-11-04 11:00:00,38.18,38.28,38.165,38.28,39249
2011-11-04 11:15:00,38.29,38.39,38.27,38.37,28070
2011-11-04 11:30:00,38.37,38.37,38.205,38.36,26053
2011-11-04 11:45:00,38.36,38.47,38.34,38.43,19679
2011-11-04 12:00:00,38.44,38.48,38.39,38.4699,17875
2011-11-04 12:15:00,38.46,38.535,38.45,38.53,25780
2011-11-04 12:30:00,38.53,38.625,38.51,38.57,29643
2011-11-04 12:45:00,38.57,38.58,38.45,38.45,13438
2011-11-04 13:00:00,38.44,38.62,38.44,38.61,62801
2011-11-04 13:15:00,38.61,38.72,38.59,38.69,23660
2011-11-04 13:30:00,38.68,38.745,38.67,38.735,21647
2011-11-04 13:45:00,38.735,38.845,38.73,38.84,23302
2011-11-04 14:00:00,38.83,38.985,38.83,38.88,49307
2011-11-04 14:15:00,38.87,38.87,38.79,38.83,34413
2011-11-04 14:30:00,38.83,38.835,38.75,38.77,46340
2011-11-04 14:45:00,38.79,38.8,38.62,38.62,58280
2011-11-04 15:00:00,38.625,38.75,38.625,38.65,26990
2011-11-04 15:15:00,38.66,38.6699,38.53,38.59,33491
2011-11-04 15:30:00,38.595,38.615,38.5146,38.555,40866
2011-11-04 15:45:00,38.56,38.61,38.49,38.59,79905
2011-11-04 16:00:00,38.6,38.68,38.54,38.68,96248
2011-11-07 09:45:00,38.59,38.78,38.47,38.55,38542
2011-11-07 10:00:00,38.56,39.01,38.56,38.94,99382
2011-11-07 10:15:00,38.95,38.97,38.64,38.72,60263
2011-11-07 10:30:00,38.71,38.71,38.555,38.62,24188
2011-11-07 10:45:00,38.61,38.61,38.45,38.57,38113
2011-11-07 11:00:00,38.56,38.58,38.465,38.53,25811
2011-11-07 11:15:00,38.51,38.72,38.5,38.6713,22044
2011-11-07 11:30:00,38.66,38.74,38.405,38.46,27794
2011-11-07 11:45:00,38.45,38.47,38.28,38.31,54517
2011-11-07 12:00:00,38.33,38.35,38.25,38.32,61964
2011-11-07 12:15:00,38.315,38.47,38.315,38.405,33185
2011-11-07 12:30:00,38.39,38.42,38.24,38.26,27435
2011-11-07 12:45:00,38.25,38.3,38.19,38.3,14542
2011-11-07 13:00:00,38.29,38.4,38.27,38.4,8911
2011-11-07 13:15:00,38.4,38.48,38.37,38.47,42276
2011-11-07 13:30:00,38.46,38.49,38.455,38.47,19745
2011-11-07 13:45:00,38.48,38.48,38.38,38.4226,14024
2011-11-07 14:00:00,38.42,38.58,38.4,38.58,30800
2011-11-07 14:15:00,38.58,38.65,38.51,38.53,32229
2011-11-07 14:30:00,38.53,38.624,38.51,38.57,27229
2011-11-07 14:45:00,38.57,38.69,38.55,38.59,52904
2011-11-07 15:00:00,38.59,38.69,38.57,38.69,21646
2011-11-07 15:15:00,38.69,38.76,38.665,38.6823,30202
2011-11-07 15:30:00,38.67,38.69,38.54,38.56,26649
2011-11-07 15:45:00,38.55,38.73,38.545,38.68,51517
2011-11-07 16:00:00,38.69,38.79,38.66,38.7,119821
2011-11-08 09:45:00,38.74,38.842,38.45,38.72,46363
2011-11-08 10:00:00,38.7298,38.73,38.53,38.64,58068
2011-11-08 10:15:00,38.64,38.77,38.52,38.59,58079
2011-11-08 10:30:00,38.57,38.67,38.4,38.46,38324
2011-11-08 10:45:00,38.47,38.65,38.38,38.64,39643
2011-11-08 11:00:00,38.64,38.7,38.5,38.56,27943
2011-11-08 11:15:00,38.55,38.62,38.44,38.495,62563
2011-11-08 11:30:00,38.52,38.52,38.325,38.41,15952
2011-11-08 11:45:00,38.41,38.5,38.32,38.39,37015
2011-11-08 12:00:00,38.4,38.47,38.36,38.4,14536
2011-11-08 12:15:00,38.4,38.4401,38.35,38.41,21693
2011-11-08 12:30:00,38.43,38.5301,38.395,38.52,26280
2011-11-08 12:45:00,38.52,38.55,38.5,38.5,14768
2011-11-08 13:00:00,38.51,38.53,38.46,38.5,31589
2011-11-08 13:15:00,38.5,38.55,38.42,38.42,26213
2011-11-08 13:30:00,38.41,38.52,38.39,38.5,15633
2011-11-08 13:45:00,38.49,38.61,38.46,38.59,27515
2011-11-08 14:00:00,38.59,38.84,38.56,38.8,32941
2011-11-08 14:15:00,38.81,38.84,38.72,38.78,18073
2011-11-08 14:30:00,38.79,38.86,38.71,38.85,26460
2011-11-08 14:45:00,38.86,38.88,38.8,38.84,20707
2011-11-08 15:00:00,38.84,38.88,38.77,38.84,26376
2011-11-08 15:15:00,38.84,38.84,38.74,38.79,53258
2011-11-08 15:30:00,38.79,38.82,38.75,38.8102,42141
2011-11-08 15:45:00,38.82,38.91,38.82,38.89,57323
2011-11-08 16:00:00,38.9,38.97,38.84,38.94,84676
2011-11-09 09:45:00,38.2,38.349000000000004,38.01,38.17,53197
2011-11-09 10:00:00,38.16,38.17,38.0,38.03,107431
2011-11-09 10:15:00,38.03,38.2,37.95,38.18,41788
2011-11-09 10:30:00,38.19,38.24,37.77,37.77,97739
2011-11-09 10:45:00,37.77,37.88,37.6099,37.63,69656
2011-11-09 11:00:00,37.64,37.85,37.62,37.75,71207
2011-11-09 11:15:00,37.75,37.875,37.73,37.79,38377
2011-11-09 11:30:00,37.78,37.9,37.765,37.795,39891
2011-11-09 11:45:00,37.79,37.84,37.67,37.68,46935
2011-11-09 12:00:00,37.69,37.84,37.685,37.7,35336
2011-11-09 12:15:00,37.7,37.71,37.58,37.58,23087
2011-11-09 12:30:00,37.59,37.64,37.52,37.53,33529
2011-11-09 12:45:00,37.527,37.7,37.52,37.66,29879
2011-11-09 13:00:00,37.66,37.785,37.63,37.77,65931
2011-11-09 13:15:00,37.77,37.87,37.72,37.74,41900
2011-11-09 13:30:00,37.74,37.745,37.42,37.51,82174
2011-11-09 13:45:00,37.5,37.51,37.16,37.205,154972
2011-11-09 14:00:00,37.21,37.23,36.54,36.64,312309
2011-11-09 14:15:00,36.65,36.66,35.85,36.39,365456
2011-11-09 14:30:00,36.39,36.4,35.72,35.79,211396
2011-11-09 14:45:00,35.81,36.13,35.75,36.13,155681
2011-11-09 15:00:00,36.13,36.32,36.03,36.29,135052
2011-11-09 15:15:00,36.3,36.46,36.27,36.39,126508
2011-11-09 15:30:00,36.39,36.49,36.325,36.445,97100
2011-11-09 15:45:00,36.45,36.6,36.31,36.32,318177
2011-11-09 16:00:00,36.33,36.67,36.31,36.48,416047
2011-11-10 09:45:00,36.77,37.16,36.57,36.91,89694
2011-11-10 10:00:00,36.9,36.92,36.53,36.535,100299
2011-11-10 10:15:00,36.55,36.65,36.46,36.47,135519
2011-11-10 10:30:00,36.46,36.49,36.3,36.33,89361
2011-11-10 10:45:00,36.33,36.58,36.21,36.51,66949
2011-11-10 11:00:00,36.51,36.72,36.47,36.69,76241
2011-11-10 11:15:00,36.68,36.88,36.64,36.87,60716
2011-11-10 11:30:00,36.87,37.03,36.75,36.75,68314
2011-11-10 11:45:00,36.75,36.89,36.73,36.86,42989
2011-11-10 12:00:00,36.86,36.95,36.72,36.8,44307
2011-11-10 12:15:00,36.8,36.88,36.71,36.71,46819
2011-11-10 12:30:00,36.69,36.805,36.69,36.69,29038
2011-11-10 12:45:00,36.7,36.7,36.46,36.55,31794
2011-11-10 13:00:00,36.56,36.77,36.56,36.67,33209
2011-11-10 13:15:00,36.67,36.835,36.66,36.81,43141
2011-11-10 13:30:00,36.81,36.93,36.76,36.765,25678
2011-11-10 13:45:00,36.77,36.92,36.77,36.83,20735
2011-11-10 14:00:00,36.81,36.84,36.74,36.84,30300
2011-11-10 14:15:00,36.83,36.84,36.61,36.66,40882
2011-11-10 14:30:00,36.67,36.75,36.6,36.62,37261
2011-11-10 14:45:00,36.63,36.74,36.61,36.74,35599
2011-11-10 15:00:00,36.74,36.74,36.54,36.55,42083
2011-11-10 15:15:00,36.55,36.68,36.53,36.6201,50659
2011-11-10 15:30:00,36.63,36.78,36.545,36.7199,69574
2011-11-10 15:45:00,36.73,36.74,36.6,36.62,106736
2011-11-10 16:00:00,36.61,36.825,36.605,36.74,203053
2011-11-11 09:45:00,37.21,37.39,36.91,37.39,37747
2011-11-11 10:00:00,37.43,37.54,37.28,37.42,36605
2011-11-11 10:15:00,37.42,37.58,37.29,37.29,61777
2011-11-11 10:30:00,37.28,37.33,37.25,37.3,31671
2011-11-11 10:45:00,37.3,37.51,37.29,37.5,48069
2011-11-11 11:00:00,37.505,37.51,37.4,37.43,40657
2011-11-11 11:15:00,37.44,37.5,37.35,37.39,36810
2011-11-11 11:30:00,37.36,37.45,37.36,37.415,20869
2011-11-11 11:45:00,37.42,37.47,37.365,37.43,13125
2011-11-11 12:00:00,37.44,37.45,37.27,37.31,38415
2011-11-11 12:15:00,37.31,37.35,37.3,37.32,15820
2011-11-11 12:30:00,37.32,37.33,37.2,37.23,23897
2011-11-11 12:45:00,37.24,37.32,37.19,37.32,13212
2011-11-11 13:00:00,37.32,37.38,37.3,37.37,18940
2011-11-11 13:15:00,37.39,37.46,37.371,37.46,12707
2011-11-11 13:30:00,37.46,37.46,37.4,37.425,21688
2011-11-11 13:45:00,37.4201,37.464,37.4,37.44,19053
2011-11-11 14:00:00,37.43,37.45,37.35,37.35,27300
2011-11-11 14:15:00,37.36,37.43,37.345,37.37,31487
2011-11-11 14:30:00,37.37,37.4,37.33,37.4,18202
2011-11-11 14:45:00,37.39,37.41,37.37,37.39,34174
2011-11-11 15:00:00,37.39,37.4,37.28,37.31,44779
2011-11-11 15:15:00,37.31,37.31,37.22,37.27,56268
2011-11-11 15:30:00,37.27,37.39,37.27,37.39,46187
2011-11-11 15:45:00,37.38,37.4,37.265,37.3,71673
2011-11-11 16:00:00,37.3,37.36,37.28,37.34,104835
2011-11-14 09:45:00,37.33,37.42,37.0,37.07,26793
2011-11-14 10:00:00,37.08,37.13,36.97,37.08,15901
2011-11-14 10:15:00,37.09,37.24,37.0598,37.21,15864
2011-11-14 10:30:00,37.19,37.19,37.09,37.14,10732
2011-11-14 10:45:00,37.16,37.16,37.03,37.14,22577
2011-11-14 11:00:00,37.1598,37.26,37.09,37.2,15078
2011-11-14 11:15:00,37.21,37.2562,37.08,37.08,15929
2011-11-14 11:30:00,37.08,37.15,37.039,37.07,14864
2011-11-14 11:45:00,37.07,37.17,37.07,37.07,24680
2011-11-14 12:00:00,37.07,37.12,36.96,36.97,14789
2011-11-14 12:15:00,36.96,37.0,36.89,36.96,16546
2011-11-14 12:30:00,36.94,36.95,36.76,36.78,19717
2011-11-14 12:45:00,36.79,36.835,36.77,36.81,13323
2011-11-14 13:00:00,36.82,36.84,36.79,36.8,8316
2011-11-14 13:15:00,36.79,36.8,36.69,36.8,41541
2011-11-14 13:30:00,36.78,36.88,36.77,36.88,15386
2011-11-14 13:45:00,36.88,36.95,36.875,36.89,15337
2011-11-14 14:00:00,36.9,36.9,36.835,36.87,13126
2011-11-14 14:15:00,36.87,36.92,36.85,36.89,12000
2011-11-14 14:30:00,36.89,36.9,36.82,36.83,19983
2011-11-14 14:45:00,36.83,36.89,36.825,36.87,35622
2011-11-14 15:00:00,36.86,36.88,36.76,36.77,37141
2011-11-14 15:15:00,36.77,36.85,36.755,36.81,17894
2011-11-14 15:30:00,36.8193,36.87,36.765,36.83,25900
2011-11-14 15:45:00,36.83,36.91,36.83,36.88,44394
2011-11-14 16:00:00,36.88,36.92,36.83,36.85,87173
2011-11-15 09:45:00,36.69,36.94,36.54,36.93,30301
2011-11-15 10:00:00,36.93,37.080999999999996,36.91,37.0175,13429
2011-11-15 10:15:00,36.98,37.045,36.84,36.84,31219
2011-11-15 10:30:00,36.84,36.95,36.82,36.89,14076
2011-11-15 10:45:00,36.89,37.05,36.85,37.05,20771
2011-11-15 11:00:00,37.07,37.1,36.93,36.94,28610
2011-11-15 11:15:00,36.93,37.03,36.92,37.03,9504
2011-11-15 11:30:00,37.03,37.03,36.83,36.88,18229
2011-11-15 11:45:00,36.88,36.9,36.8,36.8399,19990
2011-11-15 12:00:00,36.83,36.96,36.8168,36.93,33494
2011-11-15 12:15:00,36.93,37.06,36.92,37.01,15698
2011-11-15 12:30:00,37.01,37.11,36.98,37.09,17394
2011-11-15 12:45:00,37.1,37.28,37.08,37.2,23443
2011-11-15 13:00:00,37.22,37.27,37.15,37.27,12535
2011-11-15 13:15:00,37.26,37.33,37.19,37.19,17867
2011-11-15 13:30:00,37.2,37.23,37.13,37.23,20043
2011-11-15 13:45:00,37.23,37.32,37.22,37.2871,14943
2011-11-15 14:00:00,37.29,37.3799,37.26,37.3799,26732
2011-11-15 14:15:00,37.3705,37.42,37.33,37.4,24406
2011-11-15 14:30:00,37.4,37.4,37.3,37.34,22505
2011-11-15 14:45:00,37.35,37.38,37.3,37.3,21081
2011-11-15 15:00:00,37.3,37.3967,37.29,37.36,27143
2011-11-15 15:15:00,37.35,37.42,37.35,37.39,22019
2011-11-15 15:30:00,37.39,37.4271,37.33,37.4,34675
2011-11-15 15:45:00,37.41,37.42,37.34,37.36,54004
2011-11-15 16:00:00,37.36,37.39,37.21,37.23,88949
2011-11-16 09:45:00,37.1,37.1,36.54,36.81,43750
2011-11-16 10:00:00,36.81,36.94,36.75,36.89,16142
2011-11-16 10:15:00,36.9,36.98,36.73,36.82,25956
2011-11-16 10:30:00,36.83,36.91,36.77,36.82,65837
2011-11-16 10:45:00,36.8,36.94,36.72,36.94,48699
2011-11-16 11:00:00,36.96,37.06,36.96,37.05,26813
2011-11-16 11:15:00,37.05,37.16,37.05,37.13,28565
2011-11-16 11:30:00,37.13,37.14,36.96,36.97,70223
2011-11-16 11:45:00,36.97,37.0,36.86,36.96,36580
2011-11-16 12:00:00,36.97,37.0,36.84,36.84,26571
2011-11-16 12:15:00,36.8496,36.85,36.69,36.715,53861
2011-11-16 12:30:00,36.71,36.72,36.54,36.55,79184
2011-11-16 12:45:00,36.55,36.72,36.54,36.6975,56288
2011-11-16 13:00:00,36.7,36.72,36.625,36.7,16429
2011-11-16 13:15:00,36.72,36.75,36.655,36.68,25783
2011-11-16 13:30:00,36.68,36.85,36.65,36.85,11996
2011-11-16 13:45:00,36.87,36.99,36.86,36.98,20707
2011-11-16 14:00:00,36.98,37.0,36.89,36.89,30044
2011-11-16 14:15:00,36.89,36.94,36.8,36.84,28626
2011-11-16 14:30:00,36.84,36.915,36.83,36.88,21998
2011-11-16 14:45:00,36.875,36.9,36.845,36.85,31967
2011-11-16 15:00:00,36.85,36.86,36.6983,36.73,27061
2011-11-16 15:15:00,36.74,36.78,36.675,36.69,34361
2011-11-16 15:30:00,36.68,36.68,36.465,36.4799,50888
2011-11-16 15:45:00,36.48,36.48,36.235,36.38,87648
2011-11-16 16:00:00,36.36,36.46,36.22,36.29,187374
2011-11-17 09:45:00,36.34,36.34,36.05,36.09,25484
2011-11-17 10:00:00,36.0799,36.15,35.97,36.13,26155
2011-11-17 10:15:00,36.1,36.2,36.05,36.115,36131
2011-11-17 10:30:00,36.12,36.22,36.04,36.22,34238
2011-11-17 10:45:00,36.21,36.27,36.1,36.17,27987
2011-11-17 11:00:00,36.175,36.19,36.11,36.12,21547
2011-11-17 11:15:00,36.11,36.16,36.02,36.08,30676
2011-11-17 11:30:00,36.071,36.3,36.07,36.23,43825
2011-11-17 11:45:00,36.24,36.36,36.23,36.27,20727
2011-11-17 12:00:00,36.27,36.33,36.22,36.28,54251
2011-11-17 12:15:00,36.3,36.31,36.12,36.13,19763
2011-11-17 12:30:00,36.14,36.22,36.1,36.11,32848
2011-11-17 12:45:00,36.09,36.09,35.68,35.88,78570
2011-11-17 13:00:00,35.88,35.99,35.85,35.95,14928
2011-11-17 13:15:00,35.95,35.96,35.77,35.89,16724
2011-11-17 13:30:00,35.88,35.96,35.79,35.82,24143
2011-11-17 13:45:00,35.82,35.83,35.67,35.72,29880
2011-11-17 14:00:00,35.73,35.78,35.56,35.75,39840
2011-11-17 14:15:00,35.74,35.75,35.67,35.695,46605
2011-11-17 14:30:00,35.6919,35.72,35.57,35.63,52750
2011-11-17 14:45:00,35.62,35.68,35.53,35.64,31610
2011-11-17 15:00:00,35.62,35.71,35.61,35.66,31252
2011-11-17 15:15:00,35.65,35.73,35.52,35.53,59863
2011-11-17 15:30:00,35.53,35.61,35.46,35.505,58231
2011-11-17 15:45:00,35.51,35.56,35.33,35.36,108670
2011-11-17 16:00:00,35.36,35.46,35.29,35.43,229116
2011-11-18 09:45:00,35.73,35.86,35.45,35.7,105583
2011-11-18 10:00:00,35.68,35.94,35.62,35.935,33320
2011-11-18 10:15:00,35.93,35.98,35.75,35.92,43027
2011-11-18 10:30:00,35.94,35.96,35.81,35.96,23961
2011-11-18 10:45:00,35.96,36.09,35.96,36.06,15971
2011-11-18 11:00:00,36.05,36.13,36.04,36.04,25847
2011-11-18 11:15:00,36.03,36.1,35.88,35.94,33375
2011-11-18 11:30:00,35.94,36.02,35.94,35.98,20169
2011-11-18 11:45:00,35.98,35.99,35.82,35.84,25117
2011-11-18 12:00:00,35.84,35.84,35.75,35.76,22002
2011-11-18 12:15:00,35.765,35.765,35.65,35.7,30185
2011-11-18 12:30:00,35.71,35.82,35.7015,35.76,60231
2011-11-18 12:45:00,35.77,35.87,35.76,35.87,18533
2011-11-18 13:00:00,35.87,35.92,35.8,35.82,37704
2011-11-18 13:15:00,35.82,35.93,35.79,35.93,31927
2011-11-18 13:30:00,35.93,36.06,35.93,36.05,18256
2011-11-18 13:45:00,36.06,36.17,36.06,36.16,29037
2011-11-18 14:00:00,36.16,36.18,36.09,36.1,21784
2011-11-18 14:15:00,36.11,36.14,35.99,36.12,23339
2011-11-18 14:30:00,36.13,36.13,35.99,36.0,35355
2011-11-18 14:45:00,36.02,36.07,36.01,36.055,23858
2011-11-18 15:00:00,36.07,36.09,35.9578,35.99,32033
2011-11-18 15:15:00,35.98,36.02,35.9,36.0,46869
2011-11-18 15:30:00,36.0,36.01,35.94,35.99,36127
2011-11-18 15:45:00,35.99,36.07,35.98,36.03,86548
2011-11-18 16:00:00,36.03,36.08,35.96,36.03,121368
2011-11-21 09:45:00,35.8,35.8,35.51,35.59,44718
2011-11-21 10:00:00,35.59,35.64,35.5,35.56,29088
2011-11-21 10:15:00,35.56,35.56,35.28,35.33,45853
2011-11-21 10:30:00,35.32,35.33,35.18,35.26,34411
2011-11-21 10:45:00,35.26,35.26,35.155,35.16,34599
2011-11-21 11:00:00,35.15,35.19,35.01,35.02,30258
2011-11-21 11:15:00,35.03,35.12,35.01,35.11,26728
2011-11-21 11:30:00,35.1,35.135,35.05,35.05,35343
2011-11-21 11:45:00,35.05,35.06,34.91,34.91,53920
2011-11-21 12:00:00,34.9,35.0339,34.86,35.0,26563
2011-11-21 12:15:00,35.01,35.04,34.92,34.97,25308
2011-11-21 12:30:00,34.99,35.0,34.84,34.86,29535
2011-11-21 12:45:00,34.85,34.855,34.79,34.79,44283
2011-11-21 13:00:00,34.79,34.81,34.71,34.72,33950
2011-11-21 13:15:00,34.72,34.87,34.715,34.87,39841
2011-11-21 13:30:00,34.86,34.98,34.86,34.93,19388
2011-11-21 13:45:00,34.92,34.94,34.9,34.92,12960
2011-11-21 14:00:00,34.92,34.94,34.87,34.88,19088
2011-11-21 14:15:00,34.87,35.05,34.85,35.04,29354
2011-11-21 14:30:00,35.05,35.2,35.04,35.16,104339
2011-11-21 14:45:00,35.15,35.23,35.14,35.23,27317
2011-11-21 15:00:00,35.23,35.31,35.19,35.22,76404
2011-11-21 15:15:00,35.22,35.24,35.07,35.18,150463
2011-11-21 15:30:00,35.18,35.34,35.15,35.34,75171
2011-11-21 15:45:00,35.34,35.37,35.28,35.3025,64002
2011-11-21 16:00:00,35.3,35.32,35.08,35.1,192721
2011-11-22 09:45:00,35.19,35.26,34.91,34.92,30156
2011-11-22 10:00:00,34.91,34.96,34.74,34.77,31827
2011-11-22 10:15:00,34.74,34.8,34.65,34.65,36996
2011-11-22 10:30:00,34.66,34.87,34.66,34.86,20850
2011-11-22 10:45:00,34.86,34.88,34.72,34.725,20653
2011-11-22 11:00:00,34.74,34.79,34.58,34.6,30428
2011-11-22 11:15:00,34.61,34.7,34.5725,34.7,53097
2011-11-22 11:30:00,34.69,34.7999,34.64,34.77,47965
2011-11-22 11:45:00,34.794000000000004,34.8,34.66,34.69,56988
2011-11-22 12:00:00,34.67,34.79,34.669000000000004,34.79,34397
2011-11-22 12:15:00,34.78,35.08,34.7717,34.98,38251
2011-11-22 12:30:00,35.0,35.06,34.92,34.93,26557
2011-11-22 12:45:00,34.94,35.04,34.92,35.02,16503
2011-11-22 13:00:00,35.02,35.12,34.96,35.11,32601
2011-11-22 13:15:00,35.13,35.2,35.06,35.13,31873
2011-11-22 13:30:00,35.14,35.25,35.1,35.1,29269
2011-11-22 13:45:00,35.1,35.19,35.1,35.15,21591
2011-11-22 14:00:00,35.15,35.19,35.06,35.06,44238
2011-11-22 14:15:00,35.0633,35.1,35.01,35.08,26302
2011-11-22 14:30:00,35.07,35.07,34.98,35.04,14203
2011-11-22 14:45:00,35.039,35.0501,34.96,35.03,17890
2011-11-22 15:00:00,35.04,35.07,34.93,34.9708,25758
2011-11-22 15:15:00,34.98,34.99,34.85,34.89,41409
2011-11-22 15:30:00,34.89,34.96,34.86,34.91,50724
2011-11-22 15:45:00,34.91,34.97,34.8,34.82,60408
2011-11-22 16:00:00,34.81,34.92,34.805,34.9,142660
2011-11-23 09:45:00,34.75,34.78,34.42,34.4301,35627
2011-11-23 10:00:00,34.45,34.49,34.35,34.35,22688
2011-11-23 10:15:00,34.35,34.39,34.3,34.32,38436
2011-11-23 10:30:00,34.31,34.4,34.285,34.31,31150
2011-11-23 10:45:00,34.3,34.32,34.14,34.22,41746
2011-11-23 11:00:00,34.22,34.39,34.16,34.39,31294
2011-11-23 11:15:00,34.37,34.42,34.26,34.29,24439
2011-11-23 11:30:00,34.28,34.42,34.23,34.34,30444
2011-11-23 11:45:00,34.35,34.49,34.31,34.48,44730
2011-11-23 12:00:00,34.49,34.52,34.44,34.49,20257
2011-11-23 12:15:00,34.49,34.53,34.385,34.39,24039
2011-11-23 12:30:00,34.4,34.45,34.35,34.35,15900
2011-11-23 12:45:00,34.35,34.4,34.31,34.385,14340
2011-11-23 13:00:00,34.39,34.49,34.34,34.46,20673
2011-11-23 13:15:00,34.46,34.48,34.39,34.39,21655
2011-11-23 13:30:00,34.3875,34.46,34.35,34.4,25340
2011-11-23 13:45:00,34.4,34.43,34.345,34.345,22897
2011-11-23 14:00:00,34.36,34.53,34.36,34.39,86951
2011-11-23 14:15:00,34.38,34.4,34.251999999999995,34.26,43806
2011-11-23 14:30:00,34.25,34.31,34.185,34.23,29211
2011-11-23 14:45:00,34.22,34.31,34.215,34.26,33251
2011-11-23 15:00:00,34.25,34.33,34.24,34.29,26511
2011-11-23 15:15:00,34.29,34.44,34.24,34.44,56014
2011-11-23 15:30:00,34.45,34.46,34.33,34.39,40915
2011-11-23 15:45:00,34.39,34.57,34.37,34.57,65663
2011-11-23 16:00:00,34.57,34.57,34.25,34.28,150255
2011-11-25 09:45:00,34.39,34.39,34.15,34.38,13683
2011-11-25 10:00:00,34.42,34.46,34.27,34.27,7276
2011-11-25 10:15:00,34.25,34.51,34.25,34.51,49775
2011-11-25 10:30:00,34.5,34.64,34.45,34.53,24391
2011-11-25 10:45:00,34.54,34.65,34.54,34.62,11084
2011-11-25 11:00:00,34.61,34.64,34.56,34.59,12774
2011-11-25 11:15:00,34.59,34.6571,34.55,34.61,10100
2011-11-25 11:30:00,34.6,34.64,34.4428,34.46,27345
2011-11-25 11:45:00,34.49,34.53,34.43,34.46,12203
2011-11-25 12:00:00,34.46,34.46,34.32,34.36,11780
2011-11-25 12:15:00,34.36,34.42,34.26,34.29,24926
2011-11-25 12:30:00,34.29,34.35,34.21,34.28,18444
2011-11-25 12:45:00,34.28,34.29,34.18,34.21,20237
2011-11-25 13:00:00,34.21,34.27,34.15,34.15,33827
2011-11-25 13:15:00,34.395,34.395,34.395,34.395,327
2011-11-25 13:30:00,34.4289,34.4289,34.4289,34.4289,1000
2011-11-28 09:45:00,35.13,35.9,34.91,35.13,47386
2011-11-28 10:00:00,35.13,35.28,35.12,35.25,50500
2011-11-28 10:15:00,35.25,35.27,35.14,35.15,36318
2011-11-28 10:30:00,35.15,35.23,35.07,35.07,52909
2011-11-28 10:45:00,35.08,35.15,35.05,35.05,40426
2011-11-28 11:00:00,35.05,35.08,35.03,35.04,17900
2011-11-28 11:15:00,35.05,35.05,35.0,35.01,34885
2011-11-28 11:30:00,35.02,35.1,35.0,35.1,16165
2011-11-28 11:45:00,35.1,35.15,35.04,35.07,20118
2011-11-28 12:00:00,35.066,35.08,35.0,35.01,18381
2011-11-28 12:15:00,35.02,35.075,35.0,35.05,11971
2011-11-28 12:30:00,35.05,35.14,35.05,35.12,32937
2011-11-28 12:45:00,35.1,35.14,35.08,35.1,24716
2011-11-28 13:00:00,35.1,35.11,35.05,35.0898,25019
2011-11-28 13:15:00,35.0992,35.13,35.05,35.06,19854
2011-11-28 13:30:00,35.05,35.1,35.0,35.045,41454
2011-11-28 13:45:00,35.04,35.12,35.03,35.09,12979
2011-11-28 14:00:00,35.1,35.11,34.99,35.0,21102
2011-11-28 14:15:00,35.0,35.15,35.0,35.13,31294
2011-11-28 14:30:00,35.13,35.14,35.01,35.04,14600
2011-11-28 14:45:00,35.05,35.06,34.97,34.99,24726
2011-11-28 15:00:00,34.98,35.01,34.89,34.96,49480
2011-11-28 15:15:00,34.96,35.005,34.81,34.83,58328
2011-11-28 15:30:00,34.83,34.87,34.75,34.85,82021
2011-11-28 15:45:00,34.85,34.97,34.84,34.965,90942
2011-11-28 16:00:00,34.95,35.09,34.84,35.09,104488
2011-11-29 09:45:00,35.27,35.3394,35.03,35.22,40315
2011-11-29 10:00:00,35.22,35.2522,35.05,35.06,32858
2011-11-29 10:15:00,35.09,35.35,35.02,35.33,43743
2011-11-29 10:30:00,35.34,35.51,35.31,35.46,27157
2011-11-29 10:45:00,35.44,35.47,35.36,35.44,14840
2011-11-29 11:00:00,35.44,35.44,35.2,35.26,17759
2011-11-29 11:15:00,35.25,35.32,35.19,35.21,15950
2011-11-29 11:30:00,35.22,35.31,35.21,35.23,23724
2011-11-29 11:45:00,35.25,35.39,35.24,35.24,12545
2011-11-29 12:00:00,35.24,35.28,35.16,35.19,15592
2011-11-29 12:15:00,35.2,35.33,35.1802,35.28,12146
2011-11-29 12:30:00,35.28,35.29,35.24,35.28,11621
2011-11-29 12:45:00,35.27,35.27,35.16,35.16,8800
2011-11-29 13:00:00,35.13,35.22,35.1177,35.22,10680
2011-11-29 13:15:00,35.21,35.22,35.04,35.14,23636
2011-11-29 13:30:00,35.14,35.22,35.1,35.15,14491
2011-11-29 13:45:00,35.14,35.22,35.08,35.15,23626
2011-11-29 14:00:00,35.15,35.15,35.005,35.01,22472
2011-11-29 14:15:00,35.0,35.05,34.975,34.99,26849
2011-11-29 14:30:00,34.98,35.022,34.92,34.9532,24901
2011-11-29 14:45:00,34.95,35.0,34.85,34.8601,48214
2011-11-29 15:00:00,34.87,34.91,34.825,34.845,50237
2011-11-29 15:15:00,34.85,34.89,34.765,34.87,58479
2011-11-29 15:30:00,34.89,34.93,34.83,34.88,77921
2011-11-29 15:45:00,34.88,34.93,34.83,34.87,78107
2011-11-29 16:00:00,34.87,34.905,34.76,34.8,122709
2011-11-30 09:45:00,35.73,35.97,35.66,35.9,41053
2011-11-30 10:00:00,35.92,35.98,35.79,35.82,25792
2011-11-30 10:15:00,35.86,35.8878,35.7212,35.8,23500
2011-11-30 10:30:00,35.79,35.88,35.79,35.87,17324
2011-11-30 10:45:00,35.87,35.94,35.86,35.88,24864
2011-11-30 11:00:00,35.87,35.9334,35.87,35.91,22852
2011-11-30 11:15:00,35.9,35.9,35.83,35.84,12907
2011-11-30 11:30:00,35.84,35.85,35.81,35.83,24921
2011-11-30 11:45:00,35.83,35.93,35.81,35.89,27809
2011-11-30 12:00:00,35.9,35.94,35.84,35.86,11569
2011-11-30 12:15:00,35.86,35.89,35.81,35.819,41596
2011-11-30 12:30:00,35.82,35.87,35.8,35.85,23613
2011-11-30 12:45:00,35.85,35.85,35.81,35.839,105180
2011-11-30 13:00:00,35.84,35.85,35.83,35.84,21871
2011-11-30 13:15:00,35.84,35.87,35.83,35.835,16923
2011-11-30 13:30:00,35.83,35.84,35.76,35.76,54811
2011-11-30 13:45:00,35.75,35.75,35.67,35.67,12975
2011-11-30 14:00:00,35.67,35.67,35.58,35.58,18647
2011-11-30 14:15:00,35.58,35.71,35.58,35.69,20356
2011-11-30 14:30:00,35.7,35.73,35.65,35.7,22881
2011-11-30 14:45:00,35.71,35.74,35.67,35.67,12358
2011-11-30 15:00:00,35.67,35.67,35.58,35.62,19226
2011-11-30 15:15:00,35.62,35.72,35.61,35.685,33799
2011-11-30 15:30:00,35.68,35.685,35.51,35.55,49462
2011-11-30 15:45:00,35.55,35.69,35.545,35.67,58107
2011-11-30 16:00:00,35.68,35.8,35.66,35.8,270507
2011-12-01 09:45:00,35.96,35.96,35.631,35.86,66206
2011-12-01 10:00:00,35.86,36.09,35.79,36.04,81560
2011-12-01 10:15:00,36.05,36.09,35.84,35.85,77570
2011-12-01 10:30:00,35.84,35.84,35.69,35.74,34935
2011-12-01 10:45:00,35.74,35.75,35.61,35.61,27844
2011-12-01 11:00:00,35.63,35.7,35.62,35.68,23091
2011-12-01 11:15:00,35.67,35.76,35.66,35.69,16348
2011-12-01 11:30:00,35.69,35.82,35.66,35.8,22834
2011-12-01 11:45:00,35.8,35.85,35.74,35.82,19423
2011-12-01 12:00:00,35.83,35.86,35.79,35.83,18906
2011-12-01 12:15:00,35.82,35.84,35.7723,35.79,11380
2011-12-01 12:30:00,35.79,35.83,35.74,35.82,15043
2011-12-01 12:45:00,35.82,35.85,35.73,35.73,20465
2011-12-01 13:00:00,35.72,35.75,35.52,35.52,36118
2011-12-01 13:15:00,35.53,35.54,35.42,35.47,48991
2011-12-01 13:30:00,35.48,35.57,35.45,35.52,33297
2011-12-01 13:45:00,35.51,35.64,35.51,35.62,28460
2011-12-01 14:00:00,35.6,35.68,35.56,35.68,80887
2011-12-01 14:15:00,35.67,35.68,35.63,35.64,15034
2011-12-01 14:30:00,35.63,35.63,35.57,35.59,21041
2011-12-01 14:45:00,35.59,35.6,35.43,35.43,42284
2011-12-01 15:00:00,35.44,35.54,35.435,35.53,39057
2011-12-01 15:15:00,35.52,35.54,35.42,35.47,36782
2011-12-01 15:30:00,35.48,35.51,35.44,35.51,44709
2011-12-01 15:45:00,35.51,35.52,35.42,35.42,60010
2011-12-01 16:00:00,35.42,35.46,35.35,35.41,167644
2011-12-02 09:45:00,35.77,35.8,35.55,35.57,40682
2011-12-02 10:00:00,35.58,35.895,35.56,35.88,63698
2011-12-02 10:15:00,35.88,36.12,35.88,36.11,40339
2011-12-02 10:30:00,36.11,36.225,36.1,36.19,26309
2011-12-02 10:45:00,36.19,36.27,36.13,36.25,47050
2011-12-02 11:00:00,36.25,36.29,36.18,36.19,39699
2011-12-02 11:15:00,36.19,36.2,36.03,36.04,37611
2011-12-02 11:30:00,36.03,36.16,36.025,36.16,26573
2011-12-02 11:45:00,36.17,36.21,36.05,36.12,51704
2011-12-02 12:00:00,36.13,36.3,36.13,36.3,61346
2011-12-02 12:15:00,36.3,36.31,36.21,36.22,27658
2011-12-02 12:30:00,36.215,36.34,36.21,36.31,24203
2011-12-02 12:45:00,36.31,36.39,36.3,36.38,24285
2011-12-02 13:00:00,36.37,36.47,36.35,36.42,19875
2011-12-02 13:15:00,36.42,36.43,36.325,36.33,34591
2011-12-02 13:30:00,36.3275,36.43,36.29,36.29,30510
2011-12-02 13:45:00,36.3,36.3,36.22,36.24,27042
2011-12-02 14:00:00,36.24,36.32,36.205,36.26,20176
2011-12-02 14:15:00,36.26,36.27,36.1,36.19,30602
2011-12-02 14:30:00,36.18,36.27,36.17,36.21,18574
2011-12-02 14:45:00,36.2,36.23,36.15,36.23,19455
2011-12-02 15:00:00,36.2248,36.27,36.2,36.2,25276
2011-12-02 15:15:00,36.2,36.2748,36.19,36.265,32667
2011-12-02 15:30:00,36.26,36.29,36.17,36.19,22140
2011-12-02 15:45:00,36.19,36.19,36.04,36.08,109959
2011-12-02 16:00:00,36.07,36.12,35.98,36.03,116688
2011-12-05 09:45:00,36.48,36.62,36.28,36.339,37663
2011-12-05 10:00:00,36.3301,36.5,36.31,36.5,32872
2011-12-05 10:15:00,36.47,36.71,36.35,36.7,34150
2011-12-05 10:30:00,36.7,36.8,36.62,36.79,52015
2011-12-05 10:45:00,36.79,36.91,36.75,36.900999999999996,38465
2011-12-05 11:00:00,36.9,36.94,36.86,36.89,26442
2011-12-05 11:15:00,36.88,36.95,36.87,36.95,19342
2011-12-05 11:30:00,36.94,36.98,36.85,36.89,20394
2011-12-05 11:45:00,36.885,36.95,36.855,36.95,21000
2011-12-05 12:00:00,36.95,36.98,36.935,36.955,20241
2011-12-05 12:15:00,36.955,37.0,36.94,36.975,19650
2011-12-05 12:30:00,36.97,36.98,36.95,36.975,11860
2011-12-05 12:45:00,36.97,37.0,36.96,37.0,8200
2011-12-05 13:00:00,37.0,37.02,36.945,36.96,58753
2011-12-05 13:15:00,36.945,37.01,36.92,36.945,35400
2011-12-05 13:30:00,36.94,36.94,36.84,36.85,12545
2011-12-05 13:45:00,36.84,36.88,36.66,36.72,31799
2011-12-05 14:00:00,36.71,36.78,36.66,36.72,35943
2011-12-05 14:15:00,36.72,36.76,36.65,36.75,31880
2011-12-05 14:30:00,36.74,36.79,36.69,36.75,25028
2011-12-05 14:45:00,36.731,36.76,36.68,36.71,25442
2011-12-05 15:00:00,36.7,36.74,36.63,36.71,28678
2011-12-05 15:15:00,36.72,36.76,36.55,36.55,62902
2011-12-05 15:30:00,36.56,36.6,36.5,36.58,68424
2011-12-05 15:45:00,36.57,36.7,36.54,36.69,101715
2011-12-05 16:00:00,36.68,36.82,36.65,36.78,176581
2011-12-06 09:45:00,36.9,36.9,36.44,36.52,23489
2011-12-06 10:00:00,36.47,36.54,36.37,36.49,14458
2011-12-06 10:15:00,36.5,36.59,36.36,36.49,27646
2011-12-06 10:30:00,36.48,36.68,36.44,36.67,39028
2011-12-06 10:45:00,36.66,36.72,36.61,36.6798,18487
2011-12-06 11:00:00,36.68,36.75,36.64,36.6698,18322
2011-12-06 11:15:00,36.69,36.77,36.64,36.67,15682
2011-12-06 11:30:00,36.67,36.68,36.57,36.57,14563
2011-12-06 11:45:00,36.575,36.63,36.46,36.47,22053
2011-12-06 12:00:00,36.47,36.52,36.37,36.52,25232
2011-12-06 12:15:00,36.52,36.64,36.5,36.64,24618
2011-12-06 12:30:00,36.64,36.67,36.5706,36.64,18641
2011-12-06 12:45:00,36.63,36.65,36.53,36.6,39436
2011-12-06 13:00:00,36.6,36.66,36.6,36.635999999999996,10537
2011-12-06 13:15:00,36.64,36.74,36.57,36.7,44980
2011-12-06 13:30:00,36.71,36.82,36.68,36.805,30731
2011-12-06 13:45:00,36.81,36.82,36.74,36.74,22013
2011-12-06 14:00:00,36.74,36.87,36.73,36.85,32222
2011-12-06 14:15:00,36.84,36.84,36.75,36.79,38061
2011-12-06 14:30:00,36.8,36.91,36.79,36.91,46697
2011-12-06 14:45:00,36.9075,37.28,36.89,37.175,147935
2011-12-06 15:00:00,37.17,37.275,37.07,37.2499,62887
2011-12-06 15:15:00,37.24,37.335,37.22,37.31,71700
2011-12-06 15:30:00,37.305,37.35,37.17,37.17,79936
2011-12-06 15:45:00,37.17,37.29,37.17,37.24,126471
2011-12-06 16:00:00,37.245,37.27,37.12,37.13,173393
2011-12-07 09:45:00,37.03,37.09,36.5,36.57,35465
2011-12-07 10:00:00,36.6,36.74,36.57,36.65,31830
2011-12-07 10:15:00,36.64,36.64,36.52,36.6199,43017
2011-12-07 10:30:00,36.62,36.78,36.56,36.62,45869
2011-12-07 10:45:00,36.62,36.8,36.6,36.79,56984
2011-12-07 11:00:00,36.79,36.83,36.6,36.63,30712
2011-12-07 11:15:00,36.64,36.72,36.63,36.64,24225
2011-12-07 11:30:00,36.6325,36.76,36.6,36.7475,26640
2011-12-07 11:45:00,36.76,36.85,36.74,36.75,28958
2011-12-07 12:00:00,36.76,36.79,36.67,36.76,22385
2011-12-07 12:15:00,36.76,36.83,36.74,36.77,20262
2011-12-07 12:30:00,36.76,36.95,36.76,36.95,20877
2011-12-07 12:45:00,36.94,36.99,36.904,36.99,16101
2011-12-07 13:00:00,36.98,37.0,36.89,36.89,24568
2011-12-07 13:15:00,36.89,36.9,36.745,36.7599,26051
2011-12-07 13:30:00,36.76,36.83,36.74,36.83,44596
2011-12-07 13:45:00,36.82,36.87,36.77,36.8499,37991
2011-12-07 14:00:00,36.84,36.86,36.74,36.85,34253
2011-12-07 14:15:00,36.85,36.85,36.755,36.79,34630
2011-12-07 14:30:00,36.8,36.905,36.78,36.9,39628
2011-12-07 14:45:00,36.9,36.93,36.81,36.82,52012
2011-12-07 15:00:00,36.83,36.86,36.77,36.81,44202
2011-12-07 15:15:00,36.82,36.84,36.72,36.75,39311
2011-12-07 15:30:00,36.76,36.885,36.75,36.88,53032
2011-12-07 15:45:00,36.875,37.14,36.83,37.05,104293
2011-12-07 16:00:00,37.05,37.195,36.995,37.04,186136
2011-12-08 09:45:00,36.85,37.03,36.6008,36.75,68330
2011-12-08 10:00:00,36.77,37.32,36.77,37.25,56671
2011-12-08 10:15:00,37.19,37.19,36.75,36.89,106770
2011-12-08 10:30:00,36.89,36.94,36.8195,36.91,58328
2011-12-08 10:45:00,36.91,37.09,36.89,37.07,31832
2011-12-08 11:00:00,37.06,37.14,36.91,36.91,38274
2011-12-08 11:15:00,36.91,36.91,36.8,36.8,50371
2011-12-08 11:30:00,36.79,36.92,36.72,36.73,34634
2011-12-08 11:45:00,36.72,36.83,36.72,36.76,31160
2011-12-08 12:00:00,36.76,36.85,36.76,36.81,24354
2011-12-08 12:15:00,36.81,36.85,36.74,36.81,25958
2011-12-08 12:30:00,36.8,36.86,36.8,36.85,20655
2011-12-08 12:45:00,36.84,36.87,36.76,36.82,26434
2011-12-08 13:00:00,36.82,36.86,36.79,36.81,19453
2011-12-08 13:15:00,36.8,36.8,36.57,36.57,31512
2011-12-08 13:30:00,36.56,36.63,36.51,36.6,22233
2011-12-08 13:45:00,36.59,36.73,36.56,36.72,25229
2011-12-08 14:00:00,36.72,36.74,36.64,36.73,29511
2011-12-08 14:15:00,36.72,36.72,36.615,36.6399,32682
2011-12-08 14:30:00,36.63,36.7,36.63,36.65,21820
2011-12-08 14:45:00,36.65,36.692,36.6025,36.62,38071
2011-12-08 15:00:00,36.63,36.66,36.54,36.66,47718
2011-12-08 15:15:00,36.65,36.71,36.61,36.69,66428
2011-12-08 15:30:00,36.69,36.72,36.61,36.65,105517
2011-12-08 15:45:00,36.65,36.84,36.62,36.65,191992
2011-12-08 16:00:00,36.65,36.65,36.37,36.42,200657
2011-12-09 09:45:00,36.5,36.64,36.344,36.55,28818
2011-12-09 10:00:00,36.53,36.77,36.42,36.73,19746
2011-12-09 10:15:00,36.72,36.99,36.72,36.9,39926
2011-12-09 10:30:00,36.89,36.94,36.75,36.755,62045
2011-12-09 10:45:00,36.76,36.84,36.66,36.7,32364
2011-12-09 11:00:00,36.715,36.84,36.64,36.84,71011
2011-12-09 11:15:00,36.85,36.99,36.8,36.83,53325
2011-12-09 11:30:00,36.84,36.86,36.66,36.77,54751
2011-12-09 11:45:00,36.78,36.9,36.76,36.86,70157
2011-12-09 12:00:00,36.87,36.89,36.7298,36.74,11928
2011-12-09 12:15:00,36.74,36.74,36.66,36.68,14634
2011-12-09 12:30:00,36.69,36.7,36.655,36.66,13639
2011-12-09 12:45:00,36.67,36.8,36.66,36.76,11384
2011-12-09 13:00:00,36.77,36.8,36.6975,36.7,12162
2011-12-09 13:15:00,36.71,36.81,36.71,36.8,14500
2011-12-09 13:30:00,36.8,36.87,36.79,36.84,23677
2011-12-09 13:45:00,36.83,36.85,36.81,36.84,12648
2011-12-09 14:00:00,36.8338,36.84,36.76,36.795,25272
2011-12-09 14:15:00,36.79,36.81,36.76,36.7799,14721
2011-12-09 14:30:00,36.7799,36.85,36.73,36.82,11443
2011-12-09 14:45:00,36.83,36.85,36.8278,36.84,13655
2011-12-09 15:00:00,36.84,36.86,36.8184,36.82,29817
2011-12-09 15:15:00,36.8137,36.83,36.71,36.78,28680
2011-12-09 15:30:00,36.79,36.8,36.73,36.78,23653
2011-12-09 15:45:00,36.78,36.83,36.74,36.81,22551
2011-12-09 16:00:00,36.81,36.81,36.69,36.76,61549
2011-12-12 09:45:00,37.01,37.01,36.29,36.42,47100
2011-12-12 10:00:00,36.41,36.59,36.41,36.52,23227
2011-12-12 10:15:00,36.53,36.54,36.44,36.5,20435
2011-12-12 10:30:00,36.48,36.48,36.385,36.43,24714
2011-12-12 10:45:00,36.44,36.47,36.39,36.455,23759
2011-12-12 11:00:00,36.4542,36.5,36.4302,36.48,11372
2011-12-12 11:15:00,36.48,36.5,36.47,36.48,10442
2011-12-12 11:30:00,36.47,36.51,36.43,36.43,22676
2011-12-12 11:45:00,36.435,36.44,36.35,36.36,10741
2011-12-12 12:00:00,36.37,36.37,36.25,36.29,14475
2011-12-12 12:15:00,36.28,36.35,36.24,36.34,26946
2011-12-12 12:30:00,36.33,36.37,36.3129,36.37,12078
2011-12-12 12:45:00,36.37,36.47,36.36,36.46,14224
2011-12-12 13:00:00,36.46,36.5,36.42,36.44,14591
2011-12-12 13:15:00,36.43,36.45,36.38,36.38,13739
2011-12-12 13:30:00,36.37,36.39,36.34,36.34,24824
2011-12-12 13:45:00,36.34,36.37,36.3,36.36,14735
2011-12-12 14:00:00,36.36,36.38,36.34,36.35,14746
2011-12-12 14:15:00,36.34,36.35,36.31,36.325,14480
2011-12-12 14:30:00,36.3254,36.39,36.3254,36.35,32873
2011-12-12 14:45:00,36.34,36.35,36.22,36.28,32939
2011-12-12 15:00:00,36.28,36.31,36.22,36.26,73382
2011-12-12 15:15:00,36.25,36.28,36.18,36.19,61959
2011-12-12 15:30:00,36.195,36.25,36.15,36.25,53786
2011-12-12 15:45:00,36.25,36.41,36.24,36.335,71985
2011-12-12 16:00:00,36.34,36.4,36.3,36.37,99462
2011-12-13 09:45:00,36.61,36.62,36.4108,36.45,35369
2011-12-13 10:00:00,36.47,36.47,36.2101,36.29,27668
2011-12-13 10:15:00,36.3,36.31,36.16,36.18,59887
2011-12-13 10:30:00,36.18,36.26,36.0,36.01,36111
2011-12-13 10:45:00,36.01,36.05,35.88,35.89,32940
2011-12-13 11:00:00,35.9,35.91,35.66,35.77,67020
2011-12-13 11:15:00,35.76,35.81,35.7,35.72,52398
2011-12-13 11:30:00,35.72,35.72,35.6,35.66,44311
2011-12-13 11:45:00,35.67,35.7758,35.641999999999996,35.73,15311
2011-12-13 12:00:00,35.74,35.78,35.68,35.778,17763
2011-12-13 12:15:00,35.76,35.85,35.76,35.82,14030
2011-12-13 12:30:00,35.82,35.82,35.7,35.71,21136
2011-12-13 12:45:00,35.71,35.71,35.55,35.57,16847
2011-12-13 13:00:00,35.56,35.63,35.54,35.62,14900
2011-12-13 13:15:00,35.61,35.61,35.52,35.56,22802
2011-12-13 13:30:00,35.56,35.58,35.53,35.54,15745
2011-12-13 13:45:00,35.53,35.58,35.43,35.449,37036
2011-12-13 14:00:00,35.44,35.46,35.37,35.38,26705
2011-12-13 14:15:00,35.38,35.48,35.27,35.33,77736
2011-12-13 14:30:00,35.33,35.35,35.19,35.32,40732
2011-12-13 14:45:00,35.31,35.3394,35.07,35.165,52058
2011-12-13 15:00:00,35.16,35.19,35.07,35.115,45757
2011-12-13 15:15:00,35.12,35.21,35.08,35.08,61142
2011-12-13 15:30:00,35.08,35.095,34.92,34.96,116482
2011-12-13 15:45:00,34.95,34.96,34.77,34.86,113131
2011-12-13 16:00:00,34.86,34.92,34.72,34.8,300520
2011-12-14 09:45:00,34.9,34.9,34.27,34.76,49853
2011-12-14 10:00:00,34.72,34.73,34.48,34.49,48798
2011-12-14 10:15:00,34.48,34.48,34.16,34.19,69785
2011-12-14 10:30:00,34.2,34.28,34.14,34.28,43670
2011-12-14 10:45:00,34.28,34.41,34.23,34.35,51831
2011-12-14 11:00:00,34.36,34.38,34.25,34.25,72184
2011-12-14 11:15:00,34.25,34.31,34.165,34.18,49124
2011-12-14 11:30:00,34.175,34.19,34.0,34.01,67476
2011-12-14 11:45:00,34.02,34.065,33.98,34.055,37163
2011-12-14 12:00:00,34.055,34.115,34.05,34.105,24387
2011-12-14 12:15:00,34.105,34.14,34.03,34.09,48655
2011-12-14 12:30:00,34.09,34.13,34.06,34.1,37233
2011-12-14 12:45:00,34.1,34.2695,34.1,34.24,27685
2011-12-14 13:00:00,34.235,34.25,34.14,34.16,31908
2011-12-14 13:15:00,34.17,34.21,34.13,34.21,29785
2011-12-14 13:30:00,34.21,34.27,34.2,34.23,35308
2011-12-14 13:45:00,34.24,34.24,34.17,34.19,29648
2011-12-14 14:00:00,34.18,34.19,34.04,34.05,39864
2011-12-14 14:15:00,34.05,34.055,33.94,33.94,45154
2011-12-14 14:30:00,33.93,34.0,33.92,33.99,37028
2011-12-14 14:45:00,33.99,34.0,33.85,33.87,50250
2011-12-14 15:00:00,33.87,33.93,33.8,33.815,51246
2011-12-14 15:15:00,33.82,33.97,33.82,33.955,76829
2011-12-14 15:30:00,33.94,33.95,33.85,33.938,80678
2011-12-14 15:45:00,33.94,33.97,33.82,33.85,89008
2011-12-14 16:00:00,33.85,33.98,33.81,33.84,161352
2011-12-15 09:45:00,34.0,34.14,33.6,33.61,90890
2011-12-15 10:00:00,33.61,33.87,33.54,33.838,58889
2011-12-15 10:15:00,33.84,33.88,33.43,33.43,53576
2011-12-15 10:30:00,33.44,33.69,33.36,33.67,57501
2011-12-15 10:45:00,33.67,33.75,33.56,33.57,52454
2011-12-15 11:00:00,33.57,33.64,33.55,33.55,187182
2011-12-15 11:15:00,33.56,33.72,33.55,33.71,29720
2011-12-15 11:30:00,33.72,33.84,33.68,33.83,35009
2011-12-15 11:45:00,33.82,34.0,33.81,33.995,196146
2011-12-15 12:00:00,34.0,34.06,33.96,34.01,43725
2011-12-15 12:15:00,34.01,34.13,34.01,34.11,22056
2011-12-15 12:30:00,34.11,34.24,34.11,34.17,22568
2011-12-15 12:45:00,34.17,34.21,34.15,34.15,16102
2011-12-15 13:00:00,34.16,34.25,34.15,34.16,16872
2011-12-15 13:15:00,34.16,34.19,34.15,34.18,12424
2011-12-15 13:30:00,34.18,34.3078,34.18,34.22,19327
2011-12-15 13:45:00,34.2396,34.43,34.19,34.425,82239
2011-12-15 14:00:00,34.42,34.43,34.3399,34.35,20438
2011-12-15 14:15:00,34.35,34.38,34.3,34.35,22729
2011-12-15 14:30:00,34.36,34.38,34.2652,34.28,27346
2011-12-15 14:45:00,34.28,34.33,34.26,34.3,31677
2011-12-15 15:00:00,34.28,34.29,34.18,34.23,55818
2011-12-15 15:15:00,34.22,34.24,34.16,34.16,58011
2011-12-15 15:30:00,34.16,34.29,34.15,34.2648,96876
2011-12-15 15:45:00,34.26,34.38,34.26,34.32,110269
2011-12-15 16:00:00,34.31,34.31,34.21,34.29,216153
2011-12-16 09:45:00,34.53,34.68,34.32,34.36,145803
2011-12-16 10:00:00,34.38,34.39,34.29,34.335,14077
2011-12-16 10:15:00,34.335,34.57,34.27,34.54,27048
2011-12-16 10:30:00,34.56,34.6,34.44,34.44,11050
2011-12-16 10:45:00,34.44,34.47,34.38,34.44,19979
2011-12-16 11:00:00,34.45,34.48,34.41,34.43,15653
2011-12-16 11:15:00,34.43,34.47,34.36,34.393,17280
2011-12-16 11:30:00,34.39,34.48,34.39,34.43,24944
2011-12-16 11:45:00,34.45,34.46,34.35,34.36,16839
2011-12-16 12:00:00,34.36,34.39,34.24,34.24,24152
2011-12-16 12:15:00,34.23,34.24,34.18,34.205,27245
2011-12-16 12:30:00,34.21,34.22,34.16,34.19,22133
2011-12-16 12:45:00,34.19,34.19,34.06,34.09,29750
2011-12-16 13:00:00,34.08,34.11,34.05,34.085,41853
2011-12-16 13:15:00,34.08,34.1,34.035,34.035,31062
2011-12-16 13:30:00,34.04,34.07,34.02,34.055,27844
2011-12-16 13:45:00,34.06,34.07,34.01,34.04,29955
2011-12-16 14:00:00,34.03,34.06,33.865,33.865,53731
2011-12-16 14:15:00,33.865,33.89,33.81,33.855,74914
2011-12-16 14:30:00,33.86,33.88,33.8,33.88,42109
2011-12-16 14:45:00,33.8771,33.98,33.84,33.88,65336
2011-12-16 15:00:00,33.89,33.94,33.87,33.93,40156
2011-12-16 15:15:00,33.94,34.03,33.93,34.02,55536
2011-12-16 15:30:00,34.0171,34.03,33.91,33.91,53089
2011-12-16 15:45:00,33.91,34.0,33.9,33.95,56111
2011-12-16 16:00:00,33.95,34.15,33.95,33.99,404601
2011-12-19 09:45:00,33.62,33.65,33.2,33.24,178272
2011-12-19 10:00:00,33.26,33.38,33.24,33.38,60315
2011-12-19 10:15:00,33.38,33.42,33.08,33.25,121552
2011-12-19 10:30:00,33.25,33.26,33.03,33.07,143030
2011-12-19 10:45:00,33.08,33.21,33.04,33.13,94248
2011-12-19 11:00:00,33.13,33.14,33.06,33.13,96877
2011-12-19 11:15:00,33.12,33.2,33.11,33.2,45088
2011-12-19 11:30:00,33.1998,33.2,33.1,33.12,41877
2011-12-19 11:45:00,33.11,33.16,32.98,32.99,39264
2011-12-19 12:00:00,32.9993,33.05,32.85,32.85,46809
2011-12-19 12:15:00,32.85,32.97,32.85,32.95,22297
2011-12-19 12:30:00,32.9599,33.02,32.93,32.96,31980
2011-12-19 12:45:00,32.96,32.96,32.89,32.89,27104
2011-12-19 13:00:00,32.9,32.92,32.9,32.9075,23236
2011-12-19 13:15:00,32.9,32.925,32.9,32.92,27233
2011-12-19 13:30:00,32.91,32.99,32.91,32.98,54419
2011-12-19 13:45:00,32.99,33.02,32.96,33.02,25398
2011-12-19 14:00:00,33.02,33.16,33.02,33.08,29520
2011-12-19 14:15:00,33.07,33.09,32.98,33.0,37414
2011-12-19 14:30:00,32.99,33.01,32.96,32.98,37703
2011-12-19 14:45:00,32.98,33.0,32.96,32.99,43712
2011-12-19 15:00:00,32.99,33.0,32.97,32.995,37823
2011-12-19 15:15:00,32.999,33.0,32.93,32.9475,176392
2011-12-19 15:30:00,32.935,32.95,32.8,32.8,92250
2011-12-19 15:45:00,32.8025,32.82,32.68,32.73,145788
2011-12-19 16:00:00,32.73,32.81,32.7,32.78,207208
2011-12-20 09:45:00,33.08,33.31,32.96,33.01,114243
2011-12-20 10:00:00,33.01,33.07,32.98,33.05,61394
2011-12-20 10:15:00,33.05,33.08,32.98,33.0,61782
2011-12-20 10:30:00,33.01,33.01,32.96,32.98,59973
2011-12-20 10:45:00,32.98,33.01,32.95,32.95,53430
2011-12-20 11:00:00,32.96,33.0299,32.94,32.97,57170
2011-12-20 11:15:00,32.98,33.02,32.88,32.95,58507
2011-12-20 11:30:00,32.96,32.99,32.88,32.89,49470
2011-12-20 11:45:00,32.9,32.93,32.8,32.82,67911
2011-12-20 12:00:00,32.8294,32.92,32.81,32.85,55742
2011-12-20 12:15:00,32.85,32.87,32.77,32.785,82470
2011-12-20 12:30:00,32.77,32.78,32.6,32.63,73806
2011-12-20 12:45:00,32.64,32.725,32.63,32.715,55311
2011-12-20 13:00:00,32.72,32.78,32.71,32.725,108870
2011-12-20 13:15:00,32.73,32.75,32.63,32.68,219341
2011-12-20 13:30:00,32.68,32.76,32.67,32.71,68876
2011-12-20 13:45:00,32.7002,32.76,32.7,32.76,60502
2011-12-20 14:00:00,32.77,32.81,32.73,32.76,146592
2011-12-20 14:15:00,32.76,32.78,32.73,32.78,34079
2011-12-20 14:30:00,32.7775,32.785,32.74,32.75,80132
2011-12-20 14:45:00,32.76,32.77,32.75,32.77,80327
2011-12-20 15:00:00,32.77,32.8,32.76,32.795,158415
2011-12-20 15:15:00,32.8,32.8,32.715,32.74,137399
2011-12-20 15:30:00,32.75,32.75,32.68,32.73,141218
2011-12-20 15:45:00,32.73,32.84,32.67,32.84,164686
2011-12-20 16:00:00,32.84,32.87,32.75,32.77,274223
2011-12-21 09:45:00,32.84,32.84,32.52,32.56,76657
2011-12-21 10:00:00,32.56,32.74,32.56,32.662,34690
2011-12-21 10:15:00,32.67,32.71,32.61,32.7,45146
2011-12-21 10:30:00,32.7,32.72,32.66,32.7,143028
2011-12-21 10:45:00,32.7,32.75,32.63,32.67,46459
2011-12-21 11:00:00,32.67,32.71,32.66,32.68,38717
2011-12-21 11:15:00,32.69,32.72,32.67,32.69,27600
2011-12-21 11:30:00,32.68,32.685,32.61,32.66,32885
2011-12-21 11:45:00,32.65,32.665,32.61,32.64,26492
2011-12-21 12:00:00,32.6429,32.675,32.61,32.65,22343
2011-12-21 12:15:00,32.65,32.665,32.55,32.6,30599
2011-12-21 12:30:00,32.6,32.65,32.57,32.61,23623
2011-12-21 12:45:00,32.62,32.72,32.61,32.7,131813
2011-12-21 13:00:00,32.7,32.75,32.69,32.73,46463
2011-12-21 13:15:00,32.73,32.79,32.7,32.7,45330
2011-12-21 13:30:00,32.71,32.75,32.6905,32.74,23715
2011-12-21 13:45:00,32.74,32.8,32.7,32.76,54003
2011-12-21 14:00:00,32.77,32.98,32.77,32.98,38870
2011-12-21 14:15:00,32.98,33.05,32.94,33.05,46053
2011-12-21 14:30:00,33.05,33.12,33.0499,33.05,59400
2011-12-21 14:45:00,33.06,33.1096,32.97,33.07,47384
2011-12-21 15:00:00,33.07,33.155,33.06,33.1,61267
2011-12-21 15:15:00,33.09,33.15,33.07,33.15,53206
2011-12-21 15:30:00,33.14,33.18,33.12,33.13,51745
2011-12-21 15:45:00,33.13,33.2,33.13,33.17,86791
2011-12-21 16:00:00,33.17,33.17,33.05,33.17,152333
2011-12-22 09:45:00,33.05,33.14,32.56,33.0,105585
2011-12-22 10:00:00,32.99,33.0,32.77,32.89,44947
2011-12-22 10:15:00,32.9,32.96,32.68,32.735,55379
2011-12-22 10:30:00,32.73,32.99,32.73,32.96,45343
2011-12-22 10:45:00,32.96,32.96,32.84,32.89,29068
2011-12-22 11:00:00,32.88,32.91,32.8,32.9,29911
2011-12-22 11:15:00,32.89,32.95,32.63,32.63,103149
2011-12-22 11:30:00,32.63,32.63,32.42,32.43,117905
2011-12-22 11:45:00,32.43,32.43,32.32,32.32,82497
2011-12-22 12:00:00,32.32,32.32,32.14,32.22,82521
2011-12-22 12:15:00,32.22,32.44,32.219,32.44,44190
2011-12-22 12:30:00,32.43,32.5,32.43,32.475,31674
2011-12-22 12:45:00,32.48,32.48,32.325,32.33,34379
2011-12-22 13:00:00,32.33,32.33,32.19,32.195,44713
2011-12-22 13:15:00,32.195,32.33,32.185,32.3,146512
2011-12-22 13:30:00,32.3,32.34,32.22,32.24,92678
2011-12-22 13:45:00,32.23,32.28,32.23,32.27,36500
2011-12-22 14:00:00,32.28,32.31,32.21,32.2104,51430
2011-12-22 14:15:00,32.21,32.255,32.18,32.235,43570
2011-12-22 14:30:00,32.24,32.28,32.22,32.26,49060
2011-12-22 14:45:00,32.26,32.31,32.24,32.305,39136
2011-12-22 15:00:00,32.31,32.34,32.27,32.275,66010
2011-12-22 15:15:00,32.27,32.285,32.24,32.27,103469
2011-12-22 15:30:00,32.2696,32.34,32.26,32.335,65410
2011-12-22 15:45:00,32.34,32.39,32.3,32.31,132123
2011-12-22 16:00:00,32.31,32.31,32.125,32.16,323680
2011-12-23 09:45:00,32.3,32.49,32.101,32.44,51865
2011-12-23 10:00:00,32.45,32.61,32.45,32.5676,28055
2011-12-23 10:15:00,32.57,32.58,32.47,32.47,62721
2011-12-23 10:30:00,32.46,32.55,32.39,32.39,44832
2011-12-23 10:45:00,32.38,32.58,32.34,32.56,48694
2011-12-23 11:00:00,32.57,32.58,32.5,32.51,37024
2011-12-23 11:15:00,32.51,32.55,32.42,32.5,47904
2011-12-23 11:30:00,32.5,32.5,32.48,32.5,23301
2011-12-23 11:45:00,32.5,32.5,32.4807,32.491,36088
2011-12-23 12:00:00,32.49,32.5,32.49,32.495,12182
2011-12-23 12:15:00,32.5,32.5,32.44,32.5,49177
2011-12-23 12:30:00,32.5,32.5,32.47,32.48,15511
2011-12-23 12:45:00,32.48,32.485,32.44,32.475,18443
2011-12-23 13:00:00,32.48,32.48,32.41,32.43,28743
2011-12-23 13:15:00,32.425,32.43,32.32,32.37,32364
2011-12-23 13:30:00,32.37,32.38,32.31,32.33,32531
2011-12-23 13:45:00,32.33,32.33,32.28,32.28,22578
2011-12-23 14:00:00,32.28,32.32,32.27,32.31,27319
2011-12-23 14:15:00,32.32,32.38,32.31,32.31,45472
2011-12-23 14:30:00,32.31,32.32,32.29,32.2929,19468
2011-12-23 14:45:00,32.3,32.31,32.27,32.29,31192
2011-12-23 15:00:00,32.295,32.32,32.29,32.3,26048
2011-12-23 15:15:00,32.3,32.35,32.29,32.33,26827
2011-12-23 15:30:00,32.34,32.35,32.33,32.35,35358
2011-12-23 15:45:00,32.34,32.41,32.325,32.41,58320
2011-12-23 16:00:00,32.41,32.43,32.375,32.41,107320
2011-12-27 09:45:00,32.45,32.46,32.32,32.36,58334
2011-12-27 10:00:00,32.37,32.4,32.28,32.29,175437
2011-12-27 10:15:00,32.3,32.391999999999996,32.16,32.2,105642
2011-12-27 10:30:00,32.21,32.26,32.15,32.21,33848
2011-12-27 10:45:00,32.22,32.22,32.1512,32.18,32032
2011-12-27 11:00:00,32.17,32.2,32.15,32.195,31883
2011-12-27 11:15:00,32.2,32.235,32.17,32.235,35575
2011-12-27 11:30:00,32.23,32.23,32.18,32.2,20905
2011-12-27 11:45:00,32.19,32.2,32.05,32.08,53123
2011-12-27 12:00:00,32.06,32.065,31.9,31.98,96398
2011-12-27 12:15:00,31.97,32.02,31.97,31.9984,36400
2011-12-27 12:30:00,31.998,32.1,31.96,32.04,51113
2011-12-27 12:45:00,32.035,32.15,32.03,32.14,33373
2011-12-27 13:00:00,32.15,32.16,32.08,32.08,25927
2011-12-27 13:15:00,32.08,32.1,32.02,32.04,30233
2011-12-27 13:30:00,32.04,32.18,32.04,32.17,35432
2011-12-27 13:45:00,32.17,32.26,32.15,32.25,34944
2011-12-27 14:00:00,32.25,32.26,32.19,32.23,31420
2011-12-27 14:15:00,32.24,32.27,32.1,32.15,77774
2011-12-27 14:30:00,32.15,32.155,32.05,32.05,81157
2011-12-27 14:45:00,32.06,32.129,32.05,32.12,34836
2011-12-27 15:00:00,32.12,32.13,32.1,32.11,23155
2011-12-27 15:15:00,32.11,32.189,32.1,32.11,66627
2011-12-27 15:30:00,32.1,32.14,32.0975,32.135,48577
2011-12-27 15:45:00,32.14,32.19,32.09,32.15,64039
2011-12-27 16:00:00,32.15,32.22,32.13,32.14,139287
2011-12-28 09:45:00,32.31,32.31,32.03,32.06,52102
2011-12-28 10:00:00,32.05,32.05,31.79,32.0,33822
2011-12-28 10:15:00,31.99,32.0,31.74,31.76,40179
2011-12-28 10:30:00,31.78,31.78,31.65,31.7,26624
2011-12-28 10:45:00,31.71,31.73,31.62,31.68,16847
2011-12-28 11:00:00,31.6889,31.74,31.68,31.7,19118
2011-12-28 11:15:00,31.7,31.73,31.7,31.7,26460
2011-12-28 11:30:00,31.7097,31.72,31.64,31.64,24940
2011-12-28 11:45:00,31.64,31.66,31.59,31.6,14673
2011-12-28 12:00:00,31.5993,31.6,31.51,31.53,23017
2011-12-28 12:15:00,31.53,31.59,31.5164,31.5804,25605
2011-12-28 12:30:00,31.5894,31.71,31.57,31.61,41199
2011-12-28 12:45:00,31.62,31.69,31.61,31.6799,20769
2011-12-28 13:00:00,31.67,31.67,31.62,31.62,21697
2011-12-28 13:15:00,31.63,31.68,31.63,31.67,22513
2011-12-28 13:30:00,31.69,31.7371,31.68,31.72,15542
2011-12-28 13:45:00,31.73,31.77,31.68,31.68,12854
2011-12-28 14:00:00,31.689,31.77,31.685,31.73,16505
2011-12-28 14:15:00,31.7201,31.74,31.66,31.68,19744
2011-12-28 14:30:00,31.6794,31.7,31.63,31.68,16648
2011-12-28 14:45:00,31.69,31.7,31.645,31.65,19132
2011-12-28 15:00:00,31.65,31.69,31.65,31.68,16452
2011-12-28 15:15:00,31.67,31.72,31.67,31.7,26728
2011-12-28 15:30:00,31.69,31.75,31.62,31.66,71469
2011-12-28 15:45:00,31.67,31.7,31.625,31.68,46738
2011-12-28 16:00:00,31.68,31.71,31.6,31.66,119467
2011-12-29 09:45:00,31.83,32.0,31.72,31.985,55188
2011-12-29 10:00:00,31.98,32.03,31.97,32.015,30734
2011-12-29 10:15:00,32.01,32.17,32.01,32.06,42027
2011-12-29 10:30:00,32.07,32.08,32.0,32.06,37121
2011-12-29 10:45:00,32.07,32.11,31.99,32.0301,58374
2011-12-29 11:00:00,32.03,32.04,31.97,31.98,25935
2011-12-29 11:15:00,31.98,32.0,31.89,31.9225,53395
2011-12-29 11:30:00,31.93,32.06,31.9019,31.99,62127
2011-12-29 11:45:00,31.98,32.04,31.98,32.04,15211
2011-12-29 12:00:00,32.03,32.1,32.03,32.09,13366
2011-12-29 12:15:00,32.09,32.1,31.965,31.97,13245
2011-12-29 12:30:00,31.97,32.0145,31.95,31.95,10397
2011-12-29 12:45:00,31.96,31.96,31.9,31.919,13263
2011-12-29 13:00:00,31.92,31.98,31.91,31.98,34269
2011-12-29 13:15:00,31.98,31.995,31.935,31.935,22664
2011-12-29 13:30:00,31.94,31.96,31.91,31.96,42834
2011-12-29 13:45:00,31.96,32.0144,31.95,31.96,17662
2011-12-29 14:00:00,31.96,31.98,31.94,31.95,17878
2011-12-29 14:15:00,31.96,32.03,31.96,32.01,24546
2011-12-29 14:30:00,32.01,32.01,31.94,31.94,38439
2011-12-29 14:45:00,31.94,31.94,31.9,31.9,21942
2011-12-29 15:00:00,31.9,31.955,31.9,31.93,22288
2011-12-29 15:15:00,31.94,31.995,31.92,31.975,32968
2011-12-29 15:30:00,31.98,32.005,31.96,32.0,32462
2011-12-29 15:45:00,32.0,32.09,31.99,32.06,48937
2011-12-29 16:00:00,32.06,32.09,31.99,32.03,89151
2011-12-30 09:45:00,32.14,32.14,32.01,32.01,29393
2011-12-30 10:00:00,32.03,32.14,32.03,32.11,19869
2011-12-30 10:15:00,32.11,32.13,32.04,32.11,14600
2011-12-30 10:30:00,32.11,32.14,32.03,32.08,31472
2011-12-30 10:45:00,32.09,32.15,32.04,32.04,32775
2011-12-30 11:00:00,32.0401,32.11,32.0,32.05,29969
2011-12-30 11:15:00,32.04,32.05,32.0,32.01,42627
2011-12-30 11:30:00,32.02,32.04,32.02,32.03,9981
2011-12-30 11:45:00,32.03,32.03,31.99,32.0,12948
2011-12-30 12:00:00,31.99,32.04,31.925,31.925,35780
2011-12-30 12:15:00,31.93,31.94,31.87,31.8794,34817
2011-12-30 12:30:00,31.8728,31.88,31.79,31.85,48818
2011-12-30 12:45:00,31.845,31.95,31.84,31.95,45099
2011-12-30 13:00:00,31.95,31.97,31.94,31.965,33007
2011-12-30 13:15:00,31.965,31.975,31.96,31.96,19893
2011-12-30 13:30:00,31.96,31.96,31.91,31.91,28727
2011-12-30 13:45:00,31.91,31.95,31.91,31.925,20270
2011-12-30 14:00:00,31.925,31.93,31.92,31.9201,19441
2011-12-30 14:15:00,31.925,31.93,31.9,31.925,17915
2011-12-30 14:30:00,31.92,31.92,31.895,31.91,51858
2011-12-30 14:45:00,31.915,31.93,31.91,31.9195,31811
2011-12-30 15:00:00,31.92,31.93,31.89,31.9,46233
2011-12-30 15:15:00,31.9,31.91,31.895,31.905,49922
2011-12-30 15:30:00,31.905,31.95,31.9,31.92,62230
2011-12-30 15:45:00,31.92,32.0,31.915,31.97,65896
2011-12-30 16:00:00,31.96,31.97,31.89,31.89,279361
2012-01-03 09:45:00,32.26,32.53,32.25,32.3,56568
2012-01-03 10:00:00,32.3,32.31,32.12,32.21,69869
2012-01-03 10:15:00,32.21,32.43,32.17,32.42,89625
2012-01-03 10:30:00,32.42,32.48,32.39,32.41,58519
2012-01-03 10:45:00,32.4,32.46,32.385,32.39,37640
2012-01-03 11:00:00,32.4,32.44,32.395,32.42,22542
2012-01-03 11:15:00,32.42,32.51,32.41,32.485,39355
2012-01-03 11:30:00,32.48,32.5,32.47,32.49,21306
2012-01-03 11:45:00,32.49,32.548,32.45,32.475,63632
2012-01-03 12:00:00,32.4701,32.565,32.4313,32.44,124070
2012-01-03 12:15:00,32.44,32.44,32.395,32.4,43038
2012-01-03 12:30:00,32.4,32.42,32.26,32.32,94734
2012-01-03 12:45:00,32.32,32.32,32.07,32.08,124727
2012-01-03 13:00:00,32.08,32.14,32.03,32.09,69262
2012-01-03 13:15:00,32.09,32.23,32.08,32.14,296588
2012-01-03 13:30:00,32.13,32.17,32.1,32.1,169190
2012-01-03 13:45:00,32.11,32.115,32.02,32.08,88108
2012-01-03 14:00:00,32.08,32.21,32.08,32.21,72235
2012-01-03 14:15:00,32.2001,32.22,32.16,32.165,27614
2012-01-03 14:30:00,32.165,32.19,32.11,32.12,63360
2012-01-03 14:45:00,32.13,32.19,32.105,32.14,87027
2012-01-03 15:00:00,32.14,32.17,32.135,32.155,187736
2012-01-03 15:15:00,32.16,32.16,32.08,32.095,21536
2012-01-03 15:30:00,32.09,32.17,32.09,32.13,92153
2012-01-03 15:45:00,32.13,32.15,32.09,32.13,260922
2012-01-03 16:00:00,32.14,32.185,32.08,32.15,342981
2012-01-04 09:45:00,32.2,32.43,32.19,32.2,88710
2012-01-04 10:00:00,32.2,32.45,32.2,32.34,70180
2012-01-04 10:15:00,32.34,32.38,32.26,32.26,52259
2012-01-04 10:30:00,32.26,32.27,32.2,32.21,47961
2012-01-04 10:45:00,32.2,32.205,32.1,32.14,32883
2012-01-04 11:00:00,32.1301,32.28,32.13,32.26,51775
2012-01-04 11:15:00,32.26,32.3,32.24,32.285,54174
2012-01-04 11:30:00,32.28,32.33,32.25,32.32,66134
2012-01-04 11:45:00,32.32,32.37,32.31,32.3516,52576
2012-01-04 12:00:00,32.35,32.37,32.31,32.31,37363
2012-01-04 12:15:00,32.31,32.37,32.31,32.32,37197
2012-01-04 12:30:00,32.31,32.35,32.31,32.335,33717
2012-01-04 12:45:00,32.335,32.37,32.33,32.36,30311
2012-01-04 13:00:00,32.36,32.41,32.36,32.41,20720
2012-01-04 13:15:00,32.41,32.42,32.38,32.39,25734
2012-01-04 13:30:00,32.4,32.44,32.39,32.43,32149
2012-01-04 13:45:00,32.43,32.44,32.41,32.41,20320
2012-01-04 14:00:00,32.41,32.46,32.41,32.45,60458
2012-01-04 14:15:00,32.45,32.5,32.43,32.49,115024
2012-01-04 14:30:00,32.49,32.5,32.44,32.445,71852
2012-01-04 14:45:00,32.44,32.52,32.44,32.5,104216
2012-01-04 15:00:00,32.5,32.53,32.4812,32.5,43682
2012-01-04 15:15:00,32.49,32.54,32.47,32.51,62823
2012-01-04 15:30:00,32.51,32.52,32.49,32.5,163303
2012-01-04 15:45:00,32.5,32.51,32.45,32.495,80717
2012-01-04 16:00:00,32.495,32.57,32.49,32.57,205197
2012-01-05 09:45:00,32.48,32.74,32.4,32.4,141300
2012-01-05 10:00:00,32.43,32.725,32.4,32.685,124539
2012-01-05 10:15:00,32.67,32.75,32.54,32.75,97033
2012-01-05 10:30:00,32.755,32.85,32.75,32.76,92319
2012-01-05 10:45:00,32.75,32.755,32.6,32.6,81190
2012-01-05 11:00:00,32.6001,32.67,32.585,32.67,47697
2012-01-05 11:15:00,32.67,32.8,32.66,32.73,115938
2012-01-05 11:30:00,32.725,32.91,32.72,32.79,319856
2012-01-05 11:45:00,32.791,32.87,32.79,32.83,91650
2012-01-05 12:00:00,32.83,32.855,32.82,32.84,92303
2012-01-05 12:15:00,32.85,32.9425,32.83,32.83,88319
2012-01-05 12:30:00,32.83,32.84,32.77,32.79,131158
2012-01-05 12:45:00,32.79,32.79,32.6794,32.6794,142575
2012-01-05 13:00:00,32.68,32.7825,32.652,32.715,37323
2012-01-05 13:15:00,32.73,32.78,32.71,32.78,69643
2012-01-05 13:30:00,32.78,32.815,32.73,32.815,25561
2012-01-05 13:45:00,32.805,32.84,32.8,32.819,34295
2012-01-05 14:00:00,32.81,32.87,32.8,32.8155,73882
2012-01-05 14:15:00,32.81,32.85,32.79,32.815,106825
2012-01-05 14:30:00,32.81,32.82,32.715,32.72,97860
2012-01-05 14:45:00,32.73,32.75,32.71,32.74,101425
2012-01-05 15:00:00,32.74,32.745,32.68,32.68,86229
2012-01-05 15:15:00,32.69,32.75,32.62,32.63,78173
2012-01-05 15:30:00,32.6293,32.64,32.5516,32.59,119645
2012-01-05 15:45:00,32.6,32.675,32.595,32.66,127864
2012-01-05 16:00:00,32.65,32.67,32.58,32.62,229509
2012-01-06 09:45:00,32.69,32.75,32.03,32.12,200460
2012-01-06 10:00:00,32.13,32.13,31.91,31.94,249741
2012-01-06 10:15:00,31.93,32.06,31.65,31.66,166146
2012-01-06 10:30:00,31.67,31.83,31.6625,31.76,167924
2012-01-06 10:45:00,31.77,31.96,31.7625,31.91,111835
2012-01-06 11:00:00,31.91,32.0,31.9,31.91,155276
2012-01-06 11:15:00,31.91,31.91,31.68,31.85,170664
2012-01-06 11:30:00,31.85,31.98,31.85,31.98,57243
2012-01-06 11:45:00,31.98,32.02,31.89,32.0,77256
2012-01-06 12:00:00,32.0,32.0,31.97,32.0,40378
2012-01-06 12:15:00,31.99,32.0,31.93,31.93,40088
2012-01-06 12:30:00,31.94,31.98,31.81,31.87,174544
2012-01-06 12:45:00,31.86,31.89,31.76,31.77,70737
2012-01-06 13:00:00,31.7793,31.87,31.6975,31.84,100526
2012-01-06 13:15:00,31.85,31.9,31.77,31.77,31866
2012-01-06 13:30:00,31.77,31.82,31.75,31.78,31691
2012-01-06 13:45:00,31.79,31.84,31.69,31.725,81606
2012-01-06 14:00:00,31.725,31.93,31.72,31.89,132680
2012-01-06 14:15:00,31.89,32.0,31.89,31.99,138325
2012-01-06 14:30:00,31.99,32.01,31.98,32.0,190287
2012-01-06 14:45:00,31.99,32.07,31.99,32.035,85766
2012-01-06 15:00:00,32.035,32.04,31.99,32.03,91926
2012-01-06 15:15:00,32.03,32.1,32.03,32.1,66285
2012-01-06 15:30:00,32.1,32.14,32.03,32.04,96118
2012-01-06 15:45:00,32.05,32.0501,31.85,31.86,104327
2012-01-06 16:00:00,31.85,31.92,31.85,31.9,214966
2012-01-09 09:45:00,32.06,32.1772,32.01,32.15,72524
2012-01-09 10:00:00,32.1534,32.26,32.14,32.18,57124
2012-01-09 10:15:00,32.19,32.36,32.17,32.35,59423
2012-01-09 10:30:00,32.37,32.55,32.37,32.535,124990
2012-01-09 10:45:00,32.54,32.56,32.43,32.44,95419
2012-01-09 11:00:00,32.43,32.52,32.41,32.5,115353
2012-01-09 11:15:00,32.49,32.491,32.4,32.4,145788
2012-01-09 11:30:00,32.4,32.48,32.36,32.48,30949
2012-01-09 11:45:00,32.49,32.5,32.42,32.49,31805
2012-01-09 12:00:00,32.5,32.52,32.45,32.46,23270
2012-01-09 12:15:00,32.47,32.5,32.45,32.4897,25267
2012-01-09 12:30:00,32.4816,32.52,32.46,32.5171,44958
2012-01-09 12:45:00,32.52,32.53,32.5,32.51,80408
2012-01-09 13:00:00,32.5,32.52,32.5,32.51,12795
2012-01-09 13:15:00,32.5052,32.54,32.47,32.54,39641
2012-01-09 13:30:00,32.54,32.54,32.472,32.507,20312
2012-01-09 13:45:00,32.5,32.505,32.43,32.46,92638
2012-01-09 14:00:00,32.455,32.58,32.4499,32.57,98352
2012-01-09 14:15:00,32.57,32.59,32.51,32.51,79578
2012-01-09 14:30:00,32.51,32.52,32.46,32.47,32495
2012-01-09 14:45:00,32.48,32.509,32.45,32.46,43138
2012-01-09 15:00:00,32.4501,32.47,32.42,32.46,31526
2012-01-09 15:15:00,32.46,32.5094,32.41,32.445,54239
2012-01-09 15:30:00,32.45,32.46,32.37,32.37,44066
2012-01-09 15:45:00,32.36,32.47,32.35,32.4596,92406
2012-01-09 16:00:00,32.46,32.515,32.445,32.46,246882
2012-01-10 09:45:00,32.8,32.86,32.64,32.74,42946
2012-01-10 10:00:00,32.76,32.81,32.68,32.8,29017
2012-01-10 10:15:00,32.81,32.93,32.81,32.88,78437
2012-01-10 10:30:00,32.89,33.03,32.88,33.01,37495
2012-01-10 10:45:00,33.0125,33.02,32.96,32.99,61877
2012-01-10 11:00:00,32.99,33.03,32.9322,33.0294,91871
2012-01-10 11:15:00,33.03,33.04,32.98,33.0,69967
2012-01-10 11:30:00,33.0,33.05,32.98,33.03,62139
2012-01-10 11:45:00,33.03,33.05,32.99,33.0,60694
2012-01-10 12:00:00,32.99,33.015,32.97,33.0,38856
2012-01-10 12:15:00,32.995,33.0,32.98,32.99,38963
2012-01-10 12:30:00,32.995,33.0,32.91,32.92,30588
2012-01-10 12:45:00,32.92,32.96,32.905,32.95,45409
2012-01-10 13:00:00,32.96,32.96,32.9,32.95,53991
2012-01-10 13:15:00,32.94,32.96,32.92,32.96,38807
2012-01-10 13:30:00,32.96,33.0,32.95,32.99,43352
2012-01-10 13:45:00,32.99,33.005,32.97,32.99,70370
2012-01-10 14:00:00,33.0,33.0,32.98,32.98,42083
2012-01-10 14:15:00,32.98,33.005,32.98,33.0,72060
2012-01-10 14:30:00,32.995,33.0,32.99,32.9932,31022
2012-01-10 14:45:00,32.99,33.0,32.92,32.92,90617
2012-01-10 15:00:00,32.92,32.95,32.91,32.94,40201
2012-01-10 15:15:00,32.9406,33.0,32.94,32.9995,53005
2012-01-10 15:30:00,32.99,33.0,32.915,32.915,123977
2012-01-10 15:45:00,32.92,32.96,32.91,32.92,126318
2012-01-10 16:00:00,32.93,32.97,32.89,32.91,280415
2012-01-11 09:45:00,32.93,33.01,32.7,32.87,72556
2012-01-11 10:00:00,32.84,33.025,32.83,32.86,44828
2012-01-11 10:15:00,32.87,33.02,32.8,32.94,53902
2012-01-11 10:30:00,32.94,32.955,32.905,32.945,24381
2012-01-11 10:45:00,32.95,33.005,32.9413,32.95,43232
2012-01-11 11:00:00,32.95,32.975,32.95,32.96,14571
2012-01-11 11:15:00,32.96,32.97,32.83,32.83,27143
2012-01-11 11:30:00,32.83,32.85,32.8,32.8,122741
2012-01-11 11:45:00,32.81,32.9,32.8,32.85,294304
2012-01-11 12:00:00,32.86,32.91,32.8584,32.9,17990
2012-01-11 12:15:00,32.91,32.98,32.91,32.98,27855
2012-01-11 12:30:00,32.9856,33.0,32.97,33.0,25687
2012-01-11 12:45:00,32.99,33.0,32.99,32.99,16913
2012-01-11 13:00:00,33.0,33.15,32.98,33.14,129659
2012-01-11 13:15:00,33.13,33.17,33.1198,33.13,53936
2012-01-11 13:30:00,33.13,33.2,33.13,33.19,102807
2012-01-11 13:45:00,33.18,33.21,33.17,33.18,35254
2012-01-11 14:00:00,33.17,33.19,33.13,33.13,63921
2012-01-11 14:15:00,33.13,33.19,33.12,33.14,77230
2012-01-11 14:30:00,33.14,33.15,33.1,33.13,33802
2012-01-11 14:45:00,33.1398,33.18,33.13,33.17,34912
2012-01-11 15:00:00,33.17,33.18,33.13,33.16,51925
2012-01-11 15:15:00,33.16,33.17,33.125,33.1585,91146
2012-01-11 15:30:00,33.14,33.255,33.14,33.225,77563
2012-01-11 15:45:00,33.2298,33.27,33.2,33.24,63187
2012-01-11 16:00:00,33.24,33.28,33.19,33.24,173647
2012-01-12 09:45:00,33.38,33.4,33.0,33.05,78966
2012-01-12 10:00:00,33.04,33.04,32.95,32.995,57082
2012-01-12 10:15:00,32.99,33.07,32.9198,32.92,66454
2012-01-12 10:30:00,32.91,32.92,32.83,32.87,70650
2012-01-12 10:45:00,32.86,32.88,32.75,32.7799,49588
2012-01-12 11:00:00,32.76,32.8,32.75,32.76,43672
2012-01-12 11:15:00,32.7616,32.8499,32.75,32.8,64351
2012-01-12 11:30:00,32.8,33.0,32.7599,32.8,51764
2012-01-12 11:45:00,32.8,32.805,32.71,32.755,44812
2012-01-12 12:00:00,32.74,32.76,32.69,32.75,51585
2012-01-12 12:15:00,32.75,32.755,32.7,32.7193,25297
2012-01-12 12:30:00,32.72,32.8199,32.72,32.789,67930
2012-01-12 12:45:00,32.79,32.83,32.74,32.78,70110
2012-01-12 13:00:00,32.77,32.7825,32.75,32.78,23348
2012-01-12 13:15:00,32.7763,32.819,32.765,32.8,21534
2012-01-12 13:30:00,32.8,32.88,32.78,32.864000000000004,77288
2012-01-12 13:45:00,32.85,32.875,32.83,32.85,43758
2012-01-12 14:00:00,32.85,32.965,32.8499,32.965,75021
2012-01-12 14:15:00,32.96,32.99,32.939,32.97,36503
2012-01-12 14:30:00,32.98,33.0,32.959,32.988,33758
2012-01-12 14:45:00,32.98,33.05,32.98,33.05,37895
2012-01-12 15:00:00,33.04,33.05,33.03,33.04,40586
2012-01-12 15:15:00,33.03,33.05,33.03,33.04,37765
2012-01-12 15:30:00,33.04,33.12,33.03,33.095,107522
2012-01-12 15:45:00,33.1,33.16,33.04,33.06,135379
2012-01-12 16:00:00,33.07,33.12,33.06,33.08,274472
2012-01-13 09:45:00,33.28,33.35,32.7501,32.82,70446
2012-01-13 10:00:00,32.82,32.87,32.75,32.8,59985
2012-01-13 10:15:00,32.8,32.83,32.7,32.82,126757
2012-01-13 10:30:00,32.81,32.815,32.56,32.63,111211
2012-01-13 10:45:00,32.63,32.65,32.53,32.55,87162
2012-01-13 11:00:00,32.55,32.57,32.49,32.53,68312
2012-01-13 11:15:00,32.52,32.6,32.495,32.54,64741
2012-01-13 11:30:00,32.54,32.63,32.535,32.62,194026
2012-01-13 11:45:00,32.6192,32.67,32.57,32.67,46207
2012-01-13 12:00:00,32.68,32.68,32.585,32.59,21361
2012-01-13 12:15:00,32.58,32.62,32.56,32.58,37026
2012-01-13 12:30:00,32.59,32.62,32.58,32.58,29370
2012-01-13 12:45:00,32.58,32.62,32.575,32.615,26444
2012-01-13 13:00:00,32.61,32.63,32.6,32.62,22955
2012-01-13 13:15:00,32.62,32.64,32.59,32.61,110000
2012-01-13 13:30:00,32.6,32.64,32.59,32.6,52608
2012-01-13 13:45:00,32.605,32.62,32.57,32.5999,66324
2012-01-13 14:00:00,32.6,32.65,32.57,32.63,90761
2012-01-13 14:15:00,32.62,32.63,32.59,32.5971,40489
2012-01-13 14:30:00,32.6,32.61,32.58,32.5802,42948
2012-01-13 14:45:00,32.59,32.61,32.51,32.53,147828
2012-01-13 15:00:00,32.53,32.55,32.485,32.52,87139
2012-01-13 15:15:00,32.52,32.64,32.51,32.63,102121
2012-01-13 15:30:00,32.62,32.64,32.58,32.61,55223
2012-01-13 15:45:00,32.6,32.66,32.58,32.635,116737
2012-01-13 16:00:00,32.635,32.71,32.63,32.69,258842
2012-01-17 09:45:00,32.57,33.3,32.57,33.27,686535
2012-01-17 10:00:00,33.279,33.47,33.23,33.36,304281
2012-01-17 10:15:00,33.35,33.39,33.1,33.1,285519
2012-01-17 10:30:00,33.09,33.12,32.99,33.05,162544
2012-01-17 10:45:00,33.055,33.165,33.04,33.135,193780
2012-01-17 11:00:00,33.13,33.15,33.06,33.09,67743
2012-01-17 11:15:00,33.1,33.16,33.09,33.135,59780
2012-01-17 11:30:00,33.1325,33.14,33.0,33.04,110903
2012-01-17 11:45:00,33.03,33.04,32.95,32.96,55187
2012-01-17 12:00:00,32.96,32.98,32.91,32.975,60116
2012-01-17 12:15:00,32.98,33.13,32.965,33.13,37015
2012-01-17 12:30:00,33.12,33.125,32.99,33.0,69789
2012-01-17 12:45:00,33.0,33.04,32.91,32.91,74192
2012-01-17 13:00:00,32.91,32.92,32.76,32.79,75255
2012-01-17 13:15:00,32.8,32.907,32.64,32.81,143762
2012-01-17 13:30:00,32.8,32.84,32.79,32.81,49561
2012-01-17 13:45:00,32.81,32.98,32.72,32.98,242044
2012-01-17 14:00:00,32.97,33.11,32.95,33.1,71164
2012-01-17 14:15:00,33.09,33.095,33.03,33.0315,89578
2012-01-17 14:30:00,33.03,33.07,33.03,33.05,29370
2012-01-17 14:45:00,33.05,33.09,33.01,33.08,142153
2012-01-17 15:00:00,33.08,33.085,33.02,33.04,66896
2012-01-17 15:15:00,33.03,33.04,32.95,33.03,91141
2012-01-17 15:30:00,33.03,33.1,32.98,33.08,132769
2012-01-17 15:45:00,33.08,33.115,33.0,33.05,335025
2012-01-17 16:00:00,33.05,33.11,33.04,33.11,489543
2012-01-18 09:45:00,32.89,32.99,32.56,32.75,111927
2012-01-18 10:00:00,32.75,33.0,32.75,32.98,86686
2012-01-18 10:15:00,32.98,33.0,32.95,32.995,132629
2012-01-18 10:30:00,33.0,33.17,32.98,33.16,321694
2012-01-18 10:45:00,33.17,33.17,32.96,33.01,354932
2012-01-18 11:00:00,33.01,33.12,33.0,33.12,109208
2012-01-18 11:15:00,33.13,33.16,33.01,33.04,140272
2012-01-18 11:30:00,33.05,33.06,32.97,32.978,82768
2012-01-18 11:45:00,32.98,32.99,32.95,32.985,48410
2012-01-18 12:00:00,32.985,33.0,32.94,33.0,87436
2012-01-18 12:15:00,33.0,33.0,32.93,32.97,54652
2012-01-18 12:30:00,32.97,32.98,32.95,32.96,29369
2012-01-18 12:45:00,32.96,33.0,32.91,32.995,80405
2012-01-18 13:00:00,32.99,32.99,32.93,32.95,57170
2012-01-18 13:15:00,32.95,33.0,32.93,33.0,55118
2012-01-18 13:30:00,32.99,33.08,32.97,33.07,107017
2012-01-18 13:45:00,33.08,33.19,33.07,33.1,34166
2012-01-18 14:00:00,33.1,33.1,33.06,33.09,19306
2012-01-18 14:15:00,33.1,33.13,33.05,33.07,134192
2012-01-18 14:30:00,33.0607,33.1193,32.99,33.03,96059
2012-01-18 14:45:00,33.03,33.1042,33.01,33.1042,126101
2012-01-18 15:00:00,33.0501,33.06,32.99,33.01,48067
2012-01-18 15:15:00,33.01,33.07,33.0,33.03,102624
2012-01-18 15:30:00,33.03,33.05,33.0,33.03,102903
2012-01-18 15:45:00,33.03,33.08,33.0,33.08,146857
2012-01-18 16:00:00,33.07,33.1,33.03,33.07,235797
2012-01-19 09:45:00,33.2,33.23,32.65,32.83,103609
2012-01-19 10:00:00,32.854,32.91,32.6,32.6,75278
2012-01-19 10:15:00,32.61,32.63,32.29,32.44,326709
2012-01-19 10:30:00,32.44,32.57,32.435,32.57,169535
2012-01-19 10:45:00,32.575,32.76,32.57,32.76,160677
2012-01-19 11:00:00,32.75,32.8,32.73,32.74,166276
2012-01-19 11:15:00,32.74,32.77,32.72,32.7401,149502
2012-01-19 11:30:00,32.75,32.81,32.73,32.81,57393
2012-01-19 11:45:00,32.81,32.94,32.81,32.8901,192313
2012-01-19 12:00:00,32.89,32.9,32.84,32.87,66101
2012-01-19 12:15:00,32.87,32.96,32.87,32.9,94483
2012-01-19 12:30:00,32.9,32.925,32.89,32.91,89886
2012-01-19 12:45:00,32.9,32.93,32.86,32.86,130508
2012-01-19 13:00:00,32.86,32.93,32.73,32.79,236607
2012-01-19 13:15:00,32.79,32.86,32.76,32.77,77547
2012-01-19 13:30:00,32.7725,32.8,32.7,32.77,130932
2012-01-19 13:45:00,32.76,32.83,32.72,32.81,76129
2012-01-19 14:00:00,32.8,32.84,32.65,32.65,202833
2012-01-19 14:15:00,32.66,32.8,32.64,32.8,142233
2012-01-19 14:30:00,32.799,32.82,32.79,32.7925,55447
2012-01-19 14:45:00,32.79,32.8,32.62,32.65,174567
2012-01-19 15:00:00,32.6425,32.7,32.62,32.63,118210
2012-01-19 15:15:00,32.635,32.73,32.63,32.675,128604
2012-01-19 15:30:00,32.67,32.72,32.65,32.69,123152
2012-01-19 15:45:00,32.68,32.77,32.67,32.72,186358
2012-01-19 16:00:00,32.725,32.75,32.695,32.75,215540
2012-01-20 09:45:00,32.79,32.82,32.65,32.65,130409
2012-01-20 10:00:00,32.67,32.79,32.59,32.65,48648
2012-01-20 10:15:00,32.65,32.75,32.6,32.71,27932
2012-01-20 10:30:00,32.71,32.72,32.59,32.59,78447
2012-01-20 10:45:00,32.6,32.6,32.47,32.51,60375
2012-01-20 11:00:00,32.5199,32.65,32.5,32.64,89719
2012-01-20 11:15:00,32.631,32.72,32.59,32.72,73417
2012-01-20 11:30:00,32.71,32.74,32.66,32.7,30126
2012-01-20 11:45:00,32.71,32.74,32.61,32.68,47220
2012-01-20 12:00:00,32.67,32.74,32.65,32.73,22680
2012-01-20 12:15:00,32.74,32.795,32.73,32.77,31402
2012-01-20 12:30:00,32.78,32.8199,32.73,32.74,30550
2012-01-20 12:45:00,32.74,32.765,32.72,32.75,26932
2012-01-20 13:00:00,32.7401,32.8,32.73,32.76,35925
2012-01-20 13:15:00,32.76,32.79,32.75,32.75,25463
2012-01-20 13:30:00,32.75,32.79,32.71,32.79,121616
2012-01-20 13:45:00,32.79,32.825,32.788000000000004,32.82,23627
2012-01-20 14:00:00,32.81,32.92,32.8095,32.91,89494
2012-01-20 14:15:00,32.91,32.916,32.87,32.87,60581
2012-01-20 14:30:00,32.87,32.89,32.83,32.88,34141
2012-01-20 14:45:00,32.88,32.88,32.85,32.87,36701
2012-01-20 15:00:00,32.86,32.87,32.845,32.85,80371
2012-01-20 15:15:00,32.851,32.87,32.8,32.81,81013
2012-01-20 15:30:00,32.81,32.85,32.8,32.8,58829
2012-01-20 15:45:00,32.805,32.81,32.71,32.72,98352
2012-01-20 16:00:00,32.73,32.77,32.68,32.74,323727
2012-01-23 09:45:00,32.89,33.12,32.85,33.12,56573
2012-01-23 10:00:00,33.11,33.16,33.1,33.11,52950
2012-01-23 10:15:00,33.11,33.34,33.1,33.3,109094
2012-01-23 10:30:00,33.3,33.34,33.29,33.34,28904
2012-01-23 10:45:00,33.338,33.56,33.3,33.5301,170566
2012-01-23 11:00:00,33.53,33.6,33.5,33.59,51728
2012-01-23 11:15:00,33.6,33.63,33.51,33.619,55390
2012-01-23 11:30:00,33.615,33.68,33.495,33.5,45091
2012-01-23 11:45:00,33.5,33.5,33.43,33.475,104767
2012-01-23 12:00:00,33.475,33.48,33.36,33.365,137877
2012-01-23 12:15:00,33.37,33.45,33.36,33.45,79792
2012-01-23 12:30:00,33.44,33.55,33.43,33.54,68536
2012-01-23 12:45:00,33.545,33.62,33.54,33.6,39697
2012-01-23 13:00:00,33.605,33.629,33.6,33.615,19224
2012-01-23 13:15:00,33.61,33.6276,33.56,33.599000000000004,75237
2012-01-23 13:30:00,33.595,33.66,33.57,33.655,75297
2012-01-23 13:45:00,33.65,33.695,33.62,33.66,37590
2012-01-23 14:00:00,33.66,33.74,33.66,33.74,31158
2012-01-23 14:15:00,33.74,33.74,33.69,33.7,33699
2012-01-23 14:30:00,33.69,33.77,33.69,33.72,57758
2012-01-23 14:45:00,33.71,33.73,33.69,33.72,44432
2012-01-23 15:00:00,33.7199,33.769,33.68,33.755,80191
2012-01-23 15:15:00,33.76,33.76,33.69,33.75,71551
2012-01-23 15:30:00,33.75,33.81,33.75,33.8,87408
2012-01-23 15:45:00,33.79,33.92,33.78,33.83,243176
2012-01-23 16:00:00,33.83,33.98,33.82,33.88,383096
2012-01-24 09:45:00,33.86,34.18,33.81,33.93,60319
2012-01-24 10:00:00,33.92,34.09,33.9,34.0,73926
2012-01-24 10:15:00,33.98,34.17,33.98,34.08,78304
2012-01-24 10:30:00,34.08,34.12,34.08,34.11,40861
2012-01-24 10:45:00,34.11,34.13,34.07,34.1,30942
2012-01-24 11:00:00,34.1,34.28,34.1,34.25,113581
2012-01-24 11:15:00,34.245,34.255,34.14,34.16,84489
2012-01-24 11:30:00,34.16,34.17,34.12,34.13,104174
2012-01-24 11:45:00,34.12,34.2,34.105,34.2,60249
2012-01-24 12:00:00,34.195,34.2899,34.15,34.28,73299
2012-01-24 12:15:00,34.29,34.29,34.2301,34.266999999999996,46078
2012-01-24 12:30:00,34.26,34.2601,34.2,34.21,41205
2012-01-24 12:45:00,34.2,34.2055,34.18,34.19,57516
2012-01-24 13:00:00,34.19,34.23,34.19,34.21,54481
2012-01-24 13:15:00,34.22,34.285,34.195,34.26,23175
2012-01-24 13:30:00,34.25,34.26,34.17,34.22,37010
2012-01-24 13:45:00,34.23,34.25,34.2,34.25,33119
2012-01-24 14:00:00,34.24,34.295,34.235,34.29,35380
2012-01-24 14:15:00,34.28,34.37,34.28,34.36,66163
2012-01-24 14:30:00,34.355,34.36,34.24,34.24,139907
2012-01-24 14:45:00,34.25,34.25,34.2,34.2,75860
2012-01-24 15:00:00,34.195,34.23,34.18,34.2234,117914
2012-01-24 15:15:00,34.22,34.29,34.18,34.25,183716
2012-01-24 15:30:00,34.24,34.31,34.24,34.31,128816
2012-01-24 15:45:00,34.31,34.32,34.28,34.3,129635
2012-01-24 16:00:00,34.3,34.32,34.25,34.27,223045
2012-01-25 09:45:00,34.26,34.26,34.02,34.11,40478
2012-01-25 10:00:00,34.12,34.2,33.94,34.06,57495
2012-01-25 10:15:00,34.08,34.23,34.04,34.15,18619
2012-01-25 10:30:00,34.16,34.24,34.15,34.23,11098
2012-01-25 10:45:00,34.22,34.34,34.17,34.33,37619
2012-01-25 11:00:00,34.34,34.4179,34.31,34.4,27287
2012-01-25 11:15:00,34.4,34.44,34.33,34.34,36239
2012-01-25 11:30:00,34.34,34.46,34.32,34.46,32325
2012-01-25 11:45:00,34.45,34.56,34.43,34.5,48178
2012-01-25 12:00:00,34.5,34.54,34.49,34.51,14283
2012-01-25 12:15:00,34.51,34.56,34.47,34.49,54071
2012-01-25 12:30:00,34.485,34.64,34.48,34.5803,50504
2012-01-25 12:45:00,34.61,34.66,34.51,34.58,27455
2012-01-25 13:00:00,34.58,34.7767,34.58,34.74,137054
2012-01-25 13:15:00,34.73,34.79,34.68,34.78,55259
2012-01-25 13:30:00,34.79,34.975,34.79,34.95,98523
2012-01-25 13:45:00,34.94,35.13,34.935,35.07,103950
2012-01-25 14:00:00,35.06,35.07,34.96,34.98,96249
2012-01-25 14:15:00,34.99,34.99,34.93,34.94,87900
2012-01-25 14:30:00,34.9301,34.9562,34.86,34.88,135298
2012-01-25 14:45:00,34.89,34.941,34.88,34.92,49017
2012-01-25 15:00:00,34.92,34.99,34.9,34.905,90671
2012-01-25 15:15:00,34.91,34.96,34.87,34.915,129286
2012-01-25 15:30:00,34.91,35.03,34.905,35.01,99693
2012-01-25 15:45:00,35.0,35.06,34.96,35.0121,122857
2012-01-25 16:00:00,35.02,35.14,35.01,35.04,274402
2012-01-26 09:45:00,35.2,35.28,35.08,35.21,77620
2012-01-26 10:00:00,35.2,35.4,35.1,35.26,96393
2012-01-26 10:15:00,35.265,35.265,34.99,35.15,80398
2012-01-26 10:30:00,35.15,35.16,35.05,35.09,66507
2012-01-26 10:45:00,35.1,35.13,35.03,35.04,114448
2012-01-26 11:00:00,35.0377,35.0377,34.93,34.945,68864
2012-01-26 11:15:00,34.94,34.945,34.825,34.93,88037
2012-01-26 11:30:00,34.93,34.93,34.815,34.88,31779
2012-01-26 11:45:00,34.88,34.92,34.75,34.7625,53741
2012-01-26 12:00:00,34.765,34.8095,34.73,34.8,39669
2012-01-26 12:15:00,34.81,34.855,34.76,34.805,35152
2012-01-26 12:30:00,34.8,34.85,34.75,34.85,28089
2012-01-26 12:45:00,34.845,34.88,34.8,34.8,22438
2012-01-26 13:00:00,34.81,34.93,34.7804,34.86,37143
2012-01-26 13:15:00,34.85,34.92,34.84,34.89,42026
2012-01-26 13:30:00,34.89,34.9,34.8398,34.87,29423
2012-01-26 13:45:00,34.865,34.88,34.75,34.78,61762
2012-01-26 14:00:00,34.78,34.86,34.78,34.84,45757
2012-01-26 14:15:00,34.84,34.905,34.82,34.8801,54112
2012-01-26 14:30:00,34.8801,34.9,34.8,34.82,64727
2012-01-26 14:45:00,34.8,34.88,34.7835,34.87,71155
2012-01-26 15:00:00,34.87,34.9,34.76,34.76,62475
2012-01-26 15:15:00,34.76,34.8799,34.75,34.86,140790
2012-01-26 15:30:00,34.865,34.89,34.75,34.76,108082
2012-01-26 15:45:00,34.76,34.84,34.75,34.82,72193
2012-01-26 16:00:00,34.828,34.91,34.805,34.9,189554
2012-01-27 09:45:00,34.85,35.12,34.83,35.03,65852
2012-01-27 10:00:00,35.05,35.16,35.03,35.05,50385
2012-01-27 10:15:00,35.06,35.07,34.9,35.0,71135
2012-01-27 10:30:00,35.01,35.06,34.93,35.05,40807
2012-01-27 10:45:00,35.05,35.09,34.99,35.02,62011
2012-01-27 11:00:00,35.01,35.01,34.96,34.97,43655
2012-01-27 11:15:00,34.97,35.03,34.965,35.03,104088
2012-01-27 11:30:00,35.01,35.03,34.95,34.96,51607
2012-01-27 11:45:00,34.96,34.99,34.91,34.93,28802
2012-01-27 12:00:00,34.93,34.985,34.93,34.97,33642
2012-01-27 12:15:00,34.96,34.995,34.77,34.78,70228
2012-01-27 12:30:00,34.77,34.8,34.72,34.725,72182
2012-01-27 12:45:00,34.7294,34.8,34.72,34.74,82532
2012-01-27 13:00:00,34.73,34.75,34.71,34.74,54103
2012-01-27 13:15:00,34.74,34.84,34.74,34.81,35224
2012-01-27 13:30:00,34.81,34.85,34.78,34.81,24000
2012-01-27 13:45:00,34.82,34.915,34.81,34.91,19948
2012-01-27 14:00:00,34.91,34.985,34.8801,34.985,35436
2012-01-27 14:15:00,34.98,35.0,34.93,34.95,67482
2012-01-27 14:30:00,34.95,35.0,34.94,34.99,37469
2012-01-27 14:45:00,34.98,34.99,34.94,34.98,42371
2012-01-27 15:00:00,34.98,35.03,34.95,35.025,107082
2012-01-27 15:15:00,35.01,35.09,34.99,35.08,35881
2012-01-27 15:30:00,35.08,35.195,35.05,35.06,94540
2012-01-27 15:45:00,35.06,35.2,35.06,35.2,63582
2012-01-27 16:00:00,35.19,35.205,35.05,35.06,248969
2012-01-30 09:45:00,34.6,34.62,34.12,34.23,97276
2012-01-30 10:00:00,34.23,34.36,34.21,34.3,53914
2012-01-30 10:15:00,34.3,34.325,34.23,34.28,50659
2012-01-30 10:30:00,34.27,34.39,34.27,34.36,76684
2012-01-30 10:45:00,34.36,34.4999,34.35,34.49,57710
2012-01-30 11:00:00,34.5,34.53,34.5,34.51,16189
2012-01-30 11:15:00,34.51,34.58,34.5,34.56,39775
2012-01-30 11:30:00,34.56,34.56,34.49,34.5,51557
2012-01-30 11:45:00,34.5,34.5,34.42,34.4848,137647
2012-01-30 12:00:00,34.48,34.5,34.45,34.49,88360
2012-01-30 12:15:00,34.49,34.5,34.48,34.5,26840
2012-01-30 12:30:00,34.5,34.51,34.42,34.45,60960
2012-01-30 12:45:00,34.45,34.5,34.35,34.41,42717
2012-01-30 13:00:00,34.41,34.41,34.29,34.4,120535
2012-01-30 13:15:00,34.395,34.42,34.36,34.38,69098
2012-01-30 13:30:00,34.38,34.4,34.33,34.395,36868
2012-01-30 13:45:00,34.4,34.48,34.385,34.455,46515
2012-01-30 14:00:00,34.455,34.51,34.395,34.46,125434
2012-01-30 14:15:00,34.46,34.485,34.39,34.45,105234
2012-01-30 14:30:00,34.45,34.5,34.4,34.41,107718
2012-01-30 14:45:00,34.41,34.44,34.35,34.405,70008
2012-01-30 15:00:00,34.41,34.49,34.39,34.395,106919
2012-01-30 15:15:00,34.4,34.49,34.38,34.448,106026
2012-01-30 15:30:00,34.44,34.5,34.37,34.4,124286
2012-01-30 15:45:00,34.4,34.44,34.38,34.4,166291
2012-01-30 16:00:00,34.4,34.46,34.33,34.46,292889
2012-01-31 09:45:00,34.8,35.38,34.75,35.24,131386
2012-01-31 10:00:00,35.24,35.28,35.01,35.13,100068
2012-01-31 10:15:00,35.1,35.1,34.92,34.975,45588
2012-01-31 10:30:00,34.97,35.115,34.94,35.05,35269
2012-01-31 10:45:00,35.05,35.1,34.935,35.0,116057
2012-01-31 11:00:00,34.99,35.0,34.73,34.84,63349
2012-01-31 11:15:00,34.85,34.87,34.74,34.74,113647
2012-01-31 11:30:00,34.76,35.05,34.76,35.02,93433
2012-01-31 11:45:00,35.03,35.1,34.9599,35.08,47660
2012-01-31 12:00:00,35.08,35.1,34.965,35.041,63251
2012-01-31 12:15:00,35.04,35.08,35.0,35.02,91328
2012-01-31 12:30:00,35.02,35.115,35.01,35.11,23039
2012-01-31 12:45:00,35.11,35.15,35.01,35.03,28032
2012-01-31 13:00:00,35.02,35.05,35.01,35.02,19638
2012-01-31 13:15:00,35.02,35.09,35.02,35.04,65842
2012-01-31 13:30:00,35.04,35.1,35.015,35.058,47909
2012-01-31 13:45:00,35.05,35.055,35.015,35.025,15701
2012-01-31 14:00:00,35.02,35.06,35.01,35.045,38017
2012-01-31 14:15:00,35.04,35.065,34.95,35.05,50344
2012-01-31 14:30:00,35.055,35.15,35.05,35.12,37721
2012-01-31 14:45:00,35.12,35.13,35.05,35.05,50093
2012-01-31 15:00:00,35.05,35.05,34.99,35.0301,37975
2012-01-31 15:15:00,35.04,35.06,34.97,35.0271,94155
2012-01-31 15:30:00,35.02,35.02,34.925,34.99,78683
2012-01-31 15:45:00,34.98,35.0,34.9,34.925,92240
2012-01-31 16:00:00,34.925,34.995,34.87,34.91,362195
2012-02-01 09:45:00,35.21,35.27,34.81,35.27,103378
2012-02-01 10:00:00,35.29,35.38,35.245,35.34,55344
2012-02-01 10:15:00,35.37,35.5,35.29,35.45,87313
2012-02-01 10:30:00,35.45,35.5,35.39,35.43,68453
2012-02-01 10:45:00,35.43,35.48,35.33,35.48,64134
2012-02-01 11:00:00,35.48,35.57,35.415,35.57,71996
2012-02-01 11:15:00,35.57,35.59,35.43,35.551,50446
2012-02-01 11:30:00,35.55,35.61,35.37,35.52,151104
2012-02-01 11:45:00,35.52,35.61,35.485,35.55,55125
2012-02-01 12:00:00,35.55,35.59,35.52,35.58,34407
2012-02-01 12:15:00,35.59,35.59,35.4,35.41,35356
2012-02-01 12:30:00,35.41,35.595,35.4,35.5,65556
2012-02-01 12:45:00,35.5,35.54,35.48,35.48,52575
2012-02-01 13:00:00,35.48,35.485,35.38,35.38,25090
2012-02-01 13:15:00,35.38,35.39,35.31,35.32,100011
2012-02-01 13:30:00,35.31,35.39,35.29,35.31,87739
2012-02-01 13:45:00,35.29,35.365,35.26,35.27,78252
2012-02-01 14:00:00,35.26,35.34,35.21,35.22,125550
2012-02-01 14:15:00,35.22,35.29,35.2,35.2606,37418
2012-02-01 14:30:00,35.27,35.32,35.23,35.29,36786
2012-02-01 14:45:00,35.29,35.4,35.21,35.2702,60723
2012-02-01 15:00:00,35.27,35.27,35.21,35.225,36229
2012-02-01 15:15:00,35.24,35.27,35.06,35.095,172736
2012-02-01 15:30:00,35.1,35.11,34.98,35.005,94990
2012-02-01 15:45:00,35.0,35.01,34.88,34.9,144673
2012-02-01 16:00:00,34.9,34.95,34.85,34.89,224597
2012-02-02 09:45:00,35.0,35.45,34.99,35.25,135634
2012-02-02 10:00:00,35.26,35.36,35.23,35.25,33006
2012-02-02 10:15:00,35.24,35.27,35.13,35.17,107475
2012-02-02 10:30:00,35.16,35.3,35.12,35.17,184402
2012-02-02 10:45:00,35.17,35.17,34.98,34.98,68303
2012-02-02 11:00:00,34.989000000000004,35.0,34.93,34.99,70918
2012-02-02 11:15:00,35.0,35.02,34.89,34.9,89936
2012-02-02 11:30:00,34.9,35.0008,34.87,34.98,53789
2012-02-02 11:45:00,34.97,35.0,34.96,34.975,32279
2012-02-02 12:00:00,34.98,35.06,34.98,35.06,53083
2012-02-02 12:15:00,35.06,35.1,35.02,35.04,168673
2012-02-02 12:30:00,35.03,35.12,35.0,35.11,29787
2012-02-02 12:45:00,35.12,35.14,35.05,35.0601,21671
2012-02-02 13:00:00,35.06,35.205,35.06,35.205,18656
2012-02-02 13:15:00,35.2,35.21,35.14,35.18,19194
2012-02-02 13:30:00,35.1893,35.1899,35.13,35.1499,38115
2012-02-02 13:45:00,35.15,35.18,35.13,35.17,38770
2012-02-02 14:00:00,35.1699,35.23,35.16,35.19,25830
2012-02-02 14:15:00,35.19,35.19,35.13,35.17,36287
2012-02-02 14:30:00,35.17,35.18,35.13,35.148,26321
2012-02-02 14:45:00,35.147,35.15,35.11,35.13,39732
2012-02-02 15:00:00,35.13,35.1499,35.0919,35.13,24480
2012-02-02 15:15:00,35.14,35.22,35.11,35.2,104518
2012-02-02 15:30:00,35.21,35.24,35.16,35.2,35230
2012-02-02 15:45:00,35.19,35.255,35.175,35.24,174481
2012-02-02 16:00:00,35.24,35.25,35.14,35.14,147331
2012-02-03 09:45:00,35.74,35.94,35.59,35.75,85875
2012-02-03 10:00:00,35.74,35.7899,35.7,35.71,45117
2012-02-03 10:15:00,35.73,35.835,35.7,35.77,59085
2012-02-03 10:30:00,35.77,35.91,35.77,35.86,83513
2012-02-03 10:45:00,35.86,35.92,35.83,35.91,70374
2012-02-03 11:00:00,35.9115,35.9189,35.87,35.9,24122
2012-02-03 11:15:00,35.91,35.91,35.83,35.89,26218
2012-02-03 11:30:00,35.89,35.96,35.88,35.94,40174
2012-02-03 11:45:00,35.93,35.96,35.9,35.94,33452
2012-02-03 12:00:00,35.96,36.04,35.95,35.9994,46079
2012-02-03 12:15:00,35.99,36.03,35.95,35.95,34676
2012-02-03 12:30:00,35.95,36.01,35.9,35.99,39108
2012-02-03 12:45:00,35.97,36.09,35.97,36.0799,43914
2012-02-03 13:00:00,36.07,36.1137,36.02,36.04,80179
2012-02-03 13:15:00,36.03,36.0798,35.92,35.95,69030
2012-02-03 13:30:00,35.95,35.98,35.89,35.92,26348
2012-02-03 13:45:00,35.91,35.98,35.86,35.95,27609
2012-02-03 14:00:00,35.94,35.95,35.8803,35.89,25405
2012-02-03 14:15:00,35.89,35.95,35.87,35.88,30700
2012-02-03 14:30:00,35.87,35.93,35.8104,35.85,73991
2012-02-03 14:45:00,35.86,35.95,35.83,35.91,69132
2012-02-03 15:00:00,35.92,36.07,35.9,36.02,122028
2012-02-03 15:15:00,36.02,36.0297,35.87,35.89,86932
2012-02-03 15:30:00,35.88,35.99,35.83,35.99,192497
2012-02-03 15:45:00,35.98,35.99,35.885,35.9,152043
2012-02-03 16:00:00,35.91,35.96,35.85,35.88,210194
2012-02-06 09:45:00,35.19,35.35,34.54,35.15,429487
2012-02-06 10:00:00,35.14,35.5999,34.98,35.55,220801
2012-02-06 10:15:00,35.55,35.89,35.47,35.76,199497
2012-02-06 10:30:00,35.76,36.19,35.75,36.07,229608
2012-02-06 10:45:00,36.05,36.18,35.785,35.93,215475
2012-02-06 11:00:00,35.96,36.09,35.82,35.99,155076
2012-02-06 11:15:00,36.01,36.35,36.01,36.31,137450
2012-02-06 11:30:00,36.31,36.63,36.3,36.63,197458
2012-02-06 11:45:00,36.63,36.84,36.63,36.84,170032
2012-02-06 12:00:00,36.84,36.91,36.66,36.766,108305
2012-02-06 12:15:00,36.76,36.79,36.6,36.78,92687
2012-02-06 12:30:00,36.78,36.8,36.73,36.8,100873
2012-02-06 12:45:00,36.8,36.825,36.59,36.69,109334
2012-02-06 13:00:00,36.69,36.72,36.61,36.615,109969
2012-02-06 13:15:00,36.62,36.68,36.52,36.66,147313
2012-02-06 13:30:00,36.67,36.74,36.61,36.69,55568
2012-02-06 13:45:00,36.6965,36.7,36.63,36.665,79062
2012-02-06 14:00:00,36.67,36.695,36.62,36.67,98840
2012-02-06 14:15:00,36.68,36.73,36.66,36.701,194964
2012-02-06 14:30:00,36.71,36.72,36.67,36.68,59101
2012-02-06 14:45:00,36.68,36.69,36.6,36.69,51875
2012-02-06 15:00:00,36.69,36.73,36.68,36.71,60157
2012-02-06 15:15:00,36.71,36.73,36.67,36.7,122874
2012-02-06 15:30:00,36.7,36.72,36.69,36.7,86983
2012-02-06 15:45:00,36.7,36.72,36.7,36.71,102780
2012-02-06 16:00:00,36.705,36.71,36.58,36.68,402884
2012-02-07 09:45:00,36.7,36.7,36.3409,36.45,128118
2012-02-07 10:00:00,36.45,36.66,36.45,36.546,110002
2012-02-07 10:15:00,36.54,36.55,36.29,36.37,185662
2012-02-07 10:30:00,36.37,36.575,36.37,36.56,43941
2012-02-07 10:45:00,36.55,36.58,36.4,36.42,22705
2012-02-07 11:00:00,36.41,36.63,36.41,36.626,29805
2012-02-07 11:15:00,36.62,36.65,36.57,36.5701,117553
2012-02-07 11:30:00,36.57,36.58,36.41,36.5,55825
2012-02-07 11:45:00,36.5,36.52,36.4,36.42,105331
2012-02-07 12:00:00,36.41,36.44,36.4,36.43,32417
2012-02-07 12:15:00,36.43,36.52,36.43,36.47,20799
2012-02-07 12:30:00,36.47,36.6,36.46,36.58,85954
2012-02-07 12:45:00,36.58,36.6,36.51,36.51,44517
2012-02-07 13:00:00,36.51,36.51,36.47,36.47,25520
2012-02-07 13:15:00,36.47,36.48,36.42,36.42,26390
2012-02-07 13:30:00,36.42,36.42,36.2901,36.39,38020
2012-02-07 13:45:00,36.39,36.4,36.38,36.39,44783
2012-02-07 14:00:00,36.39,36.53,36.39,36.47,38480
2012-02-07 14:15:00,36.48,36.495,36.3805,36.44,31531
2012-02-07 14:30:00,36.44,36.46,36.41,36.445,32932
2012-02-07 14:45:00,36.44,36.47,36.41,36.43,33847
2012-02-07 15:00:00,36.43,36.44,36.38,36.39,46370
2012-02-07 15:15:00,36.39,36.5,36.38,36.48,65004
2012-02-07 15:30:00,36.48,36.515,36.43,36.5,67045
2012-02-07 15:45:00,36.49,36.52,36.47,36.505,73388
2012-02-07 16:00:00,36.5,36.51,36.38,36.4,223173
2012-02-08 09:45:00,36.42,36.55,36.33,36.4,96623
2012-02-08 10:00:00,36.4,36.43,36.31,36.36,74216
2012-02-08 10:15:00,36.355,36.36,36.17,36.23,121630
2012-02-08 10:30:00,36.24,36.32,36.235,36.3,79729
2012-02-08 10:45:00,36.3,36.31,36.22,36.27,82414
2012-02-08 11:00:00,36.27,36.35,36.11,36.14,67136
2012-02-08 11:15:00,36.15,36.2,36.09,36.105,34312
2012-02-08 11:30:00,36.1,36.17,36.07,36.11,83009
2012-02-08 11:45:00,36.11,36.115,35.92,35.94,74916
2012-02-08 12:00:00,35.95,36.01,35.91,35.97,46680
2012-02-08 12:15:00,35.97,36.0,35.93,35.9925,30780
2012-02-08 12:30:00,35.99,36.005,35.95,35.98,33374
2012-02-08 12:45:00,35.98,35.99,35.89,35.91,34399
2012-02-08 13:00:00,35.91,35.965,35.895,35.94,33850
2012-02-08 13:15:00,35.96,35.98,35.92,35.96,39194
2012-02-08 13:30:00,35.96,36.01,35.93,36.01,39288
2012-02-08 13:45:00,36.0,36.0071,35.95,35.95,14925
2012-02-08 14:00:00,35.95,35.96,35.915,35.95,17756
2012-02-08 14:15:00,35.96,36.0,35.84,35.86,71494
2012-02-08 14:30:00,35.869,35.96,35.86,35.91,73126
2012-02-08 14:45:00,35.915,35.99,35.91,35.975,42009
2012-02-08 15:00:00,35.98,35.99,35.915,35.93,71231
2012-02-08 15:15:00,35.93,35.95,35.91,35.94,140333
2012-02-08 15:30:00,35.94,35.95,35.91,35.94,61052
2012-02-08 15:45:00,35.94,35.96,35.88,35.94,159652
2012-02-08 16:00:00,35.94,35.94,35.72,35.73,390176
2012-02-09 09:45:00,35.99,36.05,35.87,35.97,196356
2012-02-09 10:00:00,35.98,36.22,35.94,36.22,93137
2012-02-09 10:15:00,36.21,36.26,36.09,36.11,140765
2012-02-09 10:30:00,36.1,36.11,35.95,35.95,88703
2012-02-09 10:45:00,35.96,36.03,35.94,36.01,65494
2012-02-09 11:00:00,36.02,36.03,35.95,36.0,67032
2012-02-09 11:15:00,36.0,36.02,35.95,35.98,48888
2012-02-09 11:30:00,35.97,36.02,35.935,35.95,72732
2012-02-09 11:45:00,35.945,35.95,35.83,35.83,39627
2012-02-09 12:00:00,35.83,35.98,35.78,35.94,59651
2012-02-09 12:15:00,35.94,35.97,35.87,35.89,52211
2012-02-09 12:30:00,35.9,35.93,35.89,35.905,55175
2012-02-09 12:45:00,35.9075,36.01,35.9,36.0,41820
2012-02-09 13:00:00,35.99,36.03,35.99,36.0089,46436
2012-02-09 13:15:00,36.01,36.0797,35.99,36.06,65563
2012-02-09 13:30:00,36.07,36.17,36.07,36.145,159092
2012-02-09 13:45:00,36.145,36.17,36.09,36.095,145474
2012-02-09 14:00:00,36.09,36.25,36.08,36.25,70214
2012-02-09 14:15:00,36.24,36.3,36.24,36.27,33896
2012-02-09 14:30:00,36.27,36.31,36.27,36.31,29555
2012-02-09 14:45:00,36.31,36.32,36.15,36.16,83053
2012-02-09 15:00:00,36.1575,36.25,36.1552,36.24,37763
2012-02-09 15:15:00,36.24,36.28,36.24,36.28,63318
2012-02-09 15:30:00,36.27,36.28,36.259,36.27,41030
2012-02-09 15:45:00,36.28,36.68,36.28,36.68,601802
2012-02-09 16:00:00,36.68,36.87,36.53,36.6,580909
2012-02-10 09:45:00,36.31,36.31,36.0,36.22,95476
2012-02-10 10:00:00,36.22,36.395,36.18,36.34,124218
2012-02-10 10:15:00,36.33,36.35,36.2175,36.29,108180
2012-02-10 10:30:00,36.2999,36.4,36.24,36.27,60665
2012-02-10 10:45:00,36.27,36.66,36.27,36.55,210370
2012-02-10 11:00:00,36.5495,36.745,36.545,36.67,131219
2012-02-10 11:15:00,36.66,36.84,36.65,36.84,65248
2012-02-10 11:30:00,36.835,36.84,36.71,36.76,94516
2012-02-10 11:45:00,36.75,36.82,36.725,36.78,48291
2012-02-10 12:00:00,36.785,36.81,36.76,36.7801,48205
2012-02-10 12:15:00,36.7899,36.95,36.78,36.94,79833
2012-02-10 12:30:00,36.93,37.08,36.84,36.845,133330
2012-02-10 12:45:00,36.85,36.93,36.84,36.85,35764
2012-02-10 13:00:00,36.8518,36.87,36.8,36.86,30332
2012-02-10 13:15:00,36.86,36.869,36.79,36.8398,32148
2012-02-10 13:30:00,36.83,36.8482,36.79,36.83,43201
2012-02-10 13:45:00,36.82,36.86,36.78,36.86,66066
2012-02-10 14:00:00,36.86,36.86,36.79,36.82,59816
2012-02-10 14:15:00,36.81,36.86,36.79,36.79,46060
2012-02-10 14:30:00,36.795,36.82,36.78,36.81,61223
2012-02-10 14:45:00,36.8,36.81,36.67,36.6999,57381
2012-02-10 15:00:00,36.6974,36.81,36.685,36.81,88990
2012-02-10 15:15:00,36.8,36.83,36.73,36.78,130103
2012-02-10 15:30:00,36.78,36.83,36.77,36.83,60544
2012-02-10 15:45:00,36.82,36.84,36.795,36.8,163560
2012-02-10 16:00:00,36.8,36.87,36.79,36.84,286399
2012-02-13 09:45:00,37.0,37.63,36.93,36.9471,103201
2012-02-13 10:00:00,36.94,37.23,36.88,37.19,99602
2012-02-13 10:15:00,37.19,37.2,37.085,37.12,49523
2012-02-13 10:30:00,37.12,37.179,37.03,37.14,50693
2012-02-13 10:45:00,37.162,37.19,37.06,37.18,64374
2012-02-13 11:00:00,37.17,37.27,37.14,37.25,74165
2012-02-13 11:15:00,37.25,37.29,37.22,37.2599,48005
2012-02-13 11:30:00,37.2584,37.3676,37.23,37.36,71783
2012-02-13 11:45:00,37.36,37.41,37.31,37.36,96073
2012-02-13 12:00:00,37.36,37.43,37.245,37.3106,63449
2012-02-13 12:15:00,37.31,37.32,37.13,37.2199,143716
2012-02-13 12:30:00,37.22,37.22,37.1,37.1186,67669
2012-02-13 12:45:00,37.11,37.119,36.9499,36.9999,58227
2012-02-13 13:00:00,36.99,37.0,36.97,36.99,69934
2012-02-13 13:15:00,37.0,37.01,36.87,36.93,108193
2012-02-13 13:30:00,36.92,36.93,36.78,36.79,92637
2012-02-13 13:45:00,36.7984,36.82,36.75,36.79,47866
2012-02-13 14:00:00,36.786,36.79,36.68,36.69,89223
2012-02-13 14:15:00,36.68,36.69,36.58,36.61,76910
2012-02-13 14:30:00,36.609,36.6599,36.595,36.65,73175
2012-02-13 14:45:00,36.65,36.7,36.62,36.6397,65447
2012-02-13 15:00:00,36.6392,36.67,36.55,36.639,122939
2012-02-13 15:15:00,36.64,36.64,36.58,36.61,101852
2012-02-13 15:30:00,36.61,36.68,36.56,36.66,141352
2012-02-13 15:45:00,36.65,36.75,36.62,36.72,164146
2012-02-13 16:00:00,36.72,36.75,36.66,36.71,176522
2012-02-14 09:45:00,36.69,36.9,36.6,36.73,70359
2012-02-14 10:00:00,36.71,36.81,36.65,36.73,37576
2012-02-14 10:15:00,36.7,36.71,36.55,36.59,36524
2012-02-14 10:30:00,36.58,36.64,36.55,36.62,35759
2012-02-14 10:45:00,36.6001,36.7099,36.58,36.65,82613
2012-02-14 11:00:00,36.66,36.78,36.66,36.75,33524
2012-02-14 11:15:00,36.76,36.84,36.71,36.84,44588
2012-02-14 11:30:00,36.84,36.88,36.79,36.85,63884
2012-02-14 11:45:00,36.85,36.87,36.8112,36.82,15955
2012-02-14 12:00:00,36.83,36.96,36.82,36.89,42718
2012-02-14 12:15:00,36.88,36.93,36.88,36.9,22576
2012-02-14 12:30:00,36.8978,36.9,36.75,36.75,71483
2012-02-14 12:45:00,36.74,36.75,36.69,36.71,50228
2012-02-14 13:00:00,36.71,36.72,36.64,36.65,25907
2012-02-14 13:15:00,36.64,36.645,36.54,36.54,79227
2012-02-14 13:30:00,36.53,36.57,36.36,36.42,403709
2012-02-14 13:45:00,36.44,36.81,36.36,36.7699,301232
2012-02-14 14:00:00,36.76,36.7695,36.48,36.57,106633
2012-02-14 14:15:00,36.57,36.57,36.49,36.55,56301
2012-02-14 14:30:00,36.55,36.6,36.47,36.51,68439
2012-02-14 14:45:00,36.51,36.57,36.48,36.52,37482
2012-02-14 15:00:00,36.51,36.54,36.45,36.5389,41001
2012-02-14 15:15:00,36.54,36.67,36.54,36.63,98777
2012-02-14 15:30:00,36.63,36.63,36.54,36.5687,70841
2012-02-14 15:45:00,36.56,36.59,36.53,36.5895,131591
2012-02-14 16:00:00,36.59,36.62,36.54,36.57,341437
2012-02-15 09:45:00,35.97,36.14,34.56,36.08,298303
2012-02-15 10:00:00,36.08,36.19,35.99,36.09,131682
2012-02-15 10:15:00,36.1,36.38,36.1,36.3206,112571
2012-02-15 10:30:00,36.3212,36.34,36.1,36.1999,124776
2012-02-15 10:45:00,36.1994,36.205,36.17,36.2,55262
2012-02-15 11:00:00,36.2,36.2,36.01,36.02,57587
2012-02-15 11:15:00,36.02,36.24,36.01,36.24,55059
2012-02-15 11:30:00,36.24,36.31,36.23,36.2794,43274
2012-02-15 11:45:00,36.2706,36.2999,36.21,36.23,140339
2012-02-15 12:00:00,36.2301,36.26,36.13,36.16,78443
2012-02-15 12:15:00,36.15,36.16,36.03,36.04,62924
2012-02-15 12:30:00,36.04,36.04,36.01,36.0199,29095
2012-02-15 12:45:00,36.02,36.02,35.94,35.94,95413
2012-02-15 13:00:00,35.93,35.94,35.61,35.66,139252
2012-02-15 13:15:00,35.67,35.68,35.52,35.53,86443
2012-02-15 13:30:00,35.54,35.76,35.53,35.71,68907
2012-02-15 13:45:00,35.71,35.8,35.709,35.765,40125
2012-02-15 14:00:00,35.76,35.77,35.66,35.74,31263
2012-02-15 14:15:00,35.74,35.745,35.66,35.68,47001
2012-02-15 14:30:00,35.66,35.78,35.66,35.77,40217
2012-02-15 14:45:00,35.77,35.78,35.7,35.71,90389
2012-02-15 15:00:00,35.71,35.745,35.53,35.53,101676
2012-02-15 15:15:00,35.54,35.54,35.425,35.44,93740
2012-02-15 15:30:00,35.44,35.45,35.4,35.43,75395
2012-02-15 15:45:00,35.44,35.58,35.39,35.58,112761
2012-02-15 16:00:00,35.57,35.61,35.39,35.46,279393
2012-02-16 09:45:00,35.56,35.75,35.3818,35.73,44525
2012-02-16 10:00:00,35.73,35.735,35.521,35.61,36435
2012-02-16 10:15:00,35.62,35.8,35.62,35.66,68339
2012-02-16 10:30:00,35.67,35.675,35.62,35.64,33007
2012-02-16 10:45:00,35.65,35.7,35.63,35.65,46601
2012-02-16 11:00:00,35.647,35.65,35.54,35.55,26960
2012-02-16 11:15:00,35.555,35.56,35.49,35.53,37185
2012-02-16 11:30:00,35.53,35.63,35.49,35.5201,35516
2012-02-16 11:45:00,35.515,35.5458,35.465,35.48,34995
2012-02-16 12:00:00,35.4899,35.54,35.46,35.51,33671
2012-02-16 12:15:00,35.52,35.63,35.51,35.63,58787
2012-02-16 12:30:00,35.63,35.76,35.63,35.75,36139
2012-02-16 12:45:00,35.7589,35.93,35.74,35.9,124990
2012-02-16 13:00:00,35.9,36.05,35.9,35.99,85734
2012-02-16 13:15:00,35.99,36.09,35.98,36.07,64207
2012-02-16 13:30:00,36.0671,36.07,36.01,36.02,63244
2012-02-16 13:45:00,36.02,36.08,35.915,35.915,30801
2012-02-16 14:00:00,35.93,35.93,35.77,35.83,43953
2012-02-16 14:15:00,35.84,35.87,35.81,35.85,38742
2012-02-16 14:30:00,35.8497,35.91,35.84,35.91,55736
2012-02-16 14:45:00,35.91,35.98,35.91,35.9763,37501
2012-02-16 15:00:00,35.9797,35.98,35.91,35.92,38760
2012-02-16 15:15:00,35.93,35.95,35.84,35.84,69962
2012-02-16 15:30:00,35.83,35.869,35.8,35.869,96215
2012-02-16 15:45:00,35.86,35.97,35.855,35.97,80073
2012-02-16 16:00:00,35.97,36.01,35.91,35.91,169794
2012-02-17 09:45:00,36.28,36.43,36.01,36.37,180437
2012-02-17 10:00:00,36.37,36.38,36.16,36.21,48639
2012-02-17 10:15:00,36.2102,36.22,36.1,36.125,35879
2012-02-17 10:30:00,36.14,36.18,36.08,36.1,29375
2012-02-17 10:45:00,36.1,36.15,36.0002,36.02,27890
2012-02-17 11:00:00,36.025,36.07,35.944,35.99,19393
2012-02-17 11:15:00,35.98,35.99,35.85,35.85,40193
2012-02-17 11:30:00,35.84,35.94,35.84,35.92,18307
2012-02-17 11:45:00,35.93,35.99,35.91,35.99,21385
2012-02-17 12:00:00,35.99,35.99,35.87,35.88,16188
2012-02-17 12:15:00,35.88,35.94,35.83,35.92,18593
2012-02-17 12:30:00,35.91,35.98,35.89,35.952,23494
2012-02-17 12:45:00,35.96,35.98,35.9,35.97,29946
2012-02-17 13:00:00,35.97,36.0,35.94,35.99,30269
2012-02-17 13:15:00,36.0,36.078,35.98,36.07,31847
2012-02-17 13:30:00,36.07,36.095,36.05,36.05,29652
2012-02-17 13:45:00,36.05,36.139,36.04,36.139,45405
2012-02-17 14:00:00,36.13,36.14,36.11,36.13,13574
2012-02-17 14:15:00,36.13,36.16,36.1279,36.14,17060
2012-02-17 14:30:00,36.14,36.21,36.13,36.159,45519
2012-02-17 14:45:00,36.152,36.21,36.14,36.188,65063
2012-02-17 15:00:00,36.18,36.21,36.13,36.14,33280
2012-02-17 15:15:00,36.14,36.18,36.125,36.17,62405
2012-02-17 15:30:00,36.155,36.18,36.13,36.14,43870
2012-02-17 15:45:00,36.15,36.19,36.08,36.16,75182
2012-02-17 16:00:00,36.165,36.2,36.13,36.18,104770
2012-02-21 09:45:00,36.43,36.43,36.18,36.28,73194
2012-02-21 10:00:00,36.27,36.36,36.22,36.32,79270
2012-02-21 10:15:00,36.31,36.315,36.25,36.29,19182
2012-02-21 10:30:00,36.3,36.3,36.24,36.25,28747
2012-02-21 10:45:00,36.25,36.31,36.24,36.31,23844
2012-02-21 11:00:00,36.3,36.3048,36.24,36.25,32833
2012-02-21 11:15:00,36.24,36.25,36.11,36.12,59319
2012-02-21 11:30:00,36.12,36.13,35.97,36.06,89230
2012-02-21 11:45:00,36.05,36.07,35.94,36.03,37857
2012-02-21 12:00:00,36.0298,36.04,35.88,35.9,40217
2012-02-21 12:15:00,35.91,35.94,35.8773,35.89,33064
2012-02-21 12:30:00,35.89,35.9025,35.82,35.87,21019
2012-02-21 12:45:00,35.86,35.88,35.84,35.88,11092
2012-02-21 13:00:00,35.88,35.89,35.84,35.85,12808
2012-02-21 13:15:00,35.84,35.85,35.79,35.84,16135
2012-02-21 13:30:00,35.849000000000004,35.849000000000004,35.75,35.78,25589
2012-02-21 13:45:00,35.785,35.79,35.63,35.64,35271
2012-02-21 14:00:00,35.64,35.72,35.61,35.66,27067
2012-02-21 14:15:00,35.67,35.69,35.58,35.595,27848
2012-02-21 14:30:00,35.595,35.73,35.5948,35.73,30470
2012-02-21 14:45:00,35.73,35.74,35.54,35.57,38016
2012-02-21 15:00:00,35.57,35.65,35.56,35.63,24987
2012-02-21 15:15:00,35.62,35.625,35.57,35.58,33812
2012-02-21 15:30:00,35.58,35.59,35.55,35.585,26959
2012-02-21 15:45:00,35.58,35.6,35.52,35.58,58251
2012-02-21 16:00:00,35.58,35.66,35.58,35.65,112771
2012-02-22 09:45:00,35.47,35.6435,35.38,35.3902,57312
2012-02-22 10:00:00,35.41,35.41,35.24,35.26,36843
2012-02-22 10:15:00,35.26,35.31,35.21,35.2775,63030
2012-02-22 10:30:00,35.28,35.3,35.09,35.09,55546
2012-02-22 10:45:00,35.09,35.0901,34.81,34.86,122264
2012-02-22 11:00:00,34.88,35.0,34.87,34.9441,126999
2012-02-22 11:15:00,34.95,35.03,34.8301,34.8301,74473
2012-02-22 11:30:00,34.835,34.9,34.75,34.81,57144
2012-02-22 11:45:00,34.81,34.9,34.78,34.8499,55672
2012-02-22 12:00:00,34.84,34.84,34.575,34.575,107308
2012-02-22 12:15:00,34.575,34.6799,34.535,34.5473,66651
2012-02-22 12:30:00,34.55,34.6,34.47,34.51,112915
2012-02-22 12:45:00,34.51,34.58,34.5,34.58,63345
2012-02-22 13:00:00,34.58,34.63,34.575,34.62,35905
2012-02-22 13:15:00,34.62,34.85,34.62,34.8499,135953
2012-02-22 13:30:00,34.8473,34.91,34.74,34.7401,88728
2012-02-22 13:45:00,34.74,34.76,34.63,34.65,80392
2012-02-22 14:00:00,34.64,34.65,34.53,34.55,97228
2012-02-22 14:15:00,34.56,34.78,34.56,34.78,108136
2012-02-22 14:30:00,34.79,34.9,34.78,34.82,60934
2012-02-22 14:45:00,34.82,34.89,34.76,34.818000000000005,47986
2012-02-22 15:00:00,34.81,34.87,34.73,34.74,68983
2012-02-22 15:15:00,34.74,34.83,34.72,34.83,62564
2012-02-22 15:30:00,34.83,34.83,34.7,34.745,68708
2012-02-22 15:45:00,34.741,34.75,34.64,34.67,82969
2012-02-22 16:00:00,34.67,34.7,34.45,34.52,422227
2012-02-23 09:45:00,34.5,34.91,34.5,34.83,63747
2012-02-23 10:00:00,34.84,34.84,34.74,34.81,44277
2012-02-23 10:15:00,34.82,34.93,34.82,34.87,59649
2012-02-23 10:30:00,34.87,34.91,34.8,34.87,68641
2012-02-23 10:45:00,34.87,34.985,34.85,34.94,53897
2012-02-23 11:00:00,34.94,35.13,34.94,35.1006,46751
2012-02-23 11:15:00,35.11,35.23,35.1006,35.22,46630
2012-02-23 11:30:00,35.23,35.24,35.14,35.19,32325
2012-02-23 11:45:00,35.2,35.21,35.06,35.06,43219
2012-02-23 12:00:00,35.07,35.14,35.0421,35.08,23729
2012-02-23 12:15:00,35.08,35.12,35.04,35.065,13179
2012-02-23 12:30:00,35.06,35.0625,35.01,35.0212,30469
2012-02-23 12:45:00,35.03,35.04,35.0,35.02,20126
2012-02-23 13:00:00,35.01,35.03,35.01,35.02,20980
2012-02-23 13:15:00,35.015,35.05,35.01,35.04,28550
2012-02-23 13:30:00,35.04,35.06,34.99,34.99,31412
2012-02-23 13:45:00,34.99,35.0,34.9194,34.94,30227
2012-02-23 14:00:00,34.9426,34.98,34.92,34.9401,39394
2012-02-23 14:15:00,34.95,34.98,34.91,34.9707,44724
2012-02-23 14:30:00,34.9791,35.0,34.94,34.99,35611
2012-02-23 14:45:00,34.9984,35.0,34.94,34.95,45072
2012-02-23 15:00:00,34.94,34.96,34.9,34.96,42764
2012-02-23 15:15:00,34.96,35.07,34.95,35.05,80409
2012-02-23 15:30:00,35.0568,35.14,35.0568,35.13,53495
2012-02-23 15:45:00,35.13,35.1345,35.05,35.07,71723
2012-02-23 16:00:00,35.07,35.155,35.06,35.1,175482
2012-02-24 09:45:00,35.22,35.46,34.97,35.21,49823
2012-02-24 10:00:00,35.23,35.23,35.06,35.15,28537
2012-02-24 10:15:00,35.165,35.18,35.0,35.15,44450
2012-02-24 10:30:00,35.14,35.18,35.05,35.1,29837
2012-02-24 10:45:00,35.1,35.158,35.04,35.11,21217
2012-02-24 11:00:00,35.11,35.11,35.0,35.07,31117
2012-02-24 11:15:00,35.07,35.13,35.06,35.1,23491
2012-02-24 11:30:00,35.11,35.13,35.1,35.12,17020
2012-02-24 11:45:00,35.11,35.13,35.03,35.04,51969
2012-02-24 12:00:00,35.04,35.14,35.04,35.05,31722
2012-02-24 12:15:00,35.05,35.06,35.0,35.06,22071
2012-02-24 12:30:00,35.05,35.09,35.02,35.03,23420
2012-02-24 12:45:00,35.035,35.06,34.95,35.0,38787
2012-02-24 13:00:00,34.99,35.0,34.95,34.99,46833
2012-02-24 13:15:00,34.99,35.03,34.96,34.98,27669
2012-02-24 13:30:00,34.98,34.98,34.9,34.91,21024
2012-02-24 13:45:00,34.92,34.93,34.86,34.92,26296
2012-02-24 14:00:00,34.92,35.05,34.91,35.04,21115
2012-02-24 14:15:00,35.03,35.05,34.97,34.97,25046
2012-02-24 14:30:00,34.99,34.99,34.87,34.87,29428
2012-02-24 14:45:00,34.87,34.88,34.81,34.83,19197
2012-02-24 15:00:00,34.83,34.88,34.81,34.815,15208
2012-02-24 15:15:00,34.8184,34.84,34.8,34.8,26154
2012-02-24 15:30:00,34.81,34.84,34.79,34.79,29624
2012-02-24 15:45:00,34.79,34.85,34.76,34.83,45706
2012-02-24 16:00:00,34.83,34.85,34.8,34.85,97887
2012-02-27 09:45:00,34.75,34.98,34.6601,34.83,103523
2012-02-27 10:00:00,34.83,34.85,34.59,34.65,95854
2012-02-27 10:15:00,34.67,34.72,34.57,34.71,25897
2012-02-27 10:30:00,34.71,34.82,34.7075,34.75,42081
2012-02-27 10:45:00,34.7475,34.84,34.7,34.84,25215
2012-02-27 11:00:00,34.85,34.88,34.79,34.79,17894
2012-02-27 11:15:00,34.8,34.8275,34.75,34.79,14964
2012-02-27 11:30:00,34.79,34.94,34.79,34.92,29833
2012-02-27 11:45:00,34.93,35.03,34.93,35.0,32379
2012-02-27 12:00:00,35.01,35.125,35.0,35.12,49169
2012-02-27 12:15:00,35.12,35.2695,35.11,35.26,67766
2012-02-27 12:30:00,35.26,35.3,35.25,35.29,33580
2012-02-27 12:45:00,35.28,35.399,35.28,35.39,35192
2012-02-27 13:00:00,35.4,35.5,35.39,35.45,57687
2012-02-27 13:15:00,35.45,35.46,35.36,35.42,79859
2012-02-27 13:30:00,35.42,35.49,35.42,35.45,49678
2012-02-27 13:45:00,35.44,35.48,35.43,35.48,36520
2012-02-27 14:00:00,35.47,35.5,35.45,35.47,52157
2012-02-27 14:15:00,35.47,35.555,35.47,35.49,57530
2012-02-27 14:30:00,35.5,35.525,35.45,35.4925,55347
2012-02-27 14:45:00,35.4971,35.53,35.47,35.52,36085
2012-02-27 15:00:00,35.5256,35.53,35.45,35.5,59659
2012-02-27 15:15:00,35.5,35.565,35.47,35.48,56047
2012-02-27 15:30:00,35.47,35.535,35.45,35.5199,138250
2012-02-27 15:45:00,35.51,35.57,35.455,35.47,99621
2012-02-27 16:00:00,35.47,35.5,35.37,35.38,189675
2012-02-28 09:45:00,35.53,35.75,35.26,35.27,50842
2012-02-28 10:00:00,35.28,35.76,35.28,35.76,27322
2012-02-28 10:15:00,35.75,35.87,35.58,35.62,48894
2012-02-28 10:30:00,35.63,35.67,35.49,35.52,58804
2012-02-28 10:45:00,35.51,35.63,35.5,35.6,56921
2012-02-28 11:00:00,35.6,35.62,35.5,35.51,18869
2012-02-28 11:15:00,35.51,35.58,35.4701,35.53,57495
2012-02-28 11:30:00,35.53,35.53,35.4,35.41,26970
2012-02-28 11:45:00,35.41,35.43,35.38,35.4,18971
2012-02-28 12:00:00,35.4,35.4,35.37,35.39,19560
2012-02-28 12:15:00,35.38,35.41,35.351,35.39,36905
2012-02-28 12:30:00,35.38,35.39,35.32,35.33,15259
2012-02-28 12:45:00,35.33,35.34,35.2,35.2,48376
2012-02-28 13:00:00,35.21,35.33,35.2,35.28,43827
2012-02-28 13:15:00,35.29,35.29,35.21,35.24,17630
2012-02-28 13:30:00,35.25,35.25,35.19,35.23,14118
2012-02-28 13:45:00,35.22,35.27,35.2,35.27,13592
2012-02-28 14:00:00,35.269,35.29,34.96,35.17,123379
2012-02-28 14:15:00,35.16,35.2,35.14,35.162,19552
2012-02-28 14:30:00,35.18,35.2,35.11,35.13,16778
2012-02-28 14:45:00,35.13,35.19,35.13,35.17,15689
2012-02-28 15:00:00,35.16,35.1999,35.12,35.13,28795
2012-02-28 15:15:00,35.13,35.29,35.13,35.21,54469
2012-02-28 15:30:00,35.215,35.26,35.21,35.245,36305
2012-02-28 15:45:00,35.25,35.32,35.2251,35.32,59059
2012-02-28 16:00:00,35.32,35.32,35.25,35.26,140478
2012-02-29 09:45:00,35.39,35.42,35.0,35.0001,62583
2012-02-29 10:00:00,35.03,35.33,35.03,35.24,42150
2012-02-29 10:15:00,35.2475,35.35,35.24,35.32,66705
2012-02-29 10:30:00,35.33,35.38,35.28,35.31,27175
2012-02-29 10:45:00,35.3,35.429,35.2925,35.41,45169
2012-02-29 11:00:00,35.42,35.42,35.21,35.28,65561
2012-02-29 11:15:00,35.29,35.32,35.25,35.3,26760
2012-02-29 11:30:00,35.29,35.31,35.21,35.21,39865
2012-02-29 11:45:00,35.21,35.36,35.2,35.3205,32176
2012-02-29 12:00:00,35.32,35.41,35.32,35.3902,33506
2012-02-29 12:15:00,35.39,35.395,35.29,35.321999999999996,38908
2012-02-29 12:30:00,35.33,35.38,35.32,35.37,42984
2012-02-29 12:45:00,35.38,35.42,35.32,35.32,36525
2012-02-29 13:00:00,35.33,35.44,35.32,35.4314,21421
2012-02-29 13:15:00,35.44,35.52,35.35,35.445,51827
2012-02-29 13:30:00,35.43,35.44,35.35,35.4308,55931
2012-02-29 13:45:00,35.44,35.51,35.36,35.51,42888
2012-02-29 14:00:00,35.51,35.59,35.47,35.57,48632
2012-02-29 14:15:00,35.57,35.62,35.515,35.57,72795
2012-02-29 14:30:00,35.55,35.57,35.43,35.5,41454
2012-02-29 14:45:00,35.4978,35.4998,35.39,35.44,42747
2012-02-29 15:00:00,35.44,35.5,35.4,35.45,71087
2012-02-29 15:15:00,35.45,35.46,35.38,35.43,47235
2012-02-29 15:30:00,35.42,35.43,35.38,35.43,48736
2012-02-29 15:45:00,35.425,35.425,35.29,35.35,72075
2012-02-29 16:00:00,35.355,35.42,35.29,35.31,240298
2012-03-01 09:45:00,35.66,35.7,35.52,35.54,58661
2012-03-01 10:00:00,35.54,35.71,35.54,35.685,22163
2012-03-01 10:15:00,35.68,35.695,35.525,35.5557,39702
2012-03-01 10:30:00,35.56,35.56,35.43,35.43,20919
2012-03-01 10:45:00,35.4225,35.43,35.255,35.33,69644
2012-03-01 11:00:00,35.32,35.5,35.3,35.47,63644
2012-03-01 11:15:00,35.46,35.54,35.46,35.47,29858
2012-03-01 11:30:00,35.4799,35.55,35.4799,35.54,15899
2012-03-01 11:45:00,35.54,35.63,35.515,35.54,55840
2012-03-01 12:00:00,35.531,35.57,35.48,35.53,38378
2012-03-01 12:15:00,35.54,35.545,35.47,35.53,12449
2012-03-01 12:30:00,35.54,35.57,35.51,35.51,68027
2012-03-01 12:45:00,35.5,35.51,35.42,35.425,28729
2012-03-01 13:00:00,35.425,35.425,35.36,35.36,75070
2012-03-01 13:15:00,35.37,35.37,35.31,35.33,21014
2012-03-01 13:30:00,35.33,35.408,35.33,35.36,21739
2012-03-01 13:45:00,35.365,35.39,35.28,35.39,51162
2012-03-01 14:00:00,35.38,35.39,35.28,35.285,22373
2012-03-01 14:15:00,35.29,35.345,35.28,35.34,18768
2012-03-01 14:30:00,35.33,35.33,35.25,35.28,64333
2012-03-01 14:45:00,35.29,35.325,35.27,35.3,65589
2012-03-01 15:00:00,35.3,35.33,35.28,35.3,51741
2012-03-01 15:15:00,35.305,35.33,35.28,35.29,54455
2012-03-01 15:30:00,35.29,35.34,35.23,35.34,82090
2012-03-01 15:45:00,35.33,35.375,35.27,35.35,66350
2012-03-01 16:00:00,35.35,35.45,35.35,35.39,119280
2012-03-02 09:45:00,35.43,35.45,35.21,35.35,53354
2012-03-02 10:00:00,35.35,35.49,35.35,35.35,25587
2012-03-02 10:15:00,35.35,35.41,35.35,35.39,21817
2012-03-02 10:30:00,35.38,35.42,35.26,35.3,29919
2012-03-02 10:45:00,35.31,35.321,35.25,35.27,63930
2012-03-02 11:00:00,35.25,35.3,35.14,35.24,17504
2012-03-02 11:15:00,35.245,35.26,35.21,35.24,37532
2012-03-02 11:30:00,35.225,35.28,35.18,35.24,33594
2012-03-02 11:45:00,35.235,35.25,35.04,35.13,90247
2012-03-02 12:00:00,35.13,35.19,35.12,35.135,27074
2012-03-02 12:15:00,35.135,35.27,35.12,35.24,24689
2012-03-02 12:30:00,35.24,35.24,35.14,35.22,46065
2012-03-02 12:45:00,35.22,35.26,35.19,35.25,25200
2012-03-02 13:00:00,35.25,35.26,35.23,35.25,41519
2012-03-02 13:15:00,35.25,35.27,35.19,35.19,27894
2012-03-02 13:30:00,35.18,35.23,35.12,35.21,67029
2012-03-02 13:45:00,35.21,35.27,35.2,35.2685,32727
2012-03-02 14:00:00,35.26,35.27,35.17,35.27,35766
2012-03-02 14:15:00,35.26,35.275,35.22,35.26,18945
2012-03-02 14:30:00,35.26,35.3,35.2,35.2,22526
2012-03-02 14:45:00,35.19,35.22,35.18,35.18,19709
2012-03-02 15:00:00,35.19,35.24,35.17,35.23,24493
2012-03-02 15:15:00,35.23,35.25,35.13,35.14,55225
2012-03-02 15:30:00,35.15,35.21,35.145,35.18,31922
2012-03-02 15:45:00,35.19,35.23,35.09,35.11,42329
2012-03-02 16:00:00,35.12,35.28,35.1,35.21,202574
2012-03-05 09:45:00,35.23,35.25,35.11,35.11,57425
2012-03-05 10:00:00,35.139,35.26,35.13,35.25,18438
2012-03-05 10:15:00,35.28,35.31,35.21,35.31,75097
2012-03-05 10:30:00,35.315,35.415,35.24,35.29,68979
2012-03-05 10:45:00,35.28,35.38,35.2,35.28,63335
2012-03-05 11:00:00,35.29,35.4,35.285,35.36,19227
2012-03-05 11:15:00,35.37,35.43,35.34,35.365,36403
2012-03-05 11:30:00,35.35,35.42,35.27,35.4,45398
2012-03-05 11:45:00,35.39,35.51,35.32,35.51,53678
2012-03-05 12:00:00,35.51,35.58,35.5,35.54,41721
2012-03-05 12:15:00,35.53,35.64,35.51,35.61,49130
2012-03-05 12:30:00,35.6,35.7,35.55,35.65,41608
2012-03-05 12:45:00,35.65,35.68,35.63,35.65,30955
2012-03-05 13:00:00,35.65,35.67,35.63,35.665,24741
2012-03-05 13:15:00,35.66,35.7,35.64,35.65,30736
2012-03-05 13:30:00,35.66,35.72,35.655,35.6799,39466
2012-03-05 13:45:00,35.68,35.68,35.62,35.62,28645
2012-03-05 14:00:00,35.62,35.62,35.54,35.58,26111
2012-03-05 14:15:00,35.58,35.58,35.49,35.52,24296
2012-03-05 14:30:00,35.5128,35.559,35.49,35.55,23196
2012-03-05 14:45:00,35.56,35.56,35.4701,35.525,23559
2012-03-05 15:00:00,35.53,35.73,35.525,35.72,64900
2012-03-05 15:15:00,35.72,35.75,35.61,35.61,42911
2012-03-05 15:30:00,35.61,35.68,35.61,35.64,42003
2012-03-05 15:45:00,35.63,35.65,35.58,35.61,55674
2012-03-05 16:00:00,35.61,35.7,35.61,35.65,198606
2012-03-06 09:45:00,35.42,35.58,35.25,35.38,70616
2012-03-06 10:00:00,35.37,35.37,35.23,35.28,23385
2012-03-06 10:15:00,35.27,35.29,35.18,35.27,37453
2012-03-06 10:30:00,35.27,35.27,35.0,35.02,57459
2012-03-06 10:45:00,35.02,35.02,34.91,34.91,146124
2012-03-06 11:00:00,34.92,34.92,34.73,34.83,65273
2012-03-06 11:15:00,34.82,34.91,34.81,34.825,43505
2012-03-06 11:30:00,34.82,34.82,34.72,34.82,53806
2012-03-06 11:45:00,34.82,34.82,34.66,34.68,48362
2012-03-06 12:00:00,34.67,34.76,34.62,34.655,76070
2012-03-06 12:15:00,34.66,34.76,34.6,34.6,50060
2012-03-06 12:30:00,34.59,34.74,34.59,34.72,43790
2012-03-06 12:45:00,34.72,34.769,34.69,34.695,38735
2012-03-06 13:00:00,34.68,34.76,34.67,34.7578,44523
2012-03-06 13:15:00,34.75,34.78,34.71,34.71,27964
2012-03-06 13:30:00,34.72,34.76,34.69,34.74,41174
2012-03-06 13:45:00,34.735,34.78,34.73,34.745,41511
2012-03-06 14:00:00,34.7475,34.81,34.71,34.78,55871
2012-03-06 14:15:00,34.7775,34.81,34.75,34.8,41320
2012-03-06 14:30:00,34.8,34.9,34.76,34.785,103691
2012-03-06 14:45:00,34.785,34.84,34.75,34.78,44384
2012-03-06 15:00:00,34.78,34.795,34.69,34.695,36010
2012-03-06 15:15:00,34.69,34.78,34.67,34.69,89238
2012-03-06 15:30:00,34.695,34.695,34.59,34.59,73701
2012-03-06 15:45:00,34.6,34.64,34.54,34.58,121032
2012-03-06 16:00:00,34.58,34.7,34.56,34.64,279249
2012-03-07 09:45:00,34.85,34.85,34.6895,34.715,43077
2012-03-07 10:00:00,34.72,34.73,34.58,34.58,29759
2012-03-07 10:15:00,34.59,34.59,34.5,34.55,56301
2012-03-07 10:30:00,34.55,34.66,34.55,34.66,30725
2012-03-07 10:45:00,34.66,34.69,34.55,34.55,22646
2012-03-07 11:00:00,34.54,34.55,34.5,34.51,32035
2012-03-07 11:15:00,34.52,34.7,34.51,34.67,25969
2012-03-07 11:30:00,34.67,34.73,34.63,34.63,22753
2012-03-07 11:45:00,34.64,34.64,34.52,34.54,36576
2012-03-07 12:00:00,34.53,34.55,34.45,34.5475,48738
2012-03-07 12:15:00,34.55,34.61,34.5304,34.61,14808
2012-03-07 12:30:00,34.61,34.61,34.51,34.512,15512
2012-03-07 12:45:00,34.51,34.52,34.47,34.52,17669
2012-03-07 13:00:00,34.52,34.54,34.51,34.518,11785
2012-03-07 13:15:00,34.52,34.55,34.495,34.53,15293
2012-03-07 13:30:00,34.54,34.54,34.48,34.482,25367
2012-03-07 13:45:00,34.4805,34.4805,34.4103,34.415,14285
2012-03-07 14:00:00,34.42,34.49,34.41,34.47,54046
2012-03-07 14:15:00,34.46,34.56,34.4508,34.54,28856
2012-03-07 14:30:00,34.55,34.62,34.531,34.62,25756
2012-03-07 14:45:00,34.61,34.62,34.5211,34.54,26090
2012-03-07 15:00:00,34.545,34.6,34.49,34.4999,68796
2012-03-07 15:15:00,34.5,34.53,34.43,34.46,59886
2012-03-07 15:30:00,34.4582,34.55,34.44,34.54,35328
2012-03-07 15:45:00,34.55,34.57,34.52,34.57,39120
2012-03-07 16:00:00,34.57,34.665,34.565,34.57,251009
2012-03-08 09:45:00,34.94,34.9468,34.74,34.77,64887
2012-03-08 10:00:00,34.79,34.8,34.755,34.76,36643
2012-03-08 10:15:00,34.77,34.78,34.67,34.7,63731
2012-03-08 10:30:00,34.7,34.71,34.49,34.49,65515
2012-03-08 10:45:00,34.49,34.52,34.42,34.51,35971
2012-03-08 11:00:00,34.51,34.59,34.49,34.51,29798
2012-03-08 11:15:00,34.52,34.74,34.52,34.74,23142
2012-03-08 11:30:00,34.75,34.8,34.72,34.77,37322
2012-03-08 11:45:00,34.79,34.88,34.75,34.84,35177
2012-03-08 12:00:00,34.83,34.85,34.8,34.84,19478
2012-03-08 12:15:00,34.84,34.89,34.83,34.88,24459
2012-03-08 12:30:00,34.88,34.88,34.76,34.78,19961
2012-03-08 12:45:00,34.78,34.8397,34.77,34.82,17883
2012-03-08 13:00:00,34.82,34.85,34.81,34.83,12919
2012-03-08 13:15:00,34.83,34.9,34.81,34.89,18763
2012-03-08 13:30:00,34.9,34.91,34.76,34.76,40353
2012-03-08 13:45:00,34.76,34.78,34.66,34.69,47219
2012-03-08 14:00:00,34.69,34.69,34.56,34.59,29779
2012-03-08 14:15:00,34.59,34.68,34.58,34.64,63475
2012-03-08 14:30:00,34.64,34.66,34.6,34.61,28514
2012-03-08 14:45:00,34.61,34.73,34.61,34.73,19699
2012-03-08 15:00:00,34.73,34.87,34.727,34.83,78199
2012-03-08 15:15:00,34.85,34.86,34.83,34.84,24848
2012-03-08 15:30:00,34.8499,34.89,34.84,34.87,26707
2012-03-08 15:45:00,34.89,34.9,34.82,34.85,72915
2012-03-08 16:00:00,34.84,34.9,34.83,34.85,71866
2012-03-09 09:45:00,35.03,35.03,34.91,34.92,31685
2012-03-09 10:00:00,34.94,35.05,34.88,34.89,20499
2012-03-09 10:15:00,34.91,35.06,34.91,35.04,14915
2012-03-09 10:30:00,35.04,35.2,35.04,35.17,17116
2012-03-09 10:45:00,35.18,35.25,35.17,35.2,15957
2012-03-09 11:00:00,35.21,35.21,35.08,35.12,29039
2012-03-09 11:15:00,35.11,35.15,35.11,35.13,25010
2012-03-09 11:30:00,35.12,35.13,35.04,35.05,37742
2012-03-09 11:45:00,35.04,35.1,35.02,35.03,26045
2012-03-09 12:00:00,35.04,35.14,35.03,35.12,16458
2012-03-09 12:15:00,35.12,35.14,35.08,35.14,10807
2012-03-09 12:30:00,35.12,35.12,35.01,35.01,18238
2012-03-09 12:45:00,35.01,35.02,34.94,34.95,17805
2012-03-09 13:00:00,34.95,34.96,34.88,34.92,17761
2012-03-09 13:15:00,34.92,35.05,34.91,35.05,14146
2012-03-09 13:30:00,35.05,35.06,35.0,35.05,17819
2012-03-09 13:45:00,35.06,35.1,35.04,35.06,18911
2012-03-09 14:00:00,35.06,35.115,35.06,35.115,13543
2012-03-09 14:15:00,35.12,35.14,35.095,35.1182,18041
2012-03-09 14:30:00,35.115,35.12,35.09,35.11,12152
2012-03-09 14:45:00,35.12,35.16,35.12,35.15,18848
2012-03-09 15:00:00,35.15,35.15,35.07,35.1,33224
2012-03-09 15:15:00,35.11,35.169000000000004,35.07,35.16,28867
2012-03-09 15:30:00,35.16,35.19,35.13,35.1491,20852
2012-03-09 15:45:00,35.1491,35.185,35.14,35.16,40067
2012-03-09 16:00:00,35.16,35.19,35.11,35.16,86548
2012-03-12 09:45:00,35.22,35.44,35.22,35.36,41967
2012-03-12 10:00:00,35.37,35.61,35.37,35.58,83837
2012-03-12 10:15:00,35.6,35.63,35.5,35.58,35791
2012-03-12 10:30:00,35.59,35.67,35.45,35.5,47291
2012-03-12 10:45:00,35.5,35.62,35.47,35.62,45698
2012-03-12 11:00:00,35.62,35.62,35.39,35.39,18951
2012-03-12 11:15:00,35.4,35.492,35.4,35.49,31960
2012-03-12 11:30:00,35.49,35.5,35.32,35.365,19003
2012-03-12 11:45:00,35.36,35.37,35.29,35.34,11608
2012-03-12 12:00:00,35.35,35.35,35.24,35.24,17511
2012-03-12 12:15:00,35.25,35.385,35.24,35.38,19410
2012-03-12 12:30:00,35.38,35.44,35.37,35.41,26950
2012-03-12 12:45:00,35.4,35.43,35.38,35.43,12714
2012-03-12 13:00:00,35.43,35.44,35.36,35.4229,16042
2012-03-12 13:15:00,35.43,35.43,35.39,35.39,7079
2012-03-12 13:30:00,35.38,35.44,35.37,35.39,16062
2012-03-12 13:45:00,35.399,35.49,35.39,35.48,52622
2012-03-12 14:00:00,35.49,35.505,35.45,35.5,12369
2012-03-12 14:15:00,35.5,35.5234,35.49,35.51,11206
2012-03-12 14:30:00,35.51,35.51,35.41,35.41,14002
2012-03-12 14:45:00,35.42,35.425,35.41,35.42,26603
2012-03-12 15:00:00,35.42,35.475,35.42,35.47,15012
2012-03-12 15:15:00,35.47,35.52,35.465,35.49,73610
2012-03-12 15:30:00,35.49,35.51,35.41,35.41,29721
2012-03-12 15:45:00,35.41,35.44,35.4,35.41,37924
2012-03-12 16:00:00,35.41,35.45,35.38,35.42,94870
2012-03-13 09:45:00,35.61,35.61,35.48,35.51,26085
2012-03-13 10:00:00,35.51,35.54,35.42,35.43,10267
2012-03-13 10:15:00,35.429,35.45,35.29,35.39,31066
2012-03-13 10:30:00,35.38,35.47,35.32,35.45,33219
2012-03-13 10:45:00,35.45,35.55,35.42,35.54,19467
2012-03-13 11:00:00,35.55,35.55,35.47,35.49,9730
2012-03-13 11:15:00,35.5,35.55,35.38,35.38,26407
2012-03-13 11:30:00,35.385,35.46,35.385,35.449,14326
2012-03-13 11:45:00,35.45,35.56,35.45,35.56,16093
2012-03-13 12:00:00,35.56,35.567,35.47,35.47,12000
2012-03-13 12:15:00,35.47,35.49,35.47,35.48,12476
2012-03-13 12:30:00,35.471,35.498000000000005,35.46,35.47,8973
2012-03-13 12:45:00,35.4779,35.48,35.42,35.45,21354
2012-03-13 13:00:00,35.45,35.54,35.41,35.54,21282
2012-03-13 13:15:00,35.545,35.57,35.52,35.55,9230
2012-03-13 13:30:00,35.55,35.62,35.55,35.56,12611
2012-03-13 13:45:00,35.56,35.6,35.55,35.56,8285
2012-03-13 14:00:00,35.56,35.56,35.51,35.52,11214
2012-03-13 14:15:00,35.529,35.55,35.52,35.55,10547
2012-03-13 14:30:00,35.55,35.62,35.5,35.52,22200
2012-03-13 14:45:00,35.52,35.56,35.49,35.53,10754
2012-03-13 15:00:00,35.53,35.54,35.48,35.51,18173
2012-03-13 15:15:00,35.515,35.64,35.51,35.64,35349
2012-03-13 15:30:00,35.65,35.7,35.63,35.67,41861
2012-03-13 15:45:00,35.69,35.74,35.675,35.71,41659
2012-03-13 16:00:00,35.71,35.72,35.65,35.68,110052
2012-03-14 09:45:00,35.72,35.765,35.6201,35.6201,27982
2012-03-14 10:00:00,35.6499,35.75,35.63,35.68,22080
2012-03-14 10:15:00,35.68,35.69,35.59,35.66,21738
2012-03-14 10:30:00,35.6482,35.74,35.59,35.7,21239
2012-03-14 10:45:00,35.6982,35.71,35.5942,35.63,15968
2012-03-14 11:00:00,35.64,35.64,35.48,35.54,41804
2012-03-14 11:15:00,35.54,35.56,35.41,35.41,23087
2012-03-14 11:30:00,35.41,35.44,35.4,35.43,9910
2012-03-14 11:45:00,35.43,35.435,35.35,35.4269,36806
2012-03-14 12:00:00,35.4241,35.43,35.39,35.405,21618
2012-03-14 12:15:00,35.41,35.529,35.41,35.529,12133
2012-03-14 12:30:00,35.53,35.545,35.52,35.525,33068
2012-03-14 12:45:00,35.53,35.53,35.44,35.5,18915
2012-03-14 13:00:00,35.5,35.51,35.42,35.43,17199
2012-03-14 13:15:00,35.43,35.445,35.39,35.39,11957
2012-03-14 13:30:00,35.399,35.4899,35.39,35.46,20833
2012-03-14 13:45:00,35.46,35.49,35.425,35.44,12633
2012-03-14 14:00:00,35.45,35.5,35.4,35.415,19702
2012-03-14 14:15:00,35.415,35.46,35.37,35.37,21913
2012-03-14 14:30:00,35.37,35.38,35.36,35.365,12496
2012-03-14 14:45:00,35.37,35.4198,35.34,35.38,29365
2012-03-14 15:00:00,35.4,35.43,35.29,35.29,27290
2012-03-14 15:15:00,35.3,35.34,35.265,35.335,22284
2012-03-14 15:30:00,35.34,35.46,35.31,35.43,35194
2012-03-14 15:45:00,35.44,35.44,35.37,35.43,46351
2012-03-14 16:00:00,35.43,35.47,35.4,35.46,84101
2012-03-15 09:45:00,35.6,35.63,35.17,35.1799,32781
2012-03-15 10:00:00,35.16,35.26,35.16,35.17,17969
2012-03-15 10:15:00,35.156,35.1886,35.06,35.07,87562
2012-03-15 10:30:00,35.07,35.11,34.99,35.0,44921
2012-03-15 10:45:00,35.0,35.025,34.96,34.97,32987
2012-03-15 11:00:00,34.97,35.0,34.78,34.8,131240
2012-03-15 11:15:00,34.8,35.0,34.78,34.995,33405
2012-03-15 11:30:00,35.0,35.14,34.99,35.13,43168
2012-03-15 11:45:00,35.13,35.22,35.0799,35.175,71175
2012-03-15 12:00:00,35.18,35.18,35.09,35.15,35251
2012-03-15 12:15:00,35.15,35.27,35.15,35.27,22230
2012-03-15 12:30:00,35.28,35.42,35.28,35.41,16746
2012-03-15 12:45:00,35.41,35.5571,35.41,35.54,26210
2012-03-15 13:00:00,35.54,35.57,35.53,35.569,22806
2012-03-15 13:15:00,35.57,35.59,35.56,35.56,11037
2012-03-15 13:30:00,35.56,35.56,35.5,35.51,14952
2012-03-15 13:45:00,35.52,35.61,35.52,35.61,17262
2012-03-15 14:00:00,35.61,35.62,35.55,35.55,25025
2012-03-15 14:15:00,35.56,35.64,35.54,35.62,25034
2012-03-15 14:30:00,35.63,35.67,35.62,35.66,12719
2012-03-15 14:45:00,35.6531,35.655,35.59,35.625,19840
2012-03-15 15:00:00,35.62,35.71,35.62,35.7095,24658
2012-03-15 15:15:00,35.71,35.71,35.63,35.63,20406
2012-03-15 15:30:00,35.63,35.64,35.6,35.605,14994
2012-03-15 15:45:00,35.61,35.65,35.59,35.6125,46491
2012-03-15 16:00:00,35.61,35.62,35.51,35.51,90151
2012-03-16 09:45:00,35.64,35.73,35.25,35.71,199774
2012-03-16 10:00:00,35.72,35.76,35.6529,35.67,29180
2012-03-16 10:15:00,35.66,35.67,35.6,35.6,98085
2012-03-16 10:30:00,35.6,35.6,35.47,35.54,28940
2012-03-16 10:45:00,35.54,35.59,35.5,35.56,18319
2012-03-16 11:00:00,35.57,35.65,35.53,35.65,33054
2012-03-16 11:15:00,35.645,35.65,35.5,35.52,54453
2012-03-16 11:30:00,35.51,35.529,35.399,35.42,17664
2012-03-16 11:45:00,35.42,35.43,35.33,35.37,46901
2012-03-16 12:00:00,35.37,35.37,35.27,35.34,23845
2012-03-16 12:15:00,35.35,35.37,35.26,35.27,56434
2012-03-16 12:30:00,35.27,35.3,35.24,35.25,14105
2012-03-16 12:45:00,35.25,35.26,35.17,35.18,15656
2012-03-16 13:00:00,35.2,35.2194,35.1831,35.19,51583
2012-03-16 13:15:00,35.2,35.24,35.2,35.21,31477
2012-03-16 13:30:00,35.21,35.3,35.2095,35.295,31725
2012-03-16 13:45:00,35.3,35.34,35.28,35.34,25548
2012-03-16 14:00:00,35.35,35.43,35.35,35.43,43040
2012-03-16 14:15:00,35.413000000000004,35.42,35.37,35.37,15692
2012-03-16 14:30:00,35.37,35.5,35.37,35.49,29645
2012-03-16 14:45:00,35.49,35.52,35.47,35.495,25161
2012-03-16 15:00:00,35.5,35.52,35.45,35.46,21197
2012-03-16 15:15:00,35.45,35.4591,35.4,35.41,18522
2012-03-16 15:30:00,35.42,35.51,35.4,35.51,33550
2012-03-16 15:45:00,35.5015,35.51,35.43,35.44,39598
2012-03-16 16:00:00,35.435,35.52,35.43,35.46,235047
2012-03-19 09:45:00,35.41,35.57,35.34,35.45,81450
2012-03-19 10:00:00,35.45,35.52,35.41,35.52,74370
2012-03-19 10:15:00,35.5175,35.65,35.51,35.58,21050
2012-03-19 10:30:00,35.61,35.62,35.49,35.5,29740
2012-03-19 10:45:00,35.5,35.6025,35.5,35.57,19225
2012-03-19 11:00:00,35.56,35.75,35.53,35.55,71015
2012-03-19 11:15:00,35.55,35.58,35.46,35.58,43134
2012-03-19 11:30:00,35.57,35.6205,35.55,35.6205,31689
2012-03-19 11:45:00,35.63,35.7,35.62,35.68,23350
2012-03-19 12:00:00,35.68,35.87,35.66,35.87,63271
2012-03-19 12:15:00,35.86,35.91,35.85,35.89,34788
2012-03-19 12:30:00,35.8972,35.925,35.8501,35.9,23836
2012-03-19 12:45:00,35.89,36.095,35.8762,36.07,58969
2012-03-19 13:00:00,36.07,36.1,36.055,36.06,39336
2012-03-19 13:15:00,36.06,36.08,36.025,36.07,27074
2012-03-19 13:30:00,36.07,36.29,36.0675,36.29,50548
2012-03-19 13:45:00,36.28,36.32,36.23,36.3,42454
2012-03-19 14:00:00,36.3,36.43,36.2925,36.3,49836
2012-03-19 14:15:00,36.3,36.39,36.2864,36.39,48136
2012-03-19 14:30:00,36.39,36.39,36.31,36.33,31654
2012-03-19 14:45:00,36.32,36.36,36.24,36.36,43048
2012-03-19 15:00:00,36.35,36.35,36.26,36.29,34935
2012-03-19 15:15:00,36.3,36.37,36.29,36.35,60923
2012-03-19 15:30:00,36.36,36.42,36.32,36.4101,87022
2012-03-19 15:45:00,36.41,36.44,36.36,36.44,126629
2012-03-19 16:00:00,36.43,36.435,36.3,36.38,205643
2012-03-20 09:45:00,36.19,36.21,35.91,35.92,37717
2012-03-20 10:00:00,35.91,36.13,35.87,35.922,28065
2012-03-20 10:15:00,35.93,36.0,35.82,35.82,51090
2012-03-20 10:30:00,35.825,35.9,35.75,35.87,41248
2012-03-20 10:45:00,35.87,35.93,35.84,35.93,15630
2012-03-20 11:00:00,35.94,36.12,35.93,35.99,38435
2012-03-20 11:15:00,35.99,36.025,35.92,35.93,20593
2012-03-20 11:30:00,35.92,35.96,35.85,35.86,20906
2012-03-20 11:45:00,35.87,35.92,35.84,35.88,18321
2012-03-20 12:00:00,35.88,35.88,35.82,35.84,25039
2012-03-20 12:15:00,35.84,35.9,35.8,35.81,34945
2012-03-20 12:30:00,35.8,35.82,35.735,35.768,22362
2012-03-20 12:45:00,35.77,35.78,35.75,35.7779,17745
2012-03-20 13:00:00,35.77,35.8,35.75,35.7895,13629
2012-03-20 13:15:00,35.78,35.8654,35.77,35.86,24285
2012-03-20 13:30:00,35.868,35.87,35.8,35.849000000000004,92990
2012-03-20 13:45:00,35.85,35.89,35.83,35.88,19141
2012-03-20 14:00:00,35.88,35.92,35.88,35.92,14228
2012-03-20 14:15:00,35.92,35.93,35.87,35.88,15582
2012-03-20 14:30:00,35.87,35.98,35.87,35.95,22310
2012-03-20 14:45:00,35.95,35.9875,35.935,35.95,11336
2012-03-20 15:00:00,35.9554,35.98,35.91,35.975,17951
2012-03-20 15:15:00,35.98,36.01,35.97,35.99,24707
2012-03-20 15:30:00,35.99,36.07,35.99,36.04,49584
2012-03-20 15:45:00,36.03,36.05,35.97,36.04,35103
2012-03-20 16:00:00,36.04,36.11,36.0,36.05,137706
2012-03-21 09:45:00,36.19,36.23,36.0,36.13,42120
2012-03-21 10:00:00,36.13,36.2,36.09,36.16,38531
2012-03-21 10:15:00,36.14,36.21,36.06,36.135,25131
2012-03-21 10:30:00,36.14,36.1999,36.09,36.16,53074
2012-03-21 10:45:00,36.17,36.245,36.17,36.24,13680
2012-03-21 11:00:00,36.24,36.27,36.06,36.06,17977
2012-03-21 11:15:00,36.06,36.07,35.88,35.893,41790
2012-03-21 11:30:00,35.89,36.19,35.88,36.18,27631
2012-03-21 11:45:00,36.185,36.265,36.18,36.23,13767
2012-03-21 12:00:00,36.21,36.25,36.18,36.22,12200
2012-03-21 12:15:00,36.21,36.33,36.15,36.28,36457
2012-03-21 12:30:00,36.28,36.28,36.09,36.1,71349
2012-03-21 12:45:00,36.11,36.14,36.05,36.05,21543
2012-03-21 13:00:00,36.06,36.06,35.9281,35.94,34539
2012-03-21 13:15:00,35.94,35.94,35.84,35.84,20773
2012-03-21 13:30:00,35.845,35.96,35.84,35.92,25589
2012-03-21 13:45:00,35.92,35.92,35.78,35.78,20524
2012-03-21 14:00:00,35.78,35.900999999999996,35.74,35.900999999999996,25758
2012-03-21 14:15:00,35.91,35.95,35.89,35.94,14761
2012-03-21 14:30:00,35.95,35.98,35.84,35.86,22488
2012-03-21 14:45:00,35.87,35.91,35.8,35.83,30628
2012-03-21 15:00:00,35.84,35.9,35.82,35.89,14107
2012-03-21 15:15:00,35.87,35.935,35.8502,35.91,32654
2012-03-21 15:30:00,35.91,35.92,35.85,35.88,33534
2012-03-21 15:45:00,35.88,35.9175,35.84,35.84,39514
2012-03-21 16:00:00,35.845,35.8462,35.73,35.74,131837
2012-03-22 09:45:00,35.49,35.89,35.47,35.86,31778
2012-03-22 10:00:00,35.88,35.94,35.81,35.82,19695
2012-03-22 10:15:00,35.81,35.92,35.81,35.839,17910
2012-03-22 10:30:00,35.83,35.83,35.73,35.73,17063
2012-03-22 10:45:00,35.74,35.75,35.66,35.74,18980
2012-03-22 11:00:00,35.75,35.75,35.64,35.66,17910
2012-03-22 11:15:00,35.67,35.75,35.65,35.725,25475
2012-03-22 11:30:00,35.73,35.83,35.7,35.73,36600
2012-03-22 11:45:00,35.73,35.77,35.7,35.7,16002
2012-03-22 12:00:00,35.69,35.71,35.65,35.71,21401
2012-03-22 12:15:00,35.71,35.73,35.69,35.69,24778
2012-03-22 12:30:00,35.7,35.78,35.69,35.73,20896
2012-03-22 12:45:00,35.73,35.75,35.66,35.7,17782
2012-03-22 13:00:00,35.71,35.75,35.67,35.75,22919
2012-03-22 13:15:00,35.76,35.81,35.76,35.799,20832
2012-03-22 13:30:00,35.79,35.86,35.77,35.86,23220
2012-03-22 13:45:00,35.859,35.96,35.84,35.94,41225
2012-03-22 14:00:00,35.93,35.96,35.85,35.88,23014
2012-03-22 14:15:00,35.89,35.89,35.81,35.81,19957
2012-03-22 14:30:00,35.81,35.81,35.74,35.78,28583
2012-03-22 14:45:00,35.79,35.82,35.79,35.82,17585
2012-03-22 15:00:00,35.81,35.83,35.75,35.79,20474
2012-03-22 15:15:00,35.79,35.83,35.73,35.79,38356
2012-03-22 15:30:00,35.8,35.85,35.76,35.84,38705
2012-03-22 15:45:00,35.84,35.98,35.8,35.9,65447
2012-03-22 16:00:00,35.9,35.96,35.87,35.93,106990
2012-03-23 09:45:00,36.02,36.1,35.88,36.02,31076
2012-03-23 10:00:00,36.0,36.22,35.88,36.05,55720
2012-03-23 10:15:00,36.04,36.04,35.82,35.88,38220
2012-03-23 10:30:00,35.8998,35.98,35.81,35.81,20792
2012-03-23 10:45:00,35.83,35.94,35.83,35.87,13430
2012-03-23 11:00:00,35.85,35.95,35.83,35.93,12941
2012-03-23 11:15:00,35.94,36.04,35.94,36.02,24962
2012-03-23 11:30:00,36.04,36.175,36.037,36.16,25739
2012-03-23 11:45:00,36.17,36.289,36.15,36.279,20842
2012-03-23 12:00:00,36.29,36.33,36.27,36.32,27697
2012-03-23 12:15:00,36.31,36.315,36.25,36.3,27361
2012-03-23 12:30:00,36.3,36.3,36.1857,36.24,33761
2012-03-23 12:45:00,36.25,36.31,36.2,36.3,36255
2012-03-23 13:00:00,36.29,36.3171,36.23,36.26,26391
2012-03-23 13:15:00,36.26,36.3,36.2,36.28,30855
2012-03-23 13:30:00,36.27,36.28,36.175,36.18,19055
2012-03-23 13:45:00,36.19,36.24,36.1375,36.14,31347
2012-03-23 14:00:00,36.13,36.19,36.11,36.11,19429
2012-03-23 14:15:00,36.1,36.18,36.07,36.17,27959
2012-03-23 14:30:00,36.18,36.28,36.18,36.28,17275
2012-03-23 14:45:00,36.28,36.33,36.23,36.25,35512
2012-03-23 15:00:00,36.23,36.265,36.22,36.24,20215
2012-03-23 15:15:00,36.25,36.26,36.2,36.26,27317
2012-03-23 15:30:00,36.25,36.28,36.22,36.265,43168
2012-03-23 15:45:00,36.2609,36.36,36.26,36.34,38109
2012-03-23 16:00:00,36.34,36.41,36.33,36.39,98441
2012-03-26 09:45:00,36.65,37.24,36.57,37.22,115389
2012-03-26 10:00:00,37.22,37.37,36.98,37.0727,95715
2012-03-26 10:15:00,37.08,37.08,36.98,37.03,55280
2012-03-26 10:30:00,37.03,37.03,36.9787,37.01,48988
2012-03-26 10:45:00,37.01,37.02,36.95,36.95,72914
2012-03-26 11:00:00,36.95,36.955,36.88,36.9,26999
2012-03-26 11:15:00,36.9,36.94,36.879,36.885,22652
2012-03-26 11:30:00,36.89,37.0,36.88,36.9714,31552
2012-03-26 11:45:00,36.97,37.005,36.97,37.0,29457
2012-03-26 12:00:00,37.0,37.02,36.93,36.93,78329
2012-03-26 12:15:00,36.93,37.045,36.93,37.03,46379
2012-03-26 12:30:00,37.02,37.025,36.96,36.965,13211
2012-03-26 12:45:00,36.96,36.96,36.93,36.935,13337
2012-03-26 13:00:00,36.935,36.935,36.9,36.91,29708
2012-03-26 13:15:00,36.91,36.97,36.91,36.97,22758
2012-03-26 13:30:00,36.965,36.97,36.95,36.96,20195
2012-03-26 13:45:00,36.96,36.97,36.93,36.94,13453
2012-03-26 14:00:00,36.945,36.96,36.94,36.955,18919
2012-03-26 14:15:00,36.959,36.96,36.9,36.91,23506
2012-03-26 14:30:00,36.9161,36.94,36.91,36.94,17431
2012-03-26 14:45:00,36.94,36.97,36.9,36.97,40928
2012-03-26 15:00:00,36.96,37.02,36.92,36.98,43501
2012-03-26 15:15:00,36.99,37.0299,36.98,37.0,32379
2012-03-26 15:30:00,37.01,37.06,37.0,37.05,39989
2012-03-26 15:45:00,37.05,37.05,36.95,36.96,32814
2012-03-26 16:00:00,36.95,37.15,36.95,37.1,214343
2012-03-27 09:45:00,37.12,37.42,37.12,37.42,60962
2012-03-27 10:00:00,37.41,37.44,37.21,37.2498,27036
2012-03-27 10:15:00,37.27,37.28,37.02,37.045,51865
2012-03-27 10:30:00,37.05,37.16,37.02,37.16,119895
2012-03-27 10:45:00,37.16,37.2,37.06,37.18,75915
2012-03-27 11:00:00,37.18,37.26,37.17,37.2,24506
2012-03-27 11:15:00,37.2,37.345,37.2,37.27,40549
2012-03-27 11:30:00,37.28,37.42,37.271,37.39,34315
2012-03-27 11:45:00,37.38,37.383,37.35,37.36,15139
2012-03-27 12:00:00,37.3627,37.51,37.36,37.5,29095
2012-03-27 12:15:00,37.5,37.57,37.5,37.565,47437
2012-03-27 12:30:00,37.57,37.61,37.51,37.52,34245
2012-03-27 12:45:00,37.52,37.53,37.5,37.53,23930
2012-03-27 13:00:00,37.53,37.58,37.5,37.57,44650
2012-03-27 13:15:00,37.57,37.6,37.55,37.58,19275
2012-03-27 13:30:00,37.59,37.675,37.57,37.665,52185
2012-03-27 13:45:00,37.66,37.7,37.66,37.67,54494
2012-03-27 14:00:00,37.67,37.67,37.62,37.65,36422
2012-03-27 14:15:00,37.65,37.7,37.65,37.7,35412
2012-03-27 14:30:00,37.7,37.7,37.63,37.65,29175
2012-03-27 14:45:00,37.645,37.645,37.54,37.58,41540
2012-03-27 15:00:00,37.59,37.6099,37.5,37.53,35652
2012-03-27 15:15:00,37.52,37.53,37.4,37.4,77629
2012-03-27 15:30:00,37.41,37.43,37.34,37.37,89848
2012-03-27 15:45:00,37.355,37.41,37.34,37.38,47003
2012-03-27 16:00:00,37.38,37.415,37.25,37.36,235317
2012-03-28 09:45:00,37.19,37.36,36.81,36.869,62945
2012-03-28 10:00:00,36.869,37.0299,36.81,37.0299,46620
2012-03-28 10:15:00,37.015,37.08,36.94,37.0,30549
2012-03-28 10:30:00,36.99,37.05,36.93,37.0,57683
2012-03-28 10:45:00,36.99,37.07,36.97,37.07,29319
2012-03-28 11:00:00,37.07,37.11,37.02,37.1,49468
2012-03-28 11:15:00,37.08,37.11,36.9,37.11,36383
2012-03-28 11:30:00,37.13,37.13,37.03,37.07,21715
2012-03-28 11:45:00,37.0599,37.09,36.97,37.0,58697
2012-03-28 12:00:00,36.98,37.0,36.81,36.83,101194
2012-03-28 12:15:00,36.83,36.93,36.83,36.91,29013
2012-03-28 12:30:00,36.91,37.0,36.9,36.92,16110
2012-03-28 12:45:00,36.93,36.98,36.88,36.97,82516
2012-03-28 13:00:00,36.97,36.99,36.91,36.93,29724
2012-03-28 13:15:00,36.94,36.985,36.91,36.93,27270
2012-03-28 13:30:00,36.94,36.99,36.93,36.97,46262
2012-03-28 13:45:00,36.98,37.11,36.98,37.09,63586
2012-03-28 14:00:00,37.09,37.12,36.99,37.08,47458
2012-03-28 14:15:00,37.09,37.09,36.98,37.02,82624
2012-03-28 14:30:00,37.03,37.05,36.97,36.99,49548
2012-03-28 14:45:00,37.0,37.1,36.99,37.06,49175
2012-03-28 15:00:00,37.07,37.14,37.05,37.12,37278
2012-03-28 15:15:00,37.12,37.17,37.07,37.1,51243
2012-03-28 15:30:00,37.09,37.14,37.04,37.125,63350
2012-03-28 15:45:00,37.12,37.24,37.105,37.2,129920
2012-03-28 16:00:00,37.2,37.27,37.14,37.22,299240
2012-03-29 09:45:00,37.14,37.25,36.92,36.995,71997
2012-03-29 10:00:00,37.01,37.28,36.95,37.13,95892
2012-03-29 10:15:00,37.12,37.27,37.1,37.19,59465
2012-03-29 10:30:00,37.2,37.23,37.08,37.17,67136
2012-03-29 10:45:00,37.16,37.21,37.05,37.06,57648
2012-03-29 11:00:00,37.07,37.13,36.99,37.03,29738
2012-03-29 11:15:00,37.02,37.15,37.0,37.05,25100
2012-03-29 11:30:00,37.04,37.08,37.0,37.0,49492
2012-03-29 11:45:00,37.0,37.08,37.0,37.03,25961
2012-03-29 12:00:00,37.03,37.2,37.0,37.08,164170
2012-03-29 12:15:00,37.08,37.1,37.02,37.02,34727
2012-03-29 12:30:00,37.02,37.11,37.02,37.0701,45373
2012-03-29 12:45:00,37.07,37.075,36.96,37.0,79449
2012-03-29 13:00:00,37.01,37.06,36.985,37.04,53740
2012-03-29 13:15:00,37.03,37.035,36.94,36.97,26449
2012-03-29 13:30:00,36.9682,37.08,36.96,37.04,40312
2012-03-29 13:45:00,37.03,37.05,36.93,37.01,28538
2012-03-29 14:00:00,37.01,37.02,36.955,37.0,50589
2012-03-29 14:15:00,36.99,37.08,36.99,37.02,68800
2012-03-29 14:30:00,37.02,37.17,37.02,37.16,72725
2012-03-29 14:45:00,37.16,37.17,37.04,37.07,28393
2012-03-29 15:00:00,37.08,37.16,37.05,37.05,50581
2012-03-29 15:15:00,37.06,37.2,37.01,37.17,105029
2012-03-29 15:30:00,37.16,37.18,37.03,37.04,53296
2012-03-29 15:45:00,37.05,37.17,37.04,37.13,106052
2012-03-29 16:00:00,37.13,37.2,37.11,37.14,180704
2012-03-30 09:45:00,37.49,37.49,37.1,37.1,37236
2012-03-30 10:00:00,37.09,37.19,37.05,37.05,20910
2012-03-30 10:15:00,37.06,37.17,37.04,37.05,26161
2012-03-30 10:30:00,37.06,37.1,36.99,37.1,25560
2012-03-30 10:45:00,37.1,37.1,36.96,37.02,16679
2012-03-30 11:00:00,37.01,37.07,36.99,37.04,15427
2012-03-30 11:15:00,37.05,37.22,37.05,37.22,22895
2012-03-30 11:30:00,37.23,37.44,37.23,37.39,48654
2012-03-30 11:45:00,37.39,37.4,37.3,37.3,11860
2012-03-30 12:00:00,37.3,37.3,37.2201,37.24,12594
2012-03-30 12:15:00,37.23,37.29,37.21,37.22,9450
2012-03-30 12:30:00,37.22,37.29,37.22,37.26,10975
2012-03-30 12:45:00,37.27,37.31,37.25,37.31,8849
2012-03-30 13:00:00,37.3026,37.3026,37.2,37.2,18184
2012-03-30 13:15:00,37.2,37.2899,37.2,37.23,12589
2012-03-30 13:30:00,37.24,37.28,37.239000000000004,37.26,28533
2012-03-30 13:45:00,37.26,37.27,37.2,37.22,34063
2012-03-30 14:00:00,37.21,37.215,37.14,37.14,20112
2012-03-30 14:15:00,37.1437,37.28,37.1437,37.27,24831
2012-03-30 14:30:00,37.275,37.285,37.185,37.19,19008
2012-03-30 14:45:00,37.19,37.25,37.185,37.25,21166
2012-03-30 15:00:00,37.24,37.25,37.1,37.1,41188
2012-03-30 15:15:00,37.1,37.12,36.98,36.99,69005
2012-03-30 15:30:00,36.99,36.99,36.85,36.89,73560
2012-03-30 15:45:00,36.9,36.95,36.79,36.7999,115030
2012-03-30 16:00:00,36.8,36.83,36.71,36.72,266905
2012-04-02 09:45:00,36.86,36.98,36.73,36.93,54318
2012-04-02 10:00:00,36.93,36.99,36.805,36.81,24884
2012-04-02 10:15:00,36.81,37.19,36.81,37.19,42545
2012-04-02 10:30:00,37.2,37.31,37.195,37.25,27461
2012-04-02 10:45:00,37.24,37.32,37.23,37.27,22833
2012-04-02 11:00:00,37.29,37.32,37.23,37.29,28486
2012-04-02 11:15:00,37.29,37.34,37.24,37.3,60139
2012-04-02 11:30:00,37.295,37.33,37.26,37.3,24599
2012-04-02 11:45:00,37.3,37.36,37.23,37.36,35881
2012-04-02 12:00:00,37.36,37.5,37.35,37.46,50784
2012-04-02 12:15:00,37.45,37.5501,37.44,37.55,34669
2012-04-02 12:30:00,37.55,37.55,37.47,37.5101,32293
2012-04-02 12:45:00,37.51,37.5155,37.43,37.43,21099
2012-04-02 13:00:00,37.43,37.52,37.42,37.48,27672
2012-04-02 13:15:00,37.47,37.54,37.47,37.49,30005
2012-04-02 13:30:00,37.5,37.55,37.4225,37.44,53281
2012-04-02 13:45:00,37.43,37.4782,37.34,37.39,25102
2012-04-02 14:00:00,37.39,37.39,37.35,37.38,44210
2012-04-02 14:15:00,37.38,37.38,37.28,37.28,43205
2012-04-02 14:30:00,37.29,37.32,37.26,37.28,30014
2012-04-02 14:45:00,37.2725,37.33,37.26,37.3,27615
2012-04-02 15:00:00,37.3,37.3025,37.23,37.26,49172
2012-04-02 15:15:00,37.27,37.28,37.25,37.27,43232
2012-04-02 15:30:00,37.27,37.31,37.26,37.29,43015
2012-04-02 15:45:00,37.28,37.31,37.27,37.3,50070
2012-04-02 16:00:00,37.3,37.31,37.21,37.28,99612
2012-04-03 09:45:00,37.35,37.41,37.23,37.25,50743
2012-04-03 10:00:00,37.25,37.25,37.2,37.21,30716
2012-04-03 10:15:00,37.22,37.28,37.1401,37.26,47166
2012-04-03 10:30:00,37.25,37.47,37.185,37.47,26350
2012-04-03 10:45:00,37.47,37.52,37.425,37.48,36175
2012-04-03 11:00:00,37.498000000000005,37.498000000000005,37.22,37.38,59357
2012-04-03 11:15:00,37.37,37.3799,37.2,37.25,47839
2012-04-03 11:30:00,37.24,37.31,37.18,37.27,36457
2012-04-03 11:45:00,37.26,37.32,37.25,37.25,33498
2012-04-03 12:00:00,37.24,37.33,37.23,37.33,11793
2012-04-03 12:15:00,37.33,37.33,37.255,37.32,29536
2012-04-03 12:30:00,37.33,37.34,37.29,37.34,24796
2012-04-03 12:45:00,37.32,37.3299,37.25,37.27,16729
2012-04-03 13:00:00,37.28,37.29,37.21,37.21,10984
2012-04-03 13:15:00,37.21,37.29,37.19,37.25,29337
2012-04-03 13:30:00,37.25,37.27,37.18,37.199,17991
2012-04-03 13:45:00,37.19,37.23,37.185,37.23,15184
2012-04-03 14:00:00,37.22,37.29,37.21,37.28,24847
2012-04-03 14:15:00,37.27,37.27,37.06,37.16,45415
2012-04-03 14:30:00,37.16,37.24,37.1,37.18,31756
2012-04-03 14:45:00,37.17,37.22,37.14,37.2,40771
2012-04-03 15:00:00,37.19,37.24,37.14,37.16,35662
2012-04-03 15:15:00,37.17,37.3,37.16,37.25,43227
2012-04-03 15:30:00,37.26,37.3,37.18,37.2701,62620
2012-04-03 15:45:00,37.27,37.3,37.21,37.26,69756
2012-04-03 16:00:00,37.27,37.37,37.25,37.33,132836
2012-04-04 09:45:00,37.13,37.24,36.9,37.24,97624
2012-04-04 10:00:00,37.24,37.24,37.01,37.17,154046
2012-04-04 10:15:00,37.17,37.19,37.06,37.1,45816
2012-04-04 10:30:00,37.1,37.14,37.07,37.09,47332
2012-04-04 10:45:00,37.09,37.16,37.06,37.16,67253
2012-04-04 11:00:00,37.16,37.17,36.98,37.0,47452
2012-04-04 11:15:00,37.01,37.1,37.01,37.0799,25093
2012-04-04 11:30:00,37.08,37.14,37.02,37.065,56601
2012-04-04 11:45:00,37.07,37.13,37.06,37.09,47780
2012-04-04 12:00:00,37.08,37.08,37.01,37.05,21700
2012-04-04 12:15:00,37.05,37.05,36.97,36.99,26488
2012-04-04 12:30:00,36.99,37.0,36.96,36.99,25414
2012-04-04 12:45:00,36.99,37.04,36.96,37.01,23854
2012-04-04 13:00:00,37.01,37.03,36.96,36.99,58981
2012-04-04 13:15:00,36.99,36.99,36.91,36.9171,39317
2012-04-04 13:30:00,36.91,37.0,36.9,36.98,43097
2012-04-04 13:45:00,36.98,37.0,36.9099,37.0,21949
2012-04-04 14:00:00,37.0,37.06,36.99,37.06,46006
2012-04-04 14:15:00,37.07,37.07,36.9996,37.01,29764
2012-04-04 14:30:00,37.02,37.02,36.94,36.9843,18362
2012-04-04 14:45:00,36.98,37.05,36.98,37.03,18286
2012-04-04 15:00:00,37.04,37.04,36.96,36.96,16689
2012-04-04 15:15:00,36.96,37.03,36.95,37.01,42584
2012-04-04 15:30:00,37.0,37.02,36.92,37.0,55853
2012-04-04 15:45:00,37.0,37.03,36.965,36.98,57436
2012-04-04 16:00:00,36.98,37.04,36.9,36.95,190118
2012-04-05 09:45:00,36.8,36.89,36.79,36.86,26191
2012-04-05 10:00:00,36.85,36.96,36.81,36.8297,47326
2012-04-05 10:15:00,36.81,36.95,36.81,36.81,20341
2012-04-05 10:30:00,36.81,36.855,36.75,36.85,19832
2012-04-05 10:45:00,36.84,36.9,36.8,36.86,16124
2012-04-05 11:00:00,36.86,36.87,36.76,36.81,24727
2012-04-05 11:15:00,36.81,36.89,36.77,36.87,33868
2012-04-05 11:30:00,36.87,36.88,36.79,36.805,11404
2012-04-05 11:45:00,36.82,36.86,36.8,36.8,15059
2012-04-05 12:00:00,36.8,36.89,36.8,36.89,14797
2012-04-05 12:15:00,36.88,36.9,36.82,36.87,37380
2012-04-05 12:30:00,36.87,36.95,36.86,36.915,20726
2012-04-05 12:45:00,36.93,36.93,36.87,36.91,36914
2012-04-05 13:00:00,36.905,36.97,36.88,36.95,55932
2012-04-05 13:15:00,36.95,37.1,36.95,37.07,36631
2012-04-05 13:30:00,37.08,37.08,36.96,36.97,24342
2012-04-05 13:45:00,36.96,37.035,36.95,37.0096,39693
2012-04-05 14:00:00,37.0,37.0,36.86,36.872,25532
2012-04-05 14:15:00,36.87,36.92,36.84,36.91,45933
2012-04-05 14:30:00,36.9,37.01,36.88,36.99,38597
2012-04-05 14:45:00,36.99,36.995,36.92,36.93,18025
2012-04-05 15:00:00,36.92,36.96,36.89,36.94,11746
2012-04-05 15:15:00,36.94,36.97,36.89,36.891,20932
2012-04-05 15:30:00,36.9,36.96,36.895,36.92,48222
2012-04-05 15:45:00,36.92,36.95,36.885,36.94,29914
2012-04-05 16:00:00,36.94,37.03,36.94,37.0,121992
2012-04-09 09:45:00,36.62,36.62,36.34,36.44,54552
2012-04-09 10:00:00,36.43,36.44,36.21,36.244,39030
2012-04-09 10:15:00,36.24,36.43,36.24,36.38,81487
2012-04-09 10:30:00,36.38,36.4,36.27,36.33,113205
2012-04-09 10:45:00,36.34,36.35,36.18,36.1875,47266
2012-04-09 11:00:00,36.18,36.1899,36.06,36.07,43506
2012-04-09 11:15:00,36.07,36.1,36.01,36.04,37351
2012-04-09 11:30:00,36.03,36.13,36.03,36.07,36562
2012-04-09 11:45:00,36.07,36.1,36.03,36.03,30119
2012-04-09 12:00:00,36.03,36.04,35.98,36.02,68714
2012-04-09 12:15:00,36.02,36.1999,36.02,36.17,39261
2012-04-09 12:30:00,36.17,36.18,36.11,36.13,13485
2012-04-09 12:45:00,36.13,36.27,36.13,36.24,66464
2012-04-09 13:00:00,36.245,36.26,36.2,36.24,22544
2012-04-09 13:15:00,36.2313,36.27,36.23,36.24,13745
2012-04-09 13:30:00,36.23,36.25,36.18,36.25,20816
2012-04-09 13:45:00,36.2499,36.28,36.23,36.25,17226
2012-04-09 14:00:00,36.26,36.27,36.23,36.23,16056
2012-04-09 14:15:00,36.23,36.25,36.18,36.249,30480
2012-04-09 14:30:00,36.25,36.3,36.24,36.28,23921
2012-04-09 14:45:00,36.2605,36.3,36.25,36.28,23507
2012-04-09 15:00:00,36.29,36.33,36.28,36.2992,17224
2012-04-09 15:15:00,36.29,36.35,36.28,36.34,45368
2012-04-09 15:30:00,36.34,36.36,36.22,36.22,30700
2012-04-09 15:45:00,36.2101,36.22,36.16,36.16,53123
2012-04-09 16:00:00,36.17,36.25,36.13,36.15,140869
2012-04-10 09:45:00,36.17,36.22,35.95,36.21,45161
2012-04-10 10:00:00,36.19,36.19,36.1,36.11,23159
2012-04-10 10:15:00,36.11,36.12,35.98,36.0,46468
2012-04-10 10:30:00,36.0,36.0,35.88,35.9999,68587
2012-04-10 10:45:00,36.0,36.02,35.95,35.97,15414
2012-04-10 11:00:00,35.97,35.99,35.9,35.92,32274
2012-04-10 11:15:00,35.92,35.96,35.8152,35.85,35237
2012-04-10 11:30:00,35.85,35.86,35.78,35.8,39390
2012-04-10 11:45:00,35.79,35.82,35.6902,35.73,47048
2012-04-10 12:00:00,35.72,35.735,35.56,35.63,42962
2012-04-10 12:15:00,35.63,35.63,35.49,35.6,70898
2012-04-10 12:30:00,35.6,35.66,35.58,35.59,49057
2012-04-10 12:45:00,35.6,35.6,35.5,35.57,21240
2012-04-10 13:00:00,35.56,35.59,35.53,35.54,32071
2012-04-10 13:15:00,35.54,35.58,35.51,35.5201,88954
2012-04-10 13:30:00,35.52,35.57,35.46,35.4882,135216
2012-04-10 13:45:00,35.4701,35.545,35.42,35.5,145716
2012-04-10 14:00:00,35.5,35.63,35.5,35.6085,26715
2012-04-10 14:15:00,35.6,35.64,35.5455,35.5455,20203
2012-04-10 14:30:00,35.54,35.58,35.47,35.58,72273
2012-04-10 14:45:00,35.58,35.59,35.48,35.54,44825
2012-04-10 15:00:00,35.54,35.57,35.4875,35.49,20910
2012-04-10 15:15:00,35.5,35.53,35.47,35.51,68424
2012-04-10 15:30:00,35.5,35.59,35.5,35.59,81012
2012-04-10 15:45:00,35.59,35.7,35.57,35.58,188259
2012-04-10 16:00:00,35.58,35.65,35.56,35.57,151497
2012-04-11 09:45:00,35.91,36.09,35.8,36.09,47144
2012-04-11 10:00:00,36.12,36.19,35.92,35.95,55183
2012-04-11 10:15:00,35.98,36.01,35.88,35.98,63854
2012-04-11 10:30:00,35.99,36.01,35.8901,35.91,38827
2012-04-11 10:45:00,35.93,36.12,35.93,36.1,47811
2012-04-11 11:00:00,36.105,36.115,36.03,36.1,58450
2012-04-11 11:15:00,36.09,36.09,35.91,35.91,35909
2012-04-11 11:30:00,35.92,35.99,35.88,35.963,34177
2012-04-11 11:45:00,35.9745,36.06,35.96,36.0526,10065
2012-04-11 12:00:00,36.06,36.09,36.06,36.07,14144
2012-04-11 12:15:00,36.06,36.07,36.01,36.06,20862
2012-04-11 12:30:00,36.07,36.07,36.03,36.06,27160
2012-04-11 12:45:00,36.05,36.11,36.03,36.11,4768
2012-04-11 13:00:00,36.12,36.16,36.09,36.155,17413
2012-04-11 13:15:00,36.16,36.19,36.108000000000004,36.16,12207
2012-04-11 13:30:00,36.17,36.2,36.11,36.13,13095
2012-04-11 13:45:00,36.14,36.18,36.095,36.14,19576
2012-04-11 14:00:00,36.1473,36.16,36.0809,36.1,24420
2012-04-11 14:15:00,36.11,36.15,36.07,36.15,13897
2012-04-11 14:30:00,36.15,36.16,36.09,36.1499,18357
2012-04-11 14:45:00,36.14,36.158,36.09,36.11,20052
2012-04-11 15:00:00,36.11,36.17,36.11,36.1301,28236
2012-04-11 15:15:00,36.15,36.15,35.98,35.98,24195
2012-04-11 15:30:00,35.98,36.06,35.98,36.0201,17189
2012-04-11 15:45:00,36.025,36.05,35.99,36.01,52659
2012-04-11 16:00:00,36.0,36.05,35.99,36.04,96718
2012-04-12 09:45:00,36.0,36.35,36.0,36.28,30074
2012-04-12 10:00:00,36.28,36.4,36.26,36.31,14195
2012-04-12 10:15:00,36.33,36.36,36.17,36.172,36251
2012-04-12 10:30:00,36.17,36.18,36.07,36.07,27638
2012-04-12 10:45:00,36.07,36.3,36.04,36.28,60985
2012-04-12 11:00:00,36.28,36.329,36.23,36.32,19492
2012-04-12 11:15:00,36.32,36.42,36.32,36.35,19880
2012-04-12 11:30:00,36.36,36.36,36.26,36.29,28597
2012-04-12 11:45:00,36.3,36.3,36.19,36.21,49220
2012-04-12 12:00:00,36.21,36.31,36.21,36.3,13913
2012-04-12 12:15:00,36.3,36.3784,36.3,36.37,6924
2012-04-12 12:30:00,36.36,36.42,36.36,36.39,10730
2012-04-12 12:45:00,36.3944,36.46,36.38,36.4,10662
2012-04-12 13:00:00,36.42,36.47,36.39,36.46,11040
2012-04-12 13:15:00,36.45,36.46,36.41,36.45,5301
2012-04-12 13:30:00,36.46,36.46,36.425,36.43,6253
2012-04-12 13:45:00,36.44,36.44,36.42,36.42,4172
2012-04-12 14:00:00,36.422,36.44,36.35,36.36,20683
2012-04-12 14:15:00,36.351,36.38,36.32,36.36,13383
2012-04-12 14:30:00,36.36,36.38,36.325,36.33,16438
2012-04-12 14:45:00,36.33,36.33,36.28,36.29,178745
2012-04-12 15:00:00,36.29,36.3,36.24,36.28,32482
2012-04-12 15:15:00,36.27,36.28,36.23,36.24,27002
2012-04-12 15:30:00,36.24,36.26,36.23,36.23,31314
2012-04-12 15:45:00,36.24,36.31,36.23,36.27,37207
2012-04-12 16:00:00,36.28,36.34,36.21,36.26,110570
2012-04-13 09:45:00,36.13,36.2,36.01,36.06,102522
2012-04-13 10:00:00,36.06,36.23,35.97,36.0,97613
2012-04-13 10:15:00,36.01,36.195,35.9,36.19,88370
2012-04-13 10:30:00,36.19,36.27,36.17,36.26,81496
2012-04-13 10:45:00,36.255,36.28,36.12,36.13,25576
2012-04-13 11:00:00,36.13,36.17,36.05,36.16,41050
2012-04-13 11:15:00,36.16,36.26,36.15,36.24,33974
2012-04-13 11:30:00,36.24,36.25,36.2,36.24,31996
2012-04-13 11:45:00,36.24,36.25,36.2,36.23,37835
2012-04-13 12:00:00,36.24,36.26,36.185,36.205,21241
2012-04-13 12:15:00,36.2,36.2,36.115,36.1436,18918
2012-04-13 12:30:00,36.1485,36.15,36.105,36.14,13395
2012-04-13 12:45:00,36.14,36.21,36.13,36.19,12202
2012-04-13 13:00:00,36.2,36.25,36.19,36.2,55892
2012-04-13 13:15:00,36.2099,36.26,36.2,36.255,29392
2012-04-13 13:30:00,36.25,36.27,36.23,36.265,27798
2012-04-13 13:45:00,36.27,36.38,36.25,36.37,31767
2012-04-13 14:00:00,36.37,36.38,36.31,36.34,17897
2012-04-13 14:15:00,36.34,36.34,36.251999999999995,36.31,19904
2012-04-13 14:30:00,36.308,36.369,36.27,36.28,16927
2012-04-13 14:45:00,36.27,36.29,36.22,36.2243,14541
2012-04-13 15:00:00,36.23,36.28,36.22,36.23,14277
2012-04-13 15:15:00,36.22,36.32,36.21,36.285,17136
2012-04-13 15:30:00,36.28,36.32,36.25,36.275,27675
2012-04-13 15:45:00,36.26,36.27,36.16,36.19,24735
2012-04-13 16:00:00,36.18,36.23,36.15,36.17,91152
2012-04-16 09:45:00,35.62,35.75,35.042,35.4,412235
2012-04-16 10:00:00,35.39,35.4,35.22,35.22,158532
2012-04-16 10:15:00,35.22,35.28,35.1,35.2,149532
2012-04-16 10:30:00,35.2,35.22,34.99,35.075,261600
2012-04-16 10:45:00,35.075,35.32,35.07,35.29,130749
2012-04-16 11:00:00,35.29,35.43,35.29,35.42,88388
2012-04-16 11:15:00,35.4,35.62,35.39,35.57,73887
2012-04-16 11:30:00,35.57,35.74,35.4972,35.72,115104
2012-04-16 11:45:00,35.73,35.75,35.69,35.735,129769
2012-04-16 12:00:00,35.735,35.75,35.71,35.74,86681
2012-04-16 12:15:00,35.73,35.828,35.72,35.7374,71235
2012-04-16 12:30:00,35.75,35.76,35.66,35.73,128028
2012-04-16 12:45:00,35.73,35.8,35.73,35.74,40452
2012-04-16 13:00:00,35.75,35.7899,35.72,35.78,41098
2012-04-16 13:15:00,35.79,35.84,35.62,35.63,30972
2012-04-16 13:30:00,35.63,35.78,35.58,35.76,261436
2012-04-16 13:45:00,35.75,35.9,35.741,35.9,52467
2012-04-16 14:00:00,35.91,35.9195,35.76,35.79,55988
2012-04-16 14:15:00,35.77,35.82,35.74,35.779,42226
2012-04-16 14:30:00,35.78,35.98,35.77,35.84,114211
2012-04-16 14:45:00,35.84,36.03,35.82,35.99,93384
2012-04-16 15:00:00,35.98,36.08,35.91,35.91,75109
2012-04-16 15:15:00,35.91,35.91,35.66,35.695,106581
2012-04-16 15:30:00,35.6985,35.77,35.63,35.71,116523
2012-04-16 15:45:00,35.71,35.81,35.68,35.78,94528
2012-04-16 16:00:00,35.77,35.83,35.72,35.76,242085
2012-04-17 09:45:00,36.1,36.34,36.04,36.31,85250
2012-04-17 10:00:00,36.31,36.31,36.1,36.122,42421
2012-04-17 10:15:00,36.14,36.19,36.0,36.12,46829
2012-04-17 10:30:00,36.11,36.22,36.08,36.21,32242
2012-04-17 10:45:00,36.22,36.29,36.18,36.25,20474
2012-04-17 11:00:00,36.26,36.32,36.23,36.31,15147
2012-04-17 11:15:00,36.31,36.4,36.31,36.34,28160
2012-04-17 11:30:00,36.35,36.38,36.3,36.31,25791
2012-04-17 11:45:00,36.3129,36.35,36.22,36.22,25785
2012-04-17 12:00:00,36.21,36.37,36.2,36.32,42380
2012-04-17 12:15:00,36.31,36.37,36.28,36.3672,18908
2012-04-17 12:30:00,36.375,36.4179,36.35,36.4,25534
2012-04-17 12:45:00,36.41,36.45,36.41,36.43,17516
2012-04-17 13:00:00,36.43,36.46,36.4,36.41,30141
2012-04-17 13:15:00,36.41,36.45,36.41,36.44,20764
2012-04-17 13:30:00,36.44,36.505,36.44,36.46,14970
2012-04-17 13:45:00,36.46,36.55,36.45,36.53,37205
2012-04-17 14:00:00,36.53,36.6,36.505,36.55,28394
2012-04-17 14:15:00,36.55,36.6,36.55,36.6,18549
2012-04-17 14:30:00,36.59,36.64,36.59,36.64,38208
2012-04-17 14:45:00,36.64,36.645,36.56,36.57,18167
2012-04-17 15:00:00,36.56,36.6,36.52,36.6,41635
2012-04-17 15:15:00,36.61,36.655,36.56,36.565,34079
2012-04-17 15:30:00,36.57,36.67,36.565,36.6499,35321
2012-04-17 15:45:00,36.64,36.66,36.55,36.585,36850
2012-04-17 16:00:00,36.58,36.63,36.55,36.57,118912
2012-04-18 09:45:00,36.67,36.67,36.145,36.18,103779
2012-04-18 10:00:00,36.2025,36.45,36.18,36.43,78198
2012-04-18 10:15:00,36.42,36.44,36.3,36.36,34357
2012-04-18 10:30:00,36.36,36.42,36.27,36.275,32066
2012-04-18 10:45:00,36.27,36.36,36.24,36.34,128458
2012-04-18 11:00:00,36.34,36.37,36.21,36.24,34632
2012-04-18 11:15:00,36.24,36.27,36.1929,36.22,121525
2012-04-18 11:30:00,36.22,36.34,36.2,36.29,90703
2012-04-18 11:45:00,36.29,36.29,36.23,36.24,256108
2012-04-18 12:00:00,36.24,36.26,36.19,36.2,39966
2012-04-18 12:15:00,36.2,36.21,36.13,36.14,34409
2012-04-18 12:30:00,36.15,36.2,36.12,36.14,51953
2012-04-18 12:45:00,36.145,36.22,36.14,36.17,59761
2012-04-18 13:00:00,36.17,36.18,36.14,36.15,15456
2012-04-18 13:15:00,36.15,36.23,36.13,36.19,21468
2012-04-18 13:30:00,36.19,36.22,36.19,36.21,27982
2012-04-18 13:45:00,36.21,36.22,36.11,36.13,34849
2012-04-18 14:00:00,36.15,36.21,36.13,36.16,35732
2012-04-18 14:15:00,36.16,36.2,36.15,36.18,25272
2012-04-18 14:30:00,36.185,36.227,36.15,36.21,44093
2012-04-18 14:45:00,36.215,36.31,36.19,36.3,86547
2012-04-18 15:00:00,36.31,36.37,36.3,36.37,39367
2012-04-18 15:15:00,36.37,36.47,36.36,36.41,87569
2012-04-18 15:30:00,36.405,36.41,36.285,36.3,69144
2012-04-18 15:45:00,36.3,36.35,36.3,36.305,79960
2012-04-18 16:00:00,36.31,36.33,36.29,36.33,105646
2012-04-19 09:45:00,36.39,36.4,36.06,36.1,34160
2012-04-19 10:00:00,36.1,36.41,36.07,36.41,18450
2012-04-19 10:15:00,36.38,36.38,36.1,36.21,57452
2012-04-19 10:30:00,36.2,36.34,36.13,36.31,11275
2012-04-19 10:45:00,36.32,36.48,36.32,36.4,35442
2012-04-19 11:00:00,36.41,36.4541,36.34,36.34,24949
2012-04-19 11:15:00,36.35,36.41,36.33,36.37,15473
2012-04-19 11:30:00,36.38,36.4095,36.34,36.348,20695
2012-04-19 11:45:00,36.34,36.34,36.26,36.29,26812
2012-04-19 12:00:00,36.3,36.3,36.25,36.26,58639
2012-04-19 12:15:00,36.24,36.24,36.0,36.12,39069
2012-04-19 12:30:00,36.11,36.19,36.0899,36.1671,14250
2012-04-19 12:45:00,36.16,36.23,36.13,36.19,17633
2012-04-19 13:00:00,36.209,36.23,36.17,36.18,41758
2012-04-19 13:15:00,36.17,36.2,36.135,36.15,8937
2012-04-19 13:30:00,36.15,36.1941,36.085,36.085,44479
2012-04-19 13:45:00,36.09,36.2303,36.09,36.12,55389
2012-04-19 14:00:00,36.13,36.15,36.09,36.09,32413
2012-04-19 14:15:00,36.08,36.09,35.97,36.015,45139
2012-04-19 14:30:00,36.01,36.019,35.89,35.91,38960
2012-04-19 14:45:00,35.91,35.91,35.78,35.85,27538
2012-04-19 15:00:00,35.86,35.92,35.83,35.89,36220
2012-04-19 15:15:00,35.9,35.9,35.805,35.83,52796
2012-04-19 15:30:00,35.83,35.83,35.7,35.75,121049
2012-04-19 15:45:00,35.755,35.82,35.69,35.74,215682
2012-04-19 16:00:00,35.745,35.83,35.69,35.76,246426
2012-04-20 09:45:00,36.11,36.11,35.93,35.93,137215
2012-04-20 10:00:00,35.92,36.14,35.91,36.105,62616
2012-04-20 10:15:00,36.09,36.14,36.025,36.07,78301
2012-04-20 10:30:00,36.075,36.15,35.99,36.11,65695
2012-04-20 10:45:00,36.12,36.2,36.1,36.17,45532
2012-04-20 11:00:00,36.18,36.234,36.17,36.22,40152
2012-04-20 11:15:00,36.23,36.36,36.18,36.36,60497
2012-04-20 11:30:00,36.35,36.38,36.35,36.36,16861
2012-04-20 11:45:00,36.36,36.4,36.36,36.38,23526
2012-04-20 12:00:00,36.385,36.39,36.32,36.32,47890
2012-04-20 12:15:00,36.32,36.33,36.29,36.315,33396
2012-04-20 12:30:00,36.315,36.32,36.29,36.31,23911
2012-04-20 12:45:00,36.31,36.31,36.26,36.27,29572
2012-04-20 13:00:00,36.28,36.32,36.27,36.305,35634
2012-04-20 13:15:00,36.305,36.31,36.19,36.225,86991
2012-04-20 13:30:00,36.225,36.23,36.15,36.15,51807
2012-04-20 13:45:00,36.15,36.235,36.12,36.22,47465
2012-04-20 14:00:00,36.22,36.25,36.155,36.245,43118
2012-04-20 14:15:00,36.24,36.24,36.01,36.03,153390
2012-04-20 14:30:00,36.03,36.035,35.94,35.99,85545
2012-04-20 14:45:00,35.998000000000005,35.998000000000005,35.88,35.91,130434
2012-04-20 15:00:00,35.89,35.92,35.81,35.81,88186
2012-04-20 15:15:00,35.83,35.94,35.82,35.94,87350
2012-04-20 15:30:00,35.95,36.005,35.941,35.99,76534
2012-04-20 15:45:00,35.99,36.0082,35.88,35.9,122224
2012-04-20 16:00:00,35.8914,35.92,35.86,35.89,245909
2012-04-23 09:45:00,35.49,35.5,34.63,35.0,887416
2012-04-23 10:00:00,34.99,35.0,34.54,34.59,373581
2012-04-23 10:15:00,34.62,34.85,34.51,34.65,273296
2012-04-23 10:30:00,34.65,34.75,34.64,34.71,247063
2012-04-23 10:45:00,34.715,34.75,34.53,34.55,184188
2012-04-23 11:00:00,34.56,34.63,34.49,34.5,183733
2012-04-23 11:15:00,34.5,34.5,34.37,34.42,202273
2012-04-23 11:30:00,34.43,34.47,34.29,34.306999999999995,129388
2012-04-23 11:45:00,34.305,34.38,34.2,34.22,127604
2012-04-23 12:00:00,34.23,34.26,34.23,34.245,127802
2012-04-23 12:15:00,34.25,34.35,34.17,34.28,154279
2012-04-23 12:30:00,34.28,34.43,34.19,34.4,96573
2012-04-23 12:45:00,34.4,34.52,34.34,34.52,115529
2012-04-23 13:00:00,34.52,34.547,34.46,34.54,82855
2012-04-23 13:15:00,34.55,34.55,34.29,34.4,79825
2012-04-23 13:30:00,34.4,34.43,34.365,34.41,65204
2012-04-23 13:45:00,34.41,34.42,34.29,34.335,93375
2012-04-23 14:00:00,34.335,34.335,34.05,34.09,94495
2012-04-23 14:15:00,34.09,34.12,33.82,33.87,228011
2012-04-23 14:30:00,33.86,34.09,33.81,33.97,188719
2012-04-23 14:45:00,33.975,34.15,33.86,34.11,187465
2012-04-23 15:00:00,34.11,34.29,34.04,34.16,107223
2012-04-23 15:15:00,34.17,34.3,34.14,34.21,159036
2012-04-23 15:30:00,34.2,34.31,34.14,34.2,159285
2012-04-23 15:45:00,34.2,34.225,34.1,34.18,159292
2012-04-23 16:00:00,34.17,34.185,34.015,34.05,466655
2012-04-24 09:45:00,33.96,34.22,33.96,34.11,144006
2012-04-24 10:00:00,34.1,34.22,34.055,34.17,80493
2012-04-24 10:15:00,34.17,34.29,34.16,34.26,64815
2012-04-24 10:30:00,34.27,34.42,34.2,34.4,104055
2012-04-24 10:45:00,34.4,34.68,34.39,34.68,185440
2012-04-24 11:00:00,34.675,34.79,34.675,34.76,80177
2012-04-24 11:15:00,34.766999999999996,34.9725,34.755,34.95,147659
2012-04-24 11:30:00,34.9499,34.9499,34.805,34.89,81924
2012-04-24 11:45:00,34.89,34.89,34.85,34.88,59173
2012-04-24 12:00:00,34.875,35.04,34.87,35.03,95585
2012-04-24 12:15:00,35.04,35.16,34.96,34.96,116868
2012-04-24 12:30:00,34.96,35.205,34.96,35.2,152287
2012-04-24 12:45:00,35.21,35.39,35.11,35.12,147350
2012-04-24 13:00:00,35.12,35.19,35.02,35.03,112566
2012-04-24 13:15:00,35.02,35.11,35.0,35.105,60838
2012-04-24 13:30:00,35.105,35.17,35.06,35.06,46398
2012-04-24 13:45:00,35.07,35.17,35.065,35.12,39777
2012-04-24 14:00:00,35.12,35.14,34.98,35.0,93470
2012-04-24 14:15:00,34.995,35.04,34.95,35.03,91354
2012-04-24 14:30:00,35.0275,35.03,34.93,34.9785,42860
2012-04-24 14:45:00,34.98,35.16,34.91,35.05,93948
2012-04-24 15:00:00,35.04,35.04,34.99,35.03,60040
2012-04-24 15:15:00,35.0374,35.09,35.0,35.0,181074
2012-04-24 15:30:00,35.0,35.06,34.94,35.05,155673
2012-04-24 15:45:00,35.05,35.1,35.03,35.07,197715
2012-04-24 16:00:00,35.07,35.17,35.04,35.12,529591
2012-04-25 09:45:00,35.53,35.78,35.49,35.55,149518
2012-04-25 10:00:00,35.55,35.59,35.31,35.36,79546
2012-04-25 10:15:00,35.36,35.36,35.2,35.22,87894
2012-04-25 10:30:00,35.22,35.3,35.2,35.27,75851
2012-04-25 10:45:00,35.27,35.3,35.21,35.29,56920
2012-04-25 11:00:00,35.2901,35.3,35.25,35.28,104993
2012-04-25 11:15:00,35.28,35.34,35.22,35.23,89377
2012-04-25 11:30:00,35.23,35.47,35.23,35.45,74801
2012-04-25 11:45:00,35.448,35.448,35.4,35.41,39248
2012-04-25 12:00:00,35.41,35.42,35.27,35.27,38426
2012-04-25 12:15:00,35.27,35.43,35.27,35.43,33642
2012-04-25 12:30:00,35.435,35.44,35.32,35.43,31985
2012-04-25 12:45:00,35.43,35.4399,35.35,35.38,23519
2012-04-25 13:00:00,35.38,35.52,35.36,35.52,24242
2012-04-25 13:15:00,35.52,35.57,35.47,35.55,60269
2012-04-25 13:30:00,35.55,35.61,35.53,35.59,61600
2012-04-25 13:45:00,35.59,35.6,35.52,35.53,26369
2012-04-25 14:00:00,35.52,35.53,35.49,35.51,40986
2012-04-25 14:15:00,35.51,35.59,35.46,35.56,90053
2012-04-25 14:30:00,35.54,35.6,35.48,35.54,83672
2012-04-25 14:45:00,35.54,35.58,35.51,35.51,48697
2012-04-25 15:00:00,35.51,35.59,35.51,35.58,35109
2012-04-25 15:15:00,35.58,35.64,35.51,35.52,48386
2012-04-25 15:30:00,35.52,35.57,35.47,35.52,99272
2012-04-25 15:45:00,35.52,35.64,35.51,35.63,87482
2012-04-25 16:00:00,35.63,35.72,35.58,35.62,222392
2012-04-26 09:45:00,35.87,35.95,35.55,35.92,109318
2012-04-26 10:00:00,35.92,36.11,35.9,35.97,164628
2012-04-26 10:15:00,35.98,36.08,35.98,36.04,104304
2012-04-26 10:30:00,36.04,36.14,36.03,36.09,135924
2012-04-26 10:45:00,36.08,36.13,36.06,36.12,122030
2012-04-26 11:00:00,36.12,36.25,36.06,36.24,163659
2012-04-26 11:15:00,36.24,36.36,36.219,36.36,118863
2012-04-26 11:30:00,36.36,36.45,36.3501,36.41,102309
2012-04-26 11:45:00,36.42,36.44,36.36,36.4,73825
2012-04-26 12:00:00,36.4,36.5,36.39,36.45,85556
2012-04-26 12:15:00,36.44,36.495,36.43,36.49,50865
2012-04-26 12:30:00,36.49,36.5,36.47,36.49,49879
2012-04-26 12:45:00,36.49,36.5,36.44,36.4671,46822
2012-04-26 13:00:00,36.47,36.5,36.46,36.47,40516
2012-04-26 13:15:00,36.48,36.48,36.42,36.44,80331
2012-04-26 13:30:00,36.44,36.5,36.43,36.43,99381
2012-04-26 13:45:00,36.44,36.5,36.43,36.47,122604
2012-04-26 14:00:00,36.48,36.5,36.44,36.5,93919
2012-04-26 14:15:00,36.49,36.59,36.49,36.53,118985
2012-04-26 14:30:00,36.54,36.57,36.48,36.485,105100
2012-04-26 14:45:00,36.49,36.52,36.47,36.47,56542
2012-04-26 15:00:00,36.47,36.48,36.44,36.45,55513
2012-04-26 15:15:00,36.46,36.46,36.35,36.405,109369
2012-04-26 15:30:00,36.39,36.47,36.39,36.47,99120
2012-04-26 15:45:00,36.4673,36.51,36.46,36.49,98718
2012-04-26 16:00:00,36.48,36.52,36.44,36.5,272577
2012-04-27 09:45:00,36.23,36.41,36.14,36.22,94073
2012-04-27 10:00:00,36.22,36.26,36.17,36.22,76050
2012-04-27 10:15:00,36.22,36.23,36.17,36.18,48350
2012-04-27 10:30:00,36.185,36.29,36.14,36.23,58467
2012-04-27 10:45:00,36.23,36.33,36.22,36.3,19557
2012-04-27 11:00:00,36.295,36.5,36.26,36.49,51852
2012-04-27 11:15:00,36.49,36.545,36.42,36.54,41943
2012-04-27 11:30:00,36.55,36.56,36.47,36.51,52205
2012-04-27 11:45:00,36.5,36.56,36.48,36.539,23092
2012-04-27 12:00:00,36.54,36.59,36.51,36.59,30858
2012-04-27 12:15:00,36.58,36.61,36.5,36.53,39227
2012-04-27 12:30:00,36.53,36.53,36.46,36.51,33204
2012-04-27 12:45:00,36.52,36.57,36.49,36.56,79471
2012-04-27 13:00:00,36.57,36.65,36.57,36.57,19595
2012-04-27 13:15:00,36.57,36.57,36.5,36.54,21434
2012-04-27 13:30:00,36.54,36.64,36.54,36.64,35536
2012-04-27 13:45:00,36.6229,36.67,36.58,36.6285,15127
2012-04-27 14:00:00,36.62,36.63,36.58,36.63,15846
2012-04-27 14:15:00,36.62,36.66,36.6,36.65,23502
2012-04-27 14:30:00,36.66,36.7,36.64,36.68,52248
2012-04-27 14:45:00,36.68,36.72,36.66,36.7,59809
2012-04-27 15:00:00,36.71,36.72,36.66,36.7,35831
2012-04-27 15:15:00,36.7,36.7,36.62,36.67,47314
2012-04-27 15:30:00,36.67,36.7,36.59,36.69,125961
2012-04-27 15:45:00,36.68,36.72,36.64,36.7,108711
2012-04-27 16:00:00,36.7,36.75,36.68,36.68,282120
2012-04-30 09:45:00,36.7,36.7,36.44,36.48,68444
2012-04-30 10:00:00,36.48,36.61,36.42,36.61,79786
2012-04-30 10:15:00,36.62,36.62,36.51,36.58,33292
2012-04-30 10:30:00,36.59,36.68,36.49,36.499,62735
2012-04-30 10:45:00,36.49,36.59,36.435,36.59,27254
2012-04-30 11:00:00,36.58,36.66,36.53,36.66,40247
2012-04-30 11:15:00,36.66,36.71,36.615,36.63,24424
2012-04-30 11:30:00,36.63,36.64,36.55,36.59,17862
2012-04-30 11:45:00,36.6,36.62,36.53,36.62,21311
2012-04-30 12:00:00,36.63,36.63,36.59,36.6179,16039
2012-04-30 12:15:00,36.61,36.61,36.56,36.58,17864
2012-04-30 12:30:00,36.58,36.65,36.58,36.64,15453
2012-04-30 12:45:00,36.64,36.65,36.59,36.635,18099
2012-04-30 13:00:00,36.64,36.71,36.64,36.691,32497
2012-04-30 13:15:00,36.69,36.82,36.69,36.75,48742
2012-04-30 13:30:00,36.755,36.78,36.73,36.74,18685
2012-04-30 13:45:00,36.74,36.74,36.63,36.635,22950
2012-04-30 14:00:00,36.635,36.64,36.6,36.609,18398
2012-04-30 14:15:00,36.6,36.62,36.59,36.62,73098
2012-04-30 14:30:00,36.62,36.65,36.6,36.6,24449
2012-04-30 14:45:00,36.6,36.61,36.595,36.605,30831
2012-04-30 15:00:00,36.6,36.66,36.595,36.655,29768
2012-04-30 15:15:00,36.66,36.66,36.6,36.6,34346
2012-04-30 15:30:00,36.6,36.69,36.59,36.650999999999996,52819
2012-04-30 15:45:00,36.65,36.75,36.65,36.75,88208
2012-04-30 16:00:00,36.74,36.86,36.73,36.75,409642
2012-05-01 09:45:00,36.89,37.0,36.74,36.74,73002
2012-05-01 10:00:00,36.75,36.76,36.585,36.6,69171
2012-05-01 10:15:00,36.61,36.94,36.61,36.94,69472
2012-05-01 10:30:00,36.93,36.99,36.88,36.91,67410
2012-05-01 10:45:00,36.92,36.99,36.92,36.94,57608
2012-05-01 11:00:00,36.94,36.99,36.91,36.97,64001
2012-05-01 11:15:00,36.99,36.99,36.9,36.93,23483
2012-05-01 11:30:00,36.95,36.98,36.94,36.98,17905
2012-05-01 11:45:00,36.98,37.0,36.96,36.99,37756
2012-05-01 12:00:00,36.99,37.09,36.98,37.01,62619
2012-05-01 12:15:00,37.01,37.06,37.01,37.06,37594
2012-05-01 12:30:00,37.06,37.095,37.05,37.07,22974
2012-05-01 12:45:00,37.075,37.085,37.05,37.07,26547
2012-05-01 13:00:00,37.07,37.1625,37.0604,37.125,105656
2012-05-01 13:15:00,37.1299,37.16,37.09,37.1,37140
2012-05-01 13:30:00,37.104,37.15,37.05,37.07,57540
2012-05-01 13:45:00,37.07,37.22,37.03,37.16,91313
2012-05-01 14:00:00,37.175,37.175,37.13,37.16,25199
2012-05-01 14:15:00,37.16,37.17,37.09,37.1,33830
2012-05-01 14:30:00,37.1073,37.11,37.0,37.07,32583
2012-05-01 14:45:00,37.06,37.07,36.99,36.99,49320
2012-05-01 15:00:00,36.98,37.01,36.9499,36.98,28252
2012-05-01 15:15:00,36.97,37.02,36.95,36.95,37444
2012-05-01 15:30:00,36.95,36.96,36.89,36.94,60176
2012-05-01 15:45:00,36.93,36.98,36.86,36.88,107381
2012-05-01 16:00:00,36.87,36.92,36.805,36.885,271281
2012-05-02 09:45:00,36.81,36.88,36.5,36.55,50200
2012-05-02 10:00:00,36.55,36.74,36.54,36.6,40910
2012-05-02 10:15:00,36.61,36.64,36.5,36.59,40862
2012-05-02 10:30:00,36.59,36.69,36.56,36.6106,32682
2012-05-02 10:45:00,36.61,36.73,36.59,36.7,26390
2012-05-02 11:00:00,36.7,36.85,36.69,36.77,53922
2012-05-02 11:15:00,36.77,36.89,36.77,36.81,60318
2012-05-02 11:30:00,36.81,36.95,36.8,36.92,103181
2012-05-02 11:45:00,36.92,37.02,36.91,37.0,51569
2012-05-02 12:00:00,37.0,37.02,36.99,36.999,15814
2012-05-02 12:15:00,37.0,37.0,36.9,36.96,37745
2012-05-02 12:30:00,36.96,37.04,36.95,37.01,36509
2012-05-02 12:45:00,37.01,37.02,36.96,36.9601,18390
2012-05-02 13:00:00,36.97,36.98,36.94,36.94,12650
2012-05-02 13:15:00,36.945,37.01,36.94,36.98,51652
2012-05-02 13:30:00,36.98,37.0095,36.9,36.9,34769
2012-05-02 13:45:00,36.91,36.93,36.86,36.89,18305
2012-05-02 14:00:00,36.9,36.94,36.9,36.91,14748
2012-05-02 14:15:00,36.905,36.92,36.86,36.9,16475
2012-05-02 14:30:00,36.89,36.98,36.89,36.94,91240
2012-05-02 14:45:00,36.95,37.025,36.93,37.02,75089
2012-05-02 15:00:00,37.02,37.04,37.0,37.0,27030
2012-05-02 15:15:00,37.0,37.02,36.98,37.01,29283
2012-05-02 15:30:00,37.0,37.02,36.98,36.98,37111
2012-05-02 15:45:00,36.98,37.07,36.97,37.069,73791
2012-05-02 16:00:00,37.065,37.11,36.97,37.03,159976
2012-05-03 09:45:00,37.0,37.16,36.98,37.16,60811
2012-05-03 10:00:00,37.15,37.24,37.13,37.18,48184
2012-05-03 10:15:00,37.18,37.18,36.94,36.96,90932
2012-05-03 10:30:00,36.96,37.01,36.91,37.01,21277
2012-05-03 10:45:00,37.0012,37.0012,36.91,36.94,16593
2012-05-03 11:00:00,36.9201,37.02,36.89,37.02,15462
2012-05-03 11:15:00,37.04,37.06,36.96,36.96,11308
2012-05-03 11:30:00,36.952,37.019,36.95,36.96,24105
2012-05-03 11:45:00,36.97,37.02,36.95,37.02,29094
2012-05-03 12:00:00,37.0279,37.0279,36.96,37.0,28755
2012-05-03 12:15:00,36.99,37.005,36.96,36.97,22509
2012-05-03 12:30:00,36.97,36.99,36.88,36.91,14215
2012-05-03 12:45:00,36.900999999999996,36.92,36.88,36.91,16765
2012-05-03 13:00:00,36.91,37.06,36.91,36.95,35433
2012-05-03 13:15:00,36.94,36.99,36.89,36.9097,29873
2012-05-03 13:30:00,36.9,36.96,36.89,36.96,19633
2012-05-03 13:45:00,36.9543,36.9543,36.78,36.79,24573
2012-05-03 14:00:00,36.77,36.87,36.74,36.805,71660
2012-05-03 14:15:00,36.79,36.92,36.735,36.92,38509
2012-05-03 14:30:00,36.92,36.95,36.85,36.85,12300
2012-05-03 14:45:00,36.8501,36.91,36.84,36.91,38105
2012-05-03 15:00:00,36.91,36.9199,36.85,36.89,26222
2012-05-03 15:15:00,36.885,36.94,36.88,36.905,35994
2012-05-03 15:30:00,36.91,36.99,36.89,36.905,40834
2012-05-03 15:45:00,36.905,37.0,36.9,36.97,83443
2012-05-03 16:00:00,36.96,37.02,36.91,36.98,205394
2012-05-04 09:45:00,36.19,36.6,36.17,36.36,420506
2012-05-04 10:00:00,36.35,36.45,36.3,36.33,112333
2012-05-04 10:15:00,36.32,36.49,36.25,36.44,79191
2012-05-04 10:30:00,36.45,36.62,36.43,36.49,53634
2012-05-04 10:45:00,36.48,36.57,36.44,36.54,70532
2012-05-04 11:00:00,36.54,36.59,36.47,36.48,204092
2012-05-04 11:15:00,36.49,36.53,36.48,36.5028,156927
2012-05-04 11:30:00,36.505,36.58,36.49,36.52,95691
2012-05-04 11:45:00,36.5,36.55,36.47,36.525,74802
2012-05-04 12:00:00,36.53,36.54,36.47,36.5,160907
2012-05-04 12:15:00,36.51,36.53,36.48,36.51,83054
2012-05-04 12:30:00,36.5011,36.53,36.27,36.3,196898
2012-05-04 12:45:00,36.3,36.33,36.24,36.24,48613
2012-05-04 13:00:00,36.24,36.28,36.22,36.28,26632
2012-05-04 13:15:00,36.28,36.33,36.26,36.27,58947
2012-05-04 13:30:00,36.27,36.286,36.23,36.28,63588
2012-05-04 13:45:00,36.28,36.305,36.25,36.3,36489
2012-05-04 14:00:00,36.31,36.36,36.3,36.35,29476
2012-05-04 14:15:00,36.35,36.355,36.27,36.28,38482
2012-05-04 14:30:00,36.285,36.31,36.27,36.28,18899
2012-05-04 14:45:00,36.28,36.28,36.18,36.18,34079
2012-05-04 15:00:00,36.18,36.295,36.18,36.27,62775
2012-05-04 15:15:00,36.27,36.295,36.04,36.075,184947
2012-05-04 15:30:00,36.07,36.11,36.0,36.01,132922
2012-05-04 15:45:00,36.01,36.13,36.01,36.11,139847
2012-05-04 16:00:00,36.11,36.15,36.01,36.09,314390
2012-05-07 09:45:00,36.27,36.56,36.06,36.45,230033
2012-05-07 10:00:00,36.45,36.45,36.23,36.4,102193
2012-05-07 10:15:00,36.405,36.57,36.39,36.5,77969
2012-05-07 10:30:00,36.52,36.58,36.46,36.49,94403
2012-05-07 10:45:00,36.49,36.63,36.47,36.55,58806
2012-05-07 11:00:00,36.55,36.59,36.47,36.51,56653
2012-05-07 11:15:00,36.51,36.63,36.47,36.6,82249
2012-05-07 11:30:00,36.6,36.62,36.51,36.55,101380
2012-05-07 11:45:00,36.55,36.56,36.48,36.49,27766
2012-05-07 12:00:00,36.49,36.54,36.49,36.54,26900
2012-05-07 12:15:00,36.54,36.55,36.41,36.42,28142
2012-05-07 12:30:00,36.41,36.43,36.4,36.43,33797
2012-05-07 12:45:00,36.44,36.55,36.39,36.49,43391
2012-05-07 13:00:00,36.49,36.53,36.47,36.51,22419
2012-05-07 13:15:00,36.505,36.74,36.505,36.71,218166
2012-05-07 13:30:00,36.72,36.88,36.72,36.8,91772
2012-05-07 13:45:00,36.8,36.96,36.78,36.95,71117
2012-05-07 14:00:00,36.95,37.06,36.94,37.0,143608
2012-05-07 14:15:00,37.0,37.01,36.9,36.95,44794
2012-05-07 14:30:00,36.94,36.94,36.7,36.71,56817
2012-05-07 14:45:00,36.71,36.76,36.66,36.69,73449
2012-05-07 15:00:00,36.67,36.69,36.65,36.66,43444
2012-05-07 15:15:00,36.66,36.66,36.6,36.6,93033
2012-05-07 15:30:00,36.6,36.62,36.53,36.6,143953
2012-05-07 15:45:00,36.6,36.6,36.46,36.47,170895
2012-05-07 16:00:00,36.47,36.55,36.21,36.33,634463
2012-05-08 09:45:00,36.09,36.2,35.76,35.84,68554
2012-05-08 10:00:00,35.79,35.9,35.7,35.7,41331
2012-05-08 10:15:00,35.6807,35.71,35.52,35.61,51283
2012-05-08 10:30:00,35.61,35.687,35.55,35.58,46986
2012-05-08 10:45:00,35.57,35.58,35.39,35.5,62486
2012-05-08 11:00:00,35.5,35.51,35.41,35.4415,51638
2012-05-08 11:15:00,35.45,35.49,35.3411,35.43,56625
2012-05-08 11:30:00,35.438,35.55,35.413000000000004,35.505,38761
2012-05-08 11:45:00,35.5,35.65,35.46,35.62,32185
2012-05-08 12:00:00,35.61,35.75,35.6,35.73,53054
2012-05-08 12:15:00,35.73,35.74,35.62,35.68,63386
2012-05-08 12:30:00,35.68,35.78,35.68,35.77,50068
2012-05-08 12:45:00,35.77,35.86,35.73,35.78,51193
2012-05-08 13:00:00,35.78,35.8,35.71,35.75,33403
2012-05-08 13:15:00,35.74,35.76,35.59,35.6215,72590
2012-05-08 13:30:00,35.62,35.9,35.62,35.84,83777
2012-05-08 13:45:00,35.85,35.94,35.8,35.94,40988
2012-05-08 14:00:00,35.9455,35.98,35.84,35.93,45600
2012-05-08 14:15:00,35.92,35.92,35.79,35.79,39229
2012-05-08 14:30:00,35.79,35.84,35.78,35.79,35262
2012-05-08 14:45:00,35.79,35.84,35.75,35.8,68055
2012-05-08 15:00:00,35.81,35.91,35.78,35.9,61883
2012-05-08 15:15:00,35.9,35.93,35.83,35.85,73596
2012-05-08 15:30:00,35.85,36.05,35.845,36.04,88787
2012-05-08 15:45:00,36.01,36.04,35.89,35.96,90505
2012-05-08 16:00:00,35.97,35.98,35.88,35.93,156320
2012-05-09 09:45:00,35.76,35.76,35.3,35.33,63918
2012-05-09 10:00:00,35.29,35.4199,35.17,35.34,53662
2012-05-09 10:15:00,35.34,35.54,35.34,35.403,59893
2012-05-09 10:30:00,35.4,35.4,35.13,35.18,38932
2012-05-09 10:45:00,35.18,35.35,35.18,35.35,52655
2012-05-09 11:00:00,35.37,35.43,35.32,35.34,31760
2012-05-09 11:15:00,35.32,35.48,35.3,35.45,36978
2012-05-09 11:30:00,35.44,35.44,35.34,35.38,18531
2012-05-09 11:45:00,35.37,35.41,35.3,35.39,27420
2012-05-09 12:00:00,35.39,35.408,35.3,35.3199,15161
2012-05-09 12:15:00,35.32,35.36,35.25,35.344,63727
2012-05-09 12:30:00,35.35,35.388000000000005,35.27,35.32,9276
2012-05-09 12:45:00,35.28,35.29,35.185,35.26,8550
2012-05-09 13:00:00,35.25,35.268,35.1925,35.260999999999996,18680
2012-05-09 13:15:00,35.25,35.32,35.22,35.229,41832
2012-05-09 13:30:00,35.23,35.38,35.21,35.317,29269
2012-05-09 13:45:00,35.33,35.55,35.33,35.48,48754
2012-05-09 14:00:00,35.49,35.63,35.48,35.56,71103
2012-05-09 14:15:00,35.56,35.66,35.56,35.66,42813
2012-05-09 14:30:00,35.65,35.65,35.54,35.54,23068
2012-05-09 14:45:00,35.53,35.55,35.48,35.51,33923
2012-05-09 15:00:00,35.51,35.51,35.4,35.4,83628
2012-05-09 15:15:00,35.39,35.4,35.35,35.36,23621
2012-05-09 15:30:00,35.35,35.54,35.35,35.4299,91061
2012-05-09 15:45:00,35.43,35.53,35.39,35.45,56136
2012-05-09 16:00:00,35.46,35.47,35.29,35.32,113506
2012-05-10 09:45:00,35.71,35.87,35.6009,35.7,49223
2012-05-10 10:00:00,35.69,35.7625,35.59,35.61,37545
2012-05-10 10:15:00,35.61,35.61,35.47,35.49,27946
2012-05-10 10:30:00,35.48,35.51,35.29,35.32,45018
2012-05-10 10:45:00,35.330999999999996,35.45,35.26,35.39,20880
2012-05-10 11:00:00,35.39,35.39,35.27,35.28,20807
2012-05-10 11:15:00,35.28,35.36,35.2,35.25,49753
2012-05-10 11:30:00,35.25,35.34,35.25,35.29,28395
2012-05-10 11:45:00,35.295,35.38,35.28,35.33,46761
2012-05-10 12:00:00,35.34,35.4,35.3,35.4,64864
2012-05-10 12:15:00,35.4,35.4,35.28,35.36,22046
2012-05-10 12:30:00,35.36,35.43,35.33,35.35,17353
2012-05-10 12:45:00,35.355,35.4,35.3,35.36,47416
2012-05-10 13:00:00,35.37,35.53,35.3695,35.49,40871
2012-05-10 13:15:00,35.5,35.53,35.44,35.48,22454
2012-05-10 13:30:00,35.5,35.54,35.44,35.54,105975
2012-05-10 13:45:00,35.5391,35.61,35.51,35.52,68737
2012-05-10 14:00:00,35.513000000000005,35.5699,35.49,35.51,92004
2012-05-10 14:15:00,35.51,35.62,35.51,35.58,46094
2012-05-10 14:30:00,35.6,35.62,35.54,35.58,21554
2012-05-10 14:45:00,35.58,35.58,35.49,35.57,21840
2012-05-10 15:00:00,35.56,35.56,35.46,35.53,28003
2012-05-10 15:15:00,35.53,35.54,35.4502,35.49,38719
2012-05-10 15:30:00,35.5,35.58,35.48,35.58,72168
2012-05-10 15:45:00,35.58,35.6,35.51,35.52,93418
2012-05-10 16:00:00,35.53,35.54,35.41,35.49,139159
2012-05-11 09:45:00,35.41,35.48,35.25,35.46,39278
2012-05-11 10:00:00,35.5,35.67,35.47,35.55,42509
2012-05-11 10:15:00,35.54,35.63,35.48,35.5,20898
2012-05-11 10:30:00,35.53,35.64,35.53,35.58,19408
2012-05-11 10:45:00,35.5781,35.88,35.5781,35.87,61269
2012-05-11 11:00:00,35.87,35.89,35.715,35.77,75041
2012-05-11 11:15:00,35.77,35.86,35.66,35.84,87950
2012-05-11 11:30:00,35.84,36.0,35.8,35.99,112570
2012-05-11 11:45:00,35.989000000000004,36.0,35.94,35.97,36142
2012-05-11 12:00:00,35.97,36.0,35.89,35.99,38638
2012-05-11 12:15:00,35.98,35.98,35.91,35.95,19007
2012-05-11 12:30:00,35.93,35.98,35.92,35.92,46078
2012-05-11 12:45:00,35.92,35.92,35.82,35.828,13600
2012-05-11 13:00:00,35.83,35.89,35.81,35.81,16237
2012-05-11 13:15:00,35.82,35.89,35.76,35.85,59713
2012-05-11 13:30:00,35.83,35.84,35.74,35.79,53514
2012-05-11 13:45:00,35.78,35.82,35.6809,35.72,22622
2012-05-11 14:00:00,35.72,35.73,35.65,35.69,20576
2012-05-11 14:15:00,35.69,35.72,35.61,35.7,17631
2012-05-11 14:30:00,35.69,35.77,35.66,35.76,39509
2012-05-11 14:45:00,35.74,35.75,35.641999999999996,35.66,12770
2012-05-11 15:00:00,35.67,35.71,35.6401,35.69,16435
2012-05-11 15:15:00,35.7,35.72,35.62,35.69,60541
2012-05-11 15:30:00,35.69,35.72,35.62,35.69,27797
2012-05-11 15:45:00,35.69,35.73,35.63,35.68,110510
2012-05-11 16:00:00,35.68,35.715,35.65,35.67,138537
2012-05-14 09:45:00,35.27,35.36,35.11,35.14,34961
2012-05-14 10:00:00,35.11,35.19,35.07,35.11,24666
2012-05-14 10:15:00,35.07,35.13,35.0,35.05,35856
2012-05-14 10:30:00,35.04,35.16,35.01,35.06,78791
2012-05-14 10:45:00,35.05,35.23,35.0226,35.17,91255
2012-05-14 11:00:00,35.17,35.21,35.04,35.16,166673
2012-05-14 11:15:00,35.15,35.22,35.08,35.16,47334
2012-05-14 11:30:00,35.16,35.31,35.11,35.25,21009
2012-05-14 11:45:00,35.25,35.42,35.24,35.32,25571
2012-05-14 12:00:00,35.32,35.425,35.32,35.39,28726
2012-05-14 12:15:00,35.39,35.47,35.36,35.44,37584
2012-05-14 12:30:00,35.44,35.46,35.39,35.4,17131
2012-05-14 12:45:00,35.4,35.417,35.3691,35.4,13600
2012-05-14 13:00:00,35.4,35.46,35.36,35.38,22786
2012-05-14 13:15:00,35.39,35.44,35.36,35.4,14550
2012-05-14 13:30:00,35.39,35.4,35.31,35.34,10456
2012-05-14 13:45:00,35.32,35.4,35.31,35.37,24857
2012-05-14 14:00:00,35.39,35.4,35.32,35.33,19792
2012-05-14 14:15:00,35.31,35.54,35.31,35.53,112981
2012-05-14 14:30:00,35.53,35.53,35.41,35.41,12126
2012-05-14 14:45:00,35.415,35.46,35.35,35.35,19814
2012-05-14 15:00:00,35.35,35.35,35.27,35.35,66056
2012-05-14 15:15:00,35.34,35.34,35.25,35.25,18508
2012-05-14 15:30:00,35.25,35.3,35.2,35.23,23280
2012-05-14 15:45:00,35.215,35.29,35.15,35.19,78334
2012-05-14 16:00:00,35.18,35.18,35.055,35.1,218249
2012-05-15 09:45:00,35.15,35.575,35.09,35.54,135108
2012-05-15 10:00:00,35.55,36.15,35.47,36.14,111198
2012-05-15 10:15:00,36.15,36.33,36.01,36.11,144687
2012-05-15 10:30:00,36.11,36.24,35.97,36.21,62156
2012-05-15 10:45:00,36.22,36.25,36.12,36.24,60869
2012-05-15 11:00:00,36.25,36.4,36.2,36.4,140767
2012-05-15 11:15:00,36.4,36.48,36.21,36.22,124597
2012-05-15 11:30:00,36.22,36.27,36.07,36.08,32980
2012-05-15 11:45:00,36.07,36.58,36.0535,36.54,81964
2012-05-15 12:00:00,36.54,36.61,36.41,36.42,63511
2012-05-15 12:15:00,36.43,36.6,36.38,36.54,43272
2012-05-15 12:30:00,36.53,36.63,36.43,36.61,37983
2012-05-15 12:45:00,36.61,36.61,36.49,36.54,103547
2012-05-15 13:00:00,36.54,36.5409,36.37,36.49,87051
2012-05-15 13:15:00,36.49,36.5,36.3898,36.46,47185
2012-05-15 13:30:00,36.48,36.5,36.4,36.489000000000004,69468
2012-05-15 13:45:00,36.485,36.5,36.41,36.42,38138
2012-05-15 14:00:00,36.4,36.45,36.33,36.36,88853
2012-05-15 14:15:00,36.36,36.44,36.34,36.41,61650
2012-05-15 14:30:00,36.41,36.42,36.33,36.33,66821
2012-05-15 14:45:00,36.34,36.35,36.18,36.2,107637
2012-05-15 15:00:00,36.19,36.19,36.04,36.05,51325
2012-05-15 15:15:00,36.05,36.085,35.86,35.92,74414
2012-05-15 15:30:00,35.9,35.97,35.81,35.8285,73201
2012-05-15 15:45:00,35.82,35.94,35.81,35.88,74869
2012-05-15 16:00:00,35.9,36.03,35.87,36.02,282235
2012-05-16 09:45:00,36.36,36.44,36.15,36.33,73374
2012-05-16 10:00:00,36.32,36.5,36.27,36.44,38701
2012-05-16 10:15:00,36.44,36.51,36.34,36.38,84891
2012-05-16 10:30:00,36.38,36.5,36.37,36.43,31100
2012-05-16 10:45:00,36.43,36.54,36.39,36.54,40227
2012-05-16 11:00:00,36.54,36.55,36.37,36.39,68945
2012-05-16 11:15:00,36.39,36.39,36.18,36.3,74820
2012-05-16 11:30:00,36.29,36.37,36.11,36.13,80665
2012-05-16 11:45:00,36.13,36.16,36.06,36.11,22454
2012-05-16 12:00:00,36.1,36.19,36.09,36.19,27592
2012-05-16 12:15:00,36.19,36.21,36.14,36.2,24270
2012-05-16 12:30:00,36.2,36.25,36.17,36.25,33630
2012-05-16 12:45:00,36.24,36.34,36.2,36.33,71006
2012-05-16 13:00:00,36.33,36.38,36.25,36.28,68027
2012-05-16 13:15:00,36.28,36.29,36.25,36.27,22418
2012-05-16 13:30:00,36.28,36.3225,36.24,36.28,25391
2012-05-16 13:45:00,36.27,36.27,36.2,36.2201,41791
2012-05-16 14:00:00,36.22,36.26,36.2,36.2203,55732
2012-05-16 14:15:00,36.24,36.33,36.03,36.0603,59289
2012-05-16 14:30:00,36.0601,36.12,36.03,36.0499,30117
2012-05-16 14:45:00,36.0499,36.11,36.0,36.09,33335
2012-05-16 15:00:00,36.09,36.21,36.08,36.15,47074
2012-05-16 15:15:00,36.15,36.1685,36.08,36.12,42292
2012-05-16 15:30:00,36.11,36.18,36.1,36.11,55192
2012-05-16 15:45:00,36.11,36.21,36.11,36.16,62963
2012-05-16 16:00:00,36.15,36.22,36.14,36.14,180433
2012-05-17 09:45:00,36.16,36.29,35.535,35.54,55166
2012-05-17 10:00:00,35.54,35.6,35.36,35.58,57789
2012-05-17 10:15:00,35.55,35.55,35.29,35.52,40300
2012-05-17 10:30:00,35.495,35.57,35.41,35.53,40361
2012-05-17 10:45:00,35.49,35.5,35.41,35.43,46509
2012-05-17 11:00:00,35.43,35.48,35.29,35.31,54093
2012-05-17 11:15:00,35.3,35.31,35.12,35.19,77254
2012-05-17 11:30:00,35.175,35.175,35.07,35.1,21383
2012-05-17 11:45:00,35.1,35.11,35.02,35.03,25753
2012-05-17 12:00:00,35.03,35.14,35.01,35.13,26337
2012-05-17 12:15:00,35.13,35.13,35.0,35.01,30425
2012-05-17 12:30:00,35.02,35.1,34.96,35.06,67972
2012-05-17 12:45:00,35.07,35.09,35.02,35.05,15052
2012-05-17 13:00:00,35.05,35.08,35.01,35.01,12876
2012-05-17 13:15:00,35.02,35.11,35.019,35.09,23914
2012-05-17 13:30:00,35.09,35.16,35.0899,35.11,30129
2012-05-17 13:45:00,35.115,35.12,35.06,35.075,30298
2012-05-17 14:00:00,35.066,35.11,35.04,35.06,42076
2012-05-17 14:15:00,35.07,35.07,34.94,34.94,27456
2012-05-17 14:30:00,34.92,35.01,34.91,34.97,23520
2012-05-17 14:45:00,34.97,35.01,34.9,34.93,22768
2012-05-17 15:00:00,34.92,35.0,34.909,35.0,37314
2012-05-17 15:15:00,35.0,35.01,34.92,34.94,34362
2012-05-17 15:30:00,34.9455,34.99,34.92,34.99,54495
2012-05-17 15:45:00,34.98,35.0,34.77,34.79,57578
2012-05-17 16:00:00,34.78,34.84,34.74,34.74,197980
2012-05-18 09:45:00,34.75,34.98,34.72,34.92,153645
2012-05-18 10:00:00,34.92,34.925,34.84,34.9,42409
2012-05-18 10:15:00,34.9,34.92,34.79,34.91,42860
2012-05-18 10:30:00,34.89,34.89,34.6601,34.75,54129
2012-05-18 10:45:00,34.74,34.77,34.67,34.73,22965
2012-05-18 11:00:00,34.74,34.86,34.72,34.84,20248
2012-05-18 11:15:00,34.86,34.89,34.64,34.649,35767
2012-05-18 11:30:00,34.65,34.68,34.55,34.5599,32652
2012-05-18 11:45:00,34.55,34.59,34.36,34.47,30374
2012-05-18 12:00:00,34.47,34.485,34.24,34.37,37247
2012-05-18 12:15:00,34.39,34.6,34.38,34.57,65660
2012-05-18 12:30:00,34.56,34.58,34.425,34.575,30680
2012-05-18 12:45:00,34.57,34.59,34.52,34.54,22666
2012-05-18 13:00:00,34.56,34.58,34.5,34.5,36629
2012-05-18 13:15:00,34.49,34.51,34.41,34.435,20944
2012-05-18 13:30:00,34.42,34.5,34.405,34.4301,18647
2012-05-18 13:45:00,34.44,34.46,34.35,34.35,34602
2012-05-18 14:00:00,34.34,34.34,34.27,34.3,40783
2012-05-18 14:15:00,34.31,34.34,34.27,34.32,39913
2012-05-18 14:30:00,34.3209,34.335,34.2,34.25,54518
2012-05-18 14:45:00,34.26,34.3,34.21,34.24,117194
2012-05-18 15:00:00,34.25,34.3,34.21,34.235,44753
2012-05-18 15:15:00,34.23,34.3,34.14,34.25,67354
2012-05-18 15:30:00,34.25,34.315,34.2101,34.24,47776
2012-05-18 15:45:00,34.2304,34.3,34.17,34.26,78396
2012-05-18 16:00:00,34.25,34.31,34.2,34.24,202617
2012-05-21 09:45:00,34.38,34.38,33.71,33.72,88693
2012-05-21 10:00:00,33.72,33.7355,33.42,33.47,126166
2012-05-21 10:15:00,33.47,33.7899,33.44,33.64,109804
2012-05-21 10:30:00,33.63,34.005,33.63,33.9415,76689
2012-05-21 10:45:00,33.9499,34.09,33.945,34.08,42715
2012-05-21 11:00:00,34.0799,34.1399,34.02,34.1399,55033
2012-05-21 11:15:00,34.13,34.19,34.085,34.1,89058
2012-05-21 11:30:00,34.09,34.12,34.05,34.12,29411
2012-05-21 11:45:00,34.12,34.1401,33.99,34.01,94630
2012-05-21 12:00:00,34.01,34.1,34.01,34.07,21224
2012-05-21 12:15:00,34.07,34.15,34.06,34.11,23721
2012-05-21 12:30:00,34.09,34.26,34.08,34.24,22442
2012-05-21 12:45:00,34.24,34.24,34.15,34.15,25829
2012-05-21 13:00:00,34.14,34.15,34.07,34.1,26722
2012-05-21 13:15:00,34.1,34.23,34.09,34.12,36251
2012-05-21 13:30:00,34.11,34.17,34.09,34.17,26102
2012-05-21 13:45:00,34.16,34.175,34.09,34.17,26699
2012-05-21 14:00:00,34.16,34.23,34.16,34.16,38150
2012-05-21 14:15:00,34.17,34.18,34.1,34.18,21389
2012-05-21 14:30:00,34.18,34.29,34.17,34.27,27906
2012-05-21 14:45:00,34.26,34.26,34.11,34.121,47716
2012-05-21 15:00:00,34.12,34.18,34.1,34.16,38904
2012-05-21 15:15:00,34.16,34.29,34.16,34.29,29323
2012-05-21 15:30:00,34.29,34.32,34.23,34.245,69372
2012-05-21 15:45:00,34.24,34.37,34.21,34.36,87859
2012-05-21 16:00:00,34.36,34.44,34.33,34.4,211015
2012-05-22 09:45:00,34.47,34.55,34.3285,34.47,38520
2012-05-22 10:00:00,34.5,34.64,34.38,34.57,63001
2012-05-22 10:15:00,34.54,34.59,34.47,34.58,46376
2012-05-22 10:30:00,34.59,34.62,34.54,34.6,56425
2012-05-22 10:45:00,34.59,34.64,34.51,34.54,27343
2012-05-22 11:00:00,34.53,34.59,34.4601,34.57,19690
2012-05-22 11:15:00,34.57,34.6591,34.53,34.53,23150
2012-05-22 11:30:00,34.52,34.65,34.52,34.59,14784
2012-05-22 11:45:00,34.58,34.59,34.47,34.5091,14690
2012-05-22 12:00:00,34.4901,34.59,34.49,34.5,12803
2012-05-22 12:15:00,34.5,34.51,34.32,34.37,15479
2012-05-22 12:30:00,34.38,34.41,34.35,34.38,13305
2012-05-22 12:45:00,34.39,34.4,34.37,34.3991,11527
2012-05-22 13:00:00,34.39,34.42,34.38,34.39,12695
2012-05-22 13:15:00,34.399,34.45,34.39,34.39,11578
2012-05-22 13:30:00,34.4,34.42,34.37,34.37,23833
2012-05-22 13:45:00,34.38,34.43,34.37,34.38,21396
2012-05-22 14:00:00,34.38,34.4,34.37,34.38,21078
2012-05-22 14:15:00,34.38,34.45,34.37,34.39,28323
2012-05-22 14:30:00,34.38,34.45,34.37,34.41,56106
2012-05-22 14:45:00,34.41,34.45,34.33,34.4,55173
2012-05-22 15:00:00,34.4,34.41,34.34,34.39,30064
2012-05-22 15:15:00,34.39,34.46,34.38,34.43,37101
2012-05-22 15:30:00,34.43,34.48,34.34,34.36,41712
2012-05-22 15:45:00,34.34,34.37,34.28,34.29,71262
2012-05-22 16:00:00,34.29,34.47,34.25,34.46,292402
2012-05-23 09:45:00,34.25,34.4,34.25,34.29,40386
2012-05-23 10:00:00,34.31,34.64,34.28,34.58,71299
2012-05-23 10:15:00,34.59,34.67,34.445,34.5,76250
2012-05-23 10:30:00,34.52,34.59,34.33,34.33,11518
2012-05-23 10:45:00,34.33,34.35,34.23,34.31,42381
2012-05-23 11:00:00,34.28,34.28,34.2,34.23,28133
2012-05-23 11:15:00,34.21,34.28,34.18,34.26,52918
2012-05-23 11:30:00,34.27,34.29,34.21,34.28,44986
2012-05-23 11:45:00,34.29,34.32,34.23,34.27,24949
2012-05-23 12:00:00,34.26,34.27,34.0901,34.1,15426
2012-05-23 12:15:00,34.11,34.11,34.02,34.07,13704
2012-05-23 12:30:00,34.07,34.115,34.04,34.045,13000
2012-05-23 12:45:00,34.04,34.17,34.04,34.17,13993
2012-05-23 13:00:00,34.17,34.17,34.08,34.09,28436
2012-05-23 13:15:00,34.09,34.13,34.07,34.07,32629
2012-05-23 13:30:00,34.07,34.18,34.04,34.18,23520
2012-05-23 13:45:00,34.2,34.28,34.17,34.25,18342
2012-05-23 14:00:00,34.26,34.32,34.25,34.32,34456
2012-05-23 14:15:00,34.33,34.43,34.33,34.38,48598
2012-05-23 14:30:00,34.3891,34.39,34.31,34.315,46063
2012-05-23 14:45:00,34.31,34.41,34.29,34.36,37941
2012-05-23 15:00:00,34.36,34.47,34.34,34.46,37803
2012-05-23 15:15:00,34.45,34.47,34.35,34.4,25852
2012-05-23 15:30:00,34.42,34.5494,34.4,34.51,26813
2012-05-23 15:45:00,34.52,34.65,34.47,34.63,79121
2012-05-23 16:00:00,34.61,34.69,34.55,34.63,83605
2012-05-24 09:45:00,34.35,34.35,34.2,34.28,140145
2012-05-24 10:00:00,34.29,34.4,34.22,34.4,257868
2012-05-24 10:15:00,34.42,34.5,34.29,34.38,136300
2012-05-24 10:30:00,34.37,34.5,34.3,34.35,106127
2012-05-24 10:45:00,34.3501,34.5,34.3501,34.47,62336
2012-05-24 11:00:00,34.47,34.56,34.42,34.54,191769
2012-05-24 11:15:00,34.535,34.67,34.535,34.66,110186
2012-05-24 11:30:00,34.67,34.89,34.67,34.77,122295
2012-05-24 11:45:00,34.77,34.82,34.7,34.72,68031
2012-05-24 12:00:00,34.72,34.75,34.67,34.735,75133
2012-05-24 12:15:00,34.74,34.75,34.59,34.64,66369
2012-05-24 12:30:00,34.63,34.69,34.6,34.635,57406
2012-05-24 12:45:00,34.63,34.65,34.56,34.6,102497
2012-05-24 13:00:00,34.59,34.7,34.585,34.61,65339
2012-05-24 13:15:00,34.605,34.75,34.59,34.6401,69184
2012-05-24 13:30:00,34.65,34.73,34.62,34.675,90766
2012-05-24 13:45:00,34.67,34.75,34.65,34.74,174856
2012-05-24 14:00:00,34.73,34.78,34.59,34.66,97192
2012-05-24 14:15:00,34.67,34.76,34.59,34.59,70261
2012-05-24 14:30:00,34.59,34.67,34.59,34.65,45295
2012-05-24 14:45:00,34.64,34.73,34.57,34.595,82577
2012-05-24 15:00:00,34.5898,34.65,34.56,34.6,81628
2012-05-24 15:15:00,34.595,34.68,34.51,34.515,96259
2012-05-24 15:30:00,34.515,34.76,34.49,34.72,212390
2012-05-24 15:45:00,34.71,34.75,34.63,34.645,128320
2012-05-24 16:00:00,34.64,34.7,34.53,34.58,392207
2012-05-25 09:45:00,34.79,34.82,34.5101,34.74,68264
2012-05-25 10:00:00,34.7486,34.94,34.745,34.935,38945
2012-05-25 10:15:00,34.935,34.95,34.62,34.7,44872
2012-05-25 10:30:00,34.695,34.8,34.64,34.76,63956
2012-05-25 10:45:00,34.7771,34.88,34.74,34.76,42987
2012-05-25 11:00:00,34.76,34.83,34.73,34.75,45109
2012-05-25 11:15:00,34.75,34.87,34.72,34.83,62038
2012-05-25 11:30:00,34.86,34.95,34.84,34.86,46001
2012-05-25 11:45:00,34.85,34.925,34.78,34.9152,51564
2012-05-25 12:00:00,34.915,35.035,34.9,35.02,31982
2012-05-25 12:15:00,35.02,35.05,34.96,35.0,26176
2012-05-25 12:30:00,34.99,34.99,34.89,34.9,32418
2012-05-25 12:45:00,34.9,35.05,34.9,35.03,17803
2012-05-25 13:00:00,35.03,35.075,35.01,35.045,26501
2012-05-25 13:15:00,35.04,35.04,34.975,35.0,19859
2012-05-25 13:30:00,35.0,35.03,34.97,35.0,29186
2012-05-25 13:45:00,35.02,35.025,35.0,35.015,19867
2012-05-25 14:00:00,35.005,35.04,35.0,35.02,21743
2012-05-25 14:15:00,35.01,35.02,34.96,34.9864,22636
2012-05-25 14:30:00,34.98,34.985,34.88,34.94,33904
2012-05-25 14:45:00,34.93,35.0,34.93,34.98,25220
2012-05-25 15:00:00,34.98,35.01,34.94,34.975,38857
2012-05-25 15:15:00,34.98,35.01,34.93,34.93,49423
2012-05-25 15:30:00,34.93,34.94,34.83,34.8799,35638
2012-05-25 15:45:00,34.87,34.96,34.87,34.91,47384
2012-05-25 16:00:00,34.92,34.94,34.88,34.895,84233
2012-05-29 09:45:00,35.33,35.67,35.28,35.65,73515
2012-05-29 10:00:00,35.6,35.75,35.6,35.65,62771
2012-05-29 10:15:00,35.62,35.81,35.52,35.8,112729
2012-05-29 10:30:00,35.79,35.84,35.74,35.742,47191
2012-05-29 10:45:00,35.76,35.84,35.68,35.69,82116
2012-05-29 11:00:00,35.6818,35.7,35.63,35.68,46477
2012-05-29 11:15:00,35.65,35.67,35.58,35.59,46359
2012-05-29 11:30:00,35.6,35.65,35.55,35.58,38434
2012-05-29 11:45:00,35.59,35.59,35.43,35.49,53138
2012-05-29 12:00:00,35.48,35.52,35.4,35.51,48493
2012-05-29 12:15:00,35.5,35.5,35.4,35.435,28063
2012-05-29 12:30:00,35.42,35.44,35.33,35.41,87616
2012-05-29 12:45:00,35.43,35.43,35.28,35.34,28667
2012-05-29 13:00:00,35.34,35.41,35.15,35.155,73188
2012-05-29 13:15:00,35.16,35.27,35.13,35.27,99270
2012-05-29 13:30:00,35.28,35.4,35.28,35.335,50527
2012-05-29 13:45:00,35.33,35.45,35.29,35.42,124477
2012-05-29 14:00:00,35.42,35.45,35.35,35.4499,41383
2012-05-29 14:15:00,35.45,35.46,35.32,35.38,55147
2012-05-29 14:30:00,35.38,35.39,35.2835,35.33,38882
2012-05-29 14:45:00,35.34,35.45,35.34,35.42,50542
2012-05-29 15:00:00,35.41,35.49,35.41,35.48,17900
2012-05-29 15:15:00,35.48,35.48,35.39,35.46,30075
2012-05-29 15:30:00,35.46,35.49,35.43,35.49,25501
2012-05-29 15:45:00,35.49,35.56,35.44,35.555,69645
2012-05-29 16:00:00,35.56,35.58,35.465,35.51,120384
2012-05-30 09:45:00,35.33,35.33,35.14,35.205,163329
2012-05-30 10:00:00,35.22,35.39,35.19,35.24,45295
2012-05-30 10:15:00,35.24,35.24,35.162,35.2,126097
2012-05-30 10:30:00,35.2,35.27,35.19,35.25,51950
2012-05-30 10:45:00,35.24,35.24,35.14,35.175,58385
2012-05-30 11:00:00,35.179,35.225,35.13,35.185,50365
2012-05-30 11:15:00,35.17,35.31,35.15,35.31,31680
2012-05-30 11:30:00,35.32,35.32,35.23,35.25,46914
2012-05-30 11:45:00,35.25,35.39,35.23,35.35,73405
2012-05-30 12:00:00,35.35,35.37,35.33,35.37,23149
2012-05-30 12:15:00,35.36,35.36,35.225,35.23,33838
2012-05-30 12:30:00,35.24,35.33,35.24,35.31,67958
2012-05-30 12:45:00,35.32,35.37,35.27,35.37,18939
2012-05-30 13:00:00,35.3691,35.44,35.35,35.36,61395
2012-05-30 13:15:00,35.37,35.39,35.27,35.28,25208
2012-05-30 13:30:00,35.262,35.37,35.262,35.32,32546
2012-05-30 13:45:00,35.32,35.37,35.24,35.265,26450
2012-05-30 14:00:00,35.265,35.42,35.25,35.415,85453
2012-05-30 14:15:00,35.42,35.49,35.33,35.36,34463
2012-05-30 14:30:00,35.355,35.4,35.325,35.36,33224
2012-05-30 14:45:00,35.36,35.39,35.3,35.36,27921
2012-05-30 15:00:00,35.36,35.37,35.225,35.27,19719
2012-05-30 15:15:00,35.26,35.31,35.22,35.23,43156
2012-05-30 15:30:00,35.23,35.36,35.22,35.35,72625
2012-05-30 15:45:00,35.34,35.38,35.29,35.37,68062
2012-05-30 16:00:00,35.37,35.44,35.26,35.26,214816
2012-05-31 09:45:00,35.33,35.39,35.08,35.225,158173
2012-05-31 10:00:00,35.19,35.25,35.18,35.24,119374
2012-05-31 10:15:00,35.23,35.25,35.19,35.23,30897
2012-05-31 10:30:00,35.23,35.31,35.2,35.31,44830
2012-05-31 10:45:00,35.29,35.44,35.25,35.399,91135
2012-05-31 11:00:00,35.41,35.495,35.32,35.34,72613
2012-05-31 11:15:00,35.32,35.41,35.29,35.3,143286
2012-05-31 11:30:00,35.29,35.32,35.17,35.32,45287
2012-05-31 11:45:00,35.31,35.45,35.3,35.32,43475
2012-05-31 12:00:00,35.32,35.39,35.3,35.353,16434
2012-05-31 12:15:00,35.34,35.44,35.31,35.43,23531
2012-05-31 12:30:00,35.42,35.47,35.34,35.46,35280
2012-05-31 12:45:00,35.442,35.468,35.33,35.4,27860
2012-05-31 13:00:00,35.4,35.49,35.36,35.425,36245
2012-05-31 13:15:00,35.425,35.51,35.4,35.5,31819
2012-05-31 13:30:00,35.51,35.5391,35.42,35.5,40559
2012-05-31 13:45:00,35.5,35.53,35.42,35.49,38935
2012-05-31 14:00:00,35.49,35.5,35.39,35.43,33109
2012-05-31 14:15:00,35.43,35.465,35.38,35.41,29635
2012-05-31 14:30:00,35.4,35.47,35.33,35.43,48922
2012-05-31 14:45:00,35.43,35.47,35.38,35.46,49912
2012-05-31 15:00:00,35.4501,35.46,35.31,35.43,41248
2012-05-31 15:15:00,35.44,35.44,35.33,35.42,57714
2012-05-31 15:30:00,35.41,35.55,35.39,35.54,66858
2012-05-31 15:45:00,35.55,35.73,35.54,35.62,99261
2012-05-31 16:00:00,35.62,35.64,35.42,35.42,401056
2012-06-01 09:45:00,34.95,35.22,34.75,35.05,95527
2012-06-01 10:00:00,35.03,35.13,34.96,35.09,29490
2012-06-01 10:15:00,35.12,35.19,35.0,35.0,22723
2012-06-01 10:30:00,34.99,35.02,34.95,35.0,61359
2012-06-01 10:45:00,35.0,35.0201,34.99,35.0,26419
2012-06-01 11:00:00,35.0,35.2099,35.0,35.15,44023
2012-06-01 11:15:00,35.1599,35.22,35.14,35.16,91967
2012-06-01 11:30:00,35.17,35.37,35.17,35.3,90829
2012-06-01 11:45:00,35.3,35.31,35.1,35.12,45210
2012-06-01 12:00:00,35.12,35.13,34.98,34.99,151923
2012-06-01 12:15:00,34.99,35.06,34.99,35.03,56730
2012-06-01 12:30:00,35.02,35.12,35.02,35.11,33714
2012-06-01 12:45:00,35.12,35.13,35.0,35.0,23144
2012-06-01 13:00:00,35.01,35.08,35.0,35.03,20575
2012-06-01 13:15:00,35.01,35.05,34.97,35.0,46975
2012-06-01 13:30:00,35.0,35.01,34.95,34.9594,32784
2012-06-01 13:45:00,34.95,34.9888,34.94,34.97,60544
2012-06-01 14:00:00,34.98,34.98,34.94,34.96,38971
2012-06-01 14:15:00,34.96,34.97,34.82,34.82,85249
2012-06-01 14:30:00,34.82,34.91,34.8,34.83,88080
2012-06-01 14:45:00,34.83,34.92,34.82,34.9,79086
2012-06-01 15:00:00,34.9,34.97,34.88,34.88,34236
2012-06-01 15:15:00,34.88,34.91,34.85,34.87,70699
2012-06-01 15:30:00,34.87,34.88,34.72,34.78,55828
2012-06-01 15:45:00,34.785,34.92,34.785,34.92,118385
2012-06-01 16:00:00,34.92,35.01,34.92,34.95,180382
2012-06-04 09:45:00,34.89,35.16,34.79,35.11,131561
2012-06-04 10:00:00,35.11,35.125,35.0,35.04,40430
2012-06-04 10:15:00,35.02,35.03,34.8799,34.95,79030
2012-06-04 10:30:00,34.95,35.09,34.94,35.02,103883
2012-06-04 10:45:00,35.02,35.04,34.89,34.98,35457
2012-06-04 11:00:00,34.98,35.11,34.97,35.02,31256
2012-06-04 11:15:00,35.02,35.06,34.82,34.85,46269
2012-06-04 11:30:00,34.88,34.92,34.85,34.87,33302
2012-06-04 11:45:00,34.88,34.97,34.86,34.955,58645
2012-06-04 12:00:00,34.96,34.97,34.87,34.87,56527
2012-06-04 12:15:00,34.87,34.92,34.55,34.5699,161034
2012-06-04 12:30:00,34.57,34.645,34.54,34.58,20554
2012-06-04 12:45:00,34.59,34.61,34.54,34.545,25390
2012-06-04 13:00:00,34.55,34.6,34.45,34.525,65113
2012-06-04 13:15:00,34.52,34.54,34.29,34.33,129092
2012-06-04 13:30:00,34.335,34.37,34.17,34.18,93682
2012-06-04 13:45:00,34.185,34.3699,34.18,34.321,56704
2012-06-04 14:00:00,34.33,34.34,34.15,34.25,44805
2012-06-04 14:15:00,34.25,34.3,34.21,34.27,34838
2012-06-04 14:30:00,34.27,34.455,34.27,34.45,78233
2012-06-04 14:45:00,34.45,34.645,34.42,34.56,48475
2012-06-04 15:00:00,34.55,34.57,34.46,34.48,34862
2012-06-04 15:15:00,34.47,34.51,34.37,34.42,41895
2012-06-04 15:30:00,34.42,34.43,34.29,34.405,78982
2012-06-04 15:45:00,34.39,34.525,34.31,34.51,101933
2012-06-04 16:00:00,34.52,34.63,34.51,34.55,261892
2012-06-05 09:45:00,34.46,34.58,34.35,34.37,48638
2012-06-05 10:00:00,34.4,34.5899,34.39,34.55,45656
2012-06-05 10:15:00,34.55,34.74,34.54,34.68,33856
2012-06-05 10:30:00,34.7,34.78,34.66,34.74,27972
2012-06-05 10:45:00,34.74,34.76,34.65,34.65,109963
2012-06-05 11:00:00,34.67,34.68,34.485,34.52,47587
2012-06-05 11:15:00,34.52,34.66,34.48,34.605,147921
2012-06-05 11:30:00,34.61,34.64,34.56,34.58,32026
2012-06-05 11:45:00,34.58,34.6,34.52,34.52,21959
2012-06-05 12:00:00,34.5201,34.54,34.52,34.53,33450
2012-06-05 12:15:00,34.53,34.58,34.53,34.54,36907
2012-06-05 12:30:00,34.54,34.57,34.49,34.51,40466
2012-06-05 12:45:00,34.52,34.585,34.47,34.48,28912
2012-06-05 13:00:00,34.5,34.55,34.4775,34.52,48148
2012-06-05 13:15:00,34.51,34.58,34.505,34.535,29675
2012-06-05 13:30:00,34.53,34.565,34.5,34.55,36846
2012-06-05 13:45:00,34.54,34.58,34.5,34.55,52034
2012-06-05 14:00:00,34.54,34.59,34.48,34.5,55864
2012-06-05 14:15:00,34.5,34.58,34.49,34.56,51106
2012-06-05 14:30:00,34.565,34.57,34.49,34.5075,43328
2012-06-05 14:45:00,34.5,34.53,34.4185,34.45,54589
2012-06-05 15:00:00,34.44,34.51,34.405,34.4675,45435
2012-06-05 15:15:00,34.48,34.55,34.3992,34.44,131738
2012-06-05 15:30:00,34.44,34.51,34.4,34.465,96124
2012-06-05 15:45:00,34.47,34.4925,34.45,34.49,119975
2012-06-05 16:00:00,34.49,34.5,34.41,34.44,236602
2012-06-06 09:45:00,34.83,34.86,34.58,34.6301,55345
2012-06-06 10:00:00,34.6301,34.86,34.6301,34.71,101024
2012-06-06 10:15:00,34.73,34.91,34.73,34.9,58986
2012-06-06 10:30:00,34.89,34.96,34.86,34.89,63341
2012-06-06 10:45:00,34.9,34.921,34.88,34.9,69081
2012-06-06 11:00:00,34.91,34.96,34.87,34.945,39625
2012-06-06 11:15:00,34.949,34.96,34.8401,34.8643,71168
2012-06-06 11:30:00,34.88,34.885,34.84,34.85,32714
2012-06-06 11:45:00,34.85,34.89,34.82,34.88,86822
2012-06-06 12:00:00,34.86,34.89,34.83,34.83,36994
2012-06-06 12:15:00,34.848,34.85,34.79,34.79,62268
2012-06-06 12:30:00,34.79,34.85,34.79,34.82,66513
2012-06-06 12:45:00,34.82,34.89,34.8,34.85,57567
2012-06-06 13:00:00,34.85,34.905,34.85,34.88,28079
2012-06-06 13:15:00,34.885,34.92,34.88,34.9075,36837
2012-06-06 13:30:00,34.9075,34.96,34.9,34.955,42134
2012-06-06 13:45:00,34.96,34.96,34.89,34.91,34248
2012-06-06 14:00:00,34.91,34.94,34.89,34.935,25226
2012-06-06 14:15:00,34.935,34.965,34.88,34.88,42026
2012-06-06 14:30:00,34.89,34.91,34.82,34.89,40533
2012-06-06 14:45:00,34.88,34.94,34.88,34.93,37685
2012-06-06 15:00:00,34.93,34.94,34.85,34.88,73239
2012-06-06 15:15:00,34.86,34.93,34.84,34.86,51458
2012-06-06 15:30:00,34.86,34.88,34.76,34.77,58292
2012-06-06 15:45:00,34.78,34.85,34.76,34.84,73811
2012-06-06 16:00:00,34.8401,34.89,34.77,34.86,260693
2012-06-07 09:45:00,35.29,35.47,35.21,35.35,54536
2012-06-07 10:00:00,35.41,35.41,35.15,35.2,75280
2012-06-07 10:15:00,35.2,35.25,35.12,35.22,42628
2012-06-07 10:30:00,35.21,35.31,35.13,35.28,41270
2012-06-07 10:45:00,35.289,35.31,35.15,35.21,23343
2012-06-07 11:00:00,35.2199,35.25,35.113,35.13,19860
2012-06-07 11:15:00,35.12,35.15,34.985,35.03,39322
2012-06-07 11:30:00,35.03,35.14,35.02,35.08,17269
2012-06-07 11:45:00,35.08,35.12,35.0101,35.02,33733
2012-06-07 12:00:00,35.0201,35.07,34.99,34.99,18108
2012-06-07 12:15:00,35.01,35.01,34.95,35.0,11736
2012-06-07 12:30:00,35.02,35.11,35.005,35.05,15300
2012-06-07 12:45:00,35.07,35.0875,34.98,35.03,19639
2012-06-07 13:00:00,35.0499,35.08,35.0,35.03,13744
2012-06-07 13:15:00,35.03,35.07,35.01,35.03,51257
2012-06-07 13:30:00,35.04,35.09,35.01,35.08,31489
2012-06-07 13:45:00,35.06,35.08,35.03,35.03,19324
2012-06-07 14:00:00,35.03,35.07,34.91,34.98,86703
2012-06-07 14:15:00,34.97,35.02,34.94,34.96,24640
2012-06-07 14:30:00,34.96,35.04,34.96,35.01,17910
2012-06-07 14:45:00,35.02,35.08,35.015,35.03,48272
2012-06-07 15:00:00,35.03,35.07,35.03,35.04,14003
2012-06-07 15:15:00,35.03,35.05,34.9958,35.045,19175
2012-06-07 15:30:00,35.05,35.05,34.95,34.995,26647
2012-06-07 15:45:00,34.99,35.01,34.87,34.87,39250
2012-06-07 16:00:00,34.88,34.92,34.79,34.86,88318
2012-06-08 09:45:00,35.02,35.03,34.65,34.74,57402
2012-06-08 10:00:00,34.74,34.79,34.6,34.64,131782
2012-06-08 10:15:00,34.64,34.7,34.62,34.665,170413
2012-06-08 10:30:00,34.67,34.72,34.63,34.69,36203
2012-06-08 10:45:00,34.69,34.76,34.68,34.75,14486
2012-06-08 11:00:00,34.75,34.81,34.74,34.76,36091
2012-06-08 11:15:00,34.77,34.79,34.61,34.615,36752
2012-06-08 11:30:00,34.615,34.65,34.57,34.61,33880
2012-06-08 11:45:00,34.61,34.66,34.55,34.55,37080
2012-06-08 12:00:00,34.55,34.59,34.49,34.49,40348
2012-06-08 12:15:00,34.49,34.63,34.49,34.55,40340
2012-06-08 12:30:00,34.54,34.56,34.5,34.55,35429
2012-06-08 12:45:00,34.555,34.61,34.555,34.59,60925
2012-06-08 13:00:00,34.58,34.67,34.55,34.64,39322
2012-06-08 13:15:00,34.645,34.7,34.64,34.7,42504
2012-06-08 13:30:00,34.7,34.7,34.56,34.57,71784
2012-06-08 13:45:00,34.57,34.615,34.51,34.57,89097
2012-06-08 14:00:00,34.56,34.61,34.555,34.58,65183
2012-06-08 14:15:00,34.57,34.65,34.56,34.65,37489
2012-06-08 14:30:00,34.65,34.665,34.6,34.64,30056
2012-06-08 14:45:00,34.64,34.66,34.56,34.59,127696
2012-06-08 15:00:00,34.59,34.62,34.505,34.51,74773
2012-06-08 15:15:00,34.51,34.58,34.49,34.57,100729
2012-06-08 15:30:00,34.56,34.57,34.4975,34.5,84066
2012-06-08 15:45:00,34.49,34.55,34.46,34.48,136970
2012-06-08 16:00:00,34.48,34.54,34.43,34.49,287489
2012-06-11 09:45:00,34.77,34.81,34.37,34.37,62392
2012-06-11 10:00:00,34.37,34.55,34.37,34.44,18802
2012-06-11 10:15:00,34.46,34.49,34.36,34.38,106892
2012-06-11 10:30:00,34.4,34.43,34.27,34.32,41950
2012-06-11 10:45:00,34.31,34.341,34.25,34.27,45995
2012-06-11 11:00:00,34.27,34.28,34.1699,34.1899,33626
2012-06-11 11:15:00,34.18,34.2,34.12,34.12,57742
2012-06-11 11:30:00,34.11,34.11,34.025,34.047,77306
2012-06-11 11:45:00,34.04,34.09,33.98,34.06,85732
2012-06-11 12:00:00,34.06,34.14,34.02,34.1,41962
2012-06-11 12:15:00,34.095,34.154,34.08,34.09,33213
2012-06-11 12:30:00,34.09,34.17,34.065,34.12,40953
2012-06-11 12:45:00,34.12,34.19,34.1,34.16,45328
2012-06-11 13:00:00,34.17,34.2,34.14,34.17,20573
2012-06-11 13:15:00,34.17,34.235,34.15,34.23,25210
2012-06-11 13:30:00,34.24,34.25,34.16,34.18,28273
2012-06-11 13:45:00,34.18,34.18,34.0601,34.0601,46206
2012-06-11 14:00:00,34.08,34.17,34.08,34.14,14365
2012-06-11 14:15:00,34.14,34.15,34.03,34.04,37431
2012-06-11 14:30:00,34.04,34.13,34.01,34.1199,27884
2012-06-11 14:45:00,34.11,34.14,34.1,34.12,23131
2012-06-11 15:00:00,34.12,34.14,34.06,34.06,26432
2012-06-11 15:15:00,34.07,34.1,34.0,34.01,67016
2012-06-11 15:30:00,34.0,34.0299,33.91,33.9685,69286
2012-06-11 15:45:00,33.96,34.08,33.96,34.06,54321
2012-06-11 16:00:00,34.06,34.06,33.81,33.88,188423
2012-06-12 09:45:00,34.23,34.37,34.01,34.05,64148
2012-06-12 10:00:00,34.04,34.04,33.91,33.95,41998
2012-06-12 10:15:00,33.95,34.04,33.75,33.76,30557
2012-06-12 10:30:00,33.77,33.985,33.76,33.96,42183
2012-06-12 10:45:00,33.97,33.97,33.84,33.9,85622
2012-06-12 11:00:00,33.9,34.0,33.895,33.94,21171
2012-06-12 11:15:00,33.9443,34.19,33.94,34.17,39886
2012-06-12 11:30:00,34.17,34.25,34.1,34.14,22426
2012-06-12 11:45:00,34.14,34.15,34.09,34.12,25855
2012-06-12 12:00:00,34.125,34.14,33.98,33.99,20483
2012-06-12 12:15:00,33.99,34.03,33.84,33.88,36264
2012-06-12 12:30:00,33.88,33.89,33.84,33.86,9195
2012-06-12 12:45:00,33.85,33.89,33.81,33.85,8080
2012-06-12 13:00:00,33.84,33.88,33.825,33.85,6921
2012-06-12 13:15:00,33.86,34.04,33.86,34.01,13825
2012-06-12 13:30:00,34.01,34.06,33.943000000000005,33.943000000000005,24783
2012-06-12 13:45:00,33.95,33.99,33.95,33.96,8983
2012-06-12 14:00:00,33.9526,33.98,33.92,33.94,11473
2012-06-12 14:15:00,33.9299,33.99,33.91,33.95,12255
2012-06-12 14:30:00,33.94,34.01,33.9391,34.01,31877
2012-06-12 14:45:00,34.01,34.13,34.0,34.09,19961
2012-06-12 15:00:00,34.1,34.13,34.07,34.12,35599
2012-06-12 15:15:00,34.13,34.1899,34.12,34.13,30932
2012-06-12 15:30:00,34.14,34.2099,34.08,34.18,49592
2012-06-12 15:45:00,34.19,34.29,34.13,34.2625,57950
2012-06-12 16:00:00,34.26,34.345,34.23,34.32,150016
2012-06-13 09:45:00,34.22,34.29,33.94,33.97,67972
2012-06-13 10:00:00,33.95,34.02,33.75,33.87,64309
2012-06-13 10:15:00,33.87,34.12,33.82,34.11,108459
2012-06-13 10:30:00,34.11,34.26,34.11,34.26,38171
2012-06-13 10:45:00,34.26,34.34,34.25,34.26,25819
2012-06-13 11:00:00,34.26,34.305,34.21,34.27,93196
2012-06-13 11:15:00,34.26,34.325,34.22,34.2399,47974
2012-06-13 11:30:00,34.24,34.3399,34.23,34.25,25767
2012-06-13 11:45:00,34.2484,34.28,34.19,34.2,58174
2012-06-13 12:00:00,34.2,34.2,34.09,34.11,23376
2012-06-13 12:15:00,34.11,34.17,34.065,34.105,44093
2012-06-13 12:30:00,34.1,34.1,34.04,34.075,27613
2012-06-13 12:45:00,34.08,34.15,34.075,34.105,58135
2012-06-13 13:00:00,34.11,34.135,34.04,34.0799,49666
2012-06-13 13:15:00,34.08,34.09,34.025,34.03,49181
2012-06-13 13:30:00,34.03,34.175,34.005,34.175,25889
2012-06-13 13:45:00,34.16,34.2,34.1385,34.14,12091
2012-06-13 14:00:00,34.13,34.17,34.08,34.08,32382
2012-06-13 14:15:00,34.09,34.11,34.06,34.1,25156
2012-06-13 14:30:00,34.1,34.125,34.06,34.08,32783
2012-06-13 14:45:00,34.08,34.09,34.005,34.02,32595
2012-06-13 15:00:00,34.02,34.09,34.0,34.04,33508
2012-06-13 15:15:00,34.03,34.05,33.96,33.97,81717
2012-06-13 15:30:00,33.96,33.98,33.82,33.9,61451
2012-06-13 15:45:00,33.9,33.92,33.85,33.85,50945
2012-06-13 16:00:00,33.8599,33.87,33.75,33.87,143982
2012-06-14 09:45:00,34.01,34.27,33.975,34.02,28542
2012-06-14 10:00:00,34.04,34.29,34.01,34.29,29230
2012-06-14 10:15:00,34.28,34.34,34.09,34.135,196592
2012-06-14 10:30:00,34.13,34.17,34.05,34.06,31057
2012-06-14 10:45:00,34.065,34.075,33.95,33.95,36396
2012-06-14 11:00:00,33.94,34.05,33.93,33.99,36370
2012-06-14 11:15:00,34.0,34.07,33.97,34.03,128226
2012-06-14 11:30:00,34.03,34.11,34.0,34.1,62452
2012-06-14 11:45:00,34.1,34.11,34.05,34.062,31711
2012-06-14 12:00:00,34.08,34.08,34.02,34.02,20655
2012-06-14 12:15:00,34.02,34.035,33.96,33.97,53101
2012-06-14 12:30:00,33.99,34.08,33.99,34.01,128130
2012-06-14 12:45:00,34.02,34.03,33.97,34.01,21290
2012-06-14 13:00:00,34.0,34.09,33.98,33.98,19277
2012-06-14 13:15:00,33.99,34.04,33.94,33.94,28405
2012-06-14 13:30:00,33.94,33.945,33.845,33.86,31663
2012-06-14 13:45:00,33.855,33.91,33.85,33.87,46324
2012-06-14 14:00:00,33.87,33.91,33.84,33.84,38494
2012-06-14 14:15:00,33.84,33.92,33.82,33.86,56257
2012-06-14 14:30:00,33.86,33.91,33.83,33.91,71096
2012-06-14 14:45:00,33.91,34.02,33.9,33.98,35698
2012-06-14 15:00:00,33.99,34.0,33.85,33.85,48388
2012-06-14 15:15:00,33.86,34.22,33.85,34.17,228923
2012-06-14 15:30:00,34.16,34.16,33.97,34.0591,60409
2012-06-14 15:45:00,34.06,34.2,34.03,34.15,93423
2012-06-14 16:00:00,34.14,34.19,34.02,34.06,239648
2012-06-15 09:45:00,34.06,34.3,33.94,34.17,168345
2012-06-15 10:00:00,34.17,34.28,34.1,34.25,150279
2012-06-15 10:15:00,34.265,34.3,34.15,34.15,222696
2012-06-15 10:30:00,34.155,34.18,34.08,34.105,41005
2012-06-15 10:45:00,34.1,34.105,33.92,33.94,49755
2012-06-15 11:00:00,33.93,34.01,33.92,34.0,34651
2012-06-15 11:15:00,33.99,34.125,33.99,34.12,238085
2012-06-15 11:30:00,34.12,34.29,34.12,34.22,72338
2012-06-15 11:45:00,34.23,34.3,34.22,34.245,47024
2012-06-15 12:00:00,34.24,34.42,34.24,34.4,38562
2012-06-15 12:15:00,34.41,34.44,34.38,34.4015,34891
2012-06-15 12:30:00,34.4,34.41,34.3,34.3499,31604
2012-06-15 12:45:00,34.35,34.42,34.34,34.4,25442
2012-06-15 13:00:00,34.41,34.42,34.38,34.39,75622
2012-06-15 13:15:00,34.4,34.53,34.4,34.53,29469
2012-06-15 13:30:00,34.54,34.58,34.48,34.51,25512
2012-06-15 13:45:00,34.5,34.505,34.39,34.3925,40549
2012-06-15 14:00:00,34.38,34.405,34.38,34.394,34411
2012-06-15 14:15:00,34.395,34.4,34.33,34.3385,41326
2012-06-15 14:30:00,34.33,34.39,34.33,34.385,51163
2012-06-15 14:45:00,34.39,34.5,34.35,34.5,56701
2012-06-15 15:00:00,34.5,34.54,34.47,34.47,38973
2012-06-15 15:15:00,34.49,34.59,34.48,34.555,49251
2012-06-15 15:30:00,34.55,34.56,34.445,34.45,66321
2012-06-15 15:45:00,34.45,34.46,34.4,34.4091,66125
2012-06-15 16:00:00,34.405,34.52,34.38,34.5,304728
2012-06-18 09:45:00,34.36,34.36,34.11,34.22,19861
2012-06-18 10:00:00,34.3,34.3,34.1201,34.143,15301
2012-06-18 10:15:00,34.1501,34.208,34.115,34.17,11287
2012-06-18 10:30:00,34.15,34.25,34.12,34.23,12560
2012-06-18 10:45:00,34.211999999999996,34.28,34.18,34.28,22827
2012-06-18 11:00:00,34.29,34.43,34.28,34.32,16154
2012-06-18 11:15:00,34.36,34.3882,34.26,34.34,43763
2012-06-18 11:30:00,34.34,34.38,34.27,34.37,34722
2012-06-18 11:45:00,34.38,34.42,34.25,34.27,29428
2012-06-18 12:00:00,34.28,34.495,34.28,34.485,24580
2012-06-18 12:15:00,34.48,34.49,34.31,34.34,19966
2012-06-18 12:30:00,34.3599,34.45,34.34,34.38,38647
2012-06-18 12:45:00,34.39,34.45,34.351,34.45,7469
2012-06-18 13:00:00,34.46,34.49,34.34,34.34,27537
2012-06-18 13:15:00,34.34,34.36,34.28,34.31,33897
2012-06-18 13:30:00,34.31,34.39,34.3,34.36,38307
2012-06-18 13:45:00,34.36,34.5,34.3237,34.49,45772
2012-06-18 14:00:00,34.5,34.5,34.41,34.45,20248
2012-06-18 14:15:00,34.44,34.45,34.37,34.38,30661
2012-06-18 14:30:00,34.38,34.43,34.36,34.38,41010
2012-06-18 14:45:00,34.37,34.46,34.37,34.44,23168
2012-06-18 15:00:00,34.44,34.46,34.39,34.46,27062
2012-06-18 15:15:00,34.45,34.49,34.39,34.39,31140
2012-06-18 15:30:00,34.39,34.47,34.37,34.42,29704
2012-06-18 15:45:00,34.42,34.48,34.39,34.44,63106
2012-06-18 16:00:00,34.43,34.465,34.4,34.44,107919
2012-06-19 09:45:00,34.69,34.895,34.53,34.555,65844
2012-06-19 10:00:00,34.54,34.845,34.535,34.77,74376
2012-06-19 10:15:00,34.8,34.96,34.79,34.93,49812
2012-06-19 10:30:00,34.94,35.0,34.9,34.99,36092
2012-06-19 10:45:00,34.99,35.035,34.92,34.92,45409
2012-06-19 11:00:00,34.92,34.99,34.87,34.94,22823
2012-06-19 11:15:00,34.93,34.9901,34.88,34.89,28022
2012-06-19 11:30:00,34.89,34.915,34.82,34.88,42527
2012-06-19 11:45:00,34.88,34.99,34.845,34.99,22357
2012-06-19 12:00:00,34.98,35.04,34.94,34.99,15766
2012-06-19 12:15:00,34.97,35.0499,34.97,35.025,42272
2012-06-19 12:30:00,35.01,35.08,35.0099,35.07,32715
2012-06-19 12:45:00,35.07,35.08,34.96,34.96,37462
2012-06-19 13:00:00,34.96,34.98,34.895,34.95,24196
2012-06-19 13:15:00,34.94,34.96,34.87,34.92,18367
2012-06-19 13:30:00,34.93,35.03,34.93,35.01,28256
2012-06-19 13:45:00,35.01,35.08,35.005,35.07,33546
2012-06-19 14:00:00,35.09,35.17,35.08,35.14,35681
2012-06-19 14:15:00,35.14,35.16,35.09,35.11,29718
2012-06-19 14:30:00,35.11,35.17,35.1,35.13,50572
2012-06-19 14:45:00,35.13,35.14,34.89,34.89,36692
2012-06-19 15:00:00,34.88,34.92,34.81,34.92,28271
2012-06-19 15:15:00,34.92,34.92,34.84,34.85,41641
2012-06-19 15:30:00,34.85,34.92,34.82,34.85,47669
2012-06-19 15:45:00,34.85,34.91,34.8,34.86,57242
2012-06-19 16:00:00,34.85,34.87,34.77,34.77,104289
2012-06-20 09:45:00,34.91,34.91,34.65,34.67,48532
2012-06-20 10:00:00,34.69,34.79,34.69,34.73,19220
2012-06-20 10:15:00,34.73,34.76,34.57,34.6,45538
2012-06-20 10:30:00,34.6,34.67,34.46,34.5,40298
2012-06-20 10:45:00,34.49,34.495,34.28,34.33,69866
2012-06-20 11:00:00,34.33,34.38,34.33,34.36,50193
2012-06-20 11:15:00,34.37,34.59,34.3699,34.56,35155
2012-06-20 11:30:00,34.56,34.6,34.54,34.59,23208
2012-06-20 11:45:00,34.59,34.605,34.505,34.515,25292
2012-06-20 12:00:00,34.515,34.52,34.49,34.49,20467
2012-06-20 12:15:00,34.5,34.54,34.48,34.5,35146
2012-06-20 12:30:00,34.5,34.52,34.42,34.47,16668
2012-06-20 12:45:00,34.48,34.5,34.31,34.49,42478
2012-06-20 13:00:00,34.5,34.548,34.43,34.53,56100
2012-06-20 13:15:00,34.56,34.66,34.49,34.49,40800
2012-06-20 13:30:00,34.48,34.56,34.45,34.5,33671
2012-06-20 13:45:00,34.51,34.55,34.45,34.54,23809
2012-06-20 14:00:00,34.55,34.61,34.52,34.61,17324
2012-06-20 14:15:00,34.58,34.63,34.54,34.58,23113
2012-06-20 14:30:00,34.59,34.64,34.46,34.52,48579
2012-06-20 14:45:00,34.52,34.59,34.49,34.49,21984
2012-06-20 15:00:00,34.48,34.55,34.4,34.51,39629
2012-06-20 15:15:00,34.51,34.5299,34.4599,34.49,41670
2012-06-20 15:30:00,34.49,34.5,34.4,34.49,67591
2012-06-20 15:45:00,34.49,34.535,34.44,34.5,74206
2012-06-20 16:00:00,34.5,34.53,34.45,34.53,195059
2012-06-21 09:45:00,34.74,34.9,34.56,34.61,56712
2012-06-21 10:00:00,34.62,34.82,34.55,34.77,58552
2012-06-21 10:15:00,34.75,34.77,34.61,34.66,108974
2012-06-21 10:30:00,34.66,34.71,34.44,34.44,46362
2012-06-21 10:45:00,34.43,34.43,34.31,34.31,21779
2012-06-21 11:00:00,34.31,34.39,34.3,34.34,37497
2012-06-21 11:15:00,34.34,34.34,34.251,34.29,31784
2012-06-21 11:30:00,34.28,34.3,34.22,34.22,32240
2012-06-21 11:45:00,34.21,34.27,34.16,34.2455,41695
2012-06-21 12:00:00,34.25,34.26,34.21,34.22,31221
2012-06-21 12:15:00,34.22,34.3,34.2,34.29,50682
2012-06-21 12:30:00,34.295,34.39,34.2,34.22,51857
2012-06-21 12:45:00,34.22,34.27,34.16,34.179,20913
2012-06-21 13:00:00,34.18,34.25,34.18,34.22,28541
2012-06-21 13:15:00,34.22,34.25,34.17,34.18,38800
2012-06-21 13:30:00,34.18,34.22,34.11,34.12,32323
2012-06-21 13:45:00,34.11,34.1799,34.08,34.1427,41154
2012-06-21 14:00:00,34.15,34.19,34.12,34.13,106716
2012-06-21 14:15:00,34.12,34.13,33.92,34.0,58001
2012-06-21 14:30:00,34.0,34.01,33.91,33.91,51035
2012-06-21 14:45:00,33.91,33.97,33.91,33.96,74911
2012-06-21 15:00:00,33.9501,34.0,33.95,33.98,31390
2012-06-21 15:15:00,33.98,33.99,33.9,33.92,28993
2012-06-21 15:30:00,33.91,33.92,33.88,33.8801,81897
2012-06-21 15:45:00,33.88,33.95,33.84,33.92,87693
2012-06-21 16:00:00,33.92,33.96,33.8867,33.945,160181
2012-06-22 09:45:00,34.24,34.37,34.0799,34.16,60207
2012-06-22 10:00:00,34.16,34.16,33.9701,34.05,49031
2012-06-22 10:15:00,34.05,34.1637,34.01,34.1,20549
2012-06-22 10:30:00,34.0991,34.0991,33.91,33.91,40599
2012-06-22 10:45:00,33.92,33.93,33.85,33.86,24781
2012-06-22 11:00:00,33.87,33.95,33.85,33.9,19601
2012-06-22 11:15:00,33.91,33.99,33.87,33.87,18754
2012-06-22 11:30:00,33.8703,33.9,33.8,33.8,141372
2012-06-22 11:45:00,33.82,33.865,33.76,33.8,77153
2012-06-22 12:00:00,33.81,33.8299,33.61,33.67,53815
2012-06-22 12:15:00,33.68,33.7285,33.64,33.6963,30023
2012-06-22 12:30:00,33.69,33.75,33.55,33.61,52508
2012-06-22 12:45:00,33.61,33.66,33.56,33.66,38670
2012-06-22 13:00:00,33.6699,33.78,33.6699,33.77,43807
2012-06-22 13:15:00,33.77,33.8,33.66,33.66,29284
2012-06-22 13:30:00,33.66,33.75,33.65,33.73,31435
2012-06-22 13:45:00,33.73,33.79,33.68,33.7195,27008
2012-06-22 14:00:00,33.7191,33.78,33.71,33.77,23974
2012-06-22 14:15:00,33.7795,33.875,33.7795,33.8,42157
2012-06-22 14:30:00,33.81,33.86,33.8,33.84,16873
2012-06-22 14:45:00,33.84,33.87,33.74,33.74,87611
2012-06-22 15:00:00,33.75,33.91,33.75,33.91,24205
2012-06-22 15:15:00,33.905,33.98,33.85,33.98,42668
2012-06-22 15:30:00,33.97,33.97,33.86,33.93,44247
2012-06-22 15:45:00,33.93,33.93,33.89,33.92,53036
2012-06-22 16:00:00,33.92,33.96,33.86,33.87,103041
2012-06-25 09:45:00,33.73,33.73,33.25,33.31,69511
2012-06-25 10:00:00,33.32,33.46,33.29,33.45,48188
2012-06-25 10:15:00,33.46,33.49,33.3125,33.34,37898
2012-06-25 10:30:00,33.34,33.42,33.29,33.345,76715
2012-06-25 10:45:00,33.33,33.42,33.32,33.33,32079
2012-06-25 11:00:00,33.34,33.48,33.34,33.4791,24223
2012-06-25 11:15:00,33.48,33.5,33.46,33.495,35425
2012-06-25 11:30:00,33.48,33.49,33.38,33.39,29326
2012-06-25 11:45:00,33.39,33.39,33.27,33.27,18913
2012-06-25 12:00:00,33.26,33.28,33.15,33.17,27826
2012-06-25 12:15:00,33.16,33.1799,33.12,33.12,37153
2012-06-25 12:30:00,33.1101,33.22,33.11,33.15,39476
2012-06-25 12:45:00,33.14,33.19,33.12,33.19,25328
2012-06-25 13:00:00,33.2,33.2186,33.17,33.17,44419
2012-06-25 13:15:00,33.17,33.18,33.11,33.11,33977
2012-06-25 13:30:00,33.11,33.24,33.1,33.24,14503
2012-06-25 13:45:00,33.22,33.27,33.16,33.16,39713
2012-06-25 14:00:00,33.16,33.23,33.14,33.22,30796
2012-06-25 14:15:00,33.24,33.25,33.19,33.21,30397
2012-06-25 14:30:00,33.21,33.28,33.2,33.22,38047
2012-06-25 14:45:00,33.21,33.29,33.2,33.21,24060
2012-06-25 15:00:00,33.22,33.24,33.11,33.1201,65063
2012-06-25 15:15:00,33.13,33.2,33.04,33.16,69687
2012-06-25 15:30:00,33.15,33.18,33.12,33.14,58657
2012-06-25 15:45:00,33.14,33.21,33.12,33.17,73426
2012-06-25 16:00:00,33.17,33.22,33.115,33.14,223583
2012-06-26 09:45:00,33.27,33.75,33.27,33.33,89797
2012-06-26 10:00:00,33.29,33.33,33.01,33.08,79429
2012-06-26 10:15:00,33.09,33.18,33.05,33.06,40568
2012-06-26 10:30:00,33.07,33.1099,33.02,33.06,49908
2012-06-26 10:45:00,33.05,33.15,33.02,33.1,41462
2012-06-26 11:00:00,33.09,33.12,33.01,33.02,41531
2012-06-26 11:15:00,33.02,33.08,32.92,33.01,73157
2012-06-26 11:30:00,33.0114,33.09,32.95,33.05,31480
2012-06-26 11:45:00,33.06,33.13,33.055,33.1,22210
2012-06-26 12:00:00,33.11,33.24,33.11,33.2,24016
2012-06-26 12:15:00,33.2001,33.2001,33.13,33.175,47118
2012-06-26 12:30:00,33.175,33.21,33.13,33.14,34517
2012-06-26 12:45:00,33.1425,33.215,33.14,33.17,27139
2012-06-26 13:00:00,33.17,33.2,33.13,33.165,25266
2012-06-26 13:15:00,33.15,33.17,33.11,33.11,43694
2012-06-26 13:30:00,33.12,33.13,33.08,33.1,16505
2012-06-26 13:45:00,33.1,33.1,33.03,33.07,20509
2012-06-26 14:00:00,33.08,33.09,33.03,33.05,27210
2012-06-26 14:15:00,33.055,33.13,33.02,33.11,36537
2012-06-26 14:30:00,33.12,33.23,33.11,33.2,117570
2012-06-26 14:45:00,33.21,33.2185,33.09,33.15,63588
2012-06-26 15:00:00,33.14,33.16,33.05,33.1,37159
2012-06-26 15:15:00,33.11,33.165,33.1,33.11,65535
2012-06-26 15:30:00,33.11,33.13,33.07,33.09,57700
2012-06-26 15:45:00,33.09,33.12,33.07,33.105,54796
2012-06-26 16:00:00,33.1,33.105,32.97,32.97,134715
2012-06-27 09:45:00,32.39,32.73,32.39,32.48,320584
2012-06-27 10:00:00,32.47,32.73,32.29,32.63,106926
2012-06-27 10:15:00,32.69,33.03,32.63,32.94,121455
2012-06-27 10:30:00,32.94,33.02,32.905,33.02,50147
2012-06-27 10:45:00,33.02,33.06,32.92,32.995,74500
2012-06-27 11:00:00,32.99,32.995,32.925,32.9602,108011
2012-06-27 11:15:00,32.9794,33.06,32.93,32.935,105276
2012-06-27 11:30:00,32.93,32.96,32.76,32.79,111395
2012-06-27 11:45:00,32.8,32.81,32.7,32.705,269683
2012-06-27 12:00:00,32.72,32.75,32.61,32.685,224024
2012-06-27 12:15:00,32.69,32.7,32.64,32.645,194082
2012-06-27 12:30:00,32.64,32.65,32.521,32.53,54990
2012-06-27 12:45:00,32.53,32.54,32.4101,32.4125,70918
2012-06-27 13:00:00,32.41,32.41,32.29,32.29,64400
2012-06-27 13:15:00,32.3,32.37,32.29,32.365,93253
2012-06-27 13:30:00,32.3525,32.39,32.32,32.37,157848
2012-06-27 13:45:00,32.37,32.37,32.32,32.36,169198
2012-06-27 14:00:00,32.35,32.43,32.32,32.43,176691
2012-06-27 14:15:00,32.43,32.44,32.33,32.34,57551
2012-06-27 14:30:00,32.34,32.38,32.31,32.32,78963
2012-06-27 14:45:00,32.32,32.35,32.27,32.29,112246
2012-06-27 15:00:00,32.29,32.34,32.22,32.2301,78389
2012-06-27 15:15:00,32.24,32.27,32.21,32.25,132315
2012-06-27 15:30:00,32.25,32.27,32.22,32.24,288077
2012-06-27 15:45:00,32.24,32.28,32.23,32.27,238300
2012-06-27 16:00:00,32.26,32.33,32.21,32.27,865240
2012-06-28 09:45:00,32.18,32.18,32.06,32.115,83434
2012-06-28 10:00:00,32.105,32.205,32.06,32.12,64086
2012-06-28 10:15:00,32.11,32.16,31.995,32.06,129427
2012-06-28 10:30:00,32.06,32.15,32.0,32.05,66696
2012-06-28 10:45:00,32.055,32.12,32.0,32.005,69211
2012-06-28 11:00:00,32.0,32.14,32.0,32.11,167774
2012-06-28 11:15:00,32.1,32.17,32.02,32.16,64660
2012-06-28 11:30:00,32.16,32.24,32.11,32.21,49371
2012-06-28 11:45:00,32.23,32.34,32.23,32.27,41972
2012-06-28 12:00:00,32.27,32.29,32.1987,32.25,27928
2012-06-28 12:15:00,32.26,32.29,32.21,32.22,24855
2012-06-28 12:30:00,32.23,32.24,32.16,32.19,30329
2012-06-28 12:45:00,32.19,32.25,32.17,32.25,30071
2012-06-28 13:00:00,32.25,32.3899,32.24,32.3899,29816
2012-06-28 13:15:00,32.39,32.42,32.33,32.4,62669
2012-06-28 13:30:00,32.4,32.48,32.38,32.48,40233
2012-06-28 13:45:00,32.47,32.51,32.42,32.49,63686
2012-06-28 14:00:00,32.48,32.49,32.37,32.47,45953
2012-06-28 14:15:00,32.48,32.5,32.44,32.47,49898
2012-06-28 14:30:00,32.46,32.54,32.445,32.53,61948
2012-06-28 14:45:00,32.53,32.58,32.51,32.57,62462
2012-06-28 15:00:00,32.57,32.62,32.5675,32.59,79097
2012-06-28 15:15:00,32.59,32.67,32.58,32.63,86202
2012-06-28 15:30:00,32.6323,32.8,32.6323,32.8,126470
2012-06-28 15:45:00,32.795,33.06,32.795,32.96,156774
2012-06-28 16:00:00,32.97,33.125,32.96,33.01,342407
2012-06-29 09:45:00,33.64,33.86,33.54,33.71,71078
2012-06-29 10:00:00,33.74,33.94,33.72,33.75,81426
2012-06-29 10:15:00,33.76,33.81,33.58,33.7389,49963
2012-06-29 10:30:00,33.73,33.86,33.73,33.83,76599
2012-06-29 10:45:00,33.81,33.81,33.74,33.79,47346
2012-06-29 11:00:00,33.8,33.84,33.77,33.815,23775
2012-06-29 11:15:00,33.82,33.82,33.77,33.79,32689
2012-06-29 11:30:00,33.78,33.8,33.69,33.69,54017
2012-06-29 11:45:00,33.68,33.75,33.65,33.75,34309
2012-06-29 12:00:00,33.75,33.88,33.75,33.88,39746
2012-06-29 12:15:00,33.87,33.93,33.8675,33.9084,38129
2012-06-29 12:30:00,33.9,33.93,33.88,33.92,28825
2012-06-29 12:45:00,33.93,33.94,33.85,33.85,22540
2012-06-29 13:00:00,33.84,33.88,33.77,33.81,30016
2012-06-29 13:15:00,33.83,33.93,33.81,33.92,18437
2012-06-29 13:30:00,33.93,33.95,33.9,33.91,27506
2012-06-29 13:45:00,33.9,33.95,33.85,33.8699,23748
2012-06-29 14:00:00,33.86,33.89,33.84,33.8499,30245
2012-06-29 14:15:00,33.84,33.85,33.78,33.82,33603
2012-06-29 14:30:00,33.8199,33.87,33.76,33.85,32030
2012-06-29 14:45:00,33.86,33.87,33.81,33.8699,37645
2012-06-29 15:00:00,33.865,33.93,33.86,33.88,40775
2012-06-29 15:15:00,33.88,33.88,33.8,33.8,38429
2012-06-29 15:30:00,33.81,33.81,33.74,33.77,44381
2012-06-29 15:45:00,33.77,33.86,33.76,33.76,81266
2012-06-29 16:00:00,33.76,33.865,33.76,33.865,136604
2012-07-02 09:45:00,34.15,34.2625,33.88,34.18,75534
2012-07-02 10:00:00,34.19,34.43,34.19,34.22,107698
2012-07-02 10:15:00,34.22,34.225,33.9,34.0,41942
2012-07-02 10:30:00,34.0,34.18,33.94,34.15,42831
2012-07-02 10:45:00,34.135,34.1601,33.85,33.9,33521
2012-07-02 11:00:00,33.9,34.05,33.89,33.9,35713
2012-07-02 11:15:00,33.89,33.95,33.8,33.84,47949
2012-07-02 11:30:00,33.83,33.9,33.8,33.83,46256
2012-07-02 11:45:00,33.84,33.96,33.84,33.91,30728
2012-07-02 12:00:00,33.91,34.03,33.89,34.0,28041
2012-07-02 12:15:00,34.01,34.12,34.01,34.12,26050
2012-07-02 12:30:00,34.12,34.15,34.09,34.14,27374
2012-07-02 12:45:00,34.14,34.18,34.11,34.12,17899
2012-07-02 13:00:00,34.11,34.2,34.1,34.15,19351
2012-07-02 13:15:00,34.15,34.15,34.045,34.0905,21942
2012-07-02 13:30:00,34.08,34.15,34.08,34.14,23416
2012-07-02 13:45:00,34.145,34.19,34.07,34.0901,34691
2012-07-02 14:00:00,34.09,34.11,34.05,34.07,22064
2012-07-02 14:15:00,34.06,34.09,34.0,34.08,27701
2012-07-02 14:30:00,34.0901,34.15,34.09,34.11,25598
2012-07-02 14:45:00,34.12,34.17,34.12,34.13,24307
2012-07-02 15:00:00,34.13,34.15,34.04,34.08,28097
2012-07-02 15:15:00,34.1,34.1,34.0,34.04,30817
2012-07-02 15:30:00,34.0499,34.0701,34.01,34.05,31950
2012-07-02 15:45:00,34.05,34.1,34.05,34.095,59248
2012-07-02 16:00:00,34.095,34.16,34.09,34.14,174687
2012-07-03 09:45:00,34.14,34.3099,33.98,34.0,49486
2012-07-03 10:00:00,34.0,34.0,33.78,33.83,55897
2012-07-03 10:15:00,33.83,33.93,33.79,33.84,29167
2012-07-03 10:30:00,33.8401,33.86,33.73,33.73,44872
2012-07-03 10:45:00,33.73,33.77,33.6,33.69,67742
2012-07-03 11:00:00,33.69,33.69,33.58,33.59,46593
2012-07-03 11:15:00,33.59,33.6,33.5426,33.59,62858
2012-07-03 11:30:00,33.585,33.69,33.54,33.675,35930
2012-07-03 11:45:00,33.679,33.68,33.57,33.6,61133
2012-07-03 12:00:00,33.6,33.6,33.56,33.6,45446
2012-07-03 12:15:00,33.6,33.6,33.57,33.58,74916
2012-07-03 12:30:00,33.58,33.71,33.57,33.685,49270
2012-07-03 12:45:00,33.68,33.71,33.66,33.6799,75773
2012-07-03 13:00:00,33.67,33.93,33.66,33.855,115886
2012-07-03 13:15:00,33.86,33.86,33.7316,33.7316,15354
2012-07-03 13:30:00,33.7204,33.86,33.7204,33.86,15226
2012-07-03 14:15:00,33.86,33.86,33.58,33.58,778
2012-07-05 09:45:00,33.96,33.96,33.82,33.875,53216
2012-07-05 10:00:00,33.9,33.92,33.83,33.86,52088
2012-07-05 10:15:00,33.85,33.945,33.8,33.945,34584
2012-07-05 10:30:00,33.93,34.07,33.925,34.05,33309
2012-07-05 10:45:00,34.045,34.15,34.04,34.15,18766
2012-07-05 11:00:00,34.15,34.26,34.15,34.23,29046
2012-07-05 11:15:00,34.23,34.27,34.21,34.2101,30137
2012-07-05 11:30:00,34.22,34.24,34.18,34.18,23297
2012-07-05 11:45:00,34.19,34.21,34.12,34.145,46506
2012-07-05 12:00:00,34.15,34.21,34.15,34.1998,30801
2012-07-05 12:15:00,34.2,34.23,34.18,34.2,23987
2012-07-05 12:30:00,34.2,34.23,34.18,34.21,26216
2012-07-05 12:45:00,34.21,34.22,34.19,34.21,16027
2012-07-05 13:00:00,34.22,34.25,34.2,34.25,16266
2012-07-05 13:15:00,34.2465,34.3,34.23,34.295,22306
2012-07-05 13:30:00,34.29,34.39,34.285,34.34,58438
2012-07-05 13:45:00,34.34,34.351,34.28,34.33,32033
2012-07-05 14:00:00,34.34,34.49,34.34,34.48,28610
2012-07-05 14:15:00,34.48,34.48,34.36,34.39,21088
2012-07-05 14:30:00,34.39,34.43,34.39,34.41,21185
2012-07-05 14:45:00,34.405,34.42,34.37,34.4,25354
2012-07-05 15:00:00,34.42,34.43,34.38,34.39,19687
2012-07-05 15:15:00,34.39,34.43,34.38,34.4,37528
2012-07-05 15:30:00,34.39,34.39,34.32,34.34,60471
2012-07-05 15:45:00,34.34,34.43,34.34,34.39,57856
2012-07-05 16:00:00,34.39,34.45,34.35,34.36,156120
2012-07-06 09:45:00,34.24,34.24,34.03,34.09,31725
2012-07-06 10:00:00,34.08,34.08,33.89,33.91,20164
2012-07-06 10:15:00,33.93,33.93,33.75,33.87,24506
2012-07-06 10:30:00,33.84,33.9325,33.82,33.92,18212
2012-07-06 10:45:00,33.91,33.91,33.76,33.77,40397
2012-07-06 11:00:00,33.76,33.82,33.72,33.8,11711
2012-07-06 11:15:00,33.8,33.82,33.77,33.78,12674
2012-07-06 11:30:00,33.78,33.82,33.675,33.68,55124
2012-07-06 11:45:00,33.6798,33.69,33.63,33.67,14980
2012-07-06 12:00:00,33.68,33.71,33.66,33.66,16275
2012-07-06 12:15:00,33.65,33.6899,33.61,33.68,21231
2012-07-06 12:30:00,33.7,33.74,33.7,33.73,12726
2012-07-06 12:45:00,33.72,33.83,33.71,33.82,38148
2012-07-06 13:00:00,33.83,33.92,33.82,33.92,15347
2012-07-06 13:15:00,33.91,33.92,33.86,33.91,20407
2012-07-06 13:30:00,33.91,33.97,33.87,33.9,18874
2012-07-06 13:45:00,33.9099,33.97,33.9,33.9401,27097
2012-07-06 14:00:00,33.96,34.0,33.93,33.95,30188
2012-07-06 14:15:00,33.94,33.95,33.91,33.935,20420
2012-07-06 14:30:00,33.94,33.97,33.89,33.96,24808
2012-07-06 14:45:00,33.95,34.01,33.95,33.98,44462
2012-07-06 15:00:00,33.98,34.01,33.98,34.0,22944
2012-07-06 15:15:00,34.0,34.04,33.97,34.04,33688
2012-07-06 15:30:00,34.03,34.1,34.02,34.1,43528
2012-07-06 15:45:00,34.1,34.14,34.04,34.08,80340
2012-07-06 16:00:00,34.1,34.18,34.09,34.16,174589
2012-07-09 09:45:00,34.19,34.41,34.19,34.22,40122
2012-07-09 10:00:00,34.23,34.24,34.07,34.16,49853
2012-07-09 10:15:00,34.15,34.15,33.9,33.93,43755
2012-07-09 10:30:00,33.91,34.0,33.85,33.97,60904
2012-07-09 10:45:00,33.96,34.07,33.9,34.02,33101
2012-07-09 11:00:00,34.02,34.07,34.01,34.04,44924
2012-07-09 11:15:00,34.04,34.06,34.01,34.04,47418
2012-07-09 11:30:00,34.03,34.05,33.96,33.985,24979
2012-07-09 11:45:00,33.98,34.0,33.89,33.91,21244
2012-07-09 12:00:00,33.9,33.9,33.75,33.75,36415
2012-07-09 12:15:00,33.75,33.76,33.67,33.71,48756
2012-07-09 12:30:00,33.7,33.78,33.68,33.77,27760
2012-07-09 12:45:00,33.78,33.81,33.71,33.71,42329
2012-07-09 13:00:00,33.72,33.79,33.65,33.65,60248
2012-07-09 13:15:00,33.65,33.7299,33.61,33.7299,26791
2012-07-09 13:30:00,33.73,33.85,33.72,33.85,22697
2012-07-09 13:45:00,33.87,33.95,33.84,33.89,26702
2012-07-09 14:00:00,33.9,33.92,33.83,33.84,24671
2012-07-09 14:15:00,33.835,33.87,33.83,33.84,25155
2012-07-09 14:30:00,33.84,33.845,33.78,33.82,18547
2012-07-09 14:45:00,33.825,33.83,33.78,33.78,28465
2012-07-09 15:00:00,33.79,33.86,33.77,33.85,35196
2012-07-09 15:15:00,33.85,33.92,33.8,33.89,33127
2012-07-09 15:30:00,33.8886,33.93,33.87,33.92,57909
2012-07-09 15:45:00,33.9109,33.95,33.89,33.9,51343
2012-07-09 16:00:00,33.905,34.005,33.9,33.97,182130
2012-07-10 09:45:00,34.17,34.17,33.97,34.06,31292
2012-07-10 10:00:00,34.07,34.09,33.78,33.8,40774
2012-07-10 10:15:00,33.81,33.85,33.7,33.74,36358
2012-07-10 10:30:00,33.74,33.77,33.64,33.6985,30846
2012-07-10 10:45:00,33.69,33.74,33.65,33.6999,33290
2012-07-10 11:00:00,33.69,33.695,33.505,33.515,102093
2012-07-10 11:15:00,33.51,33.52,33.27,33.36,123899
2012-07-10 11:30:00,33.365,33.585,33.3,33.58,35735
2012-07-10 11:45:00,33.585,33.77,33.58,33.76,56820
2012-07-10 12:00:00,33.76,33.84,33.72,33.72,54826
2012-07-10 12:15:00,33.71,33.74,33.66,33.7,28762
2012-07-10 12:30:00,33.6901,33.73,33.65,33.66,39237
2012-07-10 12:45:00,33.65,33.73,33.65,33.68,22064
2012-07-10 13:00:00,33.68,33.79,33.68,33.74,20227
2012-07-10 13:15:00,33.74,33.8199,33.74,33.81,13522
2012-07-10 13:30:00,33.82,33.885,33.74,33.77,22311
2012-07-10 13:45:00,33.78,33.78,33.69,33.6941,16175
2012-07-10 14:00:00,33.695,33.76,33.68,33.74,23211
2012-07-10 14:15:00,33.74,33.81,33.74,33.78,50998
2012-07-10 14:30:00,33.77,33.77,33.6,33.6,12652
2012-07-10 14:45:00,33.6,33.6,33.53,33.55,18502
2012-07-10 15:00:00,33.56,33.6,33.53,33.56,60359
2012-07-10 15:15:00,33.57,33.6,33.5,33.51,33592
2012-07-10 15:30:00,33.51,33.61,33.51,33.5294,40452
2012-07-10 15:45:00,33.52,33.57,33.51,33.57,51844
2012-07-10 16:00:00,33.56,33.7099,33.52,33.65,211161
2012-07-11 09:45:00,33.79,33.875,33.49,33.81,81414
2012-07-11 10:00:00,33.75,33.86,33.72,33.79,24971
2012-07-11 10:15:00,33.77,33.85,33.7,33.76,32429
2012-07-11 10:30:00,33.75,33.78,33.61,33.62,34848
2012-07-11 10:45:00,33.63,33.64,33.545,33.61,56359
2012-07-11 11:00:00,33.61,33.68,33.43,33.455,63421
2012-07-11 11:15:00,33.45,33.5,33.36,33.36,78408
2012-07-11 11:30:00,33.355,33.41,33.185,33.19,57097
2012-07-11 11:45:00,33.19,33.256,33.17,33.23,20687
2012-07-11 12:00:00,33.23,33.29,33.22,33.23,19356
2012-07-11 12:15:00,33.235,33.34,33.235,33.3,26402
2012-07-11 12:30:00,33.28,33.2899,33.18,33.2,31425
2012-07-11 12:45:00,33.2,33.27,33.16,33.26,22735
2012-07-11 13:00:00,33.26,33.3,33.22,33.29,18004
2012-07-11 13:15:00,33.28,33.36,33.25,33.35,22542
2012-07-11 13:30:00,33.35,33.35,33.29,33.3,27810
2012-07-11 13:45:00,33.31,33.33,33.25,33.31,17785
2012-07-11 14:00:00,33.32,33.39,33.32,33.37,26359
2012-07-11 14:15:00,33.39,33.43,33.22,33.23,40000
2012-07-11 14:30:00,33.23,33.2691,33.14,33.16,16598
2012-07-11 14:45:00,33.16,33.21,33.09,33.205,24125
2012-07-11 15:00:00,33.22,33.28,33.16,33.26,23503
2012-07-11 15:15:00,33.25,33.35,33.25,33.32,36731
2012-07-11 15:30:00,33.32,33.36,33.25,33.29,39209
2012-07-11 15:45:00,33.28,33.45,33.27,33.44,54577
2012-07-11 16:00:00,33.44,33.53,33.42,33.455,120931
2012-07-12 09:45:00,33.28,33.4,33.14,33.15,30760
2012-07-12 10:00:00,33.139,33.23,33.08,33.23,25572
2012-07-12 10:15:00,33.22,33.26,33.13,33.1801,52105
2012-07-12 10:30:00,33.19,33.21,33.1401,33.21,23588
2012-07-12 10:45:00,33.2,33.24,33.16,33.23,37370
2012-07-12 11:00:00,33.22,33.26,33.2,33.22,20999
2012-07-12 11:15:00,33.23,33.26,33.17,33.19,33255
2012-07-12 11:30:00,33.21,33.25,33.145,33.24,42114
2012-07-12 11:45:00,33.24,33.28,33.02,33.06,81427
2012-07-12 12:00:00,33.06,33.1301,33.035,33.06,122786
2012-07-12 12:15:00,33.06,33.1,33.01,33.03,37578
2012-07-12 12:30:00,33.035,33.07,33.01,33.05,69801
2012-07-12 12:45:00,33.05,33.089,33.01,33.0275,42913
2012-07-12 13:00:00,33.03,33.06,33.0,33.05,93857
2012-07-12 13:15:00,33.05,33.08,33.0,33.065,57299
2012-07-12 13:30:00,33.065,33.1,33.01,33.01,42445
2012-07-12 13:45:00,33.0,33.04,32.98,32.99,53370
2012-07-12 14:00:00,32.98,33.0101,32.88,32.89,39585
2012-07-12 14:15:00,32.88,33.01,32.87,32.9399,33726
2012-07-12 14:30:00,32.92,32.93,32.85,32.8501,45830
2012-07-12 14:45:00,32.85,32.96,32.85,32.93,30951
2012-07-12 15:00:00,32.94,32.96,32.88,32.92,30423
2012-07-12 15:15:00,32.92,32.96,32.88,32.958,50923
2012-07-12 15:30:00,32.95,32.999,32.9,32.945,73258
2012-07-12 15:45:00,32.95,32.99,32.9,32.915,123642
2012-07-12 16:00:00,32.93,32.94,32.82,32.87,195762
2012-07-13 09:45:00,32.77,33.02,32.77,32.87,83106
2012-07-13 10:00:00,32.89,32.93,32.745,32.79,55613
2012-07-13 10:15:00,32.78,33.02,32.77,32.855,246502
2012-07-13 10:30:00,32.84,32.865,32.58,32.6,161480
2012-07-13 10:45:00,32.595,32.78,32.5,32.69,258831
2012-07-13 11:00:00,32.68,32.8,32.68,32.71,61178
2012-07-13 11:15:00,32.7,32.72,32.65,32.67,28330
2012-07-13 11:30:00,32.67,32.71,32.655,32.67,17970
2012-07-13 11:45:00,32.68,32.72,32.59,32.5901,66604
2012-07-13 12:00:00,32.6,32.61,32.42,32.44,87087
2012-07-13 12:15:00,32.435,32.62,32.43,32.56,50490
2012-07-13 12:30:00,32.56,32.63,32.51,32.52,96925
2012-07-13 12:45:00,32.52,32.69,32.52,32.68,71031
2012-07-13 13:00:00,32.68,32.76,32.65,32.7399,32206
2012-07-13 13:15:00,32.7345,32.86,32.7345,32.82,44799
2012-07-13 13:30:00,32.811,32.82,32.72,32.75,18375
2012-07-13 13:45:00,32.73,32.829,32.73,32.82,67790
2012-07-13 14:00:00,32.82,32.9029,32.82,32.89,65024
2012-07-13 14:15:00,32.9,32.905,32.83,32.84,38984
2012-07-13 14:30:00,32.83,32.935,32.83,32.9299,22655
2012-07-13 14:45:00,32.93,32.93,32.84,32.885,25225
2012-07-13 15:00:00,32.88,32.92,32.86,32.86,25648
2012-07-13 15:15:00,32.8701,32.9,32.85,32.86,66783
2012-07-13 15:30:00,32.86,32.93,32.84,32.92,85009
2012-07-13 15:45:00,32.92,32.96,32.86,32.92,77628
2012-07-13 16:00:00,32.92,32.97,32.83,32.89,272160
2012-07-16 09:45:00,32.83,32.88,32.72,32.82,35234
2012-07-16 10:00:00,32.8,32.85,32.76,32.77,19201
2012-07-16 10:15:00,32.77,32.84,32.66,32.75,68915
2012-07-16 10:30:00,32.77,32.86,32.73,32.86,44162
2012-07-16 10:45:00,32.86,32.94,32.805,32.86,50569
2012-07-16 11:00:00,32.86,32.89,32.85,32.87,17230
2012-07-16 11:15:00,32.87,32.9,32.82,32.9,25127
2012-07-16 11:30:00,32.9,32.91,32.85,32.86,19350
2012-07-16 11:45:00,32.87,32.88,32.79,32.8,17608
2012-07-16 12:00:00,32.81,32.82,32.77,32.8,10124
2012-07-16 12:15:00,32.8,32.84,32.775,32.7921,15354
2012-07-16 12:30:00,32.78,32.79,32.735,32.77,14960
2012-07-16 12:45:00,32.7799,32.8,32.705,32.72,21634
2012-07-16 13:00:00,32.72,32.74,32.7,32.72,16399
2012-07-16 13:15:00,32.72,32.74,32.685,32.72,25975
2012-07-16 13:30:00,32.71,32.74,32.69,32.74,47484
2012-07-16 13:45:00,32.74,32.76,32.69,32.74,16847
2012-07-16 14:00:00,32.73,32.8,32.69,32.71,33629
2012-07-16 14:15:00,32.7,32.73,32.68,32.69,20790
2012-07-16 14:30:00,32.69,32.74,32.68,32.69,36902
2012-07-16 14:45:00,32.69,32.7,32.52,32.525,58775
2012-07-16 15:00:00,32.525,32.55,32.46,32.53,58814
2012-07-16 15:15:00,32.5401,32.6,32.5,32.56,25880
2012-07-16 15:30:00,32.57,32.59,32.48,32.485,57838
2012-07-16 15:45:00,32.48,32.54,32.31,32.32,145379
2012-07-16 16:00:00,32.31,32.4,32.29,32.35,350794
2012-07-17 09:45:00,33.03,33.35,32.64,33.27,168342
2012-07-17 10:00:00,33.29,33.35,32.89,32.9201,222655
2012-07-17 10:15:00,32.93,33.02,32.66,32.99,170723
2012-07-17 10:30:00,32.98,33.24,32.97,33.22,102059
2012-07-17 10:45:00,33.2,33.23,32.93,33.05,146487
2012-07-17 11:00:00,33.04,33.24,32.995,33.185,66956
2012-07-17 11:15:00,33.18,33.47,33.16,33.44,84499
2012-07-17 11:30:00,33.44,33.44,33.23,33.27,55206
2012-07-17 11:45:00,33.28,33.48,33.24,33.48,80405
2012-07-17 12:00:00,33.49,33.5,33.42,33.5,88188
2012-07-17 12:15:00,33.5,33.67,33.5,33.58,83141
2012-07-17 12:30:00,33.57,33.74,33.57,33.6999,40416
2012-07-17 12:45:00,33.7,33.71,33.64,33.66,72953
2012-07-17 13:00:00,33.66,33.77,33.66,33.7,74972
2012-07-17 13:15:00,33.7,33.71,33.62,33.67,78411
2012-07-17 13:30:00,33.66,33.71,33.5,33.61,161651
2012-07-17 13:45:00,33.6,33.63,33.44,33.51,104555
2012-07-17 14:00:00,33.52,33.53,33.39,33.425,42228
2012-07-17 14:15:00,33.43,33.56,33.42,33.55,33392
2012-07-17 14:30:00,33.55,33.56,33.48,33.5,84579
2012-07-17 14:45:00,33.5,33.53,33.43,33.4799,52339
2012-07-17 15:00:00,33.4799,33.57,33.46,33.505,107864
2012-07-17 15:15:00,33.505,33.52,33.42,33.44,80372
2012-07-17 15:30:00,33.45,33.47,33.33,33.34,62222
2012-07-17 15:45:00,33.34,33.34,33.165,33.17,162050
2012-07-17 16:00:00,33.17,33.29,33.17,33.25,235477
2012-07-18 09:45:00,33.15,33.3099,33.04,33.18,54360
2012-07-18 10:00:00,33.1879,33.1879,33.09,33.1,118300
2012-07-18 10:15:00,33.1,33.19,33.04,33.14,99837
2012-07-18 10:30:00,33.15,33.24,33.14,33.23,31971
2012-07-18 10:45:00,33.23,33.29,33.03,33.285,42631
2012-07-18 11:00:00,33.29,33.32,33.25,33.27,50677
2012-07-18 11:15:00,33.27,33.27,33.08,33.09,52718
2012-07-18 11:30:00,33.085,33.19,33.06,33.15,41340
2012-07-18 11:45:00,33.16,33.26,33.14,33.18,37280
2012-07-18 12:00:00,33.19,33.34,33.18,33.329,46985
2012-07-18 12:15:00,33.328,33.38,33.27,33.3799,57408
2012-07-18 12:30:00,33.38,33.41,33.35,33.36,45398
2012-07-18 12:45:00,33.36,33.45,33.34,33.41,48160
2012-07-18 13:00:00,33.41,33.45,33.34,33.42,35771
2012-07-18 13:15:00,33.43,33.45,33.37,33.42,20507
2012-07-18 13:30:00,33.42,33.5,33.415,33.49,31083
2012-07-18 13:45:00,33.49,33.64,33.484,33.55,68232
2012-07-18 14:00:00,33.55,33.655,33.55,33.61,48688
2012-07-18 14:15:00,33.6,33.625,33.54,33.5499,17722
2012-07-18 14:30:00,33.54,33.6799,33.54,33.57,31844
2012-07-18 14:45:00,33.56,33.56,33.4,33.4,32723
2012-07-18 15:00:00,33.41,33.42,33.3,33.3285,31352
2012-07-18 15:15:00,33.33,33.36,33.27,33.29,38560
2012-07-18 15:30:00,33.29,33.3,33.26,33.2701,48683
2012-07-18 15:45:00,33.2751,33.33,33.2751,33.3,63741
2012-07-18 16:00:00,33.3,33.32,33.25,33.25,170245
2012-07-19 09:45:00,33.5,33.58,33.36,33.4496,82629
2012-07-19 10:00:00,33.44,33.54,33.36,33.54,58897
2012-07-19 10:15:00,33.53,33.54,33.245,33.32,47515
2012-07-19 10:30:00,33.3001,33.38,33.3001,33.35,38426
2012-07-19 10:45:00,33.36,33.44,33.33,33.44,38437
2012-07-19 11:00:00,33.45,33.6399,33.45,33.63,36401
2012-07-19 11:15:00,33.63,33.7,33.63,33.67,39868
2012-07-19 11:30:00,33.67,33.8,33.64,33.8,37385
2012-07-19 11:45:00,33.8,33.88,33.8,33.86,35255
2012-07-19 12:00:00,33.86,33.87,33.69,33.7,72777
2012-07-19 12:15:00,33.7,33.73,33.6,33.635,47036
2012-07-19 12:30:00,33.6355,33.71,33.63,33.63,32487
2012-07-19 12:45:00,33.625,33.6301,33.505,33.58,46678
2012-07-19 13:00:00,33.58,33.66,33.53,33.53,19190
2012-07-19 13:15:00,33.53,33.58,33.53,33.5584,20729
2012-07-19 13:30:00,33.55,33.59,33.52,33.52,32890
2012-07-19 13:45:00,33.52,33.53,33.48,33.51,35607
2012-07-19 14:00:00,33.51,33.51,33.43,33.48,33340
2012-07-19 14:15:00,33.48,33.5925,33.47,33.58,26320
2012-07-19 14:30:00,33.58,33.59,33.49,33.51,36729
2012-07-19 14:45:00,33.51,33.5899,33.49,33.53,40498
2012-07-19 15:00:00,33.54,33.69,33.53,33.68,80245
2012-07-19 15:15:00,33.67,33.71,33.63,33.69,53098
2012-07-19 15:30:00,33.6899,33.73,33.62,33.65,73062
2012-07-19 15:45:00,33.64,33.68,33.59,33.65,104858
2012-07-19 16:00:00,33.65,33.78,33.65,33.71,254431
2012-07-20 09:45:00,33.56,33.99,33.34,33.85,139408
2012-07-20 10:00:00,33.8399,34.0,33.78,33.99,40126
2012-07-20 10:15:00,33.99,34.09,33.86,33.86,97413
2012-07-20 10:30:00,33.88,33.9,33.75,33.83,104375
2012-07-20 10:45:00,33.82,33.83,33.74,33.78,90142
2012-07-20 11:00:00,33.78,33.94,33.67,33.94,75112
2012-07-20 11:15:00,33.93,33.945,33.85,33.91,25039
2012-07-20 11:30:00,33.9,33.955,33.84,33.92,54560
2012-07-20 11:45:00,33.92,33.935,33.83,33.925,31271
2012-07-20 12:00:00,33.92,34.02,33.9,33.99,45948
2012-07-20 12:15:00,33.99,34.04,33.89,33.98,31917
2012-07-20 12:30:00,33.98,34.0,33.9,33.965,30928
2012-07-20 12:45:00,33.97,33.99,33.87,33.97,79607
2012-07-20 13:00:00,33.97,34.0,33.95,33.97,43143
2012-07-20 13:15:00,33.96,33.98,33.83,33.855,49580
2012-07-20 13:30:00,33.85,33.855,33.77,33.78,97731
2012-07-20 13:45:00,33.7801,33.83,33.73,33.74,55872
2012-07-20 14:00:00,33.75,33.77,33.69,33.74,68732
2012-07-20 14:15:00,33.74,33.75,33.67,33.71,82064
2012-07-20 14:30:00,33.72,33.75,33.68,33.72,67588
2012-07-20 14:45:00,33.71,33.8,33.68,33.75,147556
2012-07-20 15:00:00,33.74,33.87,33.74,33.8,72986
2012-07-20 15:15:00,33.8,33.82,33.7,33.71,187684
2012-07-20 15:30:00,33.7,33.77,33.7,33.74,98973
2012-07-20 15:45:00,33.74,33.77,33.65,33.66,162632
2012-07-20 16:00:00,33.66,33.89,33.6,33.86,268618
2012-07-23 09:45:00,35.0,36.46,34.86,35.82,924126
2012-07-23 10:00:00,35.82,35.84,34.95,35.14,704902
2012-07-23 10:15:00,35.15,35.27,34.72,34.99,360831
2012-07-23 10:30:00,34.98,35.04,34.85,34.95,207751
2012-07-23 10:45:00,34.965,35.01,34.84,34.89,191208
2012-07-23 11:00:00,34.89,35.27,34.79,35.05,292227
2012-07-23 11:15:00,35.05,35.24,35.04,35.16,118606
2012-07-23 11:30:00,35.165,35.32,35.02,35.27,114603
2012-07-23 11:45:00,35.255,35.35,35.03,35.03,94578
2012-07-23 12:00:00,35.03,35.17,35.0,35.11,71782
2012-07-23 12:15:00,35.108000000000004,35.39,35.092,35.34,83128
2012-07-23 12:30:00,35.34,35.45,35.24,35.27,70636
2012-07-23 12:45:00,35.26,35.28,35.1,35.11,62617
2012-07-23 13:00:00,35.12,35.185,35.07,35.105,87066
2012-07-23 13:15:00,35.11,35.13,35.07,35.07,78353
2012-07-23 13:30:00,35.078,35.12,35.01,35.04,110912
2012-07-23 13:45:00,35.04,35.1,35.03,35.085,76641
2012-07-23 14:00:00,35.085,35.115,34.95,35.0,123557
2012-07-23 14:15:00,35.0,35.06,34.93,34.99,82194
2012-07-23 14:30:00,34.99,35.25,34.98,35.21,156263
2012-07-23 14:45:00,35.21,35.38,35.2,35.35,64517
2012-07-23 15:00:00,35.35,35.37,35.24,35.26,76697
2012-07-23 15:15:00,35.24,35.27,35.15,35.23,108927
2012-07-23 15:30:00,35.22,35.39,35.22,35.35,136334
2012-07-23 15:45:00,35.35,35.52,35.34,35.465,291429
2012-07-23 16:00:00,35.465,35.47,35.12,35.175,441123
2012-07-24 09:45:00,35.38,35.8,35.11,35.22,118799
2012-07-24 10:00:00,35.22,35.44,35.16,35.32,131080
2012-07-24 10:15:00,35.33,35.36,35.05,35.05,182638
2012-07-24 10:30:00,35.05,35.13,34.98,35.13,73010
2012-07-24 10:45:00,35.13,35.41,35.13,35.41,101870
2012-07-24 11:00:00,35.4,35.42,35.08,35.22,106911
2012-07-24 11:15:00,35.21,35.26,35.16,35.24,56050
2012-07-24 11:30:00,35.24,35.3,35.15,35.15,59199
2012-07-24 11:45:00,35.15,35.155,35.01,35.02,57695
2012-07-24 12:00:00,35.03,35.13,35.0,35.0,45591
2012-07-24 12:15:00,35.0,35.0,34.84,34.86,50527
2012-07-24 12:30:00,34.85,34.88,34.73,34.83,33072
2012-07-24 12:45:00,34.83,34.96,34.76,34.9,27734
2012-07-24 13:00:00,34.9,34.92,34.8,34.85,29779
2012-07-24 13:15:00,34.86,34.93,34.8,34.92,48776
2012-07-24 13:30:00,34.93,35.0,34.86,34.99,39169
2012-07-24 13:45:00,34.99,35.0,34.87,34.88,53308
2012-07-24 14:00:00,34.89,34.99,34.86,34.9,39914
2012-07-24 14:15:00,34.9,34.98,34.88,34.92,48039
2012-07-24 14:30:00,34.93,34.96,34.8,34.81,53487
2012-07-24 14:45:00,34.82,34.92,34.78,34.87,58776
2012-07-24 15:00:00,34.87,34.88,34.79,34.87,84331
2012-07-24 15:15:00,34.87,34.89,34.77,34.81,92227
2012-07-24 15:30:00,34.81,34.92,34.77,34.91,91375
2012-07-24 15:45:00,34.91,35.01,34.7901,34.91,126984
2012-07-24 16:00:00,34.91,35.04,34.83,34.965,259210
2012-07-25 09:45:00,35.12,35.19,34.995,35.01,88538
2012-07-25 10:00:00,35.02,35.03,34.76,34.86,141076
2012-07-25 10:15:00,34.86,34.87,34.75,34.82,65200
2012-07-25 10:30:00,34.82,34.84,34.71,34.73,35576
2012-07-25 10:45:00,34.72,34.76,34.65,34.715,76620
2012-07-25 11:00:00,34.71,34.71,34.58,34.601,67113
2012-07-25 11:15:00,34.6,34.68,34.6,34.67,50969
2012-07-25 11:30:00,34.68,34.755,34.67,34.73,56176
2012-07-25 11:45:00,34.73,34.76,34.68,34.69,70243
2012-07-25 12:00:00,34.69,34.695,34.59,34.65,53798
2012-07-25 12:15:00,34.64,34.68,34.63,34.64,37905
2012-07-25 12:30:00,34.64,34.64,34.565,34.6,39978
2012-07-25 12:45:00,34.6,34.68,34.59,34.68,33804
2012-07-25 13:00:00,34.675,34.75,34.67,34.69,26873
2012-07-25 13:15:00,34.6801,34.77,34.68,34.75,58172
2012-07-25 13:30:00,34.76,34.8,34.7201,34.745,31178
2012-07-25 13:45:00,34.74,34.81,34.7,34.71,42357
2012-07-25 14:00:00,34.71,34.73,34.62,34.73,22456
2012-07-25 14:15:00,34.72,34.75,34.68,34.74,47932
2012-07-25 14:30:00,34.7333,34.79,34.69,34.69,45369
2012-07-25 14:45:00,34.69,34.79,34.68,34.7301,64045
2012-07-25 15:00:00,34.7399,34.77,34.71,34.71,33645
2012-07-25 15:15:00,34.71,34.73,34.66,34.71,54865
2012-07-25 15:30:00,34.71,34.71,34.64,34.7,43571
2012-07-25 15:45:00,34.7,34.71,34.63,34.69,101617
2012-07-25 16:00:00,34.69,34.74,34.62,34.69,128541
2012-07-26 09:45:00,35.11,35.23,34.97,34.97,83944
2012-07-26 10:00:00,34.95,34.99,34.87,34.89,62101
2012-07-26 10:15:00,34.89,34.95,34.85,34.91,55305
2012-07-26 10:30:00,34.91,35.0,34.88,34.94,62209
2012-07-26 10:45:00,34.92,34.96,34.81,34.875,47571
2012-07-26 11:00:00,34.89,34.99,34.87,34.96,41096
2012-07-26 11:15:00,34.94,34.96,34.83,34.95,29518
2012-07-26 11:30:00,34.95,35.0,34.88,34.97,37935
2012-07-26 11:45:00,34.99,35.0,34.8,34.8314,25098
2012-07-26 12:00:00,34.83,34.88,34.75,34.8133,38006
2012-07-26 12:15:00,34.81,34.87,34.79,34.84,52358
2012-07-26 12:30:00,34.83,34.85,34.76,34.775,35259
2012-07-26 12:45:00,34.775,34.8004,34.76,34.79,34153
2012-07-26 13:00:00,34.8,34.92,34.76,34.88,95912
2012-07-26 13:15:00,34.87,34.91,34.81,34.89,31968
2012-07-26 13:30:00,34.89,35.01,34.87,34.96,36079
2012-07-26 13:45:00,34.94,35.0,34.9,34.9005,27890
2012-07-26 14:00:00,34.9,34.97,34.9,34.97,17425
2012-07-26 14:15:00,34.979,35.1,34.96,35.08,56252
2012-07-26 14:30:00,35.09,35.1706,35.08,35.17,34939
2012-07-26 14:45:00,35.17,35.26,35.16,35.25,48544
2012-07-26 15:00:00,35.25,35.4,35.22,35.34,75282
2012-07-26 15:15:00,35.34,35.39,35.3,35.37,54244
2012-07-26 15:30:00,35.37,35.38,35.31,35.35,57222
2012-07-26 15:45:00,35.33,35.41,35.32,35.38,70938
2012-07-26 16:00:00,35.38,35.415,35.31,35.33,134991
2012-07-27 09:45:00,35.51,35.64,35.4514,35.52,55809
2012-07-27 10:00:00,35.52,35.82,35.48,35.73,66264
2012-07-27 10:15:00,35.73,35.75,35.55,35.61,68827
2012-07-27 10:30:00,35.61,35.67,35.51,35.51,53428
2012-07-27 10:45:00,35.505,35.69,35.505,35.68,41819
2012-07-27 11:00:00,35.69,35.82,35.63,35.81,75000
2012-07-27 11:15:00,35.81,35.83,35.74,35.82,57562
2012-07-27 11:30:00,35.8,35.9,35.79,35.82,56317
2012-07-27 11:45:00,35.82,35.86,35.75,35.78,40759
2012-07-27 12:00:00,35.79,35.8,35.75,35.7775,32783
2012-07-27 12:15:00,35.78,35.78,35.69,35.69,34013
2012-07-27 12:30:00,35.67,35.77,35.58,35.77,73107
2012-07-27 12:45:00,35.77,35.988,35.77,35.94,107032
2012-07-27 13:00:00,35.94,36.11,35.93,36.03,74681
2012-07-27 13:15:00,36.02,36.02,35.86,35.86,29861
2012-07-27 13:30:00,35.85,36.11,35.8487,36.11,44262
2012-07-27 13:45:00,36.11,36.31,36.1,36.25,119816
2012-07-27 14:00:00,36.232,36.29,36.2,36.26,66234
2012-07-27 14:15:00,36.26,36.27,36.2,36.21,66716
2012-07-27 14:30:00,36.2,36.3,36.19,36.23,84980
2012-07-27 14:45:00,36.24,36.33,36.2185,36.31,68110
2012-07-27 15:00:00,36.3,36.36,36.27,36.31,71249
2012-07-27 15:15:00,36.3,36.35,36.28,36.32,53507
2012-07-27 15:30:00,36.33,36.35,36.27,36.3185,73600
2012-07-27 15:45:00,36.31,36.37,36.284,36.3,164526
2012-07-27 16:00:00,36.31,36.35,36.18,36.25,267581
2012-07-30 09:45:00,35.91,36.13,35.81,35.93,53947
2012-07-30 10:00:00,35.93,35.98,35.805,35.97,39577
2012-07-30 10:15:00,35.98,36.065,35.93,35.97,68063
2012-07-30 10:30:00,35.98,36.01,35.85,35.93,36837
2012-07-30 10:45:00,35.91,35.92,35.78,35.79,50942
2012-07-30 11:00:00,35.79,35.84,35.63,35.65,38480
2012-07-30 11:15:00,35.66,35.77,35.65,35.75,43743
2012-07-30 11:30:00,35.74,35.74,35.59,35.61,25414
2012-07-30 11:45:00,35.61,35.67,35.59,35.62,27461
2012-07-30 12:00:00,35.63,35.7,35.63,35.7,22468
2012-07-30 12:15:00,35.6975,35.7,35.63,35.7,28915
2012-07-30 12:30:00,35.7,35.7125,35.67,35.71,33264
2012-07-30 12:45:00,35.71,35.78,35.68,35.78,19228
2012-07-30 13:00:00,35.79,35.87,35.76,35.86,25898
2012-07-30 13:15:00,35.86,35.91,35.81,35.91,29215
2012-07-30 13:30:00,35.9,35.98,35.89,35.9145,32722
2012-07-30 13:45:00,35.92,35.98,35.895,35.9,21901
2012-07-30 14:00:00,35.895,35.93,35.88,35.891,34085
2012-07-30 14:15:00,35.9,35.96,35.86,35.96,33639
2012-07-30 14:30:00,35.97,36.005,35.92,35.9599,37757
2012-07-30 14:45:00,35.96,36.07,35.9499,36.06,35733
2012-07-30 15:00:00,36.07,36.09,36.02,36.05,65755
2012-07-30 15:15:00,36.05,36.11,36.02,36.08,77477
2012-07-30 15:30:00,36.0784,36.24,36.0784,36.24,85806
2012-07-30 15:45:00,36.23,36.36,36.22,36.34,283564
2012-07-30 16:00:00,36.34,36.37,36.24,36.27,287624
2012-07-31 09:45:00,36.5,36.57,36.052,36.51,77975
2012-07-31 10:00:00,36.51,36.51,36.16,36.29,47310
2012-07-31 10:15:00,36.31,36.36,36.1,36.19,47225
2012-07-31 10:30:00,36.19,36.3,36.11,36.13,37497
2012-07-31 10:45:00,36.16,36.21,36.05,36.21,25040
2012-07-31 11:00:00,36.2,36.23,36.07,36.085,29805
2012-07-31 11:15:00,36.1,36.1799,36.03,36.16,25796
2012-07-31 11:30:00,36.15,36.18,36.1,36.17,21207
2012-07-31 11:45:00,36.17,36.23,36.145,36.23,23481
2012-07-31 12:00:00,36.225,36.26,36.19,36.2306,28715
2012-07-31 12:15:00,36.23,36.26,36.095,36.18,38909
2012-07-31 12:30:00,36.18,36.21,36.075,36.08,20882
2012-07-31 12:45:00,36.085,36.085,35.965,35.9775,17166
2012-07-31 13:00:00,35.9727,35.9727,35.88,35.93,24403
2012-07-31 13:15:00,35.93,35.93,35.85,35.89,24200
2012-07-31 13:30:00,35.89,35.97,35.87,35.95,20298
2012-07-31 13:45:00,35.95,35.95,35.8,35.8099,15013
2012-07-31 14:00:00,35.8,35.83,35.78,35.79,17495
2012-07-31 14:15:00,35.79,35.83,35.76,35.805,26174
2012-07-31 14:30:00,35.8,35.84,35.76,35.8302,22419
2012-07-31 14:45:00,35.84,35.86,35.8,35.8301,22604
2012-07-31 15:00:00,35.83,35.94,35.83,35.885,33822
2012-07-31 15:15:00,35.88,35.94,35.855,35.926,37120
2012-07-31 15:30:00,35.93,35.95,35.87,35.885,33958
2012-07-31 15:45:00,35.9,35.91,35.75,35.82,71206
2012-07-31 16:00:00,35.82,35.88,35.78,35.8,137406
2012-08-01 09:45:00,36.16,36.17,35.67,35.67,70585
2012-08-01 10:00:00,35.7,35.91,35.66,35.86,37725
2012-08-01 10:15:00,35.84,36.04,35.79,35.86,57410
2012-08-01 10:30:00,35.86,35.88,35.82,35.85,26998
2012-08-01 10:45:00,35.84,35.86,35.755,35.7625,67530
2012-08-01 11:00:00,35.76,35.87,35.76,35.82,36651
2012-08-01 11:15:00,35.8,35.82,35.65,35.65,19168
2012-08-01 11:30:00,35.65,35.79,35.65,35.79,31265
2012-08-01 11:45:00,35.78,35.85,35.77,35.84,31467
2012-08-01 12:00:00,35.83,35.87,35.79,35.81,18709
2012-08-01 12:15:00,35.79,35.8294,35.75,35.75,31631
2012-08-01 12:30:00,35.75,35.8,35.7329,35.78,23976
2012-08-01 12:45:00,35.7899,35.8,35.75,35.8,22129
2012-08-01 13:00:00,35.8,35.82,35.785,35.8,23635
2012-08-01 13:15:00,35.83,35.9,35.825,35.85,15195
2012-08-01 13:30:00,35.86,35.86,35.79,35.8,25288
2012-08-01 13:45:00,35.79,35.87,35.78,35.87,30106
2012-08-01 14:00:00,35.87,35.96,35.85,35.86,29462
2012-08-01 14:15:00,35.86,35.92,35.71,35.84,36915
2012-08-01 14:30:00,35.85,35.93,35.71,35.93,47995
2012-08-01 14:45:00,35.93,35.93,35.8,35.83,27870
2012-08-01 15:00:00,35.81,35.86,35.75,35.84,38122
2012-08-01 15:15:00,35.84,35.96,35.83,35.887,46343
2012-08-01 15:30:00,35.8601,35.88,35.8,35.88,52685
2012-08-01 15:45:00,35.88,35.89,35.74,35.74,107156
2012-08-01 16:00:00,35.75,35.79,35.65,35.66,138410
2012-08-02 09:45:00,35.65,35.65,35.39,35.47,60200
2012-08-02 10:00:00,35.48,35.6,35.47,35.57,46629
2012-08-02 10:15:00,35.55,35.72,35.52,35.58,41821
2012-08-02 10:30:00,35.6,35.68,35.53,35.64,59609
2012-08-02 10:45:00,35.655,35.67,35.49,35.56,70527
2012-08-02 11:00:00,35.56,35.62,35.43,35.45,38043
2012-08-02 11:15:00,35.45,35.5,35.29,35.35,61730
2012-08-02 11:30:00,35.35,35.36,35.23,35.35,56465
2012-08-02 11:45:00,35.34,35.35,35.1001,35.13,36487
2012-08-02 12:00:00,35.14,35.2,35.084,35.2,36202
2012-08-02 12:15:00,35.21,35.27,35.15,35.15,28925
2012-08-02 12:30:00,35.14,35.185,35.08,35.08,26422
2012-08-02 12:45:00,35.08,35.15,35.01,35.15,35835
2012-08-02 13:00:00,35.15,35.2,35.13,35.195,35557
2012-08-02 13:15:00,35.192,35.205,35.14,35.17,33304
2012-08-02 13:30:00,35.16,35.18,35.12,35.17,33198
2012-08-02 13:45:00,35.16,35.24,35.16,35.24,49180
2012-08-02 14:00:00,35.23,35.235,35.11,35.11,31352
2012-08-02 14:15:00,35.1,35.18,35.09,35.14,29101
2012-08-02 14:30:00,35.15,35.225,35.12,35.21,30539
2012-08-02 14:45:00,35.205,35.33,35.19,35.27,39382
2012-08-02 15:00:00,35.28,35.29,35.18,35.22,36900
2012-08-02 15:15:00,35.23,35.3,35.23,35.28,43538
2012-08-02 15:30:00,35.28,35.33,35.23,35.31,61703
2012-08-02 15:45:00,35.31,35.355,35.26,35.34,104630
2012-08-02 16:00:00,35.34,35.405,35.32,35.36,165951
2012-08-03 09:45:00,35.92,35.99,35.6,35.96,53088
2012-08-03 10:00:00,35.97,36.27,35.96,36.2401,69947
2012-08-03 10:15:00,36.27,36.31,36.14,36.2,44734
2012-08-03 10:30:00,36.2,36.225,36.08,36.14,29695
2012-08-03 10:45:00,36.14,36.17,36.06,36.08,18478
2012-08-03 11:00:00,36.080999999999996,36.107,36.01,36.06,18150
2012-08-03 11:15:00,36.08,36.13,36.01,36.13,15650
2012-08-03 11:30:00,36.13,36.13,36.07,36.12,16451
2012-08-03 11:45:00,36.1,36.14,36.02,36.05,16113
2012-08-03 12:00:00,36.06,36.06,35.94,36.05,17257
2012-08-03 12:15:00,36.07,36.0935,36.01,36.015,26898
2012-08-03 12:30:00,36.015,36.11,36.01,36.08,17638
2012-08-03 12:45:00,36.11,36.11,36.0101,36.0445,14325
2012-08-03 13:00:00,36.0495,36.065,35.99,35.99,12991
2012-08-03 13:15:00,35.99,36.0,35.95,35.9932,16238
2012-08-03 13:30:00,35.99,36.0,35.92,35.92,16646
2012-08-03 13:45:00,35.92,35.952,35.89,35.9,113608
2012-08-03 14:00:00,35.88,35.97,35.88,35.93,36794
2012-08-03 14:15:00,35.9591,36.03,35.95,36.02,15612
2012-08-03 14:30:00,36.01,36.06,36.01,36.04,28746
2012-08-03 14:45:00,36.04,36.11,36.03,36.11,43454
2012-08-03 15:00:00,36.11,36.11,36.04,36.055,41758
2012-08-03 15:15:00,36.05,36.13,36.03,36.0699,53745
2012-08-03 15:30:00,36.07,36.07,35.95,35.97,110345
2012-08-03 15:45:00,35.98,36.02,35.93,35.98,145887
2012-08-03 16:00:00,35.98,36.095,35.98,36.07,150539
2012-08-06 09:45:00,36.23,36.63,36.1,36.6,60639
2012-08-06 10:00:00,36.6,36.6,36.38,36.41,32417
2012-08-06 10:15:00,36.44,36.54,36.42,36.46,43306
2012-08-06 10:30:00,36.45,36.5902,36.45,36.55,44578
2012-08-06 10:45:00,36.58,36.6,36.47,36.48,70029
2012-08-06 11:00:00,36.48,36.57,36.41,36.51,36168
2012-08-06 11:15:00,36.51,36.54,36.48,36.53,46787
2012-08-06 11:30:00,36.54,36.57,36.48,36.48,27245
2012-08-06 11:45:00,36.47,36.55,36.42,36.49,46188
2012-08-06 12:00:00,36.486,36.52,36.46,36.495,22142
2012-08-06 12:15:00,36.495,36.5,36.4,36.47,25403
2012-08-06 12:30:00,36.48,36.52,36.46,36.4782,25078
2012-08-06 12:45:00,36.46,36.53,36.42,36.42,18859
2012-08-06 13:00:00,36.42,36.495,36.36,36.41,21793
2012-08-06 13:15:00,36.41,36.42,36.34,36.38,19206
2012-08-06 13:30:00,36.39,36.44,36.37,36.39,38491
2012-08-06 13:45:00,36.41,36.58,36.39,36.58,98166
2012-08-06 14:00:00,36.575,36.575,36.45,36.49,34367
2012-08-06 14:15:00,36.49,36.5,36.43,36.46,39318
2012-08-06 14:30:00,36.46,36.49,36.4201,36.481,29741
2012-08-06 14:45:00,36.4899,36.5,36.46,36.46,26683
2012-08-06 15:00:00,36.47,36.48,36.37,36.39,28509
2012-08-06 15:15:00,36.39,36.465,36.39,36.43,43712
2012-08-06 15:30:00,36.43,36.47,36.395,36.46,49055
2012-08-06 15:45:00,36.47,36.47,36.4,36.41,97474
2012-08-06 16:00:00,36.41,36.5,36.4,36.46,243456
2012-08-07 09:45:00,36.8,36.99,36.68,36.97,117011
2012-08-07 10:00:00,36.95,36.97,36.915,36.94,49363
2012-08-07 10:15:00,36.95,36.96,36.77,36.78,44331
2012-08-07 10:30:00,36.77,36.82,36.63,36.66,86678
2012-08-07 10:45:00,36.66,36.73,36.59,36.73,64827
2012-08-07 11:00:00,36.74,36.8,36.68,36.78,49148
2012-08-07 11:15:00,36.78,36.79,36.57,36.68,41848
2012-08-07 11:30:00,36.68,36.68,36.54,36.61,41968
2012-08-07 11:45:00,36.62,36.79,36.62,36.79,33979
2012-08-07 12:00:00,36.77,36.88,36.7201,36.86,33914
2012-08-07 12:15:00,36.87,36.88,36.755,36.81,35646
2012-08-07 12:30:00,36.83,36.83,36.71,36.74,26394
2012-08-07 12:45:00,36.75,36.88,36.74,36.83,30744
2012-08-07 13:00:00,36.83,36.91,36.83,36.9,22580
2012-08-07 13:15:00,36.89,36.94,36.89,36.935,32872
2012-08-07 13:30:00,36.91,36.95,36.9,36.91,24503
2012-08-07 13:45:00,36.91,36.945,36.89,36.89,25557
2012-08-07 14:00:00,36.9,36.9,36.82,36.845,32458
2012-08-07 14:15:00,36.85,36.885,36.82,36.86,33653
2012-08-07 14:30:00,36.86,36.88,36.83,36.87,35175
2012-08-07 14:45:00,36.863,36.915,36.855,36.9,34601
2012-08-07 15:00:00,36.89,36.93,36.84,36.84,41333
2012-08-07 15:15:00,36.84,36.8884,36.76,36.7701,47276
2012-08-07 15:30:00,36.77,36.83,36.75,36.8,48903
2012-08-07 15:45:00,36.8,36.85,36.73,36.8099,76660
2012-08-07 16:00:00,36.8,36.81,36.72,36.8,138708
2012-08-08 09:45:00,36.8,37.0,36.6,36.6,52782
2012-08-08 10:00:00,36.6,36.77,36.595,36.72,62385
2012-08-08 10:15:00,36.72,37.02,36.72,36.97,100528
2012-08-08 10:30:00,36.95,37.02,36.78,36.81,31479
2012-08-08 10:45:00,36.83,36.95,36.82,36.89,19882
2012-08-08 11:00:00,36.89,36.96,36.87,36.96,24932
2012-08-08 11:15:00,36.94,36.98,36.8902,36.97,26998
2012-08-08 11:30:00,36.99,37.04,36.88,36.97,50220
2012-08-08 11:45:00,36.95,37.07,36.915,36.93,40715
2012-08-08 12:00:00,36.9301,36.9301,36.84,36.86,15560
2012-08-08 12:15:00,36.84,36.8699,36.82,36.835,19623
2012-08-08 12:30:00,36.83,36.87,36.82,36.83,12087
2012-08-08 12:45:00,36.84,36.9299,36.82,36.8701,85187
2012-08-08 13:00:00,36.87,36.95,36.87,36.9499,12160
2012-08-08 13:15:00,36.9301,36.99,36.9301,36.95,15729
2012-08-08 13:30:00,36.95,36.995,36.89,36.935,29989
2012-08-08 13:45:00,36.95,36.97,36.88,36.93,35487
2012-08-08 14:00:00,36.92,37.0,36.92,36.988,43556
2012-08-08 14:15:00,36.99,36.99,36.87,36.91,11680
2012-08-08 14:30:00,36.89,36.93,36.82,36.9199,13765
2012-08-08 14:45:00,36.92,36.95,36.88,36.92,13270
2012-08-08 15:00:00,36.9101,36.96,36.86,36.9599,18809
2012-08-08 15:15:00,36.96,37.0,36.95,37.0,38392
2012-08-08 15:30:00,37.0,37.05,36.98,36.99,52560
2012-08-08 15:45:00,36.99,37.0,36.96,37.0,69870
2012-08-08 16:00:00,37.0,37.055,36.98,37.03,107989
2012-08-09 09:45:00,37.02,37.86,36.93,37.62,212880
2012-08-09 10:00:00,37.62,38.31,37.61,38.0,315315
2012-08-09 10:15:00,37.9601,38.1,37.89,38.0,110893
2012-08-09 10:30:00,38.0,38.07,37.98,37.99,83710
2012-08-09 10:45:00,37.99,37.995,37.68,37.68,70750
2012-08-09 11:00:00,37.67,37.76,37.65,37.72,50429
2012-08-09 11:15:00,37.7298,37.7298,37.5615,37.5615,16058
2012-08-09 11:30:00,37.56,37.56,37.42,37.45,27018
2012-08-09 11:45:00,37.4402,37.4402,37.32,37.32,22078
2012-08-09 12:00:00,37.3,37.33,37.21,37.28,19089
2012-08-09 12:15:00,37.29,37.41,37.24,37.26,27685
2012-08-09 12:30:00,37.2695,37.2855,37.215,37.215,10980
2012-08-09 12:45:00,37.21,37.23,37.2,37.2,9190
2012-08-09 13:00:00,37.205,37.24,37.17,37.18,19699
2012-08-09 13:15:00,37.19,37.23,37.14,37.17,49671
2012-08-09 13:30:00,37.17,37.185,37.09,37.1,42020
2012-08-09 13:45:00,37.1,37.13,37.085,37.095,15900
2012-08-09 14:00:00,37.106,37.26,37.09,37.25,61540
2012-08-09 14:15:00,37.25,37.34,37.2,37.31,71556
2012-08-09 14:30:00,37.3,37.42,37.3,37.41,59702
2012-08-09 14:45:00,37.41,37.46,37.4,37.4,45462
2012-08-09 15:00:00,37.41,37.47,37.4,37.415,22370
2012-08-09 15:15:00,37.41,37.49,37.4,37.45,64786
2012-08-09 15:30:00,37.46,37.47,37.37,37.42,36057
2012-08-09 15:45:00,37.42,37.45,37.36,37.3796,51906
2012-08-09 16:00:00,37.37,37.41,37.33,37.38,84122
2012-08-10 09:45:00,37.39,37.39,36.58,37.1,52839
2012-08-10 10:00:00,37.1,37.12,36.95,36.96,31620
2012-08-10 10:15:00,36.9799,37.09,36.87,36.99,27098
2012-08-10 10:30:00,36.98,37.01,36.92,36.94,28413
2012-08-10 10:45:00,36.94,37.07,36.94,37.07,26847
2012-08-10 11:00:00,37.07,37.24,37.07,37.23,47609
2012-08-10 11:15:00,37.24,37.4,37.23,37.26,117917
2012-08-10 11:30:00,37.25,37.33,37.23,37.33,21599
2012-08-10 11:45:00,37.34,37.36,37.28,37.35,26971
2012-08-10 12:00:00,37.35,37.43,37.34,37.415,16804
2012-08-10 12:15:00,37.42,37.48,37.4,37.43,29678
2012-08-10 12:30:00,37.42,37.47,37.38,37.42,38864
2012-08-10 12:45:00,37.42,37.43,37.3796,37.43,35846
2012-08-10 13:00:00,37.42,37.47,37.39,37.47,26805
2012-08-10 13:15:00,37.45,37.47,37.4132,37.42,37020
2012-08-10 13:30:00,37.42,37.48,37.35,37.38,39210
2012-08-10 13:45:00,37.38,37.41,37.34,37.39,32474
2012-08-10 14:00:00,37.38,37.43,37.38,37.43,29710
2012-08-10 14:15:00,37.41,37.46,37.4,37.42,38433
2012-08-10 14:30:00,37.41,37.49,37.405,37.46,23119
2012-08-10 14:45:00,37.47,37.5,37.45,37.45,31895
2012-08-10 15:00:00,37.45,37.52,37.44,37.52,21779
2012-08-10 15:15:00,37.52,37.52,37.45,37.47,31890
2012-08-10 15:30:00,37.47,37.54,37.46,37.51,32415
2012-08-10 15:45:00,37.51,37.58,37.49,37.58,63344
2012-08-10 16:00:00,37.58,37.6,37.52,37.56,195438
2012-08-13 09:45:00,37.78,37.84,37.55,37.74,72196
2012-08-13 10:00:00,37.76,37.89,37.73,37.79,46347
2012-08-13 10:15:00,37.78,37.82,37.59,37.746,143015
2012-08-13 10:30:00,37.746,37.75,37.57,37.5971,33919
2012-08-13 10:45:00,37.59,37.6,37.26,37.29,89442
2012-08-13 11:00:00,37.31,37.4595,37.21,37.45,48893
2012-08-13 11:15:00,37.46,37.475,37.35,37.394,20375
2012-08-13 11:30:00,37.38,37.49,37.37,37.47,16584
2012-08-13 11:45:00,37.45,37.54,37.44,37.52,51405
2012-08-13 12:00:00,37.53,37.53,37.44,37.47,12464
2012-08-13 12:15:00,37.47,37.48,37.41,37.4636,16696
2012-08-13 12:30:00,37.47,37.49,37.45,37.4549,8760
2012-08-13 12:45:00,37.46,37.49,37.4,37.43,16994
2012-08-13 13:00:00,37.44,37.49,37.42,37.48,19731
2012-08-13 13:15:00,37.4995,37.5,37.47,37.47,8976
2012-08-13 13:30:00,37.48,37.4985,37.41,37.46,17006
2012-08-13 13:45:00,37.45,37.47,37.415,37.45,17244
2012-08-13 14:00:00,37.45,37.51,37.45,37.51,19087
2012-08-13 14:15:00,37.51,37.52,37.49,37.5,17569
2012-08-13 14:30:00,37.51,37.57,37.5,37.54,21425
2012-08-13 14:45:00,37.54,37.5499,37.52,37.53,7463
2012-08-13 15:00:00,37.52,37.6,37.5,37.58,29383
2012-08-13 15:15:00,37.58,37.58,37.46,37.465,28542
2012-08-13 15:30:00,37.465,37.485,37.43,37.46,48270
2012-08-13 15:45:00,37.46,37.56,37.45,37.54,66973
2012-08-13 16:00:00,37.54,37.58,37.505,37.56,72609
2012-08-14 09:45:00,37.77,37.98,37.53,37.67,55083
2012-08-14 10:00:00,37.67,37.83,37.65,37.65,33549
2012-08-14 10:15:00,37.6301,37.71,37.565,37.63,20900
2012-08-14 10:30:00,37.622,37.638000000000005,37.48,37.558,19621
2012-08-14 10:45:00,37.5599,37.56,37.5,37.5085,17512
2012-08-14 11:00:00,37.5186,37.62,37.5186,37.58,12031
2012-08-14 11:15:00,37.59,37.63,37.57,37.58,25047
2012-08-14 11:30:00,37.5746,37.6,37.55,37.58,24346
2012-08-14 11:45:00,37.59,37.61,37.58,37.6,5141
2012-08-14 12:00:00,37.6,37.6699,37.6,37.64,12160
2012-08-14 12:15:00,37.64,37.65,37.5921,37.63,25849
2012-08-14 12:30:00,37.64,37.68,37.605,37.68,20716
2012-08-14 12:45:00,37.68,37.69,37.57,37.58,25862
2012-08-14 13:00:00,37.58,37.67,37.57,37.63,19124
2012-08-14 13:15:00,37.61,37.64,37.57,37.59,20229
2012-08-14 13:30:00,37.59,37.59,37.5286,37.57,12244
2012-08-14 13:45:00,37.565,37.6,37.56,37.58,22577
2012-08-14 14:00:00,37.57,37.6,37.55,37.59,14122
2012-08-14 14:15:00,37.58,37.61,37.51,37.58,38609
2012-08-14 14:30:00,37.58,37.68,37.57,37.645,25316
2012-08-14 14:45:00,37.65,37.69,37.615,37.645,35315
2012-08-14 15:00:00,37.64,37.68,37.64,37.663000000000004,29293
2012-08-14 15:15:00,37.67,37.7,37.6,37.63,35594
2012-08-14 15:30:00,37.625,37.68,37.62,37.65,34342
2012-08-14 15:45:00,37.66,37.66,37.53,37.55,60797
2012-08-14 16:00:00,37.55,37.65,37.532,37.63,100377
2012-08-15 09:45:00,37.61,37.68,37.52,37.63,50361
2012-08-15 10:00:00,37.63,37.6801,37.57,37.57,19739
2012-08-15 10:15:00,37.58,37.72,37.58,37.7,12305
2012-08-15 10:30:00,37.71,37.74,37.67,37.69,10888
2012-08-15 10:45:00,37.69,37.74,37.67,37.72,24552
2012-08-15 11:00:00,37.73,37.74,37.67,37.69,15268
2012-08-15 11:15:00,37.7,37.771,37.68,37.76,14115
2012-08-15 11:30:00,37.76,37.82,37.75,37.8,16239
2012-08-15 11:45:00,37.8,37.866,37.8,37.84,12370
2012-08-15 12:00:00,37.85,37.92,37.835,37.91,14864
2012-08-15 12:15:00,37.91,37.98,37.91,37.94,20880
2012-08-15 12:30:00,37.9497,37.9614,37.94,37.95,14709
2012-08-15 12:45:00,37.95,38.0,37.92,37.92,24509
2012-08-15 13:00:00,37.93,37.97,37.8999,37.911,29255
2012-08-15 13:15:00,37.92,37.93,37.84,37.89,109291
2012-08-15 13:30:00,37.9,37.935,37.88,37.9225,17677
2012-08-15 13:45:00,37.93,37.95,37.89,37.9,28372
2012-08-15 14:00:00,37.9,37.9,37.68,37.77,53422
2012-08-15 14:15:00,37.77,37.77,37.67,37.75,34126
2012-08-15 14:30:00,37.76,37.8,37.68,37.75,23444
2012-08-15 14:45:00,37.76,37.8,37.75,37.8,22417
2012-08-15 15:00:00,37.8,37.86,37.67,37.82,57167
2012-08-15 15:15:00,37.83,37.855,37.82,37.83,13150
2012-08-15 15:30:00,37.84,37.85,37.74,37.786,32844
2012-08-15 15:45:00,37.78,37.78,37.68,37.71,65300
2012-08-15 16:00:00,37.71,37.74,37.68,37.71,230753
2012-08-16 09:45:00,37.78,38.07,37.71,38.07,85313
2012-08-16 10:00:00,38.07,38.31,38.07,38.24,33064
2012-08-16 10:15:00,38.23,38.24,38.0,38.0,122998
2012-08-16 10:30:00,38.0,38.11,38.0,38.01,117903
2012-08-16 10:45:00,38.01,38.06,37.95,37.975,80375
2012-08-16 11:00:00,37.99,38.01,37.92,37.96,30493
2012-08-16 11:15:00,37.96,37.9699,37.86,37.8799,16555
2012-08-16 11:30:00,37.86,37.92,37.76,37.79,46003
2012-08-16 11:45:00,37.8,37.82,37.66,37.71,60802
2012-08-16 12:00:00,37.73,37.85,37.71,37.81,94970
2012-08-16 12:15:00,37.8,37.85,37.77,37.77,128511
2012-08-16 12:30:00,37.79,37.9,37.79,37.84,9483
2012-08-16 12:45:00,37.847,37.99,37.84,37.97,20348
2012-08-16 13:00:00,37.979,38.02,37.964,38.01,36862
2012-08-16 13:15:00,38.01,38.05,37.98,38.0,9150
2012-08-16 13:30:00,37.99,38.0,37.94,37.98,13121
2012-08-16 13:45:00,37.98,38.02,37.945,37.955,21583
2012-08-16 14:00:00,37.96,37.98,37.935,37.97,19034
2012-08-16 14:15:00,37.97,38.07,37.95,38.05,26918
2012-08-16 14:30:00,38.0525,38.09,38.01,38.085,38401
2012-08-16 14:45:00,38.09,38.15,38.08,38.13,23614
2012-08-16 15:00:00,38.11,38.1199,38.03,38.04,36490
2012-08-16 15:15:00,38.05,38.1,38.04,38.08,32756
2012-08-16 15:30:00,38.08,38.2,38.08,38.195,42825
2012-08-16 15:45:00,38.19,38.26,38.19,38.245,93431
2012-08-16 16:00:00,38.24,38.27,38.18,38.23,126887
2012-08-17 09:45:00,38.3,38.6,37.97,38.15,171429
2012-08-17 10:00:00,38.13,38.34,38.11,38.31,44202
2012-08-17 10:15:00,38.33,38.5,38.3,38.46,21969
2012-08-17 10:30:00,38.47,38.52,38.37,38.37,24972
2012-08-17 10:45:00,38.37,38.46,38.33,38.395,36008
2012-08-17 11:00:00,38.38,38.43,38.36,38.37,42600
2012-08-17 11:15:00,38.3601,38.3601,38.28,38.33,21913
2012-08-17 11:30:00,38.34,38.34,38.23,38.31,26700
2012-08-17 11:45:00,38.3,38.34,38.26,38.32,27052
2012-08-17 12:00:00,38.33,38.36,38.27,38.35,41530
2012-08-17 12:15:00,38.35,38.38,38.27,38.31,47417
2012-08-17 12:30:00,38.32,38.32,38.23,38.26,43923
2012-08-17 12:45:00,38.25,38.28,38.226,38.24,14977
2012-08-17 13:00:00,38.2202,38.24,38.14,38.14,40020
2012-08-17 13:15:00,38.13,38.2301,38.13,38.18,20264
2012-08-17 13:30:00,38.19,38.21,38.13,38.13,50740
2012-08-17 13:45:00,38.12,38.14,38.07,38.1,36719
2012-08-17 14:00:00,38.11,38.11,38.05,38.0692,44268
2012-08-17 14:15:00,38.065,38.21,38.06,38.21,23996
2012-08-17 14:30:00,38.2,38.28,38.18,38.24,14766
2012-08-17 14:45:00,38.24,38.26,38.21,38.24,17608
2012-08-17 15:00:00,38.23,38.2825,38.23,38.275,10652
2012-08-17 15:15:00,38.28,38.31,38.245,38.27,29102
2012-08-17 15:30:00,38.27,38.28,38.22,38.26,24290
2012-08-17 15:45:00,38.26,38.27,38.19,38.23,41309
2012-08-17 16:00:00,38.24,38.25,38.18,38.225,123436
2012-08-20 09:45:00,38.31,38.31,38.0,38.17,41980
2012-08-20 10:00:00,38.15,38.15,37.84,37.84,28594
2012-08-20 10:15:00,37.84,38.01,37.83,37.96,40057
2012-08-20 10:30:00,37.96,38.07,37.94,37.98,116200
2012-08-20 10:45:00,37.97,38.0,37.87,37.94,54913
2012-08-20 11:00:00,37.95,37.97,37.9,37.95,89776
2012-08-20 11:15:00,37.95,37.97,37.93,37.95,40929
2012-08-20 11:30:00,37.95,37.96,37.84,37.85,53694
2012-08-20 11:45:00,37.86,37.86,37.85,37.86,11084
2012-08-20 12:00:00,37.86,37.96,37.77,37.94,46976
2012-08-20 12:15:00,37.95,37.96,37.91,37.94,24531
2012-08-20 12:30:00,37.95,37.96,37.92,37.95,21918
2012-08-20 12:45:00,37.9486,37.9501,37.92,37.95,12010
2012-08-20 13:00:00,37.96,38.03,37.95,38.02,15622
2012-08-20 13:15:00,38.02,38.11,37.99,38.0999,71461
2012-08-20 13:30:00,38.09,38.09,38.01,38.03,18199
2012-08-20 13:45:00,38.04,38.05,37.92,37.94,19551
2012-08-20 14:00:00,37.93,37.9706,37.92,37.95,25747
2012-08-20 14:15:00,37.9555,38.04,37.94,38.0299,23760
2012-08-20 14:30:00,38.0399,38.15,38.0399,38.14,61214
2012-08-20 14:45:00,38.15,38.19,38.09,38.09,21612
2012-08-20 15:00:00,38.1,38.1,38.03,38.06,20414
2012-08-20 15:15:00,38.06,38.06,37.97,37.99,38484
2012-08-20 15:30:00,37.99,38.06,37.98,38.03,41764
2012-08-20 15:45:00,38.04,38.09,38.0,38.05,93238
2012-08-20 16:00:00,38.05,38.13,38.01,38.11,87844
2012-08-21 09:45:00,38.3,38.32,38.07,38.07,44318
2012-08-21 10:00:00,38.086,38.13,38.0,38.04,19347
2012-08-21 10:15:00,38.05,38.14,38.0,38.03,38805
2012-08-21 10:30:00,38.048,38.18,37.83,38.17,123919
2012-08-21 10:45:00,38.18,38.27,38.16,38.2565,22368
2012-08-21 11:00:00,38.27,38.29,38.225,38.29,23569
2012-08-21 11:15:00,38.29,38.32,38.26,38.27,18348
2012-08-21 11:30:00,38.2701,38.31,38.17,38.17,30909
2012-08-21 11:45:00,38.17,38.18,38.06,38.1,10916
2012-08-21 12:00:00,38.09,38.19,38.0764,38.16,12917
2012-08-21 12:15:00,38.13,38.17,38.08,38.16,22318
2012-08-21 12:30:00,38.14,38.155,38.08,38.135,8961
2012-08-21 12:45:00,38.15,38.15,38.07,38.11,6328
2012-08-21 13:00:00,38.11,38.145,38.09,38.14,29101
2012-08-21 13:15:00,38.14,38.14,38.0708,38.09,49702
2012-08-21 13:30:00,38.0845,38.1,38.06,38.07,16306
2012-08-21 13:45:00,38.08,38.12,38.06,38.06,12033
2012-08-21 14:00:00,38.06,38.1,38.05,38.09,18440
2012-08-21 14:15:00,38.09,38.1,38.06,38.08,10529
2012-08-21 14:30:00,38.0855,38.0855,38.02,38.05,14990
2012-08-21 14:45:00,38.05,38.098,37.993,38.03,16368
2012-08-21 15:00:00,38.03,38.09,38.025,38.0401,13194
2012-08-21 15:15:00,38.04,38.05,37.9501,37.955,19414
2012-08-21 15:30:00,37.96,37.97,37.9,37.95,21962
2012-08-21 15:45:00,37.95,38.02,37.94,37.9799,35292
2012-08-21 16:00:00,37.97,38.01,37.92,37.995,74608
2012-08-22 09:45:00,38.04,38.04,37.71,37.815,43058
2012-08-22 10:00:00,37.82,37.9,37.79,37.885,20196
2012-08-22 10:15:00,37.85,37.86,37.76,37.8001,39566
2012-08-22 10:30:00,37.81,37.92,37.78,37.92,15146
2012-08-22 10:45:00,37.91,37.93,37.84,37.9,14636
2012-08-22 11:00:00,37.9,37.905,37.78,37.8118,9661
2012-08-22 11:15:00,37.81,37.84,37.78,37.8,12774
2012-08-22 11:30:00,37.781,37.79,37.72,37.76,10217
2012-08-22 11:45:00,37.76,37.81,37.7,37.81,44974
2012-08-22 12:00:00,37.8,37.8,37.74,37.77,9869
2012-08-22 12:15:00,37.78,37.797,37.68,37.69,25113
2012-08-22 12:30:00,37.69,37.69,37.66,37.68,6600
2012-08-22 12:45:00,37.67,37.71,37.62,37.7,10580
2012-08-22 13:00:00,37.69,37.73,37.69,37.7199,15616
2012-08-22 13:15:00,37.7,37.7,37.66,37.68,6045
2012-08-22 13:30:00,37.68,37.7156,37.665,37.69,14011
2012-08-22 13:45:00,37.7,37.72,37.66,37.72,13902
2012-08-22 14:00:00,37.73,37.75,37.69,37.75,7945
2012-08-22 14:15:00,37.745,37.85,37.73,37.73,20466
2012-08-22 14:30:00,37.72,37.77,37.69,37.73,10810
2012-08-22 14:45:00,37.75,37.82,37.74,37.78,20983
2012-08-22 15:00:00,37.81,37.84,37.78,37.835,22472
2012-08-22 15:15:00,37.82,37.87,37.79,37.79,30195
2012-08-22 15:30:00,37.79,37.8,37.74,37.76,23570
2012-08-22 15:45:00,37.77,37.79,37.71,37.74,43284
2012-08-22 16:00:00,37.75,37.75,37.7,37.73,80358
2012-08-23 09:45:00,37.65,37.73,37.52,37.52,26325
2012-08-23 10:00:00,37.51,37.53,37.3,37.38,33701
2012-08-23 10:15:00,37.38,37.44,37.25,37.26,51571
2012-08-23 10:30:00,37.25,37.35,37.14,37.3,77202
2012-08-23 10:45:00,37.29,37.34,37.21,37.21,33740
2012-08-23 11:00:00,37.23,37.36,37.215,37.3304,42766
2012-08-23 11:15:00,37.33,37.36,37.25,37.33,33818
2012-08-23 11:30:00,37.34,37.37,37.24,37.35,35410
2012-08-23 11:45:00,37.35,37.37,37.3,37.3399,35567
2012-08-23 12:00:00,37.34,37.37,37.29,37.33,51121
2012-08-23 12:15:00,37.33,37.35,37.26,37.29,25762
2012-08-23 12:30:00,37.29,37.3101,37.25,37.255,23684
2012-08-23 12:45:00,37.2599,37.34,37.25,37.33,22170
2012-08-23 13:00:00,37.32,37.35,37.285,37.35,17314
2012-08-23 13:15:00,37.35,37.36,37.215,37.22,24905
2012-08-23 13:30:00,37.21,37.26,37.15,37.2,16636
2012-08-23 13:45:00,37.21,37.325,37.205,37.32,23399
2012-08-23 14:00:00,37.318000000000005,37.32,37.215,37.23,38719
2012-08-23 14:15:00,37.23,37.29,37.21,37.26,25359
2012-08-23 14:30:00,37.26,37.28,37.18,37.22,20142
2012-08-23 14:45:00,37.205,37.28,37.205,37.25,22579
2012-08-23 15:00:00,37.26,37.31,37.25,37.29,24411
2012-08-23 15:15:00,37.297,37.36,37.28,37.3099,34010
2012-08-23 15:30:00,37.31,37.34,37.25,37.3,21396
2012-08-23 15:45:00,37.3,37.3,37.23,37.25,44736
2012-08-23 16:00:00,37.26,37.3,37.22,37.28,66282
2012-08-24 09:45:00,37.09,37.22,37.01,37.05,61405
2012-08-24 10:00:00,37.05,37.08,36.97,37.0,53078
2012-08-24 10:15:00,37.02,37.07,36.97,36.9799,55332
2012-08-24 10:30:00,36.973,37.06,36.96,37.0,106039
2012-08-24 10:45:00,37.01,37.08,36.96,37.05,51110
2012-08-24 11:00:00,37.05,37.09,37.02,37.06,56956
2012-08-24 11:15:00,37.07,37.11,37.04,37.07,53766
2012-08-24 11:30:00,37.07,37.27,37.07,37.19,43097
2012-08-24 11:45:00,37.19,37.21,37.15,37.17,26551
2012-08-24 12:00:00,37.16,37.196999999999996,37.14,37.19,25691
2012-08-24 12:15:00,37.19,37.24,37.185,37.21,18203
2012-08-24 12:30:00,37.22,37.23,37.19,37.22,19380
2012-08-24 12:45:00,37.2,37.26,37.18,37.26,79370
2012-08-24 13:00:00,37.2501,37.27,37.2,37.27,125201
2012-08-24 13:15:00,37.26,37.27,37.22,37.23,31398
2012-08-24 13:30:00,37.23,37.2588,37.23,37.25,10577
2012-08-24 13:45:00,37.24,37.26,37.21,37.26,39021
2012-08-24 14:00:00,37.26,37.27,37.22,37.25,37843
2012-08-24 14:15:00,37.25,37.27,37.23,37.24,49011
2012-08-24 14:30:00,37.25,37.28,37.24,37.24,82054
2012-08-24 14:45:00,37.24,37.25,37.16,37.1699,21582
2012-08-24 15:00:00,37.16,37.195,37.13,37.1871,24779
2012-08-24 15:15:00,37.18,37.2723,37.18,37.27,25487
2012-08-24 15:30:00,37.26,37.325,37.25,37.32,97734
2012-08-24 15:45:00,37.31,37.43,37.31,37.38,105580
2012-08-24 16:00:00,37.4,37.49,37.39,37.48,181926
2012-08-27 09:45:00,37.68,37.91,37.56,37.8,82653
2012-08-27 10:00:00,37.8,37.93,37.76,37.81,207564
2012-08-27 10:15:00,37.81,37.86,37.78,37.8,18330
2012-08-27 10:30:00,37.8,37.88,37.78,37.88,28339
2012-08-27 10:45:00,37.8701,37.97,37.855,37.93,31189
2012-08-27 11:00:00,37.9201,37.99,37.87,37.9,47812
2012-08-27 11:15:00,37.898,37.94,37.81,37.92,89938
2012-08-27 11:30:00,37.91,38.0,37.91,37.98,36165
2012-08-27 11:45:00,37.98,37.99,37.9,37.96,20938
2012-08-27 12:00:00,37.96,37.99,37.93,37.93,13220
2012-08-27 12:15:00,37.93,37.97,37.9,37.96,28161
2012-08-27 12:30:00,37.96,37.98,37.9,37.93,19541
2012-08-27 12:45:00,37.93,37.96,37.9,37.91,10740
2012-08-27 13:00:00,37.9,37.96,37.9,37.91,23528
2012-08-27 13:15:00,37.91,37.91,37.85,37.889,11706
2012-08-27 13:30:00,37.88,37.92,37.83,37.9,46971
2012-08-27 13:45:00,37.9,37.91,37.78,37.805,46885
2012-08-27 14:00:00,37.805,37.85,37.805,37.83,17384
2012-08-27 14:15:00,37.81,37.83,37.77,37.79,12626
2012-08-27 14:30:00,37.79,37.79,37.74,37.75,13627
2012-08-27 14:45:00,37.75,37.81,37.74,37.79,14865
2012-08-27 15:00:00,37.8,37.81,37.77,37.8,17444
2012-08-27 15:15:00,37.8,37.81,37.75,37.77,19372
2012-08-27 15:30:00,37.77,37.78,37.72,37.72,25777
2012-08-27 15:45:00,37.72,37.74,37.63,37.64,54272
2012-08-27 16:00:00,37.64,37.661,37.6,37.66,78086
2012-08-28 09:45:00,37.55,37.61,37.44,37.54,63136
2012-08-28 10:00:00,37.54,37.56,37.28,37.33,56961
2012-08-28 10:15:00,37.31,37.49,37.28,37.46,38398
2012-08-28 10:30:00,37.47,37.59,37.44,37.55,66222
2012-08-28 10:45:00,37.56,37.6,37.38,37.39,46758
2012-08-28 11:00:00,37.39,37.46,37.38,37.38,32616
2012-08-28 11:15:00,37.37,37.42,37.34,37.39,18855
2012-08-28 11:30:00,37.38,37.42,37.345,37.42,16793
2012-08-28 11:45:00,37.4,37.46,37.37,37.4,44853
2012-08-28 12:00:00,37.41,37.48,37.41,37.46,16457
2012-08-28 12:15:00,37.47,37.5,37.35,37.38,31322
2012-08-28 12:30:00,37.37,37.43,37.37,37.4,20072
2012-08-28 12:45:00,37.4,37.45,37.373000000000005,37.4099,20674
2012-08-28 13:00:00,37.41,37.5,37.4,37.49,19799
2012-08-28 13:15:00,37.49,37.66,37.42,37.65,293874
2012-08-28 13:30:00,37.65,37.73,37.63,37.65,28258
2012-08-28 13:45:00,37.634,37.66,37.57,37.59,10013
2012-08-28 14:00:00,37.5885,37.61,37.51,37.594,28211
2012-08-28 14:15:00,37.6,37.62,37.55,37.584,25774
2012-08-28 14:30:00,37.5999,37.62,37.56,37.62,21949
2012-08-28 14:45:00,37.62,37.63,37.56,37.56,13648
2012-08-28 15:00:00,37.57,37.57,37.51,37.55,28109
2012-08-28 15:15:00,37.56,37.61,37.54,37.61,28231
2012-08-28 15:30:00,37.61,37.65,37.53,37.53,100931
2012-08-28 15:45:00,37.5203,37.575,37.51,37.55,34044
2012-08-28 16:00:00,37.55,37.55,37.48,37.48,57680
2012-08-29 09:45:00,37.43,37.72,37.42,37.455,70256
2012-08-29 10:00:00,37.46,37.53,37.37,37.41,86475
2012-08-29 10:15:00,37.41,37.49,37.38,37.46,142242
2012-08-29 10:30:00,37.45,37.46,37.29,37.41,77406
2012-08-29 10:45:00,37.41,37.49,37.3685,37.41,71739
2012-08-29 11:00:00,37.39,37.48,37.35,37.39,83621
2012-08-29 11:15:00,37.39,37.43,37.26,37.28,42008
2012-08-29 11:30:00,37.27,37.41,37.26,37.39,23425
2012-08-29 11:45:00,37.41,37.6,37.41,37.56,26208
2012-08-29 12:00:00,37.55,37.59,37.53,37.5409,6904
2012-08-29 12:15:00,37.55,37.56,37.51,37.52,20970
2012-08-29 12:30:00,37.51,37.63,37.51,37.61,13200
2012-08-29 12:45:00,37.6,37.65,37.57,37.62,10350
2012-08-29 13:00:00,37.63,37.69,37.59,37.66,34988
2012-08-29 13:15:00,37.64,37.73,37.61,37.71,32373
2012-08-29 13:30:00,37.72,37.74,37.68,37.68,17513
2012-08-29 13:45:00,37.69,37.71,37.65,37.68,30182
2012-08-29 14:00:00,37.69,37.7,37.62,37.65,8362
2012-08-29 14:15:00,37.69,37.72,37.64,37.72,34881
2012-08-29 14:30:00,37.72,37.74,37.68,37.72,34110
2012-08-29 14:45:00,37.715,37.72,37.66,37.67,25799
2012-08-29 15:00:00,37.67,37.7,37.6,37.6,32535
2012-08-29 15:15:00,37.61,37.62,37.56,37.6199,16282
2012-08-29 15:30:00,37.61,37.65,37.6,37.61,17977
2012-08-29 15:45:00,37.61,37.66,37.58,37.6,32649
2012-08-29 16:00:00,37.59,37.6,37.45,37.485,102201
2012-08-30 09:45:00,37.46,37.48,37.27,37.27,164930
2012-08-30 10:00:00,37.28,37.32,37.06,37.065,34354
2012-08-30 10:15:00,37.065,37.16,37.02,37.125,42695
2012-08-30 10:30:00,37.13,37.18,37.07,37.15,76456
2012-08-30 10:45:00,37.1499,37.28,37.12,37.225,59273
2012-08-30 11:00:00,37.23,37.34,37.18,37.2903,55010
2012-08-30 11:15:00,37.3199,37.33,37.25,37.31,30473
2012-08-30 11:30:00,37.305,37.36,37.29,37.34,36268
2012-08-30 11:45:00,37.34,37.45,37.31,37.39,36251
2012-08-30 12:00:00,37.4,37.42,37.36,37.36,16976
2012-08-30 12:15:00,37.36,37.42,37.34,37.35,13610
2012-08-30 12:30:00,37.37,37.4,37.31,37.36,56925
2012-08-30 12:45:00,37.38,37.44,37.37,37.39,111568
2012-08-30 13:00:00,37.39,37.4,37.35,37.35,23249
2012-08-30 13:15:00,37.35,37.53,37.33,37.52,47403
2012-08-30 13:30:00,37.53,37.58,37.46,37.52,17208
2012-08-30 13:45:00,37.52,37.54,37.46,37.53,13069
2012-08-30 14:00:00,37.52,37.52,37.49,37.51,13579
2012-08-30 14:15:00,37.51,37.59,37.5,37.52,20839
2012-08-30 14:30:00,37.53,37.55,37.49,37.51,23057
2012-08-30 14:45:00,37.51,37.52,37.45,37.46,33175
2012-08-30 15:00:00,37.47,37.55,37.46,37.53,16362
2012-08-30 15:15:00,37.52,37.54,37.46,37.46,14612
2012-08-30 15:30:00,37.47,37.47,37.39,37.41,19367
2012-08-30 15:45:00,37.42,37.48,37.39,37.4,30730
2012-08-30 16:00:00,37.4,37.41,37.35,37.39,98477
2012-08-31 09:45:00,37.65,37.87,37.56,37.63,68877
2012-08-31 10:00:00,37.64,37.68,37.58,37.65,9511
2012-08-31 10:15:00,37.64,37.69,37.37,37.46,32831
2012-08-31 10:30:00,37.46,37.65,37.44,37.57,13758
2012-08-31 10:45:00,37.59,37.68,37.53,37.615,35145
2012-08-31 11:00:00,37.63,37.8,37.57,37.719,26645
2012-08-31 11:15:00,37.72,37.78,37.67,37.7,37081
2012-08-31 11:30:00,37.71,37.75,37.66,37.68,35399
2012-08-31 11:45:00,37.67,37.75,37.665,37.73,34612
2012-08-31 12:00:00,37.73,37.74,37.64,37.64,11020
2012-08-31 12:15:00,37.63,37.69,37.5,37.53,23476
2012-08-31 12:30:00,37.53,37.58,37.48,37.56,11574
2012-08-31 12:45:00,37.54,37.63,37.52,37.6,11614
2012-08-31 13:00:00,37.59,37.65,37.58,37.61,8811
2012-08-31 13:15:00,37.6,37.64,37.48,37.51,19985
2012-08-31 13:30:00,37.54,37.61,37.52,37.56,8490
2012-08-31 13:45:00,37.58,37.6,37.54,37.57,12797
2012-08-31 14:00:00,37.575,37.66,37.54,37.64,31905
2012-08-31 14:15:00,37.63,37.65,37.61,37.64,10545
2012-08-31 14:30:00,37.65,37.7001,37.62,37.68,24471
2012-08-31 14:45:00,37.68,37.7,37.64,37.64,11118
2012-08-31 15:00:00,37.64,37.66,37.6,37.66,21433
2012-08-31 15:15:00,37.6593,37.6593,37.57,37.61,18244
2012-08-31 15:30:00,37.6,37.63,37.57,37.6,17272
2012-08-31 15:45:00,37.6,37.61,37.53,37.53,22654
2012-08-31 16:00:00,37.54,37.59,37.5,37.51,97057
2012-09-04 09:45:00,37.48,37.48,37.3275,37.3275,44904
2012-09-04 10:00:00,37.35,37.53,37.35,37.45,19095
2012-09-04 10:15:00,37.45,37.48,37.31,37.338,41472
2012-09-04 10:30:00,37.33,37.338,37.1,37.11,56670
2012-09-04 10:45:00,37.11,37.28,37.1,37.25,44507
2012-09-04 11:00:00,37.24,37.28,37.11,37.115,62545
2012-09-04 11:15:00,37.11,37.13,37.0,37.0,25305
2012-09-04 11:30:00,37.0,37.005,36.86,36.865,48761
2012-09-04 11:45:00,36.86,36.93,36.84,36.885,30031
2012-09-04 12:00:00,36.87,36.98,36.85,36.95,33167
2012-09-04 12:15:00,36.94,36.945,36.83,36.86,36363
2012-09-04 12:30:00,36.87,36.93,36.85,36.9,40288
2012-09-04 12:45:00,36.9,36.9,36.83,36.9,16917
2012-09-04 13:00:00,36.9,36.99,36.88,36.97,23150
2012-09-04 13:15:00,36.96,36.97,36.88,36.89,20250
2012-09-04 13:30:00,36.9,36.92,36.87,36.88,19796
2012-09-04 13:45:00,36.88,36.93,36.87,36.93,26664
2012-09-04 14:00:00,36.93,36.98,36.9,36.96,61614
2012-09-04 14:15:00,36.97,37.01,36.91,36.98,44938
2012-09-04 14:30:00,36.98,37.06,36.9501,37.06,29579
2012-09-04 14:45:00,37.05,37.24,37.05,37.18,48790
2012-09-04 15:00:00,37.1835,37.185,37.07,37.09,38474
2012-09-04 15:15:00,37.09,37.16,37.07,37.1,37596
2012-09-04 15:30:00,37.1,37.15,37.09,37.15,48016
2012-09-04 15:45:00,37.15,37.23,37.14,37.17,103455
2012-09-04 16:00:00,37.17,37.21,37.16,37.18,153097
2012-09-05 09:45:00,37.1,37.2,36.75,36.99,47949
2012-09-05 10:00:00,36.97,37.04,36.94,36.95,18913
2012-09-05 10:15:00,36.95,37.03,36.895,36.915,77466
2012-09-05 10:30:00,36.91,36.98,36.88,36.965,22573
2012-09-05 10:45:00,36.99,37.07,36.98,37.05,32039
2012-09-05 11:00:00,37.05,37.07,36.96,36.98,23882
2012-09-05 11:15:00,36.95,37.11,36.95,37.08,48461
2012-09-05 11:30:00,37.08,37.1,37.01,37.09,17500
2012-09-05 11:45:00,37.08,37.13,37.06,37.06,18948
2012-09-05 12:00:00,37.06,37.15,37.05,37.14,29481
2012-09-05 12:15:00,37.135,37.18,37.11,37.13,19745
2012-09-05 12:30:00,37.125,37.17,37.09,37.17,18109
2012-09-05 12:45:00,37.16,37.16,37.13,37.15,13815
2012-09-05 13:00:00,37.15,37.2,37.15,37.18,12690
2012-09-05 13:15:00,37.19,37.2,37.14,37.15,10674
2012-09-05 13:30:00,37.145,37.24,37.14,37.22,44020
2012-09-05 13:45:00,37.22,37.22,37.08,37.0885,8037
2012-09-05 14:00:00,37.08,37.1,37.03,37.09,10125
2012-09-05 14:15:00,37.09,37.12,37.05,37.06,16854
2012-09-05 14:30:00,37.05,37.2,37.05,37.19,19123
2012-09-05 14:45:00,37.18,37.205,37.17,37.17,11920
2012-09-05 15:00:00,37.18,37.19,37.15,37.155,10572
2012-09-05 15:15:00,37.16,37.19,37.12,37.17,35559
2012-09-05 15:30:00,37.16,37.24,37.15,37.22,29844
2012-09-05 15:45:00,37.22,37.22,37.12,37.12,64148
2012-09-05 16:00:00,37.12,37.12,37.09,37.1,71154
2012-09-06 09:45:00,37.33,37.76,37.33,37.56,124946
2012-09-06 10:00:00,37.56,37.78,37.56,37.78,58336
2012-09-06 10:15:00,37.78,38.03,37.7701,37.95,82419
2012-09-06 10:30:00,37.95,37.965,37.8,37.88,18545
2012-09-06 10:45:00,37.86,37.93,37.83,37.9,20391
2012-09-06 11:00:00,37.9,38.0604,37.9,38.04,38147
2012-09-06 11:15:00,38.0203,38.1,37.97,38.0,49683
2012-09-06 11:30:00,37.99,38.0,37.95,38.0,17927
2012-09-06 11:45:00,38.0,38.08,38.0,38.07,25474
2012-09-06 12:00:00,38.07,38.09,38.04,38.09,25704
2012-09-06 12:15:00,38.0845,38.09,38.05,38.08,14954
2012-09-06 12:30:00,38.08,38.15,38.04,38.05,113115
2012-09-06 12:45:00,38.05,38.09,38.03,38.04,9856
2012-09-06 13:00:00,38.04,38.07,38.01,38.02,13871
2012-09-06 13:15:00,38.01,38.03,37.95,37.96,14060
2012-09-06 13:30:00,37.9601,37.965,37.93,37.955,12550
2012-09-06 13:45:00,37.95,37.99,37.93,37.96,13097
2012-09-06 14:00:00,37.9478,37.99,37.94,37.96,17742
2012-09-06 14:15:00,37.95,37.98,37.91,37.98,20225
2012-09-06 14:30:00,37.98,38.0,37.94,37.99,17430
2012-09-06 14:45:00,38.0,38.03,37.96,38.01,13671
2012-09-06 15:00:00,38.0106,38.07,37.995,38.01,27479
2012-09-06 15:15:00,38.0099,38.04,37.97,37.98,76026
2012-09-06 15:30:00,37.99,38.04,37.95,37.96,34046
2012-09-06 15:45:00,37.96,38.04,37.94,37.94,74569
2012-09-06 16:00:00,37.95,38.0,37.92,37.96,177959
2012-09-07 09:45:00,38.09,38.5,37.94,37.99,13302
2012-09-07 10:00:00,38.01,38.12,37.95,37.99,36842
2012-09-07 10:15:00,38.0,38.08,37.96,38.04,21977
2012-09-07 10:30:00,38.045,38.12,38.02,38.05,16197
2012-09-07 10:45:00,38.05,38.12,38.01,38.04,20613
2012-09-07 11:00:00,38.05,38.09,38.02,38.05,37256
2012-09-07 11:15:00,38.06,38.09,38.01,38.07,13989
2012-09-07 11:30:00,38.07,38.07,37.93,37.94,31777
2012-09-07 11:45:00,37.95,37.98,37.86,37.89,12660
2012-09-07 12:00:00,37.89,37.92,37.86,37.87,12623
2012-09-07 12:15:00,37.89,37.93,37.8828,37.92,7961
2012-09-07 12:30:00,37.93,37.94,37.87,37.87,13106
2012-09-07 12:45:00,37.88,37.92,37.86,37.92,12196
2012-09-07 13:00:00,37.91,37.94,37.865,37.9,45770
2012-09-07 13:15:00,37.9,37.92,37.8775,37.91,11409
2012-09-07 13:30:00,37.91,37.92,37.87,37.9,15923
2012-09-07 13:45:00,37.9,37.92,37.87,37.92,14072
2012-09-07 14:00:00,37.9125,37.95,37.91,37.925,11280
2012-09-07 14:15:00,37.93,37.98,37.91,37.96,14735
2012-09-07 14:30:00,37.96,37.97,37.92,37.9266,14432
2012-09-07 14:45:00,37.925,37.96,37.92,37.96,9700
2012-09-07 15:00:00,37.96,37.97,37.8,37.8,31066
2012-09-07 15:15:00,37.8,37.8001,37.68,37.69,50284
2012-09-07 15:30:00,37.6954,37.7,37.61,37.62,49977
2012-09-07 15:45:00,37.63,37.64,37.59,37.6,59512
2012-09-07 16:00:00,37.61,37.67,37.6,37.65,169683
2012-09-10 09:45:00,37.51,37.62,37.33,37.56,88181
2012-09-10 10:00:00,37.57,37.73,37.56,37.73,29580
2012-09-10 10:15:00,37.73,37.73,37.67,37.69,22426
2012-09-10 10:30:00,37.7,37.88,37.7,37.87,49876
2012-09-10 10:45:00,37.86,37.92,37.83,37.8599,31487
2012-09-10 11:00:00,37.86,37.87,37.77,37.8301,112854
2012-09-10 11:15:00,37.84,37.84,37.75,37.83,88372
2012-09-10 11:30:00,37.83,37.84,37.76,37.77,60320
2012-09-10 11:45:00,37.77,37.8,37.76,37.8,53934
2012-09-10 12:00:00,37.8,37.89,37.78,37.89,17369
2012-09-10 12:15:00,37.9,37.97,37.89,37.97,47763
2012-09-10 12:30:00,37.98,37.995,37.93,37.98,36337
2012-09-10 12:45:00,37.98,38.0,37.931,37.97,18010
2012-09-10 13:00:00,37.97,38.0,37.96,37.98,23050
2012-09-10 13:15:00,37.97,37.98,37.93,37.98,22369
2012-09-10 13:30:00,37.98,38.0,37.97,37.9701,22492
2012-09-10 13:45:00,37.97,38.0,37.885,37.92,33741
2012-09-10 14:00:00,37.93,37.99,37.93,37.99,16596
2012-09-10 14:15:00,37.98,38.0,37.96,37.99,16175
2012-09-10 14:30:00,38.0,38.02,37.94,37.95,25950
2012-09-10 14:45:00,37.95,38.0,37.95,37.96,21503
2012-09-10 15:00:00,37.97,38.0,37.95,37.99,25623
2012-09-10 15:15:00,37.99,37.9999,37.93,37.94,37055
2012-09-10 15:30:00,37.95,38.0,37.91,37.98,38527
2012-09-10 15:45:00,37.98,37.99,37.9,37.93,78182
2012-09-10 16:00:00,37.93,37.93,37.82,37.86,125234
2012-09-11 09:45:00,37.87,38.07,37.56,37.6,67610
2012-09-11 10:00:00,37.62,37.99,37.6198,37.96,45825
2012-09-11 10:15:00,37.931,37.931,37.82,37.88,11497
2012-09-11 10:30:00,37.88,37.92,37.86,37.9,33538
2012-09-11 10:45:00,37.9076,37.9076,37.82,37.87,27894
2012-09-11 11:00:00,37.88,38.04,37.88,38.035,24952
2012-09-11 11:15:00,38.03,38.1,38.03,38.1,31473
2012-09-11 11:30:00,38.09,38.149,38.03,38.149,45850
2012-09-11 11:45:00,38.15,38.15,38.07,38.09,22193
2012-09-11 12:00:00,38.09,38.095,38.04,38.05,20806
2012-09-11 12:15:00,38.05,38.06,38.03,38.03,18172
2012-09-11 12:30:00,38.05,38.08,38.05,38.06,17870
2012-09-11 12:45:00,38.07,38.08,38.04,38.04,19629
2012-09-11 13:00:00,38.04,38.08,38.04,38.07,23263
2012-09-11 13:15:00,38.07,38.08,38.06,38.08,25803
2012-09-11 13:30:00,38.08,38.11,38.06,38.095,24021
2012-09-11 13:45:00,38.1,38.2,38.1,38.18,27766
2012-09-11 14:00:00,38.2,38.27,38.18,38.26,35034
2012-09-11 14:15:00,38.25,38.29,38.25,38.28,37370
2012-09-11 14:30:00,38.28,38.37,38.27,38.37,34109
2012-09-11 14:45:00,38.37,38.38,38.34,38.35,63658
2012-09-11 15:00:00,38.35,38.37,38.32,38.37,81483
2012-09-11 15:15:00,38.36,38.4,38.33,38.395,59637
2012-09-11 15:30:00,38.4,38.46,38.39,38.445,87880
2012-09-11 15:45:00,38.44,38.49,38.42,38.47,109917
2012-09-11 16:00:00,38.47,38.59,38.46,38.56,207184
2012-09-12 09:45:00,38.69,38.71,38.57,38.6,145302
2012-09-12 10:00:00,38.6,38.73,38.49,38.54,60545
2012-09-12 10:15:00,38.54,38.63,38.49,38.57,42267
2012-09-12 10:30:00,38.56,38.615,38.53,38.54,48134
2012-09-12 10:45:00,38.53,38.57,38.47,38.5,185339
2012-09-12 11:00:00,38.49,38.5,38.44,38.45,64053
2012-09-12 11:15:00,38.45,38.49,38.44,38.44,19218
2012-09-12 11:30:00,38.435,38.47,38.38,38.45,14505
2012-09-12 11:45:00,38.45,38.52,38.45,38.51,16727
2012-09-12 12:00:00,38.52,38.56,38.5,38.5,42923
2012-09-12 12:15:00,38.51,38.53,38.46,38.5,41895
2012-09-12 12:30:00,38.49,38.58,38.485,38.58,11175
2012-09-12 12:45:00,38.58,38.65,38.5799,38.64,10605
2012-09-12 13:00:00,38.64,38.7,38.63,38.695,13933
2012-09-12 13:15:00,38.69,38.79,38.69,38.78,41771
2012-09-12 13:30:00,38.78,38.81,38.74,38.76,86258
2012-09-12 13:45:00,38.76,38.78,38.71,38.75,58208
2012-09-12 14:00:00,38.74,38.91,38.69,38.82,203657
2012-09-12 14:15:00,38.82,38.98,38.82,38.94,87986
2012-09-12 14:30:00,38.93,38.94,38.8347,38.8595,23957
2012-09-12 14:45:00,38.86,38.865,38.77,38.79,30539
2012-09-12 15:00:00,38.79,38.8,38.75,38.76,24674
2012-09-12 15:15:00,38.77,38.771,38.69,38.715,49288
2012-09-12 15:30:00,38.71,38.72,38.68,38.72,32348
2012-09-12 15:45:00,38.72,38.83,38.71,38.83,38946
2012-09-12 16:00:00,38.83,38.91,38.81,38.86,155807
2012-09-13 09:45:00,38.9,38.99,38.6,38.7,29088
2012-09-13 10:00:00,38.71,38.79,38.66,38.69,16254
2012-09-13 10:15:00,38.7,38.7499,38.68,38.69,14809
2012-09-13 10:30:00,38.68,38.69,38.53,38.58,39677
2012-09-13 10:45:00,38.54,38.75,38.53,38.7299,44476
2012-09-13 11:00:00,38.71,38.74,38.6401,38.6552,8279
2012-09-13 11:15:00,38.65,38.67,38.55,38.56,24831
2012-09-13 11:30:00,38.56,38.57,38.53,38.55,54489
2012-09-13 11:45:00,38.56,38.57,38.54,38.57,15874
2012-09-13 12:00:00,38.57,38.5999,38.55,38.59,10438
2012-09-13 12:15:00,38.5999,38.62,38.59,38.59,15102
2012-09-13 12:30:00,38.59,38.65,38.58,38.59,18586
2012-09-13 12:45:00,38.58,38.87,38.56,38.75,48092
2012-09-13 13:00:00,38.78,38.84,38.75,38.83,21073
2012-09-13 13:15:00,38.84,38.93,38.84,38.87,18511
2012-09-13 13:30:00,38.87,39.0,38.86,38.99,21923
2012-09-13 13:45:00,38.99,39.02,38.95,38.97,30338
2012-09-13 14:00:00,38.97,39.02,38.97,38.9819,14321
2012-09-13 14:15:00,39.0,39.1,38.98,39.1,23424
2012-09-13 14:30:00,39.09,39.2,39.07,39.15,35424
2012-09-13 14:45:00,39.14,39.19,39.09,39.15,59372
2012-09-13 15:00:00,39.15,39.16,39.06,39.105,45807
2012-09-13 15:15:00,39.1,39.14,39.07,39.14,32368
2012-09-13 15:30:00,39.14,39.14,39.07,39.11,31980
2012-09-13 15:45:00,39.13,39.18,39.12,39.16,55600
2012-09-13 16:00:00,39.16,39.19,38.99,39.06,192581
2012-09-14 09:45:00,39.17,39.27,39.05,39.11,77703
2012-09-14 10:00:00,39.06,39.3,38.98,39.25,79861
2012-09-14 10:15:00,39.26,39.57,39.24,39.57,55797
2012-09-14 10:30:00,39.58,39.79,39.57,39.7,212668
2012-09-14 10:45:00,39.7,39.77,39.67,39.69,41537
2012-09-14 11:00:00,39.7,39.7201,39.65,39.7,29705
2012-09-14 11:15:00,39.71,39.76,39.58,39.6299,42849
2012-09-14 11:30:00,39.61,39.75,39.58,39.74,22443
2012-09-14 11:45:00,39.73,39.77,39.69,39.751,13132
2012-09-14 12:00:00,39.75,39.8,39.72,39.77,35400
2012-09-14 12:15:00,39.77,39.7937,39.69,39.72,17854
2012-09-14 12:30:00,39.71,39.72,39.67,39.67,20099
2012-09-14 12:45:00,39.67,39.7,39.66,39.7,15664
2012-09-14 13:00:00,39.7,39.74,39.69,39.71,35974
2012-09-14 13:15:00,39.71,39.73,39.68,39.72,14058
2012-09-14 13:30:00,39.7,39.71,39.66,39.66,25531
2012-09-14 13:45:00,39.68,39.73,39.68,39.71,33590
2012-09-14 14:00:00,39.71,39.8,39.69,39.8,24399
2012-09-14 14:15:00,39.79,39.83,39.78,39.79,31878
2012-09-14 14:30:00,39.79,39.82,39.74,39.74,27345
2012-09-14 14:45:00,39.73,39.76,39.65,39.65,19354
2012-09-14 15:00:00,39.65,39.7,39.64,39.68,47092
2012-09-14 15:15:00,39.69,39.7,39.67,39.69,43157
2012-09-14 15:30:00,39.7,39.7,39.6,39.65,49897
2012-09-14 15:45:00,39.64,39.78,39.61,39.77,93225
2012-09-14 16:00:00,39.77,39.98,39.73,39.96,417087
2012-09-17 09:45:00,38.9,39.3,38.73,39.12,254107
2012-09-17 10:00:00,39.14,39.16,38.825,39.0,125504
2012-09-17 10:15:00,38.99,39.2,38.98,39.15,93641
2012-09-17 10:30:00,39.16,39.21,39.15,39.19,51034
2012-09-17 10:45:00,39.2,39.25,39.02,39.03,76383
2012-09-17 11:00:00,39.03,39.03,38.9401,38.96,23912
2012-09-17 11:15:00,38.96,38.98,38.91,38.97,23478
2012-09-17 11:30:00,38.97,39.09,38.9443,39.06,15721
2012-09-17 11:45:00,39.065,39.11,39.03,39.09,21453
2012-09-17 12:00:00,39.09,39.1,38.98,38.9935,37969
2012-09-17 12:15:00,39.0,39.05,38.98,38.9901,34474
2012-09-17 12:30:00,39.0,39.02,38.975,38.99,34084
2012-09-17 12:45:00,38.99,38.99,38.95,38.985,16780
2012-09-17 13:00:00,38.98,39.08,38.97,39.05,77554
2012-09-17 13:15:00,39.0201,39.0275,38.97,38.9906,33380
2012-09-17 13:30:00,38.99,38.99,38.87,38.89,33293
2012-09-17 13:45:00,38.8865,38.9,38.88,38.8901,17549
2012-09-17 14:00:00,38.89,38.9,38.87,38.89,32461
2012-09-17 14:15:00,38.89,38.92,38.85,38.915,29166
2012-09-17 14:30:00,38.92,38.98,38.92,38.92,19398
2012-09-17 14:45:00,38.9201,38.93,38.84,38.85,28152
2012-09-17 15:00:00,38.855,38.86,38.83,38.86,46879
2012-09-17 15:15:00,38.86,38.91,38.85,38.87,41944
2012-09-17 15:30:00,38.86,38.87,38.79,38.8,33741
2012-09-17 15:45:00,38.8,38.94,38.8,38.94,74202
2012-09-17 16:00:00,38.94,38.99,38.91,38.95,138373
2012-09-18 09:45:00,39.07,39.23,38.86,38.972,71424
2012-09-18 10:00:00,38.97,39.0,38.92,38.96,21495
2012-09-18 10:15:00,38.96,38.96,38.89,38.92,23614
2012-09-18 10:30:00,38.91,38.93,38.88,38.88,9075
2012-09-18 10:45:00,38.89,38.91,38.84,38.9,24636
2012-09-18 11:00:00,38.9,38.95,38.9,38.95,34673
2012-09-18 11:15:00,38.96,39.05,38.96,39.006,20873
2012-09-18 11:30:00,39.0,39.045,39.0,39.016999999999996,14198
2012-09-18 11:45:00,39.01,39.02,38.98,38.99,10885
2012-09-18 12:00:00,38.981,39.03,38.96,38.97,9564
2012-09-18 12:15:00,38.969,38.995,38.93,38.94,9004
2012-09-18 12:30:00,38.94,38.96,38.91,38.94,17931
2012-09-18 12:45:00,38.94,38.96,38.91,38.95,17628
2012-09-18 13:00:00,38.95,38.96,38.91,38.91,7780
2012-09-18 13:15:00,38.92,38.93,38.83,38.85,22315
2012-09-18 13:30:00,38.86,38.88,38.79,38.8,17953
2012-09-18 13:45:00,38.79,38.83,38.78,38.79,17958
2012-09-18 14:00:00,38.79,38.81,38.71,38.73,11953
2012-09-18 14:15:00,38.71,38.73,38.62,38.72,47994
2012-09-18 14:30:00,38.72,38.73,38.67,38.7,23363
2012-09-18 14:45:00,38.69,38.7,38.61,38.64,39399
2012-09-18 15:00:00,38.63,38.66,38.63,38.65,17294
2012-09-18 15:15:00,38.66,38.67,38.63,38.67,22876
2012-09-18 15:30:00,38.67,38.68,38.62,38.64,18956
2012-09-18 15:45:00,38.64,38.72,38.64,38.65,41665
2012-09-18 16:00:00,38.64,38.68,38.62,38.68,104514
2012-09-19 09:45:00,38.01,38.3,37.56,38.05,138189
2012-09-19 10:00:00,38.05,38.175,37.93,37.96,81747
2012-09-19 10:15:00,37.98,38.29,37.95,38.26,63504
2012-09-19 10:30:00,38.26,38.34,38.24,38.34,46207
2012-09-19 10:45:00,38.33,38.35,38.17,38.3,53183
2012-09-19 11:00:00,38.3,38.37,38.28,38.34,18606
2012-09-19 11:15:00,38.3325,38.49,38.33,38.44,22925
2012-09-19 11:30:00,38.44,38.5,38.32,38.32,28271
2012-09-19 11:45:00,38.32,38.37,38.215,38.33,39374
2012-09-19 12:00:00,38.325,38.33,38.275,38.275,19049
2012-09-19 12:15:00,38.28,38.32,38.2699,38.3,29706
2012-09-19 12:30:00,38.3,38.38,38.29,38.38,15236
2012-09-19 12:45:00,38.37,38.38,38.35,38.36,11444
2012-09-19 13:00:00,38.36,38.38,38.35,38.365,8782
2012-09-19 13:15:00,38.36,38.37,38.29,38.33,50201
2012-09-19 13:30:00,38.33,38.34,38.285,38.34,11361
2012-09-19 13:45:00,38.349000000000004,38.39,38.349000000000004,38.3701,7264
2012-09-19 14:00:00,38.37,38.39,38.36,38.36,18578
2012-09-19 14:15:00,38.365,38.41,38.36,38.39,15940
2012-09-19 14:30:00,38.39,38.46,38.38,38.44,13160
2012-09-19 14:45:00,38.43,38.47,38.42,38.44,40823
2012-09-19 15:00:00,38.44,38.49,38.43,38.47,18940
2012-09-19 15:15:00,38.47,38.48,38.445,38.45,21949
2012-09-19 15:30:00,38.46,38.46,38.4,38.4,23589
2012-09-19 15:45:00,38.39,38.42,38.38,38.4,39029
2012-09-19 16:00:00,38.4,38.43,38.38,38.39,83335
2012-09-20 09:45:00,38.38,38.5,37.95,38.0,105548
2012-09-20 10:00:00,38.0,38.05,37.9,37.95,53731
2012-09-20 10:15:00,37.96,38.15,37.96,38.14,61898
2012-09-20 10:30:00,38.14,38.19,38.04,38.06,55824
2012-09-20 10:45:00,38.06,38.19,38.06,38.14,29014
2012-09-20 11:00:00,38.15,38.21,38.09,38.2,45287
2012-09-20 11:15:00,38.2,38.24,38.15,38.18,58313
2012-09-20 11:30:00,38.17,38.24,38.13,38.2,49353
2012-09-20 11:45:00,38.21,38.25,38.2,38.2485,19421
2012-09-20 12:00:00,38.25,38.28,38.23,38.24,15748
2012-09-20 12:15:00,38.2404,38.31,38.22,38.26,27523
2012-09-20 12:30:00,38.26,38.265,38.21,38.22,17607
2012-09-20 12:45:00,38.21,38.22,38.175,38.19,12268
2012-09-20 13:00:00,38.184,38.19,38.13,38.19,16394
2012-09-20 13:15:00,38.18,38.2,38.15,38.16,13116
2012-09-20 13:30:00,38.1699,38.27,38.1534,38.27,44600
2012-09-20 13:45:00,38.27,38.27,38.19,38.22,31234
2012-09-20 14:00:00,38.23,38.25,38.14,38.1668,18184
2012-09-20 14:15:00,38.15,38.18,38.11,38.17,25264
2012-09-20 14:30:00,38.15,38.22,38.12,38.22,22364
2012-09-20 14:45:00,38.21,38.25,38.18,38.24,13577
2012-09-20 15:00:00,38.25,38.25,38.19,38.23,15807
2012-09-20 15:15:00,38.23,38.245,38.21,38.23,21986
2012-09-20 15:30:00,38.22,38.23,38.19,38.22,18928
2012-09-20 15:45:00,38.21,38.23,38.16,38.17,43434
2012-09-20 16:00:00,38.1701,38.21,38.15,38.19,140813
2012-09-21 09:45:00,38.33,38.5,38.31,38.4,156164
2012-09-21 10:00:00,38.39,38.5,38.35,38.37,25007
2012-09-21 10:15:00,38.37,38.5,38.35,38.46,22697
2012-09-21 10:30:00,38.45,38.58,38.43,38.49,42824
2012-09-21 10:45:00,38.48,38.5,38.41,38.43,19256
2012-09-21 11:00:00,38.43,38.44,38.37,38.37,12207
2012-09-21 11:15:00,38.37,38.4102,38.29,38.29,23306
2012-09-21 11:30:00,38.29,38.3,38.24,38.24,22943
2012-09-21 11:45:00,38.2309,38.24,38.141,38.16,35414
2012-09-21 12:00:00,38.16,38.21,38.16,38.19,17395
2012-09-21 12:15:00,38.19,38.21,38.16,38.185,12524
2012-09-21 12:30:00,38.19,38.19,38.13,38.15,14064
2012-09-21 12:45:00,38.15,38.25,38.14,38.25,7918
2012-09-21 13:00:00,38.25,38.25,38.16,38.18,48290
2012-09-21 13:15:00,38.17,38.17,38.08,38.09,16102
2012-09-21 13:30:00,38.09,38.09,38.03,38.03,14050
2012-09-21 13:45:00,38.06,38.13,38.04,38.09,20940
2012-09-21 14:00:00,38.1,38.135,38.09,38.1,15038
2012-09-21 14:15:00,38.09,38.1,38.06,38.0804,13056
2012-09-21 14:30:00,38.075,38.08,38.03,38.03,29166
2012-09-21 14:45:00,38.03,38.06,37.99,38.0,26505
2012-09-21 15:00:00,38.01,38.05,37.98,37.99,23895
2012-09-21 15:15:00,37.99,37.99,37.96,37.98,24301
2012-09-21 15:30:00,37.98,38.0,37.95,37.96,40698
2012-09-21 15:45:00,37.95,38.0,37.94,37.99,52306
2012-09-21 16:00:00,37.99,38.02,37.97,38.02,71079
2012-09-24 09:45:00,37.99,38.0,37.84,37.97,59349
2012-09-24 10:00:00,37.98,38.0,37.9,37.93,44331
2012-09-24 10:15:00,37.94,37.98,37.8629,37.875,45514
2012-09-24 10:30:00,37.87,37.9498,37.83,37.93,27842
2012-09-24 10:45:00,37.93,38.0,37.92,38.0,20137
2012-09-24 11:00:00,38.02,38.14,38.01,38.14,30412
2012-09-24 11:15:00,38.14,38.26,38.14,38.24,51061
2012-09-24 11:30:00,38.24,38.37,38.24,38.37,33676
2012-09-24 11:45:00,38.3765,38.38,38.32,38.33,15122
2012-09-24 12:00:00,38.34,38.41,38.33,38.41,30296
2012-09-24 12:15:00,38.41,38.43,38.4,38.41,15754
2012-09-24 12:30:00,38.42,38.42,38.32,38.33,21106
2012-09-24 12:45:00,38.32,38.32,38.26,38.26,6848
2012-09-24 13:00:00,38.26,38.27,38.23,38.24,19824
2012-09-24 13:15:00,38.26,38.27,38.19,38.19,12603
2012-09-24 13:30:00,38.18,38.18,38.11,38.13,13412
2012-09-24 13:45:00,38.1273,38.1273,38.01,38.015,15478
2012-09-24 14:00:00,38.02,38.08,38.0,38.04,19952
2012-09-24 14:15:00,38.04,38.09,38.04,38.09,20276
2012-09-24 14:30:00,38.08,38.16,38.07,38.1485,30702
2012-09-24 14:45:00,38.1499,38.16,38.11,38.11,58162
2012-09-24 15:00:00,38.12,38.17,38.1,38.16,67079
2012-09-24 15:15:00,38.16,38.17,38.12,38.15,34823
2012-09-24 15:30:00,38.15,38.16,38.13,38.14,26156
2012-09-24 15:45:00,38.13,38.16,38.07,38.07,70811
2012-09-24 16:00:00,38.08,38.14,38.05,38.11,67058
2012-09-25 09:45:00,38.04,38.1,37.86,38.0401,92405
2012-09-25 10:00:00,38.04,38.05,37.79,37.83,41867
2012-09-25 10:15:00,37.85,37.92,37.78,37.79,37140
2012-09-25 10:30:00,37.785,37.83,37.67,37.69,43504
2012-09-25 10:45:00,37.69,37.7,37.62,37.63,40421
2012-09-25 11:00:00,37.64,37.65,37.58,37.6,55973
2012-09-25 11:15:00,37.6,37.68,37.59,37.68,29845
2012-09-25 11:30:00,37.67,37.77,37.66,37.75,12159
2012-09-25 11:45:00,37.74,37.95,37.73,37.94,36646
2012-09-25 12:00:00,37.935,37.99,37.93,37.95,12863
2012-09-25 12:15:00,37.95,37.96,37.91,37.92,10426
2012-09-25 12:30:00,37.9299,37.93,37.85,37.89,10669
2012-09-25 12:45:00,37.88,37.93,37.79,37.81,16679
2012-09-25 13:00:00,37.8,37.87,37.8,37.86,7886
2012-09-25 13:15:00,37.87,37.92,37.825,37.92,7936
2012-09-25 13:30:00,37.91,37.9199,37.8564,37.86,15842
2012-09-25 13:45:00,37.8675,37.915,37.83,37.83,21773
2012-09-25 14:00:00,37.84,37.84,37.78,37.81,20980
2012-09-25 14:15:00,37.8,37.84,37.78,37.84,16536
2012-09-25 14:30:00,37.84,37.86,37.72,37.73,26073
2012-09-25 14:45:00,37.73,37.75,37.72,37.74,32282
2012-09-25 15:00:00,37.735,37.7385,37.565,37.57,49871
2012-09-25 15:15:00,37.57,37.626999999999995,37.521,37.6,33172
2012-09-25 15:30:00,37.6,37.68,37.58,37.66,25968
2012-09-25 15:45:00,37.66,37.67,37.58,37.6,52322
2012-09-25 16:00:00,37.6,37.6,37.5,37.53,132723
2012-09-26 09:45:00,37.81,37.9601,37.6527,37.92,104462
2012-09-26 10:00:00,37.92,37.92,37.72,37.72,38779
2012-09-26 10:15:00,37.76,37.81,37.66,37.66,12339
2012-09-26 10:30:00,37.6699,37.6699,37.51,37.51,28098
2012-09-26 10:45:00,37.51,37.55,37.43,37.4769,53144
2012-09-26 11:00:00,37.45,37.47,37.33,37.33,18498
2012-09-26 11:15:00,37.33,37.3801,37.26,37.3,22669
2012-09-26 11:30:00,37.3,37.41,37.29,37.405,55856
2012-09-26 11:45:00,37.4098,37.5,37.395,37.48,46343
2012-09-26 12:00:00,37.47,37.55,37.461999999999996,37.5499,28377
2012-09-26 12:15:00,37.541,37.57,37.5201,37.55,8780
2012-09-26 12:30:00,37.55,37.55,37.4948,37.5,4841
2012-09-26 12:45:00,37.5001,37.52,37.46,37.5,12634
2012-09-26 13:00:00,37.5,37.58,37.44,37.57,12850
2012-09-26 13:15:00,37.55,37.57,37.51,37.52,12847
2012-09-26 13:30:00,37.5201,37.55,37.49,37.53,25162
2012-09-26 13:45:00,37.529,37.53,37.46,37.47,12858
2012-09-26 14:00:00,37.47,37.48,37.3601,37.4,18747
2012-09-26 14:15:00,37.385,37.45,37.33,37.34,23858
2012-09-26 14:30:00,37.3432,37.35,37.25,37.26,29418
2012-09-26 14:45:00,37.27,37.41,37.22,37.41,62232
2012-09-26 15:00:00,37.41,37.48,37.39,37.48,21414
2012-09-26 15:15:00,37.47,37.47,37.35,37.35,21514
2012-09-26 15:30:00,37.36,37.4,37.32,37.32,37518
2012-09-26 15:45:00,37.32,37.36,37.255,37.36,63814
2012-09-26 16:00:00,37.36,37.36,37.29,37.32,69210
2012-09-27 09:45:00,37.5,37.7,37.43,37.46,30231
2012-09-27 10:00:00,37.46,37.51,37.33,37.39,12201
2012-09-27 10:15:00,37.44,37.44,37.33,37.4,11420
2012-09-27 10:30:00,37.41,37.41,37.32,37.34,12760
2012-09-27 10:45:00,37.35,37.37,37.33,37.35,11487
2012-09-27 11:00:00,37.34,37.37,37.31,37.35,10477
2012-09-27 11:15:00,37.33,37.41,37.31,37.358000000000004,27244
2012-09-27 11:30:00,37.37,37.42,37.32,37.345,21549
2012-09-27 11:45:00,37.36,37.41,37.355,37.38,10113
2012-09-27 12:00:00,37.38,37.49,37.365,37.46,95419
2012-09-27 12:15:00,37.47,37.57,37.4601,37.52,28146
2012-09-27 12:30:00,37.54,37.62,37.5,37.6,19481
2012-09-27 12:45:00,37.6,37.629,37.52,37.55,24838
2012-09-27 13:00:00,37.55,37.57,37.49,37.52,21979
2012-09-27 13:15:00,37.52,37.61,37.5,37.6,13315
2012-09-27 13:30:00,37.59,37.62,37.54,37.565,13817
2012-09-27 13:45:00,37.57,37.5825,37.53,37.53,21629
2012-09-27 14:00:00,37.54,37.5425,37.47,37.51,50902
2012-09-27 14:15:00,37.51,37.57,37.51,37.55,27160
2012-09-27 14:30:00,37.56,37.645,37.555,37.61,21096
2012-09-27 14:45:00,37.6101,37.66,37.6,37.6,16318
2012-09-27 15:00:00,37.61,37.67,37.59,37.59,14503
2012-09-27 15:15:00,37.59,37.65,37.58,37.64,24668
2012-09-27 15:30:00,37.62,37.62,37.57,37.59,24942
2012-09-27 15:45:00,37.59,37.65,37.57,37.64,53249
2012-09-27 16:00:00,37.63,37.69,37.59,37.65,117629
2012-09-28 09:45:00,37.62,37.63,37.5,37.56,27125
2012-09-28 10:00:00,37.53,37.61,37.47,37.58,46402
2012-09-28 10:15:00,37.6297,37.71,37.6199,37.67,25798
2012-09-28 10:30:00,37.67,37.72,37.66,37.7,35702
2012-09-28 10:45:00,37.7,37.79,37.7,37.745,45182
2012-09-28 11:00:00,37.74,37.875,37.74,37.87,24361
2012-09-28 11:15:00,37.88,37.93,37.8465,37.88,25692
2012-09-28 11:30:00,37.88,37.93,37.853,37.853,21027
2012-09-28 11:45:00,37.87,37.97,37.87,37.95,15683
2012-09-28 12:00:00,37.9599,37.99,37.925,37.97,23537
2012-09-28 12:15:00,37.965,38.07,37.965,38.06,28917
2012-09-28 12:30:00,38.06,38.1,38.01,38.01,15432
2012-09-28 12:45:00,38.010999999999996,38.09,38.01,38.045,11129
2012-09-28 13:00:00,38.04,38.09,38.03,38.09,16014
2012-09-28 13:15:00,38.08,38.1,38.05,38.0501,15627
2012-09-28 13:30:00,38.06,38.17,38.04,38.17,24685
2012-09-28 13:45:00,38.17,38.26,38.16,38.235,19260
2012-09-28 14:00:00,38.23,38.23,38.2,38.22,11726
2012-09-28 14:15:00,38.21,38.22,38.1,38.105,12567
2012-09-28 14:30:00,38.11,38.11,38.0347,38.04,20581
2012-09-28 14:45:00,38.03,38.045,37.99,38.0201,22047
2012-09-28 15:00:00,38.03,38.07,38.02,38.06,21177
2012-09-28 15:15:00,38.06,38.07,38.04,38.06,17334
2012-09-28 15:30:00,38.06,38.095,38.0,38.03,31785
2012-09-28 15:45:00,38.03,38.12,38.03,38.11,49963
2012-09-28 16:00:00,38.11,38.28,38.11,38.15,283274
2012-10-01 09:45:00,38.13,38.15,37.64,37.652,88525
2012-10-01 10:00:00,37.65,37.7445,37.63,37.7,46999
2012-10-01 10:15:00,37.7,37.77,37.69,37.705,77378
2012-10-01 10:30:00,37.71,37.75,37.66,37.7,70008
2012-10-01 10:45:00,37.7,37.76,37.68,37.71,82900
2012-10-01 11:00:00,37.7099,37.78,37.68,37.73,119129
2012-10-01 11:15:00,37.75,37.95,37.75,37.95,165934
2012-10-01 11:30:00,37.95,38.0,37.91,37.92,87952
2012-10-01 11:45:00,37.93,37.97,37.92,37.96,19863
2012-10-01 12:00:00,37.961,37.97,37.86,37.87,24073
2012-10-01 12:15:00,37.87,37.92,37.84,37.9,12927
2012-10-01 12:30:00,37.9,37.91,37.87,37.87,58193
2012-10-01 12:45:00,37.875,37.95,37.83,37.94,31358
2012-10-01 13:00:00,37.94,37.97,37.85,37.87,109019
2012-10-01 13:15:00,37.87,37.88,37.77,37.8,26325
2012-10-01 13:30:00,37.8,37.93,37.79,37.93,22103
2012-10-01 13:45:00,37.91,37.925,37.84,37.9,35009
2012-10-01 14:00:00,37.9,37.9895,37.9,37.985,18666
2012-10-01 14:15:00,37.985,38.065,37.98,38.04,55175
2012-10-01 14:30:00,38.04,38.06,37.96,38.02,37344
2012-10-01 14:45:00,38.02,38.06,38.015,38.04,27913
2012-10-01 15:00:00,38.03,38.08,37.99,38.065,102815
2012-10-01 15:15:00,38.07,38.1,37.93,37.93,40615
2012-10-01 15:30:00,37.93,37.97,37.8,37.9,48253
2012-10-01 15:45:00,37.9,37.96,37.86,37.86,67945
2012-10-01 16:00:00,37.88,37.93,37.83,37.93,101372
2012-10-02 09:45:00,37.93,38.19,37.88,37.98,28522
2012-10-02 10:00:00,38.01,38.16,37.9909,38.1,16033
2012-10-02 10:15:00,38.09,38.09,37.87,38.0,9853
2012-10-02 10:30:00,38.01,38.07,38.0,38.02,11142
2012-10-02 10:45:00,38.04,38.06,38.0001,38.0028,12889
2012-10-02 11:00:00,38.01,38.07,37.995,37.995,36762
2012-10-02 11:15:00,38.0,38.05,37.96,38.05,17426
2012-10-02 11:30:00,38.05,38.1,37.97,37.97,7467
2012-10-02 11:45:00,37.98,38.08,37.91,38.0192,24933
2012-10-02 12:00:00,38.02,38.07,38.0,38.045,17724
2012-10-02 12:15:00,38.01,38.07,38.01,38.07,12680
2012-10-02 12:30:00,38.05,38.0999,38.04,38.06,11192
2012-10-02 12:45:00,38.07,38.08,38.025,38.08,8591
2012-10-02 13:00:00,38.08,38.11,38.02,38.03,9448
2012-10-02 13:15:00,38.05,38.08,38.02,38.06,5800
2012-10-02 13:30:00,38.0601,38.1,38.02,38.1,37790
2012-10-02 13:45:00,38.1,38.19,38.08,38.16,13872
2012-10-02 14:00:00,38.16,38.16,38.05,38.1,21896
2012-10-02 14:15:00,38.12,38.16,38.09,38.12,17106
2012-10-02 14:30:00,38.12,38.135,38.06,38.13,560651
2012-10-02 14:45:00,38.12,38.125,38.05,38.07,92193
2012-10-02 15:00:00,38.07,38.07,37.99,38.01,10580
2012-10-02 15:15:00,38.0,38.01,37.89,37.89,78856
2012-10-02 15:30:00,37.8901,37.905,37.84,37.85,48466
2012-10-02 15:45:00,37.84,37.87,37.78,37.78,71205
2012-10-02 16:00:00,37.78,37.83,37.77,37.795,178546
2012-10-03 09:45:00,37.94,38.08,37.66,37.665,46213
2012-10-03 10:00:00,37.67,37.68,37.55,37.57,22957
2012-10-03 10:15:00,37.58,37.6,37.5,37.585,33167
2012-10-03 10:30:00,37.59,37.67,37.585,37.67,38809
2012-10-03 10:45:00,37.67,37.74,37.65,37.71,23752
2012-10-03 11:00:00,37.7044,37.73,37.64,37.67,19080
2012-10-03 11:15:00,37.67,37.71,37.665,37.69,29681
2012-10-03 11:30:00,37.685,37.685,37.47,37.5002,62811
2012-10-03 11:45:00,37.51,37.6,37.45,37.57,40141
2012-10-03 12:00:00,37.56,37.59,37.55,37.58,23751
2012-10-03 12:15:00,37.58,37.59,37.55,37.56,16836
2012-10-03 12:30:00,37.56,37.57,37.53,37.55,24306
2012-10-03 12:45:00,37.55,37.62,37.55,37.62,32374
2012-10-03 13:00:00,37.61,37.65,37.59,37.64,28004
2012-10-03 13:15:00,37.63,37.63,37.58,37.6215,22421
2012-10-03 13:30:00,37.625,37.63,37.58,37.59,23519
2012-10-03 13:45:00,37.59,37.6099,37.45,37.47,24307
2012-10-03 14:00:00,37.4601,37.5,37.45,37.46,21987
2012-10-03 14:15:00,37.46,37.47,37.39,37.4,50700
2012-10-03 14:30:00,37.4,37.4,37.345,37.38,25304
2012-10-03 14:45:00,37.38,37.455,37.38,37.45,21687
2012-10-03 15:00:00,37.45,37.45,37.365,37.42,41826
2012-10-03 15:15:00,37.41,37.42,37.27,37.275,87125
2012-10-03 15:30:00,37.28,37.3,37.2,37.28,100599
2012-10-03 15:45:00,37.28,37.49,37.28,37.48,93351
2012-10-03 16:00:00,37.48,37.49,37.41,37.41,119594
2012-10-04 09:45:00,37.67,38.0,37.55,37.5775,29266
2012-10-04 10:00:00,37.58,37.63,37.53,37.53,26098
2012-10-04 10:15:00,37.53,37.76,37.49,37.76,27395
2012-10-04 10:30:00,37.76,37.82,37.68,37.68,34485
2012-10-04 10:45:00,37.69,37.71,37.63,37.67,43779
2012-10-04 11:00:00,37.67,37.6704,37.5,37.53,29282
2012-10-04 11:15:00,37.54,37.55,37.46,37.47,24176
2012-10-04 11:30:00,37.46,37.48,37.34,37.38,21187
2012-10-04 11:45:00,37.38,37.45,37.36,37.38,26600
2012-10-04 12:00:00,37.37,37.38,37.31,37.32,17460
2012-10-04 12:15:00,37.33,37.37,37.3,37.35,35495
2012-10-04 12:30:00,37.34,37.39,37.3,37.39,54991
2012-10-04 12:45:00,37.39,37.41,37.38,37.38,28266
2012-10-04 13:00:00,37.385,37.4,37.36,37.4,28845
2012-10-04 13:15:00,37.41,37.425,37.4,37.4083,18297
2012-10-04 13:30:00,37.4,37.42,37.39,37.395,23473
2012-10-04 13:45:00,37.4,37.48,37.37,37.47,30322
2012-10-04 14:00:00,37.47,37.48,37.45,37.46,44497
2012-10-04 14:15:00,37.46,37.46,37.38,37.42,48639
2012-10-04 14:30:00,37.42,37.45,37.395,37.43,69350
2012-10-04 14:45:00,37.43,37.535,37.42,37.49,40662
2012-10-04 15:00:00,37.4976,37.5,37.37,37.37,42010
2012-10-04 15:15:00,37.37,37.41,37.37,37.4,30321
2012-10-04 15:30:00,37.405,37.47,37.33,37.33,55851
2012-10-04 15:45:00,37.335,37.46,37.29,37.46,75981
2012-10-04 16:00:00,37.46,37.475,37.41,37.46,135973
2012-10-05 09:45:00,37.64,37.9,37.51,37.85,56964
2012-10-05 10:00:00,37.84,37.88,37.76,37.76,51555
2012-10-05 10:15:00,37.755,37.77,37.64,37.715,60135
2012-10-05 10:30:00,37.715,37.715,37.62,37.64,75422
2012-10-05 10:45:00,37.65,37.67,37.6,37.64,46993
2012-10-05 11:00:00,37.65,37.66,37.585,37.61,35912
2012-10-05 11:15:00,37.6,37.63,37.57,37.63,19543
2012-10-05 11:30:00,37.63,37.6685,37.6,37.63,30699
2012-10-05 11:45:00,37.64,37.73,37.64,37.68,22095
2012-10-05 12:00:00,37.68,37.71,37.67,37.67,24340
2012-10-05 12:15:00,37.68,37.68,37.62,37.66,52480
2012-10-05 12:30:00,37.66,37.72,37.6,37.62,55432
2012-10-05 12:45:00,37.62,37.77,37.59,37.7299,41474
2012-10-05 13:00:00,37.725,37.76,37.69,37.75,12676
2012-10-05 13:15:00,37.75,37.815,37.73,37.815,57484
2012-10-05 13:30:00,37.8125,37.85,37.8,37.8,14372
2012-10-05 13:45:00,37.81,37.95,37.81,37.91,25942
2012-10-05 14:00:00,37.91,37.91,37.82,37.83,49148
2012-10-05 14:15:00,37.83,37.86,37.81,37.85,30703
2012-10-05 14:30:00,37.85,37.87,37.82,37.83,21536
2012-10-05 14:45:00,37.83,37.85,37.78,37.8,11986
2012-10-05 15:00:00,37.81,37.83,37.69,37.7,20740
2012-10-05 15:15:00,37.69,37.7,37.63,37.67,19097
2012-10-05 15:30:00,37.67,37.73,37.67,37.73,47337
2012-10-05 15:45:00,37.73,37.77,37.66,37.69,62760
2012-10-05 16:00:00,37.695,37.79,37.695,37.79,70501
2012-10-08 09:45:00,37.75,37.95,37.69,37.95,73801
2012-10-08 10:00:00,37.96,38.005,37.82,37.99,16980
2012-10-08 10:15:00,37.99,38.13,37.99,38.05,16892
2012-10-08 10:30:00,38.03,38.05,37.97,37.97,12814
2012-10-08 10:45:00,37.97,38.07,37.95,38.07,12013
2012-10-08 11:00:00,38.07,38.2,38.015,38.17,27600
2012-10-08 11:15:00,38.17,38.18,38.06,38.11,49532
2012-10-08 11:30:00,38.12,38.15,38.03,38.09,24997
2012-10-08 11:45:00,38.11,38.15,38.1,38.13,28598
2012-10-08 12:00:00,38.13,38.15,38.11,38.14,17549
2012-10-08 12:15:00,38.14,38.17,38.12,38.15,17167
2012-10-08 12:30:00,38.15,38.17,38.1199,38.1401,15825
2012-10-08 12:45:00,38.15,38.1901,38.145,38.19,16718
2012-10-08 13:00:00,38.17,38.23,38.165,38.23,8246
2012-10-08 13:15:00,38.22,38.24,38.185,38.22,24458
2012-10-08 13:30:00,38.22,38.23,38.08,38.09,11500
2012-10-08 13:45:00,38.07,38.12,38.05,38.12,11901
2012-10-08 14:00:00,38.11,38.13,38.1,38.12,13560
2012-10-08 14:15:00,38.12,38.17,38.115,38.15,15034
2012-10-08 14:30:00,38.15,38.18,38.13,38.14,19264
2012-10-08 14:45:00,38.14,38.15,38.12,38.12,10520
2012-10-08 15:00:00,38.1,38.12,38.09,38.1,16458
2012-10-08 15:15:00,38.1,38.19,38.1,38.19,30275
2012-10-08 15:30:00,38.19,38.2,38.17,38.18,28974
2012-10-08 15:45:00,38.19,38.22,38.17,38.22,53587
2012-10-08 16:00:00,38.21,38.26,38.18,38.24,84777
2012-10-09 09:45:00,38.24,38.36,38.05,38.23,31711
2012-10-09 10:00:00,38.2,38.2,38.04,38.11,17052
2012-10-09 10:15:00,38.11,38.31,38.07,38.27,23578
2012-10-09 10:30:00,38.27,38.33,37.9901,37.9901,14977
2012-10-09 10:45:00,37.99,38.02,37.9,37.9101,18050
2012-10-09 11:00:00,37.91,37.92,37.73,37.79,23157
2012-10-09 11:15:00,37.77,37.79,37.74,37.75,13843
2012-10-09 11:30:00,37.74,37.74,37.64,37.65,16002
2012-10-09 11:45:00,37.64,37.71,37.62,37.69,18579
2012-10-09 12:00:00,37.69,37.71,37.65,37.65,21850
2012-10-09 12:15:00,37.66,37.71,37.62,37.71,22639
2012-10-09 12:30:00,37.7,37.72,37.68,37.6901,10606
2012-10-09 12:45:00,37.69,37.71,37.64,37.64,33041
2012-10-09 13:00:00,37.6301,37.68,37.62,37.65,12781
2012-10-09 13:15:00,37.64,37.66,37.61,37.64,20301
2012-10-09 13:30:00,37.63,37.63,37.52,37.57,33043
2012-10-09 13:45:00,37.579,37.59,37.54,37.58,14015
2012-10-09 14:00:00,37.57,37.6399,37.57,37.59,14563
2012-10-09 14:15:00,37.58,37.605,37.55,37.55,16677
2012-10-09 14:30:00,37.555,37.56,37.47,37.52,44129
2012-10-09 14:45:00,37.515,37.62,37.51,37.62,14071
2012-10-09 15:00:00,37.638000000000005,37.7,37.6125,37.66,19907
2012-10-09 15:15:00,37.66,37.68,37.63,37.67,23029
2012-10-09 15:30:00,37.67,37.68,37.56,37.57,30714
2012-10-09 15:45:00,37.565,37.65,37.53,37.6301,50992
2012-10-09 16:00:00,37.63,37.66,37.55,37.59,161634
2012-10-10 09:45:00,37.56,37.7187,37.48,37.52,19946
2012-10-10 10:00:00,37.55,37.6199,37.41,37.43,14390
2012-10-10 10:15:00,37.44,37.52,37.4,37.51,20593
2012-10-10 10:30:00,37.49,37.64,37.48,37.64,20347
2012-10-10 10:45:00,37.65,37.66,37.52,37.52,15563
2012-10-10 11:00:00,37.53,37.57,37.47,37.47,17797
2012-10-10 11:15:00,37.47,37.55,37.42,37.5,18188
2012-10-10 11:30:00,37.51,37.5125,37.46,37.49,52782
2012-10-10 11:45:00,37.5,37.5,37.42,37.4381,10709
2012-10-10 12:00:00,37.44,37.46,37.41,37.45,13369
2012-10-10 12:15:00,37.44,37.46,37.4005,37.41,54005
2012-10-10 12:30:00,37.4,37.42,37.33,37.34,33274
2012-10-10 12:45:00,37.34,37.42,37.3006,37.395,25539
2012-10-10 13:00:00,37.395,37.45,37.33,37.34,65877
2012-10-10 13:15:00,37.33,37.55,37.31,37.45,120933
2012-10-10 13:30:00,37.47,37.52,37.46,37.48,9741
2012-10-10 13:45:00,37.48,37.5,37.46,37.47,14709
2012-10-10 14:00:00,37.47,37.5,37.42,37.44,11291
2012-10-10 14:15:00,37.45,37.52,37.4,37.41,20318
2012-10-10 14:30:00,37.4,37.45,37.4,37.42,18511
2012-10-10 14:45:00,37.4299,37.44,37.4,37.41,9365
2012-10-10 15:00:00,37.41,37.44,37.38,37.41,18417
2012-10-10 15:15:00,37.41,37.44,37.39,37.43,27795
2012-10-10 15:30:00,37.42,37.42,37.3,37.353,26783
2012-10-10 15:45:00,37.35,37.35,37.24,37.24,50155
2012-10-10 16:00:00,37.25,37.32,37.22,37.32,122313
2012-10-11 09:45:00,37.69,37.785,37.51,37.75,76912
2012-10-11 10:00:00,37.76,37.98,37.745,37.93,27345
2012-10-11 10:15:00,37.95,37.95,37.73,37.84,11914
2012-10-11 10:30:00,37.84,37.84,37.79,37.825,10214
2012-10-11 10:45:00,37.84,37.96,37.84,37.96,16650
2012-10-11 11:00:00,37.96,37.97,37.88,37.88,8984
2012-10-11 11:15:00,37.92,38.0,37.915,37.99,18679
2012-10-11 11:30:00,38.0,38.03,37.93,37.98,25211
2012-10-11 11:45:00,37.95,37.95,37.9,37.94,8259
2012-10-11 12:00:00,37.94,37.95,37.865,37.87,16321
2012-10-11 12:15:00,37.87,37.9,37.8,37.89,40367
2012-10-11 12:30:00,37.89,37.895,37.84,37.88,15474
2012-10-11 12:45:00,37.88,37.91,37.86,37.86,19880
2012-10-11 13:00:00,37.86,37.93,37.85,37.86,38217
2012-10-11 13:15:00,37.8601,37.92,37.85,37.91,35068
2012-10-11 13:30:00,37.9,37.91,37.85,37.86,13423
2012-10-11 13:45:00,37.86,37.88,37.8499,37.85,21476
2012-10-11 14:00:00,37.85,37.88,37.84,37.84,26295
2012-10-11 14:15:00,37.85,37.89,37.83,37.89,17059
2012-10-11 14:30:00,37.89,37.91,37.86,37.87,21204
2012-10-11 14:45:00,37.87,37.93,37.86,37.93,53303
2012-10-11 15:00:00,37.9299,37.93,37.85,37.87,30907
2012-10-11 15:15:00,37.86,37.89,37.86,37.88,33838
2012-10-11 15:30:00,37.88,37.98,37.87,37.98,47913
2012-10-11 15:45:00,37.96,37.97,37.85,37.89,41859
2012-10-11 16:00:00,37.88,37.89,37.8,37.82,64269
2012-10-12 09:45:00,37.96,38.39,37.86,38.24,42030
2012-10-12 10:00:00,38.2,38.525,38.12,38.47,27259
2012-10-12 10:15:00,38.48,38.85,38.47,38.73,102831
2012-10-12 10:30:00,38.74,38.82,38.66,38.72,42246
2012-10-12 10:45:00,38.72,38.97,38.66,38.97,60488
2012-10-12 11:00:00,38.97,38.99,38.77,38.83,130019
2012-10-12 11:15:00,38.82,38.99,38.8,38.845,99127
2012-10-12 11:30:00,38.85,38.92,38.8025,38.8025,60555
2012-10-12 11:45:00,38.8,38.805,38.48,38.53,93777
2012-10-12 12:00:00,38.54,38.56,38.45,38.5,83565
2012-10-12 12:15:00,38.5,38.79,38.49,38.64,125499
2012-10-12 12:30:00,38.64,38.71,38.635,38.67,48683
2012-10-12 12:45:00,38.67,38.71,38.605,38.64,50838
2012-10-12 13:00:00,38.66,38.68,38.575,38.67,47006
2012-10-12 13:15:00,38.66,38.675,38.58,38.65,49129
2012-10-12 13:30:00,38.65,38.68,38.62,38.65,29275
2012-10-12 13:45:00,38.65,38.73,38.56,38.73,94892
2012-10-12 14:00:00,38.72,38.8997,38.72,38.745,86033
2012-10-12 14:15:00,38.74,38.939,38.67,38.92,67512
2012-10-12 14:30:00,38.9097,38.98,38.88,38.92,79126
2012-10-12 14:45:00,38.915,38.915,38.83,38.88,68231
2012-10-12 15:00:00,38.89,38.98,38.855,38.98,84687
2012-10-12 15:15:00,38.97,38.99,38.93,38.96,78667
2012-10-12 15:30:00,38.97,39.12,38.965,39.12,99418
2012-10-12 15:45:00,39.12,39.33,39.11,39.26,219188
2012-10-12 16:00:00,39.26,39.4,39.25,39.3,473743
2012-10-15 09:45:00,38.17,38.33,38.0,38.21,285646
2012-10-15 10:00:00,38.21,38.24,37.85,37.966,321384
2012-10-15 10:15:00,37.95,38.05,37.73,37.99,264613
2012-10-15 10:30:00,37.995,38.1,37.91,38.03,156959
2012-10-15 10:45:00,38.02,38.05,37.93,37.98,132932
2012-10-15 11:00:00,37.98,38.04,37.92,38.0001,87757
2012-10-15 11:15:00,38.0,38.01,37.96,37.995,78720
2012-10-15 11:30:00,37.99,38.09,37.8701,38.05,128427
2012-10-15 11:45:00,38.05,38.06,37.89,37.92,132263
2012-10-15 12:00:00,37.91,37.93,37.82,37.89,60401
2012-10-15 12:15:00,37.89,37.95,37.83,37.88,212647
2012-10-15 12:30:00,37.88,38.005,37.88,37.99,86297
2012-10-15 12:45:00,37.98,37.9879,37.89,37.92,45375
2012-10-15 13:00:00,37.925,37.95,37.84,37.87,56377
2012-10-15 13:15:00,37.85,37.86,37.75,37.77,73201
2012-10-15 13:30:00,37.77,37.77,37.72,37.72,50713
2012-10-15 13:45:00,37.72,37.84,37.72,37.83,69344
2012-10-15 14:00:00,37.8,37.83,37.72,37.72,60835
2012-10-15 14:15:00,37.725,37.76,37.65,37.6692,42520
2012-10-15 14:30:00,37.66,37.77,37.63,37.765,69452
2012-10-15 14:45:00,37.765,37.8,37.63,37.65,114652
2012-10-15 15:00:00,37.635,37.71,37.61,37.6901,55376
2012-10-15 15:15:00,37.7,37.77,37.63,37.75,127477
2012-10-15 15:30:00,37.76,37.96,37.76,37.91,270561
2012-10-15 15:45:00,37.91,37.92,37.68,37.72,205359
2012-10-15 16:00:00,37.72,37.81,37.71,37.72,400590
2012-10-16 09:45:00,38.38,38.495,38.0,38.46,210557
2012-10-16 10:00:00,38.49,38.59,38.44,38.48,95413
2012-10-16 10:15:00,38.48,38.5,38.37,38.3829,60073
2012-10-16 10:30:00,38.37,38.42,38.17,38.2086,86832
2012-10-16 10:45:00,38.2,38.39,38.2,38.35,82541
2012-10-16 11:00:00,38.3501,38.37,38.11,38.13,47594
2012-10-16 11:15:00,38.12,38.26,38.07,38.22,71977
2012-10-16 11:30:00,38.22,38.25,38.05,38.08,63254
2012-10-16 11:45:00,38.08,38.12,37.95,37.95,51877
2012-10-16 12:00:00,37.955,37.99,37.93,37.9599,22550
2012-10-16 12:15:00,37.955,38.09,37.94,38.08,38245
2012-10-16 12:30:00,38.08,38.21,38.05,38.21,108532
2012-10-16 12:45:00,38.21,38.23,38.19,38.195,27516
2012-10-16 13:00:00,38.19,38.2,38.13,38.13,22798
2012-10-16 13:15:00,38.1299,38.2,38.12,38.155,22963
2012-10-16 13:30:00,38.16,38.16,38.13,38.13,17852
2012-10-16 13:45:00,38.13,38.13,38.09,38.0901,26703
2012-10-16 14:00:00,38.1,38.23,38.1,38.21,38833
2012-10-16 14:15:00,38.19,38.24,38.16,38.18,29936
2012-10-16 14:30:00,38.1752,38.5,38.14,38.18,113622
2012-10-16 14:45:00,38.18,38.398,38.18,38.355,52922
2012-10-16 15:00:00,38.36,38.38,38.28,38.28,28890
2012-10-16 15:15:00,38.29,38.35,38.27,38.27,60563
2012-10-16 15:30:00,38.27,38.31,38.25,38.29,69499
2012-10-16 15:45:00,38.3,38.4,38.3,38.4,73353
2012-10-16 16:00:00,38.4,38.4,38.31,38.365,176892
2012-10-17 09:45:00,38.59,38.75,38.25,38.71,46811
2012-10-17 10:00:00,38.72,38.8,38.6,38.77,58916
2012-10-17 10:15:00,38.755,38.77,38.58,38.61,59169
2012-10-17 10:30:00,38.63,38.715,38.615,38.68,26493
2012-10-17 10:45:00,38.69,38.76,38.63,38.75,106443
2012-10-17 11:00:00,38.75,38.82,38.73,38.75,34031
2012-10-17 11:15:00,38.745,38.78,38.72,38.78,29483
2012-10-17 11:30:00,38.77,38.8,38.76,38.8,24760
2012-10-17 11:45:00,38.78,38.91,38.74,38.88,75741
2012-10-17 12:00:00,38.875,38.98,38.87,38.98,28598
2012-10-17 12:15:00,38.98,39.11,38.96,39.105,42007
2012-10-17 12:30:00,39.11,39.15,39.11,39.14,26060
2012-10-17 12:45:00,39.13,39.39,39.095,39.33,166655
2012-10-17 13:00:00,39.34,39.34,39.13,39.15,49860
2012-10-17 13:15:00,39.135,39.14,39.04,39.04,23064
2012-10-17 13:30:00,39.04,39.05,39.0,39.03,99406
2012-10-17 13:45:00,39.02,39.1,39.02,39.03,30489
2012-10-17 14:00:00,39.04,39.1,39.0,39.08,75011
2012-10-17 14:15:00,39.1,39.2,39.08,39.16,36741
2012-10-17 14:30:00,39.1599,39.19,39.13,39.1402,30370
2012-10-17 14:45:00,39.16,39.16,39.1,39.15,26857
2012-10-17 15:00:00,39.15,39.17,39.1,39.125,29396
2012-10-17 15:15:00,39.125,39.125,39.08,39.08,47151
2012-10-17 15:30:00,39.07,39.13,39.07,39.07,42570
2012-10-17 15:45:00,39.07,39.12,38.99,39.01,138144
2012-10-17 16:00:00,39.0,39.01,38.86,38.95,332408
2012-10-18 09:45:00,39.13,39.23,38.88,39.04,43573
2012-10-18 10:00:00,39.025,39.025,38.91,38.91,34039
2012-10-18 10:15:00,38.92,39.02,38.87,38.94,34317
2012-10-18 10:30:00,38.92,38.93,38.82,38.86,30909
2012-10-18 10:45:00,38.85,38.86,38.72,38.72,28632
2012-10-18 11:00:00,38.72,38.93,38.72,38.92,26505
2012-10-18 11:15:00,38.93,38.97,38.92,38.9601,19931
2012-10-18 11:30:00,38.97,38.98,38.95,38.95,12206
2012-10-18 11:45:00,38.96,39.04,38.96,39.04,19985
2012-10-18 12:00:00,39.04,39.19,39.04,39.18,55707
2012-10-18 12:15:00,39.19,39.19,38.945,38.97,39529
2012-10-18 12:30:00,38.98,39.035,38.98,39.005,14009
2012-10-18 12:45:00,39.0,39.09,38.97,39.07,32144
2012-10-18 13:00:00,39.07,39.08,39.06,39.075,38311
2012-10-18 13:15:00,39.075,39.1,39.07,39.1,32620
2012-10-18 13:30:00,39.1,39.19,39.07,39.19,43047
2012-10-18 13:45:00,39.185,39.24,39.1401,39.15,53090
2012-10-18 14:00:00,39.15,39.155,38.98,38.99,154498
2012-10-18 14:15:00,38.99,39.14,38.99,39.14,31399
2012-10-18 14:30:00,39.13,39.14,39.09,39.09,35766
2012-10-18 14:45:00,39.09,39.0901,39.02,39.065,26243
2012-10-18 15:00:00,39.06,39.165,39.06,39.16,64689
2012-10-18 15:15:00,39.17,39.2,39.1,39.15,122978
2012-10-18 15:30:00,39.15,39.3,39.13,39.14,142937
2012-10-18 15:45:00,39.14,39.16,39.06,39.1,60402
2012-10-18 16:00:00,39.1,39.11,39.03,39.06,178793
2012-10-19 09:45:00,39.11,39.44,39.01,39.25,194205
2012-10-19 10:00:00,39.25,39.47,39.24,39.43,82782
2012-10-19 10:15:00,39.43,39.45,39.24,39.315,95644
2012-10-19 10:30:00,39.31,39.315,39.2,39.22,60038
2012-10-19 10:45:00,39.23,39.25,39.14,39.23,110362
2012-10-19 11:00:00,39.24,39.25,39.215,39.245,88953
2012-10-19 11:15:00,39.24,39.25,39.155,39.17,110088
2012-10-19 11:30:00,39.18,39.18,39.12,39.15,98226
2012-10-19 11:45:00,39.15,39.23,39.15,39.205,51498
2012-10-19 12:00:00,39.205,39.21,39.15,39.17,31083
2012-10-19 12:15:00,39.169000000000004,39.169000000000004,38.98,38.98,61020
2012-10-19 12:30:00,38.98,39.12,38.9345,39.0,158886
2012-10-19 12:45:00,39.0,39.17,39.0,39.1,60069
2012-10-19 13:00:00,39.09,39.26,39.09,39.25,145230
2012-10-19 13:15:00,39.25,39.28,39.13,39.13,41926
2012-10-19 13:30:00,39.15,39.16,39.02,39.03,24706
2012-10-19 13:45:00,39.03,39.09,39.03,39.08,177414
2012-10-19 14:00:00,39.07,39.08,38.975,39.0,62313
2012-10-19 14:15:00,38.9901,39.02,38.734,38.734,77833
2012-10-19 14:30:00,38.75,38.75,38.41,38.43,179947
2012-10-19 14:45:00,38.43,38.57,38.34,38.55,199733
2012-10-19 15:00:00,38.55,38.79,38.54,38.7899,100155
2012-10-19 15:15:00,38.78,39.03,38.7,38.985,182114
2012-10-19 15:30:00,38.98,39.0,38.8,38.88,182400
2012-10-19 15:45:00,38.87,39.13,38.83,39.0,244263
2012-10-19 16:00:00,39.0,39.29,38.91,39.06,654820
2012-10-22 09:45:00,39.32,39.45,37.76,39.025,483230
2012-10-22 10:00:00,39.09,39.7,39.0,39.53,340446
2012-10-22 10:15:00,39.57,39.96,39.45,39.53,309286
2012-10-22 10:30:00,39.53,39.81,39.39,39.49,187827
2012-10-22 10:45:00,39.5,39.5,38.7,38.73,178542
2012-10-22 11:00:00,38.71,39.13,38.44,39.02,201642
2012-10-22 11:15:00,39.03,39.088,38.75,38.94,61160
2012-10-22 11:30:00,38.95,39.06,38.73,38.745,100483
2012-10-22 11:45:00,38.76,39.0,38.73,38.95,44417
2012-10-22 12:00:00,38.94,39.41,38.91,39.06,89267
2012-10-22 12:15:00,39.1,39.28,39.01,39.13,58774
2012-10-22 12:30:00,39.1499,39.25,38.98,39.02,44047
2012-10-22 12:45:00,39.05,39.2,38.97,39.08,71967
2012-10-22 13:00:00,39.05,39.15,38.995,39.095,48657
2012-10-22 13:15:00,39.08,39.095,38.92,38.97,46586
2012-10-22 13:30:00,38.96,38.96,38.77,38.795,39628
2012-10-22 13:45:00,38.82,38.87,38.69,38.785,33675
2012-10-22 14:00:00,38.77,38.8,38.7,38.76,48989
2012-10-22 14:15:00,38.78,38.78,38.47,38.47,256772
2012-10-22 14:30:00,38.47,38.7,38.4,38.66,117732
2012-10-22 14:45:00,38.65,38.75,38.41,38.475,112598
2012-10-22 15:00:00,38.5,38.6954,38.37,38.655,79540
2012-10-22 15:15:00,38.66,38.74,38.53,38.73,112734
2012-10-22 15:30:00,38.73,38.73,38.575,38.59,72972
2012-10-22 15:45:00,38.6,38.62,38.405,38.44,137676
2012-10-22 16:00:00,38.45,38.46,38.3,38.38,472667
2012-10-23 09:45:00,38.12,38.25,37.61,37.99,95085
2012-10-23 10:00:00,37.94,37.94,37.61,37.67,77905
2012-10-23 10:15:00,37.68,37.92,37.51,37.53,132359
2012-10-23 10:30:00,37.54,37.585,37.35,37.44,95341
2012-10-23 10:45:00,37.45,37.5,37.14,37.25,126070
2012-10-23 11:00:00,37.25,37.32,37.25,37.3,115732
2012-10-23 11:15:00,37.3,37.425,37.25,37.34,164930
2012-10-23 11:30:00,37.34,37.39,37.25,37.25,63952
2012-10-23 11:45:00,37.26,37.39,37.21,37.38,37661
2012-10-23 12:00:00,37.37,37.4,37.33,37.34,34086
2012-10-23 12:15:00,37.34,37.36,37.25,37.36,30927
2012-10-23 12:30:00,37.35,37.37,37.3,37.305,23726
2012-10-23 12:45:00,37.3,37.32,37.25,37.28,73678
2012-10-23 13:00:00,37.275,37.29,37.15,37.18,39878
2012-10-23 13:15:00,37.19,37.25,37.06,37.11,77088
2012-10-23 13:30:00,37.11,37.17,37.07,37.12,48408
2012-10-23 13:45:00,37.13,37.22,37.13,37.205,44176
2012-10-23 14:00:00,37.21,37.31,37.2,37.305,82213
2012-10-23 14:15:00,37.32,37.46,37.31,37.34,99344
2012-10-23 14:30:00,37.35,37.415,37.34,37.39,50833
2012-10-23 14:45:00,37.38,37.38,37.24,37.36,85382
2012-10-23 15:00:00,37.36,37.45,37.355,37.39,53944
2012-10-23 15:15:00,37.39,37.39,37.2,37.21,114741
2012-10-23 15:30:00,37.21,37.26,37.05,37.06,102111
2012-10-23 15:45:00,37.055,37.08,36.875,36.9,138597
2012-10-23 16:00:00,36.9,36.91,36.76,36.77,415091
2012-10-24 09:45:00,36.83,36.9,36.54,36.7053,96463
2012-10-24 10:00:00,36.7,36.8,36.64,36.78,37159
2012-10-24 10:15:00,36.8,36.83,36.6501,36.79,30945
2012-10-24 10:30:00,36.79,36.83,36.74,36.78,48606
2012-10-24 10:45:00,36.77,36.88,36.75,36.87,112827
2012-10-24 11:00:00,36.88,37.0,36.86,36.97,71999
2012-10-24 11:15:00,36.97,37.11,36.97,37.05,41616
2012-10-24 11:30:00,37.06,37.09,37.03,37.06,33060
2012-10-24 11:45:00,37.06,37.085,36.98,37.0,26481
2012-10-24 12:00:00,37.01,37.01,36.93,36.98,21995
2012-10-24 12:15:00,36.98,37.1,36.967,37.07,28821
2012-10-24 12:30:00,37.07,37.09,36.97,36.98,63087
2012-10-24 12:45:00,36.98,37.14,36.98,37.11,48365
2012-10-24 13:00:00,37.13,37.18,37.06,37.18,40415
2012-10-24 13:15:00,37.16,37.19,37.05,37.0501,35885
2012-10-24 13:30:00,37.06,37.3,37.04,37.29,72367
2012-10-24 13:45:00,37.29,37.31,37.12,37.12,79299
2012-10-24 14:00:00,37.13,37.141,37.07,37.075,29013
2012-10-24 14:15:00,37.08,37.11,37.08,37.09,17517
2012-10-24 14:30:00,37.09,37.09,36.9,36.95,57444
2012-10-24 14:45:00,36.95,36.99,36.93,36.94,36687
2012-10-24 15:00:00,36.95,36.98,36.89,36.89,33072
2012-10-24 15:15:00,36.89,36.93,36.84,36.9,126602
2012-10-24 15:30:00,36.9,36.92,36.84,36.91,82007
2012-10-24 15:45:00,36.92,36.935,36.8,36.83,78536
2012-10-24 16:00:00,36.83,36.86,36.76,36.84,189450
2012-10-25 09:45:00,37.22,37.44,37.03,37.34,71617
2012-10-25 10:00:00,37.34,37.384,36.84,36.9,162054
2012-10-25 10:15:00,36.9,37.01,36.82,36.97,44524
2012-10-25 10:30:00,36.94,37.02,36.91,36.94,37929
2012-10-25 10:45:00,36.96,37.0,36.89,36.97,16411
2012-10-25 11:00:00,36.97,37.0,36.9,36.98,26710
2012-10-25 11:15:00,36.97,37.0599,36.91,37.055,46200
2012-10-25 11:30:00,37.055,37.06,36.93,36.97,31612
2012-10-25 11:45:00,36.96,36.98,36.9,36.94,11325
2012-10-25 12:00:00,36.95,36.98,36.89,36.975,30790
2012-10-25 12:15:00,36.9878,37.01,36.9,36.9997,35193
2012-10-25 12:30:00,36.99,37.0,36.93,36.97,21240
2012-10-25 12:45:00,36.99,37.0,36.92,36.92,19706
2012-10-25 13:00:00,36.92,37.005,36.9,36.98,27169
2012-10-25 13:15:00,36.98,37.0098,36.95,36.99,11955
2012-10-25 13:30:00,36.99,37.02,36.95,36.99,21998
2012-10-25 13:45:00,36.99,37.0,36.92,36.95,28992
2012-10-25 14:00:00,36.95,37.0,36.94,37.0,11694
2012-10-25 14:15:00,37.0,37.0,36.94,36.97,22116
2012-10-25 14:30:00,36.94,36.96,36.86,36.86,37251
2012-10-25 14:45:00,36.86,36.87,36.71,36.78,67145
2012-10-25 15:00:00,36.78,36.81,36.67,36.67,33035
2012-10-25 15:15:00,36.67,36.7,36.61,36.655,70254
2012-10-25 15:30:00,36.65,36.67,36.605,36.63,69560
2012-10-25 15:45:00,36.63,36.64,36.55,36.625,98224
2012-10-25 16:00:00,36.63,36.63,36.54,36.555,310412
2012-10-26 09:45:00,36.74,36.81,36.44,36.49,54123
2012-10-26 10:00:00,36.48,36.55,36.24,36.24,47967
2012-10-26 10:15:00,36.23,36.35,36.23,36.35,65660
2012-10-26 10:30:00,36.36,36.4,36.32,36.36,86050
2012-10-26 10:45:00,36.365,36.39,36.31,36.365,39805
2012-10-26 11:00:00,36.36,36.37,36.3,36.32,97637
2012-10-26 11:15:00,36.31,36.35,36.3,36.33,279015
2012-10-26 11:30:00,36.33,36.44,36.32,36.44,31519
2012-10-26 11:45:00,36.44,36.5,36.41,36.45,46066
2012-10-26 12:00:00,36.4568,36.4568,36.34,36.36,32803
2012-10-26 12:15:00,36.37,36.37,36.23,36.24,411535
2012-10-26 12:30:00,36.24,36.3,36.18,36.3,32484
2012-10-26 12:45:00,36.31,36.32,36.19,36.26,42596
2012-10-26 13:00:00,36.28,36.43,36.25,36.39,28543
2012-10-26 13:15:00,36.38,36.385,36.16,36.16,37008
2012-10-26 13:30:00,36.16,36.3,36.14,36.3,17046
2012-10-26 13:45:00,36.29,36.44,36.255,36.435,65073
2012-10-26 14:00:00,36.44,36.535,36.395,36.42,54778
2012-10-26 14:15:00,36.42,36.46,36.34,36.37,87572
2012-10-26 14:30:00,36.3755,36.4401,36.36,36.44,25839
2012-10-26 14:45:00,36.44,36.49,36.41,36.44,38262
2012-10-26 15:00:00,36.44,36.46,36.4017,36.4017,38220
2012-10-26 15:15:00,36.4,36.42,36.34,36.4,93127
2012-10-26 15:30:00,36.4,36.41,36.33,36.39,57494
2012-10-26 15:45:00,36.4,36.42,36.36,36.4,83694
2012-10-26 16:00:00,36.41,36.41,36.3,36.34,160009
2012-10-31 09:45:00,37.0,37.04,36.56,36.93,192930
2012-10-31 10:00:00,36.93,37.01,36.65,36.7,167635
2012-10-31 10:15:00,36.7,36.79,36.28,36.51,143962
2012-10-31 10:30:00,36.51,36.51,36.35,36.4,111687
2012-10-31 10:45:00,36.41,36.43,36.18,36.2379,70128
2012-10-31 11:00:00,36.23,36.24,36.05,36.16,143234
2012-10-31 11:15:00,36.16,36.29,36.07,36.25,100175
2012-10-31 11:30:00,36.248000000000005,36.31,36.19,36.25,21181
2012-10-31 11:45:00,36.2499,36.31,36.23,36.29,32650
2012-10-31 12:00:00,36.31,36.3681,36.24,36.25,59223
2012-10-31 12:15:00,36.26,36.3,36.22,36.3,56501
2012-10-31 12:30:00,36.29,36.3,36.22,36.23,35353
2012-10-31 12:45:00,36.23,36.27,36.19,36.2,30478
2012-10-31 13:00:00,36.19,36.26,36.18,36.25,20473
2012-10-31 13:15:00,36.23,36.27,36.2,36.24,25968
2012-10-31 13:30:00,36.23,36.25,36.14,36.23,42870
2012-10-31 13:45:00,36.21,36.34,36.2,36.3,24165
2012-10-31 14:00:00,36.29,36.29,36.18,36.19,31447
2012-10-31 14:15:00,36.18,36.2,36.09,36.11,45617
2012-10-31 14:30:00,36.12,36.245,36.12,36.13,37032
2012-10-31 14:45:00,36.13,36.18,36.12,36.14,48183
2012-10-31 15:00:00,36.15,36.155,36.03,36.11,46914
2012-10-31 15:15:00,36.11,36.14,36.08,36.11,72786
2012-10-31 15:30:00,36.1,36.24,36.1,36.22,60357
2012-10-31 15:45:00,36.21,36.23,36.1,36.13,75625
2012-10-31 16:00:00,36.11,36.11,35.94,35.98,240612
2012-11-01 09:45:00,36.84,36.84,36.135,36.24,211314
2012-11-01 10:00:00,36.26,36.26,35.86,35.91,158291
2012-11-01 10:15:00,35.915,36.38,35.91,36.14,175278
2012-11-01 10:30:00,36.145,36.3,36.12,36.125,60885
2012-11-01 10:45:00,36.12,36.2,36.01,36.105,91950
2012-11-01 11:00:00,36.1,36.17,35.97,36.04,91846
2012-11-01 11:15:00,36.04,36.1075,35.91,36.08,82792
2012-11-01 11:30:00,36.09,36.23,36.09,36.205,51161
2012-11-01 11:45:00,36.205,36.39,36.2,36.355,56355
2012-11-01 12:00:00,36.355,36.39,36.33,36.33,62916
2012-11-01 12:15:00,36.33,36.36,36.09,36.1,62955
2012-11-01 12:30:00,36.1,36.15,36.05,36.09,35879
2012-11-01 12:45:00,36.095,36.18,36.08,36.095,39577
2012-11-01 13:00:00,36.095,36.165,36.095,36.15,34483
2012-11-01 13:15:00,36.14,36.26,36.11,36.26,37001
2012-11-01 13:30:00,36.255,36.34,36.255,36.3,89832
2012-11-01 13:45:00,36.3,36.35,36.28,36.315,29295
2012-11-01 14:00:00,36.315,36.38,36.3,36.3,47307
2012-11-01 14:15:00,36.305,36.31,36.23,36.305,66977
2012-11-01 14:30:00,36.305,36.32,36.27,36.315,53273
2012-11-01 14:45:00,36.315,36.32,36.295,36.305,30936
2012-11-01 15:00:00,36.31,36.35,36.295,36.345,50896
2012-11-01 15:15:00,36.345,36.4,36.325,36.38,73127
2012-11-01 15:30:00,36.38,36.385,36.255,36.275,128556
2012-11-01 15:45:00,36.28,36.43,36.28,36.405,112036
2012-11-01 16:00:00,36.4,36.5,36.29,36.33,240177
2012-11-02 09:45:00,36.63,36.72,36.35,36.39,70508
2012-11-02 10:00:00,36.36,36.37,36.15,36.16,37634
2012-11-02 10:15:00,36.16,36.228,36.06,36.14,35866
2012-11-02 10:30:00,36.14,36.25,36.09,36.25,25838
2012-11-02 10:45:00,36.24,36.32,36.12,36.14,27224
2012-11-02 11:00:00,36.13,36.2,36.1,36.16,17804
2012-11-02 11:15:00,36.15,36.15,36.0,36.03,31272
2012-11-02 11:30:00,36.02,36.06,35.94,35.96,38187
2012-11-02 11:45:00,35.96,36.11,35.94,36.065,35230
2012-11-02 12:00:00,36.07,36.22,36.04,36.19,80730
2012-11-02 12:15:00,36.19,36.21,36.02,36.05,64965
2012-11-02 12:30:00,36.04,36.1,36.0,36.09,30132
2012-11-02 12:45:00,36.09,36.095,35.99,36.05,43752
2012-11-02 13:00:00,36.05,36.05,35.97,35.98,37573
2012-11-02 13:15:00,35.98,36.05,35.97,36.03,25619
2012-11-02 13:30:00,36.03,36.05,35.93,35.97,32360
2012-11-02 13:45:00,35.96,36.02,35.9201,35.94,33328
2012-11-02 14:00:00,35.94,35.98,35.87,35.87,44250
2012-11-02 14:15:00,35.88,35.91,35.825,35.865,43072
2012-11-02 14:30:00,35.865,35.995,35.865,35.955,50641
2012-11-02 14:45:00,35.96,36.0,35.85,35.87,57264
2012-11-02 15:00:00,35.87,35.88,35.82,35.83,42002
2012-11-02 15:15:00,35.83,35.845,35.72,35.77,98419
2012-11-02 15:30:00,35.77,35.77,35.64,35.67,135364
2012-11-02 15:45:00,35.675,35.68,35.56,35.56,145872
2012-11-02 16:00:00,35.56,35.62,35.47,35.56,421044
2012-11-05 09:45:00,35.79,35.94,35.73,35.865,108894
2012-11-05 10:00:00,35.859,35.93,35.8,35.9,37043
2012-11-05 10:15:00,35.92,35.98,35.85,35.87,54606
2012-11-05 10:30:00,35.88,35.9,35.8,35.835,59078
2012-11-05 10:45:00,35.85,36.1398,35.84,36.03,57379
2012-11-05 11:00:00,36.03,36.06,36.0,36.03,19671
2012-11-05 11:15:00,36.045,36.21,36.03,36.0925,43328
2012-11-05 11:30:00,36.1,36.21,36.09,36.17,56150
2012-11-05 11:45:00,36.16,36.3385,36.16,36.299,56894
2012-11-05 12:00:00,36.28,36.295,36.15,36.205,81839
2012-11-05 12:15:00,36.205,36.25,36.18,36.205,52954
2012-11-05 12:30:00,36.207,36.21,36.11,36.14,76933
2012-11-05 12:45:00,36.15,36.19,36.125,36.125,33402
2012-11-05 13:00:00,36.129,36.21,36.129,36.165,50370
2012-11-05 13:15:00,36.17,36.19,36.05,36.15,62918
2012-11-05 13:30:00,36.15,36.225,36.135,36.19,36455
2012-11-05 13:45:00,36.18,36.19,36.075,36.1,43657
2012-11-05 14:00:00,36.095,36.13,36.08,36.1,35950
2012-11-05 14:15:00,36.1,36.16,36.08,36.12,41570
2012-11-05 14:30:00,36.12,36.14,36.1,36.14,37287
2012-11-05 14:45:00,36.14,36.155,36.06,36.08,36035
2012-11-05 15:00:00,36.09,36.16,36.07,36.09,26455
2012-11-05 15:15:00,36.1,36.155,36.1,36.13,36198
2012-11-05 15:30:00,36.14,36.14,36.1,36.14,34810
2012-11-05 15:45:00,36.14,36.2,36.11,36.2,75723
2012-11-05 16:00:00,36.2,36.24,36.15,36.18,96404
2012-11-06 09:45:00,37.61,38.66,37.4329,37.81,797098
2012-11-06 10:00:00,37.79,37.84,37.6,37.75,323785
2012-11-06 10:15:00,37.76,37.905,37.75,37.8933,378441
2012-11-06 10:30:00,37.89,37.9,36.84,37.06,1181943
2012-11-06 10:45:00,37.06,37.09,36.75,36.88,501391
2012-11-06 11:00:00,36.9,37.01,36.84,36.97,194129
2012-11-06 11:15:00,36.98,37.21,36.97,37.15,246944
2012-11-06 11:30:00,37.15,37.36,37.15,37.36,171190
2012-11-06 11:45:00,37.36,37.56,37.26,37.555,147908
2012-11-06 12:00:00,37.56,37.6,37.49,37.59,69126
2012-11-06 12:15:00,37.582,37.8,37.58,37.69,78263
2012-11-06 12:30:00,37.69,37.765,37.63,37.68,64192
2012-11-06 12:45:00,37.687,37.79,37.67,37.74,87213
2012-11-06 13:00:00,37.75,37.82,37.74,37.781,65955
2012-11-06 13:15:00,37.781,37.9,37.78,37.8244,119553
2012-11-06 13:30:00,37.82,37.96,37.8,37.93,67594
2012-11-06 13:45:00,37.93,37.99,37.9,37.99,67572
2012-11-06 14:00:00,37.989000000000004,38.0,37.85,37.87,191117
2012-11-06 14:15:00,37.87,37.955,37.86,37.9,332544
2012-11-06 14:30:00,37.8999,37.96,37.89,37.939,125900
2012-11-06 14:45:00,37.93,37.94,37.76,37.91,203106
2012-11-06 15:00:00,37.91,37.91,37.68,37.84,170700
2012-11-06 15:15:00,37.84,37.85,37.61,37.695,246312
2012-11-06 15:30:00,37.695,37.82,37.69,37.78,163247
2012-11-06 15:45:00,37.78,37.99,37.75,37.87,256812
2012-11-06 16:00:00,37.87,37.88,37.73,37.83,449305
2012-11-07 09:45:00,37.51,37.63,37.19,37.34,65624
2012-11-07 10:00:00,37.32,37.43,37.16,37.31,56152
2012-11-07 10:15:00,37.32,37.5,37.32,37.47,59008
2012-11-07 10:30:00,37.49,37.505,37.3,37.4301,46252
2012-11-07 10:45:00,37.43,37.49,37.32,37.47,59975
2012-11-07 11:00:00,37.47,37.47,37.26,37.27,45997
2012-11-07 11:15:00,37.26,37.31,37.22,37.23,38643
2012-11-07 11:30:00,37.23,37.24,37.03,37.04,47125
2012-11-07 11:45:00,37.05,37.15,36.95,37.14,44534
2012-11-07 12:00:00,37.14,37.25,37.08,37.22,37629
2012-11-07 12:15:00,37.22,37.41,37.22,37.39,61551
2012-11-07 12:30:00,37.38,37.44,37.37,37.41,34850
2012-11-07 12:45:00,37.41,37.47,37.4,37.47,43328
2012-11-07 13:00:00,37.46,37.46,37.42,37.45,24426
2012-11-07 13:15:00,37.44,37.55,37.43,37.48,31827
2012-11-07 13:30:00,37.48,37.485,37.32,37.32,26911
2012-11-07 13:45:00,37.32,37.43,37.32,37.42,26806
2012-11-07 14:00:00,37.4,37.47,37.39,37.445,69378
2012-11-07 14:15:00,37.45,37.49,37.442,37.48,69474
2012-11-07 14:30:00,37.47,37.498000000000005,37.44,37.45,65412
2012-11-07 14:45:00,37.445,37.45,37.35,37.37,62341
2012-11-07 15:00:00,37.39,37.42,37.38,37.38,42239
2012-11-07 15:15:00,37.38,37.39,37.3,37.32,64892
2012-11-07 15:30:00,37.33,37.4,37.29,37.38,66675
2012-11-07 15:45:00,37.39,37.405,37.26,37.305,95650
2012-11-07 16:00:00,37.3,37.3299,37.17,37.21,290657
2012-11-08 09:45:00,37.02,37.15,36.93,37.1062,73676
2012-11-08 10:00:00,37.1,37.32,37.06,37.29,55552
2012-11-08 10:15:00,37.25,37.47,37.24,37.405,44769
2012-11-08 10:30:00,37.4,37.58,37.36,37.43,77972
2012-11-08 10:45:00,37.415,37.49,37.33,37.4,36839
2012-11-08 11:00:00,37.4,37.47,37.37,37.44,36312
2012-11-08 11:15:00,37.44,37.47,37.31,37.4,46222
2012-11-08 11:30:00,37.4,37.44,37.36,37.44,31809
2012-11-08 11:45:00,37.41,37.43,37.34,37.41,63593
2012-11-08 12:00:00,37.4,37.48,37.37,37.41,48862
2012-11-08 12:15:00,37.415,37.46,37.28,37.28,79461
2012-11-08 12:30:00,37.28,37.455,37.27,37.41,39067
2012-11-08 12:45:00,37.4,37.46,37.3871,37.4,31922
2012-11-08 13:00:00,37.4,37.58,37.38,37.58,62039
2012-11-08 13:15:00,37.58,37.58,37.45,37.485,53012
2012-11-08 13:30:00,37.48,37.49,37.45,37.45,58972
2012-11-08 13:45:00,37.45,37.47,37.45,37.46,47158
2012-11-08 14:00:00,37.45,37.49,37.45,37.47,40199
2012-11-08 14:15:00,37.47,37.48,37.31,37.34,54619
2012-11-08 14:30:00,37.35,37.4,37.29,37.38,52783
2012-11-08 14:45:00,37.37,37.37,37.33,37.335,41987
2012-11-08 15:00:00,37.335,37.38,37.33,37.335,39023
2012-11-08 15:15:00,37.33,37.42,37.32,37.335,98962
2012-11-08 15:30:00,37.33,37.4,37.22,37.26,69463
2012-11-08 15:45:00,37.26,37.33,37.23,37.295,93865
2012-11-08 16:00:00,37.295,37.33,37.25,37.26,235312
2012-11-09 09:45:00,37.05,37.43,37.03,37.4,121827
2012-11-09 10:00:00,37.4,37.45,37.37,37.43,48807
2012-11-09 10:15:00,37.41,37.6,37.4,37.57,50328
2012-11-09 10:30:00,37.5899,37.69,37.48,37.5,63878
2012-11-09 10:45:00,37.5,37.5595,37.41,37.51,36267
2012-11-09 11:00:00,37.5,37.56,37.45,37.54,52572
2012-11-09 11:15:00,37.55,37.61,37.5,37.5,34497
2012-11-09 11:30:00,37.505,37.61,37.45,37.46,34226
2012-11-09 11:45:00,37.46,37.515,37.38,37.43,30187
2012-11-09 12:00:00,37.44,37.49,37.38,37.41,56664
2012-11-09 12:15:00,37.41,37.41,37.31,37.39,72729
2012-11-09 12:30:00,37.39,37.42,37.35,37.395,30256
2012-11-09 12:45:00,37.41,37.44,37.32,37.32,55732
2012-11-09 13:00:00,37.3,37.39,37.28,37.31,15227
2012-11-09 13:15:00,37.29,37.346,37.23,37.28,20704
2012-11-09 13:30:00,37.25,37.285,37.12,37.12,18848
2012-11-09 13:45:00,37.14,37.25,37.11,37.23,25387
2012-11-09 14:00:00,37.24,37.33,37.22,37.33,22020
2012-11-09 14:15:00,37.31,37.31,37.23,37.2637,40485
2012-11-09 14:30:00,37.27,37.37,37.27,37.33,22069
2012-11-09 14:45:00,37.33,37.45,37.33,37.35,20280
2012-11-09 15:00:00,37.35,37.38,37.34,37.37,17310
2012-11-09 15:15:00,37.36,37.38,37.28,37.34,35742
2012-11-09 15:30:00,37.33,37.39,37.31,37.38,53038
2012-11-09 15:45:00,37.37,37.375,37.23,37.31,49059
2012-11-09 16:00:00,37.32,37.36,37.18,37.21,106710
2012-11-12 09:45:00,37.42,37.62,37.23,37.24,39811
2012-11-12 10:00:00,37.24,37.32,36.96,36.99,52989
2012-11-12 10:15:00,36.98,37.0,36.935,36.94,23005
2012-11-12 10:30:00,36.95,37.0,36.92,37.0,18812
2012-11-12 10:45:00,36.99,37.0,36.93,36.94,34017
2012-11-12 11:00:00,36.93,36.93,36.81,36.8361,18454
2012-11-12 11:15:00,36.84,36.96,36.83,36.91,28033
2012-11-12 11:30:00,36.91,36.985,36.87,36.95,36830
2012-11-12 11:45:00,36.95,36.95,36.9,36.92,20894
2012-11-12 12:00:00,36.94,36.95,36.9,36.94,47236
2012-11-12 12:15:00,36.935,36.945,36.91,36.93,30661
2012-11-12 12:30:00,36.93,36.95,36.92,36.94,20233
2012-11-12 12:45:00,36.95,36.95,36.89,36.95,74566
2012-11-12 13:00:00,36.96,37.04,36.94,37.03,21454
2012-11-12 13:15:00,37.03,37.19,37.02,37.1677,23417
2012-11-12 13:30:00,37.17,37.18,37.08,37.14,20073
2012-11-12 13:45:00,37.15,37.15,37.11,37.14,9406
2012-11-12 14:00:00,37.14,37.15,37.12,37.138000000000005,14412
2012-11-12 14:15:00,37.13,37.13,37.03,37.06,18942
2012-11-12 14:30:00,37.065,37.12,37.0554,37.06,18698
2012-11-12 14:45:00,37.06,37.08,37.01,37.05,21466
2012-11-12 15:00:00,37.04,37.05,37.01,37.01,12261
2012-11-12 15:15:00,37.02,37.03,36.99,37.0,44904
2012-11-12 15:30:00,37.0,37.09,37.0,37.01,61308
2012-11-12 15:45:00,37.01,37.06,37.0,37.01,71743
2012-11-12 16:00:00,37.02,37.1,36.94,36.95,164325
2012-11-13 09:45:00,36.99,37.51,36.99,37.08,61665
2012-11-13 10:00:00,37.07,37.16,36.98,37.07,116443
2012-11-13 10:15:00,37.0501,37.32,37.009,37.25,63692
2012-11-13 10:30:00,37.265,37.3,37.06,37.07,48873
2012-11-13 10:45:00,37.06,37.22,37.02,37.135,37430
2012-11-13 11:00:00,37.16,37.35,37.13,37.3299,14884
2012-11-13 11:15:00,37.32,37.38,37.25,37.3,28134
2012-11-13 11:30:00,37.3,37.38,37.2718,37.28,35548
2012-11-13 11:45:00,37.28,37.36,37.28,37.35,14791
2012-11-13 12:00:00,37.3497,37.39,37.27,37.39,23885
2012-11-13 12:15:00,37.39,37.39,37.25,37.28,23587
2012-11-13 12:30:00,37.3,37.3,37.14,37.15,18255
2012-11-13 12:45:00,37.13,37.18,37.04,37.17,34465
2012-11-13 13:00:00,37.17,37.27,37.16,37.27,15628
2012-11-13 13:15:00,37.27,37.28,37.21,37.25,35713
2012-11-13 13:30:00,37.26,37.33,37.24,37.2797,34657
2012-11-13 13:45:00,37.2899,37.3199,37.22,37.3199,13611
2012-11-13 14:00:00,37.31,37.38,37.29,37.38,17646
2012-11-13 14:15:00,37.36,37.41,37.26,37.27,22719
2012-11-13 14:30:00,37.27,37.31,37.22,37.26,22064
2012-11-13 14:45:00,37.26,37.32,37.245,37.2797,15856
2012-11-13 15:00:00,37.28,37.315,37.21,37.21,23617
2012-11-13 15:15:00,37.21,37.24,37.18,37.1899,24765
2012-11-13 15:30:00,37.19,37.21,37.03,37.03,34486
2012-11-13 15:45:00,37.02,37.09,36.97,37.0,49390
2012-11-13 16:00:00,36.98,37.09,36.95,36.99,132276
2012-11-14 09:45:00,36.98,37.23,36.85,37.07,36913
2012-11-14 10:00:00,37.14,37.17,37.02,37.06,17255
2012-11-14 10:15:00,37.06,37.07,36.95,36.9515,14778
2012-11-14 10:30:00,36.9605,36.98,36.845,36.85,19644
2012-11-14 10:45:00,36.85,36.92,36.83,36.84,44501
2012-11-14 11:00:00,36.85,36.88,36.8,36.81,44108
2012-11-14 11:15:00,36.81,36.81,36.64,36.65,50288
2012-11-14 11:30:00,36.65,36.79,36.64,36.745,40628
2012-11-14 11:45:00,36.745,36.76,36.63,36.75,69404
2012-11-14 12:00:00,36.75,36.79,36.71,36.72,28404
2012-11-14 12:15:00,36.72,36.79,36.69,36.72,36514
2012-11-14 12:30:00,36.72,36.75,36.65,36.74,19038
2012-11-14 12:45:00,36.74,36.78,36.61,36.6201,23124
2012-11-14 13:00:00,36.62,36.7,36.62,36.6952,16736
2012-11-14 13:15:00,36.704,36.74,36.67,36.7,7565
2012-11-14 13:30:00,36.71,36.76,36.68,36.71,11650
2012-11-14 13:45:00,36.71,36.73,36.62,36.62,14161
2012-11-14 14:00:00,36.6125,36.73,36.61,36.73,26636
2012-11-14 14:15:00,36.735,36.8,36.6734,36.69,41527
2012-11-14 14:30:00,36.69,36.71,36.63,36.705,21737
2012-11-14 14:45:00,36.7,36.7,36.62,36.69,25136
2012-11-14 15:00:00,36.68,36.68,36.6125,36.615,36334
2012-11-14 15:15:00,36.61,36.62,36.52,36.54,67845
2012-11-14 15:30:00,36.54,36.555,36.44,36.52,76154
2012-11-14 15:45:00,36.522,36.53,36.37,36.39,91382
2012-11-14 16:00:00,36.39,36.48,36.37,36.47,149017
2012-11-15 09:45:00,36.4,36.65,36.29,36.57,48602
2012-11-15 10:00:00,36.53,36.762,36.47,36.56,33069
2012-11-15 10:15:00,36.58,36.67,36.39,36.63,27765
2012-11-15 10:30:00,36.64,36.68,36.48,36.5,25227
2012-11-15 10:45:00,36.53,36.595,36.49,36.57,47091
2012-11-15 11:00:00,36.574,36.74,36.525,36.55,32248
2012-11-15 11:15:00,36.545,36.59,36.525,36.59,13429
2012-11-15 11:30:00,36.6,36.61,36.5,36.55,17617
2012-11-15 11:45:00,36.56,36.62,36.5399,36.58,12481
2012-11-15 12:00:00,36.58,36.580999999999996,36.41,36.4702,147130
2012-11-15 12:15:00,36.48,36.49,36.35,36.39,27633
2012-11-15 12:30:00,36.39,36.4,36.23,36.235,65016
2012-11-15 12:45:00,36.24,36.255,36.14,36.22,72684
2012-11-15 13:00:00,36.22,36.24,36.15,36.17,14142
2012-11-15 13:15:00,36.17,36.19,36.09,36.12,27349
2012-11-15 13:30:00,36.12,36.21,36.07,36.21,36125
2012-11-15 13:45:00,36.25,36.39,36.23,36.35,30074
2012-11-15 14:00:00,36.35,36.43,36.34,36.38,31636
2012-11-15 14:15:00,36.375,36.42,36.32,36.39,42503
2012-11-15 14:30:00,36.4,36.4,36.29,36.29,19389
2012-11-15 14:45:00,36.31,36.31,36.28,36.3,14181
2012-11-15 15:00:00,36.31,36.37,36.28,36.36,27272
2012-11-15 15:15:00,36.3599,36.3599,36.27,36.28,19531
2012-11-15 15:30:00,36.28,36.28,36.2,36.21,29669
2012-11-15 15:45:00,36.21,36.26,36.11,36.24,93259
2012-11-15 16:00:00,36.24,36.36,36.24,36.34,107240
2012-11-16 09:45:00,36.42,36.94,36.35,36.641999999999996,114766
2012-11-16 10:00:00,36.65,36.78,36.49,36.53,20681
2012-11-16 10:15:00,36.55,36.61,36.39,36.44,18576
2012-11-16 10:30:00,36.45,36.55,36.43,36.53,17932
2012-11-16 10:45:00,36.54,36.57,36.5,36.51,31086
2012-11-16 11:00:00,36.51,36.56,36.48,36.49,39217
2012-11-16 11:15:00,36.49,36.49,36.26,36.28,15598
2012-11-16 11:30:00,36.28,36.28,36.12,36.15,26272
2012-11-16 11:45:00,36.16,36.37,36.15,36.31,38164
2012-11-16 12:00:00,36.34,36.54,36.31,36.4899,53992
2012-11-16 12:15:00,36.49,36.5204,36.35,36.35,40232
2012-11-16 12:30:00,36.36,36.415,36.336,36.37,21265
2012-11-16 12:45:00,36.39,36.47,36.39,36.39,22325
2012-11-16 13:00:00,36.39,36.46,36.38,36.41,17617
2012-11-16 13:15:00,36.4074,36.47,36.4,36.4,16269
2012-11-16 13:30:00,36.41,36.51,36.38,36.51,63601
2012-11-16 13:45:00,36.52,36.57,36.47,36.485,32065
2012-11-16 14:00:00,36.48,36.51,36.42,36.5,40637
2012-11-16 14:15:00,36.5,36.6,36.435,36.44,41388
2012-11-16 14:30:00,36.44,36.46,36.35,36.43,33127
2012-11-16 14:45:00,36.44,36.46,36.32,36.38,31515
2012-11-16 15:00:00,36.38,36.41,36.365,36.39,18019
2012-11-16 15:15:00,36.3899,36.42,36.3875,36.4,35044
2012-11-16 15:30:00,36.395,36.46,36.375,36.45,34661
2012-11-16 15:45:00,36.45,36.51,36.42,36.495,41993
2012-11-16 16:00:00,36.5,36.5,36.4,36.45,116600
2012-11-19 09:45:00,37.14,37.21,36.77,37.06,68353
2012-11-19 10:00:00,37.0699,37.07,36.97,36.97,43016
2012-11-19 10:15:00,36.98,37.14,36.98,37.135,55569
2012-11-19 10:30:00,37.14,37.335,37.14,37.25,36451
2012-11-19 10:45:00,37.27,37.4599,37.2,37.4499,56646
2012-11-19 11:00:00,37.44,37.47,37.315,37.325,36515
2012-11-19 11:15:00,37.33,37.47,37.33,37.46,30559
2012-11-19 11:30:00,37.45,37.535,37.41,37.535,29946
2012-11-19 11:45:00,37.54,37.65,37.48,37.48,50269
2012-11-19 12:00:00,37.5,37.52,37.43,37.43,18840
2012-11-19 12:15:00,37.42,37.44,37.33,37.33,23939
2012-11-19 12:30:00,37.33,37.33,37.24,37.28,34994
2012-11-19 12:45:00,37.28,37.29,37.14,37.23,14732
2012-11-19 13:00:00,37.2201,37.3,37.18,37.3,14227
2012-11-19 13:15:00,37.3,37.31,37.24,37.298,14850
2012-11-19 13:30:00,37.3,37.3125,37.25,37.27,20160
2012-11-19 13:45:00,37.28,37.355,37.25,37.27,22891
2012-11-19 14:00:00,37.27,37.345,37.24,37.31,19256
2012-11-19 14:15:00,37.31,37.345,37.22,37.22,24010
2012-11-19 14:30:00,37.23,37.335,37.21,37.31,30262
2012-11-19 14:45:00,37.32,37.37,37.24,37.36,38313
2012-11-19 15:00:00,37.36,37.43,37.3447,37.3531,37503
2012-11-19 15:15:00,37.36,37.42,37.33,37.41,41459
2012-11-19 15:30:00,37.4,37.45,37.4,37.405,27751
2012-11-19 15:45:00,37.41,37.415,37.32,37.34,158386
2012-11-19 16:00:00,37.33,37.39,37.29,37.39,137168
2012-11-20 09:45:00,37.25,37.2906,36.91,37.24,96055
2012-11-20 10:00:00,37.24,37.36,37.15,37.36,43480
2012-11-20 10:15:00,37.37,37.42,37.3,37.35,54686
2012-11-20 10:30:00,37.36,37.37,37.34,37.37,94416
2012-11-20 10:45:00,37.37,37.37,37.3001,37.3001,27816
2012-11-20 11:00:00,37.31,37.34,37.15,37.155,39199
2012-11-20 11:15:00,37.16,37.19,37.08,37.1,56531
2012-11-20 11:30:00,37.1,37.1,37.09,37.1,34628
2012-11-20 11:45:00,37.1,37.22,37.03,37.2175,52723
2012-11-20 12:00:00,37.22,37.32,37.18,37.26,93990
2012-11-20 12:15:00,37.25,37.33,37.235,37.33,60777
2012-11-20 12:30:00,37.31,37.45,37.2677,37.4499,22996
2012-11-20 12:45:00,37.4431,37.48,37.42,37.46,84748
2012-11-20 13:00:00,37.46,37.48,37.37,37.42,65091
2012-11-20 13:15:00,37.43,37.43,37.18,37.22,51317
2012-11-20 13:30:00,37.22,37.26,37.18,37.18,32669
2012-11-20 13:45:00,37.19,37.22,37.12,37.22,30249
2012-11-20 14:00:00,37.2288,37.358000000000004,37.2,37.32,26770
2012-11-20 14:15:00,37.3,37.425,37.27,37.305,90435
2012-11-20 14:30:00,37.305,37.31,37.23,37.26,50516
2012-11-20 14:45:00,37.27,37.27,37.225,37.225,19566
2012-11-20 15:00:00,37.22,37.26,37.22,37.24,21329
2012-11-20 15:15:00,37.25,37.28,37.24,37.27,28712
2012-11-20 15:30:00,37.26,37.26,37.23,37.25,24052
2012-11-20 15:45:00,37.25,37.2829,37.22,37.2829,50104
2012-11-20 16:00:00,37.28,37.31,37.23,37.27,103503
2012-11-21 09:45:00,37.44,37.55,37.26,37.48,76326
2012-11-21 10:00:00,37.45,37.53,37.41,37.45,24538
2012-11-21 10:15:00,37.48,37.53,37.43,37.52,22198
2012-11-21 10:30:00,37.52,37.62,37.44,37.44,86340
2012-11-21 10:45:00,37.43,37.4325,37.28,37.335,47453
2012-11-21 11:00:00,37.33,37.43,37.29,37.38,18402
2012-11-21 11:15:00,37.38,37.38,37.29,37.305,38468
2012-11-21 11:30:00,37.29,37.34,37.2,37.32,101244
2012-11-21 11:45:00,37.38,37.43,37.245,37.245,162964
2012-11-21 12:00:00,37.25,37.28,37.215,37.28,23908
2012-11-21 12:15:00,37.29,37.378,37.285,37.378,15429
2012-11-21 12:30:00,37.38,37.46,37.38,37.46,16975
2012-11-21 12:45:00,37.4592,37.6,37.43,37.59,80622
2012-11-21 13:00:00,37.61,37.63,37.56,37.57,25383
2012-11-21 13:15:00,37.58,37.66,37.58,37.66,7795
2012-11-21 13:30:00,37.67,37.675,37.64,37.67,10947
2012-11-21 13:45:00,37.67,37.7,37.62,37.7,8045
2012-11-21 14:00:00,37.69,37.693000000000005,37.65,37.69,9091
2012-11-21 14:15:00,37.695,37.74,37.695,37.74,9189
2012-11-21 14:30:00,37.74,37.74,37.61,37.66,14179
2012-11-21 14:45:00,37.66,37.69,37.62,37.69,19524
2012-11-21 15:00:00,37.69,37.7,37.66,37.66,13546
2012-11-21 15:15:00,37.65,37.67,37.63,37.64,11598
2012-11-21 15:30:00,37.65,37.67,37.6,37.6,13086
2012-11-21 15:45:00,37.61,37.65,37.56,37.64,41472
2012-11-21 16:00:00,37.63,37.69,37.58,37.675,116117
2012-11-23 09:45:00,37.81,38.02,37.74,37.74,32587
2012-11-23 10:00:00,37.7499,37.89,37.7499,37.86,13309
2012-11-23 10:15:00,37.87,37.89,37.85,37.89,23389
2012-11-23 10:30:00,37.89,37.99,37.8762,37.95,34031
2012-11-23 10:45:00,37.96,37.99,37.92,37.9844,17705
2012-11-23 11:00:00,37.985,37.99,37.96,37.99,37275
2012-11-23 11:15:00,37.98,37.99,37.97,37.99,29489
2012-11-23 11:30:00,37.99,37.99,37.97,37.99,29496
2012-11-23 11:45:00,37.99,38.0,37.965,37.965,23923
2012-11-23 12:00:00,37.96,38.0,37.95,38.0,19193
2012-11-23 12:15:00,38.0,38.04,37.99,38.0,122788
2012-11-23 12:30:00,38.0,38.05,37.975,38.0343,32670
2012-11-23 12:45:00,38.04,38.19,38.03,38.18,50639
2012-11-23 13:00:00,38.18,38.25,38.15,38.23,47113
2012-11-23 13:15:00,38.23,38.2538,37.9991,38.2538,15589
2012-11-23 13:30:00,38.0201,38.2577,38.0201,38.2577,1405
2012-11-23 14:00:00,37.68,37.68,37.68,37.68,500
2012-11-26 09:45:00,38.25,38.46,38.25,38.44,33570
2012-11-26 10:00:00,38.43,38.49,38.4,38.46,12010
2012-11-26 10:15:00,38.46,38.46,38.23,38.23,19098
2012-11-26 10:30:00,38.22,38.28,38.12,38.28,30511
2012-11-26 10:45:00,38.288000000000004,38.34,38.27,38.32,10531
2012-11-26 11:00:00,38.34,38.39,38.27,38.27,37362
2012-11-26 11:15:00,38.27,38.31,38.1,38.145,47847
2012-11-26 11:30:00,38.145,38.28,38.14,38.235,30250
2012-11-26 11:45:00,38.235,38.28,38.21,38.21,22322
2012-11-26 12:00:00,38.19,38.24,38.16,38.19,18051
2012-11-26 12:15:00,38.21,38.235,38.19,38.1965,12755
2012-11-26 12:30:00,38.19,38.27,38.1825,38.27,20590
2012-11-26 12:45:00,38.27,38.28,38.125,38.13,19727
2012-11-26 13:00:00,38.16,38.165,38.102,38.13,11439
2012-11-26 13:15:00,38.1101,38.16,38.1099,38.12,14797
2012-11-26 13:30:00,38.12,38.21,38.12,38.21,20505
2012-11-26 13:45:00,38.21,38.26,38.21,38.24,15921
2012-11-26 14:00:00,38.23,38.23,38.16,38.16,13674
2012-11-26 14:15:00,38.14,38.23,38.11,38.225,12902
2012-11-26 14:30:00,38.23,38.32,38.23,38.31,26670
2012-11-26 14:45:00,38.3,38.37,38.28,38.28,17130
2012-11-26 15:00:00,38.28,38.345,38.27,38.315,17022
2012-11-26 15:15:00,38.31,38.3152,38.25,38.3,22666
2012-11-26 15:30:00,38.3,38.38,38.27,38.35,12509
2012-11-26 15:45:00,38.37,38.37,38.21,38.23,55770
2012-11-26 16:00:00,38.24,38.34,38.24,38.3,89741
2012-11-27 09:45:00,38.36,38.5,38.32,38.48,27030
2012-11-27 10:00:00,38.5,38.7,38.5,38.61,29858
2012-11-27 10:15:00,38.66,38.66,38.5,38.56,26384
2012-11-27 10:30:00,38.56,38.62,38.36,38.42,52418
2012-11-27 10:45:00,38.4,38.41,38.24,38.24,74740
2012-11-27 11:00:00,38.24,38.42,38.23,38.29,40859
2012-11-27 11:15:00,38.29,38.42,38.29,38.4,14649
2012-11-27 11:30:00,38.4,38.41,38.36,38.3901,22245
2012-11-27 11:45:00,38.4,38.42,38.36,38.39,30279
2012-11-27 12:00:00,38.39,38.41,38.3865,38.4,19289
2012-11-27 12:15:00,38.4,38.41,38.36,38.36,14885
2012-11-27 12:30:00,38.38,38.41,38.37,38.4,7027
2012-11-27 12:45:00,38.3993,38.41,38.37,38.38,16111
2012-11-27 13:00:00,38.38,38.3899,38.36,38.38,7883
2012-11-27 13:15:00,38.39,38.4,38.36,38.39,20701
2012-11-27 13:30:00,38.38,38.52,38.38,38.468,29974
2012-11-27 13:45:00,38.47,38.5,38.41,38.48,24481
2012-11-27 14:00:00,38.48,38.48,38.42,38.45,16412
2012-11-27 14:15:00,38.44,38.46,38.41,38.44,25625
2012-11-27 14:30:00,38.45,38.46,38.36,38.3752,32597
2012-11-27 14:45:00,38.37,38.41,38.36,38.3701,28140
2012-11-27 15:00:00,38.38,38.44,38.35,38.39,33695
2012-11-27 15:15:00,38.4,38.47,38.37,38.47,40791
2012-11-27 15:30:00,38.47,38.48,38.38,38.395,48249
2012-11-27 15:45:00,38.4,38.405,38.29,38.37,81496
2012-11-27 16:00:00,38.36,38.39,38.22,38.3,157654
2012-11-28 09:45:00,38.01,38.26,38.0,38.2201,74114
2012-11-28 10:00:00,38.23,38.26,38.1112,38.2,20483
2012-11-28 10:15:00,38.19,38.19,38.04,38.11,29612
2012-11-28 10:30:00,38.1101,38.29,38.02,38.2196,30950
2012-11-28 10:45:00,38.2209,38.39,38.21,38.275,15562
2012-11-28 11:00:00,38.28,38.3,38.19,38.19,17315
2012-11-28 11:15:00,38.19,38.31,38.15,38.29,16473
2012-11-28 11:30:00,38.2799,38.42,38.25,38.34,19845
2012-11-28 11:45:00,38.36,38.37,38.23,38.26,26905
2012-11-28 12:00:00,38.25,38.28,38.22,38.26,14206
2012-11-28 12:15:00,38.26,38.29,38.17,38.23,18987
2012-11-28 12:30:00,38.26,38.39,38.25,38.39,11768
2012-11-28 12:45:00,38.39,38.47,38.34,38.47,11235
2012-11-28 13:00:00,38.47,38.49,38.42,38.48,10198
2012-11-28 13:15:00,38.47,38.48,38.37,38.39,23300
2012-11-28 13:30:00,38.39,38.42,38.35,38.39,11261
2012-11-28 13:45:00,38.39,38.43,38.3442,38.37,17399
2012-11-28 14:00:00,38.3799,38.39,38.33,38.36,11880
2012-11-28 14:15:00,38.36,38.39,38.32,38.3563,12041
2012-11-28 14:30:00,38.36,38.37,38.3237,38.3467,11645
2012-11-28 14:45:00,38.35,38.38,38.33,38.35,14651
2012-11-28 15:00:00,38.35,38.37,38.333,38.37,16520
2012-11-28 15:15:00,38.37,38.37,38.32,38.35,23340
2012-11-28 15:30:00,38.35,38.44,38.34,38.42,27538
2012-11-28 15:45:00,38.42,38.47,38.39,38.39,55390
2012-11-28 16:00:00,38.4,38.56,38.37,38.53,140421
2012-11-29 09:45:00,38.5,38.84,38.45,38.8,15729
2012-11-29 10:00:00,38.78,38.85,38.69,38.8,18649
2012-11-29 10:15:00,38.8,38.86,38.62,38.68,23804
2012-11-29 10:30:00,38.68,38.6999,38.49,38.61,27402
2012-11-29 10:45:00,38.61,38.6201,38.455,38.57,20607
2012-11-29 11:00:00,38.57,38.58,38.49,38.58,24125
2012-11-29 11:15:00,38.575,38.575,38.47,38.5373,31861
2012-11-29 11:30:00,38.5425,38.5499,38.39,38.45,78228
2012-11-29 11:45:00,38.455,38.46,38.08,38.25,96984
2012-11-29 12:00:00,38.24,38.29,38.18,38.23,33117
2012-11-29 12:15:00,38.25,38.3,38.185,38.26,42699
2012-11-29 12:30:00,38.26,38.36,38.26,38.33,48791
2012-11-29 12:45:00,38.34,38.4,38.29,38.31,33181
2012-11-29 13:00:00,38.32,38.33,38.26,38.315,32906
2012-11-29 13:15:00,38.32,38.36,38.3,38.3,16017
2012-11-29 13:30:00,38.31,38.35,38.305,38.345,17254
2012-11-29 13:45:00,38.35,38.44,38.31,38.44,60932
2012-11-29 14:00:00,38.44,38.51,38.41,38.51,31018
2012-11-29 14:15:00,38.52,38.61,38.515,38.6,26007
2012-11-29 14:30:00,38.61,38.7,38.59,38.6,26693
2012-11-29 14:45:00,38.6,38.65,38.6,38.635,10074
2012-11-29 15:00:00,38.63,38.64,38.56,38.58,21337
2012-11-29 15:15:00,38.58,38.61,38.48,38.4882,34441
2012-11-29 15:30:00,38.4875,38.5,38.36,38.4765,43892
2012-11-29 15:45:00,38.478,38.6,38.475,38.59,42632
2012-11-29 16:00:00,38.59,38.61,38.54,38.59,57140
2012-11-30 09:45:00,38.7,38.88,38.49,38.86,42089
2012-11-30 10:00:00,38.86,38.87,38.77,38.77,45813
2012-11-30 10:15:00,38.77,38.93,38.76,38.78,95072
2012-11-30 10:30:00,38.79,39.01,38.74,38.91,180643
2012-11-30 10:45:00,38.89,38.9,38.76,38.77,33735
2012-11-30 11:00:00,38.79,38.79,38.6,38.63,29433
2012-11-30 11:15:00,38.62,38.655,38.46,38.46,38827
2012-11-30 11:30:00,38.465,38.483000000000004,38.3901,38.4,39606
2012-11-30 11:45:00,38.39,38.405,38.3,38.31,33892
2012-11-30 12:00:00,38.33,38.455999999999996,38.33,38.36,55014
2012-11-30 12:15:00,38.34,38.42,38.34,38.42,12686
2012-11-30 12:30:00,38.42,38.42,38.35,38.42,36452
2012-11-30 12:45:00,38.41,38.42,38.35,38.37,21337
2012-11-30 13:00:00,38.37,38.42,38.35,38.35,14718
2012-11-30 13:15:00,38.34,38.415,38.34,38.37,14134
2012-11-30 13:30:00,38.37,38.5,38.32,38.34,57148
2012-11-30 13:45:00,38.33,38.35,38.28,38.34,30266
2012-11-30 14:00:00,38.34,38.38,38.3099,38.33,22580
2012-11-30 14:15:00,38.33,38.4,38.33,38.38,31010
2012-11-30 14:30:00,38.3899,38.47,38.38,38.44,45609
2012-11-30 14:45:00,38.44,38.45,38.38,38.4,31696
2012-11-30 15:00:00,38.39,38.41,38.33,38.36,20831
2012-11-30 15:15:00,38.36,38.43,38.31,38.408,43592
2012-11-30 15:30:00,38.4,38.42,38.36,38.4,69001
2012-11-30 15:45:00,38.4,38.41,38.37,38.4,57584
2012-11-30 16:00:00,38.39,38.52,38.39,38.46,251865
2012-12-03 09:45:00,38.6,38.89,38.45,38.57,41752
2012-12-03 10:00:00,38.64,38.64,38.4,38.42,28813
2012-12-03 10:15:00,38.4,38.4399,38.2016,38.4399,41435
2012-12-03 10:30:00,38.43,38.49,38.1,38.19,50609
2012-12-03 10:45:00,38.19,38.22,38.07,38.15,38998
2012-12-03 11:00:00,38.14,38.15,38.025,38.04,35252
2012-12-03 11:15:00,38.09,38.14,38.0,38.0375,47162
2012-12-03 11:30:00,38.03,38.2075,38.03,38.2,25144
2012-12-03 11:45:00,38.2,38.25,38.1,38.1,41253
2012-12-03 12:00:00,38.108000000000004,38.18,38.09,38.165,17601
2012-12-03 12:15:00,38.175,38.175,38.08,38.115,20658
2012-12-03 12:30:00,38.12,38.12,38.07,38.08,15743
2012-12-03 12:45:00,38.07,38.09,38.04,38.065,16999
2012-12-03 13:00:00,38.06,38.165,38.04,38.14,17585
2012-12-03 13:15:00,38.12,38.17,38.04,38.1682,22485
2012-12-03 13:30:00,38.16,38.165,38.09,38.1375,13546
2012-12-03 13:45:00,38.133,38.133,38.02,38.08,17853
2012-12-03 14:00:00,38.075,38.08,38.0,38.02,37597
2012-12-03 14:15:00,38.02,38.02,37.82,37.92,138893
2012-12-03 14:30:00,37.92,38.05,37.9199,38.034,28545
2012-12-03 14:45:00,38.03,38.06,38.01,38.03,43873
2012-12-03 15:00:00,38.04,38.04,37.94,37.96,49956
2012-12-03 15:15:00,37.95,37.99,37.83,37.83,80194
2012-12-03 15:30:00,37.84,37.84,37.72,37.735,85138
2012-12-03 15:45:00,37.75,37.76,37.64,37.66,134185
2012-12-03 16:00:00,37.66,37.715,37.55,37.7,204873
2012-12-04 09:45:00,37.69,37.82,37.26,37.265,84415
2012-12-04 10:00:00,37.265,37.28,37.0,37.06,92535
2012-12-04 10:15:00,37.06,37.4,37.06,37.3825,45230
2012-12-04 10:30:00,37.3801,37.52,37.27,37.3,94359
2012-12-04 10:45:00,37.3,37.37,37.18,37.18,42048
2012-12-04 11:00:00,37.18,37.205,36.91,36.95,44590
2012-12-04 11:15:00,36.95,36.98,36.84,36.85,74967
2012-12-04 11:30:00,36.85,37.04,36.84,36.97,51688
2012-12-04 11:45:00,36.97,37.09,36.96,37.08,26611
2012-12-04 12:00:00,37.09,37.18,37.065,37.11,25300
2012-12-04 12:15:00,37.11,37.11,36.96,36.98,26512
2012-12-04 12:30:00,36.98,37.03,36.88,37.02,27378
2012-12-04 12:45:00,37.01,37.01,36.88,36.8801,20234
2012-12-04 13:00:00,36.88,36.93,36.855,36.865,22696
2012-12-04 13:15:00,36.87,36.9,36.81,36.81,39840
2012-12-04 13:30:00,36.82,36.83,36.65,36.75,133374
2012-12-04 13:45:00,36.75,36.89,36.745,36.87,89169
2012-12-04 14:00:00,36.87,37.09,36.82,37.07,85055
2012-12-04 14:15:00,37.07,37.215,37.06,37.18,28601
2012-12-04 14:30:00,37.18,37.24,37.145,37.2,26504
2012-12-04 14:45:00,37.2,37.24,37.17,37.19,27450
2012-12-04 15:00:00,37.2,37.23,37.16,37.23,22275
2012-12-04 15:15:00,37.23,37.395,37.22,37.32,38123
2012-12-04 15:30:00,37.32,37.39,37.22,37.3,54036
2012-12-04 15:45:00,37.3,37.345,37.245,37.32,49006
2012-12-04 16:00:00,37.33,37.37,37.27,37.32,139362
2012-12-05 09:45:00,37.14,37.15,36.63,36.83,114500
2012-12-05 10:00:00,36.82,36.95,36.78,36.78,53249
2012-12-05 10:15:00,36.79,36.94,36.66,36.71,88208
2012-12-05 10:30:00,36.69,36.8,36.66,36.71,414908
2012-12-05 10:45:00,36.7,36.77,36.7,36.765,144746
2012-12-05 11:00:00,36.76,36.8399,36.74,36.8399,49602
2012-12-05 11:15:00,36.82,36.93,36.81,36.91,48214
2012-12-05 11:30:00,36.91,36.94,36.85,36.88,34650
2012-12-05 11:45:00,36.89,37.05,36.885,37.0,32994
2012-12-05 12:00:00,37.0,37.17,36.995,37.12,37728
2012-12-05 12:15:00,37.12,37.22,37.105,37.17,20671
2012-12-05 12:30:00,37.18,37.2,37.105,37.13,22969
2012-12-05 12:45:00,37.125,37.22,37.1,37.2001,24032
2012-12-05 13:00:00,37.21,37.215,37.125,37.16,24806
2012-12-05 13:15:00,37.17,37.19,37.1401,37.18,57554
2012-12-05 13:30:00,37.1899,37.25,37.1,37.22,24963
2012-12-05 13:45:00,37.22,37.2599,37.18,37.245,27660
2012-12-05 14:00:00,37.26,37.29,37.14,37.145,33465
2012-12-05 14:15:00,37.14,37.17,37.065,37.075,24724
2012-12-05 14:30:00,37.09,37.15,37.02,37.02,45769
2012-12-05 14:45:00,37.03,37.095,37.015,37.085,36271
2012-12-05 15:00:00,37.09,37.0999,36.95,36.95,93125
2012-12-05 15:15:00,36.95,37.04,36.945,37.02,60102
2012-12-05 15:30:00,37.03,37.04,36.98,36.99,46764
2012-12-05 15:45:00,36.99,37.06,36.985,37.01,52717
2012-12-05 16:00:00,37.01,37.05,36.94,36.99,151739
2012-12-06 09:45:00,37.01,37.32,37.01,37.14,56718
2012-12-06 10:00:00,37.14,37.18,37.0501,37.13,21208
2012-12-06 10:15:00,37.12,37.17,37.07,37.16,20577
2012-12-06 10:30:00,37.15,37.22,37.07,37.18,12265
2012-12-06 10:45:00,37.19,37.27,37.16,37.16,19994
2012-12-06 11:00:00,37.17,37.23,37.13,37.16,28053
2012-12-06 11:15:00,37.17,37.2,37.03,37.08,27492
2012-12-06 11:30:00,37.08,37.15,37.06,37.08,22484
2012-12-06 11:45:00,37.09,37.17,37.08,37.12,41080
2012-12-06 12:00:00,37.11,37.115,37.03,37.03,21343
2012-12-06 12:15:00,37.03,37.1282,37.02,37.08,16210
2012-12-06 12:30:00,37.085,37.12,36.99,37.09,58018
2012-12-06 12:45:00,37.08,37.08,37.02,37.08,41242
2012-12-06 13:00:00,37.09,37.1199,37.06,37.07,24990
2012-12-06 13:15:00,37.07,37.12,37.05,37.09,18866
2012-12-06 13:30:00,37.095,37.17,37.095,37.13,35011
2012-12-06 13:45:00,37.13,37.18,37.125,37.15,23931
2012-12-06 14:00:00,37.15,37.19,37.135,37.18,27377
2012-12-06 14:15:00,37.18,37.22,37.155,37.22,35524
2012-12-06 14:30:00,37.21,37.33,37.18,37.27,119377
2012-12-06 14:45:00,37.29,37.29,37.17,37.17,31623
2012-12-06 15:00:00,37.165,37.255,37.14,37.22,54121
2012-12-06 15:15:00,37.22,37.25,37.1901,37.21,30308
2012-12-06 15:30:00,37.205,37.21,37.12,37.13,37763
2012-12-06 15:45:00,37.135,37.19,37.125,37.19,43955
2012-12-06 16:00:00,37.185,37.22,37.16,37.22,85444
2012-12-07 09:45:00,37.26,37.5,37.21,37.4,68243
2012-12-07 10:00:00,37.38,37.4,37.15,37.19,46369
2012-12-07 10:15:00,37.18,37.27,37.15,37.2231,19536
2012-12-07 10:30:00,37.23,37.29,37.15,37.22,41315
2012-12-07 10:45:00,37.22,37.22,37.0,37.07,22445
2012-12-07 11:00:00,37.07,37.07,36.86,36.87,28883
2012-12-07 11:15:00,36.87,36.96,36.76,36.93,66858
2012-12-07 11:30:00,36.91,37.01,36.88,36.98,22974
2012-12-07 11:45:00,36.98,37.009,36.96,36.98,24674
2012-12-07 12:00:00,36.9782,37.0,36.834,36.86,35888
2012-12-07 12:15:00,36.85,36.93,36.84,36.93,28324
2012-12-07 12:30:00,36.95,37.01,36.95,37.0,13371
2012-12-07 12:45:00,37.0,37.04,36.92,37.02,41444
2012-12-07 13:00:00,37.03,37.1,37.01,37.06,34681
2012-12-07 13:15:00,37.05,37.14,37.02,37.1,27655
2012-12-07 13:30:00,37.11,37.21,37.11,37.2,23327
2012-12-07 13:45:00,37.19,37.29,37.19,37.25,42497
2012-12-07 14:00:00,37.26,37.31,37.24,37.31,25568
2012-12-07 14:15:00,37.295,37.3,37.245,37.28,15988
2012-12-07 14:30:00,37.28,37.3,37.24,37.275,31633
2012-12-07 14:45:00,37.275,37.33,37.275,37.32,55385
2012-12-07 15:00:00,37.32,37.36,37.3,37.35,28009
2012-12-07 15:15:00,37.35,37.41,37.33,37.35,89957
2012-12-07 15:30:00,37.35,37.38,37.31,37.38,33725
2012-12-07 15:45:00,37.39,37.4,37.34,37.4,48665
2012-12-07 16:00:00,37.41,37.48,37.41,37.46,90248
2012-12-10 09:45:00,37.48,37.5,37.24,37.3,82827
2012-12-10 10:00:00,37.3,37.34,37.18,37.18,60112
2012-12-10 10:15:00,37.18,37.21,37.05,37.2,178713
2012-12-10 10:30:00,37.2,37.29,37.13,37.27,28215
2012-12-10 10:45:00,37.26,37.375,37.24,37.345,10053
2012-12-10 11:00:00,37.36,37.44,37.315,37.39,13576
2012-12-10 11:15:00,37.38,37.45,37.35,37.438,18785
2012-12-10 11:30:00,37.44,37.52,37.435,37.49,32301
2012-12-10 11:45:00,37.49,37.5,37.38,37.41,32880
2012-12-10 12:00:00,37.41,37.44,37.35,37.385,23913
2012-12-10 12:15:00,37.38,37.38,37.35,37.37,8575
2012-12-10 12:30:00,37.365,37.46,37.365,37.44,25419
2012-12-10 12:45:00,37.435,37.46,37.435,37.45,12932
2012-12-10 13:00:00,37.45,37.48,37.442,37.46,9771
2012-12-10 13:15:00,37.47,37.47,37.38,37.3959,18624
2012-12-10 13:30:00,37.39,37.395,37.295,37.3,22728
2012-12-10 13:45:00,37.29,37.32,37.28,37.285,17382
2012-12-10 14:00:00,37.29,37.305,37.27,37.3,15997
2012-12-10 14:15:00,37.3,37.33,37.28,37.3,20176
2012-12-10 14:30:00,37.3,37.36,37.3,37.35,23169
2012-12-10 14:45:00,37.36,37.43,37.32,37.42,33861
2012-12-10 15:00:00,37.41,37.46,37.41,37.44,26592
2012-12-10 15:15:00,37.44,37.49,37.4201,37.49,35071
2012-12-10 15:30:00,37.485,37.6,37.4701,37.6,36460
2012-12-10 15:45:00,37.585,37.6,37.52,37.58,54884
2012-12-10 16:00:00,37.58,37.63,37.57,37.59,116813
2012-12-11 09:45:00,37.71,37.7484,37.32,37.64,60883
2012-12-11 10:00:00,37.64,37.97,37.64,37.97,36921
2012-12-11 10:15:00,37.96,38.08,37.92,38.07,44830
2012-12-11 10:30:00,38.07,38.13,38.0495,38.1,43113
2012-12-11 10:45:00,38.1,38.23,38.07,38.18,54254
2012-12-11 11:00:00,38.18,38.31,38.16,38.29,60672
2012-12-11 11:15:00,38.3,38.36,38.17,38.17,59725
2012-12-11 11:30:00,38.1528,38.28,38.15,38.24,65276
2012-12-11 11:45:00,38.24,38.25,38.16,38.2,26905
2012-12-11 12:00:00,38.2,38.29,38.13,38.18,36245
2012-12-11 12:15:00,38.17,38.17,37.98,38.02,32429
2012-12-11 12:30:00,38.02,38.085,37.9701,38.03,22365
2012-12-11 12:45:00,38.04,38.04,37.983000000000004,38.0,19113
2012-12-11 13:00:00,37.99,38.009,37.985,37.99,12224
2012-12-11 13:15:00,38.0,38.01,37.97,37.995,23688
2012-12-11 13:30:00,37.99,38.005,37.98,37.98,12367
2012-12-11 13:45:00,37.983000000000004,38.01,37.97,37.98,16560
2012-12-11 14:00:00,37.98,38.06,37.98,38.04,19569
2012-12-11 14:15:00,38.05,38.06,38.0,38.0,15674
2012-12-11 14:30:00,38.0,38.01,37.97,37.98,14609
2012-12-11 14:45:00,37.97,37.99,37.87,37.87,13601
2012-12-11 15:00:00,37.87,37.89,37.8,37.805,28411
2012-12-11 15:15:00,37.81,37.81,37.72,37.775,45757
2012-12-11 15:30:00,37.765,37.799,37.75,37.77,35445
2012-12-11 15:45:00,37.78,37.805,37.77,37.795,89918
2012-12-11 16:00:00,37.8,38.03,37.79,38.0,234049
2012-12-12 09:45:00,38.07,38.2299,37.98,38.01,53460
2012-12-12 10:00:00,38.0,38.025,37.94,37.96,31969
2012-12-12 10:15:00,37.96,38.04,37.92,38.035,19689
2012-12-12 10:30:00,38.0344,38.2,38.01,38.2,30564
2012-12-12 10:45:00,38.22,38.24,38.09,38.11,36267
2012-12-12 11:00:00,38.11,38.13,38.02,38.02,24274
2012-12-12 11:15:00,38.03,38.04,38.0,38.01,26143
2012-12-12 11:30:00,38.015,38.015,37.86,37.86,54464
2012-12-12 11:45:00,37.86,37.94,37.85,37.88,30051
2012-12-12 12:00:00,37.88,37.895,37.84,37.84,19421
2012-12-12 12:15:00,37.83,37.895,37.82,37.895,20558
2012-12-12 12:30:00,37.9,37.92,37.85,37.91,30042
2012-12-12 12:45:00,37.915,37.9991,37.8543,37.99,26512
2012-12-12 13:00:00,37.98,38.01,37.95,37.98,48905
2012-12-12 13:15:00,38.0,38.0,37.86,37.94,28767
2012-12-12 13:30:00,37.94,38.0,37.88,37.9703,40035
2012-12-12 13:45:00,37.975,38.0,37.945,37.95,33413
2012-12-12 14:00:00,37.97,38.005,37.96,37.97,26862
2012-12-12 14:15:00,37.97,38.06,37.935,38.06,31731
2012-12-12 14:30:00,38.06,38.085,38.035,38.06,25007
2012-12-12 14:45:00,38.06,38.06,37.96,37.98,34030
2012-12-12 15:00:00,37.98,38.0,37.925,37.925,29443
2012-12-12 15:15:00,37.925,37.925,37.765,37.779,166115
2012-12-12 15:30:00,37.78,37.88,37.775,37.87,50907
2012-12-12 15:45:00,37.875,37.895,37.69,37.71,88354
2012-12-12 16:00:00,37.715,37.79,37.68,37.76,459702
2012-12-13 09:45:00,37.48,37.87,37.48,37.67,45803
2012-12-13 10:00:00,37.658,37.71,37.54,37.565,41730
2012-12-13 10:15:00,37.57,37.675,37.541,37.65,36027
2012-12-13 10:30:00,37.67,37.68,37.58,37.59,14680
2012-12-13 10:45:00,37.575,37.73,37.575,37.63,41214
2012-12-13 11:00:00,37.62,37.65,37.45,37.465,25590
2012-12-13 11:15:00,37.46,37.46,37.27,37.27,37812
2012-12-13 11:30:00,37.28,37.28,37.235,37.25,24494
2012-12-13 11:45:00,37.25,37.375,37.24,37.335,35714
2012-12-13 12:00:00,37.33,37.34,37.28,37.34,44579
2012-12-13 12:15:00,37.33,37.335,37.18,37.22,27301
2012-12-13 12:30:00,37.23,37.28,37.21,37.24,38229
2012-12-13 12:45:00,37.24,37.29,37.17,37.17,40013
2012-12-13 13:00:00,37.18,37.235,37.14,37.16,21465
2012-12-13 13:15:00,37.15,37.225,37.11,37.14,23549
2012-12-13 13:30:00,37.14,37.22,37.13,37.21,13979
2012-12-13 13:45:00,37.21,37.22,37.13,37.13,9759
2012-12-13 14:00:00,37.13,37.17,37.09,37.16,29861
2012-12-13 14:15:00,37.155,37.2,37.06,37.06,40560
2012-12-13 14:30:00,37.06,37.16,37.041,37.11,29750
2012-12-13 14:45:00,37.1,37.14,37.07,37.14,23054
2012-12-13 15:00:00,37.1378,37.19,37.105,37.15,49627
2012-12-13 15:15:00,37.16,37.185,37.12,37.18,76869
2012-12-13 15:30:00,37.18,37.185,37.13,37.145,18872
2012-12-13 15:45:00,37.16,37.3,37.155,37.26,36869
2012-12-13 16:00:00,37.26,37.28,37.12,37.19,129178
2012-12-14 09:45:00,37.08,37.305,37.08,37.2,44418
2012-12-14 10:00:00,37.2,37.26,37.16,37.205,92314
2012-12-14 10:15:00,37.205,37.205,37.082,37.14,30340
2012-12-14 10:30:00,37.15,37.15,36.95,37.0,48867
2012-12-14 10:45:00,36.99,37.135,36.98,37.06,35082
2012-12-14 11:00:00,37.07,37.17,37.02,37.16,76785
2012-12-14 11:15:00,37.16,37.165,36.97,37.07,60774
2012-12-14 11:30:00,37.07,37.095,37.0,37.085,22460
2012-12-14 11:45:00,37.085,37.25,37.08,37.18,36013
2012-12-14 12:00:00,37.1787,37.25,37.17,37.2,42180
2012-12-14 12:15:00,37.2,37.24,37.17,37.17,43505
2012-12-14 12:30:00,37.18,37.205,37.14,37.2,17650
2012-12-14 12:45:00,37.19,37.22,37.17,37.18,27102
2012-12-14 13:00:00,37.17,37.18,37.1,37.12,24247
2012-12-14 13:15:00,37.125,37.14,36.975,37.0,33704
2012-12-14 13:30:00,37.0,37.05,36.98,37.0,15016
2012-12-14 13:45:00,36.99,37.0,36.93,36.96,28801
2012-12-14 14:00:00,36.96,37.0,36.95,37.0,17527
2012-12-14 14:15:00,37.0,37.01,36.98,37.01,23553
2012-12-14 14:30:00,37.0,37.01,36.98,36.9943,37487
2012-12-14 14:45:00,36.99,36.995,36.94,36.94,26117
2012-12-14 15:00:00,36.94,36.94,36.83,36.8482,48716
2012-12-14 15:15:00,36.85,36.87,36.84,36.855,69025
2012-12-14 15:30:00,36.855,36.865,36.85,36.85,53355
2012-12-14 15:45:00,36.85,36.96,36.84,36.955,74102
2012-12-14 16:00:00,36.96,36.97,36.91,36.97,144789
2012-12-17 09:45:00,36.97,37.17,36.84,36.875,66451
2012-12-17 10:00:00,36.88,37.02,36.87,36.985,69709
2012-12-17 10:15:00,36.99,37.02,36.94,36.97,54390
2012-12-17 10:30:00,36.975,37.01,36.92,37.0,26680
2012-12-17 10:45:00,36.995,37.03,36.9549,36.98,48654
2012-12-17 11:00:00,36.98,36.995,36.92,36.92,32519
2012-12-17 11:15:00,36.91,36.99,36.91,36.952,21724
2012-12-17 11:30:00,36.97,36.97,36.91,36.92,27539
2012-12-17 11:45:00,36.92,37.05,36.91,37.05,56237
2012-12-17 12:00:00,37.06,37.07,36.94,36.945,68316
2012-12-17 12:15:00,36.95,36.95,36.87,36.89,74290
2012-12-17 12:30:00,36.89,36.99,36.85,36.9899,77339
2012-12-17 12:45:00,36.985,37.0,36.9524,36.98,33331
2012-12-17 13:00:00,36.98,37.0,36.95,36.98,18456
2012-12-17 13:15:00,36.99,37.02,36.98,36.98,27352
2012-12-17 13:30:00,36.99,37.01,36.925,36.95,18353
2012-12-17 13:45:00,36.94,36.94,36.84,36.88,35987
2012-12-17 14:00:00,36.89,36.89,36.85,36.89,25924
2012-12-17 14:15:00,36.89,36.95,36.87,36.89,38187
2012-12-17 14:30:00,36.88,36.88,36.84,36.85,27768
2012-12-17 14:45:00,36.86,36.875,36.85,36.87,19337
2012-12-17 15:00:00,36.865,36.87,36.78,36.845,84009
2012-12-17 15:15:00,36.84,36.845,36.77,36.82,49845
2012-12-17 15:30:00,36.82,36.82,36.56,36.56,127290
2012-12-17 15:45:00,36.58,36.77,36.58,36.76,98802
2012-12-17 16:00:00,36.76,36.85,36.64,36.74,348608
2012-12-18 09:45:00,36.92,36.98,36.74,36.81,60841
2012-12-18 10:00:00,36.8,36.98,36.795,36.88,37275
2012-12-18 10:15:00,36.885,36.92,36.845,36.89,46743
2012-12-18 10:30:00,36.88,36.98,36.84,36.89,47232
2012-12-18 10:45:00,36.92,37.06,36.91,37.0,44447
2012-12-18 11:00:00,37.0,37.1,36.98,37.02,49945
2012-12-18 11:15:00,37.02,37.105,36.95,37.05,37210
2012-12-18 11:30:00,37.05,37.07,36.96,36.965,70334
2012-12-18 11:45:00,36.9601,37.04,36.9601,37.0,59536
2012-12-18 12:00:00,36.99,37.02,36.96,36.98,84621
2012-12-18 12:15:00,36.97,36.975,36.84,36.9,63518
2012-12-18 12:30:00,36.9,36.92,36.88,36.915,36616
2012-12-18 12:45:00,36.92,36.98,36.89,36.97,70278
2012-12-18 13:00:00,36.96,36.98,36.91,36.93,46435
2012-12-18 13:15:00,36.95,36.97,36.905,36.97,76150
2012-12-18 13:30:00,36.97,36.99,36.93,36.99,62437
2012-12-18 13:45:00,36.97,37.04,36.94,36.995,84741
2012-12-18 14:00:00,37.0,37.0193,36.96,36.97,42044
2012-12-18 14:15:00,36.97,36.98,36.92,36.94,108366
2012-12-18 14:30:00,36.935,36.96,36.83,36.84,67850
2012-12-18 14:45:00,36.83,36.83,36.76,36.79,45992
2012-12-18 15:00:00,36.79,36.79,36.68,36.72,79396
2012-12-18 15:15:00,36.71,36.83,36.7,36.75,79636
2012-12-18 15:30:00,36.75,36.755,36.71,36.71,58183
2012-12-18 15:45:00,36.71,36.72,36.65,36.67,105226
2012-12-18 16:00:00,36.67,36.73,36.66,36.73,234825
2012-12-19 09:45:00,36.88,36.99,36.64,36.81,147078
2012-12-19 10:00:00,36.81,36.84,36.78,36.83,38402
2012-12-19 10:15:00,36.83,36.88,36.83,36.87,46195
2012-12-19 10:30:00,36.86,36.89,36.81,36.89,49746
2012-12-19 10:45:00,36.88,36.93,36.86,36.92,50095
2012-12-19 11:00:00,36.92,37.05,36.92,37.01,58254
2012-12-19 11:15:00,37.01,37.07,36.98,36.9945,50650
2012-12-19 11:30:00,36.99,37.0,36.91,36.95,46160
2012-12-19 11:45:00,36.94,37.0,36.93,36.97,53564
2012-12-19 12:00:00,36.97,37.02,36.91,36.93,41645
2012-12-19 12:15:00,36.93,36.96,36.9,36.92,40903
2012-12-19 12:30:00,36.92,36.94,36.9,36.92,27464
2012-12-19 12:45:00,36.92,37.01,36.92,37.01,39946
2012-12-19 13:00:00,37.01,37.01,36.86,36.91,43900
2012-12-19 13:15:00,36.92,36.95,36.9,36.92,22791
2012-12-19 13:30:00,36.91,36.92,36.88,36.89,87141
2012-12-19 13:45:00,36.89,36.91,36.86,36.87,33150
2012-12-19 14:00:00,36.87,36.89,36.78,36.79,57582
2012-12-19 14:15:00,36.79,36.79,36.74,36.74,50076
2012-12-19 14:30:00,36.74,36.75,36.64,36.655,84994
2012-12-19 14:45:00,36.655,36.66,36.58,36.59,97165
2012-12-19 15:00:00,36.6,36.6,36.55,36.59,37780
2012-12-19 15:15:00,36.59,36.63,36.56,36.56,68413
2012-12-19 15:30:00,36.56,36.62,36.56,36.62,43551
2012-12-19 15:45:00,36.615,36.66,36.59,36.61,108189
2012-12-19 16:00:00,36.61,36.64,36.56,36.57,143665
2012-12-20 09:45:00,36.76,36.8376,36.32,36.35,68521
2012-12-20 10:00:00,36.35,36.35,36.15,36.24,63793
2012-12-20 10:15:00,36.24,36.315,36.21,36.24,65319
2012-12-20 10:30:00,36.25,36.25,36.13,36.19,54464
2012-12-20 10:45:00,36.17,36.25,36.15,36.225,60568
2012-12-20 11:00:00,36.225,36.26,36.19,36.2,61707
2012-12-20 11:15:00,36.2,36.23,36.17,36.18,76845
2012-12-20 11:30:00,36.19,36.21,36.16,36.17,35896
2012-12-20 11:45:00,36.17,36.27,36.17,36.25,29512
2012-12-20 12:00:00,36.25,36.31,36.23,36.31,37046
2012-12-20 12:15:00,36.31,36.45,36.31,36.44,28222
2012-12-20 12:30:00,36.44,36.47,36.3,36.34,41582
2012-12-20 12:45:00,36.34,36.425,36.34,36.42,22344
2012-12-20 13:00:00,36.42,36.45,36.42,36.45,26543
2012-12-20 13:15:00,36.44,36.55,36.4309,36.5,26375
2012-12-20 13:30:00,36.5,36.51,36.43,36.5,26546
2012-12-20 13:45:00,36.5,36.56,36.49,36.535,28014
2012-12-20 14:00:00,36.54,36.62,36.54,36.605,34406
2012-12-20 14:15:00,36.6,36.61,36.57,36.59,34896
2012-12-20 14:30:00,36.5999,36.61,36.57,36.59,32166
2012-12-20 14:45:00,36.59,36.61,36.58,36.61,25220
2012-12-20 15:00:00,36.6,36.65,36.58,36.6,34151
2012-12-20 15:15:00,36.595,36.64,36.595,36.6,31593
2012-12-20 15:30:00,36.6,36.6,36.5,36.53,47012
2012-12-20 15:45:00,36.53,36.55,36.47,36.54,54626
2012-12-20 16:00:00,36.5301,36.6,36.5,36.58,135963
2012-12-21 09:45:00,36.33,36.47,36.1,36.18,283740
2012-12-21 10:00:00,36.18,36.47,36.1124,36.43,44860
2012-12-21 10:15:00,36.43,36.44,36.16,36.23,38894
2012-12-21 10:30:00,36.25,36.25,36.14,36.16,30872
2012-12-21 10:45:00,36.16,36.2,36.085,36.11,105012
2012-12-21 11:00:00,36.1,36.31,35.98,36.27,91887
2012-12-21 11:15:00,36.29,36.34,36.25,36.34,52838
2012-12-21 11:30:00,36.33,36.39,36.28,36.33,26205
2012-12-21 11:45:00,36.33,36.33,36.21,36.23,27452
2012-12-21 12:00:00,36.24,36.26,36.16,36.17,25887
2012-12-21 12:15:00,36.17,36.175,36.09,36.13,17694
2012-12-21 12:30:00,36.12,36.18,36.095,36.17,13886
2012-12-21 12:45:00,36.16,36.16,36.09,36.105,35552
2012-12-21 13:00:00,36.1,36.16,36.08,36.14,36483
2012-12-21 13:15:00,36.15,36.2099,36.125,36.13,27265
2012-12-21 13:30:00,36.16,36.24,36.1399,36.24,12542
2012-12-21 13:45:00,36.24,36.25,36.17,36.17,35318
2012-12-21 14:00:00,36.17,36.2,36.15,36.18,24736
2012-12-21 14:15:00,36.1945,36.21,36.17,36.2,22659
2012-12-21 14:30:00,36.2,36.21,36.09,36.15,29160
2012-12-21 14:45:00,36.16,36.18,36.14,36.18,34876
2012-12-21 15:00:00,36.1775,36.26,36.17,36.22,37470
2012-12-21 15:15:00,36.22,36.24,36.2,36.23,31235
2012-12-21 15:30:00,36.23,36.26,36.2,36.21,34160
2012-12-21 15:45:00,36.205,36.21,36.14,36.19,88000
2012-12-21 16:00:00,36.18,36.1901,35.97,36.03,265831
2012-12-24 09:45:00,36.3,36.88,35.93,36.02,85251
2012-12-24 10:00:00,36.03,36.2225,36.03,36.12,35572
2012-12-24 10:15:00,36.13,36.1475,36.01,36.02,28465
2012-12-24 10:30:00,36.02,36.09,36.0,36.08,31335
2012-12-24 10:45:00,36.09,36.14,36.07,36.1,27025
2012-12-24 11:00:00,36.09,36.09,35.9,35.92,34844
2012-12-24 11:15:00,35.9,35.96,35.87,35.9,29324
2012-12-24 11:30:00,35.91,35.92,35.82,35.83,30626
2012-12-24 11:45:00,35.83,35.88,35.75,35.77,38543
2012-12-24 12:00:00,35.77,35.8699,35.72,35.79,62241
2012-12-24 12:15:00,35.8,35.81,35.77,35.795,27209
2012-12-24 12:30:00,35.8,35.8,35.68,35.7,61677
2012-12-24 12:45:00,35.7,35.71,35.655,35.7,44978
2012-12-24 13:00:00,35.69,35.89,35.63,35.88,114699
2012-12-24 13:15:00,35.88,35.92,35.87,35.8864,32950
2012-12-26 09:45:00,35.83,35.97,35.7003,35.73,61797
2012-12-26 10:00:00,35.711,35.89,35.71,35.76,17046
2012-12-26 10:15:00,35.78,35.89,35.7501,35.8301,19677
2012-12-26 10:30:00,35.83,35.861,35.7301,35.76,83339
2012-12-26 10:45:00,35.77,35.7801,35.663000000000004,35.67,20927
2012-12-26 11:00:00,35.67,35.715,35.58,35.58,20992
2012-12-26 11:15:00,35.59,35.64,35.46,35.46,33890
2012-12-26 11:30:00,35.46,35.46,35.35,35.355,47777
2012-12-26 11:45:00,35.35,35.365,35.29,35.31,36092
2012-12-26 12:00:00,35.31,35.43,35.31,35.4,52712
2012-12-26 12:15:00,35.41,35.43,35.36,35.4,19093
2012-12-26 12:30:00,35.4,35.41,35.27,35.29,43798
2012-12-26 12:45:00,35.28,35.35,35.27,35.29,26535
2012-12-26 13:00:00,35.3,35.4599,35.285,35.3499,129694
2012-12-26 13:15:00,35.34,35.39,35.31,35.36,16616
2012-12-26 13:30:00,35.37,35.4,35.32,35.34,25116
2012-12-26 13:45:00,35.348,35.48,35.34,35.37,120105
2012-12-26 14:00:00,35.37,35.395,35.35,35.36,29318
2012-12-26 14:15:00,35.3599,35.415,35.33,35.35,32274
2012-12-26 14:30:00,35.36,35.41,35.355,35.39,34065
2012-12-26 14:45:00,35.4,35.43,35.36,35.36,24812
2012-12-26 15:00:00,35.37,35.47,35.335,35.45,43296
2012-12-26 15:15:00,35.46,35.6,35.45,35.53,117884
2012-12-26 15:30:00,35.53,35.54,35.49,35.49,37943
2012-12-26 15:45:00,35.5,35.5,35.42,35.42,44087
2012-12-26 16:00:00,35.42,35.43,35.37,35.4,92237
2012-12-27 09:45:00,35.44,35.52,35.4,35.5055,54679
2012-12-27 10:00:00,35.49,35.49,35.25,35.28,29794
2012-12-27 10:15:00,35.28,35.28,35.185,35.23,58775
2012-12-27 10:30:00,35.2201,35.225,34.91,35.03,101305
2012-12-27 10:45:00,35.03,35.11,34.99,35.11,30594
2012-12-27 11:00:00,35.12,35.145,35.0801,35.1199,46024
2012-12-27 11:15:00,35.12,35.1495,34.97,35.12,76111
2012-12-27 11:30:00,35.12,35.21,35.09,35.15,34224
2012-12-27 11:45:00,35.15,35.23,35.15,35.225,15407
2012-12-27 12:00:00,35.22,35.26,35.175,35.24,17616
2012-12-27 12:15:00,35.24,35.27,35.085,35.13,42629
2012-12-27 12:30:00,35.14,35.15,35.06,35.08,27550
2012-12-27 12:45:00,35.07,35.07,34.98,35.0099,20076
2012-12-27 13:00:00,35.01,35.085,34.96,35.08,19786
2012-12-27 13:15:00,35.09,35.17,35.06,35.17,21293
2012-12-27 13:30:00,35.18,35.27,35.18,35.22,26986
2012-12-27 13:45:00,35.23,35.255,35.2,35.205,46463
2012-12-27 14:00:00,35.21,35.26,35.2,35.24,19323
2012-12-27 14:15:00,35.2499,35.25,35.2,35.24,40048
2012-12-27 14:30:00,35.2424,35.3201,35.2424,35.29,23926
2012-12-27 14:45:00,35.29,35.3,35.18,35.23,43010
2012-12-27 15:00:00,35.24,35.41,35.24,35.41,48108
2012-12-27 15:15:00,35.4001,35.54,35.39,35.52,56034
2012-12-27 15:30:00,35.52,35.63,35.51,35.59,52197
2012-12-27 15:45:00,35.6,35.64,35.545,35.57,80073
2012-12-27 16:00:00,35.57,35.59,35.53,35.54,81031
2012-12-28 09:45:00,35.51,35.6,35.09,35.12,68231
2012-12-28 10:00:00,35.12,35.19,35.06,35.14,32571
2012-12-28 10:15:00,35.14,35.26,35.0969,35.14,21573
2012-12-28 10:30:00,35.16,35.32,35.16,35.3,29772
2012-12-28 10:45:00,35.31,35.42,35.28,35.4,19797
2012-12-28 11:00:00,35.4,35.46,35.37,35.37,18768
2012-12-28 11:15:00,35.3826,35.445,35.37,35.41,18958
2012-12-28 11:30:00,35.42,35.47,35.37,35.405,17965
2012-12-28 11:45:00,35.4,35.4,35.34,35.3895,15673
2012-12-28 12:00:00,35.39,35.42,35.36,35.38,14079
2012-12-28 12:15:00,35.4,35.47,35.36,35.46,26736
2012-12-28 12:30:00,35.47,35.53,35.4401,35.51,20940
2012-12-28 12:45:00,35.5,35.535,35.46,35.52,17423
2012-12-28 13:00:00,35.51,35.59,35.51,35.52,24557
2012-12-28 13:15:00,35.52,35.575,35.5,35.536,40548
2012-12-28 13:30:00,35.53,35.6,35.53,35.54,48854
2012-12-28 13:45:00,35.5599,35.57,35.54,35.56,13789
2012-12-28 14:00:00,35.56,35.58,35.53,35.53,18834
2012-12-28 14:15:00,35.5399,35.5399,35.42,35.4699,19238
2012-12-28 14:30:00,35.46,35.52,35.46,35.475,24441
2012-12-28 14:45:00,35.48,35.49,35.42,35.44,37200
2012-12-28 15:00:00,35.43,35.43,35.34,35.34,25139
2012-12-28 15:15:00,35.35,35.39,35.33,35.38,42603
2012-12-28 15:30:00,35.37,35.4,35.33,35.33,62170
2012-12-28 15:45:00,35.34,35.41,35.28,35.31,99111
2012-12-28 16:00:00,35.3,35.36,35.24,35.33,203397
2012-12-31 09:45:00,35.2,35.25,35.04,35.24,57849
2012-12-31 10:00:00,35.2456,35.34,35.19,35.3,26147
2012-12-31 10:15:00,35.2901,35.44,35.29,35.31,41713
2012-12-31 10:30:00,35.31,35.4,35.3,35.35,20592
2012-12-31 10:45:00,35.3534,35.5,35.345,35.43,20677
2012-12-31 11:00:00,35.42,35.48,35.38,35.44,22412
2012-12-31 11:15:00,35.44,35.54,35.41,35.435,31998
2012-12-31 11:30:00,35.43,35.54,35.42,35.52,21893
2012-12-31 11:45:00,35.53,35.58,35.5,35.5101,15076
2012-12-31 12:00:00,35.52,35.57,35.48,35.57,17784
2012-12-31 12:15:00,35.57,35.62,35.53,35.55,16020
2012-12-31 12:30:00,35.56,35.59,35.48,35.48,16150
2012-12-31 12:45:00,35.49,35.58,35.46,35.52,48494
2012-12-31 13:00:00,35.52,35.6,35.48,35.53,43900
2012-12-31 13:15:00,35.525,35.54,35.42,35.5,47706
2012-12-31 13:30:00,35.5,35.6,35.5,35.56,16358
2012-12-31 13:45:00,35.56,35.71,35.55,35.654,24984
2012-12-31 14:00:00,35.6637,35.74,35.51,35.55,42779
2012-12-31 14:15:00,35.55,35.67,35.5299,35.67,22950
2012-12-31 14:30:00,35.67,35.748000000000005,35.67,35.74,15692
2012-12-31 14:45:00,35.74,35.79,35.7,35.78,24795
2012-12-31 15:00:00,35.76,35.91,35.76,35.85,25190
2012-12-31 15:15:00,35.86,35.92,35.75,35.76,38265
2012-12-31 15:30:00,35.76,35.7799,35.66,35.69,36241
2012-12-31 15:45:00,35.6945,35.74,35.675,35.72,51313
2012-12-31 16:00:00,35.73,35.92,35.72,35.89,163439
2013-01-02 09:45:00,36.37,36.38,35.99,36.01,209802
2013-01-02 10:00:00,36.01,36.19,35.98,36.05,121314
2013-01-02 10:15:00,36.08,36.09,35.87,35.98,159698
2013-01-02 10:30:00,35.98,35.98,35.81,35.81,116303
2013-01-02 10:45:00,35.83,35.83,35.57,35.58,118452
2013-01-02 11:00:00,35.5834,35.6,35.41,35.4299,169517
2013-01-02 11:15:00,35.43,35.48,35.3,35.425,132700
2013-01-02 11:30:00,35.42,35.42,35.3525,35.4,81787
2013-01-02 11:45:00,35.41,35.46,35.37,35.38,46855
2013-01-02 12:00:00,35.38,35.46,35.375,35.445,89877
2013-01-02 12:15:00,35.45,35.49,35.37,35.48,54615
2013-01-02 12:30:00,35.49,35.5775,35.4801,35.57,31721
2013-01-02 12:45:00,35.57,35.62,35.57,35.605,37123
2013-01-02 13:00:00,35.6175,35.66,35.6,35.625,42002
2013-01-02 13:15:00,35.63,35.67,35.625,35.65,48420
2013-01-02 13:30:00,35.6563,35.67,35.575,35.6655,44465
2013-01-02 13:45:00,35.665,35.71,35.63,35.63,32871
2013-01-02 14:00:00,35.63,35.73,35.624,35.72,55450
2013-01-02 14:15:00,35.73,35.74,35.63,35.6575,69199
2013-01-02 14:30:00,35.65,35.65,35.61,35.64,50917
2013-01-02 14:45:00,35.64,35.65,35.61,35.6375,38371
2013-01-02 15:00:00,35.6301,35.64,35.6,35.625,46354
2013-01-02 15:15:00,35.625,35.65,35.61,35.6101,71822
2013-01-02 15:30:00,35.615,35.68,35.61,35.645,75801
2013-01-02 15:45:00,35.66,35.68,35.61,35.68,95215
2013-01-02 16:00:00,35.6701,35.83,35.63,35.775,220996
2013-01-03 09:45:00,35.61,35.88,35.52,35.75,129509
2013-01-03 10:00:00,35.75,35.85,35.61,35.61,89262
2013-01-03 10:15:00,35.62,35.64,35.5,35.54,136823
2013-01-03 10:30:00,35.55,35.58,35.525,35.54,78861
2013-01-03 10:45:00,35.55,35.58,35.52,35.57,67534
2013-01-03 11:00:00,35.57,35.64,35.56,35.595,71001
2013-01-03 11:15:00,35.595,35.85,35.595,35.8399,161349
2013-01-03 11:30:00,35.835,35.87,35.8101,35.85,52838
2013-01-03 11:45:00,35.845,36.0,35.845,35.995,37643
2013-01-03 12:00:00,35.985,36.025,35.97,35.9999,77040
2013-01-03 12:15:00,35.995,36.0,35.91,35.92,46766
2013-01-03 12:30:00,35.94,35.95,35.8875,35.945,44949
2013-01-03 12:45:00,35.94,35.96,35.91,35.93,33941
2013-01-03 13:00:00,35.93,35.96,35.91,35.96,25341
2013-01-03 13:15:00,35.96,36.005,35.93,35.98,32683
2013-01-03 13:30:00,35.99,36.0,35.97,35.98,25608
2013-01-03 13:45:00,35.99,36.0,35.98,35.99,7163
2013-01-03 14:00:00,36.0,36.0,35.96,36.0,66076
2013-01-03 14:15:00,35.99,36.065,35.935,36.02,154391
2013-01-03 14:30:00,36.01,36.06,35.94,36.015,64977
2013-01-03 14:45:00,36.025,36.11,36.0,36.1,74933
2013-01-03 15:00:00,36.1,36.11,36.03,36.03,32937
2013-01-03 15:15:00,36.04,36.14,36.01,36.06,81292
2013-01-03 15:30:00,36.08,36.11,36.04,36.07,129557
2013-01-03 15:45:00,36.08,36.13,36.03,36.03,146219
2013-01-03 16:00:00,36.03,36.18,36.01,36.13,226437
2013-01-04 09:45:00,36.28,36.44,36.05,36.1,70992
2013-01-04 10:00:00,36.11,36.17,36.1,36.12,65345
2013-01-04 10:15:00,36.15,36.18,35.97,35.9801,58650
2013-01-04 10:30:00,35.99,36.16,35.94,36.1301,68261
2013-01-04 10:45:00,36.13,36.18,36.06,36.06,46372
2013-01-04 11:00:00,36.06,36.115,36.05,36.09,56178
2013-01-04 11:15:00,36.09,36.165,35.9991,36.0,100955
2013-01-04 11:30:00,36.0,36.06,35.98,36.02,86848
2013-01-04 11:45:00,36.029,36.11,36.029,36.09,37918
2013-01-04 12:00:00,36.09,36.11,36.06,36.0699,37194
2013-01-04 12:15:00,36.06,36.11,36.02,36.039,124858
2013-01-04 12:30:00,36.03,36.07,36.03,36.07,25867
2013-01-04 12:45:00,36.07,36.07,36.02,36.02,36075
2013-01-04 13:00:00,36.02,36.04,35.98,36.0,72523
2013-01-04 13:15:00,36.0,36.0,35.96,35.9897,58630
2013-01-04 13:30:00,35.989000000000004,36.0,35.97,35.99,58681
2013-01-04 13:45:00,35.99,36.0,35.94,35.98,38160
2013-01-04 14:00:00,35.98,36.0,35.91,35.915,30439
2013-01-04 14:15:00,35.92,35.93,35.81,35.82,39224
2013-01-04 14:30:00,35.82,35.83,35.78,35.8,98217
2013-01-04 14:45:00,35.81,35.81,35.77,35.78,139903
2013-01-04 15:00:00,35.78,35.795,35.75,35.78,86040
2013-01-04 15:15:00,35.79,35.81,35.78,35.8,65687
2013-01-04 15:30:00,35.8,35.84,35.79,35.83,59341
2013-01-04 15:45:00,35.835,35.835,35.73,35.77,174115
2013-01-04 16:00:00,35.77,35.77,35.645,35.74,380938
2013-01-07 09:45:00,35.62,35.75,35.0,35.51,135374
2013-01-07 10:00:00,35.49,35.49,35.36,35.43,38763
2013-01-07 10:15:00,35.44,35.44,35.395,35.415,69446
2013-01-07 10:30:00,35.42,35.425,35.4,35.415,45643
2013-01-07 10:45:00,35.41,35.44,35.36,35.42,261432
2013-01-07 11:00:00,35.41,35.41,35.33,35.35,215191
2013-01-07 11:15:00,35.35,35.45,35.3,35.39,168841
2013-01-07 11:30:00,35.38,35.39,35.22,35.23,69690
2013-01-07 11:45:00,35.24,35.26,35.17,35.19,102563
2013-01-07 12:00:00,35.1869,35.22,35.12,35.135,56431
2013-01-07 12:15:00,35.135,35.18,35.1,35.17,34017
2013-01-07 12:30:00,35.17,35.2,35.15,35.2,50720
2013-01-07 12:45:00,35.2,35.2,35.15,35.1742,59545
2013-01-07 13:00:00,35.16,35.2,35.11,35.16,52684
2013-01-07 13:15:00,35.16,35.2,35.09,35.13,120743
2013-01-07 13:30:00,35.13,35.21,35.1201,35.21,60993
2013-01-07 13:45:00,35.2,35.26,35.18,35.18,50955
2013-01-07 14:00:00,35.17,35.3,35.17,35.28,35970
2013-01-07 14:15:00,35.285,35.29,35.23,35.25,39044
2013-01-07 14:30:00,35.25,35.29,35.23,35.27,39194
2013-01-07 14:45:00,35.28,35.33,35.27,35.28,44358
2013-01-07 15:00:00,35.28,35.33,35.26,35.31,69021
2013-01-07 15:15:00,35.31,35.3405,35.29,35.33,74001
2013-01-07 15:30:00,35.33,35.41,35.325,35.41,99438
2013-01-07 15:45:00,35.4,35.41,35.34,35.35,67322
2013-01-07 16:00:00,35.35,35.36,35.34,35.35,232830
2013-01-08 09:45:00,35.26,35.49,35.2,35.375,114292
2013-01-08 10:00:00,35.37,35.37,35.29,35.34,106663
2013-01-08 10:15:00,35.35,35.35,35.22,35.23,171807
2013-01-08 10:30:00,35.235,35.33,35.235,35.3,205140
2013-01-08 10:45:00,35.2999,35.34,35.29,35.3,307195
2013-01-08 11:00:00,35.3,35.335,35.27,35.27,111876
2013-01-08 11:15:00,35.28,35.32,35.24,35.3,420251
2013-01-08 11:30:00,35.31,35.39,35.3,35.33,50454
2013-01-08 11:45:00,35.33,35.330999999999996,35.3,35.33,45138
2013-01-08 12:00:00,35.325,35.33,35.285,35.3,43385
2013-01-08 12:15:00,35.31,35.35,35.2901,35.3301,33298
2013-01-08 12:30:00,35.33,35.345,35.26,35.2625,17487
2013-01-08 12:45:00,35.25,35.255,35.16,35.165,28419
2013-01-08 13:00:00,35.175,35.2,35.15,35.18,39113
2013-01-08 13:15:00,35.18,35.225,35.18,35.215,26425
2013-01-08 13:30:00,35.22,35.3,35.22,35.28,37841
2013-01-08 13:45:00,35.28,35.3,35.244,35.285,132629
2013-01-08 14:00:00,35.285,35.33,35.2825,35.31,37942
2013-01-08 14:15:00,35.3,35.35,35.285,35.3,66653
2013-01-08 14:30:00,35.3,35.34,35.29,35.3069,34556
2013-01-08 14:45:00,35.3,35.31,35.26,35.266,42216
2013-01-08 15:00:00,35.26,35.3,35.22,35.3,68854
2013-01-08 15:15:00,35.3,35.32,35.2633,35.3,40441
2013-01-08 15:30:00,35.3,35.32,35.29,35.32,49976
2013-01-08 15:45:00,35.32,35.33,35.29,35.325,107508
2013-01-08 16:00:00,35.325,35.41,35.3,35.39,266101
2013-01-09 09:45:00,35.6,35.79,35.47,35.79,68093
2013-01-09 10:00:00,35.8,35.8601,35.78,35.8601,53637
2013-01-09 10:15:00,35.87,36.02,35.87,36.0,110210
2013-01-09 10:30:00,35.99,35.99,35.86,35.94,73541
2013-01-09 10:45:00,35.95,35.98,35.89,35.955,44251
2013-01-09 11:00:00,35.9568,35.98,35.9,35.96,61061
2013-01-09 11:15:00,35.965,35.99,35.945,35.96,75159
2013-01-09 11:30:00,35.95,35.99,35.93,35.9725,59737
2013-01-09 11:45:00,35.97,35.98,35.9,35.915,25278
2013-01-09 12:00:00,35.92,35.98,35.92,35.925,59719
2013-01-09 12:15:00,35.92,35.93,35.83,35.83,32911
2013-01-09 12:30:00,35.84,35.8594,35.74,35.74,49628
2013-01-09 12:45:00,35.735,35.78,35.68,35.69,166388
2013-01-09 13:00:00,35.69,35.73,35.68,35.7,39712
2013-01-09 13:15:00,35.7,35.71,35.655,35.67,54149
2013-01-09 13:30:00,35.68,35.68,35.6,35.61,35386
2013-01-09 13:45:00,35.62,35.62,35.575,35.61,34010
2013-01-09 14:00:00,35.62,35.7,35.61,35.6699,30344
2013-01-09 14:15:00,35.665,35.72,35.66,35.71,46147
2013-01-09 14:30:00,35.6933,35.73,35.685,35.72,34081
2013-01-09 14:45:00,35.715,35.76,35.715,35.76,49253
2013-01-09 15:00:00,35.75,35.77,35.7,35.7,36726
2013-01-09 15:15:00,35.7,35.7,35.59,35.5901,49843
2013-01-09 15:30:00,35.59,35.69,35.58,35.685,85245
2013-01-09 15:45:00,35.685,35.69,35.63,35.64,46195
2013-01-09 16:00:00,35.64,35.68,35.63,35.68,128755
2013-01-10 09:45:00,35.98,36.16,35.89,35.93,88411
2013-01-10 10:00:00,35.94,35.94,35.69,35.69,56742
2013-01-10 10:15:00,35.69,35.73,35.68,35.698,47768
2013-01-10 10:30:00,35.695,35.89,35.69,35.85,289557
2013-01-10 10:45:00,35.845,35.89,35.755,35.8795,352610
2013-01-10 11:00:00,35.87,36.05,35.85,35.93,309996
2013-01-10 11:15:00,35.92,35.98,35.87,35.8795,69615
2013-01-10 11:30:00,35.87,35.92,35.8,35.855,285289
2013-01-10 11:45:00,35.855,35.99,35.84,35.985,191046
2013-01-10 12:00:00,35.99,36.05,35.99,36.03,218153
2013-01-10 12:15:00,36.03,36.06,35.99,36.03,93037
2013-01-10 12:30:00,36.0399,36.04,36.015,36.0399,64157
2013-01-10 12:45:00,36.035,36.1,36.005,36.075,87281
2013-01-10 13:00:00,36.08,36.67,36.075,36.52,278605
2013-01-10 13:15:00,36.5,36.53,36.285,36.32,187876
2013-01-10 13:30:00,36.33,36.55,36.32,36.45,255778
2013-01-10 13:45:00,36.45,36.56,36.405,36.56,49078
2013-01-10 14:00:00,36.5699,36.69,36.55,36.65,83586
2013-01-10 14:15:00,36.65,36.8,36.645,36.7775,152989
2013-01-10 14:30:00,36.79,36.83,36.735,36.791,121509
2013-01-10 14:45:00,36.79,36.795,36.63,36.765,384780
2013-01-10 15:00:00,36.76,37.31,36.73,37.27,304210
2013-01-10 15:15:00,37.27,37.35,37.1,37.145,300387
2013-01-10 15:30:00,37.15,37.155,36.97,37.04,213684
2013-01-10 15:45:00,37.04,37.15,37.0,37.0801,170339
2013-01-10 16:00:00,37.09,37.155,37.01,37.09,723392
2013-01-11 09:45:00,37.16,37.16,36.61,36.7,185178
2013-01-11 10:00:00,36.7,36.74,36.41,36.47,324411
2013-01-11 10:15:00,36.465,36.62,36.452,36.57,451453
2013-01-11 10:30:00,36.57,36.6,36.5,36.59,92488
2013-01-11 10:45:00,36.59,36.75,36.59,36.75,61168
2013-01-11 11:00:00,36.74,36.91,36.72,36.91,79991
2013-01-11 11:15:00,36.9,36.95,36.88,36.89,46205
2013-01-11 11:30:00,36.89,36.93,36.77,36.77,36092
2013-01-11 11:45:00,36.77,36.865,36.73,36.86,41686
2013-01-11 12:00:00,36.85,36.9,36.83,36.85,40036
2013-01-11 12:15:00,36.86,36.865,36.745,36.75,63735
2013-01-11 12:30:00,36.75,36.805,36.74,36.78,74075
2013-01-11 12:45:00,36.77,36.81,36.75,36.805,25050
2013-01-11 13:00:00,36.8,36.815,36.73,36.76,49037
2013-01-11 13:15:00,36.77,36.78,36.72,36.72,26931
2013-01-11 13:30:00,36.72,36.72,36.61,36.61,96543
2013-01-11 13:45:00,36.6,36.71,36.58,36.68,115451
2013-01-11 14:00:00,36.68,36.76,36.64,36.76,44784
2013-01-11 14:15:00,36.76,36.77,36.68,36.7,33990
2013-01-11 14:30:00,36.69,36.76,36.69,36.75,37339
2013-01-11 14:45:00,36.7505,36.8,36.745,36.755,37917
2013-01-11 15:00:00,36.75,36.78,36.67,36.76,75805
2013-01-11 15:15:00,36.76,36.8,36.69,36.788000000000004,59932
2013-01-11 15:30:00,36.79,36.885,36.78,36.825,44457
2013-01-11 15:45:00,36.83,36.89,36.8,36.82,89094
2013-01-11 16:00:00,36.83,36.92,36.81,36.89,257950
2013-01-14 09:45:00,36.83,36.89,36.66,36.795,148794
2013-01-14 10:00:00,36.81,36.83,36.56,36.58,84668
2013-01-14 10:15:00,36.57,36.59,36.435,36.505,56576
2013-01-14 10:30:00,36.52,36.6,36.48,36.49,50214
2013-01-14 10:45:00,36.495,36.5,36.13,36.13,151084
2013-01-14 11:00:00,36.14,36.15,35.955,35.96,189469
2013-01-14 11:15:00,35.96,36.17,35.96,36.17,55690
2013-01-14 11:30:00,36.17,36.3399,36.17,36.33,62304
2013-01-14 11:45:00,36.33,36.42,36.29,36.3097,53242
2013-01-14 12:00:00,36.302,36.38,36.302,36.35,56313
2013-01-14 12:15:00,36.34,36.398,36.335,36.38,30925
2013-01-14 12:30:00,36.38,36.505,36.37,36.495,186131
2013-01-14 12:45:00,36.48,36.51,36.415,36.415,37040
2013-01-14 13:00:00,36.41,36.47,36.4,36.45,23943
2013-01-14 13:15:00,36.45,36.4603,36.2,36.2,124878
2013-01-14 13:30:00,36.1952,36.22,36.1,36.18,52658
2013-01-14 13:45:00,36.18,36.28,36.18,36.26,22540
2013-01-14 14:00:00,36.27,36.27,36.21,36.22,38001
2013-01-14 14:15:00,36.22,36.3299,36.2,36.3033,33144
2013-01-14 14:30:00,36.31,36.35,36.3,36.35,14517
2013-01-14 14:45:00,36.36,36.38,36.33,36.36,16545
2013-01-14 15:00:00,36.365,36.43,36.345,36.43,17689
2013-01-14 15:15:00,36.42,36.465,36.41,36.46,25167
2013-01-14 15:30:00,36.46,36.5,36.46,36.49,28054
2013-01-14 15:45:00,36.49,36.52,36.46,36.51,47929
2013-01-14 16:00:00,36.519,36.57,36.51,36.55,127561
2013-01-15 09:45:00,36.62,36.79,36.39,36.53,89301
2013-01-15 10:00:00,36.53,36.87,36.53,36.77,137265
2013-01-15 10:15:00,36.77,36.86,36.71,36.811,48718
2013-01-15 10:30:00,36.8133,37.0,36.81,36.9,63802
2013-01-15 10:45:00,36.9,36.91,36.76,36.79,105667
2013-01-15 11:00:00,36.805,36.88,36.8,36.81,38584
2013-01-15 11:15:00,36.83,36.84,36.8,36.82,47343
2013-01-15 11:30:00,36.79,36.94,36.77,36.9,172204
2013-01-15 11:45:00,36.89,36.99,36.89,36.985,32835
2013-01-15 12:00:00,36.99,37.0,36.97,36.98,33680
2013-01-15 12:15:00,36.99,37.0,36.93,36.97,23953
2013-01-15 12:30:00,36.96,36.978,36.924,36.924,13994
2013-01-15 12:45:00,36.93,36.98,36.93,36.95,24268
2013-01-15 13:00:00,36.97,37.035,36.94,37.035,108425
2013-01-15 13:15:00,37.04,37.05,36.99,37.01,29332
2013-01-15 13:30:00,37.02,37.025,36.985,36.99,73258
2013-01-15 13:45:00,37.0,37.019,36.98,36.9999,15154
2013-01-15 14:00:00,36.9999,37.01,36.88,36.88,27029
2013-01-15 14:15:00,36.89,36.89,36.71,36.75,62215
2013-01-15 14:30:00,36.74,36.83,36.74,36.82,41714
2013-01-15 14:45:00,36.825,36.97,36.82,36.97,121047
2013-01-15 15:00:00,36.98,37.02,36.94,36.995,34784
2013-01-15 15:15:00,37.0,37.11,36.99,37.07,125584
2013-01-15 15:30:00,37.07,37.09,37.0,37.0,50679
2013-01-15 15:45:00,37.0,37.12,37.0,37.11,83860
2013-01-15 16:00:00,37.11,37.29,37.09,37.205,305319
2013-01-16 09:45:00,37.21,37.23,37.0,37.05,172505
2013-01-16 10:00:00,37.08,37.23,37.075,37.1401,72968
2013-01-16 10:15:00,37.14,37.14,37.06,37.11,52448
2013-01-16 10:30:00,37.12,37.21,37.11,37.19,36301
2013-01-16 10:45:00,37.19,37.3,37.18,37.3,41981
2013-01-16 11:00:00,37.29,37.37,37.27,37.31,59986
2013-01-16 11:15:00,37.31,37.37,37.26,37.32,63932
2013-01-16 11:30:00,37.33,37.335,37.21,37.22,54776
2013-01-16 11:45:00,37.22,37.36,37.22,37.36,22471
2013-01-16 12:00:00,37.36,37.44,37.35,37.435,50813
2013-01-16 12:15:00,37.435,37.48,37.435,37.47,43776
2013-01-16 12:30:00,37.47,37.5,37.4669,37.49,28635
2013-01-16 12:45:00,37.48,37.54,37.47,37.5,35116
2013-01-16 13:00:00,37.51,37.53,37.46,37.5,38567
2013-01-16 13:15:00,37.49,37.57,37.49,37.565,37510
2013-01-16 13:30:00,37.5699,37.72,37.565,37.69,86341
2013-01-16 13:45:00,37.69,37.83,37.69,37.785,233856
2013-01-16 14:00:00,37.79,37.88,37.62,37.62,175224
2013-01-16 14:15:00,37.63,37.65,37.535,37.54,34559
2013-01-16 14:30:00,37.53,37.59,37.51,37.56,134981
2013-01-16 14:45:00,37.57,37.6,37.52,37.52,30059
2013-01-16 15:00:00,37.52,37.62,37.52,37.61,41130
2013-01-16 15:15:00,37.61,37.61,37.5595,37.56,22051
2013-01-16 15:30:00,37.56,37.57,37.52,37.52,51562
2013-01-16 15:45:00,37.525,37.59,37.52,37.58,88205
2013-01-16 16:00:00,37.5799,37.62,37.52,37.585,242165
2013-01-17 09:45:00,37.88,37.88,37.61,37.65,88380
2013-01-17 10:00:00,37.65,37.76,37.65,37.6742,33769
2013-01-17 10:15:00,37.67,37.805,37.61,37.751,100511
2013-01-17 10:30:00,37.75,37.84,37.74,37.79,56936
2013-01-17 10:45:00,37.795,37.865,37.76,37.86,90574
2013-01-17 11:00:00,37.87,37.98,37.84,37.96,141844
2013-01-17 11:15:00,37.95,37.975,37.88,37.95,52381
2013-01-17 11:30:00,37.958,38.3,37.93,38.24,141602
2013-01-17 11:45:00,38.25,38.255,38.12,38.19,123757
2013-01-17 12:00:00,38.185,38.23,38.09,38.105,53228
2013-01-17 12:15:00,38.108000000000004,38.115,37.95,37.99,43469
2013-01-17 12:30:00,37.99,38.02,37.975,38.01,31945
2013-01-17 12:45:00,38.01,38.055,38.0,38.01,82882
2013-01-17 13:00:00,38.0,38.0,37.88,37.88,34615
2013-01-17 13:15:00,37.89,38.0,37.89,37.94,32507
2013-01-17 13:30:00,37.94,37.945,37.91,37.925,13569
2013-01-17 13:45:00,37.93,37.96,37.92,37.93,16145
2013-01-17 14:00:00,37.9369,38.02,37.93,38.02,27030
2013-01-17 14:15:00,38.02,38.05,38.01,38.01,28924
2013-01-17 14:30:00,38.0,38.03,37.99,38.02,24659
2013-01-17 14:45:00,38.02,38.03,37.97,37.97,30672
2013-01-17 15:00:00,37.98,38.01,37.97,37.995,85532
2013-01-17 15:15:00,37.995,38.02,37.98,38.0,33671
2013-01-17 15:30:00,38.0,38.0,37.93,37.94,36751
2013-01-17 15:45:00,37.945,37.98,37.94,37.965,69402
2013-01-17 16:00:00,37.96,37.99,37.93,37.93,165343
2013-01-18 09:45:00,38.15,38.26,37.96,38.2,283096
2013-01-18 10:00:00,38.2,38.29,38.155,38.24,132679
2013-01-18 10:15:00,38.23,38.4,38.2,38.37,286768
2013-01-18 10:30:00,38.35,38.57,38.3,38.38,173291
2013-01-18 10:45:00,38.37,38.6,38.36,38.54,157276
2013-01-18 11:00:00,38.53,38.67,38.495,38.5178,72858
2013-01-18 11:15:00,38.51,38.52,38.345,38.35,53599
2013-01-18 11:30:00,38.34,38.47,38.29,38.4,115017
2013-01-18 11:45:00,38.399,38.41,38.3,38.305,107634
2013-01-18 12:00:00,38.31,38.4763,38.265,38.45,166602
2013-01-18 12:15:00,38.45,38.46,38.33,38.35,47291
2013-01-18 12:30:00,38.35,38.36,38.3,38.36,33356
2013-01-18 12:45:00,38.37,38.405,38.31,38.31,55155
2013-01-18 13:00:00,38.32,38.4293,38.32,38.4,42563
2013-01-18 13:15:00,38.4,38.41,38.31,38.34,40902
2013-01-18 13:30:00,38.34,38.41,38.33,38.41,43592
2013-01-18 13:45:00,38.42,38.44,38.391,38.428000000000004,35342
2013-01-18 14:00:00,38.429,38.5,38.42,38.5,29543
2013-01-18 14:15:00,38.49,38.59,38.49,38.58,58397
2013-01-18 14:30:00,38.57,38.65,38.57,38.64,45336
2013-01-18 14:45:00,38.64,38.71,38.63,38.69,57761
2013-01-18 15:00:00,38.69,38.75,38.685,38.75,66303
2013-01-18 15:15:00,38.74,38.96,38.74,38.96,195820
2013-01-18 15:30:00,38.955,38.96,38.85,38.87,167224
2013-01-18 15:45:00,38.88,39.09,38.87,39.09,217709
2013-01-18 16:00:00,39.08,39.1,38.97,39.01,393813
2013-01-22 09:45:00,39.05,39.09,38.92,39.05,127755
2013-01-22 10:00:00,39.05,39.1,38.8,38.8,143879
2013-01-22 10:15:00,38.8,38.98,38.8,38.94,92936
2013-01-22 10:30:00,38.94,38.98,38.84,38.845,63084
2013-01-22 10:45:00,38.85,38.89,38.815,38.88,45253
2013-01-22 11:00:00,38.875,38.93,38.86,38.93,55380
2013-01-22 11:15:00,38.92,39.03,38.9,39.0268,74814
2013-01-22 11:30:00,39.02,39.05,38.98,39.01,44703
2013-01-22 11:45:00,39.01,39.01,38.9399,39.0,19686
2013-01-22 12:00:00,39.009,39.03,38.98,38.9925,18257
2013-01-22 12:15:00,38.99,39.02,38.976,39.01,109505
2013-01-22 12:30:00,39.01,39.01,38.9801,39.01,33081
2013-01-22 12:45:00,39.01,39.07,38.98,39.06,23192
2013-01-22 13:00:00,39.065,39.065,38.975,39.0,37137
2013-01-22 13:15:00,38.99,39.03,38.93,38.9367,131483
2013-01-22 13:30:00,38.935,38.94,38.82,38.87,52462
2013-01-22 13:45:00,38.88,38.9,38.835,38.86,23877
2013-01-22 14:00:00,38.87,38.87,38.75,38.75,31563
2013-01-22 14:15:00,38.76,38.79,38.73,38.74,32110
2013-01-22 14:30:00,38.74,38.77,38.73,38.765,29970
2013-01-22 14:45:00,38.7612,38.8,38.75,38.78,29168
2013-01-22 15:00:00,38.78,38.84,38.77,38.84,29871
2013-01-22 15:15:00,38.84,38.84,38.77,38.77,29384
2013-01-22 15:30:00,38.78,38.78,38.75,38.76,30518
2013-01-22 15:45:00,38.76,38.79,38.74,38.74,49796
2013-01-22 16:00:00,38.74,38.88,38.69,38.88,135110
2013-01-23 09:45:00,38.91,38.9999,38.45,38.61,117257
2013-01-23 10:00:00,38.6,38.7,38.52,38.66,171238
2013-01-23 10:15:00,38.66,38.68,38.51,38.51,127494
2013-01-23 10:30:00,38.52,38.53,38.4,38.45,83160
2013-01-23 10:45:00,38.45,38.47,38.32,38.37,66464
2013-01-23 11:00:00,38.38,38.49,38.38,38.46,46196
2013-01-23 11:15:00,38.46,38.5599,38.4599,38.52,29134
2013-01-23 11:30:00,38.53,38.57,38.47,38.48,15166
2013-01-23 11:45:00,38.47,38.49,38.39,38.395,34000
2013-01-23 12:00:00,38.41,38.44,38.35,38.38,28124
2013-01-23 12:15:00,38.36,38.4,38.17,38.18,87258
2013-01-23 12:30:00,38.17,38.19,38.02,38.05,118580
2013-01-23 12:45:00,38.05,38.2,37.9999,38.18,82784
2013-01-23 13:00:00,38.18,38.19,38.12,38.15,41878
2013-01-23 13:15:00,38.15,38.19,38.13,38.19,31077
2013-01-23 13:30:00,38.19,38.2,38.165,38.1665,21905
2013-01-23 13:45:00,38.17,38.17,38.11,38.145,86080
2013-01-23 14:00:00,38.145,38.16,38.09,38.135,71802
2013-01-23 14:15:00,38.14,38.16,38.125,38.13,44290
2013-01-23 14:30:00,38.13,38.14,38.069,38.1167,75677
2013-01-23 14:45:00,38.12,38.13,38.08,38.1,73978
2013-01-23 15:00:00,38.11,38.14,38.08,38.135,57744
2013-01-23 15:15:00,38.135999999999996,38.15,38.12,38.12,43722
2013-01-23 15:30:00,38.13,38.13,38.11,38.12,80172
2013-01-23 15:45:00,38.115,38.13,38.06,38.07,116289
2013-01-23 16:00:00,38.078,38.15,38.0,38.12,389412
2013-01-24 09:45:00,38.2,38.68,38.2,38.64,76617
2013-01-24 10:00:00,38.64,38.73,38.59,38.66,63739
2013-01-24 10:15:00,38.67,38.681,38.46,38.55,85957
2013-01-24 10:30:00,38.57,38.62,38.54,38.57,31616
2013-01-24 10:45:00,38.57,38.6,38.5,38.51,37711
2013-01-24 11:00:00,38.509,38.51,38.41,38.42,31550
2013-01-24 11:15:00,38.43,38.5025,38.41,38.49,59766
2013-01-24 11:30:00,38.4866,38.51,38.44,38.44,29181
2013-01-24 11:45:00,38.445,38.51,38.445,38.49,19408
2013-01-24 12:00:00,38.48,38.5,38.43,38.43,26787
2013-01-24 12:15:00,38.44,38.45,38.41,38.44,17865
2013-01-24 12:30:00,38.44,38.45,38.39,38.42,28350
2013-01-24 12:45:00,38.42,38.43,38.33,38.33,24671
2013-01-24 13:00:00,38.32,38.35,38.17,38.27,100593
2013-01-24 13:15:00,38.265,38.36,38.24,38.32,187523
2013-01-24 13:30:00,38.32,38.39,38.29,38.36,95363
2013-01-24 13:45:00,38.36,38.36,38.22,38.23,21782
2013-01-24 14:00:00,38.223,38.2384,38.18,38.22,51435
2013-01-24 14:15:00,38.21,38.23,38.175,38.18,18600
2013-01-24 14:30:00,38.18,38.24,38.18,38.24,16782
2013-01-24 14:45:00,38.25,38.3,38.23,38.24,34499
2013-01-24 15:00:00,38.24,38.27,38.22,38.26,49313
2013-01-24 15:15:00,38.26,38.45,38.24,38.45,221465
2013-01-24 15:30:00,38.46,38.49,38.455,38.49,37066
2013-01-24 15:45:00,38.49,38.61,38.49,38.58,84324
2013-01-24 16:00:00,38.58,38.6,38.42,38.45,329523
2013-01-25 09:45:00,37.32,37.66,36.75,36.82,1403996
2013-01-25 10:00:00,36.83,36.94,36.6,36.9,930275
2013-01-25 10:15:00,36.9,37.14,36.89,36.91,603908
2013-01-25 10:30:00,36.905,36.99,36.9,36.95,351342
2013-01-25 10:45:00,36.95,37.16,36.95,37.13,223907
2013-01-25 11:00:00,37.135,37.14,36.98,36.99,120523
2013-01-25 11:15:00,37.0,37.06,36.97,37.03,192450
2013-01-25 11:30:00,37.03,37.05,36.95,37.04,110337
2013-01-25 11:45:00,37.04,37.3,37.03,37.3,130445
2013-01-25 12:00:00,37.291,37.32,37.22,37.28,197618
2013-01-25 12:15:00,37.28,37.365,37.22,37.365,88957
2013-01-25 12:30:00,37.36,37.4,37.2,37.21,881453
2013-01-25 12:45:00,37.21,37.27,37.17,37.265,44397
2013-01-25 13:00:00,37.2601,37.451,37.2601,37.39,60603
2013-01-25 13:15:00,37.38,37.4,37.24,37.24,74179
2013-01-25 13:30:00,37.235,37.35,37.23,37.29,89021
2013-01-25 13:45:00,37.3,37.34,37.28,37.34,36225
2013-01-25 14:00:00,37.35,37.35,37.24,37.25,202527
2013-01-25 14:15:00,37.26,37.31,37.2399,37.27,84664
2013-01-25 14:30:00,37.2706,37.31,37.26,37.3,77123
2013-01-25 14:45:00,37.3,37.35,37.28,37.3246,77326
2013-01-25 15:00:00,37.32,37.325,37.22,37.23,71413
2013-01-25 15:15:00,37.24,37.265,37.15,37.21,200086
2013-01-25 15:30:00,37.21,37.25,37.16,37.24,137511
2013-01-25 15:45:00,37.24,37.255,37.18,37.2,265326
2013-01-25 16:00:00,37.21,37.32,37.17,37.32,473254
2013-01-28 09:45:00,37.27,37.27,37.08,37.2,222987
2013-01-28 10:00:00,37.2,37.22,37.085,37.1,200246
2013-01-28 10:15:00,37.1,37.14,37.07,37.1,605343
2013-01-28 10:30:00,37.1,37.11,37.02,37.04,253939
2013-01-28 10:45:00,37.05,37.13,37.02,37.1,86966
2013-01-28 11:00:00,37.1,37.169000000000004,37.1,37.13,57077
2013-01-28 11:15:00,37.13,37.13,37.1,37.1,22192
2013-01-28 11:30:00,37.105,37.11,37.1,37.1,24933
2013-01-28 11:45:00,37.105,37.11,37.08,37.09,82299
2013-01-28 12:00:00,37.1,37.11,37.08,37.11,282307
2013-01-28 12:15:00,37.115,37.18,37.11,37.15,76285
2013-01-28 12:30:00,37.16,37.17,37.06,37.07,52891
2013-01-28 12:45:00,37.06,37.11,37.06,37.09,50313
2013-01-28 13:00:00,37.1,37.11,37.09,37.11,40577
2013-01-28 13:15:00,37.11,37.13,37.09,37.1299,63164
2013-01-28 13:30:00,37.124,37.13,37.09,37.11,50077
2013-01-28 13:45:00,37.1,37.14,37.1,37.1,68453
2013-01-28 14:00:00,37.1,37.11,37.1,37.1033,54560
2013-01-28 14:15:00,37.105,37.11,37.09,37.11,67212
2013-01-28 14:30:00,37.11,37.11,37.09,37.11,52517
2013-01-28 14:45:00,37.11,37.12,37.1,37.12,60137
2013-01-28 15:00:00,37.12,37.14,37.11,37.13,56171
2013-01-28 15:15:00,37.12,37.15,37.1,37.1,47478
2013-01-28 15:30:00,37.11,37.11,37.06,37.07,43036
2013-01-28 15:45:00,37.07,37.11,37.07,37.09,81499
2013-01-28 16:00:00,37.09,37.11,37.01,37.02,241031
2013-01-29 09:45:00,36.98,36.98,36.8,36.93,100880
2013-01-29 10:00:00,36.93,36.99,36.9,36.92,121416
2013-01-29 10:15:00,36.91,36.979,36.88,36.91,40804
2013-01-29 10:30:00,36.91,36.98,36.89,36.93,33562
2013-01-29 10:45:00,36.92,36.95,36.89,36.95,34306
2013-01-29 11:00:00,36.94,36.95,36.89,36.9,34512
2013-01-29 11:15:00,36.92,36.99,36.9,36.95,35769
2013-01-29 11:30:00,36.96,37.07,36.95,37.05,25976
2013-01-29 11:45:00,37.06,37.08,37.02,37.05,11295
2013-01-29 12:00:00,37.05,37.06,37.01,37.02,10059
2013-01-29 12:15:00,37.02,37.085,37.01,37.06,24956
2013-01-29 12:30:00,37.06,37.1,37.04,37.09,18734
2013-01-29 12:45:00,37.09,37.1199,37.05,37.11,17293
2013-01-29 13:00:00,37.11,37.15,37.09,37.111999999999995,12277
2013-01-29 13:15:00,37.11,37.13,37.09,37.1,13510
2013-01-29 13:30:00,37.09,37.13,37.07,37.11,25316
2013-01-29 13:45:00,37.11,37.13,37.1,37.1027,20103
2013-01-29 14:00:00,37.11,37.13,37.095,37.11,25545
2013-01-29 14:15:00,37.11,37.125,37.0901,37.1,21568
2013-01-29 14:30:00,37.1,37.12,37.09,37.1199,23835
2013-01-29 14:45:00,37.11,37.14,37.09,37.1,26306
2013-01-29 15:00:00,37.11,37.14,37.1,37.1399,31166
2013-01-29 15:15:00,37.14,37.21,37.13,37.185,63684
2013-01-29 15:30:00,37.19,37.21,37.16,37.17,37293
2013-01-29 15:45:00,37.16,37.25,37.16,37.23,78965
2013-01-29 16:00:00,37.23,37.27,37.19,37.23,155041
2013-01-30 09:45:00,37.35,37.4,37.18,37.29,91233
2013-01-30 10:00:00,37.29,37.36,37.26,37.3,107233
2013-01-30 10:15:00,37.3,37.39,37.25,37.39,91781
2013-01-30 10:30:00,37.38,37.4,37.29,37.3,233474
2013-01-30 10:45:00,37.3,37.31,37.17,37.19,100562
2013-01-30 11:00:00,37.19,37.25,37.18,37.24,90241
2013-01-30 11:15:00,37.24,37.31,37.23,37.305,200348
2013-01-30 11:30:00,37.305,37.3601,37.29,37.36,93685
2013-01-30 11:45:00,37.36,37.42,37.34,37.36,21542
2013-01-30 12:00:00,37.37,37.46,37.36,37.42,32327
2013-01-30 12:15:00,37.43,37.43,37.3501,37.36,30184
2013-01-30 12:30:00,37.36,37.37,37.28,37.3,44380
2013-01-30 12:45:00,37.3,37.32,37.25,37.32,97278
2013-01-30 13:00:00,37.33,37.35,37.3,37.315,61829
2013-01-30 13:15:00,37.31,37.35,37.27,37.34,263296
2013-01-30 13:30:00,37.33,37.34,37.23,37.28,46848
2013-01-30 13:45:00,37.27,37.32,37.26,37.32,64570
2013-01-30 14:00:00,37.31,37.37,37.29,37.33,64351
2013-01-30 14:15:00,37.33,37.34,37.285,37.33,46445
2013-01-30 14:30:00,37.33,37.36,37.28,37.32,66676
2013-01-30 14:45:00,37.32,37.34,37.3,37.31,35373
2013-01-30 15:00:00,37.3167,37.4,37.29,37.395,126794
2013-01-30 15:15:00,37.39,37.395,37.309,37.31,44509
2013-01-30 15:30:00,37.3,37.32,37.29,37.29,76585
2013-01-30 15:45:00,37.29,37.29,37.19,37.24,76505
2013-01-30 16:00:00,37.23,37.25,37.21,37.24,195550
2013-01-31 09:45:00,37.21,37.3199,37.03,37.29,67030
2013-01-31 10:00:00,37.27,37.33,37.16,37.18,54495
2013-01-31 10:15:00,37.18,37.32,37.15,37.1501,116412
2013-01-31 10:30:00,37.155,37.2,37.0701,37.16,55790
2013-01-31 10:45:00,37.16,37.28,37.14,37.28,37308
2013-01-31 11:00:00,37.2628,37.31,37.16,37.3,71786
2013-01-31 11:15:00,37.3,37.31,37.19,37.2499,83559
2013-01-31 11:30:00,37.24,37.28,37.18,37.26,29012
2013-01-31 11:45:00,37.26,37.32,37.24,37.245,69966
2013-01-31 12:00:00,37.24,37.27,37.23,37.25,26780
2013-01-31 12:15:00,37.245,37.245,37.19,37.19,71717
2013-01-31 12:30:00,37.21,37.275,37.205,37.24,46544
2013-01-31 12:45:00,37.245,37.265,37.24,37.245,21796
2013-01-31 13:00:00,37.25,37.27,37.23,37.235,26536
2013-01-31 13:15:00,37.235,37.29,37.23,37.29,45246
2013-01-31 13:30:00,37.3,37.31,37.25,37.25,13585
2013-01-31 13:45:00,37.24,37.25,37.24,37.24,25741
2013-01-31 14:00:00,37.245,37.26,37.24,37.254,30061
2013-01-31 14:15:00,37.25,37.28,37.25,37.28,64298
2013-01-31 14:30:00,37.28,37.31,37.26,37.31,63426
2013-01-31 14:45:00,37.31,37.4,37.3,37.4,61920
2013-01-31 15:00:00,37.4,37.41,37.33,37.39,61397
2013-01-31 15:15:00,37.39,37.39,37.3,37.3001,66723
2013-01-31 15:30:00,37.31,37.32,37.25,37.305,60241
2013-01-31 15:45:00,37.3,37.36,37.29,37.345,72452
2013-01-31 16:00:00,37.345,37.43,37.33,37.36,210790
2013-02-01 09:45:00,37.69,37.72,37.22,37.48,137285
2013-02-01 10:00:00,37.48,37.54,37.36,37.43,98499
2013-02-01 10:15:00,37.45,37.62,37.44,37.49,49817
2013-02-01 10:30:00,37.5,37.57,37.4,37.405,154003
2013-02-01 10:45:00,37.39,37.6,37.38,37.6,35401
2013-02-01 11:00:00,37.61,37.69,37.5947,37.69,27267
2013-02-01 11:15:00,37.6955,37.705,37.63,37.675,27264
2013-02-01 11:30:00,37.675,37.7,37.6448,37.67,22945
2013-02-01 11:45:00,37.66,37.7,37.635,37.66,24686
2013-02-01 12:00:00,37.66,37.66,37.61,37.64,33127
2013-02-01 12:15:00,37.64,37.67,37.61,37.61,23658
2013-02-01 12:30:00,37.62,37.64,37.55,37.58,20495
2013-02-01 12:45:00,37.5867,37.63,37.52,37.62,85965
2013-02-01 13:00:00,37.61,37.62,37.53,37.5899,25847
2013-02-01 13:15:00,37.59,37.64,37.56,37.6,61772
2013-02-01 13:30:00,37.59,37.63,37.56,37.62,40350
2013-02-01 13:45:00,37.62,37.69,37.59,37.64,47929
2013-02-01 14:00:00,37.64,37.64,37.57,37.61,41828
2013-02-01 14:15:00,37.6006,37.61,37.57,37.61,29793
2013-02-01 14:30:00,37.6099,37.67,37.6,37.65,25558
2013-02-01 14:45:00,37.66,37.69,37.61,37.624,39204
2013-02-01 15:00:00,37.6299,37.63,37.56,37.58,38226
2013-02-01 15:15:00,37.58,37.6,37.57,37.57,77120
2013-02-01 15:30:00,37.57,37.6,37.5,37.51,29684
2013-02-01 15:45:00,37.5,37.57,37.48,37.55,49985
2013-02-01 16:00:00,37.55,37.65,37.55,37.64,137587
2013-02-04 09:45:00,37.43,37.622,37.39,37.5593,44676
2013-02-04 10:00:00,37.56,37.61,37.5,37.53,83545
2013-02-04 10:15:00,37.53,37.57,37.51,37.56,94991
2013-02-04 10:30:00,37.56,37.59,37.5001,37.5021,26457
2013-02-04 10:45:00,37.51,37.52,37.4,37.43,30683
2013-02-04 11:00:00,37.43,37.52,37.43,37.5,60180
2013-02-04 11:15:00,37.5,37.53,37.45,37.47,70390
2013-02-04 11:30:00,37.47,37.49,37.39,37.39,91334
2013-02-04 11:45:00,37.39,37.43,37.33,37.4,87353
2013-02-04 12:00:00,37.39,37.43,37.33,37.34,107987
2013-02-04 12:15:00,37.36,37.36,37.28,37.3,82578
2013-02-04 12:30:00,37.3,37.31,37.27,37.27,37845
2013-02-04 12:45:00,37.27,37.3,37.25,37.29,19974
2013-02-04 13:00:00,37.29,37.3699,37.275,37.35,26292
2013-02-04 13:15:00,37.345,37.37,37.32,37.3448,22614
2013-02-04 13:30:00,37.35,37.38,37.33,37.34,39357
2013-02-04 13:45:00,37.34,37.36,37.32,37.34,29191
2013-02-04 14:00:00,37.33,37.37,37.32,37.365,32567
2013-02-04 14:15:00,37.37,37.39,37.36,37.3899,37167
2013-02-04 14:30:00,37.385,37.54,37.38,37.54,36534
2013-02-04 14:45:00,37.54,37.56,37.5,37.55,29611
2013-02-04 15:00:00,37.55,37.55,37.47,37.5,28120
2013-02-04 15:15:00,37.5,37.51,37.44,37.45,32704
2013-02-04 15:30:00,37.45,37.5,37.42,37.495,33183
2013-02-04 15:45:00,37.49,37.49,37.42,37.45,53533
2013-02-04 16:00:00,37.45,37.46,37.4,37.42,89915
2013-02-05 09:45:00,37.73,37.76,37.65,37.74,45682
2013-02-05 10:00:00,37.74,37.92,37.74,37.92,50065
2013-02-05 10:15:00,37.92,37.935,37.725,37.75,24815
2013-02-05 10:30:00,37.75,37.83,37.735,37.735,24539
2013-02-05 10:45:00,37.72,37.81,37.69,37.78,24912
2013-02-05 11:00:00,37.77,37.79,37.73,37.745,21977
2013-02-05 11:15:00,37.74,37.75,37.6701,37.74,29710
2013-02-05 11:30:00,37.745,37.755,37.66,37.745,36507
2013-02-05 11:45:00,37.74,37.79,37.72,37.73,16945
2013-02-05 12:00:00,37.73,37.78,37.73,37.775,45372
2013-02-05 12:15:00,37.78,37.88,37.77,37.88,22218
2013-02-05 12:30:00,37.88,37.93,37.78,37.78,31571
2013-02-05 12:45:00,37.76,37.87,37.705,37.865,27285
2013-02-05 13:00:00,37.86,37.93,37.86,37.91,25915
2013-02-05 13:15:00,37.9199,37.96,37.9001,37.94,30930
2013-02-05 13:30:00,37.93,37.97,37.89,37.94,39290
2013-02-05 13:45:00,37.94,38.0,37.94,37.9682,37893
2013-02-05 14:00:00,37.95,37.99,37.91,37.92,16953
2013-02-05 14:15:00,37.93,37.98,37.88,37.96,32877
2013-02-05 14:30:00,37.98,38.0,37.94,37.94,31241
2013-02-05 14:45:00,37.945,38.02,37.93,38.02,31972
2013-02-05 15:00:00,38.02,38.06,37.98,37.99,32035
2013-02-05 15:15:00,37.98,37.98,37.93,37.96,30505
2013-02-05 15:30:00,37.95,37.96,37.91,37.915,32940
2013-02-05 15:45:00,37.91,37.93,37.86,37.875,52832
2013-02-05 16:00:00,37.88,37.93,37.85,37.88,146246
2013-02-06 09:45:00,37.8,37.89,37.72,37.87,70272
2013-02-06 10:00:00,37.87,37.8999,37.77,37.87,188304
2013-02-06 10:15:00,37.87,37.96,37.87,37.96,34586
2013-02-06 10:30:00,37.97,37.97,37.91,37.93,18160
2013-02-06 10:45:00,37.92,37.955,37.9,37.93,76565
2013-02-06 11:00:00,37.92,38.06,37.92,38.06,32400
2013-02-06 11:15:00,38.06,38.11,38.03,38.07,60554
2013-02-06 11:30:00,38.0701,38.1,38.04,38.07,28093
2013-02-06 11:45:00,38.06,38.2,38.06,38.195,34640
2013-02-06 12:00:00,38.19,38.23,38.18,38.2,28371
2013-02-06 12:15:00,38.2,38.2799,38.2,38.25,18718
2013-02-06 12:30:00,38.24,38.25,38.14,38.14,123096
2013-02-06 12:45:00,38.14,38.17,38.11,38.165,19469
2013-02-06 13:00:00,38.16,38.16,38.12,38.145,71285
2013-02-06 13:15:00,38.145,38.175,38.11,38.11,46114
2013-02-06 13:30:00,38.1195,38.12,37.985,38.02,27686
2013-02-06 13:45:00,38.01,38.09,38.0,38.08,32351
2013-02-06 14:00:00,38.09,38.16,38.09,38.1,23945
2013-02-06 14:15:00,38.1,38.12,37.98,38.0,75575
2013-02-06 14:30:00,37.99,38.09,37.99,38.09,17818
2013-02-06 14:45:00,38.09,38.1599,38.08,38.1101,53097
2013-02-06 15:00:00,38.11,38.12,38.1,38.115,30658
2013-02-06 15:15:00,38.12,38.13,38.1,38.12,38716
2013-02-06 15:30:00,38.12,38.19,38.1,38.18,56237
2013-02-06 15:45:00,38.18,38.18,38.12,38.16,46561
2013-02-06 16:00:00,38.16,38.18,38.12,38.16,203316
2013-02-07 09:45:00,38.98,38.99,38.29,38.3,101855
2013-02-07 10:00:00,38.29,38.4,38.185,38.22,60556
2013-02-07 10:15:00,38.21,38.4,38.17,38.38,101854
2013-02-07 10:30:00,38.37,38.37,38.23,38.27,170286
2013-02-07 10:45:00,38.27,38.37,38.26,38.2942,47046
2013-02-07 11:00:00,38.29,38.3499,38.25,38.34,40997
2013-02-07 11:15:00,38.34,38.35,38.1101,38.13,32495
2013-02-07 11:30:00,38.13,38.17,38.02,38.04,39652
2013-02-07 11:45:00,38.0499,38.05,37.91,37.94,59147
2013-02-07 12:00:00,37.94,38.1,37.91,38.04,109429
2013-02-07 12:15:00,38.04,38.1,38.02,38.07,25740
2013-02-07 12:30:00,38.07,38.11,38.065,38.1,67653
2013-02-07 12:45:00,38.11,38.19,38.11,38.19,20553
2013-02-07 13:00:00,38.185,38.2,38.095,38.1,55502
2013-02-07 13:15:00,38.1,38.12,38.035,38.1,69432
2013-02-07 13:30:00,38.098,38.26,38.098,38.26,16209
2013-02-07 13:45:00,38.26,38.3,38.19,38.3,24375
2013-02-07 14:00:00,38.31,38.375,38.3,38.35,23684
2013-02-07 14:15:00,38.36,38.39,38.24,38.258,27955
2013-02-07 14:30:00,38.26,38.41,38.22,38.41,96220
2013-02-07 14:45:00,38.4,38.53,38.4,38.509,55218
2013-02-07 15:00:00,38.51,38.58,38.49,38.57,39082
2013-02-07 15:15:00,38.5799,38.59,38.52,38.57,49326
2013-02-07 15:30:00,38.57,38.65,38.5656,38.6,68579
2013-02-07 15:45:00,38.595,38.65,38.555,38.59,88861
2013-02-07 16:00:00,38.59,38.73,38.54,38.72,248722
2013-02-08 09:45:00,38.86,39.43,38.755,39.23,362608
2013-02-08 10:00:00,39.2233,39.52,39.2233,39.4605,160674
2013-02-08 10:15:00,39.47,39.54,39.1001,39.13,271653
2013-02-08 10:30:00,39.15,39.43,39.15,39.35,114805
2013-02-08 10:45:00,39.35,39.47,39.235,39.4,85865
2013-02-08 11:00:00,39.4,39.52,39.27,39.27,164166
2013-02-08 11:15:00,39.27,39.395,39.22,39.38,61809
2013-02-08 11:30:00,39.37,39.45,39.33,39.43,58542
2013-02-08 11:45:00,39.43,39.5,39.4,39.415,47562
2013-02-08 12:00:00,39.42,39.42,39.3,39.3,45497
2013-02-08 12:15:00,39.3,39.31,39.26,39.265,22833
2013-02-08 12:30:00,39.265,39.28,39.26,39.27,21358
2013-02-08 12:45:00,39.26,39.31,39.2,39.25,115741
2013-02-08 13:00:00,39.28,39.31,39.27,39.29,33017
2013-02-08 13:15:00,39.3,39.43,39.3,39.43,24899
2013-02-08 13:30:00,39.43,39.46,39.39,39.42,32715
2013-02-08 13:45:00,39.42,39.69,39.42,39.69,130458
2013-02-08 14:00:00,39.7,39.759,39.6,39.74,95121
2013-02-08 14:15:00,39.75,39.76,39.57,39.66,82380
2013-02-08 14:30:00,39.66,39.685,39.58,39.62,44727
2013-02-08 14:45:00,39.63,39.73,39.61,39.61,43110
2013-02-08 15:00:00,39.61,39.65,39.55,39.62,55837
2013-02-08 15:15:00,39.63,39.71,39.62,39.62,107529
2013-02-08 15:30:00,39.62,39.64,39.59,39.64,53246
2013-02-08 15:45:00,39.635,39.75,39.63,39.73,95361
2013-02-08 16:00:00,39.73,39.84,39.72,39.84,243098
2013-02-11 09:45:00,39.9,40.06,39.48,39.57,506513
2013-02-11 10:00:00,39.57,39.85,39.51,39.51,288285
2013-02-11 10:15:00,39.52,39.69,39.395,39.565,105914
2013-02-11 10:30:00,39.58,39.605,39.42,39.58,124663
2013-02-11 10:45:00,39.57,39.84,39.47,39.82,128020
2013-02-11 11:00:00,39.81,39.82,39.71,39.82,209332
2013-02-11 11:15:00,39.84,40.05,39.83,40.05,98903
2013-02-11 11:30:00,40.04,40.1283,39.9,39.9,91907
2013-02-11 11:45:00,39.91,39.92,39.83,39.84,70455
2013-02-11 12:00:00,39.84,39.92,39.82,39.87,74184
2013-02-11 12:15:00,39.87,39.9,39.8,39.89,105845
2013-02-11 12:30:00,39.88,39.89,39.8,39.825,45321
2013-02-11 12:45:00,39.83,39.9,39.82,39.87,43990
2013-02-11 13:00:00,39.87,39.87,39.785,39.8,53781
2013-02-11 13:15:00,39.81,39.87,39.775,39.8,110737
2013-02-11 13:30:00,39.805,39.82,39.72,39.72,132399
2013-02-11 13:45:00,39.71,39.75,39.62,39.635,76789
2013-02-11 14:00:00,39.63,39.64,39.445,39.505,96885
2013-02-11 14:15:00,39.51,39.72,39.51,39.7,93597
2013-02-11 14:30:00,39.7,39.74,39.63,39.635,44605
2013-02-11 14:45:00,39.635,39.7,39.635,39.69,34622
2013-02-11 15:00:00,39.695,39.7,39.565,39.655,53893
2013-02-11 15:15:00,39.64,39.65,39.55,39.6,62741
2013-02-11 15:30:00,39.6,39.69,39.56,39.57,65882
2013-02-11 15:45:00,39.56,39.72,39.555,39.62,97917
2013-02-11 16:00:00,39.62,39.69,39.59,39.68,285202
2013-02-12 09:45:00,39.79,40.0,39.68,39.95,190367
2013-02-12 10:00:00,39.95,40.0,39.89,39.89,122468
2013-02-12 10:15:00,39.9,39.96,39.89,39.91,162201
2013-02-12 10:30:00,39.91,39.99,39.91,39.97,58049
2013-02-12 10:45:00,39.97,40.01,39.92,39.98,154585
2013-02-12 11:00:00,39.9799,40.02,39.9101,39.98,86012
2013-02-12 11:15:00,39.98,40.0,39.93,39.94,49884
2013-02-12 11:30:00,39.95,39.97,39.93,39.97,50420
2013-02-12 11:45:00,39.97,39.98,39.919000000000004,39.96,51576
2013-02-12 12:00:00,39.96,39.97,39.91,39.91,88105
2013-02-12 12:15:00,39.92,39.92,39.8,39.9,144060
2013-02-12 12:30:00,39.9,39.93,39.83,39.86,81707
2013-02-12 12:45:00,39.85,39.88,39.83,39.85,25089
2013-02-12 13:00:00,39.85,39.93,39.845,39.92,29173
2013-02-12 13:15:00,39.91,39.96,39.9,39.92,59815
2013-02-12 13:30:00,39.915,39.93,39.875,39.89,44005
2013-02-12 13:45:00,39.895,39.9,39.88,39.88,23017
2013-02-12 14:00:00,39.88,39.91,39.88,39.89,30515
2013-02-12 14:15:00,39.88,39.89,39.88,39.89,25877
2013-02-12 14:30:00,39.89,39.9,39.88,39.885,18655
2013-02-12 14:45:00,39.89,39.89,39.84,39.875,52513
2013-02-12 15:00:00,39.88,39.94,39.86,39.86,46995
2013-02-12 15:15:00,39.86,39.87,39.83,39.85,53413
2013-02-12 15:30:00,39.8599,39.9,39.83,39.85,135181
2013-02-12 15:45:00,39.85,39.92,39.815,39.8552,108205
2013-02-12 16:00:00,39.85,39.89,39.84,39.89,133440
2013-02-13 09:45:00,40.23,40.51,40.065,40.43,126303
2013-02-13 10:00:00,40.43,40.43,40.31,40.385,192324
2013-02-13 10:15:00,40.39,40.54,40.385,40.505,121730
2013-02-13 10:30:00,40.49,40.505,40.43,40.46,154990
2013-02-13 10:45:00,40.47,40.5,40.4,40.45,165327
2013-02-13 11:00:00,40.45,40.55,40.41,40.5,179067
2013-02-13 11:15:00,40.5,40.51,40.42,40.5,77114
2013-02-13 11:30:00,40.5,40.51,40.29,40.3,126474
2013-02-13 11:45:00,40.29,40.365,40.05,40.05,70937
2013-02-13 12:00:00,40.04,40.25,39.925,40.25,70227
2013-02-13 12:15:00,40.24,40.25,40.12,40.2,35434
2013-02-13 12:30:00,40.2,40.24,40.17,40.205,24991
2013-02-13 12:45:00,40.205,40.25,40.2,40.25,32249
2013-02-13 13:00:00,40.25,40.39,40.25,40.3701,43701
2013-02-13 13:15:00,40.37,40.41,40.37,40.39,39746
2013-02-13 13:30:00,40.4,40.48,40.36,40.46,58998
2013-02-13 13:45:00,40.46,40.47,40.38,40.43,39619
2013-02-13 14:00:00,40.42,40.43,40.38,40.41,24170
2013-02-13 14:15:00,40.405,40.43,40.39,40.39,23414
2013-02-13 14:30:00,40.39,40.41,40.375,40.405,35960
2013-02-13 14:45:00,40.405,40.41,40.38,40.41,36024
2013-02-13 15:00:00,40.41,40.42,40.38,40.4,37123
2013-02-13 15:15:00,40.4,40.43,40.36,40.36,30212
2013-02-13 15:30:00,40.36,40.42,40.35,40.395,56466
2013-02-13 15:45:00,40.395,40.49,40.39,40.45,209533
2013-02-13 16:00:00,40.46,40.49,40.38,40.42,233303
2013-02-14 09:45:00,40.24,40.36,40.22,40.31,101754
2013-02-14 10:00:00,40.31,40.49,40.25,40.49,232488
2013-02-14 10:15:00,40.49,40.72,40.48,40.7,165655
2013-02-14 10:30:00,40.705,40.71,40.61,40.7,67738
2013-02-14 10:45:00,40.69,40.74,40.67,40.7277,31818
2013-02-14 11:00:00,40.72,40.7799,40.72,40.735,53227
2013-02-14 11:15:00,40.73,40.81,40.66,40.8,119300
2013-02-14 11:30:00,40.79,40.805,40.75,40.79,61013
2013-02-14 11:45:00,40.78,40.82,40.78,40.81,28377
2013-02-14 12:00:00,40.81,40.81,40.755,40.791,29754
2013-02-14 12:15:00,40.795,40.8,40.76,40.785,24036
2013-02-14 12:30:00,40.78,40.8,40.65,40.71,145791
2013-02-14 12:45:00,40.71,40.78,40.65,40.77,72248
2013-02-14 13:00:00,40.78,40.79,40.695,40.77,102121
2013-02-14 13:15:00,40.78,40.79,40.68,40.71,99751
2013-02-14 13:30:00,40.71,40.76,40.7,40.75,55127
2013-02-14 13:45:00,40.75,40.77,40.73,40.73,9051
2013-02-14 14:00:00,40.7267,40.77,40.7042,40.77,33549
2013-02-14 14:15:00,40.76,40.78,40.745,40.78,37976
2013-02-14 14:30:00,40.78,40.79,40.74,40.77,27940
2013-02-14 14:45:00,40.76,40.77,40.695,40.7,19958
2013-02-14 15:00:00,40.6901,40.75,40.68,40.74,60007
2013-02-14 15:15:00,40.74,40.95,40.74,40.92,78294
2013-02-14 15:30:00,40.92,40.95,40.81,40.93,42694
2013-02-14 15:45:00,40.93,40.93,40.85,40.85,51515
2013-02-14 16:00:00,40.85,40.89,40.78,40.89,101618
2013-02-15 09:45:00,40.99,41.0,40.75,40.805,186902
2013-02-15 10:00:00,40.805,40.9,40.75,40.8799,83850
2013-02-15 10:15:00,40.88,40.93,40.86,40.865,48756
2013-02-15 10:30:00,40.865,40.905,40.83,40.88,151954
2013-02-15 10:45:00,40.88,40.92,40.83,40.8833,37647
2013-02-15 11:00:00,40.89,40.92,40.86,40.92,30887
2013-02-15 11:15:00,40.92,40.92,40.825,40.83,61810
2013-02-15 11:30:00,40.84,40.875,40.78,40.815,28059
2013-02-15 11:45:00,40.82,40.85,40.74,40.75,30027
2013-02-15 12:00:00,40.75,40.8,40.71,40.71,76784
2013-02-15 12:15:00,40.69,40.7,40.63,40.65,131592
2013-02-15 12:30:00,40.655,40.68,40.631,40.67,42292
2013-02-15 12:45:00,40.67,40.72,40.64,40.7,48667
2013-02-15 13:00:00,40.7,40.72,40.66,40.7,93524
2013-02-15 13:15:00,40.6999,40.7199,40.69,40.7,28555
2013-02-15 13:30:00,40.71,40.72,40.68,40.7,32952
2013-02-15 13:45:00,40.7,40.72,40.68,40.705,24469
2013-02-15 14:00:00,40.7,40.72,40.67,40.705,48220
2013-02-15 14:15:00,40.71,40.715,40.57,40.59,38637
2013-02-15 14:30:00,40.58,40.58,40.45,40.4699,37535
2013-02-15 14:45:00,40.47,40.64,40.46,40.54,118597
2013-02-15 15:00:00,40.53,40.55,40.45,40.45,50234
2013-02-15 15:15:00,40.45,40.51,40.43,40.5,48692
2013-02-15 15:30:00,40.5,40.51,40.48,40.5,58986
2013-02-15 15:45:00,40.5,40.54,40.49,40.52,115695
2013-02-15 16:00:00,40.515,40.53,40.47,40.53,176885
2013-02-19 09:45:00,41.21,41.21,40.58,40.6,104418
2013-02-19 10:00:00,40.6,40.71,40.6,40.66,80510
2013-02-19 10:15:00,40.65,40.745,40.65,40.7,42981
2013-02-19 10:30:00,40.7,40.71,40.61,40.62,68353
2013-02-19 10:45:00,40.61,40.66,40.55,40.6,44432
2013-02-19 11:00:00,40.6,40.655,40.47,40.48,50064
2013-02-19 11:15:00,40.48,40.48,40.4,40.4,45983
2013-02-19 11:30:00,40.4,40.47,40.39,40.39,70607
2013-02-19 11:45:00,40.41,40.41,40.32,40.3648,100977
2013-02-19 12:00:00,40.365,40.47,40.365,40.4458,55268
2013-02-19 12:15:00,40.455,40.46,40.3633,40.395,56356
2013-02-19 12:30:00,40.395,40.52,40.35,40.51,64394
2013-02-19 12:45:00,40.51,40.58,40.48,40.5701,54177
2013-02-19 13:00:00,40.5701,40.64,40.56,40.6221,48730
2013-02-19 13:15:00,40.62,40.64,40.6,40.62,62068
2013-02-19 13:30:00,40.62,40.78,40.615,40.72,111411
2013-02-19 13:45:00,40.72,40.73,40.67,40.71,27272
2013-02-19 14:00:00,40.71,40.72,40.65,40.66,20105
2013-02-19 14:15:00,40.67,40.72,40.66,40.72,63319
2013-02-19 14:30:00,40.72,40.8,40.715,40.79,17046
2013-02-19 14:45:00,40.79,40.84,40.77,40.78,45294
2013-02-19 15:00:00,40.79,40.81,40.735,40.7701,25807
2013-02-19 15:15:00,40.775,40.85,40.77,40.835,23629
2013-02-19 15:30:00,40.83,40.85,40.79,40.8246,47741
2013-02-19 15:45:00,40.82,40.84,40.81,40.81,30228
2013-02-19 16:00:00,40.82,40.93,40.81,40.9,131064
2013-02-20 09:45:00,40.99,41.04,40.82,40.87,149979
2013-02-20 10:00:00,40.88,40.95,40.86,40.905,47895
2013-02-20 10:15:00,40.93,40.99,40.93,40.98,29792
2013-02-20 10:30:00,40.981,40.99,40.94,40.99,16852
2013-02-20 10:45:00,40.99,41.225,40.97,41.22,82930
2013-02-20 11:00:00,41.23,41.245,41.19,41.2027,45818
2013-02-20 11:15:00,41.2,41.25,41.17,41.205,49640
2013-02-20 11:30:00,41.202,41.25,41.17,41.175,44083
2013-02-20 11:45:00,41.1746,41.23,41.16,41.175,58663
2013-02-20 12:00:00,41.18,41.39,41.18,41.385,42176
2013-02-20 12:15:00,41.39,41.5,41.39,41.5,43075
2013-02-20 12:30:00,41.51,41.56,41.33,41.37,52332
2013-02-20 12:45:00,41.36,41.365,41.255,41.294,26550
2013-02-20 13:00:00,41.3,41.31,41.24,41.3,17173
2013-02-20 13:15:00,41.3099,41.33,41.2,41.22,40212
2013-02-20 13:30:00,41.22,41.2599,41.175,41.18,16578
2013-02-20 13:45:00,41.18,41.22,41.16,41.2111,18371
2013-02-20 14:00:00,41.21,41.23,41.12,41.16,36770
2013-02-20 14:15:00,41.15,41.26,41.02,41.22,43596
2013-02-20 14:30:00,41.21,41.3,41.19,41.3,32958
2013-02-20 14:45:00,41.3,41.3,41.1901,41.21,36402
2013-02-20 15:00:00,41.21,41.24,41.122,41.13,44971
2013-02-20 15:15:00,41.12,41.13,41.01,41.11,40493
2013-02-20 15:30:00,41.1,41.16,41.09,41.105,63001
2013-02-20 15:45:00,41.11,41.19,41.09,41.13,83365
2013-02-20 16:00:00,41.13,41.145,41.02,41.11,173448
2013-02-21 09:45:00,41.62,41.62,40.79,40.87,121811
2013-02-21 10:00:00,40.87,40.995,40.75,40.995,97794
2013-02-21 10:15:00,40.97,41.135,40.82,41.09,61538
2013-02-21 10:30:00,41.08,41.085,40.935,41.045,42799
2013-02-21 10:45:00,41.04,41.23,40.82,41.09,207479
2013-02-21 11:00:00,41.09,41.095,40.93,40.955,73382
2013-02-21 11:15:00,40.96,41.025,40.915,40.97,44241
2013-02-21 11:30:00,40.96,41.11,40.96,41.08,52266
2013-02-21 11:45:00,41.08,41.08,40.93,41.075,47036
2013-02-21 12:00:00,41.08,41.1,41.02,41.05,24231
2013-02-21 12:15:00,41.06,41.06,40.95,40.9537,28420
2013-02-21 12:30:00,40.95,41.005,40.91,41.0,49546
2013-02-21 12:45:00,41.005,41.005,40.9,40.915,31292
2013-02-21 13:00:00,40.92,40.945,40.87,40.945,14067
2013-02-21 13:15:00,40.94,41.02,40.91,40.91,22624
2013-02-21 13:30:00,40.92,41.035,40.905,41.02,34012
2013-02-21 13:45:00,41.02,41.07,41.01,41.01,45327
2013-02-21 14:00:00,41.015,41.02,40.92,40.92,23545
2013-02-21 14:15:00,40.93,40.995,40.9299,40.99,77922
2013-02-21 14:30:00,40.9899,40.9899,40.91,40.94,29346
2013-02-21 14:45:00,40.94,41.05,40.93,41.025,34994
2013-02-21 15:00:00,41.03,41.1399,41.03,41.13,37870
2013-02-21 15:15:00,41.14,41.24,41.075,41.24,88361
2013-02-21 15:30:00,41.24,41.275,41.2,41.24,59148
2013-02-21 15:45:00,41.24,41.24,41.15,41.15,76045
2013-02-21 16:00:00,41.155,41.155,41.1,41.13,132671
2013-02-22 09:45:00,41.38,41.48,41.055,41.11,68273
2013-02-22 10:00:00,41.12,41.25,41.1,41.2,40467
2013-02-22 10:15:00,41.19,41.3,41.18,41.3,36747
2013-02-22 10:30:00,41.29,41.37,41.2284,41.28,126646
2013-02-22 10:45:00,41.29,41.325,41.08,41.18,47341
2013-02-22 11:00:00,41.19,41.38,41.08,41.1,47318
2013-02-22 11:15:00,41.115,41.2199,41.04,41.04,35982
2013-02-22 11:30:00,41.04,41.16,41.0,41.115,38669
2013-02-22 11:45:00,41.13,41.195,41.1,41.1,84851
2013-02-22 12:00:00,41.11,41.12,40.965,40.98,32512
2013-02-22 12:15:00,40.98,41.05,40.9401,41.05,12600
2013-02-22 12:30:00,41.058,41.08,41.04,41.07,10096
2013-02-22 12:45:00,41.08,41.1,41.04,41.045,20172
2013-02-22 13:00:00,41.045,41.05,41.0,41.0,24099
2013-02-22 13:15:00,41.0001,41.01,40.89,40.92,48377
2013-02-22 13:30:00,40.93,40.93,40.8501,40.87,21108
2013-02-22 13:45:00,40.88,40.9206,40.86,40.9175,14696
2013-02-22 14:00:00,40.92,40.95,40.9,40.92,18402
2013-02-22 14:15:00,40.92,40.93,40.8846,40.91,17911
2013-02-22 14:30:00,40.9199,40.95,40.9,40.905,48235
2013-02-22 14:45:00,40.905,40.98,40.9,40.98,26966
2013-02-22 15:00:00,40.98,41.18,40.975,41.16,24759
2013-02-22 15:15:00,41.16,41.185,41.07,41.07,28965
2013-02-22 15:30:00,41.08,41.08,41.05,41.055,29012
2013-02-22 15:45:00,41.05,41.11,41.04,41.0991,41044
2013-02-22 16:00:00,41.09,41.15,41.05,41.12,122608
2013-02-25 09:45:00,41.33,41.49,41.03,41.18,293487
2013-02-25 10:00:00,41.17,41.38,40.9,41.13,192160
2013-02-25 10:15:00,41.14,41.37,41.03,41.23,174493
2013-02-25 10:30:00,41.22,41.24,41.06,41.06100000000001,48370
2013-02-25 10:45:00,41.07,41.33,41.045,41.29,61528
2013-02-25 11:00:00,41.2801,41.43,41.16,41.1875,142646
2013-02-25 11:15:00,41.18,41.19,41.08,41.09,69802
2013-02-25 11:30:00,41.08,41.12,40.96,40.96,24120
2013-02-25 11:45:00,40.96,40.98,40.83,40.85,28646
2013-02-25 12:00:00,40.86,40.93,40.81,40.87,87877
2013-02-25 12:15:00,40.854,40.93,40.83,40.85,57185
2013-02-25 12:30:00,40.85,40.89,40.83,40.85,29802
2013-02-25 12:45:00,40.85,40.97,40.85,40.92,34978
2013-02-25 13:00:00,40.94,40.96,40.835,40.84,17165
2013-02-25 13:15:00,40.835,40.935,40.8,40.85,37044
2013-02-25 13:30:00,40.84,40.9,40.8387,40.87,38869
2013-02-25 13:45:00,40.87,40.92,40.84,40.84,44423
2013-02-25 14:00:00,40.85,40.85,40.63,40.63,28108
2013-02-25 14:15:00,40.63,40.75,40.55,40.67,38945
2013-02-25 14:30:00,40.67,40.95,40.66,40.94,66655
2013-02-25 14:45:00,40.94,40.99,40.84,40.9151,75422
2013-02-25 15:00:00,40.91,40.91,40.67,40.68,63504
2013-02-25 15:15:00,40.67,40.72,40.56,40.56,137531
2013-02-25 15:30:00,40.57,40.57,40.4,40.4,58612
2013-02-25 15:45:00,40.41,40.45,40.28,40.3,143750
2013-02-25 16:00:00,40.3,40.36,40.09,40.11,318235
2013-02-26 09:45:00,40.14,40.42,40.14,40.34,101252
2013-02-26 10:00:00,40.35,40.35,40.16,40.245,58507
2013-02-26 10:15:00,40.245,40.32,40.0814,40.09,68703
2013-02-26 10:30:00,40.09,40.13,40.01,40.03,41429
2013-02-26 10:45:00,40.0399,40.06,39.99,40.0,91056
2013-02-26 11:00:00,40.0,40.2,39.995,40.05,43939
2013-02-26 11:15:00,40.0394,40.085,39.995,40.03,31173
2013-02-26 11:30:00,40.03,40.12,40.0,40.03,38483
2013-02-26 11:45:00,40.03,40.1,40.02,40.03,58841
2013-02-26 12:00:00,40.03,40.17,40.02,40.09,16079
2013-02-26 12:15:00,40.09,40.1035,40.04,40.09,18324
2013-02-26 12:30:00,40.1,40.13,40.05,40.0599,31757
2013-02-26 12:45:00,40.06,40.12,40.04,40.11,28185
2013-02-26 13:00:00,40.12,40.12,40.065,40.08,28466
2013-02-26 13:15:00,40.08,40.16,40.02,40.05,23963
2013-02-26 13:30:00,40.05,40.14,40.04,40.05,25830
2013-02-26 13:45:00,40.05,40.1,40.03,40.03,40191
2013-02-26 14:00:00,40.04,40.1,40.035,40.05,19889
2013-02-26 14:15:00,40.05,40.13,40.045,40.05,48364
2013-02-26 14:30:00,40.05,40.13,40.05,40.13,35545
2013-02-26 14:45:00,40.13,40.15,40.01,40.05,70882
2013-02-26 15:00:00,40.05,40.0799,40.04,40.07,32179
2013-02-26 15:15:00,40.07,40.09,40.04,40.06,92568
2013-02-26 15:30:00,40.06,40.16,40.05,40.15,43594
2013-02-26 15:45:00,40.14,40.19,40.05,40.17,104900
2013-02-26 16:00:00,40.17,40.18,40.03,40.04,178127
2013-02-27 09:45:00,40.01,40.36,39.99,40.28,49036
2013-02-27 10:00:00,40.3,40.3,40.1,40.14,22925
2013-02-27 10:15:00,40.15,40.415,40.14,40.415,47905
2013-02-27 10:30:00,40.4,40.49,40.38,40.46,62272
2013-02-27 10:45:00,40.45,40.48,40.37,40.38,97640
2013-02-27 11:00:00,40.4,40.435,40.29,40.435,36592
2013-02-27 11:15:00,40.42,40.62,40.42,40.59,101547
2013-02-27 11:30:00,40.6,40.61,40.3,40.44,129889
2013-02-27 11:45:00,40.45,40.45,40.31,40.34,31069
2013-02-27 12:00:00,40.37,40.45,40.33,40.35,17631
2013-02-27 12:15:00,40.35,40.45,40.34,40.39,19607
2013-02-27 12:30:00,40.39,40.41,40.34,40.37,28512
2013-02-27 12:45:00,40.38,40.45,40.36,40.37,29597
2013-02-27 13:00:00,40.38,40.44,40.33,40.36,24070
2013-02-27 13:15:00,40.36,40.39,40.34,40.37,21129
2013-02-27 13:30:00,40.37,40.37,40.27,40.33,18493
2013-02-27 13:45:00,40.36,40.4,40.35,40.35,18279
2013-02-27 14:00:00,40.35,40.4,40.3,40.36,28402
2013-02-27 14:15:00,40.36,40.42,40.34,40.36,38414
2013-02-27 14:30:00,40.36,40.46,40.34,40.44,63981
2013-02-27 14:45:00,40.44,40.48,40.39,40.4,30970
2013-02-27 15:00:00,40.41,40.43,40.36,40.42,74674
2013-02-27 15:15:00,40.42,40.45,40.37,40.42,35960
2013-02-27 15:30:00,40.42,40.49,40.4,40.48,54402
2013-02-27 15:45:00,40.485,40.5199,40.43,40.51,72594
2013-02-27 16:00:00,40.51,40.57,40.46,40.51,213168
2013-02-28 09:45:00,40.43,40.68,40.33,40.43,97330
2013-02-28 10:00:00,40.41,40.5,40.36,40.42,33729
2013-02-28 10:15:00,40.43,40.48,40.35,40.44,39775
2013-02-28 10:30:00,40.45,40.52,40.4,40.52,31557
2013-02-28 10:45:00,40.5075,40.51,40.4,40.42,52172
2013-02-28 11:00:00,40.43,40.43,40.3,40.37,35654
2013-02-28 11:15:00,40.38,40.42,40.27,40.29,48096
2013-02-28 11:30:00,40.29,40.3299,40.25,40.26,33954
2013-02-28 11:45:00,40.25,40.27,40.2,40.26,22160
2013-02-28 12:00:00,40.2594,40.28,40.12,40.18,38988
2013-02-28 12:15:00,40.18,40.2,40.12,40.15,37661
2013-02-28 12:30:00,40.13,40.2,40.1,40.2,88413
2013-02-28 12:45:00,40.21,40.26,40.19,40.21,41774
2013-02-28 13:00:00,40.21,40.23,40.155,40.2,52672
2013-02-28 13:15:00,40.19,40.24,40.18,40.24,41057
2013-02-28 13:30:00,40.25,40.325,40.2,40.31,41044
2013-02-28 13:45:00,40.32,40.33,40.295,40.3,44800
2013-02-28 14:00:00,40.3,40.335,40.26,40.28,40520
2013-02-28 14:15:00,40.27,40.325,40.26,40.31,31895
2013-02-28 14:30:00,40.3,40.365,40.285,40.365,29489
2013-02-28 14:45:00,40.36,40.36,40.275,40.31,68749
2013-02-28 15:00:00,40.305,40.319,40.285,40.2899,37044
2013-02-28 15:15:00,40.29,40.3,40.185,40.2,43055
2013-02-28 15:30:00,40.2,40.2,40.09,40.125,62678
2013-02-28 15:45:00,40.14,40.15,40.11,40.12,47910
2013-02-28 16:00:00,40.11,40.12,40.0,40.01,209651
2013-03-01 09:45:00,40.1,40.124,39.88,40.11,190566
2013-03-01 10:00:00,40.13,40.43,40.11,40.35,117770
2013-03-01 10:15:00,40.35,40.43,40.25,40.29,112174
2013-03-01 10:30:00,40.28,40.28,40.11,40.22,27235
2013-03-01 10:45:00,40.22,40.355,40.22,40.32,83538
2013-03-01 11:00:00,40.32,40.32,40.23,40.29,79587
2013-03-01 11:15:00,40.3,40.35,40.28,40.28,65449
2013-03-01 11:30:00,40.27,40.33,40.18,40.26,52305
2013-03-01 11:45:00,40.26,40.28,40.16,40.21,37350
2013-03-01 12:00:00,40.21,40.23,40.165,40.23,44291
2013-03-01 12:15:00,40.23,40.26,40.18,40.235,38360
2013-03-01 12:30:00,40.2301,40.265,40.17,40.23,37530
2013-03-01 12:45:00,40.23,40.28,40.21,40.24,38729
2013-03-01 13:00:00,40.25,40.32,40.25,40.27,40361
2013-03-01 13:15:00,40.28,40.29,40.19,40.23,27179
2013-03-01 13:30:00,40.23,40.315,40.23,40.3,58998
2013-03-01 13:45:00,40.3025,40.33,40.26,40.28,38960
2013-03-01 14:00:00,40.28,40.3,40.17,40.22,116031
2013-03-01 14:15:00,40.24,40.26,40.18,40.21,82431
2013-03-01 14:30:00,40.21,40.24,40.122,40.13,70397
2013-03-01 14:45:00,40.14,40.14,40.04,40.11,65531
2013-03-01 15:00:00,40.11,40.12,39.99,40.04,85695
2013-03-01 15:15:00,40.05,40.12,40.01,40.02,63671
2013-03-01 15:30:00,40.014,40.03,40.0,40.025,63032
2013-03-01 15:45:00,40.03,40.0399,39.99,40.0,128386
2013-03-01 16:00:00,40.01,40.14,40.0,40.1,268674
2013-03-04 09:45:00,40.08,40.3,40.01,40.23,72552
2013-03-04 10:00:00,40.23,40.25,40.17,40.2,43829
2013-03-04 10:15:00,40.2,40.23,40.05,40.05,44359
2013-03-04 10:30:00,40.04,40.13,40.04,40.1,20646
2013-03-04 10:45:00,40.09,40.15,40.06,40.15,67044
2013-03-04 11:00:00,40.15,40.16,40.0939,40.146,37298
2013-03-04 11:15:00,40.15,40.16,40.11,40.16,39220
2013-03-04 11:30:00,40.17,40.33,40.165,40.29,63189
2013-03-04 11:45:00,40.28,40.29,40.2,40.2449,26119
2013-03-04 12:00:00,40.25,40.33,40.245,40.3,33866
2013-03-04 12:15:00,40.31,40.35,40.245,40.28,37141
2013-03-04 12:30:00,40.28,40.28,40.15,40.15,44317
2013-03-04 12:45:00,40.14,40.14,40.075,40.13,18723
2013-03-04 13:00:00,40.14,40.165,40.12,40.15,27503
2013-03-04 13:15:00,40.145,40.19,40.075,40.19,32824
2013-03-04 13:30:00,40.19,40.29,40.19,40.25,36958
2013-03-04 13:45:00,40.26,40.27,40.18,40.2299,30229
2013-03-04 14:00:00,40.23,40.24,40.13,40.16,38519
2013-03-04 14:15:00,40.158,40.25,40.158,40.22,26071
2013-03-04 14:30:00,40.22,40.27,40.16,40.215,49861
2013-03-04 14:45:00,40.22,40.22,40.125,40.14,38805
2013-03-04 15:00:00,40.1395,40.17,40.13,40.1475,65095
2013-03-04 15:15:00,40.14,40.16,40.105,40.12,28834
2013-03-04 15:30:00,40.12,40.15,40.02,40.15,87310
2013-03-04 15:45:00,40.15,40.17,40.06,40.09,103384
2013-03-04 16:00:00,40.1,40.1201,40.06,40.09,169824
2013-03-05 09:45:00,40.29,40.65,40.285,40.51,85759
2013-03-05 10:00:00,40.515,40.5799,40.49,40.55,19856
2013-03-05 10:15:00,40.56,40.61,40.4,40.41,74234
2013-03-05 10:30:00,40.41,40.5199,40.41,40.5,13012
2013-03-05 10:45:00,40.5,40.515,40.42,40.49,44038
2013-03-05 11:00:00,40.492,40.61,40.48,40.57,51388
2013-03-05 11:15:00,40.58,40.65,40.53,40.64,18546
2013-03-05 11:30:00,40.64,40.705,40.6,40.68,50639
2013-03-05 11:45:00,40.69,40.74,40.64,40.6868,19678
2013-03-05 12:00:00,40.69,40.73,40.68,40.69,15708
2013-03-05 12:15:00,40.69,40.835,40.685,40.78,34392
2013-03-05 12:30:00,40.78,40.8,40.75,40.7625,17103
2013-03-05 12:45:00,40.7642,40.79,40.69,40.695,20005
2013-03-05 13:00:00,40.69,40.72,40.62,40.63,17378
2013-03-05 13:15:00,40.63,40.66,40.565,40.565,18136
2013-03-05 13:30:00,40.57,40.64,40.56,40.57,17568
2013-03-05 13:45:00,40.56,40.635,40.55,40.62,15525
2013-03-05 14:00:00,40.62,40.64,40.58,40.62,11959
2013-03-05 14:15:00,40.61,40.66,40.6,40.6244,17398
2013-03-05 14:30:00,40.6053,40.61,40.48,40.48,22229
2013-03-05 14:45:00,40.485,40.5699,40.48,40.55,23514
2013-03-05 15:00:00,40.5499,40.56,40.49,40.5499,17514
2013-03-05 15:15:00,40.55,40.6499,40.54,40.62,47899
2013-03-05 15:30:00,40.61,40.63,40.59,40.61,37297
2013-03-05 15:45:00,40.61,40.6599,40.58,40.64,42321
2013-03-05 16:00:00,40.63,40.7,40.586,40.7,195682
2013-03-06 09:45:00,40.7,41.2,40.7,41.13,88847
2013-03-06 10:00:00,41.14,41.36,41.11,41.255,101190
2013-03-06 10:15:00,41.23,41.315,41.086000000000006,41.1299,74845
2013-03-06 10:30:00,41.12,41.31,41.12,41.31,121804
2013-03-06 10:45:00,41.3098,41.42,41.3,41.375,81964
2013-03-06 11:00:00,41.38,41.405,41.24,41.27,35640
2013-03-06 11:15:00,41.26,41.305,41.22,41.23,46033
2013-03-06 11:30:00,41.23,41.34,41.16,41.162,41986
2013-03-06 11:45:00,41.16,41.23,41.15,41.2,49934
2013-03-06 12:00:00,41.2,41.25,41.18,41.2,52499
2013-03-06 12:15:00,41.185,41.29,41.1601,41.218999999999994,44219
2013-03-06 12:30:00,41.21,41.26,41.195,41.21,33085
2013-03-06 12:45:00,41.22,41.285,41.2,41.28,36103
2013-03-06 13:00:00,41.28,41.36,41.175,41.19,105197
2013-03-06 13:15:00,41.18,41.235,41.162,41.231,22594
2013-03-06 13:30:00,41.24,41.26,41.17,41.24,39062
2013-03-06 13:45:00,41.2201,41.2201,41.14,41.15,33169
2013-03-06 14:00:00,41.15,41.24,41.115,41.12,41955
2013-03-06 14:15:00,41.12,41.165,41.03,41.045,35783
2013-03-06 14:30:00,41.05,41.1,41.005,41.005,43174
2013-03-06 14:45:00,41.0,41.1,40.968999999999994,40.99,59536
2013-03-06 15:00:00,40.99,41.07,40.9801,41.0,30342
2013-03-06 15:15:00,40.995,41.015,40.93,40.95,51571
2013-03-06 15:30:00,40.95,41.02,40.9,40.94,47260
2013-03-06 15:45:00,40.94,40.945,40.84,40.85,69307
2013-03-06 16:00:00,40.85,40.995,40.85,40.93,230731
2013-03-07 09:45:00,40.91,41.13,40.89,41.05,84040
2013-03-07 10:00:00,41.055,41.26,41.05,41.17,77017
2013-03-07 10:15:00,41.18,41.18,41.0,41.13,44694
2013-03-07 10:30:00,41.13,41.14,41.0,41.03,34015
2013-03-07 10:45:00,41.025,41.24,41.02,41.24,72425
2013-03-07 11:00:00,41.24,41.31,41.2,41.3,21424
2013-03-07 11:15:00,41.285,41.47,41.26,41.42,23032
2013-03-07 11:30:00,41.43,41.435,41.36,41.42,25535
2013-03-07 11:45:00,41.4,41.435,41.375,41.39,26412
2013-03-07 12:00:00,41.39,41.39,41.32,41.336000000000006,20263
2013-03-07 12:15:00,41.33,41.33,41.13,41.19,15493
2013-03-07 12:30:00,41.19,41.215,41.14,41.19,19138
2013-03-07 12:45:00,41.18,41.19,41.14,41.1799,16623
2013-03-07 13:00:00,41.18,41.2,41.15,41.16,13008
2013-03-07 13:15:00,41.153999999999996,41.161,41.1,41.13,15602
2013-03-07 13:30:00,41.14,41.16,41.13,41.13,9119
2013-03-07 13:45:00,41.13,41.14,41.08,41.105,13093
2013-03-07 14:00:00,41.11,41.18,41.11,41.18,20982
2013-03-07 14:15:00,41.18,41.22,41.12,41.17,15518
2013-03-07 14:30:00,41.17,41.215,41.141000000000005,41.21,12464
2013-03-07 14:45:00,41.21,41.21,41.08,41.08,14754
2013-03-07 15:00:00,41.07,41.16,41.07,41.1399,18519
2013-03-07 15:15:00,41.1399,41.2,41.12,41.13,22543
2013-03-07 15:30:00,41.13,41.15,41.09,41.1499,25801
2013-03-07 15:45:00,41.14,41.21,41.13,41.14,35965
2013-03-07 16:00:00,41.14,41.14,41.05,41.07,137728
2013-03-08 09:45:00,41.3,41.75,41.26,41.31,53005
2013-03-08 10:00:00,41.3,41.31,41.07,41.085,21247
2013-03-08 10:15:00,41.08,41.28,41.07,41.215,38598
2013-03-08 10:30:00,41.22,41.36,41.19,41.36,18208
2013-03-08 10:45:00,41.36,41.39,41.32,41.35,23161
2013-03-08 11:00:00,41.35,41.365,41.3,41.33,22479
2013-03-08 11:15:00,41.33,41.4568,41.29,41.44,22331
2013-03-08 11:30:00,41.44,41.455,41.39,41.41,13701
2013-03-08 11:45:00,41.41,41.48,41.4,41.465,32641
2013-03-08 12:00:00,41.47,41.52,41.445,41.46,24441
2013-03-08 12:15:00,41.46,41.49,41.4,41.41,35593
2013-03-08 12:30:00,41.41,41.425,41.3155,41.3155,24592
2013-03-08 12:45:00,41.31,41.32,41.255,41.3,23508
2013-03-08 13:00:00,41.29,41.38,41.29,41.38,22612
2013-03-08 13:15:00,41.372,41.41,41.37,41.395,9263
2013-03-08 13:30:00,41.381,41.42100000000001,41.38,41.395,9185
2013-03-08 13:45:00,41.3964,41.44,41.37,41.42,13257
2013-03-08 14:00:00,41.43,41.45,41.3801,41.42,20046
2013-03-08 14:15:00,41.42,41.46,41.41,41.45,11929
2013-03-08 14:30:00,41.45,41.495,41.42,41.495,16674
2013-03-08 14:45:00,41.49,41.56,41.47,41.54,36687
2013-03-08 15:00:00,41.54,41.57,41.52,41.55,25000
2013-03-08 15:15:00,41.56,41.575,41.55,41.56,27006
2013-03-08 15:30:00,41.58,41.62,41.58,41.605,26627
2013-03-08 15:45:00,41.605,41.64,41.59,41.635,41089
2013-03-08 16:00:00,41.63,41.705,41.63,41.66,113989
2013-03-11 09:45:00,41.68,41.8,41.43,41.45,40287
2013-03-11 10:00:00,41.43,41.48,41.38,41.4,19045
2013-03-11 10:15:00,41.41,41.48,41.39,41.45,17975
2013-03-11 10:30:00,41.445,41.5,41.41,41.435,21865
2013-03-11 10:45:00,41.43,41.53,41.4,41.515,35744
2013-03-11 11:00:00,41.51,41.54,41.41,41.47,23068
2013-03-11 11:15:00,41.47,41.64,41.45,41.63,53031
2013-03-11 11:30:00,41.62,41.73,41.62,41.63,37668
2013-03-11 11:45:00,41.63,41.71,41.61,41.64,12141
2013-03-11 12:00:00,41.65,41.8,41.65,41.8,18794
2013-03-11 12:15:00,41.79,41.87,41.77,41.79,23523
2013-03-11 12:30:00,41.8,41.9,41.76,41.9,21387
2013-03-11 12:45:00,41.88,41.92,41.86,41.91,33471
2013-03-11 13:00:00,41.92,42.02,41.9,42.01,62599
2013-03-11 13:15:00,42.01,42.05,42.0,42.03,36768
2013-03-11 13:30:00,42.03,42.05,42.0105,42.05,24467
2013-03-11 13:45:00,42.05,42.08,42.04,42.05,51237
2013-03-11 14:00:00,42.05,42.08,42.04,42.04,25989
2013-03-11 14:15:00,42.05,42.09,42.01,42.06,27777
2013-03-11 14:30:00,42.07,42.17,42.04,42.163999999999994,36642
2013-03-11 14:45:00,42.16,42.18,42.07,42.1,40389
2013-03-11 15:00:00,42.1,42.14,42.1,42.11,33639
2013-03-11 15:15:00,42.11,42.12,42.045,42.07,282339
2013-03-11 15:30:00,42.07,42.14,42.06,42.07,88315
2013-03-11 15:45:00,42.07,42.15,42.06,42.136,62201
2013-03-11 16:00:00,42.13,42.28,42.13,42.27,213660
2013-03-12 09:45:00,42.05,42.2,41.77,41.8194,98097
2013-03-12 10:00:00,41.84,42.1,41.69,42.015,82100
2013-03-12 10:15:00,42.01,42.18,41.94,42.1,29067
2013-03-12 10:30:00,42.0901,42.1,42.01,42.03,16292
2013-03-12 10:45:00,42.035,42.075,41.98,42.0,22363
2013-03-12 11:00:00,42.01,42.15,41.98,42.01,26780
2013-03-12 11:15:00,42.01,42.18,42.01,42.11,89494
2013-03-12 11:30:00,42.115,42.17,42.05,42.06,18322
2013-03-12 11:45:00,42.08,42.08,41.97,42.05,19940
2013-03-12 12:00:00,42.05,42.2199,42.01,42.2,23663
2013-03-12 12:15:00,42.2,42.21,42.09,42.09,20778
2013-03-12 12:30:00,42.09,42.17,42.06,42.1,22657
2013-03-12 12:45:00,42.1001,42.1095,42.05,42.07,29230
2013-03-12 13:00:00,42.06,42.075,42.03,42.03,31570
2013-03-12 13:15:00,42.03,42.04,42.0,42.04,16419
2013-03-12 13:30:00,42.05,42.105,42.04,42.05,14095
2013-03-12 13:45:00,42.06,42.1,42.04,42.1,15111
2013-03-12 14:00:00,42.07,42.09,42.035,42.055,22145
2013-03-12 14:15:00,42.05,42.08,41.965,42.0512,28292
2013-03-12 14:30:00,42.06,42.1,42.035,42.075,16858
2013-03-12 14:45:00,42.08,42.12,42.07,42.0925,23828
2013-03-12 15:00:00,42.09,42.1199,42.09,42.092,18144
2013-03-12 15:15:00,42.09,42.12,42.09,42.12,29167
2013-03-12 15:30:00,42.12,42.18,42.11,42.15,44063
2013-03-12 15:45:00,42.15,42.16,42.09,42.13,36250
2013-03-12 16:00:00,42.13,42.17,42.07,42.15,122064
2013-03-13 09:45:00,41.58,41.8,41.35,41.395,175382
2013-03-13 10:00:00,41.395,41.6,41.3,41.58,74973
2013-03-13 10:15:00,41.58,41.69,41.56,41.68,76042
2013-03-13 10:30:00,41.67,41.8,41.66,41.76,30721
2013-03-13 10:45:00,41.77,41.84,41.72,41.82,24025
2013-03-13 11:00:00,41.82,41.83,41.66,41.74,53153
2013-03-13 11:15:00,41.75,41.8,41.74,41.8,26013
2013-03-13 11:30:00,41.79,41.89,41.77,41.88,57532
2013-03-13 11:45:00,41.89,41.95,41.84,41.9315,25091
2013-03-13 12:00:00,41.935,41.94,41.82,41.82,14585
2013-03-13 12:15:00,41.81,41.92,41.8,41.89,22682
2013-03-13 12:30:00,41.89,41.96,41.865,41.94,18922
2013-03-13 12:45:00,41.94,41.98,41.92,41.95,19396
2013-03-13 13:00:00,41.95,41.96,41.94,41.95,9104
2013-03-13 13:15:00,41.948,41.965,41.9,41.94,18198
2013-03-13 13:30:00,41.9369,41.97,41.93,41.934,10218
2013-03-13 13:45:00,41.93,41.95,41.9,41.93,14152
2013-03-13 14:00:00,41.93,41.95,41.91,41.911,11223
2013-03-13 14:15:00,41.912,41.94,41.9,41.92,20969
2013-03-13 14:30:00,41.913999999999994,41.96,41.855,41.93,25912
2013-03-13 14:45:00,41.94,41.95,41.91,41.92,18013
2013-03-13 15:00:00,41.915,41.94,41.9,41.92,22629
2013-03-13 15:15:00,41.925,41.97,41.9,41.92,27560
2013-03-13 15:30:00,41.91,41.93,41.775,41.79,92610
2013-03-13 15:45:00,41.785,41.86,41.785,41.84,101684
2013-03-13 16:00:00,41.84,41.86,41.79,41.81,152466
2013-03-14 09:45:00,42.0,42.0,41.78,41.92,89971
2013-03-14 10:00:00,41.95,42.14,41.93,42.09,44075
2013-03-14 10:15:00,42.11,42.14,42.08,42.11,35409
2013-03-14 10:30:00,42.1,42.15,42.08,42.11,23700
2013-03-14 10:45:00,42.12,42.32,42.11,42.145,40359
2013-03-14 11:00:00,42.15,42.17,42.12,42.13,8779
2013-03-14 11:15:00,42.13,42.2,42.12,42.18,65471
2013-03-14 11:30:00,42.18,42.21,42.17,42.2,9464
2013-03-14 11:45:00,42.2,42.25,42.19,42.2,37022
2013-03-14 12:00:00,42.2,42.23,42.153999999999996,42.16,13431
2013-03-14 12:15:00,42.1599,42.17,42.1,42.1,19158
2013-03-14 12:30:00,42.1,42.14,42.02,42.04,40078
2013-03-14 12:45:00,42.03,42.11,42.03,42.07,10683
2013-03-14 13:00:00,42.08,42.08,41.97,42.01,22614
2013-03-14 13:15:00,42.01,42.06,42.0,42.05,12088
2013-03-14 13:30:00,42.05,42.08,42.0,42.0,27134
2013-03-14 13:45:00,42.0,42.02,41.94,41.95,49613
2013-03-14 14:00:00,41.95,42.02,41.95,41.99,20229
2013-03-14 14:15:00,42.01,42.09,42.01,42.08,12701
2013-03-14 14:30:00,42.07,42.1,42.04,42.065,15895
2013-03-14 14:45:00,42.08,42.13,42.045,42.12,17025
2013-03-14 15:00:00,42.13,42.18,42.115,42.18,23589
2013-03-14 15:15:00,42.18,42.18,42.14,42.17100000000001,16169
2013-03-14 15:30:00,42.17,42.2,42.15,42.18,20755
2013-03-14 15:45:00,42.19,42.26,42.18,42.25,26210
2013-03-14 16:00:00,42.25,42.26,42.21,42.22,103389
2013-03-15 09:45:00,42.11,42.36,42.04,42.3499,191196
2013-03-15 10:00:00,42.3416,42.35,42.17,42.22,44713
2013-03-15 10:15:00,42.22,42.32,42.2,42.275,29460
2013-03-15 10:30:00,42.27,42.275,42.14,42.25,20703
2013-03-15 10:45:00,42.24,42.27,42.21,42.26,17701
2013-03-15 11:00:00,42.26,42.29,42.21,42.25,15743
2013-03-15 11:15:00,42.25,42.34,42.25,42.31,31312
2013-03-15 11:30:00,42.31,42.405,42.3,42.36,28224
2013-03-15 11:45:00,42.36,42.44,42.33,42.41,28671
2013-03-15 12:00:00,42.4267,42.62,42.425,42.6,58858
2013-03-15 12:15:00,42.6,42.63,42.55,42.63,22426
2013-03-15 12:30:00,42.61,42.67,42.56,42.56,28172
2013-03-15 12:45:00,42.548,42.58,42.51,42.53,17267
2013-03-15 13:00:00,42.53,42.55,42.46,42.49,24948
2013-03-15 13:15:00,42.49,42.53,42.49,42.49,21796
2013-03-15 13:30:00,42.5,42.51,42.48,42.51,13224
2013-03-15 13:45:00,42.49,42.53,42.49,42.49,15971
2013-03-15 14:00:00,42.51,42.51,42.48,42.5,13200
2013-03-15 14:15:00,42.4946,42.5,42.48,42.5,15620
2013-03-15 14:30:00,42.49,42.5,42.4,42.4,19721
2013-03-15 14:45:00,42.41,42.41,42.35,42.39,40352
2013-03-15 15:00:00,42.38,42.41,42.33,42.395,18511
2013-03-15 15:15:00,42.4,42.45,42.39,42.42,40763
2013-03-15 15:30:00,42.42,42.42,42.34,42.37,32569
2013-03-15 15:45:00,42.37,42.39,42.35,42.375,35262
2013-03-15 16:00:00,42.37,42.45,42.33,42.43,168616
2013-03-18 09:45:00,42.06,42.11,42.0,42.04,45228
2013-03-18 10:00:00,42.01,42.0209,41.87,41.95,60901
2013-03-18 10:15:00,41.93,42.0,41.8,41.88,47585
2013-03-18 10:30:00,41.88,42.01,41.86,41.9503,10505
2013-03-18 10:45:00,41.97,42.07,41.95,42.04,15493
2013-03-18 11:00:00,42.03,42.07,42.01,42.06,11882
2013-03-18 11:15:00,42.05,42.15,42.04,42.1,11281
2013-03-18 11:30:00,42.09,42.09,42.0,42.01,20921
2013-03-18 11:45:00,42.01,42.0328,41.94,41.94,14852
2013-03-18 12:00:00,41.94,42.04,41.93,42.02,17788
2013-03-18 12:15:00,42.05,42.095,42.03,42.07,12500
2013-03-18 12:30:00,42.08,42.14,42.07,42.1,12047
2013-03-18 12:45:00,42.1,42.16,42.1,42.13,10245
2013-03-18 13:00:00,42.13,42.14,42.11,42.13,8890
2013-03-18 13:15:00,42.13,42.18,42.11,42.15,8860
2013-03-18 13:30:00,42.16,42.17,42.1,42.11,11187
2013-03-18 13:45:00,42.11,42.19,42.09,42.17,11334
2013-03-18 14:00:00,42.18,42.215,42.16,42.195,13339
2013-03-18 14:15:00,42.185,42.25,42.18,42.25,12050
2013-03-18 14:30:00,42.26,42.34,42.25,42.34,17238
2013-03-18 14:45:00,42.336000000000006,42.3699,42.29,42.31,31998
2013-03-18 15:00:00,42.32,42.33,42.255,42.255,22970
2013-03-18 15:15:00,42.25,42.3,42.233999999999995,42.28,16887
2013-03-18 15:30:00,42.28,42.28,42.19,42.21,21952
2013-03-18 15:45:00,42.21,42.215,42.075,42.09,27150
2013-03-18 16:00:00,42.1,42.25,42.1,42.21,76061
2013-03-19 09:45:00,42.41,42.45,42.09,42.12,31411
2013-03-19 10:00:00,42.12,42.38,42.12,42.36,10608
2013-03-19 10:15:00,42.36,42.37,42.24,42.29,13077
2013-03-19 10:30:00,42.3,42.3,42.13,42.2,21783
2013-03-19 10:45:00,42.2,42.26,42.1399,42.25,34712
2013-03-19 11:00:00,42.24,42.24,42.17,42.2175,33051
2013-03-19 11:15:00,42.22,42.33,42.2,42.32,10855
2013-03-19 11:30:00,42.33,42.35,42.283,42.33,11034
2013-03-19 11:45:00,42.34,42.35,42.23,42.27,16015
2013-03-19 12:00:00,42.27,42.29,42.0,42.06,13778
2013-03-19 12:15:00,42.07,42.07,41.95,41.97,13085
2013-03-19 12:30:00,41.97,41.99,41.9,41.96,36254
2013-03-19 12:45:00,41.94,42.01,41.9,41.99,8760
2013-03-19 13:00:00,41.9814,41.99,41.94,41.94,5716
2013-03-19 13:15:00,41.94,41.96,41.85,41.86,20204
2013-03-19 13:30:00,41.86,41.87,41.7836,41.79,43672
2013-03-19 13:45:00,41.77,41.8,41.72,41.78,31587
2013-03-19 14:00:00,41.78,41.86,41.78,41.84,50197
2013-03-19 14:15:00,41.8499,41.87,41.75,41.75,34635
2013-03-19 14:30:00,41.75,41.77,41.64,41.66,37490
2013-03-19 14:45:00,41.67,41.71,41.65,41.7,33037
2013-03-19 15:00:00,41.69,41.71,41.57,41.61,44320
2013-03-19 15:15:00,41.61,41.77,41.61,41.75,38071
2013-03-19 15:30:00,41.75,41.79,41.64,41.65,33465
2013-03-19 15:45:00,41.65,41.85,41.64,41.74,105543
2013-03-19 16:00:00,41.75,41.89,41.72,41.82,177249
2013-03-20 09:45:00,42.12,42.37,42.02,42.32,39812
2013-03-20 10:00:00,42.34,42.38,42.2701,42.315,23796
2013-03-20 10:15:00,42.31,42.3698,42.24,42.36,44343
2013-03-20 10:30:00,42.34,42.355,42.28,42.32,22584
2013-03-20 10:45:00,42.31,42.35,42.2293,42.34,29929
2013-03-20 11:00:00,42.32,42.34,42.23,42.31,17996
2013-03-20 11:15:00,42.325,42.36,42.29,42.3301,16774
2013-03-20 11:30:00,42.35,42.37,42.3,42.33,16544
2013-03-20 11:45:00,42.32,42.34,42.25,42.25,11954
2013-03-20 12:00:00,42.26,42.32,42.255,42.27,11881
2013-03-20 12:15:00,42.29,42.3,42.22,42.25,16520
2013-03-20 12:30:00,42.25,42.26,42.225,42.25,11871
2013-03-20 12:45:00,42.245,42.29,42.245,42.275,16943
2013-03-20 13:00:00,42.28,42.3,42.225,42.26,18146
2013-03-20 13:15:00,42.26,42.29,42.25,42.28,30340
2013-03-20 13:30:00,42.285,42.3,42.25,42.26,14008
2013-03-20 13:45:00,42.26,42.285,42.23,42.27,10299
2013-03-20 14:00:00,42.27,42.286,42.24,42.24,9036
2013-03-20 14:15:00,42.225,42.27,42.22,42.27,16989
2013-03-20 14:30:00,42.27,42.34,42.26,42.34,33094
2013-03-20 14:45:00,42.34,42.34,42.3,42.33,19876
2013-03-20 15:00:00,42.33,42.335,42.29,42.31,21484
2013-03-20 15:15:00,42.31,42.345,42.29,42.32,23898
2013-03-20 15:30:00,42.31,42.31,42.22,42.25,32152
2013-03-20 15:45:00,42.25,42.31,42.23,42.29,49095
2013-03-20 16:00:00,42.29,42.35,42.21,42.245,90035
2013-03-21 09:45:00,42.05,42.51,42.02,42.46,38982
2013-03-21 10:00:00,42.43,42.83,42.41,42.64,62087
2013-03-21 10:15:00,42.65,42.71,42.58,42.62,34852
2013-03-21 10:30:00,42.6383,42.64,42.42,42.48,78705
2013-03-21 10:45:00,42.47,42.75,42.47,42.708999999999996,39315
2013-03-21 11:00:00,42.7,42.75,42.455,42.52,62768
2013-03-21 11:15:00,42.5,42.52,42.47,42.51,27747
2013-03-21 11:30:00,42.51,42.6,42.5,42.55,30956
2013-03-21 11:45:00,42.56,42.7199,42.56,42.7199,12602
2013-03-21 12:00:00,42.72,42.75,42.66,42.7,21860
2013-03-21 12:15:00,42.72,42.82,42.7,42.8,54546
2013-03-21 12:30:00,42.8,42.81,42.66,42.71,26283
2013-03-21 12:45:00,42.74,42.82,42.66,42.8,18054
2013-03-21 13:00:00,42.8,42.88,42.79,42.8,22577
2013-03-21 13:15:00,42.795,42.855,42.79,42.81,13014
2013-03-21 13:30:00,42.8,42.81,42.555,42.685,46386
2013-03-21 13:45:00,42.69,42.77,42.67,42.715,17250
2013-03-21 14:00:00,42.715,42.79,42.6899,42.79,16915
2013-03-21 14:15:00,42.78,42.84,42.66,42.82,26943
2013-03-21 14:30:00,42.8101,42.855,42.715,42.8,42171
2013-03-21 14:45:00,42.79,42.84,42.68,42.84,38127
2013-03-21 15:00:00,42.86,42.93,42.81,42.926,30635
2013-03-21 15:15:00,42.9299,43.05,42.91,42.9686,58495
2013-03-21 15:30:00,42.96,43.08,42.81,43.08,49760
2013-03-21 15:45:00,43.08,43.08,42.82,42.94,80075
2013-03-21 16:00:00,42.94,42.98,42.1851,42.9,131703
2013-03-22 09:45:00,42.79,43.24,42.73,42.97,42632
2013-03-22 10:00:00,42.97,43.225,42.97,43.19,38846
2013-03-22 10:15:00,43.2,43.27,43.16,43.26,26825
2013-03-22 10:30:00,43.24,43.25,43.13,43.13,22200
2013-03-22 10:45:00,43.13,43.19,43.105,43.1225,34575
2013-03-22 11:00:00,43.11,43.18,43.1,43.14,36165
2013-03-22 11:15:00,43.15,43.24,43.11,43.11,35289
2013-03-22 11:30:00,43.13,43.24,43.12,43.21,24775
2013-03-22 11:45:00,43.22,43.225,43.035,43.055,38208
2013-03-22 12:00:00,43.06,43.26,43.06,43.24,72932
2013-03-22 12:15:00,43.215,43.2195,43.1,43.12,100163
2013-03-22 12:30:00,43.126000000000005,43.22,43.07,43.21,68857
2013-03-22 12:45:00,43.21,43.28,43.2,43.2025,39025
2013-03-22 13:00:00,43.2,43.228,43.13,43.17,50879
2013-03-22 13:15:00,43.17,43.255,43.17,43.245,181572
2013-03-22 13:30:00,43.225,43.48,43.22,43.48,113243
2013-03-22 13:45:00,43.46,43.49,43.32,43.37,76953
2013-03-22 14:00:00,43.37,43.42,43.31,43.37,44456
2013-03-22 14:15:00,43.37,43.57,43.37,43.555,41011
2013-03-22 14:30:00,43.56,43.62,43.54,43.5625,29231
2013-03-22 14:45:00,43.57,43.63,43.47,43.475,41125
2013-03-22 15:00:00,43.48,43.525,43.48,43.51,21643
2013-03-22 15:15:00,43.5,43.6355,43.49,43.6106,59370
2013-03-22 15:30:00,43.615,43.79,43.615,43.79,114549
2013-03-22 15:45:00,43.78,43.915,43.73,43.89,121940
2013-03-22 16:00:00,43.89,43.91,43.77,43.82,185694
2013-03-25 09:45:00,43.97,44.14,43.6998,43.7303,123662
2013-03-25 10:00:00,43.74,44.03,43.74,43.92,65477
2013-03-25 10:15:00,43.94,43.99,43.785,43.88,39478
2013-03-25 10:30:00,43.875,43.875,43.66,43.8,53338
2013-03-25 10:45:00,43.8202,43.8202,43.61,43.61,33363
2013-03-25 11:00:00,43.5901,43.5901,43.39,43.49,71401
2013-03-25 11:15:00,43.48,43.655,43.445,43.56,22543
2013-03-25 11:30:00,43.55,43.64,43.49,43.555,113106
2013-03-25 11:45:00,43.55,43.675,43.54,43.62,28484
2013-03-25 12:00:00,43.615,43.7699,43.585,43.75,19697
2013-03-25 12:15:00,43.74,43.75,43.54,43.59,21991
2013-03-25 12:30:00,43.59,43.62,43.55,43.58,41231
2013-03-25 12:45:00,43.5899,43.62,43.55,43.6,95187
2013-03-25 13:00:00,43.6,43.68,43.55,43.57,21248
2013-03-25 13:15:00,43.555,43.57,43.53,43.55,91324
2013-03-25 13:30:00,43.55,43.67,43.55,43.67,31262
2013-03-25 13:45:00,43.67,43.73,43.67,43.69,20537
2013-03-25 14:00:00,43.69,43.8,43.65,43.74,51099
2013-03-25 14:15:00,43.73,43.75,43.6499,43.6499,30320
2013-03-25 14:30:00,43.62,43.7,43.6,43.63,26147
2013-03-25 14:45:00,43.63,43.6325,43.54,43.62,25856
2013-03-25 15:00:00,43.615,43.65,43.58,43.6,23826
2013-03-25 15:15:00,43.61,43.64,43.55,43.6025,29337
2013-03-25 15:30:00,43.6,43.605,43.505,43.6,38013
2013-03-25 15:45:00,43.6,43.63,43.54,43.58,53421
2013-03-25 16:00:00,43.58,43.69,43.57,43.65,140817
2013-03-26 09:45:00,43.64,43.71,43.53,43.68,56550
2013-03-26 10:00:00,43.69,43.71,43.54,43.57,23315
2013-03-26 10:15:00,43.54,43.72,43.5,43.72,31165
2013-03-26 10:30:00,43.72,43.77,43.71,43.74,28071
2013-03-26 10:45:00,43.75,43.76,43.7,43.71,15112
2013-03-26 11:00:00,43.72,43.76,43.66,43.7201,22912
2013-03-26 11:15:00,43.73,43.76,43.69,43.7,15754
2013-03-26 11:30:00,43.69,43.7,43.64,43.64,14973
2013-03-26 11:45:00,43.62,43.635,43.53,43.55,29433
2013-03-26 12:00:00,43.545,43.58,43.49,43.54,22672
2013-03-26 12:15:00,43.53,43.56,43.4701,43.53,23521
2013-03-26 12:30:00,43.54,43.54,43.45,43.48,15961
2013-03-26 12:45:00,43.47,43.59,43.47,43.5666,19867
2013-03-26 13:00:00,43.56,43.64,43.54,43.6,34591
2013-03-26 13:15:00,43.61,43.65,43.6,43.61,25623
2013-03-26 13:30:00,43.61,43.61,43.48,43.48,49113
2013-03-26 13:45:00,43.49,43.63,43.45,43.625,84951
2013-03-26 14:00:00,43.62,43.715,43.61,43.7,26139
2013-03-26 14:15:00,43.69,43.7,43.61,43.6375,19108
2013-03-26 14:30:00,43.64,43.74,43.64,43.72,21777
2013-03-26 14:45:00,43.72,43.79,43.72,43.74,20735
2013-03-26 15:00:00,43.75,43.75,43.6401,43.71,26556
2013-03-26 15:15:00,43.71,43.85,43.71,43.85,54180
2013-03-26 15:30:00,43.85,43.855,43.78,43.8025,43715
2013-03-26 15:45:00,43.805,43.84,43.725,43.75,76757
2013-03-26 16:00:00,43.75,43.84,43.75,43.83,118050
2013-03-27 09:45:00,43.73,43.95,43.7015,43.7999,36984
2013-03-27 10:00:00,43.77,43.77,43.64,43.66,19738
2013-03-27 10:15:00,43.6798,43.73,43.59,43.6,13800
2013-03-27 10:30:00,43.59,43.62,43.57,43.59,15672
2013-03-27 10:45:00,43.6,43.65,43.58,43.6,13400
2013-03-27 11:00:00,43.6,43.62,43.56,43.6,14372
2013-03-27 11:15:00,43.6,43.7,43.565,43.61,26556
2013-03-27 11:30:00,43.62,43.65,43.61,43.63,8500
2013-03-27 11:45:00,43.64,43.71,43.61,43.7,15475
2013-03-27 12:00:00,43.72,43.72,43.63,43.63,76423
2013-03-27 12:15:00,43.65,43.7,43.63,43.6499,10384
2013-03-27 12:30:00,43.65,43.67,43.62,43.64,16414
2013-03-27 12:45:00,43.65,43.69,43.61,43.63,13236
2013-03-27 13:00:00,43.63,43.64,43.56,43.59,13275
2013-03-27 13:15:00,43.59,43.6299,43.555,43.6299,10499
2013-03-27 13:30:00,43.62,43.66,43.6075,43.64,12083
2013-03-27 13:45:00,43.6301,43.68,43.61,43.66,12866
2013-03-27 14:00:00,43.66,43.67,43.6,43.64,15745
2013-03-27 14:15:00,43.64,43.68,43.64,43.67,16069
2013-03-27 14:30:00,43.67,43.69,43.62,43.62,43480
2013-03-27 14:45:00,43.64,43.695,43.63,43.67,12612
2013-03-27 15:00:00,43.665,43.67,43.62,43.65,13738
2013-03-27 15:15:00,43.64,43.68,43.62,43.6596,21726
2013-03-27 15:30:00,43.66,43.695,43.63,43.685,22951
2013-03-27 15:45:00,43.69,43.73,43.65,43.66,31042
2013-03-27 16:00:00,43.65,43.68,43.63,43.68,78461
2013-03-28 09:45:00,43.82,43.99,43.61,43.79,56038
2013-03-28 10:00:00,43.765,43.91,43.72,43.835,40824
2013-03-28 10:15:00,43.835,43.91,43.78,43.908,54824
2013-03-28 10:30:00,43.89,43.895,43.78,43.78,12170
2013-03-28 10:45:00,43.8,43.9,43.8,43.87,9727
2013-03-28 11:00:00,43.885,44.0,43.82,43.965,21026
2013-03-28 11:15:00,43.97,43.97,43.82,43.87,28775
2013-03-28 11:30:00,43.88,43.93,43.76,43.76,25540
2013-03-28 11:45:00,43.79,43.8,43.67,43.69,27941
2013-03-28 12:00:00,43.71,43.96,43.64,43.96,44998
2013-03-28 12:15:00,43.96,43.98,43.86,43.86,21730
2013-03-28 12:30:00,43.86,43.87,43.755,43.8,11285
2013-03-28 12:45:00,43.8,43.88,43.79,43.86,10813
2013-03-28 13:00:00,43.86,43.88,43.6132,43.818000000000005,8230
2013-03-28 13:15:00,43.81,43.83,43.77,43.81,9042
2013-03-28 13:30:00,43.81,43.83,43.79,43.79,7050
2013-03-28 13:45:00,43.79,43.805,43.76,43.8,17078
2013-03-28 14:00:00,43.79,43.8,43.65,43.75,28273
2013-03-28 14:15:00,43.75,43.81,43.7402,43.75,12257
2013-03-28 14:30:00,43.77,43.82,43.74,43.75,16624
2013-03-28 14:45:00,43.74,43.82,43.74,43.81,19438
2013-03-28 15:00:00,43.82,43.84,43.78,43.81,22666
2013-03-28 15:15:00,43.82,43.85,43.7,43.78,34298
2013-03-28 15:30:00,43.78,43.88,43.775,43.87,32188
2013-03-28 15:45:00,43.865,43.96,43.86,43.9,42437
2013-03-28 16:00:00,43.9,44.0,43.79,43.93,191361
2013-04-01 09:45:00,44.0,44.03,43.86,43.91,46665
2013-04-01 10:00:00,43.91,44.02,43.88,44.02,14269
2013-04-01 10:15:00,44.01,44.03,43.74,43.81,46181
2013-04-01 10:30:00,43.81,44.02,43.78,44.01,13336
2013-04-01 10:45:00,44.02,44.03,43.833999999999996,43.87,33255
2013-04-01 11:00:00,43.87,43.88,43.81,43.81,9292
2013-04-01 11:15:00,43.8,43.81,43.71,43.8,16735
2013-04-01 11:30:00,43.79,43.81,43.75,43.79,20690
2013-04-01 11:45:00,43.79,43.8,43.64,43.65,41741
2013-04-01 12:00:00,43.65,43.685,43.635,43.67,15681
2013-04-01 12:15:00,43.68,43.79,43.6501,43.77,27343
2013-04-01 12:30:00,43.77,43.79,43.755,43.78,7699
2013-04-01 12:45:00,43.8,43.85,43.78,43.81,29338
2013-04-01 13:00:00,43.82,43.87,43.81,43.861999999999995,7022
2013-04-01 13:15:00,43.88,43.91,43.86,43.9,8992
2013-04-01 13:30:00,43.89,43.92,43.83,43.92,21363
2013-04-01 13:45:00,43.92,43.93,43.86,43.86,26522
2013-04-01 14:00:00,43.86,43.87,43.71,43.74,10468
2013-04-01 14:15:00,43.74,43.84,43.74,43.815,13638
2013-04-01 14:30:00,43.82,43.83,43.69,43.73,27439
2013-04-01 14:45:00,43.73,43.75,43.62,43.64,29091
2013-04-01 15:00:00,43.63,43.69,43.58,43.58,30285
2013-04-01 15:15:00,43.57,43.68,43.57,43.64,25618
2013-04-01 15:30:00,43.63,43.63,43.54,43.58,38759
2013-04-01 15:45:00,43.59,43.59,43.46,43.51,76271
2013-04-01 16:00:00,43.52,43.56,43.41,43.56,162060
2013-04-02 09:45:00,43.63,43.63,43.315,43.42,74515
2013-04-02 10:00:00,43.41,43.52,43.34,43.34,45255
2013-04-02 10:15:00,43.37,43.53,43.355,43.46,60703
2013-04-02 10:30:00,43.4601,43.4601,43.27,43.275,31846
2013-04-02 10:45:00,43.28,43.32,43.201,43.25,47240
2013-04-02 11:00:00,43.26,43.31,43.25,43.27,33340
2013-04-02 11:15:00,43.28,43.37,43.26,43.34,30135
2013-04-02 11:30:00,43.345,43.44,43.345,43.38,23818
2013-04-02 11:45:00,43.38,43.51,43.38,43.46,23420
2013-04-02 12:00:00,43.46,43.49,43.395,43.395,22681
2013-04-02 12:15:00,43.39,43.4,43.265,43.265,23006
2013-04-02 12:30:00,43.265,43.46,43.25,43.45,25701
2013-04-02 12:45:00,43.45,43.45,43.39,43.39,11009
2013-04-02 13:00:00,43.39,43.39,43.3,43.3,11924
2013-04-02 13:15:00,43.305,43.31,43.27,43.27,22470
2013-04-02 13:30:00,43.27,43.33,43.27,43.31,21725
2013-04-02 13:45:00,43.31,43.43,43.31,43.41,11410
2013-04-02 14:00:00,43.42,43.5,43.41,43.47,15104
2013-04-02 14:15:00,43.48,43.5,43.47,43.481,21173
2013-04-02 14:30:00,43.48,43.49,43.45,43.46,23385
2013-04-02 14:45:00,43.46,43.46,43.37,43.38,18566
2013-04-02 15:00:00,43.39,43.44,43.38,43.43,16086
2013-04-02 15:15:00,43.44,43.48,43.43,43.46,36652
2013-04-02 15:30:00,43.46,43.51,43.42,43.48,18818
2013-04-02 15:45:00,43.48,43.51,43.42,43.42,34721
2013-04-02 16:00:00,43.42,43.43,43.31,43.38,218190
2013-04-03 09:45:00,43.43,43.61,43.07,43.12,102116
2013-04-03 10:00:00,43.13,43.23,43.025,43.17,47379
2013-04-03 10:15:00,43.17,43.19,43.06,43.1,52425
2013-04-03 10:30:00,43.105,43.245,43.08,43.21,29728
2013-04-03 10:45:00,43.22,43.335,43.22,43.305,24955
2013-04-03 11:00:00,43.3,43.375,43.29,43.31,27091
2013-04-03 11:15:00,43.31,43.365,43.21,43.25,30834
2013-04-03 11:30:00,43.26,43.275,43.15,43.15,26926
2013-04-03 11:45:00,43.15,43.16,43.06,43.095,14907
2013-04-03 12:00:00,43.095,43.15,43.075,43.145,51115
2013-04-03 12:15:00,43.145,43.2,43.145,43.2,23866
2013-04-03 12:30:00,43.2,43.225,43.18,43.19,35233
2013-04-03 12:45:00,43.19,43.25,43.185,43.2,32272
2013-04-03 13:00:00,43.2,43.245,43.18,43.1839,22248
2013-04-03 13:15:00,43.19,43.245,43.12,43.12,31007
2013-04-03 13:30:00,43.1199,43.18,43.05,43.08,22465
2013-04-03 13:45:00,43.08,43.12,43.02,43.03,24259
2013-04-03 14:00:00,43.041000000000004,43.14,43.04,43.11,28380
2013-04-03 14:15:00,43.11,43.18,43.06,43.17,30172
2013-04-03 14:30:00,43.18,43.18,43.12,43.12,20411
2013-04-03 14:45:00,43.14,43.25,43.13,43.21,23434
2013-04-03 15:00:00,43.214,43.29,43.205,43.27,125607
2013-04-03 15:15:00,43.28,43.33,43.25,43.2901,189360
2013-04-03 15:30:00,43.295,43.295,43.12,43.22,157037
2013-04-03 15:45:00,43.22,43.22,42.92,42.99,96681
2013-04-03 16:00:00,43.0,43.075,42.955,43.03,141976
2013-04-04 09:45:00,43.28,43.28,42.98,43.18,56979
2013-04-04 10:00:00,43.1935,43.2901,43.16,43.25,72186
2013-04-04 10:15:00,43.24,43.46,43.21,43.37,83506
2013-04-04 10:30:00,43.35,43.405,43.24,43.28,41937
2013-04-04 10:45:00,43.28,43.42,43.28,43.4,37925
2013-04-04 11:00:00,43.415,43.5,43.36,43.43,31124
2013-04-04 11:15:00,43.44,43.5,43.42,43.47,42394
2013-04-04 11:30:00,43.46,43.69,43.43,43.58,76709
2013-04-04 11:45:00,43.58,43.58,43.41,43.42,30574
2013-04-04 12:00:00,43.42,43.5,43.36,43.44,50225
2013-04-04 12:15:00,43.43,43.43,43.31,43.39,26428
2013-04-04 12:30:00,43.395,43.41,43.31,43.34,25499
2013-04-04 12:45:00,43.34,43.38,43.305,43.32,8606
2013-04-04 13:00:00,43.39,43.41,43.36,43.4,17602
2013-04-04 13:15:00,43.38,43.45,43.33,43.36,16797
2013-04-04 13:30:00,43.35,43.36,43.27,43.34,22401
2013-04-04 13:45:00,43.35,43.44,43.325,43.41,17895
2013-04-04 14:00:00,43.4,43.46,43.37,43.37,19721
2013-04-04 14:15:00,43.36,43.42,43.34,43.42,11776
2013-04-04 14:30:00,43.4,43.47,43.37,43.455,22017
2013-04-04 14:45:00,43.45,43.45,43.38,43.4,21635
2013-04-04 15:00:00,43.4,43.42,43.34,43.34,15834
2013-04-04 15:15:00,43.32,43.405,43.32,43.4,36016
2013-04-04 15:30:00,43.39,43.4,43.34,43.375,44293
2013-04-04 15:45:00,43.37,43.455,43.37,43.45,46654
2013-04-04 16:00:00,43.46,43.49,43.42,43.45,120787
2013-04-05 09:45:00,42.87,43.04,42.65,42.66,61416
2013-04-05 10:00:00,42.68,42.75,42.6,42.62,44592
2013-04-05 10:15:00,42.62,42.71,42.61,42.66,29941
2013-04-05 10:30:00,42.66,42.83,42.63,42.83,19164
2013-04-05 10:45:00,42.82,42.87,42.715,42.73,27298
2013-04-05 11:00:00,42.77,42.79,42.59,42.59,58542
2013-04-05 11:15:00,42.595,42.68,42.57,42.66,37568
2013-04-05 11:30:00,42.6599,42.72,42.63,42.7,30058
2013-04-05 11:45:00,42.69,42.7,42.64,42.69,26855
2013-04-05 12:00:00,42.71,42.81,42.71,42.77,24540
2013-04-05 12:15:00,42.7744,42.91,42.7744,42.78,16894
2013-04-05 12:30:00,42.78,42.78,42.68,42.7,16762
2013-04-05 12:45:00,42.7,42.73,42.69,42.7,14574
2013-04-05 13:00:00,42.7,42.74,42.61,42.68,21160
2013-04-05 13:15:00,42.68,42.74,42.68,42.72,16508
2013-04-05 13:30:00,42.72,42.82,42.71,42.8,14584
2013-04-05 13:45:00,42.7999,42.85,42.77,42.84,14060
2013-04-05 14:00:00,42.84,42.91,42.831,42.87,12199
2013-04-05 14:15:00,42.87,42.9,42.77,42.77,25859
2013-04-05 14:30:00,42.78,42.825,42.74,42.803999999999995,33863
2013-04-05 14:45:00,42.82,42.975,42.81,42.93,30906
2013-04-05 15:00:00,42.9399,43.0,42.92,42.94,56018
2013-04-05 15:15:00,42.94,43.1,42.9363,43.1,60414
2013-04-05 15:30:00,43.1,43.13,43.06,43.1,73903
2013-04-05 15:45:00,43.1,43.17,43.068999999999996,43.17,114215
2013-04-05 16:00:00,43.17,43.34,43.1,43.33,307533
2013-04-08 09:45:00,43.33,43.39,43.15,43.29,37086
2013-04-08 10:00:00,43.28,43.35,43.05,43.31,27035
2013-04-08 10:15:00,43.3,43.39,43.1,43.23,27481
2013-04-08 10:30:00,43.23,43.28,43.06,43.1,21446
2013-04-08 10:45:00,43.104,43.19,43.035,43.19,39177
2013-04-08 11:00:00,43.19,43.35,43.19,43.26,68755
2013-04-08 11:15:00,43.25,43.32,43.14,43.25,75004
2013-04-08 11:30:00,43.25,43.29,43.18,43.23,53680
2013-04-08 11:45:00,43.225,43.315,43.225,43.25,29748
2013-04-08 12:00:00,43.26,43.32,43.22,43.26,14514
2013-04-08 12:15:00,43.24,43.3,43.19,43.235,42184
2013-04-08 12:30:00,43.24,43.28,43.145,43.2,35302
2013-04-08 12:45:00,43.16,43.215,43.0799,43.1375,31874
2013-04-08 13:00:00,43.13,43.2,43.1201,43.1999,9130
2013-04-08 13:15:00,43.195,43.26,43.13,43.16,24400
2013-04-08 13:30:00,43.17,43.185,43.07,43.1,30218
2013-04-08 13:45:00,43.1,43.18,43.095,43.18,19729
2013-04-08 14:00:00,43.17,43.22,43.13,43.19,28817
2013-04-08 14:15:00,43.19,43.2,43.14,43.15,26288
2013-04-08 14:30:00,43.15,43.16,43.13,43.15,16982
2013-04-08 14:45:00,43.15,43.18,43.08,43.15,39851
2013-04-08 15:00:00,43.15,43.25,43.13,43.2,30358
2013-04-08 15:15:00,43.195,43.195,43.13,43.14,47148
2013-04-08 15:30:00,43.14,43.18,43.1,43.18,39684
2013-04-08 15:45:00,43.18,43.28,43.16,43.17,60507
2013-04-08 16:00:00,43.17,43.27,43.16,43.25,152561
2013-04-09 09:45:00,43.25,43.4,43.08,43.21,49321
2013-04-09 10:00:00,43.25,43.4,43.22,43.36,15084
2013-04-09 10:15:00,43.35,43.48,43.35,43.4,23091
2013-04-09 10:30:00,43.41,43.46,43.38,43.46,11034
2013-04-09 10:45:00,43.4699,43.47,43.28,43.3,21700
2013-04-09 11:00:00,43.31,43.37,43.25,43.33,49187
2013-04-09 11:15:00,43.34,43.37,43.26,43.28,12101
2013-04-09 11:30:00,43.28,43.32,43.21,43.25,14285
2013-04-09 11:45:00,43.2699,43.3,43.24,43.26,18971
2013-04-09 12:00:00,43.26,43.35,43.25,43.335,20898
2013-04-09 12:15:00,43.36,43.44,43.345,43.44,14762
2013-04-09 12:30:00,43.43,43.48,43.4,43.47,16237
2013-04-09 12:45:00,43.47,43.55,43.47,43.54,14809
2013-04-09 13:00:00,43.53,43.55,43.5,43.505,11707
2013-04-09 13:15:00,43.53,43.58,43.5,43.55,21913
2013-04-09 13:30:00,43.55,43.7,43.55,43.67,23432
2013-04-09 13:45:00,43.69,43.73,43.66,43.73,30401
2013-04-09 14:00:00,43.7299,43.83,43.72,43.81,72222
2013-04-09 14:15:00,43.8,43.8,43.74,43.79,18494
2013-04-09 14:30:00,43.78,43.86,43.78,43.82,22076
2013-04-09 14:45:00,43.81,43.84,43.77,43.84,19233
2013-04-09 15:00:00,43.84,43.915,43.83,43.88,27252
2013-04-09 15:15:00,43.888000000000005,43.9,43.81,43.82,34050
2013-04-09 15:30:00,43.81,43.855,43.76,43.8,14657
2013-04-09 15:45:00,43.79,43.88,43.76,43.88,52727
2013-04-09 16:00:00,43.88,44.01,43.88,43.91,133008
2013-04-10 09:45:00,44.03,44.61,43.73,44.23,59532
2013-04-10 10:00:00,44.23,44.5,44.23,44.42,32474
2013-04-10 10:15:00,44.4,44.72,44.4,44.61,70222
2013-04-10 10:30:00,44.62,44.75,44.52,44.75,30364
2013-04-10 10:45:00,44.735,44.735,44.45,44.48,59353
2013-04-10 11:00:00,44.47,44.64,44.47,44.59,45520
2013-04-10 11:15:00,44.6,44.67,44.56,44.61,39726
2013-04-10 11:30:00,44.61,44.68,44.48,44.55,69348
2013-04-10 11:45:00,44.55,44.55,44.43,44.55,75512
2013-04-10 12:00:00,44.55,44.55,44.53,44.55,31343
2013-04-10 12:15:00,44.55,44.55,44.47,44.54,140945
2013-04-10 12:30:00,44.55,44.62,44.5,44.56,21754
2013-04-10 12:45:00,44.56,44.61,44.54,44.58,28935
2013-04-10 13:00:00,44.58,44.62,44.485,44.6,36319
2013-04-10 13:15:00,44.6,44.6,44.495,44.57,25175
2013-04-10 13:30:00,44.5633,44.62,44.545,44.6,56179
2013-04-10 13:45:00,44.6,44.69,44.56,44.59,70348
2013-04-10 14:00:00,44.59,44.61,44.51,44.5835,72999
2013-04-10 14:15:00,44.58,44.6,44.5,44.528,42386
2013-04-10 14:30:00,44.52,44.55,44.47,44.51,83832
2013-04-10 14:45:00,44.5099,44.6,44.49,44.54,31206
2013-04-10 15:00:00,44.53,44.58,44.475,44.57,27219
2013-04-10 15:15:00,44.57,44.64,44.56,44.59,37537
2013-04-10 15:30:00,44.58,44.65,44.55,44.615,50875
2013-04-10 15:45:00,44.61,44.71,44.575,44.7,111182
2013-04-10 16:00:00,44.7,44.745,44.65,44.71,190239
2013-04-11 09:45:00,44.84,44.97,44.72,44.94,65809
2013-04-11 10:00:00,44.95,45.24,44.85,45.23,80210
2013-04-11 10:15:00,45.22,45.28,45.18,45.25,78823
2013-04-11 10:30:00,45.26,45.29,45.23,45.26,60975
2013-04-11 10:45:00,45.26,45.27,45.2,45.254,47033
2013-04-11 11:00:00,45.245,45.42,45.24,45.4,41356
2013-04-11 11:15:00,45.41,45.48,45.3901,45.48,46541
2013-04-11 11:30:00,45.488,45.5402,45.4,45.4,41626
2013-04-11 11:45:00,45.41,45.42,45.25,45.251999999999995,36458
2013-04-11 12:00:00,45.25,45.25,45.185,45.22,67367
2013-04-11 12:15:00,45.22,45.25,45.18,45.25,37319
2013-04-11 12:30:00,45.25,45.25,45.125,45.14,39649
2013-04-11 12:45:00,45.15,45.21,45.145,45.2,29050
2013-04-11 13:00:00,45.205,45.22,45.19,45.21,38688
2013-04-11 13:15:00,45.22,45.27,45.2,45.25,36405
2013-04-11 13:30:00,45.24,45.246,45.19,45.235,31035
2013-04-11 13:45:00,45.24,45.24,45.19,45.2,44877
2013-04-11 14:00:00,45.192,45.24,45.08,45.1,42719
2013-04-11 14:15:00,45.1,45.115,44.97,45.0,42826
2013-04-11 14:30:00,45.0,45.04,44.96,45.03,40044
2013-04-11 14:45:00,45.05,45.09,45.0,45.04,35518
2013-04-11 15:00:00,45.04,45.05,44.99,45.05,52293
2013-04-11 15:15:00,45.04,45.14,45.04,45.1,43986
2013-04-11 15:30:00,45.1,45.1,44.995,45.06,39171
2013-04-11 15:45:00,45.0501,45.095,45.04,45.08,78737
2013-04-11 16:00:00,45.09,45.17,45.04,45.07,154806
2013-04-12 09:45:00,44.83,45.05,44.65,44.65,82192
2013-04-12 10:00:00,44.64,44.72,44.5,44.5,59845
2013-04-12 10:15:00,44.51,44.8499,44.33,44.8499,46406
2013-04-12 10:30:00,44.84,44.88,44.7,44.8,39899
2013-04-12 10:45:00,44.81,44.815,44.74,44.7599,30544
2013-04-12 11:00:00,44.75,44.9195,44.67,44.91,29334
2013-04-12 11:15:00,44.91,44.98,44.88,44.97,25692
2013-04-12 11:30:00,44.96,45.06,44.95,45.04,19185
2013-04-12 11:45:00,45.03,45.03,44.9595,44.96,14579
2013-04-12 12:00:00,44.96,45.1,44.96,45.05,21816
2013-04-12 12:15:00,45.05,45.05,44.96,44.96,13187
2013-04-12 12:30:00,44.96,44.96,44.76,44.82,11890
2013-04-12 12:45:00,44.82,44.95,44.8135,44.94,9300
2013-04-12 13:00:00,44.94,44.98,44.92,44.92,15103
2013-04-12 13:15:00,44.93,44.98,44.93,44.94,10282
2013-04-12 13:30:00,44.93,44.9376,44.87,44.89,4800
2013-04-12 13:45:00,44.89,44.92,44.87,44.913999999999994,10077
2013-04-12 14:00:00,44.91,44.94,44.85,44.89,10033
2013-04-12 14:15:00,44.89,44.92,44.88,44.9,13703
2013-04-12 14:30:00,44.89,44.92,44.88,44.915,10052
2013-04-12 14:45:00,44.9,44.93,44.88,44.93,13463
2013-04-12 15:00:00,44.91,44.96,44.83,44.86,15092
2013-04-12 15:15:00,44.86,44.91,44.86,44.9,10799
2013-04-12 15:30:00,44.91,44.96,44.8601,44.88,17273
2013-04-12 15:45:00,44.89,44.95,44.84,44.94,31346
2013-04-12 16:00:00,44.94,44.96,44.88,44.92,66860
2013-04-15 09:45:00,44.78,45.03,44.65,44.81,35077
2013-04-15 10:00:00,44.8,44.9,44.625,44.84,31875
2013-04-15 10:15:00,44.815,44.815,44.47,44.6,33260
2013-04-15 10:30:00,44.6,44.62,44.48,44.58,14570
2013-04-15 10:45:00,44.64,44.78,44.59,44.76,40341
2013-04-15 11:00:00,44.77,44.8,44.72,44.79,21832
2013-04-15 11:15:00,44.79,44.79,44.59,44.63,18125
2013-04-15 11:30:00,44.63,44.63,44.5,44.54,15252
2013-04-15 11:45:00,44.53,44.62,44.48,44.58,14746
2013-04-15 12:00:00,44.57,44.57,44.36,44.39,25885
2013-04-15 12:15:00,44.4,44.435,44.3,44.4,14763
2013-04-15 12:30:00,44.41,44.42,44.315,44.315,16991
2013-04-15 12:45:00,44.315,44.315,44.14,44.2101,14680
2013-04-15 13:00:00,44.21,44.24,44.11,44.2,12641
2013-04-15 13:15:00,44.2,44.23,44.19,44.22,14308
2013-04-15 13:30:00,44.21,44.25,44.18,44.25,13211
2013-04-15 13:45:00,44.25,44.25,44.15,44.15,9367
2013-04-15 14:00:00,44.16,44.1899,44.13,44.13,12005
2013-04-15 14:15:00,44.14,44.15,44.045,44.08,19757
2013-04-15 14:30:00,44.07,44.13,44.04,44.08,18979
2013-04-15 14:45:00,44.1,44.14,44.05,44.1301,28481
2013-04-15 15:00:00,44.16,44.19,43.99,44.04,26251
2013-04-15 15:15:00,44.05,44.05,43.85,43.89,38184
2013-04-15 15:30:00,43.89,44.02,43.88,43.92,49664
2013-04-15 15:45:00,43.92,43.925,43.68,43.79,66172
2013-04-15 16:00:00,43.78,43.915,43.78,43.81,150632
2013-04-16 09:45:00,43.92,44.17,43.79,44.07,53050
2013-04-16 10:00:00,44.1,44.19,44.04,44.1,15748
2013-04-16 10:15:00,44.1,44.145,44.0,44.0,27417
2013-04-16 10:30:00,44.02,44.02,43.85,43.91,20091
2013-04-16 10:45:00,43.93,44.04,43.92,43.99,15858
2013-04-16 11:00:00,43.99,44.08,43.95,44.08,15570
2013-04-16 11:15:00,44.09,44.15,44.05,44.15,18997
2013-04-16 11:30:00,44.15,44.2,44.04,44.06,15622
2013-04-16 11:45:00,44.07,44.21,44.07,44.12,21289
2013-04-16 12:00:00,44.1201,44.15,44.075,44.13,9174
2013-04-16 12:15:00,44.14,44.16,44.01,44.02,14376
2013-04-16 12:30:00,44.02,44.08,44.02,44.065,11519
2013-04-16 12:45:00,44.0899,44.11,44.04,44.05,10167
2013-04-16 13:00:00,44.05,44.0799,44.04,44.05,25159
2013-04-16 13:15:00,44.04,44.05,43.98,43.99,18314
2013-04-16 13:30:00,44.01,44.059,43.9999,44.02,15601
2013-04-16 13:45:00,44.01,44.02,43.9671,43.97,15400
2013-04-16 14:00:00,43.97,43.98,43.905,43.93,15633
2013-04-16 14:15:00,43.93,44.01,43.93,43.97,28645
2013-04-16 14:30:00,43.97,44.01,43.93,44.01,21114
2013-04-16 14:45:00,44.0,44.01,43.95,43.99,17240
2013-04-16 15:00:00,44.01,44.03,43.94,43.95,22012
2013-04-16 15:15:00,43.96,44.11,43.96,44.1,33522
2013-04-16 15:30:00,44.11,44.21,44.09,44.2099,33425
2013-04-16 15:45:00,44.21,44.325,44.21,44.31,48049
2013-04-16 16:00:00,44.3,44.37,44.25,44.33,109922
2013-04-17 09:45:00,44.36,44.39,43.51,43.59,184995
2013-04-17 10:00:00,43.67,44.19,43.51,44.19,68187
2013-04-17 10:15:00,44.15,44.2,43.98,44.07,82884
2013-04-17 10:30:00,44.058,44.1,43.99,44.05,32127
2013-04-17 10:45:00,44.04,44.19,43.88,43.89,34697
2013-04-17 11:00:00,43.882,43.93,43.62,43.62,19363
2013-04-17 11:15:00,43.61,43.75,43.58,43.71,17450
2013-04-17 11:30:00,43.72,43.865,43.66,43.7901,23617
2013-04-17 11:45:00,43.8,43.9,43.68,43.83,15741
2013-04-17 12:00:00,43.85,43.92,43.78,43.92,24967
2013-04-17 12:15:00,43.92,43.96,43.68,43.68,15729
2013-04-17 12:30:00,43.68,43.7,43.34,43.36,43516
2013-04-17 12:45:00,43.38,43.47,43.38,43.44,32939
2013-04-17 13:00:00,43.44,43.6,43.38,43.56,42217
2013-04-17 13:15:00,43.56,43.77,43.56,43.615,23567
2013-04-17 13:30:00,43.6,43.69,43.6,43.67,12648
2013-04-17 13:45:00,43.68,43.76,43.66,43.733999999999995,20785
2013-04-17 14:00:00,43.76,43.78,43.59,43.67,19191
2013-04-17 14:15:00,43.64,43.73,43.58,43.66,25675
2013-04-17 14:30:00,43.68,43.71,43.58,43.67,31761
2013-04-17 14:45:00,43.66,43.68,43.5399,43.56,30102
2013-04-17 15:00:00,43.5633,43.7,43.54,43.65,24439
2013-04-17 15:15:00,43.65,43.69,43.6,43.69,22355
2013-04-17 15:30:00,43.68,43.75,43.65,43.69,51708
2013-04-17 15:45:00,43.7,43.78,43.67,43.74,43255
2013-04-17 16:00:00,43.74,43.79,43.7,43.73,106761
2013-04-18 09:45:00,43.71,44.1,43.46,43.73,61956
2013-04-18 10:00:00,43.75,43.95,43.75,43.91,82204
2013-04-18 10:15:00,43.9,43.94,43.74,43.94,69707
2013-04-18 10:30:00,43.94,43.94,43.78,43.91,41232
2013-04-18 10:45:00,43.92,44.18,43.92,44.18,39903
2013-04-18 11:00:00,44.18,44.29,44.12,44.13,24251
2013-04-18 11:15:00,44.12,44.18,44.1,44.1245,23931
2013-04-18 11:30:00,44.12,44.19,44.11,44.14,53700
2013-04-18 11:45:00,44.15,44.1895,44.08,44.09,18729
2013-04-18 12:00:00,44.07,44.13,44.01,44.07,30707
2013-04-18 12:15:00,44.0763,44.21,44.07,44.21,57861
2013-04-18 12:30:00,44.19,44.26,44.18,44.25,28795
2013-04-18 12:45:00,44.25,44.32,44.21,44.25,40688
2013-04-18 13:00:00,44.24,44.32,44.24,44.31,16801
2013-04-18 13:15:00,44.3,44.45,44.25,44.43,33876
2013-04-18 13:30:00,44.43,44.545,44.41,44.52,35660
2013-04-18 13:45:00,44.5,44.51,44.4101,44.44,18220
2013-04-18 14:00:00,44.43,44.57,44.42,44.54,33478
2013-04-18 14:15:00,44.53,44.57,44.45,44.51,37722
2013-04-18 14:30:00,44.5,44.57,44.47,44.48,37832
2013-04-18 14:45:00,44.47,44.48,44.27,44.33,62324
2013-04-18 15:00:00,44.3,44.3,44.23,44.29,48532
2013-04-18 15:15:00,44.29,44.39,44.23,44.38,44668
2013-04-18 15:30:00,44.37,44.42,44.31,44.38,48929
2013-04-18 15:45:00,44.38,44.45,44.29,44.44,74106
2013-04-18 16:00:00,44.45,44.45,44.2601,44.33,157528
2013-04-19 09:45:00,44.36,44.47,44.05,44.24,142222
2013-04-19 10:00:00,44.24,44.36,44.15,44.35,61071
2013-04-19 10:15:00,44.37,44.63,44.355,44.63,30042
2013-04-19 10:30:00,44.63,44.77,44.54,44.54,66106
2013-04-19 10:45:00,44.54,44.63,44.455,44.6,32038
2013-04-19 11:00:00,44.61,44.69,44.58,44.6,37690
2013-04-19 11:15:00,44.59,44.77,44.59,44.77,20672
2013-04-19 11:30:00,44.75,44.78,44.66,44.67,18981
2013-04-19 11:45:00,44.68,44.81,44.6665,44.8,19883
2013-04-19 12:00:00,44.77,44.8,44.71,44.8,19700
2013-04-19 12:15:00,44.81,44.95,44.81,44.92,21086
2013-04-19 12:30:00,44.92,44.925,44.85,44.89,15420
2013-04-19 12:45:00,44.885,44.885,44.615,44.67,22286
2013-04-19 13:00:00,44.68,44.75,44.58,44.74,21272
2013-04-19 13:15:00,44.75,44.81,44.71,44.72,20579
2013-04-19 13:30:00,44.73,44.75,44.65,44.7,22495
2013-04-19 13:45:00,44.7,44.76,44.645,44.685,31970
2013-04-19 14:00:00,44.69,44.75,44.65,44.68,26258
2013-04-19 14:15:00,44.69,44.81,44.69,44.81,47429
2013-04-19 14:30:00,44.8,44.97,44.7956,44.94,35680
2013-04-19 14:45:00,44.95,44.97,44.75,44.76,27709
2013-04-19 15:00:00,44.77,44.925,44.75,44.9,42001
2013-04-19 15:15:00,44.905,44.97,44.85,44.97,58428
2013-04-19 15:30:00,44.97,45.03,44.9523,45.01,75428
2013-04-19 15:45:00,45.0,45.06,44.98,45.005,132819
2013-04-19 16:00:00,45.0,45.12,44.97,45.0,302635
2013-04-22 09:45:00,46.385,48.46,46.0,47.62,586736
2013-04-22 10:00:00,47.62,47.73,46.151,46.32,565760
2013-04-22 10:15:00,46.346000000000004,46.6,46.05,46.3,492561
2013-04-22 10:30:00,46.32,46.72,46.2,46.65,217451
2013-04-22 10:45:00,46.62,46.69,46.23,46.35,267364
2013-04-22 11:00:00,46.34,46.59,46.1,46.17,350536
2013-04-22 11:15:00,46.17,46.44,46.1,46.285,187839
2013-04-22 11:30:00,46.28,46.3,45.86,46.14,323729
2013-04-22 11:45:00,46.122,46.38,46.122,46.25,68384
2013-04-22 12:00:00,46.25,46.27,46.03,46.1868,195866
2013-04-22 12:15:00,46.19,46.34,46.18,46.27,52905
2013-04-22 12:30:00,46.2674,46.38,46.24,46.3699,65496
2013-04-22 12:45:00,46.37,46.45,46.23,46.29,52284
2013-04-22 13:00:00,46.29,46.335,46.2,46.24,44915
2013-04-22 13:15:00,46.23,46.28,46.11,46.1906,40349
2013-04-22 13:30:00,46.19,46.27,46.161,46.26,30172
2013-04-22 13:45:00,46.24,46.35,46.1,46.16,43570
2013-04-22 14:00:00,46.15,46.35,46.15,46.335,112434
2013-04-22 14:15:00,46.325,46.4952,46.29,46.41,87817
2013-04-22 14:30:00,46.43,46.6,46.4,46.52,135874
2013-04-22 14:45:00,46.51,46.58,46.4401,46.53,111145
2013-04-22 15:00:00,46.55,46.59,46.48,46.55,71614
2013-04-22 15:15:00,46.55,46.63,46.55,46.55,154040
2013-04-22 15:30:00,46.55,46.66,46.52,46.58,118362
2013-04-22 15:45:00,46.585,46.64,46.56,46.61,111865
2013-04-22 16:00:00,46.61,46.655,46.5,46.55,314877
2013-04-23 09:45:00,46.97,47.01,46.46,46.53,117878
2013-04-23 10:00:00,46.5201,46.71,46.5,46.68,74145
2013-04-23 10:15:00,46.68,47.02,46.66,46.975,105296
2013-04-23 10:30:00,46.95,47.158,46.84,47.1,77315
2013-04-23 10:45:00,47.135,47.33,47.135,47.2,100410
2013-04-23 11:00:00,47.2,47.3,47.1801,47.25,49931
2013-04-23 11:15:00,47.25,47.39,47.22,47.39,42639
2013-04-23 11:30:00,47.39,47.43,47.33,47.39,58357
2013-04-23 11:45:00,47.39,47.6,47.39,47.51,40238
2013-04-23 12:00:00,47.51,47.605,47.4801,47.57,39367
2013-04-23 12:15:00,47.57,47.68,47.51,47.55,76900
2013-04-23 12:30:00,47.53,47.71,47.53,47.71,53905
2013-04-23 12:45:00,47.7,47.79,47.69,47.71,83176
2013-04-23 13:00:00,47.7,47.74,47.5601,47.585,41742
2013-04-23 13:15:00,47.59,47.615,47.065,47.54,74073
2013-04-23 13:30:00,47.52,47.605,47.33,47.415,33401
2013-04-23 13:45:00,47.415,47.51,47.31,47.375,39341
2013-04-23 14:00:00,47.378,47.65,47.36,47.62,36800
2013-04-23 14:15:00,47.61,47.6797,47.51,47.5536,25211
2013-04-23 14:30:00,47.58,47.64,47.51,47.56,29655
2013-04-23 14:45:00,47.55,47.635,47.51,47.57,62793
2013-04-23 15:00:00,47.58,47.665,47.58,47.59,42485
2013-04-23 15:15:00,47.58,47.69,47.56,47.67,65151
2013-04-23 15:30:00,47.68,47.795,47.57,47.585,146370
2013-04-23 15:45:00,47.585,47.668,47.55,47.652,159122
2013-04-23 16:00:00,47.65,47.78,47.59,47.74,136236
2013-04-24 09:45:00,47.5,47.7,46.71,47.4,480746
2013-04-24 10:00:00,47.4,47.54,47.11,47.2,121869
2013-04-24 10:15:00,47.2,47.345,46.9,46.99,190766
2013-04-24 10:30:00,46.99,47.15,46.97,47.04,107127
2013-04-24 10:45:00,47.04,47.08,46.9,47.02,82003
2013-04-24 11:00:00,47.04,47.07,46.93,46.96,63216
2013-04-24 11:15:00,46.96,46.97,46.72,46.745,62552
2013-04-24 11:30:00,46.74,46.905,46.72,46.9,42599
2013-04-24 11:45:00,46.9,46.99,46.83,46.94,40926
2013-04-24 12:00:00,46.955,47.0,46.94,46.96,53604
2013-04-24 12:15:00,46.96,47.0,46.91,46.97,41437
2013-04-24 12:30:00,46.98,47.14,46.97,47.1,31241
2013-04-24 12:45:00,47.1,47.24,47.1,47.192,44319
2013-04-24 13:00:00,47.2,47.28,47.18,47.26,19910
2013-04-24 13:15:00,47.26,47.41,47.2501,47.41,25101
2013-04-24 13:30:00,47.3901,47.54,47.38,47.54,57183
2013-04-24 13:45:00,47.532,47.58,47.51,47.58,27735
2013-04-24 14:00:00,47.58,47.58,47.53,47.53,37550
2013-04-24 14:15:00,47.53,47.56,47.39,47.486000000000004,34317
2013-04-24 14:30:00,47.48,47.55,47.32,47.39,54743
2013-04-24 14:45:00,47.381,47.49,47.22,47.25,72351
2013-04-24 15:00:00,47.24,47.25,47.11,47.2,53672
2013-04-24 15:15:00,47.2,47.245,47.1,47.1,52686
2013-04-24 15:30:00,47.11,47.315,47.11,47.31,40226
2013-04-24 15:45:00,47.3,47.3799,47.24,47.29,54732
2013-04-24 16:00:00,47.29,47.36,47.27,47.28,91597
2013-04-25 09:45:00,47.42,47.63,47.2601,47.63,78282
2013-04-25 10:00:00,47.62,48.0,47.59,47.945,138708
2013-04-25 10:15:00,47.92,48.0,47.88,47.98,60028
2013-04-25 10:30:00,47.9847,48.25,47.97,48.115,110643
2013-04-25 10:45:00,48.1001,48.31,48.1001,48.28,69072
2013-04-25 11:00:00,48.28,48.4,48.28,48.31,28004
2013-04-25 11:15:00,48.35,48.35,48.15,48.155,19645
2013-04-25 11:30:00,48.16,48.22,48.14,48.16,28462
2013-04-25 11:45:00,48.17,48.3,48.17,48.29,21586
2013-04-25 12:00:00,48.29,48.33,48.21,48.24,34098
2013-04-25 12:15:00,48.25,48.27,48.19,48.21,26401
2013-04-25 12:30:00,48.21,48.23,48.09,48.12,28626
2013-04-25 12:45:00,48.13,48.2,48.11,48.135,23282
2013-04-25 13:00:00,48.13,48.17,48.06,48.13,30820
2013-04-25 13:15:00,48.12,48.15,48.06,48.07,15574
2013-04-25 13:30:00,48.06,48.12,48.01,48.04,37358
2013-04-25 13:45:00,48.05,48.05,47.97,48.025,36721
2013-04-25 14:00:00,48.03,48.1,47.99,48.0,41950
2013-04-25 14:15:00,48.0,48.0,47.94,47.96,21702
2013-04-25 14:30:00,47.96,47.99,47.91,47.93,22251
2013-04-25 14:45:00,47.92,47.99,47.92,47.93,23762
2013-04-25 15:00:00,47.93,47.95,47.88,47.91,42724
2013-04-25 15:15:00,47.91,47.93,47.7606,47.8,62627
2013-04-25 15:30:00,47.82,47.87,47.61,47.72,80085
2013-04-25 15:45:00,47.72,47.845,47.71,47.785,40471
2013-04-25 16:00:00,47.8,47.83,47.69,47.77,102705
2013-04-26 09:45:00,47.81,47.85,47.53,47.56,53523
2013-04-26 10:00:00,47.55,47.78,47.41,47.61,47690
2013-04-26 10:15:00,47.67,47.75,47.35,47.45,173629
2013-04-26 10:30:00,47.47,47.68,47.37,47.68,184376
2013-04-26 10:45:00,47.66,47.73,47.54,47.66,26917
2013-04-26 11:00:00,47.7099,47.8,47.64,47.79,28958
2013-04-26 11:15:00,47.78,47.92,47.75,47.91,58703
2013-04-26 11:30:00,47.88,47.93,47.83,47.9,63800
2013-04-26 11:45:00,47.91,47.9399,47.77,47.878,19817
2013-04-26 12:00:00,47.888999999999996,47.89,47.74,47.76,23114
2013-04-26 12:15:00,47.75,47.75,47.59,47.61,27195
2013-04-26 12:30:00,47.61,47.65,47.55,47.6,39225
2013-04-26 12:45:00,47.59,47.62,47.46,47.47,32975
2013-04-26 13:00:00,47.48,47.5,47.38,47.4,32971
2013-04-26 13:15:00,47.39,47.41,47.325,47.36,17730
2013-04-26 13:30:00,47.365,47.4726,47.345,47.4726,22523
2013-04-26 13:45:00,47.46,47.49,47.41,47.48,21406
2013-04-26 14:00:00,47.49,47.495,47.36,47.36,21902
2013-04-26 14:15:00,47.37,47.4,47.335,47.36,27867
2013-04-26 14:30:00,47.35,47.3958,47.32,47.3512,20492
2013-04-26 14:45:00,47.36,47.41,47.3,47.34,38030
2013-04-26 15:00:00,47.34,47.34,47.27,47.28,36223
2013-04-26 15:15:00,47.29,47.4,47.28,47.35,40233
2013-04-26 15:30:00,47.3599,47.43,47.3501,47.43,32274
2013-04-26 15:45:00,47.44,47.44,47.4,47.4099,38897
2013-04-26 16:00:00,47.39,47.41,47.27,47.27,113479
2013-04-29 09:45:00,46.88,47.16,46.88,46.96,97937
2013-04-29 10:00:00,46.98,47.04,46.95,46.99,69046
2013-04-29 10:15:00,46.99,47.07,46.9301,47.03,72963
2013-04-29 10:30:00,47.04,47.21,47.02,47.14,139952
2013-04-29 10:45:00,47.14,47.27,47.11,47.26,23130
2013-04-29 11:00:00,47.26,47.27,47.18,47.23,29461
2013-04-29 11:15:00,47.2201,47.23,47.16,47.19,31648
2013-04-29 11:30:00,47.19,47.275,47.19,47.25,20134
2013-04-29 11:45:00,47.24,47.3,47.22,47.2801,19645
2013-04-29 12:00:00,47.2801,47.43,47.26,47.43,24231
2013-04-29 12:15:00,47.43,47.5,47.425,47.48,22229
2013-04-29 12:30:00,47.49,47.5,47.455,47.49,17893
2013-04-29 12:45:00,47.49,47.51,47.44,47.49,32482
2013-04-29 13:00:00,47.48,47.515,47.47,47.5,14537
2013-04-29 13:15:00,47.5,47.52,47.48,47.49,13947
2013-04-29 13:30:00,47.48,47.51,47.46,47.51,13015
2013-04-29 13:45:00,47.51,47.58,47.51,47.56,23812
2013-04-29 14:00:00,47.55,47.58,47.52,47.52,16227
2013-04-29 14:15:00,47.53,47.59,47.5,47.51,26605
2013-04-29 14:30:00,47.51,47.52,47.43,47.5,26621
2013-04-29 14:45:00,47.5045,47.54,47.39,47.42,57548
2013-04-29 15:00:00,47.42,47.48,47.41,47.46,38554
2013-04-29 15:15:00,47.46,47.47,47.41,47.45,38735
2013-04-29 15:30:00,47.446999999999996,47.525,47.44,47.52,46976
2013-04-29 15:45:00,47.52,47.64,47.52,47.64,87009
2013-04-29 16:00:00,47.63,47.68,47.55,47.65,151637
2013-04-30 09:45:00,47.7,47.7,47.52,47.67,36127
2013-04-30 10:00:00,47.67,47.73,47.37,47.37,36761
2013-04-30 10:15:00,47.4,47.44,47.28,47.355,55006
2013-04-30 10:30:00,47.34,47.38,47.28,47.3,27825
2013-04-30 10:45:00,47.28,47.45,47.28,47.39,23093
2013-04-30 11:00:00,47.4,47.44,47.36,47.36,18001
2013-04-30 11:15:00,47.36,47.49,47.35,47.42,60178
2013-04-30 11:30:00,47.43,47.43,47.26,47.31,67113
2013-04-30 11:45:00,47.32,47.43,47.32,47.365,35419
2013-04-30 12:00:00,47.36,47.47,47.35,47.42,27486
2013-04-30 12:15:00,47.42,47.44,47.38,47.39,31162
2013-04-30 12:30:00,47.39,47.42,47.36,47.37,19213
2013-04-30 12:45:00,47.38,47.4,47.36,47.4,20285
2013-04-30 13:00:00,47.39,47.44,47.37,47.38,29896
2013-04-30 13:15:00,47.38,47.41,47.3,47.35,19681
2013-04-30 13:30:00,47.34,47.36,47.31,47.33,15585
2013-04-30 13:45:00,47.33,47.37,47.31,47.37,18302
2013-04-30 14:00:00,47.38,47.41,47.32,47.34,15326
2013-04-30 14:15:00,47.34,47.35,47.21,47.26,36569
2013-04-30 14:30:00,47.26,47.35,47.25,47.32,25175
2013-04-30 14:45:00,47.32,47.36,47.28,47.36,33593
2013-04-30 15:00:00,47.35,47.35,47.29,47.31,31869
2013-04-30 15:15:00,47.31,47.32,47.25,47.26,34686
2013-04-30 15:30:00,47.27,47.3,47.24,47.26,41430
2013-04-30 15:45:00,47.26,47.3,47.245,47.27,49990
2013-04-30 16:00:00,47.27,47.4,47.27,47.36,190464
2013-05-01 09:45:00,47.5,47.5,46.92,47.06,97376
2013-05-01 10:00:00,47.08,47.22,46.67,47.21,213293
2013-05-01 10:15:00,47.21,47.47,47.21,47.39,51476
2013-05-01 10:30:00,47.39,47.4799,47.355,47.385,31135
2013-05-01 10:45:00,47.38,47.5,47.31,47.47,116037
2013-05-01 11:00:00,47.45,47.5,47.41,47.49,70151
2013-05-01 11:15:00,47.49,47.49,47.4601,47.48,22139
2013-05-01 11:30:00,47.48,47.57,47.44,47.45,42573
2013-05-01 11:45:00,47.45,47.61,47.44,47.61,54996
2013-05-01 12:00:00,47.61,47.73,47.54,47.68,43750
2013-05-01 12:15:00,47.69,47.71,47.64,47.7,15835
2013-05-01 12:30:00,47.7,47.739,47.7,47.71,15262
2013-05-01 12:45:00,47.71,47.73,47.68,47.69,15091
2013-05-01 13:00:00,47.69,47.72,47.51,47.51,21931
2013-05-01 13:15:00,47.52,47.5754,47.49,47.5,12057
2013-05-01 13:30:00,47.5,47.5799,47.44,47.56,35165
2013-05-01 13:45:00,47.54,47.5599,47.37,47.37,9316
2013-05-01 14:00:00,47.36,47.43,47.33,47.41,12340
2013-05-01 14:15:00,47.41,47.5702,47.41,47.53,17527
2013-05-01 14:30:00,47.54,47.58,47.495,47.54,14888
2013-05-01 14:45:00,47.55,47.63,47.49,47.55,53520
2013-05-01 15:00:00,47.56,47.56,47.45,47.4999,28361
2013-05-01 15:15:00,47.48,47.49,47.35,47.37,15205
2013-05-01 15:30:00,47.36,47.4,47.26,47.29,28042
2013-05-01 15:45:00,47.28,47.3,47.14,47.16,43029
2013-05-01 16:00:00,47.15,47.21,47.03,47.05,213366
2013-05-02 09:45:00,47.05,47.55,46.86,46.99,164575
2013-05-02 10:00:00,46.99,47.1,46.9,47.06,117619
2013-05-02 10:15:00,47.06,47.1,46.9601,47.05,31986
2013-05-02 10:30:00,47.05,47.09,46.94,47.0,38546
2013-05-02 10:45:00,46.99,47.01,46.95,46.96,50933
2013-05-02 11:00:00,46.95,46.97,46.86,46.86,23569
2013-05-02 11:15:00,46.88,46.99,46.85,46.99,31366
2013-05-02 11:30:00,46.99,47.05,46.97,47.0415,30097
2013-05-02 11:45:00,47.0404,47.06,46.99,47.0,82305
2013-05-02 12:00:00,47.0,47.0,46.94,46.97,23013
2013-05-02 12:15:00,46.99,47.0,46.81,46.81,39680
2013-05-02 12:30:00,46.8,46.8015,46.72,46.75,41393
2013-05-02 12:45:00,46.74,46.88,46.74,46.87,19572
2013-05-02 13:00:00,46.88,46.94,46.85,46.92,22191
2013-05-02 13:15:00,46.92,46.97,46.89,46.935,16388
2013-05-02 13:30:00,46.93,46.9999,46.93,46.9999,10778
2013-05-02 13:45:00,46.988,46.988,46.89,46.94,35829
2013-05-02 14:00:00,46.9499,46.96,46.92,46.94,38379
2013-05-02 14:15:00,46.931000000000004,46.95,46.88,46.9,25766
2013-05-02 14:30:00,46.91,46.91,46.84,46.85,26430
2013-05-02 14:45:00,46.85,46.91,46.85,46.89,29805
2013-05-02 15:00:00,46.89,46.9,46.86,46.86,27090
2013-05-02 15:15:00,46.8799,46.9,46.85,46.89,57366
2013-05-02 15:30:00,46.89,46.9,46.87,46.871,45632
2013-05-02 15:45:00,46.87,46.89,46.85,46.87,54925
2013-05-02 16:00:00,46.87,46.88,46.82,46.82,105236
2013-05-03 09:45:00,47.1,47.25,46.96,47.12,110326
2013-05-03 10:00:00,47.16,47.29,47.13,47.25,38133
2013-05-03 10:15:00,47.25,47.33,47.2,47.32,43660
2013-05-03 10:30:00,47.32,47.33,47.25,47.28,44803
2013-05-03 10:45:00,47.28,47.31,47.22,47.24,50685
2013-05-03 11:00:00,47.23,47.25,47.22,47.235,34626
2013-05-03 11:15:00,47.235,47.25,47.2,47.23,36380
2013-05-03 11:30:00,47.23,47.3,47.22,47.25,43416
2013-05-03 11:45:00,47.25,47.25,47.23,47.25,28058
2013-05-03 12:00:00,47.25,47.25,47.21,47.24,24560
2013-05-03 12:15:00,47.23,47.25,47.225,47.25,26050
2013-05-03 12:30:00,47.25,47.25,47.23,47.25,23455
2013-05-03 12:45:00,47.25,47.26,47.23,47.25,23995
2013-05-03 13:00:00,47.2401,47.32,47.24,47.32,23736
2013-05-03 13:15:00,47.32,47.39,47.32,47.36,19213
2013-05-03 13:30:00,47.36,47.37,47.27,47.29,19009
2013-05-03 13:45:00,47.275,47.34,47.275,47.34,12822
2013-05-03 14:00:00,47.34,47.35,47.29,47.3,19043
2013-05-03 14:15:00,47.3001,47.31,47.22,47.29,33439
2013-05-03 14:30:00,47.2993,47.32,47.22,47.27,37358
2013-05-03 14:45:00,47.27,47.3,47.2,47.2,26859
2013-05-03 15:00:00,47.19,47.27,47.18,47.19,32644
2013-05-03 15:15:00,47.1701,47.19,47.11,47.11,31121
2013-05-03 15:30:00,47.11,47.12,47.06,47.09,35799
2013-05-03 15:45:00,47.1,47.24,47.09,47.24,52794
2013-05-03 16:00:00,47.23,47.28,47.19,47.21,102872
2013-05-06 09:45:00,47.41,47.44,47.04,47.135,66240
2013-05-06 10:00:00,47.15,47.15,46.841,46.94,32385
2013-05-06 10:15:00,46.94,47.11,46.94,47.02,59049
2013-05-06 10:30:00,47.03,47.09,46.99,47.05,35259
2013-05-06 10:45:00,47.05,47.1,47.04,47.1,29536
2013-05-06 11:00:00,47.1,47.15,47.03,47.04,23564
2013-05-06 11:15:00,47.05,47.115,47.045,47.08,29368
2013-05-06 11:30:00,47.08,47.11,47.04,47.075,24759
2013-05-06 11:45:00,47.08,47.1,47.02,47.1,27777
2013-05-06 12:00:00,47.08,47.16,47.0544,47.14,47267
2013-05-06 12:15:00,47.14,47.25,47.11,47.25,103772
2013-05-06 12:30:00,47.25,47.3,47.23,47.2512,45862
2013-05-06 12:45:00,47.26,47.28,47.245,47.275,9075
2013-05-06 13:00:00,47.28,47.3299,47.275,47.3,12849
2013-05-06 13:15:00,47.29,47.3,47.214,47.214,12985
2013-05-06 13:30:00,47.23,47.28,47.21,47.25,62457
2013-05-06 13:45:00,47.26,47.28,47.19,47.233999999999995,95079
2013-05-06 14:00:00,47.24,47.25,47.22,47.25,13461
2013-05-06 14:15:00,47.25,47.31,47.2401,47.27,45742
2013-05-06 14:30:00,47.28,47.2901,47.25,47.25,77630
2013-05-06 14:45:00,47.26,47.27,47.23,47.24,79843
2013-05-06 15:00:00,47.22,47.226000000000006,47.18,47.19,27166
2013-05-06 15:15:00,47.1901,47.2,47.12,47.125,34252
2013-05-06 15:30:00,47.125,47.13,47.06,47.09,26560
2013-05-06 15:45:00,47.09,47.13,47.09,47.12,26101
2013-05-06 16:00:00,47.12,47.152,47.1,47.14,65400
2013-05-07 09:45:00,47.04,47.52,47.0,47.465,73237
2013-05-07 10:00:00,47.41,47.46,47.326,47.39,83566
2013-05-07 10:15:00,47.4,47.44,47.21,47.25,49679
2013-05-07 10:30:00,47.25,47.3,47.17,47.2401,41914
2013-05-07 10:45:00,47.25,47.26,47.1,47.16,66680
2013-05-07 11:00:00,47.16,47.2,47.13,47.17,30374
2013-05-07 11:15:00,47.18,47.26,47.18,47.24,31931
2013-05-07 11:30:00,47.25,47.27,47.21,47.265,74613
2013-05-07 11:45:00,47.27,47.3,47.23,47.25,77402
2013-05-07 12:00:00,47.25,47.315,47.22,47.3,27536
2013-05-07 12:15:00,47.3,47.31,47.27,47.29,32615
2013-05-07 12:30:00,47.29,47.3,47.2,47.23,59968
2013-05-07 12:45:00,47.22,47.25,47.16,47.22,31287
2013-05-07 13:00:00,47.228,47.25,47.225,47.25,12038
2013-05-07 13:15:00,47.25,47.27,47.235,47.244,127105
2013-05-07 13:30:00,47.25,47.275,47.23,47.245,32036
2013-05-07 13:45:00,47.25,47.299,47.24,47.299,40764
2013-05-07 14:00:00,47.3,47.3,47.23,47.24,36670
2013-05-07 14:15:00,47.245,47.36,47.24,47.3,64648
2013-05-07 14:30:00,47.29,47.43,47.28,47.43,36233
2013-05-07 14:45:00,47.44,47.45,47.37,47.39,115022
2013-05-07 15:00:00,47.39,47.5,47.39,47.46,57372
2013-05-07 15:15:00,47.48,47.5,47.43,47.465,42229
2013-05-07 15:30:00,47.47,47.47,47.37,47.42,89523
2013-05-07 15:45:00,47.41,47.45,47.39,47.44,59554
2013-05-07 16:00:00,47.445,47.48,47.41,47.45,133678
2013-05-08 09:45:00,47.51,47.63,47.4,47.59,81408
2013-05-08 10:00:00,47.6,47.63,47.52,47.6,40034
2013-05-08 10:15:00,47.6,47.64,47.58,47.62,27517
2013-05-08 10:30:00,47.62,47.72,47.55,47.59,91061
2013-05-08 10:45:00,47.595,47.62,47.5,47.58,42018
2013-05-08 11:00:00,47.59,47.6,47.515,47.52,26008
2013-05-08 11:15:00,47.53,47.61,47.49,47.59,65455
2013-05-08 11:30:00,47.59,47.62,47.55,47.62,74651
2013-05-08 11:45:00,47.62,47.63,47.55,47.6,25245
2013-05-08 12:00:00,47.5962,47.62,47.52,47.53,43621
2013-05-08 12:15:00,47.5399,47.6,47.513000000000005,47.56,23484
2013-05-08 12:30:00,47.56,47.59,47.51,47.54,25165
2013-05-08 12:45:00,47.52,47.59,47.49,47.57,43360
2013-05-08 13:00:00,47.57,47.6,47.56,47.59,13853
2013-05-08 13:15:00,47.6,47.6,47.57,47.59,21007
2013-05-08 13:30:00,47.58,47.64,47.58,47.635,56100
2013-05-08 13:45:00,47.63,47.7,47.61,47.61,25685
2013-05-08 14:00:00,47.6248,47.65,47.6006,47.65,12849
2013-05-08 14:15:00,47.6401,47.655,47.64,47.64,15138
2013-05-08 14:30:00,47.64,47.65,47.6,47.605,16945
2013-05-08 14:45:00,47.61,47.615,47.53,47.55,38720
2013-05-08 15:00:00,47.54,47.555,47.5,47.54,20713
2013-05-08 15:15:00,47.54,47.55,47.5,47.55,20938
2013-05-08 15:30:00,47.55,47.625,47.54,47.6,72951
2013-05-08 15:45:00,47.61,47.63,47.58,47.59,30844
2013-05-08 16:00:00,47.6,47.635,47.56,47.6,129867
2013-05-09 09:45:00,47.7,47.7,47.53,47.59,64557
2013-05-09 10:00:00,47.58,47.89,47.57,47.87,68692
2013-05-09 10:15:00,47.87,47.89,47.5501,47.57,52682
2013-05-09 10:30:00,47.555,47.58,47.42,47.54,25914
2013-05-09 10:45:00,47.54,47.66,47.5312,47.65,9375
2013-05-09 11:00:00,47.64,47.65,47.49100000000001,47.5,30718
2013-05-09 11:15:00,47.49,47.58,47.45,47.53,44792
2013-05-09 11:30:00,47.52,47.6,47.52,47.59,22390
2013-05-09 11:45:00,47.6,47.61,47.5,47.53,32599
2013-05-09 12:00:00,47.52,47.54,47.48,47.54,61225
2013-05-09 12:15:00,47.54,47.58,47.47,47.56,43040
2013-05-09 12:30:00,47.55,47.56,47.49,47.56,9688
2013-05-09 12:45:00,47.55,47.64,47.55,47.62,16411
2013-05-09 13:00:00,47.61,47.64,47.57,47.62,14643
2013-05-09 13:15:00,47.64,47.64,47.58,47.62,21626
2013-05-09 13:30:00,47.62,47.67,47.59,47.6,28667
2013-05-09 13:45:00,47.61,47.81,47.6,47.76,56495
2013-05-09 14:00:00,47.78,47.82,47.72,47.78,13843
2013-05-09 14:15:00,47.77,47.7999,47.69,47.7,18282
2013-05-09 14:30:00,47.7,47.76,47.7,47.72,25248
2013-05-09 14:45:00,47.73,47.75,47.67,47.67,27966
2013-05-09 15:00:00,47.67,47.68,47.52,47.56,27228
2013-05-09 15:15:00,47.54,47.66,47.47,47.61,43035
2013-05-09 15:30:00,47.6,47.68,47.56,47.66,31558
2013-05-09 15:45:00,47.68,47.76,47.54,47.56,55853
2013-05-09 16:00:00,47.55,47.63,47.49,47.59,117658
2013-05-10 09:45:00,47.38,47.65,47.38,47.52,34698
2013-05-10 10:00:00,47.54,47.78,47.47,47.7701,18763
2013-05-10 10:15:00,47.78,47.9,47.78,47.87,35629
2013-05-10 10:30:00,47.88,47.91,47.84,47.8557,21068
2013-05-10 10:45:00,47.87,47.88,47.73,47.83,26761
2013-05-10 11:00:00,47.83,47.84,47.62,47.655,53647
2013-05-10 11:15:00,47.66,47.83,47.65,47.83,38749
2013-05-10 11:30:00,47.84,47.845,47.71,47.76,19069
2013-05-10 11:45:00,47.77,47.81,47.73,47.8,14596
2013-05-10 12:00:00,47.8,47.81,47.41,47.44,57146
2013-05-10 12:15:00,47.44,47.55,47.37,47.4928,65522
2013-05-10 12:30:00,47.5,47.53,47.42,47.49,17479
2013-05-10 12:45:00,47.5,47.55,47.44,47.44,16147
2013-05-10 13:00:00,47.44,47.49,47.38,47.42,15990
2013-05-10 13:15:00,47.44,47.52,47.44,47.51,15307
2013-05-10 13:30:00,47.51,47.54,47.47,47.48,53416
2013-05-10 13:45:00,47.49,47.54,47.475,47.49,19839
2013-05-10 14:00:00,47.49,47.51,47.46,47.48,18841
2013-05-10 14:15:00,47.48,47.55,47.48,47.5,17798
2013-05-10 14:30:00,47.5,47.51,47.475,47.5,23592
2013-05-10 14:45:00,47.5,47.52,47.4558,47.48,37505
2013-05-10 15:00:00,47.48,47.51,47.42,47.45,95332
2013-05-10 15:15:00,47.46,47.52,47.46,47.5,39752
2013-05-10 15:30:00,47.51,47.52,47.47,47.49,104196
2013-05-10 15:45:00,47.49,47.51,47.45,47.49,39177
2013-05-10 16:00:00,47.49,47.56,47.47,47.5,210847
2013-05-13 09:45:00,47.48,47.69,47.461999999999996,47.51,107482
2013-05-13 10:00:00,47.5,47.61,47.45,47.47,38085
2013-05-13 10:15:00,47.45,47.6,47.39,47.5936,42692
2013-05-13 10:30:00,47.61,47.66,47.44,47.45,52926
2013-05-13 10:45:00,47.45,47.47,47.36,47.36,25566
2013-05-13 11:00:00,47.35,47.41,47.34,47.37,25239
2013-05-13 11:15:00,47.38,47.4,47.33,47.34,20450
2013-05-13 11:30:00,47.33,47.41,47.22,47.36,52518
2013-05-13 11:45:00,47.38,47.4999,47.38,47.49,23747
2013-05-13 12:00:00,47.45,47.7,47.45,47.69,13571
2013-05-13 12:15:00,47.68,47.74,47.65,47.65,27800
2013-05-13 12:30:00,47.65,47.72,47.59,47.61,96471
2013-05-13 12:45:00,47.63,47.67,47.59,47.641000000000005,17614
2013-05-13 13:00:00,47.64,47.74,47.61,47.62,29414
2013-05-13 13:15:00,47.63,47.67,47.59,47.6,21811
2013-05-13 13:30:00,47.6,47.61,47.5,47.5,18100
2013-05-13 13:45:00,47.508,47.54,47.45,47.47,64345
2013-05-13 14:00:00,47.48,47.56,47.48,47.5099,37352
2013-05-13 14:15:00,47.51,47.59,47.47,47.5099,29408
2013-05-13 14:30:00,47.51,47.56,47.46,47.461000000000006,37736
2013-05-13 14:45:00,47.4741,47.52,47.4741,47.49,89919
2013-05-13 15:00:00,47.485,47.57,47.461999999999996,47.49,36691
2013-05-13 15:15:00,47.5,47.54,47.44,47.49,39803
2013-05-13 15:30:00,47.49,47.56,47.45,47.5,46118
2013-05-13 15:45:00,47.5,47.52,47.49,47.51,82766
2013-05-13 16:00:00,47.52,47.52,47.46,47.47,93802
2013-05-14 09:45:00,47.56,47.58,47.28,47.45,56060
2013-05-14 10:00:00,47.44,47.5,47.36,47.49,83411
2013-05-14 10:15:00,47.5,47.5,47.35,47.485,236076
2013-05-14 10:30:00,47.49,47.53,47.43,47.49,47888
2013-05-14 10:45:00,47.485,47.505,47.36,47.36,43149
2013-05-14 11:00:00,47.35,47.46,47.35,47.46,21961
2013-05-14 11:15:00,47.48,47.51,47.44,47.49,31047
2013-05-14 11:30:00,47.48,47.49,47.44,47.47,31698
2013-05-14 11:45:00,47.48,47.56,47.45,47.56,190147
2013-05-14 12:00:00,47.55,47.63,47.55,47.58,42630
2013-05-14 12:15:00,47.58,47.6,47.532,47.57,30319
2013-05-14 12:30:00,47.57,47.63,47.54,47.58,65384
2013-05-14 12:45:00,47.58,47.59,47.5,47.505,37978
2013-05-14 13:00:00,47.5101,47.54,47.44,47.4875,125017
2013-05-14 13:15:00,47.48,47.5,47.45,47.48,22271
2013-05-14 13:30:00,47.47,47.5,47.37,47.38,45123
2013-05-14 13:45:00,47.39,47.47,47.385,47.4,49088
2013-05-14 14:00:00,47.395,47.43,47.355,47.38,30517
2013-05-14 14:15:00,47.38,47.42,47.335,47.3601,28461
2013-05-14 14:30:00,47.37,47.41,47.29,47.2906,35709
2013-05-14 14:45:00,47.3,47.31,47.13,47.14,81609
2013-05-14 15:00:00,47.14,47.1425,47.01,47.01,62668
2013-05-14 15:15:00,47.02,47.34,47.015,47.34,38528
2013-05-14 15:30:00,47.33,47.355,47.29,47.34,55490
2013-05-14 15:45:00,47.33,47.425,47.325,47.42,66484
2013-05-14 16:00:00,47.42,47.52,47.42,47.51,162203
2013-05-15 09:45:00,47.55,47.59,47.5,47.51,56419
2013-05-15 10:00:00,47.5,47.55,47.37,47.53,40444
2013-05-15 10:15:00,47.52,47.55,47.37,47.43,41781
2013-05-15 10:30:00,47.43,47.49,47.3701,47.47,40695
2013-05-15 10:45:00,47.46,47.5762,47.45,47.49,108084
2013-05-15 11:00:00,47.49,47.68,47.47,47.68,58238
2013-05-15 11:15:00,47.7,47.74,47.57,47.6743,56435
2013-05-15 11:30:00,47.675,47.71,47.63,47.655,26528
2013-05-15 11:45:00,47.665,47.72,47.66,47.685,86262
2013-05-15 12:00:00,47.685,47.72,47.67,47.695,39257
2013-05-15 12:15:00,47.7,47.78,47.685,47.755,35354
2013-05-15 12:30:00,47.75,47.75,47.665,47.72,33095
2013-05-15 12:45:00,47.73,47.77,47.7,47.73,32293
2013-05-15 13:00:00,47.72,47.77,47.72,47.74,33273
2013-05-15 13:15:00,47.74,47.74,47.67,47.69,35822
2013-05-15 13:30:00,47.69,47.7,47.62,47.6701,22238
2013-05-15 13:45:00,47.67,47.67,47.57,47.57,73702
2013-05-15 14:00:00,47.57,47.605,47.55,47.57,44705
2013-05-15 14:15:00,47.565,47.59,47.53,47.535,64325
2013-05-15 14:30:00,47.55,47.6,47.51,47.6,39511
2013-05-15 14:45:00,47.6,47.63,47.54,47.54,35573
2013-05-15 15:00:00,47.53,47.59,47.485,47.525,45208
2013-05-15 15:15:00,47.525,47.59,47.495,47.59,54901
2013-05-15 15:30:00,47.58,47.6,47.52,47.58,62219
2013-05-15 15:45:00,47.58,47.64,47.58,47.62,56685
2013-05-15 16:00:00,47.62,47.66,47.61,47.62,132915
2013-05-16 09:45:00,47.63,47.79,47.49,47.64,26769
2013-05-16 10:00:00,47.65,47.82,47.65,47.78,18793
2013-05-16 10:15:00,47.77,47.78,47.62,47.75,47887
2013-05-16 10:30:00,47.76,47.82,47.7,47.77,24154
2013-05-16 10:45:00,47.76,47.88,47.74,47.84,29176
2013-05-16 11:00:00,47.83,47.87,47.755,47.83,88111
2013-05-16 11:15:00,47.83,47.87,47.77,47.84,32331
2013-05-16 11:30:00,47.84,47.87,47.43,47.6599,191456
2013-05-16 11:45:00,47.66,47.76,47.66,47.7,19234
2013-05-16 12:00:00,47.7,47.74,47.6201,47.64,13081
2013-05-16 12:15:00,47.6233,47.67,47.62,47.66,23467
2013-05-16 12:30:00,47.65,47.71,47.6,47.6,24460
2013-05-16 12:45:00,47.61,47.61,47.57,47.5901,13692
2013-05-16 13:00:00,47.6,47.61,47.55,47.57,18348
2013-05-16 13:15:00,47.55,47.57,47.5,47.52,12100
2013-05-16 13:30:00,47.51,47.51,47.44,47.47,20000
2013-05-16 13:45:00,47.47,47.51,47.47,47.48,18132
2013-05-16 14:00:00,47.47,47.51,47.467,47.49,20184
2013-05-16 14:15:00,47.48,47.49,47.44,47.48,28888
2013-05-16 14:30:00,47.47,47.495,47.425,47.43,31504
2013-05-16 14:45:00,47.44,47.44,47.365,47.39,20835
2013-05-16 15:00:00,47.37,47.41,47.34,47.35,26200
2013-05-16 15:15:00,47.36,47.4,47.34,47.36,49974
2013-05-16 15:30:00,47.355,47.36,47.29,47.315,33621
2013-05-16 15:45:00,47.3265,47.33,47.25,47.28,50543
2013-05-16 16:00:00,47.28,47.29,47.14,47.2,89358
2013-05-17 09:45:00,47.33,47.67,47.33,47.47,95927
2013-05-17 10:00:00,47.44,47.65,47.4192,47.6,17011
2013-05-17 10:15:00,47.61,47.72,47.58,47.6964,10217
2013-05-17 10:30:00,47.69,47.77,47.595,47.65,75398
2013-05-17 10:45:00,47.62,47.67,47.545,47.59,23540
2013-05-17 11:00:00,47.58,47.59,47.47,47.49,22029
2013-05-17 11:15:00,47.48,47.48,47.37,47.41,25546
2013-05-17 11:30:00,47.43,47.59,47.4201,47.59,24311
2013-05-17 11:45:00,47.5816,47.78,47.58,47.765,30728
2013-05-17 12:00:00,47.77,47.8,47.73,47.74,54201
2013-05-17 12:15:00,47.74,47.75,47.635,47.64,44033
2013-05-17 12:30:00,47.645,47.72,47.47,47.702,75417
2013-05-17 12:45:00,47.72,47.75,47.71,47.73,19378
2013-05-17 13:00:00,47.74,47.76,47.7166,47.74,16179
2013-05-17 13:15:00,47.75,47.77,47.71,47.7167,10385
2013-05-17 13:30:00,47.72,47.79,47.715,47.79,13053
2013-05-17 13:45:00,47.79,47.79,47.765,47.7878,14581
2013-05-17 14:00:00,47.79,47.805,47.76,47.77,19860
2013-05-17 14:15:00,47.77,47.8099,47.75,47.7999,23398
2013-05-17 14:30:00,47.79,47.82,47.78,47.81,19937
2013-05-17 14:45:00,47.81,47.84,47.8,47.82,19136
2013-05-17 15:00:00,47.825,47.92,47.825,47.91,27095
2013-05-17 15:15:00,47.91,47.9284,47.87,47.87,26819
2013-05-17 15:30:00,47.87,47.915,47.86,47.9,29598
2013-05-17 15:45:00,47.905,47.94,47.9,47.91,33001
2013-05-17 16:00:00,47.92,47.92,47.835,47.9,83590
2013-05-20 09:45:00,47.94,47.97,47.86,47.88,45433
2013-05-20 10:00:00,47.86,47.9297,47.81,47.85,37837
2013-05-20 10:15:00,47.86,47.9,47.75,47.77,40142
2013-05-20 10:30:00,47.77,47.8,47.71,47.73,10742
2013-05-20 10:45:00,47.71,47.75,47.7,47.74,7257
2013-05-20 11:00:00,47.73,47.77,47.72,47.75,11229
2013-05-20 11:15:00,47.76,47.85,47.75,47.84,67611
2013-05-20 11:30:00,47.85,47.86,47.82,47.84,23836
2013-05-20 11:45:00,47.85,47.8599,47.79,47.81,29048
2013-05-20 12:00:00,47.8,47.815,47.76,47.78,15784
2013-05-20 12:15:00,47.79,47.81,47.76,47.77,15903
2013-05-20 12:30:00,47.76,47.76,47.68,47.6801,10835
2013-05-20 12:45:00,47.6801,47.698,47.6,47.6,13018
2013-05-20 13:00:00,47.6001,47.71,47.59,47.7,14601
2013-05-20 13:15:00,47.69,47.74,47.67,47.73,13535
2013-05-20 13:30:00,47.73,47.7682,47.67,47.733999999999995,40120
2013-05-20 13:45:00,47.75,47.77,47.73,47.73,14755
2013-05-20 14:00:00,47.73,47.8,47.71,47.8,20848
2013-05-20 14:15:00,47.79,47.7901,47.71,47.76,23464
2013-05-20 14:30:00,47.77,47.82,47.75,47.77,20295
2013-05-20 14:45:00,47.77,47.8,47.76,47.8,15478
2013-05-20 15:00:00,47.79,47.81,47.77,47.77,16034
2013-05-20 15:15:00,47.77,47.8,47.77,47.79,19182
2013-05-20 15:30:00,47.79,47.8,47.77,47.78,20273
2013-05-20 15:45:00,47.79,47.8,47.74,47.77,30218
2013-05-20 16:00:00,47.77,47.8,47.65,47.7,103280
2013-05-21 09:45:00,47.9,48.3,47.79,48.3,221584
2013-05-21 10:00:00,48.3,48.57,48.22,48.5454,88973
2013-05-21 10:15:00,48.52,48.64,48.42,48.49,120530
2013-05-21 10:30:00,48.473,48.48,48.31,48.4,46161
2013-05-21 10:45:00,48.39,48.4,48.2,48.27,36642
2013-05-21 11:00:00,48.27,48.32,48.24,48.295,30789
2013-05-21 11:15:00,48.28,48.35,48.25,48.27,54195
2013-05-21 11:30:00,48.26,48.27,48.19,48.23,37579
2013-05-21 11:45:00,48.23,48.32,48.23,48.3,43869
2013-05-21 12:00:00,48.3,48.39,48.27,48.33,34074
2013-05-21 12:15:00,48.33,48.38,48.28,48.3,25042
2013-05-21 12:30:00,48.31,48.41,48.305,48.36,33639
2013-05-21 12:45:00,48.36,48.5,48.36,48.48,32207
2013-05-21 13:00:00,48.485,48.59,48.48,48.57,43375
2013-05-21 13:15:00,48.568000000000005,48.72,48.56,48.6499,45958
2013-05-21 13:30:00,48.64,48.69,48.63,48.65,27021
2013-05-21 13:45:00,48.65,48.65,48.57,48.57,29572
2013-05-21 14:00:00,48.57,48.58,48.48,48.49100000000001,31871
2013-05-21 14:15:00,48.49,48.49,48.44,48.45,38781
2013-05-21 14:30:00,48.45,48.53,48.44,48.49,48343
2013-05-21 14:45:00,48.49,48.52,48.46,48.47,39504
2013-05-21 15:00:00,48.48,48.48,48.41,48.44,50311
2013-05-21 15:15:00,48.44,48.45,48.395,48.42,55079
2013-05-21 15:30:00,48.4,48.42,48.315,48.35,65188
2013-05-21 15:45:00,48.35,48.4,48.325,48.38,84119
2013-05-21 16:00:00,48.38,48.46,48.35,48.45,200142
2013-05-22 09:45:00,48.5,48.86,48.4,48.85,54909
2013-05-22 10:00:00,48.83,48.88,48.75,48.75,35537
2013-05-22 10:15:00,48.75,48.97,48.6,48.915,80552
2013-05-22 10:30:00,48.91,48.92,48.77,48.85,35951
2013-05-22 10:45:00,48.84,48.84,48.38,48.4299,124604
2013-05-22 11:00:00,48.43,48.45,48.3,48.34,46027
2013-05-22 11:15:00,48.35,48.46,48.31,48.43,44061
2013-05-22 11:30:00,48.43,48.65,48.41,48.63,50047
2013-05-22 11:45:00,48.65,48.67,48.55,48.585,82724
2013-05-22 12:00:00,48.59,48.681000000000004,48.56,48.66,46968
2013-05-22 12:15:00,48.65,48.69,48.57,48.64,21720
2013-05-22 12:30:00,48.645,48.683,48.58,48.58,30026
2013-05-22 12:45:00,48.57,48.575,48.49,48.54,33206
2013-05-22 13:00:00,48.54,48.61,48.54,48.6,27285
2013-05-22 13:15:00,48.6,48.6,48.54,48.54,28165
2013-05-22 13:30:00,48.55,48.55,48.39,48.395,34237
2013-05-22 13:45:00,48.39,48.445,48.33,48.35,31169
2013-05-22 14:00:00,48.33,48.34,48.22,48.22,43513
2013-05-22 14:15:00,48.24,48.3,47.9,47.92,69317
2013-05-22 14:30:00,47.93,47.99,47.77,47.795,51344
2013-05-22 14:45:00,47.8,47.86,47.645,47.65,70458
2013-05-22 15:00:00,47.65,47.68,47.63,47.66,38169
2013-05-22 15:15:00,47.66,47.66,47.51,47.51,53450
2013-05-22 15:30:00,47.52,47.52,47.35,47.35,56308
2013-05-22 15:45:00,47.34,47.4,47.3,47.39,53017
2013-05-22 16:00:00,47.38,47.48,47.33,47.45,172743
2013-05-23 09:45:00,47.06,47.21,46.56,46.77,132441
2013-05-23 10:00:00,46.77,46.78,46.51,46.54,51067
2013-05-23 10:15:00,46.53,46.92,46.4999,46.85,105905
2013-05-23 10:30:00,46.85,46.95,46.79,46.91,28814
2013-05-23 10:45:00,46.9,46.9,46.59,46.6,40254
2013-05-23 11:00:00,46.63,46.65,46.54,46.55,35484
2013-05-23 11:15:00,46.55,46.66,46.54,46.64,36692
2013-05-23 11:30:00,46.64,46.7,46.61,46.62,29695
2013-05-23 11:45:00,46.61,46.62,46.57,46.6,30810
2013-05-23 12:00:00,46.6,46.64,46.59,46.61,25325
2013-05-23 12:15:00,46.63,46.78,46.62,46.72,27885
2013-05-23 12:30:00,46.71,46.88,46.68,46.82,45619
2013-05-23 12:45:00,46.81100000000001,46.95,46.8,46.925,40132
2013-05-23 13:00:00,46.93,46.97,46.91,46.93,20478
2013-05-23 13:15:00,46.93,46.99,46.92,46.9599,19726
2013-05-23 13:30:00,46.96,46.98,46.9,46.92,20225
2013-05-23 13:45:00,46.93,47.0,46.9,46.9,27117
2013-05-23 14:00:00,46.91,47.005,46.86,47.0,30209
2013-05-23 14:15:00,46.99,47.01,46.94,47.0,32202
2013-05-23 14:30:00,46.99,47.09,46.96,47.03,34391
2013-05-23 14:45:00,47.01,47.1,46.95,47.08,45092
2013-05-23 15:00:00,47.09,47.14,47.04,47.07,26846
2013-05-23 15:15:00,47.07,47.08,47.01,47.05,28821
2013-05-23 15:30:00,47.05,47.062,46.9,46.99,31691
2013-05-23 15:45:00,47.0,47.03,46.91,46.94,38997
2013-05-23 16:00:00,46.95,47.02,46.91,46.96,134817
2013-05-24 09:45:00,46.64,47.68,46.56,46.66,29829
2013-05-24 10:00:00,46.61,46.61,46.45,46.5,21612
2013-05-24 10:15:00,46.475,46.57,46.37,46.49,30322
2013-05-24 10:30:00,46.49,46.5136,46.39,46.43,30452
2013-05-24 10:45:00,46.44,46.57,46.44,46.53,19206
2013-05-24 11:00:00,46.51,46.56,46.48,46.56,26886
2013-05-24 11:15:00,46.57,46.67,46.51,46.67,15095
2013-05-24 11:30:00,46.68,46.7361,46.65,46.724,12937
2013-05-24 11:45:00,46.72,46.87,46.71,46.86,15508
2013-05-24 12:00:00,46.85,46.98,46.815,46.98,12135
2013-05-24 12:15:00,46.98,47.05,46.93,46.93,367528
2013-05-24 12:30:00,46.93600000000001,47.15,46.93,47.15,23060
2013-05-24 12:45:00,47.15,47.27,47.13,47.27,29215
2013-05-24 13:00:00,47.26,47.44,47.24,47.345,103340
2013-05-24 13:15:00,47.36,47.41,47.31,47.35,24087
2013-05-24 13:30:00,47.35,47.46,47.345,47.41,25247
2013-05-24 13:45:00,47.4,47.47,47.25,47.26,119831
2013-05-24 14:00:00,47.27,47.27,47.23,47.25,8905
2013-05-24 14:15:00,47.24,47.29,47.21,47.29,8455
2013-05-24 14:30:00,47.29,47.32,47.285,47.32,12395
2013-05-24 14:45:00,47.33,47.43,47.285,47.425,26024
2013-05-24 15:00:00,47.45,47.61,47.4,47.45,40479
2013-05-24 15:15:00,47.45,47.45,47.37,47.44,9949
2013-05-24 15:30:00,47.44,47.44,47.31,47.31,27695
2013-05-24 15:45:00,47.31,47.32,47.17,47.19,90938
2013-05-24 16:00:00,47.18,47.18,47.095,47.16,143538
2013-05-28 09:45:00,47.63,47.86,47.59,47.68,30308
2013-05-28 10:00:00,47.66,47.86,47.66,47.77,15735
2013-05-28 10:15:00,47.86,47.99,47.785,47.89,24989
2013-05-28 10:30:00,47.88,48.0,47.87,47.99,14297
2013-05-28 10:45:00,47.98,47.98,47.74,47.74,16158
2013-05-28 11:00:00,47.74,47.75,47.54,47.545,31130
2013-05-28 11:15:00,47.56,47.56,47.46,47.47,34342
2013-05-28 11:30:00,47.4601,47.4899,47.36,47.39,25509
2013-05-28 11:45:00,47.38,47.4,47.28,47.2877,24176
2013-05-28 12:00:00,47.28,47.28,47.07,47.08,41676
2013-05-28 12:15:00,47.08,47.1117,47.03,47.09,31710
2013-05-28 12:30:00,47.09,47.09,47.01,47.04,23567
2013-05-28 12:45:00,47.04,47.1499,47.005,47.14,18629
2013-05-28 13:00:00,47.13,47.14,47.025,47.07,25024
2013-05-28 13:15:00,47.08,47.17,47.055,47.0799,21562
2013-05-28 13:30:00,47.08,47.08,46.97,46.98,24370
2013-05-28 13:45:00,46.975,46.99,46.875,46.88,22354
2013-05-28 14:00:00,46.875,46.92,46.8,46.8,28299
2013-05-28 14:15:00,46.81,46.81,46.7,46.7,29236
2013-05-28 14:30:00,46.71,46.73,46.655,46.68,35007
2013-05-28 14:45:00,46.69,46.708,46.64,46.65,30512
2013-05-28 15:00:00,46.65,46.715,46.635,46.69,41610
2013-05-28 15:15:00,46.7,46.88,46.69,46.8,51121
2013-05-28 15:30:00,46.79,46.805,46.7,46.71,35365
2013-05-28 15:45:00,46.72,46.87,46.72,46.78,42235
2013-05-28 16:00:00,46.78,46.83,46.72,46.72,126592
2013-05-29 09:45:00,46.45,46.66,46.37,46.4413,35023
2013-05-29 10:00:00,46.48,46.69,46.4,46.66,25017
2013-05-29 10:15:00,46.64,46.68,46.43,46.5,71911
2013-05-29 10:30:00,46.48,46.51,46.275,46.28,46123
2013-05-29 10:45:00,46.28,46.28,45.86,45.93,125297
2013-05-29 11:00:00,45.93,45.93,45.62,45.76,128044
2013-05-29 11:15:00,45.78,45.79,45.39,45.41,126045
2013-05-29 11:30:00,45.43,45.48,45.27,45.3375,146901
2013-05-29 11:45:00,45.35,45.466,45.31,45.39,181038
2013-05-29 12:00:00,45.4,45.4699,45.3,45.31,118301
2013-05-29 12:15:00,45.31,45.46,45.26,45.34,113698
2013-05-29 12:30:00,45.35,45.48,45.335,45.4,151740
2013-05-29 12:45:00,45.41,45.42,45.23,45.23,109062
2013-05-29 13:00:00,45.23,45.23,45.0,45.137,105706
2013-05-29 13:15:00,45.11,45.1799,44.73,44.915,114580
2013-05-29 13:30:00,44.93,45.21,44.93,45.193999999999996,85886
2013-05-29 13:45:00,45.2,45.2,44.95,45.013999999999996,77297
2013-05-29 14:00:00,44.99,45.105,44.865,45.01,74301
2013-05-29 14:15:00,45.0,45.06,44.96,44.995,77800
2013-05-29 14:30:00,44.995,45.03,44.75,44.75,81571
2013-05-29 14:45:00,44.73,44.82,44.71,44.78,83127
2013-05-29 15:00:00,44.77,44.83,44.59,44.59,107248
2013-05-29 15:15:00,44.59,44.65,44.44,44.45,140509
2013-05-29 15:30:00,44.44,44.64,44.4,44.515,168264
2013-05-29 15:45:00,44.525,44.56,44.315,44.41,193732
2013-05-29 16:00:00,44.4,44.46,44.22,44.45,658142
2013-05-30 09:45:00,44.39,44.98,44.29,44.84,72008
2013-05-30 10:00:00,44.86,45.12,44.86,45.02,45801
2013-05-30 10:15:00,45.0,45.108999999999995,44.76,44.76,91126
2013-05-30 10:30:00,44.79,45.06,44.6799,44.89,76790
2013-05-30 10:45:00,44.89,45.03,44.88,44.93,47936
2013-05-30 11:00:00,44.93,44.94,44.87,44.91,37078
2013-05-30 11:15:00,44.92,44.94,44.84,44.9,44707
2013-05-30 11:30:00,44.9,44.905,44.81,44.86,31737
2013-05-30 11:45:00,44.87,45.0,44.87,44.995,25415
2013-05-30 12:00:00,44.99,45.0,44.98,44.98,33119
2013-05-30 12:15:00,44.99,45.01,44.83,44.87,49052
2013-05-30 12:30:00,44.86,44.89,44.84,44.86,20878
2013-05-30 12:45:00,44.86,44.86,44.7201,44.77,28023
2013-05-30 13:00:00,44.77,44.95,44.77,44.94,25026
2013-05-30 13:15:00,44.95,44.975,44.79,44.82,23147
2013-05-30 13:30:00,44.83,44.85,44.795,44.82,16757
2013-05-30 13:45:00,44.83,44.951,44.83,44.95,15675
2013-05-30 14:00:00,44.96,44.99,44.92,44.94,25225
2013-05-30 14:15:00,44.93,44.96,44.9,44.92,23244
2013-05-30 14:30:00,44.9,44.98,44.89,44.98,13727
2013-05-30 14:45:00,44.98,45.0,44.96,44.985,19879
2013-05-30 15:00:00,44.98,45.0,44.94,44.94,23405
2013-05-30 15:15:00,44.94,44.945,44.841,44.841,45993
2013-05-30 15:30:00,44.845,44.85,44.78,44.78,40325
2013-05-30 15:45:00,44.78,44.865,44.72,44.8,63375
2013-05-30 16:00:00,44.8,44.86,44.76,44.83,188446
2013-05-31 09:45:00,44.46,44.85,44.46,44.815,43364
2013-05-31 10:00:00,44.74,44.75,44.44,44.53,284959
2013-05-31 10:15:00,44.595,44.81,44.51,44.51,116999
2013-05-31 10:30:00,44.5,44.765,44.49,44.74,39143
2013-05-31 10:45:00,44.74,44.9,44.68,44.68,98528
2013-05-31 11:00:00,44.68,44.72,44.6,44.64,12904
2013-05-31 11:15:00,44.65,44.91,44.648999999999994,44.84,35445
2013-05-31 11:30:00,44.86,44.96,44.86,44.928999999999995,11836
2013-05-31 11:45:00,44.91,44.9499,44.696000000000005,44.74,31774
2013-05-31 12:00:00,44.72,44.82,44.648999999999994,44.82,25186
2013-05-31 12:15:00,44.82,44.83,44.725,44.79,17451
2013-05-31 12:30:00,44.79,44.97,44.73,44.87,17875
2013-05-31 12:45:00,44.88,44.96,44.86,44.96,8197
2013-05-31 13:00:00,44.95,44.96,44.92,44.95,8196
2013-05-31 13:15:00,44.95,45.02,44.95,44.98,12698
2013-05-31 13:30:00,44.97,44.98,44.93,44.97,8071
2013-05-31 13:45:00,44.96,44.965,44.89,44.9,9611
2013-05-31 14:00:00,44.8962,44.93,44.89,44.92,10626
2013-05-31 14:15:00,44.92,44.92,44.8367,44.85,15293
2013-05-31 14:30:00,44.85,44.94,44.85,44.88,11478
2013-05-31 14:45:00,44.88,44.89,44.77,44.83,13860
2013-05-31 15:00:00,44.84,44.845,44.69,44.7355,22101
2013-05-31 15:15:00,44.74,44.85,44.74,44.83,41246
2013-05-31 15:30:00,44.83,44.87,44.76,44.76,42839
2013-05-31 15:45:00,44.76,44.78,44.62,44.67,57937
2013-05-31 16:00:00,44.67,44.69,44.47,44.47,98306
2013-06-03 09:45:00,44.97,44.98,44.29,44.29,81278
2013-06-03 10:00:00,44.28,44.61,44.24,44.44,51058
2013-06-03 10:15:00,44.43,44.62,44.26,44.551,49689
2013-06-03 10:30:00,44.58,44.68,44.501000000000005,44.58,34418
2013-06-03 10:45:00,44.59,44.625,44.31,44.35,38516
2013-06-03 11:00:00,44.36,44.5,44.27,44.48,52398
2013-06-03 11:15:00,44.49,44.5,44.29,44.33,59430
2013-06-03 11:30:00,44.33,44.35,44.18,44.23,31761
2013-06-03 11:45:00,44.24,44.24,44.1,44.17,49281
2013-06-03 12:00:00,44.18,44.285,44.1463,44.18,18586
2013-06-03 12:15:00,44.18,44.22,44.16,44.19,43241
2013-06-03 12:30:00,44.2,44.2,44.11,44.1755,19704
2013-06-03 12:45:00,44.19,44.21,44.11,44.2,14928
2013-06-03 13:00:00,44.2,44.355,44.2,44.3,15715
2013-06-03 13:15:00,44.29,44.34,44.198,44.32,27810
2013-06-03 13:30:00,44.32,44.39,44.32,44.37,13273
2013-06-03 13:45:00,44.37,44.43,44.37,44.38,18790
2013-06-03 14:00:00,44.39,44.55,44.39,44.39,48089
2013-06-03 14:15:00,44.42,44.5,44.3903,44.48,18209
2013-06-03 14:30:00,44.48,44.53,44.461000000000006,44.47,18216
2013-06-03 14:45:00,44.47,44.6,44.43,44.58,23918
2013-06-03 15:00:00,44.56,44.578,44.5,44.56,29383
2013-06-03 15:15:00,44.56,44.62,44.54,44.61,30272
2013-06-03 15:30:00,44.6,44.675,44.58,44.635,31916
2013-06-03 15:45:00,44.64,44.73,44.6,44.73,49286
2013-06-03 16:00:00,44.73,44.82,44.71,44.81,122042
2013-06-04 09:45:00,44.78,44.98,44.65,44.65,33575
2013-06-04 10:00:00,44.69,44.89,44.69,44.8,105395
2013-06-04 10:15:00,44.79,44.83,44.62,44.7,39490
2013-06-04 10:30:00,44.7,44.75,44.675,44.7,69417
2013-06-04 10:45:00,44.7,44.78,44.66,44.72,100718
2013-06-04 11:00:00,44.72,44.75,44.63,44.66,41119
2013-06-04 11:15:00,44.65,44.65,44.44,44.48,25203
2013-06-04 11:30:00,44.48,44.57,44.475,44.54,23519
2013-06-04 11:45:00,44.54,44.54,44.405,44.52,28028
2013-06-04 12:00:00,44.53,44.534,44.39,44.39,22257
2013-06-04 12:15:00,44.41,44.42,44.26,44.27,27663
2013-06-04 12:30:00,44.275,44.3,44.21,44.29,20204
2013-06-04 12:45:00,44.28,44.41,44.275,44.41,14972
2013-06-04 13:00:00,44.41,44.43,44.32,44.35,26919
2013-06-04 13:15:00,44.35,44.43,44.35,44.41,23518
2013-06-04 13:30:00,44.4,44.4,44.345,44.39,74802
2013-06-04 13:45:00,44.39,44.44,44.28,44.36,34318
2013-06-04 14:00:00,44.37,44.37,44.255,44.29,24584
2013-06-04 14:15:00,44.29,44.29,44.14,44.165,26631
2013-06-04 14:30:00,44.16,44.24,44.16,44.22,21292
2013-06-04 14:45:00,44.23,44.4,44.23,44.37,27210
2013-06-04 15:00:00,44.3625,44.46,44.34,44.4,71564
2013-06-04 15:15:00,44.3993,44.47,44.37,44.4,36449
2013-06-04 15:30:00,44.4,44.44,44.36,44.43,32195
2013-06-04 15:45:00,44.43,44.65,44.43,44.65,62407
2013-06-04 16:00:00,44.66,44.72,44.55,44.65,239235
2013-06-05 09:45:00,44.45,44.63,44.245,44.3,36199
2013-06-05 10:00:00,44.32,44.39,44.245,44.29,38334
2013-06-05 10:15:00,44.3,44.42,44.26,44.32,51168
2013-06-05 10:30:00,44.31,44.41,44.26,44.39,31283
2013-06-05 10:45:00,44.39,44.45,44.36,44.43,11714
2013-06-05 11:00:00,44.43,44.47,44.27,44.32,20098
2013-06-05 11:15:00,44.32,44.349,44.25,44.28,17869
2013-06-05 11:30:00,44.28,44.35,44.27,44.28,10783
2013-06-05 11:45:00,44.26,44.36,44.2,44.3,13140
2013-06-05 12:00:00,44.3,44.34,44.12,44.18,34996
2013-06-05 12:15:00,44.19,44.22,44.17,44.1801,19677
2013-06-05 12:30:00,44.18,44.21,44.16,44.2,10174
2013-06-05 12:45:00,44.19,44.2,44.06,44.12,28868
2013-06-05 13:00:00,44.12,44.14,44.07,44.11,15805
2013-06-05 13:15:00,44.11,44.33,44.07,44.29,15359
2013-06-05 13:30:00,44.28,44.33,44.26,44.27,12519
2013-06-05 13:45:00,44.27,44.35,44.25,44.3349,8113
2013-06-05 14:00:00,44.34,44.345,44.21,44.24,19249
2013-06-05 14:15:00,44.27,44.31,44.19,44.22,16162
2013-06-05 14:30:00,44.22,44.2299,44.15,44.17,29999
2013-06-05 14:45:00,44.15,44.28,44.13,44.28,18026
2013-06-05 15:00:00,44.28,44.32,44.2088,44.29,8908
2013-06-05 15:15:00,44.27,44.27,44.11,44.2,19318
2013-06-05 15:30:00,44.23,44.27,44.15,44.27,18950
2013-06-05 15:45:00,44.2305,44.29,44.15,44.18,17823
2013-06-05 16:00:00,44.18,44.24,44.07,44.1,94826
2013-06-06 09:45:00,44.17,44.25,43.64,44.09,97833
2013-06-06 10:00:00,44.075,44.19,43.915,44.19,37537
2013-06-06 10:15:00,44.18,44.26,43.972,43.972,33693
2013-06-06 10:30:00,43.97,43.985,43.83,43.96,29501
2013-06-06 10:45:00,43.95,44.08,43.95,43.98,25501
2013-06-06 11:00:00,43.97,43.97,43.8,43.93,32094
2013-06-06 11:15:00,43.92,43.92,43.84,43.91,19869
2013-06-06 11:30:00,43.91,43.92,43.82,43.84,33087
2013-06-06 11:45:00,43.8499,43.93,43.83,43.91,22766
2013-06-06 12:00:00,43.92,43.92,43.69,43.74,27157
2013-06-06 12:15:00,43.73,43.74,43.581,43.63,31544
2013-06-06 12:30:00,43.62,43.62,43.46,43.49,35050
2013-06-06 12:45:00,43.51,43.67,43.4898,43.635,22923
2013-06-06 13:00:00,43.63,43.67,43.58,43.6388,28438
2013-06-06 13:15:00,43.621,43.76,43.6,43.74,23501
2013-06-06 13:30:00,43.76,43.785,43.63,43.64,15742
2013-06-06 13:45:00,43.62,43.988,43.62,43.988,40664
2013-06-06 14:00:00,43.985,44.05,43.88,43.92,28849
2013-06-06 14:15:00,43.9299,43.94,43.84,43.89,22944
2013-06-06 14:30:00,43.89,44.0484,43.865,44.0484,24593
2013-06-06 14:45:00,44.05,44.05,43.9,43.93,31468
2013-06-06 15:00:00,43.92,44.02,43.895,43.93,34562
2013-06-06 15:15:00,43.92,43.96,43.85,43.87,31057
2013-06-06 15:30:00,43.86,44.012,43.85,44.0,41934
2013-06-06 15:45:00,44.0,44.055,43.98,43.995,94524
2013-06-06 16:00:00,43.99,44.19,43.98,44.18,187674
2013-06-07 09:45:00,44.64,44.64,44.17,44.185,37523
2013-06-07 10:00:00,44.19,44.72,44.13,44.72,35806
2013-06-07 10:15:00,44.74,44.9,44.68,44.77,33836
2013-06-07 10:30:00,44.79,44.8499,44.71,44.795,52383
2013-06-07 10:45:00,44.8,44.92,44.79,44.92,59162
2013-06-07 11:00:00,44.9101,45.02,44.9101,44.95,36495
2013-06-07 11:15:00,44.968,44.968,44.78,44.78,23479
2013-06-07 11:30:00,44.76,44.86,44.74,44.839,16134
2013-06-07 11:45:00,44.84,44.87,44.78,44.815,21891
2013-06-07 12:00:00,44.81,44.82,44.72,44.8,18045
2013-06-07 12:15:00,44.803999999999995,44.8099,44.67,44.7,15480
2013-06-07 12:30:00,44.7,44.72,44.655,44.72,18019
2013-06-07 12:45:00,44.72,44.725,44.61,44.61,14636
2013-06-07 13:00:00,44.62,44.69,44.595,44.645,15425
2013-06-07 13:15:00,44.65,44.76,44.65,44.73,12197
2013-06-07 13:30:00,44.73,44.78,44.66,44.685,13610
2013-06-07 13:45:00,44.695,44.77,44.695,44.73,19638
2013-06-07 14:00:00,44.73,44.75899999999999,44.675,44.675,18964
2013-06-07 14:15:00,44.67,44.7,44.61,44.63,28343
2013-06-07 14:30:00,44.63,44.68,44.55,44.61,41255
2013-06-07 14:45:00,44.62,44.78,44.58,44.78,37992
2013-06-07 15:00:00,44.785,44.86,44.765,44.86,43276
2013-06-07 15:15:00,44.85,44.87,44.74,44.78,59456
2013-06-07 15:30:00,44.76,44.84,44.76,44.82,28646
2013-06-07 15:45:00,44.82,44.86,44.77,44.86,41654
2013-06-07 16:00:00,44.87,45.04,44.86,44.99,160384
2013-06-10 09:45:00,44.99,44.99,44.78,44.87,49734
2013-06-10 10:00:00,44.82,44.96,44.81,44.91,58104
2013-06-10 10:15:00,44.91,44.99,44.863,44.91,35088
2013-06-10 10:30:00,44.9115,45.08,44.91,45.07,47007
2013-06-10 10:45:00,45.07,45.08,44.94,45.0,47433
2013-06-10 11:00:00,45.01,45.06,44.94,44.99,24968
2013-06-10 11:15:00,44.99,45.12,44.99,45.02,33239
2013-06-10 11:30:00,45.02,45.08,44.93,44.93,30671
2013-06-10 11:45:00,44.93,44.99,44.92,44.99,15279
2013-06-10 12:00:00,44.99,45.06,44.95,44.96,34301
2013-06-10 12:15:00,44.96,45.005,44.95,44.96,9460
2013-06-10 12:30:00,44.965,44.99,44.93,44.94,13672
2013-06-10 12:45:00,44.94,44.94,44.81,44.83,24104
2013-06-10 13:00:00,44.84,44.86,44.78,44.79,20938
2013-06-10 13:15:00,44.78,44.82,44.77,44.8,22789
2013-06-10 13:30:00,44.8,44.92,44.8,44.86,27207
2013-06-10 13:45:00,44.84,44.85,44.79,44.8,22427
2013-06-10 14:00:00,44.8,44.8099,44.75,44.765,15738
2013-06-10 14:15:00,44.75,44.76,44.64,44.6501,23662
2013-06-10 14:30:00,44.65,44.73,44.6,44.72,31147
2013-06-10 14:45:00,44.72,44.7745,44.6555,44.6606,17130
2013-06-10 15:00:00,44.66,44.73,44.65,44.71,25693
2013-06-10 15:15:00,44.7,44.73,44.66,44.667,22669
2013-06-10 15:30:00,44.66,44.68,44.59,44.62,46875
2013-06-10 15:45:00,44.61,44.66,44.61,44.641000000000005,30125
2013-06-10 16:00:00,44.65,44.65,44.51,44.58,98903
2013-06-11 09:45:00,44.32,44.41,43.88,44.08,51356
2013-06-11 10:00:00,44.08,44.15,43.94,43.94,34980
2013-06-11 10:15:00,43.96,44.0,43.77,43.78,47749
2013-06-11 10:30:00,43.79,44.125,43.77,44.08,31472
2013-06-11 10:45:00,44.1,44.29,44.1,44.28,29602
2013-06-11 11:00:00,44.28,44.36,44.21,44.31,33946
2013-06-11 11:15:00,44.31,44.38,44.22,44.354,28005
2013-06-11 11:30:00,44.35,44.5,44.32,44.48,24463
2013-06-11 11:45:00,44.46,44.59,44.39,44.45,38712
2013-06-11 12:00:00,44.45,44.48,44.33,44.356,18728
2013-06-11 12:15:00,44.36,44.6,44.34,44.59,58897
2013-06-11 12:30:00,44.59,44.59,44.45,44.55,31273
2013-06-11 12:45:00,44.55,44.59,44.5,44.58,16137
2013-06-11 13:00:00,44.58,44.62,44.54,44.56,15536
2013-06-11 13:15:00,44.56,44.7,44.56,44.68899999999999,21836
2013-06-11 13:30:00,44.685,44.74,44.66,44.713,48910
2013-06-11 13:45:00,44.715,44.725,44.655,44.69,63047
2013-06-11 14:00:00,44.681999999999995,44.725,44.61,44.61,40946
2013-06-11 14:15:00,44.615,44.76,44.6,44.75,48108
2013-06-11 14:30:00,44.75,44.785,44.73,44.765,27533
2013-06-11 14:45:00,44.77,44.85,44.745,44.81,49109
2013-06-11 15:00:00,44.8,44.84,44.76,44.79,41341
2013-06-11 15:15:00,44.8,44.8214,44.72,44.77,29769
2013-06-11 15:30:00,44.78,44.86,44.75,44.761,44042
2013-06-11 15:45:00,44.765,44.765,44.7001,44.715,71446
2013-06-11 16:00:00,44.715,44.745,44.67,44.7,184472
2013-06-12 09:45:00,44.9,44.99,44.68,44.68,56018
2013-06-12 10:00:00,44.685,44.77,44.66,44.71,48314
2013-06-12 10:15:00,44.695,44.695,44.6,44.66,48934
2013-06-12 10:30:00,44.655,44.7,44.62,44.7,34530
2013-06-12 10:45:00,44.685,44.7,44.61,44.7,38902
2013-06-12 11:00:00,44.67,44.67,44.49,44.5302,24977
2013-06-12 11:15:00,44.54,44.56,44.53,44.54,34879
2013-06-12 11:30:00,44.56,44.65,44.53,44.58,19871
2013-06-12 11:45:00,44.565,44.67,44.515,44.59,27992
2013-06-12 12:00:00,44.585,44.585,44.45,44.54,38991
2013-06-12 12:15:00,44.535,44.54,44.21,44.21,35217
2013-06-12 12:30:00,44.22,44.235,44.14,44.19,32660
2013-06-12 12:45:00,44.18,44.248999999999995,44.11,44.22,20593
2013-06-12 13:00:00,44.19,44.26,44.17,44.23,18975
2013-06-12 13:15:00,44.23,44.34,44.21,44.29,14237
2013-06-12 13:30:00,44.29,44.295,44.17,44.22,17199
2013-06-12 13:45:00,44.21,44.22,44.12,44.2,13200
2013-06-12 14:00:00,44.2012,44.275,44.2,44.23,17761
2013-06-12 14:15:00,44.23,44.23,44.01,44.018,20092
2013-06-12 14:30:00,44.01,44.13,43.99,44.11,17641
2013-06-12 14:45:00,44.1,44.13,44.05,44.05,21516
2013-06-12 15:00:00,44.05,44.1,44.0055,44.06,21551
2013-06-12 15:15:00,44.05,44.071999999999996,43.98,44.065,31692
2013-06-12 15:30:00,44.06,44.06,43.92,43.95,58139
2013-06-12 15:45:00,43.97,43.97,43.85,43.85,57693
2013-06-12 16:00:00,43.86,43.9,43.8,43.81,138594
2013-06-13 09:45:00,43.89,43.89,43.73,43.79,28333
2013-06-13 10:00:00,43.75,43.95,43.75,43.9184,29452
2013-06-13 10:15:00,43.85,43.94,43.82,43.88,18277
2013-06-13 10:30:00,43.89,44.0,43.89,43.99,12212
2013-06-13 10:45:00,44.02,44.04,43.96,44.04,9500
2013-06-13 11:00:00,44.0495,44.1,43.96,43.99,13700
2013-06-13 11:15:00,44.02,44.08,43.92,43.92,23951
2013-06-13 11:30:00,43.925,43.925,43.84,43.89,27726
2013-06-13 11:45:00,43.885,43.89,43.83,43.85,19537
2013-06-13 12:00:00,43.86,43.86,43.78,43.79,21072
2013-06-13 12:15:00,43.8,43.9,43.8,43.82,17076
2013-06-13 12:30:00,43.82,43.85,43.8,43.8,13742
2013-06-13 12:45:00,43.81,43.98,43.81,43.98,25450
2013-06-13 13:00:00,43.99,44.23,43.99,44.14,24447
2013-06-13 13:15:00,44.13,44.14,44.04,44.08,15143
2013-06-13 13:30:00,44.07,44.16,44.07,44.16,13015
2013-06-13 13:45:00,44.16,44.17,44.06,44.1,10511
2013-06-13 14:00:00,44.09,44.16,44.09,44.12,16526
2013-06-13 14:15:00,44.125,44.21,44.125,44.17,19734
2013-06-13 14:30:00,44.18,44.29,44.17,44.22,18897
2013-06-13 14:45:00,44.22,44.25,44.18,44.18,19493
2013-06-13 15:00:00,44.16,44.235,44.14,44.22,27356
2013-06-13 15:15:00,44.22,44.3,44.22,44.3,24989
2013-06-13 15:30:00,44.3,44.32,44.185,44.21,40203
2013-06-13 15:45:00,44.22,44.33,44.155,44.33,49057
2013-06-13 16:00:00,44.34,44.44,44.27,44.32,153084
2013-06-14 09:45:00,44.39,44.45,44.14,44.38,47293
2013-06-14 10:00:00,44.39,44.44,44.3,44.42,19614
2013-06-14 10:15:00,44.41,44.58,44.41,44.56,24830
2013-06-14 10:30:00,44.5745,44.64,44.52,44.59,20248
2013-06-14 10:45:00,44.59,44.62,44.48,44.515,26676
2013-06-14 11:00:00,44.52,44.52,44.22,44.27,29359
2013-06-14 11:15:00,44.255,44.29,44.2,44.27,15251
2013-06-14 11:30:00,44.26,44.33,44.21,44.32,53334
2013-06-14 11:45:00,44.31,44.47,44.25,44.32,21743
2013-06-14 12:00:00,44.315,44.57,44.3,44.5668,25022
2013-06-14 12:15:00,44.53,44.54,44.4,44.44,16066
2013-06-14 12:30:00,44.45,44.5,44.43,44.47,9981
2013-06-14 12:45:00,44.46,44.57,44.46,44.52,12030
2013-06-14 13:00:00,44.53,44.55,44.44,44.45,39854
2013-06-14 13:15:00,44.42,44.42,44.37,44.4,14116
2013-06-14 13:30:00,44.4,44.4,44.22,44.24,17909
2013-06-14 13:45:00,44.24,44.3,44.21,44.24,17938
2013-06-14 14:00:00,44.25,44.28,44.21,44.24,17740
2013-06-14 14:15:00,44.23,44.27,44.18,44.24,20849
2013-06-14 14:30:00,44.2449,44.36,44.24,44.33,33374
2013-06-14 14:45:00,44.32,44.32,44.26,44.27,21697
2013-06-14 15:00:00,44.27,44.28,44.11,44.12,25014
2013-06-14 15:15:00,44.12,44.23,44.105,44.23,33977
2013-06-14 15:30:00,44.23,44.26,44.12,44.12,44517
2013-06-14 15:45:00,44.12,44.17,44.0,44.0105,49966
2013-06-14 16:00:00,44.03,44.13,44.01,44.08,91323
2013-06-17 09:45:00,44.24,44.6,44.2201,44.51,43737
2013-06-17 10:00:00,44.51,44.89,44.51,44.79,94733
2013-06-17 10:15:00,44.76,44.91,44.76,44.87,61266
2013-06-17 10:30:00,44.86,44.875,44.74,44.805,38669
2013-06-17 10:45:00,44.81,44.81,44.65,44.68,34579
2013-06-17 11:00:00,44.68,44.71,44.585,44.59,32506
2013-06-17 11:15:00,44.59,44.66,44.54,44.61,35712
2013-06-17 11:30:00,44.59,44.6,44.51,44.58,18325
2013-06-17 11:45:00,44.57,44.57,44.45,44.478,11300
2013-06-17 12:00:00,44.4601,44.479,44.41,44.43,19170
2013-06-17 12:15:00,44.4225,44.425,44.355,44.3599,15605
2013-06-17 12:30:00,44.36,44.37,44.315,44.315,12447
2013-06-17 12:45:00,44.31399999999999,44.4,44.31,44.4,13445
2013-06-17 13:00:00,44.41,44.5,44.39,44.49,14885
2013-06-17 13:15:00,44.49,44.5,44.395,44.41,12291
2013-06-17 13:30:00,44.403999999999996,44.538000000000004,44.4,44.53,18648
2013-06-17 13:45:00,44.528999999999996,44.61,44.52,44.605,20580
2013-06-17 14:00:00,44.61,44.61,44.47,44.48,22428
2013-06-17 14:15:00,44.48,44.49,44.31,44.325,24956
2013-06-17 14:30:00,44.325,44.375,44.31,44.345,51103
2013-06-17 14:45:00,44.3532,44.41,44.315,44.34,30563
2013-06-17 15:00:00,44.33,44.335,44.28,44.3,78878
2013-06-17 15:15:00,44.29,44.34,44.25,44.27,57180
2013-06-17 15:30:00,44.26,44.26,44.115,44.16,38948
2013-06-17 15:45:00,44.16,44.29,44.155,44.25,50480
2013-06-17 16:00:00,44.25,44.33,44.205,44.31,112946
2013-06-18 09:45:00,44.38,44.54,44.365,44.44,23332
2013-06-18 10:00:00,44.44,44.52,44.41,44.41,19961
2013-06-18 10:15:00,44.43,44.48,44.4,44.41,24521
2013-06-18 10:30:00,44.41,44.46,44.41,44.41,11853
2013-06-18 10:45:00,44.42,44.48,44.41,44.48,10363
2013-06-18 11:00:00,44.48,44.52,44.45,44.5055,20135
2013-06-18 11:15:00,44.51,44.66,44.5,44.66,8842
2013-06-18 11:30:00,44.66,44.68,44.6,44.65,7006
2013-06-18 11:45:00,44.68,44.71,44.66,44.67,5521
2013-06-18 12:00:00,44.65,44.6639,44.61,44.64,6941
2013-06-18 12:15:00,44.65,44.68,44.64,44.66,6201
2013-06-18 12:30:00,44.67,44.7,44.61,44.61,6250
2013-06-18 12:45:00,44.61600000000001,44.715,44.61,44.7,8570
2013-06-18 13:00:00,44.7,44.79,44.69,44.78,8750
2013-06-18 13:15:00,44.77,44.8,44.75,44.79,9112
2013-06-18 13:30:00,44.8,44.855,44.77,44.83,16353
2013-06-18 13:45:00,44.83,44.83,44.77,44.83,12274
2013-06-18 14:00:00,44.83,44.87,44.81399999999999,44.84,11312
2013-06-18 14:15:00,44.84,44.84,44.8,44.81,13153
2013-06-18 14:30:00,44.81,44.82,44.715,44.72,13121
2013-06-18 14:45:00,44.73,44.74,44.7,44.71,15228
2013-06-18 15:00:00,44.72,44.74,44.705,44.72,15369
2013-06-18 15:15:00,44.7,44.71,44.63,44.68,20864
2013-06-18 15:30:00,44.67,44.71,44.65,44.71,19872
2013-06-18 15:45:00,44.7,44.71,44.66,44.665,24268
2013-06-18 16:00:00,44.67,44.75,44.66,44.75,67935
2013-06-19 09:45:00,44.58,44.83,44.58,44.7625,25220
2013-06-19 10:00:00,44.78,44.99,44.73,44.99,25060
2013-06-19 10:15:00,44.97,45.05,44.93,45.01,34676
2013-06-19 10:30:00,45.02,45.09,44.99,44.99,16516
2013-06-19 10:45:00,45.0,45.05,44.98,45.02,8945
2013-06-19 11:00:00,45.02,45.03,44.95,44.965,15731
2013-06-19 11:15:00,44.98,45.02,44.93,45.02,24579
2013-06-19 11:30:00,45.02,45.053999999999995,44.92,44.94,22719
2013-06-19 11:45:00,44.94,45.02,44.92,44.99,13682
2013-06-19 12:00:00,45.0,45.07,45.0,45.041000000000004,67060
2013-06-19 12:15:00,45.04,45.05,44.98,45.0,26049
2013-06-19 12:30:00,45.01,45.06,44.985,45.06,17391
2013-06-19 12:45:00,45.04,45.13,45.02,45.13,21039
2013-06-19 13:00:00,45.14,45.19,45.12,45.12,14242
2013-06-19 13:15:00,45.12,45.21,45.1,45.163999999999994,25521
2013-06-19 13:30:00,45.16,45.22,45.14,45.19,22032
2013-06-19 13:45:00,45.18,45.2,45.16,45.2,16761
2013-06-19 14:00:00,45.19,45.2624,45.19,45.24,34156
2013-06-19 14:15:00,45.25,45.29,45.05,45.25,42702
2013-06-19 14:30:00,45.25,45.31,45.14,45.26,38197
2013-06-19 14:45:00,45.24,45.3299,45.09,45.23,53223
2013-06-19 15:00:00,45.23,45.23,44.88,44.91,41778
2013-06-19 15:15:00,44.9,45.0,44.84,44.95,37942
2013-06-19 15:30:00,44.96,45.0,44.89,44.92,101961
2013-06-19 15:45:00,44.93,44.96,44.89,44.9,88641
2013-06-19 16:00:00,44.905,44.92,44.85,44.88,279983
2013-06-20 09:45:00,44.45,44.46,44.32,44.45,84240
2013-06-20 10:00:00,44.46,44.55,44.35,44.4,17114
2013-06-20 10:15:00,44.42,44.48,44.285,44.4,68166
2013-06-20 10:30:00,44.41,44.41,44.28,44.35,58327
2013-06-20 10:45:00,44.35,44.41,44.32,44.39,51171
2013-06-20 11:00:00,44.39,44.5299,44.38,44.42,28423
2013-06-20 11:15:00,44.4,44.46,44.34,44.37,45633
2013-06-20 11:30:00,44.36,44.41,44.34,44.37,28892
2013-06-20 11:45:00,44.39,44.45,44.37,44.41,17318
2013-06-20 12:00:00,44.41,44.45,44.37,44.37,11507
2013-06-20 12:15:00,44.38,44.48,44.37,44.46,26844
2013-06-20 12:30:00,44.46,44.46,44.38,44.41,9838
2013-06-20 12:45:00,44.41,44.46,44.37,44.4,15852
2013-06-20 13:00:00,44.4,44.45,44.39,44.43,20634
2013-06-20 13:15:00,44.43,44.48,44.4,44.45,52949
2013-06-20 13:30:00,44.45,44.46,44.39,44.44,20548
2013-06-20 13:45:00,44.44,44.495,44.4,44.45,21154
2013-06-20 14:00:00,44.47,44.52,44.441,44.5,30247
2013-06-20 14:15:00,44.49,44.49,44.42,44.48,36354
2013-06-20 14:30:00,44.47,44.5,44.4,44.405,55584
2013-06-20 14:45:00,44.39,44.415,44.28,44.33,44373
2013-06-20 15:00:00,44.33,44.38,44.1,44.12,47403
2013-06-20 15:15:00,44.11,44.14,44.03,44.055,39366
2013-06-20 15:30:00,44.05,44.06,43.87,43.89,44093
2013-06-20 15:45:00,43.89,43.895,43.73,43.76,67767
2013-06-20 16:00:00,43.76,43.91,43.73,43.81,111145
2013-06-21 09:45:00,44.14,44.47,43.99,44.135,203852
2013-06-21 10:00:00,44.14,44.22,44.01,44.18,71730
2013-06-21 10:15:00,44.16,44.275,43.96,44.03,90376
2013-06-21 10:30:00,44.025,44.03,43.9,43.99,19957
2013-06-21 10:45:00,43.99,44.01,43.87,43.9399,21593
2013-06-21 11:00:00,43.94,44.07,43.93,44.02,35984
2013-06-21 11:15:00,44.01,44.09,44.01,44.01,37932
2013-06-21 11:30:00,44.015,44.09,44.0,44.03,31433
2013-06-21 11:45:00,44.01,44.06,43.85,43.86,84362
2013-06-21 12:00:00,43.87,43.94,43.86,43.88,59260
2013-06-21 12:15:00,43.88,44.0,43.87,43.96,24238
2013-06-21 12:30:00,43.946000000000005,43.95,43.871,43.9,23701
2013-06-21 12:45:00,43.92,43.97,43.89,43.965,26793
2013-06-21 13:00:00,43.96,44.22,43.95,44.16,193018
2013-06-21 13:15:00,44.17,44.4368,44.09,44.4299,81991
2013-06-21 13:30:00,44.4268,44.54,44.31,44.35,25374
2013-06-21 13:45:00,44.3212,44.42,44.3,44.37,25941
2013-06-21 14:00:00,44.36,44.39,44.19,44.23,29598
2013-06-21 14:15:00,44.2101,44.23,44.01,44.18,31173
2013-06-21 14:30:00,44.18,44.21,44.02,44.09,31650
2013-06-21 14:45:00,44.08,44.14,44.05,44.07,33330
2013-06-21 15:00:00,44.08,44.215,44.08,44.2,40858
2013-06-21 15:15:00,44.21,44.37,44.18,44.32,34315
2013-06-21 15:30:00,44.31,44.395,44.3,44.38,44545
2013-06-21 15:45:00,44.38,44.39,44.26,44.27,54648
2013-06-21 16:00:00,44.27,44.35,44.2,44.34,196754
2013-06-24 09:45:00,44.17,44.17,43.82,44.02,36109
2013-06-24 10:00:00,44.01,44.05,43.78,43.85,33272
2013-06-24 10:15:00,43.81,43.97,43.685,43.95,33471
2013-06-24 10:30:00,43.94,43.99,43.87,43.94,43859
2013-06-24 10:45:00,43.93,43.99,43.86,43.885,34783
2013-06-24 11:00:00,43.87,43.915,43.8,43.88,26342
2013-06-24 11:15:00,43.886,43.93,43.79,43.8,39431
2013-06-24 11:30:00,43.82,43.835,43.75,43.75,36702
2013-06-24 11:45:00,43.74,43.85,43.74,43.82,32702
2013-06-24 12:00:00,43.81,43.95,43.79,43.945,24068
2013-06-24 12:15:00,43.94,43.99,43.86,43.89,27988
2013-06-24 12:30:00,43.87,43.98,43.85,43.96,44614
2013-06-24 12:45:00,43.95,44.04,43.94,44.03,21574
2013-06-24 13:00:00,44.05,44.05,43.9101,44.03,11981
2013-06-24 13:15:00,44.03,44.03,43.93,44.0,13514
2013-06-24 13:30:00,44.015,44.07,43.9,43.96,19994
2013-06-24 13:45:00,43.965,44.05,43.92,44.05,12598
2013-06-24 14:00:00,44.05,44.05,43.89,43.94,16305
2013-06-24 14:15:00,43.95,44.15,43.91,44.05,24587
2013-06-24 14:30:00,44.04,44.17,44.04,44.15,29124
2013-06-24 14:45:00,44.15,44.21,44.1,44.16,25357
2013-06-24 15:00:00,44.16,44.21,44.03,44.06,19809
2013-06-24 15:15:00,44.04,44.13,44.03,44.06,27375
2013-06-24 15:30:00,44.03,44.055,43.98,44.015,36631
2013-06-24 15:45:00,43.99,44.085,43.97,44.005,38532
2013-06-24 16:00:00,44.0,44.01,43.85,43.85,108898
2013-06-25 09:45:00,44.05,44.25899999999999,43.91,44.09,26708
2013-06-25 10:00:00,44.09,44.1,43.84,43.85,22026
2013-06-25 10:15:00,43.84,43.9,43.64,43.88,28927
2013-06-25 10:30:00,43.89,43.915,43.75,43.88,21079
2013-06-25 10:45:00,43.89,43.96,43.84,43.86,18246
2013-06-25 11:00:00,43.87,44.1,43.87,44.1,68088
2013-06-25 11:15:00,44.11,44.21,44.075,44.2,18300
2013-06-25 11:30:00,44.18,44.2,44.03,44.09,26963
2013-06-25 11:45:00,44.12,44.19,44.12,44.13,17811
2013-06-25 12:00:00,44.14,44.14,44.04,44.12,36214
2013-06-25 12:15:00,44.13,44.13,44.08,44.12,25788
2013-06-25 12:30:00,44.11,44.12,44.06,44.09,28435
2013-06-25 12:45:00,44.095,44.125,44.06,44.11,32245
2013-06-25 13:00:00,44.11,44.12,44.056000000000004,44.07,15211
2013-06-25 13:15:00,44.08,44.14,44.05,44.07,24992
2013-06-25 13:30:00,44.07,44.07,43.925,43.99,17720
2013-06-25 13:45:00,43.99,44.12,43.95,44.06,121200
2013-06-25 14:00:00,44.07,44.0905,43.93,43.95,156525
2013-06-25 14:15:00,43.95,44.0,43.9,44.0,30352
2013-06-25 14:30:00,44.0,44.05,43.975,43.985,20951
2013-06-25 14:45:00,43.99,44.0199,43.97,43.99,39082
2013-06-25 15:00:00,43.99,44.01,43.83,43.845,48077
2013-06-25 15:15:00,43.84,43.88,43.795,43.8,31469
2013-06-25 15:30:00,43.8,43.87,43.8,43.87,26307
2013-06-25 15:45:00,43.88,44.0,43.86,43.99,50955
2013-06-25 16:00:00,43.98,44.0,43.92,43.99,101300
2013-06-26 09:45:00,44.45,44.59,44.19,44.25,38246
2013-06-26 10:00:00,44.25,44.32,44.13,44.28,30085
2013-06-26 10:15:00,44.3,44.34,44.03,44.1,53979
2013-06-26 10:30:00,44.1,44.16,44.0212,44.0212,37529
2013-06-26 10:45:00,44.03,44.05,43.89,43.89,29931
2013-06-26 11:00:00,43.9,43.905,43.8,43.85,32499
2013-06-26 11:15:00,43.86,44.18,43.82,44.17,81421
2013-06-26 11:30:00,44.16,44.18,44.02,44.08,45283
2013-06-26 11:45:00,44.08,44.15,44.04,44.14,37478
2013-06-26 12:00:00,44.16,44.2,44.115,44.15,16694
2013-06-26 12:15:00,44.15,44.18,44.09,44.15,34258
2013-06-26 12:30:00,44.16,44.18,44.095,44.14,17681
2013-06-26 12:45:00,44.135,44.16,44.095,44.095,23307
2013-06-26 13:00:00,44.09,44.15,44.07,44.145,15304
2013-06-26 13:15:00,44.15,44.24,44.075,44.24,115338
2013-06-26 13:30:00,44.23,44.24,44.15,44.16,28574
2013-06-26 13:45:00,44.18,44.185,44.095,44.13,27185
2013-06-26 14:00:00,44.1299,44.175,44.12,44.14,34345
2013-06-26 14:15:00,44.15,44.16,44.035,44.09,26497
2013-06-26 14:30:00,44.1,44.175,44.1,44.15,26795
2013-06-26 14:45:00,44.1502,44.18,44.11,44.13,39967
2013-06-26 15:00:00,44.135,44.15,44.07,44.07,32535
2013-06-26 15:15:00,44.07,44.12,44.07,44.1,40736
2013-06-26 15:30:00,44.1,44.13,44.1,44.12,58237
2013-06-26 15:45:00,44.12,44.135,44.08,44.12,49784
2013-06-26 16:00:00,44.1,44.155,44.08,44.13,102317
2013-06-27 09:45:00,44.25,44.73,44.16,44.45,37230
2013-06-27 10:00:00,44.44,44.6,44.44,44.5,37695
2013-06-27 10:15:00,44.5,44.53,44.32,44.39,29578
2013-06-27 10:30:00,44.39,44.4,44.26,44.28,33905
2013-06-27 10:45:00,44.28,44.32,44.24,44.26,27154
2013-06-27 11:00:00,44.26,44.27,44.165,44.175,35744
2013-06-27 11:15:00,44.18,44.36,44.18,44.26,23265
2013-06-27 11:30:00,44.27,44.32,44.24,44.2555,31386
2013-06-27 11:45:00,44.25,44.3,44.25,44.3,19383
2013-06-27 12:00:00,44.3,44.38,44.284,44.375,21554
2013-06-27 12:15:00,44.375,44.38,44.31,44.34,14676
2013-06-27 12:30:00,44.335,44.345,44.2,44.21,24037
2013-06-27 12:45:00,44.22,44.26,44.22,44.2575,36316
2013-06-27 13:00:00,44.25,44.28,44.24,44.27,28802
2013-06-27 13:15:00,44.28,44.33,44.27,44.31,24770
2013-06-27 13:30:00,44.33,44.57,44.33,44.57,13131
2013-06-27 13:45:00,44.58,44.63,44.56,44.63,12600
2013-06-27 14:00:00,44.63,44.66,44.53,44.53,11100
2013-06-27 14:15:00,44.53,44.61,44.49100000000001,44.61,17640
2013-06-27 14:30:00,44.6,44.67,44.53,44.56,25803
2013-06-27 14:45:00,44.55,44.59,44.45,44.45,31088
2013-06-27 15:00:00,44.45,44.55,44.44,44.55,19078
2013-06-27 15:15:00,44.55,44.66,44.54,44.66,17900
2013-06-27 15:30:00,44.66,44.74,44.65,44.7399,20856
2013-06-27 15:45:00,44.74,44.7403,44.59,44.6399,47256
2013-06-27 16:00:00,44.64,44.645,44.58,44.63,74083
2013-06-28 09:45:00,44.69,44.69,44.47,44.495,35846
2013-06-28 10:00:00,44.51,44.7,44.36,44.58,34277
2013-06-28 10:15:00,44.57,44.76,44.57,44.68,44924
2013-06-28 10:30:00,44.71,44.8901,44.66,44.88,63737
2013-06-28 10:45:00,44.88,45.01,44.88,44.94,11350
2013-06-28 11:00:00,44.93,45.06,44.895,45.0,11854
2013-06-28 11:15:00,45.01,45.02,44.94,44.95,14920
2013-06-28 11:30:00,44.97,45.04,44.97,44.97,13222
2013-06-28 11:45:00,44.98,45.05,44.95,44.985,44135
2013-06-28 12:00:00,44.9801,45.01,44.95,44.96,8822
2013-06-28 12:15:00,44.975,45.0,44.9,45.0,16598
2013-06-28 12:30:00,44.99,45.02,44.93,45.02,10387
2013-06-28 12:45:00,45.02,45.02,44.96,45.0,16453
2013-06-28 13:00:00,45.0,45.01,44.97,44.97,8512
2013-06-28 13:15:00,44.97,45.02,44.93,45.02,19032
2013-06-28 13:30:00,45.04,45.09,45.04,45.08,13582
2013-06-28 13:45:00,45.09,45.1,45.01,45.04,14906
2013-06-28 14:00:00,45.04,45.1,45.0,45.075,15464
2013-06-28 14:15:00,45.07,45.12,45.07,45.08,17868
2013-06-28 14:30:00,45.08,45.11,45.07,45.1,15109
2013-06-28 14:45:00,45.1,45.24,45.1,45.16,15611
2013-06-28 15:00:00,45.175,45.175,45.06,45.0967,19700
2013-06-28 15:15:00,45.09,45.095,45.0,45.04,46526
2013-06-28 15:30:00,45.045,45.1275,45.045,45.08,26444
2013-06-28 15:45:00,45.09,45.12,45.055,45.07,39363
2013-06-28 16:00:00,45.065,45.07,44.82,44.85,267310
2013-07-01 09:45:00,44.95,45.29,44.77,45.05,39828
2013-07-01 10:00:00,45.01,45.45,45.01,45.25,26550
2013-07-01 10:15:00,45.25,45.47,45.23,45.435,83817
2013-07-01 10:30:00,45.44,45.59,45.44,45.57,34502
2013-07-01 10:45:00,45.58,45.58,45.36,45.36,7453
2013-07-01 11:00:00,45.37,45.47,45.28,45.426,20586
2013-07-01 11:15:00,45.41,45.51,45.4,45.42,32214
2013-07-01 11:30:00,45.425,45.45,45.41,45.42,33710
2013-07-01 11:45:00,45.43,45.46,45.41,45.44,25991
2013-07-01 12:00:00,45.45,45.61,45.45,45.59,18897
2013-07-01 12:15:00,45.6,45.67,45.55,45.55,41404
2013-07-01 12:30:00,45.55,45.66,45.55,45.58,16887
2013-07-01 12:45:00,45.58,45.61,45.56,45.6,14459
2013-07-01 13:00:00,45.6,45.72,45.6,45.72,42070
2013-07-01 13:15:00,45.71,45.74,45.6569,45.6763,16346
2013-07-01 13:30:00,45.675,45.74,45.675,45.6858,29406
2013-07-01 13:45:00,45.68,45.7,45.62,45.63,19603
2013-07-01 14:00:00,45.62,45.67,45.55,45.55,57316
2013-07-01 14:15:00,45.55,45.65,45.545,45.64,23395
2013-07-01 14:30:00,45.635,45.69,45.62,45.69,105686
2013-07-01 14:45:00,45.68,45.7,45.6535,45.7,30049
2013-07-01 15:00:00,45.71,45.72,45.66,45.67,19074
2013-07-01 15:15:00,45.68,45.705,45.62,45.7,32219
2013-07-01 15:30:00,45.7,45.76,45.66,45.67,119181
2013-07-01 15:45:00,45.67,45.67,45.53,45.6,85814
2013-07-01 16:00:00,45.6,45.74,45.6,45.71,210530
2013-07-02 09:45:00,45.6,46.0,45.51,45.88,34793
2013-07-02 10:00:00,45.89,45.92,45.72,45.72,16614
2013-07-02 10:15:00,45.73,45.8,45.63,45.73,28991
2013-07-02 10:30:00,45.73,45.87,45.64,45.87,15136
2013-07-02 10:45:00,45.86,45.95,45.72,45.92,18001
2013-07-02 11:00:00,45.94,46.0,45.8425,46.0,19930
2013-07-02 11:15:00,45.99,45.99,45.89,45.95,19616
2013-07-02 11:30:00,45.95,46.02,45.86,45.9,25677
2013-07-02 11:45:00,45.895,45.94,45.89,45.94,21944
2013-07-02 12:00:00,45.945,45.99,45.81,45.8599,34174
2013-07-02 12:15:00,45.86,45.97,45.86,45.92,14782
2013-07-02 12:30:00,45.91,45.975,45.91,45.9449,16037
2013-07-02 12:45:00,45.95,46.0,45.92100000000001,45.96,70451
2013-07-02 13:00:00,45.96,46.03,45.92,46.0299,23765
2013-07-02 13:15:00,46.025,46.08,46.02,46.04,27397
2013-07-02 13:30:00,46.02,46.04,45.915,45.93,18145
2013-07-02 13:45:00,45.933,45.97,45.83,45.86,15785
2013-07-02 14:00:00,45.851000000000006,45.9,45.83,45.89,29051
2013-07-02 14:15:00,45.885,45.9,45.81,45.83,32113
2013-07-02 14:30:00,45.825,45.84,45.7401,45.8,43028
2013-07-02 14:45:00,45.79,45.82,45.75,45.78,40421
2013-07-02 15:00:00,45.77,45.89,45.74,45.86,39988
2013-07-02 15:15:00,45.85,45.94,45.85,45.935,85463
2013-07-02 15:30:00,45.94,45.96,45.82,45.85,43615
2013-07-02 15:45:00,45.845,45.85,45.8,45.8103,62003
2013-07-02 16:00:00,45.82,45.93,45.81,45.89,113357
2013-07-03 09:45:00,45.8,46.06,45.63,46.035,43077
2013-07-03 10:00:00,46.035,46.13,45.8901,45.97,19879
2013-07-03 10:15:00,45.95,46.03,45.89,45.94,19445
2013-07-03 10:30:00,45.95,46.015,45.92,46.015,16211
2013-07-03 10:45:00,46.02,46.03,45.92,45.99,15141
2013-07-03 11:00:00,45.99,46.01,45.93,46.0,17715
2013-07-03 11:15:00,45.99,46.055,45.97,46.05,12152
2013-07-03 11:30:00,46.055,46.155,46.0327,46.15,21603
2013-07-03 11:45:00,46.15,46.2,46.08,46.13,32858
2013-07-03 12:00:00,46.135,46.17,46.11,46.15,66139
2013-07-03 12:15:00,46.16,46.166000000000004,46.075,46.08,36263
2013-07-03 12:30:00,46.0899,46.185,46.08,46.165,22738
2013-07-03 12:45:00,46.17,46.195,46.02,46.02,28903
2013-07-03 13:00:00,46.03,46.075,46.0,46.04,70533
2013-07-03 13:15:00,46.03,46.0448,46.03,46.0448,81909
2013-07-03 13:30:00,46.03,46.03,46.03,46.03,704
2013-07-05 09:45:00,46.41,46.48,46.26,46.3,26590
2013-07-05 10:00:00,46.32,46.5,46.03,46.04,23987
2013-07-05 10:15:00,46.07,46.2,46.02,46.12,21598
2013-07-05 10:30:00,46.11,46.11,45.842,46.0,24216
2013-07-05 10:45:00,46.03,46.24,46.0,46.24,14409
2013-07-05 11:00:00,46.22,46.29,46.17,46.28,11990
2013-07-05 11:15:00,46.28,46.28,46.19,46.21,13505
2013-07-05 11:30:00,46.21,46.23,46.16,46.16,18802
2013-07-05 11:45:00,46.14,46.15,46.05,46.08,13265
2013-07-05 12:00:00,46.06,46.23,46.03,46.19,18165
2013-07-05 12:15:00,46.21,46.34,46.2,46.3,17275
2013-07-05 12:30:00,46.3001,46.35,46.29,46.3,19956
2013-07-05 12:45:00,46.29,46.34,46.27,46.32,14616
2013-07-05 13:00:00,46.33,46.39,46.28,46.37,13292
2013-07-05 13:15:00,46.38,46.5,46.38,46.49,19608
2013-07-05 13:30:00,46.49,46.49,46.38,46.38,11232
2013-07-05 13:45:00,46.38,46.38,46.29,46.33,11351
2013-07-05 14:00:00,46.33,46.36,46.32,46.3399,11392
2013-07-05 14:15:00,46.34,46.44,46.34,46.44,10291
2013-07-05 14:30:00,46.45,46.54,46.44,46.52,16415
2013-07-05 14:45:00,46.52,46.58,46.51,46.535,15072
2013-07-05 15:00:00,46.53,46.55,46.44,46.47,15407
2013-07-05 15:15:00,46.46,46.47,46.4,46.41,12866
2013-07-05 15:30:00,46.41,46.43,46.33,46.36,15962
2013-07-05 15:45:00,46.37,46.5,46.37,46.5,28356
2013-07-05 16:00:00,46.52,46.62,46.47,46.62,77245
2013-07-08 09:45:00,46.7,46.8,46.6501,46.76,22348
2013-07-08 10:00:00,46.8,46.88,46.74,46.81,19429
2013-07-08 10:15:00,46.79,46.85,46.7,46.7,27620
2013-07-08 10:30:00,46.69,46.81,46.69,46.71,16505
2013-07-08 10:45:00,46.711999999999996,46.81,46.7,46.8,13771
2013-07-08 11:00:00,46.79,46.83,46.75,46.8,21828
2013-07-08 11:15:00,46.79,46.825,46.74,46.75,88626
2013-07-08 11:30:00,46.74,46.785,46.67,46.76,27737
2013-07-08 11:45:00,46.79,46.97,46.75,46.97,19893
2013-07-08 12:00:00,46.96,46.965,46.85,46.96,23792
2013-07-08 12:15:00,46.955,46.98,46.9,46.94,16943
2013-07-08 12:30:00,46.95,47.015,46.93,46.93,35695
2013-07-08 12:45:00,46.94,47.02,46.94,46.998999999999995,24679
2013-07-08 13:00:00,47.0,47.06,46.94,46.945,27214
2013-07-08 13:15:00,46.94,47.06,46.93,47.06,33037
2013-07-08 13:30:00,47.05,47.17,47.05,47.17,66766
2013-07-08 13:45:00,47.17,47.21,47.025,47.1,57684
2013-07-08 14:00:00,47.0955,47.14,47.01,47.01,31577
2013-07-08 14:15:00,46.995,47.0,46.865,46.87,59973
2013-07-08 14:30:00,46.86,46.91,46.81,46.83,21113
2013-07-08 14:45:00,46.83,46.84,46.79,46.79,17230
2013-07-08 15:00:00,46.7974,46.86,46.77,46.85,30100
2013-07-08 15:15:00,46.86,46.89,46.83,46.84,33741
2013-07-08 15:30:00,46.845,46.855,46.74,46.77,22477
2013-07-08 15:45:00,46.78,46.835,46.73,46.75,56221
2013-07-08 16:00:00,46.76,46.84,46.68,46.72,220520
2013-07-09 09:45:00,47.06,47.2,46.86,47.118,73952
2013-07-09 10:00:00,47.12,47.27,47.12,47.24,19290
2013-07-09 10:15:00,47.25,47.41,47.18,47.35,30218
2013-07-09 10:30:00,47.34,47.48,47.295,47.37,30208
2013-07-09 10:45:00,47.36,47.44,47.32,47.41,24953
2013-07-09 11:00:00,47.39,47.456,47.34,47.37,37479
2013-07-09 11:15:00,47.37,47.44,47.35,47.41,15449
2013-07-09 11:30:00,47.41,47.4199,47.33,47.35,67482
2013-07-09 11:45:00,47.35,47.35,47.2901,47.35,21534
2013-07-09 12:00:00,47.341,47.35,47.228,47.28,17988
2013-07-09 12:15:00,47.29,47.35,47.25,47.31,32181
2013-07-09 12:30:00,47.31,47.4,47.29,47.4,13210
2013-07-09 12:45:00,47.41,47.5,47.41,47.5,14128
2013-07-09 13:00:00,47.5,47.54,47.49,47.53,19979
2013-07-09 13:15:00,47.5399,47.55,47.42,47.43,34942
2013-07-09 13:30:00,47.43,47.43,47.335,47.34,17825
2013-07-09 13:45:00,47.34,47.41,47.32,47.41,21552
2013-07-09 14:00:00,47.41,47.48,47.41,47.46,31117
2013-07-09 14:15:00,47.46,47.46,47.415,47.46,18659
2013-07-09 14:30:00,47.455,47.455,47.35,47.35,24489
2013-07-09 14:45:00,47.36,47.36,47.25,47.25,30256
2013-07-09 15:00:00,47.25,47.278999999999996,47.22,47.27,27281
2013-07-09 15:15:00,47.27,47.32,47.25,47.31,21565
2013-07-09 15:30:00,47.31,47.33,47.26,47.27,46064
2013-07-09 15:45:00,47.28,47.3,47.19,47.19,90655
2013-07-09 16:00:00,47.19,47.28,47.09,47.23,165729
2013-07-10 09:45:00,47.06,47.23,47.05,47.195,27510
2013-07-10 10:00:00,47.22,47.22,47.0,47.02,21773
2013-07-10 10:15:00,47.02,47.02,46.88,46.92,36946
2013-07-10 10:30:00,46.92,46.92,46.68,46.78,45659
2013-07-10 10:45:00,46.78,46.83,46.73,46.79,47868
2013-07-10 11:00:00,46.78,46.8,46.73,46.744,23555
2013-07-10 11:15:00,46.74,46.75,46.615,46.63,67884
2013-07-10 11:30:00,46.63,46.6301,46.59,46.6,14050
2013-07-10 11:45:00,46.61,46.69,46.59,46.63,13593
2013-07-10 12:00:00,46.62,46.67,46.54,46.67,24989
2013-07-10 12:15:00,46.665,46.83,46.66,46.83,15807
2013-07-10 12:30:00,46.84,46.92,46.84,46.88,13001
2013-07-10 12:45:00,46.875,46.89,46.84,46.88,31195
2013-07-10 13:00:00,46.88,46.88,46.82,46.84,14953
2013-07-10 13:15:00,46.84,46.84,46.73,46.73,21296
2013-07-10 13:30:00,46.73,46.76,46.71,46.71,17226
2013-07-10 13:45:00,46.71,46.73,46.695,46.705,16984
2013-07-10 14:00:00,46.7,46.72,46.655,46.7,31108
2013-07-10 14:15:00,46.69,46.82,46.68,46.7,52720
2013-07-10 14:30:00,46.7,46.755,46.7,46.74,35193
2013-07-10 14:45:00,46.73,46.81,46.72,46.81,16358
2013-07-10 15:00:00,46.8001,46.81,46.71,46.79,46494
2013-07-10 15:15:00,46.78,46.8,46.71,46.72,20592
2013-07-10 15:30:00,46.71,46.89,46.71,46.88,29444
2013-07-10 15:45:00,46.88,46.99,46.845,46.94,55457
2013-07-10 16:00:00,46.94,46.99,46.905,46.95,136721
2013-07-11 09:45:00,47.56,47.6,47.24,47.36,43796
2013-07-11 10:00:00,47.36,47.4,47.11,47.336999999999996,38248
2013-07-11 10:15:00,47.3262,47.41,47.28,47.34,22298
2013-07-11 10:30:00,47.34,47.38,47.14,47.24,82372
2013-07-11 10:45:00,47.24,47.246,47.05,47.08,60131
2013-07-11 11:00:00,47.09,47.11,47.04,47.06,27044
2013-07-11 11:15:00,47.08,47.11,47.0,47.04,19513
2013-07-11 11:30:00,47.055,47.13,47.04,47.1,22949
2013-07-11 11:45:00,47.11,47.11,46.98,47.0,16156
2013-07-11 12:00:00,47.0,47.02,46.92,47.01,32693
2013-07-11 12:15:00,47.01,47.02,46.94,46.94,11808
2013-07-11 12:30:00,46.93,46.995,46.91,46.96,18945
2013-07-11 12:45:00,46.931999999999995,46.98,46.91,46.92,12196
2013-07-11 13:00:00,46.93,46.93,46.86,46.86,13448
2013-07-11 13:15:00,46.86,46.88,46.77,46.78,48493
2013-07-11 13:30:00,46.77,46.87,46.75,46.8,26655
2013-07-11 13:45:00,46.8,46.93,46.8,46.88,29967
2013-07-11 14:00:00,46.9,46.91,46.765,46.78,23419
2013-07-11 14:15:00,46.78,46.8,46.74,46.8,23792
2013-07-11 14:30:00,46.8,46.95,46.8,46.94,27284
2013-07-11 14:45:00,46.94,47.07,46.94,47.07,24502
2013-07-11 15:00:00,47.07,47.1,47.01,47.04,19851
2013-07-11 15:15:00,47.05,47.09,46.93,46.98,33709
2013-07-11 15:30:00,46.97,47.07,46.95,47.07,17255
2013-07-11 15:45:00,47.06,47.14,47.03,47.14,38230
2013-07-11 16:00:00,47.15,47.35,47.13,47.26,260695
2013-07-12 09:45:00,47.28,47.56,47.28,47.42,32996
2013-07-12 10:00:00,47.4,47.63,47.36,47.56,24826
2013-07-12 10:15:00,47.57,47.71,47.57,47.65,46844
2013-07-12 10:30:00,47.65,47.65,47.5,47.5,22131
2013-07-12 10:45:00,47.5,47.58,47.46,47.58,19358
2013-07-12 11:00:00,47.59,47.6661,47.57,47.63,16881
2013-07-12 11:15:00,47.64,47.685,47.59,47.61,26182
2013-07-12 11:30:00,47.6,47.675,47.56,47.6,22153
2013-07-12 11:45:00,47.6,47.745,47.59,47.74,13401
2013-07-12 12:00:00,47.75,47.75,47.6,47.61,63878
2013-07-12 12:15:00,47.615,47.69,47.61,47.65,10646
2013-07-12 12:30:00,47.64,47.64,47.55,47.55,16136
2013-07-12 12:45:00,47.55,47.635,47.54,47.58,11427
2013-07-12 13:00:00,47.58,47.58,47.335,47.47,49858
2013-07-12 13:15:00,47.48,47.63,47.48,47.58,20264
2013-07-12 13:30:00,47.58,47.64,47.58,47.63,13673
2013-07-12 13:45:00,47.63,47.69,47.63,47.66,18787
2013-07-12 14:00:00,47.65,47.67,47.62,47.63,12201
2013-07-12 14:15:00,47.63,47.63,47.52,47.52,15242
2013-07-12 14:30:00,47.52,47.6,47.52,47.58,16393
2013-07-12 14:45:00,47.6,47.63,47.555,47.57,11002
2013-07-12 15:00:00,47.58,47.72,47.57,47.7,26968
2013-07-12 15:15:00,47.7,47.7,47.56,47.56,19938
2013-07-12 15:30:00,47.56,47.67,47.54,47.67,22392
2013-07-12 15:45:00,47.67,47.68,47.55,47.56,65150
2013-07-12 16:00:00,47.56,47.66,47.55,47.63,130726
2013-07-15 09:45:00,47.78,47.84,47.45,47.45,42274
2013-07-15 10:00:00,47.45,47.56,47.405,47.42,33920
2013-07-15 10:15:00,47.43,47.57,47.41,47.424,30483
2013-07-15 10:30:00,47.42,47.4405,47.33,47.33,16349
2013-07-15 10:45:00,47.32,47.32,47.24,47.24,20719
2013-07-15 11:00:00,47.2564,47.48,47.25,47.48,28030
2013-07-15 11:15:00,47.49,47.56,47.48,47.526,17491
2013-07-15 11:30:00,47.525,47.58,47.48,47.48,22689
2013-07-15 11:45:00,47.48,47.51,47.39,47.51,25094
2013-07-15 12:00:00,47.5101,47.54,47.5006,47.5355,12663
2013-07-15 12:15:00,47.55,47.65,47.55,47.63,13580
2013-07-15 12:30:00,47.63,47.6325,47.56,47.585,9906
2013-07-15 12:45:00,47.5825,47.59,47.52,47.52,12011
2013-07-15 13:00:00,47.53,47.53,47.41,47.42,17726
2013-07-15 13:15:00,47.43,47.44,47.39,47.39,9300
2013-07-15 13:30:00,47.39,47.49,47.39,47.485,7804
2013-07-15 13:45:00,47.48,47.49,47.38,47.42,14468
2013-07-15 14:00:00,47.43,47.48,47.42,47.48,14491
2013-07-15 14:15:00,47.48,47.56,47.48,47.55,30526
2013-07-15 14:30:00,47.56,47.58,47.53,47.54,17997
2013-07-15 14:45:00,47.55,47.55,47.45,47.49,24054
2013-07-15 15:00:00,47.5,47.56,47.49,47.54,9745
2013-07-15 15:15:00,47.55,47.61,47.545,47.6,14071
2013-07-15 15:30:00,47.6,47.615,47.54,47.54,25120
2013-07-15 15:45:00,47.54,47.56,47.51,47.51,22341
2013-07-15 16:00:00,47.51,47.52,47.415,47.44,140277
2013-07-16 09:45:00,47.42,47.55,47.3501,47.3501,47209
2013-07-16 10:00:00,47.38,47.42,47.28,47.34,221144
2013-07-16 10:15:00,47.37,47.42,47.3,47.365,62280
2013-07-16 10:30:00,47.35,47.3911,47.2256,47.34,58006
2013-07-16 10:45:00,47.34,47.38,47.22,47.32,65862
2013-07-16 11:00:00,47.35,47.445,47.31,47.32,34860
2013-07-16 11:15:00,47.321000000000005,47.37,47.26,47.265,33417
2013-07-16 11:30:00,47.28,47.31,47.27,47.3,13909
2013-07-16 11:45:00,47.3,47.32,47.27,47.31,46178
2013-07-16 12:00:00,47.29,47.33,47.26,47.28,71965
2013-07-16 12:15:00,47.2816,47.31,47.12,47.12,36538
2013-07-16 12:30:00,47.13,47.13,47.09,47.1,25700
2013-07-16 12:45:00,47.11,47.11,47.05,47.06,14870
2013-07-16 13:00:00,47.06,47.08,47.05,47.06,20534
2013-07-16 13:15:00,47.055,47.08,47.04,47.08,19627
2013-07-16 13:30:00,47.08,47.08,47.02,47.03,21277
2013-07-16 13:45:00,47.03,47.04,47.0,47.005,26145
2013-07-16 14:00:00,47.0,47.0,46.91,46.99,26690
2013-07-16 14:15:00,46.9999,47.19,46.995,47.17,37033
2013-07-16 14:30:00,47.17,47.26,47.17,47.22,28029
2013-07-16 14:45:00,47.23,47.25,47.22,47.24,17221
2013-07-16 15:00:00,47.25,47.26,47.24,47.25,31512
2013-07-16 15:15:00,47.24,47.245,47.16,47.1798,29543
2013-07-16 15:30:00,47.18,47.21,47.15,47.205,32831
2013-07-16 15:45:00,47.2,47.23,47.09,47.098,60017
2013-07-16 16:00:00,47.09,47.17,47.09,47.15,111988
2013-07-17 09:45:00,46.0,46.28,45.62,45.84,249818
2013-07-17 10:00:00,45.83,46.05,45.81,46.03,100845
2013-07-17 10:15:00,46.08,46.13,45.97,46.1,68028
2013-07-17 10:30:00,46.11,46.26,46.08,46.25,73906
2013-07-17 10:45:00,46.25,46.26,46.17,46.24,75467
2013-07-17 11:00:00,46.25,46.26,46.14,46.24,67081
2013-07-17 11:15:00,46.25,46.54,46.21,46.54,56873
2013-07-17 11:30:00,46.54,46.67,46.48,46.59,81649
2013-07-17 11:45:00,46.5899,46.61,46.43,46.47,68989
2013-07-17 12:00:00,46.48,46.51,46.27,46.35,89446
2013-07-17 12:15:00,46.36,46.368,46.3,46.33,33901
2013-07-17 12:30:00,46.33,46.37,46.32,46.33,26743
2013-07-17 12:45:00,46.34,46.4,46.23,46.4,65587
2013-07-17 13:00:00,46.42,46.52,46.35,46.37,44662
2013-07-17 13:15:00,46.36,46.45,46.36,46.445,25437
2013-07-17 13:30:00,46.445,46.445,46.35,46.4,25322
2013-07-17 13:45:00,46.4,46.51,46.35,46.35,52340
2013-07-17 14:00:00,46.35,46.36,46.22,46.23,28335
2013-07-17 14:15:00,46.24,46.34,46.235,46.3,27153
2013-07-17 14:30:00,46.2928,46.2928,46.07,46.08,45244
2013-07-17 14:45:00,46.08,46.12,45.98,45.99,49992
2013-07-17 15:00:00,46.0,46.23,45.99,46.15,59146
2013-07-17 15:15:00,46.13,46.13,46.0,46.09,65710
2013-07-17 15:30:00,46.1,46.12,45.97,45.97,82196
2013-07-17 15:45:00,45.98,46.01,45.92,46.0,101672
2013-07-17 16:00:00,46.0,46.03,45.97,46.03,216561
2013-07-18 09:45:00,46.2,46.52,46.06,46.42,48552
2013-07-18 10:00:00,46.42,46.55,46.36,46.4,32211
2013-07-18 10:15:00,46.41,46.46,46.37,46.4236,37122
2013-07-18 10:30:00,46.41,46.51,46.41,46.49,23997
2013-07-18 10:45:00,46.49,46.5,46.34,46.37,19533
2013-07-18 11:00:00,46.37,46.46,46.37,46.44,30750
2013-07-18 11:15:00,46.44,46.45,46.34,46.35,19369
2013-07-18 11:30:00,46.36,46.4,46.35,46.38,23484
2013-07-18 11:45:00,46.35,46.48,46.35,46.35,47034
2013-07-18 12:00:00,46.35,46.43,46.34,46.43,37206
2013-07-18 12:15:00,46.425,46.43,46.31,46.38,42644
2013-07-18 12:30:00,46.4,46.42,46.35,46.39,139081
2013-07-18 12:45:00,46.39,46.42,46.39,46.39,18904
2013-07-18 13:00:00,46.4,46.435,46.38,46.4,26791
2013-07-18 13:15:00,46.39,46.43,46.373999999999995,46.4,36451
2013-07-18 13:30:00,46.405,46.42,46.38,46.4,22335
2013-07-18 13:45:00,46.4,46.435,46.4,46.4275,25530
2013-07-18 14:00:00,46.425,46.44,46.39,46.41,38282
2013-07-18 14:15:00,46.42,46.43,46.38,46.4,23443
2013-07-18 14:30:00,46.4,46.4075,46.37,46.395,18039
2013-07-18 14:45:00,46.398999999999994,46.42,46.39,46.41,23154
2013-07-18 15:00:00,46.41,46.44,46.39,46.43,27915
2013-07-18 15:15:00,46.435,46.46,46.369,46.37,27720
2013-07-18 15:30:00,46.369,46.42,46.36,46.4,33827
2013-07-18 15:45:00,46.39,46.42,46.36,46.398999999999994,94449
2013-07-18 16:00:00,46.4,46.52,46.39,46.48,235023
2013-07-19 09:45:00,46.27,46.46,46.1,46.28,118057
2013-07-19 10:00:00,46.29,46.38,46.13,46.18,51770
2013-07-19 10:15:00,46.17,46.2,45.97,45.99,52192
2013-07-19 10:30:00,45.99,46.03,45.83,45.89,50704
2013-07-19 10:45:00,45.88,45.935,45.79,45.8,52782
2013-07-19 11:00:00,45.8,45.91,45.79,45.8336,26447
2013-07-19 11:15:00,45.84,45.84,45.6,45.67,157169
2013-07-19 11:30:00,45.67,45.72,45.56,45.69,31591
2013-07-19 11:45:00,45.69,45.72,45.65,45.68,35435
2013-07-19 12:00:00,45.68,45.68,45.62,45.63,32654
2013-07-19 12:15:00,45.63,45.64,45.51,45.515,67881
2013-07-19 12:30:00,45.51,45.605,45.48,45.55,39178
2013-07-19 12:45:00,45.545,45.59,45.52,45.55,69519
2013-07-19 13:00:00,45.54,45.6,45.53,45.57,59621
2013-07-19 13:15:00,45.58,45.6,45.48,45.535,100780
2013-07-19 13:30:00,45.535,45.54,45.46,45.46,48659
2013-07-19 13:45:00,45.4899,45.58,45.46,45.56,76314
2013-07-19 14:00:00,45.55,45.585,45.5,45.525,55830
2013-07-19 14:15:00,45.52,45.58,45.49,45.556000000000004,87402
2013-07-19 14:30:00,45.56,45.57,45.49,45.5,99940
2013-07-19 14:45:00,45.5,45.57,45.48,45.565,56434
2013-07-19 15:00:00,45.565,45.58,45.53,45.55,67748
2013-07-19 15:15:00,45.55,45.57,45.45,45.51,120553
2013-07-19 15:30:00,45.51,45.515,45.42,45.49,191900
2013-07-19 15:45:00,45.49,45.52,45.44,45.52,185751
2013-07-19 16:00:00,45.515,45.58,45.35,45.36,435099
2013-07-22 09:45:00,45.12,47.97,44.9007,46.87,775939
2013-07-22 10:00:00,46.81,47.09,46.25,46.27,355409
2013-07-22 10:15:00,46.275,46.49,45.92,46.16,355597
2013-07-22 10:30:00,46.17,46.28,45.62,45.86,225056
2013-07-22 10:45:00,45.88,46.27,45.7,46.18,116705
2013-07-22 11:00:00,46.18,46.25,46.04,46.22,83303
2013-07-22 11:15:00,46.21,46.25,46.11,46.21,75769
2013-07-22 11:30:00,46.23,46.23,45.92,46.095,60438
2013-07-22 11:45:00,46.11,46.26,46.091,46.105,50849
2013-07-22 12:00:00,46.13,46.15,45.95,46.075,47543
2013-07-22 12:15:00,46.075,46.2,45.92,46.15,38532
2013-07-22 12:30:00,46.15,46.49,46.12,46.419,97250
2013-07-22 12:45:00,46.41,46.46,46.12,46.15,74517
2013-07-22 13:00:00,46.12,46.28,46.12,46.25,29531
2013-07-22 13:15:00,46.27,46.48,46.255,46.47,42530
2013-07-22 13:30:00,46.49,46.735,46.49,46.64,80243
2013-07-22 13:45:00,46.64,46.78,46.55,46.72,40071
2013-07-22 14:00:00,46.71,46.7118,46.39,46.535,52848
2013-07-22 14:15:00,46.55,46.69,46.42,46.53,61363
2013-07-22 14:30:00,46.5205,46.76,46.35,46.495,90292
2013-07-22 14:45:00,46.49,46.73,46.48,46.675,67769
2013-07-22 15:00:00,46.68,46.88,46.68,46.865,78013
2013-07-22 15:15:00,46.87,46.875,46.6,46.675,139733
2013-07-22 15:30:00,46.685,46.9301,46.685,46.9,131159
2013-07-22 15:45:00,46.89,46.91,46.73,46.87,109327
2013-07-22 16:00:00,46.86,46.88,46.71,46.88,252826
2013-07-23 09:45:00,47.98,48.18,47.6301,48.05,847185
2013-07-23 10:00:00,48.04,48.06,47.65,47.99,168374
2013-07-23 10:15:00,48.0,48.13,47.97,48.06,94809
2013-07-23 10:30:00,48.07,48.11,47.91,48.03,164751
2013-07-23 10:45:00,48.02,48.35,48.01,48.145,213982
2013-07-23 11:00:00,48.15,48.23,47.97,48.06,101132
2013-07-23 11:15:00,48.07,48.15,48.04,48.07,52870
2013-07-23 11:30:00,48.06,48.09,47.98,48.085,97965
2013-07-23 11:45:00,48.085,48.11,47.86,47.88,202993
2013-07-23 12:00:00,47.88,47.995,47.82,47.96,29675
2013-07-23 12:15:00,47.94,48.0,47.76,47.78,95230
2013-07-23 12:30:00,47.78,48.0,47.7355,47.9801,42187
2013-07-23 12:45:00,47.99,48.065,47.95,48.0,29133
2013-07-23 13:00:00,47.97,48.07,47.94,47.99,62846
2013-07-23 13:15:00,47.98,48.005,47.95,48.0,29597
2013-07-23 13:30:00,48.0,48.01,47.92,48.0,226556
2013-07-23 13:45:00,48.0,48.02,47.955,47.9799,30062
2013-07-23 14:00:00,47.98,48.05,47.91,47.97,46966
2013-07-23 14:15:00,47.97,48.05,47.96,48.01,48407
2013-07-23 14:30:00,48.0,48.0,47.96,48.0,27014
2013-07-23 14:45:00,48.0,48.04,48.0,48.03,96433
2013-07-23 15:00:00,48.035,48.04,48.0,48.01,43806
2013-07-23 15:15:00,48.0,48.01,47.96,47.97,40429
2013-07-23 15:30:00,47.97,48.01,47.96,48.0,143074
2013-07-23 15:45:00,48.0,48.0,47.75,47.77,99657
2013-07-23 16:00:00,47.78,47.9,47.75,47.84,247037
2013-07-24 09:45:00,47.72,47.93,47.56,47.81,71762
2013-07-24 10:00:00,47.8394,47.8394,47.4501,47.5498,50662
2013-07-24 10:15:00,47.48,47.67,47.36,47.36,42474
2013-07-24 10:30:00,47.36,47.5,47.36,47.395,36763
2013-07-24 10:45:00,47.39,47.4,47.21,47.36,61581
2013-07-24 11:00:00,47.36,47.47,47.36,47.36,42399
2013-07-24 11:15:00,47.36,47.39,47.25,47.35,45578
2013-07-24 11:30:00,47.36,47.41,47.25,47.34,37477
2013-07-24 11:45:00,47.33,47.375,47.27,47.315,23025
2013-07-24 12:00:00,47.31,47.32,47.2,47.22,19999
2013-07-24 12:15:00,47.21,47.3,47.15,47.25899999999999,28907
2013-07-24 12:30:00,47.24,47.3,47.12,47.16,48058
2013-07-24 12:45:00,47.16,47.2,47.15,47.2,16665
2013-07-24 13:00:00,47.2,47.27,47.17,47.19,20394
2013-07-24 13:15:00,47.17,47.305,47.17,47.3,112543
2013-07-24 13:30:00,47.29,47.29,47.01,47.1105,111484
2013-07-24 13:45:00,47.115,47.2,47.01,47.17,39970
2013-07-24 14:00:00,47.17,47.19,47.0,47.185,166777
2013-07-24 14:15:00,47.18,47.28,47.16,47.235,46392
2013-07-24 14:30:00,47.24,47.3,47.16,47.3,49995
2013-07-24 14:45:00,47.29,47.3,47.2,47.22,50396
2013-07-24 15:00:00,47.22,47.26,47.1,47.13,80116
2013-07-24 15:15:00,47.13,47.13,46.84,47.03,144339
2013-07-24 15:30:00,47.03,47.12,47.03,47.12,36051
2013-07-24 15:45:00,47.11,47.155,47.09,47.1,57582
2013-07-24 16:00:00,47.11,47.13,47.04,47.11,128167
2013-07-25 09:45:00,47.0,47.37,47.0,47.12,57198
2013-07-25 10:00:00,47.13,47.28,47.12,47.12,30604
2013-07-25 10:15:00,47.15,47.24,47.13,47.2,30647
2013-07-25 10:30:00,47.2,47.275,47.155,47.205,23200
2013-07-25 10:45:00,47.205,47.228,47.13,47.16,31294
2013-07-25 11:00:00,47.16,47.21,47.15,47.1904,15900
2013-07-25 11:15:00,47.2,47.2,47.06,47.12,31443
2013-07-25 11:30:00,47.11,47.165,47.0,47.0,26132
2013-07-25 11:45:00,47.01,47.09,46.94,47.075,25700
2013-07-25 12:00:00,47.08,47.1,47.0,47.09,15765
2013-07-25 12:15:00,47.09,47.13,47.05,47.1,7300
2013-07-25 12:30:00,47.1,47.15,47.07,47.07,24092
2013-07-25 12:45:00,47.075,47.18,47.075,47.15,26900
2013-07-25 13:00:00,47.17,47.18,47.11,47.13,23037
2013-07-25 13:15:00,47.14,47.14,47.01,47.025,22995
2013-07-25 13:30:00,47.02,47.045,46.95,47.02,27434
2013-07-25 13:45:00,47.03,47.06,47.0,47.005,18757
2013-07-25 14:00:00,47.0,47.09,47.0,47.0701,21026
2013-07-25 14:15:00,47.08,47.105,47.0524,47.08,32113
2013-07-25 14:30:00,47.075,47.075,47.01,47.025,17806
2013-07-25 14:45:00,47.025,47.03,46.96,46.99,33815
2013-07-25 15:00:00,46.98,47.03,46.91,46.935,21660
2013-07-25 15:15:00,46.94,47.02,46.94,47.005,42804
2013-07-25 15:30:00,47.01,47.06,46.985,47.0599,30368
2013-07-25 15:45:00,47.055,47.13,47.025,47.12,49926
2013-07-25 16:00:00,47.11,47.18,47.05,47.1,148715
2013-07-26 09:45:00,46.84,47.0,46.77,46.93,22394
2013-07-26 10:00:00,46.93,46.995,46.86,46.98,15309
2013-07-26 10:15:00,46.98,47.106,46.98,47.05,12974
2013-07-26 10:30:00,47.074,47.22,47.06,47.175,54560
2013-07-26 10:45:00,47.17,47.2,47.08,47.15,26001
2013-07-26 11:00:00,47.145,47.145,46.98,47.07,21640
2013-07-26 11:15:00,47.06,47.115,47.04,47.04,10381
2013-07-26 11:30:00,47.04,47.12,47.01,47.06,11811
2013-07-26 11:45:00,47.08,47.15,47.07,47.14,12125
2013-07-26 12:00:00,47.14,47.18,47.125,47.15,17101
2013-07-26 12:15:00,47.15,47.18,47.145,47.145,22560
2013-07-26 12:30:00,47.14,47.14,47.055,47.055,11930
2013-07-26 12:45:00,47.06,47.1,47.02,47.08,11832
2013-07-26 13:00:00,47.09,47.12,47.07,47.08,7472
2013-07-26 13:15:00,47.05,47.09,47.05,47.05,5046
2013-07-26 13:30:00,47.05,47.11,47.03,47.075,8998
2013-07-26 13:45:00,47.08,47.08,47.03,47.07,5050
2013-07-26 14:00:00,47.07,47.0899,47.04,47.06,12084
2013-07-26 14:15:00,47.06,47.095,47.05,47.07,12933
2013-07-26 14:30:00,47.08,47.09,47.02,47.03,15266
2013-07-26 14:45:00,47.03,47.07,46.98,47.03,16282
2013-07-26 15:00:00,47.0286,47.095,47.0286,47.075,36031
2013-07-26 15:15:00,47.07,47.08,47.0,47.005,23265
2013-07-26 15:30:00,47.005,47.03,46.98,46.985,33643
2013-07-26 15:45:00,46.98,47.03,46.955,47.0,42382
2013-07-26 16:00:00,47.0,47.08,46.98,47.07,100907
2013-07-29 09:45:00,46.92,47.085,46.9,47.08,30589
2013-07-29 10:00:00,47.075,47.205,47.01,47.08,183138
2013-07-29 10:15:00,47.08,47.17,47.02,47.02,19868
2013-07-29 10:30:00,47.01,47.09,46.98,47.09,71652
2013-07-29 10:45:00,47.07,47.11,47.01,47.11,68017
2013-07-29 11:00:00,47.09,47.15,47.07,47.1,69391
2013-07-29 11:15:00,47.1,47.1,46.97,46.97,32200
2013-07-29 11:30:00,46.97,46.998999999999995,46.86,46.87,25030
2013-07-29 11:45:00,46.8867,46.8867,46.77,46.8,11419
2013-07-29 12:00:00,46.8,46.84,46.7645,46.78,18557
2013-07-29 12:15:00,46.78,46.83,46.77,46.8,25096
2013-07-29 12:30:00,46.81,46.888999999999996,46.81,46.8699,10434
2013-07-29 12:45:00,46.86,46.92,46.86,46.9,6999
2013-07-29 13:00:00,46.92,47.11,46.92,47.085,116981
2013-07-29 13:15:00,47.08,47.09,47.01,47.08,35467
2013-07-29 13:30:00,47.075,47.13,47.05,47.105,88629
2013-07-29 13:45:00,47.1,47.14,47.07,47.09,39095
2013-07-29 14:00:00,47.09,47.1,47.075,47.1,30187
2013-07-29 14:15:00,47.1,47.215,47.095,47.15,146655
2013-07-29 14:30:00,47.14,47.14,47.075,47.08,39846
2013-07-29 14:45:00,47.09,47.145,47.07,47.09,25251
2013-07-29 15:00:00,47.11,47.19,47.1,47.16,31530
2013-07-29 15:15:00,47.17,47.22,47.145,47.16,35421
2013-07-29 15:30:00,47.15,47.2,47.07,47.155,112892
2013-07-29 15:45:00,47.16,47.24,47.13,47.24,84613
2013-07-29 16:00:00,47.24,47.25,47.13,47.15,188981
2013-07-30 09:45:00,46.84,46.97,46.75,46.88,333959
2013-07-30 10:00:00,46.88,46.88,46.69,46.75,19334
2013-07-30 10:15:00,46.73,46.755,46.48,46.5,67392
2013-07-30 10:30:00,46.5,46.57,46.47,46.48,51448
2013-07-30 10:45:00,46.48,46.5,46.43,46.4801,34023
2013-07-30 11:00:00,46.49,46.5,46.37,46.39,30599
2013-07-30 11:15:00,46.4,46.4,46.33,46.39,23976
2013-07-30 11:30:00,46.39,46.49,46.37,46.49,18151
2013-07-30 11:45:00,46.49,46.57,46.47,46.57,22123
2013-07-30 12:00:00,46.59,46.62,46.57,46.58,13635
2013-07-30 12:15:00,46.58,46.6,46.44,46.47,42284
2013-07-30 12:30:00,46.45,46.49,46.33,46.34,24833
2013-07-30 12:45:00,46.345,46.42,46.345,46.41,10223
2013-07-30 13:00:00,46.42,46.46,46.35,46.37,12320
2013-07-30 13:15:00,46.375,46.41,46.25,46.26,16369
2013-07-30 13:30:00,46.268,46.268,46.14,46.14,26225
2013-07-30 13:45:00,46.14,46.14,46.07,46.0868,41643
2013-07-30 14:00:00,46.085,46.32,46.07,46.32,46730
2013-07-30 14:15:00,46.32,46.4,46.29,46.38,41448
2013-07-30 14:30:00,46.38,46.39,46.29,46.29,17100
2013-07-30 14:45:00,46.3,46.37,46.295,46.3564,18760
2013-07-30 15:00:00,46.36,46.4086,46.34,46.38,22202
2013-07-30 15:15:00,46.4,46.51,46.36,46.49,35977
2013-07-30 15:30:00,46.51,46.52,46.43,46.445,20406
2013-07-30 15:45:00,46.45,46.5,46.44,46.47,34267
2013-07-30 16:00:00,46.47,46.48,46.39,46.39,99493
2013-07-31 09:45:00,46.62,46.62,46.43,46.58,25062
2013-07-31 10:00:00,46.6,46.63,46.45,46.5,26638
2013-07-31 10:15:00,46.51,46.61,46.39,46.44,19195
2013-07-31 10:30:00,46.44,46.52,46.43,46.5,32758
2013-07-31 10:45:00,46.5,46.5,46.39,46.45,16182
2013-07-31 11:00:00,46.44,46.51,46.43,46.48,7860
2013-07-31 11:15:00,46.48,46.49,46.31,46.35,20920
2013-07-31 11:30:00,46.33,46.39,46.32,46.32,16373
2013-07-31 11:45:00,46.35,46.44,46.33,46.4294,24739
2013-07-31 12:00:00,46.4209,46.4209,46.33,46.4,13365
2013-07-31 12:15:00,46.39,46.4,46.35,46.39,20111
2013-07-31 12:30:00,46.38,46.3945,46.295,46.31,26145
2013-07-31 12:45:00,46.32,46.35,46.28,46.32,16675
2013-07-31 13:00:00,46.31,46.34,46.28,46.34,17534
2013-07-31 13:15:00,46.34,46.37,46.27,46.29,8864
2013-07-31 13:30:00,46.27,46.27,46.22,46.24,11800
2013-07-31 13:45:00,46.23,46.24,46.19,46.2,10151
2013-07-31 14:00:00,46.2,46.2115,46.1755,46.18,11711
2013-07-31 14:15:00,46.2,46.24,46.14,46.17,25887
2013-07-31 14:30:00,46.17,46.19,46.1,46.1501,32889
2013-07-31 14:45:00,46.17,46.27,46.17,46.24,18456
2013-07-31 15:00:00,46.25,46.26,46.19,46.22,26578
2013-07-31 15:15:00,46.23,46.235,46.16,46.16,28781
2013-07-31 15:30:00,46.18,46.1905,46.12,46.15,21136
2013-07-31 15:45:00,46.16,46.16,46.03,46.03,44193
2013-07-31 16:00:00,46.04,46.05,45.95,46.0,139470
2013-08-01 09:45:00,46.08,46.49,46.0,46.4,38457
2013-08-01 10:00:00,46.365,46.41,46.31,46.355,22863
2013-08-01 10:15:00,46.355,46.52,46.355,46.47,32866
2013-08-01 10:30:00,46.47,46.47,46.25,46.285,83736
2013-08-01 10:45:00,46.28,46.53,46.25,46.52,41808
2013-08-01 11:00:00,46.52,46.545,46.46,46.49,18025
2013-08-01 11:15:00,46.49,46.5,46.41,46.41,11106
2013-08-01 11:30:00,46.4202,46.49,46.4202,46.46,10566
2013-08-01 11:45:00,46.46,46.52,46.43,46.45,19206
2013-08-01 12:00:00,46.46,46.83,46.445,46.82,252664
2013-08-01 12:15:00,46.81,47.03,46.805,47.0,231587
2013-08-01 12:30:00,46.985,47.04,46.96,47.01,53086
2013-08-01 12:45:00,47.005,47.06,46.925,46.955,56521
2013-08-01 13:00:00,46.955,47.0,46.93,46.97,76926
2013-08-01 13:15:00,46.97,47.0,46.94,46.9636,16731
2013-08-01 13:30:00,46.96,46.99,46.9,46.95,22501
2013-08-01 13:45:00,46.955,46.99,46.93,46.94,24579
2013-08-01 14:00:00,46.95,46.98,46.91,46.96,23390
2013-08-01 14:15:00,46.97,47.0,46.95,46.96,23971
2013-08-01 14:30:00,46.96,47.0,46.88,46.88,29866
2013-08-01 14:45:00,46.885,46.91,46.87,46.9099,33363
2013-08-01 15:00:00,46.91,46.96,46.88,46.92,49911
2013-08-01 15:15:00,46.93,46.98,46.9,46.95,60298
2013-08-01 15:30:00,46.94,46.955,46.89,46.95,37986
2013-08-01 15:45:00,46.95,46.97,46.89,46.93,114792
2013-08-01 16:00:00,46.92,46.97,46.92,46.95,127763
2013-08-02 09:45:00,46.97,47.165,46.77,46.94,108694
2013-08-02 10:00:00,46.95,47.0,46.855,46.87,90074
2013-08-02 10:15:00,46.82,46.98,46.75,46.95,29485
2013-08-02 10:30:00,46.94,47.0,46.93,47.0,30294
2013-08-02 10:45:00,47.0,47.02,46.98,46.99,55212
2013-08-02 11:00:00,47.0,47.02,46.94,46.99,17780
2013-08-02 11:15:00,46.97,46.97,46.85,46.86,12832
2013-08-02 11:30:00,46.86,46.97,46.84,46.97,12881
2013-08-02 11:45:00,46.96,47.0,46.9501,47.0,16940
2013-08-02 12:00:00,46.99,46.99,46.92,46.98,13581
2013-08-02 12:15:00,46.97,46.97,46.87,46.92,13490
2013-08-02 12:30:00,46.91,47.0,46.89,46.92,19065
2013-08-02 12:45:00,46.93,47.0,46.89,46.97,15046
2013-08-02 13:00:00,46.97,47.0,46.97,47.0,25978
2013-08-02 13:15:00,46.99,46.99,46.965,46.98,8730
2013-08-02 13:30:00,46.975,47.01,46.975,46.99,9742
2013-08-02 13:45:00,46.98,47.0,46.965,46.99,17626
2013-08-02 14:00:00,46.99,47.0,46.965,46.97,24404
2013-08-02 14:15:00,46.97,47.0,46.9539,46.98,13647
2013-08-02 14:30:00,46.98,46.99,46.97,46.975,10441
2013-08-02 14:45:00,46.96,47.0,46.96,47.0,32152
2013-08-02 15:00:00,47.0,47.0,46.95,46.99,20743
2013-08-02 15:15:00,46.99,47.01,46.97,46.99,36555
2013-08-02 15:30:00,46.99,47.005,46.97,46.985,22702
2013-08-02 15:45:00,46.99,47.01,46.96,46.99,37427
2013-08-02 16:00:00,46.99,46.995,46.925,46.99,124745
2013-08-05 09:45:00,46.8,47.0,46.79,46.98,46409
2013-08-05 10:00:00,46.99,47.01,46.95,46.96,48422
2013-08-05 10:15:00,46.96,46.96,46.8,46.82,12100
2013-08-05 10:30:00,46.82,46.85,46.8,46.83,16191
2013-08-05 10:45:00,46.84,46.99,46.83,46.98,13731
2013-08-05 11:00:00,46.99,46.995,46.9,46.91,11970
2013-08-05 11:15:00,46.92,46.92,46.87,46.88,5205
2013-08-05 11:30:00,46.89,46.895,46.82,46.88,5200
2013-08-05 11:45:00,46.88,46.88,46.8,46.83,17975
2013-08-05 12:00:00,46.83,46.83,46.7964,46.8,6967
2013-08-05 12:15:00,46.8,46.8199,46.79,46.8064,11475
2013-08-05 12:30:00,46.82,46.88,46.8,46.82,6700
2013-08-05 12:45:00,46.83,46.85,46.81,46.81,12629
2013-08-05 13:00:00,46.81,46.84,46.78,46.79,42036
2013-08-05 13:15:00,46.8,46.82,46.74,46.775,12351
2013-08-05 13:30:00,46.78,46.84,46.7725,46.838,6993
2013-08-05 13:45:00,46.84,46.85,46.81,46.841,9117
2013-08-05 14:00:00,46.85,46.85,46.8,46.81,11438
2013-08-05 14:15:00,46.8,46.81,46.7401,46.8,20700
2013-08-05 14:30:00,46.8,46.8336,46.74,46.78,14616
2013-08-05 14:45:00,46.79,46.84,46.76,46.83,34471
2013-08-05 15:00:00,46.83,46.83,46.76,46.77,24544
2013-08-05 15:15:00,46.77,46.8,46.73,46.75,34024
2013-08-05 15:30:00,46.76,46.78,46.71,46.78,26347
2013-08-05 15:45:00,46.78,46.81,46.765,46.78,45048
2013-08-05 16:00:00,46.78,46.81,46.72,46.8,91297
2013-08-06 09:45:00,46.68,46.87,46.495,46.75,42954
2013-08-06 10:00:00,46.75,46.79,46.5052,46.5052,52721
2013-08-06 10:15:00,46.52,46.55,46.31,46.425,34052
2013-08-06 10:30:00,46.43,46.46,46.36,46.39,18400
2013-08-06 10:45:00,46.4,46.4,46.2604,46.3,13376
2013-08-06 11:00:00,46.32,46.37,46.26,46.35,32451
2013-08-06 11:15:00,46.34,46.35,46.25,46.28,76454
2013-08-06 11:30:00,46.26,46.37,46.09,46.1753,57034
2013-08-06 11:45:00,46.185,46.21,46.105,46.155,20400
2013-08-06 12:00:00,46.15,46.17,46.115,46.14,28432
2013-08-06 12:15:00,46.14,46.175,46.03,46.0675,23737
2013-08-06 12:30:00,46.07,46.07,45.961999999999996,45.97,31161
2013-08-06 12:45:00,45.98,46.07,45.96,46.06,21247
2013-08-06 13:00:00,46.055,46.19,46.005,46.1775,61351
2013-08-06 13:15:00,46.175,46.27,46.175,46.27,25200
2013-08-06 13:30:00,46.275,46.29,46.24,46.27,23264
2013-08-06 13:45:00,46.26,46.27,46.205,46.2415,29516
2013-08-06 14:00:00,46.24,46.24,46.145,46.22,24974
2013-08-06 14:15:00,46.22,46.25,46.18,46.24,22133
2013-08-06 14:30:00,46.2375,46.25,46.17,46.25,23061
2013-08-06 14:45:00,46.25,46.25,46.135,46.15,39475
2013-08-06 15:00:00,46.16,46.21,46.16,46.19,36133
2013-08-06 15:15:00,46.19,46.21,46.18,46.185,46291
2013-08-06 15:30:00,46.19,46.21,46.17,46.21,59894
2013-08-06 15:45:00,46.21,46.25,46.18,46.25,93456
2013-08-06 16:00:00,46.245,46.26,46.22,46.255,188881
2013-08-07 09:45:00,46.02,46.22,45.71,45.95,37634
2013-08-07 10:00:00,45.95,46.14,45.95,45.98,16218
2013-08-07 10:15:00,45.95,45.95,45.765,45.8,15911
2013-08-07 10:30:00,45.79,46.012,45.79,46.012,22762
2013-08-07 10:45:00,46.0,46.12,45.925,46.11,15457
2013-08-07 11:00:00,46.13,46.15,46.05,46.1,32783
2013-08-07 11:15:00,46.08,46.14,46.05,46.06,24766
2013-08-07 11:30:00,46.05,46.065,45.99,46.0,23312
2013-08-07 11:45:00,45.98,45.98,45.91,45.98,14898
2013-08-07 12:00:00,45.97,46.045,45.96,46.0345,23147
2013-08-07 12:15:00,46.03,46.04,45.97,46.03,21205
2013-08-07 12:30:00,46.0371,46.115,46.015,46.02,14206
2013-08-07 12:45:00,46.015,46.04,45.995,46.04,15334
2013-08-07 13:00:00,46.032,46.14,46.03,46.13,10794
2013-08-07 13:15:00,46.13,46.17,46.11,46.11,12600
2013-08-07 13:30:00,46.115,46.12,46.06,46.11,12915
2013-08-07 13:45:00,46.11,46.115,46.05,46.05,14150
2013-08-07 14:00:00,46.055,46.06,46.005,46.06,11457
2013-08-07 14:15:00,46.08,46.08,46.02,46.06,10401
2013-08-07 14:30:00,46.0628,46.08,46.0,46.01,23821
2013-08-07 14:45:00,46.01,46.06,46.01,46.05,14738
2013-08-07 15:00:00,46.04,46.1,46.02,46.04,26872
2013-08-07 15:15:00,46.04,46.06,45.98,45.99,51615
2013-08-07 15:30:00,45.99,46.01,45.975,46.01,26228
2013-08-07 15:45:00,46.01,46.01,45.935,45.98,37158
2013-08-07 16:00:00,45.975,46.0,45.85,45.94,132793
2013-08-08 09:45:00,46.24,46.3695,46.24,46.3,21440
2013-08-08 10:00:00,46.3,46.305,46.17,46.26,45459
2013-08-08 10:15:00,46.28,46.3,46.2,46.26,61829
2013-08-08 10:30:00,46.2705,46.31,46.2,46.2,15134
2013-08-08 10:45:00,46.19,46.23,46.14,46.2075,19293
2013-08-08 11:00:00,46.2,46.32,46.2,46.29,18407
2013-08-08 11:15:00,46.3,46.305,46.175,46.175,14467
2013-08-08 11:30:00,46.17,46.225,46.13,46.225,11182
2013-08-08 11:45:00,46.2,46.23,46.18,46.19,16975
2013-08-08 12:00:00,46.19,46.216,46.19,46.19,17302
2013-08-08 12:15:00,46.21,46.215,46.19,46.2,19221
2013-08-08 12:30:00,46.21,46.215,46.19,46.19,18359
2013-08-08 12:45:00,46.21,46.215,46.19,46.2,13940
2013-08-08 13:00:00,46.19,46.205,46.19,46.195,10490
2013-08-08 13:15:00,46.2,46.2,46.12,46.13,23162
2013-08-08 13:30:00,46.1,46.1,46.08,46.095,17035
2013-08-08 13:45:00,46.09,46.14,46.07,46.14,24810
2013-08-08 14:00:00,46.15,46.33,46.15,46.33,11310
2013-08-08 14:15:00,46.34,46.365,46.3,46.3,18643
2013-08-08 14:30:00,46.29,46.33,46.28,46.33,13867
2013-08-08 14:45:00,46.349,46.4,46.3,46.4,12987
2013-08-08 15:00:00,46.4,46.4,46.295,46.3501,14773
2013-08-08 15:15:00,46.36,46.4,46.33,46.4,24753
2013-08-08 15:30:00,46.4,46.405,46.32,46.35,34326
2013-08-08 15:45:00,46.35,46.355,46.33,46.34,32038
2013-08-08 16:00:00,46.34,46.35,46.32,46.33,63621
2013-08-09 09:45:00,46.31,46.345,46.14,46.28,24349
2013-08-09 10:00:00,46.3,46.31,46.1,46.1,23560
2013-08-09 10:15:00,46.11,46.11600000000001,45.9684,45.97,15720
2013-08-09 10:30:00,45.98,45.98,45.86,45.89,19787
2013-08-09 10:45:00,45.9,46.075,45.895,46.04,72319
2013-08-09 11:00:00,46.05,46.08,45.98,46.04,37549
2013-08-09 11:15:00,46.05,46.17,46.015,46.09,81034
2013-08-09 11:30:00,46.07,46.08,45.97,45.98,22907
2013-08-09 11:45:00,45.98,46.04,45.98,46.03,24863
2013-08-09 12:00:00,46.04,46.17,46.03,46.16,15510
2013-08-09 12:15:00,46.17,46.19,46.1,46.165,15183
2013-08-09 12:30:00,46.16,46.165,46.07,46.1,42028
2013-08-09 12:45:00,46.1,46.13,46.1,46.105,30070
2013-08-09 13:00:00,46.1,46.11,46.09,46.1,17916
2013-08-09 13:15:00,46.1,46.105,45.99,46.05,34325
2013-08-09 13:30:00,46.06,46.1,46.045,46.09,12900
2013-08-09 13:45:00,46.1,46.16,46.095,46.145,14104
2013-08-09 14:00:00,46.135,46.145,46.05,46.1,19618
2013-08-09 14:15:00,46.095,46.095,45.97,46.02,21115
2013-08-09 14:30:00,46.02,46.04,45.99,46.03,21544
2013-08-09 14:45:00,46.035,46.04,45.96,46.0,35020
2013-08-09 15:00:00,45.995,46.04,45.94,46.04,34142
2013-08-09 15:15:00,46.04,46.06,46.0,46.04,16531
2013-08-09 15:30:00,46.03,46.13,46.03,46.085,30052
2013-08-09 15:45:00,46.08,46.0999,46.02,46.02,34073
2013-08-09 16:00:00,46.02,46.04,45.94,45.98,209455
2013-08-12 09:45:00,45.58,46.21,45.51,46.13,37365
2013-08-12 10:00:00,46.19,46.21,46.07,46.07,13930
2013-08-12 10:15:00,46.1,46.12,45.961000000000006,46.1,6650
2013-08-12 10:30:00,46.12,46.1313,46.01,46.06,18187
2013-08-12 10:45:00,46.07,46.15,46.07,46.1199,31515
2013-08-12 11:00:00,46.1005,46.12,46.04,46.04,18757
2013-08-12 11:15:00,46.05,46.06,45.97,45.97,6910
2013-08-12 11:30:00,45.99,45.99,45.92,45.94,14483
2013-08-12 11:45:00,45.94,45.95,45.87,45.93,37488
2013-08-12 12:00:00,45.94,45.97,45.82,45.84,30887
2013-08-12 12:15:00,45.84,45.85,45.75,45.79,32337
2013-08-12 12:30:00,45.79,45.79,45.71,45.71,7300
2013-08-12 12:45:00,45.7,45.73,45.65,45.7,13941
2013-08-12 13:00:00,45.69,45.7,45.65,45.695,11006
2013-08-12 13:15:00,45.696000000000005,45.7,45.58,45.58,24355
2013-08-12 13:30:00,45.57,45.6,45.52,45.54,16558
2013-08-12 13:45:00,45.53,45.54,45.49,45.525,39577
2013-08-12 14:00:00,45.525,45.525,45.46,45.505,26335
2013-08-12 14:15:00,45.5,45.51,45.4,45.41,31355
2013-08-12 14:30:00,45.41,45.41,45.16,45.22,119124
2013-08-12 14:45:00,45.21,45.28,45.2,45.25,61837
2013-08-12 15:00:00,45.255,45.27,45.19,45.2,57838
2013-08-12 15:15:00,45.205,45.23,45.17,45.175,68495
2013-08-12 15:30:00,45.175,45.18,45.13,45.155,59418
2013-08-12 15:45:00,45.15,45.35,45.15,45.315,138700
2013-08-12 16:00:00,45.31,45.46,45.305,45.33,1569778
2013-08-13 09:45:00,46.25,46.25,45.38,45.48,55598
2013-08-13 10:00:00,45.48,45.51,45.36,45.5,12331
2013-08-13 10:15:00,45.5,45.5,45.1799,45.28,20373
2013-08-13 10:30:00,45.22,45.28,45.18,45.23,11720
2013-08-13 10:45:00,45.22,45.33,45.16,45.31,19087
2013-08-13 11:00:00,45.32,45.4,45.29,45.35,63057
2013-08-13 11:15:00,45.35,45.42,45.35,45.39,9400
2013-08-13 11:30:00,45.38,45.55,45.36,45.49,19351
2013-08-13 11:45:00,45.51,45.54,45.45,45.45,11906
2013-08-13 12:00:00,45.47,45.55,45.41,45.45,32457
2013-08-13 12:15:00,45.45,45.47,45.38,45.45,11697
2013-08-13 12:30:00,45.44,45.58,45.44,45.57,5392
2013-08-13 12:45:00,45.58,45.63,45.54,45.59,16573
2013-08-13 13:00:00,45.6,45.658,45.5,45.52,55287
2013-08-13 13:15:00,45.51,45.76,45.5,45.76,42215
2013-08-13 13:30:00,45.77,45.878,45.76,45.87,12227
2013-08-13 13:45:00,45.87,45.87,45.77,45.81,14014
2013-08-13 14:00:00,45.82,45.86,45.82,45.84,13926
2013-08-13 14:15:00,45.84,45.9,45.84,45.87,10122
2013-08-13 14:30:00,45.87,45.91,45.86,45.9,10562
2013-08-13 14:45:00,45.9,45.9,45.83,45.85,13336
2013-08-13 15:00:00,45.86,45.93,45.85,45.93,30546
2013-08-13 15:15:00,45.938,45.94,45.86,45.86,25247
2013-08-13 15:30:00,45.86,45.9,45.81,45.9,18954
2013-08-13 15:45:00,45.9,45.92,45.79,45.79,22819
2013-08-13 16:00:00,45.79,45.79,45.69,45.69,160962
2013-08-14 09:45:00,45.61,45.73,45.3001,45.6,38941
2013-08-14 10:00:00,45.61,45.8,45.58,45.69,9477
2013-08-14 10:15:00,45.72,45.75,45.62,45.6999,8928
2013-08-14 10:30:00,45.68,45.7,45.54,45.64,43558
2013-08-14 10:45:00,45.64,45.67,45.58,45.61,29526
2013-08-14 11:00:00,45.61,45.61,45.54,45.58,12708
2013-08-14 11:15:00,45.58,45.66,45.49,45.62,10354
2013-08-14 11:30:00,45.61,45.62,45.59,45.59,12543
2013-08-14 11:45:00,45.57,45.59,45.54,45.59,8200
2013-08-14 12:00:00,45.59,45.6,45.54,45.58,10940
2013-08-14 12:15:00,45.59,45.61,45.56,45.59,7940
2013-08-14 12:30:00,45.6,45.61,45.56,45.5874,4947
2013-08-14 12:45:00,45.59,45.65,45.59,45.65,7736
2013-08-14 13:00:00,45.65,45.66,45.6,45.62,6187
2013-08-14 13:15:00,45.61,45.69,45.6,45.69,12103
2013-08-14 13:30:00,45.69,45.715,45.67,45.6735,4266
2013-08-14 13:45:00,45.66,45.66,45.5518,45.57,15972
2013-08-14 14:00:00,45.57,45.6196,45.53,45.55,14239
2013-08-14 14:15:00,45.56,45.6,45.56,45.5752,10922
2013-08-14 14:30:00,45.553999999999995,45.6,45.55,45.6,9055
2013-08-14 14:45:00,45.6,45.65,45.57,45.63,11359
2013-08-14 15:00:00,45.61,45.63,45.495,45.505,25865
2013-08-14 15:15:00,45.5,45.525,45.47,45.52,29644
2013-08-14 15:30:00,45.52,45.53,45.49,45.5,18830
2013-08-14 15:45:00,45.49100000000001,45.5,45.45,45.5,18249
2013-08-14 16:00:00,45.49,45.5,45.44,45.45,50838
2013-08-15 09:45:00,45.21,45.33,45.1001,45.11,34664
2013-08-15 10:00:00,45.16,45.16,44.78,44.84,11082
2013-08-15 10:15:00,44.84,44.89,44.76,44.82,20925
2013-08-15 10:30:00,44.81,45.05,44.79,45.01,14694
2013-08-15 10:45:00,45.02,45.09,45.01,45.06,17129
2013-08-15 11:00:00,45.0601,45.09,45.0,45.05,25794
2013-08-15 11:15:00,45.06,45.095,44.92,45.005,34736
2013-08-15 11:30:00,45.0,45.1,44.96,45.028999999999996,25704
2013-08-15 11:45:00,45.0,45.025,44.92,44.9201,17118
2013-08-15 12:00:00,44.935,45.06,44.931000000000004,45.05,27942
2013-08-15 12:15:00,45.05,45.06,44.9515,45.001999999999995,18538
2013-08-15 12:30:00,45.001999999999995,45.02,44.95,45.02,22104
2013-08-15 12:45:00,45.02,45.05,45.0,45.01,16001
2013-08-15 13:00:00,45.02,45.03,45.0,45.02,14320
2013-08-15 13:15:00,45.0,45.005,44.77,44.83,19809
2013-08-15 13:30:00,44.83,44.88,44.78,44.85,13256
2013-08-15 13:45:00,44.83,44.99,44.83,44.98,29219
2013-08-15 14:00:00,44.99,45.05,44.99,45.05,27610
2013-08-15 14:15:00,45.04,45.045,44.99,44.995,41272
2013-08-15 14:30:00,44.99,45.13,44.99,45.12,22779
2013-08-15 14:45:00,45.1,45.175,45.1,45.15,17290
2013-08-15 15:00:00,45.16,45.18,45.038000000000004,45.04,28382
2013-08-15 15:15:00,45.03,45.07,45.0,45.01,21443
2013-08-15 15:30:00,45.01,45.04,44.995,45.0384,26362
2013-08-15 15:45:00,45.035,45.09,45.0001,45.04,43190
2013-08-15 16:00:00,45.03,45.11,45.03,45.06,67768
2013-08-16 09:45:00,45.1,45.26,44.92,45.16,569166
2013-08-16 10:00:00,45.12,45.19,45.0,45.05,28767
2013-08-16 10:15:00,45.08,45.16,45.02,45.095,37277
2013-08-16 10:30:00,45.12,45.19,44.95,45.0548,113254
2013-08-16 10:45:00,45.06,45.2,45.01,45.11,22521
2013-08-16 11:00:00,45.12,45.17,45.02,45.1,40503
2013-08-16 11:15:00,45.08,45.09,44.99,45.04,21135
2013-08-16 11:30:00,45.03,45.06,44.9165,44.94,13476
2013-08-16 11:45:00,44.9278,45.05,44.9278,45.05,12046
2013-08-16 12:00:00,45.04,45.05,44.99,45.02,6419
2013-08-16 12:15:00,45.0,45.02,44.98,45.003,5891
2013-08-16 12:30:00,45.01,45.02,44.98,44.98,11781
2013-08-16 12:45:00,44.974,45.01,44.96,44.96,11548
2013-08-16 13:00:00,44.97,44.97,44.85,44.92,9480
2013-08-16 13:15:00,44.94,45.0,44.81,44.81,29648
2013-08-16 13:30:00,44.82,44.92,44.8,44.8896,27009
2013-08-16 13:45:00,44.9,44.91,44.82,44.825,14434
2013-08-16 14:00:00,44.83,44.93,44.81,44.925,20259
2013-08-16 14:15:00,44.92,44.9799,44.92,44.9699,18348
2013-08-16 14:30:00,44.96,44.96,44.89,44.96,20823
2013-08-16 14:45:00,44.95,45.0,44.94,44.99,17138
2013-08-16 15:00:00,44.99,45.08,44.99,45.07,21065
2013-08-16 15:15:00,45.06,45.07,44.97,44.97,32815
2013-08-16 15:30:00,44.97,45.0,44.965,44.98,27355
2013-08-16 15:45:00,44.975,44.99,44.92,44.92,27564
2013-08-16 16:00:00,44.92,44.93,44.88,44.9,83191
2013-08-19 09:45:00,44.93,45.28,44.82,44.9,122564
2013-08-19 10:00:00,44.915,44.99,44.85,44.96,12820
2013-08-19 10:15:00,44.97,45.04,44.966,45.01,15860
2013-08-19 10:30:00,44.99,45.04,44.84,44.86,20453
2013-08-19 10:45:00,44.86,44.93,44.8,44.9,18691
2013-08-19 11:00:00,44.9,44.97,44.86,44.93,17980
2013-08-19 11:15:00,44.91,44.91,44.79,44.83,12745
2013-08-19 11:30:00,44.8401,44.87,44.8,44.85,15290
2013-08-19 11:45:00,44.85,45.0045,44.82,44.9748,39009
2013-08-19 12:00:00,44.99,45.02,44.92,44.98,23370
2013-08-19 12:15:00,44.97,45.08,44.95,45.08,20673
2013-08-19 12:30:00,45.09,45.14,45.05,45.08,15124
2013-08-19 12:45:00,45.08,45.1,45.05,45.1,10500
2013-08-19 13:00:00,45.0999,45.16,45.08,45.15,11243
2013-08-19 13:15:00,45.16,45.18,45.1402,45.17,11618
2013-08-19 13:30:00,45.18,45.2,45.16,45.19,11470
2013-08-19 13:45:00,45.18,45.19,45.07,45.0998,17183
2013-08-19 14:00:00,45.1,45.14,45.06,45.13,41250
2013-08-19 14:15:00,45.13,45.2,45.11,45.2,19989
2013-08-19 14:30:00,45.2,45.21,45.1102,45.15,20408
2013-08-19 14:45:00,45.15,45.18,45.1,45.12,29097
2013-08-19 15:00:00,45.11,45.12,45.06,45.105,18686
2013-08-19 15:15:00,45.1,45.1,44.99,45.05,23591
2013-08-19 15:30:00,45.0551,45.11,45.0,45.01,27588
2013-08-19 15:45:00,45.0043,45.03,44.77,44.8,86358
2013-08-19 16:00:00,44.8,44.92,44.73,44.87,145077
2013-08-20 09:45:00,44.87,44.98,44.87,44.935,23116
2013-08-20 10:00:00,44.935,45.07,44.935,45.03,18116
2013-08-20 10:15:00,45.03,45.08,44.99,44.995,44497
2013-08-20 10:30:00,45.0,45.13,44.98,45.08,16624
2013-08-20 10:45:00,45.08,45.16,45.04,45.13,22529
2013-08-20 11:00:00,45.1599,45.18,45.13,45.17,8807
2013-08-20 11:15:00,45.175,45.22,45.13,45.17,10976
2013-08-20 11:30:00,45.17,45.19,45.12,45.13,30206
2013-08-20 11:45:00,45.15,45.17,45.13,45.15,22645
2013-08-20 12:00:00,45.15,45.17,45.11,45.14,12250
2013-08-20 12:15:00,45.16,45.17,45.12,45.15,13814
2013-08-20 12:30:00,45.15,45.16,45.11,45.14,18114
2013-08-20 12:45:00,45.14,45.1698,45.13,45.155,25118
2013-08-20 13:00:00,45.15,45.17,45.1,45.12,16107
2013-08-20 13:15:00,45.11,45.14,45.09,45.12,14712
2013-08-20 13:30:00,45.1,45.1,45.05,45.07,20997
2013-08-20 13:45:00,45.06,45.13,45.055,45.11,15685
2013-08-20 14:00:00,45.105,45.15,45.09,45.1,17761
2013-08-20 14:15:00,45.095,45.13,45.07,45.07,26858
2013-08-20 14:30:00,45.07,45.16,45.04,45.14,30669
2013-08-20 14:45:00,45.13,45.21,45.13,45.1797,19582
2013-08-20 15:00:00,45.16,45.22,45.155,45.17,18029
2013-08-20 15:15:00,45.17,45.22,45.17,45.195,22940
2013-08-20 15:30:00,45.2,45.26,45.2,45.245,24789
2013-08-20 15:45:00,45.24,45.24,45.16,45.16,45923
2013-08-20 16:00:00,45.15,45.17,45.09,45.09,87044
2013-08-21 09:45:00,44.93,45.1,44.87,45.075,29595
2013-08-21 10:00:00,45.07,45.0734,44.96,45.0,37300
2013-08-21 10:15:00,44.98,45.07,44.91,44.94,46831
2013-08-21 10:30:00,44.945,45.01,44.93,44.96,19458
2013-08-21 10:45:00,44.96,45.03,44.94,45.03,8949
2013-08-21 11:00:00,45.03,45.115,45.02,45.02,26437
2013-08-21 11:15:00,45.06,45.07,44.99,45.02,18520
2013-08-21 11:30:00,45.0225,45.0225,44.91,44.92,23009
2013-08-21 11:45:00,44.92,44.955,44.8965,44.9204,25618
2013-08-21 12:00:00,44.9203,44.94,44.77,44.94,15298
2013-08-21 12:15:00,44.9,44.94,44.77,44.825,10612
2013-08-21 12:30:00,44.82,44.91,44.82,44.85,9650
2013-08-21 12:45:00,44.85,44.89,44.79,44.79,14330
2013-08-21 13:00:00,44.79,44.825,44.785,44.81,5962
2013-08-21 13:15:00,44.81,44.93,44.77,44.93,11999
2013-08-21 13:30:00,44.95,44.99,44.92,44.97,7903
2013-08-21 13:45:00,44.96,44.995,44.93,44.965,7828
2013-08-21 14:00:00,44.94,44.957,44.89,44.91,7237
2013-08-21 14:15:00,44.91,44.92,44.74,44.83,30339
2013-08-21 14:30:00,44.82,44.87,44.74,44.84,12094
2013-08-21 14:45:00,44.86,45.0521,44.86,45.0521,13934
2013-08-21 15:00:00,45.06,45.13,45.04,45.07,14325
2013-08-21 15:15:00,45.07,45.08,44.99,45.07,13641
2013-08-21 15:30:00,45.07,45.07,44.92,44.92,13315
2013-08-21 15:45:00,44.91,44.99,44.84,44.89,20699
2013-08-21 16:00:00,44.88,44.88,44.74,44.76,56357
2013-08-22 09:45:00,44.86,45.01,44.69,45.01,36562
2013-08-22 10:00:00,45.02,45.06,44.94,44.995,34397
2013-08-22 10:15:00,45.02,45.05,44.85,44.915,17412
2013-08-22 10:30:00,44.93,45.04,44.93,45.0,13849
2013-08-22 10:45:00,45.01,45.16,44.99,45.155,11575
2013-08-22 11:00:00,45.14,45.165,45.05,45.1,8899
2013-08-22 11:15:00,45.1,45.175,45.1,45.125,12400
2013-08-22 11:30:00,45.13,45.185,45.09,45.1,16913
2013-08-22 11:45:00,45.108999999999995,45.195,45.09,45.13,14532
2013-08-22 12:00:00,45.14,45.3,45.135,45.3,31619
2013-08-22 12:15:00,45.3,45.37,45.29,45.37,16669
2013-08-22 12:30:00,45.36,45.39,45.3599,45.372,1601
2013-08-22 13:15:00,45.35,45.35,45.35,45.35,100
2013-08-22 13:30:00,45.35,45.35,45.35,45.35,200
2013-08-22 15:30:00,45.53,45.6,45.23,45.36,13076
2013-08-22 15:45:00,45.36,45.365,45.32,45.325,47729
2013-08-22 16:00:00,45.32,45.33,45.25,45.26,119618
2013-08-23 09:45:00,45.42,45.42,45.14,45.14,33360
2013-08-23 10:00:00,45.14,45.25,45.105,45.19,33777
2013-08-23 10:15:00,45.19,45.25,45.12,45.19,31243
2013-08-23 10:30:00,45.18,45.23,45.12,45.14,37568
2013-08-23 10:45:00,45.14,45.225,45.14,45.18,11017
2013-08-23 11:00:00,45.19,45.29,45.18,45.29,12271
2013-08-23 11:15:00,45.3,45.32,45.21,45.23,12999
2013-08-23 11:30:00,45.25,45.285,45.2,45.23,11676
2013-08-23 11:45:00,45.225,45.345,45.225,45.34,19699
2013-08-23 12:00:00,45.35,45.45,45.34,45.42,18100
2013-08-23 12:15:00,45.42,45.5,45.42,45.49,23896
2013-08-23 12:30:00,45.5,45.56,45.4801,45.56,18751
2013-08-23 12:45:00,45.57,45.665,45.555,45.63,27972
2013-08-23 13:00:00,45.64,45.64,45.58,45.64,25317
2013-08-23 13:15:00,45.645,45.67,45.553000000000004,45.59,34533
2013-08-23 13:30:00,45.5955,45.65,45.5955,45.63,15394
2013-08-23 13:45:00,45.625,45.66,45.62,45.65,12900
2013-08-23 14:00:00,45.68,45.7086,45.67,45.69,13824
2013-08-23 14:15:00,45.7,45.785,45.695,45.78,20510
2013-08-23 14:30:00,45.77,45.84,45.76,45.84,23077
2013-08-23 14:45:00,45.84,45.9,45.83,45.875,22734
2013-08-23 15:00:00,45.88,46.01,45.87,46.01,30346
2013-08-23 15:15:00,46.005,46.03,45.97,46.01,39005
2013-08-23 15:30:00,46.015,46.14,46.01,46.14,42307
2013-08-23 15:45:00,46.12,46.125,46.01,46.035,55668
2013-08-23 16:00:00,46.04,46.15,46.04,46.1,128870
2013-08-26 09:45:00,47.61,47.61,46.9186,47.0,270548
2013-08-26 10:00:00,46.98,47.04,46.84,46.84,115272
2013-08-26 10:15:00,46.84,46.92,46.81,46.81,43805
2013-08-26 10:30:00,46.84,46.845,46.7,46.795,39169
2013-08-26 10:45:00,46.8,46.9,46.73,46.89,44273
2013-08-26 11:00:00,46.92,46.92,46.81,46.84,119670
2013-08-26 11:15:00,46.84,46.86,46.65,46.68,47052
2013-08-26 11:30:00,46.7,46.73,46.55,46.63,39725
2013-08-26 11:45:00,46.64,46.75,46.58,46.63,35239
2013-08-26 12:00:00,46.62,46.72,46.583,46.71,26785
2013-08-26 12:15:00,46.7,46.71,46.56,46.6,15289
2013-08-26 12:30:00,46.59,46.61,46.56,46.57,19110
2013-08-26 12:45:00,46.58,46.65,46.58,46.59,26538
2013-08-26 13:00:00,46.6,46.66,46.5899,46.66,17633
2013-08-26 13:15:00,46.67,46.685,46.58,46.605,52195
2013-08-26 13:30:00,46.6,46.61,46.48,46.49,34863
2013-08-26 13:45:00,46.49,46.52,46.49,46.52,23804
2013-08-26 14:00:00,46.53,46.55,46.51,46.53,12440
2013-08-26 14:15:00,46.52,46.6,46.51,46.57,94102
2013-08-26 14:30:00,46.55,46.565,46.54,46.55,21178
2013-08-26 14:45:00,46.55,46.56,46.53,46.53,37445
2013-08-26 15:00:00,46.5201,46.57,46.52,46.57,20219
2013-08-26 15:15:00,46.57,46.6,46.45,46.45,39457
2013-08-26 15:30:00,46.44,46.465,46.29,46.36,52895
2013-08-26 15:45:00,46.37,46.41,46.35,46.4,75139
2013-08-26 16:00:00,46.39,46.415,46.35,46.39,142942
2013-08-27 09:45:00,46.07,46.16,45.79,45.908,43838
2013-08-27 10:00:00,45.94,46.125,45.75,45.78,38071
2013-08-27 10:15:00,45.78,45.9,45.72,45.81,24659
2013-08-27 10:30:00,45.82,45.82,45.61,45.625,28418
2013-08-27 10:45:00,45.66,45.83,45.65,45.82,13637
2013-08-27 11:00:00,45.86,45.92,45.745,45.92,24993
2013-08-27 11:15:00,45.92,45.95,45.75,45.76,22887
2013-08-27 11:30:00,45.77,45.92,45.75,45.9,8863
2013-08-27 11:45:00,45.89,45.91,45.79,45.79,26595
2013-08-27 12:00:00,45.79,45.89,45.76,45.785,42943
2013-08-27 12:15:00,45.781000000000006,45.82,45.68,45.69,12412
2013-08-27 12:30:00,45.69,45.71,45.61,45.67,8907
2013-08-27 12:45:00,45.66,45.809,45.66,45.77,15967
2013-08-27 13:00:00,45.78,45.79,45.71,45.74,13128
2013-08-27 13:15:00,45.73,45.81,45.73,45.78,23092
2013-08-27 13:30:00,45.78,45.785,45.7,45.72,17718
2013-08-27 13:45:00,45.73,45.82,45.73,45.8,36781
2013-08-27 14:00:00,45.8,45.81,45.72,45.72,25645
2013-08-27 14:15:00,45.72,45.72,45.6,45.6,20284
2013-08-27 14:30:00,45.61,45.695,45.6,45.62,14331
2013-08-27 14:45:00,45.66,45.69,45.6,45.684,15392
2013-08-27 15:00:00,45.685,45.685,45.62,45.62,13987
2013-08-27 15:15:00,45.62,45.68,45.5882,45.62,39592
2013-08-27 15:30:00,45.62,45.66,45.59,45.64,39564
2013-08-27 15:45:00,45.63,45.63,45.54,45.6,76562
2013-08-27 16:00:00,45.59,45.66,45.55,45.57,82770
2013-08-28 09:45:00,45.56,45.66,45.33,45.56,45222
2013-08-28 10:00:00,45.57,45.63,45.39,45.4,49916
2013-08-28 10:15:00,45.42,45.51,45.38,45.46,19745
2013-08-28 10:30:00,45.47,45.59,45.45,45.55,22138
2013-08-28 10:45:00,45.56,45.64,45.45,45.57,40370
2013-08-28 11:00:00,45.58,45.615,45.53,45.6,15247
2013-08-28 11:15:00,45.6,45.62,45.535,45.615,28781
2013-08-28 11:30:00,45.6,45.6,45.53,45.535,9500
2013-08-28 11:45:00,45.54,45.57,45.51,45.5637,12421
2013-08-28 12:00:00,45.55,45.68,45.55,45.67,8537
2013-08-28 12:15:00,45.64,45.65,45.56,45.59,7902
2013-08-28 12:30:00,45.59,45.646,45.56,45.645,11999
2013-08-28 12:45:00,45.64,45.64,45.57,45.58,8100
2013-08-28 13:00:00,45.58,45.675,45.57,45.66,11929
2013-08-28 13:15:00,45.64,45.67,45.61,45.62,6691
2013-08-28 13:30:00,45.62,45.63,45.58,45.63,8060
2013-08-28 13:45:00,45.63,45.63,45.581,45.6,6451
2013-08-28 14:00:00,45.6,45.61,45.57,45.6,10125
2013-08-28 14:15:00,45.6,45.61,45.45,45.505,11280
2013-08-28 14:30:00,45.51,45.555,45.51,45.54,8877
2013-08-28 14:45:00,45.54,45.55,45.48,45.5332,20637
2013-08-28 15:00:00,45.5332,45.58,45.5,45.54,14165
2013-08-28 15:15:00,45.55,45.64,45.54,45.6,12647
2013-08-28 15:30:00,45.6,45.67,45.57,45.66,28662
2013-08-28 15:45:00,45.67,45.72,45.645,45.66,32015
2013-08-28 16:00:00,45.67,45.705,45.61,45.63,85220
2013-08-29 09:45:00,45.43,45.68,45.4,45.56,25484
2013-08-29 10:00:00,45.6,45.68,45.47,45.5,18258
2013-08-29 10:15:00,45.51,45.58,45.49,45.57,9356
2013-08-29 10:30:00,45.57,45.575,45.46,45.485,216583
2013-08-29 10:45:00,45.48,45.68,45.47,45.67,34690
2013-08-29 11:00:00,45.67,45.72,45.6,45.7,16649
2013-08-29 11:15:00,45.7,45.75,45.68,45.71,20748
2013-08-29 11:30:00,45.7,45.77,45.69,45.77,21118
2013-08-29 11:45:00,45.765,45.79,45.74,45.78,7950
2013-08-29 12:00:00,45.78,45.78,45.7,45.78,7849
2013-08-29 12:15:00,45.8,45.81,45.72,45.73,6138
2013-08-29 12:30:00,45.74,45.74,45.69,45.72,5951
2013-08-29 12:45:00,45.72,45.72,45.63,45.65,4300
2013-08-29 13:00:00,45.65,45.7,45.63,45.7,9819
2013-08-29 13:15:00,45.695,45.76,45.69,45.74,12772
2013-08-29 13:30:00,45.7405,45.7405,45.66,45.735,15112
2013-08-29 13:45:00,45.725,45.73,45.66,45.69,77851
2013-08-29 14:00:00,45.68,45.724,45.65,45.72,14388
2013-08-29 14:15:00,45.71,45.87,45.7,45.86,14393
2013-08-29 14:30:00,45.86,45.9,45.81,45.87,14843
2013-08-29 14:45:00,45.87,45.935,45.87,45.87,12352
2013-08-29 15:00:00,45.88,45.885,45.78,45.78,72811
2013-08-29 15:15:00,45.78,45.78,45.59,45.63,59354
2013-08-29 15:30:00,45.64,45.7444,45.59,45.59,39466
2013-08-29 15:45:00,45.6,45.64,45.5497,45.64,46169
2013-08-29 16:00:00,45.64,45.68,45.6,45.63,112100
2013-08-30 09:45:00,45.69,45.69,45.42,45.5702,15982
2013-08-30 10:00:00,45.51,45.6,45.5,45.57,8443
2013-08-30 10:15:00,45.59,45.59,45.29,45.3,8100
2013-08-30 10:30:00,45.3,45.37,45.28,45.28,12704
2013-08-30 10:45:00,45.29,45.34,45.208999999999996,45.23,14769
2013-08-30 11:00:00,45.2268,45.23,45.151,45.22,21586
2013-08-30 11:15:00,45.22,45.33,45.21,45.33,9150
2013-08-30 11:30:00,45.34,45.35,45.29,45.31,7686
2013-08-30 11:45:00,45.3,45.315,45.24,45.3,121719
2013-08-30 12:00:00,45.32,45.5,45.3144,45.49,25927
2013-08-30 12:15:00,45.49,45.57,45.48,45.53,10986
2013-08-30 12:30:00,45.54,45.59,45.518,45.57,11292
2013-08-30 12:45:00,45.57,45.58,45.44,45.45,7567
2013-08-30 13:00:00,45.48,45.55,45.48,45.55,5973
2013-08-30 13:15:00,45.55,45.62,45.43,45.6,71798
2013-08-30 13:30:00,45.6,45.715,45.6,45.67,29669
2013-08-30 13:45:00,45.66,45.66,45.5886,45.61,17227
2013-08-30 14:00:00,45.62,45.7,45.56,45.56,10696
2013-08-30 14:15:00,45.53,45.585,45.47,45.47,12836
2013-08-30 14:30:00,45.46,45.51,45.45,45.45,10386
2013-08-30 14:45:00,45.45,45.54,45.45,45.47,113498
2013-08-30 15:00:00,45.48,45.51,45.46,45.51,15170
2013-08-30 15:15:00,45.505,45.64,45.49,45.64,24938
2013-08-30 15:30:00,45.64,45.72,45.59,45.65,73934
2013-08-30 15:45:00,45.63,45.63,45.47,45.5,61138
2013-08-30 16:00:00,45.49,45.66,45.47,45.58,197526
2013-09-03 09:45:00,46.07,46.3,45.99,46.15,74268
2013-09-03 10:00:00,46.145,46.3,46.14,46.25,53380
2013-09-03 10:15:00,46.25,46.3,46.18,46.245,34382
2013-09-03 10:30:00,46.245,46.25,46.001000000000005,46.09,30379
2013-09-03 10:45:00,46.09,46.21,46.07,46.21,8458
2013-09-03 11:00:00,46.2116,46.305,46.2,46.26,15152
2013-09-03 11:15:00,46.26,46.33,46.24,46.3,26592
2013-09-03 11:30:00,46.29,46.31,46.19,46.19,52040
2013-09-03 11:45:00,46.17,46.233999999999995,46.005,46.05,95749
2013-09-03 12:00:00,46.04,46.06,45.86,45.91,31136
2013-09-03 12:15:00,45.9,45.95,45.8,45.83,68265
2013-09-03 12:30:00,45.83,45.946000000000005,45.83,45.92,12381
2013-09-03 12:45:00,45.91,45.91,45.79,45.84,36367
2013-09-03 13:00:00,45.84,45.89,45.82,45.82,16841
2013-09-03 13:15:00,45.81,45.86,45.75,45.86,61371
2013-09-03 13:30:00,45.82,45.82,45.74,45.8,13800
2013-09-03 13:45:00,45.81,45.845,45.77,45.82,26010
2013-09-03 14:00:00,45.82,45.89,45.81,45.83,45971
2013-09-03 14:15:00,45.83,45.93,45.82,45.9,14455
2013-09-03 14:30:00,45.8925,45.92,45.84,45.92,30979
2013-09-03 14:45:00,45.9,45.93,45.85,45.85,37893
2013-09-03 15:00:00,45.85,45.945,45.85,45.94,28881
2013-09-03 15:15:00,45.93,46.105,45.93,46.105,26154
2013-09-03 15:30:00,46.1,46.15,46.1,46.13,42573
2013-09-03 15:45:00,46.13,46.275,46.13,46.2352,70713
2013-09-03 16:00:00,46.23,46.28,46.16,46.28,211924
2013-09-04 09:45:00,46.31,46.38,46.19,46.32,32973
2013-09-04 10:00:00,46.32,46.48,46.27,46.43,56130
2013-09-04 10:15:00,46.44,46.5,46.42,46.5,45232
2013-09-04 10:30:00,46.5,46.56,46.43,46.56,46456
2013-09-04 10:45:00,46.57,46.63,46.545,46.6,16301
2013-09-04 11:00:00,46.58,46.66,46.58,46.58,31761
2013-09-04 11:15:00,46.58,46.63,46.5406,46.571999999999996,49029
2013-09-04 11:30:00,46.571999999999996,46.58,46.46,46.51,16450
2013-09-04 11:45:00,46.52,46.54,46.49,46.52,8330
2013-09-04 12:00:00,46.53,46.65,46.53,46.63,52343
2013-09-04 12:15:00,46.64,46.67,46.585,46.59,17957
2013-09-04 12:30:00,46.59,46.67,46.58,46.67,9700
2013-09-04 12:45:00,46.66,46.75,46.6516,46.75,39237
2013-09-04 13:00:00,46.75,46.82,46.72,46.76,30745
2013-09-04 13:15:00,46.76,46.765,46.68,46.7,19574
2013-09-04 13:30:00,46.71,46.7972,46.705,46.745,16222
2013-09-04 13:45:00,46.74,46.77,46.71,46.76,20795
2013-09-04 14:00:00,46.75,46.7572,46.71,46.71,15763
2013-09-04 14:15:00,46.71,46.77,46.71,46.76,45603
2013-09-04 14:30:00,46.76,46.77,46.745,46.755,24903
2013-09-04 14:45:00,46.755,46.805,46.75,46.79,39323
2013-09-04 15:00:00,46.79,46.8,46.76,46.8,16828
2013-09-04 15:15:00,46.8,46.805,46.75,46.75,136891
2013-09-04 15:30:00,46.75,46.77,46.68,46.68,54784
2013-09-04 15:45:00,46.685,46.73,46.62,46.725,118649
2013-09-04 16:00:00,46.73,46.8,46.7,46.73,137793
2013-09-05 09:45:00,46.76,47.04,46.73,46.95,101308
2013-09-05 10:00:00,46.97,47.08,46.95,46.98,247843
2013-09-05 10:15:00,46.99,47.01,46.73,46.9,288880
2013-09-05 10:30:00,46.9,47.0,46.83,47.0,82082
2013-09-05 10:45:00,46.995,47.0,46.87,46.97,29222
2013-09-05 11:00:00,46.98,47.0,46.96,46.96,36417
2013-09-05 11:15:00,46.9699,47.0,46.9699,47.0,15508
2013-09-05 11:30:00,46.998000000000005,47.04,46.93,46.96,26104
2013-09-05 11:45:00,46.98,47.0,46.97,46.99,13503
2013-09-05 12:00:00,46.99,47.0,46.98,47.0,14130
2013-09-05 12:15:00,47.0,47.005,46.985,47.0,30684
2013-09-05 12:30:00,46.99,47.05,46.98,47.03,15473
2013-09-05 12:45:00,47.035,47.035,47.0,47.02,10432
2013-09-05 13:00:00,47.03,47.03,46.98,47.01,17690
2013-09-05 13:15:00,47.02,47.05,47.005,47.005,12354
2013-09-05 13:30:00,47.01,47.1,47.01,47.1,12774
2013-09-05 13:45:00,47.1,47.1,47.055,47.07,18031
2013-09-05 14:00:00,47.06,47.15,47.06,47.14,25360
2013-09-05 14:15:00,47.14,47.24,47.13,47.232,69273
2013-09-05 14:30:00,47.24,47.33,47.232,47.33,31549
2013-09-05 14:45:00,47.34,47.355,47.31,47.3139,27600
2013-09-05 15:00:00,47.32,47.48,47.32,47.48,60817
2013-09-05 15:15:00,47.47,47.48,47.42,47.42,47566
2013-09-05 15:30:00,47.43,47.495,47.43,47.49,39098
2013-09-05 15:45:00,47.49,47.57,47.48,47.56,103949
2013-09-05 16:00:00,47.56,47.59,47.52,47.56,189422
2013-09-06 09:45:00,47.56,47.69,47.47,47.55,66650
2013-09-06 10:00:00,47.54,47.66,47.48,47.575,86013
2013-09-06 10:15:00,47.55,47.58,47.35,47.52,62970
2013-09-06 10:30:00,47.52,47.63,47.45,47.61,34897
2013-09-06 10:45:00,47.63,47.74,47.57,47.72,32896
2013-09-06 11:00:00,47.72,47.87,47.69,47.85,38118
2013-09-06 11:15:00,47.85,47.9,47.81,47.89,50354
2013-09-06 11:30:00,47.891999999999996,47.98,47.89,47.89,38915
2013-09-06 11:45:00,47.89,47.905,47.795,47.9,27703
2013-09-06 12:00:00,47.91,48.0,47.88,48.0,22635
2013-09-06 12:15:00,47.995,48.06,47.97,48.06,37067
2013-09-06 12:30:00,48.05,48.09,48.05,48.0861,17254
2013-09-06 12:45:00,48.08,48.11,48.04,48.1,54310
2013-09-06 13:00:00,48.105,48.11,48.075,48.11,27010
2013-09-06 13:15:00,48.1,48.29,48.1,48.27,76925
2013-09-06 13:30:00,48.28,48.36,48.27,48.35,58628
2013-09-06 13:45:00,48.35,48.37,48.31,48.37,45124
2013-09-06 14:00:00,48.37,48.4778,48.32,48.41,50269
2013-09-06 14:15:00,48.41,48.54,48.409,48.51,179626
2013-09-06 14:30:00,48.51,48.52,48.34,48.35,37843
2013-09-06 14:45:00,48.34,48.37,48.27,48.33,56097
2013-09-06 15:00:00,48.32,48.365,48.28,48.28,28625
2013-09-06 15:15:00,48.29,48.32,48.26,48.32,84827
2013-09-06 15:30:00,48.31,48.31,48.21,48.235,45282
2013-09-06 15:45:00,48.23,48.26,48.2,48.2,82392
2013-09-06 16:00:00,48.19,48.195,47.98,47.99,191184
2013-09-09 09:45:00,47.96,48.24,47.96,48.035,42249
2013-09-09 10:00:00,48.08,48.13,47.95,48.06,85406
2013-09-09 10:15:00,48.08,48.18,48.05,48.13,40117
2013-09-09 10:30:00,48.1295,48.13,48.0499,48.065,39032
2013-09-09 10:45:00,48.06,48.15,48.06,48.145,24061
2013-09-09 11:00:00,48.14,48.17,48.07,48.17,20821
2013-09-09 11:15:00,48.17,48.17,48.085,48.093,22321
2013-09-09 11:30:00,48.0925,48.11,48.07,48.08,34968
2013-09-09 11:45:00,48.08,48.17,48.08,48.15,32108
2013-09-09 12:00:00,48.15,48.153999999999996,48.07,48.14,40020
2013-09-09 12:15:00,48.14,48.16,48.07,48.14,55518
2013-09-09 12:30:00,48.13,48.135,48.08,48.09,48023
2013-09-09 12:45:00,48.09,48.1,48.08,48.09,28678
2013-09-09 13:00:00,48.09,48.09,48.07,48.07,27802
2013-09-09 13:15:00,48.0732,48.08,48.07,48.07,20895
2013-09-09 13:30:00,48.07,48.14,48.06,48.13,45019
2013-09-09 13:45:00,48.13,48.17,48.12,48.15,24694
2013-09-09 14:00:00,48.15,48.18,48.145,48.17,41750
2013-09-09 14:15:00,48.17,48.18,48.13,48.14,52732
2013-09-09 14:30:00,48.145,48.2,48.145,48.16,29415
2013-09-09 14:45:00,48.16,48.16,48.093999999999994,48.11,41310
2013-09-09 15:00:00,48.11,48.15,48.1,48.14,45672
2013-09-09 15:15:00,48.15,48.15,48.12,48.125,68281
2013-09-09 15:30:00,48.12,48.13,48.075,48.13,83405
2013-09-09 15:45:00,48.12,48.15,48.11,48.13,83177
2013-09-09 16:00:00,48.13,48.18,48.13,48.15,187418
2013-09-10 09:45:00,48.24,48.475,48.22,48.35,34945
2013-09-10 10:00:00,48.35,48.52,48.32,48.33,48469
2013-09-10 10:15:00,48.3,48.46,48.26,48.46,42645
2013-09-10 10:30:00,48.48,48.665,48.42,48.63,41506
2013-09-10 10:45:00,48.63,48.65,48.45,48.49,31762
2013-09-10 11:00:00,48.49,48.49,48.29,48.29,28682
2013-09-10 11:15:00,48.29,48.36,48.27,48.35,33337
2013-09-10 11:30:00,48.35,48.35,48.13,48.14,58318
2013-09-10 11:45:00,48.14,48.14,48.0,48.02,67660
2013-09-10 12:00:00,48.0,48.02,47.91,48.02,104255
2013-09-10 12:15:00,48.01,48.02,47.93,47.94,84417
2013-09-10 12:30:00,47.94,47.95,47.79,47.79,57671
2013-09-10 12:45:00,47.79,47.79,47.64,47.65,82029
2013-09-10 13:00:00,47.65,47.67,47.52,47.53,120673
2013-09-10 13:15:00,47.53,47.55,47.335,47.34,92612
2013-09-10 13:30:00,47.34,47.56,47.33,47.41,96709
2013-09-10 13:45:00,47.41,47.485,47.31,47.45,75880
2013-09-10 14:00:00,47.46,47.48,47.365,47.43,73944
2013-09-10 14:15:00,47.43,47.57,47.39,47.51,130130
2013-09-10 14:30:00,47.515,47.515,47.24,47.24,96912
2013-09-10 14:45:00,47.24,47.38,46.93,46.94,172821
2013-09-10 15:00:00,46.93,47.17,46.92,47.12,175926
2013-09-10 15:15:00,47.13,47.24,47.08,47.11,97122
2013-09-10 15:30:00,47.11,47.34,47.11,47.34,127855
2013-09-10 15:45:00,47.335,47.335,47.1,47.1,178249
2013-09-10 16:00:00,47.11,47.18,47.065,47.17,337769
2013-09-11 09:45:00,47.05,47.4,47.05,47.34,62718
2013-09-11 10:00:00,47.33,47.33,47.175,47.26,48367
2013-09-11 10:15:00,47.265,47.46,47.25,47.395,53746
2013-09-11 10:30:00,47.395,47.4,47.12,47.13,34199
2013-09-11 10:45:00,47.13,47.275,47.1,47.18,36606
2013-09-11 11:00:00,47.17,47.2,47.11,47.19,27954
2013-09-11 11:15:00,47.185,47.23,47.165,47.23,34825
2013-09-11 11:30:00,47.23,47.29,47.215,47.26,23506
2013-09-11 11:45:00,47.25,47.4,47.24,47.28,32265
2013-09-11 12:00:00,47.28,47.295,47.17,47.17,21054
2013-09-11 12:15:00,47.17,47.24,47.12,47.21,25013
2013-09-11 12:30:00,47.21,47.31,47.21,47.31,38542
2013-09-11 12:45:00,47.32,47.33,47.21,47.21,27906
2013-09-11 13:00:00,47.21,47.37,47.19,47.31,27222
2013-09-11 13:15:00,47.31,47.33,47.21,47.25,24132
2013-09-11 13:30:00,47.255,47.27,47.11,47.19,28144
2013-09-11 13:45:00,47.2,47.26,47.15,47.16,18649
2013-09-11 14:00:00,47.16,47.36,47.16,47.205,31726
2013-09-11 14:15:00,47.21,47.22,47.14,47.195,29948
2013-09-11 14:30:00,47.201,47.22,47.14,47.19,26060
2013-09-11 14:45:00,47.18,47.2,47.125,47.18,32341
2013-09-11 15:00:00,47.17,47.193999999999996,47.1,47.11,27517
2013-09-11 15:15:00,47.105,47.18,47.04,47.04,38058
2013-09-11 15:30:00,47.05,47.11,46.99,47.0,66174
2013-09-11 15:45:00,47.01,47.15,47.0,47.095,97131
2013-09-11 16:00:00,47.09,47.15,47.06,47.15,142599
2013-09-12 09:45:00,47.04,47.158,46.7,46.93,39023
2013-09-12 10:00:00,46.97,47.11,46.9,46.9,34290
2013-09-12 10:15:00,46.94,46.94,46.81,46.82,36319
2013-09-12 10:30:00,46.8,46.8104,46.6,46.75,46233
2013-09-12 10:45:00,46.76,47.09,46.75,47.07,37010
2013-09-12 11:00:00,47.07,47.076,46.85,46.88,42498
2013-09-12 11:15:00,46.89,46.94,46.78,46.89,26660
2013-09-12 11:30:00,46.915,46.92,46.69,46.75,20200
2013-09-12 11:45:00,46.73,46.805,46.73,46.8,16851
2013-09-12 12:00:00,46.8,46.81,46.68,46.72,16099
2013-09-12 12:15:00,46.71,46.74,46.62,46.62,21025
2013-09-12 12:30:00,46.63,46.72,46.62,46.67,21891
2013-09-12 12:45:00,46.66,46.82,46.66,46.77,27900
2013-09-12 13:00:00,46.77,46.85,46.76,46.85,18400
2013-09-12 13:15:00,46.85,46.92,46.85,46.91,23798
2013-09-12 13:30:00,46.92,47.01,46.915,46.98,29356
2013-09-12 13:45:00,46.97,46.99,46.88,46.98,37574
2013-09-12 14:00:00,46.985,47.07,46.98,46.99,25379
2013-09-12 14:15:00,46.99,47.01,46.85,46.87,44779
2013-09-12 14:30:00,46.86,46.9,46.82,46.86,26637
2013-09-12 14:45:00,46.86,46.86,46.76,46.76,32224
2013-09-12 15:00:00,46.75,46.84,46.74,46.8,41836
2013-09-12 15:15:00,46.8,46.81,46.68,46.69,41389
2013-09-12 15:30:00,46.69,46.72,46.6,46.61,75050
2013-09-12 15:45:00,46.61,46.6703,46.58,46.59,95646
2013-09-12 16:00:00,46.58,46.59,46.455,46.49,286750
2013-09-13 09:45:00,46.56,46.73,46.36,46.63,56920
2013-09-13 10:00:00,46.61,46.75,46.45,46.58,30650
2013-09-13 10:15:00,46.575,46.575,46.35,46.41,25886
2013-09-13 10:30:00,46.41,46.41,46.29,46.3,48799
2013-09-13 10:45:00,46.3,46.3175,46.26,46.27,37038
2013-09-13 11:00:00,46.3,46.3,46.25,46.3,36700
2013-09-13 11:15:00,46.3,46.31,46.23,46.24,78277
2013-09-13 11:30:00,46.25,46.3,46.23,46.3,100274
2013-09-13 11:45:00,46.29,46.36,46.27,46.29,33299
2013-09-13 12:00:00,46.28,46.39,46.27,46.39,44322
2013-09-13 12:15:00,46.4,46.51,46.395,46.51,27134
2013-09-13 12:30:00,46.52,46.54,46.43,46.44,31433
2013-09-13 12:45:00,46.44,46.6,46.43,46.6,13028
2013-09-13 13:00:00,46.6,46.648,46.56,46.6,31307
2013-09-13 13:15:00,46.6,46.71,46.6,46.67,15315
2013-09-13 13:30:00,46.68,46.71,46.67,46.71,14950
2013-09-13 13:45:00,46.7,46.82,46.69,46.79,17270
2013-09-13 14:00:00,46.8,46.84,46.74,46.81,13773
2013-09-13 14:15:00,46.82,46.89,46.82,46.89,19958
2013-09-13 14:30:00,46.88,46.8861,46.84,46.86,14401
2013-09-13 14:45:00,46.85,46.85,46.78,46.84,15588
2013-09-13 15:00:00,46.84,46.86,46.77,46.77,21881
2013-09-13 15:15:00,46.78,46.8358,46.77,46.79,38034
2013-09-13 15:30:00,46.7858,46.79,46.705,46.71,26972
2013-09-13 15:45:00,46.71,46.8,46.66,46.7,50772
2013-09-13 16:00:00,46.69,46.82,46.69,46.81,98522
2013-09-16 09:45:00,47.4,47.53,47.11,47.22,84384
2013-09-16 10:00:00,47.21,47.35,47.21,47.32,9361
2013-09-16 10:15:00,47.38,47.42,47.23,47.35,9952
2013-09-16 10:30:00,47.35,47.41,47.24,47.39,23247
2013-09-16 10:45:00,47.39,47.5,47.36,47.42,20007
2013-09-16 11:00:00,47.45,47.51,47.43,47.49,20796
2013-09-16 11:15:00,47.51,47.61,47.5,47.58,27080
2013-09-16 11:30:00,47.57,47.644,47.57,47.644,17951
2013-09-16 11:45:00,47.64,47.65,47.56,47.6,13646
2013-09-16 12:00:00,47.6,47.62,47.52,47.58,11588
2013-09-16 12:15:00,47.59,47.59,47.53,47.57,16150
2013-09-16 12:30:00,47.57,47.57,47.41,47.49,10900
2013-09-16 12:45:00,47.49,47.52,47.4436,47.46,11480
2013-09-16 13:00:00,47.45,47.49,47.43,47.45,11696
2013-09-16 13:15:00,47.43,47.5,47.41,47.41,13152
2013-09-16 13:30:00,47.41,47.44,47.36,47.44,14713
2013-09-16 13:45:00,47.43,47.45,47.27,47.32,24765
2013-09-16 14:00:00,47.32,47.4,47.32,47.39,15022
2013-09-16 14:15:00,47.382,47.42,47.26,47.28,25057
2013-09-16 14:30:00,47.29,47.34,47.26,47.29,20460
2013-09-16 14:45:00,47.295,47.345,47.28,47.305,50365
2013-09-16 15:00:00,47.305,47.38,47.3,47.32,37762
2013-09-16 15:15:00,47.33,47.35,47.29,47.32,33595
2013-09-16 15:30:00,47.33,47.37,47.27,47.275,29941
2013-09-16 15:45:00,47.27,47.32,47.26,47.28,57236
2013-09-16 16:00:00,47.27,47.39,47.26,47.38,134208
2013-09-17 09:45:00,47.48,47.74,47.39,47.7,32165
2013-09-17 10:00:00,47.7,47.82,47.68,47.71,21393
2013-09-17 10:15:00,47.7,47.93,47.7,47.92,13753
2013-09-17 10:30:00,47.91,47.91,47.7348,47.748999999999995,13881
2013-09-17 10:45:00,47.74,47.77,47.68,47.68,10845
2013-09-17 11:00:00,47.68,47.7802,47.67,47.77,14858
2013-09-17 11:15:00,47.76,47.815,47.75,47.755,9727
2013-09-17 11:30:00,47.76,47.85,47.74,47.83,7507
2013-09-17 11:45:00,47.82,47.84,47.79,47.8,9300
2013-09-17 12:00:00,47.8,47.85,47.75,47.84,20530
2013-09-17 12:15:00,47.86,47.88,47.82,47.83,10118
2013-09-17 12:30:00,47.83,47.83,47.73,47.79,10779
2013-09-17 12:45:00,47.79,47.84,47.79,47.83,9635
2013-09-17 13:00:00,47.83,47.88,47.82,47.86,12325
2013-09-17 13:15:00,47.89,47.91,47.79,47.82,13818
2013-09-17 13:30:00,47.82,47.875,47.81,47.8722,7685
2013-09-17 13:45:00,47.88,47.91,47.82,47.83,14728
2013-09-17 14:00:00,47.83,47.8351,47.75,47.77,15071
2013-09-17 14:15:00,47.775,47.8,47.75,47.76,17652
2013-09-17 14:30:00,47.76,47.8,47.76,47.77,20860
2013-09-17 14:45:00,47.78,47.815,47.75,47.77,65647
2013-09-17 15:00:00,47.77,47.78,47.74,47.77,29795
2013-09-17 15:15:00,47.7761,47.79,47.685,47.69,37127
2013-09-17 15:30:00,47.69,47.695,47.64,47.65,39578
2013-09-17 15:45:00,47.65,47.7,47.63,47.65,36425
2013-09-17 16:00:00,47.64,47.75,47.64,47.75,128552
2013-09-18 09:45:00,47.78,47.98,47.66,47.79,26631
2013-09-18 10:00:00,47.8,47.8355,47.56,47.61,22458
2013-09-18 10:15:00,47.61,47.78,47.6,47.78,1701212
2013-09-18 10:30:00,47.75,47.855,47.75,47.8064,56693
2013-09-18 10:45:00,47.8002,48.01,47.791000000000004,47.99,64605
2013-09-18 11:00:00,47.98,47.98,47.85,47.86,20170
2013-09-18 11:15:00,47.88,47.919,47.865,47.865,11451
2013-09-18 11:30:00,47.865,47.92,47.85,47.92,49714
2013-09-18 11:45:00,47.92,47.92,47.89,47.9,11253
2013-09-18 12:00:00,47.9,47.945,47.8881,47.89,14049
2013-09-18 12:15:00,47.89,47.96,47.89,47.955,21543
2013-09-18 12:30:00,47.94,47.95,47.9,47.905,10194
2013-09-18 12:45:00,47.895,47.96,47.89,47.93,133927
2013-09-18 13:00:00,47.94,47.96,47.91,47.93,25941
2013-09-18 13:15:00,47.93,48.0,47.92,47.98,33312
2013-09-18 13:30:00,47.98,48.07,47.96,48.03,44092
2013-09-18 13:45:00,48.03,48.1,48.02,48.05,35802
2013-09-18 14:00:00,48.04,48.1,47.99,48.07,55963
2013-09-18 14:15:00,48.08,48.545,48.08,48.48,102538
2013-09-18 14:30:00,48.48,48.62,48.48,48.59,29989
2013-09-18 14:45:00,48.59,48.61,48.5,48.58,25253
2013-09-18 15:00:00,48.58,48.78,48.55,48.76,58737
2013-09-18 15:15:00,48.8,48.8,48.67,48.69,29801
2013-09-18 15:30:00,48.68,48.73,48.67,48.68,22855
2013-09-18 15:45:00,48.7,48.76,48.68,48.71,53611
2013-09-18 16:00:00,48.71,48.729,48.64,48.68,104435
2013-09-19 09:45:00,48.73,49.1,48.68,49.07,68509
2013-09-19 10:00:00,49.09,49.15,48.89,49.052,30418
2013-09-19 10:15:00,49.06,49.17,48.98,48.98,18408
2013-09-19 10:30:00,48.98,49.12,48.92,49.07,16237
2013-09-19 10:45:00,49.06,49.11,48.9876,49.1,36695
2013-09-19 11:00:00,49.11,49.16,49.06,49.16,10650
2013-09-19 11:15:00,49.17,49.23,49.12,49.18,27506
2013-09-19 11:30:00,49.18,49.26,49.17,49.21,18347
2013-09-19 11:45:00,49.23,49.245,49.06,49.23,37327
2013-09-19 12:00:00,49.2477,49.28,49.181000000000004,49.21,19990
2013-09-19 12:15:00,49.2,49.26,49.18,49.26,12183
2013-09-19 12:30:00,49.26,49.28,49.2,49.28,10704
2013-09-19 12:45:00,49.27,49.275,49.16,49.26,18798
2013-09-19 13:00:00,49.26,49.26,49.15,49.15,14004
2013-09-19 13:15:00,49.1502,49.22,49.07,49.22,27580
2013-09-19 13:30:00,49.23,49.25,49.15,49.208999999999996,18382
2013-09-19 13:45:00,49.218,49.265,49.17,49.18,20690
2013-09-19 14:00:00,49.18,49.225,49.08,49.15,24319
2013-09-19 14:15:00,49.14,49.32,49.1,49.25,33938
2013-09-19 14:30:00,49.25,49.36,49.24,49.33,24620
2013-09-19 14:45:00,49.33,49.34,49.27,49.33,26272
2013-09-19 15:00:00,49.34,49.41,49.34,49.41,57267
2013-09-19 15:15:00,49.41,49.41,49.34,49.38,46220
2013-09-19 15:30:00,49.38,49.45,49.37,49.45,52657
2013-09-19 15:45:00,49.45,49.45,49.37,49.4302,67557
2013-09-19 16:00:00,49.43,49.44,49.3,49.31,165913
2013-09-20 09:45:00,49.3,49.59,49.21,49.44,151800
2013-09-20 10:00:00,49.45,49.75,49.43,49.67,45683
2013-09-20 10:15:00,49.66,49.7,49.54,49.59,34941
2013-09-20 10:30:00,49.6,49.6,49.45,49.45,26409
2013-09-20 10:45:00,49.45,49.45,49.365,49.43,33945
2013-09-20 11:00:00,49.44,49.48,49.355,49.4,35213
2013-09-20 11:15:00,49.4,49.4,49.255,49.255,25205
2013-09-20 11:30:00,49.25,49.25,49.133,49.24,27259
2013-09-20 11:45:00,49.235,49.28,49.13,49.13,33270
2013-09-20 12:00:00,49.13,49.14,49.03,49.11,28691
2013-09-20 12:15:00,49.13,49.2,49.125,49.13,14099
2013-09-20 12:30:00,49.12,49.16,49.09,49.14,16863
2013-09-20 12:45:00,49.14,49.23,49.13,49.2299,15484
2013-09-20 13:00:00,49.22,49.3,49.22,49.28,21295
2013-09-20 13:15:00,49.27,49.27,49.18,49.22,13291
2013-09-20 13:30:00,49.215,49.22,49.05,49.1,19634
2013-09-20 13:45:00,49.1,49.15,49.07,49.08,11239
2013-09-20 14:00:00,49.08,49.15,49.0607,49.07,13369
2013-09-20 14:15:00,49.07,49.1,49.03,49.09,12280
2013-09-20 14:30:00,49.0901,49.12,49.05,49.06,17537
2013-09-20 14:45:00,49.07,49.12,49.04,49.08,20084
2013-09-20 15:00:00,49.08,49.23,49.08,49.19,21881
2013-09-20 15:15:00,49.18,49.18,49.06,49.099,29027
2013-09-20 15:30:00,49.1,49.12,49.0,49.01,25503
2013-09-20 15:45:00,49.01,49.09,48.99,49.02,44675
2013-09-20 16:00:00,49.04,49.04,48.75,48.79,367823
2013-09-23 09:45:00,48.83,48.91,48.4,48.44,67760
2013-09-23 10:00:00,48.44,48.59,48.38,48.42,29619
2013-09-23 10:15:00,48.46,48.6,48.45,48.525,115343
2013-09-23 10:30:00,48.54,48.55,48.345,48.35,41732
2013-09-23 10:45:00,48.35,48.39,48.295,48.36,31296
2013-09-23 11:00:00,48.36,48.36,48.17,48.17,18157
2013-09-23 11:15:00,48.175,48.28,48.15,48.205,25816
2013-09-23 11:30:00,48.22,48.385,48.22,48.305,45009
2013-09-23 11:45:00,48.31,48.36,48.28,48.28,24624
2013-09-23 12:00:00,48.27,48.3,48.24,48.28,51992
2013-09-23 12:15:00,48.28,48.4,48.27,48.4,54483
2013-09-23 12:30:00,48.39,48.45,48.39,48.42,15100
2013-09-23 12:45:00,48.43,48.445,48.39,48.3996,92254
2013-09-23 13:00:00,48.4,48.495,48.38,48.41,44108
2013-09-23 13:15:00,48.405,48.435,48.27,48.27,27690
2013-09-23 13:30:00,48.28,48.44,48.28,48.38,29049
2013-09-23 13:45:00,48.39,48.4,48.33,48.37,23098
2013-09-23 14:00:00,48.38,48.45,48.37,48.405,36039
2013-09-23 14:15:00,48.41,48.538000000000004,48.41,48.538000000000004,23631
2013-09-23 14:30:00,48.54,48.63,48.54,48.575,29198
2013-09-23 14:45:00,48.57,48.67,48.57,48.65,29981
2013-09-23 15:00:00,48.65,48.735,48.56,48.7,53814
2013-09-23 15:15:00,48.69,48.72,48.61,48.62,27591
2013-09-23 15:30:00,48.61,48.68,48.6,48.6,40739
2013-09-23 15:45:00,48.59,48.66,48.59,48.64,36853
2013-09-23 16:00:00,48.64,48.67,48.49,48.52,134940
2013-09-24 09:45:00,48.55,48.93,48.54,48.54,27504
2013-09-24 10:00:00,48.54,48.678000000000004,48.41,48.43,32754
2013-09-24 10:15:00,48.43,48.44,48.33,48.37,79423
2013-09-24 10:30:00,48.38,48.495,48.36,48.46,85808
2013-09-24 10:45:00,48.46,48.5,48.41,48.45,47290
2013-09-24 11:00:00,48.47,48.52,48.43,48.43,36980
2013-09-24 11:15:00,48.42,48.578,48.42,48.50899999999999,29994
2013-09-24 11:30:00,48.5075,48.555,48.475,48.475,29155
2013-09-24 11:45:00,48.49,48.58,48.49,48.55,27953
2013-09-24 12:00:00,48.52,48.55,48.44,48.55,24241
2013-09-24 12:15:00,48.54,48.57,48.46,48.51,26020
2013-09-24 12:30:00,48.51,48.52,48.46,48.49,16713
2013-09-24 12:45:00,48.495,48.51,48.468999999999994,48.5,24518
2013-09-24 13:00:00,48.498999999999995,48.5,48.45,48.47,13739
2013-09-24 13:15:00,48.48,48.5,48.46,48.5,23757
2013-09-24 13:30:00,48.5,48.505,48.46,48.5,32044
2013-09-24 13:45:00,48.5,48.5,48.45,48.5,22554
2013-09-24 14:00:00,48.5,48.505,48.48,48.49,19178
2013-09-24 14:15:00,48.49,48.525,48.475,48.488,28660
2013-09-24 14:30:00,48.485,48.505,48.44,48.45,21996
2013-09-24 14:45:00,48.44,48.47,48.43,48.47,25792
2013-09-24 15:00:00,48.47,48.48,48.41,48.4153,25596
2013-09-24 15:15:00,48.42,48.455,48.4,48.42,28882
2013-09-24 15:30:00,48.43,48.465,48.37,48.41,31780
2013-09-24 15:45:00,48.41,48.46,48.4,48.45,46351
2013-09-24 16:00:00,48.44,48.44,48.35,48.41,199570
2013-09-25 09:45:00,48.4,48.59,48.21,48.4,39047
2013-09-25 10:00:00,48.39,48.5,48.31,48.32,27669
2013-09-25 10:15:00,48.3199,48.47,48.18,48.28,28949
2013-09-25 10:30:00,48.28,48.39,48.25,48.39,24122
2013-09-25 10:45:00,48.36,48.47,48.3352,48.37,25268
2013-09-25 11:00:00,48.36,48.37,48.2,48.21,33300
2013-09-25 11:15:00,48.2,48.2,48.0,48.083999999999996,54234
2013-09-25 11:30:00,48.09,48.27,48.085,48.25,30823
2013-09-25 11:45:00,48.26,48.41,48.26,48.28,22455
2013-09-25 12:00:00,48.29,48.41,48.25,48.38,20676
2013-09-25 12:15:00,48.39,48.4,48.24,48.24,22124
2013-09-25 12:30:00,48.245,48.28,48.17,48.24,23435
2013-09-25 12:45:00,48.24,48.265,48.18,48.23,24276
2013-09-25 13:00:00,48.23,48.28,48.2,48.25,19927
2013-09-25 13:15:00,48.27,48.316,48.2,48.27,30458
2013-09-25 13:30:00,48.28,48.29,48.21,48.21,21428
2013-09-25 13:45:00,48.2,48.2,48.0,48.0,29054
2013-09-25 14:00:00,48.0,48.01,47.62,47.95,133196
2013-09-25 14:15:00,47.95,48.01,47.89,47.94,72027
2013-09-25 14:30:00,47.94,48.06,47.925,48.06,34207
2013-09-25 14:45:00,48.04,48.04,47.78,47.93,61911
2013-09-25 15:00:00,47.93,48.03,47.92,47.93,25452
2013-09-25 15:15:00,47.9368,48.02,47.915,47.93,58268
2013-09-25 15:30:00,47.93,48.0,47.88,47.92,54283
2013-09-25 15:45:00,47.93,47.97,47.91,47.94,67340
2013-09-25 16:00:00,47.93,47.97,47.89,47.91,122148
2013-09-26 09:45:00,48.36,48.36,47.73,47.8,36045
2013-09-26 10:00:00,47.79,47.83,47.755,47.77,22400
2013-09-26 10:15:00,47.74,47.81,47.68,47.73,27133
2013-09-26 10:30:00,47.7,47.78,47.66,47.68,29524
2013-09-26 10:45:00,47.69,47.82,47.69,47.73,30840
2013-09-26 11:00:00,47.72,47.72,47.595,47.64,17628
2013-09-26 11:15:00,47.64,47.665,47.52,47.665,16551
2013-09-26 11:30:00,47.67,47.67,47.55,47.58,36390
2013-09-26 11:45:00,47.58,47.61,47.55,47.57,47828
2013-09-26 12:00:00,47.57,47.6,47.51,47.5644,19049
2013-09-26 12:15:00,47.57,47.57,47.46,47.49,23402
2013-09-26 12:30:00,47.49,47.52,47.45,47.48,14800
2013-09-26 12:45:00,47.49,47.55,47.455,47.55,19619
2013-09-26 13:00:00,47.55,47.58,47.5,47.55,20342
2013-09-26 13:15:00,47.55,47.59,47.5,47.59,17645
2013-09-26 13:30:00,47.58,47.585,47.52,47.57,16466
2013-09-26 13:45:00,47.562,47.58,47.45,47.46,18508
2013-09-26 14:00:00,47.46,47.57,47.46,47.555,17769
2013-09-26 14:15:00,47.55,47.565,47.465,47.5,25289
2013-09-26 14:30:00,47.5,47.56,47.47,47.54,18712
2013-09-26 14:45:00,47.535,47.535,47.46,47.485,27375
2013-09-26 15:00:00,47.48,47.505,47.44,47.44,17227
2013-09-26 15:15:00,47.43,47.48,47.405,47.43,28719
2013-09-26 15:30:00,47.43,47.495,47.42,47.46,40952
2013-09-26 15:45:00,47.46,47.58,47.43,47.54,51481
2013-09-26 16:00:00,47.54,47.68,47.51,47.66,223550
2013-09-27 09:45:00,47.3,47.6115,47.23,47.53,60253
2013-09-27 10:00:00,47.52,47.54,47.4,47.47,44887
2013-09-27 10:15:00,47.47,47.55,47.24,47.34,35720
2013-09-27 10:30:00,47.34,47.4,47.32,47.34,20927
2013-09-27 10:45:00,47.35,47.36,47.24,47.285,42625
2013-09-27 11:00:00,47.29,47.32,47.25,47.29,38869
2013-09-27 11:15:00,47.28,47.29,47.17,47.25,26128
2013-09-27 11:30:00,47.24,47.25,47.145,47.17,35034
2013-09-27 11:45:00,47.17,47.2,47.13,47.16,40932
2013-09-27 12:00:00,47.16,47.215,47.12,47.21,43384
2013-09-27 12:15:00,47.21,47.32,47.16,47.3,41448
2013-09-27 12:30:00,47.3,47.35,47.29,47.33,23303
2013-09-27 12:45:00,47.34,47.38,47.29,47.38,31678
2013-09-27 13:00:00,47.36,47.46,47.31,47.46,19339
2013-09-27 13:15:00,47.46,47.51,47.45,47.5,15245
2013-09-27 13:30:00,47.5,47.51,47.44,47.45,15374
2013-09-27 13:45:00,47.44,47.51,47.42,47.46,19752
2013-09-27 14:00:00,47.46,47.49,47.44,47.465,19173
2013-09-27 14:15:00,47.47,47.49,47.41,47.41,23723
2013-09-27 14:30:00,47.4,47.425,47.37,47.41,17983
2013-09-27 14:45:00,47.39,47.42,47.32,47.38,26020
2013-09-27 15:00:00,47.37,47.43,47.35,47.355,22790
2013-09-27 15:15:00,47.36,47.39,47.33,47.35,21434
2013-09-27 15:30:00,47.355,47.46,47.34,47.46,30893
2013-09-27 15:45:00,47.455,47.5,47.41,47.44,40086
2013-09-27 16:00:00,47.45,47.45,47.35,47.38,157202
2013-09-30 09:45:00,47.11,47.16,46.9,47.115,43973
2013-09-30 10:00:00,47.09,47.0999,46.91,46.94,58481
2013-09-30 10:15:00,46.94,47.02,46.94,47.0,7500
2013-09-30 10:30:00,47.02,47.07,46.86,46.86,63774
2013-09-30 10:45:00,46.8506,47.07,46.825,47.06,22676
2013-09-30 11:00:00,47.05,47.07,46.96,47.06,13248
2013-09-30 11:15:00,47.05,47.095,46.98,46.99,13100
2013-09-30 11:30:00,46.99,47.145,46.99,47.14,13653
2013-09-30 11:45:00,47.13,47.1584,47.11,47.12,15867
2013-09-30 12:00:00,47.14,47.25,47.13,47.25,13112
2013-09-30 12:15:00,47.25,47.26,47.1028,47.12,41801
2013-09-30 12:30:00,47.11,47.11,47.0,47.03,31150
2013-09-30 12:45:00,47.04,47.12,46.96,47.12,28213
2013-09-30 13:00:00,47.11,47.18,47.095,47.16,15205
2013-09-30 13:15:00,47.15,47.2,47.13,47.15,16053
2013-09-30 13:30:00,47.1301,47.24,47.13,47.16,23397
2013-09-30 13:45:00,47.15,47.27,47.15,47.2,16778
2013-09-30 14:00:00,47.2,47.24,47.14,47.15,22002
2013-09-30 14:15:00,47.16,47.25,47.1,47.1935,42729
2013-09-30 14:30:00,47.22,47.22,47.11,47.13,27430
2013-09-30 14:45:00,47.14,47.22,47.0944,47.145,39733
2013-09-30 15:00:00,47.14,47.28,47.14,47.22,44218
2013-09-30 15:15:00,47.23,47.23,47.04,47.13,72316
2013-09-30 15:30:00,47.12,47.16,47.0,47.16,74837
2013-09-30 15:45:00,47.17,47.17,47.045,47.09,85893
2013-09-30 16:00:00,47.09,47.18,47.06,47.14,144382
2013-10-01 09:45:00,46.99,47.44,46.98,47.37,48961
2013-10-01 10:00:00,47.36,47.405,47.16,47.23,41259
2013-10-01 10:15:00,47.23,47.46,47.225,47.355,14813
2013-10-01 10:30:00,47.355,47.56,47.34,47.47,156545
2013-10-01 10:45:00,47.48,47.69,47.48,47.655,44039
2013-10-01 11:00:00,47.65,47.665,47.58,47.6,61430
2013-10-01 11:15:00,47.59,47.635,47.53,47.54,18385
2013-10-01 11:30:00,47.53,47.64,47.53,47.54,34039
2013-10-01 11:45:00,47.566,47.71,47.566,47.65,18615
2013-10-01 12:00:00,47.65,47.68,47.6301,47.68,29671
2013-10-01 12:15:00,47.71,47.73,47.67,47.7,10686
2013-10-01 12:30:00,47.69,47.78,47.68,47.74,19454
2013-10-01 12:45:00,47.74,47.74,47.645,47.68,12100
2013-10-01 13:00:00,47.675,47.73,47.57,47.57,7046
2013-10-01 13:15:00,47.57,47.66,47.55,47.645,12128
2013-10-01 13:30:00,47.645,47.67,47.58,47.63,44492
2013-10-01 13:45:00,47.64,47.65,47.575,47.64,43108
2013-10-01 14:00:00,47.64,47.68,47.59,47.62,21085
2013-10-01 14:15:00,47.62,47.63,47.54,47.54,57492
2013-10-01 14:30:00,47.55,47.55,47.395,47.42,21212
2013-10-01 14:45:00,47.4398,47.52,47.4398,47.52,18136
2013-10-01 15:00:00,47.52,47.61,47.48,47.58,23048
2013-10-01 15:15:00,47.57,47.58,47.485,47.505,31152
2013-10-01 15:30:00,47.51,47.52,47.435,47.46,36755
2013-10-01 15:45:00,47.47,47.54,47.46,47.51,67597
2013-10-01 16:00:00,47.5,47.63,47.46,47.63,108089
2013-10-02 09:45:00,47.35,47.37,47.01,47.04,88451
2013-10-02 10:00:00,47.04,47.06,46.92,46.96,21462
2013-10-02 10:15:00,46.96,46.99,46.75,46.86,62360
2013-10-02 10:30:00,46.86,47.0,46.79,47.0,12919
2013-10-02 10:45:00,46.98,47.09,46.95,47.07,10509
2013-10-02 11:00:00,47.08,47.1,47.03,47.08,7093
2013-10-02 11:15:00,47.06,47.14,47.04,47.1,41240
2013-10-02 11:30:00,47.1,47.21,47.09,47.21,10945
2013-10-02 11:45:00,47.21,47.29,47.17,47.18,26880
2013-10-02 12:00:00,47.18,47.3,47.17,47.26,9706
2013-10-02 12:15:00,47.3,47.34,47.29,47.31,12188
2013-10-02 12:30:00,47.32,47.39,47.31,47.37,8800
2013-10-02 12:45:00,47.37,47.405,47.35,47.4,14284
2013-10-02 13:00:00,47.4,47.4,47.31,47.37,8185
2013-10-02 13:15:00,47.38,47.41,47.38,47.39,8952
2013-10-02 13:30:00,47.38,47.405,47.35,47.4,16500
2013-10-02 13:45:00,47.4,47.4,47.27,47.355,40700
2013-10-02 14:00:00,47.36,47.385,47.3,47.325,23444
2013-10-02 14:15:00,47.32,47.33,47.19,47.19,25849
2013-10-02 14:30:00,47.2,47.32,47.16,47.315,26362
2013-10-02 14:45:00,47.315,47.315,47.17,47.2,17555
2013-10-02 15:00:00,47.22,47.305,47.22,47.2852,19890
2013-10-02 15:15:00,47.29,47.29,47.22,47.26,12414
2013-10-02 15:30:00,47.25,47.25,47.2,47.25,19009
2013-10-02 15:45:00,47.24,47.3,47.23,47.24,42554
2013-10-02 16:00:00,47.23,47.35,47.15,47.33,227385
2013-10-03 09:45:00,47.16,47.44,47.04,47.33,75374
2013-10-03 10:00:00,47.38,47.38,47.04,47.08,17200
2013-10-03 10:15:00,47.07,47.08,46.99,47.03,49103
2013-10-03 10:30:00,47.03,47.08,46.89,46.91,46783
2013-10-03 10:45:00,46.9,46.905,46.73,46.76,35696
2013-10-03 11:00:00,46.76,46.77,46.68,46.68,28689
2013-10-03 11:15:00,46.69,46.88,46.69,46.85,20559
2013-10-03 11:30:00,46.835,46.95,46.8,46.91,30647
2013-10-03 11:45:00,46.902,46.94,46.83,46.86,16844
2013-10-03 12:00:00,46.86,46.86,46.73,46.755,28746
2013-10-03 12:15:00,46.76,46.86,46.73,46.81,39259
2013-10-03 12:30:00,46.81,46.89,46.743,46.89,14367
2013-10-03 12:45:00,46.89,46.97,46.86,46.9,12798
2013-10-03 13:00:00,46.91,47.04,46.91,47.02,19500
2013-10-03 13:15:00,47.015,47.075,46.99,47.04,26486
2013-10-03 13:30:00,47.04,47.18,46.97,47.14,45389
2013-10-03 13:45:00,47.16,47.177,46.99,47.0,59966
2013-10-03 14:00:00,46.99,47.03,46.95,46.98,15680
2013-10-03 14:15:00,46.99,46.99,46.91,46.97,13660
2013-10-03 14:30:00,46.97,47.005,46.78,46.94,30624
2013-10-03 14:45:00,46.94,46.95,46.85,46.9,39143
2013-10-03 15:00:00,46.9,46.94,46.845,46.89,17891
2013-10-03 15:15:00,46.88,46.925,46.85,46.85,16972
2013-10-03 15:30:00,46.86,46.94,46.83,46.94,26009
2013-10-03 15:45:00,46.93,46.975,46.88,46.975,40470
2013-10-03 16:00:00,46.98,47.02,46.9,46.97,152631
2013-10-04 09:45:00,46.9,47.1003,46.82,47.0,32212
2013-10-04 10:00:00,46.97,47.25,46.96,47.17,12895
2013-10-04 10:15:00,47.17,47.25,47.14,47.21,9295
2013-10-04 10:30:00,47.2,47.26,47.06,47.1,78619
2013-10-04 10:45:00,47.11,47.26,47.1,47.14,13800
2013-10-04 11:00:00,47.14,47.29,47.13,47.28,23087
2013-10-04 11:15:00,47.276,47.29,47.2,47.23,26657
2013-10-04 11:30:00,47.22,47.22,47.14,47.2,8672
2013-10-04 11:45:00,47.2,47.2399,47.14,47.16,14343
2013-10-04 12:00:00,47.15,47.25,47.14,47.25,11257
2013-10-04 12:15:00,47.23,47.28,47.225,47.27,11813
2013-10-04 12:30:00,47.3,47.36,47.29,47.355,7760
2013-10-04 12:45:00,47.38,47.42,47.375,47.3998,8337
2013-10-04 13:00:00,47.39,47.4,47.36,47.39,8100
2013-10-04 13:15:00,47.3901,47.41,47.32,47.38,29825
2013-10-04 13:30:00,47.38,47.39,47.32,47.37,14867
2013-10-04 13:45:00,47.37,47.4,47.33,47.33,9270
2013-10-04 14:00:00,47.33,47.35,47.295,47.34,11874
2013-10-04 14:15:00,47.33,47.37,47.32,47.35,12710
2013-10-04 14:30:00,47.34,47.38,47.315,47.38,12937
2013-10-04 14:45:00,47.39,47.39,47.365,47.38,17301
2013-10-04 15:00:00,47.39,47.445,47.37,47.43,20295
2013-10-04 15:15:00,47.43,47.44,47.38,47.38,33595
2013-10-04 15:30:00,47.38,47.38,47.295,47.36,23896
2013-10-04 15:45:00,47.35,47.405,47.32,47.375,43869
2013-10-04 16:00:00,47.38,47.46,47.365,47.42,181166
2013-10-07 09:45:00,47.11,47.32,46.65,46.67,56865
2013-10-07 10:00:00,46.65,46.68,46.515,46.53,52518
2013-10-07 10:15:00,46.55,46.74,46.45,46.71,25931
2013-10-07 10:30:00,46.71,46.85,46.69,46.8,36555
2013-10-07 10:45:00,46.82,46.87,46.79,46.82,29554
2013-10-07 11:00:00,46.83,46.87,46.81,46.81,12024
2013-10-07 11:15:00,46.81,46.88,46.76,46.85,12834
2013-10-07 11:30:00,46.84,46.8899,46.77,46.77,30337
2013-10-07 11:45:00,46.76,46.9,46.75,46.85,45601
2013-10-07 12:00:00,46.8562,47.02,46.8562,46.91,30700
2013-10-07 12:15:00,46.9,46.9,46.83,46.84,44354
2013-10-07 12:30:00,46.84,46.86,46.81,46.83,12878
2013-10-07 12:45:00,46.825,46.845,46.77,46.81,9462
2013-10-07 13:00:00,46.8,46.82,46.78,46.795,35708
2013-10-07 13:15:00,46.8,46.92,46.8,46.85,15550
2013-10-07 13:30:00,46.84,46.88,46.81,46.83,7398
2013-10-07 13:45:00,46.83,46.885,46.79,46.82,26244
2013-10-07 14:00:00,46.815,47.0,46.815,47.0,22193
2013-10-07 14:15:00,47.0,47.016999999999996,46.94,46.945,36870
2013-10-07 14:30:00,46.94,47.02,46.94,47.0,46064
2013-10-07 14:45:00,47.0,47.0,46.86,46.86,23574
2013-10-07 15:00:00,46.87,46.88,46.825,46.875,25742
2013-10-07 15:15:00,46.88,46.89,46.825,46.85,29596
2013-10-07 15:30:00,46.8551,46.86,46.76,46.8,55670
2013-10-07 15:45:00,46.8,46.81,46.7,46.78,68740
2013-10-07 16:00:00,46.78,46.78,46.62,46.62,123110
2013-10-08 09:45:00,46.63,46.65,46.22,46.23,43069
2013-10-08 10:00:00,46.3,46.36,46.19,46.25,43433
2013-10-08 10:15:00,46.25,46.3,46.05,46.18,70240
2013-10-08 10:30:00,46.18,46.29,46.12,46.2699,93281
2013-10-08 10:45:00,46.25,46.4,46.23,46.3599,73131
2013-10-08 11:00:00,46.35,46.37,46.24,46.27,29325
2013-10-08 11:15:00,46.29,46.29,46.08,46.08,66727
2013-10-08 11:30:00,46.07,46.22,46.02,46.19,62089
2013-10-08 11:45:00,46.18,46.18,46.041000000000004,46.0599,26616
2013-10-08 12:00:00,46.06,46.135,45.96,46.115,33776
2013-10-08 12:15:00,46.13,46.13,46.01,46.06,33826
2013-10-08 12:30:00,46.05,46.05,45.88,45.91,81701
2013-10-08 12:45:00,45.91,45.99,45.81,45.96,38545
2013-10-08 13:00:00,45.97,46.015,45.85,45.92,24643
2013-10-08 13:15:00,45.92,45.94,45.81,45.85,21418
2013-10-08 13:30:00,45.84,45.92,45.8,45.91,31065
2013-10-08 13:45:00,45.92,45.94,45.785,45.825,32560
2013-10-08 14:00:00,45.82,45.905,45.73,45.81399999999999,29639
2013-10-08 14:15:00,45.82,45.84,45.775,45.82,33448
2013-10-08 14:30:00,45.8,45.88,45.76,45.84,27151
2013-10-08 14:45:00,45.84,45.87,45.78,45.8,24578
2013-10-08 15:00:00,45.8,45.82,45.75,45.82,24682
2013-10-08 15:15:00,45.82,45.85,45.748999999999995,45.805,37170
2013-10-08 15:30:00,45.81,46.0,45.795,45.99,137334
2013-10-08 15:45:00,45.99,46.04,45.95,46.01,108764
2013-10-08 16:00:00,46.01,46.015,45.9,45.93,172193
2013-10-09 09:45:00,46.1,46.21,45.93600000000001,46.1,105929
2013-10-09 10:00:00,46.125,46.21,45.98,46.07,84458
2013-10-09 10:15:00,46.1,46.11,45.93,46.04,40371
2013-10-09 10:30:00,46.03,46.21,46.02,46.14,36689
2013-10-09 10:45:00,46.13,46.22,46.065,46.14,13131
2013-10-09 11:00:00,46.11,46.11,46.0,46.0,31488
2013-10-09 11:15:00,45.99,46.05,45.92,45.93,32101
2013-10-09 11:30:00,45.91,45.96,45.9075,45.95,19141
2013-10-09 11:45:00,45.92,45.99,45.89,45.94,24929
2013-10-09 12:00:00,45.95,46.005,45.89,45.91,8815
2013-10-09 12:15:00,45.9,45.95,45.85,45.92,33932
2013-10-09 12:30:00,45.91,45.99,45.91,45.945,15472
2013-10-09 12:45:00,45.97,46.01,45.94,45.96,7595
2013-10-09 13:00:00,45.98,46.0,45.89,45.93,5595
2013-10-09 13:15:00,45.94,46.01,45.94,46.01,29819
2013-10-09 13:30:00,45.99,46.16,45.99,46.11,22406
2013-10-09 13:45:00,46.13,46.15,46.05,46.09,6855
2013-10-09 14:00:00,46.08,46.17,46.05,46.11,15564
2013-10-09 14:15:00,46.11,46.18,46.06,46.12,23133
2013-10-09 14:30:00,46.11,46.17,46.06,46.15,20051
2013-10-09 14:45:00,46.15,46.18,46.105,46.12,20931
2013-10-09 15:00:00,46.12,46.1947,46.1,46.1947,12517
2013-10-09 15:15:00,46.18,46.205,46.15,46.17,24763
2013-10-09 15:30:00,46.17,46.17,46.105,46.12,20305
2013-10-09 15:45:00,46.13,46.17,46.03,46.03,30557
2013-10-09 16:00:00,46.03,46.03,45.91,45.99,116558
2013-10-10 09:45:00,46.35,46.58,46.34,46.41,38593
2013-10-10 10:00:00,46.42,46.42,46.2,46.3301,74134
2013-10-10 10:15:00,46.37,46.425,46.34,46.39,29101
2013-10-10 10:30:00,46.405,46.47,46.385,46.47,17198
2013-10-10 10:45:00,46.45,46.52,46.41,46.48,19878
2013-10-10 11:00:00,46.45,46.53,46.41,46.51,57351
2013-10-10 11:15:00,46.5,46.51,46.42,46.4601,15643
2013-10-10 11:30:00,46.461999999999996,46.52,46.41,46.47,10334
2013-10-10 11:45:00,46.49,46.59,46.45,46.54,23074
2013-10-10 12:00:00,46.53,46.62,46.53,46.6,12813
2013-10-10 12:15:00,46.62,46.65,46.5451,46.6,14453
2013-10-10 12:30:00,46.61,46.63,46.55,46.59,15096
2013-10-10 12:45:00,46.5725,46.6,46.565,46.58,12230
2013-10-10 13:00:00,46.58,46.58,46.475,46.475,14936
2013-10-10 13:15:00,46.48,46.48,46.39,46.42,14742
2013-10-10 13:30:00,46.42,46.43,46.335,46.335,16346
2013-10-10 13:45:00,46.33,46.39,46.315,46.33,39681
2013-10-10 14:00:00,46.33,46.4,46.32,46.385,9965
2013-10-10 14:15:00,46.39,46.4,46.305,46.31,17391
2013-10-10 14:30:00,46.31,46.37,46.28,46.3,22605
2013-10-10 14:45:00,46.29,46.35,46.285,46.33,15168
2013-10-10 15:00:00,46.335,46.36,46.305,46.315,10399
2013-10-10 15:15:00,46.33,46.48,46.325,46.48,32733
2013-10-10 15:30:00,46.46,46.46,46.41,46.41,31794
2013-10-10 15:45:00,46.41,46.43,46.305,46.315,66086
2013-10-10 16:00:00,46.315,46.35,46.27,46.34,123920
2013-10-11 09:45:00,46.11,46.51,46.11,46.41,55502
2013-10-11 10:00:00,46.42,46.48,46.14,46.36,136703
2013-10-11 10:15:00,46.3,46.47,46.3,46.39,15038
2013-10-11 10:30:00,46.4,46.42,46.35,46.37,14801
2013-10-11 10:45:00,46.38,46.48,46.37,46.43,42033
2013-10-11 11:00:00,46.4401,46.46,46.4,46.45,42387
2013-10-11 11:15:00,46.45,46.51,46.44,46.51,10583
2013-10-11 11:30:00,46.5,46.5,46.37,46.38,23431
2013-10-11 11:45:00,46.38,46.46,46.37,46.41,22337
2013-10-11 12:00:00,46.39,46.455,46.38,46.44,26087
2013-10-11 12:15:00,46.425,46.55,46.39,46.535,31699
2013-10-11 12:30:00,46.53,46.58,46.52,46.56,9809
2013-10-11 12:45:00,46.55,46.64,46.53,46.63,14842
2013-10-11 13:00:00,46.63,46.76,46.62,46.75,36175
2013-10-11 13:15:00,46.74,46.78,46.7,46.74,34147
2013-10-11 13:30:00,46.74,46.76,46.68,46.71,36512
2013-10-11 13:45:00,46.71,46.7495,46.665,46.71,44832
2013-10-11 14:00:00,46.71,46.76,46.6784,46.76,28661
2013-10-11 14:15:00,46.75,46.83,46.74,46.76,23508
2013-10-11 14:30:00,46.75,46.76,46.701,46.7168,24508
2013-10-11 14:45:00,46.72,46.74,46.685,46.705,30176
2013-10-11 15:00:00,46.705,46.71,46.67,46.675,15500
2013-10-11 15:15:00,46.69,46.71,46.645,46.66,28726
2013-10-11 15:30:00,46.66,46.7,46.65,46.69,24210
2013-10-11 15:45:00,46.7,46.74,46.67,46.69,44890
2013-10-11 16:00:00,46.7,46.74,46.69,46.71,129649
2013-10-14 09:45:00,46.38,46.68,46.221000000000004,46.32,39188
2013-10-14 10:00:00,46.345,46.5,46.33,46.41,21592
2013-10-14 10:15:00,46.44,46.53,46.42,46.43,53127
2013-10-14 10:30:00,46.43,46.46,46.32,46.45,56912
2013-10-14 10:45:00,46.45,46.45,46.34,46.42,67836
2013-10-14 11:00:00,46.42,46.47,46.37,46.4,31438
2013-10-14 11:15:00,46.41,46.42,46.37,46.41,47744
2013-10-14 11:30:00,46.42,46.44,46.36,46.395,40150
2013-10-14 11:45:00,46.4,46.52,46.39,46.47,33054
2013-10-14 12:00:00,46.47,46.5,46.4,46.44,28095
2013-10-14 12:15:00,46.45,46.48,46.39,46.4,39546
2013-10-14 12:30:00,46.4,46.41,46.37,46.39,17561
2013-10-14 12:45:00,46.39,46.415,46.355,46.38399999999999,52302
2013-10-14 13:00:00,46.39,46.425,46.375,46.42,64659
2013-10-14 13:15:00,46.42,46.48,46.4,46.45,72218
2013-10-14 13:30:00,46.46,46.465,46.43,46.45,58968
2013-10-14 13:45:00,46.445,46.47,46.445,46.455,54143
2013-10-14 14:00:00,46.45,46.46,46.385,46.41,62018
2013-10-14 14:15:00,46.41,46.44,46.38,46.39,112975
2013-10-14 14:30:00,46.395,46.49,46.395,46.42,58440
2013-10-14 14:45:00,46.435,46.495,46.38,46.45,82305
2013-10-14 15:00:00,46.46,46.481,46.39,46.4,86083
2013-10-14 15:15:00,46.39,46.56,46.38,46.49,98428
2013-10-14 15:30:00,46.495,46.52,46.47,46.51,78429
2013-10-14 15:45:00,46.52,46.55,46.49,46.51,145396
2013-10-14 16:00:00,46.525,46.54,46.45,46.52,202215
2013-10-15 09:45:00,46.35,46.56,46.12,46.13,40094
2013-10-15 10:00:00,46.13,46.28,46.13,46.21,35574
2013-10-15 10:15:00,46.22,46.4,46.215,46.32,84008
2013-10-15 10:30:00,46.32,46.39,46.18,46.29,100073
2013-10-15 10:45:00,46.29,46.32,46.2,46.23,36120
2013-10-15 11:00:00,46.23,46.23,46.145,46.175,25697
2013-10-15 11:15:00,46.18,46.21,46.025,46.15,65935
2013-10-15 11:30:00,46.14,46.17,46.07,46.1,42570
2013-10-15 11:45:00,46.12,46.145,46.065,46.09,51548
2013-10-15 12:00:00,46.0842,46.12,46.04,46.09,79583
2013-10-15 12:15:00,46.08,46.12,46.05,46.08,64993
2013-10-15 12:30:00,46.08,46.08,46.01,46.01,51565
2013-10-15 12:45:00,46.015,46.05,46.0,46.042,35654
2013-10-15 13:00:00,46.05,46.05,45.97,45.97,38582
2013-10-15 13:15:00,45.99,46.09,45.99,46.03,63133
2013-10-15 13:30:00,46.03,46.03,45.9975,46.015,55915
2013-10-15 13:45:00,46.0,46.025,45.985,46.0,49090
2013-10-15 14:00:00,46.005,46.03,45.99,46.0,49919
2013-10-15 14:15:00,46.0,46.03,45.98,46.01,72382
2013-10-15 14:30:00,46.01,46.03,45.9299,45.94,54081
2013-10-15 14:45:00,45.955,45.97,45.84,45.88,39447
2013-10-15 15:00:00,45.88,46.0,45.77,45.97,55364
2013-10-15 15:15:00,45.97,46.04,45.935,46.0,98063
2013-10-15 15:30:00,45.99,46.02,45.965,46.0,63124
2013-10-15 15:45:00,46.01,46.01,45.93,45.95,72392
2013-10-15 16:00:00,45.96,46.0,45.96,45.99,134637
2013-10-16 09:45:00,47.27,47.54,46.9,47.23,197453
2013-10-16 10:00:00,47.255,47.35,47.1701,47.23,239423
2013-10-16 10:15:00,47.22,47.28,47.03,47.07,309368
2013-10-16 10:30:00,47.07,47.1299,46.895,46.97,104486
2013-10-16 10:45:00,46.97,47.02,46.82,46.82,95698
2013-10-16 11:00:00,46.81,46.8299,46.65,46.67,147911
2013-10-16 11:15:00,46.67,46.74,46.48,46.515,107534
2013-10-16 11:30:00,46.52,46.55,46.25,46.308,164522
2013-10-16 11:45:00,46.31,46.345,45.96,46.0105,156291
2013-10-16 12:00:00,46.02,46.04,45.91,45.97,128873
2013-10-16 12:15:00,45.98,46.54,45.97,46.53,125850
2013-10-16 12:30:00,46.5399,46.64,46.32,46.32,68389
2013-10-16 12:45:00,46.3,46.47,46.262,46.335,39580
2013-10-16 13:00:00,46.33,46.435,46.18,46.3,85092
2013-10-16 13:15:00,46.3,46.39,46.242,46.32,51959
2013-10-16 13:30:00,46.31,46.474,46.29,46.41,68642
2013-10-16 13:45:00,46.41,46.45,46.31,46.31,98395
2013-10-16 14:00:00,46.32,46.32,46.01,46.08,107668
2013-10-16 14:15:00,46.085,46.09,45.99,46.01,87941
2013-10-16 14:30:00,46.0,46.02,45.82,45.92,89517
2013-10-16 14:45:00,45.93,46.0,45.83,46.0,113921
2013-10-16 15:00:00,46.0,46.03,45.94,45.945,82339
2013-10-16 15:15:00,45.945,45.945,45.83,45.83,173518
2013-10-16 15:30:00,45.825,45.875,45.67,45.71,207516
2013-10-16 15:45:00,45.71,45.76,45.44,45.675,423432
2013-10-16 16:00:00,45.68,46.13,45.66,46.1,300511
2013-10-17 09:45:00,45.75,46.1,45.75,45.93,63483
2013-10-17 10:00:00,45.9184,46.05,45.9184,46.025,40138
2013-10-17 10:15:00,46.01,46.18,46.01,46.09,74479
2013-10-17 10:30:00,46.1,46.31,46.1,46.27,35698
2013-10-17 10:45:00,46.28,46.33,46.25,46.31,50245
2013-10-17 11:00:00,46.3,46.32,46.24,46.25,42153
2013-10-17 11:15:00,46.25,46.27,46.225,46.26,45653
2013-10-17 11:30:00,46.27,46.335,46.26,46.33,53242
2013-10-17 11:45:00,46.338,46.41,46.315,46.41,51499
2013-10-17 12:00:00,46.39,46.53,46.39,46.515,50609
2013-10-17 12:15:00,46.52,46.575,46.51,46.57,42586
2013-10-17 12:30:00,46.57,46.665,46.57,46.63,57377
2013-10-17 12:45:00,46.635,46.71,46.605,46.7,100321
2013-10-17 13:00:00,46.7,46.73,46.69,46.73,26240
2013-10-17 13:15:00,46.73,46.76,46.72,46.74,47556
2013-10-17 13:30:00,46.74,46.745,46.69,46.74,54843
2013-10-17 13:45:00,46.74,46.76,46.725,46.7448,31779
2013-10-17 14:00:00,46.74,46.75,46.7,46.72,49088
2013-10-17 14:15:00,46.72,46.74,46.7,46.73,46018
2013-10-17 14:30:00,46.72,46.815,46.72,46.81,55426
2013-10-17 14:45:00,46.81,46.83,46.81,46.82,26583
2013-10-17 15:00:00,46.825,46.83,46.755,46.775,56425
2013-10-17 15:15:00,46.778,46.79,46.748000000000005,46.785,47960
2013-10-17 15:30:00,46.785,46.79,46.7,46.715,64713
2013-10-17 15:45:00,46.71,46.78,46.71,46.77,110013
2013-10-17 16:00:00,46.78,46.85,46.77,46.82,109038
2013-10-18 09:45:00,47.0,47.065,46.63,46.75,141496
2013-10-18 10:00:00,46.75,46.92,46.72,46.785,56128
2013-10-18 10:15:00,46.78,46.795,46.66,46.67,90005
2013-10-18 10:30:00,46.6679,46.71,46.65,46.66,58812
2013-10-18 10:45:00,46.67,46.685,46.61,46.64,65168
2013-10-18 11:00:00,46.635,46.67,46.57,46.605,66409
2013-10-18 11:15:00,46.605,46.71,46.59,46.71,83828
2013-10-18 11:30:00,46.73,46.94,46.73,46.89,51994
2013-10-18 11:45:00,46.89,47.0,46.89,46.99,36479
2013-10-18 12:00:00,46.99,47.1,46.98,47.09,39262
2013-10-18 12:15:00,47.09,47.16,47.07,47.16,35331
2013-10-18 12:30:00,47.14,47.23,47.14,47.22,47206
2013-10-18 12:45:00,47.21,47.2401,47.21,47.21,39828
2013-10-18 13:00:00,47.22,47.28,47.21,47.25,37392
2013-10-18 13:15:00,47.25,47.345,47.24,47.285,47676
2013-10-18 13:30:00,47.28,47.32,47.26,47.31,38938
2013-10-18 13:45:00,47.3025,47.31,47.2,47.25,67424
2013-10-18 14:00:00,47.25,47.26,47.2,47.25,63086
2013-10-18 14:15:00,47.25,47.26,47.13,47.16,69667
2013-10-18 14:30:00,47.16,47.19,47.11,47.12,60333
2013-10-18 14:45:00,47.12,47.23,47.11,47.23,70323
2013-10-18 15:00:00,47.23,47.31,47.22,47.28,76910
2013-10-18 15:15:00,47.27,47.31,47.22,47.23,88800
2013-10-18 15:30:00,47.22,47.26,47.21,47.235,90987
2013-10-18 15:45:00,47.23,47.25,47.08,47.09,124859
2013-10-18 16:00:00,47.1,47.25,47.07,47.24,195200
2013-10-21 09:45:00,48.93,51.55,48.71,50.92,840878
2013-10-21 10:00:00,50.93,51.55,50.88,51.41,526454
2013-10-21 10:15:00,51.4,51.68,51.01,51.46,425113
2013-10-21 10:30:00,51.45,51.47,51.01,51.021,364378
2013-10-21 10:45:00,51.04,51.12,50.61,50.615,326241
2013-10-21 11:00:00,50.575,50.75,50.41,50.41,258064
2013-10-21 11:15:00,50.41,50.51,50.17,50.49,203475
2013-10-21 11:30:00,50.485,50.74,50.346000000000004,50.58,167546
2013-10-21 11:45:00,50.58,50.58,50.05,50.29,153452
2013-10-21 12:00:00,50.3,50.42,50.06,50.3714,115970
2013-10-21 12:15:00,50.39,50.41,49.71,49.87,156740
2013-10-21 12:30:00,49.87,50.1616,49.87,50.02,81372
2013-10-21 12:45:00,50.01,50.02,49.81,50.005,63831
2013-10-21 13:00:00,49.996,50.01,49.8,49.9298,34612
2013-10-21 13:15:00,49.94,49.97,49.76,49.97,49916
2013-10-21 13:30:00,49.99,50.13,49.63,49.77,59324
2013-10-21 13:45:00,49.75,49.9099,49.73,49.78,58047
2013-10-21 14:00:00,49.78,49.88,49.77,49.8,32921
2013-10-21 14:15:00,49.78,49.83,49.535,49.5701,103242
2013-10-21 14:30:00,49.575,49.71,49.54,49.54,98310
2013-10-21 14:45:00,49.549,49.7,49.19,49.6589,204803
2013-10-21 15:00:00,49.66,49.88,49.64,49.75,64242
2013-10-21 15:15:00,49.75,49.84,49.611999999999995,49.66,96499
2013-10-21 15:30:00,49.66,49.84,49.646,49.8301,83575
2013-10-21 15:45:00,49.83,49.89,49.6901,49.78,168347
2013-10-21 16:00:00,49.78,49.91,49.67,49.6903,312009
2013-10-22 09:45:00,50.11,50.11,49.68,49.77,318152
2013-10-22 10:00:00,49.77,50.01,49.65,49.87,151711
2013-10-22 10:15:00,49.88,49.95,49.84,49.93,130943
2013-10-22 10:30:00,49.93,50.06,49.87,49.983000000000004,188107
2013-10-22 10:45:00,49.98,50.12,49.9,50.12,100540
2013-10-22 11:00:00,50.13,50.13,49.94,50.0,89633
2013-10-22 11:15:00,50.0,50.0,49.72,49.75,149289
2013-10-22 11:30:00,49.75,49.98,49.75,49.97,86918
2013-10-22 11:45:00,49.96,50.021,49.89,50.0,87989
2013-10-22 12:00:00,50.0,50.11,49.97,50.09,131154
2013-10-22 12:15:00,50.08,50.085,49.87,49.88,90968
2013-10-22 12:30:00,49.89,49.92,49.83,49.84,48349
2013-10-22 12:45:00,49.84,49.935,49.83,49.92,47733
2013-10-22 13:00:00,49.9196,49.93,49.9,49.91,41358
2013-10-22 13:15:00,49.91,50.0,49.9,49.99,51940
2013-10-22 13:30:00,49.99,50.1,49.98,50.1,71599
2013-10-22 13:45:00,50.1,50.15,50.08,50.14,80448
2013-10-22 14:00:00,50.13,50.16,50.063,50.13,77042
2013-10-22 14:15:00,50.136,50.14,49.99,50.065,85999
2013-10-22 14:30:00,50.068999999999996,50.068999999999996,49.99,50.0001,75829
2013-10-22 14:45:00,50.0,50.025,49.99,50.0,120781
2013-10-22 15:00:00,50.0,50.125,49.92,49.92,130393
2013-10-22 15:15:00,49.92,50.07,49.92,50.07,161652
2013-10-22 15:30:00,50.06,50.1,49.99,50.01,146756
2013-10-22 15:45:00,50.019,50.06,49.95,49.95,135673
2013-10-22 16:00:00,49.96,50.0,49.915,50.0,253844
2013-10-23 09:45:00,49.91,50.12,49.8075,50.02,101072
2013-10-23 10:00:00,49.99,49.99,49.74,49.81,47510
2013-10-23 10:15:00,49.82,49.82,49.66,49.79,51986
2013-10-23 10:30:00,49.8,49.93,49.6,49.66,77924
2013-10-23 10:45:00,49.65,49.65,49.33,49.36,69702
2013-10-23 11:00:00,49.36,49.4,49.13,49.35,72054
2013-10-23 11:15:00,49.35,49.485,49.345,49.46,43556
2013-10-23 11:30:00,49.46,49.55,49.43,49.49,44099
2013-10-23 11:45:00,49.4806,49.505,49.44,49.44,39190
2013-10-23 12:00:00,49.45,49.46,49.345,49.345,46219
2013-10-23 12:15:00,49.34,49.395,49.32,49.375,84569
2013-10-23 12:30:00,49.38,49.45,49.34,49.44,102432
2013-10-23 12:45:00,49.445,49.49,49.42,49.435,81636
2013-10-23 13:00:00,49.44,49.64,49.42,49.6,127428
2013-10-23 13:15:00,49.61,49.71,49.565,49.7,74154
2013-10-23 13:30:00,49.7,49.77,49.67,49.7,48829
2013-10-23 13:45:00,49.6975,49.82,49.65,49.76,116449
2013-10-23 14:00:00,49.77,49.94,49.765,49.9,89875
2013-10-23 14:15:00,49.89,49.9,49.77,49.775,52278
2013-10-23 14:30:00,49.78,49.9425,49.77,49.93,83164
2013-10-23 14:45:00,49.93,50.12,49.93,50.11,78523
2013-10-23 15:00:00,50.12,50.38,50.11,50.34,221444
2013-10-23 15:15:00,50.33,50.3874,50.18,50.26,178623
2013-10-23 15:30:00,50.2501,50.262,50.02,50.065,191297
2013-10-23 15:45:00,50.07,50.19,50.03,50.13,109695
2013-10-23 16:00:00,50.14,50.16,50.05,50.07,218160
2013-10-24 09:45:00,50.18,50.44,50.15,50.33,62749
2013-10-24 10:00:00,50.34,50.5,50.26,50.4899,31915
2013-10-24 10:15:00,50.48,50.62,50.46,50.6,31906
2013-10-24 10:30:00,50.6,50.745,50.6,50.7001,59914
2013-10-24 10:45:00,50.73,51.0,50.69,50.97,62740
2013-10-24 11:00:00,50.97,51.05,50.93,50.98,76406
2013-10-24 11:15:00,50.98,50.99,50.8,50.8,32923
2013-10-24 11:30:00,50.81,50.82,50.67,50.77,21549
2013-10-24 11:45:00,50.77,50.79,50.69,50.729,14399
2013-10-24 12:00:00,50.71,50.84,50.6707,50.82,18052
2013-10-24 12:15:00,50.83,50.83,50.6645,50.6645,22889
2013-10-24 12:30:00,50.67,50.75,50.67,50.7197,13250
2013-10-24 12:45:00,50.73,50.73,50.6,50.6589,74029
2013-10-24 13:00:00,50.67,50.765,50.67,50.74,34967
2013-10-24 13:15:00,50.75,50.83,50.73,50.83,20589
2013-10-24 13:30:00,50.825,50.825,50.75,50.8,22740
2013-10-24 13:45:00,50.805,50.805,50.75,50.79,23837
2013-10-24 14:00:00,50.79,50.82,50.79,50.805,22923
2013-10-24 14:15:00,50.805,50.82,50.6349,50.65,36503
2013-10-24 14:30:00,50.64,50.75,50.64,50.71,25009
2013-10-24 14:45:00,50.7025,50.74,50.68,50.7,22756
2013-10-24 15:00:00,50.7025,50.74,50.66,50.72,21617
2013-10-24 15:15:00,50.72,50.725,50.66,50.68,20653
2013-10-24 15:30:00,50.69,50.735,50.64,50.65,54399
2013-10-24 15:45:00,50.65,50.655,50.5,50.505,51668
2013-10-24 16:00:00,50.51,50.6,50.4925,50.57,79310
2013-10-25 09:45:00,50.73,51.225,50.73,51.12,116945
2013-10-25 10:00:00,51.13,51.15,50.95,51.05,116512
2013-10-25 10:15:00,51.04,51.21,51.0,51.19,93821
2013-10-25 10:30:00,51.17,51.375,51.16,51.35,75558
2013-10-25 10:45:00,51.35,51.46,51.34,51.4299,112364
2013-10-25 11:00:00,51.43,51.69,51.42,51.69,79240
2013-10-25 11:15:00,51.69,51.8,51.62,51.76,120096
2013-10-25 11:30:00,51.76,51.96,51.76,51.92,101738
2013-10-25 11:45:00,51.92,51.98,51.65,51.98,93523
2013-10-25 12:00:00,51.9799,51.99,51.8,51.8,65252
2013-10-25 12:15:00,51.8,51.8,51.67,51.705,52011
2013-10-25 12:30:00,51.71,51.86,51.71,51.84,78717
2013-10-25 12:45:00,51.84,52.0,51.83,52.0,60109
2013-10-25 13:00:00,51.995,52.41,51.96,52.4,178180
2013-10-25 13:15:00,52.41,52.52,52.12,52.17,94167
2013-10-25 13:30:00,52.16,52.165,51.98,52.13,58026
2013-10-25 13:45:00,52.125,52.14,52.04,52.105,67905
2013-10-25 14:00:00,52.1,52.11,51.95,51.97,42482
2013-10-25 14:15:00,51.98,52.0652,51.92,51.99,67843
2013-10-25 14:30:00,51.985,52.1,51.97,52.07,56392
2013-10-25 14:45:00,52.07,52.185,52.06,52.07,50316
2013-10-25 15:00:00,52.07,52.07,51.965,52.02,132175
2013-10-25 15:15:00,52.03,52.03,51.92,51.96,74835
2013-10-25 15:30:00,51.965,52.025,51.94,52.0,93456
2013-10-25 15:45:00,52.01,52.07,51.97,52.01,343900
2013-10-25 16:00:00,52.01,52.16,51.95,52.05,435352
2013-10-28 09:45:00,52.11,52.19,51.84,51.91,73844
2013-10-28 10:00:00,51.91,52.26,51.905,52.24,90876
2013-10-28 10:15:00,52.25,52.38,52.12,52.36,108855
2013-10-28 10:30:00,52.38,52.47,52.375,52.42,64809
2013-10-28 10:45:00,52.44,52.44,52.28,52.36,87606
2013-10-28 11:00:00,52.36,52.46,52.25,52.26,84978
2013-10-28 11:15:00,52.27,52.28,52.22,52.2799,46500
2013-10-28 11:30:00,52.27,52.35,52.26,52.31,62937
2013-10-28 11:45:00,52.3,52.365,52.245,52.35,48523
2013-10-28 12:00:00,52.36,52.42,52.36,52.38,54231
2013-10-28 12:15:00,52.38,52.39,52.29,52.37,48003
2013-10-28 12:30:00,52.36,52.36,52.32,52.34,23827
2013-10-28 12:45:00,52.34,52.36,52.22,52.22,41010
2013-10-28 13:00:00,52.22,52.28,52.21,52.255,43485
2013-10-28 13:15:00,52.26,52.315,52.21,52.22,53354
2013-10-28 13:30:00,52.21,52.258,52.18,52.258,46247
2013-10-28 13:45:00,52.25,52.33,52.25,52.3,37704
2013-10-28 14:00:00,52.295,52.3,52.21,52.2449,44286
2013-10-28 14:15:00,52.25,52.25,52.1843,52.24,58587
2013-10-28 14:30:00,52.23,52.25,52.19,52.21,43851
2013-10-28 14:45:00,52.21,52.22,52.21,52.22,27444
2013-10-28 15:00:00,52.21,52.26,52.21,52.26,34872
2013-10-28 15:15:00,52.26,52.27,52.17,52.175,69256
2013-10-28 15:30:00,52.17,52.19,52.165,52.175,88731
2013-10-28 15:45:00,52.18,52.18,52.16,52.17,71124
2013-10-28 16:00:00,52.17,52.17,52.1,52.14,221702
2013-10-29 09:45:00,52.4,52.7299,52.2704,52.65,83359
2013-10-29 10:00:00,52.65,52.94,52.65,52.74,89492
2013-10-29 10:15:00,52.73,52.9899,52.69,52.96,90724
2013-10-29 10:30:00,52.96,53.1499,52.94,53.04,136668
2013-10-29 10:45:00,53.05,53.18,53.05,53.17,68642
2013-10-29 11:00:00,53.175,53.27,53.16,53.22,74061
2013-10-29 11:15:00,53.25,53.32,53.16,53.16,62676
2013-10-29 11:30:00,53.16,53.28,53.16,53.1814,90897
2013-10-29 11:45:00,53.17,53.31,53.13,53.28,79611
2013-10-29 12:00:00,53.27,53.34,53.23,53.3,89452
2013-10-29 12:15:00,53.28,53.425,53.28,53.425,58716
2013-10-29 12:30:00,53.43,53.61,53.42,53.54,47634
2013-10-29 12:45:00,53.53,53.54,53.43,53.45,35994
2013-10-29 13:00:00,53.45,53.455,53.4,53.4,45960
2013-10-29 13:15:00,53.4025,53.42,53.29,53.32,71058
2013-10-29 13:30:00,53.325,53.53,53.3222,53.495,95290
2013-10-29 13:45:00,53.5,53.6025,53.44,53.59,62195
2013-10-29 14:00:00,53.59,53.61,53.55,53.59,40137
2013-10-29 14:15:00,53.59,53.68,53.57,53.655,56383
2013-10-29 14:30:00,53.645,53.645,53.56,53.62,59710
2013-10-29 14:45:00,53.63,53.675,53.6,53.625,61146
2013-10-29 15:00:00,53.61,53.67,53.54,53.5425,72286
2013-10-29 15:15:00,53.548,53.5975,53.48,53.48,77972
2013-10-29 15:30:00,53.49,53.52,53.4425,53.52,90038
2013-10-29 15:45:00,53.51,53.52,53.31,53.36,123205
2013-10-29 16:00:00,53.37,53.41,53.335,53.39,251026
2013-10-30 09:45:00,52.98,53.16,52.87,53.06,107649
2013-10-30 10:00:00,53.02,53.37,53.02,53.24,65144
2013-10-30 10:15:00,53.24,53.3,52.88,52.88,38375
2013-10-30 10:30:00,52.88,52.905,52.62,52.69,57018
2013-10-30 10:45:00,52.7,52.83,52.5,52.595,69089
2013-10-30 11:00:00,52.59,52.61,52.455,52.57,80134
2013-10-30 11:15:00,52.57,52.61,52.49,52.6,77455
2013-10-30 11:30:00,52.61,52.61,52.51,52.53,30587
2013-10-30 11:45:00,52.54,52.54,52.37,52.375,48359
2013-10-30 12:00:00,52.38,52.39,52.25,52.28,79748
2013-10-30 12:15:00,52.29,52.29,52.135,52.14,59655
2013-10-30 12:30:00,52.14,52.14,52.02,52.05,39890
2013-10-30 12:45:00,52.06,52.26,52.05,52.16,53695
2013-10-30 13:00:00,52.16,52.22,52.08,52.18,59973
2013-10-30 13:15:00,52.17,52.22,52.07,52.22,27211
2013-10-30 13:30:00,52.22,52.22,52.11,52.21,35813
2013-10-30 13:45:00,52.21,52.31,52.199,52.22,30229
2013-10-30 14:00:00,52.225,52.28,52.185,52.23,31926
2013-10-30 14:15:00,52.23,52.39,52.17,52.23,48951
2013-10-30 14:30:00,52.22,52.22,51.98,51.995,59775
2013-10-30 14:45:00,51.995,52.05,51.965,51.97,83758
2013-10-30 15:00:00,51.98,52.15,51.98,52.12,44780
2013-10-30 15:15:00,52.12,52.206,52.1,52.14,54094
2013-10-30 15:30:00,52.14,52.185,52.09,52.13,68657
2013-10-30 15:45:00,52.13,52.24,52.13,52.23,66788
2013-10-30 16:00:00,52.23,52.27,52.2,52.25,106591
2013-10-31 09:45:00,52.14,52.73,52.14,52.73,73853
2013-10-31 10:00:00,52.73,52.7399,52.13,52.14,23951
2013-10-31 10:15:00,52.2,52.36,52.11,52.36,12243
2013-10-31 10:30:00,52.38,52.38,52.15,52.27,18519
2013-10-31 10:45:00,52.2485,52.3,52.12,52.22,42001
2013-10-31 11:00:00,52.25,52.33,52.17,52.19,27550
2013-10-31 11:15:00,52.19,52.28,52.19,52.26,17190
2013-10-31 11:30:00,52.26,52.31,52.19,52.23,39014
2013-10-31 11:45:00,52.23,52.31,52.1,52.1,69427
2013-10-31 12:00:00,52.1,52.15,52.03,52.035,31609
2013-10-31 12:15:00,52.05,52.19,51.95,52.08,54440
2013-10-31 12:30:00,52.1,52.16,52.015,52.015,57063
2013-10-31 12:45:00,52.0,52.11,51.995,52.08,30802
2013-10-31 13:00:00,52.08,52.105,52.05,52.06,27584
2013-10-31 13:15:00,52.07,52.1,52.005,52.025,46184
2013-10-31 13:30:00,52.03,52.03,51.94,51.95,26728
2013-10-31 13:45:00,51.95,52.02,51.95,51.98,26153
2013-10-31 14:00:00,51.98,52.03,51.96,51.99,30541
2013-10-31 14:15:00,51.98,52.03,51.98,52.025,31315
2013-10-31 14:30:00,52.025,52.12,52.02,52.08,45750
2013-10-31 14:45:00,52.085,52.16,52.08,52.115,25109
2013-10-31 15:00:00,52.1125,52.12,51.95,51.95,39290
2013-10-31 15:15:00,51.95,51.95,51.78,51.79,94005
2013-10-31 15:30:00,51.8,51.8,51.71,51.71,81400
2013-10-31 15:45:00,51.71,51.8,51.7,51.795,58801
2013-10-31 16:00:00,51.8,51.8,51.66,51.66,211308
2013-11-01 09:45:00,51.68,52.32,51.65,52.32,50707
2013-11-01 10:00:00,52.32,52.39,51.81,51.9,40001
2013-11-01 10:15:00,51.953,51.953,51.57,51.58,36915
2013-11-01 10:30:00,51.58,51.59,51.41,51.45,45154
2013-11-01 10:45:00,51.42,51.54,51.39,51.47,41353
2013-11-01 11:00:00,51.49,51.6,51.46,51.55,38208
2013-11-01 11:15:00,51.55,51.55,51.425,51.45,20776
2013-11-01 11:30:00,51.46,51.5,51.37,51.39,28044
2013-11-01 11:45:00,51.39,51.5,51.36,51.5,17504
2013-11-01 12:00:00,51.5,51.63,51.485,51.51,22657
2013-11-01 12:15:00,51.52,51.58,51.47,51.5275,14608
2013-11-01 12:30:00,51.53,51.64,51.46,51.62,23126
2013-11-01 12:45:00,51.61,51.69,51.61,51.66,11384
2013-11-01 13:00:00,51.67,51.72,51.66,51.71,8899
2013-11-01 13:15:00,51.7,51.78,51.63,51.76,41147
2013-11-01 13:30:00,51.78,51.82,51.68,51.77,25427
2013-11-01 13:45:00,51.75,51.84,51.67,51.81,10630
2013-11-01 14:00:00,51.81,51.88,51.77,51.86,17498
2013-11-01 14:15:00,51.89,51.93,51.8,51.86,23897
2013-11-01 14:30:00,51.88,51.91,51.81,51.86,17206
2013-11-01 14:45:00,51.86,51.89,51.8,51.85,28733
2013-11-01 15:00:00,51.86,51.9,51.71,51.73,30499
2013-11-01 15:15:00,51.73,51.81,51.73,51.76,54216
2013-11-01 15:30:00,51.77,51.85,51.75,51.83,32439
2013-11-01 15:45:00,51.83,51.8625,51.8,51.86,55962
2013-11-01 16:00:00,51.86,51.92,51.81,51.84,124829
2013-11-04 09:45:00,52.09,52.36,52.03,52.23,107077
2013-11-04 10:00:00,52.22,52.33,51.88,51.92,62581
2013-11-04 10:15:00,51.94,52.03,51.74,51.78,38439
2013-11-04 10:30:00,51.77,51.91,51.7,51.81,35164
2013-11-04 10:45:00,51.81,51.995,51.805,51.995,16791
2013-11-04 11:00:00,52.0,52.05,51.96,51.96,35459
2013-11-04 11:15:00,51.96,52.01,51.92,51.99,21217
2013-11-04 11:30:00,51.99,52.02,51.88,52.0,72440
2013-11-04 11:45:00,52.0,52.1885,52.0,52.14,23958
2013-11-04 12:00:00,52.16,52.165,52.07,52.095,31182
2013-11-04 12:15:00,52.1,52.135,52.0675,52.105,33186
2013-11-04 12:30:00,52.1,52.24,52.1,52.22,29122
2013-11-04 12:45:00,52.235,52.31,52.235,52.27,33612
2013-11-04 13:00:00,52.27,52.31,52.24,52.2975,21030
2013-11-04 13:15:00,52.29,52.31,52.24,52.3,30206
2013-11-04 13:30:00,52.3,52.44,52.265,52.44,67373
2013-11-04 13:45:00,52.43,52.43,52.27,52.27,39958
2013-11-04 14:00:00,52.27,52.315,52.26,52.295,22583
2013-11-04 14:15:00,52.3,52.35,52.25,52.34,24811
2013-11-04 14:30:00,52.35,52.456,52.34,52.44,24214
2013-11-04 14:45:00,52.43,52.48,52.4,52.4725,17577
2013-11-04 15:00:00,52.47,52.51,52.38,52.39,30709
2013-11-04 15:15:00,52.395,52.435,52.29,52.29,38456
2013-11-04 15:30:00,52.29,52.31,52.25,52.27,44436
2013-11-04 15:45:00,52.27,52.28,52.18,52.22,82404
2013-11-04 16:00:00,52.22,52.26,52.175,52.23,194320
2013-11-05 09:45:00,51.79,52.1,51.65,51.67,72602
2013-11-05 10:00:00,51.64,51.73,51.56,51.5699,47516
2013-11-05 10:15:00,51.57,51.68,51.51,51.63,33440
2013-11-05 10:30:00,51.64,51.69,51.56,51.67,20790
2013-11-05 10:45:00,51.7,51.82,51.7,51.81,17940
2013-11-05 11:00:00,51.8,51.84,51.75,51.76,21812
2013-11-05 11:15:00,51.77,52.03,51.76,52.0,63096
2013-11-05 11:30:00,52.01,52.07,51.99,52.05,16638
2013-11-05 11:45:00,52.07,52.18,52.06,52.1,9797
2013-11-05 12:00:00,52.1,52.1,52.01,52.06,14093
2013-11-05 12:15:00,52.06,52.14,52.05,52.14,13438
2013-11-05 12:30:00,52.16,52.26,52.15,52.195,29385
2013-11-05 12:45:00,52.195,52.2,52.08,52.11,23293
2013-11-05 13:00:00,52.1,52.11,52.045,52.06,10575
2013-11-05 13:15:00,52.05,52.08,52.04,52.08,10000
2013-11-05 13:30:00,52.07,52.105,52.02,52.06,41581
2013-11-05 13:45:00,52.08,52.12,52.07,52.0846,20606
2013-11-05 14:00:00,52.09,52.12,52.03,52.04,10479
2013-11-05 14:15:00,52.05,52.11,52.04,52.09,21490
2013-11-05 14:30:00,52.08,52.08,52.025,52.0499,39099
2013-11-05 14:45:00,52.045,52.06,52.025,52.0347,29861
2013-11-05 15:00:00,52.04,52.06,52.005,52.05,22524
2013-11-05 15:15:00,52.041000000000004,52.08,52.041000000000004,52.042,24296
2013-11-05 15:30:00,52.05,52.09,52.0,52.04,26491
2013-11-05 15:45:00,52.04,52.15,52.04,52.12,65175
2013-11-05 16:00:00,52.13,52.19,52.08,52.095,116178
2013-11-06 09:45:00,52.27,52.37,52.06,52.07899999999999,83717
2013-11-06 10:00:00,52.04,52.11,51.97,51.974,33422
2013-11-06 10:15:00,51.98,52.08,51.98,52.02,96424
2013-11-06 10:30:00,52.01,52.02,51.9393,51.95,25774
2013-11-06 10:45:00,51.96,52.03,51.91,52.0,62350
2013-11-06 11:00:00,52.0,52.03,51.95,52.01,46166
2013-11-06 11:15:00,52.01,52.01,51.95,52.0,28613
2013-11-06 11:30:00,52.0,52.18,52.0,52.17,29634
2013-11-06 11:45:00,52.16,52.16,51.99,52.04,81669
2013-11-06 12:00:00,52.04,52.2,52.01,52.199,66890
2013-11-06 12:15:00,52.17,52.17,52.11,52.14,5860
2013-11-06 12:30:00,52.14,52.29,52.14,52.19,24931
2013-11-06 12:45:00,52.196000000000005,52.2,52.11,52.12,20953
2013-11-06 13:00:00,52.13,52.19,52.12,52.19,18147
2013-11-06 13:15:00,52.16,52.19,52.12,52.174,21609
2013-11-06 13:30:00,52.17,52.31,52.17,52.25,26660
2013-11-06 13:45:00,52.23,52.24,52.14,52.15,33543
2013-11-06 14:00:00,52.17,52.24,52.16,52.18,19405
2013-11-06 14:15:00,52.19,52.21,52.1,52.1401,34545
2013-11-06 14:30:00,52.14,52.145,52.07,52.1,28418
2013-11-06 14:45:00,52.1,52.23,52.1,52.2205,33113
2013-11-06 15:00:00,52.22,52.2225,52.11,52.115,37594
2013-11-06 15:15:00,52.12,52.2275,52.09,52.19,28590
2013-11-06 15:30:00,52.2,52.26,52.15,52.15,39988
2013-11-06 15:45:00,52.16,52.17,52.1,52.17,66962
2013-11-06 16:00:00,52.17,52.31,52.165,52.3,110341
2013-11-07 09:45:00,51.7,52.16,51.7,52.03,124909
2013-11-07 10:00:00,52.065,52.125,51.9,51.98,63252
2013-11-07 10:15:00,51.97,52.0,51.88,51.98,25467
2013-11-07 10:30:00,51.98,52.0,51.73,51.73,78422
2013-11-07 10:45:00,51.73,51.75,51.62,51.64,32674
2013-11-07 11:00:00,51.64,51.83,51.61,51.745,20697
2013-11-07 11:15:00,51.75,51.8,51.63,51.64,42968
2013-11-07 11:30:00,51.65,51.72,51.63,51.638000000000005,19915
2013-11-07 11:45:00,51.63,51.7,51.58,51.59,32615
2013-11-07 12:00:00,51.6,51.67,51.54,51.55,36848
2013-11-07 12:15:00,51.56,51.64,51.54,51.57,50786
2013-11-07 12:30:00,51.57,51.58,51.48,51.5,44952
2013-11-07 12:45:00,51.4909,51.51,51.38,51.5,42611
2013-11-07 13:00:00,51.52,51.62,51.5,51.56,56738
2013-11-07 13:15:00,51.56,51.58,51.48,51.51,32368
2013-11-07 13:30:00,51.51,51.51,51.25,51.27,63911
2013-11-07 13:45:00,51.27,51.31,51.14,51.19,25426
2013-11-07 14:00:00,51.16,51.16,50.91,51.04600000000001,47360
2013-11-07 14:15:00,51.03,51.04,50.81,50.835,66435
2013-11-07 14:30:00,50.84,50.86,50.51,50.55,162325
2013-11-07 14:45:00,50.56,50.7101,50.42,50.69,98413
2013-11-07 15:00:00,50.69,50.69,50.54,50.62,80950
2013-11-07 15:15:00,50.61,50.62,50.52,50.54,57317
2013-11-07 15:30:00,50.54,50.63,50.51,50.53,52673
2013-11-07 15:45:00,50.52,50.58,50.4646,50.5655,67019
2013-11-07 16:00:00,50.56,50.62,50.49,50.57,219672
2013-11-08 09:45:00,50.52,50.98,50.52,50.95,86292
2013-11-08 10:00:00,50.95,50.95,50.68,50.775,61401
2013-11-08 10:15:00,50.79,50.83,50.66,50.71,70191
2013-11-08 10:30:00,50.74,50.8,50.62,50.75,179255
2013-11-08 10:45:00,50.77,50.87,50.685,50.685,62345
2013-11-08 11:00:00,50.68,50.73,50.53,50.63,57597
2013-11-08 11:15:00,50.64,50.7,50.53,50.61,61156
2013-11-08 11:30:00,50.61,50.62,50.34,50.37,91656
2013-11-08 11:45:00,50.37,50.56,50.33,50.49,45361
2013-11-08 12:00:00,50.5,50.52,50.3712,50.3712,66806
2013-11-08 12:15:00,50.38,50.5,50.37,50.48,120627
2013-11-08 12:30:00,50.49,50.54,50.41,50.42,59041
2013-11-08 12:45:00,50.42,50.49,50.33,50.36,60796
2013-11-08 13:00:00,50.36,50.44,50.3,50.34,56587
2013-11-08 13:15:00,50.35,50.42,50.19,50.2,95448
2013-11-08 13:30:00,50.22,50.43,50.21,50.42,124692
2013-11-08 13:45:00,50.42,50.5,50.35,50.42,102625
2013-11-08 14:00:00,50.43,50.4658,50.35,50.43,90355
2013-11-08 14:15:00,50.43,50.5,50.3801,50.4645,112050
2013-11-08 14:30:00,50.46,50.46,50.358000000000004,50.375,67547
2013-11-08 14:45:00,50.37,50.38,50.235,50.27,60150
2013-11-08 15:00:00,50.26,50.33,50.19,50.32,52190
2013-11-08 15:15:00,50.33,50.34,50.225,50.25,105570
2013-11-08 15:30:00,50.25,50.34,50.2,50.34,93152
2013-11-08 15:45:00,50.335,50.48,50.27,50.46,194870
2013-11-08 16:00:00,50.46,50.48,50.31,50.46,392915
2013-11-11 09:45:00,50.51,51.1,50.51,50.9799,97780
2013-11-11 10:00:00,50.94,51.26,50.93,51.1299,71593
2013-11-11 10:15:00,51.13,51.27,51.1,51.25,61721
2013-11-11 10:30:00,51.235,51.27,51.13,51.24,42109
2013-11-11 10:45:00,51.23,51.3,51.16,51.24,48897
2013-11-11 11:00:00,51.2175,51.42,51.2175,51.4,36938
2013-11-11 11:15:00,51.41,51.54,51.38,51.51,44541
2013-11-11 11:30:00,51.52,51.6,51.5,51.58,20700
2013-11-11 11:45:00,51.595,51.6,51.45,51.58,20030
2013-11-11 12:00:00,51.58,51.59,51.38,51.4,56945
2013-11-11 12:15:00,51.38,51.5,51.34,51.5,24166
2013-11-11 12:30:00,51.46,51.59,51.46,51.49,38015
2013-11-11 12:45:00,51.5,51.51,51.37,51.4,32646
2013-11-11 13:00:00,51.4,51.4,51.28,51.28,27659
2013-11-11 13:15:00,51.26,51.3,51.22,51.3,17543
2013-11-11 13:30:00,51.28,51.39,51.28,51.36,27296
2013-11-11 13:45:00,51.36,51.44,51.36,51.44,18100
2013-11-11 14:00:00,51.42,51.46,51.24,51.25,34426
2013-11-11 14:15:00,51.26,51.36,51.24,51.3501,44722
2013-11-11 14:30:00,51.34,51.45,51.34,51.45,62895
2013-11-11 14:45:00,51.435,51.47,51.35,51.35,56615
2013-11-11 15:00:00,51.365,51.41,51.33,51.34,45958
2013-11-11 15:15:00,51.35,51.35,51.23,51.23,37712
2013-11-11 15:30:00,51.24,51.33,51.2,51.26,73678
2013-11-11 15:45:00,51.25,51.27,51.14,51.215,129282
2013-11-11 16:00:00,51.21,51.28,51.13,51.24,201200
2013-11-12 09:45:00,51.15,51.38,51.05,51.09,34600
2013-11-12 10:00:00,51.11,51.17,50.87,50.87,28691
2013-11-12 10:15:00,50.87,50.92,50.72,50.92,22334
2013-11-12 10:30:00,50.93,51.0,50.91,50.98,19839
2013-11-12 10:45:00,51.0,51.06,50.98,51.05,14751
2013-11-12 11:00:00,51.04,51.15,51.01,51.13,54177
2013-11-12 11:15:00,51.14,51.22,51.08,51.08,72303
2013-11-12 11:30:00,51.08,51.09,51.015,51.0775,11531
2013-11-12 11:45:00,51.08,51.11,51.0,51.07,48542
2013-11-12 12:00:00,51.06399999999999,51.12,50.99,51.042,19333
2013-11-12 12:15:00,51.05,51.08,50.99,51.05,27994
2013-11-12 12:30:00,51.03,51.08,51.0,51.06,15134
2013-11-12 12:45:00,51.055,51.16,51.04,51.16,18618
2013-11-12 13:00:00,51.1409,51.18,51.13,51.135,15037
2013-11-12 13:15:00,51.14,51.19,51.1,51.18,19601
2013-11-12 13:30:00,51.18,51.18,51.02,51.03,15375
2013-11-12 13:45:00,51.02,51.0399,50.97,51.0399,20706
2013-11-12 14:00:00,51.04,51.07,51.02,51.035,13487
2013-11-12 14:15:00,51.03,51.08,51.02,51.08,17971
2013-11-12 14:30:00,51.07,51.1,51.03,51.05,23219
2013-11-12 14:45:00,51.05,51.15,51.041000000000004,51.13,38312
2013-11-12 15:00:00,51.13,51.18,51.08,51.17,25067
2013-11-12 15:15:00,51.16,51.27,51.16,51.24,34524
2013-11-12 15:30:00,51.23,51.28,51.22,51.269,53697
2013-11-12 15:45:00,51.27,51.28,51.16,51.17,51715
2013-11-12 16:00:00,51.175,51.28,51.17,51.26,114895
2013-11-13 09:45:00,51.12,51.34,51.0,51.035,76359
2013-11-13 10:00:00,51.07,51.33,51.0,51.03,76524
2013-11-13 10:15:00,51.03,51.34,50.99,51.31,99574
2013-11-13 10:30:00,51.31,51.325,51.25,51.29,71683
2013-11-13 10:45:00,51.3,51.574,51.29,51.574,77970
2013-11-13 11:00:00,51.56,51.66,51.48,51.48,61028
2013-11-13 11:15:00,51.49,51.6,51.48,51.5,70657
2013-11-13 11:30:00,51.51,51.63,51.5,51.63,78831
2013-11-13 11:45:00,51.64,51.74,51.62,51.64,71766
2013-11-13 12:00:00,51.64,51.83,51.62,51.83,60690
2013-11-13 12:15:00,51.82,51.85,51.805,51.81,38277
2013-11-13 12:30:00,51.81,51.95,51.81,51.95,43823
2013-11-13 12:45:00,51.95,52.06,51.945,52.06,85249
2013-11-13 13:00:00,52.06,52.295,52.06,52.28,94131
2013-11-13 13:15:00,52.28,52.29,52.055,52.22,73584
2013-11-13 13:30:00,52.23,52.3401,52.22,52.34,60597
2013-11-13 13:45:00,52.35,52.44,52.32,52.36,55663
2013-11-13 14:00:00,52.35,52.395,52.29,52.37,52426
2013-11-13 14:15:00,52.36,52.4968,52.34,52.47,107527
2013-11-13 14:30:00,52.48,52.48,52.39,52.45,66744
2013-11-13 14:45:00,52.46,52.54,52.395,52.395,121697
2013-11-13 15:00:00,52.39,52.53,52.39,52.5,94241
2013-11-13 15:15:00,52.5,52.57,52.5,52.51,127346
2013-11-13 15:30:00,52.51,52.63,52.51,52.62,96707
2013-11-13 15:45:00,52.61,52.68,52.59,52.68,152444
2013-11-13 16:00:00,52.68,52.95,52.68,52.95,494898
2013-11-14 09:45:00,52.87,53.0,52.575,52.59,68240
2013-11-14 10:00:00,52.59,52.62,52.42,52.53,81313
2013-11-14 10:15:00,52.5665,52.71,52.46,52.69,26889
2013-11-14 10:30:00,52.67,52.72,52.53,52.56,19700
2013-11-14 10:45:00,52.57,52.766000000000005,52.57,52.766000000000005,29194
2013-11-14 11:00:00,52.75,52.76,52.61,52.6899,18948
2013-11-14 11:15:00,52.68,52.73,52.6,52.73,27731
2013-11-14 11:30:00,52.7399,52.84,52.73,52.8002,37465
2013-11-14 11:45:00,52.785,52.785,52.7,52.72,13978
2013-11-14 12:00:00,52.715,52.75,52.68,52.705,28624
2013-11-14 12:15:00,52.7,52.75,52.7,52.73,9856
2013-11-14 12:30:00,52.74,52.81,52.72,52.8,15180
2013-11-14 12:45:00,52.81,52.81,52.75,52.77,15550
2013-11-14 13:00:00,52.77,52.795,52.7,52.72,53853
2013-11-14 13:15:00,52.72,52.77,52.64,52.64,25214
2013-11-14 13:30:00,52.64,52.73,52.61,52.635,17209
2013-11-14 13:45:00,52.6486,52.665,52.57,52.57,22556
2013-11-14 14:00:00,52.56,52.67,52.56,52.67,27399
2013-11-14 14:15:00,52.66,52.66,52.57,52.57,28668
2013-11-14 14:30:00,52.57,52.715,52.565,52.71,25393
2013-11-14 14:45:00,52.71,52.725,52.62,52.625,26040
2013-11-14 15:00:00,52.65,52.665,52.58,52.66,27105
2013-11-14 15:15:00,52.66,52.675,52.57,52.63,54048
2013-11-14 15:30:00,52.63,52.67,52.6,52.638000000000005,27985
2013-11-14 15:45:00,52.64,52.76,52.64,52.74,45913
2013-11-14 16:00:00,52.744,52.77,52.71,52.73,90087
2013-11-15 09:45:00,52.84,52.97,52.301,52.47,102915
2013-11-15 10:00:00,52.48,52.52,52.25,52.33,29520
2013-11-15 10:15:00,52.342,52.48,52.25,52.47,62080
2013-11-15 10:30:00,52.47,52.5,52.32,52.32,40383
2013-11-15 10:45:00,52.315,52.34,52.23,52.34,27275
2013-11-15 11:00:00,52.35,52.52,52.35,52.52,71819
2013-11-15 11:15:00,52.52,52.53,52.47,52.5,49419
2013-11-15 11:30:00,52.505,52.52,52.47,52.5,64029
2013-11-15 11:45:00,52.494,52.52,52.44,52.5,30263
2013-11-15 12:00:00,52.4999,52.51,52.4,52.42,17507
2013-11-15 12:15:00,52.4,52.4,52.35,52.39,8848
2013-11-15 12:30:00,52.39,52.39,52.34,52.37,6667
2013-11-15 12:45:00,52.37,52.4201,52.3636,52.42,7497
2013-11-15 13:00:00,52.426,52.44,52.41,52.427,7218
2013-11-15 13:15:00,52.42,52.43,52.38,52.38,99176
2013-11-15 13:30:00,52.39,52.49,52.38,52.49,11501
2013-11-15 13:45:00,52.5,52.63,52.5,52.61,12023
2013-11-15 14:00:00,52.62,52.62,52.56,52.61,14971
2013-11-15 14:15:00,52.63,52.72,52.62,52.7,26551
2013-11-15 14:30:00,52.69,52.69,52.61,52.65,13220
2013-11-15 14:45:00,52.646,52.67,52.6,52.65,14274
2013-11-15 15:00:00,52.65,52.66,52.62,52.63,11249
2013-11-15 15:15:00,52.63,52.74,52.63,52.74,38006
2013-11-15 15:30:00,52.72,52.76,52.67,52.71,29541
2013-11-15 15:45:00,52.7,52.71,52.66,52.66,26151
2013-11-15 16:00:00,52.67,52.73,52.64,52.73,50109
2013-11-18 09:45:00,52.85,52.926,52.5412,52.6799,92255
2013-11-18 10:00:00,52.68,52.68,52.34,52.426,62599
2013-11-18 10:15:00,52.428999999999995,52.45,52.33,52.41,21945
2013-11-18 10:30:00,52.42,52.49,52.36,52.47,10584
2013-11-18 10:45:00,52.47,52.52,52.36,52.38,11034
2013-11-18 11:00:00,52.37,52.52,52.36,52.52,9171
2013-11-18 11:15:00,52.52,52.54600000000001,52.47,52.54,12406
2013-11-18 11:30:00,52.54,52.59,52.54,52.58,15616
2013-11-18 11:45:00,52.59,52.6,52.385,52.46,13168
2013-11-18 12:00:00,52.445,52.445,52.38,52.39,53499
2013-11-18 12:15:00,52.38,52.45,52.3701,52.44,7124
2013-11-18 12:30:00,52.4459,52.455,52.39,52.44,11506
2013-11-18 12:45:00,52.44,52.445,52.37,52.41,6500
2013-11-18 13:00:00,52.41,52.43,52.37,52.43,7205
2013-11-18 13:15:00,52.43,52.44,52.39,52.412,6703
2013-11-18 13:30:00,52.42,52.51,52.39,52.5,17086
2013-11-18 13:45:00,52.501000000000005,52.525,52.44,52.46,11039
2013-11-18 14:00:00,52.46,52.495,52.425,52.48,11609
2013-11-18 14:15:00,52.5,52.5,52.42,52.45,19451
2013-11-18 14:30:00,52.46,52.46,52.38,52.44,14354
2013-11-18 14:45:00,52.442,52.45,52.35,52.35,10347
2013-11-18 15:00:00,52.351000000000006,52.38,52.32,52.32,12807
2013-11-18 15:15:00,52.32,52.32,52.18,52.18,17494
2013-11-18 15:30:00,52.17,52.21,52.08,52.15,21602
2013-11-18 15:45:00,52.16,52.165,52.06,52.1325,26791
2013-11-18 16:00:00,52.14,52.2,52.02,52.09,231488
2013-11-19 09:45:00,51.96,52.23,51.96,52.05,28237
2013-11-19 10:00:00,52.01,52.12,51.87,52.0497,21247
2013-11-19 10:15:00,52.05,52.11,51.97,51.97,12262
2013-11-19 10:30:00,51.97,52.0,51.87,51.88,11118
2013-11-19 10:45:00,51.89,52.025,51.86,51.95,9074
2013-11-19 11:00:00,51.95,52.02,51.8799,51.97,14022
2013-11-19 11:15:00,51.97,51.97,51.87,51.88,17239
2013-11-19 11:30:00,51.865,51.96,51.865,51.95,19530
2013-11-19 11:45:00,51.9472,51.98,51.88,51.91,55000
2013-11-19 12:00:00,51.91,52.13,51.91,52.04,104873
2013-11-19 12:15:00,52.04,52.14,51.98,52.1,10113
2013-11-19 12:30:00,52.115,52.14,52.07,52.14,8563
2013-11-19 12:45:00,52.1301,52.1301,52.0401,52.07,9565
2013-11-19 13:00:00,52.07,52.12,52.025,52.04,4707
2013-11-19 13:15:00,52.04,52.06,51.9,51.9,8382
2013-11-19 13:30:00,51.91,51.92,51.74,51.77,11654
2013-11-19 13:45:00,51.76,51.82,51.73,51.81,10020
2013-11-19 14:00:00,51.83,51.83,51.62,51.65,14979
2013-11-19 14:15:00,51.64,51.76,51.64,51.75,24495
2013-11-19 14:30:00,51.75,51.81,51.69,51.75,33533
2013-11-19 14:45:00,51.76,51.94,51.75,51.85,17918
2013-11-19 15:00:00,51.84,51.91,51.81,51.82,13609
2013-11-19 15:15:00,51.82,51.85,51.77,51.8,18968
2013-11-19 15:30:00,51.8,51.93,51.8,51.92,103518
2013-11-19 15:45:00,51.92,51.94,51.79,51.81,71496
2013-11-19 16:00:00,51.81,51.83,51.72,51.78,118325
2013-11-20 09:45:00,51.88,52.11,51.73,52.02,76341
2013-11-20 10:00:00,52.02,52.05,51.91,52.04,25575
2013-11-20 10:15:00,52.1,52.1,51.825,51.985,19464
2013-11-20 10:30:00,51.985,52.08,51.92,51.955,16395
2013-11-20 10:45:00,51.965,52.04,51.81,51.89,22724
2013-11-20 11:00:00,51.87,51.96,51.85,51.92,23504
2013-11-20 11:15:00,51.91,51.94,51.8,51.8,39359
2013-11-20 11:30:00,51.8,51.95,51.79,51.86,18513
2013-11-20 11:45:00,51.85,51.88,51.78,51.84,22637
2013-11-20 12:00:00,51.845,51.96,51.78,51.95,18213
2013-11-20 12:15:00,51.95,52.03,51.89,51.95,26289
2013-11-20 12:30:00,51.96,52.06,51.96,52.05,11909
2013-11-20 12:45:00,52.04,52.13,52.02,52.08,24066
2013-11-20 13:00:00,52.09,52.14,51.96,51.96,8774
2013-11-20 13:15:00,51.96,51.96,51.92,51.93,3928
2013-11-20 13:30:00,51.93,51.98,51.91,51.965,36226
2013-11-20 13:45:00,51.97,52.02,51.96,52.008,15191
2013-11-20 14:00:00,52.01,52.05,52.005,52.01,7404
2013-11-20 14:15:00,52.02,52.02,51.785,51.88,46538
2013-11-20 14:30:00,51.87,51.98,51.85,51.94,55197
2013-11-20 14:45:00,51.93,52.01,51.92,51.99,48151
2013-11-20 15:00:00,51.97,52.0,51.94,51.98,42335
2013-11-20 15:15:00,51.96,51.99,51.85,51.88,78095
2013-11-20 15:30:00,51.89,51.91,51.86,51.875,34171
2013-11-20 15:45:00,51.88,51.92,51.845,51.87,63361
2013-11-20 16:00:00,51.87,51.96,51.84,51.9,132746
2013-11-21 09:45:00,52.06,52.25,51.71,51.84,102354
2013-11-21 10:00:00,51.81,51.93,51.74,51.92,23217
2013-11-21 10:15:00,51.88,51.92,51.61,51.7075,27541
2013-11-21 10:30:00,51.72,51.83,51.68,51.69,20260
2013-11-21 10:45:00,51.71,51.77,51.61,51.69,22570
2013-11-21 11:00:00,51.7,51.7423,51.6512,51.7423,20968
2013-11-21 11:15:00,51.73,51.77,51.59,51.65,29041
2013-11-21 11:30:00,51.658,51.87,51.658,51.82,36371
2013-11-21 11:45:00,51.83,51.95,51.83,51.95,12648
2013-11-21 12:00:00,51.95,51.96,51.835,51.85,18721
2013-11-21 12:15:00,51.86,51.86,51.6903,51.74,12550
2013-11-21 12:30:00,51.7399,51.7399,51.64,51.67,7200
2013-11-21 12:45:00,51.67,51.83,51.65,51.8,32874
2013-11-21 13:00:00,51.81,51.87,51.76,51.87,16173
2013-11-21 13:15:00,51.86,51.96,51.86,51.96,22527
2013-11-21 13:30:00,51.95,52.01,51.86,52.01,54225
2013-11-21 13:45:00,52.01,52.09,52.005,52.03,17561
2013-11-21 14:00:00,52.0582,52.1,51.96,52.03,26554
2013-11-21 14:15:00,52.04,52.12,51.99,52.11,38229
2013-11-21 14:30:00,52.1,52.15,52.06,52.065,22517
2013-11-21 14:45:00,52.065,52.065,51.98,52.01,14607
2013-11-21 15:00:00,52.01,52.05,51.96,52.01,20945
2013-11-21 15:15:00,52.0,52.125,52.0,52.09,65004
2013-11-21 15:30:00,52.08,52.15,52.08,52.1,23934
2013-11-21 15:45:00,52.11,52.16,52.11,52.125,32954
2013-11-21 16:00:00,52.12,52.14,52.05,52.1,98701
2013-11-22 09:45:00,51.78,51.89,51.5,51.75,94042
2013-11-22 10:00:00,51.75,52.15,51.75,52.15,59951
2013-11-22 10:15:00,52.17,52.25,52.01,52.1,29724
2013-11-22 10:30:00,52.1,52.1,51.97,52.02,19924
2013-11-22 10:45:00,52.025,52.05,51.98,52.0,21668
2013-11-22 11:00:00,52.0,52.05,51.92,52.04,28569
2013-11-22 11:15:00,52.06,52.16,52.06,52.09,12300
2013-11-22 11:30:00,52.12,52.16,52.09,52.12,13000
2013-11-22 11:45:00,52.13,52.14,52.09,52.13,8839
2013-11-22 12:00:00,52.14,52.22,52.13,52.14,19495
2013-11-22 12:15:00,52.16,52.19,52.145,52.16,11030
2013-11-22 12:30:00,52.165,52.335,52.145,52.2454,35982
2013-11-22 12:45:00,52.25,52.34,52.245,52.33,69702
2013-11-22 13:00:00,52.325,52.4,52.32,52.39,15294
2013-11-22 13:15:00,52.39,52.47,52.38,52.45,31852
2013-11-22 13:30:00,52.44,52.47,52.4,52.47,60941
2013-11-22 13:45:00,52.49,52.49,52.38,52.425,41891
2013-11-22 14:00:00,52.43,52.45,52.4,52.405,15169
2013-11-22 14:15:00,52.4,52.43,52.35,52.38,16171
2013-11-22 14:30:00,52.38,52.42,52.35,52.41,36241
2013-11-22 14:45:00,52.42,52.44,52.39,52.42,17974
2013-11-22 15:00:00,52.4172,52.55,52.41,52.55,67616
2013-11-22 15:15:00,52.56,52.64,52.53,52.62,48611
2013-11-22 15:30:00,52.61,52.655,52.595,52.615,40971
2013-11-22 15:45:00,52.61,52.73,52.595,52.71,101169
2013-11-22 16:00:00,52.72,52.925,52.71,52.89,299654
2013-11-25 09:45:00,52.96,53.0,52.56,52.56,102730
2013-11-25 10:00:00,52.54,53.01,52.41,52.91,78300
2013-11-25 10:15:00,52.88,53.07,52.85,52.93,59531
2013-11-25 10:30:00,52.9275,53.16,52.86,53.16,77770
2013-11-25 10:45:00,53.1596,53.23,52.87,52.97,49195
2013-11-25 11:00:00,52.98,53.08,52.9,53.02,39995
2013-11-25 11:15:00,52.97,52.98,52.9107,52.97,18880
2013-11-25 11:30:00,52.96,53.21,52.95,53.21,22133
2013-11-25 11:45:00,53.18,53.29,53.18,53.235,67367
2013-11-25 12:00:00,53.235,53.25,53.16,53.23,57363
2013-11-25 12:15:00,53.22,53.3,53.2,53.3,40886
2013-11-25 12:30:00,53.3,53.35,53.23,53.303999999999995,36450
2013-11-25 12:45:00,53.31,53.36,53.28,53.34,30906
2013-11-25 13:00:00,53.34,53.52,53.32,53.38,68724
2013-11-25 13:15:00,53.37,53.57,53.37,53.52,61098
2013-11-25 13:30:00,53.52,53.545,53.45,53.5,52272
2013-11-25 13:45:00,53.49,53.63,53.46,53.63,56664
2013-11-25 14:00:00,53.625,53.665,53.58,53.64,48434
2013-11-25 14:15:00,53.63,53.76,53.59,53.73,81953
2013-11-25 14:30:00,53.735,53.775,53.64,53.75,53769
2013-11-25 14:45:00,53.76,53.79,53.72,53.78,61289
2013-11-25 15:00:00,53.78,53.83,53.745,53.81,91319
2013-11-25 15:15:00,53.8175,53.86,53.59,53.595,71299
2013-11-25 15:30:00,53.595,53.71,53.595,53.65,113426
2013-11-25 15:45:00,53.65,53.68,53.48,53.485,132003
2013-11-25 16:00:00,53.48,53.65,53.47,53.59,179117
2013-11-26 09:45:00,53.62,53.84,53.39,53.5199,46149
2013-11-26 10:00:00,53.48,53.52,53.43,53.49,31753
2013-11-26 10:15:00,53.5,53.51,53.39,53.43,46431
2013-11-26 10:30:00,53.4399,53.52,53.41,53.52,31603
2013-11-26 10:45:00,53.5,53.52,53.42,53.45,106673
2013-11-26 11:00:00,53.46,53.48,53.405,53.4501,68336
2013-11-26 11:15:00,53.46,53.52,53.41,53.52,70567
2013-11-26 11:30:00,53.53,53.56,53.42,53.44,63111
2013-11-26 11:45:00,53.44,53.48,53.4001,53.43,50015
2013-11-26 12:00:00,53.43,53.48,53.42,53.43,30417
2013-11-26 12:15:00,53.44,53.47,53.405,53.46,30302
2013-11-26 12:30:00,53.47,53.54,53.46,53.51,38564
2013-11-26 12:45:00,53.51,53.53,53.44,53.44,18319
2013-11-26 13:00:00,53.445,53.48,53.41,53.42,23774
2013-11-26 13:15:00,53.43,53.43,53.37,53.42,25588
2013-11-26 13:30:00,53.41,53.5,53.395,53.49,25378
2013-11-26 13:45:00,53.49,53.53,53.435,53.53,30047
2013-11-26 14:00:00,53.5275,53.59,53.5275,53.59,26876
2013-11-26 14:15:00,53.6,53.68,53.6,53.644,31996
2013-11-26 14:30:00,53.64,53.72,53.6,53.6501,31100
2013-11-26 14:45:00,53.66,53.76,53.66,53.73,32121
2013-11-26 15:00:00,53.74,53.8,53.72,53.765,42837
2013-11-26 15:15:00,53.76,53.9,53.75,53.79,44276
2013-11-26 15:30:00,53.77,53.91,53.77,53.91,48390
2013-11-26 15:45:00,53.9,53.9,53.8,53.8,52339
2013-11-26 16:00:00,53.8,53.81,53.72,53.77,166133
2013-11-27 09:45:00,53.69,53.89,53.66,53.8,50673
2013-11-27 10:00:00,53.77,53.81,53.7,53.705,37142
2013-11-27 10:15:00,53.67,53.68,53.47,53.471000000000004,73522
2013-11-27 10:30:00,53.48,53.51,53.43,53.4835,35640
2013-11-27 10:45:00,53.49,53.58,53.45,53.49,57639
2013-11-27 11:00:00,53.48,53.48,53.4,53.41,18942
2013-11-27 11:15:00,53.41,53.47,53.37,53.44,22499
2013-11-27 11:30:00,53.44,53.52,53.44,53.48,34251
2013-11-27 11:45:00,53.48,53.62,53.48,53.58,20445
2013-11-27 12:00:00,53.59,53.6,53.47,53.505,23498
2013-11-27 12:15:00,53.5,53.54,53.42,53.51,23440
2013-11-27 12:30:00,53.49,53.51,53.44,53.465,18775
2013-11-27 12:45:00,53.48,53.6,53.48,53.51,29661
2013-11-27 13:00:00,53.52,53.52,53.41,53.435,34088
2013-11-27 13:15:00,53.44,53.44,53.29,53.44,33770
2013-11-27 13:30:00,53.44,53.6279,53.425,53.61,20334
2013-11-27 13:45:00,53.615,53.8,53.615,53.75,43601
2013-11-27 14:00:00,53.74,53.795,53.72,53.795,30681
2013-11-27 14:15:00,53.79,53.88,53.785,53.86,41969
2013-11-27 14:30:00,53.86,53.87,53.83,53.84,24657
2013-11-27 14:45:00,53.84,53.97,53.84,53.97,36054
2013-11-27 15:00:00,53.97,54.07,53.97,53.99,48937
2013-11-27 15:15:00,53.99,54.06,53.99,54.0,22237
2013-11-27 15:30:00,54.0,54.01,53.9,53.95,31935
2013-11-27 15:45:00,53.93,53.95,53.835,53.9,56543
2013-11-27 16:00:00,53.895,53.91,53.84,53.85,94004
2013-11-29 09:45:00,53.73,54.11,53.71,54.0,17719
2013-11-29 10:00:00,53.9001,54.04,53.865,53.9,12264
2013-11-29 10:15:00,53.89,54.01,53.855,53.94,22300
2013-11-29 10:30:00,53.94,54.0099,53.92,53.9993,28613
2013-11-29 10:45:00,54.01,54.0799,53.9,53.96,6031
2013-11-29 11:00:00,53.94,53.985,53.9,53.9725,33368
2013-11-29 11:15:00,53.949,54.03,53.85,53.85,13368
2013-11-29 11:30:00,53.84,53.9,53.8,53.87,29603
2013-11-29 11:45:00,53.87,54.035,53.87,54.0,10919
2013-11-29 12:00:00,54.02,54.03,53.91,53.95,10234
2013-11-29 12:15:00,53.96,53.97,53.85,53.85,11992
2013-11-29 12:30:00,53.84,53.99,53.8201,53.98,15404
2013-11-29 12:45:00,53.99,54.02,53.92,53.97,15961
2013-11-29 13:00:00,53.96,53.965,53.79,53.84,43680
2013-11-29 13:15:00,53.83,53.918,53.79,53.918,51548
2013-11-29 13:30:00,53.8178,53.8178,53.8178,53.8178,2300
2013-11-29 15:00:00,53.98,53.99,53.98,53.98,300
2013-12-02 09:45:00,53.98,54.0,53.7,53.7,24125
2013-12-02 10:00:00,53.7,53.71,53.54,53.685,59193
2013-12-02 10:15:00,53.698,53.92,53.69,53.9,26308
2013-12-02 10:30:00,53.91,54.065,53.91,54.05,38306
2013-12-02 10:45:00,54.06,54.09,54.0,54.04,24710
2013-12-02 11:00:00,54.05,54.14,54.02,54.02,30176
2013-12-02 11:15:00,54.03,54.05,53.91,53.91,24596
2013-12-02 11:30:00,53.9,53.9,53.692,53.72,21783
2013-12-02 11:45:00,53.72,53.73,53.611999999999995,53.638999999999996,20590
2013-12-02 12:00:00,53.64,53.91,53.64,53.775,36275
2013-12-02 12:15:00,53.77,53.77,53.7,53.71,17036
2013-12-02 12:30:00,53.71,53.87,53.68,53.87,20088
2013-12-02 12:45:00,53.87,53.87,53.7,53.73,29392
2013-12-02 13:00:00,53.74,53.81,53.705,53.76,48419
2013-12-02 13:15:00,53.76,53.89,53.76,53.83,21443
2013-12-02 13:30:00,53.83,53.965,53.83,53.94,23129
2013-12-02 13:45:00,53.93,53.93,53.85,53.85,25335
2013-12-02 14:00:00,53.85,53.945,53.8,53.94,30343
2013-12-02 14:15:00,53.93,53.99,53.93,53.95,34749
2013-12-02 14:30:00,53.948,54.005,53.909,53.99,35613
2013-12-02 14:45:00,53.99,54.0,53.79,53.795,35991
2013-12-02 15:00:00,53.79,53.84,53.72,53.79,54710
2013-12-02 15:15:00,53.78,53.84,53.74,53.76,70476
2013-12-02 15:30:00,53.765,53.8325,53.74,53.795,66746
2013-12-02 15:45:00,53.79,53.795,53.615,53.63,61654
2013-12-02 16:00:00,53.62,53.7,53.54,53.66,203496
2013-12-03 09:45:00,53.4,53.8397,53.37,53.41,38005
2013-12-03 10:00:00,53.39,53.43,53.2,53.24,84726
2013-12-03 10:15:00,53.25,53.306000000000004,53.21,53.27,40619
2013-12-03 10:30:00,53.26,53.33,53.09,53.09,61021
2013-12-03 10:45:00,53.11,53.13,53.05,53.12,27178
2013-12-03 11:00:00,53.12,53.13,53.0004,53.03,32324
2013-12-03 11:15:00,53.034,53.034,52.96,53.01,33149
2013-12-03 11:30:00,53.01,53.01,52.935,53.01,37479
2013-12-03 11:45:00,53.0,53.03,52.925,52.95,43454
2013-12-03 12:00:00,52.95,52.99,52.73,52.77,49188
2013-12-03 12:15:00,52.76,52.81,52.705,52.71,35427
2013-12-03 12:30:00,52.72,52.72,52.525,52.5275,40175
2013-12-03 12:45:00,52.52,52.55,52.49,52.49,35436
2013-12-03 13:00:00,52.49,52.52,52.45,52.5199,28619
2013-12-03 13:15:00,52.52,52.66,52.47,52.65,42971
2013-12-03 13:30:00,52.64,52.66,52.57,52.622,29010
2013-12-03 13:45:00,52.63,52.72,52.595,52.6,54190
2013-12-03 14:00:00,52.615,52.71,52.59,52.655,45248
2013-12-03 14:15:00,52.658,52.705,52.655,52.69,41959
2013-12-03 14:30:00,52.68,52.68,52.6,52.62,29640
2013-12-03 14:45:00,52.615,52.72,52.59,52.69,44937
2013-12-03 15:00:00,52.69,52.78,52.675,52.775,72711
2013-12-03 15:15:00,52.78,52.885,52.76,52.835,39194
2013-12-03 15:30:00,52.84,52.9,52.81,52.82,40459
2013-12-03 15:45:00,52.82,52.92,52.82,52.9,75136
2013-12-03 16:00:00,52.9,53.05,52.9,52.96,180135
2013-12-04 09:45:00,52.85,52.88,52.33,52.48,90587
2013-12-04 10:00:00,52.505,52.57,52.37,52.53,105665
2013-12-04 10:15:00,52.53,52.82,52.52,52.61,36811
2013-12-04 10:30:00,52.63,52.72,52.6,52.615,32909
2013-12-04 10:45:00,52.63,52.69,52.47,52.48,38901
2013-12-04 11:00:00,52.48,52.49,52.37,52.47,36307
2013-12-04 11:15:00,52.48,52.48,52.24,52.24,115324
2013-12-04 11:30:00,52.25,52.25,51.97,52.05,180256
2013-12-04 11:45:00,52.05,52.055,51.89,51.925,87742
2013-12-04 12:00:00,51.935,51.94,51.82,51.82,115078
2013-12-04 12:15:00,51.82,51.83,51.47,51.51,197825
2013-12-04 12:30:00,51.52,51.54,51.22,51.47,289026
2013-12-04 12:45:00,51.5,51.71,51.49,51.7001,137440
2013-12-04 13:00:00,51.71,51.98,51.71,51.92,68400
2013-12-04 13:15:00,51.92,52.12,51.895,51.93,62766
2013-12-04 13:30:00,51.9288,51.93600000000001,51.72,51.74,75903
2013-12-04 13:45:00,51.7,51.77,51.5,51.54,194983
2013-12-04 14:00:00,51.51,51.52,51.26,51.28,217494
2013-12-04 14:15:00,51.26,51.29,51.01,51.1,257573
2013-12-04 14:30:00,51.11,51.54,51.03,51.37,321336
2013-12-04 14:45:00,51.37,51.67,51.36,51.59,140523
2013-12-04 15:00:00,51.58,51.85,51.51,51.85,93981
2013-12-04 15:15:00,51.87,51.92,51.72,51.825,83002
2013-12-04 15:30:00,51.83,52.04,51.83,52.0,100980
2013-12-04 15:45:00,51.99,52.11,51.95,52.07,104152
2013-12-04 16:00:00,52.08,52.12,52.06,52.11,273583
2013-12-05 09:45:00,52.11,52.36,52.04,52.08,183524
2013-12-05 10:00:00,52.08,52.08,51.865,51.9,62010
2013-12-05 10:15:00,51.9,52.1,51.9,52.07,54276
2013-12-05 10:30:00,52.07,52.16,51.94,51.95,64273
2013-12-05 10:45:00,51.96,52.02,51.48,51.49,210031
2013-12-05 11:00:00,51.48,51.82,51.41,51.78,392760
2013-12-05 11:15:00,51.79,51.955,51.74,51.89,57243
2013-12-05 11:30:00,51.885,52.12,51.52,52.02,309917
2013-12-05 11:45:00,52.01,52.15,51.88,52.08,114282
2013-12-05 12:00:00,52.08,52.35,52.03,52.21,75633
2013-12-05 12:15:00,52.23,52.45,52.17,52.39,77812
2013-12-05 12:30:00,52.39,52.43,52.19,52.19,68935
2013-12-05 12:45:00,52.19,52.27,52.12,52.22,85970
2013-12-05 13:00:00,52.225,52.49,52.22,52.38,70663
2013-12-05 13:15:00,52.375,52.545,52.365,52.545,49465
2013-12-05 13:30:00,52.54,52.54,52.39,52.4,36642
2013-12-05 13:45:00,52.4,52.42,52.21,52.21,53314
2013-12-05 14:00:00,52.215,52.31,52.16,52.19,54121
2013-12-05 14:15:00,52.2,52.42,52.19,52.22,56034
2013-12-05 14:30:00,52.22,52.39,52.18,52.31,64527
2013-12-05 14:45:00,52.31,52.31,52.17,52.28,57322
2013-12-05 15:00:00,52.28,52.3,52.14,52.255,99014
2013-12-05 15:15:00,52.25,52.33,52.195,52.33,63640
2013-12-05 15:30:00,52.32,52.58,52.29,52.49,97622
2013-12-05 15:45:00,52.48,52.58,52.44,52.46,85975
2013-12-05 16:00:00,52.46,52.47,52.32899999999999,52.37,120236
2013-12-06 09:45:00,52.77,52.92,52.39,52.64,26434
2013-12-06 10:00:00,52.63,52.64,52.42,52.4241,42490
2013-12-06 10:15:00,52.44,52.59,52.23,52.25,74211
2013-12-06 10:30:00,52.24,52.28,51.95,51.98,162695
2013-12-06 10:45:00,52.0,52.037,51.85,51.91,93972
2013-12-06 11:00:00,51.93,51.99,51.8,51.86,74801
2013-12-06 11:15:00,51.86,52.04,51.8501,51.92,63454
2013-12-06 11:30:00,51.93,51.99,51.81,51.83,65356
2013-12-06 11:45:00,51.83,51.945,51.83,51.87,43027
2013-12-06 12:00:00,51.87,52.11,51.87,52.11,54268
2013-12-06 12:15:00,52.09,52.09,51.905,51.96,40524
2013-12-06 12:30:00,51.97,52.06,51.88,51.915,34169
2013-12-06 12:45:00,51.92,51.99,51.89,51.97,51947
2013-12-06 13:00:00,51.96,51.97,51.91,51.95,35062
2013-12-06 13:15:00,51.965,52.11,51.953,51.97,61289
2013-12-06 13:30:00,51.965,52.012,51.83,51.86,65584
2013-12-06 13:45:00,51.87,52.05,51.87,52.019,68615
2013-12-06 14:00:00,52.01,52.03,51.92,51.93,45255
2013-12-06 14:15:00,51.93,52.02,51.925,51.96,57635
2013-12-06 14:30:00,51.95,51.99,51.87,51.89,70133
2013-12-06 14:45:00,51.9,51.985,51.87,51.95,70778
2013-12-06 15:00:00,51.95,52.0,51.9,51.96,50244
2013-12-06 15:15:00,51.97,51.98,51.84,51.84,73970
2013-12-06 15:30:00,51.84,51.845,51.72,51.74,67569
2013-12-06 15:45:00,51.72,51.875,51.71,51.71,115474
2013-12-06 16:00:00,51.71,51.79,51.7,51.75,193350
2013-12-09 09:45:00,51.76,51.97,51.55,51.65,98425
2013-12-09 10:00:00,51.655,52.0,51.52,51.97,142488
2013-12-09 10:15:00,51.97,52.11,51.9,52.08,58087
2013-12-09 10:30:00,52.0738,52.1473,51.97,52.01,51732
2013-12-09 10:45:00,52.01,52.13,51.93899999999999,52.1,38298
2013-12-09 11:00:00,52.12,52.16,52.07,52.15,33378
2013-12-09 11:15:00,52.15,52.27,52.09,52.1575,71633
2013-12-09 11:30:00,52.155,52.16,52.05,52.07,44526
2013-12-09 11:45:00,52.06,52.19,52.06,52.14,24934
2013-12-09 12:00:00,52.13,52.192,52.015,52.09,59855
2013-12-09 12:15:00,52.11,52.13,52.06,52.1,31275
2013-12-09 12:30:00,52.1,52.16,52.09,52.1,26344
2013-12-09 12:45:00,52.1,52.19,52.095,52.17,36708
2013-12-09 13:00:00,52.17,52.19,52.07,52.13,38725
2013-12-09 13:15:00,52.12,52.19,52.119,52.15,33160
2013-12-09 13:30:00,52.155,52.18,52.1,52.15,33715
2013-12-09 13:45:00,52.15,52.18,52.11,52.14,22340
2013-12-09 14:00:00,52.145,52.145,52.05,52.065,28824
2013-12-09 14:15:00,52.07,52.168,52.05,52.13,31025
2013-12-09 14:30:00,52.13,52.15,52.09,52.14,37071
2013-12-09 14:45:00,52.14,52.32,52.14,52.32,44851
2013-12-09 15:00:00,52.31,52.38,52.285,52.33,46218
2013-12-09 15:15:00,52.339,52.405,52.315,52.38,53220
2013-12-09 15:30:00,52.38,52.4,52.321999999999996,52.355,56095
2013-12-09 15:45:00,52.355,52.44,52.35,52.36,78809
2013-12-09 16:00:00,52.36,52.43,52.36,52.43,111607
2013-12-10 09:45:00,52.29,52.43,52.2,52.42,24327
2013-12-10 10:00:00,52.45,52.46,52.36,52.44,46532
2013-12-10 10:15:00,52.467,52.69,52.467,52.63,34923
2013-12-10 10:30:00,52.64,52.64,52.3501,52.3501,66453
2013-12-10 10:45:00,52.37,52.54,52.36,52.48,25505
2013-12-10 11:00:00,52.496,52.6039,52.48,52.555,20075
2013-12-10 11:15:00,52.55,52.62,52.41,52.44,59721
2013-12-10 11:30:00,52.42,52.495,52.38,52.38,25863
2013-12-10 11:45:00,52.36,52.39,52.17,52.17,32468
2013-12-10 12:00:00,52.17,52.2,52.08,52.15,47044
2013-12-10 12:15:00,52.14,52.22,52.11,52.11,18677
2013-12-10 12:30:00,52.135,52.29,52.07,52.25,23726
2013-12-10 12:45:00,52.225,52.27,52.16,52.25,23431
2013-12-10 13:00:00,52.23,52.35,52.2,52.321999999999996,30450
2013-12-10 13:15:00,52.34,52.39,52.26,52.26,28018
2013-12-10 13:30:00,52.29,52.4,52.24,52.26,37518
2013-12-10 13:45:00,52.2701,52.33,52.255,52.32,24534
2013-12-10 14:00:00,52.3,52.34,52.22,52.26,32907
2013-12-10 14:15:00,52.2668,52.28,52.18,52.24,24162
2013-12-10 14:30:00,52.26,52.3,52.22,52.3,18028
2013-12-10 14:45:00,52.31,52.39,52.27,52.38,37376
2013-12-10 15:00:00,52.37,52.4,52.32,52.32,30582
2013-12-10 15:15:00,52.34,52.41,52.33,52.36,31349
2013-12-10 15:30:00,52.36,52.395,52.25,52.36,32499
2013-12-10 15:45:00,52.37,52.39,52.28,52.3,37428
2013-12-10 16:00:00,52.29,52.31,52.24,52.25,58912
2013-12-11 09:45:00,52.29,52.42,52.09,52.19,28144
2013-12-11 10:00:00,52.26,52.26,51.97,52.055,17941
2013-12-11 10:15:00,52.02,52.1664,51.94,52.1664,7122
2013-12-11 10:30:00,52.14,52.16,51.98,52.03,47215
2013-12-11 10:45:00,52.0,52.18,52.0,52.18,17064
2013-12-11 11:00:00,52.16,52.16,52.05,52.06,24468
2013-12-11 11:15:00,52.09,52.14,52.03,52.03,7129
2013-12-11 11:30:00,52.0,52.0,51.825,51.93,7820
2013-12-11 11:45:00,51.93,51.93,51.72,51.74,30491
2013-12-11 12:00:00,51.74,51.79,51.68,51.74,13206
2013-12-11 12:15:00,51.75,51.75,51.65,51.67,22638
2013-12-11 12:30:00,51.68,51.68,51.57,51.58,11031
2013-12-11 12:45:00,51.58,51.78,51.575,51.76,12421
2013-12-11 13:00:00,51.76,51.8,51.73,51.73,5500
2013-12-11 13:15:00,51.75,51.83,51.75,51.77,16646
2013-12-11 13:30:00,51.78,51.81,51.73,51.73,21273
2013-12-11 13:45:00,51.73,51.87,51.73,51.87,15712
2013-12-11 14:00:00,51.88,51.92,51.84,51.87,14765
2013-12-11 14:15:00,51.89,51.895,51.71,51.7164,16945
2013-12-11 14:30:00,51.7125,51.75,51.65,51.71,19294
2013-12-11 14:45:00,51.71,51.79,51.67,51.67,53342
2013-12-11 15:00:00,51.675,51.69,51.64,51.645,26692
2013-12-11 15:15:00,51.65,51.75,51.65,51.65,56924
2013-12-11 15:30:00,51.6684,51.74,51.63,51.6501,50676
2013-12-11 15:45:00,51.66,51.68,51.59,51.595,41526
2013-12-11 16:00:00,51.59,51.65,51.56,51.63,110220
2013-12-12 09:45:00,51.59,51.725,51.37,51.495,34192
2013-12-12 10:00:00,51.59,51.59,51.4,51.54,47336
2013-12-12 10:15:00,51.56,51.66,51.52,51.64,22783
2013-12-12 10:30:00,51.59,51.69,51.56,51.66,54293
2013-12-12 10:45:00,51.65,51.8,51.64,51.78,18126
2013-12-12 11:00:00,51.74,51.76,51.71,51.73,12517
2013-12-12 11:15:00,51.72,51.85,51.72,51.8,21587
2013-12-12 11:30:00,51.76,51.8,51.6501,51.66,14920
2013-12-12 11:45:00,51.67,51.73,51.67,51.69,7080
2013-12-12 12:00:00,51.68,51.77,51.68,51.68,9790
2013-12-12 12:15:00,51.69,51.69,51.55,51.58,16664
2013-12-12 12:30:00,51.54,51.55,51.41,51.54,15451
2013-12-12 12:45:00,51.53,51.55,51.515,51.54,13354
2013-12-12 13:00:00,51.54,51.63,51.535,51.55,15696
2013-12-12 13:15:00,51.54,51.63,51.54,51.6,12974
2013-12-12 13:30:00,51.6,51.64,51.595,51.595,8620
2013-12-12 13:45:00,51.6,51.6,51.52,51.55,9400
2013-12-12 14:00:00,51.55,51.567,51.44,51.46,13852
2013-12-12 14:15:00,51.46,51.65,51.46,51.63,24788
2013-12-12 14:30:00,51.64,51.69,51.635,51.65,16873
2013-12-12 14:45:00,51.64,51.68,51.55,51.56,14750
2013-12-12 15:00:00,51.56,51.641999999999996,51.5,51.64,14101
2013-12-12 15:15:00,51.625,51.625,51.43,51.46,16713
2013-12-12 15:30:00,51.455,51.54,51.41,51.5,17624
2013-12-12 15:45:00,51.48,51.55,51.45,51.46,26383
2013-12-12 16:00:00,51.47,51.51,51.42,51.48,118254
2013-12-13 09:45:00,51.45,52.11,51.37,52.0,62134
2013-12-13 10:00:00,52.01,52.01,51.49,51.49,38797
2013-12-13 10:15:00,51.51,51.67,51.5,51.52,5638
2013-12-13 10:30:00,51.51,51.59,51.49,51.58,8600
2013-12-13 10:45:00,51.57,51.68,51.55,51.55,4855
2013-12-13 11:00:00,51.555,51.75,51.555,51.75,11662
2013-12-13 11:15:00,51.76,51.7808,51.67,51.72,7084
2013-12-13 11:30:00,51.72,51.8,51.68,51.7,18691
2013-12-13 11:45:00,51.68,51.74,51.64,51.68,39575
2013-12-13 12:00:00,51.65,51.75,51.65,51.745,3910
2013-12-13 12:15:00,51.76,51.79,51.73,51.73,7748
2013-12-13 12:30:00,51.73,51.79,51.72,51.7701,5898
2013-12-13 12:45:00,51.8,51.825,51.76,51.78,6750
2013-12-13 13:00:00,51.79,51.815,51.775,51.803000000000004,6169
2013-12-13 13:15:00,51.81,51.88,51.808,51.85,7091
2013-12-13 13:30:00,51.85,51.885,51.8,51.84,7995
2013-12-13 13:45:00,51.84,51.88,51.8271,51.84,10214
2013-12-13 14:00:00,51.81,51.865,51.77,51.77,11392
2013-12-13 14:15:00,51.77,51.79,51.65,51.65,21175
2013-12-13 14:30:00,51.66,51.67,51.595,51.62,15998
2013-12-13 14:45:00,51.62,51.66,51.6,51.65,50037
2013-12-13 15:00:00,51.65,51.72,51.63399999999999,51.72,15936
2013-12-13 15:15:00,51.72,51.77,51.69,51.77,16900
2013-12-13 15:30:00,51.77,51.88,51.76,51.88,18566
2013-12-13 15:45:00,51.87,51.88,51.72,51.81,28774
2013-12-13 16:00:00,51.81,51.87,51.75,51.77,51197
2013-12-16 09:45:00,51.76,52.015,51.76,51.88,56294
2013-12-16 10:00:00,51.81,51.89,51.65,51.68,48095
2013-12-16 10:15:00,51.69,51.77,51.47,51.49,15477
2013-12-16 10:30:00,51.495,51.54,51.45,51.54,19527
2013-12-16 10:45:00,51.55,51.55,51.41,51.47,19819
2013-12-16 11:00:00,51.48,51.59,51.45,51.59,63891
2013-12-16 11:15:00,51.6,51.62,51.38,51.41,40650
2013-12-16 11:30:00,51.41,51.5753,51.4,51.53,22662
2013-12-16 11:45:00,51.53,51.535,51.36,51.41,27600
2013-12-16 12:00:00,51.42,51.46,51.315,51.36,30946
2013-12-16 12:15:00,51.37,51.37,51.27,51.27,14782
2013-12-16 12:30:00,51.26,51.29,51.2,51.26,9304
2013-12-16 12:45:00,51.25,51.27,51.17,51.27,17738
2013-12-16 13:00:00,51.26,51.28,51.17,51.2,17499
2013-12-16 13:15:00,51.215,51.28,51.16,51.17,20134
2013-12-16 13:30:00,51.16,51.248999999999995,51.11,51.2,17367
2013-12-16 13:45:00,51.2,51.26,51.17,51.22,24369
2013-12-16 14:00:00,51.21,51.3301,51.17,51.32,10575
2013-12-16 14:15:00,51.32,51.47,51.315,51.42,13385
2013-12-16 14:30:00,51.43,51.4512,51.38,51.45,11787
2013-12-16 14:45:00,51.44,51.45,51.38,51.44,11570
2013-12-16 15:00:00,51.45,51.45,51.37,51.385,10046
2013-12-16 15:15:00,51.4,51.47,51.4,51.42,10674
2013-12-16 15:30:00,51.41,51.43,51.38,51.415,13208
2013-12-16 15:45:00,51.41,51.41,51.32,51.39,55657
2013-12-16 16:00:00,51.39,51.4,51.3,51.31,60210
2013-12-17 09:45:00,51.07,51.32,51.0,51.26,149475
2013-12-17 10:00:00,51.29,51.44,51.29,51.43,8973
2013-12-17 10:15:00,51.4,51.46,51.35,51.41,27399
2013-12-17 10:30:00,51.4,51.4,51.31,51.38,6800
2013-12-17 10:45:00,51.36,51.405,51.26,51.385,12213
2013-12-17 11:00:00,51.37,51.385,51.28,51.37,44167
2013-12-17 11:15:00,51.365,51.38399999999999,51.3,51.36,28741
2013-12-17 11:30:00,51.36,51.36,51.2,51.25,21803
2013-12-17 11:45:00,51.28,51.31,51.23,51.31,15765
2013-12-17 12:00:00,51.3,51.36,51.29,51.35,6500
2013-12-17 12:15:00,51.349,51.4,51.325,51.395,7955
2013-12-17 12:30:00,51.4,51.42,51.35,51.37,11511
2013-12-17 12:45:00,51.35,51.36,51.32,51.35,20431
2013-12-17 13:00:00,51.36,51.47,51.34,51.4,14510
2013-12-17 13:15:00,51.3999,51.49,51.385,51.45,15146
2013-12-17 13:30:00,51.45,51.55,51.45,51.5,13358
2013-12-17 13:45:00,51.5,51.61,51.5,51.6,15043
2013-12-17 14:00:00,51.59,51.59,51.5,51.52,14997
2013-12-17 14:15:00,51.52,51.55,51.48,51.52,33618
2013-12-17 14:30:00,51.51,51.54,51.465,51.54,18217
2013-12-17 14:45:00,51.54,51.566,51.51,51.53,15321
2013-12-17 15:00:00,51.53,51.57,51.47,51.49100000000001,21836
2013-12-17 15:15:00,51.5,51.52,51.47,51.475,31353
2013-12-17 15:30:00,51.47,51.51,51.46,51.48,30340
2013-12-17 15:45:00,51.48,51.515,51.46,51.46,58339
2013-12-17 16:00:00,51.46,51.55,51.46,51.55,64831
2013-12-18 09:45:00,51.7,51.72,51.46,51.72,91417
2013-12-18 10:00:00,51.67,51.78,51.26,51.28,18005
2013-12-18 10:15:00,51.26,51.38,51.26,51.36,27628
2013-12-18 10:30:00,51.34,51.37,51.27,51.3,27584
2013-12-18 10:45:00,51.32,51.34,51.26,51.298,20702
2013-12-18 11:00:00,51.29,51.33,51.19,51.297,32666
2013-12-18 11:15:00,51.3,51.315,51.23,51.31,19338
2013-12-18 11:30:00,51.31,51.38,51.29,51.3,21782
2013-12-18 11:45:00,51.3,51.44,51.26,51.39,21111
2013-12-18 12:00:00,51.3786,51.42,51.34,51.41,16759
2013-12-18 12:15:00,51.39,51.42,51.36,51.4,13564
2013-12-18 12:30:00,51.4,51.4,51.3,51.35,10714
2013-12-18 12:45:00,51.35,51.38,51.32,51.33,12917
2013-12-18 13:00:00,51.34,51.35,51.31,51.32,15933
2013-12-18 13:15:00,51.32,51.33,51.21,51.22,28522
2013-12-18 13:30:00,51.23,51.36,51.22,51.31,17992
2013-12-18 13:45:00,51.31,51.35,51.29,51.32,15861
2013-12-18 14:00:00,51.32,51.47,51.26,51.33,19575
2013-12-18 14:15:00,51.28,51.89,51.13,51.7,67334
2013-12-18 14:30:00,51.6535,51.76,51.53,51.65,24815
2013-12-18 14:45:00,51.63,51.93,51.63,51.8801,31123
2013-12-18 15:00:00,51.9,51.96,51.83,51.93,25116
2013-12-18 15:15:00,51.93,52.04,51.88,52.04,30606
2013-12-18 15:30:00,52.06,52.17,51.99,52.01,32633
2013-12-18 15:45:00,52.03,52.45,51.97,52.43,121527
2013-12-18 16:00:00,52.43,52.48,52.32,52.45,254525
2013-12-19 09:45:00,52.1,52.97,52.1,52.716,116917
2013-12-19 10:00:00,52.7,52.74,52.45,52.5,45758
2013-12-19 10:15:00,52.51,52.65,52.45,52.54,49448
2013-12-19 10:30:00,52.54,52.66,52.53,52.61,52453
2013-12-19 10:45:00,52.61,52.62,52.37,52.47,59143
2013-12-19 11:00:00,52.48,52.485,52.43,52.48,41376
2013-12-19 11:15:00,52.48,52.51,52.43,52.44,51402
2013-12-19 11:30:00,52.43,52.43,52.3,52.31,42544
2013-12-19 11:45:00,52.29,52.45,52.29,52.45,48765
2013-12-19 12:00:00,52.44,52.545,52.44,52.535,54190
2013-12-19 12:15:00,52.535,52.57,52.51,52.565,40106
2013-12-19 12:30:00,52.56,52.65,52.56,52.61,49384
2013-12-19 12:45:00,52.6,52.61,52.55,52.55,35076
2013-12-19 13:00:00,52.55,52.575,52.505,52.51,49784
2013-12-19 13:15:00,52.51,52.515,52.43,52.43,48264
2013-12-19 13:30:00,52.44,52.58,52.43,52.43,100711
2013-12-19 13:45:00,52.44,52.46,52.41,52.41,31348
2013-12-19 14:00:00,52.42,52.42,52.21,52.23,50924
2013-12-19 14:15:00,52.23,52.24,52.2,52.22,29788
2013-12-19 14:30:00,52.23,52.23,52.13,52.15,53793
2013-12-19 14:45:00,52.16,52.25,52.15,52.24,48284
2013-12-19 15:00:00,52.25,52.37,52.24,52.37,53683
2013-12-19 15:15:00,52.38,52.38,52.33,52.34,57487
2013-12-19 15:30:00,52.345,52.39,52.34,52.34,52511
2013-12-19 15:45:00,52.34,52.34,52.25,52.25,88768
2013-12-19 16:00:00,52.25,52.32,52.23,52.28,184688
2013-12-20 09:45:00,52.47,52.5299,50.22,52.5,136470
2013-12-20 10:00:00,52.51,52.56,52.36,52.56,8352
2013-12-20 10:15:00,52.55,52.55,52.29,52.29,16129
2013-12-20 10:30:00,52.28,52.35,52.21,52.28,14821
2013-12-20 10:45:00,52.3,52.37,52.3,52.33,10509
2013-12-20 11:00:00,52.33,52.41,52.2999,52.2999,12938
2013-12-20 11:15:00,52.27,52.36,52.25,52.36,16740
2013-12-20 11:30:00,52.36,52.55,52.36,52.49,22684
2013-12-20 11:45:00,52.49,52.54,52.48,52.48,12999
2013-12-20 12:00:00,52.46,52.55,52.46,52.52,8782
2013-12-20 12:15:00,52.52,52.59,52.49,52.56,11136
2013-12-20 12:30:00,52.56,52.64,52.56,52.62,12707
2013-12-20 12:45:00,52.615,52.71,52.615,52.67,26672
2013-12-20 13:00:00,52.66,52.72,52.65,52.69,16437
2013-12-20 13:15:00,52.69,52.7,52.66,52.66,34126
2013-12-20 13:30:00,52.66,52.71,52.57,52.58,55496
2013-12-20 13:45:00,52.58,52.58,52.43,52.44,26699
2013-12-20 14:00:00,52.43,52.43,52.32,52.38,40819
2013-12-20 14:15:00,52.38,52.4,52.33,52.35,37379
2013-12-20 14:30:00,52.35,52.38,52.32,52.33,37070
2013-12-20 14:45:00,52.335,52.375,52.29,52.34,46859
2013-12-20 15:00:00,52.35,52.36,52.29,52.35,27357
2013-12-20 15:15:00,52.36,52.53,52.36,52.475,80987
2013-12-20 15:30:00,52.47,52.5175,52.46,52.5175,79237
2013-12-20 15:45:00,52.51,52.53,52.46,52.46,70726
2013-12-20 16:00:00,52.47,52.52,52.46,52.49,177904
2013-12-23 09:45:00,52.9,52.983999999999995,52.585,52.96,44443
2013-12-23 10:00:00,52.96,53.04,52.85,53.02,58200
2013-12-23 10:15:00,53.01,53.12,52.96,53.1099,30657
2013-12-23 10:30:00,53.06,53.22,53.06,53.15,24950
2013-12-23 10:45:00,53.19,53.22,53.11,53.2,30639
2013-12-23 11:00:00,53.2,53.21,52.96,53.02,38723
2013-12-23 11:15:00,53.01,53.0151,52.9,52.91,17302
2013-12-23 11:30:00,52.9,53.1,52.898,53.06,30117
2013-12-23 11:45:00,53.07,53.2,52.97,53.2,23232
2013-12-23 12:00:00,53.19,53.21,53.07,53.07,12980
2013-12-23 12:15:00,53.08,53.13,53.03,53.1,14406
2013-12-23 12:30:00,53.1,53.14,53.09,53.12,7900
2013-12-23 12:45:00,53.13,53.2,53.125,53.17,14900
2013-12-23 13:00:00,53.16,53.16,53.06,53.06,8946
2013-12-23 13:15:00,53.06,53.17,53.06,53.15,14354
2013-12-23 13:30:00,53.15,53.15,53.01,53.01,8100
2013-12-23 13:45:00,53.01,53.12,52.94,52.95,17340
2013-12-23 14:00:00,52.945,52.945,52.84,52.88,9328
2013-12-23 14:15:00,52.88,52.9549,52.87,52.95,14181
2013-12-23 14:30:00,52.96,53.035,52.94,53.0,14381
2013-12-23 14:45:00,53.0,53.071000000000005,52.98,53.071000000000005,25002
2013-12-23 15:00:00,53.07,53.12,53.06,53.0603,17641
2013-12-23 15:15:00,53.07,53.14,53.06,53.08,17580
2013-12-23 15:30:00,53.06,53.13,53.015,53.13,25277
2013-12-23 15:45:00,53.14,53.21,53.14,53.21,42307
2013-12-23 16:00:00,53.2,53.205,53.12,53.16,103711
2013-12-24 09:45:00,53.33,53.3952,53.2,53.3952,22738
2013-12-24 10:00:00,53.39,53.4599,53.35,53.4599,13857
2013-12-24 10:15:00,53.46,53.62,53.46,53.62,25537
2013-12-24 10:30:00,53.6076,53.62,53.47,53.6,31287
2013-12-24 10:45:00,53.61,53.61,53.58,53.61,11560
2013-12-24 11:00:00,53.61,53.72,53.61,53.7,22359
2013-12-24 11:15:00,53.69,53.69,53.56,53.67,49451
2013-12-24 11:30:00,53.66,53.75,53.58,53.7438,28221
2013-12-24 11:45:00,53.75,53.75,53.61,53.69,28405
2013-12-24 12:00:00,53.7,53.71,53.6285,53.64,18598
2013-12-24 12:15:00,53.64,53.7,53.62,53.63,31312
2013-12-24 12:30:00,53.63,53.63,53.485,53.52,37764
2013-12-24 12:45:00,53.53,53.56,53.5,53.54,26975
2013-12-24 13:00:00,53.53,53.54,53.42,53.45,37426
2013-12-24 13:15:00,53.45,53.45,53.45,53.45,15956
2013-12-24 13:30:00,53.45,53.45,53.45,53.45,191
2013-12-26 09:45:00,53.46,53.76,53.19,53.52,24291
2013-12-26 10:00:00,53.48,53.49,53.42,53.45,8500
2013-12-26 10:15:00,53.4407,53.73,53.44,53.6902,59451
2013-12-26 10:30:00,53.68,53.7,53.57,53.63,18571
2013-12-26 10:45:00,53.63,53.7275,53.59,53.59,16600
2013-12-26 11:00:00,53.595,53.75,53.57,53.75,26193
2013-12-26 11:15:00,53.75,53.9,53.75,53.9,17374
2013-12-26 11:30:00,53.91,53.94,53.85,53.91,26323
2013-12-26 11:45:00,53.91,53.94,53.86,53.91,20678
2013-12-26 12:00:00,53.895,53.95,53.885,53.93,16794
2013-12-26 12:15:00,53.92,53.945,53.85,53.91,27167
2013-12-26 12:30:00,53.9,53.96,53.88,53.96,21789
2013-12-26 12:45:00,53.95,53.98,53.93,53.96,16112
2013-12-26 13:00:00,53.96,54.03,53.92,54.01,29618
2013-12-26 13:15:00,54.03,54.08,53.96,54.07,26884
2013-12-26 13:30:00,54.075,54.18,54.065,54.17,25758
2013-12-26 13:45:00,54.16,54.245,54.15,54.2,23696
2013-12-26 14:00:00,54.2,54.2324,54.12,54.16,37397
2013-12-26 14:15:00,54.15,54.16,54.1,54.115,15683
2013-12-26 14:30:00,54.115,54.15,54.1,54.15,18119
2013-12-26 14:45:00,54.15,54.185,54.15,54.18,26878
2013-12-26 15:00:00,54.17,54.175,54.13,54.14,8859
2013-12-26 15:15:00,54.14,54.19,54.12,54.185,26023
2013-12-26 15:30:00,54.19,54.21,54.16,54.195,40675
2013-12-26 15:45:00,54.2,54.2399,54.175,54.21,40760
2013-12-26 16:00:00,54.21,54.21,54.11,54.16,91862
2013-12-27 09:45:00,54.01,54.35,54.0,54.16,45263
2013-12-27 10:00:00,54.12,54.29,54.1,54.1566,22130
2013-12-27 10:15:00,54.15,54.23,54.1,54.17,35985
2013-12-27 10:30:00,54.17,54.48,54.17,54.48,34573
2013-12-27 10:45:00,54.46,54.52,54.38,54.42,37053
2013-12-27 11:00:00,54.42,54.46,54.37,54.42,36412
2013-12-27 11:15:00,54.41,54.55,54.4,54.4,51618
2013-12-27 11:30:00,54.4,54.55,54.35,54.43,53822
2013-12-27 11:45:00,54.44,54.54,54.38,54.43,20218
2013-12-27 12:00:00,54.42,54.5,54.38,54.39,24841
2013-12-27 12:15:00,54.38,54.5,54.38,54.42,31986
2013-12-27 12:30:00,54.43,54.47,54.38,54.41,15137
2013-12-27 12:45:00,54.42,54.465,54.39,54.43,40301
2013-12-27 13:00:00,54.43,54.51,54.415,54.43,40572
2013-12-27 13:15:00,54.425,54.48,54.38,54.39,64766
2013-12-27 13:30:00,54.39,54.42,54.3275,54.36,37446
2013-12-27 13:45:00,54.3599,54.37,54.295,54.36,19887
2013-12-27 14:00:00,54.36,54.38,54.34,54.3425,13605
2013-12-27 14:15:00,54.34,54.38,54.3,54.35,18679
2013-12-27 14:30:00,54.35,54.4,54.3275,54.38,11323
2013-12-27 14:45:00,54.38,54.41,54.37,54.4,9108
2013-12-27 15:00:00,54.41,54.415,54.38,54.39,11690
2013-12-27 15:15:00,54.39,54.41,54.375,54.4,23498
2013-12-27 15:30:00,54.4,54.4,54.36,54.38,26763
2013-12-27 15:45:00,54.3625,54.39,54.36,54.375,22624
2013-12-27 16:00:00,54.37,54.43,54.37,54.415,83032
2013-12-30 09:45:00,54.43,54.53,54.39,54.46,15285
2013-12-30 10:00:00,54.46,54.57,54.43,54.475,15249
2013-12-30 10:15:00,54.48,54.59,54.45,54.565,12313
2013-12-30 10:30:00,54.555,54.59,54.52,54.52,54813
2013-12-30 10:45:00,54.52,54.745,54.5,54.73,23110
2013-12-30 11:00:00,54.725,54.73,54.6861,54.69,9081
2013-12-30 11:15:00,54.71,54.8499,54.71,54.79,13849
2013-12-30 11:30:00,54.8,54.87,54.76,54.8,39044
2013-12-30 11:45:00,54.79,54.87,54.765,54.85,43183
2013-12-30 12:00:00,54.86,54.86,54.79,54.8,29338
2013-12-30 12:15:00,54.81,54.86,54.8,54.85,36707
2013-12-30 12:30:00,54.84,54.875,54.83,54.85,20150
2013-12-30 12:45:00,54.83,54.86,54.81,54.85,15757
2013-12-30 13:00:00,54.84,54.85,54.8116,54.8116,8943
2013-12-30 13:15:00,54.8171,54.83,54.81,54.81,7698
2013-12-30 13:30:00,54.8,54.83,54.79,54.815,18990
2013-12-30 13:45:00,54.815,54.86,54.79,54.84,36344
2013-12-30 14:00:00,54.84,54.93,54.83,54.92,12104
2013-12-30 14:15:00,54.91,54.95,54.9,54.91,9860
2013-12-30 14:30:00,54.89,54.89,54.85,54.89,7137
2013-12-30 14:45:00,54.88,54.94,54.83,54.94,13992
2013-12-30 15:00:00,54.9384,54.95,54.8846,54.931999999999995,15464
2013-12-30 15:15:00,54.93,54.955,54.9,54.92,16612
2013-12-30 15:30:00,54.925,54.95,54.9,54.91,17646
2013-12-30 15:45:00,54.91,55.04,54.9,55.04,54361
2013-12-30 16:00:00,55.04,55.045,54.95,54.97,211086
2013-12-31 09:45:00,55.16,55.16,54.69,54.84,22820
2013-12-31 10:00:00,54.8,55.06,54.77,55.02,10084
2013-12-31 10:15:00,55.01,55.04,54.8,54.84,6459
2013-12-31 10:30:00,54.82,54.93,54.78,54.84,9440
2013-12-31 10:45:00,54.83,54.97,54.83,54.89,16904
2013-12-31 11:00:00,54.9,54.935,54.81,54.8649,19733
2013-12-31 11:15:00,54.85,54.92,54.85,54.85,15197
2013-12-31 11:30:00,54.85,54.91,54.805,54.83,22591
2013-12-31 11:45:00,54.85,54.9,54.8154,54.87,34752
2013-12-31 12:00:00,54.86,54.86,54.8,54.84,27072
2013-12-31 12:15:00,54.87,54.89,54.81,54.84,38256
2013-12-31 12:30:00,54.83,54.89,54.8,54.8754,19537
2013-12-31 12:45:00,54.86,54.93,54.8175,54.86,26289
2013-12-31 13:00:00,54.86,54.9,54.815,54.89,11974
2013-12-31 13:15:00,54.89,54.89,54.82,54.83,12546
2013-12-31 13:30:00,54.85,54.93,54.81,54.92,18171
2013-12-31 13:45:00,54.92,54.95,54.855,54.88,23160
2013-12-31 14:00:00,54.88,54.99,54.88,54.93,21644
2013-12-31 14:15:00,54.93,54.99,54.91,54.96,16009
2013-12-31 14:30:00,54.96,54.97,54.91,54.93,13978
2013-12-31 14:45:00,54.93,54.96,54.9102,54.96,22353
2013-12-31 15:00:00,54.95,55.02,54.92,54.96,42361
2013-12-31 15:15:00,54.94,54.96,54.93,54.93,18031
2013-12-31 15:30:00,54.93,55.01,54.93,54.946000000000005,40715
2013-12-31 15:45:00,54.95,55.01,54.945,54.96,56345
2013-12-31 16:00:00,54.95,55.03,54.95,55.0,76230
2014-01-02 09:45:00,54.89,55.15,54.875,55.108999999999995,356457
2014-01-02 10:00:00,55.1,55.18,54.95,54.95,78225
2014-01-02 10:15:00,54.96,54.96,54.6,54.84,41343
2014-01-02 10:30:00,54.84,55.05,54.835,55.04,36437
2014-01-02 10:45:00,55.03,55.12,54.98,55.09,14544
2014-01-02 11:00:00,55.09,55.09,54.97,55.04,12836
2014-01-02 11:15:00,55.05,55.05,54.82,54.9,51965
2014-01-02 11:30:00,54.9001,55.01,54.86,54.97,103195
2014-01-02 11:45:00,54.97,55.01,54.93,54.99,63745
2014-01-02 12:00:00,55.0,55.01,54.9,54.92,158185
2014-01-02 12:15:00,54.92,54.93,54.86,54.88,56003
2014-01-02 12:30:00,54.88,54.91,54.86,54.87,34085
2014-01-02 12:45:00,54.86,54.91,54.835,54.845,91245
2014-01-02 13:00:00,54.85,54.885,54.79,54.8403,61332
2014-01-02 13:15:00,54.84,54.86,54.81,54.81,25642
2014-01-02 13:30:00,54.82,54.87,54.81,54.84,28413
2014-01-02 13:45:00,54.8389,54.86,54.8,54.82,53680
2014-01-02 14:00:00,54.82,54.88,54.82,54.83,52181
2014-01-02 14:15:00,54.825,54.87,54.82,54.84,51399
2014-01-02 14:30:00,54.84,54.85,54.78,54.799,94496
2014-01-02 14:45:00,54.8,54.85,54.755,54.77,83563
2014-01-02 15:00:00,54.76,54.81,54.76,54.8,74686
2014-01-02 15:15:00,54.8,54.805,54.75,54.77,143214
2014-01-02 15:30:00,54.78,54.78,54.57,54.576,104537
2014-01-02 15:45:00,54.57,54.69,54.56,54.615,82638
2014-01-02 16:00:00,54.62,54.65,54.565,54.58,133216
2014-01-03 09:45:00,51.6,54.5,51.6,54.46,41255
2014-01-03 10:00:00,54.47,54.49,54.3,54.37,23395
2014-01-03 10:15:00,54.38,54.41,54.17,54.22,26829
2014-01-03 10:30:00,54.24,54.35,54.22,54.27,34133
2014-01-03 10:45:00,54.29,54.3,54.19,54.2,23657
2014-01-03 11:00:00,54.18,54.31,54.1,54.12,36390
2014-01-03 11:15:00,54.1199,54.25,54.11,54.24,18739
2014-01-03 11:30:00,54.23,54.38,54.23,54.37,46942
2014-01-03 11:45:00,54.3626,54.49,54.2601,54.2601,25077
2014-01-03 12:00:00,54.27,54.425,54.27,54.36,24503
2014-01-03 12:15:00,54.35,54.44,54.305,54.3599,11156
2014-01-03 12:30:00,54.35,54.35,54.215,54.25,14274
2014-01-03 12:45:00,54.24,54.288000000000004,54.21,54.24,9050
2014-01-03 13:00:00,54.2375,54.25,54.14,54.14,8471
2014-01-03 13:15:00,54.1599,54.23,54.12,54.12,12381
2014-01-03 13:30:00,54.11,54.21,54.11,54.13,14999
2014-01-03 13:45:00,54.13,54.13,54.05,54.07,14881
2014-01-03 14:00:00,54.07,54.13,54.05,54.06,13348
2014-01-03 14:15:00,54.06,54.11,54.05,54.0749,15029
2014-01-03 14:30:00,54.08,54.08,53.96,53.97,12706
2014-01-03 14:45:00,53.97,54.01,53.92,53.96,18790
2014-01-03 15:00:00,53.97,54.13,53.9575,54.13,19569
2014-01-03 15:15:00,54.13,54.17,54.1,54.165,22050
2014-01-03 15:30:00,54.16,54.17,54.12,54.13,31335
2014-01-03 15:45:00,54.13,54.18,54.12,54.14,39550
2014-01-03 16:00:00,54.14,54.15,54.1,54.11,87987
2014-01-06 09:45:00,54.22,54.33,54.06,54.14,31181
2014-01-06 10:00:00,54.17,54.18,54.0,54.15,26425
2014-01-06 10:15:00,54.15,54.21,54.01,54.16,29602
2014-01-06 10:30:00,54.18,54.34,54.1,54.34,49791
2014-01-06 10:45:00,54.34,54.37,54.15,54.17,19136
2014-01-06 11:00:00,54.17,54.3,54.13,54.22,25361
2014-01-06 11:15:00,54.19,54.24,54.102,54.14,18304
2014-01-06 11:30:00,54.13,54.14,53.92,53.95,25392
2014-01-06 11:45:00,53.945,53.99,53.79,53.82,23946
2014-01-06 12:00:00,53.84,53.88,53.77,53.88,12241
2014-01-06 12:15:00,53.91,53.91,53.8,53.86,18573
2014-01-06 12:30:00,53.8599,53.89,53.81,53.81,8702
2014-01-06 12:45:00,53.8,53.88,53.76,53.77,16729
2014-01-06 13:00:00,53.77,53.82,53.74,53.7884,7703
2014-01-06 13:15:00,53.79,53.81,53.647,53.72,12745
2014-01-06 13:30:00,53.725,53.77,53.71,53.735,10205
2014-01-06 13:45:00,53.73,53.79,53.665,53.7251,14476
2014-01-06 14:00:00,53.72,53.8,53.68,53.76,49881
2014-01-06 14:15:00,53.76,53.82,53.71,53.75,21707
2014-01-06 14:30:00,53.75,53.79,53.66,53.68,23018
2014-01-06 14:45:00,53.69,53.82,53.69,53.76,21012
2014-01-06 15:00:00,53.79,53.82,53.73,53.82,18866
2014-01-06 15:15:00,53.82,53.82,53.77,53.81,19144
2014-01-06 15:30:00,53.82,53.83,53.74,53.76,24686
2014-01-06 15:45:00,53.76,53.79,53.68,53.75,38038
2014-01-06 16:00:00,53.74,53.75,53.7,53.73,104815
2014-01-07 09:45:00,53.72,54.3,53.5,53.74,48652
2014-01-07 10:00:00,53.73,53.975,53.67,53.975,45218
2014-01-07 10:15:00,54.0,54.01,53.835,54.0,12493
2014-01-07 10:30:00,53.99,54.1,53.98,54.1,15805
2014-01-07 10:45:00,54.11,54.3,54.11,54.2015,111037
2014-01-07 11:00:00,54.2,54.309,54.19,54.19,24538
2014-01-07 11:15:00,54.21,54.24,54.18,54.2,14923
2014-01-07 11:30:00,54.19,54.19,54.035,54.04,20695
2014-01-07 11:45:00,54.03,54.12,53.99,54.12,65399
2014-01-07 12:00:00,54.1143,54.1402,54.065,54.12,12460
2014-01-07 12:15:00,54.12,54.14,54.035,54.06,12610
2014-01-07 12:30:00,54.07,54.095,54.05,54.08,14676
2014-01-07 12:45:00,54.085,54.13,54.03,54.0632,22435
2014-01-07 13:00:00,54.07,54.09,54.035,54.08,17021
2014-01-07 13:15:00,54.09,54.1,54.02,54.03,21547
2014-01-07 13:30:00,54.03,54.035,53.96,53.9701,27325
2014-01-07 13:45:00,53.99,54.08,53.99,54.02,17293
2014-01-07 14:00:00,54.02,54.0233,53.97,53.97,26106
2014-01-07 14:15:00,53.96,54.055,53.94,54.0,43038
2014-01-07 14:30:00,53.99,54.0,53.935,53.99,53287
2014-01-07 14:45:00,53.99,54.07,53.98,54.07,23857
2014-01-07 15:00:00,54.07,54.07,53.96,53.96,26057
2014-01-07 15:15:00,53.96,54.005,53.96,53.96,34492
2014-01-07 15:30:00,53.965,54.0,53.86,54.0,89369
2014-01-07 15:45:00,53.99,54.03,53.9,53.96,96687
2014-01-07 16:00:00,53.97,54.01,53.77,53.79,268611
2014-01-08 09:45:00,53.78,53.89,53.59,53.64,28787
2014-01-08 10:00:00,53.68,53.68,53.31,53.48,24486
2014-01-08 10:15:00,53.48,53.58,53.44,53.55,19352
2014-01-08 10:30:00,53.55,53.69,53.51,53.64,16950
2014-01-08 10:45:00,53.67,53.79,53.61,53.61,12575
2014-01-08 11:00:00,53.61,53.61,53.51,53.55,15936
2014-01-08 11:15:00,53.54,53.57,53.411,53.43,16457
2014-01-08 11:30:00,53.43,53.49,53.38,53.39,14512
2014-01-08 11:45:00,53.4,53.48,53.395,53.47,14112
2014-01-08 12:00:00,53.47,53.47,53.36,53.4,17965
2014-01-08 12:15:00,53.42,53.495,53.4,53.45,10300
2014-01-08 12:30:00,53.45,53.5,53.44,53.4488,15125
2014-01-08 12:45:00,53.45,53.5,53.435,53.46,17203
2014-01-08 13:00:00,53.46,53.53,53.45,53.53,20326
2014-01-08 13:15:00,53.54,53.68,53.53,53.65,90480
2014-01-08 13:30:00,53.66,53.668,53.55,53.63,17030
2014-01-08 13:45:00,53.64,53.695,53.61,53.61,48683
2014-01-08 14:00:00,53.6,53.62,53.51,53.58,23063
2014-01-08 14:15:00,53.56,53.66,53.49,53.585,26870
2014-01-08 14:30:00,53.57,53.735,53.55,53.59,54473
2014-01-08 14:45:00,53.59,53.68,53.57,53.628,21367
2014-01-08 15:00:00,53.62,53.64,53.59,53.64,16272
2014-01-08 15:15:00,53.63,53.63,53.535,53.56,19332
2014-01-08 15:30:00,53.57,53.585,53.51,53.525,57318
2014-01-08 15:45:00,53.52,53.68,53.52,53.67,42488
2014-01-08 16:00:00,53.68,53.73,53.66,53.72,97130
2014-01-09 09:45:00,53.83,53.8899,53.51,53.51,68961
2014-01-09 10:00:00,53.5,53.55,53.45,53.51,50211
2014-01-09 10:15:00,53.52,53.59,53.47,53.57,26915
2014-01-09 10:30:00,53.56,53.59,53.51,53.58,17878
2014-01-09 10:45:00,53.58,53.65,53.54,53.585,44205
2014-01-09 11:00:00,53.56,53.6,53.44,53.49,16874
2014-01-09 11:15:00,53.49,53.49,53.37,53.4,15901
2014-01-09 11:30:00,53.4,53.42,53.24,53.27,27094
2014-01-09 11:45:00,53.28,53.34,53.2,53.29,23504
2014-01-09 12:00:00,53.31,53.575,53.31,53.56100000000001,14577
2014-01-09 12:15:00,53.55,53.56,53.33,53.33,12279
2014-01-09 12:30:00,53.34,53.465,53.31,53.44,29120
2014-01-09 12:45:00,53.44,53.51,53.4,53.42,32114
2014-01-09 13:00:00,53.425,53.46,53.375,53.425,15974
2014-01-09 13:15:00,53.42,53.43899999999999,53.33,53.33,20022
2014-01-09 13:30:00,53.33,53.38,53.27,53.35,20768
2014-01-09 13:45:00,53.38,53.4,53.2575,53.31,17076
2014-01-09 14:00:00,53.315,53.35,53.16,53.16,30503
2014-01-09 14:15:00,53.1694,53.17,52.98,53.035,66480
2014-01-09 14:30:00,53.035,53.035,52.925,52.94,45400
2014-01-09 14:45:00,52.95,52.99,52.805,52.855,75989
2014-01-09 15:00:00,52.855,52.88,52.77,52.81,61960
2014-01-09 15:15:00,52.81,52.86,52.661,52.84,181239
2014-01-09 15:30:00,52.86,52.92,52.67,52.74,123935
2014-01-09 15:45:00,52.74,52.8,52.7,52.77,202724
2014-01-09 16:00:00,52.77,52.98,52.725,52.98,270971
2014-01-10 09:45:00,52.97,53.43,52.885,53.0011,61767
2014-01-10 10:00:00,52.995,53.04,52.95,52.97,76342
2014-01-10 10:15:00,52.97,52.99,52.93,52.95,45137
2014-01-10 10:30:00,52.96,53.14,52.96,53.06,82370
2014-01-10 10:45:00,53.06,53.11,52.94,53.02,72971
2014-01-10 11:00:00,53.02,53.12,53.01,53.07,48405
2014-01-10 11:15:00,53.06,53.09,52.74,52.77,65386
2014-01-10 11:30:00,52.76,52.81,52.73,52.75,29888
2014-01-10 11:45:00,52.746,52.85,52.68,52.74,40242
2014-01-10 12:00:00,52.72,52.81,52.72,52.8,40604
2014-01-10 12:15:00,52.8,52.95,52.78,52.95,44547
2014-01-10 12:30:00,52.94,52.955,52.86,52.87,39805
2014-01-10 12:45:00,52.87,52.98,52.86,52.955,42618
2014-01-10 13:00:00,52.95,52.955,52.89,52.91,41204
2014-01-10 13:15:00,52.91,52.96,52.89,52.91,33581
2014-01-10 13:30:00,52.91,52.95,52.89,52.95,29045
2014-01-10 13:45:00,52.95,52.96,52.91,52.9424,45858
2014-01-10 14:00:00,52.95,52.95,52.86,52.92,47419
2014-01-10 14:15:00,52.92,52.97,52.9,52.95,67044
2014-01-10 14:30:00,52.95,53.0,52.92,52.97,36123
2014-01-10 14:45:00,52.98,53.01,52.95,52.98,49533
2014-01-10 15:00:00,52.97,53.01,52.93,53.0,44422
2014-01-10 15:15:00,53.0,53.05,52.99,52.995,53399
2014-01-10 15:30:00,53.0,53.015,52.96,53.0,77761
2014-01-10 15:45:00,52.99,53.025,52.98,53.0,52842
2014-01-10 16:00:00,52.99,53.05,52.93,53.03,203284
2014-01-13 09:45:00,52.8,53.0,52.51,52.99,114726
2014-01-13 10:00:00,52.97,53.0,52.9,52.93,27150
2014-01-13 10:15:00,52.95,53.0,52.915,52.97,27932
2014-01-13 10:30:00,52.97,53.01,52.94,53.0,19170
2014-01-13 10:45:00,53.02,53.17,53.02,53.16,10863
2014-01-13 11:00:00,53.16,53.18,53.07,53.1,29311
2014-01-13 11:15:00,53.12,53.12,52.86,52.87,21100
2014-01-13 11:30:00,52.86,52.88,52.8,52.8,11500
2014-01-13 11:45:00,52.8,52.83,52.72,52.72,10300
2014-01-13 12:00:00,52.73,52.78,52.69,52.75,8745
2014-01-13 12:15:00,52.75,52.83,52.75,52.8,46626
2014-01-13 12:30:00,52.81,52.84,52.73,52.731,28275
2014-01-13 12:45:00,52.73,52.83,52.68,52.8,21445
2014-01-13 13:00:00,52.78,52.78,52.53,52.53,12283
2014-01-13 13:15:00,52.52,52.59,52.48,52.48,15473
2014-01-13 13:30:00,52.48,52.56,52.41,52.52,17698
2014-01-13 13:45:00,52.51,52.58,52.471000000000004,52.58,13878
2014-01-13 14:00:00,52.56,52.64,52.5001,52.64,21168
2014-01-13 14:15:00,52.64,52.66,52.58,52.62,25349
2014-01-13 14:30:00,52.61,52.61,52.51,52.53,15500
2014-01-13 14:45:00,52.52,52.53,52.45,52.47,22950
2014-01-13 15:00:00,52.47,52.48,52.34,52.36,25316
2014-01-13 15:15:00,52.35,52.35,52.225,52.25,35166
2014-01-13 15:30:00,52.26,52.26,52.18,52.205,48215
2014-01-13 15:45:00,52.205,52.22,52.095,52.17,93911
2014-01-13 16:00:00,52.18,52.28,52.17,52.26,132634
2014-01-14 09:45:00,52.43,52.45,51.95,52.0,66274
2014-01-14 10:00:00,51.99,52.06,51.91,52.06,52603
2014-01-14 10:15:00,52.06,52.09,52.01,52.086000000000006,39509
2014-01-14 10:30:00,52.09,52.17,52.08,52.11,29840
2014-01-14 10:45:00,52.11,52.21,52.09,52.2,20852
2014-01-14 11:00:00,52.19,52.27,52.11,52.25,22713
2014-01-14 11:15:00,52.26,52.3499,52.22,52.265,14126
2014-01-14 11:30:00,52.25,52.3,52.24,52.25,31769
2014-01-14 11:45:00,52.27,52.4,52.27,52.36,37610
2014-01-14 12:00:00,52.36,52.36,52.28,52.34,33481
2014-01-14 12:15:00,52.34,52.445,52.34,52.44,26664
2014-01-14 12:30:00,52.43,52.47,52.375,52.39,18685
2014-01-14 12:45:00,52.4,52.4768,52.3495,52.46,18404
2014-01-14 13:00:00,52.45,52.47,52.39,52.46,24288
2014-01-14 13:15:00,52.46,52.51,52.445,52.47,33403
2014-01-14 13:30:00,52.46,52.53,52.41,52.5,21664
2014-01-14 13:45:00,52.5,52.54,52.44,52.47,46919
2014-01-14 14:00:00,52.45,52.48,52.352,52.43,27345
2014-01-14 14:15:00,52.43,52.46,52.17,52.17,62226
2014-01-14 14:30:00,52.185,52.25,52.18,52.23,35912
2014-01-14 14:45:00,52.22,52.245,52.2,52.245,37290
2014-01-14 15:00:00,52.25,52.25,52.135,52.17,41337
2014-01-14 15:15:00,52.18,52.32,52.1775,52.295,75323
2014-01-14 15:30:00,52.295,52.36,52.29,52.33,57281
2014-01-14 15:45:00,52.33,52.35,52.31,52.32,45974
2014-01-14 16:00:00,52.31,52.335,52.28,52.31,159914
2014-01-15 09:45:00,52.26,52.35,52.11,52.23,36556
2014-01-15 10:00:00,52.26,52.397,52.12,52.21,25986
2014-01-15 10:15:00,52.23,52.34,52.16,52.16,18014
2014-01-15 10:30:00,52.15,52.2,52.038999999999994,52.055,45173
2014-01-15 10:45:00,52.06,52.115,51.965,52.02,33454
2014-01-15 11:00:00,52.02,52.2,52.02,52.13,15733
2014-01-15 11:15:00,52.14,52.28,52.135,52.2568,13692
2014-01-15 11:30:00,52.25,52.26,52.075,52.0775,18100
2014-01-15 11:45:00,52.09,52.17,52.075,52.16,16169
2014-01-15 12:00:00,52.15,52.17,52.105,52.105,10818
2014-01-15 12:15:00,52.11,52.22,52.105,52.19,13075
2014-01-15 12:30:00,52.21,52.21,52.12,52.125,7894
2014-01-15 12:45:00,52.125,52.15,52.09,52.09,12196
2014-01-15 13:00:00,52.1,52.2,52.09,52.2,26125
2014-01-15 13:15:00,52.2,52.25,52.155,52.22,15542
2014-01-15 13:30:00,52.22,52.22,52.145,52.18,18578
2014-01-15 13:45:00,52.19,52.23,52.18,52.23,14054
2014-01-15 14:00:00,52.225,52.31,52.215,52.27,13585
2014-01-15 14:15:00,52.27,52.3,52.22,52.26,30250
2014-01-15 14:30:00,52.26,52.28,52.22,52.225,19727
2014-01-15 14:45:00,52.23,52.26,52.21,52.25,28660
2014-01-15 15:00:00,52.25,52.265,52.23,52.24,12900
2014-01-15 15:15:00,52.23,52.28,52.22,52.28,28940
2014-01-15 15:30:00,52.26,52.27,52.2,52.23,31350
2014-01-15 15:45:00,52.23,52.275,52.21,52.26,36087
2014-01-15 16:00:00,52.27,52.28,52.2,52.27,72440
2014-01-16 09:45:00,52.07,52.398,51.86,51.97,42554
2014-01-16 10:00:00,51.98,52.14,51.97,52.0599,32030
2014-01-16 10:15:00,52.06,52.1,52.04,52.06,31220
2014-01-16 10:30:00,52.07,52.09,52.02,52.03,42272
2014-01-16 10:45:00,52.03,52.11,51.98,52.08,26125
2014-01-16 11:00:00,52.07,52.11,51.96,52.05,47248
2014-01-16 11:15:00,52.04,52.14,52.0,52.14,14395
2014-01-16 11:30:00,52.15,52.25,52.15,52.25,13192
2014-01-16 11:45:00,52.26,52.26,52.14,52.14,11407
2014-01-16 12:00:00,52.14,52.23,52.14,52.22,20539
2014-01-16 12:15:00,52.23,52.31,52.22,52.24,34026
2014-01-16 12:30:00,52.24,52.42,52.236000000000004,52.36,64761
2014-01-16 12:45:00,52.353,52.353,52.23,52.27,8100
2014-01-16 13:00:00,52.27,52.29,52.17,52.17,9900
2014-01-16 13:15:00,52.17,52.18,52.13,52.13,10409
2014-01-16 13:30:00,52.12,52.18,52.105,52.18,12480
2014-01-16 13:45:00,52.17,52.18,52.12,52.16,12633
2014-01-16 14:00:00,52.16,52.23,52.16,52.21,10273
2014-01-16 14:15:00,52.19,52.22,52.17,52.22,10744
2014-01-16 14:30:00,52.22,52.32,52.17,52.31,26606
2014-01-16 14:45:00,52.31,52.42,52.29,52.4,24477
2014-01-16 15:00:00,52.39,52.41,52.355,52.4,23397
2014-01-16 15:15:00,52.41,52.5,52.4,52.4739,23920
2014-01-16 15:30:00,52.48,52.5,52.45,52.48,27184
2014-01-16 15:45:00,52.48,52.48,52.28,52.335,73185
2014-01-16 16:00:00,52.335,52.36,52.265,52.35,121604
2014-01-17 09:45:00,52.24,52.635,52.05,52.56,100769
2014-01-17 10:00:00,52.51,52.51,52.07,52.07,14444
2014-01-17 10:15:00,52.09,52.125,51.89,51.94,18456
2014-01-17 10:30:00,51.95,51.98,51.858000000000004,51.86,14210
2014-01-17 10:45:00,51.865,51.9399,51.84,51.86,18462
2014-01-17 11:00:00,51.88,51.89,51.84,51.89,22091
2014-01-17 11:15:00,51.89,51.93,51.875,51.88,12344
2014-01-17 11:30:00,51.86,51.9,51.83,51.87,8153
2014-01-17 11:45:00,51.88,51.89,51.8,51.85,6973
2014-01-17 12:00:00,51.85,51.96,51.81,51.95,11301
2014-01-17 12:15:00,51.94,51.94,51.9,51.92,8602
2014-01-17 12:30:00,51.92,51.92,51.86,51.87,13300
2014-01-17 12:45:00,51.87,51.92,51.86,51.91,21300
2014-01-17 13:00:00,51.91,51.949,51.85,51.85,15346
2014-01-17 13:15:00,51.85,51.935,51.85,51.92,33641
2014-01-17 13:30:00,51.92,51.97,51.92,51.92,21323
2014-01-17 13:45:00,51.93,51.98,51.93,51.95,15323
2014-01-17 14:00:00,51.96,52.04,51.95,52.04,14657
2014-01-17 14:15:00,52.022,52.04,51.99,52.02,15478
2014-01-17 14:30:00,52.03,52.051,52.0,52.01,15310
2014-01-17 14:45:00,52.0,52.035,52.0,52.01,14627
2014-01-17 15:00:00,52.0,52.0514,52.0,52.01,18108
2014-01-17 15:15:00,52.02,52.03,51.9997,52.01,31610
2014-01-17 15:30:00,52.01,52.01,51.91,51.915,34300
2014-01-17 15:45:00,51.91,52.03,51.89,52.0136,106130
2014-01-17 16:00:00,52.01,52.065,51.99,52.0,98711
2014-01-21 09:45:00,52.41,52.48,52.14,52.15,27590
2014-01-21 10:00:00,52.12,52.25,52.06,52.11,16937
2014-01-21 10:15:00,52.122,52.122,51.83,51.84,25024
2014-01-21 10:30:00,51.835,51.85,51.73,51.76,14161
2014-01-21 10:45:00,51.75,51.755,51.68,51.74,43823
2014-01-21 11:00:00,51.76,51.77,51.68,51.69,7200
2014-01-21 11:15:00,51.7,51.74,51.545,51.63,11941
2014-01-21 11:30:00,51.63,51.68,51.6101,51.63,8988
2014-01-21 11:45:00,51.64,51.65,51.6,51.64,11614
2014-01-21 12:00:00,51.64,51.68,51.52,51.6,18281
2014-01-21 12:15:00,51.614,51.614,51.48,51.505,14229
2014-01-21 12:30:00,51.5,51.62,51.4975,51.59,11439
2014-01-21 12:45:00,51.57,51.63,51.55,51.63,8500
2014-01-21 13:00:00,51.62,51.64,51.5826,51.59,7000
2014-01-21 13:15:00,51.62,51.69,51.61,51.66,18602
2014-01-21 13:30:00,51.65,51.7,51.6475,51.66,9447
2014-01-21 13:45:00,51.655,51.9,51.655,51.88,43941
2014-01-21 14:00:00,51.89,51.93,51.86,51.9,12805
2014-01-21 14:15:00,51.9,51.95,51.9,51.94,11045
2014-01-21 14:30:00,51.94,51.95,51.86,51.91,18200
2014-01-21 14:45:00,51.92,51.96,51.87,51.89,15032
2014-01-21 15:00:00,51.89,51.9,51.85,51.88,21192
2014-01-21 15:15:00,51.87,51.925,51.845,51.89,24311
2014-01-21 15:30:00,51.89,51.93,51.85,51.85,19760
2014-01-21 15:45:00,51.86,51.88,51.835,51.85,37470
2014-01-21 16:00:00,51.845,51.88,51.8,51.81,80191
2014-01-22 09:45:00,51.73,52.02,51.54,51.97,33641
2014-01-22 10:00:00,51.975,52.04,51.96,51.97,22886
2014-01-22 10:15:00,51.98,52.06,51.97,51.995,28087
2014-01-22 10:30:00,52.0,52.05,51.97,52.0,42693
2014-01-22 10:45:00,52.0,52.01,51.96,51.97,38161
2014-01-22 11:00:00,51.955,51.96,51.87,51.87,16281
2014-01-22 11:15:00,51.87,51.93,51.84,51.92,21512
2014-01-22 11:30:00,51.9299,52.02,51.92,51.98,30864
2014-01-22 11:45:00,51.98,52.01,51.91,51.93,13193
2014-01-22 12:00:00,51.95,51.951,51.895,51.895,9912
2014-01-22 12:15:00,51.8971,52.05,51.87,52.05,17596
2014-01-22 12:30:00,52.04,52.07,52.02,52.05,10127
2014-01-22 12:45:00,52.0539,52.135,52.05,52.12,12136
2014-01-22 13:00:00,52.12,52.19,52.09,52.1885,11145
2014-01-22 13:15:00,52.18,52.185,52.138000000000005,52.18,15313
2014-01-22 13:30:00,52.17,52.17,52.11,52.13,10818
2014-01-22 13:45:00,52.14,52.14,52.08,52.1,15794
2014-01-22 14:00:00,52.11,52.16,52.075,52.13,17297
2014-01-22 14:15:00,52.14,52.17,52.125,52.15,10421
2014-01-22 14:30:00,52.148,52.27,52.148,52.24,41968
2014-01-22 14:45:00,52.24,52.31,52.22,52.3075,18041
2014-01-22 15:00:00,52.31,52.35,52.29,52.35,26402
2014-01-22 15:15:00,52.35,52.38,52.325,52.33,20317
2014-01-22 15:30:00,52.32,52.35,52.29,52.34,42573
2014-01-22 15:45:00,52.33,52.39,52.32,52.385,53227
2014-01-22 16:00:00,52.38,52.46,52.35,52.37,143478
2014-01-23 09:45:00,52.35,52.35,51.85,52.03,55928
2014-01-23 10:00:00,52.03,52.04,51.8,51.825,26750
2014-01-23 10:15:00,51.82,51.93,51.67,51.72,30411
2014-01-23 10:30:00,51.73,51.78,51.64,51.64,15480
2014-01-23 10:45:00,51.62,51.68,51.56,51.61,13442
2014-01-23 11:00:00,51.6,51.72,51.55,51.72,33513
2014-01-23 11:15:00,51.71,51.72,51.63,51.67,23206
2014-01-23 11:30:00,51.67,51.71,51.67,51.68,27725
2014-01-23 11:45:00,51.67,51.7,51.56,51.59,31991
2014-01-23 12:00:00,51.57,51.57,51.46,51.52,11680
2014-01-23 12:15:00,51.52,51.528999999999996,51.455,51.4601,10675
2014-01-23 12:30:00,51.46,51.62,51.455,51.605,28426
2014-01-23 12:45:00,51.59,51.665,51.54,51.66,16690
2014-01-23 13:00:00,51.66,51.815,51.65,51.81,38681
2014-01-23 13:15:00,51.82,51.82,51.73,51.74,8787
2014-01-23 13:30:00,51.71,51.78,51.71,51.76,12859
2014-01-23 13:45:00,51.76,51.785,51.66,51.665,19316
2014-01-23 14:00:00,51.65,51.72,51.59,51.6,19256
2014-01-23 14:15:00,51.6,51.67,51.6,51.65,15960
2014-01-23 14:30:00,51.64,51.69,51.61,51.63,20403
2014-01-23 14:45:00,51.63,51.75,51.63,51.675,19926
2014-01-23 15:00:00,51.68,51.7414,51.67,51.71,18902
2014-01-23 15:15:00,51.7,51.8,51.69,51.78,37797
2014-01-23 15:30:00,51.785,51.8,51.74,51.75,29684
2014-01-23 15:45:00,51.75,51.85,51.75,51.79,54520
2014-01-23 16:00:00,51.78,51.86,51.72,51.86,121244
2014-01-24 09:45:00,51.12,51.46,51.0,51.19,63352
2014-01-24 10:00:00,51.2,51.29,51.16,51.16,24965
2014-01-24 10:15:00,51.15,51.17,51.03,51.03,39776
2014-01-24 10:30:00,51.03,51.19,50.97,51.185,122564
2014-01-24 10:45:00,51.185,51.185,51.02,51.07,52367
2014-01-24 11:00:00,51.07,51.1,51.0,51.1,40599
2014-01-24 11:15:00,51.09,51.18,51.07,51.155,35400
2014-01-24 11:30:00,51.15,51.2,51.1,51.11,22245
2014-01-24 11:45:00,51.1,51.22,51.08,51.2,28745
2014-01-24 12:00:00,51.2,51.32,51.175,51.3,62604
2014-01-24 12:15:00,51.29,51.3,51.205,51.27,36914
2014-01-24 12:30:00,51.26,51.49,51.23,51.41,32513
2014-01-24 12:45:00,51.41,51.42,51.26,51.28,21080
2014-01-24 13:00:00,51.27,51.43,51.245,51.42,18285
2014-01-24 13:15:00,51.42,51.49,51.36,51.48,27683
2014-01-24 13:30:00,51.49,51.52,51.38,51.391000000000005,21930
2014-01-24 13:45:00,51.4,51.4,51.31,51.34,20161
2014-01-24 14:00:00,51.33,51.435,51.32,51.36,32653
2014-01-24 14:15:00,51.37,51.3801,51.2,51.2,46309
2014-01-24 14:30:00,51.2,51.295,51.15,51.26,37773
2014-01-24 14:45:00,51.25,51.32,51.225,51.3,28742
2014-01-24 15:00:00,51.3,51.36,51.28,51.31,46258
2014-01-24 15:15:00,51.305,51.305,51.23,51.26,39451
2014-01-24 15:30:00,51.26,51.3,51.23,51.3,42783
2014-01-24 15:45:00,51.3,51.32,51.27,51.2725,75700
2014-01-24 16:00:00,51.27,51.32,51.16,51.26,255601
2014-01-27 09:45:00,51.28,51.68,51.27,51.61,50788
2014-01-27 10:00:00,51.59,51.71,51.55,51.63,36108
2014-01-27 10:15:00,51.62,51.66,51.51,51.53,53368
2014-01-27 10:30:00,51.54,51.6,51.27,51.283,40649
2014-01-27 10:45:00,51.3,51.36,51.13,51.205,26676
2014-01-27 11:00:00,51.218999999999994,51.25,51.07,51.11,32822
2014-01-27 11:15:00,51.12,51.21,51.04,51.13,18564
2014-01-27 11:30:00,51.13,51.255,51.13,51.21,65095
2014-01-27 11:45:00,51.215,51.29,51.17,51.265,29503
2014-01-27 12:00:00,51.26,51.32,51.18,51.22,31055
2014-01-27 12:15:00,51.22,51.225,51.04,51.05,27202
2014-01-27 12:30:00,51.04,51.04,50.87,50.96,27342
2014-01-27 12:45:00,50.93,51.09,50.89,51.09,19591
2014-01-27 13:00:00,51.1099,51.11,51.038000000000004,51.06,26546
2014-01-27 13:15:00,51.06,51.19,51.06,51.18,29019
2014-01-27 13:30:00,51.16,51.23,51.14,51.23,22565
2014-01-27 13:45:00,51.218,51.32,51.16,51.32,15617
2014-01-27 14:00:00,51.32,51.41,51.29,51.32,27849
2014-01-27 14:15:00,51.315,51.4,51.31100000000001,51.37,31150
2014-01-27 14:30:00,51.375,51.38,51.26,51.31,30524
2014-01-27 14:45:00,51.31,51.41,51.27,51.395,31336
2014-01-27 15:00:00,51.39,51.46,51.36,51.46,37679
2014-01-27 15:15:00,51.45,51.46,51.34,51.39,29266
2014-01-27 15:30:00,51.39,51.39,51.28,51.28,33013
2014-01-27 15:45:00,51.28,51.35,51.26,51.29,74482
2014-01-27 16:00:00,51.28,51.32,51.09,51.1,159116
2014-01-28 09:45:00,51.15,51.41,50.92,51.02,609444
2014-01-28 10:00:00,51.01,51.16,50.9501,51.15,20558
2014-01-28 10:15:00,51.18,51.53,51.18,51.5,358057
2014-01-28 10:30:00,51.47,51.62,51.44,51.62,20912
2014-01-28 10:45:00,51.63,51.74,51.58,51.71,32368
2014-01-28 11:00:00,51.71,51.81,51.71,51.81,16726
2014-01-28 11:15:00,51.79,51.82,51.67,51.74,21180
2014-01-28 11:30:00,51.746,51.75,51.63,51.6696,31329
2014-01-28 11:45:00,51.66,51.69,51.53,51.55,13718
2014-01-28 12:00:00,51.56,51.57,51.49,51.54,16144
2014-01-28 12:15:00,51.55,51.65,51.55,51.56,8463
2014-01-28 12:30:00,51.56,51.62,51.53,51.59,11347
2014-01-28 12:45:00,51.6,51.65,51.5,51.5,14814
2014-01-28 13:00:00,51.495,51.78,51.43,51.66,74688
2014-01-28 13:15:00,51.69,51.935,51.66,51.92,36442
2014-01-28 13:30:00,51.93,52.06,51.92,51.9925,33670
2014-01-28 13:45:00,51.99,52.065,51.985,52.03,27868
2014-01-28 14:00:00,52.02,52.05,51.98,52.01,30849
2014-01-28 14:15:00,52.005,52.1,51.99,52.07,31117
2014-01-28 14:30:00,52.0614,52.09,52.025,52.025,20464
2014-01-28 14:45:00,52.02,52.0799,52.01,52.03,25940
2014-01-28 15:00:00,52.04,52.07,52.015,52.035,18914
2014-01-28 15:15:00,52.04,52.11,52.035,52.07899999999999,43753
2014-01-28 15:30:00,52.08,52.11,51.99,52.0,61579
2014-01-28 15:45:00,52.0,52.04,51.985,52.0,42482
2014-01-28 16:00:00,52.0,52.04,51.95,51.97,114952
2014-01-29 09:45:00,51.41,51.62,50.845,51.54,78397
2014-01-29 10:00:00,51.5225,51.535,51.235,51.24,52680
2014-01-29 10:15:00,51.25,51.45,51.24,51.36,58312
2014-01-29 10:30:00,51.35,51.54,51.21,51.53,77791
2014-01-29 10:45:00,51.53,51.63,51.5,51.62,26710
2014-01-29 11:00:00,51.61,51.64,51.48,51.5,26162
2014-01-29 11:15:00,51.51,51.59,51.44,51.45,18810
2014-01-29 11:30:00,51.46,51.48,51.39,51.45,27606
2014-01-29 11:45:00,51.46,51.51,51.43,51.465,27736
2014-01-29 12:00:00,51.46,51.51,51.425,51.46,35114
2014-01-29 12:15:00,51.47,51.48,51.32,51.32,25637
2014-01-29 12:30:00,51.32,51.33,51.175,51.1768,11139
2014-01-29 12:45:00,51.16,51.16,51.04,51.05,17642
2014-01-29 13:00:00,51.05,51.06,51.01,51.05,10697
2014-01-29 13:15:00,51.06,51.06,50.92,50.98,20174
2014-01-29 13:30:00,51.0,51.0,50.94,50.96,14275
2014-01-29 13:45:00,50.97,51.01,50.89,50.9,16126
2014-01-29 14:00:00,50.87,50.94,50.85,50.89,16773
2014-01-29 14:15:00,50.88,50.98,50.61,50.76,47799
2014-01-29 14:30:00,50.75,50.775,50.54,50.75,63496
2014-01-29 14:45:00,50.76,50.9199,50.74,50.86,36847
2014-01-29 15:00:00,50.88,50.9,50.65,50.69,25133
2014-01-29 15:15:00,50.68,50.68,50.51,50.52,30309
2014-01-29 15:30:00,50.52,50.66,50.51,50.57,44766
2014-01-29 15:45:00,50.56,50.76,50.52,50.76,81621
2014-01-29 16:00:00,50.75,50.84,50.74,50.81,244233
2014-01-30 09:45:00,51.0,51.34,50.83,51.2,38323
2014-01-30 10:00:00,51.22,51.35,51.2,51.27,37261
2014-01-30 10:15:00,51.26,51.31,51.16,51.22,52734
2014-01-30 10:30:00,51.21,51.32,51.15,51.22,58588
2014-01-30 10:45:00,51.2,51.29,51.19,51.23,21069
2014-01-30 11:00:00,51.24,51.29,51.19,51.225,18843
2014-01-30 11:15:00,51.235,51.24,51.16,51.21,17894
2014-01-30 11:30:00,51.22,51.29,51.175,51.18,19976
2014-01-30 11:45:00,51.19,51.2699,51.18,51.18,18840
2014-01-30 12:00:00,51.19,51.27,51.19,51.23,19839
2014-01-30 12:15:00,51.23,51.23,51.18,51.2,15144
2014-01-30 12:30:00,51.2035,51.22,51.1775,51.18,13203
2014-01-30 12:45:00,51.18,51.24,51.1775,51.22,25400
2014-01-30 13:00:00,51.22,51.3,51.195,51.28,35450
2014-01-30 13:15:00,51.26,51.29,51.24,51.25,13818
2014-01-30 13:30:00,51.25,51.28,51.2275,51.26,16095
2014-01-30 13:45:00,51.255,51.255,51.16,51.18,18076
2014-01-30 14:00:00,51.18,51.18,51.11,51.14,23112
2014-01-30 14:15:00,51.13,51.14,51.08,51.1,18912
2014-01-30 14:30:00,51.1,51.21,51.1,51.21,29858
2014-01-30 14:45:00,51.21,51.21,51.16,51.2,33413
2014-01-30 15:00:00,51.195,51.2,51.14,51.19,37470
2014-01-30 15:15:00,51.19,51.21,51.15,51.17,46344
2014-01-30 15:30:00,51.19,51.21,51.165,51.2,37392
2014-01-30 15:45:00,51.195,51.26,51.15,51.25,120180
2014-01-30 16:00:00,51.255,51.28,51.19,51.235,149547
2014-01-31 09:45:00,48.73,49.1,47.72,48.48,733838
2014-01-31 10:00:00,48.49,48.55,48.205,48.49,335881
2014-01-31 10:15:00,48.485,49.01,48.48,48.92,265644
2014-01-31 10:30:00,48.92,48.95,48.74,48.915,298098
2014-01-31 10:45:00,48.915,49.29,48.89,49.22,197588
2014-01-31 11:00:00,49.25,49.28,48.9,48.92,159184
2014-01-31 11:15:00,48.93,49.04,48.89,48.96,178805
2014-01-31 11:30:00,48.96,49.14,48.87,48.99,211200
2014-01-31 11:45:00,48.99,49.01,48.85,48.9,50553
2014-01-31 12:00:00,48.9,48.9,48.6944,48.79,73273
2014-01-31 12:15:00,48.79,48.89,48.745,48.781000000000006,41896
2014-01-31 12:30:00,48.78,48.88,48.78,48.87,45933
2014-01-31 12:45:00,48.87,48.871,48.78,48.84,37425
2014-01-31 13:00:00,48.84,48.895,48.83,48.85,47402
2014-01-31 13:15:00,48.85,48.95,48.775,48.95,57368
2014-01-31 13:30:00,48.95,48.955,48.63,48.64,74775
2014-01-31 13:45:00,48.65,48.79,48.59,48.73,174792
2014-01-31 14:00:00,48.73,48.81,48.71,48.76,191700
2014-01-31 14:15:00,48.755,48.755,48.5,48.55,145085
2014-01-31 14:30:00,48.54,48.705,48.53,48.68,112067
2014-01-31 14:45:00,48.68,48.8,48.655,48.8,40490
2014-01-31 15:00:00,48.8,48.945,48.79,48.94,54476
2014-01-31 15:15:00,48.94,49.065,48.91,49.05,56379
2014-01-31 15:30:00,49.055,49.2,49.04,49.18,118167
2014-01-31 15:45:00,49.19,49.3,49.18,49.27,185258
2014-01-31 16:00:00,49.27,49.29,49.08,49.12,345349
2014-02-03 09:45:00,47.48,49.32,47.48,49.25,160987
2014-02-03 10:00:00,49.26,49.26,48.84,48.85,51810
2014-02-03 10:15:00,48.85,48.855,48.52,48.56,73380
2014-02-03 10:30:00,48.555,48.555,48.4,48.48,64407
2014-02-03 10:45:00,48.48,48.5,48.3599,48.46,63337
2014-02-03 11:00:00,48.45,48.45,48.27,48.31,48250
2014-02-03 11:15:00,48.29,48.32,48.205,48.28,90982
2014-02-03 11:30:00,48.27,48.32,48.23,48.23,51947
2014-02-03 11:45:00,48.22,48.27,48.03,48.03,50397
2014-02-03 12:00:00,48.02,48.1,47.95,47.99,59843
2014-02-03 12:15:00,47.985,48.04,47.945,47.98,48800
2014-02-03 12:30:00,47.98,47.99,47.84,47.97,44798
2014-02-03 12:45:00,47.9694,48.11,47.96,48.07,71538
2014-02-03 13:00:00,48.07,48.25,48.06,48.2,38009
2014-02-03 13:15:00,48.19,48.27,48.08,48.25,61950
2014-02-03 13:30:00,48.25,48.29,48.23,48.25,75297
2014-02-03 13:45:00,48.25,48.3,48.1897,48.26,73551
2014-02-03 14:00:00,48.265,48.34,48.16,48.27,56015
2014-02-03 14:15:00,48.28,48.39,48.25,48.39,95418
2014-02-03 14:30:00,48.385,48.5,48.365,48.485,54536
2014-02-03 14:45:00,48.48,48.48,48.23,48.26,43078
2014-02-03 15:00:00,48.25,48.2853,48.09,48.0901,62185
2014-02-03 15:15:00,48.1,48.22,48.08,48.22,47103
2014-02-03 15:30:00,48.22,48.24,48.14,48.175,70952
2014-02-03 15:45:00,48.175,48.19,48.07,48.07,119442
2014-02-03 16:00:00,48.065,48.09,47.99,48.08,271326
2014-02-04 09:45:00,48.3,48.96,48.01,48.56,186511
2014-02-04 10:00:00,48.6,48.775,48.6,48.72,89929
2014-02-04 10:15:00,48.73,48.77,48.6,48.61,60669
2014-02-04 10:30:00,48.62,48.9,48.5,48.89,122644
2014-02-04 10:45:00,48.9,49.17,48.9,48.98,89487
2014-02-04 11:00:00,48.975,48.99,48.71,48.74,84887
2014-02-04 11:15:00,48.72,48.82,48.69,48.76,37400
2014-02-04 11:30:00,48.76,48.76,48.68,48.76,26531
2014-02-04 11:45:00,48.75,48.7568,48.66,48.71,40652
2014-02-04 12:00:00,48.715,48.72,48.69,48.71,40688
2014-02-04 12:15:00,48.71,48.76,48.7,48.73,52657
2014-02-04 12:30:00,48.735,48.86,48.72,48.82,20600
2014-02-04 12:45:00,48.82,48.85,48.79,48.8,27071
2014-02-04 13:00:00,48.79,48.81,48.74,48.8,28500
2014-02-04 13:15:00,48.8,48.91,48.79,48.8699,39054
2014-02-04 13:30:00,48.86,48.88,48.78,48.81,24748
2014-02-04 13:45:00,48.81,48.87,48.8,48.83,20962
2014-02-04 14:00:00,48.83,48.83,48.62,48.62,29858
2014-02-04 14:15:00,48.62,48.63,48.57,48.58,20682
2014-02-04 14:30:00,48.58,48.659,48.5333,48.61,80622
2014-02-04 14:45:00,48.61,48.75899999999999,48.6,48.73,19576
2014-02-04 15:00:00,48.74,48.79,48.708999999999996,48.75,17784
2014-02-04 15:15:00,48.75,48.78,48.72,48.765,38030
2014-02-04 15:30:00,48.77,48.77,48.6,48.61,37600
2014-02-04 15:45:00,48.6,48.73,48.59,48.71,50361
2014-02-04 16:00:00,48.71,48.755,48.66,48.68,145475
2014-02-05 09:45:00,48.5,48.67,48.29,48.34,67200
2014-02-05 10:00:00,48.31,48.42,48.28,48.41,63405
2014-02-05 10:15:00,48.42,48.725,48.31,48.39,81113
2014-02-05 10:30:00,48.37,48.55,48.33,48.53,98911
2014-02-05 10:45:00,48.54,48.69,48.4693,48.49,58683
2014-02-05 11:00:00,48.48,48.64,48.43,48.62,41509
2014-02-05 11:15:00,48.62,48.63,48.425,48.6,31867
2014-02-05 11:30:00,48.61,48.8,48.56,48.8,39993
2014-02-05 11:45:00,48.81,48.9099,48.81,48.88,51954
2014-02-05 12:00:00,48.87,48.95,48.765,48.8,44389
2014-02-05 12:15:00,48.78,48.9,48.78,48.845,50400
2014-02-05 12:30:00,48.85,48.86,48.795,48.8,34632
2014-02-05 12:45:00,48.8,48.9,48.8,48.84,31661
2014-02-05 13:00:00,48.83,48.905,48.79,48.86,33412
2014-02-05 13:15:00,48.87,48.94,48.85,48.89,28502
2014-02-05 13:30:00,48.885,48.93,48.79,48.795,89566
2014-02-05 13:45:00,48.79,48.85,48.785,48.79,49327
2014-02-05 14:00:00,48.79,48.98,48.77,48.97,33023
2014-02-05 14:15:00,48.9799,49.07,48.875,48.99,69387
2014-02-05 14:30:00,48.97,49.01,48.94,49.01,44403
2014-02-05 14:45:00,49.01,49.05,48.92,49.04,73273
2014-02-05 15:00:00,49.0472,49.12,48.92,48.94,58242
2014-02-05 15:15:00,48.94,48.94,48.815,48.9,76509
2014-02-05 15:30:00,48.9,48.93,48.82,48.875,49222
2014-02-05 15:45:00,48.88,48.97,48.835,48.87,82910
2014-02-05 16:00:00,48.87,48.92,48.725,48.76,123535
2014-02-06 09:45:00,49.04,49.42,48.98,49.41,76768
2014-02-06 10:00:00,49.4,49.78,49.4,49.78,33313
2014-02-06 10:15:00,49.79,49.79,49.5,49.63,165568
2014-02-06 10:30:00,49.64,49.74,49.59,49.714,70463
2014-02-06 10:45:00,49.71,49.89,49.71,49.81,41964
2014-02-06 11:00:00,49.82,49.89,49.77,49.8,132906
2014-02-06 11:15:00,49.83,49.93,49.81,49.9,30349
2014-02-06 11:30:00,49.9,49.9,49.775,49.815,59176
2014-02-06 11:45:00,49.815,49.9178,49.78,49.78,80768
2014-02-06 12:00:00,49.77,49.83,49.72,49.76,59130
2014-02-06 12:15:00,49.78,49.795,49.7,49.74,39933
2014-02-06 12:30:00,49.7242,49.8,49.66,49.66,21558
2014-02-06 12:45:00,49.67,49.7,49.6,49.66,21727
2014-02-06 13:00:00,49.68,49.71,49.55,49.58,28499
2014-02-06 13:15:00,49.59,49.7,49.59,49.64,34836
2014-02-06 13:30:00,49.65,49.65,49.5,49.56,39803
2014-02-06 13:45:00,49.56,49.695,49.56,49.69,33015
2014-02-06 14:00:00,49.69,49.71,49.63,49.681999999999995,43354
2014-02-06 14:15:00,49.69,49.77,49.68,49.75,38256
2014-02-06 14:30:00,49.76,49.81,49.72,49.81,85087
2014-02-06 14:45:00,49.8,49.935,49.8,49.91,41555
2014-02-06 15:00:00,49.91,49.93,49.86,49.93,49257
2014-02-06 15:15:00,49.93,49.93,49.82,49.82,38589
2014-02-06 15:30:00,49.82,49.875,49.81,49.85,49731
2014-02-06 15:45:00,49.8502,49.86,49.75,49.79,74504
2014-02-06 16:00:00,49.8,49.8,49.65,49.67,351956
2014-02-07 09:45:00,49.92,50.2,49.75,50.2,62953
2014-02-07 10:00:00,50.22,50.255,49.98,50.01,60753
2014-02-07 10:15:00,50.01,50.03,49.69,49.7,55163
2014-02-07 10:30:00,49.7,49.71,49.46,49.48,67498
2014-02-07 10:45:00,49.47,49.555,49.42,49.47,61712
2014-02-07 11:00:00,49.47,49.65,49.47,49.62,52154
2014-02-07 11:15:00,49.62,49.65,49.48,49.65,46087
2014-02-07 11:30:00,49.64,49.691,49.45,49.52,68912
2014-02-07 11:45:00,49.53,49.8,49.52,49.75,48949
2014-02-07 12:00:00,49.76,49.76,49.6,49.63,24401
2014-02-07 12:15:00,49.64,49.655,49.58,49.655,21210
2014-02-07 12:30:00,49.655,49.76,49.65,49.76,29722
2014-02-07 12:45:00,49.76,49.78,49.66,49.67,63800
2014-02-07 13:00:00,49.68,49.74,49.67,49.7287,21509
2014-02-07 13:15:00,49.72,49.8,49.72,49.8,22707
2014-02-07 13:30:00,49.8,49.91,49.78,49.9,25016
2014-02-07 13:45:00,49.91,49.95,49.91,49.92,47793
2014-02-07 14:00:00,49.93,49.945,49.89,49.94,44033
2014-02-07 14:15:00,49.94,50.02,49.93,49.9999,49448
2014-02-07 14:30:00,49.99,50.07,49.975,50.05,33468
2014-02-07 14:45:00,50.058,50.12,50.03,50.11,64898
2014-02-07 15:00:00,50.115,50.17,50.1,50.155,62477
2014-02-07 15:15:00,50.16,50.17,50.12,50.15,90601
2014-02-07 15:30:00,50.145,50.18,50.0,50.02,67554
2014-02-07 15:45:00,50.03,50.13,50.01,50.13,89904
2014-02-07 16:00:00,50.13,50.29,50.04,50.08,235332
2014-02-10 09:45:00,50.94,52.0,50.09,51.36,475484
2014-02-10 10:00:00,51.36,52.86,51.07,52.51,606202
2014-02-10 10:15:00,52.5,53.31,52.28,53.0,524065
2014-02-10 10:30:00,53.0,53.24,52.43,52.7,309202
2014-02-10 10:45:00,52.66,52.76,52.31,52.45,213882
2014-02-10 11:00:00,52.445,52.445,52.13,52.39,166263
2014-02-10 11:15:00,52.37,52.95,52.32,52.61,103940
2014-02-10 11:30:00,52.58,52.72,52.5,52.62,56378
2014-02-10 11:45:00,52.65,53.0,52.65,52.888000000000005,93487
2014-02-10 12:00:00,52.88,53.22,52.88,53.16,153289
2014-02-10 12:15:00,53.17,53.68,53.17,53.21,309411
2014-02-10 12:30:00,53.239,53.35,53.0,53.02,97162
2014-02-10 12:45:00,53.03,53.1,53.0,53.08,74558
2014-02-10 13:00:00,53.07,53.09,53.02,53.08,61897
2014-02-10 13:15:00,53.08,53.09,53.0,53.04,167588
2014-02-10 13:30:00,53.045,53.25,53.0,53.02,119236
2014-02-10 13:45:00,53.02,53.21,53.0,53.1,100428
2014-02-10 14:00:00,53.11,53.1828,53.015,53.05,115191
2014-02-10 14:15:00,53.05,53.08,53.0,53.02,96789
2014-02-10 14:30:00,53.0125,53.17,53.01,53.08,131364
2014-02-10 14:45:00,53.09,53.13,53.03,53.05,135191
2014-02-10 15:00:00,53.06,53.07,51.97,52.75,239655
2014-02-10 15:15:00,52.75,52.965,52.7,52.76,167202
2014-02-10 15:30:00,52.76,52.83,52.39,52.555,231908
2014-02-10 15:45:00,52.5599,52.63,52.38,52.61,298376
2014-02-10 16:00:00,52.61,52.61600000000001,52.34,52.36,410151
2014-02-11 09:45:00,52.46,52.58,51.75,51.98,123710
2014-02-11 10:00:00,51.99,52.06,51.92,52.05,65412
2014-02-11 10:15:00,52.045,52.2402,51.84,51.87,135569
2014-02-11 10:30:00,51.87,52.0,51.86,51.95,94717
2014-02-11 10:45:00,51.95,51.97,51.76,51.8,66962
2014-02-11 11:00:00,51.8,51.875,51.74,51.86,89027
2014-02-11 11:15:00,51.86,51.951,51.78,51.95,86618
2014-02-11 11:30:00,51.945,52.1,51.945,52.04,86103
2014-02-11 11:45:00,52.04,52.144,52.0,52.12,43219
2014-02-11 12:00:00,52.12,52.23,52.04,52.22,52317
2014-02-11 12:15:00,52.22,52.29,52.22,52.27,29616
2014-02-11 12:30:00,52.26,52.315,52.24,52.2499,28908
2014-02-11 12:45:00,52.25,52.275,52.235,52.25,51380
2014-02-11 13:00:00,52.25,52.29,52.23,52.28,34149
2014-02-11 13:15:00,52.26,52.315,52.24,52.28,27508
2014-02-11 13:30:00,52.29,52.3,52.24,52.255,28371
2014-02-11 13:45:00,52.255,52.33,52.25,52.31,31600
2014-02-11 14:00:00,52.32,52.3399,52.245,52.27,36180
2014-02-11 14:15:00,52.28,52.29,52.24,52.25,34330
2014-02-11 14:30:00,52.26,52.29,52.24,52.26,26350
2014-02-11 14:45:00,52.27,52.35,52.26,52.33,38169
2014-02-11 15:00:00,52.34,52.42,52.34,52.38,30540
2014-02-11 15:15:00,52.39,52.47,52.37,52.46,48163
2014-02-11 15:30:00,52.46,52.53,52.45,52.52,72848
2014-02-11 15:45:00,52.51,52.52,52.37,52.42,62403
2014-02-11 16:00:00,52.42,52.43,52.34,52.375,128279
2014-02-12 09:45:00,52.07,52.32,52.06,52.19,157191
2014-02-12 10:00:00,52.22,52.3255,52.16,52.32,56840
2014-02-12 10:15:00,52.32,52.35,52.25,52.28,32386
2014-02-12 10:30:00,52.26,52.31,52.2,52.29,81100
2014-02-12 10:45:00,52.29,52.333999999999996,52.195,52.23,49917
2014-02-12 11:00:00,52.25,52.2899,52.17,52.21,176516
2014-02-12 11:15:00,52.2,52.21,52.1,52.1,49552
2014-02-12 11:30:00,52.1,52.12,52.0423,52.05,46449
2014-02-12 11:45:00,52.04,52.12,52.0,52.09,61112
2014-02-12 12:00:00,52.09,52.115,51.99,52.05,62445
2014-02-12 12:15:00,52.04,52.04,51.94,51.95,59975
2014-02-12 12:30:00,51.96,52.05,51.96,52.01,109795
2014-02-12 12:45:00,52.0,52.01,51.95,52.0,31458
2014-02-12 13:00:00,52.0,52.04,51.97,52.0,49047
2014-02-12 13:15:00,52.0,52.045,51.98,52.03,54911
2014-02-12 13:30:00,52.0499,52.09,52.02,52.08,114053
2014-02-12 13:45:00,52.07,52.08,52.01,52.045,94771
2014-02-12 14:00:00,52.04,52.07,52.025,52.045,35832
2014-02-12 14:15:00,52.05,52.1,52.03,52.09,51676
2014-02-12 14:30:00,52.1,52.11,51.98,51.99,25050
2014-02-12 14:45:00,51.99,51.99,51.86,51.91,46258
2014-02-12 15:00:00,51.91,51.98,51.8801,51.96,33911
2014-02-12 15:15:00,51.96,51.98,51.93,51.97,120895
2014-02-12 15:30:00,51.965,51.98,51.95,51.95,85503
2014-02-12 15:45:00,51.955,51.97,51.93,51.96,115960
2014-02-12 16:00:00,51.96,51.97,51.94,51.95,168303
2014-02-13 09:45:00,51.86,52.02,51.65,51.81,57989
2014-02-13 10:00:00,51.8,51.945,51.78,51.91,23063
2014-02-13 10:15:00,51.92,51.96,51.85,51.93,33314
2014-02-13 10:30:00,51.94,52.15,51.94,52.13,33165
2014-02-13 10:45:00,52.14,52.23,52.07,52.23,10400
2014-02-13 11:00:00,52.245,52.38,52.23,52.2552,20549
2014-02-13 11:15:00,52.29,52.34,52.27,52.28,8700
2014-02-13 11:30:00,52.3,52.42,52.3,52.39,17992
2014-02-13 11:45:00,52.41,52.49,52.31,52.31,21175
2014-02-13 12:00:00,52.33,52.46,52.33,52.4,16335
2014-02-13 12:15:00,52.42,52.435,52.317,52.38,23396
2014-02-13 12:30:00,52.38,52.42,52.35,52.41,53272
2014-02-13 12:45:00,52.42,52.47,52.37,52.46,20900
2014-02-13 13:00:00,52.45,52.515,52.425,52.43,18559
2014-02-13 13:15:00,52.45,52.54,52.43,52.51,22622
2014-02-13 13:30:00,52.51,52.59,52.49,52.59,22870
2014-02-13 13:45:00,52.58,52.68,52.57,52.66,23096
2014-02-13 14:00:00,52.67,52.735,52.66,52.7,26905
2014-02-13 14:15:00,52.69,52.825,52.69,52.815,36701
2014-02-13 14:30:00,52.815,52.84,52.75,52.79,34723
2014-02-13 14:45:00,52.8,52.85,52.76,52.83,25615
2014-02-13 15:00:00,52.83,52.92,52.83,52.8854,30290
2014-02-13 15:15:00,52.88,53.0,52.88,52.955,47716
2014-02-13 15:30:00,52.95,53.01,52.885,53.01,67898
2014-02-13 15:45:00,53.01,53.03,52.88,52.94,97779
2014-02-13 16:00:00,52.94,52.99,52.9,52.93,156148
2014-02-14 09:45:00,52.94,53.03,52.76,52.76,37138
2014-02-14 10:00:00,52.8,53.03,52.75,52.76,29408
2014-02-14 10:15:00,52.76,52.76,52.46,52.65,34087
2014-02-14 10:30:00,52.65,52.78,52.49,52.67,67751
2014-02-14 10:45:00,52.67,52.7,52.59,52.65,25934
2014-02-14 11:00:00,52.65,52.76,52.61600000000001,52.71,18118
2014-02-14 11:15:00,52.72,52.72,52.52,52.52,14276
2014-02-14 11:30:00,52.5,52.575,52.5,52.53,23113
2014-02-14 11:45:00,52.55,52.645,52.52,52.6,14335
2014-02-14 12:00:00,52.58,52.59,52.52,52.52,10813
2014-02-14 12:15:00,52.51,52.57,52.51,52.55,14151
2014-02-14 12:30:00,52.56,52.64,52.55,52.64,25661
2014-02-14 12:45:00,52.63,52.74,52.62,52.74,14345
2014-02-14 13:00:00,52.75,52.76,52.64,52.67,26500
2014-02-14 13:15:00,52.66,52.75,52.648,52.75,34766
2014-02-14 13:30:00,52.74,52.794,52.71,52.77,10903
2014-02-14 13:45:00,52.771,52.87,52.771,52.87,12714
2014-02-14 14:00:00,52.87,52.88,52.82,52.82,13459
2014-02-14 14:15:00,52.82,52.83,52.79,52.83,12317
2014-02-14 14:30:00,52.82,52.85,52.78,52.79,17518
2014-02-14 14:45:00,52.79,52.86,52.7735,52.84,16059
2014-02-14 15:00:00,52.84,52.865,52.81,52.83,21900
2014-02-14 15:15:00,52.83,52.84,52.765,52.77,29429
2014-02-14 15:30:00,52.76,52.81,52.718999999999994,52.8,44983
2014-02-14 15:45:00,52.81,52.84,52.76,52.79,46344
2014-02-14 16:00:00,52.79,52.84,52.78,52.81,81745
2014-02-18 09:45:00,52.81,52.99,52.6703,52.91,53949
2014-02-18 10:00:00,52.9,52.905,52.49,52.49,154866
2014-02-18 10:15:00,52.49,52.52,52.32,52.4,26302
2014-02-18 10:30:00,52.4,52.66,52.37,52.65,30464
2014-02-18 10:45:00,52.62,52.67,52.53,52.65,25856
2014-02-18 11:00:00,52.64,52.66,52.57,52.6103,41240
2014-02-18 11:15:00,52.63,52.775,52.57,52.775,61496
2014-02-18 11:30:00,52.77,52.79,52.68,52.78,69377
2014-02-18 11:45:00,52.78,52.78,52.69,52.7173,31398
2014-02-18 12:00:00,52.73,52.79,52.68,52.76,85713
2014-02-18 12:15:00,52.78,52.7999,52.72,52.721000000000004,9849
2014-02-18 12:30:00,52.72,52.73,52.61,52.64,18527
2014-02-18 12:45:00,52.641999999999996,52.73,52.641999999999996,52.72,16462
2014-02-18 13:00:00,52.73,52.775,52.71,52.72,87965
2014-02-18 13:15:00,52.72,52.79,52.7,52.77,19621
2014-02-18 13:30:00,52.77,52.77,52.69,52.77,86145
2014-02-18 13:45:00,52.76,52.82,52.755,52.81,19720
2014-02-18 14:00:00,52.83,52.86,52.77,52.84,42184
2014-02-18 14:15:00,52.84,52.93,52.78,52.93,180064
2014-02-18 14:30:00,52.92,52.93,52.87,52.87,34276
2014-02-18 14:45:00,52.87,52.92,52.84,52.85,39644
2014-02-18 15:00:00,52.85,52.91,52.85,52.87,112545
2014-02-18 15:15:00,52.87,52.89,52.87,52.89,45081
2014-02-18 15:30:00,52.89,52.91,52.86,52.9,48353
2014-02-18 15:45:00,52.89,52.98,52.88,52.9441,66565
2014-02-18 16:00:00,52.9498,52.97,52.835,52.96,252077
2014-02-19 09:45:00,52.7,52.94,52.49,52.94,92946
2014-02-19 10:00:00,52.94,52.95,52.73,52.89,33149
2014-02-19 10:15:00,52.876000000000005,53.05,52.74,52.9,70276
2014-02-19 10:30:00,52.905,53.01,52.905,53.0,42669
2014-02-19 10:45:00,53.0,53.0,52.89,52.9,30690
2014-02-19 11:00:00,52.9,53.16,52.875,53.14,76858
2014-02-19 11:15:00,53.15,53.29,53.14,53.275,62427
2014-02-19 11:30:00,53.27,53.32,53.24,53.28,93862
2014-02-19 11:45:00,53.27,53.55,53.26,53.54,62533
2014-02-19 12:00:00,53.54,53.62,53.52,53.55,69303
2014-02-19 12:15:00,53.54,53.72,53.51,53.64,75778
2014-02-19 12:30:00,53.65,53.76,53.62,53.75,81223
2014-02-19 12:45:00,53.74,53.83,53.62,53.64,56116
2014-02-19 13:00:00,53.64,53.64,53.545,53.585,29195
2014-02-19 13:15:00,53.59,53.64,53.56,53.64,33818
2014-02-19 13:30:00,53.63,53.69,53.61,53.6425,23318
2014-02-19 13:45:00,53.64,53.65,53.51,53.53,33392
2014-02-19 14:00:00,53.525,53.55,53.44,53.446000000000005,36861
2014-02-19 14:15:00,53.431999999999995,53.6,53.42,53.55,57397
2014-02-19 14:30:00,53.54,53.72,53.51,53.72,84076
2014-02-19 14:45:00,53.73,53.81,53.669,53.78,68153
2014-02-19 15:00:00,53.77,53.78,53.65,53.78,64693
2014-02-19 15:15:00,53.78,53.82,53.69,53.81,188978
2014-02-19 15:30:00,53.7992,53.86,53.72,53.74,92252
2014-02-19 15:45:00,53.74,53.89,53.7,53.775,218424
2014-02-19 16:00:00,53.78,53.89,53.755,53.87,308170
2014-02-20 09:45:00,54.04,54.46,54.0,54.33,102269
2014-02-20 10:00:00,54.31,54.4,54.1,54.11,70031
2014-02-20 10:15:00,54.08,54.11,53.81,53.97,71464
2014-02-20 10:30:00,53.98,54.09,53.95,54.04,47214
2014-02-20 10:45:00,54.04,54.165,54.04,54.13,37794
2014-02-20 11:00:00,54.13,54.14,54.05,54.13,41554
2014-02-20 11:15:00,54.11,54.13,54.01,54.01,23090
2014-02-20 11:30:00,54.02,54.06,53.89,53.93,33645
2014-02-20 11:45:00,53.93,53.98,53.9,53.91,110766
2014-02-20 12:00:00,53.9,53.99,53.9,53.97,31773
2014-02-20 12:15:00,53.97,54.01,53.93,54.0,32212
2014-02-20 12:30:00,54.0,54.09,53.995,54.09,23026
2014-02-20 12:45:00,54.089,54.14,54.08,54.14,14758
2014-02-20 13:00:00,54.14,54.1466,54.1,54.145,15647
2014-02-20 13:15:00,54.15,54.16,54.1,54.11,22680
2014-02-20 13:30:00,54.11,54.16,54.1,54.1,65973
2014-02-20 13:45:00,54.1,54.16,54.1,54.15,32671
2014-02-20 14:00:00,54.15,54.16,54.09,54.1,27864
2014-02-20 14:15:00,54.11,54.15,54.09,54.13,69224
2014-02-20 14:30:00,54.13,54.16,54.03,54.038999999999994,40710
2014-02-20 14:45:00,54.03,54.155,54.01,54.11,58810
2014-02-20 15:00:00,54.11,54.15,54.08,54.12,45791
2014-02-20 15:15:00,54.12,54.24,54.1,54.24,74997
2014-02-20 15:30:00,54.24,54.3,54.225,54.27,114779
2014-02-20 15:45:00,54.28,54.295,54.225,54.245,87697
2014-02-20 16:00:00,54.245,54.31,54.225,54.27,195643
2014-02-21 09:45:00,54.29,54.45,54.2,54.34,88712
2014-02-21 10:00:00,54.36,54.45,54.36,54.37,20660
2014-02-21 10:15:00,54.37,54.43,54.32,54.33,43964
2014-02-21 10:30:00,54.33,54.36,54.22,54.36,52629
2014-02-21 10:45:00,54.36,54.59,54.36,54.57,54217
2014-02-21 11:00:00,54.56,54.59,54.47,54.5,72593
2014-02-21 11:15:00,54.52,54.63,54.51,54.52,20748
2014-02-21 11:30:00,54.52,54.6,54.36,54.4,101276
2014-02-21 11:45:00,54.4,54.55,54.4,54.49,35688
2014-02-21 12:00:00,54.5,54.54,54.46,54.49,14898
2014-02-21 12:15:00,54.5,54.5,54.45,54.48,28353
2014-02-21 12:30:00,54.4772,54.5,54.46,54.48,15445
2014-02-21 12:45:00,54.48,54.5,54.465,54.48,13156
2014-02-21 13:00:00,54.48,54.5,54.46,54.49,21420
2014-02-21 13:15:00,54.49,54.5,54.46,54.485,18241
2014-02-21 13:30:00,54.49,54.58,54.47,54.55,27346
2014-02-21 13:45:00,54.56,54.59,54.48,54.51,15250
2014-02-21 14:00:00,54.52,54.54,54.47,54.49,14291
2014-02-21 14:15:00,54.497,54.5,54.47,54.47,20515
2014-02-21 14:30:00,54.47,54.54,54.47,54.52,28734
2014-02-21 14:45:00,54.53,54.56,54.46,54.53,38406
2014-02-21 15:00:00,54.54,54.54,54.48,54.52,20813
2014-02-21 15:15:00,54.52,54.55,54.48,54.531000000000006,32823
2014-02-21 15:30:00,54.53,54.53,54.47,54.479,69863
2014-02-21 15:45:00,54.48,54.49,54.31,54.34,114289
2014-02-21 16:00:00,54.35,54.42,54.27,54.29,107596
2014-02-24 09:45:00,54.65,54.73,54.41,54.69,59368
2014-02-24 10:00:00,54.68,54.8,54.66,54.79,35558
2014-02-24 10:15:00,54.79,54.98,54.79,54.96,119022
2014-02-24 10:30:00,54.96,55.02,54.89,54.97,77051
2014-02-24 10:45:00,54.9899,54.99,54.83,54.84,43509
2014-02-24 11:00:00,54.84,54.85,54.69,54.74,165318
2014-02-24 11:15:00,54.75,54.755,54.7,54.716,42759
2014-02-24 11:30:00,54.72,54.73,54.625,54.71,33065
2014-02-24 11:45:00,54.71,54.77,54.64,54.75,225675
2014-02-24 12:00:00,54.77,54.97,54.73,54.94,250983
2014-02-24 12:15:00,54.93,54.94,54.82,54.93,35907
2014-02-24 12:30:00,54.94,54.9668,54.91,54.93,21388
2014-02-24 12:45:00,54.94,55.02,54.91,54.97,36077
2014-02-24 13:00:00,54.96,54.98,54.91,54.93,16565
2014-02-24 13:15:00,54.935,54.955,54.86,54.88,27279
2014-02-24 13:30:00,54.87,54.88,54.83,54.86,25329
2014-02-24 13:45:00,54.86,54.94,54.84,54.85,30702
2014-02-24 14:00:00,54.84,54.85,54.7,54.7,62104
2014-02-24 14:15:00,54.71,54.87,54.71,54.86,32961
2014-02-24 14:30:00,54.86,54.88,54.81,54.83,22227
2014-02-24 14:45:00,54.83,54.85,54.79,54.85,30986
2014-02-24 15:00:00,54.85,54.855,54.8,54.8,24445
2014-02-24 15:15:00,54.795,54.81,54.66,54.66,57126
2014-02-24 15:30:00,54.6599,54.71,54.61,54.62,33806
2014-02-24 15:45:00,54.62,54.63,54.58,54.61,64061
2014-02-24 16:00:00,54.62,54.66,54.47,54.48,252848
2014-02-25 09:45:00,54.56,54.86,54.56,54.67,36651
2014-02-25 10:00:00,54.66,54.68,54.55,54.65,26041
2014-02-25 10:15:00,54.65,54.78,54.54,54.78,21325
2014-02-25 10:30:00,54.78,54.85,54.76,54.84,103904
2014-02-25 10:45:00,54.83,54.86,54.79,54.84,42389
2014-02-25 11:00:00,54.833,54.86,54.75,54.77,16087
2014-02-25 11:15:00,54.78,54.79,54.67,54.76,20723
2014-02-25 11:30:00,54.76,54.78,54.7112,54.78,22240
2014-02-25 11:45:00,54.785,54.8,54.715,54.722,19123
2014-02-25 12:00:00,54.73,54.74,54.61,54.62,14708
2014-02-25 12:15:00,54.62,54.63,54.55,54.6,13840
2014-02-25 12:30:00,54.61,54.68,54.575,54.68,10140
2014-02-25 12:45:00,54.68,54.73,54.66,54.69,14418
2014-02-25 13:00:00,54.69,54.755,54.67,54.6725,9721
2014-02-25 13:15:00,54.69,54.8,54.675,54.68,21541
2014-02-25 13:30:00,54.69,54.74,54.685,54.71,16664
2014-02-25 13:45:00,54.705,54.7256,54.645,54.67,25368
2014-02-25 14:00:00,54.67,54.69,54.585,54.59,26426
2014-02-25 14:15:00,54.59,54.62,54.45,54.47,34484
2014-02-25 14:30:00,54.47,54.48,54.405,54.47,34851
2014-02-25 14:45:00,54.465,54.58,54.465,54.545,30805
2014-02-25 15:00:00,54.55,54.58,54.54,54.57,35207
2014-02-25 15:15:00,54.58,54.62,54.565,54.61,28406
2014-02-25 15:30:00,54.61,54.61,54.555,54.56,36195
2014-02-25 15:45:00,54.56,54.64,54.555,54.62,46757
2014-02-25 16:00:00,54.61,54.68,54.585,54.68,116514
2014-02-26 09:45:00,54.72,54.735,54.39,54.66,81924
2014-02-26 10:00:00,54.67,54.84,54.66,54.8274,57581
2014-02-26 10:15:00,54.83,54.99,54.81,54.88,34822
2014-02-26 10:30:00,54.88,55.07,54.88,54.995,59311
2014-02-26 10:45:00,55.03,55.25,55.03,55.23,32075
2014-02-26 11:00:00,55.22,55.25,55.14,55.18,27483
2014-02-26 11:15:00,55.19,55.22,55.15,55.192,25886
2014-02-26 11:30:00,55.2,55.24,55.07,55.08,27571
2014-02-26 11:45:00,55.08,55.1198,55.04,55.07,17377
2014-02-26 12:00:00,55.06,55.06,54.99,55.01,13915
2014-02-26 12:15:00,55.01,55.06,55.0,55.06,13023
2014-02-26 12:30:00,55.05,55.14,55.03,55.13,20433
2014-02-26 12:45:00,55.13,55.2,55.11,55.16,15888
2014-02-26 13:00:00,55.1799,55.24100000000001,55.11,55.13,16613
2014-02-26 13:15:00,55.11,55.17,55.04,55.17,19294
2014-02-26 13:30:00,55.17,55.18,55.08,55.13,23128
2014-02-26 13:45:00,55.13,55.18,55.13,55.18,22566
2014-02-26 14:00:00,55.175,55.23,55.1378,55.15,47748
2014-02-26 14:15:00,55.13,55.13,55.01,55.01,24869
2014-02-26 14:30:00,55.03,55.05,54.97,54.99,29352
2014-02-26 14:45:00,54.99,55.037,54.94,55.01,22732
2014-02-26 15:00:00,55.0,55.04,54.99,55.0,25803
2014-02-26 15:15:00,55.0,55.05,54.97,55.05,55917
2014-02-26 15:30:00,55.05,55.11,55.02,55.04,46159
2014-02-26 15:45:00,55.035,55.125,55.035,55.12,42688
2014-02-26 16:00:00,55.11,55.13,55.0,55.045,277099
2014-02-27 09:45:00,54.86,55.17,54.7275,55.0,44019
2014-02-27 10:00:00,55.0,55.14,54.96,55.14,26501
2014-02-27 10:15:00,55.13,55.18,54.98,55.005,23234
2014-02-27 10:30:00,55.0,55.0382,54.98,54.99,26753
2014-02-27 10:45:00,55.0,55.08,54.92,54.93,26181
2014-02-27 11:00:00,54.93,55.06,54.86,55.0425,88499
2014-02-27 11:15:00,55.05,55.14,55.0,55.12,62839
2014-02-27 11:30:00,55.11600000000001,55.12,54.99,55.0099,20831
2014-02-27 11:45:00,55.01,55.01,54.79,54.79,18112
2014-02-27 12:00:00,54.79,54.9021,54.74,54.9,17593
2014-02-27 12:15:00,54.9,54.94,54.86600000000001,54.87,12151
2014-02-27 12:30:00,54.87,54.87,54.78,54.86,16848
2014-02-27 12:45:00,54.86,55.01,54.86,55.01,23237
2014-02-27 13:00:00,55.01,55.04,54.95,54.98,9091
2014-02-27 13:15:00,54.99,55.07,54.98,55.01,20770
2014-02-27 13:30:00,55.01,55.06,55.0,55.02,14296
2014-02-27 13:45:00,55.01,55.11,55.01,55.11,14074
2014-02-27 14:00:00,55.1,55.1,54.95,54.97,31207
2014-02-27 14:15:00,54.99,55.08,54.99,55.08,20604
2014-02-27 14:30:00,55.08,55.08,54.93,54.93,24586
2014-02-27 14:45:00,54.94,54.98,54.92,54.92,32176
2014-02-27 15:00:00,54.93,55.06,54.925,55.01,34990
2014-02-27 15:15:00,55.0,55.07,54.985,55.0,39744
2014-02-27 15:30:00,55.00899999999999,55.09,54.995,55.06,31201
2014-02-27 15:45:00,55.06,55.07,54.96,55.0,71300
2014-02-27 16:00:00,54.99,55.03,54.88,55.03,176773
2014-02-28 09:45:00,54.71,54.88,54.48,54.71,77891
2014-02-28 10:00:00,54.73,54.79,54.58,54.71,70897
2014-02-28 10:15:00,54.72,54.83,54.56,54.7,129691
2014-02-28 10:30:00,54.7,54.71,54.52,54.53,56986
2014-02-28 10:45:00,54.54,54.7,54.54,54.67,28673
2014-02-28 11:00:00,54.68,54.7,54.6,54.695,44540
2014-02-28 11:15:00,54.69,54.7,54.61,54.68,40870
2014-02-28 11:30:00,54.67,54.705,54.645,54.695,43225
2014-02-28 11:45:00,54.7,54.88,54.695,54.88,43279
2014-02-28 12:00:00,54.88,55.04,54.88,55.0,68814
2014-02-28 12:15:00,54.99,55.01,54.97,54.99,17404
2014-02-28 12:30:00,55.0,55.01,54.97,55.0012,21012
2014-02-28 12:45:00,55.0,55.03,54.99,55.0,18348
2014-02-28 13:00:00,55.0,55.25,54.9964,55.24,107009
2014-02-28 13:15:00,55.25,55.46,55.24,55.45,13881
2014-02-28 13:30:00,55.46,55.47,55.25,55.46,29068
2014-02-28 13:45:00,55.47,55.58,55.47,55.52,14011
2014-02-28 14:00:00,55.53,55.56,55.44,55.49,19369
2014-02-28 14:15:00,55.48,55.56,55.44,55.54,17717
2014-02-28 14:30:00,55.54,55.55,55.29,55.3484,30360
2014-02-28 14:45:00,55.36,55.36,55.28,55.33,21579
2014-02-28 15:00:00,55.32,55.33,55.2,55.215,21669
2014-02-28 15:15:00,55.21,55.21,54.94,55.02,45070
2014-02-28 15:30:00,55.015,55.09,54.98,55.075,34896
2014-02-28 15:45:00,55.075,55.26,55.075,55.25,32639
2014-02-28 16:00:00,55.24,55.24,55.09,55.17,87805
2014-03-03 09:45:00,54.84,55.08,54.4575,54.93,42392
2014-03-03 10:00:00,54.8525,54.96,54.65,54.7025,16207
2014-03-03 10:15:00,54.75,54.88,54.6,54.69,20620
2014-03-03 10:30:00,54.67,54.986999999999995,54.67,54.986999999999995,18538
2014-03-03 10:45:00,54.96,54.96,54.86,54.89,15113
2014-03-03 11:00:00,54.87,54.89,54.809,54.83,24455
2014-03-03 11:15:00,54.85,54.85,54.58,54.6,24622
2014-03-03 11:30:00,54.6,54.75,54.596000000000004,54.75,15728
2014-03-03 11:45:00,54.75,54.77,54.66,54.66,16065
2014-03-03 12:00:00,54.65,54.65,54.58,54.6,21275
2014-03-03 12:15:00,54.59,54.81,54.59,54.8,25954
2014-03-03 12:30:00,54.79,54.86,54.72,54.83,14843
2014-03-03 12:45:00,54.83,54.86,54.755,54.77,14329
2014-03-03 13:00:00,54.76,54.83,54.75,54.83,11828
2014-03-03 13:15:00,54.85,54.94,54.85,54.91,16987
2014-03-03 13:30:00,54.91,54.95,54.87,54.88,12157
2014-03-03 13:45:00,54.89,54.89,54.785,54.8,23075
2014-03-03 14:00:00,54.8,54.88,54.745,54.88,25956
2014-03-03 14:15:00,54.88,54.95,54.87,54.95,12080
2014-03-03 14:30:00,54.949,54.95,54.82,54.84,18776
2014-03-03 14:45:00,54.836999999999996,54.91,54.8,54.91,15706
2014-03-03 15:00:00,54.9,54.94,54.85,54.855,17570
2014-03-03 15:15:00,54.86,54.86,54.735,54.74,40702
2014-03-03 15:30:00,54.74,54.74,54.65,54.71,30633
2014-03-03 15:45:00,54.7,54.75,54.68,54.72,42007
2014-03-03 16:00:00,54.73,54.75,54.599,54.66,89760
2014-03-04 09:45:00,55.04,55.23,54.79,55.18,25726
2014-03-04 10:00:00,55.17,55.48,55.16,55.47,13832
2014-03-04 10:15:00,55.51,55.58,55.364,55.43,33414
2014-03-04 10:30:00,55.45,55.45,55.32,55.32,10218
2014-03-04 10:45:00,55.35,55.35,55.2,55.2,20654
2014-03-04 11:00:00,55.21,55.25,55.13,55.148999999999994,49104
2014-03-04 11:15:00,55.14,55.15,55.0,55.09,39133
2014-03-04 11:30:00,55.13,55.16,55.09,55.12,10608
2014-03-04 11:45:00,55.13,55.26,55.13,55.23,23728
2014-03-04 12:00:00,55.235,55.255,55.13,55.13,35117
2014-03-04 12:15:00,55.13,55.29,55.11,55.285,19106
2014-03-04 12:30:00,55.285,55.35,55.28,55.32,23104
2014-03-04 12:45:00,55.31,55.31,55.13,55.13,22569
2014-03-04 13:00:00,55.13,55.155,55.075,55.08,40962
2014-03-04 13:15:00,55.096000000000004,55.1,54.98,54.99,37645
2014-03-04 13:30:00,54.98,54.99,54.81,54.825,69172
2014-03-04 13:45:00,54.839,55.1,54.79,55.095,29843
2014-03-04 14:00:00,55.095,55.13,55.01,55.05,25899
2014-03-04 14:15:00,55.05,55.06,54.96,55.05,23424
2014-03-04 14:30:00,55.05,55.17,55.03,55.17,18903
2014-03-04 14:45:00,55.18,55.23,55.165,55.2,21714
2014-03-04 15:00:00,55.2,55.23,55.18,55.2,31809
2014-03-04 15:15:00,55.2,55.225,55.16,55.195,29425
2014-03-04 15:30:00,55.2,55.2,55.1,55.14,29981
2014-03-04 15:45:00,55.14,55.17,55.11,55.14,48274
2014-03-04 16:00:00,55.135,55.145,54.93,54.96,231180
2014-03-05 09:45:00,54.82,54.92,54.55,54.725,53400
2014-03-05 10:00:00,54.805,54.81,54.67,54.67,19721
2014-03-05 10:15:00,54.71,54.72,54.59,54.69,24911
2014-03-05 10:30:00,54.69,54.69,54.52,54.58,40479
2014-03-05 10:45:00,54.58,54.58,54.49,54.51,21920
2014-03-05 11:00:00,54.51,54.57,54.47,54.55,39164
2014-03-05 11:15:00,54.56,54.7,54.56,54.64,16658
2014-03-05 11:30:00,54.64,54.67,54.55,54.565,16178
2014-03-05 11:45:00,54.56,54.59,54.52,54.52,11622
2014-03-05 12:00:00,54.53,54.57,54.495,54.56,10443
2014-03-05 12:15:00,54.55,54.57,54.5,54.51,6700
2014-03-05 12:30:00,54.5,54.54,54.495,54.51,13171
2014-03-05 12:45:00,54.51,54.525,54.495,54.5059,8392
2014-03-05 13:00:00,54.51,54.55,54.495,54.505,9038
2014-03-05 13:15:00,54.505,54.53,54.495,54.525,15637
2014-03-05 13:30:00,54.53,54.58,54.52,54.52,11649
2014-03-05 13:45:00,54.54,54.645,54.53,54.6,15183
2014-03-05 14:00:00,54.6,54.61,54.53,54.61,15330
2014-03-05 14:15:00,54.61,54.69,54.585,54.66,21083
2014-03-05 14:30:00,54.67,54.76,54.67,54.75,15222
2014-03-05 14:45:00,54.75,54.88,54.74,54.86,20824
2014-03-05 15:00:00,54.85,54.96,54.85,54.96,22527
2014-03-05 15:15:00,54.96,54.975,54.91,54.92,24380
2014-03-05 15:30:00,54.93,54.97,54.93,54.96,15716
2014-03-05 15:45:00,54.97,54.975,54.92,54.93,25129
2014-03-05 16:00:00,54.92,54.955,54.83,54.83,129843
2014-03-06 09:45:00,54.98,55.1799,54.84,55.07,26574
2014-03-06 10:00:00,55.075,55.175,55.0,55.11,24738
2014-03-06 10:15:00,55.11,55.19,54.92,54.92,18224
2014-03-06 10:30:00,54.91,55.05,54.81,55.02,33998
2014-03-06 10:45:00,55.02,55.05,54.97,55.02,16186
2014-03-06 11:00:00,55.04,55.2,55.04,55.16,7390
2014-03-06 11:15:00,55.19,55.19,55.11,55.11,9705
2014-03-06 11:30:00,55.11,55.12,55.005,55.02,8129
2014-03-06 11:45:00,55.02,55.02,54.89,54.93,10758
2014-03-06 12:00:00,54.9399,55.12,54.9399,55.1,19775
2014-03-06 12:15:00,55.11,55.11,55.015,55.07,13334
2014-03-06 12:30:00,55.07,55.16,55.07,55.16,12125
2014-03-06 12:45:00,55.15,55.18,55.07,55.11,19151
2014-03-06 13:00:00,55.13,55.18,55.13,55.15,12937
2014-03-06 13:15:00,55.145,55.28,55.14,55.22,13993
2014-03-06 13:30:00,55.22,55.23,55.16,55.17,14904
2014-03-06 13:45:00,55.19,55.23,55.15,55.18,8166
2014-03-06 14:00:00,55.18,55.18,55.12,55.15,11950
2014-03-06 14:15:00,55.15,55.19,55.125,55.135,17075
2014-03-06 14:30:00,55.13,55.22,55.09,55.22,18303
2014-03-06 14:45:00,55.23,55.25,55.2,55.25,14015
2014-03-06 15:00:00,55.23,55.32,55.205,55.3,18544
2014-03-06 15:15:00,55.3,55.31,55.26,55.3,15248
2014-03-06 15:30:00,55.3,55.31,55.24,55.255,18986
2014-03-06 15:45:00,55.255,55.3,55.25,55.265,31410
2014-03-06 16:00:00,55.26,55.27,55.08,55.08,192537
2014-03-07 09:45:00,55.32,55.54,55.2,55.54,49563
2014-03-07 10:00:00,55.6,55.6,55.18,55.27,26867
2014-03-07 10:15:00,55.26,55.55,55.26,55.5,28395
2014-03-07 10:30:00,55.485,55.5,55.22,55.22,32929
2014-03-07 10:45:00,55.24,55.3,55.14,55.23,52980
2014-03-07 11:00:00,55.23,55.26,55.14,55.22,20150
2014-03-07 11:15:00,55.22,55.22,54.96,55.0,22742
2014-03-07 11:30:00,55.0,55.22,54.99,55.22,20948
2014-03-07 11:45:00,55.22,55.33,55.21,55.32,14846
2014-03-07 12:00:00,55.33,55.34,55.24,55.28,25358
2014-03-07 12:15:00,55.29,55.29,55.22,55.24,23356
2014-03-07 12:30:00,55.25,55.278999999999996,55.2,55.22,9910
2014-03-07 12:45:00,55.24,55.25,55.15,55.16,6897
2014-03-07 13:00:00,55.16,55.16,55.1,55.12,9072
2014-03-07 13:15:00,55.093,55.15,55.01,55.1,12418
2014-03-07 13:30:00,55.09,55.23,55.065,55.14,12605
2014-03-07 13:45:00,55.12,55.14,55.02,55.0296,10856
2014-03-07 14:00:00,55.05,55.08,54.98,55.02,19230
2014-03-07 14:15:00,55.021,55.04,54.92,54.93,21871
2014-03-07 14:30:00,54.93,54.93,54.8,54.83,23911
2014-03-07 14:45:00,54.83,54.85,54.76,54.82,27156
2014-03-07 15:00:00,54.82,54.97,54.82,54.9275,30800
2014-03-07 15:15:00,54.93,55.01,54.93,54.96,31761
2014-03-07 15:30:00,54.96,54.97,54.89,54.93,36820
2014-03-07 15:45:00,54.94,54.95,54.83,54.835,65822
2014-03-07 16:00:00,54.835,54.84,54.73,54.79,173974
2014-03-10 09:45:00,54.8,54.87,54.6,54.76,28420
2014-03-10 10:00:00,54.7,54.87,54.7,54.77,19601
2014-03-10 10:15:00,54.77,54.82,54.54,54.54,16200
2014-03-10 10:30:00,54.54,54.67,54.5,54.55,51827
2014-03-10 10:45:00,54.55,54.64,54.49,54.52,38705
2014-03-10 11:00:00,54.53,54.64,54.515,54.62,21286
2014-03-10 11:15:00,54.61,54.64,54.53,54.56,13574
2014-03-10 11:30:00,54.57,54.61,54.53,54.61,20867
2014-03-10 11:45:00,54.61,54.72,54.6,54.7,15556
2014-03-10 12:00:00,54.708,54.74,54.6,54.6,13431
2014-03-10 12:15:00,54.61,54.65,54.6,54.64,7260
2014-03-10 12:30:00,54.64,54.7,54.64,54.67,9945
2014-03-10 12:45:00,54.67,54.71,54.66,54.68,13777
2014-03-10 13:00:00,54.67,54.75,54.67,54.72,7238
2014-03-10 13:15:00,54.73,54.8,54.71,54.7799,10885
2014-03-10 13:30:00,54.74,54.78,54.69,54.77,9275
2014-03-10 13:45:00,54.75,54.75,54.65,54.66,6071
2014-03-10 14:00:00,54.66,54.69,54.65,54.67,12183
2014-03-10 14:15:00,54.67,54.73,54.66,54.72,9610
2014-03-10 14:30:00,54.722,54.79,54.71,54.77,12851
2014-03-10 14:45:00,54.77,54.83,54.76,54.83,27709
2014-03-10 15:00:00,54.83,54.89,54.801,54.87,22474
2014-03-10 15:15:00,54.87,54.87,54.82,54.82,28120
2014-03-10 15:30:00,54.82,54.87,54.82,54.85,22496
2014-03-10 15:45:00,54.86,54.875,54.83,54.87,23159
2014-03-10 16:00:00,54.86,54.9,54.815,54.85,67989
2014-03-11 09:45:00,54.67,54.67,54.41,54.62,79636
2014-03-11 10:00:00,54.6,54.78,54.6,54.63,32664
2014-03-11 10:15:00,54.63,54.6999,54.47,54.51,55412
2014-03-11 10:30:00,54.5,54.54,54.47,54.48,35990
2014-03-11 10:45:00,54.48,54.54,54.42,54.51,25578
2014-03-11 11:00:00,54.51,54.64,54.51,54.57,25677
2014-03-11 11:15:00,54.58,54.6,54.52,54.5275,60108
2014-03-11 11:30:00,54.54,54.57,54.5,54.55,13843
2014-03-11 11:45:00,54.555,54.558,54.49,54.51,29648
2014-03-11 12:00:00,54.5,54.58,54.5,54.51,72435
2014-03-11 12:15:00,54.51,54.55,54.49,54.53,29535
2014-03-11 12:30:00,54.52,54.56,54.51,54.52,32471
2014-03-11 12:45:00,54.52,54.56,54.51,54.54,20576
2014-03-11 13:00:00,54.54,54.6,54.53,54.535,31129
2014-03-11 13:15:00,54.54,54.57,54.54,54.54,27261
2014-03-11 13:30:00,54.54,54.56,54.5,54.54,52033
2014-03-11 13:45:00,54.55,54.56,54.535,54.54,44904
2014-03-11 14:00:00,54.54,54.55,54.52,54.52,17782
2014-03-11 14:15:00,54.52,54.5499,54.5,54.53,28672
2014-03-11 14:30:00,54.54,54.55,54.5,54.52,57189
2014-03-11 14:45:00,54.52,54.55,54.49,54.54,46605
2014-03-11 15:00:00,54.54,54.56,54.49,54.52,18643
2014-03-11 15:15:00,54.52,54.53,54.49,54.51,75636
2014-03-11 15:30:00,54.51,54.57,54.51,54.52,28232
2014-03-11 15:45:00,54.5255,54.56,54.48,54.5,45550
2014-03-11 16:00:00,54.5,54.53,54.49,54.5,97692
2014-03-12 09:45:00,54.16,54.25,53.84,54.18,89719
2014-03-12 10:00:00,54.18600000000001,54.18600000000001,53.93,54.03,45715
2014-03-12 10:15:00,54.03,54.03,53.89,54.02,170922
2014-03-12 10:30:00,54.03,54.27,54.0,54.21,81586
2014-03-12 10:45:00,54.22,54.39,54.19,54.22,66828
2014-03-12 11:00:00,54.22,54.41,54.195,54.38,67322
2014-03-12 11:15:00,54.37,54.38,54.235,54.3666,24181
2014-03-12 11:30:00,54.37,54.38,54.25,54.3,39897
2014-03-12 11:45:00,54.3,54.425,54.2935,54.42,71759
2014-03-12 12:00:00,54.42,54.5,54.39,54.48,35619
2014-03-12 12:15:00,54.46,54.51,54.42,54.49,21652
2014-03-12 12:30:00,54.51,54.56,54.5,54.53,17596
2014-03-12 12:45:00,54.55,54.55,54.45,54.45,16737
2014-03-12 13:00:00,54.45,54.63,54.45,54.63,35738
2014-03-12 13:15:00,54.62,54.63,54.55,54.551,7957
2014-03-12 13:30:00,54.56,54.62,54.56,54.6,16529
2014-03-12 13:45:00,54.6071,54.67,54.59,54.64,13664
2014-03-12 14:00:00,54.64,54.68,54.62,54.65,19403
2014-03-12 14:15:00,54.65,54.65,54.52,54.52,17780
2014-03-12 14:30:00,54.53,54.57,54.52,54.56,20073
2014-03-12 14:45:00,54.56,54.6,54.53,54.59,16079
2014-03-12 15:00:00,54.59,54.6,54.571999999999996,54.571999999999996,26484
2014-03-12 15:15:00,54.58,54.605,54.57,54.6,30162
2014-03-12 15:30:00,54.6,54.65,54.565,54.59,37106
2014-03-12 15:45:00,54.6,54.6,54.52,54.538000000000004,42796
2014-03-12 16:00:00,54.54,54.61,54.505,54.58,93030
2014-03-13 09:45:00,54.81,55.11,54.68,54.91,31850
2014-03-13 10:00:00,54.89,55.05,54.87,54.97,35622
2014-03-13 10:15:00,54.99,55.0,54.79,54.93,47374
2014-03-13 10:30:00,54.94,55.1,54.92,55.07,44499
2014-03-13 10:45:00,55.08,55.19,54.933,54.933,22012
2014-03-13 11:00:00,54.93,54.93,54.72,54.72,32945
2014-03-13 11:15:00,54.73,54.73,54.64,54.66,41380
2014-03-13 11:30:00,54.67,54.81,54.67,54.72,83983
2014-03-13 11:45:00,54.72,54.75,54.7,54.74,16066
2014-03-13 12:00:00,54.73,54.75,54.67,54.7,24240
2014-03-13 12:15:00,54.7,54.71,54.59,54.59,26025
2014-03-13 12:30:00,54.59,54.64,54.5,54.51,19494
2014-03-13 12:45:00,54.52,54.565,54.38,54.5,50079
2014-03-13 13:00:00,54.5,54.501999999999995,54.46,54.49,20611
2014-03-13 13:15:00,54.48,54.49,54.28,54.36,64831
2014-03-13 13:30:00,54.38,54.54,54.34,54.49,48419
2014-03-13 13:45:00,54.52,54.555,54.49,54.55,30067
2014-03-13 14:00:00,54.52,54.58,54.5,54.52,20451
2014-03-13 14:15:00,54.52,54.535,54.44,54.47,25512
2014-03-13 14:30:00,54.47,54.55,54.46,54.5,55919
2014-03-13 14:45:00,54.5,54.54,54.49,54.5,55600
2014-03-13 15:00:00,54.5017,54.51,54.47,54.5,82060
2014-03-13 15:15:00,54.49,54.53,54.47,54.48,46428
2014-03-13 15:30:00,54.48,54.55,54.48,54.5,49692
2014-03-13 15:45:00,54.5,54.52,54.48,54.5,65237
2014-03-13 16:00:00,54.5,54.65,54.5,54.65,251319
2014-03-14 09:45:00,54.62,55.0,54.62,55.0,32138
2014-03-14 10:00:00,55.01,55.14,54.97,55.09,28651
2014-03-14 10:15:00,55.09,55.135,54.955,55.06,46701
2014-03-14 10:30:00,55.05,55.1,54.99,55.02,26751
2014-03-14 10:45:00,55.03,55.11,54.98,54.98,34348
2014-03-14 11:00:00,54.98,55.01,54.86,54.86,25178
2014-03-14 11:15:00,54.86,54.88,54.67,54.69,31320
2014-03-14 11:30:00,54.69,54.7025,54.58,54.65,23990
2014-03-14 11:45:00,54.658,54.76,54.6,54.72,28690
2014-03-14 12:00:00,54.7,54.89,54.7,54.89,23594
2014-03-14 12:15:00,54.9,54.93,54.86,54.87,19822
2014-03-14 12:30:00,54.87,54.88,54.76,54.775,21328
2014-03-14 12:45:00,54.78,54.86,54.7404,54.84,25694
2014-03-14 13:00:00,54.84,54.9,54.7475,54.9,25437
2014-03-14 13:15:00,54.9,54.9,54.83,54.84,17771
2014-03-14 13:30:00,54.84,54.84,54.67,54.72,17884
2014-03-14 13:45:00,54.725,54.725,54.59,54.6,28844
2014-03-14 14:00:00,54.6,54.63,54.53,54.63,30113
2014-03-14 14:15:00,54.62,54.71,54.62,54.71,21670
2014-03-14 14:30:00,54.72,54.825,54.72,54.8,24628
2014-03-14 14:45:00,54.8,54.81,54.65,54.7,21359
2014-03-14 15:00:00,54.7,54.7102,54.59,54.6,26307
2014-03-14 15:15:00,54.6,54.6225,54.54,54.55,34652
2014-03-14 15:30:00,54.55,54.625,54.52,54.61,29812
2014-03-14 15:45:00,54.62,54.64,54.57,54.58,51408
2014-03-14 16:00:00,54.58,54.675,54.5,54.66,123284
2014-03-17 09:45:00,54.84,55.3,54.8101,55.22,25468
2014-03-17 10:00:00,55.24,55.37,55.05,55.09,48756
2014-03-17 10:15:00,55.13,55.39,55.13,55.32,19508
2014-03-17 10:30:00,55.32,55.33,55.18,55.1825,20493
2014-03-17 10:45:00,55.18,55.18,55.07,55.08,16491
2014-03-17 11:00:00,55.08,55.24,55.06,55.2,22198
2014-03-17 11:15:00,55.19,55.26,55.17,55.17,15204
2014-03-17 11:30:00,55.17,55.215,55.1,55.13,16761
2014-03-17 11:45:00,55.135,55.21,55.12,55.2,20416
2014-03-17 12:00:00,55.19,55.23,55.13,55.16,95880
2014-03-17 12:15:00,55.16,55.18,55.075,55.11,85575
2014-03-17 12:30:00,55.105,55.2,55.07,55.2,47041
2014-03-17 12:45:00,55.22,55.3697,55.22,55.361000000000004,17523
2014-03-17 13:00:00,55.37,55.46,55.31,55.445,17475
2014-03-17 13:15:00,55.445,55.5,55.43,55.43,20142
2014-03-17 13:30:00,55.43,55.43,55.35,55.36,16807
2014-03-17 13:45:00,55.37,55.47,55.37,55.47,23078
2014-03-17 14:00:00,55.47,55.495,55.39,55.45,44687
2014-03-17 14:15:00,55.46,55.47,55.3,55.3199,24817
2014-03-17 14:30:00,55.31,55.33,55.23,55.33,25463
2014-03-17 14:45:00,55.33,55.35,55.195,55.2,32217
2014-03-17 15:00:00,55.21,55.245,55.185,55.23,25730
2014-03-17 15:15:00,55.22,55.22,55.07,55.07,37472
2014-03-17 15:30:00,55.074,55.08,55.04,55.07,37927
2014-03-17 15:45:00,55.07,55.08,54.995,55.01,63771
2014-03-17 16:00:00,55.01,55.01,54.88,54.96,162663
2014-03-18 09:45:00,54.93,55.17,54.8,55.01,33409
2014-03-18 10:00:00,55.044,55.3,55.01,55.28,14082
2014-03-18 10:15:00,55.27,55.3,55.15,55.15,14553
2014-03-18 10:30:00,55.16,55.26,55.145,55.225,15989
2014-03-18 10:45:00,55.23,55.27,55.0,55.01,99744
2014-03-18 11:00:00,55.01,55.14,54.9,55.095,67419
2014-03-18 11:15:00,55.09,55.2,55.08,55.2,13800
2014-03-18 11:30:00,55.19,55.32,55.19,55.31,20627
2014-03-18 11:45:00,55.3,55.38,55.25,55.269,13247
2014-03-18 12:00:00,55.29,55.36,55.27,55.36,8344
2014-03-18 12:15:00,55.36,55.44,55.355,55.42,10778
2014-03-18 12:30:00,55.43,55.46,55.39,55.42,21539
2014-03-18 12:45:00,55.42,55.49,55.28,55.31,23741
2014-03-18 13:00:00,55.33,55.34,55.26,55.3,20848
2014-03-18 13:15:00,55.3,55.3,55.205,55.24,22808
2014-03-18 13:30:00,55.2526,55.3,55.22,55.28,16810
2014-03-18 13:45:00,55.3,55.34,55.24,55.31,37712
2014-03-18 14:00:00,55.31,55.31,55.16,55.16,19071
2014-03-18 14:15:00,55.16,55.17,55.13,55.13,20603
2014-03-18 14:30:00,55.12,55.2,55.12,55.19,16551
2014-03-18 14:45:00,55.2,55.21,55.19,55.21,8317
2014-03-18 15:00:00,55.2199,55.22,55.15,55.15,16767
2014-03-18 15:15:00,55.16,55.18,55.1,55.13,28154
2014-03-18 15:30:00,55.13,55.131,55.07,55.08,19477
2014-03-18 15:45:00,55.09,55.09,55.04,55.04,32736
2014-03-18 16:00:00,55.04,55.07,55.03,55.06,76188
2014-03-19 09:45:00,55.21,55.368,55.12,55.15,17327
2014-03-19 10:00:00,55.15,55.18,54.9,55.01,35846
2014-03-19 10:15:00,55.01,55.04,54.96,55.0,21603
2014-03-19 10:30:00,55.0,55.02,54.95,55.0001,24223
2014-03-19 10:45:00,55.02,55.04,54.94,54.94,21231
2014-03-19 11:00:00,54.95,54.99,54.92,54.92,21423
2014-03-19 11:15:00,54.93,54.9701,54.93,54.96,9900
2014-03-19 11:30:00,54.97,54.98,54.94,54.95,14624
2014-03-19 11:45:00,54.94,54.95,54.92,54.94,9898
2014-03-19 12:00:00,54.95,54.97,54.94,54.97,7405
2014-03-19 12:15:00,54.97,54.98,54.93,54.96,14564
2014-03-19 12:30:00,54.97,54.98,54.94,54.97,34416
2014-03-19 12:45:00,54.97,54.99,54.915,54.96,23786
2014-03-19 13:00:00,54.96,55.08,54.96,55.0,58000
2014-03-19 13:15:00,55.03,55.06,54.99,55.02,36223
2014-03-19 13:30:00,55.02,55.05,55.0,55.01,38945
2014-03-19 13:45:00,55.02,55.03,54.98,55.0,9214
2014-03-19 14:00:00,55.0,55.005,54.985,55.0,6820
2014-03-19 14:15:00,55.0,55.0,54.69,54.77,31166
2014-03-19 14:30:00,54.74,54.79,54.71,54.73,20758
2014-03-19 14:45:00,54.74,54.84,54.74,54.82,21189
2014-03-19 15:00:00,54.83,54.87,54.79,54.82,18455
2014-03-19 15:15:00,54.82,54.82,54.345,54.47,53053
2014-03-19 15:30:00,54.475,54.59,54.42,54.57,52705
2014-03-19 15:45:00,54.58,54.8,54.55,54.8,48994
2014-03-19 16:00:00,54.805,54.85,54.72,54.73,86184
2014-03-20 09:45:00,54.54,54.7299,54.5,54.55,31386
2014-03-20 10:00:00,54.55,54.7,54.47,54.65,32179
2014-03-20 10:15:00,54.65,54.6899,54.55,54.5999,93011
2014-03-20 10:30:00,54.6,54.78,54.57,54.72,59127
2014-03-20 10:45:00,54.72,54.79,54.69,54.69,46663
2014-03-20 11:00:00,54.7,54.72,54.641999999999996,54.65,10471
2014-03-20 11:15:00,54.66,54.74,54.62,54.65,20095
2014-03-20 11:30:00,54.66,54.695,54.6271,54.65,12433
2014-03-20 11:45:00,54.65,54.74,54.6446,54.71,24982
2014-03-20 12:00:00,54.72,54.77,54.7,54.73,12397
2014-03-20 12:15:00,54.72,54.735,54.68,54.69,16159
2014-03-20 12:30:00,54.715,54.83,54.7,54.818000000000005,26056
2014-03-20 12:45:00,54.82,55.02,54.81,55.02,8899
2014-03-20 13:00:00,55.03,55.07,54.98,55.01,9279
2014-03-20 13:15:00,55.0,55.04,55.0,55.02,9148
2014-03-20 13:30:00,55.0172,55.04,54.99,54.99,5837
2014-03-20 13:45:00,55.0,55.02,54.97,55.0092,10569
2014-03-20 14:00:00,55.0199,55.04,54.99100000000001,55.0257,9907
2014-03-20 14:15:00,55.03,55.04,54.99,55.0,10634
2014-03-20 14:30:00,55.0,55.06,54.99,55.03,19908
2014-03-20 14:45:00,55.03,55.038000000000004,54.9934,54.9934,10657
2014-03-20 15:00:00,54.99,55.02,54.98,54.9999,11780
2014-03-20 15:15:00,54.99,55.01,54.96,54.99,17667
2014-03-20 15:30:00,54.99,55.02,54.98,54.99,21863
2014-03-20 15:45:00,55.0,55.03,54.875,54.91,35540
2014-03-20 16:00:00,54.92,54.95,54.84,54.94,107910
2014-03-21 09:45:00,55.36,55.36,54.67,55.07,164624
2014-03-21 10:00:00,55.09,55.09,55.0,55.03,43810
2014-03-21 10:15:00,55.02,55.14,55.005,55.14,123321
2014-03-21 10:30:00,55.16,55.3,55.1,55.24,24217
2014-03-21 10:45:00,55.26,55.37,55.26,55.34,27035
2014-03-21 11:00:00,55.34,55.46,55.3399,55.45,20842
2014-03-21 11:15:00,55.45,55.5,55.39,55.49,48662
2014-03-21 11:30:00,55.5,55.51,55.405,55.425,19011
2014-03-21 11:45:00,55.44,55.45,55.38,55.42,16834
2014-03-21 12:00:00,55.42,55.44,55.32,55.32,23459
2014-03-21 12:15:00,55.32,55.35,55.32,55.34,8576
2014-03-21 12:30:00,55.34,55.38,55.325,55.34,12462
2014-03-21 12:45:00,55.34,55.34,55.305,55.33,13153
2014-03-21 13:00:00,55.33,55.335,55.31,55.33,7094
2014-03-21 13:15:00,55.33,55.335,55.23,55.25,19668
2014-03-21 13:30:00,55.24,55.24,55.07,55.08,14187
2014-03-21 13:45:00,55.07,55.09,55.02,55.02,11500
2014-03-21 14:00:00,55.02,55.04,54.99,55.01,15095
2014-03-21 14:15:00,55.01,55.065,54.93,55.03,26619
2014-03-21 14:30:00,55.02,55.065,55.01,55.04,24586
2014-03-21 14:45:00,55.02,55.06,55.01,55.03,41600
2014-03-21 15:00:00,55.03,55.06,55.0,55.0,21283
2014-03-21 15:15:00,54.99,54.99,54.87,54.88,26700
2014-03-21 15:30:00,54.88,54.955,54.82,54.95,40204
2014-03-21 15:45:00,54.95,54.955,54.83,54.89,65223
2014-03-21 16:00:00,54.89,55.31,54.8,54.99,420756
2014-03-24 09:45:00,55.11,55.31,54.88,54.97,46339
2014-03-24 10:00:00,54.97,55.04,54.86,54.9,33674
2014-03-24 10:15:00,54.9,54.9,54.74,54.75,30957
2014-03-24 10:30:00,54.76,54.88,54.73,54.82,30606
2014-03-24 10:45:00,54.82,54.82,54.699,54.765,32234
2014-03-24 11:00:00,54.77,54.86,54.72,54.77,38446
2014-03-24 11:15:00,54.78,54.8,54.71,54.7944,27838
2014-03-24 11:30:00,54.8,54.86,54.745,54.79,30521
2014-03-24 11:45:00,54.82,54.86,54.75,54.81,30142
2014-03-24 12:00:00,54.81,54.87,54.76,54.85,29027
2014-03-24 12:15:00,54.84,54.93,54.82,54.91,30305
2014-03-24 12:30:00,54.9,54.97,54.87,54.9,21555
2014-03-24 12:45:00,54.89,54.93,54.83,54.86,14961
2014-03-24 13:00:00,54.8681,54.96,54.85,54.95,18357
2014-03-24 13:15:00,54.94,55.02,54.94,55.02,18691
2014-03-24 13:30:00,55.01,55.03,54.92,54.96,22534
2014-03-24 13:45:00,54.9548,54.97,54.82,54.86,41517
2014-03-24 14:00:00,54.86,54.89,54.83,54.8899,32458
2014-03-24 14:15:00,54.88,54.885,54.8,54.84,19438
2014-03-24 14:30:00,54.84,54.925,54.82,54.9,29453
2014-03-24 14:45:00,54.9099,54.97,54.88,54.96,19621
2014-03-24 15:00:00,54.955,55.03,54.95,55.0,23326
2014-03-24 15:15:00,55.0,55.0,54.85,54.85,42681
2014-03-24 15:30:00,54.85,54.89,54.79,54.89,40021
2014-03-24 15:45:00,54.9,54.99,54.88,54.9,49726
2014-03-24 16:00:00,54.91,54.96,54.84,54.95,148827
2014-03-25 09:45:00,55.22,55.22,54.88,54.94,49658
2014-03-25 10:00:00,54.94,55.03,54.91,55.02,40549
2014-03-25 10:15:00,55.03,55.07,54.91,54.995,32720
2014-03-25 10:30:00,55.015,55.015,54.85,54.89,29100
2014-03-25 10:45:00,54.88,54.9,54.68,54.73,22485
2014-03-25 11:00:00,54.71,54.72,54.58,54.61,19093
2014-03-25 11:15:00,54.61,54.66,54.56,54.585,15100
2014-03-25 11:30:00,54.615,54.62,54.482,54.528999999999996,37351
2014-03-25 11:45:00,54.53,54.55,54.455,54.5,41366
2014-03-25 12:00:00,54.476000000000006,54.5,54.37,54.43,50376
2014-03-25 12:15:00,54.41,54.49,54.39,54.44,43701
2014-03-25 12:30:00,54.45,54.46,54.35,54.43,33134
2014-03-25 12:45:00,54.43,54.48,54.415,54.45,25325
2014-03-25 13:00:00,54.45,54.475,54.435,54.46,20100
2014-03-25 13:15:00,54.45,54.48,54.435,54.45,20700
2014-03-25 13:30:00,54.45,54.51,54.45,54.475,26518
2014-03-25 13:45:00,54.51,54.55,54.485,54.55,18539
2014-03-25 14:00:00,54.54,54.55,54.49,54.535,28411
2014-03-25 14:15:00,54.53,54.54,54.49,54.52,25621
2014-03-25 14:30:00,54.52,54.53,54.475,54.52,45791
2014-03-25 14:45:00,54.52,54.55,54.495,54.51,22067
2014-03-25 15:00:00,54.51,54.54,54.37,54.395,106340
2014-03-25 15:15:00,54.391000000000005,54.41,54.36,54.39,66911
2014-03-25 15:30:00,54.4,54.56,54.39,54.56,159990
2014-03-25 15:45:00,54.56,54.61,54.51,54.61,66086
2014-03-25 16:00:00,54.61,54.67,54.545,54.59,144866
2014-03-26 09:45:00,54.83,55.36,54.7,54.93,37680
2014-03-26 10:00:00,54.95,54.96,54.81,54.895,24294
2014-03-26 10:15:00,54.88,54.9713,54.7675,54.97,22446
2014-03-26 10:30:00,54.97,55.04,54.94,54.955,16107
2014-03-26 10:45:00,54.96,55.0,54.8,54.8,22225
2014-03-26 11:00:00,54.77,54.87,54.75,54.75,18312
2014-03-26 11:15:00,54.76,54.8225,54.75,54.79,29829
2014-03-26 11:30:00,54.79,54.8,54.69,54.72,26156
2014-03-26 11:45:00,54.71,54.75,54.68,54.69,15703
2014-03-26 12:00:00,54.69,54.79,54.655,54.79,22956
2014-03-26 12:15:00,54.79,54.84,54.67,54.7514,40914
2014-03-26 12:30:00,54.75,54.75,54.62,54.69,21688
2014-03-26 12:45:00,54.69,54.71,54.56,54.6,37305
2014-03-26 13:00:00,54.595,54.62,54.49,54.51,33766
2014-03-26 13:15:00,54.51,54.5268,54.47,54.47,22464
2014-03-26 13:30:00,54.49,54.54,54.465,54.505,30380
2014-03-26 13:45:00,54.5,54.54,54.39,54.41,49707
2014-03-26 14:00:00,54.41,54.49,54.405,54.44,40009
2014-03-26 14:15:00,54.45,54.48,54.395,54.42,44070
2014-03-26 14:30:00,54.42,54.54,54.395,54.46,36977
2014-03-26 14:45:00,54.46,54.52,54.441,54.52,22272
2014-03-26 15:00:00,54.52,54.54,54.485,54.52,23782
2014-03-26 15:15:00,54.54,54.55,54.5,54.51,22310
2014-03-26 15:30:00,54.52,54.5499,54.475,54.485,37774
2014-03-26 15:45:00,54.49,54.56,54.485,54.5,35604
2014-03-26 16:00:00,54.5,54.53,54.46,54.49,114609
2014-03-27 09:45:00,54.62,54.64,54.2,54.29,52007
2014-03-27 10:00:00,54.25,54.38,54.22,54.37,33749
2014-03-27 10:15:00,54.37,54.45,54.22,54.32,40905
2014-03-27 10:30:00,54.32,54.54,54.29,54.52,42599
2014-03-27 10:45:00,54.52,54.62,54.45,54.57,25780
2014-03-27 11:00:00,54.57,54.61,54.43,54.45,22649
2014-03-27 11:15:00,54.46,54.46,54.24,54.29,18661
2014-03-27 11:30:00,54.29,54.32,54.22,54.27,17212
2014-03-27 11:45:00,54.26,54.276,54.11,54.11,21827
2014-03-27 12:00:00,54.12,54.25,54.02,54.15,90847
2014-03-27 12:15:00,54.15,54.16,54.05,54.16,24448
2014-03-27 12:30:00,54.19,54.37,54.19,54.37,21646
2014-03-27 12:45:00,54.4014,54.51,54.33,54.46,22389
2014-03-27 13:00:00,54.46,54.54,54.44,54.53,20786
2014-03-27 13:15:00,54.53,54.57,54.47,54.5,11434
2014-03-27 13:30:00,54.5,54.55,54.47,54.54,8040
2014-03-27 13:45:00,54.53,54.53,54.42,54.49,13766
2014-03-27 14:00:00,54.49,54.53,54.45,54.49,18095
2014-03-27 14:15:00,54.5,54.5,54.4275,54.45,11404
2014-03-27 14:30:00,54.45,54.49,54.38,54.48,21480
2014-03-27 14:45:00,54.48,54.521,54.46,54.52,21044
2014-03-27 15:00:00,54.51,54.55,54.49,54.52,14982
2014-03-27 15:15:00,54.52,54.53,54.45,54.47,15897
2014-03-27 15:30:00,54.48,54.56,54.46,54.56,17250
2014-03-27 15:45:00,54.56,54.57,54.51,54.55,25379
2014-03-27 16:00:00,54.55,54.55,54.43,54.5,130326
2014-03-28 09:45:00,54.78,55.35,54.78,55.27,38313
2014-03-28 10:00:00,55.34,55.46,55.23,55.32,27206
2014-03-28 10:15:00,55.34,55.42,55.25,55.4,25501
2014-03-28 10:30:00,55.39,55.43,55.32,55.36,20440
2014-03-28 10:45:00,55.37,55.55,55.37,55.55,27111
2014-03-28 11:00:00,55.55,55.67,55.48,55.52,25310
2014-03-28 11:15:00,55.51,55.51,55.41,55.45,29893
2014-03-28 11:30:00,55.45,55.47,55.375,55.3999,23322
2014-03-28 11:45:00,55.39,55.4425,55.345,55.36,25545
2014-03-28 12:00:00,55.36,55.36,55.27,55.32,25900
2014-03-28 12:15:00,55.35,55.385,55.27,55.34,21516
2014-03-28 12:30:00,55.328,55.36,55.2,55.235,21180
2014-03-28 12:45:00,55.24,55.26,55.165,55.22,14809
2014-03-28 13:00:00,55.22,55.22,55.05,55.05,17528
2014-03-28 13:15:00,55.06,55.08,54.975,55.0,26465
2014-03-28 13:30:00,55.0,55.05,54.98,55.01,21808
2014-03-28 13:45:00,55.0172,55.22,54.995,55.22,22046
2014-03-28 14:00:00,55.22,55.25,55.18,55.24,21535
2014-03-28 14:15:00,55.23,55.28,55.12,55.15,24409
2014-03-28 14:30:00,55.14,55.14,55.01,55.13,14622
2014-03-28 14:45:00,55.13,55.15,55.01,55.03,26712
2014-03-28 15:00:00,55.02,55.07,54.995,55.02,40664
2014-03-28 15:15:00,55.02,55.14,55.0,55.13,33857
2014-03-28 15:30:00,55.13,55.22,55.13,55.2,28752
2014-03-28 15:45:00,55.22,55.25,55.16,55.16,34594
2014-03-28 16:00:00,55.16,55.2,55.085,55.19,104296
2014-03-31 09:45:00,55.36,55.6,55.24,55.4206,19227
2014-03-31 10:00:00,55.49,55.56,55.36,55.41,14798
2014-03-31 10:15:00,55.43,55.47,55.31,55.37,8826
2014-03-31 10:30:00,55.32,55.41,55.32,55.33,39924
2014-03-31 10:45:00,55.34,55.44,55.29,55.44,19146
2014-03-31 11:00:00,55.45,55.458,55.245,55.31,26909
2014-03-31 11:15:00,55.31,55.348,55.26,55.28,18696
2014-03-31 11:30:00,55.3,55.33,55.25,55.31,15042
2014-03-31 11:45:00,55.32,55.37,55.31,55.37,8305
2014-03-31 12:00:00,55.38,55.52,55.38,55.52,10750
2014-03-31 12:15:00,55.52,55.65,55.52,55.63,9136
2014-03-31 12:30:00,55.64,55.75,55.64,55.705,16286
2014-03-31 12:45:00,55.72,55.7547,55.655,55.685,21409
2014-03-31 13:00:00,55.68,55.73,55.65,55.73,15966
2014-03-31 13:15:00,55.73,55.74,55.66,55.69,59108
2014-03-31 13:30:00,55.69,55.72,55.54,55.57,25559
2014-03-31 13:45:00,55.57,55.57,55.51,55.52,7060
2014-03-31 14:00:00,55.5261,55.54,55.46,55.46,7126
2014-03-31 14:15:00,55.45,55.47,55.42,55.42,7150
2014-03-31 14:30:00,55.43,55.46,55.408,55.43,9644
2014-03-31 14:45:00,55.43,55.43,55.4,55.4,7028
2014-03-31 15:00:00,55.4,55.42100000000001,55.4,55.42,8963
2014-03-31 15:15:00,55.42,55.42,55.38,55.4,14506
2014-03-31 15:30:00,55.4,55.51,55.38,55.5,23856
2014-03-31 15:45:00,55.505,55.68,55.505,55.67,47050
2014-03-31 16:00:00,55.67,55.68,55.57,55.62,83099
2014-04-01 09:45:00,55.87,56.12,55.87,56.08,36230
2014-04-01 10:00:00,56.04,56.45,56.04,56.282,40863
2014-04-01 10:15:00,56.26,56.345,56.12,56.17,32688
2014-04-01 10:30:00,56.16,56.235,56.03,56.07,25306
2014-04-01 10:45:00,56.07,56.09,55.98,56.05,47411
2014-04-01 11:00:00,56.04,56.155,56.0,56.14,45244
2014-04-01 11:15:00,56.15,56.22,55.96,56.01,63986
2014-04-01 11:30:00,56.025,56.035,55.87,55.94,36726
2014-04-01 11:45:00,55.97,56.005,55.89,55.95,25460
2014-04-01 12:00:00,55.97,56.05,55.96,56.02,17578
2014-04-01 12:15:00,56.02,56.06,55.995,56.05,19770
2014-04-01 12:30:00,56.04,56.08,56.0,56.08,15800
2014-04-01 12:45:00,56.08,56.17,56.07,56.17,18265
2014-04-01 13:00:00,56.18,56.188,56.11,56.15,12433
2014-04-01 13:15:00,56.14,56.17,56.1,56.11,16546
2014-04-01 13:30:00,56.13,56.17,56.1,56.12,16564
2014-04-01 13:45:00,56.12,56.14,56.08,56.11,22122
2014-04-01 14:00:00,56.11,56.215,56.1,56.21,16584
2014-04-01 14:15:00,56.21,56.25,56.19,56.245,14783
2014-04-01 14:30:00,56.25,56.355,56.25,56.325,21990
2014-04-01 14:45:00,56.32,56.32,56.25,56.25,25978
2014-04-01 15:00:00,56.245,56.28,56.22,56.27,21208
2014-04-01 15:15:00,56.27,56.27,56.19,56.205,18756
2014-04-01 15:30:00,56.21,56.29,56.2,56.26,25978
2014-04-01 15:45:00,56.26,56.34,56.23,56.33,48090
2014-04-01 16:00:00,56.34,56.46,56.34,56.39,142254
2014-04-02 09:45:00,56.36,56.55,56.11,56.39,24559
2014-04-02 10:00:00,56.41,56.62,56.3507,56.52,17703
2014-04-02 10:15:00,56.53,56.72,56.51,56.61,32922
2014-04-02 10:30:00,56.6,56.65,56.545,56.6,21951
2014-04-02 10:45:00,56.59,56.645,56.52,56.58,18211
2014-04-02 11:00:00,56.6,56.63,56.515,56.58,32868
2014-04-02 11:15:00,56.57,56.59,56.52,56.57,23707
2014-04-02 11:30:00,56.57,56.59,56.47,56.48,46055
2014-04-02 11:45:00,56.49,56.5,56.34,56.4056,78808
2014-04-02 12:00:00,56.4,56.5,56.34,56.5,30861
2014-04-02 12:15:00,56.51,56.53,56.34,56.37,18647
2014-04-02 12:30:00,56.37,56.43,56.36,56.39,14604
2014-04-02 12:45:00,56.38,56.5,56.375,56.47,12614
2014-04-02 13:00:00,56.47,56.52,56.45,56.47,11640
2014-04-02 13:15:00,56.46,56.46,56.3701,56.395,44510
2014-04-02 13:30:00,56.4,56.41,56.36,56.41,18635
2014-04-02 13:45:00,56.41,56.45,56.375,56.38,11639
2014-04-02 14:00:00,56.37,56.37,56.18,56.19,22522
2014-04-02 14:15:00,56.19,56.25,56.18,56.25,19672
2014-04-02 14:30:00,56.25,56.28,56.23,56.245,27320
2014-04-02 14:45:00,56.242,56.26,56.19,56.19,21047
2014-04-02 15:00:00,56.19,56.25,56.15,56.2401,25358
2014-04-02 15:15:00,56.25,56.27,56.1701,56.2,30513
2014-04-02 15:30:00,56.21,56.21,56.11,56.21,56089
2014-04-02 15:45:00,56.19,56.2601,56.18,56.25,84171
2014-04-02 16:00:00,56.25,56.32,56.19,56.3,174089
2014-04-03 09:45:00,56.21,56.35,56.07,56.18,22616
2014-04-03 10:00:00,56.21,56.36,56.19,56.36,21478
2014-04-03 10:15:00,56.37,56.41,56.24,56.27,43918
2014-04-03 10:30:00,56.27,56.31,56.13,56.15,30765
2014-04-03 10:45:00,56.1442,56.16,56.02,56.03,18279
2014-04-03 11:00:00,56.03,56.05,55.86,55.88,22569
2014-04-03 11:15:00,55.89,55.93,55.86,55.905,15505
2014-04-03 11:30:00,55.91,55.94,55.84,55.87,26343
2014-04-03 11:45:00,55.9,56.02,55.86,56.02,11221
2014-04-03 12:00:00,56.02,56.05,55.97,56.0301,16240
2014-04-03 12:15:00,56.04,56.18,56.0,56.13,21602
2014-04-03 12:30:00,56.13,56.1322,56.07,56.11,7587
2014-04-03 12:45:00,56.11,56.11,56.01,56.07,16139
2014-04-03 13:00:00,56.08,56.08,55.97,55.97,16482
2014-04-03 13:15:00,55.97,55.97,55.815,55.85,17176
2014-04-03 13:30:00,55.85,55.86,55.77,55.7774,12491
2014-04-03 13:45:00,55.78,55.86,55.78,55.84,17774
2014-04-03 14:00:00,55.84,55.84,55.7,55.74,19439
2014-04-03 14:15:00,55.74,55.7599,55.7,55.72,31599
2014-04-03 14:30:00,55.71,55.7799,55.71,55.73,22038
2014-04-03 14:45:00,55.73,55.73,55.6102,55.625,32404
2014-04-03 15:00:00,55.62,55.66,55.6,55.65,43969
2014-04-03 15:15:00,55.65,55.72,55.625,55.69,64289
2014-04-03 15:30:00,55.69,55.76,55.665,55.75,35456
2014-04-03 15:45:00,55.75,55.81,55.74,55.79,58515
2014-04-03 16:00:00,55.8,55.81,55.75,55.77,99579
2014-04-04 09:45:00,55.27,55.61,54.91,54.97,126594
2014-04-04 10:00:00,54.97,55.09,54.91,55.06,66858
2014-04-04 10:15:00,55.04,55.53,55.04,55.52,58378
2014-04-04 10:30:00,55.51,55.62,55.42,55.62,23937
2014-04-04 10:45:00,55.64,55.73,55.59,55.68,26589
2014-04-04 11:00:00,55.68,55.81,55.68,55.77,18087
2014-04-04 11:15:00,55.75,55.84,55.7,55.74,23854
2014-04-04 11:30:00,55.74,55.74,55.43,55.43,17817
2014-04-04 11:45:00,55.45,55.61,55.45,55.45,15957
2014-04-04 12:00:00,55.44,55.45,55.22,55.254,31540
2014-04-04 12:15:00,55.24,55.29,55.128,55.24,27536
2014-04-04 12:30:00,55.24,55.29,55.17,55.19,14817
2014-04-04 12:45:00,55.19,55.25,55.095,55.1,19764
2014-04-04 13:00:00,55.1,55.11,54.89,54.956,22692
2014-04-04 13:15:00,54.94,54.98,54.88,54.97,17527
2014-04-04 13:30:00,54.9799,54.98,54.81,54.82,16556
2014-04-04 13:45:00,54.8,54.83,54.72,54.75,29971
2014-04-04 14:00:00,54.74,54.91,54.72,54.86,22781
2014-04-04 14:15:00,54.87,54.92,54.74,54.76,26202
2014-04-04 14:30:00,54.76,54.87,54.74,54.77,18927
2014-04-04 14:45:00,54.77,54.82,54.74,54.81,24125
2014-04-04 15:00:00,54.8,54.91,54.78,54.86,22234
2014-04-04 15:15:00,54.86,54.891999999999996,54.78,54.891999999999996,25657
2014-04-04 15:30:00,54.89,54.91,54.86,54.87,47845
2014-04-04 15:45:00,54.88,54.95,54.84,54.9,62906
2014-04-04 16:00:00,54.9,55.03,54.875,54.99,168756
2014-04-07 09:45:00,54.95,54.98,54.49,54.49,46674
2014-04-07 10:00:00,54.49,54.69,54.48,54.68,19676
2014-04-07 10:15:00,54.68,54.6999,54.48,54.6,32017
2014-04-07 10:30:00,54.6,54.61,54.5,54.58,25104
2014-04-07 10:45:00,54.56,54.71,54.52,54.65,19292
2014-04-07 11:00:00,54.65,54.67,54.59,54.63,17921
2014-04-07 11:15:00,54.64,54.74,54.61,54.73,20306
2014-04-07 11:30:00,54.73,54.73,54.51,54.515,18778
2014-04-07 11:45:00,54.52,54.56,54.5,54.53,37550
2014-04-07 12:00:00,54.54,54.54,54.5,54.52,21901
2014-04-07 12:15:00,54.51,54.56,54.49,54.51,25460
2014-04-07 12:30:00,54.5,54.55,54.48,54.5,25098
2014-04-07 12:45:00,54.5,54.57,54.47,54.56,30623
2014-04-07 13:00:00,54.55,54.61,54.55,54.5799,13563
2014-04-07 13:15:00,54.58,54.59,54.44,54.53,22887
2014-04-07 13:30:00,54.54,54.58,54.45,54.49,20114
2014-04-07 13:45:00,54.5,54.57,54.47,54.5,41109
2014-04-07 14:00:00,54.5,54.5,54.43,54.46,32969
2014-04-07 14:15:00,54.46,54.53,54.44,54.48,24563
2014-04-07 14:30:00,54.49,54.54,54.31,54.35,138886
2014-04-07 14:45:00,54.35,54.56,54.33,54.55,44880
2014-04-07 15:00:00,54.56,54.78,54.52,54.74,26977
2014-04-07 15:15:00,54.74,54.76,54.65,54.7261,30158
2014-04-07 15:30:00,54.71,54.75,54.67,54.72,23186
2014-04-07 15:45:00,54.74,54.76,54.53,54.53,48342
2014-04-07 16:00:00,54.52,54.55,54.46,54.53,119181
2014-04-08 09:45:00,54.52,54.81,54.52,54.81,25727
2014-04-08 10:00:00,54.82,54.85,54.73,54.8,19457
2014-04-08 10:15:00,54.78,54.89,54.73,54.77,19900
2014-04-08 10:30:00,54.77,54.833999999999996,54.67,54.67,33024
2014-04-08 10:45:00,54.68,54.94,54.66,54.91,34365
2014-04-08 11:00:00,54.91,55.05,54.87,54.98,39913
2014-04-08 11:15:00,54.96,55.03,54.92,54.96,23728
2014-04-08 11:30:00,54.97,55.09,54.95,55.005,30063
2014-04-08 11:45:00,54.99,55.055,54.9,54.92,80375
2014-04-08 12:00:00,54.92,54.99,54.885,54.96,56279
2014-04-08 12:15:00,54.96,55.03,54.93,55.03,31003
2014-04-08 12:30:00,55.02,55.04,54.98,55.02,29209
2014-04-08 12:45:00,55.01,55.01,54.9,54.91,38621
2014-04-08 13:00:00,54.91,54.93,54.87,54.87,90574
2014-04-08 13:15:00,54.85,54.85,54.69,54.72,41954
2014-04-08 13:30:00,54.73,54.93,54.71,54.92,22521
2014-04-08 13:45:00,54.92,54.92,54.87,54.88,22083
2014-04-08 14:00:00,54.89,54.92,54.8,54.92,27176
2014-04-08 14:15:00,54.93,54.95,54.82,54.85,21224
2014-04-08 14:30:00,54.85,54.86,54.71,54.73,30854
2014-04-08 14:45:00,54.72,54.74,54.58,54.6,24615
2014-04-08 15:00:00,54.6,54.72,54.59,54.69,30987
2014-04-08 15:15:00,54.69,54.69,54.59,54.63,45230
2014-04-08 15:30:00,54.62,54.67,54.59,54.65,47920
2014-04-08 15:45:00,54.64,54.67,54.57,54.57,67793
2014-04-08 16:00:00,54.57,54.66,54.55,54.55,170686
2014-04-09 09:45:00,54.72,55.04,54.71,54.77,39277
2014-04-09 10:00:00,54.79,54.9,54.66,54.86,15189
2014-04-09 10:15:00,54.86,54.9,54.79,54.84,16948
2014-04-09 10:30:00,54.85,55.04,54.84,54.93,24961
2014-04-09 10:45:00,54.94,54.99,54.88,54.96,13498
2014-04-09 11:00:00,54.9799,54.99,54.87,54.9,8883
2014-04-09 11:15:00,54.89,54.975,54.83,54.97,17072
2014-04-09 11:30:00,54.98,55.0254,54.93,54.95,21363
2014-04-09 11:45:00,54.95,54.95,54.83,54.84,21341
2014-04-09 12:00:00,54.85,54.9299,54.845,54.87,14122
2014-04-09 12:15:00,54.86,54.89,54.83,54.89,7502
2014-04-09 12:30:00,54.88,55.01,54.86,54.99,11518
2014-04-09 12:45:00,55.0,55.03,54.99,55.01,8100
2014-04-09 13:00:00,55.01,55.04,54.94,54.94,13368
2014-04-09 13:15:00,54.94,54.98,54.93,54.95,9737
2014-04-09 13:30:00,54.96,55.01,54.96,55.0,10100
2014-04-09 13:45:00,55.0,55.02,54.94,54.98,14947
2014-04-09 14:00:00,54.98,55.0,54.96,54.99,10212
2014-04-09 14:15:00,55.0,55.19,55.0,55.13,23270
2014-04-09 14:30:00,55.14,55.26,55.14,55.18,22467
2014-04-09 14:45:00,55.19,55.22,55.16,55.16,18529
2014-04-09 15:00:00,55.16,55.18,55.04,55.1,23489
2014-04-09 15:15:00,55.08,55.08,55.04,55.08,27871
2014-04-09 15:30:00,55.07,55.08,55.02,55.06,35505
2014-04-09 15:45:00,55.06,55.11,55.03,55.08,50956
2014-04-09 16:00:00,55.07,55.12,55.04,55.09,88522
2014-04-10 09:45:00,55.02,55.12,54.85,54.955,21919
2014-04-10 10:00:00,54.95,55.02,54.92,54.95,17482
2014-04-10 10:15:00,54.95,55.05,54.92,55.01,23368
2014-04-10 10:30:00,55.02,55.08,54.96,55.0601,18469
2014-04-10 10:45:00,55.09,55.17,55.075,55.1,22007
2014-04-10 11:00:00,55.09,55.12,54.92,54.92,18477
2014-04-10 11:15:00,54.91,54.92,54.82,54.91,13884
2014-04-10 11:30:00,54.9,54.97,54.87,54.9125,27936
2014-04-10 11:45:00,54.92,54.98,54.91,54.97,27077
2014-04-10 12:00:00,54.95,54.98,54.92,54.98,20669
2014-04-10 12:15:00,54.965,54.98,54.76,54.77,28826
2014-04-10 12:30:00,54.77,54.78,54.64,54.65,10368
2014-04-10 12:45:00,54.63,54.69,54.621,54.66,17400
2014-04-10 13:00:00,54.67,54.72,54.59,54.68,39062
2014-04-10 13:15:00,54.69,54.71,54.57,54.57,22002
2014-04-10 13:30:00,54.54,54.62,54.49,54.57,30042
2014-04-10 13:45:00,54.58,54.61,54.54,54.59,17368
2014-04-10 14:00:00,54.6,54.6,54.51,54.57,25094
2014-04-10 14:15:00,54.57,54.57,54.53,54.55,11223
2014-04-10 14:30:00,54.56,54.56,54.46,54.46,21909
2014-04-10 14:45:00,54.46,54.48,54.41,54.42,23040
2014-04-10 15:00:00,54.43,54.43,54.33,54.36,47846
2014-04-10 15:15:00,54.36,54.37,54.23,54.32,63022
2014-04-10 15:30:00,54.32,54.36,54.24,54.25,69519
2014-04-10 15:45:00,54.25,54.47,54.25,54.46,79965
2014-04-10 16:00:00,54.46,54.52,54.29,54.3,218327
2014-04-11 09:45:00,54.12,54.32,53.94,54.17,53197
2014-04-11 10:00:00,54.17,54.23,54.07,54.1,28413
2014-04-11 10:15:00,54.12,54.14,53.9,53.95,35771
2014-04-11 10:30:00,53.95,53.99,53.82,53.86,61934
2014-04-11 10:45:00,53.84,53.935,53.81,53.92,48619
2014-04-11 11:00:00,53.9,54.03,53.88,53.99,42336
2014-04-11 11:15:00,54.0,54.0,53.91,53.95,33469
2014-04-11 11:30:00,53.95,54.03,53.95,54.01,24551
2014-04-11 11:45:00,54.0,54.0,53.87,53.9,18620
2014-04-11 12:00:00,53.89,53.895,53.75,53.78,28906
2014-04-11 12:15:00,53.78,53.81,53.6,53.6,33117
2014-04-11 12:30:00,53.61,53.81,53.56,53.77,28838
2014-04-11 12:45:00,53.78,53.92,53.76,53.9,15300
2014-04-11 13:00:00,53.89,53.905,53.79,53.85,14344
2014-04-11 13:15:00,53.85,53.86,53.76,53.85,12959
2014-04-11 13:30:00,53.86,53.88,53.81,53.81,22539
2014-04-11 13:45:00,53.81,53.86,53.76,53.83,16402
2014-04-11 14:00:00,53.83,53.85,53.79,53.795,14539
2014-04-11 14:15:00,53.8,53.83,53.72,53.73,26844
2014-04-11 14:30:00,53.73,53.78,53.7,53.735,20728
2014-04-11 14:45:00,53.74,53.77,53.69,53.698,25123
2014-04-11 15:00:00,53.7,53.7,53.62,53.66,37331
2014-04-11 15:15:00,53.66,53.69,53.59,53.65,24893
2014-04-11 15:30:00,53.66,53.81,53.64,53.79,32845
2014-04-11 15:45:00,53.79,53.805,53.73,53.76,36692
2014-04-11 16:00:00,53.75,53.75,53.59,53.63,124053
2014-04-14 09:45:00,54.13,55.1699,53.78,53.86,48975
2014-04-14 10:00:00,53.87,53.88,53.78,53.83,21299
2014-04-14 10:15:00,53.83,53.86,53.7,53.82,38615
2014-04-14 10:30:00,53.81,53.85,53.7,53.71,18045
2014-04-14 10:45:00,53.68,53.86,53.68,53.86,22767
2014-04-14 11:00:00,53.88,54.02,53.8,53.94,74912
2014-04-14 11:15:00,53.94,54.01,53.81,53.93,69037
2014-04-14 11:30:00,53.93,53.98,53.78,53.78,30551
2014-04-14 11:45:00,53.78,53.925,53.775,53.92,18874
2014-04-14 12:00:00,53.92,53.9294,53.82,53.82,17086
2014-04-14 12:15:00,53.81,53.855,53.79,53.83,13882
2014-04-14 12:30:00,53.84,53.86,53.735,53.76,26577
2014-04-14 12:45:00,53.76,53.84,53.75,53.76,19561
2014-04-14 13:00:00,53.77,53.83,53.76,53.81,18990
2014-04-14 13:15:00,53.8,53.8,53.68,53.68,16472
2014-04-14 13:30:00,53.67,53.675,53.53,53.59,30946
2014-04-14 13:45:00,53.61,53.65,53.59,53.595,22599
2014-04-14 14:00:00,53.6,53.648999999999994,53.59,53.648999999999994,12027
2014-04-14 14:15:00,53.65,53.73,53.63,53.7,22097
2014-04-14 14:30:00,53.7,53.71,53.56,53.57,19474
2014-04-14 14:45:00,53.57,53.62,53.5401,53.61,14659
2014-04-14 15:00:00,53.61,53.65,53.57,53.57,19166
2014-04-14 15:15:00,53.57,53.57,53.31,53.32,34814
2014-04-14 15:30:00,53.34,53.41,53.335,53.39,44758
2014-04-14 15:45:00,53.39,53.51,53.38,53.51,74175
2014-04-14 16:00:00,53.53,53.68,53.525,53.66,122934
2014-04-15 09:45:00,53.45,53.86,53.45,53.86,55334
2014-04-15 10:00:00,53.86,54.07,53.77,53.815,40209
2014-04-15 10:15:00,53.82,53.87,53.65,53.66,27269
2014-04-15 10:30:00,53.64,53.69,53.31,53.31,37597
2014-04-15 10:45:00,53.3,53.515,53.23,53.42,24198
2014-04-15 11:00:00,53.41,53.42,53.25,53.35,54747
2014-04-15 11:15:00,53.33,53.34,53.22,53.23,27846
2014-04-15 11:30:00,53.23,53.29,53.21,53.23,24999
2014-04-15 11:45:00,53.23,53.3,53.105,53.11,53828
2014-04-15 12:00:00,53.11,53.12,53.01,53.08,28093
2014-04-15 12:15:00,53.08,53.1,52.91,53.08,40212
2014-04-15 12:30:00,53.07,53.14,53.04,53.14,13519
2014-04-15 12:45:00,53.13,53.16,53.1,53.1,15921
2014-04-15 13:00:00,53.11,53.11,52.97,53.01,16384
2014-04-15 13:15:00,53.0,53.03,52.93,53.03,22350
2014-04-15 13:30:00,53.04,53.08,52.98,53.03,24507
2014-04-15 13:45:00,53.0302,53.13,53.02,53.08,52465
2014-04-15 14:00:00,53.08,53.11,53.03,53.09,53904
2014-04-15 14:15:00,53.09,53.19,53.09,53.17,61721
2014-04-15 14:30:00,53.18,53.27,53.12,53.26,44554
2014-04-15 14:45:00,53.26,53.5,53.26,53.5,45229
2014-04-15 15:00:00,53.506,53.58,53.49,53.53,49498
2014-04-15 15:15:00,53.53,53.56,53.44,53.545,43731
2014-04-15 15:30:00,53.54,53.57,53.49,53.57,100417
2014-04-15 15:45:00,53.575,53.575,53.44,53.45,61826
2014-04-15 16:00:00,53.45,53.5,53.435,53.48,135177
2014-04-16 09:45:00,53.89,54.02,53.6,53.92,57198
2014-04-16 10:00:00,53.895,53.98,53.849,53.95,26700
2014-04-16 10:15:00,53.95,53.97,53.87,53.95399999999999,20262
2014-04-16 10:30:00,53.95,54.005,53.93,53.93,23441
2014-04-16 10:45:00,53.92,53.99,53.89,53.92,17000
2014-04-16 11:00:00,53.92,53.95,53.87,53.9,19100
2014-04-16 11:15:00,53.89,53.92,53.84,53.92,18999
2014-04-16 11:30:00,53.92,53.97,53.89,53.92,21301
2014-04-16 11:45:00,53.915,53.94,53.88,53.9,18076
2014-04-16 12:00:00,53.89,53.96,53.87,53.87,24475
2014-04-16 12:15:00,53.86,53.99,53.86,53.93,24391
2014-04-16 12:30:00,53.93,54.0,53.93,53.96,17260
2014-04-16 12:45:00,53.97,53.97,53.87,53.95,12405
2014-04-16 13:00:00,53.95,53.95,53.8,53.8,15850
2014-04-16 13:15:00,53.82,53.88,53.805,53.88,13299
2014-04-16 13:30:00,53.88,53.97,53.83,53.87,26776
2014-04-16 13:45:00,53.86,53.86,53.76,53.83,28152
2014-04-16 14:00:00,53.82,53.9,53.815,53.875,17172
2014-04-16 14:15:00,53.87,53.89,53.8056,53.876999999999995,11859
2014-04-16 14:30:00,53.87,53.89,53.76,53.85,17965
2014-04-16 14:45:00,53.86,53.9,53.84,53.87,15586
2014-04-16 15:00:00,53.87,53.9,53.84,53.89,26118
2014-04-16 15:15:00,53.9,53.91,53.83,53.8527,19515
2014-04-16 15:30:00,53.86,53.89,53.83,53.86,21689
2014-04-16 15:45:00,53.87,53.87,53.82,53.85,31578
2014-04-16 16:00:00,53.84,53.88,53.8,53.85,123787
2014-04-17 09:45:00,53.91,54.09,53.87,53.88,61434
2014-04-17 10:00:00,53.88,53.93,53.72,53.78,33861
2014-04-17 10:15:00,53.8,53.86,53.76,53.86,81692
2014-04-17 10:30:00,53.87,54.11,53.78,54.09,68979
2014-04-17 10:45:00,54.11,54.295,54.06,54.19,67938
2014-04-17 11:00:00,54.19,54.38,54.185,54.28,40610
2014-04-17 11:15:00,54.28,54.41,54.25,54.4,48179
2014-04-17 11:30:00,54.39,54.43,54.32,54.385,57512
2014-04-17 11:45:00,54.39,54.5,54.33,54.445,80928
2014-04-17 12:00:00,54.44,54.56,54.4,54.4,78084
2014-04-17 12:15:00,54.41,54.42,54.32,54.41,28288
2014-04-17 12:30:00,54.4044,54.47,54.38,54.42,34134
2014-04-17 12:45:00,54.42,54.55,54.37,54.52,44714
2014-04-17 13:00:00,54.525,54.71,54.52,54.7,35338
2014-04-17 13:15:00,54.7,55.0,54.65,54.99,92546
2014-04-17 13:30:00,54.98,55.05,54.78,54.93,129336
2014-04-17 13:45:00,54.92,54.9601,54.75,54.96,64502
2014-04-17 14:00:00,54.96,55.02,54.91,54.98,41193
2014-04-17 14:15:00,54.97,54.98,54.76,54.76,25142
2014-04-17 14:30:00,54.7601,54.78,54.69,54.7,34253
2014-04-17 14:45:00,54.7,54.7,54.53,54.6,43222
2014-04-17 15:00:00,54.6,54.66,54.54,54.6,56466
2014-04-17 15:15:00,54.6,54.68,54.58,54.61,40824
2014-04-17 15:30:00,54.61,54.7,54.595,54.69,50315
2014-04-17 15:45:00,54.69,54.79,54.63,54.78,124152
2014-04-17 16:00:00,54.77,54.775,54.56,54.61,311894
2014-04-21 09:45:00,56.07,56.91,54.27,54.77,152896
2014-04-21 10:00:00,54.82,55.38,54.36,55.31,108131
2014-04-21 10:15:00,55.28,55.43,54.755,55.11,77062
2014-04-21 10:30:00,55.111000000000004,55.49100000000001,55.09,55.18,50147
2014-04-21 10:45:00,55.18,55.35,55.06,55.32,93576
2014-04-21 11:00:00,55.31,55.48,55.18,55.28,36568
2014-04-21 11:15:00,55.26,55.36,55.17,55.22,34303
2014-04-21 11:30:00,55.21,55.295,55.18,55.2,27028
2014-04-21 11:45:00,55.2,55.24,54.94,55.2267,47957
2014-04-21 12:00:00,55.21,55.21,54.998999999999995,55.13,33038
2014-04-21 12:15:00,55.125,55.29,55.04,55.095,23270
2014-04-21 12:30:00,55.0801,55.0801,54.94,55.02,31942
2014-04-21 12:45:00,54.99,55.05,54.98,55.02,22386
2014-04-21 13:00:00,55.035,55.05,54.98,55.02,28160
2014-04-21 13:15:00,55.01,55.03,54.979,55.01,16538
2014-04-21 13:30:00,55.01,55.11,55.0,55.0,15326
2014-04-21 13:45:00,55.018,55.129,55.0,55.0,16249
2014-04-21 14:00:00,55.02,55.14,54.97,54.99,27788
2014-04-21 14:15:00,55.0,55.14,54.99,55.12,25033
2014-04-21 14:30:00,55.11,55.17,55.02,55.06,23986
2014-04-21 14:45:00,55.05,55.155,55.015,55.08,28523
2014-04-21 15:00:00,55.06,55.29,55.04,55.23,33827
2014-04-21 15:15:00,55.24,55.48,55.2174,55.41,61776
2014-04-21 15:30:00,55.41,55.48,55.305,55.34,40773
2014-04-21 15:45:00,55.34,55.73,55.33,55.55,108644
2014-04-21 16:00:00,55.53,55.73,55.51,55.66,206309
2014-04-22 09:45:00,55.7,55.98,55.69,55.865,40735
2014-04-22 10:00:00,55.865,55.9,55.63,55.68,23149
2014-04-22 10:15:00,55.7,55.83,55.69,55.79,35756
2014-04-22 10:30:00,55.79,55.825,55.65,55.67,27909
2014-04-22 10:45:00,55.67,55.7097,55.53,55.55,33528
2014-04-22 11:00:00,55.55,55.55,55.5,55.511,22200
2014-04-22 11:15:00,55.5,55.6,55.5,55.6,19885
2014-04-22 11:30:00,55.6,55.68,55.58,55.6,18700
2014-04-22 11:45:00,55.62,55.62,55.5502,55.5502,17102
2014-04-22 12:00:00,55.56,55.57,55.415,55.45,24646
2014-04-22 12:15:00,55.45,55.58,55.45,55.56,16666
2014-04-22 12:30:00,55.56,55.56,55.465,55.465,13545
2014-04-22 12:45:00,55.47,55.49,55.43,55.45,14582
2014-04-22 13:00:00,55.45,55.56,55.42,55.53,18372
2014-04-22 13:15:00,55.53,55.565,55.48,55.49,11952
2014-04-22 13:30:00,55.48,55.53,55.45,55.49,16504
2014-04-22 13:45:00,55.48,55.53,55.42,55.42,21028
2014-04-22 14:00:00,55.44,55.44,55.38,55.39,18694
2014-04-22 14:15:00,55.38,55.3861,55.27,55.27,23113
2014-04-22 14:30:00,55.27,55.44,55.27,55.4155,23816
2014-04-22 14:45:00,55.42,55.45,55.38,55.45,17600
2014-04-22 15:00:00,55.45,55.47,55.36,55.4,46010
2014-04-22 15:15:00,55.4,55.44,55.31,55.31,31594
2014-04-22 15:30:00,55.32,55.45,55.28,55.29,41935
2014-04-22 15:45:00,55.3,55.38,55.29,55.325,70629
2014-04-22 16:00:00,55.33,55.34,55.265,55.3,135235
2014-04-23 09:45:00,55.41,55.58,55.19,55.19,25358
2014-04-23 10:00:00,55.17,55.17,54.99,54.99,21844
2014-04-23 10:15:00,55.01,55.11,54.95,54.99,41600
2014-04-23 10:30:00,54.99,54.99,54.86,54.89,63777
2014-04-23 10:45:00,54.88,54.98,54.81,54.98,49409
2014-04-23 11:00:00,54.97,55.11,54.97,55.11,61630
2014-04-23 11:15:00,55.12,55.22,54.99,55.14,137896
2014-04-23 11:30:00,55.15,55.15,54.98,55.035,74003
2014-04-23 11:45:00,55.04,55.14,54.94,54.955,54759
2014-04-23 12:00:00,54.96,55.03,54.95,55.01,41261
2014-04-23 12:15:00,55.01,55.01,54.915,54.915,42205
2014-04-23 12:30:00,54.91,55.03,54.89,54.98,60577
2014-04-23 12:45:00,54.99,55.04,54.96,54.97,39882
2014-04-23 13:00:00,54.96,54.96,54.87,54.87,19351
2014-04-23 13:15:00,54.86,54.87,54.68,54.68,59916
2014-04-23 13:30:00,54.68,55.0,54.68,54.97,166275
2014-04-23 13:45:00,54.95,55.03,54.94,54.995,73669
2014-04-23 14:00:00,55.0,55.0,54.97,54.975,45174
2014-04-23 14:15:00,54.98,55.0,54.92,54.92,85182
2014-04-23 14:30:00,54.92,54.985,54.78,54.8,116671
2014-04-23 14:45:00,54.82,54.835,54.765,54.825,61767
2014-04-23 15:00:00,54.83,54.92,54.81,54.9,43104
2014-04-23 15:15:00,54.9,54.93,54.89,54.93,39142
2014-04-23 15:30:00,54.92,55.0,54.92,55.0,51289
2014-04-23 15:45:00,55.0,55.04,54.95,55.0,81773
2014-04-23 16:00:00,55.01,55.04,54.98,55.04,181373
2014-04-24 09:45:00,55.19,55.22,54.76,55.0,64893
2014-04-24 10:00:00,54.95,55.06,54.94,55.0,31962
2014-04-24 10:15:00,55.0,55.07,54.96,55.04,16834
2014-04-24 10:30:00,55.0622,55.18,55.06,55.18,12553
2014-04-24 10:45:00,55.1581,55.18,55.14,55.152,8696
2014-04-24 11:00:00,55.17,55.28,55.15,55.28,23029
2014-04-24 11:15:00,55.28,55.35,55.25,55.35,17405
2014-04-24 11:30:00,55.33,55.34,55.25,55.34,16374
2014-04-24 11:45:00,55.35,55.39,55.3,55.3,15858
2014-04-24 12:00:00,55.3,55.33,55.2948,55.33,12065
2014-04-24 12:15:00,55.33,55.34,55.26,55.26,19579
2014-04-24 12:30:00,55.24,55.24,55.18,55.1888,10318
2014-04-24 12:45:00,55.2,55.21,55.18,55.2,16949
2014-04-24 13:00:00,55.2,55.3,55.2,55.3,12216
2014-04-24 13:15:00,55.31,55.315,55.23,55.24,14003
2014-04-24 13:30:00,55.25,55.25,55.15,55.18,39338
2014-04-24 13:45:00,55.16,55.16,54.97,55.0,23189
2014-04-24 14:00:00,55.0,55.0,54.83,54.83,22469
2014-04-24 14:15:00,54.84,54.84,54.7501,54.8,41966
2014-04-24 14:30:00,54.81,54.82,54.7675,54.79,27454
2014-04-24 14:45:00,54.79,54.86,54.79,54.85,19026
2014-04-24 15:00:00,54.84,54.87,54.82,54.83,32172
2014-04-24 15:15:00,54.84,54.9,54.84,54.8799,28196
2014-04-24 15:30:00,54.88,54.91,54.88,54.897,26158
2014-04-24 15:45:00,54.9,54.9,54.83,54.86,38843
2014-04-24 16:00:00,54.87,54.95,54.85,54.95,78625
2014-04-25 09:45:00,54.91,55.22,54.78,55.04,37537
2014-04-25 10:00:00,55.04,55.05,54.7901,54.86,23389
2014-04-25 10:15:00,54.84,55.03,54.79,54.98,18009
2014-04-25 10:30:00,54.97,55.118,54.97,55.06,17772
2014-04-25 10:45:00,55.065,55.065,54.9,54.94,19300
2014-04-25 11:00:00,54.96,54.96,54.85,54.89,15659
2014-04-25 11:15:00,54.88,54.89,54.76,54.86,18658
2014-04-25 11:30:00,54.85,55.03,54.85,55.03,14344
2014-04-25 11:45:00,55.06,55.077,54.98,55.05,21293
2014-04-25 12:00:00,55.04,55.07,55.0,55.01,11052
2014-04-25 12:15:00,55.01,55.028,54.99,55.0,10163
2014-04-25 12:30:00,55.02,55.04,55.0,55.02,7542
2014-04-25 12:45:00,55.01,55.06,55.0,55.06,10349
2014-04-25 13:00:00,55.05,55.11,55.03,55.08,14350
2014-04-25 13:15:00,55.08,55.1,54.99,55.06,26987
2014-04-25 13:30:00,55.07,55.08,55.01,55.0212,9604
2014-04-25 13:45:00,55.01,55.02,54.97,55.0,14689
2014-04-25 14:00:00,55.0,55.01,54.97,54.99,22517
2014-04-25 14:15:00,54.99,55.0,54.89,54.9,16112
2014-04-25 14:30:00,54.9,54.9,54.84,54.845,16594
2014-04-25 14:45:00,54.84,54.87,54.76,54.77,33464
2014-04-25 15:00:00,54.76,54.83,54.755,54.77,50873
2014-04-25 15:15:00,54.765,54.8,54.7274,54.73,34570
2014-04-25 15:30:00,54.73,54.78,54.705,54.78,34495
2014-04-25 15:45:00,54.77,54.8,54.76,54.8,43028
2014-04-25 16:00:00,54.8,54.82,54.71,54.72,125921
2014-04-28 09:45:00,54.99,55.23,54.74,54.85,36015
2014-04-28 10:00:00,54.85,55.12,54.82,55.09,30919
2014-04-28 10:15:00,55.105,55.3575,55.1,55.3,27002
2014-04-28 10:30:00,55.31,55.638000000000005,55.31,55.57,118242
2014-04-28 10:45:00,55.5701,55.63,55.49,55.63,26877
2014-04-28 11:00:00,55.63,55.68,55.61,55.65,61950
2014-04-28 11:15:00,55.659,55.73,55.53,55.53,53285
2014-04-28 11:30:00,55.53,55.56,55.498999999999995,55.54,55320
2014-04-28 11:45:00,55.53,55.62,55.53,55.61,38508
2014-04-28 12:00:00,55.6,55.62,55.5,55.52,40967
2014-04-28 12:15:00,55.51,55.55,55.47,55.54,53147
2014-04-28 12:30:00,55.53,55.605,55.515,55.595,41428
2014-04-28 12:45:00,55.59,55.61,55.5,55.5,64225
2014-04-28 13:00:00,55.51,55.53,55.5,55.5,31672
2014-04-28 13:15:00,55.5,55.5,55.29,55.3,43704
2014-04-28 13:30:00,55.29,55.31,55.17,55.25,60964
2014-04-28 13:45:00,55.26,55.28,55.1,55.11,55248
2014-04-28 14:00:00,55.12,55.17,55.05,55.07,38664
2014-04-28 14:15:00,55.075,55.18,54.98,55.18,50988
2014-04-28 14:30:00,55.17,55.301,55.16,55.269,24929
2014-04-28 14:45:00,55.27,55.28,55.16,55.1625,29055
2014-04-28 15:00:00,55.165,55.32,55.155,55.2,34790
2014-04-28 15:15:00,55.2,55.54,55.19,55.54,52834
2014-04-28 15:30:00,55.54,55.84,55.5,55.805,104463
2014-04-28 15:45:00,55.8,55.94,55.8,55.9,165721
2014-04-28 16:00:00,55.9,55.905,55.66,55.68,191459
2014-04-29 09:45:00,55.32,55.5,55.1801,55.33,80060
2014-04-29 10:00:00,55.34,55.41,55.29,55.29,20683
2014-04-29 10:15:00,55.25,55.3,55.155,55.17,22997
2014-04-29 10:30:00,55.16,55.16,54.95,55.0125,33279
2014-04-29 10:45:00,55.01,55.16,55.01,55.12,22500
2014-04-29 11:00:00,55.13,55.2,55.12,55.2,19055
2014-04-29 11:15:00,55.21,55.25,55.16,55.17,17142
2014-04-29 11:30:00,55.17,55.24,55.16,55.225,13265
2014-04-29 11:45:00,55.23,55.235,55.21,55.23,14900
2014-04-29 12:00:00,55.215,55.26,55.185,55.2254,40049
2014-04-29 12:15:00,55.23,55.28,55.22,55.26,14644
2014-04-29 12:30:00,55.26,55.31,55.23,55.29,13926
2014-04-29 12:45:00,55.29,55.35,55.28,55.28,9020
2014-04-29 13:00:00,55.285,55.29,55.19,55.2501,74535
2014-04-29 13:15:00,55.26,55.26,55.22,55.23,13872
2014-04-29 13:30:00,55.22,55.22,55.1001,55.12,16657
2014-04-29 13:45:00,55.12,55.12,55.05,55.05,10993
2014-04-29 14:00:00,55.04,55.05,55.01,55.035,45122
2014-04-29 14:15:00,55.05,55.05,55.015,55.015,13941
2014-04-29 14:30:00,55.01,55.1,55.01,55.085,22612
2014-04-29 14:45:00,55.09,55.165,55.09,55.165,17582
2014-04-29 15:00:00,55.165,55.2,55.15,55.195,18744
2014-04-29 15:15:00,55.21,55.25,55.21,55.23,26596
2014-04-29 15:30:00,55.23,55.26,55.22,55.26,25651
2014-04-29 15:45:00,55.26,55.26,55.17,55.2,47062
2014-04-29 16:00:00,55.19,55.225,55.15,55.19,102219
2014-04-30 09:45:00,55.13,55.26,55.01,55.14,20700
2014-04-30 10:00:00,55.18,55.2675,54.96,55.0,21654
2014-04-30 10:15:00,55.0,55.0,54.83,54.87,27210
2014-04-30 10:30:00,54.88,54.95,54.825,54.87,31016
2014-04-30 10:45:00,54.87,54.885,54.82,54.885,27441
2014-04-30 11:00:00,54.89,54.95,54.87,54.915,24127
2014-04-30 11:15:00,54.91,54.92,54.75,54.75,24850
2014-04-30 11:30:00,54.75,54.75,54.65,54.7,27796
2014-04-30 11:45:00,54.695,54.9,54.695,54.875,53708
2014-04-30 12:00:00,54.88,54.95,54.87,54.91,24568
2014-04-30 12:15:00,54.91,54.93,54.89,54.91,15495
2014-04-30 12:30:00,54.92,54.97,54.91,54.97,22309
2014-04-30 12:45:00,54.97,55.2,54.96,55.15,51851
2014-04-30 13:00:00,55.16,55.16,55.1,55.1,26283
2014-04-30 13:15:00,55.12,55.14,55.08,55.11,21216
2014-04-30 13:30:00,55.11,55.13,55.09,55.1,19222
2014-04-30 13:45:00,55.1,55.19,55.08,55.16,29445
2014-04-30 14:00:00,55.16,55.21,55.15,55.2,15388
2014-04-30 14:15:00,55.2,55.34,55.11,55.16,41699
2014-04-30 14:30:00,55.16,55.26,55.14,55.21,28694
2014-04-30 14:45:00,55.22,55.2525,55.17,55.175,21715
2014-04-30 15:00:00,55.17,55.31,55.17,55.25,41953
2014-04-30 15:15:00,55.25,55.25,55.15,55.16,42118
2014-04-30 15:30:00,55.15,55.2,55.13,55.18,52052
2014-04-30 15:45:00,55.19,55.24,55.18,55.24,54439
2014-04-30 16:00:00,55.248000000000005,55.27,55.15,55.25,166897
2014-05-01 09:45:00,55.14,55.406000000000006,55.14,55.38,26311
2014-05-01 10:00:00,55.4199,55.46,55.28,55.28,15291
2014-05-01 10:15:00,55.31,55.435,55.2,55.37,12376
2014-05-01 10:30:00,55.35,55.39,55.23,55.36,12687
2014-05-01 10:45:00,55.36,55.6,55.32,55.6,29013
2014-05-01 11:00:00,55.58,55.62,55.55,55.58,26138
2014-05-01 11:15:00,55.59,55.62,55.57,55.61,12446
2014-05-01 11:30:00,55.61,55.845,55.61,55.84,37112
2014-05-01 11:45:00,55.84,55.935,55.84,55.87,14580
2014-05-01 12:00:00,55.87,55.87,55.78,55.78,11112
2014-05-01 12:15:00,55.778,55.83,55.77,55.82,6206
2014-05-01 12:30:00,55.82,55.83,55.78,55.83,9962
2014-05-01 12:45:00,55.83,55.835,55.74,55.7424,12200
2014-05-01 13:00:00,55.74,55.76,55.69,55.75,7013
2014-05-01 13:15:00,55.75,55.77,55.72,55.74,14796
2014-05-01 13:30:00,55.74,55.745,55.64,55.65,16564
2014-05-01 13:45:00,55.65,55.69,55.63,55.69,16656
2014-05-01 14:00:00,55.69,55.695,55.58,55.6,18307
2014-05-01 14:15:00,55.6,55.69,55.6,55.66,20919
2014-05-01 14:30:00,55.67,55.7,55.65,55.7,13555
2014-05-01 14:45:00,55.695,55.71,55.65,55.65,17689
2014-05-01 15:00:00,55.66,55.69,55.58,55.6,19953
2014-05-01 15:15:00,55.59,55.6,55.53,55.59,16158
2014-05-01 15:30:00,55.6,55.67,55.6,55.655,26982
2014-05-01 15:45:00,55.65,55.66,55.62,55.65,40677
2014-05-01 16:00:00,55.65,55.69,55.61,55.67,76774
2014-05-02 09:45:00,55.77,55.9699,55.72,55.84,33583
2014-05-02 10:00:00,55.85,55.94,55.79,55.803000000000004,11880
2014-05-02 10:15:00,55.85,55.99,55.81,55.98,15488
2014-05-02 10:30:00,55.98,56.03,55.93,56.01,17527
2014-05-02 10:45:00,56.02,56.11,55.99,55.99,19633
2014-05-02 11:00:00,55.99,56.03,55.9,55.95,14600
2014-05-02 11:15:00,55.95,56.02,55.93,55.93,13402
2014-05-02 11:30:00,55.925,55.97,55.82,55.83,14939
2014-05-02 11:45:00,55.8342,55.86,55.71,55.71,12160
2014-05-02 12:00:00,55.722,55.8,55.72,55.76,7487
2014-05-02 12:15:00,55.778999999999996,55.778999999999996,55.72,55.76,10330
2014-05-02 12:30:00,55.768,55.79,55.755,55.76,5252
2014-05-02 12:45:00,55.755,55.8,55.74,55.77,15428
2014-05-02 13:00:00,55.77,55.81,55.77,55.78,12712
2014-05-02 13:15:00,55.79,55.8,55.74,55.74,7843
2014-05-02 13:30:00,55.74,55.77,55.71,55.73,6998
2014-05-02 13:45:00,55.73,55.84,55.73,55.801,17491
2014-05-02 14:00:00,55.81,55.84,55.81,55.82,12012
2014-05-02 14:15:00,55.81,55.81,55.72,55.75,8312
2014-05-02 14:30:00,55.76,55.78,55.75,55.77,5799
2014-05-02 14:45:00,55.77,55.83,55.76,55.805,14797
2014-05-02 15:00:00,55.805,55.805,55.76,55.77,8878
2014-05-02 15:15:00,55.77,55.81,55.763000000000005,55.81,13512
2014-05-02 15:30:00,55.81,55.84,55.69,55.72,33618
2014-05-02 15:45:00,55.71,55.77,55.7,55.77,23453
2014-05-02 16:00:00,55.78,55.81,55.735,55.78,78181
2014-05-05 09:45:00,55.5,55.63,55.17,55.22,44858
2014-05-05 10:00:00,55.21,55.33,55.12,55.33,13674
2014-05-05 10:15:00,55.33,55.42,55.33,55.42,12720
2014-05-05 10:30:00,55.42,55.51,55.38,55.39,20996
2014-05-05 10:45:00,55.41,55.59,55.33,55.57,17421
2014-05-05 11:00:00,55.57,55.638999999999996,55.52,55.59,11621
2014-05-05 11:15:00,55.59,55.6,55.47,55.49,20321
2014-05-05 11:30:00,55.49,55.49,55.4206,55.43,8864
2014-05-05 11:45:00,55.47,55.55,55.45,55.45,13309
2014-05-05 12:00:00,55.45,55.49,55.37,55.37,23551
2014-05-05 12:15:00,55.37,55.4,55.35,55.35,15299
2014-05-05 12:30:00,55.37,55.49,55.37,55.46,18067
2014-05-05 12:45:00,55.46,55.52,55.46,55.5,11199
2014-05-05 13:00:00,55.5,55.51,55.44,55.44,12488
2014-05-05 13:15:00,55.45,55.45,55.38,55.38,11691
2014-05-05 13:30:00,55.38,55.38,55.32,55.32,15997
2014-05-05 13:45:00,55.34,55.37,55.31,55.37,8735
2014-05-05 14:00:00,55.38,55.45,55.38,55.41,6994
2014-05-05 14:15:00,55.41,55.45,55.38,55.42,15030
2014-05-05 14:30:00,55.44,55.45,55.41,55.44,12308
2014-05-05 14:45:00,55.435,55.51,55.4198,55.5,19708
2014-05-05 15:00:00,55.5,55.65,55.49,55.64,73941
2014-05-05 15:15:00,55.63,55.63,55.58,55.58,24135
2014-05-05 15:30:00,55.58,55.63,55.57,55.61,41538
2014-05-05 15:45:00,55.62,55.66,55.55,55.59,55685
2014-05-05 16:00:00,55.59,55.64,55.49,55.52,124738
2014-05-06 09:45:00,55.42,55.62,55.39,55.51,21471
2014-05-06 10:00:00,55.48,55.66,55.45,55.66,11250
2014-05-06 10:15:00,55.67,55.69,55.486000000000004,55.67,16582
2014-05-06 10:30:00,55.69,55.83,55.66,55.815,14328
2014-05-06 10:45:00,55.83,55.94,55.83,55.92,12959
2014-05-06 11:00:00,55.91,55.96,55.8,55.8,20172
2014-05-06 11:15:00,55.78,55.83,55.69,55.79,24474
2014-05-06 11:30:00,55.79,55.82,55.76,55.82,10318
2014-05-06 11:45:00,55.81,55.86,55.79,55.82,12600
2014-05-06 12:00:00,55.825,55.87,55.775,55.81,15060
2014-05-06 12:15:00,55.8,55.83,55.765,55.795,40956
2014-05-06 12:30:00,55.79,55.8,55.72,55.731,15352
2014-05-06 12:45:00,55.731,55.78,55.71,55.73,20946
2014-05-06 13:00:00,55.72,55.72,55.63,55.63,8420
2014-05-06 13:15:00,55.65,55.67,55.61,55.62,16458
2014-05-06 13:30:00,55.63,55.68,55.61,55.65,11514
2014-05-06 13:45:00,55.64,55.665,55.59,55.59,14937
2014-05-06 14:00:00,55.58,55.606,55.5401,55.55,17662
2014-05-06 14:15:00,55.55,55.6,55.51,55.58,14134
2014-05-06 14:30:00,55.58,55.63,55.54,55.57,10257
2014-05-06 14:45:00,55.55,55.57,55.51,55.53,11936
2014-05-06 15:00:00,55.54,55.55,55.5,55.5294,13025
2014-05-06 15:15:00,55.5,55.54,55.44,55.52,17600
2014-05-06 15:30:00,55.52,55.56,55.51,55.53,21622
2014-05-06 15:45:00,55.54,55.61,55.5,55.52,31504
2014-05-06 16:00:00,55.52,55.52,55.36,55.4,97479
2014-05-07 09:45:00,55.34,55.73,55.34,55.59,23213
2014-05-07 10:00:00,55.59,55.63,55.43,55.43,23710
2014-05-07 10:15:00,55.402,55.54,55.13,55.13,20184
2014-05-07 10:30:00,55.1,55.4,55.07,55.2995,37571
2014-05-07 10:45:00,55.31,55.44,55.23,55.3354,19311
2014-05-07 11:00:00,55.36,55.42,55.34,55.39,22536
2014-05-07 11:15:00,55.38,55.46,55.32,55.45,31651
2014-05-07 11:30:00,55.45,55.456,55.26,55.29,16921
2014-05-07 11:45:00,55.28,55.42,55.28,55.4,23091
2014-05-07 12:00:00,55.43,55.46,55.36,55.36,30980
2014-05-07 12:15:00,55.37,55.4,55.34,55.38,10787
2014-05-07 12:30:00,55.37,55.41,55.36,55.38,12629
2014-05-07 12:45:00,55.37,55.4,55.35,55.35,12853
2014-05-07 13:00:00,55.35,55.39,55.32,55.333999999999996,9715
2014-05-07 13:15:00,55.33,55.36,55.26,55.31,8088
2014-05-07 13:30:00,55.31,55.35,55.28,55.28,6164
2014-05-07 13:45:00,55.3,55.36,55.26,55.31,9694
2014-05-07 14:00:00,55.3,55.31,55.19,55.19,10541
2014-05-07 14:15:00,55.18,55.315,55.17,55.25,13358
2014-05-07 14:30:00,55.28,55.35,55.27,55.32,18138
2014-05-07 14:45:00,55.315,55.32,55.28,55.28,23461
2014-05-07 15:00:00,55.28,55.31,55.21,55.29,18659
2014-05-07 15:15:00,55.28,55.31,55.25,55.29,21457
2014-05-07 15:30:00,55.29,55.32,55.23,55.31,31879
2014-05-07 15:45:00,55.3,55.35,55.28,55.3,67133
2014-05-07 16:00:00,55.3,55.35,55.27,55.35,176162
2014-05-08 09:45:00,55.28,55.6,55.01,55.5,26969
2014-05-08 10:00:00,55.5,55.54,55.39,55.46,25555
2014-05-08 10:15:00,55.47,55.65,55.47,55.6,42410
2014-05-08 10:30:00,55.605,55.62,55.49,55.49,16648
2014-05-08 10:45:00,55.5,55.54,55.41,55.43,16084
2014-05-08 11:00:00,55.44,55.48,55.38,55.41,11863
2014-05-08 11:15:00,55.41,55.51,55.38,55.46,20703
2014-05-08 11:30:00,55.49,55.5,55.41,55.4993,14548
2014-05-08 11:45:00,55.5,55.5,55.46,55.465,15216
2014-05-08 12:00:00,55.496,55.516000000000005,55.47,55.49,15888
2014-05-08 12:15:00,55.489,55.51,55.43,55.44,10696
2014-05-08 12:30:00,55.44,55.49,55.43,55.49,8100
2014-05-08 12:45:00,55.5,55.51,55.44,55.465,13814
2014-05-08 13:00:00,55.468,55.49,55.38,55.4,11700
2014-05-08 13:15:00,55.4,55.41,55.35,55.41,40059
2014-05-08 13:30:00,55.41,55.43,55.32,55.4151,14263
2014-05-08 13:45:00,55.45,55.49,55.437,55.47,35343
2014-05-08 14:00:00,55.45,55.47,55.4,55.44,15031
2014-05-08 14:15:00,55.435,55.435,55.325,55.36,21649
2014-05-08 14:30:00,55.35,55.4,55.31,55.4,16645
2014-05-08 14:45:00,55.39,55.43,55.29,55.3,20303
2014-05-08 15:00:00,55.28,55.28,55.15,55.17,18584
2014-05-08 15:15:00,55.16,55.18,55.09,55.16,11674
2014-05-08 15:30:00,55.17,55.34,55.1688,55.28,49263
2014-05-08 15:45:00,55.28,55.31,55.21,55.24,21026
2014-05-08 16:00:00,55.25,55.27,55.2,55.27,66633
2014-05-09 09:45:00,55.18,55.31,55.01,55.0775,28871
2014-05-09 10:00:00,55.06,55.26,55.06,55.12,11487
2014-05-09 10:15:00,55.12,55.35,55.06,55.33,14281
2014-05-09 10:30:00,55.36,55.45,55.3,55.32,19151
2014-05-09 10:45:00,55.32,55.3701,55.244,55.28,15881
2014-05-09 11:00:00,55.28,55.34,55.22,55.34,8050
2014-05-09 11:15:00,55.33,55.34,55.27,55.28,8088
2014-05-09 11:30:00,55.275,55.43,55.275,55.32,26148
2014-05-09 11:45:00,55.34,55.41,55.325,55.355,13148
2014-05-09 12:00:00,55.35,55.36,55.3,55.36,24991
2014-05-09 12:15:00,55.3668,55.37,55.3,55.35,10216
2014-05-09 12:30:00,55.35,55.43,55.35,55.39,11618
2014-05-09 12:45:00,55.39,55.47,55.37,55.42,22242
2014-05-09 13:00:00,55.42,55.48,55.41,55.43,12857
2014-05-09 13:15:00,55.42,55.55,55.42,55.53,21885
2014-05-09 13:30:00,55.55,55.56,55.49,55.49,7224
2014-05-09 13:45:00,55.52,55.53,55.45,55.45,8820
2014-05-09 14:00:00,55.45,55.45,55.38,55.42,11331
2014-05-09 14:15:00,55.4,55.44,55.38,55.38,48245
2014-05-09 14:30:00,55.37,55.37,55.3,55.32,8922
2014-05-09 14:45:00,55.32,55.39,55.32,55.32,7900
2014-05-09 15:00:00,55.31,55.38,55.31,55.37,18357
2014-05-09 15:15:00,55.37,55.42,55.365,55.41,31630
2014-05-09 15:30:00,55.41,55.41,55.32,55.4,24620
2014-05-09 15:45:00,55.4,55.42,55.36,55.405,19289
2014-05-09 16:00:00,55.41,55.45,55.385,55.42,77168
2014-05-12 09:45:00,55.67,56.02,55.43,55.6,39145
2014-05-12 10:00:00,55.63,55.95,55.61,55.93,16108
2014-05-12 10:15:00,55.96,56.05,55.95,56.03,18453
2014-05-12 10:30:00,56.04,56.055,55.78,55.83,25859
2014-05-12 10:45:00,55.79,55.91,55.79,55.84,19028
2014-05-12 11:00:00,55.84,55.91,55.71,55.72,50569
2014-05-12 11:15:00,55.73,55.9,55.73,55.83,21877
2014-05-12 11:30:00,55.84,55.88,55.8399,55.85,46705
2014-05-12 11:45:00,55.86,55.87,55.84,55.87,28422
2014-05-12 12:00:00,55.85,55.86,55.77,55.77,31945
2014-05-12 12:15:00,55.79,55.795,55.742,55.77,21371
2014-05-12 12:30:00,55.76,55.81,55.72,55.76,18775
2014-05-12 12:45:00,55.75,55.75,55.59,55.598,25258
2014-05-12 13:00:00,55.595,55.6,55.54,55.575,21709
2014-05-12 13:15:00,55.57,55.64,55.56,55.63,19444
2014-05-12 13:30:00,55.63,55.67,55.63,55.665,14669
2014-05-12 13:45:00,55.66,55.67,55.62,55.62,22415
2014-05-12 14:00:00,55.61,55.6499,55.6,55.61,32960
2014-05-12 14:15:00,55.61,55.65,55.61,55.635,35567
2014-05-12 14:30:00,55.635,55.635,55.54,55.54,22278
2014-05-12 14:45:00,55.55,55.58,55.54,55.58,16299
2014-05-12 15:00:00,55.58,55.65,55.56,55.64,26852
2014-05-12 15:15:00,55.64,55.65,55.58,55.61,31183
2014-05-12 15:30:00,55.61,55.61,55.56,55.61,24961
2014-05-12 15:45:00,55.605,55.63,55.56,55.6,51570
2014-05-12 16:00:00,55.605,55.62,55.55,55.6,113591
2014-05-13 09:45:00,55.53,55.7225,55.53,55.68,51401
2014-05-13 10:00:00,55.68,55.76,55.55,55.56,15224
2014-05-13 10:15:00,55.6,55.65,55.56,55.58,20255
2014-05-13 10:30:00,55.59,55.68,55.57,55.65,25671
2014-05-13 10:45:00,55.65,55.67,55.63,55.64,23891
2014-05-13 11:00:00,55.63,55.66,55.6,55.63,17066
2014-05-13 11:15:00,55.64,55.66,55.62,55.66,19300
2014-05-13 11:30:00,55.64,55.65,55.58,55.63,12644
2014-05-13 11:45:00,55.63,55.63,55.53,55.55,14160
2014-05-13 12:00:00,55.55,55.55,55.48,55.52,17601
2014-05-13 12:15:00,55.5,55.51,55.44,55.4601,13992
2014-05-13 12:30:00,55.461999999999996,55.475,55.41,55.445,13915
2014-05-13 12:45:00,55.45,55.46,55.43,55.46,10202
2014-05-13 13:00:00,55.46,55.58,55.46,55.56,10621
2014-05-13 13:15:00,55.58,55.6,55.565,55.58,9749
2014-05-13 13:30:00,55.59,55.66,55.58,55.65,16091
2014-05-13 13:45:00,55.64,55.66,55.54,55.57,18208
2014-05-13 14:00:00,55.56,55.56,55.51,55.51,12907
2014-05-13 14:15:00,55.52,55.55,55.52,55.54,13933
2014-05-13 14:30:00,55.545,55.55,55.48,55.48,14449
2014-05-13 14:45:00,55.48,55.5725,55.48,55.57,15204
2014-05-13 15:00:00,55.56399999999999,55.56399999999999,55.5,55.5399,13798
2014-05-13 15:15:00,55.54,55.54,55.485,55.49,19860
2014-05-13 15:30:00,55.49,55.5,55.47,55.4925,22959
2014-05-13 15:45:00,55.5,55.54,55.498999999999995,55.54,33874
2014-05-13 16:00:00,55.53,55.54,55.25,55.5,148209
2014-05-14 09:45:00,55.27,55.49,55.12,55.32,29421
2014-05-14 10:00:00,55.35,55.46,55.29,55.46,16770
2014-05-14 10:15:00,55.46,55.57,55.43,55.46,15198
2014-05-14 10:30:00,55.47,55.48,55.3,55.41,19439
2014-05-14 10:45:00,55.42,55.44,55.28,55.33,27358
2014-05-14 11:00:00,55.34,55.45,55.29,55.4,14486
2014-05-14 11:15:00,55.41,55.42,55.3,55.33,12873
2014-05-14 11:30:00,55.34,55.37,55.31,55.35,7970
2014-05-14 11:45:00,55.35,55.42,55.35,55.41,9208
2014-05-14 12:00:00,55.41,55.45,55.35,55.35,10903
2014-05-14 12:15:00,55.35,55.38,55.35,55.37,12548
2014-05-14 12:30:00,55.37,55.38,55.32,55.36,11657
2014-05-14 12:45:00,55.35,55.42,55.35,55.4,11216
2014-05-14 13:00:00,55.4,55.4,55.34,55.38,17885
2014-05-14 13:15:00,55.37,55.42,55.36,55.395,17020
2014-05-14 13:30:00,55.39,55.4,55.33,55.35,12742
2014-05-14 13:45:00,55.34,55.37,55.285,55.3,24340
2014-05-14 14:00:00,55.29600000000001,55.31,55.27,55.2899,8422
2014-05-14 14:15:00,55.28,55.29,55.23,55.24,10853
2014-05-14 14:30:00,55.23,55.26,55.2,55.22,13209
2014-05-14 14:45:00,55.226000000000006,55.24,55.09,55.09,13684
2014-05-14 15:00:00,55.1,55.115,55.06,55.07,16806
2014-05-14 15:15:00,55.07,55.07,55.0,55.01,17214
2014-05-14 15:30:00,55.01,55.03,54.98,55.02,16141
2014-05-14 15:45:00,55.02,55.025,54.91,54.989,30523
2014-05-14 16:00:00,54.99,55.0,54.91,54.95,76129
2014-05-15 09:45:00,54.98,55.0,54.48,54.59,41096
2014-05-15 10:00:00,54.57,54.59,54.31,54.42,25550
2014-05-15 10:15:00,54.41,54.41,53.9504,53.9504,68659
2014-05-15 10:30:00,53.96,54.13,53.925,54.03,38400
2014-05-15 10:45:00,54.025,54.1,53.92,54.085,31252
2014-05-15 11:00:00,54.09,54.1,53.96,53.98,31079
2014-05-15 11:15:00,53.986000000000004,54.01,53.93,53.95,25148
2014-05-15 11:30:00,53.93,53.94,53.781000000000006,53.79,19854
2014-05-15 11:45:00,53.78,53.81,53.76,53.78,40333
2014-05-15 12:00:00,53.8,53.8,53.68,53.68,19485
2014-05-15 12:15:00,53.68,53.8,53.68,53.74,25040
2014-05-15 12:30:00,53.76,53.76,53.64,53.7,15783
2014-05-15 12:45:00,53.69,53.71,53.65,53.65,24988
2014-05-15 13:00:00,53.65,53.75,53.645,53.72,20555
2014-05-15 13:15:00,53.74,53.75,53.68,53.69,22425
2014-05-15 13:30:00,53.71,53.71,53.64,53.65,25819
2014-05-15 13:45:00,53.66,53.68,53.58,53.5901,40228
2014-05-15 14:00:00,53.6,53.61,53.58,53.6,52545
2014-05-15 14:15:00,53.6,53.7375,53.59,53.7175,122993
2014-05-15 14:30:00,53.715,53.8,53.68,53.76,42913
2014-05-15 14:45:00,53.77,53.85,53.77,53.82,153086
2014-05-15 15:00:00,53.82,53.9,53.7901,53.88,97095
2014-05-15 15:15:00,53.88,53.91,53.83,53.89,28859
2014-05-15 15:30:00,53.89,53.9,53.82,53.85,25807
2014-05-15 15:45:00,53.85,54.04,53.81,54.04,100447
2014-05-15 16:00:00,54.04,54.05,53.96,54.04,205326
2014-05-16 09:45:00,53.9,54.25,53.59,54.21,82150
2014-05-16 10:00:00,54.2,54.31,54.12,54.31,21106
2014-05-16 10:15:00,54.32,54.365,54.03,54.05,24111
2014-05-16 10:30:00,54.08,54.15,54.02,54.05,14383
2014-05-16 10:45:00,54.04,54.2,54.03,54.18,13225
2014-05-16 11:00:00,54.18,54.21,54.17,54.18,12016
2014-05-16 11:15:00,54.18,54.25,54.15,54.24,12340
2014-05-16 11:30:00,54.24,54.28,54.19,54.2,15888
2014-05-16 11:45:00,54.2,54.28,54.17,54.17,10256
2014-05-16 12:00:00,54.1693,54.1693,54.08,54.12,17746
2014-05-16 12:15:00,54.12,54.12,54.01,54.05,10508
2014-05-16 12:30:00,54.05,54.05,53.97,53.99,14486
2014-05-16 12:45:00,53.99,54.0,53.94,53.95,9825
2014-05-16 13:00:00,53.96,53.96,53.9,53.95,13233
2014-05-16 13:15:00,53.95,53.96,53.89,53.89,12755
2014-05-16 13:30:00,53.89,54.01,53.88,53.94,11306
2014-05-16 13:45:00,53.94,53.995,53.9,53.9,18239
2014-05-16 14:00:00,53.9,53.9,53.83,53.85,17775
2014-05-16 14:15:00,53.84,53.84,53.78,53.8,21320
2014-05-16 14:30:00,53.8112,53.88,53.8112,53.88,17317
2014-05-16 14:45:00,53.873999999999995,53.93,53.87,53.93,13856
2014-05-16 15:00:00,53.93,54.06,53.916000000000004,54.06,9985
2014-05-16 15:15:00,54.07,54.15,54.07,54.14,16794
2014-05-16 15:30:00,54.13,54.13,54.07,54.0799,24117
2014-05-16 15:45:00,54.08,54.18,54.08,54.18,30789
2014-05-16 16:00:00,54.18,54.22,54.16,54.2,80357
2014-05-19 09:45:00,53.86,54.2399,53.82,54.2399,57171
2014-05-19 10:00:00,54.19,54.32,54.19,54.29,24339
2014-05-19 10:15:00,54.31,54.34,54.21,54.23,25442
2014-05-19 10:30:00,54.23,54.25,54.15,54.15,25910
2014-05-19 10:45:00,54.15,54.1649,54.0501,54.08,25306
2014-05-19 11:00:00,54.09,54.09,53.91,53.94,23275
2014-05-19 11:15:00,53.938,54.14,53.93,54.13,20027
2014-05-19 11:30:00,54.14,54.17,54.03,54.11,27854
2014-05-19 11:45:00,54.105,54.1199,54.03,54.03,10268
2014-05-19 12:00:00,54.02,54.03,53.92,53.93,11950
2014-05-19 12:15:00,53.92,53.99,53.89,53.99,22132
2014-05-19 12:30:00,53.98,54.05,53.98,54.04,13632
2014-05-19 12:45:00,54.0428,54.0428,53.92,54.01,28639
2014-05-19 13:00:00,54.01,54.01,53.96,53.965,8165
2014-05-19 13:15:00,53.97,53.98,53.92,53.93,19160
2014-05-19 13:30:00,53.9254,53.93,53.86,53.865,13463
2014-05-19 13:45:00,53.87,53.87,53.77,53.81,14742
2014-05-19 14:00:00,53.81,53.89,53.785,53.88,25009
2014-05-19 14:15:00,53.88,53.91,53.875,53.881,11056
2014-05-19 14:30:00,53.89,53.98,53.88,53.9601,24316
2014-05-19 14:45:00,53.965,53.98,53.9401,53.97,16872
2014-05-19 15:00:00,53.96,53.985,53.93,53.93,19023
2014-05-19 15:15:00,53.94,53.95,53.931000000000004,53.95,10990
2014-05-19 15:30:00,53.95,53.95,53.86,53.88,32908
2014-05-19 15:45:00,53.88,53.97,53.88,53.91,36816
2014-05-19 16:00:00,53.91,53.92,53.855,53.87,91902
2014-05-20 09:45:00,53.73,53.85,53.6,53.6365,27375
2014-05-20 10:00:00,53.63,53.63,53.5004,53.54,26762
2014-05-20 10:15:00,53.54,53.64,53.53,53.63,26331
2014-05-20 10:30:00,53.63,53.68,53.55,53.58,21967
2014-05-20 10:45:00,53.58,53.68,53.57,53.67,14458
2014-05-20 11:00:00,53.66,53.72,53.62,53.69,9665
2014-05-20 11:15:00,53.69,53.69,53.58,53.5801,10253
2014-05-20 11:30:00,53.59,53.6,53.52,53.52,13511
2014-05-20 11:45:00,53.51,53.53,53.435,53.455,18149
2014-05-20 12:00:00,53.45,53.45,53.37,53.37,16700
2014-05-20 12:15:00,53.35,53.35,53.17,53.18,31028
2014-05-20 12:30:00,53.18,53.26,53.16,53.18,9283
2014-05-20 12:45:00,53.18,53.21,53.14,53.19,12008
2014-05-20 13:00:00,53.19,53.285,53.19,53.28,8714
2014-05-20 13:15:00,53.27,53.295,53.236999999999995,53.236999999999995,9259
2014-05-20 13:30:00,53.22,53.26,53.2,53.26,8967
2014-05-20 13:45:00,53.26,53.295,53.15,53.16,14927
2014-05-20 14:00:00,53.17,53.19,53.14,53.16,13765
2014-05-20 14:15:00,53.17,53.27,53.17,53.23,12025
2014-05-20 14:30:00,53.22,53.32,53.21,53.28,9733
2014-05-20 14:45:00,53.28,53.29,53.22,53.27,19589
2014-05-20 15:00:00,53.27,53.32,53.26,53.29,10542
2014-05-20 15:15:00,53.295,53.39,53.29,53.34,16365
2014-05-20 15:30:00,53.33,53.385,53.325,53.33,14321
2014-05-20 15:45:00,53.33,53.465,53.325,53.43,29054
2014-05-20 16:00:00,53.44,53.44,53.325,53.35,74131
2014-05-21 09:45:00,53.43,53.6399,53.43,53.46,38169
2014-05-21 10:00:00,53.47,53.54,53.42,53.52,24629
2014-05-21 10:15:00,53.54,53.6,53.51,53.56,10779
2014-05-21 10:30:00,53.56,53.6,53.49,53.51,28831
2014-05-21 10:45:00,53.525,53.541000000000004,53.37,53.4,34860
2014-05-21 11:00:00,53.43,53.51,53.41,53.45,30380
2014-05-21 11:15:00,53.43,53.5312,53.4,53.52,12221
2014-05-21 11:30:00,53.52,53.555,53.51,53.53,22906
2014-05-21 11:45:00,53.54,53.57,53.41,53.44,12127
2014-05-21 12:00:00,53.44,53.44,53.34,53.35,15604
2014-05-21 12:15:00,53.35,53.38,53.18,53.22,36577
2014-05-21 12:30:00,53.22,53.335,53.18,53.33,32305
2014-05-21 12:45:00,53.33,53.41,53.33,53.37,12996
2014-05-21 13:00:00,53.36,53.41,53.33,53.4,10819
2014-05-21 13:15:00,53.4,53.46,53.4,53.42,12670
2014-05-21 13:30:00,53.42,53.47,53.39,53.47,8249
2014-05-21 13:45:00,53.47,53.54,53.4689,53.54,5528
2014-05-21 14:00:00,53.54,53.57,53.51,53.54,11008
2014-05-21 14:15:00,53.54,53.65,53.49,53.52,15082
2014-05-21 14:30:00,53.53,53.6,53.51,53.6,14825
2014-05-21 14:45:00,53.6022,53.685,53.58,53.66,9105
2014-05-21 15:00:00,53.65,53.66,53.63,53.635,8399
2014-05-21 15:15:00,53.63,53.77,53.62,53.7623,9684
2014-05-21 15:30:00,53.77,53.81,53.76,53.78,20691
2014-05-21 15:45:00,53.79,53.82,53.7,53.7,28336
2014-05-21 16:00:00,53.705,53.74,53.66,53.71,62447
2014-05-22 09:45:00,53.64,53.82,53.59,53.8,75465
2014-05-22 10:00:00,53.84,53.96,53.84,53.87,22579
2014-05-22 10:15:00,53.89,53.9,53.73,53.73,38242
2014-05-22 10:30:00,53.76,53.85,53.72,53.72,13578
2014-05-22 10:45:00,53.78,53.83,53.74,53.75,10454
2014-05-22 11:00:00,53.76,53.83,53.75,53.8,10904
2014-05-22 11:15:00,53.81,53.83,53.74,53.8,6964
2014-05-22 11:30:00,53.8,53.83,53.76,53.81,60097
2014-05-22 11:45:00,53.82,53.83,53.76,53.8151,19178
2014-05-22 12:00:00,53.82,53.83,53.79,53.81,11043
2014-05-22 12:15:00,53.8,53.83,53.76,53.79,19746
2014-05-22 12:30:00,53.78,53.8,53.74,53.77,6798
2014-05-22 12:45:00,53.79,53.8,53.77,53.8,7593
2014-05-22 13:00:00,53.8,53.8,53.73,53.74,8270
2014-05-22 13:15:00,53.74,53.77,53.74,53.76,6835
2014-05-22 13:30:00,53.77,53.8,53.77,53.8,16300
2014-05-22 13:45:00,53.8,53.8,53.785,53.8,10996
2014-05-22 14:00:00,53.8,53.82,53.8,53.81,14999
2014-05-22 14:15:00,53.81,53.81,53.79,53.79,11079
2014-05-22 14:30:00,53.788999999999994,53.8,53.78,53.79,13055
2014-05-22 14:45:00,53.785,53.79,53.75,53.78,18463
2014-05-22 15:00:00,53.778999999999996,53.8,53.778999999999996,53.8,12301
2014-05-22 15:15:00,53.8,53.8,53.75,53.75,13247
2014-05-22 15:30:00,53.7519,53.79,53.75,53.788999999999994,15671
2014-05-22 15:45:00,53.79,53.8,53.74,53.75,25227
2014-05-22 16:00:00,53.76,53.76,53.69,53.7,44212
2014-05-23 09:45:00,53.59,53.79,53.5,53.61,21682
2014-05-23 10:00:00,53.66,53.68,53.59,53.68,10091
2014-05-23 10:15:00,53.68,53.87,53.68,53.82,26758
2014-05-23 10:30:00,53.83,53.85,53.79,53.84,12348
2014-05-23 10:45:00,53.8401,53.86,53.82,53.83,12789
2014-05-23 11:00:00,53.832,53.87,53.8,53.85,30882
2014-05-23 11:15:00,53.85,53.85,53.77,53.8,10691
2014-05-23 11:30:00,53.81,53.815,53.7667,53.7667,11081
2014-05-23 11:45:00,53.78,53.815,53.74,53.815,8361
2014-05-23 12:00:00,53.82,53.845,53.75,53.81,24597
2014-05-23 12:15:00,53.82,53.82,53.77,53.77,35692
2014-05-23 12:30:00,53.76,53.76,53.73,53.73,7017
2014-05-23 12:45:00,53.73,53.81,53.73,53.81,7089
2014-05-23 13:00:00,53.81,53.81,53.77,53.77,7246
2014-05-23 13:15:00,53.77,53.79,53.75,53.76,5467
2014-05-23 13:30:00,53.75,53.79,53.74,53.79,11703
2014-05-23 13:45:00,53.8,53.81,53.77,53.78,19975
2014-05-23 14:00:00,53.7846,53.8,53.78,53.78,18728
2014-05-23 14:15:00,53.78,53.8,53.78,53.79,21048
2014-05-23 14:30:00,53.78,53.79,53.76,53.79,18396
2014-05-23 14:45:00,53.7825,53.8,53.775,53.785,21663
2014-05-23 15:00:00,53.78,53.83,53.77,53.7925,45260
2014-05-23 15:15:00,53.8,53.875,53.79,53.8,79634
2014-05-23 15:30:00,53.8,53.835,53.795,53.8,36809
2014-05-23 15:45:00,53.79,53.84,53.785,53.8,60735
2014-05-23 16:00:00,53.81,53.88,53.8,53.85,209120
2014-05-27 09:45:00,53.9,53.9,53.51,53.69,45882
2014-05-27 10:00:00,53.7189,53.7189,53.58,53.62,31325
2014-05-27 10:15:00,53.62,53.68,53.57,53.64,32582
2014-05-27 10:30:00,53.67,53.73,53.62,53.65,26493
2014-05-27 10:45:00,53.66,53.66,53.56,53.59,15266
2014-05-27 11:00:00,53.59,53.61,53.51,53.56,21861
2014-05-27 11:15:00,53.57,53.6399,53.54,53.55,69362
2014-05-27 11:30:00,53.55,53.56,53.475,53.51,21622
2014-05-27 11:45:00,53.51,53.62,53.51,53.55,65772
2014-05-27 12:00:00,53.54,53.57,53.52,53.53,16754
2014-05-27 12:15:00,53.53,53.53,53.44,53.48,34197
2014-05-27 12:30:00,53.48,53.48,53.34,53.34,19259
2014-05-27 12:45:00,53.37,53.39,53.31,53.31,21660
2014-05-27 13:00:00,53.31,53.35,53.27,53.28,21648
2014-05-27 13:15:00,53.27,53.275,53.21,53.22,32076
2014-05-27 13:30:00,53.22,53.31,53.21,53.305,36721
2014-05-27 13:45:00,53.31,53.33,53.16,53.24,48154
2014-05-27 14:00:00,53.24,53.49,53.24,53.41,27748
2014-05-27 14:15:00,53.41,53.46,53.3,53.33,26300
2014-05-27 14:30:00,53.34,53.51,53.33,53.5,26290
2014-05-27 14:45:00,53.49,53.5,53.42,53.46,24872
2014-05-27 15:00:00,53.47,53.485,53.41,53.48,29306
2014-05-27 15:15:00,53.47,53.553999999999995,53.47,53.55,37645
2014-05-27 15:30:00,53.55,53.555,53.46,53.48,32040
2014-05-27 15:45:00,53.475,53.52,53.44,53.51,48520
2014-05-27 16:00:00,53.51,53.56,53.47,53.53,213901
2014-05-28 09:45:00,53.51,53.51,53.05,53.17,52205
2014-05-28 10:00:00,53.19,53.29,53.17,53.22,30607
2014-05-28 10:15:00,53.217,53.36,53.15,53.3,40603
2014-05-28 10:30:00,53.29,53.59,53.29,53.585,35026
2014-05-28 10:45:00,53.589,53.66,53.55,53.55,31019
2014-05-28 11:00:00,53.54,53.54,53.4886,53.5,48008
2014-05-28 11:15:00,53.5025,53.52,53.47,53.475,43259
2014-05-28 11:30:00,53.48,53.5,53.46,53.47,30072
2014-05-28 11:45:00,53.4744,53.49,53.45,53.45,20337
2014-05-28 12:00:00,53.4777,53.5,53.46,53.48,34870
2014-05-28 12:15:00,53.48,53.5,53.47,53.48,28901
2014-05-28 12:30:00,53.48,53.485,53.4,53.425,10694
2014-05-28 12:45:00,53.43,53.57,53.42,53.5,80030
2014-05-28 13:00:00,53.5,53.5,53.46,53.465,6223
2014-05-28 13:15:00,53.46,53.4899,53.45,53.48,10110
2014-05-28 13:30:00,53.46,53.5,53.46,53.49,7167
2014-05-28 13:45:00,53.49,53.505,53.47,53.48,9495
2014-05-28 14:00:00,53.48,53.55,53.46,53.47,69301
2014-05-28 14:15:00,53.48,53.48,53.45,53.48,11667
2014-05-28 14:30:00,53.47,53.5,53.47,53.48,13429
2014-05-28 14:45:00,53.47,53.485,53.45,53.45,13004
2014-05-28 15:00:00,53.46,53.49,53.45,53.4799,16308
2014-05-28 15:15:00,53.4777,53.49,53.46,53.49,18352
2014-05-28 15:30:00,53.48,53.495,53.46,53.46,36999
2014-05-28 15:45:00,53.46,53.48,53.43,53.44,25901
2014-05-28 16:00:00,53.435,53.48,53.37,53.39,82746
2014-05-29 09:45:00,53.31,53.52,53.3,53.45,36321
2014-05-29 10:00:00,53.44,53.46,53.36,53.45,17710
2014-05-29 10:15:00,53.45,53.46,53.29,53.31,19970
2014-05-29 10:30:00,53.3,53.3,53.21,53.25,16197
2014-05-29 10:45:00,53.25,53.28,53.22,53.24,26595
2014-05-29 11:00:00,53.24,53.28,53.19,53.2,23810
2014-05-29 11:15:00,53.19,53.19,53.095,53.14,30324
2014-05-29 11:30:00,53.14,53.15,53.06,53.12,37948
2014-05-29 11:45:00,53.12,53.15,53.095,53.095,46855
2014-05-29 12:00:00,53.1,53.13,53.02,53.05,42491
2014-05-29 12:15:00,53.05,53.2013,53.045,53.2013,44418
2014-05-29 12:30:00,53.21,53.23,53.185,53.22,12644
2014-05-29 12:45:00,53.21,53.265,53.21,53.26,11124
2014-05-29 13:00:00,53.255,53.28,53.22,53.245,15231
2014-05-29 13:15:00,53.24,53.27,53.23,53.2375,25157
2014-05-29 13:30:00,53.23,53.25,53.21,53.23,60618
2014-05-29 13:45:00,53.24,53.325,53.23,53.325,7166
2014-05-29 14:00:00,53.33,53.4,53.33,53.38,15418
2014-05-29 14:15:00,53.38,53.395,53.36,53.38,14047
2014-05-29 14:30:00,53.385,53.4,53.36,53.4,11624
2014-05-29 14:45:00,53.4,53.41,53.34,53.3744,34973
2014-05-29 15:00:00,53.38,53.39,53.34,53.36,20022
2014-05-29 15:15:00,53.3565,53.39,53.355,53.37,27329
2014-05-29 15:30:00,53.38,53.4,53.34,53.39,47724
2014-05-29 15:45:00,53.39,53.41,53.37,53.39,29748
2014-05-29 16:00:00,53.385,53.39,53.29,53.35,115768
2014-05-30 09:45:00,53.48,53.71,53.41,53.62,39787
2014-05-30 10:00:00,53.62,53.71,53.6,53.71,39046
2014-05-30 10:15:00,53.72,53.84,53.7,53.74,53255
2014-05-30 10:30:00,53.745,53.76,53.63,53.63,17350
2014-05-30 10:45:00,53.68,53.69,53.57,53.62,12775
2014-05-30 11:00:00,53.6,53.66,53.6,53.63,14662
2014-05-30 11:15:00,53.64,53.665,53.53,53.55,61198
2014-05-30 11:30:00,53.54,53.66,53.54,53.585,11262
2014-05-30 11:45:00,53.59,53.66,53.58,53.66,10641
2014-05-30 12:00:00,53.63,53.68,53.55,53.55,25937
2014-05-30 12:15:00,53.55,53.62,53.505,53.505,11544
2014-05-30 12:30:00,53.51,53.51,53.39,53.39,30118
2014-05-30 12:45:00,53.41,53.48,53.37,53.48,7700
2014-05-30 13:00:00,53.48,53.54,53.47,53.48,10040
2014-05-30 13:15:00,53.5,53.545,53.46,53.545,12108
2014-05-30 13:30:00,53.55,53.55,53.46,53.5,16824
2014-05-30 13:45:00,53.49,53.49,53.42,53.44,14340
2014-05-30 14:00:00,53.45,53.52,53.45,53.4801,13957
2014-05-30 14:15:00,53.48,53.61,53.48,53.6,17833
2014-05-30 14:30:00,53.59,53.6375,53.59,53.6,18724
2014-05-30 14:45:00,53.6,53.625,53.57,53.61,23295
2014-05-30 15:00:00,53.61,53.62,53.56,53.56,17397
2014-05-30 15:15:00,53.56,53.61,53.55,53.6,21351
2014-05-30 15:30:00,53.61,53.61,53.56,53.59,24188
2014-05-30 15:45:00,53.6,53.655,53.555,53.6,37035
2014-05-30 16:00:00,53.6,53.75,53.58,53.7,180449
2014-06-02 09:45:00,53.56,53.69,52.83,52.83,83811
2014-06-02 10:00:00,52.83,52.83,52.51,52.74,100285
2014-06-02 10:15:00,52.74,52.78,52.25,52.25,103322
2014-06-02 10:30:00,52.25,52.36,52.085,52.32,95611
2014-06-02 10:45:00,52.33,52.51,52.32,52.37,40749
2014-06-02 11:00:00,52.361999999999995,52.485,52.361999999999995,52.435,25833
2014-06-02 11:15:00,52.43,52.6,52.42,52.57,34883
2014-06-02 11:30:00,52.57,52.67,52.52,52.57,34216
2014-06-02 11:45:00,52.57,52.59,52.46,52.5,27970
2014-06-02 12:00:00,52.515,52.56,52.47,52.53,27907
2014-06-02 12:15:00,52.525,52.56,52.45,52.51,57198
2014-06-02 12:30:00,52.515,52.55,52.498000000000005,52.525,16662
2014-06-02 12:45:00,52.53,52.6,52.48,52.59,29873
2014-06-02 13:00:00,52.59,52.59,52.47,52.49,40623
2014-06-02 13:15:00,52.49,52.6,52.47,52.59,15120
2014-06-02 13:30:00,52.59,52.67,52.55,52.67,16174
2014-06-02 13:45:00,52.67,52.68,52.52,52.52,28074
2014-06-02 14:00:00,52.51,52.6,52.5,52.6,13076
2014-06-02 14:15:00,52.59,52.68,52.555,52.555,21559
2014-06-02 14:30:00,52.56,52.61,52.54,52.602,30797
2014-06-02 14:45:00,52.6,52.61,52.49,52.49,25325
2014-06-02 15:00:00,52.49,52.5,52.43,52.5,31133
2014-06-02 15:15:00,52.5,52.515,52.42,52.42,33028
2014-06-02 15:30:00,52.42,52.51,52.36,52.36,69015
2014-06-02 15:45:00,52.36,52.36,52.18,52.23,84556
2014-06-02 16:00:00,52.23,52.27,52.13,52.17,216623
2014-06-03 09:45:00,52.17,52.23,52.0,52.12,34987
2014-06-03 10:00:00,52.13,52.13,52.07,52.075,18946
2014-06-03 10:15:00,52.08,52.13,52.0,52.055,23188
2014-06-03 10:30:00,52.05,52.06,51.94,51.94,22665
2014-06-03 10:45:00,51.94,51.97,51.89,51.9,20194
2014-06-03 11:00:00,51.9,51.9,51.735,51.778,25680
2014-06-03 11:15:00,51.77,51.78,51.67,51.68,41524
2014-06-03 11:30:00,51.68,51.69,51.61,51.615,65043
2014-06-03 11:45:00,51.61,51.61,51.48,51.5,74364
2014-06-03 12:00:00,51.495,51.52,51.385,51.4401,111911
2014-06-03 12:15:00,51.45,51.61,51.31,51.42,221489
2014-06-03 12:30:00,51.45,51.597,51.4482,51.5,44261
2014-06-03 12:45:00,51.498000000000005,51.498000000000005,51.275,51.32,54239
2014-06-03 13:00:00,51.31,51.31,51.24,51.26,40458
2014-06-03 13:15:00,51.258,51.4,51.235,51.36,41120
2014-06-03 13:30:00,51.36,51.42,51.32,51.42,88884
2014-06-03 13:45:00,51.42,51.42,51.325,51.335,39674
2014-06-03 14:00:00,51.33,51.42,51.31,51.406000000000006,62070
2014-06-03 14:15:00,51.41,51.41,51.33,51.36,48985
2014-06-03 14:30:00,51.36,51.45,51.35,51.39,99174
2014-06-03 14:45:00,51.385,51.42,51.3,51.42,67048
2014-06-03 15:00:00,51.42,51.43,51.33,51.33,50085
2014-06-03 15:15:00,51.33,51.4,51.26,51.4,65665
2014-06-03 15:30:00,51.39,51.3999,51.34,51.35,59863
2014-06-03 15:45:00,51.35,51.41,51.29,51.36,150840
2014-06-03 16:00:00,51.35,51.51,51.31,51.48,250749
2014-06-04 09:45:00,51.35,51.88399999999999,51.0791,51.87,163066
2014-06-04 10:00:00,51.88,52.06,51.81,52.06,29822
2014-06-04 10:15:00,52.0554,52.13,51.85,52.01,53940
2014-06-04 10:30:00,52.01,52.07,51.95,52.0,30493
2014-06-04 10:45:00,51.99,52.01,51.9336,51.97,27481
2014-06-04 11:00:00,51.97,52.01,51.94,51.99,27309
2014-06-04 11:15:00,52.0,52.03,51.95,51.98,26476
2014-06-04 11:30:00,51.98,52.0,51.93,51.945,85416
2014-06-04 11:45:00,51.94,51.95,51.68,51.7,61809
2014-06-04 12:00:00,51.71,51.72,51.64,51.65,25971
2014-06-04 12:15:00,51.66,51.8,51.655,51.66,31097
2014-06-04 12:30:00,51.66,51.795,51.57,51.76,29461
2014-06-04 12:45:00,51.77,51.8,51.71,51.79,11973
2014-06-04 13:00:00,51.8,51.87,51.8,51.86,29960
2014-06-04 13:15:00,51.86,51.9,51.8,51.8986,31714
2014-06-04 13:30:00,51.9,52.025,51.9,52.01,42191
2014-06-04 13:45:00,52.01,52.01,51.86,51.96,19041
2014-06-04 14:00:00,51.9593,51.98,51.8675,51.96,20856
2014-06-04 14:15:00,51.97,51.99,51.94,51.9875,20014
2014-06-04 14:30:00,51.98,51.99,51.91,51.96,23457
2014-06-04 14:45:00,51.965,52.0,51.94,51.97,30170
2014-06-04 15:00:00,51.97,51.98,51.92,51.95,20435
2014-06-04 15:15:00,51.95,52.07,51.941,52.07,28638
2014-06-04 15:30:00,52.065,52.07,51.98,51.98,39160
2014-06-04 15:45:00,51.98,52.07,51.98,52.06,64872
2014-06-04 16:00:00,52.07,52.12,52.05,52.09,152426
2014-06-05 09:45:00,52.29,52.31,51.95,52.0,30491
2014-06-05 10:00:00,52.0,52.07,51.95,52.02,13147
2014-06-05 10:15:00,52.02,52.11,51.94,51.97,13520
2014-06-05 10:30:00,51.97,52.1,51.8269,52.08,21690
2014-06-05 10:45:00,52.08,52.27,51.98,52.23,35241
2014-06-05 11:00:00,52.23,52.29,52.15,52.16,31142
2014-06-05 11:15:00,52.15,52.36,52.13,52.35,15287
2014-06-05 11:30:00,52.35,52.3734,52.28,52.28,13658
2014-06-05 11:45:00,52.28,52.335,52.27,52.32,10667
2014-06-05 12:00:00,52.3,52.37,52.24,52.27,52481
2014-06-05 12:15:00,52.29,52.37,52.27,52.37,11939
2014-06-05 12:30:00,52.37,52.41,52.32,52.37,8521
2014-06-05 12:45:00,52.38,52.445,52.35,52.43,8985
2014-06-05 13:00:00,52.43,52.44,52.37,52.3899,19646
2014-06-05 13:15:00,52.39,52.49,52.39,52.46,11632
2014-06-05 13:30:00,52.47,52.47,52.35,52.37,9425
2014-06-05 13:45:00,52.37,52.42,52.37,52.39,13221
2014-06-05 14:00:00,52.4,52.42,52.38,52.39,10730
2014-06-05 14:15:00,52.39,52.42,52.38,52.39,13009
2014-06-05 14:30:00,52.39,52.43,52.37,52.38,17263
2014-06-05 14:45:00,52.38,52.42,52.37,52.42,16510
2014-06-05 15:00:00,52.415,52.415,52.35,52.3599,15102
2014-06-05 15:15:00,52.36,52.43,52.35,52.43,19888
2014-06-05 15:30:00,52.44,52.465,52.4101,52.445,22735
2014-06-05 15:45:00,52.44,52.45,52.35,52.375,38827
2014-06-05 16:00:00,52.37,52.46,52.36,52.44,163378
2014-06-06 09:45:00,52.32,52.44,52.2935,52.34,50108
2014-06-06 10:00:00,52.4,52.428000000000004,52.335,52.4,15300
2014-06-06 10:15:00,52.4,52.48,52.22,52.22,94783
2014-06-06 10:30:00,52.22,52.33,52.18,52.31,39872
2014-06-06 10:45:00,52.31,52.4,52.29,52.38,11146
2014-06-06 11:00:00,52.385,52.42,52.33,52.37,18132
2014-06-06 11:15:00,52.37,52.41,52.28,52.29,30990
2014-06-06 11:30:00,52.3,52.31,52.25,52.25,5319
2014-06-06 11:45:00,52.248000000000005,52.25,52.19,52.19,6625
2014-06-06 12:00:00,52.22,52.25,52.145,52.18,39427
2014-06-06 12:15:00,52.18,52.22,52.1,52.15,56697
2014-06-06 12:30:00,52.17,52.28,52.16,52.28,4045
2014-06-06 12:45:00,52.28,52.285,52.185,52.22,34684
2014-06-06 13:00:00,52.24,52.25,52.205,52.25,6264
2014-06-06 13:15:00,52.24,52.25,52.2,52.2,27795
2014-06-06 13:30:00,52.21,52.25,52.2,52.23,13822
2014-06-06 13:45:00,52.23,52.27,52.21,52.21,16287
2014-06-06 14:00:00,52.21,52.26,52.21,52.25,16555
2014-06-06 14:15:00,52.25,52.272,52.21,52.215,25202
2014-06-06 14:30:00,52.21,52.23,52.19,52.23,9914
2014-06-06 14:45:00,52.2356,52.25,52.19,52.2,19825
2014-06-06 15:00:00,52.2,52.2,52.09,52.135,17227
2014-06-06 15:15:00,52.135,52.2,52.13,52.18,21969
2014-06-06 15:30:00,52.19,52.19,52.13,52.16,31531
2014-06-06 15:45:00,52.15,52.17,52.08,52.12,49504
2014-06-06 16:00:00,52.12,52.18,52.12,52.18,120301
2014-06-09 09:45:00,52.6,52.89,52.21,52.82,184863
2014-06-09 10:00:00,52.82,52.98,52.76,52.95,62707
2014-06-09 10:15:00,52.95,52.99,52.91,52.96,65248
2014-06-09 10:30:00,52.96,52.99,52.92,52.94,23279
2014-06-09 10:45:00,52.945,52.96,52.84,52.87,37802
2014-06-09 11:00:00,52.87,52.98,52.87,52.97,30254
2014-06-09 11:15:00,52.96,52.98,52.93,52.95,22414
2014-06-09 11:30:00,52.95,53.1,52.94,53.07,37867
2014-06-09 11:45:00,53.07,53.18,53.07,53.175,53394
2014-06-09 12:00:00,53.17,53.24,53.07,53.07,20799
2014-06-09 12:15:00,53.06,53.06,53.0,53.0,15479
2014-06-09 12:30:00,53.0,53.02,52.96,52.98,14153
2014-06-09 12:45:00,52.965,53.0,52.94,52.94,20103
2014-06-09 13:00:00,52.94,53.0,52.94,52.98,14992
2014-06-09 13:15:00,52.985,53.0,52.96,52.96,16135
2014-06-09 13:30:00,52.96,52.968999999999994,52.93,52.94,29909
2014-06-09 13:45:00,52.94,52.995,52.94,52.97,21077
2014-06-09 14:00:00,52.97,52.9825,52.94,52.95,29410
2014-06-09 14:15:00,52.95,53.05,52.79,52.91,106776
2014-06-09 14:30:00,52.92,53.0,52.9,52.98,45738
2014-06-09 14:45:00,52.98,53.07,52.97,53.045,38214
2014-06-09 15:00:00,53.04,53.14,53.04,53.05,55595
2014-06-09 15:15:00,53.05,53.12,53.01,53.12,54675
2014-06-09 15:30:00,53.11,53.23,53.11,53.12,39984
2014-06-09 15:45:00,53.11,53.119,53.035,53.04,72737
2014-06-09 16:00:00,53.05,53.13,53.04,53.08,142400
2014-06-10 09:45:00,52.89,53.08,52.7,52.714,41004
2014-06-10 10:00:00,52.71,52.95,52.65,52.83,25366
2014-06-10 10:15:00,52.85,52.86,52.75,52.82,85378
2014-06-10 10:30:00,52.8,52.99,52.795,52.98,32532
2014-06-10 10:45:00,52.98,53.06,52.95,53.0,89290
2014-06-10 11:00:00,53.0,53.055,52.95,52.99,87002
2014-06-10 11:15:00,52.97,53.0,52.95,52.97,57417
2014-06-10 11:30:00,52.97,53.05,52.9627,53.05,42186
2014-06-10 11:45:00,53.0313,53.11,53.0313,53.06,23577
2014-06-10 12:00:00,53.06,53.06,53.0,53.01,27826
2014-06-10 12:15:00,53.01,53.03,52.97,53.03,47254
2014-06-10 12:30:00,53.03,53.03,52.97,52.975,7500
2014-06-10 12:45:00,52.97,53.095,52.95,53.04,132882
2014-06-10 13:00:00,53.04,53.1,53.0,53.0869,26451
2014-06-10 13:15:00,53.09,53.15,53.07,53.1,21322
2014-06-10 13:30:00,53.1,53.11,53.05,53.09,36639
2014-06-10 13:45:00,53.11,53.12,53.07,53.09,21491
2014-06-10 14:00:00,53.09,53.14,53.09,53.14,18049
2014-06-10 14:15:00,53.14,53.14,53.01,53.08,41260
2014-06-10 14:30:00,53.08,53.14,53.08,53.13,17740
2014-06-10 14:45:00,53.13,53.14,53.07,53.09,17911
2014-06-10 15:00:00,53.08,53.1,53.03,53.03,20055
2014-06-10 15:15:00,53.0375,53.05,53.01,53.02,30143
2014-06-10 15:30:00,53.01,53.08,52.985,53.08,36412
2014-06-10 15:45:00,53.08,53.09,53.02,53.02,52316
2014-06-10 16:00:00,53.03,53.09,53.03,53.09,189757
2014-06-11 09:45:00,52.87,53.03,52.8401,52.8401,17539
2014-06-11 10:00:00,52.855,52.89,52.7,52.89,18612
2014-06-11 10:15:00,52.9,52.92,52.78,52.798,20874
2014-06-11 10:30:00,52.8,52.82,52.792,52.795,48471
2014-06-11 10:45:00,52.795,52.9,52.79,52.9,21180
2014-06-11 11:00:00,52.92,52.95,52.8144,52.8144,24739
2014-06-11 11:15:00,52.81,52.83,52.78,52.78,19107
2014-06-11 11:30:00,52.78,52.84,52.71,52.825,48300
2014-06-11 11:45:00,52.83,52.87,52.78,52.81,31127
2014-06-11 12:00:00,52.81,52.96,52.81,52.96,16232
2014-06-11 12:15:00,52.97,53.03,52.945,53.02,117509
2014-06-11 12:30:00,53.02,53.02,52.915,52.97,61765
2014-06-11 12:45:00,52.97,53.02,52.97,53.01,40405
2014-06-11 13:00:00,53.02,53.07,52.995,53.05,31320
2014-06-11 13:15:00,53.04,53.05,53.0,53.02,241526
2014-06-11 13:30:00,53.02,53.02,52.95,52.96,6787
2014-06-11 13:45:00,52.96,53.01,52.91,52.91,34108
2014-06-11 14:00:00,52.92,52.92,52.85,52.88,7312
2014-06-11 14:15:00,52.87,52.9,52.83,52.83,10900
2014-06-11 14:30:00,52.84,52.92,52.83,52.92,11547
2014-06-11 14:45:00,52.92,52.95,52.87,52.94,15949
2014-06-11 15:00:00,52.94,53.035,52.94,52.975,21732
2014-06-11 15:15:00,52.9701,52.99,52.935,52.95,27125
2014-06-11 15:30:00,52.95,52.98,52.895,52.975,19005
2014-06-11 15:45:00,52.98,53.03,52.915,52.92,37205
2014-06-11 16:00:00,52.92,52.93,52.88,52.92,91383
2014-06-12 09:45:00,52.8,52.82,52.54,52.59,21470
2014-06-12 10:00:00,52.57,52.63,52.5,52.54,5040
2014-06-12 10:15:00,52.52,52.73,52.52,52.68,63654
2014-06-12 10:30:00,52.68,52.75,52.64,52.68,21618
2014-06-12 10:45:00,52.68,52.699,52.57,52.59,10678
2014-06-12 11:00:00,52.58,52.75,52.565,52.72,17297
2014-06-12 11:15:00,52.72,52.82,52.695,52.81,70370
2014-06-12 11:30:00,52.82,52.86,52.81,52.86,12547
2014-06-12 11:45:00,52.86,52.88,52.82,52.85,29855
2014-06-12 12:00:00,52.84,52.86,52.8,52.86,23489
2014-06-12 12:15:00,52.865,52.88,52.81,52.86,12913
2014-06-12 12:30:00,52.86,52.875,52.8,52.86,13433
2014-06-12 12:45:00,52.86,52.89,52.79,52.8,44945
2014-06-12 13:00:00,52.79,52.81,52.6,52.63,27733
2014-06-12 13:15:00,52.64,52.68,52.6,52.6,14999
2014-06-12 13:30:00,52.6,52.64,52.56,52.58,17367
2014-06-12 13:45:00,52.588,52.59,52.54,52.56,20221
2014-06-12 14:00:00,52.56,52.56,52.35,52.37,26028
2014-06-12 14:15:00,52.37,52.45,52.35,52.45,21985
2014-06-12 14:30:00,52.45,52.5,52.441,52.46,31583
2014-06-12 14:45:00,52.46,52.47,52.385,52.47,23157
2014-06-12 15:00:00,52.465,52.5,52.43,52.455,15690
2014-06-12 15:15:00,52.46,52.46,52.39,52.4,27174
2014-06-12 15:30:00,52.405,52.48,52.395,52.4,44375
2014-06-12 15:45:00,52.4,52.495,52.4,52.475,71932
2014-06-12 16:00:00,52.48,52.55,52.46,52.47,203004
2014-06-13 09:45:00,52.64,52.72,52.47,52.48,23472
2014-06-13 10:00:00,52.48,52.51,52.39,52.42,11512
2014-06-13 10:15:00,52.42,52.4325,52.28,52.36,12901
2014-06-13 10:30:00,52.36,52.51,52.36,52.43,11102
2014-06-13 10:45:00,52.44,52.54,52.44,52.48,7535
2014-06-13 11:00:00,52.47,52.47,52.37,52.44,12679
2014-06-13 11:15:00,52.47,52.58,52.46,52.46,36712
2014-06-13 11:30:00,52.46,52.48,52.395,52.42,13459
2014-06-13 11:45:00,52.43,52.44,52.29,52.31,21341
2014-06-13 12:00:00,52.31,52.38,52.29,52.34,19502
2014-06-13 12:15:00,52.34,52.435,52.33,52.42,80600
2014-06-13 12:30:00,52.42,52.58,52.42,52.54,15769
2014-06-13 12:45:00,52.54,52.54,52.41,52.45,12776
2014-06-13 13:00:00,52.45,52.475,52.44,52.45,12748
2014-06-13 13:15:00,52.45,52.53,52.45,52.5,35123
2014-06-13 13:30:00,52.5,52.5,52.41,52.43,24179
2014-06-13 13:45:00,52.43,52.46,52.42,52.46,9607
2014-06-13 14:00:00,52.47,52.5,52.47,52.49,16517
2014-06-13 14:15:00,52.49,52.49,52.46,52.475,14123
2014-06-13 14:30:00,52.47,52.51,52.41,52.42,13136
2014-06-13 14:45:00,52.425,52.46,52.39,52.42,43861
2014-06-13 15:00:00,52.42,52.43,52.36,52.36,7924
2014-06-13 15:15:00,52.37,52.47,52.37,52.45,26429
2014-06-13 15:30:00,52.44,52.44,52.31,52.31,21530
2014-06-13 15:45:00,52.31,52.38,52.2645,52.31,36290
2014-06-13 16:00:00,52.31,52.42,52.29,52.39,62081
2014-06-16 09:45:00,52.16,52.51,52.01,52.5,82483
2014-06-16 10:00:00,52.52,52.55,52.27,52.29,84175
2014-06-16 10:15:00,52.27,52.42,52.22,52.32,23958
2014-06-16 10:30:00,52.31,52.31,52.22,52.25,19305
2014-06-16 10:45:00,52.245,52.26,52.16,52.17,12722
2014-06-16 11:00:00,52.2,52.245,52.17,52.23,12114
2014-06-16 11:15:00,52.24,52.24,52.1,52.15,23243
2014-06-16 11:30:00,52.15,52.15,52.09,52.135,20567
2014-06-16 11:45:00,52.12,52.15,52.03,52.15,10104
2014-06-16 12:00:00,52.15,52.15,52.08,52.13,19014
2014-06-16 12:15:00,52.14,52.2,52.13,52.19,16336
2014-06-16 12:30:00,52.2,52.23,52.183,52.22,18451
2014-06-16 12:45:00,52.2237,52.26,52.18,52.25,10350
2014-06-16 13:00:00,52.25,52.3,52.21,52.26,13178
2014-06-16 13:15:00,52.26,52.284,52.23,52.27,12358
2014-06-16 13:30:00,52.27,52.275,52.22,52.22,9853
2014-06-16 13:45:00,52.22,52.24,52.1946,52.21,14829
2014-06-16 14:00:00,52.22,52.22,52.16,52.18,9881
2014-06-16 14:15:00,52.19,52.2,52.17100000000001,52.185,6392
2014-06-16 14:30:00,52.19,52.21,52.1693,52.2,15928
2014-06-16 14:45:00,52.2,52.21,52.17,52.17,7872
2014-06-16 15:00:00,52.18,52.19,52.12,52.12,11194
2014-06-16 15:15:00,52.12,52.17,52.07,52.13,41421
2014-06-16 15:30:00,52.11,52.14,52.005,52.14,49774
2014-06-16 15:45:00,52.14,52.25,52.13,52.25,33977
2014-06-16 16:00:00,52.24,52.245,52.165,52.19,107240
2014-06-17 09:45:00,52.22,52.22,52.0,52.14,27678
2014-06-17 10:00:00,52.14,52.22,52.04,52.04,15220
2014-06-17 10:15:00,52.05,52.2,52.04,52.15,15172
2014-06-17 10:30:00,52.18,52.21,52.162,52.2,10780
2014-06-17 10:45:00,52.2,52.211000000000006,52.1,52.1,13472
2014-06-17 11:00:00,52.1,52.11,51.95,52.03,14115
2014-06-17 11:15:00,52.04,52.1,52.02,52.1,8168
2014-06-17 11:30:00,52.1,52.22,52.09,52.16,28738
2014-06-17 11:45:00,52.17,52.21,52.12,52.12,12976
2014-06-17 12:00:00,52.15,52.2,52.11,52.2,9563
2014-06-17 12:15:00,52.2023,52.22,52.17,52.19,8933
2014-06-17 12:30:00,52.2,52.22,52.17,52.19,87865
2014-06-17 12:45:00,52.21,52.23,52.2,52.2004,16699
2014-06-17 13:00:00,52.202,52.235,52.19,52.22,19547
2014-06-17 13:15:00,52.22,52.25,52.195,52.23,79550
2014-06-17 13:30:00,52.25,52.27,52.23,52.25,25194
2014-06-17 13:45:00,52.25,52.27,52.23,52.25,35957
2014-06-17 14:00:00,52.25,52.27,52.24,52.26,20653
2014-06-17 14:15:00,52.24,52.33,52.228,52.32,10597
2014-06-17 14:30:00,52.33,52.46,52.33,52.41,9745
2014-06-17 14:45:00,52.42,52.43,52.38,52.3999,7533
2014-06-17 15:00:00,52.39,52.46,52.38,52.46,8694
2014-06-17 15:15:00,52.44,52.45,52.4,52.43,10012
2014-06-17 15:30:00,52.43,52.46,52.37,52.41,23181
2014-06-17 15:45:00,52.41,52.44,52.33,52.36,37270
2014-06-17 16:00:00,52.36,52.43,52.31,52.41,70507
2014-06-18 09:45:00,52.49,52.49,52.2,52.2,23495
2014-06-18 10:00:00,52.19,52.23,52.13,52.215,10789
2014-06-18 10:15:00,52.25,52.32,52.22,52.3,9523
2014-06-18 10:30:00,52.3,52.31,52.24,52.25,22996
2014-06-18 10:45:00,52.25,52.28,52.22,52.25,12379
2014-06-18 11:00:00,52.25,52.265,52.22,52.24,11566
2014-06-18 11:15:00,52.236000000000004,52.38,52.19,52.34,26353
2014-06-18 11:30:00,52.34,52.36,52.3,52.31,11860
2014-06-18 11:45:00,52.35,52.36,52.27,52.3,11161
2014-06-18 12:00:00,52.3,52.32,52.26,52.3,4323
2014-06-18 12:15:00,52.3,52.3125,52.27,52.3,7344
2014-06-18 12:30:00,52.3,52.3,52.27,52.28,7699
2014-06-18 12:45:00,52.28,52.28,52.25,52.26,7751
2014-06-18 13:00:00,52.27,52.28,52.22,52.25,31773
2014-06-18 13:15:00,52.25,52.27,52.24,52.255,11333
2014-06-18 13:30:00,52.26,52.26,52.23,52.2399,10490
2014-06-18 13:45:00,52.23,52.23,52.19,52.2,15673
2014-06-18 14:00:00,52.2,52.22,52.17,52.17,15150
2014-06-18 14:15:00,52.17,52.39,52.16,52.25,70021
2014-06-18 14:30:00,52.28,52.295,52.25,52.2525,58942
2014-06-18 14:45:00,52.25,52.37,52.24,52.37,66686
2014-06-18 15:00:00,52.36,52.47,52.28,52.4,49916
2014-06-18 15:15:00,52.4,52.41,52.29,52.3,72680
2014-06-18 15:30:00,52.3,52.45,52.29,52.4,80685
2014-06-18 15:45:00,52.4,52.44,52.36,52.4399,100163
2014-06-18 16:00:00,52.44,52.49,52.36,52.38,181030
2014-06-19 09:45:00,52.57,52.72,52.361999999999995,52.67,21894
2014-06-19 10:00:00,52.67,52.6837,52.53,52.55,25339
2014-06-19 10:15:00,52.55,52.59,52.5,52.54,18995
2014-06-19 10:30:00,52.54,52.58,52.51,52.51,42080
2014-06-19 10:45:00,52.53,52.58,52.4698,52.56,24108
2014-06-19 11:00:00,52.56,52.58,52.47,52.49,22456
2014-06-19 11:15:00,52.52,52.55,52.46,52.48,28069
2014-06-19 11:30:00,52.495,52.5,52.3158,52.42,13586
2014-06-19 11:45:00,52.41,52.445,52.37,52.4,27397
2014-06-19 12:00:00,52.4,52.41,52.33,52.36,15680
2014-06-19 12:15:00,52.36,52.37,52.23,52.25,13172
2014-06-19 12:30:00,52.25,52.2825,52.19,52.19,26337
2014-06-19 12:45:00,52.2,52.23,52.14,52.15,20402
2014-06-19 13:00:00,52.16,52.18,52.12,52.13,18060
2014-06-19 13:15:00,52.13,52.13,52.01,52.01,22003
2014-06-19 13:30:00,52.0,52.1,51.965,52.04,36010
2014-06-19 13:45:00,52.05,52.05,52.0,52.01,24416
2014-06-19 14:00:00,52.0153,52.14,52.01,52.11,36066
2014-06-19 14:15:00,52.11,52.225,52.05,52.225,20508
2014-06-19 14:30:00,52.23,52.37,52.19,52.33,27382
2014-06-19 14:45:00,52.32,52.32,52.24,52.26,16097
2014-06-19 15:00:00,52.26,52.355,52.22,52.33,22565
2014-06-19 15:15:00,52.34,52.35,52.27,52.34,19833
2014-06-19 15:30:00,52.34,52.347,52.26,52.29,19427
2014-06-19 15:45:00,52.29,52.33,52.28,52.315,42662
2014-06-19 16:00:00,52.315,52.45,52.28,52.44,168614
2014-06-20 09:45:00,52.68,52.78,52.36,52.415,354217
2014-06-20 10:00:00,52.398,52.45,52.27,52.45,21064
2014-06-20 10:15:00,52.44,52.7,52.44,52.7,36637
2014-06-20 10:30:00,52.695,52.76,52.67,52.73,23789
2014-06-20 10:45:00,52.74,52.76,52.64,52.68,42026
2014-06-20 11:00:00,52.68,52.7,52.65,52.68,10685
2014-06-20 11:15:00,52.68,52.74,52.665,52.72,24222
2014-06-20 11:30:00,52.7063,52.73,52.69,52.7,84624
2014-06-20 11:45:00,52.695,52.73,52.67,52.68,59796
2014-06-20 12:00:00,52.68,52.69,52.64,52.69,14955
2014-06-20 12:15:00,52.68,52.69,52.65,52.655,9021
2014-06-20 12:30:00,52.6575,52.66,52.61,52.655,19233
2014-06-20 12:45:00,52.66,52.66,52.622,52.655,6424
2014-06-20 13:00:00,52.655,52.66,52.64,52.65,6851
2014-06-20 13:15:00,52.65,52.705,52.65,52.7,21229
2014-06-20 13:30:00,52.705,52.71,52.69,52.6947,10066
2014-06-20 13:45:00,52.69,52.7,52.64,52.65,13640
2014-06-20 14:00:00,52.65,52.71,52.65,52.7,15323
2014-06-20 14:15:00,52.7,52.71,52.68,52.69,6417
2014-06-20 14:30:00,52.69,52.69,52.67,52.6802,11154
2014-06-20 14:45:00,52.68,52.69,52.64,52.64,10608
2014-06-20 15:00:00,52.64,52.65,52.62,52.64,10392
2014-06-20 15:15:00,52.64,52.65,52.62,52.64,17900
2014-06-20 15:30:00,52.64,52.65,52.63,52.64,20449
2014-06-20 15:45:00,52.65,52.68,52.65,52.67,41474
2014-06-20 16:00:00,52.67,52.69,52.61,52.65,97688
2014-06-23 09:45:00,52.8,52.91,52.77,52.858000000000004,50878
2014-06-23 10:00:00,52.85,52.86,52.8,52.84,49736
2014-06-23 10:15:00,52.85,52.88,52.755,52.815,41841
2014-06-23 10:30:00,52.81,52.85,52.78,52.81,25008
2014-06-23 10:45:00,52.82,52.86,52.82,52.83,47800
2014-06-23 11:00:00,52.83,52.86,52.81,52.85,31037
2014-06-23 11:15:00,52.84,52.98,52.84,52.98,47349
2014-06-23 11:30:00,52.99,53.16,52.98,53.015,37906
2014-06-23 11:45:00,53.02,53.115,53.02,53.08,52975
2014-06-23 12:00:00,53.078,53.165,53.07,53.16,24665
2014-06-23 12:15:00,53.15,53.28,53.15,53.23,50865
2014-06-23 12:30:00,53.2325,53.345,53.2325,53.34,24410
2014-06-23 12:45:00,53.34,53.395,53.325,53.39,35863
2014-06-23 13:00:00,53.4,53.5,53.39,53.5,29942
2014-06-23 13:15:00,53.5,53.555,53.47,53.555,27502
2014-06-23 13:30:00,53.56,53.64,53.54,53.6,46270
2014-06-23 13:45:00,53.6,53.62,53.54,53.56,49089
2014-06-23 14:00:00,53.56,53.57,53.5,53.55,69371
2014-06-23 14:15:00,53.545,53.61,53.5302,53.61,60335
2014-06-23 14:30:00,53.62,53.849,53.62,53.76,107120
2014-06-23 14:45:00,53.765,53.785,53.7,53.73,44247
2014-06-23 15:00:00,53.74,53.77,53.71,53.76,38771
2014-06-23 15:15:00,53.765,53.765,53.675,53.695,40019
2014-06-23 15:30:00,53.7,53.8,53.7,53.77,51166
2014-06-23 15:45:00,53.77,53.83,53.75,53.82,80308
2014-06-23 16:00:00,53.82,53.86,53.75,53.77,224238
2014-06-24 09:45:00,53.86,53.93,53.53,53.61,61177
2014-06-24 10:00:00,53.615,53.64,53.37,53.37,32286
2014-06-24 10:15:00,53.4,53.6999,53.4,53.68,29652
2014-06-24 10:30:00,53.69,53.71,53.63,53.67,19548
2014-06-24 10:45:00,53.69,53.7199,53.62,53.62,19275
2014-06-24 11:00:00,53.63,53.65,53.59,53.59,20159
2014-06-24 11:15:00,53.58,53.65,53.535,53.54,19216
2014-06-24 11:30:00,53.54,53.56,53.49,53.55,17182
2014-06-24 11:45:00,53.55,53.58,53.5,53.58,12204
2014-06-24 12:00:00,53.58,53.7,53.57,53.7,13658
2014-06-24 12:15:00,53.7,53.7,53.65,53.68,11688
2014-06-24 12:30:00,53.68,53.71,53.66,53.71,14215
2014-06-24 12:45:00,53.71,53.74,53.7,53.74,5330
2014-06-24 13:00:00,53.745,53.78,53.72,53.72,17385
2014-06-24 13:15:00,53.72,53.72,53.55,53.55,9641
2014-06-24 13:30:00,53.55,53.58,53.515,53.58,15041
2014-06-24 13:45:00,53.581,53.6,53.54,53.55,12403
2014-06-24 14:00:00,53.56,53.57,53.51,53.55,22186
2014-06-24 14:15:00,53.56,53.61,53.5,53.61,10909
2014-06-24 14:30:00,53.61,53.64,53.54,53.54,19238
2014-06-24 14:45:00,53.53,53.5792,53.49,53.575,13622
2014-06-24 15:00:00,53.58,53.6,53.5575,53.56,13600
2014-06-24 15:15:00,53.56,53.56,53.48,53.5,51143
2014-06-24 15:30:00,53.5,53.56,53.47,53.535,65511
2014-06-24 15:45:00,53.53,53.57,53.475,53.5651,70816
2014-06-24 16:00:00,53.57,53.61,53.5,53.53,138263
2014-06-25 09:45:00,53.06,53.835,53.0005,53.56,85220
2014-06-25 10:00:00,53.56,53.67,53.52,53.52,24240
2014-06-25 10:15:00,53.5,53.51,53.2,53.23,71630
2014-06-25 10:30:00,53.23,53.23,52.97,53.05,33303
2014-06-25 10:45:00,53.04,53.14,52.9803,53.06,29723
2014-06-25 11:00:00,53.06,53.21,53.06,53.2,23301
2014-06-25 11:15:00,53.2,53.2,53.0772,53.13,16601
2014-06-25 11:30:00,53.14,53.16,53.02,53.02,38082
2014-06-25 11:45:00,53.02,53.09,52.78,53.08,69875
2014-06-25 12:00:00,53.09,53.21,53.0411,53.19,14349
2014-06-25 12:15:00,53.18,53.18,53.1,53.1,8184
2014-06-25 12:30:00,53.09,53.12,53.07,53.09,6007
2014-06-25 12:45:00,53.09,53.16,53.085,53.12,7697
2014-06-25 13:00:00,53.1201,53.13,53.07,53.12,9039
2014-06-25 13:15:00,53.13,53.25,53.13,53.23,8443
2014-06-25 13:30:00,53.226000000000006,53.26,53.2,53.23,22815
2014-06-25 13:45:00,53.22,53.245,53.14,53.14,7484
2014-06-25 14:00:00,53.14,53.2,53.12,53.18,18574
2014-06-25 14:15:00,53.18,53.18,53.12,53.15,10597
2014-06-25 14:30:00,53.15,53.17,53.125,53.15,13894
2014-06-25 14:45:00,53.148999999999994,53.15,53.08,53.08,19654
2014-06-25 15:00:00,53.09,53.09,52.91,52.99,47349
2014-06-25 15:15:00,52.985,53.08,52.94,53.07,19071
2014-06-25 15:30:00,53.06,53.0625,53.02,53.04,24309
2014-06-25 15:45:00,53.035,53.11,53.02,53.06,28053
2014-06-25 16:00:00,53.06,53.07,53.01,53.04,80558
2014-06-26 09:45:00,53.14,53.14,52.5,52.57,32838
2014-06-26 10:00:00,52.57,52.57,52.25,52.28,35079
2014-06-26 10:15:00,52.28,52.49,52.28,52.42,23281
2014-06-26 10:30:00,52.42,52.58,52.42,52.51,15179
2014-06-26 10:45:00,52.5357,52.65,52.47,52.65,8720
2014-06-26 11:00:00,52.665,52.75,52.665,52.69,9390
2014-06-26 11:15:00,52.71,52.77,52.59,52.61,22504
2014-06-26 11:30:00,52.61,52.62,52.47,52.53,25997
2014-06-26 11:45:00,52.565,52.66,52.54,52.57,16122
2014-06-26 12:00:00,52.5501,52.57,52.49,52.49,16116
2014-06-26 12:15:00,52.5,52.565,52.48,52.53,13550
2014-06-26 12:30:00,52.525,52.57,52.47,52.475,13680
2014-06-26 12:45:00,52.48,52.51,52.375,52.4,21229
2014-06-26 13:00:00,52.41,52.47,52.37,52.47,9796
2014-06-26 13:15:00,52.466,52.505,52.46,52.505,5600
2014-06-26 13:30:00,52.505,52.58,52.49,52.57,19104
2014-06-26 13:45:00,52.58,52.7225,52.57,52.69,17747
2014-06-26 14:00:00,52.69,52.71,52.63,52.68,14756
2014-06-26 14:15:00,52.69,52.81,52.62,52.64,24017
2014-06-26 14:30:00,52.63,52.78,52.63,52.78,11689
2014-06-26 14:45:00,52.78,52.85,52.74,52.85,11445
2014-06-26 15:00:00,52.86,52.875,52.79,52.83,15652
2014-06-26 15:15:00,52.84,52.93,52.82,52.82,16563
2014-06-26 15:30:00,52.82,52.88,52.79,52.84,13593
2014-06-26 15:45:00,52.835,52.885,52.77,52.77,24185
2014-06-26 16:00:00,52.78,52.86,52.765,52.84,58124
2014-06-27 09:45:00,52.64,53.0,52.64,52.842,20934
2014-06-27 10:00:00,52.85,52.8595,52.79,52.842,10505
2014-06-27 10:15:00,52.85,52.85,52.72,52.8,7767
2014-06-27 10:30:00,52.8,52.8926,52.8,52.88,14837
2014-06-27 10:45:00,52.87,52.94,52.82,52.94,25021
2014-06-27 11:00:00,52.94,53.2,52.91,53.06,39579
2014-06-27 11:15:00,53.06,53.17,53.06,53.1,10989
2014-06-27 11:30:00,53.11,53.14,53.06,53.11,15195
2014-06-27 11:45:00,53.105,53.22,53.06,53.18,7630
2014-06-27 12:00:00,53.195,53.245,53.19,53.22,12606
2014-06-27 12:15:00,53.22,53.22,53.11,53.11,17351
2014-06-27 12:30:00,53.1,53.13,53.04,53.04,6254
2014-06-27 12:45:00,53.05,53.09,53.03,53.03,3967
2014-06-27 13:00:00,53.04,53.12,53.03,53.12,24450
2014-06-27 13:15:00,53.12,53.13,53.07,53.1,9373
2014-06-27 13:30:00,53.09,53.09,52.96,53.02,8098
2014-06-27 13:45:00,53.01,53.06,52.98,53.06,4544
2014-06-27 14:00:00,53.053999999999995,53.13,53.03,53.13,11256
2014-06-27 14:15:00,53.13,53.17,53.11,53.11,9705
2014-06-27 14:30:00,53.11,53.18,53.1,53.105,8920
2014-06-27 14:45:00,53.11,53.19,53.1,53.11,12616
2014-06-27 15:00:00,53.11,53.15,53.07,53.12,10200
2014-06-27 15:15:00,53.1,53.13,53.03,53.12,13449
2014-06-27 15:30:00,53.11,53.18,53.11,53.16,14493
2014-06-27 15:45:00,53.16,53.25,53.156000000000006,53.25,23767
2014-06-27 16:00:00,53.25,53.29,53.195,53.25,53468
2014-06-30 09:45:00,50.82,53.75,50.82,52.92,60348
2014-06-30 10:00:00,52.97,53.278999999999996,52.97,53.16,10411
2014-06-30 10:15:00,53.16,53.33,53.14,53.33,9927
2014-06-30 10:30:00,53.32,53.33,53.1685,53.1685,8255
2014-06-30 10:45:00,53.16,53.25,53.05,53.09,12532
2014-06-30 11:00:00,53.09,53.11,52.91,52.93,15109
2014-06-30 11:15:00,52.93,52.93,52.85,52.9,13624
2014-06-30 11:30:00,52.92,52.97,52.85,52.85,19154
2014-06-30 11:45:00,52.85,52.87,52.78,52.85,17265
2014-06-30 12:00:00,52.855,52.89,52.76,52.77,11700
2014-06-30 12:15:00,52.78,52.79,52.72,52.79,29196
2014-06-30 12:30:00,52.79,52.79,52.73,52.75,11684
2014-06-30 12:45:00,52.745,52.87,52.74,52.83,9522
2014-06-30 13:00:00,52.84,52.87,52.82,52.86,10182
2014-06-30 13:15:00,52.87,52.93,52.87,52.92,6821
2014-06-30 13:30:00,52.92,52.935,52.88,52.92,10008
2014-06-30 13:45:00,52.92,52.94,52.89,52.93,5333
2014-06-30 14:00:00,52.94,53.05,52.94,53.02,12127
2014-06-30 14:15:00,53.02,53.07,53.01,53.05,11932
2014-06-30 14:30:00,53.06,53.09,53.04,53.09,10187
2014-06-30 14:45:00,53.09,53.1,53.05,53.0698,8699
2014-06-30 15:00:00,53.06,53.07,53.01,53.01,14010
2014-06-30 15:15:00,53.01,53.06,53.0,53.02,17313
2014-06-30 15:30:00,53.015,53.08,53.01,53.08,15023
2014-06-30 15:45:00,53.09,53.09,52.99,52.995,38406
2014-06-30 16:00:00,53.0,53.06,52.99,53.04,101635
2014-07-01 09:45:00,53.11,53.72,53.1,53.25,60577
2014-07-01 10:00:00,53.25,53.51,53.25,53.39,26687
2014-07-01 10:15:00,53.36,53.38,53.23,53.27,33195
2014-07-01 10:30:00,53.265,53.285,53.02,53.03,33382
2014-07-01 10:45:00,53.03,53.3,53.03,53.06,38392
2014-07-01 11:00:00,53.07,53.26,53.07,53.21,25551
2014-07-01 11:15:00,53.22,53.23,53.16,53.16,17943
2014-07-01 11:30:00,53.16,53.17,53.08,53.09,18284
2014-07-01 11:45:00,53.1,53.193000000000005,53.095,53.12,19129
2014-07-01 12:00:00,53.14,53.26,53.12,53.26,16701
2014-07-01 12:15:00,53.27,53.37,53.27,53.36,22295
2014-07-01 12:30:00,53.35,53.56,53.35,53.46,25379
2014-07-01 12:45:00,53.46,53.72,53.45,53.62,45997
2014-07-01 13:00:00,53.62,53.8,53.592,53.7,29341
2014-07-01 13:15:00,53.71,54.0,53.71,54.0,35223
2014-07-01 13:30:00,54.0,54.04,53.91,53.91,24439
2014-07-01 13:45:00,53.92,53.94,53.79,53.81,14697
2014-07-01 14:00:00,53.79,53.95,53.79,53.88,31880
2014-07-01 14:15:00,53.89,53.95,53.85,53.9,13486
2014-07-01 14:30:00,53.9,53.9,53.82,53.82,14769
2014-07-01 14:45:00,53.82,53.86,53.76,53.76,19698
2014-07-01 15:00:00,53.76,53.76,53.68,53.74,24142
2014-07-01 15:15:00,53.75,53.8187,53.71,53.76,18037
2014-07-01 15:30:00,53.76,53.95,53.72,53.93,53054
2014-07-01 15:45:00,53.93,53.935,53.85,53.86,37205
2014-07-01 16:00:00,53.86,53.9,53.79,53.81,91955
2014-07-02 09:45:00,53.71,53.9899,53.495,53.57,30795
2014-07-02 10:00:00,53.57,53.92,53.57,53.89,17602
2014-07-02 10:15:00,53.843999999999994,53.88,53.64,53.66,12486
2014-07-02 10:30:00,53.69,53.84,53.69,53.7875,8823
2014-07-02 10:45:00,53.79,53.81,53.71,53.75,12592
2014-07-02 11:00:00,53.76,53.775,53.72,53.76,9839
2014-07-02 11:15:00,53.76,53.915,53.76,53.81,22998
2014-07-02 11:30:00,53.82,54.01,53.82,53.92,14051
2014-07-02 11:45:00,53.92,53.92,53.77,53.77,11515
2014-07-02 12:00:00,53.78,53.81,53.77,53.77,8338
2014-07-02 12:15:00,53.766000000000005,53.8,53.76,53.78,13738
2014-07-02 12:30:00,53.79,53.81,53.69,53.69,119135
2014-07-02 12:45:00,53.69,53.725,53.66,53.7175,13455
2014-07-02 13:00:00,53.71,53.72,53.63,53.715,10524
2014-07-02 13:15:00,53.715,53.73,53.62,53.67,10201
2014-07-02 13:30:00,53.67,53.78,53.65,53.77,18173
2014-07-02 13:45:00,53.77,53.77,53.64,53.75,13179
2014-07-02 14:00:00,53.74,53.74,53.68,53.71,10574
2014-07-02 14:15:00,53.72,53.72,53.69,53.7099,11086
2014-07-02 14:30:00,53.7,53.71,53.69,53.705,6967
2014-07-02 14:45:00,53.71,53.73,53.63,53.65,15714
2014-07-02 15:00:00,53.65,53.675,53.62,53.6709,16202
2014-07-02 15:15:00,53.68,53.695,53.63,53.65,25678
2014-07-02 15:30:00,53.65,53.675,53.62,53.65,27921
2014-07-02 15:45:00,53.65,53.68,53.62,53.625,41453
2014-07-02 16:00:00,53.62,53.71,53.6025,53.65,110351
2014-07-03 09:45:00,53.76,54.1,53.68,53.965,26701
2014-07-03 10:00:00,53.96,54.25,53.9,54.2,18889
2014-07-03 10:15:00,54.22,54.285,54.05,54.05,23785
2014-07-03 10:30:00,54.04,54.045,53.895,53.95,34966
2014-07-03 10:45:00,53.95,54.045,53.95,53.98,27302
2014-07-03 11:00:00,53.98,54.16,53.96,54.135,18028
2014-07-03 11:15:00,54.14,54.15,53.9906,54.0,36495
2014-07-03 11:30:00,54.01,54.03,54.0,54.015,19364
2014-07-03 11:45:00,54.02,54.04,54.0,54.015,26808
2014-07-03 12:00:00,54.01,54.025,53.97,53.97,15889
2014-07-03 12:15:00,53.98,54.025,53.98,53.99,29699
2014-07-03 12:30:00,54.0,54.1,53.978,54.1,22162
2014-07-03 12:45:00,54.11,54.19,54.04,54.075,27858
2014-07-03 13:00:00,54.08,54.13,54.03,54.06,47111
2014-07-03 13:15:00,54.06,54.12,54.0327,54.09,84720
2014-07-03 14:00:00,54.09,54.09,54.09,54.09,328
2014-07-07 09:45:00,53.76,53.94,53.73,53.77,32733
2014-07-07 10:00:00,53.85,53.97,53.77,53.9,18139
2014-07-07 10:15:00,53.9,53.95,53.81,53.9,18927
2014-07-07 10:30:00,53.9,53.985,53.89,53.89,15159
2014-07-07 10:45:00,53.89,54.0,53.8,53.99,38768
2014-07-07 11:00:00,54.0,54.0,53.76,53.81,14816
2014-07-07 11:15:00,53.81,53.87,53.78,53.87,5117
2014-07-07 11:30:00,53.87,53.87,53.77,53.82,14894
2014-07-07 11:45:00,53.81,53.83,53.74,53.8,77868
2014-07-07 12:00:00,53.8,53.82,53.76,53.7719,9974
2014-07-07 12:15:00,53.78,53.8351,53.76,53.76,8889
2014-07-07 12:30:00,53.76,53.79,53.71,53.73,11918
2014-07-07 12:45:00,53.73,53.8148,53.728,53.8148,6330
2014-07-07 13:00:00,53.805,53.81,53.74,53.81,10021
2014-07-07 13:15:00,53.83,53.855,53.71,53.72,17950
2014-07-07 13:30:00,53.72,53.75,53.68,53.746,7300
2014-07-07 13:45:00,53.75,53.765,53.72,53.745,9617
2014-07-07 14:00:00,53.76,53.8,53.7,53.7,18104
2014-07-07 14:15:00,53.71,53.73,53.67,53.67,10220
2014-07-07 14:30:00,53.675,53.71,53.665,53.67,11071
2014-07-07 14:45:00,53.67,53.67,53.58,53.58,14935
2014-07-07 15:00:00,53.58,53.62,53.58,53.59,8787
2014-07-07 15:15:00,53.59,53.62,53.57,53.57,15501
2014-07-07 15:30:00,53.568000000000005,53.62,53.55,53.6,16231
2014-07-07 15:45:00,53.59,53.68,53.585,53.63,28947
2014-07-07 16:00:00,53.62,53.65,53.54,53.58,53846
2014-07-08 09:45:00,53.41,53.86,53.32,53.59,17214
2014-07-08 10:00:00,53.62,53.63,53.45,53.49,37801
2014-07-08 10:15:00,53.5,53.61,53.435,53.49,22826
2014-07-08 10:30:00,53.51,53.61,53.48,53.6,27258
2014-07-08 10:45:00,53.595,53.595,53.5,53.57,45668
2014-07-08 11:00:00,53.57,53.58,53.4901,53.52,28784
2014-07-08 11:15:00,53.522,53.565,53.48,53.49,19428
2014-07-08 11:30:00,53.46,53.49,53.37,53.38,19538
2014-07-08 11:45:00,53.37,53.505,53.36,53.49,29826
2014-07-08 12:00:00,53.475,53.5,53.42,53.46,19704
2014-07-08 12:15:00,53.49,53.5,53.44,53.4765,19128
2014-07-08 12:30:00,53.46,53.51,53.45,53.51,42532
2014-07-08 12:45:00,53.5,53.53,53.435,53.47,14587
2014-07-08 13:00:00,53.47,53.54,53.46,53.52,38231
2014-07-08 13:15:00,53.525,53.7,53.515,53.7,37671
2014-07-08 13:30:00,53.7,53.77,53.63,53.64,85868
2014-07-08 13:45:00,53.64,53.66,53.56,53.615,49499
2014-07-08 14:00:00,53.62,53.65,53.59,53.59,17701
2014-07-08 14:15:00,53.585,53.59,53.51,53.52,18358
2014-07-08 14:30:00,53.52,53.58,53.48,53.57,36390
2014-07-08 14:45:00,53.575,53.65,53.57,53.65,19240
2014-07-08 15:00:00,53.65,53.66,53.56,53.56,25075
2014-07-08 15:15:00,53.558,53.59,53.52,53.57,22839
2014-07-08 15:30:00,53.56,53.615,53.54,53.59,24007
2014-07-08 15:45:00,53.585,53.615,53.55,53.58,35407
2014-07-08 16:00:00,53.57,53.62,53.55,53.585,60738
2014-07-09 09:45:00,53.64,54.0439,53.64,54.0439,60923
2014-07-09 10:00:00,54.04,54.1,53.98,54.1,28263
2014-07-09 10:15:00,54.1,54.13,53.86,53.89,22706
2014-07-09 10:30:00,53.89,54.02,53.88,53.98,18841
2014-07-09 10:45:00,53.99,54.105,53.96,54.085,18902
2014-07-09 11:00:00,54.0999,54.24,54.07,54.24,51334
2014-07-09 11:15:00,54.235,54.34,54.235,54.3005,28509
2014-07-09 11:30:00,54.31,54.445,54.3,54.345,30861
2014-07-09 11:45:00,54.345,54.37,54.21,54.24,31689
2014-07-09 12:00:00,54.24,54.25,54.13,54.17,12326
2014-07-09 12:15:00,54.16,54.16,54.06,54.15,38108
2014-07-09 12:30:00,54.155,54.18,54.14,54.14,11480
2014-07-09 12:45:00,54.15,54.175,54.11,54.16,11680
2014-07-09 13:00:00,54.15,54.175,54.11,54.145,34276
2014-07-09 13:15:00,54.14,54.215,54.14,54.18,21830
2014-07-09 13:30:00,54.19,54.19,54.14,54.145,13473
2014-07-09 13:45:00,54.145,54.2,54.14,54.17,14373
2014-07-09 14:00:00,54.165,54.22,54.165,54.22,15453
2014-07-09 14:15:00,54.22,54.34,54.15,54.34,34054
2014-07-09 14:30:00,54.33,54.34,54.19,54.24,67056
2014-07-09 14:45:00,54.235,54.24,54.105,54.11,18536
2014-07-09 15:00:00,54.115,54.155,54.09,54.1,16411
2014-07-09 15:15:00,54.1,54.2,54.0501,54.135,17094
2014-07-09 15:30:00,54.13,54.135,54.05,54.095,23453
2014-07-09 15:45:00,54.095,54.17,54.06,54.155,46494
2014-07-09 16:00:00,54.15,54.155,54.075,54.1,124461
2014-07-10 09:45:00,53.47,53.8799,53.47,53.55,35232
2014-07-10 10:00:00,53.565,53.85,53.54,53.83,83989
2014-07-10 10:15:00,53.83,54.03,53.675,54.0,34166
2014-07-10 10:30:00,54.0,54.05,53.88,53.88,34873
2014-07-10 10:45:00,53.9,53.9,53.7574,53.89,13507
2014-07-10 11:00:00,53.9,53.96,53.8,53.92,12312
2014-07-10 11:15:00,53.92,54.0475,53.92,54.02,15180
2014-07-10 11:30:00,54.02,54.07,53.98,54.06,59076
2014-07-10 11:45:00,54.06,54.14,54.03,54.05,18875
2014-07-10 12:00:00,54.04,54.17,54.03,54.104,43750
2014-07-10 12:15:00,54.1059,54.1059,54.0,54.025,8701
2014-07-10 12:30:00,54.035,54.1,54.01,54.01,7775
2014-07-10 12:45:00,54.02,54.04,54.0101,54.025,4570
2014-07-10 13:00:00,54.02,54.025,53.905,53.945,11788
2014-07-10 13:15:00,53.95,54.02,53.945,53.96,8562
2014-07-10 13:30:00,53.96,54.02,53.952,54.01,9078
2014-07-10 13:45:00,54.02,54.03,53.93,53.93,17715
2014-07-10 14:00:00,53.93,53.9502,53.825,53.83,15495
2014-07-10 14:15:00,53.84,53.91,53.835,53.89,40186
2014-07-10 14:30:00,53.9,53.96,53.89,53.9505,22475
2014-07-10 14:45:00,53.955,53.96,53.775,53.795,49041
2014-07-10 15:00:00,53.795,53.836000000000006,53.78,53.79,77933
2014-07-10 15:15:00,53.79,53.8,53.69,53.7,81167
2014-07-10 15:30:00,53.7,53.81,53.69,53.81,47149
2014-07-10 15:45:00,53.8,53.88,53.765,53.865,107429
2014-07-10 16:00:00,53.86,53.9,53.69,53.73,175362
2014-07-11 09:45:00,53.8,53.99,53.7,53.76,59161
2014-07-11 10:00:00,53.79,54.01,53.74,54.01,24084
2014-07-11 10:15:00,54.01,54.01,53.86,53.9001,18846
2014-07-11 10:30:00,53.91,53.95,53.84,53.86,22777
2014-07-11 10:45:00,53.88,53.97,53.88,53.97,25476
2014-07-11 11:00:00,53.96,54.06,53.93,54.05,21192
2014-07-11 11:15:00,54.05,54.215,54.04,54.11,31578
2014-07-11 11:30:00,54.12,54.28,54.08,54.27,37827
2014-07-11 11:45:00,54.28,54.56,54.28,54.55,65992
2014-07-11 12:00:00,54.55,54.68,54.54,54.64,49141
2014-07-11 12:15:00,54.63,54.64,54.59,54.61,25264
2014-07-11 12:30:00,54.62,54.635,54.53,54.6,23702
2014-07-11 12:45:00,54.6,54.6,54.47,54.47,19120
2014-07-11 13:00:00,54.48,54.55,54.48,54.51,14898
2014-07-11 13:15:00,54.515,54.515,54.34,54.34,7250
2014-07-11 13:30:00,54.33,54.352,54.27,54.27,12901
2014-07-11 13:45:00,54.278,54.29,54.16,54.21,13140
2014-07-11 14:00:00,54.22,54.29,54.21,54.275,18287
2014-07-11 14:15:00,54.28,54.3,54.21,54.24,12767
2014-07-11 14:30:00,54.24,54.325,54.21,54.32,17775
2014-07-11 14:45:00,54.325,54.35,54.28,54.3,17732
2014-07-11 15:00:00,54.3,54.32,54.25,54.3,16659
2014-07-11 15:15:00,54.3,54.35,54.29,54.321000000000005,21683
2014-07-11 15:30:00,54.3299,54.44,54.325,54.43,23406
2014-07-11 15:45:00,54.435,54.54,54.4275,54.51,51775
2014-07-11 16:00:00,54.5,54.51,54.38,54.4,116276
2014-07-14 09:45:00,54.59,54.94,54.41,54.92,106368
2014-07-14 10:00:00,54.92,54.99,54.7,54.7,75740
2014-07-14 10:15:00,54.67,54.73,54.46,54.52,48154
2014-07-14 10:30:00,54.52,54.52,54.37,54.44,17722
2014-07-14 10:45:00,54.44,54.48,54.38,54.38,27528
2014-07-14 11:00:00,54.38,54.44,54.33,54.35,34971
2014-07-14 11:15:00,54.34,54.34,54.27,54.27,29127
2014-07-14 11:30:00,54.27,54.3,54.24,54.26,24421
2014-07-14 11:45:00,54.26,54.33,54.24,54.32,47006
2014-07-14 12:00:00,54.34,54.37,54.24,54.24,17094
2014-07-14 12:15:00,54.24,54.24100000000001,54.1,54.14,101378
2014-07-14 12:30:00,54.15,54.15,54.09,54.1,14640
2014-07-14 12:45:00,54.1,54.13,54.08,54.125,20060
2014-07-14 13:00:00,54.12,54.23,54.11,54.23,25268
2014-07-14 13:15:00,54.23,54.32,54.22,54.27,19350
2014-07-14 13:30:00,54.28,54.33,54.24,54.33,27105
2014-07-14 13:45:00,54.33,54.46,54.33,54.39,16394
2014-07-14 14:00:00,54.39,54.39,54.29,54.29,17582
2014-07-14 14:15:00,54.3,54.3,54.1775,54.27,26019
2014-07-14 14:30:00,54.27,54.277,54.24,54.26,16643
2014-07-14 14:45:00,54.25,54.25,54.18,54.22,23276
2014-07-14 15:00:00,54.218,54.22,54.16,54.195,25848
2014-07-14 15:15:00,54.199,54.22,54.13,54.17,35446
2014-07-14 15:30:00,54.168,54.21,54.15,54.17,32583
2014-07-14 15:45:00,54.17,54.19,54.12,54.185,53383
2014-07-14 16:00:00,54.18,54.19,54.13,54.17,177024
2014-07-15 09:45:00,54.04,54.24,53.75,54.16,113188
2014-07-15 10:00:00,54.19,54.29,53.994,54.09,23255
2014-07-15 10:15:00,54.09,54.13,54.0,54.01,26302
2014-07-15 10:30:00,54.01,54.18,53.96,54.14,35632
2014-07-15 10:45:00,54.155,54.24,54.0,54.06,30961
2014-07-15 11:00:00,54.07,54.07,53.85,53.9,38790
2014-07-15 11:15:00,53.92,54.07,53.87,54.03,29090
2014-07-15 11:30:00,54.04,54.13,54.0,54.07,31606
2014-07-15 11:45:00,54.07,54.12,54.02,54.04,25840
2014-07-15 12:00:00,54.05,54.14,53.99,54.08,38831
2014-07-15 12:15:00,54.08,54.11,53.96,53.97,20018
2014-07-15 12:30:00,53.97,54.01,53.79,53.8,32574
2014-07-15 12:45:00,53.81,53.93,53.79,53.92,14645
2014-07-15 13:00:00,53.92,53.92,53.81,53.81,27572
2014-07-15 13:15:00,53.805,53.87,53.805,53.85,28196
2014-07-15 13:30:00,53.85,53.86,53.76,53.77,30467
2014-07-15 13:45:00,53.775,53.78,53.64,53.66,32816
2014-07-15 14:00:00,53.655,53.7,53.595,53.61,32100
2014-07-15 14:15:00,53.605,53.68,53.54,53.67,28533
2014-07-15 14:30:00,53.67,53.695,53.62,53.66,28883
2014-07-15 14:45:00,53.66,53.66,53.59,53.64,29194
2014-07-15 15:00:00,53.64,53.75,53.625,53.685,46387
2014-07-15 15:15:00,53.68899999999999,53.72,53.6,53.715,71164
2014-07-15 15:30:00,53.715,53.715,53.54,53.61,58997
2014-07-15 15:45:00,53.61,53.63,53.56,53.6,87720
2014-07-15 16:00:00,53.595,53.6,53.53,53.53,121350
2014-07-16 09:45:00,53.54,53.69,53.09,53.11,120589
2014-07-16 10:00:00,53.13,53.22,53.025,53.14,44235
2014-07-16 10:15:00,53.125,53.24,52.87,52.8873,85546
2014-07-16 10:30:00,52.88,52.91,52.795,52.89,64525
2014-07-16 10:45:00,52.89,53.06,52.86,53.0,105251
2014-07-16 11:00:00,53.0,53.17,52.91,52.91,59411
2014-07-16 11:15:00,52.9,52.995,52.835,52.995,45837
2014-07-16 11:30:00,53.0,53.01,52.88,52.91,62918
2014-07-16 11:45:00,52.9,52.91,52.785,52.8,45241
2014-07-16 12:00:00,52.8,52.83,52.61,52.785,70637
2014-07-16 12:15:00,52.79,52.84,52.72,52.84,59827
2014-07-16 12:30:00,52.835,52.85,52.79,52.79,25072
2014-07-16 12:45:00,52.788000000000004,52.83,52.515,52.62,60358
2014-07-16 13:00:00,52.6,52.66,52.54,52.61,37937
2014-07-16 13:15:00,52.608000000000004,52.725,52.6,52.725,43863
2014-07-16 13:30:00,52.725,52.73,52.59,52.67,35374
2014-07-16 13:45:00,52.68,52.76,52.66,52.71,25603
2014-07-16 14:00:00,52.71,52.78,52.71,52.76,30066
2014-07-16 14:15:00,52.77,52.82,52.74,52.75,34209
2014-07-16 14:30:00,52.76,52.85,52.75,52.79,34921
2014-07-16 14:45:00,52.79,52.84,52.75,52.81,63637
2014-07-16 15:00:00,52.79,52.8,52.6,52.6,47535
2014-07-16 15:15:00,52.605,52.65,52.58,52.65,53390
2014-07-16 15:30:00,52.64,52.67,52.585,52.6,50754
2014-07-16 15:45:00,52.595,52.6,52.53,52.5401,104748
2014-07-16 16:00:00,52.55,52.58,52.48,52.555,217131
2014-07-17 09:45:00,51.8,52.64,51.66,52.54,169514
2014-07-17 10:00:00,52.54,52.66,52.53,52.61,61891
2014-07-17 10:15:00,52.6,52.63,52.24,52.27,143830
2014-07-17 10:30:00,52.27,52.63,52.26,52.575,72261
2014-07-17 10:45:00,52.59,52.6,52.39,52.578,33572
2014-07-17 11:00:00,52.58,52.62,52.51,52.57,47054
2014-07-17 11:15:00,52.58,52.61,52.43,52.44,41294
2014-07-17 11:30:00,52.44,52.525,52.39,52.42,61240
2014-07-17 11:45:00,52.45,52.62,52.42,52.52,74743
2014-07-17 12:00:00,52.53,52.59,52.49,52.53,44052
2014-07-17 12:15:00,52.53,52.61,52.39,52.6,72437
2014-07-17 12:30:00,52.59,52.7,52.54,52.69,29458
2014-07-17 12:45:00,52.69,52.695,52.48,52.53,49646
2014-07-17 13:00:00,52.53,52.58,52.45,52.571999999999996,57872
2014-07-17 13:15:00,52.57,52.61,52.49,52.59,33217
2014-07-17 13:30:00,52.59,52.6,52.51,52.55,15607
2014-07-17 13:45:00,52.56,52.58,52.33,52.38,54062
2014-07-17 14:00:00,52.39,52.55,52.39,52.54,78591
2014-07-17 14:15:00,52.54,52.57,52.5,52.57,32654
2014-07-17 14:30:00,52.57,52.59,52.5293,52.57,54093
2014-07-17 14:45:00,52.57,52.66,52.57,52.6,67956
2014-07-17 15:00:00,52.6,52.74,52.6,52.71,82237
2014-07-17 15:15:00,52.71,52.88,52.7,52.88,172271
2014-07-17 15:30:00,52.885,52.92,52.87,52.9,125969
2014-07-17 15:45:00,52.9,52.925,52.88,52.895,203744
2014-07-17 16:00:00,52.895,52.99,52.89,52.94,389351
2014-07-18 09:45:00,52.72,53.36,52.72,53.01,81533
2014-07-18 10:00:00,53.005,53.14,52.98,53.03,23620
2014-07-18 10:15:00,53.07,53.09,52.96,53.03,17931
2014-07-18 10:30:00,53.03,53.1,52.87,53.05,21323
2014-07-18 10:45:00,53.06,53.09,52.84,52.9,25115
2014-07-18 11:00:00,52.92,53.18,52.92,53.16,22268
2014-07-18 11:15:00,53.17,53.21,53.11,53.16,29059
2014-07-18 11:30:00,53.1699,53.32,53.15,53.29,27275
2014-07-18 11:45:00,53.3,53.325,53.18,53.2,31198
2014-07-18 12:00:00,53.2,53.26,53.12,53.15,14786
2014-07-18 12:15:00,53.14,53.15,53.05,53.07,17620
2014-07-18 12:30:00,53.07,53.16,53.06,53.15,16409
2014-07-18 12:45:00,53.12,53.1226,53.06,53.1,8130
2014-07-18 13:00:00,53.1,53.1,53.02,53.0672,35639
2014-07-18 13:15:00,53.07,53.11,53.05,53.09,17597
2014-07-18 13:30:00,53.08,53.16,53.08,53.12,15366
2014-07-18 13:45:00,53.115,53.12,53.0,53.04,23979
2014-07-18 14:00:00,53.05,53.11,53.03,53.09,18604
2014-07-18 14:15:00,53.09,53.09,53.02,53.08,16587
2014-07-18 14:30:00,53.08,53.16,53.04,53.14,18204
2014-07-18 14:45:00,53.15,53.26,53.09,53.19,46662
2014-07-18 15:00:00,53.17,53.22,53.09,53.11,64178
2014-07-18 15:15:00,53.11,53.14,53.06,53.14,29294
2014-07-18 15:30:00,53.135,53.22,53.12,53.195,33742
2014-07-18 15:45:00,53.2,53.24,53.1,53.11,68196
2014-07-18 16:00:00,53.12,53.29,53.115,53.21,150138
2014-07-21 09:45:00,52.26,52.49,51.3405,51.97,368721
2014-07-21 10:00:00,51.98,52.2299,51.8,52.07,223810
2014-07-21 10:15:00,52.07,52.07,51.39,51.39,131864
2014-07-21 10:30:00,51.41,51.87,51.3,51.73,138067
2014-07-21 10:45:00,51.74,51.83,51.49,51.61,135210
2014-07-21 11:00:00,51.61,51.86,51.49,51.65,107130
2014-07-21 11:15:00,51.65,51.97,51.54,51.54,67397
2014-07-21 11:30:00,51.53,51.82,51.49,51.82,77985
2014-07-21 11:45:00,51.83,52.0,51.8,52.0,93048
2014-07-21 12:00:00,51.994,52.0,51.91,51.9599,88002
2014-07-21 12:15:00,51.95,51.95,51.74,51.74,55988
2014-07-21 12:30:00,51.75,51.81,51.3,51.3,86229
2014-07-21 12:45:00,51.3,51.56,51.3,51.45,46043
2014-07-21 13:00:00,51.475,51.53,51.36,51.49,43363
2014-07-21 13:15:00,51.51,51.53,51.45,51.51,30112
2014-07-21 13:30:00,51.51,51.78,51.5,51.525,39148
2014-07-21 13:45:00,51.53,51.63,51.53,51.63,34670
2014-07-21 14:00:00,51.65,51.65,51.56,51.58,28218
2014-07-21 14:15:00,51.6,51.72,51.5,51.5,45060
2014-07-21 14:30:00,51.51,51.56,51.41,51.515,59448
2014-07-21 14:45:00,51.51,51.68,51.48,51.5,78634
2014-07-21 15:00:00,51.515,51.65,51.45,51.47,59647
2014-07-21 15:15:00,51.47,51.75,51.41,51.66,108337
2014-07-21 15:30:00,51.66,51.99,51.66,51.89,144610
2014-07-21 15:45:00,51.895,51.895,51.6,51.78,149813
2014-07-21 16:00:00,51.78,52.0,51.73,51.8,309951
2014-07-22 09:45:00,53.18,53.18,52.0,52.01,103801
2014-07-22 10:00:00,52.02,52.03,51.85,51.89,110023
2014-07-22 10:15:00,51.89,52.0,51.7,51.7,54107
2014-07-22 10:30:00,51.685,51.74,51.55,51.57,46508
2014-07-22 10:45:00,51.57,51.69,51.5,51.64,49902
2014-07-22 11:00:00,51.64,51.71,51.5,51.63,38558
2014-07-22 11:15:00,51.63,51.63,51.41,51.46,43735
2014-07-22 11:30:00,51.478,51.48,51.325,51.33,50083
2014-07-22 11:45:00,51.3399,51.57,51.32,51.57,52111
2014-07-22 12:00:00,51.58,51.6,51.22,51.22,63302
2014-07-22 12:15:00,51.22,51.5,51.18,51.48,76222
2014-07-22 12:30:00,51.47,51.47,51.24,51.38,45860
2014-07-22 12:45:00,51.3984,51.41,51.23,51.32,62720
2014-07-22 13:00:00,51.325,51.37,51.18,51.22,51860
2014-07-22 13:15:00,51.22,51.22,51.07,51.09,59663
2014-07-22 13:30:00,51.09,51.135,51.05,51.06,62103
2014-07-22 13:45:00,51.055,51.19,51.05,51.19,81831
2014-07-22 14:00:00,51.19,51.405,51.19,51.3399,55752
2014-07-22 14:15:00,51.34,51.66,51.33,51.66,106718
2014-07-22 14:30:00,51.66,51.78,51.58,51.6389,85417
2014-07-22 14:45:00,51.64,51.73,51.59,51.59,91377
2014-07-22 15:00:00,51.59,51.78,51.56,51.78,68061
2014-07-22 15:15:00,51.77,51.78,51.5,51.58,97493
2014-07-22 15:30:00,51.59,51.77,51.59,51.74,95475
2014-07-22 15:45:00,51.75,51.78,51.6,51.64,151458
2014-07-22 16:00:00,51.65,51.715,51.63,51.65,244280
2014-07-23 09:45:00,51.49,52.16,51.33,51.51,115160
2014-07-23 10:00:00,51.536,51.59,51.39,51.44,42428
2014-07-23 10:15:00,51.46,51.52,51.34,51.3799,50033
2014-07-23 10:30:00,51.37,51.44,51.31,51.44,15543
2014-07-23 10:45:00,51.45,51.55,51.45,51.48,16190
2014-07-23 11:00:00,51.46,51.49,51.42,51.42,12017
2014-07-23 11:15:00,51.42,51.5,51.4,51.46,15693
2014-07-23 11:30:00,51.46,51.51,51.35,51.35,23732
2014-07-23 11:45:00,51.37,51.39,51.3,51.35,44451
2014-07-23 12:00:00,51.35,51.3645,51.26,51.32,23876
2014-07-23 12:15:00,51.32,51.345,51.28,51.32,51588
2014-07-23 12:30:00,51.32,51.36,51.25,51.25,46916
2014-07-23 12:45:00,51.26,51.29,51.24,51.26,102711
2014-07-23 13:00:00,51.26,51.29,51.14,51.15,28826
2014-07-23 13:15:00,51.145,51.23,51.14,51.19,31015
2014-07-23 13:30:00,51.19,51.255,51.15,51.15,33760
2014-07-23 13:45:00,51.16,51.23,51.15,51.215,31754
2014-07-23 14:00:00,51.22,51.27,51.18,51.2,39042
2014-07-23 14:15:00,51.195,51.2,51.14,51.18,54630
2014-07-23 14:30:00,51.17,51.25,51.145,51.21,40954
2014-07-23 14:45:00,51.205,51.25,51.2,51.24,26536
2014-07-23 15:00:00,51.235,51.3188,51.23,51.3188,57859
2014-07-23 15:15:00,51.32,51.37,51.27,51.37,58457
2014-07-23 15:30:00,51.36,51.39,51.305,51.33,39469
2014-07-23 15:45:00,51.33,51.36,51.18,51.21,50797
2014-07-23 16:00:00,51.205,51.21,51.16,51.175,142526
2014-07-24 09:45:00,51.15,51.43,51.13,51.28,86117
2014-07-24 10:00:00,51.29,51.4999,51.2801,51.38,19243
2014-07-24 10:15:00,51.39,51.42,51.255,51.3499,24881
2014-07-24 10:30:00,51.35,51.43,51.29,51.38,14760
2014-07-24 10:45:00,51.38,51.5,51.36,51.48,14248
2014-07-24 11:00:00,51.5,51.51,51.46,51.51,11133
2014-07-24 11:15:00,51.515,51.59,51.5,51.54,19015
2014-07-24 11:30:00,51.55,51.58,51.5,51.55,12418
2014-07-24 11:45:00,51.55,51.58,51.47,51.49,60590
2014-07-24 12:00:00,51.49,51.51,51.475,51.48,17609
2014-07-24 12:15:00,51.48,51.51,51.46,51.47,16513
2014-07-24 12:30:00,51.47,51.48,51.29,51.36,12618
2014-07-24 12:45:00,51.36,51.435,51.36,51.41,12139
2014-07-24 13:00:00,51.42,51.44,51.39,51.42,14417
2014-07-24 13:15:00,51.425,51.45,51.3,51.34,15508
2014-07-24 13:30:00,51.34,51.46,51.33,51.46,19876
2014-07-24 13:45:00,51.45,51.5,51.4,51.42,15156
2014-07-24 14:00:00,51.4,51.44,51.4,51.41,24078
2014-07-24 14:15:00,51.41,51.42,51.39,51.41,27879
2014-07-24 14:30:00,51.4174,51.52,51.4174,51.5,31853
2014-07-24 14:45:00,51.51,51.54,51.47,51.54,27166
2014-07-24 15:00:00,51.55,51.665,51.55,51.63,58936
2014-07-24 15:15:00,51.621,51.7,51.59,51.7,44501
2014-07-24 15:30:00,51.695,51.78,51.68,51.76,39816
2014-07-24 15:45:00,51.76,51.76,51.66,51.75,58419
2014-07-24 16:00:00,51.75,51.82,51.735,51.8,138751
2014-07-25 09:45:00,51.71,51.79,51.5295,51.63,64795
2014-07-25 10:00:00,51.67,51.85,51.62,51.776,28258
2014-07-25 10:15:00,51.77,51.77,51.54,51.57,12926
2014-07-25 10:30:00,51.55,51.56,51.5,51.54,12235
2014-07-25 10:45:00,51.5294,51.56,51.5,51.53,13245
2014-07-25 11:00:00,51.53,51.55,51.51,51.54,20386
2014-07-25 11:15:00,51.56,51.56,51.51,51.56,28000
2014-07-25 11:30:00,51.56,51.58,51.5,51.51,25012
2014-07-25 11:45:00,51.52,51.55,51.5,51.51,12401
2014-07-25 12:00:00,51.51,51.54,51.5,51.53,18494
2014-07-25 12:15:00,51.53,51.58,51.51,51.56,32046
2014-07-25 12:30:00,51.56,51.58,51.53,51.545,17728
2014-07-25 12:45:00,51.55,51.58,51.54,51.54,24130
2014-07-25 13:00:00,51.54,51.62,51.54,51.6195,12630
2014-07-25 13:15:00,51.63,51.63,51.49,51.52,14984
2014-07-25 13:30:00,51.51,51.52,51.46,51.48,21592
2014-07-25 13:45:00,51.5,51.52,51.42,51.51,17734
2014-07-25 14:00:00,51.51,51.53,51.5,51.52,13397
2014-07-25 14:15:00,51.52,51.575,51.49,51.56,24925
2014-07-25 14:30:00,51.56,51.7,51.55,51.7,17242
2014-07-25 14:45:00,51.69,51.695,51.62,51.66,22798
2014-07-25 15:00:00,51.67,51.7,51.6,51.64,23470
2014-07-25 15:15:00,51.64,51.68,51.64,51.665,22676
2014-07-25 15:30:00,51.67,51.71,51.6,51.62,36450
2014-07-25 15:45:00,51.63,51.705,51.6,51.69,128863
2014-07-25 16:00:00,51.7,51.7,51.39,51.47,650899
2014-07-28 09:45:00,51.39,51.61,51.39,51.5,58212
2014-07-28 10:00:00,51.48,51.61,51.45,51.5,19618
2014-07-28 10:15:00,51.48,51.63,51.46,51.51,23709
2014-07-28 10:30:00,51.52,51.6,51.45,51.6,27302
2014-07-28 10:45:00,51.597,51.68,51.54,51.66,41690
2014-07-28 11:00:00,51.66,51.6687,51.56,51.57,62744
2014-07-28 11:15:00,51.57,51.5775,51.4899,51.53,50961
2014-07-28 11:30:00,51.51,51.53,51.43,51.45,36663
2014-07-28 11:45:00,51.45,51.49,51.4,51.4,26494
2014-07-28 12:00:00,51.41,51.55,51.39,51.5,52268
2014-07-28 12:15:00,51.52,51.52,51.41,51.41,21733
2014-07-28 12:30:00,51.41,51.46,51.37,51.37,19318
2014-07-28 12:45:00,51.37,51.38,51.34,51.36,25382
2014-07-28 13:00:00,51.37,51.44,51.34,51.431000000000004,17842
2014-07-28 13:15:00,51.43,51.4325,51.27,51.28,29559
2014-07-28 13:30:00,51.28,51.34,51.26,51.28,22575
2014-07-28 13:45:00,51.27,51.4249,51.27,51.4,26477
2014-07-28 14:00:00,51.4,51.4,51.3,51.3001,22477
2014-07-28 14:15:00,51.31,51.38,51.31,51.37,36956
2014-07-28 14:30:00,51.37,51.37,51.285,51.33,21435
2014-07-28 14:45:00,51.34,51.36,51.28,51.29,38133
2014-07-28 15:00:00,51.29,51.36,51.29,51.36,33347
2014-07-28 15:15:00,51.36,51.36,51.29,51.31,65322
2014-07-28 15:30:00,51.31,51.31,51.21,51.25,72247
2014-07-28 15:45:00,51.25,51.25,51.135,51.19,100440
2014-07-28 16:00:00,51.18,51.18,51.05,51.15,334412
2014-07-29 09:45:00,51.17,51.3,51.0,51.2382,31988
2014-07-29 10:00:00,51.26,51.28,51.11,51.16,36424
2014-07-29 10:15:00,51.18,51.25,51.09,51.1,23632
2014-07-29 10:30:00,51.1,51.14,51.02,51.03,16548
2014-07-29 10:45:00,51.0301,51.04,50.86,50.89,32068
2014-07-29 11:00:00,50.92,50.93,50.76,50.76,40213
2014-07-29 11:15:00,50.78,50.81,50.635,50.71,72487
2014-07-29 11:30:00,50.71,50.72,50.54,50.54,24179
2014-07-29 11:45:00,50.54,50.54,50.38,50.4,41596
2014-07-29 12:00:00,50.39,50.61,50.22,50.6,190547
2014-07-29 12:15:00,50.605,50.8,50.5,50.67,77725
2014-07-29 12:30:00,50.68,50.77,50.65,50.74,13222
2014-07-29 12:45:00,50.74,50.75,50.64,50.72,19588
2014-07-29 13:00:00,50.73,50.85,50.71,50.85,24556
2014-07-29 13:15:00,50.85,50.89,50.78,50.82,22507
2014-07-29 13:30:00,50.82,50.83,50.762,50.79,17138
2014-07-29 13:45:00,50.79,50.8598,50.78,50.8001,14603
2014-07-29 14:00:00,50.83,50.86,50.8,50.82,22352
2014-07-29 14:15:00,50.815,50.83,50.8,50.82,35547
2014-07-29 14:30:00,50.815,50.83,50.68,50.765,56022
2014-07-29 14:45:00,50.765,50.78,50.68,50.68,21990
2014-07-29 15:00:00,50.675,50.73,50.655,50.69,44682
2014-07-29 15:15:00,50.68,50.79,50.67,50.76,15972
2014-07-29 15:30:00,50.76,50.77,50.715,50.74,32301
2014-07-29 15:45:00,50.74,50.78,50.69,50.71,49176
2014-07-29 16:00:00,50.71,50.77,50.65,50.7,131587
2014-07-30 09:45:00,50.46,50.69,50.09,50.5,58349
2014-07-30 10:00:00,50.52,50.645,50.485,50.52,31289
2014-07-30 10:15:00,50.52,50.56,50.325,50.53,23560
2014-07-30 10:30:00,50.52,50.675,50.5,50.56,24900
2014-07-30 10:45:00,50.58,50.628,50.47,50.47,21913
2014-07-30 11:00:00,50.47,50.59,50.41,50.52,17671
2014-07-30 11:15:00,50.52,50.58,50.41,50.54,19621
2014-07-30 11:30:00,50.56,50.655,50.56,50.6301,25511
2014-07-30 11:45:00,50.63,50.635,50.53,50.54,11700
2014-07-30 12:00:00,50.54,50.54,50.39,50.41,13400
2014-07-30 12:15:00,50.41,50.5,50.38,50.45,12975
2014-07-30 12:30:00,50.46,50.52,50.45,50.5,10072
2014-07-30 12:45:00,50.5,50.59,50.47,50.5836,11457
2014-07-30 13:00:00,50.58,50.6,50.56,50.58,9489
2014-07-30 13:15:00,50.58,50.62,50.46,50.47,9790
2014-07-30 13:30:00,50.47,50.47,50.385,50.39,11452
2014-07-30 13:45:00,50.38,50.54,50.37,50.5,15102
2014-07-30 14:00:00,50.5,50.53,50.44,50.53,15566
2014-07-30 14:15:00,50.53,50.82,50.42,50.81,39217
2014-07-30 14:30:00,50.81,50.85,50.675,50.74,26867
2014-07-30 14:45:00,50.74,50.75,50.69,50.7154,16056
2014-07-30 15:00:00,50.72,50.72,50.615,50.71,26181
2014-07-30 15:15:00,50.715,50.75,50.6,50.74,45194
2014-07-30 15:30:00,50.75,50.79,50.695,50.73,32560
2014-07-30 15:45:00,50.74,50.79,50.685,50.76,47189
2014-07-30 16:00:00,50.76,50.77,50.68,50.72,95460
2014-07-31 09:45:00,50.47,50.61,50.09,50.5985,27263
2014-07-31 10:00:00,50.59,50.7799,50.52,50.56,14915
2014-07-31 10:15:00,50.54,50.6,50.42,50.54,8790
2014-07-31 10:30:00,50.54,50.59,50.3,50.3066,34082
2014-07-31 10:45:00,50.33,50.37,50.27,50.355,10818
2014-07-31 11:00:00,50.35,50.39,50.17,50.19,14235
2014-07-31 11:15:00,50.23,50.32,50.16,50.16,45720
2014-07-31 11:30:00,50.18,50.265,50.11,50.2,20117
2014-07-31 11:45:00,50.18,50.34,50.14,50.26,34831
2014-07-31 12:00:00,50.24,50.26,50.16,50.16,13422
2014-07-31 12:15:00,50.19,50.21,50.12,50.14,17362
2014-07-31 12:30:00,50.13,50.1899,50.12,50.15,23065
2014-07-31 12:45:00,50.16,50.25,50.16,50.25,13243
2014-07-31 13:00:00,50.25,50.32,50.23,50.23,14289
2014-07-31 13:15:00,50.23,50.23,50.13,50.13,8339
2014-07-31 13:30:00,50.135,50.17,50.06,50.1,23046
2014-07-31 13:45:00,50.09,50.14,50.06,50.09,14607
2014-07-31 14:00:00,50.09,50.11,50.04,50.1023,12366
2014-07-31 14:15:00,50.1,50.14,50.04,50.05,11957
2014-07-31 14:30:00,50.06,50.1118,50.01,50.1118,13830
2014-07-31 14:45:00,50.14,50.155,50.08,50.11,11639
2014-07-31 15:00:00,50.11,50.11,49.98,50.01,15672
2014-07-31 15:15:00,50.01,50.09,49.975,49.99,22331
2014-07-31 15:30:00,49.98,50.03,49.93,49.95,23326
2014-07-31 15:45:00,49.95,50.03,49.95,49.96,48861
2014-07-31 16:00:00,49.95,49.986000000000004,49.8703,49.96,144333
2014-08-01 09:45:00,49.9,49.95,49.66,49.86,58775
2014-08-01 10:00:00,49.87,49.93,49.69,49.73,30456
2014-08-01 10:15:00,49.77,49.82,49.6,49.62,54924
2014-08-01 10:30:00,49.635,49.74,49.6,49.7265,21942
2014-08-01 10:45:00,49.72,49.75,49.615,49.71,32597
2014-08-01 11:00:00,49.72,49.74,49.65,49.7,16400
2014-08-01 11:15:00,49.7,49.7199,49.53,49.55,24261
2014-08-01 11:30:00,49.545,49.57,49.5,49.54,21467
2014-08-01 11:45:00,49.54,49.58,49.42,49.42,20613
2014-08-01 12:00:00,49.44,49.48,49.36,49.4,19592
2014-08-01 12:15:00,49.41,49.46,49.39,49.4,82954
2014-08-01 12:30:00,49.4,49.56,49.4,49.49,16804
2014-08-01 12:45:00,49.49,49.54,49.43,49.45,40300
2014-08-01 13:00:00,49.43,49.5,49.38,49.45,24525
2014-08-01 13:15:00,49.45,49.49,49.43,49.44,29084
2014-08-01 13:30:00,49.44,49.53,49.39,49.5,25319
2014-08-01 13:45:00,49.53,49.6046,49.48,49.57,14410
2014-08-01 14:00:00,49.56,49.61,49.515,49.59,19736
2014-08-01 14:15:00,49.59,49.61,49.51,49.6,16973
2014-08-01 14:30:00,49.6,49.6,49.54,49.575,19350
2014-08-01 14:45:00,49.58,49.69,49.58,49.69,18246
2014-08-01 15:00:00,49.69,49.695,49.59,49.6418,21257
2014-08-01 15:15:00,49.65,49.725,49.62,49.7,40844
2014-08-01 15:30:00,49.71,49.76,49.67,49.685,37556
2014-08-01 15:45:00,49.68,49.69,49.6,49.65,47472
2014-08-01 16:00:00,49.63,49.68,49.57,49.61,108680
2014-08-04 09:45:00,49.68,49.9,49.585,49.74,37371
2014-08-04 10:00:00,49.6901,49.85,49.6901,49.73,61650
2014-08-04 10:15:00,49.73,49.86,49.7,49.81,17272
2014-08-04 10:30:00,49.81,49.84,49.7,49.75,44096
2014-08-04 10:45:00,49.75,49.76,49.65,49.65,10682
2014-08-04 11:00:00,49.65,49.67,49.52,49.57,20802
2014-08-04 11:15:00,49.57,49.66,49.55,49.614,11410
2014-08-04 11:30:00,49.61,49.72,49.58,49.715,11169
2014-08-04 11:45:00,49.71,49.7632,49.66,49.69,18384
2014-08-04 12:00:00,49.69,49.78,49.69,49.75,11541
2014-08-04 12:15:00,49.76,49.76,49.69,49.715,12501
2014-08-04 12:30:00,49.69,49.73,49.66,49.69,11899
2014-08-04 12:45:00,49.69,49.72,49.66,49.7054,10054
2014-08-04 13:00:00,49.72,49.75,49.69,49.74,13154
2014-08-04 13:15:00,49.74,49.75,49.6531,49.67,22631
2014-08-04 13:30:00,49.67,49.745,49.64,49.73,7777
2014-08-04 13:45:00,49.73,49.81,49.71,49.8,10298
2014-08-04 14:00:00,49.81,49.8625,49.7803,49.7803,12963
2014-08-04 14:15:00,49.79,49.82,49.73,49.73,11731
2014-08-04 14:30:00,49.73,49.73,49.65,49.65,19225
2014-08-04 14:45:00,49.65,49.73,49.63,49.72,18531
2014-08-04 15:00:00,49.715,49.83,49.715,49.83,8246
2014-08-04 15:15:00,49.83,49.83,49.77,49.81,18086
2014-08-04 15:30:00,49.82,49.86,49.77,49.8,22701
2014-08-04 15:45:00,49.81,49.85,49.76,49.79,38260
2014-08-04 16:00:00,49.8,49.8,49.66,49.7,135643
2014-08-05 09:45:00,49.74,49.9235,49.52,49.8899,68296
2014-08-05 10:00:00,49.88,49.9,49.7,49.77,24250
2014-08-05 10:15:00,49.77,49.9299,49.75,49.9,21251
2014-08-05 10:30:00,49.895,50.19,49.82,50.12,34863
2014-08-05 10:45:00,50.12,50.19,50.03,50.16,46798
2014-08-05 11:00:00,50.13,50.208999999999996,50.015,50.02,20862
2014-08-05 11:15:00,50.04,50.08,49.99,50.07,9009
2014-08-05 11:30:00,50.09,50.12,49.98,49.99,26485
2014-08-05 11:45:00,50.01,50.1,49.97,50.081,26659
2014-08-05 12:00:00,50.08,50.17,50.0,50.16,29423
2014-08-05 12:15:00,50.16,50.26,50.11,50.26,24668
2014-08-05 12:30:00,50.26,50.31,50.2,50.22,30858
2014-08-05 12:45:00,50.22,50.24,50.13,50.16,14098
2014-08-05 13:00:00,50.17,50.21,50.14,50.17,15309
2014-08-05 13:15:00,50.18,50.19,50.1,50.165,15710
2014-08-05 13:30:00,50.165,50.195,50.12,50.15,39193
2014-08-05 13:45:00,50.16,50.19,49.8,49.88,53332
2014-08-05 14:00:00,49.87,50.07,49.87,49.94,71398
2014-08-05 14:15:00,49.94,49.97,49.81,49.94,50253
2014-08-05 14:30:00,49.95,50.04,49.855,50.03,28764
2014-08-05 14:45:00,50.03,50.11,49.975,50.04,48611
2014-08-05 15:00:00,50.06,50.11,49.985,50.03,51152
2014-08-05 15:15:00,50.03,50.1,50.02,50.06,46386
2014-08-05 15:30:00,50.06,50.24,50.06,50.09,67092
2014-08-05 15:45:00,50.09,50.18,50.05,50.05,37444
2014-08-05 16:00:00,50.05,50.11,50.035,50.04,77355
2014-08-06 09:45:00,49.95,50.14,49.83,49.9,28386
2014-08-06 10:00:00,49.92,50.08,49.89,49.95,18060
2014-08-06 10:15:00,49.96,50.19,49.945,50.12,25519
2014-08-06 10:30:00,50.13,50.245,50.095,50.22,15719
2014-08-06 10:45:00,50.24,50.27,50.08,50.21,24933
2014-08-06 11:00:00,50.21,50.29,50.19,50.27,7801
2014-08-06 11:15:00,50.28,50.33,50.16,50.185,13211
2014-08-06 11:30:00,50.18,50.18,50.11,50.13,32225
2014-08-06 11:45:00,50.13,50.27,50.13,50.27,8700
2014-08-06 12:00:00,50.3,50.38,50.27,50.38,17583
2014-08-06 12:15:00,50.38,50.45,50.33,50.34,15508
2014-08-06 12:30:00,50.37,50.37,50.23,50.25,9363
2014-08-06 12:45:00,50.26,50.31,50.24,50.26,11083
2014-08-06 13:00:00,50.27,50.28,50.14,50.14,9750
2014-08-06 13:15:00,50.15,50.163999999999994,50.08,50.12,8840
2014-08-06 13:30:00,50.12,50.17,50.12,50.12,14462
2014-08-06 13:45:00,50.1,50.16,50.08,50.13,10898
2014-08-06 14:00:00,50.13,50.18,50.05,50.17,56699
2014-08-06 14:15:00,50.17,50.23,50.15,50.21,14709
2014-08-06 14:30:00,50.22,50.29,50.2,50.29,11858
2014-08-06 14:45:00,50.29,50.409,50.26,50.409,18485
2014-08-06 15:00:00,50.4,50.42,50.355,50.37,15400
2014-08-06 15:15:00,50.37,50.44,50.32,50.33,57357
2014-08-06 15:30:00,50.33,50.385,50.3,50.3008,33383
2014-08-06 15:45:00,50.31,50.39,50.29,50.37,46449
2014-08-06 16:00:00,50.38,50.39,50.26,50.27,97644
2014-08-07 09:45:00,50.68,50.68,50.2436,50.27,43023
2014-08-07 10:00:00,50.28,50.53,50.18,50.46,56714
2014-08-07 10:15:00,50.49,50.555,50.34,50.39,25964
2014-08-07 10:30:00,50.4,50.44,50.31,50.38,43718
2014-08-07 10:45:00,50.37,50.46,50.32,50.34,8770
2014-08-07 11:00:00,50.34,50.34,50.19,50.2,16362
2014-08-07 11:15:00,50.18,50.2,50.076,50.1,10881
2014-08-07 11:30:00,50.1,50.21,50.09,50.17,20800
2014-08-07 11:45:00,50.17,50.2236,50.14,50.14,7807
2014-08-07 12:00:00,50.14,50.14,50.02,50.02,11987
2014-08-07 12:15:00,50.02,50.04,49.99,50.02,9580
2014-08-07 12:30:00,50.005,50.04,49.978,50.0,8535
2014-08-07 12:45:00,49.99,50.015,49.9501,50.01,7022
2014-08-07 13:00:00,50.01,50.08,50.01,50.07,7000
2014-08-07 13:15:00,50.07,50.17,50.07,50.14,4456
2014-08-07 13:30:00,50.14,50.16,50.11,50.14,4500
2014-08-07 13:45:00,50.14,50.18,50.09,50.18,6148
2014-08-07 14:00:00,50.21,50.21,50.1,50.12,17593
2014-08-07 14:15:00,50.14,50.14,50.0,50.0,10931
2014-08-07 14:30:00,50.02,50.04,49.95,49.96,64190
2014-08-07 14:45:00,49.96,49.96,49.89,49.89,13996
2014-08-07 15:00:00,49.9,49.92,49.775,49.78,19877
2014-08-07 15:15:00,49.78,49.826,49.7,49.7,42140
2014-08-07 15:30:00,49.72,49.72,49.6,49.62,26322
2014-08-07 15:45:00,49.62,49.7,49.59,49.65,43019
2014-08-07 16:00:00,49.645,49.73,49.6001,49.68,93179
2014-08-08 09:45:00,49.75,50.16,49.75,50.07,65174
2014-08-08 10:00:00,50.06,50.28,50.01,50.25,26090
2014-08-08 10:15:00,50.25,50.27,50.11,50.14,46061
2014-08-08 10:30:00,50.14,50.23,50.13,50.14,16902
2014-08-08 10:45:00,50.1352,50.4132,50.1352,50.39,15079
2014-08-08 11:00:00,50.4,50.51,50.398,50.48,23064
2014-08-08 11:15:00,50.48,50.57,50.44,50.56,18656
2014-08-08 11:30:00,50.56,50.585,50.48,50.55,51750
2014-08-08 11:45:00,50.55,50.645,50.48,50.48,17354
2014-08-08 12:00:00,50.48,50.515,50.46,50.49,8389
2014-08-08 12:15:00,50.47,50.48,50.38,50.4,6282
2014-08-08 12:30:00,50.41,50.47,50.36,50.37,43270
2014-08-08 12:45:00,50.37,50.375,50.32,50.35,7301
2014-08-08 13:00:00,50.35,50.395,50.34,50.39,5904
2014-08-08 13:15:00,50.39,50.41,50.29,50.31,16347
2014-08-08 13:30:00,50.32,50.41,50.3,50.402,28465
2014-08-08 13:45:00,50.4,50.402,50.332,50.38,13999
2014-08-08 14:00:00,50.38,50.38,50.33,50.37,19773
2014-08-08 14:15:00,50.36,50.375,50.321999999999996,50.34,19363
2014-08-08 14:30:00,50.341,50.351000000000006,50.3,50.33,18038
2014-08-08 14:45:00,50.33,50.41,50.32,50.36,16573
2014-08-08 15:00:00,50.38,50.41,50.34,50.36,22193
2014-08-08 15:15:00,50.36,50.4,50.34,50.36,21150
2014-08-08 15:30:00,50.37,50.48,50.37,50.48,22370
2014-08-08 15:45:00,50.4758,50.5,50.38,50.38,52865
2014-08-08 16:00:00,50.39,50.42,50.36,50.38,209022
2014-08-11 09:45:00,50.64,50.72,50.48,50.62,73237
2014-08-11 10:00:00,50.6,50.73,50.56,50.63,39830
2014-08-11 10:15:00,50.64,50.758,50.61,50.66,20435
2014-08-11 10:30:00,50.656000000000006,50.76,50.656000000000006,50.695,30627
2014-08-11 10:45:00,50.7,50.85,50.67,50.8001,26374
2014-08-11 11:00:00,50.82,50.85,50.7,50.7,16683
2014-08-11 11:15:00,50.69,50.81,50.6701,50.81,16652
2014-08-11 11:30:00,50.81,50.83,50.7,50.7,32359
2014-08-11 11:45:00,50.7,50.77,50.65,50.77,11502
2014-08-11 12:00:00,50.77,50.8101,50.7399,50.8,20141
2014-08-11 12:15:00,50.8,50.8,50.72,50.77,32551
2014-08-11 12:30:00,50.76,50.7901,50.72,50.76,25997
2014-08-11 12:45:00,50.74,50.8,50.72,50.79,27109
2014-08-11 13:00:00,50.78,50.78,50.71,50.72,16754
2014-08-11 13:15:00,50.72,50.77,50.6901,50.6901,23562
2014-08-11 13:30:00,50.7,50.75,50.67,50.67,7635
2014-08-11 13:45:00,50.666000000000004,50.71,50.64,50.71,29199
2014-08-11 14:00:00,50.72,50.75,50.58,50.58,27692
2014-08-11 14:15:00,50.6,50.62,50.54,50.61,14984
2014-08-11 14:30:00,50.62,50.66,50.58,50.64,9644
2014-08-11 14:45:00,50.638000000000005,50.7,50.62,50.7,10107
2014-08-11 15:00:00,50.7,50.72,50.64,50.65,18822
2014-08-11 15:15:00,50.655,50.68,50.65,50.66,16535
2014-08-11 15:30:00,50.665,50.69,50.6,50.61,22833
2014-08-11 15:45:00,50.605,50.65,50.55,50.55,34514
2014-08-11 16:00:00,50.555,50.615,50.55,50.57,93148
2014-08-12 09:45:00,50.63,50.85,50.63,50.68,17658
2014-08-12 10:00:00,50.65,50.71,50.58,50.62,8825
2014-08-12 10:15:00,50.66,50.72,50.63,50.7,6693
2014-08-12 10:30:00,50.73,50.76,50.65,50.68,38903
2014-08-12 10:45:00,50.68,50.74,50.62,50.62,9607
2014-08-12 11:00:00,50.62,50.63,50.52,50.556000000000004,9998
2014-08-12 11:15:00,50.55,50.55,50.45,50.51,10920
2014-08-12 11:30:00,50.498000000000005,50.51,50.38,50.38,10347
2014-08-12 11:45:00,50.38,50.425,50.28,50.28,14145
2014-08-12 12:00:00,50.28,50.34,50.26,50.3,17018
2014-08-12 12:15:00,50.3,50.43,50.29,50.42,9300
2014-08-12 12:30:00,50.4201,50.46,50.4001,50.44,9206
2014-08-12 12:45:00,50.44,50.5,50.426,50.47,7834
2014-08-12 13:00:00,50.4869,50.5,50.39,50.39,9201
2014-08-12 13:15:00,50.4,50.41,50.37,50.37,8145
2014-08-12 13:30:00,50.36,50.37,50.28,50.32,6791
2014-08-12 13:45:00,50.32,50.33,50.23,50.23,7503
2014-08-12 14:00:00,50.22,50.32,50.21,50.3,10067
2014-08-12 14:15:00,50.3,50.305,50.21,50.21,9380
2014-08-12 14:30:00,50.22,50.255,50.16,50.19,8168
2014-08-12 14:45:00,50.17,50.22,50.16,50.21,14255
2014-08-12 15:00:00,50.2,50.21,50.15,50.18,7987
2014-08-12 15:15:00,50.18,50.26,50.18,50.24,12391
2014-08-12 15:30:00,50.24,50.27,50.19,50.24,17455
2014-08-12 15:45:00,50.24,50.295,50.21,50.26,19633
2014-08-12 16:00:00,50.27,50.3,50.24,50.25,56955
2014-08-13 09:45:00,50.22,50.5,48.01,50.23,23531
2014-08-13 10:00:00,50.29,50.29,50.0971,50.0971,10437
2014-08-13 10:15:00,50.11,50.26,50.1,50.1,15101
2014-08-13 10:30:00,50.12,50.22,50.12,50.12,9556
2014-08-13 10:45:00,50.12,50.19,50.1,50.16,4400
2014-08-13 11:00:00,50.16,50.26,50.15,50.26,6381
2014-08-13 11:15:00,50.245,50.43,50.24,50.43,8653
2014-08-13 11:30:00,50.4,50.42,50.34,50.39,14523
2014-08-13 11:45:00,50.4,50.44,50.39,50.42,17462
2014-08-13 12:00:00,50.41,50.45,50.39,50.44,9163
2014-08-13 12:15:00,50.44,50.46,50.4,50.426,10587
2014-08-13 12:30:00,50.43,50.46,50.41,50.46,7800
2014-08-13 12:45:00,50.47,50.49,50.45,50.47,11354
2014-08-13 13:00:00,50.46,50.54,50.46,50.49,13287
2014-08-13 13:15:00,50.5,50.58,50.49,50.5,39888
2014-08-13 13:30:00,50.5,50.55,50.4899,50.53,12752
2014-08-13 13:45:00,50.55,50.62,50.53,50.61,12500
2014-08-13 14:00:00,50.615,50.68,50.61,50.61,15704
2014-08-13 14:15:00,50.61,50.64,50.58,50.58,26160
2014-08-13 14:30:00,50.59,50.59,50.43,50.44,24386
2014-08-13 14:45:00,50.42,50.5,50.41,50.5,14433
2014-08-13 15:00:00,50.5,50.51,50.47,50.49,36307
2014-08-13 15:15:00,50.49,50.5,50.42,50.475,27864
2014-08-13 15:30:00,50.475,50.4799,50.43,50.44,19813
2014-08-13 15:45:00,50.44,50.445,50.4,50.41,47729
2014-08-13 16:00:00,50.41,50.42,50.29,50.31,171474
2014-08-14 09:45:00,50.4,50.705,50.4,50.65,42169
2014-08-14 10:00:00,50.63,50.77,50.61,50.68,24157
2014-08-14 10:15:00,50.69,50.77,50.61,50.77,28710
2014-08-14 10:30:00,50.763999999999996,50.85,50.67,50.7,13230
2014-08-14 10:45:00,50.65,50.745,50.65,50.74,12615
2014-08-14 11:00:00,50.7122,50.76,50.67,50.7,11290
2014-08-14 11:15:00,50.7,50.86,50.7,50.86,12519
2014-08-14 11:30:00,50.86,50.93,50.86,50.9,19964
2014-08-14 11:45:00,50.91,51.03,50.91,51.005,29032
2014-08-14 12:00:00,51.0,51.11,51.0,51.08,27990
2014-08-14 12:15:00,51.09,51.15,51.05,51.12,37993
2014-08-14 12:30:00,51.12,51.12,50.99,51.05,12845
2014-08-14 12:45:00,51.048,51.048,50.96,50.985,11632
2014-08-14 13:00:00,50.99,51.025,50.97,50.973,12200
2014-08-14 13:15:00,50.97,51.04,50.97,51.01,21051
2014-08-14 13:30:00,51.0183,51.03,50.95,50.955,11284
2014-08-14 13:45:00,50.95,50.99,50.92,50.97,15050
2014-08-14 14:00:00,50.98,50.99,50.89,50.91,18617
2014-08-14 14:15:00,50.9167,50.955,50.87,50.9,13666
2014-08-14 14:30:00,50.89,50.945,50.81,50.94,35013
2014-08-14 14:45:00,50.94,51.02,50.94,50.975,22313
2014-08-14 15:00:00,50.97,50.98,50.9,50.9,29297
2014-08-14 15:15:00,50.91,50.98,50.905,50.94,19905
2014-08-14 15:30:00,50.95,50.98,50.89,50.9,26336
2014-08-14 15:45:00,50.9,50.94,50.89,50.91,32506
2014-08-14 16:00:00,50.905,51.005,50.88,51.0,104931
2014-08-15 09:45:00,51.21,51.43,51.07,51.3,66853
2014-08-15 10:00:00,51.28,51.34,51.18,51.34,14921
2014-08-15 10:15:00,51.32,51.36,51.144,51.16,24718
2014-08-15 10:30:00,51.16,51.25,51.1,51.1,18375
2014-08-15 10:45:00,51.11,51.15,50.986000000000004,51.0,10531
2014-08-15 11:00:00,50.992,50.992,50.6,50.78,16553
2014-08-15 11:15:00,50.79,50.85,50.71,50.7722,14067
2014-08-15 11:30:00,50.77,50.8,50.7,50.71,8999
2014-08-15 11:45:00,50.7,50.76,50.64,50.72,7250
2014-08-15 12:00:00,50.72,50.74,50.52,50.53,10924
2014-08-15 12:15:00,50.53,50.54,50.5,50.52,10225
2014-08-15 12:30:00,50.52,50.64,50.49,50.64,24431
2014-08-15 12:45:00,50.64,50.7057,50.6,50.7057,8033
2014-08-15 13:00:00,50.72,50.75,50.7,50.75,5802
2014-08-15 13:15:00,50.71,50.72,50.65,50.67,4896
2014-08-15 13:30:00,50.67,50.67,50.62,50.65,5512
2014-08-15 13:45:00,50.66,50.67,50.57,50.66,7655
2014-08-15 14:00:00,50.66,50.7,50.59,50.62,26733
2014-08-15 14:15:00,50.62,50.73,50.59,50.73,9710
2014-08-15 14:30:00,50.72,50.8,50.68,50.8,7150
2014-08-15 14:45:00,50.8,50.9,50.77,50.9,16316
2014-08-15 15:00:00,50.8999,50.9,50.85,50.87,11324
2014-08-15 15:15:00,50.87,50.88,50.8,50.8,11858
2014-08-15 15:30:00,50.8,50.83,50.75,50.75,16533
2014-08-15 15:45:00,50.75,50.82,50.74,50.8,21543
2014-08-15 16:00:00,50.81,50.83,50.76,50.79,49183
2014-08-18 09:45:00,50.99,51.59,50.99,51.5,57176
2014-08-18 10:00:00,51.49,51.63,51.43,51.55,46061
2014-08-18 10:15:00,51.54,51.54,51.42,51.49,19993
2014-08-18 10:30:00,51.5,51.54,51.43,51.445,22973
2014-08-18 10:45:00,51.46,51.54,51.44,51.54,25970
2014-08-18 11:00:00,51.555,51.58,51.53,51.5666,33002
2014-08-18 11:15:00,51.58,51.58,51.49,51.5252,16144
2014-08-18 11:30:00,51.54,51.61,51.54,51.61,12200
2014-08-18 11:45:00,51.62,51.66,51.6,51.64,18546
2014-08-18 12:00:00,51.64,51.66,51.32,51.62,23175
2014-08-18 12:15:00,51.62,51.6665,51.61,51.65,20059
2014-08-18 12:30:00,51.65,51.66,51.62,51.64,12418
2014-08-18 12:45:00,51.64,51.64,51.58,51.59,19570
2014-08-18 13:00:00,51.59,51.5934,51.54,51.54,10263
2014-08-18 13:15:00,51.53,51.54,51.45,51.51,17938
2014-08-18 13:30:00,51.52,51.59,51.44,51.46,17716
2014-08-18 13:45:00,51.46,51.5435,51.44,51.53,12972
2014-08-18 14:00:00,51.53,51.56,51.52,51.56,16800
2014-08-18 14:15:00,51.56,51.5642,51.53,51.54,29570
2014-08-18 14:30:00,51.54,51.59,51.52,51.56,26184
2014-08-18 14:45:00,51.57,51.58,51.54,51.58,16780
2014-08-18 15:00:00,51.58,51.63,51.56,51.62,26428
2014-08-18 15:15:00,51.63,51.63,51.555,51.56,24878
2014-08-18 15:30:00,51.56,51.57,51.525,51.57,52990
2014-08-18 15:45:00,51.57,51.58,51.53,51.55,47619
2014-08-18 16:00:00,51.55,51.59,51.54,51.58,68183
2014-08-19 09:45:00,51.56,51.96,51.56,51.96,71437
2014-08-19 10:00:00,51.95,51.98,51.765,51.8,10083
2014-08-19 10:15:00,51.83,51.89,51.75,51.88,36371
2014-08-19 10:30:00,51.88,51.96,51.82,51.95,36411
2014-08-19 10:45:00,51.9499,51.985,51.92,51.94,36580
2014-08-19 11:00:00,51.94,51.995,51.92,51.98,20660
2014-08-19 11:15:00,51.955,51.98,51.89,51.93,13130
2014-08-19 11:30:00,51.93,51.94,51.8575,51.93,20945
2014-08-19 11:45:00,51.91,51.92,51.85,51.88,13864
2014-08-19 12:00:00,51.885,51.91,51.84,51.86,19470
2014-08-19 12:15:00,51.87,51.88,51.85,51.87,14755
2014-08-19 12:30:00,51.86,51.86,51.7933,51.8,8348
2014-08-19 12:45:00,51.8,51.81,51.72,51.805,16106
2014-08-19 13:00:00,51.805,51.84,51.8,51.81,15252
2014-08-19 13:15:00,51.83,51.85,51.82,51.83,12217
2014-08-19 13:30:00,51.83,51.858000000000004,51.8,51.82,10634
2014-08-19 13:45:00,51.82,51.825,51.75,51.81,19413
2014-08-19 14:00:00,51.81,51.878,51.81,51.86,39315
2014-08-19 14:15:00,51.86,51.875,51.82,51.87,8481
2014-08-19 14:30:00,51.87,51.91,51.83,51.88,9035
2014-08-19 14:45:00,51.891999999999996,51.92,51.86,51.9001,12957
2014-08-19 15:00:00,51.9,51.95,51.9,51.91,12742
2014-08-19 15:15:00,51.91,51.925,51.84,51.865,14983
2014-08-19 15:30:00,51.85,51.87,51.83,51.8665,16359
2014-08-19 15:45:00,51.865,51.885,51.83,51.85,23067
2014-08-19 16:00:00,51.855,51.93,51.84,51.9,78839
2014-08-20 09:45:00,51.54,51.95,51.49,51.76,43826
2014-08-20 10:00:00,51.76,51.8,51.68,51.69,19694
2014-08-20 10:15:00,51.68,51.74,51.57,51.6708,28886
2014-08-20 10:30:00,51.68,51.74,51.68,51.69,8643
2014-08-20 10:45:00,51.71,51.76,51.65,51.75,22111
2014-08-20 11:00:00,51.75,51.87,51.75,51.86,17247
2014-08-20 11:15:00,51.86,52.02,51.78,52.015,40225
2014-08-20 11:30:00,52.01,52.1,52.01,52.075,25607
2014-08-20 11:45:00,52.09,52.14,52.08,52.135,15595
2014-08-20 12:00:00,52.13,52.15,52.11,52.14,13564
2014-08-20 12:15:00,52.14,52.17,52.14,52.16,13057
2014-08-20 12:30:00,52.17,52.195,52.15,52.18,28895
2014-08-20 12:45:00,52.18,52.18,52.1,52.1,13166
2014-08-20 13:00:00,52.095,52.105,52.05,52.1,9737
2014-08-20 13:15:00,52.105,52.12,52.095,52.095,9441
2014-08-20 13:30:00,52.09,52.15,52.09,52.13,14419
2014-08-20 13:45:00,52.13,52.17,52.12,52.14,9645
2014-08-20 14:00:00,52.15,52.21,52.135,52.205,16813
2014-08-20 14:15:00,52.2,52.205,52.08,52.135,40113
2014-08-20 14:30:00,52.14,52.21,52.12,52.18,19205
2014-08-20 14:45:00,52.185,52.21,52.175,52.195,21610
2014-08-20 15:00:00,52.2,52.25,52.185,52.2,17911
2014-08-20 15:15:00,52.2,52.345,52.2,52.335,35564
2014-08-20 15:30:00,52.33,52.335,52.21,52.21,86713
2014-08-20 15:45:00,52.21,52.225,52.13,52.175,36764
2014-08-20 16:00:00,52.175,52.18,52.12,52.15,73559
2014-08-21 09:45:00,52.29,52.66,52.2,52.63,56369
2014-08-21 10:00:00,52.62,52.635,52.38,52.44,42075
2014-08-21 10:15:00,52.45,52.46,52.28,52.31,24265
2014-08-21 10:30:00,52.32,52.43,52.31,52.4099,9156
2014-08-21 10:45:00,52.41,52.54,52.39,52.53,24623
2014-08-21 11:00:00,52.53,52.55,52.4801,52.52,13256
2014-08-21 11:15:00,52.52,52.61,52.5,52.605,17255
2014-08-21 11:30:00,52.605,52.63,52.54,52.625,22664
2014-08-21 11:45:00,52.62,52.63,52.51,52.54,40371
2014-08-21 12:00:00,52.53,52.62,52.525,52.545,19900
2014-08-21 12:15:00,52.54,52.55,52.495,52.5,17152
2014-08-21 12:30:00,52.51,52.57,52.45,52.5,19843
2014-08-21 12:45:00,52.49,52.54,52.47,52.5,14104
2014-08-21 13:00:00,52.505,52.55,52.47,52.495,13858
2014-08-21 13:15:00,52.51,52.53,52.489,52.53,13500
2014-08-21 13:30:00,52.53,52.58,52.52,52.53,13700
2014-08-21 13:45:00,52.53,52.55,52.51,52.52,17972
2014-08-21 14:00:00,52.53,52.53,52.49,52.5,17204
2014-08-21 14:15:00,52.49,52.49,52.42,52.47,13758
2014-08-21 14:30:00,52.48,52.54,52.46,52.515,12788
2014-08-21 14:45:00,52.515,52.52,52.43,52.45,28529
2014-08-21 15:00:00,52.45,52.57,52.4487,52.565,29789
2014-08-21 15:15:00,52.565,52.62,52.55,52.62,37714
2014-08-21 15:30:00,52.615,52.69,52.6,52.68,46011
2014-08-21 15:45:00,52.68,52.7,52.64,52.65,53986
2014-08-21 16:00:00,52.655,52.67,52.59,52.605,86412
2014-08-22 09:45:00,51.51,52.74,51.51,52.59,37272
2014-08-22 10:00:00,52.59,52.68,52.51,52.68,9470
2014-08-22 10:15:00,52.69,52.75,52.64,52.68,19179
2014-08-22 10:30:00,52.69,52.72,52.58,52.64,11721
2014-08-22 10:45:00,52.66,52.68,52.55,52.57,14028
2014-08-22 11:00:00,52.58,52.615,52.45,52.46,14210
2014-08-22 11:15:00,52.46,52.55,52.43,52.54,11718
2014-08-22 11:30:00,52.54,52.59,52.48,52.59,14754
2014-08-22 11:45:00,52.6,52.6,52.49,52.5,13911
2014-08-22 12:00:00,52.51,52.59,52.5,52.59,12262
2014-08-22 12:15:00,52.61,52.71,52.61,52.69,10435
2014-08-22 12:30:00,52.7,52.92,52.7,52.915,31526
2014-08-22 12:45:00,52.92,52.99,52.76,52.78,32250
2014-08-22 13:00:00,52.78,52.79,52.74,52.79,9442
2014-08-22 13:15:00,52.79,52.8,52.69,52.69,7667
2014-08-22 13:30:00,52.71,52.82,52.71,52.79,12257
2014-08-22 13:45:00,52.79,52.795,52.715,52.78,8550
2014-08-22 14:00:00,52.8,52.8,52.69,52.69,7788
2014-08-22 14:15:00,52.675,52.7,52.64,52.7,10934
2014-08-22 14:30:00,52.7,52.72,52.67,52.67,13036
2014-08-22 14:45:00,52.66,52.67,52.585,52.64,10998
2014-08-22 15:00:00,52.65,52.65,52.58,52.65,13263
2014-08-22 15:15:00,52.65,52.7,52.58,52.69,24099
2014-08-22 15:30:00,52.7,52.7,52.55,52.55,23491
2014-08-22 15:45:00,52.55,52.56,52.44,52.44,35675
2014-08-22 16:00:00,52.445,52.5,52.425,52.455,103642
2014-08-25 09:45:00,52.95,52.985,52.52,52.68,36264
2014-08-25 10:00:00,52.68,52.76,52.6,52.7499,40320
2014-08-25 10:15:00,52.75,52.83,52.66,52.77,19918
2014-08-25 10:30:00,52.78,52.82,52.76,52.79,17201
2014-08-25 10:45:00,52.79,52.9011,52.79,52.88,18132
2014-08-25 11:00:00,52.88,52.92,52.83,52.86,14168
2014-08-25 11:15:00,52.86,52.9099,52.82,52.82,16635
2014-08-25 11:30:00,52.82,52.8401,52.75,52.79,34086
2014-08-25 11:45:00,52.79,52.83,52.77,52.82,14170
2014-08-25 12:00:00,52.83,52.84,52.76,52.79,12055
2014-08-25 12:15:00,52.8,52.83,52.79,52.81,14292
2014-08-25 12:30:00,52.81,52.818000000000005,52.73,52.75,12561
2014-08-25 12:45:00,52.7469,52.78,52.71,52.7301,14427
2014-08-25 13:00:00,52.73,52.7599,52.71,52.73,13564
2014-08-25 13:15:00,52.73,52.76,52.7,52.76,13590
2014-08-25 13:30:00,52.76,52.8,52.73,52.7899,7619
2014-08-25 13:45:00,52.78,52.78,52.74,52.75,5910
2014-08-25 14:00:00,52.74,52.8,52.74,52.77,8855
2014-08-25 14:15:00,52.755,52.8,52.729,52.8,14365
2014-08-25 14:30:00,52.8,52.81,52.74,52.75,8829
2014-08-25 14:45:00,52.75,52.7699,52.72,52.7399,13163
2014-08-25 15:00:00,52.73,52.74,52.7,52.7162,19123
2014-08-25 15:15:00,52.7199,52.72,52.7,52.72,17827
2014-08-25 15:30:00,52.715,52.74,52.7,52.71,32647
2014-08-25 15:45:00,52.71,52.75,52.71,52.74,16361
2014-08-25 16:00:00,52.7484,52.75,52.69,52.7,54945
2014-08-26 09:45:00,52.63,52.71,52.52,52.53,38865
2014-08-26 10:00:00,52.55,52.57,52.395,52.4,17022
2014-08-26 10:15:00,52.41,52.49,52.36,52.455,17094
2014-08-26 10:30:00,52.46,52.48,52.37,52.39,19017
2014-08-26 10:45:00,52.39,52.4,52.25,52.26,28482
2014-08-26 11:00:00,52.26,52.26,52.18,52.2,48045
2014-08-26 11:15:00,52.2,52.2,52.14,52.15,18310
2014-08-26 11:30:00,52.15,52.15,51.98,52.05,64189
2014-08-26 11:45:00,52.06,52.1,52.04,52.0999,22749
2014-08-26 12:00:00,52.1,52.11,52.05,52.05,37591
2014-08-26 12:15:00,52.05,52.07,52.03,52.04,18631
2014-08-26 12:30:00,52.04,52.04,52.01,52.02,13354
2014-08-26 12:45:00,52.02,52.04,52.01,52.02,18324
2014-08-26 13:00:00,52.025,52.025,52.0,52.01,28771
2014-08-26 13:15:00,52.01,52.02,51.99,51.99,45709
2014-08-26 13:30:00,51.99,52.03,51.9,52.025,70525
2014-08-26 13:45:00,52.02,52.14,52.01,52.11,26331
2014-08-26 14:00:00,52.13,52.2,52.13,52.18,24766
2014-08-26 14:15:00,52.18,52.33,52.17,52.33,18506
2014-08-26 14:30:00,52.33,52.35,52.29,52.35,21728
2014-08-26 14:45:00,52.348,52.35,52.28,52.3,27292
2014-08-26 15:00:00,52.3,52.3,52.28,52.3,18277
2014-08-26 15:15:00,52.3,52.3,52.27,52.28,29972
2014-08-26 15:30:00,52.28,52.2899,52.21,52.21,18762
2014-08-26 15:45:00,52.21,52.25,52.2,52.24,35237
2014-08-26 16:00:00,52.24,52.28,52.22,52.23,76280
2014-08-27 09:45:00,52.4,52.64,52.13,52.38,48027
2014-08-27 10:00:00,52.38,52.42,52.26,52.37,38108
2014-08-27 10:15:00,52.37,52.56,52.33,52.55,47314
2014-08-27 10:30:00,52.55,52.64,52.54,52.5475,31798
2014-08-27 10:45:00,52.54,52.615,52.47,52.47,35810
2014-08-27 11:00:00,52.47,52.47,52.26,52.26,32165
2014-08-27 11:15:00,52.26,52.28,52.1601,52.18,28935
2014-08-27 11:30:00,52.18,52.23,52.09,52.1,35433
2014-08-27 11:45:00,52.1,52.155,51.98,52.15,34955
2014-08-27 12:00:00,52.17,52.21,52.1503,52.2,22700
2014-08-27 12:15:00,52.18,52.18,52.11,52.16,16903
2014-08-27 12:30:00,52.155,52.17,52.06,52.1,33078
2014-08-27 12:45:00,52.13,52.19,52.09,52.16,27310
2014-08-27 13:00:00,52.15,52.15,52.09,52.12,14863
2014-08-27 13:15:00,52.11,52.111999999999995,52.05,52.05,16289
2014-08-27 13:30:00,52.05,52.13,51.98,52.123999999999995,40652
2014-08-27 13:45:00,52.12,52.24,52.12,52.23,14386
2014-08-27 14:00:00,52.23,52.23,52.16,52.18,11516
2014-08-27 14:15:00,52.19,52.25,52.16,52.24,26156
2014-08-27 14:30:00,52.245,52.28,52.2199,52.275,9052
2014-08-27 14:45:00,52.28,52.3,52.2,52.22,19336
2014-08-27 15:00:00,52.24,52.29,52.2,52.2,12458
2014-08-27 15:15:00,52.18,52.23,52.12,52.22,27004
2014-08-27 15:30:00,52.215,52.23,52.18,52.23,19427
2014-08-27 15:45:00,52.23,52.23,52.19,52.2,43927
2014-08-27 16:00:00,52.2,52.33,52.2,52.265,45004
2014-08-28 09:45:00,52.12,52.14,51.76,51.76,40944
2014-08-28 10:00:00,51.79,52.1,51.79,52.1,18589
2014-08-28 10:15:00,52.14,52.19,52.04,52.04,7536
2014-08-28 10:30:00,52.05,52.13,52.03,52.09,9750
2014-08-28 10:45:00,52.09,52.09,51.97,51.97,9500
2014-08-28 11:00:00,51.97,52.04,51.97,52.01,7080
2014-08-28 11:15:00,52.01,52.104,51.97,52.1,9748
2014-08-28 11:30:00,52.1,52.13,52.05,52.095,17676
2014-08-28 11:45:00,52.1,52.135,52.09,52.09,9062
2014-08-28 12:00:00,52.09,52.11,52.03,52.08,16900
2014-08-28 12:15:00,52.0804,52.1999,52.08,52.1,18022
2014-08-28 12:30:00,52.1,52.25,52.08,52.25,49225
2014-08-28 12:45:00,52.25,52.27,52.24,52.25,9040
2014-08-28 13:00:00,52.23,52.2799,52.19,52.2,6121
2014-08-28 13:15:00,52.205,52.26,52.18,52.23,7324
2014-08-28 13:30:00,52.2301,52.2654,52.21,52.26,19497
2014-08-28 13:45:00,52.26,52.3,52.2,52.3,14579
2014-08-28 14:00:00,52.3,52.36,52.2969,52.35,9605
2014-08-28 14:15:00,52.36,52.37,52.29,52.3,9140
2014-08-28 14:30:00,52.3,52.33,52.27,52.33,9142
2014-08-28 14:45:00,52.33,52.36,52.24,52.24,10232
2014-08-28 15:00:00,52.25,52.26,52.19,52.2,15502
2014-08-28 15:15:00,52.21,52.23,52.18,52.19,19674
2014-08-28 15:30:00,52.19,52.2,52.17,52.17,13533
2014-08-28 15:45:00,52.18,52.185,52.14,52.14,27620
2014-08-28 16:00:00,52.145,52.15,52.09,52.125,59676
2014-08-29 09:45:00,52.21,52.32,52.04,52.263000000000005,21657
2014-08-29 10:00:00,52.24,52.27,52.12,52.17,10584
2014-08-29 10:15:00,52.17,52.1899,52.1,52.1,15019
2014-08-29 10:30:00,52.12,52.17,52.08,52.1,10340
2014-08-29 10:45:00,52.093999999999994,52.2,52.07,52.18,28443
2014-08-29 11:00:00,52.18,52.3,52.17,52.29,9937
2014-08-29 11:15:00,52.3,52.36,52.27,52.35,32427
2014-08-29 11:30:00,52.35,52.48,52.34,52.48,10400
2014-08-29 11:45:00,52.48,52.53,52.426,52.53,11600
2014-08-29 12:00:00,52.53,52.62,52.5,52.61,46853
2014-08-29 12:15:00,52.61,52.67,52.61,52.67,24589
2014-08-29 12:30:00,52.66,52.69,52.63,52.67,10416
2014-08-29 12:45:00,52.67,52.7,52.64,52.68,22262
2014-08-29 13:00:00,52.68,52.7,52.68,52.68,15222
2014-08-29 13:15:00,52.68,52.71,52.67,52.67,11064
2014-08-29 13:30:00,52.6658,52.69,52.5595,52.58,24666
2014-08-29 13:45:00,52.58,52.65,52.58,52.59,18481
2014-08-29 14:00:00,52.59,52.62,52.58,52.615,10160
2014-08-29 14:15:00,52.61,52.68,52.59,52.65,11538
2014-08-29 14:30:00,52.64,52.74,52.63,52.72,29570
2014-08-29 14:45:00,52.72,52.725,52.65,52.65,8623
2014-08-29 15:00:00,52.6451,52.68,52.64,52.67,12470
2014-08-29 15:15:00,52.66,52.66,52.61,52.61,14293
2014-08-29 15:30:00,52.61,52.61,52.59,52.61,11899
2014-08-29 15:45:00,52.61,52.72,52.61,52.72,32224
2014-08-29 16:00:00,52.72,52.73,52.65,52.655,102986
2014-09-02 09:45:00,52.73,53.02,52.56,52.59,39642
2014-09-02 10:00:00,52.58,52.8099,52.57,52.75,33389
2014-09-02 10:15:00,52.75,52.91,52.67,52.82,23325
2014-09-02 10:30:00,52.82,52.94,52.79,52.855,17492
2014-09-02 10:45:00,52.85,52.9,52.78,52.88,23757
2014-09-02 11:00:00,52.9,52.9,52.815,52.85,14349
2014-09-02 11:15:00,52.85,52.86,52.8,52.8,24211
2014-09-02 11:30:00,52.795,52.795,52.67,52.6999,12148
2014-09-02 11:45:00,52.7,52.83,52.7,52.81,11540
2014-09-02 12:00:00,52.81,52.81,52.57,52.59,12823
2014-09-02 12:15:00,52.59,52.61,52.56,52.605,15194
2014-09-02 12:30:00,52.6,52.61,52.59,52.59,6200
2014-09-02 12:45:00,52.59,52.5975,52.5,52.5,8569
2014-09-02 13:00:00,52.51,52.57,52.51,52.54,4700
2014-09-02 13:15:00,52.53,52.55,52.495,52.52,8069
2014-09-02 13:30:00,52.53,52.55,52.48,52.49,7024
2014-09-02 13:45:00,52.49,52.53,52.48,52.51,5682
2014-09-02 14:00:00,52.51,52.73,52.5,52.73,40453
2014-09-02 14:15:00,52.725,52.76,52.7,52.71,16638
2014-09-02 14:30:00,52.71,52.72,52.62,52.64,13395
2014-09-02 14:45:00,52.645,52.705,52.64,52.6699,17959
2014-09-02 15:00:00,52.66,52.71,52.66,52.68,9281
2014-09-02 15:15:00,52.68,52.72,52.67,52.71,11198
2014-09-02 15:30:00,52.7,52.73,52.68,52.73,16646
2014-09-02 15:45:00,52.72,52.73,52.69,52.72,21419
2014-09-02 16:00:00,52.71,52.72,52.64,52.67,68134
2014-09-03 09:45:00,52.87,53.11,52.77,53.02,20328
2014-09-03 10:00:00,53.0395,53.215,53.0395,53.2,27220
2014-09-03 10:15:00,53.21,53.25,53.14,53.2,21621
2014-09-03 10:30:00,53.1901,53.2,53.09,53.18,18662
2014-09-03 10:45:00,53.17,53.175,53.0871,53.11,13340
2014-09-03 11:00:00,53.08,53.19,53.08,53.16,16805
2014-09-03 11:15:00,53.17,53.19,53.14,53.15,19767
2014-09-03 11:30:00,53.17,53.17,53.03,53.04,19320
2014-09-03 11:45:00,53.01,53.08,52.92,52.92,21724
2014-09-03 12:00:00,52.94,53.03,52.94,52.97,7689
2014-09-03 12:15:00,52.9748,53.06,52.96,53.05,8504
2014-09-03 12:30:00,53.05,53.13,53.04,53.13,9504
2014-09-03 12:45:00,53.12,53.15,53.09,53.14,8947
2014-09-03 13:00:00,53.14,53.2,53.11,53.2,15152
2014-09-03 13:15:00,53.2,53.225,53.18,53.22,14471
2014-09-03 13:30:00,53.21,53.21,53.13,53.15,17402
2014-09-03 13:45:00,53.16,53.19,53.14,53.15,7989
2014-09-03 14:00:00,53.155,53.21,53.15,53.2,11100
2014-09-03 14:15:00,53.21,53.21,53.145,53.16,10706
2014-09-03 14:30:00,53.17,53.17,53.1,53.14,21006
2014-09-03 14:45:00,53.15,53.1664,53.115,53.15,18176
2014-09-03 15:00:00,53.1457,53.18,53.13,53.14,26018
2014-09-03 15:15:00,53.14,53.18,53.12,53.15,15788
2014-09-03 15:30:00,53.16,53.22,53.16,53.19,27235
2014-09-03 15:45:00,53.19,53.215,53.17,53.2,38708
2014-09-03 16:00:00,53.195,53.26,53.15,53.26,116204
2014-09-04 09:45:00,53.34,53.65,53.11,53.52,40066
2014-09-04 10:00:00,53.55,53.71,53.4,53.59,62923
2014-09-04 10:15:00,53.59,53.74,53.53,53.71,27728
2014-09-04 10:30:00,53.7,53.78,53.69,53.7185,24030
2014-09-04 10:45:00,53.72,53.763000000000005,53.69,53.75,22338
2014-09-04 11:00:00,53.755,53.785,53.69,53.76,16946
2014-09-04 11:15:00,53.747,53.76,53.695,53.75,14289
2014-09-04 11:30:00,53.74,53.77,53.7,53.7,15701
2014-09-04 11:45:00,53.71,53.77,53.69,53.77,19276
2014-09-04 12:00:00,53.765,53.82,53.7,53.7,22348
2014-09-04 12:15:00,53.711999999999996,53.755,53.71,53.745,21427
2014-09-04 12:30:00,53.75,53.75,53.7,53.72,14334
2014-09-04 12:45:00,53.72,53.73,53.7,53.72,18600
2014-09-04 13:00:00,53.72,53.7552,53.7,53.7457,37038
2014-09-04 13:15:00,53.75,53.79,53.74,53.78,11597
2014-09-04 13:30:00,53.79,53.79,53.7,53.73,13809
2014-09-04 13:45:00,53.72,53.73,53.71,53.72,11000
2014-09-04 14:00:00,53.72,53.74,53.7,53.7,13506
2014-09-04 14:15:00,53.71,53.75,53.71,53.71,15768
2014-09-04 14:30:00,53.71,53.77,53.7,53.76,26025
2014-09-04 14:45:00,53.765,53.79,53.74,53.7575,23899
2014-09-04 15:00:00,53.76,53.78,53.71,53.72,33694
2014-09-04 15:15:00,53.72,53.738,53.65,53.69,47679
2014-09-04 15:30:00,53.69,53.74,53.65,53.74,43292
2014-09-04 15:45:00,53.74,53.76,53.69,53.76,47066
2014-09-04 16:00:00,53.76,53.92,53.735,53.85,196908
2014-09-05 09:45:00,53.65,54.01,53.57,53.7,30512
2014-09-05 10:00:00,53.7,53.94,53.7,53.94,19872
2014-09-05 10:15:00,53.91,53.93,53.76,53.8399,32768
2014-09-05 10:30:00,53.825,53.9,53.77,53.79,16159
2014-09-05 10:45:00,53.76,53.79,53.585,53.64,22461
2014-09-05 11:00:00,53.64,53.7299,53.59,53.72,14550
2014-09-05 11:15:00,53.72,53.85,53.72,53.85,31805
2014-09-05 11:30:00,53.8222,54.0,53.8222,53.99,22852
2014-09-05 11:45:00,53.98,53.99,53.85,53.89,19514
2014-09-05 12:00:00,53.89,53.97,53.89,53.93,15219
2014-09-05 12:15:00,53.93,53.985,53.92,53.95,11965
2014-09-05 12:30:00,53.96,54.05,53.92,54.05,15060
2014-09-05 12:45:00,54.04,54.08,53.97,54.075,14436
2014-09-05 13:00:00,54.07,54.08,53.98,54.059,9621
2014-09-05 13:15:00,54.05,54.08,54.04,54.06,13288
2014-09-05 13:30:00,54.04,54.04,53.94,53.94,12800
2014-09-05 13:45:00,53.94,53.94,53.89,53.91,120322
2014-09-05 14:00:00,53.91,53.99,53.91,53.96,12341
2014-09-05 14:15:00,53.96,54.1,53.96,54.095,15356
2014-09-05 14:30:00,54.09,54.11,54.04,54.106,16663
2014-09-05 14:45:00,54.1,54.106,54.01,54.02,12821
2014-09-05 15:00:00,54.01,54.1,54.0,54.1,17259
2014-09-05 15:15:00,54.11,54.11,54.02,54.02,13027
2014-09-05 15:30:00,54.02,54.035,53.925,53.925,16519
2014-09-05 15:45:00,53.93,54.0,53.92,53.995,29636
2014-09-05 16:00:00,53.99,54.03,53.97,54.02,67425
2014-09-08 09:45:00,54.0,54.21,53.93,54.2,25916
2014-09-08 10:00:00,54.18,54.25,54.13,54.16,16457
2014-09-08 10:15:00,54.15,54.17,54.01,54.09,19936
2014-09-08 10:30:00,54.09,54.14,54.04,54.06,16368
2014-09-08 10:45:00,54.06,54.07,53.95,54.01,21338
2014-09-08 11:00:00,54.0,54.07,54.0,54.045,15867
2014-09-08 11:15:00,54.04,54.095,54.02,54.02,13648
2014-09-08 11:30:00,54.02,54.04,53.98,53.99,11064
2014-09-08 11:45:00,53.98,54.02,53.97,54.01,7479
2014-09-08 12:00:00,54.0,54.01,53.96,54.01,8599
2014-09-08 12:15:00,53.99,54.05,53.98,54.05,7361
2014-09-08 12:30:00,54.05,54.0699,54.02,54.04,4777
2014-09-08 12:45:00,54.04,54.08,54.04,54.08,7974
2014-09-08 13:00:00,54.06,54.07,54.05,54.07,3042
2014-09-08 13:15:00,54.09,54.09,54.02,54.06,6372
2014-09-08 13:30:00,54.06,54.06,53.97,53.975,14527
2014-09-08 13:45:00,53.98,53.99,53.92,53.95,10700
2014-09-08 14:00:00,53.94,53.95,53.9,53.9232,6424
2014-09-08 14:15:00,53.92,53.96,53.895,53.96,13072
2014-09-08 14:30:00,53.95,53.97,53.92,53.92,11825
2014-09-08 14:45:00,53.925,53.93,53.85,53.891999999999996,16291
2014-09-08 15:00:00,53.891999999999996,53.92,53.89,53.89,11131
2014-09-08 15:15:00,53.89,53.95,53.88,53.94,13994
2014-09-08 15:30:00,53.94,54.02,53.9,54.01,32961
2014-09-08 15:45:00,54.0,54.0,53.93,53.93,32440
2014-09-08 16:00:00,53.94,54.01,53.91,54.0,135773
2014-09-09 09:45:00,54.03,54.03,53.8,53.91,22088
2014-09-09 10:00:00,53.94,53.98,53.7142,53.75,19450
2014-09-09 10:15:00,53.74,53.97,53.72,53.9005,44527
2014-09-09 10:30:00,53.88,53.89,53.77,53.85,10872
2014-09-09 10:45:00,53.85,53.92,53.82,53.92,18968
2014-09-09 11:00:00,53.93,53.935,53.86,53.93,17748
2014-09-09 11:15:00,53.9064,54.0,53.9064,53.98,11930
2014-09-09 11:30:00,53.96,54.02,53.93,54.0,64821
2014-09-09 11:45:00,53.98,54.07,53.98,54.065,14831
2014-09-09 12:00:00,54.07,54.11,54.05,54.09,14220
2014-09-09 12:15:00,54.08,54.09,54.025,54.05,16795
2014-09-09 12:30:00,54.04,54.1,54.03,54.075,17765
2014-09-09 12:45:00,54.07,54.08,54.05,54.05,10878
2014-09-09 13:00:00,54.05,54.05,53.89,53.9,11557
2014-09-09 13:15:00,53.9,53.92,53.84,53.91,156243
2014-09-09 13:30:00,53.9,53.9,53.85,53.88,7514
2014-09-09 13:45:00,53.88,53.98,53.88,53.97,15939
2014-09-09 14:00:00,53.98,54.03,53.96,53.96,12132
2014-09-09 14:15:00,53.96,53.96,53.835,53.87,17230
2014-09-09 14:30:00,53.85,53.91,53.84,53.905,22819
2014-09-09 14:45:00,53.9,53.945,53.88,53.93,38551
2014-09-09 15:00:00,53.92,53.93,53.88,53.91,25675
2014-09-09 15:15:00,53.92,53.92,53.83,53.85,31962
2014-09-09 15:30:00,53.85,53.87,53.8,53.82,43330
2014-09-09 15:45:00,53.82,53.85,53.71,53.73,69588
2014-09-09 16:00:00,53.721000000000004,53.726000000000006,53.57,53.67,269412
2014-09-10 09:45:00,53.76,53.81,53.6,53.675,21682
2014-09-10 10:00:00,53.66,53.72,53.65,53.7,15793
2014-09-10 10:15:00,53.7,53.71,53.5401,53.605,26993
2014-09-10 10:30:00,53.61,53.75,53.57,53.75,44235
2014-09-10 10:45:00,53.72,53.745,53.59,53.69,24896
2014-09-10 11:00:00,53.6801,53.73,53.63,53.72,16827
2014-09-10 11:15:00,53.73,53.74,53.65,53.74,13517
2014-09-10 11:30:00,53.73,53.74,53.66,53.68,9853
2014-09-10 11:45:00,53.68,53.8,53.67,53.765,13243
2014-09-10 12:00:00,53.76,53.81,53.76,53.77,5681
2014-09-10 12:15:00,53.7699,53.7699,53.63,53.63,33340
2014-09-10 12:30:00,53.63,53.766999999999996,53.63,53.74,8642
2014-09-10 12:45:00,53.7546,53.78,53.73,53.76,6593
2014-09-10 13:00:00,53.76,53.7925,53.69,53.69,20550
2014-09-10 13:15:00,53.7,53.83,53.7,53.81,9109
2014-09-10 13:30:00,53.805,53.805,53.73,53.73,4637
2014-09-10 13:45:00,53.735,53.74,53.66,53.66,7971
2014-09-10 14:00:00,53.6582,53.73,53.64,53.69,16193
2014-09-10 14:15:00,53.69,53.75,53.6548,53.68,39258
2014-09-10 14:30:00,53.67,53.74,53.66,53.7,20422
2014-09-10 14:45:00,53.68,53.72,53.65,53.716,26823
2014-09-10 15:00:00,53.69,53.75,53.69,53.69,9333
2014-09-10 15:15:00,53.7,53.8,53.69,53.75,15043
2014-09-10 15:30:00,53.76,53.79,53.7,53.7,12356
2014-09-10 15:45:00,53.7,53.745,53.685,53.71,23093
2014-09-10 16:00:00,53.7,53.73,53.67,53.72,54593
2014-09-11 09:45:00,53.61,54.02,53.61,53.88,21775
2014-09-11 10:00:00,53.8798,54.05,53.8798,54.05,8379
2014-09-11 10:15:00,54.02,54.03,53.89,53.92,13241
2014-09-11 10:30:00,53.93,53.96,53.9,53.92,17304
2014-09-11 10:45:00,53.92,53.92,53.76,53.76,7302
2014-09-11 11:00:00,53.76,53.85,53.76,53.85,18677
2014-09-11 11:15:00,53.86,53.89,53.81,53.82,15245
2014-09-11 11:30:00,53.83,53.9,53.81,53.81,19979
2014-09-11 11:45:00,53.84,53.9278,53.84,53.89,11144
2014-09-11 12:00:00,53.89,53.96,53.89,53.91,24439
2014-09-11 12:15:00,53.91,53.95,53.88,53.89,7392
2014-09-11 12:30:00,53.9,53.95,53.89,53.94,23689
2014-09-11 12:45:00,53.94,53.96,53.88,53.93,20269
2014-09-11 13:00:00,53.93,53.94,53.89,53.9,4738
2014-09-11 13:15:00,53.91,53.92,53.87,53.88,5604
2014-09-11 13:30:00,53.87,53.87,53.76,53.79,11536
2014-09-11 13:45:00,53.79,53.83,53.77,53.79,4820
2014-09-11 14:00:00,53.8,53.81,53.73,53.8,8583
2014-09-11 14:15:00,53.8,53.9,53.8,53.85,8986
2014-09-11 14:30:00,53.84,53.95,53.84,53.94,8388
2014-09-11 14:45:00,53.94,53.97,53.91,53.93,13697
2014-09-11 15:00:00,53.93,53.99,53.85,53.93,26262
2014-09-11 15:15:00,53.92,53.93,53.78,53.83,27472
2014-09-11 15:30:00,53.83,53.91,53.83,53.88,14456
2014-09-11 15:45:00,53.885,53.885,53.84,53.85,16896
2014-09-11 16:00:00,53.85,53.91,53.83,53.89,227365
2014-09-12 09:45:00,53.88,54.05,53.88,53.89,23877
2014-09-12 10:00:00,53.905,53.93,53.78,53.8,12508
2014-09-12 10:15:00,53.85,53.86,53.71,53.82,13709
2014-09-12 10:30:00,53.8275,53.875,53.73,53.81,32473
2014-09-12 10:45:00,53.79,53.82,53.74,53.79,10863
2014-09-12 11:00:00,53.77,53.945,53.73,53.93,32710
2014-09-12 11:15:00,53.95,53.96,53.86,53.87,8993
2014-09-12 11:30:00,53.85,53.93,53.84,53.9299,6774
2014-09-12 11:45:00,53.91,53.94,53.86,53.86,25431
2014-09-12 12:00:00,53.85,53.9,53.805,53.84,21882
2014-09-12 12:15:00,53.82,53.83,53.77,53.83,10323
2014-09-12 12:30:00,53.84,53.84,53.75,53.79,14924
2014-09-12 12:45:00,53.79,53.79,53.72,53.78,25028
2014-09-12 13:00:00,53.78,53.78,53.73,53.74,5954
2014-09-12 13:15:00,53.73,53.79,53.69,53.7,5884
2014-09-12 13:30:00,53.7,53.7,53.64,53.66,21297
2014-09-12 13:45:00,53.67,53.72,53.6401,53.72,10104
2014-09-12 14:00:00,53.74,53.74,53.65,53.66,11840
2014-09-12 14:15:00,53.67,53.76,53.66,53.724,8856
2014-09-12 14:30:00,53.73,53.73,53.63,53.64,81808
2014-09-12 14:45:00,53.62,53.68,53.62,53.674,20416
2014-09-12 15:00:00,53.68,53.7,53.62,53.63,11727
2014-09-12 15:15:00,53.63,53.67,53.6,53.65,36487
2014-09-12 15:30:00,53.65,53.69,53.61,53.645,25934
2014-09-12 15:45:00,53.65,53.68,53.62,53.63,58410
2014-09-12 16:00:00,53.63,53.68,53.59,53.66,102396
2014-09-15 09:45:00,53.74,53.78,53.5,53.65,24810
2014-09-15 10:00:00,53.67,53.76,53.6,53.76,32168
2014-09-15 10:15:00,53.72,53.76,53.64,53.72,9191
2014-09-15 10:30:00,53.74,53.74,53.59,53.645,19112
2014-09-15 10:45:00,53.68,53.73,53.63,53.67,28090
2014-09-15 11:00:00,53.67,53.67,53.6,53.65,11386
2014-09-15 11:15:00,53.65,53.71,53.59,53.64,22446
2014-09-15 11:30:00,53.63,53.63,53.54,53.59,18554
2014-09-15 11:45:00,53.57,53.66,53.56,53.65,29633
2014-09-15 12:00:00,53.64,53.6699,53.53,53.59,12305
2014-09-15 12:15:00,53.61,53.63,53.595,53.62,9460
2014-09-15 12:30:00,53.62,53.68,53.6,53.66,8200
2014-09-15 12:45:00,53.64,53.71,53.61,53.65,21498
2014-09-15 13:00:00,53.67,53.72,53.66,53.68,6085
2014-09-15 13:15:00,53.69,53.75,53.65,53.69,12473
2014-09-15 13:30:00,53.7,53.75,53.68,53.7,6467
2014-09-15 13:45:00,53.69,53.73,53.6,53.63,23807
2014-09-15 14:00:00,53.64,53.66,53.58,53.5999,11981
2014-09-15 14:15:00,53.59,53.6,53.53,53.58,11565
2014-09-15 14:30:00,53.56,53.62,53.52,53.61,28576
2014-09-15 14:45:00,53.615,53.66,53.585,53.6,9584
2014-09-15 15:00:00,53.59,53.59,53.48,53.52,29639
2014-09-15 15:15:00,53.51,53.54,53.495,53.52,11400
2014-09-15 15:30:00,53.52,53.55,53.5,53.54,18282
2014-09-15 15:45:00,53.54,53.56,53.5,53.52,23351
2014-09-15 16:00:00,53.51,53.57,53.49,53.545,76565
2014-09-16 09:45:00,53.56,53.6,53.3728,53.53,30977
2014-09-16 10:00:00,53.51,53.56,53.45,53.53,6506
2014-09-16 10:15:00,53.56,53.59,53.5,53.55,5493
2014-09-16 10:30:00,53.57,53.57,53.42,53.48,14004
2014-09-16 10:45:00,53.49,53.54,53.43,53.54,28192
2014-09-16 11:00:00,53.54,53.6,53.415,53.45,22928
2014-09-16 11:15:00,53.45,53.45,53.37,53.44,15846
2014-09-16 11:30:00,53.45,53.485,53.38,53.485,16777
2014-09-16 11:45:00,53.49,53.52,53.42,53.43,27210
2014-09-16 12:00:00,53.42,53.51,53.395,53.47,13950
2014-09-16 12:15:00,53.466,53.52,53.46,53.515,14532
2014-09-16 12:30:00,53.52,53.6,53.5,53.56,13512
2014-09-16 12:45:00,53.56,53.62,53.52,53.59,25547
2014-09-16 13:00:00,53.59,53.61,53.551,53.5826,5780
2014-09-16 13:15:00,53.6,53.69,53.55,53.66,16154
2014-09-16 13:30:00,53.67,53.71,53.61,53.61,9385
2014-09-16 13:45:00,53.63,53.66,53.61,53.62,10126
2014-09-16 14:00:00,53.62,53.63,53.56,53.57,9815
2014-09-16 14:15:00,53.57,53.6,53.51,53.55,17703
2014-09-16 14:30:00,53.55,53.64,53.55,53.6,19114
2014-09-16 14:45:00,53.61,53.61,53.55,53.55,9553
2014-09-16 15:00:00,53.55,53.6,53.51,53.55,36690
2014-09-16 15:15:00,53.55,53.55,53.49,53.5,19007
2014-09-16 15:30:00,53.5,53.5,53.42,53.42,28200
2014-09-16 15:45:00,53.42,53.51,53.42,53.49,31682
2014-09-16 16:00:00,53.49,53.51,53.41,53.44,110889
2014-09-17 09:45:00,53.4,53.66,53.4,53.54,16880
2014-09-17 10:00:00,53.57,54.03,53.568000000000005,53.975,48142
2014-09-17 10:15:00,53.96,53.98,53.75,53.76,11308
2014-09-17 10:30:00,53.77,53.8,53.69,53.69,10240
2014-09-17 10:45:00,53.67,53.69,53.58,53.61,10899
2014-09-17 11:00:00,53.62,53.62,53.43,53.453,12860
2014-09-17 11:15:00,53.46,53.53,53.44,53.49,7939
2014-09-17 11:30:00,53.49,53.49,53.44,53.44,10464
2014-09-17 11:45:00,53.45,53.46,53.41,53.45,8638
2014-09-17 12:00:00,53.45,53.57,53.45,53.57,5509
2014-09-17 12:15:00,53.56,53.57,53.515,53.53,6882
2014-09-17 12:30:00,53.53,53.53,53.45,53.45,5517
2014-09-17 12:45:00,53.44,53.5,53.43,53.5,7980
2014-09-17 13:00:00,53.51,53.54,53.42,53.43,16843
2014-09-17 13:15:00,53.4,53.41,53.35,53.39,7326
2014-09-17 13:30:00,53.39,53.4,53.26,53.28,34151
2014-09-17 13:45:00,53.27,53.33,53.26,53.33,9481
2014-09-17 14:00:00,53.33,53.46,53.31,53.46,12122
2014-09-17 14:15:00,53.46,53.57,53.25,53.49,31336
2014-09-17 14:30:00,53.52,53.58,53.44,53.52,29014
2014-09-17 14:45:00,53.52,53.52,53.41,53.5,30144
2014-09-17 15:00:00,53.49,53.68,53.47,53.6435,37865
2014-09-17 15:15:00,53.65,53.88,53.64,53.85,42585
2014-09-17 15:30:00,53.85,53.9,53.78,53.88,53636
2014-09-17 15:45:00,53.88,53.88,53.73,53.765,40921
2014-09-17 16:00:00,53.76,53.81,53.72,53.77,74478
2014-09-18 09:45:00,53.96,53.96,53.57,53.78,18266
2014-09-18 10:00:00,53.802,53.89,53.75,53.805,8229
2014-09-18 10:15:00,53.77,53.925,53.77,53.88,13114
2014-09-18 10:30:00,53.9034,53.9034,53.75,53.75,6053
2014-09-18 10:45:00,53.75,53.91,53.75,53.91,13889
2014-09-18 11:00:00,53.9,53.99,53.9,53.95,12172
2014-09-18 11:15:00,53.94,53.94,53.84,53.86,7428
2014-09-18 11:30:00,53.86,53.895,53.83,53.8701,8692
2014-09-18 11:45:00,53.84,53.96,53.83,53.95,9062
2014-09-18 12:00:00,53.95,53.98,53.87,53.92,9947
2014-09-18 12:15:00,53.9001,53.95,53.9001,53.93,3571
2014-09-18 12:30:00,53.9299,53.96,53.86,53.88,22838
2014-09-18 12:45:00,53.88,53.88,53.81,53.81,4175
2014-09-18 13:00:00,53.8199,53.82,53.77,53.82,5057
2014-09-18 13:15:00,53.83,53.84,53.8,53.82,4516
2014-09-18 13:30:00,53.82,53.82,53.75,53.75,1986
2014-09-18 13:45:00,53.75,53.82,53.73,53.8,16950
2014-09-18 14:00:00,53.8,53.81,53.742,53.76,6869
2014-09-18 14:15:00,53.75,53.83,53.74,53.82,6378
2014-09-18 14:30:00,53.8,53.81,53.73,53.7488,6808
2014-09-18 14:45:00,53.7475,53.8,53.745,53.8,4576
2014-09-18 15:00:00,53.79,53.81,53.79,53.8,8123
2014-09-18 15:15:00,53.79,53.84,53.75,53.83,16145
2014-09-18 15:30:00,53.83,53.89,53.82,53.88,10456
2014-09-18 15:45:00,53.88,53.91,53.86,53.91,25047
2014-09-18 16:00:00,53.9099,53.92,53.87,53.91,42169
2014-09-19 09:45:00,53.82,54.3,53.82,54.03,121333
2014-09-19 10:00:00,54.03,54.49,54.03,54.48,36172
2014-09-19 10:15:00,54.49,54.55,54.39,54.47,46294
2014-09-19 10:30:00,54.45,54.57,54.42,54.51,30707
2014-09-19 10:45:00,54.51,54.55,54.4901,54.5,52769
2014-09-19 11:00:00,54.5,54.54,54.34,54.35,24053
2014-09-19 11:15:00,54.35,54.55,54.35,54.53,23849
2014-09-19 11:30:00,54.53,54.6034,54.53,54.6,22310
2014-09-19 11:45:00,54.59,54.61,54.43,54.43,20131
2014-09-19 12:00:00,54.44,54.45,54.295,54.32,13731
2014-09-19 12:15:00,54.32,54.32,54.06,54.06,25354
2014-09-19 12:30:00,54.08,54.12,54.01,54.06,17475
2014-09-19 12:45:00,54.05,54.09,54.045,54.06,10267
2014-09-19 13:00:00,54.0543,54.0543,53.93,53.93,14499
2014-09-19 13:15:00,53.95,53.96,53.88,53.92,14373
2014-09-19 13:30:00,53.92,53.99,53.91,53.975,14684
2014-09-19 13:45:00,53.98,54.03,53.93,53.96,14700
2014-09-19 14:00:00,53.97,54.01,53.95,53.96,11759
2014-09-19 14:15:00,53.965,54.065,53.96,54.02,13594
2014-09-19 14:30:00,54.015,54.06,54.01,54.05,15869
2014-09-19 14:45:00,54.04,54.08,54.01,54.07,15946
2014-09-19 15:00:00,54.075,54.1,54.05,54.1,35239
2014-09-19 15:15:00,54.1,54.12,54.05,54.1,17237
2014-09-19 15:30:00,54.09,54.17,54.08,54.15,24634
2014-09-19 15:45:00,54.16,54.18,54.15,54.16,33422
2014-09-19 16:00:00,54.16,54.23,54.11,54.12,132654
2014-09-22 09:45:00,54.12,54.325,53.95,54.0375,20945
2014-09-22 10:00:00,54.05,54.05,53.92,53.97,11471
2014-09-22 10:15:00,53.985,54.09,53.93,54.08,17436
2014-09-22 10:30:00,54.06,54.06,53.83,53.83,10350
2014-09-22 10:45:00,53.79,53.81,53.7,53.77,15601
2014-09-22 11:00:00,53.73,53.77,53.61,53.61,12419
2014-09-22 11:15:00,53.625,53.68,53.56,53.59,10060
2014-09-22 11:30:00,53.57,53.68,53.54,53.65,11923
2014-09-22 11:45:00,53.658,53.67,53.62,53.65,20468
2014-09-22 12:00:00,53.65,53.6565,53.5399,53.6,17299
2014-09-22 12:15:00,53.6,53.6,53.56,53.58,6286
2014-09-22 12:30:00,53.58,53.611000000000004,53.57,53.5924,11419
2014-09-22 12:45:00,53.6,53.61,53.54,53.54,4647
2014-09-22 13:00:00,53.52,53.54,53.51,53.52,8973
2014-09-22 13:15:00,53.52,53.556999999999995,53.5,53.52,8106
2014-09-22 13:30:00,53.52,53.58,53.49,53.58,9822
2014-09-22 13:45:00,53.59,53.61,53.56,53.57,10852
2014-09-22 14:00:00,53.58,53.58,53.52,53.56,14100
2014-09-22 14:15:00,53.56,53.571000000000005,53.51,53.5601,12061
2014-09-22 14:30:00,53.565,53.5767,53.51,53.521,10421
2014-09-22 14:45:00,53.51,53.521,53.47,53.475,9789
2014-09-22 15:00:00,53.49,53.521,53.46,53.47,16674
2014-09-22 15:15:00,53.47,53.5165,53.45,53.451,13236
2014-09-22 15:30:00,53.4599,53.46,53.38,53.4035,24252
2014-09-22 15:45:00,53.4,53.45,53.375,53.44,20143
2014-09-22 16:00:00,53.45,53.45,53.37,53.42,55344
2014-09-23 09:45:00,53.32,53.45,53.272,53.37,24214
2014-09-23 10:00:00,53.37,53.47,53.3,53.335,16689
2014-09-23 10:15:00,53.37,53.44,53.3,53.3,7275
2014-09-23 10:30:00,53.33,53.42,53.27,53.27,7108
2014-09-23 10:45:00,53.29,53.312,53.265,53.275,6542
2014-09-23 11:00:00,53.29,53.35,53.24,53.29,32803
2014-09-23 11:15:00,53.29,53.33,53.25,53.28,5671
2014-09-23 11:30:00,53.28,53.35,53.25,53.26,9820
2014-09-23 11:45:00,53.26,53.31,53.25,53.28,11464
2014-09-23 12:00:00,53.28,53.365,53.28,53.355,9649
2014-09-23 12:15:00,53.34,53.38,53.31,53.35,7088
2014-09-23 12:30:00,53.34,53.37,53.29,53.33,7755
2014-09-23 12:45:00,53.33,53.34,53.2944,53.31,6678
2014-09-23 13:00:00,53.31,53.32,53.208,53.24,10931
2014-09-23 13:15:00,53.22,53.22,53.16,53.16,4702
2014-09-23 13:30:00,53.16,53.16,53.11,53.1162,22160
2014-09-23 13:45:00,53.14,53.2,53.13,53.2,9875
2014-09-23 14:00:00,53.19,53.19,53.06,53.09,12577
2014-09-23 14:15:00,53.09,53.13,53.06,53.06,8444
2014-09-23 14:30:00,53.06,53.06,52.96,52.9979,15559
2014-09-23 14:45:00,53.0,53.01,52.92,52.92,11946
2014-09-23 15:00:00,52.93,52.95,52.895,52.95,17444
2014-09-23 15:15:00,52.968,52.99,52.91,52.91,13216
2014-09-23 15:30:00,52.92,52.99,52.87,52.98,22574
2014-09-23 15:45:00,52.98,53.09,52.965,53.06,22493
2014-09-23 16:00:00,53.06,53.08,52.93,52.94,51838
2014-09-24 09:45:00,52.93,53.3,52.86,52.99,21767
2014-09-24 10:00:00,53.0,53.01,52.86,52.863,15794
2014-09-24 10:15:00,52.89,53.45,52.89,53.345,144619
2014-09-24 10:30:00,53.35,53.53,53.17,53.53,51309
2014-09-24 10:45:00,53.53,54.06,53.52,54.0,92398
2014-09-24 11:00:00,54.0,54.31,53.97,54.31,70962
2014-09-24 11:15:00,54.31,54.685,54.29,54.61,108451
2014-09-24 11:30:00,54.63,55.09,54.52,55.06,124797
2014-09-24 11:45:00,55.06,55.2,54.87,54.89,81248
2014-09-24 12:00:00,54.91,55.0,54.86,54.94,37310
2014-09-24 12:15:00,54.94,55.24,54.93,55.1569,66388
2014-09-24 12:30:00,55.18,55.315,55.08,55.25,362919
2014-09-24 12:45:00,55.23,55.26,55.11,55.17,63912
2014-09-24 13:00:00,55.17,55.39,55.17,55.38,46550
2014-09-24 13:15:00,55.38,55.51,55.31,55.38,46727
2014-09-24 13:30:00,55.38,55.57,55.38,55.51,27950
2014-09-24 13:45:00,55.51,55.67,55.47,55.655,42905
2014-09-24 14:00:00,55.65,55.78,55.59,55.75,32183
2014-09-24 14:15:00,55.74,55.75,55.5,55.5,78271
2014-09-24 14:30:00,55.51,55.72,55.43,55.71,62618
2014-09-24 14:45:00,55.72,55.75,55.55,55.59,75468
2014-09-24 15:00:00,55.59,55.59,55.27,55.31,193456
2014-09-24 15:15:00,55.31,55.31,55.08,55.1,82829
2014-09-24 15:30:00,55.11,55.19,55.0,55.01,97963
2014-09-24 15:45:00,55.02,55.04,54.88,54.925,126745
2014-09-24 16:00:00,54.93,55.0,54.86,54.95,289135
2014-09-25 09:45:00,54.92,55.3699,54.67,54.75,57882
2014-09-25 10:00:00,54.71,54.88,54.5,54.73,56888
2014-09-25 10:15:00,54.74,54.75,54.46,54.54,36571
2014-09-25 10:30:00,54.54,54.7325,54.515,54.61,36141
2014-09-25 10:45:00,54.59,54.72,54.46,54.54,34766
2014-09-25 11:00:00,54.53,54.6,54.47,54.57,26299
2014-09-25 11:15:00,54.6,54.62,54.49,54.51,19452
2014-09-25 11:30:00,54.5,54.5,54.363,54.5,20505
2014-09-25 11:45:00,54.49,54.495,54.395,54.427,15748
2014-09-25 12:00:00,54.4268,54.43,54.35,54.41,26609
2014-09-25 12:15:00,54.39,54.49,54.39,54.49,11980
2014-09-25 12:30:00,54.49,54.51,54.35,54.3842,18223
2014-09-25 12:45:00,54.36,54.45,54.32,54.44,18192
2014-09-25 13:00:00,54.44,54.45,54.4,54.42,12291
2014-09-25 13:15:00,54.41,54.535,54.4,54.51,16406
2014-09-25 13:30:00,54.49,54.55,54.47,54.5,10093
2014-09-25 13:45:00,54.51,54.5199,54.46,54.48,11916
2014-09-25 14:00:00,54.463,54.47,54.36,54.379,14625
2014-09-25 14:15:00,54.37,54.45,54.33,54.42,15851
2014-09-25 14:30:00,54.43,54.48,54.39,54.48,17053
2014-09-25 14:45:00,54.48,54.52,54.45,54.48,18173
2014-09-25 15:00:00,54.4782,54.5382,54.4782,54.4826,17200
2014-09-25 15:15:00,54.48,54.5,54.46,54.49,14918
2014-09-25 15:30:00,54.49100000000001,54.55,54.48,54.5,30357
2014-09-25 15:45:00,54.5,54.61,54.49,54.6,37293
2014-09-25 16:00:00,54.6,54.66,54.505,54.65,172014
2014-09-26 09:45:00,54.6,55.075,54.6,55.03,38710
2014-09-26 10:00:00,55.11,55.16,54.95,55.08,27148
2014-09-26 10:15:00,55.09,55.31,55.09,55.1475,41954
2014-09-26 10:30:00,55.13,55.22,55.06,55.07,19093
2014-09-26 10:45:00,55.03,55.03,54.82,54.87,21167
2014-09-26 11:00:00,54.88,54.94,54.8,54.93,20185
2014-09-26 11:15:00,54.95,54.99,54.87,54.91,14821
2014-09-26 11:30:00,54.92,54.935,54.88,54.91,16064
2014-09-26 11:45:00,54.9,54.97,54.87,54.97,24186
2014-09-26 12:00:00,54.98,55.14,54.98,55.11,26705
2014-09-26 12:15:00,55.11,55.1365,55.09,55.09,14451
2014-09-26 12:30:00,55.08,55.14,55.08,55.123000000000005,20080
2014-09-26 12:45:00,55.12,55.16,55.1,55.115,37727
2014-09-26 13:00:00,55.1,55.1,55.04,55.05,9367
2014-09-26 13:15:00,55.04,55.13,55.04,55.12,16495
2014-09-26 13:30:00,55.11,55.225,55.1,55.225,15937
2014-09-26 13:45:00,55.22,55.26,55.2,55.26,47493
2014-09-26 14:00:00,55.25,55.44,55.24,55.43,39590
2014-09-26 14:15:00,55.43,55.53,55.42,55.53,21451
2014-09-26 14:30:00,55.52,55.61,55.51,55.57,24318
2014-09-26 14:45:00,55.58,55.58,55.42,55.49,33798
2014-09-26 15:00:00,55.49,55.54,55.44,55.46,24859
2014-09-26 15:15:00,55.48,55.55,55.475,55.5,17020
2014-09-26 15:30:00,55.505,55.51,55.36,55.39,47951
2014-09-26 15:45:00,55.39,55.42,55.28,55.3,51760
2014-09-26 16:00:00,55.3,55.37,55.27,55.32,131549
2014-09-29 09:45:00,54.8,55.1,54.7,55.06,54885
2014-09-29 10:00:00,55.06,55.16,55.05,55.14,23683
2014-09-29 10:15:00,55.14,55.27,55.06,55.15,26528
2014-09-29 10:30:00,55.15,55.16,54.97,54.97,27474
2014-09-29 10:45:00,54.98,55.11,54.97,55.08,25609
2014-09-29 11:00:00,55.13,55.13,54.98,55.0,32136
2014-09-29 11:15:00,54.99,55.02,54.96,55.01,43742
2014-09-29 11:30:00,55.02,55.12,54.99,55.12,32222
2014-09-29 11:45:00,55.1,55.13,55.04,55.068999999999996,20646
2014-09-29 12:00:00,55.04,55.08,54.98,55.08,23952
2014-09-29 12:15:00,55.08,55.11,54.95,54.95,15477
2014-09-29 12:30:00,54.95,55.068000000000005,54.95,55.06,20089
2014-09-29 12:45:00,55.07,55.07,54.96,55.04,17113
2014-09-29 13:00:00,55.03,55.1,55.03,55.03,14785
2014-09-29 13:15:00,55.02,55.02,54.96,55.0,33202
2014-09-29 13:30:00,55.01,55.12,55.01,55.1,18480
2014-09-29 13:45:00,55.09,55.11,55.0,55.01,14128
2014-09-29 14:00:00,55.01,55.04,55.0,55.03,13491
2014-09-29 14:15:00,55.03,55.06,54.985,55.035,18780
2014-09-29 14:30:00,55.03,55.04,54.94,54.96,19978
2014-09-29 14:45:00,54.96,55.0,54.96,54.96,19545
2014-09-29 15:00:00,54.97,55.05,54.97,55.04,22225
2014-09-29 15:15:00,55.03,55.0999,54.98,55.08,24295
2014-09-29 15:30:00,55.08,55.09,55.01,55.085,21766
2014-09-29 15:45:00,55.07,55.1,55.01,55.04,34695
2014-09-29 16:00:00,55.05,55.09,55.03,55.05,65816
2014-09-30 09:45:00,55.05,55.39,54.9,55.03,50725
2014-09-30 10:00:00,55.14,55.15,54.91,54.95,11859
2014-09-30 10:15:00,54.945,55.11,54.86,55.09,33575
2014-09-30 10:30:00,55.09,55.14,54.91,54.92,41139
2014-09-30 10:45:00,54.91,55.06,54.91,55.06,24125
2014-09-30 11:00:00,55.04,55.065,54.8801,54.9386,38511
2014-09-30 11:15:00,54.93,54.95,54.83,54.84,43964
2014-09-30 11:30:00,54.84,54.935,54.74,54.81,65456
2014-09-30 11:45:00,54.85,54.865,54.78,54.83,13805
2014-09-30 12:00:00,54.84,54.88,54.82,54.82,9792
2014-09-30 12:15:00,54.81,54.91,54.81,54.87,11704
2014-09-30 12:30:00,54.88,54.9,54.84,54.9,50906
2014-09-30 12:45:00,54.89,54.96,54.88,54.96,16114
2014-09-30 13:00:00,54.9401,54.9963,54.91,54.93,10812
2014-09-30 13:15:00,54.95,55.04,54.95,55.01,12052
2014-09-30 13:30:00,55.02,55.04,54.95,54.95,18620
2014-09-30 13:45:00,54.93,54.99,54.91,54.95,27132
2014-09-30 14:00:00,54.94,55.01,54.91,55.01,15826
2014-09-30 14:15:00,54.99,55.05,54.97,55.03,16729
2014-09-30 14:30:00,55.04,55.09,54.9,54.98,33863
2014-09-30 14:45:00,55.0,55.02,54.95,54.98,21587
2014-09-30 15:00:00,54.975,55.03,54.96,55.0057,25661
2014-09-30 15:15:00,55.0,55.0,54.91,54.92,26054
2014-09-30 15:30:00,54.92,55.05,54.92,54.99,21027
2014-09-30 15:45:00,54.99,55.13,54.97,55.08,29855
2014-09-30 16:00:00,55.09,55.14,54.995,54.995,74378
2014-10-01 09:45:00,55.04,55.37,54.78,54.84,70622
2014-10-01 10:00:00,54.8,54.95,54.77,54.95,31124
2014-10-01 10:15:00,54.91,54.94,54.83,54.9,31567
2014-10-01 10:30:00,54.89,55.01,54.83,55.0,23088
2014-10-01 10:45:00,55.0,55.11,54.98,55.1066,35414
2014-10-01 11:00:00,55.11,55.24,55.06,55.24,22995
2014-10-01 11:15:00,55.21,55.3,55.12,55.12,26185
2014-10-01 11:30:00,55.12,55.12,54.94,55.0,104324
2014-10-01 11:45:00,55.0,55.01,54.91,54.93,43810
2014-10-01 12:00:00,54.93,54.94,54.85,54.86,29902
2014-10-01 12:15:00,54.86,54.86,54.75,54.75,31681
2014-10-01 12:30:00,54.74,54.79,54.71,54.75,30587
2014-10-01 12:45:00,54.75,54.78,54.71,54.71,44262
2014-10-01 13:00:00,54.72,54.74,54.57,54.69,71948
2014-10-01 13:15:00,54.69,54.73,54.61,54.716,33990
2014-10-01 13:30:00,54.69,54.8,54.64,54.8,39386
2014-10-01 13:45:00,54.7869,54.8,54.7,54.76,22155
2014-10-01 14:00:00,54.76,54.82,54.69,54.72,30687
2014-10-01 14:15:00,54.72,54.76,54.66,54.69,29380
2014-10-01 14:30:00,54.69,54.82,54.67,54.8,29088
2014-10-01 14:45:00,54.81,54.82,54.74,54.8,23525
2014-10-01 15:00:00,54.78,54.82,54.74,54.75,25664
2014-10-01 15:15:00,54.765,54.81,54.74,54.79,54019
2014-10-01 15:30:00,54.8,54.906000000000006,54.8,54.86,65807
2014-10-01 15:45:00,54.87,54.92,54.79,54.89,65090
2014-10-01 16:00:00,54.89,55.01,54.83,54.85,310461
2014-10-02 09:45:00,54.78,55.19,54.7,54.89,37366
2014-10-02 10:00:00,54.95,55.06,54.79,55.06,14585
2014-10-02 10:15:00,55.0,55.0,54.81,54.86,12713
2014-10-02 10:30:00,54.88,54.91,54.68,54.68,28311
2014-10-02 10:45:00,54.67,54.67,54.535,54.605,59509
2014-10-02 11:00:00,54.59,54.77,54.56,54.74,46319
2014-10-02 11:15:00,54.71,54.795,54.7,54.78,13737
2014-10-02 11:30:00,54.79,54.79,54.7,54.74,8687
2014-10-02 11:45:00,54.73,54.73,54.6,54.61,44250
2014-10-02 12:00:00,54.62,54.65,54.57,54.6,13575
2014-10-02 12:15:00,54.595,54.65,54.58,54.65,22101
2014-10-02 12:30:00,54.62,54.64,54.59,54.64,8816
2014-10-02 12:45:00,54.66,54.67,54.61,54.63,9165
2014-10-02 13:00:00,54.63,54.77,54.61,54.77,10950
2014-10-02 13:15:00,54.81,54.93,54.79,54.89,14578
2014-10-02 13:30:00,54.93,55.11,54.93,55.1,15110
2014-10-02 13:45:00,55.11,55.12,55.02,55.06,12755
2014-10-02 14:00:00,55.055,55.12,55.04,55.08,15879
2014-10-02 14:15:00,55.09,55.17,55.0401,55.16,19287
2014-10-02 14:30:00,55.19,55.19,55.08,55.115,16952
2014-10-02 14:45:00,55.135,55.16,55.06,55.16,19179
2014-10-02 15:00:00,55.18,55.27,55.17,55.25,17002
2014-10-02 15:15:00,55.24,55.3,55.22,55.25,14065
2014-10-02 15:30:00,55.24,55.27,55.17,55.27,24200
2014-10-02 15:45:00,55.26,55.28,55.17,55.17,31292
2014-10-02 16:00:00,55.17,55.34,55.13,55.24,75791
2014-10-03 09:45:00,55.59,55.7611,55.39,55.7611,27513
2014-10-03 10:00:00,55.765,55.96,55.76,55.89,31016
2014-10-03 10:15:00,55.9,56.06,55.88,55.92,26642
2014-10-03 10:30:00,55.9499,56.05,55.92,56.0499,32627
2014-10-03 10:45:00,56.0499,56.06,55.73,55.76,18540
2014-10-03 11:00:00,55.745,55.795,55.71,55.79,18930
2014-10-03 11:15:00,55.79,55.92,55.78,55.78,11532
2014-10-03 11:30:00,55.8,55.835,55.7,55.74,37129
2014-10-03 11:45:00,55.75,55.8,55.7,55.7,9133
2014-10-03 12:00:00,55.7,55.71,55.585,55.62,15086
2014-10-03 12:15:00,55.61,55.66,55.56,55.63,12925
2014-10-03 12:30:00,55.64,55.68,55.59,55.66,12703
2014-10-03 12:45:00,55.66,55.725,55.66,55.7,20254
2014-10-03 13:00:00,55.69,55.71,55.52,55.52,19780
2014-10-03 13:15:00,55.521,55.71,55.49,55.635,76700
2014-10-03 13:30:00,55.63,55.64,55.52,55.58,18450
2014-10-03 13:45:00,55.58,55.67,55.58,55.59,14124
2014-10-03 14:00:00,55.59,55.61,55.55,55.58,18928
2014-10-03 14:15:00,55.57,55.6325,55.57,55.61,29291
2014-10-03 14:30:00,55.61,55.65,55.57,55.59,12285
2014-10-03 14:45:00,55.59,55.66,55.58,55.58,18657
2014-10-03 15:00:00,55.59,55.64,55.58,55.59,14457
2014-10-03 15:15:00,55.59,55.61,55.42,55.44,63344
2014-10-03 15:30:00,55.43,55.47,55.43,55.44,28334
2014-10-03 15:45:00,55.43,55.49,55.41,55.47,40514
2014-10-03 16:00:00,55.48,55.53,55.4,55.42,102430
2014-10-06 09:45:00,55.59,55.91,55.31,55.86,69676
2014-10-06 10:00:00,55.86,56.09,55.57,55.62,41902
2014-10-06 10:15:00,55.65,55.65,55.38,55.39,35902
2014-10-06 10:30:00,55.4,55.45,55.38,55.38,28027
2014-10-06 10:45:00,55.39,55.43,55.292,55.292,22006
2014-10-06 11:00:00,55.3,55.34,55.17,55.22,27147
2014-10-06 11:15:00,55.22,55.29,55.19,55.22,17376
2014-10-06 11:30:00,55.235,55.26,55.16,55.17,41878
2014-10-06 11:45:00,55.17,55.2,55.03,55.035,42178
2014-10-06 12:00:00,55.03,55.04,54.89,54.93,41636
2014-10-06 12:15:00,54.94,55.05,54.92,54.975,34156
2014-10-06 12:30:00,54.97,55.03,54.91,54.93,62318
2014-10-06 12:45:00,54.94,54.975,54.89,54.92,30184
2014-10-06 13:00:00,54.89,55.01,54.89,54.95,20024
2014-10-06 13:15:00,54.96,55.03,54.92,54.93,16254
2014-10-06 13:30:00,54.933,55.01,54.93,54.935,94300
2014-10-06 13:45:00,54.95,54.98,54.9,54.94,22756
2014-10-06 14:00:00,54.95,55.005,54.91,54.98,18563
2014-10-06 14:15:00,54.99,55.03,54.92,54.985,36468
2014-10-06 14:30:00,54.98,55.14,54.9701,55.105,54102
2014-10-06 14:45:00,55.105,55.13,54.99,55.06,41692
2014-10-06 15:00:00,55.07,55.1,55.04,55.065,23307
2014-10-06 15:15:00,55.07,55.09,54.96,54.97,24808
2014-10-06 15:30:00,54.97,55.11,54.955,55.11,41044
2014-10-06 15:45:00,55.1,55.1768,55.04,55.16,38355
2014-10-06 16:00:00,55.16,55.17,55.085,55.1,93827
2014-10-07 09:45:00,54.91,55.18,54.69,54.96,32325
2014-10-07 10:00:00,54.94,54.94,54.81,54.89,34630
2014-10-07 10:15:00,54.89,55.05,54.87,54.93,68826
2014-10-07 10:30:00,54.93,54.95,54.86,54.94,18188
2014-10-07 10:45:00,54.96,55.04,54.83,54.83,27708
2014-10-07 11:00:00,54.86,54.99,54.82,54.8501,62994
2014-10-07 11:15:00,54.853,54.94,54.845,54.85,69515
2014-10-07 11:30:00,54.85,54.97,54.83,54.94,37698
2014-10-07 11:45:00,54.93,54.94,54.83,54.89,29829
2014-10-07 12:00:00,54.87,54.9,54.84,54.85,22844
2014-10-07 12:15:00,54.86,54.87,54.83,54.85,12660
2014-10-07 12:30:00,54.85,54.86,54.805,54.83,27844
2014-10-07 12:45:00,54.81,54.87,54.78,54.87,53971
2014-10-07 13:00:00,54.87,54.92,54.8,54.8035,34251
2014-10-07 13:15:00,54.805,54.87,54.79,54.86,19800
2014-10-07 13:30:00,54.86,54.98,54.855,54.97,17383
2014-10-07 13:45:00,54.97,55.01,54.94,54.99,15941
2014-10-07 14:00:00,54.98,55.0,54.93,54.98,25897
2014-10-07 14:15:00,54.97,55.09,54.93,55.07,21936
2014-10-07 14:30:00,55.09,55.14,54.99,55.0,24839
2014-10-07 14:45:00,55.0099,55.0099,54.78,54.86,80012
2014-10-07 15:00:00,54.86,54.89,54.795,54.858000000000004,30879
2014-10-07 15:15:00,54.85,54.85,54.65,54.72,77418
2014-10-07 15:30:00,54.74,54.79,54.69,54.77,52864
2014-10-07 15:45:00,54.77,54.81,54.74,54.76,60057
2014-10-07 16:00:00,54.76,54.82,54.7375,54.75,139562
2014-10-08 09:45:00,54.8,54.9204,54.65,54.88,22628
2014-10-08 10:00:00,54.83,54.9387,54.81,54.81,9326
2014-10-08 10:15:00,54.85,55.015,54.85,54.96,47841
2014-10-08 10:30:00,54.94,55.08,54.94,55.058,33360
2014-10-08 10:45:00,55.03,55.08,54.95,55.02,47195
2014-10-08 11:00:00,55.02,55.04,54.72,54.78,118980
2014-10-08 11:15:00,54.77,54.84,54.73,54.75,19991
2014-10-08 11:30:00,54.74,54.86,54.72,54.848,18068
2014-10-08 11:45:00,54.82,54.88,54.74,54.765,9375
2014-10-08 12:00:00,54.74,54.82,54.72,54.79,20402
2014-10-08 12:15:00,54.78,54.84,54.76,54.83,5496
2014-10-08 12:30:00,54.79,54.91,54.78,54.89,13354
2014-10-08 12:45:00,54.87,54.87,54.795,54.835,7744
2014-10-08 13:00:00,54.81,54.84,54.78,54.81,4485
2014-10-08 13:15:00,54.81,54.86,54.78,54.81,9400
2014-10-08 13:30:00,54.8,54.82,54.76,54.77,10894
2014-10-08 13:45:00,54.77,54.83,54.75,54.83,18234
2014-10-08 14:00:00,54.85,54.99,54.84,54.98,9510
2014-10-08 14:15:00,54.98,55.28,54.98,55.23,14549
2014-10-08 14:30:00,55.24,55.435,55.21,55.37,10399
2014-10-08 14:45:00,55.39,55.5,55.375,55.44,15190
2014-10-08 15:00:00,55.45,55.45,55.27,55.31,22742
2014-10-08 15:15:00,55.35,55.43,55.33,55.4044,13187
2014-10-08 15:30:00,55.4,55.5,55.36,55.47,17719
2014-10-08 15:45:00,55.47,55.54,55.43,55.52,62623
2014-10-08 16:00:00,55.52,55.61,55.5,55.53,90647
2014-10-09 09:45:00,55.39,55.96,55.11,55.79,32151
2014-10-09 10:00:00,55.77,55.81,55.6,55.64,15795
2014-10-09 10:15:00,55.63,55.72,55.58,55.66,12189
2014-10-09 10:30:00,55.6775,55.6775,55.54,55.5556,12581
2014-10-09 10:45:00,55.5472,55.5472,55.38,55.38,9299
2014-10-09 11:00:00,55.37,55.38,55.29,55.38,7586
2014-10-09 11:15:00,55.39,55.5,55.29,55.47,11436
2014-10-09 11:30:00,55.46,55.48,55.38,55.4,8833
2014-10-09 11:45:00,55.4,55.4,55.23,55.23,8498
2014-10-09 12:00:00,55.21,55.22,55.02,55.08,8808
2014-10-09 12:15:00,55.08,55.1,54.95,55.028999999999996,13711
2014-10-09 12:30:00,55.02,55.06,54.895,54.9,13683
2014-10-09 12:45:00,54.89,54.94,54.81,54.94,28713
2014-10-09 13:00:00,54.94,55.05,54.882,55.01,22120
2014-10-09 13:15:00,55.025,55.06,54.86,54.86,26295
2014-10-09 13:30:00,54.85,55.07,54.82,54.99,20519
2014-10-09 13:45:00,54.99,55.13,54.92,55.04,16016
2014-10-09 14:00:00,55.05,55.08,54.92,55.04,21625
2014-10-09 14:15:00,55.03,55.05,54.92,54.94,23077
2014-10-09 14:30:00,54.95,55.07,54.82,55.02,29971
2014-10-09 14:45:00,55.02,55.0699,54.9,54.96,17409
2014-10-09 15:00:00,54.97,55.03,54.88,54.945,16834
2014-10-09 15:15:00,54.945,54.995,54.865,54.97,56338
2014-10-09 15:30:00,54.96,54.99,54.87,54.93,25085
2014-10-09 15:45:00,54.93,55.035,54.93,54.96,34911
2014-10-09 16:00:00,54.96,54.96,54.85,54.85,99244
2014-10-10 09:45:00,54.97,55.11,54.51,55.04,82916
2014-10-10 10:00:00,55.04,55.14,54.91,54.95,28663
2014-10-10 10:15:00,54.94,55.12,54.915,54.9917,31310
2014-10-10 10:30:00,55.02,55.12,54.96,55.02,62050
2014-10-10 10:45:00,55.02,55.08,54.93,55.06,50211
2014-10-10 11:00:00,55.08,55.08,54.91,55.0,57912
2014-10-10 11:15:00,55.0,55.29,55.0,55.27,25472
2014-10-10 11:30:00,55.25,55.28,55.12,55.16,23723
2014-10-10 11:45:00,55.16,55.26,55.15,55.25,11441
2014-10-10 12:00:00,55.27,55.32,55.21,55.255,11316
2014-10-10 12:15:00,55.27,55.38,55.25,55.31,10980
2014-10-10 12:30:00,55.3,55.33,55.2,55.27,16159
2014-10-10 12:45:00,55.28,55.41,55.2,55.2,16033
2014-10-10 13:00:00,55.21,55.22,55.13,55.14,17044
2014-10-10 13:15:00,55.13,55.24,55.08,55.2,16766
2014-10-10 13:30:00,55.18,55.23,55.08,55.119,13142
2014-10-10 13:45:00,55.1,55.49,55.1,55.47,54449
2014-10-10 14:00:00,55.47,55.47,55.28,55.31,27674
2014-10-10 14:15:00,55.35,55.39,55.19,55.24,26103
2014-10-10 14:30:00,55.22,55.31,55.16,55.27,31490
2014-10-10 14:45:00,55.28,55.3,55.2,55.28,22720
2014-10-10 15:00:00,55.28,55.28,55.2,55.21,22570
2014-10-10 15:15:00,55.23,55.235,55.15,55.1765,20779
2014-10-10 15:30:00,55.16,55.19,55.1,55.19,21057
2014-10-10 15:45:00,55.2,55.22,55.12,55.17,23767
2014-10-10 16:00:00,55.17,55.17,54.96,54.98,95572
2014-10-13 09:45:00,54.9,55.0,54.78,54.9,41401
2014-10-13 10:00:00,54.91,55.04,54.8,54.8,44444
2014-10-13 10:15:00,54.83,54.97,54.595,54.69,23004
2014-10-13 10:30:00,54.69,54.78,54.66,54.68,26997
2014-10-13 10:45:00,54.67,54.82,54.67,54.68,26465
2014-10-13 11:00:00,54.67,54.87,54.66,54.87,20556
2014-10-13 11:15:00,54.85,55.01,54.84,54.9,20379
2014-10-13 11:30:00,54.9183,54.95,54.87,54.9,29734
2014-10-13 11:45:00,54.94,55.1,54.93,55.06,23449
2014-10-13 12:00:00,55.05,55.14,55.01,55.03,21798
2014-10-13 12:15:00,55.04,55.05,54.95,54.99,38272
2014-10-13 12:30:00,55.0,55.07,54.97,55.06,14965
2014-10-13 12:45:00,55.08,55.21,55.08,55.21,7507
2014-10-13 13:00:00,55.19,55.19,55.05,55.065,10775
2014-10-13 13:15:00,55.08,55.11,55.0,55.03,10164
2014-10-13 13:30:00,55.01,55.05,54.97,55.05,12160
2014-10-13 13:45:00,55.05,55.05,54.95,54.95,14540
2014-10-13 14:00:00,54.95,55.07,54.95,55.07,34802
2014-10-13 14:15:00,55.07,55.07,54.99,55.02,14405
2014-10-13 14:30:00,54.99,55.03,54.95,54.97,14231
2014-10-13 14:45:00,54.99,54.99,54.94,54.97,17271
2014-10-13 15:00:00,54.97,55.03,54.94,55.0,29142
2014-10-13 15:15:00,55.001999999999995,55.013999999999996,54.95,54.98,41385
2014-10-13 15:30:00,54.98,54.98,54.86,54.865,35572
2014-10-13 15:45:00,54.86,54.88,54.68,54.7,109697
2014-10-13 16:00:00,54.69,54.72,54.58,54.67,266911
2014-10-14 09:45:00,55.0,55.5,54.88,55.42,39803
2014-10-14 10:00:00,55.3825,55.42,55.2401,55.4,51174
2014-10-14 10:15:00,55.37,55.44,55.18,55.27,24461
2014-10-14 10:30:00,55.25,55.28,55.01,55.02,29190
2014-10-14 10:45:00,55.01,55.02,54.87,54.87,40045
2014-10-14 11:00:00,54.89,54.97,54.76,54.7625,32491
2014-10-14 11:15:00,54.81,54.895,54.74,54.895,23536
2014-10-14 11:30:00,54.89,55.0,54.89,54.91,13132
2014-10-14 11:45:00,54.92,54.99,54.9,54.99,12484
2014-10-14 12:00:00,54.98,55.0,54.9,54.92,35257
2014-10-14 12:15:00,54.91,54.98,54.88,54.97,16649
2014-10-14 12:30:00,54.96,54.99,54.86,54.86,16021
2014-10-14 12:45:00,54.85,54.91,54.7,54.91,32706
2014-10-14 13:00:00,54.93,54.97,54.84,54.86,14634
2014-10-14 13:15:00,54.87,54.9,54.83,54.87,24602
2014-10-14 13:30:00,54.86,54.91,54.82,54.85,23994
2014-10-14 13:45:00,54.85,54.94,54.82,54.85,24668
2014-10-14 14:00:00,54.84,54.98,54.8,54.97,23105
2014-10-14 14:15:00,54.97,55.07,54.865,54.955,32841
2014-10-14 14:30:00,54.95,54.95,54.84,54.86,40712
2014-10-14 14:45:00,54.86,54.97,54.83,54.97,23012
2014-10-14 15:00:00,54.98,55.0,54.8,54.8198,30030
2014-10-14 15:15:00,54.82,54.89,54.7,54.81,45363
2014-10-14 15:30:00,54.82,54.84,54.75,54.84,45298
2014-10-14 15:45:00,54.83,55.03,54.745,54.92,50351
2014-10-14 16:00:00,54.94,54.97,54.78,54.83,124845
2014-10-15 09:45:00,54.18,54.89,53.42,53.67,177826
2014-10-15 10:00:00,53.69,54.13,53.69,54.12,27547
2014-10-15 10:15:00,54.15,54.21,53.88,54.2,94139
2014-10-15 10:30:00,54.185,54.28,53.91,54.25,113567
2014-10-15 10:45:00,54.24,54.38,54.14,54.23,26476
2014-10-15 11:00:00,54.21,54.3,54.0,54.05,37193
2014-10-15 11:15:00,54.045,54.22,54.0,54.12,16770
2014-10-15 11:30:00,54.1,54.12,53.92,53.98,25011
2014-10-15 11:45:00,53.97,54.03,53.91,53.92,39625
2014-10-15 12:00:00,53.91,53.93,53.72,53.78,66348
2014-10-15 12:15:00,53.76,53.78,53.48,53.49,63019
2014-10-15 12:30:00,53.47,53.71,53.47,53.675,59337
2014-10-15 12:45:00,53.66,53.715,53.61,53.63,46159
2014-10-15 13:00:00,53.63,53.77,53.6,53.73,86107
2014-10-15 13:15:00,53.715,53.87,53.695,53.81,33792
2014-10-15 13:30:00,53.81,53.85,53.67,53.78,168040
2014-10-15 13:45:00,53.77,53.78,53.455,53.61,68257
2014-10-15 14:00:00,53.58,53.83,53.57,53.695,36017
2014-10-15 14:15:00,53.69,53.73,53.545,53.7,105671
2014-10-15 14:30:00,53.71,53.8,53.56,53.61,58483
2014-10-15 14:45:00,53.6,54.01,53.6,53.98,34709
2014-10-15 15:00:00,53.99,54.13,53.945,54.08,53730
2014-10-15 15:15:00,54.08,54.08,53.92,53.98,43085
2014-10-15 15:30:00,53.96,54.262,53.78,54.262,53302
2014-10-15 15:45:00,54.28,54.55,54.21,54.52,70775
2014-10-15 16:00:00,54.52,54.53,54.28,54.31,137860
2014-10-16 09:45:00,54.03,54.15,52.74,53.41,177352
2014-10-16 10:00:00,53.33,54.22,53.28,54.22,83319
2014-10-16 10:15:00,54.205,54.225,53.77,53.81,72432
2014-10-16 10:30:00,53.8,53.95,53.6,53.67,125611
2014-10-16 10:45:00,53.68,53.69,53.37,53.54,50494
2014-10-16 11:00:00,53.5,53.73,53.47,53.48,48041
2014-10-16 11:15:00,53.48,53.72,53.435,53.62,47166
2014-10-16 11:30:00,53.62,53.64,53.48,53.57,36482
2014-10-16 11:45:00,53.573,53.86,53.52,53.82,72793
2014-10-16 12:00:00,53.83,53.87,53.63,53.68,55538
2014-10-16 12:15:00,53.66,53.66,53.55,53.65,21396
2014-10-16 12:30:00,53.63,53.71,53.59,53.62,273931
2014-10-16 12:45:00,53.61,53.66,53.54,53.64,19745
2014-10-16 13:00:00,53.65,53.67,53.58,53.66,19462
2014-10-16 13:15:00,53.645,53.75,53.645,53.75,32796
2014-10-16 13:30:00,53.75,53.95,53.75,53.95,52843
2014-10-16 13:45:00,53.95,54.24,53.95,54.24,22828
2014-10-16 14:00:00,54.24,54.32,54.2,54.235,23983
2014-10-16 14:15:00,54.22,54.26,54.1,54.1,19401
2014-10-16 14:30:00,54.09,54.09,53.86,53.99,22861
2014-10-16 14:45:00,53.97,54.09,53.97,54.04,14880
2014-10-16 15:00:00,54.048,54.08,53.94,53.9872,16715
2014-10-16 15:15:00,53.98,54.04,53.87,54.04,27926
2014-10-16 15:30:00,54.04,54.1,53.99,54.09,36411
2014-10-16 15:45:00,54.1,54.22,54.03,54.22,37773
2014-10-16 16:00:00,54.21,54.3,54.18,54.23,141861
2014-10-17 09:45:00,54.51,54.8,54.12,54.13,55965
2014-10-17 10:00:00,54.12,54.26,53.97,54.22,60000
2014-10-17 10:15:00,54.28,54.58,54.2,54.535,23032
2014-10-17 10:30:00,54.59,54.7,54.56,54.7,36376
2014-10-17 10:45:00,54.69,54.72,54.43,54.46,28784
2014-10-17 11:00:00,54.46,54.5868,54.4,54.42,37536
2014-10-17 11:15:00,54.39,54.44,54.31,54.43,23513
2014-10-17 11:30:00,54.43,54.47,54.36,54.36,24302
2014-10-17 11:45:00,54.37,54.43,54.33,54.4268,29338
2014-10-17 12:00:00,54.45,54.57,54.41,54.48,27818
2014-10-17 12:15:00,54.47,54.53,54.36,54.37,41266
2014-10-17 12:30:00,54.37,54.47,54.331,54.445,31251
2014-10-17 12:45:00,54.44,54.45,54.31,54.33,32506
2014-10-17 13:00:00,54.33,54.42,54.32,54.3299,33894
2014-10-17 13:15:00,54.33,54.39,54.12,54.13,37540
2014-10-17 13:30:00,54.13,54.43,54.13,54.27,96254
2014-10-17 13:45:00,54.26,54.33,54.21,54.27,31137
2014-10-17 14:00:00,54.29,54.3,54.18,54.21,25775
2014-10-17 14:15:00,54.2,54.25,54.17,54.19,144255
2014-10-17 14:30:00,54.2,54.34,54.15,54.21,35709
2014-10-17 14:45:00,54.2244,54.35,54.08,54.33,108274
2014-10-17 15:00:00,54.33,54.33,53.96,53.96,104515
2014-10-17 15:15:00,53.97,54.01,53.85,53.985,152646
2014-10-17 15:30:00,53.99,53.99,53.92,53.94,159845
2014-10-17 15:45:00,53.95,53.97,53.9,53.97,204976
2014-10-17 16:00:00,53.96,53.98,53.85,53.86,340176
2014-10-20 09:45:00,53.89,55.9,53.87,55.7,187318
2014-10-20 10:00:00,55.67,55.81,55.21,55.45,69053
2014-10-20 10:15:00,55.44,56.19,55.21,55.91,115300
2014-10-20 10:30:00,55.96,56.18,55.84,55.96,67962
2014-10-20 10:45:00,55.9799,56.02,55.67,55.76,169131
2014-10-20 11:00:00,55.725,55.88,55.59,55.74,121416
2014-10-20 11:15:00,55.73,56.05,55.51,55.6,207044
2014-10-20 11:30:00,55.6,55.87,55.6,55.86,100852
2014-10-20 11:45:00,55.86,55.92,55.72,55.91,47346
2014-10-20 12:00:00,55.9,56.015,55.8,55.99,163704
2014-10-20 12:15:00,56.01,56.02,55.95,55.97,61959
2014-10-20 12:30:00,56.0,56.0,55.72,55.76,76941
2014-10-20 12:45:00,55.74,55.99,55.56,55.97,107382
2014-10-20 13:00:00,55.97,56.02,55.89,55.91,36270
2014-10-20 13:15:00,55.915,56.07,55.915,55.99,42628
2014-10-20 13:30:00,56.0,56.0,55.94,55.94,46349
2014-10-20 13:45:00,55.955,55.955,55.763000000000005,55.8,24484
2014-10-20 14:00:00,55.79,56.49,55.79,56.47,74074
2014-10-20 14:15:00,56.49,56.545,56.23,56.29,58705
2014-10-20 14:30:00,56.31,56.49,56.29,56.47,56964
2014-10-20 14:45:00,56.5,56.77,56.48,56.67,58111
2014-10-20 15:00:00,56.67,56.92,56.56,56.92,71627
2014-10-20 15:15:00,56.905,57.16,56.84,57.115,118039
2014-10-20 15:30:00,57.115,57.12,56.731,56.85,262619
2014-10-20 15:45:00,56.85,56.91,56.52,56.53,123444
2014-10-20 16:00:00,56.521,56.59,56.35,56.5,266325
2014-10-21 09:45:00,56.9,56.9,56.54,56.69,51913
2014-10-21 10:00:00,56.6901,56.85,56.46,56.655,133591
2014-10-21 10:15:00,56.67,57.38,56.67,57.37,91636
2014-10-21 10:30:00,57.4,57.48,57.15,57.1599,85197
2014-10-21 10:45:00,57.1599,57.6,57.1599,57.6,89593
2014-10-21 11:00:00,57.6,57.75,57.46,57.7,91616
2014-10-21 11:15:00,57.7,57.88,57.65,57.73,83188
2014-10-21 11:30:00,57.75,58.04,57.635,57.76,207597
2014-10-21 11:45:00,57.76,57.96,57.65,57.935,76191
2014-10-21 12:00:00,57.93,57.96,57.66,57.665,83053
2014-10-21 12:15:00,57.69,57.8,57.47,57.68,87903
2014-10-21 12:30:00,57.7,57.76,57.53,57.705,68566
2014-10-21 12:45:00,57.71,57.78,57.57,57.76,89238
2014-10-21 13:00:00,57.74,57.76,57.7,57.72,65195
2014-10-21 13:15:00,57.71,57.82,57.64,57.73,62730
2014-10-21 13:30:00,57.73,57.73,57.44,57.5,55029
2014-10-21 13:45:00,57.5,57.52,57.46,57.51,49942
2014-10-21 14:00:00,57.5,57.58,57.46,57.57,75244
2014-10-21 14:15:00,57.58,57.61,57.45,57.46,86318
2014-10-21 14:30:00,57.465,57.57,57.435,57.5,60020
2014-10-21 14:45:00,57.51,57.57,57.44,57.475,55628
2014-10-21 15:00:00,57.475,57.72,57.475,57.6,93808
2014-10-21 15:15:00,57.6,57.685,57.52,57.66,101984
2014-10-21 15:30:00,57.67,57.705,57.58,57.58,135783
2014-10-21 15:45:00,57.58,57.69,57.55,57.56,146570
2014-10-21 16:00:00,57.57,57.73,57.52,57.73,333476
2014-10-22 09:45:00,57.92,58.06,57.37,57.41,133575
2014-10-22 10:00:00,57.42,57.58,57.26,57.45,117516
2014-10-22 10:15:00,57.44,57.52,57.17,57.17,48012
2014-10-22 10:30:00,57.18,57.26,56.83,57.2,129765
2014-10-22 10:45:00,57.21,57.48,57.18,57.48,37381
2014-10-22 11:00:00,57.48,57.6,57.47,57.51,25991
2014-10-22 11:15:00,57.52,57.53,57.4001,57.5,26703
2014-10-22 11:30:00,57.5,57.58,57.47,57.56,26514
2014-10-22 11:45:00,57.54,57.55,57.42,57.525,34418
2014-10-22 12:00:00,57.511,57.68,57.511,57.645,33136
2014-10-22 12:15:00,57.65,57.77,57.65,57.7,50443
2014-10-22 12:30:00,57.7,57.7,57.58,57.64,30141
2014-10-22 12:45:00,57.64,57.64,57.42,57.4499,17346
2014-10-22 13:00:00,57.435,57.46,57.31,57.42,15529
2014-10-22 13:15:00,57.43,57.46,57.36,57.37,15865
2014-10-22 13:30:00,57.3599,57.4,57.23,57.26,17866
2014-10-22 13:45:00,57.254,57.53,57.205,57.5,24692
2014-10-22 14:00:00,57.49,57.495,57.32,57.33,33660
2014-10-22 14:15:00,57.32,57.34,57.1,57.12,44696
2014-10-22 14:30:00,57.12,57.19,57.06,57.19,35350
2014-10-22 14:45:00,57.19,57.32,57.17,57.32,29932
2014-10-22 15:00:00,57.325,57.34,57.255,57.34,26309
2014-10-22 15:15:00,57.35,57.35,57.19,57.27,36930
2014-10-22 15:30:00,57.27,57.27,57.15,57.225,39528
2014-10-22 15:45:00,57.23,57.23,57.07,57.085,63595
2014-10-22 16:00:00,57.09,57.09,56.87,56.9,143991
2014-10-23 09:45:00,57.43,57.67,57.33,57.46,29601
2014-10-23 10:00:00,57.46,57.51,57.32,57.36,12358
2014-10-23 10:15:00,57.42,57.77,57.42,57.77,18641
2014-10-23 10:30:00,57.75,57.79,57.69,57.77,44091
2014-10-23 10:45:00,57.78,57.82,57.57,57.5799,108247
2014-10-23 11:00:00,57.5695,57.58,57.46,57.535,23911
2014-10-23 11:15:00,57.55,57.76,57.5,57.76,78124
2014-10-23 11:30:00,57.77,57.825,57.56,57.565,58426
2014-10-23 11:45:00,57.58,57.71,57.46,57.49,36901
2014-10-23 12:00:00,57.5,57.63,57.47,57.61,24600
2014-10-23 12:15:00,57.605,57.7,57.595,57.695,26173
2014-10-23 12:30:00,57.695,57.695,57.52,57.53,51296
2014-10-23 12:45:00,57.53,57.53,57.47,57.47,11114
2014-10-23 13:00:00,57.45,57.49,57.4,57.4,21147
2014-10-23 13:15:00,57.4,57.42,57.34,57.41,12918
2014-10-23 13:30:00,57.39,57.46,57.37,57.43,13610
2014-10-23 13:45:00,57.42,57.51,57.42,57.46,16685
2014-10-23 14:00:00,57.48,57.48,57.37,57.42,13276
2014-10-23 14:15:00,57.43,57.66,57.42,57.62,46325
2014-10-23 14:30:00,57.63,57.63,57.52,57.53,23997
2014-10-23 14:45:00,57.52,57.69,57.49,57.69,43481
2014-10-23 15:00:00,57.68,57.68,57.3601,57.455,31009
2014-10-23 15:15:00,57.44,57.455,57.3,57.39,21107
2014-10-23 15:30:00,57.388000000000005,57.47,57.36,57.41,43151
2014-10-23 15:45:00,57.4,57.54,57.39,57.4559,33468
2014-10-23 16:00:00,57.47,57.55,57.36,57.48,193269
2014-10-24 09:45:00,57.63,57.875,57.49,57.51,20887
2014-10-24 10:00:00,57.5,57.5125,57.4,57.45,11800
2014-10-24 10:15:00,57.43,57.54,57.34,57.53,20107
2014-10-24 10:30:00,57.53,57.59,57.44,57.51,37145
2014-10-24 10:45:00,57.53,57.55,57.42,57.45,16690
2014-10-24 11:00:00,57.45,57.505,57.39,57.425,27369
2014-10-24 11:15:00,57.44,57.45,57.33,57.365,15723
2014-10-24 11:30:00,57.365,57.4,57.35,57.36,31284
2014-10-24 11:45:00,57.37,57.5,57.35,57.48,18580
2014-10-24 12:00:00,57.48,57.5,57.46,57.4849,17619
2014-10-24 12:15:00,57.49,57.57,57.485,57.56,40615
2014-10-24 12:30:00,57.59,57.63,57.57,57.59,15423
2014-10-24 12:45:00,57.595,57.62,57.57,57.58,16643
2014-10-24 13:00:00,57.57,57.58,57.47,57.505,15904
2014-10-24 13:15:00,57.5,57.64,57.5,57.6,19588
2014-10-24 13:30:00,57.61,57.62,57.56,57.57,6629
2014-10-24 13:45:00,57.58,57.64,57.5799,57.61,19425
2014-10-24 14:00:00,57.63,57.65,57.6,57.63,13938
2014-10-24 14:15:00,57.63,57.65,57.59,57.6,15624
2014-10-24 14:30:00,57.59,57.61,57.56,57.57,10577
2014-10-24 14:45:00,57.58,57.615,57.52,57.61,16864
2014-10-24 15:00:00,57.62,57.66,57.6,57.6098,22706
2014-10-24 15:15:00,57.6,57.68,57.595,57.61,21576
2014-10-24 15:30:00,57.6,57.64,57.56,57.64,17395
2014-10-24 15:45:00,57.62,57.64,57.57,57.625,26180
2014-10-24 16:00:00,57.63,57.64,57.58,57.6,94436
2014-10-27 09:45:00,57.44,57.51,57.23,57.34,32840
2014-10-27 10:00:00,57.38,57.415,57.17,57.37,44696
2014-10-27 10:15:00,57.3999,57.5,57.25,57.44,43439
2014-10-27 10:30:00,57.41,57.59,57.37,57.5,27920
2014-10-27 10:45:00,57.54,57.64,57.46,57.615,31382
2014-10-27 11:00:00,57.63,57.69,57.57,57.59,18192
2014-10-27 11:15:00,57.59,57.73,57.59,57.66,16402
2014-10-27 11:30:00,57.6501,57.68,57.51,57.565,17355
2014-10-27 11:45:00,57.6,57.7,57.5555,57.63,11419
2014-10-27 12:00:00,57.64,57.64,57.5,57.57,35874
2014-10-27 12:15:00,57.58,57.68,57.54,57.59,26783
2014-10-27 12:30:00,57.58,57.5898,57.46,57.505,29982
2014-10-27 12:45:00,57.5,57.555,57.48,57.53,16559
2014-10-27 13:00:00,57.545,57.6,57.51,57.53,13341
2014-10-27 13:15:00,57.53,57.66,57.5,57.66,19637
2014-10-27 13:30:00,57.65,57.65,57.515,57.575,34592
2014-10-27 13:45:00,57.58,57.61,57.51,57.515,25108
2014-10-27 14:00:00,57.51,57.54,57.497,57.53,30443
2014-10-27 14:15:00,57.518,57.55,57.46,57.47,24725
2014-10-27 14:30:00,57.4755,57.478,57.33,57.38,28443
2014-10-27 14:45:00,57.38,57.44,57.32,57.415,28257
2014-10-27 15:00:00,57.42,57.48,57.35,57.39,22504
2014-10-27 15:15:00,57.4,57.43,57.35,57.36,23531
2014-10-27 15:30:00,57.36,57.4325,57.34,57.365,36590
2014-10-27 15:45:00,57.36,57.41,57.31,57.41,54079
2014-10-27 16:00:00,57.41,57.43,57.27,57.31,144296
2014-10-28 09:45:00,57.45,57.71,57.16,57.27,23737
2014-10-28 10:00:00,57.27,57.47,57.27,57.36,25700
2014-10-28 10:15:00,57.36,57.51,57.33,57.33,24003
2014-10-28 10:30:00,57.38,57.45,57.3,57.39,20614
2014-10-28 10:45:00,57.39,57.438,57.26,57.3,43268
2014-10-28 11:00:00,57.32,57.32,57.18,57.18,16423
2014-10-28 11:15:00,57.19,57.37,57.185,57.37,31539
2014-10-28 11:30:00,57.39,57.48,57.39,57.455,35438
2014-10-28 11:45:00,57.45,57.49,57.4,57.41,23561
2014-10-28 12:00:00,57.41,57.41,57.32,57.34,31702
2014-10-28 12:15:00,57.34,57.37,57.34,57.365,17804
2014-10-28 12:30:00,57.36,57.435,57.34,57.34,23093
2014-10-28 12:45:00,57.34,57.4,57.33,57.35,30197
2014-10-28 13:00:00,57.35,57.42,57.3,57.41,24010
2014-10-28 13:15:00,57.41,57.4625,57.395,57.41,41179
2014-10-28 13:30:00,57.42,57.52,57.42,57.52,23317
2014-10-28 13:45:00,57.54,57.61,57.47,57.6,36774
2014-10-28 14:00:00,57.59,57.65,57.56,57.64,19359
2014-10-28 14:15:00,57.625,57.625,57.5,57.525,20436
2014-10-28 14:30:00,57.525,57.64,57.5,57.63,22371
2014-10-28 14:45:00,57.62,57.67,57.5772,57.67,21827
2014-10-28 15:00:00,57.665,57.67,57.6,57.638000000000005,23831
2014-10-28 15:15:00,57.61,57.79,57.61,57.79,30218
2014-10-28 15:30:00,57.8,57.83,57.75,57.81,28274
2014-10-28 15:45:00,57.8,57.82,57.73,57.765,55639
2014-10-28 16:00:00,57.76,57.765,57.62,57.73,99904
2014-10-29 09:45:00,57.73,57.968999999999994,57.59,57.66,45960
2014-10-29 10:00:00,57.73,57.88,57.64,57.88,33853
2014-10-29 10:15:00,57.84,57.86,57.72,57.76,15613
2014-10-29 10:30:00,57.76,57.87,57.66,57.7301,33045
2014-10-29 10:45:00,57.745,57.85,57.69,57.85,26696
2014-10-29 11:00:00,57.82,57.82,57.74,57.8,21803
2014-10-29 11:15:00,57.81,57.87,57.7,57.74,27505
2014-10-29 11:30:00,57.7,57.81,57.68,57.79,11644
2014-10-29 11:45:00,57.78,57.78,57.68,57.74,11394
2014-10-29 12:00:00,57.74,57.76,57.7,57.76,14383
2014-10-29 12:15:00,57.77,57.788000000000004,57.638999999999996,57.714,15536
2014-10-29 12:30:00,57.7,57.71,57.58,57.6046,27166
2014-10-29 12:45:00,57.61,57.69,57.59,57.66,6204
2014-10-29 13:00:00,57.66,57.74,57.64,57.74,9965
2014-10-29 13:15:00,57.74,57.77,57.71,57.76,8176
2014-10-29 13:30:00,57.76,57.82,57.76,57.81,12660
2014-10-29 13:45:00,57.828,57.828,57.72,57.74,9369
2014-10-29 14:00:00,57.74,57.81,57.72,57.7945,9033
2014-10-29 14:15:00,57.79,57.81,57.58,57.6,16189
2014-10-29 14:30:00,57.59,57.6199,57.3588,57.59,32942
2014-10-29 14:45:00,57.61,57.647,57.53,57.55,18640
2014-10-29 15:00:00,57.52,57.56,57.45,57.52,12623
2014-10-29 15:15:00,57.52,57.53,57.31,57.4,20260
2014-10-29 15:30:00,57.4,57.62,57.4,57.6,12905
2014-10-29 15:45:00,57.61,57.77,57.59,57.65,33692
2014-10-29 16:00:00,57.64,57.65,57.57,57.62,54381
2014-10-30 09:45:00,56.94,57.23,56.7405,57.22,33411
2014-10-30 10:00:00,57.19,57.2,56.87,56.88,46345
2014-10-30 10:15:00,56.88,56.8901,56.75,56.88,28734
2014-10-30 10:30:00,56.88,56.95,56.82,56.91,24645
2014-10-30 10:45:00,56.9,56.91,56.8,56.82,17981
2014-10-30 11:00:00,56.8172,56.95,56.78,56.95,24409
2014-10-30 11:15:00,56.95,57.25,56.93,57.25,28792
2014-10-30 11:30:00,57.26,57.28,57.18,57.21,19872
2014-10-30 11:45:00,57.21,57.24,57.15,57.2,20532
2014-10-30 12:00:00,57.21,57.24,57.11,57.15,15806
2014-10-30 12:15:00,57.17,57.17,57.09,57.13,13596
2014-10-30 12:30:00,57.13,57.22,57.09,57.19,27800
2014-10-30 12:45:00,57.2,57.22,57.18,57.21,29375
2014-10-30 13:00:00,57.2,57.26,57.19,57.21,38381
2014-10-30 13:15:00,57.21,57.25,57.21,57.24,9784
2014-10-30 13:30:00,57.235,57.425,57.23,57.41,21577
2014-10-30 13:45:00,57.42,57.43,57.33,57.4236,15597
2014-10-30 14:00:00,57.3972,57.52,57.3972,57.44,40523
2014-10-30 14:15:00,57.44,57.45,57.37,57.37,17053
2014-10-30 14:30:00,57.36,57.38,57.24,57.25,22641
2014-10-30 14:45:00,57.24,57.3984,57.23,57.39,20441
2014-10-30 15:00:00,57.39,57.398999999999994,57.185,57.21,20270
2014-10-30 15:15:00,57.21,57.28,57.21,57.27,18471
2014-10-30 15:30:00,57.275,57.275,57.1,57.12,44269
2014-10-30 15:45:00,57.13,57.14,57.05,57.06,45739
2014-10-30 16:00:00,57.055,57.18,57.055,57.18,98285
2014-10-31 09:45:00,57.61,57.95,57.38,57.95,114381
2014-10-31 10:00:00,57.94,57.95,57.76,57.86,94307
2014-10-31 10:15:00,57.88,57.95,57.82,57.898999999999994,23137
2014-10-31 10:30:00,57.87,57.94,57.85,57.93,26337
2014-10-31 10:45:00,57.9299,57.93,57.68,57.7699,45225
2014-10-31 11:00:00,57.77,57.87,57.74,57.84,19009
2014-10-31 11:15:00,57.85,57.896,57.81,57.88,18161
2014-10-31 11:30:00,57.86,57.96,57.83,57.92,15519
2014-10-31 11:45:00,57.95,57.96,57.82,57.89,25742
2014-10-31 12:00:00,57.89,57.91,57.7501,57.85,17182
2014-10-31 12:15:00,57.8501,57.89,57.76,57.79,9501
2014-10-31 12:30:00,57.8,57.82,57.7705,57.79,6510
2014-10-31 12:45:00,57.8,57.83,57.77,57.78,11717
2014-10-31 13:00:00,57.79,57.86,57.77,57.86,39931
2014-10-31 13:15:00,57.84,57.84,57.71,57.71,16263
2014-10-31 13:30:00,57.7,57.7,57.55,57.55,12575
2014-10-31 13:45:00,57.536,57.62,57.51,57.58,17794
2014-10-31 14:00:00,57.58,57.59,57.46,57.52,12439
2014-10-31 14:15:00,57.52,57.55,57.44,57.53,15490
2014-10-31 14:30:00,57.53,57.6,57.49,57.59,39563
2014-10-31 14:45:00,57.6,57.65,57.56,57.56,10738
2014-10-31 15:00:00,57.57,57.6,57.435,57.48,17608
2014-10-31 15:15:00,57.49,57.5,57.41,57.46,14904
2014-10-31 15:30:00,57.47,57.47,57.37,57.43,25540
2014-10-31 15:45:00,57.42,57.42,57.37,57.41,28337
2014-10-31 16:00:00,57.41,57.57,57.37,57.52,156758
2014-11-03 09:45:00,57.69,57.69,57.15,57.27,85287
2014-11-03 10:00:00,57.27,57.54,57.26,57.46,21306
2014-11-03 10:15:00,57.46,57.54,57.27,57.31,23541
2014-11-03 10:30:00,57.31,57.39,57.29,57.39,18313
2014-11-03 10:45:00,57.43,57.54,57.42,57.49,27730
2014-11-03 11:00:00,57.48,57.5,57.41,57.49,10689
2014-11-03 11:15:00,57.46,57.53,57.44,57.48,24507
2014-11-03 11:30:00,57.46,57.519,57.36,57.4,25611
2014-11-03 11:45:00,57.4,57.52,57.4,57.45,12733
2014-11-03 12:00:00,57.48,57.535,57.43,57.53,11189
2014-11-03 12:15:00,57.54,57.55,57.47,57.52,11608
2014-11-03 12:30:00,57.5,57.52,57.44,57.4501,33271
2014-11-03 12:45:00,57.46,57.49,57.42,57.47,12167
2014-11-03 13:00:00,57.51,57.51,57.44,57.44,12358
2014-11-03 13:15:00,57.44,57.52,57.43,57.46,12067
2014-11-03 13:30:00,57.49,57.49,57.44,57.48,9500
2014-11-03 13:45:00,57.465,57.52,57.46,57.5,16555
2014-11-03 14:00:00,57.5,57.52,57.4,57.43,16065
2014-11-03 14:15:00,57.43,57.44,57.3401,57.4,19046
2014-11-03 14:30:00,57.39,57.41,57.36,57.39,12962
2014-11-03 14:45:00,57.4,57.43,57.38,57.42,22504
2014-11-03 15:00:00,57.43,57.57,57.43,57.57,15466
2014-11-03 15:15:00,57.56,57.65,57.52,57.56,42598
2014-11-03 15:30:00,57.53,57.61,57.52,57.52,27586
2014-11-03 15:45:00,57.55,57.64,57.53,57.62,29707
2014-11-03 16:00:00,57.63,57.69,57.6,57.66,54559
2014-11-04 09:45:00,57.56,57.69,57.45,57.49,41038
2014-11-04 10:00:00,57.53,57.78,57.38,57.78,53577
2014-11-04 10:15:00,57.75,57.93,57.75,57.8794,13574
2014-11-04 10:30:00,57.84,57.9,57.68,57.68,12180
2014-11-04 10:45:00,57.66,57.72,57.56,57.66,17293
2014-11-04 11:00:00,57.63399999999999,57.67,57.51,57.51,17135
2014-11-04 11:15:00,57.5,57.55,57.41,57.47,11076
2014-11-04 11:30:00,57.46,57.58,57.42,57.5377,10401
2014-11-04 11:45:00,57.54,57.57,57.4483,57.46,11281
2014-11-04 12:00:00,57.45,57.51,57.33,57.41,35564
2014-11-04 12:15:00,57.38,57.5177,57.38,57.47,9922
2014-11-04 12:30:00,57.48,57.53,57.475,57.5178,7574
2014-11-04 12:45:00,57.5001,57.53,57.39,57.44,12892
2014-11-04 13:00:00,57.45,57.49,57.36,57.37,15297
2014-11-04 13:15:00,57.35,57.38,57.3,57.38,10023
2014-11-04 13:30:00,57.39,57.4,57.33,57.365,6556
2014-11-04 13:45:00,57.365,57.365,57.27,57.285,10457
2014-11-04 14:00:00,57.29,57.34,57.285,57.299,9949
2014-11-04 14:15:00,57.31,57.345,57.3,57.33,9913
2014-11-04 14:30:00,57.34,57.42,57.28,57.33,12601
2014-11-04 14:45:00,57.34,57.3846,57.33,57.36,8397
2014-11-04 15:00:00,57.36,57.41,57.35,57.41,9459
2014-11-04 15:15:00,57.419,57.43,57.3,57.32,14515
2014-11-04 15:30:00,57.33,57.33,57.19,57.2,18703
2014-11-04 15:45:00,57.21,57.25,57.2,57.21,25780
2014-11-04 16:00:00,57.21,57.38,57.2,57.36,162586
2014-11-05 09:45:00,57.65,57.87,57.41,57.42,35251
2014-11-05 10:00:00,57.46,57.63,57.23,57.44,60807
2014-11-05 10:15:00,57.44,57.68,57.37,57.68,22206
2014-11-05 10:30:00,57.66,57.74,57.5,57.5,22459
2014-11-05 10:45:00,57.5,57.5,57.25,57.28,36279
2014-11-05 11:00:00,57.3,57.56,57.29,57.55,39982
2014-11-05 11:15:00,57.56,57.69,57.56,57.63,8735
2014-11-05 11:30:00,57.63,57.698,57.59,57.64,11664
2014-11-05 11:45:00,57.64,57.7,57.58,57.62,7023
2014-11-05 12:00:00,57.6102,57.68,57.6,57.68,5738
2014-11-05 12:15:00,57.69,57.79,57.67,57.77,21817
2014-11-05 12:30:00,57.77,57.8,57.71,57.723,17095
2014-11-05 12:45:00,57.71,57.77,57.71,57.77,5702
2014-11-05 13:00:00,57.77,57.8117,57.76,57.8117,14959
2014-11-05 13:15:00,57.81,57.84,57.81,57.83,3850
2014-11-05 13:30:00,57.82,57.83,57.75,57.75,7678
2014-11-05 13:45:00,57.76,57.76,57.64,57.64,5235
2014-11-05 14:00:00,57.62,57.71,57.61,57.71,9056
2014-11-05 14:15:00,57.71,57.71,57.63,57.6966,9267
2014-11-05 14:30:00,57.7,57.77,57.69,57.77,9331
2014-11-05 14:45:00,57.77,57.77,57.725,57.73,6905
2014-11-05 15:00:00,57.725,57.78,57.711000000000006,57.78,8023
2014-11-05 15:15:00,57.78,57.8,57.72,57.73,12125
2014-11-05 15:30:00,57.75,57.75,57.67,57.67,14181
2014-11-05 15:45:00,57.67,57.82,57.66,57.79,20835
2014-11-05 16:00:00,57.8,57.88,57.78,57.85,44334
2014-11-06 09:45:00,57.99,58.0,57.64,57.64,87956
2014-11-06 10:00:00,57.6828,57.93,57.64,57.9,13238
2014-11-06 10:15:00,57.93,58.0,57.79,57.95,19285
2014-11-06 10:30:00,57.95,57.99,57.79,57.87,22722
2014-11-06 10:45:00,57.85,58.0,57.77,58.0,82853
2014-11-06 11:00:00,57.988,58.29,57.98,58.24,77360
2014-11-06 11:15:00,58.22,58.26,58.19,58.26,14300
2014-11-06 11:30:00,58.26,58.37,58.25,58.37,24850
2014-11-06 11:45:00,58.37,58.39,58.34,58.385,14329
2014-11-06 12:00:00,58.4,58.41,58.24,58.3,27191
2014-11-06 12:15:00,58.305,58.305,58.24,58.25,18691
2014-11-06 12:30:00,58.24,58.38,58.24,58.37,29511
2014-11-06 12:45:00,58.37,58.41,58.35,58.4,15855
2014-11-06 13:00:00,58.39,58.4,58.3698,58.39,15757
2014-11-06 13:15:00,58.38,58.39,58.36,58.37,30878
2014-11-06 13:30:00,58.37,58.39,58.34,58.355,22093
2014-11-06 13:45:00,58.35,58.36,58.2866,58.2866,11281
2014-11-06 14:00:00,58.28,58.31,58.2,58.31,13234
2014-11-06 14:15:00,58.315,58.37,58.295,58.315,35288
2014-11-06 14:30:00,58.325,58.35,58.245,58.25,25857
2014-11-06 14:45:00,58.245,58.27,58.17,58.23,34428
2014-11-06 15:00:00,58.2,58.22,58.16,58.22,28481
2014-11-06 15:15:00,58.2,58.21,58.04,58.08,41616
2014-11-06 15:30:00,58.06,58.07,58.015,58.0299,32893
2014-11-06 15:45:00,58.03,58.07,58.02,58.05,47356
2014-11-06 16:00:00,58.05,58.17,58.04,58.11,98621
2014-11-07 09:45:00,58.03,58.39,57.72,57.85,82732
2014-11-07 10:00:00,57.85,58.14,57.73,58.1356,21286
2014-11-07 10:15:00,58.105,58.19,58.03,58.1,24291
2014-11-07 10:30:00,58.105,58.11,57.94,57.9875,24438
2014-11-07 10:45:00,58.0,58.09,57.96,58.05,16250
2014-11-07 11:00:00,58.04,58.155,58.02,58.02,12982
2014-11-07 11:15:00,58.0,58.0827,57.93,58.02,13688
2014-11-07 11:30:00,58.02,58.05,57.975,58.0399,14228
2014-11-07 11:45:00,58.02,58.1385,58.0,58.01,21892
2014-11-07 12:00:00,58.03,58.03,57.92,57.975,13090
2014-11-07 12:15:00,58.03,58.03,57.95,57.97,13293
2014-11-07 12:30:00,57.9699,58.06,57.96,57.97,10660
2014-11-07 12:45:00,57.99,58.01,57.925,57.93,7926
2014-11-07 13:00:00,57.92,58.01,57.85,57.99,13965
2014-11-07 13:15:00,57.97,58.005,57.92,57.97,10700
2014-11-07 13:30:00,57.97,58.0,57.93,58.0,17083
2014-11-07 13:45:00,57.99,57.995,57.91,57.955,11100
2014-11-07 14:00:00,57.958,57.99,57.91,57.95,8571
2014-11-07 14:15:00,57.97,58.03,57.97,57.975,11686
2014-11-07 14:30:00,57.98,58.11,57.93,57.98,28603
2014-11-07 14:45:00,57.98,58.03,57.95,58.022,13792
2014-11-07 15:00:00,58.02,58.035,57.96,57.96,15689
2014-11-07 15:15:00,57.9621,58.03,57.95,57.995,19401
2014-11-07 15:30:00,57.9999,57.9999,57.88,57.88,18814
2014-11-07 15:45:00,57.879,57.92,57.83,57.92,25574
2014-11-07 16:00:00,57.92100000000001,58.0,57.91,57.95,70532
2014-11-10 09:45:00,57.91,58.015,57.61,57.79,44240
2014-11-10 10:00:00,57.78,57.94,57.63,57.9,32471
2014-11-10 10:15:00,57.95,58.0,57.87,57.875,26994
2014-11-10 10:30:00,57.94,58.02,57.79,57.81,22490
2014-11-10 10:45:00,57.86,57.95,57.6075,57.61,47936
2014-11-10 11:00:00,57.61,57.86,57.56,57.83,27660
2014-11-10 11:15:00,57.84,57.91,57.83,57.8514,22792
2014-11-10 11:30:00,57.85,57.93,57.82,57.89,19404
2014-11-10 11:45:00,57.91,58.19,57.9,58.09,15212
2014-11-10 12:00:00,58.1,58.11,57.9,57.9,35367
2014-11-10 12:15:00,57.89,57.9,57.62,57.63,69323
2014-11-10 12:30:00,57.635,57.68,57.56,57.56,21466
2014-11-10 12:45:00,57.56,57.56,57.36,57.36,44363
2014-11-10 13:00:00,57.37,57.42,57.3,57.3501,31927
2014-11-10 13:15:00,57.365,57.54,57.325,57.49,34797
2014-11-10 13:30:00,57.49,57.5,57.33,57.36,34998
2014-11-10 13:45:00,57.37,57.38,57.21,57.22,36939
2014-11-10 14:00:00,57.22,57.28,57.12,57.275,41628
2014-11-10 14:15:00,57.28,57.58,57.23,57.56,64918
2014-11-10 14:30:00,57.55,57.63,57.475,57.51,62856
2014-11-10 14:45:00,57.49,57.49,57.27,57.275,36496
2014-11-10 15:00:00,57.27,57.305,57.22,57.235,39152
2014-11-10 15:15:00,57.22,57.33,57.2,57.2,43909
2014-11-10 15:30:00,57.21,57.31,57.1675,57.17,56249
2014-11-10 15:45:00,57.19,57.19,57.04,57.08,105187
2014-11-10 16:00:00,57.09,57.16,57.02,57.08,221296
2014-11-11 09:45:00,57.26,57.39,56.81,56.88,83767
2014-11-11 10:00:00,56.88,57.0,56.84,56.88,35706
2014-11-11 10:15:00,56.89,56.89,56.75,56.8,73827
2014-11-11 10:30:00,56.8,56.8,56.68,56.75,49334
2014-11-11 10:45:00,56.75,56.8,56.71,56.72,27791
2014-11-11 11:00:00,56.73,56.7899,56.67,56.67,29109
2014-11-11 11:15:00,56.69,56.69,56.59,56.61,72613
2014-11-11 11:30:00,56.63,56.71,56.51,56.7,33904
2014-11-11 11:45:00,56.71,56.75,56.61,56.72,39203
2014-11-11 12:00:00,56.71,56.75,56.67,56.68,23497
2014-11-11 12:15:00,56.67,56.7,56.662,56.695,22967
2014-11-11 12:30:00,56.695,56.8,56.695,56.78,17766
2014-11-11 12:45:00,56.79,56.85,56.79,56.85,23686
2014-11-11 13:00:00,56.86,56.9,56.85,56.86,17935
2014-11-11 13:15:00,56.86,56.9,56.84,56.88,31850
2014-11-11 13:30:00,56.8701,56.97,56.87,56.91,44599
2014-11-11 13:45:00,56.91,56.99,56.85,56.85,55705
2014-11-11 14:00:00,56.86,56.93,56.8,56.8,32972
2014-11-11 14:15:00,56.79,56.79,56.64,56.73,44915
2014-11-11 14:30:00,56.74,56.85,56.73,56.85,20812
2014-11-11 14:45:00,56.83,56.85,56.67,56.68,22048
2014-11-11 15:00:00,56.68,56.7425,56.635,56.7,23849
2014-11-11 15:15:00,56.7,56.735,56.66,56.7,27974
2014-11-11 15:30:00,56.69,56.77,56.68,56.735,33677
2014-11-11 15:45:00,56.73,56.76,56.59,56.6,95231
2014-11-11 16:00:00,56.6,56.71,56.56,56.65,222461
2014-11-12 09:45:00,56.58,57.026,56.53,56.67,61969
2014-11-12 10:00:00,56.676,56.95,56.55,56.78,40513
2014-11-12 10:15:00,56.74,56.93,56.57,56.78,42420
2014-11-12 10:30:00,56.785,56.82,56.58,56.58,33347
2014-11-12 10:45:00,56.57,56.635,56.54,56.6,47036
2014-11-12 11:00:00,56.6,56.6,56.51,56.55,42445
2014-11-12 11:15:00,56.55,56.81,56.55,56.73,31317
2014-11-12 11:30:00,56.7283,56.795,56.72,56.77,61853
2014-11-12 11:45:00,56.77,56.93,56.77,56.9,32612
2014-11-12 12:00:00,56.91,57.02,56.91,56.9988,26533
2014-11-12 12:15:00,57.0,57.208,56.99,57.17,53052
2014-11-12 12:30:00,57.18,57.27,57.18,57.24,21554
2014-11-12 12:45:00,57.23,57.265,57.19,57.26,24133
2014-11-12 13:00:00,57.25,57.33,57.25,57.29,12002
2014-11-12 13:15:00,57.3,57.34,57.28,57.3019,14262
2014-11-12 13:30:00,57.3199,57.33,57.2,57.32,38248
2014-11-12 13:45:00,57.32,57.39,57.32,57.32,14414
2014-11-12 14:00:00,57.31,57.38,57.27,57.38,25003
2014-11-12 14:15:00,57.38,57.468,57.38,57.465,9474
2014-11-12 14:30:00,57.46,57.48,57.41,57.41,30269
2014-11-12 14:45:00,57.42,57.485,57.42,57.44,19738
2014-11-12 15:00:00,57.44,57.54,57.42,57.51,20415
2014-11-12 15:15:00,57.51,57.57,57.46,57.47,40274
2014-11-12 15:30:00,57.47,57.51,57.46,57.51,34456
2014-11-12 15:45:00,57.51,57.57,57.5,57.5,44059
2014-11-12 16:00:00,57.5,57.535,57.43,57.48,72009
2014-11-13 09:45:00,56.09,56.1,54.79,55.0,785657
2014-11-13 10:00:00,54.98,55.1,54.64,54.77,353382
2014-11-13 10:15:00,54.82,55.06,54.73,54.95,174272
2014-11-13 10:30:00,54.965,54.98,54.61,54.64,110933
2014-11-13 10:45:00,54.66,54.7895,54.42,54.45,90243
2014-11-13 11:00:00,54.43,54.57,54.18,54.49,254071
2014-11-13 11:15:00,54.5,54.64,54.15,54.2,183059
2014-11-13 11:30:00,54.19,54.48,54.17,54.42,153819
2014-11-13 11:45:00,54.4,54.48,54.35,54.42,101307
2014-11-13 12:00:00,54.43,54.59,54.43,54.58,67997
2014-11-13 12:15:00,54.58,54.8,54.53,54.8,102648
2014-11-13 12:30:00,54.82,54.88,54.7407,54.8439,104284
2014-11-13 12:45:00,54.84,54.88,54.68,54.71,50399
2014-11-13 13:00:00,54.71,54.7899,54.63,54.73,48858
2014-11-13 13:15:00,54.71,54.768,54.64,54.71,23642
2014-11-13 13:30:00,54.71,54.75,54.69,54.75,27196
2014-11-13 13:45:00,54.74,54.751000000000005,54.6,54.63,120837
2014-11-13 14:00:00,54.63,54.86,54.61,54.81,102536
2014-11-13 14:15:00,54.82,54.88,54.75,54.79,37661
2014-11-13 14:30:00,54.78,54.81,54.69,54.75,148295
2014-11-13 14:45:00,54.75,55.04,54.74,55.03,63664
2014-11-13 15:00:00,55.04,55.26,55.03,55.13,104207
2014-11-13 15:15:00,55.12,55.17,55.01,55.025,81175
2014-11-13 15:30:00,55.02,55.15,55.01,55.06,76601
2014-11-13 15:45:00,55.06,55.2,54.82,54.87,119138
2014-11-13 16:00:00,54.88,55.01,54.85,54.97,153405
2014-11-14 09:45:00,55.5,55.87,54.98,55.295,77680
2014-11-14 10:00:00,55.27,55.28,54.91,54.93,49452
2014-11-14 10:15:00,54.92,55.0465,54.92,55.02,26300
2014-11-14 10:30:00,54.98,55.045,54.85,54.8792,23611
2014-11-14 10:45:00,54.89,54.94,54.83,54.94,17716
2014-11-14 11:00:00,54.95,55.045,54.95,54.97,45300
2014-11-14 11:15:00,54.96,54.99,54.91,54.92,15396
2014-11-14 11:30:00,54.91,54.98,54.91,54.95,26634
2014-11-14 11:45:00,54.93,54.94,54.77,54.78,33030
2014-11-14 12:00:00,54.79,54.81,54.75,54.81,21760
2014-11-14 12:15:00,54.8,54.86,54.79,54.86,13974
2014-11-14 12:30:00,54.87,54.87,54.75,54.8,17024
2014-11-14 12:45:00,54.81,54.9,54.7901,54.87,11765
2014-11-14 13:00:00,54.8994,54.91,54.71,54.73,26810
2014-11-14 13:15:00,54.72,54.76,54.7,54.72,32742
2014-11-14 13:30:00,54.72,54.75,54.63,54.67,30994
2014-11-14 13:45:00,54.67,54.74,54.64,54.7,22583
2014-11-14 14:00:00,54.7,54.75,54.688,54.71,24185
2014-11-14 14:15:00,54.7,54.71,54.6467,54.67,34400
2014-11-14 14:30:00,54.67,54.69,54.6,54.6199,27977
2014-11-14 14:45:00,54.61,54.625,54.48,54.54,48818
2014-11-14 15:00:00,54.54,54.54,54.3,54.32,67631
2014-11-14 15:15:00,54.32,54.33,54.08,54.08,117756
2014-11-14 15:30:00,54.08,54.08,53.82,53.825,171369
2014-11-14 15:45:00,53.83,53.96,53.74,53.75,230306
2014-11-14 16:00:00,53.75,54.08,53.74,54.02,375640
2014-11-17 09:45:00,56.25,56.9897,55.92,56.77,362447
2014-11-17 10:00:00,56.79,57.225,56.6359,56.6662,169869
2014-11-17 10:15:00,56.65,56.7,56.18,56.23,147402
2014-11-17 10:30:00,56.2,56.32,55.97,56.2499,144337
2014-11-17 10:45:00,56.25,56.31,56.07,56.15,35408
2014-11-17 11:00:00,56.13,56.49,56.1,56.41,86095
2014-11-17 11:15:00,56.42,56.46,56.31,56.455,45467
2014-11-17 11:30:00,56.44,56.62,56.38,56.45,67527
2014-11-17 11:45:00,56.431999999999995,56.565,56.3566,56.5302,44599
2014-11-17 12:00:00,56.56,56.62,56.5,56.51,15107
2014-11-17 12:15:00,56.5,56.53,56.4092,56.4092,14974
2014-11-17 12:30:00,56.43,56.44,56.24100000000001,56.31,24483
2014-11-17 12:45:00,56.302,56.302,56.18,56.18,15201
2014-11-17 13:00:00,56.2,56.23,56.0,56.0,41697
2014-11-17 13:15:00,56.0,56.1,55.98,56.03,35209
2014-11-17 13:30:00,56.03,56.14,55.99,56.03,27956
2014-11-17 13:45:00,56.03,56.091,56.0,56.02,38837
2014-11-17 14:00:00,56.02,56.14,56.0,56.14,18133
2014-11-17 14:15:00,56.14,56.31,56.14,56.31,44159
2014-11-17 14:30:00,56.32,56.37,56.18600000000001,56.205,27792
2014-11-17 14:45:00,56.21,56.225,56.1565,56.1799,14084
2014-11-17 15:00:00,56.1766,56.18,56.1,56.16,17519
2014-11-17 15:15:00,56.151,56.21,56.13,56.2,26935
2014-11-17 15:30:00,56.21,56.35,56.16,56.3,65366
2014-11-17 15:45:00,56.3,56.31,56.22,56.23,74322
2014-11-17 16:00:00,56.23,56.37,56.19,56.37,139127
2014-11-18 09:45:00,56.19,56.65,55.86,56.02,40447
2014-11-18 10:00:00,56.04,56.19,56.02,56.17,13040
2014-11-18 10:15:00,56.199,56.22,55.98,56.0,26125
2014-11-18 10:30:00,55.96,56.0,55.94,55.96,22702
2014-11-18 10:45:00,55.96,55.98,55.931000000000004,55.95,20805
2014-11-18 11:00:00,55.94,56.04,55.94,56.0,39688
2014-11-18 11:15:00,56.0,56.01,55.95,55.99,21055
2014-11-18 11:30:00,55.99,55.99,55.94,55.98,12522
2014-11-18 11:45:00,55.98,56.04,55.98,55.99,27502
2014-11-18 12:00:00,55.9864,56.02,55.97,56.0,16357
2014-11-18 12:15:00,56.005,56.04,55.99,56.01,24374
2014-11-18 12:30:00,56.0,56.02,55.95,55.995,15721
2014-11-18 12:45:00,55.995,56.04,55.99,56.035,22562
2014-11-18 13:00:00,56.04,56.068999999999996,56.04,56.06,7662
2014-11-18 13:15:00,56.07,56.07,56.04,56.05,10946
2014-11-18 13:30:00,56.05,56.09,56.015,56.07,39457
2014-11-18 13:45:00,56.065,56.07,56.03,56.07,11898
2014-11-18 14:00:00,56.065,56.15,56.065,56.14,22522
2014-11-18 14:15:00,56.14,56.15,56.11,56.11,23802
2014-11-18 14:30:00,56.11,56.19,56.1,56.19,33553
2014-11-18 14:45:00,56.19,56.54,56.185,56.31,226273
2014-11-18 15:00:00,56.3,56.4,56.26,56.335,22640
2014-11-18 15:15:00,56.32,56.34,56.27,56.31,16525
2014-11-18 15:30:00,56.3,56.305,56.23,56.26,27018
2014-11-18 15:45:00,56.26,56.28,56.22,56.23,29112
2014-11-18 16:00:00,56.24,56.24,56.08,56.11,110621
2014-11-19 09:45:00,56.11,56.22,55.92,56.12,47445
2014-11-19 10:00:00,56.12,56.28,56.1,56.24,11494
2014-11-19 10:15:00,56.21,56.29,56.15,56.17,53902
2014-11-19 10:30:00,56.18,56.21,56.02,56.19,45991
2014-11-19 10:45:00,56.18,56.22,56.1534,56.2,11685
2014-11-19 11:00:00,56.17,56.31,56.15,56.28,22111
2014-11-19 11:15:00,56.28,56.45,56.275,56.38,19208
2014-11-19 11:30:00,56.36,56.36,56.25,56.25,22431
2014-11-19 11:45:00,56.26,56.31,56.19,56.2,48667
2014-11-19 12:00:00,56.2,56.37,56.17,56.36,13869
2014-11-19 12:15:00,56.35,56.41,56.335,56.39,12000
2014-11-19 12:30:00,56.38,56.45,56.375,56.41,8400
2014-11-19 12:45:00,56.4165,56.44,56.28,56.29,37806
2014-11-19 13:00:00,56.29,56.35,56.27,56.28,26744
2014-11-19 13:15:00,56.2775,56.28,56.215,56.225,9581
2014-11-19 13:30:00,56.2165,56.32,56.2,56.28,9829
2014-11-19 13:45:00,56.27,56.285,56.258,56.28,7782
2014-11-19 14:00:00,56.28,56.2825,56.24,56.24,16584
2014-11-19 14:15:00,56.24,56.28,56.22,56.25,26065
2014-11-19 14:30:00,56.25,56.26,56.17,56.18,22278
2014-11-19 14:45:00,56.17,56.25,56.17,56.21,12984
2014-11-19 15:00:00,56.22,56.28,56.18,56.25,9283
2014-11-19 15:15:00,56.248000000000005,56.31,56.19,56.205,16738
2014-11-19 15:30:00,56.19,56.288000000000004,56.19,56.21,24388
2014-11-19 15:45:00,56.21,56.22,56.02,56.08,38665
2014-11-19 16:00:00,56.08,56.22,56.07,56.13,143588
2014-11-20 09:45:00,56.0,56.165,55.95,56.13,109231
2014-11-20 10:00:00,56.1,56.14,56.02,56.09,22634
2014-11-20 10:15:00,56.09,56.347,56.065,56.33,53361
2014-11-20 10:30:00,56.33,56.453,56.31,56.42,11244
2014-11-20 10:45:00,56.44,56.47,56.2745,56.37,48691
2014-11-20 11:00:00,56.408,56.41,56.295,56.41,30574
2014-11-20 11:15:00,56.41,56.41,56.25,56.3,29776
2014-11-20 11:30:00,56.29,56.47,56.255,56.45,32587
2014-11-20 11:45:00,56.45,56.49,56.36,56.49,16952
2014-11-20 12:00:00,56.5,56.62,56.44,56.44,17029
2014-11-20 12:15:00,56.43,56.44,56.38,56.42,79891
2014-11-20 12:30:00,56.4,56.55,56.4,56.52,18300
2014-11-20 12:45:00,56.51,56.59,56.51,56.53,7422
2014-11-20 13:00:00,56.515,56.52,56.46,56.49,8700
2014-11-20 13:15:00,56.5,56.51,56.47,56.485,12806
2014-11-20 13:30:00,56.48,56.52,56.43,56.43,32755
2014-11-20 13:45:00,56.43,56.44,56.39,56.41,23531
2014-11-20 14:00:00,56.4,56.575,56.4,56.56,27971
2014-11-20 14:15:00,56.56,56.665,56.5,56.63,37338
2014-11-20 14:30:00,56.65,56.66,56.58,56.58,56986
2014-11-20 14:45:00,56.57,56.59,56.5,56.57,27948
2014-11-20 15:00:00,56.56,56.57,56.4675,56.4675,23581
2014-11-20 15:15:00,56.465,56.465,56.39,56.39,18255
2014-11-20 15:30:00,56.385,56.47,56.37,56.46,64140
2014-11-20 15:45:00,56.45,56.51,56.435,56.485,22926
2014-11-20 16:00:00,56.48,56.51,56.4,56.51,134303
2014-11-21 09:45:00,57.08,57.08,56.45,56.69,91920
2014-11-21 10:00:00,56.655,56.77,56.62,56.76,26315
2014-11-21 10:15:00,56.76,57.03,56.74,57.02,39489
2014-11-21 10:30:00,57.01,57.03,56.94,57.03,21288
2014-11-21 10:45:00,57.03,57.07,56.99,57.07,18440
2014-11-21 11:00:00,57.06,57.06,56.99,57.0,21338
2014-11-21 11:15:00,57.0,57.01,56.99,57.0,32073
2014-11-21 11:30:00,57.0,57.11,57.0,57.02,30430
2014-11-21 11:45:00,57.01,57.0899,57.0,57.08,26291
2014-11-21 12:00:00,57.09,57.09,57.04,57.05,15370
2014-11-21 12:15:00,57.0558,57.085,57.04,57.0678,16017
2014-11-21 12:30:00,57.06,57.09,57.04,57.07,16672
2014-11-21 12:45:00,57.06,57.2,57.06,57.18,27093
2014-11-21 13:00:00,57.18,57.19,57.02,57.03,14540
2014-11-21 13:15:00,57.03,57.06,56.9901,57.0,13888
2014-11-21 13:30:00,57.01,57.02,56.94,56.95,21009
2014-11-21 13:45:00,56.96,57.02,56.93,56.99,14311
2014-11-21 14:00:00,57.01,57.02,56.9,56.93,22977
2014-11-21 14:15:00,56.93,56.97,56.93,56.95,21804
2014-11-21 14:30:00,56.96,56.98,56.89,56.91,19150
2014-11-21 14:45:00,56.905,56.99,56.87,56.98,24677
2014-11-21 15:00:00,56.98,57.0099,56.93,56.95,38615
2014-11-21 15:15:00,56.96,57.09,56.93,57.02,39448
2014-11-21 15:30:00,57.03,57.05,56.95,56.98,32748
2014-11-21 15:45:00,56.99,57.04,56.94,56.95,37392
2014-11-21 16:00:00,56.96,56.96,56.67,56.69,295172
2014-11-24 09:45:00,57.06,57.23,56.55,56.55,63082
2014-11-24 10:00:00,56.56,56.631,56.35,56.39,89517
2014-11-24 10:15:00,56.38,56.65,56.34,56.49,76340
2014-11-24 10:30:00,56.5,56.54,56.24,56.24,59324
2014-11-24 10:45:00,56.25,56.3,56.18,56.2,79085
2014-11-24 11:00:00,56.19,56.51,56.15,56.49,34769
2014-11-24 11:15:00,56.47,56.65,56.43,56.65,40989
2014-11-24 11:30:00,56.66,56.66,56.525,56.54,25948
2014-11-24 11:45:00,56.54,56.63,56.515,56.57,69639
2014-11-24 12:00:00,56.54,56.66,56.51,56.53,25075
2014-11-24 12:15:00,56.54,56.62,56.515,56.62,36137
2014-11-24 12:30:00,56.6,56.61,56.52,56.53,29333
2014-11-24 12:45:00,56.53,56.75,56.53,56.71,28842
2014-11-24 13:00:00,56.7,56.75,56.59,56.615,14392
2014-11-24 13:15:00,56.62,56.78,56.62,56.78,23728
2014-11-24 13:30:00,56.76,56.865,56.72,56.74,288107
2014-11-24 13:45:00,56.74,56.77,56.5,56.5,35402
2014-11-24 14:00:00,56.49,56.57,56.39,56.445,28901
2014-11-24 14:15:00,56.44,56.55,56.39,56.49,25072
2014-11-24 14:30:00,56.48,56.49,56.36,56.36,23264
2014-11-24 14:45:00,56.365,56.48,56.3599,56.42,25876
2014-11-24 15:00:00,56.42,56.5,56.38,56.5,29830
2014-11-24 15:15:00,56.51,56.669,56.51,56.64,75281
2014-11-24 15:30:00,56.63,56.63,56.47,56.48,30092
2014-11-24 15:45:00,56.49,56.58,56.445,56.45,38021
2014-11-24 16:00:00,56.46,56.66,56.46,56.66,146099
2014-11-25 09:45:00,56.89,57.13,56.87,57.01,31413
2014-11-25 10:00:00,56.98,57.005,56.7938,56.83,11595
2014-11-25 10:15:00,56.82,57.08,56.8,57.06,37780
2014-11-25 10:30:00,57.0813,57.22,57.01,57.14,46199
2014-11-25 10:45:00,57.14,57.18,57.01,57.03,11130
2014-11-25 11:00:00,57.0399,57.1,57.0,57.02,15989
2014-11-25 11:15:00,57.04,57.14,57.0399,57.05,77528
2014-11-25 11:30:00,57.0707,57.09,57.0,57.05,21763
2014-11-25 11:45:00,57.045,57.08,56.97,56.99,43713
2014-11-25 12:00:00,56.99,57.01,56.83,56.925,120736
2014-11-25 12:15:00,56.94,57.01,56.92,57.0,21999
2014-11-25 12:30:00,57.0,57.12,56.95,57.12,81919
2014-11-25 12:45:00,57.14,57.41,57.14,57.41,18231
2014-11-25 13:00:00,57.42,57.49,57.41,57.48,16654
2014-11-25 13:15:00,57.49,57.55,57.4,57.4,23053
2014-11-25 13:30:00,57.4001,57.46,57.34,57.44,19714
2014-11-25 13:45:00,57.44,57.61,57.42,57.6,17209
2014-11-25 14:00:00,57.61,57.65,57.59,57.6,22103
2014-11-25 14:15:00,57.59,57.615,57.505,57.51,21980
2014-11-25 14:30:00,57.5,57.5,57.37,57.38,17713
2014-11-25 14:45:00,57.36,57.49,57.35,57.47,17541
2014-11-25 15:00:00,57.48,57.6,57.42,57.53,34118
2014-11-25 15:15:00,57.5268,57.65,57.51,57.57,55505
2014-11-25 15:30:00,57.58,57.625,57.57,57.58,43811
2014-11-25 15:45:00,57.58,57.62,57.53,57.54,41483
2014-11-25 16:00:00,57.55,57.59,57.475,57.53,114755
2014-11-26 09:45:00,57.66,57.71,57.14,57.21,42346
2014-11-26 10:00:00,57.26,57.287,57.15,57.25,19665
2014-11-26 10:15:00,57.25,57.67,57.21,57.64,26904
2014-11-26 10:30:00,57.6,57.86,57.59,57.79,25759
2014-11-26 10:45:00,57.79,57.89,57.76,57.81,28440
2014-11-26 11:00:00,57.8,57.88,57.78,57.84,23968
2014-11-26 11:15:00,57.84,57.9401,57.742,57.92,46393
2014-11-26 11:30:00,57.93,57.97,57.89,57.9658,106797
2014-11-26 11:45:00,57.97,58.1,57.92,58.07,57688
2014-11-26 12:00:00,58.08,58.23,58.08,58.125,40058
2014-11-26 12:15:00,58.12,58.12,58.07,58.1,22031
2014-11-26 12:30:00,58.09,58.1,58.07,58.1,19634
2014-11-26 12:45:00,58.1,58.1,58.08,58.095,20516
2014-11-26 13:00:00,58.1,58.14,58.08,58.12,56424
2014-11-26 13:15:00,58.11,58.21,58.1,58.2,43386
2014-11-26 13:30:00,58.19,58.205,58.15,58.2,38082
2014-11-26 13:45:00,58.2,58.31,58.16,58.17,48248
2014-11-26 14:00:00,58.17,58.17,58.05,58.06,18356
2014-11-26 14:15:00,58.0645,58.195,58.06,58.17,20212
2014-11-26 14:30:00,58.15,58.18,58.1042,58.1042,18230
2014-11-26 14:45:00,58.1,58.12,58.05,58.09,18178
2014-11-26 15:00:00,58.08,58.13,58.08,58.09,17244
2014-11-26 15:15:00,58.08,58.12,58.05,58.06,27911
2014-11-26 15:30:00,58.07,58.11,58.05,58.065,25176
2014-11-26 15:45:00,58.07,58.1,58.04,58.07,41346
2014-11-26 16:00:00,58.07,58.18,58.06,58.13,94290
2014-11-28 09:45:00,58.7,58.94,58.48,58.82,47387
2014-11-28 10:00:00,58.75,59.09,58.73,59.09,31700
2014-11-28 10:15:00,59.066,59.405,59.06,59.27,33909
2014-11-28 10:30:00,59.29,59.35,59.21,59.35,18492
2014-11-28 10:45:00,59.38,59.42,59.155,59.31,34092
2014-11-28 11:00:00,59.305,59.34,59.24,59.27,23986
2014-11-28 11:15:00,59.275,59.325,59.22,59.31,20541
2014-11-28 11:30:00,59.31,59.32,59.181000000000004,59.195,20288
2014-11-28 11:45:00,59.2,59.31,59.2,59.27,24369
2014-11-28 12:00:00,59.28,59.28,59.07,59.17,27751
2014-11-28 12:15:00,59.17,59.18,58.98,59.09,28637
2014-11-28 12:30:00,59.1,59.18,59.095,59.17,23042
2014-11-28 12:45:00,59.17,59.23,59.04,59.11,25719
2014-11-28 13:00:00,59.11,59.23,58.98,59.21,124259
2014-11-28 13:15:00,59.2,59.21,59.1402,59.2,182569
2014-11-28 13:45:00,59.201,59.201,59.201,59.201,3431
2014-12-01 09:45:00,58.62,59.0,58.11,58.155,62007
2014-12-01 10:00:00,58.11,58.13,57.88,57.97,39865
2014-12-01 10:15:00,57.95,58.23,57.9375,58.23,29836
2014-12-01 10:30:00,58.24,58.39,58.11,58.11,19955
2014-12-01 10:45:00,58.09,58.09,57.93,57.93,20700
2014-12-01 11:00:00,57.93,58.15,57.93,58.0545,22447
2014-12-01 11:15:00,58.055,58.08,57.91,57.91,27177
2014-12-01 11:30:00,57.93,57.95,57.82,57.82,38001
2014-12-01 11:45:00,57.82,57.89,57.66,57.89,38395
2014-12-01 12:00:00,57.89,57.98,57.775,57.96,18794
2014-12-01 12:15:00,57.965,57.9699,57.85,57.91,19909
2014-12-01 12:30:00,57.9,57.9,57.81,57.83,21601
2014-12-01 12:45:00,57.83,57.87,57.75,57.78,124194
2014-12-01 13:00:00,57.76,57.98,57.75,57.96,14281
2014-12-01 13:15:00,57.96,57.96,57.74,57.75,40773
2014-12-01 13:30:00,57.76,57.83,57.71,57.71,21763
2014-12-01 13:45:00,57.72,57.9,57.72,57.89,21580
2014-12-01 14:00:00,57.88,57.93,57.705,57.74,26326
2014-12-01 14:15:00,57.73,57.74,57.66,57.69,29328
2014-12-01 14:30:00,57.7,57.747,57.68,57.7099,27105
2014-12-01 14:45:00,57.695,57.74,57.68,57.705,34984
2014-12-01 15:00:00,57.705,57.738,57.54,57.61,26000
2014-12-01 15:15:00,57.61,57.67,57.52,57.53,23816
2014-12-01 15:30:00,57.54,57.61,57.53,57.58,40324
2014-12-01 15:45:00,57.57,57.58,57.52,57.535,51071
2014-12-01 16:00:00,57.535,57.57,57.43,57.45,147300
2014-12-02 09:45:00,57.43,58.02,57.43,57.65,39742
2014-12-02 10:00:00,57.6,57.9,57.6,57.85,19619
2014-12-02 10:15:00,57.835,57.95,57.77,57.78,10373
2014-12-02 10:30:00,57.79,57.94,57.7501,57.92,16369
2014-12-02 10:45:00,57.93,57.96,57.87,57.89,8018
2014-12-02 11:00:00,57.88,57.885,57.79,57.83,10688
2014-12-02 11:15:00,57.86,57.8699,57.79,57.79,17977
2014-12-02 11:30:00,57.8,57.82,57.64,57.665,25462
2014-12-02 11:45:00,57.66,57.74,57.62,57.74,19184
2014-12-02 12:00:00,57.74,57.75,57.6101,57.64,8220
2014-12-02 12:15:00,57.64,57.64,57.55,57.55,10839
2014-12-02 12:30:00,57.55,57.58,57.45,57.47,11011
2014-12-02 12:45:00,57.47,57.5015,57.41,57.5,9881
2014-12-02 13:00:00,57.5,57.6,57.44,57.465,35057
2014-12-02 13:15:00,57.46,57.4963,57.38,57.49,31838
2014-12-02 13:30:00,57.49,57.73,57.46,57.7,21647
2014-12-02 13:45:00,57.73,57.74,57.47,57.5594,40114
2014-12-02 14:00:00,57.555,57.58,57.31,57.5,37088
2014-12-02 14:15:00,57.52,57.56,57.38,57.38,28303
2014-12-02 14:30:00,57.39,57.45,57.285,57.43,40200
2014-12-02 14:45:00,57.46,57.51,57.38,57.44,23840
2014-12-02 15:00:00,57.45,57.615,57.45,57.58,19409
2014-12-02 15:15:00,57.59,57.62,57.56,57.6,15933
2014-12-02 15:30:00,57.6,57.61,57.505,57.5134,16954
2014-12-02 15:45:00,57.51,57.59,57.51,57.55,26617
2014-12-02 16:00:00,57.55,57.55,57.44,57.46,108805
2014-12-03 09:45:00,57.31,57.35,57.075,57.31,36947
2014-12-03 10:00:00,57.31,57.34,57.26,57.3,10744
2014-12-03 10:15:00,57.3,57.33,57.25,57.29,16690
2014-12-03 10:30:00,57.3,57.36,57.22,57.29,21266
2014-12-03 10:45:00,57.31,57.62,57.305,57.61,76330
2014-12-03 11:00:00,57.57,57.58,57.45,57.48,14981
2014-12-03 11:15:00,57.45,57.497,57.21,57.21,16519
2014-12-03 11:30:00,57.19,57.24,57.1,57.1,16820
2014-12-03 11:45:00,57.11,57.27,57.11,57.27,16992
2014-12-03 12:00:00,57.27,57.27,57.13,57.13,11468
2014-12-03 12:15:00,57.15,57.157,56.96,56.98,27261
2014-12-03 12:30:00,56.97,56.97,56.86,56.87,17444
2014-12-03 12:45:00,56.86,56.91,56.84,56.91,19170
2014-12-03 13:00:00,56.92,56.93,56.89,56.93,13136
2014-12-03 13:15:00,56.94,57.11,56.94,57.07,13908
2014-12-03 13:30:00,57.07,57.18,57.06,57.16,11364
2014-12-03 13:45:00,57.16,57.17,57.11,57.1101,13499
2014-12-03 14:00:00,57.11,57.25,57.02,57.2,31893
2014-12-03 14:15:00,57.22,57.22,57.17,57.18,9005
2014-12-03 14:30:00,57.17,57.33,57.17,57.3,16680
2014-12-03 14:45:00,57.28,57.3,57.18,57.2,17866
2014-12-03 15:00:00,57.19,57.23,57.15,57.21,15540
2014-12-03 15:15:00,57.195,57.28,57.195,57.21,22563
2014-12-03 15:30:00,57.23,57.24,57.14,57.15,23579
2014-12-03 15:45:00,57.15,57.16,57.06,57.09,73594
2014-12-03 16:00:00,57.09,57.1,57.0,57.06,166417
2014-12-04 09:45:00,56.98,57.2399,56.93,56.93,79316
2014-12-04 10:00:00,56.94,57.06,56.88,56.98,54300
2014-12-04 10:15:00,56.97,56.99,56.88,56.89,58964
2014-12-04 10:30:00,56.9,56.91,56.83,56.83,45046
2014-12-04 10:45:00,56.81,56.87,56.73,56.77,69111
2014-12-04 11:00:00,56.78,56.9589,56.75,56.9589,21398
2014-12-04 11:15:00,56.97,57.11,56.95,57.1,10866
2014-12-04 11:30:00,57.1,57.11,57.05,57.08,8311
2014-12-04 11:45:00,57.09,57.09,56.95,56.96,16393
2014-12-04 12:00:00,56.965,56.98,56.88,56.9,18623
2014-12-04 12:15:00,56.9,57.0,56.9,56.96,10655
2014-12-04 12:30:00,56.97,56.98,56.93,56.95,15121
2014-12-04 12:45:00,56.95,57.03,56.94,56.97,141557
2014-12-04 13:00:00,56.97,56.9938,56.855,56.91,42672
2014-12-04 13:15:00,56.91,56.91,56.72,56.77,21674
2014-12-04 13:30:00,56.77,56.84,56.75,56.835,27492
2014-12-04 13:45:00,56.835,56.94,56.83,56.91,17759
2014-12-04 14:00:00,56.91,56.95,56.86,56.86,34983
2014-12-04 14:15:00,56.86,56.97,56.83,56.8935,45333
2014-12-04 14:30:00,56.9,56.9,56.77,56.79,23563
2014-12-04 14:45:00,56.795,56.82,56.69,56.73,245642
2014-12-04 15:00:00,56.73,56.8,56.7,56.77,135548
2014-12-04 15:15:00,56.77,56.79,56.73,56.76,35062
2014-12-04 15:30:00,56.76,56.77,56.64,56.675,135602
2014-12-04 15:45:00,56.67,56.79,56.67,56.75,31363
2014-12-04 16:00:00,56.75,56.77,56.7,56.76,116962
2014-12-05 09:45:00,56.92,57.58,56.65,56.68,61104
2014-12-05 10:00:00,56.67,57.07,56.66,56.9,171765
2014-12-05 10:15:00,56.93,57.09,56.81,56.9,11173
2014-12-05 10:30:00,56.9299,56.94,56.86,56.9,17752
2014-12-05 10:45:00,56.88,56.9,56.785,56.83,14184
2014-12-05 11:00:00,56.9,56.97,56.81,56.97,114826
2014-12-05 11:15:00,56.98,57.19,56.98,57.175,15476
2014-12-05 11:30:00,57.18,57.2,57.095,57.13,10398
2014-12-05 11:45:00,57.13,57.13,56.95,56.96,16218
2014-12-05 12:00:00,56.95,57.0464,56.91,56.92,9506
2014-12-05 12:15:00,56.92,56.94,56.8,56.83,16091
2014-12-05 12:30:00,56.86,56.93,56.82,56.93,16844
2014-12-05 12:45:00,56.94,57.0,56.91,56.985,13002
2014-12-05 13:00:00,56.99,57.035,56.99,57.02,11791
2014-12-05 13:15:00,56.99,57.02,56.955,56.98,14561
2014-12-05 13:30:00,56.98,57.05,56.97,57.04,13343
2014-12-05 13:45:00,57.045,57.09,57.02,57.09,11838
2014-12-05 14:00:00,57.0892,57.13,57.06,57.1,17488
2014-12-05 14:15:00,57.1,57.13,56.98,57.12,44967
2014-12-05 14:30:00,57.11,57.11,56.99,57.02,32245
2014-12-05 14:45:00,57.03,57.07,57.0,57.02,17085
2014-12-05 15:00:00,57.0151,57.085,57.0,57.0484,17169
2014-12-05 15:15:00,57.0434,57.125,57.04,57.1,31038
2014-12-05 15:30:00,57.09,57.19,57.09,57.153,20158
2014-12-05 15:45:00,57.16,57.17,57.09,57.13,37246
2014-12-05 16:00:00,57.13,57.23,57.08,57.2,54100
2014-12-08 09:45:00,57.19,57.2,56.74,56.94,69667
2014-12-08 10:00:00,56.99,57.19,56.98,57.14,13158
2014-12-08 10:15:00,57.13,57.14,57.03,57.03,11470
2014-12-08 10:30:00,57.03,57.03,56.87,56.97,43466
2014-12-08 10:45:00,57.0,57.125,56.94,57.11,15836
2014-12-08 11:00:00,57.11,57.15,57.04,57.06,18238
2014-12-08 11:15:00,57.06,57.07,56.9,57.04,19738
2014-12-08 11:30:00,57.07,57.11,57.02,57.05,14576
2014-12-08 11:45:00,57.05,57.05,56.99,57.03,7800
2014-12-08 12:00:00,57.03,57.07,56.97,56.97,9329
2014-12-08 12:15:00,56.98,57.02,56.86,56.87,16006
2014-12-08 12:30:00,56.86,56.865,56.64,56.69,28030
2014-12-08 12:45:00,56.7,56.74,56.68,56.7,24191
2014-12-08 13:00:00,56.69,56.7,56.56,56.61,17600
2014-12-08 13:15:00,56.62,56.64,56.45,56.46,26597
2014-12-08 13:30:00,56.4675,56.5225,56.46,56.51,12511
2014-12-08 13:45:00,56.51,56.53,56.47,56.48,11566
2014-12-08 14:00:00,56.4799,56.52,56.37,56.4,31689
2014-12-08 14:15:00,56.405,56.47,56.38,56.45,12837
2014-12-08 14:30:00,56.433,56.549,56.433,56.53,17660
2014-12-08 14:45:00,56.51,56.53,56.47,56.49,32757
2014-12-08 15:00:00,56.49,56.54,56.47,56.495,19579
2014-12-08 15:15:00,56.49,56.53,56.39,56.5,26867
2014-12-08 15:30:00,56.523999999999994,56.59,56.51,56.54,36375
2014-12-08 15:45:00,56.54,56.54,56.45,56.5275,38040
2014-12-08 16:00:00,56.53,56.58,56.43,56.55,99779
2014-12-09 09:45:00,55.98,56.52,55.85,55.93,132167
2014-12-09 10:00:00,55.92,56.17,55.92,55.94,138125
2014-12-09 10:15:00,55.98,56.01,55.9,55.935,10080
2014-12-09 10:30:00,55.935,56.01,55.91,55.91,23104
2014-12-09 10:45:00,55.9399,55.98,55.84,55.98,30563
2014-12-09 11:00:00,55.98,56.08,55.97,56.06,18672
2014-12-09 11:15:00,56.07,56.22,56.04,56.15,27576
2014-12-09 11:30:00,56.16,56.18,56.07,56.14,20828
2014-12-09 11:45:00,56.12,56.16,56.083,56.15,11675
2014-12-09 12:00:00,56.15,56.15,56.08,56.12,11039
2014-12-09 12:15:00,56.12,56.16,56.06,56.15,13912
2014-12-09 12:30:00,56.15,56.17,56.12,56.121,38815
2014-12-09 12:45:00,56.13,56.2,56.09,56.12,29050
2014-12-09 13:00:00,56.12,56.15,56.035,56.05,26854
2014-12-09 13:15:00,56.05,56.18,55.975,56.12,181558
2014-12-09 13:30:00,56.14,56.27,56.12,56.27,38458
2014-12-09 13:45:00,56.31,56.356,56.2801,56.32,24439
2014-12-09 14:00:00,56.32,56.36,56.18,56.1875,18917
2014-12-09 14:15:00,56.21,56.23,56.12,56.21,77690
2014-12-09 14:30:00,56.23,56.26,56.14,56.25,67242
2014-12-09 14:45:00,56.25,56.31,56.15,56.28,28426
2014-12-09 15:00:00,56.28,56.31,56.2,56.22,18312
2014-12-09 15:15:00,56.23,56.28,56.135,56.21,33181
2014-12-09 15:30:00,56.22,56.3,56.15,56.19,96513
2014-12-09 15:45:00,56.19,56.29,56.17,56.22,44648
2014-12-09 16:00:00,56.21,56.37,56.19,56.35,117263
2014-12-10 09:45:00,56.38,56.83,56.275,56.66,48672
2014-12-10 10:00:00,56.66,56.67,56.26,56.3199,90153
2014-12-10 10:15:00,56.3,56.31,56.17,56.25899999999999,39211
2014-12-10 10:30:00,56.25,56.28,56.01,56.01,34099
2014-12-10 10:45:00,56.04,56.08,55.83,55.85,41769
2014-12-10 11:00:00,55.84,56.11,55.84,56.06,22284
2014-12-10 11:15:00,56.05,56.0745,55.9965,56.01,15009
2014-12-10 11:30:00,56.02,56.03,55.94,55.94,13252
2014-12-10 11:45:00,55.905,55.91,55.8,55.8,15793
2014-12-10 12:00:00,55.8,56.07,55.79,55.97,21192
2014-12-10 12:15:00,55.97,56.01,55.96,55.97,56922
2014-12-10 12:30:00,55.97,55.97,55.88,55.88,17272
2014-12-10 12:45:00,55.86,55.98,55.79,55.96,177420
2014-12-10 13:00:00,55.96,56.02,55.94,56.0,20700
2014-12-10 13:15:00,55.97,56.02,55.96,55.98,16600
2014-12-10 13:30:00,55.99,56.0,55.91,55.925,12078
2014-12-10 13:45:00,55.93,55.94,55.83,55.88,31492
2014-12-10 14:00:00,55.88,55.88,55.765,55.82,31508
2014-12-10 14:15:00,55.8,55.81,55.73,55.75,31442
2014-12-10 14:30:00,55.76,55.79,55.6,55.619,29716
2014-12-10 14:45:00,55.62,55.64,55.53,55.54,29624
2014-12-10 15:00:00,55.52,55.56,55.49,55.5,25272
2014-12-10 15:15:00,55.51,55.66,55.49,55.6,18547
2014-12-10 15:30:00,55.6,55.72,55.6,55.695,13229
2014-12-10 15:45:00,55.69,55.765,55.63,55.75,68114
2014-12-10 16:00:00,55.75,55.76,55.55,55.55,134265
2014-12-11 09:45:00,55.63,56.48,55.63,56.35,90656
2014-12-11 10:00:00,56.36,56.53,56.25,56.45,48417
2014-12-11 10:15:00,56.45,56.76,56.44,56.7,15883
2014-12-11 10:30:00,56.69,56.74,56.575,56.74,19723
2014-12-11 10:45:00,56.72,56.81,56.57,56.57,33378
2014-12-11 11:00:00,56.58,56.58,56.35,56.41,10695
2014-12-11 11:15:00,56.39,56.62,56.32,56.58,11662
2014-12-11 11:30:00,56.58,56.76,56.53,56.53,18117
2014-12-11 11:45:00,56.5,56.5599,56.42,56.52,12370
2014-12-11 12:00:00,56.55,56.56,56.45,56.49,9200
2014-12-11 12:15:00,56.52,56.57,56.47,56.54,13004
2014-12-11 12:30:00,56.5499,56.6,56.4,56.59,17583
2014-12-11 12:45:00,56.56,56.56,56.46,56.54,14490
2014-12-11 13:00:00,56.54,56.7,56.54,56.7,21284
2014-12-11 13:15:00,56.69,56.76,56.65,56.68,15864
2014-12-11 13:30:00,56.68,56.82,56.65,56.67,12862
2014-12-11 13:45:00,56.65,56.74,56.61,56.69,9529
2014-12-11 14:00:00,56.68,56.69,56.58,56.59,8090
2014-12-11 14:15:00,56.57,56.71,56.56,56.71,15151
2014-12-11 14:30:00,56.68,56.69,56.53,56.57,15043
2014-12-11 14:45:00,56.58,56.7,56.56,56.6599,18659
2014-12-11 15:00:00,56.63,56.63,56.34,56.37,12711
2014-12-11 15:15:00,56.3675,56.52,56.3675,56.52,14517
2014-12-11 15:30:00,56.5,56.53,56.42,56.46,14564
2014-12-11 15:45:00,56.49,56.56,56.37,56.38,21072
2014-12-11 16:00:00,56.37,56.4,56.19,56.27,45893
2014-12-12 09:45:00,56.31,56.79,56.19,56.4,56863
2014-12-12 10:00:00,56.4223,56.61,56.2,56.61,22896
2014-12-12 10:15:00,56.61,56.8,56.44,56.51,56239
2014-12-12 10:30:00,56.44,56.62,56.44,56.56,37193
2014-12-12 10:45:00,56.58,56.61,56.5,56.53,16170
2014-12-12 11:00:00,56.54,56.56,56.5,56.5,15937
2014-12-12 11:15:00,56.5,56.6,56.49,56.6,26107
2014-12-12 11:30:00,56.59,56.6,56.37,56.37,16653
2014-12-12 11:45:00,56.38,56.52,56.38,56.41,18295
2014-12-12 12:00:00,56.39,56.64,56.39,56.46,15419
2014-12-12 12:15:00,56.47,56.57,56.38,56.39,13618
2014-12-12 12:30:00,56.39,56.6025,56.39,56.595,15150
2014-12-12 12:45:00,56.58,56.64,56.5,56.5,63696
2014-12-12 13:00:00,56.49,56.61,56.41,56.41,8854
2014-12-12 13:15:00,56.42,56.43,56.325,56.4,16075
2014-12-12 13:30:00,56.41,56.61,56.41,56.56,13056
2014-12-12 13:45:00,56.55,56.56,56.45,56.518,11564
2014-12-12 14:00:00,56.52,56.66,56.47,56.6208,11335
2014-12-12 14:15:00,56.61,56.77,56.59,56.64,18500
2014-12-12 14:30:00,56.63,56.65,56.515,56.515,14669
2014-12-12 14:45:00,56.52,56.535,56.46,56.51,15000
2014-12-12 15:00:00,56.49,56.655,56.48,56.65,22665
2014-12-12 15:15:00,56.66,56.66,56.53,56.55,19502
2014-12-12 15:30:00,56.55,56.58,56.42,56.5,30514
2014-12-12 15:45:00,56.5,56.505,56.1603,56.24,48129
2014-12-12 16:00:00,56.22,56.23,56.04,56.04,135636
2014-12-15 09:45:00,56.46,57.04,56.37,56.83,80315
2014-12-15 10:00:00,56.825,56.85,56.36,56.36,32386
2014-12-15 10:15:00,56.39,56.39,56.13,56.21,13274
2014-12-15 10:30:00,56.215,56.26,55.85,55.93,41277
2014-12-15 10:45:00,55.95,56.05,55.92,55.98,36294
2014-12-15 11:00:00,55.96,56.178999999999995,55.83,56.1,39354
2014-12-15 11:15:00,56.0978,56.13,55.88,55.88,16194
2014-12-15 11:30:00,55.91,55.95,55.72,55.8,47571
2014-12-15 11:45:00,55.82,55.84,55.72,55.835,28969
2014-12-15 12:00:00,55.82,55.86,55.6,55.66,53097
2014-12-15 12:15:00,55.67,55.88,55.67,55.85,33682
2014-12-15 12:30:00,55.84,56.07,55.74,56.04,58878
2014-12-15 12:45:00,56.05,56.06,55.88,55.93,17913
2014-12-15 13:00:00,55.93,56.2,55.9,56.2,18696
2014-12-15 13:15:00,56.18,56.2,55.93,55.94,42748
2014-12-15 13:30:00,55.95,56.11,55.87,56.0,47281
2014-12-15 13:45:00,56.0,56.06,55.89,56.05,13961
2014-12-15 14:00:00,56.02,56.12,55.9898,56.07,20916
2014-12-15 14:15:00,56.06,56.08,55.96,56.0499,10858
2014-12-15 14:30:00,56.01,56.3,55.95,56.19,44773
2014-12-15 14:45:00,56.19,56.25,56.04,56.04,27666
2014-12-15 15:00:00,56.04,56.22,55.99,56.21,36702
2014-12-15 15:15:00,56.21,56.3,56.19,56.22,30445
2014-12-15 15:30:00,56.21,56.3,56.19,56.21,44664
2014-12-15 15:45:00,56.21,56.348,56.2,56.26,75446
2014-12-15 16:00:00,56.25,56.33,56.2,56.21,129897
2014-12-16 09:45:00,56.05,56.47,56.05,56.33,110603
2014-12-16 10:00:00,56.34,56.67,56.33,56.38,31654
2014-12-16 10:15:00,56.355,56.47,56.28,56.45,21624
2014-12-16 10:30:00,56.445,56.81,56.42,56.678999999999995,26588
2014-12-16 10:45:00,56.61,56.64,56.2,56.2,23962
2014-12-16 11:00:00,56.23,56.665,56.21,56.62,24300
2014-12-16 11:15:00,56.63,56.705,56.6,56.67,32401
2014-12-16 11:30:00,56.66,57.12,56.63,57.04,23107
2014-12-16 11:45:00,57.035,57.115,56.98,57.08,24273
2014-12-16 12:00:00,57.06,57.3,56.94,56.97,108884
2014-12-16 12:15:00,56.97,57.03,56.96,56.99,54610
2014-12-16 12:30:00,56.99,57.04,56.9,56.92,62259
2014-12-16 12:45:00,56.93,57.01,56.88,56.95,42123
2014-12-16 13:00:00,56.94,57.08,56.85,57.05,60638
2014-12-16 13:15:00,57.04,57.145,56.85,56.87,33079
2014-12-16 13:30:00,56.88,57.02,56.73,56.9801,43249
2014-12-16 13:45:00,57.01,57.2,56.86,57.13,38878
2014-12-16 14:00:00,57.13,57.17,56.89,56.89,31592
2014-12-16 14:15:00,56.91,57.06,56.84,56.98,32196
2014-12-16 14:30:00,56.96,56.98,56.84,56.937,29480
2014-12-16 14:45:00,56.935,57.06,56.85,57.03,37627
2014-12-16 15:00:00,57.03,57.03,56.82,56.99,31404
2014-12-16 15:15:00,56.94,57.025,56.87,56.91,33532
2014-12-16 15:30:00,56.895,57.03,56.85,56.98,82805
2014-12-16 15:45:00,56.96,57.02,56.83,56.95,132144
2014-12-16 16:00:00,56.92,57.04,56.83,56.91,468147
2014-12-17 09:45:00,57.22,57.55,57.04,57.43,88269
2014-12-17 10:00:00,57.39,57.39,57.08,57.38,36787
2014-12-17 10:15:00,57.41,57.42,56.99,57.05,37005
2014-12-17 10:30:00,57.07,57.08,56.83,56.865,23907
2014-12-17 10:45:00,56.85,57.06,56.81,57.04,42778
2014-12-17 11:00:00,57.05,57.17,56.96,57.17,26985
2014-12-17 11:15:00,57.17,57.18,56.96,56.96,18031
2014-12-17 11:30:00,56.94,57.2,56.91,57.19,30087
2014-12-17 11:45:00,57.19,57.36,57.16,57.28,31887
2014-12-17 12:00:00,57.27,57.39,57.25,57.31,26381
2014-12-17 12:15:00,57.33,57.38,57.28,57.33,16031
2014-12-17 12:30:00,57.33,57.37,57.09,57.14,16374
2014-12-17 12:45:00,57.14,57.23,57.1,57.16,21147
2014-12-17 13:00:00,57.16,57.2,57.11,57.2,30306
2014-12-17 13:15:00,57.2,57.26,57.1,57.24,18441
2014-12-17 13:30:00,57.26,57.31,57.14,57.2,45685
2014-12-17 13:45:00,57.2,57.25,57.13,57.24,16050
2014-12-17 14:00:00,57.23,57.335,57.12,57.31,20293
2014-12-17 14:15:00,57.32,57.86,57.26,57.59,55196
2014-12-17 14:30:00,57.595,57.64,57.45,57.45,68644
2014-12-17 14:45:00,57.465,57.7,57.36,57.6,47540
2014-12-17 15:00:00,57.61,57.65,57.46,57.52,26923
2014-12-17 15:15:00,57.53,57.64,57.33,57.64,33072
2014-12-17 15:30:00,57.66,57.8,57.53,57.75,40496
2014-12-17 15:45:00,57.75,57.76,57.49,57.52,109072
2014-12-17 16:00:00,57.52,57.6,57.35,57.38,223885
2014-12-18 09:45:00,58.06,58.22,57.69,57.7,56185
2014-12-18 10:00:00,57.7,57.83,57.5801,57.8,36504
2014-12-18 10:15:00,57.8,57.83,57.65,57.79,41178
2014-12-18 10:30:00,57.79,58.0,57.79,57.86,25543
2014-12-18 10:45:00,57.88,57.92,57.69,57.75,24898
2014-12-18 11:00:00,57.74,57.86,57.7,57.86,22916
2014-12-18 11:15:00,57.83,57.92,57.78,57.92,50821
2014-12-18 11:30:00,57.92,58.15,57.92,58.04,35753
2014-12-18 11:45:00,58.04,58.045,57.92,57.96,21300
2014-12-18 12:00:00,57.96,58.03,57.89,58.02,27567
2014-12-18 12:15:00,58.02,58.08,58.0,58.03,20569
2014-12-18 12:30:00,58.02,58.0771,57.99,58.04,18094
2014-12-18 12:45:00,58.03,58.1,57.99,58.0,21979
2014-12-18 13:00:00,58.0,58.12,57.99,58.12,20509
2014-12-18 13:15:00,58.1,58.15,58.09,58.09,15566
2014-12-18 13:30:00,58.07,58.205,58.07,58.16,25963
2014-12-18 13:45:00,58.16,58.205,58.06,58.09,33665
2014-12-18 14:00:00,58.05,58.11,58.05,58.08,10747
2014-12-18 14:15:00,58.07,58.08,57.9001,57.91,28155
2014-12-18 14:30:00,57.92,58.0099,57.91,57.97,30762
2014-12-18 14:45:00,57.96,58.02,57.91,57.99,28588
2014-12-18 15:00:00,57.99,58.02,57.89,58.01,31156
2014-12-18 15:15:00,58.0,58.2,57.99,58.2,30551
2014-12-18 15:30:00,58.18,58.18,58.04,58.11,23162
2014-12-18 15:45:00,58.09,58.18,58.09,58.13,37176
2014-12-18 16:00:00,58.14,58.37,58.12,58.36,109174
2014-12-19 09:45:00,58.0,58.07,56.11,56.15,420268
2014-12-19 10:00:00,56.15,56.48,55.96,56.08,211050
2014-12-19 10:15:00,56.08,56.13,55.53,55.53,638684
2014-12-19 10:30:00,55.53,55.73,55.47,55.51,151770
2014-12-19 10:45:00,55.5,55.785,55.4,55.66,178679
2014-12-19 11:00:00,55.66,55.75,55.44,55.74,200901
2014-12-19 11:15:00,55.73,55.73,55.51,55.54,87638
2014-12-19 11:30:00,55.555,55.59,55.27,55.47,126207
2014-12-19 11:45:00,55.47,55.56,55.39,55.41,87222
2014-12-19 12:00:00,55.415,55.415,55.27,55.3,51115
2014-12-19 12:15:00,55.28,55.35,55.22,55.27,53763
2014-12-19 12:30:00,55.27,55.36,55.25,55.3,82785
2014-12-19 12:45:00,55.3,55.536,55.27,55.46,80956
2014-12-19 13:00:00,55.46,55.56,55.36,55.53,66640
2014-12-19 13:15:00,55.53,55.75,55.28,55.28,138103
2014-12-19 13:30:00,55.29,55.33,55.03,55.03,48090
2014-12-19 13:45:00,55.05,55.17,54.945,55.16,47654
2014-12-19 14:00:00,55.17,55.21,55.01,55.01,62600
2014-12-19 14:15:00,55.008,55.03,54.88,54.95,90872
2014-12-19 14:30:00,54.95,55.0,54.75,54.86,153362
2014-12-19 14:45:00,54.89,54.96,54.42,54.61,145286
2014-12-19 15:00:00,54.65,54.81,54.565,54.61,115533
2014-12-19 15:15:00,54.6,54.76,54.42,54.5,127379
2014-12-19 15:30:00,54.49,54.71,54.485,54.56,201092
2014-12-19 15:45:00,54.57,54.82,54.56,54.72,288708
2014-12-19 16:00:00,54.74,54.74,54.59,54.65,410846
2014-12-22 09:45:00,54.82,54.985,54.0,54.2035,132575
2014-12-22 10:00:00,54.225,54.33,54.06,54.12,79827
2014-12-22 10:15:00,54.11,54.44,54.075,54.21,83770
2014-12-22 10:30:00,54.2,54.4,54.143,54.31,39875
2014-12-22 10:45:00,54.32,54.4,54.31,54.38,35698
2014-12-22 11:00:00,54.37,54.51,54.37,54.49,31585
2014-12-22 11:15:00,54.47,54.47,54.35,54.44,30689
2014-12-22 11:30:00,54.4,54.45,54.37,54.4,53672
2014-12-22 11:45:00,54.42,54.4499,54.38,54.438,28540
2014-12-22 12:00:00,54.43,54.45,54.38,54.42,19774
2014-12-22 12:15:00,54.42,54.42,54.36,54.36,17299
2014-12-22 12:30:00,54.37,54.37,54.3196,54.33,14640
2014-12-22 12:45:00,54.33,54.35,54.23,54.24,22424
2014-12-22 13:00:00,54.24,54.26,54.23,54.25,31604
2014-12-22 13:15:00,54.25,54.348,54.245,54.33,26069
2014-12-22 13:30:00,54.34,54.37,54.34,54.34,44597
2014-12-22 13:45:00,54.3483,54.3551,54.3,54.3,18342
2014-12-22 14:00:00,54.3,54.31,54.24,54.27,37957
2014-12-22 14:15:00,54.27,54.315,54.24,54.26,54784
2014-12-22 14:30:00,54.255,54.26,54.2,54.21,60157
2014-12-22 14:45:00,54.21,54.21,54.09,54.11,52680
2014-12-22 15:00:00,54.105,54.16,54.1,54.155,39290
2014-12-22 15:15:00,54.1566,54.1566,54.13,54.15,37418
2014-12-22 15:30:00,54.15,54.24,54.141000000000005,54.235,50751
2014-12-22 15:45:00,54.23,54.26,54.12,54.2,112921
2014-12-22 16:00:00,54.2,54.39,54.195,54.33,211398
2014-12-23 09:45:00,54.68,55.01,54.56,55.0085,129151
2014-12-23 10:00:00,55.05,55.33,54.94,55.293,55656
2014-12-23 10:15:00,55.32,55.7,55.32,55.685,57234
2014-12-23 10:30:00,55.68,55.98,55.68,55.97,254779
2014-12-23 10:45:00,55.97,55.98,55.66,55.76,148481
2014-12-23 11:00:00,55.75,55.76,55.6,55.69,43140
2014-12-23 11:15:00,55.69,56.04,55.69,56.02,105024
2014-12-23 11:30:00,56.03,56.06,56.02,56.025,41626
2014-12-23 11:45:00,56.02,56.06,55.84,55.84,94200
2014-12-23 12:00:00,55.84,55.88,55.61,55.61,46126
2014-12-23 12:15:00,55.61,55.65,55.52,55.52,37731
2014-12-23 12:30:00,55.52,55.53,55.31,55.3653,90323
2014-12-23 12:45:00,55.37,55.37,55.08,55.18,100443
2014-12-23 13:00:00,55.185,55.35,55.13,55.19,67447
2014-12-23 13:15:00,55.175,55.24,55.13,55.17,56343
2014-12-23 13:30:00,55.18,55.35,55.1675,55.31,74266
2014-12-23 13:45:00,55.34,55.4,55.295,55.4,35390
2014-12-23 14:00:00,55.4,55.4,55.23,55.26,42885
2014-12-23 14:15:00,55.255,55.255,55.12,55.12,46056
2014-12-23 14:30:00,55.11,55.21,55.0575,55.15,52592
2014-12-23 14:45:00,55.14,55.19,55.04,55.11,42272
2014-12-23 15:00:00,55.11,55.17,55.09,55.15,49291
2014-12-23 15:15:00,55.15,55.23,55.095,55.21,44765
2014-12-23 15:30:00,55.21,55.25,55.19,55.23,56942
2014-12-23 15:45:00,55.23,55.29,55.18,55.27,114962
2014-12-23 16:00:00,55.265,55.31,55.21,55.21,154917
2014-12-24 09:45:00,55.56,55.74,55.35,55.38,30621
2014-12-24 10:00:00,55.4056,55.57,55.4,55.57,15603
2014-12-24 10:15:00,55.59,55.63,55.31,55.37,18875
2014-12-24 10:30:00,55.34,55.56,55.33,55.4901,14068
2014-12-24 10:45:00,55.5,55.56,55.48,55.5,10320
2014-12-24 11:00:00,55.5,55.51,55.46,55.49,5983
2014-12-24 11:15:00,55.49,55.51,55.385,55.41,12998
2014-12-24 11:30:00,55.41,55.42,55.39,55.41,21156
2014-12-24 11:45:00,55.42,55.42,55.222,55.23,21013
2014-12-24 12:00:00,55.23,55.4,55.224,55.39,17487
2014-12-24 12:15:00,55.3899,55.4158,55.35,55.4158,16643
2014-12-24 12:30:00,55.4,55.419,55.3292,55.38,20200
2014-12-24 12:45:00,55.4099,55.41,55.32,55.34,24861
2014-12-24 13:00:00,55.34,55.34,55.215,55.23,35909
2014-12-24 13:15:00,55.25,55.3933,55.215,55.32,25919
2014-12-24 13:30:00,55.25,55.25,55.25,55.25,901
2014-12-26 09:45:00,55.2,55.7,55.1,55.55,15621
2014-12-26 10:00:00,55.513999999999996,55.69,55.513999999999996,55.63,11771
2014-12-26 10:15:00,55.63,55.66,55.35,55.38,14087
2014-12-26 10:30:00,55.4,55.43,55.34,55.37,9120
2014-12-26 10:45:00,55.3733,55.39,55.29,55.3,10508
2014-12-26 11:00:00,55.3,55.3,55.14,55.1575,18574
2014-12-26 11:15:00,55.15,55.201,55.12,55.12,11763
2014-12-26 11:30:00,55.13,55.3,55.13,55.3,12415
2014-12-26 11:45:00,55.27,55.29,55.26,55.27,8765
2014-12-26 12:00:00,55.26,55.31,55.26,55.28,5501
2014-12-26 12:15:00,55.28,55.33,55.28,55.29,16394
2014-12-26 12:30:00,55.295,55.375,55.29,55.33,12616
2014-12-26 12:45:00,55.34,55.39,55.3,55.39,6827
2014-12-26 13:00:00,55.4,55.47,55.4,55.46,9155
2014-12-26 13:15:00,55.455,55.46,55.43,55.46,5125
2014-12-26 13:30:00,55.47,55.57,55.47,55.57,8206
2014-12-26 13:45:00,55.58,55.605,55.55,55.585,7451
2014-12-26 14:00:00,55.58,55.62,55.57,55.62,17164
2014-12-26 14:15:00,55.61,55.74,55.61,55.71,17282
2014-12-26 14:30:00,55.71,55.75,55.7,55.75,13183
2014-12-26 14:45:00,55.74,55.78,55.63,55.63,20356
2014-12-26 15:00:00,55.62,55.63,55.53,55.56,21863
2014-12-26 15:15:00,55.55,55.57,55.52,55.57,10732
2014-12-26 15:30:00,55.56,55.58,55.52,55.52,11761
2014-12-26 15:45:00,55.53,55.53,55.46,55.4799,19602
2014-12-26 16:00:00,55.48,55.58,55.46,55.55,54528
2014-12-29 09:45:00,55.49,56.26,55.49,56.22,80035
2014-12-29 10:00:00,56.23,56.4,55.96,56.12,144896
2014-12-29 10:15:00,56.12,56.22,56.03,56.2,43648
2014-12-29 10:30:00,56.1999,56.22,56.12,56.16,27205
2014-12-29 10:45:00,56.17,56.18,56.13,56.13,18948
2014-12-29 11:00:00,56.15,56.15,56.07,56.08,24671
2014-12-29 11:15:00,56.085,56.2,56.04,56.18,15368
2014-12-29 11:30:00,56.18899999999999,56.24,56.18,56.23,18037
2014-12-29 11:45:00,56.23,56.23,56.11,56.12,21901
2014-12-29 12:00:00,56.12,56.125,56.07,56.074,26823
2014-12-29 12:15:00,56.075,56.075,55.9868,55.9868,15350
2014-12-29 12:30:00,55.98,56.03,55.96,56.025,19626
2014-12-29 12:45:00,56.025,56.055,56.02,56.025,22898
2014-12-29 13:00:00,56.03,56.03,55.9,55.9298,44375
2014-12-29 13:15:00,55.92,55.98,55.89,55.975,15495
2014-12-29 13:30:00,55.975,55.995,55.96,55.98,46025
2014-12-29 13:45:00,55.975,55.975,55.84,55.87,41101
2014-12-29 14:00:00,55.87,55.98,55.81,55.98,47152
2014-12-29 14:15:00,55.985,56.035,55.87,55.9,48000
2014-12-29 14:30:00,55.885,55.95,55.84,55.925,32296
2014-12-29 14:45:00,55.925,55.935,55.84,55.915,26493
2014-12-29 15:00:00,55.91,55.9467,55.85,55.89,37771
2014-12-29 15:15:00,55.89,55.915,55.87,55.895,34842
2014-12-29 15:30:00,55.9,55.92,55.88,55.88,43385
2014-12-29 15:45:00,55.885,56.05,55.85,56.02,84754
2014-12-29 16:00:00,56.005,56.02,55.84,55.9,151052
2014-12-30 09:45:00,55.79,55.99,55.41,55.4445,67139
2014-12-30 10:00:00,55.42,55.49,55.4001,55.47,70107
2014-12-30 10:15:00,55.44,55.57,55.4,55.4,95743
2014-12-30 10:30:00,55.4,55.48,55.34,55.41,59528
2014-12-30 10:45:00,55.41,55.44,55.28,55.28,25209
2014-12-30 11:00:00,55.27,55.39,55.25,55.34,17590
2014-12-30 11:15:00,55.3,55.36,55.28,55.31,11298
2014-12-30 11:30:00,55.3101,55.34,55.24,55.27,28080
2014-12-30 11:45:00,55.27,55.27,55.25,55.27,13072
2014-12-30 12:00:00,55.26,55.29,55.25,55.2634,14548
2014-12-30 12:15:00,55.261,55.27,55.12,55.17,25943
2014-12-30 12:30:00,55.17,55.19,55.15,55.17,11249
2014-12-30 12:45:00,55.18,55.19,55.14,55.15,14425
2014-12-30 13:00:00,55.16,55.21,55.12,55.17,66522
2014-12-30 13:15:00,55.18,55.225,55.16,55.21,25724
2014-12-30 13:30:00,55.21,55.21,55.01,55.02,38451
2014-12-30 13:45:00,55.02,55.04,54.98,54.98,72024
2014-12-30 14:00:00,54.98,55.09,54.98,55.08,11980
2014-12-30 14:15:00,55.1,55.11,55.02,55.11,18931
2014-12-30 14:30:00,55.1,55.11,55.05,55.07,15258
2014-12-30 14:45:00,55.09,55.125,55.07,55.1,25295
2014-12-30 15:00:00,55.11,55.145,55.06,55.06,38181
2014-12-30 15:15:00,55.07,55.07,55.02,55.05,27317
2014-12-30 15:30:00,55.04,55.1,55.04,55.1,17302
2014-12-30 15:45:00,55.1,55.12,55.09,55.105,48900
2014-12-30 16:00:00,55.11,55.11,55.0,55.04,107923
2014-12-31 09:45:00,55.12,55.468,55.12,55.175,45630
2014-12-31 10:00:00,55.239,55.26,55.16,55.175,41139
2014-12-31 10:15:00,55.1735,55.28,55.1735,55.24,36203
2014-12-31 10:30:00,55.265,55.265,55.21,55.2296,15083
2014-12-31 10:45:00,55.23,55.25,55.15,55.18,31929
2014-12-31 11:00:00,55.21,55.21,55.16,55.19,20871
2014-12-31 11:15:00,55.2,55.24,55.19,55.23,31467
2014-12-31 11:30:00,55.22,55.26,55.22,55.245,27718
2014-12-31 11:45:00,55.26,55.27,55.205,55.21,17280
2014-12-31 12:00:00,55.20399999999999,55.32,55.19,55.29,22474
2014-12-31 12:15:00,55.28,55.31,55.2,55.2,30113
2014-12-31 12:30:00,55.19,55.27,55.13,55.14,20876
2014-12-31 12:45:00,55.14,55.17,55.11,55.14,10406
2014-12-31 13:00:00,55.15,55.22,55.14,55.17,15994
2014-12-31 13:15:00,55.16,55.25,55.16,55.1899,25280
2014-12-31 13:30:00,55.188,55.2275,55.17,55.17,15914
2014-12-31 13:45:00,55.17,55.21,55.15,55.21,10161
2014-12-31 14:00:00,55.205,55.22,55.17,55.19,10567
2014-12-31 14:15:00,55.18,55.2,55.11,55.15,15629
2014-12-31 14:30:00,55.14,55.15,55.05,55.11,18324
2014-12-31 14:45:00,55.1,55.12,55.0,55.01,15889
2014-12-31 15:00:00,55.01,55.05,54.98,55.05,21271
2014-12-31 15:15:00,55.05,55.12,55.05,55.115,35583
2014-12-31 15:30:00,55.12,55.18,55.1,55.145,24246
2014-12-31 15:45:00,55.14,55.16,55.0,55.0199,33586
2014-12-31 16:00:00,55.02,55.065,54.92,55.0,118579
2015-01-02 09:45:00,55.45,55.67,55.42,55.599,39608
2015-01-02 10:00:00,55.56,55.82,55.51,55.53,31293
2015-01-02 10:15:00,55.57,55.57,55.3,55.37,12920
2015-01-02 10:30:00,55.34,55.34,55.0,55.0,24079
2015-01-02 10:45:00,55.0,55.03,54.75,54.78,18373
2015-01-02 11:00:00,54.795,55.1765,54.795,55.0965,115163
2015-01-02 11:15:00,55.07,55.085,54.94,54.9887,20423
2015-01-02 11:30:00,55.02,55.24,55.02,55.2,18373
2015-01-02 11:45:00,55.22,55.24,55.17,55.17,25580
2015-01-02 12:00:00,55.15,55.25,55.13,55.19,14072
2015-01-02 12:15:00,55.19,55.25,55.08,55.08,13818
2015-01-02 12:30:00,55.0997,55.0997,54.85,54.93,8832
2015-01-02 12:45:00,54.9285,54.97,54.8501,54.88,7346
2015-01-02 13:00:00,54.88,54.88,54.78,54.83,5767
2015-01-02 13:15:00,54.83,54.8899,54.76,54.77,3366
2015-01-02 13:30:00,54.78,54.85,54.69,54.69,13175
2015-01-02 13:45:00,54.68,54.68,54.57,54.58,12769
2015-01-02 14:00:00,54.6,54.76,54.6,54.7,10955
2015-01-02 14:15:00,54.69,54.83,54.63,54.83,11935
2015-01-02 14:30:00,54.84,54.88,54.81,54.81,11714
2015-01-02 14:45:00,54.82,54.92,54.818999999999996,54.88,24057
2015-01-02 15:00:00,54.88,54.94,54.85,54.9,24506
2015-01-02 15:15:00,54.9,54.9,54.71,54.72,19506
2015-01-02 15:30:00,54.73,54.818999999999996,54.71,54.79,21581
2015-01-02 15:45:00,54.795,55.05,54.79,55.04,54939
2015-01-02 16:00:00,55.04,55.13,54.96,54.97,96475
2015-01-05 09:45:00,54.81,54.94,54.61,54.7,37584
2015-01-05 10:00:00,54.72,54.77,54.6101,54.72,5721
2015-01-05 10:15:00,54.72,54.72,54.6,54.65,18131
2015-01-05 10:30:00,54.65,54.84,54.62,54.84,20967
2015-01-05 10:45:00,54.83,54.83,54.6,54.6,19345
2015-01-05 11:00:00,54.62,54.7999,54.615,54.71,29231
2015-01-05 11:15:00,54.71,54.79,54.69,54.79,42892
2015-01-05 11:30:00,54.78,54.86,54.74,54.84,23412
2015-01-05 11:45:00,54.84,55.12,54.83,55.09,27322
2015-01-05 12:00:00,55.09,55.11,54.95,54.96,24344
2015-01-05 12:15:00,54.97,55.1099,54.97,55.09,14586
2015-01-05 12:30:00,55.09,55.09,54.91,54.91,16754
2015-01-05 12:45:00,54.88,54.98,54.8,54.95,22615
2015-01-05 13:00:00,54.95,55.0,54.92,55.0,21516
2015-01-05 13:15:00,55.0,55.05,54.96,55.0,26601
2015-01-05 13:30:00,54.97,55.035,54.9197,54.97,27457
2015-01-05 13:45:00,54.96,55.08,54.96,55.02,23689
2015-01-05 14:00:00,55.02,55.2,55.01,55.17,16299
2015-01-05 14:15:00,55.18,55.18,54.97,55.01,26579
2015-01-05 14:30:00,55.0,55.09,54.96,54.97,22106
2015-01-05 14:45:00,54.95,55.08,54.915,55.01,50364
2015-01-05 15:00:00,55.0,55.03,54.91,55.03,22604
2015-01-05 15:15:00,55.02,55.17,55.0,55.16,37632
2015-01-05 15:30:00,55.16,55.175,55.07,55.099,42246
2015-01-05 15:45:00,55.09,55.24,55.01,55.23,69916
2015-01-05 16:00:00,55.22,55.3,55.09,55.13,131897
2015-01-06 09:45:00,55.39,55.58,54.96,55.09,34011
2015-01-06 10:00:00,55.11,55.29,55.07,55.195,12432
2015-01-06 10:15:00,55.19,55.48,55.15,55.48,10739
2015-01-06 10:30:00,55.48,55.55,55.4,55.47,9145
2015-01-06 10:45:00,55.46,55.46,55.13,55.14,19047
2015-01-06 11:00:00,55.15,55.245,55.05,55.05,18984
2015-01-06 11:15:00,55.05,55.068999999999996,54.97,55.013000000000005,17226
2015-01-06 11:30:00,55.02,55.04,54.86,54.86,22878
2015-01-06 11:45:00,54.84,54.865,54.61,54.61,23369
2015-01-06 12:00:00,54.61,54.78,54.61,54.72,26062
2015-01-06 12:15:00,54.7,54.7,54.5,54.63,20493
2015-01-06 12:30:00,54.65,54.65,54.52,54.62,15983
2015-01-06 12:45:00,54.6,54.8,54.5894,54.76,30397
2015-01-06 13:00:00,54.74,54.82,54.65,54.78,23832
2015-01-06 13:15:00,54.8,54.81,54.63,54.71,28641
2015-01-06 13:30:00,54.7,54.79,54.63,54.79,44460
2015-01-06 13:45:00,54.78,54.86,54.69,54.69,24927
2015-01-06 14:00:00,54.7,54.74,54.64,54.74,21334
2015-01-06 14:15:00,54.73,54.74,54.52,54.52,15078
2015-01-06 14:30:00,54.5245,54.6,54.43,54.6,30781
2015-01-06 14:45:00,54.58,54.71,54.47,54.68,35713
2015-01-06 15:00:00,54.7,54.8,54.62,54.64,28483
2015-01-06 15:15:00,54.63,54.73,54.6,54.63,45113
2015-01-06 15:30:00,54.63,54.84,54.63,54.78,39478
2015-01-06 15:45:00,54.77,54.77,54.54,54.62,39409
2015-01-06 16:00:00,54.625,54.74,54.395,54.41,81847
2015-01-07 09:45:00,54.64,55.03,54.45,54.53,45191
2015-01-07 10:00:00,54.574,54.722,54.45,54.55,16119
2015-01-07 10:15:00,54.63,54.72,54.52,54.52,13687
2015-01-07 10:30:00,54.54,54.59,54.28,54.35,44722
2015-01-07 10:45:00,54.34,54.34,54.0,54.03,149054
2015-01-07 11:00:00,54.03,54.155,53.91,53.95,77288
2015-01-07 11:15:00,53.94,54.0,53.705,53.71,59001
2015-01-07 11:30:00,53.71,53.8,53.42,53.46,63250
2015-01-07 11:45:00,53.46,53.74,53.45,53.675,43429
2015-01-07 12:00:00,53.71,54.21,53.71,54.18,69539
2015-01-07 12:15:00,54.21,54.37,54.18,54.215,123041
2015-01-07 12:30:00,54.23,54.52,54.225,54.48,19353
2015-01-07 12:45:00,54.48,54.555,54.45,54.45,16446
2015-01-07 13:00:00,54.46,54.505,54.423,54.45,13724
2015-01-07 13:15:00,54.45,54.51,54.3,54.315,22885
2015-01-07 13:30:00,54.31,54.44,54.24,54.26,73223
2015-01-07 13:45:00,54.255,54.48,54.24,54.47,20019
2015-01-07 14:00:00,54.44,54.49,54.38,54.38,22052
2015-01-07 14:15:00,54.37,54.39,54.23,54.24,27854
2015-01-07 14:30:00,54.28,54.3291,54.21,54.25,48572
2015-01-07 14:45:00,54.24,54.365,54.23,54.28,43810
2015-01-07 15:00:00,54.28,54.49,54.21,54.41,193504
2015-01-07 15:15:00,54.425,54.583,54.4,54.553999999999995,120162
2015-01-07 15:30:00,54.57,54.64,54.505,54.61,124900
2015-01-07 15:45:00,54.61,54.7,54.54,54.665,49780
2015-01-07 16:00:00,54.67,54.76,54.625,54.68,135649
2015-01-08 09:45:00,54.94,54.97,54.61,54.67,59207
2015-01-08 10:00:00,54.67,54.7,54.47,54.48,25999
2015-01-08 10:15:00,54.51,54.59,54.4,54.48,39946
2015-01-08 10:30:00,54.48,54.48,53.92,53.92,113146
2015-01-08 10:45:00,53.92,54.15,53.92,54.06,37862
2015-01-08 11:00:00,54.04,54.11,53.94,54.02,53134
2015-01-08 11:15:00,54.05,54.11,53.98,53.99,40732
2015-01-08 11:30:00,54.0,54.0,53.86,53.88,34824
2015-01-08 11:45:00,53.895,53.895,53.75,53.78,22942
2015-01-08 12:00:00,53.78,53.98,53.76,53.95,35600
2015-01-08 12:15:00,53.95,54.305,53.93,54.26,77419
2015-01-08 12:30:00,54.25,54.4,54.24,54.3,24367
2015-01-08 12:45:00,54.29,54.49,54.29,54.39,37722
2015-01-08 13:00:00,54.37,54.45,54.28,54.42,22673
2015-01-08 13:15:00,54.43,54.64,54.38,54.58,136891
2015-01-08 13:30:00,54.56,54.63,54.44,54.45,42407
2015-01-08 13:45:00,54.42,54.47,54.27,54.36,65230
2015-01-08 14:00:00,54.32,54.66,54.32,54.56,32694
2015-01-08 14:15:00,54.575,54.84,54.57,54.8295,31153
2015-01-08 14:30:00,54.84,54.85,54.72,54.8,71184
2015-01-08 14:45:00,54.8,54.84,54.73,54.82,44161
2015-01-08 15:00:00,54.81,54.93,54.81,54.9,62168
2015-01-08 15:15:00,54.91,54.97,54.89,54.9,65942
2015-01-08 15:30:00,54.91,55.015,54.89,55.0,52053
2015-01-08 15:45:00,55.0,55.0,54.88,54.89,38101
2015-01-08 16:00:00,54.882,55.0,54.88,54.995,84045
2015-01-09 09:45:00,54.98,55.3,54.295,54.295,72240
2015-01-09 10:00:00,54.33,54.55,54.12,54.2,32535
2015-01-09 10:15:00,54.13,54.24,54.05,54.2,30782
2015-01-09 10:30:00,54.19,54.19,53.98,54.0,45734
2015-01-09 10:45:00,54.01,54.07,53.9455,54.0,30381
2015-01-09 11:00:00,53.96,54.0,53.82,53.84,32798
2015-01-09 11:15:00,53.82,53.82,53.67,53.705,21480
2015-01-09 11:30:00,53.71,53.715,53.56,53.66,84498
2015-01-09 11:45:00,53.66,53.77,53.63,53.77,14303
2015-01-09 12:00:00,53.78,54.0,53.76,54.0,30860
2015-01-09 12:15:00,53.98,53.98,53.89,53.9,17524
2015-01-09 12:30:00,53.9,53.9199,53.78,53.81,16036
2015-01-09 12:45:00,53.81,53.92,53.755,53.92,28728
2015-01-09 13:00:00,53.91,53.94,53.55,53.57,63071
2015-01-09 13:15:00,53.56,53.69,53.56,53.69,42043
2015-01-09 13:30:00,53.685,53.69,53.6,53.6,20276
2015-01-09 13:45:00,53.61,53.76,53.61,53.72,33016
2015-01-09 14:00:00,53.725,53.76,53.67,53.71,40916
2015-01-09 14:15:00,53.71,53.71,53.34,53.39,65515
2015-01-09 14:30:00,53.38,53.4999,53.3,53.48,32825
2015-01-09 14:45:00,53.49,53.58,53.43,53.545,33642
2015-01-09 15:00:00,53.54,53.61,53.455,53.605,22539
2015-01-09 15:15:00,53.61,53.645,53.57,53.645,36151
2015-01-09 15:30:00,53.65,53.67,53.52,53.53,48319
2015-01-09 15:45:00,53.54,53.61,53.24,53.45,149824
2015-01-09 16:00:00,53.45,53.45,53.13,53.21,308081
2015-01-12 09:45:00,52.92,53.01,52.42,52.5455,79849
2015-01-12 10:00:00,52.57,52.58,52.4,52.44,148023
2015-01-12 10:15:00,52.42,52.53,52.36,52.42,56656
2015-01-12 10:30:00,52.43,52.5,52.37,52.39,60820
2015-01-12 10:45:00,52.4,52.41,52.33,52.33,36953
2015-01-12 11:00:00,52.35,52.39,52.3,52.39,125824
2015-01-12 11:15:00,52.4,52.51,52.38,52.46,43528
2015-01-12 11:30:00,52.46,52.5,52.455,52.5,43923
2015-01-12 11:45:00,52.49,52.54,52.47,52.5,42814
2015-01-12 12:00:00,52.5,52.51,52.42,52.4437,31034
2015-01-12 12:15:00,52.43,52.72,52.43,52.585,129976
2015-01-12 12:30:00,52.585,52.623999999999995,52.53,52.5899,90893
2015-01-12 12:45:00,52.59,52.66,52.44,52.47,40025
2015-01-12 13:00:00,52.47,52.64,52.47,52.57,20493
2015-01-12 13:15:00,52.58,52.64,52.57,52.59,88259
2015-01-12 13:30:00,52.575,52.63,52.5058,52.605,25775
2015-01-12 13:45:00,52.59,52.63,52.57,52.59,28840
2015-01-12 14:00:00,52.6,52.63,52.59,52.62,65972
2015-01-12 14:15:00,52.62,52.63,52.53,52.59,38248
2015-01-12 14:30:00,52.585,52.59,52.51,52.54,34910
2015-01-12 14:45:00,52.54,52.54,52.38,52.465,33188
2015-01-12 15:00:00,52.46,52.63,52.4,52.62,30604
2015-01-12 15:15:00,52.62,52.76,52.6,52.73,45415
2015-01-12 15:30:00,52.73,52.78,52.57,52.62,48995
2015-01-12 15:45:00,52.62,52.64,52.475,52.62,82518
2015-01-12 16:00:00,52.61,52.64,52.56,52.61,118789
2015-01-13 09:45:00,52.48,53.08,52.44,52.94,72974
2015-01-13 10:00:00,52.96,52.98,52.86,52.96,29931
2015-01-13 10:15:00,52.965,52.98,52.88,52.96,29281
2015-01-13 10:30:00,52.96,52.98,52.9,52.96,36886
2015-01-13 10:45:00,52.96,53.08,52.94,53.06,48044
2015-01-13 11:00:00,53.05,53.16,53.04,53.15,29657
2015-01-13 11:15:00,53.15,53.18,53.12,53.145,24252
2015-01-13 11:30:00,53.15,53.18,53.0046,53.03,20389
2015-01-13 11:45:00,53.03,53.06,52.88,52.88,15004
2015-01-13 12:00:00,52.89,52.9299,52.84,52.84,13438
2015-01-13 12:15:00,52.84,52.85,52.75,52.75,17074
2015-01-13 12:30:00,52.745,52.77,52.42,52.44,59275
2015-01-13 12:45:00,52.43,52.43,52.33,52.36,35035
2015-01-13 13:00:00,52.36,52.37,52.3,52.35,43297
2015-01-13 13:15:00,52.36,52.37,52.33,52.36,21984
2015-01-13 13:30:00,52.36,52.36,52.18,52.24,25939
2015-01-13 13:45:00,52.22,52.22,51.97,52.02,105545
2015-01-13 14:00:00,51.99,51.995,51.69,51.71,54574
2015-01-13 14:15:00,51.7,51.72,51.42,51.4575,84272
2015-01-13 14:30:00,51.45,51.63,51.43,51.63,26468
2015-01-13 14:45:00,51.629,51.65,51.55,51.61,66793
2015-01-13 15:00:00,51.61,51.72,51.6,51.6,47189
2015-01-13 15:15:00,51.6,51.73,51.57,51.73,41334
2015-01-13 15:30:00,51.71,51.81,51.71,51.73,44518
2015-01-13 15:45:00,51.72,51.98,51.7101,51.92,78755
2015-01-13 16:00:00,51.93,51.93,51.82,51.92,128259
2015-01-14 09:45:00,51.75,52.146,51.57,51.93,44188
2015-01-14 10:00:00,51.94,52.02,51.78,51.8301,14959
2015-01-14 10:15:00,51.88,51.98,51.67,51.69,57517
2015-01-14 10:30:00,51.68,51.77,51.58,51.77,27610
2015-01-14 10:45:00,51.79,51.85,51.7,51.7,37109
2015-01-14 11:00:00,51.745,51.78,51.58,51.755,30963
2015-01-14 11:15:00,51.74,51.83,51.7,51.72,20145
2015-01-14 11:30:00,51.74,51.87,51.74,51.83,19856
2015-01-14 11:45:00,51.83,51.91,51.8,51.81,45441
2015-01-14 12:00:00,51.82,51.89,51.67,51.67,17729
2015-01-14 12:15:00,51.67,51.79,51.57,51.63,15564
2015-01-14 12:30:00,51.6547,51.73,51.6,51.63,21486
2015-01-14 12:45:00,51.6461,51.79,51.6,51.74,31345
2015-01-14 13:00:00,51.74,51.84,51.68,51.8,22845
2015-01-14 13:15:00,51.81,51.88,51.72,51.72,16596
2015-01-14 13:30:00,51.73,51.97,51.7,51.93,64229
2015-01-14 13:45:00,51.9,51.95,51.79,51.8,88047
2015-01-14 14:00:00,51.78,51.85,51.71,51.8,130483
2015-01-14 14:15:00,51.83,51.92,51.79,51.92,29582
2015-01-14 14:30:00,51.92,52.08,51.88,52.08,108968
2015-01-14 14:45:00,52.06,52.17,51.97,52.1,46502
2015-01-14 15:00:00,52.09,52.15,52.08,52.12,40356
2015-01-14 15:15:00,52.14,52.26,52.13,52.18,53731
2015-01-14 15:30:00,52.19,52.39,52.18,52.27,55551
2015-01-14 15:45:00,52.27,52.4,52.135,52.31,89438
2015-01-14 16:00:00,52.28,52.38,52.19,52.2,133698
2015-01-15 09:45:00,52.27,52.46,51.92,51.99,56606
2015-01-15 10:00:00,51.9751,52.06,51.79,51.85,26183
2015-01-15 10:15:00,51.85,52.22,51.77,52.18,19247
2015-01-15 10:30:00,52.15,52.22,52.08,52.15,60293
2015-01-15 10:45:00,52.14,52.19,52.06,52.13,137743
2015-01-15 11:00:00,52.135,52.32,52.11,52.15,59235
2015-01-15 11:15:00,52.18,52.22,52.12,52.14,49082
2015-01-15 11:30:00,52.17,52.19,52.07,52.1,25857
2015-01-15 11:45:00,52.1,52.17,51.96,52.14,26146
2015-01-15 12:00:00,52.15,52.17,52.08,52.11,35250
2015-01-15 12:15:00,52.12,52.17,52.03,52.17,20454
2015-01-15 12:30:00,52.15,52.23,52.1,52.19,22956
2015-01-15 12:45:00,52.17,52.18,51.93,51.95,17213
2015-01-15 13:00:00,51.93,52.12,51.89,52.09,13201
2015-01-15 13:15:00,52.06,52.155,51.9968,52.11,27003
2015-01-15 13:30:00,52.13,52.14,51.98,51.98,8987
2015-01-15 13:45:00,51.94,52.11,51.93,52.0,12844
2015-01-15 14:00:00,52.0,52.15,52.0,52.105,39320
2015-01-15 14:15:00,52.09,52.16,52.06,52.1,27482
2015-01-15 14:30:00,52.09,52.15,52.01,52.05,26642
2015-01-15 14:45:00,52.0499,52.19,52.02,52.13,36044
2015-01-15 15:00:00,52.111999999999995,52.27,52.08,52.17,120939
2015-01-15 15:15:00,52.16,52.22,52.04,52.06,66524
2015-01-15 15:30:00,52.1,52.17,52.0601,52.13,50659
2015-01-15 15:45:00,52.12,52.21,52.06,52.08,83911
2015-01-15 16:00:00,52.07,52.12,51.95,51.96,69290
2015-01-16 09:45:00,51.87,52.0565,51.825,51.93,64200
2015-01-16 10:00:00,51.94,52.09,51.87,52.04,26505
2015-01-16 10:15:00,52.08,52.17,52.02,52.1,15486
2015-01-16 10:30:00,52.1,52.29,52.05,52.2,13246
2015-01-16 10:45:00,52.19,52.28,52.1,52.14,10859
2015-01-16 11:00:00,52.13,52.24,52.12,52.18,15368
2015-01-16 11:15:00,52.16,52.275,52.03,52.03,26151
2015-01-16 11:30:00,52.03,52.15,51.94,51.97,33711
2015-01-16 11:45:00,51.99,52.24,51.975,52.2,14059
2015-01-16 12:00:00,52.2,52.21,51.91,51.95,65793
2015-01-16 12:15:00,51.9569,52.18,51.93,52.14,46905
2015-01-16 12:30:00,52.1401,52.23,52.13,52.21,22026
2015-01-16 12:45:00,52.19,52.38,52.17,52.37,21769
2015-01-16 13:00:00,52.36,52.36,52.23,52.25,59111
2015-01-16 13:15:00,52.24,52.25,52.16,52.25,17205
2015-01-16 13:30:00,52.248999999999995,52.28,52.19,52.19,13118
2015-01-16 13:45:00,52.18,52.253,52.15,52.16,16843
2015-01-16 14:00:00,52.16,52.18,52.13,52.15,22677
2015-01-16 14:15:00,52.15,52.195,52.12,52.195,45018
2015-01-16 14:30:00,52.18,52.19,52.12,52.18,53476
2015-01-16 14:45:00,52.18,52.18,52.14,52.17,25930
2015-01-16 15:00:00,52.178000000000004,52.21,52.1425,52.17,50842
2015-01-16 15:15:00,52.17,52.19,52.11,52.12,35743
2015-01-16 15:30:00,52.113,52.19,52.113,52.17,46637
2015-01-16 15:45:00,52.15,52.41,52.14,52.4,51840
2015-01-16 16:00:00,52.41,52.58,52.409,52.53,74352
2015-01-20 09:45:00,52.12,52.8,51.75,52.43,66762
2015-01-20 10:00:00,52.4,52.51,52.02,52.02,55636
2015-01-20 10:15:00,52.08,52.23,52.0,52.2264,26122
2015-01-20 10:30:00,52.25,52.25,52.09,52.1,23130
2015-01-20 10:45:00,52.09,52.09,51.82,51.86,30313
2015-01-20 11:00:00,51.85,51.99,51.85,51.93,17151
2015-01-20 11:15:00,51.92,52.0,51.9,51.91,17950
2015-01-20 11:30:00,51.91,51.93,51.81,51.84,129949
2015-01-20 11:45:00,51.82,51.84,51.625,51.63,24713
2015-01-20 12:00:00,51.61,51.61,51.49,51.53,44611
2015-01-20 12:15:00,51.54,51.7,51.54,51.645,32016
2015-01-20 12:30:00,51.65,51.7,51.62,51.67,27895
2015-01-20 12:45:00,51.69,51.76,51.66,51.72,15085
2015-01-20 13:00:00,51.71,51.83,51.7,51.7701,18946
2015-01-20 13:15:00,51.77,51.885,51.76,51.87,23083
2015-01-20 13:30:00,51.86,51.99,51.83,51.93,19537
2015-01-20 13:45:00,51.96,52.01,51.89,51.97,16161
2015-01-20 14:00:00,51.98,52.16,51.98,52.16,41503
2015-01-20 14:15:00,52.16,52.3,52.11,52.295,174380
2015-01-20 14:30:00,52.3,52.39,52.12,52.16,87790
2015-01-20 14:45:00,52.16,52.46,52.16,52.41,26840
2015-01-20 15:00:00,52.41,52.47,52.35,52.46,78700
2015-01-20 15:15:00,52.46,52.47,52.29,52.39,107538
2015-01-20 15:30:00,52.39,52.52,52.29,52.29,44640
2015-01-20 15:45:00,52.29,52.31,52.1,52.11,112252
2015-01-20 16:00:00,52.12,52.13,52.02,52.07,189330
2015-01-21 09:45:00,51.92,52.46,51.803999999999995,52.29,57983
2015-01-21 10:00:00,52.29,52.36,52.15,52.19,27851
2015-01-21 10:15:00,52.21,52.42,52.19,52.37,23617
2015-01-21 10:30:00,52.36,52.55,52.34,52.55,20652
2015-01-21 10:45:00,52.57,52.66,52.5,52.66,20763
2015-01-21 11:00:00,52.66,52.83,52.66,52.8,31676
2015-01-21 11:15:00,52.81,52.865,52.64,52.66,23372
2015-01-21 11:30:00,52.66,52.66,52.47,52.55,19685
2015-01-21 11:45:00,52.56,52.63,52.49,52.51,14470
2015-01-21 12:00:00,52.51,52.56,52.45,52.54,29517
2015-01-21 12:15:00,52.55,52.62,52.5,52.56,21775
2015-01-21 12:30:00,52.56,52.68,52.54,52.68,14112
2015-01-21 12:45:00,52.7,52.73,52.63,52.73,14444
2015-01-21 13:00:00,52.725,52.77,52.42,52.43,27477
2015-01-21 13:15:00,52.42,52.42,52.33,52.375,47573
2015-01-21 13:30:00,52.37,52.37,52.24,52.25,25315
2015-01-21 13:45:00,52.24,52.46,52.21,52.42,24392
2015-01-21 14:00:00,52.42,52.42,52.34,52.41,34090
2015-01-21 14:15:00,52.41,52.46,52.36,52.46,36479
2015-01-21 14:30:00,52.47,52.53,52.42,52.47,32545
2015-01-21 14:45:00,52.48,52.58,52.45,52.51,28768
2015-01-21 15:00:00,52.52,52.66,52.52,52.61,44633
2015-01-21 15:15:00,52.6,52.65,52.56,52.64,32102
2015-01-21 15:30:00,52.64,52.75,52.6399,52.72,43241
2015-01-21 15:45:00,52.73,52.8,52.7,52.78,84340
2015-01-21 16:00:00,52.78,52.87,52.77,52.83,112743
2015-01-22 09:45:00,53.21,53.3,52.93,52.97,40401
2015-01-22 10:00:00,52.94,53.1001,52.76,52.96,28164
2015-01-22 10:15:00,52.96,53.22,52.89,53.18,16913
2015-01-22 10:30:00,53.18,53.37,53.18,53.37,11059
2015-01-22 10:45:00,53.37,53.4,53.32,53.38,14467
2015-01-22 11:00:00,53.39,53.4,53.21,53.369,33589
2015-01-22 11:15:00,53.37,53.41,53.29,53.3347,15547
2015-01-22 11:30:00,53.34,53.34,53.28,53.3,10525
2015-01-22 11:45:00,53.316,53.4172,53.31,53.38,14499
2015-01-22 12:00:00,53.38,53.51,53.361000000000004,53.5,46020
2015-01-22 12:15:00,53.51,53.52,53.42,53.42,41179
2015-01-22 12:30:00,53.42,53.48,53.385,53.46,36584
2015-01-22 12:45:00,53.48,53.48,53.3901,53.46,13311
2015-01-22 13:00:00,53.46,53.51,53.41,53.51,23910
2015-01-22 13:15:00,53.515,53.59,53.47,53.58,13543
2015-01-22 13:30:00,53.58,53.6,53.53,53.5602,15834
2015-01-22 13:45:00,53.5624,53.72,53.5624,53.71,21198
2015-01-22 14:00:00,53.71,53.715,53.59,53.59,22086
2015-01-22 14:15:00,53.6,53.685,53.6,53.67,36074
2015-01-22 14:30:00,53.67,53.735,53.64,53.69,33147
2015-01-22 14:45:00,53.71,53.785,53.69,53.78,24919
2015-01-22 15:00:00,53.78,53.835,53.78,53.82,16488
2015-01-22 15:15:00,53.82,53.94,53.815,53.935,28413
2015-01-22 15:30:00,53.935,53.99,53.93,53.99,34421
2015-01-22 15:45:00,53.98,54.03,53.92,53.96,57752
2015-01-22 16:00:00,53.96,54.0,53.84,53.84,146926
2015-01-23 09:45:00,53.57,53.83,52.88,52.89,134295
2015-01-23 10:00:00,52.94,52.95,52.7,52.92,143626
2015-01-23 10:15:00,52.89,53.33,52.88,53.235,95759
2015-01-23 10:30:00,53.235,53.53,53.23,53.325,97485
2015-01-23 10:45:00,53.34,53.69,53.23,53.65,76313
2015-01-23 11:00:00,53.65,54.06,53.65,54.01,89185
2015-01-23 11:15:00,53.99,54.26,53.96,54.24,115397
2015-01-23 11:30:00,54.23,54.44,54.04,54.1,86912
2015-01-23 11:45:00,54.074,54.0899,53.85,54.03,31400
2015-01-23 12:00:00,54.06,54.34,54.06,54.29,70134
2015-01-23 12:15:00,54.28,54.61,54.27,54.55,37890
2015-01-23 12:30:00,54.55,54.6,54.2,54.48,95220
2015-01-23 12:45:00,54.47,54.72,54.39,54.67,72331
2015-01-23 13:00:00,54.66,54.72,54.55,54.62,43737
2015-01-23 13:15:00,54.61,54.7699,54.455,54.6,49793
2015-01-23 13:30:00,54.62,54.85,54.58,54.84,51420
2015-01-23 13:45:00,54.81,54.89,54.43,54.57,53984
2015-01-23 14:00:00,54.57,55.06,54.57,55.06,90573
2015-01-23 14:15:00,55.06,55.12,54.83,55.04,81306
2015-01-23 14:30:00,55.05,55.1,54.96,55.0,80887
2015-01-23 14:45:00,55.0,55.01,54.96,55.0084,74204
2015-01-23 15:00:00,54.99,55.0485,54.91,54.975,105631
2015-01-23 15:15:00,54.97,55.02,54.92,54.99,61496
2015-01-23 15:30:00,54.99,55.13,54.92,55.09,68881
2015-01-23 15:45:00,55.09,55.18,54.99,55.06,103386
2015-01-23 16:00:00,55.05,55.05,54.94,54.94,195467
2015-01-26 09:45:00,53.76,54.02,53.27,53.98,318847
2015-01-26 10:00:00,53.99,54.53,53.73,54.51,172345
2015-01-26 10:15:00,54.51,54.77,54.36,54.68,130991
2015-01-26 10:30:00,54.68,54.73,54.41,54.433,101187
2015-01-26 10:45:00,54.44,54.45,54.2,54.21,34952
2015-01-26 11:00:00,54.22,54.27,54.02,54.14,56465
2015-01-26 11:15:00,54.1496,54.35,54.13,54.32,54157
2015-01-26 11:30:00,54.32,54.7265,54.32,54.69,125163
2015-01-26 11:45:00,54.71,55.1,54.71,54.91,193347
2015-01-26 12:00:00,54.915,55.26,54.91,55.24,94383
2015-01-26 12:15:00,55.25,55.57,55.24,55.5201,102415
2015-01-26 12:30:00,55.55,55.66,55.46,55.59,84822
2015-01-26 12:45:00,55.6,55.65,55.34,55.64,47847
2015-01-26 13:00:00,55.66,55.69,55.4,55.41,55330
2015-01-26 13:15:00,55.4,55.468999999999994,55.18,55.36,32082
2015-01-26 13:30:00,55.36,55.43,55.28,55.315,36850
2015-01-26 13:45:00,55.3,55.31,55.08,55.16,43561
2015-01-26 14:00:00,55.17,55.24,55.08,55.08,37569
2015-01-26 14:15:00,55.11,55.12,54.855,54.91,41197
2015-01-26 14:30:00,54.915,55.04,54.9035,55.04,34846
2015-01-26 14:45:00,55.04,55.14,55.01,55.03,44596
2015-01-26 15:00:00,55.02,55.06,54.97,54.98,34343
2015-01-26 15:15:00,54.98,55.12,54.975,55.02,55232
2015-01-26 15:30:00,55.01,55.01,54.91,54.91,50675
2015-01-26 15:45:00,54.91,55.02,54.91,54.94,56457
2015-01-26 16:00:00,54.95,54.96,54.821000000000005,54.84,185927
2015-01-27 09:45:00,54.3,54.43,53.69,54.055,46950
2015-01-27 10:00:00,54.02,54.1025,53.8701,54.01,49845
2015-01-27 10:15:00,53.96,54.0,53.82,53.86,52002
2015-01-27 10:30:00,53.89,54.26,53.82,54.15,74810
2015-01-27 10:45:00,54.15,54.17,53.97,54.0675,27990
2015-01-27 11:00:00,54.06,54.34,54.05,54.33,26037
2015-01-27 11:15:00,54.33,54.38,54.29,54.3136,35454
2015-01-27 11:30:00,54.35,54.615,54.32,54.615,28049
2015-01-27 11:45:00,54.6,54.72,54.5925,54.66,43948
2015-01-27 12:00:00,54.675,54.7499,54.62,54.64,47496
2015-01-27 12:15:00,54.6365,54.71,54.62,54.64,20781
2015-01-27 12:30:00,54.65,54.75,54.64,54.7,34532
2015-01-27 12:45:00,54.72,54.94,54.72,54.895,41267
2015-01-27 13:00:00,54.895,54.93,54.84,54.88,53968
2015-01-27 13:15:00,54.88,54.99,54.87,54.8862,40830
2015-01-27 13:30:00,54.9,55.02,54.9,54.99,39729
2015-01-27 13:45:00,54.98,55.0,54.83,54.87,31355
2015-01-27 14:00:00,54.86,54.94,54.86,54.87,30135
2015-01-27 14:15:00,54.86,54.91,54.79,54.79,28598
2015-01-27 14:30:00,54.8,54.96,54.77,54.89,29975
2015-01-27 14:45:00,54.89,54.99,54.8766,54.905,31027
2015-01-27 15:00:00,54.91,55.0,54.905,55.0,32928
2015-01-27 15:15:00,55.0,55.02,54.81,54.83,46350
2015-01-27 15:30:00,54.82,54.83,54.71,54.71,51610
2015-01-27 15:45:00,54.71,54.77,54.63,54.65,123847
2015-01-27 16:00:00,54.655,54.7,54.6,54.63,180872
2015-01-28 09:45:00,54.79,55.41,54.79,55.24,51296
2015-01-28 10:00:00,55.18,55.28,55.13,55.22,36538
2015-01-28 10:15:00,55.111999999999995,55.2,55.08,55.1299,22522
2015-01-28 10:30:00,55.14,55.14,54.95,55.04,22269
2015-01-28 10:45:00,55.03,55.07,54.8,54.96,22732
2015-01-28 11:00:00,54.95,54.95,54.72,54.83,28987
2015-01-28 11:15:00,54.8304,54.99,54.77,54.9001,31912
2015-01-28 11:30:00,54.93,55.0,54.81,55.0,13609
2015-01-28 11:45:00,55.0,55.085,54.93,55.02,26848
2015-01-28 12:00:00,55.0,55.09,54.88,54.9,20593
2015-01-28 12:15:00,54.91,55.04,54.89,54.99,13643
2015-01-28 12:30:00,54.985,55.23,54.985,55.14,19837
2015-01-28 12:45:00,55.14,55.21,55.0901,55.11,29929
2015-01-28 13:00:00,55.1,55.14,55.0,55.09,19933
2015-01-28 13:15:00,55.11,55.2,55.08,55.11,22050
2015-01-28 13:30:00,55.12,55.29,55.0904,55.26,13873
2015-01-28 13:45:00,55.27,55.27,55.09,55.11,18099
2015-01-28 14:00:00,55.13,55.16,54.96,54.98,23204
2015-01-28 14:15:00,54.99,55.17,54.91,55.05,32374
2015-01-28 14:30:00,55.05,55.17,55.03,55.04,33101
2015-01-28 14:45:00,55.02,55.06,54.85,55.0399,33268
2015-01-28 15:00:00,55.03,55.16,54.97,55.06,28326
2015-01-28 15:15:00,55.09,55.23,55.03,55.08,44994
2015-01-28 15:30:00,55.07,55.12,54.985,55.12,63842
2015-01-28 15:45:00,55.105,55.11,54.94,55.0,97141
2015-01-28 16:00:00,54.995,55.1,54.87,55.05,193046
2015-01-29 09:45:00,55.06,55.66,55.0,55.265,49899
2015-01-29 10:00:00,55.24,55.49,55.08,55.405,33516
2015-01-29 10:15:00,55.37,55.4,55.17,55.17,29520
2015-01-29 10:30:00,55.13,55.42,55.09,55.41,67701
2015-01-29 10:45:00,55.41,55.41,55.095,55.16,31789
2015-01-29 11:00:00,55.16,55.19,55.08,55.172,39236
2015-01-29 11:15:00,55.185,55.19,55.03,55.11,29122
2015-01-29 11:30:00,55.11,55.2,55.0201,55.175,27151
2015-01-29 11:45:00,55.19,55.4,55.19,55.32,36278
2015-01-29 12:00:00,55.315,55.44,55.315,55.38,43314
2015-01-29 12:15:00,55.37,55.54,55.3675,55.48,50983
2015-01-29 12:30:00,55.48,55.53,55.45,55.53,25214
2015-01-29 12:45:00,55.52,55.6,55.46,55.6,29429
2015-01-29 13:00:00,55.58,55.71,55.57,55.71,60758
2015-01-29 13:15:00,55.72,55.78,55.72,55.75,29483
2015-01-29 13:30:00,55.76,55.765,55.725,55.765,27064
2015-01-29 13:45:00,55.76,55.77,55.74,55.77,42170
2015-01-29 14:00:00,55.76,55.78,55.69,55.7,39394
2015-01-29 14:15:00,55.7,55.71,55.545,55.56,23038
2015-01-29 14:30:00,55.56,55.63,55.5,55.62,31383
2015-01-29 14:45:00,55.63,55.64,55.56,55.59,39493
2015-01-29 15:00:00,55.586000000000006,55.67,55.525,55.63,44873
2015-01-29 15:15:00,55.63,55.64,55.54,55.54,39806
2015-01-29 15:30:00,55.53,55.78,55.52,55.76,58475
2015-01-29 15:45:00,55.77,55.9,55.76,55.8,67300
2015-01-29 16:00:00,55.791000000000004,55.82,55.71,55.79,108191
2015-01-30 09:45:00,55.34,55.35,54.58,55.3,87639
2015-01-30 10:00:00,55.35,55.43,54.86,54.86,26687
2015-01-30 10:15:00,54.91,54.98,54.79,54.965,37255
2015-01-30 10:30:00,54.95,55.05,54.91,55.0,33278
2015-01-30 10:45:00,54.94,54.97,54.77,54.87,34466
2015-01-30 11:00:00,54.88,55.15,54.88,55.14,33639
2015-01-30 11:15:00,55.15,55.32,55.129,55.18,18367
2015-01-30 11:30:00,55.16,55.35,55.1,55.31,21319
2015-01-30 11:45:00,55.28,55.28,55.12,55.16,12376
2015-01-30 12:00:00,55.18,55.33,55.1,55.3,22352
2015-01-30 12:15:00,55.32,55.4,55.28,55.35,21350
2015-01-30 12:30:00,55.36,55.43,55.24,55.37,26858
2015-01-30 12:45:00,55.37,55.43,55.22,55.22,11670
2015-01-30 13:00:00,55.22,55.27,55.12,55.16,10639
2015-01-30 13:15:00,55.17,55.24,55.14,55.19,11403
2015-01-30 13:30:00,55.16,55.44,55.13,55.44,17669
2015-01-30 13:45:00,55.45,55.53,55.37,55.49,18537
2015-01-30 14:00:00,55.51,55.58,55.47,55.54,36688
2015-01-30 14:15:00,55.53,55.57,55.43,55.51,20692
2015-01-30 14:30:00,55.51,55.65,55.5,55.65,28994
2015-01-30 14:45:00,55.67,55.68,55.37,55.37,27394
2015-01-30 15:00:00,55.36,55.41,55.1,55.31,31933
2015-01-30 15:15:00,55.31,55.31,55.1,55.23,40036
2015-01-30 15:30:00,55.24,55.25,55.06,55.24,50107
2015-01-30 15:45:00,55.21,55.25,54.99,55.11,77432
2015-01-30 16:00:00,55.12,55.14,54.87,54.93,174621
2015-02-02 09:45:00,54.68,54.9056,54.415,54.67,50208
2015-02-02 10:00:00,54.68,54.75,54.275,54.32,67161
2015-02-02 10:15:00,54.27,54.31,53.895,53.94,58762
2015-02-02 10:30:00,53.93,54.15,53.93,54.02,33022
2015-02-02 10:45:00,54.02,54.39,53.96,54.39,31923
2015-02-02 11:00:00,54.39,54.44,54.3,54.43,52488
2015-02-02 11:15:00,54.43,54.72,54.43,54.65,23573
2015-02-02 11:30:00,54.65,54.66,54.37,54.44,63820
2015-02-02 11:45:00,54.45,54.57,54.27,54.54,98937
2015-02-02 12:00:00,54.54,54.65,54.37,54.38,30918
2015-02-02 12:15:00,54.38,54.423,54.23,54.23,21849
2015-02-02 12:30:00,54.23,54.34,54.18,54.34,23741
2015-02-02 12:45:00,54.36,54.4,54.29,54.32,19937
2015-02-02 13:00:00,54.33,54.4627,54.23,54.37,15898
2015-02-02 13:15:00,54.38,54.52,54.32,54.44,47019
2015-02-02 13:30:00,54.44,54.54,54.39,54.403999999999996,44036
2015-02-02 13:45:00,54.425,54.49,54.27,54.28,23420
2015-02-02 14:00:00,54.2753,54.31,54.205,54.2275,28830
2015-02-02 14:15:00,54.24,54.35,54.23,54.31,29072
2015-02-02 14:30:00,54.31,54.58,54.31,54.58,17184
2015-02-02 14:45:00,54.58,54.63,54.5,54.53,25694
2015-02-02 15:00:00,54.52,54.64,54.43,54.48,21585
2015-02-02 15:15:00,54.49,54.6,54.45,54.58,23353
2015-02-02 15:30:00,54.61,54.71,54.54,54.58,35474
2015-02-02 15:45:00,54.57,54.84,54.57,54.7707,74872
2015-02-02 16:00:00,54.78,54.83,54.56,54.7,192275
2015-02-03 09:45:00,54.99,55.72,54.99,55.68,50311
2015-02-03 10:00:00,55.68,55.75,55.27,55.47,29156
2015-02-03 10:15:00,55.55,55.55,54.97,55.25,34509
2015-02-03 10:30:00,55.2,55.27,54.99,55.27,15137
2015-02-03 10:45:00,55.27,55.33,55.17,55.22,9622
2015-02-03 11:00:00,55.24,55.47,55.12,55.12,12414
2015-02-03 11:15:00,55.12,55.33,55.05,55.33,17604
2015-02-03 11:30:00,55.34,55.48,55.32,55.42,12936
2015-02-03 11:45:00,55.42,55.5497,55.38,55.52,14521
2015-02-03 12:00:00,55.52,55.6,55.47,55.57,13385
2015-02-03 12:15:00,55.54,55.67,55.495,55.67,12904
2015-02-03 12:30:00,55.68,55.71,55.58,55.68,17358
2015-02-03 12:45:00,55.66,55.71,55.58,55.665,12405
2015-02-03 13:00:00,55.69,55.71,55.61,55.66,17501
2015-02-03 13:15:00,55.66,55.71,55.61,55.67,20823
2015-02-03 13:30:00,55.67,55.8,55.65,55.76,19552
2015-02-03 13:45:00,55.74,55.82,55.73,55.785,11494
2015-02-03 14:00:00,55.78,55.83,55.68,55.82,16894
2015-02-03 14:15:00,55.83,55.93,55.83,55.93,15998
2015-02-03 14:30:00,55.9101,55.949,55.81,55.82,22455
2015-02-03 14:45:00,55.83,55.8999,55.76,55.77,19851
2015-02-03 15:00:00,55.7623,55.94,55.75,55.93,20843
2015-02-03 15:15:00,55.94,56.0,55.93,55.99,20178
2015-02-03 15:30:00,55.9995,56.0,55.92,55.99,19721
2015-02-03 15:45:00,55.9838,56.16,55.96,56.15,49234
2015-02-03 16:00:00,56.15,56.27,56.12,56.15,99268
2015-02-04 09:45:00,56.18,56.91,56.18,56.87,87162
2015-02-04 10:00:00,56.87,57.21,56.84,57.08,81644
2015-02-04 10:15:00,57.1,57.405,56.94,56.96,75220
2015-02-04 10:30:00,56.945,57.27,56.91,57.165,65898
2015-02-04 10:45:00,57.16,57.2222,56.93,57.08,43332
2015-02-04 11:00:00,57.07,57.13,56.705,56.72,28427
2015-02-04 11:15:00,56.71,56.8,56.58,56.65,24666
2015-02-04 11:30:00,56.6526,56.76,56.54,56.7599,20924
2015-02-04 11:45:00,56.77,57.03,56.77,57.03,28570
2015-02-04 12:00:00,57.04,57.12,57.003,57.03,27262
2015-02-04 12:15:00,57.04,57.06,56.92100000000001,57.04,27298
2015-02-04 12:30:00,57.06,57.09,56.98,57.02,21774
2015-02-04 12:45:00,57.012,57.02,56.8001,56.82,12821
2015-02-04 13:00:00,56.825,56.92,56.825,56.86,12438
2015-02-04 13:15:00,56.85,56.93,56.8,56.93,13433
2015-02-04 13:30:00,56.93,57.05,56.92,57.035,29985
2015-02-04 13:45:00,57.05,57.055,56.95,57.05,21816
2015-02-04 14:00:00,57.06,57.07,56.945,57.06,47600
2015-02-04 14:15:00,57.06,57.19,57.03,57.04,34203
2015-02-04 14:30:00,57.02,57.08,56.97,56.98,31467
2015-02-04 14:45:00,56.975,57.0099,56.81,56.83,36189
2015-02-04 15:00:00,56.825,56.93,56.82,56.845,19991
2015-02-04 15:15:00,56.84,56.885,56.78,56.83,20775
2015-02-04 15:30:00,56.84,57.09,56.84,56.97,79971
2015-02-04 15:45:00,56.99,57.0122,56.58,56.63,79061
2015-02-04 16:00:00,56.63,56.63,56.475,56.59,104701
2015-02-05 09:45:00,56.55,56.78,56.43,56.53,44157
2015-02-05 10:00:00,56.54,56.57,56.33,56.33,13667
2015-02-05 10:15:00,56.36,56.44,56.29,56.315,40114
2015-02-05 10:30:00,56.34,56.38,56.29,56.3138,21380
2015-02-05 10:45:00,56.315,56.43,56.26,56.37,23778
2015-02-05 11:00:00,56.395,56.43,56.23,56.2301,22611
2015-02-05 11:15:00,56.22,56.24,56.05,56.05,40434
2015-02-05 11:30:00,56.1,56.1,55.95,55.99,90500
2015-02-05 11:45:00,56.02,56.12,55.98,56.05,62615
2015-02-05 12:00:00,56.08,56.1,55.93,55.9375,23503
2015-02-05 12:15:00,55.96,56.02,55.89,56.0,38809
2015-02-05 12:30:00,56.01,56.03,55.97,56.01,21888
2015-02-05 12:45:00,55.99,56.11,55.95,56.11,20798
2015-02-05 13:00:00,56.11,56.14,56.06,56.08,29731
2015-02-05 13:15:00,56.095,56.2,56.09,56.2,29876
2015-02-05 13:30:00,56.192,56.28,56.192,56.28,13063
2015-02-05 13:45:00,56.27,56.28,56.21,56.27,14358
2015-02-05 14:00:00,56.28,56.35,56.26,56.28,15879
2015-02-05 14:15:00,56.32,56.35,56.26,56.31,19669
2015-02-05 14:30:00,56.31,56.32,56.16,56.22,18484
2015-02-05 14:45:00,56.22,56.24,56.15,56.1675,19795
2015-02-05 15:00:00,56.165,56.2,56.123000000000005,56.14,16343
2015-02-05 15:15:00,56.16,56.2,56.07,56.08,28704
2015-02-05 15:30:00,56.085,56.17,56.05,56.16,35403
2015-02-05 15:45:00,56.15,56.25,56.13,56.21,30684
2015-02-05 16:00:00,56.22,56.24,56.13,56.14,103940
2015-02-06 09:45:00,56.02,56.25,55.74,55.82,43186
2015-02-06 10:00:00,55.81,56.06,55.74,55.97,30056
2015-02-06 10:15:00,55.95,56.16,55.87,55.93,40734
2015-02-06 10:30:00,55.95,56.11,55.94,55.98,47913
2015-02-06 10:45:00,55.93,56.0501,55.83,56.0,49228
2015-02-06 11:00:00,56.0,56.02,55.78,55.78,38043
2015-02-06 11:15:00,55.788999999999994,55.88,55.66,55.73,67762
2015-02-06 11:30:00,55.75,55.94,55.715,55.83,46729
2015-02-06 11:45:00,55.83,55.865,55.675,55.76,31868
2015-02-06 12:00:00,55.77,55.87,55.71,55.72,65250
2015-02-06 12:15:00,55.74,55.76,55.65,55.74,37740
2015-02-06 12:30:00,55.72,55.74,55.65,55.65,42020
2015-02-06 12:45:00,55.65,55.84,55.65,55.77,67120
2015-02-06 13:00:00,55.75,55.9,55.73,55.85,44436
2015-02-06 13:15:00,55.906000000000006,55.94,55.76,55.86,33084
2015-02-06 13:30:00,55.88,55.905,55.75,55.79,24341
2015-02-06 13:45:00,55.81,55.89,55.68,55.89,37281
2015-02-06 14:00:00,55.89,55.93,55.73,55.77,53659
2015-02-06 14:15:00,55.77,55.81,55.69,55.71,36077
2015-02-06 14:30:00,55.73,55.76,55.7,55.7,39042
2015-02-06 14:45:00,55.72,55.77,55.62,55.64,45565
2015-02-06 15:00:00,55.614,55.66,55.36,55.373000000000005,67577
2015-02-06 15:15:00,55.4,55.415,55.26,55.36,74108
2015-02-06 15:30:00,55.35,55.65,55.35,55.57,73250
2015-02-06 15:45:00,55.583999999999996,55.645,55.5,55.6,51110
2015-02-06 16:00:00,55.595,55.78,55.53,55.73,144267
2015-02-09 09:45:00,58.4,58.4,57.2,58.1,449245
2015-02-09 10:00:00,58.11,58.89,58.11,58.84,311188
2015-02-09 10:15:00,58.82,59.39,58.67,59.13,253632
2015-02-09 10:30:00,59.115,59.4,58.75,58.9428,189320
2015-02-09 10:45:00,58.92,59.38,58.92,59.16,120558
2015-02-09 11:00:00,59.185,59.79,59.11,59.655,243051
2015-02-09 11:15:00,59.655,59.89,59.41,59.47,155742
2015-02-09 11:30:00,59.46,60.0799,59.44,59.6652,146851
2015-02-09 11:45:00,59.64,59.79,59.46,59.46,82532
2015-02-09 12:00:00,59.47,59.99,59.24,59.91,135162
2015-02-09 12:15:00,59.89,59.92,59.643,59.81,66390
2015-02-09 12:30:00,59.78,60.38,59.77,60.3297,176318
2015-02-09 12:45:00,60.35,60.66,60.23,60.51,150983
2015-02-09 13:00:00,60.545,60.57,60.14,60.15,81794
2015-02-09 13:15:00,60.15,60.26,59.89,60.0,90941
2015-02-09 13:30:00,59.99,60.49,59.94,60.16,118292
2015-02-09 13:45:00,60.15,60.17,59.76,59.87,135613
2015-02-09 14:00:00,59.87,59.9999,59.65,59.76,84554
2015-02-09 14:15:00,59.765,59.773999999999994,59.36,59.3656,133297
2015-02-09 14:30:00,59.3775,60.26,59.32,60.16,132604
2015-02-09 14:45:00,60.14,60.163999999999994,59.63,59.655,90355
2015-02-09 15:00:00,59.66,60.04,59.43,59.92,111889
2015-02-09 15:15:00,59.91,59.92,59.61,59.695,139359
2015-02-09 15:30:00,59.7,59.965,59.54,59.9417,135580
2015-02-09 15:45:00,59.9401,59.98,59.68,59.74,248940
2015-02-09 16:00:00,59.7301,59.74,59.55,59.67,374286
2015-02-10 09:45:00,60.87,61.41,60.1,60.34,256098
2015-02-10 10:00:00,60.34,60.51,59.84,59.865,144724
2015-02-10 10:15:00,59.92,60.68,59.89,60.6,99376
2015-02-10 10:30:00,60.57,60.64,60.17,60.43,119318
2015-02-10 10:45:00,60.43,60.8,60.41,60.755,57058
2015-02-10 11:00:00,60.7547,60.8348,60.6,60.76,39191
2015-02-10 11:15:00,60.78,60.95,60.71,60.73,47152
2015-02-10 11:30:00,60.74,60.8,60.48,60.51,77770
2015-02-10 11:45:00,60.52,60.56,60.47,60.55,67579
2015-02-10 12:00:00,60.55,60.7,60.49,60.62,53761
2015-02-10 12:15:00,60.62,60.78,60.6,60.61,57752
2015-02-10 12:30:00,60.62,60.68,60.46,60.51,62241
2015-02-10 12:45:00,60.51,60.66,60.51,60.65,26538
2015-02-10 13:00:00,60.65,60.89,60.64,60.81,53092
2015-02-10 13:15:00,60.81,60.895,60.74,60.865,41153
2015-02-10 13:30:00,60.86,60.95,60.82,60.88,71271
2015-02-10 13:45:00,60.87,60.97,60.86,60.9,50938
2015-02-10 14:00:00,60.91,61.01,60.87,60.98,80536
2015-02-10 14:15:00,60.985,61.29,60.98,61.23,56134
2015-02-10 14:30:00,61.24,61.3525,61.0,61.0,73298
2015-02-10 14:45:00,61.0,61.16,60.93,61.0,59933
2015-02-10 15:00:00,61.0184,61.21,60.98,61.14,81998
2015-02-10 15:15:00,61.16,61.4,61.06,61.33,104915
2015-02-10 15:30:00,61.335,61.58,61.32,61.57,117788
2015-02-10 15:45:00,61.58,61.74,61.5,61.71,207875
2015-02-10 16:00:00,61.705,61.715,61.53,61.61,358170
2015-02-11 09:45:00,62.01,62.43,61.6201,61.85,81635
2015-02-11 10:00:00,61.831,61.8725,61.47,61.82,58314
2015-02-11 10:15:00,61.82,61.84,61.7,61.8,32061
2015-02-11 10:30:00,61.7899,61.7899,61.54,61.59,112007
2015-02-11 10:45:00,61.59,61.7799,61.57,61.65,49540
2015-02-11 11:00:00,61.66,61.68,61.41,61.515,62892
2015-02-11 11:15:00,61.51,61.71,61.51,61.62,38576
2015-02-11 11:30:00,61.61,61.88,61.58,61.835,98795
2015-02-11 11:45:00,61.83,61.83,61.58,61.64,46684
2015-02-11 12:00:00,61.65,61.725,61.57,61.72,83461
2015-02-11 12:15:00,61.725,61.75,61.63,61.635,111990
2015-02-11 12:30:00,61.63,61.705,61.6,61.6772,18747
2015-02-11 12:45:00,61.69,61.7,61.47,61.59,42052
2015-02-11 13:00:00,61.595,61.615,61.52,61.55,26436
2015-02-11 13:15:00,61.54,61.58,61.47,61.515,17005
2015-02-11 13:30:00,61.5101,61.5201,61.42,61.48,36153
2015-02-11 13:45:00,61.48,61.5,61.44,61.48,30088
2015-02-11 14:00:00,61.489,61.6,61.46,61.48,59440
2015-02-11 14:15:00,61.48,61.55,61.43,61.45,62008
2015-02-11 14:30:00,61.47,61.49,61.32,61.4,55612
2015-02-11 14:45:00,61.401,61.59,61.4,61.44,33551
2015-02-11 15:00:00,61.47,61.5,61.27,61.27,24345
2015-02-11 15:15:00,61.28,61.38,61.26,61.34,41603
2015-02-11 15:30:00,61.335,61.35,61.22,61.255,56468
2015-02-11 15:45:00,61.258,61.28,61.15,61.15,75447
2015-02-11 16:00:00,61.15,61.22,61.11,61.2,105180
2015-02-12 09:45:00,61.48,61.87,61.441,61.61,45205
2015-02-12 10:00:00,61.64,61.65,61.53,61.56,25802
2015-02-12 10:15:00,61.56,61.62,61.53,61.55,25237
2015-02-12 10:30:00,61.56,61.56,61.41,61.41,23618
2015-02-12 10:45:00,61.41,61.64,61.39,61.62,22475
2015-02-12 11:00:00,61.64,61.86,61.63,61.83,17150
2015-02-12 11:15:00,61.81,61.87,61.7596,61.82,16365
2015-02-12 11:30:00,61.8,61.8572,61.7249,61.81,23654
2015-02-12 11:45:00,61.81,61.96,61.8,61.94,25083
2015-02-12 12:00:00,61.93,61.98,61.8,61.9,22693
2015-02-12 12:15:00,61.9,61.9,61.8075,61.86,15845
2015-02-12 12:30:00,61.855,61.87,61.78,61.81,15285
2015-02-12 12:45:00,61.82,61.84,61.75,61.75,12650
2015-02-12 13:00:00,61.75,61.83,61.72,61.82,15825
2015-02-12 13:15:00,61.82,61.95,61.78,61.88,15940
2015-02-12 13:30:00,61.89,61.92,61.85,61.9,22502
2015-02-12 13:45:00,61.9,61.96,61.77,61.88,62886
2015-02-12 14:00:00,61.88,61.89,61.83,61.8875,19262
2015-02-12 14:15:00,61.88,61.96,61.86,61.87,22419
2015-02-12 14:30:00,61.87,61.9,61.855,61.9,10342
2015-02-12 14:45:00,61.89,62.15,61.89,62.1375,85570
2015-02-12 15:00:00,62.145,62.31,62.145,62.26,38207
2015-02-12 15:15:00,62.31,62.33,62.22,62.225,18283
2015-02-12 15:30:00,62.22,62.23,62.145,62.17,24474
2015-02-12 15:45:00,62.17,62.23,62.05,62.13,44078
2015-02-12 16:00:00,62.13,62.2,62.105,62.15,70117
2015-02-13 09:45:00,62.16,62.72,62.16,62.69,74504
2015-02-13 10:00:00,62.7754,62.95,62.52,62.53,43645
2015-02-13 10:15:00,62.53,62.8,62.4901,62.8,52392
2015-02-13 10:30:00,62.76,62.8,62.49,62.5,90980
2015-02-13 10:45:00,62.5,62.81,62.5,62.8,32845
2015-02-13 11:00:00,62.79,62.86,62.72,62.74,34343
2015-02-13 11:15:00,62.73,62.88,62.69,62.82,50314
2015-02-13 11:30:00,62.8216,62.94,62.75,62.92,36567
2015-02-13 11:45:00,62.9299,62.96,62.87,62.93,37053
2015-02-13 12:00:00,62.93,62.95,62.84,62.92,34881
2015-02-13 12:15:00,62.91,63.09,62.89,63.03,54526
2015-02-13 12:30:00,63.04,63.09,62.995,63.08,31859
2015-02-13 12:45:00,63.06,63.07,62.935,63.01,39725
2015-02-13 13:00:00,63.01,63.04,62.98,63.02,23147
2015-02-13 13:15:00,63.02,63.02,62.85,62.88,39090
2015-02-13 13:30:00,62.87,62.91,62.85,62.9,35062
2015-02-13 13:45:00,62.89,62.9,62.8,62.84,38288
2015-02-13 14:00:00,62.85,62.91,62.83,62.89,30882
2015-02-13 14:15:00,62.88,62.94,62.815,62.94,35363
2015-02-13 14:30:00,62.93,62.937,62.79,62.805,27872
2015-02-13 14:45:00,62.8,62.84,62.7,62.71,28250
2015-02-13 15:00:00,62.7,62.74,62.67,62.69,30480
2015-02-13 15:15:00,62.695,62.91,62.67,62.9,51510
2015-02-13 15:30:00,62.91,62.975,62.74,62.88,80815
2015-02-13 15:45:00,62.89,62.91,62.68,62.71,59014
2015-02-13 16:00:00,62.71,62.75,62.69,62.74,162940
2015-02-17 09:45:00,62.58,62.99,62.4756,62.65,54880
2015-02-17 10:00:00,62.65,62.71,62.61,62.68,21246
2015-02-17 10:15:00,62.636,62.68,62.19,62.2,42778
2015-02-17 10:30:00,62.21,62.41,62.16,62.37,22795
2015-02-17 10:45:00,62.36,62.47,62.35,62.37,27656
2015-02-17 11:00:00,62.38,62.38,62.13,62.1505,27367
2015-02-17 11:15:00,62.17,62.29,62.06,62.29,22143
2015-02-17 11:30:00,62.29,62.32,62.08,62.14,56935
2015-02-17 11:45:00,62.15,62.27,62.13,62.2,56326
2015-02-17 12:00:00,62.24,62.45,62.2,62.44,19663
2015-02-17 12:15:00,62.43,62.45,62.25,62.25,21194
2015-02-17 12:30:00,62.26,62.37,62.24,62.37,13954
2015-02-17 12:45:00,62.38,62.52,62.35,62.41,11752
2015-02-17 13:00:00,62.42,62.5,62.34,62.49,32583
2015-02-17 13:15:00,62.46,62.56,62.44,62.55,12048
2015-02-17 13:30:00,62.56,62.69,62.51,62.61,20747
2015-02-17 13:45:00,62.601000000000006,62.625,62.5,62.5001,26700
2015-02-17 14:00:00,62.51,62.54,62.42,62.42,30369
2015-02-17 14:15:00,62.42,62.47,62.39,62.455,16260
2015-02-17 14:30:00,62.45,62.6,62.45,62.55,28805
2015-02-17 14:45:00,62.57,62.57,62.47,62.49,22489
2015-02-17 15:00:00,62.48,62.59,62.46,62.58,225735
2015-02-17 15:15:00,62.57,62.7,62.55,62.69,64053
2015-02-17 15:30:00,62.69,62.69,62.56,62.58,50560
2015-02-17 15:45:00,62.58,62.63,62.42,62.43,56452
2015-02-17 16:00:00,62.43,62.49,62.34,62.46,132639
2015-02-18 09:45:00,62.52,62.71,62.17,62.51,41537
2015-02-18 10:00:00,62.535,62.73,62.25,62.32,187135
2015-02-18 10:15:00,62.31,62.32,61.8,61.8,63854
2015-02-18 10:30:00,61.79,61.89,61.64,61.73,58702
2015-02-18 10:45:00,61.73,62.06,61.7,61.83,33333
2015-02-18 11:00:00,61.82,61.88,61.72,61.78,38004
2015-02-18 11:15:00,61.81,62.18,61.8099,62.08,31258
2015-02-18 11:30:00,62.08,62.18,61.99,62.13,30924
2015-02-18 11:45:00,62.13,62.19,61.964,61.97,27596
2015-02-18 12:00:00,61.9798,62.01,61.75,61.85,63197
2015-02-18 12:15:00,61.85,61.93,61.81,61.86,15998
2015-02-18 12:30:00,61.87,61.9,61.84,61.84,25994
2015-02-18 12:45:00,61.84,61.94,61.82,61.85,23157
2015-02-18 13:00:00,61.88,61.95,61.85,61.9,18611
2015-02-18 13:15:00,61.9,61.99,61.87,61.91,14108
2015-02-18 13:30:00,61.91,61.99,61.8,61.83,26309
2015-02-18 13:45:00,61.84,61.93,61.84,61.87,23989
2015-02-18 14:00:00,61.88,61.96,61.82,61.84,28637
2015-02-18 14:15:00,61.85,61.96,61.76,61.81,21763
2015-02-18 14:30:00,61.84,61.84,61.72,61.75,24370
2015-02-18 14:45:00,61.75,61.89,61.72,61.88,18473
2015-02-18 15:00:00,61.875,62.12,61.875,62.07,34598
2015-02-18 15:15:00,62.1,62.17,62.08,62.08,28554
2015-02-18 15:30:00,62.09,62.21,62.075,62.14,41229
2015-02-18 15:45:00,62.15,62.22,62.12,62.15,69063
2015-02-18 16:00:00,62.155,62.21,62.09,62.12,71888
2015-02-19 09:45:00,62.26,62.41,61.97,62.12,87965
2015-02-19 10:00:00,62.07,62.07,61.87,61.92,10372
2015-02-19 10:15:00,61.88,62.01,61.86,61.9,15312
2015-02-19 10:30:00,61.95,62.0,61.75,61.75,27085
2015-02-19 10:45:00,61.76,61.83,61.75,61.76,27640
2015-02-19 11:00:00,61.77,62.08,61.75,61.961999999999996,167458
2015-02-19 11:15:00,61.98,62.0199,61.83,61.88,57514
2015-02-19 11:30:00,61.8866,61.89,61.7,61.74,40278
2015-02-19 11:45:00,61.72,61.82,61.53,61.78,74797
2015-02-19 12:00:00,61.76,61.8,61.67,61.67,23559
2015-02-19 12:15:00,61.69,61.7,61.56,61.56,21279
2015-02-19 12:30:00,61.56,61.58,61.5,61.58,18233
2015-02-19 12:45:00,61.58,61.75,61.57,61.69,56270
2015-02-19 13:00:00,61.69,61.75,61.56,61.64,101953
2015-02-19 13:15:00,61.67,61.75,61.62,61.73,109796
2015-02-19 13:30:00,61.75,61.8,61.7,61.77,25269
2015-02-19 13:45:00,61.78,61.82,61.73,61.78,28896
2015-02-19 14:00:00,61.775,61.82,61.72,61.76,12378
2015-02-19 14:15:00,61.76,61.78,61.67,61.75,17362
2015-02-19 14:30:00,61.745,61.9,61.73,61.81,135840
2015-02-19 14:45:00,61.8,61.87,61.76,61.86,75450
2015-02-19 15:00:00,61.86,62.02,61.82,61.82,125811
2015-02-19 15:15:00,61.845,62.01,61.77,61.94,109239
2015-02-19 15:30:00,61.98,62.11,61.9672,62.0,163967
2015-02-19 15:45:00,61.99,62.0,61.73,61.78,59453
2015-02-19 16:00:00,61.78,61.8,61.65,61.79,193391
2015-02-20 09:45:00,60.86,61.4,60.09,60.31,296318
2015-02-20 10:00:00,60.31,61.05,60.26,60.99,61193
2015-02-20 10:15:00,61.04,61.15,60.89,61.0204,49401
2015-02-20 10:30:00,61.0,61.04,60.9,60.97,52433
2015-02-20 10:45:00,60.97,61.0,60.9,60.95,98786
2015-02-20 11:00:00,60.95,61.14,60.94,61.06,91989
2015-02-20 11:15:00,61.055,61.193000000000005,60.99,61.13,57475
2015-02-20 11:30:00,61.13,61.15,60.995,61.13,37004
2015-02-20 11:45:00,61.16,61.3,61.08,61.26,38067
2015-02-20 12:00:00,61.28,61.41,61.21,61.27,40589
2015-02-20 12:15:00,61.28,61.61,61.27,61.59,22766
2015-02-20 12:30:00,61.6,61.67,61.53,61.53,14934
2015-02-20 12:45:00,61.54,61.5599,61.295,61.3399,43542
2015-02-20 13:00:00,61.34,61.47,61.32,61.42,20999
2015-02-20 13:15:00,61.43,61.49,61.27,61.35,34182
2015-02-20 13:30:00,61.3542,61.5,61.3,61.49,18457
2015-02-20 13:45:00,61.49,61.6525,61.485,61.61,25712
2015-02-20 14:00:00,61.61,61.66,61.605,61.62,40586
2015-02-20 14:15:00,61.61,61.77,61.6,61.75,30400
2015-02-20 14:30:00,61.76,61.95,61.75,61.9255,26656
2015-02-20 14:45:00,61.91,61.91,61.75,61.76,38122
2015-02-20 15:00:00,61.75,61.8,61.74,61.8,19399
2015-02-20 15:15:00,61.8,61.97,61.8,61.91,45844
2015-02-20 15:30:00,61.92,61.97,61.84,61.91,30973
2015-02-20 15:45:00,61.91,61.93,61.84,61.84,65626
2015-02-20 16:00:00,61.84,61.86,61.74,61.83,132396
2015-02-23 09:45:00,61.98,61.98,61.55,61.95,38516
2015-02-23 10:00:00,61.95,61.97,61.76,61.89,16771
2015-02-23 10:15:00,61.86,61.94,61.73,61.73,16503
2015-02-23 10:30:00,61.72,61.79,61.59,61.71,16362
2015-02-23 10:45:00,61.71,61.92,61.71,61.87,14627
2015-02-23 11:00:00,61.89,61.89,61.78,61.78,12915
2015-02-23 11:15:00,61.78,61.839,61.75,61.76,10941
2015-02-23 11:30:00,61.78,61.87,61.76,61.8025,46647
2015-02-23 11:45:00,61.78,61.855,61.75,61.793,11723
2015-02-23 12:00:00,61.77,61.8,61.74,61.79,8206
2015-02-23 12:15:00,61.79,61.79,61.71,61.75,16111
2015-02-23 12:30:00,61.76,61.76,61.71,61.71,9679
2015-02-23 12:45:00,61.72,61.72,61.6,61.6034,17597
2015-02-23 13:00:00,61.61,61.72,61.605,61.7,20000
2015-02-23 13:15:00,61.6968,61.7299,61.68,61.6901,7050
2015-02-23 13:30:00,61.725,61.75,61.69,61.6939,6847
2015-02-23 13:45:00,61.7,61.77,61.68,61.75,16614
2015-02-23 14:00:00,61.74,61.8,61.66,61.73,37176
2015-02-23 14:15:00,61.74,61.78,61.72,61.75,16591
2015-02-23 14:30:00,61.75,61.87,61.75,61.85,22312
2015-02-23 14:45:00,61.84,61.84,61.74,61.83,32003
2015-02-23 15:00:00,61.81,61.85,61.8,61.85,32003
2015-02-23 15:15:00,61.855,61.8899,61.82,61.865,25211
2015-02-23 15:30:00,61.86,61.94,61.85,61.85,34055
2015-02-23 15:45:00,61.85,61.9168,61.8,61.8,43230
2015-02-23 16:00:00,61.81,62.02,61.8,62.02,168696
2015-02-24 09:45:00,62.17,62.29,61.89,62.07,23966
2015-02-24 10:00:00,62.04,62.19,62.04,62.15,14089
2015-02-24 10:15:00,62.18,62.21,61.875,61.91,31801
2015-02-24 10:30:00,61.92,62.03,61.87,62.0,18982
2015-02-24 10:45:00,62.01,62.03,61.9,61.91,11400
2015-02-24 11:00:00,61.89,61.92,61.79,61.81,9700
2015-02-24 11:15:00,61.8,61.99,61.8,61.99,17288
2015-02-24 11:30:00,62.0,62.1,61.96,62.04,18495
2015-02-24 11:45:00,62.04,62.0499,61.96,62.0,21601
2015-02-24 12:00:00,62.0,62.01,61.91,61.98,19324
2015-02-24 12:15:00,61.98,62.01,61.9,61.91,15765
2015-02-24 12:30:00,61.91,61.93,61.83,61.83,12482
2015-02-24 12:45:00,61.83,61.9,61.8,61.87,13690
2015-02-24 13:00:00,61.85,61.85,61.79,61.828,7801
2015-02-24 13:15:00,61.83,61.96,61.82,61.96,13605
2015-02-24 13:30:00,61.95,61.96,61.92,61.94,7004
2015-02-24 13:45:00,61.93,62.0,61.93,61.98,16186
2015-02-24 14:00:00,61.98,62.05,61.98,62.03,8258
2015-02-24 14:15:00,62.03,62.03,61.88,61.89,17583
2015-02-24 14:30:00,61.9,61.91,61.84,61.9,17242
2015-02-24 14:45:00,61.9,61.943000000000005,61.845,61.88,15121
2015-02-24 15:00:00,61.88,61.88,61.85,61.88,17498
2015-02-24 15:15:00,61.8893,61.9955,61.87,61.949,26131
2015-02-24 15:30:00,61.965,62.01,61.96,61.995,17107
2015-02-24 15:45:00,61.99,62.13,61.95,62.05,23349
2015-02-24 16:00:00,62.05,62.11,62.03,62.05,52301
2015-02-25 09:45:00,62.19,62.69,62.19,62.565,47444
2015-02-25 10:00:00,62.59,62.73,62.5,62.72,18730
2015-02-25 10:15:00,62.7,62.76,62.58,62.62,31623
2015-02-25 10:30:00,62.6394,62.64,62.42,62.5,22008
2015-02-25 10:45:00,62.48,62.53,62.39,62.47,12236
2015-02-25 11:00:00,62.47,62.54,62.4,62.45,14899
2015-02-25 11:15:00,62.45,62.51,62.4375,62.48,16488
2015-02-25 11:30:00,62.4803,62.57,62.4701,62.55,11901
2015-02-25 11:45:00,62.55,62.57,62.39,62.4,35773
2015-02-25 12:00:00,62.42,62.6,62.42,62.59,16694
2015-02-25 12:15:00,62.58,62.7,62.58,62.65,23309
2015-02-25 12:30:00,62.64,62.6844,62.52,62.62,11903
2015-02-25 12:45:00,62.6101,62.69,62.55,62.59,13364
2015-02-25 13:00:00,62.595,62.69,62.58,62.64,16130
2015-02-25 13:15:00,62.6471,62.78,62.61,62.625,20764
2015-02-25 13:30:00,62.625,62.67,62.53,62.545,30224
2015-02-25 13:45:00,62.545,62.6,62.35,62.39,31889
2015-02-25 14:00:00,62.39,62.42,62.27,62.32,20200
2015-02-25 14:15:00,62.31,62.33,62.21,62.21,24808
2015-02-25 14:30:00,62.2,62.29,62.1,62.11,22040
2015-02-25 14:45:00,62.1,62.15,62.01,62.09,47796
2015-02-25 15:00:00,62.08,62.09,61.98,62.03,43578
2015-02-25 15:15:00,62.03,62.15,62.02,62.15,37587
2015-02-25 15:30:00,62.15,62.25,62.1,62.12,31976
2015-02-25 15:45:00,62.12,62.27,62.1,62.21,53441
2015-02-25 16:00:00,62.2,62.2,62.04,62.07,129896
2015-02-26 09:45:00,62.0,62.33,61.96,62.05,20379
2015-02-26 10:00:00,61.97,62.27,61.83,62.21,15738
2015-02-26 10:15:00,62.21,62.34,62.14,62.16,18697
2015-02-26 10:30:00,62.21,62.21,61.94,62.06,12100
2015-02-26 10:45:00,62.06,62.34,62.06,62.34,11609
2015-02-26 11:00:00,62.38,62.4,62.23,62.3,25490
2015-02-26 11:15:00,62.31,62.47,62.3,62.47,10394
2015-02-26 11:30:00,62.46,62.6,62.398999999999994,62.4,15627
2015-02-26 11:45:00,62.42,62.53,62.34,62.5,13380
2015-02-26 12:00:00,62.4904,62.55,62.39,62.42,8663
2015-02-26 12:15:00,62.44,62.5,62.4,62.41,11654
2015-02-26 12:30:00,62.41,62.41,62.33,62.39,9198
2015-02-26 12:45:00,62.37,62.48,62.37,62.41,14389
2015-02-26 13:00:00,62.41,62.507,62.4,62.4,12384
2015-02-26 13:15:00,62.41,62.41,62.28,62.28,9156
2015-02-26 13:30:00,62.28,62.3,62.21,62.26,40573
2015-02-26 13:45:00,62.2664,62.4,62.26,62.36,12922
2015-02-26 14:00:00,62.35,62.42,62.32,62.37,6962
2015-02-26 14:15:00,62.38,62.43,62.35,62.43,13907
2015-02-26 14:30:00,62.45,62.45,62.32,62.36,19473
2015-02-26 14:45:00,62.3595,62.42,62.3476,62.3999,10020
2015-02-26 15:00:00,62.39,62.44,62.35,62.35,20655
2015-02-26 15:15:00,62.37,62.46,62.33,62.46,18596
2015-02-26 15:30:00,62.4508,62.48,62.42,62.45,20914
2015-02-26 15:45:00,62.45,62.53,62.42,62.495,21674
2015-02-26 16:00:00,62.4999,62.57,62.44,62.5,64946
2015-02-27 09:45:00,62.6,62.77,62.46,62.62,27529
2015-02-27 10:00:00,62.68,62.68,62.43,62.43,10203
2015-02-27 10:15:00,62.3892,62.44,62.23,62.38,20290
2015-02-27 10:30:00,62.3499,62.3499,62.21,62.29,8332
2015-02-27 10:45:00,62.31,62.35,62.25,62.27,6347
2015-02-27 11:00:00,62.27,62.27,62.095,62.095,21275
2015-02-27 11:15:00,62.11,62.11,62.03,62.08,12320
2015-02-27 11:30:00,62.08,62.19,62.05,62.12,11343
2015-02-27 11:45:00,62.1,62.26,62.02,62.1,23929
2015-02-27 12:00:00,62.15,62.18,62.06,62.06,13607
2015-02-27 12:15:00,62.07,62.07,62.0,62.02,8461
2015-02-27 12:30:00,62.015,62.07,62.01,62.05,15159
2015-02-27 12:45:00,62.04,62.19,62.04,62.19,7703
2015-02-27 13:00:00,62.17,62.21,62.08,62.2095,15093
2015-02-27 13:15:00,62.2,62.24,62.15,62.24,6236
2015-02-27 13:30:00,62.24,62.31,62.21,62.3,35370
2015-02-27 13:45:00,62.3,62.42,62.28,62.42,14244
2015-02-27 14:00:00,62.41,62.45,62.4,62.43,13884
2015-02-27 14:15:00,62.43,62.45,62.395,62.44,10470
2015-02-27 14:30:00,62.42,62.45,62.4,62.44,19962
2015-02-27 14:45:00,62.43,62.53,62.42,62.5,23895
2015-02-27 15:00:00,62.5,62.56,62.47,62.52,13908
2015-02-27 15:15:00,62.525,62.56,62.46,62.47,15320
2015-02-27 15:30:00,62.48,62.48,62.41,62.42,15720
2015-02-27 15:45:00,62.42,62.42,62.3,62.34,21315
2015-02-27 16:00:00,62.33,62.4,62.305,62.31,63001
2015-03-02 09:45:00,62.45,62.93,62.39,62.89,36940
2015-03-02 10:00:00,62.88,62.95,62.73,62.84,12743
2015-03-02 10:15:00,62.84,62.85,62.62,62.76,17021
2015-03-02 10:30:00,62.75,63.05,62.75,63.05,17034
2015-03-02 10:45:00,63.02,63.05,62.96,63.01,15144
2015-03-02 11:00:00,63.005,63.02,62.91,63.02,16614
2015-03-02 11:15:00,63.0,63.01,62.86,62.97,12362
2015-03-02 11:30:00,62.97,62.98,62.865,62.896,17548
2015-03-02 11:45:00,62.86,62.92,62.85,62.85,9720
2015-03-02 12:00:00,62.9,62.93,62.84,62.93,10221
2015-03-02 12:15:00,62.937,63.02,62.92,62.92,10670
2015-03-02 12:30:00,62.92,62.99,62.9195,62.99,14648
2015-03-02 12:45:00,62.99,63.0,62.91,62.92,10880
2015-03-02 13:00:00,62.93,62.94,62.87,62.94,11305
2015-03-02 13:15:00,62.95,63.16,62.95,63.16,26547
2015-03-02 13:30:00,63.17,63.32,63.17,63.26,17360
2015-03-02 13:45:00,63.26,63.31,63.21,63.31,20676
2015-03-02 14:00:00,63.32,63.47,63.32,63.38,21504
2015-03-02 14:15:00,63.38,63.38,63.18,63.19,17135
2015-03-02 14:30:00,63.2,63.22,63.16,63.18,14017
2015-03-02 14:45:00,63.18,63.3,63.18,63.2901,14417
2015-03-02 15:00:00,63.29,63.31,63.22,63.24,17652
2015-03-02 15:15:00,63.25,63.35,63.22,63.25,26815
2015-03-02 15:30:00,63.26,63.31,63.08,63.1466,41113
2015-03-02 15:45:00,63.14,63.27,63.13,63.24,30978
2015-03-02 16:00:00,63.24,63.245,63.1,63.145,61904
2015-03-03 09:45:00,62.8,63.09,62.8,63.0501,24758
2015-03-03 10:00:00,63.13,63.18,63.03,63.04,9987
2015-03-03 10:15:00,63.03,63.08,62.74,62.74,28432
2015-03-03 10:30:00,62.72,62.84,62.62,62.67,32611
2015-03-03 10:45:00,62.71,62.815,62.68,62.78,20972
2015-03-03 11:00:00,62.77,62.77,62.66,62.67,15509
2015-03-03 11:15:00,62.69,62.7,62.52,62.6115,16857
2015-03-03 11:30:00,62.62,62.79,62.62,62.67,15085
2015-03-03 11:45:00,62.66,62.68,62.51,62.53,16682
2015-03-03 12:00:00,62.57,62.63,62.51,62.51,12740
2015-03-03 12:15:00,62.51,62.57,62.47,62.54,13943
2015-03-03 12:30:00,62.54,62.722,62.53,62.72,15801
2015-03-03 12:45:00,62.69,62.85,62.65,62.82,43839
2015-03-03 13:00:00,62.83,62.89,62.81,62.84,28026
2015-03-03 13:15:00,62.84,62.86,62.77,62.77,9158
2015-03-03 13:30:00,62.78,62.81,62.73,62.81,13383
2015-03-03 13:45:00,62.81,62.89,62.63,62.65,41525
2015-03-03 14:00:00,62.64,62.69,62.62,62.69,17075
2015-03-03 14:15:00,62.68,62.755,62.68,62.75,13931
2015-03-03 14:30:00,62.74,62.77,62.73,62.77,19848
2015-03-03 14:45:00,62.76,62.79,62.72,62.79,14865
2015-03-03 15:00:00,62.79,62.82,62.76,62.77,12988
2015-03-03 15:15:00,62.78,62.81,62.71,62.71,14701
2015-03-03 15:30:00,62.69,62.78,62.69,62.74,18105
2015-03-03 15:45:00,62.75,62.78,62.66,62.67,17752
2015-03-03 16:00:00,62.68,62.74,62.67,62.7,61938
2015-03-04 09:45:00,63.26,63.31,62.66,62.69,64624
2015-03-04 10:00:00,62.72,62.878,62.62,62.73,10042
2015-03-04 10:15:00,62.71,62.74,62.54,62.56,13207
2015-03-04 10:30:00,62.53,62.57,62.47,62.49,8007
2015-03-04 10:45:00,62.48,62.48,62.3,62.38,14334
2015-03-04 11:00:00,62.36,62.36,62.16,62.28,28322
2015-03-04 11:15:00,62.2401,62.26,62.11,62.26,19211
2015-03-04 11:30:00,62.2647,62.32,62.2,62.3,19412
2015-03-04 11:45:00,62.29,62.5,62.29,62.46,16580
2015-03-04 12:00:00,62.45,62.5,62.34,62.485,12296
2015-03-04 12:15:00,62.46,62.46,62.35,62.35,15549
2015-03-04 12:30:00,62.36,62.5,62.35,62.35,8326
2015-03-04 12:45:00,62.36,62.45,62.355,62.45,6724
2015-03-04 13:00:00,62.435,62.44,62.33,62.4,16110
2015-03-04 13:15:00,62.4,62.44,62.36,62.39,11403
2015-03-04 13:30:00,62.37,62.47,62.35,62.41,23091
2015-03-04 13:45:00,62.43,62.48,62.4,62.47,16515
2015-03-04 14:00:00,62.47,62.47,62.38,62.39,10816
2015-03-04 14:15:00,62.38,62.41,62.32,62.32,23809
2015-03-04 14:30:00,62.32,62.4,62.3,62.3825,14789
2015-03-04 14:45:00,62.39,62.49,62.39,62.47,14492
2015-03-04 15:00:00,62.45,62.48,62.4,62.43,11645
2015-03-04 15:15:00,62.44,62.455,62.38,62.39,24486
2015-03-04 15:30:00,62.39,62.43,62.36,62.4,19959
2015-03-04 15:45:00,62.4,62.44,62.37,62.44,33052
2015-03-04 16:00:00,62.43,62.49,62.38,62.46,38802
2015-03-05 09:45:00,62.62,62.7,62.22,62.53,73190
2015-03-05 10:00:00,62.52,62.58,62.222,62.41,27792
2015-03-05 10:15:00,62.34,62.45,62.24,62.3,44222
2015-03-05 10:30:00,62.2947,62.38,62.135,62.38,23462
2015-03-05 10:45:00,62.39,62.5,62.39,62.44,9096
2015-03-05 11:00:00,62.43,62.62,62.43,62.54,13890
2015-03-05 11:15:00,62.54,62.7,62.535,62.65,21180
2015-03-05 11:30:00,62.6251,62.69,62.575,62.63,6925
2015-03-05 11:45:00,62.69,62.79,62.6,62.76,17389
2015-03-05 12:00:00,62.79,62.85,62.72,62.74,13069
2015-03-05 12:15:00,62.74,62.75,62.6,62.6,7317
2015-03-05 12:30:00,62.63,62.66,62.51,62.54,13469
2015-03-05 12:45:00,62.55,62.62,62.5,62.5228,9101
2015-03-05 13:00:00,62.52,62.53,62.425,62.46,9959
2015-03-05 13:15:00,62.4445,62.62,62.4445,62.53,15650
2015-03-05 13:30:00,62.55,62.62,62.52,62.57,15270
2015-03-05 13:45:00,62.58,62.65,62.555,62.65,9316
2015-03-05 14:00:00,62.65,62.72,62.63,62.696999999999996,7798
2015-03-05 14:15:00,62.705,62.71,62.6,62.65,8845
2015-03-05 14:30:00,62.6522,62.6522,62.57,62.64,10519
2015-03-05 14:45:00,62.62,62.65,62.56,62.58,9651
2015-03-05 15:00:00,62.58,62.66,62.54,62.65,6453
2015-03-05 15:15:00,62.63,62.67,62.56,62.63,12595
2015-03-05 15:30:00,62.62,62.641000000000005,62.54,62.6,13075
2015-03-05 15:45:00,62.64,62.64,62.45,62.45,28175
2015-03-05 16:00:00,62.47,62.53,62.41,62.43,72612
2015-03-06 09:45:00,62.25,62.26,61.86,62.03,55787
2015-03-06 10:00:00,62.0,62.06,61.93,62.01,48060
2015-03-06 10:15:00,62.01,62.06,61.66,61.66,66825
2015-03-06 10:30:00,61.68,61.81,61.58,61.74,127917
2015-03-06 10:45:00,61.74,61.79,61.68,61.73,35116
2015-03-06 11:00:00,61.76,61.92,61.73,61.83,22672
2015-03-06 11:15:00,61.83,61.88,61.73,61.8,22829
2015-03-06 11:30:00,61.77,61.81,61.74,61.75,14565
2015-03-06 11:45:00,61.74,61.74,61.63,61.63,32410
2015-03-06 12:00:00,61.64,61.66,61.55,61.585,40590
2015-03-06 12:15:00,61.58,61.62,61.51,61.56,24017
2015-03-06 12:30:00,61.57,61.58,61.41,61.45,16380
2015-03-06 12:45:00,61.45,61.52,61.4086,61.48,27853
2015-03-06 13:00:00,61.48,61.58,61.465,61.54,17379
2015-03-06 13:15:00,61.57,61.5916,61.48,61.58,15668
2015-03-06 13:30:00,61.57,61.59,61.46,61.53,25657
2015-03-06 13:45:00,61.51,61.59,61.42,61.56,29413
2015-03-06 14:00:00,61.56,61.61,61.51,61.6,19249
2015-03-06 14:15:00,61.63,61.71,61.63,61.66,15910
2015-03-06 14:30:00,61.66,61.72,61.63,61.71,18569
2015-03-06 14:45:00,61.71,61.78,61.66,61.67,24579
2015-03-06 15:00:00,61.65,61.81,61.61,61.76,29488
2015-03-06 15:15:00,61.75,61.88,61.74,61.84,29803
2015-03-06 15:30:00,61.81,61.88,61.7564,61.78,27856
2015-03-06 15:45:00,61.76,61.85,61.61,61.6168,50834
2015-03-06 16:00:00,61.63,61.68,61.54,61.64,123657
2015-03-09 09:45:00,61.92,62.1844,61.67,62.13,25893
2015-03-09 10:00:00,62.14,62.14,61.85,61.91,17460
2015-03-09 10:15:00,61.94,62.02,61.88,61.88,11092
2015-03-09 10:30:00,61.88,61.88,61.66,61.76,24545
2015-03-09 10:45:00,61.781000000000006,61.781000000000006,61.53,61.725,28434
2015-03-09 11:00:00,61.74,61.85,61.74,61.83,13181
2015-03-09 11:15:00,61.81,61.85,61.74,61.81,16059
2015-03-09 11:30:00,61.7972,61.908,61.75,61.88,9966
2015-03-09 11:45:00,61.87,61.97,61.84,61.94,8019
2015-03-09 12:00:00,61.93,62.02,61.92,61.93,10261
2015-03-09 12:15:00,61.93,61.98,61.89,61.96,13053
2015-03-09 12:30:00,61.97,62.02,61.94,61.975,9265
2015-03-09 12:45:00,61.975,62.08,61.975,62.04,9648
2015-03-09 13:00:00,62.04,62.14,62.03,62.085,9882
2015-03-09 13:15:00,62.07,62.18,62.05,62.07,9084
2015-03-09 13:30:00,62.07,62.24,62.07,62.18,12401
2015-03-09 13:45:00,62.174,62.27,62.174,62.26,18318
2015-03-09 14:00:00,62.28,62.34,62.24,62.24,11080
2015-03-09 14:15:00,62.24,62.27,62.07,62.09,8968
2015-03-09 14:30:00,62.09,62.14,62.0633,62.12,11014
2015-03-09 14:45:00,62.14,62.15,61.97,61.97,22015
2015-03-09 15:00:00,61.96,62.03,61.95,61.975,11927
2015-03-09 15:15:00,61.98,62.05,61.925,61.93,29745
2015-03-09 15:30:00,61.94,61.95,61.89,61.93,21560
2015-03-09 15:45:00,61.92,61.98,61.88,61.9,34875
2015-03-09 16:00:00,61.91,62.04,61.9,61.96,48160
2015-03-10 09:45:00,61.51,61.64,61.05,61.64,64802
2015-03-10 10:00:00,61.615,61.63,61.26,61.26,9106
2015-03-10 10:15:00,61.25,61.29,61.04,61.05,16168
2015-03-10 10:30:00,61.0399,61.13,61.01,61.09,27713
2015-03-10 10:45:00,61.09,61.09,61.04,61.0697,30498
2015-03-10 11:00:00,61.0625,61.18,61.06,61.14,25735
2015-03-10 11:15:00,61.15,61.38,61.12,61.38,28132
2015-03-10 11:30:00,61.39,61.46,61.34,61.34,10236
2015-03-10 11:45:00,61.32,61.39,61.27,61.3,12250
2015-03-10 12:00:00,61.32,61.33,61.2,61.2,19120
2015-03-10 12:15:00,61.2,61.27,61.12,61.16,50179
2015-03-10 12:30:00,61.15,61.18,61.06,61.06,33003
2015-03-10 12:45:00,61.04,61.17,61.0,61.16,19739
2015-03-10 13:00:00,61.16,61.16,61.01,61.01,12946
2015-03-10 13:15:00,61.03,61.07,61.0,61.04,15906
2015-03-10 13:30:00,61.05,61.28,61.045,61.25,12600
2015-03-10 13:45:00,61.24,61.3561,61.24,61.34,20118
2015-03-10 14:00:00,61.35,61.45,61.34,61.37,13113
2015-03-10 14:15:00,61.39,61.46,61.3563,61.3704,22271
2015-03-10 14:30:00,61.35,61.4007,61.33,61.36,14739
2015-03-10 14:45:00,61.37,61.46,61.32,61.35,18768
2015-03-10 15:00:00,61.36,61.47,61.31,61.39,17618
2015-03-10 15:15:00,61.39,61.405,61.31,61.38,22137
2015-03-10 15:30:00,61.37,61.44,61.34,61.43,27628
2015-03-10 15:45:00,61.44,61.44,61.37,61.41,34672
2015-03-10 16:00:00,61.4,61.42,61.31,61.36,80935
2015-03-11 09:45:00,60.01,61.4335,60.01,61.31,35149
2015-03-11 10:00:00,61.35,61.57,61.29,61.47,5102
2015-03-11 10:15:00,61.52,61.52,61.09,61.11,18303
2015-03-11 10:30:00,61.12,61.15,61.0,61.14,8006
2015-03-11 10:45:00,61.13,61.16,60.91,60.92,14730
2015-03-11 11:00:00,60.91,60.91,60.81,60.83,8763
2015-03-11 11:15:00,60.83,60.86,60.69,60.86,37669
2015-03-11 11:30:00,60.845,61.05,60.8264,60.96,38298
2015-03-11 11:45:00,60.96,61.02,60.87,60.99,60632
2015-03-11 12:00:00,60.9575,61.0,60.9,61.0,18543
2015-03-11 12:15:00,61.03,61.03,60.88,60.96,21580
2015-03-11 12:30:00,60.96,61.01,60.94,60.98,12991
2015-03-11 12:45:00,60.99,61.02,60.95,61.0,12573
2015-03-11 13:00:00,61.0,61.08,60.99,61.0,20987
2015-03-11 13:15:00,60.99,61.05,60.96,61.045,17567
2015-03-11 13:30:00,61.045,61.1,60.9804,61.08,15350
2015-03-11 13:45:00,61.095,61.11,60.97,60.97,30977
2015-03-11 14:00:00,60.96,60.99,60.88,60.99,17636
2015-03-11 14:15:00,60.99,61.03,60.96,61.0,11500
2015-03-11 14:30:00,61.0,61.02,60.89,60.89,31110
2015-03-11 14:45:00,60.9,60.94,60.88,60.9025,20430
2015-03-11 15:00:00,60.92,61.0,60.9,60.99,18026
2015-03-11 15:15:00,60.99,61.0,60.95,61.0,28601
2015-03-11 15:30:00,60.99,61.01,60.88,60.91,17235
2015-03-11 15:45:00,60.91,60.91,60.795,60.85,19217
2015-03-11 16:00:00,60.83,60.97,60.82,60.9,54019
2015-03-12 09:45:00,61.18,61.41,61.05,61.33,24776
2015-03-12 10:00:00,61.34,61.5,61.29,61.47,8011
2015-03-12 10:15:00,61.5,61.52,61.2156,61.24,7196
2015-03-12 10:30:00,61.2,61.2,60.99,61.02,32727
2015-03-12 10:45:00,60.99,61.01,60.92,60.92,17731
2015-03-12 11:00:00,60.95,61.02,60.89,61.0,55358
2015-03-12 11:15:00,61.0,61.015,60.93,60.97,19784
2015-03-12 11:30:00,60.99,61.03,60.97,60.98,37816
2015-03-12 11:45:00,61.0,61.05,60.95,60.97,31481
2015-03-12 12:00:00,60.99,61.01,60.88,60.9413,19674
2015-03-12 12:15:00,60.95,61.01,60.885,60.98,36836
2015-03-12 12:30:00,60.98,61.201,60.98,61.18,42509
2015-03-12 12:45:00,61.18,61.24,61.13,61.17,31274
2015-03-12 13:00:00,61.13,61.23,61.12,61.16,24356
2015-03-12 13:15:00,61.16,61.26,61.11,61.23,44257
2015-03-12 13:30:00,61.21,61.37,61.195,61.33,93240
2015-03-12 13:45:00,61.34,61.55,61.3,61.54,39480
2015-03-12 14:00:00,61.55,61.72,61.51,61.72,34444
2015-03-12 14:15:00,61.72,61.76,61.59,61.63,31965
2015-03-12 14:30:00,61.63,61.76,61.6,61.68,39876
2015-03-12 14:45:00,61.67,61.7,61.57,61.65,36923
2015-03-12 15:00:00,61.65,61.748000000000005,61.59,61.68,33557
2015-03-12 15:15:00,61.68,61.8,61.66,61.71,34252
2015-03-12 15:30:00,61.71,61.89,61.69,61.81,52505
2015-03-12 15:45:00,61.81,61.83,61.69,61.8,60032
2015-03-12 16:00:00,61.79,61.8,61.63,61.66,104240
2015-03-13 09:45:00,61.82,62.5,61.17,61.55,63380
2015-03-13 10:00:00,61.61,61.65,61.06,61.06,26247
2015-03-13 10:15:00,61.06,61.15,60.76,60.79,28674
2015-03-13 10:30:00,60.76,61.03,60.67,60.72,106774
2015-03-13 10:45:00,60.725,60.95,60.715,60.83,95897
2015-03-13 11:00:00,60.86,60.93,60.72,60.73,27798
2015-03-13 11:15:00,60.69,60.9,60.69,60.85,31868
2015-03-13 11:30:00,60.83,60.84,60.53,60.5699,27660
2015-03-13 11:45:00,60.57,60.66,60.55,60.61,39545
2015-03-13 12:00:00,60.62,60.65,60.4871,60.55,42823
2015-03-13 12:15:00,60.52,60.65,60.4,60.615,31753
2015-03-13 12:30:00,60.61,60.61,60.46,60.48,22094
2015-03-13 12:45:00,60.49,60.78,60.48,60.78,30737
2015-03-13 13:00:00,60.74,60.75,60.54,60.61,19395
2015-03-13 13:15:00,60.6,60.61,60.5,60.55,24660
2015-03-13 13:30:00,60.54,60.54,60.431999999999995,60.44,26414
2015-03-13 13:45:00,60.43,60.4364,60.35,60.3785,24861
2015-03-13 14:00:00,60.375,60.49,60.24,60.42,28994
2015-03-13 14:15:00,60.44,60.53,60.4,60.47,33697
2015-03-13 14:30:00,60.49,60.49,60.32,60.44,43490
2015-03-13 14:45:00,60.44,60.44,60.22,60.25,35118
2015-03-13 15:00:00,60.25,60.4,60.245,60.34,37990
2015-03-13 15:15:00,60.34,60.45,60.34,60.37,33888
2015-03-13 15:30:00,60.38,60.5,60.37,60.49,44570
2015-03-13 15:45:00,60.49,60.64,60.39,60.5956,58682
2015-03-13 16:00:00,60.59,60.8,60.59,60.72,89740
2015-03-16 09:45:00,61.07,61.26,60.61,61.24,35482
2015-03-16 10:00:00,61.28,61.55,61.2,61.47,21315
2015-03-16 10:15:00,61.49,61.53,61.2,61.2775,25085
2015-03-16 10:30:00,61.285,61.305,61.1,61.1,22601
2015-03-16 10:45:00,61.09,61.315,61.09,61.275,23044
2015-03-16 11:00:00,61.25,61.48,61.24,61.43,20403
2015-03-16 11:15:00,61.43,61.71,61.42,61.52,35189
2015-03-16 11:30:00,61.535,61.535,61.36,61.36,21027
2015-03-16 11:45:00,61.35,61.36,61.25,61.355,18005
2015-03-16 12:00:00,61.37,61.55,61.37,61.51,17274
2015-03-16 12:15:00,61.5,61.55,61.46,61.46,11635
2015-03-16 12:30:00,61.44,61.45,61.31,61.3997,17412
2015-03-16 12:45:00,61.37,61.39,61.32,61.33,14513
2015-03-16 13:00:00,61.34,61.41,61.31,61.4,11240
2015-03-16 13:15:00,61.39,61.45,61.35,61.45,10351
2015-03-16 13:30:00,61.45,61.47,61.355,61.44,19369
2015-03-16 13:45:00,61.438,61.46,61.39,61.43,23594
2015-03-16 14:00:00,61.42,61.43,61.335,61.34,15102
2015-03-16 14:15:00,61.33,61.34,61.28,61.305,17117
2015-03-16 14:30:00,61.29,61.4,61.27,61.37,15800
2015-03-16 14:45:00,61.34,61.45,61.27,61.45,25357
2015-03-16 15:00:00,61.44,61.47,61.39,61.42,23086
2015-03-16 15:15:00,61.41,61.46,61.32,61.32,23593
2015-03-16 15:30:00,61.32,61.43,61.32,61.43,29120
2015-03-16 15:45:00,61.43,61.54,61.42,61.42,55592
2015-03-16 16:00:00,61.42,61.53,61.35,61.5,67300
2015-03-17 09:45:00,61.25,61.44,60.82,61.25,34937
2015-03-17 10:00:00,61.2,61.2099,60.97,61.05,8536
2015-03-17 10:15:00,61.0,61.1709,60.96,61.09,11742
2015-03-17 10:30:00,61.1,61.24,61.05,61.11,17462
2015-03-17 10:45:00,61.14,61.14,60.92,60.95,8096
2015-03-17 11:00:00,60.96,60.9715,60.89,60.9599,6997
2015-03-17 11:15:00,60.95,60.97,60.8301,60.95,16407
2015-03-17 11:30:00,60.94,61.07,60.82,61.07,14551
2015-03-17 11:45:00,61.07,61.16,61.0,61.12,16620
2015-03-17 12:00:00,61.11,61.24,61.11,61.24,19754
2015-03-17 12:15:00,61.24,61.36,61.22,61.35,16466
2015-03-17 12:30:00,61.34,61.35,61.29,61.35,18345
2015-03-17 12:45:00,61.34,61.43,61.33,61.42,12169
2015-03-17 13:00:00,61.42,61.425,61.31,61.31,6617
2015-03-17 13:15:00,61.3,61.35,61.24,61.35,10119
2015-03-17 13:30:00,61.35,61.49,61.35,61.49,12923
2015-03-17 13:45:00,61.48,61.49,61.32,61.33,15990
2015-03-17 14:00:00,61.29,61.33,61.25,61.32,12637
2015-03-17 14:15:00,61.32,61.515,61.3,61.515,20616
2015-03-17 14:30:00,61.52,61.57,61.46,61.55,20713
2015-03-17 14:45:00,61.55,61.58,61.45,61.49,30346
2015-03-17 15:00:00,61.5,61.69,61.5,61.656000000000006,18262
2015-03-17 15:15:00,61.65,61.68,61.53,61.59,26820
2015-03-17 15:30:00,61.61,61.64,61.535,61.6,27233
2015-03-17 15:45:00,61.57,61.6,61.45,61.47,22639
2015-03-17 16:00:00,61.47,61.69,61.47,61.6,71921
2015-03-18 09:45:00,61.59,61.59,60.84,60.95,30391
2015-03-18 10:00:00,60.8917,60.93,60.77,60.82,16582
2015-03-18 10:15:00,60.82,60.82,60.66,60.71,15800
2015-03-18 10:30:00,60.72,60.94,60.6803,60.82,14271
2015-03-18 10:45:00,60.82,60.82,60.68,60.7,16185
2015-03-18 11:00:00,60.7,60.746,60.6,60.66,15530
2015-03-18 11:15:00,60.66,60.825,60.51,60.54,23704
2015-03-18 11:30:00,60.52,60.66,60.52,60.61,15573
2015-03-18 11:45:00,60.6,60.71,60.52,60.705,11000
2015-03-18 12:00:00,60.73,60.73,60.605,60.66,12714
2015-03-18 12:15:00,60.64,60.7,60.51,60.62,20834
2015-03-18 12:30:00,60.61,60.61,60.51,60.57,9231
2015-03-18 12:45:00,60.53,60.58,60.47,60.4747,10087
2015-03-18 13:00:00,60.47,60.47,60.285,60.32,17400
2015-03-18 13:15:00,60.31,60.37,60.31,60.34,12680
2015-03-18 13:30:00,60.35,60.43,60.32,60.43,8800
2015-03-18 13:45:00,60.43,60.54,60.37,60.54,17131
2015-03-18 14:00:00,60.52,60.83,60.485,60.8,31399
2015-03-18 14:15:00,60.79,61.21,60.79,61.2,23699
2015-03-18 14:30:00,61.19,61.37,61.18,61.27,45248
2015-03-18 14:45:00,61.25,61.49,61.25,61.47,33969
2015-03-18 15:00:00,61.46,61.46,61.2,61.39,101701
2015-03-18 15:15:00,61.4,61.62,61.37,61.6,34687
2015-03-18 15:30:00,61.61,61.7,61.53,61.5425,35569
2015-03-18 15:45:00,61.53,61.54,61.44,61.52,51073
2015-03-18 16:00:00,61.52,61.55,61.4,61.43,111572
2015-03-19 09:45:00,61.3,61.5,61.01,61.32,39531
2015-03-19 10:00:00,61.32,61.33,61.07,61.1025,18517
2015-03-19 10:15:00,61.13,61.19,61.02,61.15,15983
2015-03-19 10:30:00,61.17,61.43,61.17,61.23,15470
2015-03-19 10:45:00,61.23,61.255,61.01,61.01,24622
2015-03-19 11:00:00,61.02,61.24,61.0,61.2,12519
2015-03-19 11:15:00,61.22,61.25,61.09,61.18,11550
2015-03-19 11:30:00,61.18,61.23,60.78,60.79,36728
2015-03-19 11:45:00,60.81,61.06,60.81,60.99,17097
2015-03-19 12:00:00,60.95,60.98,60.92,60.925,16012
2015-03-19 12:15:00,60.91,60.94,60.85,60.86,12064
2015-03-19 12:30:00,60.88,60.91,60.75,60.77,15036
2015-03-19 12:45:00,60.78,60.7825,60.68,60.7,19499
2015-03-19 13:00:00,60.71,60.72,60.66,60.7,13427
2015-03-19 13:15:00,60.7,60.72,60.65,60.66,15165
2015-03-19 13:30:00,60.66,60.865,60.66,60.84,21959
2015-03-19 13:45:00,60.83,60.96,60.82,60.85,20394
2015-03-19 14:00:00,60.85,60.85,60.66,60.7,19315
2015-03-19 14:15:00,60.7,60.93,60.68,60.9,19153
2015-03-19 14:30:00,60.9,60.93,60.8,60.92,56918
2015-03-19 14:45:00,60.92,61.1,60.9,61.08,42007
2015-03-19 15:00:00,61.09,61.14,60.9,60.93,50593
2015-03-19 15:15:00,60.92,60.9795,60.86,60.97,44322
2015-03-19 15:30:00,60.965,61.12,60.955,60.99,124085
2015-03-19 15:45:00,60.985,61.15,60.98,61.0,71680
2015-03-19 16:00:00,61.0,61.11,60.9,61.1,281959
2015-03-20 09:45:00,61.32,61.49,60.88,60.96,166655
2015-03-20 10:00:00,60.93,61.08,60.91,60.98,28687
2015-03-20 10:15:00,60.98,61.1,60.98,61.05,34053
2015-03-20 10:30:00,61.05,61.09,60.81,60.85,27920
2015-03-20 10:45:00,60.876000000000005,60.9,60.86,60.89,45770
2015-03-20 11:00:00,60.89,60.9,60.85,60.86,23275
2015-03-20 11:15:00,60.875,60.9,60.86,60.88,26813
2015-03-20 11:30:00,60.89,61.05,60.87,60.98,25443
2015-03-20 11:45:00,60.9847,61.03,60.98,61.01,24320
2015-03-20 12:00:00,61.03,61.03,60.94,60.98,12603
2015-03-20 12:15:00,60.97,61.01,60.97,61.0,7273
2015-03-20 12:30:00,61.0,61.0,60.96,60.98,9828
2015-03-20 12:45:00,60.9751,61.01,60.97,60.98,9855
2015-03-20 13:00:00,60.99,61.07,60.98,61.05,20986
2015-03-20 13:15:00,61.05,61.06,61.01,61.04,12600
2015-03-20 13:30:00,61.04,61.1,60.98,61.0,14038
2015-03-20 13:45:00,61.0,61.02,60.97,60.99,17027
2015-03-20 14:00:00,60.99,61.0176,60.98,61.01,30461
2015-03-20 14:15:00,61.012,61.02,60.97,60.97,18988
2015-03-20 14:30:00,60.9701,60.99,60.94,60.99,16461
2015-03-20 14:45:00,60.975,61.05,60.96,61.03,61097
2015-03-20 15:00:00,61.03,61.03,60.98,61.03,16782
2015-03-20 15:15:00,61.03,61.06,60.99,61.05,29876
2015-03-20 15:30:00,61.06,61.16,61.06,61.16,24491
2015-03-20 15:45:00,61.16,61.37,61.16,61.32,48338
2015-03-20 16:00:00,61.32,61.38,61.04,61.1,243396
2015-03-23 09:45:00,61.28,61.88,61.11,61.88,39007
2015-03-23 10:00:00,61.88,61.93899999999999,61.72,61.85,36472
2015-03-23 10:15:00,61.86,62.18,61.82,62.0894,50029
2015-03-23 10:30:00,62.09,62.17,61.935,62.14,22805
2015-03-23 10:45:00,62.14,62.167,62.0,62.0386,18752
2015-03-23 11:00:00,62.05,62.18,62.03,62.13,25902
2015-03-23 11:15:00,62.12,62.2,62.065,62.2,29326
2015-03-23 11:30:00,62.2,62.29,62.11,62.11,22960
2015-03-23 11:45:00,62.12,62.14,61.95,62.0,21827
2015-03-23 12:00:00,62.01,62.28,62.01,62.24,19996
2015-03-23 12:15:00,62.24,62.295,62.09,62.09,23921
2015-03-23 12:30:00,62.09,62.1299,61.95,61.96,25226
2015-03-23 12:45:00,61.96,62.02,61.95,62.01,20566
2015-03-23 13:00:00,62.0,62.02,61.92,61.95,35513
2015-03-23 13:15:00,61.95,62.015,61.89,62.01,30238
2015-03-23 13:30:00,61.998000000000005,62.02,61.78,61.8,28856
2015-03-23 13:45:00,61.79,61.79,61.675,61.76,31774
2015-03-23 14:00:00,61.76,61.91,61.68,61.91,39915
2015-03-23 14:15:00,61.91,61.94,61.8,61.81,26290
2015-03-23 14:30:00,61.81,61.84,61.72,61.8,23945
2015-03-23 14:45:00,61.79,61.82,61.78,61.8,20917
2015-03-23 15:00:00,61.79,61.81,61.71,61.75,29182
2015-03-23 15:15:00,61.74,61.805,61.67,61.71,20880
2015-03-23 15:30:00,61.7,61.71,61.555,61.5595,28462
2015-03-23 15:45:00,61.56,61.67,61.5,61.54,64595
2015-03-23 16:00:00,61.5375,61.57,61.38,61.38,138098
2015-03-24 09:45:00,61.57,61.77,61.42,61.47,45013
2015-03-24 10:00:00,61.52,61.54,61.32,61.5,45586
2015-03-24 10:15:00,61.5,61.83,61.5,61.82,21678
2015-03-24 10:30:00,61.86,61.9,61.77,61.81,18903
2015-03-24 10:45:00,61.82,61.9,61.75,61.75,17757
2015-03-24 11:00:00,61.73,61.745,61.61,61.745,18037
2015-03-24 11:15:00,61.74,61.81,61.6476,61.77,22895
2015-03-24 11:30:00,61.76,61.91,61.76,61.89,24880
2015-03-24 11:45:00,61.9,62.0,61.86,62.0,19984
2015-03-24 12:00:00,62.01,62.06,61.86,61.94,24927
2015-03-24 12:15:00,61.93,61.98,61.9,61.95,15700
2015-03-24 12:30:00,61.94,61.965,61.93,61.95,18273
2015-03-24 12:45:00,61.95,61.965,61.79,61.82,17997
2015-03-24 13:00:00,61.83,61.83,61.65,61.71,22628
2015-03-24 13:15:00,61.7,61.73,61.56,61.62,20547
2015-03-24 13:30:00,61.6,61.73,61.59,61.62,15809
2015-03-24 13:45:00,61.62,61.71,61.61,61.71,17167
2015-03-24 14:00:00,61.69,61.768,61.66,61.7625,15501
2015-03-24 14:15:00,61.75,61.78,61.71,61.74,25750
2015-03-24 14:30:00,61.7,61.74,61.66,61.67,30085
2015-03-24 14:45:00,61.67,61.69,61.56,61.6,20895
2015-03-24 15:00:00,61.61,61.69,61.61,61.69,16579
2015-03-24 15:15:00,61.7,61.845,61.7,61.82,31031
2015-03-24 15:30:00,61.82,61.82,61.71,61.75,28146
2015-03-24 15:45:00,61.75,61.79,61.61,61.65,47310
2015-03-24 16:00:00,61.65,61.72,61.465,61.49,116841
2015-03-25 09:45:00,61.6,61.65,61.27,61.47,48482
2015-03-25 10:00:00,61.5,61.54,61.34,61.37,19081
2015-03-25 10:15:00,61.33,61.37,61.2101,61.26,19737
2015-03-25 10:30:00,61.23,61.35,61.09,61.14,19394
2015-03-25 10:45:00,61.14,61.25,61.105,61.25,20966
2015-03-25 11:00:00,61.235,61.32,61.21,61.305,69788
2015-03-25 11:15:00,61.3,61.32,61.21,61.29,25675
2015-03-25 11:30:00,61.3,61.335,61.21,61.23,26447
2015-03-25 11:45:00,61.23,61.31,61.16,61.2,19062
2015-03-25 12:00:00,61.21,61.28,61.16,61.22,31098
2015-03-25 12:15:00,61.2,61.23,61.11,61.12,10434
2015-03-25 12:30:00,61.13,61.16,61.09,61.15,16447
2015-03-25 12:45:00,61.13,61.13,61.0148,61.0148,6925
2015-03-25 13:00:00,61.03,61.04,60.95,60.95,18633
2015-03-25 13:15:00,60.95,60.98,60.8995,60.8995,8868
2015-03-25 13:30:00,60.89,60.96,60.85,60.95,7859
2015-03-25 13:45:00,60.94,60.99,60.91,60.97,61008
2015-03-25 14:00:00,60.98,61.0668,60.961000000000006,61.03,22765
2015-03-25 14:15:00,61.01,61.14,61.01,61.11,28442
2015-03-25 14:30:00,61.11,61.36,61.11,61.35,52090
2015-03-25 14:45:00,61.34,61.38,61.29,61.32,23502
2015-03-25 15:00:00,61.32,61.33,61.14,61.14,59362
2015-03-25 15:15:00,61.13,61.16,61.06,61.12,28421
2015-03-25 15:30:00,61.11,61.11,60.89,60.91,38153
2015-03-25 15:45:00,60.91,60.92,60.85,60.85,38023
2015-03-25 16:00:00,60.87,60.87,60.68,60.68,107164
2015-03-26 09:45:00,60.25,60.43,59.74,60.07,65652
2015-03-26 10:00:00,60.1,60.24,60.055,60.08,22244
2015-03-26 10:15:00,60.09,60.15,59.98,60.14,12237
2015-03-26 10:30:00,60.13,60.13,59.98,60.02,30781
2015-03-26 10:45:00,60.0,60.12,59.95,60.0953,28950
2015-03-26 11:00:00,60.11,60.18,59.99,60.17,14385
2015-03-26 11:15:00,60.17,60.21,60.095,60.14,17919
2015-03-26 11:30:00,60.15,60.29,60.07,60.29,38475
2015-03-26 11:45:00,60.26,60.4,60.26,60.37,9147
2015-03-26 12:00:00,60.37,60.37,60.27,60.31,12506
2015-03-26 12:15:00,60.31,60.35,60.26,60.32,7514
2015-03-26 12:30:00,60.34,60.34,60.26,60.27,10038
2015-03-26 12:45:00,60.27,60.34,60.25,60.29,14453
2015-03-26 13:00:00,60.2853,60.36,60.25,60.25,20523
2015-03-26 13:15:00,60.26,60.3,60.22,60.22,23481
2015-03-26 13:30:00,60.22,60.31,60.19,60.29,14547
2015-03-26 13:45:00,60.28,60.35,60.22,60.3,26654
2015-03-26 14:00:00,60.31,60.55,60.31,60.53,33590
2015-03-26 14:15:00,60.5498,60.585,60.51,60.56,55468
2015-03-26 14:30:00,60.55,60.66,60.54,60.55,30563
2015-03-26 14:45:00,60.556000000000004,60.72,60.54,60.7102,31394
2015-03-26 15:00:00,60.7,60.83,60.53,60.53,52532
2015-03-26 15:15:00,60.55,60.69,60.55,60.59,56045
2015-03-26 15:30:00,60.59,60.63,60.55,60.58,20995
2015-03-26 15:45:00,60.58,60.68,60.54,60.55,24556
2015-03-26 16:00:00,60.57,60.69,60.54,60.56,81182
2015-03-27 09:45:00,60.43,60.96,60.06,60.75,31754
2015-03-27 10:00:00,60.75,60.95,60.64,60.95,12774
2015-03-27 10:15:00,60.85,60.98,60.58,60.65,17259
2015-03-27 10:30:00,60.6,60.74,60.54,60.72,9051
2015-03-27 10:45:00,60.76,60.84,60.7,60.83,16761
2015-03-27 11:00:00,60.84,60.8837,60.71,60.78,31314
2015-03-27 11:15:00,60.7796,60.86,60.74,60.77,32777
2015-03-27 11:30:00,60.78,60.78,60.66,60.66,8130
2015-03-27 11:45:00,60.61,60.89,60.61,60.86,25100
2015-03-27 12:00:00,60.86,61.06,60.81,61.04,44588
2015-03-27 12:15:00,61.05,61.16,61.02,61.1,24485
2015-03-27 12:30:00,61.11,61.2,61.02,61.16,24681
2015-03-27 12:45:00,61.15,61.35,61.15,61.3201,25721
2015-03-27 13:00:00,61.32,61.39,61.29,61.37,22195
2015-03-27 13:15:00,61.39,61.395,61.33,61.33,12200
2015-03-27 13:30:00,61.31,61.33,61.18,61.21,13730
2015-03-27 13:45:00,61.21,61.51,61.19,61.42,53796
2015-03-27 14:00:00,61.43,61.43,61.26,61.36,14278
2015-03-27 14:15:00,61.38,61.4,61.27,61.38,20280
2015-03-27 14:30:00,61.36,61.41,61.2501,61.29,15319
2015-03-27 14:45:00,61.28,61.36,61.28,61.33,11535
2015-03-27 15:00:00,61.34,61.41,61.27,61.29,28964
2015-03-27 15:15:00,61.3,61.3125,61.2,61.25,26261
2015-03-27 15:30:00,61.24,61.29,61.15,61.15,28185
2015-03-27 15:45:00,61.11,61.22,61.1,61.18,28971
2015-03-27 16:00:00,61.16,61.16,61.01,61.02,64179
2015-03-30 09:45:00,61.5,61.88,61.13,61.66,39700
2015-03-30 10:00:00,61.8,62.06,61.74,62.06,45643
2015-03-30 10:15:00,62.05,62.2099,61.97,62.14,21588
2015-03-30 10:30:00,62.17,62.25,61.95,61.95,42739
2015-03-30 10:45:00,61.91,61.95,61.74,61.75,16668
2015-03-30 11:00:00,61.8,61.85,61.74,61.79,21264
2015-03-30 11:15:00,61.79,61.86,61.77,61.85,23918
2015-03-30 11:30:00,61.83,61.88,61.8,61.86,25587
2015-03-30 11:45:00,61.875,61.975,61.86,61.94,23351
2015-03-30 12:00:00,61.95,62.02,61.94,62.0,19060
2015-03-30 12:15:00,62.0,62.02,61.96,61.98,20954
2015-03-30 12:30:00,62.0,62.02,61.97,61.99,16262
2015-03-30 12:45:00,62.0,62.0099,61.975,61.99,15347
2015-03-30 13:00:00,61.985,62.0199,61.96,61.97,16543
2015-03-30 13:15:00,61.97,61.99,61.94,61.96,30932
2015-03-30 13:30:00,61.95,61.98,61.93,61.96,20466
2015-03-30 13:45:00,61.98,62.08,61.96,62.08,40270
2015-03-30 14:00:00,62.09,62.26,62.08,62.25,30019
2015-03-30 14:15:00,62.28,62.3899,62.265,62.38,33163
2015-03-30 14:30:00,62.39,62.51,62.38,62.48,42935
2015-03-30 14:45:00,62.48,62.61,62.47,62.59,46198
2015-03-30 15:00:00,62.59,62.647,62.57,62.63,39527
2015-03-30 15:15:00,62.64,62.65,62.54,62.55,46455
2015-03-30 15:30:00,62.56,62.56,62.47,62.5,46744
2015-03-30 15:45:00,62.51,62.6,62.5,62.6,44665
2015-03-30 16:00:00,62.6,62.6,62.51,62.57,100083
2015-03-31 09:45:00,62.6,62.96,62.23,62.7997,74676
2015-03-31 10:00:00,62.69,62.84,62.57,62.795,66905
2015-03-31 10:15:00,62.8325,63.04,62.78,62.81,59625
2015-03-31 10:30:00,62.83,62.93,62.76,62.87,32544
2015-03-31 10:45:00,62.85,63.13,62.83,63.11,32030
2015-03-31 11:00:00,63.07,63.11,62.99,63.08,37806
2015-03-31 11:15:00,63.08,63.18,63.08,63.1186,20517
2015-03-31 11:30:00,63.11,63.24,63.1,63.23,30611
2015-03-31 11:45:00,63.23,63.26,63.04,63.04,28257
2015-03-31 12:00:00,63.07,63.07,62.85,62.8599,22590
2015-03-31 12:15:00,62.85,62.85,62.71,62.81,20627
2015-03-31 12:30:00,62.82,62.92,62.8,62.92,27298
2015-03-31 12:45:00,62.93,63.04,62.87,63.02,19023
2015-03-31 13:00:00,63.0,63.15,63.0,63.15,17310
2015-03-31 13:15:00,63.15,63.22,63.11,63.21,20930
2015-03-31 13:30:00,63.23,63.275,63.14,63.185,28282
2015-03-31 13:45:00,63.19,63.23,63.18,63.21,24619
2015-03-31 14:00:00,63.21,63.34,63.17,63.34,51666
2015-03-31 14:15:00,63.36,63.47,63.32,63.42,45191
2015-03-31 14:30:00,63.42,63.46,63.34,63.37,36981
2015-03-31 14:45:00,63.38,63.52,63.36,63.51,63038
2015-03-31 15:00:00,63.507,63.59,63.47,63.55,45901
2015-03-31 15:15:00,63.54,63.56,63.2,63.258,73892
2015-03-31 15:30:00,63.24,63.25,63.13,63.2,44561
2015-03-31 15:45:00,63.2,63.21,63.14,63.18,53575
2015-03-31 16:00:00,63.17,63.35,63.16,63.24,138297
2015-04-01 09:45:00,63.14,63.5,62.56,63.285,74147
2015-04-01 10:00:00,63.27,63.39,63.13,63.3,72728
2015-04-01 10:15:00,63.23,63.3713,63.16,63.34,38883
2015-04-01 10:30:00,63.335,63.6,63.31,63.58,39924
2015-04-01 10:45:00,63.59,63.6,63.365,63.4,50953
2015-04-01 11:00:00,63.39,63.41,63.3,63.32,20037
2015-04-01 11:15:00,63.33,63.46,63.3,63.44,36117
2015-04-01 11:30:00,63.44,63.44,63.21,63.25,31944
2015-04-01 11:45:00,63.24,63.28,63.2,63.26,32501
2015-04-01 12:00:00,63.27,63.3915,63.2,63.23,43119
2015-04-01 12:15:00,63.23,63.395,63.12,63.12,62464
2015-04-01 12:30:00,63.17,63.34,63.14,63.34,29813
2015-04-01 12:45:00,63.3,63.44,63.26,63.41,15922
2015-04-01 13:00:00,63.395,63.57,63.39,63.56,28371
2015-04-01 13:15:00,63.54,63.6,63.53,63.59,25532
2015-04-01 13:30:00,63.6,63.64,63.595,63.64,26228
2015-04-01 13:45:00,63.64,63.68,63.62,63.65,30714
2015-04-01 14:00:00,63.65,63.91,63.65,63.89,36622
2015-04-01 14:15:00,63.89,63.91,63.835,63.88,42520
2015-04-01 14:30:00,63.88,63.88,63.8,63.83,28697
2015-04-01 14:45:00,63.8248,63.83,63.69,63.77,39746
2015-04-01 15:00:00,63.775,63.87,63.775,63.8187,37648
2015-04-01 15:15:00,63.82,63.84,63.74,63.82,52628
2015-04-01 15:30:00,63.82,63.85,63.79,63.83,46366
2015-04-01 15:45:00,63.83,63.95,63.82,63.84,74400
2015-04-01 16:00:00,63.84,63.87,63.55,63.8,258540
2015-04-02 09:45:00,63.68,63.84,63.2801,63.53,37689
2015-04-02 10:00:00,63.54,63.86,63.51,63.81,17175
2015-04-02 10:15:00,63.83,63.88,63.73,63.75,12825
2015-04-02 10:30:00,63.72,63.72,63.503,63.52,26133
2015-04-02 10:45:00,63.495,63.605,63.4,63.53,35541
2015-04-02 11:00:00,63.54,63.63,63.4,63.4,17082
2015-04-02 11:15:00,63.38,63.55,63.38,63.48,20527
2015-04-02 11:30:00,63.48,63.52,63.39,63.39,28864
2015-04-02 11:45:00,63.38,63.38,63.15,63.15,19809
2015-04-02 12:00:00,63.14,63.2,63.08,63.08,19142
2015-04-02 12:15:00,63.08,63.08,62.93,62.93,18314
2015-04-02 12:30:00,62.93,63.15,62.92,63.15,17696
2015-04-02 12:45:00,63.15,63.27,63.1462,63.18,20017
2015-04-02 13:00:00,63.18,63.19,63.085,63.17,18385
2015-04-02 13:15:00,63.17,63.17,63.02,63.08,12533
2015-04-02 13:30:00,63.06,63.21,63.06,63.08,17356
2015-04-02 13:45:00,63.08,63.1,63.01,63.08,26248
2015-04-02 14:00:00,63.09,63.11,63.01,63.1,39258
2015-04-02 14:15:00,63.09,63.21,63.06,63.185,100203
2015-04-02 14:30:00,63.19,63.34,63.16,63.33,43404
2015-04-02 14:45:00,63.32,63.41,63.26,63.26,26204
2015-04-02 15:00:00,63.2401,63.3,63.19,63.2036,34996
2015-04-02 15:15:00,63.1964,63.32,63.19,63.24,49927
2015-04-02 15:30:00,63.24,63.4,63.2,63.39,35728
2015-04-02 15:45:00,63.41,63.5,63.36,63.48,53647
2015-04-02 16:00:00,63.5,63.54,63.39,63.44,69681
2015-04-06 09:45:00,63.26,63.91,63.0,63.9,32126
2015-04-06 10:00:00,63.88,64.09,63.88,64.06,35855
2015-04-06 10:15:00,64.09,64.295,64.09,64.27,32158
2015-04-06 10:30:00,64.25,64.48,64.2,64.44,24076
2015-04-06 10:45:00,64.46,64.46,64.07,64.1,20053
2015-04-06 11:00:00,64.08,64.12,63.98,64.11,20290
2015-04-06 11:15:00,64.112,64.14,63.9801,64.04,14478
2015-04-06 11:30:00,64.04,64.08,64.0,64.06,15130
2015-04-06 11:45:00,64.06,64.17,64.05,64.17,14645
2015-04-06 12:00:00,64.17,64.33,64.11,64.33,51320
2015-04-06 12:15:00,64.33,64.34,64.15,64.15,23821
2015-04-06 12:30:00,64.15,64.33,64.15,64.28,21257
2015-04-06 12:45:00,64.265,64.29,64.2417,64.26,15850
2015-04-06 13:00:00,64.27,64.3,64.2201,64.29,18060
2015-04-06 13:15:00,64.27,64.315,64.255,64.27,13831
2015-04-06 13:30:00,64.27,64.28,64.16,64.18,15038
2015-04-06 13:45:00,64.2,64.21,64.08,64.12,14173
2015-04-06 14:00:00,64.11,64.3,64.09,64.26,25119
2015-04-06 14:15:00,64.27,64.3,64.19,64.29,14868
2015-04-06 14:30:00,64.28,64.36,64.28,64.32,21153
2015-04-06 14:45:00,64.34,64.36,64.25,64.31,27821
2015-04-06 15:00:00,64.32,64.32,64.1508,64.225,23800
2015-04-06 15:15:00,64.23,64.2501,64.13,64.13,36310
2015-04-06 15:30:00,64.133,64.133,63.98,63.98,35340
2015-04-06 15:45:00,63.975,64.02,63.95,63.96,50213
2015-04-06 16:00:00,63.96,64.17,63.9,64.16,140697
2015-04-07 09:45:00,64.15,64.43,63.71,63.73,78574
2015-04-07 10:00:00,63.73,63.76,63.4,63.4,28154
2015-04-07 10:15:00,63.4265,63.59,63.26,63.53,29758
2015-04-07 10:30:00,63.53,63.72,63.53,63.64,27384
2015-04-07 10:45:00,63.67,63.82,63.66,63.8,24363
2015-04-07 11:00:00,63.81,64.09,63.81,64.06,25719
2015-04-07 11:15:00,64.065,64.12,63.94,64.04,24115
2015-04-07 11:30:00,64.05,64.11,63.94,63.9805,34140
2015-04-07 11:45:00,63.97,64.05,63.88,63.93,16153
2015-04-07 12:00:00,63.91,63.985,63.87,63.93,16718
2015-04-07 12:15:00,63.93,63.97,63.82,63.94,59056
2015-04-07 12:30:00,63.95,63.975,63.89,63.96,21538
2015-04-07 12:45:00,63.9479,63.9775,63.87,63.92,17368
2015-04-07 13:00:00,63.92,63.97,63.87,63.9,21476
2015-04-07 13:15:00,63.9,63.97,63.89,63.94,24682
2015-04-07 13:30:00,63.94,63.96,63.885,63.93,25354
2015-04-07 13:45:00,63.91,63.92,63.86,63.88,22397
2015-04-07 14:00:00,63.885,63.92,63.86,63.9,44892
2015-04-07 14:15:00,63.9061,63.92,63.86,63.87,25215
2015-04-07 14:30:00,63.87,63.9,63.82,63.867,31933
2015-04-07 14:45:00,63.87,63.87,63.79,63.8528,43693
2015-04-07 15:00:00,63.8326,63.91,63.8326,63.9,14885
2015-04-07 15:15:00,63.89,63.91,63.81,63.83,18084
2015-04-07 15:30:00,63.83,63.855,63.79,63.83,16395
2015-04-07 15:45:00,63.82,63.86,63.72,63.83,30838
2015-04-07 16:00:00,63.85,63.85,63.61,63.61,122154
2015-04-08 09:45:00,63.94,64.1199,63.69,64.1,40605
2015-04-08 10:00:00,64.1,64.19,63.84,64.005,32432
2015-04-08 10:15:00,64.05,64.08,63.77,63.77,16374
2015-04-08 10:30:00,63.785,64.02,63.66,64.01,21600
2015-04-08 10:45:00,63.99,64.01,63.71,63.778,30790
2015-04-08 11:00:00,63.78,63.8976,63.74,63.79,11621
2015-04-08 11:15:00,63.81,63.81,63.69,63.69,8196
2015-04-08 11:30:00,63.685,63.74,63.62,63.72,14071
2015-04-08 11:45:00,63.71,63.76,63.6,63.755,10467
2015-04-08 12:00:00,63.7696,63.79,63.58,63.61,21698
2015-04-08 12:15:00,63.61,63.72,63.6,63.72,9460
2015-04-08 12:30:00,63.73,63.81,63.68,63.77,14567
2015-04-08 12:45:00,63.77,63.7999,63.7,63.7494,7230
2015-04-08 13:00:00,63.74,63.82,63.72,63.76,16958
2015-04-08 13:15:00,63.79,63.85,63.73,63.79,16197
2015-04-08 13:30:00,63.81,63.85,63.75,63.81,15779
2015-04-08 13:45:00,63.8,63.83,63.75,63.83,8657
2015-04-08 14:00:00,63.82,63.85,63.77,63.77,9662
2015-04-08 14:15:00,63.78,63.84,63.63,63.82,13263
2015-04-08 14:30:00,63.81,63.94,63.79,63.88,17295
2015-04-08 14:45:00,63.9,63.93,63.83,63.87,16670
2015-04-08 15:00:00,63.89,63.92,63.82,63.845,14321
2015-04-08 15:15:00,63.86,63.96,63.84,63.9199,32291
2015-04-08 15:30:00,63.912,63.98,63.87,63.91,20299
2015-04-08 15:45:00,63.92,64.0,63.87,63.93,21989
2015-04-08 16:00:00,63.94,64.05,63.92,64.05,101902
2015-04-09 09:45:00,64.14,64.28,63.94,63.995,19024
2015-04-09 10:00:00,63.995,64.12,63.9,63.99,12547
2015-04-09 10:15:00,63.995,64.11,63.84,64.11,10758
2015-04-09 10:30:00,64.08,64.19,63.975,64.1892,16252
2015-04-09 10:45:00,64.2,64.22,64.08,64.13,23359
2015-04-09 11:00:00,64.13,64.2,64.0,64.07,16800
2015-04-09 11:15:00,64.04,64.06,63.99,64.03,6902
2015-04-09 11:30:00,64.05,64.05,63.83,63.84,24357
2015-04-09 11:45:00,63.84,63.91,63.7457,63.895,20875
2015-04-09 12:00:00,63.93,63.93,63.84,63.88,7216
2015-04-09 12:15:00,63.85,63.9,63.82,63.82,8329
2015-04-09 12:30:00,63.81,63.91,63.81,63.91,4605
2015-04-09 12:45:00,63.93,63.95,63.85,63.9,5657
2015-04-09 13:00:00,63.89,63.99,63.85,63.97,9773
2015-04-09 13:15:00,63.97,64.09,63.96,64.08,6674
2015-04-09 13:30:00,64.1,64.16,64.09,64.12,8870
2015-04-09 13:45:00,64.11,64.13,64.03,64.06,10295
2015-04-09 14:00:00,64.07,64.1,64.0318,64.035,6711
2015-04-09 14:15:00,64.035,64.08,64.02,64.08,8639
2015-04-09 14:30:00,64.08,64.1,64.03,64.09,9370
2015-04-09 14:45:00,64.0901,64.18,64.06,64.1,11356
2015-04-09 15:00:00,64.1001,64.19,64.1001,64.19,7963
2015-04-09 15:15:00,64.19,64.28,64.16,64.27,13819
2015-04-09 15:30:00,64.2799,64.28,64.2,64.25,9579
2015-04-09 15:45:00,64.26,64.26,64.17,64.2,22063
2015-04-09 16:00:00,64.2,64.245,64.16,64.21,43977
2015-04-10 09:45:00,64.27,64.59,64.12,64.33,57836
2015-04-10 10:00:00,64.33,64.34,64.0105,64.0105,15625
2015-04-10 10:15:00,64.0101,64.11,63.99,64.11,6358
2015-04-10 10:30:00,64.07,64.09,63.95,64.03,9649
2015-04-10 10:45:00,64.04,64.29,64.04,64.29,13163
2015-04-10 11:00:00,64.26,64.36,64.21,64.29,24399
2015-04-10 11:15:00,64.29,64.36,64.286,64.2899,144466
2015-04-10 11:30:00,64.2701,64.39,64.27,64.33,13966
2015-04-10 11:45:00,64.32,64.32,64.23,64.23,5187
2015-04-10 12:00:00,64.24,64.26,64.16,64.2096,6826
2015-04-10 12:15:00,64.2,64.25,64.18,64.23,6925
2015-04-10 12:30:00,64.22,64.34,64.17,64.34,20235
2015-04-10 12:45:00,64.36,64.4,64.31,64.31,9968
2015-04-10 13:00:00,64.3,64.3204,64.24,64.28,3500
2015-04-10 13:15:00,64.2697,64.3,64.2,64.2,4102
2015-04-10 13:30:00,64.18,64.18,64.11,64.11,5222
2015-04-10 13:45:00,64.0942,64.15,64.09,64.09,6160
2015-04-10 14:00:00,64.12,64.18,64.12,64.15,4992
2015-04-10 14:15:00,64.15,64.22,64.13,64.16,5337
2015-04-10 14:30:00,64.143,64.18,64.14,64.15,4608
2015-04-10 14:45:00,64.15,64.189,64.04,64.07,17825
2015-04-10 15:00:00,64.06,64.1,63.96,63.96,23764
2015-04-10 15:15:00,63.97,64.03,63.96,64.01,19450
2015-04-10 15:30:00,63.99,64.04,63.95,64.04,24670
2015-04-10 15:45:00,64.04,64.14,64.02,64.13,51514
2015-04-10 16:00:00,64.12,64.24,64.09,64.21,140779
2015-04-13 09:45:00,64.12,64.54,64.12,64.49,84182
2015-04-13 10:00:00,64.52,64.57,64.44,64.5,26830
2015-04-13 10:15:00,64.49,64.5,64.09,64.206,14768
2015-04-13 10:30:00,64.2,64.33,64.18,64.27,17128
2015-04-13 10:45:00,64.27,64.2907,64.19,64.25,13776
2015-04-13 11:00:00,64.25,64.309,64.24,64.25,8590
2015-04-13 11:15:00,64.28,64.3814,64.26,64.322,10746
2015-04-13 11:30:00,64.33,64.62,64.32,64.62,41066
2015-04-13 11:45:00,64.64,64.78,64.5498,64.57,23629
2015-04-13 12:00:00,64.56,64.575,64.395,64.395,23300
2015-04-13 12:15:00,64.39,64.46,64.32,64.44,13811
2015-04-13 12:30:00,64.44,64.45,64.4,64.435,10688
2015-04-13 12:45:00,64.435,64.53,64.43,64.53,10147
2015-04-13 13:00:00,64.525,64.525,64.4,64.415,64114
2015-04-13 13:15:00,64.415,64.43,64.28,64.3,9229
2015-04-13 13:30:00,64.3,64.35,64.211,64.211,8766
2015-04-13 13:45:00,64.22,64.25,64.13,64.16,10408
2015-04-13 14:00:00,64.18,64.19,64.115,64.17,12925
2015-04-13 14:15:00,64.16,64.16,64.09,64.09,13976
2015-04-13 14:30:00,64.08,64.158,64.06,64.1048,15324
2015-04-13 14:45:00,64.11,64.12,64.05,64.05,19252
2015-04-13 15:00:00,64.05,64.07,63.94,63.995,24024
2015-04-13 15:15:00,64.0,64.015,63.92,63.92,23543
2015-04-13 15:30:00,63.92,63.95,63.84,63.8974,28077
2015-04-13 15:45:00,63.9,63.98,63.86,63.95,40973
2015-04-13 16:00:00,63.955,63.955,63.78,63.87,134479
2015-04-14 09:45:00,63.77,64.25,63.7,64.0699,62980
2015-04-14 10:00:00,64.02,64.04,63.69,63.7,17253
2015-04-14 10:15:00,63.72,63.84,63.65,63.74,13921
2015-04-14 10:30:00,63.78,63.87,63.7,63.87,11973
2015-04-14 10:45:00,63.88,63.98,63.83,63.93,16446
2015-04-14 11:00:00,63.96,64.09,63.96,64.03,21815
2015-04-14 11:15:00,64.03,64.206,64.02,64.14,8592
2015-04-14 11:30:00,64.16,64.35,64.14,64.34,19203
2015-04-14 11:45:00,64.3299,64.44,64.25,64.27,33235
2015-04-14 12:00:00,64.28,64.58,64.27,64.525,22505
2015-04-14 12:15:00,64.51,64.59,64.39,64.51,35861
2015-04-14 12:30:00,64.48,64.56,64.47,64.53,15596
2015-04-14 12:45:00,64.54,64.61,64.49,64.5925,15453
2015-04-14 13:00:00,64.6,64.64,64.55,64.59,11448
2015-04-14 13:15:00,64.6,64.64,64.49,64.6,12178
2015-04-14 13:30:00,64.6,64.68,64.54,64.66,15361
2015-04-14 13:45:00,64.66,64.75,64.52,64.63,24658
2015-04-14 14:00:00,64.63,64.73,64.61,64.61,17114
2015-04-14 14:15:00,64.6,64.9,64.6,64.77,41749
2015-04-14 14:30:00,64.77,64.81,64.622,64.71,19402
2015-04-14 14:45:00,64.7,64.73,64.59,64.65,32562
2015-04-14 15:00:00,64.64,64.69,64.56,64.62,26979
2015-04-14 15:15:00,64.62,64.72,64.62,64.69,18298
2015-04-14 15:30:00,64.67,64.68,64.46,64.47,42750
2015-04-14 15:45:00,64.5,64.6,64.47,64.5,44338
2015-04-14 16:00:00,64.5,64.53,64.45,64.48,71310
2015-04-15 09:45:00,64.74,64.96,64.49,64.63,151414
2015-04-15 10:00:00,64.64,64.68,64.55,64.59,24982
2015-04-15 10:15:00,64.58,64.58,64.47,64.51,55449
2015-04-15 10:30:00,64.51,64.56,64.34,64.35,37598
2015-04-15 10:45:00,64.3441,64.68,64.3441,64.68,37061
2015-04-15 11:00:00,64.7,64.74,64.66,64.66,29869
2015-04-15 11:15:00,64.66,64.71,64.6,64.65,32541
2015-04-15 11:30:00,64.66,64.705,64.59,64.62,53386
2015-04-15 11:45:00,64.635,64.8343,64.62,64.8047,65908
2015-04-15 12:00:00,64.805,64.805,64.74,64.77,7740
2015-04-15 12:15:00,64.76,64.76,64.617,64.63,21596
2015-04-15 12:30:00,64.625,64.7965,64.62,64.726,19326
2015-04-15 12:45:00,64.72,64.72,64.62,64.69,7996
2015-04-15 13:00:00,64.7,64.73,64.62,64.73,15720
2015-04-15 13:15:00,64.73,64.74,64.64,64.7,9235
2015-04-15 13:30:00,64.7,64.88,64.7,64.77,33699
2015-04-15 13:45:00,64.8,64.8,64.595,64.67,12589
2015-04-15 14:00:00,64.65,64.72,64.61,64.65,11074
2015-04-15 14:15:00,64.64,64.685,64.61,64.64,11170
2015-04-15 14:30:00,64.65,64.81,64.6375,64.81,23273
2015-04-15 14:45:00,64.84,64.84,64.73,64.81,12801
2015-04-15 15:00:00,64.82,64.86,64.75,64.85,14636
2015-04-15 15:15:00,64.84,64.95,64.82,64.87,39250
2015-04-15 15:30:00,64.8625,64.98,64.86,64.97,47881
2015-04-15 15:45:00,64.97,64.99,64.78,64.8,62601
2015-04-15 16:00:00,64.8,64.88,64.73,64.82,120620
2015-04-16 09:45:00,64.81,64.86,64.28,64.31,49124
2015-04-16 10:00:00,64.34,64.45,64.17,64.45,29567
2015-04-16 10:15:00,64.45,64.7,64.42,64.57,29465
2015-04-16 10:30:00,64.59,64.75,64.46,64.64,16271
2015-04-16 10:45:00,64.61,64.81,64.53,64.785,19881
2015-04-16 11:00:00,64.7773,64.86,64.7,64.77,11544
2015-04-16 11:15:00,64.78,64.88,64.76,64.81,13311
2015-04-16 11:30:00,64.8227,64.94,64.8227,64.91,12756
2015-04-16 11:45:00,64.9299,64.99,64.9,64.92699999999999,15441
2015-04-16 12:00:00,64.92,65.08,64.91,65.08,29977
2015-04-16 12:15:00,65.09,65.23,65.0501,65.19,41914
2015-04-16 12:30:00,65.1872,65.265,65.17,65.24,15420
2015-04-16 12:45:00,65.24,65.61,65.21,65.55,121367
2015-04-16 13:00:00,65.55,65.66,65.52,65.6,84773
2015-04-16 13:15:00,65.6,65.66,65.55,65.63,52042
2015-04-16 13:30:00,65.61,65.68,65.6,65.64,36869
2015-04-16 13:45:00,65.62,65.806,65.57,65.75,41021
2015-04-16 14:00:00,65.76,65.82,65.66,65.7,55280
2015-04-16 14:15:00,65.71,65.71,65.57,65.58,36572
2015-04-16 14:30:00,65.56,65.63,65.51,65.5825,28217
2015-04-16 14:45:00,65.59,65.835,65.5675,65.83,50640
2015-04-16 15:00:00,65.84,66.19,65.79,66.16,88193
2015-04-16 15:15:00,66.16,66.285,66.09,66.27,86790
2015-04-16 15:30:00,66.27,66.321,65.98,66.02,92779
2015-04-16 15:45:00,66.02,66.16,66.01,66.04,102242
2015-04-16 16:00:00,66.05,66.11,65.94,66.05,170545
2015-04-17 09:45:00,65.83,66.29,65.55,65.58,100106
2015-04-17 10:00:00,65.59,65.59,65.09,65.27,64935
2015-04-17 10:15:00,65.28,65.385,64.955,65.38,75526
2015-04-17 10:30:00,65.37,65.51,65.26,65.46,75215
2015-04-17 10:45:00,65.48,65.78,65.45,65.71,64658
2015-04-17 11:00:00,65.71,65.858,65.65,65.78,48695
2015-04-17 11:15:00,65.75,65.75,65.55,65.75,46071
2015-04-17 11:30:00,65.73,66.11,65.71,66.03,58084
2015-04-17 11:45:00,66.03,66.095,65.97,66.03,51355
2015-04-17 12:00:00,66.04,66.22,65.99,66.14,60447
2015-04-17 12:15:00,66.128,66.17,65.99,66.145,50910
2015-04-17 12:30:00,66.1499,66.28,66.11,66.13,52455
2015-04-17 12:45:00,66.14,66.15,66.02,66.13,59361
2015-04-17 13:00:00,66.13,66.2,66.04,66.13,41721
2015-04-17 13:15:00,66.1,66.2,66.06,66.18,30647
2015-04-17 13:30:00,66.17,66.215,66.08,66.2,42354
2015-04-17 13:45:00,66.19,66.19,65.91,65.99,44304
2015-04-17 14:00:00,65.98,66.02,65.855,65.94,44568
2015-04-17 14:15:00,65.92,66.05,65.74,65.74,49443
2015-04-17 14:30:00,65.71,65.96,65.69,65.9,50936
2015-04-17 14:45:00,65.9,65.91,65.58,65.86,46625
2015-04-17 15:00:00,65.87,65.94,65.83,65.89,55326
2015-04-17 15:15:00,65.8949,65.895,65.6,65.6771,78604
2015-04-17 15:30:00,65.69,65.85,65.645,65.795,112710
2015-04-17 15:45:00,65.8,65.93,65.78,65.82,124671
2015-04-17 16:00:00,65.81,65.95,65.72,65.88,249885
2015-04-20 09:45:00,70.0,71.62,69.66,70.51,1030901
2015-04-20 10:00:00,70.55,71.1799,70.5,70.99,490399
2015-04-20 10:15:00,70.96,71.44,70.87,71.1,262013
2015-04-20 10:30:00,71.1,71.78,71.1,71.64,297317
2015-04-20 10:45:00,71.64,71.9,71.38,71.8973,218134
2015-04-20 11:00:00,71.9,72.17,71.6555,71.91,333551
2015-04-20 11:15:00,71.94,72.0,71.861,71.99,112647
2015-04-20 11:30:00,71.98,72.4887,71.96,72.41,194087
2015-04-20 11:45:00,72.39,72.57,72.14,72.1799,200418
2015-04-20 12:00:00,72.18,72.5,71.87,72.37,228868
2015-04-20 12:15:00,72.37,72.63,72.3301,72.54,141486
2015-04-20 12:30:00,72.509,72.62,72.44,72.48,74455
2015-04-20 12:45:00,72.48,72.79,72.46,72.75,138099
2015-04-20 13:00:00,72.76,72.93,72.7,72.9161,147880
2015-04-20 13:15:00,72.92,73.33,72.8802,73.32,208648
2015-04-20 13:30:00,73.2902,73.64,73.03,73.52,311224
2015-04-20 13:45:00,73.5201,73.61,73.31,73.485,176910
2015-04-20 14:00:00,73.5199,73.9,73.445,73.743,168700
2015-04-20 14:15:00,73.77,73.88,73.51,73.68,205709
2015-04-20 14:30:00,73.6899,73.96,73.6701,73.72,219208
2015-04-20 14:45:00,73.7369,73.81,73.4,73.681,347411
2015-04-20 15:00:00,73.68,73.87,73.56,73.81,147960
2015-04-20 15:15:00,73.82,74.25,73.76,74.22,331753
2015-04-20 15:30:00,74.2001,74.36,74.04,74.08,349755
2015-04-20 15:45:00,74.11,74.229,73.98,74.02,328335
2015-04-20 16:00:00,74.03,74.28,73.91,74.18,490668
2015-04-21 09:45:00,74.19,74.56,73.61,73.73,275993
2015-04-21 10:00:00,73.76,74.28,73.75,74.26,289359
2015-04-21 10:15:00,74.26,74.47,73.97,74.02,101716
2015-04-21 10:30:00,74.02,74.35,73.94,74.27,101654
2015-04-21 10:45:00,74.295,74.3,74.1501,74.25,76159
2015-04-21 11:00:00,74.25,74.72,74.2,74.5196,133662
2015-04-21 11:15:00,74.48,74.75,74.28,74.44,242136
2015-04-21 11:30:00,74.42,74.429,74.13,74.19,157099
2015-04-21 11:45:00,74.19,74.255,74.08,74.18,129194
2015-04-21 12:00:00,74.18,74.2,73.87,73.95,68835
2015-04-21 12:15:00,73.93,74.01,73.81,73.88,108343
2015-04-21 12:30:00,73.88,73.89,73.56,73.56,85551
2015-04-21 12:45:00,73.56,73.685,73.52,73.6441,75405
2015-04-21 13:00:00,73.64,73.71,73.57,73.6655,51598
2015-04-21 13:15:00,73.65,73.69,73.52,73.6,149935
2015-04-21 13:30:00,73.6,73.9,73.58,73.78,68522
2015-04-21 13:45:00,73.78,73.82,73.6299,73.71,66458
2015-04-21 14:00:00,73.72,73.74,73.56,73.62,50068
2015-04-21 14:15:00,73.65,73.7,73.51,73.61,141552
2015-04-21 14:30:00,73.63,73.81,73.6,73.8,252394
2015-04-21 14:45:00,73.8,73.8,73.68,73.78,187334
2015-04-21 15:00:00,73.78,73.85,73.72,73.84,66257
2015-04-21 15:15:00,73.83,73.85,73.61,73.61,84507
2015-04-21 15:30:00,73.61,73.71,73.585,73.62,97645
2015-04-21 15:45:00,73.62,73.65,73.6,73.65,94607
2015-04-21 16:00:00,73.64,73.655,73.54,73.54,312405
2015-04-22 09:45:00,72.97,73.34,72.39,72.39,383453
2015-04-22 10:00:00,72.39,72.4798,72.29,72.41,222804
2015-04-22 10:15:00,72.43,72.71,72.43,72.545,124485
2015-04-22 10:30:00,72.54,72.54,72.33,72.352,114032
2015-04-22 10:45:00,72.35,72.44,72.26,72.38,62810
2015-04-22 11:00:00,72.38,72.46,72.24,72.46,140017
2015-04-22 11:15:00,72.47,72.47,72.31,72.33,74154
2015-04-22 11:30:00,72.33,72.43,72.33,72.39,80201
2015-04-22 11:45:00,72.4,72.44,72.24,72.2528,111491
2015-04-22 12:00:00,72.26,72.28,72.2,72.2,86369
2015-04-22 12:15:00,72.21,72.47,72.19,72.41,69432
2015-04-22 12:30:00,72.41,72.41,72.21,72.25,47970
2015-04-22 12:45:00,72.25,72.25,72.175,72.18,86812
2015-04-22 13:00:00,72.19,72.22,72.17,72.19,36467
2015-04-22 13:15:00,72.19,72.21,72.17,72.195,91173
2015-04-22 13:30:00,72.2,72.2,72.03,72.04,84217
2015-04-22 13:45:00,72.04,72.182,71.98,72.18,68229
2015-04-22 14:00:00,72.18,72.35,72.15,72.32,76924
2015-04-22 14:15:00,72.3,72.3099,72.22,72.2875,89829
2015-04-22 14:30:00,72.29,72.39,72.29,72.33,56990
2015-04-22 14:45:00,72.32,72.38,72.21,72.227,43099
2015-04-22 15:00:00,72.22,72.22,72.0,72.15,64171
2015-04-22 15:15:00,72.145,72.17,71.99,72.13,127510
2015-04-22 15:30:00,72.12,72.14,71.95,72.01,136708
2015-04-22 15:45:00,72.01,72.035,71.82,71.83,162316
2015-04-22 16:00:00,71.84,71.97,71.71,71.72,450043
2015-04-23 09:45:00,71.75,72.11,71.72,71.77,136276
2015-04-23 10:00:00,71.77,71.91,71.61,71.69,40300
2015-04-23 10:15:00,71.74,71.91,71.67,71.78,99142
2015-04-23 10:30:00,71.78399999999999,71.9,71.67,71.86,58201
2015-04-23 10:45:00,71.84,72.17,71.79,72.17,83869
2015-04-23 11:00:00,72.1,72.33,71.84,71.95,125764
2015-04-23 11:15:00,71.94,71.99,71.62,71.8347,35216
2015-04-23 11:30:00,71.82,71.86,71.69,71.86,28835
2015-04-23 11:45:00,71.85,72.0,71.83,71.9476,34641
2015-04-23 12:00:00,71.93,72.17,71.92,72.05,32094
2015-04-23 12:15:00,72.06,72.15,72.02,72.13,32908
2015-04-23 12:30:00,72.12,72.16,72.04,72.09,29763
2015-04-23 12:45:00,72.05,72.18,71.98,72.07,47684
2015-04-23 13:00:00,72.06,72.15,71.96,72.02,57691
2015-04-23 13:15:00,72.03,72.23,72.03,72.21,21811
2015-04-23 13:30:00,72.21,72.27,72.03,72.1158,39555
2015-04-23 13:45:00,72.12,72.23,72.11,72.22,26164
2015-04-23 14:00:00,72.22,72.2475,72.135,72.16,46051
2015-04-23 14:15:00,72.17,72.21,72.03,72.035,44932
2015-04-23 14:30:00,72.03,72.035,71.96,72.0,51223
2015-04-23 14:45:00,72.0,72.02,71.98,72.0,44076
2015-04-23 15:00:00,72.0,72.01,71.88,71.9,52769
2015-04-23 15:15:00,71.9,71.93,71.84899999999999,71.89,41263
2015-04-23 15:30:00,71.8901,71.91,71.85,71.9,44997
2015-04-23 15:45:00,71.9,71.93,71.84,71.9,90622
2015-04-23 16:00:00,71.89,71.9,71.7,71.7,239805
2015-04-24 09:45:00,72.4,72.46,71.885,71.99,61320
2015-04-24 10:00:00,72.02,72.02,71.64,71.81,32317
2015-04-24 10:15:00,71.89,72.02,71.88,71.9,29514
2015-04-24 10:30:00,71.9,71.93,71.61,71.72,79457
2015-04-24 10:45:00,71.69,71.75,71.59,71.67,41888
2015-04-24 11:00:00,71.645,71.71,71.525,71.59,41957
2015-04-24 11:15:00,71.6,71.61,71.455,71.47,35831
2015-04-24 11:30:00,71.46,71.59,71.425,71.5,28292
2015-04-24 11:45:00,71.5,71.52,71.41,71.49,39438
2015-04-24 12:00:00,71.475,71.71,71.415,71.57,40032
2015-04-24 12:15:00,71.56,71.89,71.55,71.89,52467
2015-04-24 12:30:00,71.89,71.91,71.67,71.73,70684
2015-04-24 12:45:00,71.72,71.79,71.6801,71.71,32549
2015-04-24 13:00:00,71.71,71.78,71.68,71.73,41807
2015-04-24 13:15:00,71.75,71.78,71.64,71.64,42397
2015-04-24 13:30:00,71.63,71.76,71.59,71.68,28500
2015-04-24 13:45:00,71.67,71.75,71.565,71.75,40230
2015-04-24 14:00:00,71.75,71.8,71.61,71.655,56722
2015-04-24 14:15:00,71.66,71.75,71.59,71.665,42758
2015-04-24 14:30:00,71.66,71.69,71.59,71.61,42460
2015-04-24 14:45:00,71.62899999999999,71.68,71.59,71.62,43416
2015-04-24 15:00:00,71.61,71.63,71.485,71.53,38827
2015-04-24 15:15:00,71.54,71.73,71.43,71.73,56591
2015-04-24 15:30:00,71.73,71.73,71.56,71.6,62911
2015-04-24 15:45:00,71.6,71.65,71.565,71.61,68104
2015-04-24 16:00:00,71.61,71.74,71.57,71.61,151417
2015-04-27 09:45:00,71.69,71.98,71.33,71.42,36618
2015-04-27 10:00:00,71.45,71.748,71.44,71.748,29952
2015-04-27 10:15:00,71.74,71.81,71.58,71.65,28017
2015-04-27 10:30:00,71.68,71.74,71.54,71.6,40775
2015-04-27 10:45:00,71.57,71.67,71.47,71.47,38899
2015-04-27 11:00:00,71.47,71.57,71.4,71.54,18743
2015-04-27 11:15:00,71.51,71.62,71.51,71.55,26219
2015-04-27 11:30:00,71.56,71.61,71.51,71.59,16278
2015-04-27 11:45:00,71.55,71.59,71.49,71.5338,15352
2015-04-27 12:00:00,71.53,71.53,71.11,71.23,29094
2015-04-27 12:15:00,71.26,71.39,71.2418,71.31,15499
2015-04-27 12:30:00,71.3,71.3,71.12,71.15,22871
2015-04-27 12:45:00,71.16,71.34,71.135,71.17,19712
2015-04-27 13:00:00,71.18,71.22,70.93,70.95,33806
2015-04-27 13:15:00,70.93,70.94,70.86,70.94,24802
2015-04-27 13:30:00,70.95,70.955,70.84,70.945,35259
2015-04-27 13:45:00,70.92,71.12,70.89,71.0801,30382
2015-04-27 14:00:00,71.08,71.11,70.97,70.97,23660
2015-04-27 14:15:00,70.99,71.12,70.96,71.1,24999
2015-04-27 14:30:00,71.1,71.2,71.03,71.19,23689
2015-04-27 14:45:00,71.18,71.188,71.06,71.16,30364
2015-04-27 15:00:00,71.15,71.2,71.11,71.16,20372
2015-04-27 15:15:00,71.18,71.25,71.1345,71.17,31604
2015-04-27 15:30:00,71.18,71.19,71.05,71.05,34583
2015-04-27 15:45:00,71.04,71.12,70.93,71.09,60232
2015-04-27 16:00:00,71.1,71.14,71.0,71.01,149897
2015-04-28 09:45:00,71.11,71.2775,70.73,70.8,58901
2015-04-28 10:00:00,70.83,70.96,70.63,70.6601,62643
2015-04-28 10:15:00,70.66,70.66,70.33,70.4,95859
2015-04-28 10:30:00,70.4,70.62,70.34,70.51,148877
2015-04-28 10:45:00,70.53,70.82,70.425,70.82,59276
2015-04-28 11:00:00,70.83,70.9,70.75,70.78,30316
2015-04-28 11:15:00,70.79,71.11,70.79,71.04,34650
2015-04-28 11:30:00,71.04,71.105,70.83,71.0,29106
2015-04-28 11:45:00,70.97,71.005,70.915,70.94,30326
2015-04-28 12:00:00,70.93,71.1,70.9,71.07,29440
2015-04-28 12:15:00,71.068,71.17,71.01,71.17,19368
2015-04-28 12:30:00,71.16,71.28,71.1,71.22,11210
2015-04-28 12:45:00,71.24,71.36,71.23,71.25,22409
2015-04-28 13:00:00,71.24,71.24,71.08,71.12,13826
2015-04-28 13:15:00,71.1,71.18,71.1,71.125,14800
2015-04-28 13:30:00,71.1,71.12,70.99,71.105,13056
2015-04-28 13:45:00,71.11,71.175,71.055,71.125,19871
2015-04-28 14:00:00,71.125,71.13,71.03,71.06,18616
2015-04-28 14:15:00,71.03,71.045,70.96,70.98,23007
2015-04-28 14:30:00,71.0,71.04,70.96,70.99,22831
2015-04-28 14:45:00,70.98,71.035,70.97,71.0199,13297
2015-04-28 15:00:00,71.02,71.24,71.02,71.24,23056
2015-04-28 15:15:00,71.24,71.24,71.06,71.1,45425
2015-04-28 15:30:00,71.1,71.14,71.0,71.08,33637
2015-04-28 15:45:00,71.07,71.14,71.045,71.1,39881
2015-04-28 16:00:00,71.1,71.25,71.09,71.11,147892
2015-04-29 09:45:00,70.65,70.65,70.06,70.48,60012
2015-04-29 10:00:00,70.47,70.57,70.3328,70.48,20475
2015-04-29 10:15:00,70.42,70.46,70.17,70.255,27629
2015-04-29 10:30:00,70.26,70.39,70.17,70.3425,25707
2015-04-29 10:45:00,70.3,70.73,70.3,70.71,29835
2015-04-29 11:00:00,70.67,70.78,70.57,70.74,28679
2015-04-29 11:15:00,70.74,71.01,70.71,70.86,60734
2015-04-29 11:30:00,70.86,70.94,70.77,70.84,23656
2015-04-29 11:45:00,70.8505,70.93,70.77,70.9,16304
2015-04-29 12:00:00,70.89,70.895,70.68,70.73,22155
2015-04-29 12:15:00,70.73,70.73,70.52,70.55,42962
2015-04-29 12:30:00,70.55,70.66,70.47,70.505,23121
2015-04-29 12:45:00,70.52,70.54,70.39,70.51,23248
2015-04-29 13:00:00,70.51,70.7,70.5,70.67,17621
2015-04-29 13:15:00,70.645,70.71,70.54,70.71,15988
2015-04-29 13:30:00,70.72,70.75,70.67,70.69,18091
2015-04-29 13:45:00,70.72,70.8,70.67,70.795,29329
2015-04-29 14:00:00,70.81,70.87,70.72,70.85,14240
2015-04-29 14:15:00,70.87,71.0,70.705,70.75,38925
2015-04-29 14:30:00,70.76,71.1172,70.76,71.09,25986
2015-04-29 14:45:00,71.11,71.14,70.98,71.093,29211
2015-04-29 15:00:00,71.07,71.07,70.7,70.73,26822
2015-04-29 15:15:00,70.73,70.78,70.63,70.72,20922
2015-04-29 15:30:00,70.73,70.75,70.665,70.7,16510
2015-04-29 15:45:00,70.7,70.75,70.54,70.54,38512
2015-04-29 16:00:00,70.53,70.62,70.49,70.55,59041
2015-04-30 09:45:00,70.32,70.45,70.0,70.43,19753
2015-04-30 10:00:00,70.42,70.48,70.04,70.23,9441
2015-04-30 10:15:00,70.17,70.34,70.0,70.33,19550
2015-04-30 10:30:00,70.3,70.31,69.91,70.05,18111
2015-04-30 10:45:00,70.0,70.19,69.98,70.11,17007
2015-04-30 11:00:00,70.09,70.23,70.04,70.21,32601
2015-04-30 11:15:00,70.24,70.68,70.24,70.52,29318
2015-04-30 11:30:00,70.52,70.68,70.52,70.58,50085
2015-04-30 11:45:00,70.6,70.71,70.57,70.64,18978
2015-04-30 12:00:00,70.68,70.74,70.6002,70.65,19957
2015-04-30 12:15:00,70.67,70.78,70.6,70.735,21612
2015-04-30 12:30:00,70.78,70.914,70.74,70.76,15225
2015-04-30 12:45:00,70.74,70.79,70.65,70.76,17428
2015-04-30 13:00:00,70.72,70.77,70.56,70.74,21870
2015-04-30 13:15:00,70.7999,70.95,70.74,70.89,18114
2015-04-30 13:30:00,70.86,70.88,70.66,70.82,47041
2015-04-30 13:45:00,70.79,70.86,70.68,70.78,25061
2015-04-30 14:00:00,70.7507,70.85,70.61,70.82,31109
2015-04-30 14:15:00,70.82,70.89,70.69,70.8899,46590
2015-04-30 14:30:00,70.9,70.9,70.72,70.76,45928
2015-04-30 14:45:00,70.74,70.81,70.64,70.745,49400
2015-04-30 15:00:00,70.76,70.83,70.37,70.42,74932
2015-04-30 15:15:00,70.42,70.59,70.42,70.55,67346
2015-04-30 15:30:00,70.5601,70.71,70.5601,70.64,65963
2015-04-30 15:45:00,70.63,70.72,70.61,70.61,62661
2015-04-30 16:00:00,70.61,70.81,70.6,70.81,156744
2015-05-01 09:45:00,71.15,71.93,71.112,71.81,71526
2015-05-01 10:00:00,71.75,71.85,71.58,71.73,51308
2015-05-01 10:15:00,71.622,71.8299,71.62,71.78,49580
2015-05-01 10:30:00,71.79,71.99,71.71,71.925,86587
2015-05-01 10:45:00,71.93,72.075,71.79,71.915,140729
2015-05-01 11:00:00,71.88,71.99,71.83,71.91,40484
2015-05-01 11:15:00,71.95,72.22,71.95,72.19,45070
2015-05-01 11:30:00,72.18,72.215,71.87,72.0,28751
2015-05-01 11:45:00,72.01,72.02,71.57,71.57,23576
2015-05-01 12:00:00,71.56,71.56,71.4,71.46,20976
2015-05-01 12:15:00,71.43,71.53,71.38,71.42,25204
2015-05-01 12:30:00,71.42,71.59,71.3684,71.59,26133
2015-05-01 12:45:00,71.585,71.6233,71.49,71.6,16594
2015-05-01 13:00:00,71.59,71.63,71.51,71.59,20550
2015-05-01 13:15:00,71.594,71.65,71.39,71.39,22672
2015-05-01 13:30:00,71.41,71.515,71.39,71.4205,20532
2015-05-01 13:45:00,71.44,71.485,71.37,71.42,22315
2015-05-01 14:00:00,71.43,71.68,71.39,71.68,39017
2015-05-01 14:15:00,71.69,71.74,71.59,71.59,19371
2015-05-01 14:30:00,71.62,71.7,71.62,71.67,25493
2015-05-01 14:45:00,71.67,71.7,71.53,71.64,25766
2015-05-01 15:00:00,71.635,71.64,71.55,71.57,33122
2015-05-01 15:15:00,71.562,71.7,71.56,71.635,31410
2015-05-01 15:30:00,71.635,71.695,71.56,71.57,37676
2015-05-01 15:45:00,71.59,71.62,71.51,71.6,52396
2015-05-01 16:00:00,71.61,71.72,71.58,71.66,112727
2015-05-04 09:45:00,72.14,72.33,71.66,71.82,48601
2015-05-04 10:00:00,71.78,71.78,71.37,71.37,14421
2015-05-04 10:15:00,71.362,71.45,71.31,71.36,30347
2015-05-04 10:30:00,71.33,71.35,71.25,71.25,18170
2015-05-04 10:45:00,71.25,71.28,71.09,71.1,21183
2015-05-04 11:00:00,71.1,71.11,70.9,70.96,30441
2015-05-04 11:15:00,70.97,70.99,70.82,70.83,16720
2015-05-04 11:30:00,70.81,70.83,70.67,70.69,24249
2015-05-04 11:45:00,70.695,70.7,70.56,70.62,34941
2015-05-04 12:00:00,70.62,70.79,70.58,70.748,30917
2015-05-04 12:15:00,70.71,70.92,70.68,70.86,19132
2015-05-04 12:30:00,70.83,70.86,70.74,70.788,15781
2015-05-04 12:45:00,70.8,70.85,70.72,70.85,14583
2015-05-04 13:00:00,70.87,70.94,70.86,70.89,14589
2015-05-04 13:15:00,70.89,70.91,70.82,70.85,18415
2015-05-04 13:30:00,70.84,70.95,70.83,70.92,28539
2015-05-04 13:45:00,70.91,70.99,70.9,70.99,20675
2015-05-04 14:00:00,70.98,71.13,70.98,71.1,18675
2015-05-04 14:15:00,71.09,71.125,70.92,70.92,16925
2015-05-04 14:30:00,70.92,71.06,70.9,71.01,30114
2015-05-04 14:45:00,71.02,71.02,70.94,70.97,20267
2015-05-04 15:00:00,70.95,70.97,70.9,70.95,16398
2015-05-04 15:15:00,70.96,71.06,70.92,71.03,46589
2015-05-04 15:30:00,71.04,71.18,71.04,71.17,27923
2015-05-04 15:45:00,71.17,71.21,71.032,71.1,38665
2015-05-04 16:00:00,71.09,71.21,71.09,71.21,98409
2015-05-05 09:45:00,71.24,71.24,70.59,70.79,23277
2015-05-05 10:00:00,70.79,70.91,70.49,70.6458,17005
2015-05-05 10:15:00,70.59,70.67,70.44,70.65,8243
2015-05-05 10:30:00,70.59,70.5953,70.33,70.47,25883
2015-05-05 10:45:00,70.4405,70.61,70.13,70.42,26862
2015-05-05 11:00:00,70.41,70.41,70.175,70.19,22971
2015-05-05 11:15:00,70.17,70.19,70.0901,70.17,21766
2015-05-05 11:30:00,70.18,70.21,69.98,69.99,25266
2015-05-05 11:45:00,69.99,70.09,69.93,70.03,20560
2015-05-05 12:00:00,70.09,70.19,70.02,70.149,8347
2015-05-05 12:15:00,70.19,70.5,70.18,70.5,19664
2015-05-05 12:30:00,70.52,70.59,70.45,70.47,8352
2015-05-05 12:45:00,70.47,70.54,70.4,70.4364,14304
2015-05-05 13:00:00,70.43,70.45,70.33,70.385,12313
2015-05-05 13:15:00,70.4,70.4,70.21,70.21,12061
2015-05-05 13:30:00,70.19,70.28,70.17,70.23,14349
2015-05-05 13:45:00,70.23,70.3199,70.18,70.22,28749
2015-05-05 14:00:00,70.22,70.28,70.17,70.27,11628
2015-05-05 14:15:00,70.26,70.26,70.12,70.23,19093
2015-05-05 14:30:00,70.21,70.29,70.135,70.205,16343
2015-05-05 14:45:00,70.19,70.33,70.18,70.22,16189
2015-05-05 15:00:00,70.22,70.26,70.15,70.24,12647
2015-05-05 15:15:00,70.2,70.24,70.07,70.2001,13650
2015-05-05 15:30:00,70.2,70.31,70.11,70.26,25665
2015-05-05 15:45:00,70.27,70.31,70.21,70.28,19436
2015-05-05 16:00:00,70.27,70.27,70.11,70.19,54350
2015-05-06 09:45:00,70.49,70.57,70.1,70.11,33628
2015-05-06 10:00:00,70.11,70.2279,69.956,70.2,21525
2015-05-06 10:15:00,70.15,70.17,69.95,70.03699999999999,25202
2015-05-06 10:30:00,70.03,70.14,69.95,70.11,17276
2015-05-06 10:45:00,70.09,70.256,70.0,70.23,12106
2015-05-06 11:00:00,70.26,70.49,70.26,70.37,22577
2015-05-06 11:15:00,70.365,70.38,70.04,70.04,28970
2015-05-06 11:30:00,70.06,70.14,69.97,70.08,14604
2015-05-06 11:45:00,70.07,70.2,70.02,70.16,14439
2015-05-06 12:00:00,70.19,70.28,70.13,70.22,15622
2015-05-06 12:15:00,70.25,70.28,70.17,70.26,9040
2015-05-06 12:30:00,70.28,70.28,70.0,70.05,19534
2015-05-06 12:45:00,70.07,70.19,69.9979,70.14,22358
2015-05-06 13:00:00,70.14,70.3,70.12,70.18,13982
2015-05-06 13:15:00,70.1875,70.1875,70.0794,70.11,10154
2015-05-06 13:30:00,70.1,70.23,70.08,70.14,10474
2015-05-06 13:45:00,70.11,70.13,70.0287,70.04,20087
2015-05-06 14:00:00,70.045,70.045,69.95,70.02,13934
2015-05-06 14:15:00,70.01,70.1,69.97,70.03,13251
2015-05-06 14:30:00,70.04,70.09,69.98,70.085,15489
2015-05-06 14:45:00,70.1,70.1,69.9,70.01,25140
2015-05-06 15:00:00,70.02,70.15,69.93,70.15,26632
2015-05-06 15:15:00,70.15,70.23,70.15,70.16,16871
2015-05-06 15:30:00,70.18,70.24,70.13,70.24,33189
2015-05-06 15:45:00,70.26,70.265,70.17,70.24,49546
2015-05-06 16:00:00,70.24,70.41,70.23,70.4,108312
2015-05-07 09:45:00,70.77,71.49,70.73,71.355,116367
2015-05-07 10:00:00,71.345,71.4876,71.12,71.2601,46598
2015-05-07 10:15:00,71.26,71.49,71.25,71.295,26408
2015-05-07 10:30:00,71.315,71.37,71.25,71.27,36343
2015-05-07 10:45:00,71.285,71.29,71.03,71.08,42744
2015-05-07 11:00:00,71.095,71.12,70.89,71.01,39816
2015-05-07 11:15:00,71.03,71.08,71.0,71.05,15246
2015-05-07 11:30:00,71.06,71.28,71.03,71.235,9573
2015-05-07 11:45:00,71.2,71.23,71.15,71.15,8680
2015-05-07 12:00:00,71.17,71.17,70.726,70.7468,12729
2015-05-07 12:15:00,70.76,71.01,70.76,71.0,11032
2015-05-07 12:30:00,71.0,71.04,70.95,71.0074,23574
2015-05-07 12:45:00,70.985,71.05,70.9,70.9,14790
2015-05-07 13:00:00,70.9,70.94,70.82,70.835,15470
2015-05-07 13:15:00,70.83,70.92,70.83,70.87,7977
2015-05-07 13:30:00,70.87,70.98,70.79,70.86399999999999,27070
2015-05-07 13:45:00,70.87,70.9303,70.87,70.92,12879
2015-05-07 14:00:00,70.92,71.059,70.91,70.9411,15923
2015-05-07 14:15:00,70.94,71.01,70.85,70.96,32812
2015-05-07 14:30:00,70.96,71.08,70.94,70.94,40224
2015-05-07 14:45:00,70.93,71.02,70.92,70.995,43885
2015-05-07 15:00:00,70.99,71.02,70.98,71.0,12877
2015-05-07 15:15:00,71.0,71.02,70.96,71.0,28416
2015-05-07 15:30:00,71.0,71.02,70.9,70.96,47083
2015-05-07 15:45:00,70.96,71.02,70.93,71.0,48497
2015-05-07 16:00:00,71.0,71.14,70.8801,71.14,153462
2015-05-08 09:45:00,71.57,71.85,71.36,71.78,40239
2015-05-08 10:00:00,71.83,71.89,71.43,71.53,13860
2015-05-08 10:15:00,71.54,71.83,71.49,71.737,34922
2015-05-08 10:30:00,71.72,71.79,71.34,71.34,37776
2015-05-08 10:45:00,71.3401,71.43,71.25,71.41,18590
2015-05-08 11:00:00,71.39,71.59,71.39,71.59,7936
2015-05-08 11:15:00,71.59,71.59,71.34,71.37,16453
2015-05-08 11:30:00,71.35,71.36,71.19,71.19,20340
2015-05-08 11:45:00,71.16,71.39,71.16,71.33,10070
2015-05-08 12:00:00,71.32,71.49,71.265,71.36,7823
2015-05-08 12:15:00,71.35,71.45,71.35,71.39,4826
2015-05-08 12:30:00,71.37,71.42,71.34,71.42,5700
2015-05-08 12:45:00,71.41,71.41,71.28,71.3583,6056
2015-05-08 13:00:00,71.38,71.38,71.27,71.29,8866
2015-05-08 13:15:00,71.2701,71.37,71.27,71.32,8784
2015-05-08 13:30:00,71.34,71.34,71.26,71.28,11916
2015-05-08 13:45:00,71.27,71.3,71.12,71.12,6711
2015-05-08 14:00:00,71.12,71.17,71.11,71.1101,7528
2015-05-08 14:15:00,71.12,71.21,71.11,71.18,9530
2015-05-08 14:30:00,71.21,71.23,71.13,71.1426,9705
2015-05-08 14:45:00,71.16,71.27,71.15,71.23,8545
2015-05-08 15:00:00,71.24,71.28,71.11,71.2,14304
2015-05-08 15:15:00,71.16,71.27,71.08,71.27,18609
2015-05-08 15:30:00,71.28,71.31,71.148,71.18,17039
2015-05-08 15:45:00,71.2,71.29,71.17,71.18,21576
2015-05-08 16:00:00,71.18,71.24,71.15,71.22,58709
2015-05-11 09:45:00,71.56,71.98,71.24,71.93,77988
2015-05-11 10:00:00,71.86,71.96,71.72,71.84,35972
2015-05-11 10:15:00,71.9299,72.06,71.86,72.01,22375
2015-05-11 10:30:00,72.01,72.01,71.7,71.74,24810
2015-05-11 10:45:00,71.72,71.72,71.46,71.63,26933
2015-05-11 11:00:00,71.62,71.84,71.62,71.79,28857
2015-05-11 11:15:00,71.7987,71.8396,71.72,71.8396,24740
2015-05-11 11:30:00,71.82,71.83,71.65,71.69,22320
2015-05-11 11:45:00,71.69,71.91,71.69,71.89,11190
2015-05-11 12:00:00,71.92,72.0,71.882,71.9999,31926
2015-05-11 12:15:00,71.98,72.02,71.9,72.0,24160
2015-05-11 12:30:00,72.0,72.02,71.91,72.02,12755
2015-05-11 12:45:00,72.03,72.22,72.01,72.19,25004
2015-05-11 13:00:00,72.199,72.26,72.19,72.23,16995
2015-05-11 13:15:00,72.23,72.26,72.18,72.2,22003
2015-05-11 13:30:00,72.2,72.2,72.05,72.12,24129
2015-05-11 13:45:00,72.11,72.12,72.02,72.09,11812
2015-05-11 14:00:00,72.09,72.14,72.04,72.07,23369
2015-05-11 14:15:00,72.06,72.0732,71.9,71.91,20194
2015-05-11 14:30:00,71.91,72.005,71.9,72.005,17110
2015-05-11 14:45:00,72.0,72.02,71.89,71.94,24075
2015-05-11 15:00:00,71.9301,71.99,71.91,71.9301,22712
2015-05-11 15:15:00,71.93,72.1,71.87,72.09899999999999,25581
2015-05-11 15:30:00,72.1,72.12,72.03,72.04,39574
2015-05-11 15:45:00,72.04,72.06,71.98,72.047,40099
2015-05-11 16:00:00,72.04,72.1,71.99,72.01,127664
2015-05-12 09:45:00,71.62,71.93,70.91,71.02,33533
2015-05-12 10:00:00,70.93,71.01,70.66,70.89,33415
2015-05-12 10:15:00,70.9032,70.96,70.7,70.92,20590
2015-05-12 10:30:00,70.93,71.11,70.87,70.885,15213
2015-05-12 10:45:00,70.895,71.35,70.895,71.29,27078
2015-05-12 11:00:00,71.28,71.37,71.11,71.14,24545
2015-05-12 11:15:00,71.16,71.25,71.1,71.25,17096
2015-05-12 11:30:00,71.26,71.49,71.19,71.45,44880
2015-05-12 11:45:00,71.46,71.47,71.18,71.2,14602
2015-05-12 12:00:00,71.18,71.34,71.18,71.29,16950
2015-05-12 12:15:00,71.24,71.24,71.0,71.04,16538
2015-05-12 12:30:00,71.03,71.15,71.01,71.075,14041
2015-05-12 12:45:00,71.05,71.17,71.02,71.15,8694
2015-05-12 13:00:00,71.17,71.32,71.16,71.31,14887
2015-05-12 13:15:00,71.31,71.415,71.29,71.39,8507
2015-05-12 13:30:00,71.4,71.42,71.23,71.26,17411
2015-05-12 13:45:00,71.24,71.24,71.04,71.04,22254
2015-05-12 14:00:00,71.05,71.07,70.98,70.98,9900
2015-05-12 14:15:00,70.99,71.06,70.97,71.02,16109
2015-05-12 14:30:00,71.04,71.18,71.04,71.18,8425
2015-05-12 14:45:00,71.19,71.39,71.19,71.37,20741
2015-05-12 15:00:00,71.38,71.42,71.29,71.31,17812
2015-05-12 15:15:00,71.31,71.34,71.2,71.24,15286
2015-05-12 15:30:00,71.22,71.25,71.02,71.07,27642
2015-05-12 15:45:00,71.09,71.18,70.93,70.93,48082
2015-05-12 16:00:00,70.97,71.05,70.93,70.96,64532
2015-05-13 09:45:00,71.0,71.2587,70.51,70.785,74154
2015-05-13 10:00:00,70.84,70.99,70.61,70.63,27656
2015-05-13 10:15:00,70.62,70.79,70.51,70.72,26843
2015-05-13 10:30:00,70.76,70.82,70.61,70.67,41453
2015-05-13 10:45:00,70.66,70.71,70.46,70.62,28249
2015-05-13 11:00:00,70.63,70.65,70.43,70.59,37463
2015-05-13 11:15:00,70.59,70.76,70.56,70.76,15189
2015-05-13 11:30:00,70.76,70.82,70.61,70.61,12598
2015-05-13 11:45:00,70.585,70.8,70.516,70.77,16375
2015-05-13 12:00:00,70.77,70.855,70.72,70.8,9000
2015-05-13 12:15:00,70.8,70.85,70.56,70.56,9668
2015-05-13 12:30:00,70.5899,70.59,70.4,70.47,14881
2015-05-13 12:45:00,70.48,70.75,70.46,70.75,17380
2015-05-13 13:00:00,70.74,70.77,70.64,70.76,23939
2015-05-13 13:15:00,70.75,71.0,70.75,70.95,24302
2015-05-13 13:30:00,70.98,71.0,70.94,71.0,15828
2015-05-13 13:45:00,71.01,71.01,70.96,70.98,16068
2015-05-13 14:00:00,70.98,70.98,70.83,70.89,13000
2015-05-13 14:15:00,70.91,70.92,70.77,70.83,23213
2015-05-13 14:30:00,70.81,70.85,70.785,70.82,14366
2015-05-13 14:45:00,70.78,70.79,70.64,70.65,24892
2015-05-13 15:00:00,70.63,70.63,70.46,70.46,15295
2015-05-13 15:15:00,70.48,70.57,70.44,70.44,22474
2015-05-13 15:30:00,70.44,70.45,70.32,70.36,26096
2015-05-13 15:45:00,70.36,70.6,70.3,70.5,73190
2015-05-13 16:00:00,70.49,70.55,70.42,70.46,53606
2015-05-14 09:45:00,70.61,70.89,70.24,70.414,48247
2015-05-14 10:00:00,70.4,70.62,70.27,70.39,28778
2015-05-14 10:15:00,70.33,70.53,70.31,70.39,13431
2015-05-14 10:30:00,70.41,70.76,70.395,70.715,31121
2015-05-14 10:45:00,70.72,70.92,70.71,70.92,21589
2015-05-14 11:00:00,70.9298,70.93,70.82,70.87,49674
2015-05-14 11:15:00,70.87,71.13,70.8659,71.06,17155
2015-05-14 11:30:00,71.06,71.13,71.03,71.06,11551
2015-05-14 11:45:00,71.07,71.15,71.05,71.12,9819
2015-05-14 12:00:00,71.14,71.33,71.14,71.29,14936
2015-05-14 12:15:00,71.285,71.33,71.14,71.1404,12555
2015-05-14 12:30:00,71.17,71.28,71.14,71.28,7402
2015-05-14 12:45:00,71.28,71.37,71.26,71.34,9189
2015-05-14 13:00:00,71.34,71.41,71.3301,71.36,8116
2015-05-14 13:15:00,71.38,71.52,71.37,71.49,15937
2015-05-14 13:30:00,71.48,71.5,71.4,71.5,13345
2015-05-14 13:45:00,71.47,71.59,71.47,71.53,15370
2015-05-14 14:00:00,71.52,71.58,71.45,71.555,9942
2015-05-14 14:15:00,71.55,71.74,71.54,71.73,21819
2015-05-14 14:30:00,71.73,71.79,71.68,71.72,26903
2015-05-14 14:45:00,71.69,71.75,71.61,71.65,17035
2015-05-14 15:00:00,71.63,71.91,71.61,71.87,28591
2015-05-14 15:15:00,71.86,71.95,71.83,71.93,40538
2015-05-14 15:30:00,71.94,71.99,71.8,71.875,53863
2015-05-14 15:45:00,71.88,71.91,71.82,71.84,38575
2015-05-14 16:00:00,71.83,72.0,71.83,71.97,120657
2015-05-15 09:45:00,72.06,72.08,70.752,72.01,43861
2015-05-15 10:00:00,72.07,72.15,71.94,71.96,20695
2015-05-15 10:15:00,71.965,72.16,71.85,72.04,14163
2015-05-15 10:30:00,72.08,72.23,72.08,72.23,13154
2015-05-15 10:45:00,72.22,72.25,72.08,72.24,15920
2015-05-15 11:00:00,72.2399,72.45,72.04,72.38,42360
2015-05-15 11:15:00,72.36,72.52,72.35,72.35,22277
2015-05-15 11:30:00,72.35,72.4,72.23,72.24,13888
2015-05-15 11:45:00,72.22,72.28,72.01,72.01,17522
2015-05-15 12:00:00,72.01,72.03,71.91,72.005,9039
2015-05-15 12:15:00,72.05,72.07,71.98,71.9931,9482
2015-05-15 12:30:00,72.0,72.02199999999999,71.98,72.0,9007
2015-05-15 12:45:00,72.02,72.021,71.982,72.01,6854
2015-05-15 13:00:00,72.012,72.2419,72.01,72.24,24517
2015-05-15 13:15:00,72.25,72.325,72.23,72.29,10286
2015-05-15 13:30:00,72.27,72.2893,72.18,72.21,8884
2015-05-15 13:45:00,72.18,72.21,72.05,72.1,10125
2015-05-15 14:00:00,72.07,72.09,71.92,71.92,11436
2015-05-15 14:15:00,71.91,72.08,71.91,72.0437,12849
2015-05-15 14:30:00,72.04,72.15,72.04,72.1201,9266
2015-05-15 14:45:00,72.16,72.2,72.08,72.14,10062
2015-05-15 15:00:00,72.175,72.31,72.175,72.29,33976
2015-05-15 15:15:00,72.3032,72.3032,72.16,72.21,22723
2015-05-15 15:30:00,72.22,72.25,72.14,72.21,30437
2015-05-15 15:45:00,72.21,72.33,72.21,72.3,29591
2015-05-15 16:00:00,72.29,72.41,72.29,72.4,62205
2015-05-18 09:45:00,72.26,72.31,71.85,72.02,32140
2015-05-18 10:00:00,72.02,72.11,71.82,71.82,21336
2015-05-18 10:15:00,71.82,71.97,71.77,71.83,18692
2015-05-18 10:30:00,71.845,72.16,71.845,72.02,17961
2015-05-18 10:45:00,72.03,72.16,71.98,72.0026,19144
2015-05-18 11:00:00,72.03,72.05,71.87,71.97,16700
2015-05-18 11:15:00,71.94,71.97,71.88,71.94,15326
2015-05-18 11:30:00,71.935,72.0,71.86,71.9,17135
2015-05-18 11:45:00,71.93,72.0,71.9,71.99,32012
2015-05-18 12:00:00,71.99,71.99,71.88,71.93,14124
2015-05-18 12:15:00,71.92,71.99,71.8,71.8,21516
2015-05-18 12:30:00,71.8,71.81,71.71,71.7835,21241
2015-05-18 12:45:00,71.76,71.82,71.71,71.735,11612
2015-05-18 13:00:00,71.74,71.83,71.65,71.729,13223
2015-05-18 13:15:00,71.71,71.78,71.59,71.65,22042
2015-05-18 13:30:00,71.66,71.77,71.65,71.65,9217
2015-05-18 13:45:00,71.66,71.78,71.66,71.75,11101
2015-05-18 14:00:00,71.74,71.78,71.69,71.76,15703
2015-05-18 14:15:00,71.77,71.79,71.7,71.76,22974
2015-05-18 14:30:00,71.76,71.79,71.7,71.73,14682
2015-05-18 14:45:00,71.73,71.78,71.68,71.71,39724
2015-05-18 15:00:00,71.72,71.8,71.67,71.78,20721
2015-05-18 15:15:00,71.79,71.97,71.79,71.95,25136
2015-05-18 15:30:00,71.95,72.07,71.94,72.05,22984
2015-05-18 15:45:00,72.04,72.06,71.95,71.96,29206
2015-05-18 16:00:00,71.97,72.02,71.89,71.97,78667
2015-05-19 09:45:00,72.09,72.25,71.9,72.065,16301
2015-05-19 10:00:00,71.89399999999999,72.09,71.72,71.99,31453
2015-05-19 10:15:00,71.955,71.955,71.44,71.53,18148
2015-05-19 10:30:00,71.51,71.51,71.36,71.431,11583
2015-05-19 10:45:00,71.48,71.59,71.445,71.58,8370
2015-05-19 11:00:00,71.6,71.74,71.6,71.66,21358
2015-05-19 11:15:00,71.64,71.7,71.61,71.63,14732
2015-05-19 11:30:00,71.625,71.8199,71.625,71.77,19480
2015-05-19 11:45:00,71.76,71.835,71.76,71.78,9547
2015-05-19 12:00:00,71.78,71.86,71.74,71.8,6408
2015-05-19 12:15:00,71.8,71.8,71.72,71.77,6645
2015-05-19 12:30:00,71.74,71.8,71.74,71.79,4920
2015-05-19 12:45:00,71.81,71.91,71.81,71.9,12058
2015-05-19 13:00:00,71.89,71.94,71.87,71.9,11359
2015-05-19 13:15:00,71.9,71.94,71.89,71.92,8400
2015-05-19 13:30:00,71.929,71.98,71.929,71.965,11028
2015-05-19 13:45:00,71.97,72.08,71.97,72.07,11924
2015-05-19 14:00:00,72.0775,72.09,72.01,72.06,13430
2015-05-19 14:15:00,72.09,72.1,72.03,72.03,17908
2015-05-19 14:30:00,72.0499,72.26,72.0499,72.23,25605
2015-05-19 14:45:00,72.24,72.25,71.99,72.01,10750
2015-05-19 15:00:00,72.02,72.05,71.97,71.9797,7210
2015-05-19 15:15:00,71.9802,72.016,71.71,71.71,20660
2015-05-19 15:30:00,71.71,71.83,71.71,71.83,16203
2015-05-19 15:45:00,71.85,71.87,71.78,71.82,33856
2015-05-19 16:00:00,71.825,71.9,71.74,71.83,123314
2015-05-20 09:45:00,71.74,71.93,71.49,71.93,21283
2015-05-20 10:00:00,71.88,71.88,71.49,71.5,16101
2015-05-20 10:15:00,71.5374,71.72,71.34,71.69,13960
2015-05-20 10:30:00,71.67,71.8199,71.67,71.69,28872
2015-05-20 10:45:00,71.71,71.87,71.69,71.85,36627
2015-05-20 11:00:00,71.82,71.86,71.72,71.85,6871
2015-05-20 11:15:00,71.85,71.85,71.64,71.76,10333
2015-05-20 11:30:00,71.73,71.82,71.72,71.75,15873
2015-05-20 11:45:00,71.76,71.79,71.68,71.7695,14158
2015-05-20 12:00:00,71.75,71.82,71.733,71.765,10328
2015-05-20 12:15:00,71.75,71.79,71.72,71.79,8401
2015-05-20 12:30:00,71.8,71.81,71.73,71.77,16570
2015-05-20 12:45:00,71.76,71.82,71.73,71.76,9549
2015-05-20 13:00:00,71.79,71.85,71.76,71.85,6598
2015-05-20 13:15:00,71.85,71.88,71.8,71.8615,13430
2015-05-20 13:30:00,71.87,71.94,71.86,71.88,9159
2015-05-20 13:45:00,71.88,71.92,71.79,71.8,10399
2015-05-20 14:00:00,71.77,71.87,71.765,71.84,7551
2015-05-20 14:15:00,71.86,72.0,71.84,71.95,12999
2015-05-20 14:30:00,71.955,72.07,71.895,72.04,34667
2015-05-20 14:45:00,72.06,72.105,72.01,72.01,15077
2015-05-20 15:00:00,72.03,72.14,72.01,72.13,40185
2015-05-20 15:15:00,72.13,72.2,72.06,72.08,25161
2015-05-20 15:30:00,72.02,72.04,71.88,71.94,12248
2015-05-20 15:45:00,71.95,71.96,71.83,71.88,29388
2015-05-20 16:00:00,71.88,71.89,71.75,71.79,48041
2015-05-21 09:45:00,71.93,72.49,71.9,72.255,37592
2015-05-21 10:00:00,72.3101,72.3101,72.03,72.08,6844
2015-05-21 10:15:00,72.08,72.4376,71.96,72.4,11046
2015-05-21 10:30:00,72.4002,72.4002,72.13,72.32,19188
2015-05-21 10:45:00,72.2401,72.4181,72.2401,72.3101,5319
2015-05-21 11:00:00,72.345,72.486,72.33,72.41,7138
2015-05-21 11:15:00,72.44,72.59,72.4101,72.47,16178
2015-05-21 11:30:00,72.45,72.53,72.43,72.5,8419
2015-05-21 11:45:00,72.49,72.62,72.4,72.41,18933
2015-05-21 12:00:00,72.3924,72.43,72.28,72.28,8353
2015-05-21 12:15:00,72.28,72.38,72.26,72.33,7519
2015-05-21 12:30:00,72.33,72.415,72.32,72.38,8080
2015-05-21 12:45:00,72.38,72.5,72.365,72.46,12210
2015-05-21 13:00:00,72.465,72.565,72.44,72.565,13200
2015-05-21 13:15:00,72.57,72.71,72.57,72.69,13744
2015-05-21 13:30:00,72.7,72.7,72.45,72.52,9375
2015-05-21 13:45:00,72.56,72.56,72.38,72.4101,14587
2015-05-21 14:00:00,72.44,72.53,72.43,72.53,12723
2015-05-21 14:15:00,72.51,72.58,72.29,72.3,12100
2015-05-21 14:30:00,72.31,72.4,72.29,72.3601,13697
2015-05-21 14:45:00,72.44,72.58,72.4375,72.57,20401
2015-05-21 15:00:00,72.5622,72.64,72.56,72.63,14950
2015-05-21 15:15:00,72.65,72.69,72.55,72.63,17263
2015-05-21 15:30:00,72.65,72.65,72.49,72.56,17803
2015-05-21 15:45:00,72.57,72.74,72.55,72.66,25125
2015-05-21 16:00:00,72.645,72.66,72.5,72.54,47539
2015-05-22 09:45:00,72.62,72.95,72.62,72.8908,31580
2015-05-22 10:00:00,72.86,72.93,72.68,72.9,21159
2015-05-22 10:15:00,72.91,72.98,72.82,72.89,15534
2015-05-22 10:30:00,72.89,72.96,72.89,72.94,7019
2015-05-22 10:45:00,72.91,72.96,72.88,72.95,6524
2015-05-22 11:00:00,72.94,72.94,72.8701,72.93,17427
2015-05-22 11:15:00,72.91,72.94,72.72,72.8008,16610
2015-05-22 11:30:00,72.79,72.85,72.69,72.69,10432
2015-05-22 11:45:00,72.69,72.74,72.55,72.74,7847
2015-05-22 12:00:00,72.72,72.7553,72.65,72.67,8079
2015-05-22 12:15:00,72.67,72.75,72.65,72.73,8885
2015-05-22 12:30:00,72.73,72.765,72.65,72.76,13319
2015-05-22 12:45:00,72.75,72.89,72.73,72.8816,22586
2015-05-22 13:00:00,72.855,72.92,72.82,72.8395,13034
2015-05-22 13:15:00,72.81,72.94,72.74,72.74,6720
2015-05-22 13:30:00,72.75,72.84,72.74,72.82,6372
2015-05-22 13:45:00,72.82,72.84,72.75,72.78,4250
2015-05-22 14:00:00,72.7784,72.85,72.67,72.72,7473
2015-05-22 14:15:00,72.6864,72.73,72.65,72.7,22684
2015-05-22 14:30:00,72.71,72.79,72.684,72.78,13780
2015-05-22 14:45:00,72.79,72.85,72.777,72.84,10692
2015-05-22 15:00:00,72.86,72.94,72.86,72.94,10465
2015-05-22 15:15:00,72.92,73.0,72.914,72.92,15256
2015-05-22 15:30:00,72.92,72.92,72.89,72.89,18023
2015-05-22 15:45:00,72.89,72.95,72.89,72.91,25695
2015-05-22 16:00:00,72.91,73.02,72.89,72.89,110344
2015-05-26 09:45:00,72.85,73.16,72.71,72.8,39230
2015-05-26 10:00:00,72.81,72.84,72.485,72.53,10964
2015-05-26 10:15:00,72.5,72.63,72.37,72.42,17508
2015-05-26 10:30:00,72.41,72.44,72.21,72.21,8319
2015-05-26 10:45:00,72.2295,72.36,72.15,72.34,13926
2015-05-26 11:00:00,72.355,72.53,72.355,72.45,19171
2015-05-26 11:15:00,72.45,72.47,72.09,72.11,21775
2015-05-26 11:30:00,72.12,72.23,72.08,72.21,30812
2015-05-26 11:45:00,72.18,72.45,72.17,72.43,15987
2015-05-26 12:00:00,72.42,72.43,72.33,72.37,12405
2015-05-26 12:15:00,72.37,72.46,72.36,72.46,12504
2015-05-26 12:30:00,72.4481,72.46,72.42,72.46,4559
2015-05-26 12:45:00,72.4602,72.48,72.41,72.44,10411
2015-05-26 13:00:00,72.43,72.44,72.35,72.38,4638
2015-05-26 13:15:00,72.38,72.39,72.29,72.34,5704
2015-05-26 13:30:00,72.35,72.49,72.35,72.49,14810
2015-05-26 13:45:00,72.48,72.49,72.35,72.37,8997
2015-05-26 14:00:00,72.37,72.41,72.28,72.28,8698
2015-05-26 14:15:00,72.28,72.33,72.26,72.295,10084
2015-05-26 14:30:00,72.29,72.3699,72.27,72.28,6192
2015-05-26 14:45:00,72.28,72.32,72.21,72.21,14363
2015-05-26 15:00:00,72.2,72.24,72.08,72.11,8654
2015-05-26 15:15:00,72.11,72.12899999999999,72.03,72.09,13064
2015-05-26 15:30:00,72.08,72.19,72.08,72.16,13503
2015-05-26 15:45:00,72.18,72.19,72.1,72.1,34593
2015-05-26 16:00:00,72.1,72.21,72.08,72.18,95037
2015-05-27 09:45:00,72.1,72.38,72.02,72.23,46107
2015-05-27 10:00:00,72.19,72.41,72.1,72.25,7380
2015-05-27 10:15:00,72.25,72.3,72.15,72.2399,19959
2015-05-27 10:30:00,72.24,72.2816,72.01,72.03,16067
2015-05-27 10:45:00,72.02,72.28,72.02,72.28,17718
2015-05-27 11:00:00,72.3,72.3489,72.12,72.3489,9720
2015-05-27 11:15:00,72.36,72.41,72.16,72.21,11424
2015-05-27 11:30:00,72.2099,72.32,72.17,72.22,12829
2015-05-27 11:45:00,72.22,72.52,72.22,72.5,13112
2015-05-27 12:00:00,72.49,72.61,72.46,72.61,9432
2015-05-27 12:15:00,72.61,72.61,72.5,72.51,7518
2015-05-27 12:30:00,72.51,72.61,72.51,72.58,7187
2015-05-27 12:45:00,72.57,72.63,72.52,72.63,7987
2015-05-27 13:00:00,72.64,72.68,72.59,72.68,9550
2015-05-27 13:15:00,72.69,72.7,72.56,72.61,13475
2015-05-27 13:30:00,72.61,72.67,72.55,72.55,15309
2015-05-27 13:45:00,72.55,72.66,72.53,72.58,4863
2015-05-27 14:00:00,72.62,72.65,72.5,72.5,6697
2015-05-27 14:15:00,72.5,72.69,72.5,72.57,10827
2015-05-27 14:30:00,72.56,72.62,72.555,72.62,8018
2015-05-27 14:45:00,72.63,72.7,72.6247,72.64,8655
2015-05-27 15:00:00,72.63,72.65,72.45,72.45,9469
2015-05-27 15:15:00,72.46,72.53,72.43,72.43,20303
2015-05-27 15:30:00,72.45,72.51,72.43,72.46,12300
2015-05-27 15:45:00,72.45,72.53,72.43,72.48,24330
2015-05-27 16:00:00,72.48,72.545,72.4,72.4,66163
2015-05-28 09:45:00,72.35,72.49,72.28,72.28,24889
2015-05-28 10:00:00,72.28,72.32,72.02,72.13,12150
2015-05-28 10:15:00,72.13,72.2,72.0945,72.152,13127
2015-05-28 10:30:00,72.12,72.39,72.12,72.375,17878
2015-05-28 10:45:00,72.375,72.47,72.36,72.44,16298
2015-05-28 11:00:00,72.445,72.61,72.43,72.56,11052
2015-05-28 11:15:00,72.5365,72.59,72.5,72.59,6796
2015-05-28 11:30:00,72.61,72.64,72.5601,72.58,5485
2015-05-28 11:45:00,72.59,72.64,72.5567,72.626,8932
2015-05-28 12:00:00,72.6068,72.61,72.42,72.49,17190
2015-05-28 12:15:00,72.49,72.55,72.46,72.46,4860
2015-05-28 12:30:00,72.48,72.56,72.42,72.54,6537
2015-05-28 12:45:00,72.577,72.62,72.42,72.48,13680
2015-05-28 13:00:00,72.48,72.56,72.48,72.53,3642
2015-05-28 13:15:00,72.546,72.59,72.5,72.58,10377
2015-05-28 13:30:00,72.58,72.59,72.5,72.52199999999999,5660
2015-05-28 13:45:00,72.54,72.58,72.53,72.58,3762
2015-05-28 14:00:00,72.57,72.59,72.53,72.56,8474
2015-05-28 14:15:00,72.56,72.58,72.46,72.58,8406
2015-05-28 14:30:00,72.6,72.81,72.6,72.77,17200
2015-05-28 14:45:00,72.7834,72.7834,72.6297,72.64,9960
2015-05-28 15:00:00,72.63,72.66,72.55,72.575,8227
2015-05-28 15:15:00,72.58,72.67,72.58,72.6,8086
2015-05-28 15:30:00,72.62,72.65,72.44,72.45,15021
2015-05-28 15:45:00,72.445,72.52,72.41,72.42,12792
2015-05-28 16:00:00,72.44,72.51,72.42,72.46,28307
2015-05-29 09:45:00,72.48,72.75,72.22,72.33,29314
2015-05-29 10:00:00,72.34,72.41,72.09,72.09,9134
2015-05-29 10:15:00,72.09,72.14,72.0,72.05,20397
2015-05-29 10:30:00,72.04,72.15,71.96,71.97,22740
2015-05-29 10:45:00,71.9401,72.01,71.83,71.83,11289
2015-05-29 11:00:00,71.83,71.9,71.72,71.855,12663
2015-05-29 11:15:00,71.85,71.9,71.74,71.79,9156
2015-05-29 11:30:00,71.78,71.85,71.6,71.63,23494
2015-05-29 11:45:00,71.66,71.94,71.65,71.93,17513
2015-05-29 12:00:00,71.92,71.92,71.73,71.75,12921
2015-05-29 12:15:00,71.75,71.83,71.74,71.79,29666
2015-05-29 12:30:00,71.79,71.96,71.74,71.96,24995
2015-05-29 12:45:00,71.95,72.0273,71.84,71.86,9509
2015-05-29 13:00:00,71.85,71.86,71.74,71.84,11564
2015-05-29 13:15:00,71.81,72.0,71.79,71.82,15639
2015-05-29 13:30:00,71.83,71.88,71.8,71.825,9000
2015-05-29 13:45:00,71.84,71.97,71.82,71.945,10816
2015-05-29 14:00:00,71.933,71.96,71.75,71.75,12581
2015-05-29 14:15:00,71.7681,71.96,71.735,71.9,13569
2015-05-29 14:30:00,71.9,71.9,71.74,71.84,11977
2015-05-29 14:45:00,71.82,71.82,71.69,71.75,18798
2015-05-29 15:00:00,71.755,71.83,71.65,71.8,27033
2015-05-29 15:15:00,71.79,71.96,71.79,71.93,31221
2015-05-29 15:30:00,71.949,72.0,71.8876,71.96,32680
2015-05-29 15:45:00,71.9654,72.16,71.965,72.115,58266
2015-05-29 16:00:00,72.115,72.41,72.08,72.12,182845
2015-06-01 09:45:00,71.95,72.405,71.69,71.74,48370
2015-06-01 10:00:00,71.76,71.76,71.53,71.56,16405
2015-06-01 10:15:00,71.585,71.85,71.57,71.57,13174
2015-06-01 10:30:00,71.61,71.9,71.55,71.89,20087
2015-06-01 10:45:00,71.92,72.02,71.82,72.02,13772
2015-06-01 11:00:00,72.045,72.34,72.03,72.34,9421
2015-06-01 11:15:00,72.28,72.34,72.23,72.29,12246
2015-06-01 11:30:00,72.3275,72.4,72.175,72.18,15100
2015-06-01 11:45:00,72.2,72.32,72.2,72.32,17929
2015-06-01 12:00:00,72.32,72.49,72.31,72.4,12063
2015-06-01 12:15:00,72.4,72.57,72.39,72.51,9365
2015-06-01 12:30:00,72.52,72.86,72.49,72.86,15780
2015-06-01 12:45:00,72.86,72.97,72.82,72.97,14294
2015-06-01 13:00:00,72.99,73.01,72.79,72.83,21036
2015-06-01 13:15:00,72.83,72.895,72.73,72.78,8400
2015-06-01 13:30:00,72.735,72.735,72.59,72.67,13160
2015-06-01 13:45:00,72.66,72.75,72.66,72.71,8017
2015-06-01 14:00:00,72.71,72.73,72.61,72.65,10998
2015-06-01 14:15:00,72.66,72.71,72.63,72.65,11161
2015-06-01 14:30:00,72.67,72.75,72.65,72.73,17628
2015-06-01 14:45:00,72.73,72.74,72.5,72.58,16630
2015-06-01 15:00:00,72.5763,72.61,72.47,72.5,18170
2015-06-01 15:15:00,72.5,72.56,72.48,72.54,22107
2015-06-01 15:30:00,72.54,72.55,72.48,72.5,24212
2015-06-01 15:45:00,72.51,72.52,72.37,72.49,24831
2015-06-01 16:00:00,72.51,72.51,72.35,72.39,66932
2015-06-02 09:45:00,72.06,72.33,71.54,72.1,30485
2015-06-02 10:00:00,72.14,72.2,72.01,72.18,9805
2015-06-02 10:15:00,72.16,72.38,72.1,72.29,7272
2015-06-02 10:30:00,72.29,72.52,72.24,72.3799,12171
2015-06-02 10:45:00,72.37,72.46,72.3,72.34,10339
2015-06-02 11:00:00,72.36,72.38,72.09,72.14,6750
2015-06-02 11:15:00,72.14,72.34,72.13,72.29,8913
2015-06-02 11:30:00,72.28,72.32,72.24,72.32,9700
2015-06-02 11:45:00,72.28,72.29,72.13,72.19,8440
2015-06-02 12:00:00,72.18,72.19,72.15,72.17,14693
2015-06-02 12:15:00,72.17,72.44,72.17,72.44,28476
2015-06-02 12:30:00,72.44,72.65,72.42,72.6249,68061
2015-06-02 12:45:00,72.62,72.64,72.53,72.53,10044
2015-06-02 13:00:00,72.52,72.64,72.51,72.63,16000
2015-06-02 13:15:00,72.627,72.64,72.59,72.6,8329
2015-06-02 13:30:00,72.59,72.62,72.52,72.58,18218
2015-06-02 13:45:00,72.61,72.61,72.56,72.6,7625
2015-06-02 14:00:00,72.63,72.64,72.55,72.59,6863
2015-06-02 14:15:00,72.6,72.6,72.54,72.56,13008
2015-06-02 14:30:00,72.55,72.56,72.515,72.55,10542
2015-06-02 14:45:00,72.55,72.57,72.5,72.55,20484
2015-06-02 15:00:00,72.53,72.54,72.46,72.46,19178
2015-06-02 15:15:00,72.45,72.48,72.44,72.46,15196
2015-06-02 15:30:00,72.465,72.49,72.3101,72.33,23169
2015-06-02 15:45:00,72.31,72.36,72.245,72.25,27155
2015-06-02 16:00:00,72.25,72.25,72.14,72.16,83595
2015-06-03 09:45:00,72.72,73.09,72.48,72.685,103551
2015-06-03 10:00:00,72.685,72.71,72.26,72.57,64121
2015-06-03 10:15:00,72.575,72.75,72.51,72.7106,77511
2015-06-03 10:30:00,72.72,72.97,72.67,72.83,79665
2015-06-03 10:45:00,72.83,73.12,72.83,73.01,59713
2015-06-03 11:00:00,73.01,73.17,72.982,73.1,42111
2015-06-03 11:15:00,73.11,73.23,73.06,73.11,38642
2015-06-03 11:30:00,73.14,73.25,73.08,73.13,19169
2015-06-03 11:45:00,73.13,73.17,73.0,73.05,39130
2015-06-03 12:00:00,73.01,73.06,72.93,72.98,14563
2015-06-03 12:15:00,72.97,73.09,72.97,72.99,16914
2015-06-03 12:30:00,72.95,73.02,72.88,72.91,12556
2015-06-03 12:45:00,72.8912,72.95,72.77,72.89,16689
2015-06-03 13:00:00,72.88,72.89,72.76,72.85,15651
2015-06-03 13:15:00,72.85,72.9,72.7871,72.81,6797
2015-06-03 13:30:00,72.79,72.94,72.78,72.85,13901
2015-06-03 13:45:00,72.84,72.9,72.81,72.82,12061
2015-06-03 14:00:00,72.8,72.82,72.73,72.755,35927
2015-06-03 14:15:00,72.75,72.85,72.74,72.81,19725
2015-06-03 14:30:00,72.81,72.81,72.67,72.67,10099
2015-06-03 14:45:00,72.66,72.7256,72.6,72.7256,15937
2015-06-03 15:00:00,72.73,72.8,72.69,72.71,11912
2015-06-03 15:15:00,72.7,72.76,72.685,72.71,15099
2015-06-03 15:30:00,72.7,72.7,72.53,72.61,24029
2015-06-03 15:45:00,72.61,72.67,72.58,72.65,34401
2015-06-03 16:00:00,72.64,72.78,72.635,72.77,113917
2015-06-04 09:45:00,72.51,72.95,72.44,72.76,34343
2015-06-04 10:00:00,72.74,72.89,72.6,72.84,13554
2015-06-04 10:15:00,72.85,73.06,72.74,72.75,19553
2015-06-04 10:30:00,72.74,72.79,72.58,72.58,11025
2015-06-04 10:45:00,72.55,72.63,72.5,72.61,15540
2015-06-04 11:00:00,72.58,72.79,72.53,72.75,31221
2015-06-04 11:15:00,72.75,72.96,72.71,72.88,24414
2015-06-04 11:30:00,72.84,72.885,72.74,72.76,14181
2015-06-04 11:45:00,72.75,72.84,72.59,72.6,10593
2015-06-04 12:00:00,72.58,72.58,72.43,72.54,13919
2015-06-04 12:15:00,72.52,72.66,72.5,72.65,7310
2015-06-04 12:30:00,72.65,72.73,72.6249,72.695,11049
2015-06-04 12:45:00,72.7,72.75,72.63,72.63,82111
2015-06-04 13:00:00,72.67,72.67,72.45,72.4816,21743
2015-06-04 13:15:00,72.48,72.51,72.41,72.5,26530
2015-06-04 13:30:00,72.5,72.53,72.42,72.5,25000
2015-06-04 13:45:00,72.5,72.52,72.43,72.44,15390
2015-06-04 14:00:00,72.43,72.47,72.42,72.43,6052
2015-06-04 14:15:00,72.43,72.49,72.42,72.47,12269
2015-06-04 14:30:00,72.46,72.51,72.41,72.5,18593
2015-06-04 14:45:00,72.49,72.54,72.47,72.5,32178
2015-06-04 15:00:00,72.51,72.52,72.42,72.43,19285
2015-06-04 15:15:00,72.42,72.4599,72.31,72.325,22546
2015-06-04 15:30:00,72.33,72.335,72.1599,72.17,48535
2015-06-04 15:45:00,72.1825,72.19,72.08,72.085,48914
2015-06-04 16:00:00,72.09,72.19,72.05,72.19,67065
2015-06-05 09:45:00,72.34,72.65,71.54,71.74,34516
2015-06-05 10:00:00,71.75,71.91,71.67,71.74,16808
2015-06-05 10:15:00,71.75,71.97,71.6,71.64,31024
2015-06-05 10:30:00,71.65,71.885,71.6425,71.84,16523
2015-06-05 10:45:00,71.87,72.045,71.87,71.87,19507
2015-06-05 11:00:00,71.83,71.92,71.7,71.92,17786
2015-06-05 11:15:00,71.92,72.03,71.9,72.025,14160
2015-06-05 11:30:00,72.01,72.24,71.98,72.24,16427
2015-06-05 11:45:00,72.24,72.28,72.19,72.265,15918
2015-06-05 12:00:00,72.27,72.34,72.23,72.31,11356
2015-06-05 12:15:00,72.31,72.37,72.22,72.37,14518
2015-06-05 12:30:00,72.3699,72.3699,72.07,72.09,76331
2015-06-05 12:45:00,72.07,72.2,72.02,72.19,12582
2015-06-05 13:00:00,72.18,72.28,72.14,72.28,10633
2015-06-05 13:15:00,72.26,72.3,72.19,72.23,23579
2015-06-05 13:30:00,72.23,72.3,72.22,72.25,15152
2015-06-05 13:45:00,72.26,72.29,72.2448,72.27,17472
2015-06-05 14:00:00,72.29,72.29,72.17,72.24,14056
2015-06-05 14:15:00,72.24,72.28,72.24,72.26,11285
2015-06-05 14:30:00,72.27,72.27,72.206,72.2651,12128
2015-06-05 14:45:00,72.265,72.2834,72.14,72.17,14538
2015-06-05 15:00:00,72.16,72.29,72.15,72.23,26007
2015-06-05 15:15:00,72.25,72.29,72.24,72.25,20776
2015-06-05 15:30:00,72.25,72.255,72.15,72.16,17178
2015-06-05 15:45:00,72.18,72.26,72.17,72.19,33647
2015-06-05 16:00:00,72.19,72.285,72.18,72.25,54786
2015-06-08 09:45:00,72.31,73.01,72.14,72.75,110555
2015-06-08 10:00:00,72.7,72.86,72.53,72.55,86803
2015-06-08 10:15:00,72.54,72.5625,72.37,72.38,11858
2015-06-08 10:30:00,72.395,72.49,72.33,72.422,17924
2015-06-08 10:45:00,72.42,72.47,72.35,72.43,15829
2015-06-08 11:00:00,72.44,72.47,72.38,72.38,14486
2015-06-08 11:15:00,72.4,72.46,72.35,72.4,7108
2015-06-08 11:30:00,72.405,72.47,72.39,72.4,16478
2015-06-08 11:45:00,72.42,72.42,72.36,72.39,8774
2015-06-08 12:00:00,72.39,72.43,72.37,72.42,7806
2015-06-08 12:15:00,72.41,72.42,72.37,72.39,7787
2015-06-08 12:30:00,72.4,72.44,72.39,72.44,7844
2015-06-08 12:45:00,72.45,72.565,72.45,72.52,7404
2015-06-08 13:00:00,72.53,72.54,72.37,72.37,6617
2015-06-08 13:15:00,72.37,72.43,72.35,72.4199,8559
2015-06-08 13:30:00,72.4,72.44,72.4,72.435,6619
2015-06-08 13:45:00,72.43,72.44,72.37,72.41,9104
2015-06-08 14:00:00,72.4,72.48,72.38,72.48,10224
2015-06-08 14:15:00,72.48,72.53,72.45,72.51,7152
2015-06-08 14:30:00,72.5,72.53,72.48,72.49,11605
2015-06-08 14:45:00,72.49,72.57,72.4863,72.49,23981
2015-06-08 15:00:00,72.5,72.52,72.46,72.48,19484
2015-06-08 15:15:00,72.48,72.5,72.4466,72.49,17838
2015-06-08 15:30:00,72.49,72.52,72.44,72.465,20250
2015-06-08 15:45:00,72.48,72.49,72.36,72.385,16137
2015-06-08 16:00:00,72.38,72.42,72.32,72.34,51169
2015-06-09 09:45:00,72.23,72.79,72.05,72.138,29446
2015-06-09 10:00:00,72.06,72.13,72.01,72.08,18078
2015-06-09 10:15:00,72.1,72.19,72.03,72.19,21873
2015-06-09 10:30:00,72.2,72.21,72.04,72.04,13430
2015-06-09 10:45:00,72.09,72.28,72.04,72.21,12205
2015-06-09 11:00:00,72.22,72.26,72.12,72.21,8224
2015-06-09 11:15:00,72.22,72.26,72.12,72.17,12409
2015-06-09 11:30:00,72.1533,72.2,72.05,72.2,10081
2015-06-09 11:45:00,72.22,72.47,72.22,72.47,8682
2015-06-09 12:00:00,72.46,72.54,72.43,72.48,10400
2015-06-09 12:15:00,72.46,72.575,72.46,72.524,6838
2015-06-09 12:30:00,72.53,72.58,72.5,72.555,6819
2015-06-09 12:45:00,72.56,72.56,72.28,72.4,26782
2015-06-09 13:00:00,72.4,72.495,72.3,72.38,12999
2015-06-09 13:15:00,72.38,72.44,72.3796,72.439,5242
2015-06-09 13:30:00,72.42,72.5,72.41,72.475,3422
2015-06-09 13:45:00,72.4701,72.515,72.39,72.4,3704
2015-06-09 14:00:00,72.39,72.39,72.32,72.3437,6702
2015-06-09 14:15:00,72.35,72.36,72.255,72.26,11401
2015-06-09 14:30:00,72.29,72.31,72.2598,72.27,12153
2015-06-09 14:45:00,72.3,72.33,72.28,72.3,12194
2015-06-09 15:00:00,72.286,72.31,72.21,72.2476,9004
2015-06-09 15:15:00,72.23,72.26,72.1,72.13,15394
2015-06-09 15:30:00,72.12899999999999,72.18,72.07,72.09,11905
2015-06-09 15:45:00,72.1,72.18,72.09,72.13,12850
2015-06-09 16:00:00,72.135,72.21,72.04,72.04,90992
2015-06-10 09:45:00,72.44,72.51,71.8937,72.5,16779
2015-06-10 10:00:00,72.42399999999999,72.652,72.42399999999999,72.49,6462
2015-06-10 10:15:00,72.5,72.86,72.464,72.63,12302
2015-06-10 10:30:00,72.64,72.97,72.64,72.97,6974
2015-06-10 10:45:00,72.97,72.97,72.64,72.66,27939
2015-06-10 11:00:00,72.71,72.94,72.71,72.9,12125
2015-06-10 11:15:00,72.94,72.98,72.78,72.88,18904
2015-06-10 11:30:00,72.86,72.89,72.8,72.84,14082
2015-06-10 11:45:00,72.8301,72.87,72.79,72.82,14801
2015-06-10 12:00:00,72.813,72.89,72.78,72.84,26630
2015-06-10 12:15:00,72.86,72.86,72.78,72.84,11321
2015-06-10 12:30:00,72.85,72.87,72.79,72.86,15417
2015-06-10 12:45:00,72.85,72.89,72.812,72.86,6634
2015-06-10 13:00:00,72.85,72.94,72.85,72.92,10524
2015-06-10 13:15:00,72.92,72.93,72.85,72.85,4500
2015-06-10 13:30:00,72.85,72.9,72.84,72.88,6190
2015-06-10 13:45:00,72.89,72.92,72.85,72.85,5793
2015-06-10 14:00:00,72.85,72.91,72.84,72.91,10242
2015-06-10 14:15:00,72.9,72.93,72.89,72.92,8004
2015-06-10 14:30:00,72.92,72.965,72.87,72.89,32533
2015-06-10 14:45:00,72.87,72.97,72.87,72.92,13114
2015-06-10 15:00:00,72.92,72.96,72.915,72.9398,11095
2015-06-10 15:15:00,72.94,72.95,72.88,72.88,13450
2015-06-10 15:30:00,72.88,72.92,72.85,72.855,14454
2015-06-10 15:45:00,72.86,72.86,72.715,72.78,27051
2015-06-10 16:00:00,72.78,72.8,72.66,72.71,66776
2015-06-11 09:45:00,72.8,73.48,72.78,72.78,10782
2015-06-11 10:00:00,72.8,73.1774,72.79,73.03,10215
2015-06-11 10:15:00,73.035,73.08,72.93,72.96,9665
2015-06-11 10:30:00,72.98,73.2499,72.785,73.19,61920
2015-06-11 10:45:00,73.21,73.21,73.01,73.1,24011
2015-06-11 11:00:00,73.07,73.14,72.98,73.02,25074
2015-06-11 11:15:00,73.01,73.0801,72.99,73.05,26937
2015-06-11 11:30:00,73.04,73.11,72.98,73.105,10504
2015-06-11 11:45:00,73.0999,73.14,73.061,73.1,9324
2015-06-11 12:00:00,73.11,73.11,73.04,73.07,8456
2015-06-11 12:15:00,73.055,73.1,73.01,73.01,15471
2015-06-11 12:30:00,73.02,73.045,72.97399999999999,72.98,7370
2015-06-11 12:45:00,72.9927,73.03,72.91,73.01,11206
2015-06-11 13:00:00,73.01,73.14,73.01,73.14,9091
2015-06-11 13:15:00,73.15,73.15,73.0625,73.08,9368
2015-06-11 13:30:00,73.1,73.13,73.05,73.13,8888
2015-06-11 13:45:00,73.12,73.14,73.04,73.04,14841
2015-06-11 14:00:00,73.06,73.15,73.06,73.15,11086
2015-06-11 14:15:00,73.15,73.19,73.11,73.15,9848
2015-06-11 14:30:00,73.15,73.17,73.12,73.14,6119
2015-06-11 14:45:00,73.14,73.1858,73.1201,73.15,19991
2015-06-11 15:00:00,73.155,73.16,73.0872,73.1133,22429
2015-06-11 15:15:00,73.115,73.13,72.97,73.04,28445
2015-06-11 15:30:00,73.03,73.0599,72.97,73.03,18303
2015-06-11 15:45:00,73.035,73.095,73.035,73.07,34433
2015-06-11 16:00:00,73.06,73.3,73.043,73.27,221027
2015-06-12 09:45:00,72.92,73.24,72.34,72.55,49437
2015-06-12 10:00:00,72.57,72.85,72.55,72.74,24784
2015-06-12 10:15:00,72.75,73.095,72.75,73.02,29828
2015-06-12 10:30:00,72.994,73.0299,72.86,72.936,18292
2015-06-12 10:45:00,72.93,72.94,72.68,72.74,15230
2015-06-12 11:00:00,72.75,72.82,72.67,72.69,21406
2015-06-12 11:15:00,72.68,72.79,72.64,72.79,16231
2015-06-12 11:30:00,72.81,72.97,72.71,72.96,20798
2015-06-12 11:45:00,72.93,73.02,72.92,72.97,17737
2015-06-12 12:00:00,72.97,73.0044,72.87,72.96,27971
2015-06-12 12:15:00,72.94,73.0,72.78,72.78,14640
2015-06-12 12:30:00,72.78,72.85,72.73,72.73,10016
2015-06-12 12:45:00,72.73,72.8,72.71,72.7433,20391
2015-06-12 13:00:00,72.73,72.96,72.73,72.93,23957
2015-06-12 13:15:00,72.95,72.95,72.71,72.77,16130
2015-06-12 13:30:00,72.78,72.86,72.73,72.85,16977
2015-06-12 13:45:00,72.84,72.97,72.84,72.89,16409
2015-06-12 14:00:00,72.91,72.93,72.78,72.91,18303
2015-06-12 14:15:00,72.91,72.96,72.82,72.82,15040
2015-06-12 14:30:00,72.82,72.92,72.82,72.92,17996
2015-06-12 14:45:00,72.92,72.96,72.8,72.8,20659
2015-06-12 15:00:00,72.78,72.87,72.77,72.81,15818
2015-06-12 15:15:00,72.82,72.86,72.78,72.83,21541
2015-06-12 15:30:00,72.82,72.88,72.81,72.86,19081
2015-06-12 15:45:00,72.859,72.94,72.84,72.85,29896
2015-06-12 16:00:00,72.84,72.91,72.79,72.8,59441
2015-06-15 09:45:00,72.81,72.81,72.26,72.43,46012
2015-06-15 10:00:00,72.55,72.57,72.24,72.39,13014
2015-06-15 10:15:00,72.34,72.68,72.292,72.675,17607
2015-06-15 10:30:00,72.59,72.63,72.46,72.46,2700
2015-06-15 10:45:00,72.46,72.75,72.45,72.69,24725
2015-06-15 11:00:00,72.69,72.82,72.65,72.72,25732
2015-06-15 11:15:00,72.72,72.9928,72.69,72.94,13951
2015-06-15 11:30:00,72.9355,72.98,72.88,72.895,9963
2015-06-15 11:45:00,72.91,72.98,72.89,72.97,8226
2015-06-15 12:00:00,72.97,73.09,72.88,72.96,34597
2015-06-15 12:15:00,72.96,73.04,72.9399,72.95,7617
2015-06-15 12:30:00,73.0,73.01,72.77,72.77,3534
2015-06-15 12:45:00,72.82,72.98,72.78,72.94,10900
2015-06-15 13:00:00,72.96,73.02,72.93,73.0,10990
2015-06-15 13:15:00,73.0,73.01,72.97,73.01,12599
2015-06-15 13:30:00,73.0,73.01,72.91,72.92,11307
2015-06-15 13:45:00,72.935,72.96,72.82,72.88,16854
2015-06-15 14:00:00,72.89,73.058,72.83,72.92,23802
2015-06-15 14:15:00,72.94,72.96,72.86,72.92,15041
2015-06-15 14:30:00,72.91,72.94,72.82,72.82,12437
2015-06-15 14:45:00,72.82,72.86,72.79,72.82,16403
2015-06-15 15:00:00,72.85,72.98,72.81,72.85,18391
2015-06-15 15:15:00,72.87,72.95,72.79,72.95,29038
2015-06-15 15:30:00,72.9371,72.98,72.882,72.95,34842
2015-06-15 15:45:00,72.95,73.01,72.94,72.99,30145
2015-06-15 16:00:00,72.99,73.0,72.85,72.89,80706
2015-06-16 09:45:00,73.12,73.5,73.01,73.11,71939
2015-06-16 10:00:00,73.14,73.17,72.95,73.01,19783
2015-06-16 10:15:00,73.1,73.3,72.91,72.91,14594
2015-06-16 10:30:00,72.92,73.24,72.92,73.24,25483
2015-06-16 10:45:00,73.24,73.26,73.05,73.0995,24660
2015-06-16 11:00:00,73.065,73.21,73.0,73.21,19069
2015-06-16 11:15:00,73.16,73.21,73.1,73.18,20690
2015-06-16 11:30:00,73.21,73.21,73.1,73.13,11689
2015-06-16 11:45:00,73.14,73.25,73.09,73.2402,37689
2015-06-16 12:00:00,73.25,73.3,73.15,73.22,15693
2015-06-16 12:15:00,73.2,73.2,73.11,73.13,9767
2015-06-16 12:30:00,73.13,73.15,73.08,73.12,8850
2015-06-16 12:45:00,73.1458,73.29,73.12,73.21,25590
2015-06-16 13:00:00,73.2,73.2758,73.19,73.2458,13967
2015-06-16 13:15:00,73.24,73.39,73.24,73.29,16139
2015-06-16 13:30:00,73.26,73.26,73.21,73.21,9242
2015-06-16 13:45:00,73.2,73.27,73.17,73.2,10097
2015-06-16 14:00:00,73.208,73.208,73.1,73.12,18244
2015-06-16 14:15:00,73.14,73.32,73.14,73.27,14083
2015-06-16 14:30:00,73.28,73.37,73.27,73.325,18019
2015-06-16 14:45:00,73.325,73.37,73.18,73.21,22325
2015-06-16 15:00:00,73.205,73.2099,73.1,73.16,23172
2015-06-16 15:15:00,73.16,73.24,73.13,73.18,32468
2015-06-16 15:30:00,73.17,73.24,73.11,73.21,25373
2015-06-16 15:45:00,73.21,73.23,73.06,73.12,37908
2015-06-16 16:00:00,73.11,73.12,73.002,73.04,81420
2015-06-17 09:45:00,73.12,73.69,73.04,73.57,27442
2015-06-17 10:00:00,73.57,74.18,73.57,73.96,38836
2015-06-17 10:15:00,73.96,74.17,73.96,74.13,17215
2015-06-17 10:30:00,74.13,74.17,74.02,74.13,28515
2015-06-17 10:45:00,74.1099,74.2,74.08,74.11,11844
2015-06-17 11:00:00,74.1,74.2,74.01,74.2,10694
2015-06-17 11:15:00,74.2,74.32,74.19,74.26,25949
2015-06-17 11:30:00,74.24,74.3,74.14,74.3,25046
2015-06-17 11:45:00,74.27,74.3,74.2,74.27,25495
2015-06-17 12:00:00,74.2725,74.35,74.26,74.26,10340
2015-06-17 12:15:00,74.25,74.29,74.21,74.25,12600
2015-06-17 12:30:00,74.22,74.22,74.06,74.09,5634
2015-06-17 12:45:00,74.08,74.13,74.04,74.05,15895
2015-06-17 13:00:00,74.05,74.07,73.95,73.9933,15526
2015-06-17 13:15:00,73.98,74.11,73.95,74.07,7048
2015-06-17 13:30:00,74.07,74.17,74.05,74.08,7347
2015-06-17 13:45:00,74.05,74.15,74.0142,74.12,19330
2015-06-17 14:00:00,74.12,74.22,74.07,74.195,9685
2015-06-17 14:15:00,74.19,74.56,73.96,74.44,32419
2015-06-17 14:30:00,74.43,74.43,74.17,74.25,21718
2015-06-17 14:45:00,74.25,74.6599,74.2,74.6,81155
2015-06-17 15:00:00,74.6,74.83,74.6,74.76,28185
2015-06-17 15:15:00,74.78,74.78,74.6,74.62,30098
2015-06-17 15:30:00,74.63,74.71,74.6,74.67,63802
2015-06-17 15:45:00,74.67,74.73,74.48,74.48,31540
2015-06-17 16:00:00,74.48,74.65,74.42,74.57,74952
2015-06-18 09:45:00,74.95,75.18,74.62,75.15,76376
2015-06-18 10:00:00,75.12,75.31,75.03,75.1999,29819
2015-06-18 10:15:00,75.21,75.22,75.1,75.21,25403
2015-06-18 10:30:00,75.19,75.32,75.1,75.2759,22656
2015-06-18 10:45:00,75.265,75.36,75.17,75.32,23582
2015-06-18 11:00:00,75.29,75.376,75.26,75.35,34049
2015-06-18 11:15:00,75.355,75.395,75.33,75.38,16923
2015-06-18 11:30:00,75.39,75.42,75.27,75.332,13380
2015-06-18 11:45:00,75.34,75.4,75.3,75.38,13280
2015-06-18 12:00:00,75.36,75.42,75.25,75.34,13726
2015-06-18 12:15:00,75.34,75.52,75.34,75.5074,16881
2015-06-18 12:30:00,75.46,75.71,75.44,75.71,17793
2015-06-18 12:45:00,75.71,75.75,75.61,75.68,23897
2015-06-18 13:00:00,75.685,75.6858,75.53,75.545,12020
2015-06-18 13:15:00,75.53,75.67,75.53,75.65,9130
2015-06-18 13:30:00,75.64,75.66,75.52,75.61,10282
2015-06-18 13:45:00,75.5769,75.73,75.5769,75.67,16007
2015-06-18 14:00:00,75.68,75.8,75.65,75.72,33888
2015-06-18 14:15:00,75.695,75.805,75.6484,75.72,22049
2015-06-18 14:30:00,75.7001,75.8059,75.6984,75.7,15274
2015-06-18 14:45:00,75.69,75.695,75.52,75.61,20008
2015-06-18 15:00:00,75.6225,75.6225,75.5,75.52,46182
2015-06-18 15:15:00,75.52,75.6,75.51,75.56,20106
2015-06-18 15:30:00,75.53,75.66,75.51,75.62,24376
2015-06-18 15:45:00,75.64699999999999,75.67,75.55,75.67,27674
2015-06-18 16:00:00,75.66,75.67,75.45,75.48,55972
2015-06-19 09:45:00,75.65,75.71,75.33,75.71,152181
2015-06-19 10:00:00,75.71,75.72,75.36,75.6701,13044
2015-06-19 10:15:00,75.68,75.82,75.6,75.82,11531
2015-06-19 10:30:00,75.8,75.99,75.75,75.84,14455
2015-06-19 10:45:00,75.83,75.87,75.72,75.81,13055
2015-06-19 11:00:00,75.85,75.99,75.81,75.8705,26328
2015-06-19 11:15:00,75.92,76.02,75.91,76.0,16369
2015-06-19 11:30:00,75.9901,76.08,75.94,76.05,12064
2015-06-19 11:45:00,76.05,76.05,75.78,75.78,5900
2015-06-19 12:00:00,75.78,75.89,75.75,75.75,9554
2015-06-19 12:15:00,75.75,75.84,75.73,75.84,15282
2015-06-19 12:30:00,75.86,75.96,75.84,75.84,8141
2015-06-19 12:45:00,75.83,75.87,75.77,75.87,6580
2015-06-19 13:00:00,75.85,76.0,75.84,76.0,16716
2015-06-19 13:15:00,75.9675,76.07,75.96,76.06,21038
2015-06-19 13:30:00,76.04,76.06,76.01,76.06,6497
2015-06-19 13:45:00,76.04,76.19,76.04,76.15,26290
2015-06-19 14:00:00,76.16,76.2,76.11,76.18,19364
2015-06-19 14:15:00,76.18,76.38,76.12,76.32,32622
2015-06-19 14:30:00,76.34,76.4,76.22,76.235,27388
2015-06-19 14:45:00,76.21,76.37,76.14,76.25,17999
2015-06-19 15:00:00,76.22,76.34,76.17,76.32,28592
2015-06-19 15:15:00,76.28,76.295,76.13,76.21,27000
2015-06-19 15:30:00,76.21,76.22,76.08,76.18,24034
2015-06-19 15:45:00,76.15,76.31,76.15,76.3,45690
2015-06-19 16:00:00,76.31,76.49,76.16,76.2,188573
2015-06-22 09:45:00,76.47,76.93,76.17,76.62,42358
2015-06-22 10:00:00,76.62,76.63,76.38,76.41,9051
2015-06-22 10:15:00,76.41,76.8,76.405,76.6564,14916
2015-06-22 10:30:00,76.67,76.71,76.61,76.63,12866
2015-06-22 10:45:00,76.63,76.96,76.63,76.92,22120
2015-06-22 11:00:00,76.91,76.92,76.7469,76.85,13833
2015-06-22 11:15:00,76.87,77.21,76.84,77.15,65799
2015-06-22 11:30:00,77.1401,77.25,76.91,76.93,17660
2015-06-22 11:45:00,76.94,77.05,76.8964,76.8964,9261
2015-06-22 12:00:00,76.91,77.04,76.83,76.84,12840
2015-06-22 12:15:00,76.82,76.83,76.76,76.83,9916
2015-06-22 12:30:00,76.84,76.86,76.65,76.6752,15326
2015-06-22 12:45:00,76.65,76.79,76.65,76.7708,10222
2015-06-22 13:00:00,76.78,76.87,76.7501,76.7501,6147
2015-06-22 13:15:00,76.75,76.76,76.67,76.69,8236
2015-06-22 13:30:00,76.69,76.85,76.655,76.8,12608
2015-06-22 13:45:00,76.79,76.79,76.69,76.73,16862
2015-06-22 14:00:00,76.7102,76.75,76.63,76.635,6903
2015-06-22 14:15:00,76.67,76.78,76.63,76.7029,10661
2015-06-22 14:30:00,76.704,76.72,76.63,76.64,8609
2015-06-22 14:45:00,76.65,76.83,76.6,76.81,11940
2015-06-22 15:00:00,76.82,76.82,76.66,76.6725,19575
2015-06-22 15:15:00,76.68,76.7,76.59,76.6,18473
2015-06-22 15:30:00,76.61,76.63,76.52,76.5703,25441
2015-06-22 15:45:00,76.555,76.73,76.51,76.71,34089
2015-06-22 16:00:00,76.7,76.72,76.59,76.62,68517
2015-06-23 09:45:00,76.95,77.54,76.93,77.42,54497
2015-06-23 10:00:00,77.4,77.51,77.25,77.3469,14341
2015-06-23 10:15:00,77.45,77.575,77.27,77.27,18869
2015-06-23 10:30:00,77.25,77.27,76.99,77.145,19405
2015-06-23 10:45:00,77.18,77.31,77.08,77.17,41401
2015-06-23 11:00:00,77.17,77.32,77.17,77.32,34022
2015-06-23 11:15:00,77.33,77.5,77.2601,77.49,57318
2015-06-23 11:30:00,77.49,77.55,77.4,77.5,48118
2015-06-23 11:45:00,77.51,77.83,77.51,77.7264,75788
2015-06-23 12:00:00,77.74,77.75,77.58,77.64,20374
2015-06-23 12:15:00,77.65,77.69,77.615,77.615,29760
2015-06-23 12:30:00,77.615,77.72,77.615,77.72,20108
2015-06-23 12:45:00,77.72,77.73,77.61,77.65,27252
2015-06-23 13:00:00,77.66,77.72,77.6423,77.71,17110
2015-06-23 13:15:00,77.7,77.78,77.66,77.75,18096
2015-06-23 13:30:00,77.76,77.76,77.635,77.71,25635
2015-06-23 13:45:00,77.69,77.8,77.68,77.8,23616
2015-06-23 14:00:00,77.79,77.8,77.7101,77.76,22376
2015-06-23 14:15:00,77.745,77.8,77.7275,77.76,28012
2015-06-23 14:30:00,77.77,77.92,77.7428,77.825,65693
2015-06-23 14:45:00,77.825,77.825,77.64,77.77,22020
2015-06-23 15:00:00,77.79,77.96,77.75,77.96,23449
2015-06-23 15:15:00,77.96,77.99,77.84,77.86,49245
2015-06-23 15:30:00,77.85,77.9,77.72,77.78,47186
2015-06-23 15:45:00,77.775,77.79,77.73,77.76,59622
2015-06-23 16:00:00,77.76,77.8,77.65,77.76,119527
2015-06-24 09:45:00,77.99,78.03,77.76,78.02,280862
2015-06-24 10:00:00,78.04,78.04,77.77,77.9,15942
2015-06-24 10:15:00,77.91,78.11,77.86,78.06,23391
2015-06-24 10:30:00,78.015,78.36,77.98,78.27,22945
2015-06-24 10:45:00,78.31,78.4,78.21,78.2975,64231
2015-06-24 11:00:00,78.32,78.35,78.0575,78.0875,43449
2015-06-24 11:15:00,78.095,78.25,78.06,78.08,40864
2015-06-24 11:30:00,78.075,78.19,78.0375,78.17,29521
2015-06-24 11:45:00,78.17,78.27,78.12,78.26,15316
2015-06-24 12:00:00,78.25,78.27,78.18,78.24,23018
2015-06-24 12:15:00,78.24,78.24,78.0954,78.17,18890
2015-06-24 12:30:00,78.15,78.22,78.1,78.19,23242
2015-06-24 12:45:00,78.2,78.29,78.185,78.27,34369
2015-06-24 13:00:00,78.2703,78.39,78.27,78.32,17450
2015-06-24 13:15:00,78.3,78.45,78.285,78.39,42644
2015-06-24 13:30:00,78.36,78.42,78.33,78.39,32506
2015-06-24 13:45:00,78.39,78.42,78.19,78.2299,21194
2015-06-24 14:00:00,78.2299,78.42,78.131,78.395,52810
2015-06-24 14:15:00,78.39,78.5099,78.35,78.4,55202
2015-06-24 14:30:00,78.34,78.53,78.32,78.32,85526
2015-06-24 14:45:00,78.32,78.37,78.22,78.29,15392
2015-06-24 15:00:00,78.29,78.52,78.27,78.48,23809
2015-06-24 15:15:00,78.46,78.49,78.37,78.445,32434
2015-06-24 15:30:00,78.42,78.64,78.405,78.6,47650
2015-06-24 15:45:00,78.6,78.61,78.36,78.38,36479
2015-06-24 16:00:00,78.38,78.42,78.32,78.33,106697
2015-06-25 09:45:00,78.58,78.91,78.1,78.365,47156
2015-06-25 10:00:00,78.365,78.37,78.05,78.36,34440
2015-06-25 10:15:00,78.3878,78.49,78.26,78.46,27101
2015-06-25 10:30:00,78.43,78.54,78.3,78.44,25797
2015-06-25 10:45:00,78.41,78.41,78.28,78.37,17843
2015-06-25 11:00:00,78.36,78.51,78.36,78.51,25165
2015-06-25 11:15:00,78.52,78.63,78.47,78.58,22310
2015-06-25 11:30:00,78.56,78.6,78.49,78.53,21306
2015-06-25 11:45:00,78.56,78.72,78.53,78.69,24882
2015-06-25 12:00:00,78.695,78.74,78.645,78.665,18077
2015-06-25 12:15:00,78.66,78.74,78.645,78.67,22573
2015-06-25 12:30:00,78.69,78.71,78.56,78.645,14070
2015-06-25 12:45:00,78.64,78.66,78.58,78.6459,15652
2015-06-25 13:00:00,78.66,78.66,78.6,78.62,11984
2015-06-25 13:15:00,78.61,78.64,78.595,78.635,14941
2015-06-25 13:30:00,78.62,78.625,78.57,78.61,26697
2015-06-25 13:45:00,78.6,78.62,78.56,78.6,17993
2015-06-25 14:00:00,78.6,78.62,78.58,78.6,23209
2015-06-25 14:15:00,78.6,78.63,78.57,78.61,40132
2015-06-25 14:30:00,78.61,78.63,78.6,78.615,40776
2015-06-25 14:45:00,78.615,78.63,78.58,78.62,24514
2015-06-25 15:00:00,78.6235,78.64,78.54,78.58,19114
2015-06-25 15:15:00,78.5701,78.75,78.57,78.67,108089
2015-06-25 15:30:00,78.65,78.74,78.6,78.6035,50862
2015-06-25 15:45:00,78.61,78.61,78.29,78.4,49502
2015-06-25 16:00:00,78.41,78.48,78.34,78.42,75969
2015-06-26 09:45:00,78.24,78.55,78.0,78.31,38573
2015-06-26 10:00:00,78.33,78.48,78.21,78.3,17402
2015-06-26 10:15:00,78.31,78.441,78.18,78.2,19558
2015-06-26 10:30:00,78.175,78.29,78.09,78.1052,19294
2015-06-26 10:45:00,78.1,78.19,78.0203,78.19,27582
2015-06-26 11:00:00,78.21,78.26,78.05,78.19,30002
2015-06-26 11:15:00,78.21,78.34,78.07,78.08,27029
2015-06-26 11:30:00,78.0775,78.18,78.04,78.09,24044
2015-06-26 11:45:00,78.1,78.11,78.0301,78.1,26319
2015-06-26 12:00:00,78.1,78.13,78.05,78.07,26716
2015-06-26 12:15:00,78.08,78.1,77.9103,77.954,87900
2015-06-26 12:30:00,77.97,77.9825,77.85,77.89,22750
2015-06-26 12:45:00,77.89,77.9,77.74,77.8,27475
2015-06-26 13:00:00,77.8,77.81,77.47,77.54,39627
2015-06-26 13:15:00,77.53,77.58,77.46,77.46,29092
2015-06-26 13:30:00,77.47,77.48,77.22,77.38,48063
2015-06-26 13:45:00,77.44,77.6532,77.41,77.65,20591
2015-06-26 14:00:00,77.64,77.68,77.581,77.65,12853
2015-06-26 14:15:00,77.64,77.66,77.61,77.64,14743
2015-06-26 14:30:00,77.65,77.685,77.63,77.66,14641
2015-06-26 14:45:00,77.703,77.74,77.63,77.68,15932
2015-06-26 15:00:00,77.7,77.82,77.64,77.74,14262
2015-06-26 15:15:00,77.745,77.86,77.68,77.72,31945
2015-06-26 15:30:00,77.72,77.78,77.71,77.75,34676
2015-06-26 15:45:00,77.745,77.78,77.54,77.61,56962
2015-06-26 16:00:00,77.62,77.76,77.56,77.65,170829
2015-06-29 09:45:00,77.39,77.72,76.7,76.89,43736
2015-06-29 10:00:00,76.95,77.12,76.87,76.9,19084
2015-06-29 10:15:00,76.9,77.1,76.86,77.04,24451
2015-06-29 10:30:00,77.021,77.11,76.84,76.88,14892
2015-06-29 10:45:00,76.85,76.949,76.81,76.845,26041
2015-06-29 11:00:00,76.86,76.96,76.83,76.83,22314
2015-06-29 11:15:00,76.82,76.96,76.78,76.915,45303
2015-06-29 11:30:00,76.9,77.07,76.845,76.97,29576
2015-06-29 11:45:00,76.9899,76.9899,76.83,76.88,34749
2015-06-29 12:00:00,76.88,76.89,76.77,76.85,21293
2015-06-29 12:15:00,76.85,76.91,76.74,76.83,22676
2015-06-29 12:30:00,76.845,76.86,76.6901,76.81,12609
2015-06-29 12:45:00,76.79,76.84,76.63,76.63,15567
2015-06-29 13:00:00,76.63,76.63,76.41,76.59,55125
2015-06-29 13:15:00,76.62,76.62,76.37,76.42,22159
2015-06-29 13:30:00,76.4,76.57,76.4,76.53,19223
2015-06-29 13:45:00,76.5175,76.57,76.4,76.47,16746
2015-06-29 14:00:00,76.49,76.49,76.26,76.375,26020
2015-06-29 14:15:00,76.3899,76.3899,76.12,76.15,25349
2015-06-29 14:30:00,76.13,76.225,76.01,76.03,23571
2015-06-29 14:45:00,76.01,76.105,75.95,76.09,25445
2015-06-29 15:00:00,76.11,76.19,75.89,75.89,28116
2015-06-29 15:15:00,75.88,75.99,75.85,75.87,27577
2015-06-29 15:30:00,75.86,75.9,75.8,75.83,36080
2015-06-29 15:45:00,75.8,75.82,75.62,75.65,49134
2015-06-29 16:00:00,75.64,75.74,75.53,75.6,79645
2015-06-30 09:45:00,75.9,76.14,75.05,75.26,71659
2015-06-30 10:00:00,75.22,75.22,74.7798,74.87,48189
2015-06-30 10:15:00,74.855,75.25,74.69,75.08,39773
2015-06-30 10:30:00,75.1299,75.39,75.12,75.33800000000001,66454
2015-06-30 10:45:00,75.33,75.34,75.08,75.21,51845
2015-06-30 11:00:00,75.21,75.47,75.19,75.315,42682
2015-06-30 11:15:00,75.296,75.32,75.04,75.08,119596
2015-06-30 11:30:00,75.08,75.24,75.04,75.21,70732
2015-06-30 11:45:00,75.21,75.32,75.06,75.17,39826
2015-06-30 12:00:00,75.165,75.23,75.0,75.03,45441
2015-06-30 12:15:00,75.045,75.18,75.02,75.124,29321
2015-06-30 12:30:00,75.09,75.135,74.75,74.78,39706
2015-06-30 12:45:00,74.8,74.93,74.72,74.76,33805
2015-06-30 13:00:00,74.77,75.01,74.74,75.01,28958
2015-06-30 13:15:00,75.006,75.14,74.93,75.0,39654
2015-06-30 13:30:00,75.01,75.096,74.93,75.02,52656
2015-06-30 13:45:00,75.01,75.29,74.97399999999999,75.15,38217
2015-06-30 14:00:00,75.13,75.26,75.07,75.18,59851
2015-06-30 14:15:00,75.1705,75.47,75.15,75.37,95586
2015-06-30 14:30:00,75.37,75.37,74.9,74.99,74143
2015-06-30 14:45:00,74.98,75.0336,74.82,74.91,37195
2015-06-30 15:00:00,74.91,75.04,74.85,74.87,37916
2015-06-30 15:15:00,74.895,74.99,74.857,74.935,66834
2015-06-30 15:30:00,74.91,74.93,74.685,74.76,62516
2015-06-30 15:45:00,74.76,74.98,74.76,74.88,93174
2015-06-30 16:00:00,74.88,75.03,74.75,74.79,218141
2015-07-01 09:45:00,74.03,76.26,74.02,75.09,183715
2015-07-01 10:00:00,75.065,75.18,74.82,74.878,70964
2015-07-01 10:15:00,74.85,75.11,74.79,74.944,53305
2015-07-01 10:30:00,74.931,75.33,74.93,75.1775,72084
2015-07-01 10:45:00,75.12100000000001,75.18,74.75,74.94,48465
2015-07-01 11:00:00,74.97,75.14,74.76,75.0295,38850
2015-07-01 11:15:00,75.03,75.16,75.02,75.12,44728
2015-07-01 11:30:00,75.1205,75.625,75.1205,75.51,41467
2015-07-01 11:45:00,75.51,75.51,75.12,75.2425,60521
2015-07-01 12:00:00,75.23,75.27,75.0,75.18,52630
2015-07-01 12:15:00,75.16,75.47,75.02,75.42,68651
2015-07-01 12:30:00,75.42,75.44,75.19,75.26,38916
2015-07-01 12:45:00,75.27,75.58,75.21,75.57,24004
2015-07-01 13:00:00,75.57,75.69,75.55,75.66,42420
2015-07-01 13:15:00,75.65,75.65,75.19,75.34,71232
2015-07-01 13:30:00,75.3175,75.47,75.3,75.38,36250
2015-07-01 13:45:00,75.37100000000001,75.76,75.37,75.73,39325
2015-07-01 14:00:00,75.7299,75.79,75.55,75.55,30482
2015-07-01 14:15:00,75.55,75.55,75.3,75.454,37235
2015-07-01 14:30:00,75.47,75.55,75.39,75.49,32925
2015-07-01 14:45:00,75.49,75.57,75.39,75.48,38162
2015-07-01 15:00:00,75.467,75.67,75.43,75.61,43751
2015-07-01 15:15:00,75.59,75.68,75.54,75.6,46251
2015-07-01 15:30:00,75.58,75.605,75.45,75.49,72179
2015-07-01 15:45:00,75.485,75.61,75.47,75.61,55819
2015-07-01 16:00:00,75.61,75.79,75.57,75.78,128488
2015-07-02 09:45:00,75.57,75.77,75.3,75.33,73844
2015-07-02 10:00:00,75.34,75.37,74.88,75.05,34311
2015-07-02 10:15:00,75.035,75.175,74.92,74.93,37329
2015-07-02 10:30:00,74.9,75.09,74.84,75.05,33948
2015-07-02 10:45:00,75.07,75.2,75.0,75.2,23296
2015-07-02 11:00:00,75.21,75.4,75.2,75.36,26396
2015-07-02 11:15:00,75.37,75.38,75.23,75.3,44542
2015-07-02 11:30:00,75.34,75.43,75.3,75.3359,41938
2015-07-02 11:45:00,75.32,75.41,75.29,75.311,34828
2015-07-02 12:00:00,75.32,75.41,75.27,75.3,26306
2015-07-02 12:15:00,75.3,75.43,75.3,75.43,24725
2015-07-02 12:30:00,75.422,75.44,75.32,75.4,21247
2015-07-02 12:45:00,75.41,75.6,75.41,75.54,28399
2015-07-02 13:00:00,75.53,75.53,75.26,75.27,36641
2015-07-02 13:15:00,75.26,75.44,75.25,75.265,32446
2015-07-02 13:30:00,75.25,75.43,75.25,75.43,26170
2015-07-02 13:45:00,75.43,75.52,75.36,75.36,14050
2015-07-02 14:00:00,75.38,75.47,75.36,75.4,23117
2015-07-02 14:15:00,75.398,75.5,75.32,75.5,30626
2015-07-02 14:30:00,75.477,75.52,75.44,75.48,18470
2015-07-02 14:45:00,75.5005,75.63,75.48,75.485,33630
2015-07-02 15:00:00,75.485,75.695,75.4601,75.6805,37467
2015-07-02 15:15:00,75.67,75.69,75.54,75.67,35339
2015-07-02 15:30:00,75.66,75.88,75.59,75.86,53684
2015-07-02 15:45:00,75.88,75.89,75.7205,75.877,52234
2015-07-02 16:00:00,75.88,75.97,75.827,75.92,136797
2015-07-06 09:45:00,74.97,75.91,74.66,75.768,58188
2015-07-06 10:00:00,75.71,75.87,75.48,75.51,12225
2015-07-06 10:15:00,75.49,76.15,75.48,76.11,22615
2015-07-06 10:30:00,76.1,76.1,75.88,76.0,22717
2015-07-06 10:45:00,75.99,76.37,75.9,76.325,28730
2015-07-06 11:00:00,76.33,76.38,76.18,76.32,22995
2015-07-06 11:15:00,76.32,76.32,75.94,76.01,29886
2015-07-06 11:30:00,75.96,76.1,75.83,76.1,23685
2015-07-06 11:45:00,76.0805,76.0805,75.69,75.86,42585
2015-07-06 12:00:00,75.8,75.99,75.8,75.89,19229
2015-07-06 12:15:00,75.904,75.94,75.79,75.83,19186
2015-07-06 12:30:00,75.81,75.97,75.72,75.84,24791
2015-07-06 12:45:00,75.85,75.86,75.65,75.75,41706
2015-07-06 13:00:00,75.71,75.87,75.65,75.85,16144
2015-07-06 13:15:00,75.85,75.89,75.66,75.687,26303
2015-07-06 13:30:00,75.68,75.75,75.56,75.58,24613
2015-07-06 13:45:00,75.57,75.65,75.51,75.5975,17969
2015-07-06 14:00:00,75.62,75.63,75.47,75.57,20671
2015-07-06 14:15:00,75.56,75.61,75.41,75.53,21566
2015-07-06 14:30:00,75.52,75.57,75.36,75.37,28695
2015-07-06 14:45:00,75.375,75.49,75.33,75.41,24305
2015-07-06 15:00:00,75.395,75.52,75.39,75.497,26256
2015-07-06 15:15:00,75.47,75.6,75.4,75.55,33941
2015-07-06 15:30:00,75.52,75.71,75.52,75.657,40469
2015-07-06 15:45:00,75.66,75.78,75.62,75.63,41267
2015-07-06 16:00:00,75.627,75.9,75.62,75.88,82204
2015-07-07 09:45:00,75.79,75.92,75.51,75.8,46163
2015-07-07 10:00:00,75.77,75.88,75.52,75.53,15482
2015-07-07 10:15:00,75.59,75.6405,75.37,75.541,12506
2015-07-07 10:30:00,75.54,75.62,75.36,75.37,10636
2015-07-07 10:45:00,75.33,75.5,75.181,75.34,19144
2015-07-07 11:00:00,75.33,75.505,75.33,75.35,17227
2015-07-07 11:15:00,75.36,75.4,75.2,75.34,17085
2015-07-07 11:30:00,75.34,75.49,75.24,75.3769,23032
2015-07-07 11:45:00,75.4,75.48,75.12,75.454,24906
2015-07-07 12:00:00,75.45,75.65,75.31,75.56,29602
2015-07-07 12:15:00,75.56,75.56,75.33,75.4,17799
2015-07-07 12:30:00,75.4,75.42,75.17,75.3,37406
2015-07-07 12:45:00,75.3,75.5,75.3,75.4545,18113
2015-07-07 13:00:00,75.48,75.76,75.465,75.64,45485
2015-07-07 13:15:00,75.68,75.96,75.58,75.94,26040
2015-07-07 13:30:00,75.93,75.93,75.7,75.75,17891
2015-07-07 13:45:00,75.76,75.88,75.7,75.85,20306
2015-07-07 14:00:00,75.8505,75.8505,75.66,75.66,21185
2015-07-07 14:15:00,75.69,75.73,75.547,75.65,25090
2015-07-07 14:30:00,75.6305,75.8,75.61,75.75,32286
2015-07-07 14:45:00,75.7305,75.99,75.6605,75.95,70822
2015-07-07 15:00:00,75.94,76.22399999999999,75.8675,76.14,25127
2015-07-07 15:15:00,76.17,76.19,76.01,76.04,36712
2015-07-07 15:30:00,76.02,76.18,75.99,76.13,40311
2015-07-07 15:45:00,76.12,76.23,76.05,76.08,55720
2015-07-07 16:00:00,76.08,76.2,76.024,76.15,114044
2015-07-08 09:45:00,76.17,76.74,76.14,76.64,64177
2015-07-08 10:00:00,76.64,77.0,76.49,76.85,50795
2015-07-08 10:15:00,76.84,76.84,76.52,76.745,26857
2015-07-08 10:30:00,76.73,77.0755,76.72,76.9505,39903
2015-07-08 10:45:00,76.95,76.99,76.53,76.99,89083
2015-07-08 11:00:00,76.965,77.22,76.84,77.21,31108
2015-07-08 11:15:00,77.185,77.21,76.85,77.06,41079
2015-07-08 11:30:00,77.04,77.14,76.76,76.93,40275
2015-07-08 11:45:00,76.93,77.185,76.91,77.11,36279
2015-07-08 12:00:00,77.1,77.21,76.905,77.015,63918
2015-07-08 12:15:00,76.97,77.06,76.9,77.02,30143
2015-07-08 12:30:00,77.02,77.09,76.95,77.016,15177
2015-07-08 12:45:00,76.99,77.04,76.84,76.84,30193
2015-07-08 13:00:00,76.84,77.17,76.83,77.17,23742
2015-07-08 13:15:00,77.17,77.17,76.92,77.08,20389
2015-07-08 13:30:00,77.04,77.15,76.95,77.01,17527
2015-07-08 13:45:00,77.005,77.12,76.95,77.07,31289
2015-07-08 14:00:00,77.07,77.5,77.06,77.27,69481
2015-07-08 14:15:00,77.28,77.31,77.05,77.24,20949
2015-07-08 14:30:00,77.24,77.43,77.15,77.35,63590
2015-07-08 14:45:00,77.33,77.35,77.1,77.14,53750
2015-07-08 15:00:00,77.14,77.145,76.88,76.99,242867
2015-07-08 15:15:00,77.04,77.275,76.96,77.26,53067
2015-07-08 15:30:00,77.25,77.35,77.0,77.05,60402
2015-07-08 15:45:00,77.03,77.22,77.0,77.2,94342
2015-07-08 16:00:00,77.2,77.23,77.0,77.06,399340
2015-07-09 09:45:00,77.44,77.68,77.29,77.3,73920
2015-07-09 10:00:00,77.325,77.42,77.05,77.41,57280
2015-07-09 10:15:00,77.4,77.41,77.0,77.17,72521
2015-07-09 10:30:00,77.155,77.34,76.71,76.75,120845
2015-07-09 10:45:00,76.76,77.035,76.685,76.9,42756
2015-07-09 11:00:00,76.9099,77.0825,76.84,77.0,27206
2015-07-09 11:15:00,76.98,77.27,76.89,77.27,40479
2015-07-09 11:30:00,77.235,77.27,77.0,77.05,26718
2015-07-09 11:45:00,77.042,77.1,76.69,76.72,55399
2015-07-09 12:00:00,76.7033,76.8,76.62,76.63,28301
2015-07-09 12:15:00,76.61,76.69,76.57,76.69,27752
2015-07-09 12:30:00,76.69,76.71,76.52,76.6,35369
2015-07-09 12:45:00,76.59,76.64,76.4,76.49,17131
2015-07-09 13:00:00,76.47399999999999,76.57,76.465,76.52,18632
2015-07-09 13:15:00,76.53,76.53,76.31,76.3399,14644
2015-07-09 13:30:00,76.32,76.4,76.22,76.29,45130
2015-07-09 13:45:00,76.3,76.54,76.25,76.47,39182
2015-07-09 14:00:00,76.47,76.53,76.21,76.285,26789
2015-07-09 14:15:00,76.285,76.3,76.0101,76.0101,35259
2015-07-09 14:30:00,76.02,76.03,75.85,75.99,45369
2015-07-09 14:45:00,75.97,76.065,75.855,76.02,33690
2015-07-09 15:00:00,76.02,76.25,75.91,76.15,62718
2015-07-09 15:15:00,76.13,76.19,76.09,76.125,72210
2015-07-09 15:30:00,76.12,76.18,76.02,76.04,77909
2015-07-09 15:45:00,76.01,76.1,75.94,76.03,112294
2015-07-09 16:00:00,76.04,76.15,75.94,75.94,111898
2015-07-10 09:45:00,76.86,76.86,76.14,76.55,46468
2015-07-10 10:00:00,76.55,76.88,76.47,76.78,69539
2015-07-10 10:15:00,76.77,76.93,76.7,76.77,29992
2015-07-10 10:30:00,76.74,77.06,76.74,77.025,76983
2015-07-10 10:45:00,77.0,77.06,76.89,76.9155,78246
2015-07-10 11:00:00,76.92,77.01,76.88,76.99,34272
2015-07-10 11:15:00,76.98,77.33,76.975,77.25,31336
2015-07-10 11:30:00,77.26,77.33,77.1,77.31,32947
2015-07-10 11:45:00,77.3,77.33,77.12,77.24,39034
2015-07-10 12:00:00,77.24,77.35,77.13,77.34,52372
2015-07-10 12:15:00,77.34,77.58,77.3,77.43,34523
2015-07-10 12:30:00,77.4505,77.54,77.42,77.42,18077
2015-07-10 12:45:00,77.41,77.53,77.38,77.395,37994
2015-07-10 13:00:00,77.4,77.44,77.28,77.395,79325
2015-07-10 13:15:00,77.41,77.56,77.37,77.56,71848
2015-07-10 13:30:00,77.58,77.67,77.5,77.56,47308
2015-07-10 13:45:00,77.56,77.57,77.32,77.32,62567
2015-07-10 14:00:00,77.3416,77.3448,77.15,77.195,43567
2015-07-10 14:15:00,77.21,77.33,77.16,77.17,22375
2015-07-10 14:30:00,77.19,77.256,77.1,77.1299,46051
2015-07-10 14:45:00,77.13,77.32,77.08,77.3,50480
2015-07-10 15:00:00,77.3,77.34,77.15,77.21,27248
2015-07-10 15:15:00,77.2,77.48,77.175,77.46,62608
2015-07-10 15:30:00,77.43,77.62,77.38,77.47,111386
2015-07-10 15:45:00,77.47,77.53,77.31,77.34,67992
2015-07-10 16:00:00,77.36,77.42,77.21,77.23,134491
2015-07-13 09:45:00,77.45,77.56,76.8,76.81,67422
2015-07-13 10:00:00,76.82,77.12,76.8,77.02,40664
2015-07-13 10:15:00,77.05,77.487,77.03,77.47,42175
2015-07-13 10:30:00,77.47,77.4825,77.11,77.23,46200
2015-07-13 10:45:00,77.262,77.47,77.26,77.33,67851
2015-07-13 11:00:00,77.34,77.6,77.295,77.6,17541
2015-07-13 11:15:00,77.6,77.7,77.51,77.58,26017
2015-07-13 11:30:00,77.6,77.62,77.48,77.57,27186
2015-07-13 11:45:00,77.6,77.83,77.6,77.7,22662
2015-07-13 12:00:00,77.7,77.75,77.63,77.7,19348
2015-07-13 12:15:00,77.71,77.755,77.6475,77.715,17604
2015-07-13 12:30:00,77.71,77.72,77.62,77.65,15674
2015-07-13 12:45:00,77.65,77.66,77.56,77.58,16299
2015-07-13 13:00:00,77.54,77.7,77.53,77.6372,25800
2015-07-13 13:15:00,77.645,77.74,77.63,77.64,16383
2015-07-13 13:30:00,77.63,77.79,77.61,77.78,23101
2015-07-13 13:45:00,77.79,77.83,77.67,77.77,16067
2015-07-13 14:00:00,77.76,77.83,77.73,77.81,18653
2015-07-13 14:15:00,77.81,77.86,77.77,77.83,31074
2015-07-13 14:30:00,77.83,77.98,77.82,77.835,23352
2015-07-13 14:45:00,77.83,77.93,77.83,77.831,16724
2015-07-13 15:00:00,77.845,77.98,77.78,77.93,28396
2015-07-13 15:15:00,77.915,78.0,77.91,77.98,72965
2015-07-13 15:30:00,77.99,78.1416,77.96,78.14,31338
2015-07-13 15:45:00,78.17,78.21,78.1,78.145,41007
2015-07-13 16:00:00,78.145,78.31,78.14,78.23,120798
2015-07-14 09:45:00,78.24,78.37,77.85,78.28,43680
2015-07-14 10:00:00,78.33,78.91,78.24,78.88,50194
2015-07-14 10:15:00,78.92,78.94,78.49,78.686,94548
2015-07-14 10:30:00,78.69,78.76,78.67,78.74,67362
2015-07-14 10:45:00,78.73,78.78,78.55,78.68,63932
2015-07-14 11:00:00,78.67,78.675,78.47,78.58,78733
2015-07-14 11:15:00,78.6,78.66,78.5,78.6,51588
2015-07-14 11:30:00,78.62,78.69,78.55,78.615,53019
2015-07-14 11:45:00,78.6299,78.71,78.56,78.69,65784
2015-07-14 12:00:00,78.69,78.7,78.44,78.59,63686
2015-07-14 12:15:00,78.61,78.78,78.6,78.72399999999999,44219
2015-07-14 12:30:00,78.7475,78.9,78.73,78.89,48027
2015-07-14 12:45:00,78.88,78.895,78.64,78.69,39891
2015-07-14 13:00:00,78.68,78.69,78.5,78.54,48253
2015-07-14 13:15:00,78.5319,78.85,78.5319,78.7999,41279
2015-07-14 13:30:00,78.785,78.9,78.68,78.76,98701
2015-07-14 13:45:00,78.7575,78.7575,78.65,78.705,31320
2015-07-14 14:00:00,78.7075,78.71,78.59,78.61,41560
2015-07-14 14:15:00,78.6,78.67,78.53,78.6,39919
2015-07-14 14:30:00,78.6,78.66,78.57,78.615,46264
2015-07-14 14:45:00,78.615,78.7175,78.54,78.54,61242
2015-07-14 15:00:00,78.56,78.61,78.55,78.61,37469
2015-07-14 15:15:00,78.59,78.75,78.59,78.745,55489
2015-07-14 15:30:00,78.75,78.75,78.65,78.7,109004
2015-07-14 15:45:00,78.715,78.78,78.58,78.595,82307
2015-07-14 16:00:00,78.59,78.78,78.56,78.68,183122
2015-07-15 09:45:00,78.58,78.66,77.8901,78.16,49024
2015-07-15 10:00:00,78.19,78.2431,77.89699999999999,78.01,8598
2015-07-15 10:15:00,77.9975,78.2999,77.9975,78.2699,23574
2015-07-15 10:30:00,78.26899999999999,78.325,78.08,78.22,21168
2015-07-15 10:45:00,78.23,78.49,78.22,78.45,19948
2015-07-15 11:00:00,78.467,78.58,78.37,78.41,75737
2015-07-15 11:15:00,78.445,78.49,78.28,78.32,23143
2015-07-15 11:30:00,78.28,78.4,78.24,78.24,19199
2015-07-15 11:45:00,78.234,78.32,78.1901,78.32,19361
2015-07-15 12:00:00,78.2886,78.35,78.22,78.3,17795
2015-07-15 12:15:00,78.31,78.42,78.23,78.29,18216
2015-07-15 12:30:00,78.277,78.277,78.15,78.15,14943
2015-07-15 12:45:00,78.17,78.28,78.17,78.28,20180
2015-07-15 13:00:00,78.28,78.325,78.19,78.27,24417
2015-07-15 13:15:00,78.25,78.36,78.19,78.26,25040
2015-07-15 13:30:00,78.3,78.3,78.23,78.275,11580
2015-07-15 13:45:00,78.29,78.29,78.15,78.17,31648
2015-07-15 14:00:00,78.17,78.225,78.15,78.185,19821
2015-07-15 14:15:00,78.21,78.25,78.12,78.19,22798
2015-07-15 14:30:00,78.19,78.21,78.08,78.14,29151
2015-07-15 14:45:00,78.16,78.17,78.0,78.02,27822
2015-07-15 15:00:00,78.06,78.125,77.99,78.09,27125
2015-07-15 15:15:00,78.1,78.14,78.04,78.09,29126
2015-07-15 15:30:00,78.09,78.12,77.98,78.1,76865
2015-07-15 15:45:00,78.11,78.16,77.995,78.02,100035
2015-07-15 16:00:00,78.03,78.1,77.97,78.07,119115
2015-07-16 09:45:00,78.36,78.51,78.06,78.47,33818
2015-07-16 10:00:00,78.5,78.67,78.25,78.35,22710
2015-07-16 10:15:00,78.35,78.38,78.04,78.11,28774
2015-07-16 10:30:00,78.1,78.33,78.01,78.3,30516
2015-07-16 10:45:00,78.3,78.3,78.0975,78.13,20787
2015-07-16 11:00:00,78.13,78.31,78.1,78.25,18852
2015-07-16 11:15:00,78.28,78.54,78.25,78.54,20002
2015-07-16 11:30:00,78.55,78.56,78.5,78.53,20418
2015-07-16 11:45:00,78.53,78.56,78.46,78.5,17859
2015-07-16 12:00:00,78.5,78.63,78.5,78.62,23926
2015-07-16 12:15:00,78.63,78.7,78.57,78.68,29456
2015-07-16 12:30:00,78.7,78.78,78.61,78.71,25770
2015-07-16 12:45:00,78.72,78.99,78.72,78.86,46928
2015-07-16 13:00:00,78.875,78.94,78.64,78.7,27938
2015-07-16 13:15:00,78.7,78.85,78.66,78.76,30482
2015-07-16 13:30:00,78.76,78.88,78.72,78.85,24214
2015-07-16 13:45:00,78.85,78.96,78.77,78.83,31607
2015-07-16 14:00:00,78.83,78.83,78.63,78.71,23453
2015-07-16 14:15:00,78.71,78.775,78.59,78.64,42312
2015-07-16 14:30:00,78.64,78.7,78.44,78.4671,35116
2015-07-16 14:45:00,78.45,78.63,78.45,78.63,27877
2015-07-16 15:00:00,78.6,78.61,78.41,78.43,41676
2015-07-16 15:15:00,78.46,78.53,78.32,78.4947,29718
2015-07-16 15:30:00,78.5,78.57,78.45,78.54,34016
2015-07-16 15:45:00,78.57,78.57,78.48,78.5,45305
2015-07-16 16:00:00,78.495,78.51,78.37,78.42,111983
2015-07-17 09:45:00,78.42,79.0,77.41,77.71,94549
2015-07-17 10:00:00,77.7,78.0,77.67,77.7,99827
2015-07-17 10:15:00,77.73,77.92,77.69,77.77,143626
2015-07-17 10:30:00,77.79,77.92,77.69,77.72,48248
2015-07-17 10:45:00,77.712,77.8,77.6,77.615,70001
2015-07-17 11:00:00,77.63,77.7,77.62,77.68,37148
2015-07-17 11:15:00,77.68,77.7,77.39,77.395,58900
2015-07-17 11:30:00,77.41,77.68,77.36,77.52,26320
2015-07-17 11:45:00,77.52,77.7,77.42,77.65,40521
2015-07-17 12:00:00,77.66,77.71,77.63,77.66,54925
2015-07-17 12:15:00,77.665,77.75,77.63,77.68,68909
2015-07-17 12:30:00,77.67,77.75,77.58,77.73,37182
2015-07-17 12:45:00,77.69,77.73,77.51,77.55,59319
2015-07-17 13:00:00,77.55,77.63,77.47,77.55,21808
2015-07-17 13:15:00,77.56,77.62,77.36,77.49,53525
2015-07-17 13:30:00,77.47,77.52,77.3,77.48,41520
2015-07-17 13:45:00,77.4799,77.6,77.4,77.58,162354
2015-07-17 14:00:00,77.6,77.83,77.6,77.65,64571
2015-07-17 14:15:00,77.67,77.81,77.63,77.75,83031
2015-07-17 14:30:00,77.75,78.01,77.74,77.99,40062
2015-07-17 14:45:00,78.005,78.005,77.74,77.86,63057
2015-07-17 15:00:00,77.88,77.9,77.81,77.8705,52199
2015-07-17 15:15:00,77.86,77.9,77.83,77.86,63695
2015-07-17 15:30:00,77.86,78.12,77.84,78.08,93052
2015-07-17 15:45:00,78.09,78.22,77.99,78.09899999999999,137140
2015-07-17 16:00:00,78.095,78.46,77.92,78.27,344272
2015-07-20 09:45:00,81.69,83.52,81.69,82.31,356337
2015-07-20 10:00:00,82.35,83.09,82.21,82.61,228839
2015-07-20 10:15:00,82.61,82.79,82.25,82.6,132578
2015-07-20 10:30:00,82.6,82.94,82.44,82.76,208089
2015-07-20 10:45:00,82.67,82.8665,82.58,82.8,112153
2015-07-20 11:00:00,82.795,83.19,82.79,83.08,150520
2015-07-20 11:15:00,83.08,83.19,83.0,83.12,82569
2015-07-20 11:30:00,83.14,83.25,82.96,83.185,63546
2015-07-20 11:45:00,83.18,83.41,83.04,83.36,150067
2015-07-20 12:00:00,83.34,83.46,83.31,83.425,80537
2015-07-20 12:15:00,83.41,83.49,83.13,83.31,103049
2015-07-20 12:30:00,83.31,83.46,83.28,83.425,88412
2015-07-20 12:45:00,83.42,83.46,83.39,83.43,78093
2015-07-20 13:00:00,83.4205,83.47,83.4,83.46,66171
2015-07-20 13:15:00,83.45,83.83,83.39,83.69,136205
2015-07-20 13:30:00,83.67,83.69,83.45,83.59,62890
2015-07-20 13:45:00,83.585,83.6625,83.47,83.52,57088
2015-07-20 14:00:00,83.52,83.68,83.51,83.64,64984
2015-07-20 14:15:00,83.66,83.94,83.59,83.91,160766
2015-07-20 14:30:00,83.93,84.17,83.82,84.08,92214
2015-07-20 14:45:00,84.08,84.42,83.93,84.03,124504
2015-07-20 15:00:00,84.03,84.07,83.65,83.66,107182
2015-07-20 15:15:00,83.663,84.08,83.65,83.69,150138
2015-07-20 15:30:00,83.725,83.725,83.41,83.44,208376
2015-07-20 15:45:00,83.51,83.55,83.3,83.3199,160549
2015-07-20 16:00:00,83.3,83.325,83.13,83.16,275005
2015-07-21 09:45:00,81.89,81.89,80.5503,81.04,357943
2015-07-21 10:00:00,81.02,81.2796,80.6,80.7,101100
2015-07-21 10:15:00,80.68,81.05,80.61,80.92,123961
2015-07-21 10:30:00,80.85,81.5,80.77,81.245,152204
2015-07-21 10:45:00,81.245,81.245,80.97,81.05,138646
2015-07-21 11:00:00,81.01,81.13,80.86,81.06,45791
2015-07-21 11:15:00,81.04,81.13,80.9,80.992,61261
2015-07-21 11:30:00,81.0,81.02,80.74,80.75,63133
2015-07-21 11:45:00,80.76,80.96,80.73,80.917,51498
2015-07-21 12:00:00,80.93,80.98,80.75,80.77,54217
2015-07-21 12:15:00,80.78,81.05,80.74,80.74,63249
2015-07-21 12:30:00,80.72,80.87,80.57,80.62,41788
2015-07-21 12:45:00,80.62,80.84,80.54,80.7,109405
2015-07-21 13:00:00,80.7,80.77,80.65,80.72,111113
2015-07-21 13:15:00,80.74,81.0,80.74,80.84,148620
2015-07-21 13:30:00,80.82,80.92,80.75,80.75,91460
2015-07-21 13:45:00,80.74,80.75,80.49,80.52,65460
2015-07-21 14:00:00,80.52,80.56,80.3,80.34,47212
2015-07-21 14:15:00,80.34,80.38,80.15,80.17,60764
2015-07-21 14:30:00,80.17,80.215,79.96,80.02,103308
2015-07-21 14:45:00,80.0,80.5,79.99,80.47,54580
2015-07-21 15:00:00,80.5,80.5,80.13,80.18,41147
2015-07-21 15:15:00,80.18,80.37,80.152,80.34,78772
2015-07-21 15:30:00,80.345,80.37,80.24,80.35,93812
2015-07-21 15:45:00,80.34,80.5,80.24,80.3075,128272
2015-07-21 16:00:00,80.3,80.47,80.24,80.42,191003
2015-07-22 09:45:00,80.51,80.67,79.92,80.28,95903
2015-07-22 10:00:00,80.33,80.37,79.88,80.36,53278
2015-07-22 10:15:00,80.34,80.34,79.82,79.9,37348
2015-07-22 10:30:00,79.92,80.09,79.88,79.9685,32281
2015-07-22 10:45:00,79.96,79.98,79.78,79.95,30459
2015-07-22 11:00:00,79.91,79.92,79.84,79.89,22077
2015-07-22 11:15:00,79.87,79.95,79.84,79.88,40406
2015-07-22 11:30:00,79.87,79.94,79.85,79.87,33054
2015-07-22 11:45:00,79.86,79.88,79.59,79.615,49927
2015-07-22 12:00:00,79.59,79.83,79.59,79.816,20205
2015-07-22 12:15:00,79.83,79.89,79.72,79.78,14774
2015-07-22 12:30:00,79.76,79.76,79.65,79.684,15645
2015-07-22 12:45:00,79.69,79.69,79.54,79.64,28637
2015-07-22 13:00:00,79.65,79.68,79.5139,79.5839,28900
2015-07-22 13:15:00,79.5905,79.64,79.56,79.5663,28180
2015-07-22 13:30:00,79.59,79.7,79.59,79.64,21103
2015-07-22 13:45:00,79.63,79.71,79.55,79.58,54978
2015-07-22 14:00:00,79.56,79.6,79.53,79.56,27531
2015-07-22 14:15:00,79.55,79.61,79.45,79.4942,37888
2015-07-22 14:30:00,79.5,79.57,79.4863,79.52,53595
2015-07-22 14:45:00,79.54,79.55,79.45,79.49,48651
2015-07-22 15:00:00,79.5,79.64,79.4701,79.6101,30516
2015-07-22 15:15:00,79.62,79.74,79.61,79.68,28675
2015-07-22 15:30:00,79.67,79.85,79.67,79.78,27524
2015-07-22 15:45:00,79.77,79.82,79.7335,79.785,53221
2015-07-22 16:00:00,79.78,79.9,79.76,79.85,133143
2015-07-23 09:45:00,79.92,80.27,79.6,79.62,113773
2015-07-23 10:00:00,79.59,79.75,79.48,79.6,31778
2015-07-23 10:15:00,79.62,79.65,79.46,79.6,10774
2015-07-23 10:30:00,79.62,79.78,79.61,79.73,44528
2015-07-23 10:45:00,79.77,79.87,79.69,79.73,17766
2015-07-23 11:00:00,79.74,79.84,79.68,79.7775,17268
2015-07-23 11:15:00,79.73,79.83,79.68,79.72,19741
2015-07-23 11:30:00,79.72,79.75,79.61,79.72,21433
2015-07-23 11:45:00,79.68,79.71,79.57,79.5901,33165
2015-07-23 12:00:00,79.6,79.6524,79.47,79.47,33623
2015-07-23 12:15:00,79.45,79.513,79.31,79.4899,32846
2015-07-23 12:30:00,79.43,79.43,79.23,79.315,28585
2015-07-23 12:45:00,79.315,79.32,79.17,79.27,17489
2015-07-23 13:00:00,79.29,79.29,79.09,79.15,40792
2015-07-23 13:15:00,79.1647,79.28,79.125,79.28,17344
2015-07-23 13:30:00,79.26,79.43,79.22,79.39,14097
2015-07-23 13:45:00,79.43,79.43,79.185,79.31,17121
2015-07-23 14:00:00,79.34,79.47,79.31,79.31,27904
2015-07-23 14:15:00,79.31,79.44,79.295,79.39,26335
2015-07-23 14:30:00,79.38,79.47,79.33,79.4,18306
2015-07-23 14:45:00,79.43,79.46,79.3,79.37,31737
2015-07-23 15:00:00,79.38,79.39,79.09,79.1,13650
2015-07-23 15:15:00,79.09,79.16,79.05,79.0886,26581
2015-07-23 15:30:00,79.07,79.19,79.05,79.1548,23238
2015-07-23 15:45:00,79.13,79.37,79.07,79.34,53503
2015-07-23 16:00:00,79.34,79.35,79.23,79.28,100001
2015-07-24 09:45:00,79.33,79.7948,79.12,79.31,44992
2015-07-24 10:00:00,79.34,79.47,79.19,79.25,30439
2015-07-24 10:15:00,79.22,79.33,79.06,79.13,18916
2015-07-24 10:30:00,79.17,79.36,79.08,79.26,32166
2015-07-24 10:45:00,79.26,79.31,79.17,79.26,10426
2015-07-24 11:00:00,79.31,79.34,79.07,79.28,72804
2015-07-24 11:15:00,79.3,79.35,79.23,79.28,15782
2015-07-24 11:30:00,79.31,79.32,79.15,79.23,33209
2015-07-24 11:45:00,79.27,79.37,79.22,79.232,14041
2015-07-24 12:00:00,79.28,79.288,79.17,79.2007,10806
2015-07-24 12:15:00,79.19,79.27,79.11,79.27,15874
2015-07-24 12:30:00,79.29,79.34,79.22,79.3,23734
2015-07-24 12:45:00,79.26,79.41,79.22,79.3157,12913
2015-07-24 13:00:00,79.33,79.38,79.17,79.2399,20178
2015-07-24 13:15:00,79.19,79.31,79.171,79.20100000000001,29082
2015-07-24 13:30:00,79.1967,79.31,79.18,79.3,49940
2015-07-24 13:45:00,79.295,79.32,79.17,79.2,54269
2015-07-24 14:00:00,79.18,79.34,79.15,79.26,55855
2015-07-24 14:15:00,79.26,79.42,79.18,79.32,89572
2015-07-24 14:30:00,79.30199999999999,79.44,79.28,79.43,31229
2015-07-24 14:45:00,79.45,79.45,79.3,79.44,17734
2015-07-24 15:00:00,79.42,79.59,79.37,79.45,76191
2015-07-24 15:15:00,79.455,79.55,79.39,79.55,14558
2015-07-24 15:30:00,79.53,79.61,79.48,79.51,30594
2015-07-24 15:45:00,79.52,79.6,79.43,79.46,42117
2015-07-24 16:00:00,79.46,79.7,79.46,79.64,122096
2015-07-27 09:45:00,79.63,80.13,79.5,79.82,80548
2015-07-27 10:00:00,79.8199,80.05,79.67,79.67,26322
2015-07-27 10:15:00,79.54,79.64,79.4001,79.61,44576
2015-07-27 10:30:00,79.645,79.95,79.63,79.93,21181
2015-07-27 10:45:00,79.88,80.03,79.76,79.84,36726
2015-07-27 11:00:00,79.83,79.89,79.64,79.65,18241
2015-07-27 11:15:00,79.65,79.72,79.5,79.53,21668
2015-07-27 11:30:00,79.5,79.58,79.3862,79.45,17627
2015-07-27 11:45:00,79.46,79.465,79.11,79.16,36747
2015-07-27 12:00:00,79.18,79.46,79.13,79.37,39851
2015-07-27 12:15:00,79.395,79.4,79.32,79.36,12700
2015-07-27 12:30:00,79.35,79.5,79.34,79.43,17643
2015-07-27 12:45:00,79.47,79.51,79.32,79.34,14678
2015-07-27 13:00:00,79.31,79.38,79.22,79.28,16936
2015-07-27 13:15:00,79.29,79.35,79.22,79.24,15464
2015-07-27 13:30:00,79.27,79.31,79.1801,79.19,19524
2015-07-27 13:45:00,79.18,79.205,79.12,79.19,62257
2015-07-27 14:00:00,79.21,79.32,79.2,79.29,50495
2015-07-27 14:15:00,79.3,79.35,79.2001,79.31,19726
2015-07-27 14:30:00,79.34,79.44,79.25,79.294,20515
2015-07-27 14:45:00,79.29,79.475,79.28,79.372,16394
2015-07-27 15:00:00,79.38,79.59,79.38,79.56,24376
2015-07-27 15:15:00,79.54,79.56,79.42,79.55,30489
2015-07-27 15:30:00,79.54,79.61,79.45,79.48,50539
2015-07-27 15:45:00,79.47,79.5,79.365,79.47,72582
2015-07-27 16:00:00,79.475,79.6,79.41,79.5,104741
2015-07-28 09:45:00,79.9,79.9,79.38,79.54,31135
2015-07-28 10:00:00,79.54,79.54,79.2201,79.38,8075
2015-07-28 10:15:00,79.38,79.38,79.0885,79.21,10221
2015-07-28 10:30:00,79.22,79.26,79.1,79.1,7396
2015-07-28 10:45:00,79.1,79.22,79.064,79.14,16673
2015-07-28 11:00:00,79.18,79.22,79.05,79.22,27211
2015-07-28 11:15:00,79.175,79.3299,79.15,79.31,33195
2015-07-28 11:30:00,79.3,79.45,79.13,79.205,27633
2015-07-28 11:45:00,79.23,79.29,79.16,79.23,25687
2015-07-28 12:00:00,79.23,79.31,79.15,79.15,8312
2015-07-28 12:15:00,79.17,79.38,79.165,79.36,13433
2015-07-28 12:30:00,79.37,79.51,79.33,79.44,14657
2015-07-28 12:45:00,79.44,79.49,79.25,79.375,9125
2015-07-28 13:00:00,79.34,79.46,79.32,79.41,10102
2015-07-28 13:15:00,79.3645,79.63,79.3403,79.63,7259
2015-07-28 13:30:00,79.62,79.69,79.5701,79.5701,13572
2015-07-28 13:45:00,79.56,79.61,79.51,79.5501,15430
2015-07-28 14:00:00,79.59,79.61,79.47,79.5108,10787
2015-07-28 14:15:00,79.52,79.53,79.43,79.44800000000001,23673
2015-07-28 14:30:00,79.429,79.58,79.39,79.54,24550
2015-07-28 14:45:00,79.53,79.59,79.43,79.58,39160
2015-07-28 15:00:00,79.5692,79.66,79.5,79.64,22910
2015-07-28 15:15:00,79.63,79.8,79.53,79.76,70465
2015-07-28 15:30:00,79.76,79.87,79.63,79.68,49746
2015-07-28 15:45:00,79.69,79.78,79.61,79.64,36858
2015-07-28 16:00:00,79.63,79.68,79.53,79.57,109164
2015-07-29 09:45:00,79.77,79.805,79.32,79.34,70355
2015-07-29 10:00:00,79.3136,79.88,79.3,79.83,19930
2015-07-29 10:15:00,79.83,80.03,79.66,79.96,39684
2015-07-29 10:30:00,79.96,80.1,79.63,79.6889,23965
2015-07-29 10:45:00,79.74,80.11,79.74,80.05,60274
2015-07-29 11:00:00,80.05,80.31,79.94,80.23,44676
2015-07-29 11:15:00,80.23,80.3,79.95,80.054,26386
2015-07-29 11:30:00,80.11,80.24,80.04,80.2,20073
2015-07-29 11:45:00,80.2,80.52,80.2,80.52,29857
2015-07-29 12:00:00,80.5,80.5,80.38,80.479,15271
2015-07-29 12:15:00,80.4999,80.53,80.3223,80.35,107111
2015-07-29 12:30:00,80.35,80.4,80.19,80.38,13614
2015-07-29 12:45:00,80.3888,80.41,80.29,80.37,13088
2015-07-29 13:00:00,80.4,80.45,80.29,80.3,16101
2015-07-29 13:15:00,80.28,80.28,80.12,80.1625,7471
2015-07-29 13:30:00,80.16,80.255,80.13,80.17,13208
2015-07-29 13:45:00,80.18,80.235,80.03,80.03,11429
2015-07-29 14:00:00,80.05,80.3,79.96,80.3,12798
2015-07-29 14:15:00,80.26,80.48,80.07,80.23,37246
2015-07-29 14:30:00,80.24,80.4625,80.1901,80.42,23814
2015-07-29 14:45:00,80.44,80.6915,80.36,80.69,24871
2015-07-29 15:00:00,80.69,80.83,80.6,80.74,19361
2015-07-29 15:15:00,80.72,80.79,80.6,80.775,27059
2015-07-29 15:30:00,80.76,80.91,80.72,80.86,31915
2015-07-29 15:45:00,80.86,80.91,80.72,80.87,59327
2015-07-29 16:00:00,80.89,80.92,80.71,80.745,173785
2015-07-30 09:45:00,80.13,80.34,79.52,79.74,45192
2015-07-30 10:00:00,79.76,79.88,79.6,79.8,31436
2015-07-30 10:15:00,79.75,80.2,79.69,79.69,23053
2015-07-30 10:30:00,79.69,79.94,79.69,79.8575,18393
2015-07-30 10:45:00,79.87,79.96,79.78,79.8501,43003
2015-07-30 11:00:00,79.85,79.88,79.72,79.73,34416
2015-07-30 11:15:00,79.735,79.81,79.66,79.73,15603
2015-07-30 11:30:00,79.74,79.89,79.71,79.88,62294
2015-07-30 11:45:00,79.885,79.95,79.75,79.85,53393
2015-07-30 12:00:00,79.85,79.88,79.76,79.87,28851
2015-07-30 12:15:00,79.87,79.99,79.83,79.97,26280
2015-07-30 12:30:00,79.97,80.09,79.93,79.93,13087
2015-07-30 12:45:00,79.93,79.98,79.83,79.96,12084
2015-07-30 13:00:00,79.96,79.96,79.86,79.93,13877
2015-07-30 13:15:00,79.96,80.07,79.92,80.0,13316
2015-07-30 13:30:00,80.03,80.06,79.87,79.91,12108
2015-07-30 13:45:00,79.96,80.04,79.87,79.9,7523
2015-07-30 14:00:00,79.9,80.0,79.82,79.93,9817
2015-07-30 14:15:00,79.94,79.99,79.84,79.9,9261
2015-07-30 14:30:00,79.92,79.95,79.84,79.85,8697
2015-07-30 14:45:00,79.82,79.96,79.7667,79.90100000000001,20228
2015-07-30 15:00:00,79.9409,80.0,79.87,79.91,21732
2015-07-30 15:15:00,79.96,79.96,79.8201,79.91,24885
2015-07-30 15:30:00,79.91,79.92,79.833,79.9,49331
2015-07-30 15:45:00,79.9,79.91,79.875,79.88,44088
2015-07-30 16:00:00,79.89,80.02,79.85,79.99,139318
2015-07-31 09:45:00,80.02,80.15,79.32,79.32,58506
2015-07-31 10:00:00,79.4,79.51,79.248,79.47,29533
2015-07-31 10:15:00,79.44,79.495,79.24,79.26,20406
2015-07-31 10:30:00,79.3,79.58,79.3,79.48,20194
2015-07-31 10:45:00,79.51,79.91,79.5025,79.91,24580
2015-07-31 11:00:00,79.90899999999999,79.93,79.77,79.875,21307
2015-07-31 11:15:00,79.88,79.88,79.56,79.69,26422
2015-07-31 11:30:00,79.69,79.8099,79.675,79.72,24546
2015-07-31 11:45:00,79.75,79.76,79.59,79.59,12597
2015-07-31 12:00:00,79.6,79.735,79.54,79.64,19261
2015-07-31 12:15:00,79.66,79.66,79.455,79.51,26969
2015-07-31 12:30:00,79.51,79.61,79.51,79.53,12680
2015-07-31 12:45:00,79.54,79.54,79.41,79.447,9247
2015-07-31 13:00:00,79.42,79.43,79.35,79.38,10684
2015-07-31 13:15:00,79.35,79.39,79.26,79.29,18937
2015-07-31 13:30:00,79.2656,79.37,79.11,79.11,13866
2015-07-31 13:45:00,79.11,79.27,79.11,79.15,23373
2015-07-31 14:00:00,79.17,79.257,79.12,79.15,11769
2015-07-31 14:15:00,79.16,79.26,79.15,79.2,12193
2015-07-31 14:30:00,79.21,79.215,79.0452,79.0545,26885
2015-07-31 14:45:00,79.06,79.09,78.97,78.993,28497
2015-07-31 15:00:00,79.01,79.02,78.86,78.9652,28788
2015-07-31 15:15:00,79.0,79.08,78.95,79.03,27742
2015-07-31 15:30:00,79.02,79.1,79.0,79.03,28160
2015-07-31 15:45:00,79.025,79.2,78.98,79.1,49977
2015-07-31 16:00:00,79.12,79.15,78.6,78.71,418632
2015-08-03 09:45:00,78.74,79.02,78.655,78.69,85171
2015-08-03 10:00:00,78.6,78.96,78.6,78.7735,10602
2015-08-03 10:15:00,78.79,78.84,78.39,78.73,17024
2015-08-03 10:30:00,78.72,78.77,78.28,78.34,23932
2015-08-03 10:45:00,78.31,78.32,78.07,78.27,24999
2015-08-03 11:00:00,78.21,78.34,77.84,77.89,27549
2015-08-03 11:15:00,77.91,77.97,77.71,77.898,21920
2015-08-03 11:30:00,77.89,77.99,77.8301,77.88,10531
2015-08-03 11:45:00,77.9,78.005,77.9,77.98,20617
2015-08-03 12:00:00,77.99,78.09,77.97,77.99,17270
2015-08-03 12:15:00,77.99,78.1858,77.91,78.18,18128
2015-08-03 12:30:00,78.17,78.18,78.0,78.09,27270
2015-08-03 12:45:00,78.09,78.1,77.61,77.66,17788
2015-08-03 13:00:00,77.62,77.63,77.51,77.6,15591
2015-08-03 13:15:00,77.6,77.71,77.5462,77.64,44258
2015-08-03 13:30:00,77.64,77.82,77.59,77.79,13796
2015-08-03 13:45:00,77.8,77.89,77.62,77.67,29484
2015-08-03 14:00:00,77.65,77.72,77.56,77.56,12892
2015-08-03 14:15:00,77.54,77.6252,77.2201,77.35,39114
2015-08-03 14:30:00,77.37,77.44,77.37,77.3706,25477
2015-08-03 14:45:00,77.36,77.52,77.304,77.44,21711
2015-08-03 15:00:00,77.46,77.54,77.27,77.35,19391
2015-08-03 15:15:00,77.35,77.48,77.28,77.48,23644
2015-08-03 15:30:00,77.46,77.6,77.35,77.52,24596
2015-08-03 15:45:00,77.55,77.8,77.49,77.78,36707
2015-08-03 16:00:00,77.79,77.82,77.68,77.75,111664
2015-08-04 09:45:00,77.74,78.7,77.49,78.59,41146
2015-08-04 10:00:00,78.61,79.0261,78.58,79.02,17567
2015-08-04 10:15:00,79.0,79.09,78.79,79.09,35704
2015-08-04 10:30:00,79.1099,79.33,79.0,79.29,32292
2015-08-04 10:45:00,79.29,79.32,79.09,79.1552,31566
2015-08-04 11:00:00,79.18,79.47,79.16,79.31,23206
2015-08-04 11:15:00,79.33,79.58,79.25,79.47,22209
2015-08-04 11:30:00,79.45,79.63,79.43,79.5745,27770
2015-08-04 11:45:00,79.55,79.65,79.44,79.64,22007
2015-08-04 12:00:00,79.66,79.69,79.2,79.28,29607
2015-08-04 12:15:00,79.26,79.28,78.98,78.98,26856
2015-08-04 12:30:00,79.0,79.08,78.99,79.01,17612
2015-08-04 12:45:00,79.0,79.07300000000001,78.82,78.82,18473
2015-08-04 13:00:00,78.83,79.01,78.74,78.82,15645
2015-08-04 13:15:00,78.81,78.86,78.74,78.86,10552
2015-08-04 13:30:00,78.89,78.98,78.88,78.93,7375
2015-08-04 13:45:00,78.91,79.116,78.79,78.84,26435
2015-08-04 14:00:00,78.85,78.87,78.65,78.67,16469
2015-08-04 14:15:00,78.67,78.767,78.58,78.69,22280
2015-08-04 14:30:00,78.68,78.788,78.53,78.65,29897
2015-08-04 14:45:00,78.6,78.82,78.58,78.704,20026
2015-08-04 15:00:00,78.65,78.845,78.65,78.66,15593
2015-08-04 15:15:00,78.68,78.835,78.65,78.76,24008
2015-08-04 15:30:00,78.76,78.91,78.76,78.88,27959
2015-08-04 15:45:00,78.87,78.96,78.68,78.78,35267
2015-08-04 16:00:00,78.76,78.89,78.65,78.83,76132
2015-08-05 09:45:00,79.09,79.43,78.78,79.42,49754
2015-08-05 10:00:00,79.42,79.605,79.2,79.2,9830
2015-08-05 10:15:00,79.19,79.315,79.07,79.3,22850
2015-08-05 10:30:00,79.305,79.44,79.23,79.44,7897
2015-08-05 10:45:00,79.44,79.49,79.13,79.19,21323
2015-08-05 11:00:00,79.18,79.27,79.14399999999999,79.27,12551
2015-08-05 11:15:00,79.26,79.46,79.26,79.4,25201
2015-08-05 11:30:00,79.46,79.5,79.4073,79.47,20443
2015-08-05 11:45:00,79.49,79.52,79.35600000000001,79.44,18217
2015-08-05 12:00:00,79.4405,79.52,79.32,79.38,10492
2015-08-05 12:15:00,79.35,79.65,79.34,79.61,28218
2015-08-05 12:30:00,79.59,79.59,79.2,79.205,14704
2015-08-05 12:45:00,79.2,79.33,79.18,79.32,8760
2015-08-05 13:00:00,79.311,79.35,79.13,79.32,12684
2015-08-05 13:15:00,79.32,79.3399,79.2,79.22,6783
2015-08-05 13:30:00,79.19,79.21,79.07,79.09,14258
2015-08-05 13:45:00,79.1,79.12,79.02,79.1,19735
2015-08-05 14:00:00,79.09,79.13,79.03,79.11,7957
2015-08-05 14:15:00,79.12,79.33,79.11,79.29,10275
2015-08-05 14:30:00,79.3,79.44,79.23,79.41,13490
2015-08-05 14:45:00,79.41,79.56,79.41,79.49,12717
2015-08-05 15:00:00,79.47,79.55,79.41,79.44,21237
2015-08-05 15:15:00,79.47,79.56,79.43,79.43,27595
2015-08-05 15:30:00,79.44,79.44,79.25,79.25,31024
2015-08-05 15:45:00,79.28,79.34,79.21,79.34,30468
2015-08-05 16:00:00,79.31,79.35,79.22,79.25,66097
2015-08-06 09:45:00,79.46,79.59,78.67,78.78,66730
2015-08-06 10:00:00,78.77,78.94,78.32,78.435,30949
2015-08-06 10:15:00,78.4,78.58,78.06,78.48,36065
2015-08-06 10:30:00,78.45,78.47,78.03,78.03,42177
2015-08-06 10:45:00,78.07,78.07,77.82,77.9592,25554
2015-08-06 11:00:00,77.97,78.07,77.88,78.03,27984
2015-08-06 11:15:00,78.025,78.04,77.78,77.79,19397
2015-08-06 11:30:00,77.8,78.01,77.78,77.96,25573
2015-08-06 11:45:00,77.98,78.04,77.84,77.8708,27554
2015-08-06 12:00:00,77.84,77.99,77.66,77.66,18997
2015-08-06 12:15:00,77.7,77.98,77.68,77.84,27638
2015-08-06 12:30:00,77.81,78.068,77.78,78.0109,31909
2015-08-06 12:45:00,78.0,78.0,77.79,77.79,17769
2015-08-06 13:00:00,77.795,77.795,77.61,77.72,13514
2015-08-06 13:15:00,77.74600000000001,77.915,77.6545,77.73,49813
2015-08-06 13:30:00,77.68,77.72,77.51,77.55,33656
2015-08-06 13:45:00,77.56,77.58,77.33,77.34,34416
2015-08-06 14:00:00,77.35,77.42,77.31,77.32600000000001,32543
2015-08-06 14:15:00,77.32,77.4,77.29,77.39,32011
2015-08-06 14:30:00,77.38,77.38,77.0,77.24,121491
2015-08-06 14:45:00,77.26,77.38,77.22,77.22,42325
2015-08-06 15:00:00,77.23,77.24,76.99,77.0101,44634
2015-08-06 15:15:00,77.025,77.17,77.02,77.09,51681
2015-08-06 15:30:00,77.1,77.13,77.01,77.015,77532
2015-08-06 15:45:00,77.01,77.23,77.01,77.2,69893
2015-08-06 16:00:00,77.19,77.24,76.9,76.92,229524
2015-08-07 09:45:00,76.85,77.94,76.67,77.84,82577
2015-08-07 10:00:00,77.8,77.8,76.96,77.3,19989
2015-08-07 10:15:00,77.3,77.34,77.12,77.19,11097
2015-08-07 10:30:00,77.17,77.185,76.69,76.715,26700
2015-08-07 10:45:00,76.68,77.01,76.6401,76.88,18426
2015-08-07 11:00:00,76.9,77.17,76.83,76.89,17000
2015-08-07 11:15:00,76.8511,76.89,76.58,76.58,12558
2015-08-07 11:30:00,76.55,76.78,76.5,76.725,16692
2015-08-07 11:45:00,76.7,76.74,76.61,76.67,13807
2015-08-07 12:00:00,76.67,76.67,76.58,76.645,12557
2015-08-07 12:15:00,76.68,76.88,76.57,76.88,15346
2015-08-07 12:30:00,76.85,76.892,76.7101,76.79,11321
2015-08-07 12:45:00,76.77,76.89,76.69,76.89,13848
2015-08-07 13:00:00,76.89,76.93,76.76,76.86,17328
2015-08-07 13:15:00,76.89,77.0085,76.86,76.955,13388
2015-08-07 13:30:00,76.965,77.1,76.95,77.03,12139
2015-08-07 13:45:00,77.03,77.17,77.03,77.09,12302
2015-08-07 14:00:00,77.09,77.18,77.0,77.06,19255
2015-08-07 14:15:00,77.05,77.0999,76.9801,77.03,15575
2015-08-07 14:30:00,77.07,77.2,77.03,77.1243,17906
2015-08-07 14:45:00,77.15,77.2838,77.14,77.21,17009
2015-08-07 15:00:00,77.215,77.3,77.1801,77.3,14211
2015-08-07 15:15:00,77.28,77.31,77.2,77.21,20661
2015-08-07 15:30:00,77.215,77.35,77.19,77.31,24617
2015-08-07 15:45:00,77.31,77.47,77.31,77.43,37807
2015-08-07 16:00:00,77.4,77.43,77.28,77.4,76893
2015-08-10 09:45:00,78.16,78.67,78.06,78.465,54838
2015-08-10 10:00:00,78.48,78.69,78.43,78.45,44993
2015-08-10 10:15:00,78.49,78.64,78.47,78.495,21452
2015-08-10 10:30:00,78.5,78.57,78.44,78.44,24973
2015-08-10 10:45:00,78.41,78.505,78.26899999999999,78.505,17075
2015-08-10 11:00:00,78.49,78.51,78.37,78.46,24331
2015-08-10 11:15:00,78.43,78.68,78.43,78.56,28828
2015-08-10 11:30:00,78.6,78.6,78.485,78.5,11345
2015-08-10 11:45:00,78.5199,78.61,78.46,78.52,20711
2015-08-10 12:00:00,78.51,78.68,78.48,78.51,18627
2015-08-10 12:15:00,78.5,78.778,78.49,78.778,15247
2015-08-10 12:30:00,78.78,78.78,78.46,78.5601,21032
2015-08-10 12:45:00,78.55,78.65,78.51,78.58,9285
2015-08-10 13:00:00,78.6,78.72,78.57,78.7,11777
2015-08-10 13:15:00,78.71,78.89,78.64,78.88,11705
2015-08-10 13:30:00,78.88,79.07,78.88,79.03,16851
2015-08-10 13:45:00,79.02,79.11,79.02,79.06,18999
2015-08-10 14:00:00,79.06,79.21,79.055,79.195,31050
2015-08-10 14:15:00,79.21,79.22,79.12,79.17,23198
2015-08-10 14:30:00,79.17,79.34,79.17,79.26,31946
2015-08-10 14:45:00,79.26,79.44,79.24,79.42,32303
2015-08-10 15:00:00,79.39,79.55,79.34,79.5,45768
2015-08-10 15:15:00,79.5,79.52,79.41,79.465,45248
2015-08-10 15:30:00,79.465,79.47,79.26,79.335,49371
2015-08-10 15:45:00,79.34,79.34,79.17,79.27,64077
2015-08-10 16:00:00,79.27,79.53,79.26,79.49,174684
2015-08-11 09:45:00,78.71,79.15,78.43,78.89,56046
2015-08-11 10:00:00,78.88,79.0,78.72,78.95,26836
2015-08-11 10:15:00,78.89,79.14,78.79,79.14,31034
2015-08-11 10:30:00,79.12,79.28,79.03,79.12,18859
2015-08-11 10:45:00,79.07300000000001,79.1,78.83,78.94,21243
2015-08-11 11:00:00,78.88,79.02,78.87,78.98,24340
2015-08-11 11:15:00,78.97,79.07,78.78,78.87,29090
2015-08-11 11:30:00,78.86,78.91,78.77,78.84,31714
2015-08-11 11:45:00,78.83,78.83,78.71,78.72,19753
2015-08-11 12:00:00,78.72,78.86,78.6,78.86,47292
2015-08-11 12:15:00,78.87,79.01,78.84,79.01,31232
2015-08-11 12:30:00,79.0,79.06,78.86,79.06,32878
2015-08-11 12:45:00,79.07,79.12,79.0,79.03,15185
2015-08-11 13:00:00,79.01,79.04,78.84,78.88,13745
2015-08-11 13:15:00,78.88,78.91,78.83,78.88,32030
2015-08-11 13:30:00,78.85,78.97,78.83,78.97,27181
2015-08-11 13:45:00,78.96,79.04,78.93,79.0,16819
2015-08-11 14:00:00,78.975,79.0,78.9,78.9,23457
2015-08-11 14:15:00,78.91,78.98,78.83,78.84,19303
2015-08-11 14:30:00,78.82,78.84,78.72,78.81,17822
2015-08-11 14:45:00,78.79,78.8,78.71,78.74,18996
2015-08-11 15:00:00,78.74,78.87,78.71,78.84,19572
2015-08-11 15:15:00,78.81,78.84,78.7,78.775,16360
2015-08-11 15:30:00,78.79,78.83,78.72,78.78,21594
2015-08-11 15:45:00,78.78,79.11,78.77,79.07,56102
2015-08-11 16:00:00,79.06,79.2,78.99,79.13,180165
2015-08-12 09:45:00,78.74,78.825,78.23,78.5,34193
2015-08-12 10:00:00,78.54,79.015,78.54,78.975,31793
2015-08-12 10:15:00,78.98,79.065,78.52,78.56,26187
2015-08-12 10:30:00,78.54,78.74,78.34,78.585,39930
2015-08-12 10:45:00,78.59,78.755,78.54,78.71,16415
2015-08-12 11:00:00,78.71,78.71,78.39,78.43,12138
2015-08-12 11:15:00,78.43,78.93,78.42,78.89,18137
2015-08-12 11:30:00,78.88,78.97,78.81,78.94,16810
2015-08-12 11:45:00,78.934,78.934,78.69,78.74,17786
2015-08-12 12:00:00,78.73,78.75,78.54,78.63,18088
2015-08-12 12:15:00,78.62,78.76,78.59,78.73,31257
2015-08-12 12:30:00,78.76,78.89,78.72,78.78,31637
2015-08-12 12:45:00,78.77,79.03,78.73,78.94,19317
2015-08-12 13:00:00,78.95,78.97,78.78,78.785,13841
2015-08-12 13:15:00,78.78,78.99,78.73,78.99,12963
2015-08-12 13:30:00,79.05,79.19,79.01,79.07,13246
2015-08-12 13:45:00,79.0635,79.1,78.92,78.92,20827
2015-08-12 14:00:00,78.92,79.25,78.9,79.25,15166
2015-08-12 14:15:00,79.27,79.28,79.1501,79.2601,15124
2015-08-12 14:30:00,79.26,79.26,79.12,79.14,18636
2015-08-12 14:45:00,79.14,79.58,79.09,79.54,54110
2015-08-12 15:00:00,79.54,79.54,79.28,79.385,34559
2015-08-12 15:15:00,79.4,79.4,79.25,79.3,28042
2015-08-12 15:30:00,79.31,79.41,79.25,79.37,45310
2015-08-12 15:45:00,79.37,79.44,79.28,79.29,46621
2015-08-12 16:00:00,79.29,79.49,79.23,79.49,106198
2015-08-13 09:45:00,79.65,79.91,79.43,79.9099,36869
2015-08-13 10:00:00,79.9,79.90899999999999,79.46,79.46,35165
2015-08-13 10:15:00,79.46,79.84,79.45,79.8072,28712
2015-08-13 10:30:00,79.84,79.89,79.7,79.84,21215
2015-08-13 10:45:00,79.88,80.15,79.85,80.14,30893
2015-08-13 11:00:00,80.13,80.46,80.12,80.32,42271
2015-08-13 11:15:00,80.3375,80.42,80.1,80.16,10222
2015-08-13 11:30:00,80.18,80.375,80.13,80.19,12135
2015-08-13 11:45:00,80.24,80.46,80.2,80.46,14734
2015-08-13 12:00:00,80.46,80.495,80.31,80.31,13830
2015-08-13 12:15:00,80.36,80.63,80.35,80.6,8639
2015-08-13 12:30:00,80.59,80.68,80.5,80.64,7513
2015-08-13 12:45:00,80.69,80.69,80.51,80.56,5560
2015-08-13 13:00:00,80.51,80.58,80.48,80.52,8395
2015-08-13 13:15:00,80.52,80.7499,80.49,80.71,12456
2015-08-13 13:30:00,80.72,80.73,80.58,80.61,7359
2015-08-13 13:45:00,80.59,80.66,80.55,80.56,24996
2015-08-13 14:00:00,80.59,80.625,80.47,80.48,9070
2015-08-13 14:15:00,80.49,80.69,80.49,80.65,17222
2015-08-13 14:30:00,80.66,80.7599,80.65,80.73,17520
2015-08-13 14:45:00,80.72,80.77,80.65,80.76,19177
2015-08-13 15:00:00,80.77,80.88,80.71,80.725,18751
2015-08-13 15:15:00,80.73,80.73,80.48,80.63,37203
2015-08-13 15:30:00,80.645,80.69,80.48,80.55,34364
2015-08-13 15:45:00,80.55,80.55,80.3,80.33,44494
2015-08-13 16:00:00,80.32,80.57,80.3,80.55,90110
2015-08-14 09:45:00,80.82,81.0,80.14,80.44,31753
2015-08-14 10:00:00,80.44,80.77,80.32,80.68,14036
2015-08-14 10:15:00,80.72,80.7525,80.47,80.47,11331
2015-08-14 10:30:00,80.47,80.75,80.47,80.55,11064
2015-08-14 10:45:00,80.57,80.74,80.57,80.63,6764
2015-08-14 11:00:00,80.6,80.69,80.55,80.57,9256
2015-08-14 11:15:00,80.59,80.59,80.43,80.5091,10854
2015-08-14 11:30:00,80.49,80.61,80.37,80.53,17935
2015-08-14 11:45:00,80.5301,80.6599,80.48,80.56,9207
2015-08-14 12:00:00,80.57,80.57,80.36,80.46,14105
2015-08-14 12:15:00,80.4899,80.52,80.43,80.43,10346
2015-08-14 12:30:00,80.41,80.45,80.34,80.41,7174
2015-08-14 12:45:00,80.41,80.57,80.41,80.45,5023
2015-08-14 13:00:00,80.49,80.5437,80.39,80.48,6008
2015-08-14 13:15:00,80.52,80.52,80.39,80.45,4024
2015-08-14 13:30:00,80.46,80.5,80.4,80.5,7973
2015-08-14 13:45:00,80.5,80.57,80.45,80.51,8955
2015-08-14 14:00:00,80.47,80.49,80.3001,80.34,11623
2015-08-14 14:15:00,80.31,80.52,80.31,80.52,11631
2015-08-14 14:30:00,80.49,80.56,80.4,80.54,7962
2015-08-14 14:45:00,80.53,80.7,80.5001,80.6,12396
2015-08-14 15:00:00,80.58,80.58,80.46,80.49,12481
2015-08-14 15:15:00,80.49,80.57,80.47,80.55,18116
2015-08-14 15:30:00,80.545,80.58,80.49,80.55,17987
2015-08-14 15:45:00,80.53,80.635,80.52,80.58,24132
2015-08-14 16:00:00,80.58,80.72,80.56,80.71,75625
2015-08-17 09:45:00,80.2,80.59,79.84,79.98,30038
2015-08-17 10:00:00,79.99,80.05,79.74,80.05,17150
2015-08-17 10:15:00,80.06,80.13,79.96,80.13,4526
2015-08-17 10:30:00,80.18,80.59,80.18,80.52,8102
2015-08-17 10:45:00,80.51,80.51,80.29,80.4,15289
2015-08-17 11:00:00,80.4,80.62,80.395,80.5225,20662
2015-08-17 11:15:00,80.55,80.9,80.55,80.8,20279
2015-08-17 11:30:00,80.8,80.81,80.49,80.54,11539
2015-08-17 11:45:00,80.5437,80.642,80.514,80.642,6527
2015-08-17 12:00:00,80.69,80.79,80.65,80.74,8244
2015-08-17 12:15:00,80.75,80.7699,80.59,80.6,12200
2015-08-17 12:30:00,80.58,80.645,80.41,80.41,19060
2015-08-17 12:45:00,80.41,80.58,80.4,80.53,12710
2015-08-17 13:00:00,80.51,80.63,80.49,80.58,8484
2015-08-17 13:15:00,80.62,80.66,80.6,80.64,9318
2015-08-17 13:30:00,80.66,80.76,80.63,80.72,19001
2015-08-17 13:45:00,80.75,80.76,80.64,80.66,5776
2015-08-17 14:00:00,80.66,80.74,80.57,80.57,10290
2015-08-17 14:15:00,80.59,80.6475,80.4,80.4,19187
2015-08-17 14:30:00,80.4,80.48,80.37,80.446,15286
2015-08-17 14:45:00,80.43,80.48,80.4157,80.4301,8093
2015-08-17 15:00:00,80.445,80.46,80.295,80.3,22660
2015-08-17 15:15:00,80.32,80.43,80.29,80.4,17394
2015-08-17 15:30:00,80.39,80.46,80.39,80.4001,18047
2015-08-17 15:45:00,80.43,80.495,80.35,80.48,34624
2015-08-17 16:00:00,80.47,80.63,80.46,80.62,60477
2015-08-18 09:45:00,80.42,80.52,79.84,80.493,35333
2015-08-18 10:00:00,80.43,80.5,80.18,80.31,18900
2015-08-18 10:15:00,80.34899999999999,80.5,80.295,80.48,14700
2015-08-18 10:30:00,80.46,80.61,80.42,80.5,16381
2015-08-18 10:45:00,80.5,80.5239,80.42,80.4812,17727
2015-08-18 11:00:00,80.51,80.658,80.51,80.5418,9621
2015-08-18 11:15:00,80.52,80.53,80.44,80.5,9976
2015-08-18 11:30:00,80.5,80.51,80.41,80.41,20439
2015-08-18 11:45:00,80.41,80.45,80.25,80.35,12167
2015-08-18 12:00:00,80.34,80.444,80.32,80.3337,16273
2015-08-18 12:15:00,80.3601,80.3693,80.27,80.34,7834
2015-08-18 12:30:00,80.3,80.36,80.24,80.33,6054
2015-08-18 12:45:00,80.33,80.33,80.2,80.3099,8844
2015-08-18 13:00:00,80.31,80.36,80.28,80.295,11909
2015-08-18 13:15:00,80.3,80.3,80.13,80.265,13775
2015-08-18 13:30:00,80.2611,80.39,80.23,80.34,14102
2015-08-18 13:45:00,80.34,80.36,80.24,80.3,13490
2015-08-18 14:00:00,80.29,80.29,80.18,80.23,9786
2015-08-18 14:15:00,80.24,80.31,80.16,80.2914,15206
2015-08-18 14:30:00,80.32,80.36,80.27,80.34,12331
2015-08-18 14:45:00,80.34,80.35,80.28,80.31,13821
2015-08-18 15:00:00,80.29,80.29,80.12,80.12,10417
2015-08-18 15:15:00,80.135,80.23,80.13,80.17,13488
2015-08-18 15:30:00,80.16,80.26,80.14,80.23,19677
2015-08-18 15:45:00,80.24,80.48,80.2,80.46,39939
2015-08-18 16:00:00,80.45,80.48,80.32,80.39,71406
2015-08-19 09:45:00,79.89,80.01,79.01,79.03,57917
2015-08-19 10:00:00,79.15,79.32,79.08,79.09,16745
2015-08-19 10:15:00,79.09,79.59,79.09,79.34,20811
2015-08-19 10:30:00,79.39,79.5,79.245,79.485,19165
2015-08-19 10:45:00,79.47,79.58,79.32,79.33,23914
2015-08-19 11:00:00,79.34,79.41,79.24,79.32,19656
2015-08-19 11:15:00,79.3233,79.43,79.27,79.43,23078
2015-08-19 11:30:00,79.42,79.45,79.2,79.23,18901
2015-08-19 11:45:00,79.22,79.335,79.12,79.31,13546
2015-08-19 12:00:00,79.31,79.37,79.19,79.37,19873
2015-08-19 12:15:00,79.36,79.36,79.25,79.315,12986
2015-08-19 12:30:00,79.29,79.35,79.2,79.35,10767
2015-08-19 12:45:00,79.34,79.46,79.32,79.42,12176
2015-08-19 13:00:00,79.39,79.4,79.27,79.29,12160
2015-08-19 13:15:00,79.26,79.39,79.2,79.36,15090
2015-08-19 13:30:00,79.37,79.45,79.29,79.29,9711
2015-08-19 13:45:00,79.29,79.34,79.18,79.34,18163
2015-08-19 14:00:00,79.32,79.45,79.26,79.32,12632
2015-08-19 14:15:00,79.38,79.8692,79.36,79.8692,17320
2015-08-19 14:30:00,79.84,79.84,79.52,79.52,11558
2015-08-19 14:45:00,79.545,79.72,79.52,79.54,23687
2015-08-19 15:00:00,79.54,79.59,79.33,79.355,22944
2015-08-19 15:15:00,79.37,79.49,79.28,79.45,23634
2015-08-19 15:30:00,79.44,79.57,79.37,79.47,22882
2015-08-19 15:45:00,79.49,79.68,79.49,79.57,35818
2015-08-19 16:00:00,79.58,79.74,79.57,79.58,95612
2015-08-20 09:45:00,78.67,79.93,78.67,78.86,57049
2015-08-20 10:00:00,78.92,79.01,78.622,78.7,29779
2015-08-20 10:15:00,78.64,78.74,78.5051,78.62,23858
2015-08-20 10:30:00,78.6175,78.68,78.29,78.305,23790
2015-08-20 10:45:00,78.3,78.3,78.06,78.11,47473
2015-08-20 11:00:00,78.11,78.49,78.04,78.33,21842
2015-08-20 11:15:00,78.2987,78.2987,78.14,78.22,21804
2015-08-20 11:30:00,78.24,78.65,78.24,78.51,24101
2015-08-20 11:45:00,78.54,78.56,78.3884,78.45,10250
2015-08-20 12:00:00,78.46,78.59,78.4259,78.52,11306
2015-08-20 12:15:00,78.556,78.6,78.4,78.49,9528
2015-08-20 12:30:00,78.47,78.52,78.4,78.43,8532
2015-08-20 12:45:00,78.4,78.596,78.4,78.57,20940
2015-08-20 13:00:00,78.51,78.52,78.38,78.43,29242
2015-08-20 13:15:00,78.41,78.43,78.18,78.24,11094
2015-08-20 13:30:00,78.26,78.57,78.244,78.56,21869
2015-08-20 13:45:00,78.53,78.57,78.31,78.33,16322
2015-08-20 14:00:00,78.34,78.45,78.29,78.375,10257
2015-08-20 14:15:00,78.39,78.47,78.31,78.31,10520
2015-08-20 14:30:00,78.32,78.42,78.2401,78.3,11240
2015-08-20 14:45:00,78.31,78.31,78.13,78.18,13127
2015-08-20 15:00:00,78.16,78.17399999999999,78.015,78.09,12792
2015-08-20 15:15:00,78.1,78.23,78.05,78.23,16169
2015-08-20 15:30:00,78.19,78.2086,78.07,78.19,18094
2015-08-20 15:45:00,78.18,78.34,78.11,78.21,31018
2015-08-20 16:00:00,78.2,78.2,77.84,77.86,110039
2015-08-21 09:45:00,77.45,77.49,76.525,76.58,93446
2015-08-21 10:00:00,76.57,76.72,76.3101,76.69,41467
2015-08-21 10:15:00,76.67,77.07,76.6099,76.6099,36246
2015-08-21 10:30:00,76.56,76.69,76.39,76.45,49235
2015-08-21 10:45:00,76.385,76.49,76.26,76.42,39140
2015-08-21 11:00:00,76.39,76.39,75.96,76.01,38686
2015-08-21 11:15:00,76.05,76.27,75.76,75.85,65843
2015-08-21 11:30:00,75.84,75.89,75.78,75.858,45538
2015-08-21 11:45:00,75.8294,75.93,75.75,75.87,28216
2015-08-21 12:00:00,75.83,75.91,75.67,75.89,22540
2015-08-21 12:15:00,75.9,76.29,75.87,76.1,37892
2015-08-21 12:30:00,76.0981,76.1199,75.9,75.91,16706
2015-08-21 12:45:00,75.94,75.98,75.7,75.78,17027
2015-08-21 13:00:00,75.75,75.75,75.61,75.63,31556
2015-08-21 13:15:00,75.63,75.7008,75.495,75.66,33038
2015-08-21 13:30:00,75.65,75.86,75.5818,75.79,64546
2015-08-21 13:45:00,75.79,76.06,75.69,75.91,29393
2015-08-21 14:00:00,75.95,76.09,75.72,76.09,33328
2015-08-21 14:15:00,76.06,76.24,76.02,76.06,21397
2015-08-21 14:30:00,76.09,76.17,75.87,75.9,19684
2015-08-21 14:45:00,75.9,75.98,75.66,75.67,20057
2015-08-21 15:00:00,75.65,75.68,75.46,75.62,21959
2015-08-21 15:15:00,75.62,75.69,75.43,75.43,31422
2015-08-21 15:30:00,75.43,75.67,75.34,75.52,36787
2015-08-21 15:45:00,75.56,75.56,75.29,75.47,65704
2015-08-21 16:00:00,75.465,75.63,75.19,75.19,141726
2015-08-24 09:45:00,69.81,70.19,60.38,70.19,252666
2015-08-24 10:00:00,70.17,71.09,69.75,71.09,157726
2015-08-24 10:15:00,71.1,71.92,71.09,71.61,90089
2015-08-24 10:30:00,71.64,72.505,71.57,72.24,71357
2015-08-24 10:45:00,72.24,72.3895,71.5,72.34,174315
2015-08-24 11:00:00,72.23,73.18,72.06,73.16,91830
2015-08-24 11:15:00,73.14,73.23,72.47,72.52,74073
2015-08-24 11:30:00,72.53,72.67,72.14,72.55,62240
2015-08-24 11:45:00,72.56,72.9,72.45,72.87,52197
2015-08-24 12:00:00,72.8857,73.46,72.88,73.28,36348
2015-08-24 12:15:00,73.29,73.31,73.0001,73.1,54632
2015-08-24 12:30:00,73.09,73.49,73.0,73.34,81183
2015-08-24 12:45:00,73.32,73.53,73.2,73.32,31117
2015-08-24 13:00:00,73.31,73.37,72.95,73.06,54852
2015-08-24 13:15:00,73.1,73.32,73.1,73.2001,28855
2015-08-24 13:30:00,73.2,73.2099,73.0,73.04,55091
2015-08-24 13:45:00,73.04,73.13,72.72,72.74,30531
2015-08-24 14:00:00,72.72,72.99,72.39,72.39,29854
2015-08-24 14:15:00,72.36,72.38,71.825,71.85,40762
2015-08-24 14:30:00,71.845,72.38,71.81,72.01,29047
2015-08-24 14:45:00,72.03,72.45,71.99,72.03,33322
2015-08-24 15:00:00,72.0,72.08,71.14,71.22,37143
2015-08-24 15:15:00,71.2225,71.72,71.04,71.3,52779
2015-08-24 15:30:00,71.29,71.34,70.75,70.8001,62437
2015-08-24 15:45:00,70.81,71.84,70.595,71.84,76326
2015-08-24 16:00:00,71.93,72.21,71.17,71.19,141749
2015-08-25 09:45:00,72.67,72.67,71.53,71.53,132639
2015-08-25 10:00:00,71.54,72.44,71.495,72.0001,84337
2015-08-25 10:15:00,72.04,72.57,71.83,72.49,57793
2015-08-25 10:30:00,72.47,72.73,72.4,72.49,115062
2015-08-25 10:45:00,72.485,72.57,72.15,72.535,181569
2015-08-25 11:00:00,72.52,72.59,72.23,72.24,166719
2015-08-25 11:15:00,72.24,72.72,72.23,72.685,98972
2015-08-25 11:30:00,72.69,73.4,72.685,73.095,66226
2015-08-25 11:45:00,73.08,73.23,72.65,72.89,172685
2015-08-25 12:00:00,72.8675,73.2,72.866,73.03,146977
2015-08-25 12:15:00,73.06,73.17,72.98,73.12,66877
2015-08-25 12:30:00,73.14,73.2,72.82,72.91,125355
2015-08-25 12:45:00,72.88,73.12,72.88,73.11,143036
2015-08-25 13:00:00,73.11,73.24,72.99,73.06,124822
2015-08-25 13:15:00,73.012,73.26,72.98,73.14,35378
2015-08-25 13:30:00,73.18,73.23,72.4,72.42,38363
2015-08-25 13:45:00,72.38,72.745,72.38,72.46600000000001,28881
2015-08-25 14:00:00,72.48,73.05,72.48,72.95,31381
2015-08-25 14:15:00,72.92,72.92,72.58,72.67,33898
2015-08-25 14:30:00,72.71,72.87,72.71,72.7801,19026
2015-08-25 14:45:00,72.8,72.96,72.77,72.88,30743
2015-08-25 15:00:00,72.88,73.235,72.85,73.19,32260
2015-08-25 15:15:00,73.19,73.21,72.73,72.82,44511
2015-08-25 15:30:00,72.81,72.81,72.14,72.19,67437
2015-08-25 15:45:00,72.18,72.32,71.91,71.99,97306
2015-08-25 16:00:00,71.95,72.04,71.485,71.53,188382
2015-08-26 09:45:00,73.28,73.28,72.14,72.4,42849
2015-08-26 10:00:00,72.14,72.94,72.13,72.29,19470
2015-08-26 10:15:00,72.41,72.56,72.27,72.39,23749
2015-08-26 10:30:00,72.42,72.42,71.786,72.34,20828
2015-08-26 10:45:00,72.38,72.57,72.16,72.21,24221
2015-08-26 11:00:00,72.23,72.58,72.11,72.12,24685
2015-08-26 11:15:00,72.15,72.28,71.88,71.9999,25901
2015-08-26 11:30:00,72.0,72.14,71.88,71.96,46596
2015-08-26 11:45:00,71.86,72.0,71.22,71.7,173793
2015-08-26 12:00:00,71.67,71.763,71.45,71.67,40989
2015-08-26 12:15:00,71.63,71.67,71.4,71.47,20422
2015-08-26 12:30:00,71.5,71.67,71.3,71.3,25017
2015-08-26 12:45:00,71.3,71.36,71.1,71.3,25951
2015-08-26 13:00:00,71.3,71.8563,71.25,71.8563,20950
2015-08-26 13:15:00,71.885,72.12,71.58,71.72,26937
2015-08-26 13:30:00,71.7241,72.12,71.65,72.115,28192
2015-08-26 13:45:00,72.095,72.34,71.98,72.255,31993
2015-08-26 14:00:00,72.31,72.48,72.16,72.32,41525
2015-08-26 14:15:00,72.335,72.34,71.99,72.0,43179
2015-08-26 14:30:00,71.99,72.08,71.72,72.0,21604
2015-08-26 14:45:00,71.98,72.5,71.89,72.46,34819
2015-08-26 15:00:00,72.43,72.55,72.29,72.4,90828
2015-08-26 15:15:00,72.38,72.93,72.27,72.8,103439
2015-08-26 15:30:00,72.8,72.93,72.38,72.45,146924
2015-08-26 15:45:00,72.44,72.92,72.41,72.86,114017
2015-08-26 16:00:00,72.87,72.95,72.55,72.79,217024
2015-08-27 09:45:00,73.49,73.49,73.0,73.04,67010
2015-08-27 10:00:00,73.05,73.21,72.68,73.16,35179
2015-08-27 10:15:00,73.17,73.29,72.74,73.24,49577
2015-08-27 10:30:00,73.21,73.75,73.21,73.66,58854
2015-08-27 10:45:00,73.74,73.89,73.6,73.81,35408
2015-08-27 11:00:00,73.85,74.27,73.79,74.25,21747
2015-08-27 11:15:00,74.24,74.53,74.2,74.39699999999999,26119
2015-08-27 11:30:00,74.42,74.45,74.26,74.42,36637
2015-08-27 11:45:00,74.42,74.48,74.18,74.25,22552
2015-08-27 12:00:00,74.24,74.3,74.07,74.3,20872
2015-08-27 12:15:00,74.32,74.96,74.31,74.8,21154
2015-08-27 12:30:00,74.8,75.08,74.74,75.08,23686
2015-08-27 12:45:00,75.06,75.17,75.0275,75.0599,19659
2015-08-27 13:00:00,75.01,75.39,75.0,75.39,13255
2015-08-27 13:15:00,75.355,75.4,75.18,75.38,12548
2015-08-27 13:30:00,75.375,75.395,75.1545,75.25,32715
2015-08-27 13:45:00,75.23,75.3,74.98,75.02,19245
2015-08-27 14:00:00,75.03,75.14,74.9301,75.025,18647
2015-08-27 14:15:00,75.04,75.18,75.0,75.12,14639
2015-08-27 14:30:00,75.13,75.17,74.54,74.596,46099
2015-08-27 14:45:00,74.62,74.94,74.59,74.67,19597
2015-08-27 15:00:00,74.67,74.795,74.19,74.19,22127
2015-08-27 15:15:00,74.24,74.41,73.93,74.28,33672
2015-08-27 15:30:00,74.24,74.71,74.14,74.66,32859
2015-08-27 15:45:00,74.66,75.01,74.56,74.95,40380
2015-08-27 16:00:00,74.95,75.1599,74.91,75.14,135866
2015-08-28 09:45:00,74.89,75.84,74.65,75.59,33985
2015-08-28 10:00:00,75.58,75.9675,75.065,75.9675,25407
2015-08-28 10:15:00,76.01,76.1,75.65,75.7,26387
2015-08-28 10:30:00,75.73,75.95,75.57,75.67,15267
2015-08-28 10:45:00,75.67,76.0,75.61,75.82,26662
2015-08-28 11:00:00,75.84,76.02,75.79,75.93,26358
2015-08-28 11:15:00,75.8945,76.04,75.83,75.9745,28296
2015-08-28 11:30:00,75.94,76.16,75.93,75.99,52115
2015-08-28 11:45:00,75.99,76.15,75.541,75.56,26282
2015-08-28 12:00:00,75.57,75.57,75.04,75.18,21734
2015-08-28 12:15:00,75.1797,75.3884,75.15,75.38,14148
2015-08-28 12:30:00,75.41,75.46,75.25,75.37,18423
2015-08-28 12:45:00,75.37,75.465,75.28,75.37,23010
2015-08-28 13:00:00,75.37,75.63,75.26,75.54,15598
2015-08-28 13:15:00,75.54,75.64,75.45,75.605,16536
2015-08-28 13:30:00,75.66,75.77,75.46,75.47,13246
2015-08-28 13:45:00,75.51,75.56,75.2,75.4,20318
2015-08-28 14:00:00,75.41,75.61,75.4,75.45,19608
2015-08-28 14:15:00,75.45,75.73,75.43,75.58,14909
2015-08-28 14:30:00,75.58,75.71,75.45,75.66,22104
2015-08-28 14:45:00,75.65,75.72,75.45,75.61,20997
2015-08-28 15:00:00,75.64,75.84,75.64,75.73,21233
2015-08-28 15:15:00,75.69,75.7803,75.61,75.615,23525
2015-08-28 15:30:00,75.63,75.63,75.33,75.55,29618
2015-08-28 15:45:00,75.54,75.54,75.185,75.36,58371
2015-08-28 16:00:00,75.35,75.53,75.3,75.5,202094
2015-08-31 09:45:00,75.08,75.77,75.01,75.49,25817
2015-08-31 10:00:00,75.3,75.54,75.2,75.22,17651
2015-08-31 10:15:00,75.18,75.2,74.99,75.14,14125
2015-08-31 10:30:00,75.1,75.27,75.07,75.24,14230
2015-08-31 10:45:00,75.405,75.5299,75.22,75.355,19666
2015-08-31 11:00:00,75.33,75.36,75.095,75.095,13205
2015-08-31 11:15:00,75.09,75.22,74.98,75.22,16401
2015-08-31 11:30:00,75.25,75.46,75.24,75.36,21091
2015-08-31 11:45:00,75.37,75.65,75.19,75.58,21961
2015-08-31 12:00:00,75.58,75.6,75.16,75.2405,23657
2015-08-31 12:15:00,75.29,75.42,75.235,75.38,16241
2015-08-31 12:30:00,75.37,75.73,75.36,75.69,11300
2015-08-31 12:45:00,75.69,75.69,75.565,75.6201,8468
2015-08-31 13:00:00,75.66,75.72,75.58,75.59,10775
2015-08-31 13:15:00,75.57,75.59,75.49,75.5,10210
2015-08-31 13:30:00,75.51,75.53,75.31,75.3316,15062
2015-08-31 13:45:00,75.3001,75.31,75.15,75.31,13422
2015-08-31 14:00:00,75.34,75.35,75.17,75.29,12309
2015-08-31 14:15:00,75.35,75.42,74.98,75.03,10400
2015-08-31 14:30:00,75.02,75.17,74.99,75.09,14059
2015-08-31 14:45:00,75.05,75.18,74.99,75.04,25376
2015-08-31 15:00:00,75.03,75.03,74.75,74.8,24931
2015-08-31 15:15:00,74.81,75.11,74.81,75.0,30133
2015-08-31 15:30:00,74.99,75.0,74.76,74.78,33550
2015-08-31 15:45:00,74.76,75.01,74.73,74.935,54076
2015-08-31 16:00:00,74.91,75.02,74.51,74.59,194134
2015-09-01 09:45:00,73.96,73.96,73.17,73.57,74789
2015-09-01 10:00:00,73.6,73.96,73.58,73.77,20976
2015-09-01 10:15:00,73.7,73.72,73.24,73.4,42812
2015-09-01 10:30:00,73.46,73.75,73.38,73.71,31012
2015-09-01 10:45:00,73.7303,73.95,73.55,73.5689,22603
2015-09-01 11:00:00,73.64,73.66,73.16,73.4,29587
2015-09-01 11:15:00,73.37,73.6999,73.31,73.67,19246
2015-09-01 11:30:00,73.68,73.88,73.43,73.501,23886
2015-09-01 11:45:00,73.46,73.66,73.42,73.58,25818
2015-09-01 12:00:00,73.5995,73.63,73.24,73.41,61104
2015-09-01 12:15:00,73.44,73.5,73.14,73.17,42035
2015-09-01 12:30:00,73.2,73.25,72.88,72.88,33412
2015-09-01 12:45:00,72.85,73.07,72.7601,72.85,14461
2015-09-01 13:00:00,72.875,72.875,72.64,72.7,12805
2015-09-01 13:15:00,72.71,72.99,72.51,72.56,49279
2015-09-01 13:30:00,72.5952,72.83,72.47,72.83,34761
2015-09-01 13:45:00,72.75,72.97,72.72,72.9,10978
2015-09-01 14:00:00,72.95,72.96,72.85,72.88,16768
2015-09-01 14:15:00,72.89,72.89,72.63,72.65,17279
2015-09-01 14:30:00,72.66,72.66,72.49,72.5,51437
2015-09-01 14:45:00,72.51,73.01,72.5,72.86,20171
2015-09-01 15:00:00,72.81,72.89,72.64,72.64,14854
2015-09-01 15:15:00,72.64,72.81,72.51,72.75,30993
2015-09-01 15:30:00,72.78,72.78,72.53,72.56,24833
2015-09-01 15:45:00,72.52,72.57,72.07,72.27,53823
2015-09-01 16:00:00,72.23,72.77,72.22,72.52,108760
2015-09-02 09:45:00,74.55,75.06,74.3,74.62,81792
2015-09-02 10:00:00,74.615,75.14,74.33,74.33,49478
2015-09-02 10:15:00,74.35,74.53,74.19,74.34,33269
2015-09-02 10:30:00,74.31,74.34,73.88,74.03,21724
2015-09-02 10:45:00,73.94,74.58,73.94,74.37,69324
2015-09-02 11:00:00,74.38,74.48,74.24,74.27,114205
2015-09-02 11:15:00,74.285,74.45,74.24,74.3005,84422
2015-09-02 11:30:00,74.28,74.45,74.2,74.31,127927
2015-09-02 11:45:00,74.31,74.41,74.08,74.36,58737
2015-09-02 12:00:00,74.35,74.37,74.15,74.28,52641
2015-09-02 12:15:00,74.28,74.315,74.17,74.3,43485
2015-09-02 12:30:00,74.3,74.45,74.19,74.3901,79245
2015-09-02 12:45:00,74.42,74.53,74.305,74.51,147154
2015-09-02 13:00:00,74.51,74.54,74.37,74.39,86056
2015-09-02 13:15:00,74.39,74.74,74.31,74.6001,70117
2015-09-02 13:30:00,74.6,74.64,74.49,74.58,75264
2015-09-02 13:45:00,74.57,74.62,74.46,74.5,51945
2015-09-02 14:00:00,74.52,74.65,74.37,74.555,59310
2015-09-02 14:15:00,74.54,74.67,74.425,74.5,72197
2015-09-02 14:30:00,74.5,74.53,74.4,74.49,65153
2015-09-02 14:45:00,74.465,74.65,74.4,74.47,78793
2015-09-02 15:00:00,74.48,74.5125,74.41,74.475,78730
2015-09-02 15:15:00,74.47,74.51,74.39,74.44,106969
2015-09-02 15:30:00,74.44,74.5098,74.36,74.46,94838
2015-09-02 15:45:00,74.465,74.51,74.4,74.475,185902
2015-09-02 16:00:00,74.47,74.6,74.44,74.47,520779
2015-09-03 09:45:00,76.0,76.39,75.55,75.96,222894
2015-09-03 10:00:00,76.09,76.26,75.9797,76.09,64463
2015-09-03 10:15:00,76.15,76.36,76.01,76.2747,49515
2015-09-03 10:30:00,76.275,76.59,76.1455,76.435,77062
2015-09-03 10:45:00,76.42,76.64,76.29,76.52,89257
2015-09-03 11:00:00,76.53,76.76,76.41,76.75,43758
2015-09-03 11:15:00,76.745,76.9497,76.66,76.81,72392
2015-09-03 11:30:00,76.77,76.93,76.77,76.825,33866
2015-09-03 11:45:00,76.83,76.86,76.62,76.723,82611
2015-09-03 12:00:00,76.75,76.94,76.62,76.91,75902
2015-09-03 12:15:00,76.94,77.15,76.92,77.15,27023
2015-09-03 12:30:00,77.155,77.32,77.13,77.26,26828
2015-09-03 12:45:00,77.27,77.27,76.95,77.12,24777
2015-09-03 13:00:00,77.19,77.27,77.1351,77.2,17319
2015-09-03 13:15:00,77.17,77.17,76.83,76.9,21862
2015-09-03 13:30:00,76.93,77.19,76.9,77.098,35686
2015-09-03 13:45:00,77.05,77.17,76.9797,77.0,33120
2015-09-03 14:00:00,77.0,77.17,76.92,76.93,34200
2015-09-03 14:15:00,76.9,77.03,76.81,76.85,33191
2015-09-03 14:30:00,76.83,77.03,76.83,76.955,61399
2015-09-03 14:45:00,76.98,77.45,76.97,77.3198,103211
2015-09-03 15:00:00,77.325,77.3397,76.95,77.015,33972
2015-09-03 15:15:00,77.0,77.1,76.81,76.98,58533
2015-09-03 15:30:00,76.97,77.0,76.645,76.75,52284
2015-09-03 15:45:00,76.75,76.81,76.57,76.68,64915
2015-09-03 16:00:00,76.67,77.07,76.66,76.85,143966
2015-09-04 09:45:00,75.92,76.28,75.61,75.99,62547
2015-09-04 10:00:00,76.01,76.01,75.2,75.825,44939
2015-09-04 10:15:00,75.78,76.09,75.71,75.91,18298
2015-09-04 10:30:00,75.91,76.28,75.88,76.28,29384
2015-09-04 10:45:00,76.29,76.37,76.01899999999999,76.04,16752
2015-09-04 11:00:00,76.03,76.2,75.95,76.175,30267
2015-09-04 11:15:00,76.2,76.39,76.13,76.22,39946
2015-09-04 11:30:00,76.24,76.32,76.16,76.32,41263
2015-09-04 11:45:00,76.31,76.32,76.09,76.22,17533
2015-09-04 12:00:00,76.24,76.36,76.14,76.21,15603
2015-09-04 12:15:00,76.2075,76.35,76.2075,76.27,21666
2015-09-04 12:30:00,76.285,76.43,76.27,76.38,41842
2015-09-04 12:45:00,76.38,76.38,76.14,76.18,33765
2015-09-04 13:00:00,76.16,76.28,76.08,76.1,36617
2015-09-04 13:15:00,76.105,76.1299,76.02,76.04,34849
2015-09-04 13:30:00,76.03,76.11,75.89,75.96,58412
2015-09-04 13:45:00,75.94,75.97,75.84,75.86,17635
2015-09-04 14:00:00,75.89,76.01,75.81,75.85,18234
2015-09-04 14:15:00,75.86,75.8992,75.8,75.85,24747
2015-09-04 14:30:00,75.85,75.955,75.79,75.94,35747
2015-09-04 14:45:00,75.92,76.01,75.82,75.99,23600
2015-09-04 15:00:00,75.99,76.08,75.89,76.02,26719
2015-09-04 15:15:00,76.0125,76.06,75.81,75.81,30270
2015-09-04 15:30:00,75.8,75.9,75.74,75.9,44547
2015-09-04 15:45:00,75.9,76.07,75.81,75.84,89779
2015-09-04 16:00:00,75.855,76.21,75.36,75.37,386021
2015-09-08 09:45:00,76.64,76.67,76.29,76.39,113382
2015-09-08 10:00:00,76.385,76.52,75.87,75.93,28928
2015-09-08 10:15:00,75.9,76.0,75.65,75.705,45505
2015-09-08 10:30:00,75.71,75.73,75.42,75.58,34288
2015-09-08 10:45:00,75.54,75.63,75.42,75.51,24531
2015-09-08 11:00:00,75.5,75.67,75.48,75.61,30979
2015-09-08 11:15:00,75.59,75.73,75.51,75.6,37049
2015-09-08 11:30:00,75.59,75.74,75.56,75.6,21842
2015-09-08 11:45:00,75.59,75.72,75.53,75.64,23776
2015-09-08 12:00:00,75.62,75.6599,75.5,75.6,12773
2015-09-08 12:15:00,75.57,75.8,75.515,75.8,13683
2015-09-08 12:30:00,75.8399,75.87,75.68,75.82,23761
2015-09-08 12:45:00,75.86,75.9647,75.81,75.89,15320
2015-09-08 13:00:00,75.885,75.99,75.85,75.92,12690
2015-09-08 13:15:00,75.93,75.96,75.77,75.77,24384
2015-09-08 13:30:00,75.81,75.87,75.7,75.8,11997
2015-09-08 13:45:00,75.81,76.04,75.74,76.0,13051
2015-09-08 14:00:00,76.03,76.03,75.82,75.86,24058
2015-09-08 14:15:00,75.8421,75.89,75.79,75.81,18845
2015-09-08 14:30:00,75.82,76.1,75.81,76.07,18672
2015-09-08 14:45:00,76.03,76.22,76.01,76.17,15442
2015-09-08 15:00:00,76.2,76.28,76.13,76.2,20017
2015-09-08 15:15:00,76.2,76.37,76.2,76.25,24257
2015-09-08 15:30:00,76.24,76.39,76.21,76.365,25552
2015-09-08 15:45:00,76.39,76.45,76.29,76.33,40749
2015-09-08 16:00:00,76.34,76.48,76.15,76.29,289034
2015-09-09 09:45:00,76.91,77.13,76.6,76.8159,58151
2015-09-09 10:00:00,76.82,76.83,76.6,76.67,20169
2015-09-09 10:15:00,76.7,76.82,76.57,76.66,23798
2015-09-09 10:30:00,76.702,76.702,76.4,76.52,14368
2015-09-09 10:45:00,76.56,76.56,76.0,76.03,31255
2015-09-09 11:00:00,76.0476,76.115,75.84,75.93,18388
2015-09-09 11:15:00,75.92,76.29,75.88,76.27,24649
2015-09-09 11:30:00,76.35,76.37,76.17,76.23,15267
2015-09-09 11:45:00,76.29,76.44,76.21,76.28,19284
2015-09-09 12:00:00,76.27,76.3,76.06,76.11,54592
2015-09-09 12:15:00,76.11,76.42,76.07,76.31,11652
2015-09-09 12:30:00,76.34,76.4099,76.18,76.21,13910
2015-09-09 12:45:00,76.23,76.33,76.085,76.09,13506
2015-09-09 13:00:00,76.08,76.15,75.96,76.01,9674
2015-09-09 13:15:00,76.02,76.07,75.97,75.98,11385
2015-09-09 13:30:00,76.01,76.01,75.75,75.78,15917
2015-09-09 13:45:00,75.75,75.76,75.64,75.65,12417
2015-09-09 14:00:00,75.65,75.65,75.465,75.47,12937
2015-09-09 14:15:00,75.46,75.6845,75.46,75.64,22421
2015-09-09 14:30:00,75.64,75.64,75.49,75.52,12993
2015-09-09 14:45:00,75.53,75.59,75.3,75.38,22412
2015-09-09 15:00:00,75.42,75.58,75.37,75.52,7069
2015-09-09 15:15:00,75.51,75.7,75.45,75.59,18485
2015-09-09 15:30:00,75.55,75.8,75.43,75.46,16837
2015-09-09 15:45:00,75.43,75.43,75.13,75.21,66616
2015-09-09 16:00:00,75.19,75.35,75.14,75.28,170257
2015-09-10 09:45:00,75.2,76.01,75.01,75.7,41110
2015-09-10 10:00:00,75.55,75.91,75.55,75.79,7038
2015-09-10 10:15:00,75.72,75.83,75.52,75.65,32003
2015-09-10 10:30:00,75.65,75.93,75.55,75.61,11907
2015-09-10 10:45:00,75.61,76.26,75.61,76.2,30660
2015-09-10 11:00:00,76.19,76.48,76.16,76.16,9843
2015-09-10 11:15:00,76.14,76.21,75.89,76.0,17957
2015-09-10 11:30:00,76.0,76.03,75.661,76.03,40450
2015-09-10 11:45:00,76.05,76.12,75.89,76.11,4864
2015-09-10 12:00:00,76.1,76.14,75.89,76.01,11278
2015-09-10 12:15:00,75.98,76.18,75.89,76.1,18471
2015-09-10 12:30:00,76.16,76.23,76.0556,76.1,20187
2015-09-10 12:45:00,76.1,76.21,76.08,76.17,11464
2015-09-10 13:00:00,76.1845,76.35,76.1302,76.33,16200
2015-09-10 13:15:00,76.319,76.319,76.13,76.16,5228
2015-09-10 13:30:00,76.1557,76.37,76.14,76.32,7072
2015-09-10 13:45:00,76.36,76.59,76.36,76.59,7458
2015-09-10 14:00:00,76.56,76.67,76.46,76.51,20085
2015-09-10 14:15:00,76.57,76.62,76.48,76.56,11001
2015-09-10 14:30:00,76.52,76.55,76.4301,76.45,7154
2015-09-10 14:45:00,76.45,76.52,76.3501,76.41,11742
2015-09-10 15:00:00,76.4,76.43,76.19,76.19,18161
2015-09-10 15:15:00,76.19,76.24,76.01,76.09,30592
2015-09-10 15:30:00,76.12,76.2,75.93,75.97,32564
2015-09-10 15:45:00,75.96,75.9972,75.69,75.774,36762
2015-09-10 16:00:00,75.77,76.06,75.69,76.03,91007
2015-09-11 09:45:00,75.66,76.21,75.48,76.12,55504
2015-09-11 10:00:00,76.065,76.09,75.65,75.65,5993
2015-09-11 10:15:00,75.47,75.555,75.24,75.24,26035
2015-09-11 10:30:00,75.31,75.53,75.289,75.42,15448
2015-09-11 10:45:00,75.38,75.62,75.38,75.61,20892
2015-09-11 11:00:00,75.61,75.67,75.47,75.5999,10805
2015-09-11 11:15:00,75.59,75.69,75.53,75.69,12070
2015-09-11 11:30:00,75.66,75.85,75.62,75.84,6800
2015-09-11 11:45:00,75.79,76.05,75.72,75.98,12150
2015-09-11 12:00:00,75.98,76.15,75.95,76.08,9243
2015-09-11 12:15:00,76.08,76.52,76.04,76.52,27216
2015-09-11 12:30:00,76.52,76.56,76.2401,76.51,22427
2015-09-11 12:45:00,76.54,76.54,76.28,76.39,6604
2015-09-11 13:00:00,76.43,76.65,76.38,76.64,14144
2015-09-11 13:15:00,76.65,76.74,76.39,76.45,29566
2015-09-11 13:30:00,76.38,76.505,76.315,76.44,11902
2015-09-11 13:45:00,76.41,76.46,76.32,76.43,16733
2015-09-11 14:00:00,76.45,76.58,76.38,76.57,10950
2015-09-11 14:15:00,76.565,76.66,76.38,76.6,15862
2015-09-11 14:30:00,76.54,76.68,76.506,76.57,18402
2015-09-11 14:45:00,76.6,76.8,76.6,76.7,20646
2015-09-11 15:00:00,76.7,76.73,76.43,76.43,18111
2015-09-11 15:15:00,76.43,76.78,76.43,76.74,14948
2015-09-11 15:30:00,76.76,76.81,76.695,76.77,23655
2015-09-11 15:45:00,76.75,76.75,76.61,76.67,35889
2015-09-11 16:00:00,76.7,76.8,76.6,76.76,94485
2015-09-14 09:45:00,76.75,77.79,76.4901,77.79,90026
2015-09-14 10:00:00,77.72,77.98,77.45,77.89,26087
2015-09-14 10:15:00,77.875,78.01,77.585,77.98,27742
2015-09-14 10:30:00,77.99,78.09,77.83,77.94,22809
2015-09-14 10:45:00,77.91,78.05,77.78,77.96,23533
2015-09-14 11:00:00,77.955,78.05,77.77,77.92,33564
2015-09-14 11:15:00,77.97,78.06,77.86,77.89,25545
2015-09-14 11:30:00,77.89,77.97,77.5,77.5601,32682
2015-09-14 11:45:00,77.56,77.89,77.55,77.86,25214
2015-09-14 12:00:00,77.85,77.94,77.7,77.92,36131
2015-09-14 12:15:00,77.94,78.0,77.82,77.84,18722
2015-09-14 12:30:00,77.8295,78.01,77.75,77.887,28573
2015-09-14 12:45:00,77.88,78.01,77.72,77.73,25606
2015-09-14 13:00:00,77.73,78.01,77.73,77.9799,19225
2015-09-14 13:15:00,77.92,78.0,77.86,77.95,15965
2015-09-14 13:30:00,77.91,78.01,77.88,77.97,16829
2015-09-14 13:45:00,77.94,78.26,77.94,78.2,27962
2015-09-14 14:00:00,78.17,78.23,78.03,78.21,17277
2015-09-14 14:15:00,78.21,78.22,77.88,77.91,15348
2015-09-14 14:30:00,77.93,77.95,77.71,77.71,24216
2015-09-14 14:45:00,77.66,77.75,77.62,77.75,15855
2015-09-14 15:00:00,77.715,77.79,77.56,77.59,20888
2015-09-14 15:15:00,77.58,77.64,77.43,77.52,21100
2015-09-14 15:30:00,77.53,77.58,77.315,77.35,31939
2015-09-14 15:45:00,77.37,77.43,77.28,77.37,47695
2015-09-14 16:00:00,77.36,77.61,77.27,77.57,72148
2015-09-15 09:45:00,77.47,78.34,77.47,77.62,58639
2015-09-15 10:00:00,77.67,78.11,77.66,77.8,28705
2015-09-15 10:15:00,77.85,78.29,77.83,78.1,14379
2015-09-15 10:30:00,78.17,78.36,77.9566,77.965,10997
2015-09-15 10:45:00,77.955,78.27,77.955,78.27,26277
2015-09-15 11:00:00,78.33,78.55,78.11,78.31,15101
2015-09-15 11:15:00,78.34,78.72,78.32,78.72,38872
2015-09-15 11:30:00,78.71,78.71,78.52,78.71,28237
2015-09-15 11:45:00,78.72,78.76,78.65,78.69,26963
2015-09-15 12:00:00,78.6786,78.75,78.65,78.7,22949
2015-09-15 12:15:00,78.74,78.88,78.71,78.82,17998
2015-09-15 12:30:00,78.83,79.13,78.82,78.95,49439
2015-09-15 12:45:00,78.94,79.12,78.94,79.01,27803
2015-09-15 13:00:00,79.03,79.03,78.91,78.91,14466
2015-09-15 13:15:00,78.9,79.07,78.83,79.07,17499
2015-09-15 13:30:00,79.07,79.12,78.86,78.93,51980
2015-09-15 13:45:00,78.94,79.05,78.79,78.79,77965
2015-09-15 14:00:00,78.74,78.75,78.6,78.64,20564
2015-09-15 14:15:00,78.65,78.96,78.63,78.81,24339
2015-09-15 14:30:00,78.82,78.92,78.73,78.89,25825
2015-09-15 14:45:00,78.89,78.95,78.79,78.9,32794
2015-09-15 15:00:00,78.9,79.11,78.9,79.0963,23439
2015-09-15 15:15:00,79.09,79.26,79.09,79.24,31334
2015-09-15 15:30:00,79.23,79.275,79.15,79.25,24280
2015-09-15 15:45:00,79.2704,79.41,79.04,79.14,62866
2015-09-15 16:00:00,79.12,79.21,79.02,79.07,99371
2015-09-16 09:45:00,79.01,79.37,78.6,78.6,74574
2015-09-16 10:00:00,78.695,79.07,78.41,79.07,18868
2015-09-16 10:15:00,79.05,79.32,78.81,79.258,26446
2015-09-16 10:30:00,79.244,79.48,79.05,79.36,18975
2015-09-16 10:45:00,79.31,79.44,78.87,79.08,44508
2015-09-16 11:00:00,79.05,79.43,79.03,79.39,35302
2015-09-16 11:15:00,79.39,79.57,79.39,79.48,37914
2015-09-16 11:30:00,79.51,79.55,79.41,79.43,39841
2015-09-16 11:45:00,79.455,79.47,79.07,79.08,45191
2015-09-16 12:00:00,79.0991,79.38,79.06,79.38,24909
2015-09-16 12:15:00,79.37,79.43,79.25,79.35,13403
2015-09-16 12:30:00,79.34,79.48,79.33,79.46,25040
2015-09-16 12:45:00,79.46,79.65,79.43,79.63,8834
2015-09-16 13:00:00,79.64,79.65,79.55,79.62,8756
2015-09-16 13:15:00,79.59,79.66,79.48,79.66,7731
2015-09-16 13:30:00,79.6657,79.76,79.58,79.73,13784
2015-09-16 13:45:00,79.71,79.85,79.69,79.8457,11081
2015-09-16 14:00:00,79.82,79.94,79.8,79.86,16500
2015-09-16 14:15:00,79.84,79.91,79.78,79.82,20018
2015-09-16 14:30:00,79.7805,79.789,79.61,79.69,16796
2015-09-16 14:45:00,79.688,79.81,79.65,79.81,19790
2015-09-16 15:00:00,79.83,80.04,79.81,80.02,35587
2015-09-16 15:15:00,80.01,80.135,80.0,80.06,27719
2015-09-16 15:30:00,80.06,80.33,80.05,80.32,34864
2015-09-16 15:45:00,80.32,80.38,80.23,80.24,62158
2015-09-16 16:00:00,80.23,80.36,80.08,80.26,111600
2015-09-17 09:45:00,78.93,79.59,78.86,79.48,83959
2015-09-17 10:00:00,79.46,79.55,79.32,79.45,18299
2015-09-17 10:15:00,79.5,79.86,79.44,79.46,15111
2015-09-17 10:30:00,79.43,79.65899999999999,79.38,79.38,53763
2015-09-17 10:45:00,79.35,79.35,79.08,79.22,25236
2015-09-17 11:00:00,79.21,79.37,79.2,79.24,34014
2015-09-17 11:15:00,79.21,79.22,79.06,79.11,19129
2015-09-17 11:30:00,79.13,79.29,79.13,79.26,16200
2015-09-17 11:45:00,79.28,79.328,79.158,79.158,15723
2015-09-17 12:00:00,79.17,79.2336,79.13,79.15,20754
2015-09-17 12:15:00,79.14,79.2273,79.14,79.16,13492
2015-09-17 12:30:00,79.17,79.27,79.16,79.2,54638
2015-09-17 12:45:00,79.2,79.22,79.07,79.07,39428
2015-09-17 13:00:00,79.06,79.18,79.03,79.1405,9634
2015-09-17 13:15:00,79.16,79.16,79.03,79.03,11185
2015-09-17 13:30:00,79.065,79.12,79.03,79.05,23652
2015-09-17 13:45:00,79.07,79.15,78.96,79.02,36619
2015-09-17 14:00:00,79.02,79.036,78.94,79.01,27913
2015-09-17 14:15:00,79.06,79.11,78.44,78.86,84575
2015-09-17 14:30:00,78.84,79.13,78.81,78.83,29883
2015-09-17 14:45:00,78.8001,78.82,78.42,78.7,144860
2015-09-17 15:00:00,78.7,78.92,78.58,78.62,107967
2015-09-17 15:15:00,78.67,78.735,77.96,78.0,97872
2015-09-17 15:30:00,77.98,78.04,77.53,77.77,113079
2015-09-17 15:45:00,77.76,77.77,77.33,77.37,153376
2015-09-17 16:00:00,77.42,77.54,77.3,77.5,120540
2015-09-18 09:45:00,76.45,77.41,76.45,77.23,169482
2015-09-18 10:00:00,77.22,77.28,76.915,76.99,11302
2015-09-18 10:15:00,76.98,77.28,76.81,77.205,16657
2015-09-18 10:30:00,77.23,77.36,76.98,77.28,16130
2015-09-18 10:45:00,77.29,77.3799,77.1,77.14,12417
2015-09-18 11:00:00,77.19,77.59,77.1301,77.59,23008
2015-09-18 11:15:00,77.6,77.63,77.37,77.4,9600
2015-09-18 11:30:00,77.4,77.55,77.32,77.39,14852
2015-09-18 11:45:00,77.3675,77.5,77.27,77.5,11794
2015-09-18 12:00:00,77.525,77.675,77.51,77.61,11764
2015-09-18 12:15:00,77.59,77.66,77.39,77.41,15357
2015-09-18 12:30:00,77.43,77.51,77.36,77.49,7494
2015-09-18 12:45:00,77.5,77.54,77.37,77.37,9176
2015-09-18 13:00:00,77.38,77.53,77.38,77.51,7111
2015-09-18 13:15:00,77.5,77.59,77.42,77.4353,10444
2015-09-18 13:30:00,77.42,77.45,77.2,77.337,13455
2015-09-18 13:45:00,77.32,77.39,77.25,77.34,10133
2015-09-18 14:00:00,77.35,77.35,77.13,77.15,16344
2015-09-18 14:15:00,77.16,77.24,77.07,77.21,14210
2015-09-18 14:30:00,77.225,77.45,77.17,77.39,42746
2015-09-18 14:45:00,77.41,77.58,77.39,77.5,26345
2015-09-18 15:00:00,77.49,77.535,77.35,77.53,30236
2015-09-18 15:15:00,77.545,77.6,77.31,77.42,42973
2015-09-18 15:30:00,77.42,77.44,77.33,77.43,84639
2015-09-18 15:45:00,77.41,77.43,77.04,77.07,74897
2015-09-18 16:00:00,77.04,77.17,76.91,77.06,199499
2015-09-21 09:45:00,77.49,78.19,77.27,78.16,64379
2015-09-21 10:00:00,78.23,78.23,77.78,77.85,11033
2015-09-21 10:15:00,77.84,77.99,77.75,77.78,11386
2015-09-21 10:30:00,77.74,78.08,77.71,77.95,7927
2015-09-21 10:45:00,77.99,78.265,77.99,78.1501,53409
2015-09-21 11:00:00,78.2248,78.28,77.93,78.0,11424
2015-09-21 11:15:00,78.0,78.01,77.85,77.9,11860
2015-09-21 11:30:00,77.89,77.96,77.86,77.86,5427
2015-09-21 11:45:00,77.86,77.86,77.54,77.61,23343
2015-09-21 12:00:00,77.57,77.6322,77.47,77.5,18191
2015-09-21 12:15:00,77.49,77.49,77.22,77.32,13527
2015-09-21 12:30:00,77.3,77.38,77.23,77.28,7986
2015-09-21 12:45:00,77.2861,77.2861,77.12,77.21,7565
2015-09-21 13:00:00,77.22,77.24,76.86,76.99,18575
2015-09-21 13:15:00,76.94,77.0099,76.7,76.91,25169
2015-09-21 13:30:00,76.9,77.225,76.9,77.12,18555
2015-09-21 13:45:00,77.13,77.14,76.99,77.09,19437
2015-09-21 14:00:00,77.09,77.13,76.99,77.04,6410
2015-09-21 14:15:00,77.02,77.08,76.92,76.95,19999
2015-09-21 14:30:00,76.98,77.12,76.98,77.06,12719
2015-09-21 14:45:00,77.02,77.17,77.02,77.09,13107
2015-09-21 15:00:00,77.11,77.38,77.08,77.24,21641
2015-09-21 15:15:00,77.25,77.3,77.1,77.2,20353
2015-09-21 15:30:00,77.22,77.29,77.16,77.21600000000001,12766
2015-09-21 15:45:00,77.24,77.24,76.94,77.09,32256
2015-09-21 16:00:00,77.07,77.2675,77.06,77.19,78517
2015-09-22 09:45:00,75.97,76.56,75.62,76.1,60364
2015-09-22 10:00:00,76.135,76.25,75.8,76.19,25350
2015-09-22 10:15:00,76.21,76.36,75.755,75.8,23855
2015-09-22 10:30:00,75.73,75.97,75.73,75.92,37196
2015-09-22 10:45:00,75.88,75.92,75.8,75.83,18945
2015-09-22 11:00:00,75.82,75.9396,75.79,75.88,20266
2015-09-22 11:15:00,75.87,75.94,75.8,75.88,10544
2015-09-22 11:30:00,75.89,75.95,75.8,75.81,22148
2015-09-22 11:45:00,75.8,75.9,75.31,75.31,30481
2015-09-22 12:00:00,75.31,75.37,75.16,75.16,35622
2015-09-22 12:15:00,75.19,75.72,75.06,75.64,68049
2015-09-22 12:30:00,75.69,75.745,75.6,75.645,15936
2015-09-22 12:45:00,75.64,75.68,75.46,75.51,10043
2015-09-22 13:00:00,75.5,75.505,75.17,75.17,10800
2015-09-22 13:15:00,75.175,75.315,75.04,75.09,20774
2015-09-22 13:30:00,75.09,75.32,75.04,75.175,19542
2015-09-22 13:45:00,75.21,75.39,75.18,75.39,15870
2015-09-22 14:00:00,75.36,75.3713,75.2,75.315,15810
2015-09-22 14:15:00,75.29,75.36,75.15,75.19,30517
2015-09-22 14:30:00,75.22,75.35,75.2,75.32,15929
2015-09-22 14:45:00,75.34,75.48,75.29,75.31,21595
2015-09-22 15:00:00,75.31,75.38,75.28,75.3,34510
2015-09-22 15:15:00,75.29,75.34,75.13,75.19,55242
2015-09-22 15:30:00,75.22,75.31,75.14,75.28,56306
2015-09-22 15:45:00,75.3,75.72,75.28,75.72,53537
2015-09-22 16:00:00,75.74,75.74,75.53,75.57,85296
2015-09-23 09:45:00,75.84,75.98,75.44,75.45,65079
2015-09-23 10:00:00,75.45,75.81,75.3,75.76,6875
2015-09-23 10:15:00,75.79,75.945,75.665,75.77,34000
2015-09-23 10:30:00,75.71,75.73,75.03,75.1725,102502
2015-09-23 10:45:00,75.23,75.445,75.16,75.21,36768
2015-09-23 11:00:00,75.3,75.61,75.27,75.6,13809
2015-09-23 11:15:00,75.63,75.63,75.41,75.5,36153
2015-09-23 11:30:00,75.48,75.56,75.395,75.42,29337
2015-09-23 11:45:00,75.43,75.5,75.25,75.265,18939
2015-09-23 12:00:00,75.27,75.32,75.05,75.16,18342
2015-09-23 12:15:00,75.17,75.47800000000001,75.15,75.47800000000001,17962
2015-09-23 12:30:00,75.47,75.61,75.32,75.51,49704
2015-09-23 12:45:00,75.55,75.69,75.51,75.57,15745
2015-09-23 13:00:00,75.6,75.74,75.56,75.6575,10629
2015-09-23 13:15:00,75.65,75.81,75.64,75.71,10880
2015-09-23 13:30:00,75.72,75.73,75.35,75.49,65345
2015-09-23 13:45:00,75.5,75.53,75.38,75.5,43447
2015-09-23 14:00:00,75.5,75.5249,75.43,75.47,10421
2015-09-23 14:15:00,75.505,75.54,75.41,75.41,24565
2015-09-23 14:30:00,75.4,75.42,75.25,75.35,10231
2015-09-23 14:45:00,75.37,75.41,75.18,75.29,16447
2015-09-23 15:00:00,75.26,75.41,75.26,75.28,9498
2015-09-23 15:15:00,75.27,75.43,75.24,75.24,12524
2015-09-23 15:30:00,75.24,75.415,75.23,75.415,17947
2015-09-23 15:45:00,75.4,75.43,75.34,75.41,25568
2015-09-23 16:00:00,75.4082,75.5,75.34,75.36,60273
2015-09-24 09:45:00,75.03,75.52,73.6201,73.82,120361
2015-09-24 10:00:00,73.75399999999999,73.942,73.47,73.942,48910
2015-09-24 10:15:00,73.97,74.09,73.46,73.68,34449
2015-09-24 10:30:00,73.708,73.76,73.29,73.29,32309
2015-09-24 10:45:00,73.3,73.64,73.3,73.37,32950
2015-09-24 11:00:00,73.4,73.59,73.31,73.45,14239
2015-09-24 11:15:00,73.44,73.57,73.36,73.49,21951
2015-09-24 11:30:00,73.49,73.72,73.47,73.49,12881
2015-09-24 11:45:00,73.49,73.6599,73.49,73.61,19972
2015-09-24 12:00:00,73.58,74.04,73.58,73.968,17567
2015-09-24 12:15:00,73.9699,74.02,73.81,73.83,8398
2015-09-24 12:30:00,73.81,74.03,73.75,74.01,11776
2015-09-24 12:45:00,74.08,74.22,74.07,74.11,9200
2015-09-24 13:00:00,74.06,74.2,73.99,73.99,10744
2015-09-24 13:15:00,73.99,74.02,73.88,74.0,13540
2015-09-24 13:30:00,73.94,73.98,73.8,73.85,11970
2015-09-24 13:45:00,73.88,73.95,73.79,73.9,20497
2015-09-24 14:00:00,73.88,73.985,73.75,73.78,35977
2015-09-24 14:15:00,73.78,74.0385,73.7645,73.99,14393
2015-09-24 14:30:00,74.005,74.3,74.005,74.27,12233
2015-09-24 14:45:00,74.27,74.42,74.23,74.4,15986
2015-09-24 15:00:00,74.4225,74.84,74.36,74.69,12909
2015-09-24 15:15:00,74.68,74.72,74.26,74.43,20814
2015-09-24 15:30:00,74.44,74.785,74.42,74.72,48959
2015-09-24 15:45:00,74.69,74.8,74.61,74.74,71291
2015-09-24 16:00:00,74.74,74.81,74.52,74.68,62352
2015-09-25 09:45:00,75.07,75.16,74.47,75.16,42555
2015-09-25 10:00:00,75.07,75.34,74.8,75.18,11649
2015-09-25 10:15:00,75.09,75.199,74.78,74.95,20479
2015-09-25 10:30:00,74.99,74.99,74.73,74.83,6533
2015-09-25 10:45:00,74.78,75.1,74.7456,75.04,13043
2015-09-25 11:00:00,75.07,75.2,74.85,75.2,12673
2015-09-25 11:15:00,75.185,75.185,74.99,75.045,26400
2015-09-25 11:30:00,75.04,75.04,74.86,74.9,16119
2015-09-25 11:45:00,74.88,74.88,74.68,74.68,12192
2015-09-25 12:00:00,74.7,74.85,74.66,74.84,11064
2015-09-25 12:15:00,74.87,74.99,74.87,74.95,6469
2015-09-25 12:30:00,74.93,74.93,74.72,74.85,6630
2015-09-25 12:45:00,74.86,75.05,74.83,75.05,8227
2015-09-25 13:00:00,75.07,75.15,75.03,75.1,9105
2015-09-25 13:15:00,75.14,75.21,75.08,75.185,7322
2015-09-25 13:30:00,75.24,75.28,75.13,75.2,9593
2015-09-25 13:45:00,75.21,75.31,75.165,75.27,8158
2015-09-25 14:00:00,75.25,75.39,75.19,75.33,10347
2015-09-25 14:15:00,75.35,75.46,75.29,75.29,13746
2015-09-25 14:30:00,75.31,75.33,74.91,74.99,14121
2015-09-25 14:45:00,75.01,75.08,74.68,74.7,15538
2015-09-25 15:00:00,74.675,74.835,74.565,74.735,17290
2015-09-25 15:15:00,74.76,74.76,74.37,74.42,33513
2015-09-25 15:30:00,74.4499,74.85,74.39,74.78,23421
2015-09-25 15:45:00,74.71,74.97,74.71,74.97,21832
2015-09-25 16:00:00,74.93,75.07,74.85,74.94,54686
2015-09-28 09:45:00,74.7,74.95,74.315,74.37,25604
2015-09-28 10:00:00,74.29,74.41,73.74,73.9,11731
2015-09-28 10:15:00,73.92,73.98,73.25,73.26,25382
2015-09-28 10:30:00,73.33,73.47,73.275,73.47,10415
2015-09-28 10:45:00,73.51,73.54,73.25,73.54,21069
2015-09-28 11:00:00,73.53,73.63,73.26,73.5,24574
2015-09-28 11:15:00,73.47,73.69,73.29,73.29,24944
2015-09-28 11:30:00,73.32,73.435,73.25,73.32,21967
2015-09-28 11:45:00,73.27,73.31,72.98,72.98,21331
2015-09-28 12:00:00,72.92,73.07,72.89,72.921,15809
2015-09-28 12:15:00,72.94,72.96,72.65,72.79,9869
2015-09-28 12:30:00,72.82,72.84,72.65,72.73,7613
2015-09-28 12:45:00,72.72,72.73,72.53,72.53,10344
2015-09-28 13:00:00,72.54,72.64,72.52,72.56,8602
2015-09-28 13:15:00,72.53,72.73,72.51,72.6,22025
2015-09-28 13:30:00,72.6299,72.63,72.55,72.56,8249
2015-09-28 13:45:00,72.57,72.72,72.57,72.63,23753
2015-09-28 14:00:00,72.64,72.67,72.34,72.4,26269
2015-09-28 14:15:00,72.34,72.49,72.25,72.34,21952
2015-09-28 14:30:00,72.33,72.51,72.23,72.51,7900
2015-09-28 14:45:00,72.52,72.75,72.41,72.75,21114
2015-09-28 15:00:00,72.7475,72.82,72.4,72.48,26401
2015-09-28 15:15:00,72.5,72.54,72.33,72.39,27321
2015-09-28 15:30:00,72.4,72.48,72.21,72.21,25099
2015-09-28 15:45:00,72.24,72.51,72.185,72.28,79529
2015-09-28 16:00:00,72.28,72.37,72.1,72.13,112452
2015-09-29 09:45:00,72.31,72.4308,71.75,71.88,32214
2015-09-29 10:00:00,71.81,72.34,71.6,72.33,27620
2015-09-29 10:15:00,72.25,72.57,72.2141,72.53,33243
2015-09-29 10:30:00,72.578,72.9,72.46,72.82,45983
2015-09-29 10:45:00,72.84,72.85,72.62,72.73,15968
2015-09-29 11:00:00,72.715,72.91,72.61,72.835,55587
2015-09-29 11:15:00,72.835,72.86,72.615,72.67,17382
2015-09-29 11:30:00,72.635,72.66,72.23,72.43,36194
2015-09-29 11:45:00,72.41,72.61,72.225,72.49,9665
2015-09-29 12:00:00,72.48,72.58,72.25,72.4,20168
2015-09-29 12:15:00,72.39,72.5,72.18,72.35,8888
2015-09-29 12:30:00,72.31,72.55,72.29,72.54,17379
2015-09-29 12:45:00,72.51,72.62,72.32,72.51,9442
2015-09-29 13:00:00,72.45,72.52,72.34,72.34,13304
2015-09-29 13:15:00,72.37,72.77,72.35,72.76,17988
2015-09-29 13:30:00,72.74,72.81,72.55,72.64,14443
2015-09-29 13:45:00,72.58,72.65,72.46,72.6296,14777
2015-09-29 14:00:00,72.65,72.83,72.62,72.81,23322
2015-09-29 14:15:00,72.78,72.82,72.66,72.71,24422
2015-09-29 14:30:00,72.7,72.97,72.68,72.9,23546
2015-09-29 14:45:00,72.88,72.92,72.76,72.806,12878
2015-09-29 15:00:00,72.82,72.82,72.53,72.55,22211
2015-09-29 15:15:00,72.57,72.68,72.53,72.57,35974
2015-09-29 15:30:00,72.59,72.66,72.27,72.31,32770
2015-09-29 15:45:00,72.305,72.61,72.29,72.44,58559
2015-09-29 16:00:00,72.43,72.8,72.38,72.69,108439
2015-09-30 09:45:00,72.33,72.59,71.46,71.74,360869
2015-09-30 10:00:00,71.74,71.85,71.09,71.2,145564
2015-09-30 10:15:00,71.24,71.31,71.0,71.08,179317
2015-09-30 10:30:00,71.08,71.1,70.73,70.76,176352
2015-09-30 10:45:00,70.73,71.47,70.66,71.167,100758
2015-09-30 11:00:00,71.2,71.46,71.145,71.195,60286
2015-09-30 11:15:00,71.195,71.33,70.93,71.245,36287
2015-09-30 11:30:00,71.245,71.5,71.22,71.464,35482
2015-09-30 11:45:00,71.44,71.51,70.84,70.94,38274
2015-09-30 12:00:00,70.93,70.97,70.5,70.71,62724
2015-09-30 12:15:00,70.74,70.82,70.52,70.6,16790
2015-09-30 12:30:00,70.5804,70.74,70.5804,70.74,31176
2015-09-30 12:45:00,70.74,70.91,70.71,70.91,57889
2015-09-30 13:00:00,70.876,71.1,70.76,71.1,55091
2015-09-30 13:15:00,71.11,71.26,71.11,71.21,12415
2015-09-30 13:30:00,71.24,71.45,71.226,71.3,14407
2015-09-30 13:45:00,71.31,71.59,71.2275,71.59,15767
2015-09-30 14:00:00,71.57,71.705,71.46,71.68,17845
2015-09-30 14:15:00,71.68,71.74,71.54,71.65,13046
2015-09-30 14:30:00,71.63,71.79,71.63,71.77,13847
2015-09-30 14:45:00,71.79,71.85,71.59,71.7275,17826
2015-09-30 15:00:00,71.74,71.81,71.65,71.79,26244
2015-09-30 15:15:00,71.79,71.91,71.7,71.8201,36410
2015-09-30 15:30:00,71.82,71.93,71.757,71.86,39894
2015-09-30 15:45:00,71.85,72.14,71.84,72.07,70508
2015-09-30 16:00:00,72.08,72.26,72.06,72.14,216527
2015-10-01 09:45:00,72.49,72.8,71.56,71.63,121661
2015-10-01 10:00:00,71.62,71.83,71.51,71.6,17621
2015-10-01 10:15:00,71.6099,71.915,71.47,71.75,33972
2015-10-01 10:30:00,71.82,71.97,71.69,71.69,41933
2015-10-01 10:45:00,71.72,71.81,71.45,71.47,56629
2015-10-01 11:00:00,71.495,71.78,71.495,71.67,47030
2015-10-01 11:15:00,71.67,71.75,71.47,71.53,24141
2015-10-01 11:30:00,71.55,71.62,71.38,71.38,67141
2015-10-01 11:45:00,71.36,71.54,71.16,71.24,29645
2015-10-01 12:00:00,71.24,71.25,70.88,70.9695,31459
2015-10-01 12:15:00,70.97,70.99,70.74,70.88,29266
2015-10-01 12:30:00,70.88,70.91,70.785,70.83,32788
2015-10-01 12:45:00,70.85,71.0,70.84,70.96,40385
2015-10-01 13:00:00,70.95,70.99,70.83,70.93,21736
2015-10-01 13:15:00,70.93,70.95,70.78,70.81,45369
2015-10-01 13:30:00,70.8,71.0,70.8,70.88,48257
2015-10-01 13:45:00,70.87,71.19,70.87,71.14,24413
2015-10-01 14:00:00,71.16,71.27,71.08,71.24,18916
2015-10-01 14:15:00,71.2599,71.44,71.185,71.41,27345
2015-10-01 14:30:00,71.44,71.52,71.34,71.52,44771
2015-10-01 14:45:00,71.52,71.64,71.45,71.45,40965
2015-10-01 15:00:00,71.46,71.52,71.27,71.49,43119
2015-10-01 15:15:00,71.5,71.65,71.405,71.65,58063
2015-10-01 15:30:00,71.66,71.67,71.45,71.46,70087
2015-10-01 15:45:00,71.46,71.53,71.29,71.41,80120
2015-10-01 16:00:00,71.42,71.76,71.42,71.68,189831
2015-10-02 09:45:00,70.48,71.53,70.25,70.695,48997
2015-10-02 10:00:00,70.7085,70.81,70.44,70.8,22224
2015-10-02 10:15:00,70.818,70.83,70.31,70.76,17534
2015-10-02 10:30:00,70.81,70.96,70.47,70.47,27794
2015-10-02 10:45:00,70.4,70.47,70.12,70.27,32758
2015-10-02 11:00:00,70.27,70.49,70.11,70.45,29281
2015-10-02 11:15:00,70.44,70.62,70.34,70.49,40859
2015-10-02 11:30:00,70.485,70.5099,70.19,70.33,45934
2015-10-02 11:45:00,70.37,70.4225,70.17,70.19,22451
2015-10-02 12:00:00,70.17,70.4,70.12,70.27,12990
2015-10-02 12:15:00,70.31,70.56,70.26,70.48,112944
2015-10-02 12:30:00,70.45,70.6,70.42,70.47,31299
2015-10-02 12:45:00,70.5,70.77,70.5,70.55,16447
2015-10-02 13:00:00,70.59,70.94,70.54,70.82,94817
2015-10-02 13:15:00,70.83,71.23,70.81,71.13,17493
2015-10-02 13:30:00,71.17,71.23,71.0498,71.15,19620
2015-10-02 13:45:00,71.19,71.25,70.73,70.9,21011
2015-10-02 14:00:00,70.88,71.0,70.84,70.9,16282
2015-10-02 14:15:00,70.89,71.15,70.87,70.91,27849
2015-10-02 14:30:00,70.9,71.02,70.71,70.95,22260
2015-10-02 14:45:00,70.94,70.94,70.7,70.86,28740
2015-10-02 15:00:00,70.86,70.87,70.72,70.7205,26858
2015-10-02 15:15:00,70.71,70.98,70.6,70.98,37551
2015-10-02 15:30:00,71.0,71.16,70.99,71.13,35578
2015-10-02 15:45:00,71.16,71.31,71.08,71.1,47065
2015-10-02 16:00:00,71.11,71.44,71.11,71.35,119071
2015-10-05 09:45:00,71.94,72.58,71.91,72.49,54546
2015-10-05 10:00:00,72.52,72.72,72.36,72.41,35118
2015-10-05 10:15:00,72.43,72.46,72.23,72.41,23574
2015-10-05 10:30:00,72.4,72.99,72.4,72.73,30496
2015-10-05 10:45:00,72.75,72.84,72.63,72.77,22857
2015-10-05 11:00:00,72.76,72.82,72.63,72.79,12174
2015-10-05 11:15:00,72.81,73.2,72.81,73.19,17444
2015-10-05 11:30:00,73.17,73.33,73.165,73.28,26635
2015-10-05 11:45:00,73.24,73.24,72.99,73.1075,17737
2015-10-05 12:00:00,73.11,73.57,73.11,73.5699,21949
2015-10-05 12:15:00,73.53,73.57,73.4,73.51,13755
2015-10-05 12:30:00,73.505,73.56,73.32,73.4,12884
2015-10-05 12:45:00,73.4097,73.52,73.335,73.5,16341
2015-10-05 13:00:00,73.53,73.54,73.4,73.5,12845
2015-10-05 13:15:00,73.51,73.73,73.46,73.69,13559
2015-10-05 13:30:00,73.69,73.87,73.68,73.83,13290
2015-10-05 13:45:00,73.81,73.84,73.62,73.64,16422
2015-10-05 14:00:00,73.65,73.745,73.6,73.615,38821
2015-10-05 14:15:00,73.64,73.7,73.43,73.59,77273
2015-10-05 14:30:00,73.57,73.72,73.48,73.57,75863
2015-10-05 14:45:00,73.59,73.77,73.59,73.66,19276
2015-10-05 15:00:00,73.64,73.66,73.52,73.58,20124
2015-10-05 15:15:00,73.56,73.7,73.52,73.553,23364
2015-10-05 15:30:00,73.55,73.69,73.52,73.69,40516
2015-10-05 15:45:00,73.67,73.74,73.65,73.6693,70439
2015-10-05 16:00:00,73.67,73.77,73.6,73.648,87329
2015-10-06 09:45:00,73.53,73.91,73.31,73.5,21121
2015-10-06 10:00:00,73.6799,73.73,73.44,73.59,22878
2015-10-06 10:15:00,73.63,73.78,73.53,73.6,26575
2015-10-06 10:30:00,73.62,73.6272,73.24,73.24,12939
2015-10-06 10:45:00,73.27,73.52,73.125,73.3801,11751
2015-10-06 11:00:00,73.38,73.42,73.14,73.18,22943
2015-10-06 11:15:00,73.17,73.39,73.155,73.25,9977
2015-10-06 11:30:00,73.24,73.39,73.23,73.28,11246
2015-10-06 11:45:00,73.31,73.31,72.86,72.86,12969
2015-10-06 12:00:00,72.82,72.92,72.58,72.6575,15281
2015-10-06 12:15:00,72.69,72.8,72.66,72.8,7401
2015-10-06 12:30:00,72.87,72.88,72.65,72.66,7741
2015-10-06 12:45:00,72.69,72.71,72.47,72.495,13885
2015-10-06 13:00:00,72.51,72.51,72.33,72.42,27382
2015-10-06 13:15:00,72.425,72.46,72.22,72.3,29394
2015-10-06 13:30:00,72.305,72.55,72.23,72.51,13166
2015-10-06 13:45:00,72.5,72.59,72.41,72.49,20460
2015-10-06 14:00:00,72.5,72.59,72.44,72.59,3932
2015-10-06 14:15:00,72.54,72.67,72.46,72.64,11142
2015-10-06 14:30:00,72.65,72.88,72.64,72.84,14892
2015-10-06 14:45:00,72.8725,72.925,72.77,72.78,9153
2015-10-06 15:00:00,72.76,72.93,72.64,72.71,13244
2015-10-06 15:15:00,72.71,72.79,72.64,72.72,13161
2015-10-06 15:30:00,72.71,72.92,72.67,72.78,44831
2015-10-06 15:45:00,72.78,73.01,72.76,72.82,55389
2015-10-06 16:00:00,72.81,72.98,72.79,72.84,88924
2015-10-07 09:45:00,72.38,73.225,72.05,73.105,46049
2015-10-07 10:00:00,73.13,73.59,73.13,73.49,25651
2015-10-07 10:15:00,73.46,73.6,73.44,73.48,25456
2015-10-07 10:30:00,73.5,73.69,73.47,73.54,16972
2015-10-07 10:45:00,73.54,73.625,73.29,73.303,17474
2015-10-07 11:00:00,73.32,73.38,73.07,73.2,20193
2015-10-07 11:15:00,73.17,73.24,72.72,72.8,10562
2015-10-07 11:30:00,72.84,72.84,72.61,72.68,10840
2015-10-07 11:45:00,72.6892,72.88,72.64,72.75,8900
2015-10-07 12:00:00,72.735,73.0936,72.73,73.0936,61603
2015-10-07 12:15:00,73.08,73.14,72.93,73.095,26605
2015-10-07 12:30:00,73.095,73.18,72.99,73.02,21029
2015-10-07 12:45:00,73.03699999999999,73.095,72.93,73.095,9079
2015-10-07 13:00:00,73.12,73.23,73.08,73.21,15294
2015-10-07 13:15:00,73.18,73.44,73.13,73.44,14059
2015-10-07 13:30:00,73.4,73.61,73.4,73.61,12055
2015-10-07 13:45:00,73.61,74.03,73.61,74.03,23337
2015-10-07 14:00:00,74.03,74.11,73.84,73.84,28605
2015-10-07 14:15:00,73.84,73.9,73.58,73.62,11165
2015-10-07 14:30:00,73.6,73.9,73.46,73.5275,23969
2015-10-07 14:45:00,73.54,73.62,73.4387,73.5205,15818
2015-10-07 15:00:00,73.52,73.8419,73.36,73.4,60374
2015-10-07 15:15:00,73.37,73.59,73.37,73.505,18544
2015-10-07 15:30:00,73.505,73.634,73.45,73.48,26363
2015-10-07 15:45:00,73.47,73.56,73.42,73.48,31166
2015-10-07 16:00:00,73.48,73.48,73.34,73.42,133800
2015-10-08 09:45:00,72.93,73.59,72.8146,73.5362,20476
2015-10-08 10:00:00,73.55,74.06,73.55,74.045,11035
2015-10-08 10:15:00,74.04,74.58,74.0,74.22,49719
2015-10-08 10:30:00,74.25,74.41,74.1327,74.27,45178
2015-10-08 10:45:00,74.28,74.55,74.28,74.545,26065
2015-10-08 11:00:00,74.55,74.75,74.545,74.7201,39984
2015-10-08 11:15:00,74.72,74.77,74.115,74.15,30406
2015-10-08 11:30:00,74.16,74.35,74.075,74.33,15104
2015-10-08 11:45:00,74.3,74.51,74.29,74.35,21721
2015-10-08 12:00:00,74.35,74.42,74.29,74.37,11000
2015-10-08 12:15:00,74.355,74.53,74.34,74.513,12502
2015-10-08 12:30:00,74.5168,74.55,74.33,74.33,19089
2015-10-08 12:45:00,74.33,74.41,74.28,74.28,11434
2015-10-08 13:00:00,74.24,74.24,74.07,74.2,77010
2015-10-08 13:15:00,74.18,74.29,74.14,74.24,19000
2015-10-08 13:30:00,74.23,74.34,74.16,74.25,26000
2015-10-08 13:45:00,74.22,74.289,74.11,74.11,24933
2015-10-08 14:00:00,74.11,74.18,74.11,74.155,20073
2015-10-08 14:15:00,74.14,74.52,74.14,74.29,38584
2015-10-08 14:30:00,74.27,74.3,74.09,74.27,15953
2015-10-08 14:45:00,74.26,74.4099,73.99,74.0,139587
2015-10-08 15:00:00,74.0,74.04,73.86,74.0,63102
2015-10-08 15:15:00,73.98,74.195,73.92,74.02,91706
2015-10-08 15:30:00,74.03,74.27,73.96,74.16,99689
2015-10-08 15:45:00,74.17,74.18,73.84,73.99,86297
2015-10-08 16:00:00,73.99,74.02,73.79,73.8,121291
2015-10-09 09:45:00,73.99,74.07,73.55,73.93,32898
2015-10-09 10:00:00,74.0,74.2,73.94,74.13,19780
2015-10-09 10:15:00,74.13,74.13,73.67,73.83,18259
2015-10-09 10:30:00,73.81,73.91,73.67,73.82,20118
2015-10-09 10:45:00,73.86,74.29,73.845,74.29,24945
2015-10-09 11:00:00,74.265,74.3,74.2,74.28,44950
2015-10-09 11:15:00,74.26,74.5,74.09,74.5,233212
2015-10-09 11:30:00,74.48,74.67,74.385,74.66,15740
2015-10-09 11:45:00,74.67,74.67,74.24,74.35,17199
2015-10-09 12:00:00,74.3,74.36,74.17,74.2762,8367
2015-10-09 12:15:00,74.25,74.32,74.07,74.07,6956
2015-10-09 12:30:00,74.11,74.12,73.97,74.12,9863
2015-10-09 12:45:00,74.13,74.16,74.0,74.11,4800
2015-10-09 13:00:00,74.12,74.29,74.12,74.22,11644
2015-10-09 13:15:00,74.22,74.33,74.07600000000001,74.19,14082
2015-10-09 13:30:00,74.15,74.28,74.11,74.23,9367
2015-10-09 13:45:00,74.22,74.34,74.16,74.33,14414
2015-10-09 14:00:00,74.36,74.37,74.14,74.17,21906
2015-10-09 14:15:00,74.19,74.27,74.13,74.17,14577
2015-10-09 14:30:00,74.18,74.29,74.06,74.29,19426
2015-10-09 14:45:00,74.28,74.28,74.15,74.22,22465
2015-10-09 15:00:00,74.22,74.345,74.22,74.32,20167
2015-10-09 15:15:00,74.33,74.42,74.25,74.26,21249
2015-10-09 15:30:00,74.2695,74.28,74.18,74.253,28835
2015-10-09 15:45:00,74.25,74.47,74.25,74.46,46544
2015-10-09 16:00:00,74.46,74.46,74.25,74.34,70986
2015-10-12 09:45:00,74.15,74.41,74.01,74.28,83216
2015-10-12 10:00:00,74.255,74.3,73.78,73.92,34427
2015-10-12 10:15:00,73.925,74.13,73.87,74.035,28041
2015-10-12 10:30:00,74.05,74.09,73.96,74.0201,25860
2015-10-12 10:45:00,74.01,74.09,73.885,73.97,21493
2015-10-12 11:00:00,73.98,74.06,73.92,74.05,67032
2015-10-12 11:15:00,74.08,74.35,74.05,74.25,17927
2015-10-12 11:30:00,74.2999,74.48,74.24,74.26,25076
2015-10-12 11:45:00,74.3,74.42,74.26,74.42,27086
2015-10-12 12:00:00,74.43,74.53,74.39,74.49,29011
2015-10-12 12:15:00,74.51,74.57,74.45,74.45,12122
2015-10-12 12:30:00,74.46,74.47,74.31,74.34,19624
2015-10-12 12:45:00,74.32,74.35,74.05,74.05,18331
2015-10-12 13:00:00,74.1,74.24,74.04,74.22,40649
2015-10-12 13:15:00,74.24,74.4392,74.2,74.4392,11657
2015-10-12 13:30:00,74.43,74.54,74.4,74.52,9234
2015-10-12 13:45:00,74.52,74.62,74.52,74.5825,19926
2015-10-12 14:00:00,74.5752,74.66,74.29,74.35,61063
2015-10-12 14:15:00,74.33,74.56,74.32,74.45,29723
2015-10-12 14:30:00,74.43,74.58,74.38,74.52,19484
2015-10-12 14:45:00,74.5201,74.5653,74.35,74.45,27679
2015-10-12 15:00:00,74.4,74.62,74.4,74.6,11894
2015-10-12 15:15:00,74.6,74.63,74.49,74.63,24857
2015-10-12 15:30:00,74.64,74.66,74.6,74.62,21010
2015-10-12 15:45:00,74.6,74.6,74.48,74.5,21324
2015-10-12 16:00:00,74.5,74.52,74.33,74.43,98972
2015-10-13 09:45:00,74.27,74.975,74.1101,74.74,38053
2015-10-13 10:00:00,74.885,74.94,74.52,74.75,33585
2015-10-13 10:15:00,74.73,74.91,74.586,74.91,21375
2015-10-13 10:30:00,74.915,75.2,74.86,74.99,52466
2015-10-13 10:45:00,75.05,75.2,75.045,75.1708,21856
2015-10-13 11:00:00,75.21,75.38,75.09,75.33,25709
2015-10-13 11:15:00,75.35,75.494,75.31,75.35,28729
2015-10-13 11:30:00,75.37,75.45,75.185,75.25,19649
2015-10-13 11:45:00,75.22,75.33,75.17,75.25,19399
2015-10-13 12:00:00,75.32,75.33,75.2,75.3,12209
2015-10-13 12:15:00,75.3,75.43,75.3,75.43,12153
2015-10-13 12:30:00,75.42,75.44,75.3,75.36,15985
2015-10-13 12:45:00,75.33,75.44,75.32,75.32600000000001,39610
2015-10-13 13:00:00,75.32,75.33,74.99,74.99,18056
2015-10-13 13:15:00,74.99,74.99,74.79,74.81,10650
2015-10-13 13:30:00,74.7968,74.88,74.73,74.87,13183
2015-10-13 13:45:00,74.87,74.87,74.72,74.74,9300
2015-10-13 14:00:00,74.73,74.8601,74.725,74.77199999999999,19121
2015-10-13 14:15:00,74.77,74.77,74.66,74.72,21977
2015-10-13 14:30:00,74.71,74.7384,74.61,74.64,17909
2015-10-13 14:45:00,74.61,74.66,74.56,74.61,23121
2015-10-13 15:00:00,74.6035,74.79,74.6035,74.7501,22760
2015-10-13 15:15:00,74.75,74.75,74.6,74.62,22793
2015-10-13 15:30:00,74.59,74.61,74.36,74.36,24919
2015-10-13 15:45:00,74.35,74.42,74.24,74.24,28458
2015-10-13 16:00:00,74.25,74.35,74.12,74.12,203100
2015-10-14 09:45:00,74.11,74.72800000000001,74.11,74.65,16007
2015-10-14 10:00:00,74.61,74.75,74.565,74.63,86506
2015-10-14 10:15:00,74.58,74.6,74.14,74.14,11198
2015-10-14 10:30:00,74.12,74.12,73.78,73.78,57590
2015-10-14 10:45:00,73.76,73.96,73.74,73.94,70016
2015-10-14 11:00:00,73.91,73.91,73.62,73.62,9913
2015-10-14 11:15:00,73.59,73.8,73.52,73.63,17224
2015-10-14 11:30:00,73.64,73.66,73.477,73.62,7824
2015-10-14 11:45:00,73.63,73.703,73.482,73.62,22557
2015-10-14 12:00:00,73.62,73.71,73.5101,73.67,18592
2015-10-14 12:15:00,73.64,73.75,73.53,73.63,22133
2015-10-14 12:30:00,73.59,73.835,73.59,73.735,11386
2015-10-14 12:45:00,73.73,74.0,73.7201,73.97,9000
2015-10-14 13:00:00,73.99,74.23,73.99,74.2,10999
2015-10-14 13:15:00,74.15,74.22,73.93,74.2,56426
2015-10-14 13:30:00,74.2,74.27,74.03,74.03,33955
2015-10-14 13:45:00,74.04,74.19,73.95,74.19,19928
2015-10-14 14:00:00,74.21,74.31,74.185,74.21,19298
2015-10-14 14:15:00,74.23,74.32,73.99,74.13,44251
2015-10-14 14:30:00,74.11,74.12,73.89,73.89,22617
2015-10-14 14:45:00,73.9,73.98,73.78,73.92,26865
2015-10-14 15:00:00,73.91,73.95,73.85,73.91,23640
2015-10-14 15:15:00,73.9,74.02,73.87,73.88,58143
2015-10-14 15:30:00,73.8725,73.92,73.72,73.92,44212
2015-10-14 15:45:00,73.91,73.98,73.68,73.69,31629
2015-10-14 16:00:00,73.72,73.8,73.59,73.64,87908
2015-10-15 09:45:00,74.0,74.49,73.8843,74.1,29590
2015-10-15 10:00:00,74.15,74.1881,73.83,73.98,27056
2015-10-15 10:15:00,73.91,74.24,73.89,74.22,23727
2015-10-15 10:30:00,74.24,74.29,74.03,74.08,11988
2015-10-15 10:45:00,74.05,74.46,74.05,74.41,16841
2015-10-15 11:00:00,74.38,74.46,74.25,74.35,14375
2015-10-15 11:15:00,74.32,74.41,74.2,74.2,23284
2015-10-15 11:30:00,74.18,74.35,73.99,74.32,20696
2015-10-15 11:45:00,74.37,74.41,74.08,74.09,30511
2015-10-15 12:00:00,74.09,74.24,74.03,74.13,39181
2015-10-15 12:15:00,74.05,74.19,74.03,74.15,12256
2015-10-15 12:30:00,74.15,74.23,74.08,74.11,9493
2015-10-15 12:45:00,74.15,74.32,74.05,74.32,16687
2015-10-15 13:00:00,74.28,74.3,74.14,74.14,24335
2015-10-15 13:15:00,74.14,74.265,74.13,74.16,20900
2015-10-15 13:30:00,74.18,74.28,74.15,74.19,20267
2015-10-15 13:45:00,74.19,74.25,74.105,74.22,15641
2015-10-15 14:00:00,74.23,74.43,74.15,74.43,17396
2015-10-15 14:15:00,74.39,74.65,74.39,74.59,28319
2015-10-15 14:30:00,74.5853,74.83,74.58,74.83,48090
2015-10-15 14:45:00,74.83,74.97,74.75,74.9553,42331
2015-10-15 15:00:00,74.96,75.09,74.9,75.08,41770
2015-10-15 15:15:00,75.05,75.21,74.81,74.93,77013
2015-10-15 15:30:00,74.92,75.13,74.91,75.085,66714
2015-10-15 15:45:00,75.08,75.115,74.97,75.05,83112
2015-10-15 16:00:00,75.055,75.36,75.05,75.33,189356
2015-10-16 09:45:00,75.58,76.49,75.2,75.2,145535
2015-10-16 10:00:00,75.21,75.535,75.14,75.365,27480
2015-10-16 10:15:00,75.33,75.36,74.94,75.075,33900
2015-10-16 10:30:00,75.1,75.1,74.63,74.98,45414
2015-10-16 10:45:00,74.99,75.49,74.83,75.37,46723
2015-10-16 11:00:00,75.36,75.8,75.3247,75.78,34421
2015-10-16 11:15:00,75.8,76.13,75.72,76.08,66458
2015-10-16 11:30:00,76.06,76.28,75.95,76.23,69541
2015-10-16 11:45:00,76.25,76.58,76.17,76.28,101125
2015-10-16 12:00:00,76.25,76.94,76.25,76.92,85011
2015-10-16 12:15:00,76.92,76.92,76.65,76.79,51720
2015-10-16 12:30:00,76.78,77.44,76.73,77.365,81355
2015-10-16 12:45:00,77.35,77.66,77.26,77.66,136792
2015-10-16 13:00:00,77.65,77.66,77.33,77.42,76015
2015-10-16 13:15:00,77.4,77.45,77.3255,77.41,54158
2015-10-16 13:30:00,77.42,77.44,77.37,77.41,49906
2015-10-16 13:45:00,77.4,77.43,77.24,77.24,103618
2015-10-16 14:00:00,77.24,77.35,77.22,77.29,45112
2015-10-16 14:15:00,77.3,77.31,77.07,77.25,44908
2015-10-16 14:30:00,77.25,77.44,77.25,77.38,59396
2015-10-16 14:45:00,77.39,77.43,77.35,77.42,47744
2015-10-16 15:00:00,77.4102,77.56,77.37,77.4,121503
2015-10-16 15:15:00,77.4,77.5,77.37,77.5,74047
2015-10-16 15:30:00,77.49,77.57,77.39,77.44,130119
2015-10-16 15:45:00,77.43,77.55,77.3,77.52,179453
2015-10-16 16:00:00,77.54,77.91,77.5,77.87,381914
2015-10-19 09:45:00,76.77,77.5,73.35,74.0,403389
2015-10-19 10:00:00,74.0,74.03,72.9,73.49,487291
2015-10-19 10:15:00,73.49,73.49,71.955,72.045,441495
2015-10-19 10:30:00,72.09,72.21,71.5,71.94,307024
2015-10-19 10:45:00,71.96,72.08,71.39,71.78,180320
2015-10-19 11:00:00,71.77,72.42,71.7,72.38,187641
2015-10-19 11:15:00,72.37,72.54,72.0,72.165,174229
2015-10-19 11:30:00,72.12,72.49,71.72,72.28,163872
2015-10-19 11:45:00,72.2105,72.7,72.18,72.3824,99529
2015-10-19 12:00:00,72.43,72.51899999999999,72.1,72.3,111397
2015-10-19 12:15:00,72.289,72.32,71.9,72.12,100961
2015-10-19 12:30:00,72.07,72.17,71.62,71.8,105128
2015-10-19 12:45:00,71.77,72.03,71.72,71.8499,59096
2015-10-19 13:00:00,71.821,71.93,71.55,71.76,83096
2015-10-19 13:15:00,71.73,71.76,71.14,71.19,101625
2015-10-19 13:30:00,71.1603,71.24,70.82,70.905,95342
2015-10-19 13:45:00,70.88,71.57,70.87,71.45,130519
2015-10-19 14:00:00,71.46,71.75,71.4,71.7,78147
2015-10-19 14:15:00,71.7,72.1,71.59,72.01,108986
2015-10-19 14:30:00,72.0,72.1,71.75,71.75,98260
2015-10-19 14:45:00,71.76,71.78,71.36,71.55,136711
2015-10-19 15:00:00,71.54,71.69,71.4601,71.49,134019
2015-10-19 15:15:00,71.46,71.92,71.46,71.88,144683
2015-10-19 15:30:00,71.855,72.41,71.72,72.31,149102
2015-10-19 15:45:00,72.32,72.42,71.99,71.99,190601
2015-10-19 16:00:00,71.99,72.33,71.71,72.24,400758
2015-10-20 09:45:00,71.93,72.47,71.35,71.54,118801
2015-10-20 10:00:00,71.58,72.072,71.5,72.04,99950
2015-10-20 10:15:00,72.03,72.47,71.95,72.16,125320
2015-10-20 10:30:00,72.14,72.64,72.14,72.37,92256
2015-10-20 10:45:00,72.39,72.53,72.22,72.37,52719
2015-10-20 11:00:00,72.39,72.5,72.13,72.44,37198
2015-10-20 11:15:00,72.45,72.49,72.24,72.42,33191
2015-10-20 11:30:00,72.41,72.97,72.36,72.95,63926
2015-10-20 11:45:00,72.94,74.21,72.94,74.05,159505
2015-10-20 12:00:00,74.0,74.15,73.56,73.9,98024
2015-10-20 12:15:00,73.9,73.9,73.62,73.71,29776
2015-10-20 12:30:00,73.75,73.81,73.39,73.67,46409
2015-10-20 12:45:00,73.72,73.82,73.4,73.6,39784
2015-10-20 13:00:00,73.6874,73.7935,73.35,73.39,47399
2015-10-20 13:15:00,73.39,73.44,73.13,73.165,29900
2015-10-20 13:30:00,73.165,73.18,72.88,72.9,55952
2015-10-20 13:45:00,72.88,73.19,72.82,73.0392,44798
2015-10-20 14:00:00,73.13,73.13,72.83,72.88,41553
2015-10-20 14:15:00,72.87,72.89,72.64,72.68,50834
2015-10-20 14:30:00,72.68,72.89,72.5,72.8201,35461
2015-10-20 14:45:00,72.82,73.12,72.72,72.99,56609
2015-10-20 15:00:00,72.98,73.17,72.83,73.13,34894
2015-10-20 15:15:00,73.15,73.24,72.99,73.14,67842
2015-10-20 15:30:00,73.15,73.28,73.06,73.22,62265
2015-10-20 15:45:00,73.22,73.24,73.02,73.02,92930
2015-10-20 16:00:00,73.01,73.05,72.76,72.94,247439
2015-10-21 09:45:00,73.45,74.01,73.32,73.8,89143
2015-10-21 10:00:00,73.79,73.87,73.68,73.76,45767
2015-10-21 10:15:00,73.755,73.755,73.44,73.57,54063
2015-10-21 10:30:00,73.53,73.7,73.46,73.58,56319
2015-10-21 10:45:00,73.57,73.74,73.47,73.74,20656
2015-10-21 11:00:00,73.75,74.15,73.71,73.91,42275
2015-10-21 11:15:00,73.94,74.09,73.8,74.03,76565
2015-10-21 11:30:00,74.045,74.33,73.9401,73.9401,41927
2015-10-21 11:45:00,73.97,74.01,73.87,73.95,22536
2015-10-21 12:00:00,73.94,74.3,73.86,74.295,32922
2015-10-21 12:15:00,74.295,74.475,74.22,74.4,41467
2015-10-21 12:30:00,74.41,74.48,74.315,74.405,18320
2015-10-21 12:45:00,74.38,74.47,74.34,74.425,16814
2015-10-21 13:00:00,74.43,74.47,74.17,74.17,11156
2015-10-21 13:15:00,74.15,74.15,73.89,74.065,21821
2015-10-21 13:30:00,74.05,74.1,73.88,73.93,32920
2015-10-21 13:45:00,73.95,74.15,73.9005,74.07,28032
2015-10-21 14:00:00,74.02,74.17,74.0,74.04,22335
2015-10-21 14:15:00,74.056,74.07,73.9349,74.03,30781
2015-10-21 14:30:00,74.02,74.06,73.91,74.035,25442
2015-10-21 14:45:00,74.04,74.37,74.02,74.33,34035
2015-10-21 15:00:00,74.335,74.36,74.25,74.25,50211
2015-10-21 15:15:00,74.26,74.35,74.07600000000001,74.1,126055
2015-10-21 15:30:00,74.09,74.15,74.04,74.08,49931
2015-10-21 15:45:00,74.08,74.15,74.04,74.055,64684
2015-10-21 16:00:00,74.055,74.11,73.91,74.0,163688
2015-10-22 09:45:00,74.36,74.98,74.29,74.92,98416
2015-10-22 10:00:00,74.933,75.33,74.905,75.025,42511
2015-10-22 10:15:00,75.005,75.27,74.995,75.09,79440
2015-10-22 10:30:00,75.07,75.16,74.9,74.91,67586
2015-10-22 10:45:00,74.94,75.05,74.9,75.05,67596
2015-10-22 11:00:00,75.04,75.24,74.91,75.22,146904
2015-10-22 11:15:00,75.23,75.3,75.11,75.186,18854
2015-10-22 11:30:00,75.17,75.2,75.06,75.1,16288
2015-10-22 11:45:00,75.15,75.2,75.07,75.1865,35568
2015-10-22 12:00:00,75.18,75.24,75.08,75.11,19237
2015-10-22 12:15:00,75.1,75.21,75.08,75.18,65103
2015-10-22 12:30:00,75.2,75.44,75.18,75.39,43686
2015-10-22 12:45:00,75.395,75.63,75.395,75.6,21626
2015-10-22 13:00:00,75.62,75.79,75.6,75.72,25790
2015-10-22 13:15:00,75.69,75.75,75.55,75.6,19654
2015-10-22 13:30:00,75.59,75.59,75.38,75.51,19601
2015-10-22 13:45:00,75.51,75.57,75.47,75.51,14990
2015-10-22 14:00:00,75.55,75.58,75.46,75.475,16592
2015-10-22 14:15:00,75.5,75.53,75.38,75.49,31475
2015-10-22 14:30:00,75.49,75.68,75.39,75.61,139517
2015-10-22 14:45:00,75.597,75.61,75.46,75.58,29137
2015-10-22 15:00:00,75.57,76.28,75.57,76.25,66447
2015-10-22 15:15:00,76.28,76.4,76.25,76.37,149631
2015-10-22 15:30:00,76.39,76.75,76.36,76.74,96912
2015-10-22 15:45:00,76.73,76.75,76.45,76.62,136585
2015-10-22 16:00:00,76.6,76.78,76.42,76.76,386729
2015-10-23 09:45:00,77.25,77.3695,77.02,77.26,103495
2015-10-23 10:00:00,77.29,78.12,77.25,78.12,100536
2015-10-23 10:15:00,78.14,78.26,77.85,78.02,127551
2015-10-23 10:30:00,78.02,78.56,77.96,78.45,124219
2015-10-23 10:45:00,78.41,78.87,78.39,78.87,105205
2015-10-23 11:00:00,78.86,78.91,78.44,78.495,89266
2015-10-23 11:15:00,78.515,78.65,78.42,78.46,73493
2015-10-23 11:30:00,78.47,78.62,78.43,78.465,61094
2015-10-23 11:45:00,78.49,78.53,78.36,78.515,84904
2015-10-23 12:00:00,78.51,78.57,78.43,78.51,52876
2015-10-23 12:15:00,78.51,78.78,78.48,78.619,73279
2015-10-23 12:30:00,78.6,78.64,78.5,78.59,28606
2015-10-23 12:45:00,78.6391,78.67,78.5,78.57,19124
2015-10-23 13:00:00,78.58,78.59,78.46,78.5001,34001
2015-10-23 13:15:00,78.515,78.79,78.48,78.71,55823
2015-10-23 13:30:00,78.77,79.12,78.71,79.08,100823
2015-10-23 13:45:00,79.1,79.24,79.05,79.15,29859
2015-10-23 14:00:00,79.14,79.14,78.84,78.98,45144
2015-10-23 14:15:00,78.98,79.0,78.86,78.86,44661
2015-10-23 14:30:00,78.875,79.1737,78.85,79.0,50727
2015-10-23 14:45:00,79.01,79.14,78.99,79.13,48564
2015-10-23 15:00:00,79.15,79.2,79.02,79.084,34257
2015-10-23 15:15:00,79.07,79.07,78.89,78.94,52375
2015-10-23 15:30:00,78.94,79.01,78.75,78.86,85377
2015-10-23 15:45:00,78.87,79.0,78.37,78.97,311661
2015-10-23 16:00:00,78.96,78.96,78.74,78.869,304141
2015-10-26 09:45:00,78.25,79.11,78.14,78.98,100511
2015-10-26 10:00:00,78.945,79.0,78.71,78.78,123507
2015-10-26 10:15:00,78.775,79.39,78.72,78.98,105867
2015-10-26 10:30:00,78.96,79.28,78.89,79.2,168801
2015-10-26 10:45:00,79.19,79.4,79.19,79.32,52833
2015-10-26 11:00:00,79.31,79.4325,79.19,79.22,27405
2015-10-26 11:15:00,79.2297,79.33,79.11,79.22,32796
2015-10-26 11:30:00,79.24,79.33,78.955,78.975,42250
2015-10-26 11:45:00,78.96,79.17,78.95,79.16,29327
2015-10-26 12:00:00,79.21,79.28,79.07,79.17,65145
2015-10-26 12:15:00,79.16,79.18,79.0801,79.13,21246
2015-10-26 12:30:00,79.12,79.15,78.98,79.02,24202
2015-10-26 12:45:00,79.01,79.23,79.0,79.22,43027
2015-10-26 13:00:00,79.215,79.215,78.9901,79.03,14267
2015-10-26 13:15:00,79.04,79.1,79.02,79.08,20174
2015-10-26 13:30:00,79.08,79.14,79.04,79.12,33028
2015-10-26 13:45:00,79.12,79.17,79.04,79.07,41051
2015-10-26 14:00:00,79.07,79.105,78.995,79.0,149280
2015-10-26 14:15:00,79.0,79.0042,78.86,78.9068,31555
2015-10-26 14:30:00,78.9,78.94,78.82,78.86,61034
2015-10-26 14:45:00,78.86,78.86,78.39,78.54,56570
2015-10-26 15:00:00,78.54,78.55,78.48,78.54,51943
2015-10-26 15:15:00,78.53,78.54,78.49,78.52,49692
2015-10-26 15:30:00,78.5,78.53,78.275,78.3,67941
2015-10-26 15:45:00,78.3,78.38,78.23,78.36,95484
2015-10-26 16:00:00,78.37,78.38,78.27,78.32,113090
2015-10-27 09:45:00,77.76,78.16,77.51,78.125,75010
2015-10-27 10:00:00,78.07,78.49,77.95,78.31,90876
2015-10-27 10:15:00,78.358,78.358,77.99,78.07,28266
2015-10-27 10:30:00,78.06,78.06,77.66,78.0,60180
2015-10-27 10:45:00,78.0,78.01,77.85,77.98,21682
2015-10-27 11:00:00,77.97,78.06,77.89,77.96,26360
2015-10-27 11:15:00,77.91,78.09,77.88,77.96,72111
2015-10-27 11:30:00,77.94,78.1056,77.91,78.035,19558
2015-10-27 11:45:00,78.01,78.01,77.8688,77.89,16581
2015-10-27 12:00:00,77.89,78.0,77.81,77.86,49580
2015-10-27 12:15:00,77.85,77.87,77.5,77.5,18007
2015-10-27 12:30:00,77.51,77.68,77.46,77.56,12914
2015-10-27 12:45:00,77.55,77.71,77.5,77.71,11524
2015-10-27 13:00:00,77.71,77.76,77.67,77.74,21693
2015-10-27 13:15:00,77.72,77.74,77.645,77.67,21941
2015-10-27 13:30:00,77.66,77.93,77.64,77.83,35755
2015-10-27 13:45:00,77.81,78.01,77.76,77.95,33273
2015-10-27 14:00:00,77.95,77.9604,77.8,77.87,19233
2015-10-27 14:15:00,77.9,78.15,77.85,78.0875,32539
2015-10-27 14:30:00,78.094,78.094,77.985,78.0,26839
2015-10-27 14:45:00,78.01,78.07,77.94,78.01,20006
2015-10-27 15:00:00,78.01,78.08,77.93,77.99,34179
2015-10-27 15:15:00,78.0,78.09,77.9799,78.09,21982
2015-10-27 15:30:00,78.1,78.14,78.01,78.0901,19317
2015-10-27 15:45:00,78.12,78.165,78.02,78.06,35453
2015-10-27 16:00:00,78.06,78.2497,78.06,78.22,102476
2015-10-28 09:45:00,78.26,78.38,77.59,77.67,31142
2015-10-28 10:00:00,77.67,77.89,77.6,77.78699999999999,28793
2015-10-28 10:15:00,77.79,78.06,77.78,77.8791,31843
2015-10-28 10:30:00,77.88,77.88,77.71,77.77,18075
2015-10-28 10:45:00,77.87,78.145,77.87,78.08800000000001,29418
2015-10-28 11:00:00,78.12,78.3399,78.065,78.32,22059
2015-10-28 11:15:00,78.32,78.5,78.31,78.48,14889
2015-10-28 11:30:00,78.49,78.49,78.29,78.39,12462
2015-10-28 11:45:00,78.39399999999999,78.39399999999999,78.3,78.32,14406
2015-10-28 12:00:00,78.32,78.41,78.24,78.365,15083
2015-10-28 12:15:00,78.33,78.34,78.26,78.29,12216
2015-10-28 12:30:00,78.3,78.32,78.18,78.18,15076
2015-10-28 12:45:00,78.2,78.245,78.135,78.14,26429
2015-10-28 13:00:00,78.14,78.205,78.1,78.1,11400
2015-10-28 13:15:00,78.09,78.182,78.02,78.176,8752
2015-10-28 13:30:00,78.18,78.28,78.17,78.26,13270
2015-10-28 13:45:00,78.24,78.33,78.24,78.27,12635
2015-10-28 14:00:00,78.27,78.47,78.27,78.445,16056
2015-10-28 14:15:00,78.45,78.45,77.54,77.64,46631
2015-10-28 14:30:00,77.6345,77.8,77.53,77.66,19082
2015-10-28 14:45:00,77.65,77.8,77.49,77.62,17142
2015-10-28 15:00:00,77.66,77.84,77.5661,77.71,13345
2015-10-28 15:15:00,77.74,78.039,77.64,77.94,47519
2015-10-28 15:30:00,77.95,78.0275,77.87,78.0,18507
2015-10-28 15:45:00,78.03,78.14,77.96,78.09,57518
2015-10-28 16:00:00,78.09,78.18,78.05,78.18,93119
2015-10-29 09:45:00,77.44,77.57,76.925,77.43,55791
2015-10-29 10:00:00,77.44,77.66,77.34,77.46,11435
2015-10-29 10:15:00,77.46,77.68,77.43,77.53,8086
2015-10-29 10:30:00,77.54,77.54,77.2,77.2,13933
2015-10-29 10:45:00,77.21,77.36,77.16,77.345,21121
2015-10-29 11:00:00,77.32,77.32,77.12,77.21,31701
2015-10-29 11:15:00,77.17,77.32,77.16,77.265,17896
2015-10-29 11:30:00,77.26,77.4,77.23,77.34,13596
2015-10-29 11:45:00,77.4,77.461,77.31,77.33,6287
2015-10-29 12:00:00,77.33,77.3399,77.2,77.235,19679
2015-10-29 12:15:00,77.274,77.34,77.17,77.34,26319
2015-10-29 12:30:00,77.36,77.4,77.3068,77.34,5444
2015-10-29 12:45:00,77.33,77.34,77.26,77.3,3292
2015-10-29 13:00:00,77.31,77.36,77.18,77.225,14184
2015-10-29 13:15:00,77.24,77.27,77.2,77.26,8571
2015-10-29 13:30:00,77.25,77.25,77.2,77.225,7068
2015-10-29 13:45:00,77.24,77.31,77.14,77.16,15984
2015-10-29 14:00:00,77.15,77.24,77.145,77.19,11279
2015-10-29 14:15:00,77.18,77.425,77.165,77.38,18243
2015-10-29 14:30:00,77.355,77.4,77.26,77.32,17611
2015-10-29 14:45:00,77.32,77.38,77.25,77.36,18384
2015-10-29 15:00:00,77.34,77.51,77.31,77.49,15881
2015-10-29 15:15:00,77.49,77.49,77.37,77.475,22029
2015-10-29 15:30:00,77.47,77.63,77.47,77.62,19142
2015-10-29 15:45:00,77.62,77.83,77.61,77.815,30783
2015-10-29 16:00:00,77.82,77.82,77.71,77.74,73507
2015-10-30 09:45:00,77.52,77.7199,76.92,77.42,24726
2015-10-30 10:00:00,77.5,77.71,77.06,77.225,41955
2015-10-30 10:15:00,77.29,77.31,76.92,77.08,21055
2015-10-30 10:30:00,77.1,77.42,77.05,77.36,22738
2015-10-30 10:45:00,77.36,77.43,77.21,77.2514,40238
2015-10-30 11:00:00,77.245,77.36,77.23,77.31,15643
2015-10-30 11:15:00,77.29,77.3,76.91,76.9409,27870
2015-10-30 11:30:00,76.944,76.98,76.86,76.96,42820
2015-10-30 11:45:00,76.94,76.98,76.86,76.93,22109
2015-10-30 12:00:00,76.925,77.08,76.9,76.99,16422
2015-10-30 12:15:00,76.98,77.02,76.91,76.975,15099
2015-10-30 12:30:00,76.975,77.11,76.94,76.94,18427
2015-10-30 12:45:00,76.93,77.01,76.93,76.95,10697
2015-10-30 13:00:00,76.93,77.22,76.93,77.22,18381
2015-10-30 13:15:00,77.27,77.3125,77.22,77.29,14022
2015-10-30 13:30:00,77.3,77.3105,77.21,77.25,11305
2015-10-30 13:45:00,77.25,77.25,77.11,77.11,13423
2015-10-30 14:00:00,77.13,77.19,76.98,76.98,13344
2015-10-30 14:15:00,76.97,77.0,76.89,76.94,26164
2015-10-30 14:30:00,76.94,77.0,76.86,76.9,17648
2015-10-30 14:45:00,76.91,77.0068,76.87,76.895,22715
2015-10-30 15:00:00,76.91,76.92,76.85,76.885,47729
2015-10-30 15:15:00,76.88,76.9295,76.85,76.89,38827
2015-10-30 15:30:00,76.8868,77.1,76.8868,76.93,32152
2015-10-30 15:45:00,76.92,77.04,76.91,76.96,35840
2015-10-30 16:00:00,76.97,77.12,76.82,76.83,159475
2015-11-02 09:45:00,77.28,77.325,76.66,77.0,61903
2015-11-02 10:00:00,77.0,77.03,76.89,76.95,20129
2015-11-02 10:15:00,77.0,77.045,76.92,77.02,21184
2015-11-02 10:30:00,77.01,77.09,76.92,77.03,48033
2015-11-02 10:45:00,77.03,77.03,76.83,76.84,35696
2015-11-02 11:00:00,76.87,76.93,76.78,76.805,14881
2015-11-02 11:15:00,76.8,76.97,76.73,76.95,9842
2015-11-02 11:30:00,76.95,76.95,76.85,76.89,32512
2015-11-02 11:45:00,76.89,76.91,76.82,76.86,16166
2015-11-02 12:00:00,76.84,76.84,76.65,76.69,23800
2015-11-02 12:15:00,76.69,76.76,76.68,76.72,24528
2015-11-02 12:30:00,76.72,76.79,76.66,76.66,14949
2015-11-02 12:45:00,76.69,76.71,76.65,76.6801,11403
2015-11-02 13:00:00,76.72,76.75,76.67,76.74,18478
2015-11-02 13:15:00,76.75,76.77,76.67,76.68,22621
2015-11-02 13:30:00,76.6701,76.72,76.67,76.67,20941
2015-11-02 13:45:00,76.7,76.8,76.69,76.765,31524
2015-11-02 14:00:00,76.78,76.89,76.77,76.875,31825
2015-11-02 14:15:00,76.87,76.9,76.83,76.8303,18095
2015-11-02 14:30:00,76.83,76.84,76.76,76.8203,34419
2015-11-02 14:45:00,76.83,76.91,76.77,76.8904,66566
2015-11-02 15:00:00,76.88,76.98,76.87,76.96,69667
2015-11-02 15:15:00,76.95,77.125,76.95,77.125,104238
2015-11-02 15:30:00,77.12,77.23,77.09,77.22,33805
2015-11-02 15:45:00,77.21,77.25,77.19,77.24,31788
2015-11-02 16:00:00,77.24,77.26,77.11,77.24,115212
2015-11-03 09:45:00,77.09,77.51,77.03,77.34,21725
2015-11-03 10:00:00,77.35,77.48,77.26,77.4,15588
2015-11-03 10:15:00,77.4,77.44,77.29,77.292,16744
2015-11-03 10:30:00,77.25,77.27,77.03,77.03,22554
2015-11-03 10:45:00,77.02,77.22,77.0,77.06,14350
2015-11-03 11:00:00,77.08,77.13,76.99,77.085,18398
2015-11-03 11:15:00,77.04,77.12,76.97,77.09,30914
2015-11-03 11:30:00,77.055,77.1,77.0,77.02,15299
2015-11-03 11:45:00,77.01,77.1,77.01,77.07,14357
2015-11-03 12:00:00,77.06,77.13,77.0,77.1,42176
2015-11-03 12:15:00,77.1,77.1,77.02,77.02,6670
2015-11-03 12:30:00,77.03,77.27,77.025,77.13,23845
2015-11-03 12:45:00,77.125,77.225,77.11,77.195,15980
2015-11-03 13:00:00,77.175,77.4,77.175,77.35,12534
2015-11-03 13:15:00,77.34,77.355,77.2,77.2,13515
2015-11-03 13:30:00,77.22,77.31,77.2,77.3,14123
2015-11-03 13:45:00,77.27,77.32,77.23,77.3,20470
2015-11-03 14:00:00,77.28,77.328,77.22,77.31,26776
2015-11-03 14:15:00,77.33,77.44,77.29,77.4,37934
2015-11-03 14:30:00,77.38,77.43,77.3,77.41,18634
2015-11-03 14:45:00,77.43,77.44,77.32,77.32,26805
2015-11-03 15:00:00,77.31,77.465,77.19,77.35,48341
2015-11-03 15:15:00,77.35,77.36,77.22,77.3097,50951
2015-11-03 15:30:00,77.29,77.42,77.26,77.31,39925
2015-11-03 15:45:00,77.31,77.33,77.2,77.21,62385
2015-11-03 16:00:00,77.22,77.3,77.16,77.22,205420
2015-11-04 09:45:00,77.46,77.75,77.33800000000001,77.5814,30303
2015-11-04 10:00:00,77.5808,77.5808,77.14,77.27199999999999,10157
2015-11-04 10:15:00,77.2735,77.51,77.13,77.13,11576
2015-11-04 10:30:00,77.1,77.15,76.79,76.8905,29248
2015-11-04 10:45:00,76.905,77.08,76.78,76.95,13595
2015-11-04 11:00:00,76.97,77.19,76.92,77.16,10979
2015-11-04 11:15:00,77.134,77.134,76.8,76.8,9674
2015-11-04 11:30:00,76.83,76.98,76.83,76.88,9576
2015-11-04 11:45:00,76.93,77.19,76.86,77.185,9296
2015-11-04 12:00:00,77.21,77.24,77.03399999999999,77.09,14388
2015-11-04 12:15:00,77.11,77.3296,77.06,77.25,12989
2015-11-04 12:30:00,77.25,77.35,77.22,77.31,10462
2015-11-04 12:45:00,77.32,77.35,77.1596,77.34,9342
2015-11-04 13:00:00,77.36,77.43,77.33,77.39,5775
2015-11-04 13:15:00,77.42,77.44,77.12,77.14,13386
2015-11-04 13:30:00,77.17,77.17,77.01,77.09,6296
2015-11-04 13:45:00,77.12,77.49,77.04,77.32,40859
2015-11-04 14:00:00,77.32,77.32,77.041,77.21,13975
2015-11-04 14:15:00,77.22,77.36,77.14,77.22,28257
2015-11-04 14:30:00,77.19,77.24,77.11,77.16199999999999,10607
2015-11-04 14:45:00,77.18,77.32,77.12,77.12,39059
2015-11-04 15:00:00,77.13,77.24,77.06,77.24,12394
2015-11-04 15:15:00,77.24,77.24,77.06,77.125,19871
2015-11-04 15:30:00,77.12,77.1202,76.97,77.03,46273
2015-11-04 15:45:00,77.02,77.025,76.88,76.89,41805
2015-11-04 16:00:00,76.89,77.01,76.89,77.01,106021
2015-11-05 09:45:00,77.39,77.87,77.13,77.22,28800
2015-11-05 10:00:00,77.31,77.44,77.19,77.34,7473
2015-11-05 10:15:00,77.325,77.4,77.12,77.14,14440
2015-11-05 10:30:00,77.13,77.15,76.8201,76.8201,8716
2015-11-05 10:45:00,76.77,76.78,76.43,76.55,17964
2015-11-05 11:00:00,76.55,76.6,76.5,76.51,13537
2015-11-05 11:15:00,76.52,76.6,76.42,76.49,8107
2015-11-05 11:30:00,76.54,76.85,76.54,76.82,26794
2015-11-05 11:45:00,76.81,76.832,76.67,76.76,10115
2015-11-05 12:00:00,76.76,76.9,76.7,76.87,16490
2015-11-05 12:15:00,76.86,76.99,76.78,76.79,37100
2015-11-05 12:30:00,76.8,77.04,76.8,77.04,10097
2015-11-05 12:45:00,77.0,77.05,76.88,77.04,19784
2015-11-05 13:00:00,77.05,77.09,76.97,77.06,5847
2015-11-05 13:15:00,77.02,77.2266,77.02,77.2266,11100
2015-11-05 13:30:00,77.23,77.25,77.03,77.03,10419
2015-11-05 13:45:00,77.0,77.2,76.98,77.11,7689
2015-11-05 14:00:00,77.0866,77.31,77.0866,77.1811,5583
2015-11-05 14:15:00,77.24,77.33,77.12,77.13,11681
2015-11-05 14:30:00,77.1799,77.18,76.94,76.99,12414
2015-11-05 14:45:00,76.96,77.05,76.85,76.9928,12488
2015-11-05 15:00:00,76.98,77.17,76.91,77.15,12876
2015-11-05 15:15:00,77.17,77.19,77.05,77.05,24728
2015-11-05 15:30:00,77.06,77.22,77.06,77.22,19802
2015-11-05 15:45:00,77.22,77.22,77.1,77.19,19840
2015-11-05 16:00:00,77.18,77.19,77.04,77.07,62145
2015-11-06 09:45:00,76.81,77.46,76.71,77.13,21045
2015-11-06 10:00:00,77.09,77.56,77.06,77.56,24606
2015-11-06 10:15:00,77.51,77.7499,77.315,77.7499,32628
2015-11-06 10:30:00,77.71,77.92,77.56,77.82,26128
2015-11-06 10:45:00,77.88,78.45,77.87,78.33,20567
2015-11-06 11:00:00,78.39,78.45,78.22,78.26,22140
2015-11-06 11:15:00,78.24,78.24,77.76,77.8265,14232
2015-11-06 11:30:00,77.835,77.87,77.58,77.64,15016
2015-11-06 11:45:00,77.67,78.03,77.67,78.02,13807
2015-11-06 12:00:00,78.0,78.34,78.0,78.04,18532
2015-11-06 12:15:00,78.05,78.23,77.97,78.205,22652
2015-11-06 12:30:00,78.19,78.21,77.98,77.98,16453
2015-11-06 12:45:00,78.01,78.22,78.01,78.192,13478
2015-11-06 13:00:00,78.22,78.29,78.14,78.23,27374
2015-11-06 13:15:00,78.23,78.47,78.19,78.44,21591
2015-11-06 13:30:00,78.445,78.49,78.38,78.43,14492
2015-11-06 13:45:00,78.41,78.48,78.14,78.15,19132
2015-11-06 14:00:00,78.17,78.43,78.1,78.395,22067
2015-11-06 14:15:00,78.396,78.68,78.392,78.67,11479
2015-11-06 14:30:00,78.6437,78.67,78.49,78.59,24889
2015-11-06 14:45:00,78.59,78.59,78.17,78.3,11571
2015-11-06 15:00:00,78.3,78.3,78.16,78.28,9544
2015-11-06 15:15:00,78.27,78.3,78.15,78.255,14365
2015-11-06 15:30:00,78.25,78.27,78.17,78.2,15939
2015-11-06 15:45:00,78.18,78.33,78.13,78.18,24022
2015-11-06 16:00:00,78.18,78.29,78.11,78.25,81409
2015-11-09 09:45:00,78.0,78.39,77.62,77.68,30986
2015-11-09 10:00:00,77.76,78.01,77.66,77.915,44635
2015-11-09 10:15:00,77.83,77.898,77.54,77.58,17721
2015-11-09 10:30:00,77.59,77.64,77.31,77.47,17042
2015-11-09 10:45:00,77.43,77.71,77.36,77.67699999999999,14617
2015-11-09 11:00:00,77.682,77.81,77.61,77.81,10699
2015-11-09 11:15:00,77.815,77.84,77.5,77.535,13195
2015-11-09 11:30:00,77.52,77.62,77.43,77.43,10100
2015-11-09 11:45:00,77.42,77.7,77.42,77.62,9396
2015-11-09 12:00:00,77.57,77.78,77.5,77.7,26147
2015-11-09 12:15:00,77.65,77.7654,77.57,77.635,10582
2015-11-09 12:30:00,77.6457,77.74,77.58,77.74,18751
2015-11-09 12:45:00,77.7,78.12,77.7,78.1,17125
2015-11-09 13:00:00,78.11,78.31,78.1,78.28,25644
2015-11-09 13:15:00,78.31,78.32,78.05,78.07,19070
2015-11-09 13:30:00,78.06,78.1,77.92,77.92,14108
2015-11-09 13:45:00,77.93,78.21,77.92,78.2,16101
2015-11-09 14:00:00,78.17,78.21,78.1,78.19,19115
2015-11-09 14:15:00,78.22,78.38,78.185,78.33,20071
2015-11-09 14:30:00,78.31,78.37,78.24,78.34,19056
2015-11-09 14:45:00,78.33,78.41,78.18,78.185,30487
2015-11-09 15:00:00,78.175,78.35,78.145,78.28,27131
2015-11-09 15:15:00,78.296,78.43,78.262,78.37,71764
2015-11-09 15:30:00,78.375,78.46,78.27,78.45,59314
2015-11-09 15:45:00,78.46,78.74,78.46,78.67,60386
2015-11-09 16:00:00,78.67,78.72,78.37,78.39,176220
2015-11-10 09:45:00,78.66,79.22,78.3701,78.99,33969
2015-11-10 10:00:00,78.99,79.37,78.77,79.2,22916
2015-11-10 10:15:00,79.15,79.19,78.56,78.62,14789
2015-11-10 10:30:00,78.6,78.79,78.53,78.74,18114
2015-11-10 10:45:00,78.76,78.865,78.63,78.75,15963
2015-11-10 11:00:00,78.76,78.92,78.74,78.895,12518
2015-11-10 11:15:00,78.895,78.99,78.8,78.825,16138
2015-11-10 11:30:00,78.825,78.9,78.59,78.6025,14519
2015-11-10 11:45:00,78.64,78.78,78.57,78.78,12750
2015-11-10 12:00:00,78.8,79.04,78.68,79.0,30203
2015-11-10 12:15:00,78.97,79.23,78.97,79.19,11227
2015-11-10 12:30:00,79.22,79.29,79.06,79.06,12720
2015-11-10 12:45:00,79.03,79.15,78.985,79.11,27117
2015-11-10 13:00:00,79.09,79.16,79.03,79.05,9737
2015-11-10 13:15:00,79.05,79.18,79.0,79.075,29700
2015-11-10 13:30:00,79.07,79.29,79.07,79.15,38358
2015-11-10 13:45:00,79.15,79.215,79.095,79.21,17593
2015-11-10 14:00:00,79.2,79.39,79.2,79.3,15268
2015-11-10 14:15:00,79.29,79.43,79.29,79.38,18023
2015-11-10 14:30:00,79.42,79.5,79.37,79.385,17368
2015-11-10 14:45:00,79.4,79.81,79.38,79.76,41056
2015-11-10 15:00:00,79.8,79.8919,79.73,79.73,34184
2015-11-10 15:15:00,79.69,79.82,79.67,79.77,28416
2015-11-10 15:30:00,79.77,79.87,79.7,79.76,43190
2015-11-10 15:45:00,79.76,79.825,79.62,79.75,48952
2015-11-10 16:00:00,79.76,79.84,79.66,79.84,100831
2015-11-11 09:45:00,79.87,79.93,79.45,79.45,28960
2015-11-11 10:00:00,79.56,79.82,79.52,79.59,30632
2015-11-11 10:15:00,79.57,79.57,79.1,79.1,80743
2015-11-11 10:30:00,79.181,79.181,78.72,78.7306,19543
2015-11-11 10:45:00,78.72,78.78,78.4,78.44,13620
2015-11-11 11:00:00,78.39,78.45,78.21,78.44,31069
2015-11-11 11:15:00,78.42,78.66,78.4,78.61,15651
2015-11-11 11:30:00,78.6244,78.68,78.51,78.53,26990
2015-11-11 11:45:00,78.5,78.61,78.45,78.53,13219
2015-11-11 12:00:00,78.56,78.6681,78.5,78.58,19655
2015-11-11 12:15:00,78.6,78.65,78.46,78.64,25972
2015-11-11 12:30:00,78.65,78.825,78.54,78.8,26073
2015-11-11 12:45:00,78.75,78.93,78.74,78.79,8732
2015-11-11 13:00:00,78.8,78.8,78.64,78.71,6900
2015-11-11 13:15:00,78.69,78.82,78.57,78.79,69488
2015-11-11 13:30:00,78.78,78.85,78.65,78.69,20510
2015-11-11 13:45:00,78.72,78.88,78.66,78.88,10954
2015-11-11 14:00:00,78.88,78.95,78.78,78.8,11768
2015-11-11 14:15:00,78.82,78.9999,78.77,78.96,27346
2015-11-11 14:30:00,78.97800000000001,79.01,78.88,78.99,9900
2015-11-11 14:45:00,79.0,79.04,78.73,78.745,144807
2015-11-11 15:00:00,78.75,78.8986,78.745,78.75,25026
2015-11-11 15:15:00,78.74,78.75,78.58,78.66,24392
2015-11-11 15:30:00,78.67,78.75,78.59,78.74,33234
2015-11-11 15:45:00,78.73,78.7504,78.47,78.57,48944
2015-11-11 16:00:00,78.57,78.64,78.5,78.6,71602
2015-11-12 09:45:00,78.79,79.635,78.78,78.79,73629
2015-11-12 10:00:00,78.82,79.03,78.68,78.97,53146
2015-11-12 10:15:00,78.95,79.17,78.65,79.0,33942
2015-11-12 10:30:00,79.0,79.23,78.57,78.62,23835
2015-11-12 10:45:00,78.61,78.6332,78.465,78.55,16702
2015-11-12 11:00:00,78.58,78.675,78.34,78.61,22642
2015-11-12 11:15:00,78.63,78.72,78.47,78.48,15844
2015-11-12 11:30:00,78.46,78.46,78.1,78.17,17367
2015-11-12 11:45:00,78.19,78.3,78.07,78.15,27345
2015-11-12 12:00:00,78.21,78.465,78.06,78.46,70914
2015-11-12 12:15:00,78.47,78.47,78.23,78.35,25027
2015-11-12 12:30:00,78.35,78.44,78.32,78.41,35882
2015-11-12 12:45:00,78.39,78.45,78.36,78.4,35757
2015-11-12 13:00:00,78.41,78.44,78.26,78.3,21503
2015-11-12 13:15:00,78.29,78.35,78.15,78.26,11187
2015-11-12 13:30:00,78.29,78.54,78.29,78.5,19049
2015-11-12 13:45:00,78.53,78.58,78.27,78.27,29286
2015-11-12 14:00:00,78.27,78.27,78.05,78.07,15201
2015-11-12 14:15:00,78.1,78.14,77.88,77.94,26136
2015-11-12 14:30:00,77.89,77.92,77.73,77.855,28208
2015-11-12 14:45:00,77.9191,77.98,77.79,77.86,20068
2015-11-12 15:00:00,77.85,77.85,77.56,77.635,26821
2015-11-12 15:15:00,77.62,77.81,77.6,77.81,23529
2015-11-12 15:30:00,77.78,77.98,77.76,77.93,41019
2015-11-12 15:45:00,77.96,78.07,77.81,77.907,72011
2015-11-12 16:00:00,77.9,77.98,77.8,77.85,124445
2015-11-13 09:45:00,77.52,77.69,77.02,77.3501,22129
2015-11-13 10:00:00,77.33,77.33,76.21,76.26,28921
2015-11-13 10:15:00,76.2,76.63,75.85,75.87,40759
2015-11-13 10:30:00,75.91,76.17,75.72,76.15,29087
2015-11-13 10:45:00,76.16,76.45,76.045,76.38,32922
2015-11-13 11:00:00,76.35,76.35,76.1801,76.33,17117
2015-11-13 11:15:00,76.3,76.3,76.05,76.18,19438
2015-11-13 11:30:00,76.15,76.28,75.99,76.14,26903
2015-11-13 11:45:00,76.14,76.24,76.0231,76.115,15373
2015-11-13 12:00:00,76.08,76.42,76.05,76.42,14752
2015-11-13 12:15:00,76.48,76.69,76.37,76.69,100930
2015-11-13 12:30:00,76.69,76.78,76.57,76.67,11415
2015-11-13 12:45:00,76.65,76.79,76.47,76.495,15126
2015-11-13 13:00:00,76.49,76.51,76.425,76.46,13278
2015-11-13 13:15:00,76.51,76.55,76.2,76.26,13650
2015-11-13 13:30:00,76.26,76.35,76.22,76.32,16356
2015-11-13 13:45:00,76.32,76.34,76.15,76.19,23556
2015-11-13 14:00:00,76.19,76.33,76.08,76.1399,29217
2015-11-13 14:15:00,76.11,76.37,76.07600000000001,76.37,28653
2015-11-13 14:30:00,76.37,76.39,76.2508,76.3,22867
2015-11-13 14:45:00,76.28,76.29,76.12,76.24,20169
2015-11-13 15:00:00,76.22,76.29,76.0301,76.14,23824
2015-11-13 15:15:00,76.15,76.35,76.15,76.26,29029
2015-11-13 15:30:00,76.27,76.27,76.07,76.1,64224
2015-11-13 15:45:00,76.12,76.25,76.06,76.09,50413
2015-11-13 16:00:00,76.1,76.2,75.94,76.02,79771
2015-11-16 09:45:00,75.9,76.4899,75.61,76.27,25837
2015-11-16 10:00:00,76.31,76.58,76.12,76.25,13749
2015-11-16 10:15:00,76.06,76.17,75.61,75.93,33425
2015-11-16 10:30:00,75.87,76.29,75.76,76.2,43234
2015-11-16 10:45:00,76.18,76.18,74.63,75.285,134587
2015-11-16 11:00:00,75.31,75.35,74.23,74.38,101445
2015-11-16 11:15:00,74.44,75.05,74.41,74.78,53897
2015-11-16 11:30:00,74.792,74.98,74.55,74.62,20845
2015-11-16 11:45:00,74.65,74.87,74.6,74.68,23709
2015-11-16 12:00:00,74.65,75.27,74.65,75.105,21853
2015-11-16 12:15:00,75.12,75.15,74.91,75.01,28230
2015-11-16 12:30:00,75.02,75.17,75.02,75.1,30180
2015-11-16 12:45:00,75.1,75.1912,75.05,75.14,26529
2015-11-16 13:00:00,75.1,75.19,75.06,75.14,16178
2015-11-16 13:15:00,75.17,75.24,75.09,75.19,16008
2015-11-16 13:30:00,75.175,75.23,75.07,75.2,23924
2015-11-16 13:45:00,75.18,75.32,75.13,75.21,24188
2015-11-16 14:00:00,75.21,75.29,75.16,75.255,25176
2015-11-16 14:15:00,75.29,75.29,75.13,75.23,43847
2015-11-16 14:30:00,75.245,75.41,75.19,75.375,24112
2015-11-16 14:45:00,75.36,75.5,75.33,75.48,48005
2015-11-16 15:00:00,75.48,75.49,75.35,75.42,35001
2015-11-16 15:15:00,75.42,75.615,75.42,75.61,44057
2015-11-16 15:30:00,75.615,75.75,75.55,75.695,33333
2015-11-16 15:45:00,75.705,75.8,75.62,75.75,55438
2015-11-16 16:00:00,75.76,76.0,75.66,75.75,197921
2015-11-17 09:45:00,75.32,75.82,74.87,75.12,50704
2015-11-17 10:00:00,75.0399,75.11,74.59,74.67,30879
2015-11-17 10:15:00,74.67,75.15,74.44,74.94,123409
2015-11-17 10:30:00,74.93,75.56,74.83,75.43,91401
2015-11-17 10:45:00,75.43,75.56,75.25,75.33,73013
2015-11-17 11:00:00,75.37,75.74,75.25,75.37,130026
2015-11-17 11:15:00,75.38,75.58,75.33,75.39,62941
2015-11-17 11:30:00,75.38,75.46,75.29,75.38,38210
2015-11-17 11:45:00,75.42,75.57,75.25,75.32,26363
2015-11-17 12:00:00,75.31,75.31,75.05,75.05,28759
2015-11-17 12:15:00,75.05,75.08,74.9,74.96,24271
2015-11-17 12:30:00,74.96,75.03,74.89,74.97,25359
2015-11-17 12:45:00,74.96,75.07,74.72,74.745,23914
2015-11-17 13:00:00,74.72,74.82,74.68,74.73,18541
2015-11-17 13:15:00,74.75,74.75,74.59,74.71,29894
2015-11-17 13:30:00,74.72,74.72,74.33,74.36,87008
2015-11-17 13:45:00,74.33,74.33,74.12,74.15,33801
2015-11-17 14:00:00,74.16,74.27,74.13,74.27,24479
2015-11-17 14:15:00,74.26,74.64,74.22,74.55,37473
2015-11-17 14:30:00,74.5556,74.75,74.49,74.68,89658
2015-11-17 14:45:00,74.6701,74.69,74.45,74.4805,37335
2015-11-17 15:00:00,74.5,74.64,74.33,74.64,41404
2015-11-17 15:15:00,74.65,74.67,74.48,74.59,47917
2015-11-17 15:30:00,74.585,74.71,74.39,74.65,79518
2015-11-17 15:45:00,74.64,74.875,74.61,74.77,72695
2015-11-17 16:00:00,74.79,74.87,74.71,74.76,144259
2015-11-18 09:45:00,75.11,75.49,74.96,75.02,36451
2015-11-18 10:00:00,75.02,75.25,74.88,74.9,12037
2015-11-18 10:15:00,74.94,74.94,74.55,74.66,23712
2015-11-18 10:30:00,74.6126,74.69,74.35,74.43,12511
2015-11-18 10:45:00,74.48,74.74,74.32,74.7,16250
2015-11-18 11:00:00,74.71,74.865,74.61,74.69,33378
2015-11-18 11:15:00,74.65,74.72,74.5205,74.7,18985
2015-11-18 11:30:00,74.72,74.87,74.63,74.82,19247
2015-11-18 11:45:00,74.84,75.1799,74.84,75.16,25936
2015-11-18 12:00:00,75.18,75.58,75.17,75.54,39432
2015-11-18 12:15:00,75.53,75.56,75.17,75.275,47382
2015-11-18 12:30:00,75.32,75.43,75.23,75.29,11854
2015-11-18 12:45:00,75.32,75.42,75.29,75.42,24041
2015-11-18 13:00:00,75.42,75.4792,75.41,75.46,12356
2015-11-18 13:15:00,75.44,75.53,75.395,75.43,45939
2015-11-18 13:30:00,75.43,75.52,75.4,75.47,23266
2015-11-18 13:45:00,75.47,75.52,75.37,75.4501,17830
2015-11-18 14:00:00,75.47,75.51,75.25,75.26,19429
2015-11-18 14:15:00,75.25,75.56,75.2,75.48,45863
2015-11-18 14:30:00,75.49,75.536,75.41,75.45,34550
2015-11-18 14:45:00,75.44,75.58,75.434,75.54,25284
2015-11-18 15:00:00,75.55,75.58,75.48,75.58,26207
2015-11-18 15:15:00,75.56,75.57,75.49,75.55,37401
2015-11-18 15:30:00,75.56,75.62,75.53,75.6001,40091
2015-11-18 15:45:00,75.61,75.63,75.56,75.61,74689
2015-11-18 16:00:00,75.59,75.68,75.51,75.56,216186
2015-11-19 09:45:00,75.68,77.0,75.23,75.43,45497
2015-11-19 10:00:00,75.315,75.52,75.24,75.34,53259
2015-11-19 10:15:00,75.32,75.53,75.3,75.39,41056
2015-11-19 10:30:00,75.39,75.53,75.22,75.5,40551
2015-11-19 10:45:00,75.525,75.57,75.22,75.47,26119
2015-11-19 11:00:00,75.46,75.54,75.35,75.5,28122
2015-11-19 11:15:00,75.5,75.58,75.43,75.48,34283
2015-11-19 11:30:00,75.51,75.575,75.38,75.54,34873
2015-11-19 11:45:00,75.53,75.57,75.43,75.51,63609
2015-11-19 12:00:00,75.51,75.64,75.43,75.56,65180
2015-11-19 12:15:00,75.595,75.63,75.5,75.56,42678
2015-11-19 12:30:00,75.55,75.62,75.45,75.58,40686
2015-11-19 12:45:00,75.58,75.63,75.57,75.6,22057
2015-11-19 13:00:00,75.605,75.6899,75.54,75.615,28950
2015-11-19 13:15:00,75.62,75.7,75.58,75.63,40269
2015-11-19 13:30:00,75.63,75.6525,75.53,75.53,27235
2015-11-19 13:45:00,75.53,75.71,75.52,75.66,10040
2015-11-19 14:00:00,75.68,75.91,75.6732,75.8499,89549
2015-11-19 14:15:00,75.85,75.87,75.66,75.67,37208
2015-11-19 14:30:00,75.67,75.7,75.61,75.7,12923
2015-11-19 14:45:00,75.705,75.726,75.6,75.71,26258
2015-11-19 15:00:00,75.69,75.72,75.61,75.64,23433
2015-11-19 15:15:00,75.63,75.76,75.63,75.69,36137
2015-11-19 15:30:00,75.71,75.73,75.655,75.69,46847
2015-11-19 15:45:00,75.69,75.71,75.635,75.7,52062
2015-11-19 16:00:00,75.7,75.71,75.58,75.6,134380
2015-11-20 09:45:00,75.98,76.34,75.84,76.17,105302
2015-11-20 10:00:00,76.25,76.25,75.81,75.94,36732
2015-11-20 10:15:00,75.95,75.995,75.735,75.8,75503
2015-11-20 10:30:00,75.806,76.03,75.806,75.97,48408
2015-11-20 10:45:00,76.0,76.0,75.76,75.83,50547
2015-11-20 11:00:00,75.79,75.86,75.7,75.755,31994
2015-11-20 11:15:00,75.77,75.82,75.74,75.75,32168
2015-11-20 11:30:00,75.77,75.79,75.69,75.7,10400
2015-11-20 11:45:00,75.72,75.74,75.44,75.47,19544
2015-11-20 12:00:00,75.46,75.67,75.46,75.64,37198
2015-11-20 12:15:00,75.65,75.7,75.595,75.595,11949
2015-11-20 12:30:00,75.58,75.62,75.5,75.605,35170
2015-11-20 12:45:00,75.6,75.62,75.54,75.59,27842
2015-11-20 13:00:00,75.6,75.6,75.5,75.54,19513
2015-11-20 13:15:00,75.54,75.61,75.5,75.53,22836
2015-11-20 13:30:00,75.54,75.6,75.52,75.556,9524
2015-11-20 13:45:00,75.555,75.57,75.49,75.56,11236
2015-11-20 14:00:00,75.58,75.71,75.57,75.6,31846
2015-11-20 14:15:00,75.59,75.62,75.56,75.58,28169
2015-11-20 14:30:00,75.6,75.63,75.5501,75.59,24580
2015-11-20 14:45:00,75.575,75.715,75.56,75.7,30210
2015-11-20 15:00:00,75.7,75.71,75.61,75.61,18662
2015-11-20 15:15:00,75.63,75.73,75.63,75.705,34021
2015-11-20 15:30:00,75.705,75.72,75.685,75.705,44351
2015-11-20 15:45:00,75.71,75.71,75.58,75.6,68724
2015-11-20 16:00:00,75.6,75.625,75.49,75.49,151372
2015-11-23 09:45:00,75.6,75.9999,75.3592,75.83,55751
2015-11-23 10:00:00,75.9,75.91,75.47,75.53,40393
2015-11-23 10:15:00,75.53,75.925,75.515,75.625,30298
2015-11-23 10:30:00,75.64,75.69,74.06,75.55,187622
2015-11-23 10:45:00,75.64,76.31,75.45,76.19,89035
2015-11-23 11:00:00,76.17,76.84,76.11,76.56,44144
2015-11-23 11:15:00,76.54,76.5797,76.0601,76.23,27389
2015-11-23 11:30:00,76.27,76.31,75.96,76.31,22319
2015-11-23 11:45:00,76.33,76.37,76.13,76.255,28404
2015-11-23 12:00:00,76.25,76.46,76.19,76.42,25976
2015-11-23 12:15:00,76.44,76.44,76.18,76.18,30579
2015-11-23 12:30:00,76.155,76.27,76.13,76.19,15281
2015-11-23 12:45:00,76.17,76.26,76.0,76.04,28505
2015-11-23 13:00:00,76.045,76.14,75.94,76.02,13977
2015-11-23 13:15:00,76.01,76.17,75.98,76.09,13768
2015-11-23 13:30:00,76.1,76.17,75.95,76.02,29841
2015-11-23 13:45:00,76.03,76.13,75.95,76.005,15205
2015-11-23 14:00:00,76.0325,76.13,75.96,75.99,22346
2015-11-23 14:15:00,75.97399999999999,76.03,75.81,75.87,25903
2015-11-23 14:30:00,75.8605,75.88,75.71,75.72,25774
2015-11-23 14:45:00,75.7,75.72,75.315,75.35,49229
2015-11-23 15:00:00,75.345,75.42,75.08,75.35,41142
2015-11-23 15:15:00,75.36,75.44,75.17,75.21,55034
2015-11-23 15:30:00,75.225,75.5194,75.19,75.51,37501
2015-11-23 15:45:00,75.52,75.525,75.22,75.23,80424
2015-11-23 16:00:00,75.24,75.34,75.09,75.19,173230
2015-11-24 09:45:00,74.64,75.16,74.38,74.38,35379
2015-11-24 10:00:00,74.45,74.79,74.15,74.71,36855
2015-11-24 10:15:00,74.68,74.73,74.35,74.73,27370
2015-11-24 10:30:00,74.745,74.9499,74.71,74.82,25523
2015-11-24 10:45:00,74.85,74.85,74.38,74.41,17568
2015-11-24 11:00:00,74.41,74.58,74.38,74.56,15850
2015-11-24 11:15:00,74.54,74.89,74.53,74.79,10467
2015-11-24 11:30:00,74.79,74.99,74.69,74.9,15268
2015-11-24 11:45:00,74.93,75.155,74.93,75.07,21614
2015-11-24 12:00:00,75.05,75.05,74.86,75.0,24530
2015-11-24 12:15:00,75.03,75.39,75.03,75.34,23104
2015-11-24 12:30:00,75.37,75.4,75.28,75.33,11285
2015-11-24 12:45:00,75.36,75.54,75.355,75.43,12061
2015-11-24 13:00:00,75.4,75.42,75.29,75.315,13182
2015-11-24 13:15:00,75.33,75.52,75.3,75.38,11870
2015-11-24 13:30:00,75.35,75.49,75.34,75.49,13488
2015-11-24 13:45:00,75.49,75.51,75.35,75.37,10745
2015-11-24 14:00:00,75.35,75.3505,75.2,75.35,11872
2015-11-24 14:15:00,75.33,75.52,75.27,75.44,30149
2015-11-24 14:30:00,75.4301,75.51,75.33,75.46,14489
2015-11-24 14:45:00,75.45,75.566,75.37,75.41,20465
2015-11-24 15:00:00,75.44,75.46,75.37,75.433,14385
2015-11-24 15:15:00,75.47,75.64,75.4,75.63,15013
2015-11-24 15:30:00,75.64,75.7,75.57,75.7,27829
2015-11-24 15:45:00,75.7,75.7,75.58,75.67,42395
2015-11-24 16:00:00,75.66,75.7,75.55,75.69,111923
2015-11-25 09:45:00,76.0,76.5,74.8,75.25,27115
2015-11-25 10:00:00,75.32,75.66,75.295,75.6025,17827
2015-11-25 10:15:00,75.57,75.92,75.48,75.67,27077
2015-11-25 10:30:00,75.61,75.89,75.56,75.85,7952
2015-11-25 10:45:00,75.85,75.975,75.605,75.67,15481
2015-11-25 11:00:00,75.68,75.73,75.555,75.65,11806
2015-11-25 11:15:00,75.65,75.7199,75.505,75.61,10801
2015-11-25 11:30:00,75.6199,75.77,75.58,75.64,10332
2015-11-25 11:45:00,75.65,75.67,75.59,75.62,9921
2015-11-25 12:00:00,75.62,75.725,75.57,75.725,9908
2015-11-25 12:15:00,75.72,75.8075,75.72,75.795,5093
2015-11-25 12:30:00,75.79,75.91,75.77,75.87,4873
2015-11-25 12:45:00,75.91,75.96,75.855,75.9247,5215
2015-11-25 13:00:00,75.92,76.04,75.92,76.0299,7236
2015-11-25 13:15:00,76.01,76.06,75.94,75.94,12131
2015-11-25 13:30:00,75.94,76.02,75.94,76.02,5460
2015-11-25 13:45:00,76.01,76.17,76.01,76.12,9132
2015-11-25 14:00:00,76.12,76.42,76.12,76.4,13160
2015-11-25 14:15:00,76.395,76.51,76.395,76.43,29595
2015-11-25 14:30:00,76.43,76.54,76.425,76.52,13699
2015-11-25 14:45:00,76.5,76.5,76.365,76.37,11185
2015-11-25 15:00:00,76.37,76.37,76.27,76.3,7945
2015-11-25 15:15:00,76.29,76.37,76.29,76.34,20194
2015-11-25 15:30:00,76.35,76.57,76.35,76.57,20668
2015-11-25 15:45:00,76.57,76.69,76.51,76.68,44339
2015-11-25 16:00:00,76.67,76.6797,76.45,76.46,84442
2015-11-27 09:45:00,76.32,76.7799,76.07,76.48,16730
2015-11-27 10:00:00,76.41,76.46,76.0,76.01,27459
2015-11-27 10:15:00,75.99,75.9988,75.74,75.89,24245
2015-11-27 10:30:00,75.8699,75.89,75.7,75.71,18918
2015-11-27 10:45:00,75.73,75.8,75.66,75.76,12389
2015-11-27 11:00:00,75.74,75.76,75.58,75.639,14700
2015-11-27 11:15:00,75.66,75.69,75.56,75.68,16798
2015-11-27 11:30:00,75.68,75.74,75.56,75.57,13103
2015-11-27 11:45:00,75.57,75.64,75.43,75.56,21848
2015-11-27 12:00:00,75.5475,75.57,75.44,75.52,29394
2015-11-27 12:15:00,75.505,75.51,75.27,75.275,35033
2015-11-27 12:30:00,75.28,75.35,75.21,75.27,35816
2015-11-27 12:45:00,75.2959,75.32,75.24,75.24,24903
2015-11-27 13:00:00,75.24,75.3999,75.21,75.37,59983
2015-11-27 13:15:00,75.37,75.37,75.37,75.37,34140
2015-11-27 13:30:00,75.37,75.37,75.37,75.37,181
2015-11-30 09:45:00,75.56,75.56,74.07,74.45,63963
2015-11-30 10:00:00,74.4,74.46,73.6,73.835,106510
2015-11-30 10:15:00,73.84,74.15,73.62,74.0,73781
2015-11-30 10:30:00,74.03,74.22,73.64,73.85,65806
2015-11-30 10:45:00,73.8,73.85,73.6,73.83,88110
2015-11-30 11:00:00,73.8195,73.82,73.65,73.69,25606
2015-11-30 11:15:00,73.68,73.69,73.45,73.5,66882
2015-11-30 11:30:00,73.5364,73.54,73.31,73.38,47134
2015-11-30 11:45:00,73.41,73.69,73.38,73.65,21488
2015-11-30 12:00:00,73.68,73.71,73.37,73.415,26583
2015-11-30 12:15:00,73.4,73.425,73.25,73.25,55512
2015-11-30 12:30:00,73.23,73.23,73.0,73.1,64215
2015-11-30 12:45:00,73.11,73.18,73.01,73.18,38906
2015-11-30 13:00:00,73.17,73.17,73.0,73.07,35656
2015-11-30 13:15:00,73.07,73.18,73.0,73.11,30200
2015-11-30 13:30:00,73.12,73.13,72.89,72.99,39699
2015-11-30 13:45:00,73.01,73.05,72.87,72.87,25715
2015-11-30 14:00:00,72.88,73.33,72.88,73.22,29331
2015-11-30 14:15:00,73.26,73.26,73.01,73.08,33387
2015-11-30 14:30:00,73.07,73.13,73.0,73.03,32394
2015-11-30 14:45:00,73.02,73.16,72.97,73.08,41772
2015-11-30 15:00:00,73.1,73.28,73.05,73.1,39412
2015-11-30 15:15:00,73.1,73.32,73.08,73.32,26883
2015-11-30 15:30:00,73.31,73.37,73.2,73.23,47205
2015-11-30 15:45:00,73.23,73.38,73.14,73.14,63390
2015-11-30 16:00:00,73.15,73.19,73.04,73.12,173429
2015-12-01 09:45:00,73.74,73.93,73.34,73.42,61729
2015-12-01 10:00:00,73.425,73.51,72.9,73.26,74883
2015-12-01 10:15:00,73.27,73.3399,72.09,72.33,101968
2015-12-01 10:30:00,72.32,72.81,72.07,72.63,118287
2015-12-01 10:45:00,72.6325,72.64,72.23,72.52,84296
2015-12-01 11:00:00,72.52,72.75,72.52,72.66,50152
2015-12-01 11:15:00,72.65,72.685,72.485,72.505,27424
2015-12-01 11:30:00,72.5,72.66,72.34,72.45,36723
2015-12-01 11:45:00,72.48,72.5,72.26,72.325,22339
2015-12-01 12:00:00,72.32,72.5,72.28,72.5,19237
2015-12-01 12:15:00,72.5,72.66,72.41,72.63,33203
2015-12-01 12:30:00,72.655,72.76,72.6,72.69,162564
2015-12-01 12:45:00,72.7,72.82,72.67,72.8,43552
2015-12-01 13:00:00,72.8,72.88,72.76,72.83,18443
2015-12-01 13:15:00,72.83,72.89,72.73,72.76,35565
2015-12-01 13:30:00,72.765,72.85,72.53,72.59,43839
2015-12-01 13:45:00,72.6,72.6,72.4,72.4,54715
2015-12-01 14:00:00,72.405,72.6899,72.37,72.6,75688
2015-12-01 14:15:00,72.59,72.78,72.58,72.68,40288
2015-12-01 14:30:00,72.7,72.79,72.64,72.74,37439
2015-12-01 14:45:00,72.75,72.86,72.69,72.8599,73179
2015-12-01 15:00:00,72.86,73.09,72.83,73.05,21445
2015-12-01 15:15:00,73.05,73.1531,73.05,73.12,23354
2015-12-01 15:30:00,73.11,73.12,72.84,73.04,48233
2015-12-01 15:45:00,73.01,73.08,72.92,72.95,46256
2015-12-01 16:00:00,72.94,73.21,72.92,73.12,137955
2015-12-02 09:45:00,73.15,73.36,72.75,73.03,31831
2015-12-02 10:00:00,73.0525,73.1,72.86,73.075,7115
2015-12-02 10:15:00,73.07,73.17,72.87,72.95,32122
2015-12-02 10:30:00,72.93,73.12,72.81,72.975,13530
2015-12-02 10:45:00,72.98,72.985,72.63,72.88,34158
2015-12-02 11:00:00,72.86,72.86,72.47,72.52,48273
2015-12-02 11:15:00,72.5021,72.51899999999999,72.235,72.295,39665
2015-12-02 11:30:00,72.305,72.38,72.25,72.275,35749
2015-12-02 11:45:00,72.26,72.42,72.24,72.38,30394
2015-12-02 12:00:00,72.35,72.58,72.35,72.56,17087
2015-12-02 12:15:00,72.56,72.6,72.52,72.6,20105
2015-12-02 12:30:00,72.6,72.77,72.539,72.77,18116
2015-12-02 12:45:00,72.74,72.94,72.72,72.93,35883
2015-12-02 13:00:00,72.93,72.98,72.87,72.955,37275
2015-12-02 13:15:00,72.96,73.12,72.95,73.08,33179
2015-12-02 13:30:00,73.09,73.24,73.08,73.24,27607
2015-12-02 13:45:00,73.2275,73.27,73.21,73.26,18400
2015-12-02 14:00:00,73.25,73.2501,73.1,73.12,24866
2015-12-02 14:15:00,73.1,73.1,72.945,72.97,20320
2015-12-02 14:30:00,72.96,72.96,72.81,72.82,24418
2015-12-02 14:45:00,72.79,72.79,72.62,72.67,26549
2015-12-02 15:00:00,72.68,72.69,72.44,72.47,30958
2015-12-02 15:15:00,72.46,72.5507,72.41,72.53,36543
2015-12-02 15:30:00,72.55,72.665,72.53,72.61,36556
2015-12-02 15:45:00,72.61,72.64,72.545,72.59,48776
2015-12-02 16:00:00,72.59,72.6,72.33,72.51,145510
2015-12-03 09:45:00,72.99,73.15,71.19,71.19,118994
2015-12-03 10:00:00,71.21,71.3,70.38,70.42,171483
2015-12-03 10:15:00,70.46,70.88,69.85,69.94,120301
2015-12-03 10:30:00,70.03,70.16,69.69,70.0,152466
2015-12-03 10:45:00,70.03,70.49,69.93,70.28,92954
2015-12-03 11:00:00,70.32,70.37,70.04,70.24,132168
2015-12-03 11:15:00,70.29,70.39,70.23,70.28,51524
2015-12-03 11:30:00,70.3,70.58,70.25,70.49,147349
2015-12-03 11:45:00,70.4901,70.58,70.4,70.44,86330
2015-12-03 12:00:00,70.42,70.46,70.23,70.33,148428
2015-12-03 12:15:00,70.32,70.37,70.05,70.09,67585
2015-12-03 12:30:00,70.08,70.18,70.01,70.08,42106
2015-12-03 12:45:00,70.06,70.2,70.01,70.19,24196
2015-12-03 13:00:00,70.2,70.33,70.13,70.24,84030
2015-12-03 13:15:00,70.24,70.33,70.16,70.22,37847
2015-12-03 13:30:00,70.22,70.35,70.22,70.33800000000001,23500
2015-12-03 13:45:00,70.34,70.39,70.29,70.3575,85727
2015-12-03 14:00:00,70.355,70.39,70.29,70.29,50302
2015-12-03 14:15:00,70.29,70.342,70.18,70.305,37576
2015-12-03 14:30:00,70.29,70.3,70.05,70.09,47960
2015-12-03 14:45:00,70.1,70.13,70.0,70.04,58859
2015-12-03 15:00:00,70.01,70.05,69.805,69.93,68699
2015-12-03 15:15:00,69.937,70.2375,69.86,70.18,76472
2015-12-03 15:30:00,70.17,70.3,70.07,70.265,111402
2015-12-03 15:45:00,70.27,70.36,70.14,70.32,144283
2015-12-03 16:00:00,70.32,70.67,70.25,70.41,458049
2015-12-04 09:45:00,70.17,70.5,69.18,69.865,157392
2015-12-04 10:00:00,69.84,69.91,69.31,69.355,95731
2015-12-04 10:15:00,69.36,69.43,68.76,68.9,74635
2015-12-04 10:30:00,68.84,68.98,68.76,68.78,77001
2015-12-04 10:45:00,68.8,68.86,68.61,68.6399,52016
2015-12-04 11:00:00,68.625,68.69,68.27,68.32,90986
2015-12-04 11:15:00,68.32,68.49,68.25,68.32,49328
2015-12-04 11:30:00,68.29,68.47,68.2667,68.41,95305
2015-12-04 11:45:00,68.4,68.43,68.3175,68.34,61763
2015-12-04 12:00:00,68.35,68.71,68.345,68.62,165325
2015-12-04 12:15:00,68.64,68.68,68.43,68.45,40203
2015-12-04 12:30:00,68.47,68.58,68.27,68.43,98076
2015-12-04 12:45:00,68.44,68.71,68.42,68.53,69645
2015-12-04 13:00:00,68.52,68.71,68.46,68.49,96608
2015-12-04 13:15:00,68.5,68.65,68.4,68.4,72833
2015-12-04 13:30:00,68.41,68.46,68.23,68.36,111509
2015-12-04 13:45:00,68.36,68.39,68.13,68.14,68436
2015-12-04 14:00:00,68.16,68.16,68.05,68.09,64462
2015-12-04 14:15:00,68.08,68.15,67.99,68.05,81220
2015-12-04 14:30:00,68.03,68.03,67.795,67.84,98575
2015-12-04 14:45:00,67.8296,67.8296,67.72,67.785,80892
2015-12-04 15:00:00,67.79,68.32,67.76,68.31,102260
2015-12-04 15:15:00,68.31,68.71,68.27,68.686,105749
2015-12-04 15:30:00,68.69,68.71,68.5,68.7,145718
2015-12-04 15:45:00,68.7,68.7,68.55,68.63,144808
2015-12-04 16:00:00,68.64,68.75,68.61,68.7,298640
2015-12-07 09:45:00,68.85,69.24,68.58,69.23,65854
2015-12-07 10:00:00,69.17,69.44,68.955,68.99,30785
2015-12-07 10:15:00,68.96,68.96,68.645,68.8,34293
2015-12-07 10:30:00,68.81,69.1,68.81,68.92,37787
2015-12-07 10:45:00,68.9,68.91,68.685,68.74,27106
2015-12-07 11:00:00,68.735,68.96,68.7,68.95,34911
2015-12-07 11:15:00,68.94,68.99,68.79,68.84,54192
2015-12-07 11:30:00,68.84,68.86,68.72,68.73,30877
2015-12-07 11:45:00,68.76,69.09,68.7575,69.05,22380
2015-12-07 12:00:00,69.06,69.41,69.01,69.38,19552
2015-12-07 12:15:00,69.3625,69.39,69.16,69.21,25306
2015-12-07 12:30:00,69.21,69.29,69.06,69.29,19166
2015-12-07 12:45:00,69.3,69.3,68.9,68.9,15131
2015-12-07 13:00:00,68.89,69.01,68.855,68.855,15782
2015-12-07 13:15:00,68.855,69.02,68.81,68.93,16833
2015-12-07 13:30:00,68.945,68.975,68.82,68.94,25608
2015-12-07 13:45:00,68.92,68.9499,68.765,68.765,26125
2015-12-07 14:00:00,68.77,68.88,68.715,68.85,15595
2015-12-07 14:15:00,68.83,69.03,68.8152,69.02,21322
2015-12-07 14:30:00,69.01,69.035,68.87,68.88,34412
2015-12-07 14:45:00,68.87,68.985,68.85,68.85,25031
2015-12-07 15:00:00,68.86,68.98,68.86,68.925,28655
2015-12-07 15:15:00,68.93,68.94,68.8002,68.83,40228
2015-12-07 15:30:00,68.82,68.84,68.71,68.84,40471
2015-12-07 15:45:00,68.8396,68.9895,68.73,68.9895,67701
2015-12-07 16:00:00,68.98,69.06,68.83,68.85,122568
2015-12-08 09:45:00,69.44,71.35,69.0,71.27,190010
2015-12-08 10:00:00,71.22,71.3,70.5,70.51,58448
2015-12-08 10:15:00,70.46,70.74,70.27,70.6,92181
2015-12-08 10:30:00,70.6,70.6,69.88,69.93,43269
2015-12-08 10:45:00,69.91,70.38,69.87,70.29,43385
2015-12-08 11:00:00,70.305,70.35,70.02,70.33,31602
2015-12-08 11:15:00,70.38,70.58,70.35,70.47,26949
2015-12-08 11:30:00,70.52,70.59,70.2258,70.27,35432
2015-12-08 11:45:00,70.2792,70.34,70.03,70.1,34373
2015-12-08 12:00:00,70.08,70.08,69.83,69.88,53572
2015-12-08 12:15:00,69.87,69.95,69.68,69.68,24749
2015-12-08 12:30:00,69.6767,69.88,69.54,69.85,21185
2015-12-08 12:45:00,69.83,69.97,69.67,69.81,17691
2015-12-08 13:00:00,69.79,69.85,69.63,69.755,15867
2015-12-08 13:15:00,69.75,69.96,69.75,69.87,15335
2015-12-08 13:30:00,69.86,69.86,69.71,69.795,34085
2015-12-08 13:45:00,69.8,69.94,69.76,69.77,14045
2015-12-08 14:00:00,69.78,69.85,69.73,69.77,16198
2015-12-08 14:15:00,69.76,69.97,69.74,69.85,19654
2015-12-08 14:30:00,69.81,69.8925,69.74,69.8925,26553
2015-12-08 14:45:00,69.88,69.96,69.75,69.77,24663
2015-12-08 15:00:00,69.7653,69.9,69.75,69.82,31667
2015-12-08 15:15:00,69.85,69.95,69.8,69.9,29737
2015-12-08 15:30:00,69.89,69.9899,69.66,69.66,71993
2015-12-08 15:45:00,69.66,69.73,69.57,69.66,74029
2015-12-08 16:00:00,69.65,70.0,69.64,69.82,249942
2015-12-09 09:45:00,69.25,69.82,68.88,69.75,64889
2015-12-09 10:00:00,69.74,69.95,69.7,69.751,27247
2015-12-09 10:15:00,69.75,70.28,69.74,70.07,33900
2015-12-09 10:30:00,70.1,70.3,70.09,70.09,22034
2015-12-09 10:45:00,70.09,70.35,69.98,70.03,21147
2015-12-09 11:00:00,70.06,70.11,69.78,69.8,30665
2015-12-09 11:15:00,69.78,69.85,69.59,69.62,29565
2015-12-09 11:30:00,69.6,69.62,69.35,69.58,20549
2015-12-09 11:45:00,69.57,69.66,69.42,69.42,21616
2015-12-09 12:00:00,69.39,69.39,69.12,69.22,21679
2015-12-09 12:15:00,69.24,69.3,68.93,68.96,46170
2015-12-09 12:30:00,68.95,68.9786,68.33,68.33,55652
2015-12-09 12:45:00,68.33,68.52,67.88,67.98,47411
2015-12-09 13:00:00,67.9881,68.17,67.98,68.04,76789
2015-12-09 13:15:00,68.03,68.09,67.89,68.0314,71893
2015-12-09 13:30:00,68.04,68.24,68.0,68.06,30198
2015-12-09 13:45:00,68.05,68.2853,68.0,68.21,59170
2015-12-09 14:00:00,68.22,68.48,68.16,68.39,27733
2015-12-09 14:15:00,68.38,68.6,68.26,68.4,27640
2015-12-09 14:30:00,68.43,68.48,68.25,68.28,17715
2015-12-09 14:45:00,68.27,68.33,68.22,68.2626,19259
2015-12-09 15:00:00,68.29,68.3,68.15,68.29,94559
2015-12-09 15:15:00,68.27,68.4,68.2,68.34,54473
2015-12-09 15:30:00,68.32,68.64,68.31,68.53,60245
2015-12-09 15:45:00,68.55,68.74,68.45,68.462,108381
2015-12-09 16:00:00,68.45,68.54,68.38,68.415,184573
2015-12-10 09:45:00,68.7,68.84,68.34,68.432,63812
2015-12-10 10:00:00,68.459,68.63,68.3,68.3401,57476
2015-12-10 10:15:00,68.36,68.48,68.13,68.14,30997
2015-12-10 10:30:00,68.14,68.44,68.14,68.23,29644
2015-12-10 10:45:00,68.27,68.7,68.27,68.7,61667
2015-12-10 11:00:00,68.74,68.79,68.6,68.62,24911
2015-12-10 11:15:00,68.57,68.67,68.41,68.48,54119
2015-12-10 11:30:00,68.52,68.63,68.35,68.35,36922
2015-12-10 11:45:00,68.34,68.45,68.16,68.16,20439
2015-12-10 12:00:00,68.14,68.34,68.14,68.25,24377
2015-12-10 12:15:00,68.27,68.3,68.13,68.23,32141
2015-12-10 12:30:00,68.22,68.265,68.17,68.19,15839
2015-12-10 12:45:00,68.2,68.41,68.11,68.38,23835
2015-12-10 13:00:00,68.37,68.65,68.26,68.56,53600
2015-12-10 13:15:00,68.58,68.58,68.36,68.44,40111
2015-12-10 13:30:00,68.45,68.64,68.31,68.41,30522
2015-12-10 13:45:00,68.39,68.68,68.39,68.625,42390
2015-12-10 14:00:00,68.64,68.74,68.57,68.58,29916
2015-12-10 14:15:00,68.56,68.65,68.47,68.47,22255
2015-12-10 14:30:00,68.49,68.7,68.37,68.66,48603
2015-12-10 14:45:00,68.67,68.67,68.47,68.52,118667
2015-12-10 15:00:00,68.53,68.53,68.31,68.36,52271
2015-12-10 15:15:00,68.3701,68.45,68.325,68.325,70095
2015-12-10 15:30:00,68.33,68.4,68.15,68.2292,57227
2015-12-10 15:45:00,68.23,68.37,68.15,68.18,84163
2015-12-10 16:00:00,68.17,68.26,68.09,68.21,200005
2015-12-11 09:45:00,67.66,68.189,67.5,67.82,117691
2015-12-11 10:00:00,67.77,68.19,67.6,67.99,61418
2015-12-11 10:15:00,67.98,68.34,67.83,68.05,45836
2015-12-11 10:30:00,68.05,68.31,67.99,68.1699,61931
2015-12-11 10:45:00,68.14,68.3,68.0,68.15,29822
2015-12-11 11:00:00,68.13,68.2,68.03,68.04,92989
2015-12-11 11:15:00,68.01,68.27,67.95,68.26,66982
2015-12-11 11:30:00,68.24,68.4,68.18,68.21,18439
2015-12-11 11:45:00,68.21,68.22,68.08,68.19,25622
2015-12-11 12:00:00,68.18,68.22,67.95,67.9799,213104
2015-12-11 12:15:00,67.98,68.01,67.85,67.87,28333
2015-12-11 12:30:00,67.87,67.87,67.77,67.8,376638
2015-12-11 12:45:00,67.78,67.94,67.7,67.94,36651
2015-12-11 13:00:00,67.94,68.06,67.93,68.06,20237
2015-12-11 13:15:00,68.06,68.365,68.05,68.34,13488
2015-12-11 13:30:00,68.31,68.54,68.31,68.39,15171
2015-12-11 13:45:00,68.39,68.76,68.39,68.735,36623
2015-12-11 14:00:00,68.76,68.8899,68.75,68.86,16816
2015-12-11 14:15:00,68.87,69.176,68.86,69.1,31270
2015-12-11 14:30:00,69.1,69.14,68.84,68.86,26982
2015-12-11 14:45:00,68.86,68.94,68.82,68.836,27340
2015-12-11 15:00:00,68.81,68.86,68.72,68.82,10284
2015-12-11 15:15:00,68.82,68.845,68.57,68.57,35790
2015-12-11 15:30:00,68.55,68.59,68.4,68.54,27497
2015-12-11 15:45:00,68.52,68.56,68.24,68.29,132149
2015-12-11 16:00:00,68.29,68.54,68.27,68.39,188974
2015-12-14 09:45:00,68.93,69.4628,68.68,68.835,141021
2015-12-14 10:00:00,68.8,69.44,68.8,69.31,85272
2015-12-14 10:15:00,69.33,69.46,69.05,69.2,74695
2015-12-14 10:30:00,69.24,69.58,69.08,69.18,51842
2015-12-14 10:45:00,69.16,69.29,69.08,69.21,58695
2015-12-14 11:00:00,69.245,69.3,69.08,69.28,28725
2015-12-14 11:15:00,69.24,69.27,69.07,69.14,17481
2015-12-14 11:30:00,69.095,69.14,68.79,68.94,85289
2015-12-14 11:45:00,68.9,69.01,68.79,68.96,35994
2015-12-14 12:00:00,68.93,68.99,68.76,68.94,67010
2015-12-14 12:15:00,68.96,68.96,68.57,68.84,26189
2015-12-14 12:30:00,68.83,69.03,68.81,69.0,39563
2015-12-14 12:45:00,69.005,69.15,68.99,69.04,30054
2015-12-14 13:00:00,69.06,69.44,69.05,69.41,45827
2015-12-14 13:15:00,69.4,69.43,69.05,69.05,32756
2015-12-14 13:30:00,69.03,69.03,68.88,68.98,17759
2015-12-14 13:45:00,68.95,68.95,68.62,68.68,21885
2015-12-14 14:00:00,68.65,68.9,68.64,68.9,18389
2015-12-14 14:15:00,68.93,69.11,68.79,69.06,39079
2015-12-14 14:30:00,69.04,69.04,68.93,68.97,25925
2015-12-14 14:45:00,68.96,69.03,68.91,69.0,37811
2015-12-14 15:00:00,69.0,69.21,68.98,68.99,47426
2015-12-14 15:15:00,69.01,69.04,68.81,68.81,27307
2015-12-14 15:30:00,68.79,68.95,68.75,68.93,27673
2015-12-14 15:45:00,68.91,69.01,68.76,68.79,49884
2015-12-14 16:00:00,68.8,69.245,68.795,69.19,140980
2015-12-15 09:45:00,69.83,70.18,69.06,70.0,56973
2015-12-15 10:00:00,70.055,70.47,70.02,70.21,29452
2015-12-15 10:15:00,70.24,70.305,70.12,70.29,35095
2015-12-15 10:30:00,70.295,70.75,70.225,70.75,41252
2015-12-15 10:45:00,70.7499,70.77,70.1,70.17,38381
2015-12-15 11:00:00,70.12,70.47,70.12,70.38,32705
2015-12-15 11:15:00,70.405,70.405,69.95,69.95,36418
2015-12-15 11:30:00,69.93,69.96,69.77,69.92,29702
2015-12-15 11:45:00,69.91,69.96,69.63,69.77,33151
2015-12-15 12:00:00,69.765,69.825,69.67,69.77,37657
2015-12-15 12:15:00,69.77,70.07,69.75,69.91,23309
2015-12-15 12:30:00,69.9,70.23,69.84,70.22,37946
2015-12-15 12:45:00,70.24,70.51,70.15,70.1525,39829
2015-12-15 13:00:00,70.155,70.21,69.97,69.98,39584
2015-12-15 13:15:00,70.02,70.11,69.71,69.71,24338
2015-12-15 13:30:00,69.72,69.78,69.19,69.22,67558
2015-12-15 13:45:00,69.25,69.47,69.15,69.36,50728
2015-12-15 14:00:00,69.36,69.45,69.335,69.4,28697
2015-12-15 14:15:00,69.39,69.66,69.35,69.62,37903
2015-12-15 14:30:00,69.61,69.87,69.48,69.48,65878
2015-12-15 14:45:00,69.45,69.64,69.34,69.58,42687
2015-12-15 15:00:00,69.5701,69.62,69.09,69.43,72105
2015-12-15 15:15:00,69.46,69.47,69.17,69.17,51846
2015-12-15 15:30:00,69.17,69.25,69.06,69.06,48166
2015-12-15 15:45:00,69.06,69.18,68.92,69.13,65838
2015-12-15 16:00:00,69.11,69.2325,69.06,69.19,102696
2015-12-16 09:45:00,69.59,70.89,69.46,70.89,83625
2015-12-16 10:00:00,70.88,71.04,70.4309,70.804,41048
2015-12-16 10:15:00,70.76,70.79,70.06,70.06,25877
2015-12-16 10:30:00,70.06,70.16,69.81,69.88,18983
2015-12-16 10:45:00,69.83,69.85,69.28,69.34,21062
2015-12-16 11:00:00,69.38,69.42,69.07,69.09,35656
2015-12-16 11:15:00,69.09,69.16,68.94,69.16,28737
2015-12-16 11:30:00,69.21,69.2899,69.13,69.23,10380
2015-12-16 11:45:00,69.22,69.55,69.21,69.46,31839
2015-12-16 12:00:00,69.45,69.7356,69.45,69.48,52201
2015-12-16 12:15:00,69.48,69.77,69.46,69.51,131449
2015-12-16 12:30:00,69.53,69.57,69.2,69.3,24716
2015-12-16 12:45:00,69.33,69.38,69.05,69.15,28099
2015-12-16 13:00:00,69.13,69.3,69.09,69.1023,14722
2015-12-16 13:15:00,69.12,69.25,69.05,69.14,18836
2015-12-16 13:30:00,69.13,69.22,69.03,69.18,16025
2015-12-16 13:45:00,69.19,69.19,68.96,68.97,20790
2015-12-16 14:00:00,68.96,69.06,68.8355,69.03,46798
2015-12-16 14:15:00,68.95,69.04,68.25,68.77,76505
2015-12-16 14:30:00,68.76,68.79,68.37,68.41,73545
2015-12-16 14:45:00,68.41,68.71,68.05,68.55,64495
2015-12-16 15:00:00,68.54,69.0735,68.46,69.01,59166
2015-12-16 15:15:00,69.0,69.12,68.86,68.98,27805
2015-12-16 15:30:00,68.98,69.18,68.87,69.17,40800
2015-12-16 15:45:00,69.1724,69.29,69.07,69.1735,68808
2015-12-16 16:00:00,69.16,69.31,69.14699999999999,69.18,135945
2015-12-17 09:45:00,69.15,69.21,67.83,68.42,98837
2015-12-17 10:00:00,68.4,68.4,67.99,68.015,66299
2015-12-17 10:15:00,67.97,68.04,67.78,67.83,70849
2015-12-17 10:30:00,67.83,67.83,67.26,67.305,88465
2015-12-17 10:45:00,67.305,67.78,67.3,67.47,69881
2015-12-17 11:00:00,67.43,67.43,67.19,67.28,37782
2015-12-17 11:15:00,67.25,67.26,66.95,67.1799,96105
2015-12-17 11:30:00,67.15,67.15,66.8767,67.072,21247
2015-12-17 11:45:00,67.06,67.44,66.99,67.23,26459
2015-12-17 12:00:00,67.235,67.6,67.17,67.35,43137
2015-12-17 12:15:00,67.39,67.6,67.32,67.55,45327
2015-12-17 12:30:00,67.5813,67.71,67.41,67.44,32938
2015-12-17 12:45:00,67.46,67.49,67.23,67.31,17954
2015-12-17 13:00:00,67.34,67.4,67.23,67.315,46380
2015-12-17 13:15:00,67.315,67.35,67.03,67.08,71206
2015-12-17 13:30:00,67.08,67.095,66.83,66.9,46386
2015-12-17 13:45:00,66.89,66.95,66.83,66.85,58649
2015-12-17 14:00:00,66.83,67.0,66.79,66.87,64737
2015-12-17 14:15:00,66.88,66.99,66.81,66.99,34691
2015-12-17 14:30:00,66.98,67.14,66.95,67.0,44703
2015-12-17 14:45:00,67.0,67.065,66.88,66.91,28500
2015-12-17 15:00:00,66.92,66.92,66.74,66.82,48225
2015-12-17 15:15:00,66.82,66.94,66.67,66.75,87693
2015-12-17 15:30:00,66.75,66.75,66.41,66.51,72670
2015-12-17 15:45:00,66.5,66.75,66.47,66.58,152741
2015-12-17 16:00:00,66.59,66.7,66.33,66.38,212780
2015-12-18 09:45:00,66.3,66.46,66.07,66.21,209284
2015-12-18 10:00:00,66.27,66.88,66.27,66.66,102739
2015-12-18 10:15:00,66.7,66.7,65.91,66.06,118407
2015-12-18 10:30:00,66.0525,66.11,65.53,65.56,113492
2015-12-18 10:45:00,65.55,65.85,65.31,65.76,93693
2015-12-18 11:00:00,65.79,66.13,65.74,66.13,38698
2015-12-18 11:15:00,66.11,66.23,65.98,66.17,73044
2015-12-18 11:30:00,66.13,66.21,65.98,66.09,33421
2015-12-18 11:45:00,66.12,66.17,66.02,66.08,26220
2015-12-18 12:00:00,66.08,66.1114,65.93,66.04,26867
2015-12-18 12:15:00,66.04,66.4,65.98,66.3,49156
2015-12-18 12:30:00,66.3,66.42,66.12,66.41,52182
2015-12-18 12:45:00,66.415,66.54,66.23,66.34,29280
2015-12-18 13:00:00,66.32,66.38,66.1,66.113,28674
2015-12-18 13:15:00,66.1001,66.26,66.06,66.25,27831
2015-12-18 13:30:00,66.26,66.32,66.06,66.08,42490
2015-12-18 13:45:00,66.085,66.19,65.93,66.005,37556
2015-12-18 14:00:00,65.99,66.18,65.85,66.11,47065
2015-12-18 14:15:00,66.1,66.19,65.955,66.08,75859
2015-12-18 14:30:00,66.06,66.47,65.975,66.45,79979
2015-12-18 14:45:00,66.44,66.46,66.2,66.31,55841
2015-12-18 15:00:00,66.29,66.46,66.26,66.46,75468
2015-12-18 15:15:00,66.46,66.5,66.27,66.3,46643
2015-12-18 15:30:00,66.27,66.31,65.99,66.16,50928
2015-12-18 15:45:00,66.16,66.25,66.115,66.19,55082
2015-12-18 16:00:00,66.2,66.22,65.8,65.83,166245
2015-12-21 09:45:00,66.46,66.82,66.1,66.425,44920
2015-12-21 10:00:00,66.39,66.69,66.3,66.41,17527
2015-12-21 10:15:00,66.4,66.61,66.2,66.24,28889
2015-12-21 10:30:00,66.24,66.3136,66.02,66.05,22619
2015-12-21 10:45:00,66.04,66.225,66.04,66.21,20955
2015-12-21 11:00:00,66.21,66.21,65.87,65.896,33298
2015-12-21 11:15:00,65.89,65.96,65.73,65.9,56177
2015-12-21 11:30:00,65.91,65.95,65.87,65.94,26948
2015-12-21 11:45:00,65.9,65.9,65.682,65.7803,30822
2015-12-21 12:00:00,65.79,65.8,65.5,65.55,51138
2015-12-21 12:15:00,65.51,65.89,65.5,65.82,32932
2015-12-21 12:30:00,65.8,65.8,65.64,65.71,24481
2015-12-21 12:45:00,65.71,65.76,65.415,65.45,36459
2015-12-21 13:00:00,65.45,65.58,65.33,65.4,48313
2015-12-21 13:15:00,65.375,65.41,65.3,65.34,37439
2015-12-21 13:30:00,65.34,65.565,65.295,65.56,32397
2015-12-21 13:45:00,65.57,65.59,65.46,65.47,23108
2015-12-21 14:00:00,65.45,65.45,65.33,65.39,26587
2015-12-21 14:15:00,65.4,65.41,65.3,65.33,30644
2015-12-21 14:30:00,65.33,65.34,65.15,65.26,34031
2015-12-21 14:45:00,65.26,65.265,65.15,65.18,22314
2015-12-21 15:00:00,65.17,65.18,65.05,65.1,149443
2015-12-21 15:15:00,65.09,65.16,64.91,64.99,79983
2015-12-21 15:30:00,64.99,65.09,64.92,65.04,58039
2015-12-21 15:45:00,65.03,65.15,65.01,65.1,89870
2015-12-21 16:00:00,65.11,65.34,65.09,65.28,239949
2015-12-22 09:45:00,65.64,65.94,65.41,65.78,29163
2015-12-22 10:00:00,65.73,65.8,65.55,65.78,9346
2015-12-22 10:15:00,65.68,66.15,65.68,65.89,63348
2015-12-22 10:30:00,65.85,65.93,65.56,65.74,41532
2015-12-22 10:45:00,65.73,65.9,65.72,65.9,13817
2015-12-22 11:00:00,65.885,66.08,65.87,66.0,28266
2015-12-22 11:15:00,66.01,66.08,65.97,66.0252,14610
2015-12-22 11:30:00,66.0,66.07,65.91,66.0416,29827
2015-12-22 11:45:00,66.03,66.27,65.97,66.25,21448
2015-12-22 12:00:00,66.27,66.27,66.1,66.15,18152
2015-12-22 12:15:00,66.16,66.18,65.98,66.16,24827
2015-12-22 12:30:00,66.14,66.24,66.09,66.21,16230
2015-12-22 12:45:00,66.18,66.28,66.13,66.25,13890
2015-12-22 13:00:00,66.25,66.32,66.23,66.27,20757
2015-12-22 13:15:00,66.29,66.34,66.23,66.2799,24050
2015-12-22 13:30:00,66.27,66.4,66.23,66.4,22476
2015-12-22 13:45:00,66.43,66.44,66.27,66.27,12951
2015-12-22 14:00:00,66.27,66.38,66.25,66.35,11421
2015-12-22 14:15:00,66.366,66.39,66.27,66.3651,23895
2015-12-22 14:30:00,66.34,66.39,66.285,66.3,18157
2015-12-22 14:45:00,66.306,66.4,66.26,66.38,14623
2015-12-22 15:00:00,66.38,66.47,66.35,66.47,24412
2015-12-22 15:15:00,66.44,66.54,66.43,66.53,24319
2015-12-22 15:30:00,66.53,66.585,66.49,66.54,24868
2015-12-22 15:45:00,66.53,66.74,66.52,66.7,63162
2015-12-22 16:00:00,66.7,66.81,66.64,66.78,111424
2015-12-23 09:45:00,67.39,67.48,66.0,66.16,208234
2015-12-23 10:00:00,66.19,66.7,66.16,66.565,67856
2015-12-23 10:15:00,66.6,66.67,66.08,66.13,103638
2015-12-23 10:30:00,66.1,66.21,66.02,66.085,57409
2015-12-23 10:45:00,66.11,66.19,65.86,66.19,49749
2015-12-23 11:00:00,66.21,66.4,66.15,66.395,53836
2015-12-23 11:15:00,66.395,66.47,66.18,66.19,48848
2015-12-23 11:30:00,66.18,66.42,66.14,66.38,65960
2015-12-23 11:45:00,66.39,66.415,66.22,66.33800000000001,49996
2015-12-23 12:00:00,66.34,66.59,66.32,66.52,44223
2015-12-23 12:15:00,66.51,66.74,66.48,66.73,51848
2015-12-23 12:30:00,66.72,67.08,66.71,66.93,58391
2015-12-23 12:45:00,66.9174,67.29,66.9174,67.0,38932
2015-12-23 13:00:00,66.9912,67.315,66.9401,67.18,47487
2015-12-23 13:15:00,67.18,67.25,66.97,67.02,26118
2015-12-23 13:30:00,67.0015,67.17,66.97,67.03,29567
2015-12-23 13:45:00,67.02,67.2,66.94,67.19800000000001,18192
2015-12-23 14:00:00,67.18,67.21,67.09,67.19,24697
2015-12-23 14:15:00,67.18,67.43,67.17,67.3699,84363
2015-12-23 14:30:00,67.34,67.55,67.33,67.5,28736
2015-12-23 14:45:00,67.51,67.55,67.44,67.46,46922
2015-12-23 15:00:00,67.47,67.74,67.44,67.52,41728
2015-12-23 15:15:00,67.51,67.5935,67.28,67.28,47697
2015-12-23 15:30:00,67.3,67.33,67.24,67.31,46518
2015-12-23 15:45:00,67.3,67.37,67.245,67.35,55920
2015-12-23 16:00:00,67.35,67.42,67.22,67.26,171919
2015-12-24 09:45:00,67.11,67.49,67.0,67.35,22462
2015-12-24 10:00:00,67.37,67.48,67.248,67.44,12081
2015-12-24 10:15:00,67.43,67.58,67.41,67.58,38166
2015-12-24 10:30:00,67.56,67.57,67.3975,67.54,20095
2015-12-24 10:45:00,67.53,67.59,67.41,67.51,38075
2015-12-24 11:00:00,67.52,67.71,67.52,67.63,19257
2015-12-24 11:15:00,67.63,67.69,67.53,67.62,16309
2015-12-24 11:30:00,67.66,67.74,67.6087,67.65,15196
2015-12-24 11:45:00,67.67,67.73,67.49,67.62,19500
2015-12-24 12:00:00,67.64,67.73,67.64,67.69,11987
2015-12-24 12:15:00,67.7,67.7,67.52,67.58,12341
2015-12-24 12:30:00,67.58,67.78,67.53,67.72,17673
2015-12-24 12:45:00,67.7452,68.09,67.7452,68.02,44439
2015-12-24 13:00:00,68.03,68.05,67.58,67.6,51898
2015-12-24 13:15:00,67.62,67.62,67.62,67.62,34420
2015-12-24 13:30:00,67.62,67.62,67.62,67.62,375
2015-12-28 09:45:00,67.4,67.75,67.0822,67.33,22982
2015-12-28 10:00:00,67.33,67.33,67.09,67.1776,15756
2015-12-28 10:15:00,67.09,67.09,66.8001,66.995,22159
2015-12-28 10:30:00,66.97,67.31,66.97,67.31,14229
2015-12-28 10:45:00,67.29,67.35,67.08,67.145,16891
2015-12-28 11:00:00,67.18,67.22,67.09,67.16,14636
2015-12-28 11:15:00,67.15,67.31,67.065,67.29,18797
2015-12-28 11:30:00,67.26,67.3,67.21,67.23,18967
2015-12-28 11:45:00,67.22800000000001,67.29,67.13,67.29,13507
2015-12-28 12:00:00,67.3,67.382,67.2401,67.29,14522
2015-12-28 12:15:00,67.25,67.51,67.24,67.5,12578
2015-12-28 12:30:00,67.51,67.545,67.4,67.49,16828
2015-12-28 12:45:00,67.47,67.54,67.39,67.51,15253
2015-12-28 13:00:00,67.5,67.531,67.42,67.42,16289
2015-12-28 13:15:00,67.43,67.61,67.43,67.59,20262
2015-12-28 13:30:00,67.61,67.78,67.61,67.7,18513
2015-12-28 13:45:00,67.69,67.88,67.69,67.69,16940
2015-12-28 14:00:00,67.68,67.71,67.5,67.55,13365
2015-12-28 14:15:00,67.5,67.61,67.48,67.48,9349
2015-12-28 14:30:00,67.495,67.6378,67.49,67.63,28135
2015-12-28 14:45:00,67.62,67.71,67.49,67.7,27048
2015-12-28 15:00:00,67.7034,67.71,67.52,67.52,19202
2015-12-28 15:15:00,67.57,67.6,67.52,67.54,13159
2015-12-28 15:30:00,67.51,67.59,67.49,67.55,20658
2015-12-28 15:45:00,67.57,67.57,67.495,67.52,24041
2015-12-28 16:00:00,67.53,67.67,67.49,67.65,71755
2015-12-29 09:45:00,68.02,68.41,67.48,68.41,32593
2015-12-29 10:00:00,68.46,68.5,68.14,68.5,8443
2015-12-29 10:15:00,68.4886,68.64,68.48,68.545,16991
2015-12-29 10:30:00,68.55,68.56,68.39,68.49,19065
2015-12-29 10:45:00,68.5,68.54,68.31,68.54,13637
2015-12-29 11:00:00,68.52,68.54,68.29,68.36,25240
2015-12-29 11:15:00,68.3364,68.37,68.21,68.232,12570
2015-12-29 11:30:00,68.23,68.24,68.04,68.21,17154
2015-12-29 11:45:00,68.25,68.38,68.04,68.061,40662
2015-12-29 12:00:00,68.0639,68.15,67.94,68.03,20093
2015-12-29 12:15:00,68.025,68.12,68.0,68.1,14775
2015-12-29 12:30:00,68.096,68.22,68.06,68.185,16816
2015-12-29 12:45:00,68.17,68.25,68.14,68.2,13563
2015-12-29 13:00:00,68.17,68.18,68.04,68.12,20464
2015-12-29 13:15:00,68.13,68.28,68.12,68.28,14186
2015-12-29 13:30:00,68.3,68.5,68.2938,68.5,23913
2015-12-29 13:45:00,68.494,68.531,68.37,68.531,17859
2015-12-29 14:00:00,68.51,68.5972,68.43,68.57,17920
2015-12-29 14:15:00,68.55,68.68,68.55,68.59,39242
2015-12-29 14:30:00,68.62,68.65,68.53,68.6,21003
2015-12-29 14:45:00,68.6,68.63,68.59,68.61,33550
2015-12-29 15:00:00,68.61,68.77,68.58,68.77,32275
2015-12-29 15:15:00,68.76,68.76,68.55,68.59,54975
2015-12-29 15:30:00,68.6,68.6373,68.52,68.53,58238
2015-12-29 15:45:00,68.53,68.555,68.42,68.465,45812
2015-12-29 16:00:00,68.47,68.61,68.41,68.44,139565
2015-12-30 09:45:00,68.3,68.615,68.07,68.41,15155
2015-12-30 10:00:00,68.35,68.53,68.24,68.53,2982
2015-12-30 10:15:00,68.52,68.52,68.21,68.26,7962
2015-12-30 10:30:00,68.25,68.28,68.09,68.13,6347
2015-12-30 10:45:00,68.13,68.179,68.06,68.08,12617
2015-12-30 11:00:00,68.0,68.12,67.98,68.0,9021
2015-12-30 11:15:00,68.0,68.02,67.85,67.895,6740
2015-12-30 11:30:00,67.87,67.91,67.75,67.8,8864
2015-12-30 11:45:00,67.78,67.85,67.67,67.68,11828
2015-12-30 12:00:00,67.65,67.68,67.6,67.67,11134
2015-12-30 12:15:00,67.6678,67.83,67.63,67.7257,9887
2015-12-30 12:30:00,67.715,67.73,67.58,67.6,12834
2015-12-30 12:45:00,67.63,67.63,67.5101,67.55,13172
2015-12-30 13:00:00,67.56,67.59,67.49,67.5328,9612
2015-12-30 13:15:00,67.53,67.625,67.53,67.54,8195
2015-12-30 13:30:00,67.53,67.61,67.5,67.53,8505
2015-12-30 13:45:00,67.5221,67.5804,67.5,67.58,12365
2015-12-30 14:00:00,67.60300000000001,67.64,67.57,67.62,5699
2015-12-30 14:15:00,67.63,67.69,67.515,67.54,12400
2015-12-30 14:30:00,67.5556,67.59,67.49,67.56,19003
2015-12-30 14:45:00,67.58,67.65,67.55,67.56,13942
2015-12-30 15:00:00,67.56,67.63,67.49,67.51,14034
2015-12-30 15:15:00,67.505,67.58,67.5,67.57,24605
2015-12-30 15:30:00,67.57,67.65,67.54,67.54,21106
2015-12-30 15:45:00,67.53,67.63,67.47,67.53,100984
2015-12-30 16:00:00,67.54,67.59,67.48,67.51,75400
2015-12-31 09:45:00,67.37,67.8,67.22,67.5,50251
2015-12-31 10:00:00,67.4499,67.67,67.3,67.67,19137
2015-12-31 10:15:00,67.67,67.67,67.5107,67.58,9570
2015-12-31 10:30:00,67.59,67.72,67.4,67.51,17256
2015-12-31 10:45:00,67.54,67.6,67.35,67.5976,48888
2015-12-31 11:00:00,67.62,67.68,67.47,67.553,24241
2015-12-31 11:15:00,67.58,67.69,67.54,67.69,13180
2015-12-31 11:30:00,67.73,67.73,67.57,67.66,10645
2015-12-31 11:45:00,67.64,67.665,67.5,67.58,26115
2015-12-31 12:00:00,67.59,67.64,67.49,67.5,11297
2015-12-31 12:15:00,67.55,67.6305,67.53,67.57,8349
2015-12-31 12:30:00,67.5794,67.645,67.5382,67.64,5027
2015-12-31 12:45:00,67.65,67.8,67.6327,67.796,13203
2015-12-31 13:00:00,67.82,67.865,67.79,67.84,5727
2015-12-31 13:15:00,67.82,67.82,67.61,67.71,11865
2015-12-31 13:30:00,67.69,67.8,67.65,67.74,9746
2015-12-31 13:45:00,67.73,67.78,67.6794,67.78,9422
2015-12-31 14:00:00,67.79,67.79,67.6592,67.6592,9943
2015-12-31 14:15:00,67.67,67.77,67.544,67.6,37778
2015-12-31 14:30:00,67.5816,67.59,67.49,67.52,14496
2015-12-31 14:45:00,67.51,67.64,67.5,67.61,21524
2015-12-31 15:00:00,67.59,67.69,67.5,67.5,24037
2015-12-31 15:15:00,67.5,67.57,67.48,67.54,40854
2015-12-31 15:30:00,67.54,67.56,67.49,67.51,23305
2015-12-31 15:45:00,67.54,67.56,67.49,67.52,35637
2015-12-31 16:00:00,67.5,67.53,67.33,67.34,126897
2016-01-04 09:45:00,66.34,66.6,65.9,65.97,35419
2016-01-04 10:00:00,65.965,66.34,65.82,66.1,17453
2016-01-04 10:15:00,66.14,66.34,65.93,66.34,23819
2016-01-04 10:30:00,66.36,66.44,66.12,66.12,48730
2016-01-04 10:45:00,66.11,66.18,65.77,65.91,18772
2016-01-04 11:00:00,65.91,65.97,65.63,65.66,20623
2016-01-04 11:15:00,65.66,65.82,65.52,65.82,39192
2016-01-04 11:30:00,65.86,65.92,65.69,65.78,15195
2016-01-04 11:45:00,65.77,65.84,65.74,65.795,16742
2016-01-04 12:00:00,65.7877,65.91,65.75,65.88,22120
2016-01-04 12:15:00,65.85,65.9501,65.68,65.7,18238
2016-01-04 12:30:00,65.7,65.78,65.61,65.71,23091
2016-01-04 12:45:00,65.7,65.87,65.6,65.86,12228
2016-01-04 13:00:00,65.94,65.9428,65.85,65.86,10765
2016-01-04 13:15:00,65.87,66.0725,65.86,66.01,10158
2016-01-04 13:30:00,66.01,66.3,66.01,66.21,20694
2016-01-04 13:45:00,66.23,66.56,66.225,66.49,28871
2016-01-04 14:00:00,66.505,66.68,66.5,66.68,35153
2016-01-04 14:15:00,66.66,66.69,66.53,66.65,23590
2016-01-04 14:30:00,66.66,66.8326,66.56,66.7219,39027
2016-01-04 14:45:00,66.74,66.76,66.51,66.59,21234
2016-01-04 15:00:00,66.62,66.75,66.51,66.62,39554
2016-01-04 15:15:00,66.62,66.62,66.44,66.48,31206
2016-01-04 15:30:00,66.5,66.62,66.475,66.6,54578
2016-01-04 15:45:00,66.6,66.91,66.6,66.88,79637
2016-01-04 16:00:00,66.87,66.98,66.76,66.94,175745
2016-01-05 09:45:00,67.3,68.0,67.01,67.49,55363
2016-01-05 10:00:00,67.5,67.51,67.15,67.27,24969
2016-01-05 10:15:00,67.27,67.3299,67.12,67.2599,14953
2016-01-05 10:30:00,67.2,67.43,67.15,67.285,24099
2016-01-05 10:45:00,67.26,67.6,67.11,67.5799,36056
2016-01-05 11:00:00,67.55,67.7,67.51,67.54,29417
2016-01-05 11:15:00,67.51,67.6,67.49,67.52,31148
2016-01-05 11:30:00,67.51,67.61,67.42,67.53,27784
2016-01-05 11:45:00,67.48,67.55,67.31,67.31,39661
2016-01-05 12:00:00,67.312,67.6,67.28,67.4899,38270
2016-01-05 12:15:00,67.46,67.46,67.28,67.33,49361
2016-01-05 12:30:00,67.28,67.34,67.15,67.33,68784
2016-01-05 12:45:00,67.32,67.37,67.18,67.18,23376
2016-01-05 13:00:00,67.1623,67.31,67.09,67.31,24169
2016-01-05 13:15:00,67.32,67.55,67.26,67.44,22883
2016-01-05 13:30:00,67.46,67.52,67.34,67.49,18672
2016-01-05 13:45:00,67.5,67.9,67.49,67.9,43609
2016-01-05 14:00:00,67.89,68.28,67.86,68.27,103786
2016-01-05 14:15:00,68.26,68.4999,68.085,68.3,126104
2016-01-05 14:30:00,68.3,68.44,68.17,68.255,44174
2016-01-05 14:45:00,68.25,68.25,68.04,68.0775,33212
2016-01-05 15:00:00,68.04,68.13,67.99,68.0,35469
2016-01-05 15:15:00,67.99,68.155,67.95,68.13,68319
2016-01-05 15:30:00,68.12,68.1215,67.94,68.0641,55497
2016-01-05 15:45:00,68.0892,68.26,68.03,68.185,97535
2016-01-05 16:00:00,68.19,68.23,68.08,68.17,193588
2016-01-06 09:45:00,66.77,67.42,66.61,67.2569,121901
2016-01-06 10:00:00,67.288,68.06,67.2,68.05,66682
2016-01-06 10:15:00,68.01,68.015,67.68,67.85,66967
2016-01-06 10:30:00,67.87,68.18,67.84,68.02,33449
2016-01-06 10:45:00,68.01,68.07,67.89,68.03,29929
2016-01-06 11:00:00,68.0,68.06,67.91,68.05,30894
2016-01-06 11:15:00,68.05,68.1699,67.87,67.9,39189
2016-01-06 11:30:00,67.87,68.08,67.87,68.01,21022
2016-01-06 11:45:00,67.995,68.01,67.78,67.8,18773
2016-01-06 12:00:00,67.79,67.805,67.695,67.8,21278
2016-01-06 12:15:00,67.79,71.1,67.79,69.67,559743
2016-01-06 12:30:00,69.65,69.8199,68.9,69.63,233125
2016-01-06 12:45:00,69.58,69.77,69.33,69.495,129773
2016-01-06 13:00:00,69.47,69.71,69.05,69.19,65379
2016-01-06 13:15:00,69.2,69.44,69.09,69.2,46203
2016-01-06 13:30:00,69.17,69.73,68.97,69.66,53921
2016-01-06 13:45:00,69.66,69.675,69.33,69.33,42222
2016-01-06 14:00:00,69.31,69.44,69.09,69.27,36850
2016-01-06 14:15:00,69.24,69.5681,69.19,69.45,55894
2016-01-06 14:30:00,69.45,69.99,69.31,69.89,95828
2016-01-06 14:45:00,69.89,70.01,69.53,69.58,108990
2016-01-06 15:00:00,69.57,69.58,68.91,69.14,74809
2016-01-06 15:15:00,69.17,69.39,69.14,69.38,70478
2016-01-06 15:30:00,69.39,69.54,69.3,69.37,76467
2016-01-06 15:45:00,69.39,69.835,69.38,69.76,167632
2016-01-06 16:00:00,69.76,69.92,69.62,69.88,357391
2016-01-07 09:45:00,68.5,69.11,68.03,68.88,100115
2016-01-07 10:00:00,68.76,69.4,68.76,69.39,45509
2016-01-07 10:15:00,69.34,70.3,69.29,70.09,104502
2016-01-07 10:30:00,70.02,70.03,69.66,69.82,70589
2016-01-07 10:45:00,69.82,70.005,69.485,69.57,42633
2016-01-07 11:00:00,69.52,70.0,69.5,69.78,40680
2016-01-07 11:15:00,69.8,69.97,69.7,69.79,25316
2016-01-07 11:30:00,69.8,70.18,69.74,70.048,51645
2016-01-07 11:45:00,70.09,70.26,70.0,70.12,51484
2016-01-07 12:00:00,70.12,70.12,69.77,69.8,59124
2016-01-07 12:15:00,69.76,69.87,69.52,69.56,34150
2016-01-07 12:30:00,69.57,70.08,69.57,70.07,52584
2016-01-07 12:45:00,70.09,70.13,69.82,70.06,42851
2016-01-07 13:00:00,70.06,70.06,69.755,69.755,52039
2016-01-07 13:15:00,69.77,69.79,69.38,69.5,44094
2016-01-07 13:30:00,69.5,69.75,69.26,69.57,45094
2016-01-07 13:45:00,69.51,69.55,69.25,69.34,42650
2016-01-07 14:00:00,69.34,69.41,69.24,69.39,48480
2016-01-07 14:15:00,69.39,69.52,69.265,69.265,45450
2016-01-07 14:30:00,69.25,69.27,68.9,68.9,40211
2016-01-07 14:45:00,68.87,69.34,68.72,69.28,43387
2016-01-07 15:00:00,69.26,69.61,69.25,69.48,65688
2016-01-07 15:15:00,69.48,69.48,69.11,69.3,61163
2016-01-07 15:30:00,69.305,69.46,69.23,69.32,58146
2016-01-07 15:45:00,69.3,69.4899,69.11,69.11,77088
2016-01-07 16:00:00,69.08,69.41,69.08,69.11,142359
2016-01-08 09:45:00,69.25,69.57,68.53,68.8001,50077
2016-01-08 10:00:00,68.7,69.46,68.7,69.28,37933
2016-01-08 10:15:00,69.26,69.37,68.8,68.9604,41801
2016-01-08 10:30:00,68.96,69.21,68.91,69.05,19285
2016-01-08 10:45:00,69.04,69.11,68.9328,69.01,22950
2016-01-08 11:00:00,69.0,69.22,69.0,69.13,18246
2016-01-08 11:15:00,69.12,69.4323,69.12,69.31,32633
2016-01-08 11:30:00,69.27,69.36,69.01,69.23,33887
2016-01-08 11:45:00,69.25,69.2503,68.78,68.95,30176
2016-01-08 12:00:00,69.0,69.05,68.85,68.9,42010
2016-01-08 12:15:00,68.91,69.01,68.82,68.89,27495
2016-01-08 12:30:00,68.89,69.04,68.82,69.04,22450
2016-01-08 12:45:00,69.06,69.3499,69.0,69.33,23398
2016-01-08 13:00:00,69.31,69.41,69.22,69.24,21705
2016-01-08 13:15:00,69.26,69.34,69.06,69.09,35935
2016-01-08 13:30:00,69.02,69.13,68.87,69.01,16378
2016-01-08 13:45:00,69.03,69.19,69.0,69.15,19047
2016-01-08 14:00:00,69.12,69.23,68.91,68.93,15047
2016-01-08 14:15:00,68.94,69.06,68.74,68.745,22611
2016-01-08 14:30:00,68.74,68.83,68.57,68.6,25021
2016-01-08 14:45:00,68.61,68.67,68.44,68.58,33654
2016-01-08 15:00:00,68.58,68.59,68.4611,68.57,34688
2016-01-08 15:15:00,68.56,68.78,68.53,68.63,31294
2016-01-08 15:30:00,68.67,68.8,68.38,68.39,32028
2016-01-08 15:45:00,68.38,68.41,68.2,68.21,39923
2016-01-08 16:00:00,68.19,68.24,67.91,68.04,93628
2016-01-11 09:45:00,68.68,68.82,68.28,68.49,45818
2016-01-11 10:00:00,68.44,68.9,68.33,68.71,67206
2016-01-11 10:15:00,68.73,69.19,68.63,69.09,63190
2016-01-11 10:30:00,69.1,69.2,68.8,69.185,27632
2016-01-11 10:45:00,69.19,69.49,69.185,69.48,46790
2016-01-11 11:00:00,69.43,69.45,69.06,69.085,27436
2016-01-11 11:15:00,69.06,69.07,68.8866,68.94,29941
2016-01-11 11:30:00,68.94,69.38,68.94,69.34,26856
2016-01-11 11:45:00,69.32,69.41,69.112,69.295,19734
2016-01-11 12:00:00,69.29,69.53,69.28,69.34,13004
2016-01-11 12:15:00,69.35,69.46,69.29,69.31,32232
2016-01-11 12:30:00,69.31,69.36,69.2,69.3,18782
2016-01-11 12:45:00,69.31,69.53,69.31,69.48,15191
2016-01-11 13:00:00,69.47,69.53,69.36,69.48,14162
2016-01-11 13:15:00,69.4845,69.57,69.3207,69.3207,16714
2016-01-11 13:30:00,69.33,69.43,69.3,69.35,31449
2016-01-11 13:45:00,69.34,69.37,69.04,69.1013,48173
2016-01-11 14:00:00,69.1112,69.14,69.0,69.05,24213
2016-01-11 14:15:00,69.09,69.36,69.06,69.32,23434
2016-01-11 14:30:00,69.32,69.57,69.29,69.52,52777
2016-01-11 14:45:00,69.53,69.58,69.4,69.49,22169
2016-01-11 15:00:00,69.49,69.61,69.455,69.455,34413
2016-01-11 15:15:00,69.46,69.54,69.335,69.4,36280
2016-01-11 15:30:00,69.4,69.9104,69.2901,69.91,48098
2016-01-11 15:45:00,69.91,70.13,69.87,70.13,80670
2016-01-11 16:00:00,70.12,70.13,69.89,70.02,185916
2016-01-12 09:45:00,70.29,70.891,70.01,70.82,45614
2016-01-12 10:00:00,70.7976,70.98,70.24,70.42,21661
2016-01-12 10:15:00,70.42,70.49,70.22,70.43,27693
2016-01-12 10:30:00,70.44,70.51,70.16,70.21,32347
2016-01-12 10:45:00,70.27,70.515,70.24,70.45,57176
2016-01-12 11:00:00,70.4,70.51,70.31,70.4501,18762
2016-01-12 11:15:00,70.465,70.49,70.17,70.17,13730
2016-01-12 11:30:00,70.17,70.21,69.83,69.89,33755
2016-01-12 11:45:00,69.91,70.1999,69.82,70.1625,37198
2016-01-12 12:00:00,70.15,70.385,70.09,70.32,15109
2016-01-12 12:15:00,70.3,70.4,70.18,70.2,10011
2016-01-12 12:30:00,70.18,70.19,70.06,70.12,11197
2016-01-12 12:45:00,70.09,70.21,70.04,70.18,16910
2016-01-12 13:00:00,70.17,70.33,70.15,70.2,32729
2016-01-12 13:15:00,70.2,70.29,70.14,70.27,14993
2016-01-12 13:30:00,70.24,70.24,70.09,70.15,17619
2016-01-12 13:45:00,70.19,70.31,70.16,70.3,15162
2016-01-12 14:00:00,70.35,70.38,70.13,70.17,10168
2016-01-12 14:15:00,70.18,70.24,69.95,70.11,20529
2016-01-12 14:30:00,70.1,70.33,69.9607,70.29,19514
2016-01-12 14:45:00,70.25,70.4,70.2,70.28,14949
2016-01-12 15:00:00,70.2573,70.615,70.2573,70.6,26368
2016-01-12 15:15:00,70.61,70.61,70.4,70.44,24527
2016-01-12 15:30:00,70.44,70.89,70.44,70.78,33690
2016-01-12 15:45:00,70.78,70.9,70.71,70.9,47146
2016-01-12 16:00:00,70.91,70.95,70.79,70.85,98194
2016-01-13 09:45:00,70.53,71.0,70.22,70.44,47698
2016-01-13 10:00:00,70.45,70.48,70.105,70.38,30240
2016-01-13 10:15:00,70.43,70.76,70.35,70.58,30751
2016-01-13 10:30:00,70.55,70.74,70.43,70.62,13299
2016-01-13 10:45:00,70.64,70.64,70.33,70.38,13998
2016-01-13 11:00:00,70.4,70.57,70.33,70.5,21870
2016-01-13 11:15:00,70.61,70.61,70.37,70.37,25200
2016-01-13 11:30:00,70.39,70.5,70.3258,70.34,9212
2016-01-13 11:45:00,70.34,70.53,70.21,70.27,8443
2016-01-13 12:00:00,70.27,70.35,69.843,69.89,82803
2016-01-13 12:15:00,69.87,69.95,69.74,69.92,17236
2016-01-13 12:30:00,69.92,70.01,69.85,69.95,8612
2016-01-13 12:45:00,69.94,69.99,69.81,69.95,31085
2016-01-13 13:00:00,69.94,70.0,69.81,69.9,16237
2016-01-13 13:15:00,69.905,69.96,69.82,69.93,19592
2016-01-13 13:30:00,69.89,69.93,69.805,69.9,30282
2016-01-13 13:45:00,69.89,69.91,69.45,69.45,27493
2016-01-13 14:00:00,69.44,69.44,69.04,69.04,28123
2016-01-13 14:15:00,69.08,69.23,69.0,69.13,27571
2016-01-13 14:30:00,69.1243,69.14,68.88,69.0901,24105
2016-01-13 14:45:00,69.09,69.09,68.47,68.51,40660
2016-01-13 15:00:00,68.52,68.87,68.52,68.73,36646
2016-01-13 15:15:00,68.76,68.84,68.59,68.6,64525
2016-01-13 15:30:00,68.59,69.18,68.59,69.01,89541
2016-01-13 15:45:00,68.99,69.08,68.83,68.87,87996
2016-01-13 16:00:00,68.87,68.91,68.48,68.48,216851
2016-01-14 09:45:00,68.95,69.42,68.41,68.92,35669
2016-01-14 10:00:00,68.89,69.03,68.3001,68.34,27790
2016-01-14 10:15:00,68.37,68.91,68.33,68.91,36937
2016-01-14 10:30:00,69.0,69.48,68.92,69.45,25981
2016-01-14 10:45:00,69.5,69.92,69.39,69.86,26514
2016-01-14 11:00:00,69.9083,69.91,69.48,69.48,31569
2016-01-14 11:15:00,69.53,69.79,69.4,69.76,23476
2016-01-14 11:30:00,69.77,69.82,69.39,69.5,26751
2016-01-14 11:45:00,69.52,69.56,69.33,69.56,37496
2016-01-14 12:00:00,69.6,69.64,69.38,69.57,13472
2016-01-14 12:15:00,69.56,69.59,69.39,69.54,40964
2016-01-14 12:30:00,69.55,69.67,69.45,69.6,22791
2016-01-14 12:45:00,69.65,69.81,69.54,69.7,12964
2016-01-14 13:00:00,69.7,69.77,69.53,69.53,8964
2016-01-14 13:15:00,69.51,69.76,69.48,69.68,12336
2016-01-14 13:30:00,69.6,69.88,69.59,69.83,19310
2016-01-14 13:45:00,69.85,70.05,69.85,69.85,23923
2016-01-14 14:00:00,69.85,69.97,69.81,69.85,32309
2016-01-14 14:15:00,69.85,70.04,69.83,70.02,54364
2016-01-14 14:30:00,70.05,70.137,69.94,70.0,44908
2016-01-14 14:45:00,70.005,70.25,70.0,70.15,21100
2016-01-14 15:00:00,70.17,70.57,70.17,70.5,28837
2016-01-14 15:15:00,70.5399,70.63,70.4,70.63,44573
2016-01-14 15:30:00,70.64,70.72,70.42,70.42,44787
2016-01-14 15:45:00,70.43,70.44,70.09,70.25,173999
2016-01-14 16:00:00,70.24,70.41,70.14,70.2,134087
2016-01-15 09:45:00,68.71,69.48,68.515,69.45,116526
2016-01-15 10:00:00,69.47,69.57,69.08,69.28,34761
2016-01-15 10:15:00,69.29,69.79,69.19,69.77,65489
2016-01-15 10:30:00,69.77,70.55,69.74,70.48,70984
2016-01-15 10:45:00,70.42,70.935,70.25,70.79,88438
2016-01-15 11:00:00,70.76,71.03,70.74,70.935,59552
2016-01-15 11:15:00,70.91,71.03,70.47,71.0,66054
2016-01-15 11:30:00,70.98,71.51,70.95,71.335,104859
2016-01-15 11:45:00,71.31,71.42,71.08,71.305,65573
2016-01-15 12:00:00,71.32,71.5,71.07,71.07,64161
2016-01-15 12:15:00,71.03,71.03,70.39,70.39,73232
2016-01-15 12:30:00,70.39,70.39,69.7845,70.02,49480
2016-01-15 12:45:00,70.0,70.1,69.74,70.02,48346
2016-01-15 13:00:00,69.99,70.62,69.99,70.51,33129
2016-01-15 13:15:00,70.52,70.73,70.33,70.73,46362
2016-01-15 13:30:00,70.64,70.9,70.56,70.81,43695
2016-01-15 13:45:00,70.81,71.33,70.69,71.19,53919
2016-01-15 14:00:00,71.19,71.21,70.91,71.0,44632
2016-01-15 14:15:00,70.94,71.59,70.92,71.49,63211
2016-01-15 14:30:00,71.51,71.6,71.32,71.32,46864
2016-01-15 14:45:00,71.31,71.88,71.29,71.77,73692
2016-01-15 15:00:00,71.74,72.21,71.68,72.1506,60636
2016-01-15 15:15:00,72.15,72.255,71.85,71.91,85416
2016-01-15 15:30:00,71.9,72.0,71.56,71.9281,106863
2016-01-15 15:45:00,71.915,72.07,71.74,71.95,116858
2016-01-15 16:00:00,71.96,72.11,71.84,72.06,263668
2016-01-19 09:45:00,72.64,72.7669,70.86,71.065,101068
2016-01-19 10:00:00,71.01,71.1,70.56,70.68,57381
2016-01-19 10:15:00,70.7159,71.4,70.48,71.345,62290
2016-01-19 10:30:00,71.34,71.5,71.06,71.39,26983
2016-01-19 10:45:00,71.34,71.37,70.71,70.95,62833
2016-01-19 11:00:00,70.92,71.49,70.67,70.67,26994
2016-01-19 11:15:00,70.67,70.85,70.27,70.41,99941
2016-01-19 11:30:00,70.406,70.69,70.406,70.53,65902
2016-01-19 11:45:00,70.56,70.62,70.38,70.45,33386
2016-01-19 12:00:00,70.47,70.79,70.12,70.12,29277
2016-01-19 12:15:00,70.15,70.16,69.65,69.79,41846
2016-01-19 12:30:00,69.78,70.138,69.59,70.08,37573
2016-01-19 12:45:00,70.07,70.2499,70.01,70.05,46655
2016-01-19 13:00:00,70.07,70.435,69.99,70.4,70737
2016-01-19 13:15:00,70.44,70.54,70.25,70.35,33126
2016-01-19 13:30:00,70.32,70.41,70.26,70.27,33852
2016-01-19 13:45:00,70.31,70.38,70.1301,70.17,51790
2016-01-19 14:00:00,70.21,70.46,70.16,70.285,26207
2016-01-19 14:15:00,70.305,70.34,69.8601,69.8601,36014
2016-01-19 14:30:00,69.86,69.8684,69.65,69.71,38376
2016-01-19 14:45:00,69.72,69.73,69.27,69.31,33539
2016-01-19 15:00:00,69.28,69.88,69.25,69.88,31335
2016-01-19 15:15:00,69.85,70.07,69.77,69.95,30599
2016-01-19 15:30:00,69.93,70.42,69.82,70.278,34026
2016-01-19 15:45:00,70.28,70.5669,70.2,70.545,49774
2016-01-19 16:00:00,70.57,70.72,70.37,70.45,149526
2016-01-20 09:45:00,69.31,69.67,68.58,69.53,30050
2016-01-20 10:00:00,69.62,69.65,69.0,69.0,21182
2016-01-20 10:15:00,68.955,69.2,68.86,69.14,37335
2016-01-20 10:30:00,69.12,69.4799,68.885,69.3,42335
2016-01-20 10:45:00,69.245,69.26,68.61,69.01,45931
2016-01-20 11:00:00,69.0,69.0,68.51,68.53399999999999,36686
2016-01-20 11:15:00,68.555,68.7111,68.24,68.48,49079
2016-01-20 11:30:00,68.42,68.54,67.92,68.05199999999999,55586
2016-01-20 11:45:00,68.04,68.52,68.02,68.15,20485
2016-01-20 12:00:00,68.18,68.31,68.1,68.22,29341
2016-01-20 12:15:00,68.23,68.3,68.08,68.16,21942
2016-01-20 12:30:00,68.15,68.166,67.58,67.59,37287
2016-01-20 12:45:00,67.63,67.95,67.41,67.41,56764
2016-01-20 13:00:00,67.435,67.86,67.2,67.8135,60121
2016-01-20 13:15:00,67.88,68.15,67.87,67.95,31414
2016-01-20 13:30:00,67.93,68.05,67.75,68.03,51133
2016-01-20 13:45:00,68.02,68.81,68.0,68.68,30909
2016-01-20 14:00:00,68.8,68.87,68.47,68.48,42790
2016-01-20 14:15:00,68.44,69.05,68.29,68.85,57727
2016-01-20 14:30:00,68.85,69.04,68.69,68.82,41970
2016-01-20 14:45:00,68.85,69.11,68.73,68.97,21478
2016-01-20 15:00:00,68.93,69.12,68.69,68.95,68639
2016-01-20 15:15:00,68.97,69.29,68.83,69.25,48838
2016-01-20 15:30:00,69.29,70.16,69.27,70.13,42136
2016-01-20 15:45:00,70.11,70.15,69.82,69.91,48959
2016-01-20 16:00:00,69.88,69.95,69.55,69.74,151643
2016-01-21 09:45:00,69.89,70.31,69.3901,69.475,27889
2016-01-21 10:00:00,69.48,69.78,69.165,69.64,25124
2016-01-21 10:15:00,69.625,70.6166,69.58,70.44,14700
2016-01-21 10:30:00,70.545,70.61,70.16,70.45,19194
2016-01-21 10:45:00,70.37,70.62,70.21,70.55,25432
2016-01-21 11:00:00,70.53,70.775,70.4,70.4,21504
2016-01-21 11:15:00,70.37,70.96,70.3,70.92,27909
2016-01-21 11:30:00,70.98,71.0,70.59,70.59,37306
2016-01-21 11:45:00,70.61,71.08,70.61,71.0,13419
2016-01-21 12:00:00,70.95,71.36,70.92,71.305,11401
2016-01-21 12:15:00,71.34,71.59,71.13,71.24,24971
2016-01-21 12:30:00,71.26,71.5,71.22,71.36,45586
2016-01-21 12:45:00,71.35,71.4,71.2,71.24,33976
2016-01-21 13:00:00,71.25,71.3811,71.13,71.35,41275
2016-01-21 13:15:00,71.3789,71.9208,71.34,71.645,29437
2016-01-21 13:30:00,71.61,71.74,71.29,71.33,22336
2016-01-21 13:45:00,71.32,71.54,71.0,71.54,37736
2016-01-21 14:00:00,71.52,71.71,71.39,71.62,26227
2016-01-21 14:15:00,71.68,71.8,71.33,71.42,28541
2016-01-21 14:30:00,71.36,71.64,71.31,71.64,60787
2016-01-21 14:45:00,71.67,72.31,71.67,72.03,95783
2016-01-21 15:00:00,72.045,72.24,71.64,72.16,72239
2016-01-21 15:15:00,72.13,72.15,71.79,72.12,51651
2016-01-21 15:30:00,72.08,72.11,71.91,71.985,43268
2016-01-21 15:45:00,71.97,72.26,71.96,72.21,63238
2016-01-21 16:00:00,72.2,72.21,71.945,71.97,130823
2016-01-22 09:45:00,73.22,73.42,72.37,72.74,47687
2016-01-22 10:00:00,72.7601,72.85,72.43,72.85,22132
2016-01-22 10:15:00,72.8,73.14,72.69,73.12,35522
2016-01-22 10:30:00,73.15,73.5,72.78,73.48,40674
2016-01-22 10:45:00,73.51,73.62,72.72,72.81,50318
2016-01-22 11:00:00,72.86,73.13,72.835,72.9899,17425
2016-01-22 11:15:00,72.99,73.0725,72.7,72.75,24758
2016-01-22 11:30:00,72.72,72.86,72.56,72.75,33118
2016-01-22 11:45:00,72.7,72.79,72.33,72.78,122093
2016-01-22 12:00:00,72.75,72.9457,72.68,72.76,13695
2016-01-22 12:15:00,72.745,73.19,72.72,73.13,13045
2016-01-22 12:30:00,73.12,73.13,72.87,72.93,15102
2016-01-22 12:45:00,72.97,72.9825,72.73,72.9,11264
2016-01-22 13:00:00,72.9,73.19,72.79,73.1403,10116
2016-01-22 13:15:00,73.17,73.18,72.89,73.03,8775
2016-01-22 13:30:00,73.08,73.14,72.906,72.906,14951
2016-01-22 13:45:00,72.93,73.05,72.91,72.97,15605
2016-01-22 14:00:00,73.0,73.06,72.97,73.02,12637
2016-01-22 14:15:00,73.02,73.02,72.71,72.76,31710
2016-01-22 14:30:00,72.76,72.76,72.19,72.26,36795
2016-01-22 14:45:00,72.22,72.27,72.0092,72.1,23815
2016-01-22 15:00:00,72.07,72.36,72.07,72.3,25291
2016-01-22 15:15:00,72.34,72.39,72.2,72.35,40540
2016-01-22 15:30:00,72.33,72.7899,72.3,72.74,23180
2016-01-22 15:45:00,72.76,72.85,72.63,72.82,29198
2016-01-22 16:00:00,72.83,73.02,72.83,72.91,73763
2016-01-25 09:45:00,72.72,73.23,72.0375,72.27,40299
2016-01-25 10:00:00,72.265,72.42,71.91,72.2864,46239
2016-01-25 10:15:00,72.25,72.64,72.08,72.09,101762
2016-01-25 10:30:00,72.08,72.44,71.94,72.31,202785
2016-01-25 10:45:00,72.29,72.4999,72.22,72.3,164039
2016-01-25 11:00:00,72.27,72.4,72.18,72.23,30068
2016-01-25 11:15:00,72.22,72.26,71.69,71.82,39214
2016-01-25 11:30:00,71.81,71.86,71.51,71.51,33919
2016-01-25 11:45:00,71.51,71.56,71.23,71.23,31401
2016-01-25 12:00:00,71.25,71.38,71.2,71.31,28784
2016-01-25 12:15:00,71.31,71.7,71.31,71.55,19986
2016-01-25 12:30:00,71.4929,71.56,71.33,71.33,17376
2016-01-25 12:45:00,71.33,71.76,71.3,71.61,17793
2016-01-25 13:00:00,71.6001,71.6001,71.425,71.45,13449
2016-01-25 13:15:00,71.4508,71.64,71.39,71.64,14453
2016-01-25 13:30:00,71.63,71.74,71.53,71.58,13113
2016-01-25 13:45:00,71.59,71.66,71.31,71.31,16906
2016-01-25 14:00:00,71.31,71.315,71.1,71.27,17767
2016-01-25 14:15:00,71.2499,71.27,71.12,71.25,22016
2016-01-25 14:30:00,71.23,71.31,71.0948,71.19,16859
2016-01-25 14:45:00,71.165,71.59,71.15,71.44,47723
2016-01-25 15:00:00,71.455,71.49,71.21,71.38,33473
2016-01-25 15:15:00,71.405,71.44,71.2,71.21,64528
2016-01-25 15:30:00,71.22,71.255,70.95,71.04,39896
2016-01-25 15:45:00,71.06,71.105,70.74,70.75,68928
2016-01-25 16:00:00,70.76,70.93,70.74,70.9,154825
2016-01-26 09:45:00,71.53,72.22,71.13,71.24,35430
2016-01-26 10:00:00,71.21,71.49,70.93,71.25,33340
2016-01-26 10:15:00,71.21,72.25,71.21,71.84,40226
2016-01-26 10:30:00,71.84,71.96,71.38,71.575,46445
2016-01-26 10:45:00,71.57,71.92,71.51,71.73100000000001,29482
2016-01-26 11:00:00,71.75,71.84,71.41,71.48,29016
2016-01-26 11:15:00,71.53,71.89,71.47,71.83,23668
2016-01-26 11:30:00,71.81,71.81,71.39,71.56,24491
2016-01-26 11:45:00,71.58,71.63,71.39,71.48,18576
2016-01-26 12:00:00,71.48,71.68,71.43,71.56,15030
2016-01-26 12:15:00,71.6,71.75,71.43,71.61,13865
2016-01-26 12:30:00,71.62,71.78,71.61,71.68,13314
2016-01-26 12:45:00,71.66,71.84,71.66,71.74,12838
2016-01-26 13:00:00,71.75,71.78,71.53,71.66,13298
2016-01-26 13:15:00,71.64,71.85,71.64,71.8104,13222
2016-01-26 13:30:00,71.88,72.19,71.87,72.04,11609
2016-01-26 13:45:00,72.07,72.17,72.03,72.03,13183
2016-01-26 14:00:00,72.03,72.1473,71.99,72.02,14640
2016-01-26 14:15:00,72.05,72.18,71.99,72.1,23852
2016-01-26 14:30:00,72.05,72.32,71.84,71.86,29375
2016-01-26 14:45:00,71.87,72.07,71.84,72.07,27195
2016-01-26 15:00:00,72.1,72.24,71.97,72.14,26668
2016-01-26 15:15:00,72.12,72.2,71.85,72.03,40422
2016-01-26 15:30:00,72.0492,72.18,71.91,72.08,37360
2016-01-26 15:45:00,72.075,72.22,71.91,72.21,79155
2016-01-26 16:00:00,72.2,72.38,72.14,72.31,107957
2016-01-27 09:45:00,72.6,72.94,71.935,72.32,33834
2016-01-27 10:00:00,72.34,72.51,71.925,72.15,10117
2016-01-27 10:15:00,72.084,72.084,71.58,71.965,19567
2016-01-27 10:30:00,71.97,72.5,71.84,72.47,20750
2016-01-27 10:45:00,72.5,72.57,72.155,72.24,9601
2016-01-27 11:00:00,72.22,72.22,71.7,71.82,42565
2016-01-27 11:15:00,71.83,72.0627,71.78,72.02,26429
2016-01-27 11:30:00,72.01,72.04,71.7678,71.7678,18665
2016-01-27 11:45:00,71.75,71.85,71.66,71.81,28272
2016-01-27 12:00:00,71.8302,71.972,71.78,71.972,25812
2016-01-27 12:15:00,71.93,71.98,71.86,71.915,26481
2016-01-27 12:30:00,71.93,71.95,71.78,71.8,8647
2016-01-27 12:45:00,71.8,71.94,71.74,71.91,12158
2016-01-27 13:00:00,71.93,72.07,71.9,71.9,8355
2016-01-27 13:15:00,71.9,72.0,71.81,71.93,12963
2016-01-27 13:30:00,71.89,71.96,71.84,71.84,16785
2016-01-27 13:45:00,71.85,71.94,71.85,71.89,5809
2016-01-27 14:00:00,71.86,71.99,71.8,71.95,15220
2016-01-27 14:15:00,71.92,72.05,71.37,71.6,44537
2016-01-27 14:30:00,71.62,71.81,71.455,71.66,21540
2016-01-27 14:45:00,71.65,71.81,71.29,71.505,19208
2016-01-27 15:00:00,71.4901,71.57,71.23,71.26,16279
2016-01-27 15:15:00,71.24,71.29,70.81,70.81,26674
2016-01-27 15:30:00,70.84,71.24,70.685,71.03,40098
2016-01-27 15:45:00,71.02,71.25,70.94,71.04,50724
2016-01-27 16:00:00,71.06,71.21,70.99,71.15,81589
2016-01-28 09:45:00,72.19,72.28,71.45,71.71,41741
2016-01-28 10:00:00,71.86,71.86,71.2,71.29,12661
2016-01-28 10:15:00,71.28,71.309,70.9,70.9399,22516
2016-01-28 10:30:00,70.91,71.14,70.64,70.77,25714
2016-01-28 10:45:00,70.82,70.945,70.63,70.81,26294
2016-01-28 11:00:00,70.785,71.15,70.64,71.01,28194
2016-01-28 11:15:00,70.9851,71.26,70.95,71.26,30995
2016-01-28 11:30:00,71.25,71.4152,71.12,71.17,32622
2016-01-28 11:45:00,71.155,71.3,71.04,71.13600000000001,16013
2016-01-28 12:00:00,71.14,71.21,70.88,70.91,12663
2016-01-28 12:15:00,70.86,71.18,70.855,71.06,10808
2016-01-28 12:30:00,71.09,71.53,71.05,71.47,11462
2016-01-28 12:45:00,71.59,72.104,71.58,72.075,23622
2016-01-28 13:00:00,72.05,72.11,71.93,72.11,16645
2016-01-28 13:15:00,72.09,72.3388,72.01,72.33,20516
2016-01-28 13:30:00,72.28,72.32,71.8508,72.2,37200
2016-01-28 13:45:00,72.19,72.59,72.18,72.57,39176
2016-01-28 14:00:00,72.58,72.6,72.1,72.17,20643
2016-01-28 14:15:00,72.15,72.58,72.12,72.47,18345
2016-01-28 14:30:00,72.46,72.49,72.25,72.47,18089
2016-01-28 14:45:00,72.46,72.53,72.1646,72.2,18700
2016-01-28 15:00:00,72.21,72.2425,71.98,72.1,16273
2016-01-28 15:15:00,72.1,72.58,72.08,72.47,39106
2016-01-28 15:30:00,72.49,72.64,72.4,72.4,32176
2016-01-28 15:45:00,72.4,72.65,72.3,72.3,35472
2016-01-28 16:00:00,72.32,72.43,72.245,72.35,103765
2016-01-29 09:45:00,72.34,72.69,71.7,72.11,29328
2016-01-29 10:00:00,72.07,72.76,71.97,72.67,24381
2016-01-29 10:15:00,72.66,72.96,72.61,72.75,17416
2016-01-29 10:30:00,72.82,73.125,72.75,72.78,16340
2016-01-29 10:45:00,72.75,73.28,72.58,73.11,17382
2016-01-29 11:00:00,73.16,73.5,73.155,73.39,34301
2016-01-29 11:15:00,73.5,73.94,73.46,73.72,31410
2016-01-29 11:30:00,73.69,73.69,73.35,73.56,27133
2016-01-29 11:45:00,73.53,73.76,73.37,73.59,21777
2016-01-29 12:00:00,73.575,73.73,73.45,73.65,39829
2016-01-29 12:15:00,73.63,73.63,73.46,73.57,21073
2016-01-29 12:30:00,73.6,73.69,73.55,73.65,25892
2016-01-29 12:45:00,73.66,73.68,73.54,73.57,16496
2016-01-29 13:00:00,73.57,73.58,73.28,73.35,17473
2016-01-29 13:15:00,73.34,73.435,73.24,73.435,15712
2016-01-29 13:30:00,73.43,73.51,73.22,73.22,15564
2016-01-29 13:45:00,73.22,73.64,73.14,73.6204,26877
2016-01-29 14:00:00,73.63,73.69,73.48,73.59,23231
2016-01-29 14:15:00,73.57,73.62,73.42,73.54,28272
2016-01-29 14:30:00,73.5838,73.84,73.58,73.83,24967
2016-01-29 14:45:00,73.84,73.92,73.67,73.78,32693
2016-01-29 15:00:00,73.77,73.92,73.7,73.71,52536
2016-01-29 15:15:00,73.76,74.09,73.61,74.09,50624
2016-01-29 15:30:00,74.09,74.25,73.9636,74.23,58303
2016-01-29 15:45:00,74.225,74.225,74.04,74.11,68285
2016-01-29 16:00:00,74.12,74.32,74.11,74.27,151017
2016-02-01 09:45:00,73.98,74.19,73.06,73.22,44124
2016-02-01 10:00:00,73.31,73.31,72.68,73.05,32085
2016-02-01 10:15:00,73.07,73.59,72.84,73.4171,35336
2016-02-01 10:30:00,73.43,73.49,73.275,73.36,43717
2016-02-01 10:45:00,73.31,73.42,73.07,73.25,63354
2016-02-01 11:00:00,73.27,73.28,73.0,73.07,36869
2016-02-01 11:15:00,73.09,73.1299,72.86,72.94,29691
2016-02-01 11:30:00,72.95,73.0399,72.539,72.66,48402
2016-02-01 11:45:00,72.69,73.05,72.56,73.03,49196
2016-02-01 12:00:00,73.02,73.038,72.63,72.71,29772
2016-02-01 12:15:00,72.79,73.03,72.79,72.93,28473
2016-02-01 12:30:00,72.96,73.04,72.84,72.84,40904
2016-02-01 12:45:00,72.85,72.86,72.75,72.82,25161
2016-02-01 13:00:00,72.81,72.9,72.75,72.9,25304
2016-02-01 13:15:00,72.89,73.06,72.85,72.98,99457
2016-02-01 13:30:00,73.02,73.09,72.93,73.0525,70377
2016-02-01 13:45:00,73.05,73.26,73.04,73.16,71295
2016-02-01 14:00:00,73.15,73.3,73.14,73.169,70183
2016-02-01 14:15:00,73.17,73.2299,73.03,73.0817,67439
2016-02-01 14:30:00,73.07,73.36,73.06,73.25,58815
2016-02-01 14:45:00,73.28,73.53,73.19,73.46,96356
2016-02-01 15:00:00,73.476,73.49,73.22,73.49,54771
2016-02-01 15:15:00,73.5,73.71,73.43,73.71,52538
2016-02-01 15:30:00,73.7,73.81,73.655,73.71,68276
2016-02-01 15:45:00,73.71,74.15,73.7,74.11,146292
2016-02-01 16:00:00,74.1,74.105,73.73,73.77,260527
2016-02-02 09:45:00,74.09,74.7,73.45,74.05,90175
2016-02-02 10:00:00,74.07,74.69,74.01,74.52,62950
2016-02-02 10:15:00,74.58,75.1,74.5,74.92,122823
2016-02-02 10:30:00,74.81,75.04,74.71,74.91,43594
2016-02-02 10:45:00,74.94,75.675,74.93,75.62,58813
2016-02-02 11:00:00,75.62,75.96,75.42,75.55,71474
2016-02-02 11:15:00,75.545,75.69,75.21,75.69,51394
2016-02-02 11:30:00,75.6808,75.84,75.005,75.015,64620
2016-02-02 11:45:00,74.97,75.32,74.72,74.77,78137
2016-02-02 12:00:00,74.79,75.06,74.61,74.756,78573
2016-02-02 12:15:00,74.73,74.82,74.49,74.81,29045
2016-02-02 12:30:00,74.8,74.82,74.23,74.64,136795
2016-02-02 12:45:00,74.64,74.77,74.42,74.72,74548
2016-02-02 13:00:00,74.71,74.91,74.41,74.6466,48896
2016-02-02 13:15:00,74.68,75.0,74.55,74.71,55478
2016-02-02 13:30:00,74.71,75.61,74.7,75.475,48639
2016-02-02 13:45:00,75.47,75.47,74.1,74.95,74414
2016-02-02 14:00:00,74.99,75.3,74.33,74.9201,96737
2016-02-02 14:15:00,74.91,75.17,74.52,74.54,128900
2016-02-02 14:30:00,74.49,75.12,74.41,74.86,140199
2016-02-02 14:45:00,74.8246,75.51,74.64,75.29,68604
2016-02-02 15:00:00,75.26,75.26,74.87,74.99,81899
2016-02-02 15:15:00,75.0,75.04,74.68,74.78,137140
2016-02-02 15:30:00,74.81,75.03,74.765,74.96,136618
2016-02-02 15:45:00,74.99,75.01,74.57,74.57,121695
2016-02-02 16:00:00,74.6,74.62,74.34,74.34,311992
2016-02-03 09:45:00,74.75,74.99,74.63,74.99,109533
2016-02-03 10:00:00,74.99,75.19,74.69,74.71,83896
2016-02-03 10:15:00,74.7,74.86,74.3,74.385,84301
2016-02-03 10:30:00,74.38,74.65,74.3301,74.46,27947
2016-02-03 10:45:00,74.4,74.68,74.29,74.56,176990
2016-02-03 11:00:00,74.56,75.0,74.55,74.905,51789
2016-02-03 11:15:00,74.89,75.21,74.33,74.46,87669
2016-02-03 11:30:00,74.5,75.22,74.45,75.17,42314
2016-02-03 11:45:00,75.21,76.2,75.08,75.82,89788
2016-02-03 12:00:00,75.82,75.91,75.4,75.83,82803
2016-02-03 12:15:00,75.79,76.01,75.41,75.51,40422
2016-02-03 12:30:00,75.4507,75.6,75.37,75.53,20865
2016-02-03 12:45:00,75.5,75.55,75.11,75.11,65587
2016-02-03 13:00:00,75.13,75.78,75.1,75.78,37718
2016-02-03 13:15:00,75.81,75.86,75.4,75.6,46830
2016-02-03 13:30:00,75.58,75.69,75.42,75.56,41662
2016-02-03 13:45:00,75.58,75.58,74.97,75.21,41313
2016-02-03 14:00:00,75.23,75.32,74.96,74.99,37881
2016-02-03 14:15:00,75.02,75.07,74.885,74.95,70124
2016-02-03 14:30:00,74.955,75.4299,74.85,75.24,107323
2016-02-03 14:45:00,75.28,75.35,74.845,75.02,87444
2016-02-03 15:00:00,75.05,75.27,74.76,75.06,134822
2016-02-03 15:15:00,75.075,75.22,74.94,75.03,60362
2016-02-03 15:30:00,75.01,75.13,74.94,75.02,57021
2016-02-03 15:45:00,74.96,75.12,74.8,75.07,72699
2016-02-03 16:00:00,75.08,75.19,74.91,74.99,206240
2016-02-04 09:45:00,74.58,74.96,74.32,74.6,37938
2016-02-04 10:00:00,74.65,75.14,74.5,74.72,19824
2016-02-04 10:15:00,74.78,75.27,74.41,75.02,66629
2016-02-04 10:30:00,75.03,75.07,74.82,74.9,66022
2016-02-04 10:45:00,74.9,75.04,74.83,74.89,57611
2016-02-04 11:00:00,74.87,75.0,74.86,74.94,34580
2016-02-04 11:15:00,74.93,74.93,74.7,74.74,20938
2016-02-04 11:30:00,74.74,74.75,74.53,74.5688,20976
2016-02-04 11:45:00,74.52,74.6,74.33,74.49,19033
2016-02-04 12:00:00,74.46,74.51,73.86,73.86,53517
2016-02-04 12:15:00,73.92,74.34,73.91,74.28,25729
2016-02-04 12:30:00,74.3,74.44,74.0,74.1,19668
2016-02-04 12:45:00,74.1,78.45,73.91,76.39,1166347
2016-02-04 13:00:00,76.49,76.57,75.2,76.42,561494
2016-02-04 13:15:00,76.375,76.46,75.68,76.24,237703
2016-02-04 13:30:00,76.19,76.49,75.96,76.12,211648
2016-02-04 13:45:00,76.07,76.24,75.93,76.08,149078
2016-02-04 14:00:00,76.08,76.2,75.52,76.12,294124
2016-02-04 14:15:00,76.11,76.1925,75.48,76.055,110832
2016-02-04 14:30:00,76.08,76.25,75.73,75.88,74447
2016-02-04 14:45:00,75.845,76.105,75.7405,75.891,79472
2016-02-04 15:00:00,75.9089,76.1475,75.81,76.13,92160
2016-02-04 15:15:00,76.09,76.14,75.8374,76.1,108666
2016-02-04 15:30:00,76.09,76.11,75.77,75.87,168222
2016-02-04 15:45:00,75.88,76.05,75.79,75.99,138488
2016-02-04 16:00:00,76.02,76.18,75.88,75.9,303229
2016-02-05 09:45:00,75.9,76.89,74.0,75.105,220586
2016-02-05 10:00:00,75.12,75.26,74.69,74.98,43802
2016-02-05 10:15:00,74.93,75.26,74.86,74.99,61226
2016-02-05 10:30:00,74.97,75.19,74.93,75.07,95815
2016-02-05 10:45:00,75.11,75.15,74.92,74.96,73369
2016-02-05 11:00:00,74.91,75.05,74.6,74.68,53025
2016-02-05 11:15:00,74.7,74.8,74.37,74.55,26484
2016-02-05 11:30:00,74.55,74.91,74.53,74.9007,30896
2016-02-05 11:45:00,74.94,75.01,74.56,74.56,46787
2016-02-05 12:00:00,74.54,74.98,74.54,74.9328,43498
2016-02-05 12:15:00,74.97,75.04,74.71,74.95,33035
2016-02-05 12:30:00,74.95,75.05,74.87,75.0,77719
2016-02-05 12:45:00,74.98,75.04,74.83,74.97,25769
2016-02-05 13:00:00,74.96,75.06,74.67,74.89,56711
2016-02-05 13:15:00,74.92,75.02,74.57,74.58,45322
2016-02-05 13:30:00,74.58,74.74,74.35,74.51,30925
2016-02-05 13:45:00,74.51,74.98,74.47,74.97,49513
2016-02-05 14:00:00,74.99,75.01,74.76,74.93,61828
2016-02-05 14:15:00,74.93,74.99,74.77,74.88,41599
2016-02-05 14:30:00,74.88,74.955,74.71,74.87,48592
2016-02-05 14:45:00,74.88,74.985,74.58,74.6,73231
2016-02-05 15:00:00,74.6,74.84,74.6,74.76,38609
2016-02-05 15:15:00,74.74,74.8,74.58,74.75,54106
2016-02-05 15:30:00,74.74,74.895,74.68,74.72,78672
2016-02-05 15:45:00,74.74,74.84,74.63,74.84,94471
2016-02-05 16:00:00,74.84,74.87,73.94,74.1,433862
2016-02-08 09:45:00,74.36,75.87,72.32,74.8234,631519
2016-02-08 10:00:00,74.94,75.61,74.73,75.33,455092
2016-02-08 10:15:00,75.29,75.47,74.82600000000001,75.18,150846
2016-02-08 10:30:00,75.17,75.38,74.87,75.09,126845
2016-02-08 10:45:00,75.05,75.25,74.9,75.19,145571
2016-02-08 11:00:00,75.2,75.25,75.0,75.19,67855
2016-02-08 11:15:00,75.2,75.24,75.01,75.04,111943
2016-02-08 11:30:00,75.04,75.2,74.97,75.07,62954
2016-02-08 11:45:00,75.07,75.13,74.76,75.0,215565
2016-02-08 12:00:00,75.01,75.1,74.869,75.1,44314
2016-02-08 12:15:00,75.1,75.2,75.02,75.09,51412
2016-02-08 12:30:00,75.13,75.19,75.02,75.14,36460
2016-02-08 12:45:00,75.1201,75.25,75.05,75.15,41247
2016-02-08 13:00:00,75.19,75.3,75.03,75.14,52692
2016-02-08 13:15:00,75.16,75.25,75.02,75.2,43995
2016-02-08 13:30:00,75.195,75.2,74.93,75.08,35068
2016-02-08 13:45:00,75.04,75.16,74.97,74.97,28399
2016-02-08 14:00:00,74.98,74.99,74.76,74.77,28027
2016-02-08 14:15:00,74.81,74.98,74.74,74.92,88484
2016-02-08 14:30:00,74.92,75.1,74.29,74.31,55194
2016-02-08 14:45:00,74.35,74.36,73.8875,74.19,68784
2016-02-08 15:00:00,74.23,74.23,73.75,73.75,57287
2016-02-08 15:15:00,73.78,74.29,73.7,74.28,66012
2016-02-08 15:30:00,74.3,75.01,74.24,75.0,87221
2016-02-08 15:45:00,74.98,75.38,74.98,75.35,159669
2016-02-08 16:00:00,75.35,75.5,74.85,75.11,541441
2016-02-09 09:45:00,74.02,74.96,74.02,74.5,103765
2016-02-09 10:00:00,74.515,75.28,74.08,74.24,140322
2016-02-09 10:15:00,74.24,74.445,73.907,74.28,141554
2016-02-09 10:30:00,74.28,74.28,73.1,73.12,84581
2016-02-09 10:45:00,73.16,73.29,72.72,72.72,71435
2016-02-09 11:00:00,72.75,72.79,72.54,72.71,79962
2016-02-09 11:15:00,72.71,72.83,72.39,72.57,88166
2016-02-09 11:30:00,72.56,72.76,72.27,72.66,70108
2016-02-09 11:45:00,72.72,72.97,72.637,72.945,41680
2016-02-09 12:00:00,72.95,72.95,72.39,72.41,33956
2016-02-09 12:15:00,72.44,72.85,72.39,72.83,45440
2016-02-09 12:30:00,72.84,72.95,72.06,72.19,56769
2016-02-09 12:45:00,72.19,72.57,72.16,72.385,26055
2016-02-09 13:00:00,72.34,72.39,72.04,72.12,28651
2016-02-09 13:15:00,72.12,72.24,71.46,71.5,39060
2016-02-09 13:30:00,71.52,71.85,71.41,71.47,33082
2016-02-09 13:45:00,71.49,71.6,70.94,71.29,70794
2016-02-09 14:00:00,71.28,71.72,71.19,71.47,44985
2016-02-09 14:15:00,71.485,72.0,71.48,71.8,62163
2016-02-09 14:30:00,71.8,71.82,71.56,71.56,54327
2016-02-09 14:45:00,71.59,72.05,71.52,72.03,59436
2016-02-09 15:00:00,72.03,72.04,71.65,71.73899999999999,54653
2016-02-09 15:15:00,71.75,72.08,71.73,71.804,66506
2016-02-09 15:30:00,71.75,72.11,71.73,71.9,78717
2016-02-09 15:45:00,71.88,72.18,71.745,71.96,98451
2016-02-09 16:00:00,71.94,72.04,71.83,71.94,227161
2016-02-10 09:45:00,72.26,72.65,71.95,72.09,30835
2016-02-10 10:00:00,72.09,72.665,72.0301,72.29,24275
2016-02-10 10:15:00,72.31,72.35,71.95,72.18,36292
2016-02-10 10:30:00,72.22,72.5,72.06,72.3,72284
2016-02-10 10:45:00,72.37,72.42,72.18,72.22,44724
2016-02-10 11:00:00,72.2247,72.24,71.94,72.04,45389
2016-02-10 11:15:00,72.045,72.5,71.99,72.1,40623
2016-02-10 11:30:00,72.06,72.33,71.96,72.17,21229
2016-02-10 11:45:00,72.16,72.23,71.845,72.06,20075
2016-02-10 12:00:00,72.05,72.09,71.58,71.92,62737
2016-02-10 12:15:00,71.95,72.24,71.93,72.17,47449
2016-02-10 12:30:00,72.16,72.26,72.11,72.15,35419
2016-02-10 12:45:00,72.18,72.23,72.08,72.19,29043
2016-02-10 13:00:00,72.16,72.22,72.08,72.18,34141
2016-02-10 13:15:00,72.17,72.25,72.05,72.15,24519
2016-02-10 13:30:00,72.1648,72.31,72.14,72.16,16206
2016-02-10 13:45:00,72.2,72.2975,72.06,72.2975,14828
2016-02-10 14:00:00,72.29,72.29,72.15,72.23,21085
2016-02-10 14:15:00,72.27,72.29,72.2,72.24,27529
2016-02-10 14:30:00,72.25,72.29,72.14,72.18,29956
2016-02-10 14:45:00,72.18,72.29,72.07,72.12,24385
2016-02-10 15:00:00,72.09,72.16,72.0314,72.05,24547
2016-02-10 15:15:00,72.05,72.25,72.05,72.06,34517
2016-02-10 15:30:00,72.06,72.1,71.87,71.98,88123
2016-02-10 15:45:00,71.96,72.21,71.67,71.85,91725
2016-02-10 16:00:00,71.85,72.26,71.83,72.15,331481
2016-02-11 09:45:00,69.81,70.32,68.915,70.32,98407
2016-02-11 10:00:00,70.24,70.5,70.01,70.26,211050
2016-02-11 10:15:00,70.22,70.44,70.03,70.44,49932
2016-02-11 10:30:00,70.42,70.8,70.35,70.55,34534
2016-02-11 10:45:00,70.53,70.57,70.14,70.4,29097
2016-02-11 11:00:00,70.4,70.89,70.32,70.35,29845
2016-02-11 11:15:00,70.36,70.415,69.79,69.79,38178
2016-02-11 11:30:00,69.79,70.315,69.79,70.18,17006
2016-02-11 11:45:00,70.2,70.21,69.98,70.05,16089
2016-02-11 12:00:00,70.06,70.2,69.86,70.19,17883
2016-02-11 12:15:00,70.2,70.28,70.07,70.09,28044
2016-02-11 12:30:00,70.07,70.26,69.955,70.04,27897
2016-02-11 12:45:00,70.06,70.12,69.93,69.97,11493
2016-02-11 13:00:00,69.97,70.16,69.76,70.16,22898
2016-02-11 13:15:00,70.18,70.25,69.95,70.10600000000001,15848
2016-02-11 13:30:00,70.08,70.175,69.89,69.95,13256
2016-02-11 13:45:00,69.93,70.18,69.84,69.95,9421
2016-02-11 14:00:00,69.9,69.96,69.69,69.86,18275
2016-02-11 14:15:00,69.8175,70.105,69.8175,69.9,11775
2016-02-11 14:30:00,69.89,69.89,69.56,69.6501,31444
2016-02-11 14:45:00,69.6756,69.83,69.4001,69.74,36104
2016-02-11 15:00:00,69.7,70.09,69.64,69.71,58649
2016-02-11 15:15:00,69.7139,69.74,69.43,69.63,37356
2016-02-11 15:30:00,69.71,69.71,69.51,69.59,44993
2016-02-11 15:45:00,69.625,69.97,69.52,69.93,113979
2016-02-11 16:00:00,69.93,70.09,69.48,69.56,319560
2016-02-12 09:45:00,70.0,70.445,68.75,68.9,58807
2016-02-12 10:00:00,68.86,69.21,68.66,68.9501,69901
2016-02-12 10:15:00,69.03,69.12,68.6,68.77,42843
2016-02-12 10:30:00,68.75,69.16,68.67,69.11,105620
2016-02-12 10:45:00,69.11,69.3,69.03,69.03,266745
2016-02-12 11:00:00,69.04,69.17,68.92,69.01,66386
2016-02-12 11:15:00,69.04,69.25,68.96,69.23,56680
2016-02-12 11:30:00,69.23,69.31,69.18,69.18,77003
2016-02-12 11:45:00,69.18,69.4675,69.18,69.3,44749
2016-02-12 12:00:00,69.3,69.32,69.15,69.18,55391
2016-02-12 12:15:00,69.18,69.18,68.91,68.97,28201
2016-02-12 12:30:00,68.97,69.05,68.95,68.97,17828
2016-02-12 12:45:00,68.98,69.06,68.921,69.045,16823
2016-02-12 13:00:00,69.05,69.05,68.95,68.95,23260
2016-02-12 13:15:00,68.98,69.05,68.88,69.0,25694
2016-02-12 13:30:00,69.0,69.06,68.9,69.06,98395
2016-02-12 13:45:00,69.075,69.31,69.07,69.25,72354
2016-02-12 14:00:00,69.26,69.285,69.085,69.26,135264
2016-02-12 14:15:00,69.26,69.39,69.24,69.335,77614
2016-02-12 14:30:00,69.34,69.72,69.335,69.72,169143
2016-02-12 14:45:00,69.76,69.89,69.55,69.8,118462
2016-02-12 15:00:00,69.8,69.94,69.76,69.79,98424
2016-02-12 15:15:00,69.8,69.85,69.76,69.85,94636
2016-02-12 15:30:00,69.85,69.89,69.61,69.78,112499
2016-02-12 15:45:00,69.77,70.07,69.74,70.07,108442
2016-02-12 16:00:00,70.065,70.2,70.01,70.07,176981
2016-02-16 09:45:00,70.8,71.07,70.68,71.0,39627
2016-02-16 10:00:00,70.98,71.07,70.75,70.89,18191
2016-02-16 10:15:00,70.91,70.91,70.56,70.62,26669
2016-02-16 10:30:00,70.59,71.07,70.49,71.02,54394
2016-02-16 10:45:00,71.0,71.29,70.94,71.245,34679
2016-02-16 11:00:00,71.26,71.43,70.74,70.74,46770
2016-02-16 11:15:00,70.72,70.88,70.5,70.56,81945
2016-02-16 11:30:00,70.565,70.725,70.52,70.725,29605
2016-02-16 11:45:00,70.72,71.12,70.67,71.07,25660
2016-02-16 12:00:00,71.065,71.13,70.87,70.9875,14750
2016-02-16 12:15:00,71.08,71.14,70.92,71.08,21391
2016-02-16 12:30:00,71.09,71.15,70.9,70.96,26711
2016-02-16 12:45:00,70.98,71.01,70.76,70.91,26116
2016-02-16 13:00:00,70.91,71.1,70.895,71.06,47555
2016-02-16 13:15:00,71.08,71.14,71.01,71.11,18855
2016-02-16 13:30:00,71.13,71.24,70.99,71.02,22651
2016-02-16 13:45:00,71.04,71.09,70.97,71.03,11297
2016-02-16 14:00:00,71.02,71.07,70.94,71.0,24506
2016-02-16 14:15:00,71.02,71.19,70.96,71.135,28777
2016-02-16 14:30:00,71.13,71.29,70.99,71.28,56165
2016-02-16 14:45:00,71.28,71.37,71.05,71.1,38290
2016-02-16 15:00:00,71.1,71.115,70.967,71.01,30285
2016-02-16 15:15:00,71.02,71.117,70.95,71.0,36814
2016-02-16 15:30:00,71.01,71.16,71.0,71.14,38356
2016-02-16 15:45:00,71.15,71.15,70.945,70.99,56413
2016-02-16 16:00:00,70.99,71.13,70.95,71.03,231011
2016-02-17 09:45:00,71.97,72.39,71.22,71.69,68354
2016-02-17 10:00:00,71.715,72.05,71.57,72.02,28041
2016-02-17 10:15:00,72.0175,72.7,71.88,72.18,76943
2016-02-17 10:30:00,72.21,72.23,71.99,72.17,49722
2016-02-17 10:45:00,72.18,72.2,71.74,71.97,32501
2016-02-17 11:00:00,71.96,72.18,71.8,72.15,50749
2016-02-17 11:15:00,72.14,72.44,71.92,71.98,47867
2016-02-17 11:30:00,71.97,72.32,71.97,71.98,38665
2016-02-17 11:45:00,71.98,72.24,71.93,72.17,42845
2016-02-17 12:00:00,72.16,72.3,72.01,72.3,42398
2016-02-17 12:15:00,72.31,72.34,72.19,72.26,52581
2016-02-17 12:30:00,72.26,72.28,72.07,72.145,20307
2016-02-17 12:45:00,72.15,72.28,72.15,72.26,25076
2016-02-17 13:00:00,72.27,72.39,72.15,72.32,22729
2016-02-17 13:15:00,72.32,72.38,72.18,72.28,27568
2016-02-17 13:30:00,72.28,72.47,72.27,72.37,20225
2016-02-17 13:45:00,72.36,72.38,72.21,72.33,20284
2016-02-17 14:00:00,72.33,72.41,72.31,72.36,22389
2016-02-17 14:15:00,72.32,72.42,72.1,72.11,48420
2016-02-17 14:30:00,72.105,72.37,72.105,72.15,34554
2016-02-17 14:45:00,72.12,72.29,72.0601,72.28,17623
2016-02-17 15:00:00,72.29,72.36,72.0,72.03,22839
2016-02-17 15:15:00,72.04,72.14,72.02,72.12,39636
2016-02-17 15:30:00,72.14,72.37,72.01,72.19,47112
2016-02-17 15:45:00,72.19,72.19,71.96,71.97,112908
2016-02-17 16:00:00,71.98,72.1,71.91,72.02,230142
2016-02-18 09:45:00,72.17,72.66,71.84,72.23,63532
2016-02-18 10:00:00,72.3,72.63,72.15,72.59,56586
2016-02-18 10:15:00,72.58,72.61,72.04,72.32,66469
2016-02-18 10:30:00,72.36,72.69,72.35,72.57,54809
2016-02-18 10:45:00,72.57,72.6099,72.3595,72.45,30218
2016-02-18 11:00:00,72.47,72.55,72.4,72.46,43067
2016-02-18 11:15:00,72.44,72.54,72.16,72.51,45636
2016-02-18 11:30:00,72.525,72.54,72.42,72.485,26825
2016-02-18 11:45:00,72.49,72.88,72.45,72.86,28541
2016-02-18 12:00:00,72.87,73.08,72.81,73.08,30137
2016-02-18 12:15:00,73.09,73.09,72.83,72.83,20379
2016-02-18 12:30:00,72.835,72.88,72.71,72.72,34951
2016-02-18 12:45:00,72.73,72.78,72.645,72.7,16674
2016-02-18 13:00:00,72.68,72.89,72.66,72.88,13602
2016-02-18 13:15:00,72.86,72.92,72.7731,72.79,29123
2016-02-18 13:30:00,72.78,72.79,72.65,72.77,29957
2016-02-18 13:45:00,72.72,72.75,72.47,72.5,28220
2016-02-18 14:00:00,72.51,72.6,72.42,72.6,22643
2016-02-18 14:15:00,72.6,72.67,72.5,72.5,29089
2016-02-18 14:30:00,72.49,72.68,72.49,72.67,47654
2016-02-18 14:45:00,72.66,72.83,72.63,72.72,57062
2016-02-18 15:00:00,72.71,72.82,72.68,72.785,49948
2016-02-18 15:15:00,72.79,72.82,72.49,72.5,68400
2016-02-18 15:30:00,72.5,72.58,72.33,72.405,86399
2016-02-18 15:45:00,72.4,72.405,72.19,72.19,99370
2016-02-18 16:00:00,72.2,72.32,72.17,72.27,167142
2016-02-19 09:45:00,72.19,72.285,71.2,71.715,72570
2016-02-19 10:00:00,71.81,72.03,71.67,71.98,14905
2016-02-19 10:15:00,71.94,72.05,71.74,72.02,40749
2016-02-19 10:30:00,71.984,72.28,71.94,72.15,47493
2016-02-19 10:45:00,72.175,72.23,72.01,72.01,35105
2016-02-19 11:00:00,72.04,72.13,71.83,71.84,27338
2016-02-19 11:15:00,71.84,71.97,71.77,71.7975,27244
2016-02-19 11:30:00,71.77,72.145,71.75,72.12,21773
2016-02-19 11:45:00,72.12,72.165,71.987,72.0996,29295
2016-02-19 12:00:00,72.06,72.06,71.87,71.94,29128
2016-02-19 12:15:00,71.96,71.99,71.83,71.9,20656
2016-02-19 12:30:00,71.9109,72.03,71.88,72.0,18424
2016-02-19 12:45:00,72.01,72.03,71.89,71.96,23183
2016-02-19 13:00:00,71.96,71.985,71.76,71.8325,37304
2016-02-19 13:15:00,71.835,71.88,71.69,71.74,38803
2016-02-19 13:30:00,71.77,71.96,71.76,71.93,11811
2016-02-19 13:45:00,71.92,72.005,71.87,71.87,16429
2016-02-19 14:00:00,71.86,71.97,71.77,71.97,28848
2016-02-19 14:15:00,71.97,72.02,71.93,71.93,35050
2016-02-19 14:30:00,71.92,71.93,71.81,71.85,27453
2016-02-19 14:45:00,71.84,71.86,71.52,71.5815,25076
2016-02-19 15:00:00,71.5972,71.66,71.5,71.53,24746
2016-02-19 15:15:00,71.52,71.72,71.5,71.705,30751
2016-02-19 15:30:00,71.71,71.79,71.66,71.74,36790
2016-02-19 15:45:00,71.7489,72.0,71.72,71.98,47064
2016-02-19 16:00:00,71.97,72.15,71.91,72.07,150490
2016-02-22 09:45:00,73.31,73.31,72.5,72.83,39299
2016-02-22 10:00:00,72.99,73.58800000000001,72.78,73.58800000000001,22268
2016-02-22 10:15:00,73.57,73.66,73.38,73.415,16809
2016-02-22 10:30:00,73.45,74.01,73.34,73.94,16747
2016-02-22 10:45:00,73.93,74.13,73.76,73.8001,23505
2016-02-22 11:00:00,73.88,73.97,73.54,73.75,56314
2016-02-22 11:15:00,73.75,73.94,73.74,73.92,22258
2016-02-22 11:30:00,73.92,74.3,73.91,74.21,19102
2016-02-22 11:45:00,74.25,74.42,74.09,74.42,20243
2016-02-22 12:00:00,74.38,74.41,74.1152,74.3,17325
2016-02-22 12:15:00,74.35,74.41,74.23,74.37,14413
2016-02-22 12:30:00,74.345,74.45,74.17,74.2,22209
2016-02-22 12:45:00,74.2,74.49,74.2,74.45,25231
2016-02-22 13:00:00,74.42,74.42,74.285,74.3,21869
2016-02-22 13:15:00,74.31,74.36,74.26,74.3525,21666
2016-02-22 13:30:00,74.35,74.37,74.23,74.332,17488
2016-02-22 13:45:00,74.325,74.36,74.29,74.34,21993
2016-02-22 14:00:00,74.35,74.49,74.34,74.45,30003
2016-02-22 14:15:00,74.46,74.51,74.24,74.34,20083
2016-02-22 14:30:00,74.33,74.36,74.2,74.26,32332
2016-02-22 14:45:00,74.27,74.3425,74.22,74.31,30782
2016-02-22 15:00:00,74.32,74.34,74.25,74.33,35289
2016-02-22 15:15:00,74.32,74.32,74.1969,74.21,19560
2016-02-22 15:30:00,74.2399,74.36,74.18,74.32,27978
2016-02-22 15:45:00,74.31,74.445,74.31,74.43,25919
2016-02-22 16:00:00,74.45,74.58,74.43,74.56,163795
2016-02-23 09:45:00,74.1,74.36,73.98,74.21,53323
2016-02-23 10:00:00,74.31,74.47,74.18,74.3,45644
2016-02-23 10:15:00,74.31,74.46,74.27,74.27,25871
2016-02-23 10:30:00,74.28,74.5,74.28,74.45,26642
2016-02-23 10:45:00,74.45,74.54,74.42,74.42,28925
2016-02-23 11:00:00,74.41,74.535,74.34,74.4964,18331
2016-02-23 11:15:00,74.49,74.57,74.46,74.48,20731
2016-02-23 11:30:00,74.5,74.56,74.45,74.495,19870
2016-02-23 11:45:00,74.5,74.7,74.46,74.7,29663
2016-02-23 12:00:00,74.7,74.74,74.5328,74.65,35699
2016-02-23 12:15:00,74.66,74.66,74.42,74.44,35974
2016-02-23 12:30:00,74.45,74.59,74.41,74.59,17746
2016-02-23 12:45:00,74.61,74.72,74.5787,74.67,11396
2016-02-23 13:00:00,74.63,74.72,74.60600000000001,74.705,9214
2016-02-23 13:15:00,74.72,74.81,74.69,74.79,19656
2016-02-23 13:30:00,74.7601,74.8,74.737,74.77600000000001,7497
2016-02-23 13:45:00,74.8,74.83,74.7101,74.79,23712
2016-02-23 14:00:00,74.76,74.85,74.61,74.65,36706
2016-02-23 14:15:00,74.63,74.78,74.595,74.78,34708
2016-02-23 14:30:00,74.77,74.79,74.56,74.56,23949
2016-02-23 14:45:00,74.58,74.59,74.52,74.555,39496
2016-02-23 15:00:00,74.56,74.59,74.53,74.54,23375
2016-02-23 15:15:00,74.55,74.55,74.33,74.4995,33941
2016-02-23 15:30:00,74.4901,74.55,74.47,74.51,32329
2016-02-23 15:45:00,74.5,74.58,74.48100000000001,74.48100000000001,42000
2016-02-23 16:00:00,74.51,74.56,74.47,74.5,125796
2016-02-24 09:45:00,73.78,74.39,73.5,74.32,19065
2016-02-24 10:00:00,74.2682,74.32,73.73,73.95,44339
2016-02-24 10:15:00,73.95,74.19,73.78,74.1,15670
2016-02-24 10:30:00,74.16,74.16,73.85,73.94800000000001,20082
2016-02-24 10:45:00,73.99,74.4,73.72,74.35,28389
2016-02-24 11:00:00,74.42,74.75,74.35,74.71,24825
2016-02-24 11:15:00,74.74,74.92,74.67,74.92,28128
2016-02-24 11:30:00,74.9001,75.02,74.765,74.98,26219
2016-02-24 11:45:00,74.99,75.05,74.82,75.05,26218
2016-02-24 12:00:00,75.04,75.32,74.98,75.3,17344
2016-02-24 12:15:00,75.3,75.35,75.0,75.035,14247
2016-02-24 12:30:00,75.02,75.09,74.93,74.97,27234
2016-02-24 12:45:00,74.975,74.975,74.77,74.81,21165
2016-02-24 13:00:00,74.77,75.04,74.77,75.01,17735
2016-02-24 13:15:00,75.01,75.12,74.95,74.98,14956
2016-02-24 13:30:00,74.98,75.02,74.66,74.68,14926
2016-02-24 13:45:00,74.7,74.74,74.6,74.69,20672
2016-02-24 14:00:00,74.64,74.83,74.59,74.75,30294
2016-02-24 14:15:00,74.735,74.97,74.67,74.96,20644
2016-02-24 14:30:00,74.97,75.32,74.85,75.32,36888
2016-02-24 14:45:00,75.3,75.33,75.05,75.1719,23444
2016-02-24 15:00:00,75.16,75.23,75.07,75.11,12470
2016-02-24 15:15:00,75.15,75.63,75.13,75.62,22037
2016-02-24 15:30:00,75.64,75.65,75.41,75.51,55035
2016-02-24 15:45:00,75.51,75.77,75.51,75.56,50276
2016-02-24 16:00:00,75.55,75.82,75.515,75.76,142873
2016-02-25 09:45:00,75.68,76.02,74.66,74.66,97397
2016-02-25 10:00:00,74.73,75.42,74.69,75.39,14482
2016-02-25 10:15:00,75.3999,75.46,75.19,75.27,31289
2016-02-25 10:30:00,75.27,75.75,75.18,75.68,17408
2016-02-25 10:45:00,75.69,75.69,75.48,75.59,20645
2016-02-25 11:00:00,75.59,75.6,75.4701,75.5,22305
2016-02-25 11:15:00,75.51,75.63,75.485,75.59,20457
2016-02-25 11:30:00,75.59,75.83,75.59,75.7,19108
2016-02-25 11:45:00,75.71,75.8,75.565,75.57,14194
2016-02-25 12:00:00,75.56,75.83,75.54,75.83,10299
2016-02-25 12:15:00,75.8,75.92,75.79,75.855,14900
2016-02-25 12:30:00,75.84,75.86,75.71,75.715,14590
2016-02-25 12:45:00,75.7,75.7,75.41,75.41,12982
2016-02-25 13:00:00,75.38,75.51,75.3,75.46,16961
2016-02-25 13:15:00,75.44,75.58,75.41,75.55,12527
2016-02-25 13:30:00,75.56,75.62,75.34,75.41,22293
2016-02-25 13:45:00,75.4,75.6,75.4,75.57,14631
2016-02-25 14:00:00,75.58,75.66,75.51899999999999,75.66,13702
2016-02-25 14:15:00,75.65,75.77,75.63,75.75,41956
2016-02-25 14:30:00,75.75,75.855,75.75,75.84,26723
2016-02-25 14:45:00,75.85,75.85,75.71,75.83,14104
2016-02-25 15:00:00,75.84,75.85,75.64,75.69,27396
2016-02-25 15:15:00,75.74,75.91,75.6905,75.9,22458
2016-02-25 15:30:00,75.89,75.93,75.8799,75.9,28214
2016-02-25 15:45:00,75.9,75.97,75.815,75.94,46881
2016-02-25 16:00:00,75.94,76.21,75.94,76.13,101852
2016-02-26 09:45:00,76.5,76.6,76.18,76.29,58838
2016-02-26 10:00:00,76.37,76.6,76.33,76.33,18447
2016-02-26 10:15:00,76.32,76.75,76.27,76.71,19835
2016-02-26 10:30:00,76.75,76.79,76.59,76.74,34562
2016-02-26 10:45:00,76.75,77.0,76.75,76.91,21619
2016-02-26 11:00:00,76.91,77.0,76.76,77.0,14777
2016-02-26 11:15:00,77.0,77.05,76.53,76.6,21889
2016-02-26 11:30:00,76.62,76.64,76.17,76.17,16410
2016-02-26 11:45:00,76.15,76.52,76.13,76.49,10584
2016-02-26 12:00:00,76.46,76.53,76.36,76.36,13570
2016-02-26 12:15:00,76.35,76.38,76.11,76.11,6907
2016-02-26 12:30:00,76.08,76.215,76.0,76.21,43800
2016-02-26 12:45:00,76.2,76.37,76.16,76.37,13368
2016-02-26 13:00:00,76.37,76.57,76.37,76.53,7945
2016-02-26 13:15:00,76.5399,76.64,76.499,76.62,10475
2016-02-26 13:30:00,76.59,76.65,76.52,76.585,8396
2016-02-26 13:45:00,76.61,76.62,76.42,76.42,9716
2016-02-26 14:00:00,76.3999,76.58,76.37,76.47,14304
2016-02-26 14:15:00,76.52,76.52,76.38,76.47,25934
2016-02-26 14:30:00,76.45,76.6,76.43,76.6,10612
2016-02-26 14:45:00,76.59,76.59,76.37,76.42,13151
2016-02-26 15:00:00,76.4399,76.44,76.24,76.25,9802
2016-02-26 15:15:00,76.28,76.53,76.28,76.5,12320
2016-02-26 15:30:00,76.49,76.55,76.45,76.48,15379
2016-02-26 15:45:00,76.49,76.56,76.42,76.56,18723
2016-02-26 16:00:00,76.58,76.61,76.44,76.46,39821
2016-02-29 09:45:00,76.44,76.44,75.41,75.58,36226
2016-02-29 10:00:00,75.57,75.79,75.2,75.27,17854
2016-02-29 10:15:00,75.22,75.75,75.14,75.75,23042
2016-02-29 10:30:00,75.73,76.07,75.7,75.805,19317
2016-02-29 10:45:00,75.77,75.99,75.69,75.97,13811
2016-02-29 11:00:00,75.97,76.17,75.94,76.01,14039
2016-02-29 11:15:00,75.99,76.15,75.96,76.13,8274
2016-02-29 11:30:00,76.15,76.16,76.0275,76.03,12071
2016-02-29 11:45:00,76.07,76.3,76.06,76.27,13390
2016-02-29 12:00:00,76.23,76.288,76.17,76.2,11655
2016-02-29 12:15:00,76.1801,76.37,76.1801,76.37,8896
2016-02-29 12:30:00,76.37,76.43,76.295,76.3,9232
2016-02-29 12:45:00,76.29,76.31,76.2,76.28,9992
2016-02-29 13:00:00,76.3,76.41,76.3,76.41,10024
2016-02-29 13:15:00,76.41,76.42,76.31,76.33,8065
2016-02-29 13:30:00,76.36,76.41,76.32,76.35,10402
2016-02-29 13:45:00,76.33,76.43,76.24,76.43,16304
2016-02-29 14:00:00,76.44,76.55,76.43,76.485,18755
2016-02-29 14:15:00,76.485,76.57,76.41,76.41,14775
2016-02-29 14:30:00,76.38,76.44,76.22,76.29,14607
2016-02-29 14:45:00,76.26,76.32,76.18,76.23,16770
2016-02-29 15:00:00,76.23,76.35,76.18,76.32,16124
2016-02-29 15:15:00,76.31,76.33,76.18,76.195,20027
2016-02-29 15:30:00,76.18,76.38,76.05,76.38,22048
2016-02-29 15:45:00,76.345,76.36,76.21,76.35,32774
2016-02-29 16:00:00,76.37,76.37,75.87,75.88,122332
2016-03-01 09:45:00,76.07,76.48,75.51,76.26,29740
2016-03-01 10:00:00,76.35,76.685,76.35,76.62,11116
2016-03-01 10:15:00,76.71,76.99,76.59,76.59,36256
2016-03-01 10:30:00,76.61,76.92,76.46,76.85,13600
2016-03-01 10:45:00,76.88,76.99,76.82,76.9,21470
2016-03-01 11:00:00,76.91,77.01,76.71,76.887,32323
2016-03-01 11:15:00,76.92,77.02,76.87,76.9,16595
2016-03-01 11:30:00,76.89,77.13,76.88,77.11,22012
2016-03-01 11:45:00,77.14,77.23,77.14,77.2,23836
2016-03-01 12:00:00,77.21,77.28,77.13,77.205,17210
2016-03-01 12:15:00,77.19,77.34,77.1,77.32,25690
2016-03-01 12:30:00,77.32,77.32,77.21,77.275,17408
2016-03-01 12:45:00,77.29,77.3038,77.11,77.21,8752
2016-03-01 13:00:00,77.22,77.33,77.1725,77.33,12767
2016-03-01 13:15:00,77.3,77.32,77.13,77.25,17518
2016-03-01 13:30:00,77.23,77.3,77.14,77.18,11409
2016-03-01 13:45:00,77.23,77.4,77.23,77.37,10232
2016-03-01 14:00:00,77.37,77.39,77.22,77.26,13515
2016-03-01 14:15:00,77.23,77.36,77.21,77.28,14339
2016-03-01 14:30:00,77.29,77.29,77.1,77.175,16771
2016-03-01 14:45:00,77.1602,77.38,77.1602,77.38,15838
2016-03-01 15:00:00,77.39,77.44,77.33,77.38,22223
2016-03-01 15:15:00,77.38,77.47,77.37,77.4,22181
2016-03-01 15:30:00,77.42,77.49,77.41,77.4646,24074
2016-03-01 15:45:00,77.46,77.48,77.24,77.41,38308
2016-03-01 16:00:00,77.42,77.47,77.29,77.46,101257
2016-03-02 09:45:00,77.28,77.45,76.5,77.37,33033
2016-03-02 10:00:00,77.33,77.71,77.21,77.6,29112
2016-03-02 10:15:00,77.6,77.88,77.51,77.83,52341
2016-03-02 10:30:00,77.83,78.43,77.83,78.33,42938
2016-03-02 10:45:00,78.29,78.31,77.9737,78.12,35810
2016-03-02 11:00:00,78.15,78.46,78.05,78.31,34424
2016-03-02 11:15:00,78.27,78.51,78.15,78.5,29218
2016-03-02 11:30:00,78.5,78.7,78.44,78.60600000000001,33451
2016-03-02 11:45:00,78.66,78.87,78.57,78.87,29477
2016-03-02 12:00:00,78.87,78.9,78.48,78.48,27165
2016-03-02 12:15:00,78.48,78.59,78.28,78.5525,19753
2016-03-02 12:30:00,78.5525,78.68,78.48,78.68,21801
2016-03-02 12:45:00,78.67,78.78,78.45,78.4659,16396
2016-03-02 13:00:00,78.48,78.65,78.48,78.53,14161
2016-03-02 13:15:00,78.55,78.77,78.52,78.72,13303
2016-03-02 13:30:00,78.76,78.95,78.72,78.92,28389
2016-03-02 13:45:00,78.915,79.01,78.72,78.75,21719
2016-03-02 14:00:00,78.73,78.8,78.67,78.7055,19974
2016-03-02 14:15:00,78.675,78.73,78.51,78.6,21197
2016-03-02 14:30:00,78.6093,78.82,78.6068,78.77,22886
2016-03-02 14:45:00,78.75,78.9,78.7,78.85,30231
2016-03-02 15:00:00,78.85,78.97,78.68,78.72,37761
2016-03-02 15:15:00,78.71,78.87,78.68,78.78,20538
2016-03-02 15:30:00,78.77,78.81,78.6821,78.76,30272
2016-03-02 15:45:00,78.75,78.84,78.7,78.75,51126
2016-03-02 16:00:00,78.75,78.97,78.74,78.91,129314
2016-03-03 09:45:00,79.19,79.4,78.5101,78.75,40017
2016-03-03 10:00:00,78.87,79.08,78.71,78.81,13996
2016-03-03 10:15:00,78.82,78.89,78.55,78.63,29185
2016-03-03 10:30:00,78.63,78.76,78.41,78.64,26108
2016-03-03 10:45:00,78.76,78.87,78.53,78.75,24759
2016-03-03 11:00:00,78.77,79.07,78.77,78.79,16823
2016-03-03 11:15:00,78.76,78.83,78.58,78.58,25466
2016-03-03 11:30:00,78.62,78.76,78.56,78.63,35685
2016-03-03 11:45:00,78.61,78.8,78.45,78.575,30643
2016-03-03 12:00:00,78.56,78.73,78.49,78.62,44514
2016-03-03 12:15:00,78.62,78.93,78.59,78.77,25578
2016-03-03 12:30:00,78.82,78.9,78.77,78.85,17386
2016-03-03 12:45:00,78.84,78.92,78.74,78.88,20572
2016-03-03 13:00:00,78.88,78.95,78.82,78.88,43310
2016-03-03 13:15:00,78.95,78.98,78.81,78.815,12366
2016-03-03 13:30:00,78.81,78.91,78.7901,78.8,11868
2016-03-03 13:45:00,78.82,78.93,78.78,78.82,12899
2016-03-03 14:00:00,78.81,79.02,78.81,78.86,31525
2016-03-03 14:15:00,78.87,78.96,78.79,78.82,16817
2016-03-03 14:30:00,78.81,78.81,78.58,78.77,29696
2016-03-03 14:45:00,78.78,78.944,78.74,78.93,21358
2016-03-03 15:00:00,78.93,78.94,78.82,78.8699,25198
2016-03-03 15:15:00,78.87,78.95,78.83,78.87,29475
2016-03-03 15:30:00,78.87,78.87,78.65,78.71,37903
2016-03-03 15:45:00,78.71,78.75,78.685,78.71,58022
2016-03-03 16:00:00,78.71,78.9,78.7,78.89,81870
2016-03-04 09:45:00,78.72,79.14,78.51,79.065,15391
2016-03-04 10:00:00,79.07,79.155,78.54,78.69,15285
2016-03-04 10:15:00,78.735,78.91,78.59,78.76,13925
2016-03-04 10:30:00,78.71,78.71,78.41,78.59,9222
2016-03-04 10:45:00,78.625,78.7,78.44,78.5,12164
2016-03-04 11:00:00,78.52,78.59,78.42,78.44,15212
2016-03-04 11:15:00,78.4809,78.59,78.3475,78.37,18735
2016-03-04 11:30:00,78.34,78.63,78.34,78.53,14166
2016-03-04 11:45:00,78.51,78.56,77.98,78.07,15161
2016-03-04 12:00:00,78.07,78.1499,77.96,78.07,17300
2016-03-04 12:15:00,78.06,78.19,78.045,78.08,16425
2016-03-04 12:30:00,78.06,78.08,77.92,77.92,15915
2016-03-04 12:45:00,77.9,77.94,77.72,77.73,35363
2016-03-04 13:00:00,77.71,77.885,77.66,77.82,31078
2016-03-04 13:15:00,77.87,77.915,77.7,77.72,27407
2016-03-04 13:30:00,77.72,77.73,77.57,77.71,34170
2016-03-04 13:45:00,77.7101,77.79,77.65,77.6625,31839
2016-03-04 14:00:00,77.68,77.96,77.64,77.94,29581
2016-03-04 14:15:00,77.94,78.0,77.73,77.79,39208
2016-03-04 14:30:00,77.8,77.85,77.52,77.57,26062
2016-03-04 14:45:00,77.58,77.78,77.54,77.76,23165
2016-03-04 15:00:00,77.76,77.77,77.59,77.66,21599
2016-03-04 15:15:00,77.64,77.66,77.52,77.6399,22166
2016-03-04 15:30:00,77.6287,77.75,77.59,77.73,23403
2016-03-04 15:45:00,77.735,77.91,77.72,77.875,35163
2016-03-04 16:00:00,77.87,77.94,77.8,77.91,97101
2016-03-07 09:45:00,77.55,78.355,77.55,78.1,25875
2016-03-07 10:00:00,78.19,78.47,78.009,78.36,16218
2016-03-07 10:15:00,78.29,78.82,78.28,78.58,35042
2016-03-07 10:30:00,78.57,78.57,78.26,78.26,8703
2016-03-07 10:45:00,78.33,78.43,78.17,78.26,13362
2016-03-07 11:00:00,78.29,78.7,78.28,78.67,17165
2016-03-07 11:15:00,78.67,78.79,78.62,78.68,13961
2016-03-07 11:30:00,78.71,78.79,78.58,78.6943,18956
2016-03-07 11:45:00,78.69,78.96,78.67,78.89,13557
2016-03-07 12:00:00,78.98,79.06,78.81,78.82,8200
2016-03-07 12:15:00,78.81,78.85,78.68,78.79,7632
2016-03-07 12:30:00,78.77,78.77,78.6,78.73,7249
2016-03-07 12:45:00,78.72,78.89,78.68,78.875,11594
2016-03-07 13:00:00,78.88,78.88,78.8,78.85,8256
2016-03-07 13:15:00,78.89,78.94,78.83,78.83,10574
2016-03-07 13:30:00,78.88,78.89,78.75,78.77,15941
2016-03-07 13:45:00,78.76,78.77,78.56,78.56,11720
2016-03-07 14:00:00,78.54,78.59,78.415,78.42,20383
2016-03-07 14:15:00,78.45,78.57,78.37,78.5599,17268
2016-03-07 14:30:00,78.56,78.62,78.48,78.59,14120
2016-03-07 14:45:00,78.59,78.6,78.313,78.33,19536
2016-03-07 15:00:00,78.35,78.5394,78.34,78.47,17776
2016-03-07 15:15:00,78.46,78.5,78.37,78.43,21225
2016-03-07 15:30:00,78.46,78.69,78.46,78.63,25899
2016-03-07 15:45:00,78.61,78.72,78.57,78.61,27896
2016-03-07 16:00:00,78.62,78.65,78.44,78.6,58734
2016-03-08 09:45:00,77.89,78.31,77.8,78.21,26354
2016-03-08 10:00:00,78.06,78.245,78.0,78.05,11365
2016-03-08 10:15:00,78.015,78.26,78.0,78.1,19952
2016-03-08 10:30:00,78.15,78.46,78.13,78.35,27407
2016-03-08 10:45:00,78.35,78.59,78.3,78.4,37811
2016-03-08 11:00:00,78.4,78.52,78.22,78.3206,57927
2016-03-08 11:15:00,78.3,78.38,78.14,78.2,16877
2016-03-08 11:30:00,78.21,78.3795,78.17,78.2368,15533
2016-03-08 11:45:00,78.1901,78.38,78.19,78.33,17157
2016-03-08 12:00:00,78.36,78.5652,78.35,78.44,24064
2016-03-08 12:15:00,78.43,78.69,78.33,78.69,13508
2016-03-08 12:30:00,78.695,78.77,78.66,78.68,11268
2016-03-08 12:45:00,78.7,78.83,78.7,78.72,10719
2016-03-08 13:00:00,78.782,78.782,78.515,78.61,12788
2016-03-08 13:15:00,78.59,78.6999,78.515,78.6999,14039
2016-03-08 13:30:00,78.69,78.95,78.69,78.91,6726
2016-03-08 13:45:00,78.91,79.03,78.85,78.975,8413
2016-03-08 14:00:00,79.01,79.17,78.94,79.17,27245
2016-03-08 14:15:00,79.17,79.31,79.155,79.27,20876
2016-03-08 14:30:00,79.25,79.31,79.18,79.205,17957
2016-03-08 14:45:00,79.194,79.194,78.9,78.9525,12186
2016-03-08 15:00:00,78.97,78.9799,78.83,78.95,20738
2016-03-08 15:15:00,78.95,78.97,78.78,78.816,22644
2016-03-08 15:30:00,78.82,78.84,78.59,78.72,28524
2016-03-08 15:45:00,78.71,78.71,78.57,78.67,29739
2016-03-08 16:00:00,78.68,78.73,78.55,78.59,74680
2016-03-09 09:45:00,78.89,79.09,78.07,78.8,50649
2016-03-09 10:00:00,78.82,79.09,78.73,78.925,10681
2016-03-09 10:15:00,78.97,79.01,78.8,78.82,6143
2016-03-09 10:30:00,78.8799,78.93,78.59,78.72,6089
2016-03-09 10:45:00,78.72,78.83,78.56,78.63,8271
2016-03-09 11:00:00,78.68,78.84,78.38,78.49,13173
2016-03-09 11:15:00,78.48,78.5145,78.38,78.42,7179
2016-03-09 11:30:00,78.47,78.58,78.37,78.44,6200
2016-03-09 11:45:00,78.47,78.608,78.44,78.5701,12656
2016-03-09 12:00:00,78.61,78.7175,78.54,78.65,12276
2016-03-09 12:15:00,78.6,78.66,78.5474,78.57,6533
2016-03-09 12:30:00,78.555,78.555,78.35,78.36,11423
2016-03-09 12:45:00,78.365,78.4,78.32,78.36,9244
2016-03-09 13:00:00,78.36,78.41,78.33,78.37,8780
2016-03-09 13:15:00,78.39,78.488,78.37,78.37,9538
2016-03-09 13:30:00,78.408,78.408,78.24,78.2555,5922
2016-03-09 13:45:00,78.26,78.2775,78.14,78.14,13014
2016-03-09 14:00:00,78.13,78.23,78.12,78.1775,96311
2016-03-09 14:15:00,78.175,78.19,78.0,78.03,54239
2016-03-09 14:30:00,78.06,78.2,78.04,78.0694,57047
2016-03-09 14:45:00,78.06,78.09,77.99,78.01,27911
2016-03-09 15:00:00,77.99,78.18,77.99,78.13,23449
2016-03-09 15:15:00,78.15,78.16,77.94,77.95,20306
2016-03-09 15:30:00,77.96,78.01,77.94,78.0,16191
2016-03-09 15:45:00,77.99,78.02,77.93,77.97,29561
2016-03-09 16:00:00,77.98,78.02,77.92,78.0,73602
2016-03-10 09:45:00,78.48,78.75,78.04,78.22,55813
2016-03-10 10:00:00,78.26,78.37,78.03,78.075,69490
2016-03-10 10:15:00,78.05,78.1,77.895,78.1,17954
2016-03-10 10:30:00,78.06,78.1,77.91,77.92,14444
2016-03-10 10:45:00,77.91,78.01,77.65,77.99,18195
2016-03-10 11:00:00,78.0,78.03,77.79,77.8,12799
2016-03-10 11:15:00,77.76,77.87,77.65,77.81,16630
2016-03-10 11:30:00,77.8,77.9,77.5,77.58,23561
2016-03-10 11:45:00,77.58,77.89,77.57,77.85,10300
2016-03-10 12:00:00,77.84,78.0,77.78,77.92,22080
2016-03-10 12:15:00,77.97,78.0,77.8012,77.85,21453
2016-03-10 12:30:00,77.86,78.0,77.72,77.74,12935
2016-03-10 12:45:00,77.76,77.835,77.58,77.58,18256
2016-03-10 13:00:00,77.57,77.75,77.56,77.65,26007
2016-03-10 13:15:00,77.62,77.67,77.55,77.56,17159
2016-03-10 13:30:00,77.56,77.77,77.5546,77.75,13038
2016-03-10 13:45:00,77.75,77.75,77.66,77.73,13729
2016-03-10 14:00:00,77.71,77.89,77.66,77.8438,22285
2016-03-10 14:15:00,77.86,77.86,77.65,77.71,19020
2016-03-10 14:30:00,77.7,77.81,77.65,77.73,31231
2016-03-10 14:45:00,77.74,77.79,77.68,77.74,132502
2016-03-10 15:00:00,77.74,78.03,77.72,77.94,47223
2016-03-10 15:15:00,77.94,78.0,77.83,77.97,22741
2016-03-10 15:30:00,77.96,77.96,77.78,77.85,47798
2016-03-10 15:45:00,77.84,77.88,77.71,77.77,72831
2016-03-10 16:00:00,77.76,77.95,77.75,77.95,82983
2016-03-11 09:45:00,78.42,78.76,78.04,78.18,53216
2016-03-11 10:00:00,78.175,78.3,78.09,78.25,138712
2016-03-11 10:15:00,78.27,78.3,77.99,78.06,25103
2016-03-11 10:30:00,78.07,78.188,77.92,78.01,13809
2016-03-11 10:45:00,78.09,78.2699,78.03,78.24,21443
2016-03-11 11:00:00,78.24,78.28,78.18,78.2,22401
2016-03-11 11:15:00,78.21,78.3,78.16,78.21,20975
2016-03-11 11:30:00,78.25,78.25,78.18,78.22,35833
2016-03-11 11:45:00,78.24,78.35,78.18,78.23,199254
2016-03-11 12:00:00,78.23,78.25,78.07,78.13,14618
2016-03-11 12:15:00,78.13,78.1764,78.03,78.09,14500
2016-03-11 12:30:00,78.11,78.11399999999999,77.95,77.96,14249
2016-03-11 12:45:00,77.97,77.98,77.84,77.9,12050
2016-03-11 13:00:00,77.891,78.05,77.85300000000001,78.0416,10746
2016-03-11 13:15:00,78.05,78.05,77.92,77.92,19446
2016-03-11 13:30:00,77.92,78.05,77.9,78.02,14714
2016-03-11 13:45:00,78.01,78.03,77.87,77.9,11837
2016-03-11 14:00:00,77.88,77.88,77.7,77.81,40728
2016-03-11 14:15:00,77.81,77.88,77.77,77.86,21296
2016-03-11 14:30:00,77.865,77.9,77.79,77.86,19330
2016-03-11 14:45:00,77.9,77.96,77.87,77.95,18522
2016-03-11 15:00:00,77.95,77.99,77.89,77.91,18337
2016-03-11 15:15:00,77.9,77.96,77.89,77.89,22607
2016-03-11 15:30:00,77.93,78.1,77.92,78.09,27926
2016-03-11 15:45:00,78.12,78.15,78.02,78.14,31308
2016-03-11 16:00:00,78.15,78.15,77.89,77.98,124312
2016-03-14 09:45:00,77.77,78.29,77.61,78.13,30161
2016-03-14 10:00:00,78.26,78.61,78.195,78.195,11655
2016-03-14 10:15:00,78.19,78.49,78.19,78.46,13269
2016-03-14 10:30:00,78.45,78.48,78.35,78.43,6900
2016-03-14 10:45:00,78.44,78.44,78.25,78.3901,13683
2016-03-14 11:00:00,78.43,78.5,78.17,78.47,56735
2016-03-14 11:15:00,78.4501,78.5,78.4,78.46,15478
2016-03-14 11:30:00,78.46,78.5,78.37,78.405,16543
2016-03-14 11:45:00,78.415,78.49,78.4,78.45,14215
2016-03-14 12:00:00,78.45,78.5,78.39,78.415,7615
2016-03-14 12:15:00,78.44,78.44,78.27,78.34,12680
2016-03-14 12:30:00,78.31,78.44,78.31,78.4,6859
2016-03-14 12:45:00,78.4,78.43,78.35,78.39,7683
2016-03-14 13:00:00,78.3902,78.5,78.373,78.455,12259
2016-03-14 13:15:00,78.46,78.49,78.42,78.47,9835
2016-03-14 13:30:00,78.47,78.49,78.43,78.45,55378
2016-03-14 13:45:00,78.47,78.5,78.45,78.47,15290
2016-03-14 14:00:00,78.46,78.5,78.42,78.43,11298
2016-03-14 14:15:00,78.43,78.46,78.37,78.4,17298
2016-03-14 14:30:00,78.41,78.45,78.4,78.435,10828
2016-03-14 14:45:00,78.435,78.45,78.39,78.44,22884
2016-03-14 15:00:00,78.44,78.47,78.41,78.47,16018
2016-03-14 15:15:00,78.46,78.49,78.45,78.48,28239
2016-03-14 15:30:00,78.48,78.65,78.43,78.58,32253
2016-03-14 15:45:00,78.6,78.6,78.47,78.49,30530
2016-03-14 16:00:00,78.5,78.6,78.37,78.4,173132
2016-03-15 09:45:00,77.81,78.33,77.81,78.16,25255
2016-03-15 10:00:00,78.19,78.41,78.19,78.35,25516
2016-03-15 10:15:00,78.31,78.39,78.22,78.34,19656
2016-03-15 10:30:00,78.36,78.36,78.2,78.21,23119
2016-03-15 10:45:00,78.3,78.325,78.19,78.1901,19117
2016-03-15 11:00:00,78.27,78.31,78.16,78.25,16364
2016-03-15 11:15:00,78.27,78.31,78.21,78.21,16939
2016-03-15 11:30:00,78.21,78.35,78.21,78.26,37077
2016-03-15 11:45:00,78.26,78.29,78.14,78.19,20386
2016-03-15 12:00:00,78.2,78.255,78.1844,78.1844,18722
2016-03-15 12:15:00,78.17,78.33,78.16,78.3,115998
2016-03-15 12:30:00,78.315,78.3199,78.21,78.27,46330
2016-03-15 12:45:00,78.27,78.29,78.23,78.235,24742
2016-03-15 13:00:00,78.24,78.26,78.19,78.23,6417
2016-03-15 13:15:00,78.25,78.28,78.21,78.265,12915
2016-03-15 13:30:00,78.27,78.28,78.2303,78.27,27162
2016-03-15 13:45:00,78.27,78.3,78.23,78.255,29029
2016-03-15 14:00:00,78.255,78.44,78.25,78.32,157778
2016-03-15 14:15:00,78.34,78.35,78.25,78.285,28112
2016-03-15 14:30:00,78.27,78.34,78.22,78.2301,32328
2016-03-15 14:45:00,78.265,78.265,78.24,78.24,17834
2016-03-15 15:00:00,78.24,78.26,78.2,78.21,15648
2016-03-15 15:15:00,78.22,78.25,78.18,78.2,27332
2016-03-15 15:30:00,78.2,78.3,78.19,78.3,54568
2016-03-15 15:45:00,78.3,78.31,78.19,78.3,352562
2016-03-15 16:00:00,78.3,78.5,78.245,78.48,132157
2016-03-16 09:45:00,78.45,78.7,77.96,78.56,44068
2016-03-16 10:00:00,78.48,78.76,78.48,78.71,17700
2016-03-16 10:15:00,78.67,78.82,78.63,78.74,8841
2016-03-16 10:30:00,78.65,78.87,78.64,78.76,16549
2016-03-16 10:45:00,78.77,78.84,78.69,78.69,7211
2016-03-16 11:00:00,78.67,78.7,78.5,78.56,6643
2016-03-16 11:15:00,78.59,78.6,78.55,78.57,6300
2016-03-16 11:30:00,78.58,78.7037,78.55,78.67,6901
2016-03-16 11:45:00,78.71,78.76,78.65,78.74,10625
2016-03-16 12:00:00,78.73,78.86,78.73,78.77,7703
2016-03-16 12:15:00,78.79,78.83,78.72,78.74,14201
2016-03-16 12:30:00,78.74,78.77,78.73,78.77,5160
2016-03-16 12:45:00,78.77,78.78,78.5,78.5,25647
2016-03-16 13:00:00,78.51,78.55,78.46,78.47,5600
2016-03-16 13:15:00,78.51,78.51,78.3234,78.3234,10478
2016-03-16 13:30:00,78.29,78.32,78.21,78.25,8152
2016-03-16 13:45:00,78.245,78.43,78.23,78.39,12928
2016-03-16 14:00:00,78.4099,78.43,78.3,78.36,12430
2016-03-16 14:15:00,78.38,78.74,78.38,78.44,37634
2016-03-16 14:30:00,78.47,78.71,78.43,78.695,47084
2016-03-16 14:45:00,78.71,78.75,78.64,78.695,23120
2016-03-16 15:00:00,78.725,78.8,78.55,78.55,58980
2016-03-16 15:15:00,78.55,78.74,78.53,78.74,34690
2016-03-16 15:30:00,78.75,78.75,78.58,78.67,17677
2016-03-16 15:45:00,78.66,78.75,78.62,78.66,29421
2016-03-16 16:00:00,78.65,78.66,78.38,78.39,97879
2016-03-17 09:45:00,78.33,78.63,77.83,78.4714,39905
2016-03-17 10:00:00,78.51,78.65,78.38,78.48,5698
2016-03-17 10:15:00,78.44,78.51,78.28,78.37,26656
2016-03-17 10:30:00,78.45,78.48,78.31,78.32,22208
2016-03-17 10:45:00,78.31,78.52,78.26,78.52,24483
2016-03-17 11:00:00,78.52,78.52,78.3501,78.41,15567
2016-03-17 11:15:00,78.45,78.7,78.44,78.695,21968
2016-03-17 11:30:00,78.7,78.73,78.51,78.52,30711
2016-03-17 11:45:00,78.53,78.73,78.51,78.71,17452
2016-03-17 12:00:00,78.71,78.77,78.64,78.65,22241
2016-03-17 12:15:00,78.65,78.74,78.6,78.74,10209
2016-03-17 12:30:00,78.78,78.96,78.76,78.945,12791
2016-03-17 12:45:00,79.0,79.2,78.96,79.175,38291
2016-03-17 13:00:00,79.18,79.19,79.01,79.04,8385
2016-03-17 13:15:00,79.06,79.06,78.9,78.9,6713
2016-03-17 13:30:00,78.9,79.05,78.9,79.04,9078
2016-03-17 13:45:00,79.02,79.2,78.98,79.105,44780
2016-03-17 14:00:00,79.1,79.21,78.85,78.86,71658
2016-03-17 14:15:00,78.86,79.03,78.73,78.92,23934
2016-03-17 14:30:00,78.94,78.95,78.74,78.745,47958
2016-03-17 14:45:00,78.75,78.91,78.75,78.88,21223
2016-03-17 15:00:00,78.85,78.9,78.825,78.857,33447
2016-03-17 15:15:00,78.86,78.89,78.75,78.75,27536
2016-03-17 15:30:00,78.74,78.88,78.72,78.79,44890
2016-03-17 15:45:00,78.8,78.87,78.71,78.76,59136
2016-03-17 16:00:00,78.77,78.79,78.58,78.59,114751
2016-03-18 09:45:00,78.72,78.73,78.45,78.455,125308
2016-03-18 10:00:00,78.43,78.52,78.31,78.38,67049
2016-03-18 10:15:00,78.41,78.58,78.36,78.48,38463
2016-03-18 10:30:00,78.49,78.6,78.37,78.45,33715
2016-03-18 10:45:00,78.49,78.57,78.39,78.48,33789
2016-03-18 11:00:00,78.49,78.59,78.39,78.45,65632
2016-03-18 11:15:00,78.49,78.61,78.36,78.46,46833
2016-03-18 11:30:00,78.47,78.54,78.44,78.52,14982
2016-03-18 11:45:00,78.52,78.62,78.5,78.57,21909
2016-03-18 12:00:00,78.59,78.59,78.42,78.56,17099
2016-03-18 12:15:00,78.56,78.88,78.56,78.81,12939
2016-03-18 12:30:00,78.85,78.95,78.82,78.94,5300
2016-03-18 12:45:00,78.92,78.93,78.72,78.76,13360
2016-03-18 13:00:00,78.76,78.77,78.72,78.72,5191
2016-03-18 13:15:00,78.71,78.73,78.64,78.65,9596
2016-03-18 13:30:00,78.67,78.9,78.65,78.88,20835
2016-03-18 13:45:00,78.89,78.89,78.75,78.84,11109
2016-03-18 14:00:00,78.85,78.92,78.78,78.895,30348
2016-03-18 14:15:00,78.89,78.91,78.83,78.87,20412
2016-03-18 14:30:00,78.91,78.93,78.83,78.85,43371
2016-03-18 14:45:00,78.86,78.92,78.81,78.81,53271
2016-03-18 15:00:00,78.83,78.87,78.76,78.765,18855
2016-03-18 15:15:00,78.76,78.8,78.66,78.69,36058
2016-03-18 15:30:00,78.68,78.68,78.41,78.52,29726
2016-03-18 15:45:00,78.52,78.6,78.47,78.54,35516
2016-03-18 16:00:00,78.55,78.6,78.41,78.46,281573
2016-03-21 09:45:00,78.21,78.7705,78.05,78.17,34715
2016-03-21 10:00:00,78.15,78.15,77.86,77.88,4912
2016-03-21 10:15:00,77.93,78.04,77.77,77.9201,39594
2016-03-21 10:30:00,78.0,78.15,77.92,77.92,34846
2016-03-21 10:45:00,77.95,78.06,77.7,77.725,27406
2016-03-21 11:00:00,77.73,77.73,77.43,77.538,14462
2016-03-21 11:15:00,77.53,77.68,77.46,77.51,11850
2016-03-21 11:30:00,77.54,77.65,77.5,77.54,15915
2016-03-21 11:45:00,77.5301,77.6858,77.49,77.54,17248
2016-03-21 12:00:00,77.57,77.63,77.405,77.58,31200
2016-03-21 12:15:00,77.57,77.67,77.45,77.67,9781
2016-03-21 12:30:00,77.65,77.68,77.57,77.64,11569
2016-03-21 12:45:00,77.67,77.8,77.65,77.66,21185
2016-03-21 13:00:00,77.73,77.81,77.69,77.76,32764
2016-03-21 13:15:00,77.75,77.805,77.65,77.65,16870
2016-03-21 13:30:00,77.66,77.87,77.62,77.86,16135
2016-03-21 13:45:00,77.87,77.89,77.74,77.82,15400
2016-03-21 14:00:00,77.83,77.845,77.74,77.845,19273
2016-03-21 14:15:00,77.83,77.93,77.75,77.82,19741
2016-03-21 14:30:00,77.8,77.96,77.8,77.94,25187
2016-03-21 14:45:00,77.93,78.05,77.88,78.02,32939
2016-03-21 15:00:00,78.01,78.175,77.84,78.175,144326
2016-03-21 15:15:00,78.16,78.24,78.06,78.22,31431
2016-03-21 15:30:00,78.22,78.25,78.08,78.1025,20418
2016-03-21 15:45:00,78.1,78.105,77.88,77.88,37146
2016-03-21 16:00:00,77.89,78.01,77.8,77.83,82969
2016-03-22 09:45:00,77.81,78.01,77.63,77.73,48630
2016-03-22 10:00:00,77.72,77.76,77.51,77.7446,18633
2016-03-22 10:15:00,77.75,78.05,77.75,78.05,13077
2016-03-22 10:30:00,78.05,78.05,77.88,77.98,21704
2016-03-22 10:45:00,77.96,78.01,77.88,77.92,11777
2016-03-22 11:00:00,77.95,78.0283,77.91,77.96,11286
2016-03-22 11:15:00,77.97,78.31,77.96,78.285,119562
2016-03-22 11:30:00,78.32,78.34,78.245,78.3,13636
2016-03-22 11:45:00,78.305,78.31,78.13,78.275,18943
2016-03-22 12:00:00,78.29,78.32,77.9403,77.9403,15952
2016-03-22 12:15:00,77.95,78.05,77.94,78.04,7281
2016-03-22 12:30:00,78.03,78.09,77.93,78.04,19154
2016-03-22 12:45:00,78.02,78.07,77.99,78.05,11577
2016-03-22 13:00:00,78.07,78.17,77.98,78.13,23804
2016-03-22 13:15:00,78.13,78.235,78.11,78.205,9563
2016-03-22 13:30:00,78.2,78.28,78.1,78.28,10863
2016-03-22 13:45:00,78.29,78.33,78.09,78.11,23738
2016-03-22 14:00:00,78.15,78.185,78.06,78.17,20943
2016-03-22 14:15:00,78.17,78.24,78.13,78.16,9549
2016-03-22 14:30:00,78.16199999999999,78.19,78.08,78.19,13231
2016-03-22 14:45:00,78.1999,78.29,78.17,78.22,16326
2016-03-22 15:00:00,78.23,78.25,78.1,78.1,15510
2016-03-22 15:15:00,78.11,78.175,78.09,78.15,13463
2016-03-22 15:30:00,78.16,78.18,78.09,78.16,13661
2016-03-22 15:45:00,78.16,78.2,78.03,78.2,18004
2016-03-22 16:00:00,78.19,78.19,78.05,78.09,48419
2016-03-23 09:45:00,77.98,78.0,77.42,77.64,15597
2016-03-23 10:00:00,77.71,78.08,77.71,78.02,20468
2016-03-23 10:15:00,78.06,78.19,78.0,78.1,22265
2016-03-23 10:30:00,78.13,78.17,78.04,78.13,16849
2016-03-23 10:45:00,78.09,78.23,77.97,78.23,15503
2016-03-23 11:00:00,78.2,78.29,78.05,78.08,27502
2016-03-23 11:15:00,78.08,78.16,78.04,78.065,16629
2016-03-23 11:30:00,78.05,78.16,77.98,77.99,16078
2016-03-23 11:45:00,78.0,78.06,77.93,78.035,16473
2016-03-23 12:00:00,78.01,78.06,77.9,78.0,14834
2016-03-23 12:15:00,78.0,78.015,77.91,77.91,21270
2016-03-23 12:30:00,77.91,78.08,77.91,78.06,21210
2016-03-23 12:45:00,78.06,78.155,78.02,78.155,21505
2016-03-23 13:00:00,78.17,78.184,78.1,78.1,21586
2016-03-23 13:15:00,78.1,78.16,78.08,78.16,10897
2016-03-23 13:30:00,78.165,78.165,78.0792,78.08,12177
2016-03-23 13:45:00,78.08,78.16,78.05,78.16,10859
2016-03-23 14:00:00,78.16,78.18,78.11399999999999,78.13,20625
2016-03-23 14:15:00,78.15,78.15,78.09,78.09,23594
2016-03-23 14:30:00,78.095,78.15,78.07,78.12,25718
2016-03-23 14:45:00,78.15,78.3277,78.12,78.13,23978
2016-03-23 15:00:00,78.17,78.22,78.1,78.15,14828
2016-03-23 15:15:00,78.115,78.18,78.11,78.15,24413
2016-03-23 15:30:00,78.15,78.1899,78.105,78.12,22921
2016-03-23 15:45:00,78.14,78.23,78.14,78.16,36034
2016-03-23 16:00:00,78.16,78.21,78.04,78.07,81460
2016-03-24 09:45:00,77.63,77.98,77.23,77.28,51769
2016-03-24 10:00:00,77.13,77.53,77.11,77.515,15593
2016-03-24 10:15:00,77.49,77.54,77.36,77.5,38222
2016-03-24 10:30:00,77.52,77.545,77.37,77.4999,23753
2016-03-24 10:45:00,77.48,77.82,77.45,77.69800000000001,23889
2016-03-24 11:00:00,77.68,77.78,77.63,77.76,18692
2016-03-24 11:15:00,77.755,77.8053,77.68,77.725,14561
2016-03-24 11:30:00,77.725,77.825,77.725,77.75,14220
2016-03-24 11:45:00,77.72,77.81,77.68,77.745,15355
2016-03-24 12:00:00,77.74,77.7401,77.6101,77.69,14915
2016-03-24 12:15:00,77.68,77.71,77.5407,77.62,7881
2016-03-24 12:30:00,77.62,77.665,77.6,77.65,6550
2016-03-24 12:45:00,77.635,77.68,77.54,77.54,8378
2016-03-24 13:00:00,77.57,77.72,77.57,77.69,10232
2016-03-24 13:15:00,77.675,77.76,77.63,77.71,17210
2016-03-24 13:30:00,77.705,77.705,77.44,77.46,25827
2016-03-24 13:45:00,77.45,77.575,77.43,77.51,37896
2016-03-24 14:00:00,77.53,77.75,77.51,77.58,21717
2016-03-24 14:15:00,77.57,77.72,77.56,77.67,27657
2016-03-24 14:30:00,77.66,77.725,77.61,77.71,25437
2016-03-24 14:45:00,77.715,77.78,77.61,77.76,37161
2016-03-24 15:00:00,77.755,77.81,77.66,77.7,18771
2016-03-24 15:15:00,77.68,77.69,77.5997,77.67,21077
2016-03-24 15:30:00,77.67,77.7,77.6,77.63,21732
2016-03-24 15:45:00,77.63,77.66,77.5,77.65,30648
2016-03-24 16:00:00,77.65,77.65,77.29,77.34,161497
2016-03-28 09:45:00,77.57,78.47,77.42,78.37,201337
2016-03-28 10:00:00,78.36,78.47,78.2,78.3725,19826
2016-03-28 10:15:00,78.37,78.43,78.31,78.35,36549
2016-03-28 10:30:00,78.34,78.58,78.26,78.45,54757
2016-03-28 10:45:00,78.41,78.4393,78.33,78.41,9495
2016-03-28 11:00:00,78.41,78.44,78.27,78.376,9311
2016-03-28 11:15:00,78.4,78.41,78.21,78.24,14065
2016-03-28 11:30:00,78.22,78.32,78.22,78.26,3900
2016-03-28 11:45:00,78.28,78.3,78.2,78.22,4760
2016-03-28 12:00:00,78.26,78.34,78.18,78.23,22483
2016-03-28 12:15:00,78.25,78.27,78.1,78.2,85638
2016-03-28 12:30:00,78.23,78.28,78.18,78.21,52998
2016-03-28 12:45:00,78.2203,78.3,78.21,78.28,50236
2016-03-28 13:00:00,78.28,78.2875,78.19,78.19,93555
2016-03-28 13:15:00,78.19,78.28,78.13,78.15,23638
2016-03-28 13:30:00,78.2,78.3,78.19,78.25,12330
2016-03-28 13:45:00,78.29,78.29,78.05,78.2,20779
2016-03-28 14:00:00,78.2,78.2813,78.19,78.24,21665
2016-03-28 14:15:00,78.2303,78.31,78.2,78.24,35590
2016-03-28 14:30:00,78.24,78.27,78.12,78.15,20963
2016-03-28 14:45:00,78.17,78.21,78.11,78.16,18319
2016-03-28 15:00:00,78.15,78.21,78.11,78.1683,19625
2016-03-28 15:15:00,78.2,78.215,78.16,78.19,34432
2016-03-28 15:30:00,78.2,78.21,78.13,78.19,28865
2016-03-28 15:45:00,78.18,78.27,78.09,78.27,35513
2016-03-28 16:00:00,78.26,78.26,78.07,78.13,82336
2016-03-29 09:45:00,77.83,78.18,77.68,78.0,50307
2016-03-29 10:00:00,78.005,78.1,77.65,77.67,24199
2016-03-29 10:15:00,77.67,77.89,77.64,77.75,24130
2016-03-29 10:30:00,77.8,77.84,77.75,77.84,14529
2016-03-29 10:45:00,77.82,77.87,77.75,77.81,18033
2016-03-29 11:00:00,77.78,77.85,77.76,77.84,15846
2016-03-29 11:15:00,77.85,77.86,77.77,77.8,11855
2016-03-29 11:30:00,77.8299,77.84,77.77,77.78,11743
2016-03-29 11:45:00,77.79,77.81,77.6875,77.77,25473
2016-03-29 12:00:00,77.75,77.82,77.715,77.78,10706
2016-03-29 12:15:00,77.77,77.82,77.76,77.7975,10764
2016-03-29 12:30:00,77.81,78.05,77.77,78.04,23043
2016-03-29 12:45:00,78.05,78.125,78.0,78.125,26259
2016-03-29 13:00:00,78.11,78.15,78.06,78.09,13217
2016-03-29 13:15:00,78.085,78.1,78.027,78.1,7832
2016-03-29 13:30:00,78.1,78.14,78.0834,78.095,10303
2016-03-29 13:45:00,78.105,78.14,77.97,78.0,22197
2016-03-29 14:00:00,78.01,78.105,78.01,78.05,18654
2016-03-29 14:15:00,78.05,78.14,78.04,78.125,17596
2016-03-29 14:30:00,78.12,78.16,78.1,78.15,38930
2016-03-29 14:45:00,78.16,78.2,78.13,78.16,46651
2016-03-29 15:00:00,78.16,78.24,78.14,78.19,30222
2016-03-29 15:15:00,78.21,78.24,78.171,78.21,24120
2016-03-29 15:30:00,78.22,78.28,78.2,78.24,42421
2016-03-29 15:45:00,78.23,78.26,78.18,78.2,37455
2016-03-29 16:00:00,78.19,78.31,78.18,78.2,160573
2016-03-30 09:45:00,78.69,78.98,78.5,78.5,12462
2016-03-30 10:00:00,78.52,78.57,78.35,78.43,8933
2016-03-30 10:15:00,78.48,78.53,78.35,78.374,18900
2016-03-30 10:30:00,78.37,78.48,78.34,78.45,13604
2016-03-30 10:45:00,78.49,78.55,78.42,78.5,33546
2016-03-30 11:00:00,78.5,78.72,78.46,78.64,18803
2016-03-30 11:15:00,78.66,78.84,78.6,78.64,27950
2016-03-30 11:30:00,78.6999,78.6999,78.54,78.56,19772
2016-03-30 11:45:00,78.55,78.62,78.51,78.61,15167
2016-03-30 12:00:00,78.6,78.61,78.53,78.54,16157
2016-03-30 12:15:00,78.54,78.605,78.53,78.57,9774
2016-03-30 12:30:00,78.56,78.6,78.55,78.6,2986
2016-03-30 12:45:00,78.59,78.59,78.34,78.34,19241
2016-03-30 13:00:00,78.35,78.39,78.3102,78.39,8947
2016-03-30 13:15:00,78.41,78.45,78.36,78.44,7040
2016-03-30 13:30:00,78.42,78.46,78.34,78.46,6609
2016-03-30 13:45:00,78.49,78.54,78.42,78.5,13372
2016-03-30 14:00:00,78.505,78.515,78.445,78.515,14003
2016-03-30 14:15:00,78.52,78.5999,78.46,78.48,23946
2016-03-30 14:30:00,78.48,78.58,78.48,78.54,31637
2016-03-30 14:45:00,78.53,78.55,78.44,78.53,22758
2016-03-30 15:00:00,78.57,78.58,78.42,78.49,19373
2016-03-30 15:15:00,78.48,78.6,78.46,78.54,19662
2016-03-30 15:30:00,78.54,78.67,78.52,78.64,42990
2016-03-30 15:45:00,78.64,78.74,78.58,78.71,37397
2016-03-30 16:00:00,78.71,78.73,78.54,78.55,128982
2016-03-31 09:45:00,78.55,79.08,78.55,78.855,37982
2016-03-31 10:00:00,78.86,78.91,78.61,78.8,40754
2016-03-31 10:15:00,78.805,78.99,78.76,78.943,47083
2016-03-31 10:30:00,78.93,78.95,78.8,78.85,27744
2016-03-31 10:45:00,78.85,79.08,78.84,79.065,46709
2016-03-31 11:00:00,79.065,79.33,79.04,79.32,56710
2016-03-31 11:15:00,79.34,79.5,79.34,79.39,58846
2016-03-31 11:30:00,79.415,79.43,79.31,79.39,81587
2016-03-31 11:45:00,79.395,79.59,79.39,79.58,92237
2016-03-31 12:00:00,79.58,79.64,79.45,79.61,68166
2016-03-31 12:15:00,79.61,79.64,79.495,79.59,40518
2016-03-31 12:30:00,79.58,79.66,79.56,79.6226,22767
2016-03-31 12:45:00,79.6101,79.95,79.6101,79.95,35895
2016-03-31 13:00:00,79.95,80.175,79.92,80.08,76717
2016-03-31 13:15:00,80.09,80.1,79.98,80.02,31532
2016-03-31 13:30:00,80.02,80.05,79.93,80.04,33619
2016-03-31 13:45:00,80.04,80.05,79.955,80.0,43090
2016-03-31 14:00:00,79.99,80.15,79.95,80.055,24705
2016-03-31 14:15:00,80.05,80.06,80.0,80.01,37653
2016-03-31 14:30:00,80.01,80.09,79.93,79.99,28835
2016-03-31 14:45:00,80.0,80.09,79.95,80.04,50255
2016-03-31 15:00:00,80.05,80.1,79.98,80.02,78625
2016-03-31 15:15:00,80.02,80.14,80.01,80.13,58374
2016-03-31 15:30:00,80.13,80.33,80.12,80.24,47810
2016-03-31 15:45:00,80.26,80.3,80.18,80.19,172738
2016-03-31 16:00:00,80.2,80.27,80.07,80.09,314903
2016-04-01 09:45:00,79.57,79.9578,78.7,79.45,47506
2016-04-01 10:00:00,79.31,79.48,79.05,79.44,41069
2016-04-01 10:15:00,79.47,79.66,79.4,79.55,15048
2016-04-01 10:30:00,79.565,79.63,79.52,79.59,17805
2016-04-01 10:45:00,79.59,79.8,79.56,79.75,27718
2016-04-01 11:00:00,79.78,79.81,79.6,79.78,17176
2016-04-01 11:15:00,79.7999,79.81,79.7,79.79,20937
2016-04-01 11:30:00,79.78,79.86,79.74,79.84,18013
2016-04-01 11:45:00,79.8,79.9,79.78,79.83,16054
2016-04-01 12:00:00,79.805,79.82,79.52,79.595,23522
2016-04-01 12:15:00,79.6,79.62,79.43,79.447,25306
2016-04-01 12:30:00,79.42,79.5,79.38,79.41,11662
2016-04-01 12:45:00,79.4,79.56,79.37,79.56,13374
2016-04-01 13:00:00,79.57,79.59,79.48,79.51,9447
2016-04-01 13:15:00,79.53,79.5504,79.46,79.515,9703
2016-04-01 13:30:00,79.51,79.55,79.46,79.48,16391
2016-04-01 13:45:00,79.5,79.59,79.44,79.525,27430
2016-04-01 14:00:00,79.51,79.615,79.48,79.55,20451
2016-04-01 14:15:00,79.54,79.61,79.52,79.56,15300
2016-04-01 14:30:00,79.58,79.58,79.4408,79.52,24609
2016-04-01 14:45:00,79.54,79.56,79.4793,79.55,30842
2016-04-01 15:00:00,79.55,79.63,79.54,79.61,24650
2016-04-01 15:15:00,79.62,79.63,79.49,79.49,34586
2016-04-01 15:30:00,79.495,79.54,79.34,79.38,53348
2016-04-01 15:45:00,79.38,79.51,79.36,79.49,46480
2016-04-01 16:00:00,79.48,79.52,79.01,79.17,259347
2016-04-04 09:45:00,79.37,80.44,79.29,79.51,51079
2016-04-04 10:00:00,79.43,79.7,79.36,79.66,16032
2016-04-04 10:15:00,79.65,79.94,79.64,79.88,22794
2016-04-04 10:30:00,79.87,79.93,79.79,79.9,26754
2016-04-04 10:45:00,79.915,80.03,79.9,79.97,28369
2016-04-04 11:00:00,79.985,80.048,79.88,79.895,29121
2016-04-04 11:15:00,79.92,80.0,79.815,80.0,22057
2016-04-04 11:30:00,79.99,80.07,79.97,80.04,20972
2016-04-04 11:45:00,80.03,80.04,79.94,80.01,23200
2016-04-04 12:00:00,80.0,80.015,79.9,80.0,17715
2016-04-04 12:15:00,80.005,80.11,79.98,80.05,28679
2016-04-04 12:30:00,80.03,80.168,79.98,80.14,26932
2016-04-04 12:45:00,80.14,80.14,79.9227,79.99,15422
2016-04-04 13:00:00,79.98,79.98,79.9,79.955,14217
2016-04-04 13:15:00,79.95,80.0,79.92,79.9801,12344
2016-04-04 13:30:00,79.99,80.0,79.96,79.9883,10779
2016-04-04 13:45:00,80.0,80.005,79.86,79.92,27577
2016-04-04 14:00:00,79.915,79.98,79.86,79.875,11429
2016-04-04 14:15:00,79.86,79.86,79.69,79.72,49299
2016-04-04 14:30:00,79.71,79.83,79.7,79.81,28400
2016-04-04 14:45:00,79.81,79.82,79.65,79.75,30829
2016-04-04 15:00:00,79.78,79.8,79.65,79.66,21378
2016-04-04 15:15:00,79.64,79.69,79.59,79.63,25838
2016-04-04 15:30:00,79.64,79.69,79.62,79.65,28749
2016-04-04 15:45:00,79.64,79.73,79.64,79.73,61209
2016-04-04 16:00:00,79.72,79.86,79.66,79.7,138340
2016-04-05 09:45:00,79.74,79.99,78.84,78.8511,43638
2016-04-05 10:00:00,78.9175,79.14,78.83,79.07,48720
2016-04-05 10:15:00,79.11,79.2599,79.0001,79.0001,34644
2016-04-05 10:30:00,79.025,79.15,78.97,79.0,22065
2016-04-05 10:45:00,79.0299,79.19,79.0,79.19,20482
2016-04-05 11:00:00,79.2,79.21,79.09,79.14,20853
2016-04-05 11:15:00,79.2,79.35,79.15,79.2,28243
2016-04-05 11:30:00,79.2,79.32,79.15,79.18,15394
2016-04-05 11:45:00,79.19,79.22,79.13,79.18,12101
2016-04-05 12:00:00,79.18,79.22,79.005,79.02,13000
2016-04-05 12:15:00,79.04,79.14,78.98,79.12,11007
2016-04-05 12:30:00,79.115,79.115,78.97399999999999,78.99,28834
2016-04-05 12:45:00,78.99,79.005,78.77,78.77,16850
2016-04-05 13:00:00,78.78,78.84,78.725,78.7832,12920
2016-04-05 13:15:00,78.79,78.8325,78.67,78.715,11431
2016-04-05 13:30:00,78.725,78.85,78.71,78.85,12294
2016-04-05 13:45:00,78.86,78.895,78.79,78.79,16760
2016-04-05 14:00:00,78.79,78.97,78.79,78.895,13014
2016-04-05 14:15:00,78.89,78.92,78.8235,78.8773,19243
2016-04-05 14:30:00,78.87,78.96,78.83,78.89,12210
2016-04-05 14:45:00,78.9,79.01,78.9,78.99,27189
2016-04-05 15:00:00,78.99,79.01,78.88,78.88,16896
2016-04-05 15:15:00,78.88,78.89,78.6,78.64,30595
2016-04-05 15:30:00,78.65,78.66,78.46,78.52,30140
2016-04-05 15:45:00,78.53,78.53,78.23,78.26,71855
2016-04-05 16:00:00,78.25,78.34,77.78,77.83,279862
2016-04-06 09:45:00,77.76,78.09,77.72,78.045,47927
2016-04-06 10:00:00,78.02,78.07,77.9,77.96,29382
2016-04-06 10:15:00,77.975,78.32,77.82,78.19,60212
2016-04-06 10:30:00,78.178,78.331,78.08,78.23,22395
2016-04-06 10:45:00,78.23,78.52,78.13,78.45,31240
2016-04-06 11:00:00,78.42,78.59,78.37,78.52,28536
2016-04-06 11:15:00,78.515,78.83,78.44,78.82,31861
2016-04-06 11:30:00,78.82,78.95,78.82,78.895,17037
2016-04-06 11:45:00,78.92,79.07,78.92,79.04,14656
2016-04-06 12:00:00,79.04,79.08,78.86,78.86,26558
2016-04-06 12:15:00,78.87,79.05,78.87,79.05,18761
2016-04-06 12:30:00,79.04,79.135,79.03,79.12,9700
2016-04-06 12:45:00,79.13,79.31,79.11,79.29,16976
2016-04-06 13:00:00,79.33,79.39,79.23,79.385,17658
2016-04-06 13:15:00,79.385,79.59,79.35,79.4869,28134
2016-04-06 13:30:00,79.5,79.52,79.36,79.42,20959
2016-04-06 13:45:00,79.41,79.42,79.27,79.38,16024
2016-04-06 14:00:00,79.38,79.56,79.31,79.31,12995
2016-04-06 14:15:00,79.31,79.32,79.14,79.2,22355
2016-04-06 14:30:00,79.2,79.35,79.17,79.31,26534
2016-04-06 14:45:00,79.3,79.33,79.09,79.21,24245
2016-04-06 15:00:00,79.22,79.4396,79.2101,79.4396,21682
2016-04-06 15:15:00,79.43,79.53,79.34,79.45,34102
2016-04-06 15:30:00,79.465,79.675,79.45,79.675,40243
2016-04-06 15:45:00,79.65,79.66,79.48,79.57,54665
2016-04-06 16:00:00,79.56,79.79,79.51,79.71,152105
2016-04-07 09:45:00,78.99,79.4972,78.73,78.9,31897
2016-04-07 10:00:00,78.88,79.48,78.79,79.355,26314
2016-04-07 10:15:00,79.33,79.52,79.3211,79.39,29657
2016-04-07 10:30:00,79.38,79.44,79.24,79.3,19770
2016-04-07 10:45:00,79.2124,79.34,79.2,79.285,21035
2016-04-07 11:00:00,79.28,79.36,79.225,79.27,17343
2016-04-07 11:15:00,79.23,79.26,78.81,78.9,12152
2016-04-07 11:30:00,78.89,78.89,78.76,78.85,12639
2016-04-07 11:45:00,78.85,78.93,78.81,78.85,9003
2016-04-07 12:00:00,78.83,78.915,78.755,78.8,13080
2016-04-07 12:15:00,78.8,78.85,78.62,78.62,5821
2016-04-07 12:30:00,78.62,78.62,78.39,78.47,8923
2016-04-07 12:45:00,78.43,78.46,78.29,78.3048,15457
2016-04-07 13:00:00,78.28,78.43,78.28,78.42,12896
2016-04-07 13:15:00,78.39,78.48,78.34,78.46,8693
2016-04-07 13:30:00,78.47,78.48,78.31,78.31,6487
2016-04-07 13:45:00,78.31,78.31,78.24,78.27,11339
2016-04-07 14:00:00,78.28,78.31,78.158,78.22,19688
2016-04-07 14:15:00,78.23,78.23,77.96,78.0,15256
2016-04-07 14:30:00,77.99,78.09,77.85,78.07,26237
2016-04-07 14:45:00,78.09,78.13,78.02,78.04,17267
2016-04-07 15:00:00,78.04,78.04,77.68,77.6902,45856
2016-04-07 15:15:00,77.695,78.05,77.63,78.05,46953
2016-04-07 15:30:00,78.05,78.15,78.04,78.14,26283
2016-04-07 15:45:00,78.13600000000001,78.32,78.09,78.31,123395
2016-04-07 16:00:00,78.328,78.49,78.315,78.47,158334
2016-04-08 09:45:00,78.84,78.84,77.5,77.81,30688
2016-04-08 10:00:00,77.8,78.24,77.55199999999999,78.15,22110
2016-04-08 10:15:00,78.18,78.18,77.97,78.06,16638
2016-04-08 10:30:00,78.06,78.14,77.97,78.1,22088
2016-04-08 10:45:00,78.14,78.3,78.0,78.3,13510
2016-04-08 11:00:00,78.275,78.34,78.18,78.24,22289
2016-04-08 11:15:00,78.23,78.79,78.23,78.79,57573
2016-04-08 11:30:00,78.78,79.02,78.63,78.9201,50368
2016-04-08 11:45:00,78.98,79.01,78.86,78.96,22267
2016-04-08 12:00:00,78.945,79.05,78.83,78.95,35778
2016-04-08 12:15:00,78.91,79.14,78.9,79.0,19020
2016-04-08 12:30:00,79.02,79.09,78.64,78.68,41855
2016-04-08 12:45:00,78.64,78.77,78.53,78.74,18030
2016-04-08 13:00:00,78.735,78.84,78.6599,78.73,17302
2016-04-08 13:15:00,78.7,78.78,78.61,78.77,22840
2016-04-08 13:30:00,78.76,78.92,78.74,78.91,15139
2016-04-08 13:45:00,78.9,78.98,78.8,78.8,15563
2016-04-08 14:00:00,78.8,78.95,78.8,78.93,20476
2016-04-08 14:15:00,78.93,79.19,78.93,79.18,21440
2016-04-08 14:30:00,79.18,79.2,79.0,79.05,20488
2016-04-08 14:45:00,79.05,79.05,78.88,78.88,22678
2016-04-08 15:00:00,78.88,78.97,78.76,78.76,28329
2016-04-08 15:15:00,78.74,78.78,78.47,78.59,26433
2016-04-08 15:30:00,78.58,78.61,78.44,78.54,31380
2016-04-08 15:45:00,78.55,78.56,78.37,78.439,41148
2016-04-08 16:00:00,78.44,78.77,78.44,78.76,136105
2016-04-11 09:45:00,79.31,79.89,79.02,79.75,40307
2016-04-11 10:00:00,79.77,79.95,79.71,79.922,32865
2016-04-11 10:15:00,79.92,80.2,79.78,80.08,20666
2016-04-11 10:30:00,80.12,80.15,79.96,80.06,15533
2016-04-11 10:45:00,80.08,80.21,79.91,80.04,33265
2016-04-11 11:00:00,80.03,80.3,79.99,80.14,29252
2016-04-11 11:15:00,80.06,80.2121,80.01,80.015,21140
2016-04-11 11:30:00,80.01,80.12,79.98,80.08,11984
2016-04-11 11:45:00,80.08,80.1,79.73,80.0,55493
2016-04-11 12:00:00,79.97,80.09,79.81,80.06,20522
2016-04-11 12:15:00,80.04,80.22,79.93,80.203,21917
2016-04-11 12:30:00,80.2125,80.24,80.1,80.13,11136
2016-04-11 12:45:00,80.1,80.2,79.98,80.07,10238
2016-04-11 13:00:00,80.09,80.234,80.07,80.16,24896
2016-04-11 13:15:00,80.19,80.2299,80.11,80.15,16213
2016-04-11 13:30:00,80.16,80.16,79.8901,79.92,23593
2016-04-11 13:45:00,79.935,80.09,79.9,79.9,27823
2016-04-11 14:00:00,79.85,79.8794,79.73100000000001,79.78,30694
2016-04-11 14:15:00,79.79,79.82,79.62,79.78,30417
2016-04-11 14:30:00,79.74,79.97,79.67,79.9,19391
2016-04-11 14:45:00,79.9,79.93,79.79,79.9,14808
2016-04-11 15:00:00,79.89,79.955,79.82,79.855,16769
2016-04-11 15:15:00,79.85,79.85,79.68,79.8,19658
2016-04-11 15:30:00,79.79,79.95,79.75,79.7863,33985
2016-04-11 15:45:00,79.77,79.7801,79.53,79.57,38381
2016-04-11 16:00:00,79.565,79.66,79.36,79.44,204078
2016-04-12 09:45:00,79.81,79.95,79.4201,79.53,28899
2016-04-12 10:00:00,79.615,79.68,79.355,79.59,21706
2016-04-12 10:15:00,79.62,80.0,79.615,79.96,28230
2016-04-12 10:30:00,79.955,80.28,79.77,80.28,27877
2016-04-12 10:45:00,80.26,80.78,80.08,80.32,89784
2016-04-12 11:00:00,80.32,80.81,80.2,80.63,43331
2016-04-12 11:15:00,80.64,80.65,80.5,80.57,17180
2016-04-12 11:30:00,80.58,80.75,80.56,80.75,17115
2016-04-12 11:45:00,80.75,80.79,80.64,80.66,26845
2016-04-12 12:00:00,80.66,80.78,80.58,80.66,27096
2016-04-12 12:15:00,80.66,80.66,80.44,80.46,13377
2016-04-12 12:30:00,80.47,80.67,80.47,80.575,17390
2016-04-12 12:45:00,80.5811,80.74,80.57,80.74,6557
2016-04-12 13:00:00,80.73,80.78,80.57,80.59,15453
2016-04-12 13:15:00,80.57,80.66,80.57,80.58,10437
2016-04-12 13:30:00,80.555,80.6,80.47,80.47,11242
2016-04-12 13:45:00,80.46,80.55,80.46,80.54,11078
2016-04-12 14:00:00,80.53,80.73,80.52,80.72,20990
2016-04-12 14:15:00,80.69,80.81,80.67,80.78,34230
2016-04-12 14:30:00,80.79,80.83,80.68,80.81,17285
2016-04-12 14:45:00,80.82,80.885,80.77,80.81,22458
2016-04-12 15:00:00,80.8174,80.8174,80.72,80.7601,22511
2016-04-12 15:15:00,80.77,80.875,80.75,80.81,30019
2016-04-12 15:30:00,80.81,80.82,80.61,80.79,66346
2016-04-12 15:45:00,80.79,80.975,80.79,80.88,76030
2016-04-12 16:00:00,80.86,80.97,80.8,80.94,162650
2016-04-13 09:45:00,81.05,81.58,80.98,81.2725,28898
2016-04-13 10:00:00,81.23,81.4908,80.995,81.4908,21279
2016-04-13 10:15:00,81.66,81.68,81.39,81.67,27445
2016-04-13 10:30:00,81.68,81.74,81.433,81.74,15983
2016-04-13 10:45:00,81.72,81.75,81.43,81.46,25967
2016-04-13 11:00:00,81.46,81.59,81.3704,81.455,16232
2016-04-13 11:15:00,81.47,81.52,81.31,81.38,16395
2016-04-13 11:30:00,81.42,81.56,81.35,81.5,13005
2016-04-13 11:45:00,81.52,81.69,81.52,81.64,23497
2016-04-13 12:00:00,81.69,81.85,81.69,81.85,12227
2016-04-13 12:15:00,81.845,81.845,81.59,81.63,13652
2016-04-13 12:30:00,81.57,81.64,81.55,81.63,13788
2016-04-13 12:45:00,81.6199,81.6199,81.312,81.4,24228
2016-04-13 13:00:00,81.4,81.4,81.17,81.29,15807
2016-04-13 13:15:00,81.3,81.44,81.2701,81.42,13617
2016-04-13 13:30:00,81.4305,81.4399,81.27,81.3275,14409
2016-04-13 13:45:00,81.35,81.44,81.32,81.32,10385
2016-04-13 14:00:00,81.35,81.5,81.35,81.4899,17659
2016-04-13 14:15:00,81.48,81.53,81.35,81.35,21495
2016-04-13 14:30:00,81.37,81.53,81.37,81.45,27545
2016-04-13 14:45:00,81.46,81.59,81.42,81.58,25079
2016-04-13 15:00:00,81.59,81.6122,81.46,81.52,18255
2016-04-13 15:15:00,81.51,81.61,81.5,81.5,20092
2016-04-13 15:30:00,81.505,81.505,81.36,81.46,22148
2016-04-13 15:45:00,81.46,81.505,81.33,81.49,42145
2016-04-13 16:00:00,81.5,81.55,81.39,81.5,87397
2016-04-14 09:45:00,81.85,81.96,81.4,81.85,43607
2016-04-14 10:00:00,81.88,81.89,81.41,81.42,16504
2016-04-14 10:15:00,81.38,81.53,81.26,81.26,8086
2016-04-14 10:30:00,81.31,81.37,81.2,81.2,11799
2016-04-14 10:45:00,81.2,81.38,81.2,81.35,10860
2016-04-14 11:00:00,81.34,81.45,81.29,81.37,17415
2016-04-14 11:15:00,81.34,81.4499,81.2,81.23,45113
2016-04-14 11:30:00,81.26,81.26,81.19,81.2263,27645
2016-04-14 11:45:00,81.22,81.26,81.17,81.24,14836
2016-04-14 12:00:00,81.2301,81.34,81.17,81.34,15037
2016-04-14 12:15:00,81.35,81.406,81.22,81.22,31068
2016-04-14 12:30:00,81.22,81.31,81.21,81.25,6721
2016-04-14 12:45:00,81.245,81.39,81.2,81.36,8291
2016-04-14 13:00:00,81.36,81.37,81.24,81.28,7251
2016-04-14 13:15:00,81.29,81.44,81.27199999999999,81.34,7498
2016-04-14 13:30:00,81.34,81.37,81.29,81.35,6404
2016-04-14 13:45:00,81.32,81.3526,81.2132,81.27,9579
2016-04-14 14:00:00,81.27,81.3,81.21,81.29,13669
2016-04-14 14:15:00,81.3099,81.31,81.21,81.2843,12629
2016-04-14 14:30:00,81.2773,81.395,81.2773,81.355,20249
2016-04-14 14:45:00,81.34,81.355,81.23,81.26,14587
2016-04-14 15:00:00,81.26,81.46,81.26,81.39,20023
2016-04-14 15:15:00,81.39,81.47,81.32,81.3331,22099
2016-04-14 15:30:00,81.33,81.37,81.23,81.23,27486
2016-04-14 15:45:00,81.23,81.34,81.23,81.32,32469
2016-04-14 16:00:00,81.33,81.37,81.26,81.34,64419
2016-04-15 09:45:00,81.32,81.99,81.0,81.66,89380
2016-04-15 10:00:00,81.69,81.74,81.12,81.21,86570
2016-04-15 10:15:00,81.22,81.22,80.95,81.0,63362
2016-04-15 10:30:00,81.02,81.39,81.0,81.39,58633
2016-04-15 10:45:00,81.39,81.65,81.32,81.46,69942
2016-04-15 11:00:00,81.49,81.87,81.49,81.77,28305
2016-04-15 11:15:00,81.78,81.82,81.53,81.71,31425
2016-04-15 11:30:00,81.71,81.95,81.71,81.92,19724
2016-04-15 11:45:00,81.92,82.1,81.85,82.02,46760
2016-04-15 12:00:00,82.02,82.15,82.0174,82.1,37510
2016-04-15 12:15:00,82.102,82.11,81.95,81.97,21537
2016-04-15 12:30:00,81.97,82.2,81.96,82.2,21745
2016-04-15 12:45:00,82.19,82.195,82.03,82.1,28464
2016-04-15 13:00:00,82.12,82.16,82.08,82.1,14658
2016-04-15 13:15:00,82.1,82.11,81.98,82.07,22131
2016-04-15 13:30:00,82.06,82.2,82.05,82.14,22283
2016-04-15 13:45:00,82.15,82.21799999999999,82.13,82.13,44419
2016-04-15 14:00:00,82.1338,82.23,82.1338,82.23,25312
2016-04-15 14:15:00,82.22,82.37,82.2001,82.33,57593
2016-04-15 14:30:00,82.34,82.61,82.33,82.58,38976
2016-04-15 14:45:00,82.59,82.59,82.38,82.52,55552
2016-04-15 15:00:00,82.54,82.55,82.37,82.48,47810
2016-04-15 15:15:00,82.4766,82.505,82.37,82.37,38999
2016-04-15 15:30:00,82.3899,82.49,82.36,82.47,42837
2016-04-15 15:45:00,82.47,82.5,82.31,82.39,67215
2016-04-15 16:00:00,82.38,82.51,82.19,82.44,172637
2016-04-18 09:45:00,87.34,88.0,85.51,85.88,623836
2016-04-18 10:00:00,85.96,86.13,84.57,85.29,356579
2016-04-18 10:15:00,85.42,86.0,85.28,85.925,227601
2016-04-18 10:30:00,85.935,86.4792,85.81,86.415,160116
2016-04-18 10:45:00,86.46,86.7,86.22,86.4,184038
2016-04-18 11:00:00,86.4,87.0487,86.31,86.95,118281
2016-04-18 11:15:00,86.945,87.0,86.61,86.79,82149
2016-04-18 11:30:00,86.7795,86.9999,86.5908,86.675,51514
2016-04-18 11:45:00,86.65,87.0,86.61,86.85,73611
2016-04-18 12:00:00,86.815,86.95,86.63,86.71,53589
2016-04-18 12:15:00,86.72,86.919,86.65,86.72,52883
2016-04-18 12:30:00,86.735,86.8732,86.51,86.8451,67659
2016-04-18 12:45:00,86.81,86.98,86.725,86.73,43889
2016-04-18 13:00:00,86.75,86.88,86.42,86.46,120886
2016-04-18 13:15:00,86.495,86.6,86.44,86.52,49821
2016-04-18 13:30:00,86.57,86.75,86.46,86.55,41373
2016-04-18 13:45:00,86.56,86.73,86.48,86.64,34512
2016-04-18 14:00:00,86.645,86.72,86.54,86.58,38852
2016-04-18 14:15:00,86.6,87.14,86.57,87.08,118736
2016-04-18 14:30:00,87.09,87.25,86.97,87.05,71466
2016-04-18 14:45:00,87.02,87.2385,87.01,87.14,44206
2016-04-18 15:00:00,87.09,87.33,87.08,87.165,51942
2016-04-18 15:15:00,87.21,87.26,86.99,87.02,56440
2016-04-18 15:30:00,87.02,87.3,87.0,87.26,59971
2016-04-18 15:45:00,87.26,87.41,87.12,87.355,132102
2016-04-18 16:00:00,87.3539,87.4,87.11,87.18,283849
2016-04-19 09:45:00,87.71,88.53,86.74,87.796,163795
2016-04-19 10:00:00,87.72,87.72,86.76,86.84,45825
2016-04-19 10:15:00,86.85,87.25,86.7,87.13,78271
2016-04-19 10:30:00,87.13,87.32,86.96,86.99,34045
2016-04-19 10:45:00,86.98,87.04,86.7,86.87,67431
2016-04-19 11:00:00,86.8615,87.1,86.82,87.04,65642
2016-04-19 11:15:00,87.03,87.13,86.88,86.96,49469
2016-04-19 11:30:00,86.97,86.98,86.7,86.71,66079
2016-04-19 11:45:00,86.71,87.21,86.67,87.1,97370
2016-04-19 12:00:00,87.0994,87.33,86.9,86.9,25622
2016-04-19 12:15:00,86.9,86.91,86.66,86.76,54746
2016-04-19 12:30:00,86.76,86.8,86.67,86.69,24484
2016-04-19 12:45:00,86.7,86.8,86.7,86.75,15201
2016-04-19 13:00:00,86.73,86.88,86.68,86.7997,25401
2016-04-19 13:15:00,86.81,86.99,86.7601,86.83,31985
2016-04-19 13:30:00,86.85,86.97,86.73,86.9,23837
2016-04-19 13:45:00,86.87,86.87,86.72,86.76,17011
2016-04-19 14:00:00,86.74,86.87,86.73,86.78,19192
2016-04-19 14:15:00,86.78,86.91,86.78,86.87,26472
2016-04-19 14:30:00,86.88,87.0,86.85,86.8944,38233
2016-04-19 14:45:00,86.8751,86.97,86.74,86.9,25099
2016-04-19 15:00:00,86.9,86.9,86.7,86.74,31916
2016-04-19 15:15:00,86.74,86.92,86.72,86.88,42506
2016-04-19 15:30:00,86.87,86.99,86.81,86.92,55321
2016-04-19 15:45:00,86.92,87.02,86.86,86.88,69267
2016-04-19 16:00:00,86.87,87.06,86.8,87.02,203423
2016-04-20 09:45:00,85.22,86.78,85.18,86.29,119599
2016-04-20 10:00:00,86.34,86.44,85.99,86.29,113671
2016-04-20 10:15:00,86.33,86.37,85.8339,85.85,74375
2016-04-20 10:30:00,85.84,85.89,85.44,85.47,66833
2016-04-20 10:45:00,85.46,85.6,85.31,85.57,132732
2016-04-20 11:00:00,85.6,85.94,85.5675,85.848,38408
2016-04-20 11:15:00,85.815,86.11,85.815,86.1,43024
2016-04-20 11:30:00,86.1,86.26,86.04,86.21,52472
2016-04-20 11:45:00,86.19200000000001,86.36,86.15,86.32,32927
2016-04-20 12:00:00,86.32,86.5,86.29,86.49,57921
2016-04-20 12:15:00,86.48,86.56,86.41,86.48,38986
2016-04-20 12:30:00,86.49,86.63,86.484,86.63,55240
2016-04-20 12:45:00,86.64,86.69,86.59,86.68,17968
2016-04-20 13:00:00,86.675,86.72,86.51,86.63,29181
2016-04-20 13:15:00,86.65,86.65,86.48,86.51,14257
2016-04-20 13:30:00,86.52,86.53,86.46,86.52,14602
2016-04-20 13:45:00,86.52,86.67,86.52,86.67,31089
2016-04-20 14:00:00,86.66,86.71,86.64,86.65,16688
2016-04-20 14:15:00,86.67,86.69,86.54,86.5499,23638
2016-04-20 14:30:00,86.55,86.62,86.52,86.55,18603
2016-04-20 14:45:00,86.54,86.587,86.49,86.57,22815
2016-04-20 15:00:00,86.57,86.67,86.565,86.618,22994
2016-04-20 15:15:00,86.6,86.61,86.5,86.6,42132
2016-04-20 15:30:00,86.59,86.63,86.525,86.525,59904
2016-04-20 15:45:00,86.52,86.53,86.27,86.4,88895
2016-04-20 16:00:00,86.405,86.51,86.3,86.51,255034
2016-04-21 09:45:00,86.0,86.98,85.67,86.47,63311
2016-04-21 10:00:00,86.455,87.15,86.42,87.07,38640
2016-04-21 10:15:00,87.04,87.07,86.8,87.01,43739
2016-04-21 10:30:00,86.98,87.14,86.64,86.67,28105
2016-04-21 10:45:00,86.6452,87.05,86.62,86.69,33087
2016-04-21 11:00:00,86.71,86.944,86.71,86.74,24242
2016-04-21 11:15:00,86.75,86.99,86.75,86.93,19485
2016-04-21 11:30:00,86.93,87.04,86.76,86.83,92572
2016-04-21 11:45:00,86.81,86.85,86.57,86.645,43308
2016-04-21 12:00:00,86.63,86.81,86.5,86.7,31167
2016-04-21 12:15:00,86.7,86.7,86.45,86.59,29236
2016-04-21 12:30:00,86.59,86.61,86.39,86.5796,17158
2016-04-21 12:45:00,86.54,86.55,86.46,86.52,10068
2016-04-21 13:00:00,86.52,86.54,86.37,86.4301,11927
2016-04-21 13:15:00,86.44,86.56,86.37,86.37,31246
2016-04-21 13:30:00,86.35,86.46,86.29,86.38,21277
2016-04-21 13:45:00,86.34,86.46,86.24,86.43,11651
2016-04-21 14:00:00,86.42,86.46,86.35,86.39,23819
2016-04-21 14:15:00,86.42,86.64,86.39,86.615,45537
2016-04-21 14:30:00,86.6,86.64,86.49,86.52,22158
2016-04-21 14:45:00,86.5,86.5403,86.31,86.49,39876
2016-04-21 15:00:00,86.49,86.67,86.49,86.67,21008
2016-04-21 15:15:00,86.67,86.83,86.66,86.83,38927
2016-04-21 15:30:00,86.84,86.87,86.73,86.81,42299
2016-04-21 15:45:00,86.82,86.95,86.82,86.94,55388
2016-04-21 16:00:00,86.93,87.02,86.775,86.79,143858
2016-04-22 09:45:00,86.91,87.23,86.8004,86.975,121185
2016-04-22 10:00:00,86.9766,87.12,86.91,87.06,53378
2016-04-22 10:15:00,87.04,87.1334,86.9,87.03,46843
2016-04-22 10:30:00,87.04,87.07,86.75,87.035,120951
2016-04-22 10:45:00,87.03,87.09,86.96,86.99,34322
2016-04-22 11:00:00,86.97,86.995,86.81,86.84,25342
2016-04-22 11:15:00,86.85,86.99,86.81,86.98,66063
2016-04-22 11:30:00,86.97,87.2,86.92,87.03,68177
2016-04-22 11:45:00,87.06,87.25,87.0594,87.09,87672
2016-04-22 12:00:00,87.08,87.19,87.03,87.18,20331
2016-04-22 12:15:00,87.2,87.22,86.96,87.02,13103
2016-04-22 12:30:00,87.01,87.03,86.89,86.92,12005
2016-04-22 12:45:00,86.94,87.16,86.93,87.15,18113
2016-04-22 13:00:00,87.14,87.16,87.06,87.15,21400
2016-04-22 13:15:00,87.16,87.67,87.16,87.64,87689
2016-04-22 13:30:00,87.66,87.66,87.37,87.39,22195
2016-04-22 13:45:00,87.36,87.59,87.23,87.59,19935
2016-04-22 14:00:00,87.51,87.53,87.35,87.36,34645
2016-04-22 14:15:00,87.4,87.6,87.31,87.37,84314
2016-04-22 14:30:00,87.34,87.4799,87.32,87.42,14563
2016-04-22 14:45:00,87.42,87.49,87.34,87.47,14604
2016-04-22 15:00:00,87.46,87.53,87.44,87.51,39310
2016-04-22 15:15:00,87.5,87.64,87.42,87.62,63744
2016-04-22 15:30:00,87.615,87.63,87.49,87.53,43180
2016-04-22 15:45:00,87.52,87.52,87.28,87.32,47785
2016-04-22 16:00:00,87.33,87.51,87.3297,87.43,172077
2016-04-25 09:45:00,87.0,87.28,86.64,86.72,67357
2016-04-25 10:00:00,86.71,87.49,86.65,87.49,34346
2016-04-25 10:15:00,87.4,87.51,86.92,87.07,102210
2016-04-25 10:30:00,87.055,87.12,86.65,86.98,44592
2016-04-25 10:45:00,86.985,87.42,86.93,87.4,29148
2016-04-25 11:00:00,87.39,87.44,87.21,87.21,7709
2016-04-25 11:15:00,87.21,87.5,87.21,87.445,33795
2016-04-25 11:30:00,87.43,87.52,87.25,87.485,34092
2016-04-25 11:45:00,87.485,87.5499,87.38,87.51,62267
2016-04-25 12:00:00,87.46,87.6,87.44,87.48,23468
2016-04-25 12:15:00,87.48,87.55,87.21,87.21,7286
2016-04-25 12:30:00,87.21,87.23,87.05,87.09,9112
2016-04-25 12:45:00,87.08,87.16,87.06,87.12,6942
2016-04-25 13:00:00,87.13,87.42,87.125,87.42,7726
2016-04-25 13:15:00,87.43,87.59,87.34,87.53,9728
2016-04-25 13:30:00,87.48,87.49,87.35,87.39,6888
2016-04-25 13:45:00,87.36,87.39,87.22,87.25,6784
2016-04-25 14:00:00,87.26,87.33,87.24,87.28,9926
2016-04-25 14:15:00,87.3,87.32,87.1713,87.22,9531
2016-04-25 14:30:00,87.24,87.31,87.22,87.27,16842
2016-04-25 14:45:00,87.27,87.35,87.25,87.335,16866
2016-04-25 15:00:00,87.335,87.345,87.3,87.32,13848
2016-04-25 15:15:00,87.32,87.36,87.13,87.13,84337
2016-04-25 15:30:00,87.14,87.22,87.04,87.21,43389
2016-04-25 15:45:00,87.21,87.37,87.19,87.3018,65089
2016-04-25 16:00:00,87.3,87.35,87.14,87.24,126456
2016-04-26 09:45:00,87.28,87.73,86.69,86.69,25970
2016-04-26 10:00:00,86.75,87.4,86.72,87.31,86751
2016-04-26 10:15:00,87.31,87.57,86.82,86.96,67637
2016-04-26 10:30:00,86.96,87.25,86.9,87.21,61546
2016-04-26 10:45:00,87.227,87.25,87.14,87.24,23003
2016-04-26 11:00:00,87.24,87.24,86.95,86.95,20702
2016-04-26 11:15:00,86.98,87.25,86.98,87.19,20390
2016-04-26 11:30:00,87.19,87.234,87.07,87.2,37308
2016-04-26 11:45:00,87.18,87.33,87.18,87.23,30902
2016-04-26 12:00:00,87.2142,87.31,87.08,87.26,10766
2016-04-26 12:15:00,87.31,87.34,87.21,87.34,8413
2016-04-26 12:30:00,87.337,87.5,87.29,87.4015,11980
2016-04-26 12:45:00,87.415,87.45,87.37,87.4299,4714
2016-04-26 13:00:00,87.43,87.44,87.31,87.35,8345
2016-04-26 13:15:00,87.35600000000001,87.405,87.19,87.19,8161
2016-04-26 13:30:00,87.208,87.25,87.08,87.08,13134
2016-04-26 13:45:00,87.09,87.354,87.09,87.275,20278
2016-04-26 14:00:00,87.288,87.39,87.26,87.37,19933
2016-04-26 14:15:00,87.38,87.5,87.36,87.485,21930
2016-04-26 14:30:00,87.49,87.5,87.32,87.415,36864
2016-04-26 14:45:00,87.39,87.48,87.34,87.48,12877
2016-04-26 15:00:00,87.49,87.5,87.33,87.39,14920
2016-04-26 15:15:00,87.41,87.5,87.34,87.39,23828
2016-04-26 15:30:00,87.41,87.49,87.4,87.45700000000001,20563
2016-04-26 15:45:00,87.45700000000001,87.53,87.45,87.465,48825
2016-04-26 16:00:00,87.465,87.69,87.46,87.61,98718
2016-04-27 09:45:00,87.19,87.68,87.17,87.3734,19801
2016-04-27 10:00:00,87.365,87.96,87.36,87.92,16370
2016-04-27 10:15:00,87.89,87.98,87.65,87.72,19920
2016-04-27 10:30:00,87.72,87.74,87.3456,87.41,7884
2016-04-27 10:45:00,87.39,87.57,87.3,87.52,4735
2016-04-27 11:00:00,87.54,87.67,87.48,87.6,18315
2016-04-27 11:15:00,87.57,87.61,87.52,87.56,11331
2016-04-27 11:30:00,87.54,87.63,87.52,87.5828,15596
2016-04-27 11:45:00,87.54,87.66,87.54,87.66,32853
2016-04-27 12:00:00,87.63,87.75,87.61,87.75,12453
2016-04-27 12:15:00,87.75,87.81,87.59,87.59,23540
2016-04-27 12:30:00,87.6,87.62,87.53,87.57,10404
2016-04-27 12:45:00,87.5208,87.53,87.45,87.45,5224
2016-04-27 13:00:00,87.43,87.4697,87.38,87.4456,5041
2016-04-27 13:15:00,87.42,87.45,87.28,87.31,7298
2016-04-27 13:30:00,87.3,87.34,87.18,87.19,18675
2016-04-27 13:45:00,87.19,87.29,87.18,87.25,8976
2016-04-27 14:00:00,87.245,87.2797,87.225,87.2797,16650
2016-04-27 14:15:00,87.25,87.43,87.13,87.4,29759
2016-04-27 14:30:00,87.4,87.5272,87.35,87.4672,21149
2016-04-27 14:45:00,87.485,87.49,87.35,87.43,9674
2016-04-27 15:00:00,87.42,87.495,87.42,87.46,9012
2016-04-27 15:15:00,87.44,87.59,87.43,87.56,21028
2016-04-27 15:30:00,87.55,87.61,87.53,87.5675,11646
2016-04-27 15:45:00,87.57,87.57,87.365,87.4,32293
2016-04-27 16:00:00,87.4,87.44,87.12,87.16,122228
2016-04-28 09:45:00,86.23,86.33,85.68,86.28,26154
2016-04-28 10:00:00,86.2,86.52,86.03,86.52,46977
2016-04-28 10:15:00,86.47,86.74,86.38,86.74,12246
2016-04-28 10:30:00,86.69,86.8,86.62,86.79,20883
2016-04-28 10:45:00,86.86,86.96,86.37,86.37,8795
2016-04-28 11:00:00,86.43,86.55,86.22,86.4,14870
2016-04-28 11:15:00,86.39,86.45,86.17,86.32,16898
2016-04-28 11:30:00,86.34,86.54,86.27,86.47,12741
2016-04-28 11:45:00,86.43,86.49,86.1,86.11,10023
2016-04-28 12:00:00,86.1175,86.28,86.04,86.24,19919
2016-04-28 12:15:00,86.28,86.31,86.11,86.11,15343
2016-04-28 12:30:00,86.12,86.22,86.06,86.14,25865
2016-04-28 12:45:00,86.09,86.1,85.88,85.913,7592
2016-04-28 13:00:00,85.94,86.01,85.86,85.88,13617
2016-04-28 13:15:00,85.88,85.92,85.62,85.65,8260
2016-04-28 13:30:00,85.61,85.7265,85.47,85.57,19053
2016-04-28 13:45:00,85.63,85.86,85.63,85.86,4825
2016-04-28 14:00:00,85.87,85.93,85.81,85.92,5529
2016-04-28 14:15:00,85.92,85.96,85.75,85.76,13015
2016-04-28 14:30:00,85.7599,85.764,85.69,85.72,13824
2016-04-28 14:45:00,85.72,85.79,85.6,85.64,6585
2016-04-28 15:00:00,85.59,85.59,85.3701,85.4,8824
2016-04-28 15:15:00,85.43,85.48,85.26,85.3,12741
2016-04-28 15:30:00,85.28,85.35,85.07,85.07,22358
2016-04-28 15:45:00,85.08,85.2299,85.08,85.15,93735
2016-04-28 16:00:00,85.15,85.33,85.12,85.29,123747
2016-04-29 09:45:00,85.26,85.3,84.76,84.96,21133
2016-04-29 10:00:00,84.91,84.91,84.3,84.72,48018
2016-04-29 10:15:00,84.7242,85.09,84.66,85.08,18207
2016-04-29 10:30:00,85.11,85.29,84.89,85.04,19860
2016-04-29 10:45:00,85.03,85.08,84.7601,84.84,16888
2016-04-29 11:00:00,84.79,84.79,84.51,84.68,10660
2016-04-29 11:15:00,84.645,84.93,84.56,84.88,8918
2016-04-29 11:30:00,84.8999,84.8999,84.62,84.62,7833
2016-04-29 11:45:00,84.68,84.68,84.35,84.36,10251
2016-04-29 12:00:00,84.36,84.36,84.22,84.36,24671
2016-04-29 12:15:00,84.37,84.65,84.37,84.59,7626
2016-04-29 12:30:00,84.59,84.7,84.58,84.58,2652
2016-04-29 12:45:00,84.595,84.64,84.51,84.61,7661
2016-04-29 13:00:00,84.63,84.7699,84.62,84.65,10422
2016-04-29 13:15:00,84.6406,84.88,84.54,84.88,19971
2016-04-29 13:30:00,84.87,84.87,84.77,84.84,8554
2016-04-29 13:45:00,84.85,84.85,84.68,84.7,10624
2016-04-29 14:00:00,84.72,84.72,84.59100000000001,84.6073,7734
2016-04-29 14:15:00,84.59,84.75,84.44,84.46,16637
2016-04-29 14:30:00,84.43,84.61,84.34,84.5255,11816
2016-04-29 14:45:00,84.53,84.53,84.34,84.34,9326
2016-04-29 15:00:00,84.33,84.53,84.33,84.42,10667
2016-04-29 15:15:00,84.44,84.61,84.42,84.6,14128
2016-04-29 15:30:00,84.61,84.66,84.52,84.54,11805
2016-04-29 15:45:00,84.5191,84.75,84.5191,84.745,24917
2016-04-29 16:00:00,84.74,84.83,84.6,84.64,91448
2016-05-02 09:45:00,85.43,85.54,84.72,85.1,43419
2016-05-02 10:00:00,85.16,85.97,85.16,85.94,21137
2016-05-02 10:15:00,85.94,86.15,85.7801,86.105,35916
2016-05-02 10:30:00,86.13,86.3,86.045,86.2,20904
2016-05-02 10:45:00,86.2,86.205,85.76,86.01,22003
2016-05-02 11:00:00,86.01,86.19,85.86,85.95,22263
2016-05-02 11:15:00,85.94,86.3,85.93,86.06,20368
2016-05-02 11:30:00,86.07,86.27,86.03,86.19,16847
2016-05-02 11:45:00,86.15,86.21,86.06,86.1,13762
2016-05-02 12:00:00,86.09,86.13,85.96,85.96,10473
2016-05-02 12:15:00,85.99,86.1,85.96,86.01,7367
2016-05-02 12:30:00,86.03,86.24,86.03,86.22,8449
2016-05-02 12:45:00,86.21,86.34,85.8831,85.8831,56128
2016-05-02 13:00:00,85.84,85.89399999999999,85.3,85.71,49323
2016-05-02 13:15:00,85.7,85.76,85.59,85.68799999999999,8840
2016-05-02 13:30:00,85.715,85.81,85.6783,85.6783,3450
2016-05-02 13:45:00,85.67,85.84,85.6601,85.82,4262
2016-05-02 14:00:00,85.82,85.82,85.67,85.72,10478
2016-05-02 14:15:00,85.72,85.8,85.7,85.74,12618
2016-05-02 14:30:00,85.76,85.84,85.751,85.84,7745
2016-05-02 14:45:00,85.83,85.83,85.6,85.69,13072
2016-05-02 15:00:00,85.685,85.74,85.64,85.64,8912
2016-05-02 15:15:00,85.65,85.76,85.64,85.6793,7736
2016-05-02 15:30:00,85.68,85.68,85.49,85.59,14443
2016-05-02 15:45:00,85.57,85.67,85.53,85.61,28356
2016-05-02 16:00:00,85.61,85.64,85.5,85.58,57058
2016-05-03 09:45:00,85.09,85.48,84.82,85.45,19152
2016-05-03 10:00:00,85.57,85.57,84.992,85.18,14446
2016-05-03 10:15:00,85.3,85.3,84.91,85.05,14021
2016-05-03 10:30:00,85.045,85.36,84.97,85.35,17167
2016-05-03 10:45:00,85.36,85.45,85.33,85.38,9970
2016-05-03 11:00:00,85.35,85.39,85.185,85.21,10007
2016-05-03 11:15:00,85.23,85.25,85.0645,85.09,10751
2016-05-03 11:30:00,85.09,85.14,85.05,85.05,7518
2016-05-03 11:45:00,85.0,85.03,84.89,85.03,7227
2016-05-03 12:00:00,85.14,85.25,85.13,85.17,7376
2016-05-03 12:15:00,85.14,85.14,85.055,85.055,5430
2016-05-03 12:30:00,85.07,85.08,84.93,84.9399,8908
2016-05-03 12:45:00,84.8901,85.08,84.8901,85.07,3192
2016-05-03 13:00:00,85.08,85.14,85.02,85.06,9579
2016-05-03 13:15:00,85.0899,85.11,85.0,85.09,15286
2016-05-03 13:30:00,85.095,85.14,85.0688,85.0899,8347
2016-05-03 13:45:00,85.08,85.11,85.04,85.1,6457
2016-05-03 14:00:00,85.08200000000001,85.17,85.08200000000001,85.09,7677
2016-05-03 14:15:00,85.08,85.1184,85.04,85.05,11670
2016-05-03 14:30:00,85.06,85.07,84.92,85.02,14043
2016-05-03 14:45:00,85.03,85.09,85.0234,85.07,5671
2016-05-03 15:00:00,85.09,85.1336,85.0,85.03,11204
2016-05-03 15:15:00,85.06,85.08,84.95,84.96,12408
2016-05-03 15:30:00,84.95,85.03,84.9,84.93,13269
2016-05-03 15:45:00,84.94,84.94,84.82,84.835,21785
2016-05-03 16:00:00,84.84,84.95,84.82,84.87,66759
2016-05-04 09:45:00,84.58,84.88,84.05,84.41,35746
2016-05-04 10:00:00,84.31,84.71,84.22,84.64299999999999,12019
2016-05-04 10:15:00,84.65,85.24,84.65,85.11,11414
2016-05-04 10:30:00,85.09,85.13,84.96,85.05,11043
2016-05-04 10:45:00,84.99,85.1,84.56,84.56,9634
2016-05-04 11:00:00,84.61,84.89,84.61,84.89,6343
2016-05-04 11:15:00,84.895,84.95,84.66,84.66,5554
2016-05-04 11:30:00,84.7,84.71,84.61,84.65,6696
2016-05-04 11:45:00,84.62,84.72,84.58,84.598,8380
2016-05-04 12:00:00,84.6,84.85,84.6,84.85,7220
2016-05-04 12:15:00,84.815,84.87,84.7901,84.87,8774
2016-05-04 12:30:00,84.85,84.85,84.68,84.68,3437
2016-05-04 12:45:00,84.64,84.76,84.63,84.66,13207
2016-05-04 13:00:00,84.65,84.67,84.62,84.64,5828
2016-05-04 13:15:00,84.64,84.64,84.5,84.5,4521
2016-05-04 13:30:00,84.52,84.71,84.52,84.71,5890
2016-05-04 13:45:00,84.69,84.69,84.5101,84.52,11878
2016-05-04 14:00:00,84.53,84.62,84.51,84.55,13723
2016-05-04 14:15:00,84.54,84.595,84.48,84.58,16452
2016-05-04 14:30:00,84.59,84.66,84.55,84.66,6455
2016-05-04 14:45:00,84.7,84.7,84.5611,84.5611,10014
2016-05-04 15:00:00,84.5582,84.57,84.46,84.5,11587
2016-05-04 15:15:00,84.505,84.58,84.47,84.58,17480
2016-05-04 15:30:00,84.61,84.63,84.26,84.26,42526
2016-05-04 15:45:00,84.28,84.52,84.25,84.465,60377
2016-05-04 16:00:00,84.46,84.5,84.23,84.29,131159
2016-05-05 09:45:00,84.29,84.41,83.73,83.79700000000001,40354
2016-05-05 10:00:00,83.79,84.23,83.6408,83.7352,26336
2016-05-05 10:15:00,83.75,83.94,83.62,83.86,21755
2016-05-05 10:30:00,83.89,83.95,83.81,83.88,37174
2016-05-05 10:45:00,83.89,83.98,83.85,83.95,25374
2016-05-05 11:00:00,83.95,84.02,83.88,83.883,25040
2016-05-05 11:15:00,83.93,83.97,83.83,83.87,19015
2016-05-05 11:30:00,83.88,83.93,83.62,83.63,27035
2016-05-05 11:45:00,83.64,83.91,83.53,83.85,36075
2016-05-05 12:00:00,83.84,83.93,83.79,83.88,25559
2016-05-05 12:15:00,83.88,83.93,83.85,83.93,17901
2016-05-05 12:30:00,83.92,83.94,83.82,83.92,13575
2016-05-05 12:45:00,83.94,83.94,83.83,83.925,15789
2016-05-05 13:00:00,83.92,83.94,83.9,83.925,16673
2016-05-05 13:15:00,83.92,83.93,83.64,83.65,25405
2016-05-05 13:30:00,83.66,83.7,83.58,83.61,17304
2016-05-05 13:45:00,83.64,83.82,83.64,83.79,20045
2016-05-05 14:00:00,83.795,83.8,83.62,83.66,21241
2016-05-05 14:15:00,83.64,83.89,83.63,83.86,22495
2016-05-05 14:30:00,83.84,83.9,83.7734,83.86,16950
2016-05-05 14:45:00,83.86,83.9,83.83,83.9,19250
2016-05-05 15:00:00,83.895,83.9,83.78,83.78,38398
2016-05-05 15:15:00,83.78,83.81,83.66,83.77,31315
2016-05-05 15:30:00,83.77,83.89,83.77,83.87,37043
2016-05-05 15:45:00,83.88,83.88,83.675,83.68,55146
2016-05-05 16:00:00,83.67,83.75,83.36,83.54,187529
2016-05-06 09:45:00,83.42,84.02,83.3498,83.935,61950
2016-05-06 10:00:00,83.99,83.99,83.715,83.86,19800
2016-05-06 10:15:00,83.88,84.09,83.83,83.925,21014
2016-05-06 10:30:00,83.89,83.95,83.55,83.55,15054
2016-05-06 10:45:00,83.54,83.76,83.52,83.73,17065
2016-05-06 11:00:00,83.74,83.8,83.6,83.75,13186
2016-05-06 11:15:00,83.75,83.77,83.69,83.73,11737
2016-05-06 11:30:00,83.73,83.77,83.61,83.69,11977
2016-05-06 11:45:00,83.7,83.84,83.64,83.81,75158
2016-05-06 12:00:00,83.77,83.85,83.74,83.815,10172
2016-05-06 12:15:00,83.83,84.045,83.8,83.99,42163
2016-05-06 12:30:00,84.03,84.5,84.03,84.46,39892
2016-05-06 12:45:00,84.47,84.53,84.33,84.53,9879
2016-05-06 13:00:00,84.5399,84.6,84.45,84.6,13884
2016-05-06 13:15:00,84.58,84.73,84.51,84.7,8606
2016-05-06 13:30:00,84.73,84.75,84.66,84.73,7052
2016-05-06 13:45:00,84.75,84.77600000000001,84.58,84.58,7740
2016-05-06 14:00:00,84.575,84.96,84.57,84.96,16662
2016-05-06 14:15:00,84.96,85.17,84.955,85.075,33227
2016-05-06 14:30:00,85.08,85.16,85.02,85.05,10481
2016-05-06 14:45:00,85.05,85.09,84.94,84.95,22634
2016-05-06 15:00:00,84.95,85.0,84.89,84.93,15500
2016-05-06 15:15:00,84.91,84.97,84.86,84.87,10885
2016-05-06 15:30:00,84.865,85.0085,84.85,84.94,21452
2016-05-06 15:45:00,84.935,85.01,84.85,84.94,70006
2016-05-06 16:00:00,84.95,85.13,84.95,85.12,81132
2016-05-09 09:45:00,84.69,85.86,84.69,85.81,29832
2016-05-09 10:00:00,85.87,86.33,85.6,86.33,16628
2016-05-09 10:15:00,86.33,86.44,85.77,86.03,36948
2016-05-09 10:30:00,86.02,86.0825,85.93,85.99,19783
2016-05-09 10:45:00,85.98,86.0,85.75,85.86,19770
2016-05-09 11:00:00,85.85,85.8525,85.66,85.8,21107
2016-05-09 11:15:00,85.82,85.98,85.62,85.73,39094
2016-05-09 11:30:00,85.73,85.76,85.48,85.74,19385
2016-05-09 11:45:00,85.73,85.79,85.6328,85.79,17757
2016-05-09 12:00:00,85.84,86.03,85.84,85.9175,14092
2016-05-09 12:15:00,85.94,86.03,85.88,86.02,25880
2016-05-09 12:30:00,86.02,86.32,86.0,86.255,27680
2016-05-09 12:45:00,86.255,86.3,86.2,86.2625,18831
2016-05-09 13:00:00,86.255,86.29,86.09,86.15,36898
2016-05-09 13:15:00,86.15,86.165,86.0565,86.06,21626
2016-05-09 13:30:00,86.07,86.12,85.96,86.1,17936
2016-05-09 13:45:00,86.11,86.11,85.9,85.99,14133
2016-05-09 14:00:00,85.98,86.14,85.96,86.09,26111
2016-05-09 14:15:00,86.095,86.26,86.09,86.18,31659
2016-05-09 14:30:00,86.18,86.3,86.06,86.295,37008
2016-05-09 14:45:00,86.29,86.39,86.26,86.3,20371
2016-05-09 15:00:00,86.29,86.395,86.25,86.33,27954
2016-05-09 15:15:00,86.33,86.33,86.22,86.25,19137
2016-05-09 15:30:00,86.235,86.38,86.18,86.31,30634
2016-05-09 15:45:00,86.31,86.33,86.12,86.12,33202
2016-05-09 16:00:00,86.14,86.18,86.04,86.09,88960
2016-05-10 09:45:00,85.3,85.99,84.75,85.82,27466
2016-05-10 10:00:00,85.803,85.92,85.58,85.88,16591
2016-05-10 10:15:00,85.895,86.1,85.82,85.98,15555
2016-05-10 10:30:00,86.02,86.09,85.88,85.99,21485
2016-05-10 10:45:00,86.0,86.09,85.89,85.89,20779
2016-05-10 11:00:00,85.905,85.93,85.79,85.85,11464
2016-05-10 11:15:00,85.83,85.83,85.6,85.77,26973
2016-05-10 11:30:00,85.8,85.87,85.7,85.8,59101
2016-05-10 11:45:00,85.78,85.81,85.66,85.71,39995
2016-05-10 12:00:00,85.77,85.99,85.7,85.8801,11277
2016-05-10 12:15:00,85.93,85.95,85.6975,85.735,14497
2016-05-10 12:30:00,85.76,86.05,85.7475,86.0,27620
2016-05-10 12:45:00,86.05,86.05,85.87,86.02,12427
2016-05-10 13:00:00,85.97,86.06,85.96,86.016,10296
2016-05-10 13:15:00,86.03,86.05,85.97,86.03,15323
2016-05-10 13:30:00,86.04,86.07,85.98,86.05,35494
2016-05-10 13:45:00,86.02,86.07,85.99,86.05,12951
2016-05-10 14:00:00,86.06,86.25,86.055,86.1901,25790
2016-05-10 14:15:00,86.18,86.24,86.12,86.17,20737
2016-05-10 14:30:00,86.2,86.3599,86.16,86.31,21777
2016-05-10 14:45:00,86.3,86.365,86.2,86.345,45571
2016-05-10 15:00:00,86.34,86.4392,86.25,86.275,33948
2016-05-10 15:15:00,86.32,86.405,86.3001,86.4,12379
2016-05-10 15:30:00,86.41,86.45,86.32,86.34,21467
2016-05-10 15:45:00,86.34,86.355,86.21,86.3,31066
2016-05-10 16:00:00,86.29,86.36,86.22,86.33,77448
2016-05-11 09:45:00,85.81,86.26,85.45,85.72,31133
2016-05-11 10:00:00,85.75,85.81,85.12,85.12,33476
2016-05-11 10:15:00,85.18,85.45,85.12,85.45,14205
2016-05-11 10:30:00,85.45,85.45,85.26,85.43,18607
2016-05-11 10:45:00,85.45,85.602,85.45,85.52,11112
2016-05-11 11:00:00,85.51,85.51,85.33,85.33,17377
2016-05-11 11:15:00,85.34,85.38,85.23,85.26,18773
2016-05-11 11:30:00,85.235,85.26,84.985,85.02,27302
2016-05-11 11:45:00,85.03,85.03,84.86,84.87,16254
2016-05-11 12:00:00,84.8823,84.8999,84.79,84.805,8910
2016-05-11 12:15:00,84.8145,84.8825,84.79,84.81,22947
2016-05-11 12:30:00,84.82,84.82,84.77,84.81,12257
2016-05-11 12:45:00,84.81,84.82,84.72,84.75,17093
2016-05-11 13:00:00,84.75,84.78,84.56,84.6,28204
2016-05-11 13:15:00,84.6,84.615,84.4901,84.58,13138
2016-05-11 13:30:00,84.59,84.87,84.59,84.8,14010
2016-05-11 13:45:00,84.83,84.84,84.68,84.76,16322
2016-05-11 14:00:00,84.75,84.77,84.67,84.7,12985
2016-05-11 14:15:00,84.7,84.8,84.69,84.8,71571
2016-05-11 14:30:00,84.8,84.86,84.685,84.7,28858
2016-05-11 14:45:00,84.71,84.76,84.67,84.73,17735
2016-05-11 15:00:00,84.73,84.76,84.67,84.72,21428
2016-05-11 15:15:00,84.72,84.74,84.63,84.63,25116
2016-05-11 15:30:00,84.63,84.65,84.38,84.44,46458
2016-05-11 15:45:00,84.45,84.59,84.4,84.445,53572
2016-05-11 16:00:00,84.45,84.52,84.354,84.5,111094
2016-05-12 09:45:00,84.49,85.17,84.35,84.9,23521
2016-05-12 10:00:00,84.99,85.33,84.9601,85.0,20013
2016-05-12 10:15:00,84.97,85.205,84.97,85.04,10488
2016-05-12 10:30:00,85.06,85.22,84.94,85.22,9832
2016-05-12 10:45:00,85.14,85.17,84.97,85.02,14747
2016-05-12 11:00:00,85.01,85.2,85.01,85.11,19356
2016-05-12 11:15:00,85.13,85.16,84.86,84.86,19119
2016-05-12 11:30:00,84.83,84.95,84.76,84.95,9288
2016-05-12 11:45:00,84.9,84.95,84.78,84.7903,8498
2016-05-12 12:00:00,84.82,84.84,84.73,84.73,9513
2016-05-12 12:15:00,84.71,84.82,84.69,84.82,5248
2016-05-12 12:30:00,84.82,84.8499,84.76,84.82,3728
2016-05-12 12:45:00,84.79,84.8,84.5,84.6,9764
2016-05-12 13:00:00,84.61,84.92,84.61,84.91,8576
2016-05-12 13:15:00,84.9483,85.05,84.89,84.92,20138
2016-05-12 13:30:00,84.9,84.9,84.81,84.82,8303
2016-05-12 13:45:00,84.82,84.89,84.67,84.8721,13526
2016-05-12 14:00:00,84.88,85.05,84.88,85.03,12458
2016-05-12 14:15:00,85.1,85.26,85.09,85.2,30580
2016-05-12 14:30:00,85.19,85.2,85.12,85.16,6903
2016-05-12 14:45:00,85.2297,85.2297,84.92,85.1842,12787
2016-05-12 15:00:00,85.17,85.34,85.11,85.21,12118
2016-05-12 15:15:00,85.27,85.36,85.21,85.34,8331
2016-05-12 15:30:00,85.35,85.41,85.23,85.26,10668
2016-05-12 15:45:00,85.26,85.29,85.17,85.22,15835
2016-05-12 16:00:00,85.21,85.31,85.16,85.3,85903
2016-05-13 09:45:00,85.24,85.4,85.0,85.34,16740
2016-05-13 10:00:00,85.339,85.42,85.1,85.29,11491
2016-05-13 10:15:00,85.3,85.44,85.08,85.2949,19206
2016-05-13 10:30:00,85.3325,85.59,85.28,85.47,23165
2016-05-13 10:45:00,85.52,85.7,85.4,85.515,29518
2016-05-13 11:00:00,85.535,85.71,85.51,85.51,17962
2016-05-13 11:15:00,85.53,85.65,85.47,85.55,19701
2016-05-13 11:30:00,85.56,85.63,85.44,85.59,17224
2016-05-13 11:45:00,85.57,85.57,85.37,85.56,10420
2016-05-13 12:00:00,85.59,85.59,85.2301,85.32,20842
2016-05-13 12:15:00,85.32,85.4,85.22,85.24,10606
2016-05-13 12:30:00,85.27,85.3756,85.14,85.34,10640
2016-05-13 12:45:00,85.31,85.36,85.085,85.11,12882
2016-05-13 13:00:00,85.11,85.22399999999999,85.11,85.12,8582
2016-05-13 13:15:00,85.1,85.2299,85.03,85.16,89782
2016-05-13 13:30:00,85.2,85.38,85.17,85.3,42276
2016-05-13 13:45:00,85.3,85.53,85.3,85.515,26790
2016-05-13 14:00:00,85.48,85.505,85.21,85.32,15831
2016-05-13 14:15:00,85.27,85.47,85.27,85.395,19330
2016-05-13 14:30:00,85.395,85.395,85.03,85.09,12992
2016-05-13 14:45:00,85.06,85.0915,85.0,85.05,16125
2016-05-13 15:00:00,85.07,85.155,85.0,85.155,15272
2016-05-13 15:15:00,85.14,85.16,85.0,85.05,28058
2016-05-13 15:30:00,85.06,85.1,84.96,84.98,41247
2016-05-13 15:45:00,84.98,85.11,84.98,85.03,50767
2016-05-13 16:00:00,85.03,85.16,84.97,85.11,102708
2016-05-16 09:45:00,84.9,85.64,84.69,84.99,26824
2016-05-16 10:00:00,84.94,84.97,84.54,84.64,32775
2016-05-16 10:15:00,84.55,84.96,84.55,84.96,14942
2016-05-16 10:30:00,85.0,85.18,84.94,85.18,11184
2016-05-16 10:45:00,85.23,85.366,85.205,85.21,10226
2016-05-16 11:00:00,85.21,85.3,85.04,85.045,14830
2016-05-16 11:15:00,85.02,85.08,84.99,85.0,15069
2016-05-16 11:30:00,85.04,85.56,84.99,85.56,5763
2016-05-16 11:45:00,85.57,85.6,85.34,85.43,10454
2016-05-16 12:00:00,85.4383,85.52,85.37,85.47,9614
2016-05-16 12:15:00,85.53,85.53,85.36,85.44,3803
2016-05-16 12:30:00,85.5,85.5,85.3401,85.4,7922
2016-05-16 12:45:00,85.3799,85.3799,85.21,85.3799,5602
2016-05-16 13:00:00,85.33,85.4,85.2165,85.39,3906
2016-05-16 13:15:00,85.4001,85.54,85.4001,85.51,5245
2016-05-16 13:30:00,85.5004,85.58,85.5004,85.56,4581
2016-05-16 13:45:00,85.56,85.69,85.5534,85.64,5323
2016-05-16 14:00:00,85.61,85.649,85.55,85.59,12583
2016-05-16 14:15:00,85.62,85.83,85.59,85.81,6846
2016-05-16 14:30:00,85.82,85.89,85.77,85.84,10212
2016-05-16 14:45:00,85.8239,85.94,85.8,85.89,17648
2016-05-16 15:00:00,85.902,85.96,85.66,85.66,43982
2016-05-16 15:15:00,85.66,85.8,85.6501,85.66,34479
2016-05-16 15:30:00,85.67,85.7,85.58,85.69,36057
2016-05-16 15:45:00,85.68,85.68,85.44,85.45,48291
2016-05-16 16:00:00,85.43,85.49,85.33,85.46,52788
2016-05-17 09:45:00,85.22,85.74,84.705,84.92,28219
2016-05-17 10:00:00,84.85,85.38,84.77,84.94,67613
2016-05-17 10:15:00,84.94,84.97,84.77,84.78,10916
2016-05-17 10:30:00,84.77,84.96,84.72,84.8,4985
2016-05-17 10:45:00,84.78,85.06,84.68,85.04,7200
2016-05-17 11:00:00,85.03,85.12,84.96,85.12,9801
2016-05-17 11:15:00,85.0801,85.18,84.97,85.18,13835
2016-05-17 11:30:00,85.22,85.31,85.13,85.15,13789
2016-05-17 11:45:00,85.17,85.41,85.17,85.39,14510
2016-05-17 12:00:00,85.35,85.45,85.29,85.42,9246
2016-05-17 12:15:00,85.4,85.49,85.3188,85.33,8126
2016-05-17 12:30:00,85.32,85.32,85.24,85.31,12455
2016-05-17 12:45:00,85.305,85.31299999999999,85.2301,85.29,12408
2016-05-17 13:00:00,85.26,85.28,85.22,85.23,19217
2016-05-17 13:15:00,85.23,85.23,85.13,85.13,10033
2016-05-17 13:30:00,85.14,85.18,85.12,85.16,6926
2016-05-17 13:45:00,85.19,85.25,85.19,85.24,8696
2016-05-17 14:00:00,85.23,85.26,84.97,84.97,7613
2016-05-17 14:15:00,84.93,84.97,84.65,84.69,14021
2016-05-17 14:30:00,84.7,84.7,84.35,84.5299,15208
2016-05-17 14:45:00,84.49,84.5506,84.36,84.47,11949
2016-05-17 15:00:00,84.46,84.61,84.42,84.57,24160
2016-05-17 15:15:00,84.57,84.69,84.46,84.56,20029
2016-05-17 15:30:00,84.54,84.54,84.215,84.285,21827
2016-05-17 15:45:00,84.31,84.48,84.28,84.45,25115
2016-05-17 16:00:00,84.48,84.74,84.46,84.62,101495
2016-05-18 09:45:00,84.58,84.89,83.86,84.25,24795
2016-05-18 10:00:00,84.29,84.68,84.18,84.5985,18594
2016-05-18 10:15:00,84.584,84.7465,84.52,84.73,19798
2016-05-18 10:30:00,84.72,84.92,84.69,84.72,20458
2016-05-18 10:45:00,84.71,84.86,84.63,84.86,18014
2016-05-18 11:00:00,84.85,84.86,84.67,84.73,18808
2016-05-18 11:15:00,84.75,84.81,84.7,84.79,24688
2016-05-18 11:30:00,84.8,84.98,84.7,84.95,17277
2016-05-18 11:45:00,84.94,85.04,84.8,84.815,9424
2016-05-18 12:00:00,84.83,84.86,84.72,84.74,10797
2016-05-18 12:15:00,84.79,84.82,84.7,84.8,12266
2016-05-18 12:30:00,84.8,84.89,84.76,84.81,8900
2016-05-18 12:45:00,84.82,84.96,84.81,84.95,7517
2016-05-18 13:00:00,84.94,85.25,84.94,85.23,13970
2016-05-18 13:15:00,85.27,85.35,85.24,85.265,9978
2016-05-18 13:30:00,85.25,85.37,85.1901,85.32,12913
2016-05-18 13:45:00,85.35,85.48,85.29,85.42,14207
2016-05-18 14:00:00,85.44,85.49,85.305,85.385,21810
2016-05-18 14:15:00,85.385,85.385,84.88,85.03,56002
2016-05-18 14:30:00,84.96,85.12,84.64,84.6575,41094
2016-05-18 14:45:00,84.6225,85.03,84.51,84.98,31297
2016-05-18 15:00:00,84.95,84.9736,84.7302,84.95,37352
2016-05-18 15:15:00,84.97,85.06,84.74,84.82,20960
2016-05-18 15:30:00,84.81,84.82,84.61,84.77,36219
2016-05-18 15:45:00,84.77,84.99,84.77,84.9,51712
2016-05-18 16:00:00,84.91,84.92,84.7635,84.91,65801
2016-05-19 09:45:00,84.52,84.84,84.07,84.69,18000
2016-05-19 10:00:00,84.775,84.8,84.54,84.6,21480
2016-05-19 10:15:00,84.5875,84.74,83.89,83.91,49152
2016-05-19 10:30:00,83.99,84.25,83.8,84.25,16386
2016-05-19 10:45:00,84.25,84.62,84.1,84.535,9107
2016-05-19 11:00:00,84.535,84.65,84.45,84.49,19804
2016-05-19 11:15:00,84.51,84.54,84.29,84.48,15092
2016-05-19 11:30:00,84.48,84.66,84.38,84.44,9477
2016-05-19 11:45:00,84.43,84.56,84.35,84.415,3532
2016-05-19 12:00:00,84.415,84.58,84.32,84.53,6132
2016-05-19 12:15:00,84.51,84.56,84.42,84.56,8132
2016-05-19 12:30:00,84.57,84.82,84.57,84.59,8396
2016-05-19 12:45:00,84.61,84.69,84.53,84.55,7592
2016-05-19 13:00:00,84.55,84.56,84.42,84.47,5858
2016-05-19 13:15:00,84.51,84.65,84.49,84.625,13321
2016-05-19 13:30:00,84.65,84.65,84.5501,84.65,5742
2016-05-19 13:45:00,84.67,84.75,84.61,84.69,5865
2016-05-19 14:00:00,84.7,84.77,84.685,84.72,9000
2016-05-19 14:15:00,84.74,84.76,84.53,84.54,21046
2016-05-19 14:30:00,84.54,84.8,84.53,84.79,13742
2016-05-19 14:45:00,84.77,84.82,84.72,84.79,8146
2016-05-19 15:00:00,84.77,84.78,84.6,84.6,9500
2016-05-19 15:15:00,84.63,84.96,84.61,84.96,15979
2016-05-19 15:30:00,84.97,85.13,84.9,84.97,17922
2016-05-19 15:45:00,84.96,85.02,84.86,84.905,24551
2016-05-19 16:00:00,84.91,85.03,84.83,84.89,36715
2016-05-20 09:45:00,85.15,85.53,84.7,85.12,62850
2016-05-20 10:00:00,85.15,85.48,85.04,85.28,30893
2016-05-20 10:15:00,85.32,85.32,84.99,85.01,43170
2016-05-20 10:30:00,85.06,85.09,84.5301,84.5701,28966
2016-05-20 10:45:00,84.6,84.92,84.48,84.92,29067
2016-05-20 11:00:00,84.89,84.95,84.73,84.76,23132
2016-05-20 11:15:00,84.76,84.82,84.56,84.59,30553
2016-05-20 11:30:00,84.59,84.59,84.325,84.325,23805
2016-05-20 11:45:00,84.36,84.49,84.34,84.39,20417
2016-05-20 12:00:00,84.35,84.36,84.14,84.27,19173
2016-05-20 12:15:00,84.26,84.27,84.17,84.17,25560
2016-05-20 12:30:00,84.21,84.3,84.21,84.25,17455
2016-05-20 12:45:00,84.25,84.6,84.24,84.6,6264
2016-05-20 13:00:00,84.6,84.7,84.54,84.54,14682
2016-05-20 13:15:00,84.56,84.6,84.53,84.57,8179
2016-05-20 13:30:00,84.58,84.61,84.42,84.45,7456
2016-05-20 13:45:00,84.46,84.49,84.37,84.4856,14588
2016-05-20 14:00:00,84.51,84.59,84.49,84.55,10586
2016-05-20 14:15:00,84.57,84.63,84.5268,84.5799,8259
2016-05-20 14:30:00,84.57,84.7,84.554,84.65,10750
2016-05-20 14:45:00,84.66,84.68,84.61,84.6299,17432
2016-05-20 15:00:00,84.64,84.71,84.5,84.51,16653
2016-05-20 15:15:00,84.52,84.57,84.34,84.38,22289
2016-05-20 15:30:00,84.37200000000001,84.39,84.204,84.25,23577
2016-05-20 15:45:00,84.28,84.35,84.21,84.29,53509
2016-05-20 16:00:00,84.29,84.42,84.19,84.4,93800
2016-05-23 09:45:00,84.65,85.0,84.13,84.76,24464
2016-05-23 10:00:00,84.86,84.96,84.4,84.42,13239
2016-05-23 10:15:00,84.44,84.62,84.38,84.62,10660
2016-05-23 10:30:00,84.6,84.84200000000001,84.57,84.84200000000001,5209
2016-05-23 10:45:00,84.86,84.945,84.77,84.8275,8753
2016-05-23 11:00:00,84.84,85.0,84.84,85.0,9346
2016-05-23 11:15:00,84.94,85.18,84.94,85.15,8062
2016-05-23 11:30:00,85.15,85.17,85.0,85.0,8002
2016-05-23 11:45:00,85.03,85.07600000000001,84.95,84.97,7058
2016-05-23 12:00:00,84.995,85.12,84.995,85.05,7409
2016-05-23 12:15:00,85.05,85.12,85.04,85.11399999999999,4856
2016-05-23 12:30:00,85.13,85.19,85.09,85.09,5452
2016-05-23 12:45:00,85.11,85.146,85.09,85.11,5244
2016-05-23 13:00:00,85.12,85.14,85.09,85.115,11921
2016-05-23 13:15:00,85.11,85.15,85.1,85.145,13748
2016-05-23 13:30:00,85.17,85.19,85.0902,85.12,8357
2016-05-23 13:45:00,85.12,85.12,84.96,84.98,19044
2016-05-23 14:00:00,84.98,85.0,84.94,84.98,8369
2016-05-23 14:15:00,84.98,84.98,84.95,84.97,6778
2016-05-23 14:30:00,84.97,85.16,84.92,85.13,29790
2016-05-23 14:45:00,85.135,85.1632,85.06,85.12,9656
2016-05-23 15:00:00,85.12,85.17,85.07,85.17,16403
2016-05-23 15:15:00,85.14,85.18,85.13,85.14,8160
2016-05-23 15:30:00,85.12,85.16,85.12,85.13,8500
2016-05-23 15:45:00,85.15,85.2,85.11,85.14,19137
2016-05-23 16:00:00,85.15,85.15,84.92,84.97,42956
2016-05-24 09:45:00,85.15,86.33,85.01,86.33,28154
2016-05-24 10:00:00,86.245,87.17,86.245,86.8,94948
2016-05-24 10:15:00,86.8,86.88,86.2635,86.3213,29586
2016-05-24 10:30:00,86.2933,86.46,86.2933,86.3635,6267
2016-05-24 10:45:00,86.41,86.56,86.37,86.45,22185
2016-05-24 11:00:00,86.45,86.59,86.41,86.43,18712
2016-05-24 11:15:00,86.43,86.54,86.426,86.49,14720
2016-05-24 11:30:00,86.44,86.5,86.4,86.45,16133
2016-05-24 11:45:00,86.45,86.53,86.43,86.52,21611
2016-05-24 12:00:00,86.53,86.53,86.445,86.48,11592
2016-05-24 12:15:00,86.48,86.56,86.46,86.49,8471
2016-05-24 12:30:00,86.48,86.58,86.4525,86.545,14341
2016-05-24 12:45:00,86.57,86.57,86.44,86.5,8220
2016-05-24 13:00:00,86.49,86.585,86.465,86.57,14067
2016-05-24 13:15:00,86.545,86.59,86.43,86.54,12646
2016-05-24 13:30:00,86.52,86.65,86.515,86.64,7973
2016-05-24 13:45:00,86.64,86.66,86.561,86.63,16753
2016-05-24 14:00:00,86.62,86.72,86.6,86.634,16480
2016-05-24 14:15:00,86.62,86.68,86.58,86.635,31660
2016-05-24 14:30:00,86.65,86.7371,86.63,86.65,13771
2016-05-24 14:45:00,86.65,86.7,86.58,86.675,24420
2016-05-24 15:00:00,86.69,86.72,86.66,86.68,18721
2016-05-24 15:15:00,86.6775,86.79,86.65,86.75,31374
2016-05-24 15:30:00,86.75,86.82,86.69,86.75,40718
2016-05-24 15:45:00,86.75,86.75,86.6,86.66,25575
2016-05-24 16:00:00,86.66,86.8,86.63,86.72,114937
2016-05-25 09:45:00,86.5,87.12,86.5,87.01,33294
2016-05-25 10:00:00,87.06,87.06,86.45,86.45,29398
2016-05-25 10:15:00,86.42,86.92,86.4,86.92,23984
2016-05-25 10:30:00,86.92,86.95,86.54,86.6594,21019
2016-05-25 10:45:00,86.68,87.0,86.68,86.85,14506
2016-05-25 11:00:00,86.845,86.98,86.775,86.8,17829
2016-05-25 11:15:00,86.76,86.885,86.51,86.56,21651
2016-05-25 11:30:00,86.545,86.78,86.545,86.63,19542
2016-05-25 11:45:00,86.6,86.61,86.38,86.45,15655
2016-05-25 12:00:00,86.45,86.45,86.235,86.33,13414
2016-05-25 12:15:00,86.35,86.35,86.24,86.25,10893
2016-05-25 12:30:00,86.25,86.34,86.25,86.28,10573
2016-05-25 12:45:00,86.26,86.41,86.23,86.28,11842
2016-05-25 13:00:00,86.28,86.36,86.28,86.34,14764
2016-05-25 13:15:00,86.34,86.575,86.3208,86.49,10971
2016-05-25 13:30:00,86.51,86.7,86.51,86.66,21964
2016-05-25 13:45:00,86.67,86.7134,86.49,86.5629,22471
2016-05-25 14:00:00,86.58,86.61,86.47,86.53,8616
2016-05-25 14:15:00,86.55,86.57,86.47,86.55,13440
2016-05-25 14:30:00,86.5524,86.79,86.53,86.66,34558
2016-05-25 14:45:00,86.6496,86.78,86.6428,86.77,15933
2016-05-25 15:00:00,86.8,86.84,86.65,86.66,16702
2016-05-25 15:15:00,86.66,86.71,86.56,86.71,17439
2016-05-25 15:30:00,86.72,86.86,86.71,86.86,22635
2016-05-25 15:45:00,86.84,86.86,86.76,86.775,25021
2016-05-25 16:00:00,86.77,86.83,86.72,86.72,62854
2016-05-26 09:45:00,86.96,87.31,86.43,87.23,32693
2016-05-26 10:00:00,87.24,87.25,86.67,86.75,15843
2016-05-26 10:15:00,86.73,87.2,86.73,87.19,24748
2016-05-26 10:30:00,87.18,87.27,87.13,87.16,17633
2016-05-26 10:45:00,87.15,87.24,87.01,87.03,11297
2016-05-26 11:00:00,86.97,87.04,86.82,86.92,12030
2016-05-26 11:15:00,86.93,87.0,86.84,86.96,6050
2016-05-26 11:30:00,86.98,86.98,86.8,86.84,12665
2016-05-26 11:45:00,86.85,86.85,86.63,86.7299,18932
2016-05-26 12:00:00,86.68,86.73,86.53,86.605,12019
2016-05-26 12:15:00,86.58,86.63,86.52,86.55,6253
2016-05-26 12:30:00,86.55,86.59,86.5,86.575,8105
2016-05-26 12:45:00,86.53,86.53,86.46,86.46,6127
2016-05-26 13:00:00,86.48,86.49,86.355,86.37,15350
2016-05-26 13:15:00,86.37,86.41,86.26,86.32,12011
2016-05-26 13:30:00,86.33,86.61,86.32,86.59,8011
2016-05-26 13:45:00,86.58,86.69,86.5476,86.63,7320
2016-05-26 14:00:00,86.67,86.69,86.6117,86.6194,4711
2016-05-26 14:15:00,86.62,86.67,86.55,86.585,12021
2016-05-26 14:30:00,86.58,86.63,86.56,86.59,7692
2016-05-26 14:45:00,86.6,86.60799999999999,86.55,86.58,6087
2016-05-26 15:00:00,86.5601,86.647,86.56,86.6,28896
2016-05-26 15:15:00,86.6,86.8,86.59,86.8,14585
2016-05-26 15:30:00,86.82,86.9,86.7675,86.89,15114
2016-05-26 15:45:00,86.9,86.92,86.805,86.82,19518
2016-05-26 16:00:00,86.82,86.82,86.72,86.73,37944
2016-05-27 09:45:00,86.3,86.86,86.3,86.86,11087
2016-05-27 10:00:00,86.855,87.16,86.85,86.9203,9620
2016-05-27 10:15:00,86.86,86.97,86.79,86.94,9638
2016-05-27 10:30:00,86.98,87.2,86.95,87.02,10740
2016-05-27 10:45:00,87.05,87.21,86.91,86.92,16514
2016-05-27 11:00:00,86.92,87.09,86.86,87.084,12475
2016-05-27 11:15:00,87.075,87.28,87.06,87.25,11191
2016-05-27 11:30:00,87.26,87.47,87.24,87.43,17527
2016-05-27 11:45:00,87.47,87.56,87.41,87.43,10276
2016-05-27 12:00:00,87.4,87.45,87.27,87.27,8283
2016-05-27 12:15:00,87.28,87.3,87.08,87.08,6902
2016-05-27 12:30:00,87.095,87.16,87.06,87.13,10072
2016-05-27 12:45:00,87.1599,87.16,87.08,87.125,6566
2016-05-27 13:00:00,87.125,87.14,87.07,87.14,6690
2016-05-27 13:15:00,87.1235,87.15,87.06,87.15,6654
2016-05-27 13:30:00,87.15,87.185,87.11,87.14,6437
2016-05-27 13:45:00,87.15799999999999,87.17,87.015,87.11,10238
2016-05-27 14:00:00,87.0901,87.11,86.97,87.0693,6370
2016-05-27 14:15:00,87.08,87.085,86.96,87.05,6417
2016-05-27 14:30:00,87.02,87.23,86.98,87.19,10176
2016-05-27 14:45:00,87.1625,87.245,87.09,87.09,6797
2016-05-27 15:00:00,87.11,87.3,87.11,87.2,22952
2016-05-27 15:15:00,87.2,87.2,87.12,87.14,7000
2016-05-27 15:30:00,87.14,87.15,87.12,87.15,7000
2016-05-27 15:45:00,87.15,87.25,87.09,87.23,11701
2016-05-27 16:00:00,87.23,87.35,87.23,87.28,40417
2016-05-31 09:45:00,87.27,87.64,86.43,87.02,21830
2016-05-31 10:00:00,86.98,87.13,86.93,87.05,9116
2016-05-31 10:15:00,87.01,87.2,87.01,87.04,4596
2016-05-31 10:30:00,87.09,87.25,87.09,87.19,11874
2016-05-31 10:45:00,87.21,87.23,87.06,87.08,12312
2016-05-31 11:00:00,87.0789,87.25,87.07,87.07,6644
2016-05-31 11:15:00,87.08,87.1,86.87,86.91,9873
2016-05-31 11:30:00,86.954,87.04,86.9,86.96,7240
2016-05-31 11:45:00,86.96,87.02,86.89,86.94,4456
2016-05-31 12:00:00,86.93,86.97,86.8,86.86,7571
2016-05-31 12:15:00,86.81,86.82,86.75,86.795,6138
2016-05-31 12:30:00,86.8,86.93,86.78,86.88,6001
2016-05-31 12:45:00,86.885,86.95,86.85,86.93,7583
2016-05-31 13:00:00,86.9205,86.9667,86.83,86.83,7155
2016-05-31 13:15:00,86.83,86.88,86.83,86.88,3832
2016-05-31 13:30:00,86.9,87.05,86.86,87.0101,5475
2016-05-31 13:45:00,87.03,87.07799999999999,87.0,87.0,4373
2016-05-31 14:00:00,87.0,87.05,86.965,86.99,5995
2016-05-31 14:15:00,86.99,86.99,86.765,86.815,22354
2016-05-31 14:30:00,86.796,87.06,86.796,87.03,17345
2016-05-31 14:45:00,87.0359,87.04,86.96,87.005,9074
2016-05-31 15:00:00,87.0,87.1396,86.93,87.13,11598
2016-05-31 15:15:00,87.11,87.11,86.96,87.06,14542
2016-05-31 15:30:00,87.07,87.25,87.07,87.25,15756
2016-05-31 15:45:00,87.27,87.46,87.215,87.38,33150
2016-05-31 16:00:00,87.4,87.48,87.29,87.29,69871
2016-06-01 09:45:00,86.58,86.87,86.3,86.69,29930
2016-06-01 10:00:00,86.66,86.89,86.635,86.66,15206
2016-06-01 10:15:00,86.73,86.89,86.68,86.725,23708
2016-06-01 10:30:00,86.72,86.76,86.29,86.29,34005
2016-06-01 10:45:00,86.2601,86.43,86.18,86.255,36731
2016-06-01 11:00:00,86.28,86.3797,86.18,86.33,26648
2016-06-01 11:15:00,86.3125,86.5,86.31,86.3944,23627
2016-06-01 11:30:00,86.37,86.4,86.28,86.31,14339
2016-06-01 11:45:00,86.31,86.37,86.26,86.28,8144
2016-06-01 12:00:00,86.27,86.28,86.17,86.265,14817
2016-06-01 12:15:00,86.265,86.56,86.26,86.56,14808
2016-06-01 12:30:00,86.57,86.66,86.39,86.51,13387
2016-06-01 12:45:00,86.5,86.71,86.44,86.71,17952
2016-06-01 13:00:00,86.67,86.69,86.37,86.51,12858
2016-06-01 13:15:00,86.53,86.76,86.53,86.62,13193
2016-06-01 13:30:00,86.58,86.92,86.55,86.8,92558
2016-06-01 13:45:00,86.82,86.99,86.81,86.92,13825
2016-06-01 14:00:00,86.92,86.96,86.82,86.9,16724
2016-06-01 14:15:00,86.91,86.9799,86.8,86.96,14449
2016-06-01 14:30:00,86.9504,87.02,86.77,86.77,14956
2016-06-01 14:45:00,86.78,86.8,86.61,86.79,23020
2016-06-01 15:00:00,86.8275,87.0,86.75,87.0,18554
2016-06-01 15:15:00,87.01,87.01,86.88,86.91,15740
2016-06-01 15:30:00,86.93,86.98,86.88,86.94,21465
2016-06-01 15:45:00,86.94,87.07,86.88,87.07,36282
2016-06-01 16:00:00,87.0699,87.16,87.03,87.12,109556
2016-06-02 09:45:00,86.64,87.12,86.5,87.11,16492
2016-06-02 10:00:00,87.11,87.12,86.5,86.54,21197
2016-06-02 10:15:00,86.61,86.78,86.52,86.67,55249
2016-06-02 10:30:00,86.63,86.63,86.29,86.4,15845
2016-06-02 10:45:00,86.42,86.51,86.4,86.42,24094
2016-06-02 11:00:00,86.43,86.55,86.37,86.55,14453
2016-06-02 11:15:00,86.54,86.61,86.37,86.48,15236
2016-06-02 11:30:00,86.48,86.48,86.22,86.255,15232
2016-06-02 11:45:00,86.27,86.39,86.21,86.33,13402
2016-06-02 12:00:00,86.33,86.455,86.24,86.455,14317
2016-06-02 12:15:00,86.46,86.48,86.3,86.31,8587
2016-06-02 12:30:00,86.28,86.28,86.11,86.14,10836
2016-06-02 12:45:00,86.15,86.21,86.12,86.17,10982
2016-06-02 13:00:00,86.18,86.18,86.1,86.16,14745
2016-06-02 13:15:00,86.14,86.245,86.14,86.18,10003
2016-06-02 13:30:00,86.2,86.31200000000001,86.2,86.29,11527
2016-06-02 13:45:00,86.3,86.37,86.29,86.31,8663
2016-06-02 14:00:00,86.33,86.43,86.26,86.36,15736
2016-06-02 14:15:00,86.38,86.5,86.34,86.39,25522
2016-06-02 14:30:00,86.4,86.44,86.32,86.43,12143
2016-06-02 14:45:00,86.44,86.51,86.35,86.35,13963
2016-06-02 15:00:00,86.35,86.4,86.3168,86.34,19115
2016-06-02 15:15:00,86.36,86.46,86.35,86.43,23926
2016-06-02 15:30:00,86.42,86.56,86.42,86.55,24981
2016-06-02 15:45:00,86.53,86.63,86.51,86.605,30834
2016-06-02 16:00:00,86.61,86.73,86.58,86.72,76592
2016-06-03 09:45:00,86.19,86.42,86.01,86.17200000000001,18100
2016-06-03 10:00:00,86.32,86.32,85.725,85.76,26495
2016-06-03 10:15:00,85.73,85.75,85.48,85.63,37101
2016-06-03 10:30:00,85.615,85.7,85.33,85.59,14006
2016-06-03 10:45:00,85.585,85.77,85.4801,85.715,11105
2016-06-03 11:00:00,85.72,85.78,85.59,85.705,37625
2016-06-03 11:15:00,85.73,85.76,85.58,85.71,26677
2016-06-03 11:30:00,85.73,85.75,85.56,85.58,11734
2016-06-03 11:45:00,85.57,85.76,85.52600000000001,85.76,10658
2016-06-03 12:00:00,85.76,85.835,85.69,85.835,25778
2016-06-03 12:15:00,85.81,85.83,85.73,85.78,16184
2016-06-03 12:30:00,85.76,85.78,85.64,85.685,10198
2016-06-03 12:45:00,85.65,85.69,85.58,85.62,10136
2016-06-03 13:00:00,85.6,85.6399,85.49,85.49,10735
2016-06-03 13:15:00,85.535,85.63,85.535,85.63,10821
2016-06-03 13:30:00,85.625,85.78,85.61,85.69,13989
2016-06-03 13:45:00,85.71,85.81,85.68,85.78,23097
2016-06-03 14:00:00,85.77,85.8,85.66,85.8,11206
2016-06-03 14:15:00,85.77,85.8,85.73,85.7725,15413
2016-06-03 14:30:00,85.77,85.79,85.69,85.79,16021
2016-06-03 14:45:00,85.77,85.77,85.69,85.72,15424
2016-06-03 15:00:00,85.73,85.815,85.72,85.79,17054
2016-06-03 15:15:00,85.77,85.77,85.69,85.76,14283
2016-06-03 15:30:00,85.75,85.9,85.73,85.87,16769
2016-06-03 15:45:00,85.88,85.9,85.78,85.81,30243
2016-06-03 16:00:00,85.79,85.86,85.73,85.8,64788
2016-06-06 09:45:00,86.36,86.4,85.95,86.4,24208
2016-06-06 10:00:00,86.41,86.48,86.265,86.31,13361
2016-06-06 10:15:00,86.31,86.48100000000001,86.28,86.46,19450
2016-06-06 10:30:00,86.43,86.57,86.42,86.51,17360
2016-06-06 10:45:00,86.48,86.52,86.34,86.37,18518
2016-06-06 11:00:00,86.375,86.48,86.375,86.435,9485
2016-06-06 11:15:00,86.43,86.43,86.26,86.26,37566
2016-06-06 11:30:00,86.28,86.37,86.24,86.35,19524
2016-06-06 11:45:00,86.37,86.46,86.27,86.45,17378
2016-06-06 12:00:00,86.4353,86.51,86.4,86.445,8743
2016-06-06 12:15:00,86.46,86.5,86.35,86.37,7493
2016-06-06 12:30:00,86.36,86.46,86.31,86.41,10092
2016-06-06 12:45:00,86.39,86.5,86.361,86.405,14774
2016-06-06 13:00:00,86.41,86.45,86.2,86.31,14141
2016-06-06 13:15:00,86.31,86.53,86.28,86.53,9918
2016-06-06 13:30:00,86.54,86.57,86.43,86.57,11819
2016-06-06 13:45:00,86.56,86.68,86.54,86.587,7137
2016-06-06 14:00:00,86.55,86.69,86.49,86.61,23987
2016-06-06 14:15:00,86.62,86.76,86.62,86.7199,10860
2016-06-06 14:30:00,86.7,86.89,86.68,86.88,15716
2016-06-06 14:45:00,86.87,86.94,86.76,86.82,13929
2016-06-06 15:00:00,86.8172,86.8172,86.63,86.63,21178
2016-06-06 15:15:00,86.61,86.711,86.59,86.67,21729
2016-06-06 15:30:00,86.69,86.69,86.49,86.51,13720
2016-06-06 15:45:00,86.5,86.65,86.39,86.42,50161
2016-06-06 16:00:00,86.43,86.44,86.24,86.25,108634
2016-06-07 09:45:00,86.23,86.62,86.14,86.62,9118
2016-06-07 10:00:00,86.52,86.815,86.48,86.71,8000
2016-06-07 10:15:00,86.745,86.745,86.49,86.55,18480
2016-06-07 10:30:00,86.6,86.7,86.515,86.565,9027
2016-06-07 10:45:00,86.59,86.64,86.52,86.54,5803
2016-06-07 11:00:00,86.56,86.58,86.37,86.38,31798
2016-06-07 11:15:00,86.4,86.64,86.37,86.6156,7705
2016-06-07 11:30:00,86.63,86.67,86.56,86.64,11001
2016-06-07 11:45:00,86.65,86.6594,86.57,86.6,3918
2016-06-07 12:00:00,86.61,86.67,86.55,86.67,7973
2016-06-07 12:15:00,86.66,86.67,86.51,86.57,11720
2016-06-07 12:30:00,86.57,86.69,86.57,86.6216,19034
2016-06-07 12:45:00,86.6,86.64,86.5,86.5256,12440
2016-06-07 13:00:00,86.53,86.67,86.53,86.65,33878
2016-06-07 13:15:00,86.645,86.71,86.61,86.61,5267
2016-06-07 13:30:00,86.64,86.76,86.6,86.76,14033
2016-06-07 13:45:00,86.74,86.86,86.72,86.78,9799
2016-06-07 14:00:00,86.79,86.79,86.69,86.73,21612
2016-06-07 14:15:00,86.74,86.85,86.71,86.831,9746
2016-06-07 14:30:00,86.82,87.04,86.82,87.04,46239
2016-06-07 14:45:00,87.05,87.09,86.94,86.96,22710
2016-06-07 15:00:00,87.0,87.19,87.0,87.16,21360
2016-06-07 15:15:00,87.175,87.23,87.13,87.13,19438
2016-06-07 15:30:00,87.12,87.23,87.09,87.19,21492
2016-06-07 15:45:00,87.2,87.235,87.0,87.01,17996
2016-06-07 16:00:00,87.01,87.1,86.91,86.95,88957
2016-06-08 09:45:00,86.82,87.33,86.82,87.03,9549
2016-06-08 10:00:00,87.11,87.14,86.91,86.92,8597
2016-06-08 10:15:00,86.98,86.98,86.64,86.7,16828
2016-06-08 10:30:00,86.72,86.78,86.65,86.7,7249
2016-06-08 10:45:00,86.7,86.84,86.665,86.84,6054
2016-06-08 11:00:00,86.86,86.9299,86.73,86.73,3824
2016-06-08 11:15:00,86.75399999999999,86.77,86.68,86.74,8160
2016-06-08 11:30:00,86.71,86.88,86.71,86.88,3648
2016-06-08 11:45:00,86.9,86.93,86.8,86.88,10344
2016-06-08 12:00:00,86.83,86.89,86.78,86.85,4457
2016-06-08 12:15:00,86.85,86.99,86.84,86.98,3730
2016-06-08 12:30:00,86.93,87.17,86.93,87.13,6789
2016-06-08 12:45:00,87.14,87.19,87.04,87.165,16243
2016-06-08 13:00:00,87.162,87.162,87.06,87.06,11867
2016-06-08 13:15:00,87.05,87.13,87.03,87.12,7157
2016-06-08 13:30:00,87.15,87.19,87.07,87.0799,4626
2016-06-08 13:45:00,87.1,87.14,87.09,87.13,3812
2016-06-08 14:00:00,87.13,87.17,87.085,87.15,4309
2016-06-08 14:15:00,87.18,87.19,87.12,87.19,5343
2016-06-08 14:30:00,87.16,87.38,87.16,87.38,13132
2016-06-08 14:45:00,87.35,87.36,87.2993,87.3011,4106
2016-06-08 15:00:00,87.32,87.36,87.271,87.36,7270
2016-06-08 15:15:00,87.37,87.38,87.33,87.35,7770
2016-06-08 15:30:00,87.35,87.35,87.23,87.2896,19286
2016-06-08 15:45:00,87.3,87.3,87.05,87.11,24546
2016-06-08 16:00:00,87.1025,87.18,87.05,87.1,40687
2016-06-09 09:45:00,86.73,86.9093,86.5,86.5,10415
2016-06-09 10:00:00,86.52,86.6367,86.11,86.2,12004
2016-06-09 10:15:00,86.25,86.25,85.9,85.9,17709
2016-06-09 10:30:00,85.85,85.96,85.7,85.845,19763
2016-06-09 10:45:00,85.845,86.29,85.845,86.165,23492
2016-06-09 11:00:00,86.1699,86.3,86.1,86.17,34990
2016-06-09 11:15:00,86.1695,86.73,86.1695,86.7097,9244
2016-06-09 11:30:00,86.71,86.89,86.7,86.74,11033
2016-06-09 11:45:00,86.69,86.77,86.58,86.69,11095
2016-06-09 12:00:00,86.7,86.71,86.6,86.71,7022
2016-06-09 12:15:00,86.71,86.91,86.71,86.8,5206
2016-06-09 12:30:00,86.78,86.816,86.72,86.816,3128
2016-06-09 12:45:00,86.87,86.95,86.78,86.88,14826
2016-06-09 13:00:00,86.8801,86.96,86.7575,86.77,5580
2016-06-09 13:15:00,86.76,86.82,86.67,86.74,5989
2016-06-09 13:30:00,86.775,86.86,86.66,86.82,27985
2016-06-09 13:45:00,86.85,86.93,86.82,86.93,9358
2016-06-09 14:00:00,86.89,86.91,86.6806,86.76,13294
2016-06-09 14:15:00,86.7769,86.82,86.71,86.82,7830
2016-06-09 14:30:00,86.84,86.85,86.66,86.68,17888
2016-06-09 14:45:00,86.7,86.85,86.7,86.85,10749
2016-06-09 15:00:00,86.87,86.92399999999999,86.83,86.9226,8998
2016-06-09 15:15:00,86.93,87.0,86.88,86.89,6821
2016-06-09 15:30:00,86.88,86.95,86.82,86.95,20916
2016-06-09 15:45:00,86.94,87.08,86.9372,87.06,16729
2016-06-09 16:00:00,87.04,87.16,87.03,87.06,51636
2016-06-10 09:45:00,86.61,86.835,86.435,86.48,10079
2016-06-10 10:00:00,86.45,86.5125,86.18,86.18,7125
2016-06-10 10:15:00,86.265,86.265,85.99,86.11,5235
2016-06-10 10:30:00,86.13,86.4,86.07,86.32,9992
2016-06-10 10:45:00,86.34,86.49,86.29,86.405,5448
2016-06-10 11:00:00,86.36,86.47,86.3,86.41,5544
2016-06-10 11:15:00,86.38,86.45,86.31,86.3201,3834
2016-06-10 11:30:00,86.4,86.41,86.29,86.375,10850
2016-06-10 11:45:00,86.36,86.39,86.0,86.05,16185
2016-06-10 12:00:00,85.98,86.12,85.95,86.09,5354
2016-06-10 12:15:00,86.13,86.2567,85.88,85.88,8678
2016-06-10 12:30:00,85.9,86.01,85.885,85.92,7700
2016-06-10 12:45:00,85.94,86.05,85.87,86.04,9058
2016-06-10 13:00:00,86.04,86.04,85.9,85.98,7842
2016-06-10 13:15:00,85.98,86.05,85.92,85.98,7201
2016-06-10 13:30:00,85.93,86.06,85.75,85.98,25206
2016-06-10 13:45:00,85.96,85.98,85.8825,85.945,6746
2016-06-10 14:00:00,85.94,85.94,85.65,85.745,18498
2016-06-10 14:15:00,85.75,85.77,85.49,85.56,10442
2016-06-10 14:30:00,85.54,85.64,85.52,85.61,17134
2016-06-10 14:45:00,85.565,85.63,85.54,85.62,9686
2016-06-10 15:00:00,85.62,85.64,85.51,85.53,11768
2016-06-10 15:15:00,85.5297,85.68,85.5297,85.62,13951
2016-06-10 15:30:00,85.63,85.69,85.5701,85.65,11460
2016-06-10 15:45:00,85.65,85.74,85.64,85.73,17104
2016-06-10 16:00:00,85.73,85.92,85.73,85.92,57761
2016-06-13 09:45:00,85.77,85.88,85.45,85.75,14622
2016-06-13 10:00:00,85.66,85.79,85.51,85.79,11627
2016-06-13 10:15:00,85.84,86.0,85.44,85.57,15223
2016-06-13 10:30:00,85.595,85.72,85.58,85.705,4300
2016-06-13 10:45:00,85.76,85.76,85.675,85.69,7752
2016-06-13 11:00:00,85.69,85.76,85.55,85.73,16742
2016-06-13 11:15:00,85.73,85.77,85.62,85.71,11923
2016-06-13 11:30:00,85.74,85.79,85.66,85.75,33325
2016-06-13 11:45:00,85.75,85.75,85.56,85.56,6413
2016-06-13 12:00:00,85.53,85.53,85.22,85.23,9880
2016-06-13 12:15:00,85.28,85.39,85.28,85.39,4359
2016-06-13 12:30:00,85.47,85.56,85.43,85.47,4600
2016-06-13 12:45:00,85.47,85.57,85.4601,85.47,7601
2016-06-13 13:00:00,85.48,85.68,85.48,85.68,4290
2016-06-13 13:15:00,85.65,85.66,85.57,85.65,4553
2016-06-13 13:30:00,85.6001,85.7099,85.6,85.68,2752
2016-06-13 13:45:00,85.65,85.75,85.57,85.75,7487
2016-06-13 14:00:00,85.75,85.79,85.51,85.6068,9220
2016-06-13 14:15:00,85.63,85.6625,85.5401,85.66,5056
2016-06-13 14:30:00,85.64,85.66,85.44,85.45,5815
2016-06-13 14:45:00,85.43,85.55,85.43,85.55,9300
2016-06-13 15:00:00,85.555,85.6,85.49,85.55,12477
2016-06-13 15:15:00,85.5,85.56,85.32,85.32,10173
2016-06-13 15:30:00,85.35,85.39,85.316,85.33,14544
2016-06-13 15:45:00,85.33,85.35,85.13,85.17,26427
2016-06-13 16:00:00,85.16,85.19,85.04,85.08,73906
2016-06-14 09:45:00,84.9,85.29,84.4801,85.23,21575
2016-06-14 10:00:00,85.29,85.305,84.6,84.9201,51737
2016-06-14 10:15:00,85.01,85.13,84.81,85.04,25232
2016-06-14 10:30:00,85.07,85.07,84.904,85.02,12640
2016-06-14 10:45:00,85.0,85.13,84.94,85.115,31106
2016-06-14 11:00:00,85.08,85.11,84.83,84.88,15051
2016-06-14 11:15:00,84.92,85.13,84.8862,85.01,26181
2016-06-14 11:30:00,85.03,85.0775,84.81,84.82,36249
2016-06-14 11:45:00,84.83,84.91,84.75,84.77,18830
2016-06-14 12:00:00,84.76,84.91,84.74,84.81,5777
2016-06-14 12:15:00,84.83,84.88,84.55,84.67,16669
2016-06-14 12:30:00,84.76,84.96,84.76,84.9,15825
2016-06-14 12:45:00,84.91,84.95,84.83,84.85,9856
2016-06-14 13:00:00,84.85,84.9,84.85,84.88,8800
2016-06-14 13:15:00,84.87,84.9,84.85,84.85,17568
2016-06-14 13:30:00,84.8518,84.93,84.84,84.86,12366
2016-06-14 13:45:00,84.89,84.91,84.81,84.88,437224
2016-06-14 14:00:00,84.885,85.01,84.86,84.91,35929
2016-06-14 14:15:00,84.9,84.98,84.81,84.97,36891
2016-06-14 14:30:00,85.03,85.27,84.99,85.26,37990
2016-06-14 14:45:00,85.24,85.24,85.01,85.06,15004
2016-06-14 15:00:00,85.06,85.09,84.91,84.92,16556
2016-06-14 15:15:00,84.92,85.264,84.9,85.25,27931
2016-06-14 15:30:00,85.25,85.3993,85.24,85.38,22137
2016-06-14 15:45:00,85.38,85.47,85.31,85.3561,32658
2016-06-14 16:00:00,85.34,85.49,85.26,85.44,64550
2016-06-15 09:45:00,85.59,86.35,85.46,86.085,24485
2016-06-15 10:00:00,86.08,86.13,85.89,86.13,12290
2016-06-15 10:15:00,86.15,86.75,86.13,86.65,23309
2016-06-15 10:30:00,86.67,86.74,86.48,86.48,11288
2016-06-15 10:45:00,86.47,86.64,86.41,86.6,12767
2016-06-15 11:00:00,86.6,86.76,86.55,86.72,13275
2016-06-15 11:15:00,86.7,86.765,86.61,86.64,12634
2016-06-15 11:30:00,86.63,86.71,86.63,86.69,10636
2016-06-15 11:45:00,86.68,86.68,86.39,86.45,27082
2016-06-15 12:00:00,86.4672,86.62,86.43,86.44,17133
2016-06-15 12:15:00,86.425,86.57,86.425,86.52,10815
2016-06-15 12:30:00,86.51299999999999,86.57,86.45,86.5,13182
2016-06-15 12:45:00,86.5,86.54,86.44,86.515,16215
2016-06-15 13:00:00,86.515,86.515,86.41,86.425,9028
2016-06-15 13:15:00,86.43,86.48,86.38,86.41,10724
2016-06-15 13:30:00,86.38,86.45,86.38,86.42,9860
2016-06-15 13:45:00,86.421,86.5099,86.3796,86.5,21471
2016-06-15 14:00:00,86.505,86.665,86.45,86.61,16873
2016-06-15 14:15:00,86.63,86.75,86.4052,86.42,17624
2016-06-15 14:30:00,86.41,86.56,86.38,86.41,20863
2016-06-15 14:45:00,86.37,86.56,86.32,86.55,22719
2016-06-15 15:00:00,86.53,86.63,86.4,86.63,23977
2016-06-15 15:15:00,86.615,86.76,86.52,86.53,20878
2016-06-15 15:30:00,86.52,86.61,86.44,86.6,25302
2016-06-15 15:45:00,86.57,86.63,86.23,86.25,38499
2016-06-15 16:00:00,86.2,86.2,85.94,86.02,83873
2016-06-16 09:45:00,85.49,86.25,85.32,85.61,11983
2016-06-16 10:00:00,85.62,85.62,84.69,84.72,16800
2016-06-16 10:15:00,84.71,84.9,84.65,84.86,29360
2016-06-16 10:30:00,84.82,84.95,84.61,84.62,25820
2016-06-16 10:45:00,84.62,84.96,84.59,84.905,33483
2016-06-16 11:00:00,84.89,85.01,84.86,84.86,14678
2016-06-16 11:15:00,84.8914,85.21,84.86,85.19,13518
2016-06-16 11:30:00,85.2,85.48,85.1,85.4,24995
2016-06-16 11:45:00,85.4,85.51,85.29,85.35,14006
2016-06-16 12:00:00,85.31,85.38,85.23,85.24,17029
2016-06-16 12:15:00,85.25,85.33,85.16,85.27,15285
2016-06-16 12:30:00,85.29,85.63,85.27,85.56,14245
2016-06-16 12:45:00,85.5599,85.82,85.5201,85.82,16371
2016-06-16 13:00:00,85.795,85.795,85.5,85.56,12591
2016-06-16 13:15:00,85.55,85.72,85.54,85.64,12924
2016-06-16 13:30:00,85.65,85.77,85.54,85.54,14788
2016-06-16 13:45:00,85.54,85.57,85.37,85.46,10901
2016-06-16 14:00:00,85.42,85.46,85.29,85.43,13650
2016-06-16 14:15:00,85.41,85.72,85.35,85.68,19291
2016-06-16 14:30:00,85.65,85.76,85.53,85.64,12834
2016-06-16 14:45:00,85.65,85.7,85.5604,85.67,19054
2016-06-16 15:00:00,85.68,85.85,85.64,85.71,21369
2016-06-16 15:15:00,85.71,85.8,85.71,85.765,19071
2016-06-16 15:30:00,85.75,85.94,85.72,85.91,20669
2016-06-16 15:45:00,85.91,85.96,85.75,85.96,32719
2016-06-16 16:00:00,85.95,86.0,85.77,85.89,91877
2016-06-17 09:45:00,85.82,85.82,84.86,85.34,64907
2016-06-17 10:00:00,85.37,85.44,85.17,85.31,17045
2016-06-17 10:15:00,85.34,85.67,85.27,85.65,13751
2016-06-17 10:30:00,85.63,85.63,85.42,85.42,12160
2016-06-17 10:45:00,85.39,85.42,85.25,85.3,15800
2016-06-17 11:00:00,85.29,85.4499,85.29,85.4499,15619
2016-06-17 11:15:00,85.45,85.47,85.19,85.27,13276
2016-06-17 11:30:00,85.29,85.4,85.18,85.19,9622
2016-06-17 11:45:00,85.15,85.36,85.15,85.36,10506
2016-06-17 12:00:00,85.35,85.47,85.28,85.47,20975
2016-06-17 12:15:00,85.45,85.66,85.44,85.61,12986
2016-06-17 12:30:00,85.58,85.61,85.44,85.59,14203
2016-06-17 12:45:00,85.61,85.67,85.59,85.66,13590
2016-06-17 13:00:00,85.67,85.69,85.51,85.56,9822
2016-06-17 13:15:00,85.57,85.68,85.46,85.63,21078
2016-06-17 13:30:00,85.65,85.89,85.65,85.82,11940
2016-06-17 13:45:00,85.81,85.9,85.77,85.84,9632
2016-06-17 14:00:00,85.85,85.92,85.73,85.75,26186
2016-06-17 14:15:00,85.71,85.74,85.6,85.67,36111
2016-06-17 14:30:00,85.7,85.74,85.63,85.71,19294
2016-06-17 14:45:00,85.71,85.77,85.58,85.7,23183
2016-06-17 15:00:00,85.68,85.79,85.6,85.69,15374
2016-06-17 15:15:00,85.68,85.72,85.56,85.59,15071
2016-06-17 15:30:00,85.58,85.58,85.43,85.47,14656
2016-06-17 15:45:00,85.48,85.6,85.38,85.4,28715
2016-06-17 16:00:00,85.4,85.47,85.38,85.41,48909
2016-06-20 09:45:00,86.75,87.1,86.22,86.54,31213
2016-06-20 10:00:00,86.65,86.68,86.325,86.53,21368
2016-06-20 10:15:00,86.57,86.61,86.4,86.45,31020
2016-06-20 10:30:00,86.45,86.94,86.45,86.8,15041
2016-06-20 10:45:00,86.79,86.83,86.71,86.77,14384
2016-06-20 11:00:00,86.8,86.87,86.74,86.83,16819
2016-06-20 11:15:00,86.84,87.0328,86.8,86.99,18907
2016-06-20 11:30:00,87.0,87.03,86.83,86.86,19282
2016-06-20 11:45:00,86.86,86.92,86.79,86.79,15336
2016-06-20 12:00:00,86.8,86.92,86.72,86.88,11411
2016-06-20 12:15:00,86.91,86.93,86.7,86.725,10678
2016-06-20 12:30:00,86.73,86.78,86.64,86.64,14994
2016-06-20 12:45:00,86.65,86.655,86.56,86.58,18008
2016-06-20 13:00:00,86.58,86.68,86.57,86.62,10945
2016-06-20 13:15:00,86.62,86.66,86.41,86.41,6644
2016-06-20 13:30:00,86.3901,86.52,86.33,86.36,14865
2016-06-20 13:45:00,86.39,86.51,86.39,86.51,10614
2016-06-20 14:00:00,86.5,86.57,86.46,86.51,6552
2016-06-20 14:15:00,86.49,86.5,86.34,86.35,10825
2016-06-20 14:30:00,86.355,86.39,86.19,86.19,15337
2016-06-20 14:45:00,86.1936,86.2295,86.11,86.1696,20181
2016-06-20 15:00:00,86.17,86.345,86.17,86.32,21787
2016-06-20 15:15:00,86.32,86.375,86.19,86.22,15851
2016-06-20 15:30:00,86.21,86.21,86.083,86.085,18497
2016-06-20 15:45:00,86.09,86.31,86.0875,86.27,30755
2016-06-20 16:00:00,86.26,86.2647,86.05,86.16,48676
2016-06-21 09:45:00,86.28,86.45,85.91,86.13,19763
2016-06-21 10:00:00,86.18,86.445,85.97,86.08,15247
2016-06-21 10:15:00,86.05,86.16,85.9,85.9,11009
2016-06-21 10:30:00,85.96,86.04,85.69,86.01,15281
2016-06-21 10:45:00,85.99,86.125,85.94,86.05,18877
2016-06-21 11:00:00,86.04,86.36,86.01,86.35,77022
2016-06-21 11:15:00,86.3499,86.7399,86.14,86.7399,34174
2016-06-21 11:30:00,86.7,86.82,86.62,86.82,11834
2016-06-21 11:45:00,86.77,86.77,86.47,86.47,11562
2016-06-21 12:00:00,86.49,86.79,86.44,86.79,9584
2016-06-21 12:15:00,86.77,86.82,86.64,86.67,11310
2016-06-21 12:30:00,86.7,86.75,86.66,86.75,8064
2016-06-21 12:45:00,86.77,86.82,86.64,86.72,9392
2016-06-21 13:00:00,86.7,86.7,86.47,86.57,8547
2016-06-21 13:15:00,86.57,86.58,86.45,86.54,9456
2016-06-21 13:30:00,86.54,86.64,86.46,86.51,6415
2016-06-21 13:45:00,86.5,86.53,86.34,86.49,11225
2016-06-21 14:00:00,86.51,86.51,86.27,86.27,10033
2016-06-21 14:15:00,86.27,86.39,86.27,86.35,11147
2016-06-21 14:30:00,86.3783,86.43,86.3685,86.42,13573
2016-06-21 14:45:00,86.39,86.49,86.36,86.4,13318
2016-06-21 15:00:00,86.443,86.443,86.26,86.3001,13401
2016-06-21 15:15:00,86.305,86.32,86.1001,86.11,14704
2016-06-21 15:30:00,86.12,86.19,86.08,86.1,26327
2016-06-21 15:45:00,86.08,86.15,85.93,86.0,34384
2016-06-21 16:00:00,86.0,86.06,85.75,85.79,137156
2016-06-22 09:45:00,85.94,86.83,85.65,86.16,16832
2016-06-22 10:00:00,86.195,86.3,86.07,86.29,6246
2016-06-22 10:15:00,86.285,86.52,86.08,86.47,13973
2016-06-22 10:30:00,86.4815,86.72,86.41,86.64,17490
2016-06-22 10:45:00,86.61,86.67,86.55,86.605,7756
2016-06-22 11:00:00,86.5837,86.74,86.545,86.63,9366
2016-06-22 11:15:00,86.68,86.74,86.56,86.68,21335
2016-06-22 11:30:00,86.68,86.77,86.57,86.69,7769
2016-06-22 11:45:00,86.66,86.71,86.455,86.67,8872
2016-06-22 12:00:00,86.62,86.75,86.55,86.55,6501
2016-06-22 12:15:00,86.55,86.59,86.44,86.58,7012
2016-06-22 12:30:00,86.57,86.74,86.39,86.48,17798
2016-06-22 12:45:00,86.49,86.61,86.49,86.52,2730
2016-06-22 13:00:00,86.5041,86.56,86.44,86.5,5019
2016-06-22 13:15:00,86.47,86.47,86.07,86.17,15159
2016-06-22 13:30:00,86.17,86.2499,86.07,86.23,23769
2016-06-22 13:45:00,86.23,86.34,86.19,86.32,8136
2016-06-22 14:00:00,86.29,86.3451,86.23,86.23,5497
2016-06-22 14:15:00,86.225,86.27,86.13,86.15,9336
2016-06-22 14:30:00,86.13,86.22,86.07,86.1999,16059
2016-06-22 14:45:00,86.18,86.18,86.04,86.09,25059
2016-06-22 15:00:00,86.09,86.164,86.03,86.08,17746
2016-06-22 15:15:00,86.1,86.16,86.01,86.025,32297
2016-06-22 15:30:00,86.015,86.07,85.91,85.9201,19241
2016-06-22 15:45:00,85.92,85.99,85.91,85.93,22452
2016-06-22 16:00:00,85.925,85.96,85.81,85.88,37917
2016-06-23 09:45:00,86.64,86.66,86.03,86.05,22437
2016-06-23 10:00:00,86.09,86.19,85.7,85.81,23362
2016-06-23 10:15:00,85.81,85.92,85.74,85.845,34591
2016-06-23 10:30:00,85.9,86.14,85.81,85.96,45000
2016-06-23 10:45:00,85.94,86.08,85.85,85.96,91754
2016-06-23 11:00:00,85.98,86.05,85.9,85.9399,39056
2016-06-23 11:15:00,85.94,86.16,85.94,85.995,26862
2016-06-23 11:30:00,85.99,86.1599,85.93,85.93,20254
2016-06-23 11:45:00,85.95,86.0,85.9,85.91,13003
2016-06-23 12:00:00,85.9,85.91,85.7301,85.7301,27455
2016-06-23 12:15:00,85.75,85.81,85.68,85.74,50804
2016-06-23 12:30:00,85.75,85.76,85.53,85.645,33228
2016-06-23 12:45:00,85.645,85.71,85.64,85.69,19921
2016-06-23 13:00:00,85.69,85.71,85.55,85.57,22606
2016-06-23 13:15:00,85.58,85.85,85.58,85.79,22543
2016-06-23 13:30:00,85.78,85.9,85.74,85.85,19196
2016-06-23 13:45:00,85.85,85.95,85.78,85.845,62980
2016-06-23 14:00:00,85.83,85.9399,85.8,85.93,23955
2016-06-23 14:15:00,85.915,86.0,85.885,85.975,32395
2016-06-23 14:30:00,85.98,86.01,85.925,85.98,26256
2016-06-23 14:45:00,85.99,86.0,85.955,86.0,20786
2016-06-23 15:00:00,86.01,86.01,85.97,86.0,35234
2016-06-23 15:15:00,86.0,86.18,85.99,86.12,55187
2016-06-23 15:30:00,86.125,86.22,86.085,86.22,31519
2016-06-23 15:45:00,86.22,86.23,86.08,86.21,62410
2016-06-23 16:00:00,86.205,86.275,86.13,86.17,184315
2016-06-24 09:45:00,83.45,84.195,83.03,83.8,46959
2016-06-24 10:00:00,83.78,83.86,83.32,83.36,39483
2016-06-24 10:15:00,83.32,83.79,83.25,83.54,27147
2016-06-24 10:30:00,83.54,83.54,83.25,83.31,68717
2016-06-24 10:45:00,83.25,83.29,82.93799999999999,83.11,77477
2016-06-24 11:00:00,83.09,83.22,82.99,83.04,38871
2016-06-24 11:15:00,83.08,83.26,82.98,83.04,37095
2016-06-24 11:30:00,83.06,83.11,83.0,83.03,29600
2016-06-24 11:45:00,83.055,83.25,82.98,83.0799,42598
2016-06-24 12:00:00,83.04,83.17,83.03,83.07,20488
2016-06-24 12:15:00,83.07,83.13,82.77,82.91,104347
2016-06-24 12:30:00,82.9699,83.26,82.95,83.2224,15284
2016-06-24 12:45:00,83.22,83.24,82.9,82.9,16470
2016-06-24 13:00:00,82.9,82.962,82.87,82.93,27743
2016-06-24 13:15:00,82.93,83.36,82.926,83.11,19651
2016-06-24 13:30:00,83.14,83.14,82.96,83.12,10550
2016-06-24 13:45:00,83.105,83.3,83.09,83.1,11623
2016-06-24 14:00:00,83.11,83.14,83.01,83.12,12054
2016-06-24 14:15:00,83.15,83.29,83.14,83.14,17558
2016-06-24 14:30:00,83.14,83.14,82.9101,83.0,14919
2016-06-24 14:45:00,82.94,82.94,82.71,82.71,132062
2016-06-24 15:00:00,82.73,83.0,82.66,82.73,85031
2016-06-24 15:15:00,82.73,82.815,82.6101,82.72,140398
2016-06-24 15:30:00,82.69,82.7,82.49,82.57,82407
2016-06-24 15:45:00,82.55,82.85,82.49,82.625,62778
2016-06-24 16:00:00,82.64,82.78,82.33,82.38,353197
2016-06-27 09:45:00,81.88,82.02,81.3,81.43,47764
2016-06-27 10:00:00,81.37,81.665,81.29,81.34,25008
2016-06-27 10:15:00,81.29,81.67,81.29,81.37,37606
2016-06-27 10:30:00,81.38,81.56,81.3,81.525,38864
2016-06-27 10:45:00,81.54,81.57,81.27,81.42,41218
2016-06-27 11:00:00,81.39,81.39,80.98,81.015,23601
2016-06-27 11:15:00,80.98,81.16,80.87,81.12,16872
2016-06-27 11:30:00,81.04,81.14,80.84,81.08,23194
2016-06-27 11:45:00,81.09,81.465,81.0518,81.4,19717
2016-06-27 12:00:00,81.39,81.43,81.19,81.19,19057
2016-06-27 12:15:00,81.18,81.21,80.98,81.0,22004
2016-06-27 12:30:00,80.98,81.24,80.96,81.21,27302
2016-06-27 12:45:00,81.26,81.26,80.93,80.95,6986
2016-06-27 13:00:00,80.9499,80.9599,80.82,80.935,15215
2016-06-27 13:15:00,80.92,81.03,80.86,81.0,20299
2016-06-27 13:30:00,81.09,81.15,81.04,81.04,19351
2016-06-27 13:45:00,81.03,81.09,80.87,80.87,17120
2016-06-27 14:00:00,80.8443,80.89,80.7775,80.86,15572
2016-06-27 14:15:00,80.8892,80.92399999999999,80.59,80.59,23345
2016-06-27 14:30:00,80.61,80.835,80.59,80.79,27043
2016-06-27 14:45:00,80.81,81.0,80.77,80.79,28249
2016-06-27 15:00:00,80.82,80.845,80.37,80.43,33555
2016-06-27 15:15:00,80.47,80.66,80.47,80.64,21847
2016-06-27 15:30:00,80.65,80.65,80.34,80.48,26387
2016-06-27 15:45:00,80.47,80.62,80.3401,80.51,51917
2016-06-27 16:00:00,80.5,80.7,80.5,80.61,84744
2016-06-28 09:45:00,80.9,81.671,80.68,81.55,65700
2016-06-28 10:00:00,81.56,81.83,81.49,81.62,26013
2016-06-28 10:15:00,81.66,82.01,81.61,82.0,108081
2016-06-28 10:30:00,82.03,82.58,82.03,82.58,85628
2016-06-28 10:45:00,82.6,82.9,82.535,82.72,52418
2016-06-28 11:00:00,82.74,83.0199,82.72,82.96,54294
2016-06-28 11:15:00,82.96,82.965,82.57,82.64,50642
2016-06-28 11:30:00,82.635,82.68,82.54,82.56,28978
2016-06-28 11:45:00,82.58,82.68,82.48,82.68,30787
2016-06-28 12:00:00,82.69,82.72,82.5,82.5,17625
2016-06-28 12:15:00,82.5,82.51,82.32,82.33,18677
2016-06-28 12:30:00,82.33,82.39,82.24,82.3,18063
2016-06-28 12:45:00,82.29,82.4,82.23,82.27,20628
2016-06-28 13:00:00,82.25,82.53,82.25,82.34,25464
2016-06-28 13:15:00,82.31,82.4,82.22,82.37,21541
2016-06-28 13:30:00,82.3601,82.47,82.25,82.35,61378
2016-06-28 13:45:00,82.34,82.4,82.13,82.35,33369
2016-06-28 14:00:00,82.3401,82.3401,82.21,82.27,16594
2016-06-28 14:15:00,82.26,82.32,82.09,82.11,21242
2016-06-28 14:30:00,82.19,82.35,82.15,82.32,22723
2016-06-28 14:45:00,82.34,82.68,82.2976,82.63,19498
2016-06-28 15:00:00,82.63,82.89,82.595,82.86,21232
2016-06-28 15:15:00,82.86,82.945,82.79,82.87,29494
2016-06-28 15:30:00,82.89,82.89,82.53,82.64,34004
2016-06-28 15:45:00,82.66,82.77,82.48,82.715,54244
2016-06-28 16:00:00,82.73,82.82,82.59,82.76,106132
2016-06-29 09:45:00,83.18,83.58,82.76,83.19,46836
2016-06-29 10:00:00,83.28,83.45,83.05,83.05,30877
2016-06-29 10:15:00,83.13,83.34,83.055,83.3099,25324
2016-06-29 10:30:00,83.3,83.32,83.19,83.23,37000
2016-06-29 10:45:00,83.22,83.34,82.93,82.96,235163
2016-06-29 11:00:00,82.965,83.32,82.94,83.29,31643
2016-06-29 11:15:00,83.29,83.44,83.29,83.38,32559
2016-06-29 11:30:00,83.39,83.41,83.23,83.28,40167
2016-06-29 11:45:00,83.3,83.33,83.2,83.24,52397
2016-06-29 12:00:00,83.24,83.35,83.17,83.28,52224
2016-06-29 12:15:00,83.3,83.38,83.19,83.24,47112
2016-06-29 12:30:00,83.23,83.27,83.2,83.21,42135
2016-06-29 12:45:00,83.215,83.26,83.15,83.23,18279
2016-06-29 13:00:00,83.24,83.25,83.07,83.2269,18597
2016-06-29 13:15:00,83.2201,83.2599,83.15,83.2,18942
2016-06-29 13:30:00,83.2,83.2,83.01,83.08,20660
2016-06-29 13:45:00,83.08,83.11,83.05,83.1,32375
2016-06-29 14:00:00,83.1,83.11,82.83,83.02,62484
2016-06-29 14:15:00,83.01,83.06,82.95,83.02,38120
2016-06-29 14:30:00,83.022,83.07,82.99,83.02,53391
2016-06-29 14:45:00,83.04,83.08,82.98,83.06,61798
2016-06-29 15:00:00,83.05,83.2,82.985,83.17,48538
2016-06-29 15:15:00,83.17,83.2,83.07,83.18,91701
2016-06-29 15:30:00,83.18,83.21,83.08,83.18,63073
2016-06-29 15:45:00,83.2,83.2,82.94,83.0,94704
2016-06-29 16:00:00,83.005,83.16,82.99,83.05,203247
2016-06-30 09:45:00,82.74,83.1547,82.74,82.92,21592
2016-06-30 10:00:00,82.925,82.935,82.58,82.76,24866
2016-06-30 10:15:00,82.81,82.83,82.61,82.74,42557
2016-06-30 10:30:00,82.75,82.76,82.64,82.64,50729
2016-06-30 10:45:00,82.63,82.75,82.62,82.74,24348
2016-06-30 11:00:00,82.75,82.88,82.66,82.84,98929
2016-06-30 11:15:00,82.86,82.955,82.78,82.86,111108
2016-06-30 11:30:00,82.87,82.9,82.75,82.76,78568
2016-06-30 11:45:00,82.78,82.86,82.73,82.78,129917
2016-06-30 12:00:00,82.78,82.8,82.71,82.8,47019
2016-06-30 12:15:00,82.8,82.86,82.7,82.76799999999999,135068
2016-06-30 12:30:00,82.77,83.38,82.76,83.36,53195
2016-06-30 12:45:00,83.38,83.63,83.35,83.609,29196
2016-06-30 13:00:00,83.6,83.86,83.58,83.82,26508
2016-06-30 13:15:00,83.82,83.9,83.54,83.56,40386
2016-06-30 13:30:00,83.56,83.61,83.4,83.45,43742
2016-06-30 13:45:00,83.49,83.5,83.33,83.36,28808
2016-06-30 14:00:00,83.36,83.41,83.34,83.4,42190
2016-06-30 14:15:00,83.4,83.42,83.23,83.26,75635
2016-06-30 14:30:00,83.27,83.3098,83.18,83.23,88286
2016-06-30 14:45:00,83.24,83.31,83.21,83.26,126006
2016-06-30 15:00:00,83.27,83.32,83.22,83.29,114136
2016-06-30 15:15:00,83.3,83.695,83.3,83.68,68251
2016-06-30 15:30:00,83.69,84.12,83.65,84.1,44754
2016-06-30 15:45:00,84.13,84.13,83.85,83.85,76510
2016-06-30 16:00:00,83.87,83.99,83.67,83.98,244803
2016-07-01 09:45:00,84.05,84.24,83.74,83.985,28403
2016-07-01 10:00:00,83.985,84.25,83.94,84.02,18405
2016-07-01 10:15:00,84.08,84.15,83.98,84.045,33959
2016-07-01 10:30:00,84.03,84.1,83.97,84.02,93955
2016-07-01 10:45:00,84.01,84.05,83.81,84.04,27405
2016-07-01 11:00:00,84.04,84.08,83.95,84.05,59487
2016-07-01 11:15:00,84.04,84.18,83.93,84.07,73188
2016-07-01 11:30:00,84.0601,84.08,83.89,83.93,27862
2016-07-01 11:45:00,83.94,84.0,83.87,84.0,13285
2016-07-01 12:00:00,84.0,84.04,83.935,84.0,18665
2016-07-01 12:15:00,83.99,84.03,83.95,84.0,12980
2016-07-01 12:30:00,84.0,84.02,83.9101,83.9566,17563
2016-07-01 12:45:00,83.97,84.05,83.94,84.0,21398
2016-07-01 13:00:00,84.0,84.01,83.93,83.98,16988
2016-07-01 13:15:00,84.0,84.02,83.96,83.98,69484
2016-07-01 13:30:00,83.98,83.98,83.81,83.815,19313
2016-07-01 13:45:00,83.8,83.91,83.75,83.85,16105
2016-07-01 14:00:00,83.85,83.89,83.8,83.86,21216
2016-07-01 14:15:00,83.87,83.96,83.82,83.96,19013
2016-07-01 14:30:00,83.93,83.95,83.7,83.72,24200
2016-07-01 14:45:00,83.74,83.74,83.56,83.67,19110
2016-07-01 15:00:00,83.68,83.7,83.53,83.63,22426
2016-07-01 15:15:00,83.64,83.83,83.64,83.78,17571
2016-07-01 15:30:00,83.78,83.87,83.78,83.86,27619
2016-07-01 15:45:00,83.85,83.94,83.73,83.92,51204
2016-07-01 16:00:00,83.92,83.97,83.83,83.91,79330
2016-07-05 09:45:00,83.33,83.5748,82.26,82.38,65102
2016-07-05 10:00:00,82.26,82.51,82.19,82.39,34157
2016-07-05 10:15:00,82.37,83.18,82.37,83.18,24118
2016-07-05 10:30:00,83.18,83.32,83.06,83.11,30569
2016-07-05 10:45:00,83.07,83.14,82.68,82.75,25335
2016-07-05 11:00:00,82.73,82.79,82.55,82.57,17883
2016-07-05 11:15:00,82.58,82.59,82.24,82.3,19736
2016-07-05 11:30:00,82.25,82.47,82.2401,82.37,16310
2016-07-05 11:45:00,82.4,82.46,82.27,82.27,28494
2016-07-05 12:00:00,82.27,82.2801,82.01,82.055,14896
2016-07-05 12:15:00,82.06,82.08,81.81,81.82,31573
2016-07-05 12:30:00,81.87,82.03,81.85,82.03,31446
2016-07-05 12:45:00,82.03,82.26,82.02,82.24,16879
2016-07-05 13:00:00,82.22,82.32,82.16,82.3,9741
2016-07-05 13:15:00,82.32,82.35,82.25,82.25,14950
2016-07-05 13:30:00,82.28,82.37,82.11,82.16,12757
2016-07-05 13:45:00,82.15,82.2,81.96,81.99,11955
2016-07-05 14:00:00,81.98,82.02,81.74,81.755,26093
2016-07-05 14:15:00,81.78,82.01,81.77,82.01,22900
2016-07-05 14:30:00,82.05,82.14,82.01,82.13,22759
2016-07-05 14:45:00,82.13,82.25,82.025,82.22,37657
2016-07-05 15:00:00,82.24,82.24,82.07,82.13,22203
2016-07-05 15:15:00,82.12,82.22,82.08,82.1699,50141
2016-07-05 15:30:00,82.16,82.22,82.1,82.2,32495
2016-07-05 15:45:00,82.2,82.37,82.14,82.29,118851
2016-07-05 16:00:00,82.29,82.34,82.24,82.31,376394
2016-07-06 09:45:00,82.26,82.42,82.14,82.28,63660
2016-07-06 10:00:00,82.28,82.36,82.2,82.35,41356
2016-07-06 10:15:00,82.36,82.4,82.28,82.35,148826
2016-07-06 10:30:00,82.355,82.36,82.18,82.3,108772
2016-07-06 10:45:00,82.295,82.4,82.21,82.33,145529
2016-07-06 11:00:00,82.33,83.1,82.3,83.1,99341
2016-07-06 11:15:00,83.12,83.2,82.96,82.98,143531
2016-07-06 11:30:00,82.99,83.03,82.82,82.96,180047
2016-07-06 11:45:00,82.97,83.01,82.93,82.98,153360
2016-07-06 12:00:00,82.99,83.015,82.95,82.99,129716
2016-07-06 12:15:00,83.0,83.07,82.88,82.88,140298
2016-07-06 12:30:00,82.9,83.0,82.9,83.0,39745
2016-07-06 12:45:00,83.0,83.0,82.9,82.96,72681
2016-07-06 13:00:00,82.97,82.97,82.86,82.96,19099
2016-07-06 13:15:00,82.98,83.01,82.96,82.99,128142
2016-07-06 13:30:00,82.99,83.01,82.93,82.97,89604
2016-07-06 13:45:00,82.97,83.0,82.9,82.92,28606
2016-07-06 14:00:00,82.9299,83.1,82.86,82.92,173833
2016-07-06 14:15:00,82.94,83.01,82.86,82.94,70784
2016-07-06 14:30:00,82.93,82.98,82.77,82.88,32848
2016-07-06 14:45:00,82.88,82.99,82.87,82.95,26770
2016-07-06 15:00:00,82.97,83.01,82.9,83.0,42154
2016-07-06 15:15:00,82.99,83.005,82.92,82.97,94947
2016-07-06 15:30:00,82.97,83.005,82.88,82.94,53826
2016-07-06 15:45:00,82.93,83.01,82.88,83.01,108383
2016-07-06 16:00:00,83.0,83.03,82.96,82.99,429894
2016-07-07 09:45:00,83.24,83.475,83.135,83.41,13335
2016-07-07 10:00:00,83.46,83.67,83.32,83.61,21078
2016-07-07 10:15:00,83.59,83.74,83.57,83.68,17749
2016-07-07 10:30:00,83.73,83.81,83.57,83.64,31374
2016-07-07 10:45:00,83.63,83.66,83.55,83.62,19005
2016-07-07 11:00:00,83.61,83.65,83.42,83.48,19348
2016-07-07 11:15:00,83.45,83.58,83.36,83.45,31079
2016-07-07 11:30:00,83.46,83.66,83.46,83.65,63743
2016-07-07 11:45:00,83.65,83.66,83.61,83.62,120008
2016-07-07 12:00:00,83.62,83.63,83.52,83.58,43151
2016-07-07 12:15:00,83.58,83.61,83.42,83.53,36363
2016-07-07 12:30:00,83.55799999999999,83.59,83.39,83.545,26051
2016-07-07 12:45:00,83.55,83.55,83.43,83.49,18821
2016-07-07 13:00:00,83.47,83.5,83.12,83.12,19100
2016-07-07 13:15:00,83.14,83.19,83.05,83.06,32139
2016-07-07 13:30:00,83.06,83.06,82.77,82.77,49454
2016-07-07 13:45:00,82.79,82.863,82.76,82.8,29612
2016-07-07 14:00:00,82.8,82.92,82.77,82.85,24824
2016-07-07 14:15:00,82.88,82.92,82.58,82.61,34050
2016-07-07 14:30:00,82.64,82.75,82.62,82.63,42588
2016-07-07 14:45:00,82.65,82.7,82.52,82.52,24549
2016-07-07 15:00:00,82.55,82.71,82.43,82.58,71151
2016-07-07 15:15:00,82.6,82.88,82.52,82.81,47300
2016-07-07 15:30:00,82.82,82.87,82.69,82.84,33226
2016-07-07 15:45:00,82.855,83.04,82.77,83.03,75294
2016-07-07 16:00:00,83.01,83.11,82.92,83.1,143296
2016-07-08 09:45:00,83.6,83.74,83.175,83.49,87371
2016-07-08 10:00:00,83.49,83.68,83.43,83.45,381510
2016-07-08 10:15:00,83.48,84.21,83.46,84.0,295144
2016-07-08 10:30:00,84.005,84.13,83.91,84.06,174323
2016-07-08 10:45:00,84.08,84.23,84.01,84.13,145514
2016-07-08 11:00:00,84.155,84.24,83.96,84.05,144234
2016-07-08 11:15:00,84.05,84.05,83.93,83.99,77008
2016-07-08 11:30:00,83.98,84.04,83.915,83.99,74732
2016-07-08 11:45:00,84.0,84.01,83.88,83.9,57377
2016-07-08 12:00:00,83.9,84.01,83.89,83.97,80151
2016-07-08 12:15:00,83.97,84.19,83.94,83.96,116481
2016-07-08 12:30:00,83.96,84.0,83.85,83.94,25721
2016-07-08 12:45:00,83.94,84.07,83.93,84.0,49216
2016-07-08 13:00:00,84.0,84.02,83.93,83.99,21968
2016-07-08 13:15:00,84.0,84.0325,83.95,84.0,39024
2016-07-08 13:30:00,84.02,84.03,83.95,84.0,49843
2016-07-08 13:45:00,84.0,84.01,83.9,84.0,36973
2016-07-08 14:00:00,84.0,84.03,83.97,83.99,50618
2016-07-08 14:15:00,83.9911,84.02,83.96,83.99,126936
2016-07-08 14:30:00,83.99,84.24,83.96,84.21,168215
2016-07-08 14:45:00,84.22,84.61,84.22,84.57,49746
2016-07-08 15:00:00,84.59,84.94,84.59,84.77,61963
2016-07-08 15:15:00,84.81,84.9,84.73,84.9,33094
2016-07-08 15:30:00,84.9,84.91,84.81,84.81,33024
2016-07-08 15:45:00,84.81,84.81,84.64,84.66,47828
2016-07-08 16:00:00,84.66,84.77,84.57,84.71,89285
2016-07-11 09:45:00,84.95,85.24,84.95,85.225,12848
2016-07-11 10:00:00,85.24,85.24,85.0,85.0474,13960
2016-07-11 10:15:00,85.06,85.14,85.0,85.08,17709
2016-07-11 10:30:00,85.065,85.23,85.04,85.18,14538
2016-07-11 10:45:00,85.17,85.61,85.17,85.6,26439
2016-07-11 11:00:00,85.61,85.9,85.6,85.86,27182
2016-07-11 11:15:00,85.85,85.8821,85.72,85.83,19017
2016-07-11 11:30:00,85.81,85.8138,85.72,85.8,14145
2016-07-11 11:45:00,85.79,85.88,85.7,85.7,9400
2016-07-11 12:00:00,85.72,85.73,85.63,85.63,10284
2016-07-11 12:15:00,85.65,85.72,85.6,85.6,7743
2016-07-11 12:30:00,85.61,85.69,85.6098,85.63799999999999,10217
2016-07-11 12:45:00,85.65,85.78,85.61,85.78,9703
2016-07-11 13:00:00,85.79,85.82,85.7395,85.79,9359
2016-07-11 13:15:00,85.8,85.8,85.67,85.68,12931
2016-07-11 13:30:00,85.67,85.7,85.56,85.635,10206
2016-07-11 13:45:00,85.6325,85.655,85.56,85.62,13279
2016-07-11 14:00:00,85.61,85.63,85.39,85.39,10537
2016-07-11 14:15:00,85.37,85.43,85.27,85.42,21098
2016-07-11 14:30:00,85.39,85.55,85.34,85.48,24562
2016-07-11 14:45:00,85.46,85.625,85.46,85.62,22983
2016-07-11 15:00:00,85.61,85.64,85.5,85.61,21421
2016-07-11 15:15:00,85.6,85.67,85.56,85.65,26280
2016-07-11 15:30:00,85.6499,85.71,85.57,85.59,17451
2016-07-11 15:45:00,85.56,85.6,85.47,85.54,42778
2016-07-11 16:00:00,85.54,85.6,85.46,85.48,68121
2016-07-12 09:45:00,85.74,86.38,85.74,86.11,27475
2016-07-12 10:00:00,86.09,86.64,85.97,86.62,43493
2016-07-12 10:15:00,86.62,86.82,86.38,86.63,99943
2016-07-12 10:30:00,86.62,86.62,86.39,86.55,71011
2016-07-12 10:45:00,86.56,86.73,86.28,86.73,74116
2016-07-12 11:00:00,86.73,87.0,86.72,86.83,60878
2016-07-12 11:15:00,86.81,86.85,86.63,86.66,39729
2016-07-12 11:30:00,86.66,86.75,86.62,86.73,20953
2016-07-12 11:45:00,86.74,86.85,86.68,86.68,31537
2016-07-12 12:00:00,86.67,86.69,86.43,86.625,20356
2016-07-12 12:15:00,86.57,86.69,86.52,86.69,9724
2016-07-12 12:30:00,86.68,86.71,86.4,86.415,18089
2016-07-12 12:45:00,86.44,86.64,86.44,86.63,11342
2016-07-12 13:00:00,86.6376,86.68,86.49,86.49,18606
2016-07-12 13:15:00,86.49,86.52,86.4299,86.47,12915
2016-07-12 13:30:00,86.48,86.59,86.47,86.59,9371
2016-07-12 13:45:00,86.59,86.68,86.5881,86.67,10417
2016-07-12 14:00:00,86.67,86.675,86.475,86.49,14402
2016-07-12 14:15:00,86.485,86.55,86.48,86.51,28946
2016-07-12 14:30:00,86.51,86.52,86.44,86.48,9407
2016-07-12 14:45:00,86.48,86.48,86.375,86.42,16991
2016-07-12 15:00:00,86.42,86.42,86.27,86.28,28986
2016-07-12 15:15:00,86.29,86.43,86.29,86.33,33335
2016-07-12 15:30:00,86.33,86.44,86.24,86.38,27074
2016-07-12 15:45:00,86.35,86.365,86.23,86.27,37593
2016-07-12 16:00:00,86.27,86.31,86.21,86.26,66950
2016-07-13 09:45:00,86.42,86.95,85.99,86.5625,35292
2016-07-13 10:00:00,86.58,86.6,86.06,86.06,22234
2016-07-13 10:15:00,86.0,86.18,85.87,86.016,19313
2016-07-13 10:30:00,86.015,86.15,85.95,86.09,11572
2016-07-13 10:45:00,86.09,86.3325,86.04,86.3185,27766
2016-07-13 11:00:00,86.32,86.33,85.94,85.99,18929
2016-07-13 11:15:00,85.97,86.009,85.65,85.65,21075
2016-07-13 11:30:00,85.63,85.68,85.295,85.37200000000001,20816
2016-07-13 11:45:00,85.4,85.4,85.0,85.02,33443
2016-07-13 12:00:00,85.025,85.35,84.98,85.32,17713
2016-07-13 12:15:00,85.35,85.42,85.1751,85.2,18374
2016-07-13 12:30:00,85.245,85.33,85.21,85.24,14540
2016-07-13 12:45:00,85.23,85.42,85.23,85.405,36550
2016-07-13 13:00:00,85.43,85.5,85.33,85.49,22740
2016-07-13 13:15:00,85.49,85.66,85.47,85.55,20438
2016-07-13 13:30:00,85.55,85.6024,85.285,85.34,23505
2016-07-13 13:45:00,85.36,85.52,85.28,85.5,17052
2016-07-13 14:00:00,85.495,85.5,85.305,85.33,29620
2016-07-13 14:15:00,85.34,85.54,85.34,85.51,16036
2016-07-13 14:30:00,85.51,85.52,85.37,85.5,24307
2016-07-13 14:45:00,85.5,85.595,85.41,85.51,26151
2016-07-13 15:00:00,85.51,85.54,85.39,85.39,18306
2016-07-13 15:15:00,85.39,85.53,85.39,85.4124,24433
2016-07-13 15:30:00,85.41,85.58,85.41,85.572,16194
2016-07-13 15:45:00,85.56,85.635,85.48,85.57,46315
2016-07-13 16:00:00,85.5915,85.64,85.515,85.54,82180
2016-07-14 09:45:00,86.06,86.15,85.445,85.5101,19558
2016-07-14 10:00:00,85.56,85.662,85.28,85.59,18135
2016-07-14 10:15:00,85.54,85.77,85.54,85.73,10457
2016-07-14 10:30:00,85.79,85.82,85.68,85.75,22720
2016-07-14 10:45:00,85.7699,85.9,85.75,85.84,14694
2016-07-14 11:00:00,85.83,85.84,85.77,85.81,11168
2016-07-14 11:15:00,85.825,85.92,85.8,85.88,19156
2016-07-14 11:30:00,85.88,86.0,85.876,85.94,14630
2016-07-14 11:45:00,85.93,85.93,85.64,85.66,14637
2016-07-14 12:00:00,85.65,85.71,85.64,85.6632,5621
2016-07-14 12:15:00,85.68,85.72,85.64,85.6715,18655
2016-07-14 12:30:00,85.68,85.77,85.68,85.69,31522
2016-07-14 12:45:00,85.68,85.82,85.66,85.78,13142
2016-07-14 13:00:00,85.8,85.8099,85.73,85.75,9142
2016-07-14 13:15:00,85.75,85.75,85.65,85.7,17983
2016-07-14 13:30:00,85.70700000000001,85.71,85.6,85.6299,12290
2016-07-14 13:45:00,85.63,85.71,85.57,85.58,11615
2016-07-14 14:00:00,85.58,85.58,85.29,85.31,36210
2016-07-14 14:15:00,85.318,85.43,85.318,85.39,24168
2016-07-14 14:30:00,85.38,85.45,85.37,85.41,10200
2016-07-14 14:45:00,85.41,85.47,85.3935,85.41,10482
2016-07-14 15:00:00,85.39,85.45,85.365,85.38,17152
2016-07-14 15:15:00,85.3658,85.49,85.3453,85.49,11220
2016-07-14 15:30:00,85.49,85.59,85.46,85.49,27892
2016-07-14 15:45:00,85.49,85.51,85.23,85.23,34625
2016-07-14 16:00:00,85.24,85.375,85.19,85.28,59851
2016-07-15 09:45:00,85.4,85.47,84.92,85.46,106505
2016-07-15 10:00:00,85.45,85.58,85.38,85.5,45365
2016-07-15 10:15:00,85.46,85.56,85.46,85.49,25480
2016-07-15 10:30:00,85.47,85.53,85.28,85.3,60427
2016-07-15 10:45:00,85.31,85.5,85.31,85.5,38912
2016-07-15 11:00:00,85.5,85.72,85.48,85.665,37411
2016-07-15 11:15:00,85.665,85.67,85.2,85.2,29370
2016-07-15 11:30:00,85.23,85.37,85.12,85.36,21861
2016-07-15 11:45:00,85.36,85.49,85.36,85.44,26062
2016-07-15 12:00:00,85.4344,85.45,85.35,85.37,18643
2016-07-15 12:15:00,85.38,85.46,85.3775,85.4,27022
2016-07-15 12:30:00,85.41,85.42,85.38,85.41,15077
2016-07-15 12:45:00,85.42,85.42,85.275,85.2886,23470
2016-07-15 13:00:00,85.29,85.47,85.29,85.44,27599
2016-07-15 13:15:00,85.42299999999999,85.57,85.42299999999999,85.55,33638
2016-07-15 13:30:00,85.57,85.68,85.5683,85.57,35571
2016-07-15 13:45:00,85.585,85.59,85.44,85.47,20103
2016-07-15 14:00:00,85.49,85.55,85.41,85.43,25129
2016-07-15 14:15:00,85.444,85.52,85.4,85.48,27261
2016-07-15 14:30:00,85.47,85.55,85.41,85.54,24574
2016-07-15 14:45:00,85.55,85.62,85.5,85.55,30780
2016-07-15 15:00:00,85.5409,85.6,85.51,85.57,23996
2016-07-15 15:15:00,85.56,85.565,85.41,85.44,34619
2016-07-15 15:30:00,85.45,85.6,85.43,85.595,34163
2016-07-15 15:45:00,85.595,85.64,85.56,85.58,72317
2016-07-15 16:00:00,85.565,85.74,85.38,85.43,239289
2016-07-18 09:45:00,83.57,84.06,81.13,81.3899,389041
2016-07-18 10:00:00,81.39,81.85,79.96,80.08,547092
2016-07-18 10:15:00,80.0634,80.5,79.51,79.8,531557
2016-07-18 10:30:00,79.835,80.14,79.52,80.03,336847
2016-07-18 10:45:00,80.04,80.27,79.63,80.02,362779
2016-07-18 11:00:00,80.02,80.37,79.9425,80.1996,223076
2016-07-18 11:15:00,80.2,80.29,79.39,79.47,309940
2016-07-18 11:30:00,79.46,79.66,79.0,79.1,284333
2016-07-18 11:45:00,79.11,79.88,79.0,79.7025,274613
2016-07-18 12:00:00,79.68,79.72,79.35,79.605,177509
2016-07-18 12:15:00,79.595,79.72,79.07,79.1,183501
2016-07-18 12:30:00,79.1,79.31,78.56,79.22,252631
2016-07-18 12:45:00,79.22,79.41,78.86,78.94,169626
2016-07-18 13:00:00,78.93,79.24,78.75,79.13,131657
2016-07-18 13:15:00,79.1344,79.21,78.53,78.88,235820
2016-07-18 13:30:00,78.9,79.46,78.88,79.3744,281975
2016-07-18 13:45:00,79.3814,79.45,79.0,79.32,228562
2016-07-18 14:00:00,79.32,79.55,79.28,79.37,159438
2016-07-18 14:15:00,79.37,79.447,79.09,79.42,223034
2016-07-18 14:30:00,79.41,79.45,79.24,79.42,123611
2016-07-18 14:45:00,79.41,79.42,79.13,79.184,162873
2016-07-18 15:00:00,79.19,79.24,78.88,79.0,140541
2016-07-18 15:15:00,79.03,79.12,78.72,78.95,223455
2016-07-18 15:30:00,78.95,79.65,78.93,79.4,302783
2016-07-18 15:45:00,79.42,79.66,79.35,79.4099,306678
2016-07-18 16:00:00,79.4,79.85,79.3303,79.82,547973
2016-07-19 09:45:00,80.81,81.9,80.45,81.02,542661
2016-07-19 10:00:00,80.98,80.985,80.24,80.49,201491
2016-07-19 10:15:00,80.55,80.61,80.20100000000001,80.29,98685
2016-07-19 10:30:00,80.27,80.7101,80.25,80.35,118971
2016-07-19 10:45:00,80.38,80.58,80.26,80.58,60693
2016-07-19 11:00:00,80.58,81.23,80.57,81.2,164661
2016-07-19 11:15:00,81.23,81.31,81.11,81.13,75640
2016-07-19 11:30:00,81.14,81.17,80.74,80.791,90605
2016-07-19 11:45:00,80.77,81.23,80.72,81.15,110205
2016-07-19 12:00:00,81.15,81.15,80.45,80.47,86572
2016-07-19 12:15:00,80.47,80.73,80.38,80.68,74085
2016-07-19 12:30:00,80.67,80.7368,80.57,80.65,42422
2016-07-19 12:45:00,80.66,80.71,80.58,80.69,53607
2016-07-19 13:00:00,80.69,80.84,80.68,80.75,37921
2016-07-19 13:15:00,80.76,80.81,80.685,80.72,85991
2016-07-19 13:30:00,80.71,80.779,80.68,80.735,58968
2016-07-19 13:45:00,80.73,80.78,80.6905,80.74,65341
2016-07-19 14:00:00,80.7525,80.85,80.58,80.71,61589
2016-07-19 14:15:00,80.69,80.81,80.69,80.81,40635
2016-07-19 14:30:00,80.8,80.81,80.73,80.735,43737
2016-07-19 14:45:00,80.725,80.78,80.69,80.74,54833
2016-07-19 15:00:00,80.73,80.79899999999999,80.69,80.71,51490
2016-07-19 15:15:00,80.72,80.81,80.71,80.775,57286
2016-07-19 15:30:00,80.78,80.99,80.78,80.95,81645
2016-07-19 15:45:00,80.96,81.09,80.95,81.02,159703
2016-07-19 16:00:00,81.03,81.09,80.94,81.08,212144
2016-07-20 09:45:00,81.5,81.54899999999999,81.15,81.359,62055
2016-07-20 10:00:00,81.3541,81.38,80.84,80.9442,74526
2016-07-20 10:15:00,80.937,80.99,80.7314,80.988,76342
2016-07-20 10:30:00,81.006,81.38,80.99,81.19,53829
2016-07-20 10:45:00,81.19,81.19,81.0,81.07,42285
2016-07-20 11:00:00,81.1,81.28,81.03,81.03,58235
2016-07-20 11:15:00,81.06,81.16,81.05,81.16,36349
2016-07-20 11:30:00,81.16,81.2,81.01,81.04,35773
2016-07-20 11:45:00,81.04,81.175,81.04,81.11,26464
2016-07-20 12:00:00,81.09,81.22,81.09,81.1867,20049
2016-07-20 12:15:00,81.19,81.23,81.13,81.1335,20099
2016-07-20 12:30:00,81.139,81.15,81.08,81.09,17321
2016-07-20 12:45:00,81.09,81.14,81.08,81.08,25355
2016-07-20 13:00:00,81.08,81.0925,81.0,81.04,39465
2016-07-20 13:15:00,81.035,81.0601,80.9975,81.06,35520
2016-07-20 13:30:00,81.06,81.16,81.04,81.1526,15112
2016-07-20 13:45:00,81.15,81.2,81.13,81.14,22756
2016-07-20 14:00:00,81.14,81.17,81.1,81.14,27597
2016-07-20 14:15:00,81.14,81.17,81.09,81.09,23573
2016-07-20 14:30:00,81.0881,81.09,81.005,81.04,26260
2016-07-20 14:45:00,81.05,81.14,81.04,81.14,28344
2016-07-20 15:00:00,81.14,81.15,81.06,81.07300000000001,26844
2016-07-20 15:15:00,81.09,81.1,81.05,81.07,39024
2016-07-20 15:30:00,81.06,81.06,80.9,80.915,39484
2016-07-20 15:45:00,80.9192,80.95,80.88,80.8999,75785
2016-07-20 16:00:00,80.9,81.67,80.89,81.33,606709
2016-07-21 09:45:00,81.59,81.78,81.065,81.69,38124
2016-07-21 10:00:00,81.69,81.69,81.37,81.37,12893
2016-07-21 10:15:00,81.362,81.45,81.11,81.1442,27859
2016-07-21 10:30:00,81.15,81.375,81.07,81.34,21675
2016-07-21 10:45:00,81.34,81.36,81.02,81.0548,30407
2016-07-21 11:00:00,81.06,81.17,80.98,81.09,31722
2016-07-21 11:15:00,81.1,81.17,81.09,81.11,44901
2016-07-21 11:30:00,81.13,81.15,80.97,81.04,34429
2016-07-21 11:45:00,81.04,81.04,80.77,80.77,25545
2016-07-21 12:00:00,80.77,80.79,80.531,80.55,48337
2016-07-21 12:15:00,80.56,80.78,80.56,80.78,30045
2016-07-21 12:30:00,80.78,80.785,80.57,80.59,21203
2016-07-21 12:45:00,80.58,80.59,80.51,80.56,49029
2016-07-21 13:00:00,80.56,80.615,80.46,80.6,61248
2016-07-21 13:15:00,80.61,80.61,80.55,80.58,24480
2016-07-21 13:30:00,80.57,80.66,80.56,80.61,15103
2016-07-21 13:45:00,80.6,80.62,80.5224,80.55,41770
2016-07-21 14:00:00,80.56,80.569,80.52,80.54,62987
2016-07-21 14:15:00,80.55,80.57,80.52,80.56,41694
2016-07-21 14:30:00,80.56,80.74,80.535,80.71,22433
2016-07-21 14:45:00,80.73,80.73,80.57,80.58,18619
2016-07-21 15:00:00,80.58,80.63,80.49,80.59,26650
2016-07-21 15:15:00,80.6,80.7163,80.6,80.7,50074
2016-07-21 15:30:00,80.71,80.84,80.67,80.84,39678
2016-07-21 15:45:00,80.84,80.98,80.84,80.97,61230
2016-07-21 16:00:00,80.96,81.01,80.9,80.95,113973
2016-07-22 09:45:00,80.84,80.8867,80.62,80.77,25035
2016-07-22 10:00:00,80.78,80.9,80.58,80.63,18300
2016-07-22 10:15:00,80.68,80.71,80.28,80.46,42161
2016-07-22 10:30:00,80.455,80.6401,80.43,80.44,34318
2016-07-22 10:45:00,80.43,81.02,80.43,81.01,16874
2016-07-22 11:00:00,81.03,81.04,80.73100000000001,80.75,26592
2016-07-22 11:15:00,80.77,80.91,80.76,80.83,17719
2016-07-22 11:30:00,80.83,80.87,80.66,80.66,9780
2016-07-22 11:45:00,80.65,80.74,80.58,80.69,29262
2016-07-22 12:00:00,80.688,80.7,80.565,80.58,21083
2016-07-22 12:15:00,80.58,80.61,80.5,80.56,23112
2016-07-22 12:30:00,80.59,80.62,80.55,80.6,16806
2016-07-22 12:45:00,80.605,80.62,80.45,80.46,31359
2016-07-22 13:00:00,80.47,80.53,80.45,80.5092,24409
2016-07-22 13:15:00,80.51,80.5959,80.51,80.55,30134
2016-07-22 13:30:00,80.59,80.61,80.55,80.56,22772
2016-07-22 13:45:00,80.55,80.61,80.525,80.56,27273
2016-07-22 14:00:00,80.56,80.59,80.51,80.54,20743
2016-07-22 14:15:00,80.54,80.565,80.4975,80.54,63737
2016-07-22 14:30:00,80.53,80.615,80.52,80.61,15908
2016-07-22 14:45:00,80.615,80.72,80.61,80.623,17310
2016-07-22 15:00:00,80.6239,80.6299,80.43,80.45,34291
2016-07-22 15:15:00,80.47,80.475,80.3799,80.45,36198
2016-07-22 15:30:00,80.45,80.495,80.43,80.495,35144
2016-07-22 15:45:00,80.49,80.565,80.47,80.53,45254
2016-07-22 16:00:00,80.51,80.52,80.33,80.36,157532
2016-07-25 09:45:00,80.25,80.45,80.221,80.3221,120499
2016-07-25 10:00:00,80.32,80.35,80.08,80.19,92903
2016-07-25 10:15:00,80.2,80.45,80.2,80.37,60151
2016-07-25 10:30:00,80.35,80.43,80.3,80.34,44881
2016-07-25 10:45:00,80.32,80.37,80.27,80.27,29069
2016-07-25 11:00:00,80.27,80.35,80.13,80.18,46646
2016-07-25 11:15:00,80.18,80.56,80.15,80.56,55120
2016-07-25 11:30:00,80.55,80.665,80.44,80.55,53025
2016-07-25 11:45:00,80.53,80.53,80.38,80.38,23244
2016-07-25 12:00:00,80.38,80.41,80.17,80.195,26503
2016-07-25 12:15:00,80.19,80.19,80.07,80.12,35383
2016-07-25 12:30:00,80.11,80.11,80.0,80.05,36957
2016-07-25 12:45:00,80.06,80.09,79.96,80.08800000000001,46064
2016-07-25 13:00:00,80.08,80.22,80.08,80.19,21559
2016-07-25 13:15:00,80.199,80.23,80.15,80.18,30008
2016-07-25 13:30:00,80.18,80.39,80.18,80.34,29413
2016-07-25 13:45:00,80.33,80.458,80.3299,80.4,25109
2016-07-25 14:00:00,80.38,80.53,80.38,80.5,15511
2016-07-25 14:15:00,80.51,80.58,80.49,80.55,16607
2016-07-25 14:30:00,80.55,80.57,80.46,80.55,30845
2016-07-25 14:45:00,80.56,80.67,80.56,80.67,25825
2016-07-25 15:00:00,80.669,80.78,80.61,80.7342,31205
2016-07-25 15:15:00,80.73,80.83,80.7,80.82,39654
2016-07-25 15:30:00,80.829,81.235,80.82,81.21,153481
2016-07-25 15:45:00,81.22,81.25,80.985,80.99,139804
2016-07-25 16:00:00,80.985,81.19,80.95,81.16,156947
2016-07-26 09:45:00,81.19,81.305,81.02,81.27,24926
2016-07-26 10:00:00,81.34,81.34,80.96,80.99,17874
2016-07-26 10:15:00,80.98,81.12,80.89,81.12,24166
2016-07-26 10:30:00,81.13,81.55,81.11,81.48,41123
2016-07-26 10:45:00,81.48,81.6,81.39,81.45,24044
2016-07-26 11:00:00,81.454,81.49,80.99,80.99,53705
2016-07-26 11:15:00,80.95,81.1432,80.94,81.07,22920
2016-07-26 11:30:00,81.1188,81.2,81.01,81.2,12643
2016-07-26 11:45:00,81.23,81.25,80.99,81.01,12245
2016-07-26 12:00:00,81.03,81.13,81.01100000000001,81.11,12926
2016-07-26 12:15:00,81.12,81.14,80.99,81.03,8705
2016-07-26 12:30:00,81.01,81.02,80.83,80.86,40505
2016-07-26 12:45:00,80.88,80.88,80.73,80.74,16398
2016-07-26 13:00:00,80.75,80.81,80.6,80.6,29511
2016-07-26 13:15:00,80.595,80.66,80.56,80.62,13250
2016-07-26 13:30:00,80.64,80.66,80.41,80.44,16462
2016-07-26 13:45:00,80.441,80.58,80.441,80.58,19025
2016-07-26 14:00:00,80.575,80.61,80.43,80.51,22120
2016-07-26 14:15:00,80.5,80.63,80.5,80.6,25291
2016-07-26 14:30:00,80.6036,80.649,80.55,80.61,15106
2016-07-26 14:45:00,80.61,80.68,80.5837,80.64,20181
2016-07-26 15:00:00,80.6278,80.77,80.6278,80.765,28595
2016-07-26 15:15:00,80.765,80.97,80.76,80.91,42068
2016-07-26 15:30:00,80.91,80.94,80.855,80.91,35537
2016-07-26 15:45:00,80.92,80.97,80.79,80.79,52954
2016-07-26 16:00:00,80.78,80.91,80.77,80.88,128728
2016-07-27 09:45:00,80.82,81.27,80.71,81.27,28567
2016-07-27 10:00:00,81.27,81.46,81.19,81.23,36581
2016-07-27 10:15:00,81.25,81.25,80.78,80.78,61823
2016-07-27 10:30:00,80.77,80.91,80.75,80.8886,18808
2016-07-27 10:45:00,80.8575,81.03,80.85,80.96,61534
2016-07-27 11:00:00,80.99,81.13,80.985,81.0901,27800
2016-07-27 11:15:00,81.1,81.12,80.97,80.99,35760
2016-07-27 11:30:00,81.0,81.01,80.84,81.0,27126
2016-07-27 11:45:00,80.99,81.0,80.89,80.94,24276
2016-07-27 12:00:00,80.95,80.95,80.7,80.72,20855
2016-07-27 12:15:00,80.72,80.78,80.7,80.71,31000
2016-07-27 12:30:00,80.715,80.715,80.535,80.55,25895
2016-07-27 12:45:00,80.56,80.63,80.51,80.63,19469
2016-07-27 13:00:00,80.62,80.65,80.57,80.61,42398
2016-07-27 13:15:00,80.6,80.63,80.55,80.6,45722
2016-07-27 13:30:00,80.6,80.695,80.57,80.68,18022
2016-07-27 13:45:00,80.69,80.805,80.67,80.805,19061
2016-07-27 14:00:00,80.81,80.86,80.79,80.82,19980
2016-07-27 14:15:00,80.79,80.85,80.67,80.82,44642
2016-07-27 14:30:00,80.83,81.0,80.83,80.87,39412
2016-07-27 14:45:00,80.86,81.0,80.85,80.9,28899
2016-07-27 15:00:00,80.9,80.95,80.89,80.94,30620
2016-07-27 15:15:00,80.94,80.95,80.904,80.94,24331
2016-07-27 15:30:00,80.95,81.02,80.93,80.9688,41134
2016-07-27 15:45:00,80.96,81.14,80.94,81.11,52001
2016-07-27 16:00:00,81.12,81.12,80.92,80.96,98814
2016-07-28 09:45:00,80.43,80.81,80.2,80.8,42652
2016-07-28 10:00:00,80.8,80.92,80.72,80.78,38069
2016-07-28 10:15:00,80.79,81.01,80.72,80.72,32447
2016-07-28 10:30:00,80.7541,80.86,80.63,80.73,18125
2016-07-28 10:45:00,80.72,80.73,80.431,80.48,14614
2016-07-28 11:00:00,80.46,80.5087,80.285,80.44,15787
2016-07-28 11:15:00,80.454,80.61,80.41,80.61,12803
2016-07-28 11:30:00,80.64,80.77,80.61,80.77,13104
2016-07-28 11:45:00,80.79,80.84,80.7,80.73,9323
2016-07-28 12:00:00,80.74,80.88,80.74,80.83,13485
2016-07-28 12:15:00,80.84,80.85,80.67,80.67,16908
2016-07-28 12:30:00,80.66,80.7,80.53,80.63,12976
2016-07-28 12:45:00,80.63,80.65,80.55,80.6,9830
2016-07-28 13:00:00,80.6,80.71,80.57,80.57,11541
2016-07-28 13:15:00,80.55,80.64,80.54,80.59,9638
2016-07-28 13:30:00,80.59,80.65,80.57,80.64,11741
2016-07-28 13:45:00,80.64,80.67,80.58,80.61,16189
2016-07-28 14:00:00,80.61,80.68,80.59,80.68,27623
2016-07-28 14:15:00,80.69,80.78,80.67,80.75,23917
2016-07-28 14:30:00,80.77,80.88,80.77,80.85,12537
2016-07-28 14:45:00,80.85,80.86,80.81,80.85,16211
2016-07-28 15:00:00,80.85,80.97,80.85,80.94,20969
2016-07-28 15:15:00,80.95,81.0,80.95,80.99,15227
2016-07-28 15:30:00,80.98,81.0,80.94,80.945,31050
2016-07-28 15:45:00,80.95,81.09,80.945,81.08,38657
2016-07-28 16:00:00,81.08,81.09,80.96,81.0,180132
2016-07-29 09:45:00,80.73,81.33,80.73,81.11,15867
2016-07-29 10:00:00,81.02,81.07,80.8515,80.94,33640
2016-07-29 10:15:00,80.9275,80.93,80.61,80.725,18369
2016-07-29 10:30:00,80.74,80.78,80.56,80.78,22991
2016-07-29 10:45:00,80.76,81.09,80.76,81.01,20976
2016-07-29 11:00:00,81.01,81.13,80.98,81.11,10091
2016-07-29 11:15:00,81.12,81.29,81.11,81.25,32431
2016-07-29 11:30:00,81.26,81.26,81.1383,81.2,14427
2016-07-29 11:45:00,81.2,81.26,81.18,81.21,11545
2016-07-29 12:00:00,81.22,81.26,81.18,81.18,6503
2016-07-29 12:15:00,81.21,81.26,81.21,81.24,13712
2016-07-29 12:30:00,81.24,81.525,81.24,81.45,43666
2016-07-29 12:45:00,81.445,81.55,81.32,81.32,15930
2016-07-29 13:00:00,81.32,81.32,81.19,81.29,11302
2016-07-29 13:15:00,81.28,81.28,81.15,81.27600000000001,13347
2016-07-29 13:30:00,81.27,81.345,81.235,81.34,12693
2016-07-29 13:45:00,81.35,81.4,81.34,81.37,10400
2016-07-29 14:00:00,81.375,81.415,81.34,81.37,16527
2016-07-29 14:15:00,81.38,81.415,81.37,81.4,14926
2016-07-29 14:30:00,81.4,81.44,81.38,81.44,11110
2016-07-29 14:45:00,81.435,81.44,81.26,81.3,24725
2016-07-29 15:00:00,81.3,81.41,81.28,81.36,10873
2016-07-29 15:15:00,81.36,81.38,81.17,81.29,21973
2016-07-29 15:30:00,81.29,81.335,81.25,81.31,22078
2016-07-29 15:45:00,81.32,81.42,81.31,81.41,32078
2016-07-29 16:00:00,81.415,81.49,81.21,81.23,121756
2016-08-01 09:45:00,81.03,81.55,81.03,81.33,23916
2016-08-01 10:00:00,81.35,81.47,81.285,81.44,12676
2016-08-01 10:15:00,81.44,81.54,81.375,81.5,22186
2016-08-01 10:30:00,81.51,81.63,81.49,81.58,15404
2016-08-01 10:45:00,81.61,81.61,81.37,81.49,20798
2016-08-01 11:00:00,81.5,81.6,81.46,81.5,21453
2016-08-01 11:15:00,81.5,81.64,81.48100000000001,81.6,35145
2016-08-01 11:30:00,81.63,81.67,81.56,81.6,12828
2016-08-01 11:45:00,81.595,81.66,81.58,81.595,14991
2016-08-01 12:00:00,81.61,81.61,81.43,81.45,29427
2016-08-01 12:15:00,81.44,81.47,81.19,81.19,22465
2016-08-01 12:30:00,81.175,81.285,81.145,81.19,32782
2016-08-01 12:45:00,81.19,81.35,81.19,81.35,13698
2016-08-01 13:00:00,81.34,81.35,81.25,81.33,13553
2016-08-01 13:15:00,81.33,81.35,81.05,81.11,16721
2016-08-01 13:30:00,81.13,81.308,81.1,81.3,12283
2016-08-01 13:45:00,81.3,81.46,81.3,81.43,18156
2016-08-01 14:00:00,81.42,81.4822,81.34,81.4822,26778
2016-08-01 14:15:00,81.48,81.5,81.325,81.35,19074
2016-08-01 14:30:00,81.35,81.47,81.34,81.43,23896
2016-08-01 14:45:00,81.43,81.44,81.38,81.4,15822
2016-08-01 15:00:00,81.37,81.45,81.3,81.32,20035
2016-08-01 15:15:00,81.31,81.31,81.14,81.14,33624
2016-08-01 15:30:00,81.12,81.15,81.029,81.09,27512
2016-08-01 15:45:00,81.09,81.15,81.07,81.0763,29842
2016-08-01 16:00:00,81.09,81.13,81.0,81.03,111123
2016-08-02 09:45:00,81.11,81.435,80.95,81.03,73779
2016-08-02 10:00:00,80.985,81.04,80.83,80.95,41763
2016-08-02 10:15:00,80.92,80.92,80.7,80.78,66412
2016-08-02 10:30:00,80.8,80.92,80.71,80.75,16491
2016-08-02 10:45:00,80.7475,80.8,80.53,80.53,28472
2016-08-02 11:00:00,80.52,80.63,80.47,80.54,21955
2016-08-02 11:15:00,80.536,80.75,80.536,80.66,13925
2016-08-02 11:30:00,80.66,80.86,80.6,80.77,10450
2016-08-02 11:45:00,80.75,80.81,80.71,80.71,12654
2016-08-02 12:00:00,80.72,80.72,80.48,80.53,25117
2016-08-02 12:15:00,80.525,80.57,80.49,80.55,22448
2016-08-02 12:30:00,80.55,80.62,80.54,80.56,17076
2016-08-02 12:45:00,80.575,80.575,80.49,80.56,21485
2016-08-02 13:00:00,80.55,80.57,80.4,80.42,24089
2016-08-02 13:15:00,80.42,80.45,80.33,80.34,9545
2016-08-02 13:30:00,80.36,80.56,80.36,80.53,11964
2016-08-02 13:45:00,80.53,80.54,80.44,80.52,12581
2016-08-02 14:00:00,80.52,80.62,80.47,80.475,17166
2016-08-02 14:15:00,80.48,80.62,80.48,80.62,14433
2016-08-02 14:30:00,80.61,80.66,80.53,80.64,12354
2016-08-02 14:45:00,80.63,80.7,80.6155,80.68,21578
2016-08-02 15:00:00,80.68,80.69,80.47,80.5,26594
2016-08-02 15:15:00,80.49,80.62,80.485,80.495,40292
2016-08-02 15:30:00,80.49,80.51,80.41,80.43,25670
2016-08-02 15:45:00,80.41,80.445,80.25,80.33,60878
2016-08-02 16:00:00,80.3249,80.44,80.26,80.42,118806
2016-08-03 09:45:00,80.21,80.46,80.14,80.45,30880
2016-08-03 10:00:00,80.46,80.68,80.33,80.41,37034
2016-08-03 10:15:00,80.42,80.42,80.28,80.28,37724
2016-08-03 10:30:00,80.26,80.395,80.225,80.3,15304
2016-08-03 10:45:00,80.27,80.38,80.2,80.32,19283
2016-08-03 11:00:00,80.32,80.36,80.211,80.24,15058
2016-08-03 11:15:00,80.232,80.5,80.232,80.47,11373
2016-08-03 11:30:00,80.485,80.5,80.28,80.28,15407
2016-08-03 11:45:00,80.263,80.36,80.25,80.28,10040
2016-08-03 12:00:00,80.27,80.35,80.24,80.32,8872
2016-08-03 12:15:00,80.32,80.37,80.32,80.36,9222
2016-08-03 12:30:00,80.37,80.42,80.32,80.35,11301
2016-08-03 12:45:00,80.35,80.5101,80.32,80.5101,44300
2016-08-03 13:00:00,80.5299,80.73,80.507,80.73,14718
2016-08-03 13:15:00,80.73,80.79,80.7,80.73,14550
2016-08-03 13:30:00,80.73,80.81,80.72,80.76,13560
2016-08-03 13:45:00,80.77,80.97,80.75,80.77,53308
2016-08-03 14:00:00,80.76,80.82,80.67,80.8,32410
2016-08-03 14:15:00,80.8,80.87,80.75,80.82,15562
2016-08-03 14:30:00,80.82,80.82,80.71,80.77,11809
2016-08-03 14:45:00,80.76,80.78,80.7,80.71,14621
2016-08-03 15:00:00,80.72,80.83,80.71,80.82,20900
2016-08-03 15:15:00,80.82,80.82,80.72,80.75,13658
2016-08-03 15:30:00,80.745,80.82,80.6701,80.79,28049
2016-08-03 15:45:00,80.81,80.835,80.745,80.75,49403
2016-08-03 16:00:00,80.75,80.83,80.705,80.81,89146
2016-08-04 09:45:00,80.57,81.331,80.52,81.15,25937
2016-08-04 10:00:00,81.11,81.29,80.94,80.95,29080
2016-08-04 10:15:00,80.91,80.9365,80.52,80.54,18452
2016-08-04 10:30:00,80.54,80.59,80.46,80.514,23298
2016-08-04 10:45:00,80.55,80.68,80.52,80.65,17248
2016-08-04 11:00:00,80.62,80.63,80.5,80.57,16998
2016-08-04 11:15:00,80.56,80.6325,80.5,80.57,12878
2016-08-04 11:30:00,80.56,80.72,80.56,80.6,14030
2016-08-04 11:45:00,80.57,80.67,80.55,80.6,10931
2016-08-04 12:00:00,80.59,80.67,80.55,80.65,9599
2016-08-04 12:15:00,80.66,80.75,80.61,80.66,9696
2016-08-04 12:30:00,80.64,80.69,80.595,80.66,8179
2016-08-04 12:45:00,80.67,80.69,80.5,80.54,9387
2016-08-04 13:00:00,80.52,80.6,80.49,80.5,11607
2016-08-04 13:15:00,80.5,80.61,80.48,80.5,11000
2016-08-04 13:30:00,80.5,80.61,80.5,80.57,9681
2016-08-04 13:45:00,80.57,80.6,80.49,80.49,8766
2016-08-04 14:00:00,80.51,80.569,80.49,80.52,12256
2016-08-04 14:15:00,80.54,80.62,80.51,80.52,15226
2016-08-04 14:30:00,80.51,80.59,80.49,80.55,15962
2016-08-04 14:45:00,80.55,80.57,80.4955,80.54,15632
2016-08-04 15:00:00,80.54,80.54,80.495,80.5,16250
2016-08-04 15:15:00,80.51,80.55,80.48,80.525,33532
2016-08-04 15:30:00,80.53,80.58,80.47,80.56,26586
2016-08-04 15:45:00,80.56,80.685,80.53,80.66,38145
2016-08-04 16:00:00,80.66,80.665,80.52,80.57,103976
2016-08-05 09:45:00,80.99,81.3,80.76,81.25,29351
2016-08-05 10:00:00,81.27,81.47,81.19,81.23,30066
2016-08-05 10:15:00,81.24,81.38,81.24,81.37,18003
2016-08-05 10:30:00,81.37,81.39,81.01,81.06,39262
2016-08-05 10:45:00,81.05,81.36,81.04,81.35,26651
2016-08-05 11:00:00,81.35,81.47,81.19,81.47,21500
2016-08-05 11:15:00,81.46,81.6,81.41,81.59,26765
2016-08-05 11:30:00,81.59,81.65,81.571,81.59,27513
2016-08-05 11:45:00,81.6,81.74,81.59,81.74,27839
2016-08-05 12:00:00,81.72,81.74,81.61,81.65,23808
2016-08-05 12:15:00,81.66,81.67,81.59,81.64,12841
2016-08-05 12:30:00,81.64,81.7,81.63,81.67,15726
2016-08-05 12:45:00,81.68,81.7,81.615,81.62100000000001,11362
2016-08-05 13:00:00,81.63,81.64,81.545,81.58,16814
2016-08-05 13:15:00,81.57,81.63,81.5487,81.57,27092
2016-08-05 13:30:00,81.56,81.715,81.56,81.7,22893
2016-08-05 13:45:00,81.68,81.76,81.68,81.73,24201
2016-08-05 14:00:00,81.72,81.73,81.7,81.73,18239
2016-08-05 14:15:00,81.74,81.765,81.695,81.7462,24454
2016-08-05 14:30:00,81.73,81.805,81.73,81.75,18800
2016-08-05 14:45:00,81.74,81.74,81.705,81.74,27384
2016-08-05 15:00:00,81.75,81.89,81.75,81.876,33357
2016-08-05 15:15:00,81.87,81.99,81.85,81.96,40778
2016-08-05 15:30:00,81.96,82.06,81.95,82.06,51948
2016-08-05 15:45:00,82.06,82.06,81.85,81.91,55015
2016-08-05 16:00:00,81.92,81.99,81.85,81.89,145795
2016-08-08 09:45:00,81.66,81.92,81.38,81.73,27771
2016-08-08 10:00:00,81.68,81.93,81.68,81.89,15154
2016-08-08 10:15:00,81.9,81.95,81.53,81.5473,44166
2016-08-08 10:30:00,81.51,81.75,81.51,81.655,15846
2016-08-08 10:45:00,81.66,81.8,81.66,81.79,16670
2016-08-08 11:00:00,81.79,81.79,81.67,81.72,10971
2016-08-08 11:15:00,81.73,81.84,81.65,81.84,17819
2016-08-08 11:30:00,81.84,82.16,81.83,82.1,28400
2016-08-08 11:45:00,82.11,82.21,82.04,82.12,18924
2016-08-08 12:00:00,82.11,82.11,81.81,81.81,11949
2016-08-08 12:15:00,81.82,81.9,81.8,81.85,7678
2016-08-08 12:30:00,81.85,81.86,81.8,81.84,5220
2016-08-08 12:45:00,81.84,82.04,81.84,82.035,14617
2016-08-08 13:00:00,82.04,82.13,82.04,82.12,16496
2016-08-08 13:15:00,82.1,82.16,82.03,82.14,16502
2016-08-08 13:30:00,82.14,82.21,82.13,82.18700000000001,16788
2016-08-08 13:45:00,82.2,82.22,82.05,82.05,9045
2016-08-08 14:00:00,82.05,82.11,81.971,82.11,17686
2016-08-08 14:15:00,82.09,82.09,81.96,82.03,11758
2016-08-08 14:30:00,82.03,82.06,81.88,81.91,13322
2016-08-08 14:45:00,81.89,81.93,81.79,81.81,15384
2016-08-08 15:00:00,81.8,81.85,81.71,81.71,12138
2016-08-08 15:15:00,81.71,81.81,81.68,81.8,11936
2016-08-08 15:30:00,81.79,81.8,81.72,81.75,9952
2016-08-08 15:45:00,81.75,81.78,81.69,81.7,22060
2016-08-08 16:00:00,81.7,81.75,81.68,81.73,53843
2016-08-09 09:45:00,81.8,82.441,81.8,82.0,26691
2016-08-09 10:00:00,81.985,82.13,81.86,81.89399999999999,11295
2016-08-09 10:15:00,81.9,82.0,81.7,81.73,15010
2016-08-09 10:30:00,81.735,81.83,81.65,81.7,32593
2016-08-09 10:45:00,81.74,81.89,81.72,81.75,18947
2016-08-09 11:00:00,81.71,81.9,81.71,81.73,27238
2016-08-09 11:15:00,81.73,81.83,81.6616,81.785,12929
2016-08-09 11:30:00,81.79,81.79,81.6168,81.66,18437
2016-08-09 11:45:00,81.68,81.82,81.65,81.81,20816
2016-08-09 12:00:00,81.82,81.97,81.82,81.95,9466
2016-08-09 12:15:00,81.94,81.94,81.89,81.92,8253
2016-08-09 12:30:00,81.92,81.94,81.87,81.8703,12652
2016-08-09 12:45:00,81.87899999999999,81.9,81.835,81.89,14641
2016-08-09 13:00:00,81.88,81.89,81.78,81.84,21159
2016-08-09 13:15:00,81.82,81.88,81.82,81.85,9510
2016-08-09 13:30:00,81.858,81.87,81.78,81.8,11807
2016-08-09 13:45:00,81.82,81.825,81.775,81.79,11865
2016-08-09 14:00:00,81.78,81.78,81.68,81.68,9018
2016-08-09 14:15:00,81.7,81.7,81.63,81.66,15633
2016-08-09 14:30:00,81.64,81.65,81.61,81.62,7629
2016-08-09 14:45:00,81.62,81.63,81.42,81.46,46148
2016-08-09 15:00:00,81.45,81.5,81.39,81.41,33126
2016-08-09 15:15:00,81.41,81.435,81.365,81.37,39035
2016-08-09 15:30:00,81.38,81.47,81.33,81.455,28509
2016-08-09 15:45:00,81.455,81.52,81.4,81.485,32308
2016-08-09 16:00:00,81.49,81.55,81.46,81.49,58490
2016-08-10 09:45:00,81.64,81.8,81.29,81.32,21966
2016-08-10 10:00:00,81.31,81.31,81.06,81.06,23181
2016-08-10 10:15:00,81.04,81.33,80.98,81.15,22087
2016-08-10 10:30:00,81.16,81.36,81.09,81.36,11450
2016-08-10 10:45:00,81.37,81.45,81.34,81.43,16702
2016-08-10 11:00:00,81.425,81.485,81.38,81.3875,24374
2016-08-10 11:15:00,81.39,81.48,81.31,81.32,22839
2016-08-10 11:30:00,81.31,81.35,81.2,81.328,20533
2016-08-10 11:45:00,81.31,81.335,81.22,81.33,12387
2016-08-10 12:00:00,81.35,81.41,81.26,81.38,16003
2016-08-10 12:15:00,81.37,81.47,81.3003,81.46,12685
2016-08-10 12:30:00,81.45,81.55,81.43,81.51,9456
2016-08-10 12:45:00,81.4832,81.62,81.4832,81.6025,13422
2016-08-10 13:00:00,81.62,81.69,81.62,81.69,6027
2016-08-10 13:15:00,81.67399999999999,81.72,81.67,81.685,5983
2016-08-10 13:30:00,81.69,81.7,81.67,81.69,5250
2016-08-10 13:45:00,81.69,81.78,81.64,81.78,9038
2016-08-10 14:00:00,81.77,81.81,81.71,81.73,8121
2016-08-10 14:15:00,81.725,81.845,81.7101,81.72,17629
2016-08-10 14:30:00,81.7099,81.75,81.6026,81.61,10948
2016-08-10 14:45:00,81.625,81.67,81.55,81.67,7753
2016-08-10 15:00:00,81.67,81.79,81.645,81.79,10286
2016-08-10 15:15:00,81.77,81.825,81.71,81.825,7692
2016-08-10 15:30:00,81.825,81.865,81.8134,81.86,8312
2016-08-10 15:45:00,81.865,81.95,81.86,81.92,37924
2016-08-10 16:00:00,81.915,82.13,81.91,82.12,116994
2016-08-11 09:45:00,82.21,82.49,81.94,82.46,32697
2016-08-11 10:00:00,82.48,82.626,82.23,82.23,28585
2016-08-11 10:15:00,82.19,82.26,82.06,82.15,31943
2016-08-11 10:30:00,82.175,82.2,82.06,82.08,24382
2016-08-11 10:45:00,82.08,82.25,82.065,82.24,15210
2016-08-11 11:00:00,82.25,82.28,82.185,82.24,8525
2016-08-11 11:15:00,82.22,82.23,82.16,82.18,11973
2016-08-11 11:30:00,82.18,82.35,82.18,82.31,12343
2016-08-11 11:45:00,82.31,82.41,82.3,82.33,13100
2016-08-11 12:00:00,82.34,82.38,82.27,82.38,10755
2016-08-11 12:15:00,82.37,82.445,82.33,82.39,10835
2016-08-11 12:30:00,82.4,82.53,82.37,82.515,14922
2016-08-11 12:45:00,82.5,82.5299,82.39,82.43,12342
2016-08-11 13:00:00,82.46,82.46,82.3,82.3,14170
2016-08-11 13:15:00,82.31,82.45,82.31,82.36,7250
2016-08-11 13:30:00,82.36,82.46,82.355,82.44,8962
2016-08-11 13:45:00,82.45,82.53,82.40700000000001,82.49,23340
2016-08-11 14:00:00,82.4799,82.57,82.45,82.5,12147
2016-08-11 14:15:00,82.49,82.57,82.47399999999999,82.56,7415
2016-08-11 14:30:00,82.56,82.65,82.56,82.6,17898
2016-08-11 14:45:00,82.6,82.61,82.48,82.565,13199
2016-08-11 15:00:00,82.57,82.63,82.54,82.61,16370
2016-08-11 15:15:00,82.63,82.67,82.58,82.65,15187
2016-08-11 15:30:00,82.64,82.78,82.63,82.75,21461
2016-08-11 15:45:00,82.75,82.88,82.74,82.87,44020
2016-08-11 16:00:00,82.87,82.92,82.82,82.86,87605
2016-08-12 09:45:00,82.79,82.82,82.16,82.21,42224
2016-08-12 10:00:00,82.19,82.56,82.19,82.5475,24163
2016-08-12 10:15:00,82.51,82.55,82.32,82.55,12300
2016-08-12 10:30:00,82.53,82.64,82.39,82.64,12297
2016-08-12 10:45:00,82.63,82.73,82.29,82.315,20032
2016-08-12 11:00:00,82.33,82.33,82.19,82.24,12969
2016-08-12 11:15:00,82.27,82.46,82.25,82.42,12899
2016-08-12 11:30:00,82.43,82.49,82.22,82.37,16943
2016-08-12 11:45:00,82.38,82.38,82.21,82.32,9593
2016-08-12 12:00:00,82.34,82.42,82.3,82.35,13679
2016-08-12 12:15:00,82.35,82.44,82.33,82.35,7450
2016-08-12 12:30:00,82.35,82.36,82.275,82.28,8902
2016-08-12 12:45:00,82.28,82.35,82.28,82.34,6494
2016-08-12 13:00:00,82.34,82.35,82.26,82.34,5882
2016-08-12 13:15:00,82.31,82.31,82.18,82.19,6057
2016-08-12 13:30:00,82.18,82.35,82.12,82.33,25500
2016-08-12 13:45:00,82.35,82.35,82.28,82.32,7601
2016-08-12 14:00:00,82.32,82.5,82.31,82.41,14976
2016-08-12 14:15:00,82.43,82.49,82.3904,82.49,6725
2016-08-12 14:30:00,82.51,82.59,82.47,82.53,14364
2016-08-12 14:45:00,82.54,82.56,82.5,82.5,11540
2016-08-12 15:00:00,82.49,82.49,82.43,82.49,10149
2016-08-12 15:15:00,82.49,82.51,82.39,82.41,19596
2016-08-12 15:30:00,82.41,82.44,82.31,82.38,14451
2016-08-12 15:45:00,82.37,82.5,82.35,82.47,28824
2016-08-12 16:00:00,82.47,82.47,82.39,82.415,50577
2016-08-15 09:45:00,82.41,82.75,82.32,82.4,18962
2016-08-15 10:00:00,82.44,82.47,82.19,82.34,12602
2016-08-15 10:15:00,82.37,82.42,82.26,82.34,16637
2016-08-15 10:30:00,82.3193,82.44,82.23,82.32,11921
2016-08-15 10:45:00,82.33,82.35,82.24,82.33,15477
2016-08-15 11:00:00,82.33,82.43,82.33,82.335,14259
2016-08-15 11:15:00,82.34,82.36,82.23,82.23,16488
2016-08-15 11:30:00,82.24,82.25,82.18,82.19,9121
2016-08-15 11:45:00,82.1953,82.25,82.18,82.1935,10986
2016-08-15 12:00:00,82.19,82.19,82.05,82.0511,17541
2016-08-15 12:15:00,82.05,82.15,82.02,82.13,7533
2016-08-15 12:30:00,82.15,82.28,82.15,82.27,9080
2016-08-15 12:45:00,82.29,82.29,82.13,82.14,7160
2016-08-15 13:00:00,82.14,82.15,82.03,82.04,12763
2016-08-15 13:15:00,82.11,82.22,82.09,82.1323,8224
2016-08-15 13:30:00,82.15,82.17,82.07,82.1,13278
2016-08-15 13:45:00,82.1,82.12,82.06,82.08,12027
2016-08-15 14:00:00,82.07,82.08,81.95,81.97,18399
2016-08-15 14:15:00,81.99,82.0,81.89,81.915,29532
2016-08-15 14:30:00,81.91,81.95,81.86,81.9,32620
2016-08-15 14:45:00,81.9,81.935,81.71,81.7416,41085
2016-08-15 15:00:00,81.745,81.85,81.66,81.815,37956
2016-08-15 15:15:00,81.815,81.825,81.75,81.762,26104
2016-08-15 15:30:00,81.78,81.82,81.73,81.73,30813
2016-08-15 15:45:00,81.725,81.955,81.725,81.95,41615
2016-08-15 16:00:00,81.96,81.99,81.79,81.8,99639
2016-08-16 09:45:00,81.72,81.85,81.02,81.02,26570
2016-08-16 10:00:00,81.04,81.21,80.91,81.0,42131
2016-08-16 10:15:00,81.02,81.03,80.7,80.7,46829
2016-08-16 10:30:00,80.68,80.68,80.46,80.54,55951
2016-08-16 10:45:00,80.56,80.98,80.54,80.92,44651
2016-08-16 11:00:00,80.91,80.94,80.79,80.9,44640
2016-08-16 11:15:00,80.92,81.07,80.92,80.99,67069
2016-08-16 11:30:00,80.99,81.04,80.91,80.98,35275
2016-08-16 11:45:00,80.97,81.02,80.97,81.01,24411
2016-08-16 12:00:00,81.005,81.16,80.985,81.15,23697
2016-08-16 12:15:00,81.145,81.2,81.09,81.12,47136
2016-08-16 12:30:00,81.12,81.19,81.12,81.16,19227
2016-08-16 12:45:00,81.165,81.17,80.96,80.99,21784
2016-08-16 13:00:00,81.01,81.11,80.98,81.105,12512
2016-08-16 13:15:00,81.11,81.18,81.06,81.07,16586
2016-08-16 13:30:00,81.08,81.11,81.02,81.0599,11892
2016-08-16 13:45:00,81.05,81.07,80.985,81.03,18254
2016-08-16 14:00:00,81.0273,81.09,80.96,81.03,31636
2016-08-16 14:15:00,81.02,81.07,80.96,81.01,18958
2016-08-16 14:30:00,81.03,81.04,80.9422,81.02,15818
2016-08-16 14:45:00,81.02,81.025,80.92,80.95,18596
2016-08-16 15:00:00,80.95,80.99,80.9,80.99,11100
2016-08-16 15:15:00,80.98,81.0,80.95,80.97,11470
2016-08-16 15:30:00,80.96,81.04,80.9372,81.03,19094
2016-08-16 15:45:00,81.03,81.06,80.93,80.9401,35165
2016-08-16 16:00:00,80.945,81.01,80.8,80.83,53347
2016-08-17 09:45:00,80.9,80.99,80.56,80.755,21839
2016-08-17 10:00:00,80.71,80.74,80.565,80.61,12455
2016-08-17 10:15:00,80.62,80.74,80.4001,80.69,18393
2016-08-17 10:30:00,80.7,80.77,80.51,80.77,14201
2016-08-17 10:45:00,80.77,80.91,80.71,80.73,25629
2016-08-17 11:00:00,80.77,80.89,80.725,80.8,11199
2016-08-17 11:15:00,80.77,80.9,80.77,80.81,12053
2016-08-17 11:30:00,80.81,80.8299,80.73,80.73100000000001,16120
2016-08-17 11:45:00,80.75,80.8084,80.67,80.68,26743
2016-08-17 12:00:00,80.715,80.72,80.5257,80.55,18970
2016-08-17 12:15:00,80.559,80.61,80.51,80.545,12862
2016-08-17 12:30:00,80.53,80.56,80.49,80.53,15719
2016-08-17 12:45:00,80.55,80.56,80.52,80.545,10917
2016-08-17 13:00:00,80.55,80.77,80.54,80.72,13667
2016-08-17 13:15:00,80.72,80.82,80.7,80.77,8691
2016-08-17 13:30:00,80.75,80.75,80.56,80.62,4358
2016-08-17 13:45:00,80.64,80.73,80.64,80.68,6592
2016-08-17 14:00:00,80.67,80.73,80.62,80.71,14004
2016-08-17 14:15:00,80.705,80.96,80.63,80.94,41217
2016-08-17 14:30:00,80.98,80.99,80.87,80.904,18271
2016-08-17 14:45:00,80.87,81.06,80.85,81.0,19471
2016-08-17 15:00:00,80.98,81.0699,80.9601,81.005,8997
2016-08-17 15:15:00,81.0,81.0502,80.92,81.03,19863
2016-08-17 15:30:00,81.02,81.19,81.01,81.07,24620
2016-08-17 15:45:00,81.08,81.1101,81.01,81.1,39905
2016-08-17 16:00:00,81.11,81.13,81.03,81.06,51547
2016-08-18 09:45:00,80.97,81.19,80.7,80.9,12640
2016-08-18 10:00:00,80.91,80.93,80.65,80.72,19794
2016-08-18 10:15:00,80.7,80.7,80.59,80.635,14997
2016-08-18 10:30:00,80.65,80.72,80.5,80.539,34310
2016-08-18 10:45:00,80.55,80.78,80.55,80.71,16932
2016-08-18 11:00:00,80.69,80.87,80.68,80.76,8953
2016-08-18 11:15:00,80.785,80.8201,80.73,80.7898,11158
2016-08-18 11:30:00,80.785,80.8,80.71,80.72,12806
2016-08-18 11:45:00,80.74,80.82,80.61,80.61,8829
2016-08-18 12:00:00,80.61,80.65,80.52,80.54,18473
2016-08-18 12:15:00,80.5499,80.79,80.545,80.75,17809
2016-08-18 12:30:00,80.77,80.77,80.6,80.6,9520
2016-08-18 12:45:00,80.61,80.68,80.595,80.66,5713
2016-08-18 13:00:00,80.665,80.69,80.66,80.675,4757
2016-08-18 13:15:00,80.675,80.83,80.675,80.82,5733
2016-08-18 13:30:00,80.82,80.83,80.72,80.77,9759
2016-08-18 13:45:00,80.77,80.82,80.74,80.805,8724
2016-08-18 14:00:00,80.8,80.81,80.63,80.64,10416
2016-08-18 14:15:00,80.65,80.7668,80.64,80.76,9244
2016-08-18 14:30:00,80.76,80.82,80.73,80.74,11421
2016-08-18 14:45:00,80.73,80.78,80.67,80.68,15637
2016-08-18 15:00:00,80.68,80.68,80.5406,80.551,17845
2016-08-18 15:15:00,80.57,80.74,80.57,80.66,8545
2016-08-18 15:30:00,80.66,80.675,80.63,80.64,10643
2016-08-18 15:45:00,80.64,80.65,80.545,80.55,38363
2016-08-18 16:00:00,80.55,80.69,80.5475,80.67,103876
2016-08-19 09:45:00,80.32,80.64,80.21,80.52,53058
2016-08-19 10:00:00,80.48,80.57,80.45,80.5,59922
2016-08-19 10:15:00,80.5,80.62,80.5,80.58,32946
2016-08-19 10:30:00,80.61,80.66,80.53,80.61,13839
2016-08-19 10:45:00,80.605,80.67,80.52,80.67,10933
2016-08-19 11:00:00,80.67,80.67,80.53,80.59,11591
2016-08-19 11:15:00,80.6,80.742,80.59,80.72,7570
2016-08-19 11:30:00,80.72,80.82,80.65,80.71,9517
2016-08-19 11:45:00,80.72,80.755,80.64,80.7,7437
2016-08-19 12:00:00,80.67,80.76,80.67,80.71,8020
2016-08-19 12:15:00,80.72,80.74,80.66,80.68,9015
2016-08-19 12:30:00,80.69,80.74,80.58,80.73,14774
2016-08-19 12:45:00,80.6901,80.732,80.61,80.63,7201
2016-08-19 13:00:00,80.6337,80.6337,80.55,80.5605,13742
2016-08-19 13:15:00,80.55,80.6,80.545,80.58,8897
2016-08-19 13:30:00,80.57,80.61,80.55,80.575,7300
2016-08-19 13:45:00,80.58,80.58,80.54,80.56,6956
2016-08-19 14:00:00,80.59,80.66,80.565,80.5784,9387
2016-08-19 14:15:00,80.56,80.64,80.55,80.61,8449
2016-08-19 14:30:00,80.61,80.65,80.55,80.5892,10048
2016-08-19 14:45:00,80.59,80.63,80.55,80.61,9616
2016-08-19 15:00:00,80.58,80.6,80.52,80.535,10190
2016-08-19 15:15:00,80.54,80.625,80.54,80.575,11747
2016-08-19 15:30:00,80.58,80.72,80.55,80.71,13093
2016-08-19 15:45:00,80.72,80.75,80.66,80.75,39258
2016-08-19 16:00:00,80.74,80.74,80.61,80.7,78615
2016-08-22 09:45:00,80.37,80.96,80.37,80.59,57618
2016-08-22 10:00:00,80.71,80.75,80.53,80.69,11551
2016-08-22 10:15:00,80.68,80.71,80.51,80.68,13239
2016-08-22 10:30:00,80.715,80.77,80.63,80.74,19647
2016-08-22 10:45:00,80.75,80.78,80.61,80.66,24734
2016-08-22 11:00:00,80.685,80.74,80.6,80.61,18765
2016-08-22 11:15:00,80.62,80.7037,80.6,80.64,38494
2016-08-22 11:30:00,80.62,80.63,80.45,80.485,34841
2016-08-22 11:45:00,80.48,80.5296,80.47,80.5296,30161
2016-08-22 12:00:00,80.5214,80.6,80.515,80.56,26475
2016-08-22 12:15:00,80.57,80.61,80.5,80.51,22774
2016-08-22 12:30:00,80.51,80.68,80.51,80.53,21771
2016-08-22 12:45:00,80.53,80.615,80.5,80.5,14384
2016-08-22 13:00:00,80.51,80.6,80.48,80.6,15394
2016-08-22 13:15:00,80.63,80.79,80.63,80.73,11654
2016-08-22 13:30:00,80.73,80.73,80.59,80.63,8028
2016-08-22 13:45:00,80.62,80.62,80.5556,80.62,6622
2016-08-22 14:00:00,80.625,80.68,80.6,80.605,11730
2016-08-22 14:15:00,80.6,80.65,80.51,80.63,29152
2016-08-22 14:30:00,80.625,80.63,80.53,80.53,7614
2016-08-22 14:45:00,80.52,80.605,80.5,80.6,9927
2016-08-22 15:00:00,80.6,80.61,80.51,80.53,9398
2016-08-22 15:15:00,80.55,80.72,80.54,80.62,27919
2016-08-22 15:30:00,80.63,80.79,80.63,80.79,22937
2016-08-22 15:45:00,80.79,80.83,80.77,80.81,27861
2016-08-22 16:00:00,80.82,80.82,80.7,80.71,73651
2016-08-23 09:45:00,81.17,81.25,80.681,81.22,23865
2016-08-23 10:00:00,81.2,81.35,80.92,80.92,17947
2016-08-23 10:15:00,80.93,81.16,80.93,81.06,17498
2016-08-23 10:30:00,81.04,81.14,81.0,81.115,11753
2016-08-23 10:45:00,81.12,81.32,81.1,81.32,19840
2016-08-23 11:00:00,81.34,81.45,81.265,81.32,11645
2016-08-23 11:15:00,81.33,81.53,81.24,81.475,17265
2016-08-23 11:30:00,81.49,81.76,81.46,81.71,30541
2016-08-23 11:45:00,81.735,81.84,81.64,81.75,35848
2016-08-23 12:00:00,81.745,81.89,81.74,81.795,24218
2016-08-23 12:15:00,81.795,81.98,81.7945,81.95,23406
2016-08-23 12:30:00,81.94,82.15,81.94,82.11,37720
2016-08-23 12:45:00,82.08,82.17,82.07,82.14,25422
2016-08-23 13:00:00,82.13,82.28,82.11,82.22,24621
2016-08-23 13:15:00,82.17,82.4,82.14,82.35,21406
2016-08-23 13:30:00,82.3451,82.4199,82.3,82.34,6552
2016-08-23 13:45:00,82.33,82.41,82.32,82.4,12264
2016-08-23 14:00:00,82.39,82.48,82.3792,82.43,11113
2016-08-23 14:15:00,82.42,82.42,82.311,82.36,8854
2016-08-23 14:30:00,82.3574,82.3638,82.12,82.13,28583
2016-08-23 14:45:00,82.13,82.15,82.02,82.02,25886
2016-08-23 15:00:00,82.01,82.11,81.98,82.07,13050
2016-08-23 15:15:00,82.1,82.13,82.02,82.06,15710
2016-08-23 15:30:00,82.055,82.1,82.05,82.09,10944
2016-08-23 15:45:00,82.095,82.13,82.055,82.09,29992
2016-08-23 16:00:00,82.1,82.16,82.065,82.15,66960
2016-08-24 09:45:00,82.26,82.26,81.83,81.865,26742
2016-08-24 10:00:00,81.85,81.88,81.525,81.61,9836
2016-08-24 10:15:00,81.6,81.78,81.59,81.76,12017
2016-08-24 10:30:00,81.7,81.73,81.575,81.6,8480
2016-08-24 10:45:00,81.58,81.67,81.58,81.65,6455
2016-08-24 11:00:00,81.6,81.62,81.54,81.56,4649
2016-08-24 11:15:00,81.56,81.61,81.5,81.51,12088
2016-08-24 11:30:00,81.51,81.53,81.48,81.53,9996
2016-08-24 11:45:00,81.53,81.5315,81.47,81.51,4010
2016-08-24 12:00:00,81.52,81.53,81.47,81.47,7118
2016-08-24 12:15:00,81.48,81.55,81.4599,81.49,5523
2016-08-24 12:30:00,81.5,81.541,81.46,81.48100000000001,11949
2016-08-24 12:45:00,81.5,81.56,81.5,81.56,4822
2016-08-24 13:00:00,81.55,81.6299,81.54,81.54,4840
2016-08-24 13:15:00,81.53,81.59,81.51,81.58,3234
2016-08-24 13:30:00,81.59,81.59,81.54,81.54,2600
2016-08-24 13:45:00,81.55,81.55,81.47,81.5,3736
2016-08-24 14:00:00,81.47,81.47,81.38,81.39,11044
2016-08-24 14:15:00,81.4,81.41,81.33,81.41,7460
2016-08-24 14:30:00,81.4146,81.44,81.34,81.35,6672
2016-08-24 14:45:00,81.36,81.3975,81.32,81.3802,9041
2016-08-24 15:00:00,81.39,81.395,81.35,81.3863,6068
2016-08-24 15:15:00,81.39,81.4001,81.29,81.3,24678
2016-08-24 15:30:00,81.3,81.32,81.23,81.23,9482
2016-08-24 15:45:00,81.24,81.27,81.13,81.13,31608
2016-08-24 16:00:00,81.14,81.23,81.11,81.22,59903
2016-08-25 09:45:00,80.92,81.16,80.84,81.0,13247
2016-08-25 10:00:00,80.95,81.02,80.68,80.75,17993
2016-08-25 10:15:00,80.75,80.96,80.735,80.84,22330
2016-08-25 10:30:00,80.7999,80.9099,80.79,80.9099,6030
2016-08-25 10:45:00,80.91,80.96,80.84,80.96,16495
2016-08-25 11:00:00,80.975,80.98,80.85,80.87,17486
2016-08-25 11:15:00,80.88,80.98,80.85,80.88,20704
2016-08-25 11:30:00,80.89,80.96,80.88,80.88,9270
2016-08-25 11:45:00,80.89,80.92,80.88,80.9,6808
2016-08-25 12:00:00,80.91,80.93,80.87,80.91,6047
2016-08-25 12:15:00,80.9,80.92,80.78,80.78,6566
2016-08-25 12:30:00,80.77,80.8639,80.765,80.84,7308
2016-08-25 12:45:00,80.83,80.85,80.78,80.8,8527
2016-08-25 13:00:00,80.82,80.85,80.785,80.81,5790
2016-08-25 13:15:00,80.81,80.81,80.71,80.71,4112
2016-08-25 13:30:00,80.69,80.76,80.65,80.75,8061
2016-08-25 13:45:00,80.76,81.21,80.59,80.63,9995
2016-08-25 14:00:00,80.65,80.65,80.58,80.62,7208
2016-08-25 14:15:00,80.6,80.71,80.58,80.71,7891
2016-08-25 14:30:00,80.72,80.75,80.68,80.7,6952
2016-08-25 14:45:00,80.696,80.7291,80.65,80.69,5740
2016-08-25 15:00:00,80.69,80.75,80.67,80.73,12799
2016-08-25 15:15:00,80.73,80.84,80.705,80.84,6502
2016-08-25 15:30:00,80.84,80.885,80.78,80.83,13984
2016-08-25 15:45:00,80.835,80.91,80.83,80.84,14227
2016-08-25 16:00:00,80.83,80.89,80.79,80.825,58258
2016-08-26 09:45:00,80.94,81.26,80.94,81.11,17667
2016-08-26 10:00:00,81.11,81.55,81.11,81.255,33055
2016-08-26 10:15:00,81.23,81.355,81.0398,81.355,20179
2016-08-26 10:30:00,81.38,81.785,81.38,81.785,21193
2016-08-26 10:45:00,81.8,81.895,81.7,81.88,20983
2016-08-26 11:00:00,81.86,81.98,81.83,81.89,10864
2016-08-26 11:15:00,81.87,82.05,81.85,82.05,37437
2016-08-26 11:30:00,82.03,82.14,82.03,82.12,13392
2016-08-26 11:45:00,82.11,82.11,81.69,81.71,19705
2016-08-26 12:00:00,81.7,81.7,81.4,81.44,12255
2016-08-26 12:15:00,81.41,81.41,81.01,81.0716,10767
2016-08-26 12:30:00,81.05,81.16,80.99,81.1201,9924
2016-08-26 12:45:00,81.13,81.14,80.98,81.14,9066
2016-08-26 13:00:00,81.14,81.26,81.13,81.22,5598
2016-08-26 13:15:00,81.22,81.2415,81.1401,81.21,11467
2016-08-26 13:30:00,81.22,81.25,81.1,81.19,6669
2016-08-26 13:45:00,81.19,81.19,81.11,81.18,8342
2016-08-26 14:00:00,81.17,81.18,81.01,81.05,9610
2016-08-26 14:15:00,81.01,81.16,81.0,81.05,12603
2016-08-26 14:30:00,81.01,81.01,80.86,80.9475,22051
2016-08-26 14:45:00,80.92,81.02,80.84,81.02,9608
2016-08-26 15:00:00,81.0,81.06,80.935,81.0,11233
2016-08-26 15:15:00,81.03,81.16,81.0,81.14,11855
2016-08-26 15:30:00,81.17,81.25,81.11,81.25,12457
2016-08-26 15:45:00,81.25,81.34,81.211,81.26,22864
2016-08-26 16:00:00,81.26,81.37,81.23,81.35,65638
2016-08-29 09:45:00,81.3,81.44,80.95,81.4058,13718
2016-08-29 10:00:00,81.37,81.64,81.27,81.57,16759
2016-08-29 10:15:00,81.58,81.68,81.51,81.55,8275
2016-08-29 10:30:00,81.55,81.57,81.45,81.48,4177
2016-08-29 10:45:00,81.5,81.55,81.45,81.55,5668
2016-08-29 11:00:00,81.56,81.63,81.51,81.53,4992
2016-08-29 11:15:00,81.52,81.55,81.47,81.52,5978
2016-08-29 11:30:00,81.5,81.59,81.44,81.59,7310
2016-08-29 11:45:00,81.62,81.62,81.36,81.445,25317
2016-08-29 12:00:00,81.4432,81.505,81.36,81.4,9146
2016-08-29 12:15:00,81.4,81.52,81.37,81.49,4200
2016-08-29 12:30:00,81.45,81.46,81.4,81.42,3000
2016-08-29 12:45:00,81.4119,81.45,81.37,81.38,4896
2016-08-29 13:00:00,81.4,81.51,81.38,81.48,5664
2016-08-29 13:15:00,81.49,81.5099,81.47,81.49,5337
2016-08-29 13:30:00,81.48,81.59,81.46,81.59,8443
2016-08-29 13:45:00,81.58,81.64,81.56,81.59,5829
2016-08-29 14:00:00,81.58,81.71,81.58,81.65,11006
2016-08-29 14:15:00,81.66,81.74,81.6244,81.69,9477
2016-08-29 14:30:00,81.7,81.7,81.61,81.61,7823
2016-08-29 14:45:00,81.6,81.7045,81.5901,81.7045,9576
2016-08-29 15:00:00,81.71,81.75,81.68,81.73,9394
2016-08-29 15:15:00,81.73,81.75,81.65,81.74,6002
2016-08-29 15:30:00,81.72,81.76,81.66,81.69,6215
2016-08-29 15:45:00,81.69,81.69,81.65,81.65,9401
2016-08-29 16:00:00,81.66,81.67,81.57,81.59,53213
2016-08-30 09:45:00,81.63,81.93,81.47,81.69,19549
2016-08-30 10:00:00,81.67,81.7799,81.59,81.64,13315
2016-08-30 10:15:00,81.66,81.68,81.54,81.54,16282
2016-08-30 10:30:00,81.56,81.595,81.48,81.4963,9561
2016-08-30 10:45:00,81.54,81.59,81.41,81.585,19205
2016-08-30 11:00:00,81.58,81.67,81.5301,81.62,27766
2016-08-30 11:15:00,81.61,81.75,81.59,81.75,19226
2016-08-30 11:30:00,81.74,81.82,81.69,81.82,21985
2016-08-30 11:45:00,81.83,81.835,81.725,81.8,12905
2016-08-30 12:00:00,81.7896,81.88,81.7896,81.8578,8207
2016-08-30 12:15:00,81.86,82.0,81.86,81.99,13407
2016-08-30 12:30:00,81.97,82.04,81.915,81.92,18545
2016-08-30 12:45:00,81.91,82.1,81.91,82.09,26172
2016-08-30 13:00:00,82.09,82.14,82.06,82.105,19044
2016-08-30 13:15:00,82.09,82.135,82.04,82.135,11736
2016-08-30 13:30:00,82.135,82.15899999999999,82.05,82.12,14141
2016-08-30 13:45:00,82.1,82.11,82.02,82.06,17130
2016-08-30 14:00:00,82.06,82.2,82.04,82.15,21782
2016-08-30 14:15:00,82.14,82.15,81.97,81.99,20802
2016-08-30 14:30:00,81.99,82.09,81.99,82.08,16155
2016-08-30 14:45:00,82.08,82.15,82.06,82.15,16607
2016-08-30 15:00:00,82.14,82.22,82.14,82.21,21809
2016-08-30 15:15:00,82.2,82.21,82.15,82.18,19152
2016-08-30 15:30:00,82.19,82.22,82.17,82.19,17578
2016-08-30 15:45:00,82.19,82.21,82.095,82.19,36036
2016-08-30 16:00:00,82.19,82.25,82.14,82.19,69051
2016-08-31 09:45:00,81.96,82.21799999999999,81.825,81.91,30194
2016-08-31 10:00:00,81.9,82.0,81.64,81.67,20200
2016-08-31 10:15:00,81.7,81.96,81.69,81.84,24387
2016-08-31 10:30:00,81.85,81.93,81.78,81.84,19249
2016-08-31 10:45:00,81.76,81.81,81.51,81.54,17557
2016-08-31 11:00:00,81.53,81.5483,81.41,81.53,36122
2016-08-31 11:15:00,81.52,81.58,81.4,81.5,12296
2016-08-31 11:30:00,81.5,81.535,81.4101,81.46,9607
2016-08-31 11:45:00,81.485,81.67,81.4625,81.64,13538
2016-08-31 12:00:00,81.63,81.67,81.59,81.6,10068
2016-08-31 12:15:00,81.62,81.635,81.52,81.555,9547
2016-08-31 12:30:00,81.5644,81.5644,81.46,81.48,10929
2016-08-31 12:45:00,81.48,81.59,81.46,81.5,13074
2016-08-31 13:00:00,81.53,81.53,81.46,81.48,25968
2016-08-31 13:15:00,81.48,81.52,81.46,81.505,18696
2016-08-31 13:30:00,81.5,81.54,81.48,81.52,6933
2016-08-31 13:45:00,81.52,81.55,81.47,81.54,6553
2016-08-31 14:00:00,81.55,81.56,81.48,81.52,10470
2016-08-31 14:15:00,81.51,81.75,81.5,81.72,11687
2016-08-31 14:30:00,81.72,81.90100000000001,81.72,81.88,12460
2016-08-31 14:45:00,81.88,81.885,81.75,81.76,11762
2016-08-31 15:00:00,81.75,81.75,81.65,81.65,11172
2016-08-31 15:15:00,81.65,81.77,81.65,81.77,17041
2016-08-31 15:30:00,81.76,81.79,81.7,81.76,19777
2016-08-31 15:45:00,81.765,81.87,81.7301,81.85,26279
2016-08-31 16:00:00,81.85,81.85,81.71,81.74,53687
2016-09-01 09:45:00,81.43,81.92,81.43,81.78,34499
2016-09-01 10:00:00,81.78,81.8995,81.66,81.71,23575
2016-09-01 10:15:00,81.69,81.71,81.421,81.52,26763
2016-09-01 10:30:00,81.56,81.58,81.18,81.18,27583
2016-09-01 10:45:00,81.131,81.16,80.78,80.8,23955
2016-09-01 11:00:00,80.79,81.13,80.79,81.08,17308
2016-09-01 11:15:00,81.06,81.21,81.06,81.2,24363
2016-09-01 11:30:00,81.19,81.46,81.19,81.4419,16069
2016-09-01 11:45:00,81.45,81.45,81.33,81.34,7688
2016-09-01 12:00:00,81.32,81.37,81.256,81.29,7172
2016-09-01 12:15:00,81.26,81.46,81.22,81.45,15569
2016-09-01 12:30:00,81.48,81.73,81.44,81.68,7393
2016-09-01 12:45:00,81.7,81.795,81.67,81.67,9746
2016-09-01 13:00:00,81.66,81.68,81.55,81.55,7100
2016-09-01 13:15:00,81.55,81.58,81.5,81.535,6863
2016-09-01 13:30:00,81.53,81.5999,81.52,81.58,6665
2016-09-01 13:45:00,81.59,81.61,81.53,81.56,4700
2016-09-01 14:00:00,81.581,81.581,81.51,81.54,5591
2016-09-01 14:15:00,81.53,81.53,81.445,81.48,6000
2016-09-01 14:30:00,81.4898,81.52,81.45,81.52,6918
2016-09-01 14:45:00,81.56,81.62,81.53,81.6,8220
2016-09-01 15:00:00,81.61,81.68,81.59,81.59,20105
2016-09-01 15:15:00,81.59,81.62,81.4362,81.48,9397
2016-09-01 15:30:00,81.47,81.54,81.4001,81.46,14231
2016-09-01 15:45:00,81.46,81.59,81.43,81.58,21141
2016-09-01 16:00:00,81.59,81.625,81.53,81.61,43214
2016-09-02 09:45:00,81.92,82.44,81.83,82.38,14439
2016-09-02 10:00:00,82.44,82.77,82.44,82.49,18748
2016-09-02 10:15:00,82.56,82.65,82.55,82.58,9606
2016-09-02 10:30:00,82.53,82.71,82.53,82.67,12930
2016-09-02 10:45:00,82.67,82.78,82.66,82.75,32035
2016-09-02 11:00:00,82.73,82.78,82.71,82.71,17577
2016-09-02 11:15:00,82.7056,82.93,82.7056,82.83,19938
2016-09-02 11:30:00,82.83,82.88,82.76,82.76,11003
2016-09-02 11:45:00,82.77,82.84,82.67,82.76,12667
2016-09-02 12:00:00,82.75,82.83,82.68,82.82,10212
2016-09-02 12:15:00,82.84,82.84,82.73,82.77,7059
2016-09-02 12:30:00,82.76,82.76,82.6399,82.685,3150
2016-09-02 12:45:00,82.68,82.73,82.66,82.66,6611
2016-09-02 13:00:00,82.66,82.72,82.6,82.64,7011
2016-09-02 13:15:00,82.63,82.7,82.6,82.65,6641
2016-09-02 13:30:00,82.65,82.71,82.62,82.65,6212
2016-09-02 13:45:00,82.63,82.645,82.52,82.57,9695
2016-09-02 14:00:00,82.57,82.65,82.545,82.6,6115
2016-09-02 14:15:00,82.6,82.72,82.58,82.7,8962
2016-09-02 14:30:00,82.7,82.77,82.68,82.71,16889
2016-09-02 14:45:00,82.71,82.77,82.67,82.76,10767
2016-09-02 15:00:00,82.76,82.77,82.64,82.73,21473
2016-09-02 15:15:00,82.74,82.82,82.73,82.8,12680
2016-09-02 15:30:00,82.8,82.8799,82.79,82.87,14977
2016-09-02 15:45:00,82.87,82.88,82.845,82.863,24607
2016-09-02 16:00:00,82.86,82.95,82.8501,82.91,76021
2016-09-06 09:45:00,82.92,83.249,82.73,82.73,29827
2016-09-06 10:00:00,82.77,82.96,82.53,82.69,13093
2016-09-06 10:15:00,82.65,82.69,82.36,82.36,8397
2016-09-06 10:30:00,82.37,82.37,82.07,82.13,8659
2016-09-06 10:45:00,82.12,82.27,82.07,82.14,10118
2016-09-06 11:00:00,82.14,82.14,81.99,82.12,7841
2016-09-06 11:15:00,82.12,82.258,82.06,82.18,4637
2016-09-06 11:30:00,82.19,82.39,82.18,82.35,11004
2016-09-06 11:45:00,82.35,82.48,82.31,82.39,15215
2016-09-06 12:00:00,82.4,82.535,82.35,82.42,13146
2016-09-06 12:15:00,82.41,82.47,82.35,82.35,10810
2016-09-06 12:30:00,82.36,82.365,82.13,82.14,10000
2016-09-06 12:45:00,82.14,82.27,82.13,82.26,9277
2016-09-06 13:00:00,82.24,82.29,82.21,82.21,4700
2016-09-06 13:15:00,82.2,82.2,82.06,82.1,9150
2016-09-06 13:30:00,82.0799,82.16,82.03,82.04,6961
2016-09-06 13:45:00,82.03,82.08,81.9801,82.07,7947
2016-09-06 14:00:00,82.0589,82.25,82.03,82.23,10412
2016-09-06 14:15:00,82.24,82.24,82.03,82.05,12228
2016-09-06 14:30:00,82.05,82.27,82.035,82.25,21908
2016-09-06 14:45:00,82.26,82.415,82.26,82.41,28454
2016-09-06 15:00:00,82.4,82.49,82.35,82.49,24991
2016-09-06 15:15:00,82.48,82.495,82.37,82.37,26852
2016-09-06 15:30:00,82.37,82.415,82.31,82.41,32572
2016-09-06 15:45:00,82.4,82.59,82.39,82.58,45368
2016-09-06 16:00:00,82.57,82.74,82.49,82.7,130326
2016-09-07 09:45:00,82.69,82.93,82.49,82.52,13716
2016-09-07 10:00:00,82.54,82.54,82.3,82.4725,9268
2016-09-07 10:15:00,82.42,82.59,82.41,82.41,17291
2016-09-07 10:30:00,82.4,82.49,82.4,82.49,6709
2016-09-07 10:45:00,82.49,82.57,82.45,82.525,27819
2016-09-07 11:00:00,82.51,82.55,82.31,82.32,22678
2016-09-07 11:15:00,82.32,82.32,82.09,82.12,11673
2016-09-07 11:30:00,82.11,82.11,82.0,82.06,10542
2016-09-07 11:45:00,82.035,82.09,81.99,82.09,5386
2016-09-07 12:00:00,82.06,82.12,82.04,82.07,6134
2016-09-07 12:15:00,82.07,82.16,82.07,82.11,5820
2016-09-07 12:30:00,82.12,82.12,81.9,82.0,11789
2016-09-07 12:45:00,81.99,82.01,81.9,81.99700000000001,13451
2016-09-07 13:00:00,82.0,82.08,82.0,82.05,8498
2016-09-07 13:15:00,82.05,82.13,82.02,82.06,8682
2016-09-07 13:30:00,82.06,82.14,82.06,82.07,7810
2016-09-07 13:45:00,82.09,82.12,82.07,82.08,5675
2016-09-07 14:00:00,82.09,82.29,82.09,82.27,10558
2016-09-07 14:15:00,82.275,82.4,82.235,82.4,10004
2016-09-07 14:30:00,82.395,82.57,82.37,82.545,16435
2016-09-07 14:45:00,82.53,82.54,82.46,82.49,16028
2016-09-07 15:00:00,82.49,82.56,82.4601,82.56,8493
2016-09-07 15:15:00,82.56,82.6825,82.56,82.67,10820
2016-09-07 15:30:00,82.67,82.74,82.65,82.69,18106
2016-09-07 15:45:00,82.69,82.71,82.65,82.69,24224
2016-09-07 16:00:00,82.68,82.7,82.58,82.66,62614
2016-09-08 09:45:00,82.58,82.67,82.18,82.24,20960
2016-09-08 10:00:00,82.235,82.56,82.21,82.45,15525
2016-09-08 10:15:00,82.48,82.68,82.4394,82.49,19313
2016-09-08 10:30:00,82.46,82.52,82.38,82.38,12128
2016-09-08 10:45:00,82.35,82.39,82.255,82.3201,16387
2016-09-08 11:00:00,82.335,82.34,82.22,82.2358,12984
2016-09-08 11:15:00,82.25,82.34,82.2393,82.28,13555
2016-09-08 11:30:00,82.27,82.29799999999999,82.16,82.19,11821
2016-09-08 11:45:00,82.15,82.16,82.04,82.1468,8707
2016-09-08 12:00:00,82.16,82.21,82.09,82.12,5900
2016-09-08 12:15:00,82.15,82.15,81.96,81.96,7308
2016-09-08 12:30:00,81.97,81.99,81.91,81.925,14291
2016-09-08 12:45:00,81.89,81.92,81.84,81.92,10716
2016-09-08 13:00:00,81.93,81.98,81.84,81.85,6039
2016-09-08 13:15:00,81.85,81.85,81.75,81.79,13012
2016-09-08 13:30:00,81.79,81.89,81.78,81.85,11882
2016-09-08 13:45:00,81.82,81.84,81.75,81.81,7791
2016-09-08 14:00:00,81.81,81.86,81.75,81.86,9141
2016-09-08 14:15:00,81.83,81.86,81.8,81.81,10651
2016-09-08 14:30:00,81.8,81.89,81.7481,81.85,13404
2016-09-08 14:45:00,81.85,81.92,81.73,81.77,23113
2016-09-08 15:00:00,81.77,81.815,81.74,81.74,20756
2016-09-08 15:15:00,81.75,81.76,81.64,81.65,29136
2016-09-08 15:30:00,81.655,81.67,81.445,81.46,28417
2016-09-08 15:45:00,81.44,81.47,81.38,81.4,39424
2016-09-08 16:00:00,81.39,81.42,81.27,81.29,98862
2016-09-09 09:45:00,80.84,81.04,80.07,80.22,29987
2016-09-09 10:00:00,80.27,80.33,79.93,80.14,27659
2016-09-09 10:15:00,80.15,80.19,80.0,80.14,19153
2016-09-09 10:30:00,80.14,80.14,79.85,80.1,43946
2016-09-09 10:45:00,80.05,80.08,79.82,80.01,27617
2016-09-09 11:00:00,80.02,80.33,79.87,80.33,22580
2016-09-09 11:15:00,80.35,80.36,80.14,80.14,18682
2016-09-09 11:30:00,80.16,80.17,80.03,80.14,45942
2016-09-09 11:45:00,80.11,80.225,80.06,80.09,15070
2016-09-09 12:00:00,80.08,80.12,80.03,80.05,15421
2016-09-09 12:15:00,80.07,80.16,80.02,80.12,13738
2016-09-09 12:30:00,80.145,80.18,80.06,80.15,10783
2016-09-09 12:45:00,80.15,80.19,80.12,80.175,9863
2016-09-09 13:00:00,80.17,80.22,80.14,80.2104,13523
2016-09-09 13:15:00,80.21,80.21,80.045,80.06,12821
2016-09-09 13:30:00,80.055,80.1199,80.0,80.1199,13430
2016-09-09 13:45:00,80.12,80.18,80.03,80.04,11860
2016-09-09 14:00:00,80.04,80.1,80.0,80.09,13623
2016-09-09 14:15:00,80.05,80.05,79.94,79.9675,27924
2016-09-09 14:30:00,79.97,80.1,79.97,80.1,11264
2016-09-09 14:45:00,80.09,80.18,80.07,80.07,17777
2016-09-09 15:00:00,80.09,80.22,79.995,80.22,22585
2016-09-09 15:15:00,80.19,80.19,80.05,80.09,20723
2016-09-09 15:30:00,80.09,80.21,80.09,80.15,17166
2016-09-09 15:45:00,80.16,80.17,80.07,80.1101,48180
2016-09-09 16:00:00,80.12,80.13,79.92,79.94,151143
2016-09-12 09:45:00,79.3,79.48,79.09,79.13,43607
2016-09-12 10:00:00,79.13,79.445,79.08,79.44,11546
2016-09-12 10:15:00,79.4,79.63,79.39,79.62,18618
2016-09-12 10:30:00,79.65,79.86,79.63,79.83,14501
2016-09-12 10:45:00,79.84,79.92,79.71,79.74,23243
2016-09-12 11:00:00,79.74,79.745,79.56,79.73,20438
2016-09-12 11:15:00,79.72,79.74,79.61,79.7,26059
2016-09-12 11:30:00,79.69,79.86,79.66,79.66,20490
2016-09-12 11:45:00,79.65,79.77,79.58,79.61,14419
2016-09-12 12:00:00,79.61,79.61,79.5,79.52,15756
2016-09-12 12:15:00,79.55,79.635,79.5,79.59,16923
2016-09-12 12:30:00,79.6,79.625,79.54,79.6,17701
2016-09-12 12:45:00,79.62,79.65,79.49,79.52,16086
2016-09-12 13:00:00,79.54,79.6,79.53,79.58,20581
2016-09-12 13:15:00,79.57,79.61,79.5068,79.61,17674
2016-09-12 13:30:00,79.61,79.8,79.49,79.54,27771
2016-09-12 13:45:00,79.5336,79.55,79.35,79.4,17528
2016-09-12 14:00:00,79.43,79.72,79.43,79.685,24134
2016-09-12 14:15:00,79.68,79.86,79.66,79.81,65489
2016-09-12 14:30:00,79.8107,80.005,79.77,79.84,29943
2016-09-12 14:45:00,79.84,80.02,79.8,79.98,25985
2016-09-12 15:00:00,79.99,80.1,79.8831,80.075,50995
2016-09-12 15:15:00,80.075,80.17,80.06,80.105,41430
2016-09-12 15:30:00,80.11,80.15,79.98,80.09,28740
2016-09-12 15:45:00,80.1,80.22,80.03,80.18,38029
2016-09-12 16:00:00,80.18,80.18,79.91,79.96,64966
2016-09-13 09:45:00,79.55,79.78,79.04,79.2,16176
2016-09-13 10:00:00,79.25,79.26,78.67,78.67,57523
2016-09-13 10:15:00,78.65,78.9199,78.59,78.69,40048
2016-09-13 10:30:00,78.7,78.87,78.665,78.665,19469
2016-09-13 10:45:00,78.63,78.87,78.51,78.86,39710
2016-09-13 11:00:00,78.86,79.03,78.7101,78.78,44136
2016-09-13 11:15:00,78.765,78.89,78.7,78.73,13157
2016-09-13 11:30:00,78.6901,78.7,78.44,78.44,40576
2016-09-13 11:45:00,78.44,78.47,78.17,78.345,66679
2016-09-13 12:00:00,78.33,78.3599,78.0,78.11,42589
2016-09-13 12:15:00,78.12,79.96,77.94,78.0825,52484
2016-09-13 12:30:00,78.1,78.11,77.85,77.92,24246
2016-09-13 12:45:00,77.9299,78.03,77.89,78.0,17139
2016-09-13 13:00:00,78.02,78.03,77.71,77.78,26471
2016-09-13 13:15:00,77.81,77.81,77.67,77.81,20891
2016-09-13 13:30:00,77.82,78.145,77.82,78.12,22226
2016-09-13 13:45:00,78.1,78.24,77.89,77.89,27741
2016-09-13 14:00:00,77.89,77.915,77.675,77.81,18296
2016-09-13 14:15:00,77.81,77.96,77.68,77.7899,26839
2016-09-13 14:30:00,77.77,77.77,77.6399,77.65,26569
2016-09-13 14:45:00,77.65,77.72,77.55,77.7,23486
2016-09-13 15:00:00,77.69,77.72,77.6,77.6,23528
2016-09-13 15:15:00,77.61,77.69,77.51,77.58,32968
2016-09-13 15:30:00,77.6,77.9401,77.55,77.9,46549
2016-09-13 15:45:00,77.89,78.09,77.84,77.89,54223
2016-09-13 16:00:00,77.9,78.15,77.7499,77.89,162034
2016-09-14 09:45:00,78.06,78.34,77.83,77.97,25889
2016-09-14 10:00:00,77.97,78.08,77.75,77.82,15530
2016-09-14 10:15:00,77.8,78.23,77.8,78.19,14289
2016-09-14 10:30:00,78.16,78.1945,78.055,78.15,8453
2016-09-14 10:45:00,78.14,78.26,78.01,78.01,21948
2016-09-14 11:00:00,78.03,78.11,77.945,78.02,17756
2016-09-14 11:15:00,78.03,78.06,77.69,77.81,17431
2016-09-14 11:30:00,77.86,78.01,77.75,77.81,15011
2016-09-14 11:45:00,77.8,78.11,77.77,78.03,25802
2016-09-14 12:00:00,78.0,78.21,77.99,78.21,10312
2016-09-14 12:15:00,78.22,78.25,77.97,78.005,8986
2016-09-14 12:30:00,78.02,78.1,78.015,78.06,6652
2016-09-14 12:45:00,78.04,78.06,77.89,77.915,7121
2016-09-14 13:00:00,77.9,77.92,77.8,77.92,7880
2016-09-14 13:15:00,77.91,77.99,77.83,77.85,7135
2016-09-14 13:30:00,77.83,77.85,77.72,77.79,8320
2016-09-14 13:45:00,77.81,77.9,77.81,77.88,6575
2016-09-14 14:00:00,77.89,77.89,77.71,77.8,22265
2016-09-14 14:15:00,77.79,77.81,77.595,77.6199,25873
2016-09-14 14:30:00,77.59,77.8181,77.59,77.78,15364
2016-09-14 14:45:00,77.78,77.83,77.7,77.78,14870
2016-09-14 15:00:00,77.77,77.7925,77.72,77.72,8652
2016-09-14 15:15:00,77.73,77.74,77.53,77.5499,11608
2016-09-14 15:30:00,77.54,77.55,77.32,77.365,14040
2016-09-14 15:45:00,77.37,77.66,77.37,77.63,28064
2016-09-14 16:00:00,77.61,77.77,77.56,77.72,101347
2016-09-15 09:45:00,77.7,77.8,77.27,77.28,17853
2016-09-15 10:00:00,77.275,77.67,77.2,77.58,11693
2016-09-15 10:15:00,77.62,77.99,77.48,77.99,46242
2016-09-15 10:30:00,77.98,78.07,77.91,77.93,14850
2016-09-15 10:45:00,77.92,77.99,77.85,77.86,16980
2016-09-15 11:00:00,77.89,78.01,77.88,77.925,15511
2016-09-15 11:15:00,77.97,78.17,77.97,77.995,20517
2016-09-15 11:30:00,78.01,78.17,77.87,78.07,66869
2016-09-15 11:45:00,78.11,78.17,77.965,77.98,12570
2016-09-15 12:00:00,77.99,78.01,77.79,77.8,21022
2016-09-15 12:15:00,77.795,77.885,77.74,77.78,31300
2016-09-15 12:30:00,77.78,77.915,77.7,77.73,73133
2016-09-15 12:45:00,77.75,77.84,77.67,77.69,11401
2016-09-15 13:00:00,77.73,77.7399,77.64,77.66,11603
2016-09-15 13:15:00,77.67,77.835,77.67,77.835,14178
2016-09-15 13:30:00,77.83,77.96,77.79,77.855,10394
2016-09-15 13:45:00,77.87,77.94,77.81,77.935,12725
2016-09-15 14:00:00,77.9499,77.9499,77.81,77.92,16270
2016-09-15 14:15:00,77.93,78.05,77.89,78.03,11261
2016-09-15 14:30:00,78.04,78.13,77.87,77.9525,36378
2016-09-15 14:45:00,77.95,77.99600000000001,77.9,77.905,13805
2016-09-15 15:00:00,77.92,77.96,77.865,77.95,16432
2016-09-15 15:15:00,77.95,77.96,77.83,77.83,33208
2016-09-15 15:30:00,77.83,77.835,77.69,77.725,25208
2016-09-15 15:45:00,77.72,77.7725,77.62,77.74,117079
2016-09-15 16:00:00,77.74,77.79,77.7,77.75,101029
2016-09-16 09:45:00,77.25,77.31,76.8,77.18,123407
2016-09-16 10:00:00,77.22,77.43,77.15,77.15,23539
2016-09-16 10:15:00,77.15,77.24,77.01,77.24,33969
2016-09-16 10:30:00,77.23,77.23,77.02,77.1,49250
2016-09-16 10:45:00,77.07,77.15,76.93,77.05,57464
2016-09-16 11:00:00,77.1,77.12,76.95,77.0,34058
2016-09-16 11:15:00,77.0,77.015,76.88,76.94,34043
2016-09-16 11:30:00,76.93,76.98,76.89,76.92,31312
2016-09-16 11:45:00,76.94,77.2,76.9,77.19,34596
2016-09-16 12:00:00,77.19,77.3599,77.19,77.3599,17799
2016-09-16 12:15:00,77.36,77.7,77.33,77.68,18719
2016-09-16 12:30:00,77.68,77.77,77.67,77.69,17444
2016-09-16 12:45:00,77.7,77.72,77.61,77.635,11901
2016-09-16 13:00:00,77.63,77.74,77.61,77.62,38145
2016-09-16 13:15:00,77.62,77.63,77.57,77.59899999999999,34530
2016-09-16 13:30:00,77.59,77.72,77.52,77.58,62268
2016-09-16 13:45:00,77.6,77.6,77.44,77.44,17814
2016-09-16 14:00:00,77.455,77.51,77.01,77.33,110632
2016-09-16 14:15:00,77.32,77.45,77.26,77.41,17396
2016-09-16 14:30:00,77.428,77.45,77.37,77.4215,11508
2016-09-16 14:45:00,77.43,77.5,77.4,77.5,17460
2016-09-16 15:00:00,77.47,77.47800000000001,77.38,77.38,14231
2016-09-16 15:15:00,77.375,77.43,77.32,77.34,23685
2016-09-16 15:30:00,77.34,77.44,77.3175,77.34,32227
2016-09-16 15:45:00,77.34,77.59,77.33,77.51,40789
2016-09-16 16:00:00,77.53,77.57,77.18,77.28,173873
2016-09-19 09:45:00,77.4,77.7,77.23,77.7,32561
2016-09-19 10:00:00,77.7,78.15,77.7,78.12,29631
2016-09-19 10:15:00,78.115,78.25,78.07,78.1175,34785
2016-09-19 10:30:00,78.13,78.15,77.95,78.02,9484
2016-09-19 10:45:00,78.02,78.02,77.75,77.8,12907
2016-09-19 11:00:00,77.7998,77.87,77.68,77.84,12527
2016-09-19 11:15:00,77.885,77.965,77.85,77.93,16572
2016-09-19 11:30:00,77.93,77.97,77.87,77.87,12162
2016-09-19 11:45:00,77.88,77.92,77.79,77.83,13846
2016-09-19 12:00:00,77.82,77.93,77.8101,77.91,11281
2016-09-19 12:15:00,77.91,77.92,77.71,77.71,17433
2016-09-19 12:30:00,77.72,77.72,77.49,77.56,21265
2016-09-19 12:45:00,77.56,77.63,77.5,77.55,21589
2016-09-19 13:00:00,77.55,77.59,77.467,77.47,14346
2016-09-19 13:15:00,77.46,77.55,77.42,77.47,12505
2016-09-19 13:30:00,77.46,77.49,77.26,77.26,21149
2016-09-19 13:45:00,77.24,77.25,77.02,77.0324,19396
2016-09-19 14:00:00,77.03,77.39,77.03,77.38,14749
2016-09-19 14:15:00,77.37,77.41,77.31,77.32,19337
2016-09-19 14:30:00,77.32,77.39,77.32,77.35,15611
2016-09-19 14:45:00,77.36,77.41,77.33,77.33,15013
2016-09-19 15:00:00,77.34,77.58,77.33,77.57,11589
2016-09-19 15:15:00,77.57,77.59,77.41,77.41,18274
2016-09-19 15:30:00,77.38,77.38,77.18,77.2,24048
2016-09-19 15:45:00,77.2,77.41,77.11,77.37,32766
2016-09-19 16:00:00,77.37,77.41,77.27,77.33,60613
2016-09-20 09:45:00,77.81,78.0442,77.6,77.72,32431
2016-09-20 10:00:00,77.68,77.71,77.52,77.52,16144
2016-09-20 10:15:00,77.55,77.7601,77.53,77.7601,15541
2016-09-20 10:30:00,77.76,77.86,77.7,77.81,8884
2016-09-20 10:45:00,77.79,77.82,77.62,77.7,11120
2016-09-20 11:00:00,77.71,77.72,77.52,77.52,10044
2016-09-20 11:15:00,77.53,77.69,77.53,77.6001,8913
2016-09-20 11:30:00,77.6,77.6,77.494,77.51,9536
2016-09-20 11:45:00,77.47,77.53,77.43,77.53,11252
2016-09-20 12:00:00,77.52,77.58,77.45,77.45,11647
2016-09-20 12:15:00,77.44,77.48,77.41,77.41,9078
2016-09-20 12:30:00,77.35,77.44,77.335,77.44,8306
2016-09-20 12:45:00,77.46,77.46,77.2799,77.39,11388
2016-09-20 13:00:00,77.39,77.41,77.29,77.3,11997
2016-09-20 13:15:00,77.33,77.39,77.27,77.3368,11369
2016-09-20 13:30:00,77.33,77.4,77.33,77.35,8541
2016-09-20 13:45:00,77.36,77.43,77.35,77.41,15451
2016-09-20 14:00:00,77.41,77.44,77.35,77.44,11815
2016-09-20 14:15:00,77.43,77.51,77.41,77.465,16737
2016-09-20 14:30:00,77.47,77.48,77.395,77.41,12757
2016-09-20 14:45:00,77.41,77.53,77.41,77.44,14902
2016-09-20 15:00:00,77.43,77.58,77.42,77.58,18710
2016-09-20 15:15:00,77.58,77.59,77.49,77.52,11635
2016-09-20 15:30:00,77.51,77.51,77.44,77.465,16161
2016-09-20 15:45:00,77.46,77.53,77.39,77.445,30965
2016-09-20 16:00:00,77.445,77.51,77.3301,77.36,65395
2016-09-21 09:45:00,77.71,77.94,77.6492,77.83,16724
2016-09-21 10:00:00,77.8,78.27,77.635,78.27,19263
2016-09-21 10:15:00,78.22,78.31,78.06,78.31,12961
2016-09-21 10:30:00,78.274,78.31,78.11,78.11,5856
2016-09-21 10:45:00,78.13,78.17,78.0,78.14,6900
2016-09-21 11:00:00,78.145,78.145,77.93,77.93,11134
2016-09-21 11:15:00,77.94,77.95,77.805,77.87,6160
2016-09-21 11:30:00,77.86,78.0477,77.85,78.03,40430
2016-09-21 11:45:00,78.02,78.04,77.93,77.98,4960
2016-09-21 12:00:00,77.99,78.045,77.95,78.045,29618
2016-09-21 12:15:00,78.06,78.21,78.03,78.03,26010
2016-09-21 12:30:00,78.045,78.075,77.95,78.075,17813
2016-09-21 12:45:00,78.07,78.075,77.895,77.93,9752
2016-09-21 13:00:00,77.92,78.17,77.89,78.17,5896
2016-09-21 13:15:00,78.22,78.245,78.17,78.22,7822
2016-09-21 13:30:00,78.21,78.21,78.08,78.08,7960
2016-09-21 13:45:00,78.11,78.22,78.1,78.2,6709
2016-09-21 14:00:00,78.23,78.31,78.16,78.26,13077
2016-09-21 14:15:00,78.24,78.71,78.12,78.515,24604
2016-09-21 14:30:00,78.53,78.59,78.23,78.31,10374
2016-09-21 14:45:00,78.32,78.53,78.2,78.4847,11941
2016-09-21 15:00:00,78.47,78.78,78.44,78.76,24710
2016-09-21 15:15:00,78.73,78.81,78.56,78.7834,14235
2016-09-21 15:30:00,78.79,78.925,78.78,78.81,16971
2016-09-21 15:45:00,78.83,78.98,78.81,78.98,22166
2016-09-21 16:00:00,78.99,79.06,78.93,78.97,49045
2016-09-22 09:45:00,79.68,79.86,78.96,78.97,46619
2016-09-22 10:00:00,78.92,79.24,78.87,78.87,19424
2016-09-22 10:15:00,78.86,79.09,78.75,78.89,35746
2016-09-22 10:30:00,78.89,79.04,78.89,79.0,23134
2016-09-22 10:45:00,79.0,79.27,78.81,78.81,41769
2016-09-22 11:00:00,78.81,79.16,78.81,79.1,17868
2016-09-22 11:15:00,79.05,79.08,78.91,78.95,8903
2016-09-22 11:30:00,78.96,79.02,78.835,78.88,11374
2016-09-22 11:45:00,78.889,79.0,78.88,78.97,8605
2016-09-22 12:00:00,78.99,79.035,78.82,78.92,11462
2016-09-22 12:15:00,78.96,79.06,78.91,78.97,10575
2016-09-22 12:30:00,79.02,79.03,78.811,78.98,7026
2016-09-22 12:45:00,78.99,79.0542,78.97,78.99,12966
2016-09-22 13:00:00,78.99,79.13,78.97,79.08,13698
2016-09-22 13:15:00,79.1,79.24,79.1,79.18,6870
2016-09-22 13:30:00,79.2,79.3,79.17,79.24,11838
2016-09-22 13:45:00,79.23,79.395,79.23,79.29,13162
2016-09-22 14:00:00,79.3,79.37,79.245,79.36,7984
2016-09-22 14:15:00,79.35,79.41,79.18,79.18,13085
2016-09-22 14:30:00,79.18,79.26,79.17,79.2,12549
2016-09-22 14:45:00,79.19,79.24,79.12,79.2,10129
2016-09-22 15:00:00,79.21,79.36,79.185,79.33,12120
2016-09-22 15:15:00,79.32,79.44,79.31,79.44,12206
2016-09-22 15:30:00,79.44,79.53,79.4,79.43,20169
2016-09-22 15:45:00,79.44,79.56,79.41,79.45,27711
2016-09-22 16:00:00,79.45,79.5,79.36,79.37,66204
2016-09-23 09:45:00,79.38,79.84,79.38,79.47,24611
2016-09-23 10:00:00,79.4172,79.75,79.41,79.75,15032
2016-09-23 10:15:00,79.75,80.195,79.72,80.01,27402
2016-09-23 10:30:00,80.03,80.28,80.03,80.27,12004
2016-09-23 10:45:00,80.295,80.86,80.28,80.81,55572
2016-09-23 11:00:00,80.82,80.99,80.77,80.96,35116
2016-09-23 11:15:00,80.955,81.095,80.725,80.725,41878
2016-09-23 11:30:00,80.735,80.77,80.61,80.7,18954
2016-09-23 11:45:00,80.68,80.78,80.68,80.725,15456
2016-09-23 12:00:00,80.7,80.745,80.62,80.665,15970
2016-09-23 12:15:00,80.66,80.73,80.46,80.475,12855
2016-09-23 12:30:00,80.46,80.46,80.3,80.34,12043
2016-09-23 12:45:00,80.32,80.47,80.315,80.44,11927
2016-09-23 13:00:00,80.45,80.55,80.37,80.525,7969
2016-09-23 13:15:00,80.54,80.54,80.445,80.47,7341
2016-09-23 13:30:00,80.48,80.5,80.38,80.44,10845
2016-09-23 13:45:00,80.45,80.58,80.4256,80.58,9616
2016-09-23 14:00:00,80.58,80.62,80.49,80.58,17560
2016-09-23 14:15:00,80.56,80.73,80.47,80.67,14771
2016-09-23 14:30:00,80.67,80.75,80.5793,80.71,16019
2016-09-23 14:45:00,80.69,80.78,80.65,80.68,16334
2016-09-23 15:00:00,80.68,80.72,80.59,80.59,16208
2016-09-23 15:15:00,80.58,80.58,80.35,80.4207,31152
2016-09-23 15:30:00,80.43,80.48,80.12,80.24,30302
2016-09-23 15:45:00,80.24,80.3125,80.05,80.08,28169
2016-09-23 16:00:00,80.08,80.28,80.01,80.17,84056
2016-09-26 09:45:00,79.98,80.05,79.16,79.33,32890
2016-09-26 10:00:00,79.34,79.55,79.27,79.31,19449
2016-09-26 10:15:00,79.33,79.465,79.28,79.39,22856
2016-09-26 10:30:00,79.4,79.42,78.99,79.205,51628
2016-09-26 10:45:00,79.21,79.64,79.21,79.555,36421
2016-09-26 11:00:00,79.5844,79.6,79.45,79.57,26020
2016-09-26 11:15:00,79.57,79.57,79.41,79.465,22179
2016-09-26 11:30:00,79.48,79.57,79.35,79.53,56347
2016-09-26 11:45:00,79.53,79.5725,79.4,79.41,9617
2016-09-26 12:00:00,79.4,79.555,79.4,79.53,9471
2016-09-26 12:15:00,79.56,79.56,79.485,79.505,14979
2016-09-26 12:30:00,79.485,79.66,79.45,79.61,64461
2016-09-26 12:45:00,79.64,79.72,79.63,79.72,13600
2016-09-26 13:00:00,79.73,79.77,79.66,79.7,11746
2016-09-26 13:15:00,79.68,79.6925,79.6,79.62,12119
2016-09-26 13:30:00,79.63,79.665,79.47,79.475,8750
2016-09-26 13:45:00,79.47,79.535,79.38,79.4,11621
2016-09-26 14:00:00,79.38,79.51,79.32,79.43,27071
2016-09-26 14:15:00,79.44,79.445,79.34,79.375,12876
2016-09-26 14:30:00,79.38,79.61,79.37,79.59,17586
2016-09-26 14:45:00,79.585,79.64,79.53,79.6,65461
2016-09-26 15:00:00,79.59,79.61,79.41,79.42,38052
2016-09-26 15:15:00,79.41,79.45,79.28,79.45,29264
2016-09-26 15:30:00,79.45,79.62,79.39,79.57,40492
2016-09-26 15:45:00,79.54,79.58,79.31,79.39,74469
2016-09-26 16:00:00,79.39,79.41,79.27,79.36,87407
2016-09-27 09:45:00,79.25,79.57,78.69,78.79,52140
2016-09-27 10:00:00,78.79,78.9,78.6,78.75,39066
2016-09-27 10:15:00,78.84,79.18,78.8,79.16,32801
2016-09-27 10:30:00,79.1601,79.32,79.09,79.18,15462
2016-09-27 10:45:00,79.21,79.25,79.11,79.25,14065
2016-09-27 11:00:00,79.28,79.615,79.26,79.615,32150
2016-09-27 11:15:00,79.62,80.08,79.61,80.04,67800
2016-09-27 11:30:00,80.035,80.37,80.025,80.19,59648
2016-09-27 11:45:00,80.19,80.19,79.92,80.0,32835
2016-09-27 12:00:00,79.96,80.06,79.931,79.99,33623
2016-09-27 12:15:00,79.98,80.155,79.97,80.12,13775
2016-09-27 12:30:00,80.125,80.17,79.95,79.97,18899
2016-09-27 12:45:00,79.98,80.13,79.93,80.13,16626
2016-09-27 13:00:00,80.12,80.12,79.985,80.085,12566
2016-09-27 13:15:00,80.05,80.13,80.0,80.05,17161
2016-09-27 13:30:00,80.04,80.055,80.01,80.055,10413
2016-09-27 13:45:00,80.06,80.12,80.01,80.02,9292
2016-09-27 14:00:00,80.03,80.08,79.98,80.04,8071
2016-09-27 14:15:00,80.06,80.2,80.06,80.18,15237
2016-09-27 14:30:00,80.2,80.2,80.09,80.11,12082
2016-09-27 14:45:00,80.1,80.17,80.05,80.14,11451
2016-09-27 15:00:00,80.14,80.145,79.9,79.98,49283
2016-09-27 15:15:00,79.9701,79.99,79.86,79.87,12305
2016-09-27 15:30:00,79.885,79.93,79.8,79.85,18339
2016-09-27 15:45:00,79.845,80.06,79.83,80.06,67292
2016-09-27 16:00:00,80.06,80.06,79.83,79.89,114523
2016-09-28 09:45:00,80.07,80.3,79.955,80.0,26637
2016-09-28 10:00:00,80.05,80.2,79.92,80.01,10116
2016-09-28 10:15:00,80.07,80.11,79.92,79.98,14002
2016-09-28 10:30:00,80.0,80.08,79.85,79.87,9013
2016-09-28 10:45:00,79.81,79.87,79.41,79.43,24852
2016-09-28 11:00:00,79.425,79.78,79.425,79.7,32125
2016-09-28 11:15:00,79.66,79.66,79.355,79.37,11960
2016-09-28 11:30:00,79.3574,79.5,79.3574,79.47,9905
2016-09-28 11:45:00,79.48,79.68,79.37,79.65,81915
2016-09-28 12:00:00,79.68,79.7399,79.62,79.68,14893
2016-09-28 12:15:00,79.67,79.78,79.64,79.78,14802
2016-09-28 12:30:00,79.771,79.78,79.63,79.63,6999
2016-09-28 12:45:00,79.64,79.7,79.5,79.635,9421
2016-09-28 13:00:00,79.62,79.68,79.605,79.665,5182
2016-09-28 13:15:00,79.65,79.805,79.63,79.66,140708
2016-09-28 13:30:00,79.68,79.83,79.67,79.75,8744
2016-09-28 13:45:00,79.78,79.83,79.73,79.73,7521
2016-09-28 14:00:00,79.74,79.76,79.51,79.515,22352
2016-09-28 14:15:00,79.52,79.61,79.38,79.6,27700
2016-09-28 14:30:00,79.6,79.78,79.56,79.76,11092
2016-09-28 14:45:00,79.78,79.83,79.75,79.825,8443
2016-09-28 15:00:00,79.82,79.84,79.75,79.75,10285
2016-09-28 15:15:00,79.7596,79.8,79.6955,79.8,13287
2016-09-28 15:30:00,79.8,79.88,79.75,79.77,16750
2016-09-28 15:45:00,79.78,79.79,79.69,79.74,26130
2016-09-28 16:00:00,79.72,79.72,79.55,79.62,120510
2016-09-29 09:45:00,79.59,79.96,79.26,79.305,16083
2016-09-29 10:00:00,79.34,79.97,79.34,79.85,24293
2016-09-29 10:15:00,79.895,79.99,79.49,79.49,8639
2016-09-29 10:30:00,79.49,79.78,79.47,79.58,10534
2016-09-29 10:45:00,79.58,79.94,79.58,79.755,28928
2016-09-29 11:00:00,79.75,79.84,79.54,79.68,16988
2016-09-29 11:15:00,79.675,79.73,79.6,79.6,12171
2016-09-29 11:30:00,79.58,79.74,79.54,79.72,19842
2016-09-29 11:45:00,79.7301,79.84,79.7301,79.8,10278
2016-09-29 12:00:00,79.82,80.01,79.73,80.01,17411
2016-09-29 12:15:00,80.03,80.13,80.0,80.13,26955
2016-09-29 12:30:00,80.138,80.31,80.11,80.235,55656
2016-09-29 12:45:00,80.235,80.33,80.06,80.06,55699
2016-09-29 13:00:00,80.0,80.0,79.5,79.5,10772
2016-09-29 13:15:00,79.49,79.57,79.3,79.41,17677
2016-09-29 13:30:00,79.37,79.56,79.355,79.5,27527
2016-09-29 13:45:00,79.5,79.6,79.352,79.42,9305
2016-09-29 14:00:00,79.43,79.43,79.04,79.1,19467
2016-09-29 14:15:00,79.085,79.295,79.03,79.2,10924
2016-09-29 14:30:00,79.2125,79.53,79.2125,79.53,10833
2016-09-29 14:45:00,79.55,79.74,79.51,79.53,80450
2016-09-29 15:00:00,79.5,79.56,79.3199,79.36,13862
2016-09-29 15:15:00,79.33,79.37,79.2,79.31,15632
2016-09-29 15:30:00,79.32,79.65,79.27,79.62,33000
2016-09-29 15:45:00,79.66,79.88,79.61,79.78,38928
2016-09-29 16:00:00,79.7389,79.77,79.38,79.41,112526
2016-09-30 09:45:00,79.34,79.719,79.1248,79.45,49603
2016-09-30 10:00:00,79.3,79.42,78.95,79.1,138400
2016-09-30 10:15:00,79.1,79.3099,78.8601,79.25,46557
2016-09-30 10:30:00,79.25,79.4,79.09,79.1,37275
2016-09-30 10:45:00,79.1,79.17,79.05,79.1,33070
2016-09-30 11:00:00,79.1,79.13,79.0,79.1201,32503
2016-09-30 11:15:00,79.12,79.23,79.06,79.23,25765
2016-09-30 11:30:00,79.24,79.67,79.22,79.67,40969
2016-09-30 11:45:00,79.68,79.76,79.52,79.62,41378
2016-09-30 12:00:00,79.62,79.7225,79.6,79.62,20373
2016-09-30 12:15:00,79.61,79.7,79.5,79.5,18569
2016-09-30 12:30:00,79.49,79.735,79.49,79.56,27395
2016-09-30 12:45:00,79.55,79.57,79.305,79.335,24630
2016-09-30 13:00:00,79.365,79.49,79.22,79.4515,28241
2016-09-30 13:15:00,79.47,79.5,79.45,79.47,13593
2016-09-30 13:30:00,79.48,79.48,79.33,79.35,31909
2016-09-30 13:45:00,79.37,79.47,79.28,79.36,12815
2016-09-30 14:00:00,79.38,79.42,79.35,79.37,13008
2016-09-30 14:15:00,79.3611,79.46,79.3377,79.42,19372
2016-09-30 14:30:00,79.41,79.454,79.335,79.38,15645
2016-09-30 14:45:00,79.39,79.43,79.38,79.42,33790
2016-09-30 15:00:00,79.42,79.44,79.35,79.42,15670
2016-09-30 15:15:00,79.42,79.52,79.4,79.5,24932
2016-09-30 15:30:00,79.495,79.52,79.39,79.455,23534
2016-09-30 15:45:00,79.46,79.47,79.35,79.43,43765
2016-09-30 16:00:00,79.44,79.5,79.3,79.33,115008
2016-10-03 09:45:00,78.99,79.66,78.99,79.499,30460
2016-10-03 10:00:00,79.42,79.665,79.295,79.555,16003
2016-10-03 10:15:00,79.54,79.83,79.49,79.7,23571
2016-10-03 10:30:00,79.68,79.84,79.6101,79.76,19971
2016-10-03 10:45:00,79.73,79.88,79.73,79.78,12185
2016-10-03 11:00:00,79.77,80.44,79.742,80.44,30732
2016-10-03 11:15:00,80.43,80.44,79.9012,79.97,27791
2016-10-03 11:30:00,79.94,79.94,79.78,79.8,10034
2016-10-03 11:45:00,79.82,79.92,79.68,79.88,17743
2016-10-03 12:00:00,79.87,79.87,79.73,79.83,8651
2016-10-03 12:15:00,79.83,79.87,79.76,79.78,17568
2016-10-03 12:30:00,79.79,79.93,79.765,79.84,28475
2016-10-03 12:45:00,79.83,79.93,79.79,79.93,9935
2016-10-03 13:00:00,79.9399,80.21,79.9399,80.18,20738
2016-10-03 13:15:00,80.17,80.26,80.14,80.26,27016
2016-10-03 13:30:00,80.25,80.35,80.21,80.31,17461
2016-10-03 13:45:00,80.32,80.42,80.26,80.3,15262
2016-10-03 14:00:00,80.3,80.72,80.3,80.6,96478
2016-10-03 14:15:00,80.6,80.69,80.52,80.55,22275
2016-10-03 14:30:00,80.55,80.56,80.345,80.345,30247
2016-10-03 14:45:00,80.3,80.59,80.25,80.55,51495
2016-10-03 15:00:00,80.53,80.6,80.45,80.54,43964
2016-10-03 15:15:00,80.5352,80.64,80.4,80.56,51717
2016-10-03 15:30:00,80.55,80.69,80.5,80.605,50027
2016-10-03 15:45:00,80.57,80.79,80.57,80.73,62560
2016-10-03 16:00:00,80.72,80.72,80.51,80.55,115258
2016-10-04 09:45:00,79.17,80.82,79.17,80.51,28261
2016-10-04 10:00:00,80.57,80.92,80.46,80.63,46578
2016-10-04 10:15:00,80.63,80.75,80.49,80.56,38608
2016-10-04 10:30:00,80.59,80.78,80.53,80.75,135259
2016-10-04 10:45:00,80.76,80.83,80.55,80.6,59704
2016-10-04 11:00:00,80.605,80.83,80.59,80.78,19320
2016-10-04 11:15:00,80.78,80.81,80.17,80.32,23299
2016-10-04 11:30:00,80.29,80.57,80.15,80.57,19427
2016-10-04 11:45:00,80.57,80.73,80.445,80.515,16085
2016-10-04 12:00:00,80.56,80.67,80.39,80.59,24718
2016-10-04 12:15:00,80.57,80.62,80.24,80.33,14790
2016-10-04 12:30:00,80.33,80.58,80.33,80.51,11914
2016-10-04 12:45:00,80.54,80.61,80.38,80.41,11978
2016-10-04 13:00:00,80.42,80.57,80.39,80.57,17177
2016-10-04 13:15:00,80.57,80.57,80.265,80.42,12978
2016-10-04 13:30:00,80.44,80.5,80.166,80.205,12973
2016-10-04 13:45:00,80.19,80.39,80.165,80.34,23742
2016-10-04 14:00:00,80.36,80.38,80.1935,80.3,11927
2016-10-04 14:15:00,80.26,80.33,80.225,80.32,9118
2016-10-04 14:30:00,80.33,80.36,80.1872,80.27,18528
2016-10-04 14:45:00,80.28,80.42,80.28,80.41,7342
2016-10-04 15:00:00,80.41,80.41,80.169,80.17,11166
2016-10-04 15:15:00,80.17,80.3,80.14,80.19,40107
2016-10-04 15:30:00,80.165,80.4301,80.165,80.41,26859
2016-10-04 15:45:00,80.42,80.58,80.36,80.51,41140
2016-10-04 16:00:00,80.5,80.56,80.35,80.43,78112
2016-10-05 09:45:00,80.79,80.79,80.03,80.54,19355
2016-10-05 10:00:00,80.56,80.58,80.28,80.445,19917
2016-10-05 10:15:00,80.46,80.71,80.31,80.455,21846
2016-10-05 10:30:00,80.44,80.555,80.395,80.47,12666
2016-10-05 10:45:00,80.465,80.65,80.44,80.44,11968
2016-10-05 11:00:00,80.43,80.43,80.21,80.22,11599
2016-10-05 11:15:00,80.22,80.4,80.2,80.4,25605
2016-10-05 11:30:00,80.42,80.49,80.29,80.39,10006
2016-10-05 11:45:00,80.43,80.57,80.35,80.57,15124
2016-10-05 12:00:00,80.58,80.6,80.47,80.53,6700
2016-10-05 12:15:00,80.48,80.78,80.45,80.765,15621
2016-10-05 12:30:00,80.75,80.77,80.56,80.61,13359
2016-10-05 12:45:00,80.64,80.72,80.55,80.63,16205
2016-10-05 13:00:00,80.6733,80.75,80.63,80.69,13516
2016-10-05 13:15:00,80.69,80.79,80.69,80.77,10183
2016-10-05 13:30:00,80.75,80.8,80.73,80.735,10206
2016-10-05 13:45:00,80.74,80.75,80.64,80.7,13577
2016-10-05 14:00:00,80.68,80.73,80.61,80.71,10766
2016-10-05 14:15:00,80.72,80.74,80.6976,80.7,9809
2016-10-05 14:30:00,80.7013,80.7032,80.58,80.58,12792
2016-10-05 14:45:00,80.58,80.74,80.58,80.725,18810
2016-10-05 15:00:00,80.73,80.77,80.7001,80.73,22206
2016-10-05 15:15:00,80.74,80.75,80.72,80.725,17791
2016-10-05 15:30:00,80.73,80.73,80.55,80.55,21190
2016-10-05 15:45:00,80.56,80.65,80.55,80.575,25379
2016-10-05 16:00:00,80.57,80.59,80.37,80.46,153869
2016-10-06 09:45:00,80.58,80.73,80.15,80.355,19438
2016-10-06 10:00:00,80.51,80.57,80.26,80.41,14610
2016-10-06 10:15:00,80.41,80.49,80.3,80.39,16012
2016-10-06 10:30:00,80.46,80.71,80.46,80.71,13523
2016-10-06 10:45:00,80.68,80.73,80.54,80.65,95494
2016-10-06 11:00:00,80.65,80.72,80.6,80.66,13918
2016-10-06 11:15:00,80.64,80.72,80.5,80.51,17000
2016-10-06 11:30:00,80.53,80.61,80.49,80.57,9532
2016-10-06 11:45:00,80.5737,80.5737,80.46,80.5,7547
2016-10-06 12:00:00,80.54,80.8,80.54,80.7,23107
2016-10-06 12:15:00,80.7,80.8,80.64,80.64,21633
2016-10-06 12:30:00,80.64,80.64,80.47,80.53,17825
2016-10-06 12:45:00,80.525,80.55,80.49,80.5,39961
2016-10-06 13:00:00,80.49,80.53,80.47,80.47,13853
2016-10-06 13:15:00,80.47,80.51,80.35,80.51,22902
2016-10-06 13:30:00,80.51,80.515,80.425,80.47,29215
2016-10-06 13:45:00,80.47,80.5,80.39,80.43,13892
2016-10-06 14:00:00,80.43,80.5,80.42,80.45,24622
2016-10-06 14:15:00,80.435,80.49,80.39,80.42,16711
2016-10-06 14:30:00,80.41,80.41,80.34,80.38,25627
2016-10-06 14:45:00,80.39,80.39,80.26,80.26,30692
2016-10-06 15:00:00,80.26,80.3,80.2,80.24,21597
2016-10-06 15:15:00,80.26,80.4,80.2,80.4,40873
2016-10-06 15:30:00,80.4,80.49,80.395,80.46,40857
2016-10-06 15:45:00,80.45,80.46,80.36,80.39,51977
2016-10-06 16:00:00,80.4,80.48,80.38,80.48,72236
2016-10-07 09:45:00,80.78,80.78,80.13,80.13,19979
2016-10-07 10:00:00,80.19,80.37,79.8,79.84,34650
2016-10-07 10:15:00,79.835,79.835,79.24,79.24,34714
2016-10-07 10:30:00,79.2401,79.49,79.09,79.49,41278
2016-10-07 10:45:00,79.48,79.61,79.37,79.395,33874
2016-10-07 11:00:00,79.395,79.415,79.04,79.05,27351
2016-10-07 11:15:00,79.045,79.045,78.92,78.995,33994
2016-10-07 11:30:00,78.995,79.01,78.85,78.89,21246
2016-10-07 11:45:00,78.89,78.89,78.59,78.59,54982
2016-10-07 12:00:00,78.58,78.85,78.45,78.65,59584
2016-10-07 12:15:00,78.65,78.86,78.65,78.84,21986
2016-10-07 12:30:00,78.83,78.83,78.69,78.73,20034
2016-10-07 12:45:00,78.73,78.8418,78.69,78.76,23276
2016-10-07 13:00:00,78.75,78.83,78.72,78.8,16647
2016-10-07 13:15:00,78.83,78.85,78.72,78.75,24477
2016-10-07 13:30:00,78.78,79.26,78.75,79.21,44165
2016-10-07 13:45:00,79.2599,79.85,79.24,79.7,83787
2016-10-07 14:00:00,79.695,80.13,79.61,79.74,175480
2016-10-07 14:15:00,79.76,79.82,79.5442,79.665,31028
2016-10-07 14:30:00,79.67,79.79,79.57,79.65,30150
2016-10-07 14:45:00,79.64,79.72,79.57,79.64,34024
2016-10-07 15:00:00,79.64,79.65,79.44,79.475,47833
2016-10-07 15:15:00,79.475,79.5407,79.46,79.48,47921
2016-10-07 15:30:00,79.48,79.54,79.47,79.505,44688
2016-10-07 15:45:00,79.505,79.57,79.42,79.42,64824
2016-10-07 16:00:00,79.43,79.46,79.27,79.3,147972
2016-10-10 09:45:00,79.88,79.99,79.52,79.89,27974
2016-10-10 10:00:00,79.87,79.87,79.61,79.61,25613
2016-10-10 10:15:00,79.61,79.88,79.61,79.7638,15064
2016-10-10 10:30:00,79.77,79.82,79.7,79.71,12562
2016-10-10 10:45:00,79.729,79.781,79.72,79.78,14855
2016-10-10 11:00:00,79.755,79.76,79.63,79.699,10349
2016-10-10 11:15:00,79.69,79.7,79.55,79.61,30423
2016-10-10 11:30:00,79.62,79.65,79.51,79.56,11710
2016-10-10 11:45:00,79.57,79.6,79.39,79.39,22523
2016-10-10 12:00:00,79.385,79.455,79.38,79.44,32476
2016-10-10 12:15:00,79.44,79.44,79.27,79.3875,31727
2016-10-10 12:30:00,79.39,79.39,79.26,79.26,9748
2016-10-10 12:45:00,79.27,79.3202,79.26,79.3189,13580
2016-10-10 13:00:00,79.33,79.42,79.33,79.42,7150
2016-10-10 13:15:00,79.45,79.68,79.36,79.65,108411
2016-10-10 13:30:00,79.67,79.83,79.67,79.83,40937
2016-10-10 13:45:00,79.83,79.93,79.8,79.925,60060
2016-10-10 14:00:00,79.92,79.935,79.75,79.76,19298
2016-10-10 14:15:00,79.77,79.84,79.74,79.84,69693
2016-10-10 14:30:00,79.84,79.85,79.7,79.7,26093
2016-10-10 14:45:00,79.7,79.81,79.68,79.81,10368
2016-10-10 15:00:00,79.81,79.81,79.76,79.79,25756
2016-10-10 15:15:00,79.795,79.8,79.72,79.725,21271
2016-10-10 15:30:00,79.73,79.76,79.72,79.745,28782
2016-10-10 15:45:00,79.75,79.76,79.67,79.71,39412
2016-10-10 16:00:00,79.71,79.79,79.68,79.78,73050
2016-10-11 09:45:00,79.82,79.82,79.42,79.64,19296
2016-10-11 10:00:00,79.67,79.67,78.95100000000001,79.001,28253
2016-10-11 10:15:00,78.995,79.2,78.8,79.01,58526
2016-10-11 10:30:00,79.0192,79.155,78.83,78.95,26962
2016-10-11 10:45:00,78.97,79.3,78.94,79.28,15336
2016-10-11 11:00:00,79.26,79.3,79.01,79.0375,8766
2016-10-11 11:15:00,78.94,78.97,78.72,78.77,65200
2016-10-11 11:30:00,78.77,78.87,78.73,78.745,16254
2016-10-11 11:45:00,78.76,78.9,78.76,78.85,13152
2016-10-11 12:00:00,78.89,78.89,78.73,78.795,19262
2016-10-11 12:15:00,78.79,78.8838,78.74,78.75,18882
2016-10-11 12:30:00,78.75,78.79,78.67,78.695,18603
2016-10-11 12:45:00,78.6801,78.87,78.63,78.74,10468
2016-10-11 13:00:00,78.79,78.845,78.67,78.67,25804
2016-10-11 13:15:00,78.67,78.72,78.608,78.608,21468
2016-10-11 13:30:00,78.59,78.6699,78.54,78.62,17244
2016-10-11 13:45:00,78.62,78.62,78.505,78.505,9000
2016-10-11 14:00:00,78.5001,78.5001,78.404,78.46,48308
2016-10-11 14:15:00,78.46,78.59,78.46,78.56,23168
2016-10-11 14:30:00,78.54,78.55,78.44,78.475,28151
2016-10-11 14:45:00,78.4688,78.56,78.45,78.53,19413
2016-10-11 15:00:00,78.53,78.602,78.45,78.46,28616
2016-10-11 15:15:00,78.46,78.48,78.405,78.45,65614
2016-10-11 15:30:00,78.44,78.55,78.43,78.45,27071
2016-10-11 15:45:00,78.45,78.7,78.45,78.67,71124
2016-10-11 16:00:00,78.67,78.71,78.64,78.69,154287
2016-10-12 09:45:00,78.55,78.55,77.4,78.07,177955
2016-10-12 10:00:00,78.125,78.42,78.075,78.42,157749
2016-10-12 10:15:00,78.42,78.68,78.41,78.515,33072
2016-10-12 10:30:00,78.52,78.52,78.12,78.36,52530
2016-10-12 10:45:00,78.33,78.38,78.13,78.295,60561
2016-10-12 11:00:00,78.31,78.35,78.17,78.3,23213
2016-10-12 11:15:00,78.29,78.37,78.279,78.3,48417
2016-10-12 11:30:00,78.3,78.3125,78.09,78.18,116892
2016-10-12 11:45:00,78.22,78.33,78.21,78.255,55649
2016-10-12 12:00:00,78.24,78.31,78.215,78.295,22582
2016-10-12 12:15:00,78.31,78.42,78.27,78.42,45676
2016-10-12 12:30:00,78.425,78.475,78.321,78.321,35966
2016-10-12 12:45:00,78.34,78.485,78.32,78.41,35252
2016-10-12 13:00:00,78.39,78.48,78.26,78.28,29460
2016-10-12 13:15:00,78.3,78.325,78.165,78.22,24788
2016-10-12 13:30:00,78.18,78.29,78.18,78.2,32261
2016-10-12 13:45:00,78.18,78.26,78.17,78.25,47473
2016-10-12 14:00:00,78.25,78.27,78.19,78.23,22858
2016-10-12 14:15:00,78.2193,78.37,78.09,78.23,33741
2016-10-12 14:30:00,78.24,78.34,78.04,78.04,45420
2016-10-12 14:45:00,78.07,78.09,77.92,77.93,35918
2016-10-12 15:00:00,77.94,77.97,77.8,77.8,43823
2016-10-12 15:15:00,77.8,77.81,77.7,77.71,71150
2016-10-12 15:30:00,77.7,77.7,77.61,77.635,46824
2016-10-12 15:45:00,77.635,77.66,77.45,77.5386,120134
2016-10-12 16:00:00,77.54,77.67,77.44,77.65,199496
2016-10-13 09:45:00,77.25,77.25,76.41,76.81,66235
2016-10-13 10:00:00,76.81,77.24,76.72,76.905,36509
2016-10-13 10:15:00,76.95,76.95,76.643,76.65,35855
2016-10-13 10:30:00,76.67,76.97,76.67,76.865,24456
2016-10-13 10:45:00,76.84,76.96,76.79,76.92,24615
2016-10-13 11:00:00,76.9,76.9,76.55,76.58,36308
2016-10-13 11:15:00,76.59,76.79,76.51,76.684,40920
2016-10-13 11:30:00,76.69,76.79,76.66,76.73,40090
2016-10-13 11:45:00,76.74,76.92,76.7,76.92,29994
2016-10-13 12:00:00,76.95,76.95,76.75,76.75,20012
2016-10-13 12:15:00,76.75,76.83,76.68,76.82,24726
2016-10-13 12:30:00,76.82,76.83,76.68,76.76,22059
2016-10-13 12:45:00,76.75,77.06,76.75,76.93,64754
2016-10-13 13:00:00,76.94,76.99,76.81,76.845,26309
2016-10-13 13:15:00,76.86,76.87,76.68,76.68,20544
2016-10-13 13:30:00,76.72,76.81,76.68,76.725,23500
2016-10-13 13:45:00,76.725,76.82,76.725,76.78,19715
2016-10-13 14:00:00,76.78,76.87,76.75,76.84,44708
2016-10-13 14:15:00,76.87,76.92,76.75,76.77,30958
2016-10-13 14:30:00,76.78,76.93,76.78,76.9,32584
2016-10-13 14:45:00,76.89,77.03,76.88,77.0,25744
2016-10-13 15:00:00,77.01,77.22,77.01,77.15,21728
2016-10-13 15:15:00,77.14,77.14,77.05,77.07,27443
2016-10-13 15:30:00,77.07,77.11,76.91,76.92,36775
2016-10-13 15:45:00,76.92,76.94,76.8,76.81,62645
2016-10-13 16:00:00,76.8,76.84,76.4,76.62,289012
2016-10-14 09:45:00,77.1,77.39,77.01,77.18,36497
2016-10-14 10:00:00,77.21,77.685,77.17,77.68,46338
2016-10-14 10:15:00,77.6762,77.79,77.3,77.64,67986
2016-10-14 10:30:00,77.65,77.89,77.4,77.41,83940
2016-10-14 10:45:00,77.44,77.62,77.36,77.52,54070
2016-10-14 11:00:00,77.53,77.55,77.24,77.32,44131
2016-10-14 11:15:00,77.32,77.32,77.07,77.21,55344
2016-10-14 11:30:00,77.21,77.42,77.21,77.29,36804
2016-10-14 11:45:00,77.28,77.37,77.06,77.3,36171
2016-10-14 12:00:00,77.3,77.36,77.19,77.225,30085
2016-10-14 12:15:00,77.21,77.54,77.21,77.51,68757
2016-10-14 12:30:00,77.53,77.56,77.44,77.54,37180
2016-10-14 12:45:00,77.54,77.605,77.5,77.585,16316
2016-10-14 13:00:00,77.57,77.78,77.445,77.705,35222
2016-10-14 13:15:00,77.67,77.71,77.51,77.61,21082
2016-10-14 13:30:00,77.6,77.74,77.6,77.72,39044
2016-10-14 13:45:00,77.71,77.9,77.608,77.608,25121
2016-10-14 14:00:00,77.61,77.67,77.42,77.42,33503
2016-10-14 14:15:00,77.41,77.437,77.28,77.29,47975
2016-10-14 14:30:00,77.28,77.31,77.1,77.24,61829
2016-10-14 14:45:00,77.255,77.3,77.025,77.03,37987
2016-10-14 15:00:00,77.04,77.4,76.99,77.02,47474
2016-10-14 15:15:00,77.04,77.21,77.04,77.181,32244
2016-10-14 15:30:00,77.19,77.2,76.86,76.91,71943
2016-10-14 15:45:00,76.94,77.1,76.81,76.86,220518
2016-10-14 16:00:00,76.87,77.03,76.14,76.2,585831
2016-10-17 09:45:00,79.93,81.3,79.11,81.04,1333921
2016-10-17 10:00:00,81.09,81.84,80.4101,81.765,688976
2016-10-17 10:15:00,81.76,82.48,81.53,81.9,724721
2016-10-17 10:30:00,81.89,82.29,81.66,81.79,328214
2016-10-17 10:45:00,81.77,82.35,81.67,81.92,259331
2016-10-17 11:00:00,81.915,82.09,81.48,81.91,271911
2016-10-17 11:15:00,81.91,81.99,81.47,81.9744,228549
2016-10-17 11:30:00,81.94,81.99,81.54,81.66,134637
2016-10-17 11:45:00,81.685,81.71,81.3,81.46,172396
2016-10-17 12:00:00,81.45,81.67,81.125,81.35,137766
2016-10-17 12:15:00,81.35,81.41,80.9301,81.17,187046
2016-10-17 12:30:00,81.09,81.44,80.9,81.415,176567
2016-10-17 12:45:00,81.41,81.7271,81.4,81.64,153560
2016-10-17 13:00:00,81.63,81.74,81.35,81.35,79519
2016-10-17 13:15:00,81.37,81.79,81.34,81.71,86179
2016-10-17 13:30:00,81.71,81.92,81.58,81.85,103983
2016-10-17 13:45:00,81.86,82.04,81.71,81.995,120773
2016-10-17 14:00:00,82.01,82.19,81.87,82.08,266042
2016-10-17 14:15:00,82.08,82.3,81.94,81.97,189337
2016-10-17 14:30:00,81.9899,82.36,81.95,82.1,141531
2016-10-17 14:45:00,82.12,82.3,82.0176,82.18,128083
2016-10-17 15:00:00,82.175,82.45,82.17,82.4,231183
2016-10-17 15:15:00,82.4,82.48,82.27,82.3196,181721
2016-10-17 15:30:00,82.31,82.82,82.3001,82.68,459612
2016-10-17 15:45:00,82.67,82.67,81.91,81.92,462013
2016-10-17 16:00:00,81.92,82.05,81.63,81.82,828397
2016-10-18 09:45:00,82.08,82.49,80.34,80.55,265881
2016-10-18 10:00:00,80.505,81.08,80.41,80.58,142544
2016-10-18 10:15:00,80.62,80.98,80.57,80.76,203505
2016-10-18 10:30:00,80.79,81.15,80.71,81.06,70079
2016-10-18 10:45:00,81.06,81.06,80.76,80.86,64982
2016-10-18 11:00:00,80.83,81.3061,80.7901,81.29,65671
2016-10-18 11:15:00,81.31,81.77,81.2,81.72,99478
2016-10-18 11:30:00,81.6733,81.97,81.5611,81.95,97444
2016-10-18 11:45:00,81.96,82.07,81.91,82.05,60162
2016-10-18 12:00:00,82.05,82.17,81.95,82.15,48302
2016-10-18 12:15:00,82.16,82.26,82.09,82.25,38860
2016-10-18 12:30:00,82.28,82.69,82.2375,82.63,115077
2016-10-18 12:45:00,82.645,82.67,82.5,82.56,113620
2016-10-18 13:00:00,82.56,82.62,82.35,82.35,50168
2016-10-18 13:15:00,82.34,82.34,82.13,82.15,51892
2016-10-18 13:30:00,82.17,82.31,82.03,82.09,46305
2016-10-18 13:45:00,82.04,82.205,82.04,82.06,36733
2016-10-18 14:00:00,82.08,82.16,81.98,82.02,33379
2016-10-18 14:15:00,82.0,82.02,81.7499,81.78,65545
2016-10-18 14:30:00,81.79,81.79,81.6,81.72,53368
2016-10-18 14:45:00,81.73,81.74,81.52,81.65,47860
2016-10-18 15:00:00,81.64,81.76,81.49,81.54,49803
2016-10-18 15:15:00,81.53,81.6,81.43,81.45100000000001,73528
2016-10-18 15:30:00,81.46,81.47,81.3,81.36,78925
2016-10-18 15:45:00,81.36,81.49,81.255,81.49,132346
2016-10-18 16:00:00,81.5,81.56,81.37,81.45,200835
2016-10-19 09:45:00,81.71,81.855,81.24,81.51,61641
2016-10-19 10:00:00,81.53,81.62,81.04,81.2,71864
2016-10-19 10:15:00,81.19,81.5,80.96,81.06,97796
2016-10-19 10:30:00,81.06,81.46,80.86,81.39,29322
2016-10-19 10:45:00,81.41,81.44,81.13,81.2,41466
2016-10-19 11:00:00,81.23,81.488,81.23,81.37,35219
2016-10-19 11:15:00,81.37,81.37,81.16,81.33,29638
2016-10-19 11:30:00,81.315,81.43,81.315,81.415,20189
2016-10-19 11:45:00,81.42,81.47,81.34,81.46,21601
2016-10-19 12:00:00,81.48,81.61,81.39,81.4299,24997
2016-10-19 12:15:00,81.43,81.48,81.21,81.305,23080
2016-10-19 12:30:00,81.31,81.51,81.3,81.495,26737
2016-10-19 12:45:00,81.495,81.66,81.43,81.6319,21370
2016-10-19 13:00:00,81.63,81.68,81.57,81.57,20074
2016-10-19 13:15:00,81.61,81.7,81.58,81.61,25411
2016-10-19 13:30:00,81.59,81.62,81.47,81.51,22343
2016-10-19 13:45:00,81.54,81.56,81.185,81.22,36332
2016-10-19 14:00:00,81.23,81.264,81.06,81.12,30673
2016-10-19 14:15:00,81.12,81.36,81.12,81.36,28069
2016-10-19 14:30:00,81.36,81.47,81.22,81.27,32652
2016-10-19 14:45:00,81.25,81.265,81.0,81.06,38670
2016-10-19 15:00:00,81.08,81.13,80.95,81.09,29385
2016-10-19 15:15:00,81.09,81.19,81.07,81.085,35518
2016-10-19 15:30:00,81.08,81.165,81.02,81.02,49859
2016-10-19 15:45:00,81.015,81.12,80.96,81.04,87794
2016-10-19 16:00:00,81.04,81.11,80.84,80.91,133636
2016-10-20 09:45:00,80.94,81.3125,80.6,81.24,55568
2016-10-20 10:00:00,81.26,82.04,81.26,81.97,68221
2016-10-20 10:15:00,81.965,82.52,81.94,82.49600000000001,104380
2016-10-20 10:30:00,82.47,82.55,81.88,82.05,174124
2016-10-20 10:45:00,82.05,82.12,81.72,82.08,78947
2016-10-20 11:00:00,82.06,82.09,81.84,82.09,31604
2016-10-20 11:15:00,82.07,82.09,81.92,81.93,50663
2016-10-20 11:30:00,81.95,82.09,81.89,82.01,26978
2016-10-20 11:45:00,82.01,82.32,82.0,82.31,36037
2016-10-20 12:00:00,82.25,82.42,82.17,82.42,24883
2016-10-20 12:15:00,82.4349,82.54,82.36,82.41,54522
2016-10-20 12:30:00,82.4,82.43,82.25,82.265,21835
2016-10-20 12:45:00,82.26,82.26,82.07,82.165,34611
2016-10-20 13:00:00,82.17,82.17,81.913,82.0,34200
2016-10-20 13:15:00,82.02,82.27,82.0,82.17,21961
2016-10-20 13:30:00,82.19,82.21,82.07,82.13,17293
2016-10-20 13:45:00,82.14,82.27,82.1,82.19,12366
2016-10-20 14:00:00,82.19,82.22,82.0293,82.1,26420
2016-10-20 14:15:00,82.13,82.28,82.12,82.26,23849
2016-10-20 14:30:00,82.29,82.36,82.22,82.33,17117
2016-10-20 14:45:00,82.36,82.41,82.31,82.3772,29033
2016-10-20 15:00:00,82.37,82.52,82.36,82.5,39812
2016-10-20 15:15:00,82.515,82.59,82.45,82.54,55027
2016-10-20 15:30:00,82.54,82.58,82.3675,82.3838,56582
2016-10-20 15:45:00,82.39,82.505,82.34,82.49,79293
2016-10-20 16:00:00,82.5,82.69,82.44,82.46,195010
2016-10-21 09:45:00,81.71,82.33,81.71,82.115,101653
2016-10-21 10:00:00,82.18,82.23,81.9,81.98,27122
2016-10-21 10:15:00,82.02,82.37,81.95700000000001,82.23,39167
2016-10-21 10:30:00,82.23,82.4917,82.1962,82.32,31545
2016-10-21 10:45:00,82.34,82.64,82.325,82.61,40081
2016-10-21 11:00:00,82.61,82.63,82.39,82.56,22857
2016-10-21 11:15:00,82.54,82.65,82.51,82.61,34419
2016-10-21 11:30:00,82.61,82.65,82.465,82.61,33110
2016-10-21 11:45:00,82.61,82.62,82.525,82.56,20182
2016-10-21 12:00:00,82.56,82.675,82.56,82.575,46499
2016-10-21 12:15:00,82.59,82.6538,82.59,82.62,28464
2016-10-21 12:30:00,82.63,82.75,82.58,82.64,34264
2016-10-21 12:45:00,82.625,82.64,82.465,82.47,30426
2016-10-21 13:00:00,82.45,82.46,82.355,82.395,15622
2016-10-21 13:15:00,82.41,82.465,82.38,82.46,17634
2016-10-21 13:30:00,82.45,82.46,82.3125,82.37,28497
2016-10-21 13:45:00,82.36,82.575,82.3,82.56,40771
2016-10-21 14:00:00,82.56,82.67,82.48,82.62,35951
2016-10-21 14:15:00,82.63,82.7,82.59,82.6503,28367
2016-10-21 14:30:00,82.64,82.64,82.51,82.57,24867
2016-10-21 14:45:00,82.585,82.715,82.57,82.7,21419
2016-10-21 15:00:00,82.71,82.73,82.6,82.73,20978
2016-10-21 15:15:00,82.7,82.755,82.685,82.73,29301
2016-10-21 15:30:00,82.74,82.75,82.62,82.6925,29111
2016-10-21 15:45:00,82.68,82.76,82.68,82.71,51938
2016-10-21 16:00:00,82.71,82.87,82.66,82.81,141776
2016-10-24 09:45:00,83.39,83.61,83.2366,83.385,29367
2016-10-24 10:00:00,83.45,83.85,83.35,83.49,49509
2016-10-24 10:15:00,83.48,83.61,83.32,83.51,62595
2016-10-24 10:30:00,83.5,83.64,83.42,83.42,29951
2016-10-24 10:45:00,83.44,83.59,83.42,83.42,28613
2016-10-24 11:00:00,83.44,83.65,83.43,83.585,29868
2016-10-24 11:15:00,83.5814,83.64,83.38,83.5,28866
2016-10-24 11:30:00,83.5,83.63,83.5,83.545,34581
2016-10-24 11:45:00,83.531,83.58,83.53,83.53,22818
2016-10-24 12:00:00,83.53,83.575,83.45,83.51,25190
2016-10-24 12:15:00,83.52,83.56,83.3,83.41,24986
2016-10-24 12:30:00,83.42,83.58,83.38,83.48,34189
2016-10-24 12:45:00,83.465,83.485,83.39,83.45,32081
2016-10-24 13:00:00,83.44,83.57,83.43,83.56,20319
2016-10-24 13:15:00,83.55,83.65,83.53,83.62,30195
2016-10-24 13:30:00,83.62,83.76,83.605,83.76,32659
2016-10-24 13:45:00,83.77,84.25,83.77,84.06,98546
2016-10-24 14:00:00,84.065,84.125,83.88,83.88,42013
2016-10-24 14:15:00,83.88,84.085,83.86,83.95,46217
2016-10-24 14:30:00,83.95,83.96,83.89,83.9,27184
2016-10-24 14:45:00,83.9,84.03,83.89,84.01,54181
2016-10-24 15:00:00,84.02,84.14,84.02,84.14,28338
2016-10-24 15:15:00,84.139,84.25,84.085,84.18,57616
2016-10-24 15:30:00,84.175,84.215,84.105,84.185,69564
2016-10-24 15:45:00,84.18,84.185,83.97,84.01,87094
2016-10-24 16:00:00,84.01,84.05,83.86,83.89,204751
2016-10-25 09:45:00,83.3,83.935,81.92,83.52,57031
2016-10-25 10:00:00,83.535,83.84,83.46,83.78,86939
2016-10-25 10:15:00,83.765,83.79,83.15,83.37,42461
2016-10-25 10:30:00,83.365,83.61,83.36,83.49,25386
2016-10-25 10:45:00,83.52,83.69,83.43,83.5,23498
2016-10-25 11:00:00,83.44,83.54,83.28,83.34,22108
2016-10-25 11:15:00,83.36,83.61,83.28,83.61,37121
2016-10-25 11:30:00,83.605,83.65,83.46,83.65,35641
2016-10-25 11:45:00,83.66,83.73,83.53,83.69,23465
2016-10-25 12:00:00,83.69,83.7,83.55,83.56,20246
2016-10-25 12:15:00,83.545,83.6,83.27,83.29,34254
2016-10-25 12:30:00,83.27,83.2703,82.94,82.94,21204
2016-10-25 12:45:00,82.94,83.12,82.94,83.1,14632
2016-10-25 13:00:00,83.11,83.23,83.04,83.04,20461
2016-10-25 13:15:00,83.04,83.15,83.035,83.11,15420
2016-10-25 13:30:00,83.11,83.2007,83.03,83.03,14055
2016-10-25 13:45:00,83.0312,83.17,82.98,83.08,30711
2016-10-25 14:00:00,83.08,83.2,83.08,83.18,20738
2016-10-25 14:15:00,83.17,83.27,83.17,83.26,18083
2016-10-25 14:30:00,83.25,83.32,83.17,83.17,18061
2016-10-25 14:45:00,83.175,83.24,83.17,83.195,26777
2016-10-25 15:00:00,83.195,83.27,83.13,83.15,33314
2016-10-25 15:15:00,83.145,83.17,83.06,83.08,26105
2016-10-25 15:30:00,83.08,83.28,83.08,83.28,37817
2016-10-25 15:45:00,83.28,83.37,83.21,83.21,62224
2016-10-25 16:00:00,83.21,83.31,83.13,83.3,101598
2016-10-26 09:45:00,83.28,83.3,82.16,82.9,33442
2016-10-26 10:00:00,82.82,82.94,82.7,82.74,12263
2016-10-26 10:15:00,82.7,83.0,82.61,83.0,13000
2016-10-26 10:30:00,83.0299,83.12,82.83,83.02,18403
2016-10-26 10:45:00,83.0,83.2799,82.98,83.09,16240
2016-10-26 11:00:00,83.075,83.11,82.76,82.96,25358
2016-10-26 11:15:00,82.975,83.0239,82.79,82.93,12707
2016-10-26 11:30:00,82.96,83.06,82.93,83.02,25258
2016-10-26 11:45:00,83.04,83.1299,83.03,83.08,6611
2016-10-26 12:00:00,83.03,83.14,83.03,83.07,7886
2016-10-26 12:15:00,83.06,83.07,82.95,82.95,9211
2016-10-26 12:30:00,82.96,83.0,82.93,82.93,6986
2016-10-26 12:45:00,82.94,82.99,82.92,82.99,9508
2016-10-26 13:00:00,82.99,83.0,82.92,82.934,6585
2016-10-26 13:15:00,82.94,83.05,82.94,82.94,11839
2016-10-26 13:30:00,82.935,83.0,82.91,82.965,7800
2016-10-26 13:45:00,82.96,82.98,82.8,82.83,10529
2016-10-26 14:00:00,82.82,82.9,82.81,82.87,37376
2016-10-26 14:15:00,82.85,82.89,82.76,82.89,16358
2016-10-26 14:30:00,82.885,82.9,82.69,82.7048,16023
2016-10-26 14:45:00,82.6971,82.735,82.63,82.72,10115
2016-10-26 15:00:00,82.73,82.76,82.61,82.741,13510
2016-10-26 15:15:00,82.72,82.73,82.64,82.655,12020
2016-10-26 15:30:00,82.66,82.75,82.6512,82.72,22865
2016-10-26 15:45:00,82.72,82.7393,82.6,82.6,34476
2016-10-26 16:00:00,82.61,82.635,82.49,82.53,71906
2016-10-27 09:45:00,82.64,82.7,82.32,82.48,18025
2016-10-27 10:00:00,82.48,82.68,82.43,82.68,7858
2016-10-27 10:15:00,82.69,82.775,82.46,82.4899,14730
2016-10-27 10:30:00,82.49,82.55,82.1,82.19,23396
2016-10-27 10:45:00,82.17,82.28,82.05,82.28,12919
2016-10-27 11:00:00,82.26,82.29,82.115,82.19,17268
2016-10-27 11:15:00,82.21,82.315,82.11,82.19,19319
2016-10-27 11:30:00,82.17,82.23,82.15,82.21,14566
2016-10-27 11:45:00,82.21,82.28,82.2,82.27,12400
2016-10-27 12:00:00,82.27,82.48,82.25,82.48,15700
2016-10-27 12:15:00,82.45,82.46,82.3375,82.37,9147
2016-10-27 12:30:00,82.4,82.44,82.315,82.391,16664
2016-10-27 12:45:00,82.4,82.43,82.26,82.26,9958
2016-10-27 13:00:00,82.26,82.35,82.2537,82.305,12501
2016-10-27 13:15:00,82.29,82.32,82.235,82.255,9625
2016-10-27 13:30:00,82.25,82.3,82.175,82.2,9336
2016-10-27 13:45:00,82.2,82.29,82.195,82.28,13500
2016-10-27 14:00:00,82.3,82.365,82.29,82.32,11819
2016-10-27 14:15:00,82.31,82.37,82.285,82.33,23047
2016-10-27 14:30:00,82.31,82.365,82.295,82.31,28225
2016-10-27 14:45:00,82.3,82.37,82.25,82.31,24182
2016-10-27 15:00:00,82.32,82.51,82.32,82.51,36023
2016-10-27 15:15:00,82.51,82.7252,82.51,82.71,50250
2016-10-27 15:30:00,82.71,82.76,82.69,82.745,254897
2016-10-27 15:45:00,82.75,82.775,82.69,82.77,58044
2016-10-27 16:00:00,82.77,82.89,82.77,82.805,207793
2016-10-28 09:45:00,82.51,82.81,82.21,82.69,38005
2016-10-28 10:00:00,82.755,83.105,82.66,82.79,40164
2016-10-28 10:15:00,82.76,82.93,82.46,82.78,112136
2016-10-28 10:30:00,82.7557,83.0,82.75,82.97,43038
2016-10-28 10:45:00,82.97,83.38,82.97,83.295,60097
2016-10-28 11:00:00,83.295,83.52,83.29,83.5,23007
2016-10-28 11:15:00,83.45,83.47,83.36,83.435,11626
2016-10-28 11:30:00,83.44,83.47,83.37,83.45,13795
2016-10-28 11:45:00,83.435,83.51,83.38,83.51,20980
2016-10-28 12:00:00,83.48,83.605,83.455,83.46,32977
2016-10-28 12:15:00,83.455,83.56,83.405,83.55,14007
2016-10-28 12:30:00,83.53,83.72,83.52,83.68,17855
2016-10-28 12:45:00,83.69,83.705,83.58,83.62,28150
2016-10-28 13:00:00,83.63,83.65,83.56,83.56,10842
2016-10-28 13:15:00,83.57,83.59,82.95,83.17,55441
2016-10-28 13:30:00,83.16,83.19,82.92,82.965,14720
2016-10-28 13:45:00,82.94,82.94,82.53,82.73,18257
2016-10-28 14:00:00,82.72,82.9,82.72,82.73,17285
2016-10-28 14:15:00,82.75,82.92,82.69,82.9042,14779
2016-10-28 14:30:00,82.90299999999999,83.12,82.86,82.995,20629
2016-10-28 14:45:00,82.99,83.23,82.91,83.05,29088
2016-10-28 15:00:00,83.05,83.36,83.04,83.34,16535
2016-10-28 15:15:00,83.34,83.34,83.13,83.175,22541
2016-10-28 15:30:00,83.16,83.43,83.13,83.355,39132
2016-10-28 15:45:00,83.36,83.387,83.19,83.26,52334
2016-10-28 16:00:00,83.26,83.37,83.2,83.27,119505
2016-10-31 09:45:00,83.45,83.92,83.27,83.62,42272
2016-10-31 10:00:00,83.5,83.77,83.44,83.67,79810
2016-10-31 10:15:00,83.67,83.72,83.4926,83.55,18960
2016-10-31 10:30:00,83.56,84.4,83.56,83.97,114623
2016-10-31 10:45:00,83.96,83.96,83.41,83.49,26897
2016-10-31 11:00:00,83.51,83.69,83.33,83.524,22364
2016-10-31 11:15:00,83.575,83.7,83.55,83.68,18350
2016-10-31 11:30:00,83.75,83.91,83.68,83.89,20570
2016-10-31 11:45:00,83.89,84.08,83.81,83.85,17860
2016-10-31 12:00:00,83.85,84.075,83.85,83.85,30418
2016-10-31 12:15:00,83.88,83.9,83.8,83.8,7638
2016-10-31 12:30:00,83.8,83.98,83.72,83.94,19209
2016-10-31 12:45:00,83.93,83.94,83.79,83.89,7578
2016-10-31 13:00:00,83.89,83.93,83.79,83.79,6295
2016-10-31 13:15:00,83.8,83.81,83.55,83.58,9476
2016-10-31 13:30:00,83.56,83.6,83.5,83.59,6614
2016-10-31 13:45:00,83.6,83.6,83.38,83.45,7572
2016-10-31 14:00:00,83.461,83.48,83.31,83.36,9763
2016-10-31 14:15:00,83.38,83.41,83.26,83.3,18963
2016-10-31 14:30:00,83.31,83.44,83.28,83.29700000000001,13636
2016-10-31 14:45:00,83.2864,83.39,83.28,83.29,19367
2016-10-31 15:00:00,83.28,83.41,83.27,83.41,11580
2016-10-31 15:15:00,83.41,83.48,83.36,83.475,16763
2016-10-31 15:30:00,83.475,83.51,83.43,83.47,19181
2016-10-31 15:45:00,83.465,83.5,83.41,83.47,47939
2016-10-31 16:00:00,83.47,83.51,83.36,83.41,126221
2016-11-01 09:45:00,83.89,83.93,83.41,83.52,30438
2016-11-01 10:00:00,83.58,83.91,83.58,83.78,19774
2016-11-01 10:15:00,83.76,83.845,83.68,83.71,21315
2016-11-01 10:30:00,83.72,83.85,83.7,83.77799999999999,17359
2016-11-01 10:45:00,83.73,83.73,83.31,83.31,13618
2016-11-01 11:00:00,83.3375,83.43,83.295,83.32,14535
2016-11-01 11:15:00,83.325,83.41,83.259,83.259,26546
2016-11-01 11:30:00,83.255,83.275,83.07,83.07,38911
2016-11-01 11:45:00,83.07,83.08,82.685,82.7,58077
2016-11-01 12:00:00,82.7,82.72,82.53399999999999,82.55,21240
2016-11-01 12:15:00,82.54,82.55,82.27,82.36,31109
2016-11-01 12:30:00,82.395,82.42,82.13,82.25,25744
2016-11-01 12:45:00,82.24,82.68,82.24,82.54,44448
2016-11-01 13:00:00,82.51,82.52,82.33,82.38,73248
2016-11-01 13:15:00,82.3798,82.3798,82.235,82.26,15902
2016-11-01 13:30:00,82.26,82.26,82.105,82.19,16414
2016-11-01 13:45:00,82.2,82.22,81.8,81.84,46794
2016-11-01 14:00:00,81.855,81.977,81.81,81.86,25073
2016-11-01 14:15:00,81.89,81.99,81.69,81.72,30726
2016-11-01 14:30:00,81.72,81.98,81.65,81.9,33310
2016-11-01 14:45:00,81.89,82.1,81.84,82.005,34090
2016-11-01 15:00:00,82.0,82.01,81.8792,81.903,31875
2016-11-01 15:15:00,81.9,82.035,81.84,81.865,29016
2016-11-01 15:30:00,81.85,82.04,81.82,82.0,44709
2016-11-01 15:45:00,82.0,82.12,81.9,82.105,81030
2016-11-01 16:00:00,82.11,82.29,82.0801,82.2,111220
2016-11-02 09:45:00,82.13,82.6,81.78,82.04,18795
2016-11-02 10:00:00,82.12,82.12,81.69,81.715,15600
2016-11-02 10:15:00,81.76,82.11,81.72,82.0,15408
2016-11-02 10:30:00,81.99,82.06,81.62,81.66,15550
2016-11-02 10:45:00,81.64,81.64,81.43,81.5,22808
2016-11-02 11:00:00,81.476,81.6399,81.43,81.475,16841
2016-11-02 11:15:00,81.46,81.81,81.44,81.795,20495
2016-11-02 11:30:00,81.76,82.12,81.62,81.755,36472
2016-11-02 11:45:00,81.77,81.83,81.6,81.83,49140
2016-11-02 12:00:00,81.8,81.84,81.56,81.56,40234
2016-11-02 12:15:00,81.55,81.84,81.52,81.69,54202
2016-11-02 12:30:00,81.65,81.74,81.52,81.52,44513
2016-11-02 12:45:00,81.515,81.5899,81.4272,81.51,13920
2016-11-02 13:00:00,81.5,81.52,81.27,81.27,15204
2016-11-02 13:15:00,81.295,81.33,81.06,81.105,12321
2016-11-02 13:30:00,81.07,81.365,81.06,81.33,11458
2016-11-02 13:45:00,81.3,81.32,81.24,81.26,9755
2016-11-02 14:00:00,81.28,81.41,81.24,81.3,12740
2016-11-02 14:15:00,81.29,81.43,80.91,81.2099,23296
2016-11-02 14:30:00,81.21300000000001,81.42,81.1,81.3399,19061
2016-11-02 14:45:00,81.32,81.35,81.11,81.15,22530
2016-11-02 15:00:00,81.155,81.27,81.03,81.19,20970
2016-11-02 15:15:00,81.13,81.26,81.13,81.215,62073
2016-11-02 15:30:00,81.2,81.22,81.085,81.1567,18500
2016-11-02 15:45:00,81.15,81.18,81.08,81.13,30090
2016-11-02 16:00:00,81.13,81.2,81.0,81.05,68027
2016-11-03 09:45:00,81.44,81.82,80.97,81.28,50284
2016-11-03 10:00:00,81.32,81.55,81.24,81.24,30151
2016-11-03 10:15:00,81.21,81.36,80.92,81.32,42756
2016-11-03 10:30:00,81.29,81.29,80.95,80.97,25829
2016-11-03 10:45:00,80.93,80.98,80.8,80.8,13961
2016-11-03 11:00:00,80.8,80.82,80.37,80.4,17878
2016-11-03 11:15:00,80.46,80.62,80.39,80.51,14232
2016-11-03 11:30:00,80.54,80.59,80.36,80.47,19185
2016-11-03 11:45:00,80.49,80.5682,80.43,80.5,23499
2016-11-03 12:00:00,80.49,81.09,80.49,80.8693,41318
2016-11-03 12:15:00,80.8845,81.05,80.845,81.01,42347
2016-11-03 12:30:00,80.98,81.02,80.9,80.97,6998
2016-11-03 12:45:00,80.97,80.97,80.82,80.82,12587
2016-11-03 13:00:00,80.81,80.96,80.8,80.92,17110
2016-11-03 13:15:00,80.92,80.96,80.875,80.89,17077
2016-11-03 13:30:00,80.9,81.0,80.89,80.9285,18731
2016-11-03 13:45:00,80.92,81.06,80.92,81.01,40408
2016-11-03 14:00:00,80.99,81.09,80.99,81.05,25060
2016-11-03 14:15:00,81.05,81.25,81.04,81.21,28636
2016-11-03 14:30:00,81.23,81.3,81.19,81.27,25419
2016-11-03 14:45:00,81.28,81.3,81.15,81.15,19692
2016-11-03 15:00:00,81.13,81.21,81.12,81.15,24267
2016-11-03 15:15:00,81.15,81.15,80.99,81.1,27291
2016-11-03 15:30:00,81.1,81.43,81.01,81.17,41622
2016-11-03 15:45:00,81.16,81.1601,80.81,80.81,66585
2016-11-03 16:00:00,80.82,81.37,80.82,81.27,213050
2016-11-04 09:45:00,81.92,82.62,81.73,82.31,51156
2016-11-04 10:00:00,82.35,82.76,81.99,82.07,59456
2016-11-04 10:15:00,82.11,82.37,81.67,81.67,32219
2016-11-04 10:30:00,81.59,81.6,81.36,81.59,19094
2016-11-04 10:45:00,81.6,81.78,81.59,81.7,12107
2016-11-04 11:00:00,81.695,81.79,81.59,81.79,11365
2016-11-04 11:15:00,81.815,81.86,81.66,81.76,15377
2016-11-04 11:30:00,81.755,81.93,81.6606,81.93,13078
2016-11-04 11:45:00,81.91,82.17,81.82,82.17,21883
2016-11-04 12:00:00,82.17,82.3,82.1,82.24,22228
2016-11-04 12:15:00,82.26,82.49,82.26,82.484,30127
2016-11-04 12:30:00,82.5,82.6099,82.41,82.51,21192
2016-11-04 12:45:00,82.525,82.57,82.36,82.4,23330
2016-11-04 13:00:00,82.37,82.46,82.3278,82.41,17162
2016-11-04 13:15:00,82.46,82.49,82.35,82.44,14612
2016-11-04 13:30:00,82.44,82.46,82.23,82.34,20495
2016-11-04 13:45:00,82.33,82.3668,82.19,82.19,13130
2016-11-04 14:00:00,82.17,82.17,81.81,81.9,21273
2016-11-04 14:15:00,81.9,81.94,81.77,81.84,20389
2016-11-04 14:30:00,81.845,81.88,81.8,81.8,14366
2016-11-04 14:45:00,81.8,81.82,81.6,81.71,13715
2016-11-04 15:00:00,81.71,81.72,81.42,81.51,18982
2016-11-04 15:15:00,81.53,81.55,81.3884,81.51,22873
2016-11-04 15:30:00,81.5,81.54,81.4,81.445,21234
2016-11-04 15:45:00,81.45,81.46,81.15,81.26,49359
2016-11-04 16:00:00,81.25,81.25,81.07,81.12,85578
2016-11-07 09:45:00,82.26,82.47,82.08,82.2808,23796
2016-11-07 10:00:00,82.34,82.38,82.16,82.2575,28347
2016-11-07 10:15:00,82.26,82.3,81.99,82.0228,36196
2016-11-07 10:30:00,82.03,82.3,82.03,82.3,22501
2016-11-07 10:45:00,82.31,82.4527,82.25,82.335,24458
2016-11-07 11:00:00,82.32,82.4,82.18,82.37,15518
2016-11-07 11:15:00,82.38,82.43,82.27,82.37,24445
2016-11-07 11:30:00,82.3,82.42,82.23,82.4,24652
2016-11-07 11:45:00,82.36,82.6,82.325,82.59,12061
2016-11-07 12:00:00,82.61,82.7,82.59,82.6903,14045
2016-11-07 12:15:00,82.72,82.75,82.63,82.67,10231
2016-11-07 12:30:00,82.68,82.69,82.62,82.63,9584
2016-11-07 12:45:00,82.63,82.66,82.53,82.58,11355
2016-11-07 13:00:00,82.57,82.6,82.5176,82.54,7578
2016-11-07 13:15:00,82.56,82.64,82.55,82.6,15889
2016-11-07 13:30:00,82.6,82.65,82.575,82.65,20117
2016-11-07 13:45:00,82.65,82.75,82.65,82.71,12975
2016-11-07 14:00:00,82.71,82.76,82.68,82.68,12772
2016-11-07 14:15:00,82.69,82.69,82.55,82.55,13436
2016-11-07 14:30:00,82.55,82.66,82.55,82.6298,16556
2016-11-07 14:45:00,82.64,82.6725,82.33,82.36,28718
2016-11-07 15:00:00,82.36,82.4,82.28,82.39,22660
2016-11-07 15:15:00,82.39,82.4705,82.35,82.425,21367
2016-11-07 15:30:00,82.42,82.425,82.32,82.34,28634
2016-11-07 15:45:00,82.35,82.44,82.2723,82.365,40189
2016-11-07 16:00:00,82.37,82.66,82.37,82.63,111648
2016-11-08 09:45:00,82.49,83.12,82.36,82.79,22260
2016-11-08 10:00:00,82.8,82.93,82.49,82.7433,12458
2016-11-08 10:15:00,82.74,82.865,82.585,82.67,13367
2016-11-08 10:30:00,82.71,83.02,82.6,82.95,11720
2016-11-08 10:45:00,82.97,83.02,82.78,82.9,12802
2016-11-08 11:00:00,82.92,82.98,82.79,82.94,12072
2016-11-08 11:15:00,82.93,83.07,82.85,83.06,17656
2016-11-08 11:30:00,83.06,83.18,83.06,83.18,19583
2016-11-08 11:45:00,83.17,83.25,83.14,83.2,17776
2016-11-08 12:00:00,83.24,83.29,83.23,83.28,20913
2016-11-08 12:15:00,83.28,83.33,83.26,83.31,21964
2016-11-08 12:30:00,83.33,83.42,83.31,83.41,17881
2016-11-08 12:45:00,83.41,83.42,83.28,83.398,11341
2016-11-08 13:00:00,83.4,83.44,83.35,83.41,10847
2016-11-08 13:15:00,83.42,83.45,83.39,83.45,19098
2016-11-08 13:30:00,83.425,83.45,83.39,83.425,9574
2016-11-08 13:45:00,83.41,83.54,83.4,83.45,27985
2016-11-08 14:00:00,83.43,83.51,83.43,83.5,7684
2016-11-08 14:15:00,83.5,83.5,83.22,83.22,8723
2016-11-08 14:30:00,83.21,83.32,83.18,83.27600000000001,12916
2016-11-08 14:45:00,83.28,83.2825,83.17,83.2,12742
2016-11-08 15:00:00,83.16,83.33,83.15,83.32,14636
2016-11-08 15:15:00,83.32,83.445,83.1922,83.36,25010
2016-11-08 15:30:00,83.37,83.4,83.31,83.325,23074
2016-11-08 15:45:00,83.33,83.47,83.33,83.47,31319
2016-11-08 16:00:00,83.47,83.5,83.24,83.31,74723
2016-11-09 09:45:00,81.73,82.67,80.55,81.04,107069
2016-11-09 10:00:00,81.02,82.16,80.98,81.9,36358
2016-11-09 10:15:00,81.99,82.28,81.64,81.95,46418
2016-11-09 10:30:00,81.95,82.19,81.66,82.19,31939
2016-11-09 10:45:00,82.14,82.81,82.03,82.81,33813
2016-11-09 11:00:00,82.77,82.89,82.6001,82.65,21912
2016-11-09 11:15:00,82.75,82.97,82.6975,82.94,14502
2016-11-09 11:30:00,82.955,83.15,82.84,83.15,15856
2016-11-09 11:45:00,83.15,83.44,83.15,83.39,16698
2016-11-09 12:00:00,83.375,83.639,83.37,83.53,19987
2016-11-09 12:15:00,83.57,83.6,83.16,83.3413,14369
2016-11-09 12:30:00,83.38,83.61,83.38,83.57,11357
2016-11-09 12:45:00,83.595,83.685,83.5,83.54,10249
2016-11-09 13:00:00,83.54,83.71,83.47,83.605,9586
2016-11-09 13:15:00,83.63,83.69,83.48,83.6,12072
2016-11-09 13:30:00,83.65,83.65,83.275,83.35,16930
2016-11-09 13:45:00,83.34,83.57,83.34,83.42,29341
2016-11-09 14:00:00,83.44,83.62,83.4,83.4,11030
2016-11-09 14:15:00,83.4151,83.65,83.4151,83.64,18839
2016-11-09 14:30:00,83.67,83.73,83.6,83.69,25144
2016-11-09 14:45:00,83.72,83.89,83.65,83.65,92412
2016-11-09 15:00:00,83.67,83.72,83.49,83.65,17073
2016-11-09 15:15:00,83.63,83.7599,83.6,83.65,18767
2016-11-09 15:30:00,83.63,83.72,83.58,83.63,29474
2016-11-09 15:45:00,83.62,83.65,83.54,83.62,38095
2016-11-09 16:00:00,83.6,83.61,83.36,83.4,141708
2016-11-10 09:45:00,83.76,84.31,83.76,84.195,44402
2016-11-10 10:00:00,84.08,84.64,83.92,84.04,35850
2016-11-10 10:15:00,83.98,84.12,83.72,83.8326,37913
2016-11-10 10:30:00,83.87,83.97,83.571,83.63,23307
2016-11-10 10:45:00,83.65,83.89,83.25,83.51,20989
2016-11-10 11:00:00,83.54,83.76,83.33,83.42,13237
2016-11-10 11:15:00,83.46,83.83,83.37,83.79700000000001,50520
2016-11-10 11:30:00,83.86,84.18,83.85,83.89,13058
2016-11-10 11:45:00,83.96,84.16,83.83,84.07,37216
2016-11-10 12:00:00,84.2,84.28,83.75,83.82,10464
2016-11-10 12:15:00,83.85,84.26,83.78,84.25,22644
2016-11-10 12:30:00,84.19,84.3,84.055,84.06,23600
2016-11-10 12:45:00,84.04,84.22,83.89,83.97,34612
2016-11-10 13:00:00,83.98,84.24,83.98,84.09,13106
2016-11-10 13:15:00,84.16,84.35,83.89,84.04,17030
2016-11-10 13:30:00,84.042,84.27,84.03,84.07,41599
2016-11-10 13:45:00,84.1,84.33,84.1,84.14,11602
2016-11-10 14:00:00,84.18,84.37,84.11,84.19,34449
2016-11-10 14:15:00,84.15,84.2,84.07,84.11,18677
2016-11-10 14:30:00,84.1,84.12,83.8,83.82,18149
2016-11-10 14:45:00,83.84,84.02,83.84,83.95,15568
2016-11-10 15:00:00,83.96,84.21,83.96,84.21,27715
2016-11-10 15:15:00,84.21,84.34,84.09,84.17,45818
2016-11-10 15:30:00,84.15,84.31,84.12,84.2,31439
2016-11-10 15:45:00,84.2,84.2,83.99,84.04,50361
2016-11-10 16:00:00,84.03,84.04,83.79,83.92,122394
2016-11-11 09:45:00,83.85,84.23,83.55,84.1014,27154
2016-11-11 10:00:00,84.02,84.66,83.91,84.25,38979
2016-11-11 10:15:00,84.25,84.91,84.22,84.37,76709
2016-11-11 10:30:00,84.39,84.39,83.93,83.94,28245
2016-11-11 10:45:00,84.0,84.11,83.89,84.01,27454
2016-11-11 11:00:00,84.05,84.05,83.76,84.03,18612
2016-11-11 11:15:00,84.02,84.145,83.83,84.02,42260
2016-11-11 11:30:00,84.01,84.18,83.98,84.16,31137
2016-11-11 11:45:00,84.09,84.25,84.01,84.18,14049
2016-11-11 12:00:00,84.17,84.23,84.01,84.21,12662
2016-11-11 12:15:00,84.19,84.62,84.19,84.56,17314
2016-11-11 12:30:00,84.57,84.57,84.415,84.485,13786
2016-11-11 12:45:00,84.5,84.58,84.42,84.5,40528
2016-11-11 13:00:00,84.48,84.52,84.37,84.44,14214
2016-11-11 13:15:00,84.44,84.6,84.42,84.5725,17186
2016-11-11 13:30:00,84.575,84.65,84.53,84.63,17142
2016-11-11 13:45:00,84.65,84.71,84.455,84.54,28726
2016-11-11 14:00:00,84.56,84.64,84.53399999999999,84.55,23424
2016-11-11 14:15:00,84.57,84.62,84.51,84.55,18351
2016-11-11 14:30:00,84.56,84.65,84.5,84.54,17538
2016-11-11 14:45:00,84.525,84.64,84.51,84.54,22267
2016-11-11 15:00:00,84.539,84.56,84.44,84.48,23131
2016-11-11 15:15:00,84.48,84.59,84.47,84.56,22624
2016-11-11 15:30:00,84.6,84.62,84.53,84.57,32090
2016-11-11 15:45:00,84.57,84.62,84.53,84.62,36742
2016-11-11 16:00:00,84.62,84.67,84.55,84.58,87322
2016-11-14 09:45:00,85.0,85.57,84.95,85.05,48124
2016-11-14 10:00:00,85.09,85.25,85.0,85.15,20976
2016-11-14 10:15:00,85.125,85.81,85.125,85.81,34175
2016-11-14 10:30:00,85.815,85.89,85.61,85.8776,100358
2016-11-14 10:45:00,85.9,86.3,85.78,86.24,81721
2016-11-14 11:00:00,86.27,86.6,86.27,86.48,71216
2016-11-14 11:15:00,86.47,87.15,86.46,86.93,100464
2016-11-14 11:30:00,86.96,87.15,86.74,86.985,103207
2016-11-14 11:45:00,87.0,87.3,86.9,87.13,81123
2016-11-14 12:00:00,87.11,87.115,86.7605,86.765,64118
2016-11-14 12:15:00,86.79,87.15,86.64,87.085,40655
2016-11-14 12:30:00,87.07,87.07,86.805,86.88,38668
2016-11-14 12:45:00,86.87,87.16,86.87,87.06,53969
2016-11-14 13:00:00,87.04,87.48,86.97,87.38,72264
2016-11-14 13:15:00,87.39,87.56,87.3,87.36,49931
2016-11-14 13:30:00,87.38,87.5,87.2848,87.31,23698
2016-11-14 13:45:00,87.29,87.68,87.28,87.5005,40145
2016-11-14 14:00:00,87.5,87.55,87.14,87.26,41191
2016-11-14 14:15:00,87.25,87.72,87.25,87.65,39529
2016-11-14 14:30:00,87.65,87.65,87.275,87.32,31817
2016-11-14 14:45:00,87.305,87.39,87.03,87.03,50052
2016-11-14 15:00:00,87.03,87.2,86.99,87.2,42049
2016-11-14 15:15:00,87.18,87.2582,87.11,87.22,46560
2016-11-14 15:30:00,87.22,87.33,87.22,87.29,63510
2016-11-14 15:45:00,87.295,87.36,87.13,87.17,101041
2016-11-14 16:00:00,87.16,87.22,87.01,87.2,137021
2016-11-15 09:45:00,87.1,87.315,85.77,85.92,59702
2016-11-15 10:00:00,85.97,86.44,85.9,86.08,25312
2016-11-15 10:15:00,86.15,86.25,85.57,85.65,35147
2016-11-15 10:30:00,85.67,86.01,85.64,86.0,19271
2016-11-15 10:45:00,86.005,86.19,85.98,86.09,32783
2016-11-15 11:00:00,86.09,86.155,85.89,85.9189,22773
2016-11-15 11:15:00,85.93,86.0,85.824,85.9,26822
2016-11-15 11:30:00,85.915,85.94,85.75,85.75,24721
2016-11-15 11:45:00,85.75,85.7699,85.44,85.44,16948
2016-11-15 12:00:00,85.42,85.42,85.141,85.35,31768
2016-11-15 12:15:00,85.33,85.33,85.21,85.33,34427
2016-11-15 12:30:00,85.36,85.4425,85.35,85.42,12182
2016-11-15 12:45:00,85.41,85.44,85.21,85.32,22532
2016-11-15 13:00:00,85.34,85.38,85.26,85.3,16050
2016-11-15 13:15:00,85.31,85.53,85.3,85.36,12200
2016-11-15 13:30:00,85.36,85.42,85.28,85.41,17579
2016-11-15 13:45:00,85.4,85.5,85.365,85.3923,14775
2016-11-15 14:00:00,85.41,85.47,85.4,85.4,22172
2016-11-15 14:15:00,85.41,85.47,85.37,85.39,26397
2016-11-15 14:30:00,85.39,85.4175,85.15,85.21,60810
2016-11-15 14:45:00,85.2,85.25,85.14,85.22,66941
2016-11-15 15:00:00,85.215,85.31,85.06,85.31,56412
2016-11-15 15:15:00,85.27,85.47,85.25,85.46,37655
2016-11-15 15:30:00,85.46,85.6,85.43,85.48,33800
2016-11-15 15:45:00,85.47,85.67,85.47,85.6153,38897
2016-11-15 16:00:00,85.61,85.62,85.29,85.43,98052
2016-11-16 09:45:00,85.38,86.03,85.039,85.53,22223
2016-11-16 10:00:00,85.64,85.87,85.5,85.72,11704
2016-11-16 10:15:00,85.64,85.74,85.45,85.47,15850
2016-11-16 10:30:00,85.45,85.47,85.17,85.17,11779
2016-11-16 10:45:00,85.15,85.25,85.1,85.22,19426
2016-11-16 11:00:00,85.2899,85.45,85.16,85.34,21653
2016-11-16 11:15:00,85.35,85.36,85.23,85.25,21231
2016-11-16 11:30:00,85.24,85.31,85.1901,85.3,15890
2016-11-16 11:45:00,85.29,85.36,85.25,85.26,15651
2016-11-16 12:00:00,85.27,85.39,85.23,85.23,10161
2016-11-16 12:15:00,85.25,85.31,85.02,85.22,21595
2016-11-16 12:30:00,85.22,85.22,84.96,85.07,18875
2016-11-16 12:45:00,85.07,85.17,85.05,85.11,12046
2016-11-16 13:00:00,85.1076,85.19,85.05,85.135,17640
2016-11-16 13:15:00,85.13,85.15,84.82,84.83,20230
2016-11-16 13:30:00,84.82,85.09,84.79,85.025,14494
2016-11-16 13:45:00,85.02,85.2,84.99,85.07,15583
2016-11-16 14:00:00,85.08,85.11,84.87100000000001,84.89,17287
2016-11-16 14:15:00,84.89,85.03,84.89,84.96,27197
2016-11-16 14:30:00,84.96,85.132,84.9,85.1,22857
2016-11-16 14:45:00,85.12,85.21,85.05,85.13,21935
2016-11-16 15:00:00,85.14,85.27,85.11,85.2018,18367
2016-11-16 15:15:00,85.1957,85.34,85.195,85.25,22078
2016-11-16 15:30:00,85.2599,85.33,85.255,85.28,18487
2016-11-16 15:45:00,85.275,85.435,85.26,85.33,33781
2016-11-16 16:00:00,85.35,85.42,85.26,85.32,58285
2016-11-17 09:45:00,85.72,85.72,85.2,85.21,21461
2016-11-17 10:00:00,85.28,85.4889,85.21,85.4,10112
2016-11-17 10:15:00,85.4,85.68,85.4,85.475,11780
2016-11-17 10:30:00,85.57,85.69,85.36,85.36,11317
2016-11-17 10:45:00,85.395,85.45,85.125,85.4,29119
2016-11-17 11:00:00,85.4463,85.51,85.31,85.44,15929
2016-11-17 11:15:00,85.44,85.515,85.4,85.43,9967
2016-11-17 11:30:00,85.43,85.51,85.37,85.44,11548
2016-11-17 11:45:00,85.44,85.5,85.36,85.4625,9399
2016-11-17 12:00:00,85.44,85.48,85.37,85.41,21486
2016-11-17 12:15:00,85.41,85.59,85.39,85.575,16626
2016-11-17 12:30:00,85.565,85.7625,85.54,85.7625,8500
2016-11-17 12:45:00,85.74,85.87,85.72,85.85,9093
2016-11-17 13:00:00,85.81,85.91,85.68,85.861,11703
2016-11-17 13:15:00,85.89,85.97,85.86,85.87,14691
2016-11-17 13:30:00,85.875,85.89,85.74,85.88,24298
2016-11-17 13:45:00,85.87,86.0,85.815,85.95,15041
2016-11-17 14:00:00,85.94,86.0399,85.935,86.015,11571
2016-11-17 14:15:00,86.0,86.12,85.9099,85.9099,15929
2016-11-17 14:30:00,85.91,85.96,85.87,85.94,11137
2016-11-17 14:45:00,85.89,85.98,85.8,85.88,22556
2016-11-17 15:00:00,85.87,85.96,85.85,85.95,19192
2016-11-17 15:15:00,85.96,85.97,85.9,85.94,22780
2016-11-17 15:30:00,85.93,86.08,85.895,85.97,28317
2016-11-17 15:45:00,85.94,86.195,85.94,86.12,33446
2016-11-17 16:00:00,86.135,86.14,85.92,85.95,85387
2016-11-18 09:45:00,86.13,86.1801,85.38,85.61,45049
2016-11-18 10:00:00,85.55,85.63,85.219,85.219,11720
2016-11-18 10:15:00,85.28,85.42,85.2,85.37,15122
2016-11-18 10:30:00,85.3699,85.37,85.24,85.24,7376
2016-11-18 10:45:00,85.26,85.28,85.07,85.08,7874
2016-11-18 11:00:00,85.06,85.11,84.96,84.96,6217
2016-11-18 11:15:00,84.92,85.02,84.75,84.77,14276
2016-11-18 11:30:00,84.79,84.83,84.6964,84.73,28490
2016-11-18 11:45:00,84.72,84.75,84.66,84.75,20555
2016-11-18 12:00:00,84.71,84.73,84.61,84.69,21781
2016-11-18 12:15:00,84.65,84.71,84.62,84.63,21656
2016-11-18 12:30:00,84.63,84.65,84.55,84.57600000000001,8873
2016-11-18 12:45:00,84.575,84.59,84.54,84.56,16343
2016-11-18 13:00:00,84.57,84.7,84.55,84.69,9800
2016-11-18 13:15:00,84.715,84.8,84.7,84.75,6948
2016-11-18 13:30:00,84.75,84.8,84.7,84.71,27728
2016-11-18 13:45:00,84.71,84.715,84.62,84.67,11964
2016-11-18 14:00:00,84.7,84.715,84.62,84.62,13973
2016-11-18 14:15:00,84.62,84.7,84.615,84.67,30457
2016-11-18 14:30:00,84.67,84.7196,84.65,84.66,21998
2016-11-18 14:45:00,84.66,84.7,84.65,84.66,15210
2016-11-18 15:00:00,84.67,84.67,84.55,84.57,10947
2016-11-18 15:15:00,84.57,84.62,84.52,84.56,18960
2016-11-18 15:30:00,84.55,84.697,84.55,84.62,16110
2016-11-18 15:45:00,84.615,84.64,84.52,84.57,25730
2016-11-18 16:00:00,84.57,84.57,84.25,84.28,95039
2016-11-21 09:45:00,84.7,85.35,84.4937,85.26,31706
2016-11-21 10:00:00,85.3,85.39,85.055,85.39,20630
2016-11-21 10:15:00,85.35,85.37,84.93,84.9625,22095
2016-11-21 10:30:00,84.93,84.995,84.82,84.96,13389
2016-11-21 10:45:00,84.96,85.11,84.91,85.11,14319
2016-11-21 11:00:00,85.1,85.325,85.1,85.24,15028
2016-11-21 11:15:00,85.25,85.28,85.06,85.12,14058
2016-11-21 11:30:00,85.13,85.22,85.11,85.22,25459
2016-11-21 11:45:00,85.235,85.41,85.22,85.35,28203
2016-11-21 12:00:00,85.35,85.49,85.31,85.36,22677
2016-11-21 12:15:00,85.37,85.5,85.26,85.5,9246
2016-11-21 12:30:00,85.46,85.67,85.435,85.6,16038
2016-11-21 12:45:00,85.6,85.64,85.52,85.64,9325
2016-11-21 13:00:00,85.65,85.79,85.65,85.765,9126
2016-11-21 13:15:00,85.74,85.87,85.67,85.8538,13193
2016-11-21 13:30:00,85.87,85.89,85.72,85.72,23847
2016-11-21 13:45:00,85.7,85.76,85.57,85.63,24681
2016-11-21 14:00:00,85.65,85.7,85.605,85.62,18837
2016-11-21 14:15:00,85.63,85.74,85.595,85.73,30794
2016-11-21 14:30:00,85.74799999999999,85.87,85.69,85.825,22641
2016-11-21 14:45:00,85.805,85.81,85.63,85.67,19253
2016-11-21 15:00:00,85.67,85.775,85.64,85.71,16949
2016-11-21 15:15:00,85.69200000000001,85.725,85.63,85.69,29485
2016-11-21 15:30:00,85.69,85.69,85.57,85.66,23840
2016-11-21 15:45:00,85.65299999999999,85.7,85.5799,85.65,35082
2016-11-21 16:00:00,85.66,85.72,85.59,85.63,89920
2016-11-22 09:45:00,85.79,86.02,85.28,85.9,51974
2016-11-22 10:00:00,85.85,86.365,85.78,86.28,21808
2016-11-22 10:15:00,86.255,86.325,85.999,86.145,57292
2016-11-22 10:30:00,86.15,86.59,86.15,86.355,48077
2016-11-22 10:45:00,86.34,86.65,86.21,86.21,41573
2016-11-22 11:00:00,86.15,86.15,85.76,85.76,44213
2016-11-22 11:15:00,85.8,86.04,85.77,85.96,18540
2016-11-22 11:30:00,85.95,86.04,85.92,85.945,31925
2016-11-22 11:45:00,85.96,86.05,85.85,85.96,30236
2016-11-22 12:00:00,85.97,86.045,85.76299999999999,85.82,16288
2016-11-22 12:15:00,85.82,85.905,85.77,85.8,17882
2016-11-22 12:30:00,85.79,85.99,85.72,85.99,20264
2016-11-22 12:45:00,85.97,86.01,85.86,85.94,10831
2016-11-22 13:00:00,85.95,85.97,85.85,85.86,9517
2016-11-22 13:15:00,85.87,85.91,85.78,85.84,46555
2016-11-22 13:30:00,85.84,85.96,85.79,85.9122,27778
2016-11-22 13:45:00,85.92,85.95,85.73,85.83,29403
2016-11-22 14:00:00,85.835,85.92,85.735,85.9117,36337
2016-11-22 14:15:00,85.92,85.9399,85.806,85.88,21913
2016-11-22 14:30:00,85.93,86.04,85.93,85.99,17350
2016-11-22 14:45:00,86.0,86.09,85.9461,86.04,29861
2016-11-22 15:00:00,86.03,86.0799,85.98,85.99,19947
2016-11-22 15:15:00,86.0,86.04,85.96,85.97,24528
2016-11-22 15:30:00,85.95,86.13,85.95,86.03,29077
2016-11-22 15:45:00,86.03,86.13,86.01,86.095,50318
2016-11-22 16:00:00,86.1,86.38,86.08,86.27,90998
2016-11-23 09:45:00,85.96,86.67200000000001,85.96,86.43,21740
2016-11-23 10:00:00,86.37,86.42,86.15,86.34,9621
2016-11-23 10:15:00,86.37,86.65,86.36,86.6006,9723
2016-11-23 10:30:00,86.57,86.9,86.57,86.81,50638
2016-11-23 10:45:00,86.81,86.88,86.59,86.64,17606
2016-11-23 11:00:00,86.64,86.9,86.62,86.83,24175
2016-11-23 11:15:00,86.81,86.96,86.81,86.96,17014
2016-11-23 11:30:00,86.96,86.96,86.685,86.75,11713
2016-11-23 11:45:00,86.74,86.76,86.5931,86.67,11702
2016-11-23 12:00:00,86.67,86.87,86.66,86.87,10403
2016-11-23 12:15:00,86.85,86.91,86.81,86.87,8405
2016-11-23 12:30:00,86.87,87.1,86.86,87.09,31897
2016-11-23 12:45:00,87.09,87.1,86.97,87.055,23268
2016-11-23 13:00:00,87.06,87.105,86.99,86.99,14939
2016-11-23 13:15:00,87.0,87.0712,86.98,87.01,14009
2016-11-23 13:30:00,87.0,87.02,86.86,86.882,33107
2016-11-23 13:45:00,86.9,86.91,86.84,86.87,16215
2016-11-23 14:00:00,86.86,86.92,86.77,86.84,23139
2016-11-23 14:15:00,86.86,86.91,86.84,86.91,12695
2016-11-23 14:30:00,86.93,86.99,86.83,86.99,12105
2016-11-23 14:45:00,87.0,87.04,86.89,86.92,12518
2016-11-23 15:00:00,86.91,86.95,86.87,86.88,17133
2016-11-23 15:15:00,86.88,86.925,86.85,86.92,30088
2016-11-23 15:30:00,86.94,86.96,86.88,86.93,17725
2016-11-23 15:45:00,86.94,86.975,86.78,86.83,31301
2016-11-23 16:00:00,86.85,86.9,86.79,86.89,65836
2016-11-25 09:45:00,86.96,87.27,86.64,87.11,26727
2016-11-25 10:00:00,87.05,87.4,87.03,87.4,10273
2016-11-25 10:15:00,87.35,87.7,87.26,87.59,19077
2016-11-25 10:30:00,87.58,87.665,87.45,87.46,14394
2016-11-25 10:45:00,87.417,87.7,87.417,87.7,22010
2016-11-25 11:00:00,87.67,87.69,87.56,87.64,17791
2016-11-25 11:15:00,87.65,87.65,87.48,87.48,13939
2016-11-25 11:30:00,87.48,87.74,87.45,87.69,16646
2016-11-25 11:45:00,87.69,87.74,87.64,87.65,17942
2016-11-25 12:00:00,87.6599,87.74,87.63,87.71,11239
2016-11-25 12:15:00,87.7,87.77,87.68,87.7,15686
2016-11-25 12:30:00,87.7,87.72,87.59,87.59,13807
2016-11-25 12:45:00,87.59,87.79,87.59,87.79,22482
2016-11-25 13:00:00,87.8,87.96,87.69,87.95,57579
2016-11-25 13:15:00,87.94,87.94,87.9239,87.9239,49535
2016-11-25 13:30:00,87.94,87.94,87.94,87.94,2007
2016-11-25 13:45:00,87.94,87.94,87.94,87.94,295
2016-11-28 09:45:00,86.54,86.75,85.19,85.26,126615
2016-11-28 10:00:00,85.22,86.38,85.15,85.775,105514
2016-11-28 10:15:00,85.775,86.04,85.705,85.72,40402
2016-11-28 10:30:00,85.675,85.78,85.47,85.495,73447
2016-11-28 10:45:00,85.52,85.77,85.5,85.59,101764
2016-11-28 11:00:00,85.58,85.8,85.55,85.7,61883
2016-11-28 11:15:00,85.71,85.73,85.635,85.67,119423
2016-11-28 11:30:00,85.68,85.78,85.46,85.48,191179
2016-11-28 11:45:00,85.47,85.695,85.26,85.65,79346
2016-11-28 12:00:00,85.65,85.73,85.45,85.53,49906
2016-11-28 12:15:00,85.55,85.67,85.5,85.53,14114
2016-11-28 12:30:00,85.52,85.61,85.4684,85.515,22283
2016-11-28 12:45:00,85.515,85.7,85.44,85.45,20579
2016-11-28 13:00:00,85.45,85.53,85.45,85.45,37256
2016-11-28 13:15:00,85.45,85.49,85.17,85.23,60722
2016-11-28 13:30:00,85.206,85.35,85.12,85.34,22640
2016-11-28 13:45:00,85.3467,85.47,85.34,85.39,29132
2016-11-28 14:00:00,85.38,85.54,85.32,85.4803,26673
2016-11-28 14:15:00,85.495,85.58,85.32,85.39,30936
2016-11-28 14:30:00,85.3962,85.51,85.34,85.34200000000001,21659
2016-11-28 14:45:00,85.36,85.42,85.32,85.37,31855
2016-11-28 15:00:00,85.355,85.37,85.23,85.2399,36782
2016-11-28 15:15:00,85.23,85.4,85.23,85.351,43977
2016-11-28 15:30:00,85.36,85.4,85.3,85.32,41410
2016-11-28 15:45:00,85.32,85.55,85.32,85.35,79762
2016-11-28 16:00:00,85.35,85.51,85.33,85.46,116813
2016-11-29 09:45:00,85.13,86.1,85.13,86.02,43144
2016-11-29 10:00:00,86.01,86.16,85.74,86.12,33180
2016-11-29 10:15:00,86.11200000000001,86.48,86.11200000000001,86.39,34327
2016-11-29 10:30:00,86.39,86.54,86.27,86.51,52050
2016-11-29 10:45:00,86.5,86.61,86.14,86.14,74157
2016-11-29 11:00:00,86.12,86.12,85.97,86.06,28139
2016-11-29 11:15:00,86.09,86.44,86.08,86.39,20165
2016-11-29 11:30:00,86.39,86.54,86.32,86.465,26970
2016-11-29 11:45:00,86.4891,86.5,86.35,86.5,32131
2016-11-29 12:00:00,86.58,86.97,86.58,86.73,55344
2016-11-29 12:15:00,86.72,86.84,86.71,86.84,31507
2016-11-29 12:30:00,86.81,86.9,86.81,86.87,24097
2016-11-29 12:45:00,86.83,86.97,86.83,86.97,34771
2016-11-29 13:00:00,86.98,86.98,86.88,86.965,20051
2016-11-29 13:15:00,86.95,87.14,86.93,87.015,112905
2016-11-29 13:30:00,87.0,87.03,86.81,86.89,14308
2016-11-29 13:45:00,86.89,87.015,86.78,86.8,33696
2016-11-29 14:00:00,86.77,86.9,86.715,86.83,18230
2016-11-29 14:15:00,86.81,86.82,86.67,86.77,17793
2016-11-29 14:30:00,86.8,86.89,86.7,86.7,20933
2016-11-29 14:45:00,86.73,86.74,86.52,86.535,26549
2016-11-29 15:00:00,86.54,86.6,86.47,86.47,16570
2016-11-29 15:15:00,86.465,86.51,86.41,86.49,25035
2016-11-29 15:30:00,86.5,86.59,86.41,86.52,29950
2016-11-29 15:45:00,86.53,86.6385,86.475,86.51,72275
2016-11-29 16:00:00,86.5,86.71,86.5,86.62,103875
2016-11-30 09:45:00,86.68,87.12,86.1,86.29,22063
2016-11-30 10:00:00,86.29,86.29,85.89,85.98,22861
2016-11-30 10:15:00,85.92,86.11,85.86,86.11,25447
2016-11-30 10:30:00,86.07,86.12,85.81,85.87,16336
2016-11-30 10:45:00,85.865,86.38,85.865,86.205,17692
2016-11-30 11:00:00,86.21,86.37,86.15,86.3299,15852
2016-11-30 11:15:00,86.33,86.33,86.13,86.14,17402
2016-11-30 11:30:00,86.14,86.164,85.82,85.82,27306
2016-11-30 11:45:00,85.82,85.875,85.64,85.7,13293
2016-11-30 12:00:00,85.7,85.83,85.65,85.6799,14084
2016-11-30 12:15:00,85.67,85.85,85.59,85.84,11545
2016-11-30 12:30:00,85.84,86.01,85.74,85.92,9371
2016-11-30 12:45:00,85.95,85.95,85.8,85.92,8498
2016-11-30 13:00:00,85.93,86.15,85.93,86.15,6173
2016-11-30 13:15:00,86.15,86.33,86.15,86.33,7303
2016-11-30 13:30:00,86.32,86.4,86.26700000000001,86.39,8698
2016-11-30 13:45:00,86.38,86.38,86.14,86.23,9546
2016-11-30 14:00:00,86.27,86.47,86.27,86.3199,13391
2016-11-30 14:15:00,86.275,86.275,85.92,85.92,19947
2016-11-30 14:30:00,85.89,85.95,85.59,85.7,42195
2016-11-30 14:45:00,85.7,85.73,85.51,85.51,18329
2016-11-30 15:00:00,85.55,85.59,85.46,85.47,18071
2016-11-30 15:15:00,85.455,85.55,85.34,85.44,20256
2016-11-30 15:30:00,85.46,85.55,85.39,85.48,31632
2016-11-30 15:45:00,85.49,85.68,85.49,85.63,35178
2016-11-30 16:00:00,85.625,85.65,85.35,85.39,100861
2016-12-01 09:45:00,85.25,85.25,84.55,84.57,50131
2016-12-01 10:00:00,84.58,84.99,84.5,84.5,38701
2016-12-01 10:15:00,84.58,84.83,84.47,84.73,47759
2016-12-01 10:30:00,84.73,84.73,84.25,84.315,40267
2016-12-01 10:45:00,84.26,84.67,84.25,84.46,29918
2016-12-01 11:00:00,84.44,84.52,84.29,84.37,32549
2016-12-01 11:15:00,84.35,84.43,84.05,84.17,41077
2016-12-01 11:30:00,84.16,84.24,84.07,84.16,32218
2016-12-01 11:45:00,84.16,84.29,84.1,84.18,18495
2016-12-01 12:00:00,84.21,84.22,83.91,84.05,38263
2016-12-01 12:15:00,84.08,84.13,83.94,83.94,19631
2016-12-01 12:30:00,83.94,84.0,83.8,83.82,20800
2016-12-01 12:45:00,83.83,84.04,83.77,83.925,18501
2016-12-01 13:00:00,83.94,84.03,83.85,83.95,18737
2016-12-01 13:15:00,83.94,84.0759,83.81,83.85,64422
2016-12-01 13:30:00,83.85,83.99,83.8,83.8,15214
2016-12-01 13:45:00,83.775,83.875,83.555,83.7,37600
2016-12-01 14:00:00,83.68,84.03,83.56,84.02,47178
2016-12-01 14:15:00,84.05,84.15,83.95,83.96,37854
2016-12-01 14:30:00,83.945,84.1,83.945,84.02,18202
2016-12-01 14:45:00,84.02,84.18,83.96,84.02,24766
2016-12-01 15:00:00,84.01,84.39,83.97,84.29,22306
2016-12-01 15:15:00,84.27,84.35,84.01,84.09,27475
2016-12-01 15:30:00,84.0902,84.11,84.0,84.06299999999999,30892
2016-12-01 15:45:00,84.07,84.13,83.97,84.11,47960
2016-12-01 16:00:00,84.1,84.15,83.99,84.12,82598
2016-12-02 09:45:00,84.03,84.74,83.65,84.47,26323
2016-12-02 10:00:00,84.48,84.59,84.3,84.37,19691
2016-12-02 10:15:00,84.36,84.465,84.08,84.225,42820
2016-12-02 10:30:00,84.25,84.46,84.08,84.31,15542
2016-12-02 10:45:00,84.3046,84.34,84.195,84.28,20649
2016-12-02 11:00:00,84.26,84.2624,84.07,84.14,19530
2016-12-02 11:15:00,84.12,84.16,84.01,84.05,14230
2016-12-02 11:30:00,84.08,84.365,83.96,84.3,24857
2016-12-02 11:45:00,84.2933,84.32,84.22,84.29,17783
2016-12-02 12:00:00,84.28,84.35,84.06,84.23,38390
2016-12-02 12:15:00,84.24,84.41,84.2,84.37,13280
2016-12-02 12:30:00,84.375,84.48,84.3,84.42,8117
2016-12-02 12:45:00,84.4,84.4,84.1997,84.22,6500
2016-12-02 13:00:00,84.2329,84.29,84.17,84.235,10099
2016-12-02 13:15:00,84.225,84.24,83.8901,83.8901,17034
2016-12-02 13:30:00,83.89,84.05,83.89,83.92,16663
2016-12-02 13:45:00,83.95,84.03,83.884,83.9,16619
2016-12-02 14:00:00,83.91,83.91,83.85,83.9,19984
2016-12-02 14:15:00,83.89,83.8928,83.77,83.8,26442
2016-12-02 14:30:00,83.8,83.82,83.63,83.63,20303
2016-12-02 14:45:00,83.63,83.81,83.57,83.8,21766
2016-12-02 15:00:00,83.81,83.82,83.72,83.75,15337
2016-12-02 15:15:00,83.75,83.8126,83.72,83.8,25615
2016-12-02 15:30:00,83.8,84.0,83.75,83.98,34417
2016-12-02 15:45:00,83.98,84.13,83.97,83.98,38923
2016-12-02 16:00:00,83.99,84.03,83.92,83.99,88683
2016-12-05 09:45:00,84.48,85.28,84.48,85.19,27608
2016-12-05 10:00:00,85.255,85.42,85.14,85.24,13218
2016-12-05 10:15:00,85.28,85.34,85.02,85.02,26103
2016-12-05 10:30:00,85.04,85.1705,84.85,85.14,13312
2016-12-05 10:45:00,85.09200000000001,85.17,84.99,84.99,23617
2016-12-05 11:00:00,84.971,85.02,84.81,84.94,25138
2016-12-05 11:15:00,84.97,85.02,84.77,84.85,25729
2016-12-05 11:30:00,84.85,84.87,84.72,84.79,22290
2016-12-05 11:45:00,84.81,84.89,84.71,84.82,12301
2016-12-05 12:00:00,84.79,84.85,84.58,84.695,16294
2016-12-05 12:15:00,84.71,84.81,84.7075,84.7075,13446
2016-12-05 12:30:00,84.7034,84.74,84.64,84.64,21534
2016-12-05 12:45:00,84.64,84.73,84.63,84.7,13028
2016-12-05 13:00:00,84.71,84.96,84.66,84.92,14604
2016-12-05 13:15:00,84.931,84.955,84.68,84.735,12865
2016-12-05 13:30:00,84.72,84.83,84.72,84.81,26926
2016-12-05 13:45:00,84.81,84.85,84.72,84.8236,10313
2016-12-05 14:00:00,84.8166,84.8166,84.57,84.61,21087
2016-12-05 14:15:00,84.61,84.615,84.4,84.45,19764
2016-12-05 14:30:00,84.46,84.55,84.34,84.53,22436
2016-12-05 14:45:00,84.53,84.61,84.32,84.55,47788
2016-12-05 15:00:00,84.52,84.55,84.38,84.43,25198
2016-12-05 15:15:00,84.42,84.52,84.3,84.4,25179
2016-12-05 15:30:00,84.41,84.46,84.235,84.29,27400
2016-12-05 15:45:00,84.3,84.41,84.24,84.4,33518
2016-12-05 16:00:00,84.41,84.45,84.29,84.38,86168
2016-12-06 09:45:00,84.6,84.74,84.18,84.52,63126
2016-12-06 10:00:00,84.53,84.98,84.4,84.55,37768
2016-12-06 10:15:00,84.57,84.64,84.38,84.44,25399
2016-12-06 10:30:00,84.39,84.46,84.24,84.33,35928
2016-12-06 10:45:00,84.32,84.495,84.21,84.49,25450
2016-12-06 11:00:00,84.5,84.5,84.34,84.385,16942
2016-12-06 11:15:00,84.37,84.41,84.19,84.19,14903
2016-12-06 11:30:00,84.22,84.29,84.07,84.29,27679
2016-12-06 11:45:00,84.29,84.29,84.2,84.26,21507
2016-12-06 12:00:00,84.26,84.36,84.01,84.03,37534
2016-12-06 12:15:00,84.01,84.2,83.96,84.19,51156
2016-12-06 12:30:00,84.2,84.37,84.2,84.31,19731
2016-12-06 12:45:00,84.2925,84.3,84.195,84.2,11649
2016-12-06 13:00:00,84.21,84.28,84.12,84.28,8210
2016-12-06 13:15:00,84.294,84.57,84.28,84.53,16119
2016-12-06 13:30:00,84.59,84.67,84.54,84.55,12381
2016-12-06 13:45:00,84.535,84.535,84.39,84.47,8515
2016-12-06 14:00:00,84.485,84.54,84.26,84.27,87857
2016-12-06 14:15:00,84.28,84.43,84.28,84.34,18591
2016-12-06 14:30:00,84.35,84.38,84.2,84.2,16424
2016-12-06 14:45:00,84.23,84.28,84.18,84.265,14539
2016-12-06 15:00:00,84.25,84.275,84.1,84.15,20708
2016-12-06 15:15:00,84.15,84.16,84.05,84.07,27282
2016-12-06 15:30:00,84.08,84.22,84.06,84.14,29360
2016-12-06 15:45:00,84.15,84.345,84.12,84.19,32071
2016-12-06 16:00:00,84.2,84.53,84.19,84.44,78850
2016-12-07 09:45:00,84.45,85.07,84.17,84.36,43274
2016-12-07 10:00:00,84.43,84.46,84.15,84.25,11975
2016-12-07 10:15:00,84.25,84.26,84.08,84.2058,11408
2016-12-07 10:30:00,84.27,84.29,84.23,84.29,12680
2016-12-07 10:45:00,84.28,84.36,84.17,84.35,48484
2016-12-07 11:00:00,84.35,84.53,84.3394,84.53,16836
2016-12-07 11:15:00,84.52,84.58,84.46,84.58,11835
2016-12-07 11:30:00,84.57,84.84,84.56,84.81,14401
2016-12-07 11:45:00,84.83,84.96,84.74,84.89,97636
2016-12-07 12:00:00,84.88,85.45,84.86,85.28,53253
2016-12-07 12:15:00,85.27,85.69,85.27,85.615,40929
2016-12-07 12:30:00,85.6,85.85,85.4,85.74,34639
2016-12-07 12:45:00,85.73,85.81,85.57,85.81,11290
2016-12-07 13:00:00,85.83,86.12,85.82,86.06,21321
2016-12-07 13:15:00,86.03,86.17,85.98,86.13,44169
2016-12-07 13:30:00,86.115,86.36,86.08,86.33,20780
2016-12-07 13:45:00,86.33,86.43,86.22,86.25,17319
2016-12-07 14:00:00,86.21,86.36,86.14,86.29,49684
2016-12-07 14:15:00,86.295,86.32,86.13,86.15,14045
2016-12-07 14:30:00,86.15,86.24,86.14,86.24,17437
2016-12-07 14:45:00,86.19,86.39,86.0412,86.0412,36663
2016-12-07 15:00:00,86.04,86.46,85.93,86.46,54019
2016-12-07 15:15:00,86.42,86.45,86.28,86.45,52329
2016-12-07 15:30:00,86.46,86.54,86.38,86.5,32710
2016-12-07 15:45:00,86.49,86.69,86.48,86.53,54787
2016-12-07 16:00:00,86.54,86.59,86.49,86.52,64450
2016-12-08 09:45:00,86.3,87.23,86.3,87.1,28833
2016-12-08 10:00:00,87.02,87.14,86.505,86.645,11710
2016-12-08 10:15:00,86.61,86.645,86.15,86.16,10815
2016-12-08 10:30:00,86.15,86.4099,86.02,86.31,17217
2016-12-08 10:45:00,86.25,86.53200000000001,86.18,86.515,8049
2016-12-08 11:00:00,86.55,86.74,86.53,86.74,9717
2016-12-08 11:15:00,86.71,86.89,86.67,86.6988,79207
2016-12-08 11:30:00,86.705,86.79,86.58,86.58,12287
2016-12-08 11:45:00,86.63,86.64,86.57,86.61,6262
2016-12-08 12:00:00,86.605,86.61,86.48,86.48,10922
2016-12-08 12:15:00,86.51,86.62,86.46,86.61,6249
2016-12-08 12:30:00,86.59,86.835,86.5701,86.77,13087
2016-12-08 12:45:00,86.8,86.8828,86.79,86.835,9031
2016-12-08 13:00:00,86.84,86.91,86.6801,86.72,53582
2016-12-08 13:15:00,86.72,86.97,86.7,86.97,43916
2016-12-08 13:30:00,86.91,87.08,86.9034,87.06,8947
2016-12-08 13:45:00,87.04,87.3699,87.03,87.22,18902
2016-12-08 14:00:00,87.27,87.34,87.2,87.29,12474
2016-12-08 14:15:00,87.27,87.285,87.16,87.1999,16323
2016-12-08 14:30:00,87.16,87.16,86.72,86.72,56252
2016-12-08 14:45:00,86.7622,86.7628,86.43,86.43,14755
2016-12-08 15:00:00,86.4,86.64,86.4,86.6176,26930
2016-12-08 15:15:00,86.615,86.81,86.5811,86.8,18905
2016-12-08 15:30:00,86.76,87.0,86.6901,86.7,72188
2016-12-08 15:45:00,86.67,86.82,86.64,86.76,28270
2016-12-08 16:00:00,86.76,86.81,86.63,86.73,88424
2016-12-09 09:45:00,86.6,86.6,85.82,85.92,26500
2016-12-09 10:00:00,85.895,85.96,85.71,85.795,19231
2016-12-09 10:15:00,85.865,85.9,85.67,85.82,19268
2016-12-09 10:30:00,85.79,85.88,85.59,85.59,23415
2016-12-09 10:45:00,85.59,85.7,85.53,85.63,17078
2016-12-09 11:00:00,85.63,85.66,85.37700000000001,85.59,36840
2016-12-09 11:15:00,85.58,85.59,85.46,85.46,25419
2016-12-09 11:30:00,85.52,85.52,85.307,85.38,15495
2016-12-09 11:45:00,85.38,85.42,85.31,85.41,11505
2016-12-09 12:00:00,85.42,85.46,85.35,85.39,9323
2016-12-09 12:15:00,85.37,85.715,85.35,85.66,13961
2016-12-09 12:30:00,85.69,85.79,85.6,85.79,12503
2016-12-09 12:45:00,85.83,85.87,85.7,85.79,9600
2016-12-09 13:00:00,85.79,85.88,85.766,85.87,10022
2016-12-09 13:15:00,85.8669,86.06,85.845,86.02,15586
2016-12-09 13:30:00,86.03,86.22,85.97,86.15,14480
2016-12-09 13:45:00,86.19,86.21,85.85,85.85,30900
2016-12-09 14:00:00,85.845,85.88,85.764,85.78,12998
2016-12-09 14:15:00,85.77,85.805,85.69,85.695,19957
2016-12-09 14:30:00,85.71,85.82,85.67,85.68,20900
2016-12-09 14:45:00,85.67399999999999,85.7,85.266,85.53,45607
2016-12-09 15:00:00,85.52,85.81,85.495,85.804,19887
2016-12-09 15:15:00,85.84,86.01,85.81,85.93,26809
2016-12-09 15:30:00,85.935,86.0,85.89,85.965,20503
2016-12-09 15:45:00,85.97,86.11,85.94,86.02,29814
2016-12-09 16:00:00,86.015,86.08,85.96,86.01,66371
2016-12-12 09:45:00,86.51,86.98,86.5,86.8,51931
2016-12-12 10:00:00,86.8,87.57,86.75,87.14,48969
2016-12-12 10:15:00,87.12,87.24,86.8001,86.88,31541
2016-12-12 10:30:00,86.91,87.12,86.7,86.7,23149
2016-12-12 10:45:00,86.76,86.95,86.64,86.79,25254
2016-12-12 11:00:00,86.79,86.79,86.5,86.57,25892
2016-12-12 11:15:00,86.58,86.84,86.54,86.81200000000001,19442
2016-12-12 11:30:00,86.83,86.95,86.795,86.82,17728
2016-12-12 11:45:00,86.77,86.795,86.515,86.53,17295
2016-12-12 12:00:00,86.51,86.59,86.5,86.54,22457
2016-12-12 12:15:00,86.54,86.55,85.3,85.59,103221
2016-12-12 12:30:00,85.62,85.78,85.5,85.56,26451
2016-12-12 12:45:00,85.56,85.91,85.51,85.68,28141
2016-12-12 13:00:00,85.69,85.87,85.34,85.44,29669
2016-12-12 13:15:00,85.39,85.82,85.39,85.75,34052
2016-12-12 13:30:00,85.7375,85.87,85.73,85.77,18165
2016-12-12 13:45:00,85.77,85.97,85.71,85.9367,25230
2016-12-12 14:00:00,85.95,86.01,85.86,85.975,64772
2016-12-12 14:15:00,85.97,86.15,85.9375,86.11,26688
2016-12-12 14:30:00,86.13,86.18,86.03,86.15,16668
2016-12-12 14:45:00,86.14,86.14,86.04,86.1296,20365
2016-12-12 15:00:00,86.13,86.17,86.05,86.14,23359
2016-12-12 15:15:00,86.14,86.16,85.82,85.85,45916
2016-12-12 15:30:00,85.87,85.9,85.77,85.81,28895
2016-12-12 15:45:00,85.78,85.86,85.71,85.85,41440
2016-12-12 16:00:00,85.86,85.97,85.82,85.89,91623
2016-12-13 09:45:00,85.55,86.01,84.68,85.9999,111150
2016-12-13 10:00:00,85.99,86.67,85.84,86.67,29458
2016-12-13 10:15:00,86.68,86.71,86.13,86.52,33869
2016-12-13 10:30:00,86.47,86.52,85.98,86.25,29925
2016-12-13 10:45:00,86.275,86.47,86.195,86.35,30669
2016-12-13 11:00:00,86.27,86.48,86.12,86.12,27394
2016-12-13 11:15:00,86.16,86.5099,86.13,86.47,20572
2016-12-13 11:30:00,86.48,86.5,86.36,86.39,15964
2016-12-13 11:45:00,86.385,86.48,86.18,86.4,15724
2016-12-13 12:00:00,86.4,86.53,86.18,86.29,21465
2016-12-13 12:15:00,86.32,86.51,86.25,86.25,24409
2016-12-13 12:30:00,86.25,86.42,86.16,86.37,55746
2016-12-13 12:45:00,86.36,86.39,86.22,86.36,27710
2016-12-13 13:00:00,86.32,86.45,86.19,86.25,29658
2016-12-13 13:15:00,86.225,86.26,85.87,85.92,26506
2016-12-13 13:30:00,85.91,86.075,85.89,86.05,15300
2016-12-13 13:45:00,86.03,86.18,86.0,86.02,18193
2016-12-13 14:00:00,86.02,86.02,85.82,85.91,14800
2016-12-13 14:15:00,85.91,85.985,85.65,85.685,21359
2016-12-13 14:30:00,85.69,85.74,85.525,85.525,15781
2016-12-13 14:45:00,85.5325,85.59,85.47,85.57,19981
2016-12-13 15:00:00,85.56,85.6,85.5,85.53,26072
2016-12-13 15:15:00,85.53,85.75,85.4801,85.54,34553
2016-12-13 15:30:00,85.54,85.63,85.45,85.53,44853
2016-12-13 15:45:00,85.51,85.67,85.51,85.67,46487
2016-12-13 16:00:00,85.68,85.72,85.47,85.5,80082
2016-12-14 09:45:00,85.63,85.85,84.69,84.78,44643
2016-12-14 10:00:00,84.785,85.56,84.76,85.44,39928
2016-12-14 10:15:00,85.38,85.42,84.97,85.125,41967
2016-12-14 10:30:00,85.125,85.33,85.03,85.23,23482
2016-12-14 10:45:00,85.24,85.29,84.97,85.03,56440
2016-12-14 11:00:00,85.03,85.3,85.01,85.3,51948
2016-12-14 11:15:00,85.3,85.56,85.15,85.16,33790
2016-12-14 11:30:00,85.1978,85.42,85.14,85.27,17723
2016-12-14 11:45:00,85.29,85.3,85.12,85.16,17990
2016-12-14 12:00:00,85.2,85.35,85.17,85.2624,13842
2016-12-14 12:15:00,85.265,85.68,85.265,85.6,20911
2016-12-14 12:30:00,85.58,85.58,85.46,85.46,11703
2016-12-14 12:45:00,85.51,85.66,85.49,85.6,22272
2016-12-14 13:00:00,85.615,85.85,85.53,85.82,18071
2016-12-14 13:15:00,85.82,85.93,85.75,85.77,17763
2016-12-14 13:30:00,85.8,85.84,85.71,85.81,15094
2016-12-14 13:45:00,85.83,86.03,85.75,86.03,24050
2016-12-14 14:00:00,86.03,86.26,86.01,86.2386,20550
2016-12-14 14:15:00,86.18,86.32,85.77,85.77,38311
2016-12-14 14:30:00,85.74,85.74,85.47,85.48,24452
2016-12-14 14:45:00,85.48,85.7,85.35,85.355,71271
2016-12-14 15:00:00,85.355,85.455,85.29,85.37,22249
2016-12-14 15:15:00,85.37,85.47,85.01,85.1,53458
2016-12-14 15:30:00,85.07,85.33,85.035,85.25,52245
2016-12-14 15:45:00,85.23,85.52,85.21,85.22,79713
2016-12-14 16:00:00,85.22,85.42,85.04,85.09,167800
2016-12-15 09:45:00,85.31,85.31,84.15,84.42,50530
2016-12-15 10:00:00,84.475,84.94,84.31,84.89,29837
2016-12-15 10:15:00,84.88,84.99,84.25,84.42,60157
2016-12-15 10:30:00,84.45,84.73,84.43,84.64,28068
2016-12-15 10:45:00,84.64,84.825,84.5778,84.5778,21466
2016-12-15 11:00:00,84.59,84.59,84.42,84.54,38497
2016-12-15 11:15:00,84.52,84.9,84.51,84.9,26327
2016-12-15 11:30:00,84.9044,84.97,84.67,84.74,22618
2016-12-15 11:45:00,84.69,84.71,84.395,84.395,20770
2016-12-15 12:00:00,84.38,84.44,83.74,84.15,99304
2016-12-15 12:15:00,84.17,84.28,84.05,84.0805,67276
2016-12-15 12:30:00,84.1,84.24,84.08,84.18,15567
2016-12-15 12:45:00,84.18,84.33,84.15,84.3,31194
2016-12-15 13:00:00,84.26,84.28,84.11,84.14,16652
2016-12-15 13:15:00,84.16,84.21,84.11,84.15,16786
2016-12-15 13:30:00,84.15,84.15,83.82,83.85,35769
2016-12-15 13:45:00,83.86,83.88,83.375,83.42,78835
2016-12-15 14:00:00,83.42,83.42,83.125,83.14,51213
2016-12-15 14:15:00,83.13,83.14,83.0,83.04,32474
2016-12-15 14:30:00,83.03,83.13,82.84,83.06,41475
2016-12-15 14:45:00,83.05,83.05,82.77,82.8,48289
2016-12-15 15:00:00,82.8,82.82,82.49,82.55,57278
2016-12-15 15:15:00,82.53,82.72,82.37,82.67,73704
2016-12-15 15:30:00,82.66,82.79,82.56,82.62,52751
2016-12-15 15:45:00,82.64,83.03,82.625,82.965,97033
2016-12-15 16:00:00,82.99,83.01,82.82,82.87,192490
2016-12-16 09:45:00,82.86,84.52,82.43,82.89,236619
2016-12-16 10:00:00,82.8823,82.89,82.1,82.105,47025
2016-12-16 10:15:00,82.1,82.45,82.035,82.35,48128
2016-12-16 10:30:00,82.335,82.65,82.31,82.38,66693
2016-12-16 10:45:00,82.32,82.45,82.17,82.34,39998
2016-12-16 11:00:00,82.3,82.45,82.2,82.26,33264
2016-12-16 11:15:00,82.25,82.45,82.22,82.41,54827
2016-12-16 11:30:00,82.4,82.44,82.25,82.37,51126
2016-12-16 11:45:00,82.33,82.36,82.2,82.35,33480
2016-12-16 12:00:00,82.33,82.46,82.28,82.28,24577
2016-12-16 12:15:00,82.2805,82.34,82.15,82.33,64099
2016-12-16 12:30:00,82.29,82.31,82.19,82.21,29646
2016-12-16 12:45:00,82.19,82.215,82.01,82.03,58852
2016-12-16 13:00:00,82.0,82.0022,81.77,81.78,29556
2016-12-16 13:15:00,81.79,81.9,81.76,81.88,38666
2016-12-16 13:30:00,81.88,81.88,81.76,81.79,27320
2016-12-16 13:45:00,81.7999,81.8981,81.77,81.86,18878
2016-12-16 14:00:00,81.83,82.03,81.75,81.96,96994
2016-12-16 14:15:00,81.95,82.025,81.66,81.69,51769
2016-12-16 14:30:00,81.7068,81.8,81.625,81.8,74357
2016-12-16 14:45:00,81.8,81.8,81.48,81.48,90745
2016-12-16 15:00:00,81.5,81.685,81.465,81.51,89610
2016-12-16 15:15:00,81.52,81.5722,81.16,81.25,119782
2016-12-16 15:30:00,81.24,81.3075,81.05,81.22,111038
2016-12-16 15:45:00,81.22,81.265,81.055,81.175,235960
2016-12-16 16:00:00,81.18,81.23,80.78,80.87,974530
2016-12-19 09:45:00,80.1,80.88,78.75,80.88,383088
2016-12-19 10:00:00,80.97,81.26,80.6,81.03,104301
2016-12-19 10:15:00,81.05,81.23,80.36,80.5315,62533
2016-12-19 10:30:00,80.48,80.56,80.37,80.48,67793
2016-12-19 10:45:00,80.48,80.57,80.09,80.26,72344
2016-12-19 11:00:00,80.26,80.59,80.23,80.43,67767
2016-12-19 11:15:00,80.43,80.56,80.07,80.47,95057
2016-12-19 11:30:00,80.47399999999999,80.51,79.98,80.17,44482
2016-12-19 11:45:00,80.18,80.23,79.62,79.655,84069
2016-12-19 12:00:00,79.68,80.0,79.54,79.93,43071
2016-12-19 12:15:00,79.93,80.25,79.85,80.225,52399
2016-12-19 12:30:00,80.25,80.25,80.03,80.17,37162
2016-12-19 12:45:00,80.22,80.28,80.1,80.14,29052
2016-12-19 13:00:00,80.17,80.35,80.17,80.21,39937
2016-12-19 13:15:00,80.23,80.26,80.04,80.08,36132
2016-12-19 13:30:00,80.08,80.09,79.99,80.09,39029
2016-12-19 13:45:00,80.08,80.12,79.93,80.0,46048
2016-12-19 14:00:00,80.03,80.18,79.98,80.1,32554
2016-12-19 14:15:00,80.09,80.3,80.07,80.19,25034
2016-12-19 14:30:00,80.175,80.3,79.94,80.15,33492
2016-12-19 14:45:00,80.15,80.18,79.88,79.93,57074
2016-12-19 15:00:00,79.9,79.91,79.58,79.66,49059
2016-12-19 15:15:00,79.66,79.785,79.63,79.68,32976
2016-12-19 15:30:00,79.68,79.75,79.6,79.66,43256
2016-12-19 15:45:00,79.65,79.85,79.57,79.74,101386
2016-12-19 16:00:00,79.7546,80.03,79.73,79.82,178837
2016-12-20 09:45:00,80.24,80.7099,80.04,80.19,50596
2016-12-20 10:00:00,80.19,80.45,80.09,80.34,37708
2016-12-20 10:15:00,80.35,80.59,80.21,80.44,41396
2016-12-20 10:30:00,80.435,80.54,80.21,80.27,24123
2016-12-20 10:45:00,80.28,80.4,80.22,80.32,17189
2016-12-20 11:00:00,80.29,80.64,80.26,80.62,24620
2016-12-20 11:15:00,80.65,80.81,80.54,80.64,41821
2016-12-20 11:30:00,80.64,80.95,80.63,80.905,32304
2016-12-20 11:45:00,80.91,81.07,80.77,81.02,35677
2016-12-20 12:00:00,81.025,81.03,80.455,80.56,17527
2016-12-20 12:15:00,80.52,80.63,80.29,80.6,18784
2016-12-20 12:30:00,80.57,80.76,80.51,80.7,11209
2016-12-20 12:45:00,80.725,80.78,80.65,80.735,13442
2016-12-20 13:00:00,80.75,80.85,80.71,80.85,10967
2016-12-20 13:15:00,80.82,80.91,80.71,80.71,15677
2016-12-20 13:30:00,80.74,81.05,80.71,80.93,24829
2016-12-20 13:45:00,80.88,81.0,80.88,80.9299,16942
2016-12-20 14:00:00,80.91,81.02,80.82,80.97,17298
2016-12-20 14:15:00,80.98,80.9899,80.83,80.8899,13056
2016-12-20 14:30:00,80.84,81.05,80.84,80.97,24001
2016-12-20 14:45:00,80.96,81.01,80.806,81.01,21481
2016-12-20 15:00:00,80.98,80.98,80.87,80.9001,14439
2016-12-20 15:15:00,80.92,80.94,80.81,80.82,18782
2016-12-20 15:30:00,80.82,80.9,80.67,80.7811,27132
2016-12-20 15:45:00,80.79,80.835,80.72,80.83,35798
2016-12-20 16:00:00,80.82,81.01,80.39,80.97,213976
2016-12-21 09:45:00,80.88,81.33,80.65,81.0,21778
2016-12-21 10:00:00,80.95,81.005,80.73,80.87,14710
2016-12-21 10:15:00,80.87,81.01,80.61,80.69,13457
2016-12-21 10:30:00,80.69,80.76,80.61,80.631,20144
2016-12-21 10:45:00,80.68,80.99,80.665,80.93,16246
2016-12-21 11:00:00,80.885,80.96,80.8,80.82,12742
2016-12-21 11:15:00,80.8,80.92,80.75,80.9003,10558
2016-12-21 11:30:00,80.88,81.0,80.87,80.89,20028
2016-12-21 11:45:00,80.89,80.91,80.76,80.78,15572
2016-12-21 12:00:00,80.778,80.8,80.56,80.56,30982
2016-12-21 12:15:00,80.56,80.86,80.56,80.84,17967
2016-12-21 12:30:00,80.8799,80.89,80.7001,80.72,18744
2016-12-21 12:45:00,80.7,80.9,80.6,80.71,22391
2016-12-21 13:00:00,80.67,80.8,80.63,80.78,9909
2016-12-21 13:15:00,80.75,80.91,80.7301,80.8,13623
2016-12-21 13:30:00,80.85,80.88,80.7201,80.75,4500
2016-12-21 13:45:00,80.72,80.74,80.4,80.4,24982
2016-12-21 14:00:00,80.43,80.44,80.24,80.2401,14960
2016-12-21 14:15:00,80.29,80.31,80.18,80.24,20915
2016-12-21 14:30:00,80.22,80.3,80.14,80.15,17660
2016-12-21 14:45:00,80.15,80.16,80.0,80.0,31316
2016-12-21 15:00:00,80.03,80.03,79.9,79.91,27531
2016-12-21 15:15:00,79.94,80.025,79.92,80.0,50528
2016-12-21 15:30:00,79.995,79.995,79.91,79.925,43733
2016-12-21 15:45:00,79.92,80.08,79.86,80.08,68642
2016-12-21 16:00:00,80.06,80.07,79.98,80.01,96955
2016-12-22 09:45:00,79.68,79.68,77.34,78.29,187849
2016-12-22 10:00:00,78.22,78.64,78.0,78.15,158667
2016-12-22 10:15:00,78.15,78.52,78.14,78.34,81014
2016-12-22 10:30:00,78.32,78.415,78.15,78.15,40828
2016-12-22 10:45:00,78.1612,78.3,78.1612,78.2102,40425
2016-12-22 11:00:00,78.1991,78.3,78.12,78.2,59439
2016-12-22 11:15:00,78.195,78.38,78.17,78.355,62674
2016-12-22 11:30:00,78.34,78.37,78.2,78.25,60510
2016-12-22 11:45:00,78.265,78.3506,78.19,78.34,57327
2016-12-22 12:00:00,78.32,78.3607,78.28,78.32,30107
2016-12-22 12:15:00,78.34,78.37,78.25,78.32,41935
2016-12-22 12:30:00,78.33,78.4,78.21,78.315,29770
2016-12-22 12:45:00,78.33,78.91,78.29,78.72,59682
2016-12-22 13:00:00,78.75,78.9,78.73,78.8,39685
2016-12-22 13:15:00,78.79,78.91,78.67,78.88,25910
2016-12-22 13:30:00,78.89,78.96,78.63,78.63,36141
2016-12-22 13:45:00,78.61,78.775,78.31,78.31,53263
2016-12-22 14:00:00,78.35,78.53,78.33,78.405,37775
2016-12-22 14:15:00,78.43,78.48,78.37,78.39,23580
2016-12-22 14:30:00,78.38,78.52,78.27,78.52,24669
2016-12-22 14:45:00,78.49,78.63,78.43,78.56,28984
2016-12-22 15:00:00,78.56,78.65,78.52,78.52,34902
2016-12-22 15:15:00,78.54,78.6,78.34,78.41,33866
2016-12-22 15:30:00,78.4,78.53,78.39,78.51,37693
2016-12-22 15:45:00,78.51,78.73,78.51,78.7,52480
2016-12-22 16:00:00,78.71,78.77,78.51,78.72,198947
2016-12-23 09:45:00,78.78,79.4,78.15,78.18,62433
2016-12-23 10:00:00,78.25,78.64,78.23,78.35,22788
2016-12-23 10:15:00,78.375,78.93,78.3607,78.88,31815
2016-12-23 10:30:00,78.91,78.98,78.53,78.555,24253
2016-12-23 10:45:00,78.6,78.76,78.47,78.75,25464
2016-12-23 11:00:00,78.77,78.77,78.21,78.31,36419
2016-12-23 11:15:00,78.32,78.38,78.2,78.225,40616
2016-12-23 11:30:00,78.23,78.5406,78.22,78.5406,41933
2016-12-23 11:45:00,78.5,78.53,78.28,78.3,22555
2016-12-23 12:00:00,78.28,78.45,78.24,78.41,29711
2016-12-23 12:15:00,78.425,78.57,78.406,78.53,20537
2016-12-23 12:30:00,78.55,78.56,78.47,78.56,18106
2016-12-23 12:45:00,78.57,78.575,78.47,78.53,17855
2016-12-23 13:00:00,78.53,78.54,78.37,78.42,27954
2016-12-23 13:15:00,78.42,78.45,78.385,78.4456,32834
2016-12-23 13:30:00,78.45,78.53,78.44,78.48,29792
2016-12-23 13:45:00,78.46,78.5,78.41,78.48,18915
2016-12-23 14:00:00,78.49,78.5,78.35,78.35,17344
2016-12-23 14:15:00,78.37,78.49,78.37,78.45,14503
2016-12-23 14:30:00,78.44,78.46,78.33,78.4,19934
2016-12-23 14:45:00,78.4,78.45,78.295,78.325,11386
2016-12-23 15:00:00,78.32,78.39,78.315,78.385,11071
2016-12-23 15:15:00,78.4,78.4,78.22,78.22,14929
2016-12-23 15:30:00,78.2268,78.32,78.21,78.28,19396
2016-12-23 15:45:00,78.29,78.31,78.2,78.285,39598
2016-12-23 16:00:00,78.28,78.38,78.265,78.35,75735
2016-12-27 09:45:00,78.7,78.9968,78.62,78.715,31831
2016-12-27 10:00:00,78.74,79.38,78.72,79.35,33863
2016-12-27 10:15:00,79.315,79.43,78.59,78.65,30061
2016-12-27 10:30:00,78.67,78.8314,78.6,78.6,14620
2016-12-27 10:45:00,78.625,78.64,78.35,78.48,28966
2016-12-27 11:00:00,78.49,78.49,78.35,78.37,14939
2016-12-27 11:15:00,78.39,78.39,78.3,78.35,29013
2016-12-27 11:30:00,78.38,78.44,78.35,78.41,15484
2016-12-27 11:45:00,78.435,78.61,78.435,78.59,11654
2016-12-27 12:00:00,78.586,78.72,78.52,78.52,24070
2016-12-27 12:15:00,78.535,78.6,78.49,78.51,18621
2016-12-27 12:30:00,78.525,78.59,78.4,78.46,19466
2016-12-27 12:45:00,78.45,78.57,78.27,78.2945,31417
2016-12-27 13:00:00,78.285,78.4,78.26,78.305,28329
2016-12-27 13:15:00,78.3,78.41,78.24,78.36,57652
2016-12-27 13:30:00,78.36,78.36,78.27,78.3273,17509
2016-12-27 13:45:00,78.33,78.33,78.2,78.22,31583
2016-12-27 14:00:00,78.22,78.225,77.97,78.1,125278
2016-12-27 14:15:00,78.105,78.11,77.93,78.01,39989
2016-12-27 14:30:00,78.015,78.11,78.0012,78.105,16680
2016-12-27 14:45:00,78.11,78.14,78.08,78.1002,18810
2016-12-27 15:00:00,78.12,78.12,78.01,78.04,13932
2016-12-27 15:15:00,78.05,78.09,77.995,78.0,23926
2016-12-27 15:30:00,77.99,78.1,77.99,78.03,34557
2016-12-27 15:45:00,78.04,78.13,78.03,78.13,34851
2016-12-27 16:00:00,78.1334,78.21,78.1,78.2,122551
2016-12-28 09:45:00,77.9,78.0,77.5,77.91,49571
2016-12-28 10:00:00,77.93,77.94,77.62,77.68,19999
2016-12-28 10:15:00,77.62,77.7,77.38,77.7,24649
2016-12-28 10:30:00,77.65,77.6513,77.46,77.6,24045
2016-12-28 10:45:00,77.6,77.79,77.58,77.65,26041
2016-12-28 11:00:00,77.65,77.73,77.62,77.71,25619
2016-12-28 11:15:00,77.71,77.8,77.68,77.7,23309
2016-12-28 11:30:00,77.7,77.82,77.7,77.73,23315
2016-12-28 11:45:00,77.73,77.83,77.65,77.72,51422
2016-12-28 12:00:00,77.72,77.78,77.7,77.77,24801
2016-12-28 12:15:00,77.745,77.79,77.71,77.72,28506
2016-12-28 12:30:00,77.72,77.73,77.6,77.7,17768
2016-12-28 12:45:00,77.69,77.8,77.63,77.68,14253
2016-12-28 13:00:00,77.71,77.74,77.64,77.72,10093
2016-12-28 13:15:00,77.74,77.74,77.66,77.68,9542
2016-12-28 13:30:00,77.68,77.7,77.63,77.68,10190
2016-12-28 13:45:00,77.6811,77.72,77.65,77.68,25179
2016-12-28 14:00:00,77.65,77.66,77.49,77.6,25386
2016-12-28 14:15:00,77.61,77.658,77.5,77.53,15780
2016-12-28 14:30:00,77.52,77.55,77.49,77.5,21285
2016-12-28 14:45:00,77.49,77.56,77.48,77.51,8839
2016-12-28 15:00:00,77.51,77.57,77.48,77.53,14647
2016-12-28 15:15:00,77.54,77.63,77.52,77.62,20280
2016-12-28 15:30:00,77.62,77.65,77.59,77.61,26881
2016-12-28 15:45:00,77.605,77.7,77.58,77.64,32101
2016-12-28 16:00:00,77.64,77.69,77.57,77.62,82402
2016-12-29 09:45:00,77.79,78.53,77.5,77.77,58958
2016-12-29 10:00:00,77.76,77.77,77.46,77.61,31785
2016-12-29 10:15:00,77.62,77.65,77.38,77.49,21289
2016-12-29 10:30:00,77.5,77.62,77.42,77.55,18770
2016-12-29 10:45:00,77.565,77.58,77.4275,77.44,14930
2016-12-29 11:00:00,77.444,77.55,77.32,77.32,32773
2016-12-29 11:15:00,77.3,77.38,77.2,77.38,19450
2016-12-29 11:30:00,77.39,77.7,77.24,77.54,115927
2016-12-29 11:45:00,77.52,77.55,77.41,77.53,31798
2016-12-29 12:00:00,77.54,77.5892,77.4,77.47,40865
2016-12-29 12:15:00,77.45,77.7,77.45,77.67,51467
2016-12-29 12:30:00,77.65,77.77,77.63,77.72,27896
2016-12-29 12:45:00,77.735,77.83,77.735,77.81,17356
2016-12-29 13:00:00,77.81,77.87,77.75,77.76,19112
2016-12-29 13:15:00,77.76,77.77,77.64,77.6525,24320
2016-12-29 13:30:00,77.65,77.73,77.36,77.69,60456
2016-12-29 13:45:00,77.69,77.8,77.68,77.74,18604
2016-12-29 14:00:00,77.74,77.75,77.6299,77.68,21148
2016-12-29 14:15:00,77.6899,77.76,77.68,77.76,27096
2016-12-29 14:30:00,77.7532,77.77,77.73,77.76,18620
2016-12-29 14:45:00,77.76,77.93,77.76,77.84,34778
2016-12-29 15:00:00,77.84,77.98,77.84,77.96,17869
2016-12-29 15:15:00,77.95,77.98,77.74,77.82,34604
2016-12-29 15:30:00,77.8084,77.86,77.8,77.84,26666
2016-12-29 15:45:00,77.84,77.88,77.805,77.825,41461
2016-12-29 16:00:00,77.83,77.97,77.81,77.93,84519
2016-12-30 09:45:00,78.2,78.64,77.82,78.03,38331
2016-12-30 10:00:00,78.0,78.2,77.88,77.95,50728
2016-12-30 10:15:00,77.95,78.04,77.88,77.96,16622
2016-12-30 10:30:00,77.99,78.08,77.92,77.92,22641
2016-12-30 10:45:00,77.92,78.045,77.92,77.97,26966
2016-12-30 11:00:00,77.92,78.08,77.92,78.08,12470
2016-12-30 11:15:00,78.04,78.04,77.92,77.97,24400
2016-12-30 11:30:00,77.99,78.04,77.95,78.0,22302
2016-12-30 11:45:00,78.02,78.11,78.0,78.11,15633
2016-12-30 12:00:00,78.095,78.11,77.985,78.02,13380
2016-12-30 12:15:00,77.99,78.06,77.93,78.0298,15873
2016-12-30 12:30:00,78.0376,78.04,77.94,77.97,16606
2016-12-30 12:45:00,77.975,78.0,77.92,77.95,63002
2016-12-30 13:00:00,77.94,77.957,77.74,77.8,23661
2016-12-30 13:15:00,77.8039,77.8039,77.6168,77.63,13793
2016-12-30 13:30:00,77.61,77.75,77.61,77.7212,12984
2016-12-30 13:45:00,77.7,77.79,77.64,77.64,14198
2016-12-30 14:00:00,77.65,77.65,77.47,77.6,18163
2016-12-30 14:15:00,77.59,77.59,77.43,77.52,26311
2016-12-30 14:30:00,77.52,77.55,77.45,77.45,15856
2016-12-30 14:45:00,77.46,77.62,77.44,77.59,17182
2016-12-30 15:00:00,77.585,77.5873,77.45,77.5,21946
2016-12-30 15:15:00,77.5,77.55,77.46,77.55,15932
2016-12-30 15:30:00,77.54,77.55,77.46,77.54,18326
2016-12-30 15:45:00,77.53,77.57,77.45,77.48,31498
2016-12-30 16:00:00,77.47,77.8,77.46,77.79,161886
