Date_Time,Open,High,Low,Close,Volume
2010-01-04 09:45:00,39.245,39.245,38.1,38.55,96547
2010-01-04 10:00:00,38.54,38.59,38.49,38.56,77696
2010-01-04 10:15:00,38.57,38.64,38.47,38.51,51318
2010-01-04 10:30:00,38.51,38.58,38.4,38.56,35995
2010-01-04 10:45:00,38.57,38.61,38.53,38.585,43025
2010-01-04 11:00:00,38.61,38.62,38.48,38.48,40987
2010-01-04 11:15:00,38.5,38.54,38.45,38.4599,35295
2010-01-04 11:30:00,38.45,38.51,38.45,38.48,25257
2010-01-04 11:45:00,38.49,38.5,38.4,38.425,25984
2010-01-04 12:00:00,38.43,38.43,38.28,38.29,57396
2010-01-04 12:15:00,38.29,38.32,38.27,38.28,32409
2010-01-04 12:30:00,38.28,38.32,38.28,38.285,18677
2010-01-04 12:45:00,38.29,38.31,38.23,38.31,98068
2010-01-04 13:00:00,38.31,38.54,38.3,38.535,104484
2010-01-04 13:15:00,38.53,38.53,38.44,38.5,34171
2010-01-04 13:30:00,38.5,38.52,38.483000000000004,38.5,12510
2010-01-04 13:45:00,38.5,38.51,38.49,38.5,16008
2010-01-04 14:00:00,38.5,38.539,38.46,38.48,51845
2010-01-04 14:15:00,38.47,38.55,38.47,38.51,35360
2010-01-04 14:30:00,38.52,38.52,38.46,38.51,10723
2010-01-04 14:45:00,38.51,38.56,38.47,38.55,53935
2010-01-04 15:00:00,38.55,38.58,38.5,38.51,25311
2010-01-04 15:15:00,38.5,38.54,38.5,38.505,26263
2010-01-04 15:30:00,38.5,38.52,38.48,38.4915,39522
2010-01-04 15:45:00,38.495,38.5,38.47,38.47,38978
2010-01-04 16:00:00,38.47,38.54,38.43,38.52,128632
2010-01-05 09:45:00,38.57,38.57,38.3,38.49,69512
2010-01-05 10:00:00,38.495,38.5,38.35,38.35,53056
2010-01-05 10:15:00,38.35,38.57,38.29,38.56,47257
2010-01-05 10:30:00,38.57,38.57,38.49,38.5,37368
2010-01-05 10:45:00,38.5,38.56,38.48,38.56,29560
2010-01-05 11:00:00,38.55,38.55,38.48,38.52,19307
2010-01-05 11:15:00,38.51,38.52,38.43,38.43,21885
2010-01-05 11:30:00,38.44,38.44,38.315,38.315,28804
2010-01-05 11:45:00,38.31,38.31,38.25,38.29,38691
2010-01-05 12:00:00,38.3,38.33,38.29,38.3,23448
2010-01-05 12:15:00,38.29,38.31,38.22,38.24,52459
2010-01-05 12:30:00,38.24,38.26,38.2,38.26,43787
2010-01-05 12:45:00,38.25,38.3,38.25,38.275,26962
2010-01-05 13:00:00,38.28,38.33,38.275,38.33,33153
2010-01-05 13:15:00,38.34,38.37,38.19,38.19,25475
2010-01-05 13:30:00,38.19,38.19,38.07,38.09,34638
2010-01-05 13:45:00,38.0875,38.11,38.08,38.11,18257
2010-01-05 14:00:00,38.11,38.29,38.11,38.29,45067
2010-01-05 14:15:00,38.295,38.4,38.29,38.385,68364
2010-01-05 14:30:00,38.38,38.46,38.37,38.44,39760
2010-01-05 14:45:00,38.44,38.4475,38.4,38.41,37437
2010-01-05 15:00:00,38.42,38.45,38.4,38.42,29867
2010-01-05 15:15:00,38.42,38.4798,38.42,38.46,23202
2010-01-05 15:30:00,38.46,38.48,38.45,38.46,12624
2010-01-05 15:45:00,38.46,38.5,38.455,38.48,37617
2010-01-05 16:00:00,38.48,38.56,38.48,38.55,127892
2010-01-06 09:45:00,38.44,38.75,38.36,38.65,37412
2010-01-06 10:00:00,38.65,38.715,38.53,38.6399,48185
2010-01-06 10:15:00,38.6,38.7,38.54,38.62,28112
2010-01-06 10:30:00,38.62,38.64,38.43,38.46,48738
2010-01-06 10:45:00,38.45,38.455,38.32,38.38,42121
2010-01-06 11:00:00,38.38,38.48,38.38,38.48,10759
2010-01-06 11:15:00,38.49,38.51,38.45,38.48,11702
2010-01-06 11:30:00,38.48,38.49,38.43,38.46,23752
2010-01-06 11:45:00,38.47,38.57,38.46,38.5,20878
2010-01-06 12:00:00,38.49,38.5,38.44,38.44,17824
2010-01-06 12:15:00,38.43,38.46,38.38,38.39,19335
2010-01-06 12:30:00,38.39,38.42,38.25,38.25,49249
2010-01-06 12:45:00,38.25,38.3189,38.25,38.315,20275
2010-01-06 13:00:00,38.31,38.38,38.3,38.38,22478
2010-01-06 13:15:00,38.38,38.41,38.23,38.265,111116
2010-01-06 13:30:00,38.26,38.29,38.245,38.285,41313
2010-01-06 13:45:00,38.28,38.315,38.24,38.245,43465
2010-01-06 14:00:00,38.25,38.3,38.18,38.22,39842
2010-01-06 14:15:00,38.225,38.3646,38.225,38.33,37580
2010-01-06 14:30:00,38.32,38.35,38.285,38.33,31765
2010-01-06 14:45:00,38.327,38.5,38.327,38.4175,40058
2010-01-06 15:00:00,38.415,38.45,38.39,38.39,24605
2010-01-06 15:15:00,38.4,38.42,38.32,38.35,30797
2010-01-06 15:30:00,38.35,38.41,38.315,38.4,33482
2010-01-06 15:45:00,38.41,38.43,38.34,38.36,55618
2010-01-06 16:00:00,38.35,38.4,38.28,38.4,144509
2010-01-07 09:45:00,38.22,38.58,38.22,38.53,31068
2010-01-07 10:00:00,38.49,38.49,38.21,38.32,43307
2010-01-07 10:15:00,38.31,38.31,38.15,38.21,27954
2010-01-07 10:30:00,38.2,38.34,38.19,38.29,23721
2010-01-07 10:45:00,38.29,38.42,38.27,38.39,24882
2010-01-07 11:00:00,38.39,38.56,38.39,38.475,29323
2010-01-07 11:15:00,38.48,38.51,38.345,38.35,13979
2010-01-07 11:30:00,38.35,38.38,38.34,38.3425,18488
2010-01-07 11:45:00,38.345,38.42,38.32,38.42,21577
2010-01-07 12:00:00,38.41,38.41,38.31,38.34,23099
2010-01-07 12:15:00,38.34,38.35,38.33,38.33,17476
2010-01-07 12:30:00,38.335,38.35,38.305,38.34,12203
2010-01-07 12:45:00,38.34,38.35,38.26,38.29,17898
2010-01-07 13:00:00,38.28,38.31,38.25,38.26,11300
2010-01-07 13:15:00,38.26,38.28,38.24,38.27,13310
2010-01-07 13:30:00,38.28,38.3,38.25,38.3,16835
2010-01-07 13:45:00,38.29,38.3,38.26,38.26,16510
2010-01-07 14:00:00,38.26,38.3,38.24,38.3,29338
2010-01-07 14:15:00,38.29,38.3,38.25,38.275,18774
2010-01-07 14:30:00,38.28,38.31,38.27,38.31,33707
2010-01-07 14:45:00,38.31,38.4,38.29,38.31,27041
2010-01-07 15:00:00,38.31,38.33,38.28,38.29,25982
2010-01-07 15:15:00,38.29,38.31,38.21,38.29,51711
2010-01-07 15:30:00,38.29,38.3225,38.25,38.26,24039
2010-01-07 15:45:00,38.26,38.29,38.255,38.28,23466
2010-01-07 16:00:00,38.28,38.3,38.23,38.27,59849
2010-01-08 09:45:00,38.11,38.19,37.93,37.94,25772
2010-01-08 10:00:00,37.94,38.12,37.935,38.12,36507
2010-01-08 10:15:00,38.12,38.2999,37.97,38.09,46350
2010-01-08 10:30:00,38.09,38.12,38.055,38.11,25874
2010-01-08 10:45:00,38.105,38.12,38.01,38.01,27810
2010-01-08 11:00:00,38.01,38.06,37.99,38.055,20120
2010-01-08 11:15:00,38.05,38.1,38.01,38.09,18116
2010-01-08 11:30:00,38.080999999999996,38.22,38.080999999999996,38.21,22720
2010-01-08 11:45:00,38.2,38.26,38.18,38.24,29716
2010-01-08 12:00:00,38.25,38.28,38.215,38.28,14200
2010-01-08 12:15:00,38.28,38.31,38.2,38.2,21566
2010-01-08 12:30:00,38.19,38.19,38.145,38.16,14604
2010-01-08 12:45:00,38.15,38.15,38.1,38.12,18114
2010-01-08 13:00:00,38.12,38.12,38.04,38.1,23038
2010-01-08 13:15:00,38.102,38.14,38.09,38.13,19970
2010-01-08 13:30:00,38.13,38.13,38.06,38.07,20041
2010-01-08 13:45:00,38.07,38.18,38.07,38.085,38742
2010-01-08 14:00:00,38.08,38.14,38.07,38.12,39002
2010-01-08 14:15:00,38.11,38.11,38.06,38.06,32347
2010-01-08 14:30:00,38.06,38.07,38.0,38.0201,23067
2010-01-08 14:45:00,38.02,38.03,37.95,37.96,19482
2010-01-08 15:00:00,37.96,38.02,37.95,38.02,23043
2010-01-08 15:15:00,38.01,38.01,37.9625,37.97,37499
2010-01-08 15:30:00,37.97,37.975,37.93,37.94,36661
2010-01-08 15:45:00,37.93,37.95,37.89,37.95,70766
2010-01-08 16:00:00,37.95,37.97,37.92,37.94,71308
2010-01-11 09:45:00,37.93,37.95,37.55,37.73,51910
2010-01-11 10:00:00,37.72,37.74,37.66,37.71,33141
2010-01-11 10:15:00,37.72,37.83,37.71,37.79,28530
2010-01-11 10:30:00,37.78,37.93,37.73,37.9,32885
2010-01-11 10:45:00,37.9,37.9,37.74,37.7501,19919
2010-01-11 11:00:00,37.75,37.78,37.73,37.75,28057
2010-01-11 11:15:00,37.75,37.77,37.68,37.69,39152
2010-01-11 11:30:00,37.69,37.82,37.68,37.77,68790
2010-01-11 11:45:00,37.77,37.82,37.73,37.76,26511
2010-01-11 12:00:00,37.76,37.89,37.76,37.89,10257
2010-01-11 12:15:00,37.874,37.93,37.874,37.93,9856
2010-01-11 12:30:00,37.93,37.93,37.83,37.83,11763
2010-01-11 12:45:00,37.83,37.86,37.81,37.84,8885
2010-01-11 13:00:00,37.828,37.87,37.78,37.87,17589
2010-01-11 13:15:00,37.87,37.95,37.85,37.942,13944
2010-01-11 13:30:00,37.94,37.95,37.9,37.9301,11749
2010-01-11 13:45:00,37.94,37.97,37.9201,37.95,11300
2010-01-11 14:00:00,37.95,38.0,37.95,37.9701,20273
2010-01-11 14:15:00,37.97,37.98,37.95,37.97,23039
2010-01-11 14:30:00,37.98,38.03,37.97,37.993,21759
2010-01-11 14:45:00,37.99,38.01,37.96,37.96,17391
2010-01-11 15:00:00,37.965,38.005,37.9525,37.99,29647
2010-01-11 15:15:00,37.99,38.06,37.975,38.02,28991
2010-01-11 15:30:00,38.03,38.085,38.02,38.08,34961
2010-01-11 15:45:00,38.08,38.17,38.08,38.12,38899
2010-01-11 16:00:00,38.12,38.17,38.09,38.12,75662
2010-01-12 09:45:00,38.9,39.1,38.74,38.8,175809
2010-01-12 10:00:00,38.8,39.01,38.67,38.99,152320
2010-01-12 10:15:00,39.0,39.19,38.955,39.04,113323
2010-01-12 10:30:00,39.04,39.31,38.99,39.28,105349
2010-01-12 10:45:00,39.27,39.37,39.22,39.3,72072
2010-01-12 11:00:00,39.31,39.46,39.3,39.33,54181
2010-01-12 11:15:00,39.34,39.34,39.28,39.31,39921
2010-01-12 11:30:00,39.31,39.32,39.25,39.25,25563
2010-01-12 11:45:00,39.26,39.28,39.1,39.1,48498
2010-01-12 12:00:00,39.1,39.17,39.07,39.14,48558
2010-01-12 12:15:00,39.14,39.23,39.12,39.23,28910
2010-01-12 12:30:00,39.23,39.23,39.1,39.1,45973
2010-01-12 12:45:00,39.1085,39.11,39.03,39.03,35494
2010-01-12 13:00:00,39.03,39.065,38.97,38.978,33207
2010-01-12 13:15:00,38.98,38.99,38.94,38.94,27738
2010-01-12 13:30:00,38.95,38.95,38.82,38.83,27837
2010-01-12 13:45:00,38.83,38.89,38.82,38.82,20152
2010-01-12 14:00:00,38.82,38.97,38.82,38.97,21260
2010-01-12 14:15:00,38.96,38.96,38.88,38.91,49461
2010-01-12 14:30:00,38.9,38.93,38.9,38.913000000000004,30032
2010-01-12 14:45:00,38.92,38.92,38.78,38.7801,51669
2010-01-12 15:00:00,38.78,38.93,38.77,38.9,58218
2010-01-12 15:15:00,38.9,38.91,38.83,38.84,47035
2010-01-12 15:30:00,38.84,38.84,38.75,38.81,62722
2010-01-12 15:45:00,38.81,38.84,38.76,38.76,84394
2010-01-12 16:00:00,38.76,38.87,38.76,38.85,131689
2010-01-13 09:45:00,38.95,39.08,38.83,38.93,38433
2010-01-13 10:00:00,38.94,39.07,38.88,39.05,43573
2010-01-13 10:15:00,39.05,39.13,39.02,39.13,38361
2010-01-13 10:30:00,39.12,39.14,39.03,39.12,38167
2010-01-13 10:45:00,39.2,39.2,39.05,39.1,80528
2010-01-13 11:00:00,39.11,39.14,38.99,39.12,41588
2010-01-13 11:15:00,39.12,39.15,39.03,39.1,26148
2010-01-13 11:30:00,39.1,39.21,39.02,39.1,60969
2010-01-13 11:45:00,39.11,39.14,39.01,39.04,29000
2010-01-13 12:00:00,39.04,39.06,38.96,38.98,39530
2010-01-13 12:15:00,38.98,39.08,38.98,39.02,72424
2010-01-13 12:30:00,39.01,39.08,39.005,39.05,41074
2010-01-13 12:45:00,39.04,39.16,39.035,39.1,37667
2010-01-13 13:00:00,39.1,39.12,38.94,38.94,36540
2010-01-13 13:15:00,38.94,38.95,38.91,38.92,24841
2010-01-13 13:30:00,38.92,38.95,38.885,38.94,53826
2010-01-13 13:45:00,38.93,38.99,38.91,38.92,48704
2010-01-13 14:00:00,38.92,38.94,38.86,38.88,34486
2010-01-13 14:15:00,38.87,38.98,38.84,38.84,65986
2010-01-13 14:30:00,38.84,38.89,38.830999999999996,38.88,44619
2010-01-13 14:45:00,38.8775,38.93,38.845,38.858000000000004,52253
2010-01-13 15:00:00,38.85,38.87,38.81,38.82,48198
2010-01-13 15:15:00,38.82,38.82,38.75,38.77,52079
2010-01-13 15:30:00,38.78,38.98,38.775,38.955,75840
2010-01-13 15:45:00,38.9575,39.1,38.955,38.99,80761
2010-01-13 16:00:00,38.9875,39.01,38.95,38.96,124812
2010-01-14 09:45:00,38.77,38.98,38.7,38.84,37927
2010-01-14 10:00:00,38.82,38.89,38.69,38.73,29765
2010-01-14 10:15:00,38.72,38.87,38.685,38.79,27854
2010-01-14 10:30:00,38.77,38.77,38.58,38.61,30973
2010-01-14 10:45:00,38.6,38.676,38.55,38.58,17331
2010-01-14 11:00:00,38.57,38.63,38.52,38.56,27808
2010-01-14 11:15:00,38.57,38.59,38.46,38.53,28111
2010-01-14 11:30:00,38.54,38.65,38.46,38.64,26911
2010-01-14 11:45:00,38.64,38.75,38.63,38.741,13003
2010-01-14 12:00:00,38.75,38.75,38.69,38.69,19993
2010-01-14 12:15:00,38.7,38.79,38.7,38.78,16007
2010-01-14 12:30:00,38.79,38.8499,38.79,38.8213,15286
2010-01-14 12:45:00,38.821999999999996,38.9,38.821999999999996,38.86,19999
2010-01-14 13:00:00,38.86,38.88,38.806,38.85,15359
2010-01-14 13:15:00,38.85,38.86,38.71,38.71,16132
2010-01-14 13:30:00,38.72,38.74,38.6799,38.74,15521
2010-01-14 13:45:00,38.75,38.85,38.74,38.82,22251
2010-01-14 14:00:00,38.82,38.86,38.74,38.74,20820
2010-01-14 14:15:00,38.74,38.77,38.72,38.74,17226
2010-01-14 14:30:00,38.73,38.795,38.73,38.77,25049
2010-01-14 14:45:00,38.76,38.79,38.75,38.77,18850
2010-01-14 15:00:00,38.76,38.79,38.745,38.79,22848
2010-01-14 15:15:00,38.77,38.85,38.765,38.8,34204
2010-01-14 15:30:00,38.82,38.86,38.8,38.8101,22763
2010-01-14 15:45:00,38.82,38.82,38.74,38.78,37467
2010-01-14 16:00:00,38.78,38.82,38.75,38.78,60962
2010-01-15 09:45:00,38.45,39.15,38.45,38.95,221961
2010-01-15 10:00:00,38.96,39.08,38.74,38.83,25745
2010-01-15 10:15:00,38.8,38.83,38.55,38.62,31492
2010-01-15 10:30:00,38.615,38.62,38.39,38.41,31059
2010-01-15 10:45:00,38.4,38.5,38.3,38.38,51594
2010-01-15 11:00:00,38.36,38.49,38.3,38.49,31791
2010-01-15 11:15:00,38.49,38.52,38.33,38.35,25773
2010-01-15 11:30:00,38.34,38.35,38.165,38.25,65301
2010-01-15 11:45:00,38.25,38.25,38.09,38.155,42596
2010-01-15 12:00:00,38.17,38.19,38.05,38.12,48607
2010-01-15 12:15:00,38.11,38.13,38.07,38.12,35531
2010-01-15 12:30:00,38.13,38.15,38.07,38.07,31524
2010-01-15 12:45:00,38.07,38.09,38.03,38.03,24964
2010-01-15 13:00:00,38.03,38.1146,38.03,38.085,36413
2010-01-15 13:15:00,38.09,38.13,38.04,38.085,25665
2010-01-15 13:30:00,38.08,38.08,38.02,38.07,37420
2010-01-15 13:45:00,38.055,38.0673,38.03,38.0627,18392
2010-01-15 14:00:00,38.065,38.16,38.04,38.065,37493
2010-01-15 14:15:00,38.07,38.11,38.07,38.11,23233
2010-01-15 14:30:00,38.11,38.12,38.08,38.09,18626
2010-01-15 14:45:00,38.08,38.11,38.04,38.04,34013
2010-01-15 15:00:00,38.05,38.08,38.04,38.06,30615
2010-01-15 15:15:00,38.06,38.25,38.06,38.232,61963
2010-01-15 15:30:00,38.24,38.25,38.19,38.2,28762
2010-01-15 15:45:00,38.2,38.25,38.16,38.18,41825
2010-01-15 16:00:00,38.19,38.24,38.15,38.21,172637
2010-01-19 09:45:00,38.21,38.54,38.0,38.32,49791
2010-01-19 10:00:00,38.32,38.48,38.32,38.35,32495
2010-01-19 10:15:00,38.36,38.6,38.35,38.59,31951
2010-01-19 10:30:00,38.62,38.71,38.58,38.62,26362
2010-01-19 10:45:00,38.62,38.66,38.6,38.63,20394
2010-01-19 11:00:00,38.6,38.62,38.54,38.56,11521
2010-01-19 11:15:00,38.57,38.58,38.49,38.49,19090
2010-01-19 11:30:00,38.49,38.54,38.46,38.53,58833
2010-01-19 11:45:00,38.53,38.57,38.49,38.5198,22895
2010-01-19 12:00:00,38.53,38.5388,38.4,38.4,10298
2010-01-19 12:15:00,38.41,38.52,38.41,38.51,16771
2010-01-19 12:30:00,38.52,38.56,38.45,38.56,21480
2010-01-19 12:45:00,38.56,38.6,38.555,38.6,10383
2010-01-19 13:00:00,38.6,38.67,38.58,38.63,21528
2010-01-19 13:15:00,38.62,38.685,38.61,38.66,12728
2010-01-19 13:30:00,38.66,38.67,38.63,38.64,17707
2010-01-19 13:45:00,38.64,38.65,38.63,38.645,28502
2010-01-19 14:00:00,38.645,38.655,38.61,38.62,31060
2010-01-19 14:15:00,38.62,38.62,38.58,38.58,26323
2010-01-19 14:30:00,38.58,38.585,38.54,38.545,25456
2010-01-19 14:45:00,38.545,38.56,38.53,38.5375,20988
2010-01-19 15:00:00,38.53,38.56,38.53,38.56,23870
2010-01-19 15:15:00,38.55,38.55,38.515,38.54,19619
2010-01-19 15:30:00,38.54,38.58,38.52,38.56,38486
2010-01-19 15:45:00,38.56,38.56,38.52,38.54,43557
2010-01-19 16:00:00,38.53,38.62,38.53,38.62,117956
2010-01-20 09:45:00,38.25,38.31,37.7,38.07,69207
2010-01-20 10:00:00,38.0,38.36,37.92,38.31,28138
2010-01-20 10:15:00,38.28,38.34,38.0,38.1,38202
2010-01-20 10:30:00,38.1,38.13,37.92,37.93,39149
2010-01-20 10:45:00,37.93,38.07,37.93,38.06,22920
2010-01-20 11:00:00,38.05,38.05,37.9,37.91,27271
2010-01-20 11:15:00,37.92,37.93,37.74,37.87,44969
2010-01-20 11:30:00,37.85,37.94,37.85,37.93,30292
2010-01-20 11:45:00,37.93,37.95,37.92,37.935,41886
2010-01-20 12:00:00,37.93,37.95,37.88,37.88,21634
2010-01-20 12:15:00,37.9,37.99,37.89,37.97,26632
2010-01-20 12:30:00,37.98,37.98,37.87,37.89,15750
2010-01-20 12:45:00,37.89,37.905,37.86,37.86,24516
2010-01-20 13:00:00,37.85,37.865,37.82,37.83,22614
2010-01-20 13:15:00,37.83,37.83,37.76,37.8,34570
2010-01-20 13:30:00,37.79,37.89,37.79,37.86,44645
2010-01-20 13:45:00,37.86,37.91,37.845,37.9,11623
2010-01-20 14:00:00,37.9,37.96,37.87,37.89,17679
2010-01-20 14:15:00,37.88,37.92,37.86,37.9,13565
2010-01-20 14:30:00,37.89,37.91,37.86,37.87,23376
2010-01-20 14:45:00,37.87,37.94,37.85,37.87,34731
2010-01-20 15:00:00,37.87,37.92,37.84,37.91,50385
2010-01-20 15:15:00,37.91,37.93,37.87,37.9,29301
2010-01-20 15:30:00,37.9,37.96,37.87,37.92,37581
2010-01-20 15:45:00,37.93,37.97,37.92,37.95,76905
2010-01-20 16:00:00,37.96,37.98,37.93,37.94,71310
2010-01-21 09:45:00,37.85,38.17,37.82,37.99,38149
2010-01-21 10:00:00,37.99,38.25,37.99,38.25,35332
2010-01-21 10:15:00,38.24,38.43,38.23,38.4,35048
2010-01-21 10:30:00,38.4,38.43,37.99,38.0,73349
2010-01-21 10:45:00,37.98,38.04,37.9,38.01,94992
2010-01-21 11:00:00,38.0,38.02,37.95,37.99,34773
2010-01-21 11:15:00,37.99,38.03,37.81,37.84,82030
2010-01-21 11:30:00,37.84,37.86,37.79,37.85,24756
2010-01-21 11:45:00,37.84,37.8599,37.61,37.61,98290
2010-01-21 12:00:00,37.62,37.82,37.6,37.74,48041
2010-01-21 12:15:00,37.74,37.88,37.7,37.8,35055
2010-01-21 12:30:00,37.8,37.81,37.57,37.59,37538
2010-01-21 12:45:00,37.58,37.7,37.58,37.7,48283
2010-01-21 13:00:00,37.7,37.76,37.61,37.75,38964
2010-01-21 13:15:00,37.742,37.75,37.65,37.72,33216
2010-01-21 13:30:00,37.72,37.77,37.72,37.77,19735
2010-01-21 13:45:00,37.78,37.89,37.775,37.88,46101
2010-01-21 14:00:00,37.88,37.89,37.87,37.88,66790
2010-01-21 14:15:00,37.89,37.9,37.795,37.81,19330
2010-01-21 14:30:00,37.82,37.95,37.79,37.94,38100
2010-01-21 14:45:00,37.93,37.98,37.93,37.98,86647
2010-01-21 15:00:00,37.98,38.05,37.95,38.04,31784
2010-01-21 15:15:00,38.045,38.08,37.87,37.91,55727
2010-01-21 15:30:00,37.905,37.95,37.84,37.9,45447
2010-01-21 15:45:00,37.9,37.97,37.83,37.91,47824
2010-01-21 16:00:00,37.91,37.98,37.84,37.86,137851
2010-01-22 09:45:00,37.99,38.21,37.66,38.07,45912
2010-01-22 10:00:00,38.11,38.22,38.05,38.1825,46225
2010-01-22 10:15:00,38.18,38.185,38.02,38.13,46107
2010-01-22 10:30:00,38.13,38.14,37.86,38.11,60073
2010-01-22 10:45:00,38.08,38.24,38.05,38.1,23279
2010-01-22 11:00:00,38.07,38.24,38.05,38.24,31110
2010-01-22 11:15:00,38.23,38.35,38.19,38.27,30788
2010-01-22 11:30:00,38.26,38.33,38.195,38.24,27634
2010-01-22 11:45:00,38.23,38.52,38.2,38.51,97961
2010-01-22 12:00:00,38.49,38.54,38.43,38.47,55454
2010-01-22 12:15:00,38.47,38.58,38.36,38.58,85880
2010-01-22 12:30:00,38.58,38.76,38.56,38.74,56471
2010-01-22 12:45:00,38.73,38.77,38.63,38.77,76813
2010-01-22 13:00:00,38.76,38.7625,38.64,38.6525,32394
2010-01-22 13:15:00,38.65,38.65,38.47,38.47,19037
2010-01-22 13:30:00,38.47,38.47,38.38,38.44,25296
2010-01-22 13:45:00,38.44,38.46,38.25,38.28,35529
2010-01-22 14:00:00,38.28,38.31,38.204,38.25,26452
2010-01-22 14:15:00,38.25,38.31,38.2,38.3025,17100
2010-01-22 14:30:00,38.3,38.31,38.2,38.21,14849
2010-01-22 14:45:00,38.21,38.22,38.07,38.17,22891
2010-01-22 15:00:00,38.19,38.19,38.06,38.11,31558
2010-01-22 15:15:00,38.1,38.18,37.95,37.95,44941
2010-01-22 15:30:00,37.96,37.98,37.82,37.92,76551
2010-01-22 15:45:00,37.93,37.98,37.85,37.86,92136
2010-01-22 16:00:00,37.86,37.94,37.8,37.87,204274
2010-01-25 09:45:00,38.73,38.77,38.35,38.5525,141713
2010-01-25 10:00:00,38.55,38.87,38.53,38.75,102499
2010-01-25 10:15:00,38.7,38.76,38.52,38.55,61730
2010-01-25 10:30:00,38.55,38.79,38.55,38.69,55024
2010-01-25 10:45:00,38.7,38.72,38.53,38.56,59468
2010-01-25 11:00:00,38.56,38.75,38.54,38.64,58984
2010-01-25 11:15:00,38.64,38.65,38.41,38.515,86910
2010-01-25 11:30:00,38.51,38.6,38.47,38.51,71625
2010-01-25 11:45:00,38.5004,38.56,38.47,38.54,52731
2010-01-25 12:00:00,38.54,38.67,38.51,38.65,44786
2010-01-25 12:15:00,38.64,38.76,38.62,38.64,46704
2010-01-25 12:30:00,38.63,38.63,38.55,38.57,46664
2010-01-25 12:45:00,38.58,38.61,38.55,38.61,23222
2010-01-25 13:00:00,38.6,38.6,38.52,38.54,33190
2010-01-25 13:15:00,38.54,38.54,38.455,38.47,24376
2010-01-25 13:30:00,38.48,38.54,38.47,38.52,28432
2010-01-25 13:45:00,38.53,38.55,38.46,38.54,39671
2010-01-25 14:00:00,38.54,38.57,38.51,38.54,25417
2010-01-25 14:15:00,38.55,38.59,38.54,38.59,29983
2010-01-25 14:30:00,38.59,38.61,38.555,38.57,35328
2010-01-25 14:45:00,38.56,38.58,38.49,38.56,73234
2010-01-25 15:00:00,38.55,38.61,38.54,38.6,55231
2010-01-25 15:15:00,38.6,38.66,38.56,38.66,71506
2010-01-25 15:30:00,38.655,38.67,38.64,38.66,68882
2010-01-25 15:45:00,38.6501,38.67,38.63,38.65,116665
2010-01-25 16:00:00,38.65,38.66,38.57,38.58,241541
2010-01-26 09:45:00,38.4,38.54,37.92,38.44,58898
2010-01-26 10:00:00,38.44,38.51,38.18,38.21,31993
2010-01-26 10:15:00,38.22,38.68,38.22,38.6,46411
2010-01-26 10:30:00,38.6,38.65,38.52,38.53,51727
2010-01-26 10:45:00,38.535,38.61,38.46,38.61,57928
2010-01-26 11:00:00,38.61,38.69,38.52,38.545,62957
2010-01-26 11:15:00,38.54,38.54,38.39,38.41,52401
2010-01-26 11:30:00,38.42,38.44,38.36,38.38,30746
2010-01-26 11:45:00,38.38,38.52,38.37,38.42,29377
2010-01-26 12:00:00,38.42,38.44,38.32,38.32,38147
2010-01-26 12:15:00,38.325,38.39,38.29,38.39,32017
2010-01-26 12:30:00,38.39,38.39,38.345,38.39,36563
2010-01-26 12:45:00,38.39,38.47,38.33,38.43,38035
2010-01-26 13:00:00,38.43,38.46,38.4,38.45,18258
2010-01-26 13:15:00,38.46,38.49,38.3801,38.3801,31032
2010-01-26 13:30:00,38.38,38.47,38.38,38.44,47015
2010-01-26 13:45:00,38.44,38.485,38.43,38.46,29240
2010-01-26 14:00:00,38.4685,38.49,38.43,38.47,26913
2010-01-26 14:15:00,38.47,38.5031,38.41,38.43,43345
2010-01-26 14:30:00,38.43,38.45,38.4,38.42,45649
2010-01-26 14:45:00,38.42,38.46,38.4,38.43,70451
2010-01-26 15:00:00,38.43,38.51,38.43,38.51,51310
2010-01-26 15:15:00,38.51,38.56,38.46,38.49,56832
2010-01-26 15:30:00,38.49,38.51,38.41,38.47,79560
2010-01-26 15:45:00,38.48,38.52,38.43,38.445,117899
2010-01-26 16:00:00,38.44,38.52,38.43,38.47,122888
2010-01-27 09:45:00,38.03,38.4,37.89,38.114000000000004,46453
2010-01-27 10:00:00,38.12,38.16,37.99,38.03,22398
2010-01-27 10:15:00,38.01,38.04,37.79,37.9,52359
2010-01-27 10:30:00,37.89,37.92,37.75,37.91,81249
2010-01-27 10:45:00,37.9,37.95,37.81,37.91,44319
2010-01-27 11:00:00,37.92,38.11,37.85,38.0,58636
2010-01-27 11:15:00,38.01,38.08,37.93,37.93,34539
2010-01-27 11:30:00,37.93,38.06,37.84,38.02,37402
2010-01-27 11:45:00,38.0,38.02,37.88,38.01,25197
2010-01-27 12:00:00,38.0,38.01,37.82,37.83,32926
2010-01-27 12:15:00,37.83,37.92,37.83,37.9,13291
2010-01-27 12:30:00,37.89,37.89,37.79,37.805,23747
2010-01-27 12:45:00,37.8,37.82,37.755,37.76,31813
2010-01-27 13:00:00,37.76,37.77,37.695,37.7,58462
2010-01-27 13:15:00,37.7,37.8198,37.69,37.8,58213
2010-01-27 13:30:00,37.8,37.89,37.744,37.89,37275
2010-01-27 13:45:00,37.88,38.0,37.88,37.98,40417
2010-01-27 14:00:00,37.975,37.99,37.91,37.94,33636
2010-01-27 14:15:00,37.94,38.0,37.94,37.99,22900
2010-01-27 14:30:00,37.99,38.0599,37.82,37.94,88709
2010-01-27 14:45:00,37.93,38.2,37.86,38.14,58670
2010-01-27 15:00:00,38.13,38.13,38.01,38.11,49773
2010-01-27 15:15:00,38.1,38.165,38.0,38.0688,92710
2010-01-27 15:30:00,38.07,38.26,38.02,38.24,102238
2010-01-27 15:45:00,38.25,38.42,38.24,38.31,152731
2010-01-27 16:00:00,38.3,38.34,38.21,38.27,173933
2010-01-28 09:45:00,38.48,38.48,37.83,37.965,88838
2010-01-28 10:00:00,37.96,38.08,37.87,37.91,83937
2010-01-28 10:15:00,37.9,37.9,37.6,37.74,85011
2010-01-28 10:30:00,37.75,37.77,37.55,37.5775,68803
2010-01-28 10:45:00,37.58,37.73,37.54,37.73,67759
2010-01-28 11:00:00,37.71,37.71,37.49,37.515,70331
2010-01-28 11:15:00,37.51,37.81,37.47,37.81,110527
2010-01-28 11:30:00,37.8,37.81,37.63,37.71,29281
2010-01-28 11:45:00,37.68,37.747,37.6,37.73,48654
2010-01-28 12:00:00,37.74,37.89,37.73,37.8099,63109
2010-01-28 12:15:00,37.83,37.83,37.72,37.77,25030
2010-01-28 12:30:00,37.75,37.77,37.61,37.66,42577
2010-01-28 12:45:00,37.66,37.66,37.59,37.6,22139
2010-01-28 13:00:00,37.6,37.68,37.6,37.65,29007
2010-01-28 13:15:00,37.65,37.67,37.58,37.61,29214
2010-01-28 13:30:00,37.62,37.73,37.6,37.67,21693
2010-01-28 13:45:00,37.67,37.81,37.65,37.795,20561
2010-01-28 14:00:00,37.795,37.82,37.77,37.79,51514
2010-01-28 14:15:00,37.79,37.82,37.72,37.79,59283
2010-01-28 14:30:00,37.79,37.79,37.74,37.77,30315
2010-01-28 14:45:00,37.77,37.81,37.71,37.799,46398
2010-01-28 15:00:00,37.814,37.9,37.79,37.84,48002
2010-01-28 15:15:00,37.83,37.93,37.8,37.83,70737
2010-01-28 15:30:00,37.84,37.86,37.79,37.81,75494
2010-01-28 15:45:00,37.82,37.89,37.79,37.8,84226
2010-01-28 16:00:00,37.8,37.82,37.71,37.74,247143
2010-01-29 09:45:00,38.56,38.56,38.22,38.26,90519
2010-01-29 10:00:00,38.25,38.37,38.16,38.25,69958
2010-01-29 10:15:00,38.24,38.29,38.17,38.28,38296
2010-01-29 10:30:00,38.27,38.42,38.27,38.375,42828
2010-01-29 10:45:00,38.375,38.38,38.24,38.26,47461
2010-01-29 11:00:00,38.25,38.31,38.11,38.21,61719
2010-01-29 11:15:00,38.22,38.3,38.1,38.12,59600
2010-01-29 11:30:00,38.09,38.23,38.06,38.11,58569
2010-01-29 11:45:00,38.1,38.14,38.03,38.08,36626
2010-01-29 12:00:00,38.09,38.19,38.05,38.07,46832
2010-01-29 12:15:00,38.06,38.06,37.82,37.86,93847
2010-01-29 12:30:00,37.86,37.96,37.86,37.93,47800
2010-01-29 12:45:00,37.93,37.99,37.89,37.98,26637
2010-01-29 13:00:00,37.97,38.02,37.96,38.02,56408
2010-01-29 13:15:00,38.01,38.08,37.96,37.97,60437
2010-01-29 13:30:00,37.97,38.05,37.97,38.01,26084
2010-01-29 13:45:00,38.0001,38.06,37.92,37.96,34372
2010-01-29 14:00:00,37.96,37.97,37.87,37.96,47243
2010-01-29 14:15:00,37.95,38.08,37.91,38.06,35497
2010-01-29 14:30:00,38.07,38.075,37.97,38.03,42562
2010-01-29 14:45:00,38.02,38.08,37.925,37.98,55500
2010-01-29 15:00:00,37.98,37.98,37.84,37.93,48521
2010-01-29 15:15:00,37.93,37.95,37.79,37.8,52687
2010-01-29 15:30:00,37.81,37.92,37.79,37.815,78912
2010-01-29 15:45:00,37.84,37.93,37.775,37.89,147520
2010-01-29 16:00:00,37.9,37.91,37.79,37.8,256733
2010-02-01 09:45:00,37.9,38.09,37.76,37.93,56140
2010-02-01 10:00:00,37.96,38.1,37.9375,38.09,31886
2010-02-01 10:15:00,38.11,38.2,37.95,38.2,54083
2010-02-01 10:30:00,38.2,38.25,38.08,38.1,38084
2010-02-01 10:45:00,38.11,38.17,38.07,38.1,47128
2010-02-01 11:00:00,38.09,38.1,37.99,37.99,35556
2010-02-01 11:15:00,37.99,38.19,37.98,38.11,38369
2010-02-01 11:30:00,38.1,38.22,38.086,38.18,21381
2010-02-01 11:45:00,38.17,38.17,38.11,38.164,33928
2010-02-01 12:00:00,38.16,38.16,38.05,38.05,22327
2010-02-01 12:15:00,38.05,38.11,38.02,38.1,42839
2010-02-01 12:30:00,38.09,38.23,38.09,38.19,48516
2010-02-01 12:45:00,38.19,38.3,38.19,38.29,40839
2010-02-01 13:00:00,38.29,38.31,38.24,38.26,30130
2010-02-01 13:15:00,38.26,38.3,38.23,38.27,21375
2010-02-01 13:30:00,38.25,38.3,38.25,38.26,16803
2010-02-01 13:45:00,38.26,38.27,38.24,38.24,32693
2010-02-01 14:00:00,38.25,38.29,38.2,38.22,30995
2010-02-01 14:15:00,38.225,38.255,38.15,38.16,24023
2010-02-01 14:30:00,38.16,38.24,38.14,38.21,24102
2010-02-01 14:45:00,38.22,38.24,38.17,38.18,39970
2010-02-01 15:00:00,38.19,38.21,38.14,38.16,30400
2010-02-01 15:15:00,38.16,38.18,38.1,38.11,55400
2010-02-01 15:30:00,38.11,38.17,38.1,38.15,47480
2010-02-01 15:45:00,38.15,38.19,38.09,38.14,72273
2010-02-01 16:00:00,38.15,38.24,38.1,38.24,163910
2010-02-02 09:45:00,38.15,38.49,38.1,38.304,42014
2010-02-02 10:00:00,38.29,38.39,38.19,38.21,41369
2010-02-02 10:15:00,38.23,38.33,38.17,38.32,24227
2010-02-02 10:30:00,38.32,38.43,38.3,38.42,48151
2010-02-02 10:45:00,38.43,38.48,38.41,38.41,43595
2010-02-02 11:00:00,38.41,38.45,38.37,38.4,81149
2010-02-02 11:15:00,38.4,38.405,38.3,38.38,113990
2010-02-02 11:30:00,38.39,38.41,38.3,38.35,46209
2010-02-02 11:45:00,38.35,38.39,38.25,38.26,50524
2010-02-02 12:00:00,38.26,38.36,38.26,38.2718,29764
2010-02-02 12:15:00,38.27,38.36,38.24,38.32,23239
2010-02-02 12:30:00,38.33,38.44,38.32,38.42,27171
2010-02-02 12:45:00,38.41,38.57,38.4,38.559,37747
2010-02-02 13:00:00,38.55,38.58,38.51,38.56,26941
2010-02-02 13:15:00,38.56,38.62,38.56,38.62,32420
2010-02-02 13:30:00,38.62,38.67,38.61,38.67,41715
2010-02-02 13:45:00,38.67,38.74,38.66,38.74,43482
2010-02-02 14:00:00,38.74,38.8,38.69,38.7499,32231
2010-02-02 14:15:00,38.74,38.76,38.66,38.66,34553
2010-02-02 14:30:00,38.67,38.77,38.62,38.77,43409
2010-02-02 14:45:00,38.76,38.87,38.76,38.839,95231
2010-02-02 15:00:00,38.83,38.85,38.74,38.85,74820
2010-02-02 15:15:00,38.85,38.9,38.81,38.89,58672
2010-02-02 15:30:00,38.89,38.95,38.83,38.85,59702
2010-02-02 15:45:00,38.85,38.87,38.76,38.77,72351
2010-02-02 16:00:00,38.77,38.85,38.77,38.85,192111
2010-02-03 09:45:00,38.65,38.89,38.5,38.84,31263
2010-02-03 10:00:00,38.96,38.96,38.73,38.83,38561
2010-02-03 10:15:00,38.8025,38.8025,38.59,38.73,24372
2010-02-03 10:30:00,38.736,38.736,38.62,38.72,24970
2010-02-03 10:45:00,38.7,38.75,38.57,38.67,21444
2010-02-03 11:00:00,38.66,38.81,38.6,38.68,38132
2010-02-03 11:15:00,38.69,38.84,38.66,38.79,17174
2010-02-03 11:30:00,38.78,38.78,38.67,38.7,12812
2010-02-03 11:45:00,38.71,38.74,38.51,38.555,28920
2010-02-03 12:00:00,38.57,38.6,38.49,38.51,29595
2010-02-03 12:15:00,38.5,38.68,38.5,38.67,13571
2010-02-03 12:30:00,38.68,38.68,38.56,38.57,13714
2010-02-03 12:45:00,38.575,38.61,38.54,38.55,23418
2010-02-03 13:00:00,38.54,38.64,38.52,38.6,25774
2010-02-03 13:15:00,38.6,38.74,38.585,38.65,37152
2010-02-03 13:30:00,38.66,38.72,38.66,38.69,11434
2010-02-03 13:45:00,38.68,38.71,38.63,38.69,26160
2010-02-03 14:00:00,38.69,38.69,38.59,38.67,42454
2010-02-03 14:15:00,38.67,38.83,38.665,38.82,122463
2010-02-03 14:30:00,38.82,38.86,38.735,38.81,47219
2010-02-03 14:45:00,38.81,38.85,38.76,38.76,27266
2010-02-03 15:00:00,38.75,38.84,38.74,38.8,58204
2010-02-03 15:15:00,38.81,38.94,38.81,38.93,115696
2010-02-03 15:30:00,38.9275,39.02,38.92,38.97,174911
2010-02-03 15:45:00,38.96,39.0,38.91,38.96,75684
2010-02-03 16:00:00,38.97,39.0,38.92,38.93,146583
2010-02-04 09:45:00,38.2,38.82,38.2,38.68,46586
2010-02-04 10:00:00,38.68,38.72,38.44,38.45,50695
2010-02-04 10:15:00,38.47,38.58,38.32,38.39,43632
2010-02-04 10:30:00,38.38,38.4,38.31,38.34,45979
2010-02-04 10:45:00,38.3325,38.44,38.3325,38.405,35674
2010-02-04 11:00:00,38.42,38.42,38.2124,38.24,30011
2010-02-04 11:15:00,38.24,38.25,38.145,38.2,81575
2010-02-04 11:30:00,38.19,38.28,38.14,38.28,81067
2010-02-04 11:45:00,38.3,38.3,38.15,38.21,53231
2010-02-04 12:00:00,38.21,38.28,38.18,38.28,54144
2010-02-04 12:15:00,38.28,38.47,38.28,38.47,92268
2010-02-04 12:30:00,38.46,38.47,38.365,38.3799,52552
2010-02-04 12:45:00,38.38,38.43,38.33,38.4,49385
2010-02-04 13:00:00,38.39,38.4,38.29,38.4,58302
2010-02-04 13:15:00,38.41,38.46,38.36,38.46,51071
2010-02-04 13:30:00,38.45,38.5,38.41,38.45,26633
2010-02-04 13:45:00,38.45,38.45,38.3,38.32,51849
2010-02-04 14:00:00,38.3,38.43,38.27,38.35,77255
2010-02-04 14:15:00,38.37,38.49,38.34,38.47,93221
2010-02-04 14:30:00,38.47,38.58,38.43,38.49,108280
2010-02-04 14:45:00,38.48,38.55,38.4,38.41,40555
2010-02-04 15:00:00,38.41,38.45,38.4,38.42,29107
2010-02-04 15:15:00,38.43,38.44,38.32,38.33,65537
2010-02-04 15:30:00,38.34,38.39,38.26,38.38,134064
2010-02-04 15:45:00,38.38,38.42,38.32,38.4,120230
2010-02-04 16:00:00,38.4,38.41,38.25,38.29,194595
2010-02-05 09:45:00,38.22,38.45,38.09,38.335,50196
2010-02-05 10:00:00,38.36,38.43,38.28,38.36,78383
2010-02-05 10:15:00,38.35,38.52,38.3,38.32,35839
2010-02-05 10:30:00,38.33,38.68,38.33,38.57,44460
2010-02-05 10:45:00,38.57,38.64,38.48,38.57,69775
2010-02-05 11:00:00,38.57,38.6,38.48,38.53,67070
2010-02-05 11:15:00,38.53,38.57,38.44,38.53,66259
2010-02-05 11:30:00,38.52,38.6,38.43,38.46,47359
2010-02-05 11:45:00,38.46,38.58,38.45,38.58,139836
2010-02-05 12:00:00,38.57,38.57,38.36,38.37,80348
2010-02-05 12:15:00,38.39,38.47,38.35,38.38,49940
2010-02-05 12:30:00,38.39,38.47,38.37,38.44,57637
2010-02-05 12:45:00,38.43,38.44,38.305,38.32,43631
2010-02-05 13:00:00,38.31,38.44,38.25,38.44,28415
2010-02-05 13:15:00,38.44,38.45,38.2,38.28,38051
2010-02-05 13:30:00,38.27,38.29,38.09,38.09,25238
2010-02-05 13:45:00,38.1,38.16,37.94,38.02,73143
2010-02-05 14:00:00,38.01,38.05,37.92,37.98,35666
2010-02-05 14:15:00,37.98,38.0899,37.98,38.07,41680
2010-02-05 14:30:00,38.07,38.13,38.05,38.07,50950
2010-02-05 14:45:00,38.07,38.12,38.01,38.03,51435
2010-02-05 15:00:00,38.03,38.13,38.03,38.03,68963
2010-02-05 15:15:00,38.03,38.57,38.03,38.55,167579
2010-02-05 15:30:00,38.55,38.59,38.29,38.36,90260
2010-02-05 15:45:00,38.36,38.51,38.29,38.42,84761
2010-02-05 16:00:00,38.41,38.5,38.3,38.47,194878
2010-02-08 09:45:00,38.43,38.73,38.18,38.44,39120
2010-02-08 10:00:00,38.42,38.64,38.26,38.63,38960
2010-02-08 10:15:00,38.64,38.8,38.62,38.76,43062
2010-02-08 10:30:00,38.76,38.81,38.61,38.71,38554
2010-02-08 10:45:00,38.72,38.83,38.66,38.71,40465
2010-02-08 11:00:00,38.7,38.77,38.65,38.77,38787
2010-02-08 11:15:00,38.77,38.77,38.69,38.7,37469
2010-02-08 11:30:00,38.69,38.7,38.56,38.57,23181
2010-02-08 11:45:00,38.57,38.59,38.5,38.51,23055
2010-02-08 12:00:00,38.51,38.58,38.48,38.54,22221
2010-02-08 12:15:00,38.53,38.54,38.44,38.44,25291
2010-02-08 12:30:00,38.44,38.55,38.44,38.55,16204
2010-02-08 12:45:00,38.54,38.62,38.49,38.6,28467
2010-02-08 13:00:00,38.61,38.61,38.54,38.58,15801
2010-02-08 13:15:00,38.59,38.59,38.42,38.46,29258
2010-02-08 13:30:00,38.46,38.51,38.41,38.5,29787
2010-02-08 13:45:00,38.52,38.53,38.47,38.51,13245
2010-02-08 14:00:00,38.51,38.5101,38.42,38.49,25425
2010-02-08 14:15:00,38.51,38.57,38.51,38.56,20248
2010-02-08 14:30:00,38.57,38.57,38.52,38.53,16430
2010-02-08 14:45:00,38.53,38.55,38.41,38.485,42514
2010-02-08 15:00:00,38.48,38.54,38.45,38.47,28657
2010-02-08 15:15:00,38.465,38.47,38.36,38.395,63035
2010-02-08 15:30:00,38.4,38.4,38.29,38.315,41014
2010-02-08 15:45:00,38.31,38.42,38.31,38.41,51969
2010-02-08 16:00:00,38.41,38.415,38.2,38.2,134756
2010-02-09 09:45:00,38.57,38.78,38.28,38.3,25034
2010-02-09 10:00:00,38.3,38.54,38.29,38.38,40614
2010-02-09 10:15:00,38.38,38.56,38.36,38.53,29976
2010-02-09 10:30:00,38.53,38.68,38.44,38.45,18211
2010-02-09 10:45:00,38.44,38.48,38.33,38.36,22545
2010-02-09 11:00:00,38.38,38.47,38.32,38.36,18897
2010-02-09 11:15:00,38.35,38.43,38.32,38.37,42006
2010-02-09 11:30:00,38.36,38.52,38.32,38.46,40046
2010-02-09 11:45:00,38.47,38.74,38.45,38.6,91690
2010-02-09 12:00:00,38.61,38.76,38.54,38.68,20231
2010-02-09 12:15:00,38.71,38.8,38.69,38.781,25666
2010-02-09 12:30:00,38.8,38.98,38.8,38.92,32672
2010-02-09 12:45:00,38.92,38.975,38.7,38.8,56006
2010-02-09 13:00:00,38.8,38.905,38.75,38.86,45399
2010-02-09 13:15:00,38.86,38.98,38.85,38.91,27199
2010-02-09 13:30:00,38.87,38.88,38.78,38.83,14175
2010-02-09 13:45:00,38.83,38.96,38.8,38.94,37761
2010-02-09 14:00:00,38.94,38.96,38.8625,38.885,54592
2010-02-09 14:15:00,38.885,38.92,38.85,38.89,23074
2010-02-09 14:30:00,38.88,38.885,38.83,38.86,13047
2010-02-09 14:45:00,38.87,39.0,38.87,38.94,31465
2010-02-09 15:00:00,38.93,38.95,38.86,38.91,20957
2010-02-09 15:15:00,38.93,39.0,38.9,39.0,48192
2010-02-09 15:30:00,39.0,39.02,38.95,39.01,52900
2010-02-09 15:45:00,39.01,39.06,38.96,38.98,82785
2010-02-09 16:00:00,38.97,38.99,38.82,38.88,139402
2010-02-10 09:45:00,38.71,39.17,38.71,38.95,51309
2010-02-10 10:00:00,39.0,39.1,38.96,39.01,24367
2010-02-10 10:15:00,39.0,39.005,38.68,38.73,53038
2010-02-10 10:30:00,38.7,38.81,38.6,38.7,38915
2010-02-10 10:45:00,38.72,38.77,38.66,38.66,42583
2010-02-10 11:00:00,38.66,38.78,38.63,38.72,52634
2010-02-10 11:15:00,38.72,38.74,38.59,38.62,35012
2010-02-10 11:30:00,38.64,38.81,38.58,38.76,71471
2010-02-10 11:45:00,38.77,38.78,38.62,38.64,58936
2010-02-10 12:00:00,38.63,38.75,38.63,38.75,57719
2010-02-10 12:15:00,38.75,38.8,38.68,38.76,33200
2010-02-10 12:30:00,38.775,38.92,38.77,38.905,30000
2010-02-10 12:45:00,38.91,38.95,38.83,38.88,39561
2010-02-10 13:00:00,38.88,38.94,38.875,38.91,39223
2010-02-10 13:15:00,38.91,38.91,38.82,38.85,41606
2010-02-10 13:30:00,38.84,38.93,38.82,38.91,28966
2010-02-10 13:45:00,38.9,38.92,38.82,38.882,27194
2010-02-10 14:00:00,38.88,38.88,38.75,38.8,31946
2010-02-10 14:15:00,38.7998,38.86,38.73,38.765,51946
2010-02-10 14:30:00,38.76,38.83,38.74,38.81,63702
2010-02-10 14:45:00,38.82,38.89,38.74,38.85,55981
2010-02-10 15:00:00,38.84,38.91,38.79,38.86,60025
2010-02-10 15:15:00,38.87,38.912,38.85,38.88,37243
2010-02-10 15:30:00,38.91,38.96,38.84,38.943000000000005,44382
2010-02-10 15:45:00,38.94,38.95,38.8,38.91,113732
2010-02-10 16:00:00,38.91,39.04,38.91,39.02,264624
2010-02-11 09:45:00,39.26,39.35,38.65,38.83,55228
2010-02-11 10:00:00,38.83,39.16,38.8,39.11,42373
2010-02-11 10:15:00,39.1,39.11,39.0,39.09,37335
2010-02-11 10:30:00,39.08,39.16,39.05,39.1,30771
2010-02-11 10:45:00,39.1,39.11,38.96,38.99,41503
2010-02-11 11:00:00,38.99,39.11,38.97,38.97,41400
2010-02-11 11:15:00,38.97,39.09,38.96,39.07,99263
2010-02-11 11:30:00,39.074,39.38,39.07,39.37,96826
2010-02-11 11:45:00,39.38,39.56,39.38,39.52,146792
2010-02-11 12:00:00,39.52,39.62,39.5,39.56,84635
2010-02-11 12:15:00,39.57,39.62,39.52,39.556,49810
2010-02-11 12:30:00,39.55,39.59,39.49,39.5,33147
2010-02-11 12:45:00,39.51,39.51,39.42,39.44,49356
2010-02-11 13:00:00,39.44,39.52,39.41,39.45,48784
2010-02-11 13:15:00,39.45,39.45,39.33,39.38,30854
2010-02-11 13:30:00,39.38,39.41,39.34,39.37,25471
2010-02-11 13:45:00,39.37,39.39,39.34,39.34,35245
2010-02-11 14:00:00,39.34,39.38,39.26,39.36,63737
2010-02-11 14:15:00,39.35,39.45,39.34,39.41,84880
2010-02-11 14:30:00,39.41,39.49,39.38,39.46,42289
2010-02-11 14:45:00,39.45,39.46,39.36,39.37,27799
2010-02-11 15:00:00,39.37,39.45,39.35,39.44,36473
2010-02-11 15:15:00,39.44,39.52,39.43,39.51,56580
2010-02-11 15:30:00,39.51,39.52,39.48,39.5,48667
2010-02-11 15:45:00,39.5,39.5,39.42,39.45,47998
2010-02-11 16:00:00,39.45,39.54,39.39,39.52,122371
2010-02-12 09:45:00,39.24,39.38,39.13,39.34,33778
2010-02-12 10:00:00,39.31,39.45,39.25,39.43,45552
2010-02-12 10:15:00,39.41,39.48,39.25,39.32,24896
2010-02-12 10:30:00,39.3,39.4,39.27,39.37,23876
2010-02-12 10:45:00,39.345,39.4,39.21,39.23,35436
2010-02-12 11:00:00,39.19,39.35,39.19,39.3,23500
2010-02-12 11:15:00,39.29,39.37,39.23,39.36,26843
2010-02-12 11:30:00,39.38,39.46,39.35,39.4,41952
2010-02-12 11:45:00,39.4,39.43,39.35,39.36,32250
2010-02-12 12:00:00,39.37,39.41,39.35,39.39,41654
2010-02-12 12:15:00,39.39,39.52,39.39,39.49,58657
2010-02-12 12:30:00,39.49,39.65,39.49,39.62,81403
2010-02-12 12:45:00,39.63,39.63,39.514,39.52,25167
2010-02-12 13:00:00,39.53,39.62,39.53,39.55,22000
2010-02-12 13:15:00,39.549,39.56,39.48,39.49,23807
2010-02-12 13:30:00,39.47,39.55,39.38,39.51,36830
2010-02-12 13:45:00,39.51,39.56,39.435,39.54,29840
2010-02-12 14:00:00,39.53,39.55,39.47,39.48,18798
2010-02-12 14:15:00,39.47,39.72,39.47,39.69,73627
2010-02-12 14:30:00,39.69,39.79,39.66,39.74,40757
2010-02-12 14:45:00,39.75,39.81,39.71,39.74,45708
2010-02-12 15:00:00,39.74,39.75,39.64,39.68,58502
2010-02-12 15:15:00,39.68,39.72,39.55,39.71,55816
2010-02-12 15:30:00,39.69,39.73,39.66,39.67,35360
2010-02-12 15:45:00,39.67,39.81,39.6,39.75,83002
2010-02-12 16:00:00,39.75,39.87,39.73,39.86,173464
2010-02-16 09:45:00,39.82,39.97,39.68,39.72,48378
2010-02-16 10:00:00,39.71,40.025,39.68,40.01,99324
2010-02-16 10:15:00,40.03,40.09,39.935,40.04,64082
2010-02-16 10:30:00,40.05,40.16,40.0,40.03,69110
2010-02-16 10:45:00,40.03,40.12,39.99,40.0775,93543
2010-02-16 11:00:00,40.07,40.12,39.945,39.95,71137
2010-02-16 11:15:00,39.96,39.968,39.81,39.82,55329
2010-02-16 11:30:00,39.82,39.87,39.78,39.84,55008
2010-02-16 11:45:00,39.835,39.89,39.81,39.83,68655
2010-02-16 12:00:00,39.83,39.85,39.77,39.8392,32898
2010-02-16 12:15:00,39.83,39.83,39.76,39.765,47819
2010-02-16 12:30:00,39.77,39.78,39.74,39.76,31333
2010-02-16 12:45:00,39.75,39.78,39.75,39.75,27268
2010-02-16 13:00:00,39.75,39.76,39.68,39.711999999999996,45374
2010-02-16 13:15:00,39.715,39.7388,39.62,39.63,76528
2010-02-16 13:30:00,39.63,39.65,39.62,39.649,60440
2010-02-16 13:45:00,39.64,39.66,39.63,39.6588,35021
2010-02-16 14:00:00,39.65,39.68,39.63,39.64,38378
2010-02-16 14:15:00,39.65,39.71,39.63,39.71,42746
2010-02-16 14:30:00,39.7,39.78,39.68,39.76,46099
2010-02-16 14:45:00,39.75,39.75,39.69,39.71,54234
2010-02-16 15:00:00,39.72,39.75,39.63,39.675,73943
2010-02-16 15:15:00,39.68,39.71,39.65,39.65,54087
2010-02-16 15:30:00,39.66,39.675,39.61,39.665,77711
2010-02-16 15:45:00,39.67,39.78,39.665,39.73,174744
2010-02-16 16:00:00,39.73,39.84,39.7,39.8,314299
2010-02-17 09:45:00,39.84,40.19,39.75,40.12,84655
2010-02-17 10:00:00,40.12,40.25,40.105,40.23,55632
2010-02-17 10:15:00,40.24,40.43,40.24,40.33,99249
2010-02-17 10:30:00,40.3495,40.43,40.28,40.31,45871
2010-02-17 10:45:00,40.32,40.35,40.21,40.2899,60025
2010-02-17 11:00:00,40.29,40.365,40.25,40.36,54420
2010-02-17 11:15:00,40.35,40.4,40.29,40.39,40106
2010-02-17 11:30:00,40.4,40.4,40.3,40.32,39608
2010-02-17 11:45:00,40.31,40.35,40.28,40.332,42518
2010-02-17 12:00:00,40.34,40.48,40.33,40.47,58081
2010-02-17 12:15:00,40.47,40.48,40.43,40.47,83259
2010-02-17 12:30:00,40.48,40.53,40.44,40.45,49144
2010-02-17 12:45:00,40.45,40.46,40.39,40.4,87395
2010-02-17 13:00:00,40.4,40.47,40.37,40.44,51556
2010-02-17 13:15:00,40.44,40.45,40.36,40.36,21364
2010-02-17 13:30:00,40.37,40.44,40.37,40.43,20468
2010-02-17 13:45:00,40.44,40.49,40.425,40.49,24923
2010-02-17 14:00:00,40.49,40.55,40.489000000000004,40.54,42460
2010-02-17 14:15:00,40.5425,40.65,40.52,40.65,88609
2010-02-17 14:30:00,40.64,40.65,40.59,40.59,47736
2010-02-17 14:45:00,40.6,40.73,40.59,40.72,74712
2010-02-17 15:00:00,40.72,40.85,40.71,40.8483,107686
2010-02-17 15:15:00,40.84,40.9,40.8,40.8824,111133
2010-02-17 15:30:00,40.89,40.98,40.88,40.98,113068
2010-02-17 15:45:00,40.972,40.98,40.84,40.85,109361
2010-02-17 16:00:00,40.85,40.85,40.72,40.74,330153
2010-02-18 09:45:00,38.45,38.6,37.63,38.07,1046056
2010-02-18 10:00:00,38.06,38.33,37.94,38.27,576976
2010-02-18 10:15:00,38.27,38.72,38.215,38.63,481801
2010-02-18 10:30:00,38.625,38.72,38.34,38.4425,324989
2010-02-18 10:45:00,38.44,38.47,38.28,38.31,236068
2010-02-18 11:00:00,38.305,38.335,37.95,37.95,266875
2010-02-18 11:15:00,37.95,37.96,37.75,37.815,412833
2010-02-18 11:30:00,37.81,37.88,37.77,37.79,398476
2010-02-18 11:45:00,37.8,37.81,37.58,37.75,324222
2010-02-18 12:00:00,37.75,37.76,37.59,37.75,254254
2010-02-18 12:15:00,37.75,37.88,37.69,37.71,261059
2010-02-18 12:30:00,37.715,37.725,37.58,37.58,181123
2010-02-18 12:45:00,37.58,37.75,37.58,37.74,249857
2010-02-18 13:00:00,37.74,37.74,37.67,37.71,150425
2010-02-18 13:15:00,37.71,37.84,37.65,37.83,151279
2010-02-18 13:30:00,37.83,37.95,37.81,37.94,189426
2010-02-18 13:45:00,37.94,37.97,37.89,37.91,236906
2010-02-18 14:00:00,37.91,37.99,37.91,37.955,126510
2010-02-18 14:15:00,37.96,38.0,37.95,38.0,166243
2010-02-18 14:30:00,37.995,38.04,37.99,38.0,265813
2010-02-18 14:45:00,38.01,38.1,38.0,38.05,203983
2010-02-18 15:00:00,38.06,38.11,38.05,38.11,240221
2010-02-18 15:15:00,38.11,38.19,38.1,38.19,386874
2010-02-18 15:30:00,38.18,38.19,38.14,38.17,298594
2010-02-18 15:45:00,38.17,38.22,38.14,38.195,455330
2010-02-18 16:00:00,38.21,38.37,38.19,38.36,931984
2010-02-19 09:45:00,38.51,38.62,38.4,38.5,479897
2010-02-19 10:00:00,38.51,38.58,38.49,38.5,218405
2010-02-19 10:15:00,38.5,38.55,38.44,38.52,139895
2010-02-19 10:30:00,38.53,38.68,38.53,38.56,109619
2010-02-19 10:45:00,38.56,38.6,38.54,38.58,59396
2010-02-19 11:00:00,38.5701,38.63,38.55,38.6,101038
2010-02-19 11:15:00,38.6,38.74,38.59,38.74,233878
2010-02-19 11:30:00,38.74,38.9,38.73,38.9,221570
2010-02-19 11:45:00,38.89,38.98,38.86,38.86,164978
2010-02-19 12:00:00,38.85,39.17,38.85,39.16,139036
2010-02-19 12:15:00,39.16,39.18,39.04,39.07,129173
2010-02-19 12:30:00,39.06,39.06,38.92,39.01,111401
2010-02-19 12:45:00,39.01,39.03,39.0,39.01,102200
2010-02-19 13:00:00,39.0,39.06,38.965,39.06,87827
2010-02-19 13:15:00,39.06,39.07,39.01,39.03,78968
2010-02-19 13:30:00,39.02,39.05,38.92,39.0,197848
2010-02-19 13:45:00,39.0,39.0,38.95,38.9525,40599
2010-02-19 14:00:00,38.95,38.96,38.84,38.84,87024
2010-02-19 14:15:00,38.84,38.85,38.79,38.82,59340
2010-02-19 14:30:00,38.82,38.94,38.78,38.86,106613
2010-02-19 14:45:00,38.86,38.9,38.81,38.9,132702
2010-02-19 15:00:00,38.9,38.99,38.86,38.98,177962
2010-02-19 15:15:00,38.98,39.0,38.85,38.88,158550
2010-02-19 15:30:00,38.87,38.89,38.84,38.85,133156
2010-02-19 15:45:00,38.86,38.96,38.85,38.92,180989
2010-02-19 16:00:00,38.91,39.0,38.9,38.91,314713
2010-02-22 09:45:00,39.0,39.15,38.69,38.76,87027
2010-02-22 10:00:00,38.76,38.83,38.675,38.69,71427
2010-02-22 10:15:00,38.69,38.78,38.52,38.75,116503
2010-02-22 10:30:00,38.75,38.86,38.74,38.78,52090
2010-02-22 10:45:00,38.77,38.8,38.75,38.78,97130
2010-02-22 11:00:00,38.78,38.86,38.77,38.86,34281
2010-02-22 11:15:00,38.85,38.91,38.83,38.85,52670
2010-02-22 11:30:00,38.84,38.91,38.84,38.88,23950
2010-02-22 11:45:00,38.875,38.905,38.86,38.89,32133
2010-02-22 12:00:00,38.89,38.9,38.79,38.83,29165
2010-02-22 12:15:00,38.83,38.86,38.7901,38.86,26089
2010-02-22 12:30:00,38.85,38.86,38.77,38.79,15789
2010-02-22 12:45:00,38.79,38.91,38.79,38.9,27400
2010-02-22 13:00:00,38.89,38.94,38.87,38.89,37747
2010-02-22 13:15:00,38.88,38.9,38.87,38.87,63560
2010-02-22 13:30:00,38.87,38.87,38.78,38.785,52397
2010-02-22 13:45:00,38.79,38.85,38.78,38.84,35451
2010-02-22 14:00:00,38.85,38.86,38.71,38.72,47702
2010-02-22 14:15:00,38.72,38.73,38.68,38.71,30940
2010-02-22 14:30:00,38.72,38.81,38.71,38.79,31282
2010-02-22 14:45:00,38.79,38.8,38.74,38.75,52616
2010-02-22 15:00:00,38.749,38.82,38.749,38.82,41454
2010-02-22 15:15:00,38.8225,38.86,38.81,38.845,83666
2010-02-22 15:30:00,38.84,38.85,38.81,38.85,50894
2010-02-22 15:45:00,38.85,38.86,38.73,38.7305,60028
2010-02-22 16:00:00,38.74,38.75,38.65,38.72,191618
2010-02-23 09:45:00,38.47,38.93,38.36,38.8699,88962
2010-02-23 10:00:00,38.9,38.95,38.74,38.76,76065
2010-02-23 10:15:00,38.79,38.8,38.44,38.51,111379
2010-02-23 10:30:00,38.5,38.55,38.42,38.5,82318
2010-02-23 10:45:00,38.5,38.56,38.47,38.53,57514
2010-02-23 11:00:00,38.54,38.615,38.49,38.6,75054
2010-02-23 11:15:00,38.585,38.67,38.58,38.64,39562
2010-02-23 11:30:00,38.63,38.73,38.605,38.73,63544
2010-02-23 11:45:00,38.72,38.82,38.72,38.81,69577
2010-02-23 12:00:00,38.8,38.825,38.69,38.75,61001
2010-02-23 12:15:00,38.75,38.8,38.745,38.75,51170
2010-02-23 12:30:00,38.75,38.76,38.71,38.725,50286
2010-02-23 12:45:00,38.725,38.8,38.72,38.75,34785
2010-02-23 13:00:00,38.77,38.8,38.75,38.78,40519
2010-02-23 13:15:00,38.78,38.79,38.69,38.69,63210
2010-02-23 13:30:00,38.69,38.7,38.56,38.571999999999996,75652
2010-02-23 13:45:00,38.58,38.61,38.5725,38.59,41591
2010-02-23 14:00:00,38.6,38.67,38.57,38.67,65263
2010-02-23 14:15:00,38.66,38.7,38.61,38.69,52884
2010-02-23 14:30:00,38.69,38.73,38.64,38.65,35823
2010-02-23 14:45:00,38.65,38.72,38.61,38.68,54508
2010-02-23 15:00:00,38.68,38.75,38.65,38.71,32702
2010-02-23 15:15:00,38.72,38.75,38.67,38.75,66479
2010-02-23 15:30:00,38.75,38.8,38.7,38.74,58863
2010-02-23 15:45:00,38.74,38.75,38.66,38.67,64292
2010-02-23 16:00:00,38.66,38.69,38.61,38.61,177839
2010-02-24 09:45:00,38.8,38.89,38.72,38.86,64272
2010-02-24 10:00:00,38.88,39.06,38.87,38.98,56084
2010-02-24 10:15:00,38.98,39.05,38.87,38.9,87272
2010-02-24 10:30:00,38.89,38.91,38.795,38.89,41592
2010-02-24 10:45:00,38.88,39.03,38.87,38.995,49896
2010-02-24 11:00:00,39.0,39.1,38.995,39.07,82252
2010-02-24 11:15:00,39.07,39.17,39.06,39.12,66640
2010-02-24 11:30:00,39.13,39.15,39.06,39.15,53377
2010-02-24 11:45:00,39.14,39.14,39.005,39.015,38325
2010-02-24 12:00:00,39.02,39.08,39.015,39.045,22088
2010-02-24 12:15:00,39.05,39.08,39.01,39.045,25038
2010-02-24 12:30:00,39.05,39.08,39.04,39.065,48231
2010-02-24 12:45:00,39.07,39.09,39.0425,39.09,28826
2010-02-24 13:00:00,39.08,39.13,39.075,39.08,35716
2010-02-24 13:15:00,39.08,39.11,39.06,39.08,31860
2010-02-24 13:30:00,39.08,39.16,39.07,39.115,35919
2010-02-24 13:45:00,39.1125,39.17,39.1125,39.14,24900
2010-02-24 14:00:00,39.13,39.17,39.125,39.17,25750
2010-02-24 14:15:00,39.175,39.18,39.07,39.105,81956
2010-02-24 14:30:00,39.105,39.17,39.095,39.1575,55648
2010-02-24 14:45:00,39.16,39.165,39.12,39.15,89263
2010-02-24 15:00:00,39.15,39.2,39.13,39.145,42220
2010-02-24 15:15:00,39.14,39.16,39.11,39.15,86543
2010-02-24 15:30:00,39.155,39.21,39.14,39.18,47241
2010-02-24 15:45:00,39.18,39.24,39.16,39.191,87589
2010-02-24 16:00:00,39.2,39.37,39.19,39.29,213264
2010-02-25 09:45:00,38.83,38.97,38.51,38.925,80747
2010-02-25 10:00:00,38.91,38.96,38.73,38.93,78731
2010-02-25 10:15:00,38.92,38.98,38.82,38.95,50558
2010-02-25 10:30:00,38.96,39.1099,38.96,39.1099,89186
2010-02-25 10:45:00,39.1,39.14,39.09,39.1,49201
2010-02-25 11:00:00,39.1,39.13,39.07,39.08,43639
2010-02-25 11:15:00,39.08,39.09,39.0,39.02,50201
2010-02-25 11:30:00,39.02,39.12,39.0,39.11,54367
2010-02-25 11:45:00,39.1,39.15,39.04,39.14,28919
2010-02-25 12:00:00,39.14,39.14,39.0,39.04,29538
2010-02-25 12:15:00,39.04,39.04,38.97,38.98,31769
2010-02-25 12:30:00,38.97,38.98,38.9,38.96,22273
2010-02-25 12:45:00,38.99,39.0,38.92,38.97,47344
2010-02-25 13:00:00,38.96,38.97,38.93,38.96,19789
2010-02-25 13:15:00,38.97,38.97,38.95,38.96,11986
2010-02-25 13:30:00,38.97,39.02,38.96,39.0,15088
2010-02-25 13:45:00,39.005,39.04,38.99,39.02,15340
2010-02-25 14:00:00,39.03,39.26,39.03,39.26,63022
2010-02-25 14:15:00,39.26,39.33,39.25,39.268,87877
2010-02-25 14:30:00,39.27,39.33,39.24,39.275,54941
2010-02-25 14:45:00,39.28,39.35,39.27,39.32,47353
2010-02-25 15:00:00,39.32,39.37,39.22,39.29,48988
2010-02-25 15:15:00,39.3,39.41,39.24,39.3701,66158
2010-02-25 15:30:00,39.378,39.38,39.28,39.33,59054
2010-02-25 15:45:00,39.34,39.49,39.34,39.43,120047
2010-02-25 16:00:00,39.43,39.5,39.43,39.5,275280
2010-02-26 09:45:00,39.63,39.63,39.14,39.42,88962
2010-02-26 10:00:00,39.41,39.42,39.29,39.37,60505
2010-02-26 10:15:00,39.34,39.49,39.26,39.49,60642
2010-02-26 10:30:00,39.5,39.55,39.44,39.48,49329
2010-02-26 10:45:00,39.5,39.66,39.48,39.66,43723
2010-02-26 11:00:00,39.65,39.67,39.59,39.61,48567
2010-02-26 11:15:00,39.6,39.68,39.6,39.64,50864
2010-02-26 11:30:00,39.64,39.65,39.54,39.59,35301
2010-02-26 11:45:00,39.59,39.61,39.51,39.52,42306
2010-02-26 12:00:00,39.52,39.52,39.44,39.48,28753
2010-02-26 12:15:00,39.485,39.49,39.36,39.3999,26443
2010-02-26 12:30:00,39.39,39.44,39.36,39.41,29819
2010-02-26 12:45:00,39.41,39.51,39.4,39.46,29231
2010-02-26 13:00:00,39.47,39.49,39.35,39.43,37407
2010-02-26 13:15:00,39.43,39.47,39.34,39.35,25862
2010-02-26 13:30:00,39.35,39.49,39.35,39.48,18774
2010-02-26 13:45:00,39.47,39.48,39.43,39.45,25799
2010-02-26 14:00:00,39.43,39.48,39.42,39.44,35506
2010-02-26 14:15:00,39.4401,39.45,39.36,39.37,24279
2010-02-26 14:30:00,39.38,39.38,39.32,39.33,25097
2010-02-26 14:45:00,39.33,39.37,39.32,39.32,54117
2010-02-26 15:00:00,39.323,39.34,39.26,39.3,35125
2010-02-26 15:15:00,39.31,39.33,39.25,39.26,40448
2010-02-26 15:30:00,39.265,39.2799,39.23,39.235,50797
2010-02-26 15:45:00,39.235,39.25,39.15,39.18,115598
2010-02-26 16:00:00,39.19,39.33,39.16,39.29,245733
2010-03-01 09:45:00,39.29,39.355,38.96,39.1,85840
2010-03-01 10:00:00,39.09,39.1,38.91,38.98,57614
2010-03-01 10:15:00,38.97,39.31,38.91,39.25,82516
2010-03-01 10:30:00,39.26,39.29,39.18,39.18,35023
2010-03-01 10:45:00,39.19,39.25,39.18,39.25,37127
2010-03-01 11:00:00,39.25,39.34,39.22,39.335,51687
2010-03-01 11:15:00,39.33,39.35,39.25,39.25,55715
2010-03-01 11:30:00,39.25,39.26,39.19,39.2,40158
2010-03-01 11:45:00,39.2,39.2375,39.17,39.195,42807
2010-03-01 12:00:00,39.2,39.31,39.19,39.29,40513
2010-03-01 12:15:00,39.3,39.39,39.28,39.37,50386
2010-03-01 12:30:00,39.37,39.37,39.3,39.3,29288
2010-03-01 12:45:00,39.3,39.35,39.29,39.35,22986
2010-03-01 13:00:00,39.34,39.35,39.32,39.335,36012
2010-03-01 13:15:00,39.33,39.36,39.29,39.35,38197
2010-03-01 13:30:00,39.35,39.415,39.35,39.4001,27683
2010-03-01 13:45:00,39.4,39.44,39.38,39.44,27717
2010-03-01 14:00:00,39.44,39.47,39.4,39.43,30378
2010-03-01 14:15:00,39.42,39.46,39.4,39.43,26356
2010-03-01 14:30:00,39.43,39.49,39.42,39.46,37357
2010-03-01 14:45:00,39.46,39.49,39.455,39.49,33003
2010-03-01 15:00:00,39.485,39.52,39.48,39.49,38714
2010-03-01 15:15:00,39.4975,39.5,39.385,39.41,55101
2010-03-01 15:30:00,39.41,39.48,39.38,39.47,49121
2010-03-01 15:45:00,39.47,39.53,39.47,39.52,74839
2010-03-01 16:00:00,39.53,39.58,39.46,39.57,204065
2010-03-02 09:45:00,39.52,39.69,39.34,39.35,59623
2010-03-02 10:00:00,39.35,39.38,39.27,39.27,53668
2010-03-02 10:15:00,39.26,39.4,39.25,39.385,111329
2010-03-02 10:30:00,39.38,39.425,39.38,39.39,60149
2010-03-02 10:45:00,39.38,39.62,39.38,39.62,90562
2010-03-02 11:00:00,39.62,39.64,39.47,39.53,46440
2010-03-02 11:15:00,39.52,39.58,39.5,39.5,70289
2010-03-02 11:30:00,39.5,39.54,39.41,39.49,46263
2010-03-02 11:45:00,39.48,39.5,39.44,39.495,22956
2010-03-02 12:00:00,39.5,39.53,39.49,39.508,26263
2010-03-02 12:15:00,39.5,39.51,39.43,39.43,26679
2010-03-02 12:30:00,39.43,39.48,39.4,39.48,30390
2010-03-02 12:45:00,39.48,39.49,39.425,39.48,30930
2010-03-02 13:00:00,39.48,39.5,39.42,39.44,31667
2010-03-02 13:15:00,39.45,39.45,39.42,39.45,24891
2010-03-02 13:30:00,39.45,39.48,39.42,39.45,28993
2010-03-02 13:45:00,39.44,39.45,39.38,39.38,23631
2010-03-02 14:00:00,39.39,39.55,39.38,39.53,71031
2010-03-02 14:15:00,39.52,39.57,39.51,39.53,60136
2010-03-02 14:30:00,39.53,39.56,39.455,39.4695,26842
2010-03-02 14:45:00,39.47,39.51,39.46,39.5,31506
2010-03-02 15:00:00,39.5,39.52,39.46,39.5,27241
2010-03-02 15:15:00,39.5,39.565,39.5,39.5605,46883
2010-03-02 15:30:00,39.56,39.57,39.5,39.52,64079
2010-03-02 15:45:00,39.51,39.57,39.46,39.46,70863
2010-03-02 16:00:00,39.47,39.58,39.465,39.53,174926
2010-03-03 09:45:00,39.51,39.65,39.34,39.39,44241
2010-03-03 10:00:00,39.38,39.52,39.35,39.43,41883
2010-03-03 10:15:00,39.44,39.51,39.28,39.33,80749
2010-03-03 10:30:00,39.33,39.43,39.33,39.4,29634
2010-03-03 10:45:00,39.4,39.53,39.39,39.45,42270
2010-03-03 11:00:00,39.45,39.47,39.395,39.45,40629
2010-03-03 11:15:00,39.45,39.63,39.445,39.59,61799
2010-03-03 11:30:00,39.59,39.595,39.5,39.505,33245
2010-03-03 11:45:00,39.51,39.53,39.48,39.48,44692
2010-03-03 12:00:00,39.49,39.52,39.46,39.465,24637
2010-03-03 12:15:00,39.467,39.47,39.415,39.42,50247
2010-03-03 12:30:00,39.4275,39.43,39.4,39.405,26108
2010-03-03 12:45:00,39.41,39.42,39.365,39.3775,32372
2010-03-03 13:00:00,39.38,39.39,39.375,39.38,20639
2010-03-03 13:15:00,39.38,39.39,39.31,39.33,42693
2010-03-03 13:30:00,39.3299,39.37,39.32,39.34,35427
2010-03-03 13:45:00,39.35,39.4,39.34,39.4,29448
2010-03-03 14:00:00,39.395,39.4,39.39,39.4,29134
2010-03-03 14:15:00,39.39,39.4,39.39,39.39,45011
2010-03-03 14:30:00,39.39,39.4,39.265,39.28,46817
2010-03-03 14:45:00,39.275,39.31,39.22,39.23,49528
2010-03-03 15:00:00,39.21,39.25,39.195,39.2,61848
2010-03-03 15:15:00,39.2,39.21,39.14,39.16,85340
2010-03-03 15:30:00,39.15,39.22,39.14,39.195,112011
2010-03-03 15:45:00,39.2,39.25,39.19,39.21,165043
2010-03-03 16:00:00,39.21,39.3,39.21,39.26,254476
2010-03-04 09:45:00,38.89,39.51,38.885,39.48,48917
2010-03-04 10:00:00,39.47,39.58,39.46,39.5724,37432
2010-03-04 10:15:00,39.57,39.58,39.49,39.49,52254
2010-03-04 10:30:00,39.49,39.5,39.43,39.49,49398
2010-03-04 10:45:00,39.49,39.49,39.34,39.3899,67007
2010-03-04 11:00:00,39.39,39.45,39.37,39.44,43925
2010-03-04 11:15:00,39.44,39.46,39.3601,39.38,56886
2010-03-04 11:30:00,39.37,39.38,39.34,39.37,68243
2010-03-04 11:45:00,39.37,39.5,39.37,39.5,34438
2010-03-04 12:00:00,39.5,39.56,39.4701,39.551,38591
2010-03-04 12:15:00,39.56,39.58,39.52,39.57,38518
2010-03-04 12:30:00,39.57,39.59,39.53,39.55,38357
2010-03-04 12:45:00,39.56,39.57,39.52,39.53,40586
2010-03-04 13:00:00,39.53,39.54,39.5,39.5,36800
2010-03-04 13:15:00,39.5,39.51,39.49,39.5,50916
2010-03-04 13:30:00,39.5,39.51,39.46,39.465,59740
2010-03-04 13:45:00,39.47,39.47,39.37,39.39,62025
2010-03-04 14:00:00,39.38,39.41,39.33,39.38,60806
2010-03-04 14:15:00,39.37,39.38,39.33,39.33,31222
2010-03-04 14:30:00,39.32,39.41,39.32,39.38,36390
2010-03-04 14:45:00,39.38,39.41,39.37,39.4,32063
2010-03-04 15:00:00,39.4,39.41,39.39,39.41,29387
2010-03-04 15:15:00,39.4,39.41,39.38,39.4,63400
2010-03-04 15:30:00,39.4,39.44,39.39,39.44,42813
2010-03-04 15:45:00,39.45,39.49,39.4,39.49,106957
2010-03-04 16:00:00,39.485,39.55,39.485,39.54,220824
2010-03-05 09:45:00,39.55,39.73,39.39,39.44,62889
2010-03-05 10:00:00,39.44,39.54,39.41,39.53,51269
2010-03-05 10:15:00,39.54,39.75,39.51,39.745,76487
2010-03-05 10:30:00,39.74,39.75,39.64,39.69,74867
2010-03-05 10:45:00,39.69,39.77,39.68,39.74,42300
2010-03-05 11:00:00,39.73,39.79,39.73,39.79,24474
2010-03-05 11:15:00,39.79,39.8,39.7,39.71,37297
2010-03-05 11:30:00,39.71,39.79,39.68,39.79,33613
2010-03-05 11:45:00,39.78,39.8,39.77,39.78,39351
2010-03-05 12:00:00,39.78,39.78,39.7,39.71,29211
2010-03-05 12:15:00,39.7,39.7,39.63,39.63,40266
2010-03-05 12:30:00,39.6396,39.64,39.61,39.61,33799
2010-03-05 12:45:00,39.615,39.62,39.6,39.61,25025
2010-03-05 13:00:00,39.61,39.68,39.6,39.68,27008
2010-03-05 13:15:00,39.68,39.68,39.62,39.67,36874
2010-03-05 13:30:00,39.67,39.67,39.6375,39.65,22431
2010-03-05 13:45:00,39.65,39.69,39.6401,39.67,37643
2010-03-05 14:00:00,39.665,39.67,39.6,39.62,98058
2010-03-05 14:15:00,39.62,39.67,39.62,39.65,34262
2010-03-05 14:30:00,39.65,39.7,39.65,39.7,28579
2010-03-05 14:45:00,39.7,39.71,39.69,39.71,37129
2010-03-05 15:00:00,39.71,39.75,39.7,39.71,89721
2010-03-05 15:15:00,39.71,39.75,39.66,39.66,85484
2010-03-05 15:30:00,39.6675,39.7,39.64,39.69,106718
2010-03-05 15:45:00,39.69,39.71,39.67,39.68,73592
2010-03-05 16:00:00,39.68,39.73,39.66,39.72,156751
2010-03-08 09:45:00,39.65,39.85,39.55,39.77,51318
2010-03-08 10:00:00,39.79,39.8,39.61,39.65,53256
2010-03-08 10:15:00,39.68,39.805,39.67,39.8,38603
2010-03-08 10:30:00,39.8,39.88,39.79,39.81,22948
2010-03-08 10:45:00,39.81,39.81,39.68,39.72,32797
2010-03-08 11:00:00,39.72,39.83,39.72,39.81,29500
2010-03-08 11:15:00,39.8,39.82,39.79,39.79,19211
2010-03-08 11:30:00,39.78,39.82,39.78,39.81,21528
2010-03-08 11:45:00,39.8,39.82,39.78,39.815,52274
2010-03-08 12:00:00,39.81,39.83,39.8,39.81,19808
2010-03-08 12:15:00,39.8099,39.85,39.8,39.84,40187
2010-03-08 12:30:00,39.84,39.89,39.84,39.89,28523
2010-03-08 12:45:00,39.89,39.92,39.88,39.92,28401
2010-03-08 13:00:00,39.92,39.98,39.9,39.98,47658
2010-03-08 13:15:00,39.98,40.07,39.98,40.05,65333
2010-03-08 13:30:00,40.04,40.045,40.03,40.04,29181
2010-03-08 13:45:00,40.04,40.09,40.03,40.07,21513
2010-03-08 14:00:00,40.06,40.06,39.985,39.99,25294
2010-03-08 14:15:00,39.99,40.0,39.88,39.89,29497
2010-03-08 14:30:00,39.885,39.89,39.82,39.825,25562
2010-03-08 14:45:00,39.83,39.86,39.79,39.83,35353
2010-03-08 15:00:00,39.83,39.85,39.82,39.82,20493
2010-03-08 15:15:00,39.82,39.85,39.81,39.83,15006
2010-03-08 15:30:00,39.84,39.885,39.83,39.83,26769
2010-03-08 15:45:00,39.83,39.89,39.81,39.86,44928
2010-03-08 16:00:00,39.86,39.88,39.78,39.78,120216
2010-03-09 09:45:00,39.58,39.73,39.57,39.69,44533
2010-03-09 10:00:00,39.69,39.8,39.67,39.79,27712
2010-03-09 10:15:00,39.79,39.88,39.75,39.84,28020
2010-03-09 10:30:00,39.83,39.88,39.83,39.85,35162
2010-03-09 10:45:00,39.86,39.95,39.855,39.92,45159
2010-03-09 11:00:00,39.92,39.99,39.92,39.97,34781
2010-03-09 11:15:00,39.97,39.98,39.9,39.97,54488
2010-03-09 11:30:00,39.97,40.02,39.96,40.0,32840
2010-03-09 11:45:00,40.0,40.01,39.8701,39.88,83788
2010-03-09 12:00:00,39.88,39.89,39.85,39.86,34661
2010-03-09 12:15:00,39.86,39.9,39.85,39.9,35381
2010-03-09 12:30:00,39.9,39.96,39.88,39.93,27184
2010-03-09 12:45:00,39.92,39.96,39.91,39.92,14483
2010-03-09 13:00:00,39.92,39.92,39.89,39.92,11047
2010-03-09 13:15:00,39.92,39.95,39.89,39.93,17235
2010-03-09 13:30:00,39.92,39.97,39.92,39.97,15738
2010-03-09 13:45:00,39.97,40.0,39.91,39.93,29333
2010-03-09 14:00:00,39.92,39.94,39.88,39.93,29531
2010-03-09 14:15:00,39.92,39.95,39.92,39.93,38241
2010-03-09 14:30:00,39.94,39.95,39.93,39.94,30013
2010-03-09 14:45:00,39.94,39.94,39.84,39.86,65332
2010-03-09 15:00:00,39.86,39.86,39.75,39.75,55367
2010-03-09 15:15:00,39.75,39.8,39.69,39.69,59932
2010-03-09 15:30:00,39.69,39.7,39.61,39.67,100238
2010-03-09 15:45:00,39.67,39.72,39.65,39.71,81117
2010-03-09 16:00:00,39.71,39.76,39.66,39.73,133267
2010-03-10 09:45:00,40.11,40.11,39.62,39.9,38130
2010-03-10 10:00:00,39.91,39.95,39.85,39.93,42672
2010-03-10 10:15:00,39.93,40.1,39.91,40.1,33547
2010-03-10 10:30:00,40.09,40.09,40.01,40.07,34920
2010-03-10 10:45:00,40.08,40.21,40.08,40.21,70300
2010-03-10 11:00:00,40.21,40.38,40.2,40.375,98882
2010-03-10 11:15:00,40.38,40.4,40.24,40.25,104224
2010-03-10 11:30:00,40.26,40.34,40.23,40.3,37701
2010-03-10 11:45:00,40.29,40.29,40.16,40.19,61318
2010-03-10 12:00:00,40.19,40.2,40.17,40.18,26298
2010-03-10 12:15:00,40.18,40.19,40.1,40.12,42883
2010-03-10 12:30:00,40.11,40.16,40.04,40.1,35925
2010-03-10 12:45:00,40.11,40.17,40.09,40.12,26263
2010-03-10 13:00:00,40.12,40.21,40.115,40.17,16625
2010-03-10 13:15:00,40.18,40.2395,40.155,40.195,21882
2010-03-10 13:30:00,40.21,40.33,40.21,40.3,43960
2010-03-10 13:45:00,40.3,40.38,40.29,40.35,32615
2010-03-10 14:00:00,40.35,40.35,40.3,40.31,29038
2010-03-10 14:15:00,40.31,40.38,40.3,40.36,30389
2010-03-10 14:30:00,40.35,40.405,40.33,40.36,44820
2010-03-10 14:45:00,40.35,40.36,40.3,40.31,23539
2010-03-10 15:00:00,40.31,40.35,40.2804,40.29,42960
2010-03-10 15:15:00,40.29,40.34,40.28,40.28,54390
2010-03-10 15:30:00,40.28,40.3,40.25,40.25,68675
2010-03-10 15:45:00,40.25,40.26,40.2,40.25,75390
2010-03-10 16:00:00,40.26,40.32,40.21,40.26,167354
2010-03-11 09:45:00,40.06,40.4,40.01,40.03,29398
2010-03-11 10:00:00,40.03,40.06,39.91,40.01,31506
2010-03-11 10:15:00,40.02,40.06,40.0,40.02,18252
2010-03-11 10:30:00,40.02,40.06,39.99,40.03,56586
2010-03-11 10:45:00,40.03,40.03,39.97,39.97,45262
2010-03-11 11:00:00,39.965,40.06,39.96,40.06,28272
2010-03-11 11:15:00,40.06,40.1,40.03,40.08,15787
2010-03-11 11:30:00,40.08,40.08,40.01,40.01,39313
2010-03-11 11:45:00,40.02,40.04,39.98,40.04,27550
2010-03-11 12:00:00,40.02,40.09,40.02,40.09,37910
2010-03-11 12:15:00,40.09,40.11,40.06,40.08,34594
2010-03-11 12:30:00,40.07,40.09,40.05,40.055,37884
2010-03-11 12:45:00,40.06,40.14,40.06,40.1,21734
2010-03-11 13:00:00,40.11,40.16,40.1,40.15,15028
2010-03-11 13:15:00,40.15,40.16,40.1,40.13,13950
2010-03-11 13:30:00,40.1275,40.15,40.09,40.0999,15704
2010-03-11 13:45:00,40.09,40.14,40.07,40.07,19580
2010-03-11 14:00:00,40.08,40.13,40.06,40.06,17280
2010-03-11 14:15:00,40.063,40.14,40.06,40.13,22866
2010-03-11 14:30:00,40.14,40.14,40.1,40.12,51755
2010-03-11 14:45:00,40.12,40.18,40.11,40.16,29253
2010-03-11 15:00:00,40.15,40.18,40.1295,40.17,20759
2010-03-11 15:15:00,40.18,40.25,40.17,40.24,41930
2010-03-11 15:30:00,40.23,40.28,40.18,40.25,32569
2010-03-11 15:45:00,40.25,40.3,40.2,40.275,54217
2010-03-11 16:00:00,40.28,40.4,40.28,40.36,154701
2010-03-12 09:45:00,40.35,40.4,40.25,40.35,33653
2010-03-12 10:00:00,40.36,40.43,40.32,40.36,23266
2010-03-12 10:15:00,40.36,40.365,40.13,40.17,39284
2010-03-12 10:30:00,40.17,40.27,40.15,40.23,17236
2010-03-12 10:45:00,40.24,40.25,40.15,40.16,27493
2010-03-12 11:00:00,40.15,40.22,40.14,40.19,21383
2010-03-12 11:15:00,40.18,40.3,40.15,40.2999,22151
2010-03-12 11:30:00,40.3,40.34,40.26,40.27,14302
2010-03-12 11:45:00,40.27,40.27,40.21,40.23,13292
2010-03-12 12:00:00,40.22,40.23,40.2,40.22,15418
2010-03-12 12:15:00,40.21,40.24,40.19,40.22,17492
2010-03-12 12:30:00,40.23,40.28,40.23,40.2485,12600
2010-03-12 12:45:00,40.24,40.24,40.16,40.17,21981
2010-03-12 13:00:00,40.17,40.26,40.16,40.24,14900
2010-03-12 13:15:00,40.25,40.27,40.23,40.26,7376
2010-03-12 13:30:00,40.2646,40.28,40.21,40.22,12237
2010-03-12 13:45:00,40.23,40.32,40.223,40.3,12458
2010-03-12 14:00:00,40.29,40.37,40.28,40.35,17756
2010-03-12 14:15:00,40.36,40.37,40.3,40.31,17060
2010-03-12 14:30:00,40.3181,40.35,40.29,40.33,12066
2010-03-12 14:45:00,40.34,40.37,40.32,40.33,22618
2010-03-12 15:00:00,40.34,40.37,40.32,40.34,27141
2010-03-12 15:15:00,40.35,40.36,40.3,40.31,22090
2010-03-12 15:30:00,40.3,40.33,40.29,40.3,60942
2010-03-12 15:45:00,40.3,40.37,40.3,40.36,39464
2010-03-12 16:00:00,40.36,40.43,40.36,40.43,112972
2010-03-15 09:45:00,40.45,40.5,40.21,40.49,32936
2010-03-15 10:00:00,40.5,40.56,40.34,40.35,23171
2010-03-15 10:15:00,40.34,40.48,40.31,40.41,23273
2010-03-15 10:30:00,40.42,40.51,40.41,40.46,24466
2010-03-15 10:45:00,40.45,40.45,40.35,40.38,31664
2010-03-15 11:00:00,40.36,40.43,40.33,40.42,24389
2010-03-15 11:15:00,40.41,40.44,40.3,40.34,36646
2010-03-15 11:30:00,40.34,40.36,40.29,40.35,35935
2010-03-15 11:45:00,40.34,40.35,40.24,40.26,25424
2010-03-15 12:00:00,40.26,40.28,40.22,40.255,31450
2010-03-15 12:15:00,40.26,40.28,40.2,40.23,37981
2010-03-15 12:30:00,40.23,40.29,40.22,40.25,34801
2010-03-15 12:45:00,40.25,40.3,40.23,40.27,39812
2010-03-15 13:00:00,40.26,40.33,40.25,40.3,29346
2010-03-15 13:15:00,40.3,40.31,40.27,40.31,25788
2010-03-15 13:30:00,40.31,40.31,40.28,40.29,28551
2010-03-15 13:45:00,40.29,40.33,40.28,40.29,27688
2010-03-15 14:00:00,40.28,40.3,40.28,40.295,17233
2010-03-15 14:15:00,40.28,40.285,40.24,40.26,24539
2010-03-15 14:30:00,40.26,40.29,40.25,40.29,21357
2010-03-15 14:45:00,40.28,40.31,40.25,40.31,34774
2010-03-15 15:00:00,40.31,40.36,40.3,40.3,37539
2010-03-15 15:15:00,40.31,40.32,40.29,40.3,32501
2010-03-15 15:30:00,40.3,40.42,40.3,40.41,39529
2010-03-15 15:45:00,40.4,40.44,40.35,40.42,44463
2010-03-15 16:00:00,40.42,40.5,40.42,40.44,133377
2010-03-16 09:45:00,40.5,40.66,40.35,40.45,44810
2010-03-16 10:00:00,40.45,40.66,40.43,40.66,21532
2010-03-16 10:15:00,40.65,40.69,40.59,40.66,50668
2010-03-16 10:30:00,40.66,40.68,40.63,40.66,28498
2010-03-16 10:45:00,40.65,40.69,40.64,40.69,18710
2010-03-16 11:00:00,40.7005,40.78,40.68,40.77,21818
2010-03-16 11:15:00,40.77,40.82,40.7,40.8,97366
2010-03-16 11:30:00,40.8,40.96,40.8,40.81,47870
2010-03-16 11:45:00,40.81,40.8412,40.79,40.8,37857
2010-03-16 12:00:00,40.8,40.9,40.8,40.85,24358
2010-03-16 12:15:00,40.86,40.87,40.79,40.8,16300
2010-03-16 12:30:00,40.81,40.81,40.78,40.79,18917
2010-03-16 12:45:00,40.79,40.87,40.79,40.86,14865
2010-03-16 13:00:00,40.87,40.87,40.78,40.81,35094
2010-03-16 13:15:00,40.82,40.89,40.81,40.88,58406
2010-03-16 13:30:00,40.88,40.89,40.85,40.86,12786
2010-03-16 13:45:00,40.85,40.86,40.815,40.83,39754
2010-03-16 14:00:00,40.83,40.86,40.8,40.8,20577
2010-03-16 14:15:00,40.8,40.92,40.8,40.86,56566
2010-03-16 14:30:00,40.87,40.97,40.81,40.89,52824
2010-03-16 14:45:00,40.8925,40.92,40.8,40.82,33892
2010-03-16 15:00:00,40.82,40.91,40.81,40.88,54144
2010-03-16 15:15:00,40.88,40.96,40.85,40.92,46925
2010-03-16 15:30:00,40.92,40.96,40.88,40.9,48837
2010-03-16 15:45:00,40.9,41.04,40.87,41.03,115431
2010-03-16 16:00:00,41.02,41.12,41.01,41.11,201165
2010-03-17 09:45:00,40.97,41.21,40.94,41.15,63603
2010-03-17 10:00:00,41.15,41.36,41.13,41.3395,88375
2010-03-17 10:15:00,41.3399,41.4,41.17,41.2,74231
2010-03-17 10:30:00,41.2,41.29,41.2,41.285,38687
2010-03-17 10:45:00,41.29,41.323,41.25,41.29,34034
2010-03-17 11:00:00,41.29,41.42,41.28,41.415,43564
2010-03-17 11:15:00,41.41,41.58,41.41,41.56100000000001,101917
2010-03-17 11:30:00,41.56100000000001,41.63,41.5,41.5,48738
2010-03-17 11:45:00,41.51,41.63,41.5,41.61,68026
2010-03-17 12:00:00,41.61,41.7,41.5,41.53,64086
2010-03-17 12:15:00,41.521,41.53,41.495,41.513000000000005,34600
2010-03-17 12:30:00,41.513000000000005,41.54,41.45,41.46,26083
2010-03-17 12:45:00,41.46,41.5,41.4,41.49,30711
2010-03-17 13:00:00,41.49,41.53,41.46,41.51,22648
2010-03-17 13:15:00,41.51,41.51,41.43,41.44,30516
2010-03-17 13:30:00,41.44,41.54,41.43,41.52,52507
2010-03-17 13:45:00,41.53,41.68,41.52,41.665,65969
2010-03-17 14:00:00,41.665,41.67,41.6,41.65,60644
2010-03-17 14:15:00,41.6484,41.65,41.62,41.65,20379
2010-03-17 14:30:00,41.65,41.66,41.63,41.64,31520
2010-03-17 14:45:00,41.64,41.65,41.63,41.65,55029
2010-03-17 15:00:00,41.64,41.77,41.64,41.755,167011
2010-03-17 15:15:00,41.76,41.8,41.76,41.8,98453
2010-03-17 15:30:00,41.8,41.8,41.625,41.675,131253
2010-03-17 15:45:00,41.68,41.74,41.66,41.74,113956
2010-03-17 16:00:00,41.74,41.9,41.73,41.84,376371
2010-03-18 09:45:00,41.93,42.21,41.8506,41.945,132143
2010-03-18 10:00:00,41.95,41.98,41.83,41.84,54055
2010-03-18 10:15:00,41.84,41.86,41.705,41.81,63657
2010-03-18 10:30:00,41.81,41.87,41.73,41.73,69950
2010-03-18 10:45:00,41.74,41.7618,41.65,41.71,42887
2010-03-18 11:00:00,41.69,41.83,41.69,41.81,51627
2010-03-18 11:15:00,41.82,41.83,41.74,41.809,29052
2010-03-18 11:30:00,41.78,41.81,41.75,41.79,43590
2010-03-18 11:45:00,41.8,41.82,41.71,41.71,29209
2010-03-18 12:00:00,41.71,41.773,41.66,41.77,51474
2010-03-18 12:15:00,41.77,41.89,41.73,41.88,39507
2010-03-18 12:30:00,41.885,41.8888,41.86,41.87,14962
2010-03-18 12:45:00,41.865,41.87,41.77,41.79,44201
2010-03-18 13:00:00,41.8,41.855,41.75,41.81,27042
2010-03-18 13:15:00,41.8,41.81,41.77,41.79,32897
2010-03-18 13:30:00,41.79,41.79,41.73,41.76,44049
2010-03-18 13:45:00,41.76,41.81,41.76,41.775,24473
2010-03-18 14:00:00,41.77,41.8,41.76,41.79,21073
2010-03-18 14:15:00,41.79,41.81,41.74,41.7495,43855
2010-03-18 14:30:00,41.74,41.78,41.72,41.72,45421
2010-03-18 14:45:00,41.73,41.78,41.71,41.71,31333
2010-03-18 15:00:00,41.72,41.75,41.71,41.75,74760
2010-03-18 15:15:00,41.76,41.785,41.73,41.75,55818
2010-03-18 15:30:00,41.75,41.84,41.75,41.8,57702
2010-03-18 15:45:00,41.81,41.84,41.791000000000004,41.8,47757
2010-03-18 16:00:00,41.81,41.92,41.8,41.91,187538
2010-03-19 09:45:00,42.11,42.18,41.72,42.045,498370
2010-03-19 10:00:00,42.03,42.16,42.0,42.11,53478
2010-03-19 10:15:00,42.12,42.12,42.01,42.03,75378
2010-03-19 10:30:00,42.03,42.09,41.99,42.0,76103
2010-03-19 10:45:00,42.0,42.02,41.95,41.98,257586
2010-03-19 11:00:00,41.98,42.0,41.93,41.93,42902
2010-03-19 11:15:00,41.94,42.0,41.9,42.0,55577
2010-03-19 11:30:00,42.0,42.07,41.95,42.03,39222
2010-03-19 11:45:00,42.03,42.05,42.0,42.025,39361
2010-03-19 12:00:00,42.02,42.07,42.01,42.045,34750
2010-03-19 12:15:00,42.03,42.03,41.95,41.95,40390
2010-03-19 12:30:00,41.955,41.96,41.91,41.93,56004
2010-03-19 12:45:00,41.94,42.02,41.93,42.02,70671
2010-03-19 13:00:00,42.015,42.1,42.0,42.065,53491
2010-03-19 13:15:00,42.07,42.09,42.03,42.0475,24826
2010-03-19 13:30:00,42.045,42.05,41.965,42.0275,40077
2010-03-19 13:45:00,42.03,42.09,41.96,42.09,86885
2010-03-19 14:00:00,42.09,42.12,42.03,42.108999999999995,35615
2010-03-19 14:15:00,42.11,42.11,42.045,42.05,37150
2010-03-19 14:30:00,42.06,42.06,41.985,41.99,32398
2010-03-19 14:45:00,42.0,42.03,41.93,41.98,52341
2010-03-19 15:00:00,41.98,41.99,41.945,41.97,28819
2010-03-19 15:15:00,41.97,42.01,41.96,41.99,40629
2010-03-19 15:30:00,41.99,42.01,41.96,41.96,37905
2010-03-19 15:45:00,41.96,41.97,41.875,41.94,128534
2010-03-19 16:00:00,41.94,42.04,41.935,42.01,162216
2010-03-22 09:45:00,41.99,42.4,41.93,42.33,69756
2010-03-22 10:00:00,42.34,42.78,42.34,42.68,100025
2010-03-22 10:15:00,42.66,42.69,42.45,42.48,75363
2010-03-22 10:30:00,42.49,42.68,42.47,42.61,49006
2010-03-22 10:45:00,42.62,42.67,42.46,42.465,88523
2010-03-22 11:00:00,42.465,42.51,42.38,42.42,59650
2010-03-22 11:15:00,42.423,42.425,42.34,42.35,50436
2010-03-22 11:30:00,42.34,42.45,42.33,42.4,36606
2010-03-22 11:45:00,42.4,42.49,42.38,42.45,34150
2010-03-22 12:00:00,42.45,42.52,42.44,42.48,39551
2010-03-22 12:15:00,42.47,42.49,42.4,42.45,22582
2010-03-22 12:30:00,42.46,42.5,42.41,42.5,33414
2010-03-22 12:45:00,42.5,42.545,42.47,42.51,41984
2010-03-22 13:00:00,42.512,42.52,42.47,42.51,22310
2010-03-22 13:15:00,42.52,42.61,42.51,42.58,34390
2010-03-22 13:30:00,42.58,42.78,42.58,42.74,83432
2010-03-22 13:45:00,42.75,42.86,42.75,42.83,60262
2010-03-22 14:00:00,42.83,42.885,42.82,42.87,46692
2010-03-22 14:15:00,42.87,42.87,42.73,42.77,47350
2010-03-22 14:30:00,42.77,42.835,42.76,42.81,35472
2010-03-22 14:45:00,42.8,42.91,42.8,42.88,68428
2010-03-22 15:00:00,42.87,42.92,42.77,42.78,49702
2010-03-22 15:15:00,42.78,42.81,42.72,42.74100000000001,36514
2010-03-22 15:30:00,42.74,42.785,42.73,42.75,49618
2010-03-22 15:45:00,42.74,42.77,42.71,42.73,55583
2010-03-22 16:00:00,42.72,42.8,42.71,42.77,142068
2010-03-23 09:45:00,42.88,42.88,42.4535,42.7,53624
2010-03-23 10:00:00,42.7,42.74,42.57,42.61,57671
2010-03-23 10:15:00,42.62,42.72,42.55,42.7,25688
2010-03-23 10:30:00,42.71,42.78,42.66,42.76,45533
2010-03-23 10:45:00,42.76,42.78,42.65,42.68,24803
2010-03-23 11:00:00,42.69,42.705,42.5,42.51,40158
2010-03-23 11:15:00,42.52,42.61,42.5,42.59,29797
2010-03-23 11:30:00,42.59,42.59,42.55,42.59,18341
2010-03-23 11:45:00,42.59,42.66,42.56,42.63,34612
2010-03-23 12:00:00,42.64,42.73,42.61,42.72,28920
2010-03-23 12:15:00,42.72,42.77,42.665,42.74,41949
2010-03-23 12:30:00,42.74,42.78,42.69,42.78,16013
2010-03-23 12:45:00,42.79,42.795,42.71,42.71,30806
2010-03-23 13:00:00,42.7,42.71,42.6,42.62,33914
2010-03-23 13:15:00,42.62,42.68,42.6,42.62,25347
2010-03-23 13:30:00,42.63,42.68,42.62,42.65,22148
2010-03-23 13:45:00,42.66,42.7,42.635,42.67,16860
2010-03-23 14:00:00,42.66,42.66,42.59,42.59,17427
2010-03-23 14:15:00,42.59,42.65,42.59,42.62,14549
2010-03-23 14:30:00,42.63,42.765,42.63,42.73,27952
2010-03-23 14:45:00,42.73,42.77,42.675,42.77,18176
2010-03-23 15:00:00,42.76,42.77,42.7,42.7627,28800
2010-03-23 15:15:00,42.76,42.885,42.74,42.87,47016
2010-03-23 15:30:00,42.87,42.94,42.86,42.91,46055
2010-03-23 15:45:00,42.91,42.98,42.9,42.975,53513
2010-03-23 16:00:00,42.98,43.0,42.97,42.99,78483
2010-03-24 09:45:00,42.71,42.75,42.48,42.51,38605
2010-03-24 10:00:00,42.52,42.54,42.325,42.325,45914
2010-03-24 10:15:00,42.33,42.361000000000004,42.27,42.275,93277
2010-03-24 10:30:00,42.275,42.32,42.17,42.19,64534
2010-03-24 10:45:00,42.19,42.21,42.09,42.1,71159
2010-03-24 11:00:00,42.105,42.11,42.0,42.0,50647
2010-03-24 11:15:00,42.01,42.035,41.88,41.92,76160
2010-03-24 11:30:00,41.92,42.1,41.88,42.08,74104
2010-03-24 11:45:00,42.08,42.2,42.06,42.19,59198
2010-03-24 12:00:00,42.2,42.2,42.11,42.16,23519
2010-03-24 12:15:00,42.16,42.18,42.13,42.14,26165
2010-03-24 12:30:00,42.15,42.17,42.12,42.16,21007
2010-03-24 12:45:00,42.16,42.19,42.1,42.105,18706
2010-03-24 13:00:00,42.105,42.15,42.105,42.15,21239
2010-03-24 13:15:00,42.1425,42.1425,42.0,42.0,44070
2010-03-24 13:30:00,42.0,42.0,41.9,41.965,53915
2010-03-24 13:45:00,41.98,42.02,41.97,41.99,35830
2010-03-24 14:00:00,41.99,42.04,41.9,42.04,55755
2010-03-24 14:15:00,42.03,42.03,41.97,42.03,38959
2010-03-24 14:30:00,42.02,42.03,41.97,41.99,32007
2010-03-24 14:45:00,41.99,42.03,41.97,42.0015,45472
2010-03-24 15:00:00,42.0,42.02,41.97,41.985,51522
2010-03-24 15:15:00,41.983000000000004,42.035,41.9825,42.01,53633
2010-03-24 15:30:00,42.02,42.08,42.0,42.04,43480
2010-03-24 15:45:00,42.03,42.15,42.03,42.15,68412
2010-03-24 16:00:00,42.15,42.15,42.05,42.05,93747
2010-03-25 09:45:00,42.33,42.35,42.14,42.27,40840
2010-03-25 10:00:00,42.28,42.28,41.98,42.07,47911
2010-03-25 10:15:00,42.075,42.11,41.93,42.07,29246
2010-03-25 10:30:00,42.06,42.23,42.03,42.18,37411
2010-03-25 10:45:00,42.19,42.24,42.15,42.19,29694
2010-03-25 11:00:00,42.19,42.24,42.15,42.19,31188
2010-03-25 11:15:00,42.2,42.26,42.15,42.23,32317
2010-03-25 11:30:00,42.26,42.27,42.18,42.26,26255
2010-03-25 11:45:00,42.27,42.34,42.2,42.2,26130
2010-03-25 12:00:00,42.21,42.25,42.18,42.18,23071
2010-03-25 12:15:00,42.18,42.2,42.12,42.12,27778
2010-03-25 12:30:00,42.11,42.13,42.0875,42.11,23073
2010-03-25 12:45:00,42.11,42.21,42.1,42.19,41664
2010-03-25 13:00:00,42.2,42.25,42.17,42.17,28772
2010-03-25 13:15:00,42.17,42.24,42.17,42.23,41083
2010-03-25 13:30:00,42.23,42.26,42.17,42.17,41587
2010-03-25 13:45:00,42.16,42.165,42.08,42.135,42134
2010-03-25 14:00:00,42.11,42.17,42.07,42.11,48072
2010-03-25 14:15:00,42.11,42.12,42.05,42.1,37041
2010-03-25 14:30:00,42.11,42.12,41.97,41.99,49935
2010-03-25 14:45:00,41.98,42.05,41.95,42.05,35369
2010-03-25 15:00:00,42.04,42.04,41.93,42.02,49533
2010-03-25 15:15:00,42.02,42.13,42.01,42.1,45589
2010-03-25 15:30:00,42.1,42.11,42.03,42.03,81693
2010-03-25 15:45:00,42.04,42.08,42.01,42.04,64233
2010-03-25 16:00:00,42.04,42.04,41.94,41.96,120955
2010-03-26 09:45:00,42.1,42.22,41.75,42.07,34998
2010-03-26 10:00:00,42.04,42.16,41.94,41.95,45621
2010-03-26 10:15:00,41.97,42.12,41.96,42.06,54774
2010-03-26 10:30:00,42.06,42.08,42.03,42.075,51818
2010-03-26 10:45:00,42.09,42.09,41.98,41.9801,29798
2010-03-26 11:00:00,41.99,42.01,41.91,41.95,33240
2010-03-26 11:15:00,41.95,41.99,41.94,41.97,26393
2010-03-26 11:30:00,41.96,42.01,41.94,41.94,23140
2010-03-26 11:45:00,41.97,41.99,41.95,41.97,14677
2010-03-26 12:00:00,41.96,41.99,41.93,41.938,16629
2010-03-26 12:15:00,41.95,41.97,41.93,41.945,25044
2010-03-26 12:30:00,41.95,41.96,41.89,41.93,69705
2010-03-26 12:45:00,41.94,41.98,41.92,41.96,24623
2010-03-26 13:00:00,41.95,41.95,41.88,41.9,50108
2010-03-26 13:15:00,41.9,41.91,41.82,41.87,42781
2010-03-26 13:30:00,41.865,41.95,41.84,41.93,48965
2010-03-26 13:45:00,41.93,41.99,41.9,41.92,26829
2010-03-26 14:00:00,41.92,41.94,41.89,41.92,31692
2010-03-26 14:15:00,41.9,41.96,41.89,41.94,39046
2010-03-26 14:30:00,41.96,42.06,41.95,42.05,39697
2010-03-26 14:45:00,42.06,42.06,42.0,42.0,37094
2010-03-26 15:00:00,42.0,42.028999999999996,41.95,41.99,29661
2010-03-26 15:15:00,42.0,42.01,41.92,41.985,22896
2010-03-26 15:30:00,41.99,42.02,41.95,42.0,64863
2010-03-26 15:45:00,42.0,42.06,41.98,42.03,41073
2010-03-26 16:00:00,42.03,42.08,41.99,42.06,73987
2010-03-29 09:45:00,41.02,41.52,40.77,41.47,218574
2010-03-29 10:00:00,41.49,41.5,41.34,41.36,127741
2010-03-29 10:15:00,41.35,41.57,41.3,41.55,102016
2010-03-29 10:30:00,41.54,41.62,41.45,41.59,75381
2010-03-29 10:45:00,41.59,41.68,41.52,41.63,58006
2010-03-29 11:00:00,41.63,41.74,41.63,41.73,34296
2010-03-29 11:15:00,41.74,41.79,41.71,41.78,36219
2010-03-29 11:30:00,41.79,42.03,41.76,42.01,70392
2010-03-29 11:45:00,42.01,42.03,41.94,42.01,46329
2010-03-29 12:00:00,42.0,42.05,41.97,42.02,27176
2010-03-29 12:15:00,42.02,42.03,41.99,42.0,24756
2010-03-29 12:30:00,42.0,42.01,41.9,41.93,34698
2010-03-29 12:45:00,41.935,42.0,41.91,41.92,55131
2010-03-29 13:00:00,41.92,41.92,41.83,41.84,55283
2010-03-29 13:15:00,41.83,41.89,41.79,41.81,43237
2010-03-29 13:30:00,41.8,41.9,41.79,41.88,29036
2010-03-29 13:45:00,41.9,41.96,41.85,41.86,39281
2010-03-29 14:00:00,41.87,41.95,41.86,41.92,27000
2010-03-29 14:15:00,41.92,41.94,41.89,41.93,46133
2010-03-29 14:30:00,41.92,41.92,41.83,41.85,39809
2010-03-29 14:45:00,41.85,41.88,41.75,41.76,71274
2010-03-29 15:00:00,41.75,41.81,41.73,41.76,58553
2010-03-29 15:15:00,41.77,41.79,41.73,41.74,43314
2010-03-29 15:30:00,41.75,41.77,41.72,41.75,69533
2010-03-29 15:45:00,41.75,41.76,41.7,41.72,76954
2010-03-29 16:00:00,41.71,41.79,41.66,41.77,287107
2010-03-30 09:45:00,41.88,41.88,41.42,41.72,57507
2010-03-30 10:00:00,41.71,42.03,41.71,42.0,37188
2010-03-30 10:15:00,42.01,42.08,41.96,41.97,31954
2010-03-30 10:30:00,41.98,41.99,41.86,41.94,26500
2010-03-30 10:45:00,41.95,41.99,41.92,41.93,17806
2010-03-30 11:00:00,41.94,42.005,41.93,41.94,45336
2010-03-30 11:15:00,41.95,41.98,41.643,41.68,102097
2010-03-30 11:30:00,41.66,41.68,41.525,41.61,64086
2010-03-30 11:45:00,41.62,41.7,41.58,41.7,35210
2010-03-30 12:00:00,41.7,41.8,41.7,41.8,16550
2010-03-30 12:15:00,41.81,41.89,41.81,41.86,15876
2010-03-30 12:30:00,41.84,41.89,41.8,41.87,13687
2010-03-30 12:45:00,41.87,41.895,41.86,41.86,15112
2010-03-30 13:00:00,41.86,41.9,41.84,41.85,15915
2010-03-30 13:15:00,41.83,41.85,41.78,41.83,18343
2010-03-30 13:30:00,41.81,41.82,41.71,41.77,17789
2010-03-30 13:45:00,41.77,41.8,41.74,41.74,10809
2010-03-30 14:00:00,41.73,41.83,41.72,41.79,15400
2010-03-30 14:15:00,41.79,41.83,41.78,41.8,12582
2010-03-30 14:30:00,41.8,41.85,41.78,41.832,20927
2010-03-30 14:45:00,41.84,41.88,41.82,41.848,24300
2010-03-30 15:00:00,41.84,41.9,41.83,41.84,20510
2010-03-30 15:15:00,41.84,41.9,41.84,41.86,40076
2010-03-30 15:30:00,41.87,41.87,41.81,41.84,51439
2010-03-30 15:45:00,41.85,41.85,41.79,41.8,66369
2010-03-30 16:00:00,41.81,41.85,41.79,41.81,118059
2010-03-31 09:45:00,41.65,41.8,41.45,41.53,52413
2010-03-31 10:00:00,41.53,41.67,41.49,41.6,54322
2010-03-31 10:15:00,41.6,41.74,41.6,41.66,41728
2010-03-31 10:30:00,41.66,41.855,41.63,41.81,44403
2010-03-31 10:45:00,41.81,41.86,41.79,41.805,77271
2010-03-31 11:00:00,41.8,41.89,41.79,41.8601,42407
2010-03-31 11:15:00,41.88,41.91,41.83,41.88,73300
2010-03-31 11:30:00,41.89,41.93,41.87,41.89,22964
2010-03-31 11:45:00,41.88,41.94,41.87,41.88,29760
2010-03-31 12:00:00,41.89,41.93,41.88,41.88,19333
2010-03-31 12:15:00,41.88,41.91,41.88,41.895,13375
2010-03-31 12:30:00,41.89,41.93,41.86,41.865,41577
2010-03-31 12:45:00,41.87,41.94,41.86,41.9,26377
2010-03-31 13:00:00,41.91,41.93,41.87,41.89,48478
2010-03-31 13:15:00,41.9,41.91,41.88,41.895,20001
2010-03-31 13:30:00,41.89,41.92,41.84,41.92,46445
2010-03-31 13:45:00,41.91,41.93,41.89,41.91,8500
2010-03-31 14:00:00,41.91,41.94,41.89,41.9,12102
2010-03-31 14:15:00,41.9,41.93,41.87,41.875,20584
2010-03-31 14:30:00,41.88,41.92,41.88,41.91,17630
2010-03-31 14:45:00,41.9,41.92,41.88,41.89,99721
2010-03-31 15:00:00,41.89,41.9099,41.82,41.82,112091
2010-03-31 15:15:00,41.82,41.83,41.73,41.73,26589
2010-03-31 15:30:00,41.7375,41.76,41.68,41.75,38621
2010-03-31 15:45:00,41.75,41.79,41.73,41.77,33671
2010-03-31 16:00:00,41.76,41.77,41.68,41.72,310461
2010-04-01 09:45:00,41.81,42.03,41.78,41.97,78108
2010-04-01 10:00:00,41.97,42.02,41.86,41.93,74516
2010-04-01 10:15:00,41.93,42.0,41.93,41.965,69023
2010-04-01 10:30:00,41.97,41.99,41.92,41.93,19772
2010-04-01 10:45:00,41.94,41.95,41.9,41.93,26150
2010-04-01 11:00:00,41.93,41.93,41.83,41.91,52914
2010-04-01 11:15:00,41.91,41.92,41.85,41.89,45116
2010-04-01 11:30:00,41.9,41.9,41.78,41.78,53211
2010-04-01 11:45:00,41.78,41.84,41.77,41.815,36748
2010-04-01 12:00:00,41.82,41.86,41.82,41.85,25037
2010-04-01 12:15:00,41.85,41.85,41.815,41.8399,13523
2010-04-01 12:30:00,41.83,41.835,41.8,41.8,21113
2010-04-01 12:45:00,41.8,41.82,41.8,41.81,12512
2010-04-01 13:00:00,41.81,41.86,41.8,41.82,30504
2010-04-01 13:15:00,41.82,41.82,41.77,41.775,15785
2010-04-01 13:30:00,41.76,41.835,41.76,41.835,15519
2010-04-01 13:45:00,41.84,41.86,41.75,41.77,19150
2010-04-01 14:00:00,41.76,41.765,41.64,41.645,37796
2010-04-01 14:15:00,41.64,41.71,41.61,41.71,35808
2010-04-01 14:30:00,41.7101,41.77,41.695,41.74,37458
2010-04-01 14:45:00,41.745,41.78,41.56,41.65,74351
2010-04-01 15:00:00,41.64,41.74,41.61,41.74,37776
2010-04-01 15:15:00,41.73,41.77,41.7,41.76,33121
2010-04-01 15:30:00,41.7599,41.81,41.75,41.79,43605
2010-04-01 15:45:00,41.795,41.85,41.77,41.77,40426
2010-04-01 16:00:00,41.78,41.94,41.77,41.94,135600
2010-04-05 09:45:00,41.98,42.07,41.67,41.73,86920
2010-04-05 10:00:00,41.74,41.88,41.73,41.84,31784
2010-04-05 10:15:00,41.84,42.03,41.79,41.99,36536
2010-04-05 10:30:00,42.0,42.12,41.99,42.0,26756
2010-04-05 10:45:00,42.01,42.04,41.95,42.025,26247
2010-04-05 11:00:00,42.02,42.0825,41.99,42.0,31089
2010-04-05 11:15:00,42.01,42.01,41.95,41.9875,17077
2010-04-05 11:30:00,41.99,41.99,41.92,41.95,15163
2010-04-05 11:45:00,41.96,41.96,41.85,41.86,23064
2010-04-05 12:00:00,41.85,41.95,41.85,41.94,20506
2010-04-05 12:15:00,41.95,41.95,41.88,41.89,19521
2010-04-05 12:30:00,41.89,41.93,41.88,41.92,14778
2010-04-05 12:45:00,41.92,41.98,41.92,41.95,30152
2010-04-05 13:00:00,41.95,41.99,41.92,41.98,34219
2010-04-05 13:15:00,41.99,42.0,41.93,41.98,46904
2010-04-05 13:30:00,41.98,41.99,41.95,41.985,25750
2010-04-05 13:45:00,41.98,41.99,41.95,41.965,39342
2010-04-05 14:00:00,41.965,42.0,41.96,41.985,32468
2010-04-05 14:15:00,41.99,42.0,41.97,41.98,48576
2010-04-05 14:30:00,41.9819,42.03,41.97,42.02,46392
2010-04-05 14:45:00,42.03,42.04,41.99,42.03,38387
2010-04-05 15:00:00,42.023999999999994,42.04,41.99,42.005,28389
2010-04-05 15:15:00,42.0,42.02,41.97,42.01,27167
2010-04-05 15:30:00,42.0,42.01,41.98,41.995,34064
2010-04-05 15:45:00,41.995,42.03,41.98,41.99,48802
2010-04-05 16:00:00,41.995,42.12,41.99,42.12,132333
2010-04-06 09:45:00,41.84,42.13,41.79,42.09,21720
2010-04-06 10:00:00,42.09,42.11,42.045,42.06,18747
2010-04-06 10:15:00,42.04,42.13,42.02,42.12,18309
2010-04-06 10:30:00,42.13,42.16,42.04,42.06,23997
2010-04-06 10:45:00,42.065,42.1,41.98,41.98,25510
2010-04-06 11:00:00,41.9801,41.99,41.821000000000005,41.85,90146
2010-04-06 11:15:00,41.85,41.86,41.84,41.86,34569
2010-04-06 11:30:00,41.85,41.925,41.85,41.88,55870
2010-04-06 11:45:00,41.88,41.91,41.87,41.9,14861
2010-04-06 12:00:00,41.9,41.91,41.89,41.895,41695
2010-04-06 12:15:00,41.895,41.91,41.87,41.875,91692
2010-04-06 12:30:00,41.88,41.89,41.855,41.87,70352
2010-04-06 12:45:00,41.865,41.8775,41.85,41.87,25016
2010-04-06 13:00:00,41.87,41.88,41.86,41.865,23805
2010-04-06 13:15:00,41.87,41.88,41.86,41.87,10100
2010-04-06 13:30:00,41.87,41.9,41.865,41.9,16904
2010-04-06 13:45:00,41.9,41.91,41.835,41.85,39976
2010-04-06 14:00:00,41.84,41.85,41.83,41.8475,21105
2010-04-06 14:15:00,41.85,41.93,41.83,41.92,47298
2010-04-06 14:30:00,41.92,41.96,41.91,41.91,34279
2010-04-06 14:45:00,41.92,41.95,41.92,41.95,31058
2010-04-06 15:00:00,41.94,41.95,41.92,41.9201,28256
2010-04-06 15:15:00,41.93,41.93,41.89,41.9,54277
2010-04-06 15:30:00,41.91,41.95,41.9,41.9411,34068
2010-04-06 15:45:00,41.9403,41.95,41.91,41.95,47343
2010-04-06 16:00:00,41.95,41.95,41.9,41.91,84230
2010-04-07 09:45:00,41.4,41.82,41.4,41.76,58143
2010-04-07 10:00:00,41.76,41.86,41.71,41.79,102618
2010-04-07 10:15:00,41.8,41.91,41.79,41.9,34071
2010-04-07 10:30:00,41.91,41.95,41.83,41.86,73811
2010-04-07 10:45:00,41.84,41.89,41.76,41.78,41633
2010-04-07 11:00:00,41.77,41.78,41.71,41.74,57414
2010-04-07 11:15:00,41.73,41.88,41.73,41.87,76957
2010-04-07 11:30:00,41.88,41.89,41.85,41.86,24039
2010-04-07 11:45:00,41.865,41.87,41.83,41.85,28521
2010-04-07 12:00:00,41.85,41.87,41.83,41.85,63541
2010-04-07 12:15:00,41.86,41.89,41.84,41.85,35309
2010-04-07 12:30:00,41.85,41.89,41.82,41.87,24181
2010-04-07 12:45:00,41.869,41.87,41.84,41.84,8501
2010-04-07 13:00:00,41.85,41.85,41.83,41.85,11400
2010-04-07 13:15:00,41.85,41.92,41.8425,41.92,67251
2010-04-07 13:30:00,41.91,41.9325,41.88,41.89,33161
2010-04-07 13:45:00,41.89,41.8925,41.83,41.8405,48841
2010-04-07 14:00:00,41.84,41.88,41.84,41.85,65262
2010-04-07 14:15:00,41.85,41.88,41.84,41.845,51184
2010-04-07 14:30:00,41.85,41.88,41.84,41.861000000000004,52801
2010-04-07 14:45:00,41.86,41.865,41.73,41.78,61429
2010-04-07 15:00:00,41.775,41.8,41.7,41.715,28022
2010-04-07 15:15:00,41.71,41.72,41.57,41.64,85180
2010-04-07 15:30:00,41.62,41.67,41.58,41.65,47827
2010-04-07 15:45:00,41.64,41.75,41.6,41.71,67323
2010-04-07 16:00:00,41.71,41.75,41.68,41.73,98097
2010-04-08 09:45:00,41.58,41.66,41.34,41.47,119727
2010-04-08 10:00:00,41.46,41.51,41.33,41.35,56922
2010-04-08 10:15:00,41.35,41.46,41.3,41.45,55046
2010-04-08 10:30:00,41.45,41.55,41.44,41.54,41988
2010-04-08 10:45:00,41.55,41.63,41.52,41.53,41974
2010-04-08 11:00:00,41.53,41.555,41.52,41.55,32217
2010-04-08 11:15:00,41.55,41.61,41.54,41.6,35092
2010-04-08 11:30:00,41.6,41.62,41.6,41.6,34447
2010-04-08 11:45:00,41.61,41.62,41.6,41.6,51867
2010-04-08 12:00:00,41.6,41.61,41.6,41.6,33110
2010-04-08 12:15:00,41.6,41.61,41.55,41.55,139780
2010-04-08 12:30:00,41.54,41.59,41.51,41.56,71884
2010-04-08 12:45:00,41.56,41.62,41.56,41.61,109906
2010-04-08 13:00:00,41.61,41.64,41.54,41.57,53465
2010-04-08 13:15:00,41.57,41.58,41.55,41.56,233491
2010-04-08 13:30:00,41.55,41.6,41.55,41.6,39581
2010-04-08 13:45:00,41.592,41.6218,41.56,41.583,87166
2010-04-08 14:00:00,41.58,41.59,41.53,41.56,157766
2010-04-08 14:15:00,41.56,41.57,41.55,41.565,39938
2010-04-08 14:30:00,41.57,41.62,41.565,41.6,83027
2010-04-08 14:45:00,41.6025,41.67,41.58,41.63,123585
2010-04-08 15:00:00,41.61,41.61,41.58,41.59,109183
2010-04-08 15:15:00,41.58,41.63,41.58,41.6,165300
2010-04-08 15:30:00,41.6,41.63,41.58,41.58,91104
2010-04-08 15:45:00,41.58,41.62,41.58,41.62,89777
2010-04-08 16:00:00,41.62,41.63,41.585,41.61,164422
2010-04-09 09:45:00,41.7,41.72,41.31,41.385,52110
2010-04-09 10:00:00,41.36,41.55,41.36,41.55,34822
2010-04-09 10:15:00,41.55,41.63,41.53,41.6,22784
2010-04-09 10:30:00,41.59,41.6,41.46,41.48,26764
2010-04-09 10:45:00,41.47,41.54,41.38,41.385,42089
2010-04-09 11:00:00,41.39,41.44,41.36,41.38,35121
2010-04-09 11:15:00,41.39,41.485,41.39,41.48,35121
2010-04-09 11:30:00,41.48,41.53,41.45,41.51,37512
2010-04-09 11:45:00,41.52,41.61,41.52,41.59,21343
2010-04-09 12:00:00,41.59,41.69,41.59,41.641000000000005,20226
2010-04-09 12:15:00,41.65,41.665,41.63,41.63,8392
2010-04-09 12:30:00,41.63,41.63,41.58,41.6,11137
2010-04-09 12:45:00,41.61,41.64,41.6,41.6,14431
2010-04-09 13:00:00,41.6,41.63,41.59,41.63,17624
2010-04-09 13:15:00,41.64,41.64,41.57,41.61,16896
2010-04-09 13:30:00,41.64,41.66,41.62,41.66,30146
2010-04-09 13:45:00,41.66,41.68,41.65,41.68,9333
2010-04-09 14:00:00,41.68,41.76,41.68,41.76,39535
2010-04-09 14:15:00,41.75,41.8,41.71,41.78,47574
2010-04-09 14:30:00,41.78,41.84,41.78,41.84,12823
2010-04-09 14:45:00,41.835,41.84,41.74,41.75,43763
2010-04-09 15:00:00,41.74,41.78,41.729,41.75,28274
2010-04-09 15:15:00,41.75,41.77,41.66,41.73,21289
2010-04-09 15:30:00,41.73,41.775,41.71,41.77,27680
2010-04-09 15:45:00,41.78,41.78,41.725,41.76,50315
2010-04-09 16:00:00,41.76,41.88,41.7525,41.85,85945
2010-04-12 09:45:00,41.81,42.0,41.52,41.59,44934
2010-04-12 10:00:00,41.6,41.62,41.505,41.54,30473
2010-04-12 10:15:00,41.525,41.78,41.52,41.7454,20587
2010-04-12 10:30:00,41.7497,41.7497,41.625,41.71,13012
2010-04-12 10:45:00,41.71,41.71,41.615,41.635,37292
2010-04-12 11:00:00,41.64,41.68,41.61,41.625,47142
2010-04-12 11:15:00,41.61,41.69,41.6,41.6,83688
2010-04-12 11:30:00,41.6,41.61,41.47,41.47,54886
2010-04-12 11:45:00,41.47,41.53,41.46,41.515,23070
2010-04-12 12:00:00,41.51,41.545,41.5,41.52,25688
2010-04-12 12:15:00,41.51,41.555,41.51,41.55,12674
2010-04-12 12:30:00,41.56,41.615,41.55,41.608999999999995,45516
2010-04-12 12:45:00,41.6,41.68,41.6,41.68,12076
2010-04-12 13:00:00,41.68,41.72,41.67,41.71,13316
2010-04-12 13:15:00,41.71,41.75,41.71,41.74,18070
2010-04-12 13:30:00,41.74,41.77,41.74,41.76,6075
2010-04-12 13:45:00,41.76,41.8,41.76,41.8,10770
2010-04-12 14:00:00,41.8,41.82,41.785,41.79,30559
2010-04-12 14:15:00,41.78,41.82,41.77,41.8,44268
2010-04-12 14:30:00,41.81,41.88,41.78,41.86,163981
2010-04-12 14:45:00,41.8616,41.87,41.81,41.815,12934
2010-04-12 15:00:00,41.82,41.86,41.81,41.84,45382
2010-04-12 15:15:00,41.8327,41.9,41.83,41.9,32123
2010-04-12 15:30:00,41.9,41.9,41.84,41.87,29735
2010-04-12 15:45:00,41.86,41.91,41.84,41.89,51809
2010-04-12 16:00:00,41.88,41.95,41.88,41.88,123482
2010-04-13 09:45:00,41.98,42.05,41.83,42.05,47801
2010-04-13 10:00:00,42.04,42.04,41.9725,41.99,20701
2010-04-13 10:15:00,41.97,42.04,41.96,41.99,25421
2010-04-13 10:30:00,42.0,42.01,41.82,41.85,20438
2010-04-13 10:45:00,41.85,41.85,41.73,41.85,29219
2010-04-13 11:00:00,41.85,41.96,41.84,41.95,14296
2010-04-13 11:15:00,41.95,41.97,41.89,41.89,24805
2010-04-13 11:30:00,41.9,42.0,41.89,41.98,18596
2010-04-13 11:45:00,41.97,42.06,41.97,42.04,20852
2010-04-13 12:00:00,42.04,42.05,42.0,42.05,13625
2010-04-13 12:15:00,42.04,42.04,42.02,42.0275,8541
2010-04-13 12:30:00,42.03,42.12,42.03,42.09,16622
2010-04-13 12:45:00,42.09,42.1,42.01,42.01,9402
2010-04-13 13:00:00,42.03,42.1136,42.0,42.09,18764
2010-04-13 13:15:00,42.09,42.09,42.0201,42.0501,17273
2010-04-13 13:30:00,42.06,42.0902,42.03,42.0502,23333
2010-04-13 13:45:00,42.05,42.1,42.05,42.05,11599
2010-04-13 14:00:00,42.05,42.13,42.05,42.13,15816
2010-04-13 14:15:00,42.12,42.12,42.0305,42.05,10046
2010-04-13 14:30:00,42.06,42.1,42.02,42.02,16237
2010-04-13 14:45:00,42.02,42.07,42.0101,42.05,18687
2010-04-13 15:00:00,42.05,42.11,42.05,42.06,18714
2010-04-13 15:15:00,42.06,42.095,42.06,42.09,13129
2010-04-13 15:30:00,42.08,42.21,42.08,42.17,36796
2010-04-13 15:45:00,42.17,42.185,42.13,42.18,30786
2010-04-13 16:00:00,42.18,42.2,42.15,42.16,65125
2010-04-14 09:45:00,42.33,42.49,42.33,42.39,83207
2010-04-14 10:00:00,42.36,42.51,42.33,42.51,45827
2010-04-14 10:15:00,42.51,42.7,42.51,42.65,47955
2010-04-14 10:30:00,42.65,42.81,42.65,42.795,126267
2010-04-14 10:45:00,42.8,42.9,42.8,42.89,68712
2010-04-14 11:00:00,42.89,43.02,42.89,43.0,65674
2010-04-14 11:15:00,43.0075,43.04,42.93,42.945,64734
2010-04-14 11:30:00,42.9501,42.99,42.945,42.97,24398
2010-04-14 11:45:00,42.96,43.11,42.945,43.1,67852
2010-04-14 12:00:00,43.1,43.17,43.1,43.13,28035
2010-04-14 12:15:00,43.13,43.13,43.08,43.1,82087
2010-04-14 12:30:00,43.1,43.16,43.095,43.15,24898
2010-04-14 12:45:00,43.15,43.18,43.11,43.11,15700
2010-04-14 13:00:00,43.11,43.12,43.1,43.1,17053
2010-04-14 13:15:00,43.105,43.18,43.1,43.17,21244
2010-04-14 13:30:00,43.18,43.24,43.15,43.24,18538
2010-04-14 13:45:00,43.24,43.26,43.13,43.1301,16307
2010-04-14 14:00:00,43.14,43.19,43.14,43.175,15021
2010-04-14 14:15:00,43.19,43.27,43.18,43.25,26842
2010-04-14 14:30:00,43.25,43.31,43.24,43.31,33231
2010-04-14 14:45:00,43.3,43.38,43.29,43.29,92629
2010-04-14 15:00:00,43.29,43.29,43.25,43.26,46866
2010-04-14 15:15:00,43.27,43.27,43.2,43.2,50673
2010-04-14 15:30:00,43.2,43.32,43.19,43.32,48238
2010-04-14 15:45:00,43.32,43.54,43.32,43.54,97619
2010-04-14 16:00:00,43.54,43.57,43.49,43.55,124593
2010-04-15 09:45:00,43.41,43.85,43.41,43.67,153479
2010-04-15 10:00:00,43.73,43.91,43.72,43.76,98728
2010-04-15 10:15:00,43.76,44.0,43.73,43.87,75841
2010-04-15 10:30:00,43.89,43.92,43.85,43.86,62772
2010-04-15 10:45:00,43.86,43.91,43.85,43.88,50507
2010-04-15 11:00:00,43.88,43.93,43.82,43.92,44630
2010-04-15 11:15:00,43.92,43.95,43.83,43.85,52831
2010-04-15 11:30:00,43.85,43.87,43.745,43.7576,44392
2010-04-15 11:45:00,43.75,43.76,43.68,43.69,29743
2010-04-15 12:00:00,43.69,43.7,43.61,43.6575,41094
2010-04-15 12:15:00,43.66,43.72,43.61,43.72,28467
2010-04-15 12:30:00,43.73,43.8,43.725,43.79,16443
2010-04-15 12:45:00,43.79,43.795,43.71,43.71,15837
2010-04-15 13:00:00,43.705,43.71,43.63,43.653,23737
2010-04-15 13:15:00,43.66,43.75,43.655,43.75,32565
2010-04-15 13:30:00,43.76,43.86,43.75,43.86,23997
2010-04-15 13:45:00,43.86,43.88,43.84,43.88,22473
2010-04-15 14:00:00,43.88,43.88,43.82,43.84,40563
2010-04-15 14:15:00,43.84,43.88,43.815,43.84,39369
2010-04-15 14:30:00,43.84,43.91,43.84,43.91,50007
2010-04-15 14:45:00,43.9,43.92,43.9,43.91,11780
2010-04-15 15:00:00,43.9,43.93,43.86,43.93,32413
2010-04-15 15:15:00,43.94,43.94,43.815,43.82,33447
2010-04-15 15:30:00,43.83,43.83,43.75,43.76,38422
2010-04-15 15:45:00,43.76,43.78,43.75,43.78,52586
2010-04-15 16:00:00,43.78,43.88,43.77,43.83,165640
2010-04-16 09:45:00,43.73,43.99,43.73,43.881,192804
2010-04-16 10:00:00,43.87,43.93,43.71,43.77,18871
2010-04-16 10:15:00,43.76,43.85,43.7099,43.77,31668
2010-04-16 10:30:00,43.77,43.84,43.72,43.75,56699
2010-04-16 10:45:00,43.75,43.84,43.6,43.68,62207
2010-04-16 11:00:00,43.67,43.75,43.56,43.7205,50294
2010-04-16 11:15:00,43.72,43.77,43.56,43.57,32142
2010-04-16 11:30:00,43.57,43.73,43.46,43.66,59911
2010-04-16 11:45:00,43.66,43.74,43.61,43.7,34099
2010-04-16 12:00:00,43.69,43.69,43.55,43.56,59176
2010-04-16 12:15:00,43.56,43.63,43.51,43.601000000000006,30330
2010-04-16 12:30:00,43.6,43.6,43.49,43.51,18910
2010-04-16 12:45:00,43.49,43.49,43.38,43.43,33780
2010-04-16 13:00:00,43.43,43.66,43.43,43.62,39992
2010-04-16 13:15:00,43.62,43.64,43.54,43.54,36212
2010-04-16 13:30:00,43.54,43.55,43.5,43.53,38194
2010-04-16 13:45:00,43.54,43.59,43.49,43.58,52080
2010-04-16 14:00:00,43.59,43.61,43.57,43.59,32901
2010-04-16 14:15:00,43.59,43.64,43.57,43.57,96656
2010-04-16 14:30:00,43.57,43.6,43.56,43.5815,57561
2010-04-16 14:45:00,43.59,43.6,43.57,43.58,51930
2010-04-16 15:00:00,43.58,43.6,43.55,43.56,73395
2010-04-16 15:15:00,43.57,43.6,43.52,43.56,94677
2010-04-16 15:30:00,43.57,43.615,43.56,43.58,48266
2010-04-16 15:45:00,43.58,43.61,43.53,43.59,92656
2010-04-16 16:00:00,43.598,43.66,43.57,43.61,125144
2010-04-19 09:45:00,43.64,43.69,43.38,43.68,50538
2010-04-19 10:00:00,43.69,43.82,43.62,43.74,36944
2010-04-19 10:15:00,43.76,43.79,43.645,43.645,28903
2010-04-19 10:30:00,43.6525,43.69,43.47,43.515,23187
2010-04-19 10:45:00,43.53,43.57,43.4501,43.51,19797
2010-04-19 11:00:00,43.505,43.67,43.5,43.65,78033
2010-04-19 11:15:00,43.65,43.66,43.61,43.62,53851
2010-04-19 11:30:00,43.61,43.7301,43.59,43.67,32395
2010-04-19 11:45:00,43.6701,43.6701,43.56,43.56,31563
2010-04-19 12:00:00,43.55,43.55,43.31,43.325,78013
2010-04-19 12:15:00,43.34,43.4,43.23,43.28,67664
2010-04-19 12:30:00,43.28,43.475,43.275,43.46,38331
2010-04-19 12:45:00,43.455,43.485,43.445,43.47,35045
2010-04-19 13:00:00,43.47,43.49,43.45,43.4575,16569
2010-04-19 13:15:00,43.458,43.475,43.45,43.46,36982
2010-04-19 13:30:00,43.465,43.505,43.45,43.49,28100
2010-04-19 13:45:00,43.495,43.515,43.48,43.5,20664
2010-04-19 14:00:00,43.495,43.5069,43.48,43.48,17295
2010-04-19 14:15:00,43.485,43.61,43.47,43.59,43455
2010-04-19 14:30:00,43.59,43.73,43.59,43.69,34100
2010-04-19 14:45:00,43.69,43.72,43.67,43.69,27416
2010-04-19 15:00:00,43.69,43.75,43.65,43.75,39612
2010-04-19 15:15:00,43.75,43.94,43.74,43.77,57566
2010-04-19 15:30:00,43.76,43.79,43.74,43.77,45388
2010-04-19 15:45:00,43.75,43.76,43.66,43.66,33093
2010-04-19 16:00:00,43.66,43.83,43.66,43.83,74596
2010-04-20 09:45:00,43.96,44.0,43.84,43.93,48719
2010-04-20 10:00:00,43.94,43.99,43.84,43.94,33812
2010-04-20 10:15:00,43.93,43.99,43.93,43.94,35118
2010-04-20 10:30:00,43.94,43.95,43.82,43.885,59626
2010-04-20 10:45:00,43.9,43.99,43.86,43.98,23270
2010-04-20 11:00:00,43.97,44.0,43.965,43.98,30275
2010-04-20 11:15:00,43.98,44.19,43.98,44.17,89494
2010-04-20 11:30:00,44.17,44.18,44.105,44.16,27702
2010-04-20 11:45:00,44.165,44.17,44.16,44.17,34620
2010-04-20 12:00:00,44.16,44.23,44.16,44.185,69376
2010-04-20 12:15:00,44.19,44.3,44.18,44.24,33167
2010-04-20 12:30:00,44.25,44.3,44.245,44.26,11798
2010-04-20 12:45:00,44.2575,44.3,44.24,44.3,12479
2010-04-20 13:00:00,44.3,44.3,44.24,44.2813,15995
2010-04-20 13:15:00,44.28,44.36,44.28,44.31,22033
2010-04-20 13:30:00,44.3085,44.31,44.25,44.26,15420
2010-04-20 13:45:00,44.26,44.31,44.25,44.29,24908
2010-04-20 14:00:00,44.3,44.34,44.27,44.29,35141
2010-04-20 14:15:00,44.2975,44.33,44.29,44.3,42060
2010-04-20 14:30:00,44.31,44.37,44.3,44.36,28008
2010-04-20 14:45:00,44.35,44.38,44.3,44.3,45692
2010-04-20 15:00:00,44.3,44.43,44.3,44.41,30037
2010-04-20 15:15:00,44.41,44.44,44.37,44.37,39595
2010-04-20 15:30:00,44.38,44.38,44.32,44.35,29211
2010-04-20 15:45:00,44.35,44.38,44.33,44.34,49263
2010-04-20 16:00:00,44.34,44.35,44.28,44.32,142631
2010-04-21 09:45:00,44.35,44.59,44.12,44.47,65848
2010-04-21 10:00:00,44.5,44.51,44.35,44.38,19677
2010-04-21 10:15:00,44.37,44.42,44.28,44.2801,25262
2010-04-21 10:30:00,44.285,44.285,44.14,44.2,44442
2010-04-21 10:45:00,44.19,44.31,44.1,44.24,47460
2010-04-21 11:00:00,44.23,44.28,44.16,44.19,34939
2010-04-21 11:15:00,44.19,44.25,44.16,44.25,28673
2010-04-21 11:30:00,44.26,44.27,44.11,44.14,30698
2010-04-21 11:45:00,44.15,44.15,43.98,44.12,26796
2010-04-21 12:00:00,44.12,44.13,44.1,44.12,13064
2010-04-21 12:15:00,44.125,44.135,44.07,44.08,12035
2010-04-21 12:30:00,44.08,44.13,44.08,44.12,13618
2010-04-21 12:45:00,44.13,44.25,44.13,44.25,42297
2010-04-21 13:00:00,44.26,44.27,44.2,44.22,34916
2010-04-21 13:15:00,44.22,44.32,44.22,44.24,30003
2010-04-21 13:30:00,44.2401,44.36,44.24,44.35,38387
2010-04-21 13:45:00,44.3401,44.45,44.34,44.45,42015
2010-04-21 14:00:00,44.45,44.67,44.45,44.67,61458
2010-04-21 14:15:00,44.66,44.67,44.48,44.4801,22413
2010-04-21 14:30:00,44.4803,44.4803,44.335,44.39,45030
2010-04-21 14:45:00,44.39,44.5,44.36,44.5,31199
2010-04-21 15:00:00,44.49,44.6,44.49,44.6,29076
2010-04-21 15:15:00,44.6,44.69,44.595,44.67,51126
2010-04-21 15:30:00,44.69,44.75,44.6,44.63,74612
2010-04-21 15:45:00,44.64,44.72,44.63,44.7,91989
2010-04-21 16:00:00,44.71,44.77,44.66,44.66,123841
2010-04-22 09:45:00,44.51,44.83,44.5,44.5,83096
2010-04-22 10:00:00,44.5,44.8,44.5,44.8,37019
2010-04-22 10:15:00,44.79,45.0,44.77,44.93,41633
2010-04-22 10:30:00,44.91,45.2,44.91,45.2,116539
2010-04-22 10:45:00,45.19,45.57,45.09,45.55,121938
2010-04-22 11:00:00,45.56,45.61,45.4,45.43,113150
2010-04-22 11:15:00,45.44,45.5,45.3,45.31,61126
2010-04-22 11:30:00,45.3,45.3,45.15,45.15,45003
2010-04-22 11:45:00,45.16,45.23,45.11,45.12,51566
2010-04-22 12:00:00,45.11,45.12,45.02,45.1,53297
2010-04-22 12:15:00,45.0975,45.29,45.09,45.22,48907
2010-04-22 12:30:00,45.21,45.35,45.2,45.34,47038
2010-04-22 12:45:00,45.33,45.335,45.23,45.26,18512
2010-04-22 13:00:00,45.26,45.27,45.16,45.1799,31521
2010-04-22 13:15:00,45.17,45.3398,45.16,45.32,49696
2010-04-22 13:30:00,45.33,45.4,45.25,45.38,184597
2010-04-22 13:45:00,45.36,45.375,45.32,45.352,22194
2010-04-22 14:00:00,45.36,45.57,45.36,45.57,43399
2010-04-22 14:15:00,45.57,45.7,45.5,45.7,154632
2010-04-22 14:30:00,45.71,45.92,45.7,45.92,38059
2010-04-22 14:45:00,45.91,45.98,45.8,45.8,56861
2010-04-22 15:00:00,45.8,45.88,45.8,45.84,57335
2010-04-22 15:15:00,45.83,45.84,45.79,45.84,49391
2010-04-22 15:30:00,45.85,46.14,45.84,46.13,148660
2010-04-22 15:45:00,46.12,46.15,46.0,46.03,102269
2010-04-22 16:00:00,46.04,46.15,46.02,46.03,273023
2010-04-23 09:45:00,46.19,46.31,45.77,45.95,102730
2010-04-23 10:00:00,45.93,46.0397,45.91,46.0,91568
2010-04-23 10:15:00,46.02,46.08,45.94,46.05,126368
2010-04-23 10:30:00,46.06,46.13,46.045,46.09,112715
2010-04-23 10:45:00,46.09,46.09,45.9,46.02,68781
2010-04-23 11:00:00,46.01,46.01,45.74,45.79,63423
2010-04-23 11:15:00,45.8,45.9,45.75,45.85,37192
2010-04-23 11:30:00,45.84,45.87,45.78,45.8,32185
2010-04-23 11:45:00,45.8,45.83,45.77,45.8,39601
2010-04-23 12:00:00,45.8,45.8,45.69,45.69,38217
2010-04-23 12:15:00,45.68,45.71,45.65,45.69,98489
2010-04-23 12:30:00,45.6825,45.69,45.625,45.64,33327
2010-04-23 12:45:00,45.64,45.67,45.62,45.64,39138
2010-04-23 13:00:00,45.64,45.67,45.63,45.6599,61332
2010-04-23 13:15:00,45.65,45.75,45.64,45.7475,37452
2010-04-23 13:30:00,45.74,45.76,45.7,45.71,36530
2010-04-23 13:45:00,45.72,45.72,45.69,45.7,20627
2010-04-23 14:00:00,45.7,46.0,45.69,46.0,169415
2010-04-23 14:15:00,45.995,46.005,45.84,45.85,60999
2010-04-23 14:30:00,45.85,45.87,45.83,45.86,95692
2010-04-23 14:45:00,45.86,45.895,45.82,45.895,98388
2010-04-23 15:00:00,45.91,46.03,45.91,46.0,48459
2010-04-23 15:15:00,46.0,46.15,45.99,46.14,86440
2010-04-23 15:30:00,46.14,46.23,46.14,46.22,61942
2010-04-23 15:45:00,46.22,46.27,46.18,46.19,88315
2010-04-23 16:00:00,46.19,46.28,46.18,46.25,179763
2010-04-26 09:45:00,46.35,46.77,46.32,46.61,131800
2010-04-26 10:00:00,46.61,46.72,46.52,46.66,149946
2010-04-26 10:15:00,46.67,46.83,46.57,46.8075,128966
2010-04-26 10:30:00,46.808,46.83,46.62,46.62,89308
2010-04-26 10:45:00,46.62,46.69,46.5,46.55,43132
2010-04-26 11:00:00,46.57,46.6,46.51,46.57,28241
2010-04-26 11:15:00,46.57,46.69,46.56,46.69,22213
2010-04-26 11:30:00,46.68,46.68,46.6,46.63,21571
2010-04-26 11:45:00,46.62,46.7,46.58,46.7,34744
2010-04-26 12:00:00,46.7,46.7,46.58,46.66,86571
2010-04-26 12:15:00,46.66,46.74,46.62,46.73,154710
2010-04-26 12:30:00,46.7375,46.8,46.68,46.68,32310
2010-04-26 12:45:00,46.67,46.75,46.67,46.72,68807
2010-04-26 13:00:00,46.72,46.725,46.67,46.71,21238
2010-04-26 13:15:00,46.71,46.74,46.69,46.69,34790
2010-04-26 13:30:00,46.69,46.715,46.66,46.67,37346
2010-04-26 13:45:00,46.67,46.67,46.6,46.61,34579
2010-04-26 14:00:00,46.6195,46.645,46.57,46.61,104408
2010-04-26 14:15:00,46.61,46.69,46.61,46.68,37633
2010-04-26 14:30:00,46.68,46.74,46.675,46.7,17219
2010-04-26 14:45:00,46.7,46.7,46.58,46.58,27739
2010-04-26 15:00:00,46.59,46.6,46.57,46.57,33295
2010-04-26 15:15:00,46.57,46.605,46.5,46.51,24469
2010-04-26 15:30:00,46.5,46.58,46.5,46.55,37453
2010-04-26 15:45:00,46.54,46.64,46.54,46.61,168259
2010-04-26 16:00:00,46.61,46.68,46.52,46.56,225279
2010-04-27 09:45:00,46.56,46.78,46.44,46.62,128220
2010-04-27 10:00:00,46.625,46.695,46.51,46.55,44356
2010-04-27 10:15:00,46.59,46.66,46.5,46.6,80935
2010-04-27 10:30:00,46.6,46.79,46.5901,46.69,68161
2010-04-27 10:45:00,46.685,46.77,46.655,46.75,104454
2010-04-27 11:00:00,46.73,46.77,46.62,46.6775,43165
2010-04-27 11:15:00,46.67,46.67,46.49,46.53,44341
2010-04-27 11:30:00,46.5,46.56,46.35,46.41,97442
2010-04-27 11:45:00,46.39,46.61,46.19,46.4,92282
2010-04-27 12:00:00,46.39,46.45,46.16,46.41,419481
2010-04-27 12:15:00,46.39,46.39,46.13,46.14,83476
2010-04-27 12:30:00,46.14,46.21,46.14,46.18,65203
2010-04-27 12:45:00,46.2,46.32,46.19,46.32,19789
2010-04-27 13:00:00,46.32,46.32,46.2375,46.25,21153
2010-04-27 13:15:00,46.26,46.37,46.25,46.29,69339
2010-04-27 13:30:00,46.29,46.41,46.26,46.41,34661
2010-04-27 13:45:00,46.42,46.43,46.3155,46.34,18987
2010-04-27 14:00:00,46.34,46.44,46.3,46.37,53968
2010-04-27 14:15:00,46.35,46.36,46.21,46.28,28557
2010-04-27 14:30:00,46.27,46.29,46.1825,46.27,52389
2010-04-27 14:45:00,46.2607,46.2607,46.17,46.18,54727
2010-04-27 15:00:00,46.18,46.26,46.17,46.21,60763
2010-04-27 15:15:00,46.22,46.27,46.18,46.19,58357
2010-04-27 15:30:00,46.19,46.28,46.14,46.175,64108
2010-04-27 15:45:00,46.17,46.19,46.04,46.1,112070
2010-04-27 16:00:00,46.1,46.1,45.8,45.88,152621
2010-04-28 09:45:00,46.21,46.75,45.67,46.47,125180
2010-04-28 10:00:00,46.45,46.71,46.41,46.69,146087
2010-04-28 10:15:00,46.7,46.7,46.19,46.22,111393
2010-04-28 10:30:00,46.22,46.32,46.09,46.23,48063
2010-04-28 10:45:00,46.21,46.21,45.92,45.93,52269
2010-04-28 11:00:00,45.93,46.0,45.83,45.87,36605
2010-04-28 11:15:00,45.89,46.06,45.89,46.0,29557
2010-04-28 11:30:00,45.99,46.07,45.8,45.99,69238
2010-04-28 11:45:00,46.0,46.19,45.89,46.09,113439
2010-04-28 12:00:00,46.08,46.12,45.96,46.0,59361
2010-04-28 12:15:00,45.98,46.03,45.94,46.0,48902
2010-04-28 12:30:00,46.0,46.25,45.97,46.15,47444
2010-04-28 12:45:00,46.16,46.17,46.02,46.07,20964
2010-04-28 13:00:00,46.08,46.21,46.08,46.18,47095
2010-04-28 13:15:00,46.18,46.26,46.17,46.23,25865
2010-04-28 13:30:00,46.22,46.24,46.11,46.13,114243
2010-04-28 13:45:00,46.13,46.2,46.06,46.16,14953
2010-04-28 14:00:00,46.16,46.2,46.11,46.11,17247
2010-04-28 14:15:00,46.12,46.15,46.08,46.11,54977
2010-04-28 14:30:00,46.12,46.22,45.95,46.1,49308
2010-04-28 14:45:00,46.11,46.19,46.03,46.14,82519
2010-04-28 15:00:00,46.14,46.38,46.1,46.37,67041
2010-04-28 15:15:00,46.36,46.45,46.24,46.31,95163
2010-04-28 15:30:00,46.32,46.38,46.255,46.32,99754
2010-04-28 15:45:00,46.32,46.34,46.14,46.2,120335
2010-04-28 16:00:00,46.19,46.35,46.13,46.33,284278
2010-04-29 09:45:00,49.5,50.09,49.14,49.25,570892
2010-04-29 10:00:00,49.25,49.3,48.63,49.02,256854
2010-04-29 10:15:00,49.02,49.46,48.78,49.41,241339
2010-04-29 10:30:00,49.41,49.575,49.25,49.54,167065
2010-04-29 10:45:00,49.54,49.68,49.45,49.64,121703
2010-04-29 11:00:00,49.63,49.91,49.53,49.77,138681
2010-04-29 11:15:00,49.76,49.87,49.61,49.76,111841
2010-04-29 11:30:00,49.75,50.09,49.75,50.04,171530
2010-04-29 11:45:00,50.04,50.08,49.92,50.0,177549
2010-04-29 12:00:00,50.0,50.0,49.79,49.79,128003
2010-04-29 12:15:00,49.8,49.84,49.45,49.46,67824
2010-04-29 12:30:00,49.45,49.58,49.4,49.4,58355
2010-04-29 12:45:00,49.41,49.83,49.4,49.7,59477
2010-04-29 13:00:00,49.71,49.75,49.65,49.68,42382
2010-04-29 13:15:00,49.69,49.94,49.64,49.9,44585
2010-04-29 13:30:00,49.9,49.9,49.79,49.8,40053
2010-04-29 13:45:00,49.79,49.81,49.71,49.735,45831
2010-04-29 14:00:00,49.73,49.76,49.71,49.74,48222
2010-04-29 14:15:00,49.7475,49.78,49.69,49.715,56301
2010-04-29 14:30:00,49.71,49.72,49.62,49.625,41264
2010-04-29 14:45:00,49.63,49.65,49.485,49.55,77868
2010-04-29 15:00:00,49.55,49.59,49.41,49.49,89069
2010-04-29 15:15:00,49.5,49.59,49.47,49.55,81889
2010-04-29 15:30:00,49.55,49.69,49.53,49.65,108611
2010-04-29 15:45:00,49.66,49.79,49.63,49.75,154553
2010-04-29 16:00:00,49.76,49.77,49.57,49.6,256917
2010-04-30 09:45:00,49.0,49.41,48.85,49.31100000000001,222117
2010-04-30 10:00:00,49.3001,49.33,49.24,49.27,93809
2010-04-30 10:15:00,49.2605,49.27,49.17,49.25,168010
2010-04-30 10:30:00,49.25,49.4,49.175,49.31,194864
2010-04-30 10:45:00,49.315,49.34,49.13,49.19,76130
2010-04-30 11:00:00,49.2,49.36,49.19,49.29,77053
2010-04-30 11:15:00,49.3,49.38,49.23,49.26,42180
2010-04-30 11:30:00,49.26,49.35,49.21,49.26,64562
2010-04-30 11:45:00,49.25,49.43,49.25,49.29,65829
2010-04-30 12:00:00,49.3,49.49,49.3,49.48,41166
2010-04-30 12:15:00,49.475,49.49,49.33,49.41,102184
2010-04-30 12:30:00,49.4,49.41,49.23,49.26,148146
2010-04-30 12:45:00,49.26,49.34,49.25,49.31,49769
2010-04-30 13:00:00,49.31,49.35,48.98,49.0,183687
2010-04-30 13:15:00,49.02,49.21,48.981,48.99,75356
2010-04-30 13:30:00,48.99,49.26,48.99,49.25,38762
2010-04-30 13:45:00,49.25,49.68,49.25,49.64,94928
2010-04-30 14:00:00,49.65,49.69,49.48,49.48,25190
2010-04-30 14:15:00,49.47,49.48,49.37,49.47,35385
2010-04-30 14:30:00,49.48,49.54,49.36,49.41,68850
2010-04-30 14:45:00,49.42,49.45,49.26,49.3,42208
2010-04-30 15:00:00,49.3,49.38,49.27,49.36,42830
2010-04-30 15:15:00,49.36,49.45,49.25,49.29,215458
2010-04-30 15:30:00,49.27,49.34,49.16,49.19,97968
2010-04-30 15:45:00,49.19,49.21,48.96,48.99,136677
2010-04-30 16:00:00,48.98,49.02,48.86,48.86,286859
2010-05-03 09:45:00,48.78,49.27,48.6,48.83,101269
2010-05-03 10:00:00,48.83,48.84,48.68,48.72,46486
2010-05-03 10:15:00,48.725,48.99,48.71,48.99,47462
2010-05-03 10:30:00,49.0,49.17,48.985,49.02,27223
2010-05-03 10:45:00,49.03,49.38,49.0,49.38,22960
2010-05-03 11:00:00,49.36,49.38,49.19,49.2001,25984
2010-05-03 11:15:00,49.21,49.38,49.21,49.38,24060
2010-05-03 11:30:00,49.385,49.47,49.385,49.47,24293
2010-05-03 11:45:00,49.47,49.56,49.37,49.42,49237
2010-05-03 12:00:00,49.42,49.57,49.42,49.47,56539
2010-05-03 12:15:00,49.48,49.53,49.45,49.5,29826
2010-05-03 12:30:00,49.5,49.69,49.49,49.67,43334
2010-05-03 12:45:00,49.67,49.71,49.63,49.63,37918
2010-05-03 13:00:00,49.63,49.71,49.62,49.65,43031
2010-05-03 13:15:00,49.65,49.65,49.53,49.56,49053
2010-05-03 13:30:00,49.56,49.65,49.54,49.61,33262
2010-05-03 13:45:00,49.62,49.66,49.58,49.58,34733
2010-05-03 14:00:00,49.58,49.63,49.57,49.61,47559
2010-05-03 14:15:00,49.605,49.61,49.56,49.59,49851
2010-05-03 14:30:00,49.6,49.635,49.54,49.59,66973
2010-05-03 14:45:00,49.58,49.61,49.55,49.58,55329
2010-05-03 15:00:00,49.58,49.67,49.57,49.63,67576
2010-05-03 15:15:00,49.62,49.62,49.538999999999994,49.58,76842
2010-05-03 15:30:00,49.58,49.6,49.49,49.56,72858
2010-05-03 15:45:00,49.57,49.68,49.57,49.61,81951
2010-05-03 16:00:00,49.62,49.72,49.61,49.72,210601
2010-05-04 09:45:00,48.21,48.76,47.91,48.22,186449
2010-05-04 10:00:00,48.2,48.4,48.2,48.35,67810
2010-05-04 10:15:00,48.35,48.35,48.05,48.11,84911
2010-05-04 10:30:00,48.11,48.148999999999994,47.972,48.04,75931
2010-05-04 10:45:00,48.03,48.04,47.74,47.82,74081
2010-05-04 11:00:00,47.83,47.945,47.76,47.78,49947
2010-05-04 11:15:00,47.77,47.775,47.53,47.7475,76374
2010-05-04 11:30:00,47.745,48.05,47.745,48.05,81024
2010-05-04 11:45:00,48.0725,48.2,48.07,48.1,77976
2010-05-04 12:00:00,48.1,48.17,48.06,48.15,49050
2010-05-04 12:15:00,48.15,48.19,48.08,48.11,55518
2010-05-04 12:30:00,48.12,48.15,48.0,48.09,62760
2010-05-04 12:45:00,48.09,48.31,48.05,48.31,91535
2010-05-04 13:00:00,48.3,48.42,48.25,48.42,59518
2010-05-04 13:15:00,48.42,48.44,48.3,48.3,53534
2010-05-04 13:30:00,48.29,48.34,48.22,48.32,56425
2010-05-04 13:45:00,48.3225,48.325,48.27,48.275,56954
2010-05-04 14:00:00,48.27,48.3,48.23,48.3,39967
2010-05-04 14:15:00,48.3,48.31,48.22,48.27,38087
2010-05-04 14:30:00,48.28,48.28,48.18,48.22,44808
2010-05-04 14:45:00,48.21,48.31,48.19,48.28,58427
2010-05-04 15:00:00,48.29,48.32,48.22,48.3,51178
2010-05-04 15:15:00,48.31,48.32,48.25,48.28,77345
2010-05-04 15:30:00,48.28,48.31,48.25,48.26,78719
2010-05-04 15:45:00,48.25,48.43,48.24,48.36,192990
2010-05-04 16:00:00,48.36,48.59,48.33,48.45,267845
2010-05-05 09:45:00,48.29,49.22,48.27,48.97,110759
2010-05-05 10:00:00,48.96,48.96,48.58,48.68,70667
2010-05-05 10:15:00,48.68,48.8,48.53,48.57,77556
2010-05-05 10:30:00,48.58,48.8,48.55,48.55,72139
2010-05-05 10:45:00,48.55,48.59,48.3902,48.57,61147
2010-05-05 11:00:00,48.54,48.685,48.49,48.55,86627
2010-05-05 11:15:00,48.54,48.68,48.3,48.68,59743
2010-05-05 11:30:00,48.68,48.975,48.67,48.84,73810
2010-05-05 11:45:00,48.85,48.98,48.79,48.97,72978
2010-05-05 12:00:00,48.98,49.34,48.96,49.26,68902
2010-05-05 12:15:00,49.26,49.26,48.83,48.86,31413
2010-05-05 12:30:00,48.861000000000004,48.9,48.7,48.75,41801
2010-05-05 12:45:00,48.75,48.84,48.63,48.63,37840
2010-05-05 13:00:00,48.64,48.78,48.64,48.71,24677
2010-05-05 13:15:00,48.7,48.71,48.53,48.53,36435
2010-05-05 13:30:00,48.54,48.605,48.5,48.5225,24601
2010-05-05 13:45:00,48.53,48.61,48.51,48.51,28309
2010-05-05 14:00:00,48.5,48.64,48.48,48.58,23086
2010-05-05 14:15:00,48.58,48.66,48.54,48.57,43923
2010-05-05 14:30:00,48.56,48.58,48.47,48.52,49844
2010-05-05 14:45:00,48.53,48.545,48.26,48.26,52432
2010-05-05 15:00:00,48.26,48.38,48.19,48.3,55460
2010-05-05 15:15:00,48.31,48.385,48.25,48.37,61422
2010-05-05 15:30:00,48.37,48.42,48.28,48.35,50574
2010-05-05 15:45:00,48.35,48.38,48.2,48.3,123594
2010-05-05 16:00:00,48.28,48.32,48.17,48.31,186222
2010-05-06 09:45:00,48.64,48.64,47.47,47.9,51992
2010-05-06 10:00:00,47.92,47.99,47.73,47.87,39764
2010-05-06 10:15:00,47.88,48.05,47.87,47.94,48129
2010-05-06 10:30:00,47.95,47.97,47.69,47.7,40713
2010-05-06 10:45:00,47.7,47.95,47.69,47.82,30736
2010-05-06 11:00:00,47.82,47.82,47.67,47.76,82758
2010-05-06 11:15:00,47.76,47.79,47.66,47.7,51986
2010-05-06 11:30:00,47.69,47.85,47.59,47.83,73380
2010-05-06 11:45:00,47.83,47.84,47.69,47.77,37858
2010-05-06 12:00:00,47.76,47.88,47.66,47.8799,43115
2010-05-06 12:15:00,47.89,48.04,47.88,48.0,23918
2010-05-06 12:30:00,48.01,48.05,47.94,47.955,15769
2010-05-06 12:45:00,47.97,48.01,47.82,47.87,23595
2010-05-06 13:00:00,47.86,47.87,47.71,47.75,17422
2010-05-06 13:15:00,47.7401,47.82,47.63,47.64,24200
2010-05-06 13:30:00,47.65,47.68,47.39,47.455,67155
2010-05-06 13:45:00,47.47,47.5,47.23,47.33,43574
2010-05-06 14:00:00,47.32,47.32,47.1301,47.22,37570
2010-05-06 14:15:00,47.23,47.28,46.933,47.07,53181
2010-05-06 14:30:00,47.07,47.1,46.6,46.75,152656
2010-05-06 14:45:00,46.76,46.79,45.25,45.31,171484
2010-05-06 15:00:00,45.29,47.3,45.22,46.83,125419
2010-05-06 15:15:00,46.83,47.39,46.49,46.98,120877
2010-05-06 15:30:00,46.98,47.18,46.23,46.62,127671
2010-05-06 15:45:00,46.63,47.2,46.63,47.13,150482
2010-05-06 16:00:00,47.12,47.51,46.89,46.92,244247
2010-05-07 09:45:00,47.07,47.71,47.0,47.71,110709
2010-05-07 10:00:00,47.72,47.72,47.0,47.01,73798
2010-05-07 10:15:00,46.99,47.06,46.65,46.84,88960
2010-05-07 10:30:00,46.86,46.91,45.85,46.03,81587
2010-05-07 10:45:00,46.08,46.7,46.07,46.29,90114
2010-05-07 11:00:00,46.29,46.9,46.275,46.75,44537
2010-05-07 11:15:00,46.74,47.06,46.55,46.92,36183
2010-05-07 11:30:00,46.9636,47.48,46.96,47.12,93370
2010-05-07 11:45:00,47.13,47.13,46.85,47.07,79787
2010-05-07 12:00:00,47.11,47.36,47.11,47.25,61772
2010-05-07 12:15:00,47.26,47.34,47.07,47.3,59120
2010-05-07 12:30:00,47.3,47.45,46.91,46.98,81887
2010-05-07 12:45:00,46.995,47.04,46.8,46.91,40172
2010-05-07 13:00:00,46.9,47.01,46.82,46.85,14166
2010-05-07 13:15:00,46.841,46.91,46.6,46.6,28316
2010-05-07 13:30:00,46.62,46.85,46.6,46.61,27183
2010-05-07 13:45:00,46.62,47.07,46.59,47.05,21154
2010-05-07 14:00:00,47.07,47.11,46.97,47.03,35660
2010-05-07 14:15:00,47.04,47.09,46.69,46.69,28491
2010-05-07 14:30:00,46.69,46.78,46.5,46.54,83419
2010-05-07 14:45:00,46.54,46.83,46.4,46.63,77805
2010-05-07 15:00:00,46.63,46.7,46.47,46.61,43737
2010-05-07 15:15:00,46.6,46.62,46.2,46.24,79294
2010-05-07 15:30:00,46.23,46.56,46.19,46.4,63845
2010-05-07 15:45:00,46.42,46.59,46.21,46.47,114996
2010-05-07 16:00:00,46.48,46.48,46.33,46.35,202014
2010-05-10 09:45:00,48.18,48.6,47.68,48.35,82616
2010-05-10 10:00:00,48.38,48.46,48.14,48.15,50403
2010-05-10 10:15:00,48.15,48.24,48.09,48.22,26507
2010-05-10 10:30:00,48.2,48.22,47.87,47.91,42377
2010-05-10 10:45:00,47.9,48.13,47.85,48.02,74166
2010-05-10 11:00:00,48.01,48.07,47.98,48.04,44150
2010-05-10 11:15:00,48.07,48.21,48.05,48.09,73853
2010-05-10 11:30:00,48.09,48.12,48.0,48.105,34594
2010-05-10 11:45:00,48.12,48.155,48.06,48.09,39084
2010-05-10 12:00:00,48.09,48.31,48.09,48.28,37696
2010-05-10 12:15:00,48.26,48.3,48.11,48.11,29080
2010-05-10 12:30:00,48.11,48.13,48.06,48.1,32804
2010-05-10 12:45:00,48.1,48.19,48.08,48.09,47027
2010-05-10 13:00:00,48.08,48.12,48.02,48.07,36808
2010-05-10 13:15:00,48.06,48.1,47.89,47.91,56894
2010-05-10 13:30:00,47.9,48.03,47.89,47.95,61268
2010-05-10 13:45:00,47.96,48.0,47.87,47.885,28589
2010-05-10 14:00:00,47.88,48.03,47.87,47.93,44028
2010-05-10 14:15:00,47.93,48.03,47.84,47.99,57839
2010-05-10 14:30:00,47.99,48.16,47.96,48.1,55384
2010-05-10 14:45:00,48.1,48.16,47.97,48.11,76094
2010-05-10 15:00:00,48.12,48.21,48.1,48.14,34715
2010-05-10 15:15:00,48.15,48.15,47.95,48.0,90429
2010-05-10 15:30:00,47.99,48.07,47.93,48.04,60678
2010-05-10 15:45:00,48.04,48.12,48.0,48.115,73189
2010-05-10 16:00:00,48.12,48.39,48.07,48.39,304541
2010-05-11 09:45:00,48.03,48.54,47.76,48.49,37133
2010-05-11 10:00:00,48.49,48.6,48.38,48.41,26753
2010-05-11 10:15:00,48.39,48.47,48.1,48.35,43329
2010-05-11 10:30:00,48.38,48.47,48.32,48.35,21727
2010-05-11 10:45:00,48.33,48.49,48.29,48.44,14921
2010-05-11 11:00:00,48.45,48.5,48.33,48.33,17519
2010-05-11 11:15:00,48.32,48.47,48.32,48.47,19648
2010-05-11 11:30:00,48.47,48.55,48.35,48.48,35919
2010-05-11 11:45:00,48.47,48.74,48.4,48.68,46450
2010-05-11 12:00:00,48.67100000000001,48.74,48.62,48.71,15489
2010-05-11 12:15:00,48.71,48.85,48.67,48.76,15900
2010-05-11 12:30:00,48.77,48.8,48.68,48.7,19834
2010-05-11 12:45:00,48.71,48.71,48.58,48.71,32383
2010-05-11 13:00:00,48.7299,48.73,48.62,48.675,51122
2010-05-11 13:15:00,48.69,48.73,48.62,48.62,32376
2010-05-11 13:30:00,48.63,48.67,48.54,48.545,32836
2010-05-11 13:45:00,48.55,48.62,48.53,48.605,52521
2010-05-11 14:00:00,48.62,48.7,48.59,48.65,85155
2010-05-11 14:15:00,48.62,48.755,48.58,48.6,47414
2010-05-11 14:30:00,48.6125,48.69,48.53,48.65,30892
2010-05-11 14:45:00,48.65,48.65,48.46,48.52,54387
2010-05-11 15:00:00,48.52,48.67,48.5,48.59,35636
2010-05-11 15:15:00,48.6,48.6,48.4,48.47,91062
2010-05-11 15:30:00,48.5,48.515,48.32,48.5,79921
2010-05-11 15:45:00,48.51,48.51,48.35,48.41,115160
2010-05-11 16:00:00,48.42,48.49,48.21,48.23,229319
2010-05-12 09:45:00,48.3,48.53,48.06,48.38,32961
2010-05-12 10:00:00,48.38,48.46,48.25,48.42,24167
2010-05-12 10:15:00,48.46,48.46,48.26,48.395,38437
2010-05-12 10:30:00,48.41,48.46,48.38,48.45,14441
2010-05-12 10:45:00,48.45,48.47,48.3,48.42,46839
2010-05-12 11:00:00,48.42,48.48,48.37,48.44,26855
2010-05-12 11:15:00,48.43,48.585,48.43,48.58,26994
2010-05-12 11:30:00,48.58,48.59,48.315,48.4,47349
2010-05-12 11:45:00,48.41,48.47,48.4,48.41,24135
2010-05-12 12:00:00,48.41,48.51,48.41,48.51,14258
2010-05-12 12:15:00,48.52,48.65,48.52,48.64,14123
2010-05-12 12:30:00,48.6375,48.66,48.59,48.6,26413
2010-05-12 12:45:00,48.6,48.62,48.5,48.515,38940
2010-05-12 13:00:00,48.52,48.6,48.45,48.5875,19555
2010-05-12 13:15:00,48.58,48.66,48.57,48.6501,26986
2010-05-12 13:30:00,48.66,48.67,48.63,48.66,50249
2010-05-12 13:45:00,48.66,48.67,48.57,48.595,36518
2010-05-12 14:00:00,48.62,48.76,48.62,48.68,51147
2010-05-12 14:15:00,48.67,48.74,48.65,48.68,29368
2010-05-12 14:30:00,48.69,48.8,48.69,48.775,32273
2010-05-12 14:45:00,48.8,48.91,48.795,48.8301,27148
2010-05-12 15:00:00,48.85,48.9,48.78,48.82,16072
2010-05-12 15:15:00,48.84,48.92,48.81,48.88,33735
2010-05-12 15:30:00,48.89,48.92,48.8,48.86,36374
2010-05-12 15:45:00,48.86,48.89,48.76,48.81,68231
2010-05-12 16:00:00,48.81,48.98,48.81,48.93,163505
2010-05-13 09:45:00,48.29,48.67,48.29,48.49,43537
2010-05-13 10:00:00,48.5,48.65,48.49,48.56,22021
2010-05-13 10:15:00,48.59,48.84,48.59,48.64,72370
2010-05-13 10:30:00,48.63,48.68,48.54,48.565,21670
2010-05-13 10:45:00,48.57,48.73,48.56,48.72,25160
2010-05-13 11:00:00,48.72,48.72,48.58,48.63,34957
2010-05-13 11:15:00,48.64,48.67,48.51,48.56,32294
2010-05-13 11:30:00,48.55,48.67,48.54,48.57,8600
2010-05-13 11:45:00,48.57,48.6,48.5,48.58,29646
2010-05-13 12:00:00,48.57,48.59,48.41,48.43,41967
2010-05-13 12:15:00,48.45,48.54,48.39,48.495,15715
2010-05-13 12:30:00,48.51,48.53,48.47,48.52,29850
2010-05-13 12:45:00,48.51,48.5401,48.5,48.54,6136
2010-05-13 13:00:00,48.55,48.6,48.53,48.55,12140
2010-05-13 13:15:00,48.52,48.56,48.47,48.52,26845
2010-05-13 13:30:00,48.58,48.69,48.57,48.63,12193
2010-05-13 13:45:00,48.62,48.76,48.6,48.61,12396
2010-05-13 14:00:00,48.62,48.64,48.48,48.53,33522
2010-05-13 14:15:00,48.53,48.59,48.51,48.565,13126
2010-05-13 14:30:00,48.56,48.57,48.48,48.53,23558
2010-05-13 14:45:00,48.52,48.55,48.46,48.51,37545
2010-05-13 15:00:00,48.52,48.53,48.28,48.35,80771
2010-05-13 15:15:00,48.36,48.51,48.36,48.36,113670
2010-05-13 15:30:00,48.36,48.4,48.28,48.355,174354
2010-05-13 15:45:00,48.35,48.4,48.045,48.13,146365
2010-05-13 16:00:00,48.13,48.325,48.05,48.05,235353
2010-05-14 09:45:00,47.96,48.17,47.63,47.67,92203
2010-05-14 10:00:00,47.72,47.89,47.52,47.71,45943
2010-05-14 10:15:00,47.71,47.94,47.6,47.92,45266
2010-05-14 10:30:00,47.91,48.14,47.9,48.02,43900
2010-05-14 10:45:00,48.02,48.02,47.88,48.0,55312
2010-05-14 11:00:00,48.0,48.27,47.99,48.2,26605
2010-05-14 11:15:00,48.19,48.3,48.05,48.3,139717
2010-05-14 11:30:00,48.31,48.31,48.02,48.07,44405
2010-05-14 11:45:00,48.075,48.12,48.01,48.11,45865
2010-05-14 12:00:00,48.115,48.14,47.96,47.985,130285
2010-05-14 12:15:00,47.98,48.03,47.85,47.86,57921
2010-05-14 12:30:00,47.865,48.15,47.85,48.11,45667
2010-05-14 12:45:00,48.12,48.24,48.11,48.21,37870
2010-05-14 13:00:00,48.2,48.29,48.12,48.28,20920
2010-05-14 13:15:00,48.27,48.38,48.2,48.22,62577
2010-05-14 13:30:00,48.22,48.22,48.09,48.11,30117
2010-05-14 13:45:00,48.11,48.15,47.96,48.005,33750
2010-05-14 14:00:00,48.0112,48.08,47.94,48.0,20639
2010-05-14 14:15:00,48.0,48.01,47.82,47.84,22523
2010-05-14 14:30:00,47.85,47.93,47.74,47.85,54193
2010-05-14 14:45:00,47.87,47.97,47.8,47.8,28556
2010-05-14 15:00:00,47.8,47.89,47.73,47.76,17628
2010-05-14 15:15:00,47.76,47.84,47.73,47.78,40254
2010-05-14 15:30:00,47.78,47.8,47.65,47.69,44816
2010-05-14 15:45:00,47.7,47.93,47.66,47.91,103081
2010-05-14 16:00:00,47.92,48.01,47.81,47.88,256939
2010-05-17 09:45:00,48.16,48.35,48.09,48.25,36780
2010-05-17 10:00:00,48.25,48.25,47.75,47.78,35397
2010-05-17 10:15:00,47.79,47.87,47.65,47.79,77431
2010-05-17 10:30:00,47.81,47.94,47.785,47.85,34012
2010-05-17 10:45:00,47.85,48.09,47.81,47.9693,89389
2010-05-17 11:00:00,47.955,47.99,47.885,47.89,53494
2010-05-17 11:15:00,47.88,47.96,47.86,47.885,62097
2010-05-17 11:30:00,47.88,47.91,47.715,47.9,67476
2010-05-17 11:45:00,47.9,48.04,47.9,48.02,29775
2010-05-17 12:00:00,48.03,48.04,47.85,47.88,52262
2010-05-17 12:15:00,47.88,47.89,47.4,47.71,110838
2010-05-17 12:30:00,47.72,47.73,47.61,47.61,64877
2010-05-17 12:45:00,47.59,47.6799,47.55,47.6,62054
2010-05-17 13:00:00,47.6,47.63,47.55,47.58,27336
2010-05-17 13:15:00,47.58,47.62,47.49,47.5,62040
2010-05-17 13:30:00,47.5,47.6,47.48,47.6,211107
2010-05-17 13:45:00,47.61,47.83,47.6,47.65,52856
2010-05-17 14:00:00,47.66,47.9,47.64,47.88,34549
2010-05-17 14:15:00,47.88,47.99,47.875,47.94,36932
2010-05-17 14:30:00,47.94,48.02,47.93,48.0,36733
2010-05-17 14:45:00,47.99,48.22,47.99,48.17,86394
2010-05-17 15:00:00,48.17,48.27,48.15,48.17,102508
2010-05-17 15:15:00,48.18,48.33,48.09,48.14,132998
2010-05-17 15:30:00,48.14,48.25,48.06,48.24,131582
2010-05-17 15:45:00,48.24,48.58,48.23,48.54,112508
2010-05-17 16:00:00,48.54,48.55,48.4,48.4,291434
2010-05-18 09:45:00,48.73,49.185,48.58,49.1,47692
2010-05-18 10:00:00,49.11,49.2,49.05,49.15,40997
2010-05-18 10:15:00,49.16,49.16,48.99,49.13,43593
2010-05-18 10:30:00,49.16,49.2,48.86,48.87,40257
2010-05-18 10:45:00,48.82,48.91,48.63,48.66,47754
2010-05-18 11:00:00,48.63,48.82,48.38,48.77,67965
2010-05-18 11:15:00,48.78,48.81,48.64,48.76,38802
2010-05-18 11:30:00,48.76,48.78,48.59,48.64,44474
2010-05-18 11:45:00,48.64,48.66,48.33,48.35,50635
2010-05-18 12:00:00,48.34,48.46,48.32,48.385,28979
2010-05-18 12:15:00,48.4,48.44,48.27,48.37,43261
2010-05-18 12:30:00,48.38,48.5,48.28,48.46,52093
2010-05-18 12:45:00,48.46,48.54,48.42,48.52,29491
2010-05-18 13:00:00,48.52,48.62,48.47,48.47,38473
2010-05-18 13:15:00,48.46,48.48,48.2,48.28,48535
2010-05-18 13:30:00,48.26,48.49,48.24,48.39,40728
2010-05-18 13:45:00,48.4,48.52,48.27,48.28,43806
2010-05-18 14:00:00,48.28,48.38,48.22,48.22,42362
2010-05-18 14:15:00,48.2,48.41,48.19,48.4,44399
2010-05-18 14:30:00,48.4,48.47,48.2,48.26,45726
2010-05-18 14:45:00,48.26,48.28,48.0,48.12,47005
2010-05-18 15:00:00,48.13,48.195,47.98,48.08,49400
2010-05-18 15:15:00,48.08,48.31,47.93,48.3,92963
2010-05-18 15:30:00,48.33,48.39,48.03,48.04,72375
2010-05-18 15:45:00,48.03,48.18,48.0,48.18,84374
2010-05-18 16:00:00,48.18,48.275,48.06,48.09,174573
2010-05-19 09:45:00,47.99,48.3,47.7,48.3,32398
2010-05-19 10:00:00,48.32,48.58,48.24,48.28,35796
2010-05-19 10:15:00,48.275,48.275,47.89,48.01,30732
2010-05-19 10:30:00,48.0,48.04,47.59,47.75,40451
2010-05-19 10:45:00,47.77,48.09,47.77,48.0,24699
2010-05-19 11:00:00,48.0,48.11,47.9,48.08,31885
2010-05-19 11:15:00,48.08,48.11,47.85,47.9,48580
2010-05-19 11:30:00,47.89,48.07,47.85,47.911,44585
2010-05-19 11:45:00,47.91,47.955,47.83,47.83,44664
2010-05-19 12:00:00,47.86,48.02,47.73,48.005,47440
2010-05-19 12:15:00,48.005,48.29,48.0,48.25,188578
2010-05-19 12:30:00,48.26,48.55,48.21,48.52,53849
2010-05-19 12:45:00,48.53,48.59,48.48,48.5,70580
2010-05-19 13:00:00,48.5,48.57,48.34,48.56,33443
2010-05-19 13:15:00,48.57,48.7,48.54,48.65,58074
2010-05-19 13:30:00,48.64,48.8496,48.625,48.76,35429
2010-05-19 13:45:00,48.77,48.95,48.75,48.95,53738
2010-05-19 14:00:00,48.96,49.1,48.91,49.01,59137
2010-05-19 14:15:00,49.0,49.18,48.97,48.99,55346
2010-05-19 14:30:00,48.97,49.01,48.63,48.7,37280
2010-05-19 14:45:00,48.69,48.87,48.62,48.83,37599
2010-05-19 15:00:00,48.83,49.0,48.83,48.89,81334
2010-05-19 15:15:00,48.89,48.945,48.6,48.6,108805
2010-05-19 15:30:00,48.6,48.83,48.58,48.83,103544
2010-05-19 15:45:00,48.84,48.97,48.73,48.94,101993
2010-05-19 16:00:00,48.94,48.9801,48.79,48.79,203516
2010-05-20 09:45:00,48.17,49.17,48.07,49.14,136299
2010-05-20 10:00:00,49.11,49.4,48.95,49.4,146984
2010-05-20 10:15:00,49.35,49.62,49.22,49.3,175795
2010-05-20 10:30:00,49.27,49.37,48.79,48.85,236808
2010-05-20 10:45:00,48.845,48.85,48.3,48.43,147386
2010-05-20 11:00:00,48.4,48.67,48.365,48.55,62746
2010-05-20 11:15:00,48.53,48.64,48.47,48.52,106572
2010-05-20 11:30:00,48.51,48.65,48.38,48.59,47888
2010-05-20 11:45:00,48.62,48.66,48.45,48.48,56273
2010-05-20 12:00:00,48.49,48.53,48.46,48.5,136142
2010-05-20 12:15:00,48.5,48.64,48.49,48.51,64934
2010-05-20 12:30:00,48.5,48.5,48.3,48.32,28010
2010-05-20 12:45:00,48.34,48.36,48.18,48.18,36182
2010-05-20 13:00:00,48.18,48.22,47.92,47.93,77662
2010-05-20 13:15:00,47.92,48.14,47.87,48.14,30974
2010-05-20 13:30:00,48.12,48.38,48.08,48.3,89518
2010-05-20 13:45:00,48.3,48.4799,48.29,48.45,69555
2010-05-20 14:00:00,48.46,48.46,48.19,48.23,51681
2010-05-20 14:15:00,48.24,48.31,47.97,48.31,30424
2010-05-20 14:30:00,48.32,48.51,48.26,48.39,83715
2010-05-20 14:45:00,48.39,48.56,48.31,48.48,113559
2010-05-20 15:00:00,48.49,48.65,48.32,48.35,86895
2010-05-20 15:15:00,48.36,48.48,48.27,48.38,70246
2010-05-20 15:30:00,48.38,48.51,48.33,48.4,91050
2010-05-20 15:45:00,48.4,48.47,48.2,48.22,89095
2010-05-20 16:00:00,48.21,48.21,47.77,47.79,313579
2010-05-21 09:45:00,47.07,47.97,47.0,47.92,361058
2010-05-21 10:00:00,47.9209,48.62,47.9209,48.29,94738
2010-05-21 10:15:00,48.29,48.56,48.13,48.33,116144
2010-05-21 10:30:00,48.36,48.365,47.78,47.78,47500
2010-05-21 10:45:00,47.82,48.03,47.76,47.76,97242
2010-05-21 11:00:00,47.7753,47.92,47.68,47.79,36803
2010-05-21 11:15:00,47.79,48.04,47.79,47.91,30224
2010-05-21 11:30:00,47.93,48.07,47.87,47.95,54972
2010-05-21 11:45:00,47.93,48.21,47.84,48.16,37724
2010-05-21 12:00:00,48.26,48.29,48.06,48.1,31204
2010-05-21 12:15:00,48.12,48.12,47.91,47.97,40028
2010-05-21 12:30:00,48.0,48.1197,48.0,48.04,33672
2010-05-21 12:45:00,48.03,48.06,47.88,47.99,33501
2010-05-21 13:00:00,47.99,47.99,47.76,47.82,24539
2010-05-21 13:15:00,47.83,47.89,47.7,47.87,20225
2010-05-21 13:30:00,47.86,47.89,47.63,47.81,51757
2010-05-21 13:45:00,47.813,47.94,47.77,47.875,51812
2010-05-21 14:00:00,47.89,47.92,47.68,47.75,50717
2010-05-21 14:15:00,47.76,47.85,47.65,47.72,53549
2010-05-21 14:30:00,47.72,47.75,47.63,47.74,60240
2010-05-21 14:45:00,47.76,47.84,47.675,47.72,44533
2010-05-21 15:00:00,47.7,47.71,47.5,47.625,72896
2010-05-21 15:15:00,47.64,47.76,47.57,47.57,102011
2010-05-21 15:30:00,47.58,47.78,47.47,47.63,82190
2010-05-21 15:45:00,47.63,47.7,47.5201,47.7,164348
2010-05-21 16:00:00,47.7,47.97,47.66,47.93,439503
2010-05-24 09:45:00,47.18,47.94,47.18,47.5,54326
2010-05-24 10:00:00,47.51,47.74,47.5,47.67,26848
2010-05-24 10:15:00,47.69,47.9,47.54,47.89,38590
2010-05-24 10:30:00,47.95,48.14,47.94,48.08,32549
2010-05-24 10:45:00,48.14,48.16,48.05,48.055,46991
2010-05-24 11:00:00,48.06,48.07,47.85,47.96,50404
2010-05-24 11:15:00,47.9502,48.025,47.85,47.93,48252
2010-05-24 11:30:00,47.93,48.02,47.88,47.98,51097
2010-05-24 11:45:00,47.99,48.12,47.955,48.09,62774
2010-05-24 12:00:00,48.08,48.175,48.07,48.13,52189
2010-05-24 12:15:00,48.13,48.33,48.125,48.3,39837
2010-05-24 12:30:00,48.31,48.31,48.16,48.22,29272
2010-05-24 12:45:00,48.2398,48.27,48.11,48.12,31972
2010-05-24 13:00:00,48.12,48.24,48.11,48.2,18981
2010-05-24 13:15:00,48.2,48.27,48.08,48.12,17692
2010-05-24 13:30:00,48.11,48.16,48.07,48.09,20486
2010-05-24 13:45:00,48.1,48.12,48.0,48.0,34049
2010-05-24 14:00:00,48.01,48.02,47.93,47.99,35021
2010-05-24 14:15:00,48.0,48.01,47.85,47.99,66015
2010-05-24 14:30:00,47.98,48.01,47.95,47.985,32194
2010-05-24 14:45:00,48.0,48.07,47.93,48.02,27421
2010-05-24 15:00:00,48.01,48.05,47.92,48.04,25213
2010-05-24 15:15:00,48.04,48.06,47.83,47.93,36974
2010-05-24 15:30:00,47.93,48.05,47.91,47.96,42398
2010-05-24 15:45:00,47.96,48.0,47.89,47.94,140865
2010-05-24 16:00:00,47.93,47.96,47.57,47.61,209974
2010-05-25 09:45:00,46.85,47.26,46.7,47.08,143123
2010-05-25 10:00:00,47.08,47.54,47.08,47.52,109937
2010-05-25 10:15:00,47.53,48.02,47.52,47.72,216460
2010-05-25 10:30:00,47.75,48.16,47.75,48.05,146557
2010-05-25 10:45:00,48.04,48.265,48.0,48.06,82905
2010-05-25 11:00:00,48.051,48.14,48.0,48.12,153702
2010-05-25 11:15:00,48.11,48.38,48.1005,48.3292,94880
2010-05-25 11:30:00,48.3205,48.59,48.32,48.54,87415
2010-05-25 11:45:00,48.56,48.66,48.4,48.62,90184
2010-05-25 12:00:00,48.63,48.83,48.57,48.83,111460
2010-05-25 12:15:00,48.81,49.27,48.78,49.26,116502
2010-05-25 12:30:00,49.26,49.27,49.08,49.08,87039
2010-05-25 12:45:00,49.08,49.11,48.94,48.95,65118
2010-05-25 13:00:00,48.95,49.1,48.94,49.05,45336
2010-05-25 13:15:00,49.05,49.08,48.8,48.875,82351
2010-05-25 13:30:00,48.88,49.04,48.85,48.97,73484
2010-05-25 13:45:00,48.97,48.98,48.72,48.75,94588
2010-05-25 14:00:00,48.75,48.98,48.75,48.9,44296
2010-05-25 14:15:00,48.9,49.165,48.82,49.16,63579
2010-05-25 14:30:00,49.14,49.39,49.07,49.36,79331
2010-05-25 14:45:00,49.36,49.5,49.35,49.48,124515
2010-05-25 15:00:00,49.48,49.72,49.42,49.542,117453
2010-05-25 15:15:00,49.55,49.58,49.34,49.36,208517
2010-05-25 15:30:00,49.36,49.66,49.36,49.5,142320
2010-05-25 15:45:00,49.52,49.62,49.36,49.5,255343
2010-05-25 16:00:00,49.5,49.51,49.33,49.49,269932
2010-05-26 09:45:00,49.6,49.85,49.6,49.84,231734
2010-05-26 10:00:00,49.85,50.05,49.76,49.98,287930
2010-05-26 10:15:00,49.97,50.03,49.81,49.97,202604
2010-05-26 10:30:00,49.97,50.06,49.91,50.02,159597
2010-05-26 10:45:00,50.034,50.04,49.93,49.9875,156765
2010-05-26 11:00:00,49.99,50.0,49.77,49.84,74804
2010-05-26 11:15:00,49.83,50.02,49.83,49.995,121989
2010-05-26 11:30:00,50.0,50.02,49.87,49.95,114839
2010-05-26 11:45:00,49.95,50.27,49.94,50.04,157495
2010-05-26 12:00:00,50.03,50.03,49.73,49.98,136487
2010-05-26 12:15:00,50.0,50.01,49.94,49.995,73118
2010-05-26 12:30:00,49.995,50.0,49.91,49.93,122179
2010-05-26 12:45:00,49.92,50.01,49.87,49.92,115591
2010-05-26 13:00:00,49.92,50.19,49.91,50.08,103214
2010-05-26 13:15:00,50.09,50.09,49.97,49.98,75260
2010-05-26 13:30:00,49.99,50.0075,49.95,50.0,86079
2010-05-26 13:45:00,49.995,50.13,49.97,50.13,103237
2010-05-26 14:00:00,50.12,50.14,50.0,50.015,101423
2010-05-26 14:15:00,50.01,50.05,49.9,49.91,97317
2010-05-26 14:30:00,49.91,50.01,49.85,49.97,72609
2010-05-26 14:45:00,49.9699,50.01,49.7,49.785,94588
2010-05-26 15:00:00,49.76,49.78,49.61,49.76,66302
2010-05-26 15:15:00,49.76,49.91,49.69,49.78,75981
2010-05-26 15:30:00,49.78,49.805,49.14,49.29,201411
2010-05-26 15:45:00,49.295,49.34,49.04,49.31,124252
2010-05-26 16:00:00,49.32,49.32,49.07,49.16,257280
2010-05-27 09:45:00,49.95,50.12,49.73,49.81,77664
2010-05-27 10:00:00,49.83,49.94,49.76,49.88,108257
2010-05-27 10:15:00,49.89,50.04,49.78,49.985,113437
2010-05-27 10:30:00,49.985,50.12,49.95,50.1,32401
2010-05-27 10:45:00,50.12,50.22,50.05,50.126000000000005,58144
2010-05-27 11:00:00,50.11,50.12,49.94,49.94,48011
2010-05-27 11:15:00,49.945,50.02,49.91,50.0,59943
2010-05-27 11:30:00,50.01,50.18,49.98,50.15,65996
2010-05-27 11:45:00,50.14,50.15,49.96,50.03,47361
2010-05-27 12:00:00,50.02,50.23,49.99,50.2,72358
2010-05-27 12:15:00,50.23,50.4,50.2,50.37,46957
2010-05-27 12:30:00,50.38,50.38,50.24,50.31,37288
2010-05-27 12:45:00,50.3,50.3,50.1495,50.1495,28211
2010-05-27 13:00:00,50.15,50.25,50.1,50.22,26477
2010-05-27 13:15:00,50.21,50.29,50.13,50.29,50200
2010-05-27 13:30:00,50.31,50.38,50.3,50.35,49830
2010-05-27 13:45:00,50.35,50.5,50.27,50.27,60226
2010-05-27 14:00:00,50.26,50.29,50.14,50.1402,40884
2010-05-27 14:15:00,50.16,50.44,50.1,50.39,75069
2010-05-27 14:30:00,50.41,50.41,50.3,50.31,71647
2010-05-27 14:45:00,50.32,50.345,50.25,50.3,69463
2010-05-27 15:00:00,50.31,50.4,50.18,50.35,156126
2010-05-27 15:15:00,50.35,50.5,50.29,50.495,75431
2010-05-27 15:30:00,50.48,50.55,50.39,50.3902,98306
2010-05-27 15:45:00,50.39,50.49,50.32,50.49,113929
2010-05-27 16:00:00,50.48,50.72,50.42,50.71,210980
2010-05-28 09:45:00,50.42,51.0,50.21,50.79,138949
2010-05-28 10:00:00,50.7809,51.435,50.77,51.38,125452
2010-05-28 10:15:00,51.38,51.7,51.1,51.1,172247
2010-05-28 10:30:00,51.1,51.25,50.81,51.0,104554
2010-05-28 10:45:00,51.0,51.135,50.95,51.12,65069
2010-05-28 11:00:00,51.1,51.16,50.93,50.97,34636
2010-05-28 11:15:00,50.97,51.04,50.85,50.87,46186
2010-05-28 11:30:00,50.86,50.88,50.59,50.8,56765
2010-05-28 11:45:00,50.8,51.02,50.785,51.01,44539
2010-05-28 12:00:00,51.0002,51.01,50.83,50.86,117076
2010-05-28 12:15:00,50.87,50.93,50.83,50.87,59993
2010-05-28 12:30:00,50.88,50.98,50.87,50.9,64296
2010-05-28 12:45:00,50.91,50.97,50.47,50.72,121137
2010-05-28 13:00:00,50.72,50.86,50.665,50.78,153060
2010-05-28 13:15:00,50.77,50.94,50.62,50.66,72878
2010-05-28 13:30:00,50.65,50.88,50.61,50.84,55287
2010-05-28 13:45:00,50.86,50.88,50.6,50.64,69358
2010-05-28 14:00:00,50.6402,50.92,50.57,50.88,85438
2010-05-28 14:15:00,50.85,50.9,50.72,50.82,89610
2010-05-28 14:30:00,50.8125,50.97,50.77,50.94,32969
2010-05-28 14:45:00,50.94,51.15,50.92,51.15,73207
2010-05-28 15:00:00,51.15,51.46,51.14,51.46,99244
2010-05-28 15:15:00,51.44,51.46,51.31,51.32,91407
2010-05-28 15:30:00,51.31,51.43,51.31,51.33,70567
2010-05-28 15:45:00,51.33,51.45,51.32,51.38,80426
2010-05-28 16:00:00,51.38,51.38,50.97,51.0,365506
2010-06-01 09:45:00,50.93,50.93,50.34,50.672,77754
2010-06-01 10:00:00,50.7,50.8,50.53,50.56,102049
2010-06-01 10:15:00,50.53,51.0,50.53,50.93,177801
2010-06-01 10:30:00,50.94,51.28,50.8737,51.15,73415
2010-06-01 10:45:00,51.14,51.255,51.09,51.15,42438
2010-06-01 11:00:00,51.15,51.2289,51.14,51.15,49262
2010-06-01 11:15:00,51.18,51.21,51.11,51.13,42658
2010-06-01 11:30:00,51.14,51.14,50.95,50.95,44044
2010-06-01 11:45:00,50.955,50.96,50.65,50.66,97914
2010-06-01 12:00:00,50.66,50.78,50.56,50.6301,44139
2010-06-01 12:15:00,50.63,50.865,50.61,50.82,36842
2010-06-01 12:30:00,50.83,50.9173,50.79,50.895,15197
2010-06-01 12:45:00,50.9,50.9,50.82,50.86,46640
2010-06-01 13:00:00,50.86,50.87,50.71,50.71,9030
2010-06-01 13:15:00,50.71,50.94,50.7,50.89,23350
2010-06-01 13:30:00,50.87,50.95,50.84,50.92,131662
2010-06-01 13:45:00,50.93,50.98,50.84,50.88,33651
2010-06-01 14:00:00,50.87,50.93,50.71,50.72,46153
2010-06-01 14:15:00,50.7,50.8,50.54,50.75,62567
2010-06-01 14:30:00,50.77,50.905,50.73,50.89,71750
2010-06-01 14:45:00,50.9,50.99,50.9,50.93,67280
2010-06-01 15:00:00,50.93,51.04,50.9,50.99,90818
2010-06-01 15:15:00,50.99,51.015,50.87,50.98,93531
2010-06-01 15:30:00,50.98,51.0,50.7,50.785,94462
2010-06-01 15:45:00,50.78,51.07,50.76,50.87,240261
2010-06-01 16:00:00,50.86,50.88,50.56,50.59,389664
2010-06-02 09:45:00,50.97,50.97,50.32,50.37,91294
2010-06-02 10:00:00,50.38,50.64,50.3,50.62,84914
2010-06-02 10:15:00,50.61,50.88,50.45,50.66,114747
2010-06-02 10:30:00,50.67,50.73,50.475,50.5,69039
2010-06-02 10:45:00,50.51,50.63,50.49,50.49,84528
2010-06-02 11:00:00,50.5,50.51,50.37,50.42,84740
2010-06-02 11:15:00,50.425,50.58,50.38,50.47,72127
2010-06-02 11:30:00,50.47,50.52,50.4,50.507,49606
2010-06-02 11:45:00,50.48,50.62,50.43,50.59,70074
2010-06-02 12:00:00,50.59,50.78,50.5,50.76,59383
2010-06-02 12:15:00,50.74,50.87,50.71,50.74,22068
2010-06-02 12:30:00,50.73,50.78,50.68,50.71,12145
2010-06-02 12:45:00,50.7,50.74,50.66,50.73,16010
2010-06-02 13:00:00,50.73,50.86,50.73,50.85,12460
2010-06-02 13:15:00,50.87,50.9,50.7503,50.77,29179
2010-06-02 13:30:00,50.75,50.8,50.68,50.73,28152
2010-06-02 13:45:00,50.72,50.79,50.68,50.7403,16768
2010-06-02 14:00:00,50.74,50.78,50.69,50.73,12825
2010-06-02 14:15:00,50.73,50.75,50.61,50.66,23413
2010-06-02 14:30:00,50.65,50.69,50.56,50.64,34052
2010-06-02 14:45:00,50.63,50.82,50.59,50.8,58761
2010-06-02 15:00:00,50.82,50.98,50.81,50.97,43885
2010-06-02 15:15:00,50.98,51.15,50.9575,51.14,51434
2010-06-02 15:30:00,51.14,51.25,51.07,51.19,45929
2010-06-02 15:45:00,51.21,51.27,51.13,51.24,54764
2010-06-02 16:00:00,51.23,51.42,51.12,51.42,175564
2010-06-03 09:45:00,51.26,51.52,51.01,51.245,84758
2010-06-03 10:00:00,51.23,51.6,51.22,51.58,51267
2010-06-03 10:15:00,51.57,51.58,51.28,51.37,59092
2010-06-03 10:30:00,51.37,51.48,51.31,51.4,120802
2010-06-03 10:45:00,51.395,51.6,51.35,51.44,41974
2010-06-03 11:00:00,51.445,51.5,51.34,51.42,40054
2010-06-03 11:15:00,51.43,51.43,51.29,51.34,32943
2010-06-03 11:30:00,51.34,51.34,51.15,51.2,49550
2010-06-03 11:45:00,51.2,51.36,51.19,51.26,42409
2010-06-03 12:00:00,51.27,51.29,51.12,51.22,54809
2010-06-03 12:15:00,51.22,51.26,51.06,51.22,18084
2010-06-03 12:30:00,51.21,51.23,50.85,50.92,42128
2010-06-03 12:45:00,50.93,51.04,50.83,50.99,16450
2010-06-03 13:00:00,50.98,51.01,50.93,50.98,40457
2010-06-03 13:15:00,50.99,51.13,50.9801,51.1,27661
2010-06-03 13:30:00,51.12,51.12,50.83,50.87,14725
2010-06-03 13:45:00,50.87,50.93,50.81,50.93,35451
2010-06-03 14:00:00,50.93,51.0,50.9,50.92,26844
2010-06-03 14:15:00,50.93,51.05,50.92,51.0,37462
2010-06-03 14:30:00,51.0,51.13,51.0,51.03,28520
2010-06-03 14:45:00,51.03,51.25,51.02,51.2,28730
2010-06-03 15:00:00,51.2,51.23,51.12,51.19,42300
2010-06-03 15:15:00,51.2,51.3,51.19,51.26,46099
2010-06-03 15:30:00,51.25,51.4,51.11,51.4,67662
2010-06-03 15:45:00,51.4,51.51,51.26,51.5,123051
2010-06-03 16:00:00,51.49,51.49,51.29,51.39,160100
2010-06-04 09:45:00,50.74,50.74,50.2,50.42,72123
2010-06-04 10:00:00,50.42,50.51,50.27,50.36,77730
2010-06-04 10:15:00,50.35,50.44,50.21,50.34,70321
2010-06-04 10:30:00,50.34,50.34,50.1,50.16,60126
2010-06-04 10:45:00,50.14,50.2,50.01,50.119,50549
2010-06-04 11:00:00,50.12,50.15,49.9,49.935,30617
2010-06-04 11:15:00,49.96,49.97,49.79,49.835,49481
2010-06-04 11:30:00,49.835,49.845,49.59,49.63,63319
2010-06-04 11:45:00,49.63,49.95,49.6,49.83,51058
2010-06-04 12:00:00,49.83,49.9196,49.81,49.82,18718
2010-06-04 12:15:00,49.8101,49.8187,49.55,49.69,42869
2010-06-04 12:30:00,49.69,49.76,49.6675,49.71,25744
2010-06-04 12:45:00,49.71,49.74,49.62,49.63,43862
2010-06-04 13:00:00,49.63,49.84,49.63,49.82,19200
2010-06-04 13:15:00,49.83,49.95,49.77,49.87,32005
2010-06-04 13:30:00,49.88,49.89,49.62,49.71,41897
2010-06-04 13:45:00,49.7,49.73,49.62,49.72,26088
2010-06-04 14:00:00,49.75,49.77,49.61,49.66,52644
2010-06-04 14:15:00,49.67,49.74,49.53,49.59,58354
2010-06-04 14:30:00,49.59,49.73,49.55,49.62,62017
2010-06-04 14:45:00,49.62,49.7,49.58,49.6,51638
2010-06-04 15:00:00,49.59,49.64,49.33,49.47,93184
2010-06-04 15:15:00,49.46,49.7,49.46,49.67,74117
2010-06-04 15:30:00,49.65,49.745,49.51,49.525,43270
2010-06-04 15:45:00,49.54,49.65,49.39,49.52,128407
2010-06-04 16:00:00,49.52,49.75,49.51,49.62,296251
2010-06-07 09:45:00,49.77,49.79,49.33,49.35,42973
2010-06-07 10:00:00,49.31,49.76,49.26,49.66,25016
2010-06-07 10:15:00,49.61,49.94,49.57,49.84,26079
2010-06-07 10:30:00,49.84,49.84,49.55,49.61,20144
2010-06-07 10:45:00,49.59,49.61,49.38,49.4,16202
2010-06-07 11:00:00,49.41,49.42,49.06,49.07,30854
2010-06-07 11:15:00,49.08,49.16,48.87,48.9,54247
2010-06-07 11:30:00,48.88,48.95,48.76,48.93,43236
2010-06-07 11:45:00,48.94,49.25,48.91,49.25,22849
2010-06-07 12:00:00,49.25,49.29,49.18,49.22,12998
2010-06-07 12:15:00,49.2,49.32,49.19,49.245,9939
2010-06-07 12:30:00,49.26,49.27,49.08,49.08,7107
2010-06-07 12:45:00,49.09,49.23,49.08,49.18,14038
2010-06-07 13:00:00,49.21,49.33,49.2,49.32,14500
2010-06-07 13:15:00,49.31,49.31,49.16,49.31,8962
2010-06-07 13:30:00,49.3,49.48,49.3,49.46,13692
2010-06-07 13:45:00,49.45,49.49,49.33,49.33,12889
2010-06-07 14:00:00,49.326,49.34,49.21,49.225,41227
2010-06-07 14:15:00,49.24,49.29,49.16,49.16,23043
2010-06-07 14:30:00,49.15,49.26,49.05,49.24,37681
2010-06-07 14:45:00,49.24,49.26,49.01,49.01,42054
2010-06-07 15:00:00,49.02,49.02,48.87,48.89,27464
2010-06-07 15:15:00,48.9,49.0,48.79,48.805,74753
2010-06-07 15:30:00,48.82,48.84,48.44,48.45,105401
2010-06-07 15:45:00,48.45,48.62,48.41,48.5,107670
2010-06-07 16:00:00,48.5,48.57,48.43,48.46,170419
2010-06-08 09:45:00,48.4,49.07,48.05,48.99,90354
2010-06-08 10:00:00,48.99,49.07,48.28,48.37,119634
2010-06-08 10:15:00,48.41,48.55,48.37,48.42,29368
2010-06-08 10:30:00,48.39,48.39,48.13,48.23,30805
2010-06-08 10:45:00,48.24,48.31,48.06,48.1,50481
2010-06-08 11:00:00,48.1,48.31,48.05,48.31,71855
2010-06-08 11:15:00,48.29,48.33,48.16,48.225,43889
2010-06-08 11:30:00,48.24,48.76,48.24,48.628,60033
2010-06-08 11:45:00,48.63,48.88,48.63,48.65,75030
2010-06-08 12:00:00,48.64,49.05,48.57,49.0,76513
2010-06-08 12:15:00,48.975,49.04,48.91,49.02,36167
2010-06-08 12:30:00,48.975,49.13,48.96,49.11,54469
2010-06-08 12:45:00,49.1,49.29,49.065,49.23,42068
2010-06-08 13:00:00,49.21,49.26,49.14,49.24,17251
2010-06-08 13:15:00,49.24,49.27,48.94,48.94,14002
2010-06-08 13:30:00,48.93,48.95,48.84,48.87,21129
2010-06-08 13:45:00,48.88,48.91,48.68,48.77,29113
2010-06-08 14:00:00,48.76,48.76,48.54,48.66,29543
2010-06-08 14:15:00,48.65,48.85,48.64,48.68,26621
2010-06-08 14:30:00,48.69,49.03,48.62,48.91,33668
2010-06-08 14:45:00,48.9243,49.03,48.91,48.975,20530
2010-06-08 15:00:00,48.97,48.97,48.73,48.74,27058
2010-06-08 15:15:00,48.76,48.94,48.7,48.77,61706
2010-06-08 15:30:00,48.78,49.12,48.65,49.1,86035
2010-06-08 15:45:00,49.1,49.5,49.1,49.48,148845
2010-06-08 16:00:00,49.48,49.5,49.32,49.41,201551
2010-06-09 09:45:00,49.58,50.2,49.58,49.9,55442
2010-06-09 10:00:00,49.91,49.94,49.78,49.81,54410
2010-06-09 10:15:00,49.81,49.87,49.7,49.73,40309
2010-06-09 10:30:00,49.75,49.87,49.6848,49.6848,28048
2010-06-09 10:45:00,49.7,49.78,49.47,49.55,47556
2010-06-09 11:00:00,49.5986,49.72,49.58,49.65,34264
2010-06-09 11:15:00,49.65,49.86,49.64,49.78,69427
2010-06-09 11:30:00,49.79,49.87,49.68,49.79,40154
2010-06-09 11:45:00,49.805,49.85,49.65,49.74,73836
2010-06-09 12:00:00,49.76,49.79,49.63,49.68,17215
2010-06-09 12:15:00,49.7,49.776,49.68,49.77,10500
2010-06-09 12:30:00,49.76,49.9,49.75,49.82,15504
2010-06-09 12:45:00,49.83,49.85,49.72,49.8,20548
2010-06-09 13:00:00,49.81,49.96,49.73,49.73,14100
2010-06-09 13:15:00,49.73,49.79,49.69,49.79,13718
2010-06-09 13:30:00,49.79,49.84,49.72,49.73,18649
2010-06-09 13:45:00,49.73,49.76,49.57,49.665,30285
2010-06-09 14:00:00,49.67,49.76,49.61,49.68,34496
2010-06-09 14:15:00,49.68,49.71,49.45,49.59,38832
2010-06-09 14:30:00,49.6,49.66,49.51,49.63,20507
2010-06-09 14:45:00,49.62,49.72,49.62,49.64,23126
2010-06-09 15:00:00,49.64,49.69,49.28,49.28,29841
2010-06-09 15:15:00,49.29,49.44,49.2,49.28,42363
2010-06-09 15:30:00,49.28,49.37,49.01,49.18,95146
2010-06-09 15:45:00,49.19,49.21,48.85,48.89,180987
2010-06-09 16:00:00,48.9,48.97,48.73,48.92,183241
2010-06-10 09:45:00,49.08,49.71,48.64,48.97,112486
2010-06-10 10:00:00,49.02,49.18,48.87,48.96,131811
2010-06-10 10:15:00,48.97,49.06,48.84,49.06,90642
2010-06-10 10:30:00,49.05,49.05,48.79,48.91,56994
2010-06-10 10:45:00,48.92,49.13,48.83,48.96,61472
2010-06-10 11:00:00,48.94,48.94,48.77,48.8901,39296
2010-06-10 11:15:00,48.89,49.06,48.89,48.945,54759
2010-06-10 11:30:00,48.95,49.0,48.89,48.92,32356
2010-06-10 11:45:00,48.91,48.93,48.65,48.67,56960
2010-06-10 12:00:00,48.69,48.75,48.63,48.74,22031
2010-06-10 12:15:00,48.75,48.75,48.51,48.66,27360
2010-06-10 12:30:00,48.655,48.82,48.65,48.8,49803
2010-06-10 12:45:00,48.82,48.92,48.78,48.79,39007
2010-06-10 13:00:00,48.785,48.99,48.73,48.97,28932
2010-06-10 13:15:00,48.97,48.98,48.86,48.92,43531
2010-06-10 13:30:00,48.92,48.95,48.83,48.93,32835
2010-06-10 13:45:00,48.92,49.02,48.89,48.96,34063
2010-06-10 14:00:00,48.98,49.12,48.96,48.9925,47739
2010-06-10 14:15:00,48.96,49.0,48.88,48.91,29385
2010-06-10 14:30:00,48.92,49.09,48.91,49.06,25200
2010-06-10 14:45:00,49.06,49.31,49.06,49.3099,58075
2010-06-10 15:00:00,49.3,49.33,49.23,49.31,37828
2010-06-10 15:15:00,49.31,49.38,49.25,49.35,39759
2010-06-10 15:30:00,49.35,49.48,49.31,49.33,51024
2010-06-10 15:45:00,49.33,49.41,49.27,49.39,66374
2010-06-10 16:00:00,49.38,49.45,49.31,49.45,191534
2010-06-11 09:45:00,48.82,49.4,48.81,49.28,84861
2010-06-11 10:00:00,49.32,49.64,49.23,49.64,29801
2010-06-11 10:15:00,49.615,50.053999999999995,49.53,50.05,71227
2010-06-11 10:30:00,50.05,50.07,49.84,49.98,22644
2010-06-11 10:45:00,49.98,50.03,49.98,50.01,20366
2010-06-11 11:00:00,50.0199,50.03,49.82,49.89,28678
2010-06-11 11:15:00,49.9,49.9,49.59,49.65,41755
2010-06-11 11:30:00,49.6,49.6,49.44,49.44,75106
2010-06-11 11:45:00,49.44,49.53,49.43,49.45,26965
2010-06-11 12:00:00,49.45,49.52,49.44,49.48,42927
2010-06-11 12:15:00,49.48,49.52,49.43,49.5,31114
2010-06-11 12:30:00,49.5,49.51,49.33,49.37,39419
2010-06-11 12:45:00,49.39,49.47,49.285,49.42,23264
2010-06-11 13:00:00,49.42,49.51,49.4,49.46,17365
2010-06-11 13:15:00,49.46,49.62,49.46,49.62,23336
2010-06-11 13:30:00,49.63,49.64,49.556000000000004,49.58,13829
2010-06-11 13:45:00,49.58,49.62,49.47,49.47,39506
2010-06-11 14:00:00,49.47,49.48,49.36,49.4,26053
2010-06-11 14:15:00,49.4,49.45,49.33,49.33,23544
2010-06-11 14:30:00,49.35,49.36,49.26,49.31,18764
2010-06-11 14:45:00,49.31,49.4,49.31,49.35,10547
2010-06-11 15:00:00,49.35,49.5,49.35,49.41,29502
2010-06-11 15:15:00,49.4,49.48,49.4,49.442,40478
2010-06-11 15:30:00,49.45,49.62,49.45,49.55,25038
2010-06-11 15:45:00,49.54,49.82,49.51,49.77,54903
2010-06-11 16:00:00,49.76,49.89,49.73,49.81,148514
2010-06-14 09:45:00,50.51,50.63,50.32,50.5,74670
2010-06-14 10:00:00,50.48,50.76,50.47,50.74,42299
2010-06-14 10:15:00,50.74,50.96,50.69,50.83,68433
2010-06-14 10:30:00,50.83,50.97,50.78,50.88,56275
2010-06-14 10:45:00,50.88,50.88,50.74,50.76,32931
2010-06-14 11:00:00,50.75,50.89,50.72,50.89,23328
2010-06-14 11:15:00,50.89,50.9,50.75,50.8312,54705
2010-06-14 11:30:00,50.85,50.87,50.73,50.73,26994
2010-06-14 11:45:00,50.72,50.77,50.66,50.75,20169
2010-06-14 12:00:00,50.76,50.78,50.7,50.7,25481
2010-06-14 12:15:00,50.7,50.77,50.6,50.68,21981
2010-06-14 12:30:00,50.67,50.69,50.58,50.64,13966
2010-06-14 12:45:00,50.63,50.68,50.62,50.66,14280
2010-06-14 13:00:00,50.66,50.69,50.53,50.53,60214
2010-06-14 13:15:00,50.52,50.63,50.51,50.58,29922
2010-06-14 13:30:00,50.6,50.71,50.57,50.69,14650
2010-06-14 13:45:00,50.7,50.83,50.7,50.76,46982
2010-06-14 14:00:00,50.77,50.77,50.53,50.53,43488
2010-06-14 14:15:00,50.53,50.66,50.51,50.6,22186
2010-06-14 14:30:00,50.59,50.65,50.48,50.65,23576
2010-06-14 14:45:00,50.64,50.66,50.5,50.62,38162
2010-06-14 15:00:00,50.65,50.76,50.62,50.7,33120
2010-06-14 15:15:00,50.7,50.7,50.5125,50.58,40918
2010-06-14 15:30:00,50.57,50.67,50.49,50.54,38527
2010-06-14 15:45:00,50.53,50.53,50.3,50.47,74451
2010-06-14 16:00:00,50.47,50.54,50.27,50.3,172584
2010-06-15 09:45:00,50.67,50.77,50.21,50.62,74044
2010-06-15 10:00:00,50.62,50.84,50.62,50.81,43587
2010-06-15 10:15:00,50.78,50.81,50.53,50.57,35337
2010-06-15 10:30:00,50.59,50.78,50.55,50.66,42953
2010-06-15 10:45:00,50.67,50.71,50.6,50.71,17622
2010-06-15 11:00:00,50.7,50.76,50.66,50.7,24277
2010-06-15 11:15:00,50.68,50.71,50.65,50.66,19618
2010-06-15 11:30:00,50.6699,50.68,50.62,50.64,23173
2010-06-15 11:45:00,50.63,50.63,50.52,50.54,29952
2010-06-15 12:00:00,50.55,50.65,50.54,50.58,31415
2010-06-15 12:15:00,50.58,50.59,50.52,50.56,34687
2010-06-15 12:30:00,50.55,50.59,50.53,50.56,37867
2010-06-15 12:45:00,50.56,50.57,50.52,50.56,19809
2010-06-15 13:00:00,50.55,50.67,50.55,50.64,21906
2010-06-15 13:15:00,50.64,50.675,50.6,50.67,26172
2010-06-15 13:30:00,50.68,50.74,50.66,50.73,50578
2010-06-15 13:45:00,50.73,50.8,50.69,50.75,19097
2010-06-15 14:00:00,50.74,50.82,50.73,50.82,18060
2010-06-15 14:15:00,50.82,50.89,50.78,50.88,57332
2010-06-15 14:30:00,50.88,51.06,50.88,51.05,29337
2010-06-15 14:45:00,51.04,51.05,50.94,50.95,22693
2010-06-15 15:00:00,50.97,51.01,50.92,50.96,19511
2010-06-15 15:15:00,50.96,51.0,50.92,51.0,31439
2010-06-15 15:30:00,50.99,51.05,50.985,51.02,52042
2010-06-15 15:45:00,51.01,51.06,50.93,51.0499,40989
2010-06-15 16:00:00,51.04,51.16,50.988,51.15,173892
2010-06-16 09:45:00,51.07,51.12,50.77,51.0,77143
2010-06-16 10:00:00,51.02,51.05,50.8,50.92,29529
2010-06-16 10:15:00,50.92,51.02,50.78,51.02,56481
2010-06-16 10:30:00,51.01,51.03,50.55,50.64,73674
2010-06-16 10:45:00,50.62,50.73,50.53,50.73,24389
2010-06-16 11:00:00,50.71,50.87,50.71,50.82,24038
2010-06-16 11:15:00,50.81,50.9,50.68,50.9,30696
2010-06-16 11:30:00,50.9,50.95,50.81,50.88,27720
2010-06-16 11:45:00,50.89,50.9,50.78,50.85,16848
2010-06-16 12:00:00,50.85,50.85,50.71,50.79,17864
2010-06-16 12:15:00,50.8,50.95,50.77,50.89,17002
2010-06-16 12:30:00,50.8802,51.0,50.85,50.87,28150
2010-06-16 12:45:00,50.87,50.9,50.81,50.87,14900
2010-06-16 13:00:00,50.88,50.9,50.76,50.79,16006
2010-06-16 13:15:00,50.79,50.89,50.78,50.8,22400
2010-06-16 13:30:00,50.8,50.9,50.77,50.83,21155
2010-06-16 13:45:00,50.82,50.89,50.76,50.89,20293
2010-06-16 14:00:00,50.8905,50.97,50.85,50.97,23805
2010-06-16 14:15:00,50.97,51.08,50.96,50.9978,31000
2010-06-16 14:30:00,51.0,51.07,51.0,51.02,28895
2010-06-16 14:45:00,51.03,51.09,50.91,50.96,45741
2010-06-16 15:00:00,50.96,50.99,50.82,50.86,46157
2010-06-16 15:15:00,50.84,50.86,50.76,50.81,59045
2010-06-16 15:30:00,50.8,50.8,50.6,50.6,67134
2010-06-16 15:45:00,50.6,50.67,50.57,50.63,104235
2010-06-16 16:00:00,50.63,50.71,50.57899999999999,50.62,144093
2010-06-17 09:45:00,50.87,50.93,50.45,50.48,31078
2010-06-17 10:00:00,50.42,50.72,50.34,50.72,23143
2010-06-17 10:15:00,50.69,50.69,50.27,50.34,53587
2010-06-17 10:30:00,50.31,50.5,50.25,50.33,36869
2010-06-17 10:45:00,50.325,50.43,50.26,50.39,49217
2010-06-17 11:00:00,50.385,50.53,50.345,50.46,22560
2010-06-17 11:15:00,50.46,50.64,50.43,50.6,39449
2010-06-17 11:30:00,50.61,50.62,50.49,50.5,22120
2010-06-17 11:45:00,50.51,50.66,50.51,50.56,9692
2010-06-17 12:00:00,50.56,50.86,50.51,50.68,22900
2010-06-17 12:15:00,50.67,50.68,50.61,50.66,14432
2010-06-17 12:30:00,50.65,50.7,50.56,50.58,22002
2010-06-17 12:45:00,50.5725,50.58,50.47,50.5,13269
2010-06-17 13:00:00,50.51,50.61,50.45,50.56,13200
2010-06-17 13:15:00,50.57,50.6,50.49,50.6,12461
2010-06-17 13:30:00,50.6,50.68,50.51,50.59,14062
2010-06-17 13:45:00,50.6,50.7,50.6,50.6693,19655
2010-06-17 14:00:00,50.65,50.72,50.62,50.7006,36424
2010-06-17 14:15:00,50.7005,50.74,50.6,50.62,41620
2010-06-17 14:30:00,50.63,50.72,50.49,50.49,42200
2010-06-17 14:45:00,50.485,50.5,50.34,50.34,43845
2010-06-17 15:00:00,50.33,50.41,50.3,50.41,23341
2010-06-17 15:15:00,50.41,50.41,50.22,50.22,38042
2010-06-17 15:30:00,50.23,50.3,50.15,50.24,63934
2010-06-17 15:45:00,50.23,50.5,50.23,50.38,117953
2010-06-17 16:00:00,50.38,50.5,50.31,50.35,448058
2010-06-18 09:45:00,50.34,50.8,49.77,50.53,383189
2010-06-18 10:00:00,50.52,50.53,50.1675,50.21,55570
2010-06-18 10:15:00,50.21,50.64,50.2,50.49,40126
2010-06-18 10:30:00,50.49,50.51,50.36,50.4,60259
2010-06-18 10:45:00,50.4,50.64,50.4,50.54,52798
2010-06-18 11:00:00,50.54,50.67,50.52,50.6,26367
2010-06-18 11:15:00,50.61,50.72,50.5988,50.6,49921
2010-06-18 11:30:00,50.6,50.61,50.42,50.44,32606
2010-06-18 11:45:00,50.44,50.45,50.22,50.23,39792
2010-06-18 12:00:00,50.225,50.36,50.13,50.34,37659
2010-06-18 12:15:00,50.34,50.38,50.11,50.11,47304
2010-06-18 12:30:00,50.11,50.11,49.83,49.87,57414
2010-06-18 12:45:00,49.88,49.88,49.76,49.82,73774
2010-06-18 13:00:00,49.82,49.86,49.7,49.71,60817
2010-06-18 13:15:00,49.72,49.95,49.71,49.79,62787
2010-06-18 13:30:00,49.78,49.88,49.75,49.8,20397
2010-06-18 13:45:00,49.8,49.97,49.78,49.92,26816
2010-06-18 14:00:00,49.92,49.93,49.77,49.79,37200
2010-06-18 14:15:00,49.8,49.87,49.79,49.87,41072
2010-06-18 14:30:00,49.87,49.9,49.82,49.9,41206
2010-06-18 14:45:00,49.9,49.9,49.78,49.865,61480
2010-06-18 15:00:00,49.87,49.93,49.86,49.88,39150
2010-06-18 15:15:00,49.88,49.88,49.75,49.78,49741
2010-06-18 15:30:00,49.79,49.81,49.74,49.8,44173
2010-06-18 15:45:00,49.8,49.81,49.76,49.78,103561
2010-06-18 16:00:00,49.78,49.93,49.78,49.9,345591
2010-06-21 09:45:00,50.23,50.39,50.01,50.12,48542
2010-06-21 10:00:00,50.11,50.343999999999994,49.93,50.32,42749
2010-06-21 10:15:00,50.33,50.44,50.17,50.2,25412
2010-06-21 10:30:00,50.2,50.25,50.01,50.01,31409
2010-06-21 10:45:00,49.99,50.02,49.95,50.01,27960
2010-06-21 11:00:00,50.0,50.02,49.79,49.87,53903
2010-06-21 11:15:00,49.87,50.04,49.86,50.03,20536
2010-06-21 11:30:00,50.0,50.2,50.0,50.1,26689
2010-06-21 11:45:00,50.102,50.16,50.09,50.15,22225
2010-06-21 12:00:00,50.15,50.16,49.99,50.1,33898
2010-06-21 12:15:00,50.1,50.13,49.95,50.0,22626
2010-06-21 12:30:00,49.99,49.99,49.86,49.87,15610
2010-06-21 12:45:00,49.87,49.9,49.84,49.87,10724
2010-06-21 13:00:00,49.88,49.95,49.82,49.94,11074
2010-06-21 13:15:00,49.95,50.05,49.92,50.05,9346
2010-06-21 13:30:00,50.06,50.08,49.96,49.975,15130
2010-06-21 13:45:00,49.98,49.99,49.78,49.8,20666
2010-06-21 14:00:00,49.8,49.94,49.74,49.83,47351
2010-06-21 14:15:00,49.8375,50.06,49.8375,50.04,17514
2010-06-21 14:30:00,50.06,50.16,50.0,50.01,10293
2010-06-21 14:45:00,50.03,50.0595,49.96,49.99,21548
2010-06-21 15:00:00,50.0,50.03,49.87,49.9,16783
2010-06-21 15:15:00,49.89,49.9,49.58,49.58,35294
2010-06-21 15:30:00,49.59,49.68,49.48,49.58,41293
2010-06-21 15:45:00,49.59,49.67,49.39,49.4,54399
2010-06-21 16:00:00,49.4,49.66,49.4,49.66,116743
2010-06-22 09:45:00,50.09,50.37,49.45,50.32,40665
2010-06-22 10:00:00,50.36,50.43,50.09,50.09,28009
2010-06-22 10:15:00,50.08,50.18,49.83,50.08,34346
2010-06-22 10:30:00,50.08,50.13,49.84,50.07,36556
2010-06-22 10:45:00,50.075,50.075,49.7,49.83,42445
2010-06-22 11:00:00,49.84,49.85,49.72,49.76,21120
2010-06-22 11:15:00,49.77,49.77,49.52,49.6,22973
2010-06-22 11:30:00,49.59,49.62,49.55,49.56,14771
2010-06-22 11:45:00,49.58,49.85,49.575,49.66,30775
2010-06-22 12:00:00,49.68,49.88,49.67,49.72,16849
2010-06-22 12:15:00,49.73,49.82,49.65,49.71,17296
2010-06-22 12:30:00,49.72,49.8,49.68,49.68,9336
2010-06-22 12:45:00,49.68,49.69,49.6172,49.655,12537
2010-06-22 13:00:00,49.64,49.77,49.64,49.765,9501
2010-06-22 13:15:00,49.76,49.87,49.738,49.75,20368
2010-06-22 13:30:00,49.75,49.76,49.48,49.5,29905
2010-06-22 13:45:00,49.52,49.6,49.4,49.58,35249
2010-06-22 14:00:00,49.6,49.605,49.42,49.42,22976
2010-06-22 14:15:00,49.43,49.45,49.21,49.33,81577
2010-06-22 14:30:00,49.33,49.335,49.18,49.24,26488
2010-06-22 14:45:00,49.24,49.34,49.12,49.12,67292
2010-06-22 15:00:00,49.1,49.17,48.94,49.08,54317
2010-06-22 15:15:00,49.09,49.22,49.06,49.19,35469
2010-06-22 15:30:00,49.19,49.282,49.09,49.1,37476
2010-06-22 15:45:00,49.12,49.12,48.95,49.04,90785
2010-06-22 16:00:00,49.0498,49.1,48.98,49.07,144297
2010-06-23 09:45:00,49.42,49.68,49.25,49.52,44971
2010-06-23 10:00:00,49.51,49.76,49.48,49.73,25418
2010-06-23 10:15:00,49.73,49.745,49.34,49.545,124370
2010-06-23 10:30:00,49.52,49.63,49.43,49.43,44455
2010-06-23 10:45:00,49.42,49.51,49.42,49.46,36765
2010-06-23 11:00:00,49.48,49.68,49.48,49.63,21009
2010-06-23 11:15:00,49.63,49.63,49.48,49.51,42517
2010-06-23 11:30:00,49.51,49.62,49.46,49.59,29332
2010-06-23 11:45:00,49.58,49.59,49.5,49.55,38201
2010-06-23 12:00:00,49.54,49.64,49.51,49.62,18571
2010-06-23 12:15:00,49.62,49.73,49.62,49.66,11412
2010-06-23 12:30:00,49.66,49.77,49.66,49.72,13225
2010-06-23 12:45:00,49.7,49.7,49.59,49.63,14149
2010-06-23 13:00:00,49.64,49.6925,49.62,49.675,24453
2010-06-23 13:15:00,49.67,49.7399,49.61,49.73,61735
2010-06-23 13:30:00,49.73,49.77,49.641000000000005,49.77,33729
2010-06-23 13:45:00,49.78,49.95,49.77,49.93,11648
2010-06-23 14:00:00,49.91,50.0,49.88,49.98,11923
2010-06-23 14:15:00,49.97,50.01,49.76,49.79,29688
2010-06-23 14:30:00,49.8,49.91,49.63,49.91,23323
2010-06-23 14:45:00,49.92,50.18,49.92,49.95,45609
2010-06-23 15:00:00,49.94,49.97,49.79,49.82,45558
2010-06-23 15:15:00,49.83,49.89,49.58,49.73,61874
2010-06-23 15:30:00,49.72,49.88,49.62,49.83,35898
2010-06-23 15:45:00,49.82,50.01,49.72,49.98,61667
2010-06-23 16:00:00,49.97,50.03,49.79,49.9,148056
2010-06-24 09:45:00,49.96,49.96,48.9975,49.02,51016
2010-06-24 10:00:00,49.035,49.0537,48.53,48.55,82635
2010-06-24 10:15:00,48.6,49.12,48.57,48.85,32987
2010-06-24 10:30:00,48.84,49.23,48.81,49.14,22904
2010-06-24 10:45:00,49.16,49.2,48.93,48.93,32472
2010-06-24 11:00:00,48.9,48.96,48.8,48.95,24970
2010-06-24 11:15:00,48.94,48.9475,48.69,48.8,23017
2010-06-24 11:30:00,48.81,48.95,48.81,48.83,19877
2010-06-24 11:45:00,48.83,49.02,48.72,48.95,30518
2010-06-24 12:00:00,48.97,49.09,48.96,49.0502,22737
2010-06-24 12:15:00,49.07,49.265,49.07,49.13,26360
2010-06-24 12:30:00,49.1225,49.25,49.09,49.18,18331
2010-06-24 12:45:00,49.17,49.198,49.03,49.03,14666
2010-06-24 13:00:00,49.03,49.07,49.0,49.03,33661
2010-06-24 13:15:00,49.0275,49.18,48.98,49.18,19166
2010-06-24 13:30:00,49.19,49.21,49.08,49.08,19062
2010-06-24 13:45:00,49.1,49.24,49.04,49.16,18226
2010-06-24 14:00:00,49.16,49.38,49.1,49.38,17496
2010-06-24 14:15:00,49.35,49.38,49.13,49.13,23295
2010-06-24 14:30:00,49.13,49.23,49.09,49.21,19464
2010-06-24 14:45:00,49.21,49.21,49.05,49.09,20243
2010-06-24 15:00:00,49.07,49.09,48.92,48.97,18905
2010-06-24 15:15:00,48.97,49.07,48.75,48.81,52521
2010-06-24 15:30:00,48.8,48.98,48.7,48.89,46126
2010-06-24 15:45:00,48.91,49.01,48.83,49.01,80602
2010-06-24 16:00:00,49.0,49.02,48.81,48.88,194525
2010-06-25 09:45:00,48.84,48.85,48.51,48.744,52526
2010-06-25 10:00:00,48.75,48.99,48.57,48.96,43315
2010-06-25 10:15:00,48.99,49.19,48.96,48.96,34992
2010-06-25 10:30:00,48.97,48.97,48.73,48.7475,56401
2010-06-25 10:45:00,48.73,48.84,48.56,48.84,24609
2010-06-25 11:00:00,48.86,48.91,48.51,48.705,25588
2010-06-25 11:15:00,48.68,48.79,48.638999999999996,48.755,19947
2010-06-25 11:30:00,48.75,48.89,48.66,48.89,24711
2010-06-25 11:45:00,48.91,48.98,48.82,48.84,22226
2010-06-25 12:00:00,48.84,49.0,48.82,48.93,11014
2010-06-25 12:15:00,48.93,48.94,48.84,48.84,23012
2010-06-25 12:30:00,48.82,48.99,48.82,48.94,22606
2010-06-25 12:45:00,48.93,49.03,48.88,48.93,27597
2010-06-25 13:00:00,48.94,48.99,48.85,48.95,25784
2010-06-25 13:15:00,48.97,49.22,48.94,49.13,33772
2010-06-25 13:30:00,49.14,49.24,49.08,49.24,19364
2010-06-25 13:45:00,49.22,49.46,49.22,49.345,38183
2010-06-25 14:00:00,49.35,49.41,49.24,49.32,16891
2010-06-25 14:15:00,49.31,49.33,49.17,49.33,14350
2010-06-25 14:30:00,49.34,49.41,49.23,49.26,12101
2010-06-25 14:45:00,49.26,49.34,49.17,49.28,20520
2010-06-25 15:00:00,49.28,49.28,49.16,49.22,22684
2010-06-25 15:15:00,49.22,49.23,49.09,49.19,18780
2010-06-25 15:30:00,49.17,49.17,49.04,49.15,18634
2010-06-25 15:45:00,49.13,49.2901,49.11,49.19,43795
2010-06-25 16:00:00,49.19,49.19,48.99,49.16,123562
2010-06-28 09:45:00,49.12,49.15,48.56,48.61,51509
2010-06-28 10:00:00,48.6,48.69,48.52,48.66,26883
2010-06-28 10:15:00,48.66,48.81,48.46,48.48,70131
2010-06-28 10:30:00,48.47,48.65,48.41,48.65,34613
2010-06-28 10:45:00,48.64,48.7,48.535,48.65,19300
2010-06-28 11:00:00,48.64,48.91,48.63,48.85,22902
2010-06-28 11:15:00,48.84,49.0799,48.84,49.0005,41086
2010-06-28 11:30:00,49.01,49.01,48.88,48.96,19040
2010-06-28 11:45:00,48.983000000000004,49.1,48.983000000000004,49.03,12387
2010-06-28 12:00:00,49.02,49.06,48.88,48.88,10372
2010-06-28 12:15:00,48.87,48.87,48.75,48.78,17987
2010-06-28 12:30:00,48.77,48.83,48.73,48.83,9073
2010-06-28 12:45:00,48.83,48.85,48.7,48.77,8953
2010-06-28 13:00:00,48.8,48.85,48.7,48.84,4600
2010-06-28 13:15:00,48.84,48.84,48.67,48.68,11254
2010-06-28 13:30:00,48.68,48.7397,48.63,48.69,13038
2010-06-28 13:45:00,48.69,48.7,48.63,48.7,14336
2010-06-28 14:00:00,48.68,48.81,48.68,48.78,11974
2010-06-28 14:15:00,48.78,48.85,48.73,48.85,12886
2010-06-28 14:30:00,48.85,48.85,48.79,48.8,13488
2010-06-28 14:45:00,48.79,48.87,48.77,48.87,18193
2010-06-28 15:00:00,48.87,48.91,48.76,48.82,44062
2010-06-28 15:15:00,48.83,48.88,48.74,48.74,37915
2010-06-28 15:30:00,48.75,48.82,48.66,48.7,23578
2010-06-28 15:45:00,48.7,48.85,48.67,48.8,55971
2010-06-28 16:00:00,48.81,48.82,48.59,48.61,96474
2010-06-29 09:45:00,48.33,48.42,47.87,48.09,111913
2010-06-29 10:00:00,48.08,48.09,47.7,47.79,40888
2010-06-29 10:15:00,47.76,47.76,47.23,47.63,85762
2010-06-29 10:30:00,47.64,47.64,47.28,47.28,34130
2010-06-29 10:45:00,47.28,47.85,47.26,47.77,67432
2010-06-29 11:00:00,47.77,47.98,47.66,47.97,21827
2010-06-29 11:15:00,48.02,48.27,47.82,48.03,24646
2010-06-29 11:30:00,48.04,48.11,47.948,48.01,17036
2010-06-29 11:45:00,48.0,48.09,47.91,47.974,17699
2010-06-29 12:00:00,47.98,48.19,47.96,48.02,20397
2010-06-29 12:15:00,48.01,48.1,47.86,48.1,12390
2010-06-29 12:30:00,48.1,48.36,48.03,48.18,29215
2010-06-29 12:45:00,48.17,48.17,48.01,48.04,30775
2010-06-29 13:00:00,48.03,48.17,48.03,48.13,28022
2010-06-29 13:15:00,48.14,48.22,48.07,48.12,19688
2010-06-29 13:30:00,48.07,48.09,47.92,47.93,16601
2010-06-29 13:45:00,47.93,47.97,47.76,47.96,35609
2010-06-29 14:00:00,47.96,48.05,47.82,47.855,45876
2010-06-29 14:15:00,47.86,48.19,47.85,48.14,55170
2010-06-29 14:30:00,48.13,48.18,48.03,48.07,26407
2010-06-29 14:45:00,48.07,48.08,47.86,47.92,23371
2010-06-29 15:00:00,47.92,47.97,47.78,47.84,28093
2010-06-29 15:15:00,47.83,47.97,47.75,47.77,25772
2010-06-29 15:30:00,47.78,47.84,47.5,47.6,56690
2010-06-29 15:45:00,47.59,47.82,47.51,47.65,84984
2010-06-29 16:00:00,47.65,47.88,47.44,47.83,273657
2010-06-30 09:45:00,47.64,48.12,47.46,48.02,35452
2010-06-30 10:00:00,48.04,48.275,47.98,48.07,31581
2010-06-30 10:15:00,48.0106,48.13,47.93,48.13,26186
2010-06-30 10:30:00,48.13,48.23,48.07,48.18,24579
2010-06-30 10:45:00,48.16,48.375,48.06,48.13,30986
2010-06-30 11:00:00,48.15,48.35,48.14,48.22,31469
2010-06-30 11:15:00,48.22,48.4,48.22,48.37,19543
2010-06-30 11:30:00,48.37,48.43,48.3002,48.36,17239
2010-06-30 11:45:00,48.354,48.47,48.34,48.38,11632
2010-06-30 12:00:00,48.4,48.47,48.31,48.31,16289
2010-06-30 12:15:00,48.305,48.38,48.27,48.355,9942
2010-06-30 12:30:00,48.35,48.375,48.29,48.29,7888
2010-06-30 12:45:00,48.29,48.32,48.14,48.14,8404
2010-06-30 13:00:00,48.11,48.255,48.07,48.22,10035
2010-06-30 13:15:00,48.21,48.32,48.11,48.12,16432
2010-06-30 13:30:00,48.1,48.18,48.08,48.13,18184
2010-06-30 13:45:00,48.13,48.14,47.96,48.02,32472
2010-06-30 14:00:00,48.03,48.12,48.01,48.05,16815
2010-06-30 14:15:00,48.05,48.09,47.91,47.92,32760
2010-06-30 14:30:00,47.94,47.95,47.78,47.85,23943
2010-06-30 14:45:00,47.84,47.92,47.78,47.84,17163
2010-06-30 15:00:00,47.83,48.0,47.77,47.89,24880
2010-06-30 15:15:00,47.88,47.98,47.85,47.86,25609
2010-06-30 15:30:00,47.86,47.89,47.68,47.684,27607
2010-06-30 15:45:00,47.68,47.71,47.38,47.38,89820
2010-06-30 16:00:00,47.36,47.67,47.3,47.55,292727
2010-07-01 09:45:00,47.45,47.94,47.43,47.68,38302
2010-07-01 10:00:00,47.68,47.78,47.53,47.58,43243
2010-07-01 10:15:00,47.51,47.56,47.27,47.29,134518
2010-07-01 10:30:00,47.28,47.44,47.12,47.29,140294
2010-07-01 10:45:00,47.28,47.29,46.86,46.94,78103
2010-07-01 11:00:00,46.93,47.23,46.93,47.06,30244
2010-07-01 11:15:00,47.07,47.27,46.99,47.07,106578
2010-07-01 11:30:00,47.09,47.64,47.09,47.63,41228
2010-07-01 11:45:00,47.63,47.86,47.56,47.8,50790
2010-07-01 12:00:00,47.81,47.94,47.74,47.81,48265
2010-07-01 12:15:00,47.81,47.81,47.61,47.63,27388
2010-07-01 12:30:00,47.62,47.75,47.54,47.61,38612
2010-07-01 12:45:00,47.6,48.15,47.59,48.03,42875
2010-07-01 13:00:00,48.03,48.04,47.83,47.83,24309
2010-07-01 13:15:00,47.84,47.88,47.75,47.771,13285
2010-07-01 13:30:00,47.76,47.93,47.76,47.84,16461
2010-07-01 13:45:00,47.82,47.97,47.72,47.8,42391
2010-07-01 14:00:00,47.82,47.93,47.69,47.89,20980
2010-07-01 14:15:00,47.91,47.96,47.81,47.95,23240
2010-07-01 14:30:00,47.956,48.03,47.83,47.88,16244
2010-07-01 14:45:00,47.88,47.88,47.6,47.62,40702
2010-07-01 15:00:00,47.61,47.72,47.57,47.7,32374
2010-07-01 15:15:00,47.71,47.87,47.7,47.73,35818
2010-07-01 15:30:00,47.75,47.78,47.58,47.75,118928
2010-07-01 15:45:00,47.75,48.04,47.69,48.0,120896
2010-07-01 16:00:00,47.99,48.06,47.8203,47.94,120427
2010-07-02 09:45:00,48.02,48.12,47.63,48.03,36094
2010-07-02 10:00:00,48.08,48.11,47.96,48.02,26973
2010-07-02 10:15:00,48.02,48.0599,47.85,47.9,34337
2010-07-02 10:30:00,47.91,47.99,47.86,47.905,25765
2010-07-02 10:45:00,47.89,48.01,47.88,47.945,22581
2010-07-02 11:00:00,47.93,48.02,47.85,47.88,46527
2010-07-02 11:15:00,47.89,48.03,47.87,47.995,23962
2010-07-02 11:30:00,47.995,48.02,47.84,47.91,36094
2010-07-02 11:45:00,47.91,47.98,47.85,47.87,51064
2010-07-02 12:00:00,47.865,48.0,47.865,47.91,14300
2010-07-02 12:15:00,47.91,48.11,47.87,48.09,18983
2010-07-02 12:30:00,48.07,48.09,47.95,48.0,26957
2010-07-02 12:45:00,48.0,48.01,47.88,47.8895,26319
2010-07-02 13:00:00,47.895,47.98,47.87,47.94,31690
2010-07-02 13:15:00,47.946000000000005,48.04,47.86,48.0,49116
2010-07-02 13:30:00,48.0,48.03,47.9,47.92,25798
2010-07-02 13:45:00,47.91,47.97,47.84,47.86,14992
2010-07-02 14:00:00,47.87,47.95,47.83,47.89,20343
2010-07-02 14:15:00,47.89,47.91,47.75,47.77,23815
2010-07-02 14:30:00,47.77,47.84,47.76,47.78,11333
2010-07-02 14:45:00,47.77,47.78,47.67,47.7,20655
2010-07-02 15:00:00,47.68,47.73,47.62,47.72,22989
2010-07-02 15:15:00,47.72,47.8,47.68,47.78,33662
2010-07-02 15:30:00,47.76,47.88,47.72,47.82,24589
2010-07-02 15:45:00,47.81,47.97,47.77,47.87,59090
2010-07-02 16:00:00,47.87,47.97,47.64,47.65,110009
2010-07-06 09:45:00,48.1,48.425,47.85,47.92,42557
2010-07-06 10:00:00,47.96,48.4,47.95,48.16,35362
2010-07-06 10:15:00,48.11,48.35,47.98,48.16,36310
2010-07-06 10:30:00,48.16,48.23,47.91,47.91,36483
2010-07-06 10:45:00,47.905,47.9087,47.65,47.66,31400
2010-07-06 11:00:00,47.64,47.67,47.47,47.47,31739
2010-07-06 11:15:00,47.46,47.56,47.35,47.35,38050
2010-07-06 11:30:00,47.34,47.41,47.22,47.26,23894
2010-07-06 11:45:00,47.26,47.32,47.19,47.3,60886
2010-07-06 12:00:00,47.32,47.365,47.25,47.28,31581
2010-07-06 12:15:00,47.32,47.44,47.19,47.19,41619
2010-07-06 12:30:00,47.18,47.19,46.91,46.97,46941
2010-07-06 12:45:00,46.98,47.09,46.79,46.81,41256
2010-07-06 13:00:00,46.8,46.85,46.65,46.725,46857
2010-07-06 13:15:00,46.74,46.875,46.71,46.72,67105
2010-07-06 13:30:00,46.74,46.75,46.57,46.7,78516
2010-07-06 13:45:00,46.703,46.74,46.58,46.61,97119
2010-07-06 14:00:00,46.61,46.65,46.5,46.61,111053
2010-07-06 14:15:00,46.61,46.715,46.43,46.43,90448
2010-07-06 14:30:00,46.43,46.75,46.43,46.7,45479
2010-07-06 14:45:00,46.7,46.85,46.67,46.7,38711
2010-07-06 15:00:00,46.69,46.69,46.56,46.56,56073
2010-07-06 15:15:00,46.56,46.625,46.41,46.52,110625
2010-07-06 15:30:00,46.52,46.53,46.315,46.47,90506
2010-07-06 15:45:00,46.47,46.66,46.43,46.63,117229
2010-07-06 16:00:00,46.63,46.75,46.6,46.75,253826
2010-07-07 09:45:00,46.49,46.79,46.13,46.74,90069
2010-07-07 10:00:00,46.75,46.87,46.59,46.835,49190
2010-07-07 10:15:00,46.835,47.1,46.835,47.01,44827
2010-07-07 10:30:00,47.03,47.04,46.69,46.7,44539
2010-07-07 10:45:00,46.69,46.86,46.67,46.85,29481
2010-07-07 11:00:00,46.85,47.15,46.85,47.01,83045
2010-07-07 11:15:00,47.03,47.08,46.73,46.74,65852
2010-07-07 11:30:00,46.74,46.75,46.57,46.6,49233
2010-07-07 11:45:00,46.61,46.67,46.47,46.47,46646
2010-07-07 12:00:00,46.47,46.5,46.32,46.365,86842
2010-07-07 12:15:00,46.36,46.54,46.36,46.54,32383
2010-07-07 12:30:00,46.55,46.62,46.495,46.5499,34812
2010-07-07 12:45:00,46.55,46.61,46.34,46.34,42535
2010-07-07 13:00:00,46.34,46.42,46.29,46.31,53001
2010-07-07 13:15:00,46.31,46.38,46.21,46.365,89056
2010-07-07 13:30:00,46.365,46.52,46.35,46.5,54967
2010-07-07 13:45:00,46.5,46.51,46.33,46.4,57087
2010-07-07 14:00:00,46.4,46.4,46.23,46.27,111559
2010-07-07 14:15:00,46.28,46.3,46.19,46.2,141632
2010-07-07 14:30:00,46.2,46.2,46.06,46.12,135325
2010-07-07 14:45:00,46.11,46.2,46.09,46.18,72527
2010-07-07 15:00:00,46.19,46.41,46.185,46.41,55875
2010-07-07 15:15:00,46.41,46.52,46.325,46.5,51091
2010-07-07 15:30:00,46.5,46.59,46.44,46.58,84349
2010-07-07 15:45:00,46.575,46.65,46.56,46.6,150413
2010-07-07 16:00:00,46.6,46.79,46.55,46.75,317889
2010-07-08 09:45:00,46.89,47.0,46.47,46.515,108844
2010-07-08 10:00:00,46.48,46.54,46.22,46.275,160656
2010-07-08 10:15:00,46.2575,46.33,46.13,46.29,129482
2010-07-08 10:30:00,46.3,46.45,46.2,46.39,85006
2010-07-08 10:45:00,46.39,46.42,46.24,46.25,52707
2010-07-08 11:00:00,46.24,46.3,45.97,46.02,67193
2010-07-08 11:15:00,46.01,46.08,45.82,45.98,82764
2010-07-08 11:30:00,45.98,46.17,45.97,46.06,54654
2010-07-08 11:45:00,46.07,46.15,45.86,45.86,135859
2010-07-08 12:00:00,45.86,45.96,45.6975,45.6975,103614
2010-07-08 12:15:00,45.71,45.88,45.66,45.8,51128
2010-07-08 12:30:00,45.805,45.93,45.78,45.85,53787
2010-07-08 12:45:00,45.85,45.85,45.7,45.79,45142
2010-07-08 13:00:00,45.81,46.0,45.805,45.93,51499
2010-07-08 13:15:00,45.94,46.06,45.94,46.05,62314
2010-07-08 13:30:00,46.05,46.18,46.04,46.15,32855
2010-07-08 13:45:00,46.16,46.21,46.095,46.12,33154
2010-07-08 14:00:00,46.14,46.14,45.98,46.05,64863
2010-07-08 14:15:00,46.05,46.12,45.95,45.98,73179
2010-07-08 14:30:00,45.985,45.985,45.85,45.95,103067
2010-07-08 14:45:00,45.96,46.12,45.94,46.09,47172
2010-07-08 15:00:00,46.085,46.12,46.065,46.09,84635
2010-07-08 15:15:00,46.08,46.11,45.95,46.0,127277
2010-07-08 15:30:00,46.0,46.19,45.97,46.19,144909
2010-07-08 15:45:00,46.2,46.32,46.18,46.2,186000
2010-07-08 16:00:00,46.2,46.35,46.19,46.33,239154
2010-07-09 09:45:00,46.42,46.53,46.11,46.22,46372
2010-07-09 10:00:00,46.2,46.3,46.08,46.2,36426
2010-07-09 10:15:00,46.19,46.3,46.05,46.19,55335
2010-07-09 10:30:00,46.18,46.31,46.15,46.29,38477
2010-07-09 10:45:00,46.27,46.36,46.17,46.24,105158
2010-07-09 11:00:00,46.25,46.3,46.09,46.13,53207
2010-07-09 11:15:00,46.14,46.17,45.86,45.89,85224
2010-07-09 11:30:00,45.88,45.97,45.79,45.97,22754
2010-07-09 11:45:00,45.97,46.17,45.97,46.17,9794
2010-07-09 12:00:00,46.15,46.27,46.11,46.25,26844
2010-07-09 12:15:00,46.26,46.33,46.2,46.24,45903
2010-07-09 12:30:00,46.23,46.28,46.215,46.24,14400
2010-07-09 12:45:00,46.23,46.24,46.07,46.07,101504
2010-07-09 13:00:00,46.07,46.17,46.03,46.12,37699
2010-07-09 13:15:00,46.11,46.18,46.09,46.12,38612
2010-07-09 13:30:00,46.14,46.14,45.97,45.97,29870
2010-07-09 13:45:00,45.99,46.02,45.95,45.96,36380
2010-07-09 14:00:00,45.96,46.03,45.9302,46.02,22390
2010-07-09 14:15:00,46.03,46.03,45.91,45.96,26800
2010-07-09 14:30:00,45.94,45.97,45.9,45.91,37043
2010-07-09 14:45:00,45.92,45.97,45.83,45.95,86179
2010-07-09 15:00:00,45.95,46.1,45.95,46.09,46051
2010-07-09 15:15:00,46.1,46.12,45.98,46.0,83955
2010-07-09 15:30:00,46.0,46.01,45.92,45.93,46945
2010-07-09 15:45:00,45.93,46.01,45.89,46.0,93528
2010-07-09 16:00:00,46.0,46.08,45.95,46.06,141505
2010-07-12 09:45:00,46.09,46.28,45.65,46.25,52724
2010-07-12 10:00:00,46.25,46.32,46.11,46.21,37159
2010-07-12 10:15:00,46.21,46.21,45.89,45.896,46812
2010-07-12 10:30:00,45.89,46.0,45.84,45.99,40493
2010-07-12 10:45:00,45.98,46.1592,45.93,46.04,46484
2010-07-12 11:00:00,46.05,46.19,46.02,46.19,43752
2010-07-12 11:15:00,46.18,46.18,46.01,46.06,34391
2010-07-12 11:30:00,46.07,46.07,45.98,46.01,15581
2010-07-12 11:45:00,46.0,46.1,46.0,46.07,17955
2010-07-12 12:00:00,46.05,46.1,46.01,46.04,19537
2010-07-12 12:15:00,46.03,46.17,46.03,46.14,25626
2010-07-12 12:30:00,46.159,46.17,46.12,46.12,17400
2010-07-12 12:45:00,46.11,46.2,46.08,46.19,23088
2010-07-12 13:00:00,46.19,46.19,46.02,46.02,37624
2010-07-12 13:15:00,46.02,46.19,46.01,46.17,13916
2010-07-12 13:30:00,46.19,46.22,46.12,46.14,10000
2010-07-12 13:45:00,46.14,46.2,46.13,46.17,31159
2010-07-12 14:00:00,46.16,46.23,46.15,46.23,28331
2010-07-12 14:15:00,46.225,46.24,46.12,46.16,29433
2010-07-12 14:30:00,46.17,46.23,46.13,46.18,16875
2010-07-12 14:45:00,46.17,46.26,46.12,46.25,30105
2010-07-12 15:00:00,46.25,46.27,46.14,46.19,36611
2010-07-12 15:15:00,46.19,46.2,46.08,46.17,25421
2010-07-12 15:30:00,46.18,46.22,46.12,46.19,40279
2010-07-12 15:45:00,46.18,46.22,46.12,46.19,65207
2010-07-12 16:00:00,46.19,46.23,46.12,46.22,89523
2010-07-13 09:45:00,46.49,46.72,46.37,46.64,80082
2010-07-13 10:00:00,46.64,46.79,46.55,46.76,54080
2010-07-13 10:15:00,46.77,46.98,46.765,46.86,73497
2010-07-13 10:30:00,46.88,46.9,46.83,46.9,24880
2010-07-13 10:45:00,46.9,46.91,46.8,46.87,88705
2010-07-13 11:00:00,46.89,46.99,46.87,46.94,31018
2010-07-13 11:15:00,46.93,47.15,46.9,47.15,46987
2010-07-13 11:30:00,47.15,47.16,47.09,47.15,15394
2010-07-13 11:45:00,47.17,47.50899999999999,47.15,47.44,56651
2010-07-13 12:00:00,47.45,47.49,47.42,47.44,80804
2010-07-13 12:15:00,47.44,47.44,47.36,47.37,50817
2010-07-13 12:30:00,47.37,47.44,47.34,47.44,13795
2010-07-13 12:45:00,47.43,47.4398,47.37,47.37,23755
2010-07-13 13:00:00,47.35,47.43,47.2812,47.2812,29857
2010-07-13 13:15:00,47.28,47.37,47.28,47.31,34834
2010-07-13 13:30:00,47.315,47.315,47.19,47.26,47408
2010-07-13 13:45:00,47.28,47.32,47.21,47.24,40371
2010-07-13 14:00:00,47.24,47.33,47.19,47.33,47035
2010-07-13 14:15:00,47.32,47.47,47.31,47.47,28561
2010-07-13 14:30:00,47.48,47.53,47.46,47.47,34123
2010-07-13 14:45:00,47.49,47.57,47.49,47.5,22412
2010-07-13 15:00:00,47.51,47.58,47.51,47.56,34630
2010-07-13 15:15:00,47.565,47.79,47.55,47.78,60774
2010-07-13 15:30:00,47.78,47.81,47.67,47.75,45908
2010-07-13 15:45:00,47.75,47.755,47.67,47.68,75099
2010-07-13 16:00:00,47.68,47.7,47.5,47.6,298752
2010-07-14 09:45:00,47.52,47.59,47.2,47.42,39780
2010-07-14 10:00:00,47.4,47.5,47.3,47.36,131821
2010-07-14 10:15:00,47.36,47.5,47.27,47.41,26669
2010-07-14 10:30:00,47.41,47.62,47.33,47.54,23061
2010-07-14 10:45:00,47.55,47.58,47.43,47.44,16398
2010-07-14 11:00:00,47.45,47.556000000000004,47.44,47.49,16046
2010-07-14 11:15:00,47.48,47.52,47.43,47.43,36867
2010-07-14 11:30:00,47.44,47.54,47.44,47.51,33069
2010-07-14 11:45:00,47.51,47.75,47.5,47.75,39178
2010-07-14 12:00:00,47.76,47.83,47.71,47.71,37076
2010-07-14 12:15:00,47.71,47.71,47.55,47.56,23338
2010-07-14 12:30:00,47.55,47.6,47.55,47.59,14900
2010-07-14 12:45:00,47.59,47.61,47.54,47.54,32176
2010-07-14 13:00:00,47.5499,47.5499,47.45,47.485,21834
2010-07-14 13:15:00,47.485,47.5,47.4,47.45,26769
2010-07-14 13:30:00,47.44,47.47,47.415,47.45,13399
2010-07-14 13:45:00,47.45,47.49,47.36,47.4,9307
2010-07-14 14:00:00,47.4,47.4,47.22,47.28,41092
2010-07-14 14:15:00,47.28,47.29,47.18,47.2,61584
2010-07-14 14:30:00,47.2,47.26,47.18,47.21,36957
2010-07-14 14:45:00,47.22,47.3,47.2,47.23,61941
2010-07-14 15:00:00,47.235,47.32,47.22,47.32,58581
2010-07-14 15:15:00,47.32,47.37,47.19,47.19,49328
2010-07-14 15:30:00,47.19,47.31,47.19,47.27,97157
2010-07-14 15:45:00,47.26,47.27,47.145,47.18,89551
2010-07-14 16:00:00,47.19,47.51,47.18,47.51,296084
2010-07-15 09:45:00,47.4,47.86,47.38,47.83,42863
2010-07-15 10:00:00,47.82,47.86,47.71,47.78,29164
2010-07-15 10:15:00,47.76,47.76,47.4,47.52,77389
2010-07-15 10:30:00,47.51,47.54,47.35,47.5,46904
2010-07-15 10:45:00,47.49,47.62,47.48,47.59,58197
2010-07-15 11:00:00,47.6,47.62,47.54,47.59,26256
2010-07-15 11:15:00,47.6,47.64,47.46,47.47,55809
2010-07-15 11:30:00,47.49,47.58,47.46,47.55,32679
2010-07-15 11:45:00,47.58,47.748000000000005,47.54,47.74,25409
2010-07-15 12:00:00,47.745,47.76,47.64,47.66,42454
2010-07-15 12:15:00,47.65,47.70399999999999,47.57,47.7,48652
2010-07-15 12:30:00,47.70399999999999,47.745,47.65,47.68,19323
2010-07-15 12:45:00,47.665,47.72,47.64,47.71,19630
2010-07-15 13:00:00,47.7,47.87,47.7,47.85,18824
2010-07-15 13:15:00,47.85,48.06,47.85,48.06,48935
2010-07-15 13:30:00,48.08,48.21,48.08,48.12,37154
2010-07-15 13:45:00,48.13,48.16,48.06,48.06,23307
2010-07-15 14:00:00,48.05,48.17,48.05,48.1499,15939
2010-07-15 14:15:00,48.14,48.16,47.97,48.01,20981
2010-07-15 14:30:00,47.98,48.2,47.98,48.19,20461
2010-07-15 14:45:00,48.19,48.26,48.11,48.11,25580
2010-07-15 15:00:00,48.12,48.18,48.08,48.1,18641
2010-07-15 15:15:00,48.1,48.12,47.89,47.92,38903
2010-07-15 15:30:00,47.91,48.05,47.88,48.05,30269
2010-07-15 15:45:00,48.04,48.31,48.04,48.25,122310
2010-07-15 16:00:00,48.26,48.42,48.25,48.32,179163
2010-07-16 09:45:00,47.9,48.39,47.64,47.85,201942
2010-07-16 10:00:00,47.83,47.95,47.58,47.71,61627
2010-07-16 10:15:00,47.7,47.87,47.6,47.695,73846
2010-07-16 10:30:00,47.7,47.86,47.69,47.78,28933
2010-07-16 10:45:00,47.75,47.84,47.75,47.84,45498
2010-07-16 11:00:00,47.84,48.1,47.82,48.05,66715
2010-07-16 11:15:00,48.04,48.06,47.7875,47.7995,21419
2010-07-16 11:30:00,47.79,47.79,47.665,47.74,31454
2010-07-16 11:45:00,47.72,47.8,47.68,47.74,24855
2010-07-16 12:00:00,47.72,47.72,47.51,47.54,31385
2010-07-16 12:15:00,47.54,47.64,47.53,47.6,25022
2010-07-16 12:30:00,47.58,47.58,47.41,47.45,26850
2010-07-16 12:45:00,47.46,47.54,47.42,47.52,15575
2010-07-16 13:00:00,47.52,47.53,47.4,47.42,13786
2010-07-16 13:15:00,47.43,47.45,47.36,47.43,11100
2010-07-16 13:30:00,47.43,47.48,47.37,47.45,18417
2010-07-16 13:45:00,47.42,47.55,47.4,47.4,12451
2010-07-16 14:00:00,47.41,47.43,47.32,47.39,11457
2010-07-16 14:15:00,47.38,47.50899999999999,47.36,47.47,12263
2010-07-16 14:30:00,47.4315,47.47,47.323,47.4,24189
2010-07-16 14:45:00,47.4,47.44,47.31,47.32,49643
2010-07-16 15:00:00,47.33,47.38,47.27,47.32,22562
2010-07-16 15:15:00,47.32,47.35,47.24,47.32,19229
2010-07-16 15:30:00,47.31,47.31,47.05,47.09,27810
2010-07-16 15:45:00,47.09,47.22,47.08,47.17,41176
2010-07-16 16:00:00,47.16,47.2101,47.03,47.09,158821
2010-07-19 09:45:00,47.09,48.4,47.01,47.31,52901
2010-07-19 10:00:00,47.32,47.39,47.19,47.27,20657
2010-07-19 10:15:00,47.22,47.41,47.13,47.32,23349
2010-07-19 10:30:00,47.3291,47.33,47.2,47.21,56943
2010-07-19 10:45:00,47.21,47.39,47.2,47.35,27545
2010-07-19 11:00:00,47.35,47.55,47.235,47.54,52261
2010-07-19 11:15:00,47.52,47.6596,47.51,47.59,58865
2010-07-19 11:30:00,47.6,47.66,47.58,47.63,27505
2010-07-19 11:45:00,47.63,47.64,47.5,47.56,22530
2010-07-19 12:00:00,47.54,47.76,47.53,47.74,26996
2010-07-19 12:15:00,47.75,47.76,47.56,47.57,21366
2010-07-19 12:30:00,47.57,47.76,47.57,47.73,26126
2010-07-19 12:45:00,47.71,47.85,47.64,47.8,17924
2010-07-19 13:00:00,47.78,47.88,47.74,47.75,20589
2010-07-19 13:15:00,47.73,47.77,47.7,47.73,18365
2010-07-19 13:30:00,47.72,47.75,47.69,47.71,15834
2010-07-19 13:45:00,47.69,47.75,47.6212,47.66,24005
2010-07-19 14:00:00,47.66,47.76,47.64,47.74,34177
2010-07-19 14:15:00,47.75,47.85,47.74,47.85,21292
2010-07-19 14:30:00,47.84,47.87,47.77,47.77,14930
2010-07-19 14:45:00,47.76,47.88,47.76,47.87,27865
2010-07-19 15:00:00,47.88,47.98,47.88,47.93,26942
2010-07-19 15:15:00,47.94,48.07,47.89,48.0425,45280
2010-07-19 15:30:00,48.04,48.08,47.86,47.87,45947
2010-07-19 15:45:00,47.87,47.93,47.83,47.9,46371
2010-07-19 16:00:00,47.9,47.96,47.835,47.91,99697
2010-07-20 09:45:00,47.35,47.59,47.135,47.54,54487
2010-07-20 10:00:00,47.57,47.97,47.57,47.91,46020
2010-07-20 10:15:00,47.89,47.9,47.44,47.44,30690
2010-07-20 10:30:00,47.42,47.78,47.41,47.68,18043
2010-07-20 10:45:00,47.68,47.75,47.58,47.67,21944
2010-07-20 11:00:00,47.68,47.81,47.675,47.81,15579
2010-07-20 11:15:00,47.82,47.93,47.8,47.92,24102
2010-07-20 11:30:00,47.91,48.06,47.91,48.06,33860
2010-07-20 11:45:00,48.05,48.15,48.02,48.07,40397
2010-07-20 12:00:00,48.07,48.15,48.02,48.04,36357
2010-07-20 12:15:00,48.0,48.06,47.95,47.95,16261
2010-07-20 12:30:00,47.94,47.97,47.9,47.965,14605
2010-07-20 12:45:00,47.97,48.0,47.96,47.97,11687
2010-07-20 13:00:00,47.99,48.1,47.985,48.03,12952
2010-07-20 13:15:00,48.03,48.04,47.98,47.99,12509
2010-07-20 13:30:00,48.0,48.11,47.98,48.1,16942
2010-07-20 13:45:00,48.11,48.36,48.11,48.35,54081
2010-07-20 14:00:00,48.37,48.52,48.3,48.5,43093
2010-07-20 14:15:00,48.5,48.5,48.32,48.34,20210
2010-07-20 14:30:00,48.33,48.35,48.2,48.3,15300
2010-07-20 14:45:00,48.31,48.32,48.2,48.24,21741
2010-07-20 15:00:00,48.22,48.375,48.21,48.31,12561
2010-07-20 15:15:00,48.32,48.37,48.24,48.37,42313
2010-07-20 15:30:00,48.38,48.53,48.37,48.53,53859
2010-07-20 15:45:00,48.54,48.69,48.54,48.62,57338
2010-07-20 16:00:00,48.64,48.79,48.61,48.76,122071
2010-07-21 09:45:00,48.78,48.91,48.09,48.14,51732
2010-07-21 10:00:00,48.13,48.2,47.82,47.88,69450
2010-07-21 10:15:00,47.85,47.85,47.59,47.73,32183
2010-07-21 10:30:00,47.71,47.78,47.65,47.78,28646
2010-07-21 10:45:00,47.76,47.8,47.61,47.62,55554
2010-07-21 11:00:00,47.64,47.77,47.6,47.68,51726
2010-07-21 11:15:00,47.68,47.69,47.46,47.55,43048
2010-07-21 11:30:00,47.55,47.65,47.46,47.61,39722
2010-07-21 11:45:00,47.6,47.62,47.44,47.55,39309
2010-07-21 12:00:00,47.55,47.61,47.47,47.57,28518
2010-07-21 12:15:00,47.58,47.64,47.54,47.55,68294
2010-07-21 12:30:00,47.56,47.73,47.54,47.72,46157
2010-07-21 12:45:00,47.76,47.93,47.76,47.85,17329
2010-07-21 13:00:00,47.84,47.9,47.74,47.74,19051
2010-07-21 13:15:00,47.74,47.82,47.74,47.8,22213
2010-07-21 13:30:00,47.8,47.81,47.62,47.71,29168
2010-07-21 13:45:00,47.71,47.79,47.6999,47.72,20086
2010-07-21 14:00:00,47.7,47.78,47.61,47.61,60989
2010-07-21 14:15:00,47.61,47.65,47.33,47.37,68694
2010-07-21 14:30:00,47.37,47.39,47.25,47.33,71203
2010-07-21 14:45:00,47.32,47.35,47.19,47.24,81469
2010-07-21 15:00:00,47.25,47.26,46.8,46.86,128169
2010-07-21 15:15:00,46.86,47.11,46.81,47.11,74036
2010-07-21 15:30:00,47.11,47.16,46.84,46.9,122105
2010-07-21 15:45:00,46.92,47.06,46.89,46.98,119918
2010-07-21 16:00:00,47.0,47.1,46.9554,47.02,144649
2010-07-22 09:45:00,47.54,48.17,47.54,47.74,47776
2010-07-22 10:00:00,47.78,48.05,47.708999999999996,48.05,31112
2010-07-22 10:15:00,48.05,48.32,48.05,48.28,61346
2010-07-22 10:30:00,48.3,48.33,48.14,48.22,36664
2010-07-22 10:45:00,48.23,48.27,48.13,48.18,33570
2010-07-22 11:00:00,48.19,48.34,48.18,48.18,15329
2010-07-22 11:15:00,48.19,48.21,48.15,48.2,18700
2010-07-22 11:30:00,48.2,48.24,48.14,48.19,11570
2010-07-22 11:45:00,48.17,48.17,47.81,47.93,55701
2010-07-22 12:00:00,47.91,47.94,47.79,47.82,18587
2010-07-22 12:15:00,47.81,47.9,47.77,47.81,19485
2010-07-22 12:30:00,47.81,47.9,47.8,47.86,17420
2010-07-22 12:45:00,47.85,47.86,47.77,47.8,22119
2010-07-22 13:00:00,47.8,47.92,47.78,47.86,19706
2010-07-22 13:15:00,47.87,47.92,47.86,47.91,16093
2010-07-22 13:30:00,47.91,47.95,47.8,47.82,22167
2010-07-22 13:45:00,47.82,47.87,47.81,47.83,20590
2010-07-22 14:00:00,47.83,47.84,47.715,47.73,34150
2010-07-22 14:15:00,47.73,47.895,47.72,47.86,36561
2010-07-22 14:30:00,47.86,47.98,47.815,47.98,31266
2010-07-22 14:45:00,47.975,47.98,47.8102,47.85,31918
2010-07-22 15:00:00,47.85,47.94,47.7803,47.94,24738
2010-07-22 15:15:00,47.95,48.035,47.91,48.025,18754
2010-07-22 15:30:00,48.01,48.12,48.01,48.02,25111
2010-07-22 15:45:00,48.02,48.03,47.74,47.89,43250
2010-07-22 16:00:00,47.9,48.05,47.89,47.97,123487
2010-07-23 09:45:00,47.76,48.26,47.76,48.26,24009
2010-07-23 10:00:00,48.2,48.27,48.01,48.18,17044
2010-07-23 10:15:00,48.19,48.42,48.17,48.4,30849
2010-07-23 10:30:00,48.381,48.55,48.38,48.55,14369
2010-07-23 10:45:00,48.52,48.55,48.32,48.36,38200
2010-07-23 11:00:00,48.38,48.39,48.23,48.25,18500
2010-07-23 11:15:00,48.25,48.4625,48.23,48.42,64100
2010-07-23 11:30:00,48.41,48.53,48.4,48.4905,14816
2010-07-23 11:45:00,48.53,48.73,48.5101,48.66,16828
2010-07-23 12:00:00,48.66,48.77,48.63,48.71,20014
2010-07-23 12:15:00,48.695,48.74,48.44,48.58,49618
2010-07-23 12:30:00,48.59,48.68,48.52,48.64,18389
2010-07-23 12:45:00,48.66,48.67,48.52,48.55,26443
2010-07-23 13:00:00,48.55,48.69,48.48,48.685,17689
2010-07-23 13:15:00,48.68,48.685,48.55,48.675,16520
2010-07-23 13:30:00,48.67,48.9,48.66,48.89,27765
2010-07-23 13:45:00,48.89,49.12,48.8,49.0675,50502
2010-07-23 14:00:00,49.06,49.06,48.93,48.96,28818
2010-07-23 14:15:00,48.96,49.09,48.91,48.95,78617
2010-07-23 14:30:00,48.94,48.96,48.85,48.92,12142
2010-07-23 14:45:00,48.9,48.9675,48.87,48.94,25749
2010-07-23 15:00:00,48.96,48.99,48.89,48.93,39979
2010-07-23 15:15:00,48.92,48.9776,48.88,48.93,19700
2010-07-23 15:30:00,48.94,49.01,48.9,48.93,18717
2010-07-23 15:45:00,48.94,49.01,48.75,48.82,42820
2010-07-23 16:00:00,48.84,49.04,48.83,49.04,79629
2010-07-26 09:45:00,49.28,49.28,48.85,48.87,53021
2010-07-26 10:00:00,48.88,48.9,48.7,48.83,56334
2010-07-26 10:15:00,48.82,49.12,48.79,49.05,107474
2010-07-26 10:30:00,49.04,49.06,48.76,48.77,77185
2010-07-26 10:45:00,48.78,49.03,48.72,48.98,78718
2010-07-26 11:00:00,48.98,49.14,48.97,49.12,66316
2010-07-26 11:15:00,49.15,49.24,49.06,49.18,100656
2010-07-26 11:30:00,49.17,49.28,49.14,49.14,43476
2010-07-26 11:45:00,49.14,49.14,49.05,49.09,45611
2010-07-26 12:00:00,49.09,49.21,49.05,49.195,40827
2010-07-26 12:15:00,49.2,49.2275,49.16,49.17,46540
2010-07-26 12:30:00,49.18,49.3,49.18,49.26,24995
2010-07-26 12:45:00,49.26,49.31,49.215,49.24,12023
2010-07-26 13:00:00,49.24,49.44,49.2,49.44,204151
2010-07-26 13:15:00,49.44,49.48,49.42,49.48,16500
2010-07-26 13:30:00,49.49,49.56,49.44,49.55,13908
2010-07-26 13:45:00,49.56,49.69,49.51,49.69,12310
2010-07-26 14:00:00,49.68,49.69,49.59,49.59,41134
2010-07-26 14:15:00,49.6,49.65,49.57,49.63,15252
2010-07-26 14:30:00,49.64,49.65,49.6,49.625,17843
2010-07-26 14:45:00,49.6,49.61,49.39,49.43,47629
2010-07-26 15:00:00,49.43,49.44,49.35,49.37,85215
2010-07-26 15:15:00,49.38,49.49,49.34,49.434,64543
2010-07-26 15:30:00,49.43,49.67,49.41,49.65,54230
2010-07-26 15:45:00,49.66,49.81,49.63,49.75,66887
2010-07-26 16:00:00,49.75,49.96,49.75,49.94,162547
2010-07-27 09:45:00,50.0,50.13,49.75,49.95,78385
2010-07-27 10:00:00,49.93,50.04,49.85,49.9,33283
2010-07-27 10:15:00,49.85,50.17,49.66,49.74,40570
2010-07-27 10:30:00,49.71,50.04,49.71,50.0,21705
2010-07-27 10:45:00,50.0,50.04,49.71,49.78,39555
2010-07-27 11:00:00,49.77,49.84,49.63,49.72,28701
2010-07-27 11:15:00,49.71,49.73,49.55,49.56,39052
2010-07-27 11:30:00,49.53,49.54,49.38,49.44,10875
2010-07-27 11:45:00,49.441,49.54,49.441,49.54,10800
2010-07-27 12:00:00,49.55,49.59,49.47,49.48,10862
2010-07-27 12:15:00,49.5,49.71,49.5,49.69,38972
2010-07-27 12:30:00,49.69,49.73,49.54,49.55,28151
2010-07-27 12:45:00,49.54,49.59,49.43,49.45,76634
2010-07-27 13:00:00,49.44,49.44,49.13,49.2,41428
2010-07-27 13:15:00,49.2,49.258,49.15,49.24,16188
2010-07-27 13:30:00,49.21,49.25,49.09,49.1,20037
2010-07-27 13:45:00,49.12,49.19,48.99,49.0,41196
2010-07-27 14:00:00,48.99,49.09,48.96,49.0,60993
2010-07-27 14:15:00,49.0,49.03,48.96,49.0,30131
2010-07-27 14:30:00,49.0,49.14,48.95,49.07,59622
2010-07-27 14:45:00,49.07,49.1,48.97,48.98,31434
2010-07-27 15:00:00,48.97,49.005,48.88,48.95,28514
2010-07-27 15:15:00,48.95,49.07,48.93,49.0,51227
2010-07-27 15:30:00,49.01,49.19,49.0,49.08,64775
2010-07-27 15:45:00,49.08,49.1,48.92,48.92,54742
2010-07-27 16:00:00,48.91,49.04,48.895,48.99,86162
2010-07-28 09:45:00,49.03,49.35,48.93,48.948,27638
2010-07-28 10:00:00,48.97,49.08,48.891999999999996,49.03,20054
2010-07-28 10:15:00,49.03,49.11,48.85,48.975,24709
2010-07-28 10:30:00,48.9528,49.15,48.95,49.14,31550
2010-07-28 10:45:00,49.14,49.33,49.11,49.33,35283
2010-07-28 11:00:00,49.33,49.47,49.33,49.47,35864
2010-07-28 11:15:00,49.47,49.48,49.37,49.38,56076
2010-07-28 11:30:00,49.38,49.44,49.28,49.28,54602
2010-07-28 11:45:00,49.28,49.42,49.25,49.37,31345
2010-07-28 12:00:00,49.365,49.45,49.365,49.425,29422
2010-07-28 12:15:00,49.44,49.45,49.38,49.445,24982
2010-07-28 12:30:00,49.47,49.52,49.42,49.42,20848
2010-07-28 12:45:00,49.415,49.55,49.4,49.52,15276
2010-07-28 13:00:00,49.52,49.65,49.47,49.65,49251
2010-07-28 13:15:00,49.65,49.66,49.57,49.58,28024
2010-07-28 13:30:00,49.59,49.79,49.58,49.79,73864
2010-07-28 13:45:00,49.79,49.79,49.6,49.6,64141
2010-07-28 14:00:00,49.6,49.63,49.54,49.57,19621
2010-07-28 14:15:00,49.55,49.58,49.5,49.51,54198
2010-07-28 14:30:00,49.51,49.57,49.43,49.49,64402
2010-07-28 14:45:00,49.49,49.51,49.28,49.29,93969
2010-07-28 15:00:00,49.28,49.32,49.24,49.27,63480
2010-07-28 15:15:00,49.27,49.39,49.25,49.375,133709
2010-07-28 15:30:00,49.39,49.43,49.32,49.41,75248
2010-07-28 15:45:00,49.4,49.46,49.32,49.41,78592
2010-07-28 16:00:00,49.42,49.5,49.31,49.44,154946
2010-07-29 09:45:00,49.39,49.64,48.37,49.625,252113
2010-07-29 10:00:00,49.62,49.65,49.05,49.13,126705
2010-07-29 10:15:00,49.11,49.21,49.02,49.11,50371
2010-07-29 10:30:00,49.1,49.27,48.94,48.98,102021
2010-07-29 10:45:00,48.975,49.11,48.92,49.0,69232
2010-07-29 11:00:00,49.0,49.17,48.95,48.96,93279
2010-07-29 11:15:00,48.95,49.0,48.8,48.83,56488
2010-07-29 11:30:00,48.81,48.84,48.5,48.56,88088
2010-07-29 11:45:00,48.55,48.56,48.27,48.28,82029
2010-07-29 12:00:00,48.27,48.5,48.23,48.37,52872
2010-07-29 12:15:00,48.4,48.69,48.32,48.69,130026
2010-07-29 12:30:00,48.71,48.81,48.71,48.8,78577
2010-07-29 12:45:00,48.8,48.87,48.7,48.76,52188
2010-07-29 13:00:00,48.76,48.98,48.7,48.96,43659
2010-07-29 13:15:00,48.95,49.13,48.95,49.1175,39668
2010-07-29 13:30:00,49.11,49.13,49.07,49.07,35768
2010-07-29 13:45:00,49.08,49.15,49.08,49.11,34960
2010-07-29 14:00:00,49.12,49.18,49.11,49.15,63933
2010-07-29 14:15:00,49.16,49.18,49.0,49.08,32633
2010-07-29 14:30:00,49.07,49.16,49.0,49.005,63933
2010-07-29 14:45:00,49.0,49.15,49.0,49.0,106682
2010-07-29 15:00:00,49.0,49.145,49.0,49.1,57811
2010-07-29 15:15:00,49.11,49.12,49.0,49.1,82102
2010-07-29 15:30:00,49.09,49.19,49.01,49.05,123402
2010-07-29 15:45:00,49.05,49.11,48.93,49.04,99446
2010-07-29 16:00:00,49.03,49.03,48.9,48.97,172241
2010-07-30 09:45:00,48.86,49.15,48.62,48.95,85303
2010-07-30 10:00:00,48.95,49.05,48.7,48.855,85890
2010-07-30 10:15:00,48.84,49.21,48.84,48.96,258263
2010-07-30 10:30:00,48.97,49.0,48.74,48.84,63026
2010-07-30 10:45:00,48.85,49.05,48.77,49.02,135753
2010-07-30 11:00:00,49.02,49.08,48.93,48.98,68841
2010-07-30 11:15:00,48.97,49.01,48.83,48.85,52279
2010-07-30 11:30:00,48.85,48.86,48.765,48.79,39975
2010-07-30 11:45:00,48.78,49.02,48.78,48.9901,48141
2010-07-30 12:00:00,48.99,49.0,48.84,48.94,53858
2010-07-30 12:15:00,48.95,48.97,48.82,48.87,21579
2010-07-30 12:30:00,48.87,49.0,48.85,48.98,25373
2010-07-30 12:45:00,48.97,49.09,48.94,49.03,31508
2010-07-30 13:00:00,49.02,49.07,48.9253,49.0,19526
2010-07-30 13:15:00,49.0,49.03,48.8801,48.8801,16288
2010-07-30 13:30:00,48.91,48.91,48.78,48.81,15352
2010-07-30 13:45:00,48.82,48.88,48.8,48.85,24269
2010-07-30 14:00:00,48.85,48.92,48.7,48.74,24086
2010-07-30 14:15:00,48.74,48.83,48.71,48.81,60329
2010-07-30 14:30:00,48.81,48.93,48.8,48.88,69462
2010-07-30 14:45:00,48.9,49.02,48.87,49.02,45743
2010-07-30 15:00:00,49.015,49.05,48.97,49.0,40279
2010-07-30 15:15:00,49.01,49.035,48.97,49.0,90955
2010-07-30 15:30:00,49.0,49.32,49.0,49.25,75500
2010-07-30 15:45:00,49.26,49.3,49.18,49.25,117416
2010-07-30 16:00:00,49.25,49.37,49.24,49.29,171092
2010-08-02 09:45:00,49.88,49.9,49.05,49.17,93162
2010-08-02 10:00:00,49.19,49.26,49.05,49.15,48947
2010-08-02 10:15:00,49.14,49.42,49.14,49.31,100831
2010-08-02 10:30:00,49.36,49.5,49.3,49.44,40675
2010-08-02 10:45:00,49.45,49.5,49.25,49.26,44809
2010-08-02 11:00:00,49.25,49.255,49.09,49.125,59348
2010-08-02 11:15:00,49.11,49.22,49.015,49.15,48207
2010-08-02 11:30:00,49.16,49.2498,49.14,49.2498,52689
2010-08-02 11:45:00,49.24,49.41,49.24,49.37,47254
2010-08-02 12:00:00,49.38,49.47,49.34,49.385,43721
2010-08-02 12:15:00,49.39,49.4,49.31,49.33,40639
2010-08-02 12:30:00,49.3399,49.34,49.18,49.21,40999
2010-08-02 12:45:00,49.2,49.26,49.1915,49.255,19655
2010-08-02 13:00:00,49.26,49.28,49.2,49.26,36662
2010-08-02 13:15:00,49.27,49.3,49.19,49.19,31394
2010-08-02 13:30:00,49.21,49.25,49.21,49.2275,20673
2010-08-02 13:45:00,49.21,49.232,49.17,49.2299,50776
2010-08-02 14:00:00,49.23,49.27,49.175,49.24,25393
2010-08-02 14:15:00,49.24,49.26,49.228,49.26,34053
2010-08-02 14:30:00,49.26,49.27,49.19,49.2,35061
2010-08-02 14:45:00,49.2,49.39,49.195,49.3701,64394
2010-08-02 15:00:00,49.4,49.41,49.292,49.305,54771
2010-08-02 15:15:00,49.3,49.32,49.23,49.305,54945
2010-08-02 15:30:00,49.31,49.32,49.2,49.23,124222
2010-08-02 15:45:00,49.23,49.255,49.13,49.15,83826
2010-08-02 16:00:00,49.16,49.18,49.06,49.08,218462
2010-08-03 09:45:00,48.28,48.91,48.28,48.61,124212
2010-08-03 10:00:00,48.62,48.64,48.31399999999999,48.39,35309
2010-08-03 10:15:00,48.42,48.425,48.09,48.21,67174
2010-08-03 10:30:00,48.2,48.36,48.13,48.25,21902
2010-08-03 10:45:00,48.23,48.43,48.23,48.39,27096
2010-08-03 11:00:00,48.4,48.42,48.235,48.25,35587
2010-08-03 11:15:00,48.25,48.25,48.12,48.1599,20032
2010-08-03 11:30:00,48.15,48.31,48.09,48.23,47672
2010-08-03 11:45:00,48.23,48.37,48.21,48.37,64655
2010-08-03 12:00:00,48.38,48.38,48.25,48.29,60660
2010-08-03 12:15:00,48.29,48.29,48.14,48.14,46037
2010-08-03 12:30:00,48.14,48.22,48.08,48.1,38664
2010-08-03 12:45:00,48.1,48.2,48.08,48.17,22726
2010-08-03 13:00:00,48.1501,48.23,48.14,48.16,24475
2010-08-03 13:15:00,48.15,48.15,48.0,48.1,45371
2010-08-03 13:30:00,48.12,48.12,48.02,48.04,39148
2010-08-03 13:45:00,48.04,48.1,48.02,48.07,23704
2010-08-03 14:00:00,48.08,48.15,48.07,48.12,17591
2010-08-03 14:15:00,48.1025,48.21,48.1,48.18,23353
2010-08-03 14:30:00,48.19,48.205,48.14,48.15,33555
2010-08-03 14:45:00,48.16,48.205,48.12,48.12,42045
2010-08-03 15:00:00,48.13,48.17,48.13,48.16,24937
2010-08-03 15:15:00,48.16,48.16,48.09,48.15,39957
2010-08-03 15:30:00,48.14,48.18,48.065,48.07,43601
2010-08-03 15:45:00,48.07,48.09,48.04,48.06,94867
2010-08-03 16:00:00,48.06,48.16,48.04,48.15,218731
2010-08-04 09:45:00,48.1,48.25,47.5,47.59,149113
2010-08-04 10:00:00,47.57,47.68,47.3,47.61,183070
2010-08-04 10:15:00,47.63,47.85,47.43,47.56,123188
2010-08-04 10:30:00,47.56,47.715,47.48,47.68,57567
2010-08-04 10:45:00,47.69,47.8,47.68,47.79,76344
2010-08-04 11:00:00,47.79,47.81,47.71,47.79,65074
2010-08-04 11:15:00,47.81,47.82,47.76,47.79,37300
2010-08-04 11:30:00,47.79,47.81,47.73,47.74,35079
2010-08-04 11:45:00,47.74,47.79,47.71,47.78,30085
2010-08-04 12:00:00,47.78,47.79,47.74,47.76,27274
2010-08-04 12:15:00,47.766000000000005,47.8,47.75,47.79,53775
2010-08-04 12:30:00,47.79,47.86,47.78,47.81,56645
2010-08-04 12:45:00,47.81,47.83,47.71,47.74,33543
2010-08-04 13:00:00,47.75,47.82,47.73,47.73,13138
2010-08-04 13:15:00,47.76,47.81,47.7,47.74,23892
2010-08-04 13:30:00,47.7401,47.81,47.71,47.76,17191
2010-08-04 13:45:00,47.76,47.81,47.65,47.65,56369
2010-08-04 14:00:00,47.66,47.68,47.62,47.64,23095
2010-08-04 14:15:00,47.65,47.72,47.64,47.705,62644
2010-08-04 14:30:00,47.7,47.7075,47.61,47.69,53458
2010-08-04 14:45:00,47.68,47.74,47.61,47.74,43448
2010-08-04 15:00:00,47.74,47.76,47.7,47.76,39754
2010-08-04 15:15:00,47.75,47.76,47.7,47.73,36476
2010-08-04 15:30:00,47.73,47.76,47.68,47.74,55792
2010-08-04 15:45:00,47.75,47.79,47.7,47.73,69471
2010-08-04 16:00:00,47.73,47.79,47.71,47.75,141069
2010-08-05 09:45:00,47.45,47.53,47.09,47.36,78550
2010-08-05 10:00:00,47.35,47.48,47.3,47.42,58727
2010-08-05 10:15:00,47.42,47.66,47.38,47.63,63144
2010-08-05 10:30:00,47.63,47.76,47.49,47.76,49837
2010-08-05 10:45:00,47.755,47.8,47.67,47.73,78239
2010-08-05 11:00:00,47.74,47.84,47.71,47.7299,63633
2010-08-05 11:15:00,47.72,47.77,47.68,47.7,44542
2010-08-05 11:30:00,47.71,47.71,47.63,47.65,70050
2010-08-05 11:45:00,47.65,47.71,47.59,47.71,54877
2010-08-05 12:00:00,47.71,47.77,47.7,47.73,19859
2010-08-05 12:15:00,47.73,47.79,47.73,47.78,38820
2010-08-05 12:30:00,47.77,47.775,47.71,47.71,17808
2010-08-05 12:45:00,47.72,47.721000000000004,47.51,47.54,31673
2010-08-05 13:00:00,47.54,47.65,47.53,47.61,23707
2010-08-05 13:15:00,47.63,47.63,47.54,47.6,12956
2010-08-05 13:30:00,47.61,47.67,47.59,47.64,19364
2010-08-05 13:45:00,47.66,47.7,47.61,47.61,26961
2010-08-05 14:00:00,47.62,47.67,47.6,47.64,21129
2010-08-05 14:15:00,47.65,47.79,47.65,47.77,18349
2010-08-05 14:30:00,47.78,47.89,47.78,47.86,37319
2010-08-05 14:45:00,47.86,47.91,47.84,47.91,23092
2010-08-05 15:00:00,47.91,47.93,47.89,47.92,22352
2010-08-05 15:15:00,47.91,47.97,47.89,47.96,22385
2010-08-05 15:30:00,47.95,48.0,47.89,47.8997,40343
2010-08-05 15:45:00,47.89,47.95,47.83,47.87,70656
2010-08-05 16:00:00,47.88,47.88,47.73,47.85,113651
2010-08-06 09:45:00,48.01,48.01,46.94,47.53,45951
2010-08-06 10:00:00,47.54,47.66,47.41,47.54,58220
2010-08-06 10:15:00,47.55,47.66,47.39,47.4,33068
2010-08-06 10:30:00,47.4,47.49,47.27,47.31,45234
2010-08-06 10:45:00,47.3198,47.385,47.04,47.05,59857
2010-08-06 11:00:00,47.07,47.07,46.8,46.84,95472
2010-08-06 11:15:00,46.84,46.94,46.78,46.87,31187
2010-08-06 11:30:00,46.89,47.02,46.87,47.02,24284
2010-08-06 11:45:00,47.01,47.22,46.98,47.22,29763
2010-08-06 12:00:00,47.22,47.37,47.215,47.32,41709
2010-08-06 12:15:00,47.315,47.38,47.3,47.375,37900
2010-08-06 12:30:00,47.37,47.39,47.28,47.31,19107
2010-08-06 12:45:00,47.28,47.3,47.21,47.27,23710
2010-08-06 13:00:00,47.27,47.275,47.1,47.11,90516
2010-08-06 13:15:00,47.12,47.18,47.0,47.03,24969
2010-08-06 13:30:00,47.05,47.05,46.96,46.98,61253
2010-08-06 13:45:00,47.0,47.0,46.9,46.99,75466
2010-08-06 14:00:00,47.0,47.02,46.94,47.0,50125
2010-08-06 14:15:00,47.01,47.01,46.96,47.0,134812
2010-08-06 14:30:00,47.0,47.03,46.94,47.0,43700
2010-08-06 14:45:00,47.0,47.03,46.97,46.99,49947
2010-08-06 15:00:00,46.98,47.14,46.98,47.11,264960
2010-08-06 15:15:00,47.13,47.14,46.97,47.0,219552
2010-08-06 15:30:00,47.0,47.1,46.99,47.0,100675
2010-08-06 15:45:00,47.02,47.1,46.96,47.1,72030
2010-08-06 16:00:00,47.1,47.16,47.03,47.15,308688
2010-08-09 09:45:00,47.91,47.91,47.38,47.44,186856
2010-08-09 10:00:00,47.4401,47.48,47.22,47.26,94015
2010-08-09 10:15:00,47.3,47.34,47.01,47.05,141785
2010-08-09 10:30:00,47.06,47.12,46.99,47.06,79947
2010-08-09 10:45:00,47.05,47.17,47.05,47.08,108579
2010-08-09 11:00:00,47.09,47.18,47.04,47.11,138024
2010-08-09 11:15:00,47.12,47.13,47.02,47.13,102949
2010-08-09 11:30:00,47.125,47.18,47.11,47.14,40376
2010-08-09 11:45:00,47.15,47.17,47.0325,47.05,66648
2010-08-09 12:00:00,47.055,47.09,47.03,47.09,125733
2010-08-09 12:15:00,47.08,47.18,47.07,47.17,24633
2010-08-09 12:30:00,47.16,47.16,47.1,47.14,25811
2010-08-09 12:45:00,47.14,47.18,47.11,47.12,40179
2010-08-09 13:00:00,47.12,47.13,47.03,47.04,23856
2010-08-09 13:15:00,47.04,47.12,46.91,47.09,74367
2010-08-09 13:30:00,47.095,47.18,47.09,47.13,158069
2010-08-09 13:45:00,47.16,47.19,47.14,47.15,40392
2010-08-09 14:00:00,47.14,47.21,47.1,47.14,22129
2010-08-09 14:15:00,47.15,47.2,47.15,47.17,26798
2010-08-09 14:30:00,47.18,47.22,47.18,47.21,21389
2010-08-09 14:45:00,47.2,47.26,47.18,47.26,102758
2010-08-09 15:00:00,47.24,47.31,47.23,47.29,113216
2010-08-09 15:15:00,47.29,47.29,47.23,47.25,24555
2010-08-09 15:30:00,47.25,47.3,47.2437,47.275,30944
2010-08-09 15:45:00,47.28,47.29,47.24,47.26,122905
2010-08-09 16:00:00,47.26,47.31,47.23,47.28,160444
2010-08-10 09:45:00,46.88,47.02,46.72,46.73,35923
2010-08-10 10:00:00,46.7,46.75,46.57,46.68,40844
2010-08-10 10:15:00,46.68,47.08,46.62,47.07,116988
2010-08-10 10:30:00,47.06,47.12,47.0,47.0145,47697
2010-08-10 10:45:00,47.01,47.02,46.97,46.9825,36420
2010-08-10 11:00:00,46.99,47.01,46.91,46.94,31187
2010-08-10 11:15:00,46.9475,47.01,46.93,47.005,35219
2010-08-10 11:30:00,47.0,47.0,46.9,46.98,24663
2010-08-10 11:45:00,46.98,47.02,46.92,46.95,33108
2010-08-10 12:00:00,46.94,46.97,46.9,46.97,14158
2010-08-10 12:15:00,46.97,46.97,46.86,46.94,17979
2010-08-10 12:30:00,46.94,46.96,46.9,46.95,13640
2010-08-10 12:45:00,46.9499,46.98,46.94,46.96,18876
2010-08-10 13:00:00,46.96,46.99,46.94,46.94,10956
2010-08-10 13:15:00,46.95,46.95,46.88,46.92,23147
2010-08-10 13:30:00,46.92,46.92,46.75,46.7599,18825
2010-08-10 13:45:00,46.75,46.78,46.68,46.76,26455
2010-08-10 14:00:00,46.77,46.78,46.68,46.78,15465
2010-08-10 14:15:00,46.77,46.93,46.76,46.87,19463
2010-08-10 14:30:00,46.87,47.14,46.8,46.89,61181
2010-08-10 14:45:00,46.91,47.11,46.91,47.03,78322
2010-08-10 15:00:00,47.05,47.06,46.96,47.01,61603
2010-08-10 15:15:00,47.02,47.04,46.9,46.915,70637
2010-08-10 15:30:00,46.92,46.95,46.76,46.91,43512
2010-08-10 15:45:00,46.91,47.03,46.85,46.99,67269
2010-08-10 16:00:00,46.99,47.02,46.83,46.83,117525
2010-08-11 09:45:00,46.58,46.65,46.02,46.09,80108
2010-08-11 10:00:00,46.114,46.12,45.75,45.86,82932
2010-08-11 10:15:00,45.85,46.05,45.84,45.99,25773
2010-08-11 10:30:00,45.98,45.99,45.78,45.93,43494
2010-08-11 10:45:00,45.93,46.05,45.87,46.04,44537
2010-08-11 11:00:00,46.04,46.08,46.0,46.035,45719
2010-08-11 11:15:00,46.03,46.12,45.99,46.04,65730
2010-08-11 11:30:00,46.04,46.12,45.97,46.05,39482
2010-08-11 11:45:00,46.05,46.24,46.05,46.19,57700
2010-08-11 12:00:00,46.19,46.23,46.17,46.22,17532
2010-08-11 12:15:00,46.21,46.25,46.17,46.24,22593
2010-08-11 12:30:00,46.25,46.25,46.15,46.16,17503
2010-08-11 12:45:00,46.1511,46.19,46.074,46.083999999999996,31500
2010-08-11 13:00:00,46.0925,46.0925,46.03,46.05,16769
2010-08-11 13:15:00,46.06,46.13,46.05,46.13,11689
2010-08-11 13:30:00,46.14,46.21,46.14,46.21,30848
2010-08-11 13:45:00,46.21,46.23,46.15,46.2,39503
2010-08-11 14:00:00,46.19,46.2,46.12,46.17,22653
2010-08-11 14:15:00,46.17,46.27,46.17,46.24,26016
2010-08-11 14:30:00,46.23,46.25,46.21,46.25,25677
2010-08-11 14:45:00,46.26,46.33,46.24,46.26,60176
2010-08-11 15:00:00,46.265,46.29,46.19,46.22,45384
2010-08-11 15:15:00,46.22,46.3,46.21,46.29,36515
2010-08-11 15:30:00,46.29,46.32,46.24,46.28,57044
2010-08-11 15:45:00,46.28,46.4,46.28,46.32,116315
2010-08-11 16:00:00,46.32,46.36,46.23,46.27,182701
2010-08-12 09:45:00,45.75,46.64,45.74,46.64,87521
2010-08-12 10:00:00,46.65,47.0,46.62,46.95,138439
2010-08-12 10:15:00,46.92,46.94,46.77,46.86,137184
2010-08-12 10:30:00,46.85,46.89,46.815,46.83,72444
2010-08-12 10:45:00,46.82,46.93,46.8,46.88,49271
2010-08-12 11:00:00,46.87,47.04,46.87,46.99,123157
2010-08-12 11:15:00,46.995,47.07,46.98,47.07,120100
2010-08-12 11:30:00,47.06,47.14,47.02,47.14,30702
2010-08-12 11:45:00,47.13,47.15,47.07,47.08,44627
2010-08-12 12:00:00,47.08,47.15,47.075,47.11,16980
2010-08-12 12:15:00,47.11,47.13,47.095,47.12,30486
2010-08-12 12:30:00,47.12,47.16,47.115,47.14,38272
2010-08-12 12:45:00,47.13,47.15,47.1,47.14,76289
2010-08-12 13:00:00,47.15,47.16,47.13,47.15,50987
2010-08-12 13:15:00,47.15,47.19,47.11,47.14,42102
2010-08-12 13:30:00,47.12,47.16,47.1,47.13,30957
2010-08-12 13:45:00,47.13,47.14,47.03,47.06,35656
2010-08-12 14:00:00,47.04,47.065,47.0,47.03,33725
2010-08-12 14:15:00,47.03,47.04,47.0,47.01,36395
2010-08-12 14:30:00,47.015,47.07,46.99,47.04,39151
2010-08-12 14:45:00,47.03,47.03,46.95,47.02,57127
2010-08-12 15:00:00,47.0,47.06,46.95,47.02,26175
2010-08-12 15:15:00,47.02,47.21,47.015,47.2,160091
2010-08-12 15:30:00,47.2,47.22,47.13,47.135,93747
2010-08-12 15:45:00,47.13,47.18,46.91,46.99,264380
2010-08-12 16:00:00,46.99,47.04,46.95,46.97,251575
2010-08-13 09:45:00,46.64,46.64,46.3,46.3,40249
2010-08-13 10:00:00,46.29,46.75,46.25,46.75,32301
2010-08-13 10:15:00,46.71,46.82,46.63,46.72,29339
2010-08-13 10:30:00,46.73,46.8,46.68,46.75,29726
2010-08-13 10:45:00,46.75,46.78,46.66,46.7,38389
2010-08-13 11:00:00,46.71,46.72,46.55,46.64,31812
2010-08-13 11:15:00,46.63,46.64,46.55,46.59,25155
2010-08-13 11:30:00,46.56,46.598,46.52,46.55,9064
2010-08-13 11:45:00,46.55,46.57,46.47,46.54,15990
2010-08-13 12:00:00,46.53,46.531000000000006,46.45,46.495,16166
2010-08-13 12:15:00,46.49,46.57,46.49,46.56,22475
2010-08-13 12:30:00,46.55,46.67,46.53,46.66,11390
2010-08-13 12:45:00,46.67,46.67,46.58,46.61,12973
2010-08-13 13:00:00,46.61,46.79,46.6,46.77,19444
2010-08-13 13:15:00,46.77,46.82,46.77,46.8,23776
2010-08-13 13:30:00,46.79,46.91,46.77,46.9,26982
2010-08-13 13:45:00,46.9,46.94,46.85,46.89,21204
2010-08-13 14:00:00,46.9,46.92,46.82,46.835,8700
2010-08-13 14:15:00,46.83,46.94,46.83,46.91,24332
2010-08-13 14:30:00,46.92,46.985,46.89,46.985,49212
2010-08-13 14:45:00,46.98,47.0,46.94,46.94,55202
2010-08-13 15:00:00,46.9317,46.95,46.88,46.91,47365
2010-08-13 15:15:00,46.91,46.935,46.89,46.92,43553
2010-08-13 15:30:00,46.915,46.95,46.9,46.93,65015
2010-08-13 15:45:00,46.935,46.95,46.9,46.94,160475
2010-08-13 16:00:00,46.94,46.945,46.79,46.81,181444
2010-08-16 09:45:00,46.59,46.84,46.52,46.72,27021
2010-08-16 10:00:00,46.72,46.8,46.66,46.8,14978
2010-08-16 10:15:00,46.81,47.07,46.79,47.01,83479
2010-08-16 10:30:00,47.03,47.18,47.0,47.0,42467
2010-08-16 10:45:00,47.02,47.11,47.02,47.1,22362
2010-08-16 11:00:00,47.1,47.1,46.99,47.0805,14869
2010-08-16 11:15:00,47.1,47.1,47.0,47.06,36955
2010-08-16 11:30:00,47.06,47.08,47.0,47.03,13872
2010-08-16 11:45:00,47.03,47.14,47.02,47.04,18996
2010-08-16 12:00:00,47.04,47.06,47.01,47.04,9985
2010-08-16 12:15:00,47.03,47.07,47.0,47.02,21248
2010-08-16 12:30:00,47.02,47.05,47.01,47.05,12505
2010-08-16 12:45:00,47.05,47.06,47.01,47.04,16602
2010-08-16 13:00:00,47.04,47.06,46.99,47.01,40510
2010-08-16 13:15:00,47.02,47.05,47.0,47.0,11300
2010-08-16 13:30:00,47.02,47.02,46.94,46.9925,28577
2010-08-16 13:45:00,47.0,47.05,47.0,47.0425,25518
2010-08-16 14:00:00,47.05,47.07,47.015,47.06,45561
2010-08-16 14:15:00,47.05,47.13,47.04,47.0901,51934
2010-08-16 14:30:00,47.1,47.11,47.06,47.0801,44877
2010-08-16 14:45:00,47.07,47.15,47.07,47.13,58367
2010-08-16 15:00:00,47.14,47.18,47.0,47.09,111977
2010-08-16 15:15:00,47.08,47.11,46.99,46.9901,146859
2010-08-16 15:30:00,46.99,47.13,46.97,47.13,99943
2010-08-16 15:45:00,47.13,47.15,47.08,47.1,216874
2010-08-16 16:00:00,47.11,47.18,47.09,47.16,149797
2010-08-17 09:45:00,47.41,47.5,47.21,47.24,26036
2010-08-17 10:00:00,47.25,47.48,47.2,47.37,27290
2010-08-17 10:15:00,47.37,47.43,47.3,47.4,123729
2010-08-17 10:30:00,47.41,47.42,47.35,47.37,100674
2010-08-17 10:45:00,47.37,47.45,47.34,47.38,59844
2010-08-17 11:00:00,47.39,47.44,47.38,47.44,239224
2010-08-17 11:15:00,47.44,47.57,47.44,47.555,191665
2010-08-17 11:30:00,47.555,47.7,47.53,47.61,109791
2010-08-17 11:45:00,47.61,47.66,47.61,47.65,46391
2010-08-17 12:00:00,47.65,47.69,47.59,47.67,127861
2010-08-17 12:15:00,47.67,47.73,47.67,47.68,39696
2010-08-17 12:30:00,47.68,47.73,47.64,47.68,51942
2010-08-17 12:45:00,47.68,47.7,47.66,47.66,46672
2010-08-17 13:00:00,47.66,47.69,47.64,47.69,30423
2010-08-17 13:15:00,47.68,47.7,47.66,47.69,30252
2010-08-17 13:30:00,47.68,47.72,47.66,47.7,111418
2010-08-17 13:45:00,47.7,47.84,47.69,47.84,260995
2010-08-17 14:00:00,47.85,47.88,47.76,47.8,91305
2010-08-17 14:15:00,47.8,47.965,47.8,47.94,32424
2010-08-17 14:30:00,47.95,48.01,47.93,47.96,74017
2010-08-17 14:45:00,47.97,48.0,47.96,48.0,30834
2010-08-17 15:00:00,47.9925,48.01,47.94,47.95,125299
2010-08-17 15:15:00,47.955,47.9599,47.87,47.9,48142
2010-08-17 15:30:00,47.895,48.0,47.895,48.0,56571
2010-08-17 15:45:00,47.995,47.995,47.89,47.945,104720
2010-08-17 16:00:00,47.94,47.95,47.75,47.79,161882
2010-08-18 09:45:00,47.85,47.85,47.51,47.7,63086
2010-08-18 10:00:00,47.66,47.73,47.64,47.6801,100551
2010-08-18 10:15:00,47.7,48.01,47.68,47.93,91969
2010-08-18 10:30:00,47.93,47.97,47.73,47.78,28389
2010-08-18 10:45:00,47.78,47.97,47.78,47.84,31625
2010-08-18 11:00:00,47.85,47.95,47.8,47.95,32088
2010-08-18 11:15:00,47.96,48.01,47.9501,47.985,119412
2010-08-18 11:30:00,47.99,48.01,47.93,47.99,73643
2010-08-18 11:45:00,48.0,48.2,47.9899,48.2,66990
2010-08-18 12:00:00,48.195,48.28,48.17,48.24,39197
2010-08-18 12:15:00,48.23,48.24,48.16,48.2,23409
2010-08-18 12:30:00,48.2,48.22,48.193999999999996,48.205,30502
2010-08-18 12:45:00,48.21,48.22,48.125,48.2,27447
2010-08-18 13:00:00,48.19,48.355,48.18,48.33,38507
2010-08-18 13:15:00,48.33,48.45,48.28,48.35,65483
2010-08-18 13:30:00,48.35,48.37,48.18,48.21,40860
2010-08-18 13:45:00,48.21,48.25,48.09,48.17,36536
2010-08-18 14:00:00,48.18,48.18,48.13,48.135,21797
2010-08-18 14:15:00,48.15,48.16,48.04,48.06,27084
2010-08-18 14:30:00,48.05,48.1,48.04,48.07,33184
2010-08-18 14:45:00,48.08,48.18,48.075,48.11,58765
2010-08-18 15:00:00,48.11,48.12,48.045,48.07,38714
2010-08-18 15:15:00,48.07,48.11,47.93,47.96,52566
2010-08-18 15:30:00,47.95,48.03,47.91,47.98,51798
2010-08-18 15:45:00,47.98,48.1,47.94,48.07,81983
2010-08-18 16:00:00,48.08,48.17,48.06,48.08,163000
2010-08-19 09:45:00,47.75,48.04,47.38,47.98,27742
2010-08-19 10:00:00,47.98,48.0,47.75,47.79,18790
2010-08-19 10:15:00,47.77,47.77,47.39,47.67,85743
2010-08-19 10:30:00,47.67,47.84,47.67,47.83,74573
2010-08-19 10:45:00,47.82,47.84,47.53,47.6,44638
2010-08-19 11:00:00,47.6,47.63,47.51,47.58,29989
2010-08-19 11:15:00,47.61,47.63,47.4601,47.51,29598
2010-08-19 11:30:00,47.49,47.55,47.47,47.47,12314
2010-08-19 11:45:00,47.46,47.46,47.24,47.24,37178
2010-08-19 12:00:00,47.25,47.25,47.15,47.25,25926
2010-08-19 12:15:00,47.25,47.41,47.25,47.3,22262
2010-08-19 12:30:00,47.28,47.47,47.28,47.45,14338
2010-08-19 12:45:00,47.44,47.61,47.44,47.6,35937
2010-08-19 13:00:00,47.59,47.65,47.52,47.59,29361
2010-08-19 13:15:00,47.61,47.67,47.54,47.55,16259
2010-08-19 13:30:00,47.55,47.55,47.42,47.43,19100
2010-08-19 13:45:00,47.44,47.47,47.4,47.4,11182
2010-08-19 14:00:00,47.39,47.4,47.33,47.33,12300
2010-08-19 14:15:00,47.33,47.35,47.25,47.35,19387
2010-08-19 14:30:00,47.36,47.44,47.31,47.39,12993
2010-08-19 14:45:00,47.38,47.48,47.37,47.403999999999996,26657
2010-08-19 15:00:00,47.41,47.43,47.37,47.4,22699
2010-08-19 15:15:00,47.41,47.52,47.38,47.52,32023
2010-08-19 15:30:00,47.52,47.69,47.52,47.66,91845
2010-08-19 15:45:00,47.66,47.7,47.5,47.52,52784
2010-08-19 16:00:00,47.52,47.55,47.45,47.46,109537
2010-08-20 09:45:00,47.29,47.5,47.06,47.32,181011
2010-08-20 10:00:00,47.32,47.33,47.14,47.28,21143
2010-08-20 10:15:00,47.26,47.35,47.08,47.09,28863
2010-08-20 10:30:00,47.11,47.21,47.04,47.07,25104
2010-08-20 10:45:00,47.08,47.26,47.078,47.23,24182
2010-08-20 11:00:00,47.21,47.22,47.09,47.11,18187
2010-08-20 11:15:00,47.12,47.1299,47.05,47.07,25865
2010-08-20 11:30:00,47.08,47.125,47.03,47.04,17971
2010-08-20 11:45:00,47.04,47.14,46.95,47.14,17242
2010-08-20 12:00:00,47.14,47.16,46.96,46.98,21722
2010-08-20 12:15:00,46.99,47.15,46.99,47.1,19224
2010-08-20 12:30:00,47.1,47.23,47.07,47.2,24628
2010-08-20 12:45:00,47.2,47.23,47.18,47.22,9030
2010-08-20 13:00:00,47.21,47.375,47.21,47.35,31406
2010-08-20 13:15:00,47.36,47.47,47.35,47.44,61628
2010-08-20 13:30:00,47.45,47.555,47.42,47.52,25059
2010-08-20 13:45:00,47.51,47.52,47.46,47.5,22766
2010-08-20 14:00:00,47.5,47.565,47.5,47.52,24447
2010-08-20 14:15:00,47.53,47.6,47.49,47.6,18646
2010-08-20 14:30:00,47.6,47.66,47.58,47.62,34559
2010-08-20 14:45:00,47.62,47.76,47.6,47.74,45783
2010-08-20 15:00:00,47.74,47.78,47.71,47.73,64959
2010-08-20 15:15:00,47.72,47.76,47.69,47.75,44384
2010-08-20 15:30:00,47.74,47.76,47.61,47.68,41389
2010-08-20 15:45:00,47.69,47.79,47.68,47.76,54959
2010-08-20 16:00:00,47.76,47.84,47.725,47.82,180727
2010-08-23 09:45:00,47.81,48.02,47.75,47.81,60297
2010-08-23 10:00:00,47.88,48.01,47.845,47.9,42645
2010-08-23 10:15:00,47.92,47.93,47.57,47.58,35569
2010-08-23 10:30:00,47.57,47.64,47.51,47.63,26683
2010-08-23 10:45:00,47.65,47.74,47.56,47.565,29949
2010-08-23 11:00:00,47.56,47.6,47.47,47.54,47002
2010-08-23 11:15:00,47.55,47.56,47.4,47.52,26917
2010-08-23 11:30:00,47.54,47.54,47.42,47.51,27438
2010-08-23 11:45:00,47.5,47.59,47.5,47.59,11863
2010-08-23 12:00:00,47.6,47.64,47.55,47.57,46223
2010-08-23 12:15:00,47.58,47.72,47.58,47.71,8363
2010-08-23 12:30:00,47.74,47.75,47.63,47.75,57496
2010-08-23 12:45:00,47.74,47.78,47.62,47.69,14300
2010-08-23 13:00:00,47.7,47.7,47.49,47.5,28417
2010-08-23 13:15:00,47.5,47.55,47.46,47.55,16625
2010-08-23 13:30:00,47.54,47.61,47.51,47.568000000000005,13137
2010-08-23 13:45:00,47.56,47.57,47.45,47.57,14005
2010-08-23 14:00:00,47.57,47.59,47.49,47.57,15882
2010-08-23 14:15:00,47.57,47.69,47.5599,47.63,15625
2010-08-23 14:30:00,47.65,47.67,47.48,47.505,18884
2010-08-23 14:45:00,47.51,47.61,47.5,47.51,13312
2010-08-23 15:00:00,47.5,47.57,47.5,47.53,22418
2010-08-23 15:15:00,47.53,47.575,47.49,47.51,25100
2010-08-23 15:30:00,47.52,47.55,47.37,47.41,100024
2010-08-23 15:45:00,47.41,47.42,47.25,47.27,63751
2010-08-23 16:00:00,47.27,47.27,47.06,47.1,240619
2010-08-24 09:45:00,46.77,46.77,46.33,46.63,50648
2010-08-24 10:00:00,46.63,46.7399,46.35,46.36,56182
2010-08-24 10:15:00,46.38,46.49,46.09,46.43,43177
2010-08-24 10:30:00,46.44,46.77,46.44,46.61,25204
2010-08-24 10:45:00,46.64,46.64,46.44,46.525,19999
2010-08-24 11:00:00,46.53,46.73,46.51,46.73,14884
2010-08-24 11:15:00,46.73,46.94,46.73,46.93,57460
2010-08-24 11:30:00,46.93,47.07,46.8925,47.06,29594
2010-08-24 11:45:00,47.07,47.24,47.06,47.21,30923
2010-08-24 12:00:00,47.21,47.21,47.12,47.15,29424
2010-08-24 12:15:00,47.15,47.23,47.121,47.19,29178
2010-08-24 12:30:00,47.19,47.27,47.17,47.2,59312
2010-08-24 12:45:00,47.2,47.27,47.2,47.23,31160
2010-08-24 13:00:00,47.22,47.28,47.21,47.24,46543
2010-08-24 13:15:00,47.245,47.28,47.2,47.24,43938
2010-08-24 13:30:00,47.26,47.41,47.24,47.41,18200
2010-08-24 13:45:00,47.405,47.41,47.22,47.22,30583
2010-08-24 14:00:00,47.215,47.26,47.2,47.22,36780
2010-08-24 14:15:00,47.21,47.26,47.18,47.25,35746
2010-08-24 14:30:00,47.26,47.33,47.26,47.27,28454
2010-08-24 14:45:00,47.27,47.32,47.23,47.27,31353
2010-08-24 15:00:00,47.26,47.3,47.22,47.29,20449
2010-08-24 15:15:00,47.3,47.39,47.25,47.39,52628
2010-08-24 15:30:00,47.38,47.48,47.32,47.4,26813
2010-08-24 15:45:00,47.39,47.44,47.305,47.36,91486
2010-08-24 16:00:00,47.36,47.36,47.105,47.17,128217
2010-08-25 09:45:00,47.0,47.35,46.91,47.25,46889
2010-08-25 10:00:00,47.25,47.27,46.97,47.09,41365
2010-08-25 10:15:00,47.07,47.22,46.88,47.18,48390
2010-08-25 10:30:00,47.16,47.21,46.98,47.02,17610
2010-08-25 10:45:00,47.02,47.06,46.92,46.955,20775
2010-08-25 11:00:00,46.95,47.07,46.92,47.04,33565
2010-08-25 11:15:00,47.04,47.16,47.01,47.16,85071
2010-08-25 11:30:00,47.2,47.27,47.19,47.2,30561
2010-08-25 11:45:00,47.19,47.25,47.16,47.23,18868
2010-08-25 12:00:00,47.23,47.25,47.14,47.24,9829
2010-08-25 12:15:00,47.24,47.245,47.04,47.04,40321
2010-08-25 12:30:00,47.04,47.065,46.99,47.05,6126
2010-08-25 12:45:00,47.03,47.05,46.89,46.9,29119
2010-08-25 13:00:00,46.9,46.92,46.85,46.87,26355
2010-08-25 13:15:00,46.86,47.05,46.84,47.05,25363
2010-08-25 13:30:00,47.05,47.07,46.97,47.02,62192
2010-08-25 13:45:00,47.02,47.1,47.02,47.1,10945
2010-08-25 14:00:00,47.09,47.17,47.08,47.09,14026
2010-08-25 14:15:00,47.08,47.2,47.07,47.15,21964
2010-08-25 14:30:00,47.17,47.19,47.14,47.19,22219
2010-08-25 14:45:00,47.21,47.27,47.14,47.21,69513
2010-08-25 15:00:00,47.21,47.33,47.21,47.31,27526
2010-08-25 15:15:00,47.32,47.34,47.27,47.32,16363
2010-08-25 15:30:00,47.32,47.33,47.14,47.26,22382
2010-08-25 15:45:00,47.25,47.44,47.25,47.43,70550
2010-08-25 16:00:00,47.43,47.5,47.28,47.36,73298
2010-08-26 09:45:00,47.45,47.46,47.19,47.37,30441
2010-08-26 10:00:00,47.3701,47.49,47.18,47.49,18693
2010-08-26 10:15:00,47.47,47.6,47.46,47.49,12504
2010-08-26 10:30:00,47.48,47.51,47.32,47.38,19272
2010-08-26 10:45:00,47.4,47.54,47.38,47.41,10029
2010-08-26 11:00:00,47.42,47.53,47.32,47.52,18300
2010-08-26 11:15:00,47.5,47.52,47.365,47.5,87531
2010-08-26 11:30:00,47.47,47.6,47.46,47.59,18729
2010-08-26 11:45:00,47.6,47.6,47.46,47.52,12688
2010-08-26 12:00:00,47.53,47.58,47.45,47.553999999999995,11839
2010-08-26 12:15:00,47.56,47.56,47.51,47.54,4398
2010-08-26 12:30:00,47.54,47.6,47.48,47.59,5327
2010-08-26 12:45:00,47.58,47.6,47.5,47.54,10800
2010-08-26 13:00:00,47.54,47.59,47.45,47.54,27650
2010-08-26 13:15:00,47.55,47.57,47.48,47.485,16485
2010-08-26 13:30:00,47.49,47.57,47.49,47.57,12128
2010-08-26 13:45:00,47.56,47.6,47.54,47.54,9700
2010-08-26 14:00:00,47.55,47.56,47.42,47.45,24323
2010-08-26 14:15:00,47.45,47.501000000000005,47.37,47.42,38615
2010-08-26 14:30:00,47.42,47.425,47.3,47.33,34621
2010-08-26 14:45:00,47.32,47.395,47.27,47.35,20800
2010-08-26 15:00:00,47.36,47.365,47.23,47.28,32132
2010-08-26 15:15:00,47.28,47.34,47.23,47.31,30757
2010-08-26 15:30:00,47.32,47.435,47.31,47.31,24235
2010-08-26 15:45:00,47.3,47.4592,47.27,47.445,29339
2010-08-26 16:00:00,47.44,47.44,47.21,47.21,84982
2010-08-27 09:45:00,47.43,47.55,47.27,47.29,18137
2010-08-27 10:00:00,47.26,47.4,47.04,47.04,12739
2010-08-27 10:15:00,47.13,47.4,46.89,47.35,35232
2010-08-27 10:30:00,47.32,47.58,47.27,47.51,23257
2010-08-27 10:45:00,47.51,47.56,47.47,47.51,22332
2010-08-27 11:00:00,47.5,47.5,47.36,47.38,7974
2010-08-27 11:15:00,47.4189,47.67,47.41,47.64,21307
2010-08-27 11:30:00,47.66,47.67,47.6,47.63,45276
2010-08-27 11:45:00,47.64,47.68,47.52,47.56,20301
2010-08-27 12:00:00,47.5596,47.65,47.48,47.51,22506
2010-08-27 12:15:00,47.53,47.6,47.51,47.59,4800
2010-08-27 12:30:00,47.59,47.65,47.58,47.62,12597
2010-08-27 12:45:00,47.63,47.67,47.39,47.39,10523
2010-08-27 13:00:00,47.39,47.44,47.2501,47.26,9047
2010-08-27 13:15:00,47.29,47.42,47.27,47.27,8311
2010-08-27 13:30:00,47.29,47.43,47.29,47.42,27378
2010-08-27 13:45:00,47.41,47.52,47.41,47.45,10539
2010-08-27 14:00:00,47.45,47.63,47.45,47.58,7500
2010-08-27 14:15:00,47.61,47.69,47.54,47.62,14355
2010-08-27 14:30:00,47.62,47.69,47.59,47.67,8253
2010-08-27 14:45:00,47.69,47.77,47.67,47.76,20533
2010-08-27 15:00:00,47.76,47.775,47.629,47.67,20358
2010-08-27 15:15:00,47.68,47.72,47.63,47.7,26606
2010-08-27 15:30:00,47.7,47.72,47.62,47.69,25445
2010-08-27 15:45:00,47.69,47.72,47.61,47.67,30042
2010-08-27 16:00:00,47.66,47.68,47.565,47.6,97469
2010-08-30 09:45:00,47.45,47.53,47.23,47.52,20629
2010-08-30 10:00:00,47.53,47.57,47.35,47.46,8838
2010-08-30 10:15:00,47.44,47.5,47.27,47.42,27862
2010-08-30 10:30:00,47.42,47.42,47.15,47.18,14700
2010-08-30 10:45:00,47.17,47.27,47.11,47.26,9957
2010-08-30 11:00:00,47.27,47.38,47.27,47.32,10840
2010-08-30 11:15:00,47.32,47.405,47.245,47.31,31105
2010-08-30 11:30:00,47.3,47.38,47.23,47.27,22341
2010-08-30 11:45:00,47.2601,47.3,47.07,47.09,10831
2010-08-30 12:00:00,47.09,47.16,47.07,47.15,8876
2010-08-30 12:15:00,47.15,47.1698,47.11,47.11,3505
2010-08-30 12:30:00,47.12,47.17,47.09,47.12,8531
2010-08-30 12:45:00,47.14,47.24,47.14,47.23,10305
2010-08-30 13:00:00,47.24,47.31,47.23,47.24,16464
2010-08-30 13:15:00,47.24,47.24,47.18,47.18,7300
2010-08-30 13:30:00,47.15,47.22,47.09,47.12,20649
2010-08-30 13:45:00,47.11,47.14,47.06,47.11,15699
2010-08-30 14:00:00,47.11,47.11,47.01,47.05,7654
2010-08-30 14:15:00,47.05,47.1099,47.03,47.08,28455
2010-08-30 14:30:00,47.06,47.12,47.04,47.12,10350
2010-08-30 14:45:00,47.12,47.21,47.1,47.17,10500
2010-08-30 15:00:00,47.2,47.2,47.11,47.12,17470
2010-08-30 15:15:00,47.13,47.17,47.08,47.085,30670
2010-08-30 15:30:00,47.07,47.11,47.01,47.07,21768
2010-08-30 15:45:00,47.06,47.16,47.03,47.12,49216
2010-08-30 16:00:00,47.11,47.12,46.93,46.93,98816
2010-08-31 09:45:00,46.87,46.94,46.56,46.9,27606
2010-08-31 10:00:00,46.92,47.15,46.81,46.86,20551
2010-08-31 10:15:00,46.91,47.24,46.9,47.22,14786
2010-08-31 10:30:00,47.22,47.28,47.05,47.24,25365
2010-08-31 10:45:00,47.25,47.33,47.02,47.08,65635
2010-08-31 11:00:00,47.1,47.23,47.09,47.16,23023
2010-08-31 11:15:00,47.14,47.19,47.04,47.04,15569
2010-08-31 11:30:00,47.075,47.16,46.99,47.09,12598
2010-08-31 11:45:00,47.04,47.22,47.04,47.13,17601
2010-08-31 12:00:00,47.11,47.29,47.08,47.21,10600
2010-08-31 12:15:00,47.22,47.27,47.14,47.19,13349
2010-08-31 12:30:00,47.17,47.21,47.14,47.19,16492
2010-08-31 12:45:00,47.18,47.22,47.08,47.12,12976
2010-08-31 13:00:00,47.13,47.16,46.98,46.99,12264
2010-08-31 13:15:00,46.99,47.14,46.98,47.11,12256
2010-08-31 13:30:00,47.09,47.17,47.0601,47.13,8799
2010-08-31 13:45:00,47.14,47.15,47.04,47.05,25379
2010-08-31 14:00:00,47.05,47.08,47.0,47.04,13233
2010-08-31 14:15:00,47.01,47.06,46.93,47.06,32605
2010-08-31 14:30:00,47.02,47.02,46.81,46.92,28554
2010-08-31 14:45:00,46.92,46.99,46.9,46.9,71849
2010-08-31 15:00:00,46.86,46.9,46.74,46.88,28424
2010-08-31 15:15:00,46.88,47.03,46.88,46.95,92808
2010-08-31 15:30:00,46.95,47.06,46.94,47.01,67012
2010-08-31 15:45:00,47.0,47.14,46.94,47.11,132035
2010-08-31 16:00:00,47.095,47.37,47.095,47.26,403273
2010-09-01 09:45:00,47.5,48.01,47.5,47.75,91676
2010-09-01 10:00:00,47.772,47.95,47.76,47.94,42674
2010-09-01 10:15:00,47.95,48.55,47.94,48.45,127244
2010-09-01 10:30:00,48.45,48.59,48.45,48.55,71391
2010-09-01 10:45:00,48.54,48.59,48.4901,48.54,87554
2010-09-01 11:00:00,48.54,49.0,48.49,48.79,59183
2010-09-01 11:15:00,48.78,48.8,48.65,48.79,39102
2010-09-01 11:30:00,48.79,48.79,48.65,48.66,39848
2010-09-01 11:45:00,48.67,48.72,48.595,48.63,31074
2010-09-01 12:00:00,48.625,48.74,48.61,48.67,42965
2010-09-01 12:15:00,48.68,48.75,48.67,48.74,48103
2010-09-01 12:30:00,48.7409,48.75,48.62,48.646,52204
2010-09-01 12:45:00,48.64,48.66,48.6,48.65,28992
2010-09-01 13:00:00,48.65,48.66,48.58,48.6,39305
2010-09-01 13:15:00,48.6,48.68,48.56,48.67,14406
2010-09-01 13:30:00,48.67,48.68,48.64,48.67,13637
2010-09-01 13:45:00,48.65,48.68,48.63,48.67,26658
2010-09-01 14:00:00,48.67,48.751999999999995,48.575,48.59,34794
2010-09-01 14:15:00,48.59,48.59,48.47,48.49,43534
2010-09-01 14:30:00,48.4825,48.53,48.42,48.48,32701
2010-09-01 14:45:00,48.4825,48.5292,48.41,48.47,46500
2010-09-01 15:00:00,48.45,48.51,48.44,48.51,26394
2010-09-01 15:15:00,48.5,48.66,48.47,48.65,37221
2010-09-01 15:30:00,48.64,48.7,48.6,48.66,47004
2010-09-01 15:45:00,48.66,48.77,48.62,48.76,101346
2010-09-01 16:00:00,48.765,48.88,48.765,48.85,234060
2010-09-02 09:45:00,48.57,49.23,48.57,49.05,91127
2010-09-02 10:00:00,49.05,49.24,48.97,49.11,94499
2010-09-02 10:15:00,49.13,49.27,49.1,49.18,83817
2010-09-02 10:30:00,49.15,49.22,49.08,49.1702,36338
2010-09-02 10:45:00,49.19,49.21,49.11,49.16,39188
2010-09-02 11:00:00,49.16,49.31,49.09,49.27,54810
2010-09-02 11:15:00,49.27,49.368,49.24,49.25,26060
2010-09-02 11:30:00,49.2526,49.33,49.195,49.253,52634
2010-09-02 11:45:00,49.25,49.26,49.17,49.23,48651
2010-09-02 12:00:00,49.2299,49.28,49.165,49.17,44099
2010-09-02 12:15:00,49.18,49.18,49.09,49.12,50715
2010-09-02 12:30:00,49.11,49.11,48.98,48.99,39073
2010-09-02 12:45:00,48.99,49.01,48.935,48.94,26950
2010-09-02 13:00:00,48.933,48.99,48.86,48.95,48980
2010-09-02 13:15:00,48.9575,48.9575,48.9,48.91,29011
2010-09-02 13:30:00,48.91,48.96,48.89,48.91,31226
2010-09-02 13:45:00,48.895,48.98,48.89,48.933,30499
2010-09-02 14:00:00,48.93,48.98,48.885,48.96,41200
2010-09-02 14:15:00,48.97,49.21,48.955,49.17,33422
2010-09-02 14:30:00,49.16,49.26,49.14,49.17,26783
2010-09-02 14:45:00,49.18,49.31,49.18,49.29,18977
2010-09-02 15:00:00,49.29,49.375,49.29,49.35,26223
2010-09-02 15:15:00,49.36,49.42,49.33,49.4,37330
2010-09-02 15:30:00,49.4,49.52,49.3747,49.52,69741
2010-09-02 15:45:00,49.52,49.58,49.5,49.55,93026
2010-09-02 16:00:00,49.56,49.65,49.56,49.65,142447
2010-09-03 09:45:00,49.83,50.44,49.83,50.27,138661
2010-09-03 10:00:00,50.27,50.4,50.17,50.35,34448
2010-09-03 10:15:00,50.36,50.36,49.87,49.9,79137
2010-09-03 10:30:00,49.9,50.04,49.73,49.78,38060
2010-09-03 10:45:00,49.765,49.85,49.63,49.785,64622
2010-09-03 11:00:00,49.785,49.79,49.54,49.58,29126
2010-09-03 11:15:00,49.58,49.68,49.53,49.68,16242
2010-09-03 11:30:00,49.68,49.75,49.62,49.64,20830
2010-09-03 11:45:00,49.63,49.6798,49.59,49.6798,9002
2010-09-03 12:00:00,49.68,49.75,49.64,49.72,19908
2010-09-03 12:15:00,49.71,49.81,49.7,49.7564,29966
2010-09-03 12:30:00,49.756,49.78,49.7,49.73,34567
2010-09-03 12:45:00,49.72,49.83,49.71,49.745,28099
2010-09-03 13:00:00,49.73,49.89,49.71,49.84,19733
2010-09-03 13:15:00,49.84,49.925,49.84,49.895,20238
2010-09-03 13:30:00,49.91,49.94,49.83,49.865,24132
2010-09-03 13:45:00,49.87,49.97,49.8,49.925,31322
2010-09-03 14:00:00,49.92,49.95,49.85,49.93,34000
2010-09-03 14:15:00,49.93,49.93,49.83,49.83,11123
2010-09-03 14:30:00,49.83,49.91,49.82,49.86,10495
2010-09-03 14:45:00,49.86,49.98,49.85,49.9,72495
2010-09-03 15:00:00,49.91,49.93,49.8,49.8,18983
2010-09-03 15:15:00,49.8,49.81,49.75,49.8,16850
2010-09-03 15:30:00,49.79,49.92,49.78,49.92,19609
2010-09-03 15:45:00,49.93,50.0,49.85,50.0,54332
2010-09-03 16:00:00,49.99,50.13,49.96,50.13,112298
2010-09-07 09:45:00,50.29,50.31,49.87,50.03,83685
2010-09-07 10:00:00,50.04,50.05,49.68,49.71,39031
2010-09-07 10:15:00,49.73,50.01,49.72,49.8,46920
2010-09-07 10:30:00,49.81,49.84,49.66,49.6801,40956
2010-09-07 10:45:00,49.69,49.74,49.6,49.69,36272
2010-09-07 11:00:00,49.69,49.7,49.48,49.55,29424
2010-09-07 11:15:00,49.545,49.63,49.53,49.55,20328
2010-09-07 11:30:00,49.57,49.72,49.545,49.72,18540
2010-09-07 11:45:00,49.73,49.78,49.64,49.67,20275
2010-09-07 12:00:00,49.67,49.72,49.58,49.72,12381
2010-09-07 12:15:00,49.73,49.78,49.66,49.66,20104
2010-09-07 12:30:00,49.66,49.7,49.59,49.625,27482
2010-09-07 12:45:00,49.62,49.66,49.56,49.66,27110
2010-09-07 13:00:00,49.66,49.755,49.65,49.74,31986
2010-09-07 13:15:00,49.73,49.82,49.693000000000005,49.82,23272
2010-09-07 13:30:00,49.82,49.87,49.8,49.84,40675
2010-09-07 13:45:00,49.82,49.88,49.82,49.865,21203
2010-09-07 14:00:00,49.88,49.93,49.87,49.923,35954
2010-09-07 14:15:00,49.93,49.93,49.82,49.83,32766
2010-09-07 14:30:00,49.83,49.87,49.7899,49.8,38371
2010-09-07 14:45:00,49.8005,49.82,49.77,49.78,34730
2010-09-07 15:00:00,49.78,49.81,49.7,49.71,58067
2010-09-07 15:15:00,49.71,49.78,49.68,49.71,38606
2010-09-07 15:30:00,49.7,49.73,49.6,49.69,64066
2010-09-07 15:45:00,49.7,49.73,49.68,49.68,81962
2010-09-07 16:00:00,49.69,49.7,49.53,49.58,84300
2010-09-08 09:45:00,49.67,49.8,49.55,49.65,42194
2010-09-08 10:00:00,49.65,49.82,49.63,49.82,22107
2010-09-08 10:15:00,49.82,49.93,49.7,49.85,21140
2010-09-08 10:30:00,49.84,49.85,49.68,49.7,31485
2010-09-08 10:45:00,49.68,49.84,49.67,49.82,17509
2010-09-08 11:00:00,49.82,49.82,49.73,49.73,28437
2010-09-08 11:15:00,49.72,49.82,49.7,49.82,33718
2010-09-08 11:30:00,49.84,49.88,49.77,49.84,17228
2010-09-08 11:45:00,49.85,49.9,49.7601,49.79,24590
2010-09-08 12:00:00,49.79,49.82,49.76,49.81,10155
2010-09-08 12:15:00,49.82,49.87,49.82,49.855,12250
2010-09-08 12:30:00,49.865,49.97,49.76,49.97,60798
2010-09-08 12:45:00,49.97,49.98,49.91,49.96,13224
2010-09-08 13:00:00,49.96,49.97,49.89,49.97,17831
2010-09-08 13:15:00,49.97,49.99,49.91,49.99,13506
2010-09-08 13:30:00,49.99,50.0,49.94,49.97,13413
2010-09-08 13:45:00,49.97,50.07,49.97,49.98,79805
2010-09-08 14:00:00,49.97,50.04,49.94,50.03,35425
2010-09-08 14:15:00,50.015,50.0901,49.99,50.0901,77375
2010-09-08 14:30:00,50.1,50.16,50.07,50.119,23342
2010-09-08 14:45:00,50.11,50.18,50.08,50.18,15792
2010-09-08 15:00:00,50.18,50.19,50.12,50.165,21385
2010-09-08 15:15:00,50.16,50.27,50.16,50.238,25140
2010-09-08 15:30:00,50.24,50.28,50.17,50.17,36547
2010-09-08 15:45:00,50.17,50.295,50.12,50.155,66806
2010-09-08 16:00:00,50.15,50.25,50.105,50.25,136082
2010-09-09 09:45:00,50.6,50.9399,50.21,50.23,49484
2010-09-09 10:00:00,50.23,50.24,50.08,50.15,29208
2010-09-09 10:15:00,50.165,50.21,49.979,50.025,110322
2010-09-09 10:30:00,50.03,50.17,49.97,50.16,19884
2010-09-09 10:45:00,50.148999999999994,50.17,50.05,50.12,17543
2010-09-09 11:00:00,50.12,50.14,50.03,50.04,10450
2010-09-09 11:15:00,50.03,50.155,50.03,50.12,24100
2010-09-09 11:30:00,50.13,50.27,50.13,50.27,18783
2010-09-09 11:45:00,50.2565,50.3,50.23,50.29,18672
2010-09-09 12:00:00,50.29,50.3,50.16,50.2,38553
2010-09-09 12:15:00,50.21,50.29,50.17,50.17,31708
2010-09-09 12:30:00,50.17,50.21,50.145,50.18,17153
2010-09-09 12:45:00,50.17,50.22,50.17,50.19,7731
2010-09-09 13:00:00,50.17,50.17,49.95,49.95,22986
2010-09-09 13:15:00,49.93,50.04,49.86,49.86,13526
2010-09-09 13:30:00,49.85,49.995,49.85,49.9,10310
2010-09-09 13:45:00,49.9,50.02,49.85,49.98,12471
2010-09-09 14:00:00,49.99,50.04,49.87,49.88,15966
2010-09-09 14:15:00,49.9,49.94,49.8,49.865,22769
2010-09-09 14:30:00,49.87,49.88,49.8044,49.87,21254
2010-09-09 14:45:00,49.88,50.031000000000006,49.875,50.025,61612
2010-09-09 15:00:00,50.023,50.11,49.96,50.03,54062
2010-09-09 15:15:00,50.03,50.1,50.005,50.09,41144
2010-09-09 15:30:00,50.09,50.23,50.085,50.21,55803
2010-09-09 15:45:00,50.21,50.27,50.19,50.2,156569
2010-09-09 16:00:00,50.1999,50.21,50.06,50.16,155015
2010-09-10 09:45:00,50.08,50.315,50.02,50.19,41989
2010-09-10 10:00:00,50.18,50.5,50.13,50.41,36040
2010-09-10 10:15:00,50.37,50.45,50.3,50.41,27397
2010-09-10 10:30:00,50.42,50.5,50.39,50.435,22001
2010-09-10 10:45:00,50.45,50.54,50.42,50.46,17194
2010-09-10 11:00:00,50.45,50.47,50.32,50.415,23257
2010-09-10 11:15:00,50.41,50.42,50.33,50.395,37064
2010-09-10 11:30:00,50.39,50.4,50.32,50.37,4910
2010-09-10 11:45:00,50.38,50.39,50.278999999999996,50.2919,8567
2010-09-10 12:00:00,50.28,50.28,50.19,50.22,5401
2010-09-10 12:15:00,50.21,50.23,50.14,50.19,16428
2010-09-10 12:30:00,50.2,50.23,50.19,50.21,6895
2010-09-10 12:45:00,50.185,50.24,50.12,50.23,7815
2010-09-10 13:00:00,50.25,50.3,50.24,50.24,6559
2010-09-10 13:15:00,50.24,50.2525,50.18,50.23,15071
2010-09-10 13:30:00,50.22,50.24,50.202,50.24,8850
2010-09-10 13:45:00,50.24,50.25,50.18,50.19,40189
2010-09-10 14:00:00,50.19,50.2,50.09,50.12,26085
2010-09-10 14:15:00,50.1101,50.2,50.1,50.2,13455
2010-09-10 14:30:00,50.2,50.24,50.16,50.22,22765
2010-09-10 14:45:00,50.22,50.24,50.14,50.18,49186
2010-09-10 15:00:00,50.18,50.18,50.095,50.118,26100
2010-09-10 15:15:00,50.12,50.13,50.02,50.06,68033
2010-09-10 15:30:00,50.0507,50.1,49.98,50.1,45689
2010-09-10 15:45:00,50.09,50.12,50.0,50.02,35917
2010-09-10 16:00:00,50.02,50.13,50.01,50.1,62849
2010-09-13 09:45:00,50.27,50.5,50.17,50.47,35526
2010-09-13 10:00:00,50.48,50.505,50.36,50.39,23994
2010-09-13 10:15:00,50.39,50.55,50.34,50.49,36747
2010-09-13 10:30:00,50.47,50.55,50.41,50.53,19835
2010-09-13 10:45:00,50.57,50.68,50.51,50.65,28902
2010-09-13 11:00:00,50.69,50.78,50.68,50.72,18784
2010-09-13 11:15:00,50.7,50.74,50.67,50.67,51694
2010-09-13 11:30:00,50.68,50.71,50.66,50.67,16065
2010-09-13 11:45:00,50.68,50.68,50.54,50.54,28444
2010-09-13 12:00:00,50.535,50.65,50.535,50.64,11615
2010-09-13 12:15:00,50.64,50.68,50.63,50.68,10267
2010-09-13 12:30:00,50.68,50.68,50.56,50.62,23534
2010-09-13 12:45:00,50.61,50.67,50.55,50.67,25957
2010-09-13 13:00:00,50.665,50.71,50.66,50.68,22038
2010-09-13 13:15:00,50.69,50.75,50.69,50.75,17100
2010-09-13 13:30:00,50.75,50.85,50.73,50.81,30521
2010-09-13 13:45:00,50.81,50.905,50.77,50.9,14772
2010-09-13 14:00:00,50.9,50.98,50.9,50.94,19547
2010-09-13 14:15:00,50.94,51.0,50.85,50.98,26262
2010-09-13 14:30:00,50.9899,51.07,50.94,51.05,22863
2010-09-13 14:45:00,51.055,51.06,51.0,51.0199,10441
2010-09-13 15:00:00,51.01,51.04,50.92,50.98,15542
2010-09-13 15:15:00,50.97,50.99,50.875,50.93,19331
2010-09-13 15:30:00,50.93,51.03,50.93,51.01,21250
2010-09-13 15:45:00,51.02,51.19,50.98,51.1701,57044
2010-09-13 16:00:00,51.18,51.24,51.11,51.18,147446
2010-09-14 09:45:00,51.04,51.6,51.04,51.29,33820
2010-09-14 10:00:00,51.2301,51.59,51.2203,51.51,26668
2010-09-14 10:15:00,51.51,51.54,51.29,51.32,37857
2010-09-14 10:30:00,51.32,51.4782,51.32,51.44,12523
2010-09-14 10:45:00,51.45,51.46,51.255,51.34,28050
2010-09-14 11:00:00,51.34,51.41,51.28,51.28,60291
2010-09-14 11:15:00,51.28,51.37,51.23,51.34,65968
2010-09-14 11:30:00,51.33,51.33,51.19,51.22,27921
2010-09-14 11:45:00,51.21,51.37,51.19,51.35,19251
2010-09-14 12:00:00,51.35,51.41,51.273999999999994,51.3303,19199
2010-09-14 12:15:00,51.34,51.39,51.325,51.37,21985
2010-09-14 12:30:00,51.39,51.44,51.35,51.435,17965
2010-09-14 12:45:00,51.43,51.435,51.37,51.385,12850
2010-09-14 13:00:00,51.385,51.385,51.2,51.22,15154
2010-09-14 13:15:00,51.22,51.28,51.21,51.25,11760
2010-09-14 13:30:00,51.25,51.26,51.19,51.245,17883
2010-09-14 13:45:00,51.245,51.27,51.19,51.19,16970
2010-09-14 14:00:00,51.19,51.24,51.14,51.19,30231
2010-09-14 14:15:00,51.195,51.22,51.17,51.205,24315
2010-09-14 14:30:00,51.205,51.23,51.17,51.19,33546
2010-09-14 14:45:00,51.19,51.25,51.15,51.2,41109
2010-09-14 15:00:00,51.2,51.25,51.14,51.23,32405
2010-09-14 15:15:00,51.23,51.25,51.19,51.23,19863
2010-09-14 15:30:00,51.22,51.23,51.14,51.19,80028
2010-09-14 15:45:00,51.2,51.2,51.1,51.11,58067
2010-09-14 16:00:00,51.1,51.16,51.04,51.08,121381
2010-09-15 09:45:00,50.87,51.17,50.8,50.96,29941
2010-09-15 10:00:00,51.01,51.05,50.88,51.01,25900
2010-09-15 10:15:00,51.01,51.1,50.97,51.1,22932
2010-09-15 10:30:00,51.12,51.3,51.11,51.19,23750
2010-09-15 10:45:00,51.19,51.23,51.13,51.2299,17870
2010-09-15 11:00:00,51.23,51.26,51.176,51.26,25479
2010-09-15 11:15:00,51.26,51.27,51.115,51.13,12415
2010-09-15 11:30:00,51.13,51.1699,51.09,51.14,12068
2010-09-15 11:45:00,51.13,51.2,51.075,51.085,8958
2010-09-15 12:00:00,51.085,51.148999999999994,51.03,51.141000000000005,14685
2010-09-15 12:15:00,51.14,51.23,51.14,51.17,11000
2010-09-15 12:30:00,51.17,51.23,51.07,51.2,10607
2010-09-15 12:45:00,51.18,51.21,51.11,51.15,8235
2010-09-15 13:00:00,51.14,51.18,51.12,51.12,5745
2010-09-15 13:15:00,51.13,51.19,51.11,51.17,9485
2010-09-15 13:30:00,51.17,51.27,51.17,51.19,8769
2010-09-15 13:45:00,51.19,51.26,51.17,51.19,11289
2010-09-15 14:00:00,51.17,51.29,51.14,51.29,10379
2010-09-15 14:15:00,51.29,51.35,51.28,51.35,3532
2010-09-15 14:30:00,51.34,51.34,51.248999999999995,51.27,8557
2010-09-15 14:45:00,51.266999999999996,51.27,51.17,51.18,7666
2010-09-15 15:00:00,51.17,51.3,51.15,51.29,24505
2010-09-15 15:15:00,51.27,51.32,51.2,51.28,17840
2010-09-15 15:30:00,51.28,51.43,51.27,51.37,19785
2010-09-15 15:45:00,51.38,51.43,51.35,51.36,26357
2010-09-15 16:00:00,51.36,51.52,51.345,51.51,108326
2010-09-16 09:45:00,51.32,51.52,51.23,51.31,18201
2010-09-16 10:00:00,51.34,51.35,51.23,51.35,23830
2010-09-16 10:15:00,51.33,51.35,51.18,51.2,30850
2010-09-16 10:30:00,51.19,51.28,51.09,51.21,15060
2010-09-16 10:45:00,51.19,51.42,51.19,51.41,11934
2010-09-16 11:00:00,51.37,51.49,51.36,51.44,14700
2010-09-16 11:15:00,51.43,51.44,51.37,51.39,7000
2010-09-16 11:30:00,51.4,51.45,51.32,51.35,7582
2010-09-16 11:45:00,51.37,51.375,51.33,51.36,10747
2010-09-16 12:00:00,51.36,51.39,51.33,51.38,6029
2010-09-16 12:15:00,51.36,51.38,51.29,51.33,5100
2010-09-16 12:30:00,51.33,51.4,51.32,51.36,5651
2010-09-16 12:45:00,51.38,51.405,51.34,51.38,6149
2010-09-16 13:00:00,51.38,51.47,51.33,51.43,16348
2010-09-16 13:15:00,51.43,51.43,51.33,51.4035,35109
2010-09-16 13:30:00,51.41,51.49,51.36,51.49,19195
2010-09-16 13:45:00,51.48,51.53,51.42,51.53,15690
2010-09-16 14:00:00,51.53,51.56,51.49,51.55,14330
2010-09-16 14:15:00,51.55,51.64,51.55,51.64,28850
2010-09-16 14:30:00,51.65,51.76,51.62,51.72,27491
2010-09-16 14:45:00,51.71,51.72,51.52,51.52,19428
2010-09-16 15:00:00,51.53,51.55,51.46,51.47,15290
2010-09-16 15:15:00,51.46,51.5098,51.43,51.4568,15927
2010-09-16 15:30:00,51.45,51.54,51.438,51.54,31192
2010-09-16 15:45:00,51.54,51.59,51.47,51.55,31646
2010-09-16 16:00:00,51.55,51.65,51.5,51.65,96069
2010-09-17 09:45:00,51.84,51.88,51.37,51.44,295141
2010-09-17 10:00:00,51.44,51.77,51.4,51.44,44319
2010-09-17 10:15:00,51.428999999999995,51.7,51.42,51.68,14913
2010-09-17 10:30:00,51.67,51.91,51.65,51.85,28392
2010-09-17 10:45:00,51.84,51.97,51.81,51.955,25952
2010-09-17 11:00:00,51.96,51.97,51.92,51.95,15421
2010-09-17 11:15:00,51.96,52.0,51.94,51.96,45368
2010-09-17 11:30:00,51.95,51.98,51.87,51.87,16450
2010-09-17 11:45:00,51.88,51.88,51.67,51.75,27917
2010-09-17 12:00:00,51.74,51.8,51.72,51.78,12189
2010-09-17 12:15:00,51.7781,51.78,51.73,51.7498,6900
2010-09-17 12:30:00,51.75,51.81,51.75,51.8,9045
2010-09-17 12:45:00,51.81,51.81,51.63,51.64,22656
2010-09-17 13:00:00,51.63,51.69,51.596000000000004,51.6,11200
2010-09-17 13:15:00,51.61,51.67,51.56,51.6099,9269
2010-09-17 13:30:00,51.6,51.6,51.53,51.595,35762
2010-09-17 13:45:00,51.5901,51.65,51.59,51.61,13200
2010-09-17 14:00:00,51.6,51.73,51.6,51.67,12310
2010-09-17 14:15:00,51.66,51.755,51.66,51.74,36348
2010-09-17 14:30:00,51.75,51.9,51.75,51.85,46661
2010-09-17 14:45:00,51.85,51.995,51.81,51.98,36706
2010-09-17 15:00:00,51.98,51.98,51.84,51.86,34408
2010-09-17 15:15:00,51.85,51.86,51.75,51.77,36970
2010-09-17 15:30:00,51.77,51.835,51.7306,51.75,31044
2010-09-17 15:45:00,51.75,51.85,51.75,51.85,34587
2010-09-17 16:00:00,51.845,51.95,51.81,51.94,152887
2010-09-20 09:45:00,51.97,52.0,51.87,51.96,35905
2010-09-20 10:00:00,51.94,52.1,51.94,52.08,62603
2010-09-20 10:15:00,52.08,52.36,52.01,52.22,47081
2010-09-20 10:30:00,52.3,52.5,52.3,52.42,27159
2010-09-20 10:45:00,52.4,52.43899999999999,52.3,52.37,17033
2010-09-20 11:00:00,52.37,52.54,52.37,52.48,21641
2010-09-20 11:15:00,52.48,52.49,52.27,52.27,16362
2010-09-20 11:30:00,52.27,52.27,52.14,52.16,29145
2010-09-20 11:45:00,52.17,52.22,52.08,52.09,24671
2010-09-20 12:00:00,52.09,52.24,52.09,52.24,7864
2010-09-20 12:15:00,52.2465,52.2465,52.1,52.1289,11959
2010-09-20 12:30:00,52.13,52.18,52.111999999999995,52.12,10396
2010-09-20 12:45:00,52.12,52.15,52.095,52.13,11859
2010-09-20 13:00:00,52.13,52.19,52.11,52.17,17420
2010-09-20 13:15:00,52.155,52.22,52.155,52.18,22916
2010-09-20 13:30:00,52.18,52.25,52.16,52.25,8671
2010-09-20 13:45:00,52.24,52.335,52.1902,52.292,14414
2010-09-20 14:00:00,52.3,52.3,52.236000000000004,52.26,11677
2010-09-20 14:15:00,52.25,52.27,52.211999999999996,52.27,10800
2010-09-20 14:30:00,52.26,52.42,52.26,52.4,28537
2010-09-20 14:45:00,52.4,52.465,52.4,52.43,30330
2010-09-20 15:00:00,52.43,52.51,52.4,52.47,31886
2010-09-20 15:15:00,52.46,52.52,52.43,52.49,32094
2010-09-20 15:30:00,52.4999,52.56,52.46,52.51,43830
2010-09-20 15:45:00,52.51,52.66,52.5,52.64,62693
2010-09-20 16:00:00,52.64,52.74,52.61,52.65,133502
2010-09-21 09:45:00,52.57,52.66,51.75,52.02,80562
2010-09-21 10:00:00,52.02,52.1,51.71,51.79,39526
2010-09-21 10:15:00,51.79,52.0599,51.77,51.82,31187
2010-09-21 10:30:00,51.823,52.04,51.82,51.88,34925
2010-09-21 10:45:00,51.89,51.93,51.82,51.91,28086
2010-09-21 11:00:00,51.89,52.0,51.86,51.93,16122
2010-09-21 11:15:00,51.93,52.06,51.92,52.02,21470
2010-09-21 11:30:00,52.02,52.08,51.93,51.93,10809
2010-09-21 11:45:00,51.91,52.03,51.89,52.005,14907
2010-09-21 12:00:00,52.0,52.115,51.9,52.1,18609
2010-09-21 12:15:00,52.09,52.25,52.09,52.24,20903
2010-09-21 12:30:00,52.23,52.295,52.16,52.18,26920
2010-09-21 12:45:00,52.1818,52.24,52.17,52.225,18528
2010-09-21 13:00:00,52.22,52.2485,52.21,52.23,8854
2010-09-21 13:15:00,52.23,52.23,52.14,52.18,29040
2010-09-21 13:30:00,52.17,52.21,52.1599,52.18,8687
2010-09-21 13:45:00,52.17,52.17,52.06,52.12,11967
2010-09-21 14:00:00,52.12,52.31,52.09,52.3,27594
2010-09-21 14:15:00,52.26,52.41,52.22,52.27,16744
2010-09-21 14:30:00,52.25,52.56,52.1,52.38,63844
2010-09-21 14:45:00,52.35,52.59,52.3,52.52,36202
2010-09-21 15:00:00,52.5,52.53,52.35,52.42,27236
2010-09-21 15:15:00,52.43,52.47,52.31,52.425,26881
2010-09-21 15:30:00,52.405,52.49,52.29,52.41,28386
2010-09-21 15:45:00,52.4,52.4,52.11,52.29,62264
2010-09-21 16:00:00,52.29,52.39,52.18,52.39,140276
2010-09-22 09:45:00,52.41,52.85,52.31,52.84,55330
2010-09-22 10:00:00,52.87,52.98,52.71,52.75,37298
2010-09-22 10:15:00,52.72,52.73,52.38,52.52,31426
2010-09-22 10:30:00,52.54,52.68,52.5,52.62,71696
2010-09-22 10:45:00,52.58,52.68,52.45,52.51,83116
2010-09-22 11:00:00,52.51,52.68,52.51,52.67,20413
2010-09-22 11:15:00,52.7,52.71,52.54,52.63,22880
2010-09-22 11:30:00,52.63,52.74,52.56,52.69,44570
2010-09-22 11:45:00,52.66,52.67,52.55,52.57,17380
2010-09-22 12:00:00,52.58,52.75,52.58,52.59,26324
2010-09-22 12:15:00,52.585,52.74,52.56,52.7,63247
2010-09-22 12:30:00,52.71,52.805,52.7,52.805,15806
2010-09-22 12:45:00,52.8,52.85,52.75,52.79,13919
2010-09-22 13:00:00,52.79,52.86,52.77,52.86,12075
2010-09-22 13:15:00,52.845,52.93,52.79,52.81,24935
2010-09-22 13:30:00,52.81,52.855,52.77,52.84,13846
2010-09-22 13:45:00,52.85,52.95,52.85,52.91,22450
2010-09-22 14:00:00,52.9,52.93,52.89,52.9,19553
2010-09-22 14:15:00,52.9,53.0,52.88,52.9968,41274
2010-09-22 14:30:00,52.995,53.09,52.95,53.05,99373
2010-09-22 14:45:00,53.05,53.27,53.01,53.14,100122
2010-09-22 15:00:00,53.14,53.24,53.05,53.24,61797
2010-09-22 15:15:00,53.23,53.25,53.15,53.19,71024
2010-09-22 15:30:00,53.19,53.205,53.095,53.11,80282
2010-09-22 15:45:00,53.1,53.32,53.08,53.32,96335
2010-09-22 16:00:00,53.32,53.37,53.2,53.33,285620
2010-09-23 09:45:00,52.89,53.34,52.77,53.28,33147
2010-09-23 10:00:00,53.2904,53.43,53.18,53.18,25725
2010-09-23 10:15:00,53.205,53.48,53.205,53.32,31675
2010-09-23 10:30:00,53.33,53.33,53.1,53.29,27216
2010-09-23 10:45:00,53.298,53.43,53.29,53.35,22894
2010-09-23 11:00:00,53.38,53.5,53.25,53.26,20704
2010-09-23 11:15:00,53.26,53.32,53.19,53.29,41349
2010-09-23 11:30:00,53.3,53.38,53.24,53.37,44380
2010-09-23 11:45:00,53.37,53.44,53.21,53.27,38444
2010-09-23 12:00:00,53.27,53.3,53.18,53.28,38304
2010-09-23 12:15:00,53.28,53.29,53.16,53.19,21877
2010-09-23 12:30:00,53.19,53.2,53.05,53.1,23992
2010-09-23 12:45:00,53.11,53.17,53.09,53.12,18818
2010-09-23 13:00:00,53.1094,53.18,53.06,53.15,19791
2010-09-23 13:15:00,53.15,53.2,53.15,53.16,13213
2010-09-23 13:30:00,53.15,53.18,53.1,53.12,18507
2010-09-23 13:45:00,53.13,53.22,53.08,53.11,23313
2010-09-23 14:00:00,53.11,53.21,53.02,53.1207,27786
2010-09-23 14:15:00,53.13,53.25,53.1,53.23,33000
2010-09-23 14:30:00,53.22,53.29,53.21,53.22,14200
2010-09-23 14:45:00,53.24,53.24,53.01,53.05,43130
2010-09-23 15:00:00,53.06,53.1,52.94,52.98,49863
2010-09-23 15:15:00,53.0,53.025,52.82,52.83,49825
2010-09-23 15:30:00,52.83,52.93,52.76,52.76,39724
2010-09-23 15:45:00,52.76,52.78,52.59,52.62,64326
2010-09-23 16:00:00,52.61,52.73,52.59,52.68,99533
2010-09-24 09:45:00,53.3,53.31,52.94,53.19,41017
2010-09-24 10:00:00,53.22,53.37,53.19,53.37,27801
2010-09-24 10:15:00,53.31,53.54,53.23,53.35,40784
2010-09-24 10:30:00,53.36,53.42,53.28,53.42,20520
2010-09-24 10:45:00,53.41,53.44,53.26,53.28,37907
2010-09-24 11:00:00,53.29,53.32,53.17,53.17,21932
2010-09-24 11:15:00,53.17,53.21,53.12,53.2,41047
2010-09-24 11:30:00,53.2,53.2,53.1,53.17,37420
2010-09-24 11:45:00,53.17,53.1775,53.01,53.05,23353
2010-09-24 12:00:00,53.04,53.08,52.98,53.0075,19293
2010-09-24 12:15:00,53.005,53.005,52.8998,52.9699,31902
2010-09-24 12:30:00,52.9507,53.13,52.93,53.13,36639
2010-09-24 12:45:00,53.13,53.23,53.13,53.23,31883
2010-09-24 13:00:00,53.23,53.24,53.16,53.19,30547
2010-09-24 13:15:00,53.19,53.21,53.07,53.19,26363
2010-09-24 13:30:00,53.1981,53.3299,53.1981,53.3299,17511
2010-09-24 13:45:00,53.3383,53.36,53.23,53.28,34682
2010-09-24 14:00:00,53.2924,53.32,53.2,53.24,12749
2010-09-24 14:15:00,53.24,53.31,53.24,53.29,12615
2010-09-24 14:30:00,53.29,53.36,53.26,53.35,60768
2010-09-24 14:45:00,53.34,53.44,53.34,53.44,29732
2010-09-24 15:00:00,53.43,53.47,53.41,53.44,25930
2010-09-24 15:15:00,53.44,53.49,53.41,53.48,23666
2010-09-24 15:30:00,53.47,53.53,53.441,53.46,37397
2010-09-24 15:45:00,53.45,53.48,53.35,53.37,56870
2010-09-24 16:00:00,53.37,53.46,53.35,53.46,142354
2010-09-27 09:45:00,53.31,53.33,52.96,53.18,36014
2010-09-27 10:00:00,53.2,53.31,53.04,53.04,26155
2010-09-27 10:15:00,53.05,53.15,52.92,52.92,33035
2010-09-27 10:30:00,52.91,53.0,52.82,53.0,32797
2010-09-27 10:45:00,52.96,52.99,52.8201,52.88,24646
2010-09-27 11:00:00,52.9,52.92,52.85,52.88,13784
2010-09-27 11:15:00,52.88,52.88,52.74,52.77,17787
2010-09-27 11:30:00,52.76,52.91,52.76,52.89,20459
2010-09-27 11:45:00,52.91,52.99,52.84,52.91,22225
2010-09-27 12:00:00,52.92,52.99,52.905,52.94,21157
2010-09-27 12:15:00,52.93,52.98,52.878,52.89,21998
2010-09-27 12:30:00,52.86,52.91,52.8,52.87,17162
2010-09-27 12:45:00,52.86,52.91,52.79,52.9099,17791
2010-09-27 13:00:00,52.91,52.92,52.85,52.85,11951
2010-09-27 13:15:00,52.83,52.88,52.72,52.765,30822
2010-09-27 13:30:00,52.76,52.82,52.71,52.815,21221
2010-09-27 13:45:00,52.815,52.89,52.77,52.86,19505
2010-09-27 14:00:00,52.85,52.9695,52.85,52.9,34450
2010-09-27 14:15:00,52.9,52.93,52.85,52.91,22326
2010-09-27 14:30:00,52.89,53.0,52.88,53.0,32408
2010-09-27 14:45:00,53.0,53.1,52.99,53.07,53055
2010-09-27 15:00:00,53.07,53.16,53.07,53.07,46723
2010-09-27 15:15:00,53.07,53.11,53.043,53.1,31889
2010-09-27 15:30:00,53.11,53.15,53.09,53.12,27589
2010-09-27 15:45:00,53.11,53.1199,52.99,53.04,63745
2010-09-27 16:00:00,53.04,53.05,52.92,52.99,111567
2010-09-28 09:45:00,53.38,54.0,52.85,53.06,84033
2010-09-28 10:00:00,53.07,53.26,53.0,53.06,29313
2010-09-28 10:15:00,53.06,53.06,52.74,52.83,36832
2010-09-28 10:30:00,52.82,53.12,52.82,53.0,18118
2010-09-28 10:45:00,53.05,53.14,53.01,53.105,18479
2010-09-28 11:00:00,53.1,53.32,53.09,53.32,22265
2010-09-28 11:15:00,53.33,53.39,53.21,53.36,23400
2010-09-28 11:30:00,53.36,53.52,53.36,53.46,25039
2010-09-28 11:45:00,53.52,53.72,53.46,53.72,47014
2010-09-28 12:00:00,53.72,53.85,53.64,53.67,53946
2010-09-28 12:15:00,53.69,53.75,53.62,53.74,22528
2010-09-28 12:30:00,53.7399,53.9,53.72,53.87,53656
2010-09-28 12:45:00,53.87,53.9,53.8003,53.9,27208
2010-09-28 13:00:00,53.89,53.9,53.75,53.805,45174
2010-09-28 13:15:00,53.8,53.83,53.6,53.64,72333
2010-09-28 13:30:00,53.64,53.8,53.63,53.74,43994
2010-09-28 13:45:00,53.76,53.8,53.71,53.7196,31291
2010-09-28 14:00:00,53.715,53.88,53.69,53.86,36812
2010-09-28 14:15:00,53.8502,53.855,53.795,53.82,30534
2010-09-28 14:30:00,53.81,53.9,53.76,53.77,27089
2010-09-28 14:45:00,53.77,53.86,53.74,53.81,33980
2010-09-28 15:00:00,53.79,53.79,53.61,53.67,39732
2010-09-28 15:15:00,53.66,53.745,53.62,53.71,63274
2010-09-28 15:30:00,53.72,53.845,53.7,53.77,62469
2010-09-28 15:45:00,53.77,53.955,53.76,53.86,85027
2010-09-28 16:00:00,53.88,54.0,53.87,53.94,142173
2010-09-29 09:45:00,53.64,53.92,53.64,53.86,17584
2010-09-29 10:00:00,53.9,53.9,53.69,53.71,23628
2010-09-29 10:15:00,53.7,53.94,53.63,53.92,14195
2010-09-29 10:30:00,53.95,53.97,53.67,53.73,27695
2010-09-29 10:45:00,53.75,53.92,53.739,53.88,22132
2010-09-29 11:00:00,53.86,53.94,53.8,53.89,14887
2010-09-29 11:15:00,53.91,54.09,53.91,54.02,71052
2010-09-29 11:30:00,53.98,54.1,53.9,54.08,11914
2010-09-29 11:45:00,54.08,54.19,54.05,54.05,16614
2010-09-29 12:00:00,54.09,54.12,54.02,54.05,5400
2010-09-29 12:15:00,54.06,54.11,53.98,54.11,8850
2010-09-29 12:30:00,54.09,54.18,54.036,54.07,9777
2010-09-29 12:45:00,54.04,54.055,53.97,53.97,13122
2010-09-29 13:00:00,53.97,54.05,53.93,53.98,12465
2010-09-29 13:15:00,53.99,54.0,53.92,53.93,5657
2010-09-29 13:30:00,53.95,53.983999999999995,53.84,53.86,20747
2010-09-29 13:45:00,53.86600000000001,53.91,53.79,53.83,14728
2010-09-29 14:00:00,53.846000000000004,53.93,53.81,53.89,22641
2010-09-29 14:15:00,53.89,54.04,53.89,54.03,14310
2010-09-29 14:30:00,54.05,54.07,53.97,54.0,10183
2010-09-29 14:45:00,54.0,54.09,53.9802,54.06,11398
2010-09-29 15:00:00,54.06,54.08,53.97,54.06,23032
2010-09-29 15:15:00,54.07,54.075,53.81,53.82,28979
2010-09-29 15:30:00,53.81,53.93,53.75,53.87,27916
2010-09-29 15:45:00,53.87,53.9,53.76,53.84,53397
2010-09-29 16:00:00,53.84,54.07,53.84,54.07,125575
2010-09-30 09:45:00,53.88,53.89,53.13,53.63,134695
2010-09-30 10:00:00,53.63,53.78,53.14,53.25,80309
2010-09-30 10:15:00,53.23,53.3,53.03,53.18,95056
2010-09-30 10:30:00,53.17,53.47,53.1201,53.1201,59848
2010-09-30 10:45:00,53.14,53.16,53.05,53.1,63982
2010-09-30 11:00:00,53.1,53.16,52.95,52.96,49088
2010-09-30 11:15:00,52.95,53.13,52.85,52.99,37396
2010-09-30 11:30:00,52.97,53.11,52.82,52.9,47033
2010-09-30 11:45:00,52.9,53.0,52.85,52.93,34884
2010-09-30 12:00:00,52.96,53.05,52.81,52.85,41598
2010-09-30 12:15:00,52.85,52.86,52.62,52.72,50018
2010-09-30 12:30:00,52.72,52.81,52.66,52.66,25221
2010-09-30 12:45:00,52.67,52.92,52.65,52.89,39549
2010-09-30 13:00:00,52.92,53.13,52.92,53.11,30854
2010-09-30 13:15:00,53.09,53.225,53.03,53.21,31969
2010-09-30 13:30:00,53.19,53.31,53.16,53.31,29955
2010-09-30 13:45:00,53.3,53.38,53.23,53.23,33267
2010-09-30 14:00:00,53.25,53.27,53.14,53.16,41523
2010-09-30 14:15:00,53.19,53.22,53.1095,53.15,39565
2010-09-30 14:30:00,53.14,53.18,53.06,53.17,44008
2010-09-30 14:45:00,53.16,53.31,53.16,53.28,33104
2010-09-30 15:00:00,53.29,53.4,53.24,53.24,57879
2010-09-30 15:15:00,53.25,53.26,53.13,53.15,41605
2010-09-30 15:30:00,53.15,53.31,53.11,53.26,49140
2010-09-30 15:45:00,53.26,53.32,53.15,53.25,86018
2010-09-30 16:00:00,53.24,53.355,53.17,53.22,121821
2010-10-01 09:45:00,53.67,54.35,53.4,53.93,91413
2010-10-01 10:00:00,53.94,54.25,53.92,54.19,43781
2010-10-01 10:15:00,54.19,54.26,53.86,53.89,70685
2010-10-01 10:30:00,53.86,53.98,53.46,53.54,48174
2010-10-01 10:45:00,53.53,53.64,53.4,53.5,61051
2010-10-01 11:00:00,53.5,53.59,53.34,53.38,26465
2010-10-01 11:15:00,53.38,53.52,53.34,53.38,60790
2010-10-01 11:30:00,53.41,53.46,53.18,53.25,36450
2010-10-01 11:45:00,53.25,53.35,53.18,53.32,40557
2010-10-01 12:00:00,53.32,53.468999999999994,53.3,53.4,47916
2010-10-01 12:15:00,53.39,53.5,53.35,53.5,64537
2010-10-01 12:30:00,53.49,53.5,53.43,53.46,18629
2010-10-01 12:45:00,53.46,53.46,53.33,53.365,44289
2010-10-01 13:00:00,53.35,53.35,53.22,53.25,35353
2010-10-01 13:15:00,53.26,53.35,53.24,53.31,24440
2010-10-01 13:30:00,53.3,53.4,53.3,53.39,27172
2010-10-01 13:45:00,53.38,53.38,53.17,53.18,23640
2010-10-01 14:00:00,53.18,53.26,53.14,53.15,22538
2010-10-01 14:15:00,53.17,53.3298,53.16,53.31,30091
2010-10-01 14:30:00,53.3,53.33,53.27,53.3,34136
2010-10-01 14:45:00,53.31,53.36,53.28,53.34,27158
2010-10-01 15:00:00,53.34,53.47,53.33,53.375,40345
2010-10-01 15:15:00,53.36,53.5,53.345,53.47,35897
2010-10-01 15:30:00,53.46,53.54,53.42,53.5,35591
2010-10-01 15:45:00,53.5,53.54,53.44,53.48,70365
2010-10-01 16:00:00,53.47,53.49,53.35,53.35,201251
2010-10-04 09:45:00,53.27,53.68,53.09,53.61,25313
2010-10-04 10:00:00,53.59,53.68,53.18,53.19,29878
2010-10-04 10:15:00,53.23,53.56,53.07,53.55,31121
2010-10-04 10:30:00,53.56,53.71,53.56,53.6,31836
2010-10-04 10:45:00,53.61,53.77,53.54,53.55,29626
2010-10-04 11:00:00,53.57,53.6081,53.48,53.5,21080
2010-10-04 11:15:00,53.51,53.51,53.28,53.37,24754
2010-10-04 11:30:00,53.37,53.37,53.0,53.09,69546
2010-10-04 11:45:00,53.09,53.26,53.03,53.17,22649
2010-10-04 12:00:00,53.19,53.2,52.88,52.93,50889
2010-10-04 12:15:00,52.94,53.015,52.88,53.0,32166
2010-10-04 12:30:00,53.0,53.17,52.97,53.09,20147
2010-10-04 12:45:00,53.1,53.18,53.066,53.07,15956
2010-10-04 13:00:00,53.09,53.2,53.07,53.16,10634
2010-10-04 13:15:00,53.17,53.24,53.15,53.15,23643
2010-10-04 13:30:00,53.19,53.24,53.14,53.14,23464
2010-10-04 13:45:00,53.15,53.17,53.03,53.15,25563
2010-10-04 14:00:00,53.13,53.18,53.1,53.16,17986
2010-10-04 14:15:00,53.17,53.18,53.02,53.1,34094
2010-10-04 14:30:00,53.09,53.13,52.99,53.12,32217
2010-10-04 14:45:00,53.1,53.29,53.07,53.27,37173
2010-10-04 15:00:00,53.265,53.34,53.2613,53.31,51693
2010-10-04 15:15:00,53.31,53.42,53.29,53.34,47298
2010-10-04 15:30:00,53.36,53.44,53.32,53.43,53290
2010-10-04 15:45:00,53.4359,53.47,53.4,53.45,47136
2010-10-04 16:00:00,53.43,53.45,53.35,53.39,118834
2010-10-05 09:45:00,53.65,53.86,53.57,53.73,48908
2010-10-05 10:00:00,53.73,54.0,53.72,53.95,44916
2010-10-05 10:15:00,53.92,54.09,53.78,54.0,38554
2010-10-05 10:30:00,53.99,54.15,53.91,54.09,17473
2010-10-05 10:45:00,54.11,54.23,54.022,54.21,30244
2010-10-05 11:00:00,54.2,54.34,54.1801,54.34,18643
2010-10-05 11:15:00,54.33,54.34,54.2,54.2,19372
2010-10-05 11:30:00,54.22,54.25,54.11,54.11,9821
2010-10-05 11:45:00,54.11,54.42,54.11,54.39,26165
2010-10-05 12:00:00,54.37,54.37,54.22,54.22,16532
2010-10-05 12:15:00,54.22,54.26,54.13,54.14,18230
2010-10-05 12:30:00,54.14,54.14,54.07,54.1,15772
2010-10-05 12:45:00,54.11,54.21,54.11,54.17,10242
2010-10-05 13:00:00,54.17,54.2,54.15,54.19,7761
2010-10-05 13:15:00,54.18,54.34,54.18,54.32,11164
2010-10-05 13:30:00,54.303999999999995,54.303999999999995,54.19,54.27,65323
2010-10-05 13:45:00,54.27,54.27,54.17,54.19,15879
2010-10-05 14:00:00,54.18,54.22,54.1,54.18,19837
2010-10-05 14:15:00,54.18,54.2,54.1,54.11,11267
2010-10-05 14:30:00,54.12,54.14,54.05,54.09,23517
2010-10-05 14:45:00,54.1,54.15,54.05,54.095,25035
2010-10-05 15:00:00,54.09,54.1,54.04,54.07,32347
2010-10-05 15:15:00,54.07,54.08,54.01,54.0495,28389
2010-10-05 15:30:00,54.05,54.12,54.038999999999994,54.09,37847
2010-10-05 15:45:00,54.09,54.14,53.95,54.0,72678
2010-10-05 16:00:00,54.01,54.09,53.97,54.05,154681
2010-10-06 09:45:00,53.83,54.18,53.83,53.96,42710
2010-10-06 10:00:00,53.96,53.97,53.8,53.85,25789
2010-10-06 10:15:00,53.85,53.98,53.8,53.81,25456
2010-10-06 10:30:00,53.81,53.86,53.65,53.76,52639
2010-10-06 10:45:00,53.76,53.85,53.63,53.81,14337
2010-10-06 11:00:00,53.83,53.875,53.7,53.8,29728
2010-10-06 11:15:00,53.8,53.885,53.72,53.84,34182
2010-10-06 11:30:00,53.83,53.86,53.78,53.83,46663
2010-10-06 11:45:00,53.83,53.97,53.8,53.92,31894
2010-10-06 12:00:00,53.915,53.96,53.77,53.78,46502
2010-10-06 12:15:00,53.775,53.85,53.77,53.79,14400
2010-10-06 12:30:00,53.8,53.82,53.71,53.71,10172
2010-10-06 12:45:00,53.71,53.74,53.59,53.73,29938
2010-10-06 13:00:00,53.74,53.74,53.66,53.7,11386
2010-10-06 13:15:00,53.7,53.7075,53.64,53.68,8765
2010-10-06 13:30:00,53.69,53.72,53.54,53.64,28989
2010-10-06 13:45:00,53.64,53.64,53.52,53.58,23818
2010-10-06 14:00:00,53.6,53.61,53.54,53.59,11728
2010-10-06 14:15:00,53.6,53.69,53.56,53.57,31537
2010-10-06 14:30:00,53.59,53.66,53.53,53.6,31542
2010-10-06 14:45:00,53.607,53.73,53.59,53.62,54366
2010-10-06 15:00:00,53.63,53.74,53.57,53.72,56819
2010-10-06 15:15:00,53.72,53.79,53.68,53.69,28572
2010-10-06 15:30:00,53.69,53.72,53.66,53.7,28860
2010-10-06 15:45:00,53.69,53.7,53.62,53.655,84119
2010-10-06 16:00:00,53.655,53.71,53.56,53.64,248159
2010-10-07 09:45:00,53.92,53.96,53.3401,53.6,35637
2010-10-07 10:00:00,53.6,53.94,53.53,53.63,35344
2010-10-07 10:15:00,53.62,53.79,53.5,53.69,34693
2010-10-07 10:30:00,53.69,53.94,53.64,53.91,19925
2010-10-07 10:45:00,53.91,53.95,53.82,53.85,14900
2010-10-07 11:00:00,53.85,53.94,53.74,53.76,19700
2010-10-07 11:15:00,53.77,53.78,53.58,53.62,27100
2010-10-07 11:30:00,53.64,53.78,53.62,53.7,16506
2010-10-07 11:45:00,53.7,53.82,53.7,53.79,14400
2010-10-07 12:00:00,53.79,53.92,53.78,53.91,11878
2010-10-07 12:15:00,53.9,53.92,53.85,53.89,13400
2010-10-07 12:30:00,53.89,53.89,53.63,53.64,13544
2010-10-07 12:45:00,53.64,53.65,53.49,53.54,15091
2010-10-07 13:00:00,53.52,53.61,53.52,53.61,21513
2010-10-07 13:15:00,53.59,53.78,53.53,53.74,18606
2010-10-07 13:30:00,53.72,53.81,53.71,53.78,16965
2010-10-07 13:45:00,53.77,53.82,53.71,53.76,13175
2010-10-07 14:00:00,53.76,53.87,53.7,53.82,20350
2010-10-07 14:15:00,53.82,53.96,53.72,53.96,29145
2010-10-07 14:30:00,53.96,54.0,53.91,53.94,18957
2010-10-07 14:45:00,53.96,53.96,53.87,53.9,18108
2010-10-07 15:00:00,53.91,53.92,53.81,53.91,30672
2010-10-07 15:15:00,53.915,53.96,53.84,53.94,35197
2010-10-07 15:30:00,53.95,53.96,53.85,53.86,31860
2010-10-07 15:45:00,53.86,53.92,53.815,53.92,38688
2010-10-07 16:00:00,53.92,53.93,53.73,53.82,120260
2010-10-08 09:45:00,53.77,54.05,53.75,53.8488,17654
2010-10-08 10:00:00,53.8301,54.02,53.71,53.98,20641
2010-10-08 10:15:00,53.95,54.0,53.65,53.7,25790
2010-10-08 10:30:00,53.7,53.72,53.31,53.33,73978
2010-10-08 10:45:00,53.34,53.36,53.22,53.34,30540
2010-10-08 11:00:00,53.35,53.42,53.22,53.38,23099
2010-10-08 11:15:00,53.41,53.46,53.24,53.24,33216
2010-10-08 11:30:00,53.25,53.43,53.2,53.42,45859
2010-10-08 11:45:00,53.43,53.65,53.42,53.6,27991
2010-10-08 12:00:00,53.59,53.69,53.55,53.63,17467
2010-10-08 12:15:00,53.63,53.65,53.47,53.5,14981
2010-10-08 12:30:00,53.5,53.59,53.5,53.58,10400
2010-10-08 12:45:00,53.59,53.78,53.58,53.77,17160
2010-10-08 13:00:00,53.78,53.78,53.67,53.68,18146
2010-10-08 13:15:00,53.7,53.77,53.64,53.77,15212
2010-10-08 13:30:00,53.76,53.8,53.67100000000001,53.7153,24255
2010-10-08 13:45:00,53.72,53.72,53.4835,53.49,16726
2010-10-08 14:00:00,53.47,53.52,53.45,53.47,15998
2010-10-08 14:15:00,53.51,53.55,53.4,53.54,13334
2010-10-08 14:30:00,53.54,53.54,53.49,53.494,24070
2010-10-08 14:45:00,53.49,53.53,53.46,53.5,16611
2010-10-08 15:00:00,53.5,53.53,53.47,53.49,14563
2010-10-08 15:15:00,53.5,53.58,53.47,53.56,63158
2010-10-08 15:30:00,53.55,53.59,53.5,53.5,21397
2010-10-08 15:45:00,53.5,53.67,53.5,53.61,45070
2010-10-08 16:00:00,53.61,53.61,53.39,53.49,153723
2010-10-11 09:45:00,53.37,53.45,53.15,53.23,32393
2010-10-11 10:00:00,53.21,53.33,53.15,53.21,19464
2010-10-11 10:15:00,53.225,53.28,53.16,53.16,67478
2010-10-11 10:30:00,53.18,53.19,53.04,53.18,56971
2010-10-11 10:45:00,53.17,53.27,53.12,53.12,37906
2010-10-11 11:00:00,53.11,53.11,52.89,53.04,38173
2010-10-11 11:15:00,53.04,53.12,52.95,53.045,48570
2010-10-11 11:30:00,53.02,53.14,53.0,53.11,60598
2010-10-11 11:45:00,53.13,53.2,53.01,53.13,29780
2010-10-11 12:00:00,53.11,53.23,53.065,53.13,49240
2010-10-11 12:15:00,53.14,53.17,53.06,53.1,43973
2010-10-11 12:30:00,53.1,53.25,53.095,53.193000000000005,29267
2010-10-11 12:45:00,53.1941,53.31,53.1301,53.22,38711
2010-10-11 13:00:00,53.22,53.25,53.13,53.19,39749
2010-10-11 13:15:00,53.2,53.205,53.07,53.125,27139
2010-10-11 13:30:00,53.12,53.23,53.12,53.16,14000
2010-10-11 13:45:00,53.17,53.25,53.11,53.12,26922
2010-10-11 14:00:00,53.11,53.2,53.09,53.18,16058
2010-10-11 14:15:00,53.19,53.22,53.04,53.05,42954
2010-10-11 14:30:00,53.04,53.06,52.995,53.02,38966
2010-10-11 14:45:00,53.02,53.04,52.97,53.035,40850
2010-10-11 15:00:00,53.03,53.04,52.94,52.96,53248
2010-10-11 15:15:00,52.96,52.9602,52.86,52.91,67061
2010-10-11 15:30:00,52.92,52.9393,52.86,52.89,36647
2010-10-11 15:45:00,52.89,52.9,52.71,52.79,83019
2010-10-11 16:00:00,52.79,52.88,52.75,52.85,100380
2010-10-12 09:45:00,52.73,52.91,52.58,52.66,29430
2010-10-12 10:00:00,52.64,52.75,52.4,52.56,41184
2010-10-12 10:15:00,52.59,52.85,52.46,52.85,30163
2010-10-12 10:30:00,52.85,53.0,52.8,53.0,27444
2010-10-12 10:45:00,53.01,53.12,52.99,53.05,31134
2010-10-12 11:00:00,53.07,53.25,53.07,53.2,28854
2010-10-12 11:15:00,53.19,53.21,53.08,53.11,22859
2010-10-12 11:30:00,53.14,53.2,53.02,53.1,28735
2010-10-12 11:45:00,53.1,53.1,52.92,52.92,25166
2010-10-12 12:00:00,52.92,53.1,52.84,53.09,19293
2010-10-12 12:15:00,53.09,53.15,53.071000000000005,53.11,14152
2010-10-12 12:30:00,53.12,53.2,53.07,53.07,11958
2010-10-12 12:45:00,53.06,53.09,53.04,53.0599,7400
2010-10-12 13:00:00,53.04,53.06,53.01,53.01,10975
2010-10-12 13:15:00,53.01,53.06,53.005,53.03,5150
2010-10-12 13:30:00,53.03,53.08,53.02,53.07,14227
2010-10-12 13:45:00,53.08,53.12,53.0719,53.088,6015
2010-10-12 14:00:00,53.09,53.16,53.09,53.14,11440
2010-10-12 14:15:00,53.14,53.3,53.07,53.248999999999995,52227
2010-10-12 14:30:00,53.25,53.34,53.12,53.22,23424
2010-10-12 14:45:00,53.21,53.21,52.99,53.145,24042
2010-10-12 15:00:00,53.15,53.3,53.15,53.3,19520
2010-10-12 15:15:00,53.28,53.29,53.14,53.29,23898
2010-10-12 15:30:00,53.29,53.45,53.28,53.43,37813
2010-10-12 15:45:00,53.45,53.45,53.32,53.39,34935
2010-10-12 16:00:00,53.38,53.42,53.31,53.36,68522
2010-10-13 09:45:00,53.44,53.53,52.97,53.15,66114
2010-10-13 10:00:00,53.13,53.2,53.02,53.11,70628
2010-10-13 10:15:00,53.11,53.16,52.96,52.99,36371
2010-10-13 10:30:00,52.98,53.08,52.8,52.92,28649
2010-10-13 10:45:00,52.93,52.95,52.76,52.84,57448
2010-10-13 11:00:00,52.84,53.01,52.83,53.005,25264
2010-10-13 11:15:00,53.03,53.12,52.98,52.98,62485
2010-10-13 11:30:00,52.98,52.98,52.86,52.88,24324
2010-10-13 11:45:00,52.86,53.0,52.86,52.98,21390
2010-10-13 12:00:00,53.01,53.09,52.99,53.09,10842
2010-10-13 12:15:00,53.1,53.16,53.1,53.14,16808
2010-10-13 12:30:00,53.15,53.18,53.09,53.18,20636
2010-10-13 12:45:00,53.18,53.23,53.15,53.2252,40661
2010-10-13 13:00:00,53.21,53.23,53.16,53.16,9695
2010-10-13 13:15:00,53.17,53.25,53.17,53.23,6374
2010-10-13 13:30:00,53.23,53.33,53.23,53.25,18623
2010-10-13 13:45:00,53.26,53.36,53.26,53.31,20037
2010-10-13 14:00:00,53.305,53.305,53.17,53.17,20880
2010-10-13 14:15:00,53.17,53.28,53.16,53.28,24506
2010-10-13 14:30:00,53.27,53.28,53.18,53.23,20603
2010-10-13 14:45:00,53.21,53.21,52.96,53.04,83522
2010-10-13 15:00:00,53.04,53.16,52.96,53.16,33322
2010-10-13 15:15:00,53.16,53.19,52.93,52.96,56181
2010-10-13 15:30:00,52.96,52.97,52.85,52.86,49129
2010-10-13 15:45:00,52.88,53.01,52.88,52.92,67278
2010-10-13 16:00:00,52.91,52.92,52.75,52.84,108317
2010-10-14 09:45:00,52.79,53.0,52.46,52.68,82468
2010-10-14 10:00:00,52.68,52.9,52.67,52.72,22145
2010-10-14 10:15:00,52.74,53.08,52.74,52.92,40257
2010-10-14 10:30:00,52.96,53.25,52.96,53.14,43311
2010-10-14 10:45:00,53.12,53.21,52.98,53.2,49171
2010-10-14 11:00:00,53.2,53.21,53.0,53.16,32142
2010-10-14 11:15:00,53.16,53.16,53.01,53.14,18942
2010-10-14 11:30:00,53.15,53.22,53.1,53.14,31555
2010-10-14 11:45:00,53.16,53.18,53.05,53.08,29985
2010-10-14 12:00:00,53.06,53.11,52.91,53.05,50917
2010-10-14 12:15:00,53.06,53.19,53.06,53.18,60518
2010-10-14 12:30:00,53.18,53.18,52.99,53.08,76525
2010-10-14 12:45:00,53.0881,53.21,53.0,53.18,64466
2010-10-14 13:00:00,53.19,53.3,53.17,53.28,44937
2010-10-14 13:15:00,53.27,53.36,53.2,53.25,71842
2010-10-14 13:30:00,53.255,53.27,53.15,53.22,34642
2010-10-14 13:45:00,53.22,53.32,53.13,53.2808,42411
2010-10-14 14:00:00,53.28,53.42,53.28,53.39,63389
2010-10-14 14:15:00,53.4,53.4,53.18,53.21,40326
2010-10-14 14:30:00,53.19,53.21,53.08,53.11,49017
2010-10-14 14:45:00,53.11,53.16,53.065,53.07,37788
2010-10-14 15:00:00,53.08,53.12,52.99,53.03,40255
2010-10-14 15:15:00,53.02,53.12,52.99,53.12,54669
2010-10-14 15:30:00,53.12,53.22,53.11,53.175,55024
2010-10-14 15:45:00,53.18,53.24,53.13,53.15,90729
2010-10-14 16:00:00,53.17,53.27,53.17,53.27,202354
2010-10-15 09:45:00,53.59,53.79,53.4,53.55,161141
2010-10-15 10:00:00,53.53,53.58,53.19,53.2,98729
2010-10-15 10:15:00,53.17,53.34,53.08,53.21,55808
2010-10-15 10:30:00,53.21,53.25,53.02,53.18,21383
2010-10-15 10:45:00,53.1798,53.2,53.075,53.16,12666
2010-10-15 11:00:00,53.19,53.25,53.08,53.08,50788
2010-10-15 11:15:00,53.09,53.39,53.09,53.32,38011
2010-10-15 11:30:00,53.36,53.42,53.26,53.32,15796
2010-10-15 11:45:00,53.335,53.45,53.33,53.39,23471
2010-10-15 12:00:00,53.405,53.405,53.08,53.17,26832
2010-10-15 12:15:00,53.2,53.34,53.12,53.3,63325
2010-10-15 12:30:00,53.291000000000004,53.43,53.29,53.4,24423
2010-10-15 12:45:00,53.41,53.45,53.37,53.45,57636
2010-10-15 13:00:00,53.45,53.45,53.27,53.37,38275
2010-10-15 13:15:00,53.37,53.48,53.37,53.46,36124
2010-10-15 13:30:00,53.45,53.46,53.4,53.46,7089
2010-10-15 13:45:00,53.46,53.57,53.45,53.47,29795
2010-10-15 14:00:00,53.48,53.57,53.41,53.48,20834
2010-10-15 14:15:00,53.47,53.57,53.39,53.57,29700
2010-10-15 14:30:00,53.57,53.59,53.48,53.57,27177
2010-10-15 14:45:00,53.57,53.57,53.43,53.495,44392
2010-10-15 15:00:00,53.49,53.55,53.44,53.55,41589
2010-10-15 15:15:00,53.55,53.57,53.4,53.46,38819
2010-10-15 15:30:00,53.47,53.58,53.4201,53.52,65678
2010-10-15 15:45:00,53.51,53.6,53.46,53.5,77055
2010-10-15 16:00:00,53.51,53.7,53.51,53.69,141127
2010-10-18 09:45:00,53.53,53.71,53.36,53.6,45759
2010-10-18 10:00:00,53.58,53.66,53.41,53.4898,14703
2010-10-18 10:15:00,53.47,53.62,53.37,53.54,45291
2010-10-18 10:30:00,53.55,53.55,53.3,53.35,9700
2010-10-18 10:45:00,53.39,53.42,53.27,53.41,8691
2010-10-18 11:00:00,53.4,53.49,53.34,53.42,12615
2010-10-18 11:15:00,53.43,53.43,53.1,53.14,37413
2010-10-18 11:30:00,53.15,53.31,53.15,53.21,14376
2010-10-18 11:45:00,53.21,53.26,53.16,53.1899,18026
2010-10-18 12:00:00,53.18,53.3,53.17,53.2,11390
2010-10-18 12:15:00,53.22,53.23,53.17,53.22,14300
2010-10-18 12:30:00,53.2,53.2,53.09,53.1091,13239
2010-10-18 12:45:00,53.11,53.12,53.02,53.12,11792
2010-10-18 13:00:00,53.11,53.1552,52.99,53.03,9450
2010-10-18 13:15:00,53.03,53.18,53.03,53.17,18500
2010-10-18 13:30:00,53.188,53.2,53.12,53.12,5181
2010-10-18 13:45:00,53.13,53.19,53.12,53.136,8326
2010-10-18 14:00:00,53.13,53.16,53.11,53.125,10922
2010-10-18 14:15:00,53.12,53.16,53.06,53.14,12865
2010-10-18 14:30:00,53.15,53.21,53.14,53.18,17111
2010-10-18 14:45:00,53.175,53.22,53.14,53.18,38683
2010-10-18 15:00:00,53.17,53.25,53.16,53.25,20426
2010-10-18 15:15:00,53.26,53.31,53.21,53.22,53470
2010-10-18 15:30:00,53.22,53.23,53.14,53.2,35150
2010-10-18 15:45:00,53.1998,53.235,53.14,53.145,77050
2010-10-18 16:00:00,53.15,53.15,53.065,53.12,122174
2010-10-19 09:45:00,52.8,53.18,52.8,53.01,55744
2010-10-19 10:00:00,53.02,53.15,52.83,52.86,50413
2010-10-19 10:15:00,52.86,53.21,52.8,53.17,49937
2010-10-19 10:30:00,53.19,53.33,53.025,53.1,36386
2010-10-19 10:45:00,53.09,53.19,52.89,52.92,20103
2010-10-19 11:00:00,52.91,53.07,52.85,52.96,27098
2010-10-19 11:15:00,52.96,52.96,52.78,52.84,28181
2010-10-19 11:30:00,52.8499,52.94,52.79,52.93,33497
2010-10-19 11:45:00,52.94,53.02,52.93,53.02,19463
2010-10-19 12:00:00,53.06,53.2,53.03,53.18,25054
2010-10-19 12:15:00,53.1801,53.3,53.18,53.25,49698
2010-10-19 12:30:00,53.24,53.28,53.2,53.2,22352
2010-10-19 12:45:00,53.19,53.22,53.12,53.16,23789
2010-10-19 13:00:00,53.14,53.21,53.1,53.2,18099
2010-10-19 13:15:00,53.19,53.22,53.15,53.22,15857
2010-10-19 13:30:00,53.2,53.2,53.0,53.04,13824
2010-10-19 13:45:00,53.03,53.06,52.99,53.04,17047
2010-10-19 14:00:00,53.03,53.05,52.91,52.93,37965
2010-10-19 14:15:00,52.92,52.92,52.73,52.91,78137
2010-10-19 14:30:00,52.9199,53.09,52.83,52.9,87787
2010-10-19 14:45:00,52.9,53.02,52.87,52.95,37749
2010-10-19 15:00:00,52.94,53.11,52.93,53.0,34023
2010-10-19 15:15:00,53.01,53.02,52.72,52.78,76719
2010-10-19 15:30:00,52.77,52.8998,52.65,52.67,34990
2010-10-19 15:45:00,52.66,52.72,52.61,52.7098,59391
2010-10-19 16:00:00,52.7,53.03,52.69,53.02,212640
2010-10-20 09:45:00,53.17,53.83,52.97,53.42,41991
2010-10-20 10:00:00,53.45,53.63,53.42,53.5,36447
2010-10-20 10:15:00,53.52,53.7,53.41,53.47,43242
2010-10-20 10:30:00,53.48,53.58,53.45,53.49,23873
2010-10-20 10:45:00,53.5,53.75,53.5,53.66,32700
2010-10-20 11:00:00,53.67,53.86,53.67,53.77,35489
2010-10-20 11:15:00,53.75,53.89,53.71,53.815,29072
2010-10-20 11:30:00,53.81,53.85,53.74,53.85,32532
2010-10-20 11:45:00,53.85,53.98,53.85,53.9,17363
2010-10-20 12:00:00,53.9,53.91,53.74,53.745,17314
2010-10-20 12:15:00,53.74,53.94,53.73,53.94,11401
2010-10-20 12:30:00,53.89,53.9853,53.86,53.9,26127
2010-10-20 12:45:00,53.85,53.85,53.67,53.68,20253
2010-10-20 13:00:00,53.7,53.75,53.68,53.71,18494
2010-10-20 13:15:00,53.7,53.78,53.665,53.72,20990
2010-10-20 13:30:00,53.73,53.82,53.7,53.77,20966
2010-10-20 13:45:00,53.78,53.81,53.71,53.76,12609
2010-10-20 14:00:00,53.75,53.76,53.7,53.7003,7760
2010-10-20 14:15:00,53.72,53.79,53.63,53.72,24249
2010-10-20 14:30:00,53.71,53.85,53.71,53.81,20925
2010-10-20 14:45:00,53.82,53.89,53.77,53.79,27470
2010-10-20 15:00:00,53.79,53.82,53.74,53.75,28235
2010-10-20 15:15:00,53.75,53.75,53.62,53.63,51131
2010-10-20 15:30:00,53.64,53.74,53.64,53.725,49402
2010-10-20 15:45:00,53.73,53.74,53.59,53.65,54252
2010-10-20 16:00:00,53.65,53.79,53.63,53.72,140614
2010-10-21 09:45:00,53.49,53.6599,53.04,53.4,56177
2010-10-21 10:00:00,53.42,53.49,53.35,53.42,28932
2010-10-21 10:15:00,53.45,53.67,53.27,53.59,58952
2010-10-21 10:30:00,53.58,53.64,53.45,53.45,28904
2010-10-21 10:45:00,53.46,53.65,53.44,53.6,39296
2010-10-21 11:00:00,53.61,53.89,53.56,53.87,38143
2010-10-21 11:15:00,53.9,53.96,53.82,53.88,34039
2010-10-21 11:30:00,53.88,53.93,53.71,53.79,28534
2010-10-21 11:45:00,53.79,53.83,53.53,53.575,24378
2010-10-21 12:00:00,53.585,53.78,53.58,53.75,19980
2010-10-21 12:15:00,53.77,53.8,53.68,53.75,11715
2010-10-21 12:30:00,53.77,53.81,53.74,53.8,16647
2010-10-21 12:45:00,53.8,53.81,53.59,53.59,23450
2010-10-21 13:00:00,53.58,53.7,53.51,53.695,33949
2010-10-21 13:15:00,53.695,53.75,53.63,53.65,24757
2010-10-21 13:30:00,53.68,53.68,53.59,53.6,12400
2010-10-21 13:45:00,53.6,53.61,53.5,53.52,15400
2010-10-21 14:00:00,53.5,53.52,53.15,53.19,36998
2010-10-21 14:15:00,53.2,53.34,53.13,53.26,35476
2010-10-21 14:30:00,53.25,53.31,53.22,53.27,9876
2010-10-21 14:45:00,53.278999999999996,53.33,53.19,53.32,26320
2010-10-21 15:00:00,53.31,53.44,53.26,53.33,33400
2010-10-21 15:15:00,53.34,53.47,53.34,53.47,22200
2010-10-21 15:30:00,53.46,53.66,53.46,53.55,29218
2010-10-21 15:45:00,53.56,53.62,53.49,53.52,30045
2010-10-21 16:00:00,53.53,53.64,53.46,53.64,135596
2010-10-22 09:45:00,53.63,53.99,53.31,53.69,29366
2010-10-22 10:00:00,53.71,53.75,53.49,53.52,33519
2010-10-22 10:15:00,53.53,53.56,53.388000000000005,53.47,37345
2010-10-22 10:30:00,53.48,53.62,53.465,53.55,19135
2010-10-22 10:45:00,53.56,53.6,53.51,53.54,15760
2010-10-22 11:00:00,53.56,53.68,53.55,53.62,22203
2010-10-22 11:15:00,53.63,53.64,53.53,53.54,12348
2010-10-22 11:30:00,53.53,53.61,53.51,53.61,15017
2010-10-22 11:45:00,53.62,53.7,53.62,53.68,19783
2010-10-22 12:00:00,53.69,53.7,53.63,53.67,24746
2010-10-22 12:15:00,53.67,53.72,53.65,53.66,15702
2010-10-22 12:30:00,53.65,53.72,53.59,53.71,23549
2010-10-22 12:45:00,53.73,53.81,53.72,53.81,36319
2010-10-22 13:00:00,53.8,53.87,53.8,53.85,37775
2010-10-22 13:15:00,53.85,53.89,53.8,53.88,18654
2010-10-22 13:30:00,53.88,53.94,53.8,53.81,27167
2010-10-22 13:45:00,53.81,53.9,53.78,53.9,27442
2010-10-22 14:00:00,53.9,53.9,53.83,53.87,14600
2010-10-22 14:15:00,53.89,53.9,53.87,53.89,11218
2010-10-22 14:30:00,53.89,53.92,53.85,53.91,9507
2010-10-22 14:45:00,53.89,53.93,53.85,53.93,34761
2010-10-22 15:00:00,53.92,53.94,53.91,53.92,37101
2010-10-22 15:15:00,53.91,54.0,53.9,53.92,46700
2010-10-22 15:30:00,53.91,54.02,53.91,53.965,50416
2010-10-22 15:45:00,53.97,54.05,53.96,53.96,37142
2010-10-22 16:00:00,53.96,54.06,53.96,54.06,105130
2010-10-25 09:45:00,54.25,54.8,54.21,54.77,99693
2010-10-25 10:00:00,54.76,54.83,54.6,54.77,46980
2010-10-25 10:15:00,54.84,54.84,54.66,54.71,63030
2010-10-25 10:30:00,54.7,54.75,54.66,54.69,25184
2010-10-25 10:45:00,54.68,54.71,54.4,54.57,45492
2010-10-25 11:00:00,54.57,54.72,54.42,54.46,59908
2010-10-25 11:15:00,54.42,54.475,54.35,54.42,62687
2010-10-25 11:30:00,54.4,54.45,54.38,54.41,36078
2010-10-25 11:45:00,54.43,54.55,54.43,54.49,9400
2010-10-25 12:00:00,54.51,54.57,54.51,54.565,9318
2010-10-25 12:15:00,54.565,54.63,54.528999999999996,54.62,21484
2010-10-25 12:30:00,54.61,54.61,54.4,54.45,33242
2010-10-25 12:45:00,54.45,54.45,54.34,54.398999999999994,18011
2010-10-25 13:00:00,54.4,54.5,54.4,54.45,34885
2010-10-25 13:15:00,54.455,54.55,54.38,54.55,8676
2010-10-25 13:30:00,54.53,54.62,54.49,54.62,44339
2010-10-25 13:45:00,54.62,54.67,54.55,54.65,32981
2010-10-25 14:00:00,54.645,54.66,54.5,54.55,15641
2010-10-25 14:15:00,54.54,54.62,54.54,54.61,18731
2010-10-25 14:30:00,54.6,54.66,54.6,54.62,18866
2010-10-25 14:45:00,54.61,54.66,54.48,54.54,37919
2010-10-25 15:00:00,54.54,54.59,54.54,54.56,32356
2010-10-25 15:15:00,54.55,54.61,54.55,54.61,42787
2010-10-25 15:30:00,54.61,54.73,54.59,54.708,33500
2010-10-25 15:45:00,54.71,54.73,54.55,54.62,55226
2010-10-25 16:00:00,54.6,54.6,54.48,54.59,135200
2010-10-26 09:45:00,54.43,54.47,54.07,54.095,61687
2010-10-26 10:00:00,54.08,54.2,53.93,54.2,53903
2010-10-26 10:15:00,54.21,54.61,54.14,54.61,35475
2010-10-26 10:30:00,54.61,54.82,54.61,54.635,47054
2010-10-26 10:45:00,54.65,54.67,54.32,54.34,28248
2010-10-26 11:00:00,54.36,54.54,54.35,54.48,14421
2010-10-26 11:15:00,54.49,54.61,54.35,54.53,37275
2010-10-26 11:30:00,54.53,54.67,54.5135,54.66,28247
2010-10-26 11:45:00,54.63,54.65,54.58,54.58,13782
2010-10-26 12:00:00,54.58,54.62,54.57,54.62,20745
2010-10-26 12:15:00,54.66,54.66,54.54,54.56,27109
2010-10-26 12:30:00,54.59,54.61,54.51,54.51,20945
2010-10-26 12:45:00,54.515,54.52,54.42,54.45,6616
2010-10-26 13:00:00,54.45,54.55,54.43,54.5,17473
2010-10-26 13:15:00,54.52,54.54,54.47,54.5,26575
2010-10-26 13:30:00,54.5,54.59,54.5,54.58,17052
2010-10-26 13:45:00,54.58,54.58,54.48,54.55,12200
2010-10-26 14:00:00,54.53,54.53,54.35,54.41,22231
2010-10-26 14:15:00,54.4,54.43,54.31,54.39,11593
2010-10-26 14:30:00,54.39,54.43,54.33,54.42,10614
2010-10-26 14:45:00,54.42,54.51,54.37,54.39,17821
2010-10-26 15:00:00,54.39,54.46,54.36,54.39,15100
2010-10-26 15:15:00,54.38,54.45,54.38,54.39,22128
2010-10-26 15:30:00,54.38,54.42,54.28,54.31,72504
2010-10-26 15:45:00,54.3,54.47,54.29,54.39,42553
2010-10-26 16:00:00,54.39,54.42,54.3,54.34,96107
2010-10-27 09:45:00,53.91,54.0,53.42,53.9,60481
2010-10-27 10:00:00,53.85,54.1,53.8,53.97,34205
2010-10-27 10:15:00,53.98,54.06,53.75,53.93,25135
2010-10-27 10:30:00,53.96,54.02,53.65,53.65,24612
2010-10-27 10:45:00,53.67,53.84,53.64,53.7,21806
2010-10-27 11:00:00,53.69,53.85,53.57,53.79,43681
2010-10-27 11:15:00,53.82,53.8799,53.77,53.83,29261
2010-10-27 11:30:00,53.82,53.83,53.7,53.72,36203
2010-10-27 11:45:00,53.73,53.842,53.67,53.77,15289
2010-10-27 12:00:00,53.81,53.82,53.69,53.79,18781
2010-10-27 12:15:00,53.79,53.79,53.71,53.75,25846
2010-10-27 12:30:00,53.75,53.8,53.7,53.7,7955
2010-10-27 12:45:00,53.71,53.76,53.67,53.72,17309
2010-10-27 13:00:00,53.72,53.82,53.72,53.77,10060
2010-10-27 13:15:00,53.76,53.85,53.71,53.79,24025
2010-10-27 13:30:00,53.78,53.86,53.69,53.85,10321
2010-10-27 13:45:00,53.87,54.08,53.86,54.07,51747
2010-10-27 14:00:00,54.07,54.33,54.04,54.29,74712
2010-10-27 14:15:00,54.28,54.31,54.18,54.23,23188
2010-10-27 14:30:00,54.21,54.25,54.07,54.07,23386
2010-10-27 14:45:00,54.065,54.32,54.0625,54.29,52649
2010-10-27 15:00:00,54.28,54.32,54.17,54.18,46016
2010-10-27 15:15:00,54.17,54.26,54.14,54.19,30696
2010-10-27 15:30:00,54.19,54.25,54.14,54.15,53953
2010-10-27 15:45:00,54.14,54.27,54.095,54.24,60745
2010-10-27 16:00:00,54.24,54.43,54.175,54.41,134871
2010-10-28 09:45:00,54.98,56.45,54.79,56.16,260707
2010-10-28 10:00:00,56.1799,57.24,56.15,57.18,190552
2010-10-28 10:15:00,57.185,57.41,56.89,57.39,140015
2010-10-28 10:30:00,57.4058,57.41,56.62,56.69,138719
2010-10-28 10:45:00,56.72,56.78,56.53,56.69,154219
2010-10-28 11:00:00,56.71,57.23,56.67,57.2,71817
2010-10-28 11:15:00,57.195,57.37,57.1,57.18,51956
2010-10-28 11:30:00,57.19,57.23,56.93,56.965,51998
2010-10-28 11:45:00,56.95,57.55,56.93,57.525,81709
2010-10-28 12:00:00,57.55,57.59,57.28,57.28,29253
2010-10-28 12:15:00,57.27,57.34,57.09,57.31,34481
2010-10-28 12:30:00,57.31,57.4,57.193000000000005,57.2101,26232
2010-10-28 12:45:00,57.21,57.21,56.96,57.01,66560
2010-10-28 13:00:00,56.9899,57.02,56.9,56.97,56905
2010-10-28 13:15:00,56.97,57.03,56.92,57.02,75543
2010-10-28 13:30:00,57.025,57.06,56.77,56.81,109042
2010-10-28 13:45:00,56.81,56.93,56.805,56.93,51116
2010-10-28 14:00:00,56.92,57.0,56.85,56.99,44021
2010-10-28 14:15:00,56.98,57.29,56.97,57.29,77499
2010-10-28 14:30:00,57.31,57.35,57.11,57.13,72884
2010-10-28 14:45:00,57.13,57.23,57.05,57.19,53316
2010-10-28 15:00:00,57.19,57.19,57.06,57.06,49834
2010-10-28 15:15:00,57.06,57.07,56.95,57.01,80958
2010-10-28 15:30:00,57.0,57.27,56.99,57.24,82818
2010-10-28 15:45:00,57.23,57.26,56.99,57.0,146528
2010-10-28 16:00:00,57.0,57.15,56.98,57.12,186627
2010-10-29 09:45:00,57.1,57.48,57.1,57.34,63642
2010-10-29 10:00:00,57.35,57.445,57.23,57.29,37918
2010-10-29 10:15:00,57.28,57.61,57.28,57.38,27982
2010-10-29 10:30:00,57.37,57.42,57.28,57.35,20893
2010-10-29 10:45:00,57.35,57.37,57.03,57.0425,28763
2010-10-29 11:00:00,57.04,57.04,56.87,56.94,31697
2010-10-29 11:15:00,56.94,57.02,56.935,57.01,37393
2010-10-29 11:30:00,57.01,57.43,56.98,57.0,39343
2010-10-29 11:45:00,57.02,57.11,56.98,56.99,58905
2010-10-29 12:00:00,57.0,57.06,56.98,57.03,30930
2010-10-29 12:15:00,57.03,57.1905,57.025,57.19,44404
2010-10-29 12:30:00,57.19,57.36,57.19,57.36,18168
2010-10-29 12:45:00,57.34,57.47,57.34,57.47,24605
2010-10-29 13:00:00,57.4699,57.54,57.43,57.51,18749
2010-10-29 13:15:00,57.51,57.53,57.49,57.5,16175
2010-10-29 13:30:00,57.5,57.58,57.47,57.55,17372
2010-10-29 13:45:00,57.55,57.64,57.53,57.63,25112
2010-10-29 14:00:00,57.64,57.75,57.62,57.73,31125
2010-10-29 14:15:00,57.73,57.86,57.72,57.85,62030
2010-10-29 14:30:00,57.85,57.92,57.81,57.89,42722
2010-10-29 14:45:00,57.89,58.03,57.87,58.02,76586
2010-10-29 15:00:00,58.02,58.07,57.97,58.0,94256
2010-10-29 15:15:00,58.0,58.12,57.99,58.1101,78116
2010-10-29 15:30:00,58.12,58.36,58.11,58.32,148799
2010-10-29 15:45:00,58.31,58.5,58.3,58.49,167096
2010-10-29 16:00:00,58.49,58.6,58.36,58.5,333559
2010-11-01 09:45:00,58.65,58.69,58.35,58.4,41484
2010-11-01 10:00:00,58.4,58.62,58.3875,58.59,91280
2010-11-01 10:15:00,58.6,58.82,58.48,58.5128,44947
2010-11-01 10:30:00,58.49,58.54,58.3,58.44,56786
2010-11-01 10:45:00,58.44,58.53,58.25,58.31,85464
2010-11-01 11:00:00,58.33,58.33,58.04,58.14,43512
2010-11-01 11:15:00,58.16,58.216,58.03,58.16,69202
2010-11-01 11:30:00,58.14,58.14,57.9,57.99,24395
2010-11-01 11:45:00,57.96,58.0,57.8,57.85,28514
2010-11-01 12:00:00,57.8704,57.95,57.82,57.82,17504
2010-11-01 12:15:00,57.82,57.83,57.66,57.7,27628
2010-11-01 12:30:00,57.69,57.71,57.63,57.67,31258
2010-11-01 12:45:00,57.66,57.7,57.66,57.68,17353
2010-11-01 13:00:00,57.69,57.69,57.59,57.67,20319
2010-11-01 13:15:00,57.67,57.71,57.55,57.56,44370
2010-11-01 13:30:00,57.56,57.596000000000004,57.46,57.596000000000004,61080
2010-11-01 13:45:00,57.62,57.7,57.62,57.7,39373
2010-11-01 14:00:00,57.7,57.71,57.66,57.68,33797
2010-11-01 14:15:00,57.69,57.705,57.66,57.68,44344
2010-11-01 14:30:00,57.7,57.76,57.57,57.57,46230
2010-11-01 14:45:00,57.58,57.6,57.44,57.57,50514
2010-11-01 15:00:00,57.57,57.58,57.46,57.49,43662
2010-11-01 15:15:00,57.48,57.5,57.38,57.38,71477
2010-11-01 15:30:00,57.38,57.61,57.37,57.57,55459
2010-11-01 15:45:00,57.575,57.6403,57.57,57.58,66474
2010-11-01 16:00:00,57.59,57.68,57.58,57.6,218722
2010-11-02 09:45:00,57.65,57.86,57.35,57.5,208545
2010-11-02 10:00:00,57.54,57.59,57.306000000000004,57.56,108483
2010-11-02 10:15:00,57.53,57.6,57.34,57.35,63260
2010-11-02 10:30:00,57.33,57.38,57.28,57.3,38850
2010-11-02 10:45:00,57.3,57.31100000000001,57.17,57.29,35441
2010-11-02 11:00:00,57.3,57.315,57.04,57.16,109693
2010-11-02 11:15:00,57.16,57.35,57.15,57.33,36683
2010-11-02 11:30:00,57.33,57.34,57.27,57.3,44998
2010-11-02 11:45:00,57.3,57.36,57.23,57.27,26490
2010-11-02 12:00:00,57.25,57.35,57.2,57.33,26541
2010-11-02 12:15:00,57.34,57.37,57.3,57.31,18626
2010-11-02 12:30:00,57.303000000000004,57.39,57.3,57.39,32235
2010-11-02 12:45:00,57.39,57.41,57.35,57.38,24500
2010-11-02 13:00:00,57.39,57.51,57.39,57.5,45802
2010-11-02 13:15:00,57.49,57.58,57.48,57.49,63913
2010-11-02 13:30:00,57.49,57.54,57.44,57.54,29681
2010-11-02 13:45:00,57.54,57.58,57.4,57.5,46703
2010-11-02 14:00:00,57.51,57.53,57.46,57.4801,24029
2010-11-02 14:15:00,57.49,57.5,57.48,57.483000000000004,29903
2010-11-02 14:30:00,57.48,57.5,57.38,57.5,35440
2010-11-02 14:45:00,57.5,57.5,57.36,57.36,61956
2010-11-02 15:00:00,57.36,57.41,57.33,57.36,32944
2010-11-02 15:15:00,57.37,57.43,57.36,57.41,43079
2010-11-02 15:30:00,57.4,57.42,57.33,57.36,53965
2010-11-02 15:45:00,57.36,57.36,57.19,57.211000000000006,46482
2010-11-02 16:00:00,57.22,57.275,57.13,57.15,134978
2010-11-03 09:45:00,57.12,57.3,56.97,57.1,47678
2010-11-03 10:00:00,57.11,57.14,56.96,57.0,63180
2010-11-03 10:15:00,57.0,57.115,56.93,57.08,46045
2010-11-03 10:30:00,57.08,57.1,57.0,57.09,23563
2010-11-03 10:45:00,57.09,57.14,57.06,57.09,87091
2010-11-03 11:00:00,57.09,57.31,57.09,57.2976,48490
2010-11-03 11:15:00,57.3,57.33,57.12,57.126000000000005,54215
2010-11-03 11:30:00,57.13,57.27,57.06,57.08,29280
2010-11-03 11:45:00,57.1,57.18,57.09,57.14,16175
2010-11-03 12:00:00,57.14,57.18,57.12,57.15,35052
2010-11-03 12:15:00,57.15,57.23,57.14,57.22,38389
2010-11-03 12:30:00,57.2,57.22,57.13,57.21,22482
2010-11-03 12:45:00,57.215,57.32,57.2,57.31,22407
2010-11-03 13:00:00,57.31,57.42,57.3,57.415,39747
2010-11-03 13:15:00,57.43,57.525,57.43,57.4606,74463
2010-11-03 13:30:00,57.47,57.49,57.41,57.46,10497
2010-11-03 13:45:00,57.46,57.52,57.33,57.42,37621
2010-11-03 14:00:00,57.42,57.48,57.37,57.37,18793
2010-11-03 14:15:00,57.3704,57.48,57.17,57.305,37523
2010-11-03 14:30:00,57.32,57.53,57.13,57.26,118519
2010-11-03 14:45:00,57.26,57.56,57.03,57.54,56566
2010-11-03 15:00:00,57.56,57.68,57.435,57.59,52404
2010-11-03 15:15:00,57.6,57.75,57.57,57.61,39404
2010-11-03 15:30:00,57.592,57.7,57.465,57.49,30425
2010-11-03 15:45:00,57.49,57.56,57.44,57.48,28652
2010-11-03 16:00:00,57.49,57.56,57.45,57.51,117102
2010-11-04 09:45:00,58.08,58.24,57.54,57.795,54478
2010-11-04 10:00:00,57.86,58.025,57.6775,57.83,53424
2010-11-04 10:15:00,57.85,57.9099,57.69,57.71,44054
2010-11-04 10:30:00,57.71,58.1,57.71,58.09,54308
2010-11-04 10:45:00,58.08,58.08,57.96,57.98,67886
2010-11-04 11:00:00,58.0,58.13,57.98,58.07,44520
2010-11-04 11:15:00,58.065,58.24,58.03,58.1401,86378
2010-11-04 11:30:00,58.16,58.225,58.12,58.15,32891
2010-11-04 11:45:00,58.15,58.247,57.975,57.99,37343
2010-11-04 12:00:00,58.0,58.015,57.9401,57.98,24580
2010-11-04 12:15:00,57.98,58.08,57.9196,58.075,17488
2010-11-04 12:30:00,58.07,58.0999,57.98,58.08,14653
2010-11-04 12:45:00,58.07,58.14,58.062,58.13,30879
2010-11-04 13:00:00,58.13,58.19,58.11,58.19,13374
2010-11-04 13:15:00,58.17,58.34,58.15,58.31,40376
2010-11-04 13:30:00,58.3,58.42,58.28,58.35,24727
2010-11-04 13:45:00,58.36,58.39,58.27,58.32,16210
2010-11-04 14:00:00,58.33,58.33,58.19,58.19,64271
2010-11-04 14:15:00,58.19,58.19,58.07,58.15,26391
2010-11-04 14:30:00,58.145,58.16,58.12,58.14,11327
2010-11-04 14:45:00,58.15,58.26,58.138000000000005,58.2,17840
2010-11-04 15:00:00,58.2,58.2,58.09,58.1,18661
2010-11-04 15:15:00,58.11,58.13,58.03,58.08,27160
2010-11-04 15:30:00,58.07,58.16,58.02,58.141999999999996,33798
2010-11-04 15:45:00,58.15,58.15,58.03,58.08,59112
2010-11-04 16:00:00,58.08,58.2,58.01,58.2,177972
2010-11-05 09:45:00,58.21,58.7,58.2,58.65,45933
2010-11-05 10:00:00,58.65,58.79,58.4,58.42,33042
2010-11-05 10:15:00,58.39,58.57,58.36,58.43,44806
2010-11-05 10:30:00,58.44,58.62,58.37,58.445,38206
2010-11-05 10:45:00,58.43,58.69,58.42,58.69,37741
2010-11-05 11:00:00,58.68,58.69,58.45,58.47,35777
2010-11-05 11:15:00,58.48,58.59,58.42,58.42,47009
2010-11-05 11:30:00,58.42,58.49,58.39,58.4699,12152
2010-11-05 11:45:00,58.43,58.5,58.38,58.42,12625
2010-11-05 12:00:00,58.38,58.46,58.35,58.38,14245
2010-11-05 12:15:00,58.35,58.39,58.26,58.29,11901
2010-11-05 12:30:00,58.28,58.3,58.15,58.26,8830
2010-11-05 12:45:00,58.25,58.425,58.17,58.31,29350
2010-11-05 13:00:00,58.25,58.25,58.13,58.23,13456
2010-11-05 13:15:00,58.25,58.38,58.25,58.34,6382
2010-11-05 13:30:00,58.37,58.52,58.353,58.46,7036
2010-11-05 13:45:00,58.46,58.46,58.28,58.32,15049
2010-11-05 14:00:00,58.3285,58.43,58.3285,58.42,6502
2010-11-05 14:15:00,58.45,58.45,58.33,58.33,8968
2010-11-05 14:30:00,58.33,58.34,58.25,58.3,9446
2010-11-05 14:45:00,58.3,58.36,58.28,58.28,15277
2010-11-05 15:00:00,58.28,58.36,58.26,58.29,10103
2010-11-05 15:15:00,58.29,58.37,58.27,58.27,19438
2010-11-05 15:30:00,58.26,58.32,58.22,58.3,23761
2010-11-05 15:45:00,58.31,58.38,58.23,58.25,29190
2010-11-05 16:00:00,58.27,58.43,58.27,58.43,83004
2010-11-08 09:45:00,58.33,58.74,58.26,58.6,45623
2010-11-08 10:00:00,58.61,58.61,58.21,58.4,24505
2010-11-08 10:15:00,58.4399,58.73,58.42,58.5603,29901
2010-11-08 10:30:00,58.59,58.77,58.55,58.73,13176
2010-11-08 10:45:00,58.72,59.0,58.6909,58.95,27575
2010-11-08 11:00:00,58.99,59.035,58.82,58.82,11238
2010-11-08 11:15:00,58.84,58.87,58.71,58.84,7923
2010-11-08 11:30:00,58.85,58.85,58.75,58.76,9175
2010-11-08 11:45:00,58.79,58.87,58.73,58.78,12175
2010-11-08 12:00:00,58.78,58.91,58.72,58.85,8509
2010-11-08 12:15:00,58.88,58.88,58.74,58.74,9813
2010-11-08 12:30:00,58.73,58.77,58.67,58.67,14175
2010-11-08 12:45:00,58.67,58.695,58.608999999999995,58.626999999999995,13213
2010-11-08 13:00:00,58.64,58.72,58.61,58.68,5286
2010-11-08 13:15:00,58.68,58.76,58.67,58.76,5697
2010-11-08 13:30:00,58.79,58.86,58.71,58.77,12071
2010-11-08 13:45:00,58.76,58.77,58.64,58.71,17019
2010-11-08 14:00:00,58.71,58.85,58.71,58.85,14692
2010-11-08 14:15:00,58.85,58.9,58.81,58.88,11901
2010-11-08 14:30:00,58.9,58.97,58.88,58.8935,9365
2010-11-08 14:45:00,58.89,58.89,58.73,58.8,11784
2010-11-08 15:00:00,58.79,58.82,58.72,58.73,21563
2010-11-08 15:15:00,58.75,58.82,58.59,58.63,27357
2010-11-08 15:30:00,58.64,58.71,58.61,58.64,15934
2010-11-08 15:45:00,58.66,58.72,58.61,58.66,38909
2010-11-08 16:00:00,58.66,58.75,58.61,58.69,65918
2010-11-09 09:45:00,58.88,58.92,58.26,58.41,29980
2010-11-09 10:00:00,58.4,58.48,58.2701,58.47,25249
2010-11-09 10:15:00,58.47,58.59,58.34,58.42,8153
2010-11-09 10:30:00,58.42,58.64,58.41,58.58,12928
2010-11-09 10:45:00,58.585,58.61,58.49,58.54,6128
2010-11-09 11:00:00,58.58,58.58,58.37,58.38,12809
2010-11-09 11:15:00,58.35,58.41,58.26,58.33,9360
2010-11-09 11:30:00,58.35,58.43,58.25,58.4,13439
2010-11-09 11:45:00,58.4,58.4,58.34,58.39,14155
2010-11-09 12:00:00,58.395,58.42,58.16,58.18,19345
2010-11-09 12:15:00,58.18,58.19,58.09,58.15,13966
2010-11-09 12:30:00,58.16,58.23,58.07,58.15,5850
2010-11-09 12:45:00,58.18,58.2,58.02,58.02,7208
2010-11-09 13:00:00,58.06,58.11,58.02,58.04,13407
2010-11-09 13:15:00,58.03,58.19,58.02,58.1,7631
2010-11-09 13:30:00,58.1,58.16,58.03,58.03,6686
2010-11-09 13:45:00,58.03,58.12,57.888999999999996,57.888999999999996,17618
2010-11-09 14:00:00,57.9,58.06,57.87,58.04,11755
2010-11-09 14:15:00,58.04,58.14,58.01,58.14,7899
2010-11-09 14:30:00,58.15,58.2,58.14,58.1999,12500
2010-11-09 14:45:00,58.2,58.24,58.18,58.205,10677
2010-11-09 15:00:00,58.21,58.25,58.19,58.217,11743
2010-11-09 15:15:00,58.2,58.2,58.02,58.08,15790
2010-11-09 15:30:00,58.09,58.151,58.0469,58.11,11768
2010-11-09 15:45:00,58.09,58.141999999999996,57.96,58.01,25185
2010-11-09 16:00:00,58.02,58.29,57.9,58.29,153032
2010-11-10 09:45:00,58.38,58.92,58.1,58.53,34534
2010-11-10 10:00:00,58.49,58.6,58.24,58.37,12492
2010-11-10 10:15:00,58.37,58.48,58.2,58.41,20064
2010-11-10 10:30:00,58.41,58.49,58.26,58.27,12342
2010-11-10 10:45:00,58.28,58.58,58.275,58.46,16872
2010-11-10 11:00:00,58.46,58.55,58.43,58.52,8615
2010-11-10 11:15:00,58.55,58.62,58.33,58.37,23838
2010-11-10 11:30:00,58.33,58.54,58.32,58.53,20425
2010-11-10 11:45:00,58.55,58.61,58.5,58.54,15172
2010-11-10 12:00:00,58.55,58.72,58.45,58.69,22531
2010-11-10 12:15:00,58.67,58.73,58.63,58.7,11073
2010-11-10 12:30:00,58.71,58.73,58.64,58.67,10800
2010-11-10 12:45:00,58.68,58.75,58.6,58.63,15308
2010-11-10 13:00:00,58.64,58.75,58.63,58.7,6413
2010-11-10 13:15:00,58.69,58.69,58.53,58.61,6600
2010-11-10 13:30:00,58.61,58.83,58.58,58.77,9712
2010-11-10 13:45:00,58.78,58.82,58.73,58.75,9375
2010-11-10 14:00:00,58.75,58.83,58.71,58.81,6684
2010-11-10 14:15:00,58.82,58.95,58.82,58.93,19459
2010-11-10 14:30:00,58.91,58.94,58.89,58.91,21310
2010-11-10 14:45:00,58.91,58.9698,58.835,58.9,58731
2010-11-10 15:00:00,58.9,59.04,58.9,59.04,38684
2010-11-10 15:15:00,59.04,59.1,59.0,59.0576,39336
2010-11-10 15:30:00,59.05,59.09,58.95,58.9587,61637
2010-11-10 15:45:00,58.96,59.08,58.95,59.0193,59510
2010-11-10 16:00:00,59.02,59.15,59.02,59.14,140804
2010-11-11 09:45:00,59.0,59.25,58.64,59.14,68121
2010-11-11 10:00:00,59.13,59.49,59.06,59.4899,48572
2010-11-11 10:15:00,59.49,59.65,59.15,59.64,53551
2010-11-11 10:30:00,59.65,60.21,59.65,60.11,149945
2010-11-11 10:45:00,60.11,60.12,59.65,59.66,93540
2010-11-11 11:00:00,59.65,59.69,59.54,59.66,55828
2010-11-11 11:15:00,59.67,60.02,59.65,59.81,62861
2010-11-11 11:30:00,59.86,59.88,59.73,59.74,32047
2010-11-11 11:45:00,59.76,59.95,59.46,59.63,104987
2010-11-11 12:00:00,59.61,59.742,59.49,59.67,35910
2010-11-11 12:15:00,59.67,59.86,59.6601,59.76,23294
2010-11-11 12:30:00,59.75,59.985,59.75,59.9476,31246
2010-11-11 12:45:00,59.95,59.975,59.9,59.92,34461
2010-11-11 13:00:00,59.92,60.3,59.92,60.25,51574
2010-11-11 13:15:00,60.26,60.49,60.2401,60.47,66842
2010-11-11 13:30:00,60.47,60.59,60.4,60.46,36721
2010-11-11 13:45:00,60.45,60.6799,60.4417,60.65,46837
2010-11-11 14:00:00,60.65,60.82,60.645,60.8,71045
2010-11-11 14:15:00,60.8,60.81,60.5,60.62,75042
2010-11-11 14:30:00,60.61,60.724,60.59,60.62,46729
2010-11-11 14:45:00,60.62,60.69,60.54,60.62,53952
2010-11-11 15:00:00,60.62,60.665,60.46,60.5429,68156
2010-11-11 15:15:00,60.54,60.55,60.39,60.45,80690
2010-11-11 15:30:00,60.44,60.48,60.22,60.2503,77069
2010-11-11 15:45:00,60.25,60.255,60.07,60.11,170607
2010-11-11 16:00:00,60.12,60.43,60.08,60.4,270803
2010-11-12 09:45:00,59.88,60.25,59.79,60.0,50901
2010-11-12 10:00:00,59.99,59.99,59.63,59.82,35135
2010-11-12 10:15:00,59.78,59.89,59.71,59.75,24396
2010-11-12 10:30:00,59.75,60.04,59.63,59.66,116014
2010-11-12 10:45:00,59.65,59.75,59.45,59.74,49459
2010-11-12 11:00:00,59.7325,59.771,59.37,59.45,32957
2010-11-12 11:15:00,59.44,59.59,59.42,59.58,35085
2010-11-12 11:30:00,59.57,59.7299,59.52,59.62,41896
2010-11-12 11:45:00,59.6,59.65,59.49,59.62,14934
2010-11-12 12:00:00,59.63,59.68,59.41,59.44,24711
2010-11-12 12:15:00,59.43,59.5,59.36,59.4,17064
2010-11-12 12:30:00,59.38,59.38,59.13,59.18,58346
2010-11-12 12:45:00,59.19,59.29,59.1,59.135,21565
2010-11-12 13:00:00,59.135,59.21,59.01,59.14,32290
2010-11-12 13:15:00,59.13,59.28,59.1,59.255,17021
2010-11-12 13:30:00,59.25,59.33,59.21,59.32,18352
2010-11-12 13:45:00,59.31,59.49,59.29,59.39,16428
2010-11-12 14:00:00,59.4,59.4,59.28,59.32,15942
2010-11-12 14:15:00,59.32,59.39,59.29,59.39,13217
2010-11-12 14:30:00,59.4,59.5,59.4,59.43,13043
2010-11-12 14:45:00,59.4399,59.5099,59.38,59.47,27315
2010-11-12 15:00:00,59.45,59.64,59.45,59.58,23868
2010-11-12 15:15:00,59.56,59.69,59.55,59.65,42317
2010-11-12 15:30:00,59.64,59.73,59.45,59.51,64088
2010-11-12 15:45:00,59.52,59.6099,59.48,59.52,42705
2010-11-12 16:00:00,59.53,59.63,59.5,59.54,160811
2010-11-15 09:45:00,59.92,59.96,59.55,59.84,22081
2010-11-15 10:00:00,59.87,59.98,59.605,59.77,26560
2010-11-15 10:15:00,59.76,59.76,59.39,59.6,31657
2010-11-15 10:30:00,59.62,59.79,59.61,59.7,18477
2010-11-15 10:45:00,59.75,59.88,59.72,59.73,26452
2010-11-15 11:00:00,59.75,59.8299,59.73,59.81,22115
2010-11-15 11:15:00,59.81,59.83,59.53,59.65,44200
2010-11-15 11:30:00,59.66,59.668,59.53,59.6,17309
2010-11-15 11:45:00,59.586000000000006,59.65,59.53,59.62,30654
2010-11-15 12:00:00,59.61,59.66,59.59,59.59,14523
2010-11-15 12:15:00,59.59,59.66,59.35,59.43,17539
2010-11-15 12:30:00,59.41,59.45,59.31,59.42,13951
2010-11-15 12:45:00,59.42,59.42,59.29,59.39,21456
2010-11-15 13:00:00,59.39,59.43,59.3565,59.4,12456
2010-11-15 13:15:00,59.41,59.4185,59.34,59.4,11271
2010-11-15 13:30:00,59.39,59.44,59.38,59.44,17437
2010-11-15 13:45:00,59.44,59.56,59.44,59.52,12049
2010-11-15 14:00:00,59.54,59.59,59.52,59.52,12518
2010-11-15 14:15:00,59.52,59.53,59.345,59.36,34010
2010-11-15 14:30:00,59.34,59.361000000000004,59.23,59.3,43518
2010-11-15 14:45:00,59.31,59.45,59.25,59.42,20595
2010-11-15 15:00:00,59.44,59.59,59.44,59.54,12725
2010-11-15 15:15:00,59.54,59.58,59.5,59.53,17248
2010-11-15 15:30:00,59.53,59.538999999999994,59.29,59.355,36312
2010-11-15 15:45:00,59.35,59.4,59.27,59.35,32137
2010-11-15 16:00:00,59.3525,59.3525,59.18,59.32,102507
2010-11-16 09:45:00,58.31,59.68,58.31,59.43,40564
2010-11-16 10:00:00,59.49,59.55,59.15,59.26,21110
2010-11-16 10:15:00,59.23,59.47,59.12,59.42,32946
2010-11-16 10:30:00,59.36,59.51,59.1,59.28,32301
2010-11-16 10:45:00,59.29,59.31,58.9,59.21,30912
2010-11-16 11:00:00,59.23,59.36,59.14,59.3,32604
2010-11-16 11:15:00,59.31,59.39,59.06,59.18,33387
2010-11-16 11:30:00,59.2,59.22,58.89,58.93,31856
2010-11-16 11:45:00,58.98,59.12,58.91,58.96,46561
2010-11-16 12:00:00,58.9,58.97,58.79,58.85,48437
2010-11-16 12:15:00,58.85,58.97,58.78,58.915,23257
2010-11-16 12:30:00,58.9223,58.99,58.8,58.84,17846
2010-11-16 12:45:00,58.83,58.84,58.7,58.76,12737
2010-11-16 13:00:00,58.77,59.01,58.7508,58.98,13293
2010-11-16 13:15:00,59.0,59.0,58.86,58.93,8987
2010-11-16 13:30:00,58.92,59.01,58.91,59.0,10595
2010-11-16 13:45:00,59.0,59.03,58.9,58.95,19274
2010-11-16 14:00:00,58.95,59.04,58.88,58.98,20661
2010-11-16 14:15:00,58.98,59.09,58.95,59.03,15245
2010-11-16 14:30:00,59.01,59.03,58.72,58.81,34712
2010-11-16 14:45:00,58.82,58.84,58.59,58.59,41030
2010-11-16 15:00:00,58.61,58.77,58.61,58.7,34329
2010-11-16 15:15:00,58.73,58.75,58.55,58.56,41109
2010-11-16 15:30:00,58.57,58.61,58.42,58.54,90567
2010-11-16 15:45:00,58.55,58.57,58.41,58.49,65119
2010-11-16 16:00:00,58.49,58.57,58.38,58.38,208628
2010-11-17 09:45:00,58.35,58.66,58.24,58.28,42438
2010-11-17 10:00:00,58.3,58.55,58.295,58.47,26379
2010-11-17 10:15:00,58.47,58.59,58.41,58.52,18593
2010-11-17 10:30:00,58.53,58.53,58.31,58.35,26442
2010-11-17 10:45:00,58.39,58.52,58.29,58.45,31363
2010-11-17 11:00:00,58.42,58.46,58.29,58.32,25289
2010-11-17 11:15:00,58.31,58.33,58.19,58.285,43281
2010-11-17 11:30:00,58.29,58.31,58.26,58.3,17346
2010-11-17 11:45:00,58.28,58.3,58.2,58.2,24797
2010-11-17 12:00:00,58.19,58.23,58.07,58.21,20157
2010-11-17 12:15:00,58.22,58.3,58.22,58.29,14179
2010-11-17 12:30:00,58.3,58.3,58.23,58.26,12600
2010-11-17 12:45:00,58.27,58.29,58.21,58.28,12831
2010-11-17 13:00:00,58.28,58.29,58.21,58.25,14149
2010-11-17 13:15:00,58.25,58.3,58.22,58.29,26864
2010-11-17 13:30:00,58.29,58.41,58.285,58.4,60902
2010-11-17 13:45:00,58.41,58.51,58.37,58.45,67249
2010-11-17 14:00:00,58.42,58.55,58.4,58.54,78670
2010-11-17 14:15:00,58.5301,58.75,58.51,58.71,38424
2010-11-17 14:30:00,58.715,58.77,58.63,58.755,32608
2010-11-17 14:45:00,58.74,58.91,58.72,58.86,28595
2010-11-17 15:00:00,58.86,58.98,58.83,58.93,56792
2010-11-17 15:15:00,58.89,58.96,58.74,58.81,36745
2010-11-17 15:30:00,58.76,58.85,58.67,58.68,46614
2010-11-17 15:45:00,58.69,58.91,58.69,58.75,64811
2010-11-17 16:00:00,58.76,58.88,58.75,58.82,199365
2010-11-18 09:45:00,59.27,59.5,59.0,59.45,48087
2010-11-18 10:00:00,59.54,59.67,59.42,59.64,48156
2010-11-18 10:15:00,59.69,59.87,59.6,59.81,49654
2010-11-18 10:30:00,59.85,60.0,59.68,59.99,52742
2010-11-18 10:45:00,59.99,60.0,59.77,59.885,168294
2010-11-18 11:00:00,59.89,59.97,59.79,59.865,24142
2010-11-18 11:15:00,59.89,59.955,59.61,59.64,102355
2010-11-18 11:30:00,59.65,59.77,59.6,59.71,28866
2010-11-18 11:45:00,59.72,59.72,59.6,59.66,25571
2010-11-18 12:00:00,59.65,59.78,59.6,59.75,15916
2010-11-18 12:15:00,59.8,59.838,59.763999999999996,59.763999999999996,20124
2010-11-18 12:30:00,59.8,59.81,59.76,59.8,27889
2010-11-18 12:45:00,59.805,59.81,59.75,59.81,13712
2010-11-18 13:00:00,59.81,59.84,59.78,59.8,13390
2010-11-18 13:15:00,59.79,59.8,59.75,59.75,10024
2010-11-18 13:30:00,59.78,59.8,59.75,59.78,7121
2010-11-18 13:45:00,59.78,59.81,59.7,59.7,12542
2010-11-18 14:00:00,59.69,59.78,59.62,59.72,12663
2010-11-18 14:15:00,59.72,59.74,59.6,59.6,14207
2010-11-18 14:30:00,59.62,59.64,59.47,59.54,18526
2010-11-18 14:45:00,59.55,59.59,59.48,59.52,28781
2010-11-18 15:00:00,59.52,59.65,59.52,59.53,31017
2010-11-18 15:15:00,59.54,59.59,59.49,59.53,23223
2010-11-18 15:30:00,59.52,59.54,59.45,59.48,43812
2010-11-18 15:45:00,59.48,59.48,59.33,59.42,38288
2010-11-18 16:00:00,59.42,59.47,59.33,59.44,131504
2010-11-19 09:45:00,59.47,59.49,59.23,59.33,183709
2010-11-19 10:00:00,59.36,59.4299,59.205,59.4,30926
2010-11-19 10:15:00,59.41,59.41,59.12,59.24,33798
2010-11-19 10:30:00,59.23,59.26,59.09,59.15,13481
2010-11-19 10:45:00,59.13,59.32,59.1,59.31,14126
2010-11-19 11:00:00,59.28,59.43,59.27,59.32,17412
2010-11-19 11:15:00,59.28,59.38,59.25,59.27,10883
2010-11-19 11:30:00,59.26,59.33,59.23,59.28,10030
2010-11-19 11:45:00,59.28,59.32,59.2,59.24,27144
2010-11-19 12:00:00,59.25,59.28,59.19,59.19,14873
2010-11-19 12:15:00,59.19,59.33,59.19,59.25,6375
2010-11-19 12:30:00,59.23,59.27,59.2,59.23,8963
2010-11-19 12:45:00,59.23,59.33,59.23,59.3,8842
2010-11-19 13:00:00,59.32,59.47,59.32,59.465,13391
2010-11-19 13:15:00,59.47,59.538999999999994,59.42,59.53,8888
2010-11-19 13:30:00,59.52,59.53,59.4611,59.47,7436
2010-11-19 13:45:00,59.465,59.47,59.36,59.39,9358
2010-11-19 14:00:00,59.405,59.44,59.36,59.42,11451
2010-11-19 14:15:00,59.44,59.55,59.43,59.53,10271
2010-11-19 14:30:00,59.55,59.55,59.49,59.52,4389
2010-11-19 14:45:00,59.5,59.61,59.5,59.61,13976
2010-11-19 15:00:00,59.61,59.63,59.51,59.55,24427
2010-11-19 15:15:00,59.55,59.595,59.42,59.44,16871
2010-11-19 15:30:00,59.44,59.53,59.43,59.48,11330
2010-11-19 15:45:00,59.48,59.5,59.41,59.45,29598
2010-11-19 16:00:00,59.46,59.55,59.43,59.51,77886
2010-11-22 09:45:00,59.9999,60.0,59.5,59.735,110674
2010-11-22 10:00:00,59.7,60.0,59.65,59.92,58471
2010-11-22 10:15:00,59.93,60.49,59.93,60.49,86866
2010-11-22 10:30:00,60.49,60.821999999999996,60.18,60.18,82535
2010-11-22 10:45:00,60.16,60.26,60.05,60.26,47813
2010-11-22 11:00:00,60.23,60.32,60.16,60.21,39340
2010-11-22 11:15:00,60.227,60.25899999999999,60.11,60.22,34419
2010-11-22 11:30:00,60.22,60.36,60.185,60.22,40398
2010-11-22 11:45:00,60.22,60.278999999999996,60.169,60.2,22923
2010-11-22 12:00:00,60.2,60.25,60.12,60.25,14809
2010-11-22 12:15:00,60.24,60.25899999999999,60.145,60.2,31601
2010-11-22 12:30:00,60.2199,60.26,59.98,59.99,37501
2010-11-22 12:45:00,59.98,60.01,59.86,59.97,31794
2010-11-22 13:00:00,59.96,59.98,59.8,59.95,22674
2010-11-22 13:15:00,59.95,60.03,59.87,59.994,16821
2010-11-22 13:30:00,59.97,60.08,59.92,60.07899999999999,21046
2010-11-22 13:45:00,60.075,60.25,60.075,60.14,39032
2010-11-22 14:00:00,60.15,60.26,60.15,60.176,49096
2010-11-22 14:15:00,60.2176,60.2799,60.15,60.24,42112
2010-11-22 14:30:00,60.26,60.37,60.25,60.28,28225
2010-11-22 14:45:00,60.28,60.31,60.2,60.25,28384
2010-11-22 15:00:00,60.25,60.39,60.24,60.31,30405
2010-11-22 15:15:00,60.31,60.36,60.225,60.23,35390
2010-11-22 15:30:00,60.24,60.2899,60.14,60.18,36079
2010-11-22 15:45:00,60.18,60.31,60.12,60.27,52038
2010-11-22 16:00:00,60.27,60.29,60.15,60.24,109336
2010-11-23 09:45:00,59.93,59.93,59.68,59.75,55469
2010-11-23 10:00:00,59.73,59.78,59.26,59.39,50407
2010-11-23 10:15:00,59.38,59.568999999999996,59.33,59.47,25978
2010-11-23 10:30:00,59.5,59.76,59.47,59.51,21436
2010-11-23 10:45:00,59.54,59.83,59.5319,59.81,20747
2010-11-23 11:00:00,59.83,59.8904,59.76,59.84,21754
2010-11-23 11:15:00,59.83,59.84,59.4501,59.53,26719
2010-11-23 11:30:00,59.53,59.56,59.44,59.44,18963
2010-11-23 11:45:00,59.42,59.43,59.34,59.34,17723
2010-11-23 12:00:00,59.38,59.48,59.37,59.41,17256
2010-11-23 12:15:00,59.41,59.51,59.37,59.48,15749
2010-11-23 12:30:00,59.4788,59.48,59.41,59.44,15338
2010-11-23 12:45:00,59.4583,59.48,59.3,59.4,21294
2010-11-23 13:00:00,59.41,59.46,59.35,59.44,9778
2010-11-23 13:15:00,59.45,59.45,59.36,59.42,11375
2010-11-23 13:30:00,59.42,59.55,59.41,59.5,22651
2010-11-23 13:45:00,59.52,59.54,59.45,59.485,18748
2010-11-23 14:00:00,59.49,59.5,59.44,59.5,18561
2010-11-23 14:15:00,59.51,59.64,59.42,59.61,40782
2010-11-23 14:30:00,59.61,59.62,59.475,59.5625,28355
2010-11-23 14:45:00,59.57,59.5999,59.46,59.5999,21822
2010-11-23 15:00:00,59.58,59.66,59.5,59.62,19789
2010-11-23 15:15:00,59.619,59.67,59.51,59.6,47700
2010-11-23 15:30:00,59.61,59.67,59.56,59.66,39895
2010-11-23 15:45:00,59.66,59.82,59.65,59.81,43350
2010-11-23 16:00:00,59.8,59.95,59.77,59.87,118164
2010-11-24 09:45:00,60.27,60.64,60.08,60.38,41770
2010-11-24 10:00:00,60.39,60.58,60.39,60.53,22702
2010-11-24 10:15:00,60.54,60.54,60.32,60.46,87192
2010-11-24 10:30:00,60.465,60.99,60.38,60.99,59738
2010-11-24 10:45:00,60.98,61.0,60.71,60.77,43840
2010-11-24 11:00:00,60.79,60.9,60.78,60.82,39504
2010-11-24 11:15:00,60.8,60.95,60.75,60.76,26789
2010-11-24 11:30:00,60.76,60.86,60.75,60.82,15390
2010-11-24 11:45:00,60.82,60.878,60.67,60.78,64067
2010-11-24 12:00:00,60.78,60.87,60.78,60.87,33797
2010-11-24 12:15:00,60.86,60.89,60.78,60.86,21618
2010-11-24 12:30:00,60.87,60.97,60.835,60.95,31387
2010-11-24 12:45:00,60.96,60.97,60.86,60.96,51309
2010-11-24 13:00:00,60.98,61.0,60.89,60.92,17701
2010-11-24 13:15:00,60.91,60.942,60.86,60.9,8844
2010-11-24 13:30:00,60.92,60.99,60.87,60.9,24544
2010-11-24 13:45:00,60.915,60.98,60.87,60.87,17458
2010-11-24 14:00:00,60.86,60.8701,60.8,60.83,12612
2010-11-24 14:15:00,60.83,60.89,60.8,60.85,52738
2010-11-24 14:30:00,60.85,60.85,60.81,60.84,40220
2010-11-24 14:45:00,60.85,60.87,60.76,60.77,44092
2010-11-24 15:00:00,60.7781,60.86,60.7781,60.84,12479
2010-11-24 15:15:00,60.84,60.86,60.78,60.78,21305
2010-11-24 15:30:00,60.78,60.83,60.73,60.75,36243
2010-11-24 15:45:00,60.76,60.8,60.71,60.77,38794
2010-11-24 16:00:00,60.78,60.78,60.66,60.71,95614
2010-11-26 09:45:00,60.39,60.91,60.3,60.6,23326
2010-11-26 10:00:00,60.6,60.81,60.56,60.56,9619
2010-11-26 10:15:00,60.55,60.7499,60.55,60.74,9050
2010-11-26 10:30:00,60.76,60.76,60.58,60.62,10133
2010-11-26 10:45:00,60.62,60.73,60.6,60.64,10016
2010-11-26 11:00:00,60.64,60.64,60.57,60.59,8874
2010-11-26 11:15:00,60.6,60.65,60.58,60.6325,8475
2010-11-26 11:30:00,60.63,60.69,60.61,60.65,4954
2010-11-26 11:45:00,60.69,60.7,60.63,60.67,5269
2010-11-26 12:00:00,60.67,60.71,60.6696,60.71,6987
2010-11-26 12:15:00,60.72,60.77,60.67,60.74,16046
2010-11-26 12:30:00,60.74,60.82,60.73,60.78,10854
2010-11-26 12:45:00,60.7899,60.7975,60.63,60.65,14100
2010-11-26 13:00:00,60.64,60.69,60.59,60.67,36932
2010-11-26 13:15:00,60.67,60.6761,60.6605,60.6605,117307
2010-11-26 14:00:00,60.6605,60.6605,60.6605,60.6605,100
2010-11-29 09:45:00,60.27,60.49,59.96,60.13,35752
2010-11-29 10:00:00,60.21,60.23,59.44,59.48,44092
2010-11-29 10:15:00,59.48,59.75,59.33,59.75,74672
2010-11-29 10:30:00,59.74,59.84,59.35,59.42,28510
2010-11-29 10:45:00,59.415,59.61,59.35,59.56,19019
2010-11-29 11:00:00,59.57,59.65,59.34,59.38,23584
2010-11-29 11:15:00,59.38,59.68,59.3,59.66,20650
2010-11-29 11:30:00,59.68,59.72,59.44,59.56,23552
2010-11-29 11:45:00,59.55,59.57,59.26,59.32,21029
2010-11-29 12:00:00,59.33,59.45,59.27,59.28,19175
2010-11-29 12:15:00,59.27,59.45,59.26,59.36,29743
2010-11-29 12:30:00,59.37,59.5,59.32,59.33,28373
2010-11-29 12:45:00,59.33,59.525,59.33,59.43,17755
2010-11-29 13:00:00,59.43,59.4662,59.37,59.445,13924
2010-11-29 13:15:00,59.4679,59.54,59.43,59.445,12344
2010-11-29 13:30:00,59.44,59.51,59.41,59.425,14444
2010-11-29 13:45:00,59.44,59.5,59.39,59.47,26199
2010-11-29 14:00:00,59.49,59.61,59.45,59.49,23116
2010-11-29 14:15:00,59.49,59.62,59.48,59.49,24884
2010-11-29 14:30:00,59.49,59.64,59.48,59.6275,20985
2010-11-29 14:45:00,59.63,59.87,59.63,59.8,44504
2010-11-29 15:00:00,59.83,60.02,59.81,59.99,52181
2010-11-29 15:15:00,60.01,60.06,59.95,59.996,43284
2010-11-29 15:30:00,60.0,60.2,59.995,60.17,60404
2010-11-29 15:45:00,60.165,60.165,59.895,59.97,65785
2010-11-29 16:00:00,59.96,60.09,59.87,59.92,129526
2010-11-30 09:45:00,59.54,59.65,59.01,59.32,47125
2010-11-30 10:00:00,59.27,59.52,59.19,59.44,29300
2010-11-30 10:15:00,59.44,59.695,59.43,59.53,43535
2010-11-30 10:30:00,59.59,59.8881,59.51,59.875,33565
2010-11-30 10:45:00,59.83,59.9095,59.68,59.73,21771
2010-11-30 11:00:00,59.73,59.73,59.51,59.65,46917
2010-11-30 11:15:00,59.64,59.74,59.51,59.51,29375
2010-11-30 11:30:00,59.54,59.77,59.46,59.65,44489
2010-11-30 11:45:00,59.63,59.67,59.51,59.61,21247
2010-11-30 12:00:00,59.61,59.66,59.51,59.65,21005
2010-11-30 12:15:00,59.66,59.8025,59.635,59.8025,24638
2010-11-30 12:30:00,59.8097,59.8097,59.655,59.68,17980
2010-11-30 12:45:00,59.695,59.715,59.59,59.69,17350
2010-11-30 13:00:00,59.705,59.7175,59.64,59.69,16536
2010-11-30 13:15:00,59.67,59.84,59.61,59.8375,15812
2010-11-30 13:30:00,59.84,59.945,59.835,59.8575,28092
2010-11-30 13:45:00,59.86,59.93,59.825,59.85,19955
2010-11-30 14:00:00,59.86,59.95,59.79,59.95,14598
2010-11-30 14:15:00,59.94,60.0,59.922,59.97,24474
2010-11-30 14:30:00,59.97,59.97,59.65,59.7,41066
2010-11-30 14:45:00,59.68,59.75,59.64,59.75,32302
2010-11-30 15:00:00,59.76,59.99,59.75,59.965,31928
2010-11-30 15:15:00,59.965,60.0,59.91,59.98,42959
2010-11-30 15:30:00,59.98,60.1,59.94,60.022,62820
2010-11-30 15:45:00,60.03,60.09,59.96,59.97,61043
2010-11-30 16:00:00,59.96,60.33,59.9,60.18,282219
2010-12-01 09:45:00,60.74,61.21,60.71,61.21,68501
2010-12-01 10:00:00,61.21,61.32,61.07,61.24,59541
2010-12-01 10:15:00,61.28,61.31,60.71,60.77,33999
2010-12-01 10:30:00,60.77,60.8,60.55,60.59,59870
2010-12-01 10:45:00,60.58,60.85,60.58,60.85,39211
2010-12-01 11:00:00,60.83,60.88,60.6406,60.66,26473
2010-12-01 11:15:00,60.67,60.68,60.53,60.6194,33121
2010-12-01 11:30:00,60.61,60.64,60.53,60.53,23734
2010-12-01 11:45:00,60.53,60.635,60.52,60.61,27994
2010-12-01 12:00:00,60.61,60.79,60.59,60.74,48353
2010-12-01 12:15:00,60.77,60.875,60.67,60.67,30064
2010-12-01 12:30:00,60.67,60.71,60.62,60.69,29871
2010-12-01 12:45:00,60.71,60.76,60.67,60.75,20265
2010-12-01 13:00:00,60.75,60.85,60.748999999999995,60.84,12385
2010-12-01 13:15:00,60.83,60.92,60.83,60.92,10522
2010-12-01 13:30:00,60.91,60.93,60.73,60.77,14800
2010-12-01 13:45:00,60.77,60.84,60.76,60.83,12003
2010-12-01 14:00:00,60.82,60.83,60.76,60.76,14643
2010-12-01 14:15:00,60.79,60.82,60.71,60.8,22892
2010-12-01 14:30:00,60.78,60.85,60.73,60.78,18511
2010-12-01 14:45:00,60.78,60.9,60.78,60.89,16860
2010-12-01 15:00:00,60.89,60.93,60.85,60.91,10682
2010-12-01 15:15:00,60.9001,60.91,60.82,60.84,19001
2010-12-01 15:30:00,60.85,60.91,60.84,60.87,14648
2010-12-01 15:45:00,60.87,60.92,60.8,60.84,48729
2010-12-01 16:00:00,60.85,60.86,60.65,60.71,107412
2010-12-02 09:45:00,60.77,61.14,60.72,60.84,47961
2010-12-02 10:00:00,60.85,60.85,60.63,60.725,47996
2010-12-02 10:15:00,60.75,61.0,60.75,61.0,56953
2010-12-02 10:30:00,60.96,61.0,60.87,60.94,37432
2010-12-02 10:45:00,60.94,61.0,60.88,60.989,31722
2010-12-02 11:00:00,61.0,61.0,60.94,61.0,17737
2010-12-02 11:15:00,61.0,61.1,60.95,61.09,119093
2010-12-02 11:30:00,61.08,61.26,61.04,61.2,33003
2010-12-02 11:45:00,61.19,61.2096,61.12,61.14,29260
2010-12-02 12:00:00,61.15,61.18,61.13,61.14,20195
2010-12-02 12:15:00,61.13,61.18,61.11,61.15,15077
2010-12-02 12:30:00,61.15,61.18,61.12,61.14,30806
2010-12-02 12:45:00,61.138000000000005,61.2,61.138000000000005,61.17,27617
2010-12-02 13:00:00,61.175,61.215,61.16,61.17,10057
2010-12-02 13:15:00,61.18,61.32,61.17,61.31,49255
2010-12-02 13:30:00,61.32,61.45,61.32,61.44,27773
2010-12-02 13:45:00,61.46,61.51,61.45,61.48,29653
2010-12-02 14:00:00,61.48,61.525,61.43,61.44,68816
2010-12-02 14:15:00,61.44,61.53,61.44,61.5,49422
2010-12-02 14:30:00,61.513999999999996,61.73,61.5,61.71,30182
2010-12-02 14:45:00,61.703,61.73,61.685,61.73,34783
2010-12-02 15:00:00,61.725,61.75,61.66,61.6601,30564
2010-12-02 15:15:00,61.67,61.7,61.63,61.68,25440
2010-12-02 15:30:00,61.67,61.71,61.64,61.69,26800
2010-12-02 15:45:00,61.68,61.75,61.63,61.63,64867
2010-12-02 16:00:00,61.63,61.75,61.59,61.75,133158
2010-12-03 09:45:00,61.54,61.86,61.42,61.62,49475
2010-12-03 10:00:00,61.63,61.7,61.37,61.45,33400
2010-12-03 10:15:00,61.45,61.68,61.4,61.44,21900
2010-12-03 10:30:00,61.44,61.52,61.24,61.32,24040
2010-12-03 10:45:00,61.42,61.52,61.39,61.39,18556
2010-12-03 11:00:00,61.37,61.44,61.31,61.43,60965
2010-12-03 11:15:00,61.4275,61.46,61.4,61.42,39429
2010-12-03 11:30:00,61.425,61.498999999999995,61.37,61.39,21510
2010-12-03 11:45:00,61.39,61.49,61.39,61.485,13227
2010-12-03 12:00:00,61.47,61.53,61.47,61.48,13545
2010-12-03 12:15:00,61.48,61.535,61.46,61.5,27871
2010-12-03 12:30:00,61.51,61.61,61.4669,61.59,63543
2010-12-03 12:45:00,61.57,61.64,61.53,61.57,17219
2010-12-03 13:00:00,61.59,61.62,61.56,61.61,7427
2010-12-03 13:15:00,61.62,61.69,61.618,61.69,14985
2010-12-03 13:30:00,61.68,61.74,61.64,61.64,16976
2010-12-03 13:45:00,61.64,61.65,61.575,61.63,19585
2010-12-03 14:00:00,61.63,61.66,61.562,61.615,62107
2010-12-03 14:15:00,61.62,61.64,61.55,61.58,34037
2010-12-03 14:30:00,61.58,61.61,61.5101,61.57,24152
2010-12-03 14:45:00,61.57,61.615,61.56,61.615,12947
2010-12-03 15:00:00,61.61,61.65,61.53,61.56,24132
2010-12-03 15:15:00,61.57,61.6,61.51,61.59,24541
2010-12-03 15:30:00,61.59,61.61,61.5,61.5,58248
2010-12-03 15:45:00,61.5,61.7,61.47,61.6599,87759
2010-12-03 16:00:00,61.66,61.69,61.58,61.61,197312
2010-12-06 09:45:00,61.63,61.82,61.4,61.48,41391
2010-12-06 10:00:00,61.47,61.59,61.35,61.36,27267
2010-12-06 10:15:00,61.36,61.53,61.35,61.5,14248
2010-12-06 10:30:00,61.55,61.56,61.47,61.55,16996
2010-12-06 10:45:00,61.56,61.6,61.415,61.43,18626
2010-12-06 11:00:00,61.41,61.43,61.23,61.25,16560
2010-12-06 11:15:00,61.25,61.3,61.24,61.265,18615
2010-12-06 11:30:00,61.265,61.28,61.24,61.255,17011
2010-12-06 11:45:00,61.278999999999996,61.28,61.15,61.25,24564
2010-12-06 12:00:00,61.27,61.285,61.15,61.275,17844
2010-12-06 12:15:00,61.28,61.28,61.2,61.27,16623
2010-12-06 12:30:00,61.26,61.27,61.18,61.2,10544
2010-12-06 12:45:00,61.21,61.25,61.21,61.215,12349
2010-12-06 13:00:00,61.22,61.2699,61.2,61.2699,15265
2010-12-06 13:15:00,61.2699,61.29,61.2179,61.22,27021
2010-12-06 13:30:00,61.2227,61.26,61.2,61.26,9064
2010-12-06 13:45:00,61.27,61.28,61.2,61.205,25146
2010-12-06 14:00:00,61.21,61.22,61.135,61.195,20315
2010-12-06 14:15:00,61.21,61.22,61.165,61.195,15763
2010-12-06 14:30:00,61.2,61.215,61.17,61.17,19419
2010-12-06 14:45:00,61.167,61.245,61.167,61.2,31770
2010-12-06 15:00:00,61.205,61.22,61.18,61.205,15229
2010-12-06 15:15:00,61.2,61.22,61.16,61.17,28109
2010-12-06 15:30:00,61.17,61.17,61.11,61.11,25300
2010-12-06 15:45:00,61.11,61.18,61.11,61.163000000000004,66735
2010-12-06 16:00:00,61.16,61.22,61.13,61.18,110660
2010-12-07 09:45:00,61.96,62.4,61.95,62.0702,115280
2010-12-07 10:00:00,62.06,62.17,61.7,61.7,44143
2010-12-07 10:15:00,61.71,61.71,61.08,61.12,149406
2010-12-07 10:30:00,61.11,61.16,61.0,61.05,109550
2010-12-07 10:45:00,61.04,61.104,60.895,61.104,51042
2010-12-07 11:00:00,61.11,61.11,60.73,60.75,64755
2010-12-07 11:15:00,60.77,60.81,60.4,60.73,107690
2010-12-07 11:30:00,60.73,60.84,60.36,60.38,53099
2010-12-07 11:45:00,60.38,60.65,60.36,60.59,53884
2010-12-07 12:00:00,60.6099,60.67,60.36,60.39,39011
2010-12-07 12:15:00,60.39,60.47,60.22,60.43,47380
2010-12-07 12:30:00,60.43,60.69,60.425,60.6,34263
2010-12-07 12:45:00,60.6,60.6,60.54,60.565,33070
2010-12-07 13:00:00,60.56,60.61,60.49,60.595,25330
2010-12-07 13:15:00,60.6,60.65,60.5,60.56,33113
2010-12-07 13:30:00,60.5499,60.78,60.5499,60.78,24758
2010-12-07 13:45:00,60.79,60.88,60.7,60.88,53581
2010-12-07 14:00:00,60.87,60.98,60.79,60.8,33464
2010-12-07 14:15:00,60.79,60.905,60.79,60.88,19350
2010-12-07 14:30:00,60.89,60.93,60.85,60.86,29874
2010-12-07 14:45:00,60.85,61.08,60.85,61.07,47396
2010-12-07 15:00:00,61.06,61.07,60.7201,60.75,100816
2010-12-07 15:15:00,60.77,60.86,60.66,60.69,41755
2010-12-07 15:30:00,60.7,60.74,60.55,60.56,48287
2010-12-07 15:45:00,60.58,60.58,60.44,60.45,64386
2010-12-07 16:00:00,60.44,60.54,60.3601,60.54,174803
2010-12-08 09:45:00,60.68,61.18,60.68,60.98,59790
2010-12-08 10:00:00,60.98,61.09,60.87,60.92,41159
2010-12-08 10:15:00,60.92,60.98,60.816,60.88,34047
2010-12-08 10:30:00,60.9,61.0,60.79,60.97,56527
2010-12-08 10:45:00,60.97,61.0,60.83,60.9,45755
2010-12-08 11:00:00,60.9,61.01,60.89,60.98,45219
2010-12-08 11:15:00,60.97,61.05,60.9,60.95,67298
2010-12-08 11:30:00,60.95,60.98,60.86,60.9364,24998
2010-12-08 11:45:00,60.91,60.91,60.81,60.83,17914
2010-12-08 12:00:00,60.86,60.89,60.815,60.88,28668
2010-12-08 12:15:00,60.88,60.9225,60.845,60.9099,55450
2010-12-08 12:30:00,60.91,61.0,60.89,60.93,38966
2010-12-08 12:45:00,60.95,61.02,60.949,61.0162,29692
2010-12-08 13:00:00,61.0,61.0,60.91,60.96,13097
2010-12-08 13:15:00,60.96,61.05,60.94,60.97,49661
2010-12-08 13:30:00,60.97,60.98,60.855,60.9225,9148
2010-12-08 13:45:00,60.91,61.02,60.91,60.9215,25369
2010-12-08 14:00:00,60.94,61.0,60.92,60.96,13011
2010-12-08 14:15:00,60.9675,61.0,60.92,61.0,16390
2010-12-08 14:30:00,60.99,61.0,60.87,60.9,35929
2010-12-08 14:45:00,60.9,61.01,60.9,60.99,24061
2010-12-08 15:00:00,61.0,61.04,60.99,61.01,19974
2010-12-08 15:15:00,61.0025,61.0025,60.93,60.97,23491
2010-12-08 15:30:00,60.97,61.0,60.95,60.97,23165
2010-12-08 15:45:00,60.97,61.06,60.95,61.0,67866
2010-12-08 16:00:00,61.0,61.13,61.0,61.13,192830
2010-12-09 09:45:00,61.31,61.4,60.79,60.87,32262
2010-12-09 10:00:00,60.9,60.98,60.825,60.87,48325
2010-12-09 10:15:00,60.87,60.88,60.62,60.65,32793
2010-12-09 10:30:00,60.62,60.75,60.525,60.62,30519
2010-12-09 10:45:00,60.61,60.73,60.55,60.724,63409
2010-12-09 11:00:00,60.73,60.945,60.7,60.8602,32729
2010-12-09 11:15:00,60.85,60.95,60.82,60.94,28775
2010-12-09 11:30:00,60.945,60.97,60.87,60.95,20341
2010-12-09 11:45:00,60.96,61.03,60.8705,60.9,17410
2010-12-09 12:00:00,60.9,60.99,60.84,60.9601,26810
2010-12-09 12:15:00,60.96,61.0,60.93,60.97,45334
2010-12-09 12:30:00,60.95,61.0,60.95,60.95,19823
2010-12-09 12:45:00,60.95,60.98,60.9,60.96,22052
2010-12-09 13:00:00,60.97,61.14,60.9575,61.14,44337
2010-12-09 13:15:00,61.12,61.2,61.03,61.19,43744
2010-12-09 13:30:00,61.2,61.233000000000004,61.16,61.17,34390
2010-12-09 13:45:00,61.175,61.22,61.12,61.208,44924
2010-12-09 14:00:00,61.21,61.28,61.2,61.27,36084
2010-12-09 14:15:00,61.26,61.28,61.2,61.23,52073
2010-12-09 14:30:00,61.23,61.26,61.2,61.25,42197
2010-12-09 14:45:00,61.24,61.25,61.19,61.21,62308
2010-12-09 15:00:00,61.21,61.25,61.19,61.25,58534
2010-12-09 15:15:00,61.25,61.29,61.2,61.2,80350
2010-12-09 15:30:00,61.21,61.33,61.195,61.32,59166
2010-12-09 15:45:00,61.31,61.53,61.29,61.48,68510
2010-12-09 16:00:00,61.48,61.54,61.44,61.54,137404
2010-12-10 09:45:00,61.65,61.8,61.457,61.457,36463
2010-12-10 10:00:00,61.46,61.51,61.38,61.44,22664
2010-12-10 10:15:00,61.4,61.4,61.2,61.33,13917
2010-12-10 10:30:00,61.33,61.3881,61.28,61.364,15158
2010-12-10 10:45:00,61.38,61.39,61.22,61.34,18665
2010-12-10 11:00:00,61.37,61.41,61.27,61.31,17325
2010-12-10 11:15:00,61.32,61.38,61.285,61.305,24944
2010-12-10 11:30:00,61.3,61.31,61.18,61.2,22138
2010-12-10 11:45:00,61.2,61.33,61.19,61.32,9842
2010-12-10 12:00:00,61.33,61.43,61.3,61.43,13427
2010-12-10 12:15:00,61.43,61.49,61.3801,61.48,13052
2010-12-10 12:30:00,61.47,61.5,61.4299,61.49,10763
2010-12-10 12:45:00,61.5,61.54,61.5,61.5,23647
2010-12-10 13:00:00,61.52,61.53,61.46,61.52,13143
2010-12-10 13:15:00,61.527,61.55,61.46,61.55,15947
2010-12-10 13:30:00,61.57,61.57899999999999,61.45,61.49,18541
2010-12-10 13:45:00,61.49,61.5,61.45,61.5,18173
2010-12-10 14:00:00,61.5,61.53,61.48,61.5,30431
2010-12-10 14:15:00,61.5,61.53,61.48,61.5,22515
2010-12-10 14:30:00,61.5,61.55,61.44,61.44,20689
2010-12-10 14:45:00,61.44,61.53,61.43,61.52,12763
2010-12-10 15:00:00,61.51,61.51,61.47,61.48,21711
2010-12-10 15:15:00,61.48,61.5,61.42,61.49,22307
2010-12-10 15:30:00,61.48,61.5,61.43,61.49,22712
2010-12-10 15:45:00,61.5,61.56,61.49,61.53,39792
2010-12-10 16:00:00,61.52,61.56,61.45,61.46,100124
2010-12-13 09:45:00,61.86,62.04,61.575,61.59,254222
2010-12-13 10:00:00,61.55,61.56,61.11,61.19,40002
2010-12-13 10:15:00,61.18,61.46,61.18,61.44,18877
2010-12-13 10:30:00,61.44,61.68,61.44,61.68,45582
2010-12-13 10:45:00,61.69,61.85,61.66,61.71,33528
2010-12-13 11:00:00,61.73,61.85,61.71,61.79,24118
2010-12-13 11:15:00,61.79,61.79,61.59,61.59,16980
2010-12-13 11:30:00,61.6,61.64,61.4,61.42,15965
2010-12-13 11:45:00,61.44,61.45,61.3,61.31,18783
2010-12-13 12:00:00,61.32,61.34,61.26,61.26,20373
2010-12-13 12:15:00,61.26,61.3,61.22,61.3,10922
2010-12-13 12:30:00,61.3,61.33,61.2501,61.26,6812
2010-12-13 12:45:00,61.27,61.29,61.19,61.23,8578
2010-12-13 13:00:00,61.23,61.32,61.21,61.3,9762
2010-12-13 13:15:00,61.3,61.33,61.27,61.29,9874
2010-12-13 13:30:00,61.29,61.3001,61.24,61.28,8624
2010-12-13 13:45:00,61.27,61.28,61.21,61.21,9870
2010-12-13 14:00:00,61.22,61.28,61.16,61.2713,20768
2010-12-13 14:15:00,61.28,61.34,61.272,61.32,22241
2010-12-13 14:30:00,61.33,61.43,61.33,61.42,16158
2010-12-13 14:45:00,61.42,61.42,61.34,61.36,19918
2010-12-13 15:00:00,61.35,61.35,61.29,61.3,19428
2010-12-13 15:15:00,61.31,61.34,61.29,61.33,26746
2010-12-13 15:30:00,61.33,61.42,61.33,61.365,36463
2010-12-13 15:45:00,61.36,61.41,61.29,61.3,38578
2010-12-13 16:00:00,61.3,61.3,61.19,61.26,106529
2010-12-14 09:45:00,61.56,61.56,61.2,61.419,25946
2010-12-14 10:00:00,61.4,61.52,61.33,61.45,27696
2010-12-14 10:15:00,61.45,61.47,61.36,61.42,26051
2010-12-14 10:30:00,61.41,61.54,61.38,61.49,20856
2010-12-14 10:45:00,61.52,61.67,61.507,61.67,15201
2010-12-14 11:00:00,61.69,61.77,61.6,61.63,20106
2010-12-14 11:15:00,61.6,61.6,61.49,61.52,23150
2010-12-14 11:30:00,61.5199,61.6,61.4901,61.58,21627
2010-12-14 11:45:00,61.57,61.6,61.55,61.56,18383
2010-12-14 12:00:00,61.56,61.65,61.56,61.6,11637
2010-12-14 12:15:00,61.61,61.7,61.6,61.67,21961
2010-12-14 12:30:00,61.67,61.75,61.67,61.74,51179
2010-12-14 12:45:00,61.74,61.77,61.71,61.77,10127
2010-12-14 13:00:00,61.77,61.84,61.77,61.82,6722
2010-12-14 13:15:00,61.81,61.81,61.72,61.77,33566
2010-12-14 13:30:00,61.77,61.78,61.7299,61.76,40281
2010-12-14 13:45:00,61.7625,61.85,61.753,61.85,43758
2010-12-14 14:00:00,61.8605,62.03,61.8605,61.93,36320
2010-12-14 14:15:00,61.93,61.95,61.7326,61.75,58863
2010-12-14 14:30:00,61.76,61.88,61.72,61.83,83325
2010-12-14 14:45:00,61.82,61.86,61.72,61.73,36967
2010-12-14 15:00:00,61.72,61.85,61.7,61.83,41637
2010-12-14 15:15:00,61.86,61.86,61.79,61.83,40416
2010-12-14 15:30:00,61.83,61.84,61.72,61.72,34172
2010-12-14 15:45:00,61.7201,61.78,61.61,61.64,47687
2010-12-14 16:00:00,61.64,61.81,61.64,61.81,196190
2010-12-15 09:45:00,61.83,61.97,61.58,61.8,19655
2010-12-15 10:00:00,61.79,62.05,61.77,62.05,19212
2010-12-15 10:15:00,62.06,62.16,61.99,62.12,39343
2010-12-15 10:30:00,62.1293,62.15,61.93,61.956,33419
2010-12-15 10:45:00,61.95,62.02,61.95,62.016999999999996,33472
2010-12-15 11:00:00,62.01,62.05,61.95,62.02,23090
2010-12-15 11:15:00,62.05,62.07,61.95,61.95,22337
2010-12-15 11:30:00,61.96,62.05,61.86,62.05,26209
2010-12-15 11:45:00,62.06,62.07,62.01,62.02,14068
2010-12-15 12:00:00,62.01,62.24,61.97,62.235,35782
2010-12-15 12:15:00,62.23,62.24,62.11,62.15,17547
2010-12-15 12:30:00,62.17,62.23,62.16,62.21,18180
2010-12-15 12:45:00,62.21,62.22,62.13,62.1325,11782
2010-12-15 13:00:00,62.13,62.13,61.85,61.864,19960
2010-12-15 13:15:00,61.88,61.89,61.79,61.84,28618
2010-12-15 13:30:00,61.8,61.92,61.78,61.8,16588
2010-12-15 13:45:00,61.8,61.84,61.75,61.78,39605
2010-12-15 14:00:00,61.78,61.89,61.77,61.88,8928
2010-12-15 14:15:00,61.89,61.91,61.78,61.79,25323
2010-12-15 14:30:00,61.79,61.7987,61.66,61.67,22242
2010-12-15 14:45:00,61.66,61.71,61.51,61.69,62812
2010-12-15 15:00:00,61.695,61.78,61.66,61.7,53003
2010-12-15 15:15:00,61.71,61.81,61.7,61.74,45645
2010-12-15 15:30:00,61.74,61.88,61.73,61.84,41671
2010-12-15 15:45:00,61.83,62.01,61.8,61.96,83777
2010-12-15 16:00:00,61.94,62.04,61.85,62.01,110353
2010-12-16 09:45:00,61.98,62.31,61.87,62.29,36722
2010-12-16 10:00:00,62.31,62.33,61.86,61.86,28551
2010-12-16 10:15:00,61.86,62.23,61.86,62.135,53754
2010-12-16 10:30:00,62.12,62.32,62.1048,62.27,18532
2010-12-16 10:45:00,62.26,62.43,62.26,62.3701,61989
2010-12-16 11:00:00,62.37,62.4,62.26,62.29,22791
2010-12-16 11:15:00,62.295,62.518,62.24,62.5,91832
2010-12-16 11:30:00,62.50899999999999,62.7,62.455,62.65,48795
2010-12-16 11:45:00,62.64,62.64,62.4975,62.565,30126
2010-12-16 12:00:00,62.56,62.6,62.4,62.48,53359
2010-12-16 12:15:00,62.46,62.51,62.41,62.42,29123
2010-12-16 12:30:00,62.42,62.45,62.38,62.3999,32051
2010-12-16 12:45:00,62.38,62.42,62.31,62.39,35930
2010-12-16 13:00:00,62.38,62.45,62.38,62.39,27799
2010-12-16 13:15:00,62.38,62.445,62.32,62.42,35103
2010-12-16 13:30:00,62.42,62.62,62.41,62.58,39769
2010-12-16 13:45:00,62.58,62.585,62.43,62.53,72964
2010-12-16 14:00:00,62.54,62.675,62.535,62.57,35314
2010-12-16 14:15:00,62.57,62.61,62.53,62.56,37159
2010-12-16 14:30:00,62.555,62.575,62.5,62.5001,38477
2010-12-16 14:45:00,62.5,62.55,62.495,62.525,47895
2010-12-16 15:00:00,62.525,62.58,62.515,62.53,44573
2010-12-16 15:15:00,62.53,62.665,62.53,62.615,36094
2010-12-16 15:30:00,62.62,62.67,62.58,62.645,26019
2010-12-16 15:45:00,62.65,62.74,62.645,62.73,52084
2010-12-16 16:00:00,62.73,63.05,62.72,63.04,315350
2010-12-17 09:45:00,62.97,62.97,62.57,62.605,485493
2010-12-17 10:00:00,62.58,62.63,62.46,62.48,50599
2010-12-17 10:15:00,62.5,62.54,62.3,62.49,48246
2010-12-17 10:30:00,62.5,62.58,62.425,62.5,60535
2010-12-17 10:45:00,62.49,62.61,62.42,62.42,35631
2010-12-17 11:00:00,62.42,62.53,62.41,62.51,61090
2010-12-17 11:15:00,62.52,62.56,62.455,62.52,22194
2010-12-17 11:30:00,62.52,62.635,62.52,62.61,53038
2010-12-17 11:45:00,62.61,62.705,62.61,62.66,21154
2010-12-17 12:00:00,62.66,62.67,62.595,62.64,18029
2010-12-17 12:15:00,62.65,62.77,62.65,62.66,28007
2010-12-17 12:30:00,62.66,62.72,62.62,62.65,13560
2010-12-17 12:45:00,62.65,62.72,62.63,62.705,24685
2010-12-17 13:00:00,62.7,62.76,62.55,62.55,57122
2010-12-17 13:15:00,62.565,62.72,62.55,62.68,63520
2010-12-17 13:30:00,62.68,62.72,62.655,62.67,43812
2010-12-17 13:45:00,62.67,62.76,62.66,62.755,39039
2010-12-17 14:00:00,62.755,62.79,62.73,62.75,106730
2010-12-17 14:15:00,62.75,62.8,62.73,62.8,85117
2010-12-17 14:30:00,62.78,62.86,62.78,62.82,18139
2010-12-17 14:45:00,62.81,62.815,62.73,62.805,28284
2010-12-17 15:00:00,62.81,62.92,62.8,62.88,48049
2010-12-17 15:15:00,62.88,62.89,62.83,62.83,46563
2010-12-17 15:30:00,62.83,62.92,62.805,62.92,84095
2010-12-17 15:45:00,62.92,63.0,62.85,62.98,76851
2010-12-17 16:00:00,62.98,63.03,62.64,62.87,369106
2010-12-20 09:45:00,62.98,63.0399,62.52,62.605,101172
2010-12-20 10:00:00,62.58,62.74,62.57,62.69,75660
2010-12-20 10:15:00,62.68,62.68,62.27,62.4,39813
2010-12-20 10:30:00,62.4,62.42,62.25,62.37,28831
2010-12-20 10:45:00,62.36,62.46,62.32,62.44,15154
2010-12-20 11:00:00,62.45,62.455,62.34,62.44,14915
2010-12-20 11:15:00,62.45,62.56,62.44,62.56,31876
2010-12-20 11:30:00,62.57,62.585,62.49,62.56,24841
2010-12-20 11:45:00,62.55,62.7,62.54,62.7,24441
2010-12-20 12:00:00,62.7,62.74,62.66,62.71,16484
2010-12-20 12:15:00,62.7019,62.705,62.585,62.61,33162
2010-12-20 12:30:00,62.615,62.7,62.61,62.625,13462
2010-12-20 12:45:00,62.63,62.66,62.55,62.65,20365
2010-12-20 13:00:00,62.66,62.71,62.625,62.63,23061
2010-12-20 13:15:00,62.63,62.685,62.61,62.68,19341
2010-12-20 13:30:00,62.67,62.67,62.58,62.58,15961
2010-12-20 13:45:00,62.58,62.59,62.44,62.53,53105
2010-12-20 14:00:00,62.53,62.56,62.5,62.505,17747
2010-12-20 14:15:00,62.51,62.8,62.5,62.78,19641
2010-12-20 14:30:00,62.78,62.85,62.778,62.81,20856
2010-12-20 14:45:00,62.815,62.82,62.68,62.71,30518
2010-12-20 15:00:00,62.71,62.72,62.6,62.61,29670
2010-12-20 15:15:00,62.62,62.63,62.535,62.62,34037
2010-12-20 15:30:00,62.61,62.63,62.575,62.59,33097
2010-12-20 15:45:00,62.58,62.67,62.55,62.6,61250
2010-12-20 16:00:00,62.61,62.61,62.5,62.54,98422
2010-12-21 09:45:00,62.88,62.98,62.15,62.22,33182
2010-12-21 10:00:00,62.23,62.266999999999996,62.07,62.19,27761
2010-12-21 10:15:00,62.2198,62.27,62.108000000000004,62.12,13885
2010-12-21 10:30:00,62.129,62.25,62.11,62.11,15126
2010-12-21 10:45:00,62.1001,62.13,61.99,61.99,23116
2010-12-21 11:00:00,61.99,62.01,61.89,61.99100000000001,12567
2010-12-21 11:15:00,62.0,62.01,61.89,61.92,21704
2010-12-21 11:30:00,61.91,61.98,61.8501,61.98,19215
2010-12-21 11:45:00,61.99,61.99,61.82,61.82,32392
2010-12-21 12:00:00,61.82,61.95,61.81,61.86,30252
2010-12-21 12:15:00,61.88,61.93,61.86,61.91,31480
2010-12-21 12:30:00,61.905,61.91,61.86,61.9,21267
2010-12-21 12:45:00,61.9,61.91,61.87,61.89,17020
2010-12-21 13:00:00,61.89,61.91,61.88,61.9,28182
2010-12-21 13:15:00,61.91,61.92,61.88,61.905,19840
2010-12-21 13:30:00,61.9,61.91,61.86,61.895,12285
2010-12-21 13:45:00,61.9,61.94,61.85,61.94,14468
2010-12-21 14:00:00,61.94,61.95,61.87,61.91,26392
2010-12-21 14:15:00,61.91,61.93,61.8404,61.85,23245
2010-12-21 14:30:00,61.84,61.88,61.83,61.865,22870
2010-12-21 14:45:00,61.87,61.88,61.83,61.84,27391
2010-12-21 15:00:00,61.8499,61.89,61.84,61.87,12846
2010-12-21 15:15:00,61.875,61.88,61.83,61.832,25014
2010-12-21 15:30:00,61.84,61.85,61.83,61.849,23929
2010-12-21 15:45:00,61.85,61.93,61.84,61.9,71661
2010-12-21 16:00:00,61.8908,61.93,61.84,61.93,71905
2010-12-22 09:45:00,61.89,62.1,61.85,61.888000000000005,28584
2010-12-22 10:00:00,61.88,61.97,61.75,61.95,20471
2010-12-22 10:15:00,61.95,61.95,61.7901,61.7901,24692
2010-12-22 10:30:00,61.8,61.825,61.74,61.76,9538
2010-12-22 10:45:00,61.76,61.76,61.62,61.62,19192
2010-12-22 11:00:00,61.63,61.74,61.63,61.71,8120
2010-12-22 11:15:00,61.73,61.78,61.69,61.74,5750
2010-12-22 11:30:00,61.74,61.8,61.7,61.8,12618
2010-12-22 11:45:00,61.8,61.91,61.79,61.83,15083
2010-12-22 12:00:00,61.84,61.84,61.78,61.79,7027
2010-12-22 12:15:00,61.8,61.81,61.765,61.79,8649
2010-12-22 12:30:00,61.78,61.81,61.77,61.79,8919
2010-12-22 12:45:00,61.79,61.8,61.6,61.6,18596
2010-12-22 13:00:00,61.62,61.64,61.58,61.59,14650
2010-12-22 13:15:00,61.6,61.61,61.54,61.57,13213
2010-12-22 13:30:00,61.575,61.58,61.53,61.56,23716
2010-12-22 13:45:00,61.56,61.57,61.5,61.534,26073
2010-12-22 14:00:00,61.53,61.53,61.495,61.5,14903
2010-12-22 14:15:00,61.5,61.51,61.45,61.46,15216
2010-12-22 14:30:00,61.47,61.48,61.46,61.475,18841
2010-12-22 14:45:00,61.47,61.475,61.37,61.37,45719
2010-12-22 15:00:00,61.37,61.38,61.3,61.37,48020
2010-12-22 15:15:00,61.37,61.38,61.3,61.31,53205
2010-12-22 15:30:00,61.3,61.316,61.26,61.31,40199
2010-12-22 15:45:00,61.31,61.36,61.23,61.24,59255
2010-12-22 16:00:00,61.25,61.27,61.12,61.18,169744
2010-12-23 09:45:00,61.07,61.15,60.87,60.99,69636
2010-12-23 10:00:00,60.98,60.98,60.57,60.7,76852
2010-12-23 10:15:00,60.69,60.75,60.4,60.45,65977
2010-12-23 10:30:00,60.47,60.47,60.21,60.42,75273
2010-12-23 10:45:00,60.42,60.54,60.32,60.39,52394
2010-12-23 11:00:00,60.4,60.5275,60.345,60.5,27754
2010-12-23 11:15:00,60.5,60.58,60.46,60.5175,35310
2010-12-23 11:30:00,60.52,60.635,60.46,60.48,44498
2010-12-23 11:45:00,60.47,60.5,60.31,60.4,27741
2010-12-23 12:00:00,60.4,60.418,60.16,60.165,55111
2010-12-23 12:15:00,60.17,60.25,60.1,60.22,39966
2010-12-23 12:30:00,60.21,60.25,60.06,60.15,105964
2010-12-23 12:45:00,60.1511,60.2,60.09,60.19,46429
2010-12-23 13:00:00,60.19,60.4,60.12,60.3701,31229
2010-12-23 13:15:00,60.38,60.52,60.38,60.51,31137
2010-12-23 13:30:00,60.52,60.53,60.44,60.47,27321
2010-12-23 13:45:00,60.48,60.55,60.47,60.51,33443
2010-12-23 14:00:00,60.5,60.52,60.37,60.38,44251
2010-12-23 14:15:00,60.37,60.43,60.37,60.4,47976
2010-12-23 14:30:00,60.41,60.42,60.33,60.4,52585
2010-12-23 14:45:00,60.4,60.42,60.39,60.4,42034
2010-12-23 15:00:00,60.4,60.43,60.32,60.4,55618
2010-12-23 15:15:00,60.39,60.41,60.38,60.4,35979
2010-12-23 15:30:00,60.39,60.44,60.39,60.4,53711
2010-12-23 15:45:00,60.41,60.41,60.335,60.35,60207
2010-12-23 16:00:00,60.35,60.36,60.24,60.25,103979
2010-12-27 09:45:00,60.15,60.16,59.27,59.28,84728
2010-12-27 10:00:00,59.32,59.68,59.21,59.62,53261
2010-12-27 10:15:00,59.65,59.82,59.6,59.79,25633
2010-12-27 10:30:00,59.82,59.99,59.76,59.95,29277
2010-12-27 10:45:00,59.9401,59.98,59.84,59.87,23269
2010-12-27 11:00:00,59.86,60.0152,59.86,60.01,13010
2010-12-27 11:15:00,60.01,60.0999,60.0,60.09,16589
2010-12-27 11:30:00,60.09,60.2,60.085,60.2,18450
2010-12-27 11:45:00,60.19,60.23,60.1,60.16,29078
2010-12-27 12:00:00,60.16,60.17,60.07,60.17,18175
2010-12-27 12:15:00,60.16,60.24,60.14,60.22,25830
2010-12-27 12:30:00,60.2,60.35,60.2,60.31,11424
2010-12-27 12:45:00,60.31,60.37,60.26,60.36,54513
2010-12-27 13:00:00,60.35,60.44,60.28,60.4135,40806
2010-12-27 13:15:00,60.425,60.65,60.425,60.62,24244
2010-12-27 13:30:00,60.64,60.9,60.63,60.89,32153
2010-12-27 13:45:00,60.89,60.96,60.79,60.79,23957
2010-12-27 14:00:00,60.8,60.82,60.699,60.7,21223
2010-12-27 14:15:00,60.7001,60.75,60.67,60.74,24220
2010-12-27 14:30:00,60.74,60.74,60.66,60.69,11430
2010-12-27 14:45:00,60.69,60.74,60.67,60.695,14663
2010-12-27 15:00:00,60.71,60.71,60.61,60.615,8465
2010-12-27 15:15:00,60.61,60.65,60.58,60.61,18043
2010-12-27 15:30:00,60.61,60.69,60.6,60.645,27819
2010-12-27 15:45:00,60.64,60.66,60.59,60.59,25277
2010-12-27 16:00:00,60.5899,60.63,60.53,60.54,57011
2010-12-28 09:45:00,60.51,60.85,60.47,60.5507,22258
2010-12-28 10:00:00,60.5501,60.61,60.4301,60.45,9607
2010-12-28 10:15:00,60.42,60.53,60.3,60.31,13680
2010-12-28 10:30:00,60.31,60.42,60.31,60.4,7351
2010-12-28 10:45:00,60.41,60.48,60.3001,60.47,13742
2010-12-28 11:00:00,60.458,60.48,60.31,60.32,11114
2010-12-28 11:15:00,60.31,60.46,60.31,60.445,8420
2010-12-28 11:30:00,60.45,60.51,60.44,60.44,6919
2010-12-28 11:45:00,60.43,60.47,60.36,60.47,12310
2010-12-28 12:00:00,60.45,60.4995,60.445,60.48,9197
2010-12-28 12:15:00,60.47,60.5,60.41,60.445,19728
2010-12-28 12:30:00,60.4401,60.465,60.39,60.41,5764
2010-12-28 12:45:00,60.42,60.49,60.42,60.45,14228
2010-12-28 13:00:00,60.455,60.465,60.43,60.43,23501
2010-12-28 13:15:00,60.44,60.4799,60.41,60.4799,8400
2010-12-28 13:30:00,60.48,60.51,60.46,60.48,14232
2010-12-28 13:45:00,60.48,60.53,60.44,60.53,13030
2010-12-28 14:00:00,60.53,60.5499,60.52,60.53,15784
2010-12-28 14:15:00,60.54,60.54,60.49,60.49,9905
2010-12-28 14:30:00,60.49,60.63,60.49,60.61,17908
2010-12-28 14:45:00,60.6,60.625,60.56,60.585,20150
2010-12-28 15:00:00,60.58,60.63,60.57,60.608999999999995,25081
2010-12-28 15:15:00,60.6,60.64,60.6,60.62,16936
2010-12-28 15:30:00,60.62,60.67,60.61,60.66,22865
2010-12-28 15:45:00,60.66,60.68,60.63,60.64,25824
2010-12-28 16:00:00,60.65,60.66,60.56,60.63,62393
2010-12-29 09:45:00,60.88,61.04,60.7301,60.75,23362
2010-12-29 10:00:00,60.78,60.93,60.76,60.9,20322
2010-12-29 10:15:00,60.89,61.01,60.86,60.93,18310
2010-12-29 10:30:00,60.96,61.12,60.94,61.12,17912
2010-12-29 10:45:00,61.11,61.12,60.95,60.95,10100
2010-12-29 11:00:00,60.94,60.94,60.9,60.9,13808
2010-12-29 11:15:00,60.91,60.96,60.78,60.78,31145
2010-12-29 11:30:00,60.77,60.7888,60.58,60.58,15235
2010-12-29 11:45:00,60.58,60.64,60.55,60.62,8030
2010-12-29 12:00:00,60.6101,60.655,60.6,60.64,16500
2010-12-29 12:15:00,60.64,60.85,60.64,60.85,9933
2010-12-29 12:30:00,60.838,60.92,60.838,60.92,4605
2010-12-29 12:45:00,60.91,60.97,60.9,60.968999999999994,10226
2010-12-29 13:00:00,60.96,61.0,60.93,60.99,13396
2010-12-29 13:15:00,61.01,61.06,60.98,61.0,12845
2010-12-29 13:30:00,61.0,61.04,61.0,61.03,7736
2010-12-29 13:45:00,61.03,61.07,61.03,61.06,5856
2010-12-29 14:00:00,61.06,61.0996,60.85,60.9,71897
2010-12-29 14:15:00,60.91,61.07,60.89,60.98,21130
2010-12-29 14:30:00,60.98,61.01,60.81,61.01,11936
2010-12-29 14:45:00,61.01,61.06,60.9,60.91,10390
2010-12-29 15:00:00,60.91,60.92,60.79,60.81,17495
2010-12-29 15:15:00,60.81,60.82,60.75,60.76,21071
2010-12-29 15:30:00,60.76,60.84,60.75,60.83,13252
2010-12-29 15:45:00,60.82,60.87,60.61,60.63,72626
2010-12-29 16:00:00,60.64,60.72,60.5,60.67,91198
2010-12-30 09:45:00,60.95,60.95,60.56,60.73,17413
2010-12-30 10:00:00,60.72,60.79,60.62,60.62,13345
2010-12-30 10:15:00,60.65,60.7,60.5,60.5,16751
2010-12-30 10:30:00,60.58,60.77,60.58,60.75899999999999,8086
2010-12-30 10:45:00,60.73,60.9,60.73,60.86,12590
2010-12-30 11:00:00,60.88,60.94,60.85,60.91,8339
2010-12-30 11:15:00,60.92,60.94,60.84,60.9,15632
2010-12-30 11:30:00,60.9,60.97,60.89,60.9,10312
2010-12-30 11:45:00,60.9,60.96,60.86,60.86,10587
2010-12-30 12:00:00,60.85,60.86,60.73,60.77,4592
2010-12-30 12:15:00,60.77,60.86,60.77,60.8,6597
2010-12-30 12:30:00,60.8,60.905,60.8,60.895,4025
2010-12-30 12:45:00,60.895,60.895,60.79,60.79,14476
2010-12-30 13:00:00,60.8,60.8,60.68,60.6801,8610
2010-12-30 13:15:00,60.7,60.71,60.66,60.7,13204
2010-12-30 13:30:00,60.699,60.76,60.69,60.7599,9900
2010-12-30 13:45:00,60.75,60.77,60.7,60.71,15797
2010-12-30 14:00:00,60.73,60.81,60.71,60.8,8714
2010-12-30 14:15:00,60.81,60.865,60.79,60.86,14309
2010-12-30 14:30:00,60.86,60.94,60.85,60.93,9194
2010-12-30 14:45:00,60.925,61.0,60.925,60.99,14648
2010-12-30 15:00:00,60.9875,61.0,60.96,60.9681,11833
2010-12-30 15:15:00,60.98,60.98,60.92,60.95,9086
2010-12-30 15:30:00,60.95,61.02,60.94,61.0,20320
2010-12-30 15:45:00,61.01,61.06,60.97,60.9701,24459
2010-12-30 16:00:00,60.97,60.98,60.9,60.9499,37156
2010-12-31 09:45:00,60.96,61.06,60.56,60.57,28371
2010-12-31 10:00:00,60.57,60.6,60.43,60.46,15291
2010-12-31 10:15:00,60.445,60.51,60.4,60.5,11576
2010-12-31 10:30:00,60.48,60.57,60.48,60.56,13592
2010-12-31 10:45:00,60.56,60.56,60.41,60.45,13774
2010-12-31 11:00:00,60.44,60.54,60.44,60.54,8097
2010-12-31 11:15:00,60.53,60.69,60.53,60.69,8317
2010-12-31 11:30:00,60.67,60.74,60.67,60.72,10560
2010-12-31 11:45:00,60.72,60.74,60.68,60.695,8830
2010-12-31 12:00:00,60.69,60.73,60.68,60.68,8603
2010-12-31 12:15:00,60.685,60.76,60.66,60.73,12580
2010-12-31 12:30:00,60.73,60.79,60.7,60.76,13635
2010-12-31 12:45:00,60.7444,60.7444,60.66,60.66,7614
2010-12-31 13:00:00,60.67,60.705,60.6499,60.65,6227
2010-12-31 13:15:00,60.656000000000006,60.77,60.62,60.77,6017
2010-12-31 13:30:00,60.77,60.78,60.63,60.63,11545
2010-12-31 13:45:00,60.63,60.65,60.58,60.62,12008
2010-12-31 14:00:00,60.5901,60.6,60.51,60.52,6594
2010-12-31 14:15:00,60.52,60.53,60.48,60.5,3093
2010-12-31 14:30:00,60.49,60.49,60.45,60.49,7065
2010-12-31 14:45:00,60.49,60.49,60.41,60.46,9821
2010-12-31 15:00:00,60.46,60.49,60.44,60.47,9842
2010-12-31 15:15:00,60.47,60.53,60.46,60.4801,12653
2010-12-31 15:30:00,60.48,60.54,60.44,60.44,18306
2010-12-31 15:45:00,60.44,60.53,60.43,60.53,16846
2010-12-31 16:00:00,60.52,60.53,60.28,60.42,65675
2011-01-03 09:45:00,60.99,61.41,60.78,61.29,53519
2011-01-03 10:00:00,61.27,61.53,61.25,61.5,50284
2011-01-03 10:15:00,61.51,61.51,61.18,61.43,54942
2011-01-03 10:30:00,61.44,61.652,61.42,61.65,37223
2011-01-03 10:45:00,61.67,61.7,61.48,61.51,27512
2011-01-03 11:00:00,61.51,61.65,61.5,61.51,27485
2011-01-03 11:15:00,61.51,61.52,61.37,61.45,22769
2011-01-03 11:30:00,61.43,61.44,61.26,61.29,26525
2011-01-03 11:45:00,61.31,61.46,61.26,61.28,24545
2011-01-03 12:00:00,61.29,61.33,61.13,61.28,14596
2011-01-03 12:15:00,61.27,61.32,61.25,61.26,9455
2011-01-03 12:30:00,61.27,61.3,61.17,61.17,12300
2011-01-03 12:45:00,61.16,61.17,61.02,61.02,27624
2011-01-03 13:00:00,61.02,61.045,60.94,60.99,18458
2011-01-03 13:15:00,60.96,61.05,60.94,61.04,10600
2011-01-03 13:30:00,61.01,61.01,60.89,60.92,11077
2011-01-03 13:45:00,60.93,61.0,60.875,60.99,12736
2011-01-03 14:00:00,60.97,60.98,60.825,60.9,54668
2011-01-03 14:15:00,60.9,60.96,60.86,60.86,11103
2011-01-03 14:30:00,60.86,60.91,60.83,60.84,10886
2011-01-03 14:45:00,60.83,60.83,60.66,60.67,37340
2011-01-03 15:00:00,60.68,60.68,60.51,60.59,62471
2011-01-03 15:15:00,60.6,60.63,60.52,60.53,32473
2011-01-03 15:30:00,60.52,60.54,60.43,60.54,32948
2011-01-03 15:45:00,60.54,60.7,60.51,60.59,44843
2011-01-03 16:00:00,60.6,60.71,60.59,60.68,110028
2011-01-04 09:45:00,60.51,60.615,59.59,59.71,80587
2011-01-04 10:00:00,59.67,59.74,59.23,59.24,79225
2011-01-04 10:15:00,59.25,59.397,59.07,59.315,69320
2011-01-04 10:30:00,59.3125,59.375,59.12,59.17,65702
2011-01-04 10:45:00,59.18,59.32,59.04,59.32,57324
2011-01-04 11:00:00,59.3,59.38,59.06,59.06,44663
2011-01-04 11:15:00,59.05,59.08,58.81,58.828,64458
2011-01-04 11:30:00,58.81,58.85,58.68,58.69,21932
2011-01-04 11:45:00,58.69,58.69,58.44,58.45,49810
2011-01-04 12:00:00,58.49,58.49,58.25,58.3,54550
2011-01-04 12:15:00,58.27,58.35,58.13,58.2,27401
2011-01-04 12:30:00,58.21,58.32,58.06,58.08,36829
2011-01-04 12:45:00,58.06,58.1,57.94,58.02,40159
2011-01-04 13:00:00,58.02,58.22,57.97,58.22,19978
2011-01-04 13:15:00,58.22,58.28,58.18,58.21,38374
2011-01-04 13:30:00,58.22,58.31,58.21,58.305,20739
2011-01-04 13:45:00,58.31,58.35,58.2,58.23,35924
2011-01-04 14:00:00,58.23,58.29,58.23,58.25,28295
2011-01-04 14:15:00,58.255,58.2786,58.18,58.19,41613
2011-01-04 14:30:00,58.18,58.21,58.105,58.15,37044
2011-01-04 14:45:00,58.15,58.22,58.15,58.2,29320
2011-01-04 15:00:00,58.2,58.24,58.17,58.24,38562
2011-01-04 15:15:00,58.25,58.35,58.245,58.34,62542
2011-01-04 15:30:00,58.33,58.35,58.18,58.185,64497
2011-01-04 15:45:00,58.18,58.2,57.96,57.965,61992
2011-01-04 16:00:00,57.97,58.11,57.9,58.1,221531
2011-01-05 09:45:00,58.04,58.07,57.39,57.46,145261
2011-01-05 10:00:00,57.47,57.75,57.39,57.67,86623
2011-01-05 10:15:00,57.68,57.95,57.58,57.91,117999
2011-01-05 10:30:00,57.91,58.01,57.82,57.99,88869
2011-01-05 10:45:00,57.98,58.13,57.94,58.0801,80711
2011-01-05 11:00:00,58.1,58.29,58.07,58.195,57900
2011-01-05 11:15:00,58.19,58.28,58.05,58.1,32261
2011-01-05 11:30:00,58.13,58.21,58.095,58.14,37567
2011-01-05 11:45:00,58.16,58.35,58.15,58.33,37040
2011-01-05 12:00:00,58.33,58.44,58.26,58.44,46931
2011-01-05 12:15:00,58.43,58.52,58.4,58.42,37703
2011-01-05 12:30:00,58.43,58.55,58.36,58.52,34036
2011-01-05 12:45:00,58.51,58.59,58.44,58.47,26126
2011-01-05 13:00:00,58.46,58.47,58.3701,58.42,24860
2011-01-05 13:15:00,58.42,58.43,58.31,58.335,15760
2011-01-05 13:30:00,58.34,58.39,58.3004,58.3206,18394
2011-01-05 13:45:00,58.34,58.34,58.19,58.23,37880
2011-01-05 14:00:00,58.24,58.41,58.24,58.39,22260
2011-01-05 14:15:00,58.39,58.46,58.31,58.43,25244
2011-01-05 14:30:00,58.44,58.5399,58.28,58.3,18565
2011-01-05 14:45:00,58.31,58.31,58.08,58.12,44588
2011-01-05 15:00:00,58.13,58.22,58.12,58.19,18477
2011-01-05 15:15:00,58.2,58.25,58.15,58.21,33666
2011-01-05 15:30:00,58.21,58.25,58.15,58.15,31923
2011-01-05 15:45:00,58.16,58.24,58.15,58.16,53246
2011-01-05 16:00:00,58.16,58.27,58.16,58.25,79360
2011-01-06 09:45:00,58.18,58.18,57.42,57.58,43273
2011-01-06 10:00:00,57.57,57.81,57.56,57.56,55198
2011-01-06 10:15:00,57.6,57.67,57.24,57.335,47375
2011-01-06 10:30:00,57.3699,57.52,57.26,57.38,24002
2011-01-06 10:45:00,57.39,57.4,57.28,57.28,40108
2011-01-06 11:00:00,57.28,57.28,56.82,56.8526,103282
2011-01-06 11:15:00,56.84,56.97,56.81,56.82,36989
2011-01-06 11:30:00,56.82,56.94,56.7,56.7,36473
2011-01-06 11:45:00,56.7,56.79,56.62,56.75,34575
2011-01-06 12:00:00,56.7275,56.84,56.66,56.84,25514
2011-01-06 12:15:00,56.8,56.85,56.73,56.8,24565
2011-01-06 12:30:00,56.825,57.05,56.79,56.92,31797
2011-01-06 12:45:00,56.93,57.0,56.87,56.88,27793
2011-01-06 13:00:00,56.92,56.94,56.85,56.91,11225
2011-01-06 13:15:00,56.91,56.91,56.8,56.8,10190
2011-01-06 13:30:00,56.7806,56.86,56.72,56.77,44863
2011-01-06 13:45:00,56.77,56.8,56.53,56.5988,51914
2011-01-06 14:00:00,56.59,56.81,56.5,56.81,36716
2011-01-06 14:15:00,56.79,56.87,56.7,56.76,24407
2011-01-06 14:30:00,56.74,56.77,56.64,56.66,26415
2011-01-06 14:45:00,56.68,56.76,56.6,56.62,34007
2011-01-06 15:00:00,56.62,56.68,56.57,56.59,168777
2011-01-06 15:15:00,56.58,56.615,56.46,56.56,53518
2011-01-06 15:30:00,56.56,56.56,56.43,56.47,76829
2011-01-06 15:45:00,56.47,56.51,56.36,56.41,67112
2011-01-06 16:00:00,56.4,56.475,56.35,56.43,146670
2011-01-07 09:45:00,56.64,56.71,56.36,56.68,65403
2011-01-07 10:00:00,56.61,56.6402,56.44,56.5,34014
2011-01-07 10:15:00,56.51,56.58,56.46,56.49,150547
2011-01-07 10:30:00,56.49,56.55,56.41,56.45,36145
2011-01-07 10:45:00,56.49,56.52,56.33,56.37,27633
2011-01-07 11:00:00,56.37,56.43,56.26,56.3844,37373
2011-01-07 11:15:00,56.4,56.55,56.38,56.52,33852
2011-01-07 11:30:00,56.52,56.57,56.44,56.48,54825
2011-01-07 11:45:00,56.48,56.57,56.36,56.45,41092
2011-01-07 12:00:00,56.43,56.55,56.42,56.53,22920
2011-01-07 12:15:00,56.53,56.56,56.43,56.51,26312
2011-01-07 12:30:00,56.49,56.55,56.38,56.39,32856
2011-01-07 12:45:00,56.36,56.45,56.29,56.33,16415
2011-01-07 13:00:00,56.32,56.32,56.02,56.12,55428
2011-01-07 13:15:00,56.14,56.273999999999994,56.05,56.05,36462
2011-01-07 13:30:00,56.0596,56.16,56.05,56.11,41827
2011-01-07 13:45:00,56.1,56.375,56.1,56.34,19778
2011-01-07 14:00:00,56.34,56.42,56.34,56.39,19499
2011-01-07 14:15:00,56.39,56.5,56.35,56.5,15889
2011-01-07 14:30:00,56.52,56.52,56.44,56.5099,17448
2011-01-07 14:45:00,56.5,56.52,56.4,56.4,32202
2011-01-07 15:00:00,56.4,56.41,56.29600000000001,56.32,30133
2011-01-07 15:15:00,56.3,56.41,56.28,56.36,140855
2011-01-07 15:30:00,56.36,56.41,56.3,56.34,67581
2011-01-07 15:45:00,56.33,56.45,56.3,56.4,81221
2011-01-07 16:00:00,56.39,56.455,56.34,56.39,160673
2011-01-10 09:45:00,56.3,56.61,56.27,56.53,59090
2011-01-10 10:00:00,56.5,56.56,56.3,56.455,59232
2011-01-10 10:15:00,56.46,56.535,56.4,56.48,80823
2011-01-10 10:30:00,56.5,56.61,56.4,56.54,101230
2011-01-10 10:45:00,56.55,56.64,56.43,56.49,78121
2011-01-10 11:00:00,56.5,56.5691,56.33,56.38,26744
2011-01-10 11:15:00,56.39,56.5,56.31,56.331,47016
2011-01-10 11:30:00,56.34,56.45,56.34,56.4,36153
2011-01-10 11:45:00,56.36,56.42,56.29,56.325,27630
2011-01-10 12:00:00,56.33,56.45,56.33,56.41,46300
2011-01-10 12:15:00,56.4,56.43600000000001,56.29,56.305,18241
2011-01-10 12:30:00,56.3,56.46,56.2,56.45,19580
2011-01-10 12:45:00,56.47,56.65,56.45,56.61,35469
2011-01-10 13:00:00,56.61,56.73,56.61,56.68,45708
2011-01-10 13:15:00,56.665,56.82,56.65,56.67,30400
2011-01-10 13:30:00,56.65,56.65,56.54,56.58,25695
2011-01-10 13:45:00,56.5551,56.615,56.54,56.58,17823
2011-01-10 14:00:00,56.6,56.61,56.57,56.58,17476
2011-01-10 14:15:00,56.58,56.6481,56.57,56.62,43426
2011-01-10 14:30:00,56.63,56.64,56.61,56.62,33339
2011-01-10 14:45:00,56.63,56.68,56.61,56.65,30897
2011-01-10 15:00:00,56.6499,56.7,56.6499,56.677,28325
2011-01-10 15:15:00,56.6701,56.76,56.67,56.725,43759
2011-01-10 15:30:00,56.725,56.93,56.72,56.91,66845
2011-01-10 15:45:00,56.9,56.91,56.8,56.89,133200
2011-01-10 16:00:00,56.89,56.92,56.74,56.75,198817
2011-01-11 09:45:00,56.83,57.49,56.55,56.62,85262
2011-01-11 10:00:00,56.58,56.67,56.39,56.52,64974
2011-01-11 10:15:00,56.5199,56.72,56.35,56.49,63104
2011-01-11 10:30:00,56.5,56.61,56.47,56.59,40008
2011-01-11 10:45:00,56.58,56.59,56.48,56.55,32044
2011-01-11 11:00:00,56.54,56.64,56.51,56.61,34336
2011-01-11 11:15:00,56.61,56.76,56.61,56.658,35225
2011-01-11 11:30:00,56.64,56.66,56.575,56.59,16962
2011-01-11 11:45:00,56.61,56.63,56.49,56.54,45265
2011-01-11 12:00:00,56.54,56.64,56.54,56.6,12583
2011-01-11 12:15:00,56.62,56.68,56.56,56.6,12085
2011-01-11 12:30:00,56.58,56.62,56.53,56.53,27423
2011-01-11 12:45:00,56.54,56.6,56.51,56.58,13169
2011-01-11 13:00:00,56.56,56.68,56.525,56.66,26261
2011-01-11 13:15:00,56.66,56.67,56.6,56.6,51439
2011-01-11 13:30:00,56.6,56.66,56.6,56.605,19072
2011-01-11 13:45:00,56.6,56.61,56.52,56.53,19178
2011-01-11 14:00:00,56.53,56.55,56.49,56.51,67994
2011-01-11 14:15:00,56.51,56.54,56.44,56.46,36750
2011-01-11 14:30:00,56.45,56.5,56.41,56.46,20925
2011-01-11 14:45:00,56.45,56.4705,56.38,56.39,18952
2011-01-11 15:00:00,56.39,56.42,56.32,56.37,27016
2011-01-11 15:15:00,56.38,56.41,56.33,56.36,24900
2011-01-11 15:30:00,56.35,56.42,56.32,56.37,30609
2011-01-11 15:45:00,56.37,56.41,56.28,56.31,77696
2011-01-11 16:00:00,56.32,56.34,56.23,56.25,168255
2011-01-12 09:45:00,56.82,56.99,56.41,56.81,105286
2011-01-12 10:00:00,56.79,56.88,56.72,56.81,61418
2011-01-12 10:15:00,56.8,57.08,56.76,57.04,31048
2011-01-12 10:30:00,57.0499,57.25,57.0499,57.24,42931
2011-01-12 10:45:00,57.25,57.25,57.15,57.17,36197
2011-01-12 11:00:00,57.17,57.17,56.97,57.08,27378
2011-01-12 11:15:00,57.06,57.25,57.03,57.23,28488
2011-01-12 11:30:00,57.24,57.4,57.2,57.38,48690
2011-01-12 11:45:00,57.36,57.45,57.35,57.4396,80053
2011-01-12 12:00:00,57.44,57.49,57.4,57.4,36605
2011-01-12 12:15:00,57.4,57.47,57.4,57.43,28331
2011-01-12 12:30:00,57.43,57.46,57.4,57.4,23910
2011-01-12 12:45:00,57.403,57.41,57.36,57.39,30823
2011-01-12 13:00:00,57.39,57.42,57.34,57.35,12835
2011-01-12 13:15:00,57.35,57.36,57.12,57.12,17201
2011-01-12 13:30:00,57.12,57.12,57.0,57.005,29570
2011-01-12 13:45:00,57.005,57.15,56.99,57.13,20828
2011-01-12 14:00:00,57.13,57.13,57.0,57.0899,26360
2011-01-12 14:15:00,57.09,57.09,56.99,57.07,22008
2011-01-12 14:30:00,57.07,57.14,57.02,57.12,23381
2011-01-12 14:45:00,57.12,57.16,57.08,57.15,12258
2011-01-12 15:00:00,57.15,57.16,57.11,57.12,14164
2011-01-12 15:15:00,57.12,57.18,57.08,57.09,30108
2011-01-12 15:30:00,57.09,57.15,56.91,56.97,50573
2011-01-12 15:45:00,56.99,57.055,56.92,57.0,56272
2011-01-12 16:00:00,57.0,57.16,57.0,57.16,99551
2011-01-13 09:45:00,57.15,57.15,56.92,57.01,36340
2011-01-13 10:00:00,57.0,57.07,56.93,57.0,42700
2011-01-13 10:15:00,57.0,57.03,56.9,56.98,26403
2011-01-13 10:30:00,56.98,57.03,56.9,57.0,12124
2011-01-13 10:45:00,57.0,57.0,56.86,56.93,21800
2011-01-13 11:00:00,56.91,56.92,56.81,56.84,37808
2011-01-13 11:15:00,56.83,56.84,56.71,56.72,34861
2011-01-13 11:30:00,56.75,56.82,56.71,56.7798,32329
2011-01-13 11:45:00,56.77,56.82,56.75,56.79,14329
2011-01-13 12:00:00,56.78,56.82,56.75,56.81,20117
2011-01-13 12:15:00,56.81,56.82,56.77,56.8,23321
2011-01-13 12:30:00,56.79,56.82,56.77,56.7997,25660
2011-01-13 12:45:00,56.79,56.8,56.75,56.75,70217
2011-01-13 13:00:00,56.76,56.8699,56.72,56.86,30802
2011-01-13 13:15:00,56.8543,56.87,56.78,56.78,23683
2011-01-13 13:30:00,56.78,56.86,56.76,56.83,10961
2011-01-13 13:45:00,56.84,56.86,56.81,56.81,11423
2011-01-13 14:00:00,56.81,56.84,56.79,56.81,7625
2011-01-13 14:15:00,56.8199,56.85,56.69,56.7075,21057
2011-01-13 14:30:00,56.72,56.81,56.72,56.79,9351
2011-01-13 14:45:00,56.8,56.85,56.76,56.83,51034
2011-01-13 15:00:00,56.82,56.84,56.67,56.74,11802
2011-01-13 15:15:00,56.76,56.8,56.74,56.76,7965
2011-01-13 15:30:00,56.76,56.76,56.69,56.69,16250
2011-01-13 15:45:00,56.69,56.71,56.62,56.69,30358
2011-01-13 16:00:00,56.69,56.76,56.65,56.7,57175
2011-01-14 09:45:00,56.67,56.89,56.45,56.85,50733
2011-01-14 10:00:00,56.84,56.99,56.76,56.9,39192
2011-01-14 10:15:00,56.92,57.0,56.81,56.81,30853
2011-01-14 10:30:00,56.81,56.82,56.61,56.61,42028
2011-01-14 10:45:00,56.61,56.84,56.6,56.84,26495
2011-01-14 11:00:00,56.83,56.86,56.76,56.8,10450
2011-01-14 11:15:00,56.8,56.95,56.74,56.89,37644
2011-01-14 11:30:00,56.9,57.02,56.89,57.02,19858
2011-01-14 11:45:00,57.02,57.13,56.99,57.12,18885
2011-01-14 12:00:00,57.12,57.26,57.09,57.21,26843
2011-01-14 12:15:00,57.21,57.25,57.14,57.22,22883
2011-01-14 12:30:00,57.22,57.22,57.13,57.14,11451
2011-01-14 12:45:00,57.14,57.14,57.07,57.105,11100
2011-01-14 13:00:00,57.09,57.11,57.03,57.03,15214
2011-01-14 13:15:00,57.03,57.06,57.01,57.0175,9495
2011-01-14 13:30:00,57.0175,57.08,57.0,57.08,22324
2011-01-14 13:45:00,57.08,57.15,57.08,57.13,18983
2011-01-14 14:00:00,57.14,57.14,56.99,56.99,30163
2011-01-14 14:15:00,56.96,57.1,56.95,57.05,11181
2011-01-14 14:30:00,57.04,57.0495,56.96,56.99,9730
2011-01-14 14:45:00,56.9966,57.02,56.91,57.02,24596
2011-01-14 15:00:00,57.03,57.06,56.965,57.06,22987
2011-01-14 15:15:00,57.08,57.19,57.07,57.13,48505
2011-01-14 15:30:00,57.14,57.22,57.136,57.145,27458
2011-01-14 15:45:00,57.15,57.17,57.1,57.12,29838
2011-01-14 16:00:00,57.12,57.31,57.12,57.3,131662
2011-01-18 09:45:00,57.45,57.92,57.32,57.51,56711
2011-01-18 10:00:00,57.51,57.51,57.22,57.26,28738
2011-01-18 10:15:00,57.26,57.58,57.24,57.45,28049
2011-01-18 10:30:00,57.44,57.55,57.39,57.45,21414
2011-01-18 10:45:00,57.44,57.44,57.26,57.27,21969
2011-01-18 11:00:00,57.27,57.27,56.94,57.0,56110
2011-01-18 11:15:00,57.01,57.17,57.01,57.04,21582
2011-01-18 11:30:00,57.04,57.22,57.01,57.02,43879
2011-01-18 11:45:00,57.03,57.03,56.91,56.91,13063
2011-01-18 12:00:00,56.91,56.92,56.76,56.82,18393
2011-01-18 12:15:00,56.81,56.81,56.73,56.77,12959
2011-01-18 12:30:00,56.78,56.81,56.73,56.77,13527
2011-01-18 12:45:00,56.76,56.83,56.74,56.754,27578
2011-01-18 13:00:00,56.75,56.94,56.75,56.93,15481
2011-01-18 13:15:00,56.94,56.96,56.85,56.87,9908
2011-01-18 13:30:00,56.87,56.87,56.68,56.7001,18989
2011-01-18 13:45:00,56.71,56.87,56.71,56.87,38583
2011-01-18 14:00:00,56.86,56.95,56.8599,56.95,8815
2011-01-18 14:15:00,56.94,57.01,56.9361,57.0,30847
2011-01-18 14:30:00,57.0,57.02,56.97,57.0026,13652
2011-01-18 14:45:00,57.005,57.01,56.97,57.01,51250
2011-01-18 15:00:00,57.01,57.04,56.99,57.03,15184
2011-01-18 15:15:00,57.04,57.06,56.9,56.93,28163
2011-01-18 15:30:00,56.93,56.97,56.9,56.92,22075
2011-01-18 15:45:00,56.9119,57.0,56.905,56.9799,30877
2011-01-18 16:00:00,56.98,57.0,56.86,56.92,120803
2011-01-19 09:45:00,56.65,56.755,56.47,56.59,55409
2011-01-19 10:00:00,56.6,56.75,56.51,56.74,217677
2011-01-19 10:15:00,56.76,56.91,56.65,56.89,28240
2011-01-19 10:30:00,56.875,56.91,56.73,56.83,56100
2011-01-19 10:45:00,56.82,57.11,56.82,57.07,59156
2011-01-19 11:00:00,57.06,57.39,57.04,57.35,37641
2011-01-19 11:15:00,57.35,57.46,57.25,57.25,76958
2011-01-19 11:30:00,57.27,57.37,57.24,57.3175,83982
2011-01-19 11:45:00,57.31,57.35,57.23,57.23,20238
2011-01-19 12:00:00,57.25,57.355,57.23,57.28,13378
2011-01-19 12:15:00,57.27,57.395,57.26,57.35,43293
2011-01-19 12:30:00,57.34,57.35,57.17,57.24,26524
2011-01-19 12:45:00,57.23,57.23,57.12,57.215,28699
2011-01-19 13:00:00,57.21,57.32,57.115,57.24,28762
2011-01-19 13:15:00,57.25,57.32,57.19,57.26,15775
2011-01-19 13:30:00,57.24,57.355,57.21,57.35,42148
2011-01-19 13:45:00,57.35,57.39,57.2925,57.2925,31989
2011-01-19 14:00:00,57.29,57.29,57.205,57.26,13384
2011-01-19 14:15:00,57.27,57.27,57.12,57.1725,23482
2011-01-19 14:30:00,57.17,57.24,57.11,57.18,37126
2011-01-19 14:45:00,57.19,57.31,57.16,57.26,42723
2011-01-19 15:00:00,57.278,57.31,57.17,57.3,64107
2011-01-19 15:15:00,57.3,57.34,57.28,57.29,53321
2011-01-19 15:30:00,57.28,57.6,57.28,57.6,160888
2011-01-19 15:45:00,57.59,57.61,57.37,57.39,103927
2011-01-19 16:00:00,57.38,57.42,57.3,57.42,93742
2011-01-20 09:45:00,57.36,58.6,57.36,58.28,112182
2011-01-20 10:00:00,58.3,58.54,58.2019,58.25,44510
2011-01-20 10:15:00,58.23,58.51,58.16,58.4,50298
2011-01-20 10:30:00,58.38,58.44,58.31,58.386,69437
2011-01-20 10:45:00,58.38,58.4,58.27,58.4,34071
2011-01-20 11:00:00,58.4,58.43,58.195,58.21,36968
2011-01-20 11:15:00,58.22,58.3,58.15,58.29,22130
2011-01-20 11:30:00,58.28,58.34,58.1,58.12,37671
2011-01-20 11:45:00,58.12,58.12,57.99,58.035,19240
2011-01-20 12:00:00,58.02,58.07,57.99,58.03,12675
2011-01-20 12:15:00,58.04,58.05,57.9699,57.9699,18153
2011-01-20 12:30:00,57.96,58.02,57.905,57.92,18110
2011-01-20 12:45:00,57.92,57.98,57.89,57.95,29030
2011-01-20 13:00:00,57.95,57.96,57.89,57.905,18567
2011-01-20 13:15:00,57.91,57.91,57.815,57.82,24471
2011-01-20 13:30:00,57.8101,57.87,57.75,57.805,21930
2011-01-20 13:45:00,57.8,57.88,57.78,57.8562,24085
2011-01-20 14:00:00,57.84,57.88,57.795,57.88,13400
2011-01-20 14:15:00,57.88,58.04,57.85,58.01,25019
2011-01-20 14:30:00,58.05,58.05,57.84,57.93,18093
2011-01-20 14:45:00,57.9577,58.19,57.94,58.158,45096
2011-01-20 15:00:00,58.15,58.3199,58.15,58.27,63465
2011-01-20 15:15:00,58.27,58.3,58.21,58.285,50991
2011-01-20 15:30:00,58.27,58.27,58.08,58.08,44654
2011-01-20 15:45:00,58.08,58.09,57.9,57.94,101004
2011-01-20 16:00:00,57.93,57.93,57.76,57.88,162721
2011-01-21 09:45:00,58.03,58.05,57.2607,57.29,196612
2011-01-21 10:00:00,57.29,57.4,57.2,57.4,41960
2011-01-21 10:15:00,57.4,57.51,57.38,57.41,33308
2011-01-21 10:30:00,57.38,57.38,57.1305,57.1305,35531
2011-01-21 10:45:00,57.13,57.17,57.02,57.095,36308
2011-01-21 11:00:00,57.11,57.64,57.11,57.41,127537
2011-01-21 11:15:00,57.43,57.62,57.28,57.28,32853
2011-01-21 11:30:00,57.3,57.3,57.17,57.25,20140
2011-01-21 11:45:00,57.245,57.27,57.19,57.1999,23464
2011-01-21 12:00:00,57.18,57.27,57.07,57.27,25730
2011-01-21 12:15:00,57.31,57.31,57.17,57.27,16322
2011-01-21 12:30:00,57.27,57.37,57.26,57.315,17662
2011-01-21 12:45:00,57.3195,57.385,57.24,57.26,31477
2011-01-21 13:00:00,57.26,57.48,57.23,57.48,22019
2011-01-21 13:15:00,57.48,57.485,57.33,57.43,21246
2011-01-21 13:30:00,57.44,57.52,57.43,57.45,9034
2011-01-21 13:45:00,57.46,57.48,57.43,57.44,13053
2011-01-21 14:00:00,57.44,57.46,57.38,57.43,21387
2011-01-21 14:15:00,57.45,57.53,57.42,57.48,14815
2011-01-21 14:30:00,57.48,57.55,57.39,57.53,26813
2011-01-21 14:45:00,57.53,57.6,57.53,57.585,16934
2011-01-21 15:00:00,57.58,57.66,57.56,57.58,21518
2011-01-21 15:15:00,57.59,57.61,57.43,57.4625,33636
2011-01-21 15:30:00,57.47,57.5,57.42,57.44,15366
2011-01-21 15:45:00,57.44,57.465,57.38,57.38,21294
2011-01-21 16:00:00,57.4,57.52,57.36,57.48,82475
2011-01-24 09:45:00,57.33,57.4936,56.75,56.943999999999996,66750
2011-01-24 10:00:00,56.98,57.06,56.82,56.87,31679
2011-01-24 10:15:00,56.85,56.98,56.79,56.89,16905
2011-01-24 10:30:00,56.9,56.98,56.82,56.9,19673
2011-01-24 10:45:00,56.9,56.92,56.61,56.65,65664
2011-01-24 11:00:00,56.6699,56.67,56.59,56.61,20852
2011-01-24 11:15:00,56.6,56.63,56.56,56.58,23191
2011-01-24 11:30:00,56.58,56.59,56.51,56.54,26641
2011-01-24 11:45:00,56.53,56.61,56.52,56.54,21079
2011-01-24 12:00:00,56.55,56.675,56.53,56.65,20905
2011-01-24 12:15:00,56.6596,56.77,56.62,56.68,40626
2011-01-24 12:30:00,56.67,56.7,56.52,56.525,42648
2011-01-24 12:45:00,56.52,56.62,56.51,56.6,12559
2011-01-24 13:00:00,56.6,56.75899999999999,56.53,56.67,30172
2011-01-24 13:15:00,56.68,56.778,56.68,56.75,40474
2011-01-24 13:30:00,56.76,56.91,56.76,56.9006,13541
2011-01-24 13:45:00,56.91,56.97,56.83,56.97,46813
2011-01-24 14:00:00,56.96,57.06,56.94,56.98,32814
2011-01-24 14:15:00,56.98,57.01,56.94,56.99,48289
2011-01-24 14:30:00,56.99,57.13,56.99,57.08,45385
2011-01-24 14:45:00,57.06,57.12,57.04,57.12,15182
2011-01-24 15:00:00,57.12,57.145,57.06,57.071999999999996,28867
2011-01-24 15:15:00,57.06,57.15,57.06,57.14,18018
2011-01-24 15:30:00,57.15,57.16,57.04,57.06,23854
2011-01-24 15:45:00,57.07,57.23,57.07,57.22,22648
2011-01-24 16:00:00,57.215,57.25,57.16,57.25,72279
2011-01-25 09:45:00,57.0,57.03,56.58,56.67,35895
2011-01-25 10:00:00,56.6,56.69,56.48,56.5,67912
2011-01-25 10:15:00,56.55,56.55,56.35,56.39,67415
2011-01-25 10:30:00,56.4,56.4,56.15,56.18,39676
2011-01-25 10:45:00,56.16,56.28,56.14,56.2,29208
2011-01-25 11:00:00,56.216,56.37,56.216,56.35,13435
2011-01-25 11:15:00,56.36,56.37,56.05,56.12,58207
2011-01-25 11:30:00,56.12,56.13,55.91,55.94,46791
2011-01-25 11:45:00,55.94,55.964,55.85,55.905,54769
2011-01-25 12:00:00,55.91,56.04,55.8875,56.02,20888
2011-01-25 12:15:00,56.02,56.2001,56.02,56.2,13381
2011-01-25 12:30:00,56.21,56.2995,56.19,56.28,9655
2011-01-25 12:45:00,56.29,56.48,56.273999999999994,56.48,14964
2011-01-25 13:00:00,56.46,56.53,56.43,56.53,16796
2011-01-25 13:15:00,56.54,56.6,56.45,56.53,47122
2011-01-25 13:30:00,56.53,56.5781,56.51,56.55,13332
2011-01-25 13:45:00,56.56,56.6,56.49,56.51,19626
2011-01-25 14:00:00,56.52,56.56,56.435,56.44,11160
2011-01-25 14:15:00,56.43,56.43,56.16,56.16,21545
2011-01-25 14:30:00,56.155,56.27,56.115,56.23,27331
2011-01-25 14:45:00,56.25,56.25,56.15,56.19,23116
2011-01-25 15:00:00,56.18,56.19,56.0,56.09,54948
2011-01-25 15:15:00,56.09,56.25,56.09,56.15,55327
2011-01-25 15:30:00,56.16,56.256,56.12,56.21,63733
2011-01-25 15:45:00,56.21,56.27,56.16,56.27,40926
2011-01-25 16:00:00,56.27,56.37,56.23,56.29,147030
2011-01-26 09:45:00,56.3,56.35,55.6,55.78,59419
2011-01-26 10:00:00,55.8,56.1,55.8,56.0,25193
2011-01-26 10:15:00,56.03,56.41,55.93,56.37,83913
2011-01-26 10:30:00,56.3601,56.67,56.33,56.67,67753
2011-01-26 10:45:00,56.67,56.76,56.56,56.57,33080
2011-01-26 11:00:00,56.56,56.7,56.46,56.5,10745
2011-01-26 11:15:00,56.47,56.48,56.3196,56.3497,28232
2011-01-26 11:30:00,56.35,56.38,56.19,56.2,27015
2011-01-26 11:45:00,56.2,56.2,56.11,56.19,21303
2011-01-26 12:00:00,56.19,56.29,56.18,56.24,18523
2011-01-26 12:15:00,56.25,56.33,56.235,56.28,26976
2011-01-26 12:30:00,56.31,56.33,56.25,56.32,28411
2011-01-26 12:45:00,56.31,56.4037,56.31,56.36,17261
2011-01-26 13:00:00,56.34,56.41,56.28,56.4,13717
2011-01-26 13:15:00,56.4,56.4,56.3,56.34,10829
2011-01-26 13:30:00,56.34,56.41,56.33,56.4,23409
2011-01-26 13:45:00,56.38,56.53,56.38,56.53,17360
2011-01-26 14:00:00,56.52,56.63,56.51,56.6299,17329
2011-01-26 14:15:00,56.61,56.63,56.54,56.58,14952
2011-01-26 14:30:00,56.58,56.7899,56.48,56.58,58509
2011-01-26 14:45:00,56.58,56.72,56.48,56.72,21786
2011-01-26 15:00:00,56.71,56.8199,56.6395,56.8199,62942
2011-01-26 15:15:00,56.79,56.84,56.73,56.82,22455
2011-01-26 15:30:00,56.83,56.86,56.76,56.83,40176
2011-01-26 15:45:00,56.84,56.87,56.73,56.79,59506
2011-01-26 16:00:00,56.8,57.03,56.8,57.0,225255
2011-01-27 09:45:00,57.18,57.34,56.88,57.17,58784
2011-01-27 10:00:00,57.15,57.46,57.07,57.28,67948
2011-01-27 10:15:00,57.3,57.42,57.05,57.1,85471
2011-01-27 10:30:00,57.12,57.25,57.11,57.2,19002
2011-01-27 10:45:00,57.23,57.25,57.0,57.04,41646
2011-01-27 11:00:00,57.0,57.13,57.0,57.13,12964
2011-01-27 11:15:00,57.13,57.27,57.13,57.22,27619
2011-01-27 11:30:00,57.22,57.26,57.18,57.25,35219
2011-01-27 11:45:00,57.25,57.25,57.18,57.22,15726
2011-01-27 12:00:00,57.24,57.38,57.24,57.36,40850
2011-01-27 12:15:00,57.35,57.49,57.31,57.44,51025
2011-01-27 12:30:00,57.4453,57.61,57.44,57.6,88115
2011-01-27 12:45:00,57.59,57.61,57.56,57.57,13485
2011-01-27 13:00:00,57.58,57.62,57.55,57.6,36883
2011-01-27 13:15:00,57.62,57.68,57.59,57.67,22632
2011-01-27 13:30:00,57.66,57.72,57.54,57.59,27783
2011-01-27 13:45:00,57.595,57.65,57.49,57.59,24208
2011-01-27 14:00:00,57.6,57.65,57.55,57.61,57609
2011-01-27 14:15:00,57.61,57.61,57.48,57.58,18893
2011-01-27 14:30:00,57.571000000000005,57.605,57.53,57.53,15495
2011-01-27 14:45:00,57.56,57.66,57.52,57.63,21711
2011-01-27 15:00:00,57.64,57.8,57.63,57.8,61351
2011-01-27 15:15:00,57.8,57.82,57.72,57.75,32210
2011-01-27 15:30:00,57.75,57.8,57.68,57.71,31928
2011-01-27 15:45:00,57.71,57.76,57.66,57.76,67975
2011-01-27 16:00:00,57.75,57.82,57.72,57.79,160515
2011-01-28 09:45:00,57.64,57.77,57.37,57.4148,25957
2011-01-28 10:00:00,57.44,57.45,57.21,57.2669,44561
2011-01-28 10:15:00,57.26,57.36,57.15,57.16,49881
2011-01-28 10:30:00,57.16,57.3,56.93,56.99,36885
2011-01-28 10:45:00,56.96,56.99,56.78,56.95,31717
2011-01-28 11:00:00,56.98,56.99,56.86,56.91,49505
2011-01-28 11:15:00,56.86,56.95,56.82,56.89,29886
2011-01-28 11:30:00,56.86,56.95,56.82,56.835,19329
2011-01-28 11:45:00,56.84,56.91,56.72,56.73,71272
2011-01-28 12:00:00,56.73,56.73,56.58,56.66,28252
2011-01-28 12:15:00,56.63,56.63,56.44,56.5,49021
2011-01-28 12:30:00,56.5,56.63,56.495,56.585,29340
2011-01-28 12:45:00,56.585,56.66,56.555,56.65,27343
2011-01-28 13:00:00,56.645,56.78,56.64,56.78,72929
2011-01-28 13:15:00,56.76,56.78,56.62,56.63,50339
2011-01-28 13:30:00,56.64,56.7,56.62,56.66,43464
2011-01-28 13:45:00,56.66,56.71,56.63,56.635,39483
2011-01-28 14:00:00,56.645,56.79,56.64,56.77,16640
2011-01-28 14:15:00,56.78,56.83,56.73,56.73,39111
2011-01-28 14:30:00,56.74,56.82,56.72,56.75,28539
2011-01-28 14:45:00,56.76,56.77,56.68,56.71,17315
2011-01-28 15:00:00,56.68,56.81,56.645,56.66,20361
2011-01-28 15:15:00,56.65,56.71,56.63,56.7,37912
2011-01-28 15:30:00,56.7,56.71,56.58,56.58,61967
2011-01-28 15:45:00,56.58,56.6,56.47,56.54,29176
2011-01-28 16:00:00,56.54,56.57,56.44,56.52,80184
2011-01-31 09:45:00,56.55,56.76,56.29,56.76,49011
2011-01-31 10:00:00,56.7,56.78,56.36,56.45,34234
2011-01-31 10:15:00,56.47,56.64,56.38,56.601000000000006,34139
2011-01-31 10:30:00,56.603,56.91,56.603,56.77,67427
2011-01-31 10:45:00,56.78,56.98,56.77,56.895,24546
2011-01-31 11:00:00,56.89,57.05,56.86,56.99,13137
2011-01-31 11:15:00,56.99,57.0,56.91,56.94,25060
2011-01-31 11:30:00,56.9241,56.9241,56.81,56.86,40510
2011-01-31 11:45:00,56.85,57.01,56.84,57.0,16408
2011-01-31 12:00:00,57.0,57.12,56.96,57.12,26327
2011-01-31 12:15:00,57.14,57.22,57.07,57.215,37201
2011-01-31 12:30:00,57.21,57.4,57.21,57.4,23496
2011-01-31 12:45:00,57.4,57.44,57.24,57.27,24373
2011-01-31 13:00:00,57.25,57.34,57.2,57.32,34238
2011-01-31 13:15:00,57.31,57.38,57.27,57.27,12308
2011-01-31 13:30:00,57.28,57.31,57.21,57.22,10093
2011-01-31 13:45:00,57.22,57.245,57.11,57.11,18016
2011-01-31 14:00:00,57.14,57.23,57.12,57.19,6372
2011-01-31 14:15:00,57.19,57.195,57.05,57.06,18765
2011-01-31 14:30:00,57.03,57.06,57.0,57.02,13778
2011-01-31 14:45:00,57.02,57.02,56.77,56.8,24513
2011-01-31 15:00:00,56.8,56.82,56.73,56.8,20160
2011-01-31 15:15:00,56.8,56.91,56.79,56.86,43730
2011-01-31 15:30:00,56.87,56.91,56.81,56.83,30019
2011-01-31 15:45:00,56.82,56.9,56.79,56.84,30079
2011-01-31 16:00:00,56.86,56.9,56.82,56.82,75567
2011-02-01 09:45:00,57.31,57.31,57.0,57.1,35510
2011-02-01 10:00:00,57.11,57.355,57.08,57.32,34169
2011-02-01 10:15:00,57.325,57.41,57.0,57.02,28099
2011-02-01 10:30:00,57.05,57.14,57.0,57.12,30525
2011-02-01 10:45:00,57.12,57.16,57.0419,57.12,20626
2011-02-01 11:00:00,57.11,57.18,57.03,57.16,24910
2011-02-01 11:15:00,57.16,57.19,57.03,57.15,30184
2011-02-01 11:30:00,57.18,57.18,57.08,57.1,32900
2011-02-01 11:45:00,57.115,57.21,57.115,57.16,27008
2011-02-01 12:00:00,57.15,57.26,57.14,57.21,21439
2011-02-01 12:15:00,57.225,57.26,57.17,57.25,24973
2011-02-01 12:30:00,57.26,57.46,57.21,57.43,24808
2011-02-01 12:45:00,57.42,57.43,57.29,57.29,23789
2011-02-01 13:00:00,57.285,57.3,57.223,57.3,26196
2011-02-01 13:15:00,57.2997,57.31,57.26,57.29,11727
2011-02-01 13:30:00,57.3,57.31,57.21,57.28,5702
2011-02-01 13:45:00,57.29,57.3,57.18,57.2,18774
2011-02-01 14:00:00,57.22,57.3,57.2,57.23,18956
2011-02-01 14:15:00,57.23,57.29,57.23,57.25,16509
2011-02-01 14:30:00,57.25,57.3,57.25,57.28,15293
2011-02-01 14:45:00,57.28,57.3,57.18,57.2,56177
2011-02-01 15:00:00,57.2,57.2,57.0703,57.08,36767
2011-02-01 15:15:00,57.1,57.1,56.98,56.98,28526
2011-02-01 15:30:00,56.99,57.06,56.89,56.93,58905
2011-02-01 15:45:00,56.92,56.96,56.85,56.86,29582
2011-02-01 16:00:00,56.865,56.935,56.85,56.92,103631
2011-02-02 09:45:00,56.71,57.155,56.44,56.5,40256
2011-02-02 10:00:00,56.47,56.61,56.24,56.38,84175
2011-02-02 10:15:00,56.37,56.43,56.35,56.365,46793
2011-02-02 10:30:00,56.3758,56.46,56.35,56.375,39596
2011-02-02 10:45:00,56.4,56.44,56.35,56.43,27533
2011-02-02 11:00:00,56.43,56.435,56.23,56.2305,33699
2011-02-02 11:15:00,56.23,56.23,55.9,55.95,42933
2011-02-02 11:30:00,55.95,56.16,55.95,56.09,15861
2011-02-02 11:45:00,56.09,56.2,56.09,56.15,22879
2011-02-02 12:00:00,56.16,56.18,55.99,56.01,33311
2011-02-02 12:15:00,56.02,56.02,55.9,56.0,19124
2011-02-02 12:30:00,56.0,56.0,55.82,55.86,20246
2011-02-02 12:45:00,55.85,55.9399,55.8,55.92,19398
2011-02-02 13:00:00,55.935,55.96,55.87,55.94,14034
2011-02-02 13:15:00,55.92,55.92,55.87,55.89,16027
2011-02-02 13:30:00,55.87,55.9,55.81,55.81100000000001,14275
2011-02-02 13:45:00,55.82,55.82,55.68,55.69,33262
2011-02-02 14:00:00,55.69,55.71,55.68,55.69,12313
2011-02-02 14:15:00,55.7,55.71,55.62,55.63,25460
2011-02-02 14:30:00,55.63,55.64,55.58,55.59,37517
2011-02-02 14:45:00,55.59,55.65,55.52,55.63,53198
2011-02-02 15:00:00,55.63,55.71,55.59,55.67,43188
2011-02-02 15:15:00,55.68,55.87,55.66,55.86,36328
2011-02-02 15:30:00,55.86,55.87,55.71,55.71,22340
2011-02-02 15:45:00,55.718,55.72,55.6,55.605,51386
2011-02-02 16:00:00,55.61,55.68,55.56,55.64,112076
2011-02-03 09:45:00,55.64,56.17,55.5,55.88,66163
2011-02-03 10:00:00,55.9,56.03,55.89,55.98,54974
2011-02-03 10:15:00,55.98,56.21,55.62,55.64,97809
2011-02-03 10:30:00,55.64,55.8,55.56,55.71,64969
2011-02-03 10:45:00,55.71,55.95,55.59,55.91,71064
2011-02-03 11:00:00,55.94,56.06,55.89,56.04,17055
2011-02-03 11:15:00,56.03,56.06,55.97,55.99,23229
2011-02-03 11:30:00,55.98,56.126000000000005,55.96,56.11,11088
2011-02-03 11:45:00,56.11,56.41,56.08,56.38,29296
2011-02-03 12:00:00,56.39,56.47,56.385,56.47,23427
2011-02-03 12:15:00,56.4647,56.57,56.44,56.51,17667
2011-02-03 12:30:00,56.49,56.55,56.46,56.52,5259
2011-02-03 12:45:00,56.51,56.515,56.33,56.38,17396
2011-02-03 13:00:00,56.42,56.46,56.33,56.45,10850
2011-02-03 13:15:00,56.46,56.52,56.45,56.5,8000
2011-02-03 13:30:00,56.5,56.59,56.49,56.59,15617
2011-02-03 13:45:00,56.58,56.58,56.44,56.4401,21169
2011-02-03 14:00:00,56.45,56.52,56.41,56.52,14737
2011-02-03 14:15:00,56.51,56.51,56.43,56.48,16927
2011-02-03 14:30:00,56.47,56.52,56.41,56.41,8574
2011-02-03 14:45:00,56.41,56.41,56.31,56.35,19801
2011-02-03 15:00:00,56.34,56.47,56.31,56.42,19034
2011-02-03 15:15:00,56.44,56.62,56.42,56.605,25635
2011-02-03 15:30:00,56.6,56.63,56.52,56.55,23403
2011-02-03 15:45:00,56.54,56.56,56.46,56.48,17593
2011-02-03 16:00:00,56.49,56.53,56.44,56.48,63543
2011-02-04 09:45:00,56.34,56.78,56.27,56.7,40777
2011-02-04 10:00:00,56.7,57.26,56.63,57.12,44860
2011-02-04 10:15:00,57.16,57.3,57.13,57.24,40299
2011-02-04 10:30:00,57.15,57.19,57.035,57.17,18824
2011-02-04 10:45:00,57.18,57.24,56.95,56.95,24075
2011-02-04 11:00:00,56.96,57.01,56.84,56.91,14600
2011-02-04 11:15:00,56.91,57.04,56.89,56.99,34547
2011-02-04 11:30:00,56.95,57.12,56.95,57.1006,29366
2011-02-04 11:45:00,57.1,57.2,57.09,57.2,23514
2011-02-04 12:00:00,57.2,57.21,57.13,57.17,17304
2011-02-04 12:15:00,57.17,57.24,57.17,57.21,17802
2011-02-04 12:30:00,57.21,57.22,57.15,57.18,13340
2011-02-04 12:45:00,57.16,57.2,57.135,57.135,28020
2011-02-04 13:00:00,57.11,57.26,57.1,57.25,38631
2011-02-04 13:15:00,57.26,57.42,57.26,57.42,17710
2011-02-04 13:30:00,57.42,57.48,57.37,57.46,30657
2011-02-04 13:45:00,57.45,57.49,57.38,57.39,48016
2011-02-04 14:00:00,57.38,57.59,57.38,57.57,46552
2011-02-04 14:15:00,57.56,57.56,57.37,57.43,36511
2011-02-04 14:30:00,57.43,57.53,57.42,57.495,43069
2011-02-04 14:45:00,57.5,57.53,57.495,57.5,31198
2011-02-04 15:00:00,57.51,57.54,57.47,57.54,62631
2011-02-04 15:15:00,57.54,57.64,57.5,57.52,18045
2011-02-04 15:30:00,57.51,57.53,57.48,57.525,71267
2011-02-04 15:45:00,57.53,57.58,57.53,57.55,55906
2011-02-04 16:00:00,57.55,57.65,57.46,57.58,129394
2011-02-07 09:45:00,57.58,57.69,57.52,57.55,31547
2011-02-07 10:00:00,57.55,57.7,57.51,57.64,22060
2011-02-07 10:15:00,57.67,57.755,57.53,57.62,46081
2011-02-07 10:30:00,57.61,57.77,57.54,57.76,24351
2011-02-07 10:45:00,57.75,57.95,57.73,57.925,18249
2011-02-07 11:00:00,57.94,57.95,57.89,57.935,16059
2011-02-07 11:15:00,57.935,57.98,57.8102,57.82,16099
2011-02-07 11:30:00,57.8,57.85,57.7,57.71,10805
2011-02-07 11:45:00,57.72,57.76,57.66,57.71,21619
2011-02-07 12:00:00,57.71,57.75,57.659,57.71,21997
2011-02-07 12:15:00,57.71,57.74,57.68,57.7,25518
2011-02-07 12:30:00,57.71,57.76,57.61,57.61,14827
2011-02-07 12:45:00,57.61,57.78,57.61,57.78,15418
2011-02-07 13:00:00,57.79,57.81,57.65,57.65,8548
2011-02-07 13:15:00,57.67,57.73,57.66,57.72,6704
2011-02-07 13:30:00,57.7199,57.75,57.69,57.745,24936
2011-02-07 13:45:00,57.75,57.87,57.74,57.85,53427
2011-02-07 14:00:00,57.85,57.97,57.84,57.955,42066
2011-02-07 14:15:00,57.95,57.95,57.81,57.81,10504
2011-02-07 14:30:00,57.81,57.91,57.81,57.85,11718
2011-02-07 14:45:00,57.85,57.87,57.77,57.8,17739
2011-02-07 15:00:00,57.8,57.8,57.6,57.69,52053
2011-02-07 15:15:00,57.68,57.69,57.59,57.66,36690
2011-02-07 15:30:00,57.67,57.79,57.67,57.75,42191
2011-02-07 15:45:00,57.75,57.78,57.63,57.68,28503
2011-02-07 16:00:00,57.69,57.76,57.65,57.73,66293
2011-02-08 09:45:00,57.67,57.73,57.52,57.73,34899
2011-02-08 10:00:00,57.74,57.805,57.7,57.78,27769
2011-02-08 10:15:00,57.8,57.86,57.76,57.85,11323
2011-02-08 10:30:00,57.85,57.885,57.81,57.81,13100
2011-02-08 10:45:00,57.8228,57.8273,57.6501,57.69,10913
2011-02-08 11:00:00,57.69,57.8,57.69,57.7125,19032
2011-02-08 11:15:00,57.72,57.85,57.7,57.8,20316
2011-02-08 11:30:00,57.78,57.79,57.65,57.7299,13135
2011-02-08 11:45:00,57.73,57.95,57.73,57.95,26703
2011-02-08 12:00:00,57.95,58.15,57.94,58.025,51131
2011-02-08 12:15:00,58.02,58.07,57.9,57.93,15468
2011-02-08 12:30:00,57.94,58.0786,57.94,58.06,11399
2011-02-08 12:45:00,58.06,58.09,58.03,58.08,11908
2011-02-08 13:00:00,58.08,58.11,58.038999999999994,58.04,13875
2011-02-08 13:15:00,58.05,58.0793,58.02,58.02,13829
2011-02-08 13:30:00,58.04,58.06,58.0,58.0098,11047
2011-02-08 13:45:00,58.0,58.05,57.95,58.02,28707
2011-02-08 14:00:00,58.02,58.07,57.99,58.055,24298
2011-02-08 14:15:00,58.05,58.075,57.99,58.01,29282
2011-02-08 14:30:00,58.01,58.04,57.99,58.01,19110
2011-02-08 14:45:00,58.01,58.04,58.01,58.015,26727
2011-02-08 15:00:00,58.015,58.04,57.96,58.0,38978
2011-02-08 15:15:00,58.0,58.095,57.98,58.095,84139
2011-02-08 15:30:00,58.1,58.128,57.98,57.99,41272
2011-02-08 15:45:00,57.98,58.08,57.98,58.06,20542
2011-02-08 16:00:00,58.07,58.23,58.06,58.21,97997
2011-02-09 09:45:00,58.09,58.14,57.8,58.13,25930
2011-02-09 10:00:00,58.13,58.33,58.0,58.315,23537
2011-02-09 10:15:00,58.33,58.47,58.08,58.13,25659
2011-02-09 10:30:00,58.15,58.27,58.05,58.25,23034
2011-02-09 10:45:00,58.22,58.24,58.19,58.23,15225
2011-02-09 11:00:00,58.24,58.3,58.23,58.24,22534
2011-02-09 11:15:00,58.23,58.26,58.16,58.16,23508
2011-02-09 11:30:00,58.16,58.17,58.02,58.1,14566
2011-02-09 11:45:00,58.09,58.175,58.02,58.16,8000
2011-02-09 12:00:00,58.16,58.2599,58.11,58.13,13158
2011-02-09 12:15:00,58.12,58.26,58.11,58.2,9362
2011-02-09 12:30:00,58.22,58.25,58.14,58.19,6750
2011-02-09 12:45:00,58.22,58.33,58.2,58.33,16331
2011-02-09 13:00:00,58.34,58.4399,58.32,58.37,28763
2011-02-09 13:15:00,58.36,58.44,58.34,58.375,17743
2011-02-09 13:30:00,58.375,58.49,58.37,58.48,27629
2011-02-09 13:45:00,58.4875,58.51,58.45,58.46,19404
2011-02-09 14:00:00,58.47,58.475,58.43,58.47,17180
2011-02-09 14:15:00,58.46,58.46,58.32,58.32,24656
2011-02-09 14:30:00,58.32,58.45,58.27,58.3,63865
2011-02-09 14:45:00,58.3,58.3,58.18,58.27,29733
2011-02-09 15:00:00,58.26,58.31,58.18,58.28,37183
2011-02-09 15:15:00,58.28,58.31,58.22,58.29,58167
2011-02-09 15:30:00,58.3,58.38,58.27,58.37,51829
2011-02-09 15:45:00,58.3701,58.39,58.29,58.29,44153
2011-02-09 16:00:00,58.31,58.36,58.18,58.31,142585
2011-02-10 09:45:00,58.0,58.0,57.65,57.7,35575
2011-02-10 10:00:00,57.69,57.7,57.35,57.5199,43001
2011-02-10 10:15:00,57.54,57.56,57.22,57.22,57962
2011-02-10 10:30:00,57.21,57.225,56.66,56.66,197519
2011-02-10 10:45:00,56.66,57.05,56.52,56.67,134914
2011-02-10 11:00:00,56.7,56.82,56.64,56.65,39448
2011-02-10 11:15:00,56.68,56.75,56.61,56.65,73804
2011-02-10 11:30:00,56.66,56.73,56.59,56.7,89471
2011-02-10 11:45:00,56.715,56.93,56.7,56.83,31908
2011-02-10 12:00:00,56.83,56.94,56.82,56.918,37652
2011-02-10 12:15:00,56.92,57.16,56.91,57.15,32835
2011-02-10 12:30:00,57.15,57.15,57.0,57.14,20777
2011-02-10 12:45:00,57.14,57.18,57.03,57.14,13991
2011-02-10 13:00:00,57.14,57.22,57.13,57.21,7700
2011-02-10 13:15:00,57.2,57.25,57.17,57.248000000000005,12175
2011-02-10 13:30:00,57.245,57.27,57.16,57.17,21536
2011-02-10 13:45:00,57.175,57.46,57.1725,57.44,30845
2011-02-10 14:00:00,57.43,57.49,57.36,57.44,13741
2011-02-10 14:15:00,57.46,57.64,57.45,57.63,25870
2011-02-10 14:30:00,57.61,57.68,57.57,57.65,30161
2011-02-10 14:45:00,57.64,57.76,57.64,57.72,21134
2011-02-10 15:00:00,57.71,57.71,57.48,57.495,41371
2011-02-10 15:15:00,57.51,57.54,57.42,57.53,37645
2011-02-10 15:30:00,57.54,57.6399,57.53,57.54,38519
2011-02-10 15:45:00,57.54,57.57,57.44,57.46,40543
2011-02-10 16:00:00,57.48,57.55,57.29,57.39,142675
2011-02-11 09:45:00,57.36,57.36,56.69,57.06,63459
2011-02-11 10:00:00,57.07,57.35,57.04,57.335,40677
2011-02-11 10:15:00,57.34,57.35,57.15,57.17,34988
2011-02-11 10:30:00,57.18,57.26,57.0,57.12,40429
2011-02-11 10:45:00,57.105,57.13,57.0,57.0,26833
2011-02-11 11:00:00,57.0001,57.23,57.0,57.2,28998
2011-02-11 11:15:00,57.19,57.31,57.12,57.19,59045
2011-02-11 11:30:00,57.18,57.3,57.13,57.24,42985
2011-02-11 11:45:00,57.25,57.27,57.08,57.18,71492
2011-02-11 12:00:00,57.2,57.25,57.15,57.25,21376
2011-02-11 12:15:00,57.25,57.34,57.22,57.24,20200
2011-02-11 12:30:00,57.24,57.33,57.23,57.3,20600
2011-02-11 12:45:00,57.29,57.39,57.26,57.39,21507
2011-02-11 13:00:00,57.39,57.525,57.38,57.52,29492
2011-02-11 13:15:00,57.53,57.585,57.48,57.55,25256
2011-02-11 13:30:00,57.56,57.56,57.47,57.48,13802
2011-02-11 13:45:00,57.49,57.61,57.48,57.61,17872
2011-02-11 14:00:00,57.6,57.69,57.58,57.69,14093
2011-02-11 14:15:00,57.67,57.73,57.67,57.69,17062
2011-02-11 14:30:00,57.68,57.755,57.63,57.64,13882
2011-02-11 14:45:00,57.6401,57.78,57.64,57.76,24123
2011-02-11 15:00:00,57.75,57.77,57.66,57.68,29639
2011-02-11 15:15:00,57.68,57.68,57.59,57.61,41328
2011-02-11 15:30:00,57.6,57.635,57.55,57.555,47397
2011-02-11 15:45:00,57.555,57.6,57.54,57.57,71896
2011-02-11 16:00:00,57.57,57.63,57.44,57.62,182895
2011-02-14 09:45:00,57.31,57.63,57.2,57.26,95912
2011-02-14 10:00:00,57.26,57.29,56.93,56.95,53103
2011-02-14 10:15:00,56.95,56.99,56.81,56.835,42872
2011-02-14 10:30:00,56.84,56.93,56.69,56.86,29974
2011-02-14 10:45:00,56.86,56.94,56.77,56.77,25823
2011-02-14 11:00:00,56.77,56.86,56.71,56.71,24925
2011-02-14 11:15:00,56.74,56.75,56.65,56.73,29734
2011-02-14 11:30:00,56.72,56.93,56.64,56.91,32948
2011-02-14 11:45:00,56.91,57.11,56.9,57.08,21279
2011-02-14 12:00:00,57.06,57.065,56.92,57.03,25788
2011-02-14 12:15:00,57.03,57.13,57.0075,57.07,34558
2011-02-14 12:30:00,57.056000000000004,57.13,57.02,57.04,24310
2011-02-14 12:45:00,57.05,57.15,57.05,57.12,18652
2011-02-14 13:00:00,57.13,57.19,57.06,57.18,18526
2011-02-14 13:15:00,57.18,57.34,57.09,57.24,35653
2011-02-14 13:30:00,57.23,57.3,57.19,57.29,14868
2011-02-14 13:45:00,57.3,57.4,57.28,57.37,16847
2011-02-14 14:00:00,57.36,57.47,57.345,57.47,17320
2011-02-14 14:15:00,57.46,57.54,57.44,57.5,30858
2011-02-14 14:30:00,57.5,57.58,57.5,57.58,37230
2011-02-14 14:45:00,57.58,57.58,57.51,57.57,18461
2011-02-14 15:00:00,57.58,57.59,57.47,57.5,25735
2011-02-14 15:15:00,57.49,57.49,57.4,57.415,42677
2011-02-14 15:30:00,57.42,57.44,57.25,57.25,42220
2011-02-14 15:45:00,57.25,57.33,57.25,57.32,50451
2011-02-14 16:00:00,57.3001,57.33,57.25,57.33,100762
2011-02-15 09:45:00,57.25,57.3299,57.07,57.12,47852
2011-02-15 10:00:00,57.1,57.25,57.05,57.21,43381
2011-02-15 10:15:00,57.22,57.3,57.125,57.29,54157
2011-02-15 10:30:00,57.29,57.32,57.15,57.21,25069
2011-02-15 10:45:00,57.19,57.32,57.19,57.28,24698
2011-02-15 11:00:00,57.28,57.3,57.15,57.15,30426
2011-02-15 11:15:00,57.15,57.16,57.09,57.1,18554
2011-02-15 11:30:00,57.1,57.18,57.09,57.14,14777
2011-02-15 11:45:00,57.12,57.17,57.0527,57.0578,15714
2011-02-15 12:00:00,57.06,57.18,57.02,57.12,15770
2011-02-15 12:15:00,57.12,57.22,57.12,57.19,21935
2011-02-15 12:30:00,57.16,57.2136,57.14,57.16,15184
2011-02-15 12:45:00,57.16,57.215,57.14,57.18,22000
2011-02-15 13:00:00,57.17,57.17,57.1,57.11,15448
2011-02-15 13:15:00,57.11,57.11,57.06,57.09,8080
2011-02-15 13:30:00,57.08,57.08,57.01,57.04,14968
2011-02-15 13:45:00,57.04,57.07,57.03,57.035,8937
2011-02-15 14:00:00,57.04,57.08,57.0,57.0,16683
2011-02-15 14:15:00,57.0,57.01,56.91,56.91,24579
2011-02-15 14:30:00,56.92,57.03,56.9,57.0,36141
2011-02-15 14:45:00,57.025,57.22,57.01,57.21,23328
2011-02-15 15:00:00,57.22,57.25,57.19,57.24,16725
2011-02-15 15:15:00,57.26,57.4,57.25,57.37,35338
2011-02-15 15:30:00,57.372,57.45,57.35,57.44,30706
2011-02-15 15:45:00,57.43,57.54,57.43,57.54,68302
2011-02-15 16:00:00,57.54,57.69,57.485,57.69,202849
2011-02-16 09:45:00,59.09,59.35,58.71,58.9,150252
2011-02-16 10:00:00,58.88,58.92,58.607,58.7699,99969
2011-02-16 10:15:00,58.77,58.82,58.32,58.47,57023
2011-02-16 10:30:00,58.4315,58.59,58.29,58.45,37573
2011-02-16 10:45:00,58.48,58.5,58.193999999999996,58.25,26854
2011-02-16 11:00:00,58.27,58.48,58.23,58.45,22270
2011-02-16 11:15:00,58.48,58.48,58.36,58.4,32398
2011-02-16 11:30:00,58.4,58.48,58.36,58.4799,30904
2011-02-16 11:45:00,58.45,58.49,58.39,58.47,27650
2011-02-16 12:00:00,58.51,58.59,58.44,58.52,44255
2011-02-16 12:15:00,58.53,58.54,58.09,58.17,48976
2011-02-16 12:30:00,58.17,58.28,58.1,58.21,34765
2011-02-16 12:45:00,58.21,58.21,58.04,58.05,14443
2011-02-16 13:00:00,58.06,58.16,58.06,58.13,21264
2011-02-16 13:15:00,58.12,58.17,58.07,58.14,18115
2011-02-16 13:30:00,58.16,58.17,58.01,58.015,20759
2011-02-16 13:45:00,58.015,58.04,57.97,58.03,31341
2011-02-16 14:00:00,58.04,58.08,57.9801,58.07,19919
2011-02-16 14:15:00,58.07,58.08,57.96,58.0,41780
2011-02-16 14:30:00,58.03,58.1,57.99,58.0899,57776
2011-02-16 14:45:00,58.08,58.17,58.05,58.1299,52766
2011-02-16 15:00:00,58.125,58.16,58.04,58.13,102312
2011-02-16 15:15:00,58.12,58.312,58.08,58.31,43559
2011-02-16 15:30:00,58.31,58.42,58.29,58.29,67702
2011-02-16 15:45:00,58.28,58.35,58.24,58.32,53532
2011-02-16 16:00:00,58.33,58.4,58.14,58.29,154466
2011-02-17 09:45:00,57.0,57.0,56.04,56.71,387922
2011-02-17 10:00:00,56.71,56.97,56.373999999999995,56.51,260474
2011-02-17 10:15:00,56.53,56.65,55.94,56.47,177883
2011-02-17 10:30:00,56.4619,56.5507,56.26,56.41,135954
2011-02-17 10:45:00,56.42,56.5,56.08,56.29,166635
2011-02-17 11:00:00,56.3,56.31,56.02,56.1299,150559
2011-02-17 11:15:00,56.14,56.36,56.07,56.28,92694
2011-02-17 11:30:00,56.28,56.82,56.22,56.74,108479
2011-02-17 11:45:00,56.73,56.76,56.26,56.28,166139
2011-02-17 12:00:00,56.28,56.3,55.89,56.18600000000001,204394
2011-02-17 12:15:00,56.15,56.32,56.102,56.295,117378
2011-02-17 12:30:00,56.295,56.31,56.2,56.2,47376
2011-02-17 12:45:00,56.21,56.21,55.92,56.0,57617
2011-02-17 13:00:00,55.99,56.01,55.83,55.92,199619
2011-02-17 13:15:00,55.92,56.01,55.92,55.995,73726
2011-02-17 13:30:00,56.0,56.16,55.98,56.0,76952
2011-02-17 13:45:00,56.01,56.01,55.79,55.85,198909
2011-02-17 14:00:00,55.85,55.85,55.43,55.5,124947
2011-02-17 14:15:00,55.5,55.6,55.37,55.38,155567
2011-02-17 14:30:00,55.3998,55.53,55.35,55.47,116590
2011-02-17 14:45:00,55.48,55.49,55.17,55.28,114750
2011-02-17 15:00:00,55.28,55.34,55.19,55.26,153012
2011-02-17 15:15:00,55.26,55.4,55.21,55.37,115815
2011-02-17 15:30:00,55.37,55.45,55.32,55.45,186809
2011-02-17 15:45:00,55.45,55.45,55.26,55.32,235887
2011-02-17 16:00:00,55.32,55.345,55.14,55.25,482280
2011-02-18 09:45:00,54.94,55.28,54.72,55.201,364321
2011-02-18 10:00:00,55.21,55.33,55.1,55.27,111306
2011-02-18 10:15:00,55.28,55.54,55.28,55.49,83080
2011-02-18 10:30:00,55.49,55.63,55.46,55.58,61040
2011-02-18 10:45:00,55.57,55.8,55.5,55.53,78872
2011-02-18 11:00:00,55.54,55.63,55.42,55.53,93713
2011-02-18 11:15:00,55.535,55.7,55.52,55.69,26722
2011-02-18 11:30:00,55.69,55.85,55.66,55.81,50756
2011-02-18 11:45:00,55.8,55.88,55.8,55.8,24757
2011-02-18 12:00:00,55.8075,55.9,55.785,55.9,67969
2011-02-18 12:15:00,55.8999,55.92,55.79,55.84,38853
2011-02-18 12:30:00,55.849,55.88,55.79,55.82,21956
2011-02-18 12:45:00,55.8,55.84,55.77,55.79,61590
2011-02-18 13:00:00,55.79,55.84,55.73,55.809,22299
2011-02-18 13:15:00,55.8,55.82,55.58,55.62,37606
2011-02-18 13:30:00,55.61,55.66,55.53,55.56,29286
2011-02-18 13:45:00,55.5601,55.57,55.42,55.52,41204
2011-02-18 14:00:00,55.53,55.57,55.49,55.53,33538
2011-02-18 14:15:00,55.55,55.55,55.3,55.4,69257
2011-02-18 14:30:00,55.4,55.42,55.31,55.33,67504
2011-02-18 14:45:00,55.34,55.35,55.2,55.2,40744
2011-02-18 15:00:00,55.2,55.33,55.15,55.32,41151
2011-02-18 15:15:00,55.3399,55.35,55.19,55.26,40310
2011-02-18 15:30:00,55.2603,55.2704,55.19,55.2,46324
2011-02-18 15:45:00,55.2,55.21,55.14,55.19,65909
2011-02-18 16:00:00,55.2,55.26,55.12,55.21,215277
2011-02-22 09:45:00,53.8701,54.78,53.44,54.69,220958
2011-02-22 10:00:00,54.67,54.95,54.62,54.95,96537
2011-02-22 10:15:00,54.95,55.28,54.875,55.24,203234
2011-02-22 10:30:00,55.26,55.58,55.231,55.38,106694
2011-02-22 10:45:00,55.38,55.54,55.36,55.37,46444
2011-02-22 11:00:00,55.37,55.56,55.36,55.39,30197
2011-02-22 11:15:00,55.4,55.4,55.29,55.32,26456
2011-02-22 11:30:00,55.32,55.33,55.15,55.33,26269
2011-02-22 11:45:00,55.33,55.34,55.26,55.26,27443
2011-02-22 12:00:00,55.25,55.29,55.1,55.18,36553
2011-02-22 12:15:00,55.19,55.21,55.13,55.18,51524
2011-02-22 12:30:00,55.18,55.2,55.16,55.16,27385
2011-02-22 12:45:00,55.16,55.19,55.01,55.03,24232
2011-02-22 13:00:00,55.0272,55.09,54.99,55.0719,39407
2011-02-22 13:15:00,55.08,55.14,55.0,55.005,34863
2011-02-22 13:30:00,55.01,55.1,55.0,55.09,34557
2011-02-22 13:45:00,55.0975,55.14,55.01,55.01,44819
2011-02-22 14:00:00,55.01,55.1,55.0,55.07,45323
2011-02-22 14:15:00,55.07,55.08,55.0,55.005,44797
2011-02-22 14:30:00,55.0099,55.13,55.005,55.11,67728
2011-02-22 14:45:00,55.1,55.17,55.0599,55.11,53721
2011-02-22 15:00:00,55.12,55.12,55.03,55.03,90692
2011-02-22 15:15:00,55.04,55.11,55.01,55.05,95775
2011-02-22 15:30:00,55.04,55.08,55.0,55.05,110608
2011-02-22 15:45:00,55.05,55.1,55.0,55.0,122673
2011-02-22 16:00:00,55.01,55.06,54.95,55.02,130729
2011-02-23 09:45:00,54.89,55.23,54.59,55.11,84217
2011-02-23 10:00:00,55.085,55.17,54.86,54.925,119152
2011-02-23 10:15:00,54.93,55.01,54.86,54.91,116451
2011-02-23 10:30:00,54.87,55.01,54.72,54.98,102192
2011-02-23 10:45:00,54.985,55.0,54.5,54.5,57641
2011-02-23 11:00:00,54.51,54.74,54.49,54.74,35769
2011-02-23 11:15:00,54.75,54.99,54.75,54.875,104918
2011-02-23 11:30:00,54.86,54.99,54.53,54.61,112158
2011-02-23 11:45:00,54.57,54.57,54.14,54.23,33563
2011-02-23 12:00:00,54.21,54.31,54.04,54.26,72957
2011-02-23 12:15:00,54.25,54.26,54.1611,54.25,93410
2011-02-23 12:30:00,54.28,54.37,54.16,54.37,36778
2011-02-23 12:45:00,54.36,54.51,54.35,54.475,58127
2011-02-23 13:00:00,54.48,54.54,54.45,54.52,38269
2011-02-23 13:15:00,54.54,54.6,54.44,54.49,44837
2011-02-23 13:30:00,54.48,54.61,54.45,54.56,34890
2011-02-23 13:45:00,54.55,54.61,54.45,54.545,26339
2011-02-23 14:00:00,54.56,54.6,54.47,54.48,24295
2011-02-23 14:15:00,54.48,54.53,54.47,54.5,36207
2011-02-23 14:30:00,54.49,54.52,54.41,54.42,30790
2011-02-23 14:45:00,54.43,54.67,54.42,54.575,59685
2011-02-23 15:00:00,54.58,54.61,54.44,54.49,86973
2011-02-23 15:15:00,54.51,54.58,54.47,54.54,32311
2011-02-23 15:30:00,54.53,54.64,54.4901,54.625,45761
2011-02-23 15:45:00,54.62,54.62,54.53,54.53,69035
2011-02-23 16:00:00,54.53,54.535,54.4,54.43,204834
2011-02-24 09:45:00,54.42,54.82,53.33,54.82,131719
2011-02-24 10:00:00,54.82,54.87,54.65,54.71,50665
2011-02-24 10:15:00,54.72,54.94,54.59,54.68,142172
2011-02-24 10:30:00,54.68,54.78,54.46,54.69,100192
2011-02-24 10:45:00,54.7,54.7,54.38,54.46,64539
2011-02-24 11:00:00,54.46,54.52,54.33,54.445,165289
2011-02-24 11:15:00,54.46,54.53,54.2,54.43,126842
2011-02-24 11:30:00,54.43,54.53,54.35,54.38,138491
2011-02-24 11:45:00,54.38,54.52,54.38,54.5,73270
2011-02-24 12:00:00,54.505,54.66,54.44,54.64,33658
2011-02-24 12:15:00,54.64,54.66,54.45,54.5,46423
2011-02-24 12:30:00,54.492,54.54,54.46,54.49,30405
2011-02-24 12:45:00,54.5,54.59,54.47,54.53,39821
2011-02-24 13:00:00,54.5,54.7499,54.46,54.74,127697
2011-02-24 13:15:00,54.74,54.87,54.6,54.69,78502
2011-02-24 13:30:00,54.69,54.74,54.45,54.495,40904
2011-02-24 13:45:00,54.49,54.5799,54.47,54.51,141393
2011-02-24 14:00:00,54.5,54.61,54.41,54.49,69639
2011-02-24 14:15:00,54.5,54.54,54.4,54.54,35553
2011-02-24 14:30:00,54.55,54.72,54.52,54.57,61349
2011-02-24 14:45:00,54.5875,54.67,54.54,54.57,91868
2011-02-24 15:00:00,54.57,54.7,54.53,54.64,144324
2011-02-24 15:15:00,54.63,54.86,54.6,54.8,54871
2011-02-24 15:30:00,54.8,54.83,54.71,54.74,146305
2011-02-24 15:45:00,54.73,54.79,54.72,54.78,115839
2011-02-24 16:00:00,54.78,54.78,54.56,54.56,234963
2011-02-25 09:45:00,54.63,55.21,54.6,55.12,42995
2011-02-25 10:00:00,55.13,55.37,55.08,55.31,138635
2011-02-25 10:15:00,55.33,55.41,55.15,55.245,122495
2011-02-25 10:30:00,55.23,55.3,55.175,55.225,45785
2011-02-25 10:45:00,55.22,55.35,55.2,55.32,34381
2011-02-25 11:00:00,55.33,55.42,55.13,55.26,98145
2011-02-25 11:15:00,55.26,55.3,55.1,55.26,50034
2011-02-25 11:30:00,55.26,55.3,55.08,55.15,41154
2011-02-25 11:45:00,55.15,55.23,55.03,55.12,42077
2011-02-25 12:00:00,55.09,55.15,54.98,54.98,33673
2011-02-25 12:15:00,54.98,55.1001,54.93,55.07,57238
2011-02-25 12:30:00,55.095,55.2197,55.05,55.16,18528
2011-02-25 12:45:00,55.16,55.26,55.09,55.09,16870
2011-02-25 13:00:00,55.0896,55.11,55.02,55.0801,57664
2011-02-25 13:15:00,55.09,55.19,55.082,55.19,11288
2011-02-25 13:30:00,55.22,55.38,55.16,55.36,49647
2011-02-25 13:45:00,55.38,55.43,55.29,55.42,59573
2011-02-25 14:00:00,55.4,55.42,55.23,55.28,73963
2011-02-25 14:15:00,55.27,55.335,55.25,55.27,30635
2011-02-25 14:30:00,55.27,55.32,55.21,55.21,23822
2011-02-25 14:45:00,55.23,55.32,55.225,55.28,49210
2011-02-25 15:00:00,55.29,55.38,55.28,55.3696,22806
2011-02-25 15:15:00,55.36,55.38,55.34,55.35,21290
2011-02-25 15:30:00,55.35,55.38,55.26,55.3,94936
2011-02-25 15:45:00,55.31,55.36,55.26,55.31,59396
2011-02-25 16:00:00,55.32,55.38,55.31,55.34,74025
2011-02-28 09:45:00,55.68,56.8,55.4,56.0,181227
2011-02-28 10:00:00,56.01,56.12,55.88,56.0001,132346
2011-02-28 10:15:00,56.0,56.07,55.9,55.91,61716
2011-02-28 10:30:00,55.91,55.91,55.56,55.58,81853
2011-02-28 10:45:00,55.615,55.72,55.6,55.63,31852
2011-02-28 11:00:00,55.63,55.72,55.6,55.68,44172
2011-02-28 11:15:00,55.68,55.68,55.57,55.61,30833
2011-02-28 11:30:00,55.6,55.63,55.5,55.51,15283
2011-02-28 11:45:00,55.5,55.61,55.45,55.52,35464
2011-02-28 12:00:00,55.5,55.68,55.5,55.55,18620
2011-02-28 12:15:00,55.53,55.55,55.48,55.53,20378
2011-02-28 12:30:00,55.55,55.55,55.46,55.47,12304
2011-02-28 12:45:00,55.47,55.49,55.39,55.4,18837
2011-02-28 13:00:00,55.4,55.4,55.18,55.299,91744
2011-02-28 13:15:00,55.29,55.35,55.18,55.31,61349
2011-02-28 13:30:00,55.33,55.41,55.325,55.41,39152
2011-02-28 13:45:00,55.41,55.5,55.41,55.49,15823
2011-02-28 14:00:00,55.49,55.49,55.43,55.467,13930
2011-02-28 14:15:00,55.45,55.59,55.44,55.58,31438
2011-02-28 14:30:00,55.54,55.575,55.5,55.55,13728
2011-02-28 14:45:00,55.57,55.59,55.5,55.505,11674
2011-02-28 15:00:00,55.51,55.54,55.49,55.54,19350
2011-02-28 15:15:00,55.54,55.55,55.49,55.51,30443
2011-02-28 15:30:00,55.5,55.6,55.48,55.6,26773
2011-02-28 15:45:00,55.6,55.75,55.58,55.67,57948
2011-02-28 16:00:00,55.66,55.69,55.49,55.63,171774
2011-03-01 09:45:00,55.62,55.96,55.51,55.6,77857
2011-03-01 10:00:00,55.57,55.76,55.57,55.7,44333
2011-03-01 10:15:00,55.68,55.76,55.61,55.73,71820
2011-03-01 10:30:00,55.72,55.81,55.645,55.66,70785
2011-03-01 10:45:00,55.68,55.7,55.51,55.51,72393
2011-03-01 11:00:00,55.52,55.65,55.48,55.61,49977
2011-03-01 11:15:00,55.63,55.7,55.55,55.58,24486
2011-03-01 11:30:00,55.6,55.7,55.54,55.54,67045
2011-03-01 11:45:00,55.57,55.695,55.54,55.59,56461
2011-03-01 12:00:00,55.58,55.595,55.364,55.364,31117
2011-03-01 12:15:00,55.36,55.42,55.33,55.34,16532
2011-03-01 12:30:00,55.34,55.36,55.14,55.16,23600
2011-03-01 12:45:00,55.16,55.24,55.15,55.22,17807
2011-03-01 13:00:00,55.25,55.275,55.14,55.2156,11878
2011-03-01 13:15:00,55.21,55.27,55.08,55.24,23921
2011-03-01 13:30:00,55.24,55.28,55.08,55.15,17177
2011-03-01 13:45:00,55.15,55.28,55.13,55.14,19017
2011-03-01 14:00:00,55.16,55.2,55.08,55.16,20263
2011-03-01 14:15:00,55.15,55.15,54.85,54.93,32807
2011-03-01 14:30:00,54.94,55.06,54.87,54.92,37491
2011-03-01 14:45:00,54.92,55.09,54.89,55.07,38403
2011-03-01 15:00:00,55.07,55.07,54.96,54.99,49617
2011-03-01 15:15:00,54.98,55.07,54.93,55.0558,65841
2011-03-01 15:30:00,55.05,55.19,55.05,55.169,42249
2011-03-01 15:45:00,55.1798,55.26,55.15,55.22,50712
2011-03-01 16:00:00,55.23,55.2425,55.15,55.16,89649
2011-03-02 09:45:00,55.04,55.66,55.04,55.57,51837
2011-03-02 10:00:00,55.56,55.73,55.42,55.71,37554
2011-03-02 10:15:00,55.71,55.77,55.28,55.4,54673
2011-03-02 10:30:00,55.4,55.65,55.4,55.56,43544
2011-03-02 10:45:00,55.57,55.79,55.521,55.75,64818
2011-03-02 11:00:00,55.75,55.98,55.75,55.85,40257
2011-03-02 11:15:00,55.84,55.995,55.71,55.78,24639
2011-03-02 11:30:00,55.79,55.97,55.76,55.82,24819
2011-03-02 11:45:00,55.8077,55.81,55.5,55.5,30968
2011-03-02 12:00:00,55.5,55.65,55.5,55.52,35048
2011-03-02 12:15:00,55.52,55.58,55.4799,55.54,32726
2011-03-02 12:30:00,55.53,55.8,55.5217,55.77,30214
2011-03-02 12:45:00,55.77,55.95,55.7536,55.95,23906
2011-03-02 13:00:00,55.95,55.99,55.9,55.93,20438
2011-03-02 13:15:00,55.93,55.94,55.74,55.76,22546
2011-03-02 13:30:00,55.76,55.82,55.75,55.79,24355
2011-03-02 13:45:00,55.8,55.86,55.63,55.64,21923
2011-03-02 14:00:00,55.64,55.74,55.62,55.71,20211
2011-03-02 14:15:00,55.71,55.78,55.57,55.77,28007
2011-03-02 14:30:00,55.75,55.83,55.69,55.75,38207
2011-03-02 14:45:00,55.76,55.96,55.72,55.96,48622
2011-03-02 15:00:00,55.95,55.9701,55.81,55.86,25824
2011-03-02 15:15:00,55.88,56.08,55.88,55.99,38459
2011-03-02 15:30:00,56.0,56.02,55.96,55.9612,28270
2011-03-02 15:45:00,55.97,56.02,55.96,55.98,52106
2011-03-02 16:00:00,55.97,56.01,55.81,55.9,72541
2011-03-03 09:45:00,56.15,56.55,56.12,56.34,34502
2011-03-03 10:00:00,56.4,56.45,56.22,56.28,28761
2011-03-03 10:15:00,56.28,56.3,55.93,55.94,51266
2011-03-03 10:30:00,55.95,56.15,55.74,56.12,37356
2011-03-03 10:45:00,56.12,56.22,55.97,56.22,23079
2011-03-03 11:00:00,56.22,56.46,56.18,56.4401,31190
2011-03-03 11:15:00,56.45,56.59,56.44,56.51,51405
2011-03-03 11:30:00,56.52,56.62,56.47,56.61,19074
2011-03-03 11:45:00,56.62,56.71,56.56,56.71,22628
2011-03-03 12:00:00,56.7,56.76,56.66,56.76,27702
2011-03-03 12:15:00,56.765,56.79,56.69,56.69,10860
2011-03-03 12:30:00,56.7,56.75,56.68,56.69,12921
2011-03-03 12:45:00,56.7,56.73,56.67,56.72,9142
2011-03-03 13:00:00,56.72,56.79,56.66,56.66,17870
2011-03-03 13:15:00,56.68,56.76,56.63,56.72,9713
2011-03-03 13:30:00,56.74,56.75,56.64,56.64,12611
2011-03-03 13:45:00,56.632,56.65,56.56,56.56,11048
2011-03-03 14:00:00,56.56,56.66,56.56,56.6,41599
2011-03-03 14:15:00,56.61,56.71,56.6,56.69,36730
2011-03-03 14:30:00,56.7,56.74,56.6,56.63,15600
2011-03-03 14:45:00,56.64,56.78,56.64,56.76,20019
2011-03-03 15:00:00,56.75,56.75,56.6975,56.73,21218
2011-03-03 15:15:00,56.75,56.76,56.69,56.7,31531
2011-03-03 15:30:00,56.69,56.73,56.6604,56.7,21906
2011-03-03 15:45:00,56.69,56.7,56.63,56.7,29499
2011-03-03 16:00:00,56.71,56.72,56.55,56.55,100704
2011-03-04 09:45:00,56.34,56.58,56.31,56.49,31855
2011-03-04 10:00:00,56.45,56.62,56.44,56.57,23284
2011-03-04 10:15:00,56.57,56.6,56.43,56.53,51258
2011-03-04 10:30:00,56.5092,56.5899,56.45,56.55,20683
2011-03-04 10:45:00,56.55,56.67,56.496,56.54,16088
2011-03-04 11:00:00,56.55,56.55,56.39,56.52,26343
2011-03-04 11:15:00,56.51,56.52,56.42,56.49,20473
2011-03-04 11:30:00,56.49,56.55,56.425,56.46,22432
2011-03-04 11:45:00,56.455,56.6,56.44,56.45,22317
2011-03-04 12:00:00,56.43,56.47,56.31,56.34,16944
2011-03-04 12:15:00,56.33,56.34,56.1,56.1,17700
2011-03-04 12:30:00,56.14,56.16,55.8653,55.91,32724
2011-03-04 12:45:00,55.91,55.95,55.88,55.8901,19512
2011-03-04 13:00:00,55.91,56.03,55.9,56.01,13154
2011-03-04 13:15:00,56.01,56.11,56.01,56.06,11476
2011-03-04 13:30:00,56.06,56.13,56.02,56.08,16508
2011-03-04 13:45:00,56.0999,56.26,56.08,56.22,20164
2011-03-04 14:00:00,56.21,56.25,56.19,56.22,24990
2011-03-04 14:15:00,56.22,56.23,56.05,56.11,18381
2011-03-04 14:30:00,56.11,56.21,56.08,56.18,21482
2011-03-04 14:45:00,56.1877,56.1877,56.1101,56.18,11635
2011-03-04 15:00:00,56.18,56.22,56.14,56.21,11356
2011-03-04 15:15:00,56.21,56.31,56.21,56.2503,20206
2011-03-04 15:30:00,56.26,56.26,56.04,56.06,27916
2011-03-04 15:45:00,56.07,56.24,56.0,56.2,39224
2011-03-04 16:00:00,56.21,56.42,56.21,56.4,90680
2011-03-07 09:45:00,56.66,56.83,56.52,56.65,83129
2011-03-07 10:00:00,56.63,56.7,56.12,56.31,78056
2011-03-07 10:15:00,56.32,56.32,55.96,56.215,48252
2011-03-07 10:30:00,56.22,56.31,56.13,56.23,41192
2011-03-07 10:45:00,56.25,56.25,55.69,55.71,56813
2011-03-07 11:00:00,55.7,55.83,55.64,55.8,44879
2011-03-07 11:15:00,55.78,55.78,55.65,55.75,100782
2011-03-07 11:30:00,55.74,55.95,55.7,55.93,57310
2011-03-07 11:45:00,55.94,55.97,55.74,55.79,50329
2011-03-07 12:00:00,55.78,55.81,55.63,55.73,95124
2011-03-07 12:15:00,55.74,55.9,55.71,55.88,30399
2011-03-07 12:30:00,55.86,55.89,55.64,55.69,23962
2011-03-07 12:45:00,55.65,55.71,55.58,55.58,18216
2011-03-07 13:00:00,55.61,55.62,55.5,55.54,22165
2011-03-07 13:15:00,55.54,55.57,55.48,55.51,62935
2011-03-07 13:30:00,55.4902,55.57,55.49,55.54,23812
2011-03-07 13:45:00,55.54,55.7,55.5,55.53,17975
2011-03-07 14:00:00,55.52,55.6,55.49,55.5,24427
2011-03-07 14:15:00,55.5,55.52,55.43,55.44,41946
2011-03-07 14:30:00,55.44,55.5946,55.4,55.53,167243
2011-03-07 14:45:00,55.5,55.54,55.45,55.48,28753
2011-03-07 15:00:00,55.51,55.54,55.4704,55.52,24252
2011-03-07 15:15:00,55.52,55.63,55.5,55.58,27971
2011-03-07 15:30:00,55.575,55.63,55.52,55.58,26442
2011-03-07 15:45:00,55.57,55.63,55.485,55.51,52849
2011-03-07 16:00:00,55.52,55.5775,55.38,55.41,88099
2011-03-08 09:45:00,55.46,55.46,55.11,55.31,31662
2011-03-08 10:00:00,55.31,55.75,55.29,55.72,38304
2011-03-08 10:15:00,55.73,55.99,55.71,55.88,43330
2011-03-08 10:30:00,55.87,56.12,55.87,55.91,62815
2011-03-08 10:45:00,55.928999999999995,55.96,55.67,55.69,30758
2011-03-08 11:00:00,55.68,55.86,55.63,55.83,26490
2011-03-08 11:15:00,55.84,55.87,55.77,55.84,40323
2011-03-08 11:30:00,55.845,56.03,55.79,55.89,37525
2011-03-08 11:45:00,55.91,55.96,55.87,55.92,17876
2011-03-08 12:00:00,55.91,56.08,55.9,56.08,19552
2011-03-08 12:15:00,56.09,56.19,56.05,56.13,17465
2011-03-08 12:30:00,56.11,56.23,56.11,56.16,21833
2011-03-08 12:45:00,56.16,56.26,56.13,56.17,17974
2011-03-08 13:00:00,56.175,56.23,56.16,56.2,15117
2011-03-08 13:15:00,56.21,56.28,56.21,56.24,14296
2011-03-08 13:30:00,56.24,56.25,56.15,56.225,34586
2011-03-08 13:45:00,56.23,56.28,56.21,56.24,12353
2011-03-08 14:00:00,56.24,56.255,56.18,56.2499,20716
2011-03-08 14:15:00,56.25,56.25,55.93,55.93,18334
2011-03-08 14:30:00,55.93,56.03,55.93,56.0,15608
2011-03-08 14:45:00,56.0,56.15,55.9201,56.13,19350
2011-03-08 15:00:00,56.14,56.24,56.14,56.21,17356
2011-03-08 15:15:00,56.19,56.25,56.14,56.19,15977
2011-03-08 15:30:00,56.21,56.26,56.14,56.1708,17949
2011-03-08 15:45:00,56.19,56.25,56.18,56.24,24081
2011-03-08 16:00:00,56.24,56.24,55.98,55.99,111141
2011-03-09 09:45:00,55.83,55.99,55.57,55.85,28516
2011-03-09 10:00:00,55.81,55.95,55.62,55.9,20785
2011-03-09 10:15:00,55.88,56.0,55.74,55.97,30622
2011-03-09 10:30:00,55.98,56.25,55.98,56.25,16411
2011-03-09 10:45:00,56.25,56.25,55.91,55.97,12410
2011-03-09 11:00:00,55.91,55.949,55.67,55.69,15212
2011-03-09 11:15:00,55.702,55.87,55.6,55.808,22333
2011-03-09 11:30:00,55.84,55.97,55.84,55.92,9725
2011-03-09 11:45:00,55.91,56.12,55.83,56.11,10565
2011-03-09 12:00:00,56.12,56.19,56.0,56.18,11850
2011-03-09 12:15:00,56.2,56.26,56.18,56.19,7300
2011-03-09 12:30:00,56.19,56.22,56.01,56.01,8676
2011-03-09 12:45:00,56.02,56.16,56.01,56.04,8350
2011-03-09 13:00:00,56.01,56.18,56.0,56.14,10612
2011-03-09 13:15:00,56.15,56.17,56.06,56.1,13379
2011-03-09 13:30:00,56.09,56.15,56.09,56.13,19176
2011-03-09 13:45:00,56.14,56.15,56.02,56.04,12736
2011-03-09 14:00:00,56.03,56.11,56.02,56.08,26573
2011-03-09 14:15:00,56.08,56.14,56.06,56.125,23934
2011-03-09 14:30:00,56.12,56.21,56.08,56.11,38097
2011-03-09 14:45:00,56.12,56.13,56.05,56.13,26806
2011-03-09 15:00:00,56.13,56.19,56.08,56.13,31171
2011-03-09 15:15:00,56.1275,56.21,56.07,56.07,24111
2011-03-09 15:30:00,56.07,56.12,55.99,56.0,28194
2011-03-09 15:45:00,56.0,56.0,55.88,55.88,61936
2011-03-09 16:00:00,55.89,55.98,55.86,55.96,83495
2011-03-10 09:45:00,55.48,55.75,55.27,55.74,52885
2011-03-10 10:00:00,55.74,55.91,55.6015,55.71,37219
2011-03-10 10:15:00,55.71,55.74,55.5,55.52,36649
2011-03-10 10:30:00,55.55,55.68,55.55,55.6197,21314
2011-03-10 10:45:00,55.62,55.76,55.48,55.74,31295
2011-03-10 11:00:00,55.77,55.84,55.69,55.74,13035
2011-03-10 11:15:00,55.77,55.79,55.55,55.65,16674
2011-03-10 11:30:00,55.63,55.75,55.55,55.64,14901
2011-03-10 11:45:00,55.63,55.81,55.58,55.76,22227
2011-03-10 12:00:00,55.78,55.87,55.73,55.8,23043
2011-03-10 12:15:00,55.79,55.79,55.65,55.73,16372
2011-03-10 12:30:00,55.73,55.82,55.66,55.72,12378
2011-03-10 12:45:00,55.715,55.73,55.525,55.6,65091
2011-03-10 13:00:00,55.61,55.81,55.57,55.81,34878
2011-03-10 13:15:00,55.81,55.95,55.74,55.9101,20864
2011-03-10 13:30:00,55.9288,55.94,55.84,55.86,51942
2011-03-10 13:45:00,55.85,55.87,55.69,55.69,48076
2011-03-10 14:00:00,55.71,55.77,55.62,55.72,18154
2011-03-10 14:15:00,55.7275,55.84,55.66,55.74,26941
2011-03-10 14:30:00,55.74,55.76,55.69,55.715,31889
2011-03-10 14:45:00,55.72,55.9,55.71,55.81,28248
2011-03-10 15:00:00,55.83,55.91,55.8,55.87,15135
2011-03-10 15:15:00,55.88,55.901,55.7625,55.7625,41980
2011-03-10 15:30:00,55.76,55.78,55.7,55.73,37458
2011-03-10 15:45:00,55.75,55.86,55.69,55.81,61260
2011-03-10 16:00:00,55.81,55.81,55.64,55.72,115736
2011-03-11 09:45:00,55.44,55.77,55.43,55.6,109787
2011-03-11 10:00:00,55.6,55.6,54.78,55.12,36669
2011-03-11 10:15:00,55.16,55.16,54.9,54.96,51267
2011-03-11 10:30:00,54.97,55.41,54.91,55.2797,32033
2011-03-11 10:45:00,55.25,55.4,55.2,55.23,28372
2011-03-11 11:00:00,55.23,55.32,55.21,55.29,18389
2011-03-11 11:15:00,55.29,55.33,55.09,55.09,20601
2011-03-11 11:30:00,55.09,55.29,55.08,55.26,19741
2011-03-11 11:45:00,55.25,55.43,55.23,55.4296,18991
2011-03-11 12:00:00,55.43,55.59,55.43,55.55,20484
2011-03-11 12:15:00,55.5475,55.65,55.49,55.57,50883
2011-03-11 12:30:00,55.57,55.73,55.56,55.71,15006
2011-03-11 12:45:00,55.7,55.71,55.62,55.63,12202
2011-03-11 13:00:00,55.65,55.74,55.56,55.73,14527
2011-03-11 13:15:00,55.72,55.78,55.64,55.64,15081
2011-03-11 13:30:00,55.64,55.73,55.6399,55.69,18877
2011-03-11 13:45:00,55.69,55.72,55.62,55.7,8996
2011-03-11 14:00:00,55.7,55.71,55.62,55.65,21218
2011-03-11 14:15:00,55.655,55.68,55.59,55.66,22170
2011-03-11 14:30:00,55.66,55.78,55.6586,55.77,16656
2011-03-11 14:45:00,55.76,55.82,55.69,55.7934,24507
2011-03-11 15:00:00,55.8,55.87,55.75,55.855,17175
2011-03-11 15:15:00,55.85,55.96,55.85,55.93,26165
2011-03-11 15:30:00,55.93,56.09,55.93,56.09,29277
2011-03-11 15:45:00,56.08,56.12,55.97,56.1,37855
2011-03-11 16:00:00,56.1,56.15,55.94,56.01,107645
2011-03-14 09:45:00,55.54,55.73,55.39,55.55,49187
2011-03-14 10:00:00,55.55,55.77,55.5,55.68,27125
2011-03-14 10:15:00,55.68,55.695,55.32,55.35,37081
2011-03-14 10:30:00,55.32,55.35,55.21,55.29,28466
2011-03-14 10:45:00,55.25,55.29,55.03,55.07,31762
2011-03-14 11:00:00,55.07,55.17,55.05,55.12,36146
2011-03-14 11:15:00,55.12,55.2565,55.07,55.11,20373
2011-03-14 11:30:00,55.12,55.23,55.05,55.18,20598
2011-03-14 11:45:00,55.17,55.22,55.1156,55.18,13546
2011-03-14 12:00:00,55.17,55.18,54.91,54.96,13769
2011-03-14 12:15:00,54.95,55.02,54.92,54.97,14995
2011-03-14 12:30:00,54.95,55.035,54.9,54.92,18390
2011-03-14 12:45:00,54.93,54.96,54.81,54.85,9944
2011-03-14 13:00:00,54.86,54.97,54.84,54.97,10798
2011-03-14 13:15:00,54.96,55.14,54.96,55.14,12150
2011-03-14 13:30:00,55.15,55.17,55.07,55.0811,19463
2011-03-14 13:45:00,55.1,55.18,55.07,55.18,22425
2011-03-14 14:00:00,55.19,55.29,55.19,55.24,18122
2011-03-14 14:15:00,55.24,55.38,55.21,55.3,27997
2011-03-14 14:30:00,55.32,55.4,55.28,55.4,35701
2011-03-14 14:45:00,55.4,55.4,55.34,55.34,32673
2011-03-14 15:00:00,55.34,55.36,55.29,55.3,37311
2011-03-14 15:15:00,55.3,55.42,55.28,55.42,40698
2011-03-14 15:30:00,55.41,55.42,55.35,55.38,41231
2011-03-14 15:45:00,55.38,55.6,55.38,55.59,81360
2011-03-14 16:00:00,55.59,55.63,55.51,55.57,105391
2011-03-15 09:45:00,54.69,55.42,54.5,55.33,85224
2011-03-15 10:00:00,55.32,55.56,55.19,55.23,54547
2011-03-15 10:15:00,55.23,55.4,55.16,55.4,44207
2011-03-15 10:30:00,55.41,55.6,55.37,55.6,60760
2011-03-15 10:45:00,55.6,55.945,55.6,55.92,50651
2011-03-15 11:00:00,55.915,55.915,55.56,55.58,15584
2011-03-15 11:15:00,55.58,55.59,55.38,55.49,24390
2011-03-15 11:30:00,55.49,55.57,55.41,55.5,24145
2011-03-15 11:45:00,55.5,55.62,55.411,55.54,21747
2011-03-15 12:00:00,55.52,55.52,55.21,55.36,18092
2011-03-15 12:15:00,55.36,55.4491,55.3,55.4,17752
2011-03-15 12:30:00,55.39,55.4,55.26,55.35,12231
2011-03-15 12:45:00,55.355,55.36,55.14,55.14,23937
2011-03-15 13:00:00,55.12,55.36,55.01,55.31,31930
2011-03-15 13:15:00,55.31,55.32,55.18,55.25,14485
2011-03-15 13:30:00,55.26,55.26,55.17,55.19,11429
2011-03-15 13:45:00,55.19,55.3,55.19,55.2,12721
2011-03-15 14:00:00,55.2,55.27,55.15,55.265,17352
2011-03-15 14:15:00,55.265,55.41,55.265,55.39,28026
2011-03-15 14:30:00,55.3997,55.66,55.305,55.64,60308
2011-03-15 14:45:00,55.63,55.63,55.47,55.53,37417
2011-03-15 15:00:00,55.525,55.54,55.43,55.47,38966
2011-03-15 15:15:00,55.46,55.54,55.44,55.44,24138
2011-03-15 15:30:00,55.44,55.48,55.41,55.47,55921
2011-03-15 15:45:00,55.48,55.65,55.435,55.64,70597
2011-03-15 16:00:00,55.65,55.65,55.33,55.33,110827
2011-03-16 09:45:00,54.97,55.25,54.6,55.25,46867
2011-03-16 10:00:00,55.2,55.27,55.07,55.09,27471
2011-03-16 10:15:00,55.12,55.25,55.05,55.07,27002
2011-03-16 10:30:00,55.08,55.18,54.99,55.15,20130
2011-03-16 10:45:00,55.14,55.2,54.89,54.89,26905
2011-03-16 11:00:00,54.88,55.16,54.85,54.86,20636
2011-03-16 11:15:00,54.85,55.03,54.56,54.99,44856
2011-03-16 11:30:00,54.99,55.08,54.91,55.05,18677
2011-03-16 11:45:00,55.07,55.18,55.0,55.06,27193
2011-03-16 12:00:00,55.03,55.08,54.91,54.97,163917
2011-03-16 12:15:00,54.97,55.03,54.81,54.896,42201
2011-03-16 12:30:00,54.91,55.12,54.87,55.09,43312
2011-03-16 12:45:00,55.09,55.36,54.99,55.27,66476
2011-03-16 13:00:00,55.2425,55.49,55.2425,55.46,28183
2011-03-16 13:15:00,55.46,55.55,55.4,55.41,24460
2011-03-16 13:30:00,55.39,55.49,55.38,55.47,25536
2011-03-16 13:45:00,55.46,55.46,55.33,55.38,14704
2011-03-16 14:00:00,55.38,55.475,55.34,55.43,26494
2011-03-16 14:15:00,55.42,55.43,55.13,55.26,30285
2011-03-16 14:30:00,55.26,55.34,55.09,55.3,45560
2011-03-16 14:45:00,55.31,55.53,55.22,55.38,44423
2011-03-16 15:00:00,55.44,55.52,55.29,55.44,23934
2011-03-16 15:15:00,55.43,55.575,55.4,55.44,25558
2011-03-16 15:30:00,55.44,55.55,55.23,55.33,40931
2011-03-16 15:45:00,55.3474,55.44,55.27,55.42,39186
2011-03-16 16:00:00,55.41,55.41,55.03,55.06,133071
2011-03-17 09:45:00,55.63,55.91,55.13,55.1399,37083
2011-03-17 10:00:00,55.13,55.6,55.0,55.48,32468
2011-03-17 10:15:00,55.54,55.64,55.44,55.565,40593
2011-03-17 10:30:00,55.57,55.79,55.57,55.78,19250
2011-03-17 10:45:00,55.79,55.82,55.7,55.75,25528
2011-03-17 11:00:00,55.75,55.805,55.68,55.758,45482
2011-03-17 11:15:00,55.78,55.78,55.54,55.64,30132
2011-03-17 11:30:00,55.64,55.73,55.58,55.72,28458
2011-03-17 11:45:00,55.73,55.8232,55.69,55.71,40420
2011-03-17 12:00:00,55.71,55.76,55.66,55.7,24241
2011-03-17 12:15:00,55.69,55.98,55.67,55.9699,34834
2011-03-17 12:30:00,55.9699,56.01,55.919,56.01,32007
2011-03-17 12:45:00,56.0,56.02,55.9,55.9,19487
2011-03-17 13:00:00,55.9,55.92,55.81,55.87,17636
2011-03-17 13:15:00,55.86,55.94,55.84,55.9,18225
2011-03-17 13:30:00,55.94,56.0,55.65,55.65,20589
2011-03-17 13:45:00,55.65,55.68,55.56,55.57,14521
2011-03-17 14:00:00,55.57,55.57,55.49,55.51,21291
2011-03-17 14:15:00,55.51,55.53,55.4034,55.41,20729
2011-03-17 14:30:00,55.39,55.46,55.33,55.39,16012
2011-03-17 14:45:00,55.39,55.46,55.39,55.39,16348
2011-03-17 15:00:00,55.39,55.49,55.37,55.4,18073
2011-03-17 15:15:00,55.4,55.47,55.4,55.44,21562
2011-03-17 15:30:00,55.44,55.489,55.33,55.36,28818
2011-03-17 15:45:00,55.36,55.44,55.33,55.42,40603
2011-03-17 16:00:00,55.43,55.57,55.4,55.46,81290
2011-03-18 09:45:00,56.15,56.17,55.72,55.78,354581
2011-03-18 10:00:00,55.81,55.82,55.53,55.59,34040
2011-03-18 10:15:00,55.62,55.65,55.48,55.5,37879
2011-03-18 10:30:00,55.5,55.62,55.4,55.4001,26688
2011-03-18 10:45:00,55.4,55.48,55.38,55.44,66882
2011-03-18 11:00:00,55.43,55.44,55.27,55.32,23526
2011-03-18 11:15:00,55.34,55.55,55.34,55.51,18090
2011-03-18 11:30:00,55.53,55.5698,55.35,55.3731,22740
2011-03-18 11:45:00,55.37,55.44,55.33,55.33,15727
2011-03-18 12:00:00,55.34,55.34,55.15,55.17,23586
2011-03-18 12:15:00,55.17,55.34,55.16,55.23,17053
2011-03-18 12:30:00,55.22,55.38,55.17,55.365,17531
2011-03-18 12:45:00,55.38,55.45,55.32,55.34,14416
2011-03-18 13:00:00,55.32,55.36,55.3,55.3118,13959
2011-03-18 13:15:00,55.31,55.36,55.27,55.35,13133
2011-03-18 13:30:00,55.35,55.43,55.26,55.39,17379
2011-03-18 13:45:00,55.4,55.55,55.4,55.47,17572
2011-03-18 14:00:00,55.47,55.52,55.43,55.43,17683
2011-03-18 14:15:00,55.42,55.46,55.33,55.33,19824
2011-03-18 14:30:00,55.33,55.34,55.2,55.28,27398
2011-03-18 14:45:00,55.28,55.42,55.23,55.24,22574
2011-03-18 15:00:00,55.24,55.24,55.09,55.15,41137
2011-03-18 15:15:00,55.14,55.25,55.1,55.16,38180
2011-03-18 15:30:00,55.14,55.18,55.05,55.05,30321
2011-03-18 15:45:00,55.06,55.18,55.06,55.14,51559
2011-03-18 16:00:00,55.13,55.47,55.12,55.47,216812
2011-03-21 09:45:00,56.13,56.93,56.03,56.92,100687
2011-03-21 10:00:00,56.95,57.01,56.78,56.97,84591
2011-03-21 10:15:00,56.97,57.215,56.8175,57.19,75943
2011-03-21 10:30:00,57.18,57.21,56.915,57.03,44671
2011-03-21 10:45:00,57.01,57.23,56.95,57.18,63337
2011-03-21 11:00:00,57.19,57.24,57.1201,57.19,28766
2011-03-21 11:15:00,57.1898,57.29,57.1501,57.22,31508
2011-03-21 11:30:00,57.21,57.21,56.99,57.01,20613
2011-03-21 11:45:00,57.01,57.02,56.96,57.0,29617
2011-03-21 12:00:00,57.0,57.01,56.91,56.94,20987
2011-03-21 12:15:00,56.94,56.96,56.873999999999995,56.89,18823
2011-03-21 12:30:00,56.89,56.9,56.855,56.9,15902
2011-03-21 12:45:00,56.89,56.89,56.79,56.795,30333
2011-03-21 13:00:00,56.79,56.86,56.79,56.84,19315
2011-03-21 13:15:00,56.83,56.84,56.72,56.72,12570
2011-03-21 13:30:00,56.72,56.7298,56.61,56.62,14635
2011-03-21 13:45:00,56.62,56.62,56.57,56.58,34514
2011-03-21 14:00:00,56.58,56.705,56.57,56.7,28373
2011-03-21 14:15:00,56.7098,56.73,56.64,56.69,23368
2011-03-21 14:30:00,56.69,56.69,56.58,56.6,19096
2011-03-21 14:45:00,56.6,56.6,56.54,56.54,16596
2011-03-21 15:00:00,56.54,56.56,56.5,56.515,27048
2011-03-21 15:15:00,56.51,56.58,56.51,56.55,19907
2011-03-21 15:30:00,56.55,56.55,56.5,56.505,37435
2011-03-21 15:45:00,56.5,56.55,56.5,56.51,28784
2011-03-21 16:00:00,56.5,56.52,56.44,56.44,96938
2011-03-22 09:45:00,56.31,56.38,56.04,56.18,40125
2011-03-22 10:00:00,56.15,56.3,56.09,56.3,39240
2011-03-22 10:15:00,56.28,56.44,56.24,56.24,42696
2011-03-22 10:30:00,56.25,56.39,56.2,56.37,38003
2011-03-22 10:45:00,56.37,56.37,56.12,56.2,16134
2011-03-22 11:00:00,56.21,56.21,56.06,56.1,15131
2011-03-22 11:15:00,56.12,56.21,56.1,56.11,28314
2011-03-22 11:30:00,56.11,56.26,56.08,56.26,84563
2011-03-22 11:45:00,56.26,56.29,56.1,56.28,13471
2011-03-22 12:00:00,56.2801,56.32,56.26,56.27,11494
2011-03-22 12:15:00,56.3,56.3,56.24,56.28,11500
2011-03-22 12:30:00,56.28,56.43,56.28,56.4,11338
2011-03-22 12:45:00,56.38,56.38,56.3313,56.35,5727
2011-03-22 13:00:00,56.35,56.39,56.29,56.29,10879
2011-03-22 13:15:00,56.295,56.295,56.13,56.18,17312
2011-03-22 13:30:00,56.18,56.19,56.1,56.13,20425
2011-03-22 13:45:00,56.13,56.26,56.13,56.24,13400
2011-03-22 14:00:00,56.24,56.44,56.235,56.44,10992
2011-03-22 14:15:00,56.44,56.5,56.42,56.46,23560
2011-03-22 14:30:00,56.45,56.58,56.45,56.52,51943
2011-03-22 14:45:00,56.51,56.54,56.51,56.52,11692
2011-03-22 15:00:00,56.51,56.5225,56.44,56.44,25136
2011-03-22 15:15:00,56.45,56.5,56.39,56.47,21727
2011-03-22 15:30:00,56.49,56.49,56.4,56.41,21618
2011-03-22 15:45:00,56.41,56.53,56.39,56.52,42400
2011-03-22 16:00:00,56.5,56.54,56.45,56.51,114082
2011-03-23 09:45:00,56.37,56.52,55.88,55.89,33579
2011-03-23 10:00:00,55.88,56.4,55.8,56.12,27585
2011-03-23 10:15:00,56.15,56.28,56.0,56.15,52218
2011-03-23 10:30:00,56.15,56.3299,56.07,56.3,19335
2011-03-23 10:45:00,56.33,56.42,56.23,56.36,19360
2011-03-23 11:00:00,56.34,56.37,56.25,56.37,25368
2011-03-23 11:15:00,56.3701,56.65,56.27,56.64,25294
2011-03-23 11:30:00,56.64,56.76,56.59,56.68,16372
2011-03-23 11:45:00,56.7,56.92,56.7,56.85,11806
2011-03-23 12:00:00,56.85,56.88,56.61,56.71,12762
2011-03-23 12:15:00,56.71,56.71,56.57,56.575,13853
2011-03-23 12:30:00,56.58,56.87,56.5501,56.8412,12806
2011-03-23 12:45:00,56.83,56.88,56.74,56.78,10022
2011-03-23 13:00:00,56.78,56.78,56.68,56.69,13700
2011-03-23 13:15:00,56.72,56.77,56.7001,56.77,10562
2011-03-23 13:30:00,56.77,56.89,56.76,56.81,6421
2011-03-23 13:45:00,56.82,56.96,56.81,56.93,12567
2011-03-23 14:00:00,56.94,57.0,56.9,56.97,11410
2011-03-23 14:15:00,56.96,56.98,56.85,56.96,14035
2011-03-23 14:30:00,56.96,57.0,56.92,56.96,7342
2011-03-23 14:45:00,56.96,57.01,56.94,56.9921,7264
2011-03-23 15:00:00,56.99,57.19,56.95,57.18,36269
2011-03-23 15:15:00,57.18,57.28,57.14,57.28,26554
2011-03-23 15:30:00,57.28,57.318000000000005,57.24,57.28,26601
2011-03-23 15:45:00,57.29,57.3,57.24,57.26,26268
2011-03-23 16:00:00,57.26,57.26,57.12,57.12,56321
2011-03-24 09:45:00,57.41,57.57,57.19,57.53,23806
2011-03-24 10:00:00,57.55,57.67,57.4,57.66,26697
2011-03-24 10:15:00,57.65,57.69,57.42,57.6,27997
2011-03-24 10:30:00,57.61,57.77,57.58,57.64,23927
2011-03-24 10:45:00,57.66,57.7376,57.62,57.63,39550
2011-03-24 11:00:00,57.64,57.82,57.58,57.82,27017
2011-03-24 11:15:00,57.82,57.84,57.73,57.74,25724
2011-03-24 11:30:00,57.74,57.84,57.69,57.82,19816
2011-03-24 11:45:00,57.83,57.84,57.79,57.8,11017
2011-03-24 12:00:00,57.79,57.84,57.78,57.81,11712
2011-03-24 12:15:00,57.8,57.88,57.78,57.88,23508
2011-03-24 12:30:00,57.869,57.95,57.833999999999996,57.95,13598
2011-03-24 12:45:00,57.95,57.96,57.88,57.89,12457
2011-03-24 13:00:00,57.9,57.95,57.88,57.91,11653
2011-03-24 13:15:00,57.9,57.95,57.88,57.9,10360
2011-03-24 13:30:00,57.91,57.97,57.906000000000006,57.95,6241
2011-03-24 13:45:00,57.97,58.0,57.93,57.99,23265
2011-03-24 14:00:00,57.99,57.995,57.91,57.97,16057
2011-03-24 14:15:00,57.98,58.0,57.96,57.99,10037
2011-03-24 14:30:00,57.99,58.07,57.99,58.05,20426
2011-03-24 14:45:00,58.05,58.1,58.01,58.05,8460
2011-03-24 15:00:00,58.07,58.11,58.0,58.06,20050
2011-03-24 15:15:00,58.06,58.17,58.034,58.12,17285
2011-03-24 15:30:00,58.11,58.28,58.11,58.23,26368
2011-03-24 15:45:00,58.2,58.23,58.13,58.15,31840
2011-03-24 16:00:00,58.15,58.15,57.86,57.89,116455
2011-03-25 09:45:00,57.99,57.99,57.79,57.91,30544
2011-03-25 10:00:00,57.93,58.0,57.9,57.96,17837
2011-03-25 10:15:00,57.97,58.01,57.94,57.98,29141
2011-03-25 10:30:00,57.99,58.0205,57.96,58.0,23489
2011-03-25 10:45:00,57.99,58.23,57.99,58.16,36993
2011-03-25 11:00:00,58.18,58.37,58.18,58.37,12599
2011-03-25 11:15:00,58.37,58.48,58.32,58.43,16597
2011-03-25 11:30:00,58.41,58.45,58.25,58.26,11000
2011-03-25 11:45:00,58.26,58.33,58.26,58.29,11598
2011-03-25 12:00:00,58.3,58.36,58.29,58.34,9068
2011-03-25 12:15:00,58.34,58.42,58.32,58.41,10048
2011-03-25 12:30:00,58.4,58.43,58.34,58.39,13731
2011-03-25 12:45:00,58.41,58.41,58.32,58.36,12490
2011-03-25 13:00:00,58.35,58.37,58.31,58.33,7400
2011-03-25 13:15:00,58.33,58.335,58.21,58.21,13381
2011-03-25 13:30:00,58.2,58.38,58.2,58.37,12054
2011-03-25 13:45:00,58.36,58.4,58.32,58.39,7179
2011-03-25 14:00:00,58.39,58.4,58.3,58.34,12025
2011-03-25 14:15:00,58.35,58.45,58.35,58.45,30287
2011-03-25 14:30:00,58.45,58.5,58.35,58.38,16915
2011-03-25 14:45:00,58.37,58.37,58.32,58.3302,10320
2011-03-25 15:00:00,58.35,58.37,58.3,58.335,10558
2011-03-25 15:15:00,58.3399,58.4,58.33,58.4,19072
2011-03-25 15:30:00,58.39,58.4,58.32,58.36,22726
2011-03-25 15:45:00,58.37,58.41,58.32,58.4,24696
2011-03-25 16:00:00,58.39,58.39,58.12,58.12,115115
2011-03-28 09:45:00,58.39,58.55,58.08,58.09,38524
2011-03-28 10:00:00,58.09,58.17,57.97,57.99,29323
2011-03-28 10:15:00,58.01,58.05,57.92,57.945,20645
2011-03-28 10:30:00,57.945,58.0,57.9,57.9,16928
2011-03-28 10:45:00,57.89,57.92,57.84,57.875,36756
2011-03-28 11:00:00,57.88,57.8875,57.57,57.6,25890
2011-03-28 11:15:00,57.6004,57.6004,57.38,57.45,19493
2011-03-28 11:30:00,57.45,57.51,57.43,57.51,14788
2011-03-28 11:45:00,57.55,57.55,57.36,57.42,19601
2011-03-28 12:00:00,57.41,57.465,57.37,57.39,12148
2011-03-28 12:15:00,57.39,57.44,57.35,57.37,11111
2011-03-28 12:30:00,57.37,57.39,57.25,57.29,13501
2011-03-28 12:45:00,57.28,57.4,57.28,57.4,11756
2011-03-28 13:00:00,57.4,57.4,57.36,57.4,4453
2011-03-28 13:15:00,57.39,57.48,57.38,57.44,12063
2011-03-28 13:30:00,57.44,57.44,57.17,57.18,11265
2011-03-28 13:45:00,57.19,57.2,57.1,57.13,18986
2011-03-28 14:00:00,57.12,57.14,57.0,57.0,17648
2011-03-28 14:15:00,57.005,57.01,56.9129,56.93,30011
2011-03-28 14:30:00,56.94,56.96,56.89,56.94,21454
2011-03-28 14:45:00,56.94,57.05,56.94,56.96,33317
2011-03-28 15:00:00,56.965,56.9793,56.88,56.91,32456
2011-03-28 15:15:00,56.91,57.015,56.91,57.0,31978
2011-03-28 15:30:00,57.0,57.0,56.95,56.99,35857
2011-03-28 15:45:00,56.99,57.07,56.99,57.0,35566
2011-03-28 16:00:00,56.9901,57.0,56.71,56.72,171823
2011-03-29 09:45:00,56.78,56.79,56.51,56.63,28346
2011-03-29 10:00:00,56.68,56.82,56.62,56.65,26370
2011-03-29 10:15:00,56.65,56.9,56.65,56.83,33428
2011-03-29 10:30:00,56.8,56.89,56.73,56.85,34054
2011-03-29 10:45:00,56.85,56.94,56.79,56.89,22681
2011-03-29 11:00:00,56.885,56.98,56.82,56.895,19206
2011-03-29 11:15:00,56.895,56.94,56.89,56.93,25061
2011-03-29 11:30:00,56.93,57.01,56.9,56.94,28943
2011-03-29 11:45:00,56.94,56.95,56.83,56.84,31426
2011-03-29 12:00:00,56.84,56.9,56.79,56.895,12476
2011-03-29 12:15:00,56.895,56.91,56.85,56.88,16640
2011-03-29 12:30:00,56.88,56.92,56.835,56.835,9437
2011-03-29 12:45:00,56.82,56.86,56.8,56.805,17026
2011-03-29 13:00:00,56.8,56.82,56.76,56.765,22660
2011-03-29 13:15:00,56.775,56.78,56.71,56.71,24349
2011-03-29 13:30:00,56.715,56.805,56.7,56.755,25412
2011-03-29 13:45:00,56.755,56.79,56.745,56.78,12358
2011-03-29 14:00:00,56.775,56.79,56.74,56.75,15247
2011-03-29 14:15:00,56.75,56.8,56.74,56.785,41527
2011-03-29 14:30:00,56.785,56.79,56.74,56.77,25262
2011-03-29 14:45:00,56.77,56.8,56.74,56.76,31260
2011-03-29 15:00:00,56.7695,56.78,56.725,56.76,20378
2011-03-29 15:15:00,56.755,56.83,56.75,56.82,27776
2011-03-29 15:30:00,56.82,56.83,56.755,56.82,28040
2011-03-29 15:45:00,56.82,56.82,56.75,56.8,34286
2011-03-29 16:00:00,56.8,56.83,56.75,56.82,137718
2011-03-30 09:45:00,57.31,57.48,57.2,57.22,40997
2011-03-30 10:00:00,57.25,57.29,57.06,57.12,31851
2011-03-30 10:15:00,57.12,57.195,57.01,57.06,44074
2011-03-30 10:30:00,57.07,57.12,56.96,57.07,29654
2011-03-30 10:45:00,57.1,57.5,57.07,57.48,25998
2011-03-30 11:00:00,57.48,57.69,57.4,57.66,15604
2011-03-30 11:15:00,57.65,57.65,57.36,57.38,20180
2011-03-30 11:30:00,57.39,57.46,57.33,57.35,9156
2011-03-30 11:45:00,57.36,57.4009,57.2908,57.38,14984
2011-03-30 12:00:00,57.39,57.47,57.39,57.44,13680
2011-03-30 12:15:00,57.45,57.58,57.2738,57.58,28344
2011-03-30 12:30:00,57.57,57.75,57.57,57.73,17324
2011-03-30 12:45:00,57.73,57.79,57.67,57.675,15787
2011-03-30 13:00:00,57.675,57.72,57.66,57.68,10127
2011-03-30 13:15:00,57.7,57.84,57.68,57.74,12332
2011-03-30 13:30:00,57.75,57.81,57.69,57.7,6816
2011-03-30 13:45:00,57.7,57.77,57.66,57.76,8830
2011-03-30 14:00:00,57.76,57.78,57.62,57.62,12796
2011-03-30 14:15:00,57.61,57.69,57.61,57.65,8800
2011-03-30 14:30:00,57.63,57.73,57.6,57.64,11778
2011-03-30 14:45:00,57.67,57.72,57.61,57.716,12061
2011-03-30 15:00:00,57.71,57.72,57.65,57.71,16668
2011-03-30 15:15:00,57.71,57.83,57.7,57.8,25749
2011-03-30 15:30:00,57.79,57.85,57.77,57.81,24235
2011-03-30 15:45:00,57.8,57.86,57.8,57.82,22305
2011-03-30 16:00:00,57.84,57.89,57.79,57.84,68892
2011-03-31 09:45:00,57.77,57.98,57.23,57.3,42879
2011-03-31 10:00:00,57.31,57.32,56.95,57.045,58144
2011-03-31 10:15:00,57.05,57.17,56.82,57.04,64523
2011-03-31 10:30:00,57.04,57.2,56.93,57.145,34203
2011-03-31 10:45:00,57.16,57.22,56.9706,57.06,17847
2011-03-31 11:00:00,57.04,57.25,56.99,57.24,15716
2011-03-31 11:15:00,57.25,57.37,57.24,57.34,38386
2011-03-31 11:30:00,57.34,57.4,57.2,57.27,9705
2011-03-31 11:45:00,57.26,57.3,57.11,57.11,13663
2011-03-31 12:00:00,57.11,57.13,57.09,57.12,7164
2011-03-31 12:15:00,57.14,57.29,57.12,57.28,8786
2011-03-31 12:30:00,57.29,57.46,57.27,57.45,15124
2011-03-31 12:45:00,57.45,57.45,57.32,57.39,10809
2011-03-31 13:00:00,57.42,57.42,57.34,57.39,14989
2011-03-31 13:15:00,57.39,57.52,57.39,57.51,20889
2011-03-31 13:30:00,57.5,57.5,57.36,57.37,13656
2011-03-31 13:45:00,57.37,57.39,57.32,57.33,12068
2011-03-31 14:00:00,57.32899999999999,57.43,57.325,57.43,11667
2011-03-31 14:15:00,57.44,57.49,57.36,57.43,27680
2011-03-31 14:30:00,57.42,57.49,57.42,57.42,17355
2011-03-31 14:45:00,57.43,57.52,57.43,57.52,19940
2011-03-31 15:00:00,57.525,57.57,57.51,57.57,15320
2011-03-31 15:15:00,57.57,57.61,57.55,57.605,22113
2011-03-31 15:30:00,57.6,57.66,57.6,57.615,26930
2011-03-31 15:45:00,57.62,57.71,57.57,57.7,41454
2011-03-31 16:00:00,57.7,57.73,57.46,57.46,190320
2011-04-01 09:45:00,57.6,58.0,57.6,57.96,26316
2011-04-01 10:00:00,57.93,58.06,57.79,58.02,24197
2011-04-01 10:15:00,58.0,58.16,57.91,58.08,22520
2011-04-01 10:30:00,58.09,58.28,58.04,58.2,15525
2011-04-01 10:45:00,58.23,58.31,58.16,58.18,16308
2011-04-01 11:00:00,58.2,58.21,57.99,58.01,15934
2011-04-01 11:15:00,58.02,58.08,57.96,57.98,18851
2011-04-01 11:30:00,58.0,58.03,57.9,58.0002,13278
2011-04-01 11:45:00,58.01,58.16,57.97,58.08,12016
2011-04-01 12:00:00,58.09,58.1681,58.03,58.08,12933
2011-04-01 12:15:00,58.09,58.16,58.07,58.09,13041
2011-04-01 12:30:00,58.09,58.19,58.0875,58.11,9996
2011-04-01 12:45:00,58.1,58.11,58.01,58.01,10200
2011-04-01 13:00:00,58.01,58.08,58.0,58.02,12790
2011-04-01 13:15:00,58.03,58.05,57.98,58.01,12655
2011-04-01 13:30:00,58.01,58.02,57.92,57.92,13088
2011-04-01 13:45:00,57.93,57.96,57.92,57.93,8768
2011-04-01 14:00:00,57.93,57.94,57.87,57.895,19247
2011-04-01 14:15:00,57.89,57.89,57.83,57.85,21778
2011-04-01 14:30:00,57.85,57.88,57.83,57.875,33568
2011-04-01 14:45:00,57.875,57.93,57.7,57.71,34068
2011-04-01 15:00:00,57.72,57.76,57.61,57.74,20489
2011-04-01 15:15:00,57.71,57.75,57.65,57.7,22786
2011-04-01 15:30:00,57.7,57.81,57.67,57.78,27347
2011-04-01 15:45:00,57.78,57.86,57.75,57.86,34782
2011-04-01 16:00:00,57.87,57.9,57.73,57.88,87420
2011-04-04 09:45:00,57.75,57.84,56.19,56.65,256573
2011-04-04 10:00:00,56.65,56.82,56.12,56.18,120558
2011-04-04 10:15:00,56.19,56.58,56.18,56.53,68904
2011-04-04 10:30:00,56.53,56.6,56.41,56.515,49199
2011-04-04 10:45:00,56.52,56.68,56.52,56.6,26225
2011-04-04 11:00:00,56.59,56.6952,56.54,56.55,28227
2011-04-04 11:15:00,56.56,56.83,56.553999999999995,56.8199,39195
2011-04-04 11:30:00,56.82,56.96,56.81,56.95,32490
2011-04-04 11:45:00,56.9424,57.08,56.9,57.08,43008
2011-04-04 12:00:00,57.1,57.19,57.07,57.18,36410
2011-04-04 12:15:00,57.18,57.35,57.17,57.17,36793
2011-04-04 12:30:00,57.17,57.23,57.12,57.2,17214
2011-04-04 12:45:00,57.2,57.27,57.14,57.2697,19867
2011-04-04 13:00:00,57.26,57.3,57.126000000000005,57.29,35266
2011-04-04 13:15:00,57.3,57.33,57.22,57.23,46168
2011-04-04 13:30:00,57.23,57.34,57.18,57.33,24988
2011-04-04 13:45:00,57.34,57.34,57.2,57.26,28250
2011-04-04 14:00:00,57.25,57.2699,57.07,57.13,27181
2011-04-04 14:15:00,57.15,57.3,57.12,57.28,24232
2011-04-04 14:30:00,57.28,57.35,57.22,57.3099,19679
2011-04-04 14:45:00,57.29,57.3799,57.29,57.34,25433
2011-04-04 15:00:00,57.35,57.4,57.34,57.4,29715
2011-04-04 15:15:00,57.39,57.45,57.38,57.45,35550
2011-04-04 15:30:00,57.45,57.55,57.41,57.53,63410
2011-04-04 15:45:00,57.53,57.64,57.5,57.64,29014
2011-04-04 16:00:00,57.64,57.71,57.62,57.67,133367
2011-04-05 09:45:00,57.52,57.93,57.52,57.9,38157
2011-04-05 10:00:00,57.89,57.9,57.67,57.74,76649
2011-04-05 10:15:00,57.73,58.1,57.66,57.99,76356
2011-04-05 10:30:00,58.0,58.54,58.0,58.49,52911
2011-04-05 10:45:00,58.5,58.69,58.45,58.47,46552
2011-04-05 11:00:00,58.5,58.53,58.43,58.51,24216
2011-04-05 11:15:00,58.5,58.505,58.33,58.43,54275
2011-04-05 11:30:00,58.44,58.48,58.3274,58.37,33417
2011-04-05 11:45:00,58.37,58.43,58.35,58.39,33194
2011-04-05 12:00:00,58.39,58.5,58.33,58.47,25126
2011-04-05 12:15:00,58.46,58.49,58.38,58.49,14673
2011-04-05 12:30:00,58.5,58.56,58.4775,58.5497,19691
2011-04-05 12:45:00,58.54,58.69,58.53,58.69,18759
2011-04-05 13:00:00,58.69,58.86,58.69,58.86,31783
2011-04-05 13:15:00,58.86,59.01,58.8,58.98,33108
2011-04-05 13:30:00,58.96,59.09,58.95,58.99,43387
2011-04-05 13:45:00,59.0,59.0,58.83,58.84,27105
2011-04-05 14:00:00,58.84,58.84,58.7,58.76,28427
2011-04-05 14:15:00,58.75,58.82,58.62,58.62,26662
2011-04-05 14:30:00,58.62,58.7,58.54,58.64,35014
2011-04-05 14:45:00,58.64,58.68,58.36,58.36,73259
2011-04-05 15:00:00,58.36,58.4,58.215,58.25,110342
2011-04-05 15:15:00,58.26,58.28,58.08,58.11,73314
2011-04-05 15:30:00,58.13,58.3,58.12,58.27,63808
2011-04-05 15:45:00,58.27,58.3,58.21,58.29,31500
2011-04-05 16:00:00,58.29,58.3,58.19,58.23,104313
2011-04-06 09:45:00,58.57,58.63,58.48,58.55,63508
2011-04-06 10:00:00,58.55,58.58,58.26,58.35,73577
2011-04-06 10:15:00,58.34,58.38,58.17,58.17,27458
2011-04-06 10:30:00,58.16,58.16,57.9,57.97,38821
2011-04-06 10:45:00,57.96,58.05,57.87,57.94,34147
2011-04-06 11:00:00,57.915,57.93,57.86,57.875,22505
2011-04-06 11:15:00,57.87,57.88,57.6,57.66,29637
2011-04-06 11:30:00,57.67,57.78,57.64,57.68,21977
2011-04-06 11:45:00,57.7,57.75,57.5,57.5,43400
2011-04-06 12:00:00,57.5,57.54,57.49,57.51,31825
2011-04-06 12:15:00,57.5,57.68,57.44,57.655,41390
2011-04-06 12:30:00,57.7,57.75,57.62,57.705,24280
2011-04-06 12:45:00,57.69,57.73,57.62,57.67,19223
2011-04-06 13:00:00,57.68,57.72,57.65,57.7,16345
2011-04-06 13:15:00,57.71,57.93,57.71,57.88,10631
2011-04-06 13:30:00,57.88,57.95,57.88,57.95,13219
2011-04-06 13:45:00,57.95,57.97,57.88,57.94,14646
2011-04-06 14:00:00,57.94,57.99,57.92,57.965,16821
2011-04-06 14:15:00,57.965,57.97,57.93,57.9675,20530
2011-04-06 14:30:00,57.96,57.96,57.88,57.89,29062
2011-04-06 14:45:00,57.91,57.91,57.78,57.82,31155
2011-04-06 15:00:00,57.81,57.91,57.81,57.87,26689
2011-04-06 15:15:00,57.8725,57.92,57.82,57.86,38122
2011-04-06 15:30:00,57.86,57.86,57.75,57.77,26924
2011-04-06 15:45:00,57.77,57.81,57.57,57.64,86534
2011-04-06 16:00:00,57.64,57.64,57.46,57.47,140314
2011-04-07 09:45:00,57.43,57.72,57.4,57.59,29721
2011-04-07 10:00:00,57.59,57.66,57.34,57.43,39826
2011-04-07 10:15:00,57.43,57.456,57.3,57.3,38282
2011-04-07 10:30:00,57.31,57.44,57.25,57.25,26709
2011-04-07 10:45:00,57.26,57.26,56.9327,57.06,71889
2011-04-07 11:00:00,57.05,57.45,57.0,57.33,41596
2011-04-07 11:15:00,57.34,57.56,57.33,57.47,40101
2011-04-07 11:30:00,57.44,57.46,57.35,57.39,13596
2011-04-07 11:45:00,57.38,57.38,57.21,57.37,16440
2011-04-07 12:00:00,57.36,57.6,57.34,57.6,13211
2011-04-07 12:15:00,57.63,57.8,57.55,57.77,22772
2011-04-07 12:30:00,57.75,57.81,57.73,57.74,13476
2011-04-07 12:45:00,57.74,58.01,57.73,58.01,17779
2011-04-07 13:00:00,58.02,58.02,57.9,58.0,16096
2011-04-07 13:15:00,57.99,58.04,57.67,57.67,17437
2011-04-07 13:30:00,57.64,57.68,57.5,57.5,13757
2011-04-07 13:45:00,57.5,57.51,57.31,57.32,11642
2011-04-07 14:00:00,57.32,57.4,57.3,57.32,16029
2011-04-07 14:15:00,57.32,57.43,57.31,57.325,19571
2011-04-07 14:30:00,57.33,57.36,57.29,57.32,35006
2011-04-07 14:45:00,57.34,57.42,57.33,57.39,32510
2011-04-07 15:00:00,57.39,57.4,57.34,57.39,17225
2011-04-07 15:15:00,57.38,57.39,57.27,57.29,34797
2011-04-07 15:30:00,57.28,57.38,57.21,57.22,39116
2011-04-07 15:45:00,57.21,57.25,57.135,57.21,90339
2011-04-07 16:00:00,57.21,57.24,57.12,57.2,117264
2011-04-08 09:45:00,57.33,57.4,56.76,56.84,34151
2011-04-08 10:00:00,56.84,56.89,56.66,56.85,58518
2011-04-08 10:15:00,56.875,56.92,56.68,56.86,34140
2011-04-08 10:30:00,56.87,56.96,56.64,56.8,32156
2011-04-08 10:45:00,56.79,56.98,56.79,56.95,23060
2011-04-08 11:00:00,56.95,57.01,56.89,56.91,46491
2011-04-08 11:15:00,56.9,57.02,56.87,56.94,19626
2011-04-08 11:30:00,56.94,57.1,56.91,57.05,23869
2011-04-08 11:45:00,57.06,57.18,57.03,57.09,14596
2011-04-08 12:00:00,57.1,57.25,57.1,57.225,14867
2011-04-08 12:15:00,57.22,57.25,57.2,57.23,10510
2011-04-08 12:30:00,57.25,57.27,57.15,57.18,11838
2011-04-08 12:45:00,57.18,57.18,56.98,56.98,27673
2011-04-08 13:00:00,56.98,57.0,56.82,56.85,11743
2011-04-08 13:15:00,56.86,56.86,56.75,56.76,12738
2011-04-08 13:30:00,56.78,56.88,56.75,56.75,11048
2011-04-08 13:45:00,56.76,56.84,56.73,56.79,9905
2011-04-08 14:00:00,56.78,56.87,56.71,56.8,15094
2011-04-08 14:15:00,56.8,56.88,56.77,56.79,10944
2011-04-08 14:30:00,56.76,56.784,56.63,56.66,26474
2011-04-08 14:45:00,56.67,56.67,56.49,56.56,29046
2011-04-08 15:00:00,56.56,56.56,56.26,56.28,43662
2011-04-08 15:15:00,56.26,56.41,56.26,56.31,42971
2011-04-08 15:30:00,56.31,56.4,56.28,56.39,40047
2011-04-08 15:45:00,56.39,56.465,56.38,56.41,56914
2011-04-08 16:00:00,56.42,56.56,56.41,56.5,81786
2011-04-11 09:45:00,56.6,56.68,55.8111,55.9,123224
2011-04-11 10:00:00,55.885,56.11,55.885,55.97,81211
2011-04-11 10:15:00,55.97,56.03,55.72,55.8,90058
2011-04-11 10:30:00,55.8,55.85,55.72,55.73,54797
2011-04-11 10:45:00,55.75,55.915,55.73,55.87,61959
2011-04-11 11:00:00,55.89,55.91,55.675,55.675,39131
2011-04-11 11:15:00,55.68,55.85,55.68,55.74,30590
2011-04-11 11:30:00,55.72,55.85,55.64,55.845,36792
2011-04-11 11:45:00,55.846000000000004,56.0,55.68,56.0,16446
2011-04-11 12:00:00,56.02,56.1,56.0,56.01,17891
2011-04-11 12:15:00,56.02,56.0365,55.81,55.95,17138
2011-04-11 12:30:00,55.943000000000005,55.96,55.85,55.94,20395
2011-04-11 12:45:00,55.93,55.955,55.86,55.88,23037
2011-04-11 13:00:00,55.89,55.99,55.78,55.78,31114
2011-04-11 13:15:00,55.785,55.825,55.73,55.76,30747
2011-04-11 13:30:00,55.79,55.87,55.75,55.865,20097
2011-04-11 13:45:00,55.87,55.94,55.85,55.91,24600
2011-04-11 14:00:00,55.92,55.9475,55.83,55.9475,21164
2011-04-11 14:15:00,55.95,56.12,55.95,56.12,29081
2011-04-11 14:30:00,56.11,56.205,56.11,56.205,16826
2011-04-11 14:45:00,56.19,56.22,56.11,56.15,23113
2011-04-11 15:00:00,56.155,56.155,56.06,56.1,21066
2011-04-11 15:15:00,56.12,56.18,56.05,56.17,26321
2011-04-11 15:30:00,56.16,56.23,56.12,56.13,32767
2011-04-11 15:45:00,56.13,56.19,56.12,56.18,33958
2011-04-11 16:00:00,56.18,56.31,56.16,56.27,111247
2011-04-12 09:45:00,56.1,56.59,56.06,56.4,65079
2011-04-12 10:00:00,56.4,56.56,56.21,56.4,42141
2011-04-12 10:15:00,56.36,56.4125,56.22,56.34,40824
2011-04-12 10:30:00,56.35,56.53,56.32,56.44,47449
2011-04-12 10:45:00,56.425,56.46,56.27,56.32,29778
2011-04-12 11:00:00,56.34,56.38,56.23,56.33,24715
2011-04-12 11:15:00,56.32,56.41,56.28,56.4,39409
2011-04-12 11:30:00,56.39,56.425,56.32,56.37,30797
2011-04-12 11:45:00,56.4,56.42,56.32,56.345,13523
2011-04-12 12:00:00,56.34,56.4,56.31,56.37,14273
2011-04-12 12:15:00,56.38,56.4,56.34,56.37,16660
2011-04-12 12:30:00,56.38,56.4,56.37,56.37,15288
2011-04-12 12:45:00,56.38,56.41,56.31,56.4,15043
2011-04-12 13:00:00,56.4,56.4,56.29,56.3,21561
2011-04-12 13:15:00,56.295,56.34,56.28,56.285,13001
2011-04-12 13:30:00,56.3,56.33,56.19,56.33,30886
2011-04-12 13:45:00,56.36,56.42,56.24,56.25,17495
2011-04-12 14:00:00,56.26,56.35,56.26,56.3,10063
2011-04-12 14:15:00,56.31,56.42,56.27,56.33,23640
2011-04-12 14:30:00,56.33,56.4,56.28,56.29,15300
2011-04-12 14:45:00,56.3,56.32,56.18,56.18,14988
2011-04-12 15:00:00,56.17,56.18,56.1,56.14,20026
2011-04-12 15:15:00,56.15,56.275,56.14,56.22,26235
2011-04-12 15:30:00,56.21,56.23,56.0,56.02,26677
2011-04-12 15:45:00,56.02,56.06,56.0,56.02,45485
2011-04-12 16:00:00,56.01,56.15,55.99,56.05,117094
2011-04-13 09:45:00,55.15,55.4,54.98,55.09,191529
2011-04-13 10:00:00,55.09,55.54,55.04,55.37,119391
2011-04-13 10:15:00,55.37,55.5,55.23,55.26,53574
2011-04-13 10:30:00,55.28,55.54,55.26,55.5325,45358
2011-04-13 10:45:00,55.53,55.58,55.44,55.48,57513
2011-04-13 11:00:00,55.48,55.6,55.44,55.455,50793
2011-04-13 11:15:00,55.47,55.51,55.32,55.34,28487
2011-04-13 11:30:00,55.3201,55.41,55.22,55.342,46061
2011-04-13 11:45:00,55.34,55.42,55.23,55.41,27842
2011-04-13 12:00:00,55.42,55.52,55.23,55.3,44761
2011-04-13 12:15:00,55.3,55.47,55.285,55.46,53429
2011-04-13 12:30:00,55.43,55.48,55.36,55.43,19918
2011-04-13 12:45:00,55.42,55.45,55.18,55.24,27830
2011-04-13 13:00:00,55.23,55.35,55.18,55.2498,19635
2011-04-13 13:15:00,55.25,55.44,55.23,55.3,16659
2011-04-13 13:30:00,55.31,55.42,55.21,55.26,24031
2011-04-13 13:45:00,55.26,55.31,55.2,55.27,21258
2011-04-13 14:00:00,55.2798,55.2798,54.98,55.08,50248
2011-04-13 14:15:00,55.07,55.23,55.06,55.06,35765
2011-04-13 14:30:00,55.07,55.111999999999995,55.0,55.06,49827
2011-04-13 14:45:00,55.06,55.22,55.05,55.22,38673
2011-04-13 15:00:00,55.21,55.22,55.14,55.18,54475
2011-04-13 15:15:00,55.18,55.48,55.18,55.47,51562
2011-04-13 15:30:00,55.4601,55.545,55.43,55.4399,34679
2011-04-13 15:45:00,55.44,55.54,55.4,55.44,48525
2011-04-13 16:00:00,55.43,55.48,55.34,55.38,125895
2011-04-14 09:45:00,55.08,55.53,55.08,55.24,42384
2011-04-14 10:00:00,55.25,55.48,55.19,55.41,57594
2011-04-14 10:15:00,55.42,55.585,55.38,55.53,65786
2011-04-14 10:30:00,55.51,55.7,55.5,55.64,47622
2011-04-14 10:45:00,55.67,55.7,55.5,55.52,22306
2011-04-14 11:00:00,55.52,55.55,55.34,55.37,24765
2011-04-14 11:15:00,55.38,55.5219,55.22,55.24,39457
2011-04-14 11:30:00,55.25,55.4,55.18,55.2,32511
2011-04-14 11:45:00,55.21,55.2801,55.195,55.235,55469
2011-04-14 12:00:00,55.2401,55.43,55.2401,55.42,23604
2011-04-14 12:15:00,55.42,55.57,55.41,55.57,16579
2011-04-14 12:30:00,55.56,55.67,55.54,55.67,17099
2011-04-14 12:45:00,55.67,55.69,55.61,55.68,15064
2011-04-14 13:00:00,55.69,55.69,55.64,55.65,12460
2011-04-14 13:15:00,55.65,55.65,55.57,55.6,14037
2011-04-14 13:30:00,55.6,55.603,55.47,55.55,19786
2011-04-14 13:45:00,55.56,55.62,55.51,55.52,15074
2011-04-14 14:00:00,55.52,55.57,55.5,55.52,17664
2011-04-14 14:15:00,55.53,55.55,55.5,55.53,16226
2011-04-14 14:30:00,55.54,55.63,55.51,55.57,19131
2011-04-14 14:45:00,55.58,55.69,55.58,55.64,34224
2011-04-14 15:00:00,55.65,55.72,55.63,55.69,33900
2011-04-14 15:15:00,55.7001,55.87,55.69,55.86,35320
2011-04-14 15:30:00,55.865,55.96,55.86,55.92,34688
2011-04-14 15:45:00,55.92,55.95,55.86,55.895,34670
2011-04-14 16:00:00,55.89,55.93,55.82,55.82,112051
2011-04-15 09:45:00,55.68,56.31,55.61,56.21,192066
2011-04-15 10:00:00,56.22,56.34,56.0,56.105,57238
2011-04-15 10:15:00,56.12,56.34,56.12,56.24,39659
2011-04-15 10:30:00,56.25,56.25,56.0,56.03,30420
2011-04-15 10:45:00,56.02,56.16,55.81,55.99,43998
2011-04-15 11:00:00,55.99,56.13,55.81,56.02,24281
2011-04-15 11:15:00,56.01,56.08,55.83,55.86,15516
2011-04-15 11:30:00,55.86,56.04,55.84,56.03,25347
2011-04-15 11:45:00,56.031000000000006,56.13,56.031000000000006,56.086000000000006,15470
2011-04-15 12:00:00,56.1,56.1,56.0201,56.03,22406
2011-04-15 12:15:00,56.04,56.3,56.04,56.3,17802
2011-04-15 12:30:00,56.3,56.32,56.18,56.21,15886
2011-04-15 12:45:00,56.2086,56.34,56.19,56.29,17318
2011-04-15 13:00:00,56.31,56.47,56.29,56.45,19009
2011-04-15 13:15:00,56.44,56.47,56.3,56.36,14503
2011-04-15 13:30:00,56.3704,56.39,56.2,56.27,14837
2011-04-15 13:45:00,56.27,56.35,56.27,56.28,17862
2011-04-15 14:00:00,56.29,56.4,56.28,56.33,17717
2011-04-15 14:15:00,56.34,56.51,56.33,56.48,31615
2011-04-15 14:30:00,56.5,56.553999999999995,56.44,56.48,114127
2011-04-15 14:45:00,56.4501,56.51,56.44,56.44,23267
2011-04-15 15:00:00,56.44,56.45,56.34,56.37,18421
2011-04-15 15:15:00,56.38,56.42,56.23,56.24,42280
2011-04-15 15:30:00,56.21,56.24,56.14,56.2,26779
2011-04-15 15:45:00,56.2,56.27,56.17,56.2,25999
2011-04-15 16:00:00,56.21,56.37,56.19,56.35,89056
2011-04-18 09:45:00,55.7,56.05,55.57,55.94,42360
2011-04-18 10:00:00,55.99,56.25,55.65,55.68,55806
2011-04-18 10:15:00,55.7,55.81,55.47,55.8,49171
2011-04-18 10:30:00,55.8,55.9185,55.73,55.9,38185
2011-04-18 10:45:00,55.9,56.14,55.8,55.8,30135
2011-04-18 11:00:00,55.79,56.05,55.72,55.99,37404
2011-04-18 11:15:00,56.0,56.14,55.95,56.038999999999994,56359
2011-04-18 11:30:00,56.06,56.26,56.01,56.26,45625
2011-04-18 11:45:00,56.26,56.32,56.18,56.22,37249
2011-04-18 12:00:00,56.22,56.33,56.21,56.32,37726
2011-04-18 12:15:00,56.31,56.4125,56.27,56.36,36169
2011-04-18 12:30:00,56.37,56.425,56.31,56.335,37618
2011-04-18 12:45:00,56.33,56.37,56.3,56.31,16193
2011-04-18 13:00:00,56.32,56.38,56.31,56.37,12077
2011-04-18 13:15:00,56.37,56.37,56.21,56.22,10886
2011-04-18 13:30:00,56.215,56.2799,56.19,56.21,21917
2011-04-18 13:45:00,56.215,56.3199,56.21,56.27,12005
2011-04-18 14:00:00,56.27,56.47,56.26,56.46,12977
2011-04-18 14:15:00,56.45,56.54,56.37,56.54,26392
2011-04-18 14:30:00,56.54,56.56,56.51,56.54,25761
2011-04-18 14:45:00,56.54,56.61,56.5,56.59,28004
2011-04-18 15:00:00,56.59,56.67,56.57,56.57,25576
2011-04-18 15:15:00,56.58,56.61,56.47,56.54,29919
2011-04-18 15:30:00,56.5425,56.73,56.54,56.73,31928
2011-04-18 15:45:00,56.74,56.81,56.66,56.69,54876
2011-04-18 16:00:00,56.69,56.87,56.68,56.78,96004
2011-04-19 09:45:00,56.72,56.8795,56.64,56.84,25995
2011-04-19 10:00:00,56.88,56.95,56.55,56.55,34010
2011-04-19 10:15:00,56.59,56.81,56.5,56.59,41002
2011-04-19 10:30:00,56.595,56.73,56.595,56.63,17814
2011-04-19 10:45:00,56.63,56.63,56.5,56.54,23819
2011-04-19 11:00:00,56.54,56.56,56.47,56.5,16408
2011-04-19 11:15:00,56.5,56.5,56.34,56.35,16365
2011-04-19 11:30:00,56.34,56.388999999999996,56.22,56.24,17847
2011-04-19 11:45:00,56.24,56.36,56.24,56.3,11851
2011-04-19 12:00:00,56.3,56.34,56.23,56.27,21974
2011-04-19 12:15:00,56.27,56.42,56.27,56.42,17461
2011-04-19 12:30:00,56.43,56.5,56.38,56.415,19436
2011-04-19 12:45:00,56.41,56.445,56.4,56.44,13934
2011-04-19 13:00:00,56.43,56.43,56.31,56.371,18668
2011-04-19 13:15:00,56.36,56.51,56.36,56.49,10700
2011-04-19 13:30:00,56.4925,56.55,56.45,56.49,22336
2011-04-19 13:45:00,56.4936,56.56,56.47,56.5,13279
2011-04-19 14:00:00,56.51,56.555,56.48,56.54,9810
2011-04-19 14:15:00,56.55,56.56,56.47,56.5,17867
2011-04-19 14:30:00,56.51,56.53,56.45,56.49,14454
2011-04-19 14:45:00,56.49,56.6199,56.46,56.6199,16824
2011-04-19 15:00:00,56.62,56.63,56.57,56.59,18187
2011-04-19 15:15:00,56.6,56.7,56.6,56.68,14773
2011-04-19 15:30:00,56.69,56.7,56.55,56.55,22592
2011-04-19 15:45:00,56.55,56.56,56.5,56.54,29827
2011-04-19 16:00:00,56.54,56.66,56.52,56.64,66641
2011-04-20 09:45:00,57.29,57.73,57.24,57.46,48601
2011-04-20 10:00:00,57.49,57.87,57.46,57.87,41222
2011-04-20 10:15:00,57.87,58.05,57.75,58.0,59144
2011-04-20 10:30:00,58.02,58.1,57.92,57.94,28811
2011-04-20 10:45:00,57.94,58.0,57.92,57.93,19057
2011-04-20 11:00:00,57.92,57.94,57.82,57.87,23874
2011-04-20 11:15:00,57.86,57.88,57.591,57.65,17347
2011-04-20 11:30:00,57.64,57.75,57.62,57.75,15968
2011-04-20 11:45:00,57.74,57.78,57.62,57.67,29226
2011-04-20 12:00:00,57.675,57.81,57.64,57.7,24394
2011-04-20 12:15:00,57.69,57.705,57.64,57.67,15381
2011-04-20 12:30:00,57.67,57.7,57.64,57.66,13383
2011-04-20 12:45:00,57.65,57.73,57.65,57.71,21991
2011-04-20 13:00:00,57.7,57.74,57.65,57.73,33823
2011-04-20 13:15:00,57.72,57.76,57.71,57.72,12908
2011-04-20 13:30:00,57.73,57.78,57.715,57.7786,12405
2011-04-20 13:45:00,57.76,57.79,57.68,57.68,18068
2011-04-20 14:00:00,57.69,57.82,57.685,57.8,15338
2011-04-20 14:15:00,57.8,57.83,57.75,57.82,19509
2011-04-20 14:30:00,57.81,57.87,57.79,57.82,27018
2011-04-20 14:45:00,57.815,57.92,57.81,57.81,47978
2011-04-20 15:00:00,57.81,57.84,57.71,57.81,49277
2011-04-20 15:15:00,57.81,57.85,57.81,57.84,37721
2011-04-20 15:30:00,57.83,57.92,57.81,57.92,61165
2011-04-20 15:45:00,57.92,58.05,57.91,58.01,42616
2011-04-20 16:00:00,58.01,58.09,57.9801,58.08,104316
2011-04-21 09:45:00,58.09,58.24,57.65,57.67,29659
2011-04-21 10:00:00,57.67,57.84,57.55,57.76,45099
2011-04-21 10:15:00,57.76,57.91,57.63,57.74,27350
2011-04-21 10:30:00,57.71,57.78,57.67,57.69,23974
2011-04-21 10:45:00,57.69,57.76,57.62,57.75,14069
2011-04-21 11:00:00,57.755,57.7799,57.65,57.755,17124
2011-04-21 11:15:00,57.74,57.97,57.73,57.96,43614
2011-04-21 11:30:00,57.95,58.01,57.9,57.99,30456
2011-04-21 11:45:00,57.99,58.07,57.99,58.07,28003
2011-04-21 12:00:00,58.07,58.09,57.99,58.07,11974
2011-04-21 12:15:00,58.07,58.1,58.021,58.1,5267
2011-04-21 12:30:00,58.071000000000005,58.14,58.03,58.09,14522
2011-04-21 12:45:00,58.11,58.16,58.09,58.16,3200
2011-04-21 13:00:00,58.16,58.21,58.13,58.13,3050
2011-04-21 13:15:00,58.125,58.13,58.06,58.1099,6150
2011-04-21 13:30:00,58.09,58.13,58.06,58.13,6613
2011-04-21 13:45:00,58.12,58.15,58.02,58.05,16385
2011-04-21 14:00:00,58.07,58.15,58.06,58.1,10128
2011-04-21 14:15:00,58.1096,58.16,58.0798,58.16,7392
2011-04-21 14:30:00,58.15,58.15,58.08,58.08,14823
2011-04-21 14:45:00,58.08,58.1,58.05,58.0599,8785
2011-04-21 15:00:00,58.05,58.0699,57.99,57.99,11932
2011-04-21 15:15:00,57.99,58.01,57.96,58.0,14448
2011-04-21 15:30:00,57.99,58.0,57.94,57.97,18906
2011-04-21 15:45:00,57.97,58.0,57.95,57.96,42123
2011-04-21 16:00:00,57.97,58.04,57.95,58.03,55623
2011-04-25 09:45:00,58.1,58.18,57.84,57.997,14487
2011-04-25 10:00:00,58.02,58.08,57.898,57.96,26280
2011-04-25 10:15:00,57.98,58.0,57.7504,57.83,18536
2011-04-25 10:30:00,57.87,57.98,57.72,57.78,31843
2011-04-25 10:45:00,57.77,57.895,57.74,57.75,23413
2011-04-25 11:00:00,57.76,57.76,57.55,57.64,27115
2011-04-25 11:15:00,57.62,57.67,57.56,57.63,17788
2011-04-25 11:30:00,57.63,57.8,57.62,57.76,19671
2011-04-25 11:45:00,57.76,57.85,57.71,57.8201,12682
2011-04-25 12:00:00,57.83,57.91,57.82,57.9,12906
2011-04-25 12:15:00,57.8925,57.94,57.88,57.93,7764
2011-04-25 12:30:00,57.94,58.03,57.94,58.03,9576
2011-04-25 12:45:00,58.03,58.03,57.98,57.98,8260
2011-04-25 13:00:00,57.97,58.02,57.96,57.99,11254
2011-04-25 13:15:00,57.97,58.0,57.97,57.99,8246
2011-04-25 13:30:00,57.985,58.01,57.97,58.01,36876
2011-04-25 13:45:00,58.01,58.09,58.01,58.06,15816
2011-04-25 14:00:00,58.07,58.09,58.06,58.08,7794
2011-04-25 14:15:00,58.07,58.18,58.07,58.18,10120
2011-04-25 14:30:00,58.18,58.2,58.11,58.13,16432
2011-04-25 14:45:00,58.1399,58.14,58.0575,58.0575,11291
2011-04-25 15:00:00,58.05,58.13,58.05,58.115,13387
2011-04-25 15:15:00,58.12,58.12,58.04,58.06,19404
2011-04-25 15:30:00,58.06,58.17,58.06,58.16,14394
2011-04-25 15:45:00,58.16,58.2,58.13,58.14,31452
2011-04-25 16:00:00,58.14,58.15,58.04,58.09,56566
2011-04-26 09:45:00,59.21,59.21,58.14,58.48,38646
2011-04-26 10:00:00,58.5,58.68,58.43,58.62,42066
2011-04-26 10:15:00,58.61,58.71,58.51,58.59,50869
2011-04-26 10:30:00,58.57,59.03,58.55,59.0,61763
2011-04-26 10:45:00,59.005,59.03,58.8,58.98,64222
2011-04-26 11:00:00,58.98,59.09,58.94,59.01,45068
2011-04-26 11:15:00,58.99,58.99,58.58,58.58,19665
2011-04-26 11:30:00,58.57,58.6,58.4,58.42,46695
2011-04-26 11:45:00,58.43,58.51,58.33,58.46,18002
2011-04-26 12:00:00,58.4875,58.5206,58.391000000000005,58.46,20809
2011-04-26 12:15:00,58.46,58.57,58.39,58.41,40085
2011-04-26 12:30:00,58.43,58.43,58.35,58.375,14295
2011-04-26 12:45:00,58.37,58.39,58.31,58.32,9174
2011-04-26 13:00:00,58.33,58.34,58.18,58.25,24528
2011-04-26 13:15:00,58.25,58.27,58.22,58.24,13136
2011-04-26 13:30:00,58.24,58.24,58.18,58.19,8880
2011-04-26 13:45:00,58.2,58.26,58.16,58.26,15453
2011-04-26 14:00:00,58.26,58.27,58.13,58.14,25131
2011-04-26 14:15:00,58.14,58.15,58.06,58.12,31254
2011-04-26 14:30:00,58.115,58.115,57.9377,57.95,65455
2011-04-26 14:45:00,57.95,57.98,57.77,57.86,64480
2011-04-26 15:00:00,57.84,57.93,57.83,57.86,46625
2011-04-26 15:15:00,57.86,58.02,57.81,58.0,62601
2011-04-26 15:30:00,58.02,58.04,57.97,58.005,61456
2011-04-26 15:45:00,58.0,58.01,57.98,58.0,41435
2011-04-26 16:00:00,58.0,58.02,57.88,57.97,122817
2011-04-27 09:45:00,58.02,58.65,57.98,58.44,70278
2011-04-27 10:00:00,58.46,58.59,58.33,58.45,58201
2011-04-27 10:15:00,58.47,58.62,58.3813,58.58,36241
2011-04-27 10:30:00,58.58,58.69,58.495,58.51,56349
2011-04-27 10:45:00,58.53,58.65,58.445,58.61,33237
2011-04-27 11:00:00,58.61,58.61,58.45,58.49,72656
2011-04-27 11:15:00,58.47,58.5,58.401,58.46,19949
2011-04-27 11:30:00,58.45,58.45,58.32,58.44,14228
2011-04-27 11:45:00,58.44,58.49,58.292,58.46,44912
2011-04-27 12:00:00,58.4699,58.51,58.39,58.39,16434
2011-04-27 12:15:00,58.39,58.41,58.31,58.37,31156
2011-04-27 12:30:00,58.37,58.51,58.37,58.51,24397
2011-04-27 12:45:00,58.49,58.54,58.39,58.47,44465
2011-04-27 13:00:00,58.4704,58.52,58.41,58.45,24681
2011-04-27 13:15:00,58.4332,58.48,58.35,58.36,22894
2011-04-27 13:30:00,58.36,58.45,58.36,58.43,16807
2011-04-27 13:45:00,58.44,58.47,58.42,58.44,34092
2011-04-27 14:00:00,58.43,58.48,58.42,58.45,26348
2011-04-27 14:15:00,58.45,58.47,58.33,58.35,35956
2011-04-27 14:30:00,58.35,58.5199,58.32,58.39,42129
2011-04-27 14:45:00,58.39,58.5,58.34,58.35,33532
2011-04-27 15:00:00,58.35,58.43,58.32,58.4,26902
2011-04-27 15:15:00,58.4,58.49,58.39,58.49,61623
2011-04-27 15:30:00,58.47,58.49,58.4,58.4,57359
2011-04-27 15:45:00,58.42,58.47,58.38,58.4,104138
2011-04-27 16:00:00,58.41,58.45,58.41,58.45,105698
2011-04-28 09:45:00,58.89,58.98,57.27,57.63,193190
2011-04-28 10:00:00,57.63,58.38,57.57,58.36,75982
2011-04-28 10:15:00,58.32,58.38,58.21,58.36,57237
2011-04-28 10:30:00,58.3699,58.37,58.31,58.37,44875
2011-04-28 10:45:00,58.37,58.4,58.25,58.3794,115107
2011-04-28 11:00:00,58.38,58.76,58.37,58.64,93442
2011-04-28 11:15:00,58.68,58.77,58.62,58.7,26829
2011-04-28 11:30:00,58.71,58.71,58.47,58.51,66169
2011-04-28 11:45:00,58.49,58.54,58.27,58.36,38920
2011-04-28 12:00:00,58.34,58.35,58.17,58.29,55519
2011-04-28 12:15:00,58.285,58.33,58.13,58.145,87486
2011-04-28 12:30:00,58.15,58.15,58.05,58.12,69745
2011-04-28 12:45:00,58.12,58.15,58.1,58.15,51798
2011-04-28 13:00:00,58.14,58.15,58.11,58.13,37851
2011-04-28 13:15:00,58.12,58.27,58.11,58.25,49370
2011-04-28 13:30:00,58.26,58.44,58.24,58.35,26652
2011-04-28 13:45:00,58.34,58.34,58.27,58.3,55280
2011-04-28 14:00:00,58.3,58.35,58.22,58.32,49580
2011-04-28 14:15:00,58.31,58.35,58.205,58.21,51574
2011-04-28 14:30:00,58.21,58.23,58.16,58.21,29600
2011-04-28 14:45:00,58.21,58.23,58.12,58.22,41913
2011-04-28 15:00:00,58.22,58.31,58.17,58.22,83857
2011-04-28 15:15:00,58.23,58.29,58.17,58.25,69995
2011-04-28 15:30:00,58.26,58.34,58.2,58.33,68248
2011-04-28 15:45:00,58.33,58.52,58.29,58.49,70601
2011-04-28 16:00:00,58.5,58.57,58.44,58.55,198692
2011-04-29 09:45:00,58.56,58.77,58.53,58.69,62499
2011-04-29 10:00:00,58.71,58.86,58.61,58.78,76037
2011-04-29 10:15:00,58.775,58.89,58.74,58.83,85901
2011-04-29 10:30:00,58.82,58.83,58.48,58.49,134353
2011-04-29 10:45:00,58.48,58.52,58.39,58.5,63753
2011-04-29 11:00:00,58.5,58.63,58.48,58.63,25795
2011-04-29 11:15:00,58.62,58.78,58.57,58.71,19972
2011-04-29 11:30:00,58.73,58.75,58.69,58.72,22384
2011-04-29 11:45:00,58.73,58.89,58.7,58.79,30019
2011-04-29 12:00:00,58.79,59.05,58.79,59.03,32071
2011-04-29 12:15:00,59.04,59.16,58.97,59.15,32947
2011-04-29 12:30:00,59.16,59.27,59.115,59.17,22082
2011-04-29 12:45:00,59.16,59.29,59.15,59.285,29547
2011-04-29 13:00:00,59.29,59.445,59.27,59.43,45756
2011-04-29 13:15:00,59.4304,59.5,59.35,59.36,52306
2011-04-29 13:30:00,59.3501,59.36,59.2,59.23,29550
2011-04-29 13:45:00,59.23,59.25,59.105,59.11,24097
2011-04-29 14:00:00,59.1,59.22,59.1,59.22,32318
2011-04-29 14:15:00,59.22,59.23,59.14,59.15,33475
2011-04-29 14:30:00,59.155,59.17,59.14,59.155,29414
2011-04-29 14:45:00,59.15,59.19,59.09,59.1,55759
2011-04-29 15:00:00,59.1,59.115,59.09,59.09,34010
2011-04-29 15:15:00,59.09,59.1,59.02,59.02,136352
2011-04-29 15:30:00,59.0212,59.053999999999995,58.98,59.01,53326
2011-04-29 15:45:00,59.02,59.09,59.0,59.08,60096
2011-04-29 16:00:00,59.08,59.14,59.03,59.06,194059
2011-05-02 09:45:00,59.27,59.54,59.22,59.483999999999995,48752
2011-05-02 10:00:00,59.48,59.67,59.42,59.65,64898
2011-05-02 10:15:00,59.65,59.74,59.57,59.71,55391
2011-05-02 10:30:00,59.7,59.88,59.66,59.8501,49630
2011-05-02 10:45:00,59.87,59.89,59.7301,59.7301,39079
2011-05-02 11:00:00,59.73,59.81,59.62,59.63,44228
2011-05-02 11:15:00,59.63,59.66,59.44,59.59,49243
2011-05-02 11:30:00,59.59,59.66,59.51,59.595,42849
2011-05-02 11:45:00,59.57,59.69,59.53,59.68,49293
2011-05-02 12:00:00,59.69,59.79,59.65,59.77,35213
2011-05-02 12:15:00,59.78,59.85,59.71,59.77,58644
2011-05-02 12:30:00,59.77,59.78,59.56,59.61,31381
2011-05-02 12:45:00,59.61,59.71,59.57,59.6199,54746
2011-05-02 13:00:00,59.62,59.6654,59.55,59.62,20078
2011-05-02 13:15:00,59.63,59.74,59.62,59.74,25912
2011-05-02 13:30:00,59.7397,59.87,59.735,59.87,26128
2011-05-02 13:45:00,59.85,59.85,59.72,59.77,21478
2011-05-02 14:00:00,59.77,59.79,59.67,59.73,32370
2011-05-02 14:15:00,59.74,59.7552,59.68,59.72,24207
2011-05-02 14:30:00,59.72,59.75,59.68,59.71,34863
2011-05-02 14:45:00,59.7,59.79,59.69,59.69,53692
2011-05-02 15:00:00,59.7,59.79,59.68,59.78,56363
2011-05-02 15:15:00,59.78,59.8,59.7693,59.775,49214
2011-05-02 15:30:00,59.78,59.81,59.73,59.74,85859
2011-05-02 15:45:00,59.74,59.75,59.46,59.48,100663
2011-05-02 16:00:00,59.485,59.56,59.45,59.55,131838
2011-05-03 09:45:00,59.29,59.87,59.29,59.84,58344
2011-05-03 10:00:00,59.85,60.0,59.79,59.9525,90944
2011-05-03 10:15:00,59.93,60.0,59.8,59.84,56992
2011-05-03 10:30:00,59.9,59.95,59.74,59.75,66397
2011-05-03 10:45:00,59.76,59.76,59.53,59.55,20390
2011-05-03 11:00:00,59.56,59.72,59.54,59.7,37969
2011-05-03 11:15:00,59.7,59.845,59.69,59.7201,23002
2011-05-03 11:30:00,59.72,59.81,59.715,59.74,28930
2011-05-03 11:45:00,59.745,59.745,59.65,59.71,27415
2011-05-03 12:00:00,59.7,59.71,59.64,59.65,14364
2011-05-03 12:15:00,59.65,59.785,59.645,59.74,22765
2011-05-03 12:30:00,59.73,59.82,59.73,59.79,42719
2011-05-03 12:45:00,59.7601,59.8125,59.7,59.71,19883
2011-05-03 13:00:00,59.72,59.81,59.7,59.81,26583
2011-05-03 13:15:00,59.79,59.83,59.78,59.7901,17171
2011-05-03 13:30:00,59.7905,59.801,59.7001,59.7299,25239
2011-05-03 13:45:00,59.72,59.75,59.6801,59.725,30027
2011-05-03 14:00:00,59.73,59.74,59.685,59.72,30748
2011-05-03 14:15:00,59.72,59.72,59.495,59.56,86419
2011-05-03 14:30:00,59.56,59.58,59.485,59.54,48471
2011-05-03 14:45:00,59.55,59.58,59.46,59.53,166635
2011-05-03 15:00:00,59.54,59.55,59.44,59.47,45095
2011-05-03 15:15:00,59.4788,59.545,59.373999999999995,59.38,35188
2011-05-03 15:30:00,59.3701,59.55,59.3701,59.52,42394
2011-05-03 15:45:00,59.52,59.57,59.44,59.57,40508
2011-05-03 16:00:00,59.57,59.73,59.51,59.67,103733
2011-05-04 09:45:00,59.6,59.96,59.6,59.96,49969
2011-05-04 10:00:00,59.96,60.26,59.94,60.13,114600
2011-05-04 10:15:00,60.08,60.21,59.9301,60.0,83161
2011-05-04 10:30:00,60.0,60.0,59.83,59.91,29946
2011-05-04 10:45:00,59.88,59.92,59.7501,59.7501,29485
2011-05-04 11:00:00,59.75,59.86,59.65,59.8,20767
2011-05-04 11:15:00,59.82,59.86,59.6908,59.74,47199
2011-05-04 11:30:00,59.72,59.74,59.67,59.71,42867
2011-05-04 11:45:00,59.71,59.75,59.6,59.62,46962
2011-05-04 12:00:00,59.62,59.68,59.54,59.55,29546
2011-05-04 12:15:00,59.56,59.67,59.56,59.62,36634
2011-05-04 12:30:00,59.62,59.67,59.44,59.51,32885
2011-05-04 12:45:00,59.52,59.54,59.5,59.5,15308
2011-05-04 13:00:00,59.51,59.56,59.49,59.49,21712
2011-05-04 13:15:00,59.5,59.56,59.46,59.555,14497
2011-05-04 13:30:00,59.55,59.65,59.5,59.61,33037
2011-05-04 13:45:00,59.6,59.68,59.55,59.58,18092
2011-05-04 14:00:00,59.58,59.6,59.5,59.52,20541
2011-05-04 14:15:00,59.51,59.5199,59.37,59.38,17665
2011-05-04 14:30:00,59.38,59.605,59.36,59.58,17338
2011-05-04 14:45:00,59.59,59.65,59.48,59.48,27714
2011-05-04 15:00:00,59.47,59.6,59.39,59.49,25220
2011-05-04 15:15:00,59.48,59.54,59.42,59.42,25075
2011-05-04 15:30:00,59.39,59.6,59.37,59.595,26682
2011-05-04 15:45:00,59.5989,59.66,59.56,59.57,33204
2011-05-04 16:00:00,59.59,59.75,59.58,59.65,145745
2011-05-05 09:45:00,59.55,59.6,59.0,59.34,48722
2011-05-05 10:00:00,59.3,59.61,59.17,59.53,42262
2011-05-05 10:15:00,59.52,59.82,59.5,59.63,17899
2011-05-05 10:30:00,59.59,59.6,59.48,59.58,36749
2011-05-05 10:45:00,59.55,59.71,59.47,59.7,68693
2011-05-05 11:00:00,59.69,59.71,59.52,59.65,15131
2011-05-05 11:15:00,59.66,59.71,59.52,59.55,17079
2011-05-05 11:30:00,59.54,59.71,59.5,59.71,49875
2011-05-05 11:45:00,59.72,60.03,59.72,60.0,29774
2011-05-05 12:00:00,60.01,60.23,60.01,60.11,21572
2011-05-05 12:15:00,60.12,60.3,60.11,60.25,19814
2011-05-05 12:30:00,60.26,60.3,60.15,60.21,25244
2011-05-05 12:45:00,60.19,60.19,59.99,60.04,18129
2011-05-05 13:00:00,60.03,60.055,59.93,59.97,53680
2011-05-05 13:15:00,59.96,60.0,59.94,60.0,23273
2011-05-05 13:30:00,60.0,60.105,60.0,60.105,23372
2011-05-05 13:45:00,60.11,60.15,60.022,60.07,39320
2011-05-05 14:00:00,60.08,60.185,60.06,60.18,33950
2011-05-05 14:15:00,60.1826,60.19,60.0,60.08,40404
2011-05-05 14:30:00,60.09,60.15,60.06,60.15,68867
2011-05-05 14:45:00,60.1671,60.22,60.14,60.2,34349
2011-05-05 15:00:00,60.2,60.32,60.19,60.21,127298
2011-05-05 15:15:00,60.21,60.24,59.91,60.05,62406
2011-05-05 15:30:00,60.055,60.08,59.87,59.97,96784
2011-05-05 15:45:00,59.98,60.09,59.96,60.05,93429
2011-05-05 16:00:00,60.07,60.07,59.85,59.9,181530
2011-05-06 09:45:00,60.32,60.6,60.2,60.29,39981
2011-05-06 10:00:00,60.25,60.55,60.22,60.51,34554
2011-05-06 10:15:00,60.52,60.58,60.32,60.38,39208
2011-05-06 10:30:00,60.39,60.39,60.15,60.2,71579
2011-05-06 10:45:00,60.2,60.36,60.17,60.36,14771
2011-05-06 11:00:00,60.35,60.35,60.24,60.3,7504
2011-05-06 11:15:00,60.33,60.43,60.31,60.39,12159
2011-05-06 11:30:00,60.41,60.53,60.37,60.435,29397
2011-05-06 11:45:00,60.43,60.47,60.26,60.34,11400
2011-05-06 12:00:00,60.36,60.47,60.36,60.44,10900
2011-05-06 12:15:00,60.45,60.485,60.36,60.36,12780
2011-05-06 12:30:00,60.36,60.38,60.25,60.26,15199
2011-05-06 12:45:00,60.25,60.32,60.21,60.24,27934
2011-05-06 13:00:00,60.23,60.28,60.16,60.23,36325
2011-05-06 13:15:00,60.24,60.31,60.17,60.19,17928
2011-05-06 13:30:00,60.2,60.2,60.0,60.05,17569
2011-05-06 13:45:00,60.04,60.14,60.0,60.06,16024
2011-05-06 14:00:00,60.03,60.06,59.99,59.995,15586
2011-05-06 14:15:00,59.99,60.07,59.96,60.01,25526
2011-05-06 14:30:00,60.0,60.07,59.909,59.93,22873
2011-05-06 14:45:00,59.93,59.975,59.78,59.91,39880
2011-05-06 15:00:00,59.91,59.97,59.86,59.87,30376
2011-05-06 15:15:00,59.87,59.97,59.85,59.91,34796
2011-05-06 15:30:00,59.9,59.97,59.79,59.8298,41627
2011-05-06 15:45:00,59.81,59.84,59.74,59.82,36246
2011-05-06 16:00:00,59.84,59.86,59.7,59.7,85725
2011-05-09 09:45:00,59.67,59.67,59.4,59.53,20752
2011-05-09 10:00:00,59.54,59.6898,59.3,59.32,46315
2011-05-09 10:15:00,59.32,59.55,59.31,59.47,41294
2011-05-09 10:30:00,59.49,59.51,59.33,59.42,37333
2011-05-09 10:45:00,59.4,59.47,59.35,59.365,26358
2011-05-09 11:00:00,59.395,59.42,59.34,59.34,15917
2011-05-09 11:15:00,59.32,59.4,59.3,59.36,21883
2011-05-09 11:30:00,59.36,59.41,59.31399999999999,59.39,14834
2011-05-09 11:45:00,59.4,59.54,59.39,59.47,18528
2011-05-09 12:00:00,59.48,59.74,59.48,59.736999999999995,9785
2011-05-09 12:15:00,59.74,59.97,59.71,59.93,23355
2011-05-09 12:30:00,59.89,59.96,59.81,59.82,10564
2011-05-09 12:45:00,59.82,59.86,59.78,59.82,10324
2011-05-09 13:00:00,59.81,59.9,59.72,59.72,20912
2011-05-09 13:15:00,59.74,59.78,59.71,59.76,6993
2011-05-09 13:30:00,59.75,59.75,59.68,59.73,7676
2011-05-09 13:45:00,59.72,59.73,59.68,59.72,8136
2011-05-09 14:00:00,59.73,59.76,59.73,59.745,11403
2011-05-09 14:15:00,59.74,59.75,59.64,59.6888,20045
2011-05-09 14:30:00,59.67,59.7,59.61,59.66,7747
2011-05-09 14:45:00,59.67,59.75,59.67,59.68,20224
2011-05-09 15:00:00,59.67,59.67,59.57,59.65,16704
2011-05-09 15:15:00,59.66,59.7,59.65,59.69,18519
2011-05-09 15:30:00,59.69,59.71,59.64,59.65,27408
2011-05-09 15:45:00,59.64,59.658,59.5703,59.658,22012
2011-05-09 16:00:00,59.65,59.69,59.59,59.63,51577
2011-05-10 09:45:00,59.75,60.16,59.71,60.14,24002
2011-05-10 10:00:00,60.18,60.2,60.01,60.13,21646
2011-05-10 10:15:00,60.12,60.12,59.96,60.07,28049
2011-05-10 10:30:00,60.05,60.1,59.98,59.98,28449
2011-05-10 10:45:00,59.97,60.07,59.9,59.98,21439
2011-05-10 11:00:00,60.0,60.03,59.96,60.02,19768
2011-05-10 11:15:00,60.01,60.05,60.01,60.04,7252
2011-05-10 11:30:00,60.05,60.05,59.98,60.0,14650
2011-05-10 11:45:00,60.02,60.05,60.01,60.03,7600
2011-05-10 12:00:00,60.0301,60.05,59.99,60.01,17787
2011-05-10 12:15:00,60.02,60.05,59.9901,60.022,23104
2011-05-10 12:30:00,60.04,60.05,60.0,60.02,23827
2011-05-10 12:45:00,60.02,60.06,60.0,60.03,26912
2011-05-10 13:00:00,60.03,60.09,59.99,60.09,24758
2011-05-10 13:15:00,60.09,60.11,60.0305,60.1,19478
2011-05-10 13:30:00,60.1,60.16,60.07,60.16,17685
2011-05-10 13:45:00,60.15,60.18,60.07,60.1605,24045
2011-05-10 14:00:00,60.16,60.21,60.11,60.15,26772
2011-05-10 14:15:00,60.15,60.24,60.15,60.23,27400
2011-05-10 14:30:00,60.23,60.235,60.04,60.09,56524
2011-05-10 14:45:00,60.09,60.24,60.08,60.23,31290
2011-05-10 15:00:00,60.24,60.25,60.11,60.15,53627
2011-05-10 15:15:00,60.15,60.19,60.12,60.19,35182
2011-05-10 15:30:00,60.2,60.3,60.19,60.25,30142
2011-05-10 15:45:00,60.24,60.27,60.23,60.26,27896
2011-05-10 16:00:00,60.27,60.275,60.195,60.26,71568
2011-05-11 09:45:00,60.06,60.47,59.96,60.34,30723
2011-05-11 10:00:00,60.33,60.48,60.28,60.41,32785
2011-05-11 10:15:00,60.36,60.39,60.24,60.34,54812
2011-05-11 10:30:00,60.36,60.415,60.25,60.31,40113
2011-05-11 10:45:00,60.3,60.36,60.11,60.29,39783
2011-05-11 11:00:00,60.34,60.34,60.18,60.21,22709
2011-05-11 11:15:00,60.22,60.4,60.22,60.39,78841
2011-05-11 11:30:00,60.39,60.62,60.365,60.6,48943
2011-05-11 11:45:00,60.605,60.77,60.6,60.77,20120
2011-05-11 12:00:00,60.76,60.86,60.65,60.67,88348
2011-05-11 12:15:00,60.66,60.66,60.45,60.48,34687
2011-05-11 12:30:00,60.48,60.515,60.29,60.51,42709
2011-05-11 12:45:00,60.506,60.605,60.44,60.58,20001
2011-05-11 13:00:00,60.58,60.61,60.44,60.59,23628
2011-05-11 13:15:00,60.6,60.62,60.53,60.54,31988
2011-05-11 13:30:00,60.53,60.54,60.38,60.42,30215
2011-05-11 13:45:00,60.41,60.465,60.3,60.31,32304
2011-05-11 14:00:00,60.32,60.36,60.19,60.21,28871
2011-05-11 14:15:00,60.21,60.34,60.21,60.33,25982
2011-05-11 14:30:00,60.33,60.35,60.255,60.28,28600
2011-05-11 14:45:00,60.27,60.55,60.27,60.5105,25885
2011-05-11 15:00:00,60.5,60.58,60.47,60.52,26704
2011-05-11 15:15:00,60.51,60.57,60.48,60.56,31936
2011-05-11 15:30:00,60.57,60.775,60.55,60.77,67337
2011-05-11 15:45:00,60.76,60.79,60.56,60.71,79418
2011-05-11 16:00:00,60.72,60.86,60.7,60.78,124518
2011-05-12 09:45:00,59.56,60.63,59.56,60.29,53759
2011-05-12 10:00:00,60.26,60.59,60.175,60.53,27588
2011-05-12 10:15:00,60.54,60.81,60.41,60.7,34669
2011-05-12 10:30:00,60.67,60.9,60.67,60.87,23346
2011-05-12 10:45:00,60.86,60.96,60.8,60.8,23995
2011-05-12 11:00:00,60.79,60.91,60.73,60.76,17193
2011-05-12 11:15:00,60.76,60.84,60.66,60.81,17050
2011-05-12 11:30:00,60.82,60.98,60.78,60.94,18193
2011-05-12 11:45:00,60.96,61.0,60.87,60.87,19327
2011-05-12 12:00:00,60.86,60.99,60.85,60.9,11668
2011-05-12 12:15:00,60.91,60.93,60.78,60.87,12301
2011-05-12 12:30:00,60.86,60.87,60.78,60.79,9314
2011-05-12 12:45:00,60.8,60.88,60.77,60.83,10197
2011-05-12 13:00:00,60.84,61.0,60.81,60.96,16048
2011-05-12 13:15:00,60.96,61.04,60.96,61.03,52162
2011-05-12 13:30:00,61.03,61.12,61.02,61.11,23511
2011-05-12 13:45:00,61.11,61.14,61.02,61.06,21379
2011-05-12 14:00:00,61.08,61.14,61.0,61.05,17945
2011-05-12 14:15:00,61.03,61.22,61.02,61.19,19390
2011-05-12 14:30:00,61.19,61.21,61.11,61.16,18049
2011-05-12 14:45:00,61.15,61.1501,61.03,61.0999,25859
2011-05-12 15:00:00,61.1,61.14,61.05,61.11,16795
2011-05-12 15:15:00,61.1,61.17,61.05,61.11,24004
2011-05-12 15:30:00,61.13,61.23,61.09,61.2,27974
2011-05-12 15:45:00,61.19,61.22,61.09,61.2,53221
2011-05-12 16:00:00,61.2,61.24,61.14,61.17,77254
2011-05-13 09:45:00,61.25,61.27,60.93,61.02,19297
2011-05-13 10:00:00,61.05,61.1768,60.93,60.99,31480
2011-05-13 10:15:00,61.01,61.13,60.89,60.95,27642
2011-05-13 10:30:00,60.95,61.17,60.89,61.15,26326
2011-05-13 10:45:00,61.11,61.29,61.1,61.2,22467
2011-05-13 11:00:00,61.18,61.18,61.03,61.05,14418
2011-05-13 11:15:00,61.06,61.06,60.82,60.87,32094
2011-05-13 11:30:00,60.86,60.89,60.65,60.76,19356
2011-05-13 11:45:00,60.75,60.78,60.64,60.75,21805
2011-05-13 12:00:00,60.75,60.85,60.7,60.74,18317
2011-05-13 12:15:00,60.74,60.79,60.53,60.54,13341
2011-05-13 12:30:00,60.58,60.645,60.53,60.64,22375
2011-05-13 12:45:00,60.645,60.77,60.63,60.73,14938
2011-05-13 13:00:00,60.73,60.77,60.62,60.62,18117
2011-05-13 13:15:00,60.66,60.7898,60.636,60.76,23931
2011-05-13 13:30:00,60.77,60.85,60.74,60.75,12359
2011-05-13 13:45:00,60.74,60.77,60.68,60.6989,13400
2011-05-13 14:00:00,60.71,60.77,60.71,60.76,13695
2011-05-13 14:15:00,60.76,60.86,60.71,60.85,15501
2011-05-13 14:30:00,60.84,60.92,60.8,60.88,21660
2011-05-13 14:45:00,60.88,60.95,60.85,60.85,17190
2011-05-13 15:00:00,60.85,60.93,60.84,60.89,20474
2011-05-13 15:15:00,60.91,60.94,60.86,60.93,25404
2011-05-13 15:30:00,60.92,60.95,60.86,60.93,34289
2011-05-13 15:45:00,60.92,60.97,60.87,60.902,50354
2011-05-13 16:00:00,60.91,60.94,60.85,60.9,90239
2011-05-16 09:45:00,61.13,61.13,60.51,60.71,46955
2011-05-16 10:00:00,60.71,60.71,60.31,60.43,78913
2011-05-16 10:15:00,60.46,60.64,60.35,60.43,64321
2011-05-16 10:30:00,60.4301,60.68,60.41,60.57,45968
2011-05-16 10:45:00,60.57,60.57,60.41,60.49,13836
2011-05-16 11:00:00,60.48,60.51,60.18,60.27,39139
2011-05-16 11:15:00,60.29,60.4,60.26,60.295,16480
2011-05-16 11:30:00,60.308,60.37,60.28,60.34,11819
2011-05-16 11:45:00,60.34,60.48,60.28,60.28,29516
2011-05-16 12:00:00,60.3,60.365,60.18,60.2,22236
2011-05-16 12:15:00,60.22,60.27,60.13,60.19,23335
2011-05-16 12:30:00,60.2,60.27,60.16,60.21,17019
2011-05-16 12:45:00,60.22,60.31,60.2,60.29,21020
2011-05-16 13:00:00,60.3,60.31,60.13,60.13,24161
2011-05-16 13:15:00,60.13,60.13399999999999,59.96,60.035,37423
2011-05-16 13:30:00,60.05,60.19,60.03,60.18,14285
2011-05-16 13:45:00,60.19,60.34,60.19,60.33,21872
2011-05-16 14:00:00,60.34,60.41,60.34,60.35,22312
2011-05-16 14:15:00,60.34,60.37,60.29,60.358000000000004,24852
2011-05-16 14:30:00,60.35,60.37,60.19,60.24,37210
2011-05-16 14:45:00,60.24,60.315,60.19,60.26,43417
2011-05-16 15:00:00,60.24,60.39,60.24,60.38,25063
2011-05-16 15:15:00,60.38,60.45,60.36,60.37,17299
2011-05-16 15:30:00,60.37,60.39,60.32,60.34,32811
2011-05-16 15:45:00,60.34,60.39,60.23,60.23,40630
2011-05-16 16:00:00,60.23,60.34,60.21,60.26,87549
2011-05-17 09:45:00,60.17,60.26,59.79,60.24,49127
2011-05-17 10:00:00,60.25,60.28,59.9,60.0,44000
2011-05-17 10:15:00,59.97,59.97,59.64,59.855,60710
2011-05-17 10:30:00,59.88,59.95,59.84,59.905,55846
2011-05-17 10:45:00,59.9,59.91,59.77,59.86,30515
2011-05-17 11:00:00,59.87,59.88,59.73,59.77,42387
2011-05-17 11:15:00,59.76,59.76,59.47,59.6,43452
2011-05-17 11:30:00,59.595,59.69,59.53,59.59,15604
2011-05-17 11:45:00,59.65,59.68,59.49,59.6,26127
2011-05-17 12:00:00,59.58,59.67,59.58,59.65,14041
2011-05-17 12:15:00,59.64,59.66,59.57,59.64,9903
2011-05-17 12:30:00,59.64,59.68,59.61,59.66,11563
2011-05-17 12:45:00,59.66,59.75,59.65,59.72,15161
2011-05-17 13:00:00,59.73,59.73,59.58,59.68,18701
2011-05-17 13:15:00,59.68,59.68,59.56,59.62,66508
2011-05-17 13:30:00,59.6,59.67,59.52,59.53,27414
2011-05-17 13:45:00,59.5307,59.6,59.5,59.56,24744
2011-05-17 14:00:00,59.56,59.56,59.45,59.49,33946
2011-05-17 14:15:00,59.49,59.6,59.49,59.58,32568
2011-05-17 14:30:00,59.58,59.6,59.5,59.53,39073
2011-05-17 14:45:00,59.52,59.59,59.47,59.49,29364
2011-05-17 15:00:00,59.48,59.61,59.46,59.6,27537
2011-05-17 15:15:00,59.6,59.61,59.5,59.55,109856
2011-05-17 15:30:00,59.55,59.57,59.47,59.49,88128
2011-05-17 15:45:00,59.5,59.52,59.41,59.44,117961
2011-05-17 16:00:00,59.43,59.54,59.43,59.51,158963
2011-05-18 09:45:00,59.37,59.6,59.2,59.44,79834
2011-05-18 10:00:00,59.44,59.62,59.42,59.48,42598
2011-05-18 10:15:00,59.47,59.62,59.4,59.59,37024
2011-05-18 10:30:00,59.58,59.7,59.51,59.69,49818
2011-05-18 10:45:00,59.7,59.76,59.59,59.6,34214
2011-05-18 11:00:00,59.6,59.74,59.6,59.67,42893
2011-05-18 11:15:00,59.67,59.7,59.63,59.66,22863
2011-05-18 11:30:00,59.66,59.7,59.61,59.61,16994
2011-05-18 11:45:00,59.58,59.61,59.53,59.6,20178
2011-05-18 12:00:00,59.6,59.62,59.56,59.58,16240
2011-05-18 12:15:00,59.59,59.6,59.49,59.595,15400
2011-05-18 12:30:00,59.6,59.615,59.57,59.59,13903
2011-05-18 12:45:00,59.59,59.65,59.59,59.6,9148
2011-05-18 13:00:00,59.61,59.67,59.6,59.6175,10522
2011-05-18 13:15:00,59.6198,59.73,59.6,59.68,17017
2011-05-18 13:30:00,59.69,59.69,59.64,59.64,11003
2011-05-18 13:45:00,59.64,59.705,59.63,59.68,14714
2011-05-18 14:00:00,59.68,59.76,59.62,59.75,32748
2011-05-18 14:15:00,59.74,59.81,59.69,59.7871,38040
2011-05-18 14:30:00,59.79,59.81,59.73,59.73,31756
2011-05-18 14:45:00,59.74,59.8,59.72,59.73,29416
2011-05-18 15:00:00,59.74,59.86,59.74,59.81,79451
2011-05-18 15:15:00,59.82,59.89,59.81,59.88,16317
2011-05-18 15:30:00,59.89,60.01,59.87,60.0,37268
2011-05-18 15:45:00,60.01,60.1,59.97,60.1,52551
2011-05-18 16:00:00,60.09,60.22,60.035,60.18,169731
2011-05-19 09:45:00,59.38,59.39,58.42,58.59,352950
2011-05-19 10:00:00,58.64,59.01,58.61,58.92,121519
2011-05-19 10:15:00,58.9,59.02,58.71,58.84,76811
2011-05-19 10:30:00,58.84,58.84,58.35,58.43,128757
2011-05-19 10:45:00,58.445,58.46,58.22,58.23,103696
2011-05-19 11:00:00,58.235,58.3,58.18,58.195,64574
2011-05-19 11:15:00,58.19,58.26,57.92,57.99,146690
2011-05-19 11:30:00,57.98,58.17,57.98,58.13,119432
2011-05-19 11:45:00,58.14,58.2906,58.14,58.27,69206
2011-05-19 12:00:00,58.27,58.405,58.27,58.38,55588
2011-05-19 12:15:00,58.375,58.5,58.37,58.49,54930
2011-05-19 12:30:00,58.5,58.55,58.44,58.5,47948
2011-05-19 12:45:00,58.51,58.55,58.4701,58.4977,45311
2011-05-19 13:00:00,58.5,58.57,58.48,58.57,19659
2011-05-19 13:15:00,58.56,58.68,58.552,58.5601,24391
2011-05-19 13:30:00,58.57,58.68,58.51,58.67,49410
2011-05-19 13:45:00,58.68,58.74,58.63,58.74,26735
2011-05-19 14:00:00,58.7499,58.84,58.66,58.67,80719
2011-05-19 14:15:00,58.67,58.68,58.545,58.61,106311
2011-05-19 14:30:00,58.61,58.67,58.52,58.538000000000004,73758
2011-05-19 14:45:00,58.53,58.63,58.45,58.61,85141
2011-05-19 15:00:00,58.61,58.66,58.565,58.6,41173
2011-05-19 15:15:00,58.59,58.81,58.59,58.74,173319
2011-05-19 15:30:00,58.74,58.74,58.625,58.65,57478
2011-05-19 15:45:00,58.65,58.74,58.645,58.681999999999995,101497
2011-05-19 16:00:00,58.69,58.7,58.57,58.6,294301
2011-05-20 09:45:00,58.42,58.42,57.67,57.67,141550
2011-05-20 10:00:00,57.67,57.97,57.64,57.75,88877
2011-05-20 10:15:00,57.75,57.82,57.65,57.72,122066
2011-05-20 10:30:00,57.72,57.89,57.69,57.88,29851
2011-05-20 10:45:00,57.89,57.98,57.73,57.74,35884
2011-05-20 11:00:00,57.74,57.75,57.67,57.7,118858
2011-05-20 11:15:00,57.7,57.77,57.62,57.63,37364
2011-05-20 11:30:00,57.63,57.72,57.63,57.69,30455
2011-05-20 11:45:00,57.69,57.72,57.65,57.695,79901
2011-05-20 12:00:00,57.69,57.73,57.68,57.68,84466
2011-05-20 12:15:00,57.67,57.83,57.67,57.81,36700
2011-05-20 12:30:00,57.81,57.91,57.76,57.88,92625
2011-05-20 12:45:00,57.87,57.99,57.87,57.95,35452
2011-05-20 13:00:00,57.94,57.94,57.79,57.81,16605
2011-05-20 13:15:00,57.82,57.83,57.74,57.75,279925
2011-05-20 13:30:00,57.75,57.87,57.75,57.86,43790
2011-05-20 13:45:00,57.86,58.05,57.855,57.98,196304
2011-05-20 14:00:00,57.98,58.0,57.9,57.99,25155
2011-05-20 14:15:00,58.0,58.16,58.0,58.1,89781
2011-05-20 14:30:00,58.1,58.11,58.02,58.1,30028
2011-05-20 14:45:00,58.09,58.33,58.09,58.33,45970
2011-05-20 15:00:00,58.33,58.375,58.0929,58.1,122070
2011-05-20 15:15:00,58.1,58.1,57.95,57.95,52419
2011-05-20 15:30:00,57.94,58.12,57.92,58.08,49445
2011-05-20 15:45:00,58.08,58.16,57.96,57.97,68395
2011-05-20 16:00:00,57.97,57.97,57.84,57.88,252528
2011-05-23 09:45:00,57.36,57.88,57.1144,57.625,109306
2011-05-23 10:00:00,57.63,58.0,57.53,57.99,228374
2011-05-23 10:15:00,57.99,58.265,57.97,58.25,60828
2011-05-23 10:30:00,58.25,58.28,58.14,58.21,77436
2011-05-23 10:45:00,58.22,58.28,58.21,58.27,44847
2011-05-23 11:00:00,58.26,58.44,58.25,58.36600000000001,30753
2011-05-23 11:15:00,58.37,58.49,58.35,58.44,34157
2011-05-23 11:30:00,58.43,58.495,58.39,58.44,63776
2011-05-23 11:45:00,58.45,58.52,58.35,58.5,28787
2011-05-23 12:00:00,58.50899999999999,58.57,58.44,58.47,30609
2011-05-23 12:15:00,58.47,58.54,58.46,58.52,25163
2011-05-23 12:30:00,58.5,58.54,58.47,58.54,28513
2011-05-23 12:45:00,58.54,58.55,58.44,58.455,29057
2011-05-23 13:00:00,58.46,58.55,58.45,58.52,33648
2011-05-23 13:15:00,58.53,58.57,58.49,58.55,24517
2011-05-23 13:30:00,58.56,58.59,58.51,58.58,29244
2011-05-23 13:45:00,58.56,58.69,58.55,58.65,44807
2011-05-23 14:00:00,58.65,58.78,58.64,58.72,57937
2011-05-23 14:15:00,58.72,59.23,58.71,59.18,266683
2011-05-23 14:30:00,59.18,59.45,59.11,59.38,209275
2011-05-23 14:45:00,59.38,59.46,59.26,59.31,85750
2011-05-23 15:00:00,59.31,59.3375,59.13,59.14,66431
2011-05-23 15:15:00,59.15,59.26,59.12,59.15,47642
2011-05-23 15:30:00,59.15,59.27,59.11,59.21,147426
2011-05-23 15:45:00,59.22,59.23,58.95,58.95,86887
2011-05-23 16:00:00,58.95,59.04,58.89,59.02,219765
2011-05-24 09:45:00,59.38,59.75,59.08,59.515,213224
2011-05-24 10:00:00,59.52,59.84,59.45,59.78,126008
2011-05-24 10:15:00,59.755,59.9,59.57,59.81,99011
2011-05-24 10:30:00,59.81,59.81,59.37,59.37,48167
2011-05-24 10:45:00,59.37,59.51,59.35,59.45,54225
2011-05-24 11:00:00,59.47,59.52,59.4,59.51,51198
2011-05-24 11:15:00,59.52,59.5699,59.47,59.54,43245
2011-05-24 11:30:00,59.54,59.56,59.44,59.48,46509
2011-05-24 11:45:00,59.47,59.57,59.43,59.45,40798
2011-05-24 12:00:00,59.44,59.455,59.38,59.44,45489
2011-05-24 12:15:00,59.43,59.455,59.39,59.455,30251
2011-05-24 12:30:00,59.455,59.455,59.29,59.29,21624
2011-05-24 12:45:00,59.28,59.295,59.23,59.27,39564
2011-05-24 13:00:00,59.27,59.27,59.21,59.22,26795
2011-05-24 13:15:00,59.23,59.28,59.21,59.27,21954
2011-05-24 13:30:00,59.26,59.26,59.18,59.2,31273
2011-05-24 13:45:00,59.2,59.27,59.16,59.26,35652
2011-05-24 14:00:00,59.25,59.28,59.19,59.21,40567
2011-05-24 14:15:00,59.22,59.29,59.21,59.28,31195
2011-05-24 14:30:00,59.28,59.37,59.24,59.35,48558
2011-05-24 14:45:00,59.35,59.36,59.27,59.29,40860
2011-05-24 15:00:00,59.29,59.3,59.26,59.265,49199
2011-05-24 15:15:00,59.265,59.32,59.23,59.31,79854
2011-05-24 15:30:00,59.3,59.33,59.27,59.29,50320
2011-05-24 15:45:00,59.295,59.32,59.1797,59.18,82876
2011-05-24 16:00:00,59.17,59.19,59.05,59.19,170396
2011-05-25 09:45:00,59.2,59.21,58.73,58.84,72195
2011-05-25 10:00:00,58.84,58.94,58.8,58.86,44276
2011-05-25 10:15:00,58.86,59.04,58.81,59.04,74073
2011-05-25 10:30:00,59.03,59.11,58.96,59.02,48744
2011-05-25 10:45:00,59.03,59.15,59.02,59.08,43009
2011-05-25 11:00:00,59.1,59.17,59.0601,59.09,9194
2011-05-25 11:15:00,59.08,59.19,59.08,59.18,15978
2011-05-25 11:30:00,59.18,59.2,59.13,59.16,14275
2011-05-25 11:45:00,59.17,59.25,59.08,59.25,16278
2011-05-25 12:00:00,59.25,59.29,59.25,59.29,13123
2011-05-25 12:15:00,59.28,59.39,59.28,59.39,16676
2011-05-25 12:30:00,59.39,59.42,59.36,59.41,15602
2011-05-25 12:45:00,59.42,59.49,59.41,59.47,18430
2011-05-25 13:00:00,59.48,59.5,59.4,59.43,16501
2011-05-25 13:15:00,59.44,59.45,59.36,59.39,26191
2011-05-25 13:30:00,59.4,59.48,59.3875,59.44,25503
2011-05-25 13:45:00,59.44,59.48,59.41,59.46,27982
2011-05-25 14:00:00,59.46,59.52,59.44,59.5,31033
2011-05-25 14:15:00,59.51,59.55,59.44,59.54,29791
2011-05-25 14:30:00,59.53,59.56,59.5,59.56,20192
2011-05-25 14:45:00,59.56,59.56399999999999,59.485,59.54,25094
2011-05-25 15:00:00,59.52,59.55,59.465,59.55,21150
2011-05-25 15:15:00,59.54,59.71,59.49,59.66,35478
2011-05-25 15:30:00,59.66,59.66,59.53,59.57,29041
2011-05-25 15:45:00,59.57,59.59,59.5,59.59,37556
2011-05-25 16:00:00,59.58,59.585,59.5,59.5,93461
2011-05-26 09:45:00,59.29,59.57,59.11,59.41,55623
2011-05-26 10:00:00,59.39,59.43,59.31,59.43,47037
2011-05-26 10:15:00,59.43,59.51,59.32,59.4,33334
2011-05-26 10:30:00,59.4,59.53,59.36,59.5,29475
2011-05-26 10:45:00,59.51,59.55,59.46,59.52,19373
2011-05-26 11:00:00,59.52,59.52,59.34,59.35,21403
2011-05-26 11:15:00,59.38,59.48,59.34,59.48,17048
2011-05-26 11:30:00,59.46,59.58,59.44,59.575,28284
2011-05-26 11:45:00,59.57,59.71,59.57,59.63,22839
2011-05-26 12:00:00,59.62,59.63,59.5,59.51,22138
2011-05-26 12:15:00,59.51,59.51,59.47,59.48,31298
2011-05-26 12:30:00,59.5,59.5,59.433,59.48,14093
2011-05-26 12:45:00,59.48,59.6,59.48,59.59,7126
2011-05-26 13:00:00,59.6,59.8,59.57,59.8,23908
2011-05-26 13:15:00,59.81,59.85,59.71,59.73,15109
2011-05-26 13:30:00,59.73,59.77,59.68,59.74,18800
2011-05-26 13:45:00,59.74,59.79,59.73,59.74,13821
2011-05-26 14:00:00,59.75,59.76,59.67,59.71,12916
2011-05-26 14:15:00,59.71,59.77,59.71,59.77,12669
2011-05-26 14:30:00,59.77,59.86,59.76,59.81,18809
2011-05-26 14:45:00,59.8,59.84,59.76,59.78,12235
2011-05-26 15:00:00,59.77,59.83,59.76,59.83,13049
2011-05-26 15:15:00,59.83,59.83,59.68,59.7,12966
2011-05-26 15:30:00,59.7,59.78,59.7,59.76,18529
2011-05-26 15:45:00,59.75,59.76,59.69,59.72,26305
2011-05-26 16:00:00,59.71,59.73,59.66,59.69,58392
2011-05-27 09:45:00,59.57,59.786,59.53,59.7,24548
2011-05-27 10:00:00,59.72,59.78,59.57,59.73,34333
2011-05-27 10:15:00,59.74,59.79,59.61,59.6599,25913
2011-05-27 10:30:00,59.646,59.9,59.646,59.85,23902
2011-05-27 10:45:00,59.82,59.831,59.75,59.77,8267
2011-05-27 11:00:00,59.77,59.86,59.76,59.82,5995
2011-05-27 11:15:00,59.83,59.9,59.81,59.81,8886
2011-05-27 11:30:00,59.81,59.9,59.8,59.86,7858
2011-05-27 11:45:00,59.86,59.86,59.78,59.8,9020
2011-05-27 12:00:00,59.8,59.87,59.79,59.86,8271
2011-05-27 12:15:00,59.86,59.87,59.64,59.66,16115
2011-05-27 12:30:00,59.65,59.79,59.64,59.78,6590
2011-05-27 12:45:00,59.79,59.79,59.69,59.76,10383
2011-05-27 13:00:00,59.76,59.78,59.67,59.7,17174
2011-05-27 13:15:00,59.69,59.78,59.69,59.7,9616
2011-05-27 13:30:00,59.69,59.74,59.68,59.74,7346
2011-05-27 13:45:00,59.74,59.745,59.68,59.7,13781
2011-05-27 14:00:00,59.69,59.71,59.65,59.65,9000
2011-05-27 14:15:00,59.65,59.6926,59.64,59.6602,12150
2011-05-27 14:30:00,59.6726,59.68,59.61,59.65,26189
2011-05-27 14:45:00,59.6558,59.69,59.62,59.62,9845
2011-05-27 15:00:00,59.62,59.68,59.62,59.66,10957
2011-05-27 15:15:00,59.67,59.71,59.62,59.69,16483
2011-05-27 15:30:00,59.67,59.67,59.6,59.65,21203
2011-05-27 15:45:00,59.64,59.68,59.61,59.61,32351
2011-05-27 16:00:00,59.62,59.708999999999996,59.58,59.69,57287
2011-05-31 09:45:00,59.93,60.09,59.67,59.83,67600
2011-05-31 10:00:00,59.84,59.91,59.72,59.81,50765
2011-05-31 10:15:00,59.805,59.82,59.6765,59.71,34411
2011-05-31 10:30:00,59.72,59.74,59.65,59.71,30764
2011-05-31 10:45:00,59.7,59.73,59.655,59.68,12941
2011-05-31 11:00:00,59.7,59.74,59.61,59.66,16696
2011-05-31 11:15:00,59.66,59.71,59.61,59.705,17684
2011-05-31 11:30:00,59.69,59.77,59.67,59.76,95945
2011-05-31 11:45:00,59.76,59.8201,59.74,59.8,14710
2011-05-31 12:00:00,59.79,59.89,59.79,59.82,34698
2011-05-31 12:15:00,59.8298,59.86,59.8,59.83,17414
2011-05-31 12:30:00,59.8301,59.86,59.81,59.82,7608
2011-05-31 12:45:00,59.83,59.84,59.76,59.78,7603
2011-05-31 13:00:00,59.79,59.84,59.78,59.78,10793
2011-05-31 13:15:00,59.75,59.79,59.73,59.75,14332
2011-05-31 13:30:00,59.75,59.76,59.71,59.72,6840
2011-05-31 13:45:00,59.72,59.77,59.7,59.74,21494
2011-05-31 14:00:00,59.75,59.86,59.74,59.77,30231
2011-05-31 14:15:00,59.78,59.82,59.74,59.79,65946
2011-05-31 14:30:00,59.78,59.83,59.78,59.82,17468
2011-05-31 14:45:00,59.82,59.88,59.81,59.87,12640
2011-05-31 15:00:00,59.86,59.87,59.725,59.73,14900
2011-05-31 15:15:00,59.73,59.8,59.7,59.79,35842
2011-05-31 15:30:00,59.79,59.85,59.7,59.83,28605
2011-05-31 15:45:00,59.831,59.85,59.68,59.85,61055
2011-05-31 16:00:00,59.85,60.11,59.84,60.11,182260
2011-06-01 09:45:00,59.9,60.1799,59.47,60.07,46596
2011-06-01 10:00:00,60.08,60.14,59.99,60.07,33917
2011-06-01 10:15:00,60.04,60.23,60.0,60.02,37310
2011-06-01 10:30:00,60.0,60.14,60.0,60.1,31959
2011-06-01 10:45:00,60.1,60.16,60.05,60.14,33967
2011-06-01 11:00:00,60.15,60.16,60.1,60.15,30157
2011-06-01 11:15:00,60.15,60.18,60.111999999999995,60.14,19200
2011-06-01 11:30:00,60.15,60.33,60.119,60.33,44102
2011-06-01 11:45:00,60.31,60.34,60.17,60.18,15877
2011-06-01 12:00:00,60.17,60.17,60.06,60.1,12845
2011-06-01 12:15:00,60.11,60.14,59.97,60.0,33141
2011-06-01 12:30:00,60.0,60.0,59.88,59.98,27080
2011-06-01 12:45:00,59.98,59.99,59.96,59.96,11974
2011-06-01 13:00:00,59.9835,59.99,59.91,59.93,28412
2011-06-01 13:15:00,59.94,59.98,59.84,59.86,29791
2011-06-01 13:30:00,59.86,59.86,59.67,59.71,34720
2011-06-01 13:45:00,59.7,59.74,59.65,59.73,48186
2011-06-01 14:00:00,59.73,59.73,59.67,59.7,19537
2011-06-01 14:15:00,59.695,59.72,59.67,59.69,19673
2011-06-01 14:30:00,59.7,59.72,59.63,59.65,20771
2011-06-01 14:45:00,59.63,59.63,59.55,59.63,31922
2011-06-01 15:00:00,59.63,59.68,59.56,59.66,27903
2011-06-01 15:15:00,59.66,59.66,59.53,59.54,26397
2011-06-01 15:30:00,59.53,59.54,59.49,59.52,47314
2011-06-01 15:45:00,59.52,59.54,59.5,59.5,76213
2011-06-01 16:00:00,59.5,59.53,59.43,59.5,225517
2011-06-02 09:45:00,59.31,59.47,59.03,59.21,155130
2011-06-02 10:00:00,59.21,59.48,59.04,59.43,79658
2011-06-02 10:15:00,59.43,59.555,59.37,59.54,53120
2011-06-02 10:30:00,59.54,59.57,59.35,59.49,41457
2011-06-02 10:45:00,59.51,59.51,59.32,59.42,27401
2011-06-02 11:00:00,59.43,59.51,59.39,59.47,23659
2011-06-02 11:15:00,59.46,59.56,59.46,59.52,25106
2011-06-02 11:30:00,59.51,59.52,59.39,59.43,50597
2011-06-02 11:45:00,59.42,59.54,59.39,59.51,65594
2011-06-02 12:00:00,59.51,59.52,59.36,59.4,49074
2011-06-02 12:15:00,59.39,59.44,59.38,59.415,28206
2011-06-02 12:30:00,59.425,59.5,59.39,59.41,22424
2011-06-02 12:45:00,59.41,59.44,59.33,59.43,22461
2011-06-02 13:00:00,59.42,59.51,59.37,59.48,20361
2011-06-02 13:15:00,59.47,59.57,59.43,59.45,14746
2011-06-02 13:30:00,59.45,59.54,59.43,59.49,14500
2011-06-02 13:45:00,59.49,59.49,59.3865,59.4,39955
2011-06-02 14:00:00,59.4,59.43,59.32,59.39,25738
2011-06-02 14:15:00,59.39,59.475,59.37,59.47,19096
2011-06-02 14:30:00,59.46,59.53,59.43,59.49,39591
2011-06-02 14:45:00,59.48,59.57,59.47,59.53,29729
2011-06-02 15:00:00,59.53,59.65,59.51,59.625,26138
2011-06-02 15:15:00,59.61,59.62,59.54,59.55,33441
2011-06-02 15:30:00,59.54,59.545,59.45,59.46,39899
2011-06-02 15:45:00,59.46,59.53,59.41,59.53,51940
2011-06-02 16:00:00,59.53,59.61,59.51,59.56,146100
2011-06-03 09:45:00,59.01,59.32,58.79,59.055,68469
2011-06-03 10:00:00,59.08,59.14,59.0,59.04,86703
2011-06-03 10:15:00,59.06,59.17,59.04,59.1,31864
2011-06-03 10:30:00,59.09,59.2,59.03,59.19,32315
2011-06-03 10:45:00,59.19,59.31,59.17,59.29,23524
2011-06-03 11:00:00,59.3,59.37,59.26,59.31,17712
2011-06-03 11:15:00,59.31,59.31,59.04,59.13,26431
2011-06-03 11:30:00,59.1115,59.22,59.06,59.07,22590
2011-06-03 11:45:00,59.09,59.14,59.04,59.08,41016
2011-06-03 12:00:00,59.08,59.11,59.0,59.1,33174
2011-06-03 12:15:00,59.12,59.2,59.01,59.06,16495
2011-06-03 12:30:00,59.05,59.09,59.01,59.09,14004
2011-06-03 12:45:00,59.09,59.21,59.08,59.19,22358
2011-06-03 13:00:00,59.22,59.24,59.165,59.21,18300
2011-06-03 13:15:00,59.2,59.23,59.15,59.15,13805
2011-06-03 13:30:00,59.15,59.18,59.11,59.15,21561
2011-06-03 13:45:00,59.17,59.17,59.1001,59.135,23343
2011-06-03 14:00:00,59.1302,59.17,59.07,59.09,18657
2011-06-03 14:15:00,59.09,59.14,59.04,59.14,30957
2011-06-03 14:30:00,59.14,59.16,59.1,59.1,23720
2011-06-03 14:45:00,59.09,59.13,59.05,59.1,20762
2011-06-03 15:00:00,59.1,59.12,59.03,59.04,32269
2011-06-03 15:15:00,59.04,59.09,58.92,58.96,65071
2011-06-03 15:30:00,58.96,59.01,58.93,58.99,48651
2011-06-03 15:45:00,58.98,59.11,58.95,59.1,80665
2011-06-03 16:00:00,59.0999,59.1,58.9,59.05,204875
2011-06-06 09:45:00,58.78,59.09,58.58,59.04,48554
2011-06-06 10:00:00,59.03,59.1,58.96,59.02,32379
2011-06-06 10:15:00,59.02,59.04,58.85,59.0,53791
2011-06-06 10:30:00,59.0,59.05,58.92,59.0,35996
2011-06-06 10:45:00,59.0,59.03,58.81,58.81,21938
2011-06-06 11:00:00,58.8325,59.01,58.81,58.9301,38974
2011-06-06 11:15:00,58.95,59.05,58.94,58.98,78249
2011-06-06 11:30:00,58.98,59.1,58.98,59.05,18508
2011-06-06 11:45:00,59.05,59.09,58.98,58.98,19670
2011-06-06 12:00:00,58.97,59.08,58.96,59.025,14651
2011-06-06 12:15:00,59.005,59.025,58.95,58.96,11019
2011-06-06 12:30:00,58.96,59.0525,58.93,59.05,22648
2011-06-06 12:45:00,59.05,59.065,58.98,58.99,19438
2011-06-06 13:00:00,58.99,59.11,58.99,59.095,16849
2011-06-06 13:15:00,59.086000000000006,59.15,59.01,59.14,20541
2011-06-06 13:30:00,59.13,59.16,59.11,59.15,17500
2011-06-06 13:45:00,59.15,59.16,58.94,58.96,32830
2011-06-06 14:00:00,58.95,59.05,58.9,58.98,30654
2011-06-06 14:15:00,58.99,59.07,58.98,59.0,24572
2011-06-06 14:30:00,58.99,59.08,58.99,59.07,34027
2011-06-06 14:45:00,59.08,59.16,59.05,59.16,33426
2011-06-06 15:00:00,59.16,59.18,58.96,59.06,51140
2011-06-06 15:15:00,59.06,59.08,58.88,58.93,54312
2011-06-06 15:30:00,58.93,58.94,58.79,58.825,84008
2011-06-06 15:45:00,58.84,58.98,58.84,58.94,53245
2011-06-06 16:00:00,58.93,59.03,58.91,58.95,243400
2011-06-07 09:45:00,59.0,59.59,58.9,59.485,121737
2011-06-07 10:00:00,59.48,59.53,59.15,59.31,134502
2011-06-07 10:15:00,59.33,59.51,59.33,59.48,66802
2011-06-07 10:30:00,59.47,59.52,59.34,59.44,62796
2011-06-07 10:45:00,59.45,59.52,59.41,59.51,36509
2011-06-07 11:00:00,59.51,59.57,59.49,59.57,19697
2011-06-07 11:15:00,59.54,59.57,59.39,59.47,35892
2011-06-07 11:30:00,59.475,59.56,59.37,59.39,298329
2011-06-07 11:45:00,59.39,59.44,59.33,59.415,48491
2011-06-07 12:00:00,59.4,59.43,59.36,59.43,53580
2011-06-07 12:15:00,59.44,59.4792,59.41,59.47,28097
2011-06-07 12:30:00,59.47,59.47,59.36,59.36,34925
2011-06-07 12:45:00,59.37,59.46,59.36,59.37,46059
2011-06-07 13:00:00,59.37,59.45,59.32,59.45,21578
2011-06-07 13:15:00,59.45,59.48,59.39,59.44,28351
2011-06-07 13:30:00,59.45,59.52,59.41,59.42,20818
2011-06-07 13:45:00,59.41,59.62,59.41,59.61,21010
2011-06-07 14:00:00,59.61,59.7,59.6,59.69,51821
2011-06-07 14:15:00,59.69,59.74,59.64,59.68,45306
2011-06-07 14:30:00,59.68,59.76,59.64,59.67,23159
2011-06-07 14:45:00,59.67,59.675,59.59,59.62,26422
2011-06-07 15:00:00,59.63,59.66,59.51,59.5523,20818
2011-06-07 15:15:00,59.56,59.57,59.47,59.52,32173
2011-06-07 15:30:00,59.52,59.52,59.41,59.46,41071
2011-06-07 15:45:00,59.45,59.59,59.43,59.48,82705
2011-06-07 16:00:00,59.47,59.55,59.39,59.47,333540
2011-06-08 09:45:00,59.46,59.46,59.05,59.14,93016
2011-06-08 10:00:00,59.14,59.26,59.09,59.11,74784
2011-06-08 10:15:00,59.11,59.32,59.11,59.32,118489
2011-06-08 10:30:00,59.33,59.4,59.17,59.19,115550
2011-06-08 10:45:00,59.17,59.28,59.15,59.26,63648
2011-06-08 11:00:00,59.26,59.36,59.21,59.28,30774
2011-06-08 11:15:00,59.28,59.35,59.1,59.14,54585
2011-06-08 11:30:00,59.14,59.15,58.92,58.96,38834
2011-06-08 11:45:00,58.9612,59.06,58.96,59.0,74160
2011-06-08 12:00:00,59.0,59.13,58.99,59.1,18225
2011-06-08 12:15:00,59.11,59.13,59.02,59.03,16954
2011-06-08 12:30:00,59.02,59.04,58.95,59.0,26757
2011-06-08 12:45:00,59.01,59.02,58.94,58.99,19383
2011-06-08 13:00:00,59.0,59.07,58.995,59.07,32541
2011-06-08 13:15:00,59.06,59.07,58.96,58.97,18183
2011-06-08 13:30:00,58.96,59.02,58.92,59.01,26051
2011-06-08 13:45:00,59.01,59.05,58.85,58.9,37627
2011-06-08 14:00:00,58.89,58.95,58.82,58.88,38499
2011-06-08 14:15:00,58.88399999999999,58.98,58.85,58.9,42629
2011-06-08 14:30:00,58.91,58.9694,58.89,58.92,37294
2011-06-08 14:45:00,58.93,59.05,58.92,58.96,85871
2011-06-08 15:00:00,58.96,59.07,58.91,59.0,25583
2011-06-08 15:15:00,59.01,59.03,58.9,58.95,30293
2011-06-08 15:30:00,58.95,58.97,58.87,58.93,114701
2011-06-08 15:45:00,58.93,58.99,58.89,58.95,64019
2011-06-08 16:00:00,58.94,59.04,58.91,58.98,140474
2011-06-09 09:45:00,58.91,59.06,58.71,59.0,42847
2011-06-09 10:00:00,59.0,59.25,59.0,59.13,41265
2011-06-09 10:15:00,59.16,59.37,59.16,59.35,22110
2011-06-09 10:30:00,59.34,59.45,59.28,59.37,24838
2011-06-09 10:45:00,59.37,59.55,59.37,59.51,37234
2011-06-09 11:00:00,59.52,59.61,59.48,59.5,21277
2011-06-09 11:15:00,59.51,59.68,59.5,59.56,25190
2011-06-09 11:30:00,59.56,59.58,59.46,59.5,19116
2011-06-09 11:45:00,59.51,59.59,59.43,59.44,18856
2011-06-09 12:00:00,59.44,59.57,59.44,59.54,25599
2011-06-09 12:15:00,59.56,59.75,59.55,59.73,19338
2011-06-09 12:30:00,59.75,59.9,59.74,59.77,15911
2011-06-09 12:45:00,59.76,59.77,59.56,59.64,17076
2011-06-09 13:00:00,59.64,59.65,59.57,59.57,8746
2011-06-09 13:15:00,59.58,59.645,59.53,59.55,11359
2011-06-09 13:30:00,59.54,59.56,59.48,59.48,19482
2011-06-09 13:45:00,59.48,59.52,59.45,59.49,12402
2011-06-09 14:00:00,59.5,59.52,59.46,59.48,21173
2011-06-09 14:15:00,59.46,59.6,59.46,59.6,19660
2011-06-09 14:30:00,59.6,59.73,59.595,59.73,58436
2011-06-09 14:45:00,59.72,59.75,59.7,59.75,18156
2011-06-09 15:00:00,59.75,59.88,59.745,59.85,57521
2011-06-09 15:15:00,59.85,59.89,59.82,59.89,44535
2011-06-09 15:30:00,59.88,59.9,59.8,59.87,49822
2011-06-09 15:45:00,59.88,59.89,59.76,59.78,44331
2011-06-09 16:00:00,59.77,59.81,59.67,59.77,161151
2011-06-10 09:45:00,59.75,59.75,59.36,59.53,36465
2011-06-10 10:00:00,59.54,59.62,59.42,59.51,20133
2011-06-10 10:15:00,59.51,59.54,59.4,59.53,23754
2011-06-10 10:30:00,59.51,59.629,59.43,59.629,13821
2011-06-10 10:45:00,59.62,59.62,59.45,59.55,49071
2011-06-10 11:00:00,59.5192,59.52,59.45,59.45,16716
2011-06-10 11:15:00,59.46,59.46,59.25,59.34,43070
2011-06-10 11:30:00,59.32,59.6,59.32,59.51,44025
2011-06-10 11:45:00,59.501000000000005,59.6,59.47,59.59,38008
2011-06-10 12:00:00,59.6,59.64,59.5,59.57,55284
2011-06-10 12:15:00,59.58,59.61,59.55,59.56,11771
2011-06-10 12:30:00,59.56,59.59,59.5,59.51,18765
2011-06-10 12:45:00,59.51,59.61,59.51,59.58,17530
2011-06-10 13:00:00,59.56,59.63,59.56,59.59,10025
2011-06-10 13:15:00,59.59,59.59,59.5,59.51,63898
2011-06-10 13:30:00,59.5,59.54,59.5,59.52,17707
2011-06-10 13:45:00,59.5,59.53,59.36,59.36,21612
2011-06-10 14:00:00,59.34,59.49,59.34,59.38,25682
2011-06-10 14:15:00,59.38,59.52,59.3704,59.5,53563
2011-06-10 14:30:00,59.5,59.53,59.43,59.49,25725
2011-06-10 14:45:00,59.48,59.54,59.45,59.49,45489
2011-06-10 15:00:00,59.49,59.63,59.47,59.6104,17813
2011-06-10 15:15:00,59.62,59.62,59.51,59.532,54812
2011-06-10 15:30:00,59.53,59.6,59.48,59.49,29634
2011-06-10 15:45:00,59.49,59.51,59.37,59.39,74640
2011-06-10 16:00:00,59.39,59.39,59.22,59.25,135979
2011-06-13 09:45:00,59.2,59.68,59.16,59.6,31964
2011-06-13 10:00:00,59.6,59.72,59.5,59.69,15953
2011-06-13 10:15:00,59.66,59.83,59.59,59.8,17597
2011-06-13 10:30:00,59.81,59.89,59.6901,59.88,14371
2011-06-13 10:45:00,59.86,59.87,59.55,59.56,20354
2011-06-13 11:00:00,59.55,59.56,59.4,59.43,19229
2011-06-13 11:15:00,59.42,59.47,59.26,59.335,103301
2011-06-13 11:30:00,59.35,59.5075,59.28,59.5075,32714
2011-06-13 11:45:00,59.5,59.5,59.35,59.37,24598
2011-06-13 12:00:00,59.37,59.37,59.27,59.33,17338
2011-06-13 12:15:00,59.33,59.41,59.32,59.38,15520
2011-06-13 12:30:00,59.4,59.42,59.32,59.403,13329
2011-06-13 12:45:00,59.41,59.57,59.41,59.53,15027
2011-06-13 13:00:00,59.54,59.5714,59.52,59.54,8621
2011-06-13 13:15:00,59.53,59.53,59.3,59.44,24473
2011-06-13 13:30:00,59.44,59.56,59.44,59.53,14930
2011-06-13 13:45:00,59.52,59.68,59.49,59.63399999999999,14035
2011-06-13 14:00:00,59.63,59.68,59.54,59.6301,18913
2011-06-13 14:15:00,59.65,59.67,59.57,59.57,14517
2011-06-13 14:30:00,59.57,59.62,59.53,59.54,18204
2011-06-13 14:45:00,59.54,59.56,59.44,59.56,30249
2011-06-13 15:00:00,59.57,59.58,59.48,59.482,23632
2011-06-13 15:15:00,59.49,59.58,59.48,59.5,33705
2011-06-13 15:30:00,59.49,59.56,59.47,59.52,27767
2011-06-13 15:45:00,59.51,59.52,59.44,59.49,55824
2011-06-13 16:00:00,59.48,59.51,59.4,59.51,121038
2011-06-14 09:45:00,59.74,59.96,59.48,59.76,81803
2011-06-14 10:00:00,59.76,59.98,59.76,59.92,30756
2011-06-14 10:15:00,59.9,60.07,59.9,60.04,35365
2011-06-14 10:30:00,60.03,60.32,60.03,60.32,25343
2011-06-14 10:45:00,60.3374,60.46,60.33,60.42,19565
2011-06-14 11:00:00,60.43,60.5,60.39,60.46,24692
2011-06-14 11:15:00,60.45,60.4571,60.38,60.4,37061
2011-06-14 11:30:00,60.38,60.4275,60.28,60.31,31431
2011-06-14 11:45:00,60.31,60.37,60.28,60.34,26289
2011-06-14 12:00:00,60.35,60.35,60.16,60.23,25558
2011-06-14 12:15:00,60.23,60.24,60.16,60.2,17399
2011-06-14 12:30:00,60.2,60.23,60.16,60.23,15212
2011-06-14 12:45:00,60.23,60.24,60.155,60.18,23360
2011-06-14 13:00:00,60.17,60.21,60.15,60.18,18350
2011-06-14 13:15:00,60.17,60.17,60.09,60.13,24011
2011-06-14 13:30:00,60.14,60.16,60.101000000000006,60.11,11048
2011-06-14 13:45:00,60.12,60.2,60.06,60.105,85747
2011-06-14 14:00:00,60.105,60.105,60.01,60.09,21753
2011-06-14 14:15:00,60.08,60.125,60.05,60.1,12326
2011-06-14 14:30:00,60.08,60.12,59.99,59.995,53349
2011-06-14 14:45:00,60.0,60.07,59.97,60.06,58548
2011-06-14 15:00:00,60.06,60.125,60.05,60.1,46762
2011-06-14 15:15:00,60.1,60.105,60.06,60.1,29770
2011-06-14 15:30:00,60.1,60.138999999999996,60.03,60.03,54142
2011-06-14 15:45:00,60.03,60.035,59.985,59.985,110822
2011-06-14 16:00:00,59.98,60.08,59.93,60.05,214924
2011-06-15 09:45:00,59.62,59.96,59.51,59.949,25321
2011-06-15 10:00:00,59.9,59.99,59.83,59.89,16071
2011-06-15 10:15:00,59.89,60.08,59.85,59.96,13855
2011-06-15 10:30:00,59.98,60.01,59.79,59.83,13109
2011-06-15 10:45:00,59.83,59.97,59.73,59.951,32872
2011-06-15 11:00:00,60.0,60.02,59.85,59.9501,12191
2011-06-15 11:15:00,59.94,60.06,59.89,60.02,16202
2011-06-15 11:30:00,60.01,60.05,59.95,60.0,12551
2011-06-15 11:45:00,60.0,60.0,59.81,59.895,26167
2011-06-15 12:00:00,59.85,59.94,59.8019,59.89,41753
2011-06-15 12:15:00,59.8805,59.98,59.84,59.94,27024
2011-06-15 12:30:00,59.93,59.93,59.71,59.79,34256
2011-06-15 12:45:00,59.795,59.92,59.79,59.9,24942
2011-06-15 13:00:00,59.86,59.94,59.77,59.79,23136
2011-06-15 13:15:00,59.82,59.91,59.81,59.85,11912
2011-06-15 13:30:00,59.84,59.9,59.78,59.89,13498
2011-06-15 13:45:00,59.89,59.92,59.79,59.88,8831
2011-06-15 14:00:00,59.89,59.9,59.79,59.9,11069
2011-06-15 14:15:00,59.894,60.08,59.894,60.08,37284
2011-06-15 14:30:00,60.06,60.06,59.95,59.99,35577
2011-06-15 14:45:00,60.0,60.14,60.0,60.11,23123
2011-06-15 15:00:00,60.1,60.12,59.96,60.0,36977
2011-06-15 15:15:00,60.0,60.035,59.88,59.93,29629
2011-06-15 15:30:00,59.94,60.06,59.84,60.03,33589
2011-06-15 15:45:00,60.04,60.06,59.96,60.06,36995
2011-06-15 16:00:00,60.05,60.15,59.95,59.96,107393
2011-06-16 09:45:00,60.25,60.43,60.0225,60.4,56543
2011-06-16 10:00:00,60.38,60.38,60.12,60.15,31727
2011-06-16 10:15:00,60.16,60.46,59.92,60.44,48344
2011-06-16 10:30:00,60.44,60.46,60.09,60.1303,42770
2011-06-16 10:45:00,60.14,60.17,60.08,60.17,37852
2011-06-16 11:00:00,60.19,60.19,60.05,60.16,22573
2011-06-16 11:15:00,60.15,60.1864,60.1,60.18,24566
2011-06-16 11:30:00,60.19,60.36,60.19,60.32,24478
2011-06-16 11:45:00,60.34,60.395,60.3,60.35,25599
2011-06-16 12:00:00,60.36,60.48,60.35,60.44,15967
2011-06-16 12:15:00,60.42,60.49,60.42,60.48,19867
2011-06-16 12:30:00,60.47,60.49,60.41,60.47,15048
2011-06-16 12:45:00,60.47,60.48,60.42,60.44,15949
2011-06-16 13:00:00,60.43,60.5,60.43,60.48,13924
2011-06-16 13:15:00,60.48,60.5,60.44,60.5,19793
2011-06-16 13:30:00,60.5,60.51,60.43,60.5,26467
2011-06-16 13:45:00,60.494,60.494,60.43,60.434,17111
2011-06-16 14:00:00,60.43,60.51,60.43,60.49,28163
2011-06-16 14:15:00,60.49,60.54,60.47,60.54,33556
2011-06-16 14:30:00,60.53,60.64,60.5,60.61,38369
2011-06-16 14:45:00,60.61,60.65,60.59,60.62,59884
2011-06-16 15:00:00,60.61,60.76,60.59,60.735,86556
2011-06-16 15:15:00,60.73,61.1,60.72,61.01,164740
2011-06-16 15:30:00,61.01,61.2,60.99,61.2,87346
2011-06-16 15:45:00,61.19,61.29,61.14,61.15,100176
2011-06-16 16:00:00,61.14,61.25,61.13,61.18,167991
2011-06-17 09:45:00,61.9,62.29,61.54,62.23,322160
2011-06-17 10:00:00,62.23,62.26,61.8,62.02,53332
2011-06-17 10:15:00,62.03,62.45,62.0,62.32,40037
2011-06-17 10:30:00,62.3101,62.38,61.76,61.83,70027
2011-06-17 10:45:00,61.86,62.0,61.81,61.964,99864
2011-06-17 11:00:00,61.96,62.01,61.87,61.87,56475
2011-06-17 11:15:00,61.88,61.88,61.7435,61.83,38972
2011-06-17 11:30:00,61.835,61.86,61.75,61.81,39953
2011-06-17 11:45:00,61.83,61.96,61.73,61.92,22926
2011-06-17 12:00:00,61.93,62.1029,61.93,62.05,36800
2011-06-17 12:15:00,62.04,62.08,62.011,62.04,32651
2011-06-17 12:30:00,62.06,62.1,61.9,61.99,56066
2011-06-17 12:45:00,62.0,62.0,61.88,61.95,33789
2011-06-17 13:00:00,61.96,62.04,61.91,62.04,23100
2011-06-17 13:15:00,62.02,62.06,61.97,62.02,36427
2011-06-17 13:30:00,62.02,62.06,62.0,62.06,22388
2011-06-17 13:45:00,62.04,62.14,62.0,62.035,36038
2011-06-17 14:00:00,62.02,62.12,61.98,62.09,58508
2011-06-17 14:15:00,62.08,62.19,62.05,62.09,45670
2011-06-17 14:30:00,62.09,62.27,62.09,62.26,29480
2011-06-17 14:45:00,62.28,62.34,62.13,62.13,37803
2011-06-17 15:00:00,62.13,62.18,62.07,62.09,22617
2011-06-17 15:15:00,62.07,62.12,61.845,61.875,58648
2011-06-17 15:30:00,61.88,61.94,61.72,61.87,71939
2011-06-17 15:45:00,61.87,62.1,61.87,62.07,80789
2011-06-17 16:00:00,62.07,62.17,62.0,62.02,178468
2011-06-20 09:45:00,61.94,62.35,61.88,62.3,39230
2011-06-20 10:00:00,62.28,62.68,62.28,62.67,62406
2011-06-20 10:15:00,62.67,62.81,62.51,62.68,41362
2011-06-20 10:30:00,62.68,62.79,62.58,62.59,59857
2011-06-20 10:45:00,62.61,62.71,62.46,62.46,58239
2011-06-20 11:00:00,62.47,62.6685,62.46,62.64,40673
2011-06-20 11:15:00,62.64,62.65,62.59,62.605,29903
2011-06-20 11:30:00,62.6,62.72,62.59,62.64,24091
2011-06-20 11:45:00,62.63,62.71,62.6,62.64,39421
2011-06-20 12:00:00,62.66,62.82,62.66,62.79,26758
2011-06-20 12:15:00,62.8,62.81,62.69,62.72,19506
2011-06-20 12:30:00,62.73,62.91,62.67,62.8815,34284
2011-06-20 12:45:00,62.91,62.91,62.81,62.81,11631
2011-06-20 13:00:00,62.81,62.93,62.77,62.93,32926
2011-06-20 13:15:00,62.93,62.97,62.88,62.895,33730
2011-06-20 13:30:00,62.9,62.94,62.88,62.9,26594
2011-06-20 13:45:00,62.9,62.96,62.89,62.9,18363
2011-06-20 14:00:00,62.91,62.92,62.89,62.9,30379
2011-06-20 14:15:00,62.9,62.945,62.87,62.87,43138
2011-06-20 14:30:00,62.85,62.86,62.795,62.8,21714
2011-06-20 14:45:00,62.81,62.85,62.79,62.79,29083
2011-06-20 15:00:00,62.8,62.83,62.73,62.79,30279
2011-06-20 15:15:00,62.78,62.86,62.7666,62.81,48691
2011-06-20 15:30:00,62.82,62.89,62.78,62.83,36869
2011-06-20 15:45:00,62.85,63.0,62.84,62.99,85961
2011-06-20 16:00:00,62.99,63.03,62.89,63.0,107790
2011-06-21 09:45:00,63.16,63.21,62.55,62.908,89395
2011-06-21 10:00:00,62.86,63.2,62.86,63.1201,122709
2011-06-21 10:15:00,63.13,63.37,63.1,63.27,44795
2011-06-21 10:30:00,63.28,63.34,63.2401,63.3,16545
2011-06-21 10:45:00,63.3,63.35,63.24,63.24,24727
2011-06-21 11:00:00,63.24,63.3997,63.23,63.26,72441
2011-06-21 11:15:00,63.26,63.36,63.22,63.22,47101
2011-06-21 11:30:00,63.22,63.305,63.17,63.27,18765
2011-06-21 11:45:00,63.26,63.29,63.15,63.15,31735
2011-06-21 12:00:00,63.1567,63.23,63.12,63.17,39623
2011-06-21 12:15:00,63.18,63.21,63.13,63.13,38393
2011-06-21 12:30:00,63.14,63.2271,63.13,63.18,23485
2011-06-21 12:45:00,63.181999999999995,63.29,63.181999999999995,63.28,20029
2011-06-21 13:00:00,63.27,63.45,63.26,63.43,41872
2011-06-21 13:15:00,63.44,63.46,63.36,63.42,24180
2011-06-21 13:30:00,63.43,63.475,63.4,63.415,20999
2011-06-21 13:45:00,63.41,63.43,63.35,63.355,27756
2011-06-21 14:00:00,63.36,63.36,63.23,63.25,73408
2011-06-21 14:15:00,63.24,63.5,63.22,63.4933,144984
2011-06-21 14:30:00,63.5,63.56,63.45,63.45,30090
2011-06-21 14:45:00,63.45,63.57,63.42,63.5672,44144
2011-06-21 15:00:00,63.55,63.69,63.54,63.64,71050
2011-06-21 15:15:00,63.63,63.64,63.56,63.57,29106
2011-06-21 15:30:00,63.57,63.62,63.54,63.56,29906
2011-06-21 15:45:00,63.56,63.66,63.56,63.61,38582
2011-06-21 16:00:00,63.61,63.75,63.61,63.75,99196
2011-06-22 09:45:00,63.62,64.4651,63.61,64.3,67477
2011-06-22 10:00:00,64.36,64.36,63.82,63.9399,68761
2011-06-22 10:15:00,63.9399,64.37,63.92,64.09,87777
2011-06-22 10:30:00,64.09,64.19,63.98,64.13,30305
2011-06-22 10:45:00,64.13,64.18,64.07,64.15,26622
2011-06-22 11:00:00,64.17,64.43,64.15,64.38,47455
2011-06-22 11:15:00,64.38,64.53,64.344,64.51,53166
2011-06-22 11:30:00,64.5,64.61,64.32,64.37,33419
2011-06-22 11:45:00,64.38,64.39,64.22,64.28,32713
2011-06-22 12:00:00,64.28,64.359,64.27,64.345,21457
2011-06-22 12:15:00,64.34,64.34,64.19,64.26100000000001,20056
2011-06-22 12:30:00,64.27,64.3,64.15,64.19,7638
2011-06-22 12:45:00,64.19,64.19,63.95,64.021,35546
2011-06-22 13:00:00,64.02,64.08,63.92,63.94,29634
2011-06-22 13:15:00,63.94,63.94,63.81,63.84,22455
2011-06-22 13:30:00,63.83,63.88,63.77,63.87,24116
2011-06-22 13:45:00,63.88,63.97,63.8,63.9,24012
2011-06-22 14:00:00,63.92,64.03,63.92,64.03,12107
2011-06-22 14:15:00,64.01,64.01,63.85,63.94,12729
2011-06-22 14:30:00,63.95,64.03,63.94,63.99,10393
2011-06-22 14:45:00,63.965,64.03,63.91,63.96,17270
2011-06-22 15:00:00,63.96,64.01,63.77,63.79,20987
2011-06-22 15:15:00,63.79,63.8,63.7,63.7,25275
2011-06-22 15:30:00,63.7,63.81,63.65,63.75,28605
2011-06-22 15:45:00,63.74,63.78,63.67,63.68,34262
2011-06-22 16:00:00,63.65,63.68,63.54,63.55,71686
2011-06-23 09:45:00,63.09,64.13,62.95,63.9968,161316
2011-06-23 10:00:00,63.96,64.29,63.92,64.13,126516
2011-06-23 10:15:00,64.18,64.21,64.01,64.14,66809
2011-06-23 10:30:00,64.14,64.165,63.85,64.0,110002
2011-06-23 10:45:00,63.99,64.0,63.59,63.62,42767
2011-06-23 11:00:00,63.6183,63.65,63.52,63.545,37052
2011-06-23 11:15:00,63.555,63.78,63.52,63.76,69682
2011-06-23 11:30:00,63.74,63.82,63.67,63.76,18867
2011-06-23 11:45:00,63.76,63.81,63.59,63.59,16788
2011-06-23 12:00:00,63.59,63.74,63.5,63.74,29825
2011-06-23 12:15:00,63.75,63.94,63.75,63.8,16268
2011-06-23 12:30:00,63.8,63.91,63.77,63.89,32470
2011-06-23 12:45:00,63.9,64.07,63.895,64.06,29422
2011-06-23 13:00:00,64.05,64.31,64.03,64.18,62307
2011-06-23 13:15:00,64.18,64.34,64.16,64.24,39165
2011-06-23 13:30:00,64.25,64.48,64.25,64.36,42254
2011-06-23 13:45:00,64.36,64.4,64.33,64.33,19041
2011-06-23 14:00:00,64.37,64.39,64.23,64.32,27679
2011-06-23 14:15:00,64.3297,64.3299,64.2,64.23,36668
2011-06-23 14:30:00,64.23,64.24,64.12,64.22,28561
2011-06-23 14:45:00,64.2116,64.29,64.05,64.05,104783
2011-06-23 15:00:00,64.04,64.45,63.94,64.42,39516
2011-06-23 15:15:00,64.43,64.4595,64.18,64.44,107601
2011-06-23 15:30:00,64.46,64.57,64.42,64.42,26760
2011-06-23 15:45:00,64.41,64.41,64.21,64.34,37955
2011-06-23 16:00:00,64.32,64.65,64.2998,64.6,114009
2011-06-24 09:45:00,64.4,64.58,63.99,64.33,74686
2011-06-24 10:00:00,64.26,64.28,64.05,64.1644,22791
2011-06-24 10:15:00,64.1632,64.21,63.74,63.798,18368
2011-06-24 10:30:00,63.75,63.77,63.6,63.72,35030
2011-06-24 10:45:00,63.72,63.89,63.67,63.8,15191
2011-06-24 11:00:00,63.81,63.81,63.61,63.73,24250
2011-06-24 11:15:00,63.78,63.89,63.74,63.81,37062
2011-06-24 11:30:00,63.81,63.95,63.795,63.92,17051
2011-06-24 11:45:00,63.9,63.931000000000004,63.84,63.89,11269
2011-06-24 12:00:00,63.89,63.91,63.82,63.85,8064
2011-06-24 12:15:00,63.86,63.88,63.72,63.73,8213
2011-06-24 12:30:00,63.73,63.74,63.66,63.69,10868
2011-06-24 12:45:00,63.67,63.78,63.66,63.75,8556
2011-06-24 13:00:00,63.72,63.72,63.58,63.72,10900
2011-06-24 13:15:00,63.7,63.81,63.63,63.78,12737
2011-06-24 13:30:00,63.75,63.8,63.7,63.78,13343
2011-06-24 13:45:00,63.76,63.83,63.69,63.81,8545
2011-06-24 14:00:00,63.79,63.89,63.79,63.89,14655
2011-06-24 14:15:00,63.8871,63.93,63.85,63.88,29662
2011-06-24 14:30:00,63.88,63.92,63.85,63.89,9671
2011-06-24 14:45:00,63.86,63.92,63.82,63.92,16957
2011-06-24 15:00:00,63.92,64.06,63.91,64.0424,21843
2011-06-24 15:15:00,64.05,64.05,63.92,63.96,38754
2011-06-24 15:30:00,63.96,64.06,63.95,64.03,44105
2011-06-24 15:45:00,64.02,64.22,64.02,64.13,52565
2011-06-24 16:00:00,64.13,64.14,63.96,64.01,62689
2011-06-27 09:45:00,63.99,64.14,63.49,63.98,37960
2011-06-27 10:00:00,63.9662,64.175,63.94,64.175,12123
2011-06-27 10:15:00,64.18,64.38,64.16,64.34,16501
2011-06-27 10:30:00,64.36,64.57,64.27,64.57,24886
2011-06-27 10:45:00,64.56,64.62,64.44,64.52,17334
2011-06-27 11:00:00,64.54,64.6,64.32,64.34,25643
2011-06-27 11:15:00,64.35,64.46,64.3001,64.36,23836
2011-06-27 11:30:00,64.3501,64.36,64.2307,64.24,17589
2011-06-27 11:45:00,64.2375,64.32,64.22,64.28,13689
2011-06-27 12:00:00,64.28,64.45,64.27,64.41,38375
2011-06-27 12:15:00,64.43,64.54,64.39,64.47,20550
2011-06-27 12:30:00,64.49,64.52,64.46,64.5,11936
2011-06-27 12:45:00,64.5,64.56,64.46,64.47,13675
2011-06-27 13:00:00,64.5,64.58,64.4596,64.58,12400
2011-06-27 13:15:00,64.54,64.65,64.54,64.63,13041
2011-06-27 13:30:00,64.63,64.63,64.46,64.46,7459
2011-06-27 13:45:00,64.47,64.54,64.46,64.53,13355
2011-06-27 14:00:00,64.53,64.61,64.49,64.515,12885
2011-06-27 14:15:00,64.515,64.63,64.5,64.59,52075
2011-06-27 14:30:00,64.59,64.69,64.59,64.62,36821
2011-06-27 14:45:00,64.65,64.68,64.61,64.65,60522
2011-06-27 15:00:00,64.66,64.7,64.61,64.65100000000001,23701
2011-06-27 15:15:00,64.67,64.7,64.59,64.61,27588
2011-06-27 15:30:00,64.64,64.67,64.57,64.57,21677
2011-06-27 15:45:00,64.58,64.6,64.46,64.55,84346
2011-06-27 16:00:00,64.55,64.55,63.77,64.41,226041
2011-06-28 09:45:00,64.52,64.88,64.26,64.8,29087
2011-06-28 10:00:00,64.81,64.89,64.69,64.7532,21692
2011-06-28 10:15:00,64.815,64.92,64.7,64.72,30603
2011-06-28 10:30:00,64.74,64.81,64.66,64.73,14200
2011-06-28 10:45:00,64.75,64.8471,64.62,64.71,10542
2011-06-28 11:00:00,64.72,64.76,64.57,64.59899999999999,10445
2011-06-28 11:15:00,64.59,64.83,64.55,64.81,19338
2011-06-28 11:30:00,64.81,64.95,64.77199999999999,64.8,11605
2011-06-28 11:45:00,64.81,64.84,64.66,64.68,16316
2011-06-28 12:00:00,64.71,64.85,64.68,64.68,16882
2011-06-28 12:15:00,64.675,64.87,64.67,64.84,6100
2011-06-28 12:30:00,64.8,64.87,64.76,64.815,7800
2011-06-28 12:45:00,64.77,64.81,64.73,64.76,7140
2011-06-28 13:00:00,64.78,64.81,64.74,64.8,9150
2011-06-28 13:15:00,64.78,64.9,64.76,64.76,8240
2011-06-28 13:30:00,64.79,64.88,64.79,64.86,7514
2011-06-28 13:45:00,64.88,64.88,64.75,64.8,16088
2011-06-28 14:00:00,64.8,64.82,64.765,64.77,11382
2011-06-28 14:15:00,64.79,64.81,64.74,64.8,12529
2011-06-28 14:30:00,64.7972,64.97,64.79,64.97,20913
2011-06-28 14:45:00,64.97,64.99,64.95,64.99,20168
2011-06-28 15:00:00,65.0,65.11,64.96,65.08,50192
2011-06-28 15:15:00,65.09,65.1,64.98,64.98,21809
2011-06-28 15:30:00,64.98,65.01,64.92,64.94,30411
2011-06-28 15:45:00,64.94,64.98,64.86,64.88,45999
2011-06-28 16:00:00,64.89,65.02,64.8701,64.97,117999
2011-06-29 09:45:00,65.14,65.37,64.69,64.86,36934
2011-06-29 10:00:00,64.82,64.95,64.64,64.66,22568
2011-06-29 10:15:00,64.73,64.8,64.57,64.57,30726
2011-06-29 10:30:00,64.59,64.75,64.58,64.68,51739
2011-06-29 10:45:00,64.68,64.77,64.64,64.74,22235
2011-06-29 11:00:00,64.73,64.95,64.7,64.88,10544
2011-06-29 11:15:00,64.88,64.9099,64.79,64.81,34493
2011-06-29 11:30:00,64.82,64.82,64.72,64.74,17973
2011-06-29 11:45:00,64.79,64.79,64.68,64.75,13826
2011-06-29 12:00:00,64.73,64.75,64.7,64.73,7933
2011-06-29 12:15:00,64.73,64.7798,64.62,64.62,12822
2011-06-29 12:30:00,64.61,64.75,64.61,64.72,9490
2011-06-29 12:45:00,64.725,64.8,64.725,64.79,6372
2011-06-29 13:00:00,64.78,64.81,64.66,64.7,20216
2011-06-29 13:15:00,64.6999,64.79,64.66,64.75,13117
2011-06-29 13:30:00,64.78,64.79,64.6574,64.75,23995
2011-06-29 13:45:00,64.77,64.86,64.77,64.84,12926
2011-06-29 14:00:00,64.82,64.82,64.7,64.71,16327
2011-06-29 14:15:00,64.71,64.74,64.65,64.68,33202
2011-06-29 14:30:00,64.69,64.73,64.37,64.44,34528
2011-06-29 14:45:00,64.44,64.47,64.26,64.35,40505
2011-06-29 15:00:00,64.36,64.51,64.36,64.48,35408
2011-06-29 15:15:00,64.484,64.59,64.47,64.47399999999999,36366
2011-06-29 15:30:00,64.5,64.62,64.45,64.59,33849
2011-06-29 15:45:00,64.59,64.62,64.5,64.55,40352
2011-06-29 16:00:00,64.54,64.63,64.51,64.6,98325
2011-06-30 09:45:00,64.84,64.94,64.5,64.68,28645
2011-06-30 10:00:00,64.72,65.0,64.72,64.74,38695
2011-06-30 10:15:00,64.73,64.83,64.65,64.81,41338
2011-06-30 10:30:00,64.83,65.0,64.81,64.94,22688
2011-06-30 10:45:00,64.96,65.08,64.96,65.05,12660
2011-06-30 11:00:00,65.05,65.08,65.01,65.06,8469
2011-06-30 11:15:00,65.07,65.2,65.07,65.17,24890
2011-06-30 11:30:00,65.18,65.2,65.08,65.15,15782
2011-06-30 11:45:00,65.15,65.21,65.08,65.21,36486
2011-06-30 12:00:00,65.21,65.22,65.01,65.01,34294
2011-06-30 12:15:00,65.02,65.11,64.95,64.97,26746
2011-06-30 12:30:00,64.95,65.09,64.95,65.0,18812
2011-06-30 12:45:00,65.01,65.11,65.0,65.03,11706
2011-06-30 13:00:00,65.01,65.09,65.0,65.0699,219926
2011-06-30 13:15:00,65.08,65.17,65.08,65.14,8000
2011-06-30 13:30:00,65.12,65.23,65.075,65.12,25685
2011-06-30 13:45:00,65.12,65.2,65.12,65.2,11369
2011-06-30 14:00:00,65.2,65.28,65.16,65.28,192451
2011-06-30 14:15:00,65.29,65.41,65.27,65.4,19333
2011-06-30 14:30:00,65.39,65.43,65.33,65.33,18951
2011-06-30 14:45:00,65.335,65.43,65.32,65.38,17119
2011-06-30 15:00:00,65.38,65.43,65.31,65.43,23670
2011-06-30 15:15:00,65.43,65.43,65.32,65.37,28121
2011-06-30 15:30:00,65.37,65.52,65.37,65.5,32145
2011-06-30 15:45:00,65.5,65.62,65.49,65.6,43464
2011-06-30 16:00:00,65.6,65.63,65.51,65.51,110038
2011-07-01 09:45:00,65.61,65.9863,65.55,65.965,54505
2011-07-01 10:00:00,65.96,65.98,65.725,65.81,19194
2011-07-01 10:15:00,65.85,66.52,65.85,66.43,75665
2011-07-01 10:30:00,66.42,66.484,66.32,66.37,39158
2011-07-01 10:45:00,66.38,66.38,66.12,66.18,25316
2011-07-01 11:00:00,66.15,66.19,66.0,66.0775,51724
2011-07-01 11:15:00,66.09,66.27,66.09,66.19,11208
2011-07-01 11:30:00,66.19,66.28,66.14,66.23,7100
2011-07-01 11:45:00,66.27,66.34,66.21,66.26,31000
2011-07-01 12:00:00,66.24,66.3535,66.21,66.25,54609
2011-07-01 12:15:00,66.245,66.26,66.15,66.18,30087
2011-07-01 12:30:00,66.18,66.21,66.08,66.16,27092
2011-07-01 12:45:00,66.16,66.18,66.08,66.09,38372
2011-07-01 13:00:00,66.09,66.13,66.09,66.11,29455
2011-07-01 13:15:00,66.11,66.14,66.0,66.0,81906
2011-07-01 13:30:00,66.01,66.04,65.93,65.99,57376
2011-07-01 13:45:00,66.0,66.04,65.93,65.975,66096
2011-07-01 14:00:00,65.99,66.03,65.98,66.02,44994
2011-07-01 14:15:00,66.01,66.025,65.99,66.0,37379
2011-07-01 14:30:00,66.01,66.01,65.99,66.005,41318
2011-07-01 14:45:00,66.0,66.08,65.99,66.06,101999
2011-07-01 15:00:00,66.05,66.07,66.0,66.02,99032
2011-07-01 15:15:00,66.04,66.06,65.98,66.03,125484
2011-07-01 15:30:00,66.02,66.05,65.98,66.035,178028
2011-07-01 15:45:00,66.02,66.215,66.0,66.215,80417
2011-07-01 16:00:00,66.21,66.27,66.16,66.2,148242
2011-07-05 09:45:00,66.22,66.35,65.92,66.02,22870
2011-07-05 10:00:00,66.06,66.06,65.87,65.91,38693
2011-07-05 10:15:00,65.91,65.95,65.77,65.8,42313
2011-07-05 10:30:00,65.8,65.8,65.65,65.77,24071
2011-07-05 10:45:00,65.75,65.87,65.73,65.85,17800
2011-07-05 11:00:00,65.85,65.87,65.7,65.74,12714
2011-07-05 11:15:00,65.76,65.83,65.68,65.82,17499
2011-07-05 11:30:00,65.8,65.94,65.79,65.91,7639
2011-07-05 11:45:00,65.89,65.98,65.87,65.98,9509
2011-07-05 12:00:00,65.97,66.05,65.91,65.96,14923
2011-07-05 12:15:00,65.97,65.97,65.87,65.93,37312
2011-07-05 12:30:00,65.94,65.97,65.9,65.93,21118
2011-07-05 12:45:00,65.95,65.97,65.89,65.93,45235
2011-07-05 13:00:00,65.94,65.95,65.87,65.94,13424
2011-07-05 13:15:00,65.94,65.95,65.87,65.91,32776
2011-07-05 13:30:00,65.91,65.96,65.8901,65.95,25447
2011-07-05 13:45:00,65.95,65.96,65.89,65.94,64075
2011-07-05 14:00:00,65.93,65.95,65.9,65.93,80622
2011-07-05 14:15:00,65.93,65.94,65.86,65.91,80230
2011-07-05 14:30:00,65.91,65.93,65.86,65.9,25395
2011-07-05 14:45:00,65.91,65.93,65.86,65.905,59661
2011-07-05 15:00:00,65.89,65.93,65.87,65.915,54820
2011-07-05 15:15:00,65.92,65.93,65.9,65.915,58666
2011-07-05 15:30:00,65.915,66.18,65.9,66.11,155476
2011-07-05 15:45:00,66.13,66.16,66.08,66.13,26079
2011-07-05 16:00:00,66.12,66.13,66.02,66.04,58117
2011-07-06 09:45:00,65.92,66.45,65.85,66.21,46036
2011-07-06 10:00:00,66.24,66.46,66.22,66.35,62909
2011-07-06 10:15:00,66.34,66.34,66.14,66.25,19384
2011-07-06 10:30:00,66.24,66.29,66.14,66.23,14859
2011-07-06 10:45:00,66.24,66.24600000000001,66.14,66.19,13770
2011-07-06 11:00:00,66.2,66.28,66.11,66.18,16405
2011-07-06 11:15:00,66.16,66.22,66.12,66.18,16587
2011-07-06 11:30:00,66.1307,66.2,66.08,66.2,13875
2011-07-06 11:45:00,66.2,66.21,66.04,66.115,27479
2011-07-06 12:00:00,66.101,66.17,66.06,66.11,12899
2011-07-06 12:15:00,66.1,66.105,66.03,66.03,11432
2011-07-06 12:30:00,66.03,66.05,65.92,65.94,23201
2011-07-06 12:45:00,65.94,66.135,65.94,66.11,14430
2011-07-06 13:00:00,66.11,66.12,65.99,66.0,77423
2011-07-06 13:15:00,66.01,66.02,65.97,65.995,109014
2011-07-06 13:30:00,65.995,66.0,65.91,65.91,14584
2011-07-06 13:45:00,65.91,65.96,65.89,65.945,11155
2011-07-06 14:00:00,65.93,65.97,65.92,65.96,13519
2011-07-06 14:15:00,65.96,65.96,65.69,65.74,55200
2011-07-06 14:30:00,65.74,65.76,65.62,65.76,33075
2011-07-06 14:45:00,65.76,65.95,65.76,65.95,81524
2011-07-06 15:00:00,65.9429,65.95,65.9,65.9,46298
2011-07-06 15:15:00,65.9,65.94,65.8,65.81,40710
2011-07-06 15:30:00,65.82,65.85,65.63,65.71,81015
2011-07-06 15:45:00,65.7,65.72,65.63,65.715,49294
2011-07-06 16:00:00,65.71,65.75,65.62,65.71,168254
2011-07-07 09:45:00,66.16,66.39,65.73,65.85,87537
2011-07-07 10:00:00,65.88,65.88,65.61,65.71,103474
2011-07-07 10:15:00,65.6902,65.89,65.66,65.84,50562
2011-07-07 10:30:00,65.87,65.99,65.7,65.98,49834
2011-07-07 10:45:00,65.98,66.02,65.77,65.87,86412
2011-07-07 11:00:00,65.89,65.9,65.77,65.845,53560
2011-07-07 11:15:00,65.84,65.89,65.82,65.85,39642
2011-07-07 11:30:00,65.84,65.93,65.81,65.93,26320
2011-07-07 11:45:00,65.93,65.95,65.88,65.91,25082
2011-07-07 12:00:00,65.91,66.01,65.91,66.0,24800
2011-07-07 12:15:00,66.0,66.02,65.964,66.0,32419
2011-07-07 12:30:00,66.0,66.0,65.9233,65.93,32737
2011-07-07 12:45:00,65.93,66.02,65.91,65.97,28875
2011-07-07 13:00:00,65.97,66.0,65.94,66.0,14248
2011-07-07 13:15:00,66.0,66.02,65.91,65.92,58841
2011-07-07 13:30:00,65.92,66.0,65.89,66.0,50739
2011-07-07 13:45:00,66.0,66.01,65.92,65.97,32279
2011-07-07 14:00:00,65.97,66.02,65.95,65.97,20462
2011-07-07 14:15:00,65.9633,66.0,65.91,65.91,41359
2011-07-07 14:30:00,65.9035,66.03,65.9035,66.01,48483
2011-07-07 14:45:00,66.02,66.09,65.95,65.97,43385
2011-07-07 15:00:00,65.97,65.97,65.91,65.94,37021
2011-07-07 15:15:00,65.94,65.94,65.83,65.86,82546
2011-07-07 15:30:00,65.87,65.92,65.7983,65.805,80961
2011-07-07 15:45:00,65.81,65.83,65.72,65.79,87893
2011-07-07 16:00:00,65.79,65.79,65.71,65.75,161082
2011-07-08 09:45:00,65.22,65.99,65.14,65.6801,57375
2011-07-08 10:00:00,65.68,65.73,65.36,65.42,52062
2011-07-08 10:15:00,65.43,65.52,65.21,65.35,66514
2011-07-08 10:30:00,65.33,65.47,65.32,65.41,29088
2011-07-08 10:45:00,65.44,65.59,65.38,65.48,26110
2011-07-08 11:00:00,65.49,65.51,65.34,65.46,24749
2011-07-08 11:15:00,65.45,65.45,65.34,65.39,23897
2011-07-08 11:30:00,65.38,65.47,65.36,65.4432,15199
2011-07-08 11:45:00,65.44,65.5,65.39,65.45,29570
2011-07-08 12:00:00,65.45,65.53,65.38,65.39,25935
2011-07-08 12:15:00,65.4,65.48,65.3801,65.385,19949
2011-07-08 12:30:00,65.37,65.45,65.26,65.45,22172
2011-07-08 12:45:00,65.44,65.47,65.41,65.42,14551
2011-07-08 13:00:00,65.43,65.45,65.39,65.42,12697
2011-07-08 13:15:00,65.41,65.41,65.32,65.34,19452
2011-07-08 13:30:00,65.34,65.48,65.322,65.47,9356
2011-07-08 13:45:00,65.48,65.55,65.48,65.51,20286
2011-07-08 14:00:00,65.53,65.54,65.39,65.41,18106
2011-07-08 14:15:00,65.41,65.49,65.37,65.39,22378
2011-07-08 14:30:00,65.38,65.42,65.29,65.42,16722
2011-07-08 14:45:00,65.43,65.46,65.3,65.31,26942
2011-07-08 15:00:00,65.33,65.41,65.32,65.36,22633
2011-07-08 15:15:00,65.38,65.46,65.31,65.37,37257
2011-07-08 15:30:00,65.39,65.4,65.33,65.38,31017
2011-07-08 15:45:00,65.38,65.46,65.35,65.41,66043
2011-07-08 16:00:00,65.41,65.52,65.29,65.42,214692
2011-07-11 09:45:00,64.91,65.47,64.7,64.97,54359
2011-07-11 10:00:00,64.97,65.1,64.89,64.96,81012
2011-07-11 10:15:00,64.95,65.01,64.74,64.805,91960
2011-07-11 10:30:00,64.81,64.81,64.56,64.57,64104
2011-07-11 10:45:00,64.57,64.57,64.38,64.395,55236
2011-07-11 11:00:00,64.39,64.4,64.27,64.27,76642
2011-07-11 11:15:00,64.27,64.34,64.2033,64.34,71498
2011-07-11 11:30:00,64.33,64.405,64.28,64.38,36537
2011-07-11 11:45:00,64.39,64.505,64.37,64.47,24961
2011-07-11 12:00:00,64.47,64.55,64.46,64.49,31653
2011-07-11 12:15:00,64.49,64.51,64.42,64.48,16441
2011-07-11 12:30:00,64.49,64.6076,64.48,64.58,8606
2011-07-11 12:45:00,64.6,64.61,64.48,64.56,9147
2011-07-11 13:00:00,64.56,64.56,64.43,64.5,11227
2011-07-11 13:15:00,64.48,64.505,64.44,64.46,13497
2011-07-11 13:30:00,64.47,64.47,64.31,64.32,24837
2011-07-11 13:45:00,64.33,64.4,64.31,64.34,15069
2011-07-11 14:00:00,64.33,64.465,64.31,64.46,15954
2011-07-11 14:15:00,64.46,64.49,64.35,64.35,17977
2011-07-11 14:30:00,64.35,64.4,64.35,64.36,24224
2011-07-11 14:45:00,64.36,64.36,64.22,64.255,31487
2011-07-11 15:00:00,64.255,64.3,64.24,64.25,87639
2011-07-11 15:15:00,64.24,64.28,64.11,64.21,80112
2011-07-11 15:30:00,64.21,64.26,64.14,64.21,62840
2011-07-11 15:45:00,64.23,64.38,64.21,64.375,71042
2011-07-11 16:00:00,64.37,64.42,64.29,64.42,103540
2011-07-12 09:45:00,64.55,64.78,64.39,64.68,39537
2011-07-12 10:00:00,64.66,64.71,64.41,64.65,43975
2011-07-12 10:15:00,64.66,64.89,64.59,64.62,41595
2011-07-12 10:30:00,64.66,64.87,64.63,64.79,25843
2011-07-12 10:45:00,64.79,64.83,64.65,64.72,21850
2011-07-12 11:00:00,64.71,64.78,64.64,64.66,15079
2011-07-12 11:15:00,64.68,64.848,64.68,64.79,20400
2011-07-12 11:30:00,64.785,64.91,64.77,64.84,22501
2011-07-12 11:45:00,64.845,64.97,64.79,64.97,24925
2011-07-12 12:00:00,64.98,64.98,64.82,64.9099,36939
2011-07-12 12:15:00,64.92,65.02,64.92,64.94,26716
2011-07-12 12:30:00,64.94,64.97,64.78,64.785,29024
2011-07-12 12:45:00,64.8,64.82,64.745,64.79,21168
2011-07-12 13:00:00,64.78,64.9,64.78,64.9,7232
2011-07-12 13:15:00,64.9,64.9798,64.83,64.91,18306
2011-07-12 13:30:00,64.9,64.92,64.83,64.835,49020
2011-07-12 13:45:00,64.83,64.8814,64.8,64.84,20526
2011-07-12 14:00:00,64.83,64.9,64.83,64.86,12384
2011-07-12 14:15:00,64.87,65.04,64.87,64.985,38922
2011-07-12 14:30:00,64.99,65.18,64.99,65.04,76444
2011-07-12 14:45:00,65.04,65.04,64.85,64.86,70702
2011-07-12 15:00:00,64.86,64.86,64.76,64.79,57603
2011-07-12 15:15:00,64.78,64.83,64.66,64.685,58061
2011-07-12 15:30:00,64.69,64.77,64.68,64.75,77746
2011-07-12 15:45:00,64.77,64.83,64.71,64.78,55251
2011-07-12 16:00:00,64.78,64.78,64.64,64.66,105817
2011-07-13 09:45:00,65.0,65.09,64.83,65.03,30634
2011-07-13 10:00:00,65.04,65.12,64.8,64.9,52723
2011-07-13 10:15:00,64.88,65.3,64.87,65.04,43649
2011-07-13 10:30:00,65.07,65.34,65.07,65.21,39414
2011-07-13 10:45:00,65.2,65.275,65.0975,65.1,43893
2011-07-13 11:00:00,65.11,65.17,65.08,65.17,22358
2011-07-13 11:15:00,65.17,65.17,64.98,64.99,29469
2011-07-13 11:30:00,64.97,65.045,64.95,65.02,16796
2011-07-13 11:45:00,65.00399999999999,65.12,64.99,65.1,25113
2011-07-13 12:00:00,65.11,65.14,64.94,64.94,15396
2011-07-13 12:15:00,64.93,64.95,64.8801,64.9,17357
2011-07-13 12:30:00,64.9,64.94,64.8901,64.93,6300
2011-07-13 12:45:00,64.92,64.97,64.89,64.96,47693
2011-07-13 13:00:00,64.93,65.05,64.89,64.9,14961
2011-07-13 13:15:00,64.93,64.93,64.8,64.805,22818
2011-07-13 13:30:00,64.7901,64.8,64.61,64.625,35609
2011-07-13 13:45:00,64.63,64.73,64.61,64.69,35982
2011-07-13 14:00:00,64.7,64.79,64.55,64.55,37458
2011-07-13 14:15:00,64.54,64.62,64.5,64.53,18120
2011-07-13 14:30:00,64.54,64.56,64.33,64.36,28023
2011-07-13 14:45:00,64.38,64.46,64.36,64.39,28326
2011-07-13 15:00:00,64.38,64.44,64.34,64.39,56074
2011-07-13 15:15:00,64.39,64.49,64.27,64.29,33261
2011-07-13 15:30:00,64.29,64.34,64.15,64.21,66076
2011-07-13 15:45:00,64.22,64.27,64.13,64.15,55047
2011-07-13 16:00:00,64.16,64.97,64.12,64.34,164497
2011-07-14 09:45:00,64.43,64.6,64.13,64.3,64798
2011-07-14 10:00:00,64.29,64.41,64.27,64.32,83090
2011-07-14 10:15:00,64.34,64.38,64.27,64.3,83257
2011-07-14 10:30:00,64.31,64.43,64.31,64.38,57628
2011-07-14 10:45:00,64.375,64.45,64.24,64.28,34721
2011-07-14 11:00:00,64.27,64.29,64.17,64.24,34975
2011-07-14 11:15:00,64.2201,64.32,64.15,64.29,26712
2011-07-14 11:30:00,64.27,64.36,64.265,64.34,25826
2011-07-14 11:45:00,64.34,64.34,64.13,64.21,15452
2011-07-14 12:00:00,64.22,64.27,64.19,64.21,10602
2011-07-14 12:15:00,64.1929,64.1929,64.05,64.05,14918
2011-07-14 12:30:00,64.0427,64.0501,63.82,63.83,23942
2011-07-14 12:45:00,63.85,63.93,63.79,63.9,13507
2011-07-14 13:00:00,63.89,63.89,63.62,63.65,28261
2011-07-14 13:15:00,63.65,63.68,63.5,63.53,39794
2011-07-14 13:30:00,63.52,63.56,63.35,63.45,29972
2011-07-14 13:45:00,63.46,63.75,63.43,63.63,33063
2011-07-14 14:00:00,63.61,63.6901,63.565,63.6901,23734
2011-07-14 14:15:00,63.71,63.9,63.67,63.84,21372
2011-07-14 14:30:00,63.84,63.91,63.64,63.68,22235
2011-07-14 14:45:00,63.7,63.79,63.65,63.76,20733
2011-07-14 15:00:00,63.765,63.765,63.61,63.65,16339
2011-07-14 15:15:00,63.67,63.71,63.53,63.615,33582
2011-07-14 15:30:00,63.62,63.74,63.59,63.66,33636
2011-07-14 15:45:00,63.66,63.83,63.64,63.7,76795
2011-07-14 16:00:00,63.69,63.72,63.59,63.64,84648
2011-07-15 09:45:00,63.82,64.0,63.51,63.55,122886
2011-07-15 10:00:00,63.52,63.62,63.31,63.38,51346
2011-07-15 10:15:00,63.39,63.61,63.34,63.49,60135
2011-07-15 10:30:00,63.47,63.49,63.22,63.35,32354
2011-07-15 10:45:00,63.35,63.39,63.22,63.35,18300
2011-07-15 11:00:00,63.36,63.44,63.09,63.1,23630
2011-07-15 11:15:00,63.12,63.29,63.01,63.27,66779
2011-07-15 11:30:00,63.28,63.33,63.04,63.04,32923
2011-07-15 11:45:00,63.05,63.06,62.84,62.89,54440
2011-07-15 12:00:00,62.89,62.96,62.8898,62.89,29133
2011-07-15 12:15:00,62.88,63.03,62.88,62.96,38050
2011-07-15 12:30:00,62.95,62.96,62.82,62.85,14868
2011-07-15 12:45:00,62.87,62.885,62.77,62.77,29331
2011-07-15 13:00:00,62.77,62.88,62.74,62.875,16741
2011-07-15 13:15:00,62.88,62.97,62.86,62.93,11601
2011-07-15 13:30:00,62.93,63.05,62.93,63.02,12506
2011-07-15 13:45:00,63.02,63.055,62.86,62.95,26968
2011-07-15 14:00:00,62.96,62.97,62.82,62.8214,24769
2011-07-15 14:15:00,62.82,62.835,62.74,62.77,36437
2011-07-15 14:30:00,62.77,62.78,62.64,62.66,42018
2011-07-15 14:45:00,62.66,62.81,62.65,62.8012,48174
2011-07-15 15:00:00,62.81,62.87,62.79,62.83,27285
2011-07-15 15:15:00,62.82,62.92,62.79,62.92,25995
2011-07-15 15:30:00,62.93,63.08,62.91,63.02,40608
2011-07-15 15:45:00,63.02,63.08,62.93,63.06,84050
2011-07-15 16:00:00,63.05,63.13,62.63,63.1,131550
2011-07-18 09:45:00,62.88,62.91,62.27,62.35,81678
2011-07-18 10:00:00,62.32,62.54,62.28,62.4,59016
2011-07-18 10:15:00,62.41,62.47,62.11,62.26,77955
2011-07-18 10:30:00,62.23,62.43,62.2,62.39,31578
2011-07-18 10:45:00,62.37,62.48,62.28,62.38,60194
2011-07-18 11:00:00,62.4,62.46,62.19,62.32,49690
2011-07-18 11:15:00,62.32,62.37,62.17,62.19,41737
2011-07-18 11:30:00,62.19,62.34,62.02,62.26,51043
2011-07-18 11:45:00,62.24,62.25,61.96,62.02,43602
2011-07-18 12:00:00,62.03,62.07,61.94,61.96,35738
2011-07-18 12:15:00,61.96,62.08,61.895,62.07,36556
2011-07-18 12:30:00,62.07,62.195,62.07,62.17,10962
2011-07-18 12:45:00,62.18,62.315,62.18,62.31,17622
2011-07-18 13:00:00,62.31,62.36,62.3,62.35,36000
2011-07-18 13:15:00,62.35,62.36,62.22,62.22,21057
2011-07-18 13:30:00,62.22,62.23,62.15,62.21,10310
2011-07-18 13:45:00,62.23,62.365,62.23,62.34,52734
2011-07-18 14:00:00,62.34,62.41,62.34,62.36,27196
2011-07-18 14:15:00,62.36,62.36,62.24,62.26,22351
2011-07-18 14:30:00,62.26,62.28,62.22,62.24,29241
2011-07-18 14:45:00,62.25,62.29,62.18,62.27,24562
2011-07-18 15:00:00,62.26,62.3,62.215,62.3,23918
2011-07-18 15:15:00,62.3,62.38,62.28,62.29,43594
2011-07-18 15:30:00,62.29,62.3,62.22,62.29,40536
2011-07-18 15:45:00,62.29,62.3,62.205,62.22,47526
2011-07-18 16:00:00,62.24,62.31,62.18,62.2,118828
2011-07-19 09:45:00,62.56,62.87,62.3,62.42,58368
2011-07-19 10:00:00,62.435,62.48,62.25,62.3,42045
2011-07-19 10:15:00,62.32,62.48,62.29,62.39,74280
2011-07-19 10:30:00,62.4,62.42,62.2603,62.28,21489
2011-07-19 10:45:00,62.28,62.29,62.21,62.22,28756
2011-07-19 11:00:00,62.22,62.24,62.08,62.09,28878
2011-07-19 11:15:00,62.09,62.18,62.0872,62.15,53832
2011-07-19 11:30:00,62.1574,62.2,62.09,62.16,26420
2011-07-19 11:45:00,62.155,62.25,62.02,62.13,27256
2011-07-19 12:00:00,62.12,62.13,62.05,62.11,23855
2011-07-19 12:15:00,62.11,62.27,62.11,62.25,34300
2011-07-19 12:30:00,62.26,62.29,62.14,62.14,22868
2011-07-19 12:45:00,62.14,62.24,62.14,62.18,19245
2011-07-19 13:00:00,62.18,62.19,62.11,62.12,21743
2011-07-19 13:15:00,62.13,62.16,62.05,62.12,25437
2011-07-19 13:30:00,62.13,62.19,62.12,62.14,22502
2011-07-19 13:45:00,62.14,62.27,62.14,62.27,32690
2011-07-19 14:00:00,62.27,62.29,62.2,62.2,19892
2011-07-19 14:15:00,62.21,62.26,62.17,62.22,80725
2011-07-19 14:30:00,62.22,62.23,62.16,62.2,30010
2011-07-19 14:45:00,62.22,62.32,62.22,62.31,24831
2011-07-19 15:00:00,62.31,62.37,62.3,62.32,32555
2011-07-19 15:15:00,62.33,62.34,62.25,62.33,44706
2011-07-19 15:30:00,62.33,62.38,62.21,62.23,49769
2011-07-19 15:45:00,62.23,62.34,62.23,62.31,48785
2011-07-19 16:00:00,62.31,62.38,62.28,62.38,133808
2011-07-20 09:45:00,62.18,62.45,61.924,61.98,50938
2011-07-20 10:00:00,61.99,62.07,61.89,61.89,33047
2011-07-20 10:15:00,61.86,61.975,61.63,61.64,52030
2011-07-20 10:30:00,61.65,61.84,61.5,61.84,56383
2011-07-20 10:45:00,61.85,61.94,61.835,61.9,23431
2011-07-20 11:00:00,61.91,62.0,61.82,62.0,29209
2011-07-20 11:15:00,62.0,62.07,61.975,62.03,43133
2011-07-20 11:30:00,62.04,62.06,62.0,62.015,13281
2011-07-20 11:45:00,62.01,62.015,61.93,61.95,18609
2011-07-20 12:00:00,61.93,61.94,61.75,61.78,14532
2011-07-20 12:15:00,61.78,61.92,61.78,61.92,18676
2011-07-20 12:30:00,61.95,61.95,61.9,61.94,19701
2011-07-20 12:45:00,61.93,61.95,61.88,61.88,9760
2011-07-20 13:00:00,61.8899,61.91,61.875,61.9,14930
2011-07-20 13:15:00,61.9,61.93,61.88,61.92,14093
2011-07-20 13:30:00,61.92,61.95,61.9,61.91,12203
2011-07-20 13:45:00,61.91,61.98,61.89,61.95,19324
2011-07-20 14:00:00,61.95,62.0,61.94,61.96,120676
2011-07-20 14:15:00,61.97,62.0,61.94,62.0,60248
2011-07-20 14:30:00,62.0,62.1,61.99,62.1,22605
2011-07-20 14:45:00,62.1,62.1783,62.08,62.1733,14679
2011-07-20 15:00:00,62.17,62.17,62.04,62.1,20119
2011-07-20 15:15:00,62.11,62.12,62.05,62.1,121021
2011-07-20 15:30:00,62.1088,62.15,61.8,61.8,97682
2011-07-20 15:45:00,61.7901,61.9,61.79,61.88,78311
2011-07-20 16:00:00,61.87,61.9,61.84,61.87,72149
2011-07-21 09:45:00,62.23,62.23,61.61,61.93,57124
2011-07-21 10:00:00,61.94,62.05,61.9,62.02,32378
2011-07-21 10:15:00,62.02,62.18,61.94,62.12,40335
2011-07-21 10:30:00,62.15,62.36,62.06,62.35,52058
2011-07-21 10:45:00,62.35,62.43,62.28,62.41,23711
2011-07-21 11:00:00,62.42,62.51,62.27,62.31,33182
2011-07-21 11:15:00,62.32,62.47,62.3,62.47,15100
2011-07-21 11:30:00,62.47,62.5,62.28,62.29,39057
2011-07-21 11:45:00,62.3,62.4,62.23,62.29,50640
2011-07-21 12:00:00,62.31,62.33,62.09,62.11,62325
2011-07-21 12:15:00,62.12,62.2,62.0,62.05,72535
2011-07-21 12:30:00,62.05,62.05,61.99,62.03,37022
2011-07-21 12:45:00,62.02,62.08,61.99,62.04,119152
2011-07-21 13:00:00,62.04,62.12,61.96,62.05,175416
2011-07-21 13:15:00,62.05,62.06,61.9,62.04,88679
2011-07-21 13:30:00,62.03,62.05,61.97,62.02,57425
2011-07-21 13:45:00,62.04,62.04,61.99,61.99,33809
2011-07-21 14:00:00,61.98,62.03,61.95,61.97,20773
2011-07-21 14:15:00,61.98,62.02,61.97,62.01,20479
2011-07-21 14:30:00,62.0029,62.01,61.9,61.92,57336
2011-07-21 14:45:00,61.9275,62.03,61.91,62.02,83694
2011-07-21 15:00:00,62.03,62.03,62.0,62.02,67025
2011-07-21 15:15:00,62.0101,62.03,61.98,62.005,77329
2011-07-21 15:30:00,62.01,62.02,61.98,61.9957,79580
2011-07-21 15:45:00,62.0,62.0,61.91,61.96,63927
2011-07-21 16:00:00,61.97,61.99,61.83,61.9,224109
2011-07-22 09:45:00,62.06,62.19,61.99,62.04,52007
2011-07-22 10:00:00,62.05,62.105,61.97,62.06,99820
2011-07-22 10:15:00,62.06,62.29,62.01,62.18,107394
2011-07-22 10:30:00,62.19,62.3,62.06,62.17,112705
2011-07-22 10:45:00,62.17,62.18,62.07,62.11,113169
2011-07-22 11:00:00,62.11,62.43,62.0799,62.4188,109518
2011-07-22 11:15:00,62.42,62.52,62.41,62.47,86241
2011-07-22 11:30:00,62.47,62.49,62.24,62.27,52911
2011-07-22 11:45:00,62.26,62.36,62.25,62.36,70184
2011-07-22 12:00:00,62.35,62.375,62.32,62.37,16838
2011-07-22 12:15:00,62.37,62.42,62.29,62.41,28934
2011-07-22 12:30:00,62.41,62.43,62.35,62.38,15061
2011-07-22 12:45:00,62.38,62.42,62.37,62.38,11219
2011-07-22 13:00:00,62.39,62.5,62.37,62.47,10921
2011-07-22 13:15:00,62.48,62.5,62.35,62.43,25745
2011-07-22 13:30:00,62.44,62.52,62.43,62.52,16929
2011-07-22 13:45:00,62.51,62.59,62.47,62.49,74243
2011-07-22 14:00:00,62.5,62.58,62.49,62.54,14512
2011-07-22 14:15:00,62.54,62.54,62.49,62.5,24944
2011-07-22 14:30:00,62.5,62.51,62.48,62.5,23020
2011-07-22 14:45:00,62.49,62.51,62.48,62.49,24262
2011-07-22 15:00:00,62.49,62.496,62.4,62.408,18266
2011-07-22 15:15:00,62.41,62.46,62.4,62.42,15200
2011-07-22 15:30:00,62.43,62.45,62.39,62.39,21420
2011-07-22 15:45:00,62.3904,62.4002,62.26,62.26,25780
2011-07-22 16:00:00,62.27,62.29,62.16,62.2,130658
2011-07-25 09:45:00,61.67,62.06,61.67,62.0,48170
2011-07-25 10:00:00,61.99,62.37,61.9,62.34,64203
2011-07-25 10:15:00,62.36,62.56,62.36,62.5,35951
2011-07-25 10:30:00,62.52,62.695,62.51,62.54,69185
2011-07-25 10:45:00,62.54,62.58,62.45,62.52,35746
2011-07-25 11:00:00,62.52,62.57,62.47,62.55,22287
2011-07-25 11:15:00,62.54,62.56,62.45,62.5,34278
2011-07-25 11:30:00,62.47,62.55,62.45,62.53,16995
2011-07-25 11:45:00,62.52,62.58,62.5,62.54,11135
2011-07-25 12:00:00,62.55,62.56,62.51,62.5201,10563
2011-07-25 12:15:00,62.52,62.54,62.5,62.5101,16950
2011-07-25 12:30:00,62.5,62.52,62.485,62.49,9162
2011-07-25 12:45:00,62.49,62.4984,62.43,62.44,10518
2011-07-25 13:00:00,62.4575,62.51,62.445,62.4964,8944
2011-07-25 13:15:00,62.49,62.51,62.46,62.48,15914
2011-07-25 13:30:00,62.48,62.51,62.44,62.44,9348
2011-07-25 13:45:00,62.435,62.44,62.35,62.38,14387
2011-07-25 14:00:00,62.37,62.44,62.35,62.42,30256
2011-07-25 14:15:00,62.425,62.49,62.41,62.48,23673
2011-07-25 14:30:00,62.471000000000004,62.52,62.4506,62.48,22011
2011-07-25 14:45:00,62.48,62.48,62.3,62.32,22600
2011-07-25 15:00:00,62.33,62.33,62.27,62.28,18606
2011-07-25 15:15:00,62.28,62.28,62.17,62.19,38162
2011-07-25 15:30:00,62.18899999999999,62.29,62.17,62.2,37958
2011-07-25 15:45:00,62.2,62.27,62.14,62.16,41784
2011-07-25 16:00:00,62.15,62.15,62.03,62.08,67367
2011-07-26 09:45:00,62.18,62.41,61.73,62.16,53100
2011-07-26 10:00:00,62.16,62.16,61.92,61.95,61172
2011-07-26 10:15:00,61.95,62.1,61.83,61.92,62170
2011-07-26 10:30:00,61.9238,62.01,61.86,61.9,46552
2011-07-26 10:45:00,61.88,61.9,61.74,61.79,128349
2011-07-26 11:00:00,61.81,61.93,61.77,61.79,22500
2011-07-26 11:15:00,61.8,61.9,61.75,61.84,33641
2011-07-26 11:30:00,61.83,61.87,61.7,61.77,44877
2011-07-26 11:45:00,61.78,61.8,61.7,61.8,34123
2011-07-26 12:00:00,61.79,61.82,61.74,61.82,20535
2011-07-26 12:15:00,61.83,61.88,61.74,61.79,37710
2011-07-26 12:30:00,61.8,61.81,61.72,61.72,49425
2011-07-26 12:45:00,61.72,61.72,61.59,61.7,27571
2011-07-26 13:00:00,61.7,61.74,61.67,61.74,30788
2011-07-26 13:15:00,61.74,61.74,61.7,61.7,28326
2011-07-26 13:30:00,61.7,61.78,61.7,61.78,19349
2011-07-26 13:45:00,61.79,61.91,61.79,61.87,18324
2011-07-26 14:00:00,61.87,61.95,61.85,61.92,17315
2011-07-26 14:15:00,61.92,62.05,61.9,62.05,36415
2011-07-26 14:30:00,62.06,62.11,62.0,62.038000000000004,15559
2011-07-26 14:45:00,62.04,62.05,61.95,62.0,36246
2011-07-26 15:00:00,62.01,62.06,61.99,62.01,39651
2011-07-26 15:15:00,62.0,62.1,61.98,62.067,25124
2011-07-26 15:30:00,62.06,62.155,62.05,62.15,28357
2011-07-26 15:45:00,62.15,62.17,62.08,62.11,29976
2011-07-26 16:00:00,62.11,62.19,62.05,62.12,84883
2011-07-27 09:45:00,61.69,61.97,61.26,61.26,46563
2011-07-27 10:00:00,61.26,61.54,61.26,61.5,90452
2011-07-27 10:15:00,61.5,61.5,61.165,61.255,107700
2011-07-27 10:30:00,61.25,61.4025,61.17,61.4,80015
2011-07-27 10:45:00,61.39,61.51,61.3,61.46,70470
2011-07-27 11:00:00,61.46,61.64,61.43,61.61,57446
2011-07-27 11:15:00,61.61,61.61,61.445,61.48,26322
2011-07-27 11:30:00,61.47,61.57,61.45,61.57,37781
2011-07-27 11:45:00,61.58,61.68,61.49,61.55,34031
2011-07-27 12:00:00,61.55,61.63,61.455,61.6025,62544
2011-07-27 12:15:00,61.6,61.64,61.56,61.6,61184
2011-07-27 12:30:00,61.6,61.6,61.52,61.54,50551
2011-07-27 12:45:00,61.54,61.55,61.495,61.51,20376
2011-07-27 13:00:00,61.5,61.545,61.5,61.5001,19787
2011-07-27 13:15:00,61.51,61.55,61.5,61.53,24356
2011-07-27 13:30:00,61.53,61.58,61.53,61.58,31890
2011-07-27 13:45:00,61.575,61.69,61.53,61.67,20696
2011-07-27 14:00:00,61.67,61.75,61.61,61.68,75614
2011-07-27 14:15:00,61.67,61.7062,61.4,61.42,100683
2011-07-27 14:30:00,61.43,61.475,61.43,61.46,32547
2011-07-27 14:45:00,61.45,61.53,61.44,61.51,81482
2011-07-27 15:00:00,61.52,61.52,61.4,61.44,48679
2011-07-27 15:15:00,61.45,61.52,61.43,61.47,76484
2011-07-27 15:30:00,61.47,61.505,61.3,61.415,108651
2011-07-27 15:45:00,61.41,61.47,61.4,61.42,111553
2011-07-27 16:00:00,61.41,61.55,61.35,61.45,203274
2011-07-28 09:45:00,59.0,59.77,58.32,59.5,509280
2011-07-28 10:00:00,59.5,59.59,58.99,58.99,195062
2011-07-28 10:15:00,59.0,59.625,58.96,59.61,590529
2011-07-28 10:30:00,59.61,59.95,59.53,59.735,193788
2011-07-28 10:45:00,59.74,59.86,59.51,59.64,181160
2011-07-28 11:00:00,59.64,59.76,59.53,59.57,122118
2011-07-28 11:15:00,59.57,60.1,59.56,60.1,220103
2011-07-28 11:30:00,60.1,60.33,60.02,60.25,205373
2011-07-28 11:45:00,60.25,60.35,60.02,60.34,86525
2011-07-28 12:00:00,60.35,60.5,60.18,60.45,112268
2011-07-28 12:15:00,60.46,60.9892,60.44,60.9892,120252
2011-07-28 12:30:00,60.97,61.32,60.96,61.23,137398
2011-07-28 12:45:00,61.21,61.21,60.54,60.62,115214
2011-07-28 13:00:00,60.61,60.77,60.56,60.7,50249
2011-07-28 13:15:00,60.7,60.74,60.63,60.74,30981
2011-07-28 13:30:00,60.74,60.8,60.71,60.75,44055
2011-07-28 13:45:00,60.75,60.75,60.55,60.55,48600
2011-07-28 14:00:00,60.56,60.56,60.15,60.24,79958
2011-07-28 14:15:00,60.24,60.25,60.12,60.16,90926
2011-07-28 14:30:00,60.16,60.23,60.08,60.09,85232
2011-07-28 14:45:00,60.09,60.1704,59.98,60.16,110109
2011-07-28 15:00:00,60.17,60.17,59.86,59.88,173562
2011-07-28 15:15:00,59.88,59.97,59.76,59.77,87165
2011-07-28 15:30:00,59.77,59.91,59.74,59.745,86140
2011-07-28 15:45:00,59.745,59.76,59.57,59.575,335166
2011-07-28 16:00:00,59.57,59.575,59.44,59.49,328475
2011-07-29 09:45:00,59.25,59.28,59.04,59.24,90193
2011-07-29 10:00:00,59.25,59.9,59.22,59.84,90660
2011-07-29 10:15:00,59.83,60.19,59.7,59.82,237811
2011-07-29 10:30:00,59.83,59.88,59.6,59.73,44622
2011-07-29 10:45:00,59.73,59.8,59.65,59.67,57685
2011-07-29 11:00:00,59.6701,60.13,59.63,60.07,94752
2011-07-29 11:15:00,60.06,60.21,59.93,60.06,79165
2011-07-29 11:30:00,60.07,60.11,59.93,59.93,60148
2011-07-29 11:45:00,59.93,60.05,59.86,60.05,32667
2011-07-29 12:00:00,60.04,60.075,59.83,59.83,26057
2011-07-29 12:15:00,59.84,59.9,59.681999999999995,59.72,44323
2011-07-29 12:30:00,59.71,59.775,59.61,59.67,27965
2011-07-29 12:45:00,59.68,59.955,59.65,59.94,35648
2011-07-29 13:00:00,59.95,59.96,59.885,59.91,40487
2011-07-29 13:15:00,59.91,59.96,59.88,59.89,31922
2011-07-29 13:30:00,59.8998,59.958,59.88,59.95,39695
2011-07-29 13:45:00,59.95,60.06,59.9,60.06,63416
2011-07-29 14:00:00,60.06,60.25,60.04,60.25,32545
2011-07-29 14:15:00,60.25,60.39,60.23,60.25,73233
2011-07-29 14:30:00,60.2303,60.24,59.97,60.04,80188
2011-07-29 14:45:00,60.04,60.15,59.98,60.06,49101
2011-07-29 15:00:00,60.06,60.07,59.96,59.97,54603
2011-07-29 15:15:00,59.96,60.1,59.92,60.04,47923
2011-07-29 15:30:00,60.04,60.0475,59.9,59.905,89576
2011-07-29 15:45:00,59.91,59.91,59.7,59.71,116394
2011-07-29 16:00:00,59.71,59.71,59.47,59.48,240073
2011-08-01 09:45:00,59.08,59.62,59.05,59.0987,147200
2011-08-01 10:00:00,59.1,59.2,58.99,59.1,82682
2011-08-01 10:15:00,59.09,59.09,58.48,59.07,132019
2011-08-01 10:30:00,59.03,59.131,59.0,59.11,105402
2011-08-01 10:45:00,59.11,59.26,58.96,59.18,67178
2011-08-01 11:00:00,59.18,59.2966,59.16,59.26,42997
2011-08-01 11:15:00,59.26,59.3275,59.09,59.15,113889
2011-08-01 11:30:00,59.15,59.21,58.96,59.02,110369
2011-08-01 11:45:00,59.02,59.05,58.54,58.59,112817
2011-08-01 12:00:00,58.58,58.64,58.45,58.48,59435
2011-08-01 12:15:00,58.47,58.71,58.47,58.5529,61263
2011-08-01 12:30:00,58.55,58.59,58.47,58.58,26185
2011-08-01 12:45:00,58.58,58.69,58.58,58.6,16986
2011-08-01 13:00:00,58.595,58.71,58.56,58.65,20413
2011-08-01 13:15:00,58.66,58.75,58.47,58.48,63095
2011-08-01 13:30:00,58.46,58.5,58.45,58.48,39413
2011-08-01 13:45:00,58.47,58.54,58.45,58.535,39455
2011-08-01 14:00:00,58.54,58.63,58.54,58.55,59393
2011-08-01 14:15:00,58.575,58.62,58.35,58.36,52478
2011-08-01 14:30:00,58.35,58.46,58.34,58.46,42488
2011-08-01 14:45:00,58.46,58.72,58.45,58.66,59204
2011-08-01 15:00:00,58.665,58.76,58.65,58.66,47596
2011-08-01 15:15:00,58.65,58.77,58.65,58.76,54528
2011-08-01 15:30:00,58.76,58.93,58.745,58.92,94074
2011-08-01 15:45:00,58.92,58.94,58.68,58.76,129162
2011-08-01 16:00:00,58.75,58.79,58.54,58.69,196460
2011-08-02 09:45:00,58.14,59.1,58.14,59.05,165637
2011-08-02 10:00:00,59.07,59.24,58.56,58.56,105202
2011-08-02 10:15:00,58.57,58.96,58.57,58.88,117714
2011-08-02 10:30:00,58.87,58.87,58.56,58.64,70471
2011-08-02 10:45:00,58.63,58.87,58.56,58.8601,161040
2011-08-02 11:00:00,58.87,58.91,58.6,58.7,78172
2011-08-02 11:15:00,58.7,58.78,58.49,58.57,124652
2011-08-02 11:30:00,58.59,58.73,58.33,58.71,190364
2011-08-02 11:45:00,58.69,58.74,58.56,58.56,44631
2011-08-02 12:00:00,58.57,58.63,58.32,58.37,54400
2011-08-02 12:15:00,58.36,58.37,58.21,58.32,44261
2011-08-02 12:30:00,58.32,58.43,58.25,58.29,303970
2011-08-02 12:45:00,58.3,58.34,58.12,58.13,42359
2011-08-02 13:00:00,58.14,58.16,57.86,57.92,69138
2011-08-02 13:15:00,57.93,58.09,57.88,57.89,53658
2011-08-02 13:30:00,57.895,58.14,57.89,57.92,45364
2011-08-02 13:45:00,57.92,58.0,57.625,57.63,66207
2011-08-02 14:00:00,57.62,57.67,57.43,57.44,60428
2011-08-02 14:15:00,57.44,57.76,57.43,57.76,69191
2011-08-02 14:30:00,57.76,57.89,57.67,57.69,44296
2011-08-02 14:45:00,57.71,57.77,57.6,57.64,86050
2011-08-02 15:00:00,57.64,57.69,57.58,57.65,90826
2011-08-02 15:15:00,57.65,57.68,57.48,57.52,103376
2011-08-02 15:30:00,57.51,57.61,57.27,57.29,132954
2011-08-02 15:45:00,57.29,57.42,57.2,57.2,132992
2011-08-02 16:00:00,57.19,57.23,56.92,56.99,236095
2011-08-03 09:45:00,57.07,57.17,56.7906,57.0808,112710
2011-08-03 10:00:00,57.09,57.62,57.09,57.59,111591
2011-08-03 10:15:00,57.58,57.77,57.43,57.75,129441
2011-08-03 10:30:00,57.76,57.76,57.53,57.6,69778
2011-08-03 10:45:00,57.58,57.59,56.92,57.03,130573
2011-08-03 11:00:00,57.03,57.33,56.91,57.26,64663
2011-08-03 11:15:00,57.25,57.66,57.2,57.648,55105
2011-08-03 11:30:00,57.65,57.93,57.57,57.89,72349
2011-08-03 11:45:00,57.9,58.05,57.8,57.81,94040
2011-08-03 12:00:00,57.82,58.0,57.8,57.91,64380
2011-08-03 12:15:00,57.91,57.91,57.72,57.83,57704
2011-08-03 12:30:00,57.84,57.84,57.65,57.78,40270
2011-08-03 12:45:00,57.77,57.97,57.69,57.97,54530
2011-08-03 13:00:00,57.96,58.04,57.9,57.94,33203
2011-08-03 13:15:00,57.935,58.03,57.81,58.0,40176
2011-08-03 13:30:00,57.99,58.08,57.85,57.97,32901
2011-08-03 13:45:00,57.99,58.3,57.97,58.215,62769
2011-08-03 14:00:00,58.22,58.355,58.21,58.3,75461
2011-08-03 14:15:00,58.3,58.46,58.27,58.305,87695
2011-08-03 14:30:00,58.3,58.3,58.14,58.16,60505
2011-08-03 14:45:00,58.18,58.25,58.01,58.1,52452
2011-08-03 15:00:00,58.1,58.22,58.07,58.13,60832
2011-08-03 15:15:00,58.13,58.225,58.01,58.07,69083
2011-08-03 15:30:00,58.04,58.32,58.04,58.24,101804
2011-08-03 15:45:00,58.24,58.27,58.05,58.1,126585
2011-08-03 16:00:00,58.11,58.18,58.02,58.12,157538
2011-08-04 09:45:00,57.58,58.06,57.58,57.85,167313
2011-08-04 10:00:00,57.81,57.87,56.85,56.88,226320
2011-08-04 10:15:00,56.8698,57.3,56.8698,57.18,227465
2011-08-04 10:30:00,57.18,57.28,57.07,57.26,109371
2011-08-04 10:45:00,57.27,57.43,56.75,56.83,140547
2011-08-04 11:00:00,56.84,56.9,56.67,56.7,59493
2011-08-04 11:15:00,56.7,56.9,56.62,56.9,67399
2011-08-04 11:30:00,56.91,57.07,56.82,56.93,91189
2011-08-04 11:45:00,56.93,57.26,56.92,57.0514,190749
2011-08-04 12:00:00,57.05,57.08,56.79,57.005,90478
2011-08-04 12:15:00,57.0,57.31,56.965,57.25,50471
2011-08-04 12:30:00,57.245,57.41,57.2,57.36,83398
2011-08-04 12:45:00,57.35,57.66,57.35,57.63,104750
2011-08-04 13:00:00,57.635,57.79,57.635,57.7,98009
2011-08-04 13:15:00,57.7,57.94,57.66,57.93,156231
2011-08-04 13:30:00,57.94,57.98,57.84,57.91,58728
2011-08-04 13:45:00,57.905,57.93,57.69,57.7688,100285
2011-08-04 14:00:00,57.78,57.78,57.43,57.48,102677
2011-08-04 14:15:00,57.49,57.57,57.39,57.43,74146
2011-08-04 14:30:00,57.44,57.54,57.24,57.25,98991
2011-08-04 14:45:00,57.23,57.52,57.165,57.42,95585
2011-08-04 15:00:00,57.41,57.53,57.37,57.43,97045
2011-08-04 15:15:00,57.42,57.585,57.33,57.42,113617
2011-08-04 15:30:00,57.4,57.5,57.16,57.18,112328
2011-08-04 15:45:00,57.17,57.36,57.09,57.13,178151
2011-08-04 16:00:00,57.12,57.19,56.91,56.91,325967
2011-08-05 09:45:00,57.58,57.84,57.3,57.78,179240
2011-08-05 10:00:00,57.8,57.92,57.26,57.63,272696
2011-08-05 10:15:00,57.6,57.91,57.35,57.71,246491
2011-08-05 10:30:00,57.69,58.1,57.64,58.0,206942
2011-08-05 10:45:00,57.96,58.06,57.63,57.64,155127
2011-08-05 11:00:00,57.63,57.66,57.31,57.5,139411
2011-08-05 11:15:00,57.5,57.5,57.11,57.14,103893
2011-08-05 11:30:00,57.15,57.26,56.9,57.19,131577
2011-08-05 11:45:00,57.21,57.54,57.06,57.09,111992
2011-08-05 12:00:00,57.08,57.08,56.25,56.42,101611
2011-08-05 12:15:00,56.41,56.79,56.35,56.76,79748
2011-08-05 12:30:00,56.79,57.06,56.71,56.79,110975
2011-08-05 12:45:00,56.78,57.51,56.73,57.49,128201
2011-08-05 13:00:00,57.49,58.05,57.43,57.9,128004
2011-08-05 13:15:00,57.92,58.06,57.46,57.82,70694
2011-08-05 13:30:00,57.81,58.26,57.81,58.09,51297
2011-08-05 13:45:00,58.09,58.18,57.8,57.82,69341
2011-08-05 14:00:00,57.825,58.13,57.68,58.12,134273
2011-08-05 14:15:00,58.12,58.22,58.01,58.2017,107717
2011-08-05 14:30:00,58.21,58.49,58.15,58.46,108430
2011-08-05 14:45:00,58.44,58.64,58.32,58.62,121319
2011-08-05 15:00:00,58.6,58.61,58.14,58.18,95605
2011-08-05 15:15:00,58.18,58.28,57.73,57.8,175497
2011-08-05 15:30:00,57.8,57.85,57.69,57.748000000000005,187871
2011-08-05 15:45:00,57.748000000000005,58.41,57.735,58.34,155217
2011-08-05 16:00:00,58.33,58.37,58.11,58.35,323403
2011-08-08 09:45:00,58.13,59.05,57.41,58.9,261504
2011-08-08 10:00:00,58.89,58.91,57.8395,58.41,225039
2011-08-08 10:15:00,58.36,58.55,58.27,58.5299,177091
2011-08-08 10:30:00,58.52,58.56,58.29,58.31,378510
2011-08-08 10:45:00,58.32,58.65,58.25,58.6,281559
2011-08-08 11:00:00,58.6,58.78,58.47,58.57,177008
2011-08-08 11:15:00,58.56,58.83,58.48,58.77,140333
2011-08-08 11:30:00,58.78,59.13,58.77,59.02,156141
2011-08-08 11:45:00,59.02,59.02,58.5,58.55,181793
2011-08-08 12:00:00,58.54,58.91,58.48,58.82,121982
2011-08-08 12:15:00,58.81,58.97,58.7,58.825,138492
2011-08-08 12:30:00,58.81,59.06,58.74,58.95,109943
2011-08-08 12:45:00,58.94,59.11,58.79,59.01,124083
2011-08-08 13:00:00,59.01,59.16,58.88,58.89,124611
2011-08-08 13:15:00,58.88,59.04,58.77,58.88,139957
2011-08-08 13:30:00,58.89,59.14,58.79,59.03,141507
2011-08-08 13:45:00,59.03,59.15,58.91,59.01,105910
2011-08-08 14:00:00,59.01,59.01,58.5,58.5,143049
2011-08-08 14:15:00,58.51,58.715,58.3,58.31,142398
2011-08-08 14:30:00,58.31,58.35,57.41,57.77,189554
2011-08-08 14:45:00,57.78,58.38,57.74,58.33,217182
2011-08-08 15:00:00,58.29,58.34,58.055,58.19,168857
2011-08-08 15:15:00,58.18,58.57,58.0,58.57,124928
2011-08-08 15:30:00,58.575,58.92,58.42,58.46,153818
2011-08-08 15:45:00,58.46,58.46,57.98,58.03,243854
2011-08-08 16:00:00,58.01,58.03,57.49,57.51,343507
2011-08-09 09:45:00,58.16,59.1,58.04,58.225,216792
2011-08-09 10:00:00,58.24,58.63,58.17,58.42,344703
2011-08-09 10:15:00,58.5,58.88,58.43,58.73,196201
2011-08-09 10:30:00,58.73,58.73,58.45,58.636,105227
2011-08-09 10:45:00,58.65,58.68,58.37,58.41,107098
2011-08-09 11:00:00,58.41,58.65,58.38,58.44,69406
2011-08-09 11:15:00,58.44,58.48,58.18,58.32,144841
2011-08-09 11:30:00,58.33,58.33,58.13,58.2,103579
2011-08-09 11:45:00,58.2,58.21,57.97,58.16,92972
2011-08-09 12:00:00,58.16,58.43,58.09,58.37,58967
2011-08-09 12:15:00,58.365,58.47,58.13,58.13,97999
2011-08-09 12:30:00,58.13,58.39,58.07,58.3,62917
2011-08-09 12:45:00,58.29,58.42,58.265,58.4,78165
2011-08-09 13:00:00,58.4,58.42,58.36,58.38,179025
2011-08-09 13:15:00,58.38,58.49,58.29,58.47,169595
2011-08-09 13:30:00,58.46,58.46,58.39,58.4225,92101
2011-08-09 13:45:00,58.41,58.46,58.39,58.4,98230
2011-08-09 14:00:00,58.41,58.47,58.32,58.4,177481
2011-08-09 14:15:00,58.4,58.45,58.31,58.43,169243
2011-08-09 14:30:00,58.45,58.7,57.73,58.31,179472
2011-08-09 14:45:00,58.34,58.49,57.49,57.57,258053
2011-08-09 15:00:00,57.57,58.08,57.48,57.8,225426
2011-08-09 15:15:00,57.83,58.5,57.64,58.49,169979
2011-08-09 15:30:00,58.49,58.73,58.27,58.555,178224
2011-08-09 15:45:00,58.55,59.07,58.44,59.04,257652
2011-08-09 16:00:00,59.03,59.99,58.98,59.92,308937
2011-08-10 09:45:00,58.9,59.0,58.16,58.575,152292
2011-08-10 10:00:00,58.595,59.07899999999999,58.46,58.58,193982
2011-08-10 10:15:00,58.58,58.8192,58.31,58.63,151162
2011-08-10 10:30:00,58.59,58.62,58.28,58.33,139376
2011-08-10 10:45:00,58.34,58.67,58.27,58.28,131944
2011-08-10 11:00:00,58.265,58.32,57.98,58.12,136613
2011-08-10 11:15:00,58.05,58.37,57.91,58.27,84965
2011-08-10 11:30:00,58.26,58.49,58.1,58.19,67908
2011-08-10 11:45:00,58.2,58.47,58.08,58.44,72710
2011-08-10 12:00:00,58.44,58.67,58.18,58.3975,48698
2011-08-10 12:15:00,58.38,58.55,58.26,58.335,50841
2011-08-10 12:30:00,58.32,58.49,58.09,58.09,38359
2011-08-10 12:45:00,58.05,58.21,58.02,58.165,69215
2011-08-10 13:00:00,58.14,58.38,58.14,58.29,56164
2011-08-10 13:15:00,58.29,58.35,58.1,58.24,50393
2011-08-10 13:30:00,58.26,58.32,57.94,58.2,42321
2011-08-10 13:45:00,58.2,58.29,58.09,58.17,41599
2011-08-10 14:00:00,58.24,58.68,58.22,58.62,59946
2011-08-10 14:15:00,58.63,59.02,58.42,58.93,80783
2011-08-10 14:30:00,58.95,58.99,58.71,58.76,160990
2011-08-10 14:45:00,58.77,58.87,58.5,58.59,55312
2011-08-10 15:00:00,58.6,58.79,58.33,58.34,63048
2011-08-10 15:15:00,58.34,58.54,58.12,58.12,94594
2011-08-10 15:30:00,58.12,58.46,58.06,58.22,68315
2011-08-10 15:45:00,58.18,58.19,57.82,57.95,226355
2011-08-10 16:00:00,57.94,57.94,57.46,57.46,268190
2011-08-11 09:45:00,58.01,59.36,58.01,58.65,201367
2011-08-11 10:00:00,58.69,58.83,58.2,58.67,274510
2011-08-11 10:15:00,58.67,58.85,58.58,58.8,167710
2011-08-11 10:30:00,58.81,58.97,58.63,58.73,117030
2011-08-11 10:45:00,58.74,58.99,58.67,58.71,159435
2011-08-11 11:00:00,58.69,59.12,58.63,58.95,203664
2011-08-11 11:15:00,58.95,59.02,58.6,58.71,114101
2011-08-11 11:30:00,58.74,58.82,58.57,58.68,98825
2011-08-11 11:45:00,58.67,58.83,58.6,58.785,53989
2011-08-11 12:00:00,58.84,58.92,58.67,58.68,56636
2011-08-11 12:15:00,58.675,58.825,58.58,58.79,72827
2011-08-11 12:30:00,58.79,58.82,58.5,58.57,66249
2011-08-11 12:45:00,58.57,58.92,58.57,58.91,41821
2011-08-11 13:00:00,58.92,59.06,58.845,58.96,87519
2011-08-11 13:15:00,58.98,58.98,58.7,58.86,52504
2011-08-11 13:30:00,58.89,58.96,58.75,58.85,55496
2011-08-11 13:45:00,58.86,58.95,58.72,58.75,54411
2011-08-11 14:00:00,58.77,59.05,58.77,59.02,48281
2011-08-11 14:15:00,59.02,59.23,58.96,59.23,80041
2011-08-11 14:30:00,59.22,59.42,59.21,59.37,69766
2011-08-11 14:45:00,59.3609,59.38,59.01,59.11,179796
2011-08-11 15:00:00,59.09,59.47,59.08,59.425,84974
2011-08-11 15:15:00,59.42,59.59,59.35,59.5,120255
2011-08-11 15:30:00,59.5,59.5098,59.16,59.31,183497
2011-08-11 15:45:00,59.35,59.43,59.26,59.41,186522
2011-08-11 16:00:00,59.42,59.5,58.89,59.02,366984
2011-08-12 09:45:00,59.08,59.29,58.84,59.0,54054
2011-08-12 10:00:00,59.01,59.42,58.87,59.07,94565
2011-08-12 10:15:00,59.04,59.42,58.88,59.36,138426
2011-08-12 10:30:00,59.36,59.56,59.27,59.51,223318
2011-08-12 10:45:00,59.56,59.61,59.37,59.41,57974
2011-08-12 11:00:00,59.41,59.6,59.41,59.54,42831
2011-08-12 11:15:00,59.54,59.66,59.48,59.52,67710
2011-08-12 11:30:00,59.54,59.68,59.44,59.65,81879
2011-08-12 11:45:00,59.65,59.69,59.53,59.69,39359
2011-08-12 12:00:00,59.72,59.99,59.705,59.99,127442
2011-08-12 12:15:00,59.99,60.04,59.94,60.0312,58495
2011-08-12 12:30:00,60.0292,60.09,59.95,60.02,31511
2011-08-12 12:45:00,60.02,60.24,59.99,60.24,68029
2011-08-12 13:00:00,60.24,60.27,60.06,60.26,37319
2011-08-12 13:15:00,60.25,60.42,60.25,60.32,46192
2011-08-12 13:30:00,60.33,60.56,60.26,60.56,50011
2011-08-12 13:45:00,60.58,60.72,60.52,60.64,43523
2011-08-12 14:00:00,60.64,60.72,60.56,60.61,33786
2011-08-12 14:15:00,60.61,60.68,60.45,60.51,20761
2011-08-12 14:30:00,60.53,60.57,60.14,60.31,37257
2011-08-12 14:45:00,60.29,60.34,60.04,60.2,29145
2011-08-12 15:00:00,60.18,60.3,60.16,60.29,34908
2011-08-12 15:15:00,60.29,60.54,60.28,60.32,35196
2011-08-12 15:30:00,60.32,60.33,60.18,60.21,33349
2011-08-12 15:45:00,60.22,60.36,60.0,60.2,148844
2011-08-12 16:00:00,60.19,60.25,60.11,60.24,147585
2011-08-15 09:45:00,60.37,60.37,59.96,60.25,59634
2011-08-15 10:00:00,60.2,60.2,59.85,59.97,31162
2011-08-15 10:15:00,59.97,60.14,59.92,60.09,44895
2011-08-15 10:30:00,60.11,60.31,60.09,60.28,49642
2011-08-15 10:45:00,60.265,60.3228,60.06,60.07,59724
2011-08-15 11:00:00,60.08,60.27,60.065,60.14,56338
2011-08-15 11:15:00,60.14,60.21,60.03,60.0301,47615
2011-08-15 11:30:00,60.04,60.09,59.91,60.05,105817
2011-08-15 11:45:00,60.05,60.08,59.93,60.02,55148
2011-08-15 12:00:00,60.03,60.09,59.99,59.99,44100
2011-08-15 12:15:00,59.99,60.18,59.99,60.12,42182
2011-08-15 12:30:00,60.11,60.22,60.1,60.18,24087
2011-08-15 12:45:00,60.18,60.4,60.18,60.385,37372
2011-08-15 13:00:00,60.41,60.45,60.33,60.4109,29759
2011-08-15 13:15:00,60.4106,60.46,60.37,60.43,68077
2011-08-15 13:30:00,60.43,60.55,60.39,60.44,52454
2011-08-15 13:45:00,60.46,60.59,60.41,60.59,26525
2011-08-15 14:00:00,60.6,60.63,60.53,60.6,13571
2011-08-15 14:15:00,60.61,60.63,60.56,60.61,16770
2011-08-15 14:30:00,60.61,60.78,60.59,60.75,17642
2011-08-15 14:45:00,60.76,60.8,60.59,60.66,24910
2011-08-15 15:00:00,60.64,60.74,60.56,60.63,63162
2011-08-15 15:15:00,60.6316,60.65,60.59,60.63,34813
2011-08-15 15:30:00,60.64,60.69,60.5,60.53,48856
2011-08-15 15:45:00,60.51,60.75,60.51,60.75,79170
2011-08-15 16:00:00,60.74,60.83,60.58,60.74,294941
2011-08-16 09:45:00,60.09,60.4,59.8,60.03,41401
2011-08-16 10:00:00,60.04,60.04,59.61,59.97,94863
2011-08-16 10:15:00,59.958,60.1,59.94,60.07,44738
2011-08-16 10:30:00,60.1,60.32,60.02,60.29,45911
2011-08-16 10:45:00,60.32,60.33,60.15,60.15,56016
2011-08-16 11:00:00,60.15,60.49,60.11,60.49,41297
2011-08-16 11:15:00,60.5,60.5,60.13,60.21,30901
2011-08-16 11:30:00,60.22,60.22,60.06,60.16,25579
2011-08-16 11:45:00,60.14,60.35,60.06,60.35,23510
2011-08-16 12:00:00,60.39,60.39,60.2,60.26,28227
2011-08-16 12:15:00,60.25,60.46,60.13,60.32,33669
2011-08-16 12:30:00,60.35,60.4,60.0,60.06,41469
2011-08-16 12:45:00,60.02,60.13,59.91,60.08,46066
2011-08-16 13:00:00,60.06,60.13,59.94,60.12,44874
2011-08-16 13:15:00,60.12,60.14,59.81,59.91,44229
2011-08-16 13:30:00,59.92,60.02,59.91,60.0,75420
2011-08-16 13:45:00,59.99,60.08,59.95,60.02,45495
2011-08-16 14:00:00,60.01,60.31,59.985,60.265,37241
2011-08-16 14:15:00,60.24,60.46,60.24,60.43,27788
2011-08-16 14:30:00,60.45,60.5,60.35,60.39,34092
2011-08-16 14:45:00,60.41,60.46,60.32,60.46,26363
2011-08-16 15:00:00,60.47,60.56,60.47,60.52,43794
2011-08-16 15:15:00,60.51,60.68,60.5,60.61,50617
2011-08-16 15:30:00,60.61,60.92,60.61,60.91,32255
2011-08-16 15:45:00,60.91,60.95,60.8,60.86,114699
2011-08-16 16:00:00,60.86,60.89,60.53,60.65,133428
2011-08-17 09:45:00,60.86,61.0,60.54,61.0,22022
2011-08-17 10:00:00,61.06,61.47,60.99,61.28,69483
2011-08-17 10:15:00,61.3,61.4835,61.3,61.44,63898
2011-08-17 10:30:00,61.44,61.56,61.41,61.54,42896
2011-08-17 10:45:00,61.54,61.64,61.21,61.63,87400
2011-08-17 11:00:00,61.63,61.7,61.41,61.41,44676
2011-08-17 11:15:00,61.42,61.44,61.19,61.23,52005
2011-08-17 11:30:00,61.24,61.24,60.79,60.82,38321
2011-08-17 11:45:00,60.85,60.94,60.69,60.75,34062
2011-08-17 12:00:00,60.77,60.82,60.45,60.4501,32179
2011-08-17 12:15:00,60.47,60.47,60.26,60.31,30344
2011-08-17 12:30:00,60.3,60.52,60.29,60.52,41739
2011-08-17 12:45:00,60.56,60.67,60.56,60.67,17073
2011-08-17 13:00:00,60.67,60.71,60.5,60.54,54844
2011-08-17 13:15:00,60.54,60.59,60.49,60.51,50067
2011-08-17 13:30:00,60.55,60.58,60.4,60.46,25288
2011-08-17 13:45:00,60.46,60.47,60.25,60.29,42337
2011-08-17 14:00:00,60.26,60.43,60.26,60.36,26806
2011-08-17 14:15:00,60.35,60.61,60.35,60.56,28570
2011-08-17 14:30:00,60.55,60.71,60.5,60.7,39515
2011-08-17 14:45:00,60.71,60.78,60.5,60.565,30781
2011-08-17 15:00:00,60.57,60.83,60.5,60.76,34882
2011-08-17 15:15:00,60.77,60.94,60.69,60.89,72561
2011-08-17 15:30:00,60.9,61.04,60.84,61.01,82100
2011-08-17 15:45:00,61.01,61.03,60.92,60.99,91756
2011-08-17 16:00:00,60.99,61.08,60.97,61.06,148119
2011-08-18 09:45:00,59.88,61.12,59.03,61.04,161793
2011-08-18 10:00:00,61.04,61.04,60.36,60.42,98277
2011-08-18 10:15:00,60.41,60.47,59.91,60.29,227523
2011-08-18 10:30:00,60.29,61.05,60.25,61.05,149848
2011-08-18 10:45:00,61.04,61.12,60.45,60.55,220842
2011-08-18 11:00:00,60.55,61.15,60.55,61.1,123913
2011-08-18 11:15:00,61.11,61.62,61.07,61.53,255344
2011-08-18 11:30:00,61.52,61.52,61.03,61.07,63463
2011-08-18 11:45:00,61.07,61.49,61.06,61.42,68136
2011-08-18 12:00:00,61.43,61.51,61.26,61.28,37908
2011-08-18 12:15:00,61.28,61.29,61.07,61.195,50820
2011-08-18 12:30:00,61.195,61.26,61.05,61.13,50168
2011-08-18 12:45:00,61.08,61.23,61.03,61.21,54637
2011-08-18 13:00:00,61.21,61.22,61.08,61.11,30217
2011-08-18 13:15:00,61.1,61.13,60.9,60.92,81762
2011-08-18 13:30:00,60.92,60.94,60.76,60.76,54937
2011-08-18 13:45:00,60.76,60.79,60.52,60.68,55038
2011-08-18 14:00:00,60.65,60.72,60.42,60.54,41646
2011-08-18 14:15:00,60.54,60.84,60.53,60.65,93200
2011-08-18 14:30:00,60.67,61.04,60.64,60.97,67834
2011-08-18 14:45:00,61.0,61.04,60.91,60.95,83372
2011-08-18 15:00:00,60.94,60.98,60.59,60.6,80642
2011-08-18 15:15:00,60.58,60.75,60.42,60.68,91461
2011-08-18 15:30:00,60.69,61.04,60.6,60.94,105244
2011-08-18 15:45:00,60.96,61.26,60.93,61.04,243347
2011-08-18 16:00:00,61.05,61.6,61.01,61.36,276368
2011-08-19 09:45:00,60.49,61.86,60.49,61.61,279136
2011-08-19 10:00:00,61.57,62.04,61.25,62.03,99056
2011-08-19 10:15:00,62.01,62.3,61.84,62.02,88537
2011-08-19 10:30:00,62.04,62.57,61.95,62.5,53563
2011-08-19 10:45:00,62.48,62.59,62.09,62.15,101291
2011-08-19 11:00:00,62.16,62.16,61.84,61.85,66018
2011-08-19 11:15:00,61.86,61.88,61.41,61.46,58770
2011-08-19 11:30:00,61.44,61.61,61.38,61.47,98980
2011-08-19 11:45:00,61.48,61.6,61.3,61.57,93943
2011-08-19 12:00:00,61.58,61.88,61.58,61.86,123178
2011-08-19 12:15:00,61.88,61.91,61.72,61.91,29358
2011-08-19 12:30:00,61.88,61.97,61.71,61.79,52888
2011-08-19 12:45:00,61.77,61.88,61.71,61.75,64683
2011-08-19 13:00:00,61.76,61.82,61.71,61.74,81785
2011-08-19 13:15:00,61.74,61.83,61.65,61.78,34551
2011-08-19 13:30:00,61.79,61.8,61.63,61.685,32030
2011-08-19 13:45:00,61.68,61.69,61.44,61.46,48447
2011-08-19 14:00:00,61.45,61.63,61.44,61.53,22520
2011-08-19 14:15:00,61.53,61.58,61.29,61.42,83841
2011-08-19 14:30:00,61.4,61.435,61.195,61.39,75301
2011-08-19 14:45:00,61.38,61.4,61.01,61.12,169499
2011-08-19 15:00:00,61.15,61.15,61.0,61.08,80451
2011-08-19 15:15:00,61.09,61.29,61.02,61.07,47778
2011-08-19 15:30:00,61.06,61.35,61.02,61.28,99787
2011-08-19 15:45:00,61.29,61.31,61.1,61.25,59489
2011-08-19 16:00:00,61.25,61.33,61.0,61.06,242321
2011-08-22 09:45:00,61.96,62.11,61.74,61.93,76332
2011-08-22 10:00:00,61.9,62.17,61.72,61.94,90496
2011-08-22 10:15:00,61.98,62.11,61.88,62.0,66995
2011-08-22 10:30:00,62.0,62.45,61.99,62.25,89582
2011-08-22 10:45:00,62.28,62.36,61.94,61.96,226064
2011-08-22 11:00:00,61.97,62.1,61.9,62.0,93045
2011-08-22 11:15:00,62.0,62.01,61.82,61.96,91206
2011-08-22 11:30:00,61.96,61.99,61.55,61.66,22691
2011-08-22 11:45:00,61.67,61.78,61.45,61.66,175108
2011-08-22 12:00:00,61.675,61.87,61.51,61.53,64788
2011-08-22 12:15:00,61.56,61.7,61.5,61.6,63867
2011-08-22 12:30:00,61.59,61.87,61.52,61.76,28350
2011-08-22 12:45:00,61.77,61.83,61.62,61.791000000000004,31668
2011-08-22 13:00:00,61.82,62.11,61.75,62.04,51177
2011-08-22 13:15:00,62.05,62.1,61.98,62.04,34313
2011-08-22 13:30:00,62.01,62.13,61.93,61.93,22063
2011-08-22 13:45:00,61.955,62.03,61.83,61.89,27387
2011-08-22 14:00:00,61.89,62.01,61.75,61.985,36198
2011-08-22 14:15:00,61.97,62.04,61.92,61.99,29114
2011-08-22 14:30:00,62.02,62.15,61.9,61.98,27802
2011-08-22 14:45:00,61.98,61.98,61.83,61.96,25715
2011-08-22 15:00:00,61.92,61.95,61.76,61.77,23974
2011-08-22 15:15:00,61.76,61.98,61.72,61.91,42959
2011-08-22 15:30:00,61.89,62.08,61.88,62.03,44912
2011-08-22 15:45:00,62.02,62.07,61.92,62.0,117081
2011-08-22 16:00:00,62.01,62.03,61.68,61.85,149089
2011-08-23 09:45:00,62.0,62.3,61.8,62.12,56192
2011-08-23 10:00:00,62.12,62.49,62.08,62.41,114332
2011-08-23 10:15:00,62.41,63.04,62.39,62.92,95568
2011-08-23 10:30:00,62.93,63.07,62.82,62.95,122106
2011-08-23 10:45:00,62.97,62.97,62.8,62.92,223715
2011-08-23 11:00:00,62.9,62.91,62.07,62.28,276292
2011-08-23 11:15:00,62.25,62.69,62.23,62.65,50399
2011-08-23 11:30:00,62.67,62.88,62.64,62.87,40242
2011-08-23 11:45:00,62.87,63.3,62.83,63.3,53482
2011-08-23 12:00:00,63.31,63.64,63.31,63.51,99923
2011-08-23 12:15:00,63.52,63.52,63.3022,63.37,15509
2011-08-23 12:30:00,63.34,63.48,63.22,63.23,23256
2011-08-23 12:45:00,63.21,63.27,63.11,63.12,40116
2011-08-23 13:00:00,63.14,63.22,62.98,63.01,133236
2011-08-23 13:15:00,63.022,63.06,62.81,62.97,49811
2011-08-23 13:30:00,62.95,63.0,62.85,62.86,18584
2011-08-23 13:45:00,62.9,63.0,62.84,62.98,45481
2011-08-23 14:00:00,62.97,63.02,62.66,62.78,49757
2011-08-23 14:15:00,62.8,62.95,62.7,62.71,38993
2011-08-23 14:30:00,62.72,63.01,62.71,62.95,59973
2011-08-23 14:45:00,62.95,63.07,62.94,63.0,70979
2011-08-23 15:00:00,63.0,63.05,62.98,63.03,113865
2011-08-23 15:15:00,63.03,63.05,62.99,63.0,358279
2011-08-23 15:30:00,63.005,63.14,62.96,63.04,191728
2011-08-23 15:45:00,63.07,63.13,62.83,62.87,363657
2011-08-23 16:00:00,62.88,63.22,62.85,63.18,381038
2011-08-24 09:45:00,62.87,63.41,62.86,63.38,76482
2011-08-24 10:00:00,63.43,63.94,63.34,63.84,73650
2011-08-24 10:15:00,63.8,64.15,63.61,63.71,212679
2011-08-24 10:30:00,63.73,63.81,63.67,63.75,107797
2011-08-24 10:45:00,63.75,63.78,63.49,63.71,77389
2011-08-24 11:00:00,63.7,63.73,63.43,63.47,42273
2011-08-24 11:15:00,63.47,63.63,63.3,63.63,54910
2011-08-24 11:30:00,63.63,63.75,63.46,63.66,28710
2011-08-24 11:45:00,63.63,63.7,63.49,63.54,15107
2011-08-24 12:00:00,63.55,63.71,63.34,63.55,31532
2011-08-24 12:15:00,63.53,63.545,63.31,63.4,38320
2011-08-24 12:30:00,63.4,63.42,63.24,63.345,31077
2011-08-24 12:45:00,63.34,63.44,63.25,63.42,64289
2011-08-24 13:00:00,63.4,63.58,63.29,63.56,26486
2011-08-24 13:15:00,63.57,63.67,63.49,63.66,30421
2011-08-24 13:30:00,63.64,63.78,63.61,63.71,64704
2011-08-24 13:45:00,63.75,63.7585,63.55,63.58,20437
2011-08-24 14:00:00,63.59,63.66,63.52,63.63,34420
2011-08-24 14:15:00,63.62,63.7,63.47,63.51,83957
2011-08-24 14:30:00,63.5,63.51,63.37,63.43,29256
2011-08-24 14:45:00,63.43,63.54,63.41,63.52,67830
2011-08-24 15:00:00,63.52,63.53,63.44,63.45,116635
2011-08-24 15:15:00,63.45,63.55,63.45,63.53,258856
2011-08-24 15:30:00,63.53,63.62,63.48,63.595,325300
2011-08-24 15:45:00,63.58,63.85,63.58,63.85,105830
2011-08-24 16:00:00,63.85,64.8,63.75,63.96,421949
2011-08-25 09:45:00,63.98,64.22,63.85,64.04,114241
2011-08-25 10:00:00,64.02,64.11,63.815,63.88,83364
2011-08-25 10:15:00,63.89,63.9,63.51,63.9,37019
2011-08-25 10:30:00,63.81,63.82,63.14,63.38,41754
2011-08-25 10:45:00,63.35,63.53,63.21,63.51,112068
2011-08-25 11:00:00,63.52,63.5399,63.23,63.23,80917
2011-08-25 11:15:00,63.27,63.5,63.24,63.41,71079
2011-08-25 11:30:00,63.43,63.73,63.43,63.55,49585
2011-08-25 11:45:00,63.58,63.7,63.49,63.55,27857
2011-08-25 12:00:00,63.53,63.88,63.49,63.81,55115
2011-08-25 12:15:00,63.8,63.8999,63.71,63.76,28002
2011-08-25 12:30:00,63.76,63.76,63.53,63.64,17088
2011-08-25 12:45:00,63.64,63.64,63.47,63.51,41201
2011-08-25 13:00:00,63.52,63.58,63.38,63.48,43670
2011-08-25 13:15:00,63.52,63.571999999999996,63.16,63.29,361320
2011-08-25 13:30:00,63.28,63.49,63.19,63.49,27053
2011-08-25 13:45:00,63.49,63.55,63.39,63.5,20689
2011-08-25 14:00:00,63.5,63.55,63.31,63.36,45544
2011-08-25 14:15:00,63.37,63.46,63.31,63.4,29310
2011-08-25 14:30:00,63.4,63.51,63.27,63.38,49708
2011-08-25 14:45:00,63.38,63.49,63.34,63.39,46223
2011-08-25 15:00:00,63.39,63.44,63.15,63.15,35873
2011-08-25 15:15:00,63.12,63.2,63.04,63.17,32773
2011-08-25 15:30:00,63.16,63.45,63.15,63.22,52666
2011-08-25 15:45:00,63.21,63.26,62.86,62.86,56750
2011-08-25 16:00:00,62.88,63.01,62.85,62.94,155107
2011-08-26 09:45:00,62.92,62.92,62.46,62.53,37931
2011-08-26 10:00:00,62.51,62.91,62.22,62.85,84385
2011-08-26 10:15:00,62.87,62.87,62.28,62.58,140519
2011-08-26 10:30:00,62.65,63.5,62.62,63.39,46611
2011-08-26 10:45:00,63.43,63.52,63.15,63.455,33766
2011-08-26 11:00:00,63.41,63.84,63.38,63.5482,31596
2011-08-26 11:15:00,63.49,63.56,63.28,63.36,293586
2011-08-26 11:30:00,63.36,63.6,63.15,63.199,181770
2011-08-26 11:45:00,63.25,63.28,63.16,63.22,100711
2011-08-26 12:00:00,63.25,63.26,63.14,63.19,87193
2011-08-26 12:15:00,63.21,63.37,63.19,63.25,211465
2011-08-26 12:30:00,63.25,63.55,63.22,63.5,74248
2011-08-26 12:45:00,63.51,63.57,63.34,63.42,46316
2011-08-26 13:00:00,63.43,63.53,63.33,63.42,40557
2011-08-26 13:15:00,63.44,63.73,63.41,63.665,31015
2011-08-26 13:30:00,63.665,63.85,63.59,63.83,23367
2011-08-26 13:45:00,63.82,63.99,63.71,63.98,45706
2011-08-26 14:00:00,63.9697,64.1,63.905,64.09,34692
2011-08-26 14:15:00,64.1,64.1599,63.91,63.92,33702
2011-08-26 14:30:00,63.93,64.0,63.7,63.72,44156
2011-08-26 14:45:00,63.73,63.91,63.58,63.8,73211
2011-08-26 15:00:00,63.83,63.97,63.82,63.97,44901
2011-08-26 15:15:00,63.97,63.97,63.74,63.7803,31323
2011-08-26 15:30:00,63.81,63.82,63.52,63.66,39951
2011-08-26 15:45:00,63.64,63.89,63.57,63.865,57704
2011-08-26 16:00:00,63.87,63.95,63.81,63.92,110417
2011-08-29 09:45:00,64.39,64.965,63.75,64.952,107721
2011-08-29 10:00:00,64.96,65.0,64.75,64.85,81007
2011-08-29 10:15:00,64.88,64.98,64.77,64.95,48261
2011-08-29 10:30:00,65.0,65.21,64.9,64.97,110591
2011-08-29 10:45:00,64.97,65.18,64.9,64.99,62810
2011-08-29 11:00:00,64.98,65.1632,64.98,65.08,22732
2011-08-29 11:15:00,65.08,65.1,64.94,64.97,34194
2011-08-29 11:30:00,65.0,65.0,64.87,64.87,40294
2011-08-29 11:45:00,64.885,64.9,64.49,64.52,228196
2011-08-29 12:00:00,64.52,64.55,64.49,64.53,91496
2011-08-29 12:15:00,64.525,64.54,64.49,64.52,74593
2011-08-29 12:30:00,64.53,64.555,64.49,64.53,79961
2011-08-29 12:45:00,64.52,64.74,64.5,64.74,57970
2011-08-29 13:00:00,64.75,64.75,64.64,64.64,28181
2011-08-29 13:15:00,64.64,64.77,64.6,64.71,19250
2011-08-29 13:30:00,64.75,64.75,64.65,64.66,17682
2011-08-29 13:45:00,64.66,64.67,64.56,64.59,18849
2011-08-29 14:00:00,64.59,64.65,64.52,64.61,28573
2011-08-29 14:15:00,64.63,64.75,64.57,64.73,28396
2011-08-29 14:30:00,64.7683,64.79,64.68,64.765,28125
2011-08-29 14:45:00,64.77,64.82,64.73,64.8,31604
2011-08-29 15:00:00,64.8094,64.84,64.76,64.8,32690
2011-08-29 15:15:00,64.79,64.88,64.79,64.88,27417
2011-08-29 15:30:00,64.89,65.06,64.88,65.03,54563
2011-08-29 15:45:00,65.02,65.125,64.99,65.1225,74002
2011-08-29 16:00:00,65.12,65.25,65.09,65.22,128064
2011-08-30 09:45:00,64.76,65.42,64.76,65.08,81600
2011-08-30 10:00:00,65.06,65.24,64.9403,65.1,194792
2011-08-30 10:15:00,65.08,65.1,64.8,65.0,70665
2011-08-30 10:30:00,64.97,65.24,64.87,65.13,44776
2011-08-30 10:45:00,65.11,65.31,65.1,65.13,31103
2011-08-30 11:00:00,65.14,65.2388,64.991,65.07,42475
2011-08-30 11:15:00,65.07,65.18,65.07,65.14,86304
2011-08-30 11:30:00,65.14,65.28,65.11,65.25,110433
2011-08-30 11:45:00,65.23,65.47,65.22,65.4,80951
2011-08-30 12:00:00,65.41,65.42,65.24,65.36,39845
2011-08-30 12:15:00,65.375,65.38,65.16,65.22,24649
2011-08-30 12:30:00,65.21,65.31,65.19,65.25,17579
2011-08-30 12:45:00,65.22,65.29,65.17,65.17,46659
2011-08-30 13:00:00,65.16,65.18,65.0,65.11,27067
2011-08-30 13:15:00,65.13,65.16,65.02,65.14,18588
2011-08-30 13:30:00,65.16,65.19,65.01,65.06,20060
2011-08-30 13:45:00,65.05,65.05,64.95,65.02,21557
2011-08-30 14:00:00,65.02,65.14,64.98,65.06,18662
2011-08-30 14:15:00,65.06,65.16,64.94,65.09,104197
2011-08-30 14:30:00,65.1,65.19,65.06,65.175,28661
2011-08-30 14:45:00,65.18,65.2,65.1,65.18,96524
2011-08-30 15:00:00,65.17,65.18,65.08,65.15,106899
2011-08-30 15:15:00,65.14,65.2,65.08,65.16,86972
2011-08-30 15:30:00,65.17,65.2,65.14,65.185,99437
2011-08-30 15:45:00,65.2,65.35,65.17,65.33,175510
2011-08-30 16:00:00,65.34,65.35,65.11,65.13,165055
2011-08-31 09:45:00,65.44,65.67,65.27,65.63,73957
2011-08-31 10:00:00,65.58,66.02,65.58,65.82,189619
2011-08-31 10:15:00,65.82,65.93,65.74,65.79,45204
2011-08-31 10:30:00,65.79,65.88,65.7,65.818,47125
2011-08-31 10:45:00,65.82,65.87,65.76,65.86,45665
2011-08-31 11:00:00,65.87,65.88,65.62,65.635,28931
2011-08-31 11:15:00,65.635,65.65,65.54,65.6,72889
2011-08-31 11:30:00,65.6,65.69,65.51,65.69,56911
2011-08-31 11:45:00,65.67,65.7491,65.5202,65.7,36571
2011-08-31 12:00:00,65.68,65.68,65.39,65.42,19652
2011-08-31 12:15:00,65.43,65.53,65.415,65.5,57786
2011-08-31 12:30:00,65.5,65.5,65.43,65.45,50457
2011-08-31 12:45:00,65.44,65.5,65.37,65.37,43765
2011-08-31 13:00:00,65.36,65.49,65.34,65.4871,29252
2011-08-31 13:15:00,65.49,65.51,65.425,65.43,34777
2011-08-31 13:30:00,65.43,65.44,65.28,65.35,30637
2011-08-31 13:45:00,65.34,65.38,65.2,65.25,46182
2011-08-31 14:00:00,65.26,65.26,65.0,65.01,85373
2011-08-31 14:15:00,65.02,65.03,64.93,64.96,54690
2011-08-31 14:30:00,64.97,65.055,64.955,64.96,27774
2011-08-31 14:45:00,64.97,64.97,64.75,64.75,25513
2011-08-31 15:00:00,64.74,64.83,64.59,64.7,71376
2011-08-31 15:15:00,64.7,64.8,64.6,64.63,144860
2011-08-31 15:30:00,64.6216,64.77,64.54,64.77,74448
2011-08-31 15:45:00,64.79,65.05,64.785,65.05,91166
2011-08-31 16:00:00,65.06,65.08,64.82,64.88,202044
2011-09-01 09:45:00,64.47,65.0,63.3929,64.92,102704
2011-09-01 10:00:00,64.93,65.11,64.89,65.05,92791
2011-09-01 10:15:00,65.02,65.55,65.0,65.28,220186
2011-09-01 10:30:00,65.21,65.55,65.15,65.495,68525
2011-09-01 10:45:00,65.51,65.53,65.18,65.5,54390
2011-09-01 11:00:00,65.5,65.57,65.28,65.56,75879
2011-09-01 11:15:00,65.56,65.85,65.5,65.81,170058
2011-09-01 11:30:00,65.83,65.88,65.49,65.6095,74693
2011-09-01 11:45:00,65.61,65.69,65.46,65.49,72945
2011-09-01 12:00:00,65.4998,65.9,65.48,65.77,51535
2011-09-01 12:15:00,65.7508,65.93,65.75,65.88,63419
2011-09-01 12:30:00,65.88,66.1,65.78,66.05,76001
2011-09-01 12:45:00,66.0666,66.1,65.93,65.94,39769
2011-09-01 13:00:00,65.94,65.99,65.755,65.8001,45538
2011-09-01 13:15:00,65.8,65.85,65.73,65.85,56221
2011-09-01 13:30:00,65.84,65.855,65.59,65.69,50881
2011-09-01 13:45:00,65.68,65.6928,65.4675,65.56,29568
2011-09-01 14:00:00,65.54,65.71,65.49,65.61,43802
2011-09-01 14:15:00,65.61,65.69,65.45,65.65,62017
2011-09-01 14:30:00,65.65,65.69,65.53,65.67,48308
2011-09-01 14:45:00,65.6798,65.94,65.6798,65.86,71180
2011-09-01 15:00:00,65.86,65.86,65.71,65.76,62088
2011-09-01 15:15:00,65.76,65.76,65.49,65.56,60296
2011-09-01 15:30:00,65.57,65.78,65.55,65.74,66006
2011-09-01 15:45:00,65.74,65.75,65.47,65.62,117485
2011-09-01 16:00:00,65.63,65.79,65.62,65.71,186783
2011-09-02 09:45:00,64.57,65.5,64.56,65.45,85697
2011-09-02 10:00:00,65.46,65.64,65.35,65.58,74575
2011-09-02 10:15:00,65.58,65.98,65.47,65.79,81081
2011-09-02 10:30:00,65.79,65.93,65.54,65.77,79971
2011-09-02 10:45:00,65.77,65.79,65.49,65.55,51681
2011-09-02 11:00:00,65.535,65.72,65.47,65.66,65297
2011-09-02 11:15:00,65.66,65.99,65.61,65.99,47597
2011-09-02 11:30:00,65.97,66.2,65.86,66.2,90713
2011-09-02 11:45:00,66.19,66.37,65.95,65.97,175051
2011-09-02 12:00:00,65.96,66.0,65.85,65.89,25002
2011-09-02 12:15:00,65.88,66.0549,65.88,65.96,31298
2011-09-02 12:30:00,65.95,65.99,65.76,65.8,87076
2011-09-02 12:45:00,65.81,65.85,65.77,65.84,53036
2011-09-02 13:00:00,65.84,65.88,65.79,65.88,26761
2011-09-02 13:15:00,65.89,65.94,65.76,65.8,38218
2011-09-02 13:30:00,65.78,65.92,65.725,65.85,33833
2011-09-02 13:45:00,65.845,65.89,65.76,65.77,33397
2011-09-02 14:00:00,65.74,65.81,65.67,65.73,55049
2011-09-02 14:15:00,65.7,65.76,65.57,65.64,57924
2011-09-02 14:30:00,65.63,65.82,65.59,65.81,69050
2011-09-02 14:45:00,65.81,65.95,65.73,65.75,104525
2011-09-02 15:00:00,65.75,65.84,65.73,65.8,72758
2011-09-02 15:15:00,65.81,65.82,65.6985,65.71,77837
2011-09-02 15:30:00,65.7,65.79,65.61,65.79,82673
2011-09-02 15:45:00,65.78,66.09,65.765,66.09,141256
2011-09-02 16:00:00,66.09,66.13,65.73,65.75,239407
2011-09-06 09:45:00,64.11,64.95,64.05,64.8156,82533
2011-09-06 10:00:00,64.84,65.03,64.65,64.97,48108
2011-09-06 10:15:00,64.99,65.26,64.99,65.0842,44989
2011-09-06 10:30:00,65.09,65.15,64.89,64.89,58896
2011-09-06 10:45:00,64.86,64.99,64.77,64.9,36802
2011-09-06 11:00:00,64.88,65.26,64.8,65.26,38923
2011-09-06 11:15:00,65.25,65.4694,65.16,65.44,58843
2011-09-06 11:30:00,65.44,65.69,65.41,65.67,36604
2011-09-06 11:45:00,65.69,65.89,65.66,65.76,46422
2011-09-06 12:00:00,65.76,66.1,65.62,66.08,66206
2011-09-06 12:15:00,66.08,66.11,65.81,65.915,29521
2011-09-06 12:30:00,65.91,66.02,65.88,65.9,31084
2011-09-06 12:45:00,65.88,65.89,65.6999,65.73,20715
2011-09-06 13:00:00,65.74,65.74,65.6,65.7,22626
2011-09-06 13:15:00,65.71,66.0,65.69,65.9975,46339
2011-09-06 13:30:00,65.99,66.056,65.88,65.91,28666
2011-09-06 13:45:00,65.91,66.09,65.77,66.08,23046
2011-09-06 14:00:00,66.08,66.28,66.07,66.27,63909
2011-09-06 14:15:00,66.26,66.55,66.26,66.46,79368
2011-09-06 14:30:00,66.46,66.62,66.35,66.558,49744
2011-09-06 14:45:00,66.55,66.56,66.26,66.43,42485
2011-09-06 15:00:00,66.44,66.45,66.26,66.28,44192
2011-09-06 15:15:00,66.28,66.31,66.09,66.1,53133
2011-09-06 15:30:00,66.1,66.29,66.01,66.21,48326
2011-09-06 15:45:00,66.21,66.5,66.06,66.5,80372
2011-09-06 16:00:00,66.47,66.7,66.43,66.6,146124
2011-09-07 09:45:00,67.0,67.32,66.65,67.285,92780
2011-09-07 10:00:00,67.26,67.87,67.26,67.73,109771
2011-09-07 10:15:00,67.71,67.86,67.55,67.86,40996
2011-09-07 10:30:00,67.85,67.86,67.58,67.66,43086
2011-09-07 10:45:00,67.63,67.78,67.57,67.74,63140
2011-09-07 11:00:00,67.73,67.81,67.66,67.7,40216
2011-09-07 11:15:00,67.7,67.88,67.66,67.86,43517
2011-09-07 11:30:00,67.87,67.97,67.79,67.96,50663
2011-09-07 11:45:00,67.955,68.11,67.92,68.1,46099
2011-09-07 12:00:00,68.11,68.22,68.07,68.1366,57776
2011-09-07 12:15:00,68.13,68.13,67.98,68.13,27016
2011-09-07 12:30:00,68.12,68.134,68.05,68.1,32386
2011-09-07 12:45:00,68.1,68.15,68.09,68.13,27369
2011-09-07 13:00:00,68.13,68.17,68.11,68.15,26730
2011-09-07 13:15:00,68.14,68.32,68.13,68.31,37371
2011-09-07 13:30:00,68.31,68.4,68.3,68.39,30126
2011-09-07 13:45:00,68.4,68.4,68.19,68.235,27850
2011-09-07 14:00:00,68.22,68.32,68.21,68.26,36564
2011-09-07 14:15:00,68.26,68.33,68.25,68.3201,64699
2011-09-07 14:30:00,68.34,68.36,68.23,68.26,34003
2011-09-07 14:45:00,68.27,68.37,68.27,68.35,40771
2011-09-07 15:00:00,68.34,68.4606,68.34,68.42,43620
2011-09-07 15:15:00,68.41,68.43,68.335,68.4,54138
2011-09-07 15:30:00,68.39,68.4,68.29,68.33,61667
2011-09-07 15:45:00,68.33,68.34,68.23,68.34,121644
2011-09-07 16:00:00,68.34,68.485,68.29,68.42,189911
2011-09-08 09:45:00,68.0,68.35,67.88,68.11,36618
2011-09-08 10:00:00,68.08,68.17,67.78,67.955,59479
2011-09-08 10:15:00,67.95,68.17,67.83,68.1091,27943
2011-09-08 10:30:00,68.11,68.25,68.03,68.14,31749
2011-09-08 10:45:00,68.14,68.29,68.14,68.19,32388
2011-09-08 11:00:00,68.22,68.23,68.05,68.15,38897
2011-09-08 11:15:00,68.16,68.24,68.12,68.13,51130
2011-09-08 11:30:00,68.12,68.24,68.11,68.13,19464
2011-09-08 11:45:00,68.13,68.23,68.12,68.1652,59671
2011-09-08 12:00:00,68.16,68.19,68.01,68.14,20309
2011-09-08 12:15:00,68.14,68.14,68.0,68.02,20962
2011-09-08 12:30:00,68.01,68.22,68.0,68.07,12200
2011-09-08 12:45:00,68.08,68.12,67.98,68.1,15948
2011-09-08 13:00:00,68.09,68.23,68.02,68.18,15843
2011-09-08 13:15:00,68.19,68.26,68.16,68.16,20432
2011-09-08 13:30:00,68.14,68.29,68.1,68.26,12436
2011-09-08 13:45:00,68.27,68.33,67.79,67.7901,49587
2011-09-08 14:00:00,67.83,67.93,67.73,67.91,23134
2011-09-08 14:15:00,67.9,67.99,67.8,67.93,26734
2011-09-08 14:30:00,67.92,67.97,67.48,67.5,71273
2011-09-08 14:45:00,67.5,67.59,67.44,67.59,77878
2011-09-08 15:00:00,67.59,67.59,67.49,67.57,34906
2011-09-08 15:15:00,67.56,67.57,67.35,67.37,36985
2011-09-08 15:30:00,67.37,67.6,67.33,67.54,62192
2011-09-08 15:45:00,67.53,67.68,67.5,67.555,64202
2011-09-08 16:00:00,67.57,67.58,67.32,67.39,141141
2011-09-09 09:45:00,67.18,67.48,67.0956,67.45,57742
2011-09-09 10:00:00,67.45,67.64,67.26,67.3,37314
2011-09-09 10:15:00,67.35,67.61,67.27,67.28,48133
2011-09-09 10:30:00,67.26,67.8086,67.24,67.75,28247
2011-09-09 10:45:00,67.77,67.89,67.42,67.83,79224
2011-09-09 11:00:00,67.81,68.06,67.81,67.92,19170
2011-09-09 11:15:00,67.88,68.25,67.85,67.89,40611
2011-09-09 11:30:00,67.89,68.01,67.5,67.51,39770
2011-09-09 11:45:00,67.51,67.55,67.16,67.29,74736
2011-09-09 12:00:00,67.29,67.29,67.0,67.2,42657
2011-09-09 12:15:00,67.21,67.22,67.01,67.1,38220
2011-09-09 12:30:00,67.1,67.18,67.04,67.06,36325
2011-09-09 12:45:00,67.05,67.09,66.91,66.93,43422
2011-09-09 13:00:00,66.95,67.19,66.95,67.15,61769
2011-09-09 13:15:00,67.14,67.1968,66.955,67.18,25350
2011-09-09 13:30:00,67.19,67.265,67.02,67.17,21861
2011-09-09 13:45:00,67.15,67.2113,66.98,67.16,23080
2011-09-09 14:00:00,67.14,67.14,66.95,67.08,30573
2011-09-09 14:15:00,67.08,67.25,67.0,67.05,31618
2011-09-09 14:30:00,67.04,67.12,67.0,67.0107,26380
2011-09-09 14:45:00,67.02,67.21,66.94,67.14,82333
2011-09-09 15:00:00,67.16,67.175,66.98,67.04,66846
2011-09-09 15:15:00,67.03,67.29,66.97,67.2832,67381
2011-09-09 15:30:00,67.3,67.4099,67.17,67.19,53845
2011-09-09 15:45:00,67.17,67.52,67.17,67.46,58250
2011-09-09 16:00:00,67.47,67.6,67.26,67.29,164013
2011-09-12 09:45:00,66.48,67.0,66.21,66.71,51783
2011-09-12 10:00:00,66.72,67.4,66.72,67.3399,28528
2011-09-12 10:15:00,67.34,67.59,67.18,67.18,24013
2011-09-12 10:30:00,67.23,67.26,66.9103,67.06,21121
2011-09-12 10:45:00,67.06,67.22,66.95,67.005,32675
2011-09-12 11:00:00,67.02,67.06,66.76,66.76,42795
2011-09-12 11:15:00,66.76100000000001,66.95,66.73,66.92,28333
2011-09-12 11:30:00,66.95,67.0,66.86,66.95,105536
2011-09-12 11:45:00,66.92,67.03,66.87,66.96,54500
2011-09-12 12:00:00,66.9799,66.99,66.81,66.85,22551
2011-09-12 12:15:00,66.83,67.009,66.83,66.85,30494
2011-09-12 12:30:00,66.87,66.99,66.81,66.97,22657
2011-09-12 12:45:00,66.97,66.97,66.6901,66.74,27345
2011-09-12 13:00:00,66.74,66.87,66.66,66.852,25303
2011-09-12 13:15:00,66.86,66.95,66.75,66.86,26332
2011-09-12 13:30:00,66.88,66.91,66.73,66.8,39759
2011-09-12 13:45:00,66.78,66.81,66.41,66.52,26030
2011-09-12 14:00:00,66.521,66.54,66.42,66.47,54524
2011-09-12 14:15:00,66.46,66.49,66.23,66.31,51637
2011-09-12 14:30:00,66.31,66.55,66.29,66.53,46693
2011-09-12 14:45:00,66.53,66.95,66.49,66.84,215757
2011-09-12 15:00:00,66.85,66.855,66.57,66.6099,70476
2011-09-12 15:15:00,66.62,66.67,66.5,66.61,108692
2011-09-12 15:30:00,66.61,66.79,66.48,66.76,155956
2011-09-12 15:45:00,66.75,66.89,66.73,66.84,164383
2011-09-12 16:00:00,66.85,66.98,66.74,66.74,425583
2011-09-13 09:45:00,67.0,67.04,66.62100000000001,67.01,112789
2011-09-13 10:00:00,66.98,68.03,66.97,67.91,122727
2011-09-13 10:15:00,67.96,68.27,67.96,67.99,62867
2011-09-13 10:30:00,68.0,68.04,67.65,67.65,83183
2011-09-13 10:45:00,67.63,67.82,67.51,67.73,84679
2011-09-13 11:00:00,67.74,67.95,67.622,67.66,83022
2011-09-13 11:15:00,67.66,67.88,67.54,67.88,70854
2011-09-13 11:30:00,67.86,67.92,67.75,67.85,46431
2011-09-13 11:45:00,67.86,67.87,67.58,67.8,54254
2011-09-13 12:00:00,67.84,67.87,67.6,67.62,49856
2011-09-13 12:15:00,67.6,67.89,67.45,67.89,45805
2011-09-13 12:30:00,67.88,67.94,67.77,67.82,48571
2011-09-13 12:45:00,67.8,67.95,67.75,67.87,40971
2011-09-13 13:00:00,67.87,67.95,67.77,67.9,40524
2011-09-13 13:15:00,67.91,67.99,67.82,67.84,47225
2011-09-13 13:30:00,67.84,67.93,67.83,67.88,28993
2011-09-13 13:45:00,67.86,67.925,67.7997,67.9,35002
2011-09-13 14:00:00,67.88,68.0,67.8201,67.86,41983
2011-09-13 14:15:00,67.85,67.9,67.79,67.88,64652
2011-09-13 14:30:00,67.87,68.15,67.86,68.15,41816
2011-09-13 14:45:00,68.14,68.17,68.03,68.08,28841
2011-09-13 15:00:00,68.11,68.13,67.883,67.92,74835
2011-09-13 15:15:00,67.93,68.06,67.87,67.99,47946
2011-09-13 15:30:00,67.95,68.04,67.7876,68.04,74337
2011-09-13 15:45:00,68.05,68.24,68.03,68.22,72501
2011-09-13 16:00:00,68.21,68.29,68.04,68.09,90460
2011-09-14 09:45:00,68.13,68.55,68.11,68.29,37667
2011-09-14 10:00:00,68.34,68.42,68.02,68.03,29695
2011-09-14 10:15:00,68.05,68.12,68.0,68.0,55323
2011-09-14 10:30:00,68.0,68.02,67.53,67.89,62690
2011-09-14 10:45:00,67.89,68.17,67.81,68.0,30487
2011-09-14 11:00:00,68.0,68.18,67.99,68.15,31021
2011-09-14 11:15:00,68.14,68.33,68.07,68.33,28670
2011-09-14 11:30:00,68.33,68.59,68.26,68.58,22941
2011-09-14 11:45:00,68.54,68.67,68.5,68.56,22818
2011-09-14 12:00:00,68.56,68.79,68.53,68.79,18950
2011-09-14 12:15:00,68.81,68.9,68.76,68.86,24991
2011-09-14 12:30:00,68.85,69.0,68.76,68.96,30870
2011-09-14 12:45:00,68.94,68.97,68.86,68.9,54800
2011-09-14 13:00:00,68.92,68.94,68.7,68.85,29802
2011-09-14 13:15:00,68.86,69.09,68.85,69.07,58427
2011-09-14 13:30:00,69.06,69.28,69.06,69.28,51435
2011-09-14 13:45:00,69.28,69.7,69.27,69.65,68204
2011-09-14 14:00:00,69.66,69.9,69.64,69.72,99030
2011-09-14 14:15:00,69.73,70.0,69.7,69.9,44086
2011-09-14 14:30:00,69.88,70.0,69.83,69.99,33730
2011-09-14 14:45:00,70.0,70.0,69.94,69.97,78095
2011-09-14 15:00:00,69.98,70.18,69.95,70.17,92779
2011-09-14 15:15:00,70.17,70.48,70.16,70.48,84993
2011-09-14 15:30:00,70.48,70.56,70.24,70.36,127392
2011-09-14 15:45:00,70.37,70.4,69.91,69.92,105920
2011-09-14 16:00:00,69.915,69.98,69.6,69.74,245563
2011-09-15 09:45:00,69.97,70.13,69.81,69.98,40899
2011-09-15 10:00:00,69.97,70.02,69.5,69.54,38511
2011-09-15 10:15:00,69.56,69.9365,69.52,69.61,23206
2011-09-15 10:30:00,69.56,69.65,69.5,69.57,23513
2011-09-15 10:45:00,69.55,69.63,69.48,69.56,22335
2011-09-15 11:00:00,69.53,69.65,69.47,69.53,31352
2011-09-15 11:15:00,69.53,69.71,69.46,69.59,19232
2011-09-15 11:30:00,69.62,69.94,69.62,69.92,16985
2011-09-15 11:45:00,69.92,70.25,69.92,70.18,31264
2011-09-15 12:00:00,70.2,70.26,70.1,70.2132,24687
2011-09-15 12:15:00,70.21,70.42,70.17,70.36,28249
2011-09-15 12:30:00,70.36,70.43,70.31,70.4,22982
2011-09-15 12:45:00,70.4,70.61,70.39,70.6,24605
2011-09-15 13:00:00,70.61,70.61,70.5,70.5,22613
2011-09-15 13:15:00,70.51,70.63,70.45,70.56,17752
2011-09-15 13:30:00,70.56,70.612,70.53,70.58,31730
2011-09-15 13:45:00,70.58,70.67,70.57,70.63,41730
2011-09-15 14:00:00,70.63,70.749,70.55,70.7,45033
2011-09-15 14:15:00,70.73,70.82,70.67,70.71,26882
2011-09-15 14:30:00,70.67,70.73,70.61,70.69,25787
2011-09-15 14:45:00,70.67,70.73,70.63,70.69,19538
2011-09-15 15:00:00,70.69,70.74,70.615,70.64,29562
2011-09-15 15:15:00,70.65,70.69,70.61,70.66,20724
2011-09-15 15:30:00,70.64,70.64,70.3,70.32,33568
2011-09-15 15:45:00,70.34,70.62,70.32,70.59,44963
2011-09-15 16:00:00,70.59,70.65,70.5,70.61,96836
2011-09-16 09:45:00,70.8,71.54,70.51,71.53,376239
2011-09-16 10:00:00,71.51,71.7,71.29,71.44,57346
2011-09-16 10:15:00,71.45,71.595,71.44,71.59,63078
2011-09-16 10:30:00,71.58,71.61,71.49,71.51,63924
2011-09-16 10:45:00,71.5025,71.57,71.49,71.5,82235
2011-09-16 11:00:00,71.49,71.52,71.33,71.385,62632
2011-09-16 11:15:00,71.39,71.56,71.39,71.48,54438
2011-09-16 11:30:00,71.49,71.61,71.48,71.6,69637
2011-09-16 11:45:00,71.58,71.6,71.39,71.53,54705
2011-09-16 12:00:00,71.5299,71.67,71.51,71.63,54548
2011-09-16 12:15:00,71.64,71.67,71.57,71.64,31843
2011-09-16 12:30:00,71.64,71.66,71.6,71.64,27624
2011-09-16 12:45:00,71.62,71.65,71.6,71.62,22770
2011-09-16 13:00:00,71.62,71.63,71.59,71.6,23552
2011-09-16 13:15:00,71.6,71.64,71.54,71.56,39087
2011-09-16 13:30:00,71.57,71.628,71.55,71.575,54596
2011-09-16 13:45:00,71.58,71.59,71.4,71.57,38774
2011-09-16 14:00:00,71.565,71.59,71.48,71.54,20401
2011-09-16 14:15:00,71.53,71.59,71.45,71.47,46464
2011-09-16 14:30:00,71.47,71.5,71.33,71.35,44573
2011-09-16 14:45:00,71.36,71.37,71.27,71.3,67906
2011-09-16 15:00:00,71.3,71.31,71.255,71.28,39380
2011-09-16 15:15:00,71.29,71.3,71.07,71.08,80797
2011-09-16 15:30:00,71.08,71.08,70.97,70.99,60687
2011-09-16 15:45:00,70.98,71.04,70.9,70.92,63767
2011-09-16 16:00:00,70.92,71.13,70.92,71.13,144961
2011-09-19 09:45:00,70.73,71.31,70.54,70.965,124967
2011-09-19 10:00:00,70.95,70.95,70.6702,70.84,46958
2011-09-19 10:15:00,70.86,71.34,70.86,71.06,50659
2011-09-19 10:30:00,71.03,71.12,70.95,71.07,18204
2011-09-19 10:45:00,71.08,71.21,71.02,71.02,21599
2011-09-19 11:00:00,71.04,71.325,71.039,71.3,40824
2011-09-19 11:15:00,71.27,71.465,71.26899999999999,71.45,30955
2011-09-19 11:30:00,71.45,71.55,71.41,71.43,24018
2011-09-19 11:45:00,71.43,71.5,71.3073,71.47,53650
2011-09-19 12:00:00,71.44,71.63,71.3,71.32,16257
2011-09-19 12:15:00,71.33,71.38,71.13,71.14,14374
2011-09-19 12:30:00,71.14,71.16,70.97,71.06,37131
2011-09-19 12:45:00,71.07,71.12,71.0248,71.05,54537
2011-09-19 13:00:00,71.04,71.05,70.83,70.86,62508
2011-09-19 13:15:00,70.84,70.85,70.78,70.81,59231
2011-09-19 13:30:00,70.81,70.99,70.77,70.965,22912
2011-09-19 13:45:00,70.96,71.15,70.96,71.14,29904
2011-09-19 14:00:00,71.14,71.18,71.05,71.05,14494
2011-09-19 14:15:00,71.04,71.25,70.94,71.22,33996
2011-09-19 14:30:00,71.23,71.37,71.18,71.26,32666
2011-09-19 14:45:00,71.25,71.5384,71.2301,71.47,20725
2011-09-19 15:00:00,71.5,71.55,71.25,71.29,23872
2011-09-19 15:15:00,71.29,71.64,71.27,71.61,40893
2011-09-19 15:30:00,71.6195,71.96,71.56,71.91,55630
2011-09-19 15:45:00,71.91,72.0,71.9,71.96,51683
2011-09-19 16:00:00,71.95,71.95,71.7,71.73,71686
2011-09-20 09:45:00,71.73,71.78,70.97,71.29,80665
2011-09-20 10:00:00,71.26,71.26,70.78,70.98,61477
2011-09-20 10:15:00,70.99,71.14,70.72,70.79,54057
2011-09-20 10:30:00,70.8,71.15,70.76,71.08,113129
2011-09-20 10:45:00,71.08,71.14,70.97,71.02,98879
2011-09-20 11:00:00,71.03,71.09,70.83,70.98,62335
2011-09-20 11:15:00,70.97,71.11,70.91,71.1,49317
2011-09-20 11:30:00,71.1,71.14,70.96,71.08,35477
2011-09-20 11:45:00,71.07,71.11,70.91,70.97,35492
2011-09-20 12:00:00,70.95,71.13,70.93,71.06,48527
2011-09-20 12:15:00,71.04,71.04,70.9,71.0,28070
2011-09-20 12:30:00,71.0,71.02,70.95,70.96,50394
2011-09-20 12:45:00,70.96,71.02,70.87,70.91,20790
2011-09-20 13:00:00,70.87,71.11,70.87,71.06,36614
2011-09-20 13:15:00,71.05,71.18,71.05,71.15,34743
2011-09-20 13:30:00,71.15,71.17,71.07,71.15,27564
2011-09-20 13:45:00,71.155,71.17,71.08,71.13,22676
2011-09-20 14:00:00,71.1,71.23,71.06,71.2,33498
2011-09-20 14:15:00,71.2,71.44,71.16,71.41,39917
2011-09-20 14:30:00,71.4285,71.515,71.42,71.49,25398
2011-09-20 14:45:00,71.47,71.51,71.29,71.33,49717
2011-09-20 15:00:00,71.315,71.315,71.16,71.17,18187
2011-09-20 15:15:00,71.16,71.21,70.83,70.865,41483
2011-09-20 15:30:00,70.87,70.93,70.44,70.44,43982
2011-09-20 15:45:00,70.43,70.54,70.37,70.41,71929
2011-09-20 16:00:00,70.39,70.47,70.09,70.42,144856
2011-09-21 09:45:00,70.53,70.97,70.25,70.74,41870
2011-09-21 10:00:00,70.75,70.9625,70.66,70.77600000000001,51469
2011-09-21 10:15:00,70.79,71.01,70.63,70.74,36917
2011-09-21 10:30:00,70.72,70.86,70.6,70.65,32924
2011-09-21 10:45:00,70.68,70.7,70.47,70.7,23213
2011-09-21 11:00:00,70.65,70.66,70.08,70.26,32118
2011-09-21 11:15:00,70.28,70.53,70.265,70.48,20160
2011-09-21 11:30:00,70.47,70.67,70.45,70.67,20710
2011-09-21 11:45:00,70.66,71.01,70.64,70.93,22501
2011-09-21 12:00:00,70.89,71.04,70.89,71.02,15540
2011-09-21 12:15:00,71.01,71.07,70.91,70.95,15699
2011-09-21 12:30:00,70.97,70.98,70.71,70.81,23834
2011-09-21 12:45:00,70.83,71.09,70.82,71.07,21415
2011-09-21 13:00:00,71.08,71.08,70.8,70.91,31726
2011-09-21 13:15:00,70.89,71.1,70.87,71.08,18275
2011-09-21 13:30:00,71.08,71.22,71.04,71.18,17675
2011-09-21 13:45:00,71.18,71.25,71.1,71.23,21745
2011-09-21 14:00:00,71.22,71.29,71.13,71.15,17484
2011-09-21 14:15:00,71.13,71.24,71.1,71.14,21282
2011-09-21 14:30:00,71.14,71.23,70.64,70.66,55491
2011-09-21 14:45:00,70.71,70.81,70.16,70.38,46127
2011-09-21 15:00:00,70.36,70.9,70.36,70.48,67390
2011-09-21 15:15:00,70.49,70.81,70.27,70.67,50111
2011-09-21 15:30:00,70.69,70.84,70.45,70.47,38721
2011-09-21 15:45:00,70.49,70.54,70.06,70.215,78069
2011-09-21 16:00:00,70.21,70.34,69.76,69.76,123823
2011-09-22 09:45:00,68.66,68.73,67.95,68.64,75441
2011-09-22 10:00:00,68.65,68.65,68.1,68.26,82536
2011-09-22 10:15:00,68.28,68.907,68.26,68.89,43526
2011-09-22 10:30:00,68.89,69.6,68.85,69.2,47747
2011-09-22 10:45:00,69.2,69.34,69.0,69.24,60370
2011-09-22 11:00:00,69.29,69.4,68.87,68.89,40558
2011-09-22 11:15:00,68.873,68.99,68.74,68.75,35737
2011-09-22 11:30:00,68.76,68.96,68.68,68.72,19610
2011-09-22 11:45:00,68.78,69.01,68.78,68.9,16793
2011-09-22 12:00:00,68.95,68.95,68.61,68.61,21538
2011-09-22 12:15:00,68.61,68.71,68.43,68.63,18792
2011-09-22 12:30:00,68.64,68.75,68.56,68.69,15917
2011-09-22 12:45:00,68.7088,68.86,68.62,68.82,19945
2011-09-22 13:00:00,68.83,69.05,68.8,69.0,46388
2011-09-22 13:15:00,69.0,69.02,68.88,68.93,39020
2011-09-22 13:30:00,68.96,69.01,68.81,68.9,30381
2011-09-22 13:45:00,68.9,68.92,68.69,68.7029,29374
2011-09-22 14:00:00,68.73,68.75,68.19,68.19,23934
2011-09-22 14:15:00,68.21,68.26,68.0,68.22,43955
2011-09-22 14:30:00,68.21,68.68,68.0,68.47,49141
2011-09-22 14:45:00,68.45,68.58,68.17,68.42,47121
2011-09-22 15:00:00,68.43,68.53,68.1,68.13,25885
2011-09-22 15:15:00,68.11,68.28,68.0,68.06,35778
2011-09-22 15:30:00,68.09,68.2399,67.96,68.22,99547
2011-09-22 15:45:00,68.22,68.74,68.17,68.555,110738
2011-09-22 16:00:00,68.49,69.01,68.47,68.61,152528
2011-09-23 09:45:00,68.57,68.62,68.18,68.445,58486
2011-09-23 10:00:00,68.52,68.99,68.46,68.88,34168
2011-09-23 10:15:00,68.85,68.94,68.66,68.83,29199
2011-09-23 10:30:00,68.83,68.89,68.46,68.6808,17787
2011-09-23 10:45:00,68.75,69.19,68.74,69.11,20745
2011-09-23 11:00:00,69.11,69.36,69.08,69.25,20573
2011-09-23 11:15:00,69.25,69.45,69.11,69.3,16263
2011-09-23 11:30:00,69.29,69.46,69.195,69.31,15979
2011-09-23 11:45:00,69.32,69.32,69.03,69.06,7450
2011-09-23 12:00:00,69.02,69.21,68.86,69.18,14622
2011-09-23 12:15:00,69.2195,69.36,69.07,69.34,11700
2011-09-23 12:30:00,69.35,69.5,69.14,69.21,19871
2011-09-23 12:45:00,69.21,69.42,69.1,69.14,15078
2011-09-23 13:00:00,69.12,69.38,69.08,69.11,25422
2011-09-23 13:15:00,69.09,69.13,68.93,68.98,28239
2011-09-23 13:30:00,68.95,69.08,68.9,69.02,16469
2011-09-23 13:45:00,68.99,69.25,68.99,69.23,24357
2011-09-23 14:00:00,69.2,69.28,69.11,69.22,19971
2011-09-23 14:15:00,69.25,69.28,69.1,69.15,25075
2011-09-23 14:30:00,69.13,69.25,69.08,69.12,20588
2011-09-23 14:45:00,69.11,69.25,69.05,69.23,25687
2011-09-23 15:00:00,69.22,69.22,68.91,68.95,81451
2011-09-23 15:15:00,68.95,69.07,68.9,69.02,39831
2011-09-23 15:30:00,69.02,69.22,68.92,69.21,49358
2011-09-23 15:45:00,69.22,69.28,69.05,69.1,47261
2011-09-23 16:00:00,69.07,69.15,68.97,69.13,91914
2011-09-26 09:45:00,69.41,69.96,69.39,69.6526,39723
2011-09-26 10:00:00,69.65,69.73,69.43,69.49,32094
2011-09-26 10:15:00,69.5,69.54,69.07,69.12,34358
2011-09-26 10:30:00,69.11,69.14,69.0,69.06,42438
2011-09-26 10:45:00,69.06,69.11,68.66,68.93,53236
2011-09-26 11:00:00,68.8838,69.22,68.72,69.15,47522
2011-09-26 11:15:00,69.15,69.28,69.01,69.04,32388
2011-09-26 11:30:00,69.03,69.39,69.02,69.28,24274
2011-09-26 11:45:00,69.29,69.36,69.16,69.345,33016
2011-09-26 12:00:00,69.34,69.37,69.23,69.3099,21439
2011-09-26 12:15:00,69.28,69.3,69.12,69.22,13116
2011-09-26 12:30:00,69.22,69.22,68.99,69.12,22511
2011-09-26 12:45:00,69.12,69.19,68.88,68.91,20893
2011-09-26 13:00:00,68.89,69.06,68.86,69.03,21197
2011-09-26 13:15:00,69.0,69.04,68.92,68.93,32146
2011-09-26 13:30:00,68.91,69.01,68.86,68.98,29125
2011-09-26 13:45:00,68.98,68.99,68.69,68.9,26775
2011-09-26 14:00:00,68.86,68.96,68.82,68.86,33124
2011-09-26 14:15:00,68.86,69.0,68.7,68.75,118589
2011-09-26 14:30:00,68.75,68.85,68.68,68.79,45022
2011-09-26 14:45:00,68.77,68.91,68.74,68.88,63298
2011-09-26 15:00:00,68.89,69.07,68.81,69.07,60833
2011-09-26 15:15:00,69.07,69.41,69.07,69.39,43259
2011-09-26 15:30:00,69.34,69.44,69.28,69.28,67738
2011-09-26 15:45:00,69.28,69.3,69.215,69.26,73337
2011-09-26 16:00:00,69.26,69.41,69.24,69.37,161622
2011-09-27 09:45:00,70.38,70.96,69.71,69.77,65997
2011-09-27 10:00:00,69.77,69.8,69.5,69.61,116932
2011-09-27 10:15:00,69.6,69.78,69.28,69.31,110270
2011-09-27 10:30:00,69.31,69.32,68.921,69.05,77953
2011-09-27 10:45:00,69.1,69.3,69.1,69.19,44290
2011-09-27 11:00:00,69.22,69.4,69.19,69.335,39130
2011-09-27 11:15:00,69.35,69.36,69.27,69.32,33305
2011-09-27 11:30:00,69.3,69.36,69.08,69.08,45538
2011-09-27 11:45:00,69.08,69.28,69.06,69.24,23957
2011-09-27 12:00:00,69.21,69.45,69.16,69.41,27568
2011-09-27 12:15:00,69.38,69.79,69.38,69.72,23890
2011-09-27 12:30:00,69.72,69.7202,69.27,69.273,42726
2011-09-27 12:45:00,69.285,69.32,69.15,69.27,23402
2011-09-27 13:00:00,69.29,69.31,69.25,69.3,25525
2011-09-27 13:15:00,69.3,69.33,69.24,69.3,33367
2011-09-27 13:30:00,69.29,69.33,69.25,69.31,24204
2011-09-27 13:45:00,69.31,69.3385,69.23,69.32,24840
2011-09-27 14:00:00,69.34,69.4,69.27,69.37,38927
2011-09-27 14:15:00,69.38,69.47,69.37,69.41,31341
2011-09-27 14:30:00,69.42,69.45,69.38,69.39,34747
2011-09-27 14:45:00,69.39,69.4,69.22,69.26,49740
2011-09-27 15:00:00,69.26,69.34,69.21,69.26,103075
2011-09-27 15:15:00,69.26,69.26,68.96,69.04,55040
2011-09-27 15:30:00,69.04,69.12,68.76,68.84,79838
2011-09-27 15:45:00,68.84,68.88,68.61,68.615,116727
2011-09-27 16:00:00,68.61,68.62,68.16,68.56,238524
2011-09-28 09:45:00,69.03,70.25,68.76,70.17,147450
2011-09-28 10:00:00,70.15,70.2,69.84,69.84,87242
2011-09-28 10:15:00,69.83,69.91,69.67,69.81,77373
2011-09-28 10:30:00,69.8,69.85,69.35,69.55,106400
2011-09-28 10:45:00,69.55,69.58,69.3,69.41,57028
2011-09-28 11:00:00,69.45,69.73,69.37,69.56,30278
2011-09-28 11:15:00,69.55,69.66,69.3406,69.36,39650
2011-09-28 11:30:00,69.35,69.429,69.2201,69.34,23126
2011-09-28 11:45:00,69.36,69.47,69.29,69.41,37486
2011-09-28 12:00:00,69.41,69.58,69.3745,69.47,23646
2011-09-28 12:15:00,69.51,69.55,69.38,69.47,18652
2011-09-28 12:30:00,69.43,69.55,69.32,69.4,17906
2011-09-28 12:45:00,69.38,69.4301,69.25,69.32,12850
2011-09-28 13:00:00,69.35,69.37,69.27,69.35,19000
2011-09-28 13:15:00,69.33,69.36,69.23,69.25,26500
2011-09-28 13:30:00,69.25,69.34,69.19,69.22,22831
2011-09-28 13:45:00,69.225,69.25,69.16,69.18,29939
2011-09-28 14:00:00,69.19,69.3,68.96,69.02,20726
2011-09-28 14:15:00,68.99,69.06,68.9,68.93,38841
2011-09-28 14:30:00,68.93,68.96,68.86,68.92,28002
2011-09-28 14:45:00,68.92,69.19,68.9,69.15,38340
2011-09-28 15:00:00,69.15,69.23,69.08,69.23,37217
2011-09-28 15:15:00,69.21,69.46,69.2,69.43,46138
2011-09-28 15:30:00,69.41,69.5,69.34,69.36,56264
2011-09-28 15:45:00,69.36,69.36,69.0,69.04,77484
2011-09-28 16:00:00,69.03,69.04,68.73,68.76,118339
2011-09-29 09:45:00,69.7,69.73,68.97,69.15,61769
2011-09-29 10:00:00,69.1588,69.22,68.74,68.74,40217
2011-09-29 10:15:00,68.81,68.91,68.65,68.78,23929
2011-09-29 10:30:00,68.79,68.79,68.14,68.17,36550
2011-09-29 10:45:00,68.16,68.21,67.9,67.97,34811
2011-09-29 11:00:00,67.9,67.967,67.29,67.42,128845
2011-09-29 11:15:00,67.4,67.6,67.34,67.42,73240
2011-09-29 11:30:00,67.42,67.45,67.06,67.26,47345
2011-09-29 11:45:00,67.26,67.38,67.11,67.25,23300
2011-09-29 12:00:00,67.27,67.5,67.25,67.5,52245
2011-09-29 12:15:00,67.5,67.58,67.27,67.315,24680
2011-09-29 12:30:00,67.27,67.43,67.22,67.28,29315
2011-09-29 12:45:00,67.26,67.29,67.09,67.12,39542
2011-09-29 13:00:00,67.11,67.44,67.11,67.21,28499
2011-09-29 13:15:00,67.19,67.32,67.13,67.14,24992
2011-09-29 13:30:00,67.14,67.18,66.59,66.6,56962
2011-09-29 13:45:00,66.62,66.64,66.04,66.04,47365
2011-09-29 14:00:00,66.08,66.21,66.0,66.13600000000001,44961
2011-09-29 14:15:00,66.13,66.22,65.5801,65.62,46484
2011-09-29 14:30:00,65.6,66.07,65.6,66.0,63134
2011-09-29 14:45:00,66.01,66.45,65.91,66.28,90701
2011-09-29 15:00:00,66.25,66.46,66.08,66.46,47622
2011-09-29 15:15:00,66.45,66.68,66.29,66.64,62951
2011-09-29 15:30:00,66.6,66.72,66.49,66.66,62197
2011-09-29 15:45:00,66.7,67.06,66.65,66.93,93497
2011-09-29 16:00:00,66.94,67.4,66.93,67.36,209929
2011-09-30 09:45:00,66.42,67.36,66.06,67.36,74160
2011-09-30 10:00:00,67.35,67.42,66.81,66.945,103649
2011-09-30 10:15:00,66.92,67.48,66.9,67.24,69723
2011-09-30 10:30:00,67.29,68.02,67.29,67.505,109334
2011-09-30 10:45:00,67.51,67.71,67.36,67.64,63390
2011-09-30 11:00:00,67.64,67.7,67.37,67.41,88945
2011-09-30 11:15:00,67.42,67.96,67.33,67.92,29141
2011-09-30 11:30:00,67.92,68.1,67.89,67.92,29769
2011-09-30 11:45:00,67.93,68.13,67.84,68.0,17793
2011-09-30 12:00:00,68.01,68.1,67.85,67.95,28028
2011-09-30 12:15:00,67.96,68.11,67.79,67.85,15413
2011-09-30 12:30:00,67.9,67.93,67.7,67.71,25329
2011-09-30 12:45:00,67.69,67.71,67.44,67.55,20118
2011-09-30 13:00:00,67.59,67.64,67.41,67.41,10748
2011-09-30 13:15:00,67.41,67.61,67.34,67.61,35988
2011-09-30 13:30:00,67.6,67.6,67.27,67.28,26450
2011-09-30 13:45:00,67.26,67.43,67.13,67.1575,21261
2011-09-30 14:00:00,67.17,67.33,67.17,67.21,12617
2011-09-30 14:15:00,67.21,67.21,66.92,67.09,22981
2011-09-30 14:30:00,67.08,67.14,66.71,66.75,21314
2011-09-30 14:45:00,66.73,67.03,66.7,66.99,26457
2011-09-30 15:00:00,66.95,67.11,66.71,67.04,18004
2011-09-30 15:15:00,67.06,67.275,66.9,67.14,26496
2011-09-30 15:30:00,67.17,67.2,66.931,66.936,25819
2011-09-30 15:45:00,66.92,66.9899,66.7,66.94,44291
2011-09-30 16:00:00,66.93,66.94,66.63,66.63,134394
2011-10-03 09:45:00,66.34,66.67,65.99,66.4,46394
2011-10-03 10:00:00,66.41,66.5,65.25,65.39,53614
2011-10-03 10:15:00,65.4,66.65,65.4,66.47,41435
2011-10-03 10:30:00,66.44,66.58,66.36,66.52,36831
2011-10-03 10:45:00,66.52,66.52,66.09,66.2,20125
2011-10-03 11:00:00,66.28,66.47,66.18,66.2,32843
2011-10-03 11:15:00,66.19,66.39,66.06,66.23,20961
2011-10-03 11:30:00,66.22,66.61,66.21,66.51,21591
2011-10-03 11:45:00,66.51,66.67,66.21,66.26,19221
2011-10-03 12:00:00,66.28,66.42,66.19,66.32,15436
2011-10-03 12:15:00,66.34,66.37,66.01,66.01,17300
2011-10-03 12:30:00,66.03,66.23,65.96,66.07,17160
2011-10-03 12:45:00,66.07,66.15,65.95,66.01,15821
2011-10-03 13:00:00,66.04,66.07,65.72,65.81,29593
2011-10-03 13:15:00,65.8,65.85,65.68,65.69,40852
2011-10-03 13:30:00,65.7,65.73,65.5,65.61,18140
2011-10-03 13:45:00,65.63,65.672,65.06,65.33,32709
2011-10-03 14:00:00,65.35,65.41,65.1,65.36,24348
2011-10-03 14:15:00,65.34,65.55,65.22,65.48,34966
2011-10-03 14:30:00,65.48,65.48,65.23,65.23,30784
2011-10-03 14:45:00,65.23,65.41,65.14,65.27,40560
2011-10-03 15:00:00,65.23,65.23,64.98,65.18,40564
2011-10-03 15:15:00,65.18,65.35,65.13,65.2,46339
2011-10-03 15:30:00,65.1999,65.26,65.01,65.05,70840
2011-10-03 15:45:00,65.05,65.18,64.94,65.14,117990
2011-10-03 16:00:00,65.14,65.55,64.88,64.96,160072
2011-10-04 09:45:00,63.97,65.02,63.75,64.85,74791
2011-10-04 10:00:00,64.85,65.0,64.35,64.91,57799
2011-10-04 10:15:00,64.91,65.05,64.53,64.94,51076
2011-10-04 10:30:00,64.97,65.15,64.73,64.9,74684
2011-10-04 10:45:00,64.96,65.15,64.79,65.128,56064
2011-10-04 11:00:00,65.14,65.64,65.01,65.58,76644
2011-10-04 11:15:00,65.64,66.1,65.47,66.0,59794
2011-10-04 11:30:00,66.02,66.08,65.74,65.74,26531
2011-10-04 11:45:00,65.74,65.74,65.45,65.66,45992
2011-10-04 12:00:00,65.66,65.8,65.51,65.76,99332
2011-10-04 12:15:00,65.78,66.22,65.77,66.02,46007
2011-10-04 12:30:00,66.06,66.12,65.77,65.79,22683
2011-10-04 12:45:00,65.81,66.26,65.77,66.2,16924
2011-10-04 13:00:00,66.22,66.3,65.83,65.9,14162
2011-10-04 13:15:00,65.89,65.97,65.57,65.66,19937
2011-10-04 13:30:00,65.66,65.87,65.64,65.8,19481
2011-10-04 13:45:00,65.75,65.84,65.46,65.51,30878
2011-10-04 14:00:00,65.52,65.81,65.44,65.52,39897
2011-10-04 14:15:00,65.57,65.68,65.48,65.52,31832
2011-10-04 14:30:00,65.55,65.65,65.345,65.62,30506
2011-10-04 14:45:00,65.64,65.97,65.54,65.67,38587
2011-10-04 15:00:00,65.7,65.76,65.44,65.55,40387
2011-10-04 15:15:00,65.53,65.73,65.53,65.66,84961
2011-10-04 15:30:00,65.63,66.25,65.6,66.24,64612
2011-10-04 15:45:00,66.26,66.99,66.2,66.98,86954
2011-10-04 16:00:00,66.99,67.38,66.75,67.26,158156
2011-10-05 09:45:00,67.33,67.64,66.69,66.94,45144
2011-10-05 10:00:00,66.92,67.11,66.5828,66.66,20875
2011-10-05 10:15:00,66.65,66.88,66.45,66.515,37691
2011-10-05 10:30:00,66.55,66.55,66.27,66.33,50180
2011-10-05 10:45:00,66.31,66.5,66.3,66.5,39780
2011-10-05 11:00:00,66.5,66.53,66.3302,66.45,36698
2011-10-05 11:15:00,66.47,66.5,66.14,66.14,34450
2011-10-05 11:30:00,66.14,66.46,66.1,66.33,24350
2011-10-05 11:45:00,66.3,66.5,66.07,66.12,26977
2011-10-05 12:00:00,66.09,66.34,66.03,66.17,16858
2011-10-05 12:15:00,66.2,66.33,66.11,66.13,17696
2011-10-05 12:30:00,66.16,66.16,65.57,65.62,48890
2011-10-05 12:45:00,65.67,65.95,65.67,65.91,13440
2011-10-05 13:00:00,65.89,66.18,65.79,66.14,16742
2011-10-05 13:15:00,66.17,66.46,66.01,66.03,18386
2011-10-05 13:30:00,66.05,66.2,66.05,66.09,14113
2011-10-05 13:45:00,66.11,66.34,66.09,66.29,18564
2011-10-05 14:00:00,66.35,66.4469,66.26,66.43,18641
2011-10-05 14:15:00,66.43,66.5,66.31,66.5,13313
2011-10-05 14:30:00,66.5,66.63,66.45,66.5121,15522
2011-10-05 14:45:00,66.54,66.54,66.22,66.38,14437
2011-10-05 15:00:00,66.37,66.5,66.29,66.5,24796
2011-10-05 15:15:00,66.5,66.64,66.32,66.63,69386
2011-10-05 15:30:00,66.63,66.81,66.44,66.52,49582
2011-10-05 15:45:00,66.58,66.8493,66.55,66.8,61629
2011-10-05 16:00:00,66.84,66.96,66.68,66.89,126467
2011-10-06 09:45:00,67.01,67.15,66.7,66.91,137351
2011-10-06 10:00:00,66.9,66.93,66.33,66.71,98466
2011-10-06 10:15:00,66.7,67.26,66.53,67.22,38858
2011-10-06 10:30:00,67.22,67.22,66.99,67.09,40098
2011-10-06 10:45:00,67.1,67.32,67.03,67.08,28341
2011-10-06 11:00:00,67.12,67.16,66.91,66.95,28498
2011-10-06 11:15:00,66.99,67.03,66.87,66.965,55139
2011-10-06 11:30:00,66.9999,67.029,66.67,66.8,12708
2011-10-06 11:45:00,66.814,66.8972,66.6,66.82,14555
2011-10-06 12:00:00,66.85600000000001,66.85600000000001,66.65,66.79,14420
2011-10-06 12:15:00,66.78,66.85,66.69,66.84,63333
2011-10-06 12:30:00,66.85,66.97,66.78,66.91,12936
2011-10-06 12:45:00,66.9,67.041,66.86,66.86,46651
2011-10-06 13:00:00,66.87,66.95,66.82,66.85,24060
2011-10-06 13:15:00,66.84,66.95,66.7,66.71,35101
2011-10-06 13:30:00,66.7,66.76,66.62,66.75,46460
2011-10-06 13:45:00,66.75,67.0,66.74,66.93,40810
2011-10-06 14:00:00,66.91,67.038,66.86,66.955,29612
2011-10-06 14:15:00,66.98,67.036,66.87,66.9779,47759
2011-10-06 14:30:00,66.9795,67.04,66.93,66.98,66851
2011-10-06 14:45:00,67.0,67.01,66.77,66.975,16799
2011-10-06 15:00:00,66.91,67.06,66.83,66.98,29943
2011-10-06 15:15:00,66.965,67.08,66.92,66.95,58680
2011-10-06 15:30:00,66.93,67.25,66.91,67.12,62892
2011-10-06 15:45:00,67.11,67.54,67.1,67.515,89592
2011-10-06 16:00:00,67.51,67.69,67.43,67.62,151778
2011-10-07 09:45:00,67.85,68.25,67.3,67.664,60248
2011-10-07 10:00:00,67.66,67.85,67.53,67.59,34398
2011-10-07 10:15:00,67.59,67.8,67.42,67.7961,41386
2011-10-07 10:30:00,67.8,67.91,67.71,67.88,37900
2011-10-07 10:45:00,67.9,68.08,67.79,68.025,39001
2011-10-07 11:00:00,68.0,68.15,67.89,67.92,39111
2011-10-07 11:15:00,67.91,67.91,67.28,67.3,27834
2011-10-07 11:30:00,67.3,67.34,67.01,67.31,59952
2011-10-07 11:45:00,67.3,67.56,67.19,67.51,22566
2011-10-07 12:00:00,67.5285,67.77,67.5,67.77,17746
2011-10-07 12:15:00,67.8,67.84,67.54,67.67,23660
2011-10-07 12:30:00,67.73,67.73,67.26,67.55,43126
2011-10-07 12:45:00,67.54,67.76,67.52,67.54,25264
2011-10-07 13:00:00,67.53,67.721,67.53,67.58,23448
2011-10-07 13:15:00,67.56,67.71,67.52,67.71,18431
2011-10-07 13:30:00,67.78,67.81,67.56,67.58,13266
2011-10-07 13:45:00,67.57,67.75,67.55,67.71,41609
2011-10-07 14:00:00,67.71,67.8,67.71,67.75,18972
2011-10-07 14:15:00,67.76,67.79,67.65,67.72,11239
2011-10-07 14:30:00,67.71,67.9,67.695,67.83,39620
2011-10-07 14:45:00,67.85,67.91,67.67,67.72,34953
2011-10-07 15:00:00,67.75,68.02,67.74,67.95,22400
2011-10-07 15:15:00,67.91,68.015,67.84,67.96,17519
2011-10-07 15:30:00,67.96,68.34,67.95,68.31,34380
2011-10-07 15:45:00,68.34,68.36,67.95,68.06,57841
2011-10-07 16:00:00,68.09,68.09,67.55,67.67,100252
2011-10-10 09:45:00,68.4,68.48,67.77,67.84,42536
2011-10-10 10:00:00,67.84,68.68,67.84,68.68,35268
2011-10-10 10:15:00,68.68,69.13,68.65,68.96,38640
2011-10-10 10:30:00,68.98,69.39,68.96,69.21,42367
2011-10-10 10:45:00,69.18,69.44,69.15,69.23,26548
2011-10-10 11:00:00,69.26,69.45,69.16,69.21,29323
2011-10-10 11:15:00,69.21,69.26,69.09100000000001,69.26,19116
2011-10-10 11:30:00,69.24600000000001,69.32,69.16,69.31,16019
2011-10-10 11:45:00,69.32,69.57,69.29,69.55,15366
2011-10-10 12:00:00,69.56,69.61,69.51,69.51,16890
2011-10-10 12:15:00,69.5,69.51,69.3,69.39,20401
2011-10-10 12:30:00,69.37,69.4,69.34,69.36,16980
2011-10-10 12:45:00,69.36,69.46,69.32,69.3899,25217
2011-10-10 13:00:00,69.38,69.385,69.24,69.25,27662
2011-10-10 13:15:00,69.27,69.44,69.22,69.4,10980
2011-10-10 13:30:00,69.39,69.5,69.32,69.32,15982
2011-10-10 13:45:00,69.33,69.35,69.23,69.29,23640
2011-10-10 14:00:00,69.28,69.29,69.18,69.24,18583
2011-10-10 14:15:00,69.24,69.24,69.138,69.24,18658
2011-10-10 14:30:00,69.24,69.25,69.16,69.24,23646
2011-10-10 14:45:00,69.25,69.27,69.18,69.26,17376
2011-10-10 15:00:00,69.21,69.22,69.1,69.12,14144
2011-10-10 15:15:00,69.12,69.15,68.98,68.99,38935
2011-10-10 15:30:00,68.98,69.01,68.72,68.8963,34133
2011-10-10 15:45:00,68.87,69.22,68.74,69.19,56953
2011-10-10 16:00:00,69.19,69.6,69.18,69.56,126727
2011-10-11 09:45:00,69.45,69.65,69.03,69.03,27233
2011-10-11 10:00:00,69.01,69.19,68.78,68.83,17850
2011-10-11 10:15:00,68.82,69.11,68.69,69.05,17036
2011-10-11 10:30:00,69.05,69.1855,68.99,69.1,12951
2011-10-11 10:45:00,69.11,69.31,69.09,69.12,18625
2011-10-11 11:00:00,69.18,69.2,69.0,69.0,12877
2011-10-11 11:15:00,69.03,69.04,68.78,68.82,19138
2011-10-11 11:30:00,68.78,68.92,68.66,68.89,26892
2011-10-11 11:45:00,68.88,69.2,68.87,69.17,10656
2011-10-11 12:00:00,69.2,69.25,69.01,69.06,11096
2011-10-11 12:15:00,69.07,69.07,68.91,69.06,12232
2011-10-11 12:30:00,69.06,69.1,68.99,69.07,6850
2011-10-11 12:45:00,69.09,69.17,69.0366,69.17,11631
2011-10-11 13:00:00,69.17,69.27,69.04,69.24,9092
2011-10-11 13:15:00,69.27,69.4,69.23,69.31,10369
2011-10-11 13:30:00,69.37,69.43,69.29,69.42,9881
2011-10-11 13:45:00,69.4031,69.47,69.33,69.351,9316
2011-10-11 14:00:00,69.38,69.59,69.35,69.55,14766
2011-10-11 14:15:00,69.58,69.59,69.5,69.54,9570
2011-10-11 14:30:00,69.52,69.56,69.4,69.45,18397
2011-10-11 14:45:00,69.46,69.5165,69.34,69.44,16092
2011-10-11 15:00:00,69.44,69.64,69.4,69.62,8754
2011-10-11 15:15:00,69.64,69.82,69.64,69.75,19161
2011-10-11 15:30:00,69.73,69.75,69.52,69.54,34555
2011-10-11 15:45:00,69.5305,69.81,69.49,69.68,73456
2011-10-11 16:00:00,69.69,69.69,69.53,69.66,91195
2011-10-12 09:45:00,69.85,69.94,69.13,69.13,39880
2011-10-12 10:00:00,69.09,69.1,68.04,68.18,82456
2011-10-12 10:15:00,68.2,68.7575,68.2,68.745,34175
2011-10-12 10:30:00,68.745,68.78,68.51,68.66,51683
2011-10-12 10:45:00,68.6,68.66,68.37,68.65,71527
2011-10-12 11:00:00,68.66,68.67,68.42,68.45,39472
2011-10-12 11:15:00,68.45,68.69,68.37,68.66,26953
2011-10-12 11:30:00,68.66,68.7,68.44,68.44,23223
2011-10-12 11:45:00,68.44,68.66,68.43,68.66,33712
2011-10-12 12:00:00,68.66,68.77,68.44,68.69,129177
2011-10-12 12:15:00,68.6912,68.73,68.53,68.57,19022
2011-10-12 12:30:00,68.58,68.74,68.56,68.58,19760
2011-10-12 12:45:00,68.59,68.72,68.585,68.72,13410
2011-10-12 13:00:00,68.695,69.1,68.68,69.09,32035
2011-10-12 13:15:00,69.07,69.36,69.06,69.305,35343
2011-10-12 13:30:00,69.29,69.32,69.07,69.07,11140
2011-10-12 13:45:00,69.1,69.18,69.05,69.08,10180
2011-10-12 14:00:00,69.06,69.09,68.82,68.82,22853
2011-10-12 14:15:00,68.825,68.84,68.62,68.68,69503
2011-10-12 14:30:00,68.68,68.69,68.51,68.58,30002
2011-10-12 14:45:00,68.59,68.82,68.575,68.66,26266
2011-10-12 15:00:00,68.665,68.68,68.47,68.48,35347
2011-10-12 15:15:00,68.5,68.6,68.45,68.58,34547
2011-10-12 15:30:00,68.58,68.58,68.36,68.45,53111
2011-10-12 15:45:00,68.44,68.7,68.435,68.56,56284
2011-10-12 16:00:00,68.57,68.62,68.3,68.31,113149
2011-10-13 09:45:00,68.35,68.98,68.05,68.76,38826
2011-10-13 10:00:00,68.76,69.08,68.63,68.75,34171
2011-10-13 10:15:00,68.7,68.77,68.47,68.7,32884
2011-10-13 10:30:00,68.64,68.8999,68.45,68.86,29759
2011-10-13 10:45:00,68.848,69.08,68.42,68.43,31868
2011-10-13 11:00:00,68.38,68.51,68.25,68.28,25995
2011-10-13 11:15:00,68.28,68.57,68.18,68.4901,39668
2011-10-13 11:30:00,68.5,68.53,68.3,68.33,19144
2011-10-13 11:45:00,68.33,68.77,68.33,68.69,73902
2011-10-13 12:00:00,68.73,68.87,68.62,68.75,29421
2011-10-13 12:15:00,68.76,68.8162,68.57,68.69,35267
2011-10-13 12:30:00,68.7,68.83,68.54,68.54,10421
2011-10-13 12:45:00,68.54,68.58,68.49,68.52,8512
2011-10-13 13:00:00,68.53,68.53,68.48,68.48,7004
2011-10-13 13:15:00,68.46,68.57,68.32,68.57,12604
2011-10-13 13:30:00,68.57,68.69,68.51,68.6,19625
2011-10-13 13:45:00,68.6,68.74,68.56,68.74,21306
2011-10-13 14:00:00,68.75,68.79,68.62,68.66,13699
2011-10-13 14:15:00,68.67,68.72,68.53,68.72,16651
2011-10-13 14:30:00,68.6981,68.81,68.62,68.68,9102
2011-10-13 14:45:00,68.68,68.79,68.62,68.69,34494
2011-10-13 15:00:00,68.75,68.84,68.68,68.76,15782
2011-10-13 15:15:00,68.77,68.85,68.64,68.72,19739
2011-10-13 15:30:00,68.73,68.75,68.44,68.49,22941
2011-10-13 15:45:00,68.47,68.57,68.4,68.47,39056
2011-10-13 16:00:00,68.45,68.75,68.38,68.69,111543
2011-10-14 09:45:00,69.33,69.33,68.48,68.81,34012
2011-10-14 10:00:00,68.81,69.08,68.75,68.97,18350
2011-10-14 10:15:00,68.91,69.09,68.84,68.99,8800
2011-10-14 10:30:00,69.01,69.1,68.94,69.04,12296
2011-10-14 10:45:00,69.08,69.23,69.03,69.15,10108
2011-10-14 11:00:00,69.15,69.23,69.08,69.23,8230
2011-10-14 11:15:00,69.19,69.22,69.0999,69.18,12720
2011-10-14 11:30:00,69.1998,69.26,68.95,68.97,11476
2011-10-14 11:45:00,68.99,69.19,68.99,69.12,10600
2011-10-14 12:00:00,69.14,69.19,69.09,69.12,6882
2011-10-14 12:15:00,69.1,69.11,68.95,68.96,9351
2011-10-14 12:30:00,68.99,69.06,68.94800000000001,69.01,8437
2011-10-14 12:45:00,69.0001,69.1,68.94,69.03,9650
2011-10-14 13:00:00,69.03,69.1,69.01,69.02,5569
2011-10-14 13:15:00,69.02,69.16,69.02,69.14,9317
2011-10-14 13:30:00,69.14,69.19,69.09,69.09,8700
2011-10-14 13:45:00,69.11,69.17,69.06,69.111,8450
2011-10-14 14:00:00,69.13,69.33,69.13,69.31,8005
2011-10-14 14:15:00,69.31,69.32,69.24,69.25,7064
2011-10-14 14:30:00,69.26,69.37,69.26,69.37,6275
2011-10-14 14:45:00,69.35,69.43,69.3,69.33,10611
2011-10-14 15:00:00,69.38,69.5,69.3,69.5,8396
2011-10-14 15:15:00,69.46,69.5,69.39,69.435,15885
2011-10-14 15:30:00,69.42,69.52,69.38,69.48,22972
2011-10-14 15:45:00,69.5,69.73,69.48,69.52,71348
2011-10-14 16:00:00,69.51,69.85,69.49,69.84,186049
2011-10-17 09:45:00,70.0,71.22,69.67,70.62,168892
2011-10-17 10:00:00,70.6,71.03,70.6,70.818,53057
2011-10-17 10:15:00,70.8488,70.87,70.64,70.87,36963
2011-10-17 10:30:00,70.83,70.88,70.64,70.71,75476
2011-10-17 10:45:00,70.71,70.9271,70.69,70.73,88048
2011-10-17 11:00:00,70.73,70.73,70.22,70.32,104931
2011-10-17 11:15:00,70.32,70.34,70.1601,70.25,32004
2011-10-17 11:30:00,70.28,70.28,70.075,70.1,23382
2011-10-17 11:45:00,70.11,70.127,69.64,69.69,38464
2011-10-17 12:00:00,69.66,69.72,69.49,69.55,39790
2011-10-17 12:15:00,69.52,69.535,69.31,69.36,27019
2011-10-17 12:30:00,69.366,69.59,69.34,69.57,32775
2011-10-17 12:45:00,69.56,69.56,69.2,69.35,23350
2011-10-17 13:00:00,69.35,69.35,69.2,69.24,14885
2011-10-17 13:15:00,69.23,69.38,69.18,69.36,11868
2011-10-17 13:30:00,69.37,69.53,69.33,69.37,22473
2011-10-17 13:45:00,69.36,69.36,69.13,69.31,17283
2011-10-17 14:00:00,69.3,69.44,69.21,69.28,16629
2011-10-17 14:15:00,69.27,69.28,69.1,69.17,19747
2011-10-17 14:30:00,69.17,69.17,69.0,69.08,18567
2011-10-17 14:45:00,69.065,69.11,68.97,69.04,25464
2011-10-17 15:00:00,69.04,69.07,69.0,69.01,37736
2011-10-17 15:15:00,69.01,69.1398,69.0,69.0399,50962
2011-10-17 15:30:00,69.05,69.15,68.9602,69.04,37488
2011-10-17 15:45:00,69.04,69.11,68.77,69.01,70977
2011-10-17 16:00:00,69.04,69.16,68.84,69.0,165769
2011-10-18 09:45:00,68.89,69.39,68.88,69.22,18333
2011-10-18 10:00:00,69.22,69.33,68.85,68.95,14983
2011-10-18 10:15:00,68.96,69.1899,68.72,69.01,39460
2011-10-18 10:30:00,69.04,69.17,68.85,69.17,25015
2011-10-18 10:45:00,69.13,69.13,68.96,69.0,13780
2011-10-18 11:00:00,69.0,69.06,68.88,68.92,13050
2011-10-18 11:15:00,68.93,69.04,68.87,68.95,12866
2011-10-18 11:30:00,68.94,69.07,68.86,68.86,7975
2011-10-18 11:45:00,68.88,69.32,68.88,69.24,18714
2011-10-18 12:00:00,69.28,69.37,69.2,69.28,8845
2011-10-18 12:15:00,69.3,69.37,69.16,69.2,9650
2011-10-18 12:30:00,69.21,69.26,69.21,69.24,6316
2011-10-18 12:45:00,69.23,69.3998,69.21,69.33,8758
2011-10-18 13:00:00,69.35,69.4,69.26,69.31,6446
2011-10-18 13:15:00,69.29,69.36,69.23,69.24,5650
2011-10-18 13:30:00,69.24,69.295,69.20100000000001,69.28,10744
2011-10-18 13:45:00,69.28,69.3,69.22,69.22,6200
2011-10-18 14:00:00,69.24,69.35,69.2,69.21,16531
2011-10-18 14:15:00,69.22,69.28,69.2,69.26,16894
2011-10-18 14:30:00,69.28,69.29,69.2,69.25,13492
2011-10-18 14:45:00,69.27,69.35,69.23,69.31,31112
2011-10-18 15:00:00,69.3,69.61,69.3,69.57,35996
2011-10-18 15:15:00,69.57,70.12,69.57,69.97,79073
2011-10-18 15:30:00,69.98,70.08,69.6404,69.68,32030
2011-10-18 15:45:00,69.67,69.78,69.45,69.62,56537
2011-10-18 16:00:00,69.67,69.93,69.56,69.73,99541
2011-10-19 09:45:00,69.63,70.31,69.63,70.21,34693
2011-10-19 10:00:00,70.22,70.5,70.22,70.35,28931
2011-10-19 10:15:00,70.36,70.55,70.17,70.52,19873
2011-10-19 10:30:00,70.48,70.68,70.47,70.58,29616
2011-10-19 10:45:00,70.58,70.99,70.4,70.94,94869
2011-10-19 11:00:00,70.94,71.2,70.79,70.82,47562
2011-10-19 11:15:00,70.76,70.85,70.52,70.52,15831
2011-10-19 11:30:00,70.53,70.6,70.41,70.4399,27503
2011-10-19 11:45:00,70.41,70.62,70.41,70.57,8765
2011-10-19 12:00:00,70.5301,70.54,70.2,70.24,14013
2011-10-19 12:15:00,70.24,70.3271,70.1702,70.3271,9568
2011-10-19 12:30:00,70.31,70.54,70.31,70.47,8552
2011-10-19 12:45:00,70.47,70.55,70.36,70.46,8400
2011-10-19 13:00:00,70.46,70.54,70.43,70.51,5069
2011-10-19 13:15:00,70.52,70.56,70.48,70.56,6960
2011-10-19 13:30:00,70.56,70.56,70.46,70.47,7468
2011-10-19 13:45:00,70.44,70.5,70.31,70.37,9326
2011-10-19 14:00:00,70.39,70.5,70.34,70.41,60607
2011-10-19 14:15:00,70.41,70.52,70.2,70.2,16169
2011-10-19 14:30:00,70.14,70.3,69.93,69.96,38065
2011-10-19 14:45:00,69.94,70.0288,69.8,69.99,17668
2011-10-19 15:00:00,69.96,70.13,69.93,70.03,17994
2011-10-19 15:15:00,70.03,70.03,69.86,69.95,20277
2011-10-19 15:30:00,69.93,70.04,69.91,69.96,22386
2011-10-19 15:45:00,69.95,70.07,69.85,69.9,34980
2011-10-19 16:00:00,69.89,70.07,69.84,69.86,85992
2011-10-20 09:45:00,70.14,70.64,70.1,70.62,21157
2011-10-20 10:00:00,70.59,70.77,69.99,70.06,15537
2011-10-20 10:15:00,70.12,70.47,70.12,70.4,12210
2011-10-20 10:30:00,70.41,70.43,70.23,70.36,7986
2011-10-20 10:45:00,70.42,70.42,70.25,70.32,8237
2011-10-20 11:00:00,70.3,70.34,70.108,70.255,16493
2011-10-20 11:15:00,70.24,70.245,69.97,69.975,43483
2011-10-20 11:30:00,69.96,70.045,69.9,70.0,14450
2011-10-20 11:45:00,70.04,70.18,69.94,70.13,34039
2011-10-20 12:00:00,70.155,70.21,69.84,69.92,14663
2011-10-20 12:15:00,69.98,70.02,69.83,69.86,11066
2011-10-20 12:30:00,69.88,69.91,69.58,69.885,53930
2011-10-20 12:45:00,69.92,70.22,69.9,70.21,20983
2011-10-20 13:00:00,70.17,70.22,69.96,70.1,18972
2011-10-20 13:15:00,70.13,70.26,69.97,70.2,18100
2011-10-20 13:30:00,70.15,70.76,70.15,70.65,71036
2011-10-20 13:45:00,70.65,70.72,70.39,70.4,11350
2011-10-20 14:00:00,70.39,70.69,70.39,70.53,14019
2011-10-20 14:15:00,70.53,70.64,70.25,70.26,8762
2011-10-20 14:30:00,70.31,70.54,70.31,70.47,10508
2011-10-20 14:45:00,70.47,70.76,70.4235,70.68,16265
2011-10-20 15:00:00,70.66,70.91,70.66,70.78,9543
2011-10-20 15:15:00,70.75,70.86,70.49,70.53,17783
2011-10-20 15:30:00,70.52,70.53,70.27,70.39,22731
2011-10-20 15:45:00,70.39,70.65,70.34,70.56,29300
2011-10-20 16:00:00,70.55,70.85,70.54,70.79,135588
2011-10-21 09:45:00,71.44,71.44,70.38,70.54,212160
2011-10-21 10:00:00,70.56,70.68,70.44,70.53,49563
2011-10-21 10:15:00,70.52,70.74,70.48,70.73,17616
2011-10-21 10:30:00,70.78,71.22,70.72,70.97,38431
2011-10-21 10:45:00,70.97,71.0,70.74,70.74,33411
2011-10-21 11:00:00,70.78,70.8,70.6,70.8,32648
2011-10-21 11:15:00,70.84,70.84,70.55,70.67,27128
2011-10-21 11:30:00,70.7,70.8,70.67,70.77,16500
2011-10-21 11:45:00,70.76,70.78,70.47,70.55,18927
2011-10-21 12:00:00,70.54,70.68,70.53,70.57,12795
2011-10-21 12:15:00,70.55,70.6,70.38,70.49,22479
2011-10-21 12:30:00,70.48,70.49,70.15,70.15,23965
2011-10-21 12:45:00,70.15,70.21,70.09,70.13,35576
2011-10-21 13:00:00,70.13,70.18,70.04,70.13,24219
2011-10-21 13:15:00,70.14,70.16,69.96,70.01,59330
2011-10-21 13:30:00,70.0,70.0,69.9,69.94,31936
2011-10-21 13:45:00,69.93,69.94,69.77,69.88,41162
2011-10-21 14:00:00,69.92,69.93,69.82,69.87,33046
2011-10-21 14:15:00,69.89,70.12,69.8602,69.96,35493
2011-10-21 14:30:00,69.96,70.18,69.96,70.02,33029
2011-10-21 14:45:00,70.01,70.15,69.94,70.11,37175
2011-10-21 15:00:00,70.14,70.18,70.1,70.17,36767
2011-10-21 15:15:00,70.18,70.41,70.1765,70.39,48824
2011-10-21 15:30:00,70.39,70.455,70.24,70.25,55070
2011-10-21 15:45:00,70.25,70.295,70.07,70.105,63512
2011-10-21 16:00:00,70.11,70.45,70.04,70.45,182165
2011-10-24 09:45:00,70.31,70.95,70.31,70.75,33550
2011-10-24 10:00:00,70.78,70.9,70.72,70.89,69340
2011-10-24 10:15:00,70.88,71.11,70.85,70.91,54971
2011-10-24 10:30:00,70.91,70.91,70.53,70.53,45074
2011-10-24 10:45:00,70.5,70.64,70.46,70.55,49381
2011-10-24 11:00:00,70.58,70.9,70.58,70.885,61693
2011-10-24 11:15:00,70.9,71.1271,70.87,71.05,39509
2011-10-24 11:30:00,71.05,71.31,71.02,71.295,43457
2011-10-24 11:45:00,71.32,71.56,71.31,71.47,41765
2011-10-24 12:00:00,71.49,71.62,71.49,71.59,36514
2011-10-24 12:15:00,71.61,71.83,71.55,71.83,38199
2011-10-24 12:30:00,71.82,71.86,71.66,71.68,106256
2011-10-24 12:45:00,71.67,71.68,71.2602,71.3,70920
2011-10-24 13:00:00,71.29,71.305,71.24,71.26,23193
2011-10-24 13:15:00,71.28,71.29,71.07,71.07,26714
2011-10-24 13:30:00,71.06,71.12,71.05,71.12,22151
2011-10-24 13:45:00,71.105,71.27,71.09,71.25,18371
2011-10-24 14:00:00,71.25,71.26,71.11,71.14,50725
2011-10-24 14:15:00,71.14,71.15,70.98,71.015,77403
2011-10-24 14:30:00,71.02,71.05,70.78,70.92,61563
2011-10-24 14:45:00,70.92,71.09,70.91,71.08,31606
2011-10-24 15:00:00,71.09,71.24,71.04,71.24,46551
2011-10-24 15:15:00,71.24,71.33,71.12,71.17,78146
2011-10-24 15:30:00,71.17,71.26,70.98,70.995,60224
2011-10-24 15:45:00,71.0,71.04,70.935,71.02,71372
2011-10-24 16:00:00,71.02,71.1078,70.87,71.05,117459
2011-10-25 09:45:00,70.91,71.39,70.29,71.24,37203
2011-10-25 10:00:00,71.21,71.77,71.21,71.58,53753
2011-10-25 10:15:00,71.51,71.57,71.07,71.1,34291
2011-10-25 10:30:00,71.07,71.32,70.99,71.235,35145
2011-10-25 10:45:00,71.26,71.26,70.97,71.12,28891
2011-10-25 11:00:00,71.14,71.19,70.85,70.86,28004
2011-10-25 11:15:00,70.86,70.93,70.565,70.66,26347
2011-10-25 11:30:00,70.66,70.88,70.46,70.88,21479
2011-10-25 11:45:00,70.89,71.125,70.85,71.1,32969
2011-10-25 12:00:00,71.095,71.14,70.99,71.01,15300
2011-10-25 12:15:00,71.0,71.23,71.0,71.21,12988
2011-10-25 12:30:00,71.186,71.4,71.16,71.4,9600
2011-10-25 12:45:00,71.4,71.42,71.25,71.32,9609
2011-10-25 13:00:00,71.33,71.39,71.0201,71.03,18690
2011-10-25 13:15:00,70.9999,71.23,70.9999,71.12,8290
2011-10-25 13:30:00,71.11,71.22,71.0505,71.16,22430
2011-10-25 13:45:00,71.14,71.15,71.05,71.08,20395
2011-10-25 14:00:00,71.07,71.25,71.06,71.18,8614
2011-10-25 14:15:00,71.18,71.185,70.97,70.97,19999
2011-10-25 14:30:00,70.95,71.08,70.88,70.93,37681
2011-10-25 14:45:00,70.93,71.25,70.76,71.25,90949
2011-10-25 15:00:00,71.24,71.42,71.24,71.31,25395
2011-10-25 15:15:00,71.31,71.46,71.05,71.06,16949
2011-10-25 15:30:00,71.07,71.11,70.9,70.96,18552
2011-10-25 15:45:00,70.97,71.17,70.97,71.14,40616
2011-10-25 16:00:00,71.13,71.16,70.82,70.91,107236
2011-10-26 09:45:00,72.1,72.12,70.67,70.67,99290
2011-10-26 10:00:00,70.67,71.01,70.52,70.57,42365
2011-10-26 10:15:00,70.6,70.65,69.75,69.79,102142
2011-10-26 10:30:00,69.78,70.05,69.67,70.0,117606
2011-10-26 10:45:00,70.016,70.02,69.76,69.79,25565
2011-10-26 11:00:00,69.79,69.795,69.14,69.21,43284
2011-10-26 11:15:00,69.27,69.64,69.26,69.56,42286
2011-10-26 11:30:00,69.55,69.55,69.24,69.3,16719
2011-10-26 11:45:00,69.25,69.53,69.25,69.44,24929
2011-10-26 12:00:00,69.44,69.6585,69.44,69.6,13857
2011-10-26 12:15:00,69.6,69.64,69.44,69.59,43437
2011-10-26 12:30:00,69.58,69.72,69.54,69.59,21787
2011-10-26 12:45:00,69.59,69.59,69.37,69.44,17712
2011-10-26 13:00:00,69.425,69.49,69.24,69.28,20207
2011-10-26 13:15:00,69.26,69.44,69.14,69.33,21819
2011-10-26 13:30:00,69.3,69.48,69.27,69.46,10139
2011-10-26 13:45:00,69.48,69.79,69.48,69.62,44471
2011-10-26 14:00:00,69.61,69.78,69.37,69.68,71313
2011-10-26 14:15:00,69.69,70.08,69.68,69.94,42276
2011-10-26 14:30:00,69.94,69.99,69.64,69.74,38181
2011-10-26 14:45:00,69.73,69.94,69.68,69.73,47057
2011-10-26 15:00:00,69.7,69.78,69.39,69.49,52672
2011-10-26 15:15:00,69.51,69.59,69.42,69.54,43417
2011-10-26 15:30:00,69.54,69.69,69.42,69.56,67598
2011-10-26 15:45:00,69.54,69.95,69.44,69.89,127343
2011-10-26 16:00:00,69.88,70.27,69.76,70.2,203822
2011-10-27 09:45:00,74.38,76.0,73.9712,75.73,377111
2011-10-27 10:00:00,75.6475,75.8,74.76,75.1,197183
2011-10-27 10:15:00,75.09,75.3,74.8,74.8,141525
2011-10-27 10:30:00,74.82,75.23,74.77,74.99,89426
2011-10-27 10:45:00,75.0,75.15,74.79,75.0,87220
2011-10-27 11:00:00,74.9729,75.065,74.91,75.0,65435
2011-10-27 11:15:00,74.99,75.44,74.96,75.27,71112
2011-10-27 11:30:00,75.28,75.675,75.2,75.37,87221
2011-10-27 11:45:00,75.38,75.6,75.1,75.505,57662
2011-10-27 12:00:00,75.54,75.68,74.49,75.54,115371
2011-10-27 12:15:00,75.54,75.64,75.03,75.2,64042
2011-10-27 12:30:00,75.24,75.63,75.05,75.33,383242
2011-10-27 12:45:00,75.33,75.72,75.33,75.71,256441
2011-10-27 13:00:00,75.71,75.8,75.64,75.75,49327
2011-10-27 13:15:00,75.75,76.18,75.66,76.11,75854
2011-10-27 13:30:00,76.11,76.18,75.84,76.0,69443
2011-10-27 13:45:00,76.0,76.52,75.98,76.5,99021
2011-10-27 14:00:00,76.5,76.68,76.43,76.53,37379
2011-10-27 14:15:00,76.53,76.88,76.52,76.71,40427
2011-10-27 14:30:00,76.72,76.73,76.41,76.51,30204
2011-10-27 14:45:00,76.53,76.7,76.32,76.57,46037
2011-10-27 15:00:00,76.57,76.68,76.35,76.38,26088
2011-10-27 15:15:00,76.4,76.64,76.3,76.62,79322
2011-10-27 15:30:00,76.62,76.75,76.57,76.5932,67731
2011-10-27 15:45:00,76.6,76.64,76.35,76.4,105390
2011-10-27 16:00:00,76.41,76.495,76.05,76.22,182097
2011-10-28 09:45:00,75.75,77.35,75.71,77.01,95693
2011-10-28 10:00:00,77.014,77.014,75.96,76.17,51566
2011-10-28 10:15:00,76.16,76.41,76.09,76.14,18762
2011-10-28 10:30:00,76.09,76.24,75.94,75.95,68784
2011-10-28 10:45:00,75.97,76.09,75.74,75.8599,49106
2011-10-28 11:00:00,75.86,76.0499,75.835,76.04,27975
2011-10-28 11:15:00,76.03,76.06,75.9,75.905,30125
2011-10-28 11:30:00,75.905,75.95,75.84,75.95,24048
2011-10-28 11:45:00,75.96,76.05199999999999,75.815,75.815,30403
2011-10-28 12:00:00,75.8,75.93,75.74,75.77,69160
2011-10-28 12:15:00,75.76,75.8299,75.74,75.79,37282
2011-10-28 12:30:00,75.81,75.85,75.7201,75.84,34667
2011-10-28 12:45:00,75.81,75.8899,75.72,75.88,88171
2011-10-28 13:00:00,75.88,76.17,75.81,76.08,79780
2011-10-28 13:15:00,76.08,76.115,75.88,75.91,62827
2011-10-28 13:30:00,75.9,76.04,75.9,75.94,32794
2011-10-28 13:45:00,75.93,76.06,75.87,75.995,60549
2011-10-28 14:00:00,75.99,76.02,75.8901,75.902,46570
2011-10-28 14:15:00,75.91,75.93,75.84,75.9,78641
2011-10-28 14:30:00,75.9,75.975,75.88,75.95,42157
2011-10-28 14:45:00,75.95,76.01,75.89,76.01,34813
2011-10-28 15:00:00,76.0297,76.09,75.96,76.0,38954
2011-10-28 15:15:00,76.0,76.14,75.93,75.98,60179
2011-10-28 15:30:00,75.97,76.02,75.96,76.02,64177
2011-10-28 15:45:00,76.01,76.18,76.0,76.15,85982
2011-10-28 16:00:00,76.14,76.2,76.0,76.08,103261
2011-10-31 09:45:00,75.67,76.62,75.5,76.51899999999999,52366
2011-10-31 10:00:00,76.46,76.52,76.0,76.28,41113
2011-10-31 10:15:00,76.245,76.63,76.245,76.6032,17839
2011-10-31 10:30:00,76.67,76.98,76.67,76.97,16348
2011-10-31 10:45:00,76.99,77.29,76.95,77.1,31361
2011-10-31 11:00:00,77.11,77.24,77.04,77.05,17700
2011-10-31 11:15:00,77.0501,77.07,76.75,76.77,20330
2011-10-31 11:30:00,76.76,76.79,76.6,76.78,19528
2011-10-31 11:45:00,76.79,77.08,76.74,77.08,24251
2011-10-31 12:00:00,77.04,77.18,76.98,77.14,32432
2011-10-31 12:15:00,77.12,77.21,77.09,77.0999,28286
2011-10-31 12:30:00,77.1,77.1,76.7,76.74,19639
2011-10-31 12:45:00,76.71,76.86,76.64,76.86,20959
2011-10-31 13:00:00,76.86,76.93,76.84,76.8999,12950
2011-10-31 13:15:00,76.87,77.08,76.87,77.04,36248
2011-10-31 13:30:00,77.05,77.05,76.7264,76.7264,21500
2011-10-31 13:45:00,76.73,76.92,76.71,76.82,21080
2011-10-31 14:00:00,76.8066,77.0,76.78,76.82,13878
2011-10-31 14:15:00,76.79,76.82,76.72,76.7632,12450
2011-10-31 14:30:00,76.73,76.82,76.59,76.6297,23663
2011-10-31 14:45:00,76.62,76.63,76.45,76.52,20343
2011-10-31 15:00:00,76.53,76.89,76.4593,76.84,29672
2011-10-31 15:15:00,76.81,76.83,76.57,76.58,30572
2011-10-31 15:30:00,76.58,76.6,76.21,76.22,38581
2011-10-31 15:45:00,76.21,76.47,76.19,76.33,57992
2011-10-31 16:00:00,76.35,76.4,76.06,76.1,95482
2011-11-01 09:45:00,74.14,75.9,74.14,75.86,102773
2011-11-01 10:00:00,75.82,76.14,75.48,75.95,37678
2011-11-01 10:15:00,75.86,76.16,75.5207,75.99,72750
2011-11-01 10:30:00,75.99,76.09,75.72,75.97,44792
2011-11-01 10:45:00,75.975,76.26,75.95,76.19,39806
2011-11-01 11:00:00,76.17,76.44,76.14,76.3,33159
2011-11-01 11:15:00,76.34,76.42,76.18,76.41,25617
2011-11-01 11:30:00,76.39,76.73,76.38,76.63,32371
2011-11-01 11:45:00,76.6,76.62,76.32,76.3498,53934
2011-11-01 12:00:00,76.35,76.498,76.14,76.41,30821
2011-11-01 12:15:00,76.38,76.62,76.21,76.615,51670
2011-11-01 12:30:00,76.61,76.61,76.28,76.51,37506
2011-11-01 12:45:00,76.5,76.59,76.25,76.3,50956
2011-11-01 13:00:00,76.31,76.39,76.09,76.09,37954
2011-11-01 13:15:00,76.1,76.37,75.98,76.28,39330
2011-11-01 13:30:00,76.25,76.4,76.02,76.36,29483
2011-11-01 13:45:00,76.38,76.95,76.37,76.91,68017
2011-11-01 14:00:00,76.86,77.17,76.84,76.85,63772
2011-11-01 14:15:00,76.85,77.18,76.83,77.16,27044
2011-11-01 14:30:00,77.13,77.15,76.87,77.05,24267
2011-11-01 14:45:00,77.03,77.03,76.76,76.9,37564
2011-11-01 15:00:00,76.85,76.98,76.5,76.64,42842
2011-11-01 15:15:00,76.6,76.68,76.43,76.56,60299
2011-11-01 15:30:00,76.54,76.56,76.32,76.51,47500
2011-11-01 15:45:00,76.52,76.94,76.51,76.65,85431
2011-11-01 16:00:00,76.65,76.67,76.34,76.41,163366
2011-11-02 09:45:00,77.02,77.065,76.16,76.32,49915
2011-11-02 10:00:00,76.31,76.74,76.28,76.46,17904
2011-11-02 10:15:00,76.52,76.65,76.29,76.62,27573
2011-11-02 10:30:00,76.6,76.6,76.27,76.34,12706
2011-11-02 10:45:00,76.33,76.52,76.3,76.49,12746
2011-11-02 11:00:00,76.49,76.7,76.44,76.6,15924
2011-11-02 11:15:00,76.59,76.7,76.5,76.51,11242
2011-11-02 11:30:00,76.5,76.57,76.42,76.46,10750
2011-11-02 11:45:00,76.46,76.49,76.24,76.27,19555
2011-11-02 12:00:00,76.28,76.4,76.26,76.33,18737
2011-11-02 12:15:00,76.34,76.4,76.31,76.36,6672
2011-11-02 12:30:00,76.33,76.4,76.27,76.31,10703
2011-11-02 12:45:00,76.3298,76.475,76.2,76.25,16306
2011-11-02 13:00:00,76.25,76.26,76.09,76.11,10855
2011-11-02 13:15:00,76.12,76.17,75.98,76.04,23093
2011-11-02 13:30:00,76.03,76.11,75.91,76.09,11304
2011-11-02 13:45:00,76.06,76.26,76.03,76.23,12750
2011-11-02 14:00:00,76.23,76.265,76.09,76.17,11758
2011-11-02 14:15:00,76.16,76.22,76.05,76.12,18484
2011-11-02 14:30:00,76.11,76.23,76.1,76.2199,16334
2011-11-02 14:45:00,76.18,76.39,76.13,76.22,15175
2011-11-02 15:00:00,76.21,76.41,76.21,76.36,20639
2011-11-02 15:15:00,76.38,76.51,76.33,76.485,44889
2011-11-02 15:30:00,76.4885,76.61,76.43,76.535,42097
2011-11-02 15:45:00,76.54,76.6,76.18,76.22,54100
2011-11-02 16:00:00,76.21,76.45,76.11,76.27,132223
2011-11-03 09:45:00,76.45,76.63,75.6,75.93,41239
2011-11-03 10:00:00,75.91,75.96,75.58,75.8,37355
2011-11-03 10:15:00,75.82,76.27,75.71,76.04,44244
2011-11-03 10:30:00,76.02,76.25,75.92,76.12,22947
2011-11-03 10:45:00,76.12,76.7685,76.11,76.62,23297
2011-11-03 11:00:00,76.64,76.68,76.305,76.305,11300
2011-11-03 11:15:00,76.3,76.57,76.25,76.57,17192
2011-11-03 11:30:00,76.6,76.98,76.58,76.97,22496
2011-11-03 11:45:00,77.0,77.0,76.83,76.99,55330
2011-11-03 12:00:00,76.985,77.14,76.91,76.91,16127
2011-11-03 12:15:00,76.89,76.91,76.57,76.57,11433
2011-11-03 12:30:00,76.56,76.81,76.55,76.69,19649
2011-11-03 12:45:00,76.68,76.7,76.43,76.55,17421
2011-11-03 13:00:00,76.55,76.91,76.55,76.87,13973
2011-11-03 13:15:00,76.87,77.08,76.76,76.99,18535
2011-11-03 13:30:00,76.99,77.09,76.95,77.0,11661
2011-11-03 13:45:00,77.0,77.03,76.86,77.0,27157
2011-11-03 14:00:00,76.97,77.17,76.97,77.02,28591
2011-11-03 14:15:00,77.06,77.16,76.92,76.97,49024
2011-11-03 14:30:00,76.96,77.03,76.74,76.8397,41867
2011-11-03 14:45:00,76.81,77.0,76.8,76.89,17540
2011-11-03 15:00:00,76.88,76.95,76.85,76.87,28309
2011-11-03 15:15:00,76.89,77.12,76.89,77.03,30561
2011-11-03 15:30:00,77.05,77.12,76.98,77.06,32100
2011-11-03 15:45:00,77.06,77.28,77.06,77.15,89618
2011-11-03 16:00:00,77.149,77.49,77.13,77.35,215625
2011-11-04 09:45:00,76.8,77.15,76.5419,76.85,40785
2011-11-04 10:00:00,76.84,76.88,76.33,76.42,38402
2011-11-04 10:15:00,76.42,76.42,76.18,76.2,38328
2011-11-04 10:30:00,76.2,76.24,75.97,76.04,58349
2011-11-04 10:45:00,76.0,76.1,75.96,76.045,26734
2011-11-04 11:00:00,76.04,76.3,76.04,76.26,18820
2011-11-04 11:15:00,76.27,76.35,76.21,76.27,13753
2011-11-04 11:30:00,76.26,76.32,76.14,76.24,24561
2011-11-04 11:45:00,76.25,76.49,76.24,76.37,20152
2011-11-04 12:00:00,76.3635,76.49,76.34,76.48,39250
2011-11-04 12:15:00,76.49,76.66,76.47,76.6532,18060
2011-11-04 12:30:00,76.68,76.74,76.61,76.67,13627
2011-11-04 12:45:00,76.7,76.71,76.49,76.51,15137
2011-11-04 13:00:00,76.52,76.76,76.52,76.72,19967
2011-11-04 13:15:00,76.72,76.93,76.72,76.93,13000
2011-11-04 13:30:00,76.95,77.03,76.92,76.98,22078
2011-11-04 13:45:00,77.0,77.24,76.96,77.24,22648
2011-11-04 14:00:00,77.2,77.37,77.19,77.35,55522
2011-11-04 14:15:00,77.37,77.37,77.2228,77.24,23911
2011-11-04 14:30:00,77.25,77.44,77.16,77.28,40679
2011-11-04 14:45:00,77.29,77.29,77.18,77.21,30205
2011-11-04 15:00:00,77.22,77.42,77.19,77.36,22001
2011-11-04 15:15:00,77.34,77.35,77.02,77.05,34525
2011-11-04 15:30:00,77.07,77.15,76.895,76.91,41818
2011-11-04 15:45:00,76.91,76.99,76.72,76.86,50597
2011-11-04 16:00:00,76.87,76.96,76.76,76.9,60767
2011-11-07 09:45:00,76.7,76.9,76.41,76.514,41194
2011-11-07 10:00:00,76.55,76.67,76.39,76.46,76612
2011-11-07 10:15:00,76.47,76.54,76.31,76.35,98018
2011-11-07 10:30:00,76.38,76.44,76.22,76.35,67986
2011-11-07 10:45:00,76.3595,76.59,76.1,76.55,148649
2011-11-07 11:00:00,76.52,76.64,76.49,76.56,138379
2011-11-07 11:15:00,76.55,76.62,76.32,76.43,73843
2011-11-07 11:30:00,76.48,76.48,76.222,76.3,54172
2011-11-07 11:45:00,76.27,76.49,76.19,76.355,73166
2011-11-07 12:00:00,76.35,76.37,76.24,76.275,53903
2011-11-07 12:15:00,76.27,76.42,76.245,76.27,41750
2011-11-07 12:30:00,76.29,76.32,75.89,75.99,56872
2011-11-07 12:45:00,75.995,76.21,75.92,76.19,45727
2011-11-07 13:00:00,76.17,76.28,76.13,76.14,33805
2011-11-07 13:15:00,76.16,76.26,76.11,76.26,39534
2011-11-07 13:30:00,76.26,76.38,76.23,76.28,21410
2011-11-07 13:45:00,76.28,76.28,76.18,76.245,24406
2011-11-07 14:00:00,76.23,76.53,76.2,76.39,31619
2011-11-07 14:15:00,76.39,76.52,76.27,76.39,42008
2011-11-07 14:30:00,76.35,76.61,76.33,76.53,42821
2011-11-07 14:45:00,76.55,76.68,76.54,76.62,28522
2011-11-07 15:00:00,76.61,76.76,76.56,76.675,26721
2011-11-07 15:15:00,76.67,76.7,76.59,76.7,24203
2011-11-07 15:30:00,76.69,76.73,76.59,76.6,16604
2011-11-07 15:45:00,76.59,76.79,76.54,76.68,42233
2011-11-07 16:00:00,76.68,76.92,76.66,76.87,62091
2011-11-08 09:45:00,77.47,77.87,77.09,77.36,29205
2011-11-08 10:00:00,77.38,77.62,77.27,77.62,34198
2011-11-08 10:15:00,77.66,77.66,76.76,76.93,26654
2011-11-08 10:30:00,76.92,76.99,76.39,76.57,38147
2011-11-08 10:45:00,76.56,76.7,76.56,76.7,39467
2011-11-08 11:00:00,76.68,76.77,76.545,76.58,29734
2011-11-08 11:15:00,76.56,76.71,76.51,76.6,36753
2011-11-08 11:30:00,76.56,76.63,76.52,76.56,26605
2011-11-08 11:45:00,76.56,76.59,76.49,76.55,50208
2011-11-08 12:00:00,76.5496,76.84,76.53,76.8,36584
2011-11-08 12:15:00,76.82,76.87,76.63,76.82,24422
2011-11-08 12:30:00,76.83,76.876,76.75,76.76,10315
2011-11-08 12:45:00,76.76,76.81,76.62,76.67,9500
2011-11-08 13:00:00,76.68,76.7,76.57,76.63,15930
2011-11-08 13:15:00,76.63,76.68,76.52,76.56,31685
2011-11-08 13:30:00,76.57,76.71,76.53,76.67,22086
2011-11-08 13:45:00,76.68,76.75,76.5604,76.67,12135
2011-11-08 14:00:00,76.67,76.99,76.6201,76.95,21026
2011-11-08 14:15:00,76.98,77.02,76.8,76.93,22732
2011-11-08 14:30:00,76.95,77.0308,76.83,77.03,10500
2011-11-08 14:45:00,77.04,77.13,76.89,76.9003,22803
2011-11-08 15:00:00,76.93,77.07,76.89,77.01,25192
2011-11-08 15:15:00,76.98,77.02,76.86,76.88,40959
2011-11-08 15:30:00,76.89,77.02,76.84,76.96,34099
2011-11-08 15:45:00,76.97,77.21,76.97,77.19,56306
2011-11-08 16:00:00,77.19,77.41,77.122,77.32,107760
2011-11-09 09:45:00,76.42,77.16,76.19,76.97,33486
2011-11-09 10:00:00,77.05,77.1,76.67,76.82,41961
2011-11-09 10:15:00,76.85,77.06,76.68,77.02,27686
2011-11-09 10:30:00,77.09,77.212,77.05,77.07,25966
2011-11-09 10:45:00,77.04,77.15,76.92,77.09,34599
2011-11-09 11:00:00,77.08,77.41,77.07,77.41,40879
2011-11-09 11:15:00,77.38,77.52,77.28,77.46,24341
2011-11-09 11:30:00,77.48,77.85,77.47,77.7,120855
2011-11-09 11:45:00,77.732,77.91,77.69,77.69,16012
2011-11-09 12:00:00,77.72,77.94,77.72,77.83,19479
2011-11-09 12:15:00,77.83,77.85,77.68,77.72,29772
2011-11-09 12:30:00,77.76,77.84,77.68,77.7,23389
2011-11-09 12:45:00,77.685,77.71,77.62,77.66,23222
2011-11-09 13:00:00,77.64,77.71,77.61,77.6733,24938
2011-11-09 13:15:00,77.67,77.95,77.67,77.83,26411
2011-11-09 13:30:00,77.82,77.82,77.57,77.62,29654
2011-11-09 13:45:00,77.61,77.65,77.36,77.41,31024
2011-11-09 14:00:00,77.38,77.38,76.86,76.89,40639
2011-11-09 14:15:00,76.89,76.9,76.39,76.73,59693
2011-11-09 14:30:00,76.71,76.78,76.4,76.59,54519
2011-11-09 14:45:00,76.55,76.7999,76.5,76.7799,40678
2011-11-09 15:00:00,76.76,76.78,76.5,76.52,34511
2011-11-09 15:15:00,76.51,76.75,76.48,76.57,50207
2011-11-09 15:30:00,76.56,76.71,76.53,76.59,49262
2011-11-09 15:45:00,76.59,76.595,76.28,76.34,120596
2011-11-09 16:00:00,76.34,78.05,76.21,77.99,436744
2011-11-10 09:45:00,77.35,77.35,76.42,76.51,79088
2011-11-10 10:00:00,76.5,76.56,76.25,76.3,71725
2011-11-10 10:15:00,76.3,76.62,76.3,76.61,54465
2011-11-10 10:30:00,76.6,76.79,76.47,76.64,46507
2011-11-10 10:45:00,76.59,76.66,76.47,76.57,35796
2011-11-10 11:00:00,76.5205,76.7,76.3,76.7,38815
2011-11-10 11:15:00,76.7,76.96,76.64,76.71,35343
2011-11-10 11:30:00,76.68,76.76,76.615,76.7,26100
2011-11-10 11:45:00,76.67,76.84,76.55,76.83,28044
2011-11-10 12:00:00,76.86,76.93,76.64,76.69,21231
2011-11-10 12:15:00,76.705,76.83,76.6425,76.68,24907
2011-11-10 12:30:00,76.67,76.76,76.6,76.6,19454
2011-11-10 12:45:00,76.62,76.62,76.27,76.36,21885
2011-11-10 13:00:00,76.37,76.46,76.31,76.41,17083
2011-11-10 13:15:00,76.41,76.72,76.4,76.63,21600
2011-11-10 13:30:00,76.64,76.82,76.62,76.63,17950
2011-11-10 13:45:00,76.64,77.09,76.64,77.07,62041
2011-11-10 14:00:00,77.06,77.06,76.67,76.67,19995
2011-11-10 14:15:00,76.69,76.72,76.32,76.39,36942
2011-11-10 14:30:00,76.38,76.51,76.19,76.27,48091
2011-11-10 14:45:00,76.27,76.4235,76.2,76.41,20070
2011-11-10 15:00:00,76.42,76.46,76.19,76.19,18107
2011-11-10 15:15:00,76.22,76.44,76.2,76.34,25964
2011-11-10 15:30:00,76.32,76.64,76.24,76.53,34254
2011-11-10 15:45:00,76.52,76.58,76.36,76.49,41712
2011-11-10 16:00:00,76.49,76.66,76.37,76.38,103313
2011-11-11 09:45:00,77.22,77.73,76.96,77.69,39227
2011-11-11 10:00:00,77.81,77.93,77.4952,77.53,38929
2011-11-11 10:15:00,77.58,77.86,77.54,77.61,26060
2011-11-11 10:30:00,77.57,77.77,77.57,77.65,22025
2011-11-11 10:45:00,77.67,78.0,77.64,78.0,28795
2011-11-11 11:00:00,78.0,78.35,77.97,78.22,38847
2011-11-11 11:15:00,78.23,78.28,78.12,78.12,16868
2011-11-11 11:30:00,78.14,78.2,78.12,78.18,21967
2011-11-11 11:45:00,78.18,78.37,78.17,78.36,50686
2011-11-11 12:00:00,78.42,78.69,78.4,78.68,20239
2011-11-11 12:15:00,78.68,78.74,78.57,78.68,15292
2011-11-11 12:30:00,78.69,78.71,78.55,78.665,12400
2011-11-11 12:45:00,78.66,78.735,78.58,78.63,13500
2011-11-11 13:00:00,78.60300000000001,78.69,78.57,78.6,11032
2011-11-11 13:15:00,78.63,78.8,78.56,78.69,27104
2011-11-11 13:30:00,78.69,78.74,78.6325,78.71,12180
2011-11-11 13:45:00,78.77,78.77,78.68,78.75,10222
2011-11-11 14:00:00,78.75,78.86,78.63,78.69,18839
2011-11-11 14:15:00,78.74,78.79,78.64,78.77,20138
2011-11-11 14:30:00,78.76,78.9,78.76,78.9,18029
2011-11-11 14:45:00,78.92,78.99,78.84,78.89,28093
2011-11-11 15:00:00,78.91,78.93,78.63,78.67,15567
2011-11-11 15:15:00,78.66,78.67,78.44,78.515,28303
2011-11-11 15:30:00,78.5001,78.615,78.49,78.6104,27512
2011-11-11 15:45:00,78.64,78.67,78.48,78.62,27232
2011-11-11 16:00:00,78.62,78.81,78.57,78.66,87811
2011-11-14 09:45:00,78.75,78.99,78.32,78.39,33774
2011-11-14 10:00:00,78.33,78.38,78.07,78.21,18936
2011-11-14 10:15:00,78.22,78.51,78.21,78.45,13688
2011-11-14 10:30:00,78.45,78.57,78.39,78.51,19101
2011-11-14 10:45:00,78.54,78.56,78.33,78.47,20503
2011-11-14 11:00:00,78.465,78.465,78.21,78.22,18577
2011-11-14 11:15:00,78.21,78.37,78.1132,78.1132,26470
2011-11-14 11:30:00,78.1,78.23,78.07,78.16,12819
2011-11-14 11:45:00,78.17,78.37,78.16,78.16,7432
2011-11-14 12:00:00,78.16,78.225,78.0,78.1,8100
2011-11-14 12:15:00,78.04,78.23,77.99,78.22,10279
2011-11-14 12:30:00,78.2,78.2,77.98,78.0,14397
2011-11-14 12:45:00,78.0,78.04,77.91,77.94,16723
2011-11-14 13:00:00,77.95,78.0,77.85,77.9332,5938
2011-11-14 13:15:00,77.95,77.95,77.79,77.9,10478
2011-11-14 13:30:00,77.88,77.98,77.81,77.98,11326
2011-11-14 13:45:00,77.94,78.0,77.87,77.9607,12080
2011-11-14 14:00:00,77.985,77.985,77.81,77.87,11003
2011-11-14 14:15:00,77.87,77.9,77.81,77.82,13545
2011-11-14 14:30:00,77.8,77.81,77.59,77.62,12061
2011-11-14 14:45:00,77.62,77.64,77.54,77.62,20167
2011-11-14 15:00:00,77.62,77.64,77.47,77.47,12470
2011-11-14 15:15:00,77.44,77.65,77.43,77.56,14791
2011-11-14 15:30:00,77.57,77.67,77.48,77.6,13315
2011-11-14 15:45:00,77.62,77.77,77.6,77.73,27541
2011-11-14 16:00:00,77.75,77.89,77.72,77.76,37881
2011-11-15 09:45:00,77.51,78.07,77.39,77.91,38193
2011-11-15 10:00:00,77.9,78.4697,77.9,78.02,31820
2011-11-15 10:15:00,78.0,78.13,77.626,77.67,26873
2011-11-15 10:30:00,77.66,77.78,77.5629,77.7585,11578
2011-11-15 10:45:00,77.79,77.84,77.62,77.65,17698
2011-11-15 11:00:00,77.65,77.69,77.305,77.42,25521
2011-11-15 11:15:00,77.38,77.73,77.38,77.72,13638
2011-11-15 11:30:00,77.7699,77.85,77.66,77.67,20767
2011-11-15 11:45:00,77.65,77.69,77.57,77.64,15226
2011-11-15 12:00:00,77.62,77.96,77.59,77.91,13900
2011-11-15 12:15:00,77.93,78.16,77.93,78.105,23863
2011-11-15 12:30:00,78.15,78.19,77.93,78.0,29260
2011-11-15 12:45:00,78.0,78.17,77.94,78.07,26955
2011-11-15 13:00:00,78.07,78.2,78.03,78.2,19390
2011-11-15 13:15:00,78.18,78.29,78.0,78.009,24560
2011-11-15 13:30:00,78.01,78.1,77.99,78.08,10551
2011-11-15 13:45:00,78.1,78.23,78.02,78.1,32633
2011-11-15 14:00:00,78.09,78.1,77.94,77.94,29568
2011-11-15 14:15:00,77.95,77.99,77.89,77.99,16116
2011-11-15 14:30:00,77.99,78.09,77.94,78.085,13480
2011-11-15 14:45:00,78.09,78.27,78.09,78.24,13682
2011-11-15 15:00:00,78.23,78.38,78.23,78.36,12242
2011-11-15 15:15:00,78.33,78.48,78.33,78.42,13681
2011-11-15 15:30:00,78.42,78.52,78.39699999999999,78.43,14484
2011-11-15 15:45:00,78.46,78.49,78.32,78.32,26268
2011-11-15 16:00:00,78.35,78.45,78.19,78.28,41319
2011-11-16 09:45:00,77.75,77.86,77.35,77.45,25141
2011-11-16 10:00:00,77.49,77.74,77.475,77.53,13492
2011-11-16 10:15:00,77.4,77.73,77.4,77.43,14959
2011-11-16 10:30:00,77.49,77.68,77.48,77.52,12137
2011-11-16 10:45:00,77.54,77.67,77.48,77.65,11484
2011-11-16 11:00:00,77.68,77.82,77.63,77.64,14489
2011-11-16 11:15:00,77.62,77.79,77.61,77.72,8323
2011-11-16 11:30:00,77.73,77.78,77.62,77.62,10695
2011-11-16 11:45:00,77.63,77.73,77.6,77.63,11052
2011-11-16 12:00:00,77.615,77.65,77.38,77.385,11681
2011-11-16 12:15:00,77.39,77.43,77.32,77.37,15166
2011-11-16 12:30:00,77.36,77.45,77.29,77.29,18219
2011-11-16 12:45:00,77.31,77.52,77.2925,77.47,8881
2011-11-16 13:00:00,77.5,77.59,77.47,77.5,10525
2011-11-16 13:15:00,77.5,77.54,77.39,77.47,14191
2011-11-16 13:30:00,77.45,77.7,77.38,77.68,11307
2011-11-16 13:45:00,77.68,77.68,77.41,77.45,39331
2011-11-16 14:00:00,77.46,77.5625,77.44,77.5,19070
2011-11-16 14:15:00,77.53,77.61,77.5,77.54,16927
2011-11-16 14:30:00,77.55,77.66,77.4901,77.51,14333
2011-11-16 14:45:00,77.51,77.61,77.49,77.52,14834
2011-11-16 15:00:00,77.51,77.51,77.1927,77.3,17810
2011-11-16 15:15:00,77.31,77.36,77.214,77.26,13958
2011-11-16 15:30:00,77.23,77.23,76.81,76.83,23891
2011-11-16 15:45:00,76.81,76.81,76.38,76.61,98004
2011-11-16 16:00:00,76.64,76.835,76.42,76.62,120177
2011-11-17 09:45:00,76.65,76.79,76.4,76.5,49419
2011-11-17 10:00:00,76.46,76.69,76.39,76.64,20231
2011-11-17 10:15:00,76.5533,76.7,76.42,76.55,31565
2011-11-17 10:30:00,76.53,76.68,76.465,76.68,13673
2011-11-17 10:45:00,76.66,77.0,76.51,76.54,102849
2011-11-17 11:00:00,76.51,76.72,76.49,76.5,19760
2011-11-17 11:15:00,76.5,76.56,76.21,76.47,37167
2011-11-17 11:30:00,76.42,76.52,76.32,76.32,13729
2011-11-17 11:45:00,76.32,76.53,76.3,76.53,6901
2011-11-17 12:00:00,76.5,76.54,76.4,76.51,7400
2011-11-17 12:15:00,76.54,76.54,75.94,75.94,30887
2011-11-17 12:30:00,75.96,75.97,75.62,75.76,55872
2011-11-17 12:45:00,75.76,75.775,75.26,75.55,39477
2011-11-17 13:00:00,75.53,75.72,75.5,75.63,11457
2011-11-17 13:15:00,75.63,75.68,75.45,75.63,19320
2011-11-17 13:30:00,75.62,75.85,75.57,75.78,18100
2011-11-17 13:45:00,75.7729,75.85,75.7,75.8,15641
2011-11-17 14:00:00,75.76,76.06,75.61,75.98,16732
2011-11-17 14:15:00,75.97,75.99,75.83,75.96,13507
2011-11-17 14:30:00,75.97,76.01,75.77,75.8,15985
2011-11-17 14:45:00,75.8,75.86,75.63,75.74,34630
2011-11-17 15:00:00,75.75,75.92,75.73,75.9,31188
2011-11-17 15:15:00,75.89,75.99,75.57,75.7,33344
2011-11-17 15:30:00,75.7,75.86,75.57,75.8,41361
2011-11-17 15:45:00,75.82,75.96,75.77,75.9,43935
2011-11-17 16:00:00,75.9,76.19,75.86,76.05,87083
2011-11-18 09:45:00,75.96,76.05,75.09,75.64,156248
2011-11-18 10:00:00,75.69,75.69,75.45,75.58,65530
2011-11-18 10:15:00,75.6,75.64,75.37,75.59,87832
2011-11-18 10:30:00,75.6,75.64,75.46,75.6,36251
2011-11-18 10:45:00,75.62,75.77,75.53,75.675,61701
2011-11-18 11:00:00,75.675,75.89,75.675,75.795,44742
2011-11-18 11:15:00,75.81,75.945,75.68,75.85,39240
2011-11-18 11:30:00,75.86,75.87,75.65,75.7,20662
2011-11-18 11:45:00,75.72,75.78,75.46,75.58,55087
2011-11-18 12:00:00,75.56,75.635,75.46,75.57,17970
2011-11-18 12:15:00,75.6,75.63,75.5,75.545,28500
2011-11-18 12:30:00,75.53,75.73,75.53,75.68,16419
2011-11-18 12:45:00,75.67,75.73,75.62,75.652,28569
2011-11-18 13:00:00,75.65,75.72,75.51,75.51,19808
2011-11-18 13:15:00,75.514,75.63,75.5,75.57,27291
2011-11-18 13:30:00,75.58,75.71,75.53,75.55,19500
2011-11-18 13:45:00,75.545,75.61,75.5,75.5,28959
2011-11-18 14:00:00,75.51,75.59,75.5,75.51,67827
2011-11-18 14:15:00,75.5001,75.63,75.5,75.58,23954
2011-11-18 14:30:00,75.57,75.62,75.5,75.61,21973
2011-11-18 14:45:00,75.61,75.63,75.51,75.62,32129
2011-11-18 15:00:00,75.6,75.77,75.6,75.68,38435
2011-11-18 15:15:00,75.69,75.74,75.65,75.66,35925
2011-11-18 15:30:00,75.67,75.791,75.65,75.68,33781
2011-11-18 15:45:00,75.69,75.779,75.6,75.65,76940
2011-11-18 16:00:00,75.66,75.69,75.4,75.47,154691
2011-11-21 09:45:00,75.03,75.81,74.75,75.5,63779
2011-11-21 10:00:00,75.47,75.55,75.07,75.08,45029
2011-11-21 10:15:00,75.11,75.16,74.91,75.11,52014
2011-11-21 10:30:00,75.157,75.16,74.95,74.95,32129
2011-11-21 10:45:00,74.96,75.09,74.92,74.92,32770
2011-11-21 11:00:00,74.92,75.06,74.85,74.8701,27259
2011-11-21 11:15:00,74.89,74.995,74.76,74.995,22180
2011-11-21 11:30:00,75.0,75.07,74.92,75.05,24813
2011-11-21 11:45:00,75.06,75.08,74.54,74.54,36428
2011-11-21 12:00:00,74.55,74.8197,74.53,74.7,29532
2011-11-21 12:15:00,74.69,74.88,74.64,74.88,19671
2011-11-21 12:30:00,74.9,75.02,74.89,74.97,25102
2011-11-21 12:45:00,74.97,75.23,74.92,75.23,35812
2011-11-21 13:00:00,75.22,75.3,75.2,75.28,42258
2011-11-21 13:15:00,75.28,75.675,75.26,75.62,75455
2011-11-21 13:30:00,75.605,75.79,75.57,75.66,45629
2011-11-21 13:45:00,75.67,75.75,75.38,75.58,35698
2011-11-21 14:00:00,75.56,75.615,75.35,75.35,24938
2011-11-21 14:15:00,75.345,75.79,75.3,75.72,25880
2011-11-21 14:30:00,75.71,75.77,75.61,75.69,36090
2011-11-21 14:45:00,75.71,75.96,75.62,75.91,41161
2011-11-21 15:00:00,75.92,75.96,75.7,75.78,39022
2011-11-21 15:15:00,75.8,75.83,75.62,75.77,41179
2011-11-21 15:30:00,75.78,75.93,75.63,75.91,54723
2011-11-21 15:45:00,75.88,75.98,75.78,75.8376,39365
2011-11-21 16:00:00,75.84,75.98,75.75,75.81,64875
2011-11-22 09:45:00,76.07,76.1,75.655,76.06,41384
2011-11-22 10:00:00,76.06,76.08,75.89,75.99,28840
2011-11-22 10:15:00,75.99,76.07,75.75,75.79,28119
2011-11-22 10:30:00,75.83,76.04,75.78,75.9,30708
2011-11-22 10:45:00,75.91,75.94,75.62,75.64,21583
2011-11-22 11:00:00,75.6699,75.6699,75.06,75.12,44391
2011-11-22 11:15:00,75.18,75.27,75.1,75.14,16700
2011-11-22 11:30:00,75.16,75.31,75.06,75.19,25976
2011-11-22 11:45:00,75.22,75.34,75.07,75.34,21662
2011-11-22 12:00:00,75.3399,75.48,75.32,75.44,25352
2011-11-22 12:15:00,75.46,75.98,75.46,75.75,35155
2011-11-22 12:30:00,75.74,75.79,75.52,75.53,26081
2011-11-22 12:45:00,75.5398,75.68,75.5,75.63,8839
2011-11-22 13:00:00,75.68,75.71,75.49,75.68,10523
2011-11-22 13:15:00,75.69,75.71,75.57,75.65,11228
2011-11-22 13:30:00,75.67,75.77,75.64,75.64,12789
2011-11-22 13:45:00,75.6404,75.7275,75.55,75.55,11506
2011-11-22 14:00:00,75.54,75.61,75.43,75.48,23253
2011-11-22 14:15:00,75.47,75.57,75.43,75.5499,10606
2011-11-22 14:30:00,75.54,75.63,75.42,75.58,14100
2011-11-22 14:45:00,75.58,75.6,75.47,75.56,61460
2011-11-22 15:00:00,75.56,75.6,75.42,75.48,19162
2011-11-22 15:15:00,75.46,75.59,75.41,75.46,52476
2011-11-22 15:30:00,75.46,75.5,75.31,75.45,28759
2011-11-22 15:45:00,75.47,75.59,75.36,75.36,31304
2011-11-22 16:00:00,75.35,75.53,75.35,75.36,50667
2011-11-23 09:45:00,74.85,75.19,74.8,74.87,43129
2011-11-23 10:00:00,74.82,74.89,74.39,74.39,20093
2011-11-23 10:15:00,74.39,74.7,74.38,74.62,46505
2011-11-23 10:30:00,74.64,74.665,74.28,74.2801,40294
2011-11-23 10:45:00,74.29,74.38,74.15,74.28,49251
2011-11-23 11:00:00,74.25,74.57,74.25,74.44,36445
2011-11-23 11:15:00,74.44,74.55,74.21,74.31,13045
2011-11-23 11:30:00,74.295,74.4699,74.18,74.4699,21287
2011-11-23 11:45:00,74.47,74.77,74.43,74.75,24718
2011-11-23 12:00:00,74.7,74.9,74.69,74.84,18306
2011-11-23 12:15:00,74.84,74.91,74.75,74.75,42820
2011-11-23 12:30:00,74.75,74.87,74.62,74.62,16235
2011-11-23 12:45:00,74.61,74.85,74.61,74.85,10200
2011-11-23 13:00:00,74.84,75.13,74.8,75.0,12194
2011-11-23 13:15:00,74.98,75.11,74.92,74.92,11988
2011-11-23 13:30:00,74.97,75.27,74.94,75.27,11882
2011-11-23 13:45:00,75.3,75.33,74.97,74.98,16172
2011-11-23 14:00:00,75.0,75.07,74.88,74.88,10062
2011-11-23 14:15:00,74.89,74.92,74.77,74.77,11115
2011-11-23 14:30:00,74.71,74.71,74.49,74.64,13470
2011-11-23 14:45:00,74.68,74.7,74.6,74.68,12345
2011-11-23 15:00:00,74.67,74.89,74.67,74.83,21500
2011-11-23 15:15:00,74.8,75.08,74.76,75.05,25681
2011-11-23 15:30:00,75.05,75.07,74.75,74.82,40523
2011-11-23 15:45:00,74.82,75.04,74.68,75.01,50900
2011-11-23 16:00:00,75.0,75.05,74.42,74.42,128173
2011-11-25 09:45:00,74.07,74.38,73.9,74.34,43344
2011-11-25 10:00:00,74.3,74.39,74.15,74.2,25675
2011-11-25 10:15:00,74.22,74.45,74.18,74.34,16169
2011-11-25 10:30:00,74.34,74.34,74.17,74.28,24328
2011-11-25 10:45:00,74.26,74.41,74.24,74.4,43978
2011-11-25 11:00:00,74.4,74.95,74.33,74.81,35691
2011-11-25 11:15:00,74.85,75.32,74.82,75.05,28749
2011-11-25 11:30:00,75.06,75.38,75.06,75.1,17324
2011-11-25 11:45:00,75.11,75.4275,75.11,75.18,21445
2011-11-25 12:00:00,75.17,75.24,75.01,75.14,31502
2011-11-25 12:15:00,75.15,75.3,75.07,75.29,22316
2011-11-25 12:30:00,75.3,75.41,74.97,75.03,27646
2011-11-25 12:45:00,75.0531,75.1,74.79,74.83,42682
2011-11-25 13:00:00,74.86,75.59,74.845,75.59,191478
2011-11-25 13:15:00,75.53,75.53,74.42,74.42,930
2011-11-25 13:30:00,75.5587,75.5587,74.9167,74.9167,328272
2011-11-25 13:45:00,75.51,75.51,75.51,75.51,1761
2011-11-28 09:45:00,76.96,77.09,76.45,76.4972,70695
2011-11-28 10:00:00,76.5,76.67,76.29,76.63,42522
2011-11-28 10:15:00,76.58,76.7,76.44,76.44,36663
2011-11-28 10:30:00,76.44,76.53,76.38,76.44,39621
2011-11-28 10:45:00,76.45,76.54,76.35,76.53,29646
2011-11-28 11:00:00,76.52,76.52,76.38,76.38,20304
2011-11-28 11:15:00,76.4,76.41,76.16,76.16,40406
2011-11-28 11:30:00,76.16,76.16,75.95,76.06,37914
2011-11-28 11:45:00,76.06,76.16,76.04,76.14,30214
2011-11-28 12:00:00,76.14,76.14,76.03,76.04,15383
2011-11-28 12:15:00,76.04,76.14,76.04,76.12,14637
2011-11-28 12:30:00,76.1166,76.16,75.99,76.03,21711
2011-11-28 12:45:00,76.04,76.14,75.96,76.0,15103
2011-11-28 13:00:00,76.01,76.05,75.97,76.0,29414
2011-11-28 13:15:00,76.0,76.0,75.89,75.91,10600
2011-11-28 13:30:00,75.93,76.03,75.89,75.93,10900
2011-11-28 13:45:00,75.96,76.05,75.94,75.96,11700
2011-11-28 14:00:00,75.97,75.97,75.73,75.79,12388
2011-11-28 14:15:00,75.78,75.85,75.74,75.83,22071
2011-11-28 14:30:00,75.82,75.854,75.69,75.71,20797
2011-11-28 14:45:00,75.7,75.73,75.64,75.67,21445
2011-11-28 15:00:00,75.7,75.72,75.46,75.5,22943
2011-11-28 15:15:00,75.53,75.59,75.5,75.52,35074
2011-11-28 15:30:00,75.52,75.73,75.44,75.62,35012
2011-11-28 15:45:00,75.65,75.71,75.5,75.57,48382
2011-11-28 16:00:00,75.6,75.78,75.39,75.73,106769
2011-11-29 09:45:00,75.62,76.38,75.49,76.35,43657
2011-11-29 10:00:00,76.3,76.46,76.12,76.22,28475
2011-11-29 10:15:00,76.27,76.77,76.19,76.74,43372
2011-11-29 10:30:00,76.73,76.74,76.32,76.45,70559
2011-11-29 10:45:00,76.44,76.4997,76.31,76.32,61608
2011-11-29 11:00:00,76.32,76.35,76.12,76.19,30333
2011-11-29 11:15:00,76.19,76.21,75.98,76.11,23409
2011-11-29 11:30:00,76.13,76.35,76.13,76.33,26539
2011-11-29 11:45:00,76.34,76.61,76.33,76.34,24047
2011-11-29 12:00:00,76.36,76.48,76.31,76.382,19769
2011-11-29 12:15:00,76.38,76.39,76.31,76.31,18054
2011-11-29 12:30:00,76.32,76.34,76.17,76.2,15262
2011-11-29 12:45:00,76.18,76.19,75.93,75.95,15298
2011-11-29 13:00:00,75.95,76.1,75.91,76.08,5828
2011-11-29 13:15:00,76.07,76.07,75.92,76.0,10026
2011-11-29 13:30:00,75.99,76.06,75.8905,75.99,7836
2011-11-29 13:45:00,75.96,75.99,75.88,75.93,8714
2011-11-29 14:00:00,75.93,75.93,75.68,75.68,10726
2011-11-29 14:15:00,75.65,75.73,75.6,75.69,13230
2011-11-29 14:30:00,75.68,75.83,75.6,75.79,11950
2011-11-29 14:45:00,75.8,75.98,75.8,75.98,13758
2011-11-29 15:00:00,75.97,76.03,75.87,76.0,16380
2011-11-29 15:15:00,75.99,76.1,75.92,76.09,15648
2011-11-29 15:30:00,76.09,76.15,75.984,75.984,34720
2011-11-29 15:45:00,76.0,76.13,75.881,75.95,52398
2011-11-29 16:00:00,75.95,76.0,75.8,75.86,74610
2011-11-30 09:45:00,77.0,77.31,76.38,77.31,54167
2011-11-30 10:00:00,77.38,77.49,76.81,76.94,34528
2011-11-30 10:15:00,76.95,77.14,76.85,77.01,23050
2011-11-30 10:30:00,77.05,77.35,76.96,77.35,21242
2011-11-30 10:45:00,77.28,77.4,77.28,77.4,23242
2011-11-30 11:00:00,77.4,77.55,77.4,77.5,44676
2011-11-30 11:15:00,77.51,77.58,77.42,77.55,21209
2011-11-30 11:30:00,77.56,77.67,77.42,77.42,27761
2011-11-30 11:45:00,77.44,77.52,77.4,77.51,17117
2011-11-30 12:00:00,77.51,77.51,77.23,77.26,23823
2011-11-30 12:15:00,77.26,77.27,77.05,77.05,11061
2011-11-30 12:30:00,77.06,77.08,76.94,76.97,19734
2011-11-30 12:45:00,76.95,77.06,76.95,77.0,20500
2011-11-30 13:00:00,77.0,77.03,76.94,76.96,25619
2011-11-30 13:15:00,76.96,77.0,76.93,76.99,11667
2011-11-30 13:30:00,76.98,76.98,76.87,76.87,9797
2011-11-30 13:45:00,76.88,76.93,76.82,76.83,11815
2011-11-30 14:00:00,76.82,76.83,76.66,76.68,13105
2011-11-30 14:15:00,76.68,76.79,76.67,76.75,18666
2011-11-30 14:30:00,76.75,76.77,76.68,76.73,20066
2011-11-30 14:45:00,76.73,76.8,76.65,76.665,15953
2011-11-30 15:00:00,76.66,76.68,76.48,76.57,26176
2011-11-30 15:15:00,76.57,76.86,76.53,76.86,27593
2011-11-30 15:30:00,76.87,76.93,76.78,76.86,36363
2011-11-30 15:45:00,76.855,77.05,76.825,77.03,35700
2011-11-30 16:00:00,77.04,77.27,76.92,77.17,102353
2011-12-01 09:45:00,77.4,77.4,76.92,77.21,46364
2011-12-01 10:00:00,77.21,77.98,77.08,77.9776,76802
2011-12-01 10:15:00,77.97,78.13,77.87,77.97,14708
2011-12-01 10:30:00,77.97,78.03,77.86,77.9,9381
2011-12-01 10:45:00,77.91,77.91,77.62,77.68,8525
2011-12-01 11:00:00,77.7097,77.9,77.61,77.88,35437
2011-12-01 11:15:00,77.88,78.02,77.86,77.92,22659
2011-12-01 11:30:00,77.9,78.06,77.9,78.03,18020
2011-12-01 11:45:00,78.03,78.04,77.89,77.89,15576
2011-12-01 12:00:00,77.85,77.9496,77.8,77.9496,10668
2011-12-01 12:15:00,77.9697,78.05,77.92,78.01,15662
2011-12-01 12:30:00,78.03,78.16,77.98,78.12,16036
2011-12-01 12:45:00,78.14,78.14,77.9,77.9,8631
2011-12-01 13:00:00,77.89,78.0,77.78,77.81,9498
2011-12-01 13:15:00,77.85,78.0,77.83,77.96,8756
2011-12-01 13:30:00,77.95,78.02,77.9,78.0,7423
2011-12-01 13:45:00,77.99,78.11,77.94,78.11,30310
2011-12-01 14:00:00,78.09,78.26,78.08,78.24,40869
2011-12-01 14:15:00,78.25,78.25,78.11,78.15,13015
2011-12-01 14:30:00,78.15,78.19,78.1,78.13,6416
2011-12-01 14:45:00,78.15,78.15,77.91,77.95,9587
2011-12-01 15:00:00,77.96,78.07,77.85,77.86,11969
2011-12-01 15:15:00,77.85,77.9,77.75,77.88,11710
2011-12-01 15:30:00,77.87,77.91,77.79,77.9,17618
2011-12-01 15:45:00,77.9,77.9,77.65,77.69,35296
2011-12-01 16:00:00,77.68,77.75,77.64,77.71,61145
2011-12-02 09:45:00,78.1,78.24,77.75,77.81,31117
2011-12-02 10:00:00,77.76,77.94,77.59,77.88,35578
2011-12-02 10:15:00,77.88,77.99,77.41,77.714,19291
2011-12-02 10:30:00,77.7,77.83,77.61,77.72,14029
2011-12-02 10:45:00,77.72,77.76,77.57,77.7,19085
2011-12-02 11:00:00,77.7499,77.7499,77.4103,77.57,25432
2011-12-02 11:15:00,77.57,77.57,77.33,77.49,35086
2011-12-02 11:30:00,77.47,77.54,77.44,77.455,18228
2011-12-02 11:45:00,77.47,77.5,77.41,77.46,29892
2011-12-02 12:00:00,77.44,77.46,77.31,77.39,11563
2011-12-02 12:15:00,77.38,77.4,77.2825,77.32,9450
2011-12-02 12:30:00,77.33,77.51,77.31,77.335,8670
2011-12-02 12:45:00,77.34,77.51,77.33,77.43,20294
2011-12-02 13:00:00,77.41,77.5,77.37,77.43,7294
2011-12-02 13:15:00,77.41,77.47,77.3,77.3,6573
2011-12-02 13:30:00,77.29,77.39,77.24,77.33,14069
2011-12-02 13:45:00,77.31,77.34,77.24,77.3,9870
2011-12-02 14:00:00,77.33,77.46,77.33,77.38,6693
2011-12-02 14:15:00,77.35,77.37,77.11,77.11,21037
2011-12-02 14:30:00,77.14,77.28,77.12,77.24,8834
2011-12-02 14:45:00,77.24,77.24,77.105,77.22,17333
2011-12-02 15:00:00,77.23,77.27,77.18,77.18,7968
2011-12-02 15:15:00,77.2,77.37,77.18,77.3399,10994
2011-12-02 15:30:00,77.36,77.38,77.24,77.3,17554
2011-12-02 15:45:00,77.3,77.34,77.19,77.19,25244
2011-12-02 16:00:00,77.15,77.28,77.03,77.03,74613
2011-12-05 09:45:00,78.33,78.805,78.15,78.765,67656
2011-12-05 10:00:00,78.78,79.35,78.67,79.35,70312
2011-12-05 10:15:00,79.35,79.87,79.08,79.86,44555
2011-12-05 10:30:00,79.86,79.91,79.54,79.74,48413
2011-12-05 10:45:00,79.78,80.19,79.78,80.185,53407
2011-12-05 11:00:00,80.2,80.33,79.89,79.93,24154
2011-12-05 11:15:00,79.95,80.2,79.95,80.19,38329
2011-12-05 11:30:00,80.2174,80.22,79.8801,80.02,17230
2011-12-05 11:45:00,80.03,80.19,79.91,80.17,15393
2011-12-05 12:00:00,80.14,80.29,80.09,80.1,20532
2011-12-05 12:15:00,80.1,80.18,80.04,80.11,17879
2011-12-05 12:30:00,80.08,80.11,79.98,80.0101,24859
2011-12-05 12:45:00,80.01,80.36,80.0,80.36,22009
2011-12-05 13:00:00,80.36,80.67,80.35,80.6,24387
2011-12-05 13:15:00,80.6,80.6,80.39,80.39,11809
2011-12-05 13:30:00,80.38,80.4,80.23,80.23,8262
2011-12-05 13:45:00,80.2298,80.31,80.0,80.09,25625
2011-12-05 14:00:00,80.05,80.13,79.925,79.99,49340
2011-12-05 14:15:00,79.99,80.04,79.9,80.0,32083
2011-12-05 14:30:00,79.99,80.09,79.94,80.07,22507
2011-12-05 14:45:00,80.04,80.1,80.0,80.015,21946
2011-12-05 15:00:00,80.04,80.25,80.01,80.21,31596
2011-12-05 15:15:00,80.23,80.24,79.99,80.04,42171
2011-12-05 15:30:00,80.0,80.09,79.98,80.0,90921
2011-12-05 15:45:00,80.0,80.05,79.72,79.72,85999
2011-12-05 16:00:00,79.73,79.74,79.48,79.53,227953
2011-12-06 09:45:00,80.0,80.42,79.44,79.55,53497
2011-12-06 10:00:00,79.54,80.19,79.44,80.19,39755
2011-12-06 10:15:00,80.19,80.21,79.98,80.04,17273
2011-12-06 10:30:00,80.06,80.1232,79.98,79.99,23425
2011-12-06 10:45:00,80.01,80.04,79.8502,79.8502,29404
2011-12-06 11:00:00,79.87,79.88,79.61,79.66,18182
2011-12-06 11:15:00,79.69,79.79,79.56,79.79,18427
2011-12-06 11:30:00,79.79,79.82,79.55,79.58,18370
2011-12-06 11:45:00,79.57,79.68,79.52,79.63,24107
2011-12-06 12:00:00,79.59,79.72,79.57,79.59,32132
2011-12-06 12:15:00,79.59,79.65,79.54,79.6,13310
2011-12-06 12:30:00,79.6,79.63,79.47,79.56,17300
2011-12-06 12:45:00,79.59,79.59,79.49,79.535,18513
2011-12-06 13:00:00,79.55,79.61,79.5,79.61,31310
2011-12-06 13:15:00,79.61,79.69,79.61,79.6499,14785
2011-12-06 13:30:00,79.67,79.735,79.65,79.68,33806
2011-12-06 13:45:00,79.68,79.73,79.615,79.64,24610
2011-12-06 14:00:00,79.64,79.687,79.57,79.57,33100
2011-12-06 14:15:00,79.57,79.62,79.48,79.62,15414
2011-12-06 14:30:00,79.63,79.65,79.52,79.5907,14470
2011-12-06 14:45:00,79.61,79.95,79.58,79.95,33443
2011-12-06 15:00:00,79.95,79.98,79.9,79.94,33761
2011-12-06 15:15:00,79.96,80.04,79.93,80.02,45734
2011-12-06 15:30:00,80.0,80.04,79.76,79.79,27969
2011-12-06 15:45:00,79.79,79.94,79.77,79.81,36621
2011-12-06 16:00:00,79.82,79.83,79.44,79.54,115431
2011-12-07 09:45:00,79.03,79.4,78.7217,78.82,37141
2011-12-07 10:00:00,78.77,79.08,78.53,78.7,119414
2011-12-07 10:15:00,78.73,78.86,78.54,78.86,24831
2011-12-07 10:30:00,78.86,78.87,78.475,78.56,19623
2011-12-07 10:45:00,78.6,78.68,78.48,78.61,32717
2011-12-07 11:00:00,78.605,78.87,78.6,78.85,18403
2011-12-07 11:15:00,78.86,79.02,78.75,78.79,17130
2011-12-07 11:30:00,78.796,79.12,78.7,79.12,11700
2011-12-07 11:45:00,79.13,79.255,79.0649,79.145,24000
2011-12-07 12:00:00,79.14,79.17,79.02,79.14,18322
2011-12-07 12:15:00,79.145,79.17,79.05,79.06,23481
2011-12-07 12:30:00,79.07,79.26,79.0499,79.13,20113
2011-12-07 12:45:00,79.11,79.12,78.97,79.04,19259
2011-12-07 13:00:00,79.0,79.19,79.0,79.13,24232
2011-12-07 13:15:00,79.12,79.17,78.98,79.0399,24544
2011-12-07 13:30:00,79.0521,79.13,79.05,79.12,12200
2011-12-07 13:45:00,79.11,79.13,79.03,79.05,7189
2011-12-07 14:00:00,79.0498,79.07,78.88,78.88,11750
2011-12-07 14:15:00,78.88,78.93,78.65,78.75,34641
2011-12-07 14:30:00,78.72,78.72,78.56,78.595,48909
2011-12-07 14:45:00,78.6,78.85,78.56,78.65,35842
2011-12-07 15:00:00,78.68,78.72,78.6,78.655,10660
2011-12-07 15:15:00,78.67,78.73,78.54,78.66,21769
2011-12-07 15:30:00,78.68,78.91,78.68,78.89,48979
2011-12-07 15:45:00,78.9,79.34,78.85,79.18,39301
2011-12-07 16:00:00,79.21,79.23,78.87,78.97,76588
2011-12-08 09:45:00,78.48,78.96,78.4,78.85,33472
2011-12-08 10:00:00,78.79,79.27,78.69,79.17,100316
2011-12-08 10:15:00,79.2,79.385,79.0,79.17,32895
2011-12-08 10:30:00,79.16,79.17,78.7,78.755,41673
2011-12-08 10:45:00,78.7449,79.01,78.74,78.85,29805
2011-12-08 11:00:00,78.85,79.11,78.85,79.03,21663
2011-12-08 11:15:00,79.0,79.0,78.79,78.801,28255
2011-12-08 11:30:00,78.81,78.91,78.8,78.87,28832
2011-12-08 11:45:00,78.87,79.03,78.79,78.96,23567
2011-12-08 12:00:00,78.98,79.24,78.93,79.24,12938
2011-12-08 12:15:00,79.27,79.27,79.1,79.17,11780
2011-12-08 12:30:00,79.17,79.3895,79.13,79.22,17770
2011-12-08 12:45:00,79.21,79.21,78.98,79.05,11600
2011-12-08 13:00:00,79.05,79.16,78.99,79.08,12064
2011-12-08 13:15:00,79.07,79.09,78.73,78.83,34794
2011-12-08 13:30:00,78.81,78.84,78.7,78.73,16603
2011-12-08 13:45:00,78.71,79.08,78.67,79.06,16900
2011-12-08 14:00:00,79.02,79.19,78.91,79.175,14663
2011-12-08 14:15:00,79.15,79.39,79.14,79.31,44053
2011-12-08 14:30:00,79.3,79.41,79.24,79.33,19895
2011-12-08 14:45:00,79.33,79.45,79.16,79.16,22000
2011-12-08 15:00:00,79.16,79.315,79.15,79.25,15385
2011-12-08 15:15:00,79.24,79.4,79.18,79.35,19562
2011-12-08 15:30:00,79.41,79.52,79.33,79.44,28663
2011-12-08 15:45:00,79.45,79.66,79.21,79.28,64010
2011-12-08 16:00:00,79.27,79.32,78.875,78.99,103615
2011-12-09 09:45:00,79.28,79.84,79.06,79.29,26992
2011-12-09 10:00:00,79.24,79.94,79.24,79.8498,59395
2011-12-09 10:15:00,79.85,80.49,79.82,80.29,43738
2011-12-09 10:30:00,80.33,80.33,80.16,80.3,26768
2011-12-09 10:45:00,80.33,80.63,80.2,80.53,52366
2011-12-09 11:00:00,80.57,80.97,80.44,80.97,62823
2011-12-09 11:15:00,80.96,81.17,80.91,81.15,47098
2011-12-09 11:30:00,81.17,81.24,81.03,81.17,43979
2011-12-09 11:45:00,81.18,81.2,81.13,81.18,39354
2011-12-09 12:00:00,81.2,81.2,80.93,80.93,21719
2011-12-09 12:15:00,80.93,80.95,80.753,80.8405,34656
2011-12-09 12:30:00,80.84,80.87,80.725,80.81,19839
2011-12-09 12:45:00,80.8,80.93,80.74,80.8254,36445
2011-12-09 13:00:00,80.83,80.88,80.66,80.69,23867
2011-12-09 13:15:00,80.71,80.81,80.672,80.71,17070
2011-12-09 13:30:00,80.7,80.78,80.65,80.72,13439
2011-12-09 13:45:00,80.72,80.79,80.6,80.71,12938
2011-12-09 14:00:00,80.7,80.76,80.66,80.69,17211
2011-12-09 14:15:00,80.69,80.74,80.67,80.69,24863
2011-12-09 14:30:00,80.69,80.94,80.67,80.87,30100
2011-12-09 14:45:00,80.87,81.0,80.8,80.9,19774
2011-12-09 15:00:00,80.9,81.02,80.86,80.96,19115
2011-12-09 15:15:00,80.97,81.11,80.96,81.0729,29715
2011-12-09 15:30:00,81.075,81.16,80.93,81.09,40907
2011-12-09 15:45:00,81.1,81.2,81.06,81.19,43622
2011-12-09 16:00:00,81.18,81.19,80.9,81.02,110411
2011-12-12 09:45:00,80.62,80.89,80.35,80.52,39582
2011-12-12 10:00:00,80.5,80.71,80.38,80.43,70306
2011-12-12 10:15:00,80.45,80.55,80.35,80.49,26710
2011-12-12 10:30:00,80.51,80.51,80.2875,80.32,28448
2011-12-12 10:45:00,80.32,80.39,80.13,80.36,36047
2011-12-12 11:00:00,80.355,80.355,80.16,80.23,43934
2011-12-12 11:15:00,80.23,80.27,80.15,80.25,37135
2011-12-12 11:30:00,80.24,80.28,80.1,80.25,30476
2011-12-12 11:45:00,80.25,80.59,80.22,80.52,32758
2011-12-12 12:00:00,80.53,80.54,80.28,80.28,33904
2011-12-12 12:15:00,80.27,80.65,80.19,80.59,65194
2011-12-12 12:30:00,80.59,80.72,80.57,80.68,25598
2011-12-12 12:45:00,80.68,80.971,80.68,80.96,26622
2011-12-12 13:00:00,80.97,81.11,80.84,80.84,19784
2011-12-12 13:15:00,80.83,80.88,80.76,80.79,21890
2011-12-12 13:30:00,80.79,80.84,80.72,80.79,24202
2011-12-12 13:45:00,80.79,80.825,80.68,80.81,16749
2011-12-12 14:00:00,80.82,80.99,80.8,80.97,22273
2011-12-12 14:15:00,81.0,81.02,80.83,80.83,30343
2011-12-12 14:30:00,80.82,81.04,80.79,80.94,41208
2011-12-12 14:45:00,80.94,81.04,80.84,80.86,35277
2011-12-12 15:00:00,80.87,80.89,80.78,80.87,43234
2011-12-12 15:15:00,80.88,80.95,80.83,80.935,28943
2011-12-12 15:30:00,80.94,81.05,80.835,81.02,48787
2011-12-12 15:45:00,81.02,81.09,80.85,80.88,105498
2011-12-12 16:00:00,80.9,81.04,80.83,80.93,155674
2011-12-13 09:45:00,81.1,81.21,80.72,80.77,60228
2011-12-13 10:00:00,80.77,80.93,80.16,80.16,56388
2011-12-13 10:15:00,80.195,80.49,80.16,80.46,34674
2011-12-13 10:30:00,80.48,80.52,80.27,80.3392,58123
2011-12-13 10:45:00,80.31,80.33,80.0,80.02,17434
2011-12-13 11:00:00,80.0,80.0,79.78,79.79,17282
2011-12-13 11:15:00,79.79,79.91,79.73,79.9,30690
2011-12-13 11:30:00,79.91,80.1,79.91,80.03,29445
2011-12-13 11:45:00,80.04,80.22,80.0,80.1488,20214
2011-12-13 12:00:00,80.16,80.37,80.1,80.37,5900
2011-12-13 12:15:00,80.37,80.37,80.24,80.26,9603
2011-12-13 12:30:00,80.26,80.27,80.13,80.18,7983
2011-12-13 12:45:00,80.21,80.22,80.0003,80.02,8900
2011-12-13 13:00:00,80.0,80.28,80.0,80.26,12800
2011-12-13 13:15:00,80.25,80.25,80.15,80.2,21485
2011-12-13 13:30:00,80.2,80.26,80.08,80.1,24966
2011-12-13 13:45:00,80.09,80.09,79.98,80.0,27631
2011-12-13 14:00:00,79.99,80.04,79.93,80.0206,12909
2011-12-13 14:15:00,80.03,80.25,80.03,80.14,22788
2011-12-13 14:30:00,80.14,80.14,79.91,79.96,43875
2011-12-13 14:45:00,79.96,80.01,79.51,79.64,40701
2011-12-13 15:00:00,79.65,79.7,79.51,79.57,39071
2011-12-13 15:15:00,79.57,79.59,79.26,79.26,36643
2011-12-13 15:30:00,79.25,79.329,78.87,78.99,49844
2011-12-13 15:45:00,78.98,78.98,78.57,78.9,74862
2011-12-13 16:00:00,78.89,78.995,78.7,78.9,107547
2011-12-14 09:45:00,78.91,78.95,78.32,78.9,29511
2011-12-14 10:00:00,78.81,79.1,78.56,79.0,54503
2011-12-14 10:15:00,79.0,79.18,78.4801,78.58,31173
2011-12-14 10:30:00,78.57,78.68,78.26,78.41,21513
2011-12-14 10:45:00,78.41,78.51,78.1,78.1,31764
2011-12-14 11:00:00,78.11,78.18,77.82,77.83,26403
2011-12-14 11:15:00,77.84,78.12,77.82,78.12,18005
2011-12-14 11:30:00,78.12,78.15,77.9,77.96,26693
2011-12-14 11:45:00,77.97,78.0,77.84,77.85,29637
2011-12-14 12:00:00,77.85,77.86,77.69,77.84,19000
2011-12-14 12:15:00,77.83,78.08,77.81,78.03,28102
2011-12-14 12:30:00,78.04,78.18,78.03,78.07,19610
2011-12-14 12:45:00,78.07,78.23,78.07,78.17,11829
2011-12-14 13:00:00,78.17,78.25,77.96,78.01,21763
2011-12-14 13:15:00,78.02,78.1555,77.94,78.15,19968
2011-12-14 13:30:00,78.14,78.37,78.14,78.32,23799
2011-12-14 13:45:00,78.28,78.41,78.19,78.27,17050
2011-12-14 14:00:00,78.27,78.27,78.08,78.19,25656
2011-12-14 14:15:00,78.2,78.44,78.17,78.33,57299
2011-12-14 14:30:00,78.33,78.62,78.32,78.58,35074
2011-12-14 14:45:00,78.57,78.58,78.27,78.34,25183
2011-12-14 15:00:00,78.36,78.61,78.32,78.35,40682
2011-12-14 15:15:00,78.36,78.77,78.34,78.7,35039
2011-12-14 15:30:00,78.7,78.77,78.57,78.71,60054
2011-12-14 15:45:00,78.72,78.74,78.5,78.697,65082
2011-12-14 16:00:00,78.65,78.76,78.55,78.59,79674
2011-12-15 09:45:00,78.95,79.49,78.676,78.82,41976
2011-12-15 10:00:00,78.84,79.25,78.82,79.2325,34742
2011-12-15 10:15:00,79.25,79.3,78.92,79.18,24472
2011-12-15 10:30:00,79.2,79.22,78.89,78.892,17557
2011-12-15 10:45:00,78.92,79.08,78.84,79.06,22292
2011-12-15 11:00:00,79.04,79.15,78.9,78.94,21450
2011-12-15 11:15:00,78.96,78.99,78.78,78.78,11972
2011-12-15 11:30:00,78.8,78.9,78.67,78.85,11848
2011-12-15 11:45:00,78.79,78.92,78.77,78.82,14712
2011-12-15 12:00:00,78.82,78.86,78.59,78.65,15567
2011-12-15 12:15:00,78.67,78.77,78.56,78.67,27393
2011-12-15 12:30:00,78.67,78.83,78.65,78.8,20656
2011-12-15 12:45:00,78.86,79.04,78.85,78.93,13934
2011-12-15 13:00:00,78.94,79.01,78.83,78.87,12380
2011-12-15 13:15:00,78.89,79.0,78.89,78.92,9196
2011-12-15 13:30:00,78.92,79.09,78.92,79.03,13483
2011-12-15 13:45:00,79.02,79.079,78.89,79.03,20934
2011-12-15 14:00:00,79.01,79.09,78.97,79.0,24127
2011-12-15 14:15:00,78.99,79.19,78.98,79.15,21390
2011-12-15 14:30:00,79.16,79.21,79.03,79.05,20426
2011-12-15 14:45:00,79.06,79.27,79.04,79.23,36092
2011-12-15 15:00:00,79.24,79.24,79.018,79.11,53691
2011-12-15 15:15:00,79.09,79.18,78.99,79.01,41925
2011-12-15 15:30:00,78.99,79.15,78.98,79.03,61327
2011-12-15 15:45:00,79.04,79.16,79.0,79.068,65671
2011-12-15 16:00:00,79.02,79.058,78.85,78.99,62152
2011-12-16 09:45:00,79.42,80.49,79.2,80.49,293244
2011-12-16 10:00:00,80.28,80.49,80.05,80.45,53116
2011-12-16 10:15:00,80.44,80.87,80.39,80.8,27239
2011-12-16 10:30:00,80.82,80.9,80.535,80.55,19957
2011-12-16 10:45:00,80.58,80.89,80.55,80.76,17720
2011-12-16 11:00:00,80.75,80.755,80.49,80.54,16527
2011-12-16 11:15:00,80.56,80.62,80.42,80.62,11406
2011-12-16 11:30:00,80.62,80.69,80.387,80.46,23225
2011-12-16 11:45:00,80.405,80.405,80.1901,80.22,12104
2011-12-16 12:00:00,80.22,80.22,80.0,80.01,44192
2011-12-16 12:15:00,80.01,80.04,80.0,80.0,45368
2011-12-16 12:30:00,80.0,80.03,80.0,80.01,37712
2011-12-16 12:45:00,80.01,80.03,80.0,80.0,73869
2011-12-16 13:00:00,80.0,80.14,79.91,80.06,18201
2011-12-16 13:15:00,80.02,80.23,80.02,80.23,8191
2011-12-16 13:30:00,80.21,80.382,80.2,80.38,14476
2011-12-16 13:45:00,80.39,80.39,80.23,80.35,12328
2011-12-16 14:00:00,80.35,80.41,80.12,80.128,14124
2011-12-16 14:15:00,80.14,80.3,80.04,80.29,35432
2011-12-16 14:30:00,80.2875,80.3,80.17,80.2,28382
2011-12-16 14:45:00,80.17,80.25,80.14,80.18,46488
2011-12-16 15:00:00,80.19,80.25,80.12,80.13,12953
2011-12-16 15:15:00,80.1201,80.22,80.12,80.2,18487
2011-12-16 15:30:00,80.2,80.25,79.99,80.01,24276
2011-12-16 15:45:00,79.99,80.15,79.95,79.96,25655
2011-12-16 16:00:00,80.01,80.14,79.79,79.88,188084
2011-12-19 09:45:00,80.4,80.4,80.0,80.22,16721
2011-12-19 10:00:00,80.18,80.44,80.07,80.41,14765
2011-12-19 10:15:00,80.44,80.47,80.19,80.22,16632
2011-12-19 10:30:00,80.19,80.3,80.0,80.1,18508
2011-12-19 10:45:00,80.1,80.42399999999999,80.1,80.38,22359
2011-12-19 11:00:00,80.34,80.34,80.0,80.04,14831
2011-12-19 11:15:00,80.03,80.09,80.0,80.0,28279
2011-12-19 11:30:00,80.02,80.06,79.8,79.94,8544
2011-12-19 11:45:00,79.95,79.95,79.82,79.92,14726
2011-12-19 12:00:00,79.9104,79.95,79.9,79.9,17241
2011-12-19 12:15:00,79.9,79.98,79.9,79.93,13447
2011-12-19 12:30:00,79.9,79.95,79.9,79.92,7900
2011-12-19 12:45:00,79.9,79.96,79.84,79.84,10229
2011-12-19 13:00:00,79.85,79.87,79.8,79.82,4794
2011-12-19 13:15:00,79.81,79.87,79.66,79.66,7158
2011-12-19 13:30:00,79.65,79.66,79.59,79.6,6698
2011-12-19 13:45:00,79.59,79.6,79.25,79.25,19471
2011-12-19 14:00:00,79.25,79.4,79.21,79.32,11777
2011-12-19 14:15:00,79.33,79.52,79.33,79.45,10250
2011-12-19 14:30:00,79.45,79.46,79.3,79.3,11825
2011-12-19 14:45:00,79.31,79.33,79.19,79.27,14666
2011-12-19 15:00:00,79.24,79.45,79.24,79.45,14310
2011-12-19 15:15:00,79.47,79.47,79.02,79.03,18795
2011-12-19 15:30:00,79.05,79.08,78.95,78.95,20431
2011-12-19 15:45:00,78.95,79.0525,78.92,78.976,36139
2011-12-19 16:00:00,78.98,78.985,78.73,78.92,78527
2011-12-20 09:45:00,79.95,80.58,79.95,80.44,53422
2011-12-20 10:00:00,80.53,80.66,80.4,80.47,53045
2011-12-20 10:15:00,80.51,80.59,80.32,80.3301,24350
2011-12-20 10:30:00,80.36,80.38,80.0,80.3,25549
2011-12-20 10:45:00,80.3,80.314,80.03,80.07,20055
2011-12-20 11:00:00,80.1076,80.33,80.0,80.21,22847
2011-12-20 11:15:00,80.23,80.48,80.2,80.43,25890
2011-12-20 11:30:00,80.44,80.73,80.44,80.69,14566
2011-12-20 11:45:00,80.69,80.765,80.6009,80.765,15592
2011-12-20 12:00:00,80.77,81.01,80.76,80.9,25190
2011-12-20 12:15:00,80.88,80.88,80.69,80.71,13605
2011-12-20 12:30:00,80.72,80.74,80.61,80.68,6122
2011-12-20 12:45:00,80.6712,80.74,80.65,80.74,8362
2011-12-20 13:00:00,80.74,80.84,80.73,80.81,15600
2011-12-20 13:15:00,80.83,81.25,80.825,81.23,26940
2011-12-20 13:30:00,81.24,81.29,80.86,80.87,20095
2011-12-20 13:45:00,80.86,80.92,80.805,80.835,10719
2011-12-20 14:00:00,80.83,80.83,80.65,80.705,18240
2011-12-20 14:15:00,80.71,80.79,80.7,80.77,16791
2011-12-20 14:30:00,80.78,80.93,80.775,80.85,14717
2011-12-20 14:45:00,80.85,81.07,80.83,81.07,15543
2011-12-20 15:00:00,81.06,81.13,81.01,81.04,17229
2011-12-20 15:15:00,81.04,81.26,81.01,81.24,24262
2011-12-20 15:30:00,81.23,81.36,81.14,81.34,30084
2011-12-20 15:45:00,81.33,81.41,81.17,81.38,51570
2011-12-20 16:00:00,81.39,81.43,81.22,81.38,106715
2011-12-21 09:45:00,81.58,81.83,81.17,81.37,43953
2011-12-21 10:00:00,81.44,81.8,81.4,81.45,25620
2011-12-21 10:15:00,81.4,81.46,81.15,81.34,18753
2011-12-21 10:30:00,81.32,81.37,81.19,81.2,19285
2011-12-21 10:45:00,81.19,81.26,81.09,81.11,22103
2011-12-21 11:00:00,81.14,81.14,80.6401,80.73,13100
2011-12-21 11:15:00,80.74,80.815,80.64399999999999,80.68,24162
2011-12-21 11:30:00,80.68,80.72,80.56,80.65,12495
2011-12-21 11:45:00,80.66,80.7899,80.61,80.66,15259
2011-12-21 12:00:00,80.66,80.7876,80.63,80.67,16903
2011-12-21 12:15:00,80.68,80.76,80.51,80.54,21463
2011-12-21 12:30:00,80.51,80.69,80.44,80.47,10963
2011-12-21 12:45:00,80.48,80.54,80.45,80.5,9123
2011-12-21 13:00:00,80.55,80.64,80.49,80.58,6966
2011-12-21 13:15:00,80.55,80.64,80.54,80.58,15164
2011-12-21 13:30:00,80.57,80.59,80.5,80.51,14463
2011-12-21 13:45:00,80.5,80.56,80.4,80.44,11260
2011-12-21 14:00:00,80.46,80.665,80.42,80.53,14570
2011-12-21 14:15:00,80.54,80.76,80.54,80.69,18599
2011-12-21 14:30:00,80.72,80.73,80.56,80.727,13974
2011-12-21 14:45:00,80.74,80.77,80.53,80.61,17424
2011-12-21 15:00:00,80.6,80.7,80.54,80.6,22674
2011-12-21 15:15:00,80.6,80.79,80.54,80.72,30269
2011-12-21 15:30:00,80.72,80.9,80.69,80.82,36727
2011-12-21 15:45:00,80.84,80.95,80.73,80.84,46896
2011-12-21 16:00:00,80.84,80.85,80.57,80.71,72673
2011-12-22 09:45:00,80.8,81.12,80.58,81.0,32042
2011-12-22 10:00:00,81.0,81.02,80.52,80.58,35253
2011-12-22 10:15:00,80.669,80.67,79.95,80.264,31627
2011-12-22 10:30:00,80.26,80.5,80.23,80.41,31872
2011-12-22 10:45:00,80.46,80.5,80.2898,80.44,17868
2011-12-22 11:00:00,80.45,80.48,80.08,80.1,19500
2011-12-22 11:15:00,80.11,80.21,80.07,80.19,20575
2011-12-22 11:30:00,80.18,80.2879,80.12,80.23,15800
2011-12-22 11:45:00,80.23,80.27,80.1704,80.19,18419
2011-12-22 12:00:00,80.21,80.29,80.16,80.22,40300
2011-12-22 12:15:00,80.22,80.25,80.18,80.2,11227
2011-12-22 12:30:00,80.2,80.21,80.11,80.14,12000
2011-12-22 12:45:00,80.1486,80.266,80.12,80.25,13044
2011-12-22 13:00:00,80.2699,80.28,80.23,80.25,7207
2011-12-22 13:15:00,80.25,80.25,80.12,80.12,6700
2011-12-22 13:30:00,80.14,80.17,80.0924,80.12,9452
2011-12-22 13:45:00,80.13,80.2,80.06,80.07,11861
2011-12-22 14:00:00,80.06,80.08,79.98,79.98,19090
2011-12-22 14:15:00,79.98,80.03,79.91,80.02,26787
2011-12-22 14:30:00,80.01,80.095,80.01,80.06,9517
2011-12-22 14:45:00,80.05,80.08,80.02,80.07,14845
2011-12-22 15:00:00,80.065,80.11,79.9901,80.0566,81992
2011-12-22 15:15:00,80.07,80.2,80.065,80.15,21312
2011-12-22 15:30:00,80.15,80.2764,80.145,80.16,32605
2011-12-22 15:45:00,80.19,80.22,80.141,80.19,40952
2011-12-22 16:00:00,80.18,80.23,80.03,80.12,65602
2011-12-23 09:45:00,80.66,80.73,80.0901,80.44,19523
2011-12-23 10:00:00,80.43,80.65,80.39,80.57,16616
2011-12-23 10:15:00,80.6334,80.86,80.59,80.79,13158
2011-12-23 10:30:00,80.8,80.82,80.64,80.69,12377
2011-12-23 10:45:00,80.68,80.68,80.34,80.37,9815
2011-12-23 11:00:00,80.39,80.51,80.39,80.44,12882
2011-12-23 11:15:00,80.48,80.58,80.44,80.55,14957
2011-12-23 11:30:00,80.53,80.54,80.38,80.5325,10930
2011-12-23 11:45:00,80.535,80.75,80.535,80.65,6758
2011-12-23 12:00:00,80.65,80.92,80.61,80.92,51397
2011-12-23 12:15:00,80.93,81.01,80.81,80.99,61877
2011-12-23 12:30:00,80.99,81.12,80.97,81.12,15315
2011-12-23 12:45:00,81.12,81.33,81.12,81.18,23540
2011-12-23 13:00:00,81.18,81.29,81.16,81.23,7745
2011-12-23 13:15:00,81.2,81.25,81.09,81.25,6903
2011-12-23 13:30:00,81.26,81.3055,81.25,81.29,10013
2011-12-23 13:45:00,81.31,81.31,81.26,81.28,6582
2011-12-23 14:00:00,81.29,81.33,81.27,81.3155,6215
2011-12-23 14:15:00,81.31,81.33,81.26,81.33,6600
2011-12-23 14:30:00,81.33,81.365,81.31,81.32,10895
2011-12-23 14:45:00,81.31,81.31,81.26,81.28,9470
2011-12-23 15:00:00,81.28,81.32,81.28,81.3,8724
2011-12-23 15:15:00,81.3043,81.33,81.28,81.28,12002
2011-12-23 15:30:00,81.28,81.29,81.25,81.28,20248
2011-12-23 15:45:00,81.27,81.45,81.26,81.41,30844
2011-12-23 16:00:00,81.4,81.58,81.39,81.57,66258
2011-12-27 09:45:00,81.25,81.54,81.13,81.54,20251
2011-12-27 10:00:00,81.52,81.8,81.52,81.79,22826
2011-12-27 10:15:00,81.77,81.93,81.65,81.88,16844
2011-12-27 10:30:00,81.87,81.96,81.83,81.88,15183
2011-12-27 10:45:00,81.88,81.98,81.85600000000001,81.86,11440
2011-12-27 11:00:00,81.84,81.85,81.67,81.79,19191
2011-12-27 11:15:00,81.8,81.8,81.71,81.8,14479
2011-12-27 11:30:00,81.79,81.8,81.75,81.7514,5950
2011-12-27 11:45:00,81.75,81.75,81.64,81.66,6318
2011-12-27 12:00:00,81.64,81.655,81.6,81.65,7445
2011-12-27 12:15:00,81.66,81.68,81.62,81.6265,5900
2011-12-27 12:30:00,81.65,81.71,81.64,81.685,8500
2011-12-27 12:45:00,81.71,81.77,81.68,81.75,5303
2011-12-27 13:00:00,81.77,81.8,81.75,81.76,7593
2011-12-27 13:15:00,81.75,81.75,81.57,81.5822,9704
2011-12-27 13:30:00,81.58,81.62,81.57,81.5889,10029
2011-12-27 13:45:00,81.6,81.7,81.59,81.7,7377
2011-12-27 14:00:00,81.67,81.77,81.65,81.75,6000
2011-12-27 14:15:00,81.75,81.8,81.68,81.71,5555
2011-12-27 14:30:00,81.72,81.751,81.68,81.687,8226
2011-12-27 14:45:00,81.7,81.89,81.66,81.89,16055
2011-12-27 15:00:00,81.91,82.08,81.91,81.96,37337
2011-12-27 15:15:00,81.97,81.97,81.795,81.81,11988
2011-12-27 15:30:00,81.7901,81.81,81.705,81.73,15576
2011-12-27 15:45:00,81.72,81.79,81.6,81.61,18277
2011-12-27 16:00:00,81.62,81.73,81.59,81.7,37476
2011-12-28 09:45:00,81.85,82.17,81.67,82.165,26039
2011-12-28 10:00:00,82.13,82.14,81.67,81.88,33273
2011-12-28 10:15:00,81.83,81.8687,81.41,81.42,13962
2011-12-28 10:30:00,81.4,81.41,81.14,81.39,19512
2011-12-28 10:45:00,81.3902,81.425,81.08,81.11,30078
2011-12-28 11:00:00,81.1,81.16,80.97,81.04,38037
2011-12-28 11:15:00,81.035,81.13,80.9503,80.9503,22611
2011-12-28 11:30:00,80.98,81.0,80.92,80.93,17443
2011-12-28 11:45:00,80.94,80.97,80.77,80.81,23488
2011-12-28 12:00:00,80.81,80.83,80.74,80.82,15108
2011-12-28 12:15:00,80.81,80.81,80.643,80.76,15452
2011-12-28 12:30:00,80.7799,80.89,80.77,80.85,6772
2011-12-28 12:45:00,80.87,81.0,80.87,80.97,9414
2011-12-28 13:00:00,80.98,80.99,80.85,80.91,7609
2011-12-28 13:15:00,80.91,80.97,80.9,80.93,6900
2011-12-28 13:30:00,80.94,81.02,80.9,81.0,16260
2011-12-28 13:45:00,81.01,81.08,80.99,80.9938,9940
2011-12-28 14:00:00,81.0,81.02,80.93,81.0,35900
2011-12-28 14:15:00,81.01,81.02,80.9,80.97,9000
2011-12-28 14:30:00,80.96,81.1,80.91,81.1,9600
2011-12-28 14:45:00,81.09,81.09,80.97,80.99,7645
2011-12-28 15:00:00,81.01,81.08,80.99,81.05,10005
2011-12-28 15:15:00,81.04,81.095,81.02,81.06,7614
2011-12-28 15:30:00,81.08,81.08,80.78,80.82,30156
2011-12-28 15:45:00,80.83,81.03,80.79,81.03,32191
2011-12-28 16:00:00,81.02,81.03,80.91,81.02,68180
2011-12-29 09:45:00,81.13,81.406,81.13,81.32,10977
2011-12-29 10:00:00,81.36,81.58,81.32,81.37,24896
2011-12-29 10:15:00,81.3,81.35,80.99,80.99,29640
2011-12-29 10:30:00,80.99,81.02,80.82,80.89,20007
2011-12-29 10:45:00,80.9,81.0198,80.83,80.8801,20975
2011-12-29 11:00:00,80.9,80.98,80.81,80.96,9100
2011-12-29 11:15:00,80.97,81.01,80.89,80.9803,20631
2011-12-29 11:30:00,80.99,81.01,80.91,80.96,14284
2011-12-29 11:45:00,80.95,81.06,80.92,80.92,12814
2011-12-29 12:00:00,80.92,80.985,80.9,80.98,9485
2011-12-29 12:15:00,80.98,80.98,80.91,80.91,7160
2011-12-29 12:30:00,80.91,80.93,80.86,80.88,8854
2011-12-29 12:45:00,80.89,80.91,80.86,80.88,10007
2011-12-29 13:00:00,80.885,80.92,80.87,80.88,7771
2011-12-29 13:15:00,80.9,81.0,80.87,80.87,12616
2011-12-29 13:30:00,80.87,80.89,80.85,80.86,6083
2011-12-29 13:45:00,80.86,80.96,80.85,80.91,8782
2011-12-29 14:00:00,80.89,80.965,80.885,80.94,4700
2011-12-29 14:15:00,80.95,81.0,80.9,80.93,6537
2011-12-29 14:30:00,80.91,80.91,80.85,80.85,5427
2011-12-29 14:45:00,80.85,80.865,80.76,80.78,13729
2011-12-29 15:00:00,80.8,80.83,80.73,80.75,49293
2011-12-29 15:15:00,80.76,80.92,80.76,80.92,12108
2011-12-29 15:30:00,80.93,81.02,80.93,80.98,24115
2011-12-29 15:45:00,80.97,80.98,80.92,80.96,16052
2011-12-29 16:00:00,80.97,81.0,80.83,80.99,62379
2011-12-30 09:45:00,80.88,80.98,80.21,80.49,28681
2011-12-30 10:00:00,80.53,80.73,80.19,80.472,16240
2011-12-30 10:15:00,80.49,80.54,80.32,80.33,4223
2011-12-30 10:30:00,80.31,80.32,80.148,80.22,10050
2011-12-30 10:45:00,80.25,80.34,80.21,80.32,8124
2011-12-30 11:00:00,80.3,80.34,80.18,80.32,14396
2011-12-30 11:15:00,80.32,80.4,80.31,80.32,7341
2011-12-30 11:30:00,80.37,80.702,80.37,80.61,12022
2011-12-30 11:45:00,80.63,80.64,80.59,80.59,7393
2011-12-30 12:00:00,80.59,80.7,80.56,80.63,9543
2011-12-30 12:15:00,80.6,80.65,80.59,80.65,5498
2011-12-30 12:30:00,80.67,80.73,80.62,80.72,7200
2011-12-30 12:45:00,80.71,80.74,80.695,80.73,10228
2011-12-30 13:00:00,80.73,80.73,80.6801,80.685,7554
2011-12-30 13:15:00,80.69,80.75,80.684,80.74,11387
2011-12-30 13:30:00,80.734,80.79,80.734,80.78,11078
2011-12-30 13:45:00,80.78,80.79,80.714,80.75,5475
2011-12-30 14:00:00,80.736,80.74,80.5866,80.59,7050
2011-12-30 14:15:00,80.58,80.63,80.57,80.62,9269
2011-12-30 14:30:00,80.62,80.62,80.52,80.59,21389
2011-12-30 14:45:00,80.61,80.64,80.5006,80.51,13081
2011-12-30 15:00:00,80.52,80.53,80.38,80.385,14790
2011-12-30 15:15:00,80.37,80.44,80.3684,80.44,12775
2011-12-30 15:30:00,80.43,80.7,80.42,80.43,69171
2011-12-30 15:45:00,80.43,80.44,80.25,80.25,30598
2011-12-30 16:00:00,80.25,80.25,79.94,79.96,113121
2012-01-03 09:45:00,80.95,81.23,79.6,79.77,108469
2012-01-03 10:00:00,79.77,79.82,79.29,79.49,72955
2012-01-03 10:15:00,79.48,79.52,79.24,79.2603,52301
2012-01-03 10:30:00,79.26,79.32,79.09,79.285,44731
2012-01-03 10:45:00,79.28,79.38,79.27,79.35,21942
2012-01-03 11:00:00,79.36,79.38,79.15,79.34,57089
2012-01-03 11:15:00,79.36,79.54,79.33,79.5216,28953
2012-01-03 11:30:00,79.53,79.55,79.41,79.52199999999999,28879
2012-01-03 11:45:00,79.53,79.59,79.19,79.22,28314
2012-01-03 12:00:00,79.22,79.3,79.14,79.15,44231
2012-01-03 12:15:00,79.11,79.34,79.11,79.27,17606
2012-01-03 12:30:00,79.2642,79.29,79.19,79.21,23306
2012-01-03 12:45:00,79.19,79.2,78.73,78.74,27893
2012-01-03 13:00:00,78.7499,78.77,78.66,78.68,16487
2012-01-03 13:15:00,78.66,78.75,78.6,78.62,20937
2012-01-03 13:30:00,78.6398,78.68,78.59,78.6,19207
2012-01-03 13:45:00,78.59,78.59,78.311,78.36,53354
2012-01-03 14:00:00,78.36,78.49,78.27,78.41,30320
2012-01-03 14:15:00,78.42,78.7,78.42,78.52,38728
2012-01-03 14:30:00,78.52,78.55,78.44,78.55,28425
2012-01-03 14:45:00,78.55,78.6298,78.5,78.6,22322
2012-01-03 15:00:00,78.61,78.6397,78.54,78.54,22145
2012-01-03 15:15:00,78.53,78.54,78.43,78.4499,32878
2012-01-03 15:30:00,78.43,78.45,78.23,78.26,45358
2012-01-03 15:45:00,78.26,78.29,78.11,78.17,51776
2012-01-03 16:00:00,78.19,78.38,78.1,78.2,165000
2012-01-04 09:45:00,78.37,78.9,77.77,77.85,60179
2012-01-04 10:00:00,77.85,78.38,77.8,78.37,39895
2012-01-04 10:15:00,78.37,78.72,78.33,78.71,23329
2012-01-04 10:30:00,78.69,79.08,78.64,79.08,22093
2012-01-04 10:45:00,79.05,79.2,79.05,79.17,36827
2012-01-04 11:00:00,79.17,79.3,78.86,79.3,110347
2012-01-04 11:15:00,79.283,79.45,79.24,79.4,78586
2012-01-04 11:30:00,79.39,79.53,79.37,79.53,26288
2012-01-04 11:45:00,79.52,79.52,79.42,79.46,15597
2012-01-04 12:00:00,79.47,79.6,79.37,79.46,20665
2012-01-04 12:15:00,79.47,79.6,79.43,79.47,14092
2012-01-04 12:30:00,79.47,79.55,79.46,79.46,16746
2012-01-04 12:45:00,79.47399999999999,79.53,79.43,79.53,11801
2012-01-04 13:00:00,79.54,79.82,79.54,79.8,24587
2012-01-04 13:15:00,79.81,79.81,79.67,79.73,28619
2012-01-04 13:30:00,79.71,79.89,79.64,79.89,18757
2012-01-04 13:45:00,79.89,79.96,79.65,79.73,23180
2012-01-04 14:00:00,79.73,79.78,79.65,79.69,21418
2012-01-04 14:15:00,79.7,79.7,79.568,79.57,17815
2012-01-04 14:30:00,79.58,79.66,79.42,79.43,46598
2012-01-04 14:45:00,79.44,79.5,79.43,79.461,26932
2012-01-04 15:00:00,79.48,79.62,79.46,79.56,48301
2012-01-04 15:15:00,79.54,79.7,79.54,79.68,27894
2012-01-04 15:30:00,79.69,79.7,79.61,79.67,33513
2012-01-04 15:45:00,79.68,79.78,79.68,79.7,34799
2012-01-04 16:00:00,79.69,79.7,79.33,79.34,179187
2012-01-05 09:45:00,79.22,79.4,78.75,78.75,37454
2012-01-05 10:00:00,78.73,78.86,78.54,78.79,32076
2012-01-05 10:15:00,78.79,79.04,78.68,78.88,38404
2012-01-05 10:30:00,78.92,79.04,78.69,78.75,15844
2012-01-05 10:45:00,78.76,78.79,78.65,78.68,20510
2012-01-05 11:00:00,78.64,78.93,78.64,78.9,28715
2012-01-05 11:15:00,78.9,79.15,78.893,79.15,25413
2012-01-05 11:30:00,79.15,79.46,79.02,79.46,23617
2012-01-05 11:45:00,79.46,79.64,79.396,79.53,15221
2012-01-05 12:00:00,79.55,79.84,79.55,79.79,24514
2012-01-05 12:15:00,79.78,79.79,79.56,79.568,24618
2012-01-05 12:30:00,79.57,79.77,79.53,79.6185,24990
2012-01-05 12:45:00,79.62,79.68,79.45,79.4508,46563
2012-01-05 13:00:00,79.45,79.64,79.4,79.61,28793
2012-01-05 13:15:00,79.63,79.765,79.56,79.73,10905
2012-01-05 13:30:00,79.77,79.95,79.73,79.94,16848
2012-01-05 13:45:00,79.94,80.67,79.94,80.66,76428
2012-01-05 14:00:00,80.67,80.67,80.37,80.3911,18470
2012-01-05 14:15:00,80.38,80.39,80.32,80.38,16110
2012-01-05 14:30:00,80.38,80.38,80.18,80.19,16268
2012-01-05 14:45:00,80.19,80.43,80.135,80.38,19620
2012-01-05 15:00:00,80.36,80.45,80.29,80.29,14505
2012-01-05 15:15:00,80.28,80.37,80.19,80.2,15681
2012-01-05 15:30:00,80.22,80.37,80.21,80.35,19715
2012-01-05 15:45:00,80.33,80.37,80.1,80.34,29918
2012-01-05 16:00:00,80.36,80.45,80.27,80.39,40361
2012-01-06 09:45:00,80.28,80.4,79.84,80.09,19273
2012-01-06 10:00:00,80.12,80.2,79.83,79.83,18185
2012-01-06 10:15:00,79.83,79.96,79.51,79.54,26604
2012-01-06 10:30:00,79.59,79.9,79.59,79.89,25922
2012-01-06 10:45:00,79.895,80.03,79.87,80.02,13811
2012-01-06 11:00:00,80.0,80.03,79.68,79.68,9012
2012-01-06 11:15:00,79.71,79.93,79.69,79.83,11760
2012-01-06 11:30:00,79.84,79.92,79.84,79.85,11401
2012-01-06 11:45:00,79.85,80.07,79.85,80.06,5614
2012-01-06 12:00:00,80.05,80.14,80.0,80.1,5800
2012-01-06 12:15:00,80.08,80.0897,80.0,80.08,7636
2012-01-06 12:30:00,80.06,80.13,80.0,80.07,7197
2012-01-06 12:45:00,80.1,80.23,80.05,80.08,14563
2012-01-06 13:00:00,80.11,80.13,80.0,80.0029,4476
2012-01-06 13:15:00,80.0,80.08,80.0,80.007,7614
2012-01-06 13:30:00,80.0,80.07,80.0,80.04,4329
2012-01-06 13:45:00,80.05,80.17,80.0,80.12,6344
2012-01-06 14:00:00,80.12,80.25,80.12,80.13,5431
2012-01-06 14:15:00,80.11,80.12,79.94,79.94,6607
2012-01-06 14:30:00,79.92,79.96,79.86,79.86,7416
2012-01-06 14:45:00,79.87,80.01,79.87,79.95,19296
2012-01-06 15:00:00,79.93,79.93,79.81,79.83,8564
2012-01-06 15:15:00,79.86,79.99,79.8494,79.91,18928
2012-01-06 15:30:00,79.9,80.02,79.76,79.98,27633
2012-01-06 15:45:00,79.97,80.05,79.93,79.97,20575
2012-01-06 16:00:00,79.97,79.97,79.78,79.84,57097
2012-01-09 09:45:00,80.06,80.27,80.0,80.06,22650
2012-01-09 10:00:00,80.06,80.15,79.99,80.0,32938
2012-01-09 10:15:00,80.04,80.16,79.9596,80.14,22198
2012-01-09 10:30:00,80.14,80.15,80.07,80.12,11530
2012-01-09 10:45:00,80.1,80.16,80.09,80.095,22028
2012-01-09 11:00:00,80.11,80.19,80.04,80.15,41692
2012-01-09 11:15:00,80.15,80.25,80.01,80.04,54955
2012-01-09 11:30:00,80.08,80.15,79.99,80.1175,46202
2012-01-09 11:45:00,80.1,80.15,80.07,80.135,12864
2012-01-09 12:00:00,80.15,80.18,80.1,80.11,19158
2012-01-09 12:15:00,80.12,80.24,80.1,80.19,13406
2012-01-09 12:30:00,80.2,80.2875,80.14,80.27,18316
2012-01-09 12:45:00,80.25,80.36,80.25,80.3,26148
2012-01-09 13:00:00,80.34,80.42,80.34,80.39,20547
2012-01-09 13:15:00,80.39,80.5,80.31,80.37,18108
2012-01-09 13:30:00,80.36,80.39,80.28,80.29,13148
2012-01-09 13:45:00,80.29,80.3,80.2,80.2075,22009
2012-01-09 14:00:00,80.21,80.3,80.2,80.2775,23433
2012-01-09 14:15:00,80.27,80.3775,80.26,80.33,30188
2012-01-09 14:30:00,80.33,80.33,80.18,80.21,21465
2012-01-09 14:45:00,80.21,80.36,80.21,80.27,19923
2012-01-09 15:00:00,80.2775,80.43,80.26,80.43,20349
2012-01-09 15:15:00,80.42,80.48,80.32,80.37,43756
2012-01-09 15:30:00,80.36,80.42,80.25,80.26,25846
2012-01-09 15:45:00,80.26,80.5,80.26,80.47,32741
2012-01-09 16:00:00,80.45,80.54,80.3316,80.37,88016
2012-01-10 09:45:00,81.18,81.18,80.65,80.87,22063
2012-01-10 10:00:00,80.93,81.01,80.78,80.8,32426
2012-01-10 10:15:00,80.85,81.27,80.85,81.2645,17823
2012-01-10 10:30:00,81.255,81.38,81.12,81.15,16517
2012-01-10 10:45:00,81.15,81.32,81.09,81.24,11205
2012-01-10 11:00:00,81.27,81.27,80.99600000000001,81.1777,14110
2012-01-10 11:15:00,81.16,81.2,80.95,81.04,16971
2012-01-10 11:30:00,81.07,81.0991,80.8,80.84,19965
2012-01-10 11:45:00,80.85,80.92,80.81,80.88,15833
2012-01-10 12:00:00,80.91,81.01,80.86,80.89,21801
2012-01-10 12:15:00,80.85,81.04,80.85,80.9815,49470
2012-01-10 12:30:00,81.0,81.01,80.72,80.8,11562
2012-01-10 12:45:00,80.81,80.9,80.79,80.85,15206
2012-01-10 13:00:00,80.85,81.01,80.835,81.01,9200
2012-01-10 13:15:00,81.0,81.0,80.83,80.86,7799
2012-01-10 13:30:00,80.86,81.01,80.8,80.98,27850
2012-01-10 13:45:00,80.98,81.19,80.97,81.19,16384
2012-01-10 14:00:00,81.14,81.16,81.02,81.0477,10493
2012-01-10 14:15:00,81.06,81.16,80.98,81.07,15882
2012-01-10 14:30:00,81.03,81.08,80.91,80.9132,15571
2012-01-10 14:45:00,80.91,81.0289,80.9,80.96,23071
2012-01-10 15:00:00,80.94,81.07,80.92,80.97,21775
2012-01-10 15:15:00,80.95,80.99,80.8406,80.88,32137
2012-01-10 15:30:00,80.885,80.885,80.8,80.82,31747
2012-01-10 15:45:00,80.83,80.88,80.82,80.82,40284
2012-01-10 16:00:00,80.84,80.99,80.8,80.91,117754
2012-01-11 09:45:00,81.07,81.44,81.0,81.33,21908
2012-01-11 10:00:00,81.28,81.44,81.16,81.23,24729
2012-01-11 10:15:00,81.26,81.43,81.23,81.41,18942
2012-01-11 10:30:00,81.37,81.38,81.29,81.32,7915
2012-01-11 10:45:00,81.32,81.43,81.32,81.32,12026
2012-01-11 11:00:00,81.32,81.38,81.28,81.28,11028
2012-01-11 11:15:00,81.3,81.43,81.28,81.37,17642
2012-01-11 11:30:00,81.41,81.43,81.28,81.3,15474
2012-01-11 11:45:00,81.29,81.485,81.29,81.46,11242
2012-01-11 12:00:00,81.48,81.48,81.38,81.42,12639
2012-01-11 12:15:00,81.4,81.42,81.32,81.33,10511
2012-01-11 12:30:00,81.34,81.35,81.23,81.25,17015
2012-01-11 12:45:00,81.25,81.25,81.14,81.19,6312
2012-01-11 13:00:00,81.172,81.2147,81.0,81.19,17173
2012-01-11 13:15:00,81.2,81.21,81.06,81.12,9099
2012-01-11 13:30:00,81.1,81.21,81.03,81.21,19214
2012-01-11 13:45:00,81.22,81.415,81.14,81.39,11219
2012-01-11 14:00:00,81.41,81.44,81.3629,81.389,12931
2012-01-11 14:15:00,81.39,81.43,81.3,81.33,8525
2012-01-11 14:30:00,81.33,81.33,81.16,81.2321,8759
2012-01-11 14:45:00,81.245,81.32,81.22,81.32,8291
2012-01-11 15:00:00,81.31,81.31,81.23,81.309,14022
2012-01-11 15:15:00,81.31,81.48,81.25,81.25,23584
2012-01-11 15:30:00,81.26,81.405,81.24,81.32,24917
2012-01-11 15:45:00,81.34,81.5,81.32,81.34,29033
2012-01-11 16:00:00,81.34,81.39,81.25,81.37,42501
2012-01-12 09:45:00,81.64,81.79,81.39,81.5,49558
2012-01-12 10:00:00,81.5,81.54,81.34,81.51,30780
2012-01-12 10:15:00,81.45,81.52,80.9,80.9,11393
2012-01-12 10:30:00,80.9,81.29,80.9,81.29,14186
2012-01-12 10:45:00,81.29,81.39,80.98,81.12,32689
2012-01-12 11:00:00,81.15,81.41,81.15,81.39,17449
2012-01-12 11:15:00,81.4,81.64,81.4,81.63,38258
2012-01-12 11:30:00,81.63,81.7,81.48,81.52,11343
2012-01-12 11:45:00,81.51,81.51,81.31,81.34,10651
2012-01-12 12:00:00,81.33,81.39,81.2508,81.265,14551
2012-01-12 12:15:00,81.25,81.27,81.14,81.25,11108
2012-01-12 12:30:00,81.28,81.4,81.27,81.37,16032
2012-01-12 12:45:00,81.33,81.4,81.33,81.36,7898
2012-01-12 13:00:00,81.35,81.4,81.32,81.36,7416
2012-01-12 13:15:00,81.37,81.41,81.37,81.395,7847
2012-01-12 13:30:00,81.3983,81.49,81.37,81.49,18776
2012-01-12 13:45:00,81.49,81.4902,81.3125,81.36,8700
2012-01-12 14:00:00,81.35,81.45,81.305,81.44,5666
2012-01-12 14:15:00,81.45,81.5,81.38,81.4,12966
2012-01-12 14:30:00,81.38,81.4,81.3203,81.35,11444
2012-01-12 14:45:00,81.33,81.48,81.32,81.47,21836
2012-01-12 15:00:00,81.51,81.55,81.415,81.54,11000
2012-01-12 15:15:00,81.52,81.7,81.455,81.68,23756
2012-01-12 15:30:00,81.69,81.8797,81.69,81.71,29263
2012-01-12 15:45:00,81.72,81.78,81.59,81.74,26885
2012-01-12 16:00:00,81.74,81.89,81.74,81.85,115855
2012-01-13 09:45:00,81.5,81.87,81.12,81.59,18143
2012-01-13 10:00:00,81.59,81.87,81.48100000000001,81.72,27614
2012-01-13 10:15:00,81.71,81.78,81.33,81.4,22447
2012-01-13 10:30:00,81.39,81.61,81.3,81.6,12976
2012-01-13 10:45:00,81.59,81.8,81.57,81.8,12318
2012-01-13 11:00:00,81.76,81.9,81.76,81.76,14094
2012-01-13 11:15:00,81.72,81.88,81.7,81.83,16275
2012-01-13 11:30:00,81.8992,81.8992,81.77,81.77,10257
2012-01-13 11:45:00,81.83,81.92,81.7,81.83,6400
2012-01-13 12:00:00,81.83,81.96,81.81,81.85,7923
2012-01-13 12:15:00,81.79,81.8,81.7001,81.73,5802
2012-01-13 12:30:00,81.71,81.77,81.625,81.68,5891
2012-01-13 12:45:00,81.67,81.69,81.55,81.59,5950
2012-01-13 13:00:00,81.58,81.71600000000001,81.53,81.71600000000001,7825
2012-01-13 13:15:00,81.69,81.7,81.48,81.58,7357
2012-01-13 13:30:00,81.53,81.64,81.51,81.59,9912
2012-01-13 13:45:00,81.53,81.65,81.48,81.65,4100
2012-01-13 14:00:00,81.65,81.735,81.63,81.63,4935
2012-01-13 14:15:00,81.63,81.64,81.51,81.6,6963
2012-01-13 14:30:00,81.57,81.64,81.54,81.61,6000
2012-01-13 14:45:00,81.6,81.63,81.55,81.59,6696
2012-01-13 15:00:00,81.56,81.65,81.53,81.64,5538
2012-01-13 15:15:00,81.61,81.73,81.58,81.67,12052
2012-01-13 15:30:00,81.66,81.67,81.52,81.58,7600
2012-01-13 15:45:00,81.58,81.7,81.54,81.54,12710
2012-01-13 16:00:00,81.56,81.652,81.5,81.62,34776
2012-01-17 09:45:00,82.0,82.16,81.7012,82.14,50604
2012-01-17 10:00:00,82.16,82.5,82.15,82.3895,20406
2012-01-17 10:15:00,82.37,82.43,82.2,82.32,16289
2012-01-17 10:30:00,82.35,82.47,82.25,82.39,16842
2012-01-17 10:45:00,82.36,82.5,82.34,82.46,11935
2012-01-17 11:00:00,82.45,82.58,82.45,82.56,27465
2012-01-17 11:15:00,82.56,82.56,82.35,82.48,22680
2012-01-17 11:30:00,82.49,82.65,82.49,82.61,15901
2012-01-17 11:45:00,82.62,82.76,82.49,82.755,17959
2012-01-17 12:00:00,82.76,82.79,82.7,82.71,8022
2012-01-17 12:15:00,82.72,82.805,82.64,82.64,18514
2012-01-17 12:30:00,82.63,82.65,82.4,82.4,13630
2012-01-17 12:45:00,82.41,82.42,82.2,82.32,14936
2012-01-17 13:00:00,82.3101,82.32,82.05,82.1,18525
2012-01-17 13:15:00,82.1,82.32,82.1,82.3165,7032
2012-01-17 13:30:00,82.33,82.41,82.31,82.335,4895
2012-01-17 13:45:00,82.3,82.5,82.3,82.5,7891
2012-01-17 14:00:00,82.5,82.57,82.45,82.54,9000
2012-01-17 14:15:00,82.52,82.53,82.43,82.46,10070
2012-01-17 14:30:00,82.47,82.48,82.41,82.44,12393
2012-01-17 14:45:00,82.44,82.45,82.25,82.29,13400
2012-01-17 15:00:00,82.27,82.27,82.09,82.095,13830
2012-01-17 15:15:00,82.1,82.11,81.806,81.93,25855
2012-01-17 15:30:00,81.945,82.15,81.93,82.135,21886
2012-01-17 15:45:00,82.16,82.315,82.16,82.23,29749
2012-01-17 16:00:00,82.23,82.38,82.23,82.3,54868
2012-01-18 09:45:00,82.2,82.29,81.88,82.28,14867
2012-01-18 10:00:00,82.29,82.8,82.18,82.69,21777
2012-01-18 10:15:00,82.71,82.99,82.695,82.93,16885
2012-01-18 10:30:00,82.94,83.12,82.91,83.08,47547
2012-01-18 10:45:00,83.0608,83.16,82.95,82.95,32946
2012-01-18 11:00:00,82.95,83.11,82.92,83.09,9124
2012-01-18 11:15:00,83.1,83.21,83.05,83.21,13630
2012-01-18 11:30:00,83.21,83.39,83.18,83.38,11942
2012-01-18 11:45:00,83.38,83.47,83.36,83.44,14499
2012-01-18 12:00:00,83.43,83.43,83.36,83.36,15378
2012-01-18 12:15:00,83.37,83.38,83.23,83.29,11565
2012-01-18 12:30:00,83.25,83.5,83.205,83.427,17515
2012-01-18 12:45:00,83.44,83.46,83.42,83.4201,14540
2012-01-18 13:00:00,83.43,83.45,83.41,83.44,14497
2012-01-18 13:15:00,83.44,83.5,83.42,83.49,8582
2012-01-18 13:30:00,83.49,83.49,83.44,83.47,19780
2012-01-18 13:45:00,83.45,83.61,83.43,83.61,38438
2012-01-18 14:00:00,83.6,83.72,83.59,83.7,14668
2012-01-18 14:15:00,83.73,83.78,83.7,83.72,15465
2012-01-18 14:30:00,83.71,83.85,83.71,83.85,16550
2012-01-18 14:45:00,83.87,83.87,83.73,83.85,23661
2012-01-18 15:00:00,83.83,83.876,83.77,83.86,24134
2012-01-18 15:15:00,83.88,83.91,83.83,83.86,24172
2012-01-18 15:30:00,83.86,83.88,83.745,83.8,23519
2012-01-18 15:45:00,83.82,83.82,83.63,83.65,25949
2012-01-18 16:00:00,83.63,83.67,83.48,83.67,87954
2012-01-19 09:45:00,83.89,84.71,83.87,84.71,69260
2012-01-19 10:00:00,84.71,84.99,84.57,84.95,49432
2012-01-19 10:15:00,84.94,85.11,84.805,84.9,58754
2012-01-19 10:30:00,84.88,84.95,84.72,84.85,62454
2012-01-19 10:45:00,84.85,84.9,84.76,84.9,28147
2012-01-19 11:00:00,84.9,84.94,84.8,84.91,31799
2012-01-19 11:15:00,84.9,84.91,84.74,84.9,34795
2012-01-19 11:30:00,84.91,85.22,84.91,85.19,33940
2012-01-19 11:45:00,85.2,85.32,85.16,85.31,26390
2012-01-19 12:00:00,85.31,85.32,85.15,85.265,22922
2012-01-19 12:15:00,85.25,85.27,85.1,85.23,21599
2012-01-19 12:30:00,85.21,85.26,85.09,85.22,24812
2012-01-19 12:45:00,85.195,85.28,84.96,85.11,70186
2012-01-19 13:00:00,85.09,85.26,85.09,85.2,38935
2012-01-19 13:15:00,85.19,85.195,84.95,84.9524,17168
2012-01-19 13:30:00,84.95,84.955,84.83,84.9,15912
2012-01-19 13:45:00,84.87,85.03,84.82,85.0,64520
2012-01-19 14:00:00,85.01,85.05,84.89,84.89,45422
2012-01-19 14:15:00,84.93,85.02,84.9,84.96,21105
2012-01-19 14:30:00,84.96,84.97,84.75,84.79,18673
2012-01-19 14:45:00,84.8,84.86,84.72,84.85,27073
2012-01-19 15:00:00,84.86,84.96,84.72,84.96,34619
2012-01-19 15:15:00,84.96,85.1,84.95,85.0,57046
2012-01-19 15:30:00,84.9971,85.04,84.89,84.98,56263
2012-01-19 15:45:00,85.0,85.005,84.93,85.0,39536
2012-01-19 16:00:00,85.0,85.0,84.65,84.77,128962
2012-01-20 09:45:00,84.94,85.09,84.75,84.75,178115
2012-01-20 10:00:00,84.72,84.73,84.0,84.045,38287
2012-01-20 10:15:00,84.04,84.07,83.99,84.03,26815
2012-01-20 10:30:00,84.01,84.01,83.89,83.99,183924
2012-01-20 10:45:00,83.99,84.0,83.72,83.7248,66219
2012-01-20 11:00:00,83.75,83.8235,83.72,83.72,44722
2012-01-20 11:15:00,83.73,83.78,83.6701,83.75,54215
2012-01-20 11:30:00,83.76,83.77,83.61,83.61,21741
2012-01-20 11:45:00,83.61,83.61,83.37,83.41,23982
2012-01-20 12:00:00,83.38,83.43,83.27,83.31,33134
2012-01-20 12:15:00,83.31,83.36,83.24,83.24,27883
2012-01-20 12:30:00,83.24,83.4,83.21,83.23,36861
2012-01-20 12:45:00,83.26,83.3,83.14,83.16,37127
2012-01-20 13:00:00,83.16,83.19,83.09,83.09,31740
2012-01-20 13:15:00,83.09,83.16,82.97,83.0,44578
2012-01-20 13:30:00,82.99,83.01,82.87,82.9,51870
2012-01-20 13:45:00,82.89,82.97,82.85,82.9,31452
2012-01-20 14:00:00,82.9,82.91,82.49,82.49,36488
2012-01-20 14:15:00,82.49,82.64,82.4,82.4,96923
2012-01-20 14:30:00,82.4,82.48700000000001,82.39,82.42,69547
2012-01-20 14:45:00,82.415,82.47,82.25,82.29,48782
2012-01-20 15:00:00,82.31,82.42,82.29,82.4,50024
2012-01-20 15:15:00,82.4,82.4,82.35,82.36,74232
2012-01-20 15:30:00,82.35,82.38,82.13,82.14,114591
2012-01-20 15:45:00,82.14,82.28,82.09,82.23,115784
2012-01-20 16:00:00,82.22,82.38,82.19,82.25,219155
2012-01-23 09:45:00,82.18,82.78,82.18,82.23,39905
2012-01-23 10:00:00,82.23,82.46,82.2,82.25,52033
2012-01-23 10:15:00,82.25,82.33,82.19,82.25,50528
2012-01-23 10:30:00,82.27,82.31,82.1,82.16,32556
2012-01-23 10:45:00,82.17,82.26,82.09,82.2,18732
2012-01-23 11:00:00,82.18,82.27,82.17,82.24,11950
2012-01-23 11:15:00,82.235,82.27,81.7654,81.77,31974
2012-01-23 11:30:00,81.77,81.81,81.46,81.48,26738
2012-01-23 11:45:00,81.5,81.64,81.291,81.291,34495
2012-01-23 12:00:00,81.31,81.31,80.99,81.09,76155
2012-01-23 12:15:00,81.06,81.27,80.98,81.02,50749
2012-01-23 12:30:00,81.07,81.24,81.0,81.2,39139
2012-01-23 12:45:00,81.21,81.3366,81.2,81.22,44740
2012-01-23 13:00:00,81.19,81.3,81.19,81.24,38056
2012-01-23 13:15:00,81.25,81.31,81.22,81.24,42121
2012-01-23 13:30:00,81.25,81.29,81.23,81.25,31469
2012-01-23 13:45:00,81.2618,81.33,81.24,81.33,43663
2012-01-23 14:00:00,81.33,81.34,81.1905,81.32,85568
2012-01-23 14:15:00,81.328,81.42,81.27,81.35,35622
2012-01-23 14:30:00,81.35,81.5,81.35,81.5,33807
2012-01-23 14:45:00,81.52,81.53,81.314,81.314,47028
2012-01-23 15:00:00,81.31,81.37,81.2,81.3,45730
2012-01-23 15:15:00,81.3,81.44,81.26,81.44,36577
2012-01-23 15:30:00,81.45,81.52,81.36,81.39,40297
2012-01-23 15:45:00,81.41,81.525,81.4,81.41,56997
2012-01-23 16:00:00,81.4,81.45,81.24,81.26,133331
2012-01-24 09:45:00,80.95,81.75,80.9,81.59,33983
2012-01-24 10:00:00,81.57,81.92,81.42,81.785,53538
2012-01-24 10:15:00,81.71,81.94,81.6,81.7,27843
2012-01-24 10:30:00,81.72,81.725,81.48,81.49,14525
2012-01-24 10:45:00,81.55,81.8795,81.44,81.79,18665
2012-01-24 11:00:00,81.81,81.9,81.63,81.65,51211
2012-01-24 11:15:00,81.66,81.91,81.63,81.86,26200
2012-01-24 11:30:00,81.85,82.16,81.8,81.94,38022
2012-01-24 11:45:00,81.91,81.94,81.8,81.91,16379
2012-01-24 12:00:00,81.9,81.96,81.878,81.91,13941
2012-01-24 12:15:00,81.83800000000001,82.03,81.83800000000001,81.97,24197
2012-01-24 12:30:00,81.99,82.03,81.94,81.99,17278
2012-01-24 12:45:00,81.98,81.99700000000001,81.85,81.87,8990
2012-01-24 13:00:00,81.92,81.93,81.8,81.85,21232
2012-01-24 13:15:00,81.86,81.86,81.57,81.59,19349
2012-01-24 13:30:00,81.55,81.73,81.55,81.69,7660
2012-01-24 13:45:00,81.7,81.71,81.48,81.48,11442
2012-01-24 14:00:00,81.44,81.47,81.35,81.37,20474
2012-01-24 14:15:00,81.38,81.67,81.36,81.66,26593
2012-01-24 14:30:00,81.665,81.93,81.65,81.84,27274
2012-01-24 14:45:00,81.83,81.91,81.7,81.84,51769
2012-01-24 15:00:00,81.83,81.88,81.67,81.88,33961
2012-01-24 15:15:00,81.87,82.0,81.87,81.99,43280
2012-01-24 15:30:00,82.0,82.17,81.911,81.945,72180
2012-01-24 15:45:00,81.95,81.95,81.9,81.92,36907
2012-01-24 16:00:00,81.92,81.98,81.72,81.81,95851
2012-01-25 09:45:00,81.88,82.29,81.88,81.935,33219
2012-01-25 10:00:00,81.93,82.0,81.76,81.93,27197
2012-01-25 10:15:00,81.91,82.02,81.85,81.94,76706
2012-01-25 10:30:00,81.98,82.0,81.71,81.735,20883
2012-01-25 10:45:00,81.76,81.97,81.73,81.95,10795
2012-01-25 11:00:00,81.98,82.01,81.91,81.955,17045
2012-01-25 11:15:00,81.955,82.07,81.735,81.735,23002
2012-01-25 11:30:00,81.81,81.97,81.66,81.87,23665
2012-01-25 11:45:00,81.9,81.97,81.71,81.76,23238
2012-01-25 12:00:00,81.75,81.84,81.67,81.77,14152
2012-01-25 12:15:00,81.76,81.84,81.62,81.74,13147
2012-01-25 12:30:00,81.75,81.92,81.74,81.79,15595
2012-01-25 12:45:00,81.85,82.02,81.75,81.96,13679
2012-01-25 13:00:00,81.97,82.08,81.93,82.0,12460
2012-01-25 13:15:00,81.99,82.31,81.99,82.27,13179
2012-01-25 13:30:00,82.28,82.46,82.26,82.325,22758
2012-01-25 13:45:00,82.325,82.57,82.325,82.499,26756
2012-01-25 14:00:00,82.5,82.7,82.475,82.68,21769
2012-01-25 14:15:00,82.71,82.71,82.425,82.465,27295
2012-01-25 14:30:00,82.44,82.4825,82.27,82.41,17280
2012-01-25 14:45:00,82.41,82.436,82.32,82.38,14950
2012-01-25 15:00:00,82.37,82.5,82.2801,82.4,23418
2012-01-25 15:15:00,82.4,82.47,82.33,82.39,28517
2012-01-25 15:30:00,82.42,82.62,82.35,82.55,26387
2012-01-25 15:45:00,82.57,82.7,82.51,82.6,44461
2012-01-25 16:00:00,82.6,82.72,82.52,82.53,58134
2012-01-26 09:45:00,83.23,83.6,82.98,83.48,173905
2012-01-26 10:00:00,83.51,83.8,83.3,83.485,50205
2012-01-26 10:15:00,83.51,83.53,83.25,83.26,31312
2012-01-26 10:30:00,83.26,83.27,83.02,83.13,41996
2012-01-26 10:45:00,83.14,83.52,83.0,83.31,23975
2012-01-26 11:00:00,83.3,83.3,82.8,82.81,40546
2012-01-26 11:15:00,82.81,82.81,82.665,82.7722,33830
2012-01-26 11:30:00,82.76,82.85,82.71,82.84,17100
2012-01-26 11:45:00,82.84,82.97,82.79,82.85,28350
2012-01-26 12:00:00,82.84,82.86,82.68,82.73,23330
2012-01-26 12:15:00,82.74,82.76,82.61,82.69,24230
2012-01-26 12:30:00,82.66,82.66,82.3,82.3,14335
2012-01-26 12:45:00,82.33,82.38,82.15,82.15,14902
2012-01-26 13:00:00,82.17,82.23,82.12,82.15899999999999,10298
2012-01-26 13:15:00,82.15,82.3,82.07,82.21,29536
2012-01-26 13:30:00,82.23,82.25,82.03,82.04,11720
2012-01-26 13:45:00,82.04,82.11,81.85,82.0,19918
2012-01-26 14:00:00,82.0,82.02,81.91,81.93,15162
2012-01-26 14:15:00,81.93,82.02,81.9,81.95,11268
2012-01-26 14:30:00,81.97,81.98,81.85,81.92,18421
2012-01-26 14:45:00,81.9,81.98,81.88,81.93,28128
2012-01-26 15:00:00,81.93,81.96,81.83,81.83,36781
2012-01-26 15:15:00,81.83,81.95,81.82,81.94,18809
2012-01-26 15:30:00,81.93,81.96,81.81,81.82,36104
2012-01-26 15:45:00,81.8311,81.87,81.8203,81.845,29571
2012-01-26 16:00:00,81.85,82.01,81.84,81.96,114376
2012-01-27 09:45:00,82.04,82.49,81.84,82.415,33538
2012-01-27 10:00:00,82.44,82.87,82.27,82.565,55449
2012-01-27 10:15:00,82.62,82.719,82.38,82.62,22757
2012-01-27 10:30:00,82.68,82.91,82.53,82.85,86919
2012-01-27 10:45:00,82.86,82.91,82.65,82.695,9375
2012-01-27 11:00:00,82.73,82.75,82.5301,82.715,9483
2012-01-27 11:15:00,82.79,82.81,82.635,82.7,6400
2012-01-27 11:30:00,82.67,82.76,82.55,82.55,12137
2012-01-27 11:45:00,82.52,82.53,82.29,82.44,21850
2012-01-27 12:00:00,82.44,82.6,82.4,82.47,21914
2012-01-27 12:15:00,82.39,82.49,82.15,82.18,13398
2012-01-27 12:30:00,82.17,82.39,82.11,82.36,8225
2012-01-27 12:45:00,82.375,82.5,82.305,82.5,14800
2012-01-27 13:00:00,82.5,82.54,82.42,82.44,19861
2012-01-27 13:15:00,82.46,82.52,82.425,82.47,6850
2012-01-27 13:30:00,82.48,82.61,82.48,82.535,9486
2012-01-27 13:45:00,82.5378,82.56,82.415,82.525,19180
2012-01-27 14:00:00,82.54,82.54,82.38,82.43,26958
2012-01-27 14:15:00,82.44,82.52,82.3701,82.4884,9225
2012-01-27 14:30:00,82.5,82.64,82.43,82.61,52748
2012-01-27 14:45:00,82.58,82.65,82.5,82.58,9418
2012-01-27 15:00:00,82.61,82.72,82.59,82.68,9910
2012-01-27 15:15:00,82.7,82.77,82.62,82.74,16633
2012-01-27 15:30:00,82.74,82.88,82.74,82.85,31595
2012-01-27 15:45:00,82.84,83.01,82.795,82.85,45527
2012-01-27 16:00:00,82.84,82.845,82.56,82.56,47873
2012-01-30 09:45:00,82.31,82.7999,82.09,82.09,28462
2012-01-30 10:00:00,82.12,82.26,81.73,81.76,19616
2012-01-30 10:15:00,81.73,81.94,81.56,81.726,33353
2012-01-30 10:30:00,81.73,81.83,81.71,81.82,23930
2012-01-30 10:45:00,81.83,82.0,81.76,81.87,22613
2012-01-30 11:00:00,81.88,82.23,81.78,82.22,21035
2012-01-30 11:15:00,82.24,82.36,82.23,82.25,25684
2012-01-30 11:30:00,82.245,82.46,82.185,82.43,20900
2012-01-30 11:45:00,82.43,82.53,82.39,82.45,11207
2012-01-30 12:00:00,82.49,82.53,82.32,82.34,23958
2012-01-30 12:15:00,82.37,82.37,82.11,82.11,7796
2012-01-30 12:30:00,82.11,82.25,82.09,82.14,6651
2012-01-30 12:45:00,82.13,82.14,82.02,82.06,7151
2012-01-30 13:00:00,82.05,82.17,82.01,82.12,84678
2012-01-30 13:15:00,82.12,82.12,81.95,81.95,4600
2012-01-30 13:30:00,81.95,82.16,81.9,82.16,6670
2012-01-30 13:45:00,82.1982,82.44,82.1982,82.35,21587
2012-01-30 14:00:00,82.35,82.46,82.34,82.39,32090
2012-01-30 14:15:00,82.38,82.54,82.35,82.47,16428
2012-01-30 14:30:00,82.48,82.56,82.41,82.42,61421
2012-01-30 14:45:00,82.41,82.41,82.3,82.325,6650
2012-01-30 15:00:00,82.325,82.33,82.17,82.27,14063
2012-01-30 15:15:00,82.2633,82.34,82.18,82.32,14434
2012-01-30 15:30:00,82.33,82.36,82.266,82.28,16187
2012-01-30 15:45:00,82.27,82.31,82.17,82.23,26425
2012-01-30 16:00:00,82.22,82.36,82.17,82.33,61111
2012-01-31 09:45:00,82.59,82.59,82.1125,82.2,34597
2012-01-31 10:00:00,82.23,82.36,82.045,82.305,49317
2012-01-31 10:15:00,82.24,82.24,81.92,82.02,24633
2012-01-31 10:30:00,82.01,82.04,81.89,81.89,11516
2012-01-31 10:45:00,81.91,81.92,81.53,81.53,43027
2012-01-31 11:00:00,81.53,81.719,81.53,81.66,35136
2012-01-31 11:15:00,81.69,81.74,81.57,81.6398,19238
2012-01-31 11:30:00,81.63,81.72,81.56,81.67,15014
2012-01-31 11:45:00,81.67,81.80199999999999,81.65,81.795,16674
2012-01-31 12:00:00,81.78,81.78,81.64,81.685,27975
2012-01-31 12:15:00,81.695,81.7,81.51,81.52,10085
2012-01-31 12:30:00,81.52,81.685,81.52,81.66,8767
2012-01-31 12:45:00,81.67,81.7125,81.58,81.58,10432
2012-01-31 13:00:00,81.55,81.58,81.51,81.52,15249
2012-01-31 13:15:00,81.52,81.54,81.46,81.49,23701
2012-01-31 13:30:00,81.49,81.57,81.48,81.565,34818
2012-01-31 13:45:00,81.56,81.59,81.5,81.505,38484
2012-01-31 14:00:00,81.49,81.546,81.44,81.46,19801
2012-01-31 14:15:00,81.49,81.5646,81.47,81.561,31643
2012-01-31 14:30:00,81.55,81.69,81.52,81.67,62866
2012-01-31 14:45:00,81.69,81.69,81.5304,81.54,33992
2012-01-31 15:00:00,81.545,81.59,81.51,81.52,35955
2012-01-31 15:15:00,81.51,81.53,81.46,81.5102,23435
2012-01-31 15:30:00,81.5208,81.67,81.46,81.51,30516
2012-01-31 15:45:00,81.52199999999999,81.55,81.39,81.44,21988
2012-01-31 16:00:00,81.46,81.57,81.4,81.46,120772
2012-02-01 09:45:00,81.53,82.13,81.53,82.08,38187
2012-02-01 10:00:00,82.08,82.14,81.71,81.8103,18710
2012-02-01 10:15:00,81.79,81.86,81.68,81.79,15467
2012-02-01 10:30:00,81.75,81.79,81.64,81.78,27021
2012-02-01 10:45:00,81.8,81.89,81.7,81.71,14971
2012-02-01 11:00:00,81.7,81.8,81.7,81.79,18310
2012-02-01 11:15:00,81.8,81.8,81.65,81.68,20558
2012-02-01 11:30:00,81.67,81.67,81.56,81.57,22181
2012-02-01 11:45:00,81.6,81.7,81.589,81.7,26231
2012-02-01 12:00:00,81.68,81.77,81.58,81.58,100032
2012-02-01 12:15:00,81.58,81.64,81.541,81.57,18113
2012-02-01 12:30:00,81.57,81.62,81.56,81.56,18304
2012-02-01 12:45:00,81.59,81.59,81.52,81.52,16092
2012-02-01 13:00:00,81.53,81.57,81.49,81.57,28047
2012-02-01 13:15:00,81.58,81.76,81.57,81.73,11682
2012-02-01 13:30:00,81.71,81.84,81.69,81.81,17972
2012-02-01 13:45:00,81.84,81.86,81.74,81.85,35161
2012-02-01 14:00:00,81.86,81.88,81.68,81.71,13147
2012-02-01 14:15:00,81.72,81.72,81.62,81.68,25381
2012-02-01 14:30:00,81.69,81.74,81.67,81.71,16006
2012-02-01 14:45:00,81.71,81.74,81.676,81.72,16232
2012-02-01 15:00:00,81.71,81.85,81.68,81.85,113651
2012-02-01 15:15:00,81.86,81.87,81.8,81.81,29746
2012-02-01 15:30:00,81.81,82.04,81.79,82.0,96138
2012-02-01 15:45:00,81.99,82.19,81.98,82.07,77915
2012-02-01 16:00:00,82.06,82.1,81.94,81.95,80766
2012-02-02 09:45:00,82.09,82.38,81.85,82.03,23758
2012-02-02 10:00:00,82.04,82.21,81.96700000000001,82.19,32442
2012-02-02 10:15:00,82.15,82.23,82.1,82.16,27391
2012-02-02 10:30:00,82.19,82.2596,82.15,82.17,33454
2012-02-02 10:45:00,82.185,82.29,82.15,82.2,28428
2012-02-02 11:00:00,82.2,82.33,82.19,82.26,39312
2012-02-02 11:15:00,82.28,82.38,82.28,82.33,23140
2012-02-02 11:30:00,82.32,82.33,82.15,82.15,15056
2012-02-02 11:45:00,82.15,82.196,81.97,82.03,42336
2012-02-02 12:00:00,82.04,82.24,82.03,82.22,15839
2012-02-02 12:15:00,82.21,82.21,81.96,82.01299999999999,35620
2012-02-02 12:30:00,82.01,82.05,82.0,82.01,13487
2012-02-02 12:45:00,81.99,82.0,81.66,81.7,41616
2012-02-02 13:00:00,81.7,81.76,81.6,81.68,72230
2012-02-02 13:15:00,81.67,81.82,81.635,81.67,36663
2012-02-02 13:30:00,81.68,81.76,81.61,81.64,25074
2012-02-02 13:45:00,81.64,81.6895,81.59,81.68,13088
2012-02-02 14:00:00,81.69,81.82,81.68,81.69,28497
2012-02-02 14:15:00,81.69,81.77,81.67,81.73,30113
2012-02-02 14:30:00,81.74,81.76,81.66,81.665,17558
2012-02-02 14:45:00,81.67,81.68,81.49,81.51,20955
2012-02-02 15:00:00,81.52,81.53,81.42,81.48,38111
2012-02-02 15:15:00,81.47,81.59,81.42,81.59,36473
2012-02-02 15:30:00,81.6,81.71,81.51,81.65,64818
2012-02-02 15:45:00,81.65,81.72,81.645,81.69,36391
2012-02-02 16:00:00,81.68,81.7,81.53,81.54,112857
2012-02-03 09:45:00,82.43,83.75,82.29,83.03,167114
2012-02-03 10:00:00,83.01,83.54,83.01,83.47,49496
2012-02-03 10:15:00,83.44,83.54,82.94,83.33,75789
2012-02-03 10:30:00,83.33,83.4,83.27,83.33,24961
2012-02-03 10:45:00,83.35,83.39,83.2701,83.38,17336
2012-02-03 11:00:00,83.39,83.42,83.3,83.36,53431
2012-02-03 11:15:00,83.37,83.4,83.33,83.33,14926
2012-02-03 11:30:00,83.34,83.34,83.18,83.24,19383
2012-02-03 11:45:00,83.25,83.25,83.15,83.18,16670
2012-02-03 12:00:00,83.18,83.26,83.1,83.1355,17602
2012-02-03 12:15:00,83.135,83.2,83.1,83.1,16100
2012-02-03 12:30:00,83.11,83.16,83.01,83.145,14807
2012-02-03 12:45:00,83.145,83.16,83.02,83.06,17997
2012-02-03 13:00:00,83.05,83.05,82.97,83.0,16222
2012-02-03 13:15:00,82.9901,83.0,82.86,82.86,14884
2012-02-03 13:30:00,82.86,82.93,82.84,82.89,17090
2012-02-03 13:45:00,82.88,82.88,82.79,82.814,22519
2012-02-03 14:00:00,82.796,82.84,82.76,82.83,18573
2012-02-03 14:15:00,82.86,82.87,82.77,82.84,31414
2012-02-03 14:30:00,82.84,82.89,82.78,82.88,28014
2012-02-03 14:45:00,82.88,82.88,82.8,82.81,24008
2012-02-03 15:00:00,82.8,82.87,82.8,82.85,25963
2012-02-03 15:15:00,82.86,82.87,82.63,82.77,50581
2012-02-03 15:30:00,82.76,82.81,82.68,82.805,51525
2012-02-03 15:45:00,82.82,82.83,82.74,82.765,91074
2012-02-03 16:00:00,82.77,82.87,82.75,82.83,80273
2012-02-06 09:45:00,82.5,82.69,82.35,82.6331,27712
2012-02-06 10:00:00,82.68,83.1,82.68,83.04,38028
2012-02-06 10:15:00,83.0,83.19,83.0,83.15,28906
2012-02-06 10:30:00,83.14,83.3,83.11,83.22,44671
2012-02-06 10:45:00,83.2,83.38,83.08,83.08,46549
2012-02-06 11:00:00,83.1,83.148,82.95,83.148,22074
2012-02-06 11:15:00,83.15,83.18,83.06,83.12,18870
2012-02-06 11:30:00,83.1,83.17,82.9,82.9,32124
2012-02-06 11:45:00,82.91,82.98,82.71,82.72,14685
2012-02-06 12:00:00,82.72,82.74,82.56,82.59,31859
2012-02-06 12:15:00,82.59,82.602,82.33,82.5,55007
2012-02-06 12:30:00,82.51,82.6,82.38,82.42,24485
2012-02-06 12:45:00,82.41,82.49,82.4,82.46,22056
2012-02-06 13:00:00,82.45,82.46,82.33,82.37,18652
2012-02-06 13:15:00,82.38,82.4,82.25,82.3,18231
2012-02-06 13:30:00,82.2904,82.31,82.21,82.23,14095
2012-02-06 13:45:00,82.24,82.41,82.2102,82.36,28357
2012-02-06 14:00:00,82.37,82.37,82.21,82.28,14747
2012-02-06 14:15:00,82.3,82.3,82.21,82.27,14972
2012-02-06 14:30:00,82.25,82.26,82.11,82.11,29013
2012-02-06 14:45:00,82.081,82.11,82.06,82.09,12463
2012-02-06 15:00:00,82.08,82.14,82.06,82.14,15349
2012-02-06 15:15:00,82.14,82.23,82.14,82.22,17686
2012-02-06 15:30:00,82.21,82.37,82.21,82.34,37774
2012-02-06 15:45:00,82.34,82.39,82.3,82.39,61809
2012-02-06 16:00:00,82.38,82.39,82.3,82.35,67550
2012-02-07 09:45:00,82.27,82.66,82.0,82.35,32811
2012-02-07 10:00:00,82.33,82.4,82.13,82.21,34865
2012-02-07 10:15:00,82.21,82.32,82.16,82.2,59249
2012-02-07 10:30:00,82.22,82.25,82.14,82.14,22147
2012-02-07 10:45:00,82.15,82.34,82.08,82.25,24767
2012-02-07 11:00:00,82.24,82.6,82.2,82.594,27376
2012-02-07 11:15:00,82.6,82.71,82.58,82.64,65208
2012-02-07 11:30:00,82.65,82.79,82.6,82.74,29270
2012-02-07 11:45:00,82.77,82.93,82.72,82.89,38249
2012-02-07 12:00:00,82.88,82.91,82.8,82.91,10597
2012-02-07 12:15:00,82.915,82.97,82.85,82.88,32136
2012-02-07 12:30:00,82.88,83.055,82.88,83.0519,25394
2012-02-07 12:45:00,83.06,83.1399,83.05,83.1,19892
2012-02-07 13:00:00,83.11,83.14,83.05,83.07,10614
2012-02-07 13:15:00,83.08,83.165,83.08,83.16,21026
2012-02-07 13:30:00,83.15,83.31,83.14,83.24,33787
2012-02-07 13:45:00,83.23,83.28,83.17,83.24,11496
2012-02-07 14:00:00,83.23,83.41,83.23,83.39,35611
2012-02-07 14:15:00,83.39,83.5,83.35,83.43,26195
2012-02-07 14:30:00,83.42,83.5,83.35,83.35799999999999,21019
2012-02-07 14:45:00,83.36,83.45,83.29,83.45,43454
2012-02-07 15:00:00,83.45,83.64,83.43,83.57,103762
2012-02-07 15:15:00,83.56,83.84,83.54,83.84,37220
2012-02-07 15:30:00,83.84,83.86,83.74,83.85,39790
2012-02-07 15:45:00,83.85,83.85,83.72,83.74,35335
2012-02-07 16:00:00,83.74,83.85,83.66,83.85,116345
2012-02-08 09:45:00,83.9,83.94,82.87,83.74,62277
2012-02-08 10:00:00,83.81,84.0,83.66,83.79,75977
2012-02-08 10:15:00,83.79,83.8,83.5,83.715,65893
2012-02-08 10:30:00,83.72,83.89,83.21,83.22,42968
2012-02-08 10:45:00,83.24,83.34,82.95,83.05,33799
2012-02-08 11:00:00,83.07,83.07,82.78,82.9998,44732
2012-02-08 11:15:00,82.99,82.99,82.35,82.57,65006
2012-02-08 11:30:00,82.565,82.65,82.5,82.5514,35723
2012-02-08 11:45:00,82.56,82.59,82.38,82.44,33764
2012-02-08 12:00:00,82.45,82.54,82.37,82.48,39757
2012-02-08 12:15:00,82.46,82.83,82.46,82.81,57535
2012-02-08 12:30:00,82.8,82.87,82.75,82.86,27220
2012-02-08 12:45:00,82.85,82.865,82.56,82.59,36440
2012-02-08 13:00:00,82.59,82.665,82.48,82.66,25964
2012-02-08 13:15:00,82.69,82.72,82.5,82.5,18974
2012-02-08 13:30:00,82.5,82.82,82.49,82.82,26728
2012-02-08 13:45:00,82.82,83.11,82.78,82.88,71897
2012-02-08 14:00:00,82.8675,82.9,82.625,82.76899999999999,26092
2012-02-08 14:15:00,82.75,82.92,82.57,82.89,40265
2012-02-08 14:30:00,82.9,83.23,82.8875,82.9901,45153
2012-02-08 14:45:00,82.99,83.15,82.99,83.07,44868
2012-02-08 15:00:00,83.06,83.29,83.05,83.2,37435
2012-02-08 15:15:00,83.23,83.27,83.075,83.24,100276
2012-02-08 15:30:00,83.25,83.62,83.15,83.31,85019
2012-02-08 15:45:00,83.35,83.54,83.3,83.37,130684
2012-02-08 16:00:00,83.37,83.53,83.29,83.45,172859
2012-02-09 09:45:00,81.92,84.48,81.9,83.71,292772
2012-02-09 10:00:00,83.681,84.76,83.43,84.26,181912
2012-02-09 10:15:00,84.16,84.2,82.85,83.15,109034
2012-02-09 10:30:00,83.16,83.5,82.9,83.2695,99567
2012-02-09 10:45:00,83.25,83.56,83.23,83.29,23000
2012-02-09 11:00:00,83.26,83.42,83.04,83.145,25599
2012-02-09 11:15:00,83.16,83.26,83.04,83.04,102528
2012-02-09 11:30:00,83.05,83.45,82.95,83.42,99700
2012-02-09 11:45:00,83.47,83.63,83.3,83.49,54924
2012-02-09 12:00:00,83.49,83.96,83.3,83.94,77886
2012-02-09 12:15:00,83.9623,84.08,83.895,83.98,69839
2012-02-09 12:30:00,84.0,84.11,83.63,83.63,31031
2012-02-09 12:45:00,83.61,83.61,83.35,83.43,28206
2012-02-09 13:00:00,83.41,83.56,83.39,83.52,69737
2012-02-09 13:15:00,83.515,83.69,83.46,83.63,40714
2012-02-09 13:30:00,83.63,83.95,83.5801,83.79,20089
2012-02-09 13:45:00,83.8,83.81,83.62,83.65,12011
2012-02-09 14:00:00,83.65,83.88,83.65,83.8503,28300
2012-02-09 14:15:00,83.85,84.0,83.781,83.97,32015
2012-02-09 14:30:00,83.97,84.0,83.78,83.81,27097
2012-02-09 14:45:00,83.81,83.98,83.81,83.98,19457
2012-02-09 15:00:00,83.98,84.13,83.97,84.0,45396
2012-02-09 15:15:00,83.99,84.11,83.97,84.05,33257
2012-02-09 15:30:00,84.04,84.13,83.99,84.09,60367
2012-02-09 15:45:00,84.1,84.13,84.03,84.05,95783
2012-02-09 16:00:00,84.05,84.35,84.04,84.34,177446
2012-02-10 09:45:00,82.5,84.15,82.5,83.86,133955
2012-02-10 10:00:00,83.83,84.04,83.61,84.04,56357
2012-02-10 10:15:00,84.0,84.01,83.7,83.74,39601
2012-02-10 10:30:00,83.71,83.78,83.49,83.59,40737
2012-02-10 10:45:00,83.59,83.61,83.4,83.44,52892
2012-02-10 11:00:00,83.4,83.4999,83.37,83.46,36452
2012-02-10 11:15:00,83.465,83.59,83.36,83.365,35066
2012-02-10 11:30:00,83.39,83.4985,83.24,83.24,25551
2012-02-10 11:45:00,83.24,83.37,83.16,83.37,25207
2012-02-10 12:00:00,83.35,83.53,83.35,83.41,17219
2012-02-10 12:15:00,83.41,83.44,83.29,83.42,13104
2012-02-10 12:30:00,83.41,83.52,83.37,83.47,17848
2012-02-10 12:45:00,83.461,83.6,83.461,83.57,27900
2012-02-10 13:00:00,83.57,83.84,83.56,83.83,29807
2012-02-10 13:15:00,83.83,83.85,83.74,83.85,10453
2012-02-10 13:30:00,83.82,83.82,83.67,83.7,20820
2012-02-10 13:45:00,83.69,83.69,83.38,83.5,18186
2012-02-10 14:00:00,83.4,83.51,83.29,83.4,13782
2012-02-10 14:15:00,83.41,83.52,83.41,83.5,15081
2012-02-10 14:30:00,83.5,83.54,83.44,83.51,22299
2012-02-10 14:45:00,83.52,83.5497,83.36,83.48899999999999,23650
2012-02-10 15:00:00,83.49,83.5,83.39,83.41,54693
2012-02-10 15:15:00,83.41,83.42,83.17,83.28,22600
2012-02-10 15:30:00,83.28,83.32,83.2,83.32,45373
2012-02-10 15:45:00,83.31,83.41,83.3,83.39,45978
2012-02-10 16:00:00,83.38,83.49,83.3,83.47,107983
2012-02-13 09:45:00,83.66,83.88,83.382,83.49,76727
2012-02-13 10:00:00,83.49,83.57,83.25,83.32,39761
2012-02-13 10:15:00,83.34,83.51,83.198,83.37,28344
2012-02-13 10:30:00,83.38,83.59,83.25,83.55,28897
2012-02-13 10:45:00,83.54,83.56,83.09,83.09,38264
2012-02-13 11:00:00,83.11,83.27,82.9901,83.22,27489
2012-02-13 11:15:00,83.22,83.37,83.07,83.33,100524
2012-02-13 11:30:00,83.33,83.67,83.33,83.65,20895
2012-02-13 11:45:00,83.65,83.87,83.64,83.66,31832
2012-02-13 12:00:00,83.67,83.84,83.64,83.7,22450
2012-02-13 12:15:00,83.7,83.8,83.63,83.8,19586
2012-02-13 12:30:00,83.81,83.92,83.79,83.91,10720
2012-02-13 12:45:00,83.92,83.98,83.88,83.93,23445
2012-02-13 13:00:00,83.93,83.99,83.79,83.86,49997
2012-02-13 13:15:00,83.9,83.99,83.81,83.99,34739
2012-02-13 13:30:00,83.94,83.97,83.71,83.75,25495
2012-02-13 13:45:00,83.76,83.76,83.61,83.75,20240
2012-02-13 14:00:00,83.75,83.81,83.63,83.71,17791
2012-02-13 14:15:00,83.67,83.69,83.58,83.65,17588
2012-02-13 14:30:00,83.63,83.64,83.47,83.47,27187
2012-02-13 14:45:00,83.48,83.59,83.43,83.49,24062
2012-02-13 15:00:00,83.53,83.53,83.39,83.4,24693
2012-02-13 15:15:00,83.39,83.41,83.35,83.38,23835
2012-02-13 15:30:00,83.37,83.38,83.28,83.3,45643
2012-02-13 15:45:00,83.28,83.33,83.19,83.25,69676
2012-02-13 16:00:00,83.23,83.26,83.08,83.19,140611
2012-02-14 09:45:00,83.1,83.25,82.98,83.16,70497
2012-02-14 10:00:00,83.17,83.46,83.07,83.46,67816
2012-02-14 10:15:00,83.45,83.47,83.12,83.21,95276
2012-02-14 10:30:00,83.21,83.3,83.16,83.23,24952
2012-02-14 10:45:00,83.23,83.3,83.16,83.22,22847
2012-02-14 11:00:00,83.23,83.29,83.17,83.24,23454
2012-02-14 11:15:00,83.245,83.32,83.21,83.24,45464
2012-02-14 11:30:00,83.249,83.31,83.15,83.23,48728
2012-02-14 11:45:00,83.24,83.28,83.17,83.18,34810
2012-02-14 12:00:00,83.18,83.3,83.18,83.27,48222
2012-02-14 12:15:00,83.27,83.48,83.23,83.47,65381
2012-02-14 12:30:00,83.47,83.478,83.4,83.43,25677
2012-02-14 12:45:00,83.43,83.43,83.3499,83.42,18602
2012-02-14 13:00:00,83.43,83.59,83.43,83.58,29150
2012-02-14 13:15:00,83.58,83.69,83.49,83.69,15262
2012-02-14 13:30:00,83.67,83.69,83.646,83.68,25749
2012-02-14 13:45:00,83.69,83.69,83.64,83.68,12760
2012-02-14 14:00:00,83.68,83.72,83.678,83.71,20533
2012-02-14 14:15:00,83.72,83.85,83.72,83.82,29131
2012-02-14 14:30:00,83.82,83.8499,83.74,83.76,29301
2012-02-14 14:45:00,83.75,83.75,83.63,83.64,9300
2012-02-14 15:00:00,83.65,83.73,83.53,83.71,13158
2012-02-14 15:15:00,83.7,83.79,83.64,83.65,18505
2012-02-14 15:30:00,83.65,83.71,83.52,83.54,23600
2012-02-14 15:45:00,83.52,83.7,83.42,83.7,64016
2012-02-14 16:00:00,83.69,84.01,83.69,84.0,99372
2012-02-15 09:45:00,84.0,84.21,83.37,83.59,70432
2012-02-15 10:00:00,83.61,83.82,83.25,83.42,54894
2012-02-15 10:15:00,83.43,83.55,83.33,83.37,33884
2012-02-15 10:30:00,83.35,83.36,83.1,83.1,30650
2012-02-15 10:45:00,83.12,83.29,83.11,83.25,34683
2012-02-15 11:00:00,83.27,83.32,83.21,83.215,22887
2012-02-15 11:15:00,83.21,83.44,83.18,83.37,28181
2012-02-15 11:30:00,83.36,83.4504,83.21,83.4504,37103
2012-02-15 11:45:00,83.48,83.68,83.455,83.68,14511
2012-02-15 12:00:00,83.68,83.7,83.59,83.65,10069
2012-02-15 12:15:00,83.63,83.65,83.48,83.495,13434
2012-02-15 12:30:00,83.5,83.57,83.49,83.56,16367
2012-02-15 12:45:00,83.55,83.58,83.48,83.51,35201
2012-02-15 13:00:00,83.48,83.54,83.38,83.4,36124
2012-02-15 13:15:00,83.4,83.4,83.16,83.16,27681
2012-02-15 13:30:00,83.16,83.33,83.16,83.28,23980
2012-02-15 13:45:00,83.26,83.26,83.15,83.2,13135
2012-02-15 14:00:00,83.2,83.325,83.195,83.315,16850
2012-02-15 14:15:00,83.32,83.36,83.17,83.185,40387
2012-02-15 14:30:00,83.185,83.21,83.03,83.14,49328
2012-02-15 14:45:00,83.15,83.155,83.07,83.15,53805
2012-02-15 15:00:00,83.15,83.28,83.0,83.07,44578
2012-02-15 15:15:00,83.07,83.25,83.04,83.22,52292
2012-02-15 15:30:00,83.22,83.37,83.215,83.33,62121
2012-02-15 15:45:00,83.34,83.43,83.32,83.4,62153
2012-02-15 16:00:00,83.41,83.64,83.32,83.41,124345
2012-02-16 09:45:00,83.66,84.95,83.66,84.52,94542
2012-02-16 10:00:00,84.52,85.11,84.49,84.98,172511
2012-02-16 10:15:00,84.98,85.03,84.66,84.86,84044
2012-02-16 10:30:00,84.86,84.93,84.68,84.7801,105261
2012-02-16 10:45:00,84.82,85.05,84.79,84.97,66555
2012-02-16 11:00:00,84.97,84.98,84.59,84.59,49018
2012-02-16 11:15:00,84.585,84.68,84.39,84.48,70388
2012-02-16 11:30:00,84.49,84.8291,84.49,84.8291,52682
2012-02-16 11:45:00,84.825,85.01,84.8,84.985,40054
2012-02-16 12:00:00,84.985,85.01,84.85,84.9,49419
2012-02-16 12:15:00,84.9001,84.93,84.79,84.86,25301
2012-02-16 12:30:00,84.85,84.87,84.7,84.7,16005
2012-02-16 12:45:00,84.72,84.74,84.63,84.66,45240
2012-02-16 13:00:00,84.65,84.76,84.64,84.69,27578
2012-02-16 13:15:00,84.67,84.8,84.66,84.79,31832
2012-02-16 13:30:00,84.79,84.79,84.73,84.74,23296
2012-02-16 13:45:00,84.7499,84.78,84.67,84.67,18398
2012-02-16 14:00:00,84.68,84.78,84.68,84.74,18843
2012-02-16 14:15:00,84.74,84.75,84.694,84.7,18902
2012-02-16 14:30:00,84.7,84.72,84.605,84.605,27135
2012-02-16 14:45:00,84.59,84.67,84.52,84.55,45959
2012-02-16 15:00:00,84.55,84.56,84.47,84.51,102123
2012-02-16 15:15:00,84.51,84.56,84.49,84.5,54044
2012-02-16 15:30:00,84.51,84.65,84.5,84.64,36582
2012-02-16 15:45:00,84.64,84.65,84.5,84.58,50866
2012-02-16 16:00:00,84.57,84.65,84.48,84.55,145435
2012-02-17 09:45:00,84.55,85.18,84.55,84.75,183738
2012-02-17 10:00:00,84.77,84.92,84.65,84.86,30480
2012-02-17 10:15:00,84.84,84.95,84.71,84.95,23960
2012-02-17 10:30:00,84.99,85.0,84.77,84.78,19865
2012-02-17 10:45:00,84.79,84.83,84.48,84.5,24245
2012-02-17 11:00:00,84.49,84.61,84.37,84.44,31310
2012-02-17 11:15:00,84.45,84.49,84.26,84.44,26839
2012-02-17 11:30:00,84.47,84.6,84.43,84.49,30533
2012-02-17 11:45:00,84.48,84.54,84.35,84.4404,13892
2012-02-17 12:00:00,84.44,84.46,84.25,84.33,46374
2012-02-17 12:15:00,84.35,84.35,84.23,84.25,12812
2012-02-17 12:30:00,84.23,84.28,84.2,84.2399,12096
2012-02-17 12:45:00,84.25,84.2856,84.2,84.23,7040
2012-02-17 13:00:00,84.22,84.25,84.17,84.25,12208
2012-02-17 13:15:00,84.26,84.39,84.25,84.38,7500
2012-02-17 13:30:00,84.38,84.42,84.36,84.38,6792
2012-02-17 13:45:00,84.37,84.48,84.35,84.46,12459
2012-02-17 14:00:00,84.46,84.46,84.37,84.37,11158
2012-02-17 14:15:00,84.37,84.41,84.31,84.4,16248
2012-02-17 14:30:00,84.405,84.47,84.3502,84.37,14377
2012-02-17 14:45:00,84.37,84.405,84.36,84.37,17050
2012-02-17 15:00:00,84.37,84.47,84.35,84.47,18417
2012-02-17 15:15:00,84.48,84.48,84.42,84.46,16600
2012-02-17 15:30:00,84.47,84.61,84.4503,84.61,74120
2012-02-17 15:45:00,84.6,84.67,84.53,84.61,30763
2012-02-17 16:00:00,84.6,84.66,84.53,84.55,75541
2012-02-21 09:45:00,84.46,84.63799999999999,84.02,84.512,43868
2012-02-21 10:00:00,84.51,84.52,83.97,84.09,30776
2012-02-21 10:15:00,84.07,84.27,84.05,84.27,31718
2012-02-21 10:30:00,84.24,84.31,84.1,84.27,37329
2012-02-21 10:45:00,84.27,84.45,84.2404,84.44,25422
2012-02-21 11:00:00,84.46,84.55,84.39,84.55,19431
2012-02-21 11:15:00,84.54,84.55,84.42,84.42,20636
2012-02-21 11:30:00,84.425,84.58,84.42,84.56,22641
2012-02-21 11:45:00,84.56,84.6,84.53,84.55,35560
2012-02-21 12:00:00,84.56,84.68,84.54,84.68,17236
2012-02-21 12:15:00,84.69,84.83,84.69,84.79,21225
2012-02-21 12:30:00,84.8,84.8292,84.76,84.7982,28216
2012-02-21 12:45:00,84.79,84.84,84.78,84.78,14769
2012-02-21 13:00:00,84.8,84.87,84.77,84.87,19237
2012-02-21 13:15:00,84.86,84.87,84.77,84.79,28146
2012-02-21 13:30:00,84.79,84.84,84.77,84.84,24803
2012-02-21 13:45:00,84.86,84.86,84.76,84.83,34853
2012-02-21 14:00:00,84.84,84.88,84.76,84.8,23763
2012-02-21 14:15:00,84.8,84.85,84.76,84.84,46875
2012-02-21 14:30:00,84.84,84.88,84.81,84.845,38049
2012-02-21 14:45:00,84.85,84.85,84.48,84.52,93648
2012-02-21 15:00:00,84.51,84.52,84.15,84.5,53696
2012-02-21 15:15:00,84.5,84.53,84.43,84.47,21028
2012-02-21 15:30:00,84.46,84.46,84.33,84.44,18055
2012-02-21 15:45:00,84.45,84.51899999999999,84.35,84.48,36284
2012-02-21 16:00:00,84.49,84.61,84.44,84.46,85095
2012-02-22 09:45:00,84.23,85.08,84.22,85.04,38112
2012-02-22 10:00:00,85.04,85.06,84.7,84.79,28573
2012-02-22 10:15:00,84.78,84.985,84.51,84.94,24493
2012-02-22 10:30:00,84.93,84.99,84.49,84.53,25355
2012-02-22 10:45:00,84.52,84.63,84.4,84.45,37890
2012-02-22 11:00:00,84.46,84.62,84.41,84.51,59677
2012-02-22 11:15:00,84.52,84.6,84.39,84.39,36666
2012-02-22 11:30:00,84.38,84.53,84.37,84.4901,12065
2012-02-22 11:45:00,84.51,84.55,84.42,84.43,15351
2012-02-22 12:00:00,84.44,84.5,84.38,84.38,42354
2012-02-22 12:15:00,84.39,84.41,84.27,84.33,10152
2012-02-22 12:30:00,84.35,84.5,84.28,84.49,10985
2012-02-22 12:45:00,84.49,84.54,84.45,84.46,19770
2012-02-22 13:00:00,84.46,84.54,84.46,84.535,14861
2012-02-22 13:15:00,84.56,84.56,84.45,84.46,22712
2012-02-22 13:30:00,84.46,84.61,84.46,84.61,69435
2012-02-22 13:45:00,84.61,84.89,84.58,84.84,106504
2012-02-22 14:00:00,84.89,85.01,84.82,84.82,39275
2012-02-22 14:15:00,84.82,84.915,84.75,84.91,9693
2012-02-22 14:30:00,84.91,84.94,84.7328,84.7328,9796
2012-02-22 14:45:00,84.73,84.75,84.52,84.56,16992
2012-02-22 15:00:00,84.55,84.62,84.48,84.57,35912
2012-02-22 15:15:00,84.56,84.89,84.51,84.88,25160
2012-02-22 15:30:00,84.88,84.88,84.76,84.79,17486
2012-02-22 15:45:00,84.79,84.9,84.7101,84.79,22103
2012-02-22 16:00:00,84.79,84.79,84.62,84.76,58032
2012-02-23 09:45:00,84.69,85.09,84.4,85.08,46151
2012-02-23 10:00:00,85.04,85.1,84.79,84.8,65806
2012-02-23 10:15:00,84.8,84.855,84.57,84.58,23858
2012-02-23 10:30:00,84.58,84.755,84.57,84.71,29185
2012-02-23 10:45:00,84.72,85.11,84.71,85.065,32700
2012-02-23 11:00:00,85.0699,85.44,84.7,85.43,40155
2012-02-23 11:15:00,85.44,85.62,85.3099,85.6,51730
2012-02-23 11:30:00,85.6,85.7,85.47,85.49,93290
2012-02-23 11:45:00,85.49,85.49,85.32,85.36,94809
2012-02-23 12:00:00,85.36,85.48,85.33,85.3828,46434
2012-02-23 12:15:00,85.38,85.55,85.35,85.51,56477
2012-02-23 12:30:00,85.515,85.66,85.5,85.54,32890
2012-02-23 12:45:00,85.56,85.75,85.54,85.75,29030
2012-02-23 13:00:00,85.74,85.75,85.52,85.74,14662
2012-02-23 13:15:00,85.72,85.85,85.64,85.8,72524
2012-02-23 13:30:00,85.8,86.135,85.8,86.13,65620
2012-02-23 13:45:00,86.13,86.2,86.02,86.11,61023
2012-02-23 14:00:00,86.12,86.21,85.94,86.01,66020
2012-02-23 14:15:00,86.01,86.06,85.885,85.9742,32376
2012-02-23 14:30:00,85.97,85.98,85.76,85.89,66620
2012-02-23 14:45:00,85.88,85.94,85.82,85.87,38384
2012-02-23 15:00:00,85.89,86.3,85.87,86.3,87557
2012-02-23 15:15:00,86.3,86.35,86.13,86.2,74034
2012-02-23 15:30:00,86.21,86.59,86.21,86.47,95848
2012-02-23 15:45:00,86.46,86.48,86.21,86.28,97985
2012-02-23 16:00:00,86.28,86.43,86.22,86.4,188228
2012-02-24 09:45:00,86.33,86.689,85.93,86.08,61586
2012-02-24 10:00:00,86.06,86.065,85.58,85.6704,55947
2012-02-24 10:15:00,85.58,85.7,85.39,85.58,38015
2012-02-24 10:30:00,85.59,85.85,85.51,85.845,109528
2012-02-24 10:45:00,85.84,85.845,85.52,85.67,25609
2012-02-24 11:00:00,85.65,85.76,85.52,85.6,38672
2012-02-24 11:15:00,85.57,86.0,85.57,86.0,62050
2012-02-24 11:30:00,86.0,86.49,86.0,86.4102,23737
2012-02-24 11:45:00,86.41,86.47,86.3002,86.41,20301
2012-02-24 12:00:00,86.43,86.46,86.37,86.4325,15453
2012-02-24 12:15:00,86.44,86.47,86.38,86.44,21031
2012-02-24 12:30:00,86.44,86.72,86.4366,86.59,49194
2012-02-24 12:45:00,86.59,86.6,86.46,86.5,16238
2012-02-24 13:00:00,86.49,86.55,86.45,86.55,18007
2012-02-24 13:15:00,86.55,86.59,86.5,86.52,19045
2012-02-24 13:30:00,86.47,86.47,86.26,86.26,10737
2012-02-24 13:45:00,86.25,86.27,85.96,85.96,84878
2012-02-24 14:00:00,85.96,86.01,85.8,85.82,34145
2012-02-24 14:15:00,85.83,85.86,85.71,85.81,35110
2012-02-24 14:30:00,85.81,85.85,85.77,85.81,29288
2012-02-24 14:45:00,85.82,85.84,85.76,85.81,25046
2012-02-24 15:00:00,85.78,85.86,85.69,85.81,91581
2012-02-24 15:15:00,85.81,85.958,85.75,85.8,31449
2012-02-24 15:30:00,85.794,85.835,85.72,85.77,58243
2012-02-24 15:45:00,85.76,85.87,85.67,85.84,38328
2012-02-24 16:00:00,85.84,85.84,85.59,85.67,52262
2012-02-27 09:45:00,85.2,85.54899999999999,85.2,85.34,22671
2012-02-27 10:00:00,85.33,85.74,85.3,85.74,86228
2012-02-27 10:15:00,85.7,85.98,85.55,85.64,41646
2012-02-27 10:30:00,85.62,85.65,85.57,85.63,23368
2012-02-27 10:45:00,85.64,85.68,85.62,85.66,26184
2012-02-27 11:00:00,85.68,85.75,85.31,85.35,25706
2012-02-27 11:15:00,85.34,85.55,85.34,85.535,45839
2012-02-27 11:30:00,85.54,86.16,85.54,86.09,71115
2012-02-27 11:45:00,86.1,86.1795,86.05,86.05,15813
2012-02-27 12:00:00,86.08,86.08,85.76,85.78,15409
2012-02-27 12:15:00,85.78,85.84,85.74,85.74,10749
2012-02-27 12:30:00,85.75,85.86,85.67,85.85,43450
2012-02-27 12:45:00,85.83,85.84,85.73,85.7699,43328
2012-02-27 13:00:00,85.78,86.0188,85.76,85.86,9766
2012-02-27 13:15:00,85.86,85.86,85.61,85.61,8300
2012-02-27 13:30:00,85.62,85.69,85.555,85.59,16286
2012-02-27 13:45:00,85.58,85.66,85.57,85.63,20279
2012-02-27 14:00:00,85.61,85.67,85.42,85.43,33284
2012-02-27 14:15:00,85.44,85.61,85.44,85.5,22952
2012-02-27 14:30:00,85.5,85.61,85.43,85.6,15697
2012-02-27 14:45:00,85.62,85.62,85.46,85.56,13976
2012-02-27 15:00:00,85.56,85.6,85.47,85.51,15877
2012-02-27 15:15:00,85.51,85.66,85.51,85.58,25527
2012-02-27 15:30:00,85.58,85.69,85.48,85.68,23433
2012-02-27 15:45:00,85.69,85.74,85.66,85.72,26102
2012-02-27 16:00:00,85.715,85.805,85.67,85.7,83597
2012-02-28 09:45:00,86.0,86.5402,85.765,86.22,45738
2012-02-28 10:00:00,86.27,86.52,86.14,86.49,59639
2012-02-28 10:15:00,86.69,86.69,86.36,86.55,21690
2012-02-28 10:30:00,86.54,86.86,86.54,86.73,29928
2012-02-28 10:45:00,86.75,86.97,86.75,86.88,36705
2012-02-28 11:00:00,86.94,87.0,86.84,86.92,107051
2012-02-28 11:15:00,86.91,87.1,86.84,86.84,148752
2012-02-28 11:30:00,86.8366,86.8366,86.68,86.83,32735
2012-02-28 11:45:00,86.83,86.85,86.78,86.85,30091
2012-02-28 12:00:00,86.85,86.89,86.65,86.68,117077
2012-02-28 12:15:00,86.6477,86.79,86.55,86.78,49042
2012-02-28 12:30:00,86.79,86.92,86.78,86.905,23283
2012-02-28 12:45:00,86.89,87.01,86.86,86.86,17756
2012-02-28 13:00:00,86.87,87.135,86.84,87.135,20078
2012-02-28 13:15:00,87.135,87.16,87.04,87.05,23494
2012-02-28 13:30:00,87.05,87.06,86.94,87.0,18170
2012-02-28 13:45:00,86.97,87.0608,86.96,87.04,22403
2012-02-28 14:00:00,87.05,87.065,86.68,86.81,24349
2012-02-28 14:15:00,86.81,86.82,86.7,86.75,36562
2012-02-28 14:30:00,86.75,86.75,86.54,86.565,39176
2012-02-28 14:45:00,86.57,86.75,86.57,86.73,27430
2012-02-28 15:00:00,86.74,86.74,86.66,86.66,24810
2012-02-28 15:15:00,86.67,86.8,86.6,86.8,42536
2012-02-28 15:30:00,86.81,87.145,86.81,87.14,22049
2012-02-28 15:45:00,87.14,87.34,87.12,87.33,50637
2012-02-28 16:00:00,87.34,87.36,87.25,87.34,79644
2012-02-29 09:45:00,87.05,87.05,86.6,86.64,70584
2012-02-29 10:00:00,86.65,86.86,86.63,86.78,62260
2012-02-29 10:15:00,86.78,86.78,86.36,86.4742,31581
2012-02-29 10:30:00,86.47,86.71,86.33,86.48,17702
2012-02-29 10:45:00,86.47,86.63,86.45,86.6,43174
2012-02-29 11:00:00,86.59,86.62,86.42,86.52,23395
2012-02-29 11:15:00,86.52,86.55,86.39,86.46,21802
2012-02-29 11:30:00,86.48,86.63,86.48,86.53,27362
2012-02-29 11:45:00,86.53,86.65,86.51,86.6,34959
2012-02-29 12:00:00,86.6,86.72,86.56,86.63,33387
2012-02-29 12:15:00,86.64,86.68,86.56,86.62,12074
2012-02-29 12:30:00,86.61,86.77,86.61,86.77,17017
2012-02-29 12:45:00,86.77,86.79,86.54,86.57,22492
2012-02-29 13:00:00,86.59,86.6,86.53,86.54,17941
2012-02-29 13:15:00,86.55,86.82,86.54,86.78,13031
2012-02-29 13:30:00,86.78,86.78,86.65,86.72,20600
2012-02-29 13:45:00,86.73,86.735,86.52,86.6,36911
2012-02-29 14:00:00,86.62,86.8,86.54,86.78,22714
2012-02-29 14:15:00,86.76,86.805,86.6,86.61,20368
2012-02-29 14:30:00,86.62,86.7,86.525,86.64,25359
2012-02-29 14:45:00,86.6399,86.64,86.51,86.61,26108
2012-02-29 15:00:00,86.61,86.66,86.48,86.63,25211
2012-02-29 15:15:00,86.62,86.73,86.6,86.73,37788
2012-02-29 15:30:00,86.73,86.77,86.62,86.65,38257
2012-02-29 15:45:00,86.59,86.7,86.58,86.6102,47581
2012-02-29 16:00:00,86.6,86.685,86.49,86.5,107220
2012-03-01 09:45:00,86.64,87.33,86.64,87.0,69754
2012-03-01 10:00:00,87.01,87.32,86.91,86.92,68495
2012-03-01 10:15:00,86.92,87.04,86.75,86.8,29712
2012-03-01 10:30:00,86.8,86.8,86.59,86.7,29173
2012-03-01 10:45:00,86.7,86.72399999999999,86.55,86.64,12282
2012-03-01 11:00:00,86.63799999999999,86.68,86.52,86.63,10642
2012-03-01 11:15:00,86.62,87.015,86.62,86.98,21683
2012-03-01 11:30:00,86.99,87.09,86.95,87.0,32525
2012-03-01 11:45:00,87.0,87.2,86.97,87.15,29798
2012-03-01 12:00:00,87.16,87.44,87.1,87.4,40501
2012-03-01 12:15:00,87.44,87.598,87.43,87.58,21185
2012-03-01 12:30:00,87.58,87.645,87.44,87.64,54392
2012-03-01 12:45:00,87.63,87.93,87.63,87.88,24316
2012-03-01 13:00:00,87.87,88.03,87.85,87.95,29728
2012-03-01 13:15:00,87.95,87.95,87.74,87.81,15389
2012-03-01 13:30:00,87.8,87.97,87.74,87.76,19074
2012-03-01 13:45:00,87.78,87.84,87.73,87.74,17123
2012-03-01 14:00:00,87.77,87.8,87.61,87.67,18400
2012-03-01 14:15:00,87.67,87.72,87.63,87.68,25066
2012-03-01 14:30:00,87.69,87.82,87.67,87.81,63176
2012-03-01 14:45:00,87.82,87.85,87.8,87.82,44709
2012-03-01 15:00:00,87.8,87.84,87.71,87.81,48981
2012-03-01 15:15:00,87.81,87.9275,87.75,87.82,32296
2012-03-01 15:30:00,87.84,87.84,87.53,87.78,53254
2012-03-01 15:45:00,87.77,88.05,87.74,88.0,62588
2012-03-01 16:00:00,87.99,88.18,87.98,88.07,89981
2012-03-02 09:45:00,88.01,88.71,88.01,88.51,53330
2012-03-02 10:00:00,88.4701,88.71,88.28,88.31,19838
2012-03-02 10:15:00,88.32,88.575,88.26,88.5375,23335
2012-03-02 10:30:00,88.54,88.641,88.34,88.35,15017
2012-03-02 10:45:00,88.35,88.46,88.1,88.1,58167
2012-03-02 11:00:00,88.11,88.11,87.88,87.88,25183
2012-03-02 11:15:00,87.92,88.03,87.7677,87.89,34132
2012-03-02 11:30:00,87.93,88.22,87.9,88.15,12520
2012-03-02 11:45:00,88.15,88.35,88.03,88.06,17227
2012-03-02 12:00:00,88.06,88.065,87.7452,87.78,24125
2012-03-02 12:15:00,87.76,88.01,87.7,88.0,10393
2012-03-02 12:30:00,88.0,88.02,87.82600000000001,87.944,14154
2012-03-02 12:45:00,87.96,88.11,87.89,88.09,26731
2012-03-02 13:00:00,88.1,88.14,88.02,88.1,8294
2012-03-02 13:15:00,88.1,88.19,87.9617,87.9617,9067
2012-03-02 13:30:00,87.98,88.065,87.88,87.95,23118
2012-03-02 13:45:00,87.96,88.18,87.96,88.16,13386
2012-03-02 14:00:00,88.18,88.24,88.04,88.24,29209
2012-03-02 14:15:00,88.24,88.24,88.15,88.17,7869
2012-03-02 14:30:00,88.16,88.24,88.16,88.24,7962
2012-03-02 14:45:00,88.23,88.25,88.1738,88.24,13872
2012-03-02 15:00:00,88.24,88.32,88.23,88.32,14331
2012-03-02 15:15:00,88.3,88.33,88.27,88.32,13387
2012-03-02 15:30:00,88.3235,88.4,88.295,88.38,18164
2012-03-02 15:45:00,88.38,88.46,88.32,88.33,18465
2012-03-02 16:00:00,88.32,88.42,88.305,88.35,65378
2012-03-05 09:45:00,88.33,88.95,88.31,88.37,22812
2012-03-05 10:00:00,88.37,88.59,88.36,88.43,23289
2012-03-05 10:15:00,88.43,89.11,88.43,88.97,42635
2012-03-05 10:30:00,89.02,89.17,88.77,89.1,28137
2012-03-05 10:45:00,89.06,89.09,88.96,89.05,30397
2012-03-05 11:00:00,89.05,89.38,89.0,89.35,44197
2012-03-05 11:15:00,89.35,89.79,89.35,89.78,72383
2012-03-05 11:30:00,89.77,89.8343,89.32,89.4,48808
2012-03-05 11:45:00,89.4,89.47,89.24,89.35,35810
2012-03-05 12:00:00,89.34,89.38,89.165,89.3,22961
2012-03-05 12:15:00,89.3,89.47,89.22,89.43,32650
2012-03-05 12:30:00,89.43,89.43,89.17,89.29,11378
2012-03-05 12:45:00,89.3,89.34,89.25,89.28,10991
2012-03-05 13:00:00,89.28,89.38,89.2,89.38,10834
2012-03-05 13:15:00,89.37,89.58,89.36,89.56,18310
2012-03-05 13:30:00,89.565,89.61,89.4013,89.6,18298
2012-03-05 13:45:00,89.62,89.62,89.38,89.45,18798
2012-03-05 14:00:00,89.45,89.46,89.2519,89.41,15882
2012-03-05 14:15:00,89.41,89.58,89.41,89.5,52294
2012-03-05 14:30:00,89.47,89.51,89.37,89.44,23387
2012-03-05 14:45:00,89.45,89.59,89.32,89.59,15176
2012-03-05 15:00:00,89.61,89.78,89.55,89.77,18239
2012-03-05 15:15:00,89.7566,89.905,89.75,89.88,38793
2012-03-05 15:30:00,89.87,89.98,89.83,89.93,40942
2012-03-05 15:45:00,89.92,89.98,89.8,89.85,49771
2012-03-05 16:00:00,89.85,89.88,89.73,89.84,59845
2012-03-06 09:45:00,89.17,90.07,89.1,90.07,54718
2012-03-06 10:00:00,90.12,90.16,89.84,89.88,29151
2012-03-06 10:15:00,89.86,90.085,89.74,90.02,53598
2012-03-06 10:30:00,89.98,90.02,89.8,89.99,33718
2012-03-06 10:45:00,89.96,90.11,89.89,89.98,32575
2012-03-06 11:00:00,89.97,90.0,89.52,89.55,29392
2012-03-06 11:15:00,89.55,89.55,89.31,89.33,30701
2012-03-06 11:30:00,89.31,89.32,89.2,89.24,26281
2012-03-06 11:45:00,89.23,89.35,89.2,89.28,16480
2012-03-06 12:00:00,89.27,89.35,89.2,89.22,16076
2012-03-06 12:15:00,89.21,89.33,89.19,89.21,85373
2012-03-06 12:30:00,89.17,89.31,89.15,89.21,11530
2012-03-06 12:45:00,89.2,89.33,89.2,89.3,7400
2012-03-06 13:00:00,89.3,89.4,89.2702,89.4,14318
2012-03-06 13:15:00,89.41,89.4796,89.34,89.345,9731
2012-03-06 13:30:00,89.35,89.37,89.27,89.34,10200
2012-03-06 13:45:00,89.34,89.42,89.34,89.37,8745
2012-03-06 14:00:00,89.3638,89.43,89.35,89.36,24732
2012-03-06 14:15:00,89.35,89.46,89.35,89.44,15967
2012-03-06 14:30:00,89.43,89.46,89.37,89.41,16917
2012-03-06 14:45:00,89.39,89.41,89.22,89.29,14305
2012-03-06 15:00:00,89.28,89.35,89.2042,89.22,12223
2012-03-06 15:15:00,89.18,89.4,89.18,89.37,13943
2012-03-06 15:30:00,89.39,89.45,89.32,89.32,16212
2012-03-06 15:45:00,89.32,89.4399,89.18,89.3,30336
2012-03-06 16:00:00,89.28,89.43,89.25,89.34,50071
2012-03-07 09:45:00,89.5,89.63,89.1,89.28,41392
2012-03-07 10:00:00,89.31,89.32,89.13,89.24,19619
2012-03-07 10:15:00,89.24,89.25,89.02,89.03,15411
2012-03-07 10:30:00,89.02,89.2976,88.98,89.29,62884
2012-03-07 10:45:00,89.3,89.5,89.2801,89.4044,34004
2012-03-07 11:00:00,89.36,89.45,89.36,89.44,16429
2012-03-07 11:15:00,89.46,89.8,89.43,89.73,13269
2012-03-07 11:30:00,89.76,89.84,89.6401,89.6701,16896
2012-03-07 11:45:00,89.72,89.73200000000001,89.52799999999999,89.67,52725
2012-03-07 12:00:00,89.67,89.73,89.62,89.69,13404
2012-03-07 12:15:00,89.7,89.9572,89.7,89.92,14811
2012-03-07 12:30:00,89.94,89.99,89.85,89.85,16585
2012-03-07 12:45:00,89.84,89.91,89.8,89.81,20657
2012-03-07 13:00:00,89.82,90.0,89.82,89.99,11105
2012-03-07 13:15:00,89.99,90.07,89.99,90.03,16048
2012-03-07 13:30:00,90.03,90.17,90.01,90.15,11242
2012-03-07 13:45:00,90.14,90.16,90.08,90.12,17004
2012-03-07 14:00:00,90.11,90.2,90.055,90.178,19225
2012-03-07 14:15:00,90.17,90.23,90.14,90.18,19158
2012-03-07 14:30:00,90.19,90.31,90.17,90.29,19883
2012-03-07 14:45:00,90.3,90.3,90.07,90.195,24644
2012-03-07 15:00:00,90.19,90.3,90.13,90.1899,73517
2012-03-07 15:15:00,90.16,90.22,90.05,90.21,75795
2012-03-07 15:30:00,90.22,90.22,90.06,90.14,31173
2012-03-07 15:45:00,90.14,90.23,90.12,90.16,40451
2012-03-07 16:00:00,90.17,90.23,90.03,90.1,82188
2012-03-08 09:45:00,90.27,90.59,89.95,90.56200000000001,36101
2012-03-08 10:00:00,90.52,90.94,90.52,90.772,26004
2012-03-08 10:15:00,90.78,90.84,90.56,90.6,16662
2012-03-08 10:30:00,90.62,90.77,90.52,90.65,19123
2012-03-08 10:45:00,90.7,90.9,90.7,90.83,17731
2012-03-08 11:00:00,90.83,90.83,90.73,90.74,19365
2012-03-08 11:15:00,90.72,90.83,90.691,90.7278,17669
2012-03-08 11:30:00,90.71,90.75399999999999,90.5,90.52,12266
2012-03-08 11:45:00,90.53,90.62,90.5,90.59,15065
2012-03-08 12:00:00,90.58,90.59,90.48,90.5009,10991
2012-03-08 12:15:00,90.5,90.64,90.5,90.57,13919
2012-03-08 12:30:00,90.58,90.59,90.5,90.5,9950
2012-03-08 12:45:00,90.49,90.4999,90.38,90.38,14179
2012-03-08 13:00:00,90.4,90.5,90.36,90.46,30392
2012-03-08 13:15:00,90.46799999999999,90.46799999999999,90.28,90.39,11478
2012-03-08 13:30:00,90.41,90.65,90.4,90.61,8508
2012-03-08 13:45:00,90.6,90.66,90.58,90.605,7386
2012-03-08 14:00:00,90.61,90.64,90.55,90.56,4621
2012-03-08 14:15:00,90.56,90.64,90.53,90.55,13725
2012-03-08 14:30:00,90.55,90.56,90.33,90.39299999999999,20586
2012-03-08 14:45:00,90.4,90.44,90.32,90.36,9941
2012-03-08 15:00:00,90.36,90.39,90.24,90.31,53529
2012-03-08 15:15:00,90.3,90.375,90.19,90.24,52577
2012-03-08 15:30:00,90.24,90.335,90.21,90.24,27015
2012-03-08 15:45:00,90.25,90.29,90.09,90.1,71360
2012-03-08 16:00:00,90.1,90.12,89.89,89.97,176772
2012-03-09 09:45:00,90.28,90.2886,89.83,89.85,40461
2012-03-09 10:00:00,89.85,90.0,89.85,89.91,16680
2012-03-09 10:15:00,89.87,90.06,89.75,89.99,46139
2012-03-09 10:30:00,89.99,90.06,89.94,90.04,65902
2012-03-09 10:45:00,90.04,90.1,89.93,89.97,27414
2012-03-09 11:00:00,89.97,90.03,89.96,89.97,28436
2012-03-09 11:15:00,89.97,90.04,89.95,89.99,24905
2012-03-09 11:30:00,89.99,90.04,89.95,89.98,15302
2012-03-09 11:45:00,89.97,90.09,89.955,90.09,46465
2012-03-09 12:00:00,90.08,90.2183,90.07,90.2183,18299
2012-03-09 12:15:00,90.21,90.27,90.08,90.26,31326
2012-03-09 12:30:00,90.22,90.29,90.21,90.29,4739
2012-03-09 12:45:00,90.28,90.29,89.97,89.97,41948
2012-03-09 13:00:00,89.97,90.29,89.97,90.26,7800
2012-03-09 13:15:00,90.27,90.32,90.26,90.29,13000
2012-03-09 13:30:00,90.28,90.3,90.16,90.25,9266
2012-03-09 13:45:00,90.28,90.45,90.28,90.43,6700
2012-03-09 14:00:00,90.41,90.42,90.265,90.29,17868
2012-03-09 14:15:00,90.32,90.5,90.32,90.49,16201
2012-03-09 14:30:00,90.49,90.61,90.39,90.41,111501
2012-03-09 14:45:00,90.42,90.68,90.41,90.59,20445
2012-03-09 15:00:00,90.59,90.63,90.34,90.38,19995
2012-03-09 15:15:00,90.39,90.48,90.35,90.4,23218
2012-03-09 15:30:00,90.4,90.42,90.3,90.36,19271
2012-03-09 15:45:00,90.36,90.45,90.3,90.44,36082
2012-03-09 16:00:00,90.44,90.46,90.36,90.39,73013
2012-03-12 09:45:00,90.46,90.53,90.08,90.27,33884
2012-03-12 10:00:00,90.27,90.33,90.13,90.16,18701
2012-03-12 10:15:00,90.15,90.33,90.14,90.27,27102
2012-03-12 10:30:00,90.26,90.33,90.11,90.15,24120
2012-03-12 10:45:00,90.15,90.28,90.04,90.28,65118
2012-03-12 11:00:00,90.26,90.33,90.22,90.25,24738
2012-03-12 11:15:00,90.23,90.24,90.02,90.08,21850
2012-03-12 11:30:00,90.07,90.22,90.01,90.21,16500
2012-03-12 11:45:00,90.225,90.27,90.0,90.0222,30300
2012-03-12 12:00:00,90.02,90.04,89.95,90.02,31222
2012-03-12 12:15:00,90.01,90.04,90.0,90.02,27084
2012-03-12 12:30:00,90.03,90.18,90.02,90.1,24527
2012-03-12 12:45:00,90.09,90.17,90.03,90.09,23136
2012-03-12 13:00:00,90.09,90.15,90.07,90.14,12685
2012-03-12 13:15:00,90.155,90.16,90.03,90.04,14149
2012-03-12 13:30:00,90.05,90.23,89.99,90.1068,28947
2012-03-12 13:45:00,90.09,90.17,90.06,90.12,9322
2012-03-12 14:00:00,90.12,90.17,90.06,90.09,20209
2012-03-12 14:15:00,90.1,90.17,90.095,90.15,20676
2012-03-12 14:30:00,90.15,90.15,90.0607,90.09,18832
2012-03-12 14:45:00,90.1,90.14,90.09,90.1,14662
2012-03-12 15:00:00,90.1,90.15,90.03,90.05,59091
2012-03-12 15:15:00,90.06,90.13,90.02,90.11,33858
2012-03-12 15:30:00,90.11,90.12,90.0,90.02,40796
2012-03-12 15:45:00,90.06,90.26,90.06,90.18,38811
2012-03-12 16:00:00,90.18,90.22,89.99,90.05,122509
2012-03-13 09:45:00,90.46,90.85,90.26,90.49,61353
2012-03-13 10:00:00,90.41,90.42,90.01,90.02,25004
2012-03-13 10:15:00,90.01,90.1,89.99,90.01,56540
2012-03-13 10:30:00,90.0,90.03,89.81,89.95,38845
2012-03-13 10:45:00,89.92,89.95,89.68,89.72,20345
2012-03-13 11:00:00,89.7324,89.89,89.7114,89.83,52558
2012-03-13 11:15:00,89.81,89.9,89.57,89.58,21359
2012-03-13 11:30:00,89.56,89.81,89.5504,89.78,15906
2012-03-13 11:45:00,89.78,89.9,89.77,89.86,17812
2012-03-13 12:00:00,89.87,90.0,89.79,89.92,11810
2012-03-13 12:15:00,89.92,89.97,89.88,89.9,8727
2012-03-13 12:30:00,89.88,89.98,89.88,89.91,10362
2012-03-13 12:45:00,89.91,89.93,89.76,89.89,12202
2012-03-13 13:00:00,89.9,90.0,89.83,89.91,19508
2012-03-13 13:15:00,89.93,90.04,89.92,90.0,21310
2012-03-13 13:30:00,90.01,90.06,89.92,89.97,15249
2012-03-13 13:45:00,89.99,89.99,89.81,89.85,33516
2012-03-13 14:00:00,89.87,89.97,89.84,89.86,14884
2012-03-13 14:15:00,89.85,89.86,89.67,89.83,50600
2012-03-13 14:30:00,89.83,89.89,89.73,89.875,32228
2012-03-13 14:45:00,89.86,89.97,89.76,89.86,21924
2012-03-13 15:00:00,89.86,89.93,89.78,89.85,20671
2012-03-13 15:15:00,89.87,90.02,89.8038,89.96,30586
2012-03-13 15:30:00,89.95,90.06,89.91,89.95,35539
2012-03-13 15:45:00,89.96,90.01,89.84,89.96,67320
2012-03-13 16:00:00,89.93,90.09,89.81,90.06,123941
2012-03-14 09:45:00,90.11,90.11,89.97,90.083,25723
2012-03-14 10:00:00,90.088,90.13,90.0,90.05,42685
2012-03-14 10:15:00,90.07,90.21,89.95,90.06,83509
2012-03-14 10:30:00,90.05,90.13,89.97,90.01,36846
2012-03-14 10:45:00,90.01,90.11,89.96,89.98,17489
2012-03-14 11:00:00,90.0,90.12,89.945,90.06,14234
2012-03-14 11:15:00,90.06,90.06,89.96,90.04,9557
2012-03-14 11:30:00,90.0366,90.1,89.99,90.1,14502
2012-03-14 11:45:00,90.1,90.1,89.97,90.0599,19250
2012-03-14 12:00:00,90.03,90.06,89.99,90.01,22785
2012-03-14 12:15:00,90.01,90.04,89.9401,89.9825,35428
2012-03-14 12:30:00,90.01,90.07,90.0,90.03,8155
2012-03-14 12:45:00,90.04,90.12,90.022,90.1,28958
2012-03-14 13:00:00,90.09,90.2,90.09,90.16,9084
2012-03-14 13:15:00,90.16,90.25,90.16,90.2,14098
2012-03-14 13:30:00,90.21,90.27,90.08,90.15,34438
2012-03-14 13:45:00,90.15,90.215,90.12,90.17,16450
2012-03-14 14:00:00,90.16,90.2,90.11,90.18,14937
2012-03-14 14:15:00,90.185,90.205,90.02,90.05,25630
2012-03-14 14:30:00,90.05,90.17,90.0301,90.0801,21806
2012-03-14 14:45:00,90.08,90.12,89.9975,90.1,20549
2012-03-14 15:00:00,90.1,90.15,90.05,90.07,18873
2012-03-14 15:15:00,90.07,90.095,89.98,90.02,44558
2012-03-14 15:30:00,90.04,90.24,89.9705,90.24,56785
2012-03-14 15:45:00,90.24,90.24,90.15,90.21,46072
2012-03-14 16:00:00,90.21,90.25,90.14,90.24,70246
2012-03-15 09:45:00,90.11,90.2,89.9,89.95,33601
2012-03-15 10:00:00,89.99,90.0,89.77,89.779,16952
2012-03-15 10:15:00,89.77,89.82,89.61,89.77,34958
2012-03-15 10:30:00,89.78,90.1,89.78,90.04,36621
2012-03-15 10:45:00,90.0493,90.1,89.94,90.02,22163
2012-03-15 11:00:00,90.02,90.03,89.91,89.99,27902
2012-03-15 11:15:00,90.0,90.02,89.8,89.83,11789
2012-03-15 11:30:00,89.81,89.84,89.68,89.81,28413
2012-03-15 11:45:00,89.82,90.225,89.82,90.22,36716
2012-03-15 12:00:00,90.23,90.28,90.11,90.11,33929
2012-03-15 12:15:00,90.12,90.12,90.0,90.03,18760
2012-03-15 12:30:00,90.025,90.22,90.02,90.1,29611
2012-03-15 12:45:00,90.0866,90.25,90.0866,90.23,15124
2012-03-15 13:00:00,90.22,90.28,90.18,90.23,18245
2012-03-15 13:15:00,90.21,90.3,90.17,90.17,14604
2012-03-15 13:30:00,90.18,90.19,89.9,89.93,21546
2012-03-15 13:45:00,89.97,90.17,89.97,90.17,18806
2012-03-15 14:00:00,90.18,90.18,90.01,90.08,30335
2012-03-15 14:15:00,90.072,90.15,90.07,90.15,29397
2012-03-15 14:30:00,90.14,90.26,90.11,90.24,46866
2012-03-15 14:45:00,90.25,90.3,90.17,90.22,55895
2012-03-15 15:00:00,90.205,90.26,90.11,90.17,31142
2012-03-15 15:15:00,90.21,90.29,90.21,90.25,33950
2012-03-15 15:30:00,90.24,90.31,90.19,90.3,31868
2012-03-15 15:45:00,90.3,90.32,90.18,90.2,51180
2012-03-15 16:00:00,90.2,90.26,90.12,90.19,79570
2012-03-16 09:45:00,89.91,90.16,89.63,89.63,366065
2012-03-16 10:00:00,89.63,89.64,89.41,89.432,23511
2012-03-16 10:15:00,89.45,89.6501,89.43,89.6,65091
2012-03-16 10:30:00,89.6,89.61,89.06,89.34,28979
2012-03-16 10:45:00,89.35,89.47,89.32,89.39,15504
2012-03-16 11:00:00,89.39,89.46,89.35,89.38,12480
2012-03-16 11:15:00,89.37,89.38,89.25,89.31,13091
2012-03-16 11:30:00,89.31,89.34,89.25,89.25,13989
2012-03-16 11:45:00,89.26,89.39,89.25,89.36,17518
2012-03-16 12:00:00,89.36,89.58,89.28,89.56,28036
2012-03-16 12:15:00,89.59,89.6,89.45,89.5,7777
2012-03-16 12:30:00,89.5,89.52,89.45,89.46,5600
2012-03-16 12:45:00,89.46,89.47399999999999,89.35,89.4,8171
2012-03-16 13:00:00,89.39,89.39,89.24,89.241,13325
2012-03-16 13:15:00,89.23,89.28,89.23,89.2502,3810
2012-03-16 13:30:00,89.26,89.31,89.25,89.29,19250
2012-03-16 13:45:00,89.3,89.36,89.3,89.32,9917
2012-03-16 14:00:00,89.32,89.32,89.18,89.24,9624
2012-03-16 14:15:00,89.23200000000001,89.32,89.22,89.31,7488
2012-03-16 14:30:00,89.32,89.4,89.3,89.37,26545
2012-03-16 14:45:00,89.346,89.43,89.34,89.43,6809
2012-03-16 15:00:00,89.4,89.43,89.38,89.39,6890
2012-03-16 15:15:00,89.38,89.38,89.24,89.25,17359
2012-03-16 15:30:00,89.25,89.37,89.23,89.33,15900
2012-03-16 15:45:00,89.33,89.34,89.2,89.23,29247
2012-03-16 16:00:00,89.25,89.25,88.95,89.04,98642
2012-03-19 09:45:00,89.1,89.3193,88.99,89.0,35884
2012-03-19 10:00:00,89.0,89.12,88.97,89.01,21916
2012-03-19 10:15:00,89.05,89.21,88.98,89.15,35702
2012-03-19 10:30:00,89.17,89.17,88.68,88.81,34666
2012-03-19 10:45:00,88.79,89.07,88.77,88.95,105280
2012-03-19 11:00:00,88.95,89.005,88.92,88.96,10065
2012-03-19 11:15:00,88.95,88.96,88.69,88.8,23277
2012-03-19 11:30:00,88.78,88.91,88.7701,88.89,27999
2012-03-19 11:45:00,88.89,89.21,88.88,89.21,23102
2012-03-19 12:00:00,89.19,89.36,89.19,89.35,18245
2012-03-19 12:15:00,89.3,89.55,89.3,89.55,19046
2012-03-19 12:30:00,89.54,89.58,89.47,89.58,22549
2012-03-19 12:45:00,89.58,89.78,89.58,89.71,18520
2012-03-19 13:00:00,89.74,89.745,89.63,89.65,15980
2012-03-19 13:15:00,89.65,89.65,89.52,89.52,13675
2012-03-19 13:30:00,89.53,89.54,89.44,89.5,16278
2012-03-19 13:45:00,89.49,89.53,89.46,89.5,10677
2012-03-19 14:00:00,89.5,89.55,89.47,89.49,10125
2012-03-19 14:15:00,89.49,89.52,89.46,89.5,18841
2012-03-19 14:30:00,89.5,89.51,89.48,89.48,16749
2012-03-19 14:45:00,89.49,89.52,89.48,89.5,21614
2012-03-19 15:00:00,89.5,89.5,89.48,89.49,16906
2012-03-19 15:15:00,89.5,89.5,89.465,89.49,23660
2012-03-19 15:30:00,89.49,89.52,89.45,89.47,30678
2012-03-19 15:45:00,89.47,89.51,89.46,89.48,36122
2012-03-19 16:00:00,89.48,89.52,89.44,89.51,83745
2012-03-20 09:45:00,89.23,90.0,89.1,89.85,29109
2012-03-20 10:00:00,89.89,89.99,89.61,89.67,34057
2012-03-20 10:15:00,89.67,89.78,89.59,89.71,28634
2012-03-20 10:30:00,89.73,89.75,89.66,89.73,29077
2012-03-20 10:45:00,89.75,89.75,89.68,89.68,43350
2012-03-20 11:00:00,89.7,89.74,89.64,89.72,18658
2012-03-20 11:15:00,89.72,89.72,89.67,89.71,11398
2012-03-20 11:30:00,89.71,89.85,89.67,89.84,18672
2012-03-20 11:45:00,89.84,89.93,89.831,89.84,13606
2012-03-20 12:00:00,89.84,89.93,89.79,89.91,12696
2012-03-20 12:15:00,89.91,89.93,89.81,89.81,12117
2012-03-20 12:30:00,89.79,89.89,89.79,89.87,7295
2012-03-20 12:45:00,89.87,89.92,89.87,89.91,29948
2012-03-20 13:00:00,89.91,89.97,89.8619,89.8993,15211
2012-03-20 13:15:00,89.89,89.97,89.84,89.88,42834
2012-03-20 13:30:00,89.88,89.9,89.84,89.8991,14488
2012-03-20 13:45:00,89.9,89.9,89.86,89.9,11779
2012-03-20 14:00:00,89.9,89.9,89.85,89.88799999999999,11620
2012-03-20 14:15:00,89.89,89.9,89.87,89.885,10136
2012-03-20 14:30:00,89.88,89.9,89.87,89.88,38476
2012-03-20 14:45:00,89.8809,89.92,89.87,89.87,18563
2012-03-20 15:00:00,89.88,89.92,89.83,89.92,18675
2012-03-20 15:15:00,89.93,89.94,89.83,89.88,13799
2012-03-20 15:30:00,89.88,89.94,89.83,89.85,31419
2012-03-20 15:45:00,89.85,89.86,89.77,89.82,43551
2012-03-20 16:00:00,89.81,89.88,89.8,89.82,80082
2012-03-21 09:45:00,89.71,89.9355,89.63,89.93,26985
2012-03-21 10:00:00,89.9,90.01,89.84,89.98,29871
2012-03-21 10:15:00,89.99,90.0599,89.96,90.01,32535
2012-03-21 10:30:00,90.0238,90.0238,89.92,89.98,30892
2012-03-21 10:45:00,90.0,90.03,89.92,89.98,26307
2012-03-21 11:00:00,89.98,90.03,89.96,90.03,27918
2012-03-21 11:15:00,90.01,90.06,89.95,90.03,65671
2012-03-21 11:30:00,90.02,90.08,90.01,90.07,26314
2012-03-21 11:45:00,90.061,90.08,89.98,90.02,23991
2012-03-21 12:00:00,90.03,90.08,89.97,90.0,20556
2012-03-21 12:15:00,90.0,90.03,89.97,89.98,24294
2012-03-21 12:30:00,89.96,90.05,89.92,90.03,40428
2012-03-21 12:45:00,90.01,90.07,89.99,90.03,34898
2012-03-21 13:00:00,90.05,90.07,89.97,89.99,59477
2012-03-21 13:15:00,90.0,90.04,89.96,89.98,21033
2012-03-21 13:30:00,89.96,89.99,89.9,89.95700000000001,6795
2012-03-21 13:45:00,89.94,89.9425,89.78,89.85,19174
2012-03-21 14:00:00,89.82600000000001,89.97,89.82600000000001,89.92,11969
2012-03-21 14:15:00,89.93,90.02,89.92,90.0,14677
2012-03-21 14:30:00,90.02,90.05,89.99,90.05,17994
2012-03-21 14:45:00,90.03,90.14,90.03,90.1,27644
2012-03-21 15:00:00,90.12,90.12,90.016,90.04,19167
2012-03-21 15:15:00,90.04,90.15,90.02,90.115,30419
2012-03-21 15:30:00,90.12,90.26,90.08,90.1,53439
2012-03-21 15:45:00,90.1,90.1,90.03,90.05,21646
2012-03-21 16:00:00,90.04,90.07,89.77,89.77,100266
2012-03-22 09:45:00,89.47,90.4,89.21,90.39,38661
2012-03-22 10:00:00,90.38,90.59,90.37,90.53,20773
2012-03-22 10:15:00,90.53,90.81,90.49,90.74,20444
2012-03-22 10:30:00,90.74,90.8,90.59,90.63,42011
2012-03-22 10:45:00,90.62,90.62,90.46,90.51,15307
2012-03-22 11:00:00,90.54,90.57,90.25,90.34,23545
2012-03-22 11:15:00,90.34,90.44,90.19,90.43,13575
2012-03-22 11:30:00,90.45,90.48,90.25,90.3099,24438
2012-03-22 11:45:00,90.3,90.3,90.15,90.21,16070
2012-03-22 12:00:00,90.22,90.22,90.15,90.17,18570
2012-03-22 12:15:00,90.17,90.178,90.07,90.1,22296
2012-03-22 12:30:00,90.1,90.12,90.066,90.0999,26200
2012-03-22 12:45:00,90.1,90.175,90.1,90.1375,32581
2012-03-22 13:00:00,90.13,90.19,90.12,90.13,27400
2012-03-22 13:15:00,90.13,90.2,90.1,90.125,18312
2012-03-22 13:30:00,90.125,90.2,90.04,90.04,19213
2012-03-22 13:45:00,90.04,90.09,90.0,90.02,13248
2012-03-22 14:00:00,90.02,90.09,90.0,90.0666,28308
2012-03-22 14:15:00,90.08,90.08,89.97,90.0,22749
2012-03-22 14:30:00,90.0,90.1,89.99,90.1,28030
2012-03-22 14:45:00,90.09,90.17,90.0,90.09,22486
2012-03-22 15:00:00,90.08,90.15,90.0,90.12,18666
2012-03-22 15:15:00,90.11,90.12,89.99,90.09,29968
2012-03-22 15:30:00,90.1,90.15,90.01,90.13,22721
2012-03-22 15:45:00,90.14,90.32,90.12,90.28,48400
2012-03-22 16:00:00,90.27,90.47,90.27,90.34,57813
2012-03-23 09:45:00,90.21,90.47,89.73,89.77,32731
2012-03-23 10:00:00,89.79,89.85,89.24,89.31,17936
2012-03-23 10:15:00,89.32,89.44,89.01,89.0105,35070
2012-03-23 10:30:00,89.01,89.48,89.01,89.4,87347
2012-03-23 10:45:00,89.4,89.72,89.4,89.7,22303
2012-03-23 11:00:00,89.72,89.92,89.69,89.89,26682
2012-03-23 11:15:00,89.89,89.89,89.68,89.68,21228
2012-03-23 11:30:00,89.6666,89.76,89.666,89.72,13136
2012-03-23 11:45:00,89.74,90.0,89.74,89.98,9730
2012-03-23 12:00:00,90.0,90.025,89.9,89.97,10105
2012-03-23 12:15:00,89.97,89.99,89.94,89.94,5600
2012-03-23 12:30:00,89.93,89.93,89.74,89.75,13870
2012-03-23 12:45:00,89.78,89.83,89.75,89.75,13343
2012-03-23 13:00:00,89.75,89.76,89.64,89.64,10471
2012-03-23 13:15:00,89.65,89.67,89.59,89.63,9385
2012-03-23 13:30:00,89.65,89.9,89.64,89.88,13247
2012-03-23 13:45:00,89.9,89.95,89.84,89.95,8679
2012-03-23 14:00:00,89.94,90.0,89.94,89.96,8791
2012-03-23 14:15:00,89.95,89.97,89.93,89.94,5612
2012-03-23 14:30:00,89.945,90.1,89.935,90.1,135648
2012-03-23 14:45:00,90.1,90.1,90.06,90.08,7990
2012-03-23 15:00:00,90.0762,90.1,90.0362,90.05,15396
2012-03-23 15:15:00,90.06,90.1,90.04,90.09,9361
2012-03-23 15:30:00,90.09,90.12,90.09,90.11,12997
2012-03-23 15:45:00,90.11,90.125,90.07,90.11,23424
2012-03-23 16:00:00,90.1,90.11,90.01,90.04,48431
2012-03-26 09:45:00,90.62,91.4,90.56,91.3501,45707
2012-03-26 10:00:00,91.35,91.35,91.2,91.26,29364
2012-03-26 10:15:00,91.24,91.67,91.18,91.66,38721
2012-03-26 10:30:00,91.68,91.77,91.44,91.44,24853
2012-03-26 10:45:00,91.44,91.45,91.2,91.23,30027
2012-03-26 11:00:00,91.225,91.26,91.1,91.17,13903
2012-03-26 11:15:00,91.189,91.2,91.13,91.18,18700
2012-03-26 11:30:00,91.19,91.2,91.12,91.18,18101
2012-03-26 11:45:00,91.17,91.3,91.17,91.3,79381
2012-03-26 12:00:00,91.3,91.3,91.24,91.28,25062
2012-03-26 12:15:00,91.265,91.31,91.25,91.3,26813
2012-03-26 12:30:00,91.31,91.33,91.19,91.19,38908
2012-03-26 12:45:00,91.18,91.23,91.124,91.2,39891
2012-03-26 13:00:00,91.2,91.32,91.08,91.14,37796
2012-03-26 13:15:00,91.15899999999999,91.2686,91.15899999999999,91.21,16690
2012-03-26 13:30:00,91.205,91.215,91.15,91.15,20582
2012-03-26 13:45:00,91.15,91.21,91.12,91.17,12823
2012-03-26 14:00:00,91.18,91.19,91.13,91.16,12145
2012-03-26 14:15:00,91.18,91.18,91.07,91.08,27330
2012-03-26 14:30:00,91.0803,91.2,91.07,91.19,14569
2012-03-26 14:45:00,91.17,91.23,91.14,91.22,29333
2012-03-26 15:00:00,91.24,91.34,91.18,91.28,35036
2012-03-26 15:15:00,91.28399999999999,91.34,91.27,91.29,25352
2012-03-26 15:30:00,91.28,91.32,91.22,91.2262,32275
2012-03-26 15:45:00,91.22,91.25,91.1701,91.24,41867
2012-03-26 16:00:00,91.25,91.53,91.24,91.53,68908
2012-03-27 09:45:00,91.38,91.62,91.28,91.37,17123
2012-03-27 10:00:00,91.32,91.36,90.91,90.93,17398
2012-03-27 10:15:00,90.95,91.18,90.63,91.15,33715
2012-03-27 10:30:00,91.18,91.24,91.14,91.1899,9648
2012-03-27 10:45:00,91.18,91.23,91.08,91.08,11545
2012-03-27 11:00:00,91.09,91.12,90.742,90.75,13663
2012-03-27 11:15:00,90.78,91.15,90.751,91.0,16456
2012-03-27 11:30:00,91.03,91.1,90.95,91.04,10120
2012-03-27 11:45:00,91.05,91.17,91.05,91.11,11620
2012-03-27 12:00:00,91.11,91.32,91.095,91.32,13835
2012-03-27 12:15:00,91.281,91.43,91.2701,91.43,5600
2012-03-27 12:30:00,91.44,91.45,91.33,91.34,7102
2012-03-27 12:45:00,91.3205,91.33,91.24,91.3,7361
2012-03-27 13:00:00,91.28,91.31,91.06200000000001,91.09,12592
2012-03-27 13:15:00,91.13,91.26,91.1,91.23,8573
2012-03-27 13:30:00,91.25,91.25,91.1724,91.23,5400
2012-03-27 13:45:00,91.24,91.36,91.22,91.36,5548
2012-03-27 14:00:00,91.34,91.4,91.32,91.32,9210
2012-03-27 14:15:00,91.3005,91.34,91.25,91.295,8837
2012-03-27 14:30:00,91.3,91.31,91.2,91.29,9589
2012-03-27 14:45:00,91.3,91.38,91.28,91.38,14167
2012-03-27 15:00:00,91.37,91.38,91.3,91.3751,18500
2012-03-27 15:15:00,91.36,91.42,91.35,91.39,19202
2012-03-27 15:30:00,91.39,91.39,91.32,91.35,18362
2012-03-27 15:45:00,91.3497,91.415,91.31,91.41,27496
2012-03-27 16:00:00,91.42,91.42,91.14,91.28,52359
2012-03-28 09:45:00,91.08,91.22,90.64,90.8,23762
2012-03-28 10:00:00,90.83,90.9,90.7375,90.81,19621
2012-03-28 10:15:00,90.84,90.91,90.75,90.76,14713
2012-03-28 10:30:00,90.76,90.8,90.54,90.63,26866
2012-03-28 10:45:00,90.63,90.71,90.47,90.51,12700
2012-03-28 11:00:00,90.49,90.53,90.3801,90.45,9965
2012-03-28 11:15:00,90.43,90.49,90.25,90.43,18413
2012-03-28 11:30:00,90.45,90.61,90.45,90.51,14578
2012-03-28 11:45:00,90.51,90.58,90.48,90.4966,16798
2012-03-28 12:00:00,90.5,90.56,90.18,90.23,24516
2012-03-28 12:15:00,90.22,90.4,90.2,90.39,22586
2012-03-28 12:30:00,90.39,90.47,90.37,90.4,14839
2012-03-28 12:45:00,90.44,90.49,90.34,90.48,16627
2012-03-28 13:00:00,90.47,90.52,90.4,90.46,13631
2012-03-28 13:15:00,90.44,90.45,90.22,90.24,8513
2012-03-28 13:30:00,90.25,90.35,90.23,90.35,9341
2012-03-28 13:45:00,90.33,90.35,90.23,90.23,12739
2012-03-28 14:00:00,90.21,90.23,90.13,90.17,13352
2012-03-28 14:15:00,90.19,90.19,90.04,90.14,17704
2012-03-28 14:30:00,90.14,90.18,90.0409,90.17,16349
2012-03-28 14:45:00,90.18,90.31,90.17,90.31,24040
2012-03-28 15:00:00,90.3,90.35,90.19,90.27,9617
2012-03-28 15:15:00,90.28,90.45,90.27,90.43,22562
2012-03-28 15:30:00,90.42,90.55,90.405,90.48,31921
2012-03-28 15:45:00,90.47,90.75,90.44,90.72,40934
2012-03-28 16:00:00,90.74,90.74,90.56,90.66,73373
2012-03-29 09:45:00,90.08,90.35,89.82,90.01,35795
2012-03-29 10:00:00,90.03,90.14,90.0,90.08,27793
2012-03-29 10:15:00,90.06,90.3,90.05,90.19,28887
2012-03-29 10:30:00,90.2,90.25,90.01,90.02,23308
2012-03-29 10:45:00,90.02,90.23,90.0,90.22,27654
2012-03-29 11:00:00,90.22,90.225,90.0,90.05,29894
2012-03-29 11:15:00,90.04,90.12,90.0,90.03,21714
2012-03-29 11:30:00,90.03,90.08,89.98,90.02,29330
2012-03-29 11:45:00,90.02,90.09,89.99,90.05,23385
2012-03-29 12:00:00,90.03,90.03,89.81,89.93,27020
2012-03-29 12:15:00,89.93,90.13,89.93,90.04,13431
2012-03-29 12:30:00,90.04,90.07,90.0,90.0,17234
2012-03-29 12:45:00,90.01,90.06,89.88,90.01,24538
2012-03-29 13:00:00,90.01,90.06,89.96,90.01,24283
2012-03-29 13:15:00,90.03,90.115,90.0,90.11,21050
2012-03-29 13:30:00,90.12,90.26,90.08,90.255,23900
2012-03-29 13:45:00,90.26,90.37,90.22,90.34,27652
2012-03-29 14:00:00,90.33,90.4579,90.29,90.44,25319
2012-03-29 14:15:00,90.43,90.59,90.34,90.405,26227
2012-03-29 14:30:00,90.41,90.56,90.41,90.54,20549
2012-03-29 14:45:00,90.56,90.56,90.48,90.485,14520
2012-03-29 15:00:00,90.47,90.59,90.45,90.47,18382
2012-03-29 15:15:00,90.46,90.56,90.38,90.53,27734
2012-03-29 15:30:00,90.53,90.54,90.34,90.34,24684
2012-03-29 15:45:00,90.34,90.4,90.28,90.38,33443
2012-03-29 16:00:00,90.37,90.57,90.3,90.56,103406
2012-03-30 09:45:00,91.02,91.19,90.5,90.59,41738
2012-03-30 10:00:00,90.61,90.93,90.57,90.65,32378
2012-03-30 10:15:00,90.66,90.97,90.58,90.95,30750
2012-03-30 10:30:00,90.92,91.09,90.87,91.05,43572
2012-03-30 10:45:00,91.04,91.05,90.91,90.94,32108
2012-03-30 11:00:00,90.94,91.08,90.93,91.08,24960
2012-03-30 11:15:00,91.1,91.39,91.0718,91.37,22305
2012-03-30 11:30:00,91.38,91.73,91.37,91.65,36724
2012-03-30 11:45:00,91.66,91.79,91.6,91.67,25293
2012-03-30 12:00:00,91.65,91.65,91.49,91.53,22435
2012-03-30 12:15:00,91.53,91.66,91.51,91.56,28919
2012-03-30 12:30:00,91.55,91.58,91.51,91.53,22110
2012-03-30 12:45:00,91.54,91.54,91.34,91.505,24989
2012-03-30 13:00:00,91.5,91.575,91.49,91.57,15171
2012-03-30 13:15:00,91.56,91.57,91.45,91.46,18262
2012-03-30 13:30:00,91.46,91.6,91.45,91.595,17746
2012-03-30 13:45:00,91.6,91.6,91.53,91.59,21273
2012-03-30 14:00:00,91.58,91.6,91.54,91.58,17982
2012-03-30 14:15:00,91.58,91.58,91.47,91.51,26211
2012-03-30 14:30:00,91.53,91.57,91.53,91.57,16536
2012-03-30 14:45:00,91.565,91.59,91.48,91.485,22604
2012-03-30 15:00:00,91.48,91.49,91.37,91.37,27104
2012-03-30 15:15:00,91.36,91.385,91.24,91.295,24787
2012-03-30 15:30:00,91.3,91.39,91.29,91.37,29875
2012-03-30 15:45:00,91.38,91.42,91.34,91.4,41503
2012-03-30 16:00:00,91.41,91.43,91.3,91.35,141170
2012-04-02 09:45:00,91.19,91.97,91.09,91.406,59580
2012-04-02 10:00:00,91.4,91.55,91.32,91.33,34538
2012-04-02 10:15:00,91.33,91.65,91.32,91.64,37172
2012-04-02 10:30:00,91.65,91.75,91.63,91.635,20679
2012-04-02 10:45:00,91.63,91.8,91.59,91.77,21155
2012-04-02 11:00:00,91.77,91.77,91.55,91.64,26005
2012-04-02 11:15:00,91.65,91.93,91.5,91.89,27333
2012-04-02 11:30:00,91.91,91.97,91.76,91.89,21951
2012-04-02 11:45:00,91.88,92.09,91.88,92.07,40665
2012-04-02 12:00:00,92.08,92.13,91.94,92.08,33764
2012-04-02 12:15:00,92.07,92.3,92.07,92.3,25552
2012-04-02 12:30:00,92.27,92.43,92.25,92.41,29071
2012-04-02 12:45:00,92.4,92.45,92.28,92.42,21920
2012-04-02 13:00:00,92.42,92.52,92.27,92.27,30330
2012-04-02 13:15:00,92.27,92.29,92.16,92.27,17151
2012-04-02 13:30:00,92.26,92.41,92.26,92.38,20100
2012-04-02 13:45:00,92.38,92.5,92.33,92.35,25812
2012-04-02 14:00:00,92.36,92.68,92.35,92.68,48230
2012-04-02 14:15:00,92.67,92.7,92.5,92.54,20743
2012-04-02 14:30:00,92.54,92.85,92.52,92.78,38942
2012-04-02 14:45:00,92.78,92.83,92.67,92.74,33967
2012-04-02 15:00:00,92.75,92.9,92.74,92.89,32564
2012-04-02 15:15:00,92.89,93.05,92.85,93.03,38569
2012-04-02 15:30:00,93.03,93.09,92.97,93.08,45871
2012-04-02 15:45:00,93.06,93.08,92.76,92.79,40857
2012-04-02 16:00:00,92.79,92.936,92.75,92.83,120176
2012-04-03 09:45:00,93.03,94.0,92.9,93.74,68389
2012-04-03 10:00:00,93.73,93.96,93.71,93.77,35293
2012-04-03 10:15:00,93.78,94.21,93.73,94.16,48821
2012-04-03 10:30:00,94.17,94.27,94.02,94.09,53574
2012-04-03 10:45:00,94.09,94.23,94.06,94.2,24060
2012-04-03 11:00:00,94.21,94.21,94.03,94.06,22106
2012-04-03 11:15:00,94.04,94.07,93.74,93.74,48156
2012-04-03 11:30:00,93.735,93.74,93.46,93.62,39069
2012-04-03 11:45:00,93.62,93.63,93.41,93.425,56842
2012-04-03 12:00:00,93.425,93.425,93.13,93.16,38458
2012-04-03 12:15:00,93.17,93.34,93.08,93.17,27060
2012-04-03 12:30:00,93.169,93.27,93.075,93.24,11740
2012-04-03 12:45:00,93.23,93.41,93.18,93.35,10742
2012-04-03 13:00:00,93.34,93.39,93.27,93.39,7007
2012-04-03 13:15:00,93.37,93.3794,92.895,93.01,48451
2012-04-03 13:30:00,92.99,93.17,92.99,93.03,8934
2012-04-03 13:45:00,93.05,93.14,93.0466,93.06,13075
2012-04-03 14:00:00,93.09,93.2,93.06,93.2,49925
2012-04-03 14:15:00,93.2,93.2,92.84,93.12,30498
2012-04-03 14:30:00,93.1,93.24,93.08,93.1301,19915
2012-04-03 14:45:00,93.13799999999999,93.2,93.05,93.105,22735
2012-04-03 15:00:00,93.12,93.15,92.8575,92.98,58901
2012-04-03 15:15:00,92.98,93.32,92.9,93.29,29683
2012-04-03 15:30:00,93.3,93.41,93.1,93.25,50318
2012-04-03 15:45:00,93.26,93.31,92.98,92.98,65754
2012-04-03 16:00:00,93.0,93.64,92.99,93.64,176026
2012-04-04 09:45:00,92.79,93.15,92.4,92.41,112603
2012-04-04 10:00:00,92.4,93.25,92.38,93.2,33882
2012-04-04 10:15:00,93.16,93.17,92.63,92.71,21690
2012-04-04 10:30:00,92.72,92.81,92.63,92.67,15884
2012-04-04 10:45:00,92.62,92.64,92.07,92.07,62524
2012-04-04 11:00:00,92.06,92.21,91.93,92.0,43362
2012-04-04 11:15:00,92.0,92.28,92.0,92.1243,11053
2012-04-04 11:30:00,92.14,92.33,92.05,92.33,20312
2012-04-04 11:45:00,92.35,92.4785,92.33,92.47,13355
2012-04-04 12:00:00,92.49,92.72,92.46,92.67,15800
2012-04-04 12:15:00,92.65,92.765,92.56,92.72,20111
2012-04-04 12:30:00,92.71,92.81,92.7,92.71,27290
2012-04-04 12:45:00,92.71,92.7694,92.7,92.705,21146
2012-04-04 13:00:00,92.7,92.85,92.7,92.83,18300
2012-04-04 13:15:00,92.84,92.85,92.7,92.705,22906
2012-04-04 13:30:00,92.7,92.77,92.635,92.635,16068
2012-04-04 13:45:00,92.64,92.76,92.62,92.76,10795
2012-04-04 14:00:00,92.76,92.85,92.76,92.845,10769
2012-04-04 14:15:00,92.84,92.98,92.84,92.955,20558
2012-04-04 14:30:00,92.94,92.94,92.79,92.865,15758
2012-04-04 14:45:00,92.85,93.08,92.83,92.98,21560
2012-04-04 15:00:00,92.97,93.03,92.88,92.94,20772
2012-04-04 15:15:00,92.94,93.05,92.88,93.0,27299
2012-04-04 15:30:00,92.9954,93.0,92.88,92.98,23914
2012-04-04 15:45:00,92.98299999999999,93.0,92.89,92.9,44469
2012-04-04 16:00:00,92.91,92.98,92.85,92.88,73873
2012-04-05 09:45:00,92.68,93.38,92.32,93.38,8474
2012-04-05 10:00:00,93.37,93.43,92.9,92.9,7689
2012-04-05 10:15:00,92.89,92.9,92.59,92.61,23603
2012-04-05 10:30:00,92.59,92.91,92.56,92.905,13568
2012-04-05 10:45:00,92.93,93.13,92.78,93.1,16652
2012-04-05 11:00:00,93.1,93.12,92.84,93.1,11950
2012-04-05 11:15:00,93.1,93.26,93.04,93.2,12495
2012-04-05 11:30:00,93.225,93.225,92.96,93.08,7211
2012-04-05 11:45:00,93.0912,93.1,92.93,92.94,8118
2012-04-05 12:00:00,92.93,92.99,92.88,92.98,7602
2012-04-05 12:15:00,92.97,93.06,92.93,92.98,11900
2012-04-05 12:30:00,92.978,93.14,92.97,93.13,7904
2012-04-05 12:45:00,93.13,93.14,92.98,93.01,5532
2012-04-05 13:00:00,93.02,93.16,92.98,93.12,6580
2012-04-05 13:15:00,93.14,93.21,93.09,93.14,6378
2012-04-05 13:30:00,93.14,93.17,93.08,93.1,8215
2012-04-05 13:45:00,93.05,93.19,93.05,93.11,11060
2012-04-05 14:00:00,93.1207,93.13,92.98,93.0299,20704
2012-04-05 14:15:00,93.0,93.03,92.89,92.91,10463
2012-04-05 14:30:00,92.93,93.03,92.91,93.0,7300
2012-04-05 14:45:00,93.01,93.02,92.848,92.85,9964
2012-04-05 15:00:00,92.83,92.95,92.79,92.93,9120
2012-04-05 15:15:00,92.91,92.915,92.75,92.76,10166
2012-04-05 15:30:00,92.775,92.82,92.65,92.65,39057
2012-04-05 15:45:00,92.66,92.84,92.64,92.75,24138
2012-04-05 16:00:00,92.76,92.82,92.63,92.63,39731
2012-04-09 09:45:00,92.12,92.59,91.71,91.76,53853
2012-04-09 10:00:00,91.7599,92.05,91.7599,92.05,33953
2012-04-09 10:15:00,92.06,92.35,92.03,92.32,39025
2012-04-09 10:30:00,92.3162,92.51,92.21,92.41,26632
2012-04-09 10:45:00,92.38,92.59,92.33,92.56,17417
2012-04-09 11:00:00,92.56,92.72,92.54,92.62,13066
2012-04-09 11:15:00,92.61,92.78,92.45,92.54,41148
2012-04-09 11:30:00,92.53,92.73,92.39,92.51,40140
2012-04-09 11:45:00,92.49,92.61,92.32,92.33,21172
2012-04-09 12:00:00,92.32,92.68,92.32,92.65,11540
2012-04-09 12:15:00,92.68,92.81,92.58,92.71,43976
2012-04-09 12:30:00,92.68,92.74,92.52,92.58,14962
2012-04-09 12:45:00,92.59,92.74,92.58,92.74,9041
2012-04-09 13:00:00,92.75,92.848,92.69,92.74,9800
2012-04-09 13:15:00,92.72,92.82,92.69,92.8,9100
2012-04-09 13:30:00,92.8,92.84,92.68,92.72,20669
2012-04-09 13:45:00,92.72,92.8,92.65,92.78,11771
2012-04-09 14:00:00,92.78,92.85,92.72,92.8,14002
2012-04-09 14:15:00,92.78,92.9,92.72,92.84,25254
2012-04-09 14:30:00,92.84,93.0117,92.83,92.92,21089
2012-04-09 14:45:00,92.94,93.04,92.87,93.01,27597
2012-04-09 15:00:00,93.02,93.21,93.02,93.15,41362
2012-04-09 15:15:00,93.15,93.19,93.12,93.17,22485
2012-04-09 15:30:00,93.18,93.25,93.08,93.19,41204
2012-04-09 15:45:00,93.2,93.28,93.16,93.23,45015
2012-04-09 16:00:00,93.22,93.25,93.03,93.07,78255
2012-04-10 09:45:00,92.7,93.0,92.4,92.47,85111
2012-04-10 10:00:00,92.47,92.72,92.42,92.68,26350
2012-04-10 10:15:00,92.64,92.73,92.3,92.51,37769
2012-04-10 10:30:00,92.5,92.5,92.03,92.06,33193
2012-04-10 10:45:00,92.06,92.61,92.06,92.51,49588
2012-04-10 11:00:00,92.54,92.66,92.33,92.39,40228
2012-04-10 11:15:00,92.36,92.65,92.36,92.45,37432
2012-04-10 11:30:00,92.46,92.55,92.27,92.52,14424
2012-04-10 11:45:00,92.53,92.58,92.4,92.45,14356
2012-04-10 12:00:00,92.43,92.49,92.08,92.09,41205
2012-04-10 12:15:00,92.09,92.16,91.88,91.96,27166
2012-04-10 12:30:00,91.96,91.97,91.79,91.9,24110
2012-04-10 12:45:00,91.89,91.97,91.82,91.94,28483
2012-04-10 13:00:00,91.95,92.02,91.78,91.85,63211
2012-04-10 13:15:00,91.84,91.85,91.59,91.63,31746
2012-04-10 13:30:00,91.63,91.63,91.42,91.55,36559
2012-04-10 13:45:00,91.55,91.6,91.47,91.5925,20189
2012-04-10 14:00:00,91.57,91.665,91.56,91.61,24697
2012-04-10 14:15:00,91.58,91.76,91.58,91.7,18538
2012-04-10 14:30:00,91.69,91.73,91.6,91.73,22399
2012-04-10 14:45:00,91.75,91.77,91.44,91.48,25915
2012-04-10 15:00:00,91.5,91.51,91.28,91.3101,20960
2012-04-10 15:15:00,91.32,91.34,91.18,91.27,26857
2012-04-10 15:30:00,91.27,91.37,91.25399999999999,91.33,20715
2012-04-10 15:45:00,91.35,91.61,91.35,91.6,38022
2012-04-10 16:00:00,91.62,91.66,91.39,91.47,190540
2012-04-11 09:45:00,92.06,92.72,92.06,92.67,63773
2012-04-11 10:00:00,92.67,93.11,92.66,92.9475,46541
2012-04-11 10:15:00,92.92,92.93,92.66,92.91,37006
2012-04-11 10:30:00,92.94,93.09,92.86,92.89,40597
2012-04-11 10:45:00,92.89,92.95,92.82,92.88,31780
2012-04-11 11:00:00,92.88,92.94,92.74,92.93,23436
2012-04-11 11:15:00,92.93,92.97,92.88,92.9101,18361
2012-04-11 11:30:00,92.925,92.93,92.77,92.775,19789
2012-04-11 11:45:00,92.77,92.78,92.67,92.75,17364
2012-04-11 12:00:00,92.75,92.96,92.75,92.96,16793
2012-04-11 12:15:00,92.97,93.06,92.97,93.01,19699
2012-04-11 12:30:00,93.04,93.14,93.03,93.08,20296
2012-04-11 12:45:00,93.09,93.249,93.09,93.24600000000001,18255
2012-04-11 13:00:00,93.25,93.414,93.25,93.36,15520
2012-04-11 13:15:00,93.35,93.38,93.17,93.17,17725
2012-04-11 13:30:00,93.16,93.18,93.03,93.03,11348
2012-04-11 13:45:00,93.04,93.22,93.03,93.19,13996
2012-04-11 14:00:00,93.21,93.37,93.21,93.32,17350
2012-04-11 14:15:00,93.32,93.34,93.21,93.31,23043
2012-04-11 14:30:00,93.29,93.41,93.26,93.41,22805
2012-04-11 14:45:00,93.42,93.46,93.23,93.39,33567
2012-04-11 15:00:00,93.4,93.45,93.4,93.44,23856
2012-04-11 15:15:00,93.44,93.5499,93.26,93.26,49668
2012-04-11 15:30:00,93.28,93.46,93.25,93.46,27884
2012-04-11 15:45:00,93.46,93.6,93.46,93.56,37736
2012-04-11 16:00:00,93.56,93.86,93.53,93.83,127559
2012-04-12 09:45:00,94.0,94.12,93.37,93.87,65386
2012-04-12 10:00:00,93.87,94.2,93.69,93.82,44598
2012-04-12 10:15:00,93.86,93.89,93.48,93.57,83374
2012-04-12 10:30:00,93.57,93.67,93.48,93.49,21600
2012-04-12 10:45:00,93.51,94.09,93.45,94.09,23716
2012-04-12 11:00:00,94.11,94.3,94.06,94.15,28976
2012-04-12 11:15:00,94.16,94.29,94.11,94.14,16288
2012-04-12 11:30:00,94.13,94.41,94.13,94.28,18703
2012-04-12 11:45:00,94.29,94.29,94.06,94.14200000000001,19363
2012-04-12 12:00:00,94.15,94.19,93.955,94.07,15883
2012-04-12 12:15:00,94.06,94.13,93.89,93.9,13682
2012-04-12 12:30:00,93.9,93.95,93.86,93.91,9100
2012-04-12 12:45:00,93.9199,94.22,93.9199,94.1848,15662
2012-04-12 13:00:00,94.13,94.37,94.09,94.35,13149
2012-04-12 13:15:00,94.35,94.35,94.22,94.32,10480
2012-04-12 13:30:00,94.35,94.35,94.22,94.34,16765
2012-04-12 13:45:00,94.33,94.4,94.26,94.27,16339
2012-04-12 14:00:00,94.24,94.24,94.07,94.1,9042
2012-04-12 14:15:00,94.11,94.22,94.09,94.13,14917
2012-04-12 14:30:00,94.14,94.29,94.14,94.24,16400
2012-04-12 14:45:00,94.26,94.3353,94.17,94.2786,13336
2012-04-12 15:00:00,94.2909,94.36,94.28,94.31,14651
2012-04-12 15:15:00,94.32,94.34,94.3,94.316,16714
2012-04-12 15:30:00,94.32,94.35,94.3,94.3,17470
2012-04-12 15:45:00,94.3,94.38,94.26,94.28,36871
2012-04-12 16:00:00,94.28,94.39,94.27,94.29,62416
2012-04-13 09:45:00,93.95,94.34,93.95,94.2,65571
2012-04-13 10:00:00,94.19,94.35,94.09,94.15,35118
2012-04-13 10:15:00,94.17,94.31,94.13,94.25,50612
2012-04-13 10:30:00,94.26,94.4,94.18,94.27,45844
2012-04-13 10:45:00,94.24,94.421,94.19,94.25,24024
2012-04-13 11:00:00,94.26,94.28,93.95,93.99,17717
2012-04-13 11:15:00,93.99,94.28,93.94,94.23,12594
2012-04-13 11:30:00,94.22,94.38,94.21,94.3,19447
2012-04-13 11:45:00,94.29,94.46,94.25,94.44,22449
2012-04-13 12:00:00,94.49,94.52,94.45,94.5,18902
2012-04-13 12:15:00,94.53,94.63,94.46,94.52,20284
2012-04-13 12:30:00,94.5,94.51,94.13,94.27,58846
2012-04-13 12:45:00,94.26,94.4,94.25,94.36,36760
2012-04-13 13:00:00,94.44,94.59,94.42,94.58,6541
2012-04-13 13:15:00,94.57,94.71,94.53,94.71,9265
2012-04-13 13:30:00,94.71,94.74,94.58,94.58,14599
2012-04-13 13:45:00,94.6,94.63,94.59,94.62,12475
2012-04-13 14:00:00,94.63,94.69,94.51,94.52,16228
2012-04-13 14:15:00,94.51,94.58,94.41,94.56,9637
2012-04-13 14:30:00,94.56,94.67,94.53,94.53,15041
2012-04-13 14:45:00,94.57,94.65,94.52,94.52,8823
2012-04-13 15:00:00,94.51,94.65,94.505,94.52,9140
2012-04-13 15:15:00,94.49,94.68,94.49,94.67,16355
2012-04-13 15:30:00,94.67,94.756,94.66,94.67,16185
2012-04-13 15:45:00,94.68,94.69,94.5,94.64,31625
2012-04-13 16:00:00,94.63,94.67,94.33,94.35,87140
2012-04-16 09:45:00,94.53,94.75,94.41,94.63,32186
2012-04-16 10:00:00,94.63,94.78,94.13,94.13,51139
2012-04-16 10:15:00,94.12,94.39,93.84,94.36,42214
2012-04-16 10:30:00,94.34,94.39,93.98,94.11,26898
2012-04-16 10:45:00,94.09,94.36,94.01,94.18,22182
2012-04-16 11:00:00,94.2,94.49,94.2,94.49,16977
2012-04-16 11:15:00,94.52,94.67,94.49,94.55,16371
2012-04-16 11:30:00,94.54,94.54,94.4,94.42,14321
2012-04-16 11:45:00,94.43,94.54,94.35,94.53,18836
2012-04-16 12:00:00,94.5001,94.58,94.42,94.43,8040
2012-04-16 12:15:00,94.42,94.5197,94.42,94.5,9349
2012-04-16 12:30:00,94.51,94.5445,94.24,94.39,21742
2012-04-16 12:45:00,94.37,94.48,94.31,94.48,8884
2012-04-16 13:00:00,94.51,94.65,94.5,94.65,13959
2012-04-16 13:15:00,94.64,94.6768,94.56,94.59,21794
2012-04-16 13:30:00,94.59,94.67,94.5,94.65,13200
2012-04-16 13:45:00,94.65,94.86,94.64,94.78,16757
2012-04-16 14:00:00,94.81,94.865,94.75,94.81,17809
2012-04-16 14:15:00,94.8,94.98,94.8,94.96,31240
2012-04-16 14:30:00,94.97,95.0,94.94,94.98,27125
2012-04-16 14:45:00,94.98,95.0,94.97,94.9825,40547
2012-04-16 15:00:00,94.98,95.15,94.92,94.94,94912
2012-04-16 15:15:00,94.94,94.98,94.72,94.8792,29567
2012-04-16 15:30:00,94.86,94.91,94.73,94.73,20273
2012-04-16 15:45:00,94.74,94.8,94.715,94.76,23996
2012-04-16 16:00:00,94.77,94.78,94.63,94.76,69085
2012-04-17 09:45:00,95.46,95.75,95.13,95.72,39038
2012-04-17 10:00:00,95.72,95.77,95.5,95.69,26612
2012-04-17 10:15:00,95.71,95.71,95.04,95.16,36648
2012-04-17 10:30:00,95.12,95.12,94.79,94.79,15807
2012-04-17 10:45:00,94.79,94.82,94.5505,94.68,12435
2012-04-17 11:00:00,94.735,94.75,94.62,94.75,9782
2012-04-17 11:15:00,94.75,94.99,94.75,94.905,21952
2012-04-17 11:30:00,94.969,94.97,94.72,94.76,13600
2012-04-17 11:45:00,94.76,94.84,94.73,94.822,9091
2012-04-17 12:00:00,94.83,94.86,94.82,94.83,7660
2012-04-17 12:15:00,94.82,94.86,94.78,94.805,11925
2012-04-17 12:30:00,94.8,94.86,94.78,94.8211,10797
2012-04-17 12:45:00,94.84,94.91,94.79,94.8,34091
2012-04-17 13:00:00,94.81,94.86,94.74,94.79,37921
2012-04-17 13:15:00,94.82,94.88,94.77,94.88,12821
2012-04-17 13:30:00,94.945,94.96,94.83,94.895,14155
2012-04-17 13:45:00,94.9,94.92,94.87100000000001,94.92,14280
2012-04-17 14:00:00,94.94,95.15,94.93,95.1,12026
2012-04-17 14:15:00,95.09,95.37,95.03,95.36,18154
2012-04-17 14:30:00,95.35,95.51,95.33,95.45,9760
2012-04-17 14:45:00,95.46,95.59,95.46,95.54,12045
2012-04-17 15:00:00,95.55,95.65,95.51,95.635,10696
2012-04-17 15:15:00,95.63,95.69,95.55,95.62,15655
2012-04-17 15:30:00,95.61,95.8,95.53,95.8,20164
2012-04-17 15:45:00,95.8,95.8,95.56,95.62,29534
2012-04-17 16:00:00,95.61,95.62,95.53,95.54,55412
2012-04-18 09:45:00,95.49,96.09,95.37,95.865,58247
2012-04-18 10:00:00,95.94,96.16,95.84,96.09,32811
2012-04-18 10:15:00,96.11,96.38,96.1,96.3,16123
2012-04-18 10:30:00,96.33,96.44,96.3,96.44,14295
2012-04-18 10:45:00,96.41,96.59,96.39,96.59,29925
2012-04-18 11:00:00,96.54,96.64,96.46,96.46,12252
2012-04-18 11:15:00,96.45,96.46,96.13,96.13,18146
2012-04-18 11:30:00,96.13,96.46,96.13,96.43,19375
2012-04-18 11:45:00,96.41,96.54,96.331,96.36,8354
2012-04-18 12:00:00,96.36,96.61,96.34,96.59,8974
2012-04-18 12:15:00,96.6,96.7199,96.5998,96.69,10260
2012-04-18 12:30:00,96.7,96.87,96.63,96.68,38355
2012-04-18 12:45:00,96.675,96.7,96.6182,96.6182,5863
2012-04-18 13:00:00,96.61,96.68,96.57,96.6,9990
2012-04-18 13:15:00,96.56,96.69,96.56,96.65,7710
2012-04-18 13:30:00,96.66,96.85,96.61,96.81,15135
2012-04-18 13:45:00,96.82,96.85,96.67,96.69,12816
2012-04-18 14:00:00,96.66,96.74,96.64,96.67,13549
2012-04-18 14:15:00,96.665,96.72,96.65,96.72,13143
2012-04-18 14:30:00,96.76,96.92,96.75,96.78,25292
2012-04-18 14:45:00,96.785,96.86,96.75,96.85,14398
2012-04-18 15:00:00,96.88,96.96,96.875,96.9,9927
2012-04-18 15:15:00,96.91,96.99,96.79,96.809,18163
2012-04-18 15:30:00,96.83,96.95,96.82,96.87,27392
2012-04-18 15:45:00,96.87,96.98,96.87,96.96,21181
2012-04-18 16:00:00,96.96,97.03,96.9,96.97,71801
2012-04-19 09:45:00,96.43,96.75,96.09,96.37,59247
2012-04-19 10:00:00,96.33,96.65,96.32,96.57,32025
2012-04-19 10:15:00,96.58,96.6,95.97,96.1,55928
2012-04-19 10:30:00,96.09,96.19,95.9,95.96,31578
2012-04-19 10:45:00,96.0,96.43,95.97,96.39,67301
2012-04-19 11:00:00,96.34,96.4496,96.22,96.3,140707
2012-04-19 11:15:00,96.3,96.5095,96.26,96.2994,27154
2012-04-19 11:30:00,96.28,96.47,96.28,96.36,20264
2012-04-19 11:45:00,96.34,96.37,96.09,96.23,19980
2012-04-19 12:00:00,96.23,96.5,96.23,96.35,15194
2012-04-19 12:15:00,96.36,96.36,95.9,95.92,39198
2012-04-19 12:30:00,95.93,95.95,95.77,95.79,51540
2012-04-19 12:45:00,95.8,95.96,95.74,95.95,20092
2012-04-19 13:00:00,95.91,95.94,95.85,95.86,20048
2012-04-19 13:15:00,95.87,95.96,95.81,95.83,18576
2012-04-19 13:30:00,95.836,95.96,95.79,95.92,24660
2012-04-19 13:45:00,95.95,96.01,95.91,95.96,44199
2012-04-19 14:00:00,95.98,96.0,95.85,95.85,20506
2012-04-19 14:15:00,95.86,95.93,95.81,95.81,16621
2012-04-19 14:30:00,95.83,95.83,95.68,95.72,24846
2012-04-19 14:45:00,95.76,95.76,95.52,95.6,30427
2012-04-19 15:00:00,95.62,95.76,95.55,95.63,22403
2012-04-19 15:15:00,95.65,95.83,95.62,95.78,25166
2012-04-19 15:30:00,95.76,96.03,95.76,95.97,50050
2012-04-19 15:45:00,95.98,96.105,95.95,95.98,62793
2012-04-19 16:00:00,95.97,96.04,95.84,95.97,87803
2012-04-20 09:45:00,96.2,96.36,95.86,95.92,137576
2012-04-20 10:00:00,95.92,96.35,95.9,96.35,42418
2012-04-20 10:15:00,96.3816,96.52,96.3,96.47,25194
2012-04-20 10:30:00,96.47,96.54,96.37,96.45,26732
2012-04-20 10:45:00,96.5,96.80799999999999,96.5,96.73,27692
2012-04-20 11:00:00,96.69,96.75,96.58,96.71,10346
2012-04-20 11:15:00,96.71799999999999,96.78,96.6,96.73,11759
2012-04-20 11:30:00,96.73,96.76,96.67,96.69,17276
2012-04-20 11:45:00,96.72,96.9,96.71,96.79,10700
2012-04-20 12:00:00,96.8,96.84,96.64,96.69,14702
2012-04-20 12:15:00,96.7,96.83,96.69,96.8,16462
2012-04-20 12:30:00,96.8,96.84,96.74,96.77,8308
2012-04-20 12:45:00,96.76,96.76,96.68,96.68,4921
2012-04-20 13:00:00,96.69,96.72,96.65,96.69,17176
2012-04-20 13:15:00,96.67,96.67,96.58,96.58,4546
2012-04-20 13:30:00,96.6099,96.64,96.41,96.41,7350
2012-04-20 13:45:00,96.4,96.455,96.32,96.45,20865
2012-04-20 14:00:00,96.44,96.53,96.3,96.41,18150
2012-04-20 14:15:00,96.3966,96.52,96.35,96.49,13437
2012-04-20 14:30:00,96.48,96.52,96.4482,96.5,17412
2012-04-20 14:45:00,96.5,96.54,96.45,96.47,18329
2012-04-20 15:00:00,96.48,96.51,96.42,96.43,15110
2012-04-20 15:15:00,96.43,96.51,96.36,96.48,15036
2012-04-20 15:30:00,96.48,96.51,96.45,96.5,22921
2012-04-20 15:45:00,96.5,96.52,96.46,96.5,51915
2012-04-20 16:00:00,96.49,96.52,96.41,96.45,96427
2012-04-23 09:45:00,95.9,95.94,95.29,95.4,46032
2012-04-23 10:00:00,95.45,95.5,95.23,95.31,61439
2012-04-23 10:15:00,95.3,95.33,94.78,95.04,47448
2012-04-23 10:30:00,95.12,95.34,94.95,95.32600000000001,20590
2012-04-23 10:45:00,95.338,95.35,95.13,95.3,14428
2012-04-23 11:00:00,95.3,95.3599,95.15,95.23,7532
2012-04-23 11:15:00,95.19,95.28,95.12,95.13,22607
2012-04-23 11:30:00,95.13,95.1452,94.79,94.8,19554
2012-04-23 11:45:00,94.78,94.8,94.47,94.5,21677
2012-04-23 12:00:00,94.49,94.63,94.4401,94.59,36676
2012-04-23 12:15:00,94.625,94.85,94.57,94.85,18989
2012-04-23 12:30:00,94.86,94.9,94.8,94.89,11870
2012-04-23 12:45:00,94.88,94.98,94.88,94.95,20227
2012-04-23 13:00:00,94.959,95.09,94.92,95.07,8756
2012-04-23 13:15:00,95.085,95.17,95.03,95.17,6863
2012-04-23 13:30:00,95.17,95.33,95.13,95.279,5108
2012-04-23 13:45:00,95.28,95.43,95.27,95.36,33540
2012-04-23 14:00:00,95.37,95.51,95.22,95.47,17141
2012-04-23 14:15:00,95.4615,95.66,95.35,95.65,23769
2012-04-23 14:30:00,95.65,95.85799999999999,95.645,95.85,78389
2012-04-23 14:45:00,95.85,95.859,95.66,95.69,37750
2012-04-23 15:00:00,95.7,95.72,95.57,95.57,17343
2012-04-23 15:15:00,95.56,95.71600000000001,95.53,95.63,23827
2012-04-23 15:30:00,95.655,95.72,95.58,95.72,23979
2012-04-23 15:45:00,95.69,95.74,95.58,95.6,44046
2012-04-23 16:00:00,95.6,95.6,95.3,95.33,133223
2012-04-24 09:45:00,96.5,98.09,96.17,96.18,82979
2012-04-24 10:00:00,96.16,96.41,95.9699,96.21,45793
2012-04-24 10:15:00,96.22,96.55,96.06,96.31,45605
2012-04-24 10:30:00,96.33,96.42,96.26,96.42,17408
2012-04-24 10:45:00,96.44,96.51,96.22,96.51,23092
2012-04-24 11:00:00,96.48,96.6,96.41,96.5,15990
2012-04-24 11:15:00,96.5,96.56,96.39,96.53,27709
2012-04-24 11:30:00,96.54,96.56,96.29,96.35,32138
2012-04-24 11:45:00,96.35,96.39,96.11,96.23,18494
2012-04-24 12:00:00,96.23,96.23,96.09,96.12,17820
2012-04-24 12:15:00,96.11,96.2,95.99,96.0,10866
2012-04-24 12:30:00,95.97,95.97,95.37,95.44,48244
2012-04-24 12:45:00,95.44,95.46,94.43,94.74,162080
2012-04-24 13:00:00,94.72,94.87,94.515,94.59,37458
2012-04-24 13:15:00,94.54,94.63,93.88,94.05,83313
2012-04-24 13:30:00,94.09,94.36,93.8,94.11,62868
2012-04-24 13:45:00,94.11,94.435,94.11,94.26,35378
2012-04-24 14:00:00,94.26,94.26,93.47,93.55,60089
2012-04-24 14:15:00,93.52,94.12,93.34,94.09,96485
2012-04-24 14:30:00,94.1,94.14,93.75,93.92,46467
2012-04-24 14:45:00,93.95,94.2,93.95,94.2,54965
2012-04-24 15:00:00,94.19,94.6,94.14,94.57,30444
2012-04-24 15:15:00,94.58,94.67,94.43,94.67,32915
2012-04-24 15:30:00,94.68,94.93,94.63,94.86,40366
2012-04-24 15:45:00,94.86,95.11,94.81,95.08,44801
2012-04-24 16:00:00,95.08,95.21,94.86,94.97,122879
2012-04-25 09:45:00,95.71,95.95,95.08,95.71,50448
2012-04-25 10:00:00,95.66,95.93,95.56,95.93,31744
2012-04-25 10:15:00,95.93,96.07,95.76,95.78,41931
2012-04-25 10:30:00,95.76,95.83,95.65,95.66,39024
2012-04-25 10:45:00,95.65,95.7,95.47,95.6,45434
2012-04-25 11:00:00,95.57,95.59,95.32,95.35,28100
2012-04-25 11:15:00,95.38,95.47,95.29,95.37,35750
2012-04-25 11:30:00,95.39,95.5,95.35,95.48,18900
2012-04-25 11:45:00,95.49,95.49,95.33,95.39,26555
2012-04-25 12:00:00,95.4,95.4,95.15,95.22,23038
2012-04-25 12:15:00,95.23,95.36,95.22,95.31,17217
2012-04-25 12:30:00,95.31,95.5,95.31,95.49,15049
2012-04-25 12:45:00,95.55,95.69,95.45,95.57,36209
2012-04-25 13:00:00,95.55,95.855,95.5,95.78,45560
2012-04-25 13:15:00,95.8,96.01,95.77,95.94,47933
2012-04-25 13:30:00,95.93,95.97,95.88,95.97,18074
2012-04-25 13:45:00,95.96,96.3,95.95,96.23,41057
2012-04-25 14:00:00,96.23,96.29,95.95,96.07,47766
2012-04-25 14:15:00,96.06,96.18,96.02,96.06,16190
2012-04-25 14:30:00,96.0575,96.48,96.0575,96.28,24840
2012-04-25 14:45:00,96.31,96.31,96.08,96.24,32288
2012-04-25 15:00:00,96.23,96.39,96.23,96.36,21268
2012-04-25 15:15:00,96.42,96.44,96.28,96.28,33634
2012-04-25 15:30:00,96.26,96.62,96.24,96.38,61206
2012-04-25 15:45:00,96.38,96.7036,96.38,96.39,64663
2012-04-25 16:00:00,96.4,96.73,96.36,96.62,124572
2012-04-26 09:45:00,100.89,103.15,100.74,103.035,320778
2012-04-26 10:00:00,103.045,104.814,102.53,104.435,219004
2012-04-26 10:15:00,104.47,104.74,103.65,104.48,132454
2012-04-26 10:30:00,104.5,104.5,103.72399999999999,103.96,147961
2012-04-26 10:45:00,103.97,103.97,103.45,103.66,95627
2012-04-26 11:00:00,103.66,104.07,103.64,104.0,125998
2012-04-26 11:15:00,103.99,104.48,100.8,101.22,400130
2012-04-26 11:30:00,101.42,101.78,97.51,99.01,713591
2012-04-26 11:45:00,99.06,99.92,98.37,99.75,221809
2012-04-26 12:00:00,99.76,100.78,99.7,100.34,231256
2012-04-26 12:15:00,100.28,100.83,100.2601,100.61,93199
2012-04-26 12:30:00,100.65,101.1,100.6,101.05,50235
2012-04-26 12:45:00,101.06,101.22,100.89,101.00399999999999,74547
2012-04-26 13:00:00,101.0,101.15,100.95,101.08,46262
2012-04-26 13:15:00,101.08,101.25,100.99,101.215,58604
2012-04-26 13:30:00,101.235,101.39,101.1,101.22,34952
2012-04-26 13:45:00,101.21,101.34,101.14,101.17,73541
2012-04-26 14:00:00,101.16,101.53,101.16,101.46,38310
2012-04-26 14:15:00,101.47,101.56,100.92,101.17,88563
2012-04-26 14:30:00,101.19,101.62,101.06,101.22,56148
2012-04-26 14:45:00,101.23,101.56,101.18,101.265,39925
2012-04-26 15:00:00,101.26,101.86200000000001,101.18,101.83,46014
2012-04-26 15:15:00,101.82,102.15,101.82,102.13,51677
2012-04-26 15:30:00,102.15,102.67,102.15,102.51,70026
2012-04-26 15:45:00,102.54,102.68,102.35,102.63,118675
2012-04-26 16:00:00,102.63,102.91,102.51,102.61,158279
2012-04-27 09:45:00,103.11,104.97,102.64,104.86,152778
2012-04-27 10:00:00,104.9,105.88,104.54,105.79,125092
2012-04-27 10:15:00,105.86,106.0,105.03,105.16,110847
2012-04-27 10:30:00,105.16,105.18,104.711,104.85,90012
2012-04-27 10:45:00,104.86,105.5,104.76,105.47,68290
2012-04-27 11:00:00,105.5,105.67,105.11,105.67,47920
2012-04-27 11:15:00,105.66,106.42,105.56,106.31,53208
2012-04-27 11:30:00,106.325,106.47,106.01,106.07,50963
2012-04-27 11:45:00,106.06,106.35,106.0,106.09,49662
2012-04-27 12:00:00,106.08,106.15,105.919,106.1,37973
2012-04-27 12:15:00,106.1,106.23,105.99,106.22,32323
2012-04-27 12:30:00,106.21600000000001,106.2901,105.97,106.12,27817
2012-04-27 12:45:00,106.1,106.23,106.06,106.21,28550
2012-04-27 13:00:00,106.21,106.51,106.19,106.5,24690
2012-04-27 13:15:00,106.5,106.5,106.29,106.32,30884
2012-04-27 13:30:00,106.31,106.55,106.31,106.39,41023
2012-04-27 13:45:00,106.3943,106.82,106.37,106.71,32738
2012-04-27 14:00:00,106.72,106.72,106.2801,106.35,46138
2012-04-27 14:15:00,106.39,106.47,106.12,106.13,39732
2012-04-27 14:30:00,106.12,106.12,105.96,106.02,47811
2012-04-27 14:45:00,105.97,106.05,105.65,105.82,38825
2012-04-27 15:00:00,105.82,106.24,105.8,106.23,30965
2012-04-27 15:15:00,106.24,106.35,106.04,106.34,37235
2012-04-27 15:30:00,106.35,106.38,106.2,106.21,45545
2012-04-27 15:45:00,106.22,106.23,105.93799999999999,105.93799999999999,58714
2012-04-27 16:00:00,105.94,106.06,105.84,105.97,140584
2012-04-30 09:45:00,105.73,106.12,105.17,105.18,64346
2012-04-30 10:00:00,105.27,105.53,105.14,105.41,28341
2012-04-30 10:15:00,105.39,105.53,105.25,105.45,42723
2012-04-30 10:30:00,105.47,105.5,105.3,105.306,35275
2012-04-30 10:45:00,105.33,105.58,105.3,105.58,51547
2012-04-30 11:00:00,105.62,105.64,105.37,105.46,29171
2012-04-30 11:15:00,105.42,105.5,105.34,105.41,23757
2012-04-30 11:30:00,105.39,105.615,105.3,105.55,35956
2012-04-30 11:45:00,105.53,105.6,105.43,105.5,20976
2012-04-30 12:00:00,105.5,105.6,105.48,105.49,25120
2012-04-30 12:15:00,105.495,105.6,105.43,105.598,19531
2012-04-30 12:30:00,105.59,105.6,105.48,105.5,19667
2012-04-30 12:45:00,105.5,105.54,105.456,105.49,29118
2012-04-30 13:00:00,105.5,105.56,105.46,105.47,20855
2012-04-30 13:15:00,105.465,105.5,105.35,105.42,25711
2012-04-30 13:30:00,105.41,105.48,105.34,105.41,16694
2012-04-30 13:45:00,105.42399999999999,105.54,105.42,105.51,18739
2012-04-30 14:00:00,105.54,105.71,105.5,105.53,19000
2012-04-30 14:15:00,105.54,105.55,105.39,105.47,26952
2012-04-30 14:30:00,105.5,105.57,105.45,105.53,28989
2012-04-30 14:45:00,105.56,105.56,105.42,105.43,26841
2012-04-30 15:00:00,105.42,105.54,105.4,105.485,31383
2012-04-30 15:15:00,105.48,105.51,105.405,105.47,63339
2012-04-30 15:30:00,105.47,105.52,105.47,105.5075,44495
2012-04-30 15:45:00,105.51,105.61,105.5,105.61,94500
2012-04-30 16:00:00,105.61,105.62,105.45,105.49,107815
2012-05-01 09:45:00,105.01,105.68,104.36,105.61,103510
2012-05-01 10:00:00,105.6,105.98,105.57,105.875,52607
2012-05-01 10:15:00,105.85,106.89,105.72,106.35,100568
2012-05-01 10:30:00,106.355,106.9,106.27,106.63,62943
2012-05-01 10:45:00,106.64,106.7,106.26,106.26,43429
2012-05-01 11:00:00,106.26,106.26,106.07,106.2,27139
2012-05-01 11:15:00,106.1825,106.184,105.92,106.0,40078
2012-05-01 11:30:00,105.99,106.03,105.94,105.97,34007
2012-05-01 11:45:00,105.97,106.0115,105.91,105.99,28187
2012-05-01 12:00:00,106.0,106.13,105.97,106.12,74299
2012-05-01 12:15:00,106.11,106.2,106.05,106.16,25062
2012-05-01 12:30:00,106.18,106.19,106.08,106.1,36605
2012-05-01 12:45:00,106.11,106.1442,106.03,106.03,33465
2012-05-01 13:00:00,106.05,106.1,105.85,105.95,54211
2012-05-01 13:15:00,105.9302,106.11,105.9,106.1,32266
2012-05-01 13:30:00,106.08,106.1,105.88,105.88,38362
2012-05-01 13:45:00,105.87,106.1,105.87,106.01,51318
2012-05-01 14:00:00,106.0,106.02,105.93,105.99,24627
2012-05-01 14:15:00,105.99,106.09,105.89,105.89,23925
2012-05-01 14:30:00,105.9,106.05,105.84,106.01,33223
2012-05-01 14:45:00,106.04,106.04,105.85,105.99,36776
2012-05-01 15:00:00,105.99,106.05,105.92,105.96,35846
2012-05-01 15:15:00,105.96,106.02,105.92,105.99,45508
2012-05-01 15:30:00,105.99,106.01,105.9,105.95,37748
2012-05-01 15:45:00,105.95,105.95,105.67,105.88,36775
2012-05-01 16:00:00,105.88,105.99,105.59,105.65,54759
2012-05-02 09:45:00,105.14,106.23,105.02,106.16,92604
2012-05-02 10:00:00,106.16,106.22,105.775,105.99,38053
2012-05-02 10:15:00,106.03,106.13,105.76,106.01,40909
2012-05-02 10:30:00,105.94,106.19,105.83,105.83,98891
2012-05-02 10:45:00,105.83,106.085,105.73899999999999,106.04,52116
2012-05-02 11:00:00,106.03,106.09,105.95,106.08,71213
2012-05-02 11:15:00,106.08,106.1,105.95,106.07,33217
2012-05-02 11:30:00,106.075,106.15,106.0,106.02,55793
2012-05-02 11:45:00,106.03,106.47,106.01,106.34,56062
2012-05-02 12:00:00,106.33,106.68,106.28,106.53,36647
2012-05-02 12:15:00,106.52,106.64,106.35,106.63,23580
2012-05-02 12:30:00,106.65,106.96,106.645,106.93,23403
2012-05-02 12:45:00,106.92,107.09,106.92,107.0,15745
2012-05-02 13:00:00,107.0061,107.13,106.97,107.0928,26330
2012-05-02 13:15:00,107.085,107.1,106.83,106.85,25607
2012-05-02 13:30:00,106.85,106.9,106.65,106.75,24773
2012-05-02 13:45:00,106.75,106.89,106.71,106.89,19930
2012-05-02 14:00:00,106.92,107.08,106.74,106.75,29852
2012-05-02 14:15:00,106.75,107.03,106.75,106.925,32360
2012-05-02 14:30:00,106.94,107.02,106.93,106.99,24696
2012-05-02 14:45:00,106.98,106.99,106.7,106.75,39588
2012-05-02 15:00:00,106.73,106.75,106.65,106.66,27772
2012-05-02 15:15:00,106.7,106.78,106.62,106.74,33447
2012-05-02 15:30:00,106.74,106.8,106.67,106.7,61831
2012-05-02 15:45:00,106.72,106.7899,106.66,106.7899,77326
2012-05-02 16:00:00,106.78,106.85,106.69,106.75,119898
2012-05-03 09:45:00,106.51,106.738,106.11,106.6,26987
2012-05-03 10:00:00,106.6,106.83,106.45,106.56,24215
2012-05-03 10:15:00,106.57,106.57,106.15,106.48,24348
2012-05-03 10:30:00,106.47,106.75,106.37,106.75,18723
2012-05-03 10:45:00,106.74,106.98,106.68,106.8,28777
2012-05-03 11:00:00,106.8,106.8,106.64,106.75,34428
2012-05-03 11:15:00,106.75,106.98,106.69,106.956,21660
2012-05-03 11:30:00,106.95,107.08,106.93,106.97,22400
2012-05-03 11:45:00,106.97,107.01,106.78,106.93,17102
2012-05-03 12:00:00,106.94,106.98,106.3201,106.35,16554
2012-05-03 12:15:00,106.35,106.39,106.05,106.28,14124
2012-05-03 12:30:00,106.29,106.365,106.17,106.27,12462
2012-05-03 12:45:00,106.24,106.45,106.17,106.4,11300
2012-05-03 13:00:00,106.395,106.56,106.37,106.51,16473
2012-05-03 13:15:00,106.49,106.55,106.33,106.33,22816
2012-05-03 13:30:00,106.32,106.63,106.32,106.62,17073
2012-05-03 13:45:00,106.61,106.61,105.76,105.78,20171
2012-05-03 14:00:00,105.76,105.95,105.75,105.85,18565
2012-05-03 14:15:00,105.86,105.91,105.73,105.79,14240
2012-05-03 14:30:00,105.78,105.89,105.74,105.78,19041
2012-05-03 14:45:00,105.74,105.92,105.7,105.76,23252
2012-05-03 15:00:00,105.75,105.8,105.53,105.715,22338
2012-05-03 15:15:00,105.72,105.82,105.55,105.82,34410
2012-05-03 15:30:00,105.82,106.156,105.81,105.96,27532
2012-05-03 15:45:00,105.96,106.14,105.8,105.96,33674
2012-05-03 16:00:00,105.93,105.99,105.82,105.89,60450
2012-05-04 09:45:00,105.14,105.66,104.92,105.1,48344
2012-05-04 10:00:00,105.08,105.73,104.8856,105.38,32470
2012-05-04 10:15:00,105.41,105.62,105.3,105.53,31429
2012-05-04 10:30:00,105.54,105.935,105.54,105.56,31133
2012-05-04 10:45:00,105.54,105.62,105.21,105.455,24893
2012-05-04 11:00:00,105.46,105.75,105.36,105.7,17144
2012-05-04 11:15:00,105.69,105.69,105.18,105.23,13675
2012-05-04 11:30:00,105.18,105.245,105.04,105.07,16604
2012-05-04 11:45:00,105.07,105.07,104.68,104.68,20622
2012-05-04 12:00:00,104.69,104.72,104.46,104.66,13935
2012-05-04 12:15:00,104.66,104.78,104.54,104.68,25518
2012-05-04 12:30:00,104.67,104.68,104.49,104.57,12356
2012-05-04 12:45:00,104.579,104.58,104.31,104.38799999999999,22010
2012-05-04 13:00:00,104.385,104.49,104.32,104.368,19929
2012-05-04 13:15:00,104.36,104.37,104.22,104.26,18102
2012-05-04 13:30:00,104.27,104.5099,104.27,104.49,19388
2012-05-04 13:45:00,104.48,104.83,104.47,104.62,21601
2012-05-04 14:00:00,104.61,104.65,104.51,104.59,13560
2012-05-04 14:15:00,104.59,104.59,104.38,104.38,22935
2012-05-04 14:30:00,104.35,104.48,104.29,104.43,17239
2012-05-04 14:45:00,104.41,104.47,104.26,104.29,18261
2012-05-04 15:00:00,104.29,104.48,104.21,104.41,22535
2012-05-04 15:15:00,104.41,104.51,104.29,104.33,22816
2012-05-04 15:30:00,104.32,104.5,104.3,104.47,31174
2012-05-04 15:45:00,104.46,104.55,104.42,104.49,59845
2012-05-04 16:00:00,104.49,104.59,104.28,104.29,58368
2012-05-07 09:45:00,104.07,104.53,103.88,104.31,43531
2012-05-07 10:00:00,104.359,104.67,104.3,104.51,32687
2012-05-07 10:15:00,104.52,104.69,104.46,104.52,30271
2012-05-07 10:30:00,104.53,104.685,104.31,104.31,29478
2012-05-07 10:45:00,104.26,104.33,104.04,104.23,89306
2012-05-07 11:00:00,104.235,104.35,104.0,104.04,96414
2012-05-07 11:15:00,104.04,104.53,104.03,104.31,85045
2012-05-07 11:30:00,104.35,104.35,104.071,104.09,41304
2012-05-07 11:45:00,104.12,104.38,104.12,104.26,17336
2012-05-07 12:00:00,104.2311,104.34,103.93,104.0,14139
2012-05-07 12:15:00,104.0013,104.01,103.39,103.62,32631
2012-05-07 12:30:00,103.62,103.85,103.51,103.75,12080
2012-05-07 12:45:00,103.77,104.03,103.77,103.98,16200
2012-05-07 13:00:00,103.98,104.02,103.9,103.97,15926
2012-05-07 13:15:00,103.9775,104.01,103.88,103.96,10128
2012-05-07 13:30:00,103.96,104.035,103.656,103.656,15975
2012-05-07 13:45:00,103.65,103.92,103.65,103.82,30477
2012-05-07 14:00:00,103.82,104.05,103.76,103.87,21344
2012-05-07 14:15:00,103.87,104.17,103.87,104.0,19770
2012-05-07 14:30:00,104.0,104.0507,103.9,103.95,24379
2012-05-07 14:45:00,104.0,104.14,103.93,104.095,23913
2012-05-07 15:00:00,104.0901,104.39,104.0901,104.2601,19490
2012-05-07 15:15:00,104.31,104.6,104.31,104.6,44812
2012-05-07 15:30:00,104.61,104.65,104.31,104.46,28255
2012-05-07 15:45:00,104.47,104.47,104.27,104.32,37003
2012-05-07 16:00:00,104.32,104.32,104.01,104.05,54896
2012-05-08 09:45:00,103.63,103.76,102.15,102.57,112240
2012-05-08 10:00:00,102.62,103.3487,102.4822,103.15,74672
2012-05-08 10:15:00,103.1,103.1,102.59,102.66,46652
2012-05-08 10:30:00,102.64,102.78,102.32,102.32,36348
2012-05-08 10:45:00,102.32,102.32,101.64,101.859,57649
2012-05-08 11:00:00,101.87,102.08,101.69,101.81,38464
2012-05-08 11:15:00,101.81,101.81,101.0,101.13,45246
2012-05-08 11:30:00,101.13,101.76,101.12,101.59,55347
2012-05-08 11:45:00,101.6,102.08,101.51,101.86,53522
2012-05-08 12:00:00,101.84,102.49,101.76,102.14,82825
2012-05-08 12:15:00,102.15,102.27,102.0,102.055,30343
2012-05-08 12:30:00,102.08,102.28,101.94,102.08,28816
2012-05-08 12:45:00,102.07,102.28,101.94,102.0601,31140
2012-05-08 13:00:00,102.08,102.23,101.87,102.0102,33402
2012-05-08 13:15:00,102.0,102.15,101.84,102.0403,20695
2012-05-08 13:30:00,102.04,102.44,101.99,102.44,20271
2012-05-08 13:45:00,102.51,102.6,102.029,102.34,41742
2012-05-08 14:00:00,102.39200000000001,102.46,102.11,102.27,23820
2012-05-08 14:15:00,102.31,102.33,101.94,101.98,36742
2012-05-08 14:30:00,101.98,102.07,101.84,101.94,34528
2012-05-08 14:45:00,101.99,102.16,101.89,102.08,28917
2012-05-08 15:00:00,102.05,102.17,101.91,102.09,42630
2012-05-08 15:15:00,102.1,102.34,101.83,102.29,46285
2012-05-08 15:30:00,102.305,102.58,102.18,102.49,75444
2012-05-08 15:45:00,102.51,102.52,102.21,102.29,44902
2012-05-08 16:00:00,102.3,102.42,102.13,102.3,83656
2012-05-09 09:45:00,101.73,102.4,101.27,102.2,114450
2012-05-09 10:00:00,102.26,102.74,102.09,102.295,99098
2012-05-09 10:15:00,102.26,102.72,101.9,101.9,69532
2012-05-09 10:30:00,101.92,102.02,101.41,101.49,66450
2012-05-09 10:45:00,101.48,102.2,101.45,102.12,93695
2012-05-09 11:00:00,102.16,102.75,102.16,102.69,30456
2012-05-09 11:15:00,102.73,103.35,102.56,103.21,41117
2012-05-09 11:30:00,103.21,103.2578,102.98,103.04,23250
2012-05-09 11:45:00,103.04,103.111,102.8122,102.87,38983
2012-05-09 12:00:00,102.88,103.02,102.7781,102.79,23762
2012-05-09 12:15:00,102.8,102.83,102.41,102.48,13461
2012-05-09 12:30:00,102.44,102.46,102.23,102.26,16255
2012-05-09 12:45:00,102.26,102.26,101.94,101.94,29860
2012-05-09 13:00:00,101.94,102.11,101.87,102.08,20745
2012-05-09 13:15:00,102.065,102.45,102.0322,102.045,28289
2012-05-09 13:30:00,102.1,102.2,101.79,102.0775,24175
2012-05-09 13:45:00,102.09,102.48,102.0,102.31,37427
2012-05-09 14:00:00,102.33,102.52,102.22,102.22,24777
2012-05-09 14:15:00,102.21,102.53,102.21,102.52,30267
2012-05-09 14:30:00,102.52,102.56,102.29,102.385,38300
2012-05-09 14:45:00,102.395,102.44,102.21,102.37,31300
2012-05-09 15:00:00,102.37,102.37,102.03,102.13,34879
2012-05-09 15:15:00,102.16,102.24,101.95,102.09,43992
2012-05-09 15:30:00,102.1,102.39,102.04,102.335,43328
2012-05-09 15:45:00,102.33,102.87,102.3,102.78,47477
2012-05-09 16:00:00,102.79,102.79,102.19,102.32,119464
2012-05-10 09:45:00,102.71,103.7,102.56,103.31,83029
2012-05-10 10:00:00,103.35,103.54,102.82,102.89,43558
2012-05-10 10:15:00,102.89,103.02,102.4,102.486,57322
2012-05-10 10:30:00,102.42,102.58,102.01,102.19,40544
2012-05-10 10:45:00,102.22,102.58,102.01,102.54,56379
2012-05-10 11:00:00,102.55,102.74,102.19,102.34,29439
2012-05-10 11:15:00,102.35,102.535,102.22,102.39,25305
2012-05-10 11:30:00,102.41,102.66,102.4,102.66,19732
2012-05-10 11:45:00,102.66,102.78,102.54,102.56,28623
2012-05-10 12:00:00,102.62,102.73,102.52,102.71,31732
2012-05-10 12:15:00,102.67,102.71,102.34,102.67,24376
2012-05-10 12:30:00,102.68,102.77,102.52,102.61,26773
2012-05-10 12:45:00,102.68,102.84,102.6,102.8,15547
2012-05-10 13:00:00,102.8,103.25,102.76,103.1,67390
2012-05-10 13:15:00,103.1,103.34,102.94,103.1178,19715
2012-05-10 13:30:00,103.10799999999999,103.21,103.06,103.15,21447
2012-05-10 13:45:00,103.11,103.25,103.02,103.04,8497
2012-05-10 14:00:00,103.05,103.23,102.94,102.95,23334
2012-05-10 14:15:00,102.94,103.27,102.94,103.26,25581
2012-05-10 14:30:00,103.27,103.39,103.235,103.37,13745
2012-05-10 14:45:00,103.32,103.33,103.18,103.3,10400
2012-05-10 15:00:00,103.29,103.3498,103.17,103.21700000000001,10006
2012-05-10 15:15:00,103.21,103.26,103.1,103.19,13121
2012-05-10 15:30:00,103.21,103.29,103.1098,103.23,20241
2012-05-10 15:45:00,103.26,103.37,103.02,103.03,29506
2012-05-10 16:00:00,103.07,103.17,102.89,103.13,75571
2012-05-11 09:45:00,103.02,103.36,102.79,103.0019,65503
2012-05-11 10:00:00,103.01,103.48,102.93,103.32,27962
2012-05-11 10:15:00,103.41,103.86,103.08,103.20100000000001,47691
2012-05-11 10:30:00,103.22,104.13,103.2,104.06,44009
2012-05-11 10:45:00,104.04,104.34,104.04,104.265,51490
2012-05-11 11:00:00,104.31,104.35,103.915,104.07,40721
2012-05-11 11:15:00,104.04,104.13,103.82,103.84,52072
2012-05-11 11:30:00,103.87,104.05,103.81,103.88,24071
2012-05-11 11:45:00,103.94,104.28,103.94,103.97,19195
2012-05-11 12:00:00,103.97,104.538,103.91,104.45,30633
2012-05-11 12:15:00,104.43,104.45,104.22,104.28,17662
2012-05-11 12:30:00,104.3,104.45,104.26,104.45,17791
2012-05-11 12:45:00,104.45,104.6,104.43,104.55799999999999,14703
2012-05-11 13:00:00,104.56,104.66,104.34,104.37,25125
2012-05-11 13:15:00,104.37,104.3907,104.07,104.0932,53116
2012-05-11 13:30:00,104.1,104.16,103.92,104.15,20066
2012-05-11 13:45:00,104.15,104.359,104.0499,104.22,17181
2012-05-11 14:00:00,104.27,104.45,104.18,104.38,26846
2012-05-11 14:15:00,104.42,104.46,104.17,104.34,28877
2012-05-11 14:30:00,104.33,104.62,104.29,104.41,25293
2012-05-11 14:45:00,104.41,104.47,104.25,104.45,18223
2012-05-11 15:00:00,104.46,104.66,104.33,104.43,23153
2012-05-11 15:15:00,104.45,104.5375,104.04,104.29,38169
2012-05-11 15:30:00,104.29,104.45,104.25,104.31,22675
2012-05-11 15:45:00,104.3,104.47,104.04,104.11,30744
2012-05-11 16:00:00,104.08,104.11,103.775,103.84,80573
2012-05-14 09:45:00,103.1,103.11,102.0,102.395,116062
2012-05-14 10:00:00,102.38,102.57,102.1,102.32,89510
2012-05-14 10:15:00,102.32,102.52,101.73,101.868,71701
2012-05-14 10:30:00,101.88,102.0,101.11,101.23,88925
2012-05-14 10:45:00,101.24,101.76,101.07,101.76,72995
2012-05-14 11:00:00,101.76,102.07,101.6,101.84,30288
2012-05-14 11:15:00,101.83,101.94,101.6501,101.75,33315
2012-05-14 11:30:00,101.73,101.9,101.56,101.87,50338
2012-05-14 11:45:00,101.87,101.89,101.67,101.77,34245
2012-05-14 12:00:00,101.75,101.86,101.67,101.67,35190
2012-05-14 12:15:00,101.68,101.71,101.56,101.64,16200
2012-05-14 12:30:00,101.64,101.85,101.62,101.82,21566
2012-05-14 12:45:00,101.82,101.91,101.72,101.89,27850
2012-05-14 13:00:00,101.91,101.98,101.87,101.885,20124
2012-05-14 13:15:00,101.88,101.99,101.78,101.84,17687
2012-05-14 13:30:00,101.82,101.8796,101.7,101.83,17082
2012-05-14 13:45:00,101.83,101.95,101.815,101.93,24722
2012-05-14 14:00:00,101.93,101.98,101.835,101.93,24745
2012-05-14 14:15:00,101.93,102.0,101.77,101.86,39732
2012-05-14 14:30:00,101.86,101.9,101.48,101.74,29466
2012-05-14 14:45:00,101.7499,101.77,101.455,101.53399999999999,48290
2012-05-14 15:00:00,101.55,101.58,101.15,101.26,52622
2012-05-14 15:15:00,101.24,101.27,100.86,100.92,77786
2012-05-14 15:30:00,100.93,101.02,100.8,100.85,50684
2012-05-14 15:45:00,100.85,101.07,100.82,100.92,74104
2012-05-14 16:00:00,100.93,101.02,100.81,100.84,219006
2012-05-15 09:45:00,101.17,101.17,99.26,100.32,196889
2012-05-15 10:00:00,100.44,101.15,100.355,101.11,61233
2012-05-15 10:15:00,101.21,101.62,100.95,101.36,62095
2012-05-15 10:30:00,101.42,102.02,101.23,101.99,53607
2012-05-15 10:45:00,101.98,102.3,101.94,102.18,35563
2012-05-15 11:00:00,102.22,102.35,101.84,102.21,39925
2012-05-15 11:15:00,102.2,102.2,101.38,101.42,38434
2012-05-15 11:30:00,101.45,101.52,101.3,101.34,22756
2012-05-15 11:45:00,101.35,101.82,101.2735,101.81,38773
2012-05-15 12:00:00,101.81,102.22,101.81,102.115,42438
2012-05-15 12:15:00,102.13,102.54,102.01,102.49,27373
2012-05-15 12:30:00,102.49,102.62,102.3,102.53,22927
2012-05-15 12:45:00,102.49,102.5,102.21,102.25,33221
2012-05-15 13:00:00,102.2851,102.29,102.03,102.03,21866
2012-05-15 13:15:00,102.04,102.39,102.04,102.39,37699
2012-05-15 13:30:00,102.35,102.42,102.24,102.38,15913
2012-05-15 13:45:00,102.36,102.36,101.91,101.93,23492
2012-05-15 14:00:00,101.94,102.07,101.7744,101.96,73654
2012-05-15 14:15:00,101.97,102.2,101.9,102.02,84058
2012-05-15 14:30:00,102.02,102.03,101.79,101.9201,80190
2012-05-15 14:45:00,101.94,101.98,101.7,101.93,23558
2012-05-15 15:00:00,101.96,102.0,101.69,101.88,23768
2012-05-15 15:15:00,101.86,101.86,101.12,101.25,37984
2012-05-15 15:30:00,101.24,101.4,100.97,101.08,50668
2012-05-15 15:45:00,101.06,101.3499,101.02,101.1,59415
2012-05-15 16:00:00,101.09,101.31,100.93,100.98,113763
2012-05-16 09:45:00,100.96,102.0,100.88,101.64,84420
2012-05-16 10:00:00,101.65,101.98,101.602,101.83,75614
2012-05-16 10:15:00,101.82,102.0,101.67,101.78399999999999,46866
2012-05-16 10:30:00,101.781,102.12,101.78,101.92,64759
2012-05-16 10:45:00,101.98,102.44,101.98,102.37,27361
2012-05-16 11:00:00,102.34,102.36,102.1,102.1,14006
2012-05-16 11:15:00,102.07,102.11,101.76,102.0,25762
2012-05-16 11:30:00,102.0,102.16,101.83,101.978,26238
2012-05-16 11:45:00,101.97,102.11,101.79,101.962,29104
2012-05-16 12:00:00,101.98,102.45,101.98,102.38,23269
2012-05-16 12:15:00,102.44,102.44,102.03,102.36,24298
2012-05-16 12:30:00,102.37,102.49,102.21,102.23,15510
2012-05-16 12:45:00,102.23,102.3,102.11,102.15,32633
2012-05-16 13:00:00,102.13,102.145,101.88,101.92,25551
2012-05-16 13:15:00,101.87,101.91,101.81,101.89,18660
2012-05-16 13:30:00,101.89,102.0,101.85,101.91,23181
2012-05-16 13:45:00,101.91,101.96,101.55,101.59,28907
2012-05-16 14:00:00,101.62,102.0,101.62,102.0,18412
2012-05-16 14:15:00,101.99,102.155,101.62,101.68,34019
2012-05-16 14:30:00,101.67,101.97,101.65,101.82,21031
2012-05-16 14:45:00,101.82,102.02,101.35,101.98,38071
2012-05-16 15:00:00,101.96,102.15,101.93,102.01799999999999,36207
2012-05-16 15:15:00,102.04,102.04,101.73,101.8,20529
2012-05-16 15:30:00,101.77,102.09,101.71,101.97,46711
2012-05-16 15:45:00,101.96,102.14,101.955,102.04,66159
2012-05-16 16:00:00,102.0399,102.08,101.83,101.96,113430
2012-05-17 09:45:00,98.0,98.71,96.73,97.55,322240
2012-05-17 10:00:00,97.45,97.7,97.19,97.3709,138645
2012-05-17 10:15:00,97.38,97.6,97.0,97.35,194505
2012-05-17 10:30:00,97.4188,97.58,97.25,97.25,132745
2012-05-17 10:45:00,97.24,97.35,96.262,96.44,155088
2012-05-17 11:00:00,96.36,96.49,95.92,96.09,146487
2012-05-17 11:15:00,96.09,96.54,95.99,96.33,133086
2012-05-17 11:30:00,96.35,96.37,95.99,95.99,117739
2012-05-17 11:45:00,96.01,96.04,95.32,95.5,131017
2012-05-17 12:00:00,95.49,95.7,95.16,95.52,140645
2012-05-17 12:15:00,95.495,95.57,94.95,95.11,105315
2012-05-17 12:30:00,95.13,95.92,94.99,95.78,109697
2012-05-17 12:45:00,95.78,95.85,95.44,95.62,91371
2012-05-17 13:00:00,95.65,95.93,95.52,95.57,57384
2012-05-17 13:15:00,95.57,95.83,95.41,95.71,60012
2012-05-17 13:30:00,95.71,95.88,95.49,95.55,55449
2012-05-17 13:45:00,95.5399,95.62,95.44,95.53,64609
2012-05-17 14:00:00,95.54,95.78,95.32,95.648,80812
2012-05-17 14:15:00,95.65,95.73,95.4,95.4,69678
2012-05-17 14:30:00,95.4,95.87,95.4,95.49,69544
2012-05-17 14:45:00,95.49,95.62,95.39,95.59,96261
2012-05-17 15:00:00,95.6,95.605,95.4,95.4,72197
2012-05-17 15:15:00,95.42,95.78,95.3,95.35,100735
2012-05-17 15:30:00,95.33,95.35799999999999,94.72,94.82,116234
2012-05-17 15:45:00,94.83,94.84,94.15,94.18,138509
2012-05-17 16:00:00,94.18,94.56,94.08,94.34,214092
2012-05-18 09:45:00,94.97,97.21,94.5932,95.37,488052
2012-05-18 10:00:00,95.36,95.6,94.97,95.24,160310
2012-05-18 10:15:00,95.18,95.66,95.03,95.57,99739
2012-05-18 10:30:00,95.57,95.64,95.06,95.23,94323
2012-05-18 10:45:00,95.25,95.27,94.64,94.73,118689
2012-05-18 11:00:00,94.73,94.85,94.41,94.7993,74514
2012-05-18 11:15:00,94.8,94.87,93.71,94.02,90353
2012-05-18 11:30:00,94.02,94.02,93.54,93.6,76437
2012-05-18 11:45:00,93.61,93.75,92.39,92.95,112964
2012-05-18 12:00:00,92.95,93.23,92.38,92.83,143409
2012-05-18 12:15:00,92.84,94.18,92.81,94.16,78055
2012-05-18 12:30:00,94.16799999999999,94.53,93.78,94.47,30698
2012-05-18 12:45:00,94.48,94.99,94.46,94.76,44400
2012-05-18 13:00:00,94.78,95.05,94.69,94.69,29323
2012-05-18 13:15:00,94.72,94.7388,94.31,94.34,37932
2012-05-18 13:30:00,94.34,94.51,94.14,94.26,33127
2012-05-18 13:45:00,94.19,94.37,93.98,93.99,32402
2012-05-18 14:00:00,93.96,94.22,93.77,93.78,29248
2012-05-18 14:15:00,93.78,94.03,93.78,93.98,32145
2012-05-18 14:30:00,94.0,94.05,93.7,93.94,32421
2012-05-18 14:45:00,93.95,93.96,93.37,93.45,48346
2012-05-18 15:00:00,93.49,93.71,93.44,93.68,50758
2012-05-18 15:15:00,93.68,93.885,93.38,93.77,42847
2012-05-18 15:30:00,93.76,93.815,93.11,93.175,71883
2012-05-18 15:45:00,93.16,93.22,92.63,93.11,187645
2012-05-18 16:00:00,93.11,93.4,92.97,93.3,161978
2012-05-21 09:45:00,93.58,93.71,93.0,93.02,79945
2012-05-21 10:00:00,93.02,93.12,92.15,92.7,95837
2012-05-21 10:15:00,92.67,93.55,92.63,93.45,94234
2012-05-21 10:30:00,93.47,94.09,93.43,93.85,72068
2012-05-21 10:45:00,93.88,93.96,93.53,93.61,55167
2012-05-21 11:00:00,93.6,94.1,93.58,93.97,64189
2012-05-21 11:15:00,93.98,94.05799999999999,93.66,93.9,48350
2012-05-21 11:30:00,93.86,94.01,93.7,93.92,58397
2012-05-21 11:45:00,93.92,94.06,93.78,93.85,61826
2012-05-21 12:00:00,93.86,93.94,93.7004,93.81,92512
2012-05-21 12:15:00,93.82,94.33,93.78,94.26,36367
2012-05-21 12:30:00,94.26,94.95,94.26,94.95,26623
2012-05-21 12:45:00,94.92,95.1,94.87,94.87,33617
2012-05-21 13:00:00,94.8899,94.9825,94.55,94.63,33749
2012-05-21 13:15:00,94.64,94.88,94.62,94.71,26636
2012-05-21 13:30:00,94.7,94.82,94.68,94.77,18460
2012-05-21 13:45:00,94.78,95.19,94.78,95.15,43820
2012-05-21 14:00:00,95.16,95.83,95.14,95.43,138706
2012-05-21 14:15:00,95.46,95.47,95.08,95.23,38748
2012-05-21 14:30:00,95.23,95.43,95.22,95.25,45548
2012-05-21 14:45:00,95.25,95.51899999999999,95.25,95.5,28364
2012-05-21 15:00:00,95.5,95.78,95.49,95.57,32788
2012-05-21 15:15:00,95.58,95.796,95.57,95.69,45794
2012-05-21 15:30:00,95.7,96.1,95.67,96.03,64287
2012-05-21 15:45:00,96.02,96.08,95.83,95.89,82238
2012-05-21 16:00:00,95.87,96.12,95.74,95.76,147471
2012-05-22 09:45:00,92.93,94.24,91.65,94.0,171506
2012-05-22 10:00:00,94.01,94.61,94.0,94.31,123679
2012-05-22 10:15:00,94.33,95.07,94.27,94.8,127571
2012-05-22 10:30:00,94.78,95.27,94.5,94.54,114057
2012-05-22 10:45:00,94.61,94.83,94.26,94.46,67024
2012-05-22 11:00:00,94.5,94.94,94.3,94.94,74520
2012-05-22 11:15:00,94.9301,95.53,94.79,94.85,75453
2012-05-22 11:30:00,94.82,95.17,94.78200000000001,95.09,29977
2012-05-22 11:45:00,95.06,95.49,94.99,95.45,49956
2012-05-22 12:00:00,95.45,95.68,95.39,95.58,42442
2012-05-22 12:15:00,95.57,95.58,95.08,95.14,42994
2012-05-22 12:30:00,95.13,95.38,95.02,95.37,51836
2012-05-22 12:45:00,95.38,95.6,95.28,95.55,39987
2012-05-22 13:00:00,95.55,95.89,95.55,95.76100000000001,44987
2012-05-22 13:15:00,95.74,96.24,95.74,96.12,35459
2012-05-22 13:30:00,96.14,96.24,95.84200000000001,95.98,27689
2012-05-22 13:45:00,95.98,96.29,95.79,95.93,46428
2012-05-22 14:00:00,95.93,95.999,95.7506,95.845,51813
2012-05-22 14:15:00,95.87,96.1,95.72,95.79,50841
2012-05-22 14:30:00,95.79,96.04,95.59,95.95,35302
2012-05-22 14:45:00,95.95,96.0,95.43,95.83,72174
2012-05-22 15:00:00,95.85,95.87,95.52,95.78,55527
2012-05-22 15:15:00,95.82,95.95,95.67,95.75,56428
2012-05-22 15:30:00,95.73,95.82,95.29,95.29,88807
2012-05-22 15:45:00,95.27,95.37,95.08,95.16,116149
2012-05-22 16:00:00,95.16,95.4,94.99,95.35,167497
2012-05-23 09:45:00,95.0,95.79,94.76,95.27,79584
2012-05-23 10:00:00,95.3,96.03,95.0,96.01,57449
2012-05-23 10:15:00,95.99,96.17,95.42,95.48,52623
2012-05-23 10:30:00,95.49,95.58,95.18,95.22,67171
2012-05-23 10:45:00,95.3,95.45,95.17,95.45,38744
2012-05-23 11:00:00,95.4,95.405,95.0,95.27,28311
2012-05-23 11:15:00,95.25,95.75,95.23,95.65,33574
2012-05-23 11:30:00,95.66,95.91,95.64,95.86,50855
2012-05-23 11:45:00,95.84,96.095,95.82,95.99,59745
2012-05-23 12:00:00,96.01,96.08,95.81,95.89,57939
2012-05-23 12:15:00,95.88,95.9,95.6,95.67,42420
2012-05-23 12:30:00,95.7,95.78,95.57,95.65,41910
2012-05-23 12:45:00,95.64,95.85,95.63799999999999,95.765,27381
2012-05-23 13:00:00,95.76,95.83,95.66,95.698,24086
2012-05-23 13:15:00,95.69,96.03,95.61,96.0,22342
2012-05-23 13:30:00,96.01,96.11,95.92,96.11,37343
2012-05-23 13:45:00,96.09,96.24,96.0,96.22,35100
2012-05-23 14:00:00,96.22,96.34,96.06,96.1399,33650
2012-05-23 14:15:00,96.12,96.19,96.0,96.02,93710
2012-05-23 14:30:00,96.01,96.07,95.75,95.94,84333
2012-05-23 14:45:00,95.93,96.23,95.84,96.13,24667
2012-05-23 15:00:00,96.13,96.24,96.08,96.1925,44756
2012-05-23 15:15:00,96.185,96.22,95.94,96.025,58608
2012-05-23 15:30:00,96.035,96.56,95.9632,96.4,71586
2012-05-23 15:45:00,96.41,96.94,96.41,96.88,98003
2012-05-23 16:00:00,96.88,96.91,96.53,96.73,108342
2012-05-24 09:45:00,97.16,97.27,96.5,97.228,82305
2012-05-24 10:00:00,97.2,97.21,96.64,96.66,32480
2012-05-24 10:15:00,96.66,97.15,96.63,97.02600000000001,62947
2012-05-24 10:30:00,97.0,97.2,96.97,97.1593,19824
2012-05-24 10:45:00,97.16,97.75,97.0922,97.51,40392
2012-05-24 11:00:00,97.5,97.6,97.07,97.08,58732
2012-05-24 11:15:00,97.07,97.2,97.04,97.16,25444
2012-05-24 11:30:00,97.15,97.26,97.0,97.09,23936
2012-05-24 11:45:00,97.08,97.1,96.96,97.02,28517
2012-05-24 12:00:00,97.01,97.14,96.97,97.14,16444
2012-05-24 12:15:00,97.1,97.1,96.56,96.61,30109
2012-05-24 12:30:00,96.59,96.8,96.54,96.69,15497
2012-05-24 12:45:00,96.66,96.85,96.61,96.705,40398
2012-05-24 13:00:00,96.71,96.76,96.59,96.64,9712
2012-05-24 13:15:00,96.68,96.9,96.6,96.75,10266
2012-05-24 13:30:00,96.81,96.9,96.51,96.69,22020
2012-05-24 13:45:00,96.66,96.87,96.56,96.78,17645
2012-05-24 14:00:00,96.81,96.82,96.44,96.44,18471
2012-05-24 14:15:00,96.42,96.55,96.24,96.29,34697
2012-05-24 14:30:00,96.28,96.45,96.28,96.43,26869
2012-05-24 14:45:00,96.4,96.54,96.09,96.11,44648
2012-05-24 15:00:00,96.16,96.25,96.03,96.075,22138
2012-05-24 15:15:00,96.1,96.36,96.07,96.1,38989
2012-05-24 15:30:00,96.09,96.25,95.95,96.2,88993
2012-05-24 15:45:00,96.22,96.28,95.85,96.042,67209
2012-05-24 16:00:00,96.05,96.32,96.05,96.3,136899
2012-05-25 09:45:00,96.57,97.03,96.47,96.75,45760
2012-05-25 10:00:00,96.77,97.21,96.77,97.21,51061
2012-05-25 10:15:00,97.24,97.3,96.67,96.75,59403
2012-05-25 10:30:00,96.73,97.1,96.64,97.01,32172
2012-05-25 10:45:00,97.0799,97.47,97.06,97.1,36177
2012-05-25 11:00:00,97.1,97.13,96.88,96.9,35307
2012-05-25 11:15:00,96.93,97.09,96.86,96.91,56487
2012-05-25 11:30:00,96.91,97.09,96.89,96.98,66671
2012-05-25 11:45:00,96.95,96.95,96.67,96.845,33010
2012-05-25 12:00:00,96.84,97.07,96.84,96.94,19590
2012-05-25 12:15:00,96.97,96.97,96.86,96.92,25896
2012-05-25 12:30:00,96.915,96.97,96.85,96.94,43148
2012-05-25 12:45:00,96.92,97.03,96.92,96.98,30978
2012-05-25 13:00:00,96.99,97.03,96.95,96.97,27132
2012-05-25 13:15:00,96.96,96.99,96.89,96.9466,12704
2012-05-25 13:30:00,96.94,97.03,96.9,96.99,21432
2012-05-25 13:45:00,96.99,97.04,96.97,96.97,16278
2012-05-25 14:00:00,96.97,96.98,96.79,96.79,14347
2012-05-25 14:15:00,96.78,96.8,96.559,96.63,18759
2012-05-25 14:30:00,96.63,96.66,96.43,96.58,20145
2012-05-25 14:45:00,96.57,96.715,96.4701,96.53,13721
2012-05-25 15:00:00,96.55,96.56,96.33,96.445,31119
2012-05-25 15:15:00,96.44,96.645,96.43,96.5,17933
2012-05-25 15:30:00,96.5,96.53,96.17,96.21,38570
2012-05-25 15:45:00,96.205,96.4,96.16,96.39200000000001,36334
2012-05-25 16:00:00,96.4,96.43,96.2,96.3,122276
2012-05-29 09:45:00,96.89,97.35,96.67,97.14,127653
2012-05-29 10:00:00,97.16,97.17,96.94,96.94,72340
2012-05-29 10:15:00,96.92,97.5,96.84,97.455,120222
2012-05-29 10:30:00,97.42,97.76,97.42,97.56,40136
2012-05-29 10:45:00,97.57,97.6,97.14,97.27,41516
2012-05-29 11:00:00,97.27,97.29,96.8,96.803,25465
2012-05-29 11:15:00,96.81,96.91,96.78,96.78,42288
2012-05-29 11:30:00,96.8,96.98,96.78,96.94,30487
2012-05-29 11:45:00,96.94,96.98,96.37,96.49,48395
2012-05-29 12:00:00,96.51,96.73,96.26,96.7,50355
2012-05-29 12:15:00,96.65,96.68,96.15,96.18,29375
2012-05-29 12:30:00,96.1201,96.42,96.08,96.41,40805
2012-05-29 12:45:00,96.37,96.37,96.22,96.28,29614
2012-05-29 13:00:00,96.28,96.62,96.25,96.32,14612
2012-05-29 13:15:00,96.31,96.49,96.13,96.48,19487
2012-05-29 13:30:00,96.47,96.59,96.39,96.39,21798
2012-05-29 13:45:00,96.39,96.69,96.34,96.64,21465
2012-05-29 14:00:00,96.68,96.81,96.64,96.81,22023
2012-05-29 14:15:00,96.8,96.99,96.66,96.98,29985
2012-05-29 14:30:00,96.99,97.11,96.85,97.03,22184
2012-05-29 14:45:00,97.02,97.08,96.86,96.98,13184
2012-05-29 15:00:00,96.96,97.19,96.95,97.1,26450
2012-05-29 15:15:00,97.05,97.12,96.9,97.1,22682
2012-05-29 15:30:00,97.09,97.11,96.96,97.05,21810
2012-05-29 15:45:00,97.05,97.16,96.91,97.1,36916
2012-05-29 16:00:00,97.09,97.13,96.9801,97.08,75811
2012-05-30 09:45:00,96.47,96.7,96.3101,96.37,94862
2012-05-30 10:00:00,96.38,96.66,96.14,96.25,97758
2012-05-30 10:15:00,96.29,96.3,96.05,96.2,56098
2012-05-30 10:30:00,96.18,96.34,96.1,96.21,76269
2012-05-30 10:45:00,96.25,96.29,96.14,96.2,51782
2012-05-30 11:00:00,96.2,96.26,96.08,96.09,36358
2012-05-30 11:15:00,96.1,96.57,96.0,96.5,53081
2012-05-30 11:30:00,96.56,96.68,96.49,96.53,48108
2012-05-30 11:45:00,96.585,96.66,96.47,96.55,54216
2012-05-30 12:00:00,96.56,96.58,96.45,96.57,23937
2012-05-30 12:15:00,96.57,96.59,96.1,96.16,17584
2012-05-30 12:30:00,96.15,96.2,95.99,96.145,41517
2012-05-30 12:45:00,96.14,96.27,96.1,96.25,18211
2012-05-30 13:00:00,96.31,96.43,96.31,96.36,8652
2012-05-30 13:15:00,96.37,96.39,96.11,96.12,10870
2012-05-30 13:30:00,96.1,96.25,96.04,96.21,26662
2012-05-30 13:45:00,96.18,96.52,96.16,96.52,33414
2012-05-30 14:00:00,96.55,96.6,96.33,96.43,29982
2012-05-30 14:15:00,96.45,96.54,96.22,96.305,17878
2012-05-30 14:30:00,96.32,96.49,96.19,96.27,22209
2012-05-30 14:45:00,96.29,96.35,96.16,96.28,22031
2012-05-30 15:00:00,96.33,96.34,96.08,96.14,19342
2012-05-30 15:15:00,96.14,96.28,96.03,96.07,35158
2012-05-30 15:30:00,96.07,96.41,95.98,96.37,47719
2012-05-30 15:45:00,96.32,96.32,96.11,96.14,50675
2012-05-30 16:00:00,96.16,96.25,95.71,95.73,203177
2012-05-31 09:45:00,96.21,96.49,95.9,95.92,159422
2012-05-31 10:00:00,95.94,96.24,95.9,96.1,125718
2012-05-31 10:15:00,96.1,96.12,95.76,95.76,69394
2012-05-31 10:30:00,95.75,95.86,95.5,95.83,75734
2012-05-31 10:45:00,95.83,96.09,95.78,95.85,45598
2012-05-31 11:00:00,95.865,95.96,95.73,95.73,44081
2012-05-31 11:15:00,95.75,95.76,95.33,95.33,27209
2012-05-31 11:30:00,95.35,95.57,95.27,95.559,26748
2012-05-31 11:45:00,95.55,95.9,95.55,95.8499,31066
2012-05-31 12:00:00,95.8,95.84,95.61,95.7,21792
2012-05-31 12:15:00,95.62,95.88,95.57,95.845,19223
2012-05-31 12:30:00,95.86,96.2701,95.855,96.16,43002
2012-05-31 12:45:00,96.14,96.27,96.03,96.12,22626
2012-05-31 13:00:00,96.08,96.21,95.98,96.0299,15887
2012-05-31 13:15:00,96.02,96.48,95.97,96.38,34908
2012-05-31 13:30:00,96.41,96.48,96.17,96.23,15245
2012-05-31 13:45:00,96.23,96.33,95.83,95.95,19892
2012-05-31 14:00:00,95.97,95.97,95.65,95.72,14779
2012-05-31 14:15:00,95.72,96.18,95.69,96.0208,17957
2012-05-31 14:30:00,95.99,96.1,95.9,95.98,20823
2012-05-31 14:45:00,95.93,96.18,95.93,96.135,19320
2012-05-31 15:00:00,96.13,96.14,95.83,96.06,20586
2012-05-31 15:15:00,96.1,96.1,95.81,95.9,50107
2012-05-31 15:30:00,95.9,96.15,95.88,96.105,57582
2012-05-31 15:45:00,96.11,96.29,95.98,96.24,65796
2012-05-31 16:00:00,96.24,96.24,95.79,95.79,103445
2012-06-01 09:45:00,94.7,95.31,94.37,94.94,166782
2012-06-01 10:00:00,94.95,95.02,94.54,94.94,97562
2012-06-01 10:15:00,95.0,95.05,94.68,94.73,45760
2012-06-01 10:30:00,94.7399,94.79,94.19,94.25,58086
2012-06-01 10:45:00,94.24,94.3,93.95,94.03,70430
2012-06-01 11:00:00,94.03,94.26,94.0,94.06,54376
2012-06-01 11:15:00,94.04,94.11,94.0,94.09,98955
2012-06-01 11:30:00,94.11,94.14,93.93,94.01,32992
2012-06-01 11:45:00,93.98,93.9825,93.6379,93.7,39530
2012-06-01 12:00:00,93.71,93.72,93.46,93.7,48414
2012-06-01 12:15:00,93.67,93.9561,93.58,93.94,64872
2012-06-01 12:30:00,93.94,93.98,93.66,93.7,18817
2012-06-01 12:45:00,93.67,93.67,93.34,93.34,19374
2012-06-01 13:00:00,93.34,93.55,93.31,93.31,28211
2012-06-01 13:15:00,93.33,93.35,93.11,93.19,30899
2012-06-01 13:30:00,93.19,93.24,93.09,93.2,47820
2012-06-01 13:45:00,93.23,93.26,92.99,93.07,40811
2012-06-01 14:00:00,93.07,93.16,93.0,93.16,26796
2012-06-01 14:15:00,93.18,93.27,93.0,93.0,64766
2012-06-01 14:30:00,93.0,93.46,93.0,93.27,46190
2012-06-01 14:45:00,93.27,93.47,93.25,93.37,82156
2012-06-01 15:00:00,93.36,93.42,93.24,93.25,49996
2012-06-01 15:15:00,93.25,93.3,93.04,93.07,64845
2012-06-01 15:30:00,93.06,93.15,92.88,93.04,129001
2012-06-01 15:45:00,93.03,93.2,92.85,93.06,104474
2012-06-01 16:00:00,93.08,93.24,93.04,93.07,135422
2012-06-04 09:45:00,93.38,94.2,93.37,93.79,108915
2012-06-04 10:00:00,93.79,93.8,93.15,93.315,63513
2012-06-04 10:15:00,93.28,93.566,93.0,93.47,112994
2012-06-04 10:30:00,93.5,94.1,93.48,93.74,101389
2012-06-04 10:45:00,93.71,93.92,93.55,93.83,79587
2012-06-04 11:00:00,93.8,94.29,93.71,94.02,95445
2012-06-04 11:15:00,94.0,94.01,93.58,93.74,133366
2012-06-04 11:30:00,93.76,93.8,93.58,93.62,22755
2012-06-04 11:45:00,93.6,93.84,93.59,93.78,36102
2012-06-04 12:00:00,93.796,93.83,93.59,93.65,75143
2012-06-04 12:15:00,93.61,93.72,93.5,93.51,24430
2012-06-04 12:30:00,93.56,93.581,93.5,93.52,51063
2012-06-04 12:45:00,93.51,93.57,93.5,93.57,45746
2012-06-04 13:00:00,93.56,93.72,93.5,93.69,29881
2012-06-04 13:15:00,93.69,93.87899999999999,93.67,93.71,48262
2012-06-04 13:30:00,93.73,93.8,93.49,93.59,42024
2012-06-04 13:45:00,93.62,93.9,93.62,93.7,49748
2012-06-04 14:00:00,93.7,93.71,93.43,93.53,20538
2012-06-04 14:15:00,93.55,93.58,93.36,93.44,38311
2012-06-04 14:30:00,93.44,93.68,93.42,93.63,33813
2012-06-04 14:45:00,93.61,94.16,93.57,93.79,99478
2012-06-04 15:00:00,93.83,93.84,93.57,93.57,60608
2012-06-04 15:15:00,93.59,93.75,93.52,93.53,50994
2012-06-04 15:30:00,93.54,93.78,93.52,93.66,62267
2012-06-04 15:45:00,93.67,93.68,93.52,93.6,86211
2012-06-04 16:00:00,93.61,94.09,93.61,94.01,96668
2012-06-05 09:45:00,94.08,94.16,93.38,94.16,75832
2012-06-05 10:00:00,94.13,94.54,94.06,94.16,40609
2012-06-05 10:15:00,94.11,94.9899,94.11,94.71,32399
2012-06-05 10:30:00,94.74,94.805,94.59,94.72,47941
2012-06-05 10:45:00,94.73,94.9,94.63,94.9,29634
2012-06-05 11:00:00,94.88,94.88,94.09,94.24,61668
2012-06-05 11:15:00,94.24,95.01,94.23,95.0,20073
2012-06-05 11:30:00,95.01,95.11,94.96,94.99,37751
2012-06-05 11:45:00,95.01,95.1,94.67,94.81299999999999,33682
2012-06-05 12:00:00,94.81,94.99,94.7004,94.73,48218
2012-06-05 12:15:00,94.71,95.11,94.68,94.97,53535
2012-06-05 12:30:00,94.98,95.17,94.81,95.08,21505
2012-06-05 12:45:00,95.11,95.485,95.11,95.47,41734
2012-06-05 13:00:00,95.48,95.53,94.83,95.26,86181
2012-06-05 13:15:00,95.21,95.21,94.96,95.0704,14774
2012-06-05 13:30:00,95.09,95.34,94.97,95.24,26761
2012-06-05 13:45:00,95.22,95.43,95.19,95.43,9991
2012-06-05 14:00:00,95.46,95.55,95.42,95.47,20358
2012-06-05 14:15:00,95.45,95.64,95.37,95.51,23297
2012-06-05 14:30:00,95.52,95.53,95.37,95.4098,17668
2012-06-05 14:45:00,95.41,95.48,95.22,95.23,27435
2012-06-05 15:00:00,95.2,95.36,95.16,95.289,23692
2012-06-05 15:15:00,95.29,95.52,95.12,95.22,43987
2012-06-05 15:30:00,95.23,95.36,95.1902,95.25,29412
2012-06-05 15:45:00,95.25,95.43,95.17,95.3,47048
2012-06-05 16:00:00,95.295,95.44,95.16,95.18,119667
2012-06-06 09:45:00,95.51,97.055,95.46,97.03,154646
2012-06-06 10:00:00,97.02,97.87,96.9604,97.58,98125
2012-06-06 10:15:00,97.52,98.068,97.52,98.06,72594
2012-06-06 10:30:00,98.08,98.36,98.03,98.27,99011
2012-06-06 10:45:00,98.28,98.65,98.28,98.64,61271
2012-06-06 11:00:00,98.64,99.07,98.63,98.97,67408
2012-06-06 11:15:00,98.98,99.1,98.74,98.84,56247
2012-06-06 11:30:00,98.85,98.86,98.53,98.59,41757
2012-06-06 11:45:00,98.56,98.97,98.525,98.85,42068
2012-06-06 12:00:00,98.83,98.83,98.72,98.76,20211
2012-06-06 12:15:00,98.71,98.81,98.71,98.7665,18780
2012-06-06 12:30:00,98.76,98.76,98.65,98.66,18775
2012-06-06 12:45:00,98.6675,98.83,98.63,98.76,17823
2012-06-06 13:00:00,98.75,98.79,98.64,98.6899,13917
2012-06-06 13:15:00,98.65,98.71,98.6,98.64,13895
2012-06-06 13:30:00,98.63,98.72,98.59,98.675,36474
2012-06-06 13:45:00,98.7,98.7,98.45,98.46,42701
2012-06-06 14:00:00,98.45,98.49,98.27,98.305,45255
2012-06-06 14:15:00,98.3,98.41,98.14,98.17,51323
2012-06-06 14:30:00,98.16,98.21,97.99,98.205,46914
2012-06-06 14:45:00,98.22,98.42,98.19,98.34,35463
2012-06-06 15:00:00,98.34,98.38,98.22,98.23,48607
2012-06-06 15:15:00,98.22,98.37,98.2,98.27,47067
2012-06-06 15:30:00,98.28,98.28,97.92,98.01,46759
2012-06-06 15:45:00,98.02,98.35,98.01,98.35,59044
2012-06-06 16:00:00,98.34,98.51,98.28,98.46,112972
2012-06-07 09:45:00,99.49,99.59,98.4101,98.5,89933
2012-06-07 10:00:00,98.5,98.63,98.15,98.15,83436
2012-06-07 10:15:00,98.1495,98.19,97.82,97.89,87777
2012-06-07 10:30:00,97.8801,98.21,97.81,98.03,69686
2012-06-07 10:45:00,98.03,98.12,97.56,97.8,47579
2012-06-07 11:00:00,97.8,97.87,97.63,97.72,41493
2012-06-07 11:15:00,97.73,97.79,97.32,97.41,91892
2012-06-07 11:30:00,97.37,97.66,97.31,97.32,48094
2012-06-07 11:45:00,97.281,97.39,97.2,97.26,32713
2012-06-07 12:00:00,97.3,97.42,97.0,97.0,34887
2012-06-07 12:15:00,97.0,97.19,96.92,97.11,47687
2012-06-07 12:30:00,97.1,97.34,97.1,97.24,25506
2012-06-07 12:45:00,97.23,97.23,96.91,97.1,40237
2012-06-07 13:00:00,97.08,97.365,97.0522,97.15700000000001,62045
2012-06-07 13:15:00,97.18,97.25,97.13,97.17,27952
2012-06-07 13:30:00,97.17,97.49,97.17,97.49,60973
2012-06-07 13:45:00,97.51,97.61,97.48,97.58,46613
2012-06-07 14:00:00,97.57,97.7,97.51,97.68,23185
2012-06-07 14:15:00,97.68,97.75,97.58,97.64,30732
2012-06-07 14:30:00,97.63,97.712,97.61,97.64,30294
2012-06-07 14:45:00,97.65,97.69,97.58,97.59,31614
2012-06-07 15:00:00,97.59,97.64,97.53,97.61,28571
2012-06-07 15:15:00,97.62,97.63,97.46,97.57,35631
2012-06-07 15:30:00,97.56,97.56,97.3,97.4,39882
2012-06-07 15:45:00,97.39,97.45,97.22,97.28,63779
2012-06-07 16:00:00,97.25,97.315,97.09,97.2,96241
2012-06-08 09:45:00,96.56,97.21,96.56,96.87,58051
2012-06-08 10:00:00,96.86,97.28,96.85,97.17,96483
2012-06-08 10:15:00,97.18,97.43,97.04,97.1,70723
2012-06-08 10:30:00,97.1,97.51,97.07,97.43,35179
2012-06-08 10:45:00,97.465,97.76,97.41,97.62,51431
2012-06-08 11:00:00,97.64,98.04,97.6,97.98,25674
2012-06-08 11:15:00,97.99,98.0,97.84,97.86,41956
2012-06-08 11:30:00,97.85,98.03,97.72,98.0,57592
2012-06-08 11:45:00,97.98,98.02,97.83,97.87,12499
2012-06-08 12:00:00,97.84,97.98,97.75,97.8,16170
2012-06-08 12:15:00,97.81,97.93,97.75,97.85,15960
2012-06-08 12:30:00,97.8555,97.8555,97.6,97.61,22279
2012-06-08 12:45:00,97.61,97.75,97.57,97.59,23204
2012-06-08 13:00:00,97.58,97.6,97.39,97.57,24765
2012-06-08 13:15:00,97.59,97.708,97.51,97.52,27619
2012-06-08 13:30:00,97.5,97.62,97.45,97.48,34704
2012-06-08 13:45:00,97.51,97.71,97.49,97.7,22295
2012-06-08 14:00:00,97.7,97.75,97.68,97.69,22754
2012-06-08 14:15:00,97.69,97.72,97.65,97.69,16600
2012-06-08 14:30:00,97.69,97.71,97.58,97.62,32714
2012-06-08 14:45:00,97.63,97.685,97.57,97.655,46868
2012-06-08 15:00:00,97.64,97.78,97.61,97.77,36031
2012-06-08 15:15:00,97.76,97.87,97.71,97.83,15600
2012-06-08 15:30:00,97.84,97.91,97.8,97.84,19689
2012-06-08 15:45:00,97.86,97.89,97.77,97.82,24607
2012-06-08 16:00:00,97.81,98.14,97.81,98.06,77434
2012-06-11 09:45:00,98.74,99.23,98.0,98.57,104633
2012-06-11 10:00:00,98.5,98.76,98.15,98.38,27365
2012-06-11 10:15:00,98.38,98.59,98.02,98.2901,26799
2012-06-11 10:30:00,98.32,98.47,98.1,98.11,57324
2012-06-11 10:45:00,98.11,98.45,98.02,98.32,15592
2012-06-11 11:00:00,98.3,98.33,98.0,98.13,27775
2012-06-11 11:15:00,98.16,98.53,98.09,98.46,28741
2012-06-11 11:30:00,98.48,98.73,98.47,98.68,13342
2012-06-11 11:45:00,98.65,98.86,98.58,98.7978,20422
2012-06-11 12:00:00,98.79,98.81,98.5032,98.81,21573
2012-06-11 12:15:00,98.8,98.81,98.6,98.63,20010
2012-06-11 12:30:00,98.59,98.68,98.5,98.6797,15320
2012-06-11 12:45:00,98.64,98.76,98.62,98.66,18726
2012-06-11 13:00:00,98.69,98.7654,98.4,98.5,16423
2012-06-11 13:15:00,98.54,98.71,98.49,98.7,17678
2012-06-11 13:30:00,98.73,98.73,98.48,98.56,10644
2012-06-11 13:45:00,98.53,98.6,98.19,98.21,24573
2012-06-11 14:00:00,98.2,98.27,98.04,98.04,11375
2012-06-11 14:15:00,98.02,98.0201,97.73,97.76,28408
2012-06-11 14:30:00,97.78,97.97,97.66,97.85,17211
2012-06-11 14:45:00,97.82,98.09,97.8,98.02,22569
2012-06-11 15:00:00,98.0,98.04,97.83,98.01,18467
2012-06-11 15:15:00,97.97,98.0131,97.48,97.55,27955
2012-06-11 15:30:00,97.52,97.56,97.24,97.38,28100
2012-06-11 15:45:00,97.405,97.72,97.405,97.6,39708
2012-06-11 16:00:00,97.57,97.6,96.96,97.08,130504
2012-06-12 09:45:00,97.56,98.52,97.2,98.22,33103
2012-06-12 10:00:00,98.21,98.435,98.05,98.37,61952
2012-06-12 10:15:00,98.4,98.54,97.87,98.05,81352
2012-06-12 10:30:00,98.09,98.57,98.01,98.5,40845
2012-06-12 10:45:00,98.56,98.69,98.27,98.65,45696
2012-06-12 11:00:00,98.56,99.01,98.54,98.59,69477
2012-06-12 11:15:00,98.59,99.52,98.57,99.23,63914
2012-06-12 11:30:00,99.26,99.29,98.91,99.11,28212
2012-06-12 11:45:00,99.12,99.47,99.11,99.43,53370
2012-06-12 12:00:00,99.43,99.49,99.21,99.32,42210
2012-06-12 12:15:00,99.32,99.45,98.87,99.085,41763
2012-06-12 12:30:00,99.06,99.22,98.9899,99.11,38179
2012-06-12 12:45:00,99.04,99.2,98.94,98.98,23555
2012-06-12 13:00:00,99.0,99.11,98.85,98.89,18634
2012-06-12 13:15:00,98.9,99.23,98.82,99.17,12083
2012-06-12 13:30:00,99.18,99.34,98.96,99.0064,80105
2012-06-12 13:45:00,98.98,99.15,98.92,99.02,13553
2012-06-12 14:00:00,98.9723,99.15,98.81,99.12,65459
2012-06-12 14:15:00,99.12,99.51,99.08,99.46,56016
2012-06-12 14:30:00,99.43,99.64,99.28,99.51,54014
2012-06-12 14:45:00,99.52,99.95,99.52,99.78,24355
2012-06-12 15:00:00,99.82,99.94,99.61,99.85,21513
2012-06-12 15:15:00,99.81,99.831,99.49,99.49,18064
2012-06-12 15:30:00,99.46,99.79,99.43,99.76,26299
2012-06-12 15:45:00,99.73,100.01,99.55,100.01,53990
2012-06-12 16:00:00,100.0,100.12,99.82,99.99,162140
2012-06-13 09:45:00,99.63,100.16,98.85,100.13,67093
2012-06-13 10:00:00,100.01,100.03,99.29,99.47,50732
2012-06-13 10:15:00,99.39,99.84,99.31,99.7,54285
2012-06-13 10:30:00,99.72,99.87,99.44,99.84,55894
2012-06-13 10:45:00,99.85,100.03,99.79,99.96,30507
2012-06-13 11:00:00,100.02,100.25,99.8001,100.16,29860
2012-06-13 11:15:00,100.16,100.16,100.0,100.07,20501
2012-06-13 11:30:00,100.08,100.14,99.98,100.13,22958
2012-06-13 11:45:00,100.13,100.34,100.11,100.22,45903
2012-06-13 12:00:00,100.22,100.24,99.93,99.93,67119
2012-06-13 12:15:00,99.85,99.8515,99.43,99.53,22328
2012-06-13 12:30:00,99.53,99.55,99.21,99.2375,9661
2012-06-13 12:45:00,99.23,99.48,99.19,99.48,11000
2012-06-13 13:00:00,99.5,99.6,99.39,99.4,9721
2012-06-13 13:15:00,99.45,99.5,99.28,99.5,11883
2012-06-13 13:30:00,99.52,99.63,99.32,99.42,15459
2012-06-13 13:45:00,99.44,99.53,99.33,99.33,8899
2012-06-13 14:00:00,99.26,99.31,98.77,98.85,20744
2012-06-13 14:15:00,98.84,99.035,98.84,98.96,34171
2012-06-13 14:30:00,98.94,99.04,98.65,98.7,14554
2012-06-13 14:45:00,98.69,98.71,98.26,98.3483,27803
2012-06-13 15:00:00,98.32,98.535,98.16,98.41,29674
2012-06-13 15:15:00,98.38,98.4,98.08,98.16,24400
2012-06-13 15:30:00,98.15,98.21,97.6599,97.81,73311
2012-06-13 15:45:00,97.76,97.88,97.65,97.68,57213
2012-06-13 16:00:00,97.68,97.734,97.47,97.59,133791
2012-06-14 09:45:00,97.96,99.02,97.75,98.23,82505
2012-06-14 10:00:00,98.21,99.32,98.06,99.32,155092
2012-06-14 10:15:00,99.36,99.47,98.94,99.04,38650
2012-06-14 10:30:00,98.94,99.31,98.93,99.07,49857
2012-06-14 10:45:00,99.08,99.14,98.74,98.75,35972
2012-06-14 11:00:00,98.75,99.07,98.72,99.07,33774
2012-06-14 11:15:00,99.07,99.23,98.86,99.23,24711
2012-06-14 11:30:00,99.21,99.5,99.13,99.44,15620
2012-06-14 11:45:00,99.46,99.48,99.04,99.07,30658
2012-06-14 12:00:00,99.06,99.12,98.83,98.83,16262
2012-06-14 12:15:00,98.8206,98.94,98.77,98.8,15934
2012-06-14 12:30:00,98.82,98.96,98.82,98.93,30164
2012-06-14 12:45:00,98.94,99.09,98.86,99.07,11699
2012-06-14 13:00:00,99.08,99.22,99.02,99.09,9656
2012-06-14 13:15:00,99.02,99.06,98.72,98.72,11757
2012-06-14 13:30:00,98.72,98.76,98.27,98.33,24780
2012-06-14 13:45:00,98.29,98.56,98.2,98.25,25768
2012-06-14 14:00:00,98.29,98.5,98.21,98.37,14699
2012-06-14 14:15:00,98.39,98.51,98.27,98.44,13302
2012-06-14 14:30:00,98.45,98.46,98.05,98.14,15920
2012-06-14 14:45:00,98.12,98.18,98.01,98.14,19911
2012-06-14 15:00:00,98.14,98.14,97.75,97.75,34911
2012-06-14 15:15:00,97.77,99.05,97.77,98.89,67524
2012-06-14 15:30:00,98.89,98.92,98.0,98.16,47163
2012-06-14 15:45:00,98.13,98.61,98.13,98.4,31715
2012-06-14 16:00:00,98.4,98.75,98.27,98.34,76173
2012-06-15 09:45:00,98.83,99.01,98.35,98.39,243271
2012-06-15 10:00:00,98.37,98.94,98.35,98.845,56046
2012-06-15 10:15:00,98.86,99.075,98.77,98.97,49459
2012-06-15 10:30:00,98.95,99.13,98.93,99.07,21909
2012-06-15 10:45:00,99.09,99.12,98.8618,98.96,22294
2012-06-15 11:00:00,98.98,99.08,98.94,99.015,15521
2012-06-15 11:15:00,99.05,99.19,98.98,99.18,22751
2012-06-15 11:30:00,99.18,99.18,98.98,99.09,10216
2012-06-15 11:45:00,99.09,99.26,99.05,99.2,16900
2012-06-15 12:00:00,99.152,99.27,99.152,99.24,25602
2012-06-15 12:15:00,99.2301,99.27,99.12,99.21,17238
2012-06-15 12:30:00,99.21,99.22,99.05,99.15,15340
2012-06-15 12:45:00,99.17,99.2,98.9475,99.02,56093
2012-06-15 13:00:00,99.04,99.1,99.0,99.0,38562
2012-06-15 13:15:00,99.0,99.24,99.0,99.16,15329
2012-06-15 13:30:00,99.19,99.19,98.89,98.96,33396
2012-06-15 13:45:00,98.98,99.07,98.97,99.0,29989
2012-06-15 14:00:00,98.98,99.0,98.87,98.97,25474
2012-06-15 14:15:00,98.92,98.9699,98.8,98.9,31593
2012-06-15 14:30:00,98.94,99.11,98.9,99.07,16188
2012-06-15 14:45:00,99.055,99.35,99.03,99.23,28734
2012-06-15 15:00:00,99.23,99.27,98.81,98.93,28269
2012-06-15 15:15:00,98.91,99.01,98.75,98.865,42904
2012-06-15 15:30:00,98.87,99.04,98.82,98.94,18377
2012-06-15 15:45:00,98.97,99.11,98.96,98.96,30782
2012-06-15 16:00:00,98.99,99.45,98.99,99.04,211645
2012-06-18 09:45:00,99.06,99.3,98.775,99.2,53966
2012-06-18 10:00:00,99.23,99.38,98.89,99.34,51075
2012-06-18 10:15:00,99.33,99.76,99.23,99.62,56121
2012-06-18 10:30:00,99.62,100.55,99.6,100.43,39688
2012-06-18 10:45:00,100.4299,100.75,100.29,100.72,30472
2012-06-18 11:00:00,100.71,101.03,100.59,100.67,47588
2012-06-18 11:15:00,100.67,100.87,100.655,100.69,27647
2012-06-18 11:30:00,100.68,100.829,100.57,100.63,47647
2012-06-18 11:45:00,100.66,100.78,100.41,100.56,29887
2012-06-18 12:00:00,100.6399,100.8,100.41,100.72,37367
2012-06-18 12:15:00,100.72,100.73,100.6,100.695,19550
2012-06-18 12:30:00,100.69,100.75,100.635,100.66,18318
2012-06-18 12:45:00,100.64,100.76,100.61,100.72,27186
2012-06-18 13:00:00,100.78,101.06,100.75,100.76,20573
2012-06-18 13:15:00,100.8,101.01,100.75,100.91,14700
2012-06-18 13:30:00,100.94,101.04,100.82,100.99,20338
2012-06-18 13:45:00,100.9889,101.02,100.91,100.95,22781
2012-06-18 14:00:00,100.93,101.03,100.86,101.0,36233
2012-06-18 14:15:00,101.02,101.02,100.89,101.005,21433
2012-06-18 14:30:00,101.06,101.2,101.03,101.07,22492
2012-06-18 14:45:00,101.06,101.11,101.05,101.1,22691
2012-06-18 15:00:00,101.08,101.12,100.98,101.115,16171
2012-06-18 15:15:00,101.12,101.28,100.92,100.92,20759
2012-06-18 15:30:00,100.9,101.25,100.82,101.22,46133
2012-06-18 15:45:00,101.2,101.38,101.01,101.27,54062
2012-06-18 16:00:00,101.25,101.49,101.22,101.48,137309
2012-06-19 09:45:00,101.75,102.42,101.56,102.37,78787
2012-06-19 10:00:00,102.37,102.84,102.19,102.82,91736
2012-06-19 10:15:00,102.76,102.96,102.38,102.55,40351
2012-06-19 10:30:00,102.58,102.87,102.52,102.62,46541
2012-06-19 10:45:00,102.63,102.92,102.62,102.8,97186
2012-06-19 11:00:00,102.81,102.95,102.61,102.6999,35079
2012-06-19 11:15:00,102.71,102.86,102.41,102.43,23895
2012-06-19 11:30:00,102.42,102.54,102.38,102.5,18661
2012-06-19 11:45:00,102.48,102.57,102.33,102.49,21400
2012-06-19 12:00:00,102.49,102.66,102.49,102.65,19781
2012-06-19 12:15:00,102.6,102.71,102.56,102.61,22018
2012-06-19 12:30:00,102.6022,102.7,102.5,102.62,19972
2012-06-19 12:45:00,102.62,102.62,102.1,102.22,27521
2012-06-19 13:00:00,102.2,102.3,102.0,102.0,46931
2012-06-19 13:15:00,102.04,102.04,101.72,101.78,71320
2012-06-19 13:30:00,101.78,101.92,101.66,101.83,35423
2012-06-19 13:45:00,101.83,101.9,101.56,101.61,46017
2012-06-19 14:00:00,101.61,101.61,101.22,101.3,56309
2012-06-19 14:15:00,101.31,101.31,100.9182,101.0,47060
2012-06-19 14:30:00,101.01,101.05,100.8,100.98,42787
2012-06-19 14:45:00,100.94,101.08,100.77,100.9,29459
2012-06-19 15:00:00,100.92,100.98,100.5,100.76,79839
2012-06-19 15:15:00,100.76,101.11,100.66,101.11,79727
2012-06-19 15:30:00,101.1,101.25,100.98,101.24,32157
2012-06-19 15:45:00,101.23,101.28,101.05,101.2,37486
2012-06-19 16:00:00,101.21,101.23,100.89,101.09,141802
2012-06-20 09:45:00,101.1,101.1,100.6548,101.06,31960
2012-06-20 10:00:00,101.1,101.28,100.91,101.19,33947
2012-06-20 10:15:00,101.22,101.29,100.97,101.29,33704
2012-06-20 10:30:00,101.33,101.43,101.02,101.15,36031
2012-06-20 10:45:00,101.14,101.29,101.095,101.1701,35193
2012-06-20 11:00:00,101.2,101.25,100.98,101.06,28335
2012-06-20 11:15:00,101.05,101.124,100.9,100.97,24078
2012-06-20 11:30:00,100.95,100.95,100.72,100.83,16409
2012-06-20 11:45:00,100.83,101.012,100.83,100.98,21411
2012-06-20 12:00:00,101.0,101.01,100.94,100.94,10855
2012-06-20 12:15:00,100.95,100.97,100.7675,100.85,9178
2012-06-20 12:30:00,100.88,100.99,100.71,100.79,29285
2012-06-20 12:45:00,100.74,101.0,100.3722,100.71,62020
2012-06-20 13:00:00,100.74,101.01,100.71,100.79,28455
2012-06-20 13:15:00,100.845,101.08,100.8,100.8,36450
2012-06-20 13:30:00,100.83,101.0,100.77,100.92200000000001,13426
2012-06-20 13:45:00,101.0,101.02,100.78,100.92,20248
2012-06-20 14:00:00,101.0,101.02,100.74,100.98,20455
2012-06-20 14:15:00,100.96,100.96,100.6345,100.6345,18658
2012-06-20 14:30:00,100.7,100.79,100.29,100.32,24231
2012-06-20 14:45:00,100.32,100.64,100.24,100.24,17347
2012-06-20 15:00:00,100.24,100.49,100.07,100.4105,23549
2012-06-20 15:15:00,100.41,100.4498,100.01,100.16,31283
2012-06-20 15:30:00,100.16,100.28,99.91,100.2411,26192
2012-06-20 15:45:00,100.28,100.37,99.96,100.2,37215
2012-06-20 16:00:00,100.2,100.28,99.99,100.19,136481
2012-06-21 09:45:00,100.59,100.765,100.16,100.33,56641
2012-06-21 10:00:00,100.28,100.429,100.06,100.19,47917
2012-06-21 10:15:00,100.12,100.12,99.37,99.67200000000001,55048
2012-06-21 10:30:00,99.67,99.97,99.63,99.73,41414
2012-06-21 10:45:00,99.72,99.8,99.55,99.8,22342
2012-06-21 11:00:00,99.81,99.86,99.59,99.72,19085
2012-06-21 11:15:00,99.74,99.74,99.0718,99.1199,28917
2012-06-21 11:30:00,99.09,99.17,98.95,99.01,55814
2012-06-21 11:45:00,99.01,99.13,98.95,99.1,45642
2012-06-21 12:00:00,99.11,99.11,98.97,99.1,27072
2012-06-21 12:15:00,99.06,99.1,98.88,99.03,30044
2012-06-21 12:30:00,99.0203,99.08,98.81,98.84,52528
2012-06-21 12:45:00,98.84,98.89,98.72,98.75,11467
2012-06-21 13:00:00,98.74,98.94,98.73,98.7659,11285
2012-06-21 13:15:00,98.76,98.86,98.6,98.6,17581
2012-06-21 13:30:00,98.6,98.7,98.26,98.26,20096
2012-06-21 13:45:00,98.25,98.32,98.0101,98.07,44826
2012-06-21 14:00:00,98.1,98.18,97.91,97.94,42303
2012-06-21 14:15:00,97.95,97.95,97.65,97.68,48004
2012-06-21 14:30:00,97.64,97.65,96.97,97.02,72709
2012-06-21 14:45:00,97.02,97.41,97.0,97.41,51155
2012-06-21 15:00:00,97.44,97.56,97.3601,97.5,33182
2012-06-21 15:15:00,97.47,97.55,97.34,97.4,27720
2012-06-21 15:30:00,97.4,97.42,97.09,97.26,51418
2012-06-21 15:45:00,97.3,97.4401,97.03,97.32,54794
2012-06-21 16:00:00,97.29,97.31,97.05,97.2,148108
2012-06-22 09:45:00,97.59,97.85,97.021,97.24,41703
2012-06-22 10:00:00,97.21,97.21,96.58,96.81,56541
2012-06-22 10:15:00,96.81,97.51,96.81,97.44,60055
2012-06-22 10:30:00,97.47,97.5,96.9,97.0,37109
2012-06-22 10:45:00,96.99,97.08,96.89,97.0,34364
2012-06-22 11:00:00,96.98,97.1,96.98,97.0,36528
2012-06-22 11:15:00,96.98,97.28,96.93,96.97,37279
2012-06-22 11:30:00,96.9607,97.1,96.91,96.92,23069
2012-06-22 11:45:00,96.93,97.2,96.93,97.06,25117
2012-06-22 12:00:00,97.085,97.175,97.01,97.1,18658
2012-06-22 12:15:00,97.11,97.245,97.07,97.22,14683
2012-06-22 12:30:00,97.21,97.24,97.08,97.16,20468
2012-06-22 12:45:00,97.16,97.22,97.11,97.2,19127
2012-06-22 13:00:00,97.21,97.25,97.11,97.12,8494
2012-06-22 13:15:00,97.0935,97.13,96.9,96.94,11308
2012-06-22 13:30:00,96.93,97.06,96.83,96.9,37420
2012-06-22 13:45:00,96.9,97.01,96.86,96.99,19287
2012-06-22 14:00:00,97.0,97.17,96.98,97.15,15900
2012-06-22 14:15:00,97.15,97.33,97.15,97.33,11007
2012-06-22 14:30:00,97.33,97.4699,97.32,97.46,9833
2012-06-22 14:45:00,97.45,97.56,97.41,97.47,10123
2012-06-22 15:00:00,97.48,97.7,97.43,97.64,14801
2012-06-22 15:15:00,97.64,97.76,97.42,97.72,19438
2012-06-22 15:30:00,97.68,97.68,97.5,97.57,16783
2012-06-22 15:45:00,97.54,97.55,97.35,97.42,43600
2012-06-22 16:00:00,97.45,97.5,97.33,97.34,93547
2012-06-25 09:45:00,96.96,97.23,95.9,96.02,83136
2012-06-25 10:00:00,96.04,96.49,96.0,96.26,105249
2012-06-25 10:15:00,96.305,96.67,96.19,96.23,75286
2012-06-25 10:30:00,96.2,96.215,95.5,95.51,40529
2012-06-25 10:45:00,95.48,95.8699,95.41,95.49,37237
2012-06-25 11:00:00,95.5,95.86,95.4,95.72,20768
2012-06-25 11:15:00,95.74,95.9,95.49,95.6,23573
2012-06-25 11:30:00,95.51,95.74,95.45,95.51,18886
2012-06-25 11:45:00,95.51,95.51,95.31,95.5,26475
2012-06-25 12:00:00,95.53,95.6,95.22,95.27,50947
2012-06-25 12:15:00,95.25,95.48,95.21,95.45,24690
2012-06-25 12:30:00,95.47,95.8,95.47,95.66,13208
2012-06-25 12:45:00,95.63,95.64,95.51,95.64,10324
2012-06-25 13:00:00,95.66,95.7,95.4,95.6,36582
2012-06-25 13:15:00,95.6,95.63,95.44,95.56,16551
2012-06-25 13:30:00,95.55,95.73,95.51,95.728,16184
2012-06-25 13:45:00,95.71,95.9782,95.69,95.87,16777
2012-06-25 14:00:00,95.85,95.9,95.75,95.9,10694
2012-06-25 14:15:00,95.9,95.98,95.8,95.92,11948
2012-06-25 14:30:00,95.94,95.97,95.69200000000001,95.69200000000001,29923
2012-06-25 14:45:00,95.68,95.68,95.32,95.4,25404
2012-06-25 15:00:00,95.39,95.51,95.31,95.36,27090
2012-06-25 15:15:00,95.35,95.41,95.2,95.38,28426
2012-06-25 15:30:00,95.39,95.39,95.14,95.21,31712
2012-06-25 15:45:00,95.2089,95.26,95.05,95.1,47313
2012-06-25 16:00:00,95.13,95.39,95.13,95.23,105251
2012-06-26 09:45:00,95.52,96.35,95.25,95.48,167842
2012-06-26 10:00:00,95.44,95.46,94.55,95.13,95718
2012-06-26 10:15:00,95.11,95.5,94.81,95.03,49163
2012-06-26 10:30:00,95.03,95.09,94.86,94.98,42099
2012-06-26 10:45:00,94.98,95.26,94.96,95.04,42196
2012-06-26 11:00:00,95.06,95.17,94.86,95.1,41406
2012-06-26 11:15:00,95.05,95.44,94.96,95.22,76739
2012-06-26 11:30:00,95.17,95.46,95.07,95.36,10954
2012-06-26 11:45:00,95.4,95.76,95.4,95.76,8689
2012-06-26 12:00:00,95.76,96.05,95.71,95.9,45523
2012-06-26 12:15:00,95.91,96.03,95.88,95.89,31722
2012-06-26 12:30:00,95.89,96.03,95.89,95.97,13024
2012-06-26 12:45:00,95.9899,96.27,95.9899,96.23,16584
2012-06-26 13:00:00,96.26,96.37,96.05,96.07,63756
2012-06-26 13:15:00,96.05,96.26,96.02799999999999,96.22,20170
2012-06-26 13:30:00,96.22,96.32,96.16,96.3,11772
2012-06-26 13:45:00,96.28,96.42,96.18,96.3825,20015
2012-06-26 14:00:00,96.42,96.6099,96.3449,96.5,24895
2012-06-26 14:15:00,96.51,96.98,96.51,96.98,30050
2012-06-26 14:30:00,96.97,97.03,96.88,96.92,29444
2012-06-26 14:45:00,96.94,96.9698,96.75,96.84,37979
2012-06-26 15:00:00,96.82,96.85,96.64,96.77,36684
2012-06-26 15:15:00,96.76,96.81,96.59,96.62,26040
2012-06-26 15:30:00,96.61,96.795,96.56,96.66,38044
2012-06-26 15:45:00,96.68799999999999,96.76,96.42,96.58,50291
2012-06-26 16:00:00,96.57,96.72,96.45,96.45,85054
2012-06-27 09:45:00,77.71,79.3516,75.61,79.17,2077732
2012-06-27 10:00:00,79.145,79.47,78.17,79.24,1027917
2012-06-27 10:15:00,79.2295,80.44,78.63,79.4398,1212308
2012-06-27 10:30:00,79.34,80.2899,78.85,80.14,543723
2012-06-27 10:45:00,80.11,80.88,79.68,79.94,596314
2012-06-27 11:00:00,79.9307,80.47,79.76,80.31,484736
2012-06-27 11:15:00,80.33,80.97,80.26,80.69,513232
2012-06-27 11:30:00,80.69,80.78,80.4,80.68,274416
2012-06-27 11:45:00,80.69,81.55,80.69,81.51,502765
2012-06-27 12:00:00,81.49,82.57,81.405,82.115,693336
2012-06-27 12:15:00,82.12,82.95,82.11,82.59,402066
2012-06-27 12:30:00,82.58,82.95,82.48,82.82,290648
2012-06-27 12:45:00,82.84,82.92,82.73,82.77,215640
2012-06-27 13:00:00,82.765,83.1,82.5,82.95,319843
2012-06-27 13:15:00,82.97,83.44,82.93,83.3395,215691
2012-06-27 13:30:00,83.335,83.365,82.52,82.551,280921
2012-06-27 13:45:00,82.53,82.79,82.31,82.73,366100
2012-06-27 14:00:00,82.72,83.19,82.54,82.57,145449
2012-06-27 14:15:00,82.57,82.64,82.46,82.49,255209
2012-06-27 14:30:00,82.495,82.51,81.99,82.24,297264
2012-06-27 14:45:00,82.26,82.65,82.225,82.4116,184525
2012-06-27 15:00:00,82.43,82.65,82.36,82.55,166730
2012-06-27 15:15:00,82.6,82.6,82.21,82.28,228190
2012-06-27 15:30:00,82.285,82.58,82.28,82.54,143161
2012-06-27 15:45:00,82.545,82.59,82.35,82.53,303523
2012-06-27 16:00:00,82.52,82.62,82.48,82.62,323449
2012-06-28 09:45:00,82.12,82.91,81.86,82.64,375666
2012-06-28 10:00:00,82.6425,82.65,82.24,82.51,186422
2012-06-28 10:15:00,82.55,82.56,81.825,81.85,202889
2012-06-28 10:30:00,81.86,82.07,81.35,81.42,222109
2012-06-28 10:45:00,81.42,81.52,80.92,80.92,267337
2012-06-28 11:00:00,80.91,81.0057,80.43,80.59,143081
2012-06-28 11:15:00,80.58,80.85,80.27,80.75,135487
2012-06-28 11:30:00,80.67,81.08,80.5,81.02,79015
2012-06-28 11:45:00,81.02,81.13,80.7663,80.835,84717
2012-06-28 12:00:00,80.8318,80.84,80.6,80.66,99436
2012-06-28 12:15:00,80.68,81.16,80.67,80.965,59720
2012-06-28 12:30:00,80.96,81.03,80.7,80.92,103773
2012-06-28 12:45:00,80.92,81.06,80.88,80.95,84752
2012-06-28 13:00:00,80.96,80.98,80.81,80.925,62454
2012-06-28 13:15:00,80.87,80.98,80.76,80.95,106879
2012-06-28 13:30:00,80.94,81.11,80.94,81.01,74478
2012-06-28 13:45:00,81.0,81.06,80.98,81.06,40450
2012-06-28 14:00:00,81.07,81.15,80.98,81.15,49906
2012-06-28 14:15:00,81.15,81.28,80.97,81.015,77205
2012-06-28 14:30:00,81.01,81.015,80.9,80.995,109909
2012-06-28 14:45:00,80.99,81.03,80.96,80.99,79161
2012-06-28 15:00:00,80.99,81.11,80.99,81.1,70448
2012-06-28 15:15:00,81.095,81.16,81.04,81.16,83422
2012-06-28 15:30:00,81.15,81.195,80.939,80.99,119196
2012-06-28 15:45:00,81.0,81.12,80.96,80.985,188271
2012-06-28 16:00:00,80.99,81.35,80.98,81.34,288484
2012-06-29 09:45:00,82.21,82.91799999999999,82.2,82.59,138119
2012-06-29 10:00:00,82.6,83.11,82.5902,83.06,87170
2012-06-29 10:15:00,83.11,83.87,83.08,83.63,121644
2012-06-29 10:30:00,83.64,83.914,83.59,83.74,70932
2012-06-29 10:45:00,83.78,83.89,83.62,83.7,67096
2012-06-29 11:00:00,83.71,83.81,83.61,83.804,81887
2012-06-29 11:15:00,83.8,84.02,83.78399999999999,83.78399999999999,85441
2012-06-29 11:30:00,83.82,84.05,83.8,84.02,39168
2012-06-29 11:45:00,84.0118,84.17,83.95,84.14,63898
2012-06-29 12:00:00,84.13,84.24,84.12,84.18,48803
2012-06-29 12:15:00,84.17,84.3599,84.14,84.29,52842
2012-06-29 12:30:00,84.26,84.42,84.22,84.35,47044
2012-06-29 12:45:00,84.34,84.4099,84.26,84.28,48095
2012-06-29 13:00:00,84.26,84.62,84.26,84.62,50321
2012-06-29 13:15:00,84.63,85.06,84.6,84.9,71734
2012-06-29 13:30:00,84.92,84.97,84.81,84.9,60654
2012-06-29 13:45:00,84.89,84.98,84.68,84.75,58084
2012-06-29 14:00:00,84.72,84.84,84.7,84.8,40056
2012-06-29 14:15:00,84.81,84.83,84.59,84.59,47610
2012-06-29 14:30:00,84.58,84.75,84.46,84.73,61336
2012-06-29 14:45:00,84.72,84.72,84.35,84.37,58041
2012-06-29 15:00:00,84.36,84.47,84.34,84.44,54641
2012-06-29 15:15:00,84.43,84.43,84.2,84.21,69972
2012-06-29 15:30:00,84.21,84.21,83.9,83.91,71141
2012-06-29 15:45:00,83.9,83.96,83.71,83.81,111942
2012-06-29 16:00:00,83.8,83.85,83.51,83.82,300535
2012-07-02 09:45:00,84.25,84.25,82.46,83.67,211114
2012-07-02 10:00:00,83.67,83.76,83.3,83.35,97786
2012-07-02 10:15:00,83.35,83.35,82.86,83.1901,109563
2012-07-02 10:30:00,83.21,83.21,83.03,83.09,72732
2012-07-02 10:45:00,83.08,83.29,83.03,83.13,75484
2012-07-02 11:00:00,83.14,83.37,83.05,83.1,75156
2012-07-02 11:15:00,83.1,83.1699,82.84,82.8601,107206
2012-07-02 11:30:00,82.86,83.05,82.73,82.75,64441
2012-07-02 11:45:00,82.75,82.83,82.64,82.71,97933
2012-07-02 12:00:00,82.75,83.01,82.75,82.99,72751
2012-07-02 12:15:00,83.0,83.02,82.9,82.99,90002
2012-07-02 12:30:00,82.99,83.1611,82.99,83.085,103085
2012-07-02 12:45:00,83.08,83.52,83.08,83.5,68629
2012-07-02 13:00:00,83.51,83.79,83.5,83.73,92480
2012-07-02 13:15:00,83.74,83.815,83.69,83.77,64981
2012-07-02 13:30:00,83.77,83.9701,83.765,83.94,79573
2012-07-02 13:45:00,83.9699,84.22,83.93,84.22,66017
2012-07-02 14:00:00,84.22,84.93,84.21,84.9,161333
2012-07-02 14:15:00,84.9,85.24,84.72,85.06,132321
2012-07-02 14:30:00,85.08,85.49,84.85,85.0,97770
2012-07-02 14:45:00,85.04,85.08,84.65,84.67,55025
2012-07-02 15:00:00,84.65,84.84,84.58,84.75,82353
2012-07-02 15:15:00,84.74,84.78,84.66,84.74,70648
2012-07-02 15:30:00,84.73,84.87,84.71,84.84,100982
2012-07-02 15:45:00,84.8499,84.96,84.76,84.82,85826
2012-07-02 16:00:00,84.82,85.14,84.79,85.1,188541
2012-07-03 09:45:00,85.0,85.24,84.51,84.82,95502
2012-07-03 10:00:00,84.81,84.92,84.61,84.86,69431
2012-07-03 10:15:00,84.88,85.01,84.81,84.9,48563
2012-07-03 10:30:00,84.92,84.97,84.69,84.72,65814
2012-07-03 10:45:00,84.72,84.75,84.43,84.46,66783
2012-07-03 11:00:00,84.45,84.61,84.41,84.5182,41844
2012-07-03 11:15:00,84.48,84.49,84.28,84.35,72261
2012-07-03 11:30:00,84.35,84.65,84.35,84.64,46381
2012-07-03 11:45:00,84.65,84.72,84.54,84.59,41529
2012-07-03 12:00:00,84.58,84.74,84.55,84.74,26971
2012-07-03 12:15:00,84.76,84.78,84.47,84.49,28764
2012-07-03 12:30:00,84.5,84.53,84.42,84.49,36360
2012-07-03 12:45:00,84.495,84.64,84.3427,84.35,54293
2012-07-03 13:00:00,84.33,84.39,84.23,84.35,84270
2012-07-03 13:15:00,84.38,84.6274,84.36,84.38,19404
2012-07-03 13:30:00,84.6204,84.64,84.38,84.38,2596
2012-07-03 14:15:00,84.38,84.38,84.38,84.38,315
2012-07-05 09:45:00,84.36,84.935,84.06,84.62,96952
2012-07-05 10:00:00,84.64,85.07,84.57,84.93,72485
2012-07-05 10:15:00,84.94,85.0,84.73,84.8,67059
2012-07-05 10:30:00,84.8,85.81,84.75,85.56,142921
2012-07-05 10:45:00,85.56,86.3,85.44,86.27,95927
2012-07-05 11:00:00,86.23,86.67,86.2,86.49,66444
2012-07-05 11:15:00,86.49,86.9399,86.49,86.58,71421
2012-07-05 11:30:00,86.58,86.66,86.24,86.36,60145
2012-07-05 11:45:00,86.36,86.38,86.01,86.02,45123
2012-07-05 12:00:00,86.07,86.15,86.0,86.11,29953
2012-07-05 12:15:00,86.11,86.38,86.05,86.38,94955
2012-07-05 12:30:00,86.3771,86.64,86.17,86.17,66073
2012-07-05 12:45:00,86.23,86.23,86.06,86.06,38329
2012-07-05 13:00:00,86.07,86.63,86.06,86.47,103732
2012-07-05 13:15:00,86.49,86.55,86.33,86.43,22828
2012-07-05 13:30:00,86.43,86.76,86.41,86.7,43162
2012-07-05 13:45:00,86.7,86.78,86.62,86.68,20857
2012-07-05 14:00:00,86.69,86.97,86.685,86.83,40314
2012-07-05 14:15:00,86.82,86.9,86.74,86.8289,31874
2012-07-05 14:30:00,86.82,86.94,86.82,86.88,39897
2012-07-05 14:45:00,86.88,86.88,86.65,86.76,27495
2012-07-05 15:00:00,86.76,86.85,86.51,86.58,29800
2012-07-05 15:15:00,86.575,86.59,86.47,86.5,33564
2012-07-05 15:30:00,86.5,86.65,86.48,86.6498,52318
2012-07-05 15:45:00,86.63,86.77,86.57,86.67,82742
2012-07-05 16:00:00,86.67,86.9,86.57,86.58,143437
2012-07-06 09:45:00,86.51,86.82,86.16,86.24,72115
2012-07-06 10:00:00,86.14,86.42,86.0,86.32,66926
2012-07-06 10:15:00,86.32,86.42,86.13,86.35,75557
2012-07-06 10:30:00,86.23,86.28,86.05,86.1,47092
2012-07-06 10:45:00,86.1,86.14,85.66,85.675,44699
2012-07-06 11:00:00,85.66,85.74,85.44,85.71,37804
2012-07-06 11:15:00,85.72,85.84,85.64,85.73,53962
2012-07-06 11:30:00,85.7,85.77,85.66,85.7,32358
2012-07-06 11:45:00,85.7,85.92,85.67,85.89,42988
2012-07-06 12:00:00,85.9075,85.99,85.7,85.72,16608
2012-07-06 12:15:00,85.7,85.82,85.68,85.75,27243
2012-07-06 12:30:00,85.76,85.86,85.75,85.85,22763
2012-07-06 12:45:00,85.85,85.99,85.82,85.99,24205
2012-07-06 13:00:00,85.98,86.14,85.87,86.01,22191
2012-07-06 13:15:00,86.03,86.05,85.96,85.99,30212
2012-07-06 13:30:00,85.99,86.12,85.82,85.82,22570
2012-07-06 13:45:00,85.85,85.89,85.72,85.86,35814
2012-07-06 14:00:00,85.82,86.03,85.82,85.97,26594
2012-07-06 14:15:00,85.96,86.04,85.94,86.01,14217
2012-07-06 14:30:00,85.99,86.14,85.89,86.1,21274
2012-07-06 14:45:00,86.09,86.46,86.09,86.39,36269
2012-07-06 15:00:00,86.4,86.55,86.36,86.48,27892
2012-07-06 15:15:00,86.48,86.69,86.47,86.69,38026
2012-07-06 15:30:00,86.6999,86.7,86.55,86.69,35008
2012-07-06 15:45:00,86.698,86.8,86.6,86.7,57842
2012-07-06 16:00:00,86.71,86.87,86.65,86.78,111643
2012-07-09 09:45:00,86.75,86.81,85.93,86.0299,68098
2012-07-09 10:00:00,86.0,86.37,85.86,86.02,110636
2012-07-09 10:15:00,85.94,85.94,85.52,85.794,95516
2012-07-09 10:30:00,85.78,85.88,85.53,85.55,52998
2012-07-09 10:45:00,85.54,85.8598,85.52,85.77,31920
2012-07-09 11:00:00,85.75,86.1,85.69,86.06,32040
2012-07-09 11:15:00,86.06,86.13,85.74,85.75,18201
2012-07-09 11:30:00,85.72,85.9,85.66,85.74,26246
2012-07-09 11:45:00,85.7462,85.77,85.53,85.55,58443
2012-07-09 12:00:00,85.55,85.58,85.31,85.33,24498
2012-07-09 12:15:00,85.33,85.49,85.33,85.49,27152
2012-07-09 12:30:00,85.4625,85.6,85.44,85.45,28294
2012-07-09 12:45:00,85.47,85.55,85.33,85.52,76740
2012-07-09 13:00:00,85.54,85.76,85.41,85.66,43115
2012-07-09 13:15:00,85.71,86.14,85.67,86.12,20440
2012-07-09 13:30:00,86.18,86.34,86.17,86.28,29880
2012-07-09 13:45:00,86.275,86.33,86.19,86.29,17507
2012-07-09 14:00:00,86.28,86.28,86.11,86.15,11334
2012-07-09 14:15:00,86.14,86.27,86.1,86.14,22807
2012-07-09 14:30:00,86.1018,86.17,85.98,86.04,21939
2012-07-09 14:45:00,86.01,86.28,85.89,86.21,68599
2012-07-09 15:00:00,86.18,86.18,85.93,86.0,15718
2012-07-09 15:15:00,86.01,86.01,85.9201,85.94,37448
2012-07-09 15:30:00,85.93,86.25,85.92,86.19,49586
2012-07-09 15:45:00,86.17,86.73,86.17,86.73,97273
2012-07-09 16:00:00,86.73,86.83,86.6,86.74,177563
2012-07-10 09:45:00,86.95,87.19,86.6,86.9,92074
2012-07-10 10:00:00,86.93,86.95,86.59,86.87,33698
2012-07-10 10:15:00,86.84,86.98,86.57,86.57,67209
2012-07-10 10:30:00,86.56,86.59,86.22,86.3,57560
2012-07-10 10:45:00,86.28,86.39,85.95,86.12,52458
2012-07-10 11:00:00,86.12,86.26,85.91,86.0,57607
2012-07-10 11:15:00,86.0,86.02,85.57,85.72,71835
2012-07-10 11:30:00,85.74,86.06,85.72,85.99,49893
2012-07-10 11:45:00,85.97,86.24,85.9,86.23,46407
2012-07-10 12:00:00,86.25,86.57,86.23,86.445,39644
2012-07-10 12:15:00,86.46,86.7499,86.41,86.63,26090
2012-07-10 12:30:00,86.64,86.726,86.515,86.71,27701
2012-07-10 12:45:00,86.68,86.77,86.66,86.69,24271
2012-07-10 13:00:00,86.67,86.71,86.57,86.6299,14649
2012-07-10 13:15:00,86.615,86.74,86.615,86.73,24825
2012-07-10 13:30:00,86.73,86.85,86.69,86.69,32491
2012-07-10 13:45:00,86.72,86.83,86.6,86.75,46182
2012-07-10 14:00:00,86.76,86.91,86.66,86.86200000000001,28468
2012-07-10 14:15:00,86.85,87.01,86.78,86.78,40410
2012-07-10 14:30:00,86.73,86.8,86.56200000000001,86.66,49841
2012-07-10 14:45:00,86.67,87.04,86.66,87.0,63132
2012-07-10 15:00:00,87.02,87.13,86.81,86.91,53025
2012-07-10 15:15:00,86.915,87.08,86.9,87.01,84062
2012-07-10 15:30:00,87.04,87.13,86.92,87.03,69851
2012-07-10 15:45:00,87.03,87.12,87.02,87.1,55008
2012-07-10 16:00:00,87.1,87.53,87.1,87.24,197143
2012-07-11 09:45:00,87.01,87.48,86.96,87.21,84198
2012-07-11 10:00:00,87.15,87.38,87.06,87.28,36190
2012-07-11 10:15:00,87.34,87.57,87.29,87.4,30322
2012-07-11 10:30:00,87.41,87.62,87.37,87.46,38523
2012-07-11 10:45:00,87.4,87.595,87.32,87.32,79303
2012-07-11 11:00:00,87.32,87.35,87.02,87.06,73845
2012-07-11 11:15:00,87.05,87.06,86.9,86.9,61801
2012-07-11 11:30:00,86.91,87.32,86.89200000000001,87.3,52733
2012-07-11 11:45:00,87.3,87.41,87.3,87.37,20888
2012-07-11 12:00:00,87.354,87.61,87.28,87.56,95655
2012-07-11 12:15:00,87.59,87.7,87.59,87.68,30474
2012-07-11 12:30:00,87.65,87.82,87.65,87.75,27584
2012-07-11 12:45:00,87.75,87.96,87.74,87.93,38830
2012-07-11 13:00:00,87.93,88.13,87.89,88.06,31387
2012-07-11 13:15:00,88.06,88.1299,87.78,87.78,28024
2012-07-11 13:30:00,87.78,87.78,87.47,87.47,31614
2012-07-11 13:45:00,87.47,87.62,87.36,87.58,33665
2012-07-11 14:00:00,87.58,87.89,87.575,87.82,52165
2012-07-11 14:15:00,87.83,87.87,87.37,87.6437,85808
2012-07-11 14:30:00,87.67,87.76,87.45,87.53,43977
2012-07-11 14:45:00,87.52,87.54,87.37,87.5,47935
2012-07-11 15:00:00,87.4899,87.67,87.4899,87.58,32752
2012-07-11 15:15:00,87.59,87.82,87.59,87.81,33344
2012-07-11 15:30:00,87.81,87.92,87.76,87.85,37540
2012-07-11 15:45:00,87.86,88.33,87.86,88.28,87840
2012-07-11 16:00:00,88.26,88.4,88.01,88.02,149399
2012-07-12 09:45:00,87.28,87.84,87.28,87.44,98518
2012-07-12 10:00:00,87.44,88.0782,87.38,87.97,74106
2012-07-12 10:15:00,88.05,88.05,87.46,87.65,94167
2012-07-12 10:30:00,87.63,87.96,87.55,87.94,93150
2012-07-12 10:45:00,87.96,88.27,87.94,88.27,46689
2012-07-12 11:00:00,88.27,88.84,88.22,88.723,73021
2012-07-12 11:15:00,88.72,89.46,88.67,89.38,119975
2012-07-12 11:30:00,89.42,89.7,89.31,89.62,59008
2012-07-12 11:45:00,89.6125,90.1,89.6,90.03,121742
2012-07-12 12:00:00,89.99,90.94,89.99,90.93,214471
2012-07-12 12:15:00,90.9,91.47,90.52,90.69,299001
2012-07-12 12:30:00,90.72,91.15,90.35,90.98200000000001,135282
2012-07-12 12:45:00,91.04,92.03,90.87,91.68,215756
2012-07-12 13:00:00,91.71,91.75,91.4,91.72,108395
2012-07-12 13:15:00,91.73,92.0,91.7,91.75,160837
2012-07-12 13:30:00,91.74,91.87,91.36,91.39,54188
2012-07-12 13:45:00,91.39,91.47,91.2,91.33,46752
2012-07-12 14:00:00,91.28,91.33,91.1,91.16,42933
2012-07-12 14:15:00,91.15,91.38,91.0,91.0018,80228
2012-07-12 14:30:00,91.0,91.28,90.95,91.19,61409
2012-07-12 14:45:00,91.18,91.42,91.16,91.24,52867
2012-07-12 15:00:00,91.2475,91.35,91.06,91.21,48788
2012-07-12 15:15:00,91.225,91.42,91.1,91.25,67546
2012-07-12 15:30:00,91.25,91.55,91.2,91.49,117234
2012-07-12 15:45:00,91.495,91.93,91.46,91.93,130187
2012-07-12 16:00:00,91.93,92.01,91.17,91.23,264045
2012-07-13 09:45:00,91.36,91.95,91.21,91.72,124579
2012-07-13 10:00:00,91.76,91.9,91.34,91.85,104480
2012-07-13 10:15:00,91.87,92.42,91.87,92.42,91075
2012-07-13 10:30:00,92.41,92.49,92.03,92.0304,79725
2012-07-13 10:45:00,92.03,92.31,92.01,92.11,140251
2012-07-13 11:00:00,92.135,92.21,91.88,91.88,38972
2012-07-13 11:15:00,91.87,91.94,91.65,91.72,33669
2012-07-13 11:30:00,91.74,91.8482,91.5,91.525,61400
2012-07-13 11:45:00,91.53,91.91,91.52,91.8501,44483
2012-07-13 12:00:00,91.9,92.09,91.82,91.86,40953
2012-07-13 12:15:00,91.84,91.93,91.71,91.81,26607
2012-07-13 12:30:00,91.76,91.86,91.67,91.69,22309
2012-07-13 12:45:00,91.65,91.65,91.31,91.31,54535
2012-07-13 13:00:00,91.32,91.48,91.3,91.375,48278
2012-07-13 13:15:00,91.38,91.6,91.36,91.51,36951
2012-07-13 13:30:00,91.5,91.5,91.32,91.32,33027
2012-07-13 13:45:00,91.33,91.61,91.3,91.55,43969
2012-07-13 14:00:00,91.56,91.715,91.54,91.68,22693
2012-07-13 14:15:00,91.65,91.695,91.44,91.46,30315
2012-07-13 14:30:00,91.46,91.52,91.4,91.47,49513
2012-07-13 14:45:00,91.48,91.56,91.42,91.56,27125
2012-07-13 15:00:00,91.56,91.59,91.4,91.455,33087
2012-07-13 15:15:00,91.45,91.93,91.45,91.92,42974
2012-07-13 15:30:00,91.93,92.03,91.85,91.85,56954
2012-07-13 15:45:00,91.85,91.89,91.76,91.86,58068
2012-07-13 16:00:00,91.87,91.88,91.68,91.73,143558
2012-07-16 09:45:00,91.3,91.54,90.57,90.72,107659
2012-07-16 10:00:00,90.74,90.84,90.48,90.6,76906
2012-07-16 10:15:00,90.56,90.74,90.5,90.71,53108
2012-07-16 10:30:00,90.69,90.88,90.625,90.88,39476
2012-07-16 10:45:00,90.9,91.49,90.86,91.3,112749
2012-07-16 11:00:00,91.3,91.5,91.24,91.26,20837
2012-07-16 11:15:00,91.3,91.48,91.2,91.41,28446
2012-07-16 11:30:00,91.44,91.47,91.33,91.34,27075
2012-07-16 11:45:00,91.33,91.42,91.2,91.21,20607
2012-07-16 12:00:00,91.21,91.27,91.14,91.23,27693
2012-07-16 12:15:00,91.225,91.26,91.09,91.12,15441
2012-07-16 12:30:00,91.11,91.118,90.87,90.95,14956
2012-07-16 12:45:00,90.91,90.95,90.421,90.46,92431
2012-07-16 13:00:00,90.5,90.71,90.46,90.68,30049
2012-07-16 13:15:00,90.64,90.7,90.47,90.48,19772
2012-07-16 13:30:00,90.49,90.5824,90.36,90.5297,37076
2012-07-16 13:45:00,90.5,90.77,90.5,90.69,56462
2012-07-16 14:00:00,90.66,90.91,90.63,90.68,38029
2012-07-16 14:15:00,90.67,90.8,90.65100000000001,90.755,61407
2012-07-16 14:30:00,90.76,90.815,90.71,90.745,28554
2012-07-16 14:45:00,90.74,90.77799999999999,90.6661,90.77,27625
2012-07-16 15:00:00,90.75,90.77,90.58,90.72,28050
2012-07-16 15:15:00,90.72,90.74,90.615,90.71,34849
2012-07-16 15:30:00,90.71,90.74,90.62,90.62,41660
2012-07-16 15:45:00,90.62,90.65,90.46,90.49,62276
2012-07-16 16:00:00,90.5,90.76,90.36,90.59,323264
2012-07-17 09:45:00,91.28,92.52,91.28,92.26,130800
2012-07-17 10:00:00,92.23,92.35,91.94,92.15,67897
2012-07-17 10:15:00,92.15,92.15,91.88,91.93,45130
2012-07-17 10:30:00,91.93,92.03,91.77,91.82,44979
2012-07-17 10:45:00,91.86,91.9999,91.71,91.75,74470
2012-07-17 11:00:00,91.66,91.93,91.6,91.91,30047
2012-07-17 11:15:00,91.9,92.09,91.78,91.93,50989
2012-07-17 11:30:00,91.89,91.95,91.79,91.935,18495
2012-07-17 11:45:00,91.96,92.13,91.85,92.05,50635
2012-07-17 12:00:00,92.05,92.13,91.96,92.13,27133
2012-07-17 12:15:00,92.14,92.28,92.11,92.245,57551
2012-07-17 12:30:00,92.27,92.73,92.21,92.655,67060
2012-07-17 12:45:00,92.69,92.81,92.54,92.57,54416
2012-07-17 13:00:00,92.57,92.72,92.43,92.45,26633
2012-07-17 13:15:00,92.41,92.49,92.33,92.46,22850
2012-07-17 13:30:00,92.4401,92.9,92.4401,92.81,32254
2012-07-17 13:45:00,92.83,92.98,92.78,92.95,25290
2012-07-17 14:00:00,92.9466,92.96,92.6604,92.7,15249
2012-07-17 14:15:00,92.69,92.93,92.67,92.93,35524
2012-07-17 14:30:00,92.92,92.965,92.66,92.815,21744
2012-07-17 14:45:00,92.89,92.975,92.7,92.76,25447
2012-07-17 15:00:00,92.76,92.84,92.66,92.75,25752
2012-07-17 15:15:00,92.75,92.75,92.49,92.49,16454
2012-07-17 15:30:00,92.49,92.65,92.43,92.47,22142
2012-07-17 15:45:00,92.46,92.64,92.36,92.49,47191
2012-07-17 16:00:00,92.49,92.76,92.46,92.53,118910
2012-07-18 09:45:00,92.55,93.55,92.33,93.4435,56779
2012-07-18 10:00:00,93.49,93.95,93.38,93.8,50374
2012-07-18 10:15:00,93.85,94.08,93.73200000000001,93.8763,54751
2012-07-18 10:30:00,93.91,94.15,93.79,93.96,36775
2012-07-18 10:45:00,93.98,94.1982,93.93,94.18,39417
2012-07-18 11:00:00,94.18,94.24,94.0,94.2,28011
2012-07-18 11:15:00,94.2199,94.45,94.13,94.45,29621
2012-07-18 11:30:00,94.46,94.6,94.37,94.58,43438
2012-07-18 11:45:00,94.57,94.78,94.57,94.72,28362
2012-07-18 12:00:00,94.7,94.8,94.58,94.79,39752
2012-07-18 12:15:00,94.77,94.8,94.65,94.71,46600
2012-07-18 12:30:00,94.68,94.8,94.53,94.7,36666
2012-07-18 12:45:00,94.72,94.82,94.53,94.59,30695
2012-07-18 13:00:00,94.58,94.64,94.53,94.64,15497
2012-07-18 13:15:00,94.64,94.69,94.57,94.65,13112
2012-07-18 13:30:00,94.67,94.69,94.41,94.5,21155
2012-07-18 13:45:00,94.49,94.55,94.39200000000001,94.4592,28633
2012-07-18 14:00:00,94.4401,94.46799999999999,94.28,94.46799999999999,27136
2012-07-18 14:15:00,94.43,94.4725,94.39,94.46,33286
2012-07-18 14:30:00,94.45,94.5,94.36,94.37,30743
2012-07-18 14:45:00,94.4,94.43,94.15,94.23,32144
2012-07-18 15:00:00,94.23,94.35,94.14,94.19,52092
2012-07-18 15:15:00,94.15,94.34,94.15,94.28,56435
2012-07-18 15:30:00,94.2811,94.4,94.03,94.07,92227
2012-07-18 15:45:00,94.09,94.61,94.07,94.51,109161
2012-07-18 16:00:00,94.51,94.58,94.33,94.58,149370
2012-07-19 09:45:00,94.59,97.0,94.41,96.4,274131
2012-07-19 10:00:00,96.46,96.46,94.6,94.6001,227910
2012-07-19 10:15:00,94.61,94.61,92.24,92.57,272568
2012-07-19 10:30:00,92.56,93.6,92.56,93.46,152774
2012-07-19 10:45:00,93.4,93.47,92.9,92.99,69124
2012-07-19 11:00:00,92.99,93.31,92.76,92.81,54068
2012-07-19 11:15:00,92.86,93.4,92.84,93.37,60205
2012-07-19 11:30:00,93.38600000000001,93.39,93.16,93.3,56247
2012-07-19 11:45:00,93.33,94.6,93.33,94.01,211760
2012-07-19 12:00:00,94.0,94.07,93.6,93.6,38401
2012-07-19 12:15:00,93.6,93.82,93.566,93.61,49029
2012-07-19 12:30:00,93.63,93.96,93.6,93.68,37224
2012-07-19 12:45:00,93.67,93.86,93.57,93.595,36593
2012-07-19 13:00:00,93.59,93.62,92.86,92.89,56503
2012-07-19 13:15:00,92.9,93.49,92.75,93.439,102529
2012-07-19 13:30:00,93.44,93.61,93.2,93.33,48571
2012-07-19 13:45:00,93.39,93.46,93.27,93.41,35411
2012-07-19 14:00:00,93.4,93.45,93.21,93.31,57108
2012-07-19 14:15:00,93.34,93.53,93.31,93.48,32450
2012-07-19 14:30:00,93.5,93.5,93.2,93.31,31753
2012-07-19 14:45:00,93.29,93.75,93.19,93.7385,68169
2012-07-19 15:00:00,93.73,93.75,93.55,93.73,35355
2012-07-19 15:15:00,93.74,93.9,93.67,93.81,71043
2012-07-19 15:30:00,93.84,93.9,93.72,93.82,59802
2012-07-19 15:45:00,93.84,94.33,93.82,94.33,122543
2012-07-19 16:00:00,94.33,94.62,94.1,94.14,173882
2012-07-20 09:45:00,93.85,93.85,92.3002,92.34,173281
2012-07-20 10:00:00,92.3602,92.56,91.74,92.35,68637
2012-07-20 10:15:00,92.36,93.46,92.32,93.45,63262
2012-07-20 10:30:00,93.4,93.4,93.05,93.27,72318
2012-07-20 10:45:00,93.2,93.21,92.5,92.61,38605
2012-07-20 11:00:00,92.62,93.02,92.42,92.88,36436
2012-07-20 11:15:00,92.89,93.07,92.39,92.46,36436
2012-07-20 11:30:00,92.45,92.8,92.37,92.52,38894
2012-07-20 11:45:00,92.5,92.5,91.946,92.01,40766
2012-07-20 12:00:00,92.01,92.14,91.8,91.81,67691
2012-07-20 12:15:00,91.82,92.0,91.52,91.67,55795
2012-07-20 12:30:00,91.66,91.94,91.64,91.91,55980
2012-07-20 12:45:00,91.87,91.92,91.66,91.79,64984
2012-07-20 13:00:00,91.85,91.96,91.77,91.81,57885
2012-07-20 13:15:00,91.83,91.96,91.79,91.91,42835
2012-07-20 13:30:00,91.88,91.89,91.53,91.65,25203
2012-07-20 13:45:00,91.67,91.7475,91.44,91.44,33611
2012-07-20 14:00:00,91.49,91.62,91.35,91.6,23813
2012-07-20 14:15:00,91.61,91.63,91.43,91.52,27539
2012-07-20 14:30:00,91.53,91.62,91.5,91.53,39259
2012-07-20 14:45:00,91.51,91.51,91.36,91.46,20309
2012-07-20 15:00:00,91.45,91.55,91.4,91.45,25304
2012-07-20 15:15:00,91.43,91.6799,91.43,91.57,36298
2012-07-20 15:30:00,91.57,91.68,91.395,91.4101,46314
2012-07-20 15:45:00,91.41,91.45,91.22,91.31,86349
2012-07-20 16:00:00,91.32,91.37,90.99,91.33,379775
2012-07-23 09:45:00,89.97,89.97,89.17,89.32,85173
2012-07-23 10:00:00,89.32,89.32,88.8,89.26,68975
2012-07-23 10:15:00,89.27,89.53,89.16,89.42,71925
2012-07-23 10:30:00,89.47,89.66,89.1,89.59,41009
2012-07-23 10:45:00,89.64,90.09,89.5216,90.04,48106
2012-07-23 11:00:00,90.07,90.28,89.94,90.28,44445
2012-07-23 11:15:00,90.28,90.55,90.28,90.47,23738
2012-07-23 11:30:00,90.51,90.63,90.3,90.41,49819
2012-07-23 11:45:00,90.44,90.45,90.03,90.19,33878
2012-07-23 12:00:00,90.191,90.5899,90.191,90.55,19469
2012-07-23 12:15:00,90.59,90.65,90.38,90.5,18820
2012-07-23 12:30:00,90.48,90.64,90.43,90.6,13632
2012-07-23 12:45:00,90.6,90.62,90.31,90.34,32671
2012-07-23 13:00:00,90.36,90.63,90.35,90.52,38712
2012-07-23 13:15:00,90.51,90.52,90.18,90.23,45824
2012-07-23 13:30:00,90.22,90.44,90.22,90.35,35607
2012-07-23 13:45:00,90.35,90.86,90.31,90.65,53250
2012-07-23 14:00:00,90.6408,90.79,90.5,90.54,29293
2012-07-23 14:15:00,90.55,90.56,90.44,90.45,28822
2012-07-23 14:30:00,90.4352,90.53,90.39,90.454,17203
2012-07-23 14:45:00,90.45,90.53,90.39,90.47,19265
2012-07-23 15:00:00,90.47,90.52,90.43,90.51,19689
2012-07-23 15:15:00,90.48,90.48,90.33,90.36,34121
2012-07-23 15:30:00,90.40899999999999,90.48,90.28,90.39,108392
2012-07-23 15:45:00,90.3955,90.42,90.19,90.255,83654
2012-07-23 16:00:00,90.28,90.39,90.21,90.28,190884
2012-07-24 09:45:00,90.36,90.76,90.07,90.51,56142
2012-07-24 10:00:00,90.48,90.57,89.78,89.96,56798
2012-07-24 10:15:00,89.95,90.17,89.5,89.68,27115
2012-07-24 10:30:00,89.7,89.76,89.45,89.695,22834
2012-07-24 10:45:00,89.69,89.85,89.6,89.65,45434
2012-07-24 11:00:00,89.63,89.85,89.53,89.64,23519
2012-07-24 11:15:00,89.66,89.73,89.4,89.53,25046
2012-07-24 11:30:00,89.52,89.85,89.48,89.75,24494
2012-07-24 11:45:00,89.77,89.89,89.41,89.44,39533
2012-07-24 12:00:00,89.55,89.74,89.46,89.59,11493
2012-07-24 12:15:00,89.59,89.59,89.15,89.43,11443
2012-07-24 12:30:00,89.42,89.45,88.9,88.976,21938
2012-07-24 12:45:00,89.02,89.15,88.89,89.13,13686
2012-07-24 13:00:00,89.15,89.29,88.91,89.26,21623
2012-07-24 13:15:00,89.25,89.38,89.21,89.3,28197
2012-07-24 13:30:00,89.33,89.37,89.23,89.23,24269
2012-07-24 13:45:00,89.26,89.27,89.05,89.17,18747
2012-07-24 14:00:00,89.18,89.38,89.1,89.3,17304
2012-07-24 14:15:00,89.26,89.28,89.09,89.09,12383
2012-07-24 14:30:00,89.05,89.11,88.7,88.72,23050
2012-07-24 14:45:00,88.7,88.75,88.63,88.7,29833
2012-07-24 15:00:00,88.705,88.71,88.49,88.555,24420
2012-07-24 15:15:00,88.56,88.67,88.47,88.57,64326
2012-07-24 15:30:00,88.56,89.007,88.28,89.0,68990
2012-07-24 15:45:00,88.99,89.11,88.84,88.93,47092
2012-07-24 16:00:00,88.95,89.03,88.57,88.92,118777
2012-07-25 09:45:00,88.93,90.0,88.83,89.395,61808
2012-07-25 10:00:00,89.41,89.765,89.04,89.49,95229
2012-07-25 10:15:00,89.48,89.53,88.89,89.04,42461
2012-07-25 10:30:00,89.07,89.36,88.93,89.24,119262
2012-07-25 10:45:00,89.21,89.42,89.0,89.3,65707
2012-07-25 11:00:00,89.3,89.35,88.61,88.98,66583
2012-07-25 11:15:00,88.99,89.09,88.8,89.0,45030
2012-07-25 11:30:00,89.0,89.08,88.15,88.65,97054
2012-07-25 11:45:00,88.7,88.99,88.68,88.93,39493
2012-07-25 12:00:00,88.89200000000001,89.43,88.82,89.41,61387
2012-07-25 12:15:00,89.43,89.78,89.4,89.52,67327
2012-07-25 12:30:00,89.52,89.52,89.01,89.04,48842
2012-07-25 12:45:00,89.11,89.381,89.08,89.28,18452
2012-07-25 13:00:00,89.29,89.415,89.2,89.29,21295
2012-07-25 13:15:00,89.29,89.7999,89.29,89.77,17629
2012-07-25 13:30:00,89.8,89.96,89.73,89.95,24277
2012-07-25 13:45:00,89.98,90.33,89.82,90.07,46642
2012-07-25 14:00:00,90.05,90.4,89.87,90.38,37095
2012-07-25 14:15:00,90.39,90.53,90.27,90.45,31883
2012-07-25 14:30:00,90.435,90.92,90.27,90.68,57090
2012-07-25 14:45:00,90.66,90.92,90.51,90.87,43708
2012-07-25 15:00:00,90.8,90.98,90.58,90.59,74097
2012-07-25 15:15:00,90.56,90.568,89.93,89.94,77038
2012-07-25 15:30:00,89.94,89.94,89.56,89.77,132035
2012-07-25 15:45:00,89.78,90.33,89.72,90.2,136957
2012-07-25 16:00:00,90.17,90.21600000000001,89.7,90.17,231147
2012-07-26 09:45:00,88.9,89.0,88.0,88.06,311444
2012-07-26 10:00:00,88.02,88.6,87.67,88.6,312900
2012-07-26 10:15:00,88.63,89.78,88.07,89.5,195305
2012-07-26 10:30:00,89.5,90.62,88.89,88.9,121838
2012-07-26 10:45:00,88.9,89.15,88.23,88.41,88253
2012-07-26 11:00:00,88.5,88.97,88.419,88.8,45782
2012-07-26 11:15:00,88.81,88.825,86.95,87.7,352211
2012-07-26 11:30:00,87.75,87.75,86.14,87.25,260168
2012-07-26 11:45:00,87.21,87.63,86.18,86.2,86947
2012-07-26 12:00:00,86.19,86.67,85.601,85.63,121096
2012-07-26 12:15:00,85.63,85.94,85.05,85.67,176999
2012-07-26 12:30:00,85.72,86.38,85.5,86.33,213460
2012-07-26 12:45:00,86.29,86.45,85.61,85.76,89872
2012-07-26 13:00:00,85.76,85.76,85.0,85.6,117125
2012-07-26 13:15:00,85.615,85.91,85.59,85.65,71865
2012-07-26 13:30:00,85.61,86.34,85.5918,86.12,91206
2012-07-26 13:45:00,86.12,86.3,85.71,86.2,99345
2012-07-26 14:00:00,86.2,86.44,86.15,86.33,68456
2012-07-26 14:15:00,86.32,86.7,86.315,86.55,79258
2012-07-26 14:30:00,86.6,86.83,86.59,86.81,89397
2012-07-26 14:45:00,86.7605,86.8,86.39,86.41,105147
2012-07-26 15:00:00,86.41,86.77,86.16,86.2999,105063
2012-07-26 15:15:00,86.285,86.88,86.285,86.88,83034
2012-07-26 15:30:00,86.88,86.88,86.51,86.86,171847
2012-07-26 15:45:00,86.88,87.21,86.71,87.04,126856
2012-07-26 16:00:00,87.05,87.17,86.79,86.99,254605
2012-07-27 09:45:00,88.22,89.05799999999999,87.01,87.92,163649
2012-07-27 10:00:00,87.865,88.25,87.68,87.93,62933
2012-07-27 10:15:00,87.93,88.13,87.54,87.68,93123
2012-07-27 10:30:00,87.68,87.95,87.345,87.75,79063
2012-07-27 10:45:00,87.75,87.75,87.08,87.33,91341
2012-07-27 11:00:00,87.3533,87.74,87.3533,87.66,43934
2012-07-27 11:15:00,87.6599,87.71,87.52,87.56,44731
2012-07-27 11:30:00,87.54,88.145,87.42,87.94,64532
2012-07-27 11:45:00,87.93,88.19,87.905,87.92,33276
2012-07-27 12:00:00,87.94,87.96,87.675,87.72,40000
2012-07-27 12:15:00,87.72,87.74,87.27,87.31,62562
2012-07-27 12:30:00,87.31,87.62,87.16,87.57,21427
2012-07-27 12:45:00,87.63,87.68,87.21,87.219,34975
2012-07-27 13:00:00,87.21,87.245,87.01,87.18,47895
2012-07-27 13:15:00,87.18,87.23,86.92,86.95,42646
2012-07-27 13:30:00,86.94,87.42,86.81,87.235,66630
2012-07-27 13:45:00,87.26,87.46,87.08,87.09,74993
2012-07-27 14:00:00,87.09,87.1,86.75,86.86,72593
2012-07-27 14:15:00,86.85,87.09,86.18,86.21,125035
2012-07-27 14:30:00,86.2,86.74,86.17,86.5,67436
2012-07-27 14:45:00,86.495,86.79,86.31,86.37,82514
2012-07-27 15:00:00,86.375,86.7,86.375,86.52,42217
2012-07-27 15:15:00,86.54,86.83,86.5,86.79,47008
2012-07-27 15:30:00,86.79,87.43,86.79,87.39,81032
2012-07-27 15:45:00,87.34,87.57,87.29,87.3,114925
2012-07-27 16:00:00,87.29,87.4,86.99,87.16,176691
2012-07-30 09:45:00,84.33,85.66,83.88,85.58,344833
2012-07-30 10:00:00,85.58,85.58,84.69,85.54,204500
2012-07-30 10:15:00,85.53,86.36,85.4,86.32,151535
2012-07-30 10:30:00,86.33,86.55,85.85,86.52,114434
2012-07-30 10:45:00,86.54,86.94,86.36,86.69,80713
2012-07-30 11:00:00,86.69,87.03,86.41,86.58,77702
2012-07-30 11:15:00,86.6,87.02,86.5,86.9,63246
2012-07-30 11:30:00,86.9,86.912,86.15,86.27,86769
2012-07-30 11:45:00,86.25,86.64,86.21,86.21,75561
2012-07-30 12:00:00,86.22,86.3577,86.15,86.32,43399
2012-07-30 12:15:00,86.33,86.92,86.33,86.92,44366
2012-07-30 12:30:00,86.93,87.12,86.81,86.93,47126
2012-07-30 12:45:00,86.93,87.2,86.845,86.9701,33737
2012-07-30 13:00:00,86.9711,87.28,86.94,87.11,23371
2012-07-30 13:15:00,87.1488,87.45,87.03,87.34,21743
2012-07-30 13:30:00,87.35,87.45,87.24,87.3,17672
2012-07-30 13:45:00,87.27,87.44,87.08,87.08,25025
2012-07-30 14:00:00,87.085,87.1,86.72,86.77,54618
2012-07-30 14:15:00,86.75,87.08,86.61,86.95,35766
2012-07-30 14:30:00,86.97,87.06,86.56,86.6,33155
2012-07-30 14:45:00,86.605,86.605,86.42,86.43,43195
2012-07-30 15:00:00,86.42,86.44,86.22,86.27,37457
2012-07-30 15:15:00,86.24,86.41,86.01,86.02,60305
2012-07-30 15:30:00,86.08,86.12,85.93,86.06,65542
2012-07-30 15:45:00,86.08,86.29,85.9,86.0,89102
2012-07-30 16:00:00,86.02,86.19,85.94,86.03,125709
2012-07-31 09:45:00,85.65,86.58,85.17,86.58,75551
2012-07-31 10:00:00,86.58,86.65899999999999,86.0,86.39,67369
2012-07-31 10:15:00,86.4,86.76,85.85,86.1,49693
2012-07-31 10:30:00,86.01,86.34,85.9,85.9,39777
2012-07-31 10:45:00,85.87,86.09,85.72,86.06,28587
2012-07-31 11:00:00,86.06,86.1,85.39,85.525,46678
2012-07-31 11:15:00,85.53,86.01,85.38,85.91,35448
2012-07-31 11:30:00,85.91,86.24,85.7,86.13,47759
2012-07-31 11:45:00,86.12,86.31,86.07,86.28,23561
2012-07-31 12:00:00,86.3,86.48,86.26,86.441,30135
2012-07-31 12:15:00,86.44,86.44,86.02,86.17,25807
2012-07-31 12:30:00,86.15,86.43,86.12,86.28,16168
2012-07-31 12:45:00,86.35,86.5,86.3,86.33,21558
2012-07-31 13:00:00,86.33,86.47,86.27,86.39,22803
2012-07-31 13:15:00,86.37,86.51,86.2,86.37,25348
2012-07-31 13:30:00,86.37,86.41,86.17,86.37,34867
2012-07-31 13:45:00,86.37,86.37,86.19,86.19,22030
2012-07-31 14:00:00,86.18,86.22,86.065,86.07,22822
2012-07-31 14:15:00,86.07,86.23,86.01,86.2,31610
2012-07-31 14:30:00,86.18,86.3,86.05,86.27,27042
2012-07-31 14:45:00,86.27,86.28,86.09,86.1,31547
2012-07-31 15:00:00,86.11,86.33,85.99,85.99,28339
2012-07-31 15:15:00,85.97,86.04,85.89,86.0,35233
2012-07-31 15:30:00,86.0,86.0,85.85,85.92,31501
2012-07-31 15:45:00,85.92,85.99,85.78,85.935,78356
2012-07-31 16:00:00,86.0,86.03,85.73,85.8,199193
2012-08-01 09:45:00,86.29,87.3,86.05,86.35,91068
2012-08-01 10:00:00,86.29,86.545,86.03,86.13,46786
2012-08-01 10:15:00,86.04,86.21,85.99,86.13,57733
2012-08-01 10:30:00,86.13,86.13,85.70100000000001,85.74799999999999,26377
2012-08-01 10:45:00,85.79,86.14,85.78,86.03,23069
2012-08-01 11:00:00,86.04,86.43,86.03,86.4,29321
2012-08-01 11:15:00,86.34,86.48,86.23,86.26,28273
2012-08-01 11:30:00,86.25,86.27,86.1,86.25,33106
2012-08-01 11:45:00,86.25,86.3,85.98,86.1163,31190
2012-08-01 12:00:00,86.11,86.12,85.9,85.92,23578
2012-08-01 12:15:00,85.89,86.09,85.8,85.83,29929
2012-08-01 12:30:00,85.85,85.92,85.67,85.86,34846
2012-08-01 12:45:00,85.88,85.91,85.75,85.81,27559
2012-08-01 13:00:00,85.81,85.86,85.59,85.76,21984
2012-08-01 13:15:00,85.77,85.9096,85.63,85.7,16862
2012-08-01 13:30:00,85.66,85.88,85.59,85.83,45728
2012-08-01 13:45:00,85.8,85.81,85.62,85.78,27995
2012-08-01 14:00:00,85.79,85.85,85.65,85.7,20918
2012-08-01 14:15:00,85.61,85.76,85.04,85.6199,82846
2012-08-01 14:30:00,85.62,86.0,85.21,86.0,61852
2012-08-01 14:45:00,85.96,86.0,85.61,85.8,29478
2012-08-01 15:00:00,85.75,85.75,85.42,85.62,22097
2012-08-01 15:15:00,85.58,85.71,85.37,85.54,34198
2012-08-01 15:30:00,85.48,85.65,85.34,85.62,38043
2012-08-01 15:45:00,85.63,85.77,85.26,85.29,61441
2012-08-01 16:00:00,85.31,85.41,84.99,85.07,130989
2012-08-02 09:45:00,84.34,86.0,84.32,85.32,84873
2012-08-02 10:00:00,85.33,85.42,85.0,85.05,61396
2012-08-02 10:15:00,85.04,85.41,85.0,85.31,49978
2012-08-02 10:30:00,85.325,85.325,84.93,85.24,40115
2012-08-02 10:45:00,85.16,85.29,85.0,85.14,70174
2012-08-02 11:00:00,85.18,85.66,85.115,85.14,32539
2012-08-02 11:15:00,85.14,85.32,85.01,85.25,28072
2012-08-02 11:30:00,85.22,85.38,85.07,85.28,15324
2012-08-02 11:45:00,85.29,85.29,84.92,84.92,47872
2012-08-02 12:00:00,84.9,85.06,84.8,85.04,42377
2012-08-02 12:15:00,85.04,85.15,84.91,84.92,17907
2012-08-02 12:30:00,84.92,85.08,84.77,84.9,36532
2012-08-02 12:45:00,84.85,84.89,84.5,84.85,22751
2012-08-02 13:00:00,84.86,84.86,84.34,84.42,52683
2012-08-02 13:15:00,84.41,84.66,84.23,84.59,29235
2012-08-02 13:30:00,84.58,84.63,84.46,84.55,20191
2012-08-02 13:45:00,84.54,84.63,84.41,84.6,19514
2012-08-02 14:00:00,84.64,84.91,84.49,84.50399999999999,37216
2012-08-02 14:15:00,84.49,84.57,84.12,84.2348,51919
2012-08-02 14:30:00,84.2,84.45,84.06,84.32,64866
2012-08-02 14:45:00,84.32,84.54,84.19,84.36,47171
2012-08-02 15:00:00,84.4,84.57,84.26,84.37,33415
2012-08-02 15:15:00,84.44,84.71,84.42,84.51,45441
2012-08-02 15:30:00,84.51,84.76,84.49,84.61,54754
2012-08-02 15:45:00,84.58,84.85,84.53,84.63,67140
2012-08-02 16:00:00,84.62,84.71,84.45,84.56,93694
2012-08-03 09:45:00,85.88,86.24,85.4,85.64,120318
2012-08-03 10:00:00,85.47,85.6,85.0,85.5,55244
2012-08-03 10:15:00,85.57,85.69,85.02,85.61,62502
2012-08-03 10:30:00,85.59,85.96,85.52,85.96,13845
2012-08-03 10:45:00,85.92,85.92,85.51,85.64,19719
2012-08-03 11:00:00,85.63,85.67,85.4,85.56,13778
2012-08-03 11:15:00,85.53,85.59,85.33,85.46,36884
2012-08-03 11:30:00,85.43,85.57,85.39,85.47,9971
2012-08-03 11:45:00,85.48,85.69,85.48,85.56,20759
2012-08-03 12:00:00,85.54,85.74,85.38,85.68,22863
2012-08-03 12:15:00,85.74,85.77,85.61,85.7,20036
2012-08-03 12:30:00,85.6999,85.79,85.59,85.79,24176
2012-08-03 12:45:00,85.8,85.86,85.67,85.86,9513
2012-08-03 13:00:00,85.8035,85.92,85.75,85.81,19988
2012-08-03 13:15:00,85.8,85.85,85.67,85.82,21496
2012-08-03 13:30:00,85.83,85.89,85.73,85.77,9503
2012-08-03 13:45:00,85.79,85.84,85.66,85.75,17990
2012-08-03 14:00:00,85.75,85.79,85.5,85.56,26735
2012-08-03 14:15:00,85.56,85.78,85.54,85.66,11000
2012-08-03 14:30:00,85.67,85.81,85.65,85.72,11848
2012-08-03 14:45:00,85.75,85.76,85.34,85.47,14032
2012-08-03 15:00:00,85.44,85.52,85.39,85.47,15234
2012-08-03 15:15:00,85.5,85.63,85.5,85.51,18216
2012-08-03 15:30:00,85.52,85.62,85.47,85.58,23385
2012-08-03 15:45:00,85.58,85.69,85.5,85.61,66221
2012-08-03 16:00:00,85.63,85.92,85.55,85.7,137564
2012-08-06 09:45:00,85.72,86.09,85.21,86.035,46440
2012-08-06 10:00:00,86.06,86.52,85.98,86.03,30525
2012-08-06 10:15:00,86.06,86.405,85.99,86.08,46233
2012-08-06 10:30:00,86.04,86.2,86.0,86.12,18213
2012-08-06 10:45:00,86.17,86.18,86.0,86.15,76761
2012-08-06 11:00:00,86.12,86.18,86.01,86.01,31408
2012-08-06 11:15:00,86.01,86.11,86.0,86.0219,67388
2012-08-06 11:30:00,86.02,86.07,86.0,86.005,65018
2012-08-06 11:45:00,86.0,86.124,85.87,86.02,28836
2012-08-06 12:00:00,86.02,86.12,85.96,86.1,24045
2012-08-06 12:15:00,86.1099,86.1099,85.93,86.03,25201
2012-08-06 12:30:00,86.02,86.09,85.96,85.99,37355
2012-08-06 12:45:00,85.99,86.03,85.95,86.01,51071
2012-08-06 13:00:00,86.01,86.16,85.98,86.16,45574
2012-08-06 13:15:00,86.16,86.17,86.02,86.08,22170
2012-08-06 13:30:00,86.07,86.11,86.02,86.08,19507
2012-08-06 13:45:00,86.08,86.14,86.0,86.0,23368
2012-08-06 14:00:00,86.0,86.11,85.98,85.995,27109
2012-08-06 14:15:00,85.98,86.1,85.98,86.03,34228
2012-08-06 14:30:00,86.03,86.22,85.98,86.0137,33807
2012-08-06 14:45:00,86.03,86.12,86.0,86.07,21162
2012-08-06 15:00:00,86.05,86.21,86.05,86.12,34824
2012-08-06 15:15:00,86.12,86.15,86.04,86.05,48894
2012-08-06 15:30:00,86.05,86.07,86.0,86.04,50604
2012-08-06 15:45:00,86.03,86.15,86.02,86.05,54075
2012-08-06 16:00:00,86.09,86.12,86.02,86.1,120169
2012-08-07 09:45:00,86.01,86.88,85.98,86.1,45005
2012-08-07 10:00:00,86.18,86.26,86.05,86.12,20179
2012-08-07 10:15:00,86.15,86.23,86.05,86.16,26282
2012-08-07 10:30:00,86.16,86.62,86.07,86.55,29214
2012-08-07 10:45:00,86.58,86.89,86.47,86.855,24275
2012-08-07 11:00:00,86.84,86.96,86.8,86.9,28039
2012-08-07 11:15:00,86.88,86.96,86.8,86.89,33382
2012-08-07 11:30:00,86.91,87.13,86.82,86.956,25308
2012-08-07 11:45:00,86.99,87.45,86.99,87.38,45304
2012-08-07 12:00:00,87.41,87.61,87.4,87.53,32229
2012-08-07 12:15:00,87.54,87.64,87.41,87.475,43056
2012-08-07 12:30:00,87.47,87.64,87.46,87.55,49326
2012-08-07 12:45:00,87.54,87.69,87.48,87.51,41288
2012-08-07 13:00:00,87.53,87.64,87.51,87.55,13208
2012-08-07 13:15:00,87.55,87.56,87.44,87.56,16473
2012-08-07 13:30:00,87.59,87.59,87.46,87.47,17266
2012-08-07 13:45:00,87.46,87.56,87.4001,87.53,18971
2012-08-07 14:00:00,87.53,87.57,87.45,87.51,15860
2012-08-07 14:15:00,87.47,87.54,87.42,87.5,28460
2012-08-07 14:30:00,87.45,87.55,87.4,87.4,38858
2012-08-07 14:45:00,87.4,87.444,87.4,87.42,29153
2012-08-07 15:00:00,87.4,87.45,87.24,87.26,34896
2012-08-07 15:15:00,87.24,87.28,87.15,87.2,73732
2012-08-07 15:30:00,87.2,87.23,87.09,87.17,54233
2012-08-07 15:45:00,87.17,87.26,87.13,87.2,72007
2012-08-07 16:00:00,87.19,87.22,87.13,87.21,104012
2012-08-08 09:45:00,86.81,87.41,86.81,87.36,52624
2012-08-08 10:00:00,87.41,87.6,87.17,87.22,40392
2012-08-08 10:15:00,87.26,87.3,86.91,87.19,31218
2012-08-08 10:30:00,87.23,87.32,87.095,87.1,24064
2012-08-08 10:45:00,87.05,87.12,86.87,87.08,58908
2012-08-08 11:00:00,87.05,87.07,86.96,87.0,11508
2012-08-08 11:15:00,86.99,87.18,86.96,87.1688,62591
2012-08-08 11:30:00,87.17,87.3198,87.08,87.15,16780
2012-08-08 11:45:00,87.15100000000001,87.22,87.11,87.14,19041
2012-08-08 12:00:00,87.15,87.21,87.04,87.075,19367
2012-08-08 12:15:00,87.05,87.23100000000001,87.05,87.08,61621
2012-08-08 12:30:00,87.07,87.23,87.07,87.18,73319
2012-08-08 12:45:00,87.19,87.37,87.1575,87.31,42787
2012-08-08 13:00:00,87.32,87.33,87.03,87.17,34327
2012-08-08 13:15:00,87.17,87.18700000000001,86.84,86.93,48984
2012-08-08 13:30:00,86.92,86.96,86.85,86.92,37824
2012-08-08 13:45:00,86.905,86.94,86.8,86.8893,35681
2012-08-08 14:00:00,86.9,87.0,86.88,87.0,21053
2012-08-08 14:15:00,87.0,87.03,86.8,86.81,26057
2012-08-08 14:30:00,86.81,86.85,86.63,86.73,51414
2012-08-08 14:45:00,86.67,86.76,86.67,86.72,50599
2012-08-08 15:00:00,86.71,86.75,86.58,86.64,43292
2012-08-08 15:15:00,86.66,86.75,86.63,86.73,28697
2012-08-08 15:30:00,86.74,86.81,86.635,86.66,50187
2012-08-08 15:45:00,86.68,86.7,86.56,86.6,83805
2012-08-08 16:00:00,86.62,86.68,86.56,86.68,93758
2012-08-09 09:45:00,85.67,86.19,84.55,86.05,233370
2012-08-09 10:00:00,86.08,86.38,86.0,86.22,164561
2012-08-09 10:15:00,86.32,86.36,85.85,85.86,43059
2012-08-09 10:30:00,85.86,85.88,85.25,85.37,129851
2012-08-09 10:45:00,85.37,85.56,85.27,85.39,82111
2012-08-09 11:00:00,85.41,85.6,85.37,85.44,60393
2012-08-09 11:15:00,85.45,85.63,85.04,85.62,98153
2012-08-09 11:30:00,85.63,85.87,85.14,85.24,59786
2012-08-09 11:45:00,85.23,85.64,85.2,85.5818,82589
2012-08-09 12:00:00,85.59,85.6,85.22200000000001,85.3499,48882
2012-08-09 12:15:00,85.31,85.33,85.04,85.05,27540
2012-08-09 12:30:00,85.05,85.32,85.05,85.21,23326
2012-08-09 12:45:00,85.22,85.23,85.11,85.15,28987
2012-08-09 13:00:00,85.16,85.23,85.06,85.23,22374
2012-08-09 13:15:00,85.26,85.45,85.19,85.25,58673
2012-08-09 13:30:00,85.22,85.31,85.17,85.2,19912
2012-08-09 13:45:00,85.21,85.29,85.18,85.2,23092
2012-08-09 14:00:00,85.21,85.23,85.11,85.12,22700
2012-08-09 14:15:00,85.12,85.18,85.06,85.061,26022
2012-08-09 14:30:00,85.06,85.2,85.06,85.2,25022
2012-08-09 14:45:00,85.19,85.3,85.11,85.13,29184
2012-08-09 15:00:00,85.14,85.14,85.0,85.04,40749
2012-08-09 15:15:00,85.05,85.06,84.99,85.04,63762
2012-08-09 15:30:00,85.06,85.15,85.0,85.12,65539
2012-08-09 15:45:00,85.12,85.13,85.0,85.1,94266
2012-08-09 16:00:00,85.09,85.09,84.87,84.98,155851
2012-08-10 09:45:00,84.99,85.63,84.99,85.41,101495
2012-08-10 10:00:00,85.41,85.48,84.96,85.318,72661
2012-08-10 10:15:00,85.27,85.29799999999999,85.0,85.13,80416
2012-08-10 10:30:00,85.12,85.13,84.84,85.0,50374
2012-08-10 10:45:00,85.0,85.06,84.72,84.84,17063
2012-08-10 11:00:00,84.83,84.83,84.57,84.57,17855
2012-08-10 11:15:00,84.62,84.677,84.47,84.53,28952
2012-08-10 11:30:00,84.55,84.72,84.39,84.68,12532
2012-08-10 11:45:00,84.66,84.69,84.53,84.56,16985
2012-08-10 12:00:00,84.6,84.75,84.58,84.61,15467
2012-08-10 12:15:00,84.648,84.7,84.6139,84.64,14320
2012-08-10 12:30:00,84.64,84.73,84.6,84.65,17487
2012-08-10 12:45:00,84.69,84.69,84.55,84.55,14349
2012-08-10 13:00:00,84.5511,84.59,84.41,84.43,25856
2012-08-10 13:15:00,84.44,84.53,84.39,84.5,12610
2012-08-10 13:30:00,84.5,84.52,84.39,84.46,12279
2012-08-10 13:45:00,84.49,84.54,84.42,84.46,20500
2012-08-10 14:00:00,84.46,84.56,84.46,84.52,9458
2012-08-10 14:15:00,84.51,84.57,84.38,84.38,19155
2012-08-10 14:30:00,84.37,84.52,84.34,84.5,23383
2012-08-10 14:45:00,84.5,84.53,84.43,84.49,14450
2012-08-10 15:00:00,84.49,84.5151,84.46,84.47,14824
2012-08-10 15:15:00,84.48,84.54,84.4,84.51,24094
2012-08-10 15:30:00,84.53,84.62,84.49600000000001,84.53,34481
2012-08-10 15:45:00,84.52,84.58,84.42,84.53,40151
2012-08-10 16:00:00,84.53,84.69,84.5,84.6,69568
2012-08-13 09:45:00,84.52,85.29,84.5,84.98,157833
2012-08-13 10:00:00,84.96,85.03,84.59,84.66,83104
2012-08-13 10:15:00,84.68,84.71,84.54,84.64,102238
2012-08-13 10:30:00,84.63,84.71,84.54,84.56,26239
2012-08-13 10:45:00,84.54,84.7382,84.49,84.7382,33162
2012-08-13 11:00:00,84.71,84.88,84.62,84.795,49989
2012-08-13 11:15:00,84.79,84.9,84.65,84.85,31237
2012-08-13 11:30:00,84.8,85.02,84.7,84.91,31599
2012-08-13 11:45:00,84.95,85.41,84.95,85.16,61205
2012-08-13 12:00:00,85.16,85.26,85.09,85.185,23164
2012-08-13 12:15:00,85.19,85.43,85.18,85.3,34738
2012-08-13 12:30:00,85.3,85.35,84.965,85.02,39708
2012-08-13 12:45:00,85.025,85.14,85.025,85.04,53428
2012-08-13 13:00:00,85.0201,85.14,84.98,85.03,18164
2012-08-13 13:15:00,85.03,85.11,84.99,85.0,21485
2012-08-13 13:30:00,85.02,85.04,84.93,84.95,13089
2012-08-13 13:45:00,84.94,84.94,84.84,84.8699,10169
2012-08-13 14:00:00,84.8502,84.89,84.78,84.83,25682
2012-08-13 14:15:00,84.83,84.86,84.74,84.82,18765
2012-08-13 14:30:00,84.82,84.87,84.76,84.79,31166
2012-08-13 14:45:00,84.8,84.86,84.78,84.83,28957
2012-08-13 15:00:00,84.83,84.99,84.75,84.925,54675
2012-08-13 15:15:00,84.93,84.98,84.89,84.92,35205
2012-08-13 15:30:00,84.92,84.96,84.82,84.82,44227
2012-08-13 15:45:00,84.79,84.88,84.74,84.83,47564
2012-08-13 16:00:00,84.83,84.95,84.73,84.9,80305
2012-08-14 09:45:00,85.16,86.08,85.16,86.0,33801
2012-08-14 10:00:00,86.06,86.16,85.96,86.09,36644
2012-08-14 10:15:00,86.06,86.09,85.62,85.64,60127
2012-08-14 10:30:00,85.63,85.75,85.51,85.64,12304
2012-08-14 10:45:00,85.66,85.68,85.42,85.51,13700
2012-08-14 11:00:00,85.52,85.64,85.48,85.57,11780
2012-08-14 11:15:00,85.6,85.72,85.57,85.62,26389
2012-08-14 11:30:00,85.62,85.7,85.36,85.3601,24071
2012-08-14 11:45:00,85.3603,85.39,85.2,85.25,29772
2012-08-14 12:00:00,85.25,85.34,85.16,85.16,8890
2012-08-14 12:15:00,85.17,85.17,85.0,85.06,21101
2012-08-14 12:30:00,85.07,85.07,85.0,85.0,9693
2012-08-14 12:45:00,85.05,85.07,84.73,84.9,22227
2012-08-14 13:00:00,84.91,85.05,84.91,85.02,27763
2012-08-14 13:15:00,85.02,85.13,84.98,85.13,12161
2012-08-14 13:30:00,85.12,85.24,85.09,85.21,9289
2012-08-14 13:45:00,85.2175,85.28,85.19,85.21,15113
2012-08-14 14:00:00,85.22,85.26,85.175,85.21,13429
2012-08-14 14:15:00,85.21,85.23,85.15,85.17,12800
2012-08-14 14:30:00,85.15,85.21,85.14,85.16,13733
2012-08-14 14:45:00,85.18,85.2,85.0,85.1,62782
2012-08-14 15:00:00,85.115,85.115,85.015,85.05,9297
2012-08-14 15:15:00,85.07,85.08,85.0,85.0,29242
2012-08-14 15:30:00,85.01,85.05,85.0,85.03,34831
2012-08-14 15:45:00,85.02,85.02,84.595,84.625,76343
2012-08-14 16:00:00,84.63,84.67,84.44,84.64,158985
2012-08-15 09:45:00,84.73,85.33,84.615,85.25,98478
2012-08-15 10:00:00,85.275,85.48,85.0,85.18,49083
2012-08-15 10:15:00,85.19,85.2,84.88,85.015,63294
2012-08-15 10:30:00,85.06,85.22,85.0,85.02,34113
2012-08-15 10:45:00,85.04,85.18,85.0,85.08,38062
2012-08-15 11:00:00,85.07,85.22,85.01,85.13,19885
2012-08-15 11:15:00,85.17,85.54,85.14,85.54,29162
2012-08-15 11:30:00,85.55,85.59,85.42,85.51,22278
2012-08-15 11:45:00,85.51,85.72,85.46,85.59,25112
2012-08-15 12:00:00,85.605,85.66,85.58,85.65,21985
2012-08-15 12:15:00,85.65,85.66,85.59,85.64,21477
2012-08-15 12:30:00,85.6375,85.75,85.62,85.719,21802
2012-08-15 12:45:00,85.7,85.76,85.69,85.76,21172
2012-08-15 13:00:00,85.77,85.77,85.57,85.57,31581
2012-08-15 13:15:00,85.56,85.57,85.43,85.44,22337
2012-08-15 13:30:00,85.455,85.54,85.31,85.34,20355
2012-08-15 13:45:00,85.34,85.35,85.31,85.35,13542
2012-08-15 14:00:00,85.35,85.35,85.1654,85.2,13660
2012-08-15 14:15:00,85.17,85.21,85.14,85.21,13906
2012-08-15 14:30:00,85.22,85.3,85.16,85.16,14786
2012-08-15 14:45:00,85.18,85.29,85.18,85.29,12714
2012-08-15 15:00:00,85.3,85.38,85.26,85.26,29986
2012-08-15 15:15:00,85.26,85.27,85.02,85.02,23545
2012-08-15 15:30:00,85.02,85.06,84.97,84.97,51144
2012-08-15 15:45:00,84.97,85.08,84.94,85.07,31286
2012-08-15 16:00:00,85.07,85.0725,84.88,84.94,63562
2012-08-16 09:45:00,84.98,85.32,84.35,85.14,64012
2012-08-16 10:00:00,85.17,85.18,84.93,85.045,49778
2012-08-16 10:15:00,85.07,85.67,85.0,85.67,79970
2012-08-16 10:30:00,85.68,85.8,85.4,85.5,56892
2012-08-16 10:45:00,85.51,85.65,85.43,85.625,40698
2012-08-16 11:00:00,85.63,85.66,85.55,85.6,33419
2012-08-16 11:15:00,85.6,85.75,85.58,85.75,16748
2012-08-16 11:30:00,85.74,85.99,85.74,85.93,36367
2012-08-16 11:45:00,85.9201,85.94,85.84,85.94,21647
2012-08-16 12:00:00,85.94,86.08,85.93,86.04,18794
2012-08-16 12:15:00,86.04,86.21,86.04,86.21,28828
2012-08-16 12:30:00,86.22,86.43,86.2,86.41,23605
2012-08-16 12:45:00,86.4,86.63,86.4,86.63,19217
2012-08-16 13:00:00,86.65,86.66,86.5,86.55,30841
2012-08-16 13:15:00,86.54,86.64,86.4299,86.6,17139
2012-08-16 13:30:00,86.62,86.74,86.6,86.73,18052
2012-08-16 13:45:00,86.74,86.85,86.72,86.8,26920
2012-08-16 14:00:00,86.785,86.93,86.74,86.9,23365
2012-08-16 14:15:00,86.89,87.0,86.84,86.98,33458
2012-08-16 14:30:00,86.99,87.0,86.89,86.99,17868
2012-08-16 14:45:00,86.99,87.27,86.99,87.19,44975
2012-08-16 15:00:00,87.19,87.33,87.18,87.18,24954
2012-08-16 15:15:00,87.18,87.19,86.99,87.05,49373
2012-08-16 15:30:00,87.05,87.18,87.04,87.14,34688
2012-08-16 15:45:00,87.16,87.3,87.15,87.22,54374
2012-08-16 16:00:00,87.23,87.3,87.17,87.21,128636
2012-08-17 09:45:00,87.34,88.21,86.5,88.16,173713
2012-08-17 10:00:00,88.11,88.18,87.91,88.09,50826
2012-08-17 10:15:00,88.12,88.16,87.55,87.68,68854
2012-08-17 10:30:00,87.7,88.03,87.69,88.01,41774
2012-08-17 10:45:00,88.005,88.26,87.94,88.25,40851
2012-08-17 11:00:00,88.25,88.27,88.07,88.25,39075
2012-08-17 11:15:00,88.25,88.5,88.18,88.435,38156
2012-08-17 11:30:00,88.435,88.45,88.29,88.36,26688
2012-08-17 11:45:00,88.38,88.44,88.2938,88.3,19861
2012-08-17 12:00:00,88.3,88.3616,88.2,88.3616,37072
2012-08-17 12:15:00,88.37,88.5,88.31,88.49,34842
2012-08-17 12:30:00,88.475,88.9,88.45,88.6137,55850
2012-08-17 12:45:00,88.62,88.67,88.43,88.44,33787
2012-08-17 13:00:00,88.47,88.5177,88.2,88.206,18483
2012-08-17 13:15:00,88.2,88.2,87.93,87.94,24738
2012-08-17 13:30:00,87.92,88.15,87.88,88.1301,34651
2012-08-17 13:45:00,88.13,88.2398,88.13,88.17,13178
2012-08-17 14:00:00,88.155,88.16,88.01,88.06,30052
2012-08-17 14:15:00,88.06,88.1,88.02,88.04,23962
2012-08-17 14:30:00,88.0699,88.14,88.01,88.0102,25597
2012-08-17 14:45:00,88.05,88.07,87.94,87.98,26958
2012-08-17 15:00:00,87.97,88.03,87.89,88.02,26902
2012-08-17 15:15:00,88.02,88.05,87.83,87.83,27378
2012-08-17 15:30:00,87.8499,87.875,87.68,87.86,41682
2012-08-17 15:45:00,87.85,87.86,87.65,87.67,54113
2012-08-17 16:00:00,87.67,87.99,87.63,87.99,114652
2012-08-20 09:45:00,87.46,87.97,86.8,87.5,73843
2012-08-20 10:00:00,87.55,87.77,87.11,87.365,66479
2012-08-20 10:15:00,87.33,87.33,86.5,86.64,38138
2012-08-20 10:30:00,86.64,86.64,86.17,86.4,33156
2012-08-20 10:45:00,86.41,86.53,86.09,86.175,28536
2012-08-20 11:00:00,86.21,86.39,86.18,86.25,23827
2012-08-20 11:15:00,86.25,86.25,86.06,86.23,21326
2012-08-20 11:30:00,86.24,86.24,86.03,86.04,16436
2012-08-20 11:45:00,86.03,86.1,86.0,86.04,22400
2012-08-20 12:00:00,86.04,86.08,86.01,86.04,20485
2012-08-20 12:15:00,86.05,86.35,86.01799999999999,86.32,28215
2012-08-20 12:30:00,86.33,86.45,86.33,86.37,21272
2012-08-20 12:45:00,86.35,86.35,86.08,86.33,22272
2012-08-20 13:00:00,86.34,86.51,86.33,86.49,26741
2012-08-20 13:15:00,86.51,86.55,86.45,86.55,23924
2012-08-20 13:30:00,86.51,86.64,86.51,86.61,16092
2012-08-20 13:45:00,86.64,86.72,86.6145,86.68,16998
2012-08-20 14:00:00,86.65100000000001,86.654,86.45,86.62,20255
2012-08-20 14:15:00,86.63,86.88,86.61,86.87,16818
2012-08-20 14:30:00,86.87,86.93,86.73,86.83,20613
2012-08-20 14:45:00,86.84,86.9,86.69,86.72,37004
2012-08-20 15:00:00,86.7,86.72,86.21,86.55,175516
2012-08-20 15:15:00,86.55,86.65,86.33,86.65,91395
2012-08-20 15:30:00,86.65,86.72,86.54,86.6,56220
2012-08-20 15:45:00,86.6,86.62,86.45,86.45,53955
2012-08-20 16:00:00,86.45,86.54,86.35,86.51,229495
2012-08-21 09:45:00,86.44,87.0,86.21,86.81,79864
2012-08-21 10:00:00,86.84,86.88,86.34,86.79,38833
2012-08-21 10:15:00,86.85,86.85,86.34,86.47,10490
2012-08-21 10:30:00,86.5,86.86,86.3,86.86,28028
2012-08-21 10:45:00,86.86,86.94,86.66,86.76,26691
2012-08-21 11:00:00,86.77,86.79,86.62,86.65,26880
2012-08-21 11:15:00,86.66,86.74,86.56,86.62,16400
2012-08-21 11:30:00,86.62,86.69,86.42,86.5,28071
2012-08-21 11:45:00,86.51,86.52,86.28,86.3,12774
2012-08-21 12:00:00,86.32,86.48,86.22,86.23,13251
2012-08-21 12:15:00,86.2,86.34,86.19,86.28,8445
2012-08-21 12:30:00,86.28,86.28,86.05,86.07,11645
2012-08-21 12:45:00,86.11,86.13,86.04,86.04,10869
2012-08-21 13:00:00,86.0448,86.06,86.0,86.06,27956
2012-08-21 13:15:00,86.03,86.1298,86.0,86.0,10276
2012-08-21 13:30:00,86.05,86.11,86.01,86.04,17821
2012-08-21 13:45:00,86.04,86.06,86.0,86.01,9478
2012-08-21 14:00:00,86.02,86.04,85.915,86.01,19379
2012-08-21 14:15:00,86.009,86.05,85.91,85.97,15086
2012-08-21 14:30:00,85.945,86.04,85.9,85.98,15278
2012-08-21 14:45:00,86.0,86.01,85.9,85.97,20696
2012-08-21 15:00:00,85.98,86.01799999999999,85.82,85.83,19715
2012-08-21 15:15:00,85.82,85.87,85.72,85.72,31636
2012-08-21 15:30:00,85.72,85.75,85.6,85.62,30516
2012-08-21 15:45:00,85.6,85.78,85.6,85.68,34188
2012-08-21 16:00:00,85.63,85.77,85.6,85.77,73764
2012-08-22 09:45:00,85.84,86.04,85.66,85.92,47024
2012-08-22 10:00:00,85.92,86.02,85.6401,85.83,53453
2012-08-22 10:15:00,85.8299,85.83,85.31,85.4,25397
2012-08-22 10:30:00,85.36,85.5,85.16,85.321,28716
2012-08-22 10:45:00,85.36,85.77,85.35,85.77,33339
2012-08-22 11:00:00,85.77,85.8,85.42,85.57,20026
2012-08-22 11:15:00,85.535,85.6,85.36,85.4,21602
2012-08-22 11:30:00,85.4001,85.44,85.09,85.11,33437
2012-08-22 11:45:00,85.12,85.14,85.01,85.14,48030
2012-08-22 12:00:00,85.15,85.15,85.03,85.11,27375
2012-08-22 12:15:00,85.1,85.38,85.1,85.29,25056
2012-08-22 12:30:00,85.25,85.25,85.17,85.23,29246
2012-08-22 12:45:00,85.22,85.33,85.14,85.23,25567
2012-08-22 13:00:00,85.24,85.25,85.11,85.13,27505
2012-08-22 13:15:00,85.11,85.31,85.09,85.31,16436
2012-08-22 13:30:00,85.3,85.55,85.23,85.47,18646
2012-08-22 13:45:00,85.47,85.47,85.25,85.29,27482
2012-08-22 14:00:00,85.27,85.27,85.13,85.19,22610
2012-08-22 14:15:00,85.19,85.6,85.19,85.3,33906
2012-08-22 14:30:00,85.29,85.31,85.04,85.1,22998
2012-08-22 14:45:00,85.11,85.32,85.06,85.09,32129
2012-08-22 15:00:00,85.09,85.32,85.0,85.02,52978
2012-08-22 15:15:00,85.01,85.33,85.01,85.22,45508
2012-08-22 15:30:00,85.2,85.2,85.0,85.13,67832
2012-08-22 15:45:00,85.13,85.235,85.0,85.07,95485
2012-08-22 16:00:00,85.08,85.49,85.05,85.42,154419
2012-08-23 09:45:00,85.47,85.9882,85.25,85.8,57188
2012-08-23 10:00:00,85.81,86.26,85.6575,86.09,80764
2012-08-23 10:15:00,86.11,86.23,86.01,86.1401,38587
2012-08-23 10:30:00,86.15,86.86,86.145,86.8,44504
2012-08-23 10:45:00,86.78,86.9,86.43,86.465,57199
2012-08-23 11:00:00,86.46,86.59,86.35,86.49,42053
2012-08-23 11:15:00,86.49,86.8,86.41,86.78,22863
2012-08-23 11:30:00,86.8,86.83,86.58,86.83,24899
2012-08-23 11:45:00,86.82,86.91,86.615,86.65,31028
2012-08-23 12:00:00,86.64299999999999,86.95,86.6,86.92,22675
2012-08-23 12:15:00,86.94,86.94,86.65,86.71,14866
2012-08-23 12:30:00,86.67,86.72,86.53,86.55,25561
2012-08-23 12:45:00,86.55,86.62,86.485,86.62,11446
2012-08-23 13:00:00,86.62,86.62,86.51,86.53,11423
2012-08-23 13:15:00,86.5,86.51,86.18,86.18,17314
2012-08-23 13:30:00,86.18,86.24,86.05,86.12,19226
2012-08-23 13:45:00,86.12,86.24,86.11,86.16,10400
2012-08-23 14:00:00,86.18,86.33,86.17,86.31,18466
2012-08-23 14:15:00,86.34,86.46,86.285,86.36,24589
2012-08-23 14:30:00,86.36,86.46,86.33,86.41,14095
2012-08-23 14:45:00,86.43,86.45,86.36,86.44,17997
2012-08-23 15:00:00,86.43,86.52,86.4,86.46,31979
2012-08-23 15:15:00,86.46,86.59,86.448,86.49,21482
2012-08-23 15:30:00,86.51,86.51,86.37,86.48,25416
2012-08-23 15:45:00,86.46,86.62,86.45,86.59,37660
2012-08-23 16:00:00,86.57,86.65,86.45,86.46,73997
2012-08-24 09:45:00,86.61,86.61,85.98,86.0,47859
2012-08-24 10:00:00,86.01,86.35,86.0,86.19,36973
2012-08-24 10:15:00,86.25,86.73,86.25,86.6,31883
2012-08-24 10:30:00,86.6,86.83,86.56,86.63,23089
2012-08-24 10:45:00,86.63,86.72,86.58,86.69,62411
2012-08-24 11:00:00,86.71,86.985,86.65,86.9135,53296
2012-08-24 11:15:00,86.96,87.18,86.96,87.09,17731
2012-08-24 11:30:00,87.11,87.47,87.11,87.31,24902
2012-08-24 11:45:00,87.32,87.45,87.27,87.33,20578
2012-08-24 12:00:00,87.3,87.49,87.29799999999999,87.38,18925
2012-08-24 12:15:00,87.35,87.47,87.29,87.3,26518
2012-08-24 12:30:00,87.29,87.5,87.28,87.5,44712
2012-08-24 12:45:00,87.46,87.49,87.3104,87.4,27769
2012-08-24 13:00:00,87.4,87.46,87.33,87.33,28658
2012-08-24 13:15:00,87.31,87.35,87.22,87.29,28293
2012-08-24 13:30:00,87.29,87.37,87.16,87.29,112388
2012-08-24 13:45:00,87.29,87.35,87.19,87.28,89183
2012-08-24 14:00:00,87.31,87.38,87.08,87.11,16652
2012-08-24 14:15:00,87.12,87.18,86.93,86.96,58092
2012-08-24 14:30:00,86.96,86.97,86.66,86.73,30614
2012-08-24 14:45:00,86.73,86.75,86.56,86.63,40597
2012-08-24 15:00:00,86.64,86.69,86.56,86.69,17242
2012-08-24 15:15:00,86.7,86.7,86.49,86.64,21465
2012-08-24 15:30:00,86.67,86.85,86.65,86.81,27311
2012-08-24 15:45:00,86.78,87.02,86.75,86.94,46017
2012-08-24 16:00:00,86.94,87.06,86.77,86.86,56629
2012-08-27 09:45:00,87.46,87.46,86.92,87.05,32193
2012-08-27 10:00:00,87.025,87.15,86.5,86.5,59236
2012-08-27 10:15:00,86.54,86.83,86.53,86.6,22824
2012-08-27 10:30:00,86.6,86.78,86.515,86.78,49990
2012-08-27 10:45:00,86.76,86.83,86.655,86.73,35978
2012-08-27 11:00:00,86.73,86.9,86.72,86.76,29349
2012-08-27 11:15:00,86.76,87.0,86.76,86.98,20044
2012-08-27 11:30:00,86.93,87.18,86.93,87.14,29316
2012-08-27 11:45:00,87.14,87.2,87.07,87.2,60887
2012-08-27 12:00:00,87.2,87.2,86.9731,87.03,30277
2012-08-27 12:15:00,87.04,87.14,86.97,86.97,17366
2012-08-27 12:30:00,86.98,86.98,86.78,86.87,13823
2012-08-27 12:45:00,86.82,86.94,86.77,86.87,22439
2012-08-27 13:00:00,86.87,86.94,86.86,86.88,21134
2012-08-27 13:15:00,86.94,87.14,86.91,87.11,26597
2012-08-27 13:30:00,87.13,87.26,87.095,87.245,7350
2012-08-27 13:45:00,87.24,87.25,87.04,87.09,19730
2012-08-27 14:00:00,87.06,87.08,86.955,87.04,8138
2012-08-27 14:15:00,87.03,87.23,87.0175,87.16,21629
2012-08-27 14:30:00,87.19,87.2,87.12,87.19,35060
2012-08-27 14:45:00,87.19,87.25,87.095,87.11,12094
2012-08-27 15:00:00,87.11,87.14,86.99,87.02,11961
2012-08-27 15:15:00,87.0,87.05,86.84,86.855,24088
2012-08-27 15:30:00,86.87,86.89,86.74,86.83,18644
2012-08-27 15:45:00,86.8,86.85,86.67,86.68,22123
2012-08-27 16:00:00,86.67,86.77,86.58,86.77,40332
2012-08-28 09:45:00,86.5,87.0,86.41,87.0,29311
2012-08-28 10:00:00,87.05,87.08,86.55,86.68,66025
2012-08-28 10:15:00,86.62,86.79,86.3701,86.71,18188
2012-08-28 10:30:00,86.72,86.86,86.55,86.77,35293
2012-08-28 10:45:00,86.78,86.88,86.74,86.84,70876
2012-08-28 11:00:00,86.81,86.99,86.68,86.78,31820
2012-08-28 11:15:00,86.715,86.89,86.68,86.79,51062
2012-08-28 11:30:00,86.79,86.84,86.68,86.84,63094
2012-08-28 11:45:00,86.81,87.07,86.8,86.92,60186
2012-08-28 12:00:00,86.93,87.12,86.91,87.11,179786
2012-08-28 12:15:00,87.2,87.354,87.18,87.23,16273
2012-08-28 12:30:00,87.22,87.37,87.2,87.34,28668
2012-08-28 12:45:00,87.35,87.38,87.28,87.34100000000001,7235
2012-08-28 13:00:00,87.29,87.37,87.26,87.31,51170
2012-08-28 13:15:00,87.31,87.3145,86.95,86.96,21074
2012-08-28 13:30:00,86.975,86.99,86.81,86.8113,36479
2012-08-28 13:45:00,86.83,86.8722,86.73,86.77,20281
2012-08-28 14:00:00,86.77,86.79,86.61,86.78,43186
2012-08-28 14:15:00,86.77,86.84,86.77,86.77,11660
2012-08-28 14:30:00,86.76,86.88,86.71,86.71,37992
2012-08-28 14:45:00,86.715,86.88,86.715,86.88,31772
2012-08-28 15:00:00,86.86,86.92,86.78299999999999,86.88,17472
2012-08-28 15:15:00,86.88,86.97,86.88,86.92,19025
2012-08-28 15:30:00,86.93,86.99,86.8,86.82,29861
2012-08-28 15:45:00,86.82,86.83,86.74,86.81,20504
2012-08-28 16:00:00,86.79,86.82,86.56,86.59,79848
2012-08-29 09:45:00,86.55,86.83,86.44,86.51,26047
2012-08-29 10:00:00,86.58,86.65,86.16,86.16,27590
2012-08-29 10:15:00,86.16,86.43,86.1,86.43,29323
2012-08-29 10:30:00,86.43,86.5,86.25,86.29,35336
2012-08-29 10:45:00,86.3,86.3,85.98,86.0,24333
2012-08-29 11:00:00,85.985,86.06,85.77,85.79,52409
2012-08-29 11:15:00,85.79,85.89,85.74,85.74,10164
2012-08-29 11:30:00,85.74,85.88,85.73,85.82,20474
2012-08-29 11:45:00,85.82,86.04,85.82,86.04,26533
2012-08-29 12:00:00,86.035,86.21,86.02,86.145,51783
2012-08-29 12:15:00,86.15,86.17,85.97,85.97,31226
2012-08-29 12:30:00,85.96,86.2,85.96,86.18,46251
2012-08-29 12:45:00,86.1755,86.37,86.1,86.37,14446
2012-08-29 13:00:00,86.4,86.49,86.37,86.43,48490
2012-08-29 13:15:00,86.41,86.6,86.4,86.585,21504
2012-08-29 13:30:00,86.54,86.62,86.47,86.49,15941
2012-08-29 13:45:00,86.49,86.67,86.45,86.65,15261
2012-08-29 14:00:00,86.65,86.7,86.44,86.5,13621
2012-08-29 14:15:00,86.5,86.51,86.34,86.46,36988
2012-08-29 14:30:00,86.5,86.57,86.41,86.43,14114
2012-08-29 14:45:00,86.46,86.46,86.25,86.34,24457
2012-08-29 15:00:00,86.33,86.34,86.2178,86.2178,8315
2012-08-29 15:15:00,86.2,86.28,86.06,86.07,26163
2012-08-29 15:30:00,86.075,86.13,85.92,86.13,44650
2012-08-29 15:45:00,86.12,86.16,85.99,86.14,28622
2012-08-29 16:00:00,86.12,86.12,85.94,86.0,78101
2012-08-30 09:45:00,85.58,85.94,85.50299999999999,85.74,27838
2012-08-30 10:00:00,85.75,85.88,85.25,85.25,74410
2012-08-30 10:15:00,85.26,85.32,85.12,85.23,76260
2012-08-30 10:30:00,85.24,85.26,85.1,85.115,40101
2012-08-30 10:45:00,85.11,85.23,85.09,85.19,56880
2012-08-30 11:00:00,85.19,85.24,85.0,85.14,28093
2012-08-30 11:15:00,85.1101,85.22,84.99,85.19,120075
2012-08-30 11:30:00,85.16,85.3,85.13,85.27,13033
2012-08-30 11:45:00,85.32,85.44,85.26,85.33,28045
2012-08-30 12:00:00,85.35,85.51,85.35,85.46,15800
2012-08-30 12:15:00,85.46,85.57,85.46,85.49,14554
2012-08-30 12:30:00,85.48,85.48,85.27,85.29,26622
2012-08-30 12:45:00,85.28,85.41,85.28,85.38,20488
2012-08-30 13:00:00,85.4,85.43,85.24,85.27,24482
2012-08-30 13:15:00,85.27,85.3,85.22,85.3,7668
2012-08-30 13:30:00,85.29,85.3,85.21,85.2531,16560
2012-08-30 13:45:00,85.255,85.28,85.16,85.26,17611
2012-08-30 14:00:00,85.3,85.3,85.0,85.03,37808
2012-08-30 14:15:00,85.02,85.095,84.99,85.06,31223
2012-08-30 14:30:00,85.08,85.09,84.97,84.99,27327
2012-08-30 14:45:00,85.0,85.08,85.0,85.06,11823
2012-08-30 15:00:00,85.0654,85.1,84.9,84.91,119785
2012-08-30 15:15:00,84.91,85.1,84.91,85.09,21370
2012-08-30 15:30:00,85.09,85.1,85.05,85.095,19893
2012-08-30 15:45:00,85.1,85.1,85.02,85.03,63145
2012-08-30 16:00:00,85.03,85.03,84.88,84.95,91788
2012-08-31 09:45:00,85.5,85.64,85.05,85.26,52237
2012-08-31 10:00:00,85.25,85.42,85.08,85.11,37468
2012-08-31 10:15:00,85.11,85.18,84.5,84.74,63252
2012-08-31 10:30:00,84.68,85.15700000000001,84.62,84.96,37787
2012-08-31 10:45:00,85.0,85.15,84.91,85.09,21794
2012-08-31 11:00:00,85.11,85.38,85.1,85.29,21848
2012-08-31 11:15:00,85.26,85.55,85.24,85.45,18810
2012-08-31 11:30:00,85.47,85.51,85.19,85.19,19983
2012-08-31 11:45:00,85.18,85.3,85.11,85.15,19826
2012-08-31 12:00:00,85.13,85.13,85.02,85.05,15168
2012-08-31 12:15:00,85.04,85.13,84.68,84.7,60707
2012-08-31 12:30:00,84.665,84.78,84.46,84.46,44291
2012-08-31 12:45:00,84.5,84.82,84.41,84.74,55204
2012-08-31 13:00:00,84.74,84.81,84.7,84.77,17568
2012-08-31 13:15:00,84.76,84.79,84.515,84.54,32392
2012-08-31 13:30:00,84.55,84.57,84.47,84.55,23424
2012-08-31 13:45:00,84.54,84.77,84.52,84.7699,27854
2012-08-31 14:00:00,84.77,85.02,84.73,85.0,17365
2012-08-31 14:15:00,85.03,85.09,84.98,85.02,14600
2012-08-31 14:30:00,85.0,85.33,84.99,85.3,10489
2012-08-31 14:45:00,85.33,85.365,85.23,85.2308,12025
2012-08-31 15:00:00,85.24,85.3,85.19,85.27,25584
2012-08-31 15:15:00,85.26,85.26,84.96,84.96,23841
2012-08-31 15:30:00,84.96,85.17,84.93,85.13,23613
2012-08-31 15:45:00,85.12,85.14,84.95,84.99,31308
2012-08-31 16:00:00,85.0,85.11,84.87,84.95,117646
2012-09-04 09:45:00,84.82,85.415,83.773,83.89,100210
2012-09-04 10:00:00,83.82,84.33,83.82,84.29,117956
2012-09-04 10:15:00,84.26,84.42,84.01,84.08,81140
2012-09-04 10:30:00,84.07,84.2,83.94,83.98,49791
2012-09-04 10:45:00,84.02,84.02,83.72,83.78,68131
2012-09-04 11:00:00,83.77,83.87,83.33,83.33,54431
2012-09-04 11:15:00,83.33,83.41,83.19,83.36,43988
2012-09-04 11:30:00,83.35,83.42,83.31,83.39399999999999,37167
2012-09-04 11:45:00,83.4,83.41,83.3,83.37,31331
2012-09-04 12:00:00,83.37,83.42,83.22,83.2239,46865
2012-09-04 12:15:00,83.22,83.22,83.01,83.14,31732
2012-09-04 12:30:00,83.14,83.285,82.95,82.98,34800
2012-09-04 12:45:00,82.99,83.27,82.98,83.26,27731
2012-09-04 13:00:00,83.25,83.28,83.235,83.24,45475
2012-09-04 13:15:00,83.24,83.26,83.11,83.25,31138
2012-09-04 13:30:00,83.23,83.36,83.22,83.31,23967
2012-09-04 13:45:00,83.32,83.44,83.3,83.34,21612
2012-09-04 14:00:00,83.36,83.46,83.31,83.41,43382
2012-09-04 14:15:00,83.4,83.65,83.4,83.65,28597
2012-09-04 14:30:00,83.65,83.68,83.55,83.63,36983
2012-09-04 14:45:00,83.64,83.97,83.62,83.91,37973
2012-09-04 15:00:00,83.94,83.95,83.74,83.79,49250
2012-09-04 15:15:00,83.78,83.82,83.58,83.64,55079
2012-09-04 15:30:00,83.63,83.83,83.63,83.8,53972
2012-09-04 15:45:00,83.8,83.8,83.5,83.52,64686
2012-09-04 16:00:00,83.49,83.53,83.37,83.42,118217
2012-09-05 09:45:00,83.17,83.97,83.04,83.4701,104825
2012-09-05 10:00:00,83.55,83.86,83.44200000000001,83.86,57900
2012-09-05 10:15:00,83.87,84.17,83.76,84.04,114787
2012-09-05 10:30:00,84.07,84.14,83.74,83.92,53317
2012-09-05 10:45:00,83.95,84.04,83.62,83.82,43724
2012-09-05 11:00:00,83.83,83.83,83.42,83.49,93903
2012-09-05 11:15:00,83.48,83.62,83.45,83.59,54597
2012-09-05 11:30:00,83.62,83.77,83.45,83.77,43463
2012-09-05 11:45:00,83.76,83.905,83.54,83.69,41856
2012-09-05 12:00:00,83.67,83.84,83.59,83.73,41811
2012-09-05 12:15:00,83.76,83.98,83.75,83.875,100091
2012-09-05 12:30:00,83.875,83.88,83.67,83.81,46728
2012-09-05 12:45:00,83.8,83.86,83.73,83.81,31977
2012-09-05 13:00:00,83.8,83.91,83.73,83.84,23314
2012-09-05 13:15:00,83.82,83.82,83.63,83.67,19365
2012-09-05 13:30:00,83.6601,83.7,83.62,83.7,25760
2012-09-05 13:45:00,83.67,83.75,83.51,83.52,36933
2012-09-05 14:00:00,83.5,83.67,83.41,83.66,33702
2012-09-05 14:15:00,83.68,83.705,83.52,83.6,61630
2012-09-05 14:30:00,83.6,83.87,83.56,83.68,79012
2012-09-05 14:45:00,83.68,83.92,83.61,83.92,52066
2012-09-05 15:00:00,83.93,84.0,83.87,83.87,45575
2012-09-05 15:15:00,83.86,84.0,83.78,83.79899999999999,65020
2012-09-05 15:30:00,83.79,83.89,83.71,83.83,60295
2012-09-05 15:45:00,83.8,83.94,83.73,83.92,90689
2012-09-05 16:00:00,83.93,84.08,83.93,83.99,145054
2012-09-06 09:45:00,84.6,85.24,84.6,84.89,116263
2012-09-06 10:00:00,84.93,84.99,84.79,84.87,80234
2012-09-06 10:15:00,84.92,85.41,84.92,85.41,57154
2012-09-06 10:30:00,85.42,85.57,85.31,85.35,44242
2012-09-06 10:45:00,85.36,85.6999,85.32,85.615,41090
2012-09-06 11:00:00,85.6,85.72,85.48,85.63,24796
2012-09-06 11:15:00,85.65,85.76,85.46,85.55,36582
2012-09-06 11:30:00,85.58,85.62,85.19,85.23,36320
2012-09-06 11:45:00,85.24,85.35,85.22,85.22,16245
2012-09-06 12:00:00,85.22,85.22,84.9,85.2,49148
2012-09-06 12:15:00,85.2,85.39,85.18,85.25,24676
2012-09-06 12:30:00,85.29,85.29,85.11,85.14,20984
2012-09-06 12:45:00,85.13,85.23,85.1,85.17399999999999,13090
2012-09-06 13:00:00,85.19,85.24,85.13,85.2,12170
2012-09-06 13:15:00,85.18,85.22,85.13,85.14,12220
2012-09-06 13:30:00,85.1525,85.1525,85.06,85.12,9345
2012-09-06 13:45:00,85.1,85.1,85.0,85.01,18905
2012-09-06 14:00:00,85.03,85.05,84.89,84.89,46386
2012-09-06 14:15:00,84.89,84.94,84.84,84.86399999999999,40500
2012-09-06 14:30:00,84.86,84.92,84.66,84.66,67703
2012-09-06 14:45:00,84.64,84.82,84.33,84.37,61549
2012-09-06 15:00:00,84.36,84.36,83.965,83.99,90579
2012-09-06 15:15:00,83.99,84.22,83.98,84.1,109513
2012-09-06 15:30:00,84.12,84.12,83.71,83.78,105818
2012-09-06 15:45:00,83.77,83.82,83.45,83.47,119288
2012-09-06 16:00:00,83.48,83.68,83.42,83.64,287335
2012-09-07 09:45:00,84.13,84.68,83.74,83.94,127515
2012-09-07 10:00:00,83.95,84.14,83.77,83.93,51970
2012-09-07 10:15:00,83.93,84.02,83.84,83.9,36389
2012-09-07 10:30:00,83.9,84.0,83.82,83.89,42426
2012-09-07 10:45:00,83.89,84.22,83.83,83.9799,28577
2012-09-07 11:00:00,83.965,84.15,83.965,84.08,23909
2012-09-07 11:15:00,84.08,84.24,83.9,84.19,38017
2012-09-07 11:30:00,84.21,84.21,83.96,83.99,31544
2012-09-07 11:45:00,83.99,84.02,83.55,83.6,44049
2012-09-07 12:00:00,83.6037,83.8,83.47,83.48,37519
2012-09-07 12:15:00,83.48,83.5,83.26,83.26,30130
2012-09-07 12:30:00,83.26,83.26,82.95,82.97,74281
2012-09-07 12:45:00,82.98,83.17,82.94,83.16,88749
2012-09-07 13:00:00,83.19,83.41,83.16,83.24,36807
2012-09-07 13:15:00,83.26,83.45,83.16,83.36,17899
2012-09-07 13:30:00,83.35,83.41,83.27,83.37,19273
2012-09-07 13:45:00,83.37,83.45,83.33,83.39,17704
2012-09-07 14:00:00,83.38,83.43,83.26,83.37,42518
2012-09-07 14:15:00,83.4,83.44,83.36,83.38,83812
2012-09-07 14:30:00,83.39,83.42,83.3175,83.32,48054
2012-09-07 14:45:00,83.33,83.34,83.25,83.26,22852
2012-09-07 15:00:00,83.265,83.28,83.17,83.18,30916
2012-09-07 15:15:00,83.18,83.2,83.055,83.09,47626
2012-09-07 15:30:00,83.09,83.11,83.06,83.1,49840
2012-09-07 15:45:00,83.1,83.13,83.06,83.125,52176
2012-09-07 16:00:00,83.13,83.24,83.12,83.21,95912
2012-09-10 09:45:00,83.05,84.54,83.05,83.47,51695
2012-09-10 10:00:00,83.46,83.72,83.43,83.571,58221
2012-09-10 10:15:00,83.57,83.64,83.28,83.53,60104
2012-09-10 10:30:00,83.54,83.7,83.37,83.4,40006
2012-09-10 10:45:00,83.43,83.72,83.4275,83.59,34245
2012-09-10 11:00:00,83.62,83.93,83.59,83.86,36755
2012-09-10 11:15:00,83.84,83.93,83.7,83.93,20742
2012-09-10 11:30:00,83.94,84.14,83.92,84.11,120621
2012-09-10 11:45:00,84.1,84.84,84.1,84.815,93188
2012-09-10 12:00:00,84.835,84.97,84.76,84.89,60031
2012-09-10 12:15:00,84.91,85.08,84.83,85.04,69967
2012-09-10 12:30:00,85.03,85.07,84.84,84.91,76826
2012-09-10 12:45:00,84.89,85.0,84.87,84.93,56250
2012-09-10 13:00:00,84.95,85.12,84.95,85.09,20488
2012-09-10 13:15:00,85.08,85.088,84.99,85.0,41369
2012-09-10 13:30:00,85.0,85.0,84.89,84.995,78288
2012-09-10 13:45:00,84.995,85.24,84.995,85.18,55192
2012-09-10 14:00:00,85.17,85.3,85.16,85.2575,49104
2012-09-10 14:15:00,85.24,85.25,85.06,85.12,42381
2012-09-10 14:30:00,85.1136,85.34,85.1136,85.22,44515
2012-09-10 14:45:00,85.2,85.31,85.15,85.17,55632
2012-09-10 15:00:00,85.16,85.32,85.14,85.14,38982
2012-09-10 15:15:00,85.14,85.2,84.98,85.0,92395
2012-09-10 15:30:00,85.0,85.12,84.98,85.07,54762
2012-09-10 15:45:00,85.06,85.15,85.01,85.1,69712
2012-09-10 16:00:00,85.08,85.15,84.95,85.07,109167
2012-09-11 09:45:00,84.97,85.58,84.97,85.56,80256
2012-09-11 10:00:00,85.57,86.09,85.57,86.06,67604
2012-09-11 10:15:00,86.08,86.25,85.84,86.2001,119811
2012-09-11 10:30:00,86.2,86.23,85.83,85.93,58392
2012-09-11 10:45:00,85.94,86.001,85.74,85.77,44574
2012-09-11 11:00:00,85.75,85.79,85.48,85.5101,37824
2012-09-11 11:15:00,85.52,85.65,85.5,85.625,43356
2012-09-11 11:30:00,85.615,85.65,85.58,85.64,25055
2012-09-11 11:45:00,85.63,85.755,85.63,85.71,34667
2012-09-11 12:00:00,85.7,85.84,85.69,85.8,26946
2012-09-11 12:15:00,85.82,85.9,85.69,85.77,60527
2012-09-11 12:30:00,85.74,85.83,85.685,85.775,27635
2012-09-11 12:45:00,85.78,85.88,85.78,85.82,40982
2012-09-11 13:00:00,85.83,85.875,85.8,85.85,14523
2012-09-11 13:15:00,85.86,85.9,85.79,85.82,28960
2012-09-11 13:30:00,85.8,85.86,85.79,85.795,23463
2012-09-11 13:45:00,85.8,85.88,85.795,85.88,18834
2012-09-11 14:00:00,85.86,85.86,85.8,85.81,56999
2012-09-11 14:15:00,85.81,85.87,85.8,85.8,69239
2012-09-11 14:30:00,85.8,85.9,85.8,85.84,29670
2012-09-11 14:45:00,85.83,85.86,85.8,85.82,60383
2012-09-11 15:00:00,85.83,85.83,85.51,85.5633,59315
2012-09-11 15:15:00,85.59,85.64,85.47,85.47,50752
2012-09-11 15:30:00,85.47,85.59,85.44,85.55,50806
2012-09-11 15:45:00,85.55,85.66,85.54,85.62,62493
2012-09-11 16:00:00,85.61,85.71,85.56,85.65,86476
2012-09-12 09:45:00,85.82,86.26,85.61,86.04,35675
2012-09-12 10:00:00,86.01,86.08,85.93,86.04,32790
2012-09-12 10:15:00,86.06,86.29,85.97,86.24,56326
2012-09-12 10:30:00,86.24,86.3,86.13,86.23,34357
2012-09-12 10:45:00,86.23,86.49,86.2,86.46,38095
2012-09-12 11:00:00,86.46,86.46,86.15,86.15,15700
2012-09-12 11:15:00,86.18,86.24,86.05,86.1,19192
2012-09-12 11:30:00,86.09,86.28,86.06,86.26,43061
2012-09-12 11:45:00,86.29,86.42,86.2,86.31,12375
2012-09-12 12:00:00,86.31,86.39,86.24,86.39,16780
2012-09-12 12:15:00,86.37,86.4138,86.27,86.2933,20187
2012-09-12 12:30:00,86.305,86.34,86.24,86.27,16500
2012-09-12 12:45:00,86.28,86.32,86.2107,86.23,18077
2012-09-12 13:00:00,86.22,86.25,86.16,86.1835,16395
2012-09-12 13:15:00,86.18,86.215,86.15,86.17,24421
2012-09-12 13:30:00,86.19,86.19,86.0792,86.1,13228
2012-09-12 13:45:00,86.09,86.13,86.0,86.1,23013
2012-09-12 14:00:00,86.09,86.13,86.0,86.01,18262
2012-09-12 14:15:00,86.02,86.15,86.0,86.07,25287
2012-09-12 14:30:00,86.1,86.12,85.96,85.96,40595
2012-09-12 14:45:00,85.96,86.01,85.87,85.92,35245
2012-09-12 15:00:00,85.91,85.93,85.75,85.75,41175
2012-09-12 15:15:00,85.76,85.78,85.58,85.5927,39467
2012-09-12 15:30:00,85.63,85.66,85.5,85.52,51959
2012-09-12 15:45:00,85.52,85.71,85.33,85.68,64339
2012-09-12 16:00:00,85.66,85.69,85.49,85.66,108371
2012-09-13 09:45:00,85.34,85.555,82.42,83.21,354532
2012-09-13 10:00:00,83.22,83.49,83.0,83.1899,170945
2012-09-13 10:15:00,83.19,83.31,82.81,82.9,181383
2012-09-13 10:30:00,82.9,82.95,82.45,82.48,225510
2012-09-13 10:45:00,82.45,82.8,82.4,82.5,198471
2012-09-13 11:00:00,82.5,82.6,81.98,82.045,224735
2012-09-13 11:15:00,82.04,82.37,82.0,82.295,188712
2012-09-13 11:30:00,82.295,82.85,82.2,82.85,131991
2012-09-13 11:45:00,82.88,83.11,82.5,82.51,65562
2012-09-13 12:00:00,82.51,82.51,82.28,82.37,179117
2012-09-13 12:15:00,82.35,82.46,81.99,82.0,152933
2012-09-13 12:30:00,81.99,82.1,81.45,81.96,333267
2012-09-13 12:45:00,81.96,82.82,81.8,82.62,117309
2012-09-13 13:00:00,82.62,82.82,82.42,82.54,67691
2012-09-13 13:15:00,82.54,82.81,82.4,82.53,76721
2012-09-13 13:30:00,82.53,82.65,82.38,82.51,61538
2012-09-13 13:45:00,82.51,82.87,82.4501,82.68,71864
2012-09-13 14:00:00,82.7,82.77,82.51,82.66,63487
2012-09-13 14:15:00,82.65,82.73,82.17,82.33,97453
2012-09-13 14:30:00,82.3,82.42,82.02,82.2,123954
2012-09-13 14:45:00,82.17,82.31,81.8,81.9037,147545
2012-09-13 15:00:00,81.94,82.06,81.8,81.85,108404
2012-09-13 15:15:00,81.86,82.01,81.59,81.61,146116
2012-09-13 15:30:00,81.63,81.7,81.45,81.51,215791
2012-09-13 15:45:00,81.515,81.67,81.5,81.53,237236
2012-09-13 16:00:00,81.53,81.5961,81.34,81.57,465975
2012-09-14 09:45:00,82.24,82.33,81.6,81.86,192787
2012-09-14 10:00:00,81.83,81.98,81.23,81.28,94533
2012-09-14 10:15:00,81.28,81.63,81.25,81.39,153971
2012-09-14 10:30:00,81.41,81.63,81.37,81.518,95495
2012-09-14 10:45:00,81.5,81.9667,81.42,81.76,75556
2012-09-14 11:00:00,81.74,81.8,81.64,81.75,64656
2012-09-14 11:15:00,81.75,82.18,81.715,81.98,88895
2012-09-14 11:30:00,81.98,82.02,81.88,81.895,55992
2012-09-14 11:45:00,81.9,81.9,81.71,81.75,59124
2012-09-14 12:00:00,81.75,81.8,81.40100000000001,81.42,58913
2012-09-14 12:15:00,81.43,81.75,81.38,81.72,61961
2012-09-14 12:30:00,81.72,81.72,81.6,81.685,38803
2012-09-14 12:45:00,81.68,81.79,81.5,81.518,61518
2012-09-14 13:00:00,81.52,81.52,81.25,81.25,44559
2012-09-14 13:15:00,81.27,81.31,81.02,81.18,68365
2012-09-14 13:30:00,81.222,81.222,81.0,81.0,29270
2012-09-14 13:45:00,81.0,81.03,80.86,80.98,69547
2012-09-14 14:00:00,80.99,81.1,80.92,80.92,51044
2012-09-14 14:15:00,80.939,80.99,80.85,80.92,53181
2012-09-14 14:30:00,80.928,81.02,80.8726,81.0,84932
2012-09-14 14:45:00,81.0,81.13,80.99,81.12,63064
2012-09-14 15:00:00,81.12,81.21,81.0001,81.01,63323
2012-09-14 15:15:00,81.0,81.02,80.85,80.97,96591
2012-09-14 15:30:00,80.96,80.99,80.81,80.81,84433
2012-09-14 15:45:00,80.81,80.81,80.5,80.5,125986
2012-09-14 16:00:00,80.505,80.57,80.06,80.4,371417
2012-09-17 09:45:00,80.37,81.1465,80.25,80.45,80569
2012-09-17 10:00:00,80.43,81.97,80.42,81.58,146198
2012-09-17 10:15:00,81.59,82.12,81.48,81.9922,64895
2012-09-17 10:30:00,81.9999,82.21,81.64,81.74,52998
2012-09-17 10:45:00,81.73,81.77,81.47,81.69,61669
2012-09-17 11:00:00,81.68,81.73,81.56,81.62,47286
2012-09-17 11:15:00,81.62,81.71,81.382,81.395,61719
2012-09-17 11:30:00,81.3799,81.39,80.85,80.88,83728
2012-09-17 11:45:00,80.89,80.98,80.7037,80.94,77793
2012-09-17 12:00:00,80.95,81.31,80.95,81.31,49077
2012-09-17 12:15:00,81.3,81.47,81.28,81.3,44378
2012-09-17 12:30:00,81.28,81.29,80.99,80.99,45798
2012-09-17 12:45:00,81.0,81.13,80.99,81.09,50110
2012-09-17 13:00:00,81.1067,81.14,81.05,81.11,34954
2012-09-17 13:15:00,81.09,81.09,80.87,80.888,47606
2012-09-17 13:30:00,80.88,80.975,80.83,80.975,58295
2012-09-17 13:45:00,80.97,80.98,80.68,80.695,67084
2012-09-17 14:00:00,80.69,80.71,80.46,80.46,62033
2012-09-17 14:15:00,80.479,80.59,80.33,80.378,79546
2012-09-17 14:30:00,80.378,80.6,80.31,80.4,70439
2012-09-17 14:45:00,80.39,80.65,80.385,80.6,56961
2012-09-17 15:00:00,80.6,80.61,80.49,80.55,51584
2012-09-17 15:15:00,80.55,80.56,80.36,80.405,79872
2012-09-17 15:30:00,80.4,80.43,80.34,80.405,86978
2012-09-17 15:45:00,80.405,80.53,80.33,80.52,84117
2012-09-17 16:00:00,80.54,80.62,80.49,80.5,632703
2012-09-18 09:45:00,80.45,80.895,80.07,80.61,100264
2012-09-18 10:00:00,80.64,80.81,80.44,80.67,74627
2012-09-18 10:15:00,80.69,80.87,80.63,80.73,31782
2012-09-18 10:30:00,80.73,80.78,80.67,80.77,39248
2012-09-18 10:45:00,80.78,81.16,80.78,81.09,61755
2012-09-18 11:00:00,81.09,81.15,80.93,81.13,57129
2012-09-18 11:15:00,81.16,81.23,81.05,81.095,39759
2012-09-18 11:30:00,81.09,81.15,81.03,81.12,36313
2012-09-18 11:45:00,81.11,81.2,81.01,81.19,16567
2012-09-18 12:00:00,81.19,81.34,81.15,81.25,28062
2012-09-18 12:15:00,81.26,81.321,81.24,81.32,36801
2012-09-18 12:30:00,81.321,81.47,81.31,81.445,43927
2012-09-18 12:45:00,81.45,81.53,81.43,81.505,70459
2012-09-18 13:00:00,81.51,81.76,81.51,81.71,62022
2012-09-18 13:15:00,81.705,81.85,81.49,81.845,73480
2012-09-18 13:30:00,81.85,82.0,81.8399,81.92,68927
2012-09-18 13:45:00,81.92,81.95,81.7,81.7,35804
2012-09-18 14:00:00,81.69,81.69,81.43,81.46,20408
2012-09-18 14:15:00,81.45,81.5,81.26,81.35,23576
2012-09-18 14:30:00,81.37,81.39,81.21,81.25,22921
2012-09-18 14:45:00,81.27,81.3001,81.15,81.15,106241
2012-09-18 15:00:00,81.15,81.15,80.82,80.96,84969
2012-09-18 15:15:00,80.97,81.14,80.95,81.04,77344
2012-09-18 15:30:00,81.04,81.08,80.97,81.07,51947
2012-09-18 15:45:00,81.07,81.25,81.04,81.16,63758
2012-09-18 16:00:00,81.16,81.3,81.04,81.2,126629
2012-09-19 09:45:00,81.17,82.72,81.13,82.708,490270
2012-09-19 10:00:00,82.68,83.87,82.23,82.38,354187
2012-09-19 10:15:00,82.4,82.65,82.01,82.15,203717
2012-09-19 10:30:00,82.15,82.16,81.9,82.01,136946
2012-09-19 10:45:00,82.0,82.18,81.86,82.05,148290
2012-09-19 11:00:00,82.11,82.32,82.02,82.2101,71451
2012-09-19 11:15:00,82.22,82.26,82.0,82.18,55394
2012-09-19 11:30:00,82.18,82.29,82.12,82.29,41766
2012-09-19 11:45:00,82.28,82.87200000000001,82.28,82.87200000000001,90058
2012-09-19 12:00:00,82.85,82.96,82.8,82.91,28618
2012-09-19 12:15:00,82.95,83.0325,82.9,83.025,44305
2012-09-19 12:30:00,83.03,83.26,82.9,83.21,48533
2012-09-19 12:45:00,83.22,83.59,83.17,83.57,71772
2012-09-19 13:00:00,83.57,83.74,83.44,83.67,82492
2012-09-19 13:15:00,83.69,83.82,83.6701,83.73,47786
2012-09-19 13:30:00,83.7,83.96,83.66,83.78,167322
2012-09-19 13:45:00,83.77,83.98,83.61,83.64,110400
2012-09-19 14:00:00,83.6401,83.6401,83.4,83.46,37376
2012-09-19 14:15:00,83.41,83.42,82.94,82.94,90780
2012-09-19 14:30:00,82.96,83.16,82.96,83.15,25237
2012-09-19 14:45:00,83.125,83.13,82.75,82.765,74867
2012-09-19 15:00:00,82.765,82.7899,82.47,82.7499,63381
2012-09-19 15:15:00,82.75,82.7885,82.56,82.58,39101
2012-09-19 15:30:00,82.5833,82.87,82.53,82.72,140780
2012-09-19 15:45:00,82.72,82.75,82.6,82.7,55800
2012-09-19 16:00:00,82.6801,82.725,82.48,82.5,179687
2012-09-20 09:45:00,82.12,82.68,81.77,82.29,150765
2012-09-20 10:00:00,82.24,83.08,82.11,83.0,118003
2012-09-20 10:15:00,82.995,83.58,82.95,83.38,337910
2012-09-20 10:30:00,83.41,83.78,83.3,83.77,162891
2012-09-20 10:45:00,83.76,83.97,83.72,83.8799,74293
2012-09-20 11:00:00,83.865,84.2,83.76,83.97,92930
2012-09-20 11:15:00,83.97,84.17,83.9,83.9,84463
2012-09-20 11:30:00,83.89,83.97,83.72,83.79,95554
2012-09-20 11:45:00,83.77,83.8,83.5,83.59,127396
2012-09-20 12:00:00,83.6,83.75,83.5,83.62,75010
2012-09-20 12:15:00,83.66,83.72,83.57,83.615,37474
2012-09-20 12:30:00,83.64,83.77,83.56,83.67,28404
2012-09-20 12:45:00,83.68,83.76,83.51,83.6,62156
2012-09-20 13:00:00,83.57,84.05,83.56,84.01,119446
2012-09-20 13:15:00,84.01,84.1,83.95,84.09,52231
2012-09-20 13:30:00,84.07,84.12,83.99,84.03,36629
2012-09-20 13:45:00,84.03,84.38,84.02,84.34,71681
2012-09-20 14:00:00,84.3499,84.56,84.2,84.25,82736
2012-09-20 14:15:00,84.25,84.35,84.08,84.11,76406
2012-09-20 14:30:00,84.11,84.32,83.92,84.32,49793
2012-09-20 14:45:00,84.32,84.32,83.93,83.98,47914
2012-09-20 15:00:00,83.98,83.98,83.79,83.86,29686
2012-09-20 15:15:00,83.86,83.88,83.71,83.78,32444
2012-09-20 15:30:00,83.78,83.95,83.78,83.91,34162
2012-09-20 15:45:00,83.91,84.02,83.89,84.005,63626
2012-09-20 16:00:00,84.0,84.1,83.97,84.1,108712
2012-09-21 09:45:00,83.93,85.109,83.93,84.52,434584
2012-09-21 10:00:00,84.51,85.06,84.5,84.74,85521
2012-09-21 10:15:00,84.73,84.84,84.1,84.11,85795
2012-09-21 10:30:00,84.1,84.49,84.09,84.19,37888
2012-09-21 10:45:00,84.22,84.47,84.155,84.47,42133
2012-09-21 11:00:00,84.49,84.57,84.41,84.47,36880
2012-09-21 11:15:00,84.479,84.7,84.35,84.62,85886
2012-09-21 11:30:00,84.61,84.63,84.46,84.55,74600
2012-09-21 11:45:00,84.53,84.59,84.5,84.5201,13173
2012-09-21 12:00:00,84.53,84.62,84.51,84.54,26447
2012-09-21 12:15:00,84.54,84.62,84.5134,84.53,47170
2012-09-21 12:30:00,84.527,84.58,84.45,84.54,46001
2012-09-21 12:45:00,84.54,84.57,84.44,84.51,30446
2012-09-21 13:00:00,84.5,84.55,84.38,84.42,85718
2012-09-21 13:15:00,84.36,84.38,84.13,84.15,13551
2012-09-21 13:30:00,84.13,84.39,84.11,84.36,45490
2012-09-21 13:45:00,84.35,84.4,84.25,84.33,19863
2012-09-21 14:00:00,84.34299999999999,84.36,84.25,84.29,45029
2012-09-21 14:15:00,84.28,84.38,84.23,84.29,84796
2012-09-21 14:30:00,84.3,84.3001,84.13,84.19,29221
2012-09-21 14:45:00,84.19,84.26,84.12,84.23,60601
2012-09-21 15:00:00,84.23,84.32,84.18,84.2,29740
2012-09-21 15:15:00,84.19,84.25,84.14,84.23,27468
2012-09-21 15:30:00,84.25,84.28,84.1302,84.28,31320
2012-09-21 15:45:00,84.26,84.27,84.21,84.21,49776
2012-09-21 16:00:00,84.21,84.23,83.78,84.05,255535
2012-09-24 09:45:00,84.0,84.45,83.62,83.8,117268
2012-09-24 10:00:00,83.75,84.2,83.75,84.005,27426
2012-09-24 10:15:00,84.015,84.18,83.79,83.84,41301
2012-09-24 10:30:00,83.82,84.0,83.76,83.98,36481
2012-09-24 10:45:00,84.02,84.12,83.79,83.82,34721
2012-09-24 11:00:00,83.81,84.17,83.8,84.16,76859
2012-09-24 11:15:00,84.16,84.19,84.03,84.16,34230
2012-09-24 11:30:00,84.15,84.21,83.9829,84.06,21186
2012-09-24 11:45:00,84.07,84.18,84.01,84.06,35043
2012-09-24 12:00:00,84.07,84.07,83.88,83.91,50109
2012-09-24 12:15:00,83.88,84.07,83.88,84.01,13054
2012-09-24 12:30:00,84.01,84.09,83.95,84.0,19732
2012-09-24 12:45:00,84.0,84.05,83.95,84.02,17653
2012-09-24 13:00:00,84.0,84.01,83.95,83.99799999999999,13936
2012-09-24 13:15:00,84.01,84.1,83.97,84.1,16279
2012-09-24 13:30:00,84.08,84.18,84.05,84.09,11907
2012-09-24 13:45:00,84.09,84.12,84.01,84.11,36645
2012-09-24 14:00:00,84.11,84.24,84.055,84.16,24027
2012-09-24 14:15:00,84.17,84.19,84.0901,84.17,22640
2012-09-24 14:30:00,84.17,84.42,84.17,84.4,42610
2012-09-24 14:45:00,84.41,84.46,84.39,84.4001,27281
2012-09-24 15:00:00,84.4,84.47,84.27,84.28,84346
2012-09-24 15:15:00,84.27,84.29,84.14,84.26,33424
2012-09-24 15:30:00,84.26,84.28,84.17,84.23,26719
2012-09-24 15:45:00,84.22,84.32,84.165,84.29,81112
2012-09-24 16:00:00,84.28,84.29,84.14,84.26,120764
2012-09-25 09:45:00,84.16,84.44,83.975,84.25,57765
2012-09-25 10:00:00,84.25,84.66,84.19,84.64,47201
2012-09-25 10:15:00,84.67,84.99,84.67,84.76,74602
2012-09-25 10:30:00,84.77,85.25,84.75,85.021,84984
2012-09-25 10:45:00,85.02,85.2461,85.01,85.09,29864
2012-09-25 11:00:00,85.13,85.16,84.98,85.11,43275
2012-09-25 11:15:00,85.11,85.23,85.0,85.18,44614
2012-09-25 11:30:00,85.17,85.23,85.04,85.09,24256
2012-09-25 11:45:00,85.1,85.19,85.03,85.15,41453
2012-09-25 12:00:00,85.13,85.22,85.0,85.02,21752
2012-09-25 12:15:00,85.03,85.13,85.0,85.11,27953
2012-09-25 12:30:00,85.08,85.08,84.91,84.91,37126
2012-09-25 12:45:00,84.91,85.0,84.59,84.62,56940
2012-09-25 13:00:00,84.63,84.98,84.625,84.98,21914
2012-09-25 13:15:00,84.97,84.97,84.77,84.86,15860
2012-09-25 13:30:00,84.86,84.87,84.69,84.73,14536
2012-09-25 13:45:00,84.73,84.88,84.69,84.86,19371
2012-09-25 14:00:00,84.86,84.99,84.85,84.98,62161
2012-09-25 14:15:00,84.95,84.97,84.85,84.87,13567
2012-09-25 14:30:00,84.86,84.89,84.64,84.725,31481
2012-09-25 14:45:00,84.74,84.74,84.58,84.6,16594
2012-09-25 15:00:00,84.59,84.62,84.4,84.44,20178
2012-09-25 15:15:00,84.445,84.48,84.25,84.39,44293
2012-09-25 15:30:00,84.41,84.48,84.3,84.48,58453
2012-09-25 15:45:00,84.47,84.56,84.295,84.395,87871
2012-09-25 16:00:00,84.38,84.54,84.37,84.42,166059
2012-09-26 09:45:00,84.34,85.21,84.34,84.86,69600
2012-09-26 10:00:00,84.79,85.1925,84.77,85.14,43838
2012-09-26 10:15:00,85.16,85.32,84.94,85.1,68493
2012-09-26 10:30:00,85.1,85.12,84.85,84.92,73251
2012-09-26 10:45:00,84.92,85.01,84.71,84.8,66917
2012-09-26 11:00:00,84.78,84.9,84.65,84.87,29100
2012-09-26 11:15:00,84.86,84.89,84.5904,84.5904,16453
2012-09-26 11:30:00,84.62,84.7836,84.62,84.73,17416
2012-09-26 11:45:00,84.74,84.74,84.48,84.59,15316
2012-09-26 12:00:00,84.59,84.64,84.41,84.431,11637
2012-09-26 12:15:00,84.42,84.52,84.35,84.44,18312
2012-09-26 12:30:00,84.43,84.47,84.26,84.27,14346
2012-09-26 12:45:00,84.28,84.28,84.16,84.17,18975
2012-09-26 13:00:00,84.17,84.42,84.11,84.41,17239
2012-09-26 13:15:00,84.41,84.57,84.38,84.43,17709
2012-09-26 13:30:00,84.42,84.61,84.39,84.57,18552
2012-09-26 13:45:00,84.57,84.6,84.5,84.535,14000
2012-09-26 14:00:00,84.55,84.55,84.34,84.39,17736
2012-09-26 14:15:00,84.36,84.52,84.36,84.44,15351
2012-09-26 14:30:00,84.45,84.53,84.375,84.39,18362
2012-09-26 14:45:00,84.38,84.42,84.28,84.35,16790
2012-09-26 15:00:00,84.32,84.35,84.23,84.3,20090
2012-09-26 15:15:00,84.3,84.31,84.125,84.17,25765
2012-09-26 15:30:00,84.18,84.25,84.1022,84.13,24958
2012-09-26 15:45:00,84.14,84.26,84.1,84.195,31271
2012-09-26 16:00:00,84.18,84.29,84.02,84.23,116231
2012-09-27 09:45:00,84.47,84.55,84.2,84.36,25880
2012-09-27 10:00:00,84.345,84.37,84.22,84.33,38524
2012-09-27 10:15:00,84.3,84.72,84.28,84.65,83692
2012-09-27 10:30:00,84.64,84.67,84.49,84.495,34287
2012-09-27 10:45:00,84.49,84.51,84.29,84.42,19185
2012-09-27 11:00:00,84.415,84.415,84.21,84.21,16965
2012-09-27 11:15:00,84.215,84.25,84.09,84.1,22564
2012-09-27 11:30:00,84.09,84.09,83.77,83.94,34131
2012-09-27 11:45:00,83.96,84.0,83.8,83.97,45966
2012-09-27 12:00:00,83.94,83.98,83.86,83.91,22639
2012-09-27 12:15:00,83.91,84.03,83.9,83.9,30932
2012-09-27 12:30:00,83.89,84.08,83.89,84.05799999999999,25174
2012-09-27 12:45:00,84.06,84.12,83.95,83.97,7286
2012-09-27 13:00:00,84.02,84.18,84.01,84.14,5084
2012-09-27 13:15:00,84.1,84.13,84.09,84.1299,4050
2012-09-27 13:30:00,84.13,84.176,84.01,84.08,11800
2012-09-27 13:45:00,84.117,84.3,84.04,84.19,24095
2012-09-27 14:00:00,84.22,84.23,84.09,84.105,15527
2012-09-27 14:15:00,84.11,84.13,84.02,84.11,25620
2012-09-27 14:30:00,84.13,84.23,84.06,84.18,17974
2012-09-27 14:45:00,84.19,84.2,84.13,84.17,22849
2012-09-27 15:00:00,84.19,84.23,84.035,84.05,29668
2012-09-27 15:15:00,84.06,84.17,83.99,84.04,30772
2012-09-27 15:30:00,84.03,84.07,83.97,84.07,14486
2012-09-27 15:45:00,84.08,84.15,84.0,84.11,39633
2012-09-27 16:00:00,84.09,84.21,84.04,84.13,145319
2012-09-28 09:45:00,84.05,84.245,83.47,83.73200000000001,58610
2012-09-28 10:00:00,83.73,83.93,83.59,83.915,60250
2012-09-28 10:15:00,83.88,84.02,83.88,84.0,40604
2012-09-28 10:30:00,84.01,84.07,83.89,83.92,71507
2012-09-28 10:45:00,83.905,84.0,83.81,83.81,39597
2012-09-28 11:00:00,83.79,83.9,83.71,83.75,33210
2012-09-28 11:15:00,83.75,83.7697,83.42,83.42,71159
2012-09-28 11:30:00,83.43,83.51,83.24,83.24,30549
2012-09-28 11:45:00,83.2,83.35,83.1401,83.31,101290
2012-09-28 12:00:00,83.31,83.37,83.15,83.355,127959
2012-09-28 12:15:00,83.37,83.56,83.37,83.5,32999
2012-09-28 12:30:00,83.505,83.61,83.36,83.42,43240
2012-09-28 12:45:00,83.38,83.59,83.355,83.51,22458
2012-09-28 13:00:00,83.53,83.58,83.465,83.575,14951
2012-09-28 13:15:00,83.57,83.6,83.38,83.46,44547
2012-09-28 13:30:00,83.48,83.76,83.48,83.65,30458
2012-09-28 13:45:00,83.69,83.78,83.65,83.75,43384
2012-09-28 14:00:00,83.74,83.795,83.63,83.762,35270
2012-09-28 14:15:00,83.77,83.83,83.63,83.69,38246
2012-09-28 14:30:00,83.69,83.74,83.51,83.67,82030
2012-09-28 14:45:00,83.67,83.67,83.5,83.62,24692
2012-09-28 15:00:00,83.61,83.625,83.5,83.56,29571
2012-09-28 15:15:00,83.57,83.6298,83.545,83.57,22214
2012-09-28 15:30:00,83.56,83.62,83.41,83.465,39654
2012-09-28 15:45:00,83.46,83.65,83.42,83.6,97260
2012-09-28 16:00:00,83.6,83.83,83.57,83.59,120836
2012-10-01 09:45:00,83.58,83.62,83.3006,83.44,92044
2012-10-01 10:00:00,83.41,83.81,83.25,83.79,161603
2012-10-01 10:15:00,83.83,84.99,83.83,84.98,86363
2012-10-01 10:30:00,85.0,85.08,84.5,84.54,101750
2012-10-01 10:45:00,84.54,84.6,84.31,84.38,35679
2012-10-01 11:00:00,84.375,84.4,84.2,84.4,31651
2012-10-01 11:15:00,84.38,84.59,84.38,84.53,60778
2012-10-01 11:30:00,84.53,84.55,84.43,84.49,55079
2012-10-01 11:45:00,84.51,84.51,84.22,84.35,12773
2012-10-01 12:00:00,84.36,84.4,83.97,84.05,77370
2012-10-01 12:15:00,84.05,84.11,83.97,84.01,38786
2012-10-01 12:30:00,84.02,84.055,83.96,83.99,26747
2012-10-01 12:45:00,83.99,84.03,83.79,84.02,93976
2012-10-01 13:00:00,84.02,84.08,83.91,83.97,36197
2012-10-01 13:15:00,84.03,84.035,83.88,83.96,19720
2012-10-01 13:30:00,83.92,83.94,83.775,83.83,29114
2012-10-01 13:45:00,83.835,83.86,83.6,83.78,89644
2012-10-01 14:00:00,83.74,83.93,83.73,83.89,21168
2012-10-01 14:15:00,83.9,84.11,83.88,84.0,17401
2012-10-01 14:30:00,84.0,84.01,83.81,83.99,19109
2012-10-01 14:45:00,84.0,84.045,83.96,83.98,17143
2012-10-01 15:00:00,83.94,83.95,83.85,83.89,19084
2012-10-01 15:15:00,83.9,84.01,83.79,83.8,15382
2012-10-01 15:30:00,83.8,83.82,83.5531,83.69,28086
2012-10-01 15:45:00,83.69,83.96,83.6,83.83,66523
2012-10-01 16:00:00,83.79,83.88,83.72,83.84,53742
2012-10-02 09:45:00,84.13,84.43,83.44,83.58,29840
2012-10-02 10:00:00,83.66,83.88,83.57,83.88,47800
2012-10-02 10:15:00,83.77,83.78,83.55,83.7475,43820
2012-10-02 10:30:00,83.8,84.09,83.76,84.0,44568
2012-10-02 10:45:00,84.05,85.12,83.91,84.835,177983
2012-10-02 11:00:00,84.84,84.98,84.515,84.56,36827
2012-10-02 11:15:00,84.54,84.75,84.44,84.73,21280
2012-10-02 11:30:00,84.7199,84.96,84.6498,84.96,23247
2012-10-02 11:45:00,84.95,85.18,84.84,84.885,77042
2012-10-02 12:00:00,84.89,84.92,84.45,84.542,61481
2012-10-02 12:15:00,84.54,84.72,84.5,84.67,106206
2012-10-02 12:30:00,84.6997,84.87,84.52,84.63,37482
2012-10-02 12:45:00,84.65,84.67,84.45,84.55,29296
2012-10-02 13:00:00,84.54,84.63,84.47,84.5,23698
2012-10-02 13:15:00,84.49,84.53,84.31,84.34,21640
2012-10-02 13:30:00,84.33,84.38,84.18,84.32,25568
2012-10-02 13:45:00,84.34,84.38,84.23,84.31,29314
2012-10-02 14:00:00,84.33,84.36,84.06,84.1622,25973
2012-10-02 14:15:00,84.18,84.29,84.04,84.13,53950
2012-10-02 14:30:00,84.13,84.17,83.9,83.92,30906
2012-10-02 14:45:00,83.92,84.05,83.89,83.96,19950
2012-10-02 15:00:00,83.955,83.97,83.8,83.825,26328
2012-10-02 15:15:00,83.81,83.94,83.74,83.8,26724
2012-10-02 15:30:00,83.78,83.94,83.76,83.9,30026
2012-10-02 15:45:00,83.91,84.04,83.79,83.97,40928
2012-10-02 16:00:00,83.97,84.02,83.91,83.99,57384
2012-10-03 09:45:00,84.58,85.0,84.01,84.71,56004
2012-10-03 10:00:00,84.67,84.78,84.07,84.13,44306
2012-10-03 10:15:00,84.15,84.32,83.85,84.22,101520
2012-10-03 10:30:00,84.23,84.412,84.09299999999999,84.14,32241
2012-10-03 10:45:00,84.16,84.16,83.67,83.7,47366
2012-10-03 11:00:00,83.69,83.9,83.61,83.76,28585
2012-10-03 11:15:00,83.76,83.87,83.67,83.7944,66451
2012-10-03 11:30:00,83.82,83.87,83.67,83.67,64598
2012-10-03 11:45:00,83.67,84.29,83.66,84.07,60040
2012-10-03 12:00:00,84.07,84.15,83.91,84.08,20502
2012-10-03 12:15:00,84.08,84.08,83.82,83.92,18045
2012-10-03 12:30:00,83.95,84.01,83.74,83.8201,7904
2012-10-03 12:45:00,83.86,83.94,83.85,83.9,12605
2012-10-03 13:00:00,83.89,83.99,83.83,83.87,10387
2012-10-03 13:15:00,83.88,83.96,83.8301,83.88,41800
2012-10-03 13:30:00,83.9,83.93,83.85,83.92,13152
2012-10-03 13:45:00,83.91,83.93,83.64,83.72,17553
2012-10-03 14:00:00,83.73,83.76,83.62,83.62,10465
2012-10-03 14:15:00,83.63,83.66,83.56,83.56,15498
2012-10-03 14:30:00,83.57,83.57,83.35,83.35,23333
2012-10-03 14:45:00,83.35,83.7,83.34,83.695,28574
2012-10-03 15:00:00,83.7,83.73,83.46,83.51,27859
2012-10-03 15:15:00,83.51,83.6,83.41,83.6,23959
2012-10-03 15:30:00,83.61,83.69,83.49,83.61,46194
2012-10-03 15:45:00,83.62,83.69,83.55,83.64,64000
2012-10-03 16:00:00,83.63,83.66,83.46,83.46,107026
2012-10-04 09:45:00,83.76,84.48,83.7,84.31,78169
2012-10-04 10:00:00,84.31,84.98,84.31,84.915,86761
2012-10-04 10:15:00,84.92,85.04,84.89,84.94,123760
2012-10-04 10:30:00,84.96,85.02,84.8,84.8,57704
2012-10-04 10:45:00,84.82,85.0,84.82,84.99,20337
2012-10-04 11:00:00,84.9,85.0,84.84,84.86,43455
2012-10-04 11:15:00,84.86,85.0,84.81,85.0,29496
2012-10-04 11:30:00,84.99,85.01,84.835,84.9,35451
2012-10-04 11:45:00,84.87,84.97,84.835,84.88,51199
2012-10-04 12:00:00,84.88,84.92,84.81,84.82,22753
2012-10-04 12:15:00,84.82,84.93,84.745,84.745,24257
2012-10-04 12:30:00,84.75,84.81,84.7102,84.735,51485
2012-10-04 12:45:00,84.735,84.8301,84.68,84.7,34123
2012-10-04 13:00:00,84.715,84.78,84.67,84.7,22635
2012-10-04 13:15:00,84.7,84.84,84.67,84.7599,47250
2012-10-04 13:30:00,84.77,85.0,84.73,84.985,11400
2012-10-04 13:45:00,84.9801,85.05,84.88,85.05,23490
2012-10-04 14:00:00,85.07,85.3,85.06,85.3,24451
2012-10-04 14:15:00,85.3,85.4,85.1401,85.29,88364
2012-10-04 14:30:00,85.29,85.4,85.27,85.39,16843
2012-10-04 14:45:00,85.39,85.74,85.38,85.74,53777
2012-10-04 15:00:00,85.75,85.85,85.72,85.76,67258
2012-10-04 15:15:00,85.765,85.84,85.73,85.78,62711
2012-10-04 15:30:00,85.78,86.04,85.76,86.0,61058
2012-10-04 15:45:00,85.995,86.11,85.945,85.95,71778
2012-10-04 16:00:00,85.95,86.06,85.92200000000001,86.01,313280
2012-10-05 09:45:00,86.25,87.5,86.25,87.11,119469
2012-10-05 10:00:00,87.16,87.16,86.77,86.87,86637
2012-10-05 10:15:00,86.87,87.1699,86.72,87.13,52945
2012-10-05 10:30:00,87.13,87.47,87.11,87.36,32471
2012-10-05 10:45:00,87.3353,87.36,87.12,87.275,33288
2012-10-05 11:00:00,87.265,87.36,87.08,87.21,34779
2012-10-05 11:15:00,87.19,87.3,87.11,87.28,34295
2012-10-05 11:30:00,87.29,87.58,87.29,87.5001,61173
2012-10-05 11:45:00,87.5,87.505,87.05,87.07,35658
2012-10-05 12:00:00,87.0525,87.21,87.04,87.1,29176
2012-10-05 12:15:00,87.11,87.15,86.93,87.02,123200
2012-10-05 12:30:00,87.02,87.21,87.02,87.18,23557
2012-10-05 12:45:00,87.19,87.19,86.84,86.89,25591
2012-10-05 13:00:00,86.86,86.88,86.81,86.855,513250
2012-10-05 13:15:00,86.86,86.86,86.71,86.7496,17759
2012-10-05 13:30:00,86.75,86.78,86.581,86.581,26120
2012-10-05 13:45:00,86.58,86.59,86.44,86.47,18775
2012-10-05 14:00:00,86.4601,86.48,86.3,86.48,20898
2012-10-05 14:15:00,86.49,86.5,86.45,86.49,41138
2012-10-05 14:30:00,86.48,86.5,86.38,86.46,27543
2012-10-05 14:45:00,86.455,86.49,86.333,86.48,27639
2012-10-05 15:00:00,86.49,86.49,86.32,86.33,25404
2012-10-05 15:15:00,86.32,86.37,86.01,86.02,107722
2012-10-05 15:30:00,86.03,86.25,86.0,86.16,55354
2012-10-05 15:45:00,86.15,86.17,85.97,85.99,77390
2012-10-05 16:00:00,86.0,86.29,86.0,86.26,108371
2012-10-08 09:45:00,85.71,86.245,85.56,86.08,38062
2012-10-08 10:00:00,86.08,86.25,86.0,86.25,50475
2012-10-08 10:15:00,86.25,86.26,86.12,86.24,25851
2012-10-08 10:30:00,86.25,86.34,86.16,86.24,38999
2012-10-08 10:45:00,86.24,86.42,86.16,86.16,35669
2012-10-08 11:00:00,86.15,86.15,85.93,85.93,36141
2012-10-08 11:15:00,85.92,85.95,85.69,85.7699,28924
2012-10-08 11:30:00,85.75,85.76,85.5,85.56,21111
2012-10-08 11:45:00,85.56,85.56,85.35,85.5,16078
2012-10-08 12:00:00,85.47,85.525,85.34,85.46,14967
2012-10-08 12:15:00,85.4533,85.87,85.4533,85.77,14890
2012-10-08 12:30:00,85.77,85.9,85.74,85.89,7000
2012-10-08 12:45:00,85.96,86.01,85.89,85.92,6332
2012-10-08 13:00:00,85.95,86.01,85.93,85.98,6813
2012-10-08 13:15:00,85.98,86.0299,85.89,85.94,7230
2012-10-08 13:30:00,85.946,86.0,85.87,85.91,34999
2012-10-08 13:45:00,85.91,85.97,85.84,85.85,23700
2012-10-08 14:00:00,85.82,85.825,85.6945,85.6945,9970
2012-10-08 14:15:00,85.69,85.73,85.63,85.63,11244
2012-10-08 14:30:00,85.63,85.66,85.59,85.61,8317
2012-10-08 14:45:00,85.6,85.63,85.57,85.6,18837
2012-10-08 15:00:00,85.595,85.66,85.58,85.615,34037
2012-10-08 15:15:00,85.62,85.72,85.62,85.68,42615
2012-10-08 15:30:00,85.68,85.74,85.64,85.64,34647
2012-10-08 15:45:00,85.65,85.71,85.64,85.65,23548
2012-10-08 16:00:00,85.65,85.68,85.58,85.63,88933
2012-10-09 09:45:00,85.76,86.2,85.71,85.955,52244
2012-10-09 10:00:00,85.94,85.97,85.47,85.85,35435
2012-10-09 10:15:00,85.85,86.25,85.85,86.18,16319
2012-10-09 10:30:00,86.15,86.28,85.92,85.96,32882
2012-10-09 10:45:00,85.96,86.05,85.74,85.76,12950
2012-10-09 11:00:00,85.735,85.78,85.37,85.4,18400
2012-10-09 11:15:00,85.4,85.515,85.26,85.47,17458
2012-10-09 11:30:00,85.47,85.5,85.28,85.29,16074
2012-10-09 11:45:00,85.29,85.48,85.19,85.28,34552
2012-10-09 12:00:00,85.24,85.36,85.14,85.2301,17644
2012-10-09 12:15:00,85.25,85.34,85.23,85.31,10463
2012-10-09 12:30:00,85.31,85.48,85.3,85.46,45607
2012-10-09 12:45:00,85.46,85.49,85.33,85.46,19111
2012-10-09 13:00:00,85.45,85.4545,85.3045,85.32,18850
2012-10-09 13:15:00,85.33,85.48,85.31299999999999,85.47,20057
2012-10-09 13:30:00,85.47,85.78,85.46,85.68,15703
2012-10-09 13:45:00,85.68,85.745,85.63,85.74,10700
2012-10-09 14:00:00,85.74,85.86,85.7,85.74,22230
2012-10-09 14:15:00,85.745,85.94,85.74,85.79,36054
2012-10-09 14:30:00,85.81,85.97,85.79,85.82,16618
2012-10-09 14:45:00,85.82,85.95,85.78,85.91,23293
2012-10-09 15:00:00,85.88,86.0,85.82,85.86,14162
2012-10-09 15:15:00,85.88,85.88,85.565,85.57,17610
2012-10-09 15:30:00,85.57,85.62,85.45,85.55,118887
2012-10-09 15:45:00,85.55,85.63,85.47,85.59,58933
2012-10-09 16:00:00,85.59,85.66,85.51,85.64,111028
2012-10-10 09:45:00,85.65,85.755,85.37,85.44,24889
2012-10-10 10:00:00,85.52,86.03,85.52,85.9801,55895
2012-10-10 10:15:00,85.99,86.1,85.74,85.76,39280
2012-10-10 10:30:00,85.78,85.98,85.78,85.95,14092
2012-10-10 10:45:00,85.935,86.08,85.935,86.04,39943
2012-10-10 11:00:00,86.01,86.13,85.86,85.97,55670
2012-10-10 11:15:00,86.0,86.09,85.73,85.78,45944
2012-10-10 11:30:00,85.78,85.92,85.78,85.85,56771
2012-10-10 11:45:00,85.82,85.9,85.66,85.83,22007
2012-10-10 12:00:00,85.8001,85.8001,85.59,85.74,17753
2012-10-10 12:15:00,85.74,85.79,85.66,85.735,18222
2012-10-10 12:30:00,85.72,85.72,85.555,85.66,15415
2012-10-10 12:45:00,85.66,85.675,85.4,85.405,22312
2012-10-10 13:00:00,85.4,85.4,85.0,85.01,23845
2012-10-10 13:15:00,85.03,85.11,84.945,85.02,29110
2012-10-10 13:30:00,85.05,85.25,85.02,85.18,12897
2012-10-10 13:45:00,85.17,85.23,84.885,84.93,23530
2012-10-10 14:00:00,84.92,85.02,84.89,84.96,13155
2012-10-10 14:15:00,84.97,85.18,84.94,85.01,14445
2012-10-10 14:30:00,84.99,85.06,84.95,85.01,13269
2012-10-10 14:45:00,85.01,85.05,84.76,84.82,40855
2012-10-10 15:00:00,84.82,84.92,84.67,84.92,32874
2012-10-10 15:15:00,84.925,84.98,84.79,84.88,24179
2012-10-10 15:30:00,84.91,84.94,84.67,84.67,29024
2012-10-10 15:45:00,84.7,84.7,84.49,84.54,50607
2012-10-10 16:00:00,84.56,84.69,84.46,84.69,70078
2012-10-11 09:45:00,85.37,85.97,85.05,85.24,32084
2012-10-11 10:00:00,85.25,85.5854,85.14,85.41,24159
2012-10-11 10:15:00,85.4,85.72,85.31,85.515,33722
2012-10-11 10:30:00,85.52,85.54,85.264,85.28,19981
2012-10-11 10:45:00,85.3,85.43,85.26,85.26,20720
2012-10-11 11:00:00,85.27,85.27,85.12,85.215,17748
2012-10-11 11:15:00,85.21,85.259,85.08,85.09,11813
2012-10-11 11:30:00,85.09,85.2,84.97,85.17,15844
2012-10-11 11:45:00,85.13,85.13,84.96,85.0,16900
2012-10-11 12:00:00,84.98,85.04,84.65,84.72,27410
2012-10-11 12:15:00,84.68,84.68,84.555,84.62,25819
2012-10-11 12:30:00,84.62,84.63,84.24,84.26,26001
2012-10-11 12:45:00,84.26,84.29,84.16,84.165,27421
2012-10-11 13:00:00,84.15,84.23,84.03,84.055,25831
2012-10-11 13:15:00,84.05,84.14,84.02,84.08,20016
2012-10-11 13:30:00,84.06,84.22,84.03,84.2,24136
2012-10-11 13:45:00,84.21,84.234,84.13,84.16,15353
2012-10-11 14:00:00,84.1618,84.21,84.1,84.17,8587
2012-10-11 14:15:00,84.17,84.3,84.17,84.27,16638
2012-10-11 14:30:00,84.28,84.32,84.24,84.3,23772
2012-10-11 14:45:00,84.295,84.3,84.26,84.29,19209
2012-10-11 15:00:00,84.3,84.3,84.24,84.26,14035
2012-10-11 15:15:00,84.25,84.33,84.21,84.3,41473
2012-10-11 15:30:00,84.29,84.41,84.24,84.4,64197
2012-10-11 15:45:00,84.4,84.4,84.17,84.24,41777
2012-10-11 16:00:00,84.24,84.38,84.15,84.31,160620
2012-10-12 09:45:00,84.62,84.62,84.03,84.25,39068
2012-10-12 10:00:00,84.29,84.42,84.06,84.41,16281
2012-10-12 10:15:00,84.39,84.47,84.29,84.4325,15415
2012-10-12 10:30:00,84.43,84.43,83.8,83.94,49554
2012-10-12 10:45:00,83.94,84.05,83.85,83.98,18970
2012-10-12 11:00:00,83.94,83.94,83.6,83.73,24203
2012-10-12 11:15:00,83.75,83.79,83.59,83.62,24791
2012-10-12 11:30:00,83.62,83.85,83.55,83.79,23749
2012-10-12 11:45:00,83.77,83.81,83.49,83.49,41202
2012-10-12 12:00:00,83.5,83.51,83.29,83.37,36213
2012-10-12 12:15:00,83.37,83.5482,83.37,83.49,33898
2012-10-12 12:30:00,83.48,83.52,83.23,83.25,26032
2012-10-12 12:45:00,83.25,83.36,83.18,83.21,22588
2012-10-12 13:00:00,83.2,83.2,83.05,83.0526,30722
2012-10-12 13:15:00,83.04,83.31,83.02,83.1,28672
2012-10-12 13:30:00,83.12,83.24,83.07,83.22,16560
2012-10-12 13:45:00,83.22,83.41,83.21,83.4,25143
2012-10-12 14:00:00,83.4,83.68,83.39,83.68,19794
2012-10-12 14:15:00,83.68,83.68,83.38,83.46,13518
2012-10-12 14:30:00,83.45,83.64,83.42,83.63,22347
2012-10-12 14:45:00,83.63,83.65,83.39,83.41,17077
2012-10-12 15:00:00,83.39,83.57,83.38,83.51,14045
2012-10-12 15:15:00,83.5,83.5,83.33,83.39,20055
2012-10-12 15:30:00,83.39,83.44,83.29,83.33,23394
2012-10-12 15:45:00,83.35,83.39,83.245,83.27,36181
2012-10-12 16:00:00,83.27,83.41,83.27,83.3,99677
2012-10-15 09:45:00,83.71,83.912,82.92,83.04,67132
2012-10-15 10:00:00,83.0,83.01,82.05,82.398,141666
2012-10-15 10:15:00,82.41,82.51,82.14,82.23,54294
2012-10-15 10:30:00,82.25,82.97,82.25,82.86,52847
2012-10-15 10:45:00,82.85,83.2,82.84,83.2,45101
2012-10-15 11:00:00,83.2,83.29,82.99,83.06,24224
2012-10-15 11:15:00,83.0337,83.17,83.01,83.07,19010
2012-10-15 11:30:00,83.08,83.24,83.01,83.21,25458
2012-10-15 11:45:00,83.25,83.56,83.25,83.47,14998
2012-10-15 12:00:00,83.47,83.49,83.22,83.24,12865
2012-10-15 12:15:00,83.2141,83.29,83.17,83.19,18643
2012-10-15 12:30:00,83.19,83.26,83.13,83.23,23813
2012-10-15 12:45:00,83.22,83.25,83.135,83.16,31983
2012-10-15 13:00:00,83.16,83.17,83.0,83.02,36641
2012-10-15 13:15:00,83.01,83.13,82.89,82.9,54362
2012-10-15 13:30:00,82.88,83.05,82.83,83.025,38058
2012-10-15 13:45:00,83.03,83.11,82.86,82.8935,49974
2012-10-15 14:00:00,82.9,82.9,82.7,82.71,24472
2012-10-15 14:15:00,82.72,82.75,82.33,82.35,63874
2012-10-15 14:30:00,82.33,82.35,82.22,82.22,48980
2012-10-15 14:45:00,82.21,82.36,82.135,82.25,35514
2012-10-15 15:00:00,82.22,82.53,82.13,82.51,34629
2012-10-15 15:15:00,82.5,82.56,82.45,82.4617,35960
2012-10-15 15:30:00,82.47,82.5,82.31,82.36,58893
2012-10-15 15:45:00,82.37,82.55,82.37,82.5199,44063
2012-10-15 16:00:00,82.52,82.62,82.49,82.5,134394
2012-10-16 09:45:00,82.5,82.59,81.82,82.48,138083
2012-10-16 10:00:00,82.48,82.5,82.16,82.27,62573
2012-10-16 10:15:00,82.26,82.3,82.05,82.09,90953
2012-10-16 10:30:00,82.09,82.33,82.08,82.31,54547
2012-10-16 10:45:00,82.33,82.35,82.02,82.04,66688
2012-10-16 11:00:00,82.04,82.04,81.69,81.7202,106705
2012-10-16 11:15:00,81.72,82.15,81.65,82.08,66926
2012-10-16 11:30:00,82.08,82.14,82.04,82.14,44959
2012-10-16 11:45:00,82.14,82.22,82.07,82.205,38984
2012-10-16 12:00:00,82.2,82.38,82.18,82.325,86245
2012-10-16 12:15:00,82.32,82.34,82.2,82.23,122712
2012-10-16 12:30:00,82.24,82.3,82.15,82.19,19900
2012-10-16 12:45:00,82.21,82.25,82.11,82.13,28874
2012-10-16 13:00:00,82.13,82.26,82.01,82.15,32768
2012-10-16 13:15:00,82.15,82.23,82.05,82.12,23527
2012-10-16 13:30:00,82.14,82.2,82.12,82.18,25642
2012-10-16 13:45:00,82.17,82.18,82.11,82.15,43374
2012-10-16 14:00:00,82.1535,82.22,82.11,82.17,31409
2012-10-16 14:15:00,82.21,82.24,81.9838,82.005,55132
2012-10-16 14:30:00,82.0,82.04,81.98,82.005,62692
2012-10-16 14:45:00,82.005,82.01,81.95,81.99,47429
2012-10-16 15:00:00,81.99,82.01,81.93,81.94,53069
2012-10-16 15:15:00,81.95,81.95,81.75,81.77,80020
2012-10-16 15:30:00,81.765,81.82,81.2,81.42399999999999,224519
2012-10-16 15:45:00,81.4,81.77,81.4,81.5,150404
2012-10-16 16:00:00,81.5,81.75,81.42,81.7,371454
2012-10-17 09:45:00,81.62,81.66,79.3,79.3,514587
2012-10-17 10:00:00,79.3899,79.78,78.91,79.32,493306
2012-10-17 10:15:00,79.3299,79.62,79.25,79.53,297286
2012-10-17 10:30:00,79.53,79.61,79.02,79.25,336966
2012-10-17 10:45:00,79.26,79.48,79.21,79.34,107653
2012-10-17 11:00:00,79.35,79.71,79.32,79.6,207573
2012-10-17 11:15:00,79.61,79.77,79.49,79.72,124289
2012-10-17 11:30:00,79.72,80.02,79.68,79.87,135118
2012-10-17 11:45:00,79.87,80.0,79.8,79.98,86777
2012-10-17 12:00:00,79.99,80.11,79.87,80.0,85897
2012-10-17 12:15:00,80.0,80.05,79.98,80.0,66469
2012-10-17 12:30:00,80.0,80.06,79.98,80.04,88376
2012-10-17 12:45:00,80.04,80.19,79.99,80.15,72691
2012-10-17 13:00:00,80.143,80.5,80.14,80.46,69839
2012-10-17 13:15:00,80.49,80.5,80.33,80.47,33639
2012-10-17 13:30:00,80.44,80.5,80.37,80.44,39961
2012-10-17 13:45:00,80.43,80.46,80.1,80.17,32256
2012-10-17 14:00:00,80.16,80.19,80.02,80.07,72406
2012-10-17 14:15:00,80.08,80.21,80.045,80.11,35127
2012-10-17 14:30:00,80.11,80.185,80.05,80.185,77040
2012-10-17 14:45:00,80.19,80.19,80.0,80.03,114945
2012-10-17 15:00:00,80.03,80.19,80.01,80.19,50519
2012-10-17 15:15:00,80.21,80.37,80.16,80.37,67021
2012-10-17 15:30:00,80.37,80.42,80.15,80.2,74901
2012-10-17 15:45:00,80.21,80.44,80.16,80.24,123594
2012-10-17 16:00:00,80.24,80.59,80.04,80.44,358958
2012-10-18 09:45:00,79.89,80.3,79.56,80.1,163607
2012-10-18 10:00:00,80.08,80.15,79.9,80.06,119207
2012-10-18 10:15:00,80.03,80.13,79.93,79.96,72253
2012-10-18 10:30:00,79.96,79.9601,79.11,79.22,163678
2012-10-18 10:45:00,79.215,79.25,78.8,78.85,302614
2012-10-18 11:00:00,78.85,79.31,78.583,79.14,130668
2012-10-18 11:15:00,79.1,79.65,78.9,79.62,177433
2012-10-18 11:30:00,79.63,80.48,79.63,79.845,818278
2012-10-18 11:45:00,79.86,80.03,79.63,79.78,237152
2012-10-18 12:00:00,79.77,80.53,79.7338,80.42,290890
2012-10-18 12:15:00,80.42,81.09,80.2,80.83,141849
2012-10-18 12:30:00,80.84,80.89,80.56,80.89,37960
2012-10-18 12:45:00,80.92,80.939,80.22,80.22,57239
2012-10-18 13:00:00,80.2,80.36,80.09,80.12,65451
2012-10-18 13:15:00,80.1,80.14,79.6,80.01,206558
2012-10-18 13:30:00,80.0,80.12,79.77,80.0,217922
2012-10-18 13:45:00,80.0,80.0,79.48,79.55,49531
2012-10-18 14:00:00,79.55,79.66,79.44,79.51,96000
2012-10-18 14:15:00,79.5,79.87,79.48,79.51,119365
2012-10-18 14:30:00,79.49,79.51,79.32,79.3845,60674
2012-10-18 14:45:00,79.39,79.68,79.34,79.68,41682
2012-10-18 15:00:00,79.68,80.08,79.6725,80.045,120210
2012-10-18 15:15:00,80.015,80.04,79.86,80.03,134912
2012-10-18 15:30:00,80.03,80.06,79.91,79.945,151625
2012-10-18 15:45:00,79.94,80.05,79.69,79.88,167447
2012-10-18 16:00:00,79.87,80.09,79.825,79.95,490515
2012-10-19 09:45:00,79.76,80.33,79.665,80.101,255902
2012-10-19 10:00:00,80.07,80.43,79.95,80.31,81416
2012-10-19 10:15:00,80.27,80.74,80.21,80.58,74918
2012-10-19 10:30:00,80.58,80.91,80.5501,80.79,74342
2012-10-19 10:45:00,80.78,80.83,80.71,80.8,44732
2012-10-19 11:00:00,80.79,80.905,80.67,80.745,79543
2012-10-19 11:15:00,80.76,80.805,80.27,80.375,98187
2012-10-19 11:30:00,80.375,80.375,79.98,80.14,73488
2012-10-19 11:45:00,80.148,80.45,80.08,80.2199,28602
2012-10-19 12:00:00,80.22,80.4,80.145,80.4,40221
2012-10-19 12:15:00,80.38,80.49,80.21,80.375,25514
2012-10-19 12:30:00,80.39,80.46,80.2,80.41,47312
2012-10-19 12:45:00,80.42,80.54,80.38,80.39,19996
2012-10-19 13:00:00,80.39,80.4,80.25,80.3928,31189
2012-10-19 13:15:00,80.36,80.53,80.33,80.5,16173
2012-10-19 13:30:00,80.51,80.5692,80.34,80.5,24072
2012-10-19 13:45:00,80.5,80.5,80.31,80.47,22167
2012-10-19 14:00:00,80.46,80.465,80.14,80.32,36057
2012-10-19 14:15:00,80.31,80.375,80.2,80.29,34870
2012-10-19 14:30:00,80.271,80.28,80.134,80.25,58445
2012-10-19 14:45:00,80.235,80.3099,80.12,80.25,44741
2012-10-19 15:00:00,80.25,80.255,80.06,80.195,56048
2012-10-19 15:15:00,80.18,80.225,80.04,80.2,54584
2012-10-19 15:30:00,80.21,80.52,80.15,80.41,39397
2012-10-19 15:45:00,80.4,80.535,80.36,80.53,54639
2012-10-19 16:00:00,80.53,80.82,80.53,80.58,242090
2012-10-22 09:45:00,78.84,80.46,78.7,79.91,294656
2012-10-22 10:00:00,79.87,80.285,79.69,80.23,60646
2012-10-22 10:15:00,80.2555,80.46,80.2,80.28,138658
2012-10-22 10:30:00,80.26,80.265,79.88,79.91,93382
2012-10-22 10:45:00,79.89,79.89,79.35,79.48,75334
2012-10-22 11:00:00,79.48,80.13,79.48,79.97,62972
2012-10-22 11:15:00,79.93,80.26,79.9,80.1,45493
2012-10-22 11:30:00,80.1,80.1,79.9,79.98,38620
2012-10-22 11:45:00,79.98,80.0,79.87,79.965,28125
2012-10-22 12:00:00,79.98,80.0,79.9,79.94,35583
2012-10-22 12:15:00,79.95,80.25,79.92,80.08,52059
2012-10-22 12:30:00,80.08,80.23,80.06,80.14,75940
2012-10-22 12:45:00,80.14,80.25,80.0,80.18,48495
2012-10-22 13:00:00,80.19,80.6,80.19,80.47,61990
2012-10-22 13:15:00,80.46,80.58,80.12,80.29,34082
2012-10-22 13:30:00,80.29,80.31,79.97,80.05,50373
2012-10-22 13:45:00,80.065,80.09,79.8,79.943,28831
2012-10-22 14:00:00,79.94,80.11,79.931,80.015,29768
2012-10-22 14:15:00,80.0,80.14,79.95,80.08,36539
2012-10-22 14:30:00,80.1,80.35,80.1,80.221,37719
2012-10-22 14:45:00,80.23,80.3899,80.19,80.36,40067
2012-10-22 15:00:00,80.35,80.3525,80.2,80.21,40216
2012-10-22 15:15:00,80.2116,80.33,80.02,80.28,105480
2012-10-22 15:30:00,80.27,80.27,80.08,80.16,57992
2012-10-22 15:45:00,80.16,80.21,79.99,80.1103,106129
2012-10-22 16:00:00,80.13,80.38,80.07,80.32,111349
2012-10-23 09:45:00,79.49,80.28,79.24,80.13,49201
2012-10-23 10:00:00,80.04,80.4,79.96,80.36,36280
2012-10-23 10:15:00,80.34,80.7,80.31,80.69,68633
2012-10-23 10:30:00,80.68,80.83,80.5,80.56,51663
2012-10-23 10:45:00,80.55,80.7,80.46,80.51,51313
2012-10-23 11:00:00,80.52,80.71,80.5,80.64,33656
2012-10-23 11:15:00,80.65,80.86,80.6,80.84,47849
2012-10-23 11:30:00,80.83,81.06,80.83,81.03,257010
2012-10-23 11:45:00,81.03,81.22,80.95,81.16,103012
2012-10-23 12:00:00,81.16,81.39,81.11,81.31,97156
2012-10-23 12:15:00,81.32,81.45,81.27,81.45,44906
2012-10-23 12:30:00,81.42,81.43,81.28,81.37,19348
2012-10-23 12:45:00,81.38,81.49,81.35,81.37,32269
2012-10-23 13:00:00,81.38,81.43,81.3,81.32,25751
2012-10-23 13:15:00,81.32,81.41,81.14,81.34,70369
2012-10-23 13:30:00,81.31,81.7,81.28,81.7,35156
2012-10-23 13:45:00,81.7,82.08,81.68,81.96,88234
2012-10-23 14:00:00,81.94,82.49,81.92,82.41,72722
2012-10-23 14:15:00,82.41,82.74,82.32,82.59,119213
2012-10-23 14:30:00,82.59,82.59,82.1401,82.25,83543
2012-10-23 14:45:00,82.255,83.17,82.25,83.1,108973
2012-10-23 15:00:00,83.0764,83.31,83.03,83.16,262054
2012-10-23 15:15:00,83.15,83.27,82.43,82.48,152994
2012-10-23 15:30:00,82.49,82.7,82.38,82.63,63536
2012-10-23 15:45:00,82.62,82.82,82.62,82.79,104647
2012-10-23 16:00:00,82.78,82.98,82.63,82.64,232822
2012-10-24 09:45:00,83.43,83.51,82.24,82.45,78137
2012-10-24 10:00:00,82.5,82.54,81.86,82.44,199333
2012-10-24 10:15:00,82.45,82.47,81.9,81.903,182012
2012-10-24 10:30:00,81.9,82.11,81.88,81.94,117646
2012-10-24 10:45:00,81.95,82.05,81.87,82.0,51930
2012-10-24 11:00:00,82.0,82.02,81.92,82.01,68789
2012-10-24 11:15:00,82.0,82.04,81.79,81.79,41922
2012-10-24 11:30:00,81.8,81.82,81.43,81.57,61649
2012-10-24 11:45:00,81.56,81.695,81.42,81.695,42520
2012-10-24 12:00:00,81.7,81.72,81.48,81.51,75164
2012-10-24 12:15:00,81.53,81.59,81.07,81.47,161350
2012-10-24 12:30:00,81.47,81.67,81.41,81.5101,63688
2012-10-24 12:45:00,81.5,82.0,81.48,82.0,47485
2012-10-24 13:00:00,82.0,82.32,81.94,82.015,34986
2012-10-24 13:15:00,82.01,82.18,81.83,81.88,25269
2012-10-24 13:30:00,81.87,82.04,81.85,82.0,36670
2012-10-24 13:45:00,81.98,82.12,81.92,81.98,37919
2012-10-24 14:00:00,81.95,81.96,81.64,81.6799,39119
2012-10-24 14:15:00,81.67,81.77,81.3,81.305,37153
2012-10-24 14:30:00,81.31,81.49,80.95,81.38,63048
2012-10-24 14:45:00,81.42,81.55,81.12,81.35,39011
2012-10-24 15:00:00,81.32,81.335,81.06,81.1,29831
2012-10-24 15:15:00,81.1,81.21,80.97,81.13,48257
2012-10-24 15:30:00,81.12,81.25,80.96,81.01,78352
2012-10-24 15:45:00,81.01,81.34,80.89,81.13,95218
2012-10-24 16:00:00,81.13,81.96,81.13,81.71,263490
2012-10-25 09:45:00,86.35,88.45,85.0,85.51,441038
2012-10-25 10:00:00,85.51,85.54,83.13,83.63,571097
2012-10-25 10:15:00,83.61,84.38,83.47,84.19,218198
2012-10-25 10:30:00,84.18,84.29,83.76,84.06,91147
2012-10-25 10:45:00,84.05,84.2,83.58,83.89,69122
2012-10-25 11:00:00,83.88,84.0,83.49,83.59,98395
2012-10-25 11:15:00,83.59,83.59,83.25,83.4,135400
2012-10-25 11:30:00,83.41,85.1,83.368,84.275,169213
2012-10-25 11:45:00,84.275,84.275,83.7,83.79,85478
2012-10-25 12:00:00,83.79,83.9,83.16,83.37,125847
2012-10-25 12:15:00,83.41,83.94,83.38,83.91,58198
2012-10-25 12:30:00,83.87,84.48,83.72,84.2,126963
2012-10-25 12:45:00,84.15,84.295,83.8,83.91,49745
2012-10-25 13:00:00,83.97,84.97,83.97,84.97,98002
2012-10-25 13:15:00,84.96,85.04,84.12,84.26,138717
2012-10-25 13:30:00,84.26,84.43,84.13,84.17,32711
2012-10-25 13:45:00,84.17,84.21,84.0,84.12,48224
2012-10-25 14:00:00,84.14,84.175,83.93,84.02,63297
2012-10-25 14:15:00,84.02,84.05,83.73,83.79,38628
2012-10-25 14:30:00,83.8,83.92,83.6,83.88,52925
2012-10-25 14:45:00,83.88,84.26,83.76,84.25,75313
2012-10-25 15:00:00,84.26,84.54,84.11,84.39,72745
2012-10-25 15:15:00,84.4,84.69,84.385,84.5,127039
2012-10-25 15:30:00,84.505,84.67,84.44,84.58,81714
2012-10-25 15:45:00,84.59,84.67,83.55,84.55,167316
2012-10-25 16:00:00,84.55,84.68,84.44,84.45,290216
2012-10-26 09:45:00,84.63,84.69,84.0,84.05,61419
2012-10-26 10:00:00,84.05,84.43,83.99,84.23,63645
2012-10-26 10:15:00,84.21,84.21,83.99,84.15,47789
2012-10-26 10:30:00,84.16,84.16,83.91,83.91,34547
2012-10-26 10:45:00,83.91,84.36,83.81,84.35,41978
2012-10-26 11:00:00,84.35,84.52,84.04,84.05,52160
2012-10-26 11:15:00,84.04,84.09,83.99,84.03,56903
2012-10-26 11:30:00,84.0,84.28,83.985,84.26,37530
2012-10-26 11:45:00,84.26,84.74,84.25,84.64,22809
2012-10-26 12:00:00,84.63,84.63,84.21,84.35,48947
2012-10-26 12:15:00,84.38,84.4,84.0,84.05,28912
2012-10-26 12:30:00,84.05,84.43,83.9,84.43,26919
2012-10-26 12:45:00,84.42,84.7,84.19,84.68,53719
2012-10-26 13:00:00,84.68,85.0,84.68,84.92,40014
2012-10-26 13:15:00,84.92,85.0,84.58,84.62,30997
2012-10-26 13:30:00,84.66,84.83,84.58,84.81,39479
2012-10-26 13:45:00,84.79,84.92,84.71,84.8498,34397
2012-10-26 14:00:00,84.82,84.88,84.7,84.81,22284
2012-10-26 14:15:00,84.81,84.835,84.68,84.71,22250
2012-10-26 14:30:00,84.75,84.77,84.53,84.59,40342
2012-10-26 14:45:00,84.58,84.69,84.38,84.45,46234
2012-10-26 15:00:00,84.44,84.62,84.35,84.62,42091
2012-10-26 15:15:00,84.62,84.86,84.59,84.785,49748
2012-10-26 15:30:00,84.785,84.83,84.65,84.83,57728
2012-10-26 15:45:00,84.83,84.91,84.71,84.77,66399
2012-10-26 16:00:00,84.78,84.8,84.49,84.58,174979
2012-10-31 09:45:00,84.7,86.52,84.6,85.26,89117
2012-10-31 10:00:00,85.26,85.5,84.69,85.05,28949
2012-10-31 10:15:00,85.05,85.22,84.415,84.42,35177
2012-10-31 10:30:00,84.43,85.0583,84.36,84.91,41988
2012-10-31 10:45:00,84.91,84.93,84.52,84.54,25089
2012-10-31 11:00:00,84.53,84.69,84.38,84.38,25845
2012-10-31 11:15:00,84.37,84.39,84.125,84.345,34604
2012-10-31 11:30:00,84.38,84.64,84.34,84.345,31688
2012-10-31 11:45:00,84.36,84.625,84.25,84.58,51142
2012-10-31 12:00:00,84.58,84.58,84.33,84.39,21090
2012-10-31 12:15:00,84.36,84.42,84.04,84.12,34976
2012-10-31 12:30:00,84.15,84.21,84.0,84.12,52392
2012-10-31 12:45:00,84.1,84.37,84.01,84.29,13036
2012-10-31 13:00:00,84.3064,84.53,84.25,84.46,13582
2012-10-31 13:15:00,84.47,84.61,84.38,84.48,14305
2012-10-31 13:30:00,84.49,84.86,84.49,84.86,11977
2012-10-31 13:45:00,84.83,85.05,84.83,84.97,66461
2012-10-31 14:00:00,85.0,85.21,84.94,85.21,42887
2012-10-31 14:15:00,85.27,85.59,85.24,85.46,64076
2012-10-31 14:30:00,85.48,85.83,85.48,85.735,33731
2012-10-31 14:45:00,85.72,85.87,85.63,85.64,32451
2012-10-31 15:00:00,85.66,85.66,85.39,85.54,37635
2012-10-31 15:15:00,85.51,85.9,85.44,85.86,41432
2012-10-31 15:30:00,85.85,85.85,85.53,85.705,51735
2012-10-31 15:45:00,85.73,86.07,85.71,85.93,71462
2012-10-31 16:00:00,85.941,86.14,85.67,85.67,213624
2012-11-01 09:45:00,85.66,85.95,85.0,85.31,52703
2012-11-01 10:00:00,85.33,85.48,85.03,85.3,76563
2012-11-01 10:15:00,85.35,85.6,85.04,85.25,68367
2012-11-01 10:30:00,85.3,85.42,85.14,85.27,130815
2012-11-01 10:45:00,85.24,85.46,85.17,85.42,45370
2012-11-01 11:00:00,85.46,85.5,85.33,85.43,47325
2012-11-01 11:15:00,85.45,85.49,85.22,85.28,172805
2012-11-01 11:30:00,85.33,85.37,85.05,85.15,111687
2012-11-01 11:45:00,85.18,85.65,85.06,85.635,111276
2012-11-01 12:00:00,85.66,85.98,85.56,85.91,47977
2012-11-01 12:15:00,85.92,85.96,85.71,85.85,27585
2012-11-01 12:30:00,85.825,85.84,85.66,85.685,24309
2012-11-01 12:45:00,85.68,85.905,85.64,85.8,39684
2012-11-01 13:00:00,85.81,86.01,85.8,85.84,21953
2012-11-01 13:15:00,85.81,85.85,85.71,85.85,18650
2012-11-01 13:30:00,85.85,85.95,85.71,85.8,21332
2012-11-01 13:45:00,85.8,85.94,85.65,85.85,24776
2012-11-01 14:00:00,85.86,86.06,85.81,85.84,48136
2012-11-01 14:15:00,85.85,85.89,85.65,85.75,37586
2012-11-01 14:30:00,85.76,86.0,85.76,85.935,22378
2012-11-01 14:45:00,85.92,86.02,85.85,85.97,23370
2012-11-01 15:00:00,85.97,91.94,85.97,89.07,1048852
2012-11-01 15:15:00,89.08,89.1,86.02,87.1,764097
2012-11-01 15:30:00,87.16,88.1,86.89,87.7,293175
2012-11-01 15:45:00,87.7,88.39,87.61,88.39,278195
2012-11-01 16:00:00,88.3,88.8,87.96,88.04,448991
2012-11-02 09:45:00,88.59,91.53,87.89,88.22,227648
2012-11-02 10:00:00,88.22,88.71,88.2,88.41,88415
2012-11-02 10:15:00,88.41,88.58,87.735,87.84,61418
2012-11-02 10:30:00,87.79,88.12,87.62,87.67,39860
2012-11-02 10:45:00,87.66,87.96,87.55,87.9,62812
2012-11-02 11:00:00,87.87,87.95,87.64,87.84,39478
2012-11-02 11:15:00,87.89,87.95,87.4,87.53,42593
2012-11-02 11:30:00,87.54,87.95,87.37,87.9,37713
2012-11-02 11:45:00,87.89,88.43,87.77,88.41,39111
2012-11-02 12:00:00,88.42,88.46,88.07,88.27,32258
2012-11-02 12:15:00,88.25,88.29,87.98,88.25,20645
2012-11-02 12:30:00,88.27,88.28,87.99,88.04,18171
2012-11-02 12:45:00,88.02,88.15,87.72,87.72,19986
2012-11-02 13:00:00,87.73,87.77,87.57,87.63,40650
2012-11-02 13:15:00,87.64,88.11,87.63,87.94,24516
2012-11-02 13:30:00,87.95,88.07,87.85,88.035,18181
2012-11-02 13:45:00,88.04,88.19,87.99,88.01,23398
2012-11-02 14:00:00,87.99,88.16,87.9433,88.14,30136
2012-11-02 14:15:00,88.1,88.145,87.98,88.04,58486
2012-11-02 14:30:00,88.04,88.31,88.0,88.31,43040
2012-11-02 14:45:00,88.3,88.37,88.09,88.25,41000
2012-11-02 15:00:00,88.26,88.41,88.16,88.4,31968
2012-11-02 15:15:00,88.41,88.58,88.23,88.36,57441
2012-11-02 15:30:00,88.34,88.34,87.98,88.0,48547
2012-11-02 15:45:00,88.02,88.29,87.9,88.29,81824
2012-11-02 16:00:00,88.27,88.36,88.045,88.348,234111
2012-11-05 09:45:00,87.85,88.34,87.23,87.83,78354
2012-11-05 10:00:00,87.84,88.01,87.73,87.93,37024
2012-11-05 10:15:00,87.91,88.23,87.78,88.14,67217
2012-11-05 10:30:00,88.13,88.34,88.01,88.22,71044
2012-11-05 10:45:00,88.21,88.63,88.02,88.63,32195
2012-11-05 11:00:00,88.63,88.69,88.47,88.625,46864
2012-11-05 11:15:00,88.61,88.88,88.53,88.685,53393
2012-11-05 11:30:00,88.68,88.715,88.4,88.58,65633
2012-11-05 11:45:00,88.6,88.62,88.47,88.5,54660
2012-11-05 12:00:00,88.5,88.55,88.45,88.55,21441
2012-11-05 12:15:00,88.51,88.86,88.43,88.81,32067
2012-11-05 12:30:00,88.81,88.82,88.68,88.69,15469
2012-11-05 12:45:00,88.69,88.775,88.5,88.56,31973
2012-11-05 13:00:00,88.52,88.96,88.52,88.94,29477
2012-11-05 13:15:00,88.93,89.19,88.83,88.9,38542
2012-11-05 13:30:00,88.9,89.1,88.875,89.07,19912
2012-11-05 13:45:00,89.08,89.1,88.86,88.9,22750
2012-11-05 14:00:00,88.9,88.98,88.85,88.87,23591
2012-11-05 14:15:00,88.89,88.91,88.65,88.68,54843
2012-11-05 14:30:00,88.67,88.79,88.5325,88.73,37753
2012-11-05 14:45:00,88.73,88.75,88.5,88.58,45510
2012-11-05 15:00:00,88.57,88.6325,88.36,88.43,80833
2012-11-05 15:15:00,88.44,88.475,88.17,88.17,118429
2012-11-05 15:30:00,88.17,88.17,87.85,87.85,97267
2012-11-05 15:45:00,87.87,88.1925,87.78,88.15,179955
2012-11-05 16:00:00,88.17,88.27,87.91,88.05,206693
2012-11-06 09:45:00,88.29,88.74600000000001,87.76,88.435,51995
2012-11-06 10:00:00,88.44,88.77,88.39,88.77,43132
2012-11-06 10:15:00,88.77,89.0,88.655,88.83,37078
2012-11-06 10:30:00,88.82,88.92,88.78,88.88,22860
2012-11-06 10:45:00,88.92,89.14,88.8201,89.0,21070
2012-11-06 11:00:00,89.0,89.11200000000001,88.93,89.0,16643
2012-11-06 11:15:00,88.99,89.03,88.91,89.01,15513
2012-11-06 11:30:00,89.02,89.045,88.84,88.92200000000001,26350
2012-11-06 11:45:00,88.92,89.24,88.9,89.2,32071
2012-11-06 12:00:00,89.26,89.41,89.14,89.4,54884
2012-11-06 12:15:00,89.39,89.86,89.34,89.75,69171
2012-11-06 12:30:00,89.74,89.82,89.61,89.65,36603
2012-11-06 12:45:00,89.67,89.73,89.35,89.35,18275
2012-11-06 13:00:00,89.35,89.35,89.1,89.19,16262
2012-11-06 13:15:00,89.21,89.22,89.05,89.15,18425
2012-11-06 13:30:00,89.13,89.3,89.08,89.28,46710
2012-11-06 13:45:00,89.26,89.51,89.25,89.43,36000
2012-11-06 14:00:00,89.42,89.49,89.37,89.39,37987
2012-11-06 14:15:00,89.37,89.54,89.37,89.51,43375
2012-11-06 14:30:00,89.54,89.77,89.48,89.75,60970
2012-11-06 14:45:00,89.76,89.98,89.76,89.93,33808
2012-11-06 15:00:00,89.93,90.08,89.89,89.94,77256
2012-11-06 15:15:00,89.92,89.92,89.6234,89.7,55151
2012-11-06 15:30:00,89.7,89.81,89.5,89.52,55390
2012-11-06 15:45:00,89.52,89.815,89.52,89.8,94592
2012-11-06 16:00:00,89.78,89.95,89.63,89.74,124035
2012-11-07 09:45:00,89.38,89.7,88.44,88.8,50855
2012-11-07 10:00:00,88.855,89.47,88.79,89.24,29316
2012-11-07 10:15:00,89.215,89.59,89.19,89.46,33246
2012-11-07 10:30:00,89.45,89.56,89.21,89.55,32494
2012-11-07 10:45:00,89.555,89.8,89.5,89.7,69654
2012-11-07 11:00:00,89.7,89.71,89.28,89.335,40864
2012-11-07 11:15:00,89.29,89.44,88.89,88.93,52918
2012-11-07 11:30:00,88.9201,88.96,88.325,88.4,49260
2012-11-07 11:45:00,88.41,88.435,88.12,88.27,41017
2012-11-07 12:00:00,88.23,88.46,88.2,88.4,113574
2012-11-07 12:15:00,88.39,88.425,88.29,88.37,35320
2012-11-07 12:30:00,88.36,88.45,88.34,88.36,27000
2012-11-07 12:45:00,88.4,88.439,88.29,88.36,30714
2012-11-07 13:00:00,88.375,88.43,88.31,88.43,18092
2012-11-07 13:15:00,88.42,88.67,88.395,88.43,94679
2012-11-07 13:30:00,88.43,88.74,88.425,88.67,62177
2012-11-07 13:45:00,88.67,89.02,88.67,88.95,29923
2012-11-07 14:00:00,88.9403,88.98,88.8103,88.86,27690
2012-11-07 14:15:00,88.87,88.97,88.84,88.88,13600
2012-11-07 14:30:00,88.87,88.88,88.75,88.8,16375
2012-11-07 14:45:00,88.8,88.8,88.67,88.68,18635
2012-11-07 15:00:00,88.7,88.88,88.66799999999999,88.86,39115
2012-11-07 15:15:00,88.87,88.9,88.69,88.84,35960
2012-11-07 15:30:00,88.83,89.01,88.75,88.92,31481
2012-11-07 15:45:00,88.91,88.98,88.75,88.9,57684
2012-11-07 16:00:00,88.88,88.9,88.35,88.36,171689
2012-11-08 09:45:00,88.5,88.99,88.5,88.96,53626
2012-11-08 10:00:00,89.03,89.78,88.95,89.77,44342
2012-11-08 10:15:00,89.715,89.79,89.13,89.24,84143
2012-11-08 10:30:00,89.25,89.5,89.21,89.42,56620
2012-11-08 10:45:00,89.42,89.56,89.32,89.5,109487
2012-11-08 11:00:00,89.49,89.53,89.33,89.45,80952
2012-11-08 11:15:00,89.45,89.49,89.33,89.33,61987
2012-11-08 11:30:00,89.33,89.42,89.13,89.36,34413
2012-11-08 11:45:00,89.34,89.4,89.12,89.31,64494
2012-11-08 12:00:00,89.31,89.47,89.3,89.43,60744
2012-11-08 12:15:00,89.43,89.48,89.21,89.36,88705
2012-11-08 12:30:00,89.38,89.41,89.17,89.32,42983
2012-11-08 12:45:00,89.33,89.37,89.17200000000001,89.25,39734
2012-11-08 13:00:00,89.25,89.385,89.25,89.34,47446
2012-11-08 13:15:00,89.34,89.34,89.0,89.04,16183
2012-11-08 13:30:00,89.09,89.13,88.95,89.01,32526
2012-11-08 13:45:00,89.02,89.29,88.95,89.2,16438
2012-11-08 14:00:00,89.16,89.73,89.16,89.42,75444
2012-11-08 14:15:00,89.45,89.46,89.2,89.3225,78656
2012-11-08 14:30:00,89.33,89.46,89.26,89.36,32279
2012-11-08 14:45:00,89.35,89.4,89.22,89.3,48541
2012-11-08 15:00:00,89.3,89.4,89.17,89.19,27132
2012-11-08 15:15:00,89.16,89.3,89.11,89.14,72801
2012-11-08 15:30:00,89.13,89.23,89.08,89.13,71588
2012-11-08 15:45:00,89.12,89.14,88.99,89.05,108280
2012-11-08 16:00:00,89.055,89.13,88.84,88.92,200709
2012-11-09 09:45:00,88.82,90.96,88.7,90.73,143908
2012-11-09 10:00:00,90.59,91.86,90.59,91.55,262961
2012-11-09 10:15:00,91.57,91.85,91.3,91.56,202476
2012-11-09 10:30:00,91.53,91.53,90.78,91.1,110175
2012-11-09 10:45:00,91.06,91.43,90.81,91.19,57677
2012-11-09 11:00:00,91.18,91.34,90.9,91.0125,116792
2012-11-09 11:15:00,91.0,91.08,90.75,90.86,56876
2012-11-09 11:30:00,90.86,90.98,90.66,90.7,45166
2012-11-09 11:45:00,90.65,90.84,90.47,90.57,104072
2012-11-09 12:00:00,90.57,90.61,90.39,90.49,87755
2012-11-09 12:15:00,90.51,90.535,90.36,90.45,69642
2012-11-09 12:30:00,90.45,90.46,90.27,90.34,35301
2012-11-09 12:45:00,90.35,90.35,90.07,90.1,18019
2012-11-09 13:00:00,90.1,90.22,90.08,90.1,18107
2012-11-09 13:15:00,90.14,90.3,89.7901,89.98,35456
2012-11-09 13:30:00,89.96,90.0,89.53,89.53,23916
2012-11-09 13:45:00,89.55,89.95,89.26,89.92,107136
2012-11-09 14:00:00,89.92,90.03,89.74,89.81,25160
2012-11-09 14:15:00,89.78,89.85,89.54,89.79,35366
2012-11-09 14:30:00,89.8,90.01,89.8,90.0,40280
2012-11-09 14:45:00,90.01,90.02,89.79,89.825,28173
2012-11-09 15:00:00,89.84,89.91,89.535,89.88,38446
2012-11-09 15:15:00,89.87,89.8901,89.48,89.64,37809
2012-11-09 15:30:00,89.65,89.73,89.52,89.58,52730
2012-11-09 15:45:00,89.58,89.66,89.28,89.46,105603
2012-11-09 16:00:00,89.47,89.55,89.19,89.27,153018
2012-11-12 09:45:00,89.27,89.5,88.0,88.53,68620
2012-11-12 10:00:00,88.56,88.69,88.28,88.46,59740
2012-11-12 10:15:00,88.555,88.57,88.3,88.45,80228
2012-11-12 10:30:00,88.45,88.51,88.26,88.46,43603
2012-11-12 10:45:00,88.46,88.51,88.39,88.47,46190
2012-11-12 11:00:00,88.47,88.58,88.44,88.5,78568
2012-11-12 11:15:00,88.5,88.54,88.38,88.49,45095
2012-11-12 11:30:00,88.47,88.51,88.37,88.505,12478
2012-11-12 11:45:00,88.5,88.5,88.28,88.37,19180
2012-11-12 12:00:00,88.35,88.36,88.13,88.16,22629
2012-11-12 12:15:00,88.1547,88.26,88.12,88.23,13479
2012-11-12 12:30:00,88.2,88.23,88.16,88.17,11647
2012-11-12 12:45:00,88.19,88.35,88.19,88.35,11261
2012-11-12 13:00:00,88.35,88.37,88.15,88.26,22835
2012-11-12 13:15:00,88.27,88.32,88.16,88.25,15439
2012-11-12 13:30:00,88.25,88.28,88.14,88.2,15237
2012-11-12 13:45:00,88.22,88.26,88.08,88.24,15750
2012-11-12 14:00:00,88.24,88.3,88.2,88.27,17295
2012-11-12 14:15:00,88.25,88.35,88.15,88.33,18104
2012-11-12 14:30:00,88.33,88.56,88.33,88.5,16370
2012-11-12 14:45:00,88.49,88.56,88.14,88.18,17635
2012-11-12 15:00:00,88.15,88.26,88.15,88.2,13120
2012-11-12 15:15:00,88.2,88.26,87.99,88.0,29094
2012-11-12 15:30:00,87.97,88.28,87.94,88.28,21226
2012-11-12 15:45:00,88.27,88.32,88.22,88.28,103913
2012-11-12 16:00:00,88.28,88.32,88.12,88.23,93111
2012-11-13 09:45:00,88.58,89.55,87.97,89.199,58643
2012-11-13 10:00:00,89.19,89.81,89.095,89.34,66958
2012-11-13 10:15:00,89.34,90.04,89.33,89.98,52009
2012-11-13 10:30:00,90.04,90.05,89.69,89.84,30664
2012-11-13 10:45:00,89.85,90.01,89.78,89.95,44055
2012-11-13 11:00:00,89.93,90.38,89.89,90.29,54253
2012-11-13 11:15:00,90.24,90.43,90.08,90.17,40502
2012-11-13 11:30:00,90.17,90.29,89.882,89.9,17394
2012-11-13 11:45:00,89.89,90.0,89.73,89.88,18910
2012-11-13 12:00:00,89.91,89.99,89.71,89.81,28000
2012-11-13 12:15:00,89.79,89.81,89.42,89.53,32739
2012-11-13 12:30:00,89.5,89.61,89.43,89.495,28205
2012-11-13 12:45:00,89.5,89.7,89.5,89.61,20147
2012-11-13 13:00:00,89.57,89.87,89.57,89.76,18300
2012-11-13 13:15:00,89.76,89.86,89.6,89.72,16000
2012-11-13 13:30:00,89.71,89.8,89.63,89.6725,36866
2012-11-13 13:45:00,89.68,89.77,89.6,89.705,31576
2012-11-13 14:00:00,89.7,89.86,89.7,89.81,23785
2012-11-13 14:15:00,89.81,89.95,89.77,89.79,33620
2012-11-13 14:30:00,89.8,89.94,89.7972,89.93,20498
2012-11-13 14:45:00,89.92,89.96,89.78,89.8,18511
2012-11-13 15:00:00,89.81,89.89,89.725,89.74,17294
2012-11-13 15:15:00,89.75,89.825,89.7,89.71,27239
2012-11-13 15:30:00,89.72,89.75,89.53,89.6,45044
2012-11-13 15:45:00,89.6,89.745,89.56,89.71,44277
2012-11-13 16:00:00,89.7,89.9,89.59,89.63,196434
2012-11-14 09:45:00,89.9,90.64,89.67,90.07,67676
2012-11-14 10:00:00,90.15,90.18,89.65,89.8,75080
2012-11-14 10:15:00,89.79,90.38,89.79,89.91,76117
2012-11-14 10:30:00,89.9,90.02,89.53,89.6,38173
2012-11-14 10:45:00,89.61,89.65,89.4,89.41,38345
2012-11-14 11:00:00,89.41,89.56,89.3,89.55,38177
2012-11-14 11:15:00,89.53,89.53,89.13,89.2,56217
2012-11-14 11:30:00,89.2,89.44,89.2,89.35,59430
2012-11-14 11:45:00,89.35,89.38,89.19,89.19,38420
2012-11-14 12:00:00,89.2,89.28,89.1,89.16,61922
2012-11-14 12:15:00,89.17,89.22,88.99,89.05,26330
2012-11-14 12:30:00,89.06,89.065,88.8,88.88,31074
2012-11-14 12:45:00,88.9,88.94,88.57,88.8,18579
2012-11-14 13:00:00,88.78,88.885,88.64,88.869,15100
2012-11-14 13:15:00,88.88,88.93,88.69,88.7,16250
2012-11-14 13:30:00,88.7,88.91,88.69,88.83,28937
2012-11-14 13:45:00,88.86,88.99,88.67200000000001,88.74,20280
2012-11-14 14:00:00,88.76,88.86,88.682,88.8,24253
2012-11-14 14:15:00,88.82,88.93,88.69,88.78,39980
2012-11-14 14:30:00,88.78,88.92,88.675,88.9,20708
2012-11-14 14:45:00,88.87,88.97,88.69,88.9,19037
2012-11-14 15:00:00,88.89,89.03,88.795,88.81,24895
2012-11-14 15:15:00,88.81,88.98,88.685,88.75,39341
2012-11-14 15:30:00,88.76,88.76,88.6,88.6695,40373
2012-11-14 15:45:00,88.67,88.74,88.37,88.42,54375
2012-11-14 16:00:00,88.42,88.59,88.34,88.58,127065
2012-11-15 09:45:00,88.94,89.05,88.36,88.47,23227
2012-11-15 10:00:00,88.47,88.685,88.27,88.31,27194
2012-11-15 10:15:00,88.32,89.1,87.99,89.08,39894
2012-11-15 10:30:00,89.08,89.23,88.9,89.04,42671
2012-11-15 10:45:00,89.0,89.35,88.96,89.0001,24508
2012-11-15 11:00:00,89.03,89.12,88.78,89.1,25994
2012-11-15 11:15:00,89.05,89.31,88.96,89.23,35752
2012-11-15 11:30:00,89.23,89.23,88.82,89.035,45786
2012-11-15 11:45:00,89.06,89.37,89.05,89.26,32900
2012-11-15 12:00:00,89.24,89.29,89.03,89.24,17278
2012-11-15 12:15:00,89.2,89.34,89.17,89.3,43966
2012-11-15 12:30:00,89.26,89.45,89.17,89.44,31962
2012-11-15 12:45:00,89.44,89.61,89.29,89.42,41796
2012-11-15 13:00:00,89.42,89.59,89.14,89.14,22620
2012-11-15 13:15:00,89.16,89.49,89.15,89.34,27502
2012-11-15 13:30:00,89.33,89.48,89.24,89.36,21254
2012-11-15 13:45:00,89.43,89.49,89.14399999999999,89.24,59338
2012-11-15 14:00:00,89.23,89.62,89.18,89.5,50584
2012-11-15 14:15:00,89.51,89.98,89.39,89.92,31681
2012-11-15 14:30:00,89.91,90.0,89.73,89.83,27745
2012-11-15 14:45:00,89.84,89.87,89.59,89.61,25019
2012-11-15 15:00:00,89.5701,89.6,89.38,89.47,19984
2012-11-15 15:15:00,89.45,89.45,89.15,89.32,24979
2012-11-15 15:30:00,89.28,89.47,89.23,89.47,42432
2012-11-15 15:45:00,89.46,89.65,89.3755,89.55,60988
2012-11-15 16:00:00,89.6,89.85,89.52,89.68,126940
2012-11-16 09:45:00,90.26,90.26,89.0,89.0009,135899
2012-11-16 10:00:00,89.0,89.23,88.82,89.06,35409
2012-11-16 10:15:00,89.1,89.13,88.72,88.95,30627
2012-11-16 10:30:00,88.9,89.09,88.75,89.068,19322
2012-11-16 10:45:00,89.07,89.24,89.04,89.18,14562
2012-11-16 11:00:00,89.17,89.33,89.04,89.28,21299
2012-11-16 11:15:00,89.28,89.49,89.25,89.37,14633
2012-11-16 11:30:00,89.35,89.62,89.35,89.57,31848
2012-11-16 11:45:00,89.54,89.95,89.47,89.86,21660
2012-11-16 12:00:00,89.87,90.0,89.64,89.98,27108
2012-11-16 12:15:00,89.99,90.19,89.89,90.06,43000
2012-11-16 12:30:00,90.08,90.17,90.022,90.0501,26462
2012-11-16 12:45:00,90.116,90.22,89.95200000000001,89.95200000000001,15726
2012-11-16 13:00:00,89.962,90.06,89.71,89.79,13370
2012-11-16 13:15:00,89.77,90.05,89.68,89.93,29491
2012-11-16 13:30:00,89.95,90.15,89.92,90.14,19933
2012-11-16 13:45:00,90.14,90.16,89.96,90.14,20159
2012-11-16 14:00:00,90.13,90.15,89.94,89.94,31278
2012-11-16 14:15:00,89.94,89.94,89.7,89.9,40093
2012-11-16 14:30:00,89.87,89.91,89.79,89.89,25474
2012-11-16 14:45:00,89.87,89.88,89.62,89.62,19976
2012-11-16 15:00:00,89.62,89.78,89.52,89.74,59720
2012-11-16 15:15:00,89.74,90.03,89.69,89.97,50506
2012-11-16 15:30:00,90.0,90.1,89.97,89.97,56273
2012-11-16 15:45:00,89.95,90.149,89.94,90.1,69668
2012-11-16 16:00:00,90.06,90.13,89.94,90.0,196610
2012-11-19 09:45:00,90.1,91.25,89.97,91.12,106134
2012-11-19 10:00:00,91.12,91.51,90.97,91.27,73094
2012-11-19 10:15:00,91.25,91.41,90.71,90.79,42162
2012-11-19 10:30:00,90.83,90.88,90.56,90.65,48825
2012-11-19 10:45:00,90.68,90.78,90.47,90.73,37602
2012-11-19 11:00:00,90.74,90.87,90.63,90.7,25376
2012-11-19 11:15:00,90.71,90.83,90.54,90.6,38266
2012-11-19 11:30:00,90.62,90.97,90.62,90.97,46259
2012-11-19 11:45:00,90.97,90.994,90.64,90.6432,19633
2012-11-19 12:00:00,90.66,90.69,90.51,90.64,16172
2012-11-19 12:15:00,90.68,91.01,90.68,90.93,24284
2012-11-19 12:30:00,90.93,91.06,90.76,90.76,25594
2012-11-19 12:45:00,90.76,91.43,90.76,91.36,53837
2012-11-19 13:00:00,91.36,91.46,91.26,91.39,24914
2012-11-19 13:15:00,91.38,91.39,91.16,91.25,34616
2012-11-19 13:30:00,91.25,91.31,91.11,91.14,30839
2012-11-19 13:45:00,91.145,91.33,91.12,91.24,26801
2012-11-19 14:00:00,91.24,91.42,91.15,91.15,28654
2012-11-19 14:15:00,91.15,91.57,91.15,91.54,70034
2012-11-19 14:30:00,91.55,91.66,91.44,91.57,36011
2012-11-19 14:45:00,91.57,91.6,91.36,91.49,34753
2012-11-19 15:00:00,91.49,91.69,91.49,91.58,35764
2012-11-19 15:15:00,91.58,91.62,91.42,91.43,30780
2012-11-19 15:30:00,91.43,91.595,91.4037,91.55,30575
2012-11-19 15:45:00,91.53,91.55,91.27,91.2765,45777
2012-11-19 16:00:00,91.28,91.55,91.28,91.53,120860
2012-11-20 09:45:00,91.5,91.81,90.89,91.75,49045
2012-11-20 10:00:00,91.79,92.16,91.78,92.03,74557
2012-11-20 10:15:00,91.991,92.03,91.62,91.89,35753
2012-11-20 10:30:00,91.85,92.305,91.77,92.29,38846
2012-11-20 10:45:00,92.28,92.37,92.24,92.32,25870
2012-11-20 11:00:00,92.32,92.41,92.09,92.17,28730
2012-11-20 11:15:00,92.15,92.185,92.01,92.15,45607
2012-11-20 11:30:00,92.15,92.18,92.06,92.11,48630
2012-11-20 11:45:00,92.12,92.1498,91.74,91.8,20369
2012-11-20 12:00:00,91.7634,91.855,91.66,91.74,12683
2012-11-20 12:15:00,91.78,91.84,91.59,91.62,15714
2012-11-20 12:30:00,91.64,91.64,91.47,91.53,12550
2012-11-20 12:45:00,91.49,91.56,91.23,91.25,13638
2012-11-20 13:00:00,91.25,91.29,91.11,91.24,12473
2012-11-20 13:15:00,91.245,91.25,90.82,90.87,21351
2012-11-20 13:30:00,90.84,91.04,90.76,90.76,19786
2012-11-20 13:45:00,90.7,90.82,90.68,90.7299,12269
2012-11-20 14:00:00,90.7199,91.07,90.66,91.03,39542
2012-11-20 14:15:00,91.045,91.31,91.01,91.2,30100
2012-11-20 14:30:00,91.2,91.42,91.05,91.39,37425
2012-11-20 14:45:00,91.4,91.47,91.29,91.32,23582
2012-11-20 15:00:00,91.27,91.36,91.2,91.3,21334
2012-11-20 15:15:00,91.305,91.36,91.19,91.29,45123
2012-11-20 15:30:00,91.26,91.2899,91.06,91.08,26991
2012-11-20 15:45:00,91.09,91.28,91.08,91.21,38474
2012-11-20 16:00:00,91.21,91.37,91.16,91.37,74185
2012-11-21 09:45:00,90.84,92.08,90.48,91.56,44481
2012-11-21 10:00:00,91.6,91.655,91.29,91.39,25393
2012-11-21 10:15:00,91.32,91.39,90.95,91.01,33802
2012-11-21 10:30:00,90.98,91.03,90.7,90.8,55966
2012-11-21 10:45:00,90.795,91.12,90.78,91.065,28014
2012-11-21 11:00:00,91.1,91.21,91.01,91.01,34838
2012-11-21 11:15:00,91.01,91.38,91.01,91.38,29689
2012-11-21 11:30:00,91.41,91.52,91.34,91.46,15909
2012-11-21 11:45:00,91.51,91.61,91.46,91.56,39543
2012-11-21 12:00:00,91.56,91.58,91.37,91.44,13564
2012-11-21 12:15:00,91.46,91.68,91.44,91.65,15706
2012-11-21 12:30:00,91.65,91.854,91.64,91.8,9233
2012-11-21 12:45:00,91.8,91.83,91.53,91.53,13652
2012-11-21 13:00:00,91.5,91.55,91.38,91.45,13479
2012-11-21 13:15:00,91.45,91.45,91.17,91.23,10475
2012-11-21 13:30:00,91.24,91.585,91.24,91.55,17241
2012-11-21 13:45:00,91.55,91.68,91.55,91.63,12886
2012-11-21 14:00:00,91.64,91.7,91.62,91.66,8269
2012-11-21 14:15:00,91.67,91.86,91.665,91.73,33844
2012-11-21 14:30:00,91.76,91.8,91.56,91.565,8829
2012-11-21 14:45:00,91.55,91.56,91.43,91.45,13507
2012-11-21 15:00:00,91.45,91.45,91.24,91.26,18283
2012-11-21 15:15:00,91.27,91.32,91.19,91.32,24579
2012-11-21 15:30:00,91.33,91.35,91.22,91.22,26509
2012-11-21 15:45:00,91.22,91.55,91.2,91.53,45032
2012-11-21 16:00:00,91.52,91.58,91.375,91.56,86956
2012-11-23 09:45:00,91.56,92.41,90.705,91.89,34788
2012-11-23 10:00:00,91.96,92.2,91.91,92.15,18494
2012-11-23 10:15:00,92.18,92.45200000000001,92.1798,92.35,32660
2012-11-23 10:30:00,92.44,92.9,92.3,92.8,34102
2012-11-23 10:45:00,92.84,92.99,92.77,92.83,34753
2012-11-23 11:00:00,92.82,93.0,92.65100000000001,92.69,38871
2012-11-23 11:15:00,92.74,92.9299,92.7,92.83,20478
2012-11-23 11:30:00,92.83,92.95,92.71,92.95,9873
2012-11-23 11:45:00,92.96,92.96,92.81,92.88,11700
2012-11-23 12:00:00,92.8824,92.92,92.726,92.87,15147
2012-11-23 12:15:00,92.84,92.88,92.7,92.80799999999999,22408
2012-11-23 12:30:00,92.76,92.77,92.38,92.47,12751
2012-11-23 12:45:00,92.47,92.84,92.42,92.8101,16996
2012-11-23 13:00:00,92.81,92.93,92.49,92.63,83428
2012-11-23 13:15:00,92.63,92.7,92.5805,92.6393,63676
2012-11-23 13:30:00,92.63,92.6485,92.63,92.63,5719
2012-11-23 14:00:00,91.55,91.55,91.55,91.55,300
2012-11-26 09:45:00,92.33,92.96,92.33,92.96,62101
2012-11-26 10:00:00,92.97,93.21,92.82,93.19,37083
2012-11-26 10:15:00,93.16,93.18,92.66,92.8,27650
2012-11-26 10:30:00,92.75,92.75,92.38,92.65,26565
2012-11-26 10:45:00,92.65,92.96,92.65,92.84,27754
2012-11-26 11:00:00,92.84,93.08,92.6,92.6,25704
2012-11-26 11:15:00,92.6,92.61,92.45,92.6,15055
2012-11-26 11:30:00,92.603,92.62,92.5,92.5,19863
2012-11-26 11:45:00,92.51,92.53,92.36,92.38,33671
2012-11-26 12:00:00,92.37,92.435,92.29,92.39,10616
2012-11-26 12:15:00,92.38,92.4,92.07,92.26,16327
2012-11-26 12:30:00,92.23,92.44,92.15,92.15,10094
2012-11-26 12:45:00,92.12,92.21,91.99,92.15,20692
2012-11-26 13:00:00,92.15,92.25,92.14,92.14,7922
2012-11-26 13:15:00,92.14,92.19,92.0,92.07,16974
2012-11-26 13:30:00,92.07,92.44,92.07,92.38,21498
2012-11-26 13:45:00,92.38,92.53,92.37,92.39,20240
2012-11-26 14:00:00,92.4,92.41,91.64,92.03,71754
2012-11-26 14:15:00,92.079,92.17,91.93,92.17,13017
2012-11-26 14:30:00,92.21,92.4,92.05,92.06,12400
2012-11-26 14:45:00,92.06,92.24,92.0,92.24,11721
2012-11-26 15:00:00,92.24,92.63,92.21,92.61,55126
2012-11-26 15:15:00,92.6001,92.83,92.55,92.63,39819
2012-11-26 15:30:00,92.61,92.75,92.6,92.73,19716
2012-11-26 15:45:00,92.73,92.73,92.45100000000001,92.58,32344
2012-11-26 16:00:00,92.57,92.58,92.38,92.46,114159
2012-11-27 09:45:00,92.08,92.79,91.85,92.785,42105
2012-11-27 10:00:00,92.75,92.88,91.9575,92.1,28685
2012-11-27 10:15:00,92.09,92.31,91.81,91.81,46763
2012-11-27 10:30:00,91.81,92.12,91.72,92.059,30204
2012-11-27 10:45:00,91.99,92.5,91.99,92.47,34197
2012-11-27 11:00:00,92.49,92.64,92.33,92.41,33740
2012-11-27 11:15:00,92.43,92.76,92.4,92.54,41688
2012-11-27 11:30:00,92.53,92.5501,92.43,92.55,31550
2012-11-27 11:45:00,92.5401,92.7,92.43,92.64,15231
2012-11-27 12:00:00,92.611,92.66,92.5,92.59,35099
2012-11-27 12:15:00,92.57,92.71,92.46,92.54,29087
2012-11-27 12:30:00,92.56,92.69,92.47,92.62,40301
2012-11-27 12:45:00,92.6,92.64,92.4935,92.6,24292
2012-11-27 13:00:00,92.6,92.7,92.5,92.63,11100
2012-11-27 13:15:00,92.63,92.73,92.5064,92.62,14994
2012-11-27 13:30:00,92.66,92.74,92.63,92.69,10874
2012-11-27 13:45:00,92.69,92.85,92.64,92.82,17671
2012-11-27 14:00:00,92.8,92.86,92.65,92.66,16263
2012-11-27 14:15:00,92.685,92.86,92.64,92.76,22910
2012-11-27 14:30:00,92.75,92.8,92.18,92.205,19553
2012-11-27 14:45:00,92.205,92.29,91.87,91.87,52284
2012-11-27 15:00:00,91.87,92.11,91.83,92.01,22085
2012-11-27 15:15:00,92.03,92.33,92.025,92.2,44256
2012-11-27 15:30:00,92.1901,92.26,91.95,92.01,33458
2012-11-27 15:45:00,92.05,92.1,91.88,92.03,37537
2012-11-27 16:00:00,92.0,92.1004,91.99,92.0,67868
2012-11-28 09:45:00,91.46,91.675,90.96,91.4683,77548
2012-11-28 10:00:00,91.45,91.6783,91.17,91.62,65581
2012-11-28 10:15:00,91.57,91.61,91.22,91.47,38518
2012-11-28 10:30:00,91.41,91.59,91.23,91.52,17038
2012-11-28 10:45:00,91.49,92.0,91.49,91.77,20863
2012-11-28 11:00:00,91.76,91.93,91.61,91.83,20433
2012-11-28 11:15:00,91.791,92.18,91.68,92.06,51185
2012-11-28 11:30:00,92.11,92.42,92.11,92.31,21199
2012-11-28 11:45:00,92.3,92.45,92.01,92.45,20155
2012-11-28 12:00:00,92.44,92.85,92.26,92.78,30506
2012-11-28 12:15:00,92.71,92.87,92.15,92.66,50003
2012-11-28 12:30:00,92.65,93.01,92.61,92.86,25017
2012-11-28 12:45:00,92.89,93.13,92.71,93.06,23648
2012-11-28 13:00:00,93.06,93.14,92.81,92.92,16758
2012-11-28 13:15:00,92.87,92.87,92.6,92.68,26221
2012-11-28 13:30:00,92.72,92.83,92.68,92.79,9573
2012-11-28 13:45:00,92.79,92.93,92.74,92.93,23454
2012-11-28 14:00:00,92.94,93.0,92.79,92.97,13974
2012-11-28 14:15:00,92.99,93.1,92.76,92.94,22141
2012-11-28 14:30:00,92.93,92.98,92.62,92.87,20857
2012-11-28 14:45:00,92.84,92.98,92.82,92.91,18102
2012-11-28 15:00:00,92.9,93.04,92.81,93.0,24994
2012-11-28 15:15:00,92.96,93.05,92.75,92.9,41736
2012-11-28 15:30:00,92.9,92.96,92.805,92.92,34670
2012-11-28 15:45:00,92.93,93.0,92.82,93.0,56315
2012-11-28 16:00:00,92.99,93.11,92.92,93.01,93320
2012-11-29 09:45:00,92.11,93.44,90.39,93.19,209136
2012-11-29 10:00:00,93.259,93.259,92.4401,92.52,44960
2012-11-29 10:15:00,92.56,92.689,92.06,92.11,60523
2012-11-29 10:30:00,92.125,92.19,91.93,92.08,56395
2012-11-29 10:45:00,92.15,92.33,92.09,92.265,60449
2012-11-29 11:00:00,92.3,92.75,92.29,92.625,31356
2012-11-29 11:15:00,92.67,92.85,92.581,92.79,29792
2012-11-29 11:30:00,92.79,92.85,92.675,92.8,18137
2012-11-29 11:45:00,92.8,92.8,92.28,92.35,58899
2012-11-29 12:00:00,92.35,92.71,92.31,92.67,26800
2012-11-29 12:15:00,92.68,92.8,92.56,92.8,23007
2012-11-29 12:30:00,92.8,92.89,92.58,92.61,16932
2012-11-29 12:45:00,92.67,92.82,92.67,92.81,29166
2012-11-29 13:00:00,92.81,92.85,92.69,92.74,32291
2012-11-29 13:15:00,92.76,92.81,92.57,92.57,47246
2012-11-29 13:30:00,92.57,92.71,92.5,92.57,13421
2012-11-29 13:45:00,92.57,92.7299,92.48,92.58,25785
2012-11-29 14:00:00,92.53,92.73,92.5,92.7,44277
2012-11-29 14:15:00,92.68,92.85,92.65,92.8399,33229
2012-11-29 14:30:00,92.84,92.88,92.78,92.86,21329
2012-11-29 14:45:00,92.865,92.976,92.81,92.8525,28795
2012-11-29 15:00:00,92.84,92.9,92.66,92.71,23726
2012-11-29 15:15:00,92.72,92.85,92.6501,92.765,40580
2012-11-29 15:30:00,92.74,92.8,92.68,92.71,95740
2012-11-29 15:45:00,92.71,92.89,92.66,92.76,62468
2012-11-29 16:00:00,92.76,92.89,92.7101,92.85,115344
2012-11-30 09:45:00,93.1,94.18,93.1,94.09,207412
2012-11-30 10:00:00,94.025,94.03,93.44,93.83,54401
2012-11-30 10:15:00,93.811,94.06,93.725,94.01,62801
2012-11-30 10:30:00,94.03,94.06,93.56,93.69,34154
2012-11-30 10:45:00,93.73,93.76,93.22,93.4,49439
2012-11-30 11:00:00,93.41,93.68,93.35,93.68,16202
2012-11-30 11:15:00,93.7,93.72,93.34,93.49,23849
2012-11-30 11:30:00,93.53,93.68,93.48,93.59,17704
2012-11-30 11:45:00,93.605,93.7,93.46,93.64,33886
2012-11-30 12:00:00,93.64,93.8,93.58,93.6,32023
2012-11-30 12:15:00,93.6,93.71,93.6,93.685,24810
2012-11-30 12:30:00,93.7,93.83,93.65,93.75,75085
2012-11-30 12:45:00,93.74,93.814,93.68,93.7,15679
2012-11-30 13:00:00,93.7,93.82,93.655,93.72,15842
2012-11-30 13:15:00,93.69,93.83,93.69,93.79,39863
2012-11-30 13:30:00,93.84,94.06,93.84,93.97,22150
2012-11-30 13:45:00,93.98,94.12,93.97,94.1,21771
2012-11-30 14:00:00,94.13,94.21,94.08,94.13,24404
2012-11-30 14:15:00,94.14,94.22,94.05,94.05,20784
2012-11-30 14:30:00,94.05,94.1194,93.98,94.04,21047
2012-11-30 14:45:00,94.04,94.04,93.79,93.815,18606
2012-11-30 15:00:00,93.81,93.97,93.77,93.9,28299
2012-11-30 15:15:00,93.91,94.03,93.88,94.02,36610
2012-11-30 15:30:00,94.03,94.17,93.97,94.11,33028
2012-11-30 15:45:00,94.09,94.28,94.04,94.23,59304
2012-11-30 16:00:00,94.22,94.39,93.95,94.08,246192
2012-12-03 09:45:00,94.68,94.88,94.12,94.78,107918
2012-12-03 10:00:00,94.77,94.81,94.54,94.67,66515
2012-12-03 10:15:00,94.61,94.64,93.8301,93.9,47263
2012-12-03 10:30:00,93.921,94.26,93.91,93.91,32471
2012-12-03 10:45:00,93.9,94.34,93.9,94.28,34616
2012-12-03 11:00:00,94.26,94.39,94.0,94.075,36587
2012-12-03 11:15:00,94.1,94.11,93.9,93.905,31966
2012-12-03 11:30:00,93.92,93.94,93.75,93.77,25178
2012-12-03 11:45:00,93.77,93.89,93.635,93.68,27116
2012-12-03 12:00:00,93.69,93.78,93.67,93.72,23058
2012-12-03 12:15:00,93.76,93.76,93.65,93.675,16857
2012-12-03 12:30:00,93.65,93.65,93.525,93.59,18947
2012-12-03 12:45:00,93.58,93.6,93.43,93.47,12325
2012-12-03 13:00:00,93.44,93.49,93.28,93.31,19777
2012-12-03 13:15:00,93.3,93.3,93.12,93.23,21438
2012-12-03 13:30:00,93.23,93.68,93.19,93.65,41040
2012-12-03 13:45:00,93.66,93.7,93.52,93.58,21314
2012-12-03 14:00:00,93.59,93.66,93.54,93.64,17253
2012-12-03 14:15:00,93.64,93.7,93.51,93.57,17115
2012-12-03 14:30:00,93.58,93.65,93.49,93.58,24432
2012-12-03 14:45:00,93.57,93.735,93.54,93.6,21599
2012-12-03 15:00:00,93.59,93.62,93.4,93.47,14852
2012-12-03 15:15:00,93.47,93.59,93.29,93.35,21774
2012-12-03 15:30:00,93.35,93.35,93.07,93.17,69732
2012-12-03 15:45:00,93.19,93.51,93.08,93.45,46598
2012-12-03 16:00:00,93.46,93.51,93.26,93.31,96195
2012-12-04 09:45:00,92.7,93.29,92.14,93.06,101729
2012-12-04 10:00:00,93.08,93.32,92.99,93.11,45646
2012-12-04 10:15:00,93.02,93.12,92.845,93.04,41928
2012-12-04 10:30:00,93.06,93.13,92.67,92.67,36915
2012-12-04 10:45:00,92.65,92.7,92.34,92.39,66606
2012-12-04 11:00:00,92.45,92.675,92.051,92.6725,51386
2012-12-04 11:15:00,92.67,92.76,92.18,92.37,37842
2012-12-04 11:30:00,92.36,92.8,92.35,92.69,25651
2012-12-04 11:45:00,92.67,92.8,92.42,92.52,32896
2012-12-04 12:00:00,92.54,92.69,92.32,92.4,36222
2012-12-04 12:15:00,92.5,92.69,92.4256,92.56,31137
2012-12-04 12:30:00,92.56,93.0,92.4,92.98,28798
2012-12-04 12:45:00,93.0,93.05,92.7762,92.79,23358
2012-12-04 13:00:00,92.795,92.89,92.62,92.62,49215
2012-12-04 13:15:00,92.62,92.75,92.55,92.68,40266
2012-12-04 13:30:00,92.68,92.8,92.59,92.71,38246
2012-12-04 13:45:00,92.72,92.985,92.68,92.86,54693
2012-12-04 14:00:00,92.86,93.07,92.74,92.97,29837
2012-12-04 14:15:00,92.96,93.08,92.9,93.06,25137
2012-12-04 14:30:00,93.06,93.065,92.7,92.7,29174
2012-12-04 14:45:00,92.71,92.88,92.69,92.83,32835
2012-12-04 15:00:00,92.84,93.0,92.74,92.98,23448
2012-12-04 15:15:00,92.975,93.02,92.87,92.94,53219
2012-12-04 15:30:00,92.94,93.05,92.81,92.9,28192
2012-12-04 15:45:00,92.92,93.03,92.86,92.89,45089
2012-12-04 16:00:00,92.9,92.97,92.82,92.94,193298
2012-12-05 09:45:00,92.95,93.02,92.28,92.39,41879
2012-12-05 10:00:00,92.39,92.39,91.31,91.38,60397
2012-12-05 10:15:00,91.38,91.66,91.32,91.47,38123
2012-12-05 10:30:00,91.46,91.84,91.45,91.45,36976
2012-12-05 10:45:00,91.44,91.83,91.42,91.51,29362
2012-12-05 11:00:00,91.5,91.61,91.39,91.53,30746
2012-12-05 11:15:00,91.54,91.63,91.4,91.58,21957
2012-12-05 11:30:00,91.63,91.85,91.515,91.76,18106
2012-12-05 11:45:00,91.76,92.15,91.72,91.99,31692
2012-12-05 12:00:00,91.99,92.01,91.7975,91.83,34690
2012-12-05 12:15:00,91.89,92.01,91.865,91.885,25806
2012-12-05 12:30:00,91.89,91.94,91.65,91.66,19410
2012-12-05 12:45:00,91.68,91.83,91.68,91.8,27200
2012-12-05 13:00:00,91.785,91.8,91.44,91.51,31191
2012-12-05 13:15:00,91.54,91.55,91.0,91.13,64980
2012-12-05 13:30:00,91.15,91.25,91.13,91.16,59234
2012-12-05 13:45:00,91.17,91.17,91.0,91.0,22269
2012-12-05 14:00:00,91.01,91.24,90.99,91.07,37510
2012-12-05 14:15:00,91.1,91.13,90.81,90.84,32603
2012-12-05 14:30:00,90.85,90.895,90.74,90.75,28422
2012-12-05 14:45:00,90.77,90.87,90.74,90.82,34083
2012-12-05 15:00:00,90.82,91.21,90.78,91.11,140541
2012-12-05 15:15:00,91.09,91.45,91.08,91.31,40591
2012-12-05 15:30:00,91.33,91.55,91.33,91.41,50974
2012-12-05 15:45:00,91.44,91.44,91.13,91.18799999999999,49786
2012-12-05 16:00:00,91.195,91.43,91.12,91.36,134593
2012-12-06 09:45:00,91.27,91.45,90.7,91.11,73255
2012-12-06 10:00:00,91.09,91.26,91.0,91.0,63217
2012-12-06 10:15:00,91.02,91.189,90.821,91.08,54324
2012-12-06 10:30:00,91.1,91.12,90.87,90.89,40957
2012-12-06 10:45:00,90.85,91.3,90.82,91.25,49894
2012-12-06 11:00:00,91.26,91.32,91.16,91.21,60597
2012-12-06 11:15:00,91.21,91.26,91.06,91.13,69657
2012-12-06 11:30:00,91.15,91.28,91.135,91.23100000000001,39403
2012-12-06 11:45:00,91.26,91.47,91.14,91.44,60422
2012-12-06 12:00:00,91.44,91.465,90.94,91.14,58489
2012-12-06 12:15:00,91.21,91.29,91.1,91.12,21393
2012-12-06 12:30:00,91.11,91.17,90.91,90.92,20169
2012-12-06 12:45:00,90.92,91.06,90.7901,90.931,14981
2012-12-06 13:00:00,90.95,90.96,90.74,90.8,17712
2012-12-06 13:15:00,90.76,91.02,90.74,90.915,18678
2012-12-06 13:30:00,90.9,91.09,90.89,90.91,22138
2012-12-06 13:45:00,90.92,91.03,90.785,90.91,21761
2012-12-06 14:00:00,90.92,90.93,90.78,90.87,20448
2012-12-06 14:15:00,90.87,90.87,90.72,90.82,19781
2012-12-06 14:30:00,90.83,90.87,90.6,90.805,27780
2012-12-06 14:45:00,90.81,90.945,90.735,90.775,34231
2012-12-06 15:00:00,90.79,90.83,90.65,90.76,28874
2012-12-06 15:15:00,90.76,90.8,90.63,90.76,44092
2012-12-06 15:30:00,90.75,90.78,90.57,90.6,57129
2012-12-06 15:45:00,90.6,90.78,90.59,90.68,68404
2012-12-06 16:00:00,90.68,90.75,90.57,90.67,154847
2012-12-07 09:45:00,91.4,91.59,90.98,91.26,62058
2012-12-07 10:00:00,91.29,91.4,91.0,91.25,53942
2012-12-07 10:15:00,91.25,91.32,91.09,91.09,37716
2012-12-07 10:30:00,91.09,91.32,91.07,91.13,27803
2012-12-07 10:45:00,91.14,91.29,91.0,91.1,41152
2012-12-07 11:00:00,91.09,91.15,91.0,91.06,33872
2012-12-07 11:15:00,91.07,91.15,90.87,91.06,38092
2012-12-07 11:30:00,91.06,91.18,90.96,91.0,18500
2012-12-07 11:45:00,91.01,91.01,90.86,90.95,15916
2012-12-07 12:00:00,90.95,90.96,90.57,90.62,17547
2012-12-07 12:15:00,90.62,90.76,90.53,90.68,13161
2012-12-07 12:30:00,90.66,90.925,90.6,90.921,30402
2012-12-07 12:45:00,90.94,90.97,90.82,90.94,16800
2012-12-07 13:00:00,90.94,90.99,90.89,90.93,14910
2012-12-07 13:15:00,90.94,91.01,90.735,90.75,14459
2012-12-07 13:30:00,90.76,90.86,90.65,90.86,15015
2012-12-07 13:45:00,90.87799999999999,90.98,90.85,90.93,14642
2012-12-07 14:00:00,90.94,91.0,90.79,90.88,31973
2012-12-07 14:15:00,90.86,90.88,90.73,90.87,15490
2012-12-07 14:30:00,90.87,90.97,90.8,90.8,17773
2012-12-07 14:45:00,90.82,90.88,90.78,90.8,19397
2012-12-07 15:00:00,90.81,90.86,90.62,90.62,20520
2012-12-07 15:15:00,90.62,90.71,90.58,90.62,33191
2012-12-07 15:30:00,90.62,90.65,90.495,90.56,39803
2012-12-07 15:45:00,90.56,90.758,90.55,90.75,42266
2012-12-07 16:00:00,90.75,90.8,90.65,90.75,83875
2012-12-10 09:45:00,91.6,92.45,91.02,91.33,76185
2012-12-10 10:00:00,91.33,91.69,91.0,91.05,145423
2012-12-10 10:15:00,91.07,91.2,91.02,91.1,46667
2012-12-10 10:30:00,91.09,91.2,91.01,91.1,102010
2012-12-10 10:45:00,91.09,91.2,91.0,91.01,63635
2012-12-10 11:00:00,91.01,91.04,90.84,90.98,54558
2012-12-10 11:15:00,90.99,91.09,90.9,90.95,45561
2012-12-10 11:30:00,90.98,91.1,90.96,90.98,28249
2012-12-10 11:45:00,90.98,91.07,90.935,90.98,14353
2012-12-10 12:00:00,90.98,91.02,90.82,90.87,13628
2012-12-10 12:15:00,90.88,90.97,90.87,90.91,13944
2012-12-10 12:30:00,90.91,90.96,90.82,90.87,16740
2012-12-10 12:45:00,90.88,91.0,90.86,90.92,13384
2012-12-10 13:00:00,90.92,90.97,90.8,90.83,16090
2012-12-10 13:15:00,90.84,90.89,90.77,90.89,10639
2012-12-10 13:30:00,90.9,90.9,90.69,90.69,17987
2012-12-10 13:45:00,90.72,90.72,90.5701,90.59,15459
2012-12-10 14:00:00,90.61,90.75,90.61,90.64,25332
2012-12-10 14:15:00,90.645,90.7199,90.57,90.59,16298
2012-12-10 14:30:00,90.62,90.69,90.35,90.36,27880
2012-12-10 14:45:00,90.34,90.39,90.24,90.29,36321
2012-12-10 15:00:00,90.31,90.39,90.26,90.32,31795
2012-12-10 15:15:00,90.33,90.41,90.25,90.38,32928
2012-12-10 15:30:00,90.39,90.42,90.18,90.28,42595
2012-12-10 15:45:00,90.29,90.325,90.13,90.32,67546
2012-12-10 16:00:00,90.33,90.33,90.08,90.24,121614
2012-12-11 09:45:00,90.57,91.49,90.55,91.075,143120
2012-12-11 10:00:00,91.08,92.48,91.04,92.419,186682
2012-12-11 10:15:00,92.31,92.58,92.06,92.14,120851
2012-12-11 10:30:00,92.16,92.24,91.45,91.51,57104
2012-12-11 10:45:00,91.52,91.82,91.425,91.75,53952
2012-12-11 11:00:00,91.76,91.98,91.68,91.83,86778
2012-12-11 11:15:00,91.85,91.9,91.431,91.445,28369
2012-12-11 11:30:00,91.46,91.57,91.2825,91.44,74276
2012-12-11 11:45:00,91.39,91.48,91.28,91.46,19320
2012-12-11 12:00:00,91.44,91.45,91.05,91.15,29269
2012-12-11 12:15:00,91.16,91.28,91.0,91.1,31629
2012-12-11 12:30:00,91.11,91.25,91.0,91.18,29471
2012-12-11 12:45:00,91.13,91.4,91.09,91.15,19462
2012-12-11 13:00:00,91.16,91.28,91.08,91.15,44534
2012-12-11 13:15:00,91.15,91.2,91.0,91.01,22234
2012-12-11 13:30:00,91.01,91.17,91.01,91.09,38092
2012-12-11 13:45:00,91.09,91.4,91.09,91.4,16812
2012-12-11 14:00:00,91.39,91.54,91.32,91.52,57323
2012-12-11 14:15:00,91.52600000000001,91.74,91.52,91.6,30182
2012-12-11 14:30:00,91.59,91.76,91.59,91.7,35553
2012-12-11 14:45:00,91.7,91.87,91.67,91.74,37919
2012-12-11 15:00:00,91.72,91.79,91.66799999999999,91.73,57221
2012-12-11 15:15:00,91.72,91.72,91.5,91.68,93425
2012-12-11 15:30:00,91.68,91.68,91.41,91.49,92103
2012-12-11 15:45:00,91.48,92.13,91.48,92.12,114011
2012-12-11 16:00:00,92.11,92.21,91.87,91.91,271721
2012-12-12 09:45:00,92.41,93.24,92.41,93.13,197113
2012-12-12 10:00:00,93.16,93.64,93.115,93.61,208481
2012-12-12 10:15:00,93.61,94.0,93.47,93.77,150697
2012-12-12 10:30:00,93.71,94.08,93.62,94.02,102122
2012-12-12 10:45:00,94.03,94.46,94.01,94.38,97952
2012-12-12 11:00:00,94.41,94.86,94.36,94.68,299914
2012-12-12 11:15:00,94.68,94.68,93.75,93.81,274830
2012-12-12 11:30:00,93.86,94.06,93.55,93.62,218807
2012-12-12 11:45:00,93.63,93.66,92.96,93.63,121006
2012-12-12 12:00:00,93.625,93.88,93.12,93.19,59489
2012-12-12 12:15:00,93.18,93.49,92.73,93.46,70200
2012-12-12 12:30:00,93.44,93.51,93.06,93.19,15006
2012-12-12 12:45:00,93.31,93.69,93.14,93.39,41469
2012-12-12 13:00:00,93.35,93.48,93.0001,93.1099,78804
2012-12-12 13:15:00,93.1,93.11,92.65,92.76,159628
2012-12-12 13:30:00,92.76,93.01,92.74,92.88,23086
2012-12-12 13:45:00,92.9,93.01,92.86,92.9,15490
2012-12-12 14:00:00,92.9,93.01,92.74,92.88,32387
2012-12-12 14:15:00,92.87,93.1,92.87,93.0,124451
2012-12-12 14:30:00,93.0,93.05,92.84,92.95,26233
2012-12-12 14:45:00,92.97,92.99,92.81,92.87,110423
2012-12-12 15:00:00,92.91,92.97,92.72,92.85,33508
2012-12-12 15:15:00,92.86,92.92,92.62,92.63,29017
2012-12-12 15:30:00,92.62,92.83,92.6,92.72,27400
2012-12-12 15:45:00,92.7,92.83,92.55,92.64,67946
2012-12-12 16:00:00,92.62,92.9,92.41,92.889,124574
2012-12-13 09:45:00,92.55,92.96,92.47,92.75,60204
2012-12-13 10:00:00,92.8,92.8397,92.37,92.46,40323
2012-12-13 10:15:00,92.46,92.4925,91.9,92.005,65540
2012-12-13 10:30:00,92.01,92.32,91.92,92.25,35089
2012-12-13 10:45:00,92.2825,92.29,91.95100000000001,92.14,56664
2012-12-13 11:00:00,92.102,92.16,91.7,91.83,55087
2012-12-13 11:15:00,91.87,91.87,91.26,91.29,37476
2012-12-13 11:30:00,91.33,91.47,91.21,91.3,59205
2012-12-13 11:45:00,91.29,91.46,91.03,91.08,36030
2012-12-13 12:00:00,91.1,91.23,90.88,90.96,91741
2012-12-13 12:15:00,90.99,91.24,90.99,91.08,30667
2012-12-13 12:30:00,91.08,91.21,90.82,90.83,39325
2012-12-13 12:45:00,90.81,90.88,90.6,90.76,44686
2012-12-13 13:00:00,90.78,90.87,90.61,90.65,27598
2012-12-13 13:15:00,90.67,90.88,90.655,90.7,71025
2012-12-13 13:30:00,90.68,91.01,90.65,90.96,124727
2012-12-13 13:45:00,91.01,91.35,90.88,91.1,61581
2012-12-13 14:00:00,91.07,91.0796,90.825,90.98,32113
2012-12-13 14:15:00,90.98,91.03,90.86,90.935,42859
2012-12-13 14:30:00,90.96,91.0,90.87,90.95,28953
2012-12-13 14:45:00,90.95,91.02,90.82,90.85,32771
2012-12-13 15:00:00,90.85,90.896,90.76,90.79,38682
2012-12-13 15:15:00,90.8,90.92,90.73,90.755,90658
2012-12-13 15:30:00,90.78,90.9,90.72,90.86,45926
2012-12-13 15:45:00,90.8899,91.02,90.67,90.88,112788
2012-12-13 16:00:00,90.9,90.925,90.7,90.81,139315
2012-12-14 09:45:00,90.52,91.6,90.5,91.6,82783
2012-12-14 10:00:00,91.6,91.6,90.86,90.88,55493
2012-12-14 10:15:00,90.89,91.04,90.61,90.74,106660
2012-12-14 10:30:00,90.73,90.84,90.55,90.76,45313
2012-12-14 10:45:00,90.76,90.77,90.55,90.64,91017
2012-12-14 11:00:00,90.67,90.75,90.4,90.405,64682
2012-12-14 11:15:00,90.38,90.46,90.15,90.37,37257
2012-12-14 11:30:00,90.3725,90.5,90.29,90.37,29577
2012-12-14 11:45:00,90.4,90.5,90.3,90.5,25930
2012-12-14 12:00:00,90.46,90.5,90.16,90.19,21281
2012-12-14 12:15:00,90.21,90.32,90.15,90.21,22274
2012-12-14 12:30:00,90.21,90.26,90.06,90.17,28039
2012-12-14 12:45:00,90.14,90.29,90.13,90.23,15922
2012-12-14 13:00:00,90.27,90.37,89.9801,90.13,16713
2012-12-14 13:15:00,90.14,90.16,89.9,89.92,30973
2012-12-14 13:30:00,89.94,90.05,89.88,89.99,32534
2012-12-14 13:45:00,89.97,90.01,89.87,89.935,21850
2012-12-14 14:00:00,89.95,90.02,89.79,89.79,58759
2012-12-14 14:15:00,89.78,89.84,89.7,89.79,33405
2012-12-14 14:30:00,89.79,89.93,89.71,89.9,35196
2012-12-14 14:45:00,89.92,90.02,89.64,89.67,32322
2012-12-14 15:00:00,89.69,89.71,89.56,89.6,79879
2012-12-14 15:15:00,89.59,89.71,89.59,89.67,32200
2012-12-14 15:30:00,89.67,89.67,89.445,89.49,69747
2012-12-14 15:45:00,89.49,89.53,89.37,89.44,54962
2012-12-14 16:00:00,89.435,89.58,89.34,89.53,167279
2012-12-17 09:45:00,89.57,89.87,89.4,89.66,80949
2012-12-17 10:00:00,89.62,89.73,89.485,89.52,41630
2012-12-17 10:15:00,89.55,89.87,89.51,89.72,93602
2012-12-17 10:30:00,89.76,89.7675,89.64,89.705,31344
2012-12-17 10:45:00,89.68,89.76,89.645,89.71,27596
2012-12-17 11:00:00,89.7299,89.755,89.54,89.64,46336
2012-12-17 11:15:00,89.62,89.77,89.6,89.72,42283
2012-12-17 11:30:00,89.71,89.77,89.68,89.71,50912
2012-12-17 11:45:00,89.71,89.76,89.59,89.74,40878
2012-12-17 12:00:00,89.74,89.96,89.73,89.83,126883
2012-12-17 12:15:00,89.86,89.91,89.78,89.82,171892
2012-12-17 12:30:00,89.83,89.9,89.72,89.84,67352
2012-12-17 12:45:00,89.86,89.87,89.75,89.825,23100
2012-12-17 13:00:00,89.84,89.88,89.75,89.83,39621
2012-12-17 13:15:00,89.84,89.855,89.72,89.72,52748
2012-12-17 13:30:00,89.73,89.83,89.71,89.79,34367
2012-12-17 13:45:00,89.79,89.83,89.7,89.77,42501
2012-12-17 14:00:00,89.76,89.8,89.72,89.76,36808
2012-12-17 14:15:00,89.77,89.9,89.705,89.76,84548
2012-12-17 14:30:00,89.755,89.8,89.72,89.8,33819
2012-12-17 14:45:00,89.79,89.81,89.69,89.75,187930
2012-12-17 15:00:00,89.74,89.805,89.67,89.76,82627
2012-12-17 15:15:00,89.77,89.8,89.7,89.78,59291
2012-12-17 15:30:00,89.77,90.08,89.73,90.065,331300
2012-12-17 15:45:00,90.072,90.26,89.88,90.21,94270
2012-12-17 16:00:00,90.21,90.7,90.11,90.63,258036
2012-12-18 09:45:00,90.94,92.03,90.72,91.72,132504
2012-12-18 10:00:00,91.74,91.99,91.35,91.35,59773
2012-12-18 10:15:00,91.41,91.63,91.35,91.51,34792
2012-12-18 10:30:00,91.56,91.6299,91.38,91.48,38857
2012-12-18 10:45:00,91.47,91.63,91.33,91.6,34211
2012-12-18 11:00:00,91.6,91.62,91.4401,91.609,30000
2012-12-18 11:15:00,91.6,91.62,91.51,91.59,29253
2012-12-18 11:30:00,91.6,91.675,91.381,91.43,34243
2012-12-18 11:45:00,91.45,91.51,91.3501,91.41,37081
2012-12-18 12:00:00,91.44,91.74,91.44,91.7,16985
2012-12-18 12:15:00,91.72,91.81,91.69,91.69,12780
2012-12-18 12:30:00,91.71,91.94,91.66,91.94,156585
2012-12-18 12:45:00,91.945,92.33,91.93,92.31,48052
2012-12-18 13:00:00,92.27,92.47,92.19,92.47,32519
2012-12-18 13:15:00,92.42,92.56,92.19,92.25,41808
2012-12-18 13:30:00,92.25,92.31,92.096,92.11,28552
2012-12-18 13:45:00,92.08,92.09,91.98,92.09,30114
2012-12-18 14:00:00,92.08,92.34,92.07,92.28,22059
2012-12-18 14:15:00,92.27,92.43,92.22,92.38,19830
2012-12-18 14:30:00,92.37,92.41,92.07,92.125,23752
2012-12-18 14:45:00,92.14,92.15,92.02,92.0499,24607
2012-12-18 15:00:00,92.0,92.12,92.0,92.03,20546
2012-12-18 15:15:00,92.02,92.13,92.01,92.08,23290
2012-12-18 15:30:00,92.08,92.1,92.005,92.045,31869
2012-12-18 15:45:00,92.03,92.11,91.82,91.89,69987
2012-12-18 16:00:00,91.87,92.02,91.84,91.97,130146
2012-12-19 09:45:00,92.09,92.57,91.91,91.97,59587
2012-12-19 10:00:00,91.93,91.985,91.525,91.67,56657
2012-12-19 10:15:00,91.69,91.93,91.68,91.88,55500
2012-12-19 10:30:00,91.89,92.22,91.76,92.2,48130
2012-12-19 10:45:00,92.19,92.338,92.17,92.28,32680
2012-12-19 11:00:00,92.26700000000001,92.45,92.15,92.16,29245
2012-12-19 11:15:00,92.16,92.52,92.13,92.25,36630
2012-12-19 11:30:00,92.26,92.29,92.02,92.08,25193
2012-12-19 11:45:00,92.08,92.19,91.9,92.1,49683
2012-12-19 12:00:00,92.1075,92.13,91.97,92.0182,19589
2012-12-19 12:15:00,92.03,92.08,91.92,91.978,12221
2012-12-19 12:30:00,92.01,92.01,91.69,91.78,21844
2012-12-19 12:45:00,91.78,91.81,91.64,91.73,22421
2012-12-19 13:00:00,91.74,91.79,91.57,91.57,24540
2012-12-19 13:15:00,91.58,91.785,91.58,91.73,28544
2012-12-19 13:30:00,91.74,91.76,91.66,91.675,16631
2012-12-19 13:45:00,91.68,91.68,91.39,91.395,45213
2012-12-19 14:00:00,91.41,91.54,91.3617,91.49,30792
2012-12-19 14:15:00,91.5,91.5001,91.35,91.5,28808
2012-12-19 14:30:00,91.5,91.525,91.355,91.39,26870
2012-12-19 14:45:00,91.39,91.44,91.275,91.32,33757
2012-12-19 15:00:00,91.32,91.345,91.15,91.235,37134
2012-12-19 15:15:00,91.24,91.39,91.2,91.35,53464
2012-12-19 15:30:00,91.36,91.695,91.35,91.69,64979
2012-12-19 15:45:00,91.69,91.87,91.69,91.81,76655
2012-12-19 16:00:00,91.81,91.81,91.36,91.4,87312
2012-12-20 09:45:00,91.55,92.0,91.16,91.33,41630
2012-12-20 10:00:00,91.28,91.41,91.0,91.03,36759
2012-12-20 10:15:00,91.07,91.64,91.0,91.6,54847
2012-12-20 10:30:00,91.61,91.74,91.2,91.2,32118
2012-12-20 10:45:00,91.18,91.705,91.18,91.63,48829
2012-12-20 11:00:00,91.63,91.91,91.43,91.88,29836
2012-12-20 11:15:00,91.87,92.05,91.66,91.96,60309
2012-12-20 11:30:00,91.97,92.1,91.79,91.85,31438
2012-12-20 11:45:00,91.85,91.93,91.64,91.83,26307
2012-12-20 12:00:00,91.83,91.96,91.63,91.949,29277
2012-12-20 12:15:00,91.95,92.01,91.74,91.87,26789
2012-12-20 12:30:00,91.83,92.02,91.8,91.96,19644
2012-12-20 12:45:00,91.99,92.0,91.85,91.88,19799
2012-12-20 13:00:00,91.87,92.0,91.84,91.87,14792
2012-12-20 13:15:00,91.88,91.99,91.81,91.92,21924
2012-12-20 13:30:00,91.91,91.93,91.68,91.9,14693
2012-12-20 13:45:00,91.925,91.96,91.75,91.9,31160
2012-12-20 14:00:00,91.93,91.96,91.76,91.87,62881
2012-12-20 14:15:00,91.88,91.8999,91.76,91.86,45728
2012-12-20 14:30:00,91.89,91.91,91.7,91.74,21374
2012-12-20 14:45:00,91.74,92.0,91.73,91.99,33217
2012-12-20 15:00:00,92.0,92.15,91.98,92.101,22570
2012-12-20 15:15:00,92.1,92.1,91.82,91.9,24928
2012-12-20 15:30:00,91.9,91.91,91.75,91.84,50126
2012-12-20 15:45:00,91.87,91.9,91.74,91.86,25692
2012-12-20 16:00:00,91.83,91.84,91.71,91.84,56836
2012-12-21 09:45:00,90.98,91.17,90.421,90.79,492307
2012-12-21 10:00:00,90.78,91.07,90.37,90.95,53875
2012-12-21 10:15:00,90.92,90.92,90.31,90.63,43158
2012-12-21 10:30:00,90.62,90.73,90.45,90.69,21051
2012-12-21 10:45:00,90.665,90.74,90.51,90.525,29824
2012-12-21 11:00:00,90.51,90.6,90.37,90.5,19505
2012-12-21 11:15:00,90.48,90.53,90.37,90.44,18547
2012-12-21 11:30:00,90.43,90.48,90.285,90.33,29830
2012-12-21 11:45:00,90.32,90.335,90.1,90.2,50495
2012-12-21 12:00:00,90.2,90.26,90.15,90.22,17447
2012-12-21 12:15:00,90.22,90.29,89.94,89.97,47429
2012-12-21 12:30:00,89.95,90.04,89.86,89.92,25468
2012-12-21 12:45:00,89.93,90.13,89.85,90.06,31459
2012-12-21 13:00:00,90.05,90.16,89.89,90.16,30179
2012-12-21 13:15:00,90.19,90.295,90.04,90.07,30170
2012-12-21 13:30:00,90.085,90.09,89.881,89.99,19909
2012-12-21 13:45:00,89.98,90.11,89.88,90.06,34785
2012-12-21 14:00:00,90.06,90.16,89.93,90.11,48627
2012-12-21 14:15:00,90.13,90.24,89.97,90.005,48033
2012-12-21 14:30:00,89.99,90.209,89.95,90.11,34019
2012-12-21 14:45:00,90.15,90.205,89.99,90.04,38804
2012-12-21 15:00:00,90.06,90.08,89.8,89.8,37226
2012-12-21 15:15:00,89.82,90.01,89.81,89.92,35796
2012-12-21 15:30:00,89.91,90.05,89.87,89.9,86918
2012-12-21 15:45:00,89.92,90.275,89.92,90.18,110416
2012-12-21 16:00:00,90.18,90.19,89.89,90.0,248921
2012-12-24 09:45:00,89.76,90.34,89.0,90.335,76111
2012-12-24 10:00:00,90.34,90.45,90.0,90.19,33428
2012-12-24 10:15:00,90.18,90.23,89.97,90.17,23036
2012-12-24 10:30:00,90.17,90.3,90.15,90.27,14932
2012-12-24 10:45:00,90.27,90.31,90.21,90.26,17472
2012-12-24 11:00:00,90.21,90.33,90.196,90.27,15304
2012-12-24 11:15:00,90.27,90.3,90.17,90.19,13047
2012-12-24 11:30:00,90.2,90.25,90.13,90.14,9891
2012-12-24 11:45:00,90.175,90.19,90.05,90.1,14294
2012-12-24 12:00:00,90.13,90.13,90.05,90.08,10008
2012-12-24 12:15:00,90.0401,90.13,90.04,90.13,18731
2012-12-24 12:30:00,90.13,90.15,90.09,90.1,15158
2012-12-24 12:45:00,90.1,90.2999,90.09,90.24,17152
2012-12-24 13:00:00,90.24,90.24,89.9,90.0,41617
2012-12-24 13:15:00,90.0,90.0933,89.991,89.991,27003
2012-12-24 13:30:00,90.0,90.0,90.0,90.0,378
2012-12-24 13:45:00,90.1644,90.1644,90.1644,90.1644,491
2012-12-26 09:45:00,90.23,90.37,89.54,90.09,53392
2012-12-26 10:00:00,90.13,90.16,89.63,89.81,15339
2012-12-26 10:15:00,89.84,89.96,89.79,89.87,15671
2012-12-26 10:30:00,89.84,89.95,89.48,89.75,15840
2012-12-26 10:45:00,89.76,89.8,89.54,89.565,16846
2012-12-26 11:00:00,89.55,89.62,89.23,89.25,45645
2012-12-26 11:15:00,89.275,89.275,88.8,89.0,17516
2012-12-26 11:30:00,89.0699,89.1399,88.96,88.96,15722
2012-12-26 11:45:00,88.96,89.15,88.89,89.105,11973
2012-12-26 12:00:00,89.109,89.1556,88.97,89.13,11252
2012-12-26 12:15:00,89.13,89.175,88.86,88.89,18532
2012-12-26 12:30:00,88.8772,89.05,88.85,88.91,10668
2012-12-26 12:45:00,88.89,88.905,88.61,88.67,18662
2012-12-26 13:00:00,88.67,88.81,88.45100000000001,88.81,19903
2012-12-26 13:15:00,88.7701,88.88,88.61,88.75,16401
2012-12-26 13:30:00,88.78,88.92,88.78,88.82,7590
2012-12-26 13:45:00,88.8,89.03,88.74,88.96,32305
2012-12-26 14:00:00,88.97,89.06,88.76,88.775,15543
2012-12-26 14:15:00,88.79,89.0999,88.78,89.06,17117
2012-12-26 14:30:00,89.08,89.22,89.02,89.17,9474
2012-12-26 14:45:00,89.18,89.19,89.08,89.1,10567
2012-12-26 15:00:00,89.1,89.25,89.09,89.1475,7400
2012-12-26 15:15:00,89.14,89.28,89.13,89.16,17532
2012-12-26 15:30:00,89.15,89.15,88.88,88.89,24618
2012-12-26 15:45:00,88.89,88.97,88.73,88.82,30256
2012-12-26 16:00:00,88.81,88.93,88.67,88.82,140435
2012-12-27 09:45:00,88.97,88.97,88.59,88.79,45111
2012-12-27 10:00:00,88.79,89.255,88.555,88.84,37032
2012-12-27 10:15:00,88.84,88.84,88.19,88.24,36186
2012-12-27 10:30:00,88.19,88.25,87.52,87.55,76990
2012-12-27 10:45:00,87.57,88.02,87.32,87.99,48015
2012-12-27 11:00:00,88.0,88.14,87.9,88.03,37649
2012-12-27 11:15:00,88.06,88.26,87.81,87.95,41984
2012-12-27 11:30:00,87.98,88.06,87.9232,87.96,20306
2012-12-27 11:45:00,87.96,88.2,87.8896,88.04,32978
2012-12-27 12:00:00,88.01,88.12,87.85,87.92,35348
2012-12-27 12:15:00,87.94,87.96,87.81,87.9,29963
2012-12-27 12:30:00,87.88,87.93,87.79,87.82,16505
2012-12-27 12:45:00,87.82,87.86,87.54,87.62,19828
2012-12-27 13:00:00,87.58,87.59,87.48,87.52,14636
2012-12-27 13:15:00,87.52,87.96,87.52,87.8932,19013
2012-12-27 13:30:00,87.91,88.02,87.78,87.91,21794
2012-12-27 13:45:00,87.93,88.0416,87.88,87.985,26310
2012-12-27 14:00:00,87.98,87.98,87.86,87.925,21491
2012-12-27 14:15:00,87.95,88.02,87.84,87.9,21906
2012-12-27 14:30:00,87.89,88.05,87.885,87.99,18591
2012-12-27 14:45:00,87.971,88.06,87.885,88.05,51687
2012-12-27 15:00:00,88.05,88.55,88.0404,88.515,65456
2012-12-27 15:15:00,88.55,88.74,88.48,88.66,29500
2012-12-27 15:30:00,88.68,88.93,88.65,88.78,41138
2012-12-27 15:45:00,88.76,88.93,88.745,88.9,51936
2012-12-27 16:00:00,88.92,88.97,88.69,88.7,83661
2012-12-28 09:45:00,88.48,88.48,87.71,87.792,46697
2012-12-28 10:00:00,87.8,87.9,87.64,87.77,38144
2012-12-28 10:15:00,87.75,88.26,87.71,88.0075,50778
2012-12-28 10:30:00,88.06,88.63,87.991,88.17,64969
2012-12-28 10:45:00,88.2,88.65,88.185,88.53,30290
2012-12-28 11:00:00,88.52,88.67,88.42,88.46,19800
2012-12-28 11:15:00,88.47,88.54,88.25,88.35,23759
2012-12-28 11:30:00,88.365,88.55,88.28,88.28,15164
2012-12-28 11:45:00,88.29,88.48,88.29,88.41,20724
2012-12-28 12:00:00,88.41,88.53,88.34,88.415,12750
2012-12-28 12:15:00,88.43,88.51700000000001,88.335,88.44,12064
2012-12-28 12:30:00,88.46,88.54,88.43,88.49,15507
2012-12-28 12:45:00,88.49,88.77,88.4419,88.69,27635
2012-12-28 13:00:00,88.6501,88.68,88.575,88.66,7268
2012-12-28 13:15:00,88.66,88.76899999999999,88.57,88.76899999999999,8074
2012-12-28 13:30:00,88.79,88.98,88.78,88.95,11533
2012-12-28 13:45:00,88.91,88.91,88.76,88.835,14050
2012-12-28 14:00:00,88.83,88.83,88.47,88.5,15554
2012-12-28 14:15:00,88.51,88.63,88.5,88.61,11586
2012-12-28 14:30:00,88.63,88.65,88.48,88.52,22171
2012-12-28 14:45:00,88.55,88.58,88.5,88.524,11427
2012-12-28 15:00:00,88.52,88.53,88.46,88.47,40179
2012-12-28 15:15:00,88.46,88.505,88.44,88.5,28841
2012-12-28 15:30:00,88.5,88.59,88.5,88.51,23405
2012-12-28 15:45:00,88.51,88.55,88.2,88.38,57124
2012-12-28 16:00:00,88.38,88.38,88.09,88.13,85722
2012-12-31 09:45:00,87.85,88.54,87.76,88.41,45105
2012-12-31 10:00:00,88.37,88.61,88.25,88.58,28998
2012-12-31 10:15:00,88.55,89.15,88.471,88.73,26724
2012-12-31 10:30:00,88.73,88.8,88.5,88.62,16763
2012-12-31 10:45:00,88.66,88.78,88.51,88.51,12477
2012-12-31 11:00:00,88.5,88.5,88.11,88.3,13889
2012-12-31 11:15:00,88.32,88.68,88.3,88.37,19140
2012-12-31 11:30:00,88.445,88.53,88.3,88.44,17224
2012-12-31 11:45:00,88.5,88.59,88.43,88.43,17557
2012-12-31 12:00:00,88.4499,88.52,88.38,88.46,9523
2012-12-31 12:15:00,88.49,88.61,88.43,88.61,10792
2012-12-31 12:30:00,88.61,88.63,88.32,88.45,20155
2012-12-31 12:45:00,88.49,88.82,88.37,88.68,13108
2012-12-31 13:00:00,88.72,89.03,88.69,88.76,16714
2012-12-31 13:15:00,88.8,88.85,88.58,88.85,10450
2012-12-31 13:30:00,88.85,88.89,88.73,88.74,18924
2012-12-31 13:45:00,88.69,88.81,88.62,88.62,26325
2012-12-31 14:00:00,88.62,88.81,88.37,88.48,21968
2012-12-31 14:15:00,88.48,88.64,88.42,88.44,10649
2012-12-31 14:30:00,88.44,88.675,88.41,88.675,12262
2012-12-31 14:45:00,88.69,88.92,88.67,88.89,18369
2012-12-31 15:00:00,88.89,89.34,88.78,89.27,29738
2012-12-31 15:15:00,89.3,89.39,89.08,89.11,25021
2012-12-31 15:30:00,89.1,89.15,88.86,88.87,25675
2012-12-31 15:45:00,88.885,89.315,88.88,89.18,43744
2012-12-31 16:00:00,89.19,89.48,89.17,89.47,79802
2013-01-02 09:45:00,90.66,90.74,90.13,90.31,96097
2013-01-02 10:00:00,90.3,90.67,90.17,90.6,29746
2013-01-02 10:15:00,90.62,90.72,90.04,90.05,73299
2013-01-02 10:30:00,90.05,90.09,89.98,90.04,32153
2013-01-02 10:45:00,90.01,90.03,89.75,89.83,24760
2013-01-02 11:00:00,89.84,89.84,89.48,89.51,38109
2013-01-02 11:15:00,89.53,89.57,89.29,89.29,24630
2013-01-02 11:30:00,89.28,89.29,89.12,89.18,42038
2013-01-02 11:45:00,89.19,89.22,88.97,88.99,52827
2013-01-02 12:00:00,89.04,89.52,89.01,89.39,40518
2013-01-02 12:15:00,89.42,89.79,89.42,89.79,21821
2013-01-02 12:30:00,89.8,89.81,89.49,89.61,13324
2013-01-02 12:45:00,89.62,89.78,89.61,89.75,39157
2013-01-02 13:00:00,89.74,90.13,89.74,89.995,43665
2013-01-02 13:15:00,90.03,90.0401,89.97,89.98,19632
2013-01-02 13:30:00,89.9932,90.37,89.99,90.21,58213
2013-01-02 13:45:00,90.21,90.36,90.19,90.23,23877
2013-01-02 14:00:00,90.22,90.23,90.07,90.07,23878
2013-01-02 14:15:00,90.08,90.1,89.96,89.96,12866
2013-01-02 14:30:00,89.99,90.04,89.96,90.01,11490
2013-01-02 14:45:00,90.03,90.03,89.75,89.79,11113
2013-01-02 15:00:00,89.79,89.81,89.725,89.795,14676
2013-01-02 15:15:00,89.795,89.86,89.7701,89.81,68212
2013-01-02 15:30:00,89.8036,89.81,89.68,89.69,37446
2013-01-02 15:45:00,89.69,89.85,89.69,89.805,59972
2013-01-02 16:00:00,89.805,89.94,89.59,89.94,270116
2013-01-03 09:45:00,90.1,90.99,89.23,90.75,89110
2013-01-03 10:00:00,90.75,90.75,90.32,90.45,35853
2013-01-03 10:15:00,90.45,90.68,90.405,90.68,30898
2013-01-03 10:30:00,90.68,90.7,90.44,90.65,39223
2013-01-03 10:45:00,90.68,91.03,90.64,90.91,26185
2013-01-03 11:00:00,90.89,91.0,90.88,90.88,21772
2013-01-03 11:15:00,90.88,91.11,90.83,91.07,20540
2013-01-03 11:30:00,91.09,91.12,90.92,91.03,125905
2013-01-03 11:45:00,91.02,91.48,90.98,91.4,49991
2013-01-03 12:00:00,91.39,91.45,91.24,91.24,20747
2013-01-03 12:15:00,91.24,91.25,91.095,91.1,31230
2013-01-03 12:30:00,91.12,91.265,91.105,91.165,26410
2013-01-03 12:45:00,91.17,91.21,90.87,90.961,23559
2013-01-03 13:00:00,90.99,91.06,90.87,90.88,30701
2013-01-03 13:15:00,90.875,91.05,90.8,90.81,33902
2013-01-03 13:30:00,90.82,90.96,90.75,90.95,13748
2013-01-03 13:45:00,90.97,91.05,90.93,91.025,3500
2013-01-03 14:00:00,91.02,91.12,90.85,90.92,11035
2013-01-03 14:15:00,90.89,90.89,90.44,90.48,30509
2013-01-03 14:30:00,90.5,91.02,90.34,90.445,26767
2013-01-03 14:45:00,90.46,90.5,90.355,90.445,22822
2013-01-03 15:00:00,90.45,90.59,90.42,90.48,20032
2013-01-03 15:15:00,90.47,90.54,90.285,90.31,24359
2013-01-03 15:30:00,90.31,90.36,89.96,90.0425,43725
2013-01-03 15:45:00,90.06,90.28,90.025,90.24,38622
2013-01-03 16:00:00,90.235,90.36,90.06,90.2,103985
2013-01-04 09:45:00,90.53,90.9,90.2234,90.75,72777
2013-01-04 10:00:00,90.75,91.36,90.6,91.28,32940
2013-01-04 10:15:00,91.31,91.46,91.09,91.42,31242
2013-01-04 10:30:00,91.42,91.55,91.24,91.35,63033
2013-01-04 10:45:00,91.3,91.46,91.13,91.25,58561
2013-01-04 11:00:00,91.25,91.41,91.06,91.19,22228
2013-01-04 11:15:00,91.21,91.42,91.19,91.23,32934
2013-01-04 11:30:00,91.22,91.28,91.18,91.26,27096
2013-01-04 11:45:00,91.24,91.415,91.1946,91.32,15303
2013-01-04 12:00:00,91.32,91.43,91.265,91.34,32757
2013-01-04 12:15:00,91.35,91.59,91.35,91.59,21054
2013-01-04 12:30:00,91.59,91.6,91.475,91.6,22174
2013-01-04 12:45:00,91.56,91.61,91.22,91.22,16025
2013-01-04 13:00:00,91.22,91.34,91.2,91.335,12858
2013-01-04 13:15:00,91.34,91.4,91.27,91.37,11544
2013-01-04 13:30:00,91.39,91.52,91.35,91.505,13162
2013-01-04 13:45:00,91.53,91.63,91.52,91.63,11850
2013-01-04 14:00:00,91.63,91.67,91.55,91.59100000000001,12976
2013-01-04 14:15:00,91.59,91.61,91.47,91.53,29726
2013-01-04 14:30:00,91.54,91.63,91.54,91.57,17400
2013-01-04 14:45:00,91.59,91.78,91.59,91.76,19537
2013-01-04 15:00:00,91.76,91.86,91.64,91.66,45661
2013-01-04 15:15:00,91.63,91.729,91.6,91.605,23015
2013-01-04 15:30:00,91.61,91.72,91.61,91.72,23224
2013-01-04 15:45:00,91.71,91.85,91.61,91.76,40133
2013-01-04 16:00:00,91.75,91.75,91.4,91.65,212920
2013-01-07 09:45:00,89.41,91.3,88.76,90.82,185796
2013-01-07 10:00:00,90.635,90.7,90.05,90.415,61960
2013-01-07 10:15:00,90.435,90.73,90.25,90.69,64447
2013-01-07 10:30:00,90.72,90.8,90.294,90.34,120960
2013-01-07 10:45:00,90.32,90.4,90.15,90.18,29819
2013-01-07 11:00:00,90.15,90.2,89.78,89.89,30376
2013-01-07 11:15:00,89.89,89.89,89.53,89.63,29494
2013-01-07 11:30:00,89.616,89.625,89.43,89.43,28798
2013-01-07 11:45:00,89.44,89.61,89.39,89.53,57481
2013-01-07 12:00:00,89.53,89.76,89.42,89.65,68053
2013-01-07 12:15:00,89.6,89.76,89.42,89.66,28410
2013-01-07 12:30:00,89.66,89.96,89.65,89.87,25906
2013-01-07 12:45:00,89.87,90.11,89.83,90.1,20163
2013-01-07 13:00:00,90.1,90.35,90.09,90.35,28811
2013-01-07 13:15:00,90.38,90.58,90.35,90.58,20021
2013-01-07 13:30:00,90.61,90.62,90.43,90.47,50009
2013-01-07 13:45:00,90.46,90.48,90.2,90.2,29351
2013-01-07 14:00:00,90.16,90.45,90.16,90.32,12624
2013-01-07 14:15:00,90.348,90.39,90.3,90.32,15495
2013-01-07 14:30:00,90.31,90.41,90.305,90.35,16428
2013-01-07 14:45:00,90.36,90.39,90.26,90.26,47146
2013-01-07 15:00:00,90.26,90.26,89.99,90.01,30255
2013-01-07 15:15:00,90.01,90.09,89.97,90.04,43678
2013-01-07 15:30:00,90.06,90.14,90.02,90.11,53892
2013-01-07 15:45:00,90.11,90.15,90.03,90.07,64916
2013-01-07 16:00:00,90.07,90.2,89.99,90.06,123153
2013-01-08 09:45:00,89.62,90.32,89.62,89.98,44345
2013-01-08 10:00:00,90.02,90.05,89.66,89.77,34659
2013-01-08 10:15:00,89.8,89.8,89.43,89.63,31033
2013-01-08 10:30:00,89.65,89.9,89.63,89.87,41007
2013-01-08 10:45:00,89.88,89.885,89.4,89.47,43718
2013-01-08 11:00:00,89.48,89.53,88.85,88.91,64335
2013-01-08 11:15:00,88.9,89.009,88.63,88.65,50798
2013-01-08 11:30:00,88.65,88.71,88.32,88.6875,34716
2013-01-08 11:45:00,88.67,88.99,88.66,88.81,34799
2013-01-08 12:00:00,88.82,89.0,88.82,88.96,13091
2013-01-08 12:15:00,88.97,89.25,88.97,89.06,21012
2013-01-08 12:30:00,89.08,89.44,89.08,89.39,39702
2013-01-08 12:45:00,89.39,89.42,89.13,89.16,41345
2013-01-08 13:00:00,89.2,89.2,89.01,89.06,9200
2013-01-08 13:15:00,89.04,89.16,88.91,89.07,36589
2013-01-08 13:30:00,89.09,89.19,88.99,89.11,41949
2013-01-08 13:45:00,89.11,89.19,89.09,89.11,15079
2013-01-08 14:00:00,89.11,89.24,89.11,89.23,27064
2013-01-08 14:15:00,89.23,89.29,89.12,89.2366,21546
2013-01-08 14:30:00,89.24,89.28,88.97,89.1,28112
2013-01-08 14:45:00,89.11,89.15,89.0299,89.0763,12928
2013-01-08 15:00:00,89.08,89.16,89.06,89.13,12703
2013-01-08 15:15:00,89.14,89.3,89.12,89.18,20175
2013-01-08 15:30:00,89.2,89.34,89.13,89.22,26292
2013-01-08 15:45:00,89.21,89.26,88.99,89.05,30334
2013-01-08 16:00:00,89.05,89.23,89.01,89.21,104378
2013-01-09 09:45:00,89.41,90.18,88.8755,89.35,59486
2013-01-09 10:00:00,89.2501,89.38,89.02,89.18,18966
2013-01-09 10:15:00,89.22,89.44,89.0,89.37,18911
2013-01-09 10:30:00,89.41,89.5,89.04,89.09,48155
2013-01-09 10:45:00,89.09,89.25,88.93,88.99,32994
2013-01-09 11:00:00,89.01,89.03,88.82,88.9,30157
2013-01-09 11:15:00,88.93,89.16,88.89,89.055,36180
2013-01-09 11:30:00,89.08,89.12,88.82,88.87,24162
2013-01-09 11:45:00,88.88,89.02,88.81,88.9801,18530
2013-01-09 12:00:00,89.02,89.03,88.6,88.6,22006
2013-01-09 12:15:00,88.6,88.65,88.54,88.54,12850
2013-01-09 12:30:00,88.52,88.53,88.33,88.3625,21605
2013-01-09 12:45:00,88.37,88.49,88.27,88.34,21555
2013-01-09 13:00:00,88.36,88.5,88.31,88.47,13242
2013-01-09 13:15:00,88.48,88.57,88.38,88.5,17249
2013-01-09 13:30:00,88.5,88.72,88.49,88.71,11587
2013-01-09 13:45:00,88.7,88.71,88.59,88.6,19322
2013-01-09 14:00:00,88.61,88.79,88.61,88.75,32953
2013-01-09 14:15:00,88.745,88.87,88.68,88.7,23455
2013-01-09 14:30:00,88.68,88.68,88.47,88.545,27060
2013-01-09 14:45:00,88.54,88.6499,88.38,88.39,38450
2013-01-09 15:00:00,88.4,88.53,88.27,88.32,23707
2013-01-09 15:15:00,88.31,88.39,88.22,88.32,30021
2013-01-09 15:30:00,88.32,88.37,88.18,88.34,53110
2013-01-09 15:45:00,88.33,88.46,88.27,88.31,31695
2013-01-09 16:00:00,88.33,88.42,88.25,88.38,86507
2013-01-10 09:45:00,88.46,89.87,88.11,88.3,70067
2013-01-10 10:00:00,88.34,88.75,88.2,88.7,31429
2013-01-10 10:15:00,88.7106,88.8,88.5,88.58,26044
2013-01-10 10:30:00,88.56,88.65,88.36,88.41,15418
2013-01-10 10:45:00,88.39,88.69,88.23,88.56,32697
2013-01-10 11:00:00,88.53,88.87,88.49,88.6104,78630
2013-01-10 11:15:00,88.62,88.76,88.49,88.696,38474
2013-01-10 11:30:00,88.62,88.79,88.45,88.79,33702
2013-01-10 11:45:00,88.79,88.82,88.46,88.62,52364
2013-01-10 12:00:00,88.63,88.66,88.44,88.49,33769
2013-01-10 12:15:00,88.51,88.52,88.34,88.5,22133
2013-01-10 12:30:00,88.5,88.5,88.32,88.45,10043
2013-01-10 12:45:00,88.4301,88.47,88.2,88.2,14288
2013-01-10 13:00:00,88.25,88.36,88.18,88.31,11277
2013-01-10 13:15:00,88.31,88.34,88.17,88.24,16905
2013-01-10 13:30:00,88.21,88.3,88.11,88.14,35393
2013-01-10 13:45:00,88.12,88.12,87.92,87.96,40178
2013-01-10 14:00:00,87.98,88.14,87.76,88.08,41293
2013-01-10 14:15:00,88.06,88.13,87.885,87.89,15946
2013-01-10 14:30:00,87.88,87.99,87.75,87.76,24696
2013-01-10 14:45:00,87.78,87.91,87.57,87.91,52836
2013-01-10 15:00:00,87.9,88.0,87.87,87.91,27327
2013-01-10 15:15:00,87.91,87.98,87.89,87.91,23566
2013-01-10 15:30:00,87.9199,87.92,87.7,87.77,42054
2013-01-10 15:45:00,87.77,87.89,87.53,87.89,69599
2013-01-10 16:00:00,87.88,87.9199,87.7,87.74,72170
2013-01-11 09:45:00,88.52,88.77,87.75,87.88,81555
2013-01-11 10:00:00,87.85,87.88,87.06,87.14,42628
2013-01-11 10:15:00,87.13,87.53,87.08,87.49,35414
2013-01-11 10:30:00,87.53,87.81,87.44,87.6,24072
2013-01-11 10:45:00,87.6,87.76,87.51,87.72,57417
2013-01-11 11:00:00,87.7,87.89,87.61,87.85,27740
2013-01-11 11:15:00,87.81,87.955,87.75,87.93,24581
2013-01-11 11:30:00,87.93,87.98,87.19,87.21,17506
2013-01-11 11:45:00,87.23,87.6,87.2201,87.51,11106
2013-01-11 12:00:00,87.56299999999999,88.13,87.54,88.12,21346
2013-01-11 12:15:00,88.11,88.21,87.81,87.84,29028
2013-01-11 12:30:00,87.85,87.94,87.72,87.85,13224
2013-01-11 12:45:00,87.89,87.89,87.71,87.88,6626
2013-01-11 13:00:00,87.93,88.08,87.9,88.0,7564
2013-01-11 13:15:00,87.98,88.06,87.94,88.03,20856
2013-01-11 13:30:00,88.01,88.06,87.93,88.04,15592
2013-01-11 13:45:00,88.03,88.11,87.98,87.98,12318
2013-01-11 14:00:00,87.97,88.05,87.82,87.89,18262
2013-01-11 14:15:00,87.89,88.0,87.79,88.0,23865
2013-01-11 14:30:00,87.98,88.09,87.91,87.97,23795
2013-01-11 14:45:00,87.92,88.01,87.45,87.82,89808
2013-01-11 15:00:00,87.82,87.83,87.64,87.8,72058
2013-01-11 15:15:00,87.77,87.825,87.75,87.78,87949
2013-01-11 15:30:00,87.77799999999999,87.85,87.75,87.84,45100
2013-01-11 15:45:00,87.85,88.04,87.78,87.9201,118923
2013-01-11 16:00:00,87.93,88.03,87.85,88.01,73431
2013-01-14 09:45:00,87.62,89.13,87.57,89.13,53551
2013-01-14 10:00:00,89.13,89.33,88.83,89.04,44894
2013-01-14 10:15:00,88.92,89.15,88.65,89.08,16426
2013-01-14 10:30:00,89.09299999999999,89.13,88.79,88.9,25200
2013-01-14 10:45:00,88.93,89.07,88.81,88.975,17527
2013-01-14 11:00:00,88.98,89.1,88.74,88.74,17724
2013-01-14 11:15:00,88.7,88.82,88.66,88.72,14931
2013-01-14 11:30:00,88.73,88.89,88.66,88.88,42849
2013-01-14 11:45:00,88.88,89.11,88.88,89.01,11336
2013-01-14 12:00:00,89.04,89.15,89.04,89.14,10625
2013-01-14 12:15:00,89.15,89.195,88.64,88.64,17999
2013-01-14 12:30:00,88.65,88.65,88.33,88.335,9550
2013-01-14 12:45:00,88.36,88.55,88.36,88.48,13660
2013-01-14 13:00:00,88.54,88.905,88.51,88.905,9110
2013-01-14 13:15:00,88.9,88.91,88.64,88.66,9700
2013-01-14 13:30:00,88.68,88.84,88.65,88.6602,23579
2013-01-14 13:45:00,88.67,88.76,88.67,88.74,6900
2013-01-14 14:00:00,88.75,88.76,88.67,88.75,16843
2013-01-14 14:15:00,88.73,88.81,88.61,88.74,22503
2013-01-14 14:30:00,88.74,88.83,88.72,88.77,7655
2013-01-14 14:45:00,88.78,88.83,88.74,88.77,16282
2013-01-14 15:00:00,88.76,88.83,88.66,88.77,35426
2013-01-14 15:15:00,88.77,88.79,88.57,88.58,14206
2013-01-14 15:30:00,88.59,88.76,88.59,88.66,22679
2013-01-14 15:45:00,88.66,88.67,88.4,88.46,27109
2013-01-14 16:00:00,88.44,88.56,88.33,88.56,53225
2013-01-15 09:45:00,87.91,89.2,87.56,88.65,72376
2013-01-15 10:00:00,88.64,88.84,88.59,88.735,17529
2013-01-15 10:15:00,88.67,89.0,88.6401,88.79,23666
2013-01-15 10:30:00,88.78,88.87,88.67,88.83,29129
2013-01-15 10:45:00,88.82,88.97,88.78,88.84,18372
2013-01-15 11:00:00,88.83,88.95,88.74,88.882,27840
2013-01-15 11:15:00,88.94,89.07,88.82,88.96,10230
2013-01-15 11:30:00,88.98,89.1,88.88,89.08,11665
2013-01-15 11:45:00,89.08,89.255,89.07,89.22,16074
2013-01-15 12:00:00,89.23,89.36,89.21,89.23,11420
2013-01-15 12:15:00,89.23,89.34,89.16,89.34,12384
2013-01-15 12:30:00,89.36,89.66,89.27,89.64,17940
2013-01-15 12:45:00,89.6,89.65,89.59,89.63,30866
2013-01-15 13:00:00,89.65,89.65,89.54,89.62,14612
2013-01-15 13:15:00,89.61200000000001,89.81,89.58,89.81,33682
2013-01-15 13:30:00,89.81,89.81,89.67,89.72,20152
2013-01-15 13:45:00,89.69,89.77,89.641,89.745,14972
2013-01-15 14:00:00,89.75,89.88,89.69,89.82,39554
2013-01-15 14:15:00,89.82,89.82,89.52,89.55,45289
2013-01-15 14:30:00,89.59,89.67,89.56,89.66,19814
2013-01-15 14:45:00,89.67,89.78,89.6,89.76,16162
2013-01-15 15:00:00,89.75,89.77,89.66,89.72,25204
2013-01-15 15:15:00,89.72,89.88,89.7,89.8601,20085
2013-01-15 15:30:00,89.87,89.89,89.69,89.8,22414
2013-01-15 15:45:00,89.81,89.96,89.75,89.94,38368
2013-01-15 16:00:00,89.91,89.9599,89.55,89.72,149050
2013-01-16 09:45:00,89.22,90.23,87.85,89.44,84313
2013-01-16 10:00:00,89.44,89.44,88.86,89.03,23002
2013-01-16 10:15:00,89.03,89.07,88.8,88.93,23527
2013-01-16 10:30:00,88.94,89.19,88.89,89.17,31546
2013-01-16 10:45:00,89.17,89.2,88.96,89.05,16501
2013-01-16 11:00:00,89.08,89.18,88.9,88.992,32455
2013-01-16 11:15:00,88.99,89.01799999999999,88.81,88.89,13900
2013-01-16 11:30:00,88.88,88.99,88.74,88.76,30617
2013-01-16 11:45:00,88.76,88.84,88.72,88.83,12886
2013-01-16 12:00:00,88.85,88.85,88.65,88.66,8498
2013-01-16 12:15:00,88.7,88.71,88.53,88.66,10072
2013-01-16 12:30:00,88.58,88.65,88.5,88.56,17920
2013-01-16 12:45:00,88.56,88.59,88.34,88.46,30735
2013-01-16 13:00:00,88.47,88.64,88.38,88.43,24294
2013-01-16 13:15:00,88.42,88.56,88.38,88.48,22975
2013-01-16 13:30:00,88.51,88.6,88.46,88.57,9700
2013-01-16 13:45:00,88.58,88.77,88.575,88.62,7810
2013-01-16 14:00:00,88.64,88.65,88.46,88.47,13410
2013-01-16 14:15:00,88.5,88.52,88.3,88.37,21123
2013-01-16 14:30:00,88.38,88.59,88.38,88.49,11170
2013-01-16 14:45:00,88.515,88.6,88.44,88.5,23138
2013-01-16 15:00:00,88.51,88.61,88.47,88.52,37219
2013-01-16 15:15:00,88.52,88.56,88.38,88.44,15535
2013-01-16 15:30:00,88.45,88.4699,88.2805,88.29,24293
2013-01-16 15:45:00,88.3,88.46,88.3,88.32,39762
2013-01-16 16:00:00,88.32,88.32,88.0,88.16,200050
2013-01-17 09:45:00,88.11,89.03,88.11,88.24,72328
2013-01-17 10:00:00,88.25,88.74,88.1,88.74,21026
2013-01-17 10:15:00,88.69,88.87,88.3,88.865,23560
2013-01-17 10:30:00,88.88,89.05,88.81,88.89,21049
2013-01-17 10:45:00,88.89,88.89,88.5006,88.64,15788
2013-01-17 11:00:00,88.62,88.65,88.37,88.42,20750
2013-01-17 11:15:00,88.42,88.44,88.27,88.41,25974
2013-01-17 11:30:00,88.4075,88.66,88.32,88.64,14642
2013-01-17 11:45:00,88.6599,88.66,88.53,88.57,20300
2013-01-17 12:00:00,88.56,88.618,88.5,88.5699,10412
2013-01-17 12:15:00,88.57,88.71,88.54,88.66,22220
2013-01-17 12:30:00,88.63,88.7375,88.51,88.71,17941
2013-01-17 12:45:00,88.69,88.71,88.45,88.5,27569
2013-01-17 13:00:00,88.49,88.63,88.47,88.5,26525
2013-01-17 13:15:00,88.51,88.525,88.2,88.38,16687
2013-01-17 13:30:00,88.37,88.37,87.96,87.99,22400
2013-01-17 13:45:00,88.0,88.05,87.83,87.83,32558
2013-01-17 14:00:00,87.83,88.24,87.83,88.215,17880
2013-01-17 14:15:00,88.215,88.24,88.11,88.18,21568
2013-01-17 14:30:00,88.18,88.18,88.03,88.06,29255
2013-01-17 14:45:00,88.05,88.08,87.8,87.8,42520
2013-01-17 15:00:00,87.79,88.0,87.72,88.0,64446
2013-01-17 15:15:00,88.0,88.06,87.83,87.99,52733
2013-01-17 15:30:00,88.01,88.01,87.91,87.95,36000
2013-01-17 15:45:00,87.95,88.04,87.94,87.97,62925
2013-01-17 16:00:00,87.97,88.02,87.79,87.79,118602
2013-01-18 09:45:00,87.56,89.49,87.51,88.72,225482
2013-01-18 10:00:00,88.71,89.26,88.7,88.9,64067
2013-01-18 10:15:00,88.915,89.32,88.82,88.94,41411
2013-01-18 10:30:00,89.0,89.15,88.9,88.91,26144
2013-01-18 10:45:00,88.88,89.01,88.87,88.95,19850
2013-01-18 11:00:00,88.97,89.01,88.63,88.81,21398
2013-01-18 11:15:00,88.81,88.83,88.6,88.62,25338
2013-01-18 11:30:00,88.64,88.79,88.603,88.7,21107
2013-01-18 11:45:00,88.7,88.73,88.58,88.65,16517
2013-01-18 12:00:00,88.67,88.72,88.57,88.66,26191
2013-01-18 12:15:00,88.69,88.73,88.63,88.7,12400
2013-01-18 12:30:00,88.7,88.745,88.53,88.54,11036
2013-01-18 12:45:00,88.53,88.66,88.43,88.55,12000
2013-01-18 13:00:00,88.57,88.8,88.51,88.51,20291
2013-01-18 13:15:00,88.54,88.66,88.5,88.63,16000
2013-01-18 13:30:00,88.63,88.69,88.455,88.455,18400
2013-01-18 13:45:00,88.44,88.54,88.37,88.5,13783
2013-01-18 14:00:00,88.49,88.53,88.44,88.44,17077
2013-01-18 14:15:00,88.45,88.57,88.38,88.54,26172
2013-01-18 14:30:00,88.545,88.55,88.47,88.49799999999999,17483
2013-01-18 14:45:00,88.49,88.56,88.46,88.54,22966
2013-01-18 15:00:00,88.54,88.57,88.355,88.47,33156
2013-01-18 15:15:00,88.465,88.65,88.35,88.63,46697
2013-01-18 15:30:00,88.63,88.64,88.5,88.59,39941
2013-01-18 15:45:00,88.59,88.74,88.54,88.74,67374
2013-01-18 16:00:00,88.73,89.0,88.68,88.88,147273
2013-01-22 09:45:00,88.77,89.72,88.4701,89.22,75956
2013-01-22 10:00:00,89.24,89.36,88.76,89.09,68548
2013-01-22 10:15:00,89.06,89.06,88.38,88.42,72936
2013-01-22 10:30:00,88.41,88.84,88.34,88.73,28429
2013-01-22 10:45:00,88.77,88.95,88.685,88.78,15500
2013-01-22 11:00:00,88.78,88.78,88.45,88.595,20488
2013-01-22 11:15:00,88.59,88.8,88.46,88.67,47865
2013-01-22 11:30:00,88.665,88.67,88.51,88.61,32813
2013-01-22 11:45:00,88.63,88.63,88.31,88.4,34457
2013-01-22 12:00:00,88.37,88.37,88.06,88.13,28816
2013-01-22 12:15:00,88.15,88.51,88.13,88.42,16668
2013-01-22 12:30:00,88.42,88.5,88.25,88.45,58789
2013-01-22 12:45:00,88.351,88.66,88.34,88.635,22080
2013-01-22 13:00:00,88.65,88.73,88.52,88.7263,18409
2013-01-22 13:15:00,88.72,88.87,88.66,88.72,41189
2013-01-22 13:30:00,88.72,88.9,88.7,88.82,15890
2013-01-22 13:45:00,88.8188,88.87,88.7,88.77,19490
2013-01-22 14:00:00,88.77,88.77,88.45,88.5599,15145
2013-01-22 14:15:00,88.54,88.81,88.54,88.69,14729
2013-01-22 14:30:00,88.69,88.85,88.6,88.85,20310
2013-01-22 14:45:00,88.86,88.92,88.65,88.74,20979
2013-01-22 15:00:00,88.75,88.76,88.65,88.72,37589
2013-01-22 15:15:00,88.73,88.79,88.7,88.71,50233
2013-01-22 15:30:00,88.7,88.71,88.47,88.59,35021
2013-01-22 15:45:00,88.56,88.67,88.53,88.57,54908
2013-01-22 16:00:00,88.54,88.74,88.46,88.69,146623
2013-01-23 09:45:00,88.52,88.62,87.75,88.61,129514
2013-01-23 10:00:00,88.63,88.66,88.39,88.58,110588
2013-01-23 10:15:00,88.5902,88.69,88.55,88.62,57362
2013-01-23 10:30:00,88.63,88.84,88.55,88.84,77861
2013-01-23 10:45:00,88.84,89.27,88.8,89.195,83476
2013-01-23 11:00:00,89.22,89.86,89.19,89.71,85406
2013-01-23 11:15:00,89.73,89.84,89.65,89.67,37912
2013-01-23 11:30:00,89.67,90.17,89.64,90.0,50870
2013-01-23 11:45:00,89.98,90.05,89.78,90.0,24611
2013-01-23 12:00:00,90.02,90.17,90.02,90.05,40788
2013-01-23 12:15:00,90.03,90.06,89.48,89.49,59662
2013-01-23 12:30:00,89.46,89.46,89.17,89.2,25023
2013-01-23 12:45:00,89.19,89.69,89.18,89.61,25643
2013-01-23 13:00:00,89.66,89.785,89.6,89.65,15323
2013-01-23 13:15:00,89.68,90.1,89.68,89.88,41295
2013-01-23 13:30:00,89.85,89.895,89.65,89.79,24992
2013-01-23 13:45:00,89.75,89.77,89.49,89.63,27832
2013-01-23 14:00:00,89.65,90.02,89.525,89.94,36726
2013-01-23 14:15:00,89.92,90.06,89.73,89.74,61121
2013-01-23 14:30:00,89.73,89.82,89.69,89.79,20467
2013-01-23 14:45:00,89.82,89.92,89.73,89.92,30393
2013-01-23 15:00:00,89.93,90.06,89.91,90.0,36209
2013-01-23 15:15:00,90.01,90.055,89.86,89.88,26995
2013-01-23 15:30:00,89.89,89.95,89.7,89.79,49315
2013-01-23 15:45:00,89.79,89.9,89.7,89.83,60775
2013-01-23 16:00:00,89.84,89.93,89.76,89.87,106109
2013-01-24 09:45:00,90.27,91.4682,90.27,91.16,84502
2013-01-24 10:00:00,91.23,91.27,91.0,91.01,75409
2013-01-24 10:15:00,91.02,91.32,90.81,90.93,76509
2013-01-24 10:30:00,90.905,90.97,90.7,90.7,18900
2013-01-24 10:45:00,90.72,90.95,90.7,90.8999,18820
2013-01-24 11:00:00,90.87,91.14,90.81,90.97,20250
2013-01-24 11:15:00,90.97,91.25,90.92,91.25,26777
2013-01-24 11:30:00,91.26,91.67,91.22,91.64,36877
2013-01-24 11:45:00,91.66,91.79,91.27,91.37,24997
2013-01-24 12:00:00,91.34,91.49,91.28,91.41,12800
2013-01-24 12:15:00,91.46,91.52,91.3,91.35,14660
2013-01-24 12:30:00,91.41,91.47,90.98,91.01,9692
2013-01-24 12:45:00,90.97,90.98,90.77,90.83,14977
2013-01-24 13:00:00,90.78,90.82,90.55,90.56,18198
2013-01-24 13:15:00,90.56,90.79,90.56,90.67,11995
2013-01-24 13:30:00,90.685,90.91,90.685,90.74,52607
2013-01-24 13:45:00,90.71,91.82,90.7,91.5,156058
2013-01-24 14:00:00,91.495,91.63,91.26,91.51,40279
2013-01-24 14:15:00,91.54,91.54,91.26,91.39,37293
2013-01-24 14:30:00,91.4,91.62,91.35,91.6002,44592
2013-01-24 14:45:00,91.62,91.73,91.57,91.6,25687
2013-01-24 15:00:00,91.62,91.76,91.51,91.52,52705
2013-01-24 15:15:00,91.52,91.71,91.5,91.68,51741
2013-01-24 15:30:00,91.71,92.01,91.69,91.93,81907
2013-01-24 15:45:00,91.94,92.12,91.89,92.04,95462
2013-01-24 16:00:00,92.04,92.06,91.78,91.79,175161
2013-01-25 09:45:00,91.69,92.15,91.255,92.14,52636
2013-01-25 10:00:00,92.14,92.49,92.065,92.23,68303
2013-01-25 10:15:00,92.21,92.4,92.01,92.18,36190
2013-01-25 10:30:00,92.22,92.66,92.21,92.3,38094
2013-01-25 10:45:00,92.24,92.42,92.11,92.35,35840
2013-01-25 11:00:00,92.35,92.61,92.31,92.4,43511
2013-01-25 11:15:00,92.425,92.57,92.2,92.29,25306
2013-01-25 11:30:00,92.28,92.45,92.05,92.35,47583
2013-01-25 11:45:00,92.42,92.525,92.3,92.31,19529
2013-01-25 12:00:00,92.32,92.4,92.21,92.21,21330
2013-01-25 12:15:00,92.21,92.35,92.21,92.3,29828
2013-01-25 12:30:00,92.32,92.35,92.245,92.245,20992
2013-01-25 12:45:00,92.26,92.48,92.25,92.33,42448
2013-01-25 13:00:00,92.33,92.42,92.19,92.2899,14480
2013-01-25 13:15:00,92.33,92.4,92.25,92.36,13867
2013-01-25 13:30:00,92.32,92.45,92.32,92.39,19000
2013-01-25 13:45:00,92.37,92.44,92.32,92.41,17605
2013-01-25 14:00:00,92.42,92.54,92.41,92.4463,18764
2013-01-25 14:15:00,92.43,92.58,92.43,92.515,20407
2013-01-25 14:30:00,92.53,92.62,92.45,92.48,35080
2013-01-25 14:45:00,92.47,92.5,92.27,92.39,24873
2013-01-25 15:00:00,92.34,92.48,92.21,92.33,19572
2013-01-25 15:15:00,92.31,92.41,92.14,92.1999,20965
2013-01-25 15:30:00,92.19,92.3428,92.12,92.31,18536
2013-01-25 15:45:00,92.33,92.42,92.06,92.06,39379
2013-01-25 16:00:00,92.05,92.18,91.99,92.18,93845
2013-01-28 09:45:00,92.28,92.53,91.94,92.26,75451
2013-01-28 10:00:00,92.26,92.6498,92.125,92.57,42002
2013-01-28 10:15:00,92.49,92.74,92.2,92.39,38847
2013-01-28 10:30:00,92.38,92.74,92.2315,92.71,51340
2013-01-28 10:45:00,92.71,92.85,92.5807,92.68,19905
2013-01-28 11:00:00,92.67,92.75,92.57,92.63,24899
2013-01-28 11:15:00,92.65,92.75,92.59,92.7,16271
2013-01-28 11:30:00,92.63,92.85,92.62,92.8065,14654
2013-01-28 11:45:00,92.83,92.94,92.78,92.94,20518
2013-01-28 12:00:00,92.92,92.96,92.78,92.82,21605
2013-01-28 12:15:00,92.83,92.9,92.64,92.78,26473
2013-01-28 12:30:00,92.77,92.85,92.71,92.75,60497
2013-01-28 12:45:00,92.75,92.85,92.62,92.79,42590
2013-01-28 13:00:00,92.78,92.82,92.7,92.71,28290
2013-01-28 13:15:00,92.705,92.77,92.57,92.72,18140
2013-01-28 13:30:00,92.7,92.715,92.52,92.7,16101
2013-01-28 13:45:00,92.67,92.675,92.37,92.39,25198
2013-01-28 14:00:00,92.39,92.53,92.33,92.52799999999999,15567
2013-01-28 14:15:00,92.51,92.57,92.42,92.5408,21520
2013-01-28 14:30:00,92.54,92.68,92.54,92.64,25589
2013-01-28 14:45:00,92.66,92.77,92.66,92.75,19375
2013-01-28 15:00:00,92.75,92.82,92.73,92.79,24921
2013-01-28 15:15:00,92.79,92.88,92.66,92.74,32032
2013-01-28 15:30:00,92.75,92.82799999999999,92.68,92.73,48215
2013-01-28 15:45:00,92.72,92.76,92.37,92.465,82615
2013-01-28 16:00:00,92.47,92.4901,92.42,92.45,117786
2013-01-29 09:45:00,92.12,92.32,91.61,92.22,93353
2013-01-29 10:00:00,92.18,92.36,92.1,92.2,23197
2013-01-29 10:15:00,92.2,92.41,91.7,92.12,70852
2013-01-29 10:30:00,92.09,92.2,91.94,91.98,27246
2013-01-29 10:45:00,91.98,92.21,91.98,92.21,15238
2013-01-29 11:00:00,92.21,92.21,92.0,92.1,30495
2013-01-29 11:15:00,92.09,92.175,92.04,92.09,24578
2013-01-29 11:30:00,92.05,92.18,91.99,92.16,28990
2013-01-29 11:45:00,92.16,92.19,92.0,92.07,17417
2013-01-29 12:00:00,92.075,92.19,92.04,92.095,30342
2013-01-29 12:15:00,92.11,92.17,92.035,92.1,15184
2013-01-29 12:30:00,92.11,92.15,92.045,92.13,21150
2013-01-29 12:45:00,92.14,92.33,92.12,92.32,14717
2013-01-29 13:00:00,92.335,92.51,92.33,92.4,17043
2013-01-29 13:15:00,92.4,92.52,92.27,92.27,15654
2013-01-29 13:30:00,92.26,92.3,92.135,92.3,16091
2013-01-29 13:45:00,92.3,92.4,92.21,92.26,15019
2013-01-29 14:00:00,92.27,92.27,91.955,91.97,33737
2013-01-29 14:15:00,91.98,92.05,91.85,91.85,25024
2013-01-29 14:30:00,91.85,91.97,91.77,91.93,30895
2013-01-29 14:45:00,91.96,91.97,91.8,91.92,61118
2013-01-29 15:00:00,91.92,91.99,91.82,91.97,40708
2013-01-29 15:15:00,91.98899999999999,92.13,91.93,91.93,47806
2013-01-29 15:30:00,91.91,92.07,91.88,92.01,57398
2013-01-29 15:45:00,92.0,92.06,91.91,92.03,74478
2013-01-29 16:00:00,92.04,92.08,91.83,91.93,118183
2013-01-30 09:45:00,92.08,92.95,91.93,92.53,32919
2013-01-30 10:00:00,92.51,92.88,92.38,92.48,47168
2013-01-30 10:15:00,92.48,92.61,92.26,92.28,18938
2013-01-30 10:30:00,92.26,92.44,92.1801,92.19,15090
2013-01-30 10:45:00,92.19,92.37,92.12,92.17,16990
2013-01-30 11:00:00,92.14,92.37,92.14,92.2,10373
2013-01-30 11:15:00,92.27,92.455,92.26,92.37,23537
2013-01-30 11:30:00,92.37,92.39,92.28,92.36,5900
2013-01-30 11:45:00,92.38,92.51,92.24,92.25,13608
2013-01-30 12:00:00,92.29,92.4,92.21,92.2701,30772
2013-01-30 12:15:00,92.27,92.36,92.15,92.235,14488
2013-01-30 12:30:00,92.17,92.28,92.08,92.09,7900
2013-01-30 12:45:00,92.1,92.16,91.93,91.96,8900
2013-01-30 13:00:00,91.92,92.12,91.9101,92.06,17624
2013-01-30 13:15:00,92.01,92.35,92.0,92.2,52850
2013-01-30 13:30:00,92.23,92.38,92.145,92.3,25457
2013-01-30 13:45:00,92.3,92.3,92.04,92.04,7031
2013-01-30 14:00:00,92.06,92.1,91.98,92.1,9100
2013-01-30 14:15:00,92.07,92.34,92.07,92.32,13944
2013-01-30 14:30:00,92.32,92.59,92.12,92.22,28793
2013-01-30 14:45:00,92.22,92.3,92.07,92.11,14193
2013-01-30 15:00:00,92.09,92.16,91.85,92.07,16561
2013-01-30 15:15:00,92.07,92.11,91.9,91.9,24121
2013-01-30 15:30:00,91.9,91.92,91.69,91.72,41875
2013-01-30 15:45:00,91.7,91.8,91.631,91.68,93472
2013-01-30 16:00:00,91.67,91.8,91.63,91.74,69660
2013-01-31 09:45:00,91.83,92.42,91.83,92.17,37695
2013-01-31 10:00:00,92.18,92.54,92.05,92.21,23100
2013-01-31 10:15:00,92.21,92.42,91.85,91.9,83533
2013-01-31 10:30:00,91.99,92.12,91.9,91.99,52896
2013-01-31 10:45:00,91.94,92.09,91.81,91.94,24694
2013-01-31 11:00:00,92.0,92.0,91.76,91.83,19900
2013-01-31 11:15:00,91.78,91.85,91.6,91.755,26263
2013-01-31 11:30:00,91.74,91.8,91.63,91.68,18900
2013-01-31 11:45:00,91.66,91.66,91.39,91.59,17250
2013-01-31 12:00:00,91.59,91.74,91.55,91.72,15645
2013-01-31 12:15:00,91.765,91.81,91.55,91.81,11874
2013-01-31 12:30:00,91.82,91.98,91.82,91.87,9229
2013-01-31 12:45:00,91.87,91.93,91.81,91.92,8495
2013-01-31 13:00:00,91.93,92.14,91.93,91.97,11280
2013-01-31 13:15:00,91.96,92.06,91.86,91.92,26648
2013-01-31 13:30:00,91.93,92.01,91.9,91.93,10823
2013-01-31 13:45:00,91.94,92.19,91.9,92.19,20130
2013-01-31 14:00:00,92.19,92.33,92.04,92.12,35656
2013-01-31 14:15:00,92.12,92.28,92.1,92.27,37878
2013-01-31 14:30:00,92.27,92.27,92.1401,92.18,14068
2013-01-31 14:45:00,92.18,92.55,92.17,92.52,63693
2013-01-31 15:00:00,92.55,92.61,92.5,92.515,68695
2013-01-31 15:15:00,92.51,92.53,92.42,92.42,58498
2013-01-31 15:30:00,92.43,92.57,92.37,92.48,45868
2013-01-31 15:45:00,92.44,92.77,92.4,92.75,57816
2013-01-31 16:00:00,92.75,92.8,92.29,92.67,189733
2013-02-01 09:45:00,92.86,93.35,92.74,92.74,50159
2013-02-01 10:00:00,92.86,93.12,92.61,92.73,66938
2013-02-01 10:15:00,92.74,93.64,92.74,93.51,64166
2013-02-01 10:30:00,93.53,93.64,93.07,93.145,53755
2013-02-01 10:45:00,93.14,93.4099,92.84,92.84,40438
2013-02-01 11:00:00,92.84,93.185,92.83,93.15,53700
2013-02-01 11:15:00,93.15,93.48,93.09,93.21,32780
2013-02-01 11:30:00,93.24,93.56,93.19,93.5,49200
2013-02-01 11:45:00,93.48,93.7,93.345,93.58,34809
2013-02-01 12:00:00,93.5725,93.8,93.4,93.8,29772
2013-02-01 12:15:00,93.79,93.89,93.71,93.89,35214
2013-02-01 12:30:00,93.9,93.9,93.75,93.8,43777
2013-02-01 12:45:00,93.8,93.99,93.55,93.665,36680
2013-02-01 13:00:00,93.66,93.66,93.49,93.49,29881
2013-02-01 13:15:00,93.48,93.59,93.352,93.52,16412
2013-02-01 13:30:00,93.52,93.52,93.2575,93.43,14555
2013-02-01 13:45:00,93.45,93.52,93.41,93.5,21504
2013-02-01 14:00:00,93.5,93.51,93.37,93.4,23928
2013-02-01 14:15:00,93.35,93.54,93.34,93.39,22622
2013-02-01 14:30:00,93.4,93.62,93.3979,93.51,18238
2013-02-01 14:45:00,93.515,93.58,93.46,93.5499,13400
2013-02-01 15:00:00,93.54,93.55,93.32,93.34,25391
2013-02-01 15:15:00,93.37,93.42,93.3,93.35,36418
2013-02-01 15:30:00,93.36,93.39,93.23100000000001,93.26,31736
2013-02-01 15:45:00,93.26,93.41,93.21,93.35,64354
2013-02-01 16:00:00,93.36,93.44,93.27,93.37,73647
2013-02-04 09:45:00,93.31,93.47,93.0,93.32,86739
2013-02-04 10:00:00,93.31,93.45,93.09,93.43,46229
2013-02-04 10:15:00,93.405,93.59,93.22,93.33,44720
2013-02-04 10:30:00,93.37,93.38,93.05,93.14,32689
2013-02-04 10:45:00,93.1,93.11,92.86,92.98,47763
2013-02-04 11:00:00,92.97,93.235,92.84,93.17,89255
2013-02-04 11:15:00,93.16,93.18,92.98,93.17,19516
2013-02-04 11:30:00,93.17,93.289,92.83,92.87,17841
2013-02-04 11:45:00,92.8,92.91,92.56,92.6,40752
2013-02-04 12:00:00,92.6,92.7,92.55,92.56,23810
2013-02-04 12:15:00,92.57,92.65,92.5,92.59,14287
2013-02-04 12:30:00,92.61,92.81,92.6,92.78,21517
2013-02-04 12:45:00,92.79,92.895,92.68,92.78,39562
2013-02-04 13:00:00,92.79,92.88,92.72,92.75,31256
2013-02-04 13:15:00,92.75,92.76,92.63,92.645,17162
2013-02-04 13:30:00,92.66,92.69,92.48,92.52,14993
2013-02-04 13:45:00,92.48,92.48,92.3,92.37,19710
2013-02-04 14:00:00,92.36,92.55,92.21,92.55,21360
2013-02-04 14:15:00,92.53,92.81,92.45,92.71,37945
2013-02-04 14:30:00,92.71,92.76,92.48,92.53,17411
2013-02-04 14:45:00,92.49,92.58,92.402,92.52,25628
2013-02-04 15:00:00,92.51,92.61,92.45,92.59,49172
2013-02-04 15:15:00,92.6,92.65,92.54,92.6,27360
2013-02-04 15:30:00,92.63,92.9,92.605,92.85,36941
2013-02-04 15:45:00,92.83,92.95,92.7376,92.82,77533
2013-02-04 16:00:00,92.82,92.86,92.54,92.65,92247
2013-02-05 09:45:00,93.19,93.19,92.59,92.9,103153
2013-02-05 10:00:00,92.88,93.54,92.86,93.2099,93143
2013-02-05 10:15:00,93.16,93.72,93.0,93.13,52043
2013-02-05 10:30:00,93.13,93.37,92.98,93.08,45155
2013-02-05 10:45:00,93.08,93.4,92.9201,93.27,20970
2013-02-05 11:00:00,93.27,93.38,93.06,93.06,20498
2013-02-05 11:15:00,93.07,93.16,92.795,93.1,91134
2013-02-05 11:30:00,93.09,93.25,93.04,93.15,28392
2013-02-05 11:45:00,93.14,93.28,92.925,92.98,52082
2013-02-05 12:00:00,92.93,93.09,92.905,92.92,20770
2013-02-05 12:15:00,92.9,93.25,92.88,93.21,11100
2013-02-05 12:30:00,93.195,93.28,93.07,93.07,7650
2013-02-05 12:45:00,93.1,93.15,92.87,92.89,12146
2013-02-05 13:00:00,92.91,93.06,92.83,92.93,17775
2013-02-05 13:15:00,92.91,93.14,92.85,93.12,9343
2013-02-05 13:30:00,93.11,93.11,92.94,93.06,8200
2013-02-05 13:45:00,93.11,93.2,93.05,93.12,14552
2013-02-05 14:00:00,93.13,93.23,93.0,93.04,20583
2013-02-05 14:15:00,93.03,93.07,92.92,93.07,22524
2013-02-05 14:30:00,93.08,93.22,93.05,93.12899999999999,29488
2013-02-05 14:45:00,93.15,93.45,93.135,93.41,34037
2013-02-05 15:00:00,93.4,93.48,93.35,93.36,29258
2013-02-05 15:15:00,93.35,93.47,93.3,93.4401,25190
2013-02-05 15:30:00,93.45,93.46,93.21,93.24,33802
2013-02-05 15:45:00,93.24,93.33,93.14,93.17,29979
2013-02-05 16:00:00,93.17,93.18,92.95,93.1,85969
2013-02-06 09:45:00,92.73,93.53,92.58,92.895,72859
2013-02-06 10:00:00,92.86,93.04,92.57,92.89,67491
2013-02-06 10:15:00,92.91,93.33,92.89,93.185,49953
2013-02-06 10:30:00,93.18,93.26,92.83,92.83,20511
2013-02-06 10:45:00,92.87,93.31,92.85,93.01,45886
2013-02-06 11:00:00,93.05,93.09,92.59,92.59,38866
2013-02-06 11:15:00,92.545,92.69,92.455,92.62,38954
2013-02-06 11:30:00,92.605,93.15,92.59,92.82600000000001,127432
2013-02-06 11:45:00,92.834,93.07,92.83,92.85,41506
2013-02-06 12:00:00,92.84,92.96,92.64,92.8,46811
2013-02-06 12:15:00,92.81,92.86,92.69,92.84,65443
2013-02-06 12:30:00,92.885,92.885,92.76,92.78,16678
2013-02-06 12:45:00,92.78,92.79,92.52,92.61,27303
2013-02-06 13:00:00,92.59,93.02799999999999,92.53,92.92,75695
2013-02-06 13:15:00,92.94,92.97,92.78,92.86,27991
2013-02-06 13:30:00,92.87,92.99,92.745,92.745,35313
2013-02-06 13:45:00,92.757,92.95,92.62,92.71,43089
2013-02-06 14:00:00,92.65,92.83,92.51,92.58,47891
2013-02-06 14:15:00,92.54,92.56,92.41,92.52,26110
2013-02-06 14:30:00,92.5,92.63,92.39,92.61,32972
2013-02-06 14:45:00,92.61,92.77,92.53,92.64,47864
2013-02-06 15:00:00,92.69,92.7,92.58,92.69,22063
2013-02-06 15:15:00,92.7,92.78,92.66,92.72,29542
2013-02-06 15:30:00,92.73,92.73,92.595,92.62,51062
2013-02-06 15:45:00,92.61,92.64,92.52,92.535,65799
2013-02-06 16:00:00,92.535,92.69,92.49,92.6,155693
2013-02-07 09:45:00,100.0,102.77,99.225,101.66,809478
2013-02-07 10:00:00,101.665,101.7053,100.21,100.29,259017
2013-02-07 10:15:00,100.42,102.03,100.31,101.205,208038
2013-02-07 10:30:00,101.215,101.58,101.00399999999999,101.53,200482
2013-02-07 10:45:00,101.52,101.53,100.6517,100.7,156935
2013-02-07 11:00:00,100.68,101.64,100.68,101.59,170096
2013-02-07 11:15:00,101.57,102.3,101.19,101.92,236174
2013-02-07 11:30:00,101.92,101.97,101.4002,101.4002,93624
2013-02-07 11:45:00,101.42,101.78,100.47,100.5,126735
2013-02-07 12:00:00,100.5,101.3,100.3,101.27,143272
2013-02-07 12:15:00,101.25,101.85,101.24,101.7501,81500
2013-02-07 12:30:00,101.76,101.78,101.29,101.365,91250
2013-02-07 12:45:00,101.38,101.38,100.6405,100.91,70689
2013-02-07 13:00:00,100.9295,101.05,100.74,100.75,63681
2013-02-07 13:15:00,100.75,100.78,100.44,100.6,59123
2013-02-07 13:30:00,100.63,100.79,100.37,100.6,58231
2013-02-07 13:45:00,100.61,100.64,100.04,100.09,65588
2013-02-07 14:00:00,100.1,100.68,99.92,100.46,165640
2013-02-07 14:15:00,100.4601,100.63,99.94,100.046,108299
2013-02-07 14:30:00,100.05,100.17,99.8,100.04,227102
2013-02-07 14:45:00,100.04,100.07,99.91,99.9601,143194
2013-02-07 15:00:00,100.0,100.16,99.89,99.985,122475
2013-02-07 15:15:00,100.0,100.11,99.82,100.0,154852
2013-02-07 15:30:00,100.04,100.08,99.9,100.01,133253
2013-02-07 15:45:00,100.01,100.32,99.75,100.29,213643
2013-02-07 16:00:00,100.29,100.39,99.95,100.05,448879
2013-02-08 09:45:00,100.66,102.4,100.64,101.9,230003
2013-02-08 10:00:00,101.945,102.07,101.56,101.97,112991
2013-02-08 10:15:00,101.98,102.8,101.86,102.64,162797
2013-02-08 10:30:00,102.66,103.16,102.66,102.93,159868
2013-02-08 10:45:00,102.96,103.11,102.39,102.4,128165
2013-02-08 11:00:00,102.43,103.09,102.39,103.09,56913
2013-02-08 11:15:00,103.08,103.4,103.055,103.3933,70452
2013-02-08 11:30:00,103.39,103.66,103.221,103.49,77359
2013-02-08 11:45:00,103.48,103.49,102.4,102.66,128277
2013-02-08 12:00:00,102.66,102.75,101.98,102.125,99916
2013-02-08 12:15:00,102.14,102.5971,102.1,102.34,34177
2013-02-08 12:30:00,102.23,102.72,102.09,102.19,39687
2013-02-08 12:45:00,102.13,102.5,102.1,102.17,29612
2013-02-08 13:00:00,102.19,102.38,101.92,102.13,33463
2013-02-08 13:15:00,102.2,102.28,101.79,102.0,38387
2013-02-08 13:30:00,102.0,102.21,101.89,102.05,29427
2013-02-08 13:45:00,102.01,102.14,101.97,102.0,47213
2013-02-08 14:00:00,101.98,102.225,101.74,102.16,54459
2013-02-08 14:15:00,102.165,102.33,102.15,102.292,60694
2013-02-08 14:30:00,102.29,102.32,101.87,101.89,38489
2013-02-08 14:45:00,101.91,101.96,101.85,101.87,19513
2013-02-08 15:00:00,101.91,101.91,101.53,101.631,37473
2013-02-08 15:15:00,101.63,101.77,101.55,101.6699,67617
2013-02-08 15:30:00,101.63,101.7466,101.54,101.7466,72938
2013-02-08 15:45:00,101.73,101.74,101.55,101.67,124784
2013-02-08 16:00:00,101.67,101.92,101.54,101.56,247994
2013-02-11 09:45:00,101.68,102.31,101.0,101.625,175011
2013-02-11 10:00:00,101.64,101.75,101.45,101.705,93331
2013-02-11 10:15:00,101.7,102.28,101.57,102.05,72135
2013-02-11 10:30:00,102.04,102.49,101.87,101.91,93014
2013-02-11 10:45:00,101.85,102.15,101.81,102.15,50950
2013-02-11 11:00:00,102.19,102.19,101.82,102.14,60939
2013-02-11 11:15:00,102.14,102.49,102.14,102.48,21671
2013-02-11 11:30:00,102.5,102.73,102.47,102.69,34219
2013-02-11 11:45:00,102.69,102.8,102.60600000000001,102.68,24197
2013-02-11 12:00:00,102.7,102.87,102.6,102.67,28556
2013-02-11 12:15:00,102.69,102.75,102.475,102.67,28450
2013-02-11 12:30:00,102.62,102.7,102.43,102.55,27038
2013-02-11 12:45:00,102.56,102.7,102.49,102.62,21300
2013-02-11 13:00:00,102.64,102.73,102.61,102.68,12812
2013-02-11 13:15:00,102.69,102.75,102.65,102.7,44515
2013-02-11 13:30:00,102.695,102.75,102.65,102.71,14980
2013-02-11 13:45:00,102.74,102.74,102.44,102.51,46075
2013-02-11 14:00:00,102.51,102.54,102.25,102.5,38162
2013-02-11 14:15:00,102.47,102.55,102.445,102.47,54838
2013-02-11 14:30:00,102.47,102.53,102.43,102.46,42149
2013-02-11 14:45:00,102.45,102.5,102.19,102.32,77490
2013-02-11 15:00:00,102.35,102.49,102.34,102.49,11927
2013-02-11 15:15:00,102.46,102.49,102.1901,102.3,23257
2013-02-11 15:30:00,102.2301,102.36,102.2301,102.27,20419
2013-02-11 15:45:00,102.28,102.5,102.25,102.43,43586
2013-02-11 16:00:00,102.45,102.56,102.39,102.45,93244
2013-02-12 09:45:00,102.05,102.34,101.71,102.0801,34435
2013-02-12 10:00:00,102.13,102.25,102.085,102.13,22125
2013-02-12 10:15:00,102.12,102.23,101.87,101.89,31995
2013-02-12 10:30:00,101.89,101.90899999999999,101.75,101.89,25599
2013-02-12 10:45:00,101.93,102.2,101.77,102.17,18684
2013-02-12 11:00:00,102.15,102.15,101.96,102.04,37063
2013-02-12 11:15:00,102.08,102.15,101.59,101.615,48875
2013-02-12 11:30:00,101.66,101.68,101.21,101.26,72972
2013-02-12 11:45:00,101.25,101.335,101.1,101.18,51043
2013-02-12 12:00:00,101.16,101.3,101.0329,101.23,72812
2013-02-12 12:15:00,101.24,101.35,101.04,101.102,36092
2013-02-12 12:30:00,101.155,101.19,101.02,101.18,33965
2013-02-12 12:45:00,101.18,101.47,101.14,101.31,30373
2013-02-12 13:00:00,101.31,101.48,101.27,101.42,23985
2013-02-12 13:15:00,101.45,101.61,101.39,101.485,31101
2013-02-12 13:30:00,101.47,101.52,101.36,101.4,21278
2013-02-12 13:45:00,101.45,101.45,101.11,101.135,26650
2013-02-12 14:00:00,101.13,101.13,100.89,100.915,29558
2013-02-12 14:15:00,100.91,100.995,100.73,100.98,46039
2013-02-12 14:30:00,100.99,101.3,100.97,101.28,45447
2013-02-12 14:45:00,101.28,101.395,101.21,101.27,36151
2013-02-12 15:00:00,101.29,101.355,101.26,101.29,38319
2013-02-12 15:15:00,101.25,101.43,101.24,101.4,38726
2013-02-12 15:30:00,101.39,101.52,101.39,101.48,33519
2013-02-12 15:45:00,101.47,101.7,101.44,101.52,58919
2013-02-12 16:00:00,101.5258,101.61,101.43,101.55,70279
2013-02-13 09:45:00,101.49,103.13,101.29,103.13,80485
2013-02-13 10:00:00,103.08,103.15,102.0201,102.7197,38693
2013-02-13 10:15:00,102.7199,102.7199,102.325,102.5,31190
2013-02-13 10:30:00,102.51,102.59,102.383,102.52,40909
2013-02-13 10:45:00,102.48,102.58,102.24,102.34,23923
2013-02-13 11:00:00,102.35,102.36,102.11,102.13,21617
2013-02-13 11:15:00,102.17,102.17,101.90299999999999,101.94,24278
2013-02-13 11:30:00,101.95,101.95,101.58,101.83,23823
2013-02-13 11:45:00,101.84,102.07,101.83,101.99,15042
2013-02-13 12:00:00,102.0,102.22,102.0,102.15,20024
2013-02-13 12:15:00,102.16,102.17,102.0,102.1,8410
2013-02-13 12:30:00,102.06,102.21,102.06,102.1,31009
2013-02-13 12:45:00,102.1,102.1,101.9,102.06,18688
2013-02-13 13:00:00,102.08,102.13,102.02,102.09,16531
2013-02-13 13:15:00,102.03,102.16,102.0,102.16,21455
2013-02-13 13:30:00,102.15,102.2799,102.13,102.25,12780
2013-02-13 13:45:00,102.22,102.43,102.2,102.33,9512
2013-02-13 14:00:00,102.38,102.745,102.34,102.69,65629
2013-02-13 14:15:00,102.69,102.92,102.63,102.82,61269
2013-02-13 14:30:00,102.79,102.835,102.56,102.59,102598
2013-02-13 14:45:00,102.605,102.605,102.265,102.285,51389
2013-02-13 15:00:00,102.28,102.3,102.13,102.15,16089
2013-02-13 15:15:00,102.13,102.17,101.89,101.99,57120
2013-02-13 15:30:00,101.99,102.1,101.955,102.07,43473
2013-02-13 15:45:00,102.08,102.12,101.96,101.98,32462
2013-02-13 16:00:00,101.98,102.12,101.89,102.0,66998
2013-02-14 09:45:00,101.6,102.24,101.26,101.81,25568
2013-02-14 10:00:00,101.69,101.97,101.47,101.53,25389
2013-02-14 10:15:00,101.5,101.82,101.34,101.765,26132
2013-02-14 10:30:00,101.78,101.84,101.49,101.61,29481
2013-02-14 10:45:00,101.64,101.95,101.64,101.95,12630
2013-02-14 11:00:00,101.95,102.01,101.585,101.59,20803
2013-02-14 11:15:00,101.6,101.64,101.4199,101.42399999999999,33454
2013-02-14 11:30:00,101.43,101.755,101.43,101.57,15952
2013-02-14 11:45:00,101.56,101.64,101.36,101.64,106468
2013-02-14 12:00:00,101.65,102.055,101.625,101.93,61567
2013-02-14 12:15:00,101.96,101.97,101.715,101.775,49092
2013-02-14 12:30:00,101.785,101.885,101.73,101.8,9584
2013-02-14 12:45:00,101.74,101.77,101.53,101.66,10115
2013-02-14 13:00:00,101.66,101.67,101.49,101.62,9777
2013-02-14 13:15:00,101.63,101.88,101.61,101.74799999999999,17743
2013-02-14 13:30:00,101.76,101.8899,101.76,101.86,17918
2013-02-14 13:45:00,101.87,101.88,101.68,101.85,7114
2013-02-14 14:00:00,101.82,101.85,101.59,101.6,29095
2013-02-14 14:15:00,101.585,101.85,101.5,101.83,69721
2013-02-14 14:30:00,101.84,101.99,101.78,101.98,36602
2013-02-14 14:45:00,101.95,102.11,101.93,102.05,48265
2013-02-14 15:00:00,102.05,102.05,101.835,101.89,20423
2013-02-14 15:15:00,101.9,101.98,101.89,101.95,16017
2013-02-14 15:30:00,101.94,101.95,101.62,101.66,43697
2013-02-14 15:45:00,101.65,101.84,101.62,101.62,67018
2013-02-14 16:00:00,101.62,101.79,101.53,101.69,161426
2013-02-15 09:45:00,101.91,102.23,101.75,101.91,110496
2013-02-15 10:00:00,102.0,102.10600000000001,101.74,101.8,16027
2013-02-15 10:15:00,101.82,101.89,101.52,101.58,14250
2013-02-15 10:30:00,101.61,101.78,101.59,101.72,9900
2013-02-15 10:45:00,101.7,101.75,101.5,101.54,23109
2013-02-15 11:00:00,101.57,101.9,101.44,101.9,38757
2013-02-15 11:15:00,101.84,101.99,101.79,101.97,25917
2013-02-15 11:30:00,101.98,102.18,101.93,102.12,16652
2013-02-15 11:45:00,102.12,102.41,102.12,102.26,26551
2013-02-15 12:00:00,102.24,102.49,102.24,102.49,21430
2013-02-15 12:15:00,102.5,102.62,102.26,102.33,67158
2013-02-15 12:30:00,102.4,102.43,102.22,102.37,11100
2013-02-15 12:45:00,102.44,102.59,102.36,102.53,10339
2013-02-15 13:00:00,102.55,102.61,102.11,102.13,84622
2013-02-15 13:15:00,102.19,102.37,102.13,102.23,14839
2013-02-15 13:30:00,102.26,102.41,102.25,102.25,38192
2013-02-15 13:45:00,102.31,102.54,102.28,102.51,33965
2013-02-15 14:00:00,102.58,102.775,102.535,102.63,21275
2013-02-15 14:15:00,102.61,102.67,101.72,101.745,76149
2013-02-15 14:30:00,101.72,101.73,100.42,100.54,55420
2013-02-15 14:45:00,100.6,101.3,100.6,100.94,29562
2013-02-15 15:00:00,100.95,101.35,100.815,101.29,21860
2013-02-15 15:15:00,101.31,101.46,101.24,101.46,25705
2013-02-15 15:30:00,101.46,101.58,101.37,101.5599,49094
2013-02-15 15:45:00,101.54,101.56,101.25,101.33,38422
2013-02-15 16:00:00,101.37,101.48,101.25,101.32,79105
2013-02-19 09:45:00,100.97,101.95,100.97,101.56,98220
2013-02-19 10:00:00,101.51,101.97,101.4,101.91,29154
2013-02-19 10:15:00,101.85,102.2,101.63,101.895,32269
2013-02-19 10:30:00,101.885,102.14,101.885,101.99,39034
2013-02-19 10:45:00,102.0,102.06,101.86,101.91,21350
2013-02-19 11:00:00,101.9,101.97,101.6,101.76,20568
2013-02-19 11:15:00,101.8,101.9,101.42,101.52,50836
2013-02-19 11:30:00,101.475,101.76,101.42,101.75,23668
2013-02-19 11:45:00,101.74,101.825,101.61,101.73,48087
2013-02-19 12:00:00,101.73,102.3,101.72,102.3,22469
2013-02-19 12:15:00,102.26,102.26,101.9,102.16,16795
2013-02-19 12:30:00,102.12,102.31,101.94,102.02,22070
2013-02-19 12:45:00,102.01,102.025,101.9,102.02,7374
2013-02-19 13:00:00,101.97,101.97,101.8501,101.89,16329
2013-02-19 13:15:00,101.9,101.99,101.8201,101.91,20841
2013-02-19 13:30:00,101.9,101.9,101.72,101.79,52036
2013-02-19 13:45:00,101.75,101.77,101.64,101.75,13294
2013-02-19 14:00:00,101.75,101.86,101.59,101.8,15020
2013-02-19 14:15:00,101.79,101.98,101.77,101.89,13967
2013-02-19 14:30:00,101.88,102.18,101.84,102.1533,13920
2013-02-19 14:45:00,102.19,102.2,102.1,102.15,12586
2013-02-19 15:00:00,102.13,102.15,101.87,101.88,69925
2013-02-19 15:15:00,101.87,102.08,101.85,102.04,15414
2013-02-19 15:30:00,102.05,102.05,101.8601,101.88,12904
2013-02-19 15:45:00,101.86,102.0,101.84,101.93,26186
2013-02-19 16:00:00,101.98,102.16,101.92,102.16,48700
2013-02-20 09:45:00,102.17,102.17,101.64,101.69,41903
2013-02-20 10:00:00,101.64,101.77,101.36,101.45,21064
2013-02-20 10:15:00,101.42,101.78,101.38,101.75,18292
2013-02-20 10:30:00,101.69,102.05,101.61,102.04,53539
2013-02-20 10:45:00,102.01,102.29,101.99,102.24,33653
2013-02-20 11:00:00,102.23,102.31,102.2,102.275,17711
2013-02-20 11:15:00,102.23,102.35,101.91,101.95,57513
2013-02-20 11:30:00,101.92,102.02,101.67,101.82,45546
2013-02-20 11:45:00,101.85,102.06,101.555,101.71,41380
2013-02-20 12:00:00,101.78,102.0,101.68,101.96,21195
2013-02-20 12:15:00,102.0,102.15,101.81,101.86,17032
2013-02-20 12:30:00,101.87,102.02,101.765,101.814,29579
2013-02-20 12:45:00,101.87,102.04,101.82,101.86,12844
2013-02-20 13:00:00,101.86,101.9,101.71,101.82,19985
2013-02-20 13:15:00,101.79,101.79,101.57,101.73,9453
2013-02-20 13:30:00,101.71,101.97,101.65,101.96,24661
2013-02-20 13:45:00,101.96,102.05,101.93,102.05,9756
2013-02-20 14:00:00,102.05,102.13,101.99,102.06,8616
2013-02-20 14:15:00,102.06,102.08,101.61,101.675,53997
2013-02-20 14:30:00,101.65,101.8,101.52,101.6,23314
2013-02-20 14:45:00,101.58,101.64,101.4,101.51,25448
2013-02-20 15:00:00,101.51,101.54,101.17,101.3801,28788
2013-02-20 15:15:00,101.39,101.5299,101.2,101.37,29209
2013-02-20 15:30:00,101.37,101.58,101.28,101.29,28274
2013-02-20 15:45:00,101.27,101.59,101.26,101.35,37537
2013-02-20 16:00:00,101.37,101.47,101.27,101.29,69890
2013-02-21 09:45:00,101.08,101.23200000000001,100.86,100.88,25015
2013-02-21 10:00:00,100.88,101.25,100.61,101.2,68709
2013-02-21 10:15:00,101.1,101.64,100.87,101.2,69178
2013-02-21 10:30:00,101.17,101.53,100.95,101.49,64523
2013-02-21 10:45:00,101.53,101.928,101.45,101.78,55904
2013-02-21 11:00:00,101.78,101.9,101.56,101.77,69622
2013-02-21 11:15:00,101.77,101.81,101.52,101.69,62721
2013-02-21 11:30:00,101.6701,101.82,101.56,101.67,62217
2013-02-21 11:45:00,101.66,101.68,101.3201,101.37,74437
2013-02-21 12:00:00,101.38,101.59,101.23,101.54,36239
2013-02-21 12:15:00,101.54,101.54,101.28,101.29,12698
2013-02-21 12:30:00,101.27,101.27,100.89,101.13,20724
2013-02-21 12:45:00,101.14,101.15,100.895,100.935,15113
2013-02-21 13:00:00,100.97,101.08,100.905,100.965,17158
2013-02-21 13:15:00,100.99,101.02,100.66,100.68,20103
2013-02-21 13:30:00,100.7,100.87,100.69,100.76,14761
2013-02-21 13:45:00,100.8,100.98,100.79,100.91,55305
2013-02-21 14:00:00,100.92,100.99,100.63,100.95,25391
2013-02-21 14:15:00,100.94,101.14,100.9,101.1,36909
2013-02-21 14:30:00,101.1,101.18,101.01,101.18,18802
2013-02-21 14:45:00,101.17,101.32,101.08,101.21,23135
2013-02-21 15:00:00,101.23,101.34,101.04,101.26,10500
2013-02-21 15:15:00,101.29,101.29,101.03,101.17,21173
2013-02-21 15:30:00,101.22,101.2399,101.0,101.15,24042
2013-02-21 15:45:00,101.16,101.215,100.93,101.0654,56407
2013-02-21 16:00:00,101.055,101.14,100.725,100.77,78897
2013-02-22 09:45:00,101.41,101.48,100.71,101.41,81293
2013-02-22 10:00:00,101.37,102.071,101.3,101.96,108396
2013-02-22 10:15:00,101.96,102.19,101.78,102.04,40624
2013-02-22 10:30:00,102.0,102.08,101.63,101.79,74022
2013-02-22 10:45:00,101.79,102.2,101.77,101.97,41921
2013-02-22 11:00:00,101.95,102.08,101.71,101.71,46385
2013-02-22 11:15:00,101.69,101.81,101.44,101.5399,17458
2013-02-22 11:30:00,101.54,101.96,101.54,101.94,26482
2013-02-22 11:45:00,101.96,102.01,101.78,101.82,22338
2013-02-22 12:00:00,101.81,102.07,101.76,101.94,22320
2013-02-22 12:15:00,101.955,102.02,101.75,101.77,41001
2013-02-22 12:30:00,101.77,101.86,101.58,101.74,27149
2013-02-22 12:45:00,101.71,101.92,101.7,101.87,16025
2013-02-22 13:00:00,101.88,102.24,101.87,102.22,19838
2013-02-22 13:15:00,102.205,102.25,102.01,102.01,19976
2013-02-22 13:30:00,102.02,102.14,101.66,101.66,27548
2013-02-22 13:45:00,101.6699,102.02,101.63,101.98,21500
2013-02-22 14:00:00,101.98,102.11,101.95,102.07,17247
2013-02-22 14:15:00,102.085,102.125,101.91,102.06,13053
2013-02-22 14:30:00,102.07,102.145,101.97,102.13,12125
2013-02-22 14:45:00,102.14,102.245,102.14,102.21,18512
2013-02-22 15:00:00,102.21,102.29,102.16,102.21,15212
2013-02-22 15:15:00,102.195,102.31,102.14,102.14,17720
2013-02-22 15:30:00,102.15,102.15,101.96,102.0,24416
2013-02-22 15:45:00,102.01,102.24,101.95,102.23,51790
2013-02-22 16:00:00,102.23,102.28,102.15,102.24,77086
2013-02-25 09:45:00,102.55,103.0,102.12100000000001,102.74,121346
2013-02-25 10:00:00,102.6,103.0,102.5,102.8,114027
2013-02-25 10:15:00,102.85,103.43,102.73,103.14,101960
2013-02-25 10:30:00,103.18,103.27,102.6332,102.6332,45256
2013-02-25 10:45:00,102.65,103.25,102.57,103.22,69794
2013-02-25 11:00:00,103.17,103.695,103.12,103.57,78108
2013-02-25 11:15:00,103.55,103.63,101.99,102.13,108313
2013-02-25 11:30:00,102.13,102.49,101.81,102.06,49646
2013-02-25 11:45:00,102.13,102.1499,101.89,101.971,25148
2013-02-25 12:00:00,102.0,102.07,101.84,102.0,20851
2013-02-25 12:15:00,101.98,102.16,101.911,102.15,21873
2013-02-25 12:30:00,102.14,102.31,102.0,102.2,29897
2013-02-25 12:45:00,102.15,102.2,101.76,102.05,91488
2013-02-25 13:00:00,101.99,102.41,101.99,102.41,27388
2013-02-25 13:15:00,102.33,102.47,102.14,102.46,15992
2013-02-25 13:30:00,102.4,102.4,102.06,102.18,32742
2013-02-25 13:45:00,102.16,102.165,101.83,101.96,21143
2013-02-25 14:00:00,102.03,102.13,101.94,102.11,26986
2013-02-25 14:15:00,102.1,102.22,101.9,102.05,28012
2013-02-25 14:30:00,101.99,102.24,101.81,102.24,48676
2013-02-25 14:45:00,102.3,102.63,102.21,102.352,86604
2013-02-25 15:00:00,102.33,102.33,101.68,101.99,49047
2013-02-25 15:15:00,101.98,102.06,101.75,101.97,29624
2013-02-25 15:30:00,101.89,102.05,101.85,101.9599,20302
2013-02-25 15:45:00,101.93,102.03,101.79,101.94,40011
2013-02-25 16:00:00,101.92,102.01,101.17,101.29,136790
2013-02-26 09:45:00,101.35,103.0,101.35,102.66,92649
2013-02-26 10:00:00,102.6,102.67,101.8,101.9,53045
2013-02-26 10:15:00,101.97,102.64,101.8,102.06,112377
2013-02-26 10:30:00,102.06,102.45,101.83,102.155,58024
2013-02-26 10:45:00,102.0901,102.23,101.62,101.82,66561
2013-02-26 11:00:00,101.76,101.91,101.05,101.25,61156
2013-02-26 11:15:00,101.14,101.17,100.55,100.6,39443
2013-02-26 11:30:00,100.64,100.95,100.61,100.74,22346
2013-02-26 11:45:00,100.7,101.18,100.55,100.77,47349
2013-02-26 12:00:00,100.75,101.1,100.66,101.08,68548
2013-02-26 12:15:00,101.1,101.33,101.02,101.23,18164
2013-02-26 12:30:00,101.33,101.67,101.22,101.57,29142
2013-02-26 12:45:00,101.55,101.94,101.41,101.53,48370
2013-02-26 13:00:00,101.45,101.71,101.21,101.41,36876
2013-02-26 13:15:00,101.38,101.62,101.19,101.23,31659
2013-02-26 13:30:00,101.255,101.61,101.24,101.44,46080
2013-02-26 13:45:00,101.41,101.55,101.32,101.46,9385
2013-02-26 14:00:00,101.46,101.58,101.32,101.58,15067
2013-02-26 14:15:00,101.56,101.92,101.56,101.9,19972
2013-02-26 14:30:00,101.88,101.93,101.67,101.8,11690
2013-02-26 14:45:00,101.8,101.89,101.42,101.5,103760
2013-02-26 15:00:00,101.5,101.74,101.5,101.68,14654
2013-02-26 15:15:00,101.65,101.82,101.58,101.76,23344
2013-02-26 15:30:00,101.75,101.82,101.59,101.82,17170
2013-02-26 15:45:00,101.85,101.86,101.58,101.79,24709
2013-02-26 16:00:00,101.76,101.91,101.65,101.76,59858
2013-02-27 09:45:00,101.74,101.89,101.14,101.52,42603
2013-02-27 10:00:00,101.6,101.88,101.28,101.28,38836
2013-02-27 10:15:00,101.3,101.61,101.14,101.17,56137
2013-02-27 10:30:00,101.22,101.87,101.01,101.69,38487
2013-02-27 10:45:00,101.69,102.43,101.69,102.25,27661
2013-02-27 11:00:00,102.24,102.3,102.01,102.21,62310
2013-02-27 11:15:00,102.26,102.58,102.165,102.4,35865
2013-02-27 11:30:00,102.36,102.48,102.15,102.24,14538
2013-02-27 11:45:00,102.25,102.4,102.08,102.12,32995
2013-02-27 12:00:00,102.126,102.22,101.9,101.945,22821
2013-02-27 12:15:00,101.93,102.19,101.855,102.11,24257
2013-02-27 12:30:00,102.07,102.58,102.07,102.41,19535
2013-02-27 12:45:00,102.44,102.7,102.44,102.59,65030
2013-02-27 13:00:00,102.59,102.59,102.43,102.51,30894
2013-02-27 13:15:00,102.49,102.49,102.19,102.29,35067
2013-02-27 13:30:00,102.3,102.46,102.17,102.34,10289
2013-02-27 13:45:00,102.4,102.49,102.3201,102.35,15974
2013-02-27 14:00:00,102.36,102.39,102.25,102.33,12526
2013-02-27 14:15:00,102.34,102.4,102.21,102.33,10915
2013-02-27 14:30:00,102.35,102.48,102.29,102.39,27008
2013-02-27 14:45:00,102.4,102.62,102.36,102.55,9245
2013-02-27 15:00:00,102.56,102.72,102.55,102.64,12939
2013-02-27 15:15:00,102.65,102.79,102.6,102.74,27985
2013-02-27 15:30:00,102.73,102.77,102.59,102.67,31017
2013-02-27 15:45:00,102.68,102.69,102.43,102.48,45297
2013-02-27 16:00:00,102.48,102.57,102.21,102.25,91273
2013-02-28 09:45:00,102.12,102.63,102.08,102.28,22033
2013-02-28 10:00:00,102.32,102.62,102.19,102.37,138368
2013-02-28 10:15:00,102.476,102.66,102.31,102.45,17246
2013-02-28 10:30:00,102.45,102.58,102.32,102.42,38694
2013-02-28 10:45:00,102.43,102.43,102.19,102.315,24023
2013-02-28 11:00:00,102.398,102.43,102.15,102.23,55106
2013-02-28 11:15:00,102.21,102.84,102.18,102.76,29137
2013-02-28 11:30:00,102.74,102.84,102.62,102.79,16419
2013-02-28 11:45:00,102.81,102.83,102.6001,102.77,33070
2013-02-28 12:00:00,102.775,103.0,102.7,102.94,31379
2013-02-28 12:15:00,102.95,103.12,102.91,102.92,24516
2013-02-28 12:30:00,102.98,103.056,102.9,103.056,19651
2013-02-28 12:45:00,103.035,103.08,102.88,103.04,32381
2013-02-28 13:00:00,103.04,103.04,102.6301,102.6301,12279
2013-02-28 13:15:00,102.6,102.78,102.56,102.59,65781
2013-02-28 13:30:00,102.633,102.9,102.52,102.86,20583
2013-02-28 13:45:00,102.89,102.89,102.6101,102.705,15772
2013-02-28 14:00:00,102.7,102.78,102.68,102.72,13707
2013-02-28 14:15:00,102.72,102.76,102.68,102.7,22224
2013-02-28 14:30:00,102.71,102.71,102.62,102.69,22447
2013-02-28 14:45:00,102.69,102.72,102.51,102.58,26509
2013-02-28 15:00:00,102.565,102.59,102.46,102.5101,30193
2013-02-28 15:15:00,102.54,102.58,102.44,102.4599,25771
2013-02-28 15:30:00,102.45,102.45,102.23,102.24,62984
2013-02-28 15:45:00,102.26,102.35,102.21,102.25,61134
2013-02-28 16:00:00,102.26,102.26,101.66,101.74,309176
2013-03-01 09:45:00,100.68,101.98,100.68,101.76,100162
2013-03-01 10:00:00,101.77,102.11,101.4525,101.535,57226
2013-03-01 10:15:00,101.54,101.97,101.54,101.94,53368
2013-03-01 10:30:00,101.94,101.94,101.53,101.65,57921
2013-03-01 10:45:00,101.63,101.665,101.35,101.5875,59344
2013-03-01 11:00:00,101.561,101.78,101.39,101.75,47036
2013-03-01 11:15:00,101.8,101.91,101.58,101.58,37224
2013-03-01 11:30:00,101.59,101.71,101.48,101.49,56277
2013-03-01 11:45:00,101.52,101.7,101.42,101.44,33702
2013-03-01 12:00:00,101.45,101.62,101.37,101.61,35712
2013-03-01 12:15:00,101.6,101.81,101.56,101.74,31185
2013-03-01 12:30:00,101.75,101.98,101.75,101.92,46612
2013-03-01 12:45:00,101.9,102.22,101.885,102.175,53074
2013-03-01 13:00:00,102.2,102.32,102.14,102.27,29040
2013-03-01 13:15:00,102.27,102.31,101.96,102.12,28681
2013-03-01 13:30:00,102.08,102.24,101.98100000000001,102.205,29914
2013-03-01 13:45:00,102.205,102.32,102.12,102.18,38535
2013-03-01 14:00:00,102.17,102.33,102.08,102.23,46934
2013-03-01 14:15:00,102.24,102.52,102.24,102.52,41154
2013-03-01 14:30:00,102.52,102.8,102.52,102.56,50694
2013-03-01 14:45:00,102.59,102.79,102.59,102.68,42172
2013-03-01 15:00:00,102.68,102.78,102.515,102.59,38732
2013-03-01 15:15:00,102.59,102.74,102.51,102.67,42847
2013-03-01 15:30:00,102.67,102.8,102.56,102.71,48544
2013-03-01 15:45:00,102.71,102.83,102.7,102.71,67508
2013-03-01 16:00:00,102.72,102.86,102.47,102.62,126979
2013-03-04 09:45:00,102.67,103.86,102.34,103.81,64595
2013-03-04 10:00:00,103.88,104.26,103.75,103.88,86881
2013-03-04 10:15:00,103.93,103.94,103.579,103.6,43842
2013-03-04 10:30:00,103.61,103.95,103.3,103.59,97871
2013-03-04 10:45:00,103.58,103.87,103.58,103.75,32630
2013-03-04 11:00:00,103.7799,104.14,103.59,103.85,29037
2013-03-04 11:15:00,103.84,103.84,103.36,103.47,33704
2013-03-04 11:30:00,103.49,104.06,103.46,103.94,50153
2013-03-04 11:45:00,103.94,104.18,103.8,103.81,22553
2013-03-04 12:00:00,103.85,103.85,103.5,103.53,16769
2013-03-04 12:15:00,103.525,103.54,103.02,103.21,64184
2013-03-04 12:30:00,103.2,103.52,103.09,103.16,72471
2013-03-04 12:45:00,103.1,103.15,102.945,103.11,15728
2013-03-04 13:00:00,103.12,103.475,103.11,103.475,14726
2013-03-04 13:15:00,103.43,103.44,103.12,103.27799999999999,13971
2013-03-04 13:30:00,103.26,103.66,103.255,103.655,24924
2013-03-04 13:45:00,103.64,103.64,103.51,103.57,14714
2013-03-04 14:00:00,103.57,103.61,103.4101,103.42,22935
2013-03-04 14:15:00,103.4,103.48,103.27,103.47,44826
2013-03-04 14:30:00,103.47,103.47,103.3,103.3645,22565
2013-03-04 14:45:00,103.36,103.59,103.32,103.58,31091
2013-03-04 15:00:00,103.58,103.76,103.56,103.61,30419
2013-03-04 15:15:00,103.6,103.74,103.59,103.68,21569
2013-03-04 15:30:00,103.6999,103.72,103.51,103.56,27770
2013-03-04 15:45:00,103.57,103.62,103.41,103.445,44681
2013-03-04 16:00:00,103.46,103.62,103.33,103.62,161901
2013-03-05 09:45:00,104.0,104.44,103.81,104.14,80957
2013-03-05 10:00:00,104.19,104.52,104.07,104.396,80371
2013-03-05 10:15:00,104.41,104.64,104.31,104.36,68771
2013-03-05 10:30:00,104.36,104.43,104.21,104.37,41628
2013-03-05 10:45:00,104.37,104.67,104.32,104.62,40735
2013-03-05 11:00:00,104.66,104.66,103.87,103.92,36272
2013-03-05 11:15:00,103.93,104.03,103.78,103.99,29985
2013-03-05 11:30:00,103.97,104.04,103.775,103.93,29008
2013-03-05 11:45:00,103.95,104.01,103.86,103.99700000000001,56650
2013-03-05 12:00:00,104.01,104.4,104.01,104.21,23576
2013-03-05 12:15:00,104.19,104.698,104.19,104.6501,51630
2013-03-05 12:30:00,104.62,104.87,104.58,104.76,24130
2013-03-05 12:45:00,104.78,104.95,104.44,104.44,20131
2013-03-05 13:00:00,104.43,104.63,104.335,104.335,21965
2013-03-05 13:15:00,104.36,104.50200000000001,104.29,104.50200000000001,36874
2013-03-05 13:30:00,104.46,104.79,104.41,104.78,24762
2013-03-05 13:45:00,104.74,104.87,104.51,104.51,18555
2013-03-05 14:00:00,104.54,104.61,104.31,104.31,12149
2013-03-05 14:15:00,104.3,104.41,104.25,104.34,14037
2013-03-05 14:30:00,104.37,104.47,104.3,104.3,38519
2013-03-05 14:45:00,104.3,104.51,104.3,104.39,14350
2013-03-05 15:00:00,104.45,104.49,104.19,104.35,12638
2013-03-05 15:15:00,104.36,104.45,104.24,104.43,20895
2013-03-05 15:30:00,104.4,104.5,104.32,104.36,28448
2013-03-05 15:45:00,104.38,104.58,104.31,104.53,34334
2013-03-05 16:00:00,104.51,104.59,104.31,104.57,133929
2013-03-06 09:45:00,104.57,104.78,103.84,104.16,50876
2013-03-06 10:00:00,104.14,104.694,104.08,104.52,14739
2013-03-06 10:15:00,104.555,104.6399,104.41,104.47,18629
2013-03-06 10:30:00,104.49,104.56,104.28,104.3,18231
2013-03-06 10:45:00,104.3,104.434,104.2,104.225,25496
2013-03-06 11:00:00,104.245,104.28,104.055,104.055,18684
2013-03-06 11:15:00,104.04,104.1083,103.8901,103.94,14732
2013-03-06 11:30:00,103.94,103.96,103.79,103.79,14036
2013-03-06 11:45:00,103.79,103.85,103.72,103.73,17753
2013-03-06 12:00:00,103.745,103.8299,103.6,103.6,8021
2013-03-06 12:15:00,103.53,103.6199,103.415,103.5,13266
2013-03-06 12:30:00,103.55,103.61,103.315,103.36,24200
2013-03-06 12:45:00,103.37,103.78,103.37,103.76,7290
2013-03-06 13:00:00,103.76,103.78,103.52,103.52,7518
2013-03-06 13:15:00,103.535,103.62,103.5,103.59,5300
2013-03-06 13:30:00,103.5775,103.59,103.5,103.57,8526
2013-03-06 13:45:00,103.53,103.69,103.53,103.68,7513
2013-03-06 14:00:00,103.66,103.67,103.48,103.51,10269
2013-03-06 14:15:00,103.54,103.61,103.25,103.25,22188
2013-03-06 14:30:00,103.24,103.51,103.19,103.29,41142
2013-03-06 14:45:00,103.31,103.49,103.3,103.46,16279
2013-03-06 15:00:00,103.47,103.58,103.44,103.53,21377
2013-03-06 15:15:00,103.53,103.605,103.43,103.49,20351
2013-03-06 15:30:00,103.48,103.62,103.465,103.58,32635
2013-03-06 15:45:00,103.58,103.62,103.35,103.425,51364
2013-03-06 16:00:00,103.43,103.49,103.29,103.45,84254
2013-03-07 09:45:00,103.76,104.22,103.14,103.76,66610
2013-03-07 10:00:00,103.79,104.08,103.63,104.08,9535
2013-03-07 10:15:00,104.13,104.1799,103.91,104.05,42670
2013-03-07 10:30:00,104.05,104.35,104.0,104.27,36785
2013-03-07 10:45:00,104.35,104.51,104.29,104.48,16686
2013-03-07 11:00:00,104.48,104.56,104.27,104.56,33920
2013-03-07 11:15:00,104.49,104.85,104.42,104.85,19066
2013-03-07 11:30:00,104.8399,104.85,104.57,104.58,19348
2013-03-07 11:45:00,104.61,104.94,104.61,104.89,25215
2013-03-07 12:00:00,104.88,104.92,104.71,104.71,13289
2013-03-07 12:15:00,104.75,104.78,104.36,104.37,11507
2013-03-07 12:30:00,104.37,104.5,104.35,104.46,7860
2013-03-07 12:45:00,104.47,104.56,104.44,104.51,13670
2013-03-07 13:00:00,104.5,104.65,104.5,104.624,19712
2013-03-07 13:15:00,104.62,104.67,104.51,104.54,15020
2013-03-07 13:30:00,104.54,104.56,104.4,104.42,14001
2013-03-07 13:45:00,104.41,104.55,104.39,104.55,9460
2013-03-07 14:00:00,104.52,104.54,104.42,104.42,20954
2013-03-07 14:15:00,104.44,104.48,104.35,104.4,19491
2013-03-07 14:30:00,104.39,104.39,104.25,104.28,32298
2013-03-07 14:45:00,104.29,104.37,104.28,104.34299999999999,18474
2013-03-07 15:00:00,104.34,104.48,104.32,104.455,21197
2013-03-07 15:15:00,104.44,104.58,104.4,104.49,26414
2013-03-07 15:30:00,104.5,104.615,104.4,104.47,26897
2013-03-07 15:45:00,104.46,104.57,104.27,104.305,28565
2013-03-07 16:00:00,104.3,104.51,104.21,104.38,83024
2013-03-08 09:45:00,104.7,104.89,104.22,104.28,18975
2013-03-08 10:00:00,104.22,104.249,103.83,104.2,51640
2013-03-08 10:15:00,104.1999,104.24,104.0,104.08,12523
2013-03-08 10:30:00,104.11,104.18,104.03,104.11,15591
2013-03-08 10:45:00,104.09,104.23,104.05,104.125,13099
2013-03-08 11:00:00,104.14,104.16,103.96,103.98,17791
2013-03-08 11:15:00,103.96,104.35,103.77,104.35,27273
2013-03-08 11:30:00,104.33,104.39,104.2,104.3799,11200
2013-03-08 11:45:00,104.3799,104.51,104.3799,104.47,16445
2013-03-08 12:00:00,104.51,104.53,104.38,104.4,8675
2013-03-08 12:15:00,104.45,104.55,104.35,104.49,10792
2013-03-08 12:30:00,104.471,104.54,104.32,104.32,9010
2013-03-08 12:45:00,104.32,104.47,104.32,104.46,7731
2013-03-08 13:00:00,104.47,104.51,104.38,104.49,10321
2013-03-08 13:15:00,104.49,104.59,104.43,104.56,105495
2013-03-08 13:30:00,104.58,104.65,104.54,104.63,16306
2013-03-08 13:45:00,104.57,104.57,104.46,104.48,17345
2013-03-08 14:00:00,104.51,104.58,104.47,104.53,15381
2013-03-08 14:15:00,104.51,104.69,104.51,104.62,9958
2013-03-08 14:30:00,104.64,104.79,104.63,104.64,15155
2013-03-08 14:45:00,104.64,104.69,104.585,104.59,10800
2013-03-08 15:00:00,104.61,104.76,104.585,104.76,15296
2013-03-08 15:15:00,104.76,104.76100000000001,104.47,104.51,53389
2013-03-08 15:30:00,104.525,104.5799,104.445,104.53,21800
2013-03-08 15:45:00,104.54,104.79,104.54,104.74,22268
2013-03-08 16:00:00,104.74,104.89,104.63,104.7,58901
2013-03-11 09:45:00,104.38,104.6525,103.9,104.17,36232
2013-03-11 10:00:00,104.2,104.48,104.03,104.12,39771
2013-03-11 10:15:00,104.13,104.305,103.91,104.305,20010
2013-03-11 10:30:00,104.3,104.3,104.06,104.06,13059
2013-03-11 10:45:00,104.07,104.21,104.055,104.17,23869
2013-03-11 11:00:00,104.18,104.41,104.17,104.41,19607
2013-03-11 11:15:00,104.39,104.53,104.35,104.5,13504
2013-03-11 11:30:00,104.5,104.63,104.39,104.44,13550
2013-03-11 11:45:00,104.44,104.71,104.41,104.69,15691
2013-03-11 12:00:00,104.67,104.67,104.524,104.56,16269
2013-03-11 12:15:00,104.6,104.705,104.57,104.64,11689
2013-03-11 12:30:00,104.53,104.56,104.38,104.4,12299
2013-03-11 12:45:00,104.38,104.4,104.27,104.34,8535
2013-03-11 13:00:00,104.34,104.34,104.205,104.27,7600
2013-03-11 13:15:00,104.29,104.37,104.26,104.35,13483
2013-03-11 13:30:00,104.3,104.39,104.3,104.37,8685
2013-03-11 13:45:00,104.3999,104.45,104.31,104.32,9317
2013-03-11 14:00:00,104.31,104.32,104.16,104.2,12695
2013-03-11 14:15:00,104.2,104.21,104.09,104.11,17039
2013-03-11 14:30:00,104.13,104.17,104.07,104.09,11801
2013-03-11 14:45:00,104.073,104.12,103.97,104.09,14800
2013-03-11 15:00:00,104.08,104.12,103.995,104.07,10480
2013-03-11 15:15:00,104.07,104.195,104.05,104.105,18800
2013-03-11 15:30:00,104.15,104.25,104.105,104.2499,19616
2013-03-11 15:45:00,104.24,104.33,104.17,104.32,23371
2013-03-11 16:00:00,104.32,104.36,104.245,104.3,66926
2013-03-12 09:45:00,104.3,104.3,103.97,103.9701,28137
2013-03-12 10:00:00,104.03,104.35,103.97,104.3,45630
2013-03-12 10:15:00,104.27,104.33,103.99,104.06,40695
2013-03-12 10:30:00,104.07,104.15,103.965,104.09,21813
2013-03-12 10:45:00,104.1,104.22,103.98,104.21,27404
2013-03-12 11:00:00,104.23,104.43,104.2,104.32,22599
2013-03-12 11:15:00,104.34,104.45,104.24,104.2601,22324
2013-03-12 11:30:00,104.29,104.39,104.17,104.17,18063
2013-03-12 11:45:00,104.14,104.33,104.1001,104.21,27200
2013-03-12 12:00:00,104.19,104.21,103.975,103.975,39993
2013-03-12 12:15:00,103.97,103.9999,103.69,103.7,29282
2013-03-12 12:30:00,103.69,103.76,103.51,103.51,8300
2013-03-12 12:45:00,103.51,103.69,103.405,103.62,15776
2013-03-12 13:00:00,103.61,103.9,103.59,103.8,10212
2013-03-12 13:15:00,103.83,103.87,103.68,103.85,12203
2013-03-12 13:30:00,103.81,103.88,103.71,103.77,13766
2013-03-12 13:45:00,103.78,103.835,103.6,103.67,10623
2013-03-12 14:00:00,103.68,103.78,103.39,103.43,17044
2013-03-12 14:15:00,103.43,103.51899999999999,103.32,103.51899999999999,16889
2013-03-12 14:30:00,103.52,103.52,103.44,103.505,16981
2013-03-12 14:45:00,103.51,103.55,103.405,103.42,15588
2013-03-12 15:00:00,103.43,103.5,103.3901,103.47,17743
2013-03-12 15:15:00,103.43,103.73,103.43,103.71,33657
2013-03-12 15:30:00,103.72,103.86,103.71,103.84,32409
2013-03-12 15:45:00,103.83,103.83,103.66,103.76,36734
2013-03-12 16:00:00,103.76100000000001,103.91,103.72,103.88,72228
2013-03-13 09:45:00,104.22,104.99,104.06,104.83,45594
2013-03-13 10:00:00,104.82,104.87,104.15,104.42,19256
2013-03-13 10:15:00,104.37,104.38,104.09,104.19,21902
2013-03-13 10:30:00,104.23,104.34,104.07,104.13,31279
2013-03-13 10:45:00,104.14,104.28,103.97,104.21,18024
2013-03-13 11:00:00,104.21,104.3,104.15,104.29,21243
2013-03-13 11:15:00,104.3,104.31,104.12,104.28,14101
2013-03-13 11:30:00,104.28,104.31,104.1,104.1,18550
2013-03-13 11:45:00,104.11,104.16,104.03,104.08,15888
2013-03-13 12:00:00,104.09,104.1,103.95,104.0,15951
2013-03-13 12:15:00,104.0,104.11,103.89,104.105,27256
2013-03-13 12:30:00,104.11,104.26,104.06,104.18,27453
2013-03-13 12:45:00,104.19,104.25,104.11,104.22,33812
2013-03-13 13:00:00,104.23,104.27,104.18,104.21,28963
2013-03-13 13:15:00,104.2,104.31,104.11,104.29,19370
2013-03-13 13:30:00,104.3,104.33,104.18,104.23,30422
2013-03-13 13:45:00,104.21,104.29,104.13,104.27,28600
2013-03-13 14:00:00,104.29,104.37,104.29,104.36,24629
2013-03-13 14:15:00,104.37,104.4,104.29,104.32,14871
2013-03-13 14:30:00,104.33,104.41,104.2076,104.35,19346
2013-03-13 14:45:00,104.355,104.39,104.24,104.24,12500
2013-03-13 15:00:00,104.26,104.3,104.2,104.26,14988
2013-03-13 15:15:00,104.26,104.31,104.2,104.23,19385
2013-03-13 15:30:00,104.29,104.32,104.195,104.32,22172
2013-03-13 15:45:00,104.33,104.37,104.14,104.16,41396
2013-03-13 16:00:00,104.17,104.32,104.12,104.3,98932
2013-03-14 09:45:00,104.57,104.57,103.8,103.8,20047
2013-03-14 10:00:00,103.77,104.01,103.43,103.855,55104
2013-03-14 10:15:00,103.85,104.01,103.65,103.78,61034
2013-03-14 10:30:00,103.78,103.83,103.49,103.73,57854
2013-03-14 10:45:00,103.7,103.78,103.5,103.55,24618
2013-03-14 11:00:00,103.55,103.55,103.22,103.28,20757
2013-03-14 11:15:00,103.25,103.28,103.16,103.21,20587
2013-03-14 11:30:00,103.21,103.54,103.18299999999999,103.53,40015
2013-03-14 11:45:00,103.58,103.74,103.58,103.71,24708
2013-03-14 12:00:00,103.71,103.85,103.71,103.74,18552
2013-03-14 12:15:00,103.745,103.99,103.7,103.95,18148
2013-03-14 12:30:00,103.97,103.99,103.82,103.93,17124
2013-03-14 12:45:00,103.91,103.954,103.66,103.67,14229
2013-03-14 13:00:00,103.67,103.67,103.55,103.5599,14788
2013-03-14 13:15:00,103.56,103.67,103.55,103.56,11938
2013-03-14 13:30:00,103.57,103.62,103.53,103.565,13235
2013-03-14 13:45:00,103.56,103.69,103.55,103.56,12494
2013-03-14 14:00:00,103.56,103.68,103.52,103.57,17447
2013-03-14 14:15:00,103.551,103.62,103.48,103.51,19506
2013-03-14 14:30:00,103.51,103.59,103.49,103.51,15609
2013-03-14 14:45:00,103.49,103.62,103.41,103.41,20502
2013-03-14 15:00:00,103.42,103.45,103.28,103.41,25760
2013-03-14 15:15:00,103.41,103.68,103.4,103.52,39240
2013-03-14 15:30:00,103.54,103.62,103.48,103.54,26918
2013-03-14 15:45:00,103.53,103.6,103.51,103.54,41408
2013-03-14 16:00:00,103.54,103.56,103.39,103.5,124046
2013-03-15 09:45:00,103.03,103.8,103.03,103.77,277044
2013-03-15 10:00:00,103.73,103.837,103.19,103.24,24973
2013-03-15 10:15:00,103.24,103.33,102.94,103.22,16510
2013-03-15 10:30:00,103.25,103.59,103.21,103.59,8336
2013-03-15 10:45:00,103.6,103.68,103.55,103.63,10094
2013-03-15 11:00:00,103.64,103.895,103.6,103.83,110826
2013-03-15 11:15:00,103.82,103.98,103.81,103.9,32607
2013-03-15 11:30:00,103.93,104.33,103.92,104.24,26028
2013-03-15 11:45:00,104.24,104.31,104.24,104.24,16197
2013-03-15 12:00:00,104.24,104.3425,104.24,104.25,11700
2013-03-15 12:15:00,104.258,104.33,104.2,104.24,16344
2013-03-15 12:30:00,104.23,104.29,104.21,104.29,10345
2013-03-15 12:45:00,104.26,104.32,104.23,104.285,14570
2013-03-15 13:00:00,104.3,104.33,104.055,104.055,14743
2013-03-15 13:15:00,104.09,104.25,104.07,104.07,29502
2013-03-15 13:30:00,104.08,104.09,104.02,104.09,9357
2013-03-15 13:45:00,104.07,104.21,104.04,104.175,11845
2013-03-15 14:00:00,104.19,104.22,104.15,104.175,10173
2013-03-15 14:15:00,104.175,104.175,104.0,104.0,11140
2013-03-15 14:30:00,104.0001,104.01,103.77,103.77,13319
2013-03-15 14:45:00,103.78,103.81,103.62,103.7,16750
2013-03-15 15:00:00,103.69,103.74,103.59,103.72,12041
2013-03-15 15:15:00,103.76,103.93,103.7325,103.76,20341
2013-03-15 15:30:00,103.76,103.77,103.6,103.6875,13906
2013-03-15 15:45:00,103.68,103.71,103.59,103.59,37858
2013-03-15 16:00:00,103.59,103.89,103.59,103.78,115175
2013-03-18 09:45:00,103.28,103.76,103.02,103.63,58228
2013-03-18 10:00:00,103.63,103.8,103.4,103.745,26589
2013-03-18 10:15:00,103.75,104.02,103.73,103.84,21500
2013-03-18 10:30:00,103.89,104.23,103.882,104.16,34492
2013-03-18 10:45:00,104.15,104.41,104.15,104.28,28895
2013-03-18 11:00:00,104.24,104.33,104.22,104.32,21125
2013-03-18 11:15:00,104.3,104.33,104.27,104.3,22069
2013-03-18 11:30:00,104.29,104.29,104.07,104.11,23819
2013-03-18 11:45:00,104.12,104.15,104.09,104.09,23709
2013-03-18 12:00:00,104.06,104.3682,104.0,104.31,31465
2013-03-18 12:15:00,104.34,104.47,104.29,104.4,17608
2013-03-18 12:30:00,104.36,104.53,104.36,104.45,14635
2013-03-18 12:45:00,104.477,104.57,104.445,104.47,8770
2013-03-18 13:00:00,104.45,104.6,104.45,104.59,8908
2013-03-18 13:15:00,104.58,104.63,104.52,104.56,17158
2013-03-18 13:30:00,104.55,104.56,104.33,104.47,59638
2013-03-18 13:45:00,104.48,104.68,104.45,104.6499,15985
2013-03-18 14:00:00,104.65,104.71,104.58,104.7,14858
2013-03-18 14:15:00,104.72,104.75,104.69,104.7,18851
2013-03-18 14:30:00,104.7,104.93,104.69,104.91,21566
2013-03-18 14:45:00,104.93,105.22,104.82,104.86,67758
2013-03-18 15:00:00,104.85,104.87899999999999,104.42,104.47,18204
2013-03-18 15:15:00,104.48,104.61,104.47,104.57,20342
2013-03-18 15:30:00,104.55,104.5799,104.41,104.46,27149
2013-03-18 15:45:00,104.46,104.46,104.19,104.33,37125
2013-03-18 16:00:00,104.32,104.46,104.28,104.36,59417
2013-03-19 09:45:00,104.28,104.67,104.03,104.19,18265
2013-03-19 10:00:00,104.16,104.75,104.09,104.585,38488
2013-03-19 10:15:00,104.585,104.66,104.4,104.44,12820
2013-03-19 10:30:00,104.43,104.49,103.9201,103.96,17414
2013-03-19 10:45:00,103.98,103.98,103.75,103.7801,15599
2013-03-19 11:00:00,103.79,104.09,103.59,104.09,23489
2013-03-19 11:15:00,104.098,104.234,104.01,104.21,14112
2013-03-19 11:30:00,104.205,104.27,104.17,104.22,8002
2013-03-19 11:45:00,104.22,104.26,104.095,104.15,9200
2013-03-19 12:00:00,104.11,104.12,103.444,103.65,18504
2013-03-19 12:15:00,103.65,103.74,103.38,103.53,13600
2013-03-19 12:30:00,103.49,103.59,103.4,103.47,17661
2013-03-19 12:45:00,103.46,103.52,103.32,103.39,13122
2013-03-19 13:00:00,103.37,103.37,103.12,103.12,12232
2013-03-19 13:15:00,103.09,103.28,103.07,103.24,14600
2013-03-19 13:30:00,103.21,103.22,102.84,103.1,23738
2013-03-19 13:45:00,103.11,103.4,103.105,103.37,102572
2013-03-19 14:00:00,103.35,103.55,103.3494,103.54,11339
2013-03-19 14:15:00,103.54,103.7,103.49,103.55,10060
2013-03-19 14:30:00,103.52,103.57799999999999,103.2,103.27,17300
2013-03-19 14:45:00,103.29,103.42,103.27,103.29,9900
2013-03-19 15:00:00,103.29,103.52,103.29,103.4,52848
2013-03-19 15:15:00,103.4,103.44,103.2401,103.42,74782
2013-03-19 15:30:00,103.41,103.5,103.215,103.27,58563
2013-03-19 15:45:00,103.27,103.32,103.15,103.27,46994
2013-03-19 16:00:00,103.24,103.41,103.1,103.24,89311
2013-03-20 09:45:00,103.86,104.0,103.31,103.32,44902
2013-03-20 10:00:00,103.33,103.56,103.23,103.28,44447
2013-03-20 10:15:00,103.28,103.4,103.23,103.36,31307
2013-03-20 10:30:00,103.34,103.5,103.1,103.5,25425
2013-03-20 10:45:00,103.46,103.7,103.185,103.48,19843
2013-03-20 11:00:00,103.54,103.54,103.28,103.3,35779
2013-03-20 11:15:00,103.3,103.4,103.16,103.4,40587
2013-03-20 11:30:00,103.4,103.53,103.355,103.525,25211
2013-03-20 11:45:00,103.53,103.86,103.525,103.725,16806
2013-03-20 12:00:00,103.73,103.79,103.59,103.59,11377
2013-03-20 12:15:00,103.59,103.72,103.58,103.72,8776
2013-03-20 12:30:00,103.71,103.76,103.66,103.76,11188
2013-03-20 12:45:00,103.83,103.88,103.68,103.87,9516
2013-03-20 13:00:00,103.86,103.93,103.74,103.758,24370
2013-03-20 13:15:00,103.75,103.75,103.63,103.63,12707
2013-03-20 13:30:00,103.65,103.67,103.5,103.58,14541
2013-03-20 13:45:00,103.54,103.61,103.5,103.61,9935
2013-03-20 14:00:00,103.63,103.74,103.56,103.58,12488
2013-03-20 14:15:00,103.57,103.6,103.39,103.39,18001
2013-03-20 14:30:00,103.42,103.77,103.4,103.76,31969
2013-03-20 14:45:00,103.77,103.83,103.58,103.58,33557
2013-03-20 15:00:00,103.58,103.77,103.4701,103.71,34393
2013-03-20 15:15:00,103.69,103.84,103.59,103.63,25623
2013-03-20 15:30:00,103.65,103.68,103.47,103.56,35922
2013-03-20 15:45:00,103.55,103.7,103.44,103.7,46700
2013-03-20 16:00:00,103.69,103.695,103.4,103.5,74305
2013-03-21 09:45:00,103.26,103.8,103.02600000000001,103.49,35194
2013-03-21 10:00:00,103.45,103.5,103.335,103.37,22379
2013-03-21 10:15:00,103.38,103.5,103.02,103.116,36206
2013-03-21 10:30:00,103.08,103.08,102.72,102.75,31439
2013-03-21 10:45:00,102.73,102.75,102.39,102.47,38892
2013-03-21 11:00:00,102.45,102.4525,102.21,102.39,51694
2013-03-21 11:15:00,102.43,102.62,102.34,102.5901,21471
2013-03-21 11:30:00,102.62,102.82,102.61,102.77,29151
2013-03-21 11:45:00,102.79,102.83,102.68,102.82,39396
2013-03-21 12:00:00,102.81,102.83,102.54,102.56,31548
2013-03-21 12:15:00,102.57,102.59,102.53,102.59,24388
2013-03-21 12:30:00,102.59,102.59,102.21,102.3799,43581
2013-03-21 12:45:00,102.4,102.46,102.34,102.45,20992
2013-03-21 13:00:00,102.435,102.66,102.41,102.595,13447
2013-03-21 13:15:00,102.585,102.66,102.52,102.5534,11170
2013-03-21 13:30:00,102.55,102.58,102.39,102.43,16572
2013-03-21 13:45:00,102.42,102.42,102.15,102.195,16151
2013-03-21 14:00:00,102.09,102.3,102.07,102.3,15777
2013-03-21 14:15:00,102.29,102.37,101.95,102.32,25554
2013-03-21 14:30:00,102.33,102.435,102.255,102.41,28789
2013-03-21 14:45:00,102.45,102.615,102.39,102.61,14285
2013-03-21 15:00:00,102.62,102.74,102.61,102.73,17526
2013-03-21 15:15:00,102.73,102.78,102.585,102.69,22972
2013-03-21 15:30:00,102.69,102.77,102.59,102.71,28537
2013-03-21 15:45:00,102.72,102.885,102.715,102.85,37399
2013-03-21 16:00:00,102.84,102.88,102.74,102.75,76410
2013-03-22 09:45:00,103.1,103.34,102.94,103.03,22366
2013-03-22 10:00:00,103.03,103.08,102.86,102.94,16403
2013-03-22 10:15:00,102.95,103.05,102.6201,103.02,19037
2013-03-22 10:30:00,103.08,103.28,103.05,103.16,16673
2013-03-22 10:45:00,103.15,103.32,102.77,102.95,72191
2013-03-22 11:00:00,102.92,103.15,102.84,102.92,21272
2013-03-22 11:15:00,102.91,102.93,102.72,102.77,19919
2013-03-22 11:30:00,102.78,102.82,102.73,102.81,20063
2013-03-22 11:45:00,102.8,102.83,102.47,102.49,12677
2013-03-22 12:00:00,102.5,102.67,102.49,102.66,9500
2013-03-22 12:15:00,102.67,102.77,102.65,102.75,26280
2013-03-22 12:30:00,102.7499,102.78,102.69,102.74,17098
2013-03-22 12:45:00,102.75,102.88,102.73,102.88,19769
2013-03-22 13:00:00,102.86,103.16,102.86,103.16,10200
2013-03-22 13:15:00,103.18,103.38,103.1601,103.31,21118
2013-03-22 13:30:00,103.31,103.41,103.24,103.3,26303
2013-03-22 13:45:00,103.3,103.36,103.25,103.31,22318
2013-03-22 14:00:00,103.27,103.31,103.17,103.21,19562
2013-03-22 14:15:00,103.21,103.23,103.16,103.23,10675
2013-03-22 14:30:00,103.19,103.26,103.17,103.22,11136
2013-03-22 14:45:00,103.24,103.53,103.24,103.51,9727
2013-03-22 15:00:00,103.53,103.54,103.37,103.37,23870
2013-03-22 15:15:00,103.36,103.36,103.29,103.33,17135
2013-03-22 15:30:00,103.3,103.33,103.1401,103.15,23079
2013-03-22 15:45:00,103.18,103.22,103.11,103.15,24948
2013-03-22 16:00:00,103.16,103.26,102.99,103.26,59829
2013-03-25 09:45:00,103.67,103.67,103.19,103.32,27051
2013-03-25 10:00:00,103.26,103.35,102.85,102.89,42272
2013-03-25 10:15:00,102.9299,103.05,102.75,103.05,46337
2013-03-25 10:30:00,103.08,103.25,103.04,103.12,18701
2013-03-25 10:45:00,103.1,103.35,103.0,103.09,25055
2013-03-25 11:00:00,103.05,103.19,102.92,102.94,8829
2013-03-25 11:15:00,102.92,102.92,102.72,102.8399,13387
2013-03-25 11:30:00,102.8,102.8199,102.55,102.58,13380
2013-03-25 11:45:00,102.65,102.83,102.6,102.74,11629
2013-03-25 12:00:00,102.74,102.9,102.71,102.9,15080
2013-03-25 12:15:00,102.86,102.89,102.7,102.87,20813
2013-03-25 12:30:00,102.86,103.164,102.85,102.991,32536
2013-03-25 12:45:00,103.02,103.19,102.985,103.19,23625
2013-03-25 13:00:00,103.17,103.2,102.99,103.071,24739
2013-03-25 13:15:00,103.075,103.19,103.0,103.09,27954
2013-03-25 13:30:00,103.105,103.23,103.08,103.19,23484
2013-03-25 13:45:00,103.17,103.48,103.15,103.46,24195
2013-03-25 14:00:00,103.4675,103.89,103.46,103.84,30385
2013-03-25 14:15:00,103.82,104.04,103.81,103.9,47816
2013-03-25 14:30:00,103.92,103.96,103.68,103.7,29410
2013-03-25 14:45:00,103.69,103.7,103.37,103.43,31611
2013-03-25 15:00:00,103.45,103.45,103.28,103.355,32242
2013-03-25 15:15:00,103.33,103.3899,103.22,103.255,34148
2013-03-25 15:30:00,103.23,103.31,103.0,103.06,38903
2013-03-25 15:45:00,103.08,103.28,103.075,103.24,51014
2013-03-25 16:00:00,103.22,103.38,102.99,103.33,105251
2013-03-26 09:45:00,103.33,103.74,103.105,103.245,30084
2013-03-26 10:00:00,103.245,103.485,102.815,103.3,57087
2013-03-26 10:15:00,103.3,103.51,103.03,103.295,39158
2013-03-26 10:30:00,103.275,103.275,102.88,102.92,36076
2013-03-26 10:45:00,102.95,103.08,102.92,102.935,27058
2013-03-26 11:00:00,102.91,103.18,102.83,103.14,23582
2013-03-26 11:15:00,103.14,103.2799,103.06,103.11,20135
2013-03-26 11:30:00,103.05,103.19,102.94,103.14,26416
2013-03-26 11:45:00,103.14,103.39,103.14,103.365,18497
2013-03-26 12:00:00,103.365,103.47,103.34,103.45,36189
2013-03-26 12:15:00,103.44,103.61,103.38,103.56,12566
2013-03-26 12:30:00,103.56,103.63,103.39,103.4137,13977
2013-03-26 12:45:00,103.42,103.47,103.16,103.18,14662
2013-03-26 13:00:00,103.184,103.42,103.184,103.39,17488
2013-03-26 13:15:00,103.39,103.43,103.34,103.35,19281
2013-03-26 13:30:00,103.38,103.43,103.32,103.34,17361
2013-03-26 13:45:00,103.345,103.38,103.27,103.32,18133
2013-03-26 14:00:00,103.31,103.46,103.26,103.455,25179
2013-03-26 14:15:00,103.47,103.6,103.46,103.6,23102
2013-03-26 14:30:00,103.63,103.65,103.54,103.59,19279
2013-03-26 14:45:00,103.5901,103.69,103.59,103.62,21560
2013-03-26 15:00:00,103.62,103.73,103.59,103.711,22966
2013-03-26 15:15:00,103.71,103.81,103.7,103.8,23315
2013-03-26 15:30:00,103.79,103.87,103.79,103.85,29720
2013-03-26 15:45:00,103.85,103.9,103.83,103.88,33037
2013-03-26 16:00:00,103.88,103.89,103.57,103.6,98159
2013-03-27 09:45:00,102.78,102.9175,102.23,102.65,28023
2013-03-27 10:00:00,102.698,102.96,102.62,102.765,21237
2013-03-27 10:15:00,102.75,103.2,102.75,103.1,31580
2013-03-27 10:30:00,103.1,103.29,103.03,103.28,34900
2013-03-27 10:45:00,103.26,103.71,103.26,103.49,21623
2013-03-27 11:00:00,103.46,103.65,103.4,103.4,19780
2013-03-27 11:15:00,103.41,103.42,103.15,103.315,15501
2013-03-27 11:30:00,103.31,103.35,103.21,103.25,16572
2013-03-27 11:45:00,103.27,103.3,103.21,103.25,22103
2013-03-27 12:00:00,103.28,103.37,103.2,103.275,16113
2013-03-27 12:15:00,103.27,103.3,103.195,103.25,11198
2013-03-27 12:30:00,103.28,103.36,103.25,103.35,12680
2013-03-27 12:45:00,103.33,103.41,103.2501,103.28,17002
2013-03-27 13:00:00,103.28,103.29,103.03,103.05,18686
2013-03-27 13:15:00,103.03,103.05,102.685,102.78,14158
2013-03-27 13:30:00,102.77,102.83,102.61,102.66,11388
2013-03-27 13:45:00,102.685,102.85,102.67,102.73,10978
2013-03-27 14:00:00,102.74,102.75,102.65,102.71,12540
2013-03-27 14:15:00,102.75,102.882,102.7,102.882,20829
2013-03-27 14:30:00,102.86,102.92,102.735,102.85,15700
2013-03-27 14:45:00,102.865,102.98,102.84,102.93,23272
2013-03-27 15:00:00,102.93,103.0,102.905,102.96,16664
2013-03-27 15:15:00,102.955,103.03,102.8,102.86,28319
2013-03-27 15:30:00,102.83,103.02,102.7,102.91,27283
2013-03-27 15:45:00,102.93,102.93,102.75,102.81,41291
2013-03-27 16:00:00,102.81,102.81,102.58,102.77,85868
2013-03-28 09:45:00,102.58,102.98,101.86,102.12,72445
2013-03-28 10:00:00,102.2,102.57,102.11,102.19,35848
2013-03-28 10:15:00,102.19,102.63,102.16,102.59,26663
2013-03-28 10:30:00,102.63,102.67,102.32,102.36,49422
2013-03-28 10:45:00,102.4,102.78,102.38,102.71,19242
2013-03-28 11:00:00,102.72,102.72,102.56,102.56,14860
2013-03-28 11:15:00,102.57,102.64,102.24,102.32,11808
2013-03-28 11:30:00,102.34,102.49,102.31,102.455,11232
2013-03-28 11:45:00,102.45,102.54,102.43,102.469,6660
2013-03-28 12:00:00,102.52,102.75,102.48,102.6,7477
2013-03-28 12:15:00,102.61,102.79,102.6,102.79,8275
2013-03-28 12:30:00,102.79,102.89,102.69,102.7299,11566
2013-03-28 12:45:00,102.71,102.81,102.56,102.72,15990
2013-03-28 13:00:00,102.69,102.81,102.68,102.77,8573
2013-03-28 13:15:00,102.77,102.92,102.74,102.89,7965
2013-03-28 13:30:00,102.89,103.06,102.89,103.06,9113
2013-03-28 13:45:00,103.05,103.1,102.805,102.87,20805
2013-03-28 14:00:00,102.86,102.86,102.62,102.67,14767
2013-03-28 14:15:00,102.7,102.74,102.61,102.72,14770
2013-03-28 14:30:00,102.72,102.84,102.69,102.79,10628
2013-03-28 14:45:00,102.78,102.83,102.74,102.75,8600
2013-03-28 15:00:00,102.75,102.83,102.67,102.67,14337
2013-03-28 15:15:00,102.66,102.81,102.62,102.78,18778
2013-03-28 15:30:00,102.77,103.01,102.76,102.91,21528
2013-03-28 15:45:00,102.91,102.93,102.64,102.65,51185
2013-03-28 16:00:00,102.65,102.79,102.3,102.48,481841
2013-04-01 09:45:00,103.13,103.13,101.6,103.02,67332
2013-04-01 10:00:00,102.99,103.09,102.66,103.05,30402
2013-04-01 10:15:00,103.06,103.2,102.78,103.12,41995
2013-04-01 10:30:00,103.11,103.3999,102.985,103.37,30370
2013-04-01 10:45:00,103.35,103.35,102.97,103.09,16666
2013-04-01 11:00:00,103.07,103.1,102.75,102.79,16300
2013-04-01 11:15:00,102.74,102.93,102.72,102.93,28918
2013-04-01 11:30:00,102.91,103.05,102.84,103.03,19198
2013-04-01 11:45:00,102.99,103.07,102.79,102.79,19734
2013-04-01 12:00:00,102.8,102.94,102.69,102.73,16218
2013-04-01 12:15:00,102.73,102.755,102.46,102.51,18840
2013-04-01 12:30:00,102.52,102.65,102.35,102.38,17209
2013-04-01 12:45:00,102.38,102.52,102.3,102.47,15675
2013-04-01 13:00:00,102.48,102.63,102.45,102.62899999999999,12749
2013-04-01 13:15:00,102.6,102.64,102.54,102.62,7000
2013-04-01 13:30:00,102.62,102.72,102.55,102.67,12444
2013-04-01 13:45:00,102.69,102.8999,102.68,102.81,15458
2013-04-01 14:00:00,102.83,102.85,102.78,102.84,12680
2013-04-01 14:15:00,102.84,102.95,102.8,102.95,20752
2013-04-01 14:30:00,102.9499,102.98,102.78,102.82,17022
2013-04-01 14:45:00,102.82,102.87,102.72,102.76,13401
2013-04-01 15:00:00,102.79,102.85,102.7075,102.71,17890
2013-04-01 15:15:00,102.71,102.78,102.55,102.65,23333
2013-04-01 15:30:00,102.64,102.68,102.5,102.58,23257
2013-04-01 15:45:00,102.56,102.61,102.39,102.54,35437
2013-04-01 16:00:00,102.54,102.7,102.49,102.69,92326
2013-04-02 09:45:00,103.3,104.48,102.76,104.35,76394
2013-04-02 10:00:00,104.36,104.67,104.26,104.475,44220
2013-04-02 10:15:00,104.57,104.898,104.47,104.69,32370
2013-04-02 10:30:00,104.71,104.82,104.33,104.42,92487
2013-04-02 10:45:00,104.39,104.51,104.265,104.43,23588
2013-04-02 11:00:00,104.44,104.5,104.3,104.34,20256
2013-04-02 11:15:00,104.34,104.34,104.19,104.28,9913
2013-04-02 11:30:00,104.27,104.37,104.17,104.22,35554
2013-04-02 11:45:00,104.2001,104.26,103.87,103.87,9130
2013-04-02 12:00:00,103.88,103.95,103.79,103.81,12372
2013-04-02 12:15:00,103.7801,103.84,103.7634,103.79,9619
2013-04-02 12:30:00,103.81,103.99,103.8,103.95,7900
2013-04-02 12:45:00,103.96,104.11,103.92,104.11,10640
2013-04-02 13:00:00,104.12,104.36,104.1,104.35,17504
2013-04-02 13:15:00,104.34,104.38,104.27,104.33,8040
2013-04-02 13:30:00,104.35,104.45,104.33,104.33,14873
2013-04-02 13:45:00,104.3,104.4,104.24,104.4,13000
2013-04-02 14:00:00,104.4,104.43,104.33,104.4,8600
2013-04-02 14:15:00,104.4,104.51,104.4,104.48,6900
2013-04-02 14:30:00,104.49,104.52,104.38,104.38,9403
2013-04-02 14:45:00,104.41,104.46,104.33,104.44,10562
2013-04-02 15:00:00,104.44,104.48,104.37,104.45,15097
2013-04-02 15:15:00,104.42,104.49,104.39,104.49,18934
2013-04-02 15:30:00,104.49,104.5,104.4,104.49,16832
2013-04-02 15:45:00,104.48,104.48,104.3,104.31,27869
2013-04-02 16:00:00,104.3,104.42,104.22,104.37,91459
2013-04-03 09:45:00,104.3,104.63,104.13,104.26,25479
2013-04-03 10:00:00,104.27,104.27,103.66,103.91,22280
2013-04-03 10:15:00,103.9,103.98,103.79,103.82,21066
2013-04-03 10:30:00,103.81,103.88,103.74,103.77,12608
2013-04-03 10:45:00,103.78,103.83,103.57,103.66,14100
2013-04-03 11:00:00,103.68,103.8,103.63,103.73,10616
2013-04-03 11:15:00,103.73,103.74,103.31,103.39,14531
2013-04-03 11:30:00,103.39,103.43,103.28,103.31,13459
2013-04-03 11:45:00,103.26,103.41,103.21,103.41,15510
2013-04-03 12:00:00,103.39,103.7,103.39,103.62,22202
2013-04-03 12:15:00,103.67,103.83,103.66,103.82,18818
2013-04-03 12:30:00,103.77,104.05,103.74,103.92,15208
2013-04-03 12:45:00,103.94,104.06,103.9,103.95,13515
2013-04-03 13:00:00,103.88,104.12,103.81700000000001,104.06,16371
2013-04-03 13:15:00,103.99,104.0001,103.83,103.83,17132
2013-04-03 13:30:00,103.84,103.94,103.77,103.8,73200
2013-04-03 13:45:00,103.81,103.81,103.52,103.59,15448
2013-04-03 14:00:00,103.58,103.65,103.42,103.42,21947
2013-04-03 14:15:00,103.44,103.67,103.4,103.59,27037
2013-04-03 14:30:00,103.56,103.82,103.53,103.77,23772
2013-04-03 14:45:00,103.76,103.92,103.71,103.9,12145
2013-04-03 15:00:00,103.85,103.8899,103.7,103.76,23161
2013-04-03 15:15:00,103.76,103.77,103.71,103.74,19600
2013-04-03 15:30:00,103.745,103.77,103.7,103.73,33343
2013-04-03 15:45:00,103.73,103.73,103.36,103.66,41535
2013-04-03 16:00:00,103.66,103.76,103.44,103.48,65150
2013-04-04 09:45:00,103.32,103.93,103.32,103.93,22303
2013-04-04 10:00:00,103.97,104.14,103.82,103.934,13140
2013-04-04 10:15:00,103.93,104.14,103.78,103.78,10639
2013-04-04 10:30:00,103.77,103.82,103.45,103.45,12953
2013-04-04 10:45:00,103.47,103.63,103.3,103.63,15308
2013-04-04 11:00:00,103.61,103.61,103.46,103.52,19594
2013-04-04 11:15:00,103.53,103.97,103.495,103.9499,18904
2013-04-04 11:30:00,103.95,104.21,103.92,104.195,9300
2013-04-04 11:45:00,104.18,104.18,103.83,103.87,9809
2013-04-04 12:00:00,103.88,103.88,103.72,103.72,9100
2013-04-04 12:15:00,103.72,103.72,103.448,103.5,8403
2013-04-04 12:30:00,103.49,103.5,103.34,103.48,6081
2013-04-04 12:45:00,103.46,103.46,103.27,103.4,7721
2013-04-04 13:00:00,103.45,103.56,103.42,103.55,5983
2013-04-04 13:15:00,103.55,103.62,103.52,103.605,6350
2013-04-04 13:30:00,103.59,103.72,103.56,103.64,8600
2013-04-04 13:45:00,103.62,103.69,103.59,103.65,9200
2013-04-04 14:00:00,103.68,103.69,103.48,103.49,8952
2013-04-04 14:15:00,103.49,103.62,103.45,103.59,10012
2013-04-04 14:30:00,103.6,103.73,103.6,103.71,7031
2013-04-04 14:45:00,103.69,103.73,103.64,103.73,5609
2013-04-04 15:00:00,103.74,103.78,103.66,103.66,11486
2013-04-04 15:15:00,103.68,103.76,103.66,103.74,8185
2013-04-04 15:30:00,103.712,103.74,103.61,103.68,16215
2013-04-04 15:45:00,103.69,103.8,103.68,103.76,20868
2013-04-04 16:00:00,103.76,103.84,103.73,103.77,39859
2013-04-05 09:45:00,102.88,102.8999,101.95,102.65,33039
2013-04-05 10:00:00,102.704,102.72,102.59,102.65,32196
2013-04-05 10:15:00,102.65,102.65,102.335,102.46,23169
2013-04-05 10:30:00,102.41,102.41,101.75,101.87,19294
2013-04-05 10:45:00,101.88,102.02,101.8301,101.895,17166
2013-04-05 11:00:00,101.92,102.165,101.85,102.04,14064
2013-04-05 11:15:00,102.0,102.15,101.88,102.04,15404
2013-04-05 11:30:00,102.0,102.48,101.92,102.395,20940
2013-04-05 11:45:00,102.395,102.73,102.38,102.73,15279
2013-04-05 12:00:00,102.68,102.75,102.56,102.6,10238
2013-04-05 12:15:00,102.6,102.66,102.56,102.6299,14936
2013-04-05 12:30:00,102.62,102.62899999999999,102.47,102.52,16207
2013-04-05 12:45:00,102.57,102.63,102.38,102.38,10052
2013-04-05 13:00:00,102.41,102.555,102.41,102.48,14361
2013-04-05 13:15:00,102.4766,102.62,102.4766,102.61,9666
2013-04-05 13:30:00,102.588,102.67,102.48,102.54,9300
2013-04-05 13:45:00,102.53,102.59,102.365,102.365,8025
2013-04-05 14:00:00,102.36,102.439,102.175,102.23,9919
2013-04-05 14:15:00,102.245,102.3,102.17,102.225,7843
2013-04-05 14:30:00,102.221,102.52,102.19,102.49,11412
2013-04-05 14:45:00,102.5,102.55,102.45,102.5,10200
2013-04-05 15:00:00,102.48,102.86,102.43,102.81,20006
2013-04-05 15:15:00,102.8,102.91,102.66,102.82,17593
2013-04-05 15:30:00,102.83,102.9,102.69,102.73,23347
2013-04-05 15:45:00,102.7,103.07,102.69,103.05,36346
2013-04-05 16:00:00,103.04,103.19,102.98,103.04,55128
2013-04-08 09:45:00,102.91,103.91,102.91,103.71,50480
2013-04-08 10:00:00,103.705,103.705,103.31,103.43,17987
2013-04-08 10:15:00,103.44,103.7,103.21,103.52,17455
2013-04-08 10:30:00,103.535,103.535,103.11,103.4,17201
2013-04-08 10:45:00,103.33,103.56,103.3,103.43,16102
2013-04-08 11:00:00,103.455,103.73,103.45,103.51,6500
2013-04-08 11:15:00,103.49,103.57,103.2601,103.57,8608
2013-04-08 11:30:00,103.61,103.65,103.45,103.59,7172
2013-04-08 11:45:00,103.58,103.74,103.57,103.685,4400
2013-04-08 12:00:00,103.71,103.71,103.56,103.6,6048
2013-04-08 12:15:00,103.64,103.72,103.59,103.64,4164
2013-04-08 12:30:00,103.64,103.78,103.535,103.69,8550
2013-04-08 12:45:00,103.67,103.91,103.67,103.79,16358
2013-04-08 13:00:00,103.76,103.82,103.59,103.59,16956
2013-04-08 13:15:00,103.6,103.65,103.53,103.5999,9100
2013-04-08 13:30:00,103.58,103.65,103.56,103.63,9624
2013-04-08 13:45:00,103.63,103.65,103.57,103.64,11432
2013-04-08 14:00:00,103.64,103.81,103.64,103.8,18274
2013-04-08 14:15:00,103.8299,103.85,103.63,103.67,20044
2013-04-08 14:30:00,103.67,103.6799,103.51,103.52,13280
2013-04-08 14:45:00,103.55,103.58,103.5,103.535,18203
2013-04-08 15:00:00,103.54,103.63600000000001,103.51,103.61,24605
2013-04-08 15:15:00,103.6,103.73,103.505,103.73,26000
2013-04-08 15:30:00,103.7,103.87,103.62,103.86,17349
2013-04-08 15:45:00,103.86,104.16,103.86,103.9901,49391
2013-04-08 16:00:00,103.99,104.02,103.81,103.92,95642
2013-04-09 09:45:00,102.38,103.08,102.0,102.15,95742
2013-04-09 10:00:00,102.04,102.62,102.0,102.07,36583
2013-04-09 10:15:00,102.14,102.57,102.0,102.43,32322
2013-04-09 10:30:00,102.44,102.45,102.22200000000001,102.435,18211
2013-04-09 10:45:00,102.42,102.42,101.81,101.81,38510
2013-04-09 11:00:00,101.79,102.3,101.77,102.3,17955
2013-04-09 11:15:00,102.32,102.36,101.91,101.91,13993
2013-04-09 11:30:00,101.88,101.95,101.69,101.69,28707
2013-04-09 11:45:00,101.7,101.77,101.54,101.6,15796
2013-04-09 12:00:00,101.585,101.67,101.19,101.42,32378
2013-04-09 12:15:00,101.45,101.51,101.275,101.33,23695
2013-04-09 12:30:00,101.32,101.32,100.91,101.02,47034
2013-04-09 12:45:00,101.04,101.11,100.84,100.8501,19091
2013-04-09 13:00:00,100.85,101.17,100.84,101.03,41976
2013-04-09 13:15:00,101.06,101.11,100.8,101.02,47816
2013-04-09 13:30:00,101.0,101.63,100.92,101.62,26759
2013-04-09 13:45:00,101.66,101.915,101.53,101.8901,31600
2013-04-09 14:00:00,101.92,102.05,101.77,102.05,28883
2013-04-09 14:15:00,102.015,102.15,102.0,102.15,14423
2013-04-09 14:30:00,102.15,102.2,102.02,102.15,12972
2013-04-09 14:45:00,102.145,102.319,102.04,102.18,16800
2013-04-09 15:00:00,102.18,102.2,102.04,102.04,11000
2013-04-09 15:15:00,102.05,102.08,101.99,102.02,29023
2013-04-09 15:30:00,102.02,102.06,101.98,102.02,31652
2013-04-09 15:45:00,102.04,102.07,101.9,101.97,53918
2013-04-09 16:00:00,101.97,102.09,101.83,102.07,96113
2013-04-10 09:45:00,101.99,102.43,101.59,101.67,87393
2013-04-10 10:00:00,101.67,102.06,101.54,101.95700000000001,40379
2013-04-10 10:15:00,101.99,102.8,101.96,102.65,70460
2013-04-10 10:30:00,102.67,102.81,102.53,102.72,218193
2013-04-10 10:45:00,102.72,103.1,102.65,103.1,19232
2013-04-10 11:00:00,103.14,103.75,103.04,103.75,55751
2013-04-10 11:15:00,103.77,103.81,103.56,103.58,21806
2013-04-10 11:30:00,103.55,103.56,103.11,103.39,20788
2013-04-10 11:45:00,103.39,103.42,103.18,103.24,25576
2013-04-10 12:00:00,103.21,103.51,103.14,103.43,33545
2013-04-10 12:15:00,103.44,103.6,103.25,103.57,22400
2013-04-10 12:30:00,103.58,103.64,103.56,103.58,14815
2013-04-10 12:45:00,103.59,103.67,103.36,103.5,48805
2013-04-10 13:00:00,103.4961,103.65,103.45,103.63,13620
2013-04-10 13:15:00,103.65,103.81,103.65,103.72,20924
2013-04-10 13:30:00,103.72,103.79,103.58,103.64,39698
2013-04-10 13:45:00,103.61,103.7,103.54899999999999,103.69,15611
2013-04-10 14:00:00,103.68,103.73,103.62,103.67,14941
2013-04-10 14:15:00,103.7,103.74,103.65,103.67,11376
2013-04-10 14:30:00,103.6899,103.6899,103.47,103.58,11689
2013-04-10 14:45:00,103.55,103.55,103.39,103.51,15156
2013-04-10 15:00:00,103.49,103.51,103.44,103.49,11480
2013-04-10 15:15:00,103.52,103.56,103.38,103.39,33869
2013-04-10 15:30:00,103.4,103.4,103.25,103.3,55635
2013-04-10 15:45:00,103.3,103.5499,103.26,103.53,37463
2013-04-10 16:00:00,103.52,103.55,103.42,103.5,88918
2013-04-11 09:45:00,103.79,104.43,103.51,104.31,84927
2013-04-11 10:00:00,104.325,104.39,103.93,103.93,22079
2013-04-11 10:15:00,103.93,104.575,103.92,104.54,18352
2013-04-11 10:30:00,104.55,105.0,104.5,104.94,19225
2013-04-11 10:45:00,104.93,105.0,104.68,104.98,22700
2013-04-11 11:00:00,104.98,105.4,104.96,105.36,32692
2013-04-11 11:15:00,105.39,105.4,105.1,105.14,26156
2013-04-11 11:30:00,105.15,105.35,105.1,105.15,15250
2013-04-11 11:45:00,105.17,105.23,105.03,105.1,30201
2013-04-11 12:00:00,105.04,105.08,104.82,104.88,23949
2013-04-11 12:15:00,104.8799,104.91,104.755,104.83,12450
2013-04-11 12:30:00,104.85,104.8698,104.73,104.79,11300
2013-04-11 12:45:00,104.79,104.87,104.77,104.84,10494
2013-04-11 13:00:00,104.85,104.87,104.6589,104.83,52118
2013-04-11 13:15:00,104.82,104.87,104.76,104.805,17417
2013-04-11 13:30:00,104.81,104.965,104.81,104.94,14534
2013-04-11 13:45:00,104.93,105.05,104.9,105.0,32357
2013-04-11 14:00:00,105.0,105.03,104.88,104.88,20231
2013-04-11 14:15:00,104.9,105.0,104.77,104.77,25400
2013-04-11 14:30:00,104.81,104.83,104.65,104.69,17646
2013-04-11 14:45:00,104.71,104.79,104.47,104.52,26800
2013-04-11 15:00:00,104.53,104.64,104.48,104.62,44738
2013-04-11 15:15:00,104.63,104.73,104.48,104.67,59081
2013-04-11 15:30:00,104.645,104.71,104.04,104.1,90905
2013-04-11 15:45:00,104.11,104.19,103.8,103.84,120336
2013-04-11 16:00:00,103.92,104.03,103.54,104.03,310852
2013-04-12 09:45:00,104.05,104.94,103.6901,104.45,108616
2013-04-12 10:00:00,104.3775,104.39,102.83,103.38,77654
2013-04-12 10:15:00,103.36,103.52,103.1,103.455,74884
2013-04-12 10:30:00,103.46,103.48,103.12,103.19,40815
2013-04-12 10:45:00,103.15,103.21,103.0,103.04,15907
2013-04-12 11:00:00,103.04,103.05,102.54,102.94,37068
2013-04-12 11:15:00,102.93,103.2,102.81,103.19,8455
2013-04-12 11:30:00,103.19,103.55,103.18,103.54,13660
2013-04-12 11:45:00,103.59,103.59,103.19,103.25,23703
2013-04-12 12:00:00,103.25,103.43,103.03,103.05,13082
2013-04-12 12:15:00,103.12,103.25,103.015,103.25,20300
2013-04-12 12:30:00,103.21,103.3168,103.0,103.19,35019
2013-04-12 12:45:00,103.21,103.34,103.02,103.06,26614
2013-04-12 13:00:00,103.06,103.3,103.03,103.08,25320
2013-04-12 13:15:00,103.08,103.15,103.02,103.06,24470
2013-04-12 13:30:00,103.04,103.12,102.9,103.0795,10300
2013-04-12 13:45:00,103.12,103.16,103.03,103.12,5200
2013-04-12 14:00:00,103.135,103.24,103.13,103.22,8955
2013-04-12 14:15:00,103.21,103.25,102.95,103.01,37805
2013-04-12 14:30:00,102.98,103.11,102.94,102.99,46204
2013-04-12 14:45:00,102.995,103.12,102.88,103.02,15604
2013-04-12 15:00:00,103.07,103.12,102.97,103.0,31470
2013-04-12 15:15:00,103.02,103.17,103.01,103.15,19000
2013-04-12 15:30:00,103.16,103.2,102.97,103.16,38716
2013-04-12 15:45:00,103.18,103.22,103.03,103.07,75721
2013-04-12 16:00:00,103.07,103.2,103.05,103.13,98189
2013-04-15 09:45:00,102.88,103.14,102.56,102.85,55850
2013-04-15 10:00:00,102.76,102.97,102.43,102.585,49703
2013-04-15 10:15:00,102.49,102.6,101.82,101.96,47091
2013-04-15 10:30:00,101.94,101.94,101.29,101.5,39811
2013-04-15 10:45:00,101.58,101.7,101.26,101.64,26990
2013-04-15 11:00:00,101.64,101.64,101.06,101.245,72418
2013-04-15 11:15:00,101.26,101.32,100.95,101.24,67361
2013-04-15 11:30:00,101.23,101.25,101.0,101.19,10324
2013-04-15 11:45:00,101.14,101.44,101.09,101.3,29561
2013-04-15 12:00:00,101.3,101.3,100.23,100.3,61014
2013-04-15 12:15:00,100.3,100.57,100.12,100.56,29782
2013-04-15 12:30:00,100.5,100.5,100.25,100.2699,12646
2013-04-15 12:45:00,100.24,100.435,100.1,100.39,11716
2013-04-15 13:00:00,100.4099,100.44,100.14,100.3,16442
2013-04-15 13:15:00,100.28,100.52,100.28,100.41,18640
2013-04-15 13:30:00,100.395,100.395,100.2,100.245,60024
2013-04-15 13:45:00,100.245,100.43,100.16,100.31,31696
2013-04-15 14:00:00,100.29,100.43,100.19,100.3175,59997
2013-04-15 14:15:00,100.31,100.32,100.15,100.3,19553
2013-04-15 14:30:00,100.3,100.35,100.15,100.25,57788
2013-04-15 14:45:00,100.25,100.335,100.13,100.24,31746
2013-04-15 15:00:00,100.25,100.31,99.7539,99.8,42716
2013-04-15 15:15:00,99.82,100.01,99.56,99.74,82979
2013-04-15 15:30:00,99.819,100.31,99.819,100.05,32154
2013-04-15 15:45:00,100.03,100.09,99.6211,99.8699,52939
2013-04-15 16:00:00,99.87,100.17,99.87,100.0,120655
2013-04-16 09:45:00,101.02,101.11,100.12,100.389,72745
2013-04-16 10:00:00,100.34,100.696,99.84,100.13,101123
2013-04-16 10:15:00,100.125,100.14,99.91,100.04,66108
2013-04-16 10:30:00,100.04,100.125,99.92,100.05,32436
2013-04-16 10:45:00,100.05,100.25,100.0,100.15,27877
2013-04-16 11:00:00,100.165,100.32,100.06,100.09,61613
2013-04-16 11:15:00,100.11,100.33,100.05,100.27,58969
2013-04-16 11:30:00,100.26,100.32,100.0,100.0,27413
2013-04-16 11:45:00,99.99,100.1,99.98,99.98,34178
2013-04-16 12:00:00,100.0,100.195,99.95,100.17,26968
2013-04-16 12:15:00,100.2,100.24,100.09,100.1406,30071
2013-04-16 12:30:00,100.1616,100.22,100.111,100.18,15654
2013-04-16 12:45:00,100.196,100.41,100.11,100.14,21818
2013-04-16 13:00:00,100.14,100.58,100.12,100.54,21518
2013-04-16 13:15:00,100.54,100.54,100.16,100.19,32197
2013-04-16 13:30:00,100.2,100.37,100.17,100.34,14778
2013-04-16 13:45:00,100.36,100.38,100.14,100.18,21706
2013-04-16 14:00:00,100.1601,100.26,100.08,100.08,12366
2013-04-16 14:15:00,100.1,100.105,99.98,100.03,18659
2013-04-16 14:30:00,100.0324,100.0324,99.92,99.97,24608
2013-04-16 14:45:00,99.96,100.035,99.92,99.97,22236
2013-04-16 15:00:00,99.98,100.04,99.82,99.84,27727
2013-04-16 15:15:00,99.84,100.085,99.83,100.08,20854
2013-04-16 15:30:00,100.085,100.15,99.97,99.98,43521
2013-04-16 15:45:00,100.0,100.01,99.86,99.95,52249
2013-04-16 16:00:00,99.95,100.05,99.8,99.95,145675
2013-04-17 09:45:00,99.67,99.945,99.22399999999999,99.54,89003
2013-04-17 10:00:00,99.57,99.73,99.42,99.5,91131
2013-04-17 10:15:00,99.51,99.51,98.83,99.09,49128
2013-04-17 10:30:00,99.09,99.236,98.9,98.9,33924
2013-04-17 10:45:00,98.9,98.98,98.6,98.63,46892
2013-04-17 11:00:00,98.615,98.79,98.24,98.25,45696
2013-04-17 11:15:00,98.235,98.415,98.17,98.29,33347
2013-04-17 11:30:00,98.27,98.56,98.16,98.49,87601
2013-04-17 11:45:00,98.47,98.587,98.185,98.21,32116
2013-04-17 12:00:00,98.21,98.32,98.055,98.06,25861
2013-04-17 12:15:00,98.07,98.125,97.765,97.84,40725
2013-04-17 12:30:00,97.82,98.075,97.79,97.8,49251
2013-04-17 12:45:00,97.86,98.305,97.84,98.25,39349
2013-04-17 13:00:00,98.32,98.69,98.25,98.66,36800
2013-04-17 13:15:00,98.66,98.72,98.55,98.68,56820
2013-04-17 13:30:00,98.69,98.73,98.555,98.584,17009
2013-04-17 13:45:00,98.585,98.69,98.5,98.61,41145
2013-04-17 14:00:00,98.59,98.76,98.53,98.69,48625
2013-04-17 14:15:00,98.7,98.84,98.56,98.78,57247
2013-04-17 14:30:00,98.7701,99.04,98.75,98.98,19973
2013-04-17 14:45:00,98.95,98.98,98.55,98.5501,17458
2013-04-17 15:00:00,98.55,98.725,98.54,98.725,21000
2013-04-17 15:15:00,98.71,98.88,98.65,98.82,16778
2013-04-17 15:30:00,98.85,98.985,98.74,98.78,29547
2013-04-17 15:45:00,98.74,98.76,98.49,98.61,47365
2013-04-17 16:00:00,98.62,98.79,98.54,98.64,79626
2013-04-18 09:45:00,99.0,99.8,98.82,99.2,64513
2013-04-18 10:00:00,99.15,99.18,98.38,98.89,23068
2013-04-18 10:15:00,98.94,99.14,98.63,99.14,53357
2013-04-18 10:30:00,99.14,99.149,98.75,99.09,19971
2013-04-18 10:45:00,99.162,99.38,99.0,99.11,13707
2013-04-18 11:00:00,99.1,99.17,98.85,98.85,94176
2013-04-18 11:15:00,98.85,98.9,98.6,98.69,14662
2013-04-18 11:30:00,98.63,98.73,98.235,98.3,15332
2013-04-18 11:45:00,98.35,98.44,98.12,98.14,11414
2013-04-18 12:00:00,98.01,98.34,98.01,98.34,10670
2013-04-18 12:15:00,98.32,98.58,98.32,98.57,10256
2013-04-18 12:30:00,98.58,98.64,98.48,98.62,6096
2013-04-18 12:45:00,98.5301,98.61,98.41,98.44,16162
2013-04-18 13:00:00,98.43,98.6,98.43,98.6,4844
2013-04-18 13:15:00,98.58,98.83,98.53,98.79,12121
2013-04-18 13:30:00,98.73,98.73,98.5,98.51,5829
2013-04-18 13:45:00,98.53,98.53,98.39,98.46,8392
2013-04-18 14:00:00,98.465,98.64,98.45,98.59,149438
2013-04-18 14:15:00,98.56,98.62,98.47,98.56,15630
2013-04-18 14:30:00,98.56,98.67,98.46,98.66,14769
2013-04-18 14:45:00,98.69,98.72,98.56,98.6,11130
2013-04-18 15:00:00,98.54,98.63,98.49,98.58,28290
2013-04-18 15:15:00,98.62,98.66,98.45,98.62,20988
2013-04-18 15:30:00,98.61,98.72,98.58,98.7,30201
2013-04-18 15:45:00,98.71,98.87,98.69,98.86,24983
2013-04-18 16:00:00,98.85,98.93,98.73,98.84,92996
2013-04-19 09:45:00,98.59,99.3,98.37,99.07,168497
2013-04-19 10:00:00,99.09,99.09,98.6,98.69,60929
2013-04-19 10:15:00,98.74,99.08,98.69,99.06,27786
2013-04-19 10:30:00,99.1,99.1,98.84,98.89,29542
2013-04-19 10:45:00,98.915,99.07,98.8,98.97,21411
2013-04-19 11:00:00,98.93,99.06,98.79,98.99,18420
2013-04-19 11:15:00,99.025,99.26,99.0,99.18,70039
2013-04-19 11:30:00,99.17,99.72,99.07,99.7,230663
2013-04-19 11:45:00,99.71,99.8,99.63,99.736,76629
2013-04-19 12:00:00,99.738,99.82,99.59,99.6,128348
2013-04-19 12:15:00,99.6,99.705,99.49,99.59,41855
2013-04-19 12:30:00,99.6,99.64,99.52,99.56,17853
2013-04-19 12:45:00,99.59,99.6,99.4701,99.525,21410
2013-04-19 13:00:00,99.51,99.51,99.26,99.3,31715
2013-04-19 13:15:00,99.3,99.42,99.29,99.36,12289
2013-04-19 13:30:00,99.36,99.43,99.34,99.4,12542
2013-04-19 13:45:00,99.39,99.47,99.32,99.46,8326
2013-04-19 14:00:00,99.43,99.45,99.34,99.45,19086
2013-04-19 14:15:00,99.4,99.67,99.4,99.67,13250
2013-04-19 14:30:00,99.64,99.8,99.64,99.67,14950
2013-04-19 14:45:00,99.68,99.72,99.37,99.405,18292
2013-04-19 15:00:00,99.38,99.38,99.26,99.26,17283
2013-04-19 15:15:00,99.3,99.44,99.2,99.3,30476
2013-04-19 15:30:00,99.32,99.44,99.25,99.44,18610
2013-04-19 15:45:00,99.44,99.51,99.3,99.3901,23859
2013-04-19 16:00:00,99.39,99.44,99.3,99.35,57374
2013-04-22 09:45:00,99.29,99.53,98.95,99.2,49298
2013-04-22 10:00:00,99.2,99.48,98.8,99.38,18862
2013-04-22 10:15:00,99.3,99.42,99.01,99.09,26984
2013-04-22 10:30:00,99.08,99.17,98.87,99.06,19293
2013-04-22 10:45:00,99.02,99.27,98.91,99.24,27228
2013-04-22 11:00:00,99.26,99.5,99.15,99.34,22590
2013-04-22 11:15:00,99.38,99.39,99.13,99.14,15013
2013-04-22 11:30:00,99.12,99.23,99.08,99.15,14682
2013-04-22 11:45:00,99.19,99.31,99.1,99.24,9323
2013-04-22 12:00:00,99.27,99.35,99.13,99.34,6600
2013-04-22 12:15:00,99.38,99.42,99.28,99.35,48579
2013-04-22 12:30:00,99.38,99.39,99.225,99.34,11600
2013-04-22 12:45:00,99.38,99.38,99.23,99.26,23401
2013-04-22 13:00:00,99.25,99.26,99.18,99.2,6407
2013-04-22 13:15:00,99.2,99.22,99.08,99.16,9175
2013-04-22 13:30:00,99.14,99.15,99.08,99.105,10672
2013-04-22 13:45:00,99.12,99.29,99.1,99.29,6800
2013-04-22 14:00:00,99.315,99.34,99.13,99.13,7909
2013-04-22 14:15:00,99.16,99.35,99.11,99.265,59143
2013-04-22 14:30:00,99.28,99.55,99.28,99.49,49095
2013-04-22 14:45:00,99.48,99.51,99.35,99.35,16926
2013-04-22 15:00:00,99.33,99.4999,99.31,99.37,15611
2013-04-22 15:15:00,99.38,99.51,99.32,99.5,13212
2013-04-22 15:30:00,99.52,99.58,99.43,99.565,23850
2013-04-22 15:45:00,99.56,99.75,99.54,99.745,32811
2013-04-22 16:00:00,99.74,99.745,99.48,99.48,60739
2013-04-23 09:45:00,100.0,100.708,99.695,100.57,166125
2013-04-23 10:00:00,100.63,100.63,100.29,100.39,149520
2013-04-23 10:15:00,100.39,100.49,100.36,100.46600000000001,31524
2013-04-23 10:30:00,100.47,100.51,100.14,100.32,63443
2013-04-23 10:45:00,100.31,100.382,100.23,100.34,61602
2013-04-23 11:00:00,100.35,100.39,100.17,100.32,62840
2013-04-23 11:15:00,100.32,100.37,100.19,100.31,34932
2013-04-23 11:30:00,100.29,100.33,100.24,100.3,58932
2013-04-23 11:45:00,100.3,100.56,100.25,100.47,100088
2013-04-23 12:00:00,100.46,100.62,100.45,100.48,78516
2013-04-23 12:15:00,100.5,100.62,100.49,100.58,68145
2013-04-23 12:30:00,100.57,100.65,100.54,100.55,24580
2013-04-23 12:45:00,100.53,100.84,100.5,100.82,28479
2013-04-23 13:00:00,100.81,100.91,100.75,100.9,24730
2013-04-23 13:15:00,100.93,100.93,100.02,100.84,41784
2013-04-23 13:30:00,100.79,100.88,100.71,100.74,13195
2013-04-23 13:45:00,100.72,100.92,100.71,100.86,10384
2013-04-23 14:00:00,100.83,100.8999,100.74,100.84,13663
2013-04-23 14:15:00,100.83,100.88,100.8,100.87,15069
2013-04-23 14:30:00,100.9,100.95,100.79,100.805,19634
2013-04-23 14:45:00,100.79,101.16,100.77,101.15,36944
2013-04-23 15:00:00,101.14,101.3,101.11,101.3,20800
2013-04-23 15:15:00,101.28,101.355,101.205,101.27,27441
2013-04-23 15:30:00,101.27,101.41,101.2,101.3701,38586
2013-04-23 15:45:00,101.38,101.5,101.35,101.44,61455
2013-04-23 16:00:00,101.44,101.55,101.34,101.36,72962
2013-04-24 09:45:00,102.15,102.57,101.68,102.01,40710
2013-04-24 10:00:00,101.85,102.0,101.05,101.4,36271
2013-04-24 10:15:00,101.39,101.46,100.91,100.91,24627
2013-04-24 10:30:00,100.92,101.56,100.92,101.47,28360
2013-04-24 10:45:00,101.506,101.66,101.42,101.6,32881
2013-04-24 11:00:00,101.53,101.77,101.43,101.77,32924
2013-04-24 11:15:00,101.8,101.86,101.39,101.39,33219
2013-04-24 11:30:00,101.37,101.59,101.25,101.4,28292
2013-04-24 11:45:00,101.35,101.69,101.29,101.52,27057
2013-04-24 12:00:00,101.45,101.65,101.39,101.47,24227
2013-04-24 12:15:00,101.39,101.605,101.31,101.595,16043
2013-04-24 12:30:00,101.57,101.64,101.31,101.42,55436
2013-04-24 12:45:00,101.36,101.484,101.34,101.44,11520
2013-04-24 13:00:00,101.46,101.71,101.45,101.61,11010
2013-04-24 13:15:00,101.61,101.869,101.6,101.728,24668
2013-04-24 13:30:00,101.71,101.78,101.6,101.77,22183
2013-04-24 13:45:00,101.65,101.74,101.53,101.57,10427
2013-04-24 14:00:00,101.55,101.56,101.4,101.42,13220
2013-04-24 14:15:00,101.39,101.95,101.36,101.59,31945
2013-04-24 14:30:00,101.57,101.57,101.33,101.34,17898
2013-04-24 14:45:00,101.34,101.41,101.28,101.34,16825
2013-04-24 15:00:00,101.37,101.42,101.21,101.38,17118
2013-04-24 15:15:00,101.38,101.47,101.2,101.33,21620
2013-04-24 15:30:00,101.35,101.45,101.25,101.29,22158
2013-04-24 15:45:00,101.27,101.28,100.94,100.99,48741
2013-04-24 16:00:00,100.97,101.22,100.93,101.13,144702
2013-04-25 09:45:00,104.17,108.99,103.99,107.1575,232974
2013-04-25 10:00:00,107.07,107.315,105.8,107.22,103869
2013-04-25 10:15:00,107.15,107.23,106.31,106.5802,66952
2013-04-25 10:30:00,106.59200000000001,106.96,106.19,106.96,51996
2013-04-25 10:45:00,107.0,107.0,106.31,106.33,44780
2013-04-25 11:00:00,106.325,106.68,106.325,106.52,38421
2013-04-25 11:15:00,106.5,106.53,106.09,106.24,37470
2013-04-25 11:30:00,106.28,106.32,105.95,106.095,40591
2013-04-25 11:45:00,106.12,106.55,106.09,106.25,69344
2013-04-25 12:00:00,106.23,106.52,106.2,106.51,41760
2013-04-25 12:15:00,106.51,106.52,106.43,106.435,17386
2013-04-25 12:30:00,106.43,106.435,106.205,106.241,34507
2013-04-25 12:45:00,106.25,106.42,106.22,106.41,19095
2013-04-25 13:00:00,106.41,106.5,106.26,106.32,35359
2013-04-25 13:15:00,106.3,106.35,106.25,106.3,20036
2013-04-25 13:30:00,106.3,106.45,106.26,106.42,72903
2013-04-25 13:45:00,106.45,106.57,106.45,106.53,22433
2013-04-25 14:00:00,106.52,106.56,106.46,106.52,23242
2013-04-25 14:15:00,106.54,106.74,106.5,106.65,48721
2013-04-25 14:30:00,106.63,106.66,106.16,106.2,33281
2013-04-25 14:45:00,106.18,106.29,106.08,106.21,22912
2013-04-25 15:00:00,106.18,106.2,105.93,105.95,23542
2013-04-25 15:15:00,105.95,106.04,105.75,105.86,46333
2013-04-25 15:30:00,105.88,106.07,105.8247,106.07,48329
2013-04-25 15:45:00,106.05,106.05,105.76,105.95,78496
2013-04-25 16:00:00,105.96,106.25,105.96,106.15,209418
2013-04-26 09:45:00,106.15,106.66,105.82,106.18,25591
2013-04-26 10:00:00,106.18,106.2,105.92,105.96,24899
2013-04-26 10:15:00,106.0,106.08,105.49,105.66,50672
2013-04-26 10:30:00,105.65,105.7,105.35,105.35,21620
2013-04-26 10:45:00,105.4,105.99,105.34,105.94,22710
2013-04-26 11:00:00,106.0,106.25,105.93,106.24,19301
2013-04-26 11:15:00,106.23,106.49,106.19,106.48,24376
2013-04-26 11:30:00,106.47,106.67,106.47,106.58,23930
2013-04-26 11:45:00,106.63,106.66,106.5,106.57,17678
2013-04-26 12:00:00,106.54,106.67,106.52,106.57,14892
2013-04-26 12:15:00,106.58,106.63,106.35,106.35,28665
2013-04-26 12:30:00,106.39,106.42,106.265,106.265,17407
2013-04-26 12:45:00,106.2501,106.31,106.15,106.17,22907
2013-04-26 13:00:00,106.17,106.24,105.97,106.0232,13170
2013-04-26 13:15:00,106.07,106.31,106.05,106.285,13739
2013-04-26 13:30:00,106.3,106.68,106.29,106.66,26798
2013-04-26 13:45:00,106.66,106.67,106.49,106.57,15000
2013-04-26 14:00:00,106.57,106.65,106.49,106.53399999999999,11457
2013-04-26 14:15:00,106.515,106.55,106.333,106.333,18820
2013-04-26 14:30:00,106.345,106.45,106.345,106.35,17736
2013-04-26 14:45:00,106.36,106.43,106.32,106.41,23947
2013-04-26 15:00:00,106.42,106.59,106.4,106.58,16310
2013-04-26 15:15:00,106.57,106.66,106.52,106.66,23477
2013-04-26 15:30:00,106.65,106.68,106.51,106.665,21908
2013-04-26 15:45:00,106.67,106.695,106.56,106.59,42533
2013-04-26 16:00:00,106.6,106.6,106.26,106.45,76590
2013-04-29 09:45:00,106.81,107.459,106.55,107.31700000000001,46806
2013-04-29 10:00:00,107.35,107.54,107.055,107.11,43405
2013-04-29 10:15:00,107.06,107.48,106.8701,107.32,34144
2013-04-29 10:30:00,107.35,107.552,107.3,107.3248,20601
2013-04-29 10:45:00,107.295,107.56,107.27,107.49,18875
2013-04-29 11:00:00,107.49,107.67,107.48,107.66,16019
2013-04-29 11:15:00,107.68,107.69,107.535,107.56,30846
2013-04-29 11:30:00,107.58,107.58,107.325,107.39,29267
2013-04-29 11:45:00,107.4,107.41,107.11,107.17,19509
2013-04-29 12:00:00,107.2,107.24,107.1,107.22,29296
2013-04-29 12:15:00,107.24,107.38,107.21,107.38,16590
2013-04-29 12:30:00,107.38,107.48,107.36,107.43,13200
2013-04-29 12:45:00,107.4285,107.48,107.39,107.43,9471
2013-04-29 13:00:00,107.41,107.44,107.39,107.405,13930
2013-04-29 13:15:00,107.42,107.56,107.39,107.56,17860
2013-04-29 13:30:00,107.56,107.9,107.56,107.9,28000
2013-04-29 13:45:00,107.9,107.95,107.88,107.88,19587
2013-04-29 14:00:00,107.88,107.88,107.78,107.8,16542
2013-04-29 14:15:00,107.8,107.98,107.8,107.9,16431
2013-04-29 14:30:00,107.92,108.11,107.9,108.0999,29942
2013-04-29 14:45:00,108.1,108.17,108.06,108.08,33398
2013-04-29 15:00:00,108.075,108.13,107.77,107.78,27970
2013-04-29 15:15:00,107.81,107.825,107.48,107.61,47911
2013-04-29 15:30:00,107.56,107.6,107.5,107.56,32499
2013-04-29 15:45:00,107.57,107.66,107.44,107.48,37488
2013-04-29 16:00:00,107.47,107.76,107.43,107.69,84683
2013-04-30 09:45:00,107.2,107.6,106.79,107.0,49932
2013-04-30 10:00:00,106.99,107.11,106.4101,106.45,31626
2013-04-30 10:15:00,106.44,106.61,106.0801,106.21,46998
2013-04-30 10:30:00,106.19,106.23,105.81,105.96,35422
2013-04-30 10:45:00,105.94,106.32,105.91,106.32,11333
2013-04-30 11:00:00,106.35700000000001,106.72,106.35,106.72,11480
2013-04-30 11:15:00,106.67,106.67,106.36,106.39,13480
2013-04-30 11:30:00,106.38,106.385,106.21,106.3,14838
2013-04-30 11:45:00,106.3,106.61,106.3,106.595,11160
2013-04-30 12:00:00,106.59,106.69,106.52,106.52,11902
2013-04-30 12:15:00,106.5,106.52,106.265,106.29,10609
2013-04-30 12:30:00,106.29,106.4,106.17,106.4,8100
2013-04-30 12:45:00,106.4,106.45,106.24,106.37,8265
2013-04-30 13:00:00,106.36,106.65,106.36,106.64,15889
2013-04-30 13:15:00,106.66,106.66,106.51,106.52,4910
2013-04-30 13:30:00,106.54,106.66,106.54,106.65,10738
2013-04-30 13:45:00,106.63,106.7,106.57,106.65,9882
2013-04-30 14:00:00,106.68,106.91,106.68,106.9,16393
2013-04-30 14:15:00,106.9,106.9,106.68,106.8,11809
2013-04-30 14:30:00,106.8,106.8923,106.78,106.86,10107
2013-04-30 14:45:00,106.87,107.11,106.86,107.08,9088
2013-04-30 15:00:00,107.08,107.15,107.02,107.08,16320
2013-04-30 15:15:00,107.09,107.09,106.94,107.02,10902
2013-04-30 15:30:00,107.04,107.04,106.9305,107.0,16785
2013-04-30 15:45:00,107.0,107.03,106.94,107.02,29085
2013-04-30 16:00:00,107.04,107.32,107.02,107.32,103029
2013-05-01 09:45:00,107.5,108.1,107.306,107.79,57901
2013-05-01 10:00:00,107.82,107.82,107.21,107.56,28140
2013-05-01 10:15:00,107.53,108.19,107.53,107.98,37530
2013-05-01 10:30:00,107.92,108.26,107.8,107.8,22680
2013-05-01 10:45:00,107.79,108.0,107.73,107.93,11671
2013-05-01 11:00:00,107.85,107.85,107.56,107.6,13427
2013-05-01 11:15:00,107.64,107.65,107.555,107.61,11665
2013-05-01 11:30:00,107.62,107.7,107.53,107.69,24810
2013-05-01 11:45:00,107.66,107.75,107.6,107.665,18925
2013-05-01 12:00:00,107.67,108.12,107.6,108.12,29388
2013-05-01 12:15:00,108.13,108.14,107.85,107.92,9102
2013-05-01 12:30:00,107.92,108.03,107.86,107.91,6500
2013-05-01 12:45:00,107.88,108.0,107.86,107.94,10300
2013-05-01 13:00:00,107.94,108.06,107.82,107.82,14892
2013-05-01 13:15:00,107.76,107.86,107.56,107.56,14995
2013-05-01 13:30:00,107.53,107.74,107.46,107.68,19892
2013-05-01 13:45:00,107.69,107.79,107.54,107.65,15381
2013-05-01 14:00:00,107.64,107.97,107.55,107.9699,14581
2013-05-01 14:15:00,107.94,108.2,107.93,108.05,34877
2013-05-01 14:30:00,108.055,108.28,108.05,108.14,24267
2013-05-01 14:45:00,108.13,108.29,108.12,108.26,17204
2013-05-01 15:00:00,108.23,108.23,107.9901,108.14,20600
2013-05-01 15:15:00,108.14,108.15,107.95,107.97,19846
2013-05-01 15:30:00,107.95,108.0,107.58,107.6,27793
2013-05-01 15:45:00,107.61,107.77,107.54,107.55,24750
2013-05-01 16:00:00,107.52,107.65,107.45,107.5,79139
2013-05-02 09:45:00,107.44,107.75,106.79,107.56,20467
2013-05-02 10:00:00,107.69,107.97,107.49,107.97,9250
2013-05-02 10:15:00,107.98,108.07,107.08,107.18,34582
2013-05-02 10:30:00,107.19,107.22,106.96,107.12,18256
2013-05-02 10:45:00,107.09,107.51,107.07,107.42,14373
2013-05-02 11:00:00,107.42,107.6,107.35,107.54,19919
2013-05-02 11:15:00,107.56,107.82,107.54,107.81,9247
2013-05-02 11:30:00,107.78,107.87,107.72,107.83,10212
2013-05-02 11:45:00,107.83,108.04,107.82,108.0,11708
2013-05-02 12:00:00,107.9975,108.18,107.98,108.01,12656
2013-05-02 12:15:00,108.04,108.15,108.04,108.04,9100
2013-05-02 12:30:00,108.015,108.08,107.88,107.93,11800
2013-05-02 12:45:00,107.95,108.15,107.95,108.12,9438
2013-05-02 13:00:00,108.125,108.29,108.09,108.27,5464
2013-05-02 13:15:00,108.29,108.29,108.06,108.08,22063
2013-05-02 13:30:00,108.07,108.16,108.06,108.12,21958
2013-05-02 13:45:00,108.12,108.26,108.09,108.23,15500
2013-05-02 14:00:00,108.24,108.39,108.22,108.34,14574
2013-05-02 14:15:00,108.34,108.505,108.3,108.31,21045
2013-05-02 14:30:00,108.29,108.305,108.141,108.23,12568
2013-05-02 14:45:00,108.23,108.34,108.18,108.21,9923
2013-05-02 15:00:00,108.2,108.335,108.18,108.22,7400
2013-05-02 15:15:00,108.2,108.32,108.15,108.18,10333
2013-05-02 15:30:00,108.18,108.19,108.09,108.12,11833
2013-05-02 15:45:00,108.12,108.23,108.08,108.23,19601
2013-05-02 16:00:00,108.22,108.23,108.07,108.13,48646
2013-05-03 09:45:00,108.85,109.74,108.48,109.61,65289
2013-05-03 10:00:00,109.72,109.98,109.65,109.6901,27603
2013-05-03 10:15:00,109.69,109.77,109.08,109.13,51444
2013-05-03 10:30:00,109.12,109.18,108.93,109.06,17130
2013-05-03 10:45:00,109.06,109.19,108.92,109.06,18147
2013-05-03 11:00:00,109.1,109.13,108.97,109.13,9173
2013-05-03 11:15:00,109.11,109.59,109.11,109.53,11042
2013-05-03 11:30:00,109.501,109.6,109.46,109.47,17238
2013-05-03 11:45:00,109.54,109.63,109.51,109.59,13240
2013-05-03 12:00:00,109.6,109.63,109.551,109.61,17595
2013-05-03 12:15:00,109.57,109.69,109.49,109.56,29498
2013-05-03 12:30:00,109.565,109.62,109.52,109.52,9133
2013-05-03 12:45:00,109.51,109.53,109.27,109.38,40120
2013-05-03 13:00:00,109.42,109.71,109.39,109.71,16059
2013-05-03 13:15:00,109.675,109.9,109.66,109.9,12671
2013-05-03 13:30:00,109.91,109.91,109.62,109.62,11758
2013-05-03 13:45:00,109.635,109.71,109.51,109.7,13200
2013-05-03 14:00:00,109.73,109.86,109.69,109.84,16376
2013-05-03 14:15:00,109.83,109.85,109.6,109.72,26259
2013-05-03 14:30:00,109.7,109.81,109.64,109.75,25482
2013-05-03 14:45:00,109.76,109.82,109.55,109.55,17187
2013-05-03 15:00:00,109.54,109.71,109.52,109.63,14075
2013-05-03 15:15:00,109.6,109.64,109.36,109.36,25705
2013-05-03 15:30:00,109.36,109.58,109.345,109.57,29216
2013-05-03 15:45:00,109.58,109.92,109.51,109.88,39106
2013-05-03 16:00:00,109.875,110.03,109.86,109.88,93782
2013-05-06 09:45:00,109.58,109.9975,109.58,109.84,14053
2013-05-06 10:00:00,109.77,109.91,109.46,109.5,15216
2013-05-06 10:15:00,109.49,109.69,109.47,109.5,18503
2013-05-06 10:30:00,109.48,109.73,109.45,109.58,31709
2013-05-06 10:45:00,109.55,109.94,109.48,109.93,14988
2013-05-06 11:00:00,109.86,110.0,109.71,109.99,19697
2013-05-06 11:15:00,109.99,110.34,109.99,110.26,26037
2013-05-06 11:30:00,110.27,110.505,110.26,110.38,16705
2013-05-06 11:45:00,110.35,110.35,109.9,109.93,15027
2013-05-06 12:00:00,109.96,110.3,109.96,110.24,9764
2013-05-06 12:15:00,110.25,110.36,110.05,110.05,9554
2013-05-06 12:30:00,110.05,110.09,109.89,110.05,15400
2013-05-06 12:45:00,110.07,110.325,109.985,110.31,26996
2013-05-06 13:00:00,110.34,110.52,110.24,110.29,13547
2013-05-06 13:15:00,110.29,110.33,110.08,110.16,7670
2013-05-06 13:30:00,110.10700000000001,110.24,109.98,110.11,13507
2013-05-06 13:45:00,110.08,110.14,109.99,110.05,12029
2013-05-06 14:00:00,110.06,110.3,109.97,110.3,11285
2013-05-06 14:15:00,110.3,110.3,110.15,110.16,12375
2013-05-06 14:30:00,110.16,110.29,110.12,110.25,9076
2013-05-06 14:45:00,110.245,110.27,110.13,110.212,13494
2013-05-06 15:00:00,110.2,110.279,110.18,110.27,12078
2013-05-06 15:15:00,110.28,110.309,110.04,110.07,14605
2013-05-06 15:30:00,110.05,110.14,109.9,110.05,15400
2013-05-06 15:45:00,110.04,110.1,110.0,110.07,15388
2013-05-06 16:00:00,110.06,110.35,110.0,110.29,87278
2013-05-07 09:45:00,109.93,110.39,109.805,110.1,18608
2013-05-07 10:00:00,110.03,110.45,110.03,110.29,10296
2013-05-07 10:15:00,110.28,110.3,109.8,109.9,27080
2013-05-07 10:30:00,109.94,110.29,109.69,110.11,11678
2013-05-07 10:45:00,110.1065,110.38,110.098,110.29,21294
2013-05-07 11:00:00,110.265,110.35,110.22,110.255,9440
2013-05-07 11:15:00,110.31,110.32,110.14,110.2,14863
2013-05-07 11:30:00,110.19,110.29,110.02,110.17,37687
2013-05-07 11:45:00,110.18,110.6199,110.18,110.6199,27125
2013-05-07 12:00:00,110.5531,110.6299,110.4,110.41,5840
2013-05-07 12:15:00,110.4,110.51,110.34,110.37,4279
2013-05-07 12:30:00,110.34,110.37,110.21,110.27,13300
2013-05-07 12:45:00,110.27,110.33,110.19,110.28,6300
2013-05-07 13:00:00,110.32,110.56,110.23,110.56,15314
2013-05-07 13:15:00,110.53,110.57,110.4801,110.52,12766
2013-05-07 13:30:00,110.51,110.52,110.41,110.47,3956
2013-05-07 13:45:00,110.45,110.51,110.39,110.4,7384
2013-05-07 14:00:00,110.38,110.44,110.34,110.38,7376
2013-05-07 14:15:00,110.36,110.4,110.36,110.36,5003
2013-05-07 14:30:00,110.36,110.39,110.32,110.36,8778
2013-05-07 14:45:00,110.33,110.3699,110.3,110.34,7600
2013-05-07 15:00:00,110.32,110.56,110.32,110.56,8425
2013-05-07 15:15:00,110.52,110.72,110.52,110.72,9262
2013-05-07 15:30:00,110.73,110.7648,110.6701,110.69,12392
2013-05-07 15:45:00,110.69,110.73,110.58,110.73,27842
2013-05-07 16:00:00,110.72,110.79,110.63,110.78,46434
2013-05-08 09:45:00,110.91,111.0,110.55,110.69,28451
2013-05-08 10:00:00,110.56,110.775,110.3865,110.62,12935
2013-05-08 10:15:00,110.715,110.84,110.65,110.65,7518
2013-05-08 10:30:00,110.69,110.7,110.39,110.58,15931
2013-05-08 10:45:00,110.61,110.698,110.415,110.698,24127
2013-05-08 11:00:00,110.68,110.738,110.52,110.54,8073
2013-05-08 11:15:00,110.55,110.55,110.39,110.47,25599
2013-05-08 11:30:00,110.45,110.46,110.39,110.42,7500
2013-05-08 11:45:00,110.395,110.456,110.27,110.32,11646
2013-05-08 12:00:00,110.28,110.3,110.01,110.04,15200
2013-05-08 12:15:00,110.01,110.07,109.53,109.63,88481
2013-05-08 12:30:00,109.63,109.69,108.85,108.89,86022
2013-05-08 12:45:00,108.86,109.6,108.67,109.53,61593
2013-05-08 13:00:00,109.5312,109.595,109.26,109.56,34051
2013-05-08 13:15:00,109.56,109.8199,109.53,109.74,6500
2013-05-08 13:30:00,109.74,109.83,109.72,109.75,10531
2013-05-08 13:45:00,109.73,109.84,109.61,109.62,16601
2013-05-08 14:00:00,109.6,109.6,109.34,109.47,42099
2013-05-08 14:15:00,109.48,109.52,109.3,109.31,11430
2013-05-08 14:30:00,109.3,109.44,109.3,109.39,16000
2013-05-08 14:45:00,109.37,109.4,109.235,109.26,19554
2013-05-08 15:00:00,109.25,109.32,109.13,109.32,23618
2013-05-08 15:15:00,109.35,109.5299,109.35,109.5,20400
2013-05-08 15:30:00,109.49,109.63,109.32,109.57,32330
2013-05-08 15:45:00,109.58,109.64,109.41,109.61,37934
2013-05-08 16:00:00,109.6,109.66,109.39,109.42,83621
2013-05-09 09:45:00,109.59,110.32,109.59,110.25,14761
2013-05-09 10:00:00,110.3,110.61,110.13,110.24,20800
2013-05-09 10:15:00,110.41,110.41,109.98,110.024,9807
2013-05-09 10:30:00,110.03,110.03,109.62,109.73,9589
2013-05-09 10:45:00,109.745,110.15,109.68,110.11,21376
2013-05-09 11:00:00,110.15,110.16,109.77,109.81,4758
2013-05-09 11:15:00,109.8899,109.89,109.76,109.78,15153
2013-05-09 11:30:00,109.79,109.98,109.71,109.89,26188
2013-05-09 11:45:00,109.89,110.32,109.89,110.28,18457
2013-05-09 12:00:00,110.28,110.33,110.12,110.12,13513
2013-05-09 12:15:00,110.17,110.18,110.03,110.03,7126
2013-05-09 12:30:00,110.04,110.04,109.91,109.96,2700
2013-05-09 12:45:00,109.94,110.06,109.94,110.01,3890
2013-05-09 13:00:00,110.01,110.02,109.85,109.91,4577
2013-05-09 13:15:00,109.94,110.06,109.92,109.99,5400
2013-05-09 13:30:00,109.97,110.11,109.97,110.11,4711
2013-05-09 13:45:00,110.19,110.44,110.14,110.44,10589
2013-05-09 14:00:00,110.43,110.48,110.29,110.29,9892
2013-05-09 14:15:00,110.3,110.38,110.24,110.29,7401
2013-05-09 14:30:00,110.33200000000001,110.4,110.25,110.32,9624
2013-05-09 14:45:00,110.32799999999999,110.35,110.0,110.01,12997
2013-05-09 15:00:00,109.99,110.1,109.78,109.79,10429
2013-05-09 15:15:00,109.79,109.88,109.63,109.8,18850
2013-05-09 15:30:00,109.8,110.0,109.8,109.89,19120
2013-05-09 15:45:00,109.89,109.96,109.8,109.836,20539
2013-05-09 16:00:00,109.82,110.07,109.8,110.06,80101
2013-05-10 09:45:00,109.94,110.49,109.94,110.14,46489
2013-05-10 10:00:00,110.08,110.36,109.94,110.03,15606
2013-05-10 10:15:00,110.04,110.31,110.02,110.05,11763
2013-05-10 10:30:00,110.01,110.14,109.98,110.06,16292
2013-05-10 10:45:00,110.05,110.05,109.71,109.89,14312
2013-05-10 11:00:00,109.92,109.98,109.805,109.9,5945
2013-05-10 11:15:00,109.87,109.87,109.70299999999999,109.75,9887
2013-05-10 11:30:00,109.75,109.84,109.67,109.73,13796
2013-05-10 11:45:00,109.76,109.88,109.58,109.655,26987
2013-05-10 12:00:00,109.64200000000001,109.67,109.305,109.33,12117
2013-05-10 12:15:00,109.34,109.46,109.22,109.45,10290
2013-05-10 12:30:00,109.46,109.69,109.43,109.67,15693
2013-05-10 12:45:00,109.73,109.81,109.73,109.81,2916
2013-05-10 13:00:00,109.83,110.07,109.815,110.0,13759
2013-05-10 13:15:00,109.98,110.12,109.92,109.92,8628
2013-05-10 13:30:00,109.95,110.03,109.89,110.0,5600
2013-05-10 13:45:00,109.9601,110.15,109.96,110.04,9342
2013-05-10 14:00:00,110.03,110.04,109.91,109.95,9813
2013-05-10 14:15:00,109.99,110.03,109.77,109.78,17015
2013-05-10 14:30:00,109.8,109.86,109.65,109.68,41650
2013-05-10 14:45:00,109.71,110.11,109.67,110.1,17653
2013-05-10 15:00:00,110.1,110.16,110.09,110.12,4428
2013-05-10 15:15:00,110.14,110.21,110.13,110.17,9982
2013-05-10 15:30:00,110.165,110.165,109.96,109.96,7019
2013-05-10 15:45:00,109.96,109.99,109.89,109.92,17649
2013-05-10 16:00:00,109.91,110.2,109.9,110.2,44269
2013-05-13 09:45:00,109.75,110.44,109.08,109.09,20874
2013-05-13 10:00:00,109.1,109.18,108.58,108.85,40981
2013-05-13 10:15:00,108.86,109.51,108.84,109.36,24046
2013-05-13 10:30:00,109.38,109.47,108.91,108.97,16913
2013-05-13 10:45:00,108.93,109.23,108.8,109.06,19994
2013-05-13 11:00:00,109.05,109.1,108.77,108.87,25065
2013-05-13 11:15:00,108.81,109.07,108.8,108.91,11217
2013-05-13 11:30:00,108.97,109.31,108.9,109.28,25256
2013-05-13 11:45:00,109.245,109.64,109.245,109.625,6800
2013-05-13 12:00:00,109.66,109.8,109.66,109.8,9424
2013-05-13 12:15:00,109.73,109.78,109.63,109.64,4300
2013-05-13 12:30:00,109.65,109.73,109.63,109.66,5199
2013-05-13 12:45:00,109.65,109.68,109.44,109.5,4620
2013-05-13 13:00:00,109.5,109.57,109.46,109.54,8239
2013-05-13 13:15:00,109.55,109.66,109.5,109.51,4600
2013-05-13 13:30:00,109.5,109.61,109.4639,109.5,16945
2013-05-13 13:45:00,109.48,109.56,109.475,109.52,8062
2013-05-13 14:00:00,109.52,109.63,109.48,109.54,13303
2013-05-13 14:15:00,109.57,109.645,109.5,109.51,13536
2013-05-13 14:30:00,109.51,109.63,109.47,109.62,12681
2013-05-13 14:45:00,109.65,109.74,109.635,109.67,10950
2013-05-13 15:00:00,109.66,109.82,109.65,109.78,9900
2013-05-13 15:15:00,109.82,109.84,109.6,109.62,20018
2013-05-13 15:30:00,109.58,109.66,109.525,109.525,20732
2013-05-13 15:45:00,109.5,109.708,109.5,109.62,28689
2013-05-13 16:00:00,109.645,109.72,109.5,109.7,55077
2013-05-14 09:45:00,109.47,110.41,109.47,110.2,49990
2013-05-14 10:00:00,110.2,110.41,110.12,110.26,24055
2013-05-14 10:15:00,110.23,110.77,110.1901,110.7,16042
2013-05-14 10:30:00,110.77,110.85,110.6937,110.7401,36246
2013-05-14 10:45:00,110.79,110.94,110.79,110.81,17939
2013-05-14 11:00:00,110.84,110.98,110.71,110.95,11428
2013-05-14 11:15:00,110.98,111.14,110.96,111.14,53577
2013-05-14 11:30:00,111.125,111.54,111.11,111.54,21813
2013-05-14 11:45:00,111.515,111.55,111.275,111.28,20477
2013-05-14 12:00:00,111.28,111.28,110.94,110.96,17245
2013-05-14 12:15:00,110.95,111.26,110.935,111.26,20307
2013-05-14 12:30:00,111.27,111.35,111.15,111.15,15936
2013-05-14 12:45:00,111.15,111.19,111.05,111.05,9529
2013-05-14 13:00:00,111.03,111.04,110.91,110.96,9432
2013-05-14 13:15:00,110.96,111.21,110.96,111.19,11145
2013-05-14 13:30:00,111.18,111.43,111.16,111.27,17733
2013-05-14 13:45:00,111.27,111.27,111.04,111.17,21655
2013-05-14 14:00:00,111.19,111.46,111.175,111.46,20130
2013-05-14 14:15:00,111.44,111.455,111.29,111.33,54203
2013-05-14 14:30:00,111.34,111.5,111.34,111.5,16280
2013-05-14 14:45:00,111.505,111.83,111.505,111.715,37000
2013-05-14 15:00:00,111.7,111.75,111.48,111.63,29209
2013-05-14 15:15:00,111.6,111.865,111.5301,111.84,52025
2013-05-14 15:30:00,111.83,112.0,111.8,111.985,32602
2013-05-14 15:45:00,111.97,112.12,111.88,112.07,72085
2013-05-14 16:00:00,112.05,112.1,111.85,111.93,141290
2013-05-15 09:45:00,111.3,112.17,111.25,111.88,21929
2013-05-15 10:00:00,111.9,111.9,111.56,111.56,9888
2013-05-15 10:15:00,111.52,111.74,111.41,111.51,13591
2013-05-15 10:30:00,111.51,111.53,111.135,111.3599,22806
2013-05-15 10:45:00,111.36,111.62,111.36,111.43,7658
2013-05-15 11:00:00,111.44,111.56,111.21,111.56,7217
2013-05-15 11:15:00,111.59,111.815,111.57,111.68,4915
2013-05-15 11:30:00,111.7999,111.7999,111.64,111.65,10678
2013-05-15 11:45:00,111.65,111.9,111.5,111.82,16443
2013-05-15 12:00:00,111.8,111.81,111.64,111.66,19967
2013-05-15 12:15:00,111.65,111.78,111.6,111.7,10136
2013-05-15 12:30:00,111.71,111.71,111.54,111.55,11067
2013-05-15 12:45:00,111.575,111.67,111.56,111.67,3180
2013-05-15 13:00:00,111.62,111.66,111.58,111.59,3287
2013-05-15 13:15:00,111.59,111.64,111.55,111.6,4053
2013-05-15 13:30:00,111.65,111.69,111.54,111.61,7614
2013-05-15 13:45:00,111.595,111.79,111.595,111.78,6908
2013-05-15 14:00:00,111.742,111.85,111.66,111.83,17285
2013-05-15 14:15:00,111.81,111.97,111.81,111.97,8400
2013-05-15 14:30:00,111.9629,111.9629,111.7525,111.89,18470
2013-05-15 14:45:00,111.9,112.03,111.83,111.85,8618
2013-05-15 15:00:00,111.85,112.04,111.83,111.95,15700
2013-05-15 15:15:00,111.96,112.12,111.81,112.12,8391
2013-05-15 15:30:00,112.09200000000001,112.09200000000001,111.78,111.82,15294
2013-05-15 15:45:00,111.84,111.99,111.7801,111.945,15530
2013-05-15 16:00:00,111.95,112.08,111.92,111.98,58357
2013-05-16 09:45:00,111.24,111.84,111.02,111.81,18598
2013-05-16 10:00:00,111.73,111.755,111.46,111.495,6895
2013-05-16 10:15:00,111.495,111.63,111.43,111.55,26807
2013-05-16 10:30:00,111.57,111.69,111.5,111.52,7084
2013-05-16 10:45:00,111.5,111.63,111.49,111.555,8882
2013-05-16 11:00:00,111.58,111.7,111.49,111.58,9050
2013-05-16 11:15:00,111.56,111.58,111.5,111.54,29118
2013-05-16 11:30:00,111.585,111.63,111.4,111.41,36715
2013-05-16 11:45:00,111.44,111.52,111.43,111.49,30638
2013-05-16 12:00:00,111.53,111.58,111.4799,111.505,11719
2013-05-16 12:15:00,111.5,111.515,111.26,111.26,16635
2013-05-16 12:30:00,111.28,111.34,111.09,111.21,29306
2013-05-16 12:45:00,111.24,111.34,111.22,111.3,7601
2013-05-16 13:00:00,111.31,111.31,111.13,111.16,8100
2013-05-16 13:15:00,111.15,111.34,111.13,111.32,11511
2013-05-16 13:30:00,111.3,111.39,111.27,111.33,11915
2013-05-16 13:45:00,111.33,111.35,111.25,111.28,12455
2013-05-16 14:00:00,111.28,111.31,111.17,111.19,10176
2013-05-16 14:15:00,111.16,111.39,111.15,111.325,24605
2013-05-16 14:30:00,111.325,111.37,111.26,111.37,17352
2013-05-16 14:45:00,111.38,111.49,111.01,111.02,39329
2013-05-16 15:00:00,111.02,111.08,110.83,110.84,25037
2013-05-16 15:15:00,110.85,110.93,110.78,110.86,17440
2013-05-16 15:30:00,110.86,110.9,110.71,110.75,24621
2013-05-16 15:45:00,110.75,110.75,110.41,110.55,42990
2013-05-16 16:00:00,110.55,110.73,110.22,110.69,73699
2013-05-17 09:45:00,111.0,111.45,110.5,111.17,97115
2013-05-17 10:00:00,111.055,111.43,110.85,111.05,13357
2013-05-17 10:15:00,110.99,111.25,110.99,111.15,12335
2013-05-17 10:30:00,111.135,111.265,111.01,111.1,17620
2013-05-17 10:45:00,111.09,111.3075,111.09,111.16,19416
2013-05-17 11:00:00,111.1542,111.24,111.04,111.04,35436
2013-05-17 11:15:00,110.99,111.16,110.85,111.09,17410
2013-05-17 11:30:00,111.1,111.14,110.79,110.84,28459
2013-05-17 11:45:00,110.85,111.09,110.72,111.085,72364
2013-05-17 12:00:00,111.1,111.31,111.0,111.05,9560
2013-05-17 12:15:00,111.03,111.05,110.77,110.8,9000
2013-05-17 12:30:00,110.75,110.8,110.615,110.76,9960
2013-05-17 12:45:00,110.73,110.84,110.63,110.66,17951
2013-05-17 13:00:00,110.65,110.68,110.43,110.499,9367
2013-05-17 13:15:00,110.52,110.52,110.39,110.41,4429
2013-05-17 13:30:00,110.42,110.49,110.37,110.4,5930
2013-05-17 13:45:00,110.36,110.6,110.33,110.6,11834
2013-05-17 14:00:00,110.59,110.63,110.42,110.46,8030
2013-05-17 14:15:00,110.52,110.59,110.44,110.5,6800
2013-05-17 14:30:00,110.5,110.6,110.45,110.52,9741
2013-05-17 14:45:00,110.59,110.71,110.5401,110.6,12150
2013-05-17 15:00:00,110.61,110.86,110.52,110.83,15907
2013-05-17 15:15:00,110.82,111.03,110.8,110.86,11222
2013-05-17 15:30:00,110.87,110.95,110.78,110.95,12219
2013-05-17 15:45:00,110.92,111.18,110.92,111.08,17523
2013-05-17 16:00:00,111.09,111.23,110.91,110.95,50081
2013-05-20 09:45:00,109.32,110.91,109.28,110.815,84403
2013-05-20 10:00:00,110.755,111.15,110.751,110.991,37853
2013-05-20 10:15:00,111.03,111.05,110.57,110.66,21102
2013-05-20 10:30:00,110.64,110.93,110.55,110.93,31488
2013-05-20 10:45:00,110.891,111.04,110.78,111.02,20021
2013-05-20 11:00:00,111.00200000000001,111.05,110.83,111.05,24641
2013-05-20 11:15:00,111.06,111.12,110.95,111.03200000000001,9032
2013-05-20 11:30:00,111.07,111.12,110.971,111.06,14054
2013-05-20 11:45:00,111.0,111.51,111.0,111.46,30833
2013-05-20 12:00:00,111.48,111.52,111.3,111.4499,18876
2013-05-20 12:15:00,111.40100000000001,111.5,111.35,111.5,12461
2013-05-20 12:30:00,111.5,111.53,111.45,111.47,10277
2013-05-20 12:45:00,111.48,111.48,111.18,111.28,7084
2013-05-20 13:00:00,111.27,111.3,111.14,111.258,4300
2013-05-20 13:15:00,111.33,111.44,111.28,111.44,7204
2013-05-20 13:30:00,111.42,111.43,111.12,111.1874,7875
2013-05-20 13:45:00,111.18,111.215,110.99,111.0,18590
2013-05-20 14:00:00,111.02,111.22,111.02,111.13,11229
2013-05-20 14:15:00,111.061,111.081,110.93,111.0,13246
2013-05-20 14:30:00,111.03,111.18,110.971,111.08,9106
2013-05-20 14:45:00,111.06,111.1,110.97,110.97,9338
2013-05-20 15:00:00,110.9,111.03,110.84,110.95,11721
2013-05-20 15:15:00,110.9799,111.17,110.91,111.0,23905
2013-05-20 15:30:00,110.97,110.99,110.61,110.64,20958
2013-05-20 15:45:00,110.65,110.79,110.57,110.67,20865
2013-05-20 16:00:00,110.68,110.95,110.62,110.94,80778
2013-05-21 09:45:00,111.02,112.2,110.77,112.1,48344
2013-05-21 10:00:00,112.09,112.1,111.58,111.95,15299
2013-05-21 10:15:00,111.96,112.1,111.53,111.565,9762
2013-05-21 10:30:00,111.56,111.63,111.12,111.37,20533
2013-05-21 10:45:00,111.34,111.67,111.34,111.542,13588
2013-05-21 11:00:00,111.62,111.76,111.5139,111.7018,14559
2013-05-21 11:15:00,111.69,111.855,111.62,111.79,10329
2013-05-21 11:30:00,111.8,111.91,111.75,111.81,7084
2013-05-21 11:45:00,111.85,112.03,111.84,111.87,10507
2013-05-21 12:00:00,111.88,112.08,111.88,112.0,12420
2013-05-21 12:15:00,112.01,112.25,112.0,112.09,17089
2013-05-21 12:30:00,112.1,112.55,112.05,112.52,47316
2013-05-21 12:45:00,112.51,112.56,112.2899,112.3699,19091
2013-05-21 13:00:00,112.35,112.42,112.35,112.42,7694
2013-05-21 13:15:00,112.4,112.64,112.4,112.61,7917
2013-05-21 13:30:00,112.6,112.652,112.52,112.56,7825
2013-05-21 13:45:00,112.56,112.65,112.54,112.605,8930
2013-05-21 14:00:00,112.6199,112.64,112.52,112.62,22050
2013-05-21 14:15:00,112.62,112.89,112.62,112.87,19340
2013-05-21 14:30:00,112.87,112.92,112.79,112.84,14138
2013-05-21 14:45:00,112.81,112.83,112.64,112.67,13299
2013-05-21 15:00:00,112.65,112.71,112.51,112.58,16562
2013-05-21 15:15:00,112.57,112.58,112.44,112.54,7305
2013-05-21 15:30:00,112.5467,112.55,112.3325,112.3325,14158
2013-05-21 15:45:00,112.36,112.52,112.35,112.4,31514
2013-05-21 16:00:00,112.4,112.41,112.14,112.24,60420
2013-05-22 09:45:00,112.09,112.21,111.43,111.5939,17922
2013-05-22 10:00:00,111.59,111.69,111.29,111.52,54867
2013-05-22 10:15:00,111.51,111.94,111.19,111.89,34934
2013-05-22 10:30:00,111.92,112.2,111.83,112.2,39401
2013-05-22 10:45:00,112.15,112.29,111.53,111.61,18002
2013-05-22 11:00:00,111.61,111.67,111.43,111.55,13218
2013-05-22 11:15:00,111.61,111.87,111.44,111.86,10399
2013-05-22 11:30:00,111.84,111.92,111.73,111.77,13069
2013-05-22 11:45:00,111.83,111.88,111.615,111.63,9927
2013-05-22 12:00:00,111.68,111.89,111.66,111.88,9138
2013-05-22 12:15:00,111.89,111.91,111.47,111.55,12855
2013-05-22 12:30:00,111.58,111.61,111.44,111.56,25284
2013-05-22 12:45:00,111.6,111.62,111.4,111.432,9810
2013-05-22 13:00:00,111.48,111.83,111.47,111.68,5094
2013-05-22 13:15:00,111.68,111.68,111.4,111.4,4612
2013-05-22 13:30:00,111.4,111.47,111.3,111.33,5916
2013-05-22 13:45:00,111.17,111.28,111.05,111.11,9563
2013-05-22 14:00:00,111.09,111.11,110.96,111.11,17280
2013-05-22 14:15:00,111.13,111.3,110.83,110.88,21774
2013-05-22 14:30:00,110.84,111.04,110.71,110.76,15858
2013-05-22 14:45:00,110.72,110.82,110.55,110.76,15441
2013-05-22 15:00:00,110.69,110.83,110.44,110.49,27704
2013-05-22 15:15:00,110.5,110.55,110.32,110.34,22557
2013-05-22 15:30:00,110.38,110.47,110.18,110.24,19460
2013-05-22 15:45:00,110.26,110.37,110.15,110.34,24985
2013-05-22 16:00:00,110.32,110.71,110.2,110.56,78203
2013-05-23 09:45:00,110.18,110.51,109.0701,109.31,63578
2013-05-23 10:00:00,109.31,109.5,109.25,109.5,27570
2013-05-23 10:15:00,109.5,110.0,109.31,109.82,23123
2013-05-23 10:30:00,109.84,110.58,109.73,110.46,19887
2013-05-23 10:45:00,110.44,110.49,109.75,109.9499,20900
2013-05-23 11:00:00,109.96,110.26,109.83,110.08,13155
2013-05-23 11:15:00,110.04,110.37,110.04,110.22,9063
2013-05-23 11:30:00,110.23,110.38,110.18,110.19,3497
2013-05-23 11:45:00,110.15,110.22399999999999,109.97,110.03,5314
2013-05-23 12:00:00,110.0,110.22,109.96,110.15,15674
2013-05-23 12:15:00,110.13,110.41,110.13,110.3,7457
2013-05-23 12:30:00,110.31,110.31,110.13,110.1372,17505
2013-05-23 12:45:00,110.1,110.1975,110.08,110.11,2893
2013-05-23 13:00:00,110.11,110.32,110.09,110.24,4000
2013-05-23 13:15:00,110.2075,110.35,110.13,110.35,2300
2013-05-23 13:30:00,110.35,110.35,110.07,110.07,5551
2013-05-23 13:45:00,110.08,110.2275,109.98,110.03,9146
2013-05-23 14:00:00,110.001,110.26,109.99,110.26,9567
2013-05-23 14:15:00,110.27,110.55,110.27,110.5,5708
2013-05-23 14:30:00,110.54,110.79,110.47,110.47,32545
2013-05-23 14:45:00,110.43,110.74,110.37,110.7,9659
2013-05-23 15:00:00,110.72,110.72,110.25,110.28,10996
2013-05-23 15:15:00,110.285,110.36,110.2,110.33,11569
2013-05-23 15:30:00,110.33,110.51,110.13,110.49,23116
2013-05-23 15:45:00,110.49,110.61,110.37,110.42,39801
2013-05-23 16:00:00,110.41,110.61,110.2,110.2,57143
2013-05-24 09:45:00,109.44,110.02,109.44,109.98,17229
2013-05-24 10:00:00,110.11,110.18,109.82,109.96,9468
2013-05-24 10:15:00,109.96,110.085,109.83,109.93,10212
2013-05-24 10:30:00,110.01,110.15,109.93,110.07,15692
2013-05-24 10:45:00,110.0,110.15,109.9,110.13,18727
2013-05-24 11:00:00,110.14,110.16,109.91,110.13,10528
2013-05-24 11:15:00,110.13,110.44,110.08,110.23,14331
2013-05-24 11:30:00,110.36,110.39,110.19,110.19,5350
2013-05-24 11:45:00,110.19,110.63,110.19,110.58,15319
2013-05-24 12:00:00,110.56,110.62,110.48,110.55,9940
2013-05-24 12:15:00,110.52,110.71,110.5,110.53,12956
2013-05-24 12:30:00,110.54,110.725,110.51,110.63,12530
2013-05-24 12:45:00,110.65,110.69,110.51,110.62,8700
2013-05-24 13:00:00,110.62,110.96,110.6,110.82,13345
2013-05-24 13:15:00,110.81,111.005,110.78,111.0,11117
2013-05-24 13:30:00,111.0,111.15,111.0,111.07,10874
2013-05-24 13:45:00,111.1,111.16,111.0,111.06,8989
2013-05-24 14:00:00,111.06,111.15,111.0181,111.11,8402
2013-05-24 14:15:00,111.15,111.25,111.04,111.25,21965
2013-05-24 14:30:00,111.26,111.27,111.1,111.2135,19201
2013-05-24 14:45:00,111.21,111.21,110.96,110.98,17901
2013-05-24 15:00:00,110.98,111.05,110.88,110.95,12060
2013-05-24 15:15:00,110.99,111.025,110.81,110.82,12000
2013-05-24 15:30:00,110.815,110.815,110.53,110.57,14997
2013-05-24 15:45:00,110.56,110.56,110.37,110.37,18634
2013-05-24 16:00:00,110.37,110.8,110.36,110.75,43603
2013-05-28 09:45:00,111.19,111.72,110.53,110.93,27716
2013-05-28 10:00:00,110.99,111.5,110.94,111.17,11760
2013-05-28 10:15:00,111.16,111.4,111.13,111.33,22511
2013-05-28 10:30:00,111.34,111.49,111.32,111.325,13034
2013-05-28 10:45:00,111.33,111.35,111.02,111.03,11605
2013-05-28 11:00:00,110.98,111.09,110.771,110.89,8207
2013-05-28 11:15:00,110.91,110.95,110.6,110.6,13972
2013-05-28 11:30:00,110.59,110.61,110.3501,110.61,19057
2013-05-28 11:45:00,110.63,110.64,110.37,110.58,13269
2013-05-28 12:00:00,110.58,110.58,110.15,110.19,16153
2013-05-28 12:15:00,110.2,110.24,110.11,110.16,26012
2013-05-28 12:30:00,110.13,110.21,109.98,110.2,24157
2013-05-28 12:45:00,110.2,110.24,110.13,110.15,12100
2013-05-28 13:00:00,110.15,110.16,110.0,110.12200000000001,12771
2013-05-28 13:15:00,110.13,110.21,109.92,109.92,13367
2013-05-28 13:30:00,109.91,110.21,109.83,110.16,12675
2013-05-28 13:45:00,110.16,110.23,110.0,110.0,10873
2013-05-28 14:00:00,110.02,110.04,109.83,109.83,12625
2013-05-28 14:15:00,109.84,109.91,109.73,109.73,10342
2013-05-28 14:30:00,109.72,110.03,109.67,109.95,15188
2013-05-28 14:45:00,109.94,110.01,109.86,109.97,11032
2013-05-28 15:00:00,110.01,110.25,109.99,110.18,13000
2013-05-28 15:15:00,110.19,110.3,110.07,110.23,15783
2013-05-28 15:30:00,110.19,110.48,110.19,110.4684,25265
2013-05-28 15:45:00,110.46,110.83,110.46,110.75,30865
2013-05-28 16:00:00,110.73,110.86,110.6,110.75,52431
2013-05-29 09:45:00,110.09,110.43,109.21,109.395,21721
2013-05-29 10:00:00,109.35,109.68,109.35,109.59,16855
2013-05-29 10:15:00,109.5,109.7,109.33,109.5,22034
2013-05-29 10:30:00,109.5,109.725,109.37,109.69,9950
2013-05-29 10:45:00,109.72,109.84,109.46,109.585,11600
2013-05-29 11:00:00,109.6,109.79,109.54,109.57,38485
2013-05-29 11:15:00,109.57,110.0,109.55,110.0,26226
2013-05-29 11:30:00,110.0,110.295,109.92,110.21,10532
2013-05-29 11:45:00,110.28,110.365,110.14,110.14,9440
2013-05-29 12:00:00,110.14,110.43,110.14,110.43,11000
2013-05-29 12:15:00,110.39,110.4,110.1,110.25,8250
2013-05-29 12:30:00,110.19,110.29,110.12,110.12,10180
2013-05-29 12:45:00,110.12,110.14,109.97,110.0,4300
2013-05-29 13:00:00,110.01,110.03,109.69,109.71,7554
2013-05-29 13:15:00,109.7101,109.87,109.665,109.69,10812
2013-05-29 13:30:00,109.77,109.81,109.66,109.765,16554
2013-05-29 13:45:00,109.77,110.02,109.74,110.02,9206
2013-05-29 14:00:00,110.04,110.26,109.94,110.19,6171
2013-05-29 14:15:00,110.16,110.315,110.09,110.3,5200
2013-05-29 14:30:00,110.28,110.43,110.27,110.27,7414
2013-05-29 14:45:00,110.258,110.34,110.18,110.34,6642
2013-05-29 15:00:00,110.39,110.42,110.23,110.32,7600
2013-05-29 15:15:00,110.28,110.31,110.16,110.22,13928
2013-05-29 15:30:00,110.24,110.51,110.22,110.51,18589
2013-05-29 15:45:00,110.53,110.63,110.43,110.52,55889
2013-05-29 16:00:00,110.53,110.59,110.36,110.37,79857
2013-05-30 09:45:00,110.54,111.19,110.46,111.05,41075
2013-05-30 10:00:00,111.07,111.32,111.02,111.05,14256
2013-05-30 10:15:00,111.01,111.18,110.89,111.06,18498
2013-05-30 10:30:00,111.05,111.14,110.89,110.98,23396
2013-05-30 10:45:00,111.0,111.19,110.96,111.15,10100
2013-05-30 11:00:00,111.17399999999999,111.277,111.07,111.22,14516
2013-05-30 11:15:00,111.27,111.27,110.81,110.82,37406
2013-05-30 11:30:00,110.81,110.82,110.58,110.63,23763
2013-05-30 11:45:00,110.67,110.81,110.64,110.71,13659
2013-05-30 12:00:00,110.71,110.72,110.5399,110.55,19601
2013-05-30 12:15:00,110.56,110.59,110.4445,110.51,16735
2013-05-30 12:30:00,110.51,110.51,110.41,110.47,11010
2013-05-30 12:45:00,110.45,110.5,110.24,110.32,8321
2013-05-30 13:00:00,110.28,110.49,110.28,110.43,12915
2013-05-30 13:15:00,110.42,110.42,110.212,110.25,9052
2013-05-30 13:30:00,110.25,110.33,110.18,110.33,6102
2013-05-30 13:45:00,110.35,110.44,110.26,110.40100000000001,8747
2013-05-30 14:00:00,110.39,110.43,110.33,110.33,8844
2013-05-30 14:15:00,110.302,110.46,110.302,110.38,14774
2013-05-30 14:30:00,110.38,110.46,110.38,110.45,11579
2013-05-30 14:45:00,110.45,110.48,110.33,110.41,7650
2013-05-30 15:00:00,110.39,110.61,110.38,110.51,6145
2013-05-30 15:15:00,110.4965,110.51,110.36,110.43,12023
2013-05-30 15:30:00,110.41,110.44,110.29,110.29,14120
2013-05-30 15:45:00,110.3,110.37,110.19,110.24,29221
2013-05-30 16:00:00,110.24,110.3,109.91,109.99,69298
2013-05-31 09:45:00,109.5,111.15,109.5,110.36,42075
2013-05-31 10:00:00,110.46,110.92,110.34,110.71,21911
2013-05-31 10:15:00,110.67,110.79,110.45,110.78,32524
2013-05-31 10:30:00,110.78,111.09,110.67,111.09,18964
2013-05-31 10:45:00,111.07,111.28,110.92,110.93,28121
2013-05-31 11:00:00,110.93,110.95,110.685,110.77,11893
2013-05-31 11:15:00,110.74,111.155,110.74,111.05,8015
2013-05-31 11:30:00,111.05,111.2,110.92,111.1,10250
2013-05-31 11:45:00,111.01,111.09,110.93,111.04,4498
2013-05-31 12:00:00,111.08,111.08,110.905,111.03,14474
2013-05-31 12:15:00,111.03,111.035,110.73,110.78,11301
2013-05-31 12:30:00,110.73,110.83,110.685,110.81,12769
2013-05-31 12:45:00,110.79,110.88,110.72,110.8,2800
2013-05-31 13:00:00,110.83,110.99,110.74,110.74,4300
2013-05-31 13:15:00,110.79,110.79,110.57,110.6,11735
2013-05-31 13:30:00,110.54,110.82,110.51,110.55,26409
2013-05-31 13:45:00,110.52,110.58,110.49700000000001,110.56,5583
2013-05-31 14:00:00,110.65,110.67,110.48,110.5,3935
2013-05-31 14:15:00,110.56,110.57,110.21,110.21,6100
2013-05-31 14:30:00,110.23,110.31,110.12,110.12,8708
2013-05-31 14:45:00,110.12,110.12,109.83,109.92,15286
2013-05-31 15:00:00,109.92,109.955,109.73,109.75,9546
2013-05-31 15:15:00,109.69,109.88,109.57,109.85,10200
2013-05-31 15:30:00,109.89,110.13,109.84,109.84,15690
2013-05-31 15:45:00,109.84,109.89,109.55,109.76,25369
2013-05-31 16:00:00,109.71,109.76,108.68,108.75,173356
2013-06-03 09:45:00,109.24,109.78,109.12,109.27,48255
2013-06-03 10:00:00,109.295,109.54,109.12,109.33,23688
2013-06-03 10:15:00,109.27,109.8,109.01,109.44,28469
2013-06-03 10:30:00,109.44,109.56,109.07,109.09,14627
2013-06-03 10:45:00,109.11,109.36,109.05,109.36,21594
2013-06-03 11:00:00,109.3,109.54,109.3,109.465,13115
2013-06-03 11:15:00,109.48,109.6,109.36,109.485,21864
2013-06-03 11:30:00,109.48,109.58,109.2,109.34,31302
2013-06-03 11:45:00,109.31,109.34700000000001,109.08,109.32,29997
2013-06-03 12:00:00,109.322,109.68,109.15,109.19,15909
2013-06-03 12:15:00,109.2,109.61,109.2,109.54,8054
2013-06-03 12:30:00,109.54,109.745,109.34,109.37,9754
2013-06-03 12:45:00,109.44,109.44,109.175,109.3,13540
2013-06-03 13:00:00,109.225,109.3,109.1,109.23,8247
2013-06-03 13:15:00,109.25,109.48,109.1107,109.13,39094
2013-06-03 13:30:00,109.15,109.25,109.1,109.25,14116
2013-06-03 13:45:00,109.29,109.29,109.01,109.03,18339
2013-06-03 14:00:00,109.04,109.27,109.0,109.07,13274
2013-06-03 14:15:00,109.135,109.63,109.06200000000001,109.42,13892
2013-06-03 14:30:00,109.43,109.43,109.14,109.25,12766
2013-06-03 14:45:00,109.18,109.5,109.17,109.5,11448
2013-06-03 15:00:00,109.5,109.525,109.33,109.44,10757
2013-06-03 15:15:00,109.3935,109.59,109.3935,109.52,13209
2013-06-03 15:30:00,109.5,109.7,109.46,109.682,17800
2013-06-03 15:45:00,109.69,110.06,109.65,110.04,33805
2013-06-03 16:00:00,110.05,110.26,109.97,110.17,56239
2013-06-04 09:45:00,109.84,110.7199,109.84,110.37,32416
2013-06-04 10:00:00,110.39,110.69,110.16,110.465,40995
2013-06-04 10:15:00,110.48700000000001,110.57,110.42,110.51,16540
2013-06-04 10:30:00,110.53,110.64,110.39,110.61,15136
2013-06-04 10:45:00,110.635,110.72,110.43,110.54,16520
2013-06-04 11:00:00,110.5125,110.53,110.11,110.13,12680
2013-06-04 11:15:00,110.13,110.13,109.99,110.05,16550
2013-06-04 11:30:00,110.04,110.14,109.96,109.96799999999999,10424
2013-06-04 11:45:00,109.95,110.07,109.88,110.04,8489
2013-06-04 12:00:00,110.04,110.09,109.93,110.01,8597
2013-06-04 12:15:00,110.0,110.0,109.55,109.55,8774
2013-06-04 12:30:00,109.56,109.62,109.39,109.48,7452
2013-06-04 12:45:00,109.48,109.59,109.47,109.54,6153
2013-06-04 13:00:00,109.56,109.58,109.46,109.51,9613
2013-06-04 13:15:00,109.52,109.64,109.46,109.61,8100
2013-06-04 13:30:00,109.63,109.64,109.04,109.15,36976
2013-06-04 13:45:00,109.18,109.19,108.96,109.09,10550
2013-06-04 14:00:00,109.07,109.1,108.96,109.0036,18263
2013-06-04 14:15:00,109.0,109.0,108.61,108.72,12452
2013-06-04 14:30:00,108.72,108.87,108.68,108.8,10230
2013-06-04 14:45:00,108.8,109.15,108.8,109.04,21914
2013-06-04 15:00:00,109.05,109.38,109.05,109.26,20291
2013-06-04 15:15:00,109.26,109.35,109.068,109.12,13276
2013-06-04 15:30:00,109.09,109.24,109.04,109.12,12914
2013-06-04 15:45:00,109.11,109.71,109.11,109.66,32724
2013-06-04 16:00:00,109.6071,109.7,109.46,109.54,55797
2013-06-05 09:45:00,109.49,110.18,109.46,109.85,21632
2013-06-05 10:00:00,109.85,109.86,109.08,109.09,21859
2013-06-05 10:15:00,109.09,109.575,109.01,109.3,23447
2013-06-05 10:30:00,109.13,109.25,109.05,109.14,34900
2013-06-05 10:45:00,109.16,109.16,108.61,108.76,39227
2013-06-05 11:00:00,108.72,108.85,108.0837,108.155,30012
2013-06-05 11:15:00,108.11,108.23,107.85,108.05,27544
2013-06-05 11:30:00,108.0,108.15,107.95,108.02,11854
2013-06-05 11:45:00,108.0,108.56,107.98,108.53,19396
2013-06-05 12:00:00,108.51,108.52,108.11,108.21,13972
2013-06-05 12:15:00,108.32,108.32,108.0,108.14,7407
2013-06-05 12:30:00,108.05,108.32,108.05,108.26,15652
2013-06-05 12:45:00,108.26,108.26,108.01,108.09,20965
2013-06-05 13:00:00,108.045,108.09,107.8033,108.02,12604
2013-06-05 13:15:00,108.02,108.45,107.98,108.36,11677
2013-06-05 13:30:00,108.35,108.4,108.081,108.4,15643
2013-06-05 13:45:00,108.38,108.57,108.2601,108.5501,10400
2013-06-05 14:00:00,108.57,108.57,108.25,108.36,10444
2013-06-05 14:15:00,108.31,108.5,108.19,108.255,12343
2013-06-05 14:30:00,108.25,108.285,107.82,107.82,16638
2013-06-05 14:45:00,107.84,108.23,107.815,108.22,19240
2013-06-05 15:00:00,108.26,108.45,108.21,108.39,11330
2013-06-05 15:15:00,108.38,108.38,108.08,108.29,13000
2013-06-05 15:30:00,108.29,108.46,108.06,108.45,16384
2013-06-05 15:45:00,108.45,108.48,108.235,108.35,31543
2013-06-05 16:00:00,108.32,108.4,107.99,108.0,29170
2013-06-06 09:45:00,107.84,108.6,107.84,108.46,25887
2013-06-06 10:00:00,108.43,108.59,108.22,108.4601,21388
2013-06-06 10:15:00,108.58,108.64,108.16,108.16,21724
2013-06-06 10:30:00,108.15,108.31,108.03,108.19,27219
2013-06-06 10:45:00,108.26,108.516,108.2501,108.37,19024
2013-06-06 11:00:00,108.38,108.47,108.23,108.32,18877
2013-06-06 11:15:00,108.32,108.54,108.225,108.52,15756
2013-06-06 11:30:00,108.53,108.82,108.5,108.5,25667
2013-06-06 11:45:00,108.5,108.9,108.4201,108.8,14902
2013-06-06 12:00:00,108.81,108.82,108.49,108.75,18896
2013-06-06 12:15:00,108.698,108.76,108.46,108.47,15632
2013-06-06 12:30:00,108.47,108.47,107.95,108.13,23268
2013-06-06 12:45:00,108.1614,108.45,108.05,108.43,13680
2013-06-06 13:00:00,108.43,108.46,108.32,108.45,15700
2013-06-06 13:15:00,108.46,108.52,108.36,108.5,7031
2013-06-06 13:30:00,108.53,108.53,108.19,108.23,9215
2013-06-06 13:45:00,108.21,108.39,108.2,108.39,8599
2013-06-06 14:00:00,108.38,108.57,108.38,108.46,8663
2013-06-06 14:15:00,108.46,108.6,108.39,108.4901,14308
2013-06-06 14:30:00,108.58,108.77,108.52,108.75,13411
2013-06-06 14:45:00,108.8,108.8,108.57,108.75,10750
2013-06-06 15:00:00,108.75,108.84,108.655,108.74,9200
2013-06-06 15:15:00,108.75,108.818,108.63,108.7,11939
2013-06-06 15:30:00,108.7,108.99,108.62,108.99,15790
2013-06-06 15:45:00,108.99,109.25,108.97,109.21,29018
2013-06-06 16:00:00,109.22,109.43,109.14,109.39,57765
2013-06-07 09:45:00,110.0,110.46,109.81,110.31,28296
2013-06-07 10:00:00,110.31,110.48200000000001,110.0,110.0,16151
2013-06-07 10:15:00,110.0,110.47,109.97,110.24,23531
2013-06-07 10:30:00,110.28,110.5,110.22,110.22,7492
2013-06-07 10:45:00,110.32,110.45,110.32,110.44,5952
2013-06-07 11:00:00,110.44,110.63,110.385,110.61,10134
2013-06-07 11:15:00,110.58,110.9,110.55,110.84,20948
2013-06-07 11:30:00,110.82,111.41,110.81,111.33,31812
2013-06-07 11:45:00,111.3803,111.51,111.3,111.41,20300
2013-06-07 12:00:00,111.32,111.33,110.83,110.83,8319
2013-06-07 12:15:00,110.82,110.83,110.7244,110.82,11725
2013-06-07 12:30:00,110.78,110.78,110.65,110.74,4290
2013-06-07 12:45:00,110.69,110.69,110.47,110.47,4798
2013-06-07 13:00:00,110.51,110.70200000000001,110.42,110.63,6400
2013-06-07 13:15:00,110.6101,110.75,110.58,110.64,4497
2013-06-07 13:30:00,110.615,110.65,110.52,110.55,5100
2013-06-07 13:45:00,110.559,110.62,110.51,110.51,2752
2013-06-07 14:00:00,110.54,110.6599,110.47,110.57,6624
2013-06-07 14:15:00,110.56,110.68,110.53,110.6,4200
2013-06-07 14:30:00,110.56,110.62,110.38,110.4501,7089
2013-06-07 14:45:00,110.45,110.61,110.38,110.58,5700
2013-06-07 15:00:00,110.5344,110.77,110.52,110.7,4250
2013-06-07 15:15:00,110.6301,110.82,110.6,110.63,6811
2013-06-07 15:30:00,110.62,110.72,110.6,110.64,9582
2013-06-07 15:45:00,110.63600000000001,110.98,110.63600000000001,110.95,17820
2013-06-07 16:00:00,110.94,111.1,110.9,110.99,45121
2013-06-10 09:45:00,110.97,111.35,110.57,111.01,11908
2013-06-10 10:00:00,111.05,111.05,110.69,110.7148,7953
2013-06-10 10:15:00,110.71,110.82,110.09,110.11,18708
2013-06-10 10:30:00,110.0525,110.524,110.0525,110.426,13525
2013-06-10 10:45:00,110.42,110.73,110.34,110.67,8300
2013-06-10 11:00:00,110.66,110.86,110.5441,110.73,12050
2013-06-10 11:15:00,110.9,110.95,110.74,110.93,9900
2013-06-10 11:30:00,110.9,110.91,110.675,110.72,11187
2013-06-10 11:45:00,110.76,111.065,110.76,110.97,10800
2013-06-10 12:00:00,110.99,111.038,110.76,110.76,12908
2013-06-10 12:15:00,110.72,111.07,110.72,111.04299999999999,10100
2013-06-10 12:30:00,111.08,111.305,111.03,111.1,9000
2013-06-10 12:45:00,111.14,111.22,111.03,111.07,7400
2013-06-10 13:00:00,111.14,111.165,110.94,111.14,18515
2013-06-10 13:15:00,111.14,111.21,111.07,111.12,6740
2013-06-10 13:30:00,111.175,111.199,110.99,111.1,7825
2013-06-10 13:45:00,111.17,111.1899,111.01,111.06,7199
2013-06-10 14:00:00,111.09,111.09,110.89,111.08,4400
2013-06-10 14:15:00,111.01,111.06700000000001,110.81,110.88,5862
2013-06-10 14:30:00,110.88,111.17,110.81,111.1,8194
2013-06-10 14:45:00,111.07,111.14,110.97,110.97,5799
2013-06-10 15:00:00,110.99,111.125,110.99,111.07,7700
2013-06-10 15:15:00,111.01,111.15,110.96,111.05,7000
2013-06-10 15:30:00,111.01,111.0799,110.97,111.04,12468
2013-06-10 15:45:00,111.06,111.195,111.0,111.04,13227
2013-06-10 16:00:00,111.07,111.1,110.92,111.09,57724
2013-06-11 09:45:00,110.07,110.64,110.05,110.565,20013
2013-06-11 10:00:00,110.56,110.7,110.205,110.39,8822
2013-06-11 10:15:00,110.39,110.62,110.14,110.22,11487
2013-06-11 10:30:00,110.22,110.69,110.15,110.53,4650
2013-06-11 10:45:00,110.53,110.57600000000001,110.31,110.48,6400
2013-06-11 11:00:00,110.5,110.62,110.35,110.58,5110
2013-06-11 11:15:00,110.68,110.69,110.5,110.68,5025
2013-06-11 11:30:00,110.66,110.86,110.64,110.84,4400
2013-06-11 11:45:00,110.78,110.97,110.67,110.79,6900
2013-06-11 12:00:00,110.8085,111.11,110.8085,111.11,5275
2013-06-11 12:15:00,111.09,111.19,111.04,111.1,5909
2013-06-11 12:30:00,111.07,111.07,110.87,111.02,11023
2013-06-11 12:45:00,111.05,111.09,110.97,111.09,4100
2013-06-11 13:00:00,111.15,111.18,111.0,111.12,15126
2013-06-11 13:15:00,111.12,111.23,111.11,111.15,9140
2013-06-11 13:30:00,111.16,111.2,110.92,111.0,8305
2013-06-11 13:45:00,110.99,111.02,110.77,110.81,12843
2013-06-11 14:00:00,110.82,110.88,110.67,110.7,9647
2013-06-11 14:15:00,110.64,110.78,110.57,110.7,9704
2013-06-11 14:30:00,110.73,110.80799999999999,110.661,110.73,10480
2013-06-11 14:45:00,110.81,110.88,110.72,110.79,3818
2013-06-11 15:00:00,110.78,110.92,110.73,110.88,8183
2013-06-11 15:15:00,110.88,111.0,110.8,110.92,10500
2013-06-11 15:30:00,110.92,111.0,110.86,110.9,10009
2013-06-11 15:45:00,110.96,110.99,110.77,110.78,16763
2013-06-11 16:00:00,110.72,110.86,110.53,110.54,44699
2013-06-12 09:45:00,110.77,110.99,110.52,110.665,17859
2013-06-12 10:00:00,110.64,110.72,110.52,110.53,9857
2013-06-12 10:15:00,110.525,110.6299,110.37,110.51,12915
2013-06-12 10:30:00,110.494,110.51,110.2643,110.35,8513
2013-06-12 10:45:00,110.37,110.5299,110.26,110.39,8402
2013-06-12 11:00:00,110.27,110.37,110.01,110.37,14794
2013-06-12 11:15:00,110.44,110.635,110.4,110.455,13156
2013-06-12 11:30:00,110.42,110.63,110.39,110.58,12651
2013-06-12 11:45:00,110.52,110.71,110.34,110.5,13497
2013-06-12 12:00:00,110.5,110.57,110.13,110.25,11924
2013-06-12 12:15:00,110.26,110.49,110.14,110.21,11700
2013-06-12 12:30:00,110.1301,110.36,110.1301,110.34,7875
2013-06-12 12:45:00,110.33,110.33,109.98,110.25,6431
2013-06-12 13:00:00,110.2206,110.29,110.14,110.29,4922
2013-06-12 13:15:00,110.31,110.47,110.21,110.38,3673
2013-06-12 13:30:00,110.38,110.412,110.25,110.41,6198
2013-06-12 13:45:00,110.42,110.5,110.36,110.5,11449
2013-06-12 14:00:00,110.5,110.62,110.48,110.54,2850
2013-06-12 14:15:00,110.48,110.48,110.2625,110.28,13389
2013-06-12 14:30:00,110.26,110.4,110.11,110.27,7400
2013-06-12 14:45:00,110.26,110.35,110.13,110.27,8282
2013-06-12 15:00:00,110.28,110.35,110.11,110.18,9111
2013-06-12 15:15:00,110.2,110.31,110.07,110.24,23563
2013-06-12 15:30:00,110.25,110.31,110.08,110.13,26040
2013-06-12 15:45:00,110.09,110.25,109.98,110.2,25501
2013-06-12 16:00:00,110.21,110.42,110.04,110.06,56025
2013-06-13 09:45:00,111.04,111.04,110.15,110.36,19010
2013-06-13 10:00:00,110.352,110.52,110.28,110.48,5100
2013-06-13 10:15:00,110.535,110.66,109.86,109.875,20809
2013-06-13 10:30:00,109.92,110.51,109.895,110.47,9592
2013-06-13 10:45:00,110.48,110.52,110.29,110.32,10291
2013-06-13 11:00:00,110.33,110.47,110.25,110.25,7270
2013-06-13 11:15:00,110.23,110.3,110.16,110.29,14876
2013-06-13 11:30:00,110.29,110.51,110.258,110.5,11194
2013-06-13 11:45:00,110.48,110.5,110.365,110.45,4598
2013-06-13 12:00:00,110.51,110.51,110.351,110.45,4500
2013-06-13 12:15:00,110.43,110.52,110.36,110.36,10804
2013-06-13 12:30:00,110.39,110.53,110.39,110.46,10959
2013-06-13 12:45:00,110.52,110.73,110.4644,110.73,13035
2013-06-13 13:00:00,110.76,110.9,110.67,110.85,10940
2013-06-13 13:15:00,110.85,110.85,110.71,110.77,10349
2013-06-13 13:30:00,110.78,110.91,110.75,110.78,13455
2013-06-13 13:45:00,110.78,110.78,110.61,110.73,7639
2013-06-13 14:00:00,110.73,110.86,110.72,110.84,8829
2013-06-13 14:15:00,110.85,111.16,110.85,111.15,9400
2013-06-13 14:30:00,111.19,111.49,111.18,111.44,11153
2013-06-13 14:45:00,111.45,111.48,111.21,111.22,12286
2013-06-13 15:00:00,111.22,111.3,111.16,111.25,15254
2013-06-13 15:15:00,111.25,111.38,111.23,111.38,13674
2013-06-13 15:30:00,111.38,111.43,111.35,111.4,15300
2013-06-13 15:45:00,111.4,111.641,111.355,111.6,28420
2013-06-13 16:00:00,111.6293,111.81,111.45,111.45,52033
2013-06-14 09:45:00,111.18,112.0,111.18,111.81,14965
2013-06-14 10:00:00,111.8,112.4111,111.73,112.36,19083
2013-06-14 10:15:00,112.32,112.47200000000001,112.21,112.31,15386
2013-06-14 10:30:00,112.32,112.33,111.764,111.97,19063
2013-06-14 10:45:00,111.97,112.1,111.62,111.84,15731
2013-06-14 11:00:00,111.855,111.885,111.24,111.31,17370
2013-06-14 11:15:00,111.26,111.57,111.26,111.36,16789
2013-06-14 11:30:00,111.3,111.31,111.09,111.1,10620
2013-06-14 11:45:00,111.15,111.24,111.04,111.1,11611
2013-06-14 12:00:00,111.1,111.25,110.97399999999999,111.24,14528
2013-06-14 12:15:00,111.19,111.3,111.05,111.06,8994
2013-06-14 12:30:00,111.07,111.28,111.07,111.23,14416
2013-06-14 12:45:00,111.23,111.41,111.17,111.32,11528
2013-06-14 13:00:00,111.35,111.41,111.255,111.32,7940
2013-06-14 13:15:00,111.27,111.45,111.25,111.42,7113
2013-06-14 13:30:00,111.4,111.49,111.32,111.37,15300
2013-06-14 13:45:00,111.36,111.46,111.31,111.45,13574
2013-06-14 14:00:00,111.44,111.45,111.18,111.18,7800
2013-06-14 14:15:00,111.21,111.34,111.145,111.34,11997
2013-06-14 14:30:00,111.31,111.52,111.29,111.44,11073
2013-06-14 14:45:00,111.44,111.55,111.42,111.55,9700
2013-06-14 15:00:00,111.53,111.6,111.47,111.56,14753
2013-06-14 15:15:00,111.54,111.805,111.53,111.64,12328
2013-06-14 15:30:00,111.64,111.88,111.62,111.81,23787
2013-06-14 15:45:00,111.73,111.9,111.64,111.65,30294
2013-06-14 16:00:00,111.65,111.79,111.47,111.57,51276
2013-06-17 09:45:00,111.57,112.56,111.57,112.03,30515
2013-06-17 10:00:00,112.03,112.25,111.98,112.02,24748
2013-06-17 10:15:00,111.93,112.36,111.9,112.22,20514
2013-06-17 10:30:00,112.19,112.22,111.91,112.15,21400
2013-06-17 10:45:00,112.16,112.17,111.57,111.59,14938
2013-06-17 11:00:00,111.59,111.61,111.46,111.46,13164
2013-06-17 11:15:00,111.5,111.62,111.43,111.43,14904
2013-06-17 11:30:00,111.4,111.50200000000001,111.22,111.43,21248
2013-06-17 11:45:00,111.41,111.58,111.39,111.42299999999999,21778
2013-06-17 12:00:00,111.44,111.51,111.2,111.2,18772
2013-06-17 12:15:00,111.18,111.4,111.17,111.38,9510
2013-06-17 12:30:00,111.4,111.57,111.39,111.5255,19850
2013-06-17 12:45:00,111.54,111.69,111.47,111.69,12035
2013-06-17 13:00:00,111.73,111.86,111.73,111.83,9579
2013-06-17 13:15:00,111.87,111.89,111.81,111.89,8708
2013-06-17 13:30:00,111.88,112.21,111.88,112.18,14609
2013-06-17 13:45:00,112.18,112.36,112.17,112.23,24950
2013-06-17 14:00:00,112.22,112.23,112.115,112.15,11938
2013-06-17 14:15:00,112.12,112.16,111.76799999999999,111.83,18200
2013-06-17 14:30:00,111.81,111.97,111.7,111.8,19349
2013-06-17 14:45:00,111.77,111.86,111.71,111.75,18813
2013-06-17 15:00:00,111.7,111.7,111.19,111.28,19705
2013-06-17 15:15:00,111.28,111.47,111.17,111.38,23178
2013-06-17 15:30:00,111.35,111.57,111.28,111.56,24049
2013-06-17 15:45:00,111.57,112.025,111.52,112.02,38578
2013-06-17 16:00:00,112.02,112.09,111.83,111.98,79936
2013-06-18 09:45:00,112.05,112.49,111.795,112.03,21766
2013-06-18 10:00:00,111.91,112.37,111.89,112.07,20311
2013-06-18 10:15:00,111.9975,112.23,111.945,112.05,10190
2013-06-18 10:30:00,112.115,112.14,111.835,111.9,23082
2013-06-18 10:45:00,111.95,112.11,111.8607,111.8607,9647
2013-06-18 11:00:00,111.89,112.06,111.76,111.96,39857
2013-06-18 11:15:00,111.9836,112.02,111.71,111.73,40927
2013-06-18 11:30:00,111.79,112.14,111.76,112.14,16170
2013-06-18 11:45:00,112.17,112.28,112.15,112.17,17395
2013-06-18 12:00:00,112.17,112.17,111.97,112.03,10825
2013-06-18 12:15:00,112.04,112.13,111.91,112.125,39323
2013-06-18 12:30:00,112.14,112.14,111.99,112.02,13220
2013-06-18 12:45:00,112.05,112.145,111.98,112.07,29117
2013-06-18 13:00:00,112.03,112.21,111.99,112.125,29425
2013-06-18 13:15:00,112.17,112.58,112.045,112.48,19203
2013-06-18 13:30:00,112.49,112.72,112.4,112.54,11455
2013-06-18 13:45:00,112.57,112.77,112.4225,112.76,9322
2013-06-18 14:00:00,112.71,112.77,112.66,112.66,15390
2013-06-18 14:15:00,112.68,112.89,112.68,112.77,10507
2013-06-18 14:30:00,112.79,112.85,112.65,112.79,11020
2013-06-18 14:45:00,112.81,112.86,112.64,112.64,4400
2013-06-18 15:00:00,112.61,112.74,112.61,112.71,7403
2013-06-18 15:15:00,112.67,112.79,112.55,112.75,14192
2013-06-18 15:30:00,112.74,113.06,112.63,113.05,30892
2013-06-18 15:45:00,113.04,113.14,112.94,113.05,43718
2013-06-18 16:00:00,113.05,113.09,112.87,113.09,65123
2013-06-19 09:45:00,113.09,113.66,113.09,113.47,19509
2013-06-19 10:00:00,113.67,113.92,113.33,113.71,23943
2013-06-19 10:15:00,113.71,113.83,113.54,113.6,20784
2013-06-19 10:30:00,113.6,113.83,113.6,113.75,32083
2013-06-19 10:45:00,113.84,113.89,113.62,113.8,9272
2013-06-19 11:00:00,113.8,113.88,113.59,113.76,42943
2013-06-19 11:15:00,113.81,113.81,113.48,113.62,13966
2013-06-19 11:30:00,113.62,113.85,113.53,113.59,17891
2013-06-19 11:45:00,113.5515,113.62,113.43,113.55,10435
2013-06-19 12:00:00,113.52,113.54700000000001,113.36,113.42,15452
2013-06-19 12:15:00,113.39,113.49,113.3,113.35,10114
2013-06-19 12:30:00,113.35,113.42,113.21,113.27,10705
2013-06-19 12:45:00,113.275,113.41,113.15,113.41,23843
2013-06-19 13:00:00,113.38,113.48,113.37,113.4,8123
2013-06-19 13:15:00,113.43,113.5,113.42,113.495,8615
2013-06-19 13:30:00,113.495,113.64,113.49,113.51,14250
2013-06-19 13:45:00,113.515,113.62,113.44,113.61,14392
2013-06-19 14:00:00,113.61,113.72,113.585,113.69,7600
2013-06-19 14:15:00,113.69,113.95,113.4,113.95,34758
2013-06-19 14:30:00,113.945,114.06,113.625,113.75,19738
2013-06-19 14:45:00,113.71,113.88,113.51,113.8,40372
2013-06-19 15:00:00,113.85,113.89,112.98,112.98,32233
2013-06-19 15:15:00,113.06,113.42,112.97,113.35,47059
2013-06-19 15:30:00,113.4,113.59,113.25,113.59,49970
2013-06-19 15:45:00,113.59,113.62,113.4525,113.55,33060
2013-06-19 16:00:00,113.545,113.57,112.88,113.02,72326
2013-06-20 09:45:00,112.03,112.58,111.75,112.27,28306
2013-06-20 10:00:00,112.03,112.06,111.74,111.92,14374
2013-06-20 10:15:00,112.07,112.26,111.45,111.73,19424
2013-06-20 10:30:00,111.71,111.71,111.352,111.352,19520
2013-06-20 10:45:00,111.38,111.43,110.9,111.25,20395
2013-06-20 11:00:00,111.2,111.59,111.1054,111.505,19351
2013-06-20 11:15:00,111.51,111.64,111.445,111.53,22425
2013-06-20 11:30:00,111.585,111.71,111.47,111.68,9650
2013-06-20 11:45:00,111.69,112.0,111.68,111.8,18990
2013-06-20 12:00:00,111.84,111.87,111.53,111.53,27090
2013-06-20 12:15:00,111.54,111.9,111.51,111.868,15192
2013-06-20 12:30:00,111.8,111.86,111.68,111.68,8954
2013-06-20 12:45:00,111.71,111.81,111.57,111.58,12201
2013-06-20 13:00:00,111.58,111.58,111.42,111.42,13071
2013-06-20 13:15:00,111.42,111.61,111.4,111.5,8600
2013-06-20 13:30:00,111.49,111.49,111.275,111.35,6175
2013-06-20 13:45:00,111.3,111.49,111.27,111.48,8145
2013-06-20 14:00:00,111.454,111.57,111.37,111.45,11534
2013-06-20 14:15:00,111.47,111.5,111.12,111.17,17864
2013-06-20 14:30:00,111.18,111.345,111.02,111.09,15881
2013-06-20 14:45:00,111.08,111.42,111.02,111.37,18202
2013-06-20 15:00:00,111.385,111.41,111.08,111.15,16100
2013-06-20 15:15:00,111.15,111.26,111.06,111.21,18659
2013-06-20 15:30:00,111.16,111.24,110.84,110.94,54636
2013-06-20 15:45:00,110.92,110.94,110.57,110.66,39945
2013-06-20 16:00:00,110.63,110.92,110.47,110.87,90578
2013-06-21 09:45:00,111.45,111.895,110.85,111.23,308436
2013-06-21 10:00:00,111.26,111.43,110.92,111.04,21600
2013-06-21 10:15:00,111.04,111.21,110.905,111.0,21982
2013-06-21 10:30:00,111.06,111.11,110.82,110.82,19025
2013-06-21 10:45:00,110.85,110.92,110.65,110.79,38437
2013-06-21 11:00:00,110.86,111.16,110.85,111.04,18603
2013-06-21 11:15:00,111.04,111.05,110.69,110.71,15441
2013-06-21 11:30:00,110.71,110.93,110.62,110.62,16910
2013-06-21 11:45:00,110.552,110.59,110.23,110.46,30725
2013-06-21 12:00:00,110.46,110.55,110.24,110.33,10105
2013-06-21 12:15:00,110.38,110.57,110.16,110.17,14505
2013-06-21 12:30:00,110.17,110.31,110.075,110.15,13600
2013-06-21 12:45:00,110.15,110.26,110.08,110.26,14921
2013-06-21 13:00:00,110.21,110.73,110.21,110.62,17927
2013-06-21 13:15:00,110.5,110.92,110.48,110.85,8700
2013-06-21 13:30:00,110.86,110.93,110.58,110.6,10863
2013-06-21 13:45:00,110.59,110.82,110.53,110.68,11013
2013-06-21 14:00:00,110.65,110.74,110.38,110.55,16750
2013-06-21 14:15:00,110.52,110.59,110.34,110.55,18803
2013-06-21 14:30:00,110.58,110.62,110.4,110.55,9307
2013-06-21 14:45:00,110.54,110.65,110.42,110.55,10414
2013-06-21 15:00:00,110.56,110.63,110.46,110.525,10082
2013-06-21 15:15:00,110.6,111.13,110.56,111.05,27306
2013-06-21 15:30:00,111.03,111.19,110.95,111.19,20285
2013-06-21 15:45:00,111.22,111.25,111.04,111.05,37112
2013-06-21 16:00:00,111.04,111.08,110.77,111.0,103337
2013-06-24 09:45:00,110.0,110.59,109.86,110.0001,33818
2013-06-24 10:00:00,110.0,110.65,109.89,110.17,25714
2013-06-24 10:15:00,110.15,110.43,109.88,110.42,23248
2013-06-24 10:30:00,110.445,110.68,110.41,110.465,16972
2013-06-24 10:45:00,110.31,111.12,110.31,110.81,23903
2013-06-24 11:00:00,110.75,110.82,110.56,110.68,12600
2013-06-24 11:15:00,110.625,110.75,110.52,110.62,14240
2013-06-24 11:30:00,110.6,110.68,110.4,110.47,25144
2013-06-24 11:45:00,110.51,110.615,110.35,110.6,22695
2013-06-24 12:00:00,110.49,110.72,110.49,110.72,11282
2013-06-24 12:15:00,110.69,110.81,110.37,110.51,9505
2013-06-24 12:30:00,110.49,110.71,110.41,110.63,14147
2013-06-24 12:45:00,110.63,110.73,110.54,110.675,14900
2013-06-24 13:00:00,110.685,110.89,110.49,110.86,9604
2013-06-24 13:15:00,110.82,110.96,110.73,110.96,10217
2013-06-24 13:30:00,110.96,111.205,110.91,111.12,12960
2013-06-24 13:45:00,111.08,111.29,111.07,111.13,23400
2013-06-24 14:00:00,111.14,111.15,110.71,110.82,45166
2013-06-24 14:15:00,110.8401,111.345,110.72,111.14,25924
2013-06-24 14:30:00,111.14,111.53,111.14,111.51,18449
2013-06-24 14:45:00,111.51,111.82,111.42,111.65,18187
2013-06-24 15:00:00,111.65,111.91,111.55,111.81,25017
2013-06-24 15:15:00,111.77,111.94,111.71,111.76,19134
2013-06-24 15:30:00,111.68,111.71,111.43,111.57,14900
2013-06-24 15:45:00,111.5,111.91,111.4,111.78,46487
2013-06-24 16:00:00,111.77,111.77,111.09,111.17,85426
2013-06-25 09:45:00,111.48,112.0,110.98,111.72,57076
2013-06-25 10:00:00,111.6,111.79,111.35,111.4,34222
2013-06-25 10:15:00,111.33,111.575,111.12,111.26,43285
2013-06-25 10:30:00,111.26,111.67,111.1,111.57,25686
2013-06-25 10:45:00,111.54,111.55,111.11,111.12,17900
2013-06-25 11:00:00,111.13,111.34,111.09,111.18,14836
2013-06-25 11:15:00,111.17,111.2,111.02,111.02,14782
2013-06-25 11:30:00,111.07,111.18,110.89,111.04,27218
2013-06-25 11:45:00,111.0,111.26,110.99,111.17,16114
2013-06-25 12:00:00,111.1999,111.36,111.05,111.295,11164
2013-06-25 12:15:00,111.29,111.29,111.14,111.16,8635
2013-06-25 12:30:00,111.17,111.24,111.14,111.19,7816
2013-06-25 12:45:00,111.24,111.41,111.2,111.32,10100
2013-06-25 13:00:00,111.32,111.48,111.27,111.28,8200
2013-06-25 13:15:00,111.3,111.43,111.23,111.27,11316
2013-06-25 13:30:00,111.23,111.31,111.18,111.24,6618
2013-06-25 13:45:00,111.24,111.4594,111.20200000000001,111.4,17857
2013-06-25 14:00:00,111.41,111.41,111.27,111.31,6815
2013-06-25 14:15:00,111.25,111.49,111.25,111.45,8440
2013-06-25 14:30:00,111.45,111.54,111.3,111.3,7650
2013-06-25 14:45:00,111.29,111.33,111.166,111.21,13459
2013-06-25 15:00:00,111.21,111.3,111.11,111.21,10349
2013-06-25 15:15:00,111.17,111.32,111.17,111.245,9700
2013-06-25 15:30:00,111.27,111.36,111.24,111.34,9500
2013-06-25 15:45:00,111.35,111.7,111.32,111.54,21558
2013-06-25 16:00:00,111.52,111.52,111.25,111.3,46844
2013-06-26 09:45:00,109.61,111.18,109.61,110.9,73846
2013-06-26 10:00:00,110.9,110.99,110.57,110.96,55044
2013-06-26 10:15:00,110.98,111.09,110.5,110.57,49438
2013-06-26 10:30:00,110.54,110.59,109.96,110.03,70958
2013-06-26 10:45:00,110.02,110.04,109.85,109.95,64794
2013-06-26 11:00:00,109.95,110.01,109.65,109.775,32793
2013-06-26 11:15:00,109.7899,109.81,109.53,109.67,33544
2013-06-26 11:30:00,109.67,109.71,109.4401,109.56,31974
2013-06-26 11:45:00,109.56,109.79,109.52,109.64,20601
2013-06-26 12:00:00,109.64,109.876,109.56,109.81,34053
2013-06-26 12:15:00,109.81,110.0,109.71,109.86,37207
2013-06-26 12:30:00,109.9,109.975,109.83,109.91,18596
2013-06-26 12:45:00,109.905,110.04,109.85,109.9,22426
2013-06-26 13:00:00,109.9,109.97,109.86,109.92,14351
2013-06-26 13:15:00,109.91,109.93,109.77,109.905,13846
2013-06-26 13:30:00,109.9,109.93,109.755,109.91,20648
2013-06-26 13:45:00,109.93,109.975,109.85,109.88,14801
2013-06-26 14:00:00,109.88,110.02,109.87,109.89,39993
2013-06-26 14:15:00,109.91,109.965,109.8,109.94,19295
2013-06-26 14:30:00,109.95,110.1,109.94,110.02,21519
2013-06-26 14:45:00,110.02,110.06,109.94,109.9635,24520
2013-06-26 15:00:00,109.95,110.0,109.92,109.97,26580
2013-06-26 15:15:00,109.97,110.08,109.9175,110.05,35240
2013-06-26 15:30:00,110.065,110.118,110.02,110.118,63487
2013-06-26 15:45:00,110.13,110.195,110.02,110.15,59223
2013-06-26 16:00:00,110.14,110.49,110.11,110.31,115032
2013-06-27 09:45:00,111.05,112.14,111.05,111.9275,77322
2013-06-27 10:00:00,111.81,112.03,111.46,111.59,26756
2013-06-27 10:15:00,111.59,111.59,111.29,111.41,30820
2013-06-27 10:30:00,111.45,111.98,111.42,111.95,21509
2013-06-27 10:45:00,111.95,112.06,111.8548,111.86,12300
2013-06-27 11:00:00,111.85,111.86,111.65,111.72,10850
2013-06-27 11:15:00,111.73,111.75,111.3,111.43,20920
2013-06-27 11:30:00,111.435,111.56,111.39,111.45,10750
2013-06-27 11:45:00,111.42,111.522,111.39,111.4,9342
2013-06-27 12:00:00,111.42,111.51,111.35,111.49,12778
2013-06-27 12:15:00,111.5,111.5,111.37,111.49,12223
2013-06-27 12:30:00,111.485,111.5,111.37,111.46,10700
2013-06-27 12:45:00,111.46,111.51,111.46,111.47,13625
2013-06-27 13:00:00,111.46,111.5,111.38,111.49,11295
2013-06-27 13:15:00,111.45,111.6,111.45,111.57,12517
2013-06-27 13:30:00,111.5625,111.61,111.48,111.48,11866
2013-06-27 13:45:00,111.47,111.61,111.4,111.52,20715
2013-06-27 14:00:00,111.5099,111.61,111.46,111.5,11605
2013-06-27 14:15:00,111.51,111.51,111.27,111.48,19542
2013-06-27 14:30:00,111.47,111.6,111.39,111.6,7064
2013-06-27 14:45:00,111.62,111.73,111.545,111.545,12941
2013-06-27 15:00:00,111.52,111.72,111.5,111.67,8688
2013-06-27 15:15:00,111.665,111.79,111.54,111.79,21387
2013-06-27 15:30:00,111.8,112.07,111.8,112.07,16530
2013-06-27 15:45:00,112.07,112.07,111.9,111.99,21315
2013-06-27 16:00:00,111.99,112.03,111.77,111.81,53301
2013-06-28 09:45:00,111.33,112.32,111.3,111.93,28130
2013-06-28 10:00:00,111.94,111.99,111.5,111.61,17300
2013-06-28 10:15:00,111.66,112.2,111.615,112.16,35123
2013-06-28 10:30:00,112.24,112.67,112.24,112.62,13010
2013-06-28 10:45:00,112.8,112.92,112.48,112.83,12923
2013-06-28 11:00:00,112.83,113.03,112.72,112.78,22668
2013-06-28 11:15:00,112.84,113.03,112.785,112.9,18020
2013-06-28 11:30:00,112.9,113.12,112.82,113.12,19628
2013-06-28 11:45:00,113.1,113.25,112.91,112.929,16084
2013-06-28 12:00:00,112.83,113.03,112.82,112.97,7050
2013-06-28 12:15:00,112.98,113.05,112.68,112.88,12715
2013-06-28 12:30:00,112.84,112.93,112.6525,112.9,13301
2013-06-28 12:45:00,112.88,113.05,112.86,113.01,11168
2013-06-28 13:00:00,113.02,113.15,113.02,113.03,6682
2013-06-28 13:15:00,112.99,113.29,112.98,113.2731,16800
2013-06-28 13:30:00,113.28,113.44,113.22,113.26,13550
2013-06-28 13:45:00,113.23,113.34,113.1642,113.1642,6746
2013-06-28 14:00:00,113.22,113.35,113.22,113.33,8922
2013-06-28 14:15:00,113.34,113.6,113.34,113.55,16514
2013-06-28 14:30:00,113.56,113.57,113.48,113.55,9200
2013-06-28 14:45:00,113.57,113.62,113.37,113.42,17400
2013-06-28 15:00:00,113.43,113.51,113.36,113.4,41800
2013-06-28 15:15:00,113.38,113.395,113.14,113.2,22520
2013-06-28 15:30:00,113.2,113.311,113.11,113.28,21421
2013-06-28 15:45:00,113.35,113.39,113.24,113.36,43715
2013-06-28 16:00:00,113.36,113.39,112.52,112.52,148880
2013-07-01 09:45:00,113.03,113.7,112.72,113.6,77241
2013-07-01 10:00:00,113.595,114.19,113.48,113.98,44038
2013-07-01 10:15:00,113.99,114.62700000000001,113.985,114.36,48286
2013-07-01 10:30:00,114.32,114.36,114.03,114.045,28136
2013-07-01 10:45:00,114.05,114.4,114.05,114.315,35117
2013-07-01 11:00:00,114.32,114.36,114.16,114.19,26051
2013-07-01 11:15:00,114.2,114.7648,114.19,114.74,29574
2013-07-01 11:30:00,114.76,114.88,114.65,114.82,22527
2013-07-01 11:45:00,114.81,115.0,114.8,114.82,17292
2013-07-01 12:00:00,114.835,114.838,114.69,114.72,19800
2013-07-01 12:15:00,114.73,114.81,114.52,114.715,27650
2013-07-01 12:30:00,114.705,114.78,114.39,114.428,19092
2013-07-01 12:45:00,114.41,114.66,114.36,114.57,17782
2013-07-01 13:00:00,114.56,114.59,114.44,114.52,24614
2013-07-01 13:15:00,114.5,114.58,114.37,114.37,14227
2013-07-01 13:30:00,114.35,114.56,114.35,114.55,21012
2013-07-01 13:45:00,114.55,114.55,114.24,114.24,11708
2013-07-01 14:00:00,114.26,114.29,114.11,114.11,16700
2013-07-01 14:15:00,114.105,114.515,114.105,114.4,19806
2013-07-01 14:30:00,114.4,114.4,114.18,114.28,12307
2013-07-01 14:45:00,114.29,114.42,114.27,114.4,15425
2013-07-01 15:00:00,114.38,114.7,114.38,114.68,19019
2013-07-01 15:15:00,114.66,114.95,114.65,114.77,38541
2013-07-01 15:30:00,114.75,114.86,114.5501,114.5501,24294
2013-07-01 15:45:00,114.55,114.66,114.38,114.41,44462
2013-07-01 16:00:00,114.46,114.74,114.38,114.73,100589
2013-07-02 09:45:00,114.99,115.85,114.75,115.165,38301
2013-07-02 10:00:00,115.23,115.3,114.75,114.75,18230
2013-07-02 10:15:00,114.76,114.89,114.25,114.505,34196
2013-07-02 10:30:00,114.59,114.59,114.36,114.39,14000
2013-07-02 10:45:00,114.39,114.39,114.07,114.29,22722
2013-07-02 11:00:00,114.25,114.37,114.17,114.29,23554
2013-07-02 11:15:00,114.28,114.5,114.17,114.47,24456
2013-07-02 11:30:00,114.42,114.675,114.38,114.675,14975
2013-07-02 11:45:00,114.6,114.79,114.5,114.74,14400
2013-07-02 12:00:00,114.79,114.99,114.78,114.85,12660
2013-07-02 12:15:00,114.85,114.97,114.79,114.91,21400
2013-07-02 12:30:00,114.84,114.86,114.77,114.86,5000
2013-07-02 12:45:00,114.85,114.93,114.79,114.89,19064
2013-07-02 13:00:00,114.89,115.11,114.89,115.11,17212
2013-07-02 13:15:00,115.08,115.08,114.87,114.95,9022
2013-07-02 13:30:00,114.85,115.0,114.82,114.89,4612
2013-07-02 13:45:00,114.85,114.93,114.72,114.75,11728
2013-07-02 14:00:00,114.75,114.77,114.58,114.6,12277
2013-07-02 14:15:00,114.6,114.67,114.27,114.33,21916
2013-07-02 14:30:00,114.28,114.31,113.9,113.925,22450
2013-07-02 14:45:00,113.905,114.03,113.785,113.79,16667
2013-07-02 15:00:00,113.79,113.98,113.63,113.78,27954
2013-07-02 15:15:00,113.81,113.92,113.57,113.9,29860
2013-07-02 15:30:00,113.92,113.92,113.63,113.735,18971
2013-07-02 15:45:00,113.75,113.79,113.59,113.65,34900
2013-07-02 16:00:00,113.65,114.01,113.61,113.9,69894
2013-07-03 09:45:00,113.3,114.19,112.93,114.07,24465
2013-07-03 10:00:00,113.88,114.11,113.64,114.02,13425
2013-07-03 10:15:00,113.97399999999999,114.19,113.65,113.82,16127
2013-07-03 10:30:00,113.81,114.26,113.81,114.16,14742
2013-07-03 10:45:00,114.17,114.475,114.13,114.27,13400
2013-07-03 11:00:00,114.27,114.3,113.89,114.01,26824
2013-07-03 11:15:00,114.06,114.26100000000001,113.95,114.03,10249
2013-07-03 11:30:00,114.04,114.51,114.04,114.4,10646
2013-07-03 11:45:00,114.46,114.53,114.07,114.1,8600
2013-07-03 12:00:00,114.1,114.7,114.08,114.7,16942
2013-07-03 12:15:00,114.7,114.91,114.54,114.62,13950
2013-07-03 12:30:00,114.64,114.8224,114.58,114.65,14847
2013-07-03 12:45:00,114.65,114.66,114.35,114.35,23455
2013-07-03 13:00:00,114.35,114.58,114.25,114.58,48424
2013-07-03 13:15:00,114.56,114.58,114.2282,114.2703,53034
2013-07-03 13:30:00,114.56,114.56,114.56,114.56,1000
2013-07-03 14:15:00,114.56,114.56,114.56,114.56,647
2013-07-05 09:45:00,115.2,115.86,115.15,115.59,22978
2013-07-05 10:00:00,115.59,116.14,115.59,115.88,14870
2013-07-05 10:15:00,115.89,115.9,115.06,115.19,13400
2013-07-05 10:30:00,115.07,115.12,114.6101,114.76,8984
2013-07-05 10:45:00,114.77,115.12,114.7,115.12,14896
2013-07-05 11:00:00,115.11,115.46,115.03,115.18,36153
2013-07-05 11:15:00,115.23,115.23,114.81,115.03,18233
2013-07-05 11:30:00,114.94,115.25,114.8,115.0,6600
2013-07-05 11:45:00,114.91,114.978,114.73,114.86,6104
2013-07-05 12:00:00,114.87,115.24,114.77,115.24,2900
2013-07-05 12:15:00,115.32,115.61,115.3,115.39,14414
2013-07-05 12:30:00,115.34,115.63,115.32,115.595,11978
2013-07-05 12:45:00,115.59,115.72,115.59,115.63,4820
2013-07-05 13:00:00,115.63,115.68,115.51,115.6,6413
2013-07-05 13:15:00,115.62,115.75,115.51,115.74,3147
2013-07-05 13:30:00,115.7967,115.7973,115.64,115.7,13327
2013-07-05 13:45:00,115.7,115.71,115.59,115.59,6862
2013-07-05 14:00:00,115.56,115.7194,115.56,115.67,4300
2013-07-05 14:15:00,115.68,115.81,115.6001,115.81,6000
2013-07-05 14:30:00,115.83,115.99,115.75,115.99,8371
2013-07-05 14:45:00,116.0,116.03200000000001,115.8,115.8,8771
2013-07-05 15:00:00,115.8,115.86,115.75,115.79,6269
2013-07-05 15:15:00,115.79,115.87,115.71,115.75,6587
2013-07-05 15:30:00,115.78,115.79,115.5,115.56,15644
2013-07-05 15:45:00,115.56,115.7,115.54,115.64,12029
2013-07-05 16:00:00,115.64,115.76,115.53,115.75,24845
2013-07-08 09:45:00,116.47,116.99,116.23,116.91,16915
2013-07-08 10:00:00,117.02,117.33,116.8119,117.214,12778
2013-07-08 10:15:00,117.21,117.45,117.05,117.135,33617
2013-07-08 10:30:00,117.09,117.52,117.07,117.38,22743
2013-07-08 10:45:00,117.34,117.39,116.62,116.72,22771
2013-07-08 11:00:00,116.72,116.92,116.42,116.48,19502
2013-07-08 11:15:00,116.43,116.675,116.43,116.475,18011
2013-07-08 11:30:00,116.49,116.5,116.37,116.415,13732
2013-07-08 11:45:00,116.405,116.56,116.38,116.54,24104
2013-07-08 12:00:00,116.57,116.58,116.37,116.38,14399
2013-07-08 12:15:00,116.3901,116.54,116.3901,116.536,5560
2013-07-08 12:30:00,116.5,116.5999,116.44,116.44,8875
2013-07-08 12:45:00,116.44,116.595,116.39,116.405,32820
2013-07-08 13:00:00,116.4,116.44,116.26,116.415,9200
2013-07-08 13:15:00,116.405,116.61,116.39,116.61,18798
2013-07-08 13:30:00,116.625,116.69,116.47,116.67,15814
2013-07-08 13:45:00,116.67,117.07,116.67,116.985,9542
2013-07-08 14:00:00,117.06,117.26,117.02,117.205,8940
2013-07-08 14:15:00,117.21,117.23,117.0947,117.13,7602
2013-07-08 14:30:00,117.1,117.2,117.02,117.09,6711
2013-07-08 14:45:00,117.1,117.2,117.065,117.08,9800
2013-07-08 15:00:00,117.08,117.15,116.96,117.15,14700
2013-07-08 15:15:00,117.14,117.14,116.95,117.05,8962
2013-07-08 15:30:00,117.03,117.2,117.03,117.14,13815
2013-07-08 15:45:00,117.13,117.25,117.08,117.23,27644
2013-07-08 16:00:00,117.25,117.4,117.19,117.38,80747
2013-07-09 09:45:00,118.35,118.37,117.25,118.16,17907
2013-07-09 10:00:00,118.16799999999999,118.16799999999999,117.37799999999999,117.42,11412
2013-07-09 10:15:00,117.41,117.55,117.25,117.35,18636
2013-07-09 10:30:00,117.38,117.39,116.83,116.89,17618
2013-07-09 10:45:00,116.85,117.09,116.78,116.99,13768
2013-07-09 11:00:00,116.99,117.17,116.98,117.17,10235
2013-07-09 11:15:00,117.12,117.3,117.11,117.23,8900
2013-07-09 11:30:00,117.23,117.29,116.94,117.04,23702
2013-07-09 11:45:00,117.0785,117.08,116.75,116.86,35990
2013-07-09 12:00:00,116.78,116.8,116.46,116.55,12133
2013-07-09 12:15:00,116.5454,116.71,116.54,116.64,17769
2013-07-09 12:30:00,116.64,116.69,116.49,116.62,15815
2013-07-09 12:45:00,116.626,116.67,116.5,116.58,17610
2013-07-09 13:00:00,116.58,116.62,116.48,116.5,8450
2013-07-09 13:15:00,116.5,116.63,116.45,116.46,10227
2013-07-09 13:30:00,116.46,116.46,116.18,116.18,10314
2013-07-09 13:45:00,116.16,116.33,116.14,116.265,12402
2013-07-09 14:00:00,116.265,116.45,116.265,116.39,10300
2013-07-09 14:15:00,116.38,116.46,116.37,116.42,9037
2013-07-09 14:30:00,116.45,116.45,116.25,116.35,10592
2013-07-09 14:45:00,116.35,116.35,116.21,116.32,10407
2013-07-09 15:00:00,116.32,116.3685,116.16,116.3,10165
2013-07-09 15:15:00,116.31,116.43,116.23,116.43,17129
2013-07-09 15:30:00,116.43,116.62,116.42,116.58,17430
2013-07-09 15:45:00,116.57,116.66,116.52,116.63,20686
2013-07-09 16:00:00,116.63,116.63,116.45,116.51,61136
2013-07-10 09:45:00,116.25,116.83,116.04,116.13,22430
2013-07-10 10:00:00,116.07,116.25,115.8,116.2,25296
2013-07-10 10:15:00,116.3,116.45,116.1446,116.1446,11250
2013-07-10 10:30:00,116.19,116.23,115.74,115.835,30354
2013-07-10 10:45:00,115.88,116.15,115.85,116.05,17915
2013-07-10 11:00:00,116.05,116.13,115.72,115.9,12600
2013-07-10 11:15:00,115.84,116.07,115.84,115.99,51149
2013-07-10 11:30:00,116.008,116.08,115.95,116.01,15141
2013-07-10 11:45:00,116.01,116.155,116.01,116.11,9360
2013-07-10 12:00:00,116.125,116.13,116.0,116.0,13187
2013-07-10 12:15:00,116.01,116.01,115.78,115.9597,17468
2013-07-10 12:30:00,115.935,115.98,115.76,115.93,13182
2013-07-10 12:45:00,115.94,115.98,115.82,115.83,5500
2013-07-10 13:00:00,115.88,116.0,115.75,115.75,13350
2013-07-10 13:15:00,115.75,115.79,115.61,115.67,16915
2013-07-10 13:30:00,115.61,115.88,115.58,115.86,13044
2013-07-10 13:45:00,115.88,115.94,115.81,115.94,14102
2013-07-10 14:00:00,115.94,115.95,115.74,115.79,10800
2013-07-10 14:15:00,115.79,116.2,115.73,116.065,21905
2013-07-10 14:30:00,116.1,116.21,115.965,116.05,14417
2013-07-10 14:45:00,116.06,116.09,115.89,116.04,14797
2013-07-10 15:00:00,116.04,116.08,115.75,115.96,15817
2013-07-10 15:15:00,116.05,116.06,115.79,115.9,12963
2013-07-10 15:30:00,115.93,116.37,115.86,116.32,19544
2013-07-10 15:45:00,116.29,116.51,116.23,116.48,31567
2013-07-10 16:00:00,116.47,116.57,116.39,116.47,45876
2013-07-11 09:45:00,117.68,117.978,117.19,117.195,26636
2013-07-11 10:00:00,117.17,117.28,116.96,117.01,12849
2013-07-11 10:15:00,116.99,117.09,116.78,117.0,93425
2013-07-11 10:30:00,116.99,117.12,116.77,116.83,15759
2013-07-11 10:45:00,116.85,116.9,116.64,116.705,13248
2013-07-11 11:00:00,116.7,116.99,116.67,116.9239,9123
2013-07-11 11:15:00,116.98899999999999,117.12,116.93,116.9511,13628
2013-07-11 11:30:00,116.98,117.07,116.9,117.07,14882
2013-07-11 11:45:00,117.11,117.285,117.07,117.19,15925
2013-07-11 12:00:00,117.18,117.19,116.88,116.88,10486
2013-07-11 12:15:00,116.87799999999999,116.94,116.755,116.92,34248
2013-07-11 12:30:00,116.89,117.0,116.83,116.99,7623
2013-07-11 12:45:00,116.98,117.0099,116.86,116.96,21890
2013-07-11 13:00:00,116.98,117.04,116.875,116.9275,11861
2013-07-11 13:15:00,116.98,116.9999,116.84,116.89,25086
2013-07-11 13:30:00,116.89,117.06,116.89,117.04,12909
2013-07-11 13:45:00,117.025,117.03,116.825,116.88,12630
2013-07-11 14:00:00,116.95,117.085,116.9499,117.07,7000
2013-07-11 14:15:00,117.06,117.06,116.93,116.97,15924
2013-07-11 14:30:00,116.97,117.14,116.94,117.1,11077
2013-07-11 14:45:00,117.14,117.2475,117.08,117.17,15501
2013-07-11 15:00:00,117.19,117.2,116.96,116.97,16311
2013-07-11 15:15:00,116.97,117.0,116.865,116.89399999999999,12513
2013-07-11 15:30:00,116.88,117.24,116.88,117.19,24387
2013-07-11 15:45:00,117.18,117.33,117.13,117.33,23420
2013-07-11 16:00:00,117.33,117.54,117.31,117.44,59480
2013-07-12 09:45:00,117.62,117.84,117.07,117.08,7715
2013-07-12 10:00:00,117.02,117.47,116.88,117.46,9950
2013-07-12 10:15:00,117.51,117.8,117.32,117.7,14702
2013-07-12 10:30:00,117.7,118.01,117.56,117.58,14570
2013-07-12 10:45:00,117.65,117.71,117.36,117.53,35948
2013-07-12 11:00:00,117.4642,117.73,117.36,117.64,16873
2013-07-12 11:15:00,117.66,117.77,117.5,117.75,13139
2013-07-12 11:30:00,117.78,117.78,117.43,117.43,10147
2013-07-12 11:45:00,117.41,117.45,117.33,117.435,15354
2013-07-12 12:00:00,117.44,117.44,117.18,117.39,6395
2013-07-12 12:15:00,117.39,117.48,117.36,117.45,18869
2013-07-12 12:30:00,117.4,117.425,117.2,117.24,19370
2013-07-12 12:45:00,117.27,117.29,117.12,117.12,15479
2013-07-12 13:00:00,117.1148,117.12,116.96,116.98,9643
2013-07-12 13:15:00,116.99,117.0,116.84,116.9,18145
2013-07-12 13:30:00,116.9,116.96,116.83,116.9,8117
2013-07-12 13:45:00,116.875,116.931,116.7549,116.81,8712
2013-07-12 14:00:00,116.79,116.79,116.67,116.7,14648
2013-07-12 14:15:00,116.68,116.87,116.68,116.84,42233
2013-07-12 14:30:00,116.7854,116.825,116.63,116.7,28514
2013-07-12 14:45:00,116.6944,116.92,116.6944,116.78,9650
2013-07-12 15:00:00,116.73,116.86,116.73,116.74,9831
2013-07-12 15:15:00,116.8,116.8,116.64,116.66,11713
2013-07-12 15:30:00,116.67,116.8,116.64,116.73,12514
2013-07-12 15:45:00,116.73,116.75,116.63,116.68,22650
2013-07-12 16:00:00,116.68,116.96,116.65,116.95,128110
2013-07-15 09:45:00,117.23,117.47,116.61,117.13,12595
2013-07-15 10:00:00,116.98,117.01,116.76,116.99,6900
2013-07-15 10:15:00,116.96,117.07,116.57,116.57,17561
2013-07-15 10:30:00,116.514,116.6,116.25,116.47,33864
2013-07-15 10:45:00,116.47,116.67,116.25,116.65,10400
2013-07-15 11:00:00,116.68,116.94,116.63,116.915,24196
2013-07-15 11:15:00,116.915,116.94,116.68,116.68,16718
2013-07-15 11:30:00,116.662,116.76,116.46,116.46,12911
2013-07-15 11:45:00,116.48,116.59,116.31,116.355,27991
2013-07-15 12:00:00,116.36,116.43,116.29,116.29,23246
2013-07-15 12:15:00,116.3,116.41,116.3,116.34,9673
2013-07-15 12:30:00,116.35,116.41,116.23,116.3,9150
2013-07-15 12:45:00,116.31,116.32,116.14,116.265,14054
2013-07-15 13:00:00,116.23,116.27,116.14,116.19,8800
2013-07-15 13:15:00,116.215,116.27,116.18,116.21,8565
2013-07-15 13:30:00,116.24,116.285,116.19,116.285,9252
2013-07-15 13:45:00,116.2999,116.3,116.18,116.29,8163
2013-07-15 14:00:00,116.3,116.3,116.19,116.21,9007
2013-07-15 14:15:00,116.19,116.39,116.15,116.39,25281
2013-07-15 14:30:00,116.42,116.43,115.97,116.09,142726
2013-07-15 14:45:00,116.11,116.14,116.04,116.105,23015
2013-07-15 15:00:00,116.11,116.12,115.99,116.06,33295
2013-07-15 15:15:00,116.06,116.09,116.0,116.01,22818
2013-07-15 15:30:00,116.03,116.06,115.91,115.93,37291
2013-07-15 15:45:00,115.93,116.05,115.92,115.99,62610
2013-07-15 16:00:00,115.99,116.28,115.99,116.23,107934
2013-07-16 09:45:00,116.61,116.86,116.0,116.68,45392
2013-07-16 10:00:00,116.73,116.85,116.6,116.83,16715
2013-07-16 10:15:00,116.82,117.0,116.64,116.81,24467
2013-07-16 10:30:00,116.81,116.95,116.74,116.81,8592
2013-07-16 10:45:00,116.79,116.9,116.7,116.72,36198
2013-07-16 11:00:00,116.8,116.81,116.51,116.61,8400
2013-07-16 11:15:00,116.6,116.7,116.44,116.54,15743
2013-07-16 11:30:00,116.54,116.66,116.48,116.5401,8010
2013-07-16 11:45:00,116.542,116.67,116.46,116.67,11980
2013-07-16 12:00:00,116.67,116.72,116.58,116.62,13559
2013-07-16 12:15:00,116.6,116.67,116.52,116.67,12329
2013-07-16 12:30:00,116.66,116.84,116.624,116.77,6331
2013-07-16 12:45:00,116.77,116.82,116.5,116.58,20123
2013-07-16 13:00:00,116.57,116.58,116.479,116.49,4435
2013-07-16 13:15:00,116.46,116.52,116.37100000000001,116.45,6275
2013-07-16 13:30:00,116.44,116.49,116.4,116.42,5319
2013-07-16 13:45:00,116.41,116.61,116.28,116.32,40918
2013-07-16 14:00:00,116.31,116.59,116.28,116.59,8900
2013-07-16 14:15:00,116.56,116.84,116.56,116.84,13812
2013-07-16 14:30:00,116.85,116.85,116.59,116.61,6700
2013-07-16 14:45:00,116.62,116.78,116.61,116.72,25902
2013-07-16 15:00:00,116.78,116.85,116.72,116.72,20614
2013-07-16 15:15:00,116.72,116.72,116.39,116.39,8600
2013-07-16 15:30:00,116.4002,116.45,116.26,116.38,19385
2013-07-16 15:45:00,116.38,116.42,116.23,116.27,22528
2013-07-16 16:00:00,116.29,116.37,116.19,116.21,67759
2013-07-17 09:45:00,116.28,117.25,116.28,116.61,15615
2013-07-17 10:00:00,116.41,116.49,116.05,116.14,10735
2013-07-17 10:15:00,116.11,116.42,115.9409,116.29,16685
2013-07-17 10:30:00,116.3,116.3,116.0,116.19,12784
2013-07-17 10:45:00,116.2,116.4,116.14,116.15,11487
2013-07-17 11:00:00,116.06,116.12,115.94,115.96,28604
2013-07-17 11:15:00,116.01,116.03,115.8,115.93,20653
2013-07-17 11:30:00,115.93,116.03,115.62,115.65,23221
2013-07-17 11:45:00,115.65,116.025,115.62,116.02,27209
2013-07-17 12:00:00,116.0,116.05,115.9,115.97,11921
2013-07-17 12:15:00,116.0,116.09,115.88,116.06,18922
2013-07-17 12:30:00,116.05,116.08,115.9,115.94,14800
2013-07-17 12:45:00,115.93,115.99,115.8399,115.8399,18974
2013-07-17 13:00:00,115.83,115.93,115.82,115.88,9200
2013-07-17 13:15:00,115.92,115.92,115.73,115.78,36608
2013-07-17 13:30:00,115.73,115.73,115.46,115.46,13789
2013-07-17 13:45:00,115.48,115.59,115.4,115.53,12370
2013-07-17 14:00:00,115.52,115.78,115.5,115.67,9515
2013-07-17 14:15:00,115.71,115.88,115.63,115.68,12577
2013-07-17 14:30:00,115.6489,115.72,115.62,115.67,10102
2013-07-17 14:45:00,115.6,115.6,115.48,115.48,13690
2013-07-17 15:00:00,115.44,115.44,115.3,115.4,16201
2013-07-17 15:15:00,115.44,115.65,115.4,115.6,25499
2013-07-17 15:30:00,115.62,115.69,115.54,115.6,31424
2013-07-17 15:45:00,115.59,115.86,115.555,115.86,39678
2013-07-17 16:00:00,115.86,115.86,115.68,115.77,69151
2013-07-18 09:45:00,116.2,116.78,115.01,116.78,17794
2013-07-18 10:00:00,116.79,117.28,116.57,117.24,42750
2013-07-18 10:15:00,117.35,117.42,117.0,117.36,26365
2013-07-18 10:30:00,117.35,117.75,117.27,117.6,21226
2013-07-18 10:45:00,117.61,118.23,117.59,118.23,47434
2013-07-18 11:00:00,118.15,118.35,117.78,118.28,49015
2013-07-18 11:15:00,118.34,118.35,117.97,117.99,14899
2013-07-18 11:30:00,117.99,118.0,117.62,117.67,20698
2013-07-18 11:45:00,117.71,117.76,117.4,117.4,23870
2013-07-18 12:00:00,117.39,117.39,116.8,116.8,26842
2013-07-18 12:15:00,116.85,116.97,116.49,116.52,24890
2013-07-18 12:30:00,116.51,116.6933,116.435,116.46,14182
2013-07-18 12:45:00,116.51,116.55,116.4,116.42,5515
2013-07-18 13:00:00,116.44,116.6,116.39,116.46,6996
2013-07-18 13:15:00,116.51,116.55,116.44,116.55,7649
2013-07-18 13:30:00,116.53,116.55,116.19,116.2,11233
2013-07-18 13:45:00,116.24,116.82,116.1,116.8,35099
2013-07-18 14:00:00,116.85,117.08,116.76,117.08,14850
2013-07-18 14:15:00,117.08,117.16,116.99,117.15,15704
2013-07-18 14:30:00,117.13,117.15,116.91,117.05,11804
2013-07-18 14:45:00,117.1,117.24,117.05,117.22,13100
2013-07-18 15:00:00,117.23,117.31,117.13,117.25,14019
2013-07-18 15:15:00,117.26,117.315,117.11,117.11,15026
2013-07-18 15:30:00,117.1,117.24,117.02,117.15,15747
2013-07-18 15:45:00,117.175,117.175,116.85,116.95,19911
2013-07-18 16:00:00,116.93,117.11,116.92,117.03,33540
2013-07-19 09:45:00,118.17,118.37,116.31,118.025,167923
2013-07-19 10:00:00,118.025,118.16,117.506,117.85,33493
2013-07-19 10:15:00,117.9,118.0,117.74,117.95,21879
2013-07-19 10:30:00,117.94,117.96,117.6,117.8,48456
2013-07-19 10:45:00,117.86,118.23,117.86,117.97,16500
2013-07-19 11:00:00,117.98,118.05,117.78,117.84,18393
2013-07-19 11:15:00,117.85,117.89,117.64,117.7,11624
2013-07-19 11:30:00,117.73,117.86,117.54,117.82,19506
2013-07-19 11:45:00,117.82,117.91,117.7,117.91,16220
2013-07-19 12:00:00,117.88,118.03,117.8542,117.94,11365
2013-07-19 12:15:00,117.96,118.08,117.92,117.98,7250
2013-07-19 12:30:00,117.95,118.015,117.9,118.0,5412
2013-07-19 12:45:00,118.0,118.03,117.85,117.85,10500
2013-07-19 13:00:00,117.88,117.96,117.73,117.76,8701
2013-07-19 13:15:00,117.76,117.98,117.71,117.93,22500
2013-07-19 13:30:00,117.96,117.98,117.9,117.96,12499
2013-07-19 13:45:00,117.94,118.13,117.94,118.09,16204
2013-07-19 14:00:00,118.06,118.25,118.06,118.22,11356
2013-07-19 14:15:00,118.22,118.28,118.11,118.28,27742
2013-07-19 14:30:00,118.3,118.44,118.27,118.43,17805
2013-07-19 14:45:00,118.43,118.44,118.32,118.38,9975
2013-07-19 15:00:00,118.36,118.415,118.34,118.38,8170
2013-07-19 15:15:00,118.39,118.4,118.28,118.3,13370
2013-07-19 15:30:00,118.28,118.28,118.09,118.19,12530
2013-07-19 15:45:00,118.23,118.26,118.01,118.2,19788
2013-07-19 16:00:00,118.2,118.45,118.14,118.43,78092
2013-07-22 09:45:00,120.25,120.35,118.57,118.8199,59302
2013-07-22 10:00:00,118.69,119.135,118.42,118.5,20067
2013-07-22 10:15:00,118.43,118.8,118.11,118.8,19106
2013-07-22 10:30:00,118.81,118.81,118.32,118.35,14844
2013-07-22 10:45:00,118.35,118.4,118.11,118.39,15311
2013-07-22 11:00:00,118.41,118.66,118.34,118.6025,18995
2013-07-22 11:15:00,118.6,118.91,118.58,118.67,14891
2013-07-22 11:30:00,118.61,118.78,118.45,118.78,11310
2013-07-22 11:45:00,118.83,118.87,118.64,118.67,13500
2013-07-22 12:00:00,118.65,118.65,118.18,118.27,11600
2013-07-22 12:15:00,118.27,118.62,118.22,118.44,11087
2013-07-22 12:30:00,118.45,118.51,118.43,118.5,10700
2013-07-22 12:45:00,118.5,118.725,118.47,118.715,44475
2013-07-22 13:00:00,118.689,119.25,118.689,119.17,78395
2013-07-22 13:15:00,119.16,119.17,118.93,119.08,7800
2013-07-22 13:30:00,119.07,119.12,118.82,118.85,15950
2013-07-22 13:45:00,118.85,118.99,118.83,118.94,12850
2013-07-22 14:00:00,118.94,119.3,118.94,119.29,12508
2013-07-22 14:15:00,119.32,119.61,119.32,119.445,42168
2013-07-22 14:30:00,119.445,119.57,119.27,119.57,19358
2013-07-22 14:45:00,119.55,119.945,119.55,119.93,29871
2013-07-22 15:00:00,119.911,119.98,119.72,119.72,15125
2013-07-22 15:15:00,119.73,120.04,119.56,120.01,39891
2013-07-22 15:30:00,120.0,120.15,119.91,120.02,41808
2013-07-22 15:45:00,120.005,120.05,120.0,120.03,56243
2013-07-22 16:00:00,120.03,120.03,119.55,119.64,191214
2013-07-23 09:45:00,120.13,120.26,119.39,119.39,125133
2013-07-23 10:00:00,119.43,120.3,119.43,120.29,32785
2013-07-23 10:15:00,120.22,120.22,119.46,119.6,30924
2013-07-23 10:30:00,119.67,119.67,118.971,119.1,23516
2013-07-23 10:45:00,119.1,119.13,118.79,119.05,77819
2013-07-23 11:00:00,119.0,119.12,118.89,119.03,23579
2013-07-23 11:15:00,119.04,119.21,119.0,119.105,24246
2013-07-23 11:30:00,119.14,119.238,119.03,119.22,28429
2013-07-23 11:45:00,119.21,119.38,119.11,119.21,27484
2013-07-23 12:00:00,119.18,119.39,119.13,119.39,26296
2013-07-23 12:15:00,119.4,119.45,119.25,119.4,20879
2013-07-23 12:30:00,119.38,119.42,119.17,119.17,28732
2013-07-23 12:45:00,119.13,119.25,119.03,119.24,10965
2013-07-23 13:00:00,119.24,119.24,118.97,118.975,5400
2013-07-23 13:15:00,119.01,119.13,118.95,119.08,9700
2013-07-23 13:30:00,119.095,119.26,119.08,119.24,23626
2013-07-23 13:45:00,119.24,119.33,119.055,119.33,31347
2013-07-23 14:00:00,119.32,119.39,118.94,118.97,13050
2013-07-23 14:15:00,118.97,119.11,118.93,118.94,11858
2013-07-23 14:30:00,118.96,119.01,118.9,118.9,7565
2013-07-23 14:45:00,118.91,119.0,118.87,119.0,9031
2013-07-23 15:00:00,119.0,119.02799999999999,118.9,118.91,8575
2013-07-23 15:15:00,118.92,118.94,118.79,118.79,12240
2013-07-23 15:30:00,118.8,118.93,118.77,118.91,13598
2013-07-23 15:45:00,118.91,118.96,118.6,118.61,32112
2013-07-23 16:00:00,118.6,118.665,118.42,118.52,119568
2013-07-24 09:45:00,118.95,119.98,118.33,118.38,22156
2013-07-24 10:00:00,118.35,118.59,118.3,118.44,31759
2013-07-24 10:15:00,118.44,118.67,117.995,118.22,33451
2013-07-24 10:30:00,118.1748,118.42,117.98,117.98,12927
2013-07-24 10:45:00,117.97,118.18,117.95,118.0,18953
2013-07-24 11:00:00,118.01,118.305,118.01,118.1,14146
2013-07-24 11:15:00,118.1,118.2,117.88,117.93,14734
2013-07-24 11:30:00,117.93,118.32,117.93,118.19,13100
2013-07-24 11:45:00,118.18,118.23,117.99,117.99,12592
2013-07-24 12:00:00,118.06,118.06,117.56,117.5725,26760
2013-07-24 12:15:00,117.55,117.65,117.25,117.25,10123
2013-07-24 12:30:00,117.26,117.64,117.25,117.6,43474
2013-07-24 12:45:00,117.59,117.76899999999999,117.55,117.67,13235
2013-07-24 13:00:00,117.73,117.965,117.62,117.75,23085
2013-07-24 13:15:00,117.75,117.99,117.72,117.78,19504
2013-07-24 13:30:00,117.5372,117.68,117.26,117.5,8456
2013-07-24 13:45:00,117.5,117.55,117.09,117.4,12630
2013-07-24 14:00:00,117.4,117.64,117.37,117.52,44837
2013-07-24 14:15:00,117.49,117.74,117.49,117.7,9153
2013-07-24 14:30:00,117.66,117.87,117.6,117.83,12843
2013-07-24 14:45:00,117.82,118.0475,117.64,117.64,14442
2013-07-24 15:00:00,117.65,118.1,117.63,117.83,11570
2013-07-24 15:15:00,117.83,117.89,117.6546,117.72,20854
2013-07-24 15:30:00,117.7,117.92,117.68,117.8,36509
2013-07-24 15:45:00,117.78,117.95,117.55,117.92,31600
2013-07-24 16:00:00,117.92,117.96,117.67,117.77,53758
2013-07-25 09:45:00,124.03,124.28,122.24,122.48,211390
2013-07-25 10:00:00,122.48,122.94,122.325,122.515,114286
2013-07-25 10:15:00,122.61,123.6,122.39,122.885,107257
2013-07-25 10:30:00,122.97,122.97,122.33,122.73,68313
2013-07-25 10:45:00,122.69,123.04,122.66,123.015,35401
2013-07-25 11:00:00,123.02,123.04,122.88,122.98,44542
2013-07-25 11:15:00,122.98,123.245,122.69,122.77,50913
2013-07-25 11:30:00,122.77,122.8,122.36,122.3664,114388
2013-07-25 11:45:00,122.47,122.47,121.2,121.75,47665
2013-07-25 12:00:00,121.83,122.03,121.5,121.74,33894
2013-07-25 12:15:00,121.83,121.83,120.8,121.07,36362
2013-07-25 12:30:00,121.1,121.65,121.1,121.45,56834
2013-07-25 12:45:00,121.4,121.84,121.26,121.565,44635
2013-07-25 13:00:00,121.56,121.61,121.19,121.34,43551
2013-07-25 13:15:00,121.35,121.85,120.985,121.85,45268
2013-07-25 13:30:00,121.88,122.08,121.7462,122.08,17418
2013-07-25 13:45:00,122.2,122.31,121.92,121.955,14997
2013-07-25 14:00:00,121.88,122.03,121.78,121.8,18670
2013-07-25 14:15:00,121.78,122.0,121.66,121.7,22270
2013-07-25 14:30:00,121.66,122.005,121.43,121.83,34606
2013-07-25 14:45:00,121.93,122.0,121.78,121.81,23361
2013-07-25 15:00:00,121.82,121.91,121.6,121.63,32087
2013-07-25 15:15:00,121.65,122.2,121.65,122.113,47937
2013-07-25 15:30:00,122.14,122.4,122.06,122.215,50401
2013-07-25 15:45:00,122.21,122.59,122.084,122.42,77184
2013-07-25 16:00:00,122.39,122.71,122.3,122.67,135812
2013-07-26 09:45:00,122.8,123.88,122.62,123.37,73859
2013-07-26 10:00:00,123.44,123.9,123.38,123.81,16694
2013-07-26 10:15:00,123.8,123.86,123.47,123.63799999999999,67979
2013-07-26 10:30:00,123.55,123.95,123.55,123.79,18351
2013-07-26 10:45:00,123.78,123.8,123.45,123.51,45502
2013-07-26 11:00:00,123.51,123.51,122.91,123.12,15272
2013-07-26 11:15:00,123.1,123.18,122.91,122.95,40979
2013-07-26 11:30:00,122.93,123.29,122.93,123.1641,17353
2013-07-26 11:45:00,123.14,123.35,122.88,122.92,24991
2013-07-26 12:00:00,122.87,123.04,122.73,122.73,7914
2013-07-26 12:15:00,122.77,122.91,122.69,122.89,10600
2013-07-26 12:30:00,122.83,122.83,122.54,122.58,15506
2013-07-26 12:45:00,122.54,122.57,122.43,122.52,12305
2013-07-26 13:00:00,122.54,122.56,122.35,122.35,9100
2013-07-26 13:15:00,122.35,122.45,122.3,122.39,6700
2013-07-26 13:30:00,122.46,122.48,122.39,122.47,14185
2013-07-26 13:45:00,122.47,122.48,122.29,122.31,6230
2013-07-26 14:00:00,122.33,122.45,122.27,122.38,10055
2013-07-26 14:15:00,122.41,122.7639,122.366,122.66,6820
2013-07-26 14:30:00,122.69,122.726,122.31,122.31,6780
2013-07-26 14:45:00,122.33,122.4,122.18,122.28,13200
2013-07-26 15:00:00,122.27,122.63,122.24,122.63,19473
2013-07-26 15:15:00,122.63,122.74,122.49,122.6,17081
2013-07-26 15:30:00,122.64,122.64,122.46,122.5,19311
2013-07-26 15:45:00,122.48,122.49,122.33,122.4,36661
2013-07-26 16:00:00,122.37,123.09,122.37,123.06,114451
2013-07-29 09:45:00,123.39,123.39,122.64,123.3099,26233
2013-07-29 10:00:00,123.23,123.57,123.13,123.238,10706
2013-07-29 10:15:00,123.19,123.305,123.12,123.305,14953
2013-07-29 10:30:00,123.27,123.54,123.18,123.49,14250
2013-07-29 10:45:00,123.48,123.49,123.11,123.17,9433
2013-07-29 11:00:00,123.19,123.34,123.06,123.28,6891
2013-07-29 11:15:00,123.31,123.69,123.31,123.43,16804
2013-07-29 11:30:00,123.36,123.41,123.02,123.07,10317
2013-07-29 11:45:00,123.07,123.1592,122.8,122.91,9387
2013-07-29 12:00:00,122.95,122.95,122.72,122.7864,5328
2013-07-29 12:15:00,122.78,122.96,122.74,122.76,4350
2013-07-29 12:30:00,122.77,122.8,122.68,122.71,4000
2013-07-29 12:45:00,122.71,122.89,122.66,122.89,4285
2013-07-29 13:00:00,122.81,122.96799999999999,122.742,122.79,6964
2013-07-29 13:15:00,122.87,123.07,122.87,122.99,12663
2013-07-29 13:30:00,122.98,123.25,122.96,123.16,8843
2013-07-29 13:45:00,123.21,123.21,123.13,123.16,10689
2013-07-29 14:00:00,123.13,123.27,123.13,123.17,6300
2013-07-29 14:15:00,123.17,123.514,123.17,123.51,21045
2013-07-29 14:30:00,123.5,123.55,123.33,123.37,8088
2013-07-29 14:45:00,123.4,123.43,123.3,123.37,11718
2013-07-29 15:00:00,123.38,123.46,123.31,123.34,24096
2013-07-29 15:15:00,123.39,123.45,123.335,123.35,18040
2013-07-29 15:30:00,123.35,123.46,123.32,123.45,21165
2013-07-29 15:45:00,123.43,123.58,123.43,123.57,22869
2013-07-29 16:00:00,123.54,123.65,123.47,123.59,38529
2013-07-30 09:45:00,123.23,123.7,123.23,123.35,31933
2013-07-30 10:00:00,123.42,123.7,123.34,123.7,6631
2013-07-30 10:15:00,123.74,123.94,123.74,123.81,9975
2013-07-30 10:30:00,123.82,124.12,123.71,124.12,15860
2013-07-30 10:45:00,124.04,124.21,123.985,123.985,26863
2013-07-30 11:00:00,123.98,124.14,123.69,123.86,26484
2013-07-30 11:15:00,123.87,124.15,123.825,124.15,6425
2013-07-30 11:30:00,124.195,124.4,124.19,124.4,9172
2013-07-30 11:45:00,124.4,124.62,124.39,124.62,13444
2013-07-30 12:00:00,124.61,124.67,124.48,124.54,13682
2013-07-30 12:15:00,124.59,124.61,124.51,124.55,14563
2013-07-30 12:30:00,124.5,124.55,124.33,124.33,12032
2013-07-30 12:45:00,124.26,124.36,123.96,123.99,9265
2013-07-30 13:00:00,124.02,124.2,123.971,124.2,9602
2013-07-30 13:15:00,124.18,124.26,124.09,124.25,8416
2013-07-30 13:30:00,124.26,124.34,124.07600000000001,124.07600000000001,16376
2013-07-30 13:45:00,124.06,124.109,123.9,123.92,10215
2013-07-30 14:00:00,123.89,124.01,123.78,123.95,6179
2013-07-30 14:15:00,123.985,124.01,123.89,123.92,11594
2013-07-30 14:30:00,123.9,124.08,123.86399999999999,124.08,12230
2013-07-30 14:45:00,124.07,124.135,123.98,124.0,25002
2013-07-30 15:00:00,124.0,124.24,123.98,124.08,14897
2013-07-30 15:15:00,124.09,124.38,124.09,124.32,9433
2013-07-30 15:30:00,124.35,124.41,124.29,124.38,20013
2013-07-30 15:45:00,124.39,124.68,124.37,124.64,33808
2013-07-30 16:00:00,124.65,124.715,124.54,124.56,96867
2013-07-31 09:45:00,124.97,125.15,124.56,124.93,21284
2013-07-31 10:00:00,124.93,125.24,124.92,124.94,18953
2013-07-31 10:15:00,124.975,125.195,124.96,125.15,12602
2013-07-31 10:30:00,125.11,125.484,124.86,125.38,20447
2013-07-31 10:45:00,125.529,125.59,125.37,125.465,5620
2013-07-31 11:00:00,125.49,125.67,125.38,125.62,15615
2013-07-31 11:15:00,125.65,126.08,125.65,126.05,19929
2013-07-31 11:30:00,125.98,126.14,125.80799999999999,125.89,29236
2013-07-31 11:45:00,126.0,126.05,125.72,125.79,10200
2013-07-31 12:00:00,125.9,125.9,125.712,125.712,17723
2013-07-31 12:15:00,125.684,125.8,125.48,125.6,7500
2013-07-31 12:30:00,125.61,125.71,125.46700000000001,125.54,8900
2013-07-31 12:45:00,125.55,125.57,125.46,125.54,20185
2013-07-31 13:00:00,125.5,125.5,125.32,125.41,5514
2013-07-31 13:15:00,125.46,125.46,125.21,125.35,8703
2013-07-31 13:30:00,125.38,125.42,125.135,125.15,14494
2013-07-31 13:45:00,125.22,125.24,124.94,124.95,23680
2013-07-31 14:00:00,125.02,125.226,124.97,125.15,25102
2013-07-31 14:15:00,125.17,125.62,125.16,125.49,28495
2013-07-31 14:30:00,125.49,125.76,125.32,125.66,26029
2013-07-31 14:45:00,125.66,126.0,125.66,125.75,22423
2013-07-31 15:00:00,125.775,125.775,125.59,125.665,31055
2013-07-31 15:15:00,125.69,125.7,125.48,125.53,28954
2013-07-31 15:30:00,125.51,125.6,125.47,125.542,23002
2013-07-31 15:45:00,125.59,125.62,125.47,125.51,47929
2013-07-31 16:00:00,125.51,125.57,125.2,125.26,130935
2013-08-01 09:45:00,126.23,127.32,126.0931,127.32,54216
2013-08-01 10:00:00,127.27,127.32,126.74,126.8525,56006
2013-08-01 10:15:00,126.86,126.97,126.49,126.53,25219
2013-08-01 10:30:00,126.59,126.71,126.42,126.42,23724
2013-08-01 10:45:00,126.49,126.49,126.24,126.32,22701
2013-08-01 11:00:00,126.25,126.47,126.105,126.36,48382
2013-08-01 11:15:00,126.46,126.995,126.4454,126.895,26785
2013-08-01 11:30:00,126.85,127.1,126.78,126.98,52127
2013-08-01 11:45:00,127.0,127.086,126.9201,127.03,23295
2013-08-01 12:00:00,127.088,127.49,127.04,127.43,17716
2013-08-01 12:15:00,127.42,127.54,127.36,127.506,12655
2013-08-01 12:30:00,127.5,127.62,127.4,127.43,20590
2013-08-01 12:45:00,127.43,127.53,127.4,127.53,13984
2013-08-01 13:00:00,127.5,127.54,127.45,127.52,7861
2013-08-01 13:15:00,127.49,127.595,127.39,127.4464,15651
2013-08-01 13:30:00,127.43,127.58,127.43,127.56,6641
2013-08-01 13:45:00,127.5,127.66,127.5,127.66,15270
2013-08-01 14:00:00,127.64,127.81,127.63,127.81,13419
2013-08-01 14:15:00,127.795,127.92,127.76700000000001,127.87200000000001,21255
2013-08-01 14:30:00,127.87200000000001,128.01,127.87200000000001,127.98,15275
2013-08-01 14:45:00,127.96,128.01,127.84200000000001,127.86,16230
2013-08-01 15:00:00,127.84200000000001,127.93,127.764,127.84,13300
2013-08-01 15:15:00,127.84,127.93,127.64299999999999,127.665,15661
2013-08-01 15:30:00,127.64,127.91,127.59,127.87,21760
2013-08-01 15:45:00,127.87,128.09,127.83,128.06,33864
2013-08-01 16:00:00,128.07,128.24,128.0,128.09,79518
2013-08-02 09:45:00,127.45,128.01,127.39,127.47,20349
2013-08-02 10:00:00,127.47,127.71,127.35,127.62,16279
2013-08-02 10:15:00,127.61,127.855,127.53,127.63,21619
2013-08-02 10:30:00,127.7,127.7,127.37,127.48,14693
2013-08-02 10:45:00,127.51,127.57,127.19,127.305,12800
2013-08-02 11:00:00,127.36,127.36,126.84,126.852,14983
2013-08-02 11:15:00,126.98,127.0099,126.71,126.74,21440
2013-08-02 11:30:00,126.72,127.135,126.675,127.01,75044
2013-08-02 11:45:00,127.1,127.37,127.00200000000001,127.11,12839
2013-08-02 12:00:00,127.08,127.14,126.81,126.9,21199
2013-08-02 12:15:00,126.9012,126.94,126.8,126.83,18454
2013-08-02 12:30:00,126.83,126.93,126.765,126.93,9092
2013-08-02 12:45:00,126.94,126.98,126.84,126.95,9177
2013-08-02 13:00:00,126.97,127.09,126.91,127.09,10516
2013-08-02 13:15:00,127.09,127.09,126.95,126.9601,10105
2013-08-02 13:30:00,127.03,127.1099,126.95,126.98,17072
2013-08-02 13:45:00,127.03,127.06,126.984,127.0,12333
2013-08-02 14:00:00,127.04,127.34,126.98,127.2199,25200
2013-08-02 14:15:00,127.2,127.4098,127.14,127.4098,13060
2013-08-02 14:30:00,127.39,127.66,127.39,127.59,12396
2013-08-02 14:45:00,127.565,127.62,127.49,127.59,28334
2013-08-02 15:00:00,127.6,127.65,127.33,127.428,26690
2013-08-02 15:15:00,127.43,127.655,127.42,127.51,24180
2013-08-02 15:30:00,127.52,127.73,127.47,127.71,27527
2013-08-02 15:45:00,127.72,127.8,127.61,127.63,12517
2013-08-02 16:00:00,127.64,127.9,127.59,127.81,64060
2013-08-05 09:45:00,127.5,127.8,127.204,127.3731,17690
2013-08-05 10:00:00,127.35,127.72,127.25,127.71,20074
2013-08-05 10:15:00,127.64,127.8003,127.465,127.58,16616
2013-08-05 10:30:00,127.57,127.65,127.51,127.63,25902
2013-08-05 10:45:00,127.63,128.04,127.59,127.93,32659
2013-08-05 11:00:00,127.97,128.05,127.86,127.86,24000
2013-08-05 11:15:00,127.91,127.94,127.794,127.89,9323
2013-08-05 11:30:00,127.89,128.16,127.87,128.159,11301
2013-08-05 11:45:00,128.09,128.16,128.0,128.02,16001
2013-08-05 12:00:00,128.0,128.09,127.943,127.97,12645
2013-08-05 12:15:00,127.96,128.03,127.92,127.931,4105
2013-08-05 12:30:00,127.93,128.06,127.91,127.93,5364
2013-08-05 12:45:00,127.92,128.01,127.64,127.64,5550
2013-08-05 13:00:00,127.697,127.77,127.6123,127.6123,4300
2013-08-05 13:15:00,127.65,127.7,127.57,127.59,10439
2013-08-05 13:30:00,127.595,127.72,127.56,127.68,4303
2013-08-05 13:45:00,127.71,127.79,127.64,127.68,52496
2013-08-05 14:00:00,127.68,127.79,127.64,127.765,27959
2013-08-05 14:15:00,127.775,128.06,127.74,128.06,11344
2013-08-05 14:30:00,128.06,128.15,128.06,128.14,4100
2013-08-05 14:45:00,128.2,128.45,128.18,128.37,13019
2013-08-05 15:00:00,128.35,128.355,128.15,128.17,7645
2013-08-05 15:15:00,128.17,128.19,127.95,128.1,13788
2013-08-05 15:30:00,128.12,128.35,128.11,128.3199,20461
2013-08-05 15:45:00,128.3,128.34,128.2564,128.31,40725
2013-08-05 16:00:00,128.305,128.34,128.09,128.24,89568
2013-08-06 09:45:00,127.61,128.29,127.61,128.16,35995
2013-08-06 10:00:00,128.16,128.24,127.55,127.675,17990
2013-08-06 10:15:00,127.675,127.75,127.47,127.55,27365
2013-08-06 10:30:00,127.56700000000001,127.59,127.05,127.05,44457
2013-08-06 10:45:00,127.09,127.09,126.4,126.68,38303
2013-08-06 11:00:00,126.65,127.24,126.59,127.09,78339
2013-08-06 11:15:00,127.0,127.0,126.7,126.86,19366
2013-08-06 11:30:00,126.86,126.86,126.59,126.84,15695
2013-08-06 11:45:00,126.85,126.9475,126.71,126.71,31559
2013-08-06 12:00:00,126.71,127.08,126.71,127.0,24894
2013-08-06 12:15:00,127.03,127.04,126.7,126.76,30969
2013-08-06 12:30:00,126.79,126.82,126.57,126.63,10394
2013-08-06 12:45:00,126.58,127.0,126.58,127.0,13982
2013-08-06 13:00:00,126.99,127.0,126.87,126.99,12406
2013-08-06 13:15:00,126.99,127.0,126.8,126.8,10174
2013-08-06 13:30:00,126.82,127.0,126.82,126.93,13262
2013-08-06 13:45:00,126.91,127.0,126.84,126.94,11710
2013-08-06 14:00:00,126.92,126.99,126.8,126.99,13203
2013-08-06 14:15:00,126.98,127.02,126.95,126.98,25315
2013-08-06 14:30:00,126.95,127.06,126.85,126.98,22827
2013-08-06 14:45:00,126.98,127.09,126.94,127.06,20908
2013-08-06 15:00:00,127.07,127.31,127.06,127.24,17469
2013-08-06 15:15:00,127.29,127.29,127.05,127.24,19560
2013-08-06 15:30:00,127.24,127.4,127.24,127.32,18531
2013-08-06 15:45:00,127.31,127.39,127.2,127.32,34292
2013-08-06 16:00:00,127.3,127.3,127.04,127.25,61946
2013-08-07 09:45:00,127.41,127.41,125.45,125.54,44281
2013-08-07 10:00:00,125.55,126.07,125.25,125.35,36396
2013-08-07 10:15:00,125.25,125.31,124.98,125.02,15120
2013-08-07 10:30:00,124.99,125.25,124.8501,125.115,26385
2013-08-07 10:45:00,125.13,125.62,125.0,125.62,14722
2013-08-07 11:00:00,125.65,125.74,125.53,125.652,30497
2013-08-07 11:15:00,125.66,125.66,125.4,125.51,13934
2013-08-07 11:30:00,125.44,125.48,125.215,125.22,14210
2013-08-07 11:45:00,125.21,125.2423,125.1,125.11,7355
2013-08-07 12:00:00,125.11,125.32,125.1,125.1927,15164
2013-08-07 12:15:00,125.1925,125.42,125.095,125.42,21387
2013-08-07 12:30:00,125.4,125.43,125.17,125.17,13031
2013-08-07 12:45:00,125.15,125.37,125.11,125.26,7387
2013-08-07 13:00:00,125.29,125.32,125.115,125.14,8760
2013-08-07 13:15:00,125.16,125.45,125.16,125.29,15053
2013-08-07 13:30:00,125.3,125.39,125.27,125.34,11993
2013-08-07 13:45:00,125.35,125.41,125.3,125.32,3600
2013-08-07 14:00:00,125.32,125.45,125.25,125.4,8170
2013-08-07 14:15:00,125.44,125.48,125.37,125.37,7401
2013-08-07 14:30:00,125.43,125.495,125.29,125.38,9051
2013-08-07 14:45:00,125.44,125.49700000000001,125.29,125.33,15550
2013-08-07 15:00:00,125.3,125.44,125.146,125.37,19291
2013-08-07 15:15:00,125.41,125.55,125.35,125.5127,12278
2013-08-07 15:30:00,125.53,125.58,125.4,125.52,7935
2013-08-07 15:45:00,125.52,125.52,125.26,125.46,20104
2013-08-07 16:00:00,125.46,125.58,125.28,125.47,83215
2013-08-08 09:45:00,125.91,126.2,125.11,125.13,66273
2013-08-08 10:00:00,125.21,125.22,123.95,123.95,59618
2013-08-08 10:15:00,123.92,124.36,123.58,124.36,66947
2013-08-08 10:30:00,124.38,124.56,124.09,124.09,28121
2013-08-08 10:45:00,124.09,124.13,123.585,123.69,61833
2013-08-08 11:00:00,123.63,124.4,123.63,124.29,31209
2013-08-08 11:15:00,124.28,124.32,123.98,124.05,28838
2013-08-08 11:30:00,124.09,124.6,124.055,124.55,18015
2013-08-08 11:45:00,124.56,124.7,124.48,124.7,15016
2013-08-08 12:00:00,124.71,124.73,124.38,124.62,20319
2013-08-08 12:15:00,124.62,124.71,124.44,124.49,20889
2013-08-08 12:30:00,124.55,124.8396,124.51,124.66,29217
2013-08-08 12:45:00,124.64,125.24,124.58,125.2,18447
2013-08-08 13:00:00,125.18,125.37,125.05,125.06,13681
2013-08-08 13:15:00,125.01,125.135,124.9,125.03,24793
2013-08-08 13:30:00,125.03,125.19,124.91,124.925,19461
2013-08-08 13:45:00,124.9377,125.09,124.9377,125.08,8070
2013-08-08 14:00:00,125.12,125.39,125.1,125.36,17384
2013-08-08 14:15:00,125.37,125.59,125.37,125.59,22599
2013-08-08 14:30:00,125.59,125.72,125.54,125.54,14853
2013-08-08 14:45:00,125.53,125.56,125.37,125.56,16371
2013-08-08 15:00:00,125.57,125.7,125.46,125.7,22957
2013-08-08 15:15:00,125.645,125.865,125.615,125.86,55005
2013-08-08 15:30:00,125.84,125.89,125.685,125.81,22264
2013-08-08 15:45:00,125.8,125.9,125.75,125.76,38212
2013-08-08 16:00:00,125.76,125.87,125.59,125.61,104325
2013-08-09 09:45:00,125.27,125.99,122.0601,125.99,28658
2013-08-09 10:00:00,125.99,126.0,125.64,125.83,20600
2013-08-09 10:15:00,125.88,125.885,125.49,125.64,21012
2013-08-09 10:30:00,125.72,125.825,125.27,125.63,8049
2013-08-09 10:45:00,125.58,125.72,125.4,125.6,5630
2013-08-09 11:00:00,125.8,125.85,125.63,125.72,10210
2013-08-09 11:15:00,125.79,125.8,125.45,125.53,6323
2013-08-09 11:30:00,125.52,125.64,124.93,125.14,14186
2013-08-09 11:45:00,125.11,125.24,125.05,125.1753,15066
2013-08-09 12:00:00,125.23,125.7,125.195,125.58,5217
2013-08-09 12:15:00,125.6,125.65,125.33,125.65,4820
2013-08-09 12:30:00,125.65,125.75,125.54,125.64,6532
2013-08-09 12:45:00,125.69,125.77,125.58,125.67,9774
2013-08-09 13:00:00,125.73,125.88,125.72,125.72,6104
2013-08-09 13:15:00,125.72,125.81,125.63,125.72,4000
2013-08-09 13:30:00,125.6772,125.93,125.67,125.83,11714
2013-08-09 13:45:00,125.83,125.87,125.69,125.81,7221
2013-08-09 14:00:00,125.86,125.9,125.72,125.77,12093
2013-08-09 14:15:00,125.74,125.869,125.62,125.7,4700
2013-08-09 14:30:00,125.7,125.93,125.62,125.85,11600
2013-08-09 14:45:00,125.81,125.905,125.63,125.68,8668
2013-08-09 15:00:00,125.76,126.04,125.7,126.03,12952
2013-08-09 15:15:00,125.98,126.04,125.87,125.98,7700
2013-08-09 15:30:00,126.01,126.05,125.87,125.87,12553
2013-08-09 15:45:00,125.89,125.96,125.77,125.77,22520
2013-08-09 16:00:00,125.77,125.8175,125.665,125.74,37372
2013-08-12 09:45:00,125.14,125.59,125.07,125.28,48926
2013-08-12 10:00:00,125.3,126.22,125.26,126.06,46719
2013-08-12 10:15:00,126.18,126.5,126.07,126.45,12831
2013-08-12 10:30:00,126.43,126.43,126.09,126.20299999999999,10800
2013-08-12 10:45:00,126.2,126.5,126.09,126.47,12785
2013-08-12 11:00:00,126.47,126.52,126.18,126.296,12475
2013-08-12 11:15:00,126.35,126.53,126.155,126.43,31025
2013-08-12 11:30:00,126.53,126.63,126.455,126.56,21502
2013-08-12 11:45:00,126.6,126.68,126.485,126.67,35301
2013-08-12 12:00:00,126.61,126.7,126.515,126.5696,18240
2013-08-12 12:15:00,126.55,126.62,126.47,126.53,22839
2013-08-12 12:30:00,126.56,126.665,126.53,126.5895,19795
2013-08-12 12:45:00,126.535,126.7,126.45,126.65100000000001,10198
2013-08-12 13:00:00,126.66,126.78,126.647,126.71,10998
2013-08-12 13:15:00,126.73,126.76,126.554,126.56,8800
2013-08-12 13:30:00,126.54,126.805,126.49,126.8,8801
2013-08-12 13:45:00,126.84,126.92,126.83,126.92,22573
2013-08-12 14:00:00,126.95,127.01,126.64,126.92,23300
2013-08-12 14:15:00,126.91,126.91,126.66,126.66,22895
2013-08-12 14:30:00,126.62,126.68,126.55,126.68,15800
2013-08-12 14:45:00,126.68,126.95,126.663,126.91,27235
2013-08-12 15:00:00,126.93,127.14,126.9,127.09,34662
2013-08-12 15:15:00,127.14,127.24,127.05,127.2,20020
2013-08-12 15:30:00,127.21,127.22,126.9,126.95,22842
2013-08-12 15:45:00,126.98,127.08,126.98,126.98100000000001,28836
2013-08-12 16:00:00,126.98,127.0175,126.91,126.96,41703
2013-08-13 09:45:00,127.36,127.36,126.61,127.07,29767
2013-08-13 10:00:00,127.03,127.195,126.87,127.05,37656
2013-08-13 10:15:00,127.05,127.09,126.56,126.73,17082
2013-08-13 10:30:00,126.64,126.71,126.34,126.67,12013
2013-08-13 10:45:00,126.63,126.96,126.4547,126.84,8880
2013-08-13 11:00:00,126.87,126.9,126.34,126.455,15547
2013-08-13 11:15:00,126.39200000000001,126.66,126.39200000000001,126.53,30073
2013-08-13 11:30:00,126.48,126.81,126.465,126.72,20124
2013-08-13 11:45:00,126.67,126.94,126.63,126.63,8200
2013-08-13 12:00:00,126.64,126.79,126.52,126.63,17360
2013-08-13 12:15:00,126.62,126.87,126.49,126.87,16707
2013-08-13 12:30:00,126.87,127.17,126.86,127.16,18020
2013-08-13 12:45:00,127.235,127.59,127.14,127.14,17484
2013-08-13 13:00:00,127.14,127.46,127.095,127.14,7600
2013-08-13 13:15:00,127.2,127.53,127.2,127.53,6085
2013-08-13 13:30:00,127.52,127.64,127.44,127.52,3961
2013-08-13 13:45:00,127.51,127.56,127.37,127.41,5325
2013-08-13 14:00:00,127.41,127.64,127.41,127.64,6671
2013-08-13 14:15:00,127.6,127.7,127.56,127.67,9435
2013-08-13 14:30:00,127.7,127.71,127.59,127.71,8600
2013-08-13 14:45:00,127.71,127.73,127.6,127.66,14200
2013-08-13 15:00:00,127.66,127.71,127.59,127.7,5500
2013-08-13 15:15:00,127.71,127.74,127.56,127.56,6990
2013-08-13 15:30:00,127.61,127.75,127.54,127.6,10900
2013-08-13 15:45:00,127.65,127.65,127.395,127.41,15001
2013-08-13 16:00:00,127.41,127.62,127.41,127.54,36639
2013-08-14 09:45:00,127.47,127.62,126.79,127.575,26195
2013-08-14 10:00:00,127.46,127.713,127.32,127.495,21187
2013-08-14 10:15:00,127.53,127.55,127.07,127.33,17300
2013-08-14 10:30:00,127.34,127.395,126.99,126.99,20360
2013-08-14 10:45:00,126.99,127.075,126.77,126.81,32375
2013-08-14 11:00:00,126.79,127.1,126.6,126.99,22320
2013-08-14 11:15:00,127.056,127.06,126.89,127.0,35948
2013-08-14 11:30:00,126.94,127.09,126.92,126.95,14060
2013-08-14 11:45:00,126.91,127.01,126.81,126.86,6227
2013-08-14 12:00:00,126.82,126.88,126.51,126.7151,14398
2013-08-14 12:15:00,126.8,127.03,126.73,126.92,12003
2013-08-14 12:30:00,126.92,127.01,126.83,127.01,5400
2013-08-14 12:45:00,127.03,127.17,126.973,127.06,13258
2013-08-14 13:00:00,127.03,127.05,126.77,126.77,9940
2013-08-14 13:15:00,126.7,126.86,126.61,126.61,9287
2013-08-14 13:30:00,126.6,126.76,126.58,126.59,4513
2013-08-14 13:45:00,126.53,126.68,126.3306,126.52,9293
2013-08-14 14:00:00,126.49,126.68,126.37,126.52,10100
2013-08-14 14:15:00,126.51,126.59,126.45,126.49,10300
2013-08-14 14:30:00,126.47,126.53,126.37,126.385,6600
2013-08-14 14:45:00,126.3893,126.46,126.18,126.18,14358
2013-08-14 15:00:00,126.24,126.35,126.22,126.29,8449
2013-08-14 15:15:00,126.28,126.49,126.2,126.49,11800
2013-08-14 15:30:00,126.49,126.53,126.365,126.53,12346
2013-08-14 15:45:00,126.51,126.545,126.34,126.43,22235
2013-08-14 16:00:00,126.42,126.455,126.27,126.34,35987
2013-08-15 09:45:00,125.66,126.14,125.04,125.04,17146
2013-08-15 10:00:00,125.09,125.33,124.78,124.91,27596
2013-08-15 10:15:00,125.04,125.15,124.4,124.54,12886
2013-08-15 10:30:00,124.49,124.51,124.2,124.46,24970
2013-08-15 10:45:00,124.46,124.54,124.15,124.42,18234
2013-08-15 11:00:00,124.39,124.4799,123.9,124.22,16898
2013-08-15 11:15:00,124.28,124.45,124.05,124.15,13030
2013-08-15 11:30:00,124.16,124.23,123.81,124.06,23919
2013-08-15 11:45:00,124.06200000000001,124.12,123.62,123.63,23229
2013-08-15 12:00:00,123.705,124.02,123.704,123.82,8842
2013-08-15 12:15:00,123.852,124.22,123.811,124.22,6519
2013-08-15 12:30:00,124.22,124.38,124.022,124.05,5840
2013-08-15 12:45:00,124.13,124.27,123.86,123.87,8283
2013-08-15 13:00:00,123.93,123.95,123.71,123.802,6484
2013-08-15 13:15:00,123.765,123.765,123.33,123.41,5844
2013-08-15 13:30:00,123.42,123.51,123.23,123.26,7215
2013-08-15 13:45:00,123.29,123.55,123.29,123.53,10083
2013-08-15 14:00:00,123.53,123.54299999999999,123.37,123.39,15014
2013-08-15 14:15:00,123.43,123.475,123.12,123.12,15673
2013-08-15 14:30:00,123.14399999999999,123.58,123.12,123.51,7284
2013-08-15 14:45:00,123.47,123.83,123.4226,123.73,22322
2013-08-15 15:00:00,123.7491,123.7491,123.5,123.61,9350
2013-08-15 15:15:00,123.6,123.68,123.24,123.25,14501
2013-08-15 15:30:00,123.25,123.39,123.21,123.33,11569
2013-08-15 15:45:00,123.34,123.57,123.22,123.26,22954
2013-08-15 16:00:00,123.28,123.43,123.12,123.23,41103
2013-08-16 09:45:00,123.14,123.51,122.8,123.31,79347
2013-08-16 10:00:00,123.35,124.0,123.35,123.77,10015
2013-08-16 10:15:00,123.77,123.83,123.24,123.76,10475
2013-08-16 10:30:00,123.72,123.74,123.2225,123.58,15607
2013-08-16 10:45:00,123.57,123.821,123.39,123.72,17395
2013-08-16 11:00:00,123.76,123.85,123.59,123.62,9685
2013-08-16 11:15:00,123.61,123.666,123.48,123.59,18036
2013-08-16 11:30:00,123.61,123.71,123.38,123.57,11261
2013-08-16 11:45:00,123.56,123.72,123.45,123.72,18581
2013-08-16 12:00:00,123.73200000000001,123.81,123.61,123.74,14478
2013-08-16 12:15:00,123.81,123.99,123.76,123.9,9642
2013-08-16 12:30:00,123.99,124.11,123.99,124.10799999999999,2900
2013-08-16 12:45:00,124.04,124.1,123.8096,123.884,7025
2013-08-16 13:00:00,123.87,123.8999,123.78,123.81,7900
2013-08-16 13:15:00,123.78,123.84,123.51,123.52,10593
2013-08-16 13:30:00,123.53,123.67,123.525,123.65,11900
2013-08-16 13:45:00,123.65,123.68,123.44,123.54,10328
2013-08-16 14:00:00,123.53,123.69,123.49,123.59,7463
2013-08-16 14:15:00,123.58,123.86,123.57,123.76,9200
2013-08-16 14:30:00,123.7325,123.81,123.62,123.78,8250
2013-08-16 14:45:00,123.78,123.78,123.3901,123.44,15800
2013-08-16 15:00:00,123.44,123.44,123.18,123.34,26447
2013-08-16 15:15:00,123.32,123.45,123.27,123.43,12000
2013-08-16 15:30:00,123.45,123.62,123.3793,123.59,16601
2013-08-16 15:45:00,123.59,123.73,123.51,123.51,30250
2013-08-16 16:00:00,123.51,123.51,123.13,123.13,65042
2013-08-19 09:45:00,122.9,123.3,122.13,123.14,28058
2013-08-19 10:00:00,123.14,123.57,122.948,123.57,14176
2013-08-19 10:15:00,123.61,123.86,123.58,123.59,12500
2013-08-19 10:30:00,123.66,123.67,123.12,123.26,30436
2013-08-19 10:45:00,123.24,123.51,123.11,123.46,28578
2013-08-19 11:00:00,123.53,123.74,123.48,123.61,14828
2013-08-19 11:15:00,123.61,123.61,123.35,123.52,10795
2013-08-19 11:30:00,123.56,123.66,123.49,123.59,10612
2013-08-19 11:45:00,123.57,123.71,123.39,123.46,13404
2013-08-19 12:00:00,123.43,123.43,123.2,123.28,12967
2013-08-19 12:15:00,123.28,123.6,123.19,123.53,14129
2013-08-19 12:30:00,123.53,123.53,123.2,123.23,19098
2013-08-19 12:45:00,123.23,123.23,122.82,123.06,36608
2013-08-19 13:00:00,123.0725,123.23,123.0725,123.22,7540
2013-08-19 13:15:00,123.177,123.2,123.03,123.2,9808
2013-08-19 13:30:00,123.16,123.16,123.01,123.05,16400
2013-08-19 13:45:00,123.03,123.11,122.92,123.01,17958
2013-08-19 14:00:00,123.0,123.0,122.82,122.82,13952
2013-08-19 14:15:00,122.84,123.0,122.79,122.93,16814
2013-08-19 14:30:00,122.92,123.13,122.89,122.92,21760
2013-08-19 14:45:00,122.91,122.91,122.52,122.65,25187
2013-08-19 15:00:00,122.6371,122.71,122.49,122.52,19556
2013-08-19 15:15:00,122.51,122.55,122.26,122.26,21881
2013-08-19 15:30:00,122.26,122.35,122.04,122.04,40095
2013-08-19 15:45:00,122.0,122.18,121.98,122.15,46956
2013-08-19 16:00:00,122.16,122.21,121.94,121.96,99553
2013-08-20 09:45:00,122.26,122.96,122.26,122.61,32455
2013-08-20 10:00:00,122.56,123.18,122.5453,122.91,22985
2013-08-20 10:15:00,122.95,123.19,122.95,123.0,7552
2013-08-20 10:30:00,122.915,123.01,122.71,122.86,29098
2013-08-20 10:45:00,122.84,122.94,122.69,122.86,24920
2013-08-20 11:00:00,122.88,122.9699,122.81,122.92,32733
2013-08-20 11:15:00,122.91,123.17,122.85,123.165,22894
2013-08-20 11:30:00,123.17,123.43,123.17,123.26,14542
2013-08-20 11:45:00,123.26,123.36,123.13,123.27,18286
2013-08-20 12:00:00,123.27,123.4,123.23,123.39,13290
2013-08-20 12:15:00,123.39,123.58,123.39,123.45,13900
2013-08-20 12:30:00,123.458,123.48,123.17,123.22,15293
2013-08-20 12:45:00,123.23,123.33,123.06,123.33,12131
2013-08-20 13:00:00,123.34,123.42,123.33,123.38,12622
2013-08-20 13:15:00,123.39,123.47,123.2,123.41,16671
2013-08-20 13:30:00,123.36,123.42,123.13,123.16,15711
2013-08-20 13:45:00,123.19,123.475,123.19,123.45,14077
2013-08-20 14:00:00,123.46,123.64,123.29,123.34,17250
2013-08-20 14:15:00,123.35,123.41,123.34,123.41,12800
2013-08-20 14:30:00,123.41,123.41,123.22,123.39,21307
2013-08-20 14:45:00,123.4,123.54,123.22,123.5,13300
2013-08-20 15:00:00,123.46,123.61,123.37,123.42,20363
2013-08-20 15:15:00,123.43,123.58,123.36,123.48,17938
2013-08-20 15:30:00,123.49,123.64,123.47,123.63,27996
2013-08-20 15:45:00,123.64,123.65,123.44,123.64,28744
2013-08-20 16:00:00,123.64,123.69,123.39,123.59,41747
2013-08-21 09:45:00,123.08,123.59,122.73,123.445,15471
2013-08-21 10:00:00,123.285,123.64,122.845,122.97,15023
2013-08-21 10:15:00,123.04,123.4032,122.81,122.82,17350
2013-08-21 10:30:00,122.72,123.11,122.72,122.965,11900
2013-08-21 10:45:00,122.975,123.04,122.72,122.99,6558
2013-08-21 11:00:00,122.9928,123.08,122.715,122.715,9384
2013-08-21 11:15:00,122.81,122.96,122.75,122.96,11904
2013-08-21 11:30:00,122.865,123.0,122.66,122.69,9865
2013-08-21 11:45:00,122.6458,122.85,122.46,122.62,7560
2013-08-21 12:00:00,122.6,122.6,122.21,122.47,8760
2013-08-21 12:15:00,122.58,122.74,122.49,122.695,11247
2013-08-21 12:30:00,122.66,122.84,122.55,122.68,7200
2013-08-21 12:45:00,122.64,122.64,122.23,122.26,8877
2013-08-21 13:00:00,122.25,122.33,122.09,122.11,7100
2013-08-21 13:15:00,122.11,122.35,122.02,122.35,7544
2013-08-21 13:30:00,122.36,122.48,122.135,122.14,4693
2013-08-21 13:45:00,122.12,122.26,122.05,122.26,7000
2013-08-21 14:00:00,122.36,122.44,122.3,122.37,9082
2013-08-21 14:15:00,122.36,122.41,121.569,121.93,21046
2013-08-21 14:30:00,122.01,122.24,121.705,122.07,11188
2013-08-21 14:45:00,122.12,123.01,122.12,122.89,21463
2013-08-21 15:00:00,122.95,123.05,122.89,123.015,15071
2013-08-21 15:15:00,123.02,123.03,122.66,122.85,13625
2013-08-21 15:30:00,122.85,122.92,122.695,122.73,7966
2013-08-21 15:45:00,122.74,122.98,122.445,122.7,20600
2013-08-21 16:00:00,122.66,122.66,122.07,122.22,32941
2013-08-22 09:45:00,122.49,123.62,122.26,123.6,21022
2013-08-22 10:00:00,123.47,123.5816,122.79,122.79,18069
2013-08-22 10:15:00,122.8,122.9,122.2,122.73,18399
2013-08-22 10:30:00,122.72,122.91,122.42,122.54,23488
2013-08-22 10:45:00,122.59,122.87,122.42,122.73,36717
2013-08-22 11:00:00,122.79,122.8899,122.52,122.52,21121
2013-08-22 11:15:00,122.66,122.72,122.28,122.37,18137
2013-08-22 11:30:00,122.37,122.37,121.785,121.87,28200
2013-08-22 11:45:00,121.87,122.11,121.79,122.05,43414
2013-08-22 12:00:00,122.05,122.3,121.98,122.21,22119
2013-08-22 12:15:00,122.2,122.25,122.1,122.16,15660
2013-08-22 12:30:00,122.16,122.26,122.15,122.19,700
2013-08-22 15:30:00,121.64,122.57,121.51,122.345,29537
2013-08-22 15:45:00,122.35,122.7,122.22,122.62,51769
2013-08-22 16:00:00,122.65,122.77,122.32,122.32,56347
2013-08-23 09:45:00,123.0,123.25,122.53,122.53,21060
2013-08-23 10:00:00,122.54,122.82,122.1,122.49,13314
2013-08-23 10:15:00,122.49,122.54,122.0,122.22,9048
2013-08-23 10:30:00,122.23,122.545,122.16,122.435,18828
2013-08-23 10:45:00,122.36,122.77,122.36,122.67,11540
2013-08-23 11:00:00,122.67,123.13,122.59,123.13,7842
2013-08-23 11:15:00,123.11,123.12,122.87,122.93,5700
2013-08-23 11:30:00,122.98,123.1,122.89,122.99,24919
2013-08-23 11:45:00,123.01,123.56,122.92,123.54,10781
2013-08-23 12:00:00,123.54,123.65,123.15,123.15,7505
2013-08-23 12:15:00,123.17,123.46,123.17,123.46,4333
2013-08-23 12:30:00,123.44,123.52,123.28,123.38,7100
2013-08-23 12:45:00,123.42,123.42,123.23,123.23,5600
2013-08-23 13:00:00,123.24,123.59,123.2,123.52,4983
2013-08-23 13:15:00,123.44,123.445,123.06,123.08,5081
2013-08-23 13:30:00,123.11,123.165,123.04,123.08,3400
2013-08-23 13:45:00,123.1,123.22200000000001,123.1,123.19,5000
2013-08-23 14:00:00,123.19,123.22,123.06,123.12,3903
2013-08-23 14:15:00,123.12,123.17200000000001,123.06,123.09,4123
2013-08-23 14:30:00,123.07,123.19,123.0,123.14,5257
2013-08-23 14:45:00,123.14,123.184,123.05,123.08,4300
2013-08-23 15:00:00,123.14,123.25,123.11,123.22,4900
2013-08-23 15:15:00,123.22,123.28,123.12,123.2,4761
2013-08-23 15:30:00,123.18,123.35,123.13,123.35,6206
2013-08-23 15:45:00,123.35,123.47,123.26,123.47,14928
2013-08-23 16:00:00,123.48,123.7,123.42,123.66,71163
2013-08-26 09:45:00,124.85,124.85,123.28,123.89,23295
2013-08-26 10:00:00,123.8,123.95,123.75,123.89,21585
2013-08-26 10:15:00,123.87,124.485,123.76700000000001,124.36,38294
2013-08-26 10:30:00,124.36,124.36,124.0,124.04,15697
2013-08-26 10:45:00,124.05,124.135,123.91,124.0,14188
2013-08-26 11:00:00,124.009,124.33,123.95200000000001,124.19,9942
2013-08-26 11:15:00,124.21,124.21,123.8601,123.94,13853
2013-08-26 11:30:00,124.02,124.02,123.85,123.93,10900
2013-08-26 11:45:00,123.96,124.12,123.96,124.03,11392
2013-08-26 12:00:00,124.01,124.1,123.93,124.1,6265
2013-08-26 12:15:00,124.02,124.08,123.8396,123.97,9395
2013-08-26 12:30:00,123.98,124.03,123.92,124.0,8225
2013-08-26 12:45:00,123.95,124.1275,123.92,124.06,8656
2013-08-26 13:00:00,124.05,124.17,124.01,124.14,5900
2013-08-26 13:15:00,124.17,124.23,124.14,124.15,3835
2013-08-26 13:30:00,124.17,124.17,124.0,124.01,7148
2013-08-26 13:45:00,124.0,124.02,123.87,124.0,8318
2013-08-26 14:00:00,124.0,124.1,123.92,124.075,5513
2013-08-26 14:15:00,124.065,124.13,124.05,124.1,9469
2013-08-26 14:30:00,124.09,124.13,124.0,124.07,11230
2013-08-26 14:45:00,124.02,124.18,124.0,124.15,19602
2013-08-26 15:00:00,124.13,124.15,124.06,124.09,3500
2013-08-26 15:15:00,124.09,124.17,123.84,123.92,11788
2013-08-26 15:30:00,123.87,123.92,123.59,123.76,32662
2013-08-26 15:45:00,123.78399999999999,124.2,123.76,124.16,23795
2013-08-26 16:00:00,124.14,124.14,123.88,123.97,40650
2013-08-27 09:45:00,122.83,123.24,122.55,122.83,26341
2013-08-27 10:00:00,122.69,123.075,122.69,122.9,15823
2013-08-27 10:15:00,122.895,123.26,122.79,122.96,15962
2013-08-27 10:30:00,123.0,123.0,122.59,122.79,23551
2013-08-27 10:45:00,122.83,123.13,122.68,123.0,11750
2013-08-27 11:00:00,123.01,123.33,122.73,123.33,61036
2013-08-27 11:15:00,123.33,123.33,122.9,122.9475,7301
2013-08-27 11:30:00,123.02,123.41,122.94,123.33,13343
2013-08-27 11:45:00,123.195,123.29,122.86,123.01,7413
2013-08-27 12:00:00,123.01,123.09,122.86,123.06,12956
2013-08-27 12:15:00,122.95,123.03,122.7231,122.88,14768
2013-08-27 12:30:00,122.77,122.93,122.76,122.82,12357
2013-08-27 12:45:00,122.82,122.94,122.655,122.77,11123
2013-08-27 13:00:00,122.79,122.79,122.47,122.47,13258
2013-08-27 13:15:00,122.46,122.56,122.38,122.49,12409
2013-08-27 13:30:00,122.47,122.49,122.04,122.05,15621
2013-08-27 13:45:00,122.05,122.505,122.05,122.4,9986
2013-08-27 14:00:00,122.47,122.67,122.47,122.49,8812
2013-08-27 14:15:00,122.48,122.51700000000001,122.18,122.18,12706
2013-08-27 14:30:00,122.15,122.375,122.04,122.23,8760
2013-08-27 14:45:00,122.23,122.58,122.17,122.58,13600
2013-08-27 15:00:00,122.58,122.7175,122.47,122.56,10700
2013-08-27 15:15:00,122.56,122.62,122.08,122.19,9297
2013-08-27 15:30:00,122.2,122.21,121.98,122.16,14347
2013-08-27 15:45:00,122.13,122.21,121.91,122.14,22570
2013-08-27 16:00:00,122.11,122.28,122.0,122.01,33266
2013-08-28 09:45:00,121.79,122.39,121.515,122.27,21117
2013-08-28 10:00:00,122.27,122.39,121.7,121.99,8720
2013-08-28 10:15:00,122.05,122.11,121.89,121.9701,7800
2013-08-28 10:30:00,122.04,122.21,121.99,122.08,16683
2013-08-28 10:45:00,122.07,122.26,122.0525,122.2,9026
2013-08-28 11:00:00,122.235,122.24,121.65,121.73,88700
2013-08-28 11:15:00,121.74,121.8005,121.56,121.72,22673
2013-08-28 11:30:00,121.73,121.73,121.51,121.56,14671
2013-08-28 11:45:00,121.56,121.75,121.41,121.75,9113
2013-08-28 12:00:00,121.7762,122.17,121.7762,122.17,4413
2013-08-28 12:15:00,122.21,122.28,122.18,122.25,9862
2013-08-28 12:30:00,122.25,122.31,122.12,122.2163,21160
2013-08-28 12:45:00,122.25,122.28,122.11,122.18,5699
2013-08-28 13:00:00,122.18,122.31,122.09,122.14,7586
2013-08-28 13:15:00,122.25,122.295,122.1695,122.25,7219
2013-08-28 13:30:00,122.2825,122.2825,122.21,122.265,4000
2013-08-28 13:45:00,122.23,122.27,122.16,122.24,19076
2013-08-28 14:00:00,122.22,122.27,122.17,122.25,8800
2013-08-28 14:15:00,122.25,122.26,121.91,121.97,11380
2013-08-28 14:30:00,122.039,122.19,121.97,122.16,5300
2013-08-28 14:45:00,122.13,122.2,121.98,122.01,7089
2013-08-28 15:00:00,121.9,122.24,121.9,122.195,6900
2013-08-28 15:15:00,122.1875,122.5,122.06,122.5,12300
2013-08-28 15:30:00,122.5,122.62,122.32,122.46,11460
2013-08-28 15:45:00,122.49,122.59,122.25,122.38,17663
2013-08-28 16:00:00,122.35,122.37,121.92,121.92,42150
2013-08-29 09:45:00,121.72,122.39,121.44,122.34,13293
2013-08-29 10:00:00,122.54,122.54,122.03399999999999,122.26,5108
2013-08-29 10:15:00,122.27,122.62,122.21,122.57,9500
2013-08-29 10:30:00,122.54,122.57,122.11,122.12,22832
2013-08-29 10:45:00,122.12,123.21,122.12,123.05,41861
2013-08-29 11:00:00,123.16,123.2031,122.68,122.7863,16433
2013-08-29 11:15:00,122.82,123.08,122.8,122.89,8648
2013-08-29 11:30:00,122.9,123.11,122.9,122.96,7218
2013-08-29 11:45:00,123.06,123.06,122.63,122.69,7900
2013-08-29 12:00:00,122.79,122.97,122.62,122.97,10000
2013-08-29 12:15:00,123.005,123.05,122.85,122.92,8715
2013-08-29 12:30:00,122.97,123.08,122.866,123.02,13200
2013-08-29 12:45:00,123.07,123.08,122.77,122.84,7260
2013-08-29 13:00:00,122.84,123.08,122.72,122.99,10721
2013-08-29 13:15:00,123.01,123.28,122.98,123.25,8400
2013-08-29 13:30:00,123.17,123.1825,122.68,122.74,9532
2013-08-29 13:45:00,122.82,122.94,122.77,122.89,6746
2013-08-29 14:00:00,122.8925,122.95,122.7625,122.86,9217
2013-08-29 14:15:00,122.86,123.07,122.86,122.98,18559
2013-08-29 14:30:00,123.01,123.2,122.95,123.2,13300
2013-08-29 14:45:00,123.21,123.35,123.175,123.22,9744
2013-08-29 15:00:00,123.21,123.25,123.08,123.25,11432
2013-08-29 15:15:00,123.25,123.29,123.06,123.24,17874
2013-08-29 15:30:00,123.25,123.42,123.02,123.07,31716
2013-08-29 15:45:00,123.0645,123.3,122.93,123.3,26993
2013-08-29 16:00:00,123.29,123.53,123.06,123.06,54311
2013-08-30 09:45:00,123.4,123.89,123.09,123.47,35821
2013-08-30 10:00:00,123.42,123.585,123.14,123.495,17853
2013-08-30 10:15:00,123.35,123.6,122.77,122.77,36970
2013-08-30 10:30:00,122.75,122.75,122.38,122.4,11858
2013-08-30 10:45:00,122.37,122.42,121.89,122.09,18356
2013-08-30 11:00:00,122.09,122.42,121.9301,122.22,13065
2013-08-30 11:15:00,122.13,122.45,122.02,122.3,9024
2013-08-30 11:30:00,122.3,122.3,121.92,122.05,15352
2013-08-30 11:45:00,122.07,122.07,121.5,121.78,11960
2013-08-30 12:00:00,121.86,122.36,121.83,122.22,10040
2013-08-30 12:15:00,122.22,122.55,122.14,122.47,8538
2013-08-30 12:30:00,122.49,122.58,122.25,122.41,7024
2013-08-30 12:45:00,122.41,122.41,122.03,122.065,9200
2013-08-30 13:00:00,122.03,122.11,121.975,122.07,10600
2013-08-30 13:15:00,122.12,122.13,121.63,121.88,8600
2013-08-30 13:30:00,121.93,122.2,121.86,122.07,12160
2013-08-30 13:45:00,122.08,122.08,121.95,121.95,3650
2013-08-30 14:00:00,121.99,122.23,121.97,122.01,13225
2013-08-30 14:15:00,121.97,122.06,121.8,121.83,11298
2013-08-30 14:30:00,121.84,122.03,121.8,121.99,6319
2013-08-30 14:45:00,121.98,122.13,121.97,122.01,13528
2013-08-30 15:00:00,122.0,122.32,121.97,122.28,21000
2013-08-30 15:15:00,122.28,122.46799999999999,122.19,122.43,25486
2013-08-30 15:30:00,122.43,122.66,122.37,122.66,22663
2013-08-30 15:45:00,122.61,122.65,122.36,122.44,45853
2013-08-30 16:00:00,122.42,122.95,122.4,122.72,107125
2013-09-03 09:45:00,123.97,124.74,123.7,123.755,30665
2013-09-03 10:00:00,123.81,124.1,123.24,123.7,19597
2013-09-03 10:15:00,123.73,123.9,123.46,123.87,21385
2013-09-03 10:30:00,123.7729,123.94,123.535,123.86,15400
2013-09-03 10:45:00,123.86,124.105,123.68,124.105,20417
2013-09-03 11:00:00,124.07,124.1521,123.78,123.92,20423
2013-09-03 11:15:00,123.98,124.22,123.83,124.08,9823
2013-09-03 11:30:00,124.11,124.15,123.55,123.63,11200
2013-09-03 11:45:00,123.55,123.81,123.55,123.64,7594
2013-09-03 12:00:00,123.61,123.7,123.4,123.59,10000
2013-09-03 12:15:00,123.55,123.72,123.5,123.5,6239
2013-09-03 12:30:00,123.42,123.5445,123.25,123.25,5150
2013-09-03 12:45:00,123.23,123.3075,122.98,123.09,6670
2013-09-03 13:00:00,123.12,123.2,122.81,122.85,13000
2013-09-03 13:15:00,122.89,122.91,122.73,122.81,11949
2013-09-03 13:30:00,122.77,122.77,122.52,122.68,8996
2013-09-03 13:45:00,122.67,122.8,122.54,122.59,8800
2013-09-03 14:00:00,122.58,122.6019,122.25,122.25,12300
2013-09-03 14:15:00,122.34,122.79,122.34,122.78,13186
2013-09-03 14:30:00,122.83,122.8588,122.48,122.69,19787
2013-09-03 14:45:00,122.66,122.965,122.66,122.67,20180
2013-09-03 15:00:00,122.7404,123.01,122.58,123.01,8263
2013-09-03 15:15:00,123.04,123.33,122.88,123.21,9067
2013-09-03 15:30:00,123.195,123.31,123.05,123.14,9820
2013-09-03 15:45:00,123.14,123.32,123.14,123.26,19434
2013-09-03 16:00:00,123.25,123.28,122.82,122.96,58020
2013-09-04 09:45:00,122.9,123.875,121.61,122.16,41474
2013-09-04 10:00:00,122.2501,122.85,122.015,122.59,14193
2013-09-04 10:15:00,122.59,123.33,122.59,123.25,13835
2013-09-04 10:30:00,123.3,123.5,123.18,123.32,15711
2013-09-04 10:45:00,123.41,123.5325,123.21,123.27,14542
2013-09-04 11:00:00,123.3175,123.45,123.23,123.42,19068
2013-09-04 11:15:00,123.35,123.73,123.35,123.63,16263
2013-09-04 11:30:00,123.68,123.765,123.59,123.65,28381
2013-09-04 11:45:00,123.66,123.92,123.66,123.92,8335
2013-09-04 12:00:00,123.94,124.17,123.89,124.09,18450
2013-09-04 12:15:00,124.19,124.34,124.1,124.105,20604
2013-09-04 12:30:00,124.09,124.09,123.7,123.715,23856
2013-09-04 12:45:00,123.69,123.89,123.69,123.81,12871
2013-09-04 13:00:00,123.82,123.96,123.78,123.96,7529
2013-09-04 13:15:00,123.97,124.105,123.91,123.91,5734
2013-09-04 13:30:00,123.88,124.0,123.76,123.76,26634
2013-09-04 13:45:00,123.78,123.79,123.54,123.67,15187
2013-09-04 14:00:00,123.67,123.69,123.56,123.63,10176
2013-09-04 14:15:00,123.67,123.7,123.49,123.6,10206
2013-09-04 14:30:00,123.61,123.68,123.54,123.67,5794
2013-09-04 14:45:00,123.64,123.88,123.59,123.82,18337
2013-09-04 15:00:00,123.79,123.8,123.68,123.75,10440
2013-09-04 15:15:00,123.75,123.8,123.63,123.63,17826
2013-09-04 15:30:00,123.65,123.71,123.4,123.405,27507
2013-09-04 15:45:00,123.45,123.55,123.19,123.55,30331
2013-09-04 16:00:00,123.58,123.81,123.58,123.78,49323
2013-09-05 09:45:00,123.67,124.48,123.53,124.3,28781
2013-09-05 10:00:00,124.29,124.44,124.14,124.23,19005
2013-09-05 10:15:00,124.32,124.38,123.92,123.93,65234
2013-09-05 10:30:00,124.0,124.07,123.695,123.91,7627
2013-09-05 10:45:00,123.87,123.89,123.43,123.61,11193
2013-09-05 11:00:00,123.54,123.725,123.28,123.42,5392
2013-09-05 11:15:00,123.43,123.63,123.352,123.57,5333
2013-09-05 11:30:00,123.4125,123.58,123.35,123.56,10308
2013-09-05 11:45:00,123.57,123.92,123.57,123.67,4133
2013-09-05 12:00:00,123.7,123.7725,123.56,123.7,5439
2013-09-05 12:15:00,123.6754,123.6754,123.4,123.52,5059
2013-09-05 12:30:00,123.48,123.48,123.21,123.27,8707
2013-09-05 12:45:00,123.27,123.43,123.22,123.41,3500
2013-09-05 13:00:00,123.5,123.51,123.39,123.39,3563
2013-09-05 13:15:00,123.38,123.38,123.16,123.21,4970
2013-09-05 13:30:00,123.18,123.25,123.1,123.23,5736
2013-09-05 13:45:00,123.27,123.29,123.14,123.23,5400
2013-09-05 14:00:00,123.28,123.28,123.11,123.18,6853
2013-09-05 14:15:00,123.12,123.2,123.05,123.2,4751
2013-09-05 14:30:00,123.1868,123.23,123.06,123.2,4918
2013-09-05 14:45:00,123.18,123.27,123.17,123.23,4585
2013-09-05 15:00:00,123.2,123.35,123.2,123.35,4573
2013-09-05 15:15:00,123.32,123.56,123.32,123.43,15451
2013-09-05 15:30:00,123.44,123.48,123.33,123.37,6967
2013-09-05 15:45:00,123.41,123.63,123.35,123.47,28190
2013-09-05 16:00:00,123.44,123.54,123.42,123.5,29000
2013-09-06 09:45:00,124.3,124.3,122.68,122.735,17671
2013-09-06 10:00:00,122.73,122.73,122.06,122.49,26075
2013-09-06 10:15:00,122.45,122.58,122.18,122.3,20594
2013-09-06 10:30:00,122.28,122.92,122.28,122.8,9039
2013-09-06 10:45:00,122.94,123.0,122.67,122.95,9467
2013-09-06 11:00:00,123.08,123.25,122.98,123.14,7679
2013-09-06 11:15:00,123.2,123.35,123.14,123.23,6300
2013-09-06 11:30:00,123.29,123.3481,122.96,123.0,10020
2013-09-06 11:45:00,123.055,123.16,122.95,122.97,9021
2013-09-06 12:00:00,122.93,123.03,122.92,122.9875,5491
2013-09-06 12:15:00,122.93,123.0,122.885,122.95,5411
2013-09-06 12:30:00,122.95,122.97,122.79,122.9075,9091
2013-09-06 12:45:00,122.94,123.0,122.74,122.77,4900
2013-09-06 13:00:00,122.83,122.83,122.62,122.75,11817
2013-09-06 13:15:00,122.72,122.78,122.65,122.66,9401
2013-09-06 13:30:00,122.68,122.95,122.68,122.88,7465
2013-09-06 13:45:00,122.88,123.06,122.88,123.025,6109
2013-09-06 14:00:00,122.94,123.52,122.94,123.32,9644
2013-09-06 14:15:00,123.32,123.38,123.13,123.18,8020
2013-09-06 14:30:00,123.21,123.25,123.21,123.24,2607
2013-09-06 14:45:00,123.24,123.25,123.115,123.13,8018
2013-09-06 15:00:00,123.1,123.24,123.05,123.07,7200
2013-09-06 15:15:00,123.07,123.21,122.81,122.92,11801
2013-09-06 15:30:00,122.95,123.11,122.85,122.89,16979
2013-09-06 15:45:00,122.87,122.975,122.73,122.78,25580
2013-09-06 16:00:00,122.78,122.78,122.28,122.34,80275
2013-09-09 09:45:00,122.36,123.35,122.36,123.01,13458
2013-09-09 10:00:00,123.02,123.1625,122.84,122.98,10606
2013-09-09 10:15:00,122.98,123.12,122.85,122.89,9901
2013-09-09 10:30:00,122.87,123.04,122.645,122.66,13906
2013-09-09 10:45:00,122.69,123.2,122.68,123.116,15255
2013-09-09 11:00:00,123.1,123.2,123.0,123.17,11600
2013-09-09 11:15:00,123.2,123.26,123.05,123.21,5973
2013-09-09 11:30:00,123.22,123.24,123.14,123.155,6649
2013-09-09 11:45:00,123.21,123.41,123.14,123.41,9313
2013-09-09 12:00:00,123.44,123.485,123.29,123.3408,5683
2013-09-09 12:15:00,123.35,123.61,123.33,123.53,7551
2013-09-09 12:30:00,123.5301,123.81,123.43,123.8,24214
2013-09-09 12:45:00,123.73,123.74,123.49,123.63,8554
2013-09-09 13:00:00,123.63,123.63,123.46,123.5101,5425
2013-09-09 13:15:00,123.6,123.78,123.52,123.65,24353
2013-09-09 13:30:00,123.68,123.72,123.42,123.42,18654
2013-09-09 13:45:00,123.42,123.59,123.4,123.59,8512
2013-09-09 14:00:00,123.61,123.652,123.5085,123.59,6719
2013-09-09 14:15:00,123.7,123.81,123.45,123.51,8256
2013-09-09 14:30:00,123.55,123.92,123.55,123.81,10090
2013-09-09 14:45:00,123.81,123.91,123.72,123.845,6950
2013-09-09 15:00:00,123.8,123.88,123.72,123.84,6127
2013-09-09 15:15:00,123.82,123.91,123.66,123.91,8422
2013-09-09 15:30:00,123.88,124.04,123.79,123.86,10489
2013-09-09 15:45:00,123.86,123.89,123.75,123.8,18629
2013-09-09 16:00:00,123.83,123.93,123.64,123.74,59984
2013-09-10 09:45:00,124.86,125.53,124.21,124.395,47437
2013-09-10 10:00:00,124.39,125.1,124.05,125.1,12898
2013-09-10 10:15:00,125.0369,125.42,125.0369,125.3,9725
2013-09-10 10:30:00,125.33,125.36,124.99600000000001,125.25,18084
2013-09-10 10:45:00,125.139,125.3889,124.89,125.35,31849
2013-09-10 11:00:00,125.3075,125.71,125.13,125.71,24207
2013-09-10 11:15:00,125.6828,125.8,125.55,125.8,15249
2013-09-10 11:30:00,125.8,126.3,125.79,126.15,49276
2013-09-10 11:45:00,126.15,126.2,125.71,125.77,15467
2013-09-10 12:00:00,125.62,125.94,125.48,125.87,14925
2013-09-10 12:15:00,125.77,125.94,125.62,125.76,10028
2013-09-10 12:30:00,125.76,125.98,125.76,125.98,21845
2013-09-10 12:45:00,125.98,126.1,125.96,125.99,8803
2013-09-10 13:00:00,126.04,126.1,126.0,126.06,8919
2013-09-10 13:15:00,126.0,126.0,125.78,125.85,3447
2013-09-10 13:30:00,125.7,125.8,125.63,125.6899,14227
2013-09-10 13:45:00,125.61,125.75,125.5,125.5,8753
2013-09-10 14:00:00,125.5104,125.64,125.49,125.495,9187
2013-09-10 14:15:00,125.46,125.52,125.32,125.47,17900
2013-09-10 14:30:00,125.47,125.54,125.26,125.38,48190
2013-09-10 14:45:00,125.38,125.53,125.3,125.43,6806
2013-09-10 15:00:00,125.44,125.64,125.44,125.61,12771
2013-09-10 15:15:00,125.59,125.59,125.23,125.3,5700
2013-09-10 15:30:00,125.31,125.42399999999999,125.27,125.39,13650
2013-09-10 15:45:00,125.33,125.41,125.1,125.16,28370
2013-09-10 16:00:00,125.13,125.36,125.03,125.34,58358
2013-09-11 09:45:00,125.53,126.4199,125.325,126.135,34794
2013-09-11 10:00:00,126.19,126.24,125.72,125.94,27520
2013-09-11 10:15:00,125.88,126.25,125.82,126.01,46175
2013-09-11 10:30:00,125.93,126.13,125.92,126.07,27389
2013-09-11 10:45:00,126.08,126.15,125.97,126.145,3625
2013-09-11 11:00:00,126.145,126.17,126.05,126.1,14004
2013-09-11 11:15:00,126.13,126.26,126.06,126.13799999999999,21926
2013-09-11 11:30:00,126.2,126.29,126.14,126.25,6449
2013-09-11 11:45:00,126.26,126.52,126.24,126.44,18034
2013-09-11 12:00:00,126.46,126.6,126.4201,126.53,10557
2013-09-11 12:15:00,126.5,126.6499,126.44,126.566,24364
2013-09-11 12:30:00,126.53,126.68,126.492,126.6705,9490
2013-09-11 12:45:00,126.68,126.71,126.436,126.46,14719
2013-09-11 13:00:00,126.48,126.53,126.34,126.41,12423
2013-09-11 13:15:00,126.37,126.405,126.12,126.19,4922
2013-09-11 13:30:00,126.2,126.28,126.15,126.25,8010
2013-09-11 13:45:00,126.26,126.3,125.94,125.9999,32886
2013-09-11 14:00:00,126.0,126.115,125.93,126.08,16655
2013-09-11 14:15:00,126.125,126.21,126.05,126.08,7282
2013-09-11 14:30:00,126.095,126.14,126.06200000000001,126.1299,5024
2013-09-11 14:45:00,126.12,126.16,125.84,125.95,7035
2013-09-11 15:00:00,125.99,126.04,125.855,125.9,9096
2013-09-11 15:15:00,125.87799999999999,125.93,125.81,125.88,13333
2013-09-11 15:30:00,125.889,125.965,125.81,125.885,22427
2013-09-11 15:45:00,125.9,126.09,125.89,126.06,31141
2013-09-11 16:00:00,126.08,126.21,125.97,126.21,38124
2013-09-12 09:45:00,125.58,126.22,125.58,126.21,25861
2013-09-12 10:00:00,126.28,126.29,125.7018,125.79,13684
2013-09-12 10:15:00,125.82,126.24,125.8,126.03,17523
2013-09-12 10:30:00,126.01,126.14,125.75,125.86,51588
2013-09-12 10:45:00,125.91,125.96,125.78200000000001,125.835,10043
2013-09-12 11:00:00,125.85,126.01,125.51,125.522,20699
2013-09-12 11:15:00,125.54,125.71,125.3,125.32,23273
2013-09-12 11:30:00,125.33,125.52,125.17,125.22,19026
2013-09-12 11:45:00,125.17,125.31,125.02,125.185,11641
2013-09-12 12:00:00,125.24,125.29,125.06,125.245,8784
2013-09-12 12:15:00,125.2,125.245,125.05,125.05,14606
2013-09-12 12:30:00,125.09,125.26,125.025,125.21,16149
2013-09-12 12:45:00,125.21,125.44,125.12,125.44,15655
2013-09-12 13:00:00,125.44,125.6,125.415,125.51,10605
2013-09-12 13:15:00,125.525,125.7,125.515,125.68,7056
2013-09-12 13:30:00,125.71,125.94,125.69,125.92,14475
2013-09-12 13:45:00,125.92,125.92,125.715,125.73,6125
2013-09-12 14:00:00,125.72,125.96,125.685,125.96,5854
2013-09-12 14:15:00,125.89,126.12,125.89,125.97,7000
2013-09-12 14:30:00,126.03,126.1,125.82,125.82,9500
2013-09-12 14:45:00,125.815,125.84,125.49,125.63,9388
2013-09-12 15:00:00,125.71,125.96,125.685,125.81,6066
2013-09-12 15:15:00,125.82,125.89,125.56,125.57,12513
2013-09-12 15:30:00,125.57,125.79,125.52,125.75,14600
2013-09-12 15:45:00,125.75,125.91,125.71,125.9,26618
2013-09-12 16:00:00,125.9,125.93299999999999,125.73,125.77,77320
2013-09-13 09:45:00,125.56,125.69,125.14,125.64,21726
2013-09-13 10:00:00,125.75,125.94,125.3,125.53,15619
2013-09-13 10:15:00,125.53,125.53,124.9,124.93,33175
2013-09-13 10:30:00,124.911,124.911,124.54,124.86,25763
2013-09-13 10:45:00,124.88,125.74,124.87,125.65,19430
2013-09-13 11:00:00,125.64,125.67,125.4,125.46,12855
2013-09-13 11:15:00,125.5,125.58,125.4277,125.55,5000
2013-09-13 11:30:00,125.53,125.65,125.43,125.46,7516
2013-09-13 11:45:00,125.49,125.54,125.42,125.5225,14527
2013-09-13 12:00:00,125.52,125.56,125.48,125.53,4423
2013-09-13 12:15:00,125.58,125.59,125.48,125.54,4700
2013-09-13 12:30:00,125.54,125.65,125.47,125.485,8100
2013-09-13 12:45:00,125.5,125.57,125.46,125.56,11500
2013-09-13 13:00:00,125.59,125.8275,125.59,125.74,8870
2013-09-13 13:15:00,125.71,125.87,125.7,125.75,4600
2013-09-13 13:30:00,125.75,125.99,125.74,125.93,7900
2013-09-13 13:45:00,125.91,125.94,125.84,125.87,10532
2013-09-13 14:00:00,125.852,126.03,125.78,125.94,34320
2013-09-13 14:15:00,125.97,126.02,125.79,125.835,16600
2013-09-13 14:30:00,125.82,125.85,125.63,125.8,12832
2013-09-13 14:45:00,125.8,125.87,125.73899999999999,125.83,12651
2013-09-13 15:00:00,125.7998,125.829,125.71,125.72,12609
2013-09-13 15:15:00,125.73,125.78,125.64,125.74,13484
2013-09-13 15:30:00,125.73,125.77,125.63,125.749,12699
2013-09-13 15:45:00,125.745,125.78,125.69,125.69,27451
2013-09-13 16:00:00,125.68,125.87,125.61,125.83,58675
2013-09-16 09:45:00,127.04,127.25399999999999,126.37,126.55,32682
2013-09-16 10:00:00,126.37,126.52,125.91,125.91,8920
2013-09-16 10:15:00,125.9,126.1725,125.76,125.9,21705
2013-09-16 10:30:00,125.9,126.01,125.6225,125.82,32607
2013-09-16 10:45:00,125.83,125.9425,125.51,125.51,17507
2013-09-16 11:00:00,125.47,125.77,125.35700000000001,125.42,18968
2013-09-16 11:15:00,125.42,125.6699,125.3601,125.63,10977
2013-09-16 11:30:00,125.615,125.65,125.38,125.65,9900
2013-09-16 11:45:00,125.62,125.71,125.51,125.71,10645
2013-09-16 12:00:00,125.72,125.8,125.58,125.785,8900
2013-09-16 12:15:00,125.79,125.83,125.755,125.77,4900
2013-09-16 12:30:00,125.79,125.79,125.5,125.53,9827
2013-09-16 12:45:00,125.52,125.64,125.37200000000001,125.42,7187
2013-09-16 13:00:00,125.43,125.48,125.27,125.3,8800
2013-09-16 13:15:00,125.275,125.56,125.1914,125.31,11673
2013-09-16 13:30:00,125.3,125.36,125.14,125.3,6510
2013-09-16 13:45:00,125.33,125.34,124.86,124.88,19375
2013-09-16 14:00:00,124.9,125.16,124.9,125.12799999999999,12385
2013-09-16 14:15:00,125.12,125.16,124.95,124.95,10240
2013-09-16 14:30:00,125.0,125.19,124.97,125.01,12189
2013-09-16 14:45:00,125.01,125.12,124.9,125.0,13600
2013-09-16 15:00:00,124.98,125.13,124.94,125.02,9809
2013-09-16 15:15:00,125.03,125.22,125.03,125.13,11173
2013-09-16 15:30:00,125.16,125.2,125.05,125.065,13720
2013-09-16 15:45:00,125.07,125.26,125.0,125.18,28375
2013-09-16 16:00:00,125.141,125.35,125.1,125.18,65288
2013-09-17 09:45:00,124.39,125.77,124.39,125.46,43189
2013-09-17 10:00:00,125.57,126.01,125.46,125.55,8800
2013-09-17 10:15:00,125.54,126.0,125.47,125.74,13861
2013-09-17 10:30:00,125.73,125.85,125.39,125.39,13982
2013-09-17 10:45:00,125.42,125.47,125.15,125.19,10117
2013-09-17 11:00:00,125.14,125.14,124.89,124.95200000000001,25773
2013-09-17 11:15:00,124.995,125.08,124.86,124.86,16033
2013-09-17 11:30:00,124.92,125.08,124.85,124.85,18870
2013-09-17 11:45:00,124.92,125.03,124.86200000000001,124.98,14720
2013-09-17 12:00:00,125.0,125.18,124.7,124.74,33516
2013-09-17 12:15:00,124.77,124.97,124.63,124.97,12062
2013-09-17 12:30:00,124.95,125.17,124.935,125.17,12663
2013-09-17 12:45:00,125.145,125.425,125.145,125.365,6924
2013-09-17 13:00:00,125.45,125.55,125.35,125.41,12033
2013-09-17 13:15:00,125.45,125.48,125.01,125.08,16013
2013-09-17 13:30:00,125.11,125.3,125.03,125.2312,9716
2013-09-17 13:45:00,125.22,125.3,125.17,125.24,10985
2013-09-17 14:00:00,125.23,125.34,125.2,125.3,40165
2013-09-17 14:15:00,125.28,125.33,125.18,125.31,19168
2013-09-17 14:30:00,125.31,125.51,125.31,125.48,11200
2013-09-17 14:45:00,125.5,125.54,125.47,125.49,11728
2013-09-17 15:00:00,125.5,125.57,125.42,125.45,14821
2013-09-17 15:15:00,125.44,125.59,125.44,125.48,14994
2013-09-17 15:30:00,125.48,125.48,125.258,125.27,31795
2013-09-17 15:45:00,125.26,125.46,125.26,125.46,21589
2013-09-17 16:00:00,125.47,125.51,125.28,125.43,32733
2013-09-18 09:45:00,125.09,126.04799999999999,125.09,125.79,15406
2013-09-18 10:00:00,125.86,126.03,125.605,125.605,11377
2013-09-18 10:15:00,125.75,126.04,125.66,126.01,28451
2013-09-18 10:30:00,125.93,126.08,125.9,126.08,14965
2013-09-18 10:45:00,126.11,126.16,125.9,125.9,14184
2013-09-18 11:00:00,125.905,125.96,125.75,125.882,6495
2013-09-18 11:15:00,125.925,125.98,125.565,125.565,7824
2013-09-18 11:30:00,125.565,125.72,125.565,125.7,6289
2013-09-18 11:45:00,125.67,125.71,125.5392,125.58,5424
2013-09-18 12:00:00,125.62,125.62,125.3025,125.3025,2000
2013-09-18 12:15:00,125.3,125.38,125.22,125.22,6300
2013-09-18 12:30:00,125.22,125.22,125.01,125.09,6838
2013-09-18 12:45:00,125.13,125.2,125.02,125.18,6907
2013-09-18 13:00:00,125.2575,125.2875,125.17,125.26,7234
2013-09-18 13:15:00,125.235,125.26,125.1,125.1,8100
2013-09-18 13:30:00,125.11,125.21,125.01,125.065,10432
2013-09-18 13:45:00,125.06,125.09,124.85,124.87100000000001,9880
2013-09-18 14:00:00,124.89,125.06,124.84,125.01,17177
2013-09-18 14:15:00,125.05,126.82,125.05,126.45,38186
2013-09-18 14:30:00,126.49,126.54,126.22,126.47,33042
2013-09-18 14:45:00,126.45,126.59,126.31,126.57,25919
2013-09-18 15:00:00,126.57,127.11,126.42,127.0925,27174
2013-09-18 15:15:00,127.13,127.15,126.86,126.9,17260
2013-09-18 15:30:00,126.9,127.11,126.71,126.75,36459
2013-09-18 15:45:00,126.82,126.93,126.69,126.72,48416
2013-09-18 16:00:00,126.75,127.12,126.54,126.98,109300
2013-09-19 09:45:00,127.21,127.5,126.33,126.44,44308
2013-09-19 10:00:00,126.45,126.75,126.39,126.62,71127
2013-09-19 10:15:00,126.57,126.83,126.43,126.43,20259
2013-09-19 10:30:00,126.46,126.46,126.14,126.22,48000
2013-09-19 10:45:00,126.23,126.32,126.14,126.24,26299
2013-09-19 11:00:00,126.25,126.3,126.1,126.23,24724
2013-09-19 11:15:00,126.23,126.42,126.2,126.42,24008
2013-09-19 11:30:00,126.42,126.52,126.285,126.462,25259
2013-09-19 11:45:00,126.49,126.6,126.309,126.455,25933
2013-09-19 12:00:00,126.4799,126.54,126.37899999999999,126.46,19570
2013-09-19 12:15:00,126.455,126.54,126.43,126.52,18250
2013-09-19 12:30:00,126.52,126.619,126.45,126.5,17450
2013-09-19 12:45:00,126.47,126.55,126.47,126.5,19588
2013-09-19 13:00:00,126.525,126.54,126.39,126.47,15426
2013-09-19 13:15:00,126.45,126.55,126.43,126.55,16643
2013-09-19 13:30:00,126.52,126.55,126.37,126.43,19839
2013-09-19 13:45:00,126.405,126.741,126.405,126.65,14475
2013-09-19 14:00:00,126.68,126.68,126.56,126.56,13070
2013-09-19 14:15:00,126.6,126.75,126.565,126.74,18863
2013-09-19 14:30:00,126.74,126.75,126.6,126.6,13846
2013-09-19 14:45:00,126.58,126.72,126.58,126.68,9067
2013-09-19 15:00:00,126.69,126.77,126.55,126.73,14669
2013-09-19 15:15:00,126.73,126.78,126.7,126.74,16881
2013-09-19 15:30:00,126.75,126.82,126.66,126.75,27308
2013-09-19 15:45:00,126.76,126.94,126.72,126.93,30787
2013-09-19 16:00:00,126.95,126.95,126.56,126.59,57228
2013-09-20 09:45:00,126.93,127.31,125.87,127.31,198174
2013-09-20 10:00:00,127.18,127.71,127.11,127.53,13590
2013-09-20 10:15:00,127.52600000000001,127.52600000000001,127.07,127.15,47578
2013-09-20 10:30:00,127.1,127.23,126.92,127.07,22652
2013-09-20 10:45:00,127.12,127.39,127.07,127.36,8364
2013-09-20 11:00:00,127.33,127.35,127.19,127.3,12850
2013-09-20 11:15:00,127.32,127.34,127.2,127.23,8150
2013-09-20 11:30:00,127.23,127.32,127.18,127.3,22979
2013-09-20 11:45:00,127.31,127.375,126.9,126.92,23679
2013-09-20 12:00:00,126.915,126.99,126.84,126.84,11433
2013-09-20 12:15:00,126.84,126.95,126.73,126.73,18863
2013-09-20 12:30:00,126.73,126.75,126.49,126.56,21744
2013-09-20 12:45:00,126.6,126.8,126.49,126.73,12603
2013-09-20 13:00:00,126.78,126.91,126.7225,126.91,6768
2013-09-20 13:15:00,126.91,126.91,126.52,126.56,16158
2013-09-20 13:30:00,126.56,126.56,126.23,126.29,17900
2013-09-20 13:45:00,126.29,126.32,125.99,126.02,20343
2013-09-20 14:00:00,125.9812,126.09,125.63,125.65,31624
2013-09-20 14:15:00,125.65,125.65,125.4,125.4,43206
2013-09-20 14:30:00,125.41,125.41,124.98,125.25,29699
2013-09-20 14:45:00,125.2,125.54,125.19,125.43,14775
2013-09-20 15:00:00,125.49,125.77,125.48,125.74,15705
2013-09-20 15:15:00,125.75,125.97,125.74,125.8,15753
2013-09-20 15:30:00,125.84,125.92,125.2,125.26,41652
2013-09-20 15:45:00,125.24,125.55,125.17,125.44,46760
2013-09-20 16:00:00,125.44,125.86,125.33,125.78,111067
2013-09-23 09:45:00,125.01,125.49,124.38,124.425,36447
2013-09-23 10:00:00,124.425,125.08,124.27,124.68,28184
2013-09-23 10:15:00,124.68,124.99,124.37,124.84,20885
2013-09-23 10:30:00,124.825,124.90100000000001,124.58,124.58,14332
2013-09-23 10:45:00,124.586,124.7,124.45,124.57,14045
2013-09-23 11:00:00,124.59,124.73,124.19,124.26,19980
2013-09-23 11:15:00,124.26,124.4,123.9,123.96,29318
2013-09-23 11:30:00,124.01,124.33,123.99,124.21,25343
2013-09-23 11:45:00,124.205,124.45,124.14,124.39,15163
2013-09-23 12:00:00,124.36,124.57,124.34,124.49,14324
2013-09-23 12:15:00,124.51,124.94,124.485,124.8,45411
2013-09-23 12:30:00,124.83,124.98,124.75,124.83,9400
2013-09-23 12:45:00,124.86,125.24,124.86,125.09,12813
2013-09-23 13:00:00,125.15,125.22,124.9,125.01,17700
2013-09-23 13:15:00,125.01,125.06,124.8,124.8,11024
2013-09-23 13:30:00,124.8223,125.08,124.69,125.03,14499
2013-09-23 13:45:00,125.02,125.19,125.0,125.15,7713
2013-09-23 14:00:00,125.23,125.39,125.06,125.39,17037
2013-09-23 14:15:00,125.36,125.44,125.08,125.11,12576
2013-09-23 14:30:00,125.07,125.1,124.77,124.85,21767
2013-09-23 14:45:00,124.87,124.99,124.83,124.9345,19431
2013-09-23 15:00:00,124.99,125.19,124.91,125.08,14839
2013-09-23 15:15:00,125.1,125.2,124.96,124.98,13714
2013-09-23 15:30:00,125.0,125.18,124.94,124.94,18618
2013-09-23 15:45:00,124.93,125.07,124.93,124.99,32285
2013-09-23 16:00:00,124.97,125.01,124.74,124.85,51690
2013-09-24 09:45:00,125.26,125.26,124.4,124.59,19866
2013-09-24 10:00:00,124.51,124.5625,124.03,124.13,17936
2013-09-24 10:15:00,124.09,124.17,123.66,123.66,48448
2013-09-24 10:30:00,123.6501,123.881,123.62,123.764,21453
2013-09-24 10:45:00,123.77,124.18,123.74,123.9,20957
2013-09-24 11:00:00,123.9,124.15,123.87,124.005,28586
2013-09-24 11:15:00,124.015,124.2,124.0,124.12,23747
2013-09-24 11:30:00,124.11,124.42,124.06,124.35,21456
2013-09-24 11:45:00,124.345,124.45,124.33,124.359,17647
2013-09-24 12:00:00,124.36,124.46,124.16,124.4,21852
2013-09-24 12:15:00,124.42,124.775,124.37,124.71,14491
2013-09-24 12:30:00,124.71,125.12,124.65,125.1,11560
2013-09-24 12:45:00,125.12,125.12,124.941,124.99600000000001,10000
2013-09-24 13:00:00,124.99,125.0,124.86,124.95,8833
2013-09-24 13:15:00,124.96,125.0,124.77,124.8,23334
2013-09-24 13:30:00,124.77,124.82,124.74,124.8,13576
2013-09-24 13:45:00,124.78,124.8,124.61,124.64,31226
2013-09-24 14:00:00,124.635,124.67,124.5,124.55,17517
2013-09-24 14:15:00,124.56,124.67,124.54,124.63,17702
2013-09-24 14:30:00,124.66,124.76,124.5,124.5,13597
2013-09-24 14:45:00,124.493,124.52,124.22,124.22,22584
2013-09-24 15:00:00,124.26,124.3,124.05,124.055,28142
2013-09-24 15:15:00,124.05,124.07,123.905,123.94,44296
2013-09-24 15:30:00,123.97,124.22,123.969,124.18,50208
2013-09-24 15:45:00,124.2,124.32,123.97,124.1,59575
2013-09-24 16:00:00,124.09,124.12,123.94,124.06,76677
2013-09-25 09:45:00,124.36,124.905,123.87,124.2,27424
2013-09-25 10:00:00,124.22,124.44,123.9,124.37,25431
2013-09-25 10:15:00,124.34,124.91,124.16,124.22,31427
2013-09-25 10:30:00,124.25,124.53,124.14,124.53,21904
2013-09-25 10:45:00,124.55,124.84,124.46,124.51,13219
2013-09-25 11:00:00,124.48,124.55,124.35,124.44,20199
2013-09-25 11:15:00,124.4401,124.54,124.38,124.51,13939
2013-09-25 11:30:00,124.51,125.27,124.5,125.27,42951
2013-09-25 11:45:00,125.28,125.58,125.2682,125.51,17053
2013-09-25 12:00:00,125.51,125.669,125.36,125.46,35826
2013-09-25 12:15:00,125.46,125.52,125.3,125.48,15154
2013-09-25 12:30:00,125.44,125.56,125.17,125.31,18623
2013-09-25 12:45:00,125.3675,125.3675,125.22,125.305,12277
2013-09-25 13:00:00,125.3,125.41,125.26,125.39,15128
2013-09-25 13:15:00,125.41,125.635,125.41,125.58,7722
2013-09-25 13:30:00,125.58,125.78,125.57,125.65,39708
2013-09-25 13:45:00,125.64,125.64,124.81,124.99,39163
2013-09-25 14:00:00,125.0,125.18,124.62,125.18,26305
2013-09-25 14:15:00,125.23,125.37,125.0,125.09,25669
2013-09-25 14:30:00,125.11,125.2,124.92,124.96,18568
2013-09-25 14:45:00,124.88,124.96,124.76,124.88,14161
2013-09-25 15:00:00,124.86,125.06,124.86,124.97,29257
2013-09-25 15:15:00,124.97,125.26,124.9,125.22,23221
2013-09-25 15:30:00,125.26,125.31,125.14,125.29,15400
2013-09-25 15:45:00,125.25,125.52,125.24,125.4,27936
2013-09-25 16:00:00,125.39,125.41,124.98,125.06,102692
2013-09-26 09:45:00,126.37,126.37,124.7801,126.03,34440
2013-09-26 10:00:00,126.06,126.28,125.81,125.93,14447
2013-09-26 10:15:00,125.84,126.208,125.71,125.8,13018
2013-09-26 10:30:00,125.77,126.03,125.744,125.93,9600
2013-09-26 10:45:00,125.96,125.96,125.52,125.52,13024
2013-09-26 11:00:00,125.52,125.54,125.02,125.405,42026
2013-09-26 11:15:00,125.39,125.39,124.94,125.368,11314
2013-09-26 11:30:00,125.34,125.34,125.16,125.2,13933
2013-09-26 11:45:00,125.27,125.35,125.18,125.35,6800
2013-09-26 12:00:00,125.4,125.58,125.29,125.42,7328
2013-09-26 12:15:00,125.48,125.67,125.44,125.59,8741
2013-09-26 12:30:00,125.56,125.75,125.51,125.57,11254
2013-09-26 12:45:00,125.56,125.72200000000001,125.55,125.63,5159
2013-09-26 13:00:00,125.65,125.75,125.53,125.73,4519
2013-09-26 13:15:00,125.75,125.9,125.73,125.9,10800
2013-09-26 13:30:00,125.85,125.95,125.79,125.90799999999999,7732
2013-09-26 13:45:00,125.94,126.01,125.71,125.825,8066
2013-09-26 14:00:00,125.735,125.91,125.6,125.77,19166
2013-09-26 14:15:00,125.73,125.76,125.51,125.7,13118
2013-09-26 14:30:00,125.74,125.95,125.66,125.945,9900
2013-09-26 14:45:00,125.94,125.96,125.585,125.73,14860
2013-09-26 15:00:00,125.76,125.77,125.595,125.76,12800
2013-09-26 15:15:00,125.7,125.76,125.41,125.6,15912
2013-09-26 15:30:00,125.6,125.68,125.52,125.56,16881
2013-09-26 15:45:00,125.6,125.7,125.565,125.67,31247
2013-09-26 16:00:00,125.67,125.95,125.59,125.85,65943
2013-09-27 09:45:00,124.84,125.56,124.6501,125.3,41959
2013-09-27 10:00:00,125.27,125.33,124.99,125.24,18203
2013-09-27 10:15:00,125.206,125.26,124.96,125.15,16315
2013-09-27 10:30:00,125.15,125.55,125.14,125.51,18422
2013-09-27 10:45:00,125.54,125.87,125.4,125.76,10959
2013-09-27 11:00:00,125.88,126.09,125.72,125.97,32369
2013-09-27 11:15:00,126.01,126.02,125.71,125.77,8130
2013-09-27 11:30:00,125.74,125.95,125.58,125.95,8846
2013-09-27 11:45:00,125.948,126.08,125.79,125.95,11080
2013-09-27 12:00:00,125.94,126.19,125.911,126.1,12700
2013-09-27 12:15:00,126.09,126.09,126.0,126.08,6630
2013-09-27 12:30:00,126.14,126.41,126.14,126.22,8021
2013-09-27 12:45:00,126.21,126.38,126.04,126.04,23224
2013-09-27 13:00:00,126.02,126.18,125.95,126.15,4250
2013-09-27 13:15:00,126.15,126.35,126.15,126.3,6014
2013-09-27 13:30:00,126.3,126.38,126.23,126.275,9448
2013-09-27 13:45:00,126.29,126.52,126.29,126.52,7650
2013-09-27 14:00:00,126.535,126.67,126.52,126.64,8500
2013-09-27 14:15:00,126.68,126.73,126.45,126.46,7785
2013-09-27 14:30:00,126.35,126.44,126.32,126.436,10371
2013-09-27 14:45:00,126.43,126.57,126.36,126.57,18494
2013-09-27 15:00:00,126.58,126.74,126.5,126.5,27350
2013-09-27 15:15:00,126.47,126.65,126.35,126.49,14915
2013-09-27 15:30:00,126.49,126.72,126.35,126.71,17750
2013-09-27 15:45:00,126.72,126.85,126.62,126.67,23794
2013-09-27 16:00:00,126.67,126.8,126.49,126.75,62483
2013-09-30 09:45:00,126.15,126.9799,125.37,126.55,36657
2013-09-30 10:00:00,126.48,126.66,126.075,126.42,21998
2013-09-30 10:15:00,126.43,126.6,126.16,126.2,20599
2013-09-30 10:30:00,126.15,126.99,126.15,126.91,21637
2013-09-30 10:45:00,126.98,127.38,126.765,127.28200000000001,24617
2013-09-30 11:00:00,127.37,127.42,127.02,127.33,33001
2013-09-30 11:15:00,127.33,127.45,127.01,127.01,10418
2013-09-30 11:30:00,126.98,127.5,126.975,127.49,6865
2013-09-30 11:45:00,127.49,127.56,127.34,127.49,8223
2013-09-30 12:00:00,127.54,127.65,127.18,127.33,9996
2013-09-30 12:15:00,127.34,127.35,127.06,127.3475,8509
2013-09-30 12:30:00,127.3,127.55,127.1219,127.4,12458
2013-09-30 12:45:00,127.42,127.82,127.28,127.76,12788
2013-09-30 13:00:00,127.84,127.84,127.59,127.84,13295
2013-09-30 13:15:00,127.82,127.97,127.5,127.51,14973
2013-09-30 13:30:00,127.5,127.74,127.43,127.44,12283
2013-09-30 13:45:00,127.44,127.485,127.22,127.31,9424
2013-09-30 14:00:00,127.36,127.47,127.05,127.13,7033
2013-09-30 14:15:00,127.16,127.37,127.14,127.26,6478
2013-09-30 14:30:00,127.27,127.27,127.04,127.25,8879
2013-09-30 14:45:00,127.29,127.55,127.2219,127.37,9948
2013-09-30 15:00:00,127.33,127.5,127.33,127.42,10710
2013-09-30 15:15:00,127.42,127.42,126.96,126.96,7284
2013-09-30 15:30:00,126.91,127.18,126.88,127.17,18256
2013-09-30 15:45:00,127.17,127.225,126.97,127.14,29376
2013-09-30 16:00:00,127.15,127.68,127.09,127.59,207035
2013-10-01 09:45:00,127.0,127.74,127.0,127.42,54997
2013-10-01 10:00:00,127.39,127.49,127.01,127.12,32219
2013-10-01 10:15:00,127.32,127.83,127.18,127.83,29940
2013-10-01 10:30:00,127.84,128.175,127.785,127.86,23237
2013-10-01 10:45:00,127.91,128.31,127.875,128.28,16907
2013-10-01 11:00:00,128.23,128.35,128.03,128.25,13913
2013-10-01 11:15:00,128.17,128.275,127.98,128.18,4638
2013-10-01 11:30:00,128.2,128.28,127.82,127.82,16983
2013-10-01 11:45:00,127.84,128.285,127.84,128.28,3654
2013-10-01 12:00:00,128.29,128.34,127.97,128.13,9718
2013-10-01 12:15:00,128.138,128.19,128.04,128.16,5216
2013-10-01 12:30:00,128.11,128.45,128.08,128.431,24341
2013-10-01 12:45:00,128.37,128.4199,128.07,128.09799999999998,7604
2013-10-01 13:00:00,128.1,128.32,127.91,127.9214,6898
2013-10-01 13:15:00,127.949,128.02,127.88,127.9,19962
2013-10-01 13:30:00,127.9,128.0,127.8714,128.0,4771
2013-10-01 13:45:00,128.01,128.01,127.78,127.97,10835
2013-10-01 14:00:00,127.96,128.0,127.76,127.815,10005
2013-10-01 14:15:00,127.84,127.99,127.72,127.99,9970
2013-10-01 14:30:00,128.0,128.0,127.36,127.41,21401
2013-10-01 14:45:00,127.4,127.4499,127.29,127.42,19089
2013-10-01 15:00:00,127.4,127.48,127.36,127.48,10859
2013-10-01 15:15:00,127.47,127.55,127.2,127.2,44605
2013-10-01 15:30:00,127.18,127.26,127.18,127.24,31912
2013-10-01 15:45:00,127.23,127.45,127.17,127.42,45590
2013-10-01 16:00:00,127.39,127.58,127.27,127.57,45254
2013-10-02 09:45:00,126.76,127.23,126.26,126.51,27819
2013-10-02 10:00:00,126.5,126.59,126.01,126.19,9845
2013-10-02 10:15:00,126.19,126.4,125.69,125.87,19968
2013-10-02 10:30:00,125.86,126.2773,125.78,125.935,16372
2013-10-02 10:45:00,125.935,126.31,125.7691,126.01,13818
2013-10-02 11:00:00,126.01,126.12,125.905,126.065,17219
2013-10-02 11:15:00,126.045,126.05,125.935,126.02,11387
2013-10-02 11:30:00,126.04,126.29,126.0,126.1,9782
2013-10-02 11:45:00,126.09,126.2,125.92,126.005,14454
2013-10-02 12:00:00,126.03,126.19,125.98,126.179,15167
2013-10-02 12:15:00,126.165,126.435,126.12,126.315,9481
2013-10-02 12:30:00,126.31,126.485,126.28,126.37,7395
2013-10-02 12:45:00,126.37,126.59,126.365,126.56,13176
2013-10-02 13:00:00,126.56,126.7,126.48,126.65,6920
2013-10-02 13:15:00,126.671,126.9,126.6,126.75299999999999,8439
2013-10-02 13:30:00,126.75,127.05,126.65,127.01,24513
2013-10-02 13:45:00,127.0,127.0,126.73,126.73,7309
2013-10-02 14:00:00,126.775,126.93,126.69,126.76,12601
2013-10-02 14:15:00,126.71,126.875,126.58,126.59,13700
2013-10-02 14:30:00,126.55,126.89,126.52,126.88,15166
2013-10-02 14:45:00,126.88,126.895,126.7,126.75,15000
2013-10-02 15:00:00,126.76,126.81,126.645,126.74,14110
2013-10-02 15:15:00,126.72,126.93,126.67,126.8854,16882
2013-10-02 15:30:00,126.9,126.9,126.66,126.9,21553
2013-10-02 15:45:00,126.92,127.04,126.735,126.735,32106
2013-10-02 16:00:00,126.735,127.13,126.56,127.1,59343
2013-10-03 09:45:00,126.62,127.4,126.211,127.06,18943
2013-10-03 10:00:00,127.06,127.22,126.74,126.88,8265
2013-10-03 10:15:00,126.76,126.77,126.28,126.29,7844
2013-10-03 10:30:00,126.3424,126.51,126.0,126.15,7707
2013-10-03 10:45:00,126.24,126.36,125.96,126.28,7192
2013-10-03 11:00:00,126.26,126.45,125.90100000000001,126.35,11100
2013-10-03 11:15:00,126.31,126.6,126.115,126.41799999999999,9998
2013-10-03 11:30:00,126.41,126.415,125.94,125.94,11049
2013-10-03 11:45:00,125.95,126.25,125.66,125.69,19297
2013-10-03 12:00:00,125.67,125.8,125.25,125.31,8832
2013-10-03 12:15:00,125.34,125.5026,125.22,125.37,14999
2013-10-03 12:30:00,125.49,125.64,125.3,125.64,6200
2013-10-03 12:45:00,125.62,125.8,125.36,125.39,5795
2013-10-03 13:00:00,125.39,125.82,125.35,125.63,14218
2013-10-03 13:15:00,125.63,125.85,125.5335,125.745,4475
2013-10-03 13:30:00,125.72,126.15,125.61,126.1,8499
2013-10-03 13:45:00,126.15,126.2899,125.855,126.13,8532
2013-10-03 14:00:00,126.14,126.43,125.91,126.43,7371
2013-10-03 14:15:00,126.43,126.43,125.98,126.21,21032
2013-10-03 14:30:00,126.23,126.3,125.62,125.95,9610
2013-10-03 14:45:00,126.12,126.12,125.87,125.98,9096
2013-10-03 15:00:00,125.96,126.16,125.84,125.97,5900
2013-10-03 15:15:00,125.81,126.07,125.81,125.99,9650
2013-10-03 15:30:00,125.96,126.03,125.74,126.01,11502
2013-10-03 15:45:00,126.01,126.08,125.88,126.02,14140
2013-10-03 16:00:00,126.02,126.03,125.51,125.66,29899
2013-10-04 09:45:00,125.44,125.69,125.13,125.35,15708
2013-10-04 10:00:00,125.51,126.19,125.46,125.595,8299
2013-10-04 10:15:00,125.67,126.37,125.555,126.29,8176
2013-10-04 10:30:00,126.29,126.49,126.07,126.49,4981
2013-10-04 10:45:00,126.45,126.46,126.07,126.14,22639
2013-10-04 11:00:00,126.08,126.31,126.08,126.24,5773
2013-10-04 11:15:00,126.36,126.41,126.12,126.28399999999999,14111
2013-10-04 11:30:00,126.28,126.55,126.28,126.43,5724
2013-10-04 11:45:00,126.43,126.58,126.43,126.51,4693
2013-10-04 12:00:00,126.42,126.6,126.4081,126.47,7551
2013-10-04 12:15:00,126.52600000000001,126.55,126.31,126.53,8814
2013-10-04 12:30:00,126.56,126.84,126.525,126.75,7770
2013-10-04 12:45:00,126.75,126.83,126.70200000000001,126.77,4835
2013-10-04 13:00:00,126.76,126.77,126.57,126.7,4599
2013-10-04 13:15:00,126.74,126.81,126.68,126.78,5349
2013-10-04 13:30:00,126.71,126.81,126.61,126.71,34836
2013-10-04 13:45:00,126.78,126.96,126.72,126.86,88957
2013-10-04 14:00:00,126.85,126.95,126.77,126.94,4133
2013-10-04 14:15:00,126.93,126.96,126.75,126.8,10289
2013-10-04 14:30:00,126.8,127.01,126.78,126.98,5621
2013-10-04 14:45:00,126.87,126.98,126.84,126.84,2264
2013-10-04 15:00:00,126.86,127.09,126.86,127.0,6412
2013-10-04 15:15:00,127.0,127.09,126.93,127.0398,7421
2013-10-04 15:30:00,127.03,127.0899,126.92,127.04,8451
2013-10-04 15:45:00,127.08,127.08,126.91,127.02,19000
2013-10-04 16:00:00,127.025,127.14,126.93,127.03,24017
2013-10-07 09:45:00,125.95,126.43,125.51,125.69,16567
2013-10-07 10:00:00,125.5,126.2,125.32,125.75,13927
2013-10-07 10:15:00,125.8,126.2,125.49,126.19,9043
2013-10-07 10:30:00,126.19,126.33,126.03,126.27,11605
2013-10-07 10:45:00,126.28,126.55,126.2,126.54,8155
2013-10-07 11:00:00,126.5588,126.738,126.35,126.43,88612
2013-10-07 11:15:00,126.43,126.53,126.29,126.34,9425
2013-10-07 11:30:00,126.2925,126.48,126.24,126.37,22907
2013-10-07 11:45:00,126.4,126.88,126.38,126.87,20047
2013-10-07 12:00:00,126.84100000000001,127.14,126.84100000000001,127.11,17847
2013-10-07 12:15:00,127.09,127.12,126.75,127.07,36077
2013-10-07 12:30:00,127.1,127.1,126.76,126.7975,7614
2013-10-07 12:45:00,126.84,126.91,126.63,126.8,14701
2013-10-07 13:00:00,126.83,126.84,126.67,126.72,10188
2013-10-07 13:15:00,126.72,126.97,126.72,126.965,12274
2013-10-07 13:30:00,126.95,127.1,126.93,127.06,7950
2013-10-07 13:45:00,127.09,127.14,126.91,127.08,8622
2013-10-07 14:00:00,127.01,127.13,126.95,127.13,10000
2013-10-07 14:15:00,127.16,127.35,127.16,127.26,23600
2013-10-07 14:30:00,127.26,127.44,127.1,127.29,20800
2013-10-07 14:45:00,127.22,127.23,127.03,127.07,16100
2013-10-07 15:00:00,127.08,127.2,127.0001,127.1,16601
2013-10-07 15:15:00,127.14,127.24,127.05,127.22,21112
2013-10-07 15:30:00,127.23,127.36,127.04,127.13,24066
2013-10-07 15:45:00,127.16,127.16,126.9,127.02,37293
2013-10-07 16:00:00,127.02,127.06,126.87,126.93,103681
2013-10-08 09:45:00,126.89,127.22,126.28,127.02,41842
2013-10-08 10:00:00,127.21,127.3,126.4,126.61,24101
2013-10-08 10:15:00,126.66,127.01,126.6,126.8,27477
2013-10-08 10:30:00,126.87,127.68,126.87,127.62,24239
2013-10-08 10:45:00,127.54,127.67,127.01,127.11,15152
2013-10-08 11:00:00,127.17,127.18,126.35,126.51,50461
2013-10-08 11:15:00,126.48,126.48,125.97,126.345,13322
2013-10-08 11:30:00,126.38,126.49,126.23,126.35,20096
2013-10-08 11:45:00,126.28,126.29,125.75,125.87,17175
2013-10-08 12:00:00,125.84,126.22,125.63,126.08,15000
2013-10-08 12:15:00,126.1,126.11,125.81,126.0,16112
2013-10-08 12:30:00,126.05,126.05,125.73,125.92,14180
2013-10-08 12:45:00,125.92,125.94,125.572,125.94,15349
2013-10-08 13:00:00,126.0,126.02,125.6,125.79,12801
2013-10-08 13:15:00,125.84,125.84,125.53,125.6501,14246
2013-10-08 13:30:00,125.68,125.8,125.48,125.8,14229
2013-10-08 13:45:00,125.84,125.91,125.525,125.525,7989
2013-10-08 14:00:00,125.52,125.67,125.43,125.58,10410
2013-10-08 14:15:00,125.58,125.58,125.28,125.48,10942
2013-10-08 14:30:00,125.5,125.53,125.195,125.42,15346
2013-10-08 14:45:00,125.54,125.58,125.27,125.35,12300
2013-10-08 15:00:00,125.3368,125.47,125.21,125.41,12368
2013-10-08 15:15:00,125.49,125.52,125.27,125.27,8771
2013-10-08 15:30:00,125.37,125.81,125.28,125.75,21553
2013-10-08 15:45:00,125.75,125.75,125.37,125.45,24344
2013-10-08 16:00:00,125.38,125.4,124.89,125.01,63751
2013-10-09 09:45:00,124.93,125.21,124.15,124.38,24182
2013-10-09 10:00:00,124.27,124.33,123.78,123.973,23878
2013-10-09 10:15:00,123.95,124.15,123.8,124.09,25297
2013-10-09 10:30:00,124.06,124.59,123.97,124.37,32160
2013-10-09 10:45:00,124.36,124.39,123.98,124.03200000000001,18943
2013-10-09 11:00:00,124.08,124.14,123.5,123.57,20867
2013-10-09 11:15:00,123.48,123.74,123.385,123.51,27953
2013-10-09 11:30:00,123.44,123.49,123.04,123.18,31627
2013-10-09 11:45:00,123.225,123.27,123.01,123.06,36651
2013-10-09 12:00:00,123.17,123.25,122.91,123.02,20516
2013-10-09 12:15:00,123.03,123.05,122.7,122.98,33026
2013-10-09 12:30:00,122.92,123.16,122.85,122.88,23352
2013-10-09 12:45:00,122.9,123.149,122.75,122.86,17504
2013-10-09 13:00:00,122.86,123.06,122.66,122.95,12732
2013-10-09 13:15:00,122.932,123.15,122.932,123.15,9690
2013-10-09 13:30:00,123.185,123.66,123.185,123.53,17061
2013-10-09 13:45:00,123.56,123.68,123.305,123.38,18828
2013-10-09 14:00:00,123.33,123.53,123.12,123.3,20642
2013-10-09 14:15:00,123.32,123.56,123.2,123.37,20687
2013-10-09 14:30:00,123.38,123.49,123.05,123.35,25809
2013-10-09 14:45:00,123.4,123.47,123.14,123.14,23129
2013-10-09 15:00:00,123.24,123.37,123.195,123.37,13037
2013-10-09 15:15:00,123.38,123.45,123.25,123.34,21178
2013-10-09 15:30:00,123.33,123.45,123.22,123.32,23703
2013-10-09 15:45:00,123.32,123.47,123.17,123.18,28698
2013-10-09 16:00:00,123.17,123.22,122.9,123.01,75836
2013-10-10 09:45:00,123.64,124.3768,123.12,124.275,25904
2013-10-10 10:00:00,124.24,124.83,123.92,124.795,15906
2013-10-10 10:15:00,124.77,124.9,124.49,124.70100000000001,44334
2013-10-10 10:30:00,124.675,124.845,124.595,124.64,30117
2013-10-10 10:45:00,124.61,124.85,124.52,124.77,16364
2013-10-10 11:00:00,124.76,124.89,124.49,124.59,23935
2013-10-10 11:15:00,124.6,124.6,124.0903,124.26,21406
2013-10-10 11:30:00,124.22,124.66,124.22,124.55,19349
2013-10-10 11:45:00,124.58,125.04,124.5,124.96,14975
2013-10-10 12:00:00,125.01,125.08,124.88,125.0,41325
2013-10-10 12:15:00,125.0,125.14399999999999,124.88,125.05,68935
2013-10-10 12:30:00,125.18,125.34,125.18,125.31,15487
2013-10-10 12:45:00,125.32,125.495,125.31,125.42,7106
2013-10-10 13:00:00,125.42,125.525,125.32,125.32,4628
2013-10-10 13:15:00,125.28,125.59,125.26,125.54,5830
2013-10-10 13:30:00,125.52,125.55,125.37,125.53,4938
2013-10-10 13:45:00,125.51,125.59,125.31,125.32,34774
2013-10-10 14:00:00,125.36,125.57,125.27,125.49,9334
2013-10-10 14:15:00,125.43,125.43,125.16,125.24,7000
2013-10-10 14:30:00,125.23,125.37,125.08,125.34,8476
2013-10-10 14:45:00,125.3,125.53,125.19,125.52,10100
2013-10-10 15:00:00,125.57,125.68,125.47,125.68,11551
2013-10-10 15:15:00,125.64,126.04,125.58,126.0,22395
2013-10-10 15:30:00,126.02,126.15,125.895,126.0412,30124
2013-10-10 15:45:00,126.07,126.13,125.95,126.07,56008
2013-10-10 16:00:00,126.04,126.12,125.75,125.9,60448
2013-10-11 09:45:00,126.07,126.61,126.0,126.33,38567
2013-10-11 10:00:00,126.45,126.58,126.26,126.57,8638
2013-10-11 10:15:00,126.65,126.795,126.41,126.7,43646
2013-10-11 10:30:00,126.69,127.3,126.67,127.22,182330
2013-10-11 10:45:00,127.22,127.22,126.8,126.945,18050
2013-10-11 11:00:00,126.89,127.09,126.84,127.09,10261
2013-10-11 11:15:00,127.085,127.15,126.935,127.0,24055
2013-10-11 11:30:00,126.99,127.3,126.86,127.03,18819
2013-10-11 11:45:00,127.04,127.43,127.04,127.41,10998
2013-10-11 12:00:00,127.47,127.58,127.4,127.55,25892
2013-10-11 12:15:00,127.54,127.68,127.45,127.66,19002
2013-10-11 12:30:00,127.63,127.77,127.59,127.646,9409
2013-10-11 12:45:00,127.62,127.7,127.5,127.5,16292
2013-10-11 13:00:00,127.47,127.77,127.42,127.77,10409
2013-10-11 13:15:00,127.7801,127.82,127.69,127.81,11791
2013-10-11 13:30:00,127.815,127.815,127.44,127.5,13363
2013-10-11 13:45:00,127.5,127.69,127.36,127.3671,12393
2013-10-11 14:00:00,127.39,127.44,127.17,127.251,22444
2013-10-11 14:15:00,127.255,127.28,127.15,127.16,21722
2013-10-11 14:30:00,127.16,127.32,127.13,127.3,28420
2013-10-11 14:45:00,127.31,127.352,127.22399999999999,127.26,14296
2013-10-11 15:00:00,127.27,127.58,127.26,127.515,16029
2013-10-11 15:15:00,127.55,127.91,127.55,127.78,42965
2013-10-11 15:30:00,127.76,127.94,127.69,127.75,46321
2013-10-11 15:45:00,127.765,127.93,127.7,127.93,113582
2013-10-11 16:00:00,127.92,128.21,127.77,128.19,130524
2013-10-14 09:45:00,127.5,128.39,127.23,127.74,23823
2013-10-14 10:00:00,127.765,128.23,127.73,127.985,9600
2013-10-14 10:15:00,128.08,128.15,127.7,127.81,14250
2013-10-14 10:30:00,127.7216,127.99,127.69,127.94,6874
2013-10-14 10:45:00,127.8,127.9,127.385,127.45,20194
2013-10-14 11:00:00,127.37,127.6,127.31,127.54,7451
2013-10-14 11:15:00,127.5,127.96,127.5,127.96,7600
2013-10-14 11:30:00,127.95,128.055,127.82,127.89,5950
2013-10-14 11:45:00,127.95,128.24,127.8924,128.145,4902
2013-10-14 12:00:00,128.14,128.9,128.14,128.9,12353
2013-10-14 12:15:00,128.85,128.89,128.57,128.642,12702
2013-10-14 12:30:00,128.65,128.68,128.51,128.68,5850
2013-10-14 12:45:00,128.63,128.99,128.63,128.77,7925
2013-10-14 13:00:00,128.754,128.8488,128.64,128.8488,9000
2013-10-14 13:15:00,128.793,129.15,128.77,129.13,11985
2013-10-14 13:30:00,129.1,129.13,128.77,128.88,6077
2013-10-14 13:45:00,128.9,128.96,128.745,128.96,8600
2013-10-14 14:00:00,128.94,128.96,128.81,128.94,6000
2013-10-14 14:15:00,128.87,129.24,128.85,128.96,14864
2013-10-14 14:30:00,128.981,129.24,128.96,128.9725,9300
2013-10-14 14:45:00,128.985,129.18,128.79,128.89,12400
2013-10-14 15:00:00,128.93,129.01,128.85,128.93,6135
2013-10-14 15:15:00,128.92,129.24,128.81,129.13,22392
2013-10-14 15:30:00,129.09,129.111,128.85,129.0,11750
2013-10-14 15:45:00,129.002,129.16,128.96,129.13,12172
2013-10-14 16:00:00,129.12,129.2,128.89,129.11,65720
2013-10-15 09:45:00,129.49,129.98,128.87,128.96,60794
2013-10-15 10:00:00,128.944,129.2664,128.75,128.75,50811
2013-10-15 10:15:00,128.8,129.0,128.54,128.908,14939
2013-10-15 10:30:00,128.88,129.046,128.735,128.83,25409
2013-10-15 10:45:00,128.8,128.86,128.5498,128.61,7755
2013-10-15 11:00:00,128.62,128.63,128.395,128.6299,18954
2013-10-15 11:15:00,128.63,129.18,128.53,129.05,14547
2013-10-15 11:30:00,129.04,129.28,128.87,129.1,17395
2013-10-15 11:45:00,129.145,129.3,129.06,129.225,13454
2013-10-15 12:00:00,129.22,129.71,129.15,129.68,25814
2013-10-15 12:15:00,129.63,129.7,129.35,129.519,18943
2013-10-15 12:30:00,129.465,129.509,129.278,129.509,11424
2013-10-15 12:45:00,129.41,129.44,129.16,129.29,6952
2013-10-15 13:00:00,129.37,129.37,129.14,129.18,7300
2013-10-15 13:15:00,129.18,129.4,129.095,129.4,10129
2013-10-15 13:30:00,129.32,129.33,128.98,128.98,5557
2013-10-15 13:45:00,128.95,129.189,128.91,129.08,7343
2013-10-15 14:00:00,129.105,129.14,129.04,129.07,4460
2013-10-15 14:15:00,129.095,129.3,129.0462,129.0462,11002
2013-10-15 14:30:00,129.02,129.2375,128.84,128.8597,12606
2013-10-15 14:45:00,128.835,129.0,128.63,128.78,35823
2013-10-15 15:00:00,128.74,129.03,128.57,128.97,31198
2013-10-15 15:15:00,129.01,129.312,128.9,129.25,18951
2013-10-15 15:30:00,129.205,129.3275,129.09,129.31,21464
2013-10-15 15:45:00,129.3,129.33,128.92,129.0,54518
2013-10-15 16:00:00,128.96,129.21,128.93200000000002,129.08,67132
2013-10-16 09:45:00,131.14,132.2199,130.81,130.97,148081
2013-10-16 10:00:00,131.14,131.65,130.43,131.42,64364
2013-10-16 10:15:00,131.42,131.93,131.42,131.77,87715
2013-10-16 10:30:00,131.79,132.15,131.68,131.75,23821
2013-10-16 10:45:00,131.785,131.81,131.14,131.25,23528
2013-10-16 11:00:00,131.25,131.69,131.225,131.53,27136
2013-10-16 11:15:00,131.5,131.68,131.48,131.625,16188
2013-10-16 11:30:00,131.58,131.66,131.2201,131.28,14194
2013-10-16 11:45:00,131.27,131.36,131.1105,131.36,24954
2013-10-16 12:00:00,131.3445,131.57,131.33,131.52,27723
2013-10-16 12:15:00,131.46,131.53,131.44,131.465,14579
2013-10-16 12:30:00,131.42,131.62,131.34,131.56,51459
2013-10-16 12:45:00,131.51,131.75,131.5,131.69,21525
2013-10-16 13:00:00,131.64,131.72,131.6,131.65,9333
2013-10-16 13:15:00,131.66,131.94,131.66,131.83,15494
2013-10-16 13:30:00,131.8,132.2,131.71,132.095,16201
2013-10-16 13:45:00,132.08,132.44,132.015,132.44,16624
2013-10-16 14:00:00,132.42,132.5,132.1,132.29,25002
2013-10-16 14:15:00,132.3,132.5,132.3,132.42,24534
2013-10-16 14:30:00,132.44,132.5,132.14,132.175,30973
2013-10-16 14:45:00,132.17,132.3499,132.11,132.29,16551
2013-10-16 15:00:00,132.34,132.54,132.34,132.46,28947
2013-10-16 15:15:00,132.44,132.5,132.32,132.41,34707
2013-10-16 15:30:00,132.39,132.5,132.31,132.33,43411
2013-10-16 15:45:00,132.325,132.37,132.1,132.1,57711
2013-10-16 16:00:00,132.12,132.26,131.89,132.22,134623
2013-10-17 09:45:00,132.07,132.18,131.62,131.99,38493
2013-10-17 10:00:00,132.1,132.19,131.81,131.922,20526
2013-10-17 10:15:00,132.02,132.378,131.84,132.32,12764
2013-10-17 10:30:00,132.39,132.5,132.21,132.4,30759
2013-10-17 10:45:00,132.42,132.56,132.38,132.5,15859
2013-10-17 11:00:00,132.5,132.96,132.465,132.94,13354
2013-10-17 11:15:00,132.91,133.54,132.91,133.53,34444
2013-10-17 11:30:00,133.46,133.46,133.15,133.292,40170
2013-10-17 11:45:00,133.326,133.36,133.16,133.31,22780
2013-10-17 12:00:00,133.31,133.72,133.25,133.59,30970
2013-10-17 12:15:00,133.59,134.13,133.52,134.09,35753
2013-10-17 12:30:00,134.16,134.4499,134.11,134.35,33987
2013-10-17 12:45:00,134.42,134.9299,134.37,134.71,43516
2013-10-17 13:00:00,134.69,134.98,134.645,134.93,21532
2013-10-17 13:15:00,134.95,135.0,134.72,134.98,47284
2013-10-17 13:30:00,134.98,135.49,134.8601,135.34,58887
2013-10-17 13:45:00,135.36,135.56,135.27,135.49,45910
2013-10-17 14:00:00,135.53,135.62,135.204,135.255,36205
2013-10-17 14:15:00,135.19,135.5998,135.18,135.43,36461
2013-10-17 14:30:00,135.42,135.44,135.11,135.122,27220
2013-10-17 14:45:00,135.12,135.46,135.12,135.16,36494
2013-10-17 15:00:00,135.13,135.32,135.02,135.175,32664
2013-10-17 15:15:00,135.175,135.27,134.94,135.2699,36937
2013-10-17 15:30:00,135.18,135.27,135.04,135.04,38979
2013-10-17 15:45:00,135.03,135.22,135.01,135.22,45294
2013-10-17 16:00:00,135.22,135.47,134.97,135.29,142797
2013-10-18 09:45:00,135.56,135.56,133.57,133.96,178060
2013-10-18 10:00:00,133.8,134.44,133.59,134.39,68894
2013-10-18 10:15:00,134.36,134.53,133.95,133.99,35631
2013-10-18 10:30:00,133.98,134.08,133.5,133.515,31929
2013-10-18 10:45:00,133.515,133.59,133.17,133.452,58492
2013-10-18 11:00:00,133.57,133.77,133.35,133.54,37058
2013-10-18 11:15:00,133.515,134.2,133.345,134.06,40277
2013-10-18 11:30:00,134.06,134.14,133.45,133.55,38514
2013-10-18 11:45:00,133.58,133.58,133.3,133.38,16425
2013-10-18 12:00:00,133.42,133.42,132.95,133.0,27667
2013-10-18 12:15:00,133.01,133.39,132.97,133.365,13167
2013-10-18 12:30:00,133.39,133.4,133.2,133.235,15896
2013-10-18 12:45:00,133.235,133.67,133.235,133.67,15750
2013-10-18 13:00:00,133.64,133.75,133.55,133.58100000000002,9842
2013-10-18 13:15:00,133.54,133.64,133.43,133.48,24897
2013-10-18 13:30:00,133.5,133.58,133.48,133.53,21117
2013-10-18 13:45:00,133.515,133.55,133.1,133.36,48995
2013-10-18 14:00:00,133.41,133.55,133.39,133.4575,16194
2013-10-18 14:15:00,133.46,133.54,133.36,133.53,13276
2013-10-18 14:30:00,133.52,133.64,133.42,133.48,22905
2013-10-18 14:45:00,133.48,133.53,133.34,133.41,32175
2013-10-18 15:00:00,133.41,133.48,133.36,133.4,25892
2013-10-18 15:15:00,133.39,133.5,133.39,133.45,36854
2013-10-18 15:30:00,133.44,133.48,133.35,133.36,33588
2013-10-18 15:45:00,133.38,133.61,133.25,133.6,30353
2013-10-18 16:00:00,133.57,133.97,133.56,133.93,63390
2013-10-21 09:45:00,132.71,134.22,131.2,134.16,57455
2013-10-21 10:00:00,134.15,134.38,133.83,134.314,24804
2013-10-21 10:15:00,134.37,134.37,133.634,133.74,26766
2013-10-21 10:30:00,133.634,133.74,133.23,133.31,24076
2013-10-21 10:45:00,133.29,133.39,133.11,133.11,20639
2013-10-21 11:00:00,133.1496,133.37,133.08,133.285,13541
2013-10-21 11:15:00,133.265,133.49,133.26,133.49,20929
2013-10-21 11:30:00,133.47,133.6699,133.46,133.61,10431
2013-10-21 11:45:00,133.65,133.68,133.33,133.41,11225
2013-10-21 12:00:00,133.42,133.76,133.37,133.7275,10076
2013-10-21 12:15:00,133.73,134.03,133.73,133.92,11256
2013-10-21 12:30:00,133.91,134.28,133.89,134.25,9600
2013-10-21 12:45:00,134.27,134.28,134.07,134.15,19555
2013-10-21 13:00:00,134.15,134.29,134.05,134.28,9460
2013-10-21 13:15:00,134.27,134.3,134.18,134.23,8940
2013-10-21 13:30:00,134.25,134.29,134.11,134.115,11747
2013-10-21 13:45:00,134.11,134.27,134.09,134.21,19664
2013-10-21 14:00:00,134.22,134.26,134.072,134.15,18430
2013-10-21 14:15:00,134.08,134.28,133.961,134.28,24927
2013-10-21 14:30:00,134.23,134.27,134.13,134.27,41470
2013-10-21 14:45:00,134.27,134.59,134.22,134.37,37572
2013-10-21 15:00:00,134.38,134.71,134.365,134.5,38221
2013-10-21 15:15:00,134.5,134.5399,134.35,134.49,28881
2013-10-21 15:30:00,134.49,134.56,134.45,134.5,16034
2013-10-21 15:45:00,134.49,134.68,134.49,134.6,27869
2013-10-21 16:00:00,134.59,134.78,134.57,134.74,65089
2013-10-22 09:45:00,135.15,135.35,134.8,135.08,34279
2013-10-22 10:00:00,135.0101,135.145,134.74,134.78,43161
2013-10-22 10:15:00,134.77,135.25,134.61,135.25,21139
2013-10-22 10:30:00,135.21,135.22799999999998,134.65,134.76,21928
2013-10-22 10:45:00,134.76,134.81,134.095,134.1299,23899
2013-10-22 11:00:00,134.1,134.13,133.78,134.04,29434
2013-10-22 11:15:00,134.115,134.27,133.93,133.99,24376
2013-10-22 11:30:00,134.03,134.2,133.785,133.9,24300
2013-10-22 11:45:00,133.87,134.22,133.65,134.08,26511
2013-10-22 12:00:00,134.07,134.29,134.055,134.25,21844
2013-10-22 12:15:00,134.27,134.27,133.94,133.94,12013
2013-10-22 12:30:00,133.88,133.95,133.54,133.5575,17478
2013-10-22 12:45:00,133.54,133.61,133.46,133.55,5685
2013-10-22 13:00:00,133.592,133.73,133.465,133.53,11271
2013-10-22 13:15:00,133.52,133.89,133.52,133.88,6185
2013-10-22 13:30:00,133.85,134.07,133.85,134.02,3726
2013-10-22 13:45:00,134.01,134.12,133.9,134.1,5052
2013-10-22 14:00:00,134.07,134.24,134.0,134.2003,6068
2013-10-22 14:15:00,134.16,134.4499,134.14,134.19,13546
2013-10-22 14:30:00,134.14,134.47,133.92,133.98,19453
2013-10-22 14:45:00,133.96,134.15,133.96,134.07,9105
2013-10-22 15:00:00,134.11,134.35,134.1,134.16,12576
2013-10-22 15:15:00,134.16,134.47,134.16,134.33,15695
2013-10-22 15:30:00,134.325,134.325,134.14,134.15,20965
2013-10-22 15:45:00,134.12,134.16,133.98,134.08,20209
2013-10-22 16:00:00,134.08,134.09,133.68,133.78,50422
2013-10-23 09:45:00,133.28,134.34,133.1,133.72,29625
2013-10-23 10:00:00,133.91,134.082,133.05,133.28,27173
2013-10-23 10:15:00,133.27,133.59,133.01,133.585,18820
2013-10-23 10:30:00,133.64,133.78,132.681,132.681,21584
2013-10-23 10:45:00,132.76,132.825,132.38,132.38,20643
2013-10-23 11:00:00,132.41,132.72,131.9,132.61,47789
2013-10-23 11:15:00,132.7,132.72,132.1,132.16,12246
2013-10-23 11:30:00,132.1,132.65,132.08,132.5,14068
2013-10-23 11:45:00,132.56,132.69,132.44,132.44,24626
2013-10-23 12:00:00,132.54,132.62,132.33,132.5,20967
2013-10-23 12:15:00,132.46,132.58,132.39,132.48,8626
2013-10-23 12:30:00,132.51,132.64,132.3401,132.3401,12041
2013-10-23 12:45:00,132.405,132.45,132.29,132.29,11900
2013-10-23 13:00:00,132.34,132.49,132.22,132.415,17604
2013-10-23 13:15:00,132.43,132.45,132.16,132.21,9856
2013-10-23 13:30:00,132.235,132.49,132.19,132.48,30489
2013-10-23 13:45:00,132.4,132.49,132.1,132.31,34732
2013-10-23 14:00:00,132.31,132.64,132.29,132.54,50341
2013-10-23 14:15:00,132.53,133.16,132.52,133.11,62149
2013-10-23 14:30:00,133.07,133.34,132.47,132.63,89313
2013-10-23 14:45:00,132.51,132.87,132.41,132.82,53758
2013-10-23 15:00:00,132.85,133.32,132.78,133.0601,56999
2013-10-23 15:15:00,133.06,133.86,133.0,133.69,50142
2013-10-23 15:30:00,133.72,133.9,133.65,133.84,48990
2013-10-23 15:45:00,133.88,134.08,133.87,134.06,69952
2013-10-23 16:00:00,134.04,134.56,133.89,134.43,141257
2013-10-24 09:45:00,125.8,127.2,123.35,123.555,514190
2013-10-24 10:00:00,123.45,125.0,122.75,124.79,311027
2013-10-24 10:15:00,124.79,124.99,124.15,124.79,232113
2013-10-24 10:30:00,124.7,125.36,124.55,125.155,241671
2013-10-24 10:45:00,125.31,125.32,124.6,124.75,132562
2013-10-24 11:00:00,124.81,125.02,124.63,124.76,82219
2013-10-24 11:15:00,124.74,126.15,124.709,125.335,139896
2013-10-24 11:30:00,125.22,126.1,125.1212,125.775,108538
2013-10-24 11:45:00,125.84,125.88,124.61,124.845,155157
2013-10-24 12:00:00,124.845,125.09,124.75,125.0,121170
2013-10-24 12:15:00,125.01,125.15,124.51,124.62,128736
2013-10-24 12:30:00,124.63,125.0,124.57,124.9,50058
2013-10-24 12:45:00,124.9,124.94,124.71,124.78,45653
2013-10-24 13:00:00,124.77,125.14,124.6838,124.91,43321
2013-10-24 13:15:00,124.95,124.98,124.65,124.72,25468
2013-10-24 13:30:00,124.7,125.1,124.59,124.94,58327
2013-10-24 13:45:00,124.95,125.06,124.77,124.99,43053
2013-10-24 14:00:00,124.99,125.02,124.88,124.96,34500
2013-10-24 14:15:00,124.98,125.2,124.95,125.0,81460
2013-10-24 14:30:00,125.0,125.76,124.96,125.55,74950
2013-10-24 14:45:00,125.57,125.62,124.88,125.04,77668
2013-10-24 15:00:00,125.03,125.1,124.81,125.0,84747
2013-10-24 15:15:00,124.99,125.1,124.93,125.1,110212
2013-10-24 15:30:00,125.109,125.38,124.85,125.0499,101398
2013-10-24 15:45:00,125.05,125.1,124.765,125.0,86215
2013-10-24 16:00:00,124.99,125.24,124.97,125.05,132087
2013-10-25 09:45:00,126.97,126.97,125.44,125.785,75365
2013-10-25 10:00:00,125.91,126.08,125.08200000000001,125.48,54918
2013-10-25 10:15:00,125.48,125.64,124.564,124.7999,54489
2013-10-25 10:30:00,124.755,124.7899,124.44,124.46,122512
2013-10-25 10:45:00,124.55,125.27,124.48700000000001,125.22,148478
2013-10-25 11:00:00,125.22,125.9,125.22,125.87,36605
2013-10-25 11:15:00,125.82,125.875,125.47,125.61,29376
2013-10-25 11:30:00,125.605,125.85,125.53,125.85,29609
2013-10-25 11:45:00,125.89,126.04,125.47,125.54,23011
2013-10-25 12:00:00,125.525,125.59,125.1507,125.17,18455
2013-10-25 12:15:00,125.18,125.18,125.0,125.0,17265
2013-10-25 12:30:00,125.0,125.24,124.935,125.24,23826
2013-10-25 12:45:00,125.29,125.36,125.19,125.32,15500
2013-10-25 13:00:00,125.32,125.44,125.28,125.29,18198
2013-10-25 13:15:00,125.32,125.4,125.05,125.05,17668
2013-10-25 13:30:00,125.03,125.08,124.64,124.71,32336
2013-10-25 13:45:00,124.71,124.72,124.51,124.58,51872
2013-10-25 14:00:00,124.58,124.962,124.53,124.962,26206
2013-10-25 14:15:00,124.94,125.07,124.86,124.96,23924
2013-10-25 14:30:00,124.99,125.02,124.88,124.96,21542
2013-10-25 14:45:00,124.97,125.02,124.84,125.0,29476
2013-10-25 15:00:00,125.0,125.11,124.96,125.085,24770
2013-10-25 15:15:00,125.1,125.12,124.88,124.88,34352
2013-10-25 15:30:00,124.89,125.03,124.87,125.03,27198
2013-10-25 15:45:00,125.025,125.44,125.0,125.44,44694
2013-10-25 16:00:00,125.44,125.86,125.33,125.86,162760
2013-10-28 09:45:00,125.74,126.39,125.23,125.74,30125
2013-10-28 10:00:00,125.81700000000001,125.85,125.46,125.46,24323
2013-10-28 10:15:00,125.49,125.745,125.43,125.585,19098
2013-10-28 10:30:00,125.55,125.68,125.19,125.19,24003
2013-10-28 10:45:00,125.16,125.365,125.01,125.19,14678
2013-10-28 11:00:00,125.21,125.24,124.67,124.875,14004
2013-10-28 11:15:00,124.78,125.01,124.71,125.01,14295
2013-10-28 11:30:00,124.95,125.03,124.8,125.0,14905
2013-10-28 11:45:00,125.0,125.06,124.82,124.9795,21042
2013-10-28 12:00:00,125.03,125.17,124.7901,125.15,29755
2013-10-28 12:15:00,125.13,125.46,125.05,125.346,14733
2013-10-28 12:30:00,125.33,125.34,124.99,124.99,14560
2013-10-28 12:45:00,125.02,125.085,124.97,125.01,6045
2013-10-28 13:00:00,125.04,125.09,124.96,125.0,13347
2013-10-28 13:15:00,125.06,125.07,124.99,125.04,9732
2013-10-28 13:30:00,125.03,125.04,124.87,124.94,11516
2013-10-28 13:45:00,124.86,124.95,124.735,124.74,22004
2013-10-28 14:00:00,124.82,124.82,124.42,124.5,50594
2013-10-28 14:15:00,124.53,124.53,124.15,124.2,41030
2013-10-28 14:30:00,124.215,124.26,123.96,123.98,84418
2013-10-28 14:45:00,124.005,124.1,123.9,124.1,30416
2013-10-28 15:00:00,124.13,124.46,124.13,124.44,28645
2013-10-28 15:15:00,124.43,124.43,123.92,123.92,25614
2013-10-28 15:30:00,123.945,123.96,123.78,123.88,38064
2013-10-28 15:45:00,123.88,123.88,123.6577,123.6577,62955
2013-10-28 16:00:00,123.65,123.76,123.52,123.71,132039
2013-10-29 09:45:00,124.0,124.65,123.9,124.03,39458
2013-10-29 10:00:00,124.13,124.18,123.72,123.72,34163
2013-10-29 10:15:00,123.82,124.08,123.71,123.975,35662
2013-10-29 10:30:00,124.0,124.26,123.74,123.84,65090
2013-10-29 10:45:00,123.99,124.15,123.89200000000001,123.94,31398
2013-10-29 11:00:00,123.93,124.03,123.39,123.5,24918
2013-10-29 11:15:00,123.48,123.9099,123.4,123.86,29580
2013-10-29 11:30:00,123.89,124.14,123.84,124.05,43396
2013-10-29 11:45:00,124.05,124.13,123.82,123.87,37091
2013-10-29 12:00:00,123.86,124.03,123.72,124.03,19680
2013-10-29 12:15:00,124.01,124.17,123.94,123.99,26722
2013-10-29 12:30:00,123.99,124.16,123.895,124.16,32566
2013-10-29 12:45:00,124.18,124.2,123.92,123.94,39479
2013-10-29 13:00:00,123.96,124.12,123.94,123.94,17855
2013-10-29 13:15:00,123.96,123.97,123.74,123.89,23291
2013-10-29 13:30:00,123.87,123.92,123.68,123.68,11600
2013-10-29 13:45:00,123.75,124.04,123.75,124.04,31608
2013-10-29 14:00:00,124.05,124.14,123.97,124.11,22290
2013-10-29 14:15:00,124.1,124.14,123.99,124.0599,19906
2013-10-29 14:30:00,124.0496,124.1499,123.99,124.1499,20318
2013-10-29 14:45:00,124.11,124.18,123.95,123.95,37178
2013-10-29 15:00:00,123.95,124.16,123.94,124.0,80637
2013-10-29 15:15:00,124.01,124.16,123.99,124.02,24847
2013-10-29 15:30:00,124.02,124.06,123.77,123.78,35837
2013-10-29 15:45:00,123.8,124.03,123.7,124.01,43121
2013-10-29 16:00:00,124.02,124.085,123.96,124.055,105796
2013-10-30 09:45:00,124.36,124.55,123.84,124.37799999999999,51350
2013-10-30 10:00:00,124.35,124.568,124.05,124.125,51120
2013-10-30 10:15:00,124.09,124.4176,124.01,124.35,38484
2013-10-30 10:30:00,124.35,124.38,124.04,124.04,35158
2013-10-30 10:45:00,124.0555,124.3,123.95200000000001,124.3,22050
2013-10-30 11:00:00,124.26,124.28,124.03,124.27799999999999,21536
2013-10-30 11:15:00,124.27,124.41,124.08,124.135,38382
2013-10-30 11:30:00,124.19,124.19,123.95,124.05,18063
2013-10-30 11:45:00,124.031,124.17,124.01,124.07,13040
2013-10-30 12:00:00,124.04,124.05,123.82,123.83,23331
2013-10-30 12:15:00,123.83,123.995,123.7,123.995,30258
2013-10-30 12:30:00,123.99,123.99,123.64,123.69,78139
2013-10-30 12:45:00,123.75,124.0,123.75,123.96,16774
2013-10-30 13:00:00,124.03,124.64,124.0,124.31,65930
2013-10-30 13:15:00,124.35,124.65,124.27,124.6,28008
2013-10-30 13:30:00,124.54,124.64,124.42,124.56,13907
2013-10-30 13:45:00,124.51,124.53,124.15,124.2525,20858
2013-10-30 14:00:00,124.24,124.24,124.09,124.13,9000
2013-10-30 14:15:00,124.21,124.66,123.85,124.12,46832
2013-10-30 14:30:00,124.12,124.13,123.51,123.77,53685
2013-10-30 14:45:00,123.78,124.02,123.64,123.88,31926
2013-10-30 15:00:00,123.835,124.1793,123.835,124.1699,43475
2013-10-30 15:15:00,124.135,124.23,123.85,123.89,36019
2013-10-30 15:30:00,123.92,124.27,123.92,124.26,27461
2013-10-30 15:45:00,124.26,124.314,124.12,124.29,38687
2013-10-30 16:00:00,124.3,124.3,123.89,123.975,88184
2013-10-31 09:45:00,124.17,124.59,123.51,124.5,19640
2013-10-31 10:00:00,124.57,124.69,123.89,124.27,18381
2013-10-31 10:15:00,124.36,124.51,124.01,124.51,18158
2013-10-31 10:30:00,124.42,124.69,124.27,124.61,18885
2013-10-31 10:45:00,124.624,124.8,124.1,124.465,24657
2013-10-31 11:00:00,124.47,124.59,124.06,124.14,21642
2013-10-31 11:15:00,124.2,124.35,124.09,124.12,27762
2013-10-31 11:30:00,124.16,124.25,124.0,124.24,23936
2013-10-31 11:45:00,124.23,124.49,124.14,124.19,22590
2013-10-31 12:00:00,124.165,124.1788,123.97,124.04,27371
2013-10-31 12:15:00,124.0,124.06,123.928,123.95,35165
2013-10-31 12:30:00,123.96,124.03,123.92,123.98,25114
2013-10-31 12:45:00,123.98,124.16,123.93799999999999,124.16,14739
2013-10-31 13:00:00,124.13,124.13,123.95,124.01,10539
2013-10-31 13:15:00,123.99,124.05,123.98,124.01,7650
2013-10-31 13:30:00,124.04,124.095,123.93,124.07,12551
2013-10-31 13:45:00,124.07,124.14,123.84,124.12,14992
2013-10-31 14:00:00,124.13,124.16,123.98,124.01,17280
2013-10-31 14:15:00,124.0,124.1,123.98,124.085,17690
2013-10-31 14:30:00,124.08,124.31,124.08,124.23,10294
2013-10-31 14:45:00,124.21,124.34,124.05,124.12,13810
2013-10-31 15:00:00,124.1,124.13,124.01,124.045,17902
2013-10-31 15:15:00,124.045,124.2,124.0,124.2,22404
2013-10-31 15:30:00,124.22,124.34,124.15,124.16,25084
2013-10-31 15:45:00,124.14,124.22,124.1,124.1,21809
2013-10-31 16:00:00,124.1,124.14,123.77,123.81,99642
2013-11-01 09:45:00,124.76,124.86,123.96,124.6201,32504
2013-11-01 10:00:00,124.655,124.72,124.35,124.46,22917
2013-11-01 10:15:00,124.36,124.82,124.28,124.49,36620
2013-11-01 10:30:00,124.525,124.525,124.21,124.24,25274
2013-11-01 10:45:00,124.13,124.37799999999999,124.05,124.27,14721
2013-11-01 11:00:00,124.2301,124.305,123.94,123.9675,5052
2013-11-01 11:15:00,124.01,124.02,123.6,123.6,34541
2013-11-01 11:30:00,123.6,124.21,123.57,124.21,50550
2013-11-01 11:45:00,124.18,124.255,124.11,124.24,10066
2013-11-01 12:00:00,124.18,124.27,124.03,124.105,7520
2013-11-01 12:15:00,124.01,124.18,124.01,124.06,5985
2013-11-01 12:30:00,124.06,124.22,123.97,124.19,15222
2013-11-01 12:45:00,124.21,124.24,124.135,124.24,4016
2013-11-01 13:00:00,124.27,124.37,124.05,124.08,5019
2013-11-01 13:15:00,124.09,124.15,124.0,124.04,7582
2013-11-01 13:30:00,124.03,124.12,123.95,124.03,15890
2013-11-01 13:45:00,124.03,124.2275,123.96,124.1,5800
2013-11-01 14:00:00,124.0712,124.13,124.02,124.03,3800
2013-11-01 14:15:00,124.065,124.125,123.94,124.125,11979
2013-11-01 14:30:00,124.12,124.41,124.1,124.33,15646
2013-11-01 14:45:00,124.32,124.44,124.15,124.35,10229
2013-11-01 15:00:00,124.34,124.43,124.19200000000001,124.32,16681
2013-11-01 15:15:00,124.2952,124.49,124.2952,124.44,17209
2013-11-01 15:30:00,124.51,124.51,124.27,124.33,11406
2013-11-01 15:45:00,124.28,124.412,124.25,124.32,19432
2013-11-01 16:00:00,124.35,124.51,124.23,124.23,77689
2013-11-04 09:45:00,124.28,124.92,123.9,124.21,36736
2013-11-04 10:00:00,124.22,124.41,123.99,124.23,15201
2013-11-04 10:15:00,124.3,124.42,123.96,124.27,23345
2013-11-04 10:30:00,124.21,124.42,124.07,124.41,5524
2013-11-04 10:45:00,124.38,124.64,124.38,124.64,5914
2013-11-04 11:00:00,124.65,124.76,124.4,124.57,19073
2013-11-04 11:15:00,124.5,124.66,124.42,124.6,6450
2013-11-04 11:30:00,124.65,124.81,124.57,124.81,5860
2013-11-04 11:45:00,124.79,125.1,124.79,125.1,12062
2013-11-04 12:00:00,125.13,125.405,125.08,125.37,11760
2013-11-04 12:15:00,125.34,125.55,125.21,125.55,15976
2013-11-04 12:30:00,125.545,125.67,125.51,125.635,10502
2013-11-04 12:45:00,125.635,125.635,125.42,125.55,6340
2013-11-04 13:00:00,125.53,125.5425,125.15,125.225,6800
2013-11-04 13:15:00,125.14,125.22,124.47,124.52,15452
2013-11-04 13:30:00,124.5,124.7,124.5,124.57,17674
2013-11-04 13:45:00,124.6,124.6,124.47,124.6,3898
2013-11-04 14:00:00,124.65,124.65,124.39399999999999,124.49,9254
2013-11-04 14:15:00,124.5,124.5,124.23,124.41,17582
2013-11-04 14:30:00,124.38,124.38,124.28,124.36,9747
2013-11-04 14:45:00,124.35,124.35,124.17,124.22,13768
2013-11-04 15:00:00,124.21,124.22,124.0,124.06,42422
2013-11-04 15:15:00,124.06,124.08,124.0,124.01,27287
2013-11-04 15:30:00,124.01,124.05,123.89,123.91,86475
2013-11-04 15:45:00,123.92,124.28,123.92,124.21,33228
2013-11-04 16:00:00,124.22,124.32,124.19,124.24,38458
2013-11-05 09:45:00,123.98,124.48,123.53,123.955,37964
2013-11-05 10:00:00,123.81,124.0,123.64,124.0,24845
2013-11-05 10:15:00,123.81,124.325,123.75,124.09,26048
2013-11-05 10:30:00,124.00399999999999,124.41,124.00399999999999,124.4,28107
2013-11-05 10:45:00,124.34,124.545,124.18,124.54,13150
2013-11-05 11:00:00,124.46,124.985,124.41,124.92,9949
2013-11-05 11:15:00,124.84,125.22,124.81,125.15,22635
2013-11-05 11:30:00,125.16,125.31,125.03,125.1,8300
2013-11-05 11:45:00,125.03,125.03,124.66,124.85,34956
2013-11-05 12:00:00,124.82799999999999,124.86,124.56,124.69,54152
2013-11-05 12:15:00,124.63,124.915,124.63,124.87,11117
2013-11-05 12:30:00,124.82,124.96,124.795,124.88,8770
2013-11-05 12:45:00,124.93,124.93,124.79,124.81,9400
2013-11-05 13:00:00,124.8,124.84,124.69,124.705,7647
2013-11-05 13:15:00,124.69,124.85,124.63,124.67,25244
2013-11-05 13:30:00,124.67,124.77,124.64,124.66,7003
2013-11-05 13:45:00,124.6402,124.72,124.43,124.54,9712
2013-11-05 14:00:00,124.55,124.62,124.33,124.41,6700
2013-11-05 14:15:00,124.35,124.365,124.21,124.215,25615
2013-11-05 14:30:00,124.21,124.265,124.18,124.1866,18742
2013-11-05 14:45:00,124.21,124.28,124.18,124.23,12674
2013-11-05 15:00:00,124.23,124.23,124.03,124.07,19313
2013-11-05 15:15:00,124.09,124.26,124.05,124.18,21476
2013-11-05 15:30:00,124.15,124.37,124.11,124.19,18500
2013-11-05 15:45:00,124.18,124.36,124.17,124.20200000000001,18632
2013-11-05 16:00:00,124.23,124.33,124.09,124.3,67861
2013-11-06 09:45:00,122.73,124.51,122.73,124.11,21436
2013-11-06 10:00:00,124.05,124.89,124.04,124.47,8173
2013-11-06 10:15:00,124.3901,124.44,123.97,124.05,16853
2013-11-06 10:30:00,124.02,124.11,123.87,123.945,46993
2013-11-06 10:45:00,123.935,124.08,123.81,123.99,36378
2013-11-06 11:00:00,123.985,124.0,123.59,123.82,16239
2013-11-06 11:15:00,123.75,124.02,123.68,124.02,28597
2013-11-06 11:30:00,124.0,124.195,123.87,124.12,14492
2013-11-06 11:45:00,124.12,124.17,123.97,124.07,7890
2013-11-06 12:00:00,124.1,124.29,124.09,124.2,6508
2013-11-06 12:15:00,124.17,124.44,124.16,124.38,17782
2013-11-06 12:30:00,124.37,124.49,124.2,124.38,27430
2013-11-06 12:45:00,124.37,124.48,124.32,124.35,5272
2013-11-06 13:00:00,124.35,124.35,123.9,124.0301,25697
2013-11-06 13:15:00,124.09,124.33,124.05,124.33,2445
2013-11-06 13:30:00,124.34,124.59,124.2401,124.59,5336
2013-11-06 13:45:00,124.6,124.6,124.42,124.42,3840
2013-11-06 14:00:00,124.41,124.41,124.26,124.26,6700
2013-11-06 14:15:00,124.25,124.2875,124.21,124.24,10670
2013-11-06 14:30:00,124.23,124.2699,124.09,124.10799999999999,4816
2013-11-06 14:45:00,124.08,124.22,124.08,124.22,4819
2013-11-06 15:00:00,124.24,124.2775,124.15,124.17,3485
2013-11-06 15:15:00,124.15,124.2,123.99,124.0,21585
2013-11-06 15:30:00,124.0,124.17,123.93,124.04,18342
2013-11-06 15:45:00,124.05,124.12,123.99,124.05,16192
2013-11-06 16:00:00,124.05,124.28,124.03,124.28,26243
2013-11-07 09:45:00,124.93,124.93,124.03,124.43,19693
2013-11-07 10:00:00,124.2,124.44,123.86,123.9475,8624
2013-11-07 10:15:00,123.85,124.19,123.85,124.14,24590
2013-11-07 10:30:00,124.15,124.15,123.9,123.9,20590
2013-11-07 10:45:00,123.87,123.89,123.426,123.63799999999999,41440
2013-11-07 11:00:00,123.63,123.69,123.25,123.25,21864
2013-11-07 11:15:00,123.221,123.65,123.1,123.1,29121
2013-11-07 11:30:00,123.1,123.56,123.0,123.49,18140
2013-11-07 11:45:00,123.53,123.73,123.45,123.61,10299
2013-11-07 12:00:00,123.54,123.72,123.54,123.67,7400
2013-11-07 12:15:00,123.645,123.77,123.56,123.56200000000001,9352
2013-11-07 12:30:00,123.63,123.67,123.55,123.6,11334
2013-11-07 12:45:00,123.6,123.61,123.38,123.55,10503
2013-11-07 13:00:00,123.6,123.6,123.47,123.51,13835
2013-11-07 13:15:00,123.53,123.53,123.4,123.46,10668
2013-11-07 13:30:00,123.45,123.5,123.15,123.15,13489
2013-11-07 13:45:00,123.15,123.505,123.15,123.3901,13438
2013-11-07 14:00:00,123.44,123.44,123.21,123.35,14697
2013-11-07 14:15:00,123.35,123.38,123.11,123.24,43916
2013-11-07 14:30:00,123.21,123.39,123.2,123.2,26961
2013-11-07 14:45:00,123.17,123.42,123.01,123.35,23756
2013-11-07 15:00:00,123.35,123.66,123.32,123.5,26576
2013-11-07 15:15:00,123.48,123.59,123.42,123.44,30766
2013-11-07 15:30:00,123.41,123.52,123.29,123.29,38790
2013-11-07 15:45:00,123.33,123.46,123.23,123.4,64661
2013-11-07 16:00:00,123.4,123.54,123.02,123.06,71609
2013-11-08 09:45:00,123.18,123.92,123.18,123.41,27675
2013-11-08 10:00:00,123.415,123.46,122.42,122.47,42843
2013-11-08 10:15:00,122.62,123.12,122.62,122.95,40647
2013-11-08 10:30:00,122.95,123.11,122.88,122.94,28100
2013-11-08 10:45:00,122.93,123.05,122.88,122.945,25396
2013-11-08 11:00:00,123.0,123.13,122.915,122.9813,27266
2013-11-08 11:15:00,123.025,123.09,122.86,122.94,33070
2013-11-08 11:30:00,122.94,123.05,122.94,122.9801,19743
2013-11-08 11:45:00,122.97,123.04,122.85,122.994,23465
2013-11-08 12:00:00,123.0,123.11,122.99,123.03,13970
2013-11-08 12:15:00,123.05,123.39,123.04,123.18,25953
2013-11-08 12:30:00,123.18,123.19,122.93,123.0,16341
2013-11-08 12:45:00,123.0,123.04,122.83,122.83,11401
2013-11-08 13:00:00,122.84,123.17,122.81,123.13,17140
2013-11-08 13:15:00,123.12,123.134,122.95,123.055,15885
2013-11-08 13:30:00,123.08,123.45,123.041,123.45,12462
2013-11-08 13:45:00,123.41,123.425,123.24,123.35,10133
2013-11-08 14:00:00,123.385,123.49,123.21,123.25,11395
2013-11-08 14:15:00,123.3,123.41,123.28,123.38,17052
2013-11-08 14:30:00,123.395,123.5,123.36,123.455,12890
2013-11-08 14:45:00,123.43,123.47,123.27,123.27,15663
2013-11-08 15:00:00,123.27,123.465,123.27,123.45,15393
2013-11-08 15:15:00,123.45,123.45,123.27,123.33,26274
2013-11-08 15:30:00,123.34,123.561,123.34,123.5,25100
2013-11-08 15:45:00,123.5,123.61,123.45,123.59,29821
2013-11-08 16:00:00,123.58,123.61,123.33,123.48,69880
2013-11-11 09:45:00,123.74,124.6,123.27,124.02,25690
2013-11-11 10:00:00,124.03,124.74,124.03,124.18,11812
2013-11-11 10:15:00,124.25,124.34,124.0605,124.19,23691
2013-11-11 10:30:00,124.11,124.24,124.0,124.01,10732
2013-11-11 10:45:00,124.0004,124.17,123.66,123.97,32393
2013-11-11 11:00:00,123.82,124.12,123.78,123.97,14748
2013-11-11 11:15:00,123.9,124.11,123.75,124.07,21050
2013-11-11 11:30:00,124.08,124.1,123.83,123.85,10750
2013-11-11 11:45:00,123.97,124.17,123.8701,124.17,11100
2013-11-11 12:00:00,124.16,124.35,124.08,124.19,11524
2013-11-11 12:15:00,124.08,124.12,123.89,123.96,12439
2013-11-11 12:30:00,123.94,124.11,123.9,123.98,15300
2013-11-11 12:45:00,123.97,124.06,123.92,124.06,6576
2013-11-11 13:00:00,124.03,124.23,123.9201,124.17,10430
2013-11-11 13:15:00,124.23,124.29,124.12,124.12,5202
2013-11-11 13:30:00,124.15,124.35,124.15,124.3,4270
2013-11-11 13:45:00,124.36,124.39,124.28,124.375,5100
2013-11-11 14:00:00,124.345,124.38,124.19,124.22,5079
2013-11-11 14:15:00,124.23,124.25,124.13,124.13,6130
2013-11-11 14:30:00,124.15,124.22,124.04,124.15,14083
2013-11-11 14:45:00,124.18,124.27,124.13,124.17,5444
2013-11-11 15:00:00,124.17,124.2,124.05,124.07,8948
2013-11-11 15:15:00,124.05,124.21,124.05,124.21,9157
2013-11-11 15:30:00,124.19,124.3,124.16,124.21,9792
2013-11-11 15:45:00,124.2001,124.31,124.12,124.182,28749
2013-11-11 16:00:00,124.19,124.3,124.11,124.18,43193
2013-11-12 09:45:00,124.14,124.15,123.54,123.75,26820
2013-11-12 10:00:00,123.86,124.18,123.78,124.05,14222
2013-11-12 10:15:00,123.95,124.17,123.89,124.0,23265
2013-11-12 10:30:00,124.04,124.59,123.97,124.52,16898
2013-11-12 10:45:00,124.55,124.765,124.41,124.61,17378
2013-11-12 11:00:00,124.7,124.87,124.56,124.76,16851
2013-11-12 11:15:00,124.6401,124.97,124.6401,124.91,11631
2013-11-12 11:30:00,124.95,125.01,124.75,125.01,9606
2013-11-12 11:45:00,125.04,125.1,124.53,124.64,9023
2013-11-12 12:00:00,124.6,124.71,124.46,124.66,6348
2013-11-12 12:15:00,124.63,124.7,124.39,124.49,9300
2013-11-12 12:30:00,124.48,124.7,124.37,124.37,9650
2013-11-12 12:45:00,124.33,124.38,124.21,124.34,17395
2013-11-12 13:00:00,124.35,124.44,124.22,124.22,8717
2013-11-12 13:15:00,124.255,124.32,124.2,124.29,8096
2013-11-12 13:30:00,124.32,124.44,124.2225,124.26,11699
2013-11-12 13:45:00,124.27,124.29,123.95,124.03,37913
2013-11-12 14:00:00,123.992,124.13,123.99,124.07,47094
2013-11-12 14:15:00,124.03,124.28,124.03,124.06,11992
2013-11-12 14:30:00,124.05,124.19,123.992,124.08,79817
2013-11-12 14:45:00,124.13,124.22,124.065,124.12,36526
2013-11-12 15:00:00,124.135,124.272,124.09,124.272,12112
2013-11-12 15:15:00,124.28,124.42,124.27,124.29,31742
2013-11-12 15:30:00,124.28,124.35,124.09,124.09,15155
2013-11-12 15:45:00,124.11,124.23,124.1,124.17,22928
2013-11-12 16:00:00,124.15,124.17,123.97,124.02,81227
2013-11-13 09:45:00,123.71,124.59,123.54,124.24,14504
2013-11-13 10:00:00,124.23,124.81,124.22,124.81,11172
2013-11-13 10:15:00,125.0499,125.0499,124.61,124.85,9465
2013-11-13 10:30:00,124.85,125.29,124.71,125.19,15473
2013-11-13 10:45:00,125.27,125.285,124.95,125.0303,20934
2013-11-13 11:00:00,125.1,125.25,124.87,125.25,12192
2013-11-13 11:15:00,125.27,125.27,124.93,125.05,9880
2013-11-13 11:30:00,125.06,125.06,124.6,124.6,10744
2013-11-13 11:45:00,124.67,124.81,124.46,124.46,9328
2013-11-13 12:00:00,124.485,124.64,124.43,124.64,16778
2013-11-13 12:15:00,124.6,124.7,124.57,124.67,19184
2013-11-13 12:30:00,124.72,125.13,124.72,125.13,4700
2013-11-13 12:45:00,125.03,125.23,125.03,125.13,13428
2013-11-13 13:00:00,125.13,125.18,124.8,124.91,31473
2013-11-13 13:15:00,124.93,124.96,124.73,124.78,7826
2013-11-13 13:30:00,124.77,124.85,124.6545,124.85,14498
2013-11-13 13:45:00,124.8045,124.9,124.73,124.77,12027
2013-11-13 14:00:00,124.75,124.86,124.75,124.8,12302
2013-11-13 14:15:00,124.82,124.86,124.65,124.68,11150
2013-11-13 14:30:00,124.68,124.7255,124.56,124.56,21126
2013-11-13 14:45:00,124.56,124.59200000000001,124.49,124.52,12646
2013-11-13 15:00:00,124.56,124.56,124.34,124.36,13983
2013-11-13 15:15:00,124.36,124.49,124.32,124.47,13466
2013-11-13 15:30:00,124.46,124.64,124.46,124.62,10921
2013-11-13 15:45:00,124.62,124.85,124.6,124.81,33190
2013-11-13 16:00:00,124.85,125.24,124.82,125.22,111217
2013-11-14 09:45:00,125.54,125.55,124.93,124.93,14170
2013-11-14 10:00:00,125.04,125.04,124.69,124.77,16851
2013-11-14 10:15:00,124.73,124.78,124.37,124.69,10018
2013-11-14 10:30:00,124.73,124.8,124.3,124.31,17978
2013-11-14 10:45:00,124.2705,124.7,124.2705,124.61,4400
2013-11-14 11:00:00,124.6,124.745,124.54,124.63,5176
2013-11-14 11:15:00,124.65,125.33,124.65,125.26,31272
2013-11-14 11:30:00,125.32,125.51,125.21,125.27,27350
2013-11-14 11:45:00,125.27,125.27,124.99,125.12,6898
2013-11-14 12:00:00,125.15,125.235,125.03,125.03,9425
2013-11-14 12:15:00,125.02,125.25,125.02,125.14,5300
2013-11-14 12:30:00,125.17,125.25,125.06,125.1,10411
2013-11-14 12:45:00,125.18,125.54,125.12,125.5,19651
2013-11-14 13:00:00,125.49,125.53,125.36,125.42,10500
2013-11-14 13:15:00,125.51,125.54,125.41,125.458,10123
2013-11-14 13:30:00,125.458,125.58,125.41,125.48,9187
2013-11-14 13:45:00,125.48,125.59,125.46,125.51,31381
2013-11-14 14:00:00,125.52,125.67,125.52,125.67,3894
2013-11-14 14:15:00,125.7,125.71,125.53,125.54,10300
2013-11-14 14:30:00,125.51,125.61,125.48,125.5,14341
2013-11-14 14:45:00,125.59,125.65,125.51,125.65,4550
2013-11-14 15:00:00,125.64,125.73,125.48,125.48,8900
2013-11-14 15:15:00,125.49,125.67,125.47,125.67,15978
2013-11-14 15:30:00,125.68,125.72,125.58,125.66,11829
2013-11-14 15:45:00,125.67,125.88,125.65,125.87,13857
2013-11-14 16:00:00,125.84,125.89,125.61,125.63,74360
2013-11-15 09:45:00,125.59,125.91,125.08,125.38,77530
2013-11-15 10:00:00,125.28,125.68,125.26,125.58,33751
2013-11-15 10:15:00,125.56,125.69,125.42,125.47,24430
2013-11-15 10:30:00,125.54,125.6,125.42,125.51,24056
2013-11-15 10:45:00,125.57,125.57,125.42,125.47,16595
2013-11-15 11:00:00,125.475,125.65,125.46,125.57,28681
2013-11-15 11:15:00,125.64,125.86,125.57,125.86,11110
2013-11-15 11:30:00,125.91,126.21,125.86,125.99,18033
2013-11-15 11:45:00,125.97,126.0,125.63,125.7,37542
2013-11-15 12:00:00,125.63,125.63,125.45,125.53,5857
2013-11-15 12:15:00,125.5101,125.61,125.3761,125.58,9217
2013-11-15 12:30:00,125.586,125.7172,125.57,125.6,11881
2013-11-15 12:45:00,125.61,125.77,125.58,125.74,26909
2013-11-15 13:00:00,125.74,125.84,125.62,125.78,50839
2013-11-15 13:15:00,125.82,125.97,125.67,125.67,21438
2013-11-15 13:30:00,125.73,125.86,125.71,125.73,4931
2013-11-15 13:45:00,125.71,125.84,125.71,125.78,4751
2013-11-15 14:00:00,125.781,125.82,125.73,125.77,5401
2013-11-15 14:15:00,125.71,125.93,125.71,125.93,3500
2013-11-15 14:30:00,125.91,125.93,125.8,125.87,9941
2013-11-15 14:45:00,125.86,125.9,125.75,125.78,8197
2013-11-15 15:00:00,125.77,125.85,125.77,125.83,4000
2013-11-15 15:15:00,125.79,125.93,125.79,125.89,8399
2013-11-15 15:30:00,125.84,126.0,125.82,125.93,9025
2013-11-15 15:45:00,125.93,126.01,125.87,125.87,9078
2013-11-15 16:00:00,125.88,126.22,125.87,126.1,48298
2013-11-18 09:45:00,125.96,126.22,125.77,125.96,22513
2013-11-18 10:00:00,125.85,125.85,125.1,125.1,11813
2013-11-18 10:15:00,125.1,125.15,124.78,124.95,27625
2013-11-18 10:30:00,124.92,124.93,124.66,124.66,18905
2013-11-18 10:45:00,124.66,124.69,124.28,124.295,31833
2013-11-18 11:00:00,124.295,124.38,123.99,124.38,52169
2013-11-18 11:15:00,124.4,124.68,124.38,124.51,38372
2013-11-18 11:30:00,124.51,124.99,124.49,124.94,27109
2013-11-18 11:45:00,124.94,124.99,124.8,124.88,16727
2013-11-18 12:00:00,124.93,125.02,124.93,125.02,11008
2013-11-18 12:15:00,125.0,125.0064,124.69,124.83,18501
2013-11-18 12:30:00,124.85,125.0,124.85,124.99,11709
2013-11-18 12:45:00,125.0,125.05,124.62,124.63,10399
2013-11-18 13:00:00,124.64,124.79,124.64,124.75,17079
2013-11-18 13:15:00,124.74,124.77,124.7,124.76,10449
2013-11-18 13:30:00,124.73,124.83,124.73,124.83,10999
2013-11-18 13:45:00,124.84,124.88,124.71,124.72,3100
2013-11-18 14:00:00,124.75,124.75,124.39,124.41,7230
2013-11-18 14:15:00,124.39,124.4,124.24,124.27,12377
2013-11-18 14:30:00,124.27,124.49,124.27,124.4,16563
2013-11-18 14:45:00,124.38,124.445,124.31,124.41,17239
2013-11-18 15:00:00,124.44,124.49,124.36,124.36,18762
2013-11-18 15:15:00,124.39,124.39,123.96,124.01,36262
2013-11-18 15:30:00,124.0,124.2,123.9,124.12,47783
2013-11-18 15:45:00,124.09,124.35,124.02,124.35,23039
2013-11-18 16:00:00,124.35,124.54,124.21,124.54,58353
2013-11-19 09:45:00,124.3,124.58,124.08,124.25,9776
2013-11-19 10:00:00,124.05,124.91,123.95,124.72,16454
2013-11-19 10:15:00,124.66,125.32,124.602,124.89,6036
2013-11-19 10:30:00,124.87,124.87,124.66,124.66,7591
2013-11-19 10:45:00,124.6,125.09,124.57,124.92,7800
2013-11-19 11:00:00,124.8904,125.09,124.79,124.929,18296
2013-11-19 11:15:00,124.89,124.91,124.7,124.765,8760
2013-11-19 11:30:00,124.74,124.83,124.56,124.56,23793
2013-11-19 11:45:00,124.56,124.77,124.54,124.68,15615
2013-11-19 12:00:00,124.65,124.765,124.62,124.71,11678
2013-11-19 12:15:00,124.68,124.905,124.665,124.76,6659
2013-11-19 12:30:00,124.77,124.88,124.77,124.8,4500
2013-11-19 12:45:00,124.81,124.89,124.61,124.79,6533
2013-11-19 13:00:00,124.7501,124.86,124.65,124.69,4210
2013-11-19 13:15:00,124.68,124.71,124.495,124.54,5680
2013-11-19 13:30:00,124.48,124.61,124.29,124.29,6527
2013-11-19 13:45:00,124.27,124.38,124.13,124.21,8934
2013-11-19 14:00:00,124.2158,124.27,124.0,124.19,11276
2013-11-19 14:15:00,124.08,124.36,124.08,124.27,9797
2013-11-19 14:30:00,124.32,124.37,124.02,124.05,6715
2013-11-19 14:45:00,124.07,124.27,124.06,124.095,12000
2013-11-19 15:00:00,124.12,124.18,124.0,124.04,7179
2013-11-19 15:15:00,124.01,124.13,124.01,124.09,10463
2013-11-19 15:30:00,124.1,124.3,124.1,124.14,26937
2013-11-19 15:45:00,124.13,124.21,124.0,124.01,22581
2013-11-19 16:00:00,124.01,124.03,123.82,123.95,67764
2013-11-20 09:45:00,123.77,124.19,123.03,123.03,26375
2013-11-20 10:00:00,123.05,124.12,123.04,124.12,36500
2013-11-20 10:15:00,124.01,124.01,123.36,123.975,16188
2013-11-20 10:30:00,124.05,124.47,123.88,124.17,14303
2013-11-20 10:45:00,124.125,124.21,123.8701,124.14,20363
2013-11-20 11:00:00,124.17,124.3398,124.13,124.19,24311
2013-11-20 11:15:00,124.16,124.42,124.09,124.27,12045
2013-11-20 11:30:00,124.27,124.36,124.15,124.2,9915
2013-11-20 11:45:00,124.2,124.46,124.2,124.272,8429
2013-11-20 12:00:00,124.25,124.492,124.2,124.36,10087
2013-11-20 12:15:00,124.38,124.54,124.28,124.35,9100
2013-11-20 12:30:00,124.4,124.5298,124.29,124.29,7558
2013-11-20 12:45:00,124.275,124.56,124.21,124.43,9779
2013-11-20 13:00:00,124.47,124.55,124.37799999999999,124.41,6050
2013-11-20 13:15:00,124.39,124.59,124.38,124.58,9739
2013-11-20 13:30:00,124.5893,124.5893,124.27,124.27,6862
2013-11-20 13:45:00,124.29,124.31,124.13,124.31,9721
2013-11-20 14:00:00,124.28,124.41,124.25,124.27,7455
2013-11-20 14:15:00,124.235,124.4095,123.97,124.04,25801
2013-11-20 14:30:00,124.0,124.29,123.92,124.18,18274
2013-11-20 14:45:00,124.19,124.28,123.94,123.995,22556
2013-11-20 15:00:00,123.98,124.15,123.91,124.08,15177
2013-11-20 15:15:00,124.1199,124.13,123.83,124.08,33228
2013-11-20 15:30:00,124.09,124.21,124.03,124.15,16553
2013-11-20 15:45:00,124.12,124.25,124.02,124.2,29337
2013-11-20 16:00:00,124.175,124.35,124.11,124.25,39236
2013-11-21 09:45:00,125.04,125.31,124.51,125.2,24631
2013-11-21 10:00:00,125.21,125.57,124.8701,125.5,72877
2013-11-21 10:15:00,125.42,125.9,125.26,125.86,36412
2013-11-21 10:30:00,125.87,126.035,125.6,125.65,38029
2013-11-21 10:45:00,125.74,125.82,125.63,125.67,13148
2013-11-21 11:00:00,125.7,125.75,125.57,125.64,5796
2013-11-21 11:15:00,125.58,125.73,125.56,125.68,4700
2013-11-21 11:30:00,125.75,125.78,125.61,125.63,6954
2013-11-21 11:45:00,125.7,125.83,125.5,125.52,15286
2013-11-21 12:00:00,125.56,125.62,125.5,125.55,22283
2013-11-21 12:15:00,125.54,125.6,125.25,125.25,15716
2013-11-21 12:30:00,125.3,125.41,125.23,125.41,7903
2013-11-21 12:45:00,125.47,125.585,125.45,125.56,3500
2013-11-21 13:00:00,125.59,125.6,125.33,125.43,7138
2013-11-21 13:15:00,125.44,125.5,125.42,125.42,1700
2013-11-21 13:30:00,125.4485,125.53,125.44,125.44,2120
2013-11-21 13:45:00,125.43,125.62,125.43,125.59,6089
2013-11-21 14:00:00,125.65,125.69,125.55,125.56,5540
2013-11-21 14:15:00,125.55,125.6192,125.42,125.56,7250
2013-11-21 14:30:00,125.57,125.64,125.44,125.4522,8400
2013-11-21 14:45:00,125.42,125.53,125.33,125.45,8300
2013-11-21 15:00:00,125.45,125.48,125.29,125.3,5492
2013-11-21 15:15:00,125.35,125.42,125.13,125.2,11617
2013-11-21 15:30:00,125.22,125.32,125.07,125.1,14964
2013-11-21 15:45:00,125.13,125.13,125.01,125.04,15549
2013-11-21 16:00:00,125.05,125.18,124.97,125.08,112864
2013-11-22 09:45:00,124.71,124.99,124.28,124.61,116127
2013-11-22 10:00:00,124.6,124.79,124.375,124.5,20043
2013-11-22 10:15:00,124.52,124.65,124.28,124.55,40372
2013-11-22 10:30:00,124.52,124.7,124.36,124.69,36079
2013-11-22 10:45:00,124.715,124.84,124.585,124.71,63868
2013-11-22 11:00:00,124.73,124.94,124.585,124.93,11900
2013-11-22 11:15:00,124.89,125.21,124.85,125.15,46908
2013-11-22 11:30:00,125.15,125.21,125.04,125.13,22638
2013-11-22 11:45:00,125.12,125.17,124.94,125.02,28746
2013-11-22 12:00:00,125.03,125.11,124.99,125.04,23000
2013-11-22 12:15:00,125.02,125.08,124.94,125.0,36397
2013-11-22 12:30:00,124.95,125.14,124.9,125.13,54102
2013-11-22 12:45:00,125.14,125.33,125.14,125.33,10900
2013-11-22 13:00:00,125.35,125.55,125.34,125.52,9696
2013-11-22 13:15:00,125.49,125.68,125.48,125.64,8750
2013-11-22 13:30:00,125.64,125.67,125.51,125.67,8518
2013-11-22 13:45:00,125.66,125.72,125.32,125.4,68252
2013-11-22 14:00:00,125.37,125.645,125.37,125.54,7219
2013-11-22 14:15:00,125.6,125.73,125.6,125.66,7300
2013-11-22 14:30:00,125.63,125.7917,125.61,125.77,8718
2013-11-22 14:45:00,125.78,125.9,125.78,125.89,10574
2013-11-22 15:00:00,125.845,125.91,125.8,125.86,9000
2013-11-22 15:15:00,125.81,125.83,125.71,125.81,15087
2013-11-22 15:30:00,125.76,125.82,125.57,125.59,18653
2013-11-22 15:45:00,125.59,125.77,125.58,125.71,21897
2013-11-22 16:00:00,125.71,125.77,125.63,125.72,40958
2013-11-25 09:45:00,126.2,126.4,125.72,125.975,68353
2013-11-25 10:00:00,125.805,125.94,125.335,125.5,9794
2013-11-25 10:15:00,125.42,125.42,125.15,125.31,27065
2013-11-25 10:30:00,125.31,125.42,124.99,125.09,17590
2013-11-25 10:45:00,125.16,125.47,125.1,125.45,8400
2013-11-25 11:00:00,125.45,125.55,125.38,125.39,10245
2013-11-25 11:15:00,125.39,125.43,125.257,125.33,15786
2013-11-25 11:30:00,125.42,125.66,125.42,125.525,8349
2013-11-25 11:45:00,125.52,125.59,125.185,125.185,3500
2013-11-25 12:00:00,125.27,125.42,125.23,125.35,5207
2013-11-25 12:15:00,125.36,125.41,125.29,125.31,5660
2013-11-25 12:30:00,125.33,125.61,125.325,125.61,5551
2013-11-25 12:45:00,125.63,125.72,125.55,125.71,10091
2013-11-25 13:00:00,125.7,125.73,125.53,125.53,7977
2013-11-25 13:15:00,125.51,125.54,125.4034,125.51,10017
2013-11-25 13:30:00,125.54,125.72,125.54,125.55,27701
2013-11-25 13:45:00,125.55,125.66,125.52,125.64,15801
2013-11-25 14:00:00,125.64,125.645,125.48,125.52,4000
2013-11-25 14:15:00,125.535,125.63,125.49,125.52,12701
2013-11-25 14:30:00,125.53,125.59,125.45,125.53,10500
2013-11-25 14:45:00,125.53,125.55,125.42,125.45,9255
2013-11-25 15:00:00,125.4,125.49,125.33,125.405,6800
2013-11-25 15:15:00,125.41,125.41,125.1,125.16,6206
2013-11-25 15:30:00,125.16,125.2,125.0,125.1,16402
2013-11-25 15:45:00,125.1,125.16,124.94,125.01,31235
2013-11-25 16:00:00,125.08,125.29,124.93,125.26,46704
2013-11-26 09:45:00,125.13,125.28,124.5,124.7,30214
2013-11-26 10:00:00,124.87,125.0,124.58,124.905,13512
2013-11-26 10:15:00,124.8665,125.04,124.62,124.845,22604
2013-11-26 10:30:00,124.74,124.83,124.64,124.69,29785
2013-11-26 10:45:00,124.72,124.85,124.63,124.75,37408
2013-11-26 11:00:00,124.8,124.88,124.71,124.71,20842
2013-11-26 11:15:00,124.71,124.98,124.71,124.98,12128
2013-11-26 11:30:00,124.98,125.23,124.93,125.12,26340
2013-11-26 11:45:00,125.03,125.15,124.93,124.97,8938
2013-11-26 12:00:00,124.95,125.02,124.9,124.93,16372
2013-11-26 12:15:00,125.0,125.05,124.92,125.04,3600
2013-11-26 12:30:00,125.09,125.15,125.0,125.07,24702
2013-11-26 12:45:00,125.065,125.065,124.83,124.865,9960
2013-11-26 13:00:00,124.9,124.96,124.85,124.85,4252
2013-11-26 13:15:00,124.93,125.0,124.89,125.0,7941
2013-11-26 13:30:00,124.95,125.11,124.95,125.031,12660
2013-11-26 13:45:00,124.98,125.11,124.962,125.11,30200
2013-11-26 14:00:00,125.14,125.19,125.05,125.07799999999999,36240
2013-11-26 14:15:00,125.075,125.13,125.0,125.0,21518
2013-11-26 14:30:00,125.005,125.11,124.89,125.11,41944
2013-11-26 14:45:00,125.12,125.21,125.08,125.15,10231
2013-11-26 15:00:00,125.155,125.16,125.02,125.02,2219
2013-11-26 15:15:00,125.01,125.06,124.99,125.05,4080
2013-11-26 15:30:00,125.0,125.04,124.96,125.0,6791
2013-11-26 15:45:00,124.98,125.04,124.95,124.99,19763
2013-11-26 16:00:00,124.95,124.95,124.25,124.44,136086
2013-11-27 09:45:00,124.51,124.9,124.01,124.54,22004
2013-11-27 10:00:00,124.44,124.68,124.05,124.22,11106
2013-11-27 10:15:00,124.2,124.41,124.12,124.2,16462
2013-11-27 10:30:00,124.22,124.28,124.115,124.2,52901
2013-11-27 10:45:00,124.235,124.38,124.18,124.29,13593
2013-11-27 11:00:00,124.29,124.36,123.99,123.99,123013
2013-11-27 11:15:00,124.0,124.14,123.93,124.14,78009
2013-11-27 11:30:00,124.17,124.37,124.11,124.37,30150
2013-11-27 11:45:00,124.3285,124.37,124.12,124.24,29938
2013-11-27 12:00:00,124.26,124.38,124.14,124.18,31680
2013-11-27 12:15:00,124.16,124.23,124.12,124.23,20141
2013-11-27 12:30:00,124.19,124.27,124.13,124.27,14786
2013-11-27 12:45:00,124.22,124.26,124.1501,124.21,12349
2013-11-27 13:00:00,124.16,124.22,124.115,124.2,30822
2013-11-27 13:15:00,124.2,124.25,124.11,124.23,22352
2013-11-27 13:30:00,124.215,124.23,124.17,124.23,16335
2013-11-27 13:45:00,124.215,124.24799999999999,124.18,124.22,11910
2013-11-27 14:00:00,124.22,124.3,124.19,124.19,8484
2013-11-27 14:15:00,124.2,124.2899,124.185,124.24,17065
2013-11-27 14:30:00,124.22,124.25,124.19,124.25,12758
2013-11-27 14:45:00,124.2301,124.27,124.18,124.25,23078
2013-11-27 15:00:00,124.25,124.35,124.22,124.22,16076
2013-11-27 15:15:00,124.2,124.49,124.18,124.47,23041
2013-11-27 15:30:00,124.49,124.7,124.47,124.69,19955
2013-11-27 15:45:00,124.72,124.83,124.66,124.83,29618
2013-11-27 16:00:00,124.84,124.85,124.63,124.8,76040
2013-11-29 09:45:00,124.87,125.58,124.79,125.32,46159
2013-11-29 10:00:00,125.33,125.34,125.0601,125.235,20119
2013-11-29 10:15:00,125.21,125.21,124.91,124.95,8500
2013-11-29 10:30:00,124.88,125.01,124.88,124.95,9100
2013-11-29 10:45:00,125.0,125.0,124.9,124.93,2800
2013-11-29 11:00:00,125.01,125.04,124.86,124.95,10400
2013-11-29 11:15:00,124.94,124.97,124.85,124.88,5693
2013-11-29 11:30:00,124.9,124.95,124.8,124.82,2800
2013-11-29 11:45:00,124.83,124.87,124.73,124.73,4200
2013-11-29 12:00:00,124.8,125.01,124.76,124.99,6811
2013-11-29 12:15:00,125.01799999999999,125.12,125.01799999999999,125.07,3802
2013-11-29 12:30:00,125.06,125.17,125.04,125.09,5562
2013-11-29 12:45:00,125.07,125.18,125.02,125.16,3600
2013-11-29 13:00:00,125.09,125.21,124.89,124.97,37015
2013-11-29 13:15:00,124.96,125.0348,124.96,125.0348,48809
2013-11-29 13:30:00,124.96,124.96,124.96,124.96,222
2013-12-02 09:45:00,124.3,124.99,124.17,124.615,20412
2013-12-02 10:00:00,124.55,124.82,124.33,124.47,26560
2013-12-02 10:15:00,124.5,124.82,124.43,124.665,9600
2013-12-02 10:30:00,124.79,124.88,124.56,124.56,18587
2013-12-02 10:45:00,124.57,124.58,124.45,124.5,19944
2013-12-02 11:00:00,124.5,124.64,124.5,124.63,4614
2013-12-02 11:15:00,124.68,124.88,124.655,124.86,8081
2013-12-02 11:30:00,124.88,125.0097,124.8,124.97,7400
2013-12-02 11:45:00,124.95,125.12,124.95,125.0,9295
2013-12-02 12:00:00,124.99799999999999,125.2,124.99,125.2,5900
2013-12-02 12:15:00,125.235,125.235,125.11,125.15,6002
2013-12-02 12:30:00,125.14,125.3,125.08,125.2,34954
2013-12-02 12:45:00,125.2,125.26,125.1,125.175,4877
2013-12-02 13:00:00,125.18,125.25,125.14,125.1568,3350
2013-12-02 13:15:00,125.11,125.29,125.11,125.14,3591
2013-12-02 13:30:00,125.22,125.25,124.87,124.9,17800
2013-12-02 13:45:00,124.89,125.07,124.66,124.78,16402
2013-12-02 14:00:00,124.78,124.97,124.78,124.95,7700
2013-12-02 14:15:00,124.9356,125.015,124.84,124.8875,31086
2013-12-02 14:30:00,124.8875,124.95,124.82,124.95,14570
2013-12-02 14:45:00,124.95,124.965,124.81,124.85,7500
2013-12-02 15:00:00,124.88,124.96,124.83,124.87,15561
2013-12-02 15:15:00,124.904,124.925,124.74,124.75,6798
2013-12-02 15:30:00,124.75,124.8,124.495,124.5,11332
2013-12-02 15:45:00,124.495,124.54,124.35,124.49,29660
2013-12-02 16:00:00,124.475,124.64,124.4,124.62,65731
2013-12-03 09:45:00,123.78,124.57,123.78,124.3,25497
2013-12-03 10:00:00,124.43,124.62,124.21,124.59,14235
2013-12-03 10:15:00,124.65,124.8,124.29,124.565,40896
2013-12-03 10:30:00,124.48,124.48,124.27,124.38,15301
2013-12-03 10:45:00,124.39,124.49,124.35,124.39,3003
2013-12-03 11:00:00,124.35,124.46,124.27,124.31,12465
2013-12-03 11:15:00,124.38,124.44,124.265,124.335,5636
2013-12-03 11:30:00,124.275,124.4,124.2,124.305,22663
2013-12-03 11:45:00,124.295,124.39,124.19,124.36,20949
2013-12-03 12:00:00,124.39,124.39,124.19,124.3,9900
2013-12-03 12:15:00,124.35,124.4,124.26,124.31,6787
2013-12-03 12:30:00,124.33,124.33,124.23,124.24,5722
2013-12-03 12:45:00,124.23,124.32,124.21,124.3,5269
2013-12-03 13:00:00,124.25,124.29,124.145,124.17,6088
2013-12-03 13:15:00,124.15,124.2,124.1,124.14,8009
2013-12-03 13:30:00,124.01,124.12,123.84,123.93,44560
2013-12-03 13:45:00,123.92,124.06,123.81,124.03,26470
2013-12-03 14:00:00,124.06,124.19,124.06,124.14299999999999,9588
2013-12-03 14:15:00,124.13799999999999,124.18,124.0,124.07,6637
2013-12-03 14:30:00,124.07,124.11,123.9601,124.0,11302
2013-12-03 14:45:00,124.0,124.26,123.96,124.21,8514
2013-12-03 15:00:00,124.25,124.31,124.14,124.29,7120
2013-12-03 15:15:00,124.29,124.31,124.05,124.059,13701
2013-12-03 15:30:00,124.05,124.14,123.96,123.99,20003
2013-12-03 15:45:00,124.01,124.39,124.0,124.35,24896
2013-12-03 16:00:00,124.35,124.5,124.29,124.38,65073
2013-12-04 09:45:00,123.61,124.13,123.61,123.875,51651
2013-12-04 10:00:00,123.88,124.19,123.81,124.1,24460
2013-12-04 10:15:00,124.06,124.5,124.06,124.29,54385
2013-12-04 10:30:00,124.34,124.4,123.9,123.9,26144
2013-12-04 10:45:00,123.93,124.08,123.86,123.93,28905
2013-12-04 11:00:00,123.88,123.9,123.49,123.55,39032
2013-12-04 11:15:00,123.59,123.59,122.36,122.47,151730
2013-12-04 11:30:00,122.48,122.5,120.34,120.6,226801
2013-12-04 11:45:00,120.66,121.94,120.66,121.74,176946
2013-12-04 12:00:00,121.75,121.81,121.47,121.635,62449
2013-12-04 12:15:00,121.64,121.98,121.47,121.88,222405
2013-12-04 12:30:00,121.83,121.9,121.28,121.59,58267
2013-12-04 12:45:00,121.68,121.83,121.43,121.52,27424
2013-12-04 13:00:00,121.56,121.62,120.93,120.99,26254
2013-12-04 13:15:00,120.98,121.1,120.9101,120.96,34052
2013-12-04 13:30:00,120.99,121.04,120.74,120.82,15278
2013-12-04 13:45:00,120.78,121.06,120.52,120.85,24677
2013-12-04 14:00:00,120.88,121.1,120.72,120.89,28982
2013-12-04 14:15:00,120.88,120.92,120.52,120.745,28548
2013-12-04 14:30:00,120.76,120.87,120.51,120.69,77562
2013-12-04 14:45:00,120.681,121.05,120.4601,120.975,55148
2013-12-04 15:00:00,120.975,121.12,120.67,120.97,44415
2013-12-04 15:15:00,121.12,121.2,120.65,121.04,77504
2013-12-04 15:30:00,121.04,121.45,120.96,121.43,92826
2013-12-04 15:45:00,121.43,121.43,120.96,121.05,115588
2013-12-04 16:00:00,121.06,121.5,120.85,121.08,275618
2013-12-05 09:45:00,121.06,122.19,120.96,121.56,65390
2013-12-05 10:00:00,121.565,121.75,121.12,121.46,68275
2013-12-05 10:15:00,121.46,121.86,121.23,121.32,47181
2013-12-05 10:30:00,121.35,121.75,121.25,121.71,77985
2013-12-05 10:45:00,121.734,121.95,121.41,121.59,77246
2013-12-05 11:00:00,121.59,121.65,121.44,121.508,28909
2013-12-05 11:15:00,121.56,121.71,121.455,121.5712,38113
2013-12-05 11:30:00,121.57,121.66,121.49,121.53,19019
2013-12-05 11:45:00,121.44,121.4635,121.1,121.24,17277
2013-12-05 12:00:00,121.33,121.35,121.2,121.26,19503
2013-12-05 12:15:00,121.26,121.35,121.2,121.27,27980
2013-12-05 12:30:00,121.25,121.3,121.08,121.08,61872
2013-12-05 12:45:00,121.08,121.16,120.96,121.14,16705
2013-12-05 13:00:00,121.17,121.34,121.17,121.23,11875
2013-12-05 13:15:00,121.23,121.26,121.12,121.14,11475
2013-12-05 13:30:00,121.12,121.21,120.98,121.17,24449
2013-12-05 13:45:00,121.19,121.26799999999999,121.16,121.2,28171
2013-12-05 14:00:00,121.2,121.26,121.04,121.26,24175
2013-12-05 14:15:00,121.22,121.35,121.17,121.29,35652
2013-12-05 14:30:00,121.27,121.43,121.26,121.42,41030
2013-12-05 14:45:00,121.43,121.51,121.26,121.26,25717
2013-12-05 15:00:00,121.26,121.31,120.95,120.97,28642
2013-12-05 15:15:00,120.97,121.35,120.92,121.35,19678
2013-12-05 15:30:00,121.32,121.45,121.22,121.31,42750
2013-12-05 15:45:00,121.3,121.46,121.22,121.22,41190
2013-12-05 16:00:00,121.2,121.28,120.94,120.96,118503
2013-12-06 09:45:00,122.28,122.42,121.84,122.1,80690
2013-12-06 10:00:00,122.1,122.2,121.75,121.94,55545
2013-12-06 10:15:00,122.02,122.22,121.7,122.055,31156
2013-12-06 10:30:00,122.07,122.21,121.92,122.09,27375
2013-12-06 10:45:00,122.08,122.26,122.022,122.022,47600
2013-12-06 11:00:00,122.01,122.16,121.95,121.95,23030
2013-12-06 11:15:00,121.91,122.52,121.895,122.47,34234
2013-12-06 11:30:00,122.48,122.59,122.35,122.59,18515
2013-12-06 11:45:00,122.59,122.9,122.59,122.89,24490
2013-12-06 12:00:00,122.9,122.97,122.65,122.82,70052
2013-12-06 12:15:00,122.81,122.8199,122.61,122.79,30524
2013-12-06 12:30:00,122.8,122.83,122.63,122.83,80898
2013-12-06 12:45:00,122.85,123.06,122.75,123.0,15683
2013-12-06 13:00:00,123.05,123.5,123.05,123.5,43597
2013-12-06 13:15:00,123.53,123.59,123.37,123.492,43828
2013-12-06 13:30:00,123.52,123.71,123.46,123.48,12282
2013-12-06 13:45:00,123.49,123.76,123.48,123.69,17399
2013-12-06 14:00:00,123.64,123.67,123.44,123.44,21387
2013-12-06 14:15:00,123.47,123.63,123.46,123.585,16960
2013-12-06 14:30:00,123.575,123.7056,123.53,123.7,30707
2013-12-06 14:45:00,123.71,124.04,123.71,123.99,42006
2013-12-06 15:00:00,124.01,124.2,123.99,124.01,23613
2013-12-06 15:15:00,124.04,124.26,124.02,124.26,31923
2013-12-06 15:30:00,124.26,124.57,124.215,124.42,47535
2013-12-06 15:45:00,124.41,124.76,124.41,124.56,63866
2013-12-06 16:00:00,124.56,125.08,124.505,124.99,143479
2013-12-09 09:45:00,125.0,125.215,124.72,124.92,161698
2013-12-09 10:00:00,124.85,125.16,124.75,124.995,95166
2013-12-09 10:15:00,125.05,125.05,124.33,124.455,31753
2013-12-09 10:30:00,124.5,124.64,124.36,124.64,36694
2013-12-09 10:45:00,124.54,124.54,124.38,124.46,23060
2013-12-09 11:00:00,124.46,124.88,124.44,124.51,29531
2013-12-09 11:15:00,124.49,124.71,124.44,124.57,24368
2013-12-09 11:30:00,124.48,124.48,124.25,124.4,47378
2013-12-09 11:45:00,124.43,124.67,124.06,124.1,35296
2013-12-09 12:00:00,124.05,124.395,124.04,124.04,64920
2013-12-09 12:15:00,124.04,124.08,123.93,124.07,15828
2013-12-09 12:30:00,124.07,124.07,123.94,124.01,9955
2013-12-09 12:45:00,124.01,124.03,123.94,123.985,8158
2013-12-09 13:00:00,124.0,124.01,123.92,123.98,29221
2013-12-09 13:15:00,123.985,124.18,123.97,124.14,19990
2013-12-09 13:30:00,124.12,124.17,123.9,123.9,12163
2013-12-09 13:45:00,123.85,123.91,123.55,123.63,14079
2013-12-09 14:00:00,123.55,123.55,123.26,123.26,27444
2013-12-09 14:15:00,123.25,123.55,123.235,123.49,26074
2013-12-09 14:30:00,123.49,123.63,123.42,123.598,9390
2013-12-09 14:45:00,123.6,123.68,123.57,123.58,11370
2013-12-09 15:00:00,123.555,123.65,123.5,123.57,22455
2013-12-09 15:15:00,123.59,123.765,123.59,123.75,18600
2013-12-09 15:30:00,123.75,123.75,123.5,123.53,20914
2013-12-09 15:45:00,123.54,123.63,123.5,123.53,25946
2013-12-09 16:00:00,123.55,123.87,123.53,123.86,76474
2013-12-10 09:45:00,123.33,124.16,123.33,123.825,37224
2013-12-10 10:00:00,123.88,124.42,123.76,124.41,20523
2013-12-10 10:15:00,124.46,125.37,124.44,125.3375,41076
2013-12-10 10:30:00,125.365,125.82,125.23,125.62,53332
2013-12-10 10:45:00,125.62,125.67,125.47,125.6,23273
2013-12-10 11:00:00,125.59,125.81,125.59,125.61,32451
2013-12-10 11:15:00,125.63,125.69,125.35,125.355,30092
2013-12-10 11:30:00,125.359,125.359,125.0,125.01,40779
2013-12-10 11:45:00,125.01,125.01,124.705,124.82,14574
2013-12-10 12:00:00,124.81,124.89,124.69,124.73,9742
2013-12-10 12:15:00,124.73,124.74,124.48,124.58,13309
2013-12-10 12:30:00,124.63,124.98,124.58,124.97,11170
2013-12-10 12:45:00,124.98,125.06,124.9367,125.02,11729
2013-12-10 13:00:00,125.02,125.44200000000001,124.98,125.31,15691
2013-12-10 13:15:00,125.295,125.39299999999999,125.22,125.34,18156
2013-12-10 13:30:00,125.36,125.5,125.27,125.49,9300
2013-12-10 13:45:00,125.46,125.49,125.43,125.46,67400
2013-12-10 14:00:00,125.45,125.52,125.16,125.17,22488
2013-12-10 14:15:00,125.17,125.22,125.05,125.18,23747
2013-12-10 14:30:00,125.18,125.18,124.96,125.08,28280
2013-12-10 14:45:00,125.035,125.05,124.95,125.01,28771
2013-12-10 15:00:00,124.99,125.2,124.98,125.2,17758
2013-12-10 15:15:00,125.18,125.3,125.16,125.215,11800
2013-12-10 15:30:00,125.219,125.22,125.0,125.0,21838
2013-12-10 15:45:00,125.01,125.23,124.99,125.215,31559
2013-12-10 16:00:00,125.2,125.26,124.962,125.02,83811
2013-12-11 09:45:00,125.34,126.11,125.13,125.71,95129
2013-12-11 10:00:00,125.76,125.94,125.49,125.64,67995
2013-12-11 10:15:00,125.66,125.75,125.18,125.21,71882
2013-12-11 10:30:00,125.21,125.21,124.88,125.0,37662
2013-12-11 10:45:00,124.98,125.19,124.94,125.045,31870
2013-12-11 11:00:00,125.01,125.24,124.98,125.16,39651
2013-12-11 11:15:00,125.19,125.2,124.96,125.0,12486
2013-12-11 11:30:00,125.0,125.01,124.85,125.0,10294
2013-12-11 11:45:00,125.0,125.08,124.69,125.05,8430
2013-12-11 12:00:00,125.02,125.17,124.96,125.12,9900
2013-12-11 12:15:00,125.11,125.17,124.99,125.17,11055
2013-12-11 12:30:00,125.1,125.1,124.96,124.98,10700
2013-12-11 12:45:00,125.01,125.06,124.95,124.99,9927
2013-12-11 13:00:00,125.03,125.05,124.95,125.02,9350
2013-12-11 13:15:00,125.05,125.25,125.0,125.23,12774
2013-12-11 13:30:00,125.21,125.27,125.18,125.24,18084
2013-12-11 13:45:00,125.25,125.28,125.2,125.25,26884
2013-12-11 14:00:00,125.25,125.28,125.18,125.25,21830
2013-12-11 14:15:00,125.25,125.29,125.125,125.17,12594
2013-12-11 14:30:00,125.2,125.36,125.12,125.32,30803
2013-12-11 14:45:00,125.33,125.33,125.1,125.14,9141
2013-12-11 15:00:00,125.16,125.18,124.72,124.77,11723
2013-12-11 15:15:00,124.77,125.02,124.76,124.9,55402
2013-12-11 15:30:00,124.9,125.06,124.9,124.96,24450
2013-12-11 15:45:00,124.96,125.08,124.91,124.94,30059
2013-12-11 16:00:00,124.93,124.96,124.82,124.865,74842
2013-12-12 09:45:00,124.67,127.97,124.51,124.66,13840
2013-12-12 10:00:00,124.648,125.2,124.42,125.2,39262
2013-12-12 10:15:00,125.125,125.125,124.56,124.65,26407
2013-12-12 10:30:00,124.68,124.84,124.57,124.84,34200
2013-12-12 10:45:00,124.81,124.99,124.77,124.88,19210
2013-12-12 11:00:00,124.88,125.3,124.88,125.19,77650
2013-12-12 11:15:00,125.18,125.23,125.09,125.09,24995
2013-12-12 11:30:00,125.12,125.225,124.99,125.2,16258
2013-12-12 11:45:00,125.2,125.24,124.9888,125.02,10528
2013-12-12 12:00:00,125.02,125.25,124.93,124.93,13100
2013-12-12 12:15:00,124.945,125.0,124.7,124.91,26621
2013-12-12 12:30:00,124.882,125.0,124.87200000000001,124.92,26186
2013-12-12 12:45:00,124.92,125.0,124.72,124.72,20679
2013-12-12 13:00:00,124.72,125.0,124.72,124.99799999999999,30544
2013-12-12 13:15:00,124.96,125.14,124.9,124.96,13312
2013-12-12 13:30:00,125.0,125.02,124.89,125.0,28084
2013-12-12 13:45:00,125.0,125.2,124.96,125.195,12475
2013-12-12 14:00:00,125.18,125.21,124.96,125.07,11450
2013-12-12 14:15:00,125.07,125.41,125.07,125.33,12092
2013-12-12 14:30:00,125.33,125.41,125.16,125.41,11672
2013-12-12 14:45:00,125.39,125.42,125.13,125.18,13256
2013-12-12 15:00:00,125.18,125.21,125.145,125.15,23227
2013-12-12 15:15:00,125.17,125.21,125.08,125.08,16162
2013-12-12 15:30:00,125.075,125.14,125.03,125.08,29296
2013-12-12 15:45:00,125.08,125.22,125.07,125.07,23820
2013-12-12 16:00:00,125.06,125.06,124.69,124.96,62619
2013-12-13 09:45:00,125.52,126.21,124.99,125.82,21481
2013-12-13 10:00:00,125.81,125.97,125.41,125.46,124725
2013-12-13 10:15:00,125.49,125.7275,125.43,125.55,10381
2013-12-13 10:30:00,125.54,125.82,125.43,125.82,13969
2013-12-13 10:45:00,125.8,126.19,125.8,125.84,12529
2013-12-13 11:00:00,125.8071,126.14,125.8071,126.05,15057
2013-12-13 11:15:00,126.06,126.24,125.97,126.24,50850
2013-12-13 11:30:00,126.25,126.5,126.2,126.21,15198
2013-12-13 11:45:00,126.2,126.44,126.12,126.4,28057
2013-12-13 12:00:00,126.34,126.4,126.15,126.21,11422
2013-12-13 12:15:00,126.21,126.22,126.06,126.13,5197
2013-12-13 12:30:00,126.135,126.21,126.11,126.12,5268
2013-12-13 12:45:00,126.12,126.21,126.0,126.02,18277
2013-12-13 13:00:00,126.02,126.02,125.9,126.0,3725
2013-12-13 13:15:00,125.98,126.1,125.975,126.04,5700
2013-12-13 13:30:00,126.0,126.1,126.0,126.1,11296
2013-12-13 13:45:00,126.09,126.1,125.98,125.99,17587
2013-12-13 14:00:00,126.0,126.15,126.0,126.02,12798
2013-12-13 14:15:00,126.02,126.05,125.95,125.97,22735
2013-12-13 14:30:00,125.98,126.03,125.88,125.925,43253
2013-12-13 14:45:00,125.87,126.01,125.8,126.01,9100
2013-12-13 15:00:00,126.0,126.32,126.0,126.3,6493
2013-12-13 15:15:00,126.29,126.3,126.09,126.3,29220
2013-12-13 15:30:00,126.3,126.52,126.225,126.52,19799
2013-12-13 15:45:00,126.52,126.53,126.29,126.48,23232
2013-12-13 16:00:00,126.45,126.66,126.39,126.47,57820
2013-12-16 09:45:00,126.89,127.59,126.71,127.59,44139
2013-12-16 10:00:00,127.6,128.02,127.555,127.6158,25787
2013-12-16 10:15:00,127.7,127.76,127.236,127.26,17041
2013-12-16 10:30:00,127.26,127.41,127.14,127.22,32329
2013-12-16 10:45:00,127.14,127.14,126.71,126.916,10538
2013-12-16 11:00:00,126.9,127.06,126.86,126.91,10314
2013-12-16 11:15:00,126.845,126.9,126.71,126.89,22455
2013-12-16 11:30:00,126.88,127.08,126.79,126.83,11740
2013-12-16 11:45:00,126.8173,127.0,126.7154,127.0,15757
2013-12-16 12:00:00,127.0,127.17,126.97,127.12,11446
2013-12-16 12:15:00,127.12,127.12,126.98,127.03,5100
2013-12-16 12:30:00,127.0,127.22,127.0,127.17,6604
2013-12-16 12:45:00,127.18799999999999,127.31,127.15,127.26,12536
2013-12-16 13:00:00,127.25,127.41,127.25,127.41,11762
2013-12-16 13:15:00,127.35,127.4,127.22,127.3,12627
2013-12-16 13:30:00,127.31,127.46,127.23100000000001,127.45,9454
2013-12-16 13:45:00,127.36,127.47,127.33,127.46,14141
2013-12-16 14:00:00,127.45,127.59,127.31,127.55,17294
2013-12-16 14:15:00,127.53,127.65,127.36,127.45,18250
2013-12-16 14:30:00,127.42,127.45,127.32,127.42,20220
2013-12-16 14:45:00,127.455,127.56,127.28,127.56,15210
2013-12-16 15:00:00,127.52,127.57,127.4,127.48,14604
2013-12-16 15:15:00,127.49,127.8,127.49,127.75,24722
2013-12-16 15:30:00,127.73,127.87,127.69,127.77,27151
2013-12-16 15:45:00,127.77,128.1,127.7,128.06,44626
2013-12-16 16:00:00,128.05,128.09,127.93,127.95,88382
2013-12-17 09:45:00,127.91,128.09,127.41,127.53,20947
2013-12-17 10:00:00,127.65,128.24,127.58,128.08,17555
2013-12-17 10:15:00,128.09,128.26,127.95,128.12,32952
2013-12-17 10:30:00,128.13,128.13,127.94,128.03,14384
2013-12-17 10:45:00,128.0,128.17,127.93,128.08,6400
2013-12-17 11:00:00,128.1075,128.1075,127.56,127.645,17602
2013-12-17 11:15:00,127.62,127.715,127.53,127.64,9017
2013-12-17 11:30:00,127.64,127.75,127.385,127.54,21159
2013-12-17 11:45:00,127.54,127.55,127.39,127.55,5830
2013-12-17 12:00:00,127.51,127.61,127.42,127.47,9616
2013-12-17 12:15:00,127.44,127.71,127.44,127.53,14700
2013-12-17 12:30:00,127.5,127.58,127.42,127.44,10623
2013-12-17 12:45:00,127.46,127.57,127.43,127.535,12434
2013-12-17 13:00:00,127.48,127.6,127.46,127.58,12752
2013-12-17 13:15:00,127.51,127.58,127.43,127.47,12132
2013-12-17 13:30:00,127.44,127.63,127.44,127.55,15276
2013-12-17 13:45:00,127.54,127.57,127.46,127.46,16319
2013-12-17 14:00:00,127.485,127.54,127.37,127.49,13855
2013-12-17 14:15:00,127.47,127.76899999999999,127.44,127.67,24658
2013-12-17 14:30:00,127.65,127.72,127.605,127.71,15353
2013-12-17 14:45:00,127.67,127.69,127.5,127.53,12600
2013-12-17 15:00:00,127.525,127.555,127.4,127.48,11422
2013-12-17 15:15:00,127.49,127.56,127.45,127.48,15020
2013-12-17 15:30:00,127.495,127.51,127.46,127.48,16794
2013-12-17 15:45:00,127.47,127.57,127.44,127.5,38274
2013-12-17 16:00:00,127.48,127.54,127.29,127.34,74585
2013-12-18 09:45:00,127.5,127.64,127.1623,127.63,13409
2013-12-18 10:00:00,127.64,127.9,127.45,127.46,9708
2013-12-18 10:15:00,127.45,127.67,127.35,127.45,17182
2013-12-18 10:30:00,127.44,127.54,127.32,127.4,22319
2013-12-18 10:45:00,127.43799999999999,127.5,127.27,127.338,16699
2013-12-18 11:00:00,127.31,127.46,127.19,127.46,12792
2013-12-18 11:15:00,127.49,127.515,127.37,127.38,11147
2013-12-18 11:30:00,127.41,127.52,127.35,127.42,5807
2013-12-18 11:45:00,127.41,127.47,127.18,127.28,9110
2013-12-18 12:00:00,127.28,127.29,127.1,127.16,12599
2013-12-18 12:15:00,127.238,127.38,127.2,127.24,11191
2013-12-18 12:30:00,127.25,127.33,127.22,127.25,13971
2013-12-18 12:45:00,127.25,127.25,127.07,127.085,9928
2013-12-18 13:00:00,127.09,127.11,126.915,127.04,14180
2013-12-18 13:15:00,127.04,127.19,126.79,126.89,12565
2013-12-18 13:30:00,126.88,127.23,126.76,127.21,14030
2013-12-18 13:45:00,127.21,127.25,126.96,127.09,14114
2013-12-18 14:00:00,127.1,127.68,127.1,127.48,15667
2013-12-18 14:15:00,127.36,128.24,126.68,128.03,31056
2013-12-18 14:30:00,127.99,128.28,127.8,128.06,15567
2013-12-18 14:45:00,128.09,128.84,128.09,128.65,24701
2013-12-18 15:00:00,128.57,128.81,128.49,128.65,20136
2013-12-18 15:15:00,128.71,128.97,128.515,128.9,17939
2013-12-18 15:30:00,128.9,129.14,128.86,128.96,19072
2013-12-18 15:45:00,128.94,129.58,128.91,129.58,29650
2013-12-18 16:00:00,129.59,129.63,129.21,129.54,58959
2013-12-19 09:45:00,129.53,129.82,129.07,129.13,21119
2013-12-19 10:00:00,129.1,129.11,128.72,128.85,24595
2013-12-19 10:15:00,128.9,128.92,128.19,128.22,14000
2013-12-19 10:30:00,128.2275,128.65,128.2225,128.54,11554
2013-12-19 10:45:00,128.48,128.75,128.311,128.75,13055
2013-12-19 11:00:00,128.74,128.92,128.5,128.63,14384
2013-12-19 11:15:00,128.5,128.9,128.5,128.86,5565
2013-12-19 11:30:00,128.86,128.87,128.57,128.7001,12601
2013-12-19 11:45:00,128.778,128.885,128.66,128.72799999999998,9400
2013-12-19 12:00:00,128.77,128.87,128.67,128.82,3364
2013-12-19 12:15:00,128.7996,128.82,128.65,128.654,7152
2013-12-19 12:30:00,128.7699,128.93,128.69,128.77,10529
2013-12-19 12:45:00,128.74,128.865,128.71,128.85,11883
2013-12-19 13:00:00,128.89,128.91,128.809,128.81,2590
2013-12-19 13:15:00,128.87,128.92,128.81,128.85,11800
2013-12-19 13:30:00,128.875,128.93,128.72,128.72,9976
2013-12-19 13:45:00,128.78,128.87,128.7795,128.82,3594
2013-12-19 14:00:00,128.9,128.94,128.784,128.91,4362
2013-12-19 14:15:00,128.89,129.13,128.8501,129.06,7742
2013-12-19 14:30:00,129.06,129.06,128.9,128.96,3990
2013-12-19 14:45:00,128.94,129.21,128.9,129.18,17679
2013-12-19 15:00:00,129.15,129.26,128.99,129.23,8240
2013-12-19 15:15:00,129.22,129.28,129.14,129.18,7800
2013-12-19 15:30:00,129.18,129.26,129.14,129.155,7700
2013-12-19 15:45:00,129.18,129.52,129.16,129.32,49175
2013-12-19 16:00:00,129.32,129.32,129.07,129.14,40736
2013-12-20 09:45:00,129.67,129.816,128.87,129.23,173059
2013-12-20 10:00:00,129.4,129.51,129.28,129.32,6000
2013-12-20 10:15:00,129.22,129.22,128.85,128.92,7655
2013-12-20 10:30:00,129.0,129.01,128.73,128.85,24312
2013-12-20 10:45:00,128.94,129.47,128.94,129.4,6000
2013-12-20 11:00:00,129.46,129.56,129.21,129.21,4788
2013-12-20 11:15:00,129.21,129.25,128.99,128.99,7751
2013-12-20 11:30:00,128.99,129.14,128.99,129.07,6624
2013-12-20 11:45:00,129.09,129.19,129.02,129.17,8419
2013-12-20 12:00:00,129.17,129.17,129.08,129.15,5000
2013-12-20 12:15:00,129.15,129.15,128.91,128.93,7628
2013-12-20 12:30:00,128.938,128.94,128.8,128.81,17822
2013-12-20 12:45:00,128.83,128.92,128.78,128.9,6180
2013-12-20 13:00:00,128.89,128.96,128.73,128.89,8239
2013-12-20 13:15:00,128.83,128.95600000000002,128.81,128.9,13790
2013-12-20 13:30:00,128.9,128.96,128.81,128.86,13534
2013-12-20 13:45:00,128.88,129.09,128.82,129.09,16797
2013-12-20 14:00:00,129.12,129.26,129.11,129.22,10800
2013-12-20 14:15:00,129.2,129.26,129.092,129.15,8500
2013-12-20 14:30:00,129.16,129.45,129.13,129.45,12500
2013-12-20 14:45:00,129.48,129.52,129.39,129.47,11327
2013-12-20 15:00:00,129.495,129.54,129.39,129.42,11115
2013-12-20 15:15:00,129.46,129.46,129.23,129.36,14656
2013-12-20 15:30:00,129.36,129.36,129.2,129.265,15372
2013-12-20 15:45:00,129.25,129.31,129.07,129.07,18756
2013-12-20 16:00:00,129.07,129.09,128.57,128.78,104987
2013-12-23 09:45:00,128.97,129.46,128.78,128.78,9362
2013-12-23 10:00:00,128.805,128.805,127.79,128.078,16849
2013-12-23 10:15:00,128.07,128.115,127.85,127.90100000000001,39165
2013-12-23 10:30:00,127.88,128.17,127.7,127.79799999999999,36616
2013-12-23 10:45:00,127.8,128.05,127.39,127.74,36456
2013-12-23 11:00:00,127.77,127.94,127.445,127.5,44247
2013-12-23 11:15:00,127.505,127.66,127.34,127.59,36361
2013-12-23 11:30:00,127.59,127.77,127.46,127.61,25809
2013-12-23 11:45:00,127.66,128.33,127.66,128.28,9500
2013-12-23 12:00:00,128.28,128.32,128.14,128.24,8100
2013-12-23 12:15:00,128.26,128.26,128.15,128.25,5927
2013-12-23 12:30:00,128.245,128.26,127.68,127.8,25664
2013-12-23 12:45:00,127.81,128.25,127.58,128.23,14516
2013-12-23 13:00:00,128.22,128.22,128.01,128.06,4900
2013-12-23 13:15:00,128.04,128.08,128.04,128.08,1400
2013-12-23 13:30:00,128.04,128.15,128.04,128.13,4400
2013-12-23 13:45:00,128.16,128.21,128.05,128.12,5472
2013-12-23 14:00:00,128.1,128.13,128.01,128.13,5150
2013-12-23 14:15:00,128.12,128.25,128.12,128.18,3100
2013-12-23 14:30:00,128.2,128.31,128.14,128.14,12424
2013-12-23 14:45:00,128.17,128.25,128.1,128.25,6667
2013-12-23 15:00:00,128.25,128.33,128.1,128.19,11253
2013-12-23 15:15:00,128.19,128.27,128.18,128.25,22690
2013-12-23 15:30:00,128.24,128.25,128.17,128.24,14026
2013-12-23 15:45:00,128.24,128.27,128.185,128.26,24962
2013-12-23 16:00:00,128.25,128.27,128.14,128.25,53158
2013-12-24 09:45:00,128.61,128.85,128.2501,128.85,16666
2013-12-24 10:00:00,128.75,128.94,128.716,128.91,6483
2013-12-24 10:15:00,128.97,129.22,128.95,129.08,6543
2013-12-24 10:30:00,129.16,129.3,129.16,129.27,2700
2013-12-24 10:45:00,129.26,129.27,129.16,129.23,5004
2013-12-24 11:00:00,129.19,129.43,129.17,129.43,5848
2013-12-24 11:15:00,129.41,129.42,129.26,129.34,3350
2013-12-24 11:30:00,129.34,129.54,129.34,129.49,4917
2013-12-24 11:45:00,129.49,129.594,129.39,129.39,4363
2013-12-24 12:00:00,129.34,129.42,129.28,129.38,3726
2013-12-24 12:15:00,129.42,129.42,129.27,129.33,4506
2013-12-24 12:30:00,129.33,129.4,129.1,129.4,31123
2013-12-24 12:45:00,129.42,129.59,129.42,129.47,9922
2013-12-24 13:00:00,129.48,129.48,129.0,129.14,15070
2013-12-24 13:15:00,129.21,129.21,129.21,129.21,6930
2013-12-24 13:30:00,129.21,129.21,129.21,129.21,185
2013-12-26 09:45:00,129.35,129.45,128.43,128.81,12679
2013-12-26 10:00:00,128.81,128.87,128.34,128.36,11504
2013-12-26 10:15:00,128.35,128.51,128.15,128.45,28139
2013-12-26 10:30:00,128.44,128.69,128.44,128.62,10127
2013-12-26 10:45:00,128.71,128.73,128.38,128.62,8169
2013-12-26 11:00:00,128.62,128.76,128.46,128.76,6900
2013-12-26 11:15:00,128.76,128.94,128.76,128.92,8094
2013-12-26 11:30:00,128.95,129.05,128.79,129.015,12100
2013-12-26 11:45:00,128.94799999999998,129.18,128.93,129.18,4511
2013-12-26 12:00:00,129.19,129.32,129.17,129.21,3252
2013-12-26 12:15:00,129.2515,129.33,129.24,129.29,3819
2013-12-26 12:30:00,129.33,129.52,129.23,129.51,20740
2013-12-26 12:45:00,129.52,129.76,129.5,129.76,3221
2013-12-26 13:00:00,129.73,129.81,129.66,129.67,2512
2013-12-26 13:15:00,129.66,129.69,129.63,129.69,2300
2013-12-26 13:30:00,129.69,129.76,129.61,129.61,3858
2013-12-26 13:45:00,129.6,129.6,129.52,129.56,3934
2013-12-26 14:00:00,129.58,129.6,129.47,129.59,4503
2013-12-26 14:15:00,129.5501,129.58,129.5,129.5775,2365
2013-12-26 14:30:00,129.52,129.55,129.48,129.5,1640
2013-12-26 14:45:00,129.56,129.57,129.44,129.44,3300
2013-12-26 15:00:00,129.44,129.56,129.4,129.55,4900
2013-12-26 15:15:00,129.55,129.59,129.49,129.532,6749
2013-12-26 15:30:00,129.53,129.64,129.5,129.59,6133
2013-12-26 15:45:00,129.59,129.63,129.51,129.6072,11505
2013-12-26 16:00:00,129.61,129.66,129.54,129.65,21644
2013-12-27 09:45:00,129.94,129.99200000000002,129.56,129.56,9457
2013-12-27 10:00:00,129.75,129.77,129.43,129.59,4500
2013-12-27 10:15:00,129.6492,129.6492,129.32,129.45,8060
2013-12-27 10:30:00,129.38,129.4,129.03,129.03,4826
2013-12-27 10:45:00,128.98,128.99,128.62,128.72,8940
2013-12-27 11:00:00,128.75,129.14,128.62,128.76,7214
2013-12-27 11:15:00,128.87,128.97,128.7,128.9,7477
2013-12-27 11:30:00,128.88,129.09,128.77,129.0799,9900
2013-12-27 11:45:00,129.16,129.16,128.77,128.85,7300
2013-12-27 12:00:00,128.95,129.13,128.94,128.95,6860
2013-12-27 12:15:00,128.9301,129.02,128.87,129.01,2325
2013-12-27 12:30:00,129.03,129.03,128.87,129.01,1739
2013-12-27 12:45:00,128.91,128.91,128.75,128.78,1300
2013-12-27 13:00:00,128.72,128.775,128.56,128.575,2300
2013-12-27 13:15:00,128.54,128.6,128.5,128.54,2095
2013-12-27 13:30:00,128.4801,128.5799,128.4801,128.53,2190
2013-12-27 13:45:00,128.51,128.51,128.43,128.43,1497
2013-12-27 14:00:00,128.44,128.53,128.44,128.49,1900
2013-12-27 14:15:00,128.49,128.625,128.47,128.52,2100
2013-12-27 14:30:00,128.51,128.68200000000002,128.48,128.68200000000002,3165
2013-12-27 14:45:00,128.7,128.77,128.62,128.6979,7599
2013-12-27 15:00:00,128.7,128.73,128.611,128.63,1896
2013-12-27 15:15:00,128.6799,128.6799,128.59,128.61,2636
2013-12-27 15:30:00,128.59,128.65,128.57,128.65,4249
2013-12-27 15:45:00,128.69,128.74,128.62,128.68,12418
2013-12-27 16:00:00,128.69,128.89,128.69,128.84,37614
2013-12-30 09:45:00,129.11,129.11,128.23,128.23,7435
2013-12-30 10:00:00,128.315,128.315,128.01,128.1461,13013
2013-12-30 10:15:00,128.09,128.13,127.94,127.97,7370
2013-12-30 10:30:00,127.96,127.99,127.61,127.99,11117
2013-12-30 10:45:00,127.88,128.16,127.83,128.002,7391
2013-12-30 11:00:00,128.04,128.19,128.0109,128.1,4232
2013-12-30 11:15:00,128.16,128.54,128.1,128.48,4125
2013-12-30 11:30:00,128.48,128.88,128.48,128.8,4300
2013-12-30 11:45:00,128.73,128.92,128.71,128.817,1729
2013-12-30 12:00:00,128.8,128.94,128.74,128.92,20496
2013-12-30 12:15:00,128.91,129.0,128.81,128.9162,2881
2013-12-30 12:30:00,128.94,128.985,128.92,128.95,6300
2013-12-30 12:45:00,128.99,128.99,128.89,128.99,1900
2013-12-30 13:00:00,128.87,128.95,128.86,128.9316,1600
2013-12-30 13:15:00,128.97,128.98,128.88,128.93,5450
2013-12-30 13:30:00,128.909,128.98,128.81,128.81,19709
2013-12-30 13:45:00,128.81,128.91,128.59,128.59,6460
2013-12-30 14:00:00,128.61,128.69,128.501,128.501,4726
2013-12-30 14:15:00,128.51,128.66,128.49,128.59,4195
2013-12-30 14:30:00,128.56,128.62,128.44,128.61,23004
2013-12-30 14:45:00,128.638,128.73,128.61,128.61,3752
2013-12-30 15:00:00,128.58,128.68,128.54,128.58,18918
2013-12-30 15:15:00,128.62,128.68,128.54,128.61,14292
2013-12-30 15:30:00,128.64,128.7,128.6,128.68,4108
2013-12-30 15:45:00,128.68,128.78,128.61,128.63,11700
2013-12-30 16:00:00,128.63,128.64,128.39,128.46,31344
2013-12-31 09:45:00,128.63,129.0,128.54,129.0,3989
2013-12-31 10:00:00,129.1125,129.35,129.01,129.35,3500
2013-12-31 10:15:00,129.36,129.37,128.97,129.02,7679
2013-12-31 10:30:00,128.99,128.99,128.75,128.85,3665
2013-12-31 10:45:00,128.92,128.92,128.74,128.92,3100
2013-12-31 11:00:00,128.91,129.0,128.77,129.0,3500
2013-12-31 11:15:00,129.07,129.24,129.07,129.2,3000
2013-12-31 11:30:00,129.11,129.19,128.93,128.93,14220
2013-12-31 11:45:00,128.95,128.97,128.67,128.7,5700
2013-12-31 12:00:00,128.67,128.74,128.53,128.585,13565
2013-12-31 12:15:00,128.6,128.749,128.48,128.69,7229
2013-12-31 12:30:00,128.66,128.66,128.58,128.58,3300
2013-12-31 12:45:00,128.66,128.74,128.56,128.59,4400
2013-12-31 13:00:00,128.6,128.6,128.54,128.58,2400
2013-12-31 13:15:00,128.68,128.68,128.44,128.44,3200
2013-12-31 13:30:00,128.45,128.59,128.36,128.5,13913
2013-12-31 13:45:00,128.52,128.7,128.52,128.7,2600
2013-12-31 14:00:00,128.72,128.8,128.63,128.66,10316
2013-12-31 14:15:00,128.71,128.75,128.59,128.63,1800
2013-12-31 14:30:00,128.66,128.6899,128.52,128.53,2398
2013-12-31 14:45:00,128.53,128.53,128.13,128.13,4711
2013-12-31 15:00:00,128.14,128.39,128.12,128.34,31879
2013-12-31 15:15:00,128.39,128.41,128.36,128.4,3800
2013-12-31 15:30:00,128.37,128.71,128.37,128.68,5635
2013-12-31 15:45:00,128.7,128.78,128.6,128.69,8789
2013-12-31 16:00:00,128.73,128.81,128.51,128.65,25510
2014-01-02 09:45:00,128.42,129.64,128.2,128.59799999999998,28805
2014-01-02 10:00:00,128.51,128.76,128.51,128.7,10548
2014-01-02 10:15:00,128.571,129.0,128.39,128.95,12829
2014-01-02 10:30:00,128.94,129.2,128.9,129.2,40937
2014-01-02 10:45:00,129.1301,129.61,129.1301,129.54,23999
2014-01-02 11:00:00,129.49,129.596,129.28,129.28,9620
2014-01-02 11:15:00,129.28,129.37,129.15,129.205,11897
2014-01-02 11:30:00,129.18,129.33,128.89,128.89,5500
2014-01-02 11:45:00,128.89,128.92,128.46,128.5,4100
2014-01-02 12:00:00,128.47,128.61,128.22,128.61,20972
2014-01-02 12:15:00,128.63,128.72,128.57,128.69,5961
2014-01-02 12:30:00,128.63,128.87,128.58,128.79,15836
2014-01-02 12:45:00,128.76,128.81,128.5901,128.67,4390
2014-01-02 13:00:00,128.625,128.87,128.625,128.85,8282
2014-01-02 13:15:00,128.86,128.88,128.59,128.59,5668
2014-01-02 13:30:00,128.62,128.7,128.43,128.53,20007
2014-01-02 13:45:00,128.525,128.54,128.31,128.53,24521
2014-01-02 14:00:00,128.5002,128.72,128.5002,128.6209,10861
2014-01-02 14:15:00,128.68,128.8,128.64,128.68,8050
2014-01-02 14:30:00,128.68,128.68,128.4,128.53,18609
2014-01-02 14:45:00,128.56,128.7,128.5268,128.59,6775
2014-01-02 15:00:00,128.585,128.7,128.53,128.59,8427
2014-01-02 15:15:00,128.6,128.74,128.59,128.74,8151
2014-01-02 15:30:00,128.71,128.91,128.68,128.68,7000
2014-01-02 15:45:00,128.62,128.7004,128.56,128.68,25986
2014-01-02 16:00:00,128.69,128.82,128.63,128.8,37707
2014-01-03 09:45:00,129.02,129.6,128.48,129.21,16631
2014-01-03 10:00:00,129.14,129.84,129.14,129.7,18842
2014-01-03 10:15:00,129.63,129.8,129.61,129.8,13324
2014-01-03 10:30:00,129.8,129.97,129.71,129.86,11336
2014-01-03 10:45:00,129.82,129.92,129.74,129.9,7912
2014-01-03 11:00:00,129.81,129.84,129.4,129.44,8600
2014-01-03 11:15:00,129.475,129.5287,129.26,129.47,12144
2014-01-03 11:30:00,129.45,129.56,129.37,129.49,19018
2014-01-03 11:45:00,129.5,129.57,129.34,129.53,17095
2014-01-03 12:00:00,129.52,129.54,129.42,129.49,13108
2014-01-03 12:15:00,129.56,129.58,129.36,129.44,32478
2014-01-03 12:30:00,129.48,129.77,129.48,129.77,10055
2014-01-03 12:45:00,129.8,129.8,129.56,129.63,9500
2014-01-03 13:00:00,129.64,129.67,129.58,129.61,4200
2014-01-03 13:15:00,129.59,129.63,129.46,129.52,15369
2014-01-03 13:30:00,129.49,129.76,129.48,129.75,6273
2014-01-03 13:45:00,129.76,129.76,129.4,129.42,10122
2014-01-03 14:00:00,129.41,129.45,129.28,129.28,6222
2014-01-03 14:15:00,129.34,129.46,129.04,129.09,7400
2014-01-03 14:30:00,129.03,129.06,128.97,128.99,7434
2014-01-03 14:45:00,129.01,129.17,129.01,129.07,5600
2014-01-03 15:00:00,129.08,129.29,129.08,129.13,12644
2014-01-03 15:15:00,129.05,129.27,129.04,129.18,17242
2014-01-03 15:30:00,129.18,129.31,129.15,129.16,16700
2014-01-03 15:45:00,129.19,129.33,129.09,129.11,19244
2014-01-03 16:00:00,129.118,129.12,128.93,129.045,36478
2014-01-06 09:45:00,129.5,129.88,129.03,129.88,20360
2014-01-06 10:00:00,129.76,129.88,129.63,129.85,17233
2014-01-06 10:15:00,129.84,129.954,129.74,129.79,14336
2014-01-06 10:30:00,129.86,130.32,129.86,130.32,14126
2014-01-06 10:45:00,130.28,130.57,130.19,130.392,17408
2014-01-06 11:00:00,130.485,130.69,130.35,130.57,28088
2014-01-06 11:15:00,130.48,130.65,130.0525,130.14,16400
2014-01-06 11:30:00,130.14,130.48,129.85,130.45,19927
2014-01-06 11:45:00,130.55,130.55,130.0,130.03,12588
2014-01-06 12:00:00,130.02,130.16,129.97,130.07,11419
2014-01-06 12:15:00,130.06,130.09,129.87,130.01,19105
2014-01-06 12:30:00,130.0,130.08,129.95,130.0,14235
2014-01-06 12:45:00,129.99,130.17,129.83,129.96,17920
2014-01-06 13:00:00,129.95,129.965,129.78,129.78,23588
2014-01-06 13:15:00,129.76,129.77100000000002,129.64,129.7,11178
2014-01-06 13:30:00,129.66,129.66,129.37,129.37,5650
2014-01-06 13:45:00,129.31,129.44,129.225,129.43,7300
2014-01-06 14:00:00,129.4,129.78,129.34,129.66,11809
2014-01-06 14:15:00,129.69,129.86,129.59,129.8,41935
2014-01-06 14:30:00,129.82,130.01,129.77,129.85,17416
2014-01-06 14:45:00,129.85,130.09,129.85,130.03,14730
2014-01-06 15:00:00,130.01,130.085,129.95,130.07,7250
2014-01-06 15:15:00,130.03,130.07,129.84,129.91,30310
2014-01-06 15:30:00,129.95,129.95,129.8,129.8,9196
2014-01-06 15:45:00,129.83,129.93,129.59,129.72,27357
2014-01-06 16:00:00,129.68,129.9,129.51,129.51,73895
2014-01-07 09:45:00,129.89,130.78,129.75,130.36,24002
2014-01-07 10:00:00,130.38,131.04,130.33,131.03,26814
2014-01-07 10:15:00,131.03,131.22,130.99,131.005,20898
2014-01-07 10:30:00,131.079,131.36,131.0,131.32,15561
2014-01-07 10:45:00,131.31,131.91,131.275,131.82,28690
2014-01-07 11:00:00,131.82,131.92,131.6352,131.92,42510
2014-01-07 11:15:00,131.935,132.17,131.935,132.03,19497
2014-01-07 11:30:00,132.06,132.12,131.98,132.0,17680
2014-01-07 11:45:00,132.0,132.35,131.99200000000002,132.32,23514
2014-01-07 12:00:00,132.368,132.53,132.325,132.48,30750
2014-01-07 12:15:00,132.45,132.45,132.2,132.205,15413
2014-01-07 12:30:00,132.205,132.42,132.205,132.3,10722
2014-01-07 12:45:00,132.3,132.36,132.15,132.3,13299
2014-01-07 13:00:00,132.34,132.43,132.24,132.384,11824
2014-01-07 13:15:00,132.39,132.54,132.23,132.52,28678
2014-01-07 13:30:00,132.53,132.59,132.5,132.54,17647
2014-01-07 13:45:00,132.53,132.61,132.5,132.58,21300
2014-01-07 14:00:00,132.56,132.56,132.37,132.49,32200
2014-01-07 14:15:00,132.48,132.52,132.24,132.43,34703
2014-01-07 14:30:00,132.43,132.74,132.37,132.66,51759
2014-01-07 14:45:00,132.67,132.82,132.63,132.82,39086
2014-01-07 15:00:00,132.76,132.91,132.74,132.83,26170
2014-01-07 15:15:00,132.82,132.89,132.66,132.73,24254
2014-01-07 15:30:00,132.7,132.84,132.7,132.775,33755
2014-01-07 15:45:00,132.81,133.01,132.735,133.01,49176
2014-01-07 16:00:00,132.98,133.12,132.92,133.01,115318
2014-01-08 09:45:00,132.76,133.31,131.92,132.27,25644
2014-01-08 10:00:00,132.2,132.52,131.53,132.52,37444
2014-01-08 10:15:00,132.49,132.7,132.335,132.66,71649
2014-01-08 10:30:00,132.545,133.2,132.38,133.06,33256
2014-01-08 10:45:00,133.06,133.33,133.03,133.03,14634
2014-01-08 11:00:00,133.0,133.19,132.83,132.87,17247
2014-01-08 11:15:00,132.82,133.0,132.42,132.66,14138
2014-01-08 11:30:00,132.64,132.87,132.55,132.73,13342
2014-01-08 11:45:00,132.76,132.92,132.7,132.83,19002
2014-01-08 12:00:00,132.9,133.21,132.88,133.07,15760
2014-01-08 12:15:00,133.03,133.06,132.99,133.02,21237
2014-01-08 12:30:00,133.0,133.2,133.0,133.04,20798
2014-01-08 12:45:00,133.05,133.08,132.96,133.0,18895
2014-01-08 13:00:00,133.003,133.03,132.71,132.82,13383
2014-01-08 13:15:00,132.82,132.86,132.73,132.81,15310
2014-01-08 13:30:00,132.79,132.88,132.72,132.85,22848
2014-01-08 13:45:00,132.85,133.0,132.59,132.72,17114
2014-01-08 14:00:00,132.69,132.82,132.6,132.68,18202
2014-01-08 14:15:00,132.71,132.93,132.58,132.74,21810
2014-01-08 14:30:00,132.71,132.865,132.59,132.705,19900
2014-01-08 14:45:00,132.74,132.88,132.65,132.76,20393
2014-01-08 15:00:00,132.77,132.785,132.61,132.765,26015
2014-01-08 15:15:00,132.79,132.79,132.65,132.71,42731
2014-01-08 15:30:00,132.69,132.72,132.49,132.49,41231
2014-01-08 15:45:00,132.5,132.51,132.33,132.34,32392
2014-01-08 16:00:00,132.37,132.77,132.37,132.63,158800
2014-01-09 09:45:00,133.22,133.82,132.88,132.88,23470
2014-01-09 10:00:00,132.95,133.24,132.62,133.24,18802
2014-01-09 10:15:00,133.265,133.61,132.98,133.045,13342
2014-01-09 10:30:00,133.0479,133.23,132.7375,132.93,15150
2014-01-09 10:45:00,133.0,133.0,132.57,132.59,15285
2014-01-09 11:00:00,132.58,132.86,132.57,132.79,19477
2014-01-09 11:15:00,132.81,132.81,132.545,132.56,27061
2014-01-09 11:30:00,132.615,133.1,132.6,133.02,14697
2014-01-09 11:45:00,133.02,133.06,132.89,132.97,13610
2014-01-09 12:00:00,132.915,133.05,132.82,133.025,9299
2014-01-09 12:15:00,133.04,133.09,132.76,132.95,9455
2014-01-09 12:30:00,132.92,132.97,132.73,132.94,9600
2014-01-09 12:45:00,132.94,133.35,132.93,133.29,9100
2014-01-09 13:00:00,133.26,133.47,133.13,133.47,13983
2014-01-09 13:15:00,133.45,133.52,133.18,133.18,8965
2014-01-09 13:30:00,133.21,133.23,133.05,133.09,13100
2014-01-09 13:45:00,133.045,133.15,132.96,132.97,12556
2014-01-09 14:00:00,132.985,133.049,132.92,132.94,9942
2014-01-09 14:15:00,132.955,133.01,132.74,132.81,20141
2014-01-09 14:30:00,132.8,132.85,132.62,132.76,15179
2014-01-09 14:45:00,132.76,132.89,132.59,132.845,10417
2014-01-09 15:00:00,132.86,133.14,132.85,133.07,17669
2014-01-09 15:15:00,133.07,133.17,132.935,133.04,19982
2014-01-09 15:30:00,133.06,133.13,132.64,132.7,44589
2014-01-09 15:45:00,132.71,132.73,132.47,132.53,32081
2014-01-09 16:00:00,132.54,132.59,132.32,132.51,75246
2014-01-10 09:45:00,132.82,133.19,132.311,132.69,12145
2014-01-10 10:00:00,132.86,133.11,132.78,133.03,7322
2014-01-10 10:15:00,132.78,132.79,132.46,132.635,3821
2014-01-10 10:30:00,132.685,132.99,132.65,132.7,6898
2014-01-10 10:45:00,132.77,132.9,132.534,132.86,52176
2014-01-10 11:00:00,132.87,133.13,132.76,132.91,9197
2014-01-10 11:15:00,132.93,133.0425,132.71,132.88,11225
2014-01-10 11:30:00,132.8,132.97,132.58,132.87,43417
2014-01-10 11:45:00,132.895,132.92,132.56,132.79,8586
2014-01-10 12:00:00,132.79,132.895,132.67,132.69,4050
2014-01-10 12:15:00,132.68,132.8525,132.5,132.8525,6740
2014-01-10 12:30:00,132.87,132.98,132.68,132.7,6635
2014-01-10 12:45:00,132.62,133.01,132.53,132.98,8762
2014-01-10 13:00:00,133.0,133.06,132.8001,132.87,4389
2014-01-10 13:15:00,132.9375,133.24,132.79,133.17,7500
2014-01-10 13:30:00,133.17,133.17,132.97,133.01,5375
2014-01-10 13:45:00,133.01,133.21,133.01,133.16,3200
2014-01-10 14:00:00,133.15,133.15,132.61,132.73,8661
2014-01-10 14:15:00,132.73,132.8,132.67,132.70600000000002,5805
2014-01-10 14:30:00,132.78,132.86,132.67,132.75,14279
2014-01-10 14:45:00,132.72,132.97,132.67,132.92,21753
2014-01-10 15:00:00,132.96,133.09,132.8,132.85,5556
2014-01-10 15:15:00,132.86,133.18,132.82,133.1,8479
2014-01-10 15:30:00,133.15,133.16,132.96,133.1,13345
2014-01-10 15:45:00,133.13,133.23,133.13,133.23,10755
2014-01-10 16:00:00,133.21,133.21,132.92,132.99,28172
2014-01-13 09:45:00,132.92,133.97,132.31,132.96,16399
2014-01-13 10:00:00,132.955,133.14,131.85,132.15,37312
2014-01-13 10:15:00,132.17,132.45,132.125,132.29,31500
2014-01-13 10:30:00,132.26,132.59,132.07,132.445,42041
2014-01-13 10:45:00,132.6,132.6,132.18,132.52,27927
2014-01-13 11:00:00,132.68,132.68,132.36,132.465,11071
2014-01-13 11:15:00,132.48,132.51,132.19,132.48,10393
2014-01-13 11:30:00,132.52,132.67,132.46,132.6,12302
2014-01-13 11:45:00,132.57,132.79,132.48,132.765,12256
2014-01-13 12:00:00,132.77,132.9,132.73,132.9,9154
2014-01-13 12:15:00,132.84,132.93,132.585,132.585,11389
2014-01-13 12:30:00,132.52,132.6,131.92,131.92,7797
2014-01-13 12:45:00,131.75,131.9,131.58,131.82,11155
2014-01-13 13:00:00,131.76,131.89,131.4,131.4,9844
2014-01-13 13:15:00,131.38,131.75,131.29,131.5,23038
2014-01-13 13:30:00,131.41,131.41,131.13,131.22,20191
2014-01-13 13:45:00,131.22,131.23,130.99,131.12,13439
2014-01-13 14:00:00,131.08,131.1,130.87,131.095,9614
2014-01-13 14:15:00,131.05,131.14,130.88,131.04,13019
2014-01-13 14:30:00,131.04,131.07,130.6,130.67,10116
2014-01-13 14:45:00,130.59,130.78,130.5,130.72,16759
2014-01-13 15:00:00,130.71,130.78,130.45,130.63,14936
2014-01-13 15:15:00,130.55,130.55,130.0,130.31,19193
2014-01-13 15:30:00,130.34,130.47,130.08,130.46,34417
2014-01-13 15:45:00,130.46,130.46,130.05,130.1,34007
2014-01-13 16:00:00,130.11,130.31,130.05,130.25,72694
2014-01-14 09:45:00,130.68,130.86,130.3225,130.65,45545
2014-01-14 10:00:00,130.69,130.71,130.06,130.51,25395
2014-01-14 10:15:00,130.56,131.29,130.56,131.08,36988
2014-01-14 10:30:00,131.14,131.21,130.97,130.975,21773
2014-01-14 10:45:00,131.03,131.44,130.98,131.34,32085
2014-01-14 11:00:00,131.38,131.95,131.31,131.95,16091
2014-01-14 11:15:00,131.9,132.2,131.85,132.09,20255
2014-01-14 11:30:00,132.12,132.57,132.12,132.38,16217
2014-01-14 11:45:00,132.43,132.56,132.15,132.15,13932
2014-01-14 12:00:00,132.05,132.44,131.98,132.44,21420
2014-01-14 12:15:00,132.48,132.489,132.22,132.41,20750
2014-01-14 12:30:00,132.48,132.83,132.47,132.72,16348
2014-01-14 12:45:00,132.68,132.74,132.39,132.74,12204
2014-01-14 13:00:00,132.65,132.65,132.44,132.59,4432
2014-01-14 13:15:00,132.61,132.68,132.45,132.59,11152
2014-01-14 13:30:00,132.655,132.83,132.64,132.76,8864
2014-01-14 13:45:00,132.8,132.94,132.71,132.81,7468
2014-01-14 14:00:00,132.73,132.83,132.63,132.82,13492
2014-01-14 14:15:00,132.83,132.9,132.69,132.77,13188
2014-01-14 14:30:00,132.83,132.95,132.73,132.9,9939
2014-01-14 14:45:00,132.95,132.96,132.82,132.89,9227
2014-01-14 15:00:00,132.92,132.92,132.57,132.6,9588
2014-01-14 15:15:00,132.59,132.59,132.47,132.52,12346
2014-01-14 15:30:00,132.56,132.79,132.43,132.79,39869
2014-01-14 15:45:00,132.76,133.0195,132.76,132.83,34346
2014-01-14 16:00:00,132.81,132.81,132.59,132.6,66918
2014-01-15 09:45:00,132.49,133.39,132.42,132.88,28815
2014-01-15 10:00:00,133.0,133.29,132.475,132.475,16425
2014-01-15 10:15:00,132.59,133.09,132.51,132.98,18200
2014-01-15 10:30:00,133.06,133.3,132.905,133.21,9338
2014-01-15 10:45:00,133.25,133.32,133.13,133.25,3040
2014-01-15 11:00:00,133.14,133.23,132.92,133.17,6375
2014-01-15 11:15:00,133.14,133.55,133.14,133.49,9582
2014-01-15 11:30:00,133.48,133.56,133.05,133.065,10290
2014-01-15 11:45:00,133.06,133.26,133.02,133.26,7902
2014-01-15 12:00:00,133.27,133.31,133.11,133.23,5918
2014-01-15 12:15:00,133.31,133.56,133.213,133.49,7376
2014-01-15 12:30:00,133.4914,133.66,133.46,133.54,8833
2014-01-15 12:45:00,133.39,133.52,133.2377,133.3,5126
2014-01-15 13:00:00,133.17,133.5,133.14,133.5,8040
2014-01-15 13:15:00,133.43,133.48,133.15,133.22,8015
2014-01-15 13:30:00,133.23,133.31,133.1338,133.24,6150
2014-01-15 13:45:00,133.31,133.31,133.07,133.26,25421
2014-01-15 14:00:00,133.26,133.31,133.06,133.16,6352
2014-01-15 14:15:00,133.0,133.28,133.0,133.25,4700
2014-01-15 14:30:00,133.2,133.35,133.1,133.26,13138
2014-01-15 14:45:00,133.28,133.35,133.21,133.29,4807
2014-01-15 15:00:00,133.4,133.55,133.36,133.535,7271
2014-01-15 15:15:00,133.5,133.7,133.45,133.48,33230
2014-01-15 15:30:00,133.5,133.62,133.4,133.47,12673
2014-01-15 15:45:00,133.518,133.59,133.3,133.33,13268
2014-01-15 16:00:00,133.32,133.45,133.07,133.09,42008
2014-01-16 09:45:00,133.0,133.24,132.27,132.5499,16455
2014-01-16 10:00:00,132.32,133.08,132.04,132.99,9402
2014-01-16 10:15:00,133.01,133.28,132.92,133.24,8687
2014-01-16 10:30:00,133.15,133.24,132.69,132.69,6045
2014-01-16 10:45:00,132.7,132.83,132.56,132.73,5498
2014-01-16 11:00:00,132.71,132.79,132.42,132.71,4215
2014-01-16 11:15:00,132.68,133.05,132.61,133.025,33206
2014-01-16 11:30:00,133.02,133.08,132.53,132.61,10686
2014-01-16 11:45:00,132.75,133.02,132.69,133.015,3904
2014-01-16 12:00:00,133.06,133.23,132.88,133.18,12500
2014-01-16 12:15:00,133.14,133.43,133.14,133.3,4105
2014-01-16 12:30:00,133.28,133.46,133.18,133.4,6303
2014-01-16 12:45:00,133.4099,133.56,133.37,133.512,4111
2014-01-16 13:00:00,133.55,133.58,133.46,133.51,3315
2014-01-16 13:15:00,133.55,133.55,133.2701,133.31,5095
2014-01-16 13:30:00,133.29,133.53,133.29,133.43,5340
2014-01-16 13:45:00,133.43,133.4399,133.2,133.34,4071
2014-01-16 14:00:00,133.33,133.53,133.32,133.36,5050
2014-01-16 14:15:00,133.26,133.26,133.16,133.22,5191
2014-01-16 14:30:00,133.15,133.47,133.09,133.46,10126
2014-01-16 14:45:00,133.38,133.51,133.37,133.51,4139
2014-01-16 15:00:00,133.4354,133.635,133.4354,133.59,4252
2014-01-16 15:15:00,133.6,133.74,133.51,133.55,9091
2014-01-16 15:30:00,133.55,133.71,133.5,133.67,12574
2014-01-16 15:45:00,133.62,133.75,133.51,133.55,41834
2014-01-16 16:00:00,133.52,133.72,133.32,133.72,36779
2014-01-17 09:45:00,133.44,134.0,133.23,133.59,184408
2014-01-17 10:00:00,133.6,134.02,133.6,134.01,12011
2014-01-17 10:15:00,134.0,134.02,133.59,133.74,6674
2014-01-17 10:30:00,133.63,133.73,133.3,133.67,12881
2014-01-17 10:45:00,133.74,133.9199,133.68,133.798,7975
2014-01-17 11:00:00,133.92,134.45,133.92,134.42,8981
2014-01-17 11:15:00,134.365,134.41,134.2,134.31,7905
2014-01-17 11:30:00,134.19,134.48,134.1699,134.35,9692
2014-01-17 11:45:00,134.37,134.51,134.23,134.43,18183
2014-01-17 12:00:00,134.4,134.88,134.38,134.83,51642
2014-01-17 12:15:00,134.77,135.28,134.76,135.24,65596
2014-01-17 12:30:00,135.24,135.24,134.81,134.9,14513
2014-01-17 12:45:00,134.94,135.1,134.83,134.83,4616
2014-01-17 13:00:00,134.83,134.94,134.68,134.87,7345
2014-01-17 13:15:00,134.86,134.94,134.51,134.62,6875
2014-01-17 13:30:00,134.51,134.86,134.51,134.53,4675
2014-01-17 13:45:00,134.56,134.77,134.55,134.58,3884
2014-01-17 14:00:00,134.56,135.02,134.56,134.99,6681
2014-01-17 14:15:00,134.93,135.12,134.87,135.08,10826
2014-01-17 14:30:00,135.01,135.16,134.95,135.09,10870
2014-01-17 14:45:00,135.05,135.22,134.97,135.16,9756
2014-01-17 15:00:00,135.165,135.43,135.165,135.41,19571
2014-01-17 15:15:00,135.38,135.48,135.07,135.34,18126
2014-01-17 15:30:00,135.35,135.39,135.14,135.26,12578
2014-01-17 15:45:00,135.2588,135.52,135.04,135.17,53115
2014-01-17 16:00:00,135.15,135.54,135.14,135.44,113900
2014-01-21 09:45:00,135.89,136.28,135.1,135.1,33812
2014-01-21 10:00:00,135.15,136.37,135.14,136.28,16480
2014-01-21 10:15:00,136.37,136.436,135.915,135.93,19531
2014-01-21 10:30:00,135.92,135.96,135.6,135.77,16264
2014-01-21 10:45:00,135.76,135.76,135.51,135.61,14313
2014-01-21 11:00:00,135.666,135.68,135.29,135.4,13568
2014-01-21 11:15:00,135.32,135.56,135.04,135.32,43552
2014-01-21 11:30:00,135.31,135.57,135.221,135.38,20412
2014-01-21 11:45:00,135.35,135.56,135.23,135.45,23047
2014-01-21 12:00:00,135.45,135.45,135.02,135.18,11708
2014-01-21 12:15:00,135.16,135.24,134.96,135.0,20501
2014-01-21 12:30:00,134.99,135.4,134.97,135.355,25981
2014-01-21 12:45:00,135.42,135.45,135.32,135.45,13783
2014-01-21 13:00:00,135.4,135.53,135.4,135.43,18627
2014-01-21 13:15:00,135.46,135.82,135.33,135.76,11851
2014-01-21 13:30:00,135.82,136.0,135.74,135.84,15744
2014-01-21 13:45:00,135.84,135.93,135.8301,135.86,15865
2014-01-21 14:00:00,135.89,136.0,135.88,135.94,41867
2014-01-21 14:15:00,135.93,135.98,135.78,135.87,10010
2014-01-21 14:30:00,135.87,135.98,135.83,135.91,12614
2014-01-21 14:45:00,135.93,136.01,135.86,135.87,13378
2014-01-21 15:00:00,135.87,135.96,135.722,135.93,13293
2014-01-21 15:15:00,135.93,135.96,135.72,135.72,24380
2014-01-21 15:30:00,135.78,135.85,135.71,135.81,16638
2014-01-21 15:45:00,135.83,135.95,135.7801,135.92,30059
2014-01-21 16:00:00,135.93,135.99,135.87,135.98,47370
2014-01-22 09:45:00,136.16,136.59,135.95,135.97,14905
2014-01-22 10:00:00,136.0,136.0,135.45,135.67,10269
2014-01-22 10:15:00,135.7199,135.83,135.52,135.52,18548
2014-01-22 10:30:00,135.5,135.9,135.25,135.885,12376
2014-01-22 10:45:00,135.85,136.35,135.84,136.245,15025
2014-01-22 11:00:00,136.25,136.33,136.122,136.33,20614
2014-01-22 11:15:00,136.37,136.6,136.043,136.455,20311
2014-01-22 11:30:00,136.42,137.282,136.39,136.58,62229
2014-01-22 11:45:00,136.55,136.6,136.25,136.3813,8018
2014-01-22 12:00:00,136.39,136.4,136.15,136.2,5822
2014-01-22 12:15:00,136.29,136.5,136.17,136.5,4842
2014-01-22 12:30:00,136.45,136.52,136.3,136.44,25452
2014-01-22 12:45:00,136.47,136.51,136.4087,136.48,4050
2014-01-22 13:00:00,136.5,136.524,136.34,136.34,6692
2014-01-22 13:15:00,136.31,136.49,136.21,136.49,3698
2014-01-22 13:30:00,136.52,136.55,136.34,136.515,5904
2014-01-22 13:45:00,136.515,136.515,136.24,136.24,8860
2014-01-22 14:00:00,136.24,136.41,136.2,136.41,5407
2014-01-22 14:15:00,136.296,136.4,136.26,136.28,4375
2014-01-22 14:30:00,136.28,136.36,136.03,136.04,19093
2014-01-22 14:45:00,136.13,136.2265,136.05,136.17,10593
2014-01-22 15:00:00,136.2,136.2,135.9901,136.04,9527
2014-01-22 15:15:00,136.07,136.13,136.04,136.1,10100
2014-01-22 15:30:00,136.16,136.27,136.1,136.17,14717
2014-01-22 15:45:00,136.21,136.23,136.05,136.06,28970
2014-01-22 16:00:00,136.08,136.12,135.93,136.02,59561
2014-01-23 09:45:00,135.02,136.15,134.51,135.54,16288
2014-01-23 10:00:00,135.28,135.66,135.08,135.08,6200
2014-01-23 10:15:00,135.17,135.4,134.52,134.635,15948
2014-01-23 10:30:00,134.61,134.77,134.38,134.4,18044
2014-01-23 10:45:00,134.35,134.45,134.09,134.24,10196
2014-01-23 11:00:00,134.255,134.32,133.96,133.96,9604
2014-01-23 11:15:00,134.01,134.11,133.88,134.06,11058
2014-01-23 11:30:00,134.01,134.15,133.94,134.0247,40568
2014-01-23 11:45:00,133.99,134.02,133.81,133.98,10945
2014-01-23 12:00:00,134.0,134.12,133.71,134.12,12625
2014-01-23 12:15:00,134.13,134.14,133.85,133.85,11542
2014-01-23 12:30:00,133.83,133.97,133.78,133.8,4650
2014-01-23 12:45:00,133.74,134.06,133.61,134.01,5641
2014-01-23 13:00:00,133.98,134.04,133.65,133.81,6479
2014-01-23 13:15:00,133.79,133.86,133.6,133.69,7100
2014-01-23 13:30:00,133.65,133.94,133.6,133.78,11561
2014-01-23 13:45:00,133.8899,133.93,133.64,133.8,9006
2014-01-23 14:00:00,133.83,133.89,133.6,133.655,7645
2014-01-23 14:15:00,133.65,134.11,133.64,134.01,24246
2014-01-23 14:30:00,134.07,134.27,134.03,134.09,22573
2014-01-23 14:45:00,134.1,134.23,134.04,134.17,25453
2014-01-23 15:00:00,134.19,134.26,134.1,134.25,5212
2014-01-23 15:15:00,134.27,134.33,134.16,134.19,10411
2014-01-23 15:30:00,134.245,134.4,134.16,134.25,15796
2014-01-23 15:45:00,134.24,134.48,134.21,134.36,27218
2014-01-23 16:00:00,134.37,134.4479,134.16,134.38,36147
2014-01-24 09:45:00,133.99,134.42,133.18,134.0,33868
2014-01-24 10:00:00,133.99,134.0,133.28,133.29,14097
2014-01-24 10:15:00,133.32,133.7,133.16,133.7,25737
2014-01-24 10:30:00,133.54,133.73,133.34,133.35,26397
2014-01-24 10:45:00,133.375,133.51,133.11,133.505,16873
2014-01-24 11:00:00,133.43,133.73,133.25,133.64,29922
2014-01-24 11:15:00,133.62,133.62,133.06,133.32,14290
2014-01-24 11:30:00,133.275,133.51,133.17,133.24,8755
2014-01-24 11:45:00,133.31,133.61,133.28,133.36,11292
2014-01-24 12:00:00,133.33,133.73,133.312,133.62,6547
2014-01-24 12:15:00,133.64,133.68,133.29,133.63,10209
2014-01-24 12:30:00,133.67,133.8,133.48,133.48,12711
2014-01-24 12:45:00,133.48,133.65,133.4001,133.5,10230
2014-01-24 13:00:00,133.42,133.7,133.37,133.675,13755
2014-01-24 13:15:00,133.715,133.715,133.47,133.5,9911
2014-01-24 13:30:00,133.5,133.6,133.34,133.37,17364
2014-01-24 13:45:00,133.4,133.47,133.34,133.46,9646
2014-01-24 14:00:00,133.44,133.73,133.42,133.67,28638
2014-01-24 14:15:00,133.6,133.696,133.24,133.24,11849
2014-01-24 14:30:00,133.23,133.43,133.14,133.21,16914
2014-01-24 14:45:00,133.21,133.36,133.18,133.26,11707
2014-01-24 15:00:00,133.26,133.34,133.16,133.22,12911
2014-01-24 15:15:00,133.16,133.32,133.07,133.27,29500
2014-01-24 15:30:00,133.16,133.26,133.1,133.22,14355
2014-01-24 15:45:00,133.22,133.29,133.14,133.21,20458
2014-01-24 16:00:00,133.17,133.17,132.48,132.55,111184
2014-01-27 09:45:00,132.96,133.66,132.66,133.37,52340
2014-01-27 10:00:00,133.39,133.95,133.36,133.53,17019
2014-01-27 10:15:00,133.582,134.26,133.5,133.81,33401
2014-01-27 10:30:00,133.91,134.02,133.51,133.59,28479
2014-01-27 10:45:00,133.58,133.99,133.43,133.52,25018
2014-01-27 11:00:00,133.53,133.67,133.26,133.26,22550
2014-01-27 11:15:00,133.24,133.54,133.16,133.36,29750
2014-01-27 11:30:00,133.35,133.61,133.23,133.2311,14593
2014-01-27 11:45:00,133.25,133.41,132.91,133.3,14048
2014-01-27 12:00:00,133.41,133.49,133.03,133.13,14155
2014-01-27 12:15:00,133.02,133.15,132.735,133.06,15524
2014-01-27 12:30:00,133.12,133.12,131.975,132.42,34724
2014-01-27 12:45:00,132.42,132.78,132.28,132.78,9850
2014-01-27 13:00:00,132.81,132.81,132.44,132.52,14157
2014-01-27 13:15:00,132.45,132.84,132.28,132.8,9900
2014-01-27 13:30:00,132.82,132.82,132.58,132.71,6600
2014-01-27 13:45:00,132.732,132.85,132.56,132.73,24900
2014-01-27 14:00:00,132.825,132.865,132.63,132.63,15025
2014-01-27 14:15:00,132.66,133.36,132.66,133.36,21336
2014-01-27 14:30:00,133.37,133.55,133.17,133.55,19816
2014-01-27 14:45:00,133.516,133.7982,133.37,133.71,10892
2014-01-27 15:00:00,133.68,133.78,133.37,133.7,31618
2014-01-27 15:15:00,133.66,133.86,133.54,133.86,25334
2014-01-27 15:30:00,133.79,133.845,133.37,133.4,25482
2014-01-27 15:45:00,133.41,133.53,133.17,133.245,48094
2014-01-27 16:00:00,133.26,133.375,133.01,133.09,86216
2014-01-28 09:45:00,133.0,133.97,132.8125,133.03,46438
2014-01-28 10:00:00,133.05,133.09,132.66,133.01,25689
2014-01-28 10:15:00,133.014,133.58,132.895,133.0399,32860
2014-01-28 10:30:00,132.9,133.3,132.55,132.74,46756
2014-01-28 10:45:00,132.60399999999998,132.75,132.2301,132.27,19483
2014-01-28 11:00:00,132.24,132.67,132.19,132.6125,19503
2014-01-28 11:15:00,132.59,132.62,132.35,132.385,12338
2014-01-28 11:30:00,132.34,132.34,131.82,132.02,11997
2014-01-28 11:45:00,132.03,132.05,131.77,131.85,14300
2014-01-28 12:00:00,131.84,131.92,131.61,131.85,17805
2014-01-28 12:15:00,131.85,132.12,131.7,132.01,13827
2014-01-28 12:30:00,132.0,132.56,131.99,132.56,26109
2014-01-28 12:45:00,132.66,132.78,132.48,132.505,18200
2014-01-28 13:00:00,132.5,132.593,132.01,132.034,13271
2014-01-28 13:15:00,132.13,132.14,131.82,132.034,17548
2014-01-28 13:30:00,132.03,132.075,131.87,131.97,14862
2014-01-28 13:45:00,132.0,132.14,131.65,131.9699,12398
2014-01-28 14:00:00,131.97,132.055,131.87,132.055,14326
2014-01-28 14:15:00,132.05,132.11,131.93,132.031,23358
2014-01-28 14:30:00,132.04,132.305,131.99,132.175,19802
2014-01-28 14:45:00,132.18,132.2084,132.04,132.11,18481
2014-01-28 15:00:00,132.13,132.205,132.04,132.095,21576
2014-01-28 15:15:00,132.1,132.18,131.98,131.98,22967
2014-01-28 15:30:00,131.99,132.0499,131.92,131.99,17347
2014-01-28 15:45:00,132.02,132.12,131.98,132.05,45719
2014-01-28 16:00:00,132.05,132.09,131.9,132.06,75023
2014-01-29 09:45:00,131.45,131.74,131.114,131.34,46812
2014-01-29 10:00:00,131.14,131.27,130.23,130.98,22771
2014-01-29 10:15:00,131.04,131.25,130.951,131.015,22698
2014-01-29 10:30:00,130.924,131.08,130.63,130.65,19108
2014-01-29 10:45:00,130.75,130.98,130.25,130.68,70153
2014-01-29 11:00:00,130.755,130.87,130.48,130.61,17301
2014-01-29 11:15:00,130.6,130.97,130.48,130.96,162750
2014-01-29 11:30:00,130.99,131.11,130.755,130.85,21097
2014-01-29 11:45:00,130.85,131.0,130.68,131.0,14816
2014-01-29 12:00:00,131.0,131.06,130.865,130.98,26744
2014-01-29 12:15:00,130.98,131.02,130.78,130.92,16996
2014-01-29 12:30:00,130.93,131.03,130.64,130.65,20384
2014-01-29 12:45:00,130.69,130.78,130.53,130.685,36920
2014-01-29 13:00:00,130.6895,130.82,130.564,130.65,25734
2014-01-29 13:15:00,130.67,130.91,130.58,130.91,46647
2014-01-29 13:30:00,130.88,130.8992,130.74,130.882,14157
2014-01-29 13:45:00,130.87,130.96,130.81,130.84,6800
2014-01-29 14:00:00,130.75,131.03,130.72,130.94,14080
2014-01-29 14:15:00,130.94,131.37,130.68,130.93,43747
2014-01-29 14:30:00,130.93,131.28,130.656,131.2,33919
2014-01-29 14:45:00,131.1,131.3,130.9,131.039,13090
2014-01-29 15:00:00,131.12,131.15,130.72,130.93,30587
2014-01-29 15:15:00,130.915,131.13,130.5236,130.55,66303
2014-01-29 15:30:00,130.56,130.62,130.34,130.44,24232
2014-01-29 15:45:00,130.36,130.5,130.28,130.455,21315
2014-01-29 16:00:00,130.47,130.69,130.29,130.3,70444
2014-01-30 09:45:00,131.18,131.62,130.43,130.43,20508
2014-01-30 10:00:00,130.81,130.93,130.05,130.82,15913
2014-01-30 10:15:00,130.83,131.29,130.52,131.13,11442
2014-01-30 10:30:00,131.19,132.09,130.85,131.72,15229
2014-01-30 10:45:00,131.64,131.85,131.43,131.49,50471
2014-01-30 11:00:00,131.5,131.61,131.24,131.59,2800
2014-01-30 11:15:00,131.58,132.29,131.58,131.97,9771
2014-01-30 11:30:00,132.03,132.33,131.9,131.98,35086
2014-01-30 11:45:00,132.03,132.26,131.77,131.84,13908
2014-01-30 12:00:00,131.82,132.03,131.72,131.83,5007
2014-01-30 12:15:00,131.825,131.875,131.43,131.57,12200
2014-01-30 12:30:00,131.53,131.58,131.32,131.38,7181
2014-01-30 12:45:00,131.42,131.735,131.42,131.635,8446
2014-01-30 13:00:00,131.6,131.6,131.43,131.505,4107
2014-01-30 13:15:00,131.5,131.56,131.34,131.47,9091
2014-01-30 13:30:00,131.52,131.98,131.52,131.86,4500
2014-01-30 13:45:00,131.85,131.93,131.57,131.65,10818
2014-01-30 14:00:00,131.67,131.99,131.67,131.93,22266
2014-01-30 14:15:00,131.91,131.93,131.78,131.78,11333
2014-01-30 14:30:00,131.76,131.97,131.702,131.88,8294
2014-01-30 14:45:00,131.92,132.18,131.895,132.18,10630
2014-01-30 15:00:00,132.17,132.17,132.0,132.06,7400
2014-01-30 15:15:00,132.12,132.33,132.12,132.2598,25509
2014-01-30 15:30:00,132.22,132.32,132.16,132.23,10493
2014-01-30 15:45:00,132.27,132.27,132.11,132.16,21099
2014-01-30 16:00:00,132.15,132.34,131.96,132.21,64205
2014-01-31 09:45:00,130.15,131.09,130.1,130.745,20279
2014-01-31 10:00:00,130.68,131.24,130.38,130.485,8812
2014-01-31 10:15:00,130.38,130.85,130.38,130.485,14322
2014-01-31 10:30:00,130.43,130.57,130.2,130.2,13217
2014-01-31 10:45:00,130.2,130.235,129.85,129.92,16760
2014-01-31 11:00:00,129.965,130.19,129.87,130.05,43217
2014-01-31 11:15:00,130.05,130.13,129.93,129.98,47866
2014-01-31 11:30:00,130.08,130.19,129.78,130.17,34141
2014-01-31 11:45:00,130.235,130.55,130.07,130.54,20981
2014-01-31 12:00:00,130.555,131.01,130.39,131.01,35409
2014-01-31 12:15:00,131.02,131.39,131.02,131.25,9469
2014-01-31 12:30:00,131.26,131.38,131.04,131.38,8852
2014-01-31 12:45:00,131.4,131.51,131.06,131.26,13073
2014-01-31 13:00:00,131.2,131.44,131.145,131.17,9650
2014-01-31 13:15:00,131.16,131.43,130.96,131.38,12615
2014-01-31 13:30:00,131.33,131.33,131.06,131.25,6200
2014-01-31 13:45:00,131.26,131.38,131.23,131.275,4468
2014-01-31 14:00:00,131.19,131.67,131.16,131.66,13110
2014-01-31 14:15:00,131.7,131.86,131.45,131.48,13499
2014-01-31 14:30:00,131.53,131.55,131.38,131.52,9700
2014-01-31 14:45:00,131.49,131.79,131.43,131.79,9175
2014-01-31 15:00:00,131.79,131.81,131.5,131.502,17624
2014-01-31 15:15:00,131.48,131.48,131.16,131.45,9711
2014-01-31 15:30:00,131.45,131.59,131.18,131.22,14211
2014-01-31 15:45:00,131.2,131.33,131.05,131.21,25665
2014-01-31 16:00:00,131.17,131.18,130.74,130.99,81238
2014-02-03 09:45:00,133.09,134.11,132.08,133.26,96655
2014-02-03 10:00:00,133.18,133.4,132.81,132.99,40971
2014-02-03 10:15:00,132.99,133.05,131.66,131.79,32954
2014-02-03 10:30:00,131.81,132.05,131.43,131.76,21069
2014-02-03 10:45:00,131.76,132.0,131.59,131.8,13917
2014-02-03 11:00:00,131.87,132.15,131.4,131.46,20526
2014-02-03 11:15:00,131.45,131.52,130.91,130.91,12549
2014-02-03 11:30:00,130.87,130.99,130.69,130.7,24448
2014-02-03 11:45:00,130.66,130.95,130.57,130.57,74162
2014-02-03 12:00:00,130.53,130.57,130.08,130.08,22337
2014-02-03 12:15:00,130.08,130.08,129.72,130.04,23648
2014-02-03 12:30:00,130.01,130.25,129.86,130.14,48926
2014-02-03 12:45:00,130.23,130.44,129.96,130.24,15205
2014-02-03 13:00:00,130.27,130.46,130.11,130.408,24332
2014-02-03 13:15:00,130.39,130.47,130.23,130.37,28923
2014-02-03 13:30:00,130.236,130.33,130.15,130.22,28907
2014-02-03 13:45:00,130.154,130.35,130.028,130.05,15300
2014-02-03 14:00:00,130.08,130.17,129.82,130.05,30109
2014-02-03 14:15:00,130.06,130.8,130.01,130.736,36700
2014-02-03 14:30:00,130.79,130.95,130.666,130.89,27035
2014-02-03 14:45:00,130.91,131.09,130.752,130.95,29209
2014-02-03 15:00:00,130.87,130.96,130.47,130.47,24151
2014-02-03 15:15:00,130.5102,130.82,130.47,130.74,30945
2014-02-03 15:30:00,130.81,130.83,130.33,130.57,28322
2014-02-03 15:45:00,130.58,130.75,130.484,130.484,60948
2014-02-03 16:00:00,130.53,131.18,130.28,131.0,200039
2014-02-04 09:45:00,132.47,133.1,131.69,131.84,99268
2014-02-04 10:00:00,131.83,133.61,131.77,133.29,107813
2014-02-04 10:15:00,133.29,134.48,133.07,133.575,171606
2014-02-04 10:30:00,133.64,134.71,133.38,134.42,152688
2014-02-04 10:45:00,134.39,134.74,134.05,134.23,29918
2014-02-04 11:00:00,134.19,134.22,133.25,134.01,76524
2014-02-04 11:15:00,134.0,134.21,133.36,133.55,40700
2014-02-04 11:30:00,133.555,133.62,133.3,133.45,42103
2014-02-04 11:45:00,133.39700000000002,134.31,133.35,134.255,90229
2014-02-04 12:00:00,134.27,134.505,134.18,134.505,34322
2014-02-04 12:15:00,134.5,134.54,134.1,134.1,46211
2014-02-04 12:30:00,134.123,134.295,134.01,134.05,13366
2014-02-04 12:45:00,134.1,134.24,133.97,134.16,13100
2014-02-04 13:00:00,134.17,134.4677,134.01,134.4,79396
2014-02-04 13:15:00,134.4,134.7,134.27,134.37,24917
2014-02-04 13:30:00,134.34,134.53,134.24,134.49,33215
2014-02-04 13:45:00,134.49,134.55,134.24,134.3,16650
2014-02-04 14:00:00,134.295,134.45,134.13,134.21,18661
2014-02-04 14:15:00,134.21,134.28,134.08,134.28,24150
2014-02-04 14:30:00,134.28,134.5,134.15,134.37,20305
2014-02-04 14:45:00,134.43,134.5,134.33,134.45,13257
2014-02-04 15:00:00,134.475,134.64,134.44,134.62,16900
2014-02-04 15:15:00,134.62,134.72,134.36,134.37,26350
2014-02-04 15:30:00,134.37,134.37,133.66,133.78,42622
2014-02-04 15:45:00,133.81,134.47,133.76,134.36,43933
2014-02-04 16:00:00,134.43,134.58,134.2675,134.47,113071
2014-02-05 09:45:00,132.92,133.94,132.85,133.42,74274
2014-02-05 10:00:00,133.48,133.64,132.74,133.01,135975
2014-02-05 10:15:00,133.01,134.12,132.84,132.97,53694
2014-02-05 10:30:00,132.961,133.01,132.22,132.4,45622
2014-02-05 10:45:00,132.42,132.72,132.21,132.41,91864
2014-02-05 11:00:00,132.466,132.466,132.07,132.31,21417
2014-02-05 11:15:00,132.33,132.38,131.84,132.31,25151
2014-02-05 11:30:00,132.265,133.11,132.265,133.02,25903
2014-02-05 11:45:00,133.14,133.5,133.01,133.33,23399
2014-02-05 12:00:00,133.395,134.15,133.39,133.96,20152
2014-02-05 12:15:00,133.975,134.04,133.82,133.89,15400
2014-02-05 12:30:00,133.88,134.1,133.72,133.92,28218
2014-02-05 12:45:00,133.92,134.12,133.92,133.98,22312
2014-02-05 13:00:00,133.96,134.3,133.95,134.3,20231
2014-02-05 13:15:00,134.37,134.46,134.21,134.46,16405
2014-02-05 13:30:00,134.49,134.6575,133.94,133.94,20415
2014-02-05 13:45:00,134.0,134.2999,133.8301,134.11,28422
2014-02-05 14:00:00,134.03,134.44,134.02,134.3,30391
2014-02-05 14:15:00,134.31,134.545,134.3,134.4,32375
2014-02-05 14:30:00,134.4,134.45,134.21,134.3,27408
2014-02-05 14:45:00,134.35,134.44,134.18,134.33,25805
2014-02-05 15:00:00,134.28,134.389,133.87,134.01,44742
2014-02-05 15:15:00,134.04,134.8,134.0,134.66,62982
2014-02-05 15:30:00,134.65,134.77,134.35,134.5,41845
2014-02-05 15:45:00,134.5,134.97,134.42,134.7,63173
2014-02-05 16:00:00,134.71,134.83,133.99,134.56,158452
2014-02-06 09:45:00,142.32,147.01,141.93,145.565,301424
2014-02-06 10:00:00,145.965,149.64,145.7,147.86,157803
2014-02-06 10:15:00,147.75,149.99,147.69,147.84,198598
2014-02-06 10:30:00,148.19,148.66,145.82,146.422,176505
2014-02-06 10:45:00,146.435,147.53,146.3,147.0,146301
2014-02-06 11:00:00,146.892,147.66,145.79,147.66,95908
2014-02-06 11:15:00,147.63,148.46,147.53,147.85,73229
2014-02-06 11:30:00,147.86,148.97,147.67,147.67,124437
2014-02-06 11:45:00,147.69,148.08,146.17,146.18,79669
2014-02-06 12:00:00,146.24,146.61,145.7712,146.29,92445
2014-02-06 12:15:00,146.26,147.22,146.11,146.5,56604
2014-02-06 12:30:00,146.42,147.62,146.42,147.57,51475
2014-02-06 12:45:00,147.55,147.71,146.905,146.905,34502
2014-02-06 13:00:00,146.935,146.98,146.6,146.68,25168
2014-02-06 13:15:00,146.69,147.16,146.69,147.1,35433
2014-02-06 13:30:00,147.08,147.17,146.89,146.89,89036
2014-02-06 13:45:00,146.92,147.29,146.86,146.99,62113
2014-02-06 14:00:00,147.09,147.1,146.96,147.02,31759
2014-02-06 14:15:00,147.05,147.15,146.36,146.94,41836
2014-02-06 14:30:00,146.94,147.095,146.55,146.98,33740
2014-02-06 14:45:00,147.01,147.35,146.95,147.22,58927
2014-02-06 15:00:00,147.25,147.25,146.82,146.82,34693
2014-02-06 15:15:00,146.8,147.06,146.65,146.91,39688
2014-02-06 15:30:00,146.92,147.07,146.879,146.99,47887
2014-02-06 15:45:00,147.0,147.02,146.7,146.7,93855
2014-02-06 16:00:00,146.72,147.08,146.29,146.7,215702
2014-02-07 09:45:00,146.91,148.5,146.83,147.28,74367
2014-02-07 10:00:00,147.3,147.56,146.61,146.61,65516
2014-02-07 10:15:00,146.73,147.2,146.41,146.41,34945
2014-02-07 10:30:00,146.41,146.76,146.03,146.24,69345
2014-02-07 10:45:00,146.34,146.76,146.1501,146.471,18006
2014-02-07 11:00:00,146.38,146.65,146.38,146.53,29969
2014-02-07 11:15:00,146.57,146.63,146.07,146.29,26389
2014-02-07 11:30:00,146.3,146.6,146.07,146.58,30107
2014-02-07 11:45:00,146.59,147.62,146.58,147.62,28238
2014-02-07 12:00:00,147.66,148.054,147.58,148.05,25638
2014-02-07 12:15:00,147.99,148.6325,147.99,148.6325,36588
2014-02-07 12:30:00,148.64,148.88,148.55,148.6,22350
2014-02-07 12:45:00,148.61,148.8,148.36,148.465,22936
2014-02-07 13:00:00,148.44,148.6,148.27,148.52,28454
2014-02-07 13:15:00,148.54,148.74,148.43,148.44,25364
2014-02-07 13:30:00,148.4015,148.99,148.38,148.84,23803
2014-02-07 13:45:00,148.84,148.97,148.63,148.95,15498
2014-02-07 14:00:00,148.93,148.99,148.86,148.94,39365
2014-02-07 14:15:00,148.92,149.12,148.89,148.94,29865
2014-02-07 14:30:00,148.88,149.06,148.73,148.91,17777
2014-02-07 14:45:00,148.87,149.04,148.81,149.01,23933
2014-02-07 15:00:00,148.98,149.04,148.6601,148.7232,16871
2014-02-07 15:15:00,148.75,149.16,148.6,149.125,40802
2014-02-07 15:30:00,149.1599,149.34,148.87,148.89,33524
2014-02-07 15:45:00,148.91,149.275,148.89,149.25,42501
2014-02-07 16:00:00,149.26,149.37,149.12,149.18,74813
2014-02-10 09:45:00,149.13,149.48,148.748,149.089,50222
2014-02-10 10:00:00,149.0,149.0,148.02,148.11,34232
2014-02-10 10:15:00,148.21,148.22,147.61,147.94,32814
2014-02-10 10:30:00,148.07,148.39,147.67,147.72,28410
2014-02-10 10:45:00,147.65,147.79,147.16,147.6,23830
2014-02-10 11:00:00,147.57,147.79,147.33,147.59,21189
2014-02-10 11:15:00,147.62,147.69,147.31,147.51,19604
2014-02-10 11:30:00,147.51,147.81,147.47,147.53,16508
2014-02-10 11:45:00,147.53,147.94,147.45,147.7403,49064
2014-02-10 12:00:00,147.72,148.07,147.72,147.81,47981
2014-02-10 12:15:00,147.82,147.83,147.48,147.48,7560
2014-02-10 12:30:00,147.47,147.79,147.43,147.63,11100
2014-02-10 12:45:00,147.66,147.999,147.57,147.85,10616
2014-02-10 13:00:00,147.8,148.11,147.74,147.95,15906
2014-02-10 13:15:00,147.99,148.28,147.9,148.14,14300
2014-02-10 13:30:00,148.19,148.39,148.12,148.38,11916
2014-02-10 13:45:00,148.41,148.83,148.36,148.76,18935
2014-02-10 14:00:00,148.75,148.86,148.63,148.76,11595
2014-02-10 14:15:00,148.76,148.92,148.64,148.65,28722
2014-02-10 14:30:00,148.63,148.72,148.45,148.52,13845
2014-02-10 14:45:00,148.53,148.69,148.53,148.58,12161
2014-02-10 15:00:00,148.555,148.56,148.345,148.39,13190
2014-02-10 15:15:00,148.38,148.43,148.23,148.25,18418
2014-02-10 15:30:00,148.23,148.24,147.97,148.12,29194
2014-02-10 15:45:00,148.06,148.47,148.06,148.4,28573
2014-02-10 16:00:00,148.42,148.47,148.17,148.21,57273
2014-02-11 09:45:00,147.09,149.18,147.0101,149.0,111074
2014-02-11 10:00:00,148.95,149.29,148.475,148.75,81248
2014-02-11 10:15:00,148.81,149.8085,148.81,149.48,87331
2014-02-11 10:30:00,149.39,149.54,149.09,149.46,38840
2014-02-11 10:45:00,149.42,149.43,148.79,148.97799999999998,60457
2014-02-11 11:00:00,148.99,149.02,148.75,148.8875,26083
2014-02-11 11:15:00,148.89,148.96,148.5988,148.62,54340
2014-02-11 11:30:00,148.595,148.97,148.595,148.89,40030
2014-02-11 11:45:00,148.91,148.96,148.67,148.7,49239
2014-02-11 12:00:00,148.67,148.84,148.63,148.84,43438
2014-02-11 12:15:00,148.76,149.31,148.76,149.25,75704
2014-02-11 12:30:00,149.22,149.2275,149.12,149.14,6827
2014-02-11 12:45:00,149.22,149.4,149.16,149.36,24945
2014-02-11 13:00:00,149.3955,149.58,149.34,149.56,13240
2014-02-11 13:15:00,149.57,149.94,149.57,149.83,24482
2014-02-11 13:30:00,149.79,150.12,149.79,150.02,52540
2014-02-11 13:45:00,150.01,150.01,149.71,149.82,14860
2014-02-11 14:00:00,149.82,149.83,149.52,149.54,35824
2014-02-11 14:15:00,149.57,149.6703,149.39,149.63,19758
2014-02-11 14:30:00,149.645,149.79,149.645,149.7,10495
2014-02-11 14:45:00,149.75,149.96,149.66,149.96,23015
2014-02-11 15:00:00,149.95,150.27,149.95,150.27,19589
2014-02-11 15:15:00,150.28,150.57,150.265,150.57,35246
2014-02-11 15:30:00,150.55,150.95,150.5095,150.905,47503
2014-02-11 15:45:00,150.905,151.5,150.865,151.49,83804
2014-02-11 16:00:00,151.48,151.48,150.52,150.56,297041
2014-02-12 09:45:00,151.0,151.85,150.61,151.09,51166
2014-02-12 10:00:00,151.16,151.5,151.06,151.2592,28781
2014-02-12 10:15:00,151.26,151.59,150.72,151.06,54898
2014-02-12 10:30:00,151.11,151.2,150.85,150.866,11200
2014-02-12 10:45:00,150.99,151.15,150.514,150.815,58063
2014-02-12 11:00:00,150.84,150.96,150.7,150.87,7720
2014-02-12 11:15:00,150.822,151.37,150.64,151.37,88339
2014-02-12 11:30:00,151.31,151.345,150.94,150.94,10280
2014-02-12 11:45:00,150.94,151.0,150.395,150.69,35778
2014-02-12 12:00:00,150.68,150.76,150.59,150.76,5579
2014-02-12 12:15:00,150.8,150.89,150.665,150.675,21553
2014-02-12 12:30:00,150.5942,150.6252,150.35,150.54,14094
2014-02-12 12:45:00,150.7,150.77,150.55,150.66,7611
2014-02-12 13:00:00,150.75,151.03,150.63,150.84799999999998,9521
2014-02-12 13:15:00,150.92,151.08,150.91,151.07,4648
2014-02-12 13:30:00,151.07,151.34,150.98,151.3,6704
2014-02-12 13:45:00,151.25,151.28,151.0678,151.13,6652
2014-02-12 14:00:00,151.13,151.13,150.94,151.06,9294
2014-02-12 14:15:00,151.15,151.18,150.755,150.81,14539
2014-02-12 14:30:00,150.82,150.93,150.81,150.93,11725
2014-02-12 14:45:00,150.91,150.94,150.795,150.89,14597
2014-02-12 15:00:00,150.88,150.89,150.694,150.89,16246
2014-02-12 15:15:00,150.93,150.95,150.78,150.86,40375
2014-02-12 15:30:00,150.85,150.985,150.82,150.985,20383
2014-02-12 15:45:00,150.99,151.16,150.99,151.14,35455
2014-02-12 16:00:00,151.14,151.39,151.01,151.33,96237
2014-02-13 09:45:00,150.68,151.13,150.34,150.435,29121
2014-02-13 10:00:00,150.43,151.0,150.3,150.9,25053
2014-02-13 10:15:00,150.89,151.25,150.63,150.98,39880
2014-02-13 10:30:00,150.98,151.62,150.98,151.57,26275
2014-02-13 10:45:00,151.56,151.63,151.406,151.6,5803
2014-02-13 11:00:00,151.53,151.73,151.38,151.49,9859
2014-02-13 11:15:00,151.58,151.85,151.4,151.67,77549
2014-02-13 11:30:00,151.705,152.095,151.705,152.095,9609
2014-02-13 11:45:00,152.1,152.1275,151.82,152.02,40174
2014-02-13 12:00:00,151.9875,152.22,151.9875,152.18,18233
2014-02-13 12:15:00,152.16,152.17,151.695,151.8,13987
2014-02-13 12:30:00,151.7825,151.9725,151.6,151.95,8700
2014-02-13 12:45:00,152.0,152.36,151.98,152.36,19679
2014-02-13 13:00:00,152.45,152.47,152.32,152.32,9767
2014-02-13 13:15:00,152.37,152.47,152.29,152.38,17431
2014-02-13 13:30:00,152.445,152.62,152.33,152.54,17645
2014-02-13 13:45:00,152.54,152.65,152.425,152.61,5638
2014-02-13 14:00:00,152.59,152.64,152.43,152.52,14848
2014-02-13 14:15:00,152.54,152.69,152.5,152.58,11027
2014-02-13 14:30:00,152.61,152.65,152.41,152.5,27317
2014-02-13 14:45:00,152.5,152.65,152.45,152.6,22405
2014-02-13 15:00:00,152.62,152.84,152.59,152.8,13252
2014-02-13 15:15:00,152.78,152.81,152.48,152.48,36487
2014-02-13 15:30:00,152.48,152.53,152.35,152.44,35006
2014-02-13 15:45:00,152.44,152.6,152.4,152.54,55321
2014-02-13 16:00:00,152.55,152.87,152.495,152.82,91963
2014-02-14 09:45:00,152.39,152.76,151.48,151.99,35676
2014-02-14 10:00:00,151.91,153.0,151.744,152.885,24521
2014-02-14 10:15:00,152.86,152.9975,152.55,152.89,20348
2014-02-14 10:30:00,152.94,153.2,152.725,152.89,33743
2014-02-14 10:45:00,152.94,153.0,152.65,152.89,23284
2014-02-14 11:00:00,152.9675,153.14,152.85,152.9,18752
2014-02-14 11:15:00,152.9675,153.205,152.85,153.14,13458
2014-02-14 11:30:00,153.13,153.49,153.13,153.3475,14622
2014-02-14 11:45:00,153.31,153.65,153.31,153.64,15745
2014-02-14 12:00:00,153.64,153.64,153.43,153.52,16681
2014-02-14 12:15:00,153.53,153.59,153.23,153.48,18465
2014-02-14 12:30:00,153.48,153.5875,153.4,153.4,17864
2014-02-14 12:45:00,153.392,153.5875,153.28,153.5875,11956
2014-02-14 13:00:00,153.545,153.73,153.54,153.673,15194
2014-02-14 13:15:00,153.68,153.85,153.62,153.81,16148
2014-02-14 13:30:00,153.8675,153.93,153.69,153.74,28382
2014-02-14 13:45:00,153.71,153.95,153.675,153.93,21009
2014-02-14 14:00:00,153.93,154.28,153.92600000000002,154.28,40238
2014-02-14 14:15:00,154.28,154.35,154.21,154.35,11988
2014-02-14 14:30:00,154.38,154.54,154.3101,154.5175,29748
2014-02-14 14:45:00,154.52,154.96,154.48,154.96,29929
2014-02-14 15:00:00,154.96,155.0,154.9,154.99,27624
2014-02-14 15:15:00,154.99,155.158,154.95,155.02,50857
2014-02-14 15:30:00,155.03,155.04,154.645,154.87,53877
2014-02-14 15:45:00,154.88,155.09,154.85,155.05200000000002,57584
2014-02-14 16:00:00,155.05,155.16,154.73,154.82,148369
2014-02-18 09:45:00,155.94,155.94,153.72,154.5,71738
2014-02-18 10:00:00,154.375,154.885,154.375,154.77,19893
2014-02-18 10:15:00,154.56,154.865,154.49,154.765,15918
2014-02-18 10:30:00,154.71,154.8625,154.571,154.65,8319
2014-02-18 10:45:00,154.74,154.74,154.53,154.605,6300
2014-02-18 11:00:00,154.59,154.7,154.43,154.7,15543
2014-02-18 11:15:00,154.72,154.96,154.48,154.78,22337
2014-02-18 11:30:00,154.82,155.1575,154.82,155.1575,10589
2014-02-18 11:45:00,155.16,155.4,154.81,155.08,28709
2014-02-18 12:00:00,155.085,155.375,154.77,154.77,14465
2014-02-18 12:15:00,154.7975,155.06,154.78,154.99,6894
2014-02-18 12:30:00,154.92,155.27,154.89,155.13,11167
2014-02-18 12:45:00,155.14,155.2,154.8,154.91,6101
2014-02-18 13:00:00,154.9,154.9,154.61,154.82,4500
2014-02-18 13:15:00,154.87,154.91899999999998,154.69,154.7,7223
2014-02-18 13:30:00,154.75,154.78,154.63,154.71,5100
2014-02-18 13:45:00,154.73,154.83,154.65,154.7101,14793
2014-02-18 14:00:00,154.7,154.89,154.65,154.88,6767
2014-02-18 14:15:00,154.8402,154.92,154.69,154.695,6863
2014-02-18 14:30:00,154.69,154.8,154.69,154.7,32929
2014-02-18 14:45:00,154.7,154.8,154.69,154.8,15386
2014-02-18 15:00:00,154.77,154.85,154.7,154.73,11600
2014-02-18 15:15:00,154.71,154.7501,154.69,154.71,18798
2014-02-18 15:30:00,154.71,154.84,154.69,154.78,20528
2014-02-18 15:45:00,154.78,154.78,154.65,154.7,19058
2014-02-18 16:00:00,154.7,154.77,154.64,154.73,87229
2014-02-19 09:45:00,154.25,154.57,153.74,153.87,56061
2014-02-19 10:00:00,153.95,154.19,153.63,153.77,15002
2014-02-19 10:15:00,153.79,154.01,153.3,154.01,16287
2014-02-19 10:30:00,154.01,154.86,153.68,154.785,36046
2014-02-19 10:45:00,154.78,154.98,154.41,154.87,52548
2014-02-19 11:00:00,154.85,155.01,154.49,154.935,19166
2014-02-19 11:15:00,154.99,155.05,154.26,154.36,12900
2014-02-19 11:30:00,154.244,154.31,153.89,154.11,16046
2014-02-19 11:45:00,154.12,154.24,153.83,154.17,14547
2014-02-19 12:00:00,154.11,154.24,153.91,153.97,17192
2014-02-19 12:15:00,153.945,154.36,153.84,154.36,9388
2014-02-19 12:30:00,154.36,154.39,153.97,154.03,14469
2014-02-19 12:45:00,154.08,154.26,154.03,154.14,12379
2014-02-19 13:00:00,154.08,154.1599,153.775,153.91,7447
2014-02-19 13:15:00,153.97,153.97,153.66,153.74,22978
2014-02-19 13:30:00,153.73,153.8299,153.66,153.7777,9638
2014-02-19 13:45:00,153.8,153.85,153.64,153.85,6546
2014-02-19 14:00:00,153.89,153.92,153.63,153.68,9775
2014-02-19 14:15:00,153.59,154.03,153.58,153.96,10946
2014-02-19 14:30:00,153.93,153.93,153.64,153.86,9247
2014-02-19 14:45:00,153.98,153.98,153.73,153.8,8300
2014-02-19 15:00:00,153.805,153.89,153.66,153.755,16660
2014-02-19 15:15:00,153.88,153.92,153.47,153.54,14837
2014-02-19 15:30:00,153.56,153.75,153.425,153.6575,25609
2014-02-19 15:45:00,153.65,153.71,153.42,153.46,38589
2014-02-19 16:00:00,153.49,153.5145,153.1,153.2,40032
2014-02-20 09:45:00,154.48,154.98,153.18,154.22,30056
2014-02-20 10:00:00,154.22,154.53,153.99,154.17,66797
2014-02-20 10:15:00,154.17,154.28,153.692,154.23,11309
2014-02-20 10:30:00,154.08,154.25,153.96,154.23,2286
2014-02-20 10:45:00,154.37,154.89,154.33,154.67,5546
2014-02-20 11:00:00,154.78,154.81,154.41,154.4275,5115
2014-02-20 11:15:00,154.55,154.55,154.12,154.185,12867
2014-02-20 11:30:00,154.219,154.279,153.7135,153.84,8002
2014-02-20 11:45:00,153.82,153.84,153.63,153.69,3866
2014-02-20 12:00:00,153.61,153.7582,153.44,153.49,3600
2014-02-20 12:15:00,153.5,153.545,153.25,153.25,4790
2014-02-20 12:30:00,153.3,153.57,153.22,153.56,26979
2014-02-20 12:45:00,153.54,153.62,153.414,153.45,10041
2014-02-20 13:00:00,153.49,153.53,153.33,153.5,15643
2014-02-20 13:15:00,153.48,153.5,153.4,153.491,6600
2014-02-20 13:30:00,153.46,153.47,153.31,153.41,7100
2014-02-20 13:45:00,153.39,153.665,153.36,153.59,9349
2014-02-20 14:00:00,153.55,153.575,153.444,153.505,5724
2014-02-20 14:15:00,153.5,153.695,153.41,153.695,12739
2014-02-20 14:30:00,153.71,153.85,153.6859,153.73,10397
2014-02-20 14:45:00,153.75,153.88,153.74,153.87,5200
2014-02-20 15:00:00,153.88,153.94,153.72,153.94,7664
2014-02-20 15:15:00,153.92,154.0,153.869,153.96,8690
2014-02-20 15:30:00,153.96,154.0,153.759,153.86,10719
2014-02-20 15:45:00,153.85,154.44,153.85,154.37,22977
2014-02-20 16:00:00,154.36,154.61,154.2301,154.25,61491
2014-02-21 09:45:00,154.31,154.5,153.41,154.38,83652
2014-02-21 10:00:00,154.27,154.5,154.08,154.14,9540
2014-02-21 10:15:00,154.07,154.32,153.79,153.92,5400
2014-02-21 10:30:00,153.8801,153.965,153.41,153.46,8615
2014-02-21 10:45:00,153.47,153.92,153.47,153.91,7856
2014-02-21 11:00:00,153.91,154.0,153.58,153.58,6423
2014-02-21 11:15:00,153.62,153.92,153.39,153.46,10692
2014-02-21 11:30:00,153.45,153.72,153.35,153.35,7101
2014-02-21 11:45:00,153.43,153.64,153.35,153.47,11925
2014-02-21 12:00:00,153.51,153.51,153.21,153.21,8650
2014-02-21 12:15:00,153.25,153.34,153.07,153.19,8200
2014-02-21 12:30:00,153.17,153.37,153.08,153.37,10800
2014-02-21 12:45:00,153.4,153.46,153.3,153.38,20320
2014-02-21 13:00:00,153.31,153.3699,153.16,153.27,9297
2014-02-21 13:15:00,153.25,153.284,153.14,153.2225,9100
2014-02-21 13:30:00,153.24,153.28,153.16,153.18,8400
2014-02-21 13:45:00,153.16,153.2299,153.04,153.04,6769
2014-02-21 14:00:00,153.05,153.3499,153.01,153.3499,9464
2014-02-21 14:15:00,153.305,153.48,153.25,153.28,21319
2014-02-21 14:30:00,153.28,153.3099,153.13,153.23,9331
2014-02-21 14:45:00,153.23,153.29,153.05,153.29,10277
2014-02-21 15:00:00,153.29,153.52,153.18,153.52,12040
2014-02-21 15:15:00,153.48,153.65,153.43,153.65,11299
2014-02-21 15:30:00,153.63,154.02,153.6,153.99,8400
2014-02-21 15:45:00,154.0,154.005,153.79,153.94,16348
2014-02-21 16:00:00,153.95,153.97,153.72,153.785,25912
2014-02-24 09:45:00,154.65,154.96,153.7,153.74,22005
2014-02-24 10:00:00,153.74,154.11,153.35,153.92,19502
2014-02-24 10:15:00,154.0,154.08,153.02,153.11,67068
2014-02-24 10:30:00,153.29,153.57,153.16,153.56,13626
2014-02-24 10:45:00,153.61,154.0,153.55,153.82,7374
2014-02-24 11:00:00,153.92,154.08,153.83,153.84,10447
2014-02-24 11:15:00,153.96,154.085,153.82,153.88,8539
2014-02-24 11:30:00,153.91,154.48,153.91,154.38,24233
2014-02-24 11:45:00,154.47,154.8,154.23,154.77,16124
2014-02-24 12:00:00,154.77,154.78,154.61,154.66,5150
2014-02-24 12:15:00,154.65,154.84,154.65,154.78,6582
2014-02-24 12:30:00,154.79,154.94,154.71,154.83,6031
2014-02-24 12:45:00,154.86,154.95,154.74,154.85,4500
2014-02-24 13:00:00,154.85,154.85,154.72,154.78,3300
2014-02-24 13:15:00,154.75,154.92,154.74,154.92,8718
2014-02-24 13:30:00,154.94,155.03,154.87,154.97,20920
2014-02-24 13:45:00,154.95,155.06,154.9185,155.02,16476
2014-02-24 14:00:00,155.02,155.11,154.89,154.95,21268
2014-02-24 14:15:00,154.97,155.12,154.95,155.066,34113
2014-02-24 14:30:00,155.08,155.39,155.08,155.28,9579
2014-02-24 14:45:00,155.3,155.39,155.23,155.3,22524
2014-02-24 15:00:00,155.33,155.35,155.11,155.14,9721
2014-02-24 15:15:00,155.14,155.17,154.79,154.79,22962
2014-02-24 15:30:00,154.795,154.85,154.44,154.46,19701
2014-02-24 15:45:00,154.45,154.5,154.3,154.4,24095
2014-02-24 16:00:00,154.35,154.41,153.79,153.87,80307
2014-02-25 09:45:00,153.61,154.97,153.441,154.81,26436
2014-02-25 10:00:00,154.77,154.87,154.38,154.65,7805
2014-02-25 10:15:00,154.6,155.06,154.33,154.98,9057
2014-02-25 10:30:00,154.94,154.96,154.28,154.28,12617
2014-02-25 10:45:00,154.26,154.53,153.96,154.15,60735
2014-02-25 11:00:00,154.2,154.54,154.2,154.48,4745
2014-02-25 11:15:00,154.55,154.55,154.26,154.35,13968
2014-02-25 11:30:00,154.39,154.93,154.35,154.92,6459
2014-02-25 11:45:00,154.95,154.95,154.66,154.74,5979
2014-02-25 12:00:00,154.77,154.77,154.37,154.4,5989
2014-02-25 12:15:00,154.385,154.385,154.03,154.12,21360
2014-02-25 12:30:00,154.1112,154.28,154.0,154.03,6280
2014-02-25 12:45:00,153.98,154.17,153.97,154.02,11346
2014-02-25 13:00:00,154.08,154.22,153.98,153.995,4637
2014-02-25 13:15:00,153.99,154.1,153.88,153.88,4522
2014-02-25 13:30:00,153.86,153.95,153.82,153.84,4604
2014-02-25 13:45:00,153.81,153.93,153.65,153.66,8016
2014-02-25 14:00:00,153.7099,153.75,153.58,153.66,6668
2014-02-25 14:15:00,153.66,153.77,153.334,153.425,12175
2014-02-25 14:30:00,153.446,153.52,153.29,153.49,9907
2014-02-25 14:45:00,153.5,153.65,153.41,153.54,6270
2014-02-25 15:00:00,153.5469,153.59,153.24,153.24,13154
2014-02-25 15:15:00,153.28,153.42,153.09,153.09,16919
2014-02-25 15:30:00,153.085,153.15,152.86,152.94,27287
2014-02-25 15:45:00,152.96,153.59,152.92,153.4,20437
2014-02-25 16:00:00,153.41,153.52,153.13,153.36,58793
2014-02-26 09:45:00,153.57,154.67,153.39,153.92,12530
2014-02-26 10:00:00,153.93,154.08,153.06,153.06,8856
2014-02-26 10:15:00,153.15,153.57,153.105,153.25,30234
2014-02-26 10:30:00,153.11,153.35,152.89,153.2,59454
2014-02-26 10:45:00,153.15,153.29,152.6,152.61,44667
2014-02-26 11:00:00,152.49,152.53,152.04,152.17,38001
2014-02-26 11:15:00,152.315,152.4,151.83,152.315,49533
2014-02-26 11:30:00,152.335,152.49,152.0,152.06,28267
2014-02-26 11:45:00,152.1,152.36,151.78,152.125,29915
2014-02-26 12:00:00,152.12,152.52,151.95,152.42,15958
2014-02-26 12:15:00,152.49,152.55,152.31,152.37,16194
2014-02-26 12:30:00,152.38,152.52,152.25,152.26,17586
2014-02-26 12:45:00,152.26,152.38,152.09,152.13,26888
2014-02-26 13:00:00,152.12,152.27,151.895,151.95,21891
2014-02-26 13:15:00,151.94,152.02,151.59,151.64,15008
2014-02-26 13:30:00,151.62,152.13,151.62,152.12,19076
2014-02-26 13:45:00,152.06,152.21,151.84,152.04,19817
2014-02-26 14:00:00,152.01,152.06,151.71,151.72,14132
2014-02-26 14:15:00,151.7,151.82,151.41,151.41,28751
2014-02-26 14:30:00,151.41,151.47,150.91,150.99,87902
2014-02-26 14:45:00,150.99,151.05,150.54,150.9439,40499
2014-02-26 15:00:00,150.95,151.1,150.75,151.1,24205
2014-02-26 15:15:00,151.07,151.26,150.83,151.02,37700
2014-02-26 15:30:00,150.99,151.18,150.88,151.03,26912
2014-02-26 15:45:00,151.08,151.37,151.08,151.32,41731
2014-02-26 16:00:00,151.27,151.46,151.13,151.43,80981
2014-02-27 09:45:00,152.0,152.29,151.43,151.76,35076
2014-02-27 10:00:00,151.715,152.0,150.51,150.83,20404
2014-02-27 10:15:00,150.935,151.43,150.59,150.74,23365
2014-02-27 10:30:00,150.73,151.005,150.5,150.65,18174
2014-02-27 10:45:00,150.6,151.16,150.51,150.51,19462
2014-02-27 11:00:00,150.52,150.96,150.52,150.68,21533
2014-02-27 11:15:00,150.85,151.10399999999998,150.483,151.08,28139
2014-02-27 11:30:00,151.1,151.34,150.97,151.16,18626
2014-02-27 11:45:00,151.21,151.57,150.97,151.377,13177
2014-02-27 12:00:00,151.4,151.41,150.99,151.09,15627
2014-02-27 12:15:00,151.05,151.08,150.71,150.78,16933
2014-02-27 12:30:00,150.79,150.81,150.54,150.59,21172
2014-02-27 12:45:00,150.59,150.74,150.46,150.66,11627
2014-02-27 13:00:00,150.68,150.68,150.5,150.62,19892
2014-02-27 13:15:00,150.65,150.71,150.51,150.566,22107
2014-02-27 13:30:00,150.58,150.72,150.5,150.56,25802
2014-02-27 13:45:00,150.64,150.92,150.57,150.6,26630
2014-02-27 14:00:00,150.61,150.65,150.28,150.28,23062
2014-02-27 14:15:00,150.35,150.58,150.35,150.43,20210
2014-02-27 14:30:00,150.42,150.53,150.01,150.21,25814
2014-02-27 14:45:00,150.2,150.3,149.84,149.85,26704
2014-02-27 15:00:00,149.85,150.0299,149.81,149.9,20981
2014-02-27 15:15:00,149.95,149.97,149.55,149.78,44001
2014-02-27 15:30:00,149.83,150.31,149.83,150.29,26716
2014-02-27 15:45:00,150.27,150.45,150.2,150.39,34943
2014-02-27 16:00:00,150.39,150.5,150.13,150.45,82247
2014-02-28 09:45:00,150.97,151.6599,150.5,151.34,43399
2014-02-28 10:00:00,151.35,151.68,150.98,151.07,17802
2014-02-28 10:15:00,151.18,151.33,150.83,151.16,22347
2014-02-28 10:30:00,151.17,151.19,150.8125,151.14,16704
2014-02-28 10:45:00,151.14,151.25,151.01,151.11,21470
2014-02-28 11:00:00,151.13,151.16,150.6925,151.03,27143
2014-02-28 11:15:00,150.995,151.07,150.7875,150.85,12400
2014-02-28 11:30:00,150.85,150.87,150.46,150.87,10641
2014-02-28 11:45:00,150.9,151.0,150.75,150.75,9910
2014-02-28 12:00:00,150.82,151.25,150.82,151.1,18932
2014-02-28 12:15:00,151.134,151.4,151.08,151.36,9050
2014-02-28 12:30:00,151.39,151.61,151.39,151.43,6899
2014-02-28 12:45:00,151.44,151.55,151.44,151.45,5901
2014-02-28 13:00:00,151.47,151.64,151.4,151.64,4950
2014-02-28 13:15:00,151.7,151.88,151.65,151.87,10571
2014-02-28 13:30:00,151.84,151.84,151.62,151.76,9810
2014-02-28 13:45:00,151.86,151.88,151.7,151.71,21256
2014-02-28 14:00:00,151.71,151.75,151.54,151.72,13058
2014-02-28 14:15:00,151.69,151.69,151.35,151.44,4900
2014-02-28 14:30:00,151.5,151.51,151.34,151.34,5800
2014-02-28 14:45:00,151.36,151.36,150.95,150.99,11500
2014-02-28 15:00:00,150.99,150.99,150.54,150.55,10548
2014-02-28 15:15:00,150.54,150.57,149.77,150.055,20916
2014-02-28 15:30:00,150.17,150.68,150.13,150.68,8459
2014-02-28 15:45:00,150.69,151.28,150.57,151.24,16938
2014-02-28 16:00:00,151.26,151.27,150.68,150.85,116324
2014-03-03 09:45:00,150.13,152.17,150.13,152.16,43348
2014-03-03 10:00:00,151.76,151.79,150.73,151.16,22070
2014-03-03 10:15:00,151.135,151.52,151.06,151.34,25913
2014-03-03 10:30:00,151.32,151.71,151.13,151.69,27709
2014-03-03 10:45:00,151.71,151.71,151.18,151.32,13677
2014-03-03 11:00:00,151.31,151.35399999999998,150.95,151.04,14611
2014-03-03 11:15:00,151.05,151.05,150.27,150.39,12061
2014-03-03 11:30:00,150.34,150.65,150.03,150.64,15637
2014-03-03 11:45:00,150.56,150.79,150.45,150.7,13218
2014-03-03 12:00:00,150.59,150.59,150.22,150.244,8280
2014-03-03 12:15:00,150.23,150.62,150.0,150.49,23755
2014-03-03 12:30:00,150.47,150.51,150.21,150.4,11094
2014-03-03 12:45:00,150.45,150.55,150.26,150.33,10835
2014-03-03 13:00:00,150.35,150.76,150.2907,150.76,9633
2014-03-03 13:15:00,150.705,150.92,150.69,150.83,9860
2014-03-03 13:30:00,150.903,151.14,150.792,150.96,40911
2014-03-03 13:45:00,151.02,151.06,150.76,150.78,30806
2014-03-03 14:00:00,150.78,150.89,150.6,150.83,27115
2014-03-03 14:15:00,150.83,151.19,150.83,151.19,19000
2014-03-03 14:30:00,151.22299999999998,151.27,151.04,151.11,18749
2014-03-03 14:45:00,151.09,151.27,150.96,151.27,10484
2014-03-03 15:00:00,151.32,151.65,151.32,151.41,16558
2014-03-03 15:15:00,151.38,151.45,150.95,150.95,10937
2014-03-03 15:30:00,150.95,151.0,150.62,150.78,13533
2014-03-03 15:45:00,150.8,151.06,150.66,151.005,18868
2014-03-03 16:00:00,151.08,151.13,150.75,151.13,44095
2014-03-04 09:45:00,151.04,153.05,151.04,152.34,30817
2014-03-04 10:00:00,152.32,152.67,151.88,151.9075,16224
2014-03-04 10:15:00,151.975,152.39,150.9,151.05,36875
2014-03-04 10:30:00,151.06,151.2,150.56,150.71,31380
2014-03-04 10:45:00,150.77,150.8,150.47,150.49,20045
2014-03-04 11:00:00,150.55,150.58,149.85,150.22,55577
2014-03-04 11:15:00,150.22,150.32,149.56,149.62,51909
2014-03-04 11:30:00,149.68,150.15,149.66,149.91,30476
2014-03-04 11:45:00,149.96,150.255,149.89,149.89,19258
2014-03-04 12:00:00,150.01,150.45,150.002,150.35,17132
2014-03-04 12:15:00,150.48,150.64,150.05100000000002,150.13,15113
2014-03-04 12:30:00,150.13,150.67,150.11,150.41,13002
2014-03-04 12:45:00,150.46,150.49,150.28,150.31,9851
2014-03-04 13:00:00,150.32,150.52,150.11,150.11,32891
2014-03-04 13:15:00,150.07,150.29,149.91,150.08,26670
2014-03-04 13:30:00,150.19,150.51,150.06,150.38,26925
2014-03-04 13:45:00,150.45,150.9883,150.4,150.445,27944
2014-03-04 14:00:00,150.53,150.66,150.2,150.4,14528
2014-03-04 14:15:00,150.42,150.47,150.031,150.35,15445
2014-03-04 14:30:00,150.38,150.6,150.28,150.575,12951
2014-03-04 14:45:00,150.591,150.825,150.54,150.82,11601
2014-03-04 15:00:00,150.83,151.01,150.7,150.8,18202
2014-03-04 15:15:00,150.86,151.17,150.84,151.09,15174
2014-03-04 15:30:00,151.01,151.13,150.94,151.13,23815
2014-03-04 15:45:00,151.11,151.5,151.091,151.5,18999
2014-03-04 16:00:00,151.47,151.5,151.02,151.375,84554
2014-03-05 09:45:00,150.64,151.48,150.24,150.49,23528
2014-03-05 10:00:00,150.62,150.75,150.365,150.386,9311
2014-03-05 10:15:00,150.52,150.71,150.0,150.385,20901
2014-03-05 10:30:00,150.435,150.62,149.995,150.3,18602
2014-03-05 10:45:00,150.4,150.44,149.90200000000002,150.439,24054
2014-03-05 11:00:00,150.46,150.51,149.8,149.86,47290
2014-03-05 11:15:00,149.925,150.14,149.84,149.93,11010
2014-03-05 11:30:00,149.84,149.92,149.43,149.74,34665
2014-03-05 11:45:00,149.71,149.78,149.22,149.55,34394
2014-03-05 12:00:00,149.68,149.75,149.51,149.62,12921
2014-03-05 12:15:00,149.63,149.97,149.63,149.97,14876
2014-03-05 12:30:00,149.95,150.19899999999998,149.94,150.05,8135
2014-03-05 12:45:00,150.1,150.5,150.1,150.24,10020
2014-03-05 13:00:00,150.27,150.33,150.11,150.3,6700
2014-03-05 13:15:00,150.24,150.45,150.215,150.45,4521
2014-03-05 13:30:00,150.42,150.655,150.42,150.55,6100
2014-03-05 13:45:00,150.54,150.59,150.45,150.48,6400
2014-03-05 14:00:00,150.45,150.47,150.14,150.1721,7260
2014-03-05 14:15:00,150.21,150.29,150.06,150.06,7041
2014-03-05 14:30:00,150.06799999999998,150.15,150.0,150.06,8800
2014-03-05 14:45:00,150.11,150.39,150.09,150.33,7300
2014-03-05 15:00:00,150.33,150.53,150.23,150.28,10734
2014-03-05 15:15:00,150.35,150.35,150.115,150.18,18270
2014-03-05 15:30:00,150.15,150.32,150.09,150.32,9105
2014-03-05 15:45:00,150.32,150.415,150.23,150.3,10705
2014-03-05 16:00:00,150.36,150.55,150.28,150.48,33622
2014-03-06 09:45:00,150.75,150.75,150.26,150.57,13234
2014-03-06 10:00:00,150.54,150.65,150.34,150.35,5505
2014-03-06 10:15:00,150.3,150.495,149.86,149.89,9395
2014-03-06 10:30:00,149.93,150.3338,149.64,150.28,16834
2014-03-06 10:45:00,150.43,150.66,150.33,150.66,7193
2014-03-06 11:00:00,150.63,150.7,150.5225,150.5401,7450
2014-03-06 11:15:00,150.6,150.67,150.48,150.49200000000002,19083
2014-03-06 11:30:00,150.44,150.52,150.285,150.35,37659
2014-03-06 11:45:00,150.315,150.55,150.27,150.3,15603
2014-03-06 12:00:00,150.37,150.4,150.28,150.33,12785
2014-03-06 12:15:00,150.33,150.33,150.19,150.23,2700
2014-03-06 12:30:00,150.22,150.22,150.03,150.15,6300
2014-03-06 12:45:00,150.15,150.22,150.04,150.15,4883
2014-03-06 13:00:00,150.15,150.22,150.03799999999998,150.09,10655
2014-03-06 13:15:00,150.17,150.18,150.05,150.05,3407
2014-03-06 13:30:00,150.15,150.15,149.94,150.04,11612
2014-03-06 13:45:00,150.03,150.06,149.87,149.87,8340
2014-03-06 14:00:00,149.84,150.03,149.84,149.96,7790
2014-03-06 14:15:00,149.91,150.15,149.85,150.09,9200
2014-03-06 14:30:00,150.04,150.17,149.94,150.1598,11589
2014-03-06 14:45:00,150.13,150.16,149.97,149.99,17394
2014-03-06 15:00:00,149.99,150.05,149.88,149.92,11859
2014-03-06 15:15:00,149.98,150.07,149.8,149.87,12485
2014-03-06 15:30:00,149.95,150.05,149.95,150.0,10549
2014-03-06 15:45:00,150.05,150.06,149.7,149.7,15947
2014-03-06 16:00:00,149.73,149.84,149.41,149.79,70817
2014-03-07 09:45:00,150.17,150.55,149.74,150.11,23262
2014-03-07 10:00:00,150.17,150.41,149.57,150.22,20062
2014-03-07 10:15:00,149.99,150.75,149.81,150.75,22800
2014-03-07 10:30:00,150.75,150.96,150.56,150.77,14400
2014-03-07 10:45:00,150.77,150.77,150.42,150.49,21900
2014-03-07 11:00:00,150.41,150.73,150.34,150.54,9800
2014-03-07 11:15:00,150.53,150.53,150.1,150.4,6400
2014-03-07 11:30:00,150.31,150.53,150.15,150.41,10792
2014-03-07 11:45:00,150.415,150.54,150.2425,150.48,9442
2014-03-07 12:00:00,150.55,150.95600000000002,150.55,150.95600000000002,12660
2014-03-07 12:15:00,150.93,150.99,150.7801,150.934,6042
2014-03-07 12:30:00,150.95,151.15,150.845,151.15,32227
2014-03-07 12:45:00,151.19,151.19,151.06,151.06,11569
2014-03-07 13:00:00,151.06,151.11,150.82,150.82,11833
2014-03-07 13:15:00,150.78,150.84,150.65,150.76,8452
2014-03-07 13:30:00,150.76,150.78,150.46,150.49,9252
2014-03-07 13:45:00,150.5,150.56,150.23,150.42,14090
2014-03-07 14:00:00,150.45,150.56,150.375,150.48,6594
2014-03-07 14:15:00,150.36,150.55,150.29,150.49,6725
2014-03-07 14:30:00,150.5099,150.5099,150.22,150.22,7743
2014-03-07 14:45:00,150.22,150.33,150.2,150.22,6632
2014-03-07 15:00:00,150.26,150.47,150.24,150.26,9600
2014-03-07 15:15:00,150.31,150.48,150.23,150.39,9814
2014-03-07 15:30:00,150.38,150.46,150.2,150.31,10924
2014-03-07 15:45:00,150.21,150.31,150.1,150.2811,12814
2014-03-07 16:00:00,150.3,150.55,150.25,150.5,30795
2014-03-10 09:45:00,150.66,151.48,150.63,151.23,9583
2014-03-10 10:00:00,151.2,151.23,150.84,150.86,4694
2014-03-10 10:15:00,150.74,150.9,150.21,150.375,4100
2014-03-10 10:30:00,150.35,150.51,150.055,150.13,4813
2014-03-10 10:45:00,150.11,150.18,149.96,149.97,3468
2014-03-10 11:00:00,149.8362,150.14,149.8362,150.14,4621
2014-03-10 11:15:00,150.13,150.3,150.02,150.29,6500
2014-03-10 11:30:00,150.39,150.78,150.39,150.57,5110
2014-03-10 11:45:00,150.5725,150.83,150.5725,150.735,5579
2014-03-10 12:00:00,150.68,150.8,150.48,150.51,2427
2014-03-10 12:15:00,150.43,150.54,150.3,150.43200000000002,5352
2014-03-10 12:30:00,150.41,150.56,150.385,150.48,3085
2014-03-10 12:45:00,150.52,150.735,150.52,150.69,3731
2014-03-10 13:00:00,150.7,150.95,150.69,150.95,6664
2014-03-10 13:15:00,150.9,151.0,150.81,151.0,6845
2014-03-10 13:30:00,150.96,150.98,150.76,150.97,3550
2014-03-10 13:45:00,150.86,150.878,150.43,150.45,5021
2014-03-10 14:00:00,150.49,150.61,150.44,150.5,3700
2014-03-10 14:15:00,150.43,150.88,150.43,150.8001,34210
2014-03-10 14:30:00,150.82,150.97,150.7276,150.78,8083
2014-03-10 14:45:00,150.68,150.76,150.62,150.6999,3547
2014-03-10 15:00:00,150.63,150.775,150.6,150.66,5621
2014-03-10 15:15:00,150.7,150.72,150.57,150.6,6000
2014-03-10 15:30:00,150.42,150.63,150.42,150.44,8963
2014-03-10 15:45:00,150.47,150.75,150.47,150.7,13392
2014-03-10 16:00:00,150.7116,150.99,150.7116,150.86,58799
2014-03-11 09:45:00,150.68,151.366,150.36,150.41,14175
2014-03-11 10:00:00,150.55200000000002,151.04,150.55200000000002,150.93,14565
2014-03-11 10:15:00,150.99,151.03799999999998,150.49,150.67,11900
2014-03-11 10:30:00,150.67,150.75,150.54,150.71,4400
2014-03-11 10:45:00,150.752,150.8,150.58,150.6,3400
2014-03-11 11:00:00,150.625,150.736,150.53,150.63,8575
2014-03-11 11:15:00,150.66,150.76,150.57,150.57,6800
2014-03-11 11:30:00,150.59,150.63,150.37,150.61,6283
2014-03-11 11:45:00,150.63299999999998,150.71,150.345,150.345,38301
2014-03-11 12:00:00,150.335,150.55,150.0,150.0,9500
2014-03-11 12:15:00,149.99,150.15,149.75,150.1,6251
2014-03-11 12:30:00,150.1,150.16,149.79,150.16,4540
2014-03-11 12:45:00,150.2,150.25,150.14,150.23,1431
2014-03-11 13:00:00,150.232,150.36,150.19,150.34,5877
2014-03-11 13:15:00,150.25,150.35,150.09,150.33,3150
2014-03-11 13:30:00,150.35,150.35,149.91,150.0,5175
2014-03-11 13:45:00,149.88,150.19,149.86,150.11,3447
2014-03-11 14:00:00,150.1,150.23,150.09,150.18,2000
2014-03-11 14:15:00,150.08,150.08,149.84,149.85,4103
2014-03-11 14:30:00,149.84,149.92,149.79,149.87,3000
2014-03-11 14:45:00,149.83700000000002,149.85,149.51,149.62,10217
2014-03-11 15:00:00,149.62,149.71,149.51,149.51,6502
2014-03-11 15:15:00,149.51,149.53,149.3,149.33,10977
2014-03-11 15:30:00,149.35,149.59,149.35,149.37,10878
2014-03-11 15:45:00,149.37,149.56,149.35,149.422,11541
2014-03-11 16:00:00,149.415,149.63,149.27,149.6,36715
2014-03-12 09:45:00,149.27,149.52,148.6,148.8,28814
2014-03-12 10:00:00,148.84,149.03,148.34,148.95,13321
2014-03-12 10:15:00,148.965,149.35,148.95,149.145,14172
2014-03-12 10:30:00,149.1,149.4,149.08,149.345,13420
2014-03-12 10:45:00,149.27,149.59,148.88,148.9486,13727
2014-03-12 11:00:00,148.97,149.36,148.6325,149.36,12906
2014-03-12 11:15:00,149.39,149.44,149.15,149.44,7772
2014-03-12 11:30:00,149.39,149.73,149.29,149.45,7553
2014-03-12 11:45:00,149.55,149.55,149.22,149.37,11795
2014-03-12 12:00:00,149.37,149.46,149.17,149.26,8905
2014-03-12 12:15:00,149.24,149.47,149.16,149.43,6705
2014-03-12 12:30:00,149.41,149.58,149.3,149.42,8359
2014-03-12 12:45:00,149.39,149.39,149.19,149.31,6325
2014-03-12 13:00:00,149.28,149.37,149.19,149.37,2900
2014-03-12 13:15:00,149.46,149.47,149.19,149.2,5550
2014-03-12 13:30:00,149.22,149.45,149.17,149.45,11400
2014-03-12 13:45:00,149.4,149.58,149.2925,149.52,7656
2014-03-12 14:00:00,149.46,149.58,149.44,149.54,8481
2014-03-12 14:15:00,149.5255,149.638,149.31,149.35,11017
2014-03-12 14:30:00,149.36,149.43,149.3,149.335,9719
2014-03-12 14:45:00,149.335,149.43,149.21,149.43,13824
2014-03-12 15:00:00,149.38,149.43,149.18,149.19,11770
2014-03-12 15:15:00,149.17,149.21,149.05,149.056,16200
2014-03-12 15:30:00,149.06,149.12,148.83,148.89,23400
2014-03-12 15:45:00,148.87,149.02,148.84,149.0,37678
2014-03-12 16:00:00,149.02,149.23,148.98,149.15,48523
2014-03-13 09:45:00,150.07,150.07,149.4,149.4,9831
2014-03-13 10:00:00,149.41,149.67,149.09,149.53,6033
2014-03-13 10:15:00,149.38,149.675,148.48,148.51,11847
2014-03-13 10:30:00,148.49,149.05,148.475,148.89,10630
2014-03-13 10:45:00,149.06,149.065,148.52,148.52,7028
2014-03-13 11:00:00,148.54,148.54,148.2,148.2,18187
2014-03-13 11:15:00,148.2,148.6,148.2,148.398,11825
2014-03-13 11:30:00,148.31,148.59,148.29,148.38,14640
2014-03-13 11:45:00,148.44,148.57,148.09,148.09,18111
2014-03-13 12:00:00,148.11,148.25,147.87,148.02,9654
2014-03-13 12:15:00,147.9825,148.0199,147.75,147.8,11265
2014-03-13 12:30:00,147.79,147.91,147.69,147.76,5500
2014-03-13 12:45:00,147.67,147.77,147.37,147.59,17309
2014-03-13 13:00:00,147.57,147.57,147.2225,147.245,12882
2014-03-13 13:15:00,147.265,147.32,146.64,147.0675,13323
2014-03-13 13:30:00,147.22,147.22,146.9,147.13,7106
2014-03-13 13:45:00,147.2925,147.2925,146.98,147.1525,15800
2014-03-13 14:00:00,147.27,147.39,147.14,147.27,16342
2014-03-13 14:15:00,147.27,147.34,147.07,147.0825,10212
2014-03-13 14:30:00,147.0801,147.21,146.755,146.9225,10090
2014-03-13 14:45:00,146.7925,147.14,146.7725,146.87,7687
2014-03-13 15:00:00,146.8448,146.8448,146.5575,146.6125,10100
2014-03-13 15:15:00,146.72799999999998,146.84,146.6,146.6525,16936
2014-03-13 15:30:00,146.81,146.81,146.4425,146.4725,13274
2014-03-13 15:45:00,146.57,146.76,146.42,146.76,15961
2014-03-13 16:00:00,146.71,146.8,146.49,146.69,43333
2014-03-14 09:45:00,145.97,146.815,145.95,146.56,19229
2014-03-14 10:00:00,146.7935,147.02,146.58,146.78,9300
2014-03-14 10:15:00,146.79,148.12,146.79,148.12,15116
2014-03-14 10:30:00,148.0771,148.35,147.49,147.81,18003
2014-03-14 10:45:00,147.84,147.85,147.32,147.45,19158
2014-03-14 11:00:00,147.33,147.67,147.17,147.32,39310
2014-03-14 11:15:00,147.34,147.37,146.84,146.87,28348
2014-03-14 11:30:00,146.81,146.922,146.38,146.662,22641
2014-03-14 11:45:00,146.73,147.11,146.34,146.9,20228
2014-03-14 12:00:00,146.9,147.83,146.87,147.80700000000002,20875
2014-03-14 12:15:00,147.82,147.86,147.32,147.54,13266
2014-03-14 12:30:00,147.51,147.766,147.22,147.3,12179
2014-03-14 12:45:00,147.3,147.82,147.05,147.71,19138
2014-03-14 13:00:00,147.695,148.01,147.615,148.0,18707
2014-03-14 13:15:00,148.07,148.08,147.88,147.93,18507
2014-03-14 13:30:00,147.84,147.96,147.64,147.805,12601
2014-03-14 13:45:00,147.8,147.8,147.46,147.59,20071
2014-03-14 14:00:00,147.6,147.66,147.46,147.64,18533
2014-03-14 14:15:00,147.6,147.6,147.39,147.49,10502
2014-03-14 14:30:00,147.52,147.66,147.39,147.5,20020
2014-03-14 14:45:00,147.5,147.68,147.46,147.65,14109
2014-03-14 15:00:00,147.57,147.78,147.55,147.77,19510
2014-03-14 15:15:00,147.715,147.87,147.52,147.52,18284
2014-03-14 15:30:00,147.56,147.88,147.49200000000002,147.87,17326
2014-03-14 15:45:00,147.88,148.18,147.8,147.885,36931
2014-03-14 16:00:00,147.85,148.04,147.69,147.78,61475
2014-03-17 09:45:00,148.66,149.0,148.06,148.83,18895
2014-03-17 10:00:00,148.99,149.0,148.68,148.93,20879
2014-03-17 10:15:00,148.86,149.32,148.78,148.98,24477
2014-03-17 10:30:00,148.86,149.04,148.82,148.82,18065
2014-03-17 10:45:00,148.83,149.14,148.8,149.01,18425
2014-03-17 11:00:00,149.02,149.18,148.79,148.89,18802
2014-03-17 11:15:00,148.79,149.03,148.79,148.96,13069
2014-03-17 11:30:00,149.0099,149.19,148.66,148.79,16209
2014-03-17 11:45:00,148.79,148.8275,148.25,148.41,20184
2014-03-17 12:00:00,148.39,148.7275,148.39,148.7275,17483
2014-03-17 12:15:00,148.72,148.82,148.45,148.77,14128
2014-03-17 12:30:00,148.71,148.9,148.55,148.8575,10908
2014-03-17 12:45:00,148.85,149.1,148.75,149.01,27745
2014-03-17 13:00:00,148.99,149.11,148.78,148.79,12865
2014-03-17 13:15:00,148.79,148.98,148.78,148.96,16300
2014-03-17 13:30:00,148.96,148.99,148.81,148.95,15091
2014-03-17 13:45:00,148.92,148.97,148.67,148.68,11106
2014-03-17 14:00:00,148.67,148.69,148.25,148.25,9202
2014-03-17 14:15:00,148.22,148.3199,148.03,148.27,13810
2014-03-17 14:30:00,148.32,148.76,148.13,148.72,14876
2014-03-17 14:45:00,148.78,148.79,148.53,148.63,10596
2014-03-17 15:00:00,148.64,148.64,148.34,148.53,13120
2014-03-17 15:15:00,148.55,148.77,148.54,148.61,14477
2014-03-17 15:30:00,148.61,148.88,148.61,148.76,15248
2014-03-17 15:45:00,148.75,148.86,148.41,148.42,22576
2014-03-17 16:00:00,148.4,148.65,148.27,148.455,38957
2014-03-18 09:45:00,148.18,148.39,147.28,147.96,16162
2014-03-18 10:00:00,148.0205,148.38,147.85,148.27,14638
2014-03-18 10:15:00,148.4,148.4,147.96,148.15,11617
2014-03-18 10:30:00,148.15,148.82,148.15,148.24,18587
2014-03-18 10:45:00,148.22,148.36,148.16,148.17,6238
2014-03-18 11:00:00,148.17,148.49,148.1,148.215,17829
2014-03-18 11:15:00,148.265,148.47,148.13,148.42,13832
2014-03-18 11:30:00,148.36,148.5799,148.29,148.3,7370
2014-03-18 11:45:00,148.3,148.47,148.05,148.07,8100
2014-03-18 12:00:00,148.05,148.43,148.05,148.32,5800
2014-03-18 12:15:00,148.34,148.555,148.29,148.42,8590
2014-03-18 12:30:00,148.4,148.4,148.07,148.09,5302
2014-03-18 12:45:00,148.07,148.28,148.0,148.04,6900
2014-03-18 13:00:00,148.02,148.39,148.02,148.2,6495
2014-03-18 13:15:00,148.27,148.32,148.05,148.24,5250
2014-03-18 13:30:00,148.31,148.42,148.18,148.39,5085
2014-03-18 13:45:00,148.38,148.53,148.23,148.5,4324
2014-03-18 14:00:00,148.39,148.51,148.28,148.32,5500
2014-03-18 14:15:00,148.31,148.42,148.2,148.3575,8544
2014-03-18 14:30:00,148.32,148.42,148.25,148.34,8658
2014-03-18 14:45:00,148.355,148.43,148.26,148.39,7400
2014-03-18 15:00:00,148.42,148.49,148.33,148.36,7770
2014-03-18 15:15:00,148.37,148.44,148.25,148.31,8503
2014-03-18 15:30:00,148.31,148.45,148.23,148.45,17400
2014-03-18 15:45:00,148.46,148.57,148.41,148.52,20795
2014-03-18 16:00:00,148.51,148.53,148.38,148.43,41594
2014-03-19 09:45:00,148.37,148.405,147.0,147.0,17595
2014-03-19 10:00:00,146.911,147.85,146.9,147.46,23576
2014-03-19 10:15:00,147.48,147.5,147.1,147.21,13199
2014-03-19 10:30:00,147.19,147.33,146.94,147.0,11153
2014-03-19 10:45:00,146.94,147.04,146.655,146.655,9717
2014-03-19 11:00:00,146.7935,147.08,146.715,146.98,7712
2014-03-19 11:15:00,147.0199,147.47,146.92,147.442,11704
2014-03-19 11:30:00,147.43,147.84,147.4001,147.84,12034
2014-03-19 11:45:00,147.74,147.74,147.36,147.42,14289
2014-03-19 12:00:00,147.49,147.64,147.35,147.63,11040
2014-03-19 12:15:00,147.64,147.84,147.64,147.74,2600
2014-03-19 12:30:00,147.72,147.78,147.65,147.65,11000
2014-03-19 12:45:00,147.65,147.65,147.3,147.36,5750
2014-03-19 13:00:00,147.34,147.49,147.32,147.32,2600
2014-03-19 13:15:00,147.32,147.47,147.31,147.31,3959
2014-03-19 13:30:00,147.31,147.58,147.3,147.53,4102
2014-03-19 13:45:00,147.4,147.55,147.39,147.52,5400
2014-03-19 14:00:00,147.56,147.65,147.51,147.64,3300
2014-03-19 14:15:00,147.58,147.58,146.87,147.45,35556
2014-03-19 14:30:00,147.4,147.65,147.4,147.49,11933
2014-03-19 14:45:00,147.42,147.58,146.9,147.06,10834
2014-03-19 15:00:00,146.96,147.17,146.75,147.11,9789
2014-03-19 15:15:00,147.06,147.09,145.9,146.3,24737
2014-03-19 15:30:00,146.27,146.735,146.15,146.54,17622
2014-03-19 15:45:00,146.5,147.53,146.46,147.5,38077
2014-03-19 16:00:00,147.5,147.51,147.06,147.17,66540
2014-03-20 09:45:00,146.09,146.43,145.8601,145.8601,17672
2014-03-20 10:00:00,145.86,146.12,145.56,146.12,8385
2014-03-20 10:15:00,146.14,147.14,145.74,147.14,18733
2014-03-20 10:30:00,147.19,147.2691,146.88,147.06,9372
2014-03-20 10:45:00,147.03,147.21,146.78,146.98,14111
2014-03-20 11:00:00,146.842,146.95,146.34,146.41,8623
2014-03-20 11:15:00,146.43,146.53,146.25,146.25,9247
2014-03-20 11:30:00,146.25,146.42,146.1,146.3,10245
2014-03-20 11:45:00,146.31,146.42,146.13,146.24,10239
2014-03-20 12:00:00,146.24,146.56,146.18,146.45,6488
2014-03-20 12:15:00,146.469,146.69,146.43,146.57,6294
2014-03-20 12:30:00,146.7,147.27,146.7,147.17,8818
2014-03-20 12:45:00,147.17,147.225,146.97,147.02,8814
2014-03-20 13:00:00,146.97,147.29,146.97,147.1,6095
2014-03-20 13:15:00,147.02,147.24,146.96,146.96,6351
2014-03-20 13:30:00,147.07,147.1,146.89,146.89,6572
2014-03-20 13:45:00,146.9,147.19,146.89,147.19,5600
2014-03-20 14:00:00,147.22,147.24,146.83,146.9,37092
2014-03-20 14:15:00,146.89,146.915,146.5,146.54,11915
2014-03-20 14:30:00,146.44,146.87,146.4,146.77,21543
2014-03-20 14:45:00,146.73,147.0,146.67,146.95,7120
2014-03-20 15:00:00,146.96,146.97,146.8,146.91,7825
2014-03-20 15:15:00,146.84,147.04,146.76,146.9,8200
2014-03-20 15:30:00,146.88,147.15,146.8,146.89,12211
2014-03-20 15:45:00,146.86,147.05,146.8101,146.96,17453
2014-03-20 16:00:00,146.96,147.05,146.67,146.74,69828
2014-03-21 09:45:00,148.26,148.26,146.82,147.535,213241
2014-03-21 10:00:00,147.47,148.01,147.17,148.0,7100
2014-03-21 10:15:00,147.99,148.37,147.73,148.36,12697
2014-03-21 10:30:00,148.3,148.756,148.19,148.705,19937
2014-03-21 10:45:00,148.75,149.36,148.65,149.22,37446
2014-03-21 11:00:00,149.245,150.0,149.23,149.95,34804
2014-03-21 11:15:00,150.0,150.03,149.6,149.94,36607
2014-03-21 11:30:00,149.95,150.0,149.78,149.91,17361
2014-03-21 11:45:00,149.925,150.756,149.91,150.59,27191
2014-03-21 12:00:00,150.56,150.875,150.395,150.57,18571
2014-03-21 12:15:00,150.51,150.624,150.25,150.34,24871
2014-03-21 12:30:00,150.33,150.36,150.09,150.28,6900
2014-03-21 12:45:00,150.28,150.45,150.15,150.45,10000
2014-03-21 13:00:00,150.4,150.5,150.32,150.32,10442
2014-03-21 13:15:00,150.32,150.35,149.92,150.02,11471
2014-03-21 13:30:00,150.05,150.15,149.84,149.91,16577
2014-03-21 13:45:00,149.935,150.0,149.79,149.88,17068
2014-03-21 14:00:00,149.79,149.97,149.73,149.8,8700
2014-03-21 14:15:00,149.835,149.91,149.59,149.655,12524
2014-03-21 14:30:00,149.59,149.762,149.31,149.31,14318
2014-03-21 14:45:00,149.305,149.4125,149.04,149.33,11804
2014-03-21 15:00:00,149.32,149.33,149.05,149.29,12382
2014-03-21 15:15:00,149.26,149.266,148.96,149.06,11221
2014-03-21 15:30:00,149.09,149.27,148.8509,149.27,15626
2014-03-21 15:45:00,149.23,149.23,148.65,148.96,21636
2014-03-21 16:00:00,148.95,148.96,148.63,148.96,60287
2014-03-24 09:45:00,148.64,149.18,147.72,147.94,19022
2014-03-24 10:00:00,148.08,148.36,147.751,148.12,10361
2014-03-24 10:15:00,148.2033,148.2033,147.2301,147.2301,6910
2014-03-24 10:30:00,147.3,147.4,146.92,147.05,9475
2014-03-24 10:45:00,147.01,147.03,146.61,146.976,8942
2014-03-24 11:00:00,147.0,147.27,146.894,147.03,19922
2014-03-24 11:15:00,146.96,147.08,146.05,146.41,16407
2014-03-24 11:30:00,146.32,146.5777,146.1366,146.55,19104
2014-03-24 11:45:00,146.47,146.635,146.13,146.16,14969
2014-03-24 12:00:00,146.12,146.12,145.7,145.84,11738
2014-03-24 12:15:00,145.83,146.27,145.62,146.06,13570
2014-03-24 12:30:00,145.99200000000002,146.48,145.99200000000002,146.19,8300
2014-03-24 12:45:00,146.3,146.58,146.154,146.26,9851
2014-03-24 13:00:00,146.24,146.26,146.07,146.1,6483
2014-03-24 13:15:00,146.13,146.34,146.1,146.31,7944
2014-03-24 13:30:00,146.27,146.39,146.03,146.22,5813
2014-03-24 13:45:00,146.34,146.59,146.32,146.48,9724
2014-03-24 14:00:00,146.56,146.62,146.4,146.56,9123
2014-03-24 14:15:00,146.61,146.85,146.47,146.6,8491
2014-03-24 14:30:00,146.61,146.82,146.43,146.82,7380
2014-03-24 14:45:00,146.84,146.91,146.56,146.725,13794
2014-03-24 15:00:00,146.68,146.91,146.6,146.67,10525
2014-03-24 15:15:00,146.67,146.82,146.48,146.65,10600
2014-03-24 15:30:00,146.6,147.0,146.5571,146.95,8175
2014-03-24 15:45:00,147.0,147.18,146.96,147.07,12446
2014-03-24 16:00:00,147.0,147.04,146.77,146.81,75796
2014-03-25 09:45:00,146.86,148.05,146.69,147.42,16616
2014-03-25 10:00:00,147.6,147.94,147.56,147.65,17378
2014-03-25 10:15:00,147.87,148.23,147.65,148.13,15094
2014-03-25 10:30:00,147.92,148.1499,147.57,147.79,10306
2014-03-25 10:45:00,147.8,147.92,147.55,147.68,25679
2014-03-25 11:00:00,147.585,147.68,147.245,147.32,16523
2014-03-25 11:15:00,147.345,147.36,146.92,147.15,11560
2014-03-25 11:30:00,147.13,147.13,146.621,146.72,4996
2014-03-25 11:45:00,146.77,146.792,146.31,146.31,5616
2014-03-25 12:00:00,146.4,146.52,146.32,146.47,7796
2014-03-25 12:15:00,146.48,146.74,146.334,146.488,4926
2014-03-25 12:30:00,146.45,146.53,146.36,146.43,10800
2014-03-25 12:45:00,146.38,146.98,146.37,146.94,10428
2014-03-25 13:00:00,146.94,147.11,146.75,146.795,4314
2014-03-25 13:15:00,146.76,147.06,146.64,146.805,6399
2014-03-25 13:30:00,146.79,147.16,146.72,147.16,12208
2014-03-25 13:45:00,147.18,147.33,147.15,147.29,12307
2014-03-25 14:00:00,147.33,147.42,146.945,146.96,13099
2014-03-25 14:15:00,146.975,147.04,146.68,146.82,8181
2014-03-25 14:30:00,146.75,146.76,146.38,146.38,6987
2014-03-25 14:45:00,146.43,146.58,146.36,146.42,8913
2014-03-25 15:00:00,146.48,146.54,146.16,146.31,10196
2014-03-25 15:15:00,146.26,146.45,146.17,146.45,14617
2014-03-25 15:30:00,146.45,146.68,146.38,146.43,9100
2014-03-25 15:45:00,146.44,146.89,146.44,146.88,24407
2014-03-25 16:00:00,146.88,146.89,146.58,146.72,66260
2014-03-26 09:45:00,146.89,148.42,146.695,147.91,23766
2014-03-26 10:00:00,147.91,148.0,146.91,146.91,78512
2014-03-26 10:15:00,146.99,147.26,146.67,147.14,16768
2014-03-26 10:30:00,147.13,147.46,147.11,147.415,32471
2014-03-26 10:45:00,147.3,147.86,147.25,147.75,30595
2014-03-26 11:00:00,147.75,148.0,147.75,147.78,27958
2014-03-26 11:15:00,147.77,148.05,147.77,147.84,15910
2014-03-26 11:30:00,147.79,147.79,147.55,147.74,24087
2014-03-26 11:45:00,147.69,147.69,147.37,147.45,24751
2014-03-26 12:00:00,147.38,147.4,147.13,147.36,11713
2014-03-26 12:15:00,147.418,147.42,147.12,147.22,8870
2014-03-26 12:30:00,147.2,147.35,147.16,147.17,7822
2014-03-26 12:45:00,147.13,147.839,147.11,147.33,13221
2014-03-26 13:00:00,147.34,147.54,147.16,147.41,5484
2014-03-26 13:15:00,147.48,147.589,147.13,147.21,6804
2014-03-26 13:30:00,147.14,147.19,147.05,147.1,16536
2014-03-26 13:45:00,147.13,147.29,147.0401,147.2,21802
2014-03-26 14:00:00,147.17,147.46,147.04,147.37,17891
2014-03-26 14:15:00,147.47,147.49,147.25,147.26,15895
2014-03-26 14:30:00,147.24,147.66,147.19,147.49,20082
2014-03-26 14:45:00,147.57,147.97,147.52,147.92,15066
2014-03-26 15:00:00,147.93,148.0,147.65,147.73,19582
2014-03-26 15:15:00,147.8,147.82,147.265,147.43,21339
2014-03-26 15:30:00,147.5,147.56,147.05,147.14,17427
2014-03-26 15:45:00,147.03,147.37,146.95,147.12,21935
2014-03-26 16:00:00,147.11,147.22,146.77,146.79,68275
2014-03-27 09:45:00,146.69,147.0,146.09,146.31,19983
2014-03-27 10:00:00,146.25,146.67,145.861,146.34,10490
2014-03-27 10:15:00,146.32,146.7,146.17,146.51,11540
2014-03-27 10:30:00,146.48,146.96,146.38,146.89,7679
2014-03-27 10:45:00,147.09,147.47,147.0525,147.2,11000
2014-03-27 11:00:00,147.26,147.36,146.89,146.89,5917
2014-03-27 11:15:00,146.974,146.98,146.46,146.46,6000
2014-03-27 11:30:00,146.66,146.67,146.02,146.06,21877
2014-03-27 11:45:00,146.02,146.02,145.18,145.19,20402
2014-03-27 12:00:00,145.255,145.98,145.13,145.98,18586
2014-03-27 12:15:00,145.91,145.91,145.31,145.71,11194
2014-03-27 12:30:00,145.86,146.12,145.83,146.01,8566
2014-03-27 12:45:00,146.17,146.2,145.7,145.7,8714
2014-03-27 13:00:00,145.79,145.93,145.59,145.91,8753
2014-03-27 13:15:00,145.84,146.12,145.69,145.7,6000
2014-03-27 13:30:00,145.7,146.07,145.65,145.76,6496
2014-03-27 13:45:00,145.77,145.85,145.31,145.5375,29911
2014-03-27 14:00:00,145.49,145.87,145.39,145.8,9636
2014-03-27 14:15:00,145.85,146.05,145.6,146.02,8900
2014-03-27 14:30:00,145.97,146.1,145.82,146.095,6230
2014-03-27 14:45:00,146.05,146.05,145.76,145.8,5204
2014-03-27 15:00:00,145.78,145.88,145.6,145.64,8271
2014-03-27 15:15:00,145.64,145.64,145.33,145.469,9298
2014-03-27 15:30:00,145.51,145.7,145.42,145.65,12502
2014-03-27 15:45:00,145.63,145.76,145.55,145.71,18401
2014-03-27 16:00:00,145.7,145.93,145.57,145.665,29339
2014-03-28 09:45:00,146.36,147.33,145.65,147.23,113153
2014-03-28 10:00:00,147.33,147.9,147.27,147.67,35971
2014-03-28 10:15:00,147.77,148.51,147.65,148.37,46413
2014-03-28 10:30:00,148.46,148.52,147.72,147.87,23941
2014-03-28 10:45:00,147.87,148.32,147.86,148.16,20991
2014-03-28 11:00:00,148.17,148.8,148.13,148.32,22637
2014-03-28 11:15:00,148.31,148.3599,147.94,148.17,9354
2014-03-28 11:30:00,148.08,148.15,147.8,147.81,14404
2014-03-28 11:45:00,147.91,148.05,147.84,147.996,9301
2014-03-28 12:00:00,148.015,148.07,147.77,147.9,9364
2014-03-28 12:15:00,147.99,148.12,147.93,147.93,14275
2014-03-28 12:30:00,148.02,148.12,147.89,147.89,8582
2014-03-28 12:45:00,147.9,148.18,147.89,147.92,8930
2014-03-28 13:00:00,148.0,148.12,147.9,147.9,2900
2014-03-28 13:15:00,147.94,147.97,147.74,147.89,7808
2014-03-28 13:30:00,147.81,148.05,147.78,147.87,7200
2014-03-28 13:45:00,147.895,148.0575,147.74,147.98,3196
2014-03-28 14:00:00,147.98,148.05,147.81,148.0,6155
2014-03-28 14:15:00,147.96,147.972,147.55,147.56,9711
2014-03-28 14:30:00,147.51,147.53,147.26,147.49,7102
2014-03-28 14:45:00,147.47,147.58,147.35,147.43,19160
2014-03-28 15:00:00,147.38,147.86,147.34,147.86,15603
2014-03-28 15:15:00,147.815,147.8774,147.58,147.68,23753
2014-03-28 15:30:00,147.63,147.96,147.57,147.91,22597
2014-03-28 15:45:00,147.9,147.98,147.73,147.83,22925
2014-03-28 16:00:00,147.82,147.97,147.63,147.95,51740
2014-03-31 09:45:00,148.41,149.0,147.44,148.31,21655
2014-03-31 10:00:00,148.38,148.58,147.47,148.08,17267
2014-03-31 10:15:00,147.92,148.28,147.92,148.13,13566
2014-03-31 10:30:00,148.16,148.48,148.15,148.45,12330
2014-03-31 10:45:00,148.58,148.59,148.05,148.1901,10326
2014-03-31 11:00:00,148.29,148.55,148.11,148.25,22650
2014-03-31 11:15:00,148.24,148.3799,148.12,148.28,12852
2014-03-31 11:30:00,148.34,148.41,148.01,148.06,9000
2014-03-31 11:45:00,148.02,148.11,147.75,148.0,8343
2014-03-31 12:00:00,148.06,148.19,147.96,147.96,5600
2014-03-31 12:15:00,147.95,148.265,147.95,148.14,5800
2014-03-31 12:30:00,148.19,148.47899999999998,148.1,148.34,10225
2014-03-31 12:45:00,148.34,148.48,148.18,148.22,5495
2014-03-31 13:00:00,148.24,148.31,148.16,148.28,4626
2014-03-31 13:15:00,148.27,148.33,148.03,148.05,6022
2014-03-31 13:30:00,148.11,148.11,147.79,147.881,4443
2014-03-31 13:45:00,147.95,148.02,147.72,147.73,8670
2014-03-31 14:00:00,147.8,147.84,147.41,147.66,8000
2014-03-31 14:15:00,147.58,147.86,147.58,147.7,6300
2014-03-31 14:30:00,147.73,147.81,147.51,147.6,4770
2014-03-31 14:45:00,147.61,147.77,147.61,147.73,3940
2014-03-31 15:00:00,147.8,147.8,147.62,147.7,9749
2014-03-31 15:15:00,147.6625,147.915,147.58,147.91,56305
2014-03-31 15:30:00,147.92,148.07,147.89,148.0,13400
2014-03-31 15:45:00,148.0,148.21,148.0,148.21,21124
2014-03-31 16:00:00,148.2,148.41,148.2,148.4,123374
2014-04-01 09:45:00,148.48,149.49,148.48,149.02,62234
2014-04-01 10:00:00,149.03,149.85,148.96,149.85,16799
2014-04-01 10:15:00,149.64,150.37,149.64,150.295,58611
2014-04-01 10:30:00,150.36,151.1,150.295,151.005,36450
2014-04-01 10:45:00,151.06,151.26,150.97,151.1015,38639
2014-04-01 11:00:00,151.14,151.17,150.525,150.6,35953
2014-04-01 11:15:00,150.53,150.63,150.02,150.02,21511
2014-04-01 11:30:00,150.05,150.1,149.86,149.86,25793
2014-04-01 11:45:00,149.925,150.12,149.85,150.08,20924
2014-04-01 12:00:00,150.21,150.27,149.76,149.86,42603
2014-04-01 12:15:00,149.85,149.9,149.51,149.52200000000002,38589
2014-04-01 12:30:00,149.45,149.55,149.39,149.4,5630
2014-04-01 12:45:00,149.49,149.68,149.35,149.52,33852
2014-04-01 13:00:00,149.5,149.65,149.45,149.62,6639
2014-04-01 13:15:00,149.58,149.62,149.42,149.5675,13625
2014-04-01 13:30:00,149.56,149.69,149.55,149.58,4359
2014-04-01 13:45:00,149.62,149.69,149.529,149.65,13033
2014-04-01 14:00:00,149.65,149.91,149.6,149.85,15727
2014-04-01 14:15:00,149.92,150.0,149.58,149.58,29975
2014-04-01 14:30:00,149.57,149.8,149.52,149.62,28353
2014-04-01 14:45:00,149.63,149.81,149.59,149.72,19158
2014-04-01 15:00:00,149.8,149.91,149.75,149.86,6507
2014-04-01 15:15:00,149.85,149.88,149.61,149.61,11846
2014-04-01 15:30:00,149.6,149.73,149.6,149.67,33094
2014-04-01 15:45:00,149.67,149.73,149.53,149.61,25994
2014-04-01 16:00:00,149.63,149.7,149.19,149.35,106785
2014-04-02 09:45:00,149.09,150.26,148.36,150.085,29239
2014-04-02 10:00:00,149.94,149.94,149.34,149.51,8628
2014-04-02 10:15:00,149.55,150.06,149.39,149.71,8500
2014-04-02 10:30:00,149.71,150.03,149.71,150.03,6909
2014-04-02 10:45:00,149.89,149.98,149.73,149.79399999999998,7887
2014-04-02 11:00:00,149.86,149.87,149.65,149.77,27058
2014-04-02 11:15:00,149.78,149.805,149.49,149.55,6508
2014-04-02 11:30:00,149.55,149.55,148.92,149.18,25681
2014-04-02 11:45:00,149.18,149.27,149.03,149.21,4800
2014-04-02 12:00:00,149.21,149.58,149.08,149.39,18690
2014-04-02 12:15:00,149.34,149.36,149.09,149.12,22804
2014-04-02 12:30:00,149.165,149.22,149.08,149.14,4135
2014-04-02 12:45:00,149.16,149.31799999999998,149.13,149.17,8700
2014-04-02 13:00:00,149.15,149.3,149.09,149.16,5685
2014-04-02 13:15:00,149.17,149.23,149.0,149.09,8150
2014-04-02 13:30:00,149.04,149.15,148.85,148.93,3200
2014-04-02 13:45:00,149.0,149.0,148.78,148.78,6198
2014-04-02 14:00:00,148.76,149.05,148.73,149.05,3600
2014-04-02 14:15:00,149.04,149.12,148.95,149.03,3360
2014-04-02 14:30:00,149.06,149.2,149.06,149.08,5400
2014-04-02 14:45:00,149.07,149.2199,149.03,149.11,2900
2014-04-02 15:00:00,149.11,149.42,149.11,149.36,6905
2014-04-02 15:15:00,149.42,149.46,149.255,149.46,9792
2014-04-02 15:30:00,149.48,149.61,149.35,149.57,12397
2014-04-02 15:45:00,149.615,149.71,149.5,149.66,15029
2014-04-02 16:00:00,149.66,149.68,149.29,149.39,45495
2014-04-03 09:45:00,149.42,149.99,148.96,149.97,16322
2014-04-03 10:00:00,149.54,149.98,149.32,149.98,4975
2014-04-03 10:15:00,149.98,150.195,149.77,149.85399999999998,6922
2014-04-03 10:30:00,149.89,150.015,149.76,149.8,7100
2014-04-03 10:45:00,149.71,149.88,149.23,149.23,6414
2014-04-03 11:00:00,149.35,149.54,149.06,149.06,7300
2014-04-03 11:15:00,149.13,149.23,148.81,148.99,46387
2014-04-03 11:30:00,148.91,148.9799,148.28,148.52,11188
2014-04-03 11:45:00,148.47,148.8,148.36,148.8,3887
2014-04-03 12:00:00,148.78,148.81,148.58,148.58,4036
2014-04-03 12:15:00,148.53,148.72,148.4,148.7,3474
2014-04-03 12:30:00,148.62,148.63,148.31,148.44,2500
2014-04-03 12:45:00,148.46,148.54,148.36,148.54,3725
2014-04-03 13:00:00,148.4465,148.6,148.32,148.42,3350
2014-04-03 13:15:00,148.5,148.63,148.37,148.58,4400
2014-04-03 13:30:00,148.536,148.55,148.31,148.5025,3106
2014-04-03 13:45:00,148.52,148.57,148.43,148.53,1735
2014-04-03 14:00:00,148.55,148.56,148.23,148.31799999999998,2644
2014-04-03 14:15:00,148.22,148.28,148.18,148.21,3020
2014-04-03 14:30:00,148.18,148.35,148.18,148.21,3568
2014-04-03 14:45:00,148.23,148.24,147.74,147.77,9793
2014-04-03 15:00:00,147.89,147.89600000000002,147.65,147.87,11522
2014-04-03 15:15:00,147.9,148.09,147.79,148.02,6700
2014-04-03 15:30:00,148.02,148.5,148.02,148.46,6227
2014-04-03 15:45:00,148.495,148.692,148.43,148.62,8961
2014-04-03 16:00:00,148.605,148.78,148.31,148.53,65388
2014-04-04 09:45:00,149.05,149.275,147.27,147.27,19323
2014-04-04 10:00:00,147.23,147.952,147.22,147.952,3456
2014-04-04 10:15:00,148.18,148.19,147.77,147.87,5623
2014-04-04 10:30:00,147.72,147.86,147.26,147.65,11000
2014-04-04 10:45:00,147.9,148.1,147.19,147.2,14953
2014-04-04 11:00:00,147.37,147.49,147.06,147.17,8830
2014-04-04 11:15:00,147.13,147.3099,146.35,146.54,10550
2014-04-04 11:30:00,146.53799999999998,146.6,146.07,146.24,8803
2014-04-04 11:45:00,146.26,146.85,146.1104,146.39,24510
2014-04-04 12:00:00,146.19,146.245,145.62,145.91,16495
2014-04-04 12:15:00,145.86,145.86,144.72,144.8,27390
2014-04-04 12:30:00,144.76,145.61,144.73,145.51,17118
2014-04-04 12:45:00,145.55,145.57,145.3,145.4,11975
2014-04-04 13:00:00,145.4,145.44,144.582,144.59,10975
2014-04-04 13:15:00,144.74,145.1687,144.515,144.99,14221
2014-04-04 13:30:00,145.05,145.35,144.76,144.79,9250
2014-04-04 13:45:00,144.77,144.99,144.61,144.63,6870
2014-04-04 14:00:00,144.74,144.9896,144.61,144.61,5700
2014-04-04 14:15:00,144.61,144.76,144.36,144.6068,13040
2014-04-04 14:30:00,144.65,144.96,144.58,144.7,10001
2014-04-04 14:45:00,144.74,144.83,144.52,144.72,9213
2014-04-04 15:00:00,144.67,144.94,144.52,144.94,8396
2014-04-04 15:15:00,144.9,145.17,144.71,145.14,12729
2014-04-04 15:30:00,145.11,145.33,145.04,145.23,6916
2014-04-04 15:45:00,145.18,145.285,144.94,145.16,20050
2014-04-04 16:00:00,145.17,145.34,144.94,145.0,114450
2014-04-07 09:45:00,144.65,144.82,144.01,144.1334,22726
2014-04-07 10:00:00,144.14,144.14,143.5,144.02,20893
2014-04-07 10:15:00,143.97,144.02,143.428,143.9,47641
2014-04-07 10:30:00,143.9,144.0,143.31,143.31,30612
2014-04-07 10:45:00,143.32,143.37,142.76,143.0,21310
2014-04-07 11:00:00,142.99,142.99,142.61,142.67,14101
2014-04-07 11:15:00,142.6,142.95,142.5401,142.635,10960
2014-04-07 11:30:00,142.64,142.84,142.17,142.51,32740
2014-04-07 11:45:00,142.5,143.22899999999998,142.42,142.9685,37387
2014-04-07 12:00:00,142.97,143.18,142.94,143.03,6990
2014-04-07 12:15:00,143.05,143.27,142.83,142.86,23292
2014-04-07 12:30:00,142.895,142.93,142.61,142.67,18899
2014-04-07 12:45:00,142.68,143.17,142.61,143.14,13237
2014-04-07 13:00:00,143.15,143.26,142.91,143.16,10369
2014-04-07 13:15:00,143.07,143.11,142.981,142.981,28199
2014-04-07 13:30:00,143.0,143.39,142.99,143.02,13492
2014-04-07 13:45:00,143.025,143.14,142.86,142.9,61153
2014-04-07 14:00:00,142.9,143.0,142.81,142.895,23790
2014-04-07 14:15:00,142.895,143.22,142.77,142.8,16069
2014-04-07 14:30:00,142.8,142.86,142.52,142.68,24047
2014-04-07 14:45:00,142.61,143.09,142.53,143.09,19195
2014-04-07 15:00:00,143.08,143.33,142.9957,143.07,16699
2014-04-07 15:15:00,143.11,143.35,142.955,143.35,25095
2014-04-07 15:30:00,143.36,143.82,143.36,143.68,28594
2014-04-07 15:45:00,143.6501,143.6501,143.05,143.05,43255
2014-04-07 16:00:00,143.08,143.08,142.89,143.02,69692
2014-04-08 09:45:00,142.65,143.79,142.102,143.79,17736
2014-04-08 10:00:00,143.79,144.09,143.31,143.95,12765
2014-04-08 10:15:00,143.95,144.26,143.8498,143.97,11446
2014-04-08 10:30:00,144.01,144.21,143.16,143.16,8605
2014-04-08 10:45:00,143.09,143.79,143.09,143.58,18200
2014-04-08 11:00:00,143.58,143.72,143.411,143.47,12608
2014-04-08 11:15:00,143.525,143.87,143.49,143.5999,15670
2014-04-08 11:30:00,143.545,144.0,143.52,143.55,24576
2014-04-08 11:45:00,143.58,143.76,143.43,143.51,13971
2014-04-08 12:00:00,143.6,143.84,143.41,143.84,6920
2014-04-08 12:15:00,143.77,143.87,143.58,143.73,7816
2014-04-08 12:30:00,143.82,143.93,143.71,143.83,29800
2014-04-08 12:45:00,143.84,144.03,143.62,143.77,18186
2014-04-08 13:00:00,143.78,143.86,143.61,143.63,5329
2014-04-08 13:15:00,143.66,143.76,143.38,143.76,12003
2014-04-08 13:30:00,143.87,144.63,143.87,144.495,10591
2014-04-08 13:45:00,144.39,144.48,144.06,144.16,7152
2014-04-08 14:00:00,144.07,144.34,143.99,144.34,6902
2014-04-08 14:15:00,144.29,144.29,143.741,143.94,24298
2014-04-08 14:30:00,143.8835,143.98,143.78,143.85,13797
2014-04-08 14:45:00,143.74,143.81,143.52,143.78,11151
2014-04-08 15:00:00,143.81,144.26,143.8,143.99,11148
2014-04-08 15:15:00,143.95,144.03,143.86,143.86,21267
2014-04-08 15:30:00,143.86,144.2599,143.82,144.16,13598
2014-04-08 15:45:00,144.23,144.3995,144.18,144.21,22634
2014-04-08 16:00:00,144.19,144.28,144.0,144.2,59989
2014-04-09 09:45:00,144.61,145.09,143.89,144.03,23056
2014-04-09 10:00:00,144.195,144.56,143.6,144.4,17112
2014-04-09 10:15:00,144.315,144.35,143.81,144.095,23428
2014-04-09 10:30:00,144.15,145.22,144.15,144.5,16060
2014-04-09 10:45:00,144.5,144.65,143.87,143.87,20683
2014-04-09 11:00:00,143.88,143.99,143.5,143.99,16289
2014-04-09 11:15:00,143.88,144.05,143.69,144.05,9933
2014-04-09 11:30:00,144.03,144.06,143.77,143.936,15664
2014-04-09 11:45:00,143.9,144.09,143.835,143.99,11549
2014-04-09 12:00:00,144.06,144.36,144.025,144.33,12160
2014-04-09 12:15:00,144.27,144.46,144.19,144.34,10583
2014-04-09 12:30:00,144.295,144.725,144.295,144.61,8400
2014-04-09 12:45:00,144.61,144.61,144.34,144.51,20292
2014-04-09 13:00:00,144.54,144.54,144.16,144.245,4700
2014-04-09 13:15:00,144.32,144.51,144.28,144.42,4100
2014-04-09 13:30:00,144.385,144.55,144.34,144.53,7988
2014-04-09 13:45:00,144.56,144.63,144.429,144.63,2432
2014-04-09 14:00:00,144.627,144.7,144.37,144.41,4697
2014-04-09 14:15:00,144.44,145.1,144.44,144.97,24200
2014-04-09 14:30:00,144.9,145.0,144.66,144.66,11879
2014-04-09 14:45:00,144.77,144.94,144.73,144.77,4730
2014-04-09 15:00:00,144.74,144.89,144.67,144.74,15193
2014-04-09 15:15:00,144.64,144.94,144.5,144.89,16098
2014-04-09 15:30:00,144.8208,144.93,144.78,144.8,8317
2014-04-09 15:45:00,144.83,144.99,144.805,144.94799999999998,29054
2014-04-09 16:00:00,144.91,145.11,144.79,144.9,45588
2014-04-10 09:45:00,145.07,145.79,144.88,145.42,14826
2014-04-10 10:00:00,145.49,145.67,145.34,145.536,3000
2014-04-10 10:15:00,145.32,145.51,145.08,145.27100000000002,12041
2014-04-10 10:30:00,145.12,145.27,144.48,144.75,9183
2014-04-10 10:45:00,144.8399,144.93,144.64,144.65,12591
2014-04-10 11:00:00,144.77,144.876,144.4,144.42,10591
2014-04-10 11:15:00,144.421,144.51,144.0,144.47,18354
2014-04-10 11:30:00,144.395,144.46,143.75,143.75,7449
2014-04-10 11:45:00,143.81,144.15,143.81,144.08,12660
2014-04-10 12:00:00,144.1,144.1,143.51,143.58,19571
2014-04-10 12:15:00,143.61,143.695,143.0,143.22,10580
2014-04-10 12:30:00,143.29,143.44,143.2501,143.44,6533
2014-04-10 12:45:00,143.37,143.49,143.17,143.32,18845
2014-04-10 13:00:00,143.27,143.46,143.23,143.24,15092
2014-04-10 13:15:00,143.16,143.48,143.09,143.22799999999998,9843
2014-04-10 13:30:00,143.16,143.3,142.9475,143.17,12453
2014-04-10 13:45:00,143.08,143.38,143.07,143.2,6103
2014-04-10 14:00:00,143.2,143.45,143.11,143.42,10469
2014-04-10 14:15:00,143.4,143.55,143.39,143.52,9048
2014-04-10 14:30:00,143.52,143.62,143.16,143.2,11616
2014-04-10 14:45:00,143.16,143.24,142.99200000000002,143.23,90876
2014-04-10 15:00:00,143.18,143.23,142.884,142.884,43544
2014-04-10 15:15:00,142.94,142.97,142.425,142.59,39455
2014-04-10 15:30:00,142.59,142.89,142.51,142.79,35609
2014-04-10 15:45:00,142.795,143.0,142.655,143.0,25358
2014-04-10 16:00:00,143.0,143.09,142.43,142.44,79009
2014-04-11 09:45:00,141.39,142.93,141.08,142.91,84795
2014-04-11 10:00:00,143.02,143.17,142.265,142.5,38055
2014-04-11 10:15:00,142.4,142.465,141.74,142.04,47285
2014-04-11 10:30:00,141.9,142.21,141.82,142.19,34660
2014-04-11 10:45:00,142.14,142.82,142.07,142.75,26671
2014-04-11 11:00:00,142.68,143.52,142.38,143.43,13123
2014-04-11 11:15:00,143.49,143.49,143.09,143.34,9171
2014-04-11 11:30:00,143.46,143.5497,142.8,142.87,9426
2014-04-11 11:45:00,142.87,143.07,142.72,142.925,9263
2014-04-11 12:00:00,142.99,142.99,142.49,142.55,25352
2014-04-11 12:15:00,142.54,142.68,142.43,142.54,19401
2014-04-11 12:30:00,142.52,142.876,142.26,142.79,9457
2014-04-11 12:45:00,142.8,142.96,142.68,142.86,7583
2014-04-11 13:00:00,142.78,142.95,142.61,142.89,7704
2014-04-11 13:15:00,142.9099,142.9099,142.27,142.602,13082
2014-04-11 13:30:00,142.5,142.56,142.17,142.21,15473
2014-04-11 13:45:00,142.26,142.57,142.125,142.47,16573
2014-04-11 14:00:00,142.45,142.69,142.3,142.3,42890
2014-04-11 14:15:00,142.31,142.59,142.108,142.108,21244
2014-04-11 14:30:00,142.17600000000002,142.29,141.96,142.085,19948
2014-04-11 14:45:00,142.09,142.2,141.9,142.06,27749
2014-04-11 15:00:00,141.98,142.33,141.88,142.22,26700
2014-04-11 15:15:00,142.09,142.48,141.895,142.09,21637
2014-04-11 15:30:00,142.1,142.56,142.0,142.37,45050
2014-04-11 15:45:00,142.3,142.51,142.125,142.37,29579
2014-04-11 16:00:00,142.36,142.41,141.82,141.92,150535
2014-04-14 09:45:00,143.07,143.5399,141.75,142.0,17183
2014-04-14 10:00:00,142.02200000000002,142.105,141.5,141.5805,11583
2014-04-14 10:15:00,141.545,142.095,141.545,141.81,18307
2014-04-14 10:30:00,141.78,141.83,141.535,141.635,18058
2014-04-14 10:45:00,141.68,142.27,141.61,142.14,14268
2014-04-14 11:00:00,142.27,143.06,142.08,142.89,26935
2014-04-14 11:15:00,142.87,142.95,142.606,142.78,7700
2014-04-14 11:30:00,142.82,143.01,142.64,142.87,27100
2014-04-14 11:45:00,142.961,143.36,142.961,143.22,16890
2014-04-14 12:00:00,143.12,143.2,142.6,142.63,32303
2014-04-14 12:15:00,142.65,142.96,142.59,142.75,22203
2014-04-14 12:30:00,142.87,142.96,142.66,142.799,8912
2014-04-14 12:45:00,142.87,143.11,142.77,142.97,5200
2014-04-14 13:00:00,142.94,143.11,142.94,142.98,5498
2014-04-14 13:15:00,142.97,143.04,142.86,142.86,5800
2014-04-14 13:30:00,142.8,142.94,142.59,142.94,10928
2014-04-14 13:45:00,142.84,143.02,142.56,142.79,24881
2014-04-14 14:00:00,142.80200000000002,142.81,142.42,142.54,3220
2014-04-14 14:15:00,142.47,142.99,142.38,142.66,14489
2014-04-14 14:30:00,142.72,142.77,142.36,142.42,8700
2014-04-14 14:45:00,142.32,142.36,141.93,142.16,18042
2014-04-14 15:00:00,142.2,142.38,142.055,142.055,11100
2014-04-14 15:15:00,142.10299999999998,142.12,141.72,141.735,15717
2014-04-14 15:30:00,141.68,142.07,141.55,142.0425,35203
2014-04-14 15:45:00,142.11,142.7,142.06,142.595,30050
2014-04-14 16:00:00,142.62,143.17,142.57,142.99,55572
2014-04-15 09:45:00,143.47,144.17,142.25,144.105,36053
2014-04-15 10:00:00,143.94,144.31,143.74,144.14,18228
2014-04-15 10:15:00,143.96,144.365,143.06,143.06,19838
2014-04-15 10:30:00,143.08,143.45,142.85,142.94,17263
2014-04-15 10:45:00,142.77,143.25,142.53,142.77,12661
2014-04-15 11:00:00,142.67,143.13,142.3,142.645,11372
2014-04-15 11:15:00,142.37,142.76,142.09,142.22,18689
2014-04-15 11:30:00,142.12,142.915,142.12,142.5,9842
2014-04-15 11:45:00,142.48,142.72,142.05,142.08,5500
2014-04-15 12:00:00,141.98,142.05,141.63,141.74,9251
2014-04-15 12:15:00,141.74,141.74,141.27,141.69,9923
2014-04-15 12:30:00,141.66,141.916,141.46,141.916,7824
2014-04-15 12:45:00,141.8,141.83,141.38,141.56,8979
2014-04-15 13:00:00,141.49,141.49,141.12,141.3,11157
2014-04-15 13:15:00,141.32,141.64,141.16,141.5,9951
2014-04-15 13:30:00,141.68,141.75,141.41,141.55,13058
2014-04-15 13:45:00,141.58,142.22,141.53,142.0,12314
2014-04-15 14:00:00,141.87,142.49,141.67,142.42,6450
2014-04-15 14:15:00,142.51,142.84,142.32,142.4,9374
2014-04-15 14:30:00,142.54,142.59,142.12,142.43,13393
2014-04-15 14:45:00,142.423,143.06,142.4,142.93,9573
2014-04-15 15:00:00,142.9299,143.3,142.87,142.96,13366
2014-04-15 15:15:00,143.0,143.17,142.72,143.16,14019
2014-04-15 15:30:00,143.07,143.37,142.85,143.16,28295
2014-04-15 15:45:00,143.14,143.15,142.77,142.83,17769
2014-04-15 16:00:00,142.81,143.1699,142.66,142.85,57779
2014-04-16 09:45:00,143.43,143.47,142.17,142.21,23142
2014-04-16 10:00:00,142.24,142.8,141.74,142.71,15392
2014-04-16 10:15:00,142.41,142.72,142.13,142.72,12600
2014-04-16 10:30:00,142.45,143.21,142.28,143.07,18091
2014-04-16 10:45:00,143.08,143.23,142.7,142.7,23628
2014-04-16 11:00:00,142.67,143.16,142.6,142.74,10204
2014-04-16 11:15:00,142.805,143.03,142.65,142.98,6544
2014-04-16 11:30:00,142.9,143.37,142.9,143.14,10381
2014-04-16 11:45:00,143.16,143.35,142.78,142.78,8374
2014-04-16 12:00:00,142.75,143.34,142.75,143.1,10425
2014-04-16 12:15:00,143.19,143.58,143.19,143.46,22565
2014-04-16 12:30:00,143.47,143.91,143.4,143.65,12380
2014-04-16 12:45:00,143.71,143.85,143.33,143.34,15433
2014-04-16 13:00:00,143.46,143.7,143.34,143.49,15740
2014-04-16 13:15:00,143.49,143.6,143.24,143.55,15115
2014-04-16 13:30:00,143.57,144.19,143.57,143.91,18342
2014-04-16 13:45:00,143.78,143.88,143.53,143.7,9344
2014-04-16 14:00:00,143.72,143.88,143.63,143.76,10104
2014-04-16 14:15:00,143.72,143.78,143.505,143.63,13497
2014-04-16 14:30:00,143.57,143.84,143.45,143.84,12634
2014-04-16 14:45:00,143.91,144.16,143.82,144.05,8665
2014-04-16 15:00:00,144.19,144.4,144.12,144.17,14793
2014-04-16 15:15:00,144.2,144.5379,144.09,144.42,31907
2014-04-16 15:30:00,144.42,144.61,144.28,144.52,15187
2014-04-16 15:45:00,144.55,144.72,144.47,144.72,18216
2014-04-16 16:00:00,144.67,144.67,144.41,144.55,87069
2014-04-17 09:45:00,145.18,147.5,144.64,146.79,110310
2014-04-17 10:00:00,146.89,147.71,146.36,147.275,56375
2014-04-17 10:15:00,147.34,147.8,146.32,147.65,49733
2014-04-17 10:30:00,147.56,147.97,147.15,147.55,50261
2014-04-17 10:45:00,147.51,147.56,146.7255,146.85,20011
2014-04-17 11:00:00,146.77,147.095,146.59,147.0073,20799
2014-04-17 11:15:00,147.03,147.33,146.88299999999998,147.23,21406
2014-04-17 11:30:00,147.18,147.32299999999998,146.98,147.07,14766
2014-04-17 11:45:00,147.07,147.125,146.39,146.51,10953
2014-04-17 12:00:00,146.52,146.7472,146.42,146.5,40850
2014-04-17 12:15:00,146.45,146.56,146.17,146.17,10590
2014-04-17 12:30:00,146.17,146.19,145.83,146.08,8762
2014-04-17 12:45:00,146.02,146.0925,145.87,146.065,6704
2014-04-17 13:00:00,146.08,146.24,145.96,146.03,6110
2014-04-17 13:15:00,146.03,146.6,145.98,146.51,11359
2014-04-17 13:30:00,146.51,146.55,146.13,146.14,18850
2014-04-17 13:45:00,146.13,146.4,146.13,146.26,9943
2014-04-17 14:00:00,146.315,146.775,146.2,146.77,22582
2014-04-17 14:15:00,146.75,146.84,146.56,146.785,14197
2014-04-17 14:30:00,146.785,147.05,146.687,147.0,11971
2014-04-17 14:45:00,147.0,147.07,146.8,146.95,18976
2014-04-17 15:00:00,146.96,147.01,146.7,146.86,15197
2014-04-17 15:15:00,146.83,147.39,146.83,147.3825,27843
2014-04-17 15:30:00,147.39,147.45,146.89,146.89,30300
2014-04-17 15:45:00,146.875,146.91,146.5,146.57,25810
2014-04-17 16:00:00,146.56,146.78,146.43,146.48,80144
2014-04-21 09:45:00,146.93,147.39,146.49,146.74,33882
2014-04-21 10:00:00,146.82,146.97,146.4,146.72,15163
2014-04-21 10:15:00,146.83,147.03,146.45,146.505,19569
2014-04-21 10:30:00,146.41,146.66,146.39,146.39,15434
2014-04-21 10:45:00,146.51,146.54,146.2,146.5,48365
2014-04-21 11:00:00,146.54,146.98,146.5,146.9,17662
2014-04-21 11:15:00,146.87,147.69,146.67,147.58,22796
2014-04-21 11:30:00,147.57,147.88,147.445,147.77,17689
2014-04-21 11:45:00,147.738,147.83,147.62,147.7,8590
2014-04-21 12:00:00,147.65,147.78,147.2,147.41,30153
2014-04-21 12:15:00,147.464,147.88,147.3,147.73,21072
2014-04-21 12:30:00,147.805,147.87,147.06,147.29,13953
2014-04-21 12:45:00,147.28,147.85,147.2,147.85,26437
2014-04-21 13:00:00,147.85,147.97,147.68,147.68,12754
2014-04-21 13:15:00,147.78,147.78,147.44,147.53,9352
2014-04-21 13:30:00,147.53,147.64,147.33,147.63,25296
2014-04-21 13:45:00,147.63,147.74,147.47,147.74,7320
2014-04-21 14:00:00,147.69,147.77,147.58,147.74,7027
2014-04-21 14:15:00,147.75,147.9,147.66,147.68,9449
2014-04-21 14:30:00,147.752,147.93,147.72,147.93,9922
2014-04-21 14:45:00,147.93,148.1245,147.81,147.92,20158
2014-04-21 15:00:00,147.88,148.2,147.88,148.2,15368
2014-04-21 15:15:00,148.2,148.22,147.98,148.04,22500
2014-04-21 15:30:00,148.09,148.17,147.81,148.0,25504
2014-04-21 15:45:00,147.94,148.05,147.74,147.75,23839
2014-04-21 16:00:00,147.75,148.04,147.71,148.03,48951
2014-04-22 09:45:00,147.52,149.25,147.37,147.69,38950
2014-04-22 10:00:00,147.68,147.98,147.43,147.55,39493
2014-04-22 10:15:00,147.69,148.7,147.58,148.69,38055
2014-04-22 10:30:00,148.45,148.63,147.9,148.06,36431
2014-04-22 10:45:00,148.1,148.21,147.945,148.18,14195
2014-04-22 11:00:00,148.1,148.25,148.005,148.14,13898
2014-04-22 11:15:00,148.16,148.8,148.11,148.53,19915
2014-04-22 11:30:00,148.57,149.09,148.53,148.99,35851
2014-04-22 11:45:00,149.0,149.45,149.0,149.15,15042
2014-04-22 12:00:00,149.15,149.26,148.52,148.53,8686
2014-04-22 12:15:00,148.55,148.69,148.5,148.65,4538
2014-04-22 12:30:00,148.75,148.79,148.42,148.58,13722
2014-04-22 12:45:00,148.61,148.67,148.35,148.67,6373
2014-04-22 13:00:00,148.66,148.85,148.66,148.74,8699
2014-04-22 13:15:00,148.84,148.89,148.46,148.55,13021
2014-04-22 13:30:00,148.56,148.88,148.55,148.78,11044
2014-04-22 13:45:00,148.72,148.82,148.61,148.78,8700
2014-04-22 14:00:00,148.77,148.83,148.5,148.5,6500
2014-04-22 14:15:00,148.41,148.45,148.3,148.31,4944
2014-04-22 14:30:00,148.3,148.51,148.06,148.36,38434
2014-04-22 14:45:00,148.36,148.52,148.36,148.42,6849
2014-04-22 15:00:00,148.41,148.47,148.26,148.26,8289
2014-04-22 15:15:00,148.29,148.29,148.04,148.28,15606
2014-04-22 15:30:00,148.34,148.34,148.06,148.19,16098
2014-04-22 15:45:00,148.21,148.34,147.94,148.05,18245
2014-04-22 16:00:00,147.995,148.14,147.95,147.98,42362
2014-04-23 09:45:00,148.35,149.26,147.73,147.73,17886
2014-04-23 10:00:00,147.72,147.82,147.23,147.53,15434
2014-04-23 10:15:00,147.68,148.05200000000002,147.5,147.828,36824
2014-04-23 10:30:00,147.88,148.24,147.85,148.115,19022
2014-04-23 10:45:00,148.09,148.325,147.975,148.22,24205
2014-04-23 11:00:00,148.14,148.375,148.03,148.22,12708
2014-04-23 11:15:00,148.13,148.34,147.976,148.16,16693
2014-04-23 11:30:00,148.03,148.41,147.96,148.34,12773
2014-04-23 11:45:00,148.26,148.53,148.22,148.43,13580
2014-04-23 12:00:00,148.31,148.50799999999998,148.08,148.50799999999998,9250
2014-04-23 12:15:00,148.43,148.46,148.03,148.06,13809
2014-04-23 12:30:00,148.05,148.2699,148.05,148.21,11400
2014-04-23 12:45:00,148.26,148.285,147.85,148.13,24541
2014-04-23 13:00:00,148.035,148.3245,148.005,148.14,12195
2014-04-23 13:15:00,148.16,148.31,148.04,148.17,11360
2014-04-23 13:30:00,148.08100000000002,148.3,147.97,148.05,18761
2014-04-23 13:45:00,148.1,148.21,147.99,148.03,13611
2014-04-23 14:00:00,148.14,148.245,147.95,148.15,9600
2014-04-23 14:15:00,148.0901,148.2399,147.81,148.065,16352
2014-04-23 14:30:00,148.01,148.164,147.91,148.164,18675
2014-04-23 14:45:00,148.15,148.17,147.95,148.06,18900
2014-04-23 15:00:00,148.05700000000002,148.2,147.99,148.0,22250
2014-04-23 15:15:00,148.0,148.3,147.99,148.3,25674
2014-04-23 15:30:00,148.29,148.41,148.04,148.09,38871
2014-04-23 15:45:00,148.13,148.23,147.99200000000002,148.08,58332
2014-04-23 16:00:00,148.07,148.27,147.96,148.12,95304
2014-04-24 09:45:00,145.63,147.4,143.25,145.3,217094
2014-04-24 10:00:00,145.56,147.89,145.0,145.02,219020
2014-04-24 10:15:00,145.01,145.77,144.55,145.05,89469
2014-04-24 10:30:00,145.186,145.65,144.66,145.59,56461
2014-04-24 10:45:00,145.42,145.89,145.42,145.66,34849
2014-04-24 11:00:00,145.69,146.4,145.44,146.056,25729
2014-04-24 11:15:00,145.85,146.42,145.72,146.25,39784
2014-04-24 11:30:00,146.29,146.566,146.1,146.53,37259
2014-04-24 11:45:00,146.518,146.89,146.38,146.6,34115
2014-04-24 12:00:00,146.6,146.94,145.95,146.93,21835
2014-04-24 12:15:00,146.85,147.246,146.83,147.245,45966
2014-04-24 12:30:00,147.16,147.392,146.78,147.154,28146
2014-04-24 12:45:00,147.18,147.42,147.17,147.38,42308
2014-04-24 13:00:00,147.36,147.6,147.16,147.4525,25462
2014-04-24 13:15:00,147.46,147.6,147.44,147.588,23669
2014-04-24 13:30:00,147.53,147.6,147.23,147.25,14608
2014-04-24 13:45:00,147.24,147.32,146.73,146.895,51047
2014-04-24 14:00:00,146.895,146.895,145.39,145.485,31614
2014-04-24 14:15:00,145.48,146.365,145.48,146.36,33424
2014-04-24 14:30:00,146.35,146.7,146.29,146.38,24683
2014-04-24 14:45:00,146.41,147.0,146.09,147.0,19351
2014-04-24 15:00:00,146.99,147.27200000000002,146.94,147.1,19391
2014-04-24 15:15:00,147.03,147.5,146.975,147.5,37791
2014-04-24 15:30:00,147.49,147.79,147.47,147.76,63411
2014-04-24 15:45:00,147.76,147.8,147.0,147.0,46963
2014-04-24 16:00:00,147.025,147.72,146.96,147.695,113582
2014-04-25 09:45:00,147.48,147.51,146.09,146.52,33081
2014-04-25 10:00:00,146.5,146.61,145.48,145.97,38021
2014-04-25 10:15:00,146.1,146.77,145.58,146.72,47979
2014-04-25 10:30:00,146.79,147.3,146.79,146.91,17632
2014-04-25 10:45:00,146.88,147.1,146.52,147.1,19888
2014-04-25 11:00:00,147.04,147.27,146.89,147.05,18365
2014-04-25 11:15:00,146.94,147.04,146.58,147.02,11620
2014-04-25 11:30:00,147.04,147.17,146.82,147.03,15229
2014-04-25 11:45:00,147.01,147.27,146.87,147.08,13658
2014-04-25 12:00:00,146.91,147.25,146.87,146.94,11317
2014-04-25 12:15:00,147.03,147.3896,147.01,147.26,15698
2014-04-25 12:30:00,147.29,147.68,147.2,147.6,9634
2014-04-25 12:45:00,147.68,147.68,147.34,147.49,10855
2014-04-25 13:00:00,147.5,147.6,147.21,147.31,8009
2014-04-25 13:15:00,147.2,147.24,146.82,147.13,8329
2014-04-25 13:30:00,147.13,147.355,147.0,147.355,7251
2014-04-25 13:45:00,147.24,147.54,147.18,147.5,9617
2014-04-25 14:00:00,147.57,147.9,147.54,147.82,21318
2014-04-25 14:15:00,147.71,147.93,147.34,147.83,34511
2014-04-25 14:30:00,147.8,147.96,147.7,147.89,20524
2014-04-25 14:45:00,147.78,148.1,147.69,147.81,14082
2014-04-25 15:00:00,147.81,148.0,147.61,147.67,15663
2014-04-25 15:15:00,147.68,147.99,147.68,147.91,20481
2014-04-25 15:30:00,147.81,148.13,147.79,148.06,27042
2014-04-25 15:45:00,148.08,148.25,147.81,147.9701,24970
2014-04-25 16:00:00,148.02,148.17,147.61,147.7,54197
2014-04-28 09:45:00,148.19,148.28,147.27,147.27,36680
2014-04-28 10:00:00,147.5,148.24,147.41,148.08,18592
2014-04-28 10:15:00,148.2,148.5,148.02,148.46,13383
2014-04-28 10:30:00,148.38,148.935,148.3,148.4,49544
2014-04-28 10:45:00,148.41,148.67,148.09,148.115,36151
2014-04-28 11:00:00,148.11,148.11,147.38,147.67,21413
2014-04-28 11:15:00,147.65,148.06,147.63,147.945,26691
2014-04-28 11:30:00,147.85,147.95,147.59,147.66,30951
2014-04-28 11:45:00,147.65,148.01,147.63,147.68,12753
2014-04-28 12:00:00,147.695,147.92,147.43,147.55,23687
2014-04-28 12:15:00,147.502,147.68,147.31,147.625,22099
2014-04-28 12:30:00,147.68,147.8245,147.58,147.8,15032
2014-04-28 12:45:00,147.75,147.85,147.61,147.8,18400
2014-04-28 13:00:00,147.67,147.72,147.44,147.53,10165
2014-04-28 13:15:00,147.47,147.91,147.42,147.75,69473
2014-04-28 13:30:00,147.74,147.82,147.22,147.4,37389
2014-04-28 13:45:00,147.39,147.45,146.77,146.77,17512
2014-04-28 14:00:00,146.77,147.32,146.66,147.055,12605
2014-04-28 14:15:00,147.0,147.46,146.89,147.45,10959
2014-04-28 14:30:00,147.49,147.8,147.39,147.63,9600
2014-04-28 14:45:00,147.76,147.86,147.55,147.65,15780
2014-04-28 15:00:00,147.63,148.07,147.58,147.96,29102
2014-04-28 15:15:00,148.02,148.81,147.98,148.81,24910
2014-04-28 15:30:00,148.82,148.99,148.67,148.79,28609
2014-04-28 15:45:00,148.86,149.0,148.62,148.88,19414
2014-04-28 16:00:00,148.885,148.885,148.35,148.51,35932
2014-04-29 09:45:00,149.03,149.27,148.18,148.68,19360
2014-04-29 10:00:00,148.51,149.24,148.38,148.48,25195
2014-04-29 10:15:00,148.72,148.97,148.44,148.78,28931
2014-04-29 10:30:00,148.6,148.71,148.22,148.48,36638
2014-04-29 10:45:00,148.24,149.03,148.24,148.81,17213
2014-04-29 11:00:00,148.9,149.19,148.73,148.92,33075
2014-04-29 11:15:00,148.92,149.27,148.85,148.85,14801
2014-04-29 11:30:00,148.9,149.5,148.8,149.45,12123
2014-04-29 11:45:00,149.5,149.7,149.266,149.59,14700
2014-04-29 12:00:00,149.59,149.86,149.33,149.65,12747
2014-04-29 12:15:00,149.645,149.84,149.6,149.72,7864
2014-04-29 12:30:00,149.71,149.95,149.53,149.9,35050
2014-04-29 12:45:00,149.95,150.21,149.85,149.99,18668
2014-04-29 13:00:00,149.95,150.04,149.81,150.03,9067
2014-04-29 13:15:00,149.985,150.345,149.985,150.19,31875
2014-04-29 13:30:00,150.19,150.3,150.06,150.279,22213
2014-04-29 13:45:00,150.299,150.46,150.1,150.38,23686
2014-04-29 14:00:00,150.31,150.66,150.245,150.61,17513
2014-04-29 14:15:00,150.59,150.7,150.46,150.46,26350
2014-04-29 14:30:00,150.43,150.47,150.16,150.16,12506
2014-04-29 14:45:00,150.14,150.22,150.0,150.15,22944
2014-04-29 15:00:00,150.16,150.24,150.06,150.23,11523
2014-04-29 15:15:00,150.24,150.3,150.13,150.19,25781
2014-04-29 15:30:00,150.15,150.22,150.1,150.21,22228
2014-04-29 15:45:00,150.16,150.2,149.89,149.9,37224
2014-04-29 16:00:00,149.89,150.04,149.61,150.0,126489
2014-04-30 09:45:00,149.56,150.23,149.05,149.82,19015
2014-04-30 10:00:00,149.92,150.27,149.3,149.63,15750
2014-04-30 10:15:00,149.55,149.89,149.31,149.78,26741
2014-04-30 10:30:00,149.84,149.93,149.46,149.6765,15666
2014-04-30 10:45:00,149.78,149.78,149.3125,149.566,18776
2014-04-30 11:00:00,149.55,149.59,149.14,149.22,15791
2014-04-30 11:15:00,149.22,149.23,148.5881,148.73,16346
2014-04-30 11:30:00,148.68,149.02,148.61,149.02,11128
2014-04-30 11:45:00,148.98,149.12,148.83,149.0,16501
2014-04-30 12:00:00,149.08,149.08,148.81,148.89,16374
2014-04-30 12:15:00,148.91,148.96,148.78,148.79,17900
2014-04-30 12:30:00,148.79,148.84,148.615,148.64,39828
2014-04-30 12:45:00,148.65,148.84,148.59,148.76,7983
2014-04-30 13:00:00,148.76,148.82,148.64,148.77,6780
2014-04-30 13:15:00,148.78,148.78,148.59,148.67,10209
2014-04-30 13:30:00,148.66,148.71,148.4,148.4,16389
2014-04-30 13:45:00,148.4,148.52,148.35,148.42,14993
2014-04-30 14:00:00,148.37,148.47,148.27,148.31,14800
2014-04-30 14:15:00,148.27,148.82,147.96,148.43,38245
2014-04-30 14:30:00,148.42,148.71,148.42,148.58,15882
2014-04-30 14:45:00,148.61,148.66,148.46,148.5,13870
2014-04-30 15:00:00,148.54,148.88,148.54,148.75,13241
2014-04-30 15:15:00,148.75,148.81,148.27,148.275,16669
2014-04-30 15:30:00,148.3191,148.334,148.01,148.22,28215
2014-04-30 15:45:00,148.31,148.59,148.24,148.59,15784
2014-04-30 16:00:00,148.59,148.89,148.14,148.79,79170
2014-05-01 09:45:00,148.99,149.92,148.875,149.87,28162
2014-05-01 10:00:00,149.724,150.075,148.98,148.98,36579
2014-05-01 10:15:00,149.17,149.2,148.9,148.95,17072
2014-05-01 10:30:00,148.79,148.79,148.14,148.27,7703
2014-05-01 10:45:00,148.4,148.4,148.09,148.18,9997
2014-05-01 11:00:00,148.17,148.35,148.04,148.23,8535
2014-05-01 11:15:00,148.36,148.41,148.13,148.17,6041
2014-05-01 11:30:00,148.21,148.43,148.02,148.43,6715
2014-05-01 11:45:00,148.33,148.66,148.33,148.46,16579
2014-05-01 12:00:00,148.46,148.46,148.08,148.25,11140
2014-05-01 12:15:00,148.15,148.45,148.11,148.29,4480
2014-05-01 12:30:00,148.28,148.41,148.12,148.4,2800
2014-05-01 12:45:00,148.39,148.41,148.01,148.09,16176
2014-05-01 13:00:00,148.08,148.15,147.93,148.11,21981
2014-05-01 13:15:00,148.08,148.23,147.98,148.1,5285
2014-05-01 13:30:00,148.09,148.6,148.07,148.48,46955
2014-05-01 13:45:00,148.5,148.53,148.22,148.22,6460
2014-05-01 14:00:00,148.25,148.31,147.77,147.94,10998
2014-05-01 14:15:00,148.06,148.16,148.01,148.07,5120
2014-05-01 14:30:00,148.06,148.28,148.06,148.28,9767
2014-05-01 14:45:00,148.28,148.31,147.84,147.88,7615
2014-05-01 15:00:00,147.89,147.97,147.71,147.8,6337
2014-05-01 15:15:00,147.82,148.02,147.7011,148.02,8609
2014-05-01 15:30:00,148.03,148.18,147.892,147.98,12651
2014-05-01 15:45:00,147.98,147.98,147.82,147.85,21066
2014-05-01 16:00:00,147.8,148.0,147.73,147.91,49276
2014-05-02 09:45:00,149.11,150.91,148.33,150.16,81490
2014-05-02 10:00:00,150.16,150.31,148.73,148.97,32268
2014-05-02 10:15:00,148.97,149.7323,148.79,149.34,14807
2014-05-02 10:30:00,149.48,149.6,149.1,149.1,48345
2014-05-02 10:45:00,149.17,149.17,148.4,148.52,22478
2014-05-02 11:00:00,148.575,148.67,147.915,148.43,57221
2014-05-02 11:15:00,148.33,148.96,148.29,148.64,11350
2014-05-02 11:30:00,148.76,149.09,148.71,148.77,18348
2014-05-02 11:45:00,148.82,149.17,148.82,149.09,6208
2014-05-02 12:00:00,149.1075,149.7,149.08,149.45,8044
2014-05-02 12:15:00,149.42,149.77,149.4,149.59,8559
2014-05-02 12:30:00,149.61,149.73,149.47,149.69,8300
2014-05-02 12:45:00,149.59,149.732,149.56,149.62,6048
2014-05-02 13:00:00,149.71,149.72,149.55,149.6,10534
2014-05-02 13:15:00,149.69,149.76,149.49,149.6,15814
2014-05-02 13:30:00,149.61,149.66,149.38,149.38,11640
2014-05-02 13:45:00,149.35,149.389,149.12,149.22,6429
2014-05-02 14:00:00,149.25,149.28,148.78,148.78,4600
2014-05-02 14:15:00,148.89,148.89,148.59,148.83,15382
2014-05-02 14:30:00,148.79,148.985,148.65,148.68,6274
2014-05-02 14:45:00,148.7,148.88,148.67,148.67,10300
2014-05-02 15:00:00,148.65,148.73,148.52,148.65,8720
2014-05-02 15:15:00,148.68,149.04,148.68,148.9,15441
2014-05-02 15:30:00,148.9,149.07,148.88,148.98,21702
2014-05-02 15:45:00,148.93,148.98,148.66,148.7692,28081
2014-05-02 16:00:00,148.78,149.01,148.72,148.89,64372
2014-05-05 09:45:00,147.91,148.97,147.37,147.55,20459
2014-05-05 10:00:00,147.66,148.42,147.38,148.37,9650
2014-05-05 10:15:00,148.48,148.79,148.33,148.49,3991
2014-05-05 10:30:00,148.6,148.8,148.125,148.125,6566
2014-05-05 10:45:00,148.14,148.74,148.14,148.66,16421
2014-05-05 11:00:00,148.65,148.678,148.37,148.44,8529
2014-05-05 11:15:00,148.39,148.46,148.16,148.46,8488
2014-05-05 11:30:00,148.42,148.51,148.11,148.28,15147
2014-05-05 11:45:00,148.4,148.65,148.27,148.27,9984
2014-05-05 12:00:00,148.22,148.26,148.12,148.195,2100
2014-05-05 12:15:00,148.16,148.16,147.93,148.03,2984
2014-05-05 12:30:00,148.1,148.11,147.86,147.96,5705
2014-05-05 12:45:00,147.92,147.99,147.83,147.98,7086
2014-05-05 13:00:00,147.97,147.97,147.53,147.66,7700
2014-05-05 13:15:00,147.67,147.75,147.5,147.65,5991
2014-05-05 13:30:00,147.63,147.73,147.59,147.63,5024
2014-05-05 13:45:00,147.61,147.75,147.5601,147.75,5503
2014-05-05 14:00:00,147.725,147.75,147.55,147.66,3524
2014-05-05 14:15:00,147.63,147.825,147.57,147.76,9404
2014-05-05 14:30:00,147.76,147.95,147.71200000000002,147.92,4600
2014-05-05 14:45:00,147.91,148.1,147.91,148.05,13402
2014-05-05 15:00:00,148.0241,148.21,148.01,148.02,7073
2014-05-05 15:15:00,148.03,148.08,147.8325,147.87,14309
2014-05-05 15:30:00,147.84,147.88,147.58,147.73,18163
2014-05-05 15:45:00,147.74,147.83,147.39,147.4271,16903
2014-05-05 16:00:00,147.44,147.7,147.44,147.68,53282
2014-05-06 09:45:00,147.38,147.9,146.99,147.285,53837
2014-05-06 10:00:00,147.305,147.79,147.21,147.65,11127
2014-05-06 10:15:00,147.72,147.75,147.39,147.52,8656
2014-05-06 10:30:00,147.52,147.71,147.33,147.575,29793
2014-05-06 10:45:00,147.67,147.94,147.45,147.94,28813
2014-05-06 11:00:00,147.97,147.98,147.37,147.37,13686
2014-05-06 11:15:00,147.33,147.38,147.11,147.34,23549
2014-05-06 11:30:00,147.27,147.43,147.12,147.22,12782
2014-05-06 11:45:00,147.245,147.55,147.245,147.45,11400
2014-05-06 12:00:00,147.44,147.6,147.41,147.6,6629
2014-05-06 12:15:00,147.5924,147.65,147.3,147.32,6621
2014-05-06 12:30:00,147.27,147.41,147.12,147.25,11589
2014-05-06 12:45:00,147.28,147.28,147.0,147.16,8095
2014-05-06 13:00:00,147.135,147.39,147.06,147.39,7923
2014-05-06 13:15:00,147.39,147.51,147.23,147.23,5680
2014-05-06 13:30:00,147.275,147.4,146.99,147.03,6000
2014-05-06 13:45:00,146.95,147.12,146.86,147.03,35205
2014-05-06 14:00:00,146.99,147.18,146.9551,147.03,11979
2014-05-06 14:15:00,146.97,146.97,146.561,146.69,10337
2014-05-06 14:30:00,146.69,146.9,146.6,146.685,19217
2014-05-06 14:45:00,146.688,146.95,146.6,146.94,12779
2014-05-06 15:00:00,146.99,147.0,146.75,146.93200000000002,24981
2014-05-06 15:15:00,146.92,147.076,146.83,146.9734,23772
2014-05-06 15:30:00,146.99,147.36,146.99,147.26,43452
2014-05-06 15:45:00,147.25,147.27,146.87,146.97,46202
2014-05-06 16:00:00,146.99,147.13,146.74,147.05,55066
2014-05-07 09:45:00,147.25,147.82,147.0,147.0,13865
2014-05-07 10:00:00,146.95,147.41,146.39,146.497,41907
2014-05-07 10:15:00,146.39,146.78799999999998,145.59,145.59,18449
2014-05-07 10:30:00,145.53,145.96,145.27,145.8,27612
2014-05-07 10:45:00,145.78,146.0,145.43,145.73,28789
2014-05-07 11:00:00,145.82,146.35,145.755,146.0,36528
2014-05-07 11:15:00,145.89,146.28,145.89,146.13,17770
2014-05-07 11:30:00,146.215,146.3,145.86,145.95,16720
2014-05-07 11:45:00,145.97,146.76,145.97,146.76,8058
2014-05-07 12:00:00,146.84,147.01,146.5794,146.5794,7534
2014-05-07 12:15:00,146.5,146.5,146.1,146.17,9702
2014-05-07 12:30:00,146.31,146.39,146.11,146.11,6889
2014-05-07 12:45:00,146.09,146.18,145.84,145.84,4427
2014-05-07 13:00:00,145.9,145.9,145.58,145.58,7490
2014-05-07 13:15:00,145.6,145.92,145.4,145.82,13134
2014-05-07 13:30:00,145.82,145.9,145.7,145.70600000000002,3523
2014-05-07 13:45:00,145.68,146.12,145.64,145.9001,9867
2014-05-07 14:00:00,145.9,145.9,145.37,145.46,7900
2014-05-07 14:15:00,145.44,145.69,145.3801,145.61,5924
2014-05-07 14:30:00,145.705,145.89,145.66,145.87,6135
2014-05-07 14:45:00,145.93,145.98,145.83,145.87,8909
2014-05-07 15:00:00,145.87,145.88,145.53,145.59,13284
2014-05-07 15:15:00,145.55,145.61,145.39,145.5,11813
2014-05-07 15:30:00,145.49,145.61,145.4,145.51,11522
2014-05-07 15:45:00,145.51,145.98,145.5,145.91,17022
2014-05-07 16:00:00,145.93,146.15,145.88,146.07,49002
2014-05-08 09:45:00,146.05,147.65,145.83,147.64,21795
2014-05-08 10:00:00,147.425,147.77,146.27,146.27,35807
2014-05-08 10:15:00,146.4,147.57,146.39,147.36,18131
2014-05-08 10:30:00,147.4,147.69,146.99,147.22,15158
2014-05-08 10:45:00,147.11,147.11,146.554,146.59,14444
2014-05-08 11:00:00,146.3765,146.6499,146.27,146.52,11608
2014-05-08 11:15:00,146.39,147.452,146.26,147.24,31517
2014-05-08 11:30:00,147.31,147.48,147.245,147.27,11988
2014-05-08 11:45:00,147.25,147.44,147.24,147.29,12379
2014-05-08 12:00:00,147.3,147.6,147.3,147.55,13331
2014-05-08 12:15:00,147.55,147.6,147.28,147.31,18143
2014-05-08 12:30:00,147.35,147.415,147.33,147.38,11217
2014-05-08 12:45:00,147.37,147.42,147.16,147.24,8988
2014-05-08 13:00:00,147.2,147.35,146.96,147.17,18277
2014-05-08 13:15:00,147.23,147.46,147.12,147.195,26042
2014-05-08 13:30:00,147.19,147.39,146.85,147.3775,19440
2014-05-08 13:45:00,147.39,147.4,147.23,147.25,17987
2014-05-08 14:00:00,147.35,147.39,146.94,147.07,12611
2014-05-08 14:15:00,147.02,147.02,145.99,146.27,42848
2014-05-08 14:30:00,146.44,146.58,146.31,146.36,29094
2014-05-08 14:45:00,146.36,146.44,145.72,145.72,23939
2014-05-08 15:00:00,145.75,145.91,145.24,145.7,37697
2014-05-08 15:15:00,145.69899999999998,146.09,145.39,146.09,39409
2014-05-08 15:30:00,146.01,146.41,145.87,146.28,24777
2014-05-08 15:45:00,146.18,146.44,146.06,146.21,16453
2014-05-08 16:00:00,146.22,146.58,146.14,146.56,59308
2014-05-09 09:45:00,146.97,147.0,146.076,146.19,24342
2014-05-09 10:00:00,146.2,146.97,145.88,146.54,18807
2014-05-09 10:15:00,146.43,147.22,146.42,147.18,17238
2014-05-09 10:30:00,147.25,147.67,147.09,147.214,16443
2014-05-09 10:45:00,147.28,147.29,146.79,146.99,15638
2014-05-09 11:00:00,146.99,147.28,146.86,147.1,14676
2014-05-09 11:15:00,147.03,147.27,147.0,147.0,14516
2014-05-09 11:30:00,146.98,147.46,146.98,147.36,29085
2014-05-09 11:45:00,147.26,147.53,147.19,147.19,6958
2014-05-09 12:00:00,147.26,147.56,147.22,147.27,7593
2014-05-09 12:15:00,147.2,147.47,147.175,147.37,9308
2014-05-09 12:30:00,147.46,147.65,147.21,147.505,23786
2014-05-09 12:45:00,147.47,148.23,147.39,148.02,9699
2014-05-09 13:00:00,148.02,148.12,147.8324,147.99200000000002,9349
2014-05-09 13:15:00,148.0,148.21,147.89,147.89,5350
2014-05-09 13:30:00,147.84,148.069,147.69,148.06,11900
2014-05-09 13:45:00,148.08,148.24,148.06,148.15,9300
2014-05-09 14:00:00,148.07,148.27,148.03,148.23,10987
2014-05-09 14:15:00,148.15,148.32,147.91,147.91,10300
2014-05-09 14:30:00,147.87,147.88,147.6,147.675,11400
2014-05-09 14:45:00,147.66,148.05,147.64,147.94,8177
2014-05-09 15:00:00,147.96,148.3557,147.91,148.29,8900
2014-05-09 15:15:00,148.36,148.55,148.3,148.3,9318
2014-05-09 15:30:00,148.3,148.36,148.14,148.24,13571
2014-05-09 15:45:00,148.27,148.56,148.2,148.54,20400
2014-05-09 16:00:00,148.54,148.63,148.42,148.61,47280
2014-05-12 09:45:00,148.61,149.77,148.19,149.77,19273
2014-05-12 10:00:00,149.81,150.13,149.28,150.03,13774
2014-05-12 10:15:00,150.24,150.47,150.06,150.31,13712
2014-05-12 10:30:00,150.28,151.12,150.28,150.6,28412
2014-05-12 10:45:00,150.66,150.81,150.47,150.53,33878
2014-05-12 11:00:00,150.47,150.67,150.34,150.47,79748
2014-05-12 11:15:00,150.52,150.62,150.07,150.26,54573
2014-05-12 11:30:00,150.3,150.51,150.3,150.48,5046
2014-05-12 11:45:00,150.5,150.61,150.3195,150.6,5302
2014-05-12 12:00:00,150.62,150.73,150.5,150.5893,12159
2014-05-12 12:15:00,150.56,150.75,150.5,150.64,13711
2014-05-12 12:30:00,150.63,151.15,150.63,150.96,41256
2014-05-12 12:45:00,150.96,150.99,150.45,150.48,11991
2014-05-12 13:00:00,150.5,150.68,150.42,150.65,13132
2014-05-12 13:15:00,150.65,150.76,150.6116,150.74,6887
2014-05-12 13:30:00,150.74,150.86,150.63,150.79,8133
2014-05-12 13:45:00,150.79,150.82,150.59,150.72,7532
2014-05-12 14:00:00,150.68,150.8,150.62,150.63,5050
2014-05-12 14:15:00,150.71,150.88,150.61,150.84,19460
2014-05-12 14:30:00,150.9,150.92,150.71,150.83,4600
2014-05-12 14:45:00,150.8,150.94,150.75,150.81,6350
2014-05-12 15:00:00,150.75,150.88,150.69899999999998,150.77,10156
2014-05-12 15:15:00,150.79,150.99,150.709,150.85,13171
2014-05-12 15:30:00,150.9,150.92,150.72,150.76,10502
2014-05-12 15:45:00,150.73,150.81,150.47,150.55,30186
2014-05-12 16:00:00,150.55,150.69,150.31,150.65,77847
2014-05-13 09:45:00,150.67,151.2,149.85,150.12,29390
2014-05-13 10:00:00,150.1201,150.505,149.15,149.5014,12847
2014-05-13 10:15:00,149.64,149.8,149.3,149.43,15027
2014-05-13 10:30:00,149.42,149.465,148.73,148.88,31839
2014-05-13 10:45:00,149.03,149.1,148.19,148.46,106794
2014-05-13 11:00:00,148.46,148.94,148.26,148.83,11659
2014-05-13 11:15:00,148.81,149.0,148.7411,148.97,10095
2014-05-13 11:30:00,148.88,149.01,148.7,148.98,6200
2014-05-13 11:45:00,149.02100000000002,149.02100000000002,148.58,148.7699,8673
2014-05-13 12:00:00,148.65,148.97,148.5,148.67,10180
2014-05-13 12:15:00,148.74,148.8285,148.56,148.57,4296
2014-05-13 12:30:00,148.65,148.83,148.52,148.64,5324
2014-05-13 12:45:00,148.59,148.655,148.38,148.65,5802
2014-05-13 13:00:00,148.7,148.96,148.68,148.77,6278
2014-05-13 13:15:00,148.76,149.21,148.7535,149.13,33523
2014-05-13 13:30:00,149.1,149.2,149.05,149.18,10171
2014-05-13 13:45:00,149.19,149.3295,149.1,149.22,15551
2014-05-13 14:00:00,149.1,149.1,148.91,149.0,3300
2014-05-13 14:15:00,149.02,149.2093,148.98,149.09,6639
2014-05-13 14:30:00,149.18,149.3,149.12,149.15,3358
2014-05-13 14:45:00,149.19,149.382,149.19,149.33,7867
2014-05-13 15:00:00,149.29,149.34,149.2,149.3,5340
2014-05-13 15:15:00,149.25,149.35,149.19,149.3,17225
2014-05-13 15:30:00,149.24,149.3,148.99,149.05,11461
2014-05-13 15:45:00,149.1,149.245,149.08,149.14,13015
2014-05-13 16:00:00,149.14,149.16,148.9,149.06,41653
2014-05-14 09:45:00,148.5,149.269,148.21,148.59,12767
2014-05-14 10:00:00,148.6,148.61,147.93,148.12,8449
2014-05-14 10:15:00,148.27,148.43,148.05,148.05,5913
2014-05-14 10:30:00,148.09,148.1,147.65,148.03,13145
2014-05-14 10:45:00,148.05,148.19,147.92,148.15,6708
2014-05-14 11:00:00,148.03,148.27,147.66,147.67,37225
2014-05-14 11:15:00,147.74,147.75,147.39,147.48,11461
2014-05-14 11:30:00,147.44,147.63,147.33,147.43,6248
2014-05-14 11:45:00,147.3916,147.6,147.36,147.53,4899
2014-05-14 12:00:00,147.62,147.72,147.32,147.32,21177
2014-05-14 12:15:00,147.32,147.48,147.244,147.46,4789
2014-05-14 12:30:00,147.52,147.6,147.33,147.53,24382
2014-05-14 12:45:00,147.55,147.82,147.5,147.8075,3650
2014-05-14 13:00:00,147.81,147.81,147.53,147.69,4033
2014-05-14 13:15:00,147.77,147.855,147.77,147.83,3000
2014-05-14 13:30:00,147.84,147.955,147.75,147.91,4261
2014-05-14 13:45:00,147.9,147.985,147.75,147.84,5590
2014-05-14 14:00:00,147.84,148.0,147.8,148.0,3100
2014-05-14 14:15:00,147.88,148.0,147.8,147.9599,6202
2014-05-14 14:30:00,147.9,148.06,147.84,147.9,4309
2014-05-14 14:45:00,148.01,148.34,148.0,148.07,31892
2014-05-14 15:00:00,148.09,148.1,147.79,147.85,11546
2014-05-14 15:15:00,147.84,147.93,147.66,147.66,18048
2014-05-14 15:30:00,147.65,147.89,147.59,147.89,14885
2014-05-14 15:45:00,147.9,147.94,147.48,147.77,20360
2014-05-14 16:00:00,147.81,147.86,147.68,147.8,35551
2014-05-15 09:45:00,147.76,148.37,146.64,146.69,54725
2014-05-15 10:00:00,146.815,146.93,145.765,146.215,19639
2014-05-15 10:15:00,146.14,146.2599,145.42,145.85,25439
2014-05-15 10:30:00,145.71,146.47,145.42,145.86,24227
2014-05-15 10:45:00,145.87,145.92,145.3,145.77,26398
2014-05-15 11:00:00,145.795,145.83,145.31,145.46,17772
2014-05-15 11:15:00,145.49,145.79,144.85,144.97,17207
2014-05-15 11:30:00,145.02,145.23,144.83,145.02,19932
2014-05-15 11:45:00,145.06,145.51,145.06,145.16,8001
2014-05-15 12:00:00,145.08,145.19,144.38,144.58,11767
2014-05-15 12:15:00,144.5301,144.88,144.5301,144.825,5147
2014-05-15 12:30:00,144.85,144.85,144.58,144.72,7400
2014-05-15 12:45:00,144.72,145.15,144.72,145.15,6906
2014-05-15 13:00:00,145.15,145.35,145.06,145.3,4998
2014-05-15 13:15:00,145.26,145.26,145.06,145.11,12140
2014-05-15 13:30:00,145.09,145.18,144.99,145.11,6600
2014-05-15 13:45:00,145.04,145.14,144.8601,144.91,4181
2014-05-15 14:00:00,144.92,145.46,144.84,145.46,9432
2014-05-15 14:15:00,145.45,145.79,145.34,145.685,14156
2014-05-15 14:30:00,145.661,145.686,145.36,145.56,9425
2014-05-15 14:45:00,145.61,145.98,145.6,145.88,14154
2014-05-15 15:00:00,145.81,146.27,145.79,145.96,12514
2014-05-15 15:15:00,146.01,146.15,145.91,145.99,8849
2014-05-15 15:30:00,146.07,146.16,145.75,145.91,13135
2014-05-15 15:45:00,145.93,146.27,145.85,146.11,17964
2014-05-15 16:00:00,146.13,146.2,145.99,146.11,32528
2014-05-16 09:45:00,145.85,146.292,145.27,145.82,73408
2014-05-16 10:00:00,145.74,146.2,145.22,146.19,19660
2014-05-16 10:15:00,146.15,146.159,145.225,145.37,17764
2014-05-16 10:30:00,145.37,145.8,145.3,145.51,10049
2014-05-16 10:45:00,145.5,145.99,145.5,145.85,11791
2014-05-16 11:00:00,145.88,146.31,145.88,146.1,4800
2014-05-16 11:15:00,146.19,146.41,146.04,146.35,4917
2014-05-16 11:30:00,146.28,146.44,146.2,146.2,3400
2014-05-16 11:45:00,146.32,146.58,146.24,146.26,8373
2014-05-16 12:00:00,146.29,146.57,146.287,146.57,6400
2014-05-16 12:15:00,146.55,146.61,146.32,146.32,7050
2014-05-16 12:30:00,146.32,146.36,145.96,146.03,4511
2014-05-16 12:45:00,146.0,146.08,145.85,145.85,4944
2014-05-16 13:00:00,145.89,145.89,145.6747,145.86,2684
2014-05-16 13:15:00,145.76,145.82,145.56,145.72,3900
2014-05-16 13:30:00,145.77,146.04,145.77,145.9,3100
2014-05-16 13:45:00,145.91,146.16,145.91,145.95,4450
2014-05-16 14:00:00,145.97,146.02,145.89,145.95,2655
2014-05-16 14:15:00,145.82,145.82,145.54,145.61,7096
2014-05-16 14:30:00,145.7,145.74,145.58,145.72,8623
2014-05-16 14:45:00,145.71,145.96,145.65,145.96,4174
2014-05-16 15:00:00,145.97,146.23,145.8801,146.23,7494
2014-05-16 15:15:00,146.33,146.57,146.25,146.33,6967
2014-05-16 15:30:00,146.34,146.375,146.2,146.28,7008
2014-05-16 15:45:00,146.29,146.5,146.27,146.317,12970
2014-05-16 16:00:00,146.31799999999998,146.35,146.22,146.33,30335
2014-05-19 09:45:00,145.74,146.69,145.74,146.29,14326
2014-05-19 10:00:00,146.4,146.7,146.14,146.29,20619
2014-05-19 10:15:00,146.36,146.6,146.0,146.35,15283
2014-05-19 10:30:00,146.47,146.53,146.07,146.35,32155
2014-05-19 10:45:00,146.35,146.5,146.28,146.41,4000
2014-05-19 11:00:00,146.54,146.5999,146.4,146.58,3537
2014-05-19 11:15:00,146.58,146.79,146.525,146.78,11477
2014-05-19 11:30:00,146.84,146.93,146.69,146.93,33440
2014-05-19 11:45:00,146.92,147.0,146.79,146.85,8270
2014-05-19 12:00:00,146.91,147.07,146.84,147.06,4800
2014-05-19 12:15:00,147.0,147.31,146.93,147.31,6300
2014-05-19 12:30:00,147.36,147.41,147.17,147.35,8133
2014-05-19 12:45:00,147.2,147.2,147.01,147.01,6006
2014-05-19 13:00:00,147.07,147.14,147.04,147.08,4800
2014-05-19 13:15:00,147.09,147.17,147.0,147.11,3424
2014-05-19 13:30:00,147.12,147.12,146.79,146.79,4913
2014-05-19 13:45:00,146.77,146.9,146.77,146.89,4455
2014-05-19 14:00:00,146.88,146.98,146.75,146.98,3901
2014-05-19 14:15:00,147.0,147.08,146.86,146.96,3245
2014-05-19 14:30:00,146.96,147.03,146.8,146.87,4460
2014-05-19 14:45:00,146.88,146.98,146.835,146.8995,2600
2014-05-19 15:00:00,146.84,146.93,146.66,146.73,5781
2014-05-19 15:15:00,146.73,146.78,146.63,146.63,7190
2014-05-19 15:30:00,146.61,146.75,146.46,146.72,8365
2014-05-19 15:45:00,146.76,147.03,146.76,146.92,14037
2014-05-19 16:00:00,146.91,146.99,146.63,146.65,29756
2014-05-20 09:45:00,146.34,146.98,145.53,145.65,17859
2014-05-20 10:00:00,145.61,145.99,145.38,145.52,13182
2014-05-20 10:15:00,145.76,146.025,145.46,145.938,8090
2014-05-20 10:30:00,146.02,146.34,145.6,145.64,31099
2014-05-20 10:45:00,145.765,145.97,145.58,145.9,54018
2014-05-20 11:00:00,146.02,146.195,145.99,146.09,7440
2014-05-20 11:15:00,146.08,146.26,145.95,146.15,26224
2014-05-20 11:30:00,146.14,146.17,145.97,145.97,9408
2014-05-20 11:45:00,145.85,146.04,145.795,146.04,8732
2014-05-20 12:00:00,146.17,146.28,145.82,145.86,7768
2014-05-20 12:15:00,145.75,145.78,145.28,145.43,7700
2014-05-20 12:30:00,145.305,145.605,145.29,145.38,6663
2014-05-20 12:45:00,145.3312,145.35,145.11,145.35,5660
2014-05-20 13:00:00,145.42,145.47,145.22,145.44,2800
2014-05-20 13:15:00,145.4,145.45,145.25,145.3,5734
2014-05-20 13:30:00,145.25,145.54,145.12,145.54,4050
2014-05-20 13:45:00,145.52,145.64,145.22,145.36,11984
2014-05-20 14:00:00,145.32,145.45,145.24,145.4,5248
2014-05-20 14:15:00,145.38,145.59,145.38,145.4415,6611
2014-05-20 14:30:00,145.49,145.68,145.45,145.53,6961
2014-05-20 14:45:00,145.558,145.62,145.45,145.5,12457
2014-05-20 15:00:00,145.57,145.63,145.375,145.42,13983
2014-05-20 15:15:00,145.4201,145.67,145.4201,145.66,15132
2014-05-20 15:30:00,145.68,145.92,145.639,145.84,12692
2014-05-20 15:45:00,145.79,146.14,145.77,145.97799999999998,17704
2014-05-20 16:00:00,145.99,145.99,145.69,145.75,44745
2014-05-21 09:45:00,146.32,146.82,146.08,146.43,13325
2014-05-21 10:00:00,146.43,146.73,146.43,146.65,9266
2014-05-21 10:15:00,146.66,146.82,146.36,146.44,12383
2014-05-21 10:30:00,146.32,146.47,146.012,146.19,11979
2014-05-21 10:45:00,146.1,146.23,145.84,145.84,9056
2014-05-21 11:00:00,145.84,146.03,145.76,145.89,28592
2014-05-21 11:15:00,145.79,145.95,145.62,145.86,8772
2014-05-21 11:30:00,145.93,146.03,145.58,145.64,22163
2014-05-21 11:45:00,145.65,145.8,145.43,145.54,7082
2014-05-21 12:00:00,145.45,145.49,145.17,145.44,7684
2014-05-21 12:15:00,145.47,145.49,145.34,145.39,2408
2014-05-21 12:30:00,145.39,145.57,145.29,145.51,7210
2014-05-21 12:45:00,145.61,145.68,145.43,145.58,6437
2014-05-21 13:00:00,145.58,145.69,145.44,145.67,11581
2014-05-21 13:15:00,145.67,145.9,145.67,145.86,2500
2014-05-21 13:30:00,145.81,145.86,145.77,145.85,9464
2014-05-21 13:45:00,145.81,145.96,145.75,145.96,2400
2014-05-21 14:00:00,145.86,146.19,145.86,146.13,4800
2014-05-21 14:15:00,146.09,146.38,145.92,145.96,8789
2014-05-21 14:30:00,145.9725,146.26,145.93,146.26,5039
2014-05-21 14:45:00,146.14,146.4,146.1,146.3979,4800
2014-05-21 15:00:00,146.4,146.55,146.4,146.54,3742
2014-05-21 15:15:00,146.5,146.73,146.5,146.64,4800
2014-05-21 15:30:00,146.74,146.87,146.47,146.87,41724
2014-05-21 15:45:00,146.881,146.8975,146.55,146.55,12854
2014-05-21 16:00:00,146.53,146.56,146.41,146.46,23023
2014-05-22 09:45:00,146.77,148.5,146.0,148.5,33111
2014-05-22 10:00:00,148.46,149.01,148.126,148.126,16925
2014-05-22 10:15:00,148.38,148.38,147.5,147.815,9485
2014-05-22 10:30:00,147.74,147.94,147.5,147.5,20892
2014-05-22 10:45:00,147.69,148.17,147.69,148.07,6151
2014-05-22 11:00:00,148.19,148.62,148.11,148.54,14301
2014-05-22 11:15:00,148.47,148.58,148.19,148.43,11893
2014-05-22 11:30:00,148.35,148.4,148.13,148.37,13455
2014-05-22 11:45:00,148.36,148.45,148.09,148.42,22726
2014-05-22 12:00:00,148.4,148.79,148.4,148.75,15256
2014-05-22 12:15:00,148.67,148.67,148.23,148.23,8743
2014-05-22 12:30:00,148.27,148.59,148.16,148.54,10382
2014-05-22 12:45:00,148.54,148.54,148.3,148.31,5300
2014-05-22 13:00:00,148.39,148.47,148.19,148.28,5200
2014-05-22 13:15:00,148.28,148.42,148.21,148.39,10932
2014-05-22 13:30:00,148.38,148.7,148.19,148.59,12000
2014-05-22 13:45:00,148.63,148.64,148.46,148.58,6800
2014-05-22 14:00:00,148.62,148.65,148.44,148.59,8943
2014-05-22 14:15:00,148.59,148.635,148.52,148.61,4655
2014-05-22 14:30:00,148.61,148.61,148.43,148.44,11295
2014-05-22 14:45:00,148.4,148.53,148.371,148.53,6804
2014-05-22 15:00:00,148.55,148.55,148.27,148.38,8315
2014-05-22 15:15:00,148.42,148.42,148.13,148.26,15313
2014-05-22 15:30:00,148.21,148.31,148.17,148.31,11673
2014-05-22 15:45:00,148.25,148.3,148.12,148.12,18881
2014-05-22 16:00:00,148.12,148.18,148.0201,148.12,36186
2014-05-23 09:45:00,148.46,149.29,148.12,148.85,31712
2014-05-23 10:00:00,148.75,148.75,148.03,148.24,11167
2014-05-23 10:15:00,148.24,148.36,148.15,148.2,6861
2014-05-23 10:30:00,148.33,148.72,148.12,148.72,28489
2014-05-23 10:45:00,148.67,148.93,148.63,148.82,25246
2014-05-23 11:00:00,148.83,149.0,148.7,148.82,19396
2014-05-23 11:15:00,148.83,149.01,148.7,148.89,25456
2014-05-23 11:30:00,148.83,148.94,148.69,148.69,9200
2014-05-23 11:45:00,148.69,148.79,148.63,148.64,8200
2014-05-23 12:00:00,148.665,148.76,148.59,148.65,11054
2014-05-23 12:15:00,148.65,148.74,148.64,148.71,7668
2014-05-23 12:30:00,148.72,148.73,148.56,148.67,8379
2014-05-23 12:45:00,148.66,148.95,148.66,148.95,17774
2014-05-23 13:00:00,148.97,149.0,148.8,148.836,4425
2014-05-23 13:15:00,148.83,148.85,148.76,148.81,9697
2014-05-23 13:30:00,148.7827,148.87,148.73,148.73,6481
2014-05-23 13:45:00,148.81,148.83,148.7,148.71,4688
2014-05-23 14:00:00,148.74,148.79,148.65,148.675,3800
2014-05-23 14:15:00,148.655,148.7192,148.61,148.61,4362
2014-05-23 14:30:00,148.58,148.68,148.52,148.68,6723
2014-05-23 14:45:00,148.68,148.77,148.61,148.6606,7482
2014-05-23 15:00:00,148.67,148.8,148.67,148.73,3600
2014-05-23 15:15:00,148.72,148.88,148.72,148.81,9932
2014-05-23 15:30:00,148.81,148.88,148.73,148.8251,8850
2014-05-23 15:45:00,148.83,148.87,148.75,148.75,7975
2014-05-23 16:00:00,148.77,148.83,148.63,148.64,31208
2014-05-27 09:45:00,148.8,149.298,148.8,149.03,12082
2014-05-27 10:00:00,149.11,149.31,148.89,148.89,9718
2014-05-27 10:15:00,149.016,149.016,148.23,148.28,19965
2014-05-27 10:30:00,148.32,148.33,147.74,147.9,27640
2014-05-27 10:45:00,147.8268,148.2,147.8268,148.13,9509
2014-05-27 11:00:00,148.18,148.31,147.8,147.8,30185
2014-05-27 11:15:00,147.8,147.88,147.33,147.349,10890
2014-05-27 11:30:00,147.39,147.45,147.02,147.06,38110
2014-05-27 11:45:00,147.06,147.41,147.01,147.22,16041
2014-05-27 12:00:00,147.24,147.32,147.16,147.23,7395
2014-05-27 12:15:00,147.24,147.43,147.19,147.2111,8098
2014-05-27 12:30:00,147.24,147.36,147.11,147.24,8444
2014-05-27 12:45:00,147.2699,147.29,147.21,147.27,5790
2014-05-27 13:00:00,147.33,147.36,147.16,147.25,7545
2014-05-27 13:15:00,147.2645,147.46,147.2,147.34,12098
2014-05-27 13:30:00,147.28,147.42,147.24,147.38,6615
2014-05-27 13:45:00,147.38,147.44,147.21,147.33,7193
2014-05-27 14:00:00,147.36,147.51,147.27,147.5,8118
2014-05-27 14:15:00,147.52,147.54,147.21,147.26,14834
2014-05-27 14:30:00,147.26,147.29,147.15,147.21,12200
2014-05-27 14:45:00,147.22,147.22,147.03,147.14,11100
2014-05-27 15:00:00,147.13,147.17,147.03,147.03,9668
2014-05-27 15:15:00,147.07,147.2751,147.03,147.2751,13758
2014-05-27 15:30:00,147.28,147.33,147.18,147.21,15103
2014-05-27 15:45:00,147.22,147.22,147.0292,147.16,20582
2014-05-27 16:00:00,147.14,147.15,146.8,146.95,39693
2014-05-28 09:45:00,146.98,147.015,145.6201,145.94,33456
2014-05-28 10:00:00,146.01,146.2903,145.75,145.8,25004
2014-05-28 10:15:00,145.8,146.36,145.71,146.29,27406
2014-05-28 10:30:00,146.36,146.99,146.33,146.96,20972
2014-05-28 10:45:00,147.05,147.2,146.57,146.63,38861
2014-05-28 11:00:00,146.65,147.17,146.65,147.02,14874
2014-05-28 11:15:00,147.13,147.54,147.13,147.54,10470
2014-05-28 11:30:00,147.54,147.59,147.05,147.21,10383
2014-05-28 11:45:00,147.21,147.51,147.21,147.41,5100
2014-05-28 12:00:00,147.45,147.55,147.35,147.35,3100
2014-05-28 12:15:00,147.44,147.57,147.37,147.46,8301
2014-05-28 12:30:00,147.48,147.49,147.06,147.064,11367
2014-05-28 12:45:00,147.07,147.11,146.85,146.94,6319
2014-05-28 13:00:00,146.92,147.04,146.83,146.92,4330
2014-05-28 13:15:00,146.89,147.275,146.89,147.24,6127
2014-05-28 13:30:00,147.19,147.29,147.11,147.18,6000
2014-05-28 13:45:00,147.12,147.23,147.12,147.17,3327
2014-05-28 14:00:00,147.12,147.41,147.09,147.26,6496
2014-05-28 14:15:00,147.21,147.34,146.97,147.0,8196
2014-05-28 14:30:00,147.0,147.12,146.9,147.02,12836
2014-05-28 14:45:00,147.04,147.1,146.75,147.04,14234
2014-05-28 15:00:00,147.04,147.48,147.04,147.24,27518
2014-05-28 15:15:00,147.22,147.405,147.18,147.19,21401
2014-05-28 15:30:00,147.2,147.26,147.04,147.0403,27562
2014-05-28 15:45:00,147.05,147.13,146.97,146.97,26439
2014-05-28 16:00:00,146.945,146.945,146.63,146.69,57066
2014-05-29 09:45:00,146.36,147.05,146.36,146.77,30074
2014-05-29 10:00:00,146.77,146.9,146.52,146.79,16107
2014-05-29 10:15:00,146.71,146.77,146.16,146.41,19252
2014-05-29 10:30:00,146.41,146.415,146.11,146.16,16726
2014-05-29 10:45:00,146.16,146.51,146.04,146.3478,35427
2014-05-29 11:00:00,146.4,146.64,146.21,146.22,12593
2014-05-29 11:15:00,146.22,146.44,146.2,146.31,12954
2014-05-29 11:30:00,146.35,146.62,146.35,146.51,22164
2014-05-29 11:45:00,146.5,146.76,146.5,146.65,15543
2014-05-29 12:00:00,146.66,146.8,146.49,146.8,11207
2014-05-29 12:15:00,146.81,147.05,146.8,146.99,5537
2014-05-29 12:30:00,146.94,147.07,146.82,146.84,10914
2014-05-29 12:45:00,146.88,146.99,146.65,146.67,23301
2014-05-29 13:00:00,146.68,146.96,146.68,146.72,10400
2014-05-29 13:15:00,146.72,146.96,146.69,146.96,18204
2014-05-29 13:30:00,147.01,147.18,147.0,147.09,15080
2014-05-29 13:45:00,147.04,147.13,146.85,146.94,23732
2014-05-29 14:00:00,146.89,146.9,146.73,146.82,8342
2014-05-29 14:15:00,146.81,146.99,146.76,146.98,8461
2014-05-29 14:30:00,146.91,147.03,146.84,146.85,9286
2014-05-29 14:45:00,146.84,147.0,146.64,146.65,10292
2014-05-29 15:00:00,146.66,146.76,146.44,146.44,14292
2014-05-29 15:15:00,146.54,146.7,146.37,146.41,17536
2014-05-29 15:30:00,146.43,146.66,146.41,146.65,21483
2014-05-29 15:45:00,146.65,146.76,146.61,146.68,27543
2014-05-29 16:00:00,146.68,146.7,146.46,146.52,58250
2014-05-30 09:45:00,146.95,147.77,146.52,147.7,20344
2014-05-30 10:00:00,147.8,148.09,147.3,147.82,13301
2014-05-30 10:15:00,147.81,148.14,147.6125,147.91,21528
2014-05-30 10:30:00,147.96,148.13,147.83,148.1,11300
2014-05-30 10:45:00,148.1,148.32,148.1,148.21,9334
2014-05-30 11:00:00,148.11,148.18,147.9003,147.94,8741
2014-05-30 11:15:00,147.945,148.26,147.945,148.14,9848
2014-05-30 11:30:00,148.14,148.29,148.14,148.26,14674
2014-05-30 11:45:00,148.2,148.42,148.15,148.18,11141
2014-05-30 12:00:00,148.18,148.225,147.98,148.0,9532
2014-05-30 12:15:00,148.0,148.05,147.845,147.92,9063
2014-05-30 12:30:00,147.895,147.97,147.78,147.8,13517
2014-05-30 12:45:00,147.8,147.81,147.55,147.76,15415
2014-05-30 13:00:00,147.81,147.875,147.65,147.71,9470
2014-05-30 13:15:00,147.71,147.85,147.63,147.85,9216
2014-05-30 13:30:00,147.85,148.13,147.81,148.13,11062
2014-05-30 13:45:00,148.08,148.21,148.0,148.015,10700
2014-05-30 14:00:00,148.06,148.335,148.06,148.19,6200
2014-05-30 14:15:00,148.2,148.32,148.15,148.32,8400
2014-05-30 14:30:00,148.24,148.3,148.17,148.26,3738
2014-05-30 14:45:00,148.24,148.26,148.135,148.23,9348
2014-05-30 15:00:00,148.23,148.25,148.05,148.07,5524
2014-05-30 15:15:00,148.01,148.11,147.98,148.11,9868
2014-05-30 15:30:00,148.13,148.2516,148.08,148.245,14168
2014-05-30 15:45:00,148.26,148.3797,148.18,148.37,18594
2014-05-30 16:00:00,148.31,148.35,147.71,147.95,107488
2014-06-02 09:45:00,148.43,149.0,147.9501,148.68,29144
2014-06-02 10:00:00,148.69,149.11,148.535,148.765,29102
2014-06-02 10:15:00,148.77,148.77,148.105,148.58,19566
2014-06-02 10:30:00,148.63,148.84,148.59,148.84,9630
2014-06-02 10:45:00,148.88,149.46,148.88,149.44,14180
2014-06-02 11:00:00,149.44,149.44,149.01,149.24,10732
2014-06-02 11:15:00,149.29,149.36,149.13,149.22,9000
2014-06-02 11:30:00,149.11,149.4,149.04,149.34,7654
2014-06-02 11:45:00,149.42,149.58,149.33,149.47,7543
2014-06-02 12:00:00,149.5,149.58,149.27,149.32,9962
2014-06-02 12:15:00,149.35,149.38,149.11,149.13,5553
2014-06-02 12:30:00,149.06,149.08,148.86,148.86,4550
2014-06-02 12:45:00,148.86,149.04,148.79,148.94,8428
2014-06-02 13:00:00,148.89,148.91,148.75,148.835,13200
2014-06-02 13:15:00,148.8,148.93,148.76,148.8,8791
2014-06-02 13:30:00,148.8,149.05,148.8,149.03,4731
2014-06-02 13:45:00,148.99,149.04,148.83,148.85,7313
2014-06-02 14:00:00,148.86,148.87,148.71,148.72,2463
2014-06-02 14:15:00,148.67,148.79,148.54,148.55,12477
2014-06-02 14:30:00,148.54,148.78,148.47,148.61,6335
2014-06-02 14:45:00,148.64,148.7,148.58,148.615,6671
2014-06-02 15:00:00,148.64,148.68,148.44,148.44,7089
2014-06-02 15:15:00,148.41,148.53,148.4,148.42,10553
2014-06-02 15:30:00,148.43,148.58,148.36,148.45,10386
2014-06-02 15:45:00,148.475,148.955,148.44,148.945,13177
2014-06-02 16:00:00,148.96,148.96,148.78,148.85,28788
2014-06-03 09:45:00,148.01,149.105,148.01,149.02,13935
2014-06-03 10:00:00,148.96,149.0,148.625,148.91,8500
2014-06-03 10:15:00,148.93,149.36,148.64,149.34,14285
2014-06-03 10:30:00,149.35299999999998,149.38,149.07,149.32,18818
2014-06-03 10:45:00,149.45,149.8,149.45,149.51,12826
2014-06-03 11:00:00,149.44,149.44,149.2,149.42,7332
2014-06-03 11:15:00,149.4,149.45,149.24,149.43,8100
2014-06-03 11:30:00,149.4,149.49,148.99,148.99,22651
2014-06-03 11:45:00,148.92,148.95,148.55,148.63,9681
2014-06-03 12:00:00,148.66,148.84,148.53,148.61,11690
2014-06-03 12:15:00,148.61,148.871,148.5705,148.845,5893
2014-06-03 12:30:00,148.82,148.91,148.76,148.87,7578
2014-06-03 12:45:00,148.87,148.87,148.73,148.76,5736
2014-06-03 13:00:00,148.74,148.8,148.57,148.61,4765
2014-06-03 13:15:00,148.65,148.74,148.445,148.715,7000
2014-06-03 13:30:00,148.72,148.72,148.56,148.68,6371
2014-06-03 13:45:00,148.72,148.82,148.69,148.8,5355
2014-06-03 14:00:00,148.82,148.91,148.78,148.91,8640
2014-06-03 14:15:00,148.91,148.95,148.67,148.725,6370
2014-06-03 14:30:00,148.685,148.79,148.65,148.752,11339
2014-06-03 14:45:00,148.76,148.81,148.67,148.8,11109
2014-06-03 15:00:00,148.8,148.94,148.72,148.92,12252
2014-06-03 15:15:00,148.92,148.93,148.71,148.9,12399
2014-06-03 15:30:00,148.9,148.9,148.69,148.69,11100
2014-06-03 15:45:00,148.75,148.7599,148.51,148.52,12693
2014-06-03 16:00:00,148.49,148.55,148.37,148.49,31990
2014-06-04 09:45:00,148.14,149.04,147.94,148.69,16321
2014-06-04 10:00:00,148.68,149.01,148.64,148.97,6249
2014-06-04 10:15:00,149.07,149.24,148.86,149.16,6083
2014-06-04 10:30:00,149.21,149.57,149.21,149.31,7522
2014-06-04 10:45:00,149.45,149.57,149.41,149.55,6193
2014-06-04 11:00:00,149.42,149.74,149.38,149.596,7381
2014-06-04 11:15:00,149.599,149.8,149.52,149.77,6382
2014-06-04 11:30:00,149.761,150.3897,149.68,150.21,20057
2014-06-04 11:45:00,150.18,150.18,149.99,150.15,8261
2014-06-04 12:00:00,150.16,150.26,150.08,150.1079,7382
2014-06-04 12:15:00,150.17,150.26,150.09,150.24,2235
2014-06-04 12:30:00,150.2,150.27,150.1,150.1,6200
2014-06-04 12:45:00,150.11,150.19,150.05,150.1,6711
2014-06-04 13:00:00,150.1,150.24,150.07,150.21,3300
2014-06-04 13:15:00,150.23,150.27,150.17,150.22,4600
2014-06-04 13:30:00,150.14,150.19,150.11,150.17,3700
2014-06-04 13:45:00,150.2,150.29,150.15,150.28,5981
2014-06-04 14:00:00,150.27,150.45,150.22,150.41,5628
2014-06-04 14:15:00,150.42,150.47,150.39,150.47,11582
2014-06-04 14:30:00,150.45,150.48,150.32,150.38,12618
2014-06-04 14:45:00,150.39,150.5,150.37,150.41,8048
2014-06-04 15:00:00,150.4199,150.49,150.32,150.45,9527
2014-06-04 15:15:00,150.42,150.45,150.29,150.42,10185
2014-06-04 15:30:00,150.43,150.56,150.4,150.52,11702
2014-06-04 15:45:00,150.525,150.65,150.49,150.59,12328
2014-06-04 16:00:00,150.58,150.92,150.53,150.85,49405
2014-06-05 09:45:00,150.91,151.35,150.2,150.76,26222
2014-06-05 10:00:00,150.74,151.04,150.48,150.61,10702
2014-06-05 10:15:00,150.54,150.72,150.09,150.575,10827
2014-06-05 10:30:00,150.33,150.59,150.2,150.48,8089
2014-06-05 10:45:00,150.48,150.49,150.0,150.24,11874
2014-06-05 11:00:00,150.24,150.28,149.9,150.0063,15365
2014-06-05 11:15:00,150.02,150.47,150.0,150.47,7878
2014-06-05 11:30:00,150.46,150.77,150.46,150.63,5863
2014-06-05 11:45:00,150.68,150.84,150.62,150.75,7476
2014-06-05 12:00:00,150.76,151.23,150.75,151.21,12557
2014-06-05 12:15:00,151.35,151.63,151.35,151.52,19892
2014-06-05 12:30:00,151.44,151.8,151.31,151.7799,19090
2014-06-05 12:45:00,151.77,152.05,151.77,151.91,15378
2014-06-05 13:00:00,151.9,151.9,151.65,151.74,5027
2014-06-05 13:15:00,151.74,151.93,151.74,151.88,9768
2014-06-05 13:30:00,151.88,151.96,151.8,151.86,7201
2014-06-05 13:45:00,151.8342,151.89,151.68,151.71,12222
2014-06-05 14:00:00,151.71,151.711,151.5,151.625,14853
2014-06-05 14:15:00,151.59,151.59,151.355,151.41,10911
2014-06-05 14:30:00,151.49,151.5752,151.33,151.46,17696
2014-06-05 14:45:00,151.43,151.679,151.38,151.47,9600
2014-06-05 15:00:00,151.47,151.5,151.26,151.368,9400
2014-06-05 15:15:00,151.38,151.56,151.37,151.53,10452
2014-06-05 15:30:00,151.57,151.76,151.53,151.73,16858
2014-06-05 15:45:00,151.69,151.69,151.265,151.35,12225
2014-06-05 16:00:00,151.32,151.48,151.3,151.45,36148
2014-06-06 09:45:00,152.03,152.46,151.8,152.09,29056
2014-06-06 10:00:00,152.02,152.54,151.9,152.5,15247
2014-06-06 10:15:00,152.47,152.87,152.15,152.15,12303
2014-06-06 10:30:00,152.14,152.31,152.13,152.26,12840
2014-06-06 10:45:00,152.28,152.315,151.8,151.8203,24067
2014-06-06 11:00:00,151.93,152.07,151.83,151.95,16987
2014-06-06 11:15:00,151.9,151.99,151.83,151.8428,11338
2014-06-06 11:30:00,151.83,151.99,151.81,151.93,23003
2014-06-06 11:45:00,151.95,152.15,151.88,151.94,9500
2014-06-06 12:00:00,151.96,152.05,151.83,151.87,9400
2014-06-06 12:15:00,151.87,151.9,151.68,151.68,10318
2014-06-06 12:30:00,151.619,151.94,151.619,151.94,9300
2014-06-06 12:45:00,151.95,152.6,151.95,152.39,18277
2014-06-06 13:00:00,152.435,152.8,152.355,152.76,6896
2014-06-06 13:15:00,152.77,152.88,152.63,152.81,11149
2014-06-06 13:30:00,152.79,152.92,152.71,152.72,6738
2014-06-06 13:45:00,152.75,153.06,152.75,153.04,12392
2014-06-06 14:00:00,153.05,153.4,153.05,153.36,19896
2014-06-06 14:15:00,153.43,153.48,153.1799,153.41,24851
2014-06-06 14:30:00,153.44,153.58,153.44,153.54,12908
2014-06-06 14:45:00,153.5,153.59,153.48,153.5599,15701
2014-06-06 15:00:00,153.555,153.555,153.17,153.37,11102
2014-06-06 15:15:00,153.34,153.35,153.18,153.23,9601
2014-06-06 15:30:00,153.2599,153.36,153.18,153.35,17843
2014-06-06 15:45:00,153.34,153.34,152.84,152.84,19801
2014-06-06 16:00:00,152.86,153.37,152.86,153.37,47414
2014-06-09 09:45:00,153.83,154.21,153.46,153.46,18546
2014-06-09 10:00:00,153.46,153.61,152.73,153.03,10013
2014-06-09 10:15:00,153.07,153.08,152.66,152.697,22125
2014-06-09 10:30:00,152.82,152.94,152.65,152.69,7800
2014-06-09 10:45:00,152.67,152.71,152.49,152.69,6941
2014-06-09 11:00:00,152.67,152.74,152.47,152.57,12526
2014-06-09 11:15:00,152.66,152.71,152.4,152.52,6485
2014-06-09 11:30:00,152.59,152.67,152.45,152.5,7787
2014-06-09 11:45:00,152.55,152.55,152.27,152.3,9400
2014-06-09 12:00:00,152.27,152.46,152.215,152.27,6900
2014-06-09 12:15:00,152.22,152.3,152.16,152.3,4486
2014-06-09 12:30:00,152.24,152.27,152.03,152.03,7725
2014-06-09 12:45:00,152.11,152.16,151.98,152.0,7778
2014-06-09 13:00:00,152.03,152.11,152.0,152.11,6638
2014-06-09 13:15:00,152.04,152.28,152.0,152.23,5729
2014-06-09 13:30:00,152.19,152.23,152.0,152.11,8226
2014-06-09 13:45:00,152.11,152.25,152.11,152.23,7345
2014-06-09 14:00:00,152.16,152.35,152.1,152.33,9796
2014-06-09 14:15:00,152.23,152.42,152.05,152.17,9687
2014-06-09 14:30:00,152.13,152.23,152.05,152.13,12745
2014-06-09 14:45:00,152.2,152.52,152.19,152.48,14868
2014-06-09 15:00:00,152.45,152.5792,152.43,152.52,12208
2014-06-09 15:15:00,152.5396,152.63,152.48,152.6,13585
2014-06-09 15:30:00,152.62,152.7,152.34,152.39,14181
2014-06-09 15:45:00,152.38,152.3939,152.15,152.18,12955
2014-06-09 16:00:00,152.21,152.39,152.17,152.36,22591
2014-06-10 09:45:00,151.68,152.15,150.4,150.4,40962
2014-06-10 10:00:00,150.385,150.98,150.33,150.93,20385
2014-06-10 10:15:00,150.97,151.02,150.4701,150.9,12983
2014-06-10 10:30:00,150.7201,150.99,150.68,150.87,8513
2014-06-10 10:45:00,150.87,150.96,150.59,150.68,6985
2014-06-10 11:00:00,150.68,150.98,150.6101,150.97,3487
2014-06-10 11:15:00,151.01,151.06,150.95,151.06,6210
2014-06-10 11:30:00,151.0,151.26,150.89,151.18,4842
2014-06-10 11:45:00,151.27,151.48,151.22,151.39,5402
2014-06-10 12:00:00,151.48,151.51,151.34,151.38,2649
2014-06-10 12:15:00,151.38,151.545,151.36,151.47,3695
2014-06-10 12:30:00,151.48,151.6,151.39,151.6,3400
2014-06-10 12:45:00,151.615,151.67,151.53,151.61,3820
2014-06-10 13:00:00,151.53,151.84,151.52,151.77,5406
2014-06-10 13:15:00,151.73,151.91,151.69,151.71,10667
2014-06-10 13:30:00,151.66,151.68,151.57,151.68,2778
2014-06-10 13:45:00,151.7,151.72,151.63,151.63,3500
2014-06-10 14:00:00,151.63,151.85,151.63,151.76,11664
2014-06-10 14:15:00,151.76,151.81,151.7,151.7,6964
2014-06-10 14:30:00,151.72,151.79,151.66,151.76,7410
2014-06-10 14:45:00,151.73,151.82,151.65,151.7,8676
2014-06-10 15:00:00,151.6414,151.85,151.6414,151.78,6200
2014-06-10 15:15:00,151.76,151.9,151.67,151.69,10394
2014-06-10 15:30:00,151.7,151.93,151.7,151.92,12400
2014-06-10 15:45:00,151.93,151.98,151.62,151.62,20261
2014-06-10 16:00:00,151.62,151.86,151.57,151.84,25483
2014-06-11 09:45:00,151.88,152.36,151.45,151.58,28730
2014-06-11 10:00:00,151.58,151.63,151.0,151.3,13369
2014-06-11 10:15:00,151.58,151.67,151.33,151.49,9236
2014-06-11 10:30:00,151.53,151.54,150.89,150.9399,19264
2014-06-11 10:45:00,150.8,151.48,150.8,151.425,12500
2014-06-11 11:00:00,151.415,151.415,150.94,151.03,12725
2014-06-11 11:15:00,151.07,151.25,150.99,150.99,5478
2014-06-11 11:30:00,150.99,151.155,150.8,151.108,6982
2014-06-11 11:45:00,151.085,151.19,150.935,151.01,5700
2014-06-11 12:00:00,151.045,151.12,151.0,151.1,7300
2014-06-11 12:15:00,151.125,151.299,151.125,151.29,2900
2014-06-11 12:30:00,151.27,151.42,151.27,151.42,2200
2014-06-11 12:45:00,151.42,151.49,151.25,151.25,14651
2014-06-11 13:00:00,151.25,151.365,151.2,151.2,9649
2014-06-11 13:15:00,151.1837,151.21,150.91,151.06,14095
2014-06-11 13:30:00,151.03,151.26,151.03,151.15,3800
2014-06-11 13:45:00,151.14,151.16,150.91,150.91,3400
2014-06-11 14:00:00,150.91,150.91,150.69,150.76,2400
2014-06-11 14:15:00,150.75,150.83,150.57,150.77,4900
2014-06-11 14:30:00,150.85,151.01,150.78,150.94,6463
2014-06-11 14:45:00,150.91,151.06,150.8801,151.01,5220
2014-06-11 15:00:00,151.14,151.22,151.02,151.03,3766
2014-06-11 15:15:00,151.03,151.126,151.0,151.0,10141
2014-06-11 15:30:00,151.02,151.09,150.89,151.09,6135
2014-06-11 15:45:00,151.13,151.26,151.12,151.246,11252
2014-06-11 16:00:00,151.25,151.25,150.96,151.07,17510
2014-06-12 09:45:00,150.06,150.96,149.37,150.13,40487
2014-06-12 10:00:00,150.24,150.58,149.83,149.85,8705
2014-06-12 10:15:00,149.86,150.15,149.572,149.572,21263
2014-06-12 10:30:00,149.56,149.62,148.83,148.83,22116
2014-06-12 10:45:00,148.91,148.98,148.55,148.642,6462
2014-06-12 11:00:00,148.73,148.75,148.5,148.54,8217
2014-06-12 11:15:00,148.54,148.73,148.5,148.53,5397
2014-06-12 11:30:00,148.565,148.76,148.4,148.76,5755
2014-06-12 11:45:00,148.74,148.88,148.65,148.81,5211
2014-06-12 12:00:00,148.8,148.86,148.65,148.83,4788
2014-06-12 12:15:00,148.84,148.99,148.84,148.9,7300
2014-06-12 12:30:00,148.93,148.93,148.6884,148.8,19135
2014-06-12 12:45:00,148.81,148.81,148.75,148.75,2100
2014-06-12 13:00:00,148.75,148.8,148.56,148.595,6797
2014-06-12 13:15:00,148.59,148.7,148.55,148.55,3961
2014-06-12 13:30:00,148.62,148.66,148.51,148.5701,4501
2014-06-12 13:45:00,148.57,148.69,148.41,148.46,6578
2014-06-12 14:00:00,148.6,148.63,148.24200000000002,148.37,5598
2014-06-12 14:15:00,148.34,148.57,148.34,148.54,5868
2014-06-12 14:30:00,148.605,148.7,148.6,148.6,8588
2014-06-12 14:45:00,148.57,148.82,148.46,148.82,4083
2014-06-12 15:00:00,148.86,148.86,148.56,148.61,5500
2014-06-12 15:15:00,148.63,148.78,148.57,148.74,11625
2014-06-12 15:30:00,148.71,148.9,148.69,148.84,11552
2014-06-12 15:45:00,148.79,148.87,148.46,148.7,25503
2014-06-12 16:00:00,148.7,148.87,148.59,148.76,36391
2014-06-13 09:45:00,149.3,149.33,148.01,148.07,18212
2014-06-13 10:00:00,148.02,148.39,148.02,148.2101,8645
2014-06-13 10:15:00,148.16,148.51,148.08,148.51,17925
2014-06-13 10:30:00,148.51,149.0,148.51,148.72,6185
2014-06-13 10:45:00,148.81,149.63,148.81,149.63,14609
2014-06-13 11:00:00,149.55,149.57,149.35,149.49,9137
2014-06-13 11:15:00,149.56,149.64,149.34,149.34,5600
2014-06-13 11:30:00,149.42,149.49,149.22,149.27200000000002,17620
2014-06-13 11:45:00,149.32,149.4,149.22,149.27,5510
2014-06-13 12:00:00,149.34,149.41,149.22,149.26,3200
2014-06-13 12:15:00,149.26,149.51,149.26,149.3,4135
2014-06-13 12:30:00,149.31,149.5,149.31,149.41,12088
2014-06-13 12:45:00,149.46,149.46,149.25,149.25,2900
2014-06-13 13:00:00,149.19,149.37,149.19,149.35,2100
2014-06-13 13:15:00,149.31,149.35,148.99,148.99,6513
2014-06-13 13:30:00,149.03,149.06,148.93,149.06,4600
2014-06-13 13:45:00,149.04,149.14,149.01,149.14,3000
2014-06-13 14:00:00,149.11,149.17,149.03,149.14,7000
2014-06-13 14:15:00,149.13,149.13,148.88,148.97,5050
2014-06-13 14:30:00,149.01,149.16,149.01,149.16,6400
2014-06-13 14:45:00,149.19,149.19,149.009,149.07,7442
2014-06-13 15:00:00,149.08,149.125,148.98,149.125,7302
2014-06-13 15:15:00,149.15,149.505,149.15,149.37,9755
2014-06-13 15:30:00,149.44,149.47,149.23,149.32,10700
2014-06-13 15:45:00,149.33,149.42,149.18,149.26,13998
2014-06-13 16:00:00,149.27,149.54,149.16,149.515,34193
2014-06-16 09:45:00,148.87,150.08,148.69,149.28,26303
2014-06-16 10:00:00,149.4,149.66,149.33,149.38,7846
2014-06-16 10:15:00,149.36,150.3,149.36,149.85,26276
2014-06-16 10:30:00,149.87,150.0,149.77,149.795,14749
2014-06-16 10:45:00,149.82,149.89,149.4,149.61,7842
2014-06-16 11:00:00,149.61,149.73,149.52,149.52,9473
2014-06-16 11:15:00,149.56,149.61,149.12,149.16,11796
2014-06-16 11:30:00,149.1,149.1,148.63,148.63,10401
2014-06-16 11:45:00,148.62,148.63,148.52,148.61,4783
2014-06-16 12:00:00,148.61,148.69,148.29,148.37,12629
2014-06-16 12:15:00,148.39,148.49,148.26,148.41,13954
2014-06-16 12:30:00,148.32,148.45,148.32,148.44,3630
2014-06-16 12:45:00,148.42,148.79,148.31,148.79,7500
2014-06-16 13:00:00,148.76,149.08,148.62,149.08,5200
2014-06-16 13:15:00,149.085,149.24,148.95,149.1,5900
2014-06-16 13:30:00,149.1,149.23,149.05,149.1,2200
2014-06-16 13:45:00,149.1,149.19,148.93,149.04,13799
2014-06-16 14:00:00,149.04,149.06,148.95,149.0,17074
2014-06-16 14:15:00,149.01,149.15,148.96,149.025,10724
2014-06-16 14:30:00,149.02,149.05,148.9,148.96,9300
2014-06-16 14:45:00,148.99,149.07,148.93,149.03,11320
2014-06-16 15:00:00,149.0399,149.0399,148.89,148.96,9406
2014-06-16 15:15:00,148.97,148.97,148.73,148.73,12528
2014-06-16 15:30:00,148.69,148.69,148.49,148.52,25560
2014-06-16 15:45:00,148.54,148.56,148.41,148.48,23871
2014-06-16 16:00:00,148.47,148.74,148.33,148.63,53371
2014-06-17 09:45:00,147.94,148.97,147.21,148.97,22612
2014-06-17 10:00:00,148.98,149.4,148.7701,149.02,9533
2014-06-17 10:15:00,149.12,149.12,148.66,148.66,15003
2014-06-17 10:30:00,148.63,148.84,148.48,148.5,7734
2014-06-17 10:45:00,148.5,148.65,148.445,148.58,12702
2014-06-17 11:00:00,148.5,148.74,148.25,148.74,8462
2014-06-17 11:15:00,148.84,148.93,148.7378,148.91,4225
2014-06-17 11:30:00,148.9,149.08,148.9,149.01,5250
2014-06-17 11:45:00,149.0,149.02,148.78,148.84,5250
2014-06-17 12:00:00,148.87,148.87,148.67,148.75,5095
2014-06-17 12:15:00,148.71,148.73,148.62,148.635,3500
2014-06-17 12:30:00,148.67,148.773,148.56,148.588,5700
2014-06-17 12:45:00,148.59,148.69,148.52,148.66,9517
2014-06-17 13:00:00,148.66,148.79,148.59,148.595,6131
2014-06-17 13:15:00,148.6,148.62,148.47,148.535,5791
2014-06-17 13:30:00,148.575,148.59,148.5,148.528,6883
2014-06-17 13:45:00,148.55,148.56,148.36,148.54,6038
2014-06-17 14:00:00,148.6,148.6,148.45,148.5733,8836
2014-06-17 14:15:00,148.56,148.5664,148.4,148.5,6966
2014-06-17 14:30:00,148.49,148.67,148.49,148.58,4950
2014-06-17 14:45:00,148.55,148.63,148.5,148.5607,5462
2014-06-17 15:00:00,148.59,148.91,148.59,148.91,10280
2014-06-17 15:15:00,148.95,148.99,148.75,148.8,12916
2014-06-17 15:30:00,148.8,148.97,148.77,148.94,8083
2014-06-17 15:45:00,148.9499,149.05,148.9,148.98,13222
2014-06-17 16:00:00,148.97,148.97,148.61,148.79,35065
2014-06-18 09:45:00,150.01,151.5,150.0,151.26,129805
2014-06-18 10:00:00,151.15,151.2675,150.44,150.63,29749
2014-06-18 10:15:00,150.67,150.79,150.03,150.12,17510
2014-06-18 10:30:00,150.17,150.26,149.915,149.96,10347
2014-06-18 10:45:00,149.96,150.06,149.87,150.01,12510
2014-06-18 11:00:00,150.0,150.22,149.91,150.0875,10817
2014-06-18 11:15:00,150.07,150.21,149.98,150.05,18873
2014-06-18 11:30:00,150.04,150.06,149.94,149.95,7202
2014-06-18 11:45:00,149.98,150.03,149.93,150.01,9190
2014-06-18 12:00:00,150.0,150.03,149.97,150.0,16094
2014-06-18 12:15:00,150.03,150.12,149.99,149.99,12051
2014-06-18 12:30:00,150.03,150.07,149.985,150.025,18741
2014-06-18 12:45:00,150.035,150.05,149.97,150.0,15129
2014-06-18 13:00:00,149.99,150.05,149.96,150.01,14579
2014-06-18 13:15:00,150.005,150.03,149.97,150.02,14710
2014-06-18 13:30:00,150.0,150.0368,149.95,149.95,15850
2014-06-18 13:45:00,150.0,150.13,149.97,150.13,11991
2014-06-18 14:00:00,150.16,150.52,150.14,150.46,10569
2014-06-18 14:15:00,150.43,151.23,150.2,151.075,25244
2014-06-18 14:30:00,151.04,151.11,150.92,151.0,24274
2014-06-18 14:45:00,150.99,151.25,150.92,151.25,26580
2014-06-18 15:00:00,151.23,151.33,151.12,151.2,16477
2014-06-18 15:15:00,151.19,151.27,151.14,151.24,25379
2014-06-18 15:30:00,151.265,151.28,151.11,151.215,26907
2014-06-18 15:45:00,151.2414,151.26,151.0,151.05,49583
2014-06-18 16:00:00,151.05,151.32,151.04,151.125,96034
2014-06-19 09:45:00,151.51,152.01,151.14,151.42,24301
2014-06-19 10:00:00,151.42,151.42,150.34,150.69,10451
2014-06-19 10:15:00,150.865,151.13,150.55,151.05,21011
2014-06-19 10:30:00,151.15,151.42,150.7,150.82,11670
2014-06-19 10:45:00,150.87,150.87,150.63,150.74,13467
2014-06-19 11:00:00,150.8,150.81,150.45,150.45,9916
2014-06-19 11:15:00,150.45,150.73,150.45,150.68,21734
2014-06-19 11:30:00,150.67,150.805,150.57,150.65,6089
2014-06-19 11:45:00,150.6,150.81,150.6,150.8,4089
2014-06-19 12:00:00,150.76,150.775,150.65,150.69,3700
2014-06-19 12:15:00,150.78,150.825,150.63,150.8,6213
2014-06-19 12:30:00,150.8,150.8,150.63,150.63,3792
2014-06-19 12:45:00,150.61,150.63,150.53,150.57,6936
2014-06-19 13:00:00,150.52,150.53,150.25,150.27,7096
2014-06-19 13:15:00,150.38,150.48,150.27,150.27,4216
2014-06-19 13:30:00,150.29,150.44,150.14,150.34,5875
2014-06-19 13:45:00,150.33,150.37,150.27,150.28,3835
2014-06-19 14:00:00,150.2204,150.595,150.2204,150.565,6052
2014-06-19 14:15:00,150.46,150.615,150.44,150.58,3300
2014-06-19 14:30:00,150.625,150.66,150.51,150.51,10500
2014-06-19 14:45:00,150.51,150.52,150.39,150.51,7048
2014-06-19 15:00:00,150.51,150.6,150.42,150.505,14162
2014-06-19 15:15:00,150.5,150.53,150.42,150.4504,8625
2014-06-19 15:30:00,150.52,150.53,150.38,150.48,8212
2014-06-19 15:45:00,150.51,150.66,150.46,150.645,17905
2014-06-19 16:00:00,150.63,150.63,150.47,150.56,29788
2014-06-20 09:45:00,151.32,151.89,150.5,151.22,231495
2014-06-20 10:00:00,151.33,151.42,150.91,151.01,11656
2014-06-20 10:15:00,151.06,151.07,150.66,150.815,9255
2014-06-20 10:30:00,150.81,150.851,150.64,150.7,8888
2014-06-20 10:45:00,150.71,150.8,150.68,150.69,9892
2014-06-20 11:00:00,150.81,150.81,150.56,150.62,10600
2014-06-20 11:15:00,150.65,150.69,150.56,150.57,11700
2014-06-20 11:30:00,150.58,150.7,150.5,150.5,11463
2014-06-20 11:45:00,150.5,150.7,150.34,150.65,9999
2014-06-20 12:00:00,150.65,150.65,150.244,150.39,12158
2014-06-20 12:15:00,150.405,150.53,150.33,150.38,5100
2014-06-20 12:30:00,150.42,150.46,150.1,150.15,6600
2014-06-20 12:45:00,150.08,150.6,150.01,150.51,9671
2014-06-20 13:00:00,150.5,150.665,150.45,150.53,16603
2014-06-20 13:15:00,150.54,150.54,150.43,150.525,10214
2014-06-20 13:30:00,150.54,150.54,150.36,150.36,7401
2014-06-20 13:45:00,150.4,150.53,150.33,150.49,7714
2014-06-20 14:00:00,150.39,150.52,150.39,150.475,9152
2014-06-20 14:15:00,150.46,150.51,150.42,150.5,8963
2014-06-20 14:30:00,150.47,150.53,150.47,150.52,11476
2014-06-20 14:45:00,150.52,150.53,150.45,150.45,20085
2014-06-20 15:00:00,150.46,150.51,150.441,150.47,12756
2014-06-20 15:15:00,150.48,150.51,150.43,150.47,19238
2014-06-20 15:30:00,150.48,150.52,150.45,150.52,19807
2014-06-20 15:45:00,150.5175,150.61,150.51,150.61,28486
2014-06-20 16:00:00,150.59,151.05,150.55,151.0,155188
2014-06-23 09:45:00,150.98,151.045,149.88,149.97,43461
2014-06-23 10:00:00,150.07,150.315,149.85,149.97,38488
2014-06-23 10:15:00,150.0,150.34,149.94,149.98,29818
2014-06-23 10:30:00,149.93,150.12,149.82,149.964,15868
2014-06-23 10:45:00,149.94,150.03,149.73,149.73,8600
2014-06-23 11:00:00,149.74,149.9,149.5,149.9,10597
2014-06-23 11:15:00,149.98,150.32,149.98,150.12,6300
2014-06-23 11:30:00,150.1,150.1,149.9,149.9175,14506
2014-06-23 11:45:00,149.89,150.04,149.87,149.99,13237
2014-06-23 12:00:00,150.0,150.03,149.9225,150.0,12604
2014-06-23 12:15:00,150.01,150.03,149.91,149.97,14680
2014-06-23 12:30:00,150.0,150.0,149.85,149.93,7708
2014-06-23 12:45:00,149.95,150.03,149.78,149.87,11078
2014-06-23 13:00:00,149.87,149.94,149.83,149.89,3491
2014-06-23 13:15:00,149.955,149.99,149.83,149.88,7277
2014-06-23 13:30:00,149.87,149.91,149.68,149.72,13211
2014-06-23 13:45:00,149.77,149.9,149.74,149.9,8262
2014-06-23 14:00:00,149.89,149.92,149.703,149.74,10801
2014-06-23 14:15:00,149.74,149.76,149.67,149.72,7162
2014-06-23 14:30:00,149.73,149.82,149.71,149.815,7500
2014-06-23 14:45:00,149.82,149.83,149.72,149.77,8896
2014-06-23 15:00:00,149.74,149.83,149.6,149.8,9804
2014-06-23 15:15:00,149.8,149.86,149.72,149.78,14111
2014-06-23 15:30:00,149.78,149.84,149.72,149.8,12168
2014-06-23 15:45:00,149.81,149.87,149.77,149.8,14383
2014-06-23 16:00:00,149.79,149.86,149.75,149.82,36252
2014-06-24 09:45:00,150.98,151.05,149.66,150.2099,37326
2014-06-24 10:00:00,150.1,150.24,150.02,150.21,15295
2014-06-24 10:15:00,150.207,150.66,150.16,150.53,52293
2014-06-24 10:30:00,150.57,150.89,150.4,150.89,14638
2014-06-24 10:45:00,150.93,151.09,150.88,150.945,18697
2014-06-24 11:00:00,150.94,151.07,150.94,151.06,11673
2014-06-24 11:15:00,151.07,151.13,151.03,151.08,19315
2014-06-24 11:30:00,151.08,151.11,151.03,151.07,11205
2014-06-24 11:45:00,151.08,151.115,151.0,151.07,11078
2014-06-24 12:00:00,151.11,151.16,151.07,151.16,7500
2014-06-24 12:15:00,151.15,151.17,151.02,151.02,13590
2014-06-24 12:30:00,151.03,151.04,150.95,151.02,7141
2014-06-24 12:45:00,150.97,151.01,150.918,150.96,9069
2014-06-24 13:00:00,150.98,150.98,150.71,150.7375,10572
2014-06-24 13:15:00,150.73,150.73,150.02,150.02,23032
2014-06-24 13:30:00,150.03,150.15,149.93,150.13,34614
2014-06-24 13:45:00,150.13,150.3,150.04,150.04,6074
2014-06-24 14:00:00,150.0,150.15,149.89,149.89,9900
2014-06-24 14:15:00,149.9,150.11,149.87,150.11,7403
2014-06-24 14:30:00,150.1119,150.1119,149.7,149.7,9130
2014-06-24 14:45:00,149.74,149.82,149.56,149.82,10734
2014-06-24 15:00:00,149.8,149.96,149.74,149.87,5321
2014-06-24 15:15:00,149.8201,149.8201,149.25,149.25,24267
2014-06-24 15:30:00,149.2,149.31,149.05,149.062,40549
2014-06-24 15:45:00,149.14,149.31,149.04,149.31,16575
2014-06-24 16:00:00,149.31,149.31,149.06,149.18,32908
2014-06-25 09:45:00,148.47,150.0,148.47,148.86,35684
2014-06-25 10:00:00,148.75,148.87,148.3,148.56,38536
2014-06-25 10:15:00,148.55,149.29,148.12,149.04,18477
2014-06-25 10:30:00,149.1,149.1,148.19,148.19,22430
2014-06-25 10:45:00,148.225,148.34,147.79,148.03,34188
2014-06-25 11:00:00,148.13,148.4,148.06,148.4,7390
2014-06-25 11:15:00,148.29,148.35,148.02,148.03,6011
2014-06-25 11:30:00,148.02,148.13,147.84,148.01,11165
2014-06-25 11:45:00,147.99,148.05,147.71,148.01,8442
2014-06-25 12:00:00,148.02,148.02,147.755,147.92,5100
2014-06-25 12:15:00,148.01,148.16,147.98,148.16,4475
2014-06-25 12:30:00,148.2,148.59,148.2,148.59,4600
2014-06-25 12:45:00,148.58,148.68,148.47,148.61,8056
2014-06-25 13:00:00,148.64,148.93,148.52,148.88,3200
2014-06-25 13:15:00,148.86,149.03,148.655,148.7,8411
2014-06-25 13:30:00,148.72,148.825,148.56,148.73,3948
2014-06-25 13:45:00,148.685,149.06,148.68,148.9507,10883
2014-06-25 14:00:00,148.96,149.26,148.9507,149.2,4476
2014-06-25 14:15:00,149.19,149.23,149.03,149.19,10245
2014-06-25 14:30:00,149.19,149.45,149.115,149.33,7010
2014-06-25 14:45:00,149.33,149.52,149.28,149.47,7500
2014-06-25 15:00:00,149.42,149.5,149.28,149.36,8610
2014-06-25 15:15:00,149.36,149.48,149.29,149.47,9295
2014-06-25 15:30:00,149.47,149.74,149.45,149.65,18672
2014-06-25 15:45:00,149.66,149.66,149.44,149.47,10440
2014-06-25 16:00:00,149.49,149.51,149.21,149.23,28811
2014-06-26 09:45:00,149.07,149.375,148.67,148.77,31070
2014-06-26 10:00:00,148.84,148.96,148.44,148.66,40304
2014-06-26 10:15:00,148.66,148.97,148.5,148.85,17077
2014-06-26 10:30:00,148.98,149.225,148.77,148.77,19386
2014-06-26 10:45:00,148.87,149.0,148.77,148.96,10808
2014-06-26 11:00:00,148.935,149.02,148.7,148.95,10801
2014-06-26 11:15:00,148.94,149.11,148.78,148.85,15527
2014-06-26 11:30:00,148.81,149.06,148.71,148.96,6294
2014-06-26 11:45:00,149.0,149.09,148.87,148.97,5012
2014-06-26 12:00:00,148.98,148.99,148.7,148.7,2880
2014-06-26 12:15:00,148.76,148.8,148.62,148.73,5217
2014-06-26 12:30:00,148.75,149.03,148.7,149.03,7934
2014-06-26 12:45:00,149.0,149.01,148.89,148.96,10700
2014-06-26 13:00:00,148.97,149.06,148.96,149.0,10041
2014-06-26 13:15:00,149.0,149.08,149.0,149.0,4158
2014-06-26 13:30:00,149.01,149.4,148.97,149.32,6801
2014-06-26 13:45:00,149.35,149.49,149.33,149.45,4922
2014-06-26 14:00:00,149.52,149.56,149.41,149.41,5600
2014-06-26 14:15:00,149.41,149.4899,149.28,149.3,6000
2014-06-26 14:30:00,149.29,149.37,149.16,149.37,7050
2014-06-26 14:45:00,149.38,149.42,149.28,149.385,5600
2014-06-26 15:00:00,149.38,149.39,149.26,149.37,8200
2014-06-26 15:15:00,149.37,149.55,149.37,149.4675,8064
2014-06-26 15:30:00,149.46,149.5,149.29,149.295,14053
2014-06-26 15:45:00,149.31,149.38,149.26,149.26,9995
2014-06-26 16:00:00,149.27,149.34,149.12,149.28,44818
2014-06-27 09:45:00,148.92,150.23,148.9,149.56,25955
2014-06-27 10:00:00,149.85,149.87,149.54,149.72,15673
2014-06-27 10:15:00,149.76,149.76,149.32,149.68,25592
2014-06-27 10:30:00,149.72,150.04,149.66,149.85,12590
2014-06-27 10:45:00,149.87,149.93,149.7425,149.86,10941
2014-06-27 11:00:00,149.85,149.85,149.664,149.67,7891
2014-06-27 11:15:00,149.66,149.86,149.59,149.66,8845
2014-06-27 11:30:00,149.59,149.76,149.52,149.59,15436
2014-06-27 11:45:00,149.6,149.66,149.5582,149.635,2700
2014-06-27 12:00:00,149.65,149.7,149.58,149.61,9245
2014-06-27 12:15:00,149.63,149.66,149.55,149.6,4271
2014-06-27 12:30:00,149.64,149.6675,149.57,149.61,5871
2014-06-27 12:45:00,149.61,149.69,149.56,149.6,16000
2014-06-27 13:00:00,149.61,149.67,149.5292,149.53,14436
2014-06-27 13:15:00,149.49,149.53,149.38,149.53,2000
2014-06-27 13:30:00,149.53,149.53,149.09,149.17,4320
2014-06-27 13:45:00,149.165,149.34,149.165,149.32,3100
2014-06-27 14:00:00,149.32,149.57,149.305,149.55,5106
2014-06-27 14:15:00,149.49,149.73,149.49,149.64,9702
2014-06-27 14:30:00,149.66,149.7257,149.5,149.5,5656
2014-06-27 14:45:00,149.5,149.6782,149.5,149.56,7251
2014-06-27 15:00:00,149.52,149.61,149.39,149.4575,5800
2014-06-27 15:15:00,149.45,149.77,149.45,149.73,7763
2014-06-27 15:30:00,149.8425,149.8425,149.58,149.58,14995
2014-06-27 15:45:00,149.58,149.79,149.54,149.64,25600
2014-06-27 16:00:00,149.63,149.8,149.49,149.73,60801
2014-06-30 09:45:00,149.39,150.05,149.29,149.36,29788
2014-06-30 10:00:00,149.36,149.81,149.36,149.57,23884
2014-06-30 10:15:00,149.57,149.76,149.51,149.62,47959
2014-06-30 10:30:00,149.6425,149.705,149.48,149.5638,24358
2014-06-30 10:45:00,149.64,149.7,149.5,149.6,20109
2014-06-30 11:00:00,149.66,149.66,149.48,149.64,3143
2014-06-30 11:15:00,149.58,149.68,149.35,149.472,25306
2014-06-30 11:30:00,149.45,149.9,149.365,149.86,37603
2014-06-30 11:45:00,149.8,149.86,149.69,149.81,10276
2014-06-30 12:00:00,149.85,149.85,149.59,149.66,7264
2014-06-30 12:15:00,149.77,149.86,149.72,149.79,7000
2014-06-30 12:30:00,149.8,149.91,149.71,149.8,10675
2014-06-30 12:45:00,149.8,149.875,149.78,149.81,12710
2014-06-30 13:00:00,149.84,150.08,149.78,150.04,12745
2014-06-30 13:15:00,150.1,150.16,149.91,149.98,13686
2014-06-30 13:30:00,149.98,150.03,149.9,149.9,4000
2014-06-30 13:45:00,149.92,150.135,149.86,150.01,15200
2014-06-30 14:00:00,150.04,150.09,149.97,150.005,11282
2014-06-30 14:15:00,150.01,150.1172,149.97,150.09,6741
2014-06-30 14:30:00,150.12,150.23,150.0,150.16,24079
2014-06-30 14:45:00,150.19,150.27,150.08,150.17,6400
2014-06-30 15:00:00,150.18,150.3155,150.12,150.18,6376
2014-06-30 15:15:00,150.17,150.5,150.16,150.49,9524
2014-06-30 15:30:00,150.49,150.59,150.44,150.55,9144
2014-06-30 15:45:00,150.57,150.58,150.2125,150.3,20728
2014-06-30 16:00:00,150.3,150.62,150.26,150.6,42166
2014-07-01 09:45:00,150.03,150.816,150.01,150.34,22431
2014-07-01 10:00:00,150.34,150.5,150.22,150.33,13380
2014-07-01 10:15:00,150.36,150.91,150.13,150.79,32601
2014-07-01 10:30:00,150.81,151.07,150.67,150.67,8182
2014-07-01 10:45:00,150.71,151.22,150.65,150.88,7004
2014-07-01 11:00:00,150.89,151.1359,150.87,151.05,5992
2014-07-01 11:15:00,151.05,151.33,150.99,151.21,7178
2014-07-01 11:30:00,151.18,151.25,150.97,151.04,14905
2014-07-01 11:45:00,151.055,151.2,150.77,151.11,16641
2014-07-01 12:00:00,151.21,151.4,151.1,151.4,24709
2014-07-01 12:15:00,151.38,151.55,151.3,151.5,8781
2014-07-01 12:30:00,151.55,151.75,151.46,151.75,13459
2014-07-01 12:45:00,151.71,152.04,151.69,151.93,15009
2014-07-01 13:00:00,151.92,151.92,151.73,151.78,6577
2014-07-01 13:15:00,151.77,152.07,151.7,152.06,6967
2014-07-01 13:30:00,152.07,152.08,151.88,152.08,5481
2014-07-01 13:45:00,152.09,152.09,151.86,151.95,5220
2014-07-01 14:00:00,151.93,151.936,151.805,151.85,7296
2014-07-01 14:15:00,151.9,151.93,151.71,151.93,4420
2014-07-01 14:30:00,151.8897,151.8897,151.44,151.46,7100
2014-07-01 14:45:00,151.46,151.78,151.46,151.655,6137
2014-07-01 15:00:00,151.69,151.89,151.61,151.89,6978
2014-07-01 15:15:00,151.92,151.99,151.74,151.785,9751
2014-07-01 15:30:00,151.8,151.92,151.66,151.85,12724
2014-07-01 15:45:00,151.79,151.89,151.58,151.63,10216
2014-07-01 16:00:00,151.61,151.7,151.45,151.52,35227
2014-07-02 09:45:00,151.06,151.94,150.6,150.6,28159
2014-07-02 10:00:00,150.61,151.065,150.44,151.065,15066
2014-07-02 10:15:00,150.89,150.94,150.18,150.485,31584
2014-07-02 10:30:00,150.435,150.81,150.43,150.71,9386
2014-07-02 10:45:00,150.73,150.95,150.73,150.85,5610
2014-07-02 11:00:00,150.86,151.11,150.86,151.05,5380
2014-07-02 11:15:00,151.11,151.115,150.79,150.88,9500
2014-07-02 11:30:00,150.95,151.11,150.85,150.88,6918
2014-07-02 11:45:00,150.91,151.13,150.84,151.07399999999998,5300
2014-07-02 12:00:00,151.13,151.21,151.1,151.2,5500
2014-07-02 12:15:00,151.27,151.38,151.23,151.38,3447
2014-07-02 12:30:00,151.38,151.44,151.21200000000002,151.27,2901
2014-07-02 12:45:00,151.27,151.3,151.172,151.273,2710
2014-07-02 13:00:00,151.26,151.35,151.2,151.32,4911
2014-07-02 13:15:00,151.36,151.36,151.2125,151.2125,3856
2014-07-02 13:30:00,151.205,151.33,151.162,151.21,6440
2014-07-02 13:45:00,151.21,151.26,151.13,151.215,3649
2014-07-02 14:00:00,151.21,151.48,151.15,151.44,19018
2014-07-02 14:15:00,151.45,151.51,151.33,151.47,4648
2014-07-02 14:30:00,151.46,151.606,151.46,151.606,7786
2014-07-02 14:45:00,151.58,151.79,151.58,151.66,5675
2014-07-02 15:00:00,151.64,151.81,151.58,151.81,5700
2014-07-02 15:15:00,151.81,151.87,151.75,151.87,5537
2014-07-02 15:30:00,151.81,151.84,151.69,151.7001,6105
2014-07-02 15:45:00,151.75,151.77,151.67,151.74,8674
2014-07-02 16:00:00,151.74,151.98,151.66,151.89,40434
2014-07-03 09:45:00,152.07,152.63,151.71,152.29,27568
2014-07-03 10:00:00,152.29,152.67,152.11,152.67,9252
2014-07-03 10:15:00,152.71,152.89,152.512,152.62,10831
2014-07-03 10:30:00,152.62,152.77,152.19,152.28,11930
2014-07-03 10:45:00,152.32,152.36,152.1602,152.2,4839
2014-07-03 11:00:00,152.15,152.44,152.14,152.34,7424
2014-07-03 11:15:00,152.33,152.34,152.13,152.19,6318
2014-07-03 11:30:00,152.18,152.32,152.1,152.22,7600
2014-07-03 11:45:00,152.19,152.64,152.19,152.64,7970
2014-07-03 12:00:00,152.63,152.94,152.63,152.92,9000
2014-07-03 12:15:00,152.97,153.1099,152.89,153.0675,9916
2014-07-03 12:30:00,153.06,153.11,152.955,152.99,12298
2014-07-03 12:45:00,152.99,153.01,152.82,152.865,15177
2014-07-03 13:00:00,152.87,152.96,152.82,152.93,25037
2014-07-03 13:15:00,152.93,152.95,152.6057,152.95,56872
2014-07-03 14:00:00,152.95,152.95,152.95,152.95,301
2014-07-07 09:45:00,152.85,153.4,152.17,152.17,19490
2014-07-07 10:00:00,152.24,152.95,152.24,152.95,5200
2014-07-07 10:15:00,152.94,153.31,152.94,153.048,7478
2014-07-07 10:30:00,153.0592,153.14,152.9414,152.97,6875
2014-07-07 10:45:00,152.86,152.98,152.73,152.9,5762
2014-07-07 11:00:00,152.87,152.87,152.61,152.62,4506
2014-07-07 11:15:00,152.58,152.661,152.4302,152.57,6633
2014-07-07 11:30:00,152.645,152.85,152.6275,152.7,6875
2014-07-07 11:45:00,152.72,152.95,152.72,152.8,5900
2014-07-07 12:00:00,152.84,152.89,152.68,152.74,4019
2014-07-07 12:15:00,152.7,152.91,152.69,152.82,3300
2014-07-07 12:30:00,152.85,152.89,152.81,152.88,2890
2014-07-07 12:45:00,152.83,152.87,152.73,152.75,4200
2014-07-07 13:00:00,152.74,152.86,152.69,152.84,2800
2014-07-07 13:15:00,152.84,152.96,152.81,152.85,18001
2014-07-07 13:30:00,152.75,152.83,152.7,152.73,4100
2014-07-07 13:45:00,152.78,152.79,152.63,152.72,4719
2014-07-07 14:00:00,152.7,152.91,152.59,152.705,7200
2014-07-07 14:15:00,152.69,152.77,152.64,152.64,2700
2014-07-07 14:30:00,152.67,152.71,152.54,152.54,3546
2014-07-07 14:45:00,152.54,152.54,152.35,152.36,4892
2014-07-07 15:00:00,152.29,152.6,152.29,152.52,5343
2014-07-07 15:15:00,152.51,152.6508,152.46,152.46,5333
2014-07-07 15:30:00,152.48,152.55,152.44,152.47,8498
2014-07-07 15:45:00,152.47,152.58,152.4,152.47,11018
2014-07-07 16:00:00,152.5,152.58,152.36,152.52,23817
2014-07-08 09:45:00,152.38,152.7,152.11,152.27,16184
2014-07-08 10:00:00,152.28,152.89,152.13,152.89,11732
2014-07-08 10:15:00,152.9,152.9,152.49,152.62,11542
2014-07-08 10:30:00,152.62,152.94,152.49,152.66,8745
2014-07-08 10:45:00,152.62,152.77,152.54,152.71,11323
2014-07-08 11:00:00,152.71,152.89700000000002,152.48,152.525,7384
2014-07-08 11:15:00,152.48,152.48,152.18,152.28,7985
2014-07-08 11:30:00,152.27,152.5,152.22,152.5,9192
2014-07-08 11:45:00,152.5,152.93,152.46,152.8457,9152
2014-07-08 12:00:00,152.88,152.975,152.68,152.9,8556
2014-07-08 12:15:00,152.91,153.05,152.82,152.8905,15413
2014-07-08 12:30:00,152.88,153.09,152.7243,153.00799999999998,7322
2014-07-08 12:45:00,153.02,153.1,152.73,153.01,5268
2014-07-08 13:00:00,152.99,153.08,152.78,152.94,13021
2014-07-08 13:15:00,152.85,153.07,152.75,153.06,5513
2014-07-08 13:30:00,153.055,153.14,152.92,153.04,3426
2014-07-08 13:45:00,153.11,153.16,152.8,152.8,7667
2014-07-08 14:00:00,152.79,152.85,152.61,152.67,12649
2014-07-08 14:15:00,152.71,152.73,152.41,152.6,9661
2014-07-08 14:30:00,152.57,152.6,152.41,152.41,11850
2014-07-08 14:45:00,152.4,152.52,152.32,152.485,20638
2014-07-08 15:00:00,152.44,152.49,152.26,152.29,16540
2014-07-08 15:15:00,152.29,152.32,152.13,152.3,17472
2014-07-08 15:30:00,152.32,152.41,152.18,152.18,7000
2014-07-08 15:45:00,152.18,152.4,152.17,152.21,13997
2014-07-08 16:00:00,152.23,152.28,152.01,152.07,48108
2014-07-09 09:45:00,152.5,153.77,152.09,153.66,31960
2014-07-09 10:00:00,153.65,153.7,153.17,153.6699,28173
2014-07-09 10:15:00,153.625,154.74,153.625,154.11,35600
2014-07-09 10:30:00,154.12,154.44,153.8401,154.4,18144
2014-07-09 10:45:00,154.32,154.67,154.24,154.67,14823
2014-07-09 11:00:00,154.72,154.72,154.41,154.58,12701
2014-07-09 11:15:00,154.58,154.8,154.57,154.8,13703
2014-07-09 11:30:00,154.84,155.05,154.75,155.0,20617
2014-07-09 11:45:00,154.99,155.23,154.9581,155.19,13487
2014-07-09 12:00:00,155.19,155.45,155.06,155.36,13926
2014-07-09 12:15:00,155.36,155.53,155.28,155.51,10136
2014-07-09 12:30:00,155.51,155.57,155.38,155.38,12464
2014-07-09 12:45:00,155.42,155.53,155.35,155.37,7024
2014-07-09 13:00:00,155.38,155.62,155.32,155.6199,7623
2014-07-09 13:15:00,155.53,155.57,155.359,155.5684,6625
2014-07-09 13:30:00,155.59,155.72,155.475,155.52,6748
2014-07-09 13:45:00,155.44,155.49,155.33,155.43,6742
2014-07-09 14:00:00,155.43,155.43,155.28,155.36,5436
2014-07-09 14:15:00,155.31,155.34,154.97,155.25,14757
2014-07-09 14:30:00,155.25,155.76,155.25,155.76,18596
2014-07-09 14:45:00,155.77,155.8,155.4901,155.585,13362
2014-07-09 15:00:00,155.6,155.71,155.35,155.41,27662
2014-07-09 15:15:00,155.35,155.55,155.19,155.47,25901
2014-07-09 15:30:00,155.475,155.58,155.34,155.57,12295
2014-07-09 15:45:00,155.54,155.75,155.48,155.75,30485
2014-07-09 16:00:00,155.72,155.76,155.52,155.65,48709
2014-07-10 09:45:00,153.85,154.81,153.5501,154.1,28324
2014-07-10 10:00:00,154.0,154.145,153.54,154.13,22706
2014-07-10 10:15:00,154.26,154.52,153.71,154.17,11909
2014-07-10 10:30:00,154.06,154.39,153.86,154.39,12626
2014-07-10 10:45:00,154.32,154.33,153.98,154.11,14633
2014-07-10 11:00:00,154.18,154.37,154.06,154.30200000000002,13993
2014-07-10 11:15:00,154.36,154.56,154.27,154.27,11820
2014-07-10 11:30:00,154.23,154.23,153.97,154.005,12512
2014-07-10 11:45:00,153.98,154.21,153.52,153.59,31671
2014-07-10 12:00:00,153.59,153.62,153.37,153.56,12110
2014-07-10 12:15:00,153.565,153.665,153.4,153.65,5300
2014-07-10 12:30:00,153.53,153.85,153.48,153.76,10201
2014-07-10 12:45:00,153.75,154.028,153.68,153.95,20974
2014-07-10 13:00:00,153.94,153.97,153.73,153.97,11051
2014-07-10 13:15:00,153.98,154.11,153.82,153.93,9120
2014-07-10 13:30:00,153.9,154.16,153.83,154.04,13077
2014-07-10 13:45:00,154.17,154.17,153.92,153.94,12030
2014-07-10 14:00:00,153.94,154.06,153.62,153.83,8200
2014-07-10 14:15:00,153.8169,154.01,153.68,153.8,8442
2014-07-10 14:30:00,153.8,153.94,153.63,153.775,6334
2014-07-10 14:45:00,153.82,153.82,153.32,153.4,13918
2014-07-10 15:00:00,153.49,154.04,153.49,153.8,19941
2014-07-10 15:15:00,153.76,153.97,153.73,153.9,21034
2014-07-10 15:30:00,153.84,153.87,153.67,153.8,19915
2014-07-10 15:45:00,153.75,153.865,153.68,153.82,20000
2014-07-10 16:00:00,153.77,153.77,153.5479,153.59,26246
2014-07-11 09:45:00,153.42,153.93,152.3,152.65,24569
2014-07-11 10:00:00,152.65,152.99,152.5325,152.62,8262
2014-07-11 10:15:00,152.62,152.79,152.41,152.78,19137
2014-07-11 10:30:00,152.78,152.78,152.22,152.29,16535
2014-07-11 10:45:00,152.33,152.38,151.96,152.38,15339
2014-07-11 11:00:00,152.38,152.8,152.38,152.74,13258
2014-07-11 11:15:00,152.8,152.89,152.54,152.7,12042
2014-07-11 11:30:00,152.71,152.87,152.495,152.84,13292
2014-07-11 11:45:00,152.84,153.01,152.82,152.96,9680
2014-07-11 12:00:00,152.955,153.05,152.76,153.05,6396
2014-07-11 12:15:00,153.05,153.43,153.025,153.19,7076
2014-07-11 12:30:00,153.29,153.3497,153.07,153.28,11234
2014-07-11 12:45:00,153.26,153.46,153.18,153.46,5103
2014-07-11 13:00:00,153.45,153.51,153.34,153.46,6858
2014-07-11 13:15:00,153.5,153.67,153.465,153.5,6521
2014-07-11 13:30:00,153.48,153.7,153.48,153.68,4545
2014-07-11 13:45:00,153.68,153.71,153.54,153.68,12400
2014-07-11 14:00:00,153.68,153.94,153.675,153.9,8000
2014-07-11 14:15:00,153.9,154.19,153.9,154.12,9972
2014-07-11 14:30:00,154.08,154.08,153.95,153.99,7710
2014-07-11 14:45:00,154.01,154.09,153.8375,153.87,9973
2014-07-11 15:00:00,153.87,153.91,153.75,153.88,8341
2014-07-11 15:15:00,153.88,154.03,153.72,153.99,11247
2014-07-11 15:30:00,154.0,154.15,153.95,154.09,15536
2014-07-11 15:45:00,154.09,154.21,154.02,154.07,14744
2014-07-11 16:00:00,154.08,154.21,153.98,154.1,39432
2014-07-14 09:45:00,155.12,155.12,154.16,154.247,11455
2014-07-14 10:00:00,154.26,154.59,154.26,154.555,9159
2014-07-14 10:15:00,154.54,154.83,154.41,154.56,6328
2014-07-14 10:30:00,154.56,154.64,154.36,154.38,17184
2014-07-14 10:45:00,154.41,154.58,154.27,154.53,5690
2014-07-14 11:00:00,154.49,154.97,154.38,154.94,22884
2014-07-14 11:15:00,154.91,155.31,154.882,155.3,19822
2014-07-14 11:30:00,155.2725,155.51,155.23,155.4575,17678
2014-07-14 11:45:00,155.43,155.58,155.39,155.57,14959
2014-07-14 12:00:00,155.54,155.64,155.38,155.58,14205
2014-07-14 12:15:00,155.55,155.76,155.47,155.71,10750
2014-07-14 12:30:00,155.7,155.78,155.65,155.68,8321
2014-07-14 12:45:00,155.64,155.78,155.62,155.64,11150
2014-07-14 13:00:00,155.665,155.9,155.62,155.85,11730
2014-07-14 13:15:00,155.85,155.92,155.71,155.73,10500
2014-07-14 13:30:00,155.77,156.2,155.735,156.19,25838
2014-07-14 13:45:00,156.15,156.26,156.04,156.15,28096
2014-07-14 14:00:00,156.16,156.31,156.05,156.1,24589
2014-07-14 14:15:00,156.09,156.205,155.98,156.005,36605
2014-07-14 14:30:00,156.01,156.265,155.9,156.21,13311
2014-07-14 14:45:00,156.17,156.265,156.09,156.215,11457
2014-07-14 15:00:00,156.22,156.37,156.17,156.32,16735
2014-07-14 15:15:00,156.27,156.27,156.08,156.2,18025
2014-07-14 15:30:00,156.19,156.23,156.13,156.2,14568
2014-07-14 15:45:00,156.21,156.22,156.02,156.13,21378
2014-07-14 16:00:00,156.12,156.13,155.85,155.89,65283
2014-07-15 09:45:00,155.62,155.92,155.19,155.75,19058
2014-07-15 10:00:00,155.555,155.56,154.8144,155.11,14825
2014-07-15 10:15:00,155.27,155.4399,154.78,154.78,18137
2014-07-15 10:30:00,154.77,154.9,154.5,154.74,22198
2014-07-15 10:45:00,154.66,154.85,154.39,154.53,38050
2014-07-15 11:00:00,154.47,154.55,153.9605,154.44,17292
2014-07-15 11:15:00,154.49,154.59,154.2,154.35,10182
2014-07-15 11:30:00,154.37,154.6,154.31,154.51,10796
2014-07-15 11:45:00,154.54,154.54,154.28,154.31,5402
2014-07-15 12:00:00,154.28,154.4,154.01,154.09,7300
2014-07-15 12:15:00,154.01,154.23,153.8201,154.02,6560
2014-07-15 12:30:00,153.98,154.21,153.87,154.21,6405
2014-07-15 12:45:00,154.07,154.22,153.97,154.1746,5749
2014-07-15 13:00:00,154.15,154.26,153.98,153.98,9178
2014-07-15 13:15:00,154.01,154.17,153.91,154.17,11416
2014-07-15 13:30:00,154.24,154.32,154.04,154.1,5100
2014-07-15 13:45:00,154.18,154.3,154.08,154.2,5656
2014-07-15 14:00:00,154.19,154.22,153.9825,154.13,5500
2014-07-15 14:15:00,154.11,154.14,153.95,154.11,14851
2014-07-15 14:30:00,154.18,154.31,154.1,154.27,6800
2014-07-15 14:45:00,154.27,154.28,154.1,154.16,7760
2014-07-15 15:00:00,154.11,154.28,154.11,154.22,8900
2014-07-15 15:15:00,154.26,154.32,154.09,154.13,8550
2014-07-15 15:30:00,154.15,154.41,154.07,154.41,17508
2014-07-15 15:45:00,154.41,154.49,154.24,154.38,25976
2014-07-15 16:00:00,154.35,154.44,154.21,154.27700000000002,35318
2014-07-16 09:45:00,154.51,154.85,153.59,153.72,21028
2014-07-16 10:00:00,153.72,154.28,153.44,153.98,21204
2014-07-16 10:15:00,153.97,154.22,153.8,153.94,22619
2014-07-16 10:30:00,153.89,153.905,153.35,153.62,18707
2014-07-16 10:45:00,153.62,154.0,153.47,153.92,14725
2014-07-16 11:00:00,153.92,154.01,153.45,153.45,11962
2014-07-16 11:15:00,153.52,153.8,153.48,153.655,18698
2014-07-16 11:30:00,153.7,153.75,153.44,153.47,9147
2014-07-16 11:45:00,153.46,153.68,153.12,153.1563,20762
2014-07-16 12:00:00,153.185,153.56,153.185,153.32,7836
2014-07-16 12:15:00,153.355,153.45,153.16,153.42,10808
2014-07-16 12:30:00,153.4901,153.51,153.23,153.28,14584
2014-07-16 12:45:00,153.3,153.38,153.27,153.38,9300
2014-07-16 13:00:00,153.36,153.54,153.29,153.45,15214
2014-07-16 13:15:00,153.41,153.61,153.3,153.61,9977
2014-07-16 13:30:00,153.6513,153.93,153.61,153.93,7459
2014-07-16 13:45:00,153.97,154.24,153.97,154.12,11296
2014-07-16 14:00:00,154.12,154.15,153.98,154.0,14937
2014-07-16 14:15:00,154.0137,154.16,153.97,154.16,14287
2014-07-16 14:30:00,154.16,154.16,153.985,154.05,19230
2014-07-16 14:45:00,154.02,154.08,153.91,154.04,14904
2014-07-16 15:00:00,154.015,154.04,153.85,153.97,21426
2014-07-16 15:15:00,154.02,154.02,153.86,153.99,11100
2014-07-16 15:30:00,154.0,154.19,153.94,154.19,13800
2014-07-16 15:45:00,154.2,154.2,154.03,154.09,18344
2014-07-16 16:00:00,154.07,154.14,153.89,153.92,37299
2014-07-17 09:45:00,153.06,153.63,152.74,153.17,13118
2014-07-17 10:00:00,153.16,153.95,153.05,153.8,11520
2014-07-17 10:15:00,153.89,153.99,153.64,153.99,55084
2014-07-17 10:30:00,154.0,154.36,153.9,154.315,23775
2014-07-17 10:45:00,154.4,154.64,154.15,154.16,12792
2014-07-17 11:00:00,154.15,154.26,153.94,153.94,13530
2014-07-17 11:15:00,153.94,153.95,153.5,153.545,28827
2014-07-17 11:30:00,153.47,153.6,153.11,153.185,13277
2014-07-17 11:45:00,153.02,153.18,152.82,152.964,10096
2014-07-17 12:00:00,152.94,153.39,152.9,153.24,11000
2014-07-17 12:15:00,153.2215,153.2215,152.859,153.22,8944
2014-07-17 12:30:00,153.22,153.22,152.99,153.13,7800
2014-07-17 12:45:00,153.13,153.4653,153.09,153.26,5000
2014-07-17 13:00:00,153.28,153.28,153.07,153.2,7789
2014-07-17 13:15:00,153.2001,153.44,153.2001,153.37,8716
2014-07-17 13:30:00,153.4,153.43,153.16,153.24,5860
2014-07-17 13:45:00,153.27,153.32,152.72,152.84,13985
2014-07-17 14:00:00,152.81,152.98,152.75,152.81,17320
2014-07-17 14:15:00,152.84,152.84,152.49,152.63,17274
2014-07-17 14:30:00,152.57,152.68,152.39,152.48,16572
2014-07-17 14:45:00,152.46,152.6699,152.4,152.63,17583
2014-07-17 15:00:00,152.63,152.68,152.43,152.62,16951
2014-07-17 15:15:00,152.54,152.64,152.245,152.3,17791
2014-07-17 15:30:00,152.31,152.33,151.9,152.28,23970
2014-07-17 15:45:00,152.23,152.31,152.04,152.04,24192
2014-07-17 16:00:00,152.1,152.3,151.888,152.07,45452
2014-07-18 09:45:00,151.68,151.68,150.43,150.495,104758
2014-07-18 10:00:00,150.5,151.07,150.4958,150.87,34499
2014-07-18 10:15:00,150.78,151.0799,150.73,150.865,30162
2014-07-18 10:30:00,150.87,150.94,150.6,150.92,12955
2014-07-18 10:45:00,150.92,151.18,150.81,151.15,22125
2014-07-18 11:00:00,151.1,151.57,150.97,151.5172,21101
2014-07-18 11:15:00,151.57,151.68,151.51,151.66,20724
2014-07-18 11:30:00,151.67,151.84,151.66,151.84,19903
2014-07-18 11:45:00,151.9337,152.56,151.89,152.53,12070
2014-07-18 12:00:00,152.56,152.695,152.47,152.57,10501
2014-07-18 12:15:00,152.4908,152.73,152.4908,152.71,6920
2014-07-18 12:30:00,152.72,152.8,152.61,152.73,9222
2014-07-18 12:45:00,152.7,152.7,152.35,152.37,18700
2014-07-18 13:00:00,152.39,152.51,152.29,152.29,7323
2014-07-18 13:15:00,152.29,152.3,152.1,152.16,6900
2014-07-18 13:30:00,152.16,152.5,152.12,152.34,8941
2014-07-18 13:45:00,152.33,152.61,152.32,152.54,9887
2014-07-18 14:00:00,152.54,152.57,152.37,152.57,10045
2014-07-18 14:15:00,152.54,152.55,152.26,152.39,9200
2014-07-18 14:30:00,152.4,152.53,152.32,152.43,13862
2014-07-18 14:45:00,152.37,152.44,152.25,152.41,10520
2014-07-18 15:00:00,152.42,152.54,152.32,152.43,11830
2014-07-18 15:15:00,152.43,152.74,152.39,152.63,18282
2014-07-18 15:30:00,152.63,152.78,152.54,152.78,44393
2014-07-18 15:45:00,152.74,152.85,152.62,152.75,38661
2014-07-18 16:00:00,152.74,152.94,152.62,152.78,66283
2014-07-21 09:45:00,151.81,152.75,151.68,152.35,33703
2014-07-21 10:00:00,152.4027,152.85,152.16,152.4461,39999
2014-07-21 10:15:00,152.45,152.87,152.26,152.57,15312
2014-07-21 10:30:00,152.6,152.7599,152.46,152.57,15692
2014-07-21 10:45:00,152.67,152.84,152.57,152.68,20730
2014-07-21 11:00:00,152.67,152.79,152.47,152.53,12241
2014-07-21 11:15:00,152.5,152.62,152.46,152.5685,32285
2014-07-21 11:30:00,152.53,152.74,152.53,152.695,12428
2014-07-21 11:45:00,152.68,152.79,152.64,152.7,37041
2014-07-21 12:00:00,152.7,152.74,152.52,152.62,28518
2014-07-21 12:15:00,152.68,152.68,151.82,151.94,40368
2014-07-21 12:30:00,151.96,151.96,151.51,151.52,16922
2014-07-21 12:45:00,151.51,151.65,151.46,151.62,18828
2014-07-21 13:00:00,151.62,151.71,151.53,151.55,14400
2014-07-21 13:15:00,151.5,151.58,151.32,151.32,9821
2014-07-21 13:30:00,151.31,151.31,151.05,151.25,17039
2014-07-21 13:45:00,151.25,151.33,150.94,150.94,27268
2014-07-21 14:00:00,150.93,150.96,150.775,150.8,15489
2014-07-21 14:15:00,150.815,150.9,150.68,150.68,19031
2014-07-21 14:30:00,150.67,150.67,150.19,150.28,27269
2014-07-21 14:45:00,150.26,150.37,150.24,150.27,12241
2014-07-21 15:00:00,150.28,150.69,150.28,150.67,20024
2014-07-21 15:15:00,150.672,150.69,150.48,150.61,28399
2014-07-21 15:30:00,150.59,150.745,150.4,150.71,18816
2014-07-21 15:45:00,150.72,150.78,150.42,150.44,37255
2014-07-21 16:00:00,150.48,150.53,150.17,150.2,127806
2014-07-22 09:45:00,149.97,150.7,146.6,147.61,268772
2014-07-22 10:00:00,147.61,149.0,145.861,146.27,138494
2014-07-22 10:15:00,146.3,147.12,146.2,146.5,62227
2014-07-22 10:30:00,146.58,146.745,146.37,146.715,52191
2014-07-22 10:45:00,146.75,146.82,146.07,146.535,51289
2014-07-22 11:00:00,146.64,146.75,146.45,146.48,22207
2014-07-22 11:15:00,146.47,146.6,146.3,146.44,31326
2014-07-22 11:30:00,146.45,146.68,146.38,146.39,35701
2014-07-22 11:45:00,146.39,146.46,146.09,146.12,54630
2014-07-22 12:00:00,146.17,146.25,146.02,146.225,27238
2014-07-22 12:15:00,146.225,146.29,146.04,146.15,40236
2014-07-22 12:30:00,146.195,146.195,146.0,146.01,37642
2014-07-22 12:45:00,146.07,146.545,146.07,146.429,25707
2014-07-22 13:00:00,146.44,146.9099,146.41,146.5431,33796
2014-07-22 13:15:00,146.66,146.9,146.58,146.75,28479
2014-07-22 13:30:00,146.75,147.06,146.7,146.96,33972
2014-07-22 13:45:00,146.95,146.98,146.79,146.96,47149
2014-07-22 14:00:00,146.96,147.11,146.91,147.11,25118
2014-07-22 14:15:00,147.11,147.2,146.85,146.98,34390
2014-07-22 14:30:00,146.98,147.09,146.94,147.09,28490
2014-07-22 14:45:00,147.07,147.08,146.7,146.7,35894
2014-07-22 15:00:00,146.7,146.72,146.465,146.49,32317
2014-07-22 15:15:00,146.48,146.6,146.2704,146.515,41829
2014-07-22 15:30:00,146.52,146.66,146.29,146.31,46184
2014-07-22 15:45:00,146.32,146.37,145.98,146.18,72137
2014-07-22 16:00:00,146.18,146.33,145.78,145.88,136483
2014-07-23 09:45:00,145.95,146.47,145.51,146.3,34525
2014-07-23 10:00:00,146.22,146.5,145.975,146.19,33160
2014-07-23 10:15:00,146.19,146.65,146.18,146.54,46137
2014-07-23 10:30:00,146.595,146.8,146.57,146.8,25998
2014-07-23 10:45:00,146.79,147.01,146.78,146.82,23944
2014-07-23 11:00:00,146.86,146.86,146.4,146.78,30638
2014-07-23 11:15:00,146.75,146.89,146.6,146.66,26432
2014-07-23 11:30:00,146.67,146.69,146.5,146.63,18764
2014-07-23 11:45:00,146.68,146.73,146.48,146.48,31413
2014-07-23 12:00:00,146.47,146.47,145.9,146.01,31589
2014-07-23 12:15:00,146.02,146.07,145.81,146.025,28462
2014-07-23 12:30:00,146.02,146.22,145.99,146.04,44329
2014-07-23 12:45:00,146.04,146.29,146.03,146.25,8639
2014-07-23 13:00:00,146.25,146.29,146.03,146.05,10300
2014-07-23 13:15:00,146.09,146.26,146.04,146.165,14430
2014-07-23 13:30:00,146.18,146.27,146.07,146.07,11733
2014-07-23 13:45:00,146.12,146.2,146.06,146.16,11625
2014-07-23 14:00:00,146.16,146.21,145.97,146.0,17245
2014-07-23 14:15:00,146.01,146.09,146.0,146.0725,35162
2014-07-23 14:30:00,146.07,146.11,145.88,145.91,18662
2014-07-23 14:45:00,145.88,145.97,145.78,145.78,44052
2014-07-23 15:00:00,145.78,146.45,145.745,146.45,34573
2014-07-23 15:15:00,146.46,146.72,146.42,146.53,30572
2014-07-23 15:30:00,146.54,146.775,146.46,146.71,40056
2014-07-23 15:45:00,146.7499,147.01,146.72,146.959,66557
2014-07-23 16:00:00,146.95,146.955,146.56,146.61,97074
2014-07-24 09:45:00,153.27,154.0,150.24,151.1,207838
2014-07-24 10:00:00,151.1,152.64,151.03,152.27,83498
2014-07-24 10:15:00,152.18,153.29,151.65,152.95,109076
2014-07-24 10:30:00,152.97,153.49,152.4,153.23,89993
2014-07-24 10:45:00,153.28,153.705,153.23,153.47,39696
2014-07-24 11:00:00,153.45,153.59,153.02,153.41,44545
2014-07-24 11:15:00,153.47,153.52,150.96,152.21,127026
2014-07-24 11:30:00,151.96,153.1625,151.96,153.09,43241
2014-07-24 11:45:00,153.07,153.16,152.33,152.44,47575
2014-07-24 12:00:00,152.44,152.56,152.11,152.41,36939
2014-07-24 12:15:00,152.27,152.65,152.15,152.37,18774
2014-07-24 12:30:00,152.45,152.5679,152.24,152.44,44426
2014-07-24 12:45:00,152.44,152.44,151.66,151.89,34975
2014-07-24 13:00:00,151.91,152.39,151.91,152.39,19285
2014-07-24 13:15:00,152.37,152.37,152.0,152.3,16758
2014-07-24 13:30:00,152.25,152.6,152.23,152.49,14517
2014-07-24 13:45:00,152.49,152.6,152.3386,152.55,13230
2014-07-24 14:00:00,152.48,152.7,152.48,152.55,16457
2014-07-24 14:15:00,152.565,152.565,152.03,152.2,30763
2014-07-24 14:30:00,152.21,152.23,152.0,152.164,115475
2014-07-24 14:45:00,152.17,152.19,152.0,152.05,14150
2014-07-24 15:00:00,152.06,152.15,151.96,152.15,31233
2014-07-24 15:15:00,152.07,152.14,151.91,152.14,43151
2014-07-24 15:30:00,152.14,152.165,151.91,151.92,21298
2014-07-24 15:45:00,151.92,152.11,151.84,151.84,54175
2014-07-24 16:00:00,151.91,152.11,151.71,151.75,136228
2014-07-25 09:45:00,151.17,152.38,151.17,151.92,25714
2014-07-25 10:00:00,151.91,152.18,151.55,151.93,21256
2014-07-25 10:15:00,151.93,152.14,151.85,151.92,25337
2014-07-25 10:30:00,151.92,152.16,151.9,152.0,29973
2014-07-25 10:45:00,152.02,152.12,151.98,152.12,42857
2014-07-25 11:00:00,152.09,152.16,151.93,152.05,35625
2014-07-25 11:15:00,152.015,152.1,151.88,152.06,36513
2014-07-25 11:30:00,152.06,152.12,151.75,151.93,30588
2014-07-25 11:45:00,151.94,152.2,151.89,152.145,32239
2014-07-25 12:00:00,152.16,152.26,152.07,152.22,19641
2014-07-25 12:15:00,152.24,152.49,152.23,152.42,24246
2014-07-25 12:30:00,152.42,152.43,152.23,152.36,20324
2014-07-25 12:45:00,152.33,152.43,152.32,152.4,17661
2014-07-25 13:00:00,152.4,152.46,152.29,152.34,17930
2014-07-25 13:15:00,152.34,152.35,152.17,152.2,45731
2014-07-25 13:30:00,152.17,152.19,152.05,152.18,14916
2014-07-25 13:45:00,152.21,152.21,151.97,152.08,19649
2014-07-25 14:00:00,152.05,152.05,151.64,151.67,22300
2014-07-25 14:15:00,151.66,151.73,151.61,151.72,15976
2014-07-25 14:30:00,151.74,152.01,151.74,152.0,21708
2014-07-25 14:45:00,152.01,152.23,152.01,152.23,32056
2014-07-25 15:00:00,152.24,152.31,152.13,152.27,18490
2014-07-25 15:15:00,152.28,152.31,151.79,151.79,26153
2014-07-25 15:30:00,151.79,151.85,151.66,151.7,31220
2014-07-25 15:45:00,151.71,151.86,151.66,151.71,44384
2014-07-25 16:00:00,151.71,151.78,151.56,151.75,85148
2014-07-28 09:45:00,151.72,151.88,151.45,151.46,13684
2014-07-28 10:00:00,151.36,151.81,151.21,151.49,6496
2014-07-28 10:15:00,151.407,151.65,151.27,151.32,14772
2014-07-28 10:30:00,151.2944,151.5175,151.06,151.39,10886
2014-07-28 10:45:00,151.39,152.09,151.21,152.04,23029
2014-07-28 11:00:00,152.045,152.08,151.795,151.83,10858
2014-07-28 11:15:00,151.78,152.08,151.78,152.005,7300
2014-07-28 11:30:00,152.0,152.19,151.84,152.095,14110
2014-07-28 11:45:00,152.12,152.18,152.04,152.04,7007
2014-07-28 12:00:00,152.03,152.16,151.89,152.0,11918
2014-07-28 12:15:00,151.935,152.05,151.82,151.87,11748
2014-07-28 12:30:00,151.87,151.95,151.8,151.88,4200
2014-07-28 12:45:00,151.87,151.98,151.8261,151.97,3800
2014-07-28 13:00:00,152.01,152.0387,151.79,151.91,12775
2014-07-28 13:15:00,151.81,151.9,151.75,151.88,7646
2014-07-28 13:30:00,151.95,152.04,151.87,151.9,5000
2014-07-28 13:45:00,151.88,152.1,151.88,152.0,13021
2014-07-28 14:00:00,152.0,152.02,151.77,151.77,8101
2014-07-28 14:15:00,151.86,152.26,151.86,152.12,20272
2014-07-28 14:30:00,152.08,152.14,152.04,152.11,11071
2014-07-28 14:45:00,152.08,152.08,151.75,151.75,8047
2014-07-28 15:00:00,151.7501,151.86,151.64,151.64,10664
2014-07-28 15:15:00,151.65,151.76,151.59,151.76,10741
2014-07-28 15:30:00,151.76,151.93,151.71,151.88,10529
2014-07-28 15:45:00,151.88,152.01,151.81,151.81,16098
2014-07-28 16:00:00,151.84,151.84,151.55,151.58,29561
2014-07-29 09:45:00,152.17,152.17,150.92,151.262,18954
2014-07-29 10:00:00,151.2175,151.54,151.2175,151.47,17503
2014-07-29 10:15:00,151.47,151.66,151.13,151.505,14258
2014-07-29 10:30:00,151.55,151.55,151.08,151.28,36252
2014-07-29 10:45:00,151.28,151.29,150.93,151.07,11987
2014-07-29 11:00:00,151.08,151.08,150.65,150.78,13601
2014-07-29 11:15:00,150.79,150.79,150.21,150.375,17779
2014-07-29 11:30:00,150.42,150.53,150.335,150.36,18901
2014-07-29 11:45:00,150.28,150.4643,150.22,150.43,18277
2014-07-29 12:00:00,150.42,150.635,150.34,150.47,16103
2014-07-29 12:15:00,150.47,150.7199,150.42,150.65,9721
2014-07-29 12:30:00,150.71,150.89,150.54,150.79,9495
2014-07-29 12:45:00,150.76,150.94,150.76,150.93,6231
2014-07-29 13:00:00,150.95,151.04,150.78,150.97,15836
2014-07-29 13:15:00,150.91,151.01,150.85,150.93,10501
2014-07-29 13:30:00,150.93,151.18,150.85,151.03,9313
2014-07-29 13:45:00,151.05,151.23,151.05,151.11,17934
2014-07-29 14:00:00,151.13,151.2,150.85,150.85,9626
2014-07-29 14:15:00,150.85,150.96,150.69,150.79,15329
2014-07-29 14:30:00,150.83,150.89,150.6,150.69,36788
2014-07-29 14:45:00,150.73,150.75,150.53,150.65,24277
2014-07-29 15:00:00,150.66,150.77,150.65,150.72,16215
2014-07-29 15:15:00,150.71,150.79,150.56,150.69,17575
2014-07-29 15:30:00,150.67,150.77,150.57,150.61,25086
2014-07-29 15:45:00,150.57,150.71,150.34,150.34,33196
2014-07-29 16:00:00,150.3,150.39,150.245,150.29,75465
2014-07-30 09:45:00,150.88,151.39,150.46,151.2,29513
2014-07-30 10:00:00,151.2,151.89,150.96,151.5,26032
2014-07-30 10:15:00,151.46,151.59,151.2,151.52,12815
2014-07-30 10:30:00,151.49,152.0,151.39,151.92,16244
2014-07-30 10:45:00,151.9,151.91,151.44,151.44,12028
2014-07-30 11:00:00,151.26,151.86,151.22,151.69,16599
2014-07-30 11:15:00,151.69,151.76,151.33,151.5,17095
2014-07-30 11:30:00,151.57,151.85,151.55,151.75,10590
2014-07-30 11:45:00,151.72,151.91,151.66,151.7,9250
2014-07-30 12:00:00,151.69,151.78,151.3,151.3,23210
2014-07-30 12:15:00,151.32,151.38,151.045,151.29,10674
2014-07-30 12:30:00,151.24,151.5,151.16,151.48,8382
2014-07-30 12:45:00,151.47,151.68,151.36,151.64,7937
2014-07-30 13:00:00,151.6,151.77,151.55,151.71,6212
2014-07-30 13:15:00,151.71,151.73,151.44,151.58,9464
2014-07-30 13:30:00,151.56,151.6,151.4,151.47,6000
2014-07-30 13:45:00,151.44,151.67,151.4,151.63,7500
2014-07-30 14:00:00,151.6,151.78,151.53,151.68,7262
2014-07-30 14:15:00,151.66,152.32,151.55,152.29,25349
2014-07-30 14:30:00,152.32,152.46,152.12,152.26,13344
2014-07-30 14:45:00,152.23,152.3,151.96,152.21,15600
2014-07-30 15:00:00,152.24,152.3,151.94,152.23,24541
2014-07-30 15:15:00,152.23,152.24,151.97,152.08,23535
2014-07-30 15:30:00,152.11,152.26,152.04,152.22,20542
2014-07-30 15:45:00,152.22,152.38,152.165,152.38,21199
2014-07-30 16:00:00,152.41,152.57,152.28,152.45,86141
2014-07-31 09:45:00,151.22,152.22,151.16,152.16,17766
2014-07-31 10:00:00,152.03,152.39,151.48,151.535,29075
2014-07-31 10:15:00,151.53,152.03,151.45,151.78,14621
2014-07-31 10:30:00,151.75,151.98,151.45,151.55,11630
2014-07-31 10:45:00,151.55,151.62,151.13,151.6,11262
2014-07-31 11:00:00,151.54,151.7,151.23,151.27,30976
2014-07-31 11:15:00,151.24,151.48,150.92,151.06,59465
2014-07-31 11:30:00,151.06,151.06,150.61,150.62,57524
2014-07-31 11:45:00,150.61,150.73,150.36,150.52,20224
2014-07-31 12:00:00,150.51,150.68,150.21,150.25,16080
2014-07-31 12:15:00,150.27,150.38,150.06,150.11,15493
2014-07-31 12:30:00,150.17,150.235,150.0,150.12,15137
2014-07-31 12:45:00,150.01,150.2,149.89,150.08,14719
2014-07-31 13:00:00,150.07,150.2,149.95,150.09,27459
2014-07-31 13:15:00,150.14,150.14,149.93,150.055,34587
2014-07-31 13:30:00,150.08,150.17,149.94,150.12,14076
2014-07-31 13:45:00,150.14,150.19,149.88,149.95,144135
2014-07-31 14:00:00,149.89,150.21,149.79,150.18,50899
2014-07-31 14:15:00,150.1775,150.27,150.03,150.03,22425
2014-07-31 14:30:00,150.05,150.11,149.89,150.0,35734
2014-07-31 14:45:00,150.0,150.025,149.78,149.98,23225
2014-07-31 15:00:00,149.95,150.15,149.85,150.0,41235
2014-07-31 15:15:00,150.06,150.3,150.06,150.06,23604
2014-07-31 15:30:00,150.06,150.15,150.0,150.11,42285
2014-07-31 15:45:00,150.11,150.21,150.0,150.0,41002
2014-07-31 16:00:00,150.0,150.18,149.95,150.04,81989
2014-08-01 09:45:00,150.18,151.67,150.18,151.54,49083
2014-08-01 10:00:00,151.54,152.08,151.39,151.63,39910
2014-08-01 10:15:00,151.51,151.61,150.6,150.62,12933
2014-08-01 10:30:00,150.67,150.71,150.27,150.44,12182
2014-08-01 10:45:00,150.51,150.59,150.21,150.44,9601
2014-08-01 11:00:00,150.43,150.43,150.06,150.17,10233
2014-08-01 11:15:00,150.16,150.29,150.05,150.19,15167
2014-08-01 11:30:00,150.16,150.25,150.05,150.24,12160
2014-08-01 11:45:00,150.18,150.28,150.05,150.05,13295
2014-08-01 12:00:00,150.06,150.1,150.0,150.02,50577
2014-08-01 12:15:00,150.05,150.1,149.99,150.06,51918
2014-08-01 12:30:00,150.06,150.28,150.0,150.0,10957
2014-08-01 12:45:00,150.01,150.08,149.87,150.0,17157
2014-08-01 13:00:00,150.0,150.28,149.82,150.09,17550
2014-08-01 13:15:00,150.09,150.15,149.96,150.04,10461
2014-08-01 13:30:00,150.03,150.45,149.94,150.435,11537
2014-08-01 13:45:00,150.48,150.73,150.36,150.69,9377
2014-08-01 14:00:00,150.62,150.78,150.57,150.72,7904
2014-08-01 14:15:00,150.68,150.84,150.59,150.78,9378
2014-08-01 14:30:00,150.74,150.82,150.49,150.49,8948
2014-08-01 14:45:00,150.52,150.71,150.46,150.62,9213
2014-08-01 15:00:00,150.58,150.6,150.41,150.51,32397
2014-08-01 15:15:00,150.46,150.62,150.32,150.32,13326
2014-08-01 15:30:00,150.36,150.46,150.14,150.14,19221
2014-08-01 15:45:00,150.15,150.19,150.0,150.09,16572
2014-08-01 16:00:00,150.09,150.25,150.02,150.11,40696
2014-08-04 09:45:00,150.02,150.82,149.84,150.7,19412
2014-08-04 10:00:00,150.83,151.7,150.79,151.35,25809
2014-08-04 10:15:00,151.29,151.47,150.8,150.93,32433
2014-08-04 10:30:00,150.87,151.0675,150.53,150.93,14546
2014-08-04 10:45:00,150.88,150.9675,150.68,150.85,26736
2014-08-04 11:00:00,150.83,150.95,150.5,150.54,28263
2014-08-04 11:15:00,150.49,150.54,150.18,150.325,21817
2014-08-04 11:30:00,150.26,150.62,150.13,150.62,22257
2014-08-04 11:45:00,150.53,150.53,150.3,150.39,18418
2014-08-04 12:00:00,150.31,150.47,150.25,150.36,15698
2014-08-04 12:15:00,150.4,150.51,150.35,150.4975,14306
2014-08-04 12:30:00,150.46,150.74,150.38,150.62,49481
2014-08-04 12:45:00,150.61,150.63,150.47,150.535,11677
2014-08-04 13:00:00,150.55,150.55,150.38,150.405,13217
2014-08-04 13:15:00,150.4,150.4675,150.24,150.24,31147
2014-08-04 13:30:00,150.23,150.41,150.19,150.35,15220
2014-08-04 13:45:00,150.36,150.43,150.238,150.37,18813
2014-08-04 14:00:00,150.4099,150.56,150.3,150.505,7013
2014-08-04 14:15:00,150.5,150.58,150.455,150.515,11802
2014-08-04 14:30:00,150.555,150.66,150.51,150.635,12616
2014-08-04 14:45:00,150.7,150.9,150.66,150.9,10169
2014-08-04 15:00:00,150.86,151.0,150.82,150.91,14790
2014-08-04 15:15:00,150.93,151.08,150.93,151.04,13990
2014-08-04 15:30:00,151.03,151.18,151.0,151.16,24635
2014-08-04 15:45:00,151.16,151.34,151.1,151.27,19140
2014-08-04 16:00:00,151.24,151.35,150.77,150.78,86743
2014-08-05 09:45:00,150.33,150.81,149.59,150.54,69753
2014-08-05 10:00:00,150.7175,150.7175,150.16,150.5875,13516
2014-08-05 10:15:00,150.61,150.7475,150.28,150.455,26889
2014-08-05 10:30:00,150.36,150.9375,150.27,150.78,22823
2014-08-05 10:45:00,150.815,151.3,150.81,151.04,32316
2014-08-05 11:00:00,151.02,151.1599,150.77,150.9,22150
2014-08-05 11:15:00,150.9,151.18,150.68,151.16,25064
2014-08-05 11:30:00,151.14,151.21,150.9,150.94,19874
2014-08-05 11:45:00,150.96,151.075,150.88,151.03,19341
2014-08-05 12:00:00,151.0,151.23,150.88,150.99,35988
2014-08-05 12:15:00,150.97,151.1,150.85,150.86,11901
2014-08-05 12:30:00,150.86,150.96,150.82,150.94,16539
2014-08-05 12:45:00,150.905,151.185,150.79,150.83,32286
2014-08-05 13:00:00,150.81,150.9392,150.735,150.87,14715
2014-08-05 13:15:00,150.89,150.9,150.61,150.61,8711
2014-08-05 13:30:00,150.57,150.75,150.57,150.73,10618
2014-08-05 13:45:00,150.7,150.7,149.83,149.94,23323
2014-08-05 14:00:00,149.915,150.1475,149.91,149.98,24689
2014-08-05 14:15:00,149.97,150.14,149.85,150.14,51624
2014-08-05 14:30:00,150.17,150.25,149.93,150.18,16190
2014-08-05 14:45:00,150.125,150.42,150.125,150.36,17345
2014-08-05 15:00:00,150.37,150.5,150.27,150.33100000000002,11741
2014-08-05 15:15:00,150.25,150.38,150.02,150.18,22055
2014-08-05 15:30:00,150.15,150.32,150.07,150.11,20169
2014-08-05 15:45:00,150.06,150.47,150.06,150.28,26553
2014-08-05 16:00:00,150.28,150.36,150.02,150.02,134763
2014-08-06 09:45:00,149.76,150.97,149.68,150.4,24301
2014-08-06 10:00:00,150.55,150.55,150.0,150.0,9802
2014-08-06 10:15:00,150.2,150.5,150.185,150.25,9603
2014-08-06 10:30:00,150.31,150.47,150.06,150.385,38821
2014-08-06 10:45:00,150.42,150.5,150.14,150.26,20799
2014-08-06 11:00:00,150.255,150.48,150.06,150.48,20905
2014-08-06 11:15:00,150.43,150.475,150.29,150.37,29300
2014-08-06 11:30:00,150.37,150.39,150.13,150.2,36419
2014-08-06 11:45:00,150.2475,150.7,150.2475,150.49,13299
2014-08-06 12:00:00,150.61,150.72,150.43,150.57,10280
2014-08-06 12:15:00,150.65,150.75,150.5,150.628,7814
2014-08-06 12:30:00,150.65,150.67,150.34,150.35,11646
2014-08-06 12:45:00,150.43,150.58,150.38,150.57,15218
2014-08-06 13:00:00,150.57,150.73,150.46,150.51,22877
2014-08-06 13:15:00,150.41,150.5,150.26,150.34,6753
2014-08-06 13:30:00,150.38,150.57,150.34,150.47,8400
2014-08-06 13:45:00,150.3445,150.55,150.305,150.51,10159
2014-08-06 14:00:00,150.47,150.47,150.16,150.295,20612
2014-08-06 14:15:00,150.3,150.52,150.245,150.33,14049
2014-08-06 14:30:00,150.3875,150.47,150.23,150.4575,16704
2014-08-06 14:45:00,150.405,150.51,150.22,150.49,11300
2014-08-06 15:00:00,150.44,150.4675,150.31,150.37,12813
2014-08-06 15:15:00,150.33,150.44,150.205,150.25,18269
2014-08-06 15:30:00,150.27,150.41,150.26,150.32,18002
2014-08-06 15:45:00,150.28,150.37,150.15,150.33,27319
2014-08-06 16:00:00,150.28,150.3,150.02,150.08,72820
2014-08-07 09:45:00,150.96,151.05,150.0,150.79,17074
2014-08-07 10:00:00,150.79,150.87,150.34,150.36,8562
2014-08-07 10:15:00,150.47,150.74,150.28,150.37,13058
2014-08-07 10:30:00,150.325,150.46,150.0,150.13,11915
2014-08-07 10:45:00,150.1,150.23,150.0,150.07,9230
2014-08-07 11:00:00,150.04,150.1,149.32,149.58,26027
2014-08-07 11:15:00,149.58,149.59,149.3,149.41,16725
2014-08-07 11:30:00,149.41,149.97,149.41,149.88,5742
2014-08-07 11:45:00,149.89,149.99,149.627,149.69,5150
2014-08-07 12:00:00,149.63,149.74,149.43,149.7,6387
2014-08-07 12:15:00,149.61,149.97,149.53,149.77,25336
2014-08-07 12:30:00,149.7,149.77,149.41,149.51,6749
2014-08-07 12:45:00,149.5,149.54,149.2425,149.29,6741
2014-08-07 13:00:00,149.39,149.4,149.1,149.1,7784
2014-08-07 13:15:00,149.25,149.46,149.17,149.44,4250
2014-08-07 13:30:00,149.44,149.6,149.27,149.5,6646
2014-08-07 13:45:00,149.58,149.89,149.48,149.81,7932
2014-08-07 14:00:00,149.82,149.82,149.39,149.57,6850
2014-08-07 14:15:00,149.57,149.59,149.32,149.5,9538
2014-08-07 14:30:00,149.4,149.42,149.1191,149.19,8300
2014-08-07 14:45:00,149.16,149.28,149.05,149.25,6500
2014-08-07 15:00:00,149.21,149.39,149.11,149.12,8090
2014-08-07 15:15:00,149.14,149.35,148.95,149.0,10056
2014-08-07 15:30:00,148.97,149.04,148.79,148.99,13352
2014-08-07 15:45:00,148.94,149.08,148.84,148.885,15969
2014-08-07 16:00:00,148.89,149.03,148.74,148.9,41513
2014-08-08 09:45:00,149.54,150.0,149.37,149.62,25337
2014-08-08 10:00:00,149.7,150.1,149.66,149.9,7927
2014-08-08 10:15:00,149.88,150.13,149.79,149.88,16472
2014-08-08 10:30:00,149.88,150.16,149.81,149.81,9826
2014-08-08 10:45:00,149.85,150.29,149.81,150.15,4770
2014-08-08 11:00:00,150.14,150.29,149.99,150.02,40740
2014-08-08 11:15:00,150.06,150.26,150.06,150.17,4400
2014-08-08 11:30:00,150.16,150.5,150.135,150.49,6200
2014-08-08 11:45:00,150.5,150.565,150.39,150.49,11596
2014-08-08 12:00:00,150.48,150.82,150.42,150.76,8576
2014-08-08 12:15:00,150.735,150.94,150.735,150.78,11700
2014-08-08 12:30:00,150.84,150.96,150.69,150.74,8100
2014-08-08 12:45:00,150.74,150.83,150.61,150.68,8597
2014-08-08 13:00:00,150.71,150.89,150.71,150.89,18858
2014-08-08 13:15:00,150.89,151.26,150.85,151.22,27942
2014-08-08 13:30:00,151.22,151.95,151.22,151.88,12889
2014-08-08 13:45:00,151.89,151.89,151.4701,151.66,11735
2014-08-08 14:00:00,151.72,151.76,151.5,151.72,18454
2014-08-08 14:15:00,151.66,151.9,151.65,151.77,7800
2014-08-08 14:30:00,151.75,151.97,151.71,151.95,10795
2014-08-08 14:45:00,151.98,152.18,151.92,152.02,19049
2014-08-08 15:00:00,152.01,152.2003,152.01,152.05,10157
2014-08-08 15:15:00,152.05,152.18,152.0255,152.07,11655
2014-08-08 15:30:00,152.07,152.41,152.06,152.41,21604
2014-08-08 15:45:00,152.435,152.46,152.33,152.43,18653
2014-08-08 16:00:00,152.46,152.72,152.4,152.65,111463
2014-08-11 09:45:00,152.73,153.08,152.5,153.07,29707
2014-08-11 10:00:00,153.1,153.555,152.96,153.49,10158
2014-08-11 10:15:00,153.41,153.58,153.09,153.11,24657
2014-08-11 10:30:00,153.08,153.19,152.99,153.07,17500
2014-08-11 10:45:00,153.07,153.27,153.02,153.1,5676
2014-08-11 11:00:00,153.17,153.25,153.01,153.08,8850
2014-08-11 11:15:00,153.05,153.21,153.03,153.06,12240
2014-08-11 11:30:00,153.11,153.2768,153.1,153.25,13393
2014-08-11 11:45:00,153.24,153.28,153.12,153.2,11728
2014-08-11 12:00:00,153.21,153.28,152.95,153.0,43106
2014-08-11 12:15:00,153.01,153.06,152.93,152.99,19313
2014-08-11 12:30:00,153.02,153.14,152.955,152.9799,11028
2014-08-11 12:45:00,152.95,153.05,152.89,153.0,14399
2014-08-11 13:00:00,153.02,153.05,152.915,152.95,12450
2014-08-11 13:15:00,152.97,153.0,152.94,153.0,9220
2014-08-11 13:30:00,153.01,153.02,152.96,152.99,10690
2014-08-11 13:45:00,152.99,153.1,152.96,153.0,12664
2014-08-11 14:00:00,153.01,153.045,152.88,152.95,26935
2014-08-11 14:15:00,152.98,152.99,152.86,152.8791,11319
2014-08-11 14:30:00,152.93,153.07,152.83,152.9,9646
2014-08-11 14:45:00,152.91,152.91,152.65,152.91,14935
2014-08-11 15:00:00,152.91,153.07,152.88,153.06,17413
2014-08-11 15:15:00,153.0101,153.62,153.0,153.32,38652
2014-08-11 15:30:00,153.31,153.45,153.11,153.11,20678
2014-08-11 15:45:00,153.15,153.46,153.15,153.39,30082
2014-08-11 16:00:00,153.4,153.45,153.08,153.11,41887
2014-08-12 09:45:00,152.69,153.2,152.42,152.78,13679
2014-08-12 10:00:00,152.79,152.99,152.54,152.65,11259
2014-08-12 10:15:00,152.61,152.61,151.905,152.17,16970
2014-08-12 10:30:00,152.19,152.19,151.92,152.1,17933
2014-08-12 10:45:00,152.12,152.12,151.73,151.73,8611
2014-08-12 11:00:00,151.7,151.7,151.31,151.355,15462
2014-08-12 11:15:00,151.31,151.34,150.87,151.32,15986
2014-08-12 11:30:00,151.27,151.32,151.15,151.26,4214
2014-08-12 11:45:00,151.36,151.69,151.36,151.45,7282
2014-08-12 12:00:00,151.47,151.62,151.46,151.6,2880
2014-08-12 12:15:00,151.52,152.001,151.47,151.97,9300
2014-08-12 12:30:00,151.97,152.04,151.83,151.94,6200
2014-08-12 12:45:00,151.99,152.21,151.99,152.11,3400
2014-08-12 13:00:00,152.17,152.22,151.97,152.03,5113
2014-08-12 13:15:00,151.99,152.15,151.97,152.09,4055
2014-08-12 13:30:00,152.0564,152.08,151.86,151.86,7900
2014-08-12 13:45:00,151.84,151.84,151.64,151.6873,4812
2014-08-12 14:00:00,151.68,151.68,151.5601,151.5601,7893
2014-08-12 14:15:00,151.62,151.67,151.42,151.455,10919
2014-08-12 14:30:00,151.5,151.58,151.39,151.47,6696
2014-08-12 14:45:00,151.47,151.84,151.23,151.6,23175
2014-08-12 15:00:00,151.565,151.8,151.47,151.68,9763
2014-08-12 15:15:00,151.67,151.95,151.66,151.88,14018
2014-08-12 15:30:00,151.92,152.07,151.87,151.91,24707
2014-08-12 15:45:00,151.94,152.2,151.93,152.12,14756
2014-08-12 16:00:00,152.13,152.17,151.98,152.02,24594
2014-08-13 09:45:00,152.54,152.54,151.08,151.23,49661
2014-08-13 10:00:00,151.23,151.39,150.98,151.36,38855
2014-08-13 10:15:00,151.39,151.39,151.22,151.36,17333
2014-08-13 10:30:00,151.28,151.39,151.23,151.23,6791
2014-08-13 10:45:00,151.22,151.39,151.11,151.39,8998
2014-08-13 11:00:00,151.38,151.4,151.34,151.39,16018
2014-08-13 11:15:00,151.39,151.85,151.33,151.82,30299
2014-08-13 11:30:00,151.82,151.9243,151.62,151.91,5113
2014-08-13 11:45:00,151.94,151.99,151.8,151.87,7400
2014-08-13 12:00:00,151.87,151.87,151.64,151.64,4200
2014-08-13 12:15:00,151.62,151.62,151.14,151.18200000000002,8500
2014-08-13 12:30:00,151.1965,151.51,151.18,151.51,3941
2014-08-13 12:45:00,151.46,151.5382,151.38,151.48,4235
2014-08-13 13:00:00,151.54,151.68,151.52,151.57,6672
2014-08-13 13:15:00,151.58,151.59,151.47,151.525,3012
2014-08-13 13:30:00,151.53,151.59,151.41,151.5,4663
2014-08-13 13:45:00,151.5499,151.6,151.35,151.39,7820
2014-08-13 14:00:00,151.36,151.47,151.21,151.22,6100
2014-08-13 14:15:00,151.25,151.25,151.08,151.09,6300
2014-08-13 14:30:00,151.09,151.12,150.975,150.99,8123
2014-08-13 14:45:00,150.96,151.07,150.88,150.88,9399
2014-08-13 15:00:00,150.87,150.91,150.65,150.65,7715
2014-08-13 15:15:00,150.685,150.74,150.53,150.55,15623
2014-08-13 15:30:00,150.59,151.0,150.45,150.97,31842
2014-08-13 15:45:00,150.97,151.17,150.94,151.04,31880
2014-08-13 16:00:00,151.04,151.05,150.89,151.02,41654
2014-08-14 09:45:00,151.89,152.56,151.56,151.95,59321
2014-08-14 10:00:00,152.0,152.29,151.89,151.99,23397
2014-08-14 10:15:00,152.02,152.11,151.75,152.09,17130
2014-08-14 10:30:00,152.03,152.14,151.94,152.1099,6824
2014-08-14 10:45:00,152.11,152.39,152.0956,152.22,26841
2014-08-14 11:00:00,152.2,152.42,152.01,152.405,25137
2014-08-14 11:15:00,152.37,152.46,152.23,152.31,46112
2014-08-14 11:30:00,152.32,152.47,152.17,152.41,29598
2014-08-14 11:45:00,152.41,152.44,152.35,152.425,11476
2014-08-14 12:00:00,152.41,152.81,152.37,152.74,39878
2014-08-14 12:15:00,152.75,152.98,152.7,152.93,8811
2014-08-14 12:30:00,152.93,152.93,152.69,152.69,10416
2014-08-14 12:45:00,152.68,152.75,152.64,152.71,22800
2014-08-14 13:00:00,152.7,152.77,152.61,152.63,14168
2014-08-14 13:15:00,152.625,152.83,152.625,152.83,13186
2014-08-14 13:30:00,152.91,152.96,152.7,152.7,20764
2014-08-14 13:45:00,152.67,152.9034,152.67,152.8325,7207
2014-08-14 14:00:00,152.83,152.96,152.83,152.89,8501
2014-08-14 14:15:00,152.925,152.96,152.87,152.89,11144
2014-08-14 14:30:00,152.89,153.13,152.82,153.07,68888
2014-08-14 14:45:00,153.06,153.26,153.0381,153.26,17227
2014-08-14 15:00:00,153.28,153.54,153.28,153.54,16581
2014-08-14 15:15:00,153.53,153.81,153.53,153.8,31532
2014-08-14 15:30:00,153.8,153.96,153.77,153.93,33002
2014-08-14 15:45:00,153.93,153.97,153.5932,153.88,46417
2014-08-14 16:00:00,153.88,153.95,153.8,153.92,56672
2014-08-15 09:45:00,155.0,155.0,153.81,154.37,124795
2014-08-15 10:00:00,154.31,154.38,153.74,154.11,19051
2014-08-15 10:15:00,154.11,154.55,154.09,154.5,46428
2014-08-15 10:30:00,154.4,154.48,154.05,154.14,12297
2014-08-15 10:45:00,154.16,154.23,153.76,153.79,10000
2014-08-15 11:00:00,153.8,153.84,152.82,153.2529,23813
2014-08-15 11:15:00,153.22,153.33,153.0,153.1,10584
2014-08-15 11:30:00,153.15,153.2,152.44,152.44,12090
2014-08-15 11:45:00,152.51,152.53,152.235,152.45,11197
2014-08-15 12:00:00,152.44,152.44,151.74,151.9,19502
2014-08-15 12:15:00,151.84,152.1,151.65,152.04,27120
2014-08-15 12:30:00,152.1,152.29,151.94,152.25,15841
2014-08-15 12:45:00,152.29,152.29,152.15,152.255,12474
2014-08-15 13:00:00,152.26,152.29,152.12,152.15,5100
2014-08-15 13:15:00,152.15,152.2425,152.11,152.15,17591
2014-08-15 13:30:00,152.16,152.16,151.8,151.82,12158
2014-08-15 13:45:00,151.79,151.85,151.68,151.8,7228
2014-08-15 14:00:00,151.8,151.81,151.55,151.55,6387
2014-08-15 14:15:00,151.53,151.58,151.37,151.53,14617
2014-08-15 14:30:00,151.505,151.89,151.47,151.86,10808
2014-08-15 14:45:00,151.87,152.14,151.84,152.11,15800
2014-08-15 15:00:00,152.13,152.14,151.89,151.93,11344
2014-08-15 15:15:00,151.94,152.0,151.805,151.875,11734
2014-08-15 15:30:00,151.88,151.92,151.68,151.72,24030
2014-08-15 15:45:00,151.71,151.85,151.65,151.755,17236
2014-08-15 16:00:00,151.76,152.04,151.65,151.94,39204
2014-08-18 09:45:00,154.87,154.87,152.26,152.26,13281
2014-08-18 10:00:00,152.33,152.8955,152.295,152.84,11119
2014-08-18 10:15:00,152.9,152.98,152.405,152.62,9711
2014-08-18 10:30:00,152.671,152.81,152.54,152.7,8900
2014-08-18 10:45:00,152.75,152.94,152.69,152.74,12833
2014-08-18 11:00:00,152.8,153.05,152.78,152.945,14990
2014-08-18 11:15:00,152.95,153.3,152.85,153.26,9449
2014-08-18 11:30:00,153.3,153.46,153.28,153.45,5900
2014-08-18 11:45:00,153.5,153.7,153.47,153.5,22413
2014-08-18 12:00:00,153.47,153.63,152.33,153.41,15756
2014-08-18 12:15:00,153.47,153.54,153.33,153.34,13418
2014-08-18 12:30:00,153.35,153.38,153.23,153.35,17425
2014-08-18 12:45:00,153.45,153.54,153.37,153.44,5900
2014-08-18 13:00:00,153.3981,153.53,153.37,153.46,3574
2014-08-18 13:15:00,153.49,153.53,153.39,153.43,4000
2014-08-18 13:30:00,153.47,153.52,153.33,153.37,3140
2014-08-18 13:45:00,153.4,153.53,153.29,153.47,10835
2014-08-18 14:00:00,153.505,153.6,153.44,153.52,7198
2014-08-18 14:15:00,153.52,153.7,153.44,153.66,7501
2014-08-18 14:30:00,153.6,153.65,153.52,153.64,3608
2014-08-18 14:45:00,153.63,153.71,153.63,153.68,5100
2014-08-18 15:00:00,153.73,153.74,153.62,153.62,6316
2014-08-18 15:15:00,153.62,153.82,153.62,153.8125,13697
2014-08-18 15:30:00,153.81,153.92,153.7,153.84,24603
2014-08-18 15:45:00,153.84,154.15,153.72,154.11,34137
2014-08-18 16:00:00,154.11,154.2,153.82,153.87,37390
2014-08-19 09:45:00,153.89,154.72,153.63,154.08,31741
2014-08-19 10:00:00,154.07,154.4,154.06,154.33,7465
2014-08-19 10:15:00,154.365,154.44,154.09,154.3,11578
2014-08-19 10:30:00,154.32,154.32,153.985,154.03,4750
2014-08-19 10:45:00,154.06,154.28,153.95,154.245,6400
2014-08-19 11:00:00,154.255,154.5,154.24,154.42,25276
2014-08-19 11:15:00,154.43,154.56,154.43,154.52,4135
2014-08-19 11:30:00,154.55,154.55,154.21,154.24,7920
2014-08-19 11:45:00,154.265,154.335,154.065,154.33,12531
2014-08-19 12:00:00,154.27,154.3,154.2,154.3,9404
2014-08-19 12:15:00,154.31,154.3599,154.26,154.315,5306
2014-08-19 12:30:00,154.31,154.33,154.21,154.29,5600
2014-08-19 12:45:00,154.295,154.31,154.19,154.28,5961
2014-08-19 13:00:00,154.315,154.36,154.3,154.33,5914
2014-08-19 13:15:00,154.33,154.36,154.14,154.14,2500
2014-08-19 13:30:00,154.16,154.24,153.93,153.93,8250
2014-08-19 13:45:00,153.95,154.0,153.91,153.92,5297
2014-08-19 14:00:00,153.96,154.0,153.63,153.63,8400
2014-08-19 14:15:00,153.6965,153.885,153.64,153.85,7388
2014-08-19 14:30:00,153.84,154.0,153.64,153.97,8537
2014-08-19 14:45:00,154.01,154.04,153.87,153.95,15622
2014-08-19 15:00:00,153.94,154.02,153.82,153.93,14735
2014-08-19 15:15:00,153.87,153.89,153.73,153.79,8701
2014-08-19 15:30:00,153.8,153.82,153.61,153.81,11594
2014-08-19 15:45:00,153.83,153.86,153.66,153.79,14826
2014-08-19 16:00:00,153.775,153.94,153.75,153.91,37476
2014-08-20 09:45:00,153.55,154.64,153.39,154.6,33997
2014-08-20 10:00:00,154.66,154.8,153.95,153.95,45085
2014-08-20 10:15:00,153.89,154.03,153.63,153.8,18831
2014-08-20 10:30:00,153.8,153.954,153.7475,153.88,8489
2014-08-20 10:45:00,153.85,153.85,153.34,153.59,11696
2014-08-20 11:00:00,153.59,153.73,153.54,153.65,15775
2014-08-20 11:15:00,153.7,153.97,153.695,153.97,5325
2014-08-20 11:30:00,154.04,154.14,153.94,154.11,7346
2014-08-20 11:45:00,154.14,154.2199,154.06,154.17,13942
2014-08-20 12:00:00,154.14,154.31,154.03,154.292,8269
2014-08-20 12:15:00,154.31,154.36,154.12,154.12,5375
2014-08-20 12:30:00,154.14,154.19,154.05,154.06,4825
2014-08-20 12:45:00,154.11,154.13,154.02,154.1,3205
2014-08-20 13:00:00,154.04,154.15,153.9,153.94,3200
2014-08-20 13:15:00,153.94,154.32,153.84,154.31,7375
2014-08-20 13:30:00,154.34,154.55,154.305,154.34,4400
2014-08-20 13:45:00,154.3,154.77,154.28,154.755,6393
2014-08-20 14:00:00,154.74,154.74,154.35,154.38,11354
2014-08-20 14:15:00,154.33,154.62,154.2,154.26,16094
2014-08-20 14:30:00,154.18,154.47,154.16,154.42,12961
2014-08-20 14:45:00,154.39,154.7,154.39,154.69,6575
2014-08-20 15:00:00,154.74,154.94,154.7,154.8586,8846
2014-08-20 15:15:00,154.88,155.27,154.86,155.27,16257
2014-08-20 15:30:00,155.276,155.3,155.0732,155.22,19580
2014-08-20 15:45:00,155.24,155.34,155.165,155.31,10043
2014-08-20 16:00:00,155.28,155.28,155.065,155.12,21243
2014-08-21 09:45:00,154.65,155.16,153.82,154.0,21594
2014-08-21 10:00:00,153.98,154.71,153.9196,154.46,12825
2014-08-21 10:15:00,154.42,154.6,154.29,154.435,19745
2014-08-21 10:30:00,154.42,154.54,154.32,154.44,12954
2014-08-21 10:45:00,154.405,154.52,154.2,154.41,14704
2014-08-21 11:00:00,154.36,155.4,154.3,155.4,24775
2014-08-21 11:15:00,155.4,156.21,155.335,155.56,18328
2014-08-21 11:30:00,155.6,155.61,155.14,155.26,4810
2014-08-21 11:45:00,155.23,155.47,155.19,155.4,10096
2014-08-21 12:00:00,155.4,155.46,155.19,155.43,9768
2014-08-21 12:15:00,155.405,155.469,155.37,155.45,9235
2014-08-21 12:30:00,155.43,155.4499,155.235,155.27,5058
2014-08-21 12:45:00,155.27,155.27,155.1,155.16,4081
2014-08-21 13:00:00,155.08,155.13,154.8535,154.905,5050
2014-08-21 13:15:00,154.905,155.085,154.905,155.03,10130
2014-08-21 13:30:00,155.0537,155.19,155.05,155.16,3030
2014-08-21 13:45:00,155.16,155.18,155.04,155.11,2900
2014-08-21 14:00:00,155.11,155.12,154.93,154.93,4599
2014-08-21 14:15:00,154.88,154.88,154.73,154.73,3200
2014-08-21 14:30:00,154.715,154.715,154.62,154.63,4254
2014-08-21 14:45:00,154.6,154.65,154.55,154.58,4900
2014-08-21 15:00:00,154.6167,154.95,154.6167,154.95,14487
2014-08-21 15:15:00,154.88,154.94,154.72,154.89,10767
2014-08-21 15:30:00,154.88,154.9902,154.87,154.915,18433
2014-08-21 15:45:00,154.915,155.0,154.87,154.875,19014
2014-08-21 16:00:00,154.9,154.9,154.42,154.47,69680
2014-08-22 09:45:00,154.93,155.49,154.25,154.25,21003
2014-08-22 10:00:00,154.25,154.9,154.25,154.9,6200
2014-08-22 10:15:00,155.0,155.11,154.59,154.67,6398
2014-08-22 10:30:00,154.6,154.81,154.47,154.755,15042
2014-08-22 10:45:00,154.765,155.0872,154.71,154.82,7970
2014-08-22 11:00:00,154.95,155.13,154.69,154.7,8243
2014-08-22 11:15:00,154.61,154.97,154.53,154.83,5600
2014-08-22 11:30:00,154.92,155.105,154.85,155.105,14975
2014-08-22 11:45:00,155.13,155.35,155.13,155.2,7320
2014-08-22 12:00:00,155.25,155.44,155.22,155.32,5719
2014-08-22 12:15:00,155.41,155.49,155.3,155.36,3300
2014-08-22 12:30:00,155.3,155.45,155.3,155.3999,8181
2014-08-22 12:45:00,155.39,155.44,155.29,155.37,7461
2014-08-22 13:00:00,155.345,155.3899,155.29,155.305,5550
2014-08-22 13:15:00,155.3,155.49,155.3,155.43,4990
2014-08-22 13:30:00,155.44,155.58,155.44,155.58,3538
2014-08-22 13:45:00,155.5999,155.5999,155.36,155.48,5665
2014-08-22 14:00:00,155.44,155.5,155.36,155.42,6000
2014-08-22 14:15:00,155.428,155.52,155.34,155.38,4100
2014-08-22 14:30:00,155.39,155.48,155.37,155.41,5400
2014-08-22 14:45:00,155.37,155.51,155.265,155.495,9495
2014-08-22 15:00:00,155.5,155.74,155.475,155.71,32869
2014-08-22 15:15:00,155.69,155.93,155.65,155.86,21552
2014-08-22 15:30:00,155.86,155.86,155.63,155.65,7245
2014-08-22 15:45:00,155.66,155.71,155.41,155.42,19016
2014-08-22 16:00:00,155.37,155.62,155.29,155.38,40785
2014-08-25 09:45:00,156.45,156.65,155.55,155.76,22972
2014-08-25 10:00:00,155.97,156.02,155.71,155.73,6425
2014-08-25 10:15:00,155.69,155.7499,155.5,155.68,14745
2014-08-25 10:30:00,155.79,156.04,155.73,155.94,6236
2014-08-25 10:45:00,155.98,156.12,155.56,155.56,25788
2014-08-25 11:00:00,155.5903,155.78,155.48,155.49,14383
2014-08-25 11:15:00,155.54,155.64,155.5,155.64,6040
2014-08-25 11:30:00,155.67,156.03,155.67,156.03,4920
2014-08-25 11:45:00,156.06,156.3,155.74,156.28,26858
2014-08-25 12:00:00,156.29,156.48,156.29,156.44,6805
2014-08-25 12:15:00,156.47,156.6,156.35,156.37,20541
2014-08-25 12:30:00,156.4,156.71,156.35,156.44,17080
2014-08-25 12:45:00,156.37,156.51,156.36,156.51,4150
2014-08-25 13:00:00,156.57,156.61,156.4301,156.54,4500
2014-08-25 13:15:00,156.42,156.5199,156.31,156.48,4248
2014-08-25 13:30:00,156.45,156.56,156.36,156.52,4565
2014-08-25 13:45:00,156.51,156.535,156.44,156.5,7628
2014-08-25 14:00:00,156.49,156.7299,156.46,156.65,6181
2014-08-25 14:15:00,156.65,156.73,156.57,156.68,4750
2014-08-25 14:30:00,156.67,156.71,156.5745,156.58,7007
2014-08-25 14:45:00,156.58,156.59,156.49,156.52,8645
2014-08-25 15:00:00,156.55,156.58,156.48,156.55,8675
2014-08-25 15:15:00,156.57,156.84,156.54,156.76,11526
2014-08-25 15:30:00,156.75,156.96,156.75,156.944,14646
2014-08-25 15:45:00,156.94,157.11,156.87,157.11,20377
2014-08-25 16:00:00,157.06,157.09,156.91,156.975,64953
2014-08-26 09:45:00,156.69,156.74,156.34,156.4,9969
2014-08-26 10:00:00,156.4,156.77,156.36,156.565,11688
2014-08-26 10:15:00,156.56,156.6,155.94,155.98,20585
2014-08-26 10:30:00,156.01,156.15,155.8601,156.04,5546
2014-08-26 10:45:00,156.04,156.37,155.97,156.315,15489
2014-08-26 11:00:00,156.26,156.58,156.16,156.23,27976
2014-08-26 11:15:00,156.36,156.46,156.2,156.2,15400
2014-08-26 11:30:00,156.18,156.28,155.99,156.02,9250
2014-08-26 11:45:00,156.07,156.1,155.69,155.95,10126
2014-08-26 12:00:00,155.95,156.05,155.73,155.877,8408
2014-08-26 12:15:00,155.84,156.0252,155.73,155.75,9460
2014-08-26 12:30:00,155.75,155.76,155.6,155.6,7106
2014-08-26 12:45:00,155.53,155.66,155.41,155.42,5370
2014-08-26 13:00:00,155.45,155.48,155.38,155.46,4315
2014-08-26 13:15:00,155.4,155.48,155.25,155.285,5572
2014-08-26 13:30:00,155.3,155.3656,155.02,155.36,9029
2014-08-26 13:45:00,155.36,155.48,155.27,155.27,9400
2014-08-26 14:00:00,155.26,155.28,155.16,155.22,6573
2014-08-26 14:15:00,155.18,155.44,155.14,155.44,8594
2014-08-26 14:30:00,155.38,155.41,155.29,155.31,13659
2014-08-26 14:45:00,155.3,155.41,155.27,155.35,12890
2014-08-26 15:00:00,155.34,155.41,155.25,155.25,12925
2014-08-26 15:15:00,155.24,155.25,155.0,155.04,15120
2014-08-26 15:30:00,155.04,155.05,154.84,154.95,13654
2014-08-26 15:45:00,154.9535,155.1,154.91,155.04,10987
2014-08-26 16:00:00,155.04,155.04,154.86,154.92,25038
2014-08-27 09:45:00,154.96,155.39,154.51,154.72,20777
2014-08-27 10:00:00,154.66,155.04,154.66,154.965,10966
2014-08-27 10:15:00,155.02,155.5,154.86,155.2901,10666
2014-08-27 10:30:00,155.31799999999998,155.78,155.2501,155.45,29557
2014-08-27 10:45:00,155.5,155.58,155.3,155.53,11626
2014-08-27 11:00:00,155.43,155.58,155.43,155.5,2569
2014-08-27 11:15:00,155.5401,155.63,155.32,155.32,4900
2014-08-27 11:30:00,155.32,155.34799999999998,155.11,155.11,3353
2014-08-27 11:45:00,155.1599,155.21,155.03,155.15,13144
2014-08-27 12:00:00,155.1799,155.3,155.1799,155.28,4763
2014-08-27 12:15:00,155.17,155.23,155.03,155.13,10199
2014-08-27 12:30:00,155.17,155.17,154.98,155.12,2325
2014-08-27 12:45:00,155.12,155.12,154.9,154.9557,2268
2014-08-27 13:00:00,154.95,155.01,154.91,154.94,1966
2014-08-27 13:15:00,154.94,154.99,154.88,154.99,3683
2014-08-27 13:30:00,154.96,155.02,154.94,154.94,1800
2014-08-27 13:45:00,154.92,154.99,154.88,154.97,2300
2014-08-27 14:00:00,154.9274,155.0634,154.92,154.995,4952
2014-08-27 14:15:00,154.95,155.04,154.89,155.03,3423
2014-08-27 14:30:00,155.01,155.09,154.91,155.09,2944
2014-08-27 14:45:00,155.09,155.3,155.05,155.13,23301
2014-08-27 15:00:00,155.14,155.23,155.05,155.08,3790
2014-08-27 15:15:00,155.11,155.19,155.04,155.12,4300
2014-08-27 15:30:00,155.11,155.2943,155.11,155.245,6600
2014-08-27 15:45:00,155.22,155.2768,155.19,155.22,5094
2014-08-27 16:00:00,155.2,155.35,155.18,155.3,17366
2014-08-28 09:45:00,155.6,155.6,154.2059,155.12,26442
2014-08-28 10:00:00,155.26,155.92,155.257,155.87,11047
2014-08-28 10:15:00,155.84,156.08,155.76,155.88,9621
2014-08-28 10:30:00,155.89,156.37,155.88,156.13,8419
2014-08-28 10:45:00,156.1509,156.49,156.1509,156.49,10200
2014-08-28 11:00:00,156.55,156.59,156.24,156.34,6921
2014-08-28 11:15:00,156.35,156.49,156.3,156.47,5152
2014-08-28 11:30:00,156.45,156.49,156.32,156.38,3200
2014-08-28 11:45:00,156.45,156.51,156.26,156.32,5600
2014-08-28 12:00:00,156.27,156.42,156.24,156.25,3916
2014-08-28 12:15:00,156.25,156.27,156.05,156.08,5200
2014-08-28 12:30:00,156.12,156.34,156.06,156.25,5085
2014-08-28 12:45:00,156.2036,156.32,156.2036,156.26,3050
2014-08-28 13:00:00,156.32,156.42,156.23,156.32,3900
2014-08-28 13:15:00,156.39,156.62,156.38,156.5,13333
2014-08-28 13:30:00,156.49,156.5,156.4261,156.43,8984
2014-08-28 13:45:00,156.48,156.51,156.42,156.49,11800
2014-08-28 14:00:00,156.49,156.785,156.47,156.75799999999998,8205
2014-08-28 14:15:00,156.8,156.861,156.71,156.7689,7100
2014-08-28 14:30:00,156.76,156.81,156.63,156.72,4522
2014-08-28 14:45:00,156.73,156.87,156.7,156.82,5800
2014-08-28 15:00:00,156.82,156.83,156.4,156.4,27365
2014-08-28 15:15:00,156.39,156.7,156.35,156.69,9227
2014-08-28 15:30:00,156.71,156.76,156.58,156.66,10817
2014-08-28 15:45:00,156.66,156.66,156.41,156.5,9895
2014-08-28 16:00:00,156.5,156.51,156.36,156.46,24392
2014-08-29 09:45:00,157.18,157.18,155.55,155.86,25315
2014-08-29 10:00:00,155.95,155.95,154.97,155.45,25147
2014-08-29 10:15:00,155.45,155.56,155.12,155.329,7648
2014-08-29 10:30:00,155.44,155.49,155.15,155.23,18669
2014-08-29 10:45:00,155.21,155.31,155.0701,155.28,10383
2014-08-29 11:00:00,155.28,155.63,155.26,155.56,13551
2014-08-29 11:15:00,155.75,155.9,155.63,155.9,4924
2014-08-29 11:30:00,155.9,155.9,155.41,155.54,3858
2014-08-29 11:45:00,155.66,155.86,155.66,155.86,5790
2014-08-29 12:00:00,155.86,156.0,155.86,155.98,7642
2014-08-29 12:15:00,155.99,156.07,155.875,155.92,6057
2014-08-29 12:30:00,155.92,156.02,155.91,155.97,5400
2014-08-29 12:45:00,155.98,156.04,155.91,155.98,3800
2014-08-29 13:00:00,156.01,156.19,155.97,156.13,9395
2014-08-29 13:15:00,156.175,156.305,156.05,156.05,4585
2014-08-29 13:30:00,156.05,156.08,155.975,156.05,5968
2014-08-29 13:45:00,156.05,156.08,156.0058,156.02,9500
2014-08-29 14:00:00,156.02,156.065,156.01,156.03,5100
2014-08-29 14:15:00,156.04,156.29,156.02,156.24,12534
2014-08-29 14:30:00,156.28,156.44,156.19,156.43,7017
2014-08-29 14:45:00,156.43,156.49,156.29,156.29,6972
2014-08-29 15:00:00,156.31,156.31,155.93,155.96,18431
2014-08-29 15:15:00,155.98,156.11,155.93,156.01,13730
2014-08-29 15:30:00,156.04,156.1,155.99,156.04,9601
2014-08-29 15:45:00,156.01,156.19,155.99,156.15,12124
2014-08-29 16:00:00,156.14,156.16,155.92,155.98,28110
2014-09-02 09:45:00,156.65,157.91,156.45,157.38,41697
2014-09-02 10:00:00,157.67,157.7,157.36,157.66,14155
2014-09-02 10:15:00,157.66,157.8037,157.34,157.415,15937
2014-09-02 10:30:00,157.38,158.06,157.38,158.06,15895
2014-09-02 10:45:00,158.07,158.07,157.65,157.7432,10883
2014-09-02 11:00:00,157.8,157.81,157.58,157.645,7150
2014-09-02 11:15:00,157.665,157.71,157.455,157.5,8900
2014-09-02 11:30:00,157.4,157.4,157.2,157.28,7713
2014-09-02 11:45:00,157.29,157.33,157.16,157.225,7265
2014-09-02 12:00:00,157.28,157.29,156.79,156.79,4759
2014-09-02 12:15:00,156.73,156.88,156.73,156.855,6798
2014-09-02 12:30:00,156.85,156.99,156.85,156.97,1700
2014-09-02 12:45:00,156.97,156.97,156.69,156.69,4351
2014-09-02 13:00:00,156.71,156.889,156.66,156.69,2542
2014-09-02 13:15:00,156.69,156.9,156.61,156.9,2638
2014-09-02 13:30:00,156.83,156.87,156.74,156.78,3400
2014-09-02 13:45:00,156.79,156.9,156.67,156.73,3500
2014-09-02 14:00:00,156.6601,156.82,156.64,156.76,3684
2014-09-02 14:15:00,156.82,156.97,156.69,156.91,6889
2014-09-02 14:30:00,157.01,157.17,156.98,157.135,4366
2014-09-02 14:45:00,157.12,157.18,156.985,157.05,10978
2014-09-02 15:00:00,157.05,157.1,156.89,157.06,10742
2014-09-02 15:15:00,157.06,157.06,156.94,157.02,8700
2014-09-02 15:30:00,157.02,157.03,156.77,156.84,10450
2014-09-02 15:45:00,156.84,156.8599,156.57,156.68,15000
2014-09-02 16:00:00,156.68,156.8,156.48,156.61,36279
2014-09-03 09:45:00,156.93,157.33,156.61,156.87,11594
2014-09-03 10:00:00,156.89,157.145,156.8,157.14,5418
2014-09-03 10:15:00,157.13,157.14,156.77,157.06,6336
2014-09-03 10:30:00,157.115,157.115,156.71,156.94,5979
2014-09-03 10:45:00,157.01,157.38,157.01,157.363,4861
2014-09-03 11:00:00,157.24,157.635,157.24,157.49,6680
2014-09-03 11:15:00,157.52,157.59,157.41,157.41,7790
2014-09-03 11:30:00,157.305,157.53,157.23,157.23,9816
2014-09-03 11:45:00,157.24,157.43,157.15,157.21,6126
2014-09-03 12:00:00,157.18,157.29,156.88,157.29,9891
2014-09-03 12:15:00,157.27,157.4499,157.245,157.32,14744
2014-09-03 12:30:00,157.315,157.315,157.155,157.16,6917
2014-09-03 12:45:00,157.2,157.36,157.12,157.16,5901
2014-09-03 13:00:00,157.09,157.09,156.92,156.925,4901
2014-09-03 13:15:00,156.96,156.99,156.85,156.87,7420
2014-09-03 13:30:00,156.87,157.01,156.77,156.97,7100
2014-09-03 13:45:00,156.98,156.98,156.88,156.93,7081
2014-09-03 14:00:00,156.965,157.11,156.965,157.1,5948
2014-09-03 14:15:00,157.1,157.18,157.005,157.15,8759
2014-09-03 14:30:00,157.17,157.24,157.05,157.08,3834
2014-09-03 14:45:00,157.14,157.3,157.1,157.28,7206
2014-09-03 15:00:00,157.23,157.29,157.11,157.11,6396
2014-09-03 15:15:00,157.13,157.225,157.05,157.05,9901
2014-09-03 15:30:00,157.05,157.29,157.04,157.21,18227
2014-09-03 15:45:00,157.21,157.21,156.99,157.12,10500
2014-09-03 16:00:00,157.12,157.22,156.89,157.15,26719
2014-09-04 09:45:00,157.09,158.04,157.09,157.67,21265
2014-09-04 10:00:00,157.72,158.15,157.57,157.57,10514
2014-09-04 10:15:00,157.72,157.8799,157.6575,157.82,8075
2014-09-04 10:30:00,157.7501,157.805,157.425,157.69,7399
2014-09-04 10:45:00,157.7,158.05,157.69,157.98,7905
2014-09-04 11:00:00,157.99,158.17,157.9,158.03,15354
2014-09-04 11:15:00,158.05,158.25,157.87,157.93,11798
2014-09-04 11:30:00,157.98,158.24,157.93,158.0697,10752
2014-09-04 11:45:00,158.06,158.06,157.875,157.97,5911
2014-09-04 12:00:00,157.96,158.25,157.89,158.15,8469
2014-09-04 12:15:00,158.125,158.24,158.04,158.24,9025
2014-09-04 12:30:00,158.23,158.37,157.92,157.97,6118
2014-09-04 12:45:00,157.97,158.1,157.93,157.96,9563
2014-09-04 13:00:00,157.9661,158.06,157.82,157.92,6958
2014-09-04 13:15:00,157.91,157.99,157.86,157.98,8193
2014-09-04 13:30:00,157.98,158.12,157.88,158.12,9545
2014-09-04 13:45:00,158.16,158.19,158.03,158.14,11867
2014-09-04 14:00:00,158.16,158.25,158.11,158.195,10204
2014-09-04 14:15:00,158.195,158.26,158.07,158.13,14200
2014-09-04 14:30:00,158.16899999999998,158.23,158.02,158.06,24537
2014-09-04 14:45:00,158.12,158.22,157.99,158.135,11317
2014-09-04 15:00:00,158.08,158.14,157.83,157.89,16596
2014-09-04 15:15:00,157.9,157.92,157.59,157.59,19141
2014-09-04 15:30:00,157.53,157.67,157.41,157.41,13433
2014-09-04 15:45:00,157.41,157.49,157.28,157.31,11287
2014-09-04 16:00:00,157.3,157.45,157.23,157.41,29561
2014-09-05 09:45:00,156.85,157.95,156.29,157.14,16428
2014-09-05 10:00:00,157.23,158.3,157.23,158.105,13629
2014-09-05 10:15:00,158.16,158.27,157.304,157.304,9662
2014-09-05 10:30:00,157.30200000000002,158.035,157.27,157.95,23189
2014-09-05 10:45:00,157.92,157.92,157.35,157.5,7377
2014-09-05 11:00:00,157.49,157.74,157.34,157.57,6800
2014-09-05 11:15:00,157.4801,157.75,157.4801,157.69,17368
2014-09-05 11:30:00,157.69,157.88,157.61,157.87,4176
2014-09-05 11:45:00,157.87,158.04,157.78,157.9,15800
2014-09-05 12:00:00,157.99,158.05,157.73,158.0,5800
2014-09-05 12:15:00,158.03,158.16,157.99,158.16,4568
2014-09-05 12:30:00,158.15,158.17,157.79,157.98,5800
2014-09-05 12:45:00,157.98,158.07,157.87,158.07,5600
2014-09-05 13:00:00,158.08,158.16,157.91,158.15,9822
2014-09-05 13:15:00,158.15,158.46,158.12,158.32,11648
2014-09-05 13:30:00,158.32,158.46,158.23,158.3236,6394
2014-09-05 13:45:00,158.32,158.37,157.95,158.0,4210
2014-09-05 14:00:00,157.94,157.95,157.86,157.95,2600
2014-09-05 14:15:00,158.03,158.16,157.9201,158.04,5600
2014-09-05 14:30:00,158.04,158.5,158.04,158.46,12837
2014-09-05 14:45:00,158.47,158.49,158.26,158.37,5659
2014-09-05 15:00:00,158.37,158.47,158.32,158.46,6620
2014-09-05 15:15:00,158.46,158.57,158.4,158.5172,7545
2014-09-05 15:30:00,158.54,158.58,158.36,158.36,10072
2014-09-05 15:45:00,158.39,158.52,158.31,158.52,12435
2014-09-05 16:00:00,158.5,158.6,158.33,158.53,34381
2014-09-08 09:45:00,158.39,158.49,157.36,158.32,20432
2014-09-08 10:00:00,158.2,158.33,158.01,158.13,20735
2014-09-08 10:15:00,158.14,158.14,157.69,157.69,9598
2014-09-08 10:30:00,157.8,158.18,157.72,158.12,24543
2014-09-08 10:45:00,158.11,158.46,157.96,158.40200000000002,62930
2014-09-08 11:00:00,158.42,158.47,158.2,158.385,41721
2014-09-08 11:15:00,158.45,158.6168,158.36,158.54,12253
2014-09-08 11:30:00,158.56,158.57,158.3,158.5,13643
2014-09-08 11:45:00,158.545,158.63,158.37,158.4,9564
2014-09-08 12:00:00,158.3679,158.41,158.18,158.24,7314
2014-09-08 12:15:00,158.21,158.27,157.92,157.935,6279
2014-09-08 12:30:00,157.91,158.4,157.83,158.35,25605
2014-09-08 12:45:00,158.365,158.46,158.365,158.4,5467
2014-09-08 13:00:00,158.4,158.42,158.235,158.25,7737
2014-09-08 13:15:00,158.21,158.33,157.93,157.93,6487
2014-09-08 13:30:00,157.945,157.945,157.69,157.755,6805
2014-09-08 13:45:00,157.75,157.85,157.6,157.64,5341
2014-09-08 14:00:00,157.63,157.7,157.49,157.535,5019
2014-09-08 14:15:00,157.54,157.68,157.48,157.615,10777
2014-09-08 14:30:00,157.71,157.84,157.6501,157.69,4987
2014-09-08 14:45:00,157.72,157.87,157.72,157.83,10814
2014-09-08 15:00:00,157.82,157.91,157.8,157.82,8275
2014-09-08 15:15:00,157.81,158.08,157.76,158.035,13591
2014-09-08 15:30:00,158.03,158.13,158.02,158.115,10421
2014-09-08 15:45:00,158.11,158.14,158.03,158.05,11480
2014-09-08 16:00:00,158.06,158.31,158.03,158.24,34817
2014-09-09 09:45:00,157.48,158.05,157.48,158.0,27686
2014-09-09 10:00:00,157.97,158.14,157.76,157.96,33286
2014-09-09 10:15:00,157.97,158.11,157.55,157.55,27417
2014-09-09 10:30:00,157.41,157.41,157.08,157.2,6651
2014-09-09 10:45:00,157.2,157.25,156.63,156.7601,11358
2014-09-09 11:00:00,156.76,157.07,156.61,156.63,15101
2014-09-09 11:15:00,156.6,156.73,156.46,156.72,13271
2014-09-09 11:30:00,156.67,157.09,156.54,157.0,10552
2014-09-09 11:45:00,157.0,157.035,156.65,156.735,6594
2014-09-09 12:00:00,156.76,156.76,156.48,156.68,4653
2014-09-09 12:15:00,156.64,156.75,156.46,156.71,11300
2014-09-09 12:30:00,156.76,157.13,156.76,157.13,8592
2014-09-09 12:45:00,157.14,157.53,157.06,157.5,23221
2014-09-09 13:00:00,157.49,157.63,156.915,157.04,28339
2014-09-09 13:15:00,156.98,157.05,156.61,156.71,40933
2014-09-09 13:30:00,156.78,156.89,156.67,156.89,3700
2014-09-09 13:45:00,156.95,157.11,156.91,157.05,6200
2014-09-09 14:00:00,157.09,157.33,157.09,157.25,4127
2014-09-09 14:15:00,157.21,157.2999,157.04,157.06,7100
2014-09-09 14:30:00,156.95,156.99,156.8,156.85,6696
2014-09-09 14:45:00,156.83,157.03,156.81,157.01,8479
2014-09-09 15:00:00,156.99,157.01,156.82,156.88,4416
2014-09-09 15:15:00,156.94,156.9484,156.65,156.7,9522
2014-09-09 15:30:00,156.72,156.73,156.48,156.6,14801
2014-09-09 15:45:00,156.58,156.64,156.27,156.3,15430
2014-09-09 16:00:00,156.3,156.53,156.26,156.46,27250
2014-09-10 09:45:00,156.23,156.86,155.65,156.28,13045
2014-09-10 10:00:00,156.22,156.58,155.87,156.19,10717
2014-09-10 10:15:00,156.33,156.49,156.03,156.44,10884
2014-09-10 10:30:00,156.34,156.595,156.17,156.399,9011
2014-09-10 10:45:00,156.41,156.71,156.245,156.58,50275
2014-09-10 11:00:00,156.57,156.71,156.37,156.395,8919
2014-09-10 11:15:00,156.39,156.46,156.25,156.46,3695
2014-09-10 11:30:00,156.42,156.43,156.29,156.415,3000
2014-09-10 11:45:00,156.47,156.57,156.31,156.38,5810
2014-09-10 12:00:00,156.37,156.52,156.31,156.51,3365
2014-09-10 12:15:00,156.45,156.73,156.31,156.72,50954
2014-09-10 12:30:00,156.73,156.8,156.4413,156.55,52863
2014-09-10 12:45:00,156.56,156.67,156.45,156.5,6126
2014-09-10 13:00:00,156.44,156.48,156.25,156.25,2300
2014-09-10 13:15:00,156.31,156.6047,156.27,156.45,3856
2014-09-10 13:30:00,156.485,156.485,156.31,156.32,4435
2014-09-10 13:45:00,156.37,156.39,156.18,156.18,3700
2014-09-10 14:00:00,156.12,156.33,156.08,156.25,6333
2014-09-10 14:15:00,156.24,156.27,156.16,156.22,2655
2014-09-10 14:30:00,156.18,156.19,156.015,156.15,7417
2014-09-10 14:45:00,156.15,156.15,155.89,155.93,11693
2014-09-10 15:00:00,155.96,156.05,155.89,156.02,6470
2014-09-10 15:15:00,156.02,156.3,156.02,156.26,12484
2014-09-10 15:30:00,156.3,156.38,156.3,156.31,11065
2014-09-10 15:45:00,156.31,156.31,156.09,156.1,14071
2014-09-10 16:00:00,156.11,156.2,156.03,156.18,32283
2014-09-11 09:45:00,155.76,155.76,155.31,155.67,10103
2014-09-11 10:00:00,155.8,155.8,155.08,155.415,5070
2014-09-11 10:15:00,155.36,155.41,155.195,155.23,7100
2014-09-11 10:30:00,155.32,155.47,155.29,155.3,16112
2014-09-11 10:45:00,155.32,155.32,154.52,154.52,22675
2014-09-11 11:00:00,154.52,154.8,154.46,154.78,16766
2014-09-11 11:15:00,154.83,155.02,154.25,154.27,27565
2014-09-11 11:30:00,154.315,154.84,154.23,154.53,19468
2014-09-11 11:45:00,154.64,154.75,154.47,154.47,11387
2014-09-11 12:00:00,154.47,154.65,154.34,154.61,19777
2014-09-11 12:15:00,154.61,154.75,154.56,154.68,6559
2014-09-11 12:30:00,154.7,154.81,154.64,154.71,12000
2014-09-11 12:45:00,154.7,154.7,154.44,154.48,7371
2014-09-11 13:00:00,154.49,154.58,154.375,154.407,11261
2014-09-11 13:15:00,154.39,154.44,154.28,154.34,13188
2014-09-11 13:30:00,154.34,154.38,153.88,154.03,13304
2014-09-11 13:45:00,154.04,154.16,153.7,154.06,23712
2014-09-11 14:00:00,154.15,154.24,154.03,154.12,7058
2014-09-11 14:15:00,154.19,154.34,154.08,154.19,12015
2014-09-11 14:30:00,154.16,154.25,154.04,154.17,13890
2014-09-11 14:45:00,154.18,154.22,154.05,154.06,14050
2014-09-11 15:00:00,154.14,154.17,153.9,154.05,17076
2014-09-11 15:15:00,154.1,154.77,154.06,154.69,29364
2014-09-11 15:30:00,154.69,154.84,154.54,154.6,23036
2014-09-11 15:45:00,154.6,154.8,154.56,154.6,34539
2014-09-11 16:00:00,154.6,154.86,154.56,154.79,66774
2014-09-12 09:45:00,154.79,154.88,154.465,154.55,10274
2014-09-12 10:00:00,154.54,155.23,154.54,154.86,9037
2014-09-12 10:15:00,154.84,154.89,153.98,154.36,13266
2014-09-12 10:30:00,154.45,154.75,154.42,154.7,4978
2014-09-12 10:45:00,154.74,154.89,154.65,154.69,8500
2014-09-12 11:00:00,154.68,154.99,154.54,154.94,17454
2014-09-12 11:15:00,155.0,155.0,154.66,154.7,21010
2014-09-12 11:30:00,154.65,154.78,154.45,154.61,7700
2014-09-12 11:45:00,154.54,154.67,154.45,154.55,9485
2014-09-12 12:00:00,154.49,154.52,154.2,154.35,6109
2014-09-12 12:15:00,154.36,154.45,154.11,154.29,19324
2014-09-12 12:30:00,154.21,154.25,154.01,154.04,3828
2014-09-12 12:45:00,154.04,154.04,153.825,154.0,5100
2014-09-12 13:00:00,153.97,154.1,153.91,154.05,11631
2014-09-12 13:15:00,154.01,154.22,153.95,154.15,23080
2014-09-12 13:30:00,154.06,154.12,153.83,154.1,11200
2014-09-12 13:45:00,154.03,154.03,153.7148,153.92,13564
2014-09-12 14:00:00,153.94,153.95,153.8125,153.93,2700
2014-09-12 14:15:00,153.93,154.19,153.91,154.1,4000
2014-09-12 14:30:00,154.15,154.23,153.9,153.96,13986
2014-09-12 14:45:00,153.96,154.07,153.77,153.94,12198
2014-09-12 15:00:00,153.97,154.13,153.93,154.02,10800
2014-09-12 15:15:00,153.99,154.52,153.94,154.51,7994
2014-09-12 15:30:00,154.48,154.51,154.35,154.44,5577
2014-09-12 15:45:00,154.4,154.47,154.16,154.19,8389
2014-09-12 16:00:00,154.17,154.27,154.12,154.23,24746
2014-09-15 09:45:00,154.04,154.61,154.04,154.6,9429
2014-09-15 10:00:00,154.52,154.52,154.1701,154.2,5501
2014-09-15 10:15:00,154.18,154.55,154.05,154.26,14250
2014-09-15 10:30:00,154.18,154.43,154.135,154.38,4671
2014-09-15 10:45:00,154.34,154.46,154.18,154.33,9090
2014-09-15 11:00:00,154.3,154.482,154.22,154.482,11002
2014-09-15 11:15:00,154.545,154.545,154.37,154.48,7063
2014-09-15 11:30:00,154.41,154.41,154.17,154.29,6070
2014-09-15 11:45:00,154.256,154.45,154.21,154.24,4083
2014-09-15 12:00:00,154.24,154.34,154.2,154.2,3768
2014-09-15 12:15:00,154.19,154.31,154.09,154.31,3000
2014-09-15 12:30:00,154.31,154.35,154.12,154.27,2800
2014-09-15 12:45:00,154.31,154.31,154.05,154.15,3815
2014-09-15 13:00:00,154.15,154.2,153.99,154.03,5361
2014-09-15 13:15:00,154.07,154.175,153.9,154.0,21491
2014-09-15 13:30:00,154.0,154.04,153.89,153.96,4392
2014-09-15 13:45:00,154.0,154.0,153.868,153.96,13703
2014-09-15 14:00:00,153.97,153.97,153.82,153.89,3513
2014-09-15 14:15:00,153.98,154.01,153.92,153.92,5904
2014-09-15 14:30:00,153.96,154.06,153.79,153.99,9855
2014-09-15 14:45:00,153.9901,154.08,153.94,154.0,5800
2014-09-15 15:00:00,154.0,154.06,153.91,154.0,7100
2014-09-15 15:15:00,153.98,154.01,153.83,153.9,7934
2014-09-15 15:30:00,153.93,154.02,153.84,153.95,8061
2014-09-15 15:45:00,153.95,154.01,153.75,153.755,13198
2014-09-15 16:00:00,153.76,153.9,153.68,153.89,18938
2014-09-16 09:45:00,153.6,154.21,153.5236,154.01,25324
2014-09-16 10:00:00,154.01,154.72,153.98,154.57,19017
2014-09-16 10:15:00,154.53,154.835,154.53,154.55,19936
2014-09-16 10:30:00,154.62,154.99,154.53,154.7,16454
2014-09-16 10:45:00,154.8,154.859,154.25,154.38,13592
2014-09-16 11:00:00,154.38,154.53,154.18,154.28,10800
2014-09-16 11:15:00,154.4,154.55,154.15,154.55,8000
2014-09-16 11:30:00,154.55,154.86,154.4,154.86,10991
2014-09-16 11:45:00,154.85,154.9,154.57,154.58,13201
2014-09-16 12:00:00,154.6,154.91,154.46,154.7,14759
2014-09-16 12:15:00,154.79,154.83,154.6,154.6,12025
2014-09-16 12:30:00,154.63,154.99,154.63,154.9,9729
2014-09-16 12:45:00,154.8401,154.9599,154.75,154.87,12609
2014-09-16 13:00:00,154.86,154.97,154.83,154.87,7530
2014-09-16 13:15:00,154.87,155.129,154.85,154.94,26112
2014-09-16 13:30:00,154.89,155.4,154.89,155.22,58742
2014-09-16 13:45:00,155.22,155.44,155.18,155.37,14812
2014-09-16 14:00:00,155.32,155.45,155.2,155.32,10300
2014-09-16 14:15:00,155.4099,155.511,155.28,155.39,12527
2014-09-16 14:30:00,155.39,155.41,155.24,155.3,10434
2014-09-16 14:45:00,155.24,155.4,155.2,155.3,16057
2014-09-16 15:00:00,155.33,155.39,155.22,155.28,14417
2014-09-16 15:15:00,155.28,155.29,155.11,155.21,12950
2014-09-16 15:30:00,155.24,155.29,155.16,155.17,15250
2014-09-16 15:45:00,155.21,155.31,155.15,155.28,18561
2014-09-16 16:00:00,155.29,155.33,154.95,155.01,50012
2014-09-17 09:45:00,154.75,154.792,154.38,154.73,18811
2014-09-17 10:00:00,154.86,155.28,154.79,155.2,13173
2014-09-17 10:15:00,155.33,155.4,154.93,154.93,9607
2014-09-17 10:30:00,154.93,155.05,154.71,154.74,10545
2014-09-17 10:45:00,154.74,154.74,154.44,154.44,24710
2014-09-17 11:00:00,154.5099,154.51,154.33,154.33,7121
2014-09-17 11:15:00,154.34,154.58,154.34,154.54,6456
2014-09-17 11:30:00,154.52,154.71,154.52,154.705,5573
2014-09-17 11:45:00,154.64,154.83,154.56,154.74,4829
2014-09-17 12:00:00,154.83,154.93,154.69,154.69,10731
2014-09-17 12:15:00,154.71,154.85,154.56,154.5975,13226
2014-09-17 12:30:00,154.64,154.71,154.56,154.71,2200
2014-09-17 12:45:00,154.66,154.8,154.66,154.75,2364
2014-09-17 13:00:00,154.71,154.77,154.62,154.68,8478
2014-09-17 13:15:00,154.69,154.7,154.63,154.68,1435
2014-09-17 13:30:00,154.6,154.62,154.26,154.26,5052
2014-09-17 13:45:00,154.29,154.29,153.97,154.17,13423
2014-09-17 14:00:00,154.17,154.34,154.1,154.28,2600
2014-09-17 14:15:00,154.26,154.47,153.74,154.37,20994
2014-09-17 14:30:00,154.41,154.91,154.31,154.73,6272
2014-09-17 14:45:00,154.72,154.84,154.55,154.56,9860
2014-09-17 15:00:00,154.541,154.96,154.44,154.89,15622
2014-09-17 15:15:00,154.99,155.19,154.94,155.1,20781
2014-09-17 15:30:00,155.1,155.21,154.77,154.88,11542
2014-09-17 15:45:00,155.0,155.0,154.68,154.74,11335
2014-09-17 16:00:00,154.74,154.74,154.51,154.68,25466
2014-09-18 09:45:00,154.97,155.15,153.62,155.02,46278
2014-09-18 10:00:00,155.2,155.23,154.97,155.13,7580
2014-09-18 10:15:00,155.12,155.48,155.1,155.14,20884
2014-09-18 10:30:00,155.16,155.26,154.91,155.0,11856
2014-09-18 10:45:00,154.95,155.32,154.94,155.29,8100
2014-09-18 11:00:00,155.33,155.42,155.15,155.18,8700
2014-09-18 11:15:00,155.17,155.36,155.07,155.15,8660
2014-09-18 11:30:00,155.15,155.37,155.05,155.21,27292
2014-09-18 11:45:00,155.15,155.39,155.14,155.225,8400
2014-09-18 12:00:00,155.18,155.35,155.13,155.27,5718
2014-09-18 12:15:00,155.24,155.3,155.19,155.24,8116
2014-09-18 12:30:00,155.28,155.375,155.185,155.375,25349
2014-09-18 12:45:00,155.33,155.42,155.29,155.33,6700
2014-09-18 13:00:00,155.41,155.41,155.22,155.36,6803
2014-09-18 13:15:00,155.32,155.365,155.25,155.28,3300
2014-09-18 13:30:00,155.25,155.39,155.225,155.35,20683
2014-09-18 13:45:00,155.32,155.35,155.23,155.33,6906
2014-09-18 14:00:00,155.27,155.35,155.25,155.28,6000
2014-09-18 14:15:00,155.275,155.39,155.24,155.32,7845
2014-09-18 14:30:00,155.39,155.42,155.25,155.26,6000
2014-09-18 14:45:00,155.28,155.36,155.26,155.3,19931
2014-09-18 15:00:00,155.27,155.27,155.03,155.09,11488
2014-09-18 15:15:00,155.09,155.18,154.99,155.165,11523
2014-09-18 15:30:00,155.18,155.39,155.18,155.25,24024
2014-09-18 15:45:00,155.29,155.51,155.25,155.33,20728
2014-09-18 16:00:00,155.3,155.36,155.12,155.19,52047
2014-09-19 09:45:00,155.96,155.96,151.47,155.25,244528
2014-09-19 10:00:00,155.25,155.73,155.23,155.47,17697
2014-09-19 10:15:00,155.33,155.74,155.27,155.66,7204
2014-09-19 10:30:00,155.66,155.87,155.53,155.53,13466
2014-09-19 10:45:00,155.5,155.655,155.06,155.14,8074
2014-09-19 11:00:00,155.09,155.18,154.93,154.97,5600
2014-09-19 11:15:00,155.06,155.49,155.06,155.41,6600
2014-09-19 11:30:00,155.48,155.6,155.35,155.44,4100
2014-09-19 11:45:00,155.37,155.38,155.02,155.02,4129
2014-09-19 12:00:00,155.04,155.05,154.95,155.01,4700
2014-09-19 12:15:00,154.96,154.96,154.57,154.63,5050
2014-09-19 12:30:00,154.59,154.69,154.525,154.63,9236
2014-09-19 12:45:00,154.59,154.75,154.54,154.62,8186
2014-09-19 13:00:00,154.54,154.62,154.32,154.345,14280
2014-09-19 13:15:00,154.27,154.295,154.04,154.04,7168
2014-09-19 13:30:00,154.0,154.16,153.98,154.06,7400
2014-09-19 13:45:00,154.13,154.21,153.93,153.95,6300
2014-09-19 14:00:00,153.95,154.07,153.92,153.92,5271
2014-09-19 14:15:00,153.92,154.08,153.92,153.98,6500
2014-09-19 14:30:00,153.94,154.22,153.94,154.15,17102
2014-09-19 14:45:00,154.14,154.28,154.02,154.26,11311
2014-09-19 15:00:00,154.18,154.22,153.96,154.07,17754
2014-09-19 15:15:00,154.09,154.14,153.98,154.07,22474
2014-09-19 15:30:00,154.05,154.09,153.8,153.8,18863
2014-09-19 15:45:00,153.8,153.99,153.76,153.97,32821
2014-09-19 16:00:00,153.99,154.13,153.76,153.78,101852
2014-09-22 09:45:00,153.25,153.63,151.716,151.86,52168
2014-09-22 10:00:00,151.86,152.362,151.66,152.03,47173
2014-09-22 10:15:00,152.03,152.58,151.905,152.48,17035
2014-09-22 10:30:00,152.42,152.48,151.41,151.64,36930
2014-09-22 10:45:00,151.55,151.88,151.54,151.68,19715
2014-09-22 11:00:00,151.71,151.81,151.6,151.81,15375
2014-09-22 11:15:00,151.76,151.76,151.3,151.4499,29339
2014-09-22 11:30:00,151.42,151.5,151.29,151.29,10793
2014-09-22 11:45:00,151.33,151.57,151.33,151.4,13178
2014-09-22 12:00:00,151.34,151.4,151.27,151.37,8073
2014-09-22 12:15:00,151.41,151.43,151.22,151.265,7343
2014-09-22 12:30:00,151.3,151.86,151.3,151.79,12529
2014-09-22 12:45:00,151.68,151.87,151.59,151.86,6400
2014-09-22 13:00:00,151.8,152.01,151.72,151.96,9451
2014-09-22 13:15:00,151.93,152.18,151.93,152.0,8261
2014-09-22 13:30:00,151.97,152.2,151.9,152.04,13536
2014-09-22 13:45:00,152.04,152.05,151.78,151.78,7460
2014-09-22 14:00:00,151.84,152.12,151.84,151.9692,3800
2014-09-22 14:15:00,151.925,151.99,151.85,151.87,4749
2014-09-22 14:30:00,151.86,152.02,151.72,151.79,7234
2014-09-22 14:45:00,151.79,151.92,151.75,151.81,14347
2014-09-22 15:00:00,151.81,151.88,151.73,151.85,8407
2014-09-22 15:15:00,151.82,151.9599,151.69,151.79,8682
2014-09-22 15:30:00,151.79,151.81,151.67,151.78,9416
2014-09-22 15:45:00,151.83,151.85,151.6,151.7,22984
2014-09-22 16:00:00,151.6601,151.79,151.64,151.725,31300
2014-09-23 09:45:00,150.95,152.23,150.57,152.1,77049
2014-09-23 10:00:00,152.08,152.1,151.79,151.8,18991
2014-09-23 10:15:00,151.8,151.97,151.31,151.6,22288
2014-09-23 10:30:00,151.67,152.02,151.64,151.96,21086
2014-09-23 10:45:00,151.92,151.98,151.8,151.98,10900
2014-09-23 11:00:00,151.9,152.08,151.76,151.93,24987
2014-09-23 11:15:00,152.0,152.04,151.7001,151.77,6775
2014-09-23 11:30:00,151.79,151.99,151.61,151.65,6943
2014-09-23 11:45:00,151.73,151.88,151.66,151.71,31787
2014-09-23 12:00:00,151.73,151.87,151.69,151.69,3500
2014-09-23 12:15:00,151.69,151.732,151.55,151.57,5400
2014-09-23 12:30:00,151.56,151.65,151.37,151.45,8599
2014-09-23 12:45:00,151.42,151.58,151.33,151.4973,7847
2014-09-23 13:00:00,151.54,151.68,151.31,151.35,10599
2014-09-23 13:15:00,151.28,151.42,151.18,151.19,24528
2014-09-23 13:30:00,151.18,151.38,151.12,151.35,8920
2014-09-23 13:45:00,151.35,151.61,151.33,151.57,7377
2014-09-23 14:00:00,151.57,151.57,151.35,151.41,5203
2014-09-23 14:15:00,151.42,151.53,151.295,151.31,10020
2014-09-23 14:30:00,151.31,151.42,151.15,151.26,6013
2014-09-23 14:45:00,151.275,151.34,150.91,150.91,8049
2014-09-23 15:00:00,150.97,151.41,150.88,151.37,36335
2014-09-23 15:15:00,151.38,151.5,151.22,151.36,8776
2014-09-23 15:30:00,151.41,151.43,151.17,151.19,13216
2014-09-23 15:45:00,151.19,151.45,151.19,151.3,13423
2014-09-23 16:00:00,151.29,151.3,150.81,150.84,27645
2014-09-24 09:45:00,151.02,152.31,151.01,151.92,25654
2014-09-24 10:00:00,151.9,152.0,151.38,151.84,37566
2014-09-24 10:15:00,151.74,151.86,150.93,151.3,33987
2014-09-24 10:30:00,151.41,151.41,150.85,150.96,15319
2014-09-24 10:45:00,150.985,150.99,150.71,150.75,16085
2014-09-24 11:00:00,150.75,151.05,150.75,151.0,11914
2014-09-24 11:15:00,151.02,151.295,150.99,151.29,14850
2014-09-24 11:30:00,151.275,151.86,151.26,151.84,8655
2014-09-24 11:45:00,151.93,152.0,151.78,151.8,7860
2014-09-24 12:00:00,151.77,151.8,151.38,151.5,8110
2014-09-24 12:15:00,151.47,151.54,151.35,151.4,6658
2014-09-24 12:30:00,151.38,151.48,151.35,151.395,11403
2014-09-24 12:45:00,151.39,151.39,151.18,151.18,8710
2014-09-24 13:00:00,151.16,151.16,150.97,150.985,12129
2014-09-24 13:15:00,151.01,151.21,150.99,151.21,8950
2014-09-24 13:30:00,151.21,151.21,151.04,151.09,10623
2014-09-24 13:45:00,151.0875,151.4,151.08,151.4,10500
2014-09-24 14:00:00,151.42,151.47,151.31,151.3301,5870
2014-09-24 14:15:00,151.34,151.4462,151.3,151.3,7209
2014-09-24 14:30:00,151.29,151.395,151.21,151.375,12579
2014-09-24 14:45:00,151.37,151.56,151.35,151.56,7933
2014-09-24 15:00:00,151.56,151.77,151.56,151.65,11427
2014-09-24 15:15:00,151.68,151.8,151.66,151.74,9307
2014-09-24 15:30:00,151.74,151.77,151.63,151.63,8708
2014-09-24 15:45:00,151.6302,151.73,151.54,151.545,15136
2014-09-24 16:00:00,151.56,151.68,151.5,151.63,38590
2014-09-25 09:45:00,151.02,151.53,150.9,151.23,24277
2014-09-25 10:00:00,151.29,151.72,151.225,151.59,20642
2014-09-25 10:15:00,151.49,151.516,150.8,150.8,12994
2014-09-25 10:30:00,150.87,150.87,150.24,150.74,16532
2014-09-25 10:45:00,150.6,150.675,150.215,150.23,6500
2014-09-25 11:00:00,150.24,150.51,150.1,150.5,8236
2014-09-25 11:15:00,150.48,150.55,150.15,150.37,8734
2014-09-25 11:30:00,150.33,150.42,150.1,150.41,11817
2014-09-25 11:45:00,150.38,150.49,150.1201,150.1201,8954
2014-09-25 12:00:00,150.2,150.389,150.12,150.24,7283
2014-09-25 12:15:00,150.3,150.4,150.24,150.24,12303
2014-09-25 12:30:00,150.25,150.34,150.05,150.1,6153
2014-09-25 12:45:00,150.19,150.23,150.06,150.14,3529
2014-09-25 13:00:00,150.12,150.2,150.06,150.12,9233
2014-09-25 13:15:00,150.175,150.5264,150.01,150.46,8207
2014-09-25 13:30:00,150.51,150.58,150.44,150.53,7522
2014-09-25 13:45:00,150.54,150.54,150.06,150.1,8456
2014-09-25 14:00:00,150.059,150.059,149.78,149.8115,43312
2014-09-25 14:15:00,149.78,149.835,149.51,149.7005,12744
2014-09-25 14:30:00,149.735,149.91,149.7,149.8217,7356
2014-09-25 14:45:00,149.79,150.1,149.73,149.94,19168
2014-09-25 15:00:00,149.96,150.06,149.91,150.01,8170
2014-09-25 15:15:00,150.02,150.05,149.84,149.86,15409
2014-09-25 15:30:00,149.86,150.02,149.79,149.89,14158
2014-09-25 15:45:00,149.88,149.94,149.73,149.91,22829
2014-09-25 16:00:00,149.89,149.91,149.57,149.57,60091
2014-09-26 09:45:00,149.57,150.75,149.57,150.6,29361
2014-09-26 10:00:00,150.44,150.63,150.25,150.49,15564
2014-09-26 10:15:00,150.59,151.19,150.59,150.9,17765
2014-09-26 10:30:00,150.9,151.22,150.87,151.08,9830
2014-09-26 10:45:00,151.09,151.38,150.97,151.38,13234
2014-09-26 11:00:00,151.41,151.43,151.14,151.29,11936
2014-09-26 11:15:00,151.3596,151.57,151.3596,151.49,6565
2014-09-26 11:30:00,151.44,151.48,151.09,151.19,5133
2014-09-26 11:45:00,151.17,151.2,150.895,150.895,6400
2014-09-26 12:00:00,150.89,150.96,150.8,150.81,5000
2014-09-26 12:15:00,150.91,151.07,150.91,150.971,5300
2014-09-26 12:30:00,151.01,151.185,151.01,151.03,5431
2014-09-26 12:45:00,151.025,151.125,150.79,150.86,5860
2014-09-26 13:00:00,150.845,150.95,150.73,150.85,7535
2014-09-26 13:15:00,150.88,150.92,150.83,150.91,10771
2014-09-26 13:30:00,150.96,151.12,150.96,151.03,5000
2014-09-26 13:45:00,151.03,151.09,150.99,151.08,4286
2014-09-26 14:00:00,151.1,151.3269,151.1,151.3269,6654
2014-09-26 14:15:00,151.32,151.59,151.26,151.55,7335
2014-09-26 14:30:00,151.55,151.84,151.51,151.6,21055
2014-09-26 14:45:00,151.64,151.65,151.38,151.38,35054
2014-09-26 15:00:00,151.38,151.43,151.11,151.3,16833
2014-09-26 15:15:00,151.34,151.63,151.2,151.53,12883
2014-09-26 15:30:00,151.56,151.58,151.4,151.45,9501
2014-09-26 15:45:00,151.47,151.52,151.32,151.32,10904
2014-09-26 16:00:00,151.35,151.44,151.24,151.32,31393
2014-09-29 09:45:00,150.43,151.6871,149.84,151.6871,24699
2014-09-29 10:00:00,151.69,152.04,151.63,152.04,26175
2014-09-29 10:15:00,152.02,152.11,151.79,152.0,18627
2014-09-29 10:30:00,152.05,152.58,151.89,152.58,18822
2014-09-29 10:45:00,152.57,152.58,152.34,152.46,13052
2014-09-29 11:00:00,152.46,152.48,152.09,152.25,23153
2014-09-29 11:15:00,152.299,152.34,152.05,152.34,9419
2014-09-29 11:30:00,152.34,152.42,152.14,152.22,9616
2014-09-29 11:45:00,152.24,152.24,151.88,152.01,4898
2014-09-29 12:00:00,151.97,152.07,151.88,152.01,10404
2014-09-29 12:15:00,152.0,152.01,151.62,151.62,8012
2014-09-29 12:30:00,151.64,151.77,151.53,151.56,8373
2014-09-29 12:45:00,151.58,151.63,151.5,151.63,5289
2014-09-29 13:00:00,151.62,151.64,151.46,151.46,7444
2014-09-29 13:15:00,151.46,151.46,151.22,151.3651,7878
2014-09-29 13:30:00,151.43,151.61,151.43,151.53,4668
2014-09-29 13:45:00,151.58,151.71,151.47,151.47,7820
2014-09-29 14:00:00,151.52,151.72,151.43,151.64,8100
2014-09-29 14:15:00,151.64,151.7401,151.61,151.66,16076
2014-09-29 14:30:00,151.7,151.81,151.36,151.505,39788
2014-09-29 14:45:00,151.48,151.6,151.33,151.34,31082
2014-09-29 15:00:00,151.38,151.905,151.38,151.8616,7088
2014-09-29 15:15:00,151.885,152.13,151.81,152.11,6400
2014-09-29 15:30:00,152.11,152.28,152.0,152.18,11818
2014-09-29 15:45:00,152.18,152.18,151.71,151.75,17003
2014-09-29 16:00:00,151.735,151.94,151.735,151.81,32701
2014-09-30 09:45:00,151.56,151.9999,150.6026,150.82,34646
2014-09-30 10:00:00,150.99,151.47,150.95,151.35,13005
2014-09-30 10:15:00,151.28,151.35,150.83,151.09,15852
2014-09-30 10:30:00,151.135,151.41,150.98,151.25,22352
2014-09-30 10:45:00,151.25,151.35,151.08,151.21,27119
2014-09-30 11:00:00,151.21,151.685,151.21,151.57,17236
2014-09-30 11:15:00,151.605,151.82,151.55,151.74,8696
2014-09-30 11:30:00,151.75,152.03,151.59,151.89,9063
2014-09-30 11:45:00,151.88,151.92,151.62,151.63,17740
2014-09-30 12:00:00,151.63,151.8,151.605,151.74,4384
2014-09-30 12:15:00,151.8,151.94,151.67,151.94,4146
2014-09-30 12:30:00,151.91,151.91,151.6,151.71,6774
2014-09-30 12:45:00,151.6,151.62,151.19,151.325,12708
2014-09-30 13:00:00,151.355,151.44,151.33,151.34,18750
2014-09-30 13:15:00,151.35,151.43,151.26,151.27,27690
2014-09-30 13:30:00,151.22,151.33,151.08,151.08,13185
2014-09-30 13:45:00,151.075,151.14,150.95,150.95,17955
2014-09-30 14:00:00,150.92,150.92,150.59,150.59,7400
2014-09-30 14:15:00,150.64,150.8,150.49,150.59,36924
2014-09-30 14:30:00,150.61,150.61,150.21,150.39,13103
2014-09-30 14:45:00,150.36,150.54,150.28,150.46,13867
2014-09-30 15:00:00,150.52,150.79,150.51,150.76,19508
2014-09-30 15:15:00,150.76,150.83,150.64,150.7675,30778
2014-09-30 15:30:00,150.74,151.08,150.67,151.03,24066
2014-09-30 15:45:00,151.04,151.19,150.92,150.92,25367
2014-09-30 16:00:00,150.91,150.94,150.29,150.36,101507
2014-10-01 09:45:00,149.85,150.25,149.85,150.18,33308
2014-10-01 10:00:00,150.23,150.57,150.16,150.52,24269
2014-10-01 10:15:00,150.48,150.65,149.75,150.24,20061
2014-10-01 10:30:00,150.35,150.5173,149.99,150.02,10530
2014-10-01 10:45:00,150.03,150.38,149.97,150.32,14647
2014-10-01 11:00:00,150.27,150.65,150.19,150.63,12269
2014-10-01 11:15:00,150.63,150.92,150.58,150.64,12262
2014-10-01 11:30:00,150.57,150.88,150.52,150.71,11657
2014-10-01 11:45:00,150.69,150.72,150.47,150.62,16301
2014-10-01 12:00:00,150.59,150.66,150.433,150.6,31152
2014-10-01 12:15:00,150.61,150.68,150.37,150.4,10713
2014-10-01 12:30:00,150.3931,150.69,150.36,150.62,5184
2014-10-01 12:45:00,150.54,150.54,150.27,150.27,5432
2014-10-01 13:00:00,150.26,150.31,150.12,150.17,5444
2014-10-01 13:15:00,150.17,150.38,150.16,150.23,25611
2014-10-01 13:30:00,150.28,150.32,150.14,150.23,8600
2014-10-01 13:45:00,150.23,150.23,149.845,149.89,11078
2014-10-01 14:00:00,149.9,150.06,149.67,149.73,12891
2014-10-01 14:15:00,149.74,149.95,149.68,149.8575,16162
2014-10-01 14:30:00,149.84,150.17,149.8,149.99,12277
2014-10-01 14:45:00,150.01,150.1,149.93,149.98,10529
2014-10-01 15:00:00,149.9972,150.03,149.56,149.57,44357
2014-10-01 15:15:00,149.63,149.63,149.28,149.42,22228
2014-10-01 15:30:00,149.41,149.71,149.37,149.625,32406
2014-10-01 15:45:00,149.63,149.8,149.53,149.64,21570
2014-10-01 16:00:00,149.64,149.846,149.38,149.43,47864
2014-10-02 09:45:00,149.47,150.91,149.47,150.82,27396
2014-10-02 10:00:00,150.8,151.3,150.64,151.24,34277
2014-10-02 10:15:00,151.2,151.41,150.99,151.245,12937
2014-10-02 10:30:00,151.34,151.38,151.1032,151.14,9856
2014-10-02 10:45:00,151.21,151.21,150.68,150.85,11058
2014-10-02 11:00:00,150.78,150.96,150.78,150.88,18045
2014-10-02 11:15:00,150.88,151.03,150.81,151.0,13294
2014-10-02 11:30:00,151.02,151.11,150.91,150.94,11510
2014-10-02 11:45:00,150.96,150.96,150.17,150.29,16512
2014-10-02 12:00:00,150.3,150.44,150.1,150.4,6871
2014-10-02 12:15:00,150.43,150.45,150.24,150.27,7730
2014-10-02 12:30:00,150.2701,150.3299,150.16,150.27,6713
2014-10-02 12:45:00,150.28,150.42,150.15,150.41,11024
2014-10-02 13:00:00,150.36,150.77,150.3,150.76,9650
2014-10-02 13:15:00,150.76,150.78,150.6,150.72,17237
2014-10-02 13:30:00,150.71,150.97,150.69,150.92,8253
2014-10-02 13:45:00,150.98,151.05,150.72,150.72,4600
2014-10-02 14:00:00,150.76,150.88,150.64,150.73,4723
2014-10-02 14:15:00,150.76,151.11,150.76,151.106,12502
2014-10-02 14:30:00,151.1,151.17,150.89,151.17,12794
2014-10-02 14:45:00,151.17,151.205,150.96,151.205,14571
2014-10-02 15:00:00,151.23,151.48,151.23,151.4,7833
2014-10-02 15:15:00,151.37,151.39,151.18,151.18,9581
2014-10-02 15:30:00,151.13,151.14,150.97,151.03,8170
2014-10-02 15:45:00,151.02,151.06,150.9,151.02,11700
2014-10-02 16:00:00,150.95,151.24,150.92,150.95,31167
2014-10-03 09:45:00,151.46,152.05,151.21,152.05,18333
2014-10-03 10:00:00,152.1,152.52,151.92,152.37,8590
2014-10-03 10:15:00,152.38,152.9025,152.3,152.84,15056
2014-10-03 10:30:00,152.81,153.18,152.81,153.07,13389
2014-10-03 10:45:00,153.15,153.15,152.77,152.81,12612
2014-10-03 11:00:00,152.87,153.04,152.79,152.94,5229
2014-10-03 11:15:00,152.92,153.2,152.9,152.95,6000
2014-10-03 11:30:00,152.96,152.98,152.7,152.77,2800
2014-10-03 11:45:00,152.82,152.83,152.61,152.61,4640
2014-10-03 12:00:00,152.66,152.8,152.53,152.8,14552
2014-10-03 12:15:00,152.74,152.79,152.52,152.59,5900
2014-10-03 12:30:00,152.6,152.84,152.53,152.78,5030
2014-10-03 12:45:00,152.84,153.02,152.84,153.02,4001
2014-10-03 13:00:00,153.01,153.01,152.89,152.89,3600
2014-10-03 13:15:00,152.85,152.92,152.74,152.84,3974
2014-10-03 13:30:00,152.79,152.83,152.73,152.77,3396
2014-10-03 13:45:00,152.76,152.78,152.565,152.6766,4000
2014-10-03 14:00:00,152.66,152.85,152.62,152.82,4240
2014-10-03 14:15:00,152.83,153.01,152.805,152.97,5276
2014-10-03 14:30:00,152.93,153.17,152.91,153.13,6200
2014-10-03 14:45:00,153.14,153.27,153.13,153.24,4346
2014-10-03 15:00:00,153.27,153.31,153.22,153.29,8070
2014-10-03 15:15:00,153.31,153.46,153.25,153.31,11239
2014-10-03 15:30:00,153.34,153.5,153.34,153.45,10901
2014-10-03 15:45:00,153.47,153.49,153.34,153.38,12718
2014-10-03 16:00:00,153.41,153.7,153.13,153.21,47515
2014-10-06 09:45:00,153.21,154.1282,153.18,153.95,23820
2014-10-06 10:00:00,154.04,154.4,153.92,154.145,17039
2014-10-06 10:15:00,154.04,154.16,153.57,153.67,24858
2014-10-06 10:30:00,153.71,153.94,153.68,153.94,9464
2014-10-06 10:45:00,153.94,154.3137,153.91,154.132,11405
2014-10-06 11:00:00,154.12,154.12,153.55,153.68,8839
2014-10-06 11:15:00,153.64,153.73,153.56,153.67,9085
2014-10-06 11:30:00,153.63,153.63,153.43,153.52,8460
2014-10-06 11:45:00,153.52,153.54,152.77,152.77,8595
2014-10-06 12:00:00,152.77,152.79,152.47,152.64,12652
2014-10-06 12:15:00,152.65,152.86,152.65,152.73,3100
2014-10-06 12:30:00,152.8,152.92,152.73,152.775,5672
2014-10-06 12:45:00,152.71,152.71,152.36,152.42,2800
2014-10-06 13:00:00,152.37,152.55,152.29,152.44,5504
2014-10-06 13:15:00,152.44,152.61,152.38,152.58,14733
2014-10-06 13:30:00,152.63,152.86,152.63,152.83,5200
2014-10-06 13:45:00,152.86,152.91,152.67,152.74,6943
2014-10-06 14:00:00,152.73,152.82,152.59,152.71,8160
2014-10-06 14:15:00,152.71,152.71,152.45,152.5,1500
2014-10-06 14:30:00,152.51,152.94,152.51,152.81,3224
2014-10-06 14:45:00,152.85,152.94,152.77,152.88,4340
2014-10-06 15:00:00,152.91,152.91,152.78,152.86,3700
2014-10-06 15:15:00,152.85,152.85,152.47899999999998,152.53,7800
2014-10-06 15:30:00,152.56,152.9,152.56,152.84,7622
2014-10-06 15:45:00,152.81,152.83,152.64,152.71,8100
2014-10-06 16:00:00,152.68,152.78,152.57,152.66,21626
2014-10-07 09:45:00,151.64,152.13,151.13,152.11,25326
2014-10-07 10:00:00,152.11,152.26,151.77,151.95,19353
2014-10-07 10:15:00,152.06,152.55,151.99,152.23,6664
2014-10-07 10:30:00,152.2,152.46,151.975,152.27,6400
2014-10-07 10:45:00,152.34,152.55,152.27,152.41,5700
2014-10-07 11:00:00,152.5,152.78,152.41,152.41,7400
2014-10-07 11:15:00,152.41,152.52,152.19,152.19,6362
2014-10-07 11:30:00,152.14,152.35,152.12,152.29,4500
2014-10-07 11:45:00,152.24,152.27,152.1,152.22,8595
2014-10-07 12:00:00,152.2015,152.21,152.04,152.13,3311
2014-10-07 12:15:00,152.11,152.44,152.09,152.44,4441
2014-10-07 12:30:00,152.45,152.47,152.24,152.3101,5804
2014-10-07 12:45:00,152.32,152.32,151.97,151.97,9850
2014-10-07 13:00:00,152.0,152.05,151.85,152.0,8332
2014-10-07 13:15:00,152.01,152.07,151.88,152.07,7101
2014-10-07 13:30:00,152.15,152.23,152.0633,152.215,3627
2014-10-07 13:45:00,152.18,152.21,152.01,152.02,3069
2014-10-07 14:00:00,151.99,152.13,151.94,152.07,4790
2014-10-07 14:15:00,152.04,152.3,152.01,152.3,6529
2014-10-07 14:30:00,152.325,152.33,152.1,152.11,11289
2014-10-07 14:45:00,152.04,152.22,151.92,152.2,10849
2014-10-07 15:00:00,152.19,152.27,152.15,152.19,11637
2014-10-07 15:15:00,152.19,152.35,151.92,151.95,25251
2014-10-07 15:30:00,151.96,151.96,151.59,151.69,22353
2014-10-07 15:45:00,151.7,151.77,151.47,151.6,13683
2014-10-07 16:00:00,151.6,151.72,151.25,151.26,58232
2014-10-08 09:45:00,151.66,152.39,151.07,152.23,24781
2014-10-08 10:00:00,152.21,152.26,151.75,152.0,35984
2014-10-08 10:15:00,152.01,152.24,151.81,152.13,27042
2014-10-08 10:30:00,152.13,152.16,151.76,152.06,16950
2014-10-08 10:45:00,152.01,152.07,151.24200000000002,151.32,20640
2014-10-08 11:00:00,151.37,151.43,151.14,151.21,23484
2014-10-08 11:15:00,151.21,151.51,151.14,151.43,10100
2014-10-08 11:30:00,151.31,151.5,151.12,151.44,15804
2014-10-08 11:45:00,151.47,151.5,151.3,151.3,4978
2014-10-08 12:00:00,151.23,151.53,151.22,151.53,3324
2014-10-08 12:15:00,151.495,151.65,151.495,151.635,15931
2014-10-08 12:30:00,151.68,151.74,151.35,151.35,19854
2014-10-08 12:45:00,151.3,151.35,151.14,151.22,4300
2014-10-08 13:00:00,151.16,151.16,151.01,151.11,3825
2014-10-08 13:15:00,151.1,151.32,151.065,151.13,8100
2014-10-08 13:30:00,151.15,151.16,150.85,150.86,8636
2014-10-08 13:45:00,150.83,151.04,150.83,151.04,4401
2014-10-08 14:00:00,151.07,151.26,151.04,151.172,17917
2014-10-08 14:15:00,151.2,151.93,151.2,151.83,23881
2014-10-08 14:30:00,151.76,152.6395,151.74,152.6395,36995
2014-10-08 14:45:00,152.7,153.0,152.59,152.82,32680
2014-10-08 15:00:00,152.83,152.93,152.72,152.93,17625
2014-10-08 15:15:00,152.94,153.15,152.9,152.95,23503
2014-10-08 15:30:00,152.95,153.34,152.87,153.12,26705
2014-10-08 15:45:00,153.13,153.48,153.11,153.37,44818
2014-10-08 16:00:00,153.35,153.39,153.06,153.1,73791
2014-10-09 09:45:00,152.58,153.855,152.58,153.4,17975
2014-10-09 10:00:00,153.44,153.4825,152.63,152.69,8530
2014-10-09 10:15:00,152.69,152.9,152.47,152.77,9175
2014-10-09 10:30:00,152.79,152.88,152.371,152.53,14917
2014-10-09 10:45:00,152.46,152.5,151.84,152.15,18202
2014-10-09 11:00:00,152.07,152.37,151.75,152.32,20658
2014-10-09 11:15:00,152.25,152.38,152.03,152.37,18427
2014-10-09 11:30:00,152.29,152.39,152.05,152.05,7995
2014-10-09 11:45:00,152.0,152.25,151.86,151.86,30969
2014-10-09 12:00:00,151.86,151.89,151.57,151.66,25060
2014-10-09 12:15:00,151.59,151.91,151.59,151.89,22330
2014-10-09 12:30:00,151.82,152.0,151.32,151.38,34855
2014-10-09 12:45:00,151.38,151.38,151.11,151.35,7394
2014-10-09 13:00:00,151.31,151.45,151.15,151.26,11340
2014-10-09 13:15:00,151.24,151.33,151.06,151.16,30330
2014-10-09 13:30:00,151.135,151.33,150.92,151.31,34934
2014-10-09 13:45:00,151.31,151.81,151.3,151.48,15418
2014-10-09 14:00:00,151.48,151.56,150.96,151.29,13816
2014-10-09 14:15:00,151.18,151.18,150.52,150.53,15134
2014-10-09 14:30:00,150.55,150.68,150.2901,150.2901,13527
2014-10-09 14:45:00,150.29,150.66,150.18,150.42,19914
2014-10-09 15:00:00,150.45,150.67,150.31,150.36,12271
2014-10-09 15:15:00,150.33,150.62,150.16,150.48,15632
2014-10-09 15:30:00,150.41,150.62,150.35,150.49,13881
2014-10-09 15:45:00,150.57,150.83,150.5,150.53,15554
2014-10-09 16:00:00,150.47,150.47,150.06,150.06,46799
2014-10-10 09:45:00,149.85,151.59,149.83,151.53,28088
2014-10-10 10:00:00,151.53,151.64,151.3,151.49,31839
2014-10-10 10:15:00,151.48,151.77,150.59,150.61,31106
2014-10-10 10:30:00,150.6,150.92,150.26,150.51,22940
2014-10-10 10:45:00,150.495,150.88,150.41,150.88,18080
2014-10-10 11:00:00,150.88,151.2,150.68,150.99,19932
2014-10-10 11:15:00,151.03,151.32,150.96,151.03,11615
2014-10-10 11:30:00,150.96,151.21,150.76,151.2,23689
2014-10-10 11:45:00,151.11,151.27,150.99,151.0,11654
2014-10-10 12:00:00,151.0255,151.3,150.97,151.06,19815
2014-10-10 12:15:00,151.06,151.41,151.05,151.22,56765
2014-10-10 12:30:00,151.22,151.52,151.08,151.4399,15965
2014-10-10 12:45:00,151.43,151.97,151.43,151.8,13195
2014-10-10 13:00:00,151.84,151.98,151.75,151.91,9012
2014-10-10 13:15:00,151.88,152.04,151.77,151.94,8870
2014-10-10 13:30:00,151.89,151.98,151.73,151.8,8200
2014-10-10 13:45:00,151.81,152.09,151.79,152.09,17248
2014-10-10 14:00:00,152.04,152.04,151.69,151.72,10787
2014-10-10 14:15:00,151.75,151.8,151.41,151.4825,42797
2014-10-10 14:30:00,151.53,151.635,151.36,151.6,10918
2014-10-10 14:45:00,151.5,151.61,151.35,151.59,29882
2014-10-10 15:00:00,151.59,151.59,151.409,151.44,20827
2014-10-10 15:15:00,151.45,151.58,151.33,151.458,21573
2014-10-10 15:30:00,151.455,151.62,151.31,151.62,28578
2014-10-10 15:45:00,151.63,151.7,151.49,151.66,24469
2014-10-10 16:00:00,151.61,151.68,151.48,151.56,90961
2014-10-13 09:45:00,151.31,151.79,151.0753,151.32,50269
2014-10-13 10:00:00,151.33,151.5,150.525,150.55,17291
2014-10-13 10:15:00,150.61,150.95,150.58,150.63,18403
2014-10-13 10:30:00,150.561,150.61,150.132,150.132,16343
2014-10-13 10:45:00,150.12,150.19,149.52,149.58,48491
2014-10-13 11:00:00,149.6,150.07,149.6,149.85,25450
2014-10-13 11:15:00,149.72,150.21,149.72,149.91,12330
2014-10-13 11:30:00,149.93,149.93,149.475,149.54,36250
2014-10-13 11:45:00,149.49,149.78,149.43,149.62,5461
2014-10-13 12:00:00,149.66,150.03,149.66,149.92,23800
2014-10-13 12:15:00,149.96,149.98,149.79,149.92,4600
2014-10-13 12:30:00,149.83,150.41,149.83,150.41,8808
2014-10-13 12:45:00,150.39,150.87,150.39,150.74,9629
2014-10-13 13:00:00,150.74,150.74,150.4,150.55,20628
2014-10-13 13:15:00,150.57,150.95,150.57,150.64,26084
2014-10-13 13:30:00,150.65,150.8,150.45,150.73,12797
2014-10-13 13:45:00,150.72,150.79,150.43,150.47,5981
2014-10-13 14:00:00,150.46,150.52,150.17,150.31,7070
2014-10-13 14:15:00,150.338,150.41,150.04,150.04,47386
2014-10-13 14:30:00,150.04,150.18,149.87,150.09,33353
2014-10-13 14:45:00,150.03,150.09,149.92,149.98,11200
2014-10-13 15:00:00,149.99,150.17,149.94,149.96,16528
2014-10-13 15:15:00,149.94,149.99,149.8,149.92,10012
2014-10-13 15:30:00,149.89,149.89,149.54,149.71,12649
2014-10-13 15:45:00,149.69,149.69,148.8,149.01,48519
2014-10-13 16:00:00,148.99,149.02,148.5,148.53,66891
2014-10-14 09:45:00,149.78,149.79,148.9,149.705,23172
2014-10-14 10:00:00,149.71,149.87,149.31,149.65,18151
2014-10-14 10:15:00,149.69,150.17,149.37,149.71,72371
2014-10-14 10:30:00,149.76,149.76,149.17,149.25,10315
2014-10-14 10:45:00,149.31,149.6,149.18,149.5,6086
2014-10-14 11:00:00,149.45,149.87,149.2,149.22,15544
2014-10-14 11:15:00,149.28,149.595,149.06,149.57,7754
2014-10-14 11:30:00,149.63,149.81,149.49,149.56,13850
2014-10-14 11:45:00,149.74,149.91,149.59,149.91,7805
2014-10-14 12:00:00,149.94,150.07,149.76,149.96,14355
2014-10-14 12:15:00,149.98,150.1,149.89,149.98,8020
2014-10-14 12:30:00,150.06,150.09,149.83,150.01,6950
2014-10-14 12:45:00,149.97,149.98,149.77,149.91,9478
2014-10-14 13:00:00,149.89,149.97,149.62,149.75,7600
2014-10-14 13:15:00,149.73,149.79,149.51,149.68,5105
2014-10-14 13:30:00,149.75,149.81,149.41,149.52,11518
2014-10-14 13:45:00,149.55,149.74,149.44,149.53,5800
2014-10-14 14:00:00,149.43,149.83,149.37,149.8275,10989
2014-10-14 14:15:00,149.83,150.02,149.74,149.94,15998
2014-10-14 14:30:00,149.9,149.9,149.45,149.55,10000
2014-10-14 14:45:00,149.6,149.81,149.39,149.72,21860
2014-10-14 15:00:00,149.8,149.83,149.43,149.5,15286
2014-10-14 15:15:00,149.505,149.58,149.16,149.23,30986
2014-10-14 15:30:00,149.32,149.32,148.85,149.22,20316
2014-10-14 15:45:00,149.22,149.73,148.96,149.495,24025
2014-10-14 16:00:00,149.485,149.49,148.96,149.0,94483
2014-10-15 09:45:00,147.17,148.56,146.22,147.67,146652
2014-10-15 10:00:00,147.81,148.73,147.47,148.49,51895
2014-10-15 10:15:00,148.5,149.01,148.3,148.79,53724
2014-10-15 10:30:00,148.79,148.8,148.24,148.57,27853
2014-10-15 10:45:00,148.61,148.61,148.19,148.19,12160
2014-10-15 11:00:00,148.23,148.52,147.965,148.4,70283
2014-10-15 11:15:00,148.34,148.88,148.13,148.66,40565
2014-10-15 11:30:00,148.66,148.66,147.62,147.71,22758
2014-10-15 11:45:00,147.79,148.09,147.765,147.97,40035
2014-10-15 12:00:00,147.957,148.03,147.57,147.93,7652
2014-10-15 12:15:00,147.93,148.04,147.4242,147.4242,12700
2014-10-15 12:30:00,147.5,147.79,147.25,147.63,13394
2014-10-15 12:45:00,147.66,147.75,147.1,147.16,18100
2014-10-15 13:00:00,147.18,147.39,146.72,146.89,23738
2014-10-15 13:15:00,146.89,147.31,146.5,146.995,27895
2014-10-15 13:30:00,146.99,147.225,146.91,147.2,57913
2014-10-15 13:45:00,147.15,147.635,147.14,147.14,23014
2014-10-15 14:00:00,147.12,147.56,147.08,147.34,17634
2014-10-15 14:15:00,147.33,147.43,146.9725,147.43,88150
2014-10-15 14:30:00,147.41,148.2,147.41,148.14,35308
2014-10-15 14:45:00,148.12,148.88,147.99,148.56,26854
2014-10-15 15:00:00,148.64,149.08,148.52,149.07,24793
2014-10-15 15:15:00,149.14,149.35,148.8,148.8,89921
2014-10-15 15:30:00,148.85,149.65,148.31,149.65,30513
2014-10-15 15:45:00,149.65,150.49,149.43,150.41,39165
2014-10-15 16:00:00,150.42,150.42,149.46,149.57,96334
2014-10-16 09:45:00,147.83,149.73,146.82,149.555,33902
2014-10-16 10:00:00,149.39,150.44,149.32,150.11,30983
2014-10-16 10:15:00,149.95,150.32,149.67,149.79,37400
2014-10-16 10:30:00,149.77,151.1,149.4,150.51,32786
2014-10-16 10:45:00,150.47,150.68,150.32,150.6003,27841
2014-10-16 11:00:00,150.68,151.3,150.68,150.68,19050
2014-10-16 11:15:00,150.67,150.75,150.28,150.54,16586
2014-10-16 11:30:00,150.48,150.88,150.19,150.48,12941
2014-10-16 11:45:00,150.42,150.64,149.89,149.93,15800
2014-10-16 12:00:00,149.91,150.11,149.19,149.27,22373
2014-10-16 12:15:00,149.24,149.72,149.0,149.62,20600
2014-10-16 12:30:00,149.66,149.87,149.445,149.57,14135
2014-10-16 12:45:00,149.5025,149.87,149.34,149.87,12479
2014-10-16 13:00:00,149.74,150.02,149.71,149.93,18327
2014-10-16 13:15:00,149.89,150.25,149.86,150.02,17100
2014-10-16 13:30:00,150.07,150.33,149.91,150.19,15192
2014-10-16 13:45:00,150.095,150.4,150.07,150.31,14915
2014-10-16 14:00:00,150.31,150.39,149.28,149.35,24563
2014-10-16 14:15:00,149.36,149.81,149.21,149.21,15897
2014-10-16 14:30:00,149.265,149.5,149.03,149.43,23046
2014-10-16 14:45:00,149.44,149.63,149.29,149.35,17738
2014-10-16 15:00:00,149.35,149.42,148.945,149.42,32806
2014-10-16 15:15:00,149.4,149.54,149.03,149.5,42846
2014-10-16 15:30:00,149.46,149.73,149.41,149.69,26614
2014-10-16 15:45:00,149.63,149.83,149.32,149.38,41514
2014-10-16 16:00:00,149.39,149.89,149.34,149.46,83816
2014-10-17 09:45:00,150.63,150.96,149.4,149.74,74424
2014-10-17 10:00:00,149.83,150.5,149.41,150.23,59274
2014-10-17 10:15:00,150.355,150.64,150.1,150.64,19904
2014-10-17 10:30:00,150.63,151.11,150.55,150.9,18130
2014-10-17 10:45:00,150.91,150.945,149.93,150.03,26629
2014-10-17 11:00:00,150.08,150.29,149.835,150.29,25100
2014-10-17 11:15:00,150.24,150.3,149.94,150.16,19873
2014-10-17 11:30:00,150.2,150.61,150.2,150.47,9300
2014-10-17 11:45:00,150.42,150.89,150.35,150.86,10547
2014-10-17 12:00:00,150.97,151.29,150.97,150.98,15879
2014-10-17 12:15:00,151.0,151.39,151.0,151.135,9029
2014-10-17 12:30:00,151.16,151.22,151.04,151.215,9194
2014-10-17 12:45:00,151.17,151.45,151.02,151.08,15788
2014-10-17 13:00:00,151.07,151.15,150.81,151.15,11310
2014-10-17 13:15:00,151.14,151.45,151.02,151.11,10605
2014-10-17 13:30:00,151.14,151.41,151.14,151.15,5900
2014-10-17 13:45:00,151.07,151.39,150.96,151.26,9517
2014-10-17 14:00:00,151.21,151.21,150.94,151.18,13300
2014-10-17 14:15:00,151.14,151.2,150.855,151.12,12950
2014-10-17 14:30:00,151.12,151.19,150.87,151.09,11000
2014-10-17 14:45:00,151.12,151.57,151.085,151.57,24111
2014-10-17 15:00:00,151.56,151.62,151.25,151.55,30583
2014-10-17 15:15:00,151.56,151.8,151.15,151.8,27183
2014-10-17 15:30:00,151.8,152.19,151.62,152.19,43248
2014-10-17 15:45:00,152.25,152.68,152.2,152.66,51635
2014-10-17 16:00:00,152.66,152.74,152.08,152.08,91962
2014-10-20 09:45:00,152.27,153.3,151.874,152.51,71502
2014-10-20 10:00:00,152.51,152.57,151.9,152.045,33615
2014-10-20 10:15:00,152.07,152.35,151.955,152.0,56167
2014-10-20 10:30:00,152.11,152.4,151.9,152.24,47960
2014-10-20 10:45:00,152.28,152.32,151.99,152.32,25469
2014-10-20 11:00:00,152.2,152.29,151.98,152.16,20998
2014-10-20 11:15:00,152.17,152.17,151.9475,152.1,18873
2014-10-20 11:30:00,152.16,152.24,151.96,152.12,26357
2014-10-20 11:45:00,152.09,152.54,152.0,152.51,22200
2014-10-20 12:00:00,152.515,152.555,152.36,152.48,10195
2014-10-20 12:15:00,152.4301,152.64,152.42,152.59,19103
2014-10-20 12:30:00,152.618,152.92,152.59,152.86,17101
2014-10-20 12:45:00,152.856,153.09,152.75,153.02,16832
2014-10-20 13:00:00,153.01,153.02,152.57,152.58,8437
2014-10-20 13:15:00,152.58,152.64,152.47,152.55,10446
2014-10-20 13:30:00,152.65,152.99,152.64,152.99,8000
2014-10-20 13:45:00,152.99,153.33,152.95,153.23,12733
2014-10-20 14:00:00,153.26,153.49,153.26,153.49,13200
2014-10-20 14:15:00,153.465,154.549,153.465,154.44,35694
2014-10-20 14:30:00,154.49,154.5,154.16,154.4,12900
2014-10-20 14:45:00,154.36,154.8,154.29,154.8,23910
2014-10-20 15:00:00,154.8,154.87,154.53,154.8,18834
2014-10-20 15:15:00,154.86,155.0,154.81,154.99,18956
2014-10-20 15:30:00,154.975,154.99,154.64,154.87,34365
2014-10-20 15:45:00,154.89,154.93,154.73,154.92,33113
2014-10-20 16:00:00,154.91,155.23,154.88,154.97,93726
2014-10-21 09:45:00,155.8,156.439,155.51,156.122,43961
2014-10-21 10:00:00,156.2,156.81,156.2,156.81,33614
2014-10-21 10:15:00,156.86,157.25,156.72,157.1,32110
2014-10-21 10:30:00,157.11,157.28,156.86,157.17,24744
2014-10-21 10:45:00,157.2,157.907,157.19,157.9,21996
2014-10-21 11:00:00,157.91,158.0,157.52,157.57,18403
2014-10-21 11:15:00,157.6,157.85,157.52,157.585,14200
2014-10-21 11:30:00,157.63,158.3399,157.51,158.24,19940
2014-10-21 11:45:00,158.205,158.93,158.2,158.656,22916
2014-10-21 12:00:00,158.66,158.66,158.11,158.17,15696
2014-10-21 12:15:00,158.13,158.48,158.13,158.48,11152
2014-10-21 12:30:00,158.53,158.78,158.49,158.78,14150
2014-10-21 12:45:00,158.765,158.765,158.42,158.66,7032
2014-10-21 13:00:00,158.64,158.71,158.26,158.33,8600
2014-10-21 13:15:00,158.31,158.55,158.29,158.52,9900
2014-10-21 13:30:00,158.49,158.56,158.35,158.51,19294
2014-10-21 13:45:00,158.49,158.87,158.47,158.79,17291
2014-10-21 14:00:00,158.75,158.99,158.528,158.99,17467
2014-10-21 14:15:00,159.01,159.2,158.66,158.75,31107
2014-10-21 14:30:00,158.76,158.95,158.72,158.79,17544
2014-10-21 14:45:00,158.81,158.93,158.59,158.79,30454
2014-10-21 15:00:00,158.805,158.83,158.35,158.55,19053
2014-10-21 15:15:00,158.51,158.9699,158.465,158.61,81372
2014-10-21 15:30:00,158.61,158.91,158.46,158.88,30955
2014-10-21 15:45:00,158.87,158.87,158.57,158.65,26016
2014-10-21 16:00:00,158.65,158.88,158.6,158.85,74900
2014-10-22 09:45:00,158.95,160.5,158.01,160.08,52670
2014-10-22 10:00:00,160.19,160.78,159.69,160.69,28235
2014-10-22 10:15:00,160.69,160.75,160.0,160.1582,78465
2014-10-22 10:30:00,160.215,160.38,159.88,160.03,21395
2014-10-22 10:45:00,160.01,160.3,159.2525,159.35,49343
2014-10-22 11:00:00,159.31,159.3625,158.51,158.61,43210
2014-10-22 11:15:00,158.6,159.23,158.5,159.05,39908
2014-10-22 11:30:00,159.03,159.35,159.0193,159.11,21095
2014-10-22 11:45:00,159.21,159.25,158.83,158.89,29816
2014-10-22 12:00:00,158.85,159.01,158.63,158.855,14019
2014-10-22 12:15:00,158.845,158.98,158.52,158.61,22666
2014-10-22 12:30:00,158.5101,158.66,158.07,158.66,34438
2014-10-22 12:45:00,158.67,158.81,158.23,158.39,12522
2014-10-22 13:00:00,158.42,158.625,158.19,158.56,13740
2014-10-22 13:15:00,158.55,158.85,158.445,158.55,13993
2014-10-22 13:30:00,158.55,158.66,158.4,158.47,10560
2014-10-22 13:45:00,158.44,158.87,158.4,158.73,42977
2014-10-22 14:00:00,158.74200000000002,158.83,158.36,158.375,10512
2014-10-22 14:15:00,158.37,158.86,158.06,158.61,25603
2014-10-22 14:30:00,158.65,158.66,158.23,158.57,27159
2014-10-22 14:45:00,158.57,158.57,157.9201,158.18,32569
2014-10-22 15:00:00,158.2,158.36,157.91,158.2,34850
2014-10-22 15:15:00,158.19,158.19,157.73,157.95,27300
2014-10-22 15:30:00,157.94,158.035,157.31,157.78,39942
2014-10-22 15:45:00,157.8,157.94,157.55,157.55,40108
2014-10-22 16:00:00,157.56,157.71,157.18,157.32,97827
2014-10-23 09:45:00,165.0,167.99,163.72,166.43,205038
2014-10-23 10:00:00,166.59,167.98,165.3,166.916,101280
2014-10-23 10:15:00,166.69,168.68,166.69,168.5,133450
2014-10-23 10:30:00,168.52,169.13,168.5,168.6,59531
2014-10-23 10:45:00,168.56,168.57,166.45,166.84,78686
2014-10-23 11:00:00,166.85,168.28,166.4525,167.92,42861
2014-10-23 11:15:00,167.98,168.21,167.5,167.92,46089
2014-10-23 11:30:00,167.87900000000002,168.09,167.51,167.69,36298
2014-10-23 11:45:00,167.69,168.22799999999998,167.55,168.14,45030
2014-10-23 12:00:00,168.09,168.23,167.69,167.84,37695
2014-10-23 12:15:00,167.84,167.84,167.38,167.5752,31860
2014-10-23 12:30:00,167.585,167.84,164.49,167.8,26208
2014-10-23 12:45:00,167.7955,167.7955,167.475,167.525,21426
2014-10-23 13:00:00,167.59,167.77,167.5,167.5506,35835
2014-10-23 13:15:00,167.54,167.86,167.42,167.86,21491
2014-10-23 13:30:00,167.925,167.925,167.49,167.62,32910
2014-10-23 13:45:00,167.63,167.93,167.52,167.65,19221
2014-10-23 14:00:00,167.65,167.88,167.62,167.8,17450
2014-10-23 14:15:00,167.82,168.2,167.6,167.78,43965
2014-10-23 14:30:00,167.74,167.7799,167.54,167.75,29154
2014-10-23 14:45:00,167.75,168.35,167.67,168.2,44730
2014-10-23 15:00:00,168.24,168.5,167.61,167.7771,34500
2014-10-23 15:15:00,167.69,167.73,167.06,167.08,45675
2014-10-23 15:30:00,167.1,167.5,166.87,167.02,57074
2014-10-23 15:45:00,167.078,167.7,167.0401,167.41,72359
2014-10-23 16:00:00,167.435,167.82,167.31,167.41,147580
2014-10-24 09:45:00,167.73,168.34,167.06,168.02,36923
2014-10-24 10:00:00,167.89,168.015,167.1201,167.425,17900
2014-10-24 10:15:00,167.43,167.43,166.88,167.19,17642
2014-10-24 10:30:00,167.12,167.53,166.915,167.53,24304
2014-10-24 10:45:00,167.51,168.13,167.51,168.11,11766
2014-10-24 11:00:00,168.11,168.49,168.1,168.49,10019
2014-10-24 11:15:00,168.48,168.997,168.3,168.94,21231
2014-10-24 11:30:00,168.93,169.62,168.93,169.505,21144
2014-10-24 11:45:00,169.47,170.13,169.41,170.04,39365
2014-10-24 12:00:00,170.065,170.15,169.93,169.93,28356
2014-10-24 12:15:00,169.9,170.27,169.8,170.19,35332
2014-10-24 12:30:00,170.2,170.44,170.185,170.26,26232
2014-10-24 12:45:00,170.28,170.6,170.28,170.57,21061
2014-10-24 13:00:00,170.54,170.62,170.28,170.46,22757
2014-10-24 13:15:00,170.46,170.77,170.29,170.297,20547
2014-10-24 13:30:00,170.31,170.32,170.06599999999997,170.1,29112
2014-10-24 13:45:00,170.08,170.29,170.01,170.04,22337
2014-10-24 14:00:00,170.03,170.22,169.86,170.19,23129
2014-10-24 14:15:00,170.23,170.66,170.18,170.4,22118
2014-10-24 14:30:00,170.41,170.89,170.38,170.79,26718
2014-10-24 14:45:00,170.76,170.85,170.66,170.77,24542
2014-10-24 15:00:00,170.81,170.89,170.61,170.85,18935
2014-10-24 15:15:00,170.84,170.85,170.57,170.57,31666
2014-10-24 15:30:00,170.6,170.77,170.48,170.77,36172
2014-10-24 15:45:00,170.761,170.87,170.53,170.54,63004
2014-10-24 16:00:00,170.52,170.59,170.3,170.48,152677
2014-10-27 09:45:00,170.1,171.13,170.01,171.03,54490
2014-10-27 10:00:00,170.9,170.93,170.17,170.57,23380
2014-10-27 10:15:00,170.605,170.84,170.32,170.77,59332
2014-10-27 10:30:00,170.79,170.99,170.665,170.82,16065
2014-10-27 10:45:00,170.8357,171.41,170.6,171.41,31332
2014-10-27 11:00:00,171.36,171.49,171.2,171.49,13304
2014-10-27 11:15:00,171.47,171.97,171.39,171.62,22854
2014-10-27 11:30:00,171.52,171.53,171.22,171.37,10154
2014-10-27 11:45:00,171.31,171.41,171.15,171.3,22045
2014-10-27 12:00:00,171.33,171.33,171.15,171.17,9147
2014-10-27 12:15:00,171.16,171.8,171.16,171.78,9178
2014-10-27 12:30:00,171.83,171.88,171.52,171.65,9900
2014-10-27 12:45:00,171.62,171.84,171.415,171.84,15644
2014-10-27 13:00:00,171.91,172.0,171.63,171.68,9919
2014-10-27 13:15:00,171.7,171.84,171.56,171.57,24375
2014-10-27 13:30:00,171.59,171.62,171.4,171.49,10746
2014-10-27 13:45:00,171.455,171.5076,171.09,171.19,7687
2014-10-27 14:00:00,171.12,171.31,171.08,171.15,6948
2014-10-27 14:15:00,171.15,171.36,171.01,171.36,13491
2014-10-27 14:30:00,171.365,171.38,171.06,171.2,15269
2014-10-27 14:45:00,171.21,171.225,170.97,171.12,20409
2014-10-27 15:00:00,171.13,171.17,170.89,170.95,21541
2014-10-27 15:15:00,170.98,171.15,170.98,171.15,17465
2014-10-27 15:30:00,171.18,171.5,171.18,171.47,22549
2014-10-27 15:45:00,171.48,171.7,171.4,171.68,39699
2014-10-27 16:00:00,171.66,171.665,171.2,171.3,86530
2014-10-28 09:45:00,171.59,172.5,171.59,171.81,34636
2014-10-28 10:00:00,171.725,172.25,171.51,172.13,31042
2014-10-28 10:15:00,172.08,172.41,171.96,172.05,28185
2014-10-28 10:30:00,172.05,172.12,171.6426,172.0005,34713
2014-10-28 10:45:00,172.04,172.52,171.93,172.52,29337
2014-10-28 11:00:00,172.5578,172.5578,172.26,172.49,13204
2014-10-28 11:15:00,172.5,172.5,172.25,172.33,13356
2014-10-28 11:30:00,172.35,172.47,172.18,172.24,30867
2014-10-28 11:45:00,172.29,172.33,172.19,172.29,36130
2014-10-28 12:00:00,172.29,172.43,172.19,172.33,15710
2014-10-28 12:15:00,172.3,172.5,172.29,172.3943,38757
2014-10-28 12:30:00,172.38,172.46,172.36,172.4,7945
2014-10-28 12:45:00,172.38,172.53,172.36,172.53,16000
2014-10-28 13:00:00,172.51,172.73,172.46,172.72,7321
2014-10-28 13:15:00,172.65,173.0,172.65,172.94,7973
2014-10-28 13:30:00,172.92700000000002,173.01,172.92,172.93,5410
2014-10-28 13:45:00,173.0,173.11,172.9099,173.01,20235
2014-10-28 14:00:00,172.96,173.07,172.95,173.05,4008
2014-10-28 14:15:00,173.02,173.02,172.72,172.82,13862
2014-10-28 14:30:00,172.81,172.82,172.43,172.516,17869
2014-10-28 14:45:00,172.54,172.54,172.31,172.41,17470
2014-10-28 15:00:00,172.38,172.44,172.22,172.38,19646
2014-10-28 15:15:00,172.38,172.51,172.36,172.42,43815
2014-10-28 15:30:00,172.41,172.65,172.38,172.63,32845
2014-10-28 15:45:00,172.63,173.02,172.6,172.93400000000003,21011
2014-10-28 16:00:00,172.91,173.34,172.87,173.33,70252
2014-10-29 09:45:00,173.82,173.91,173.12,173.82,33575
2014-10-29 10:00:00,173.78,174.0,173.42,173.78,14972
2014-10-29 10:15:00,173.73,173.76,173.35,173.35,13935
2014-10-29 10:30:00,173.42,173.58,172.78,173.01,28718
2014-10-29 10:45:00,172.99,173.38,172.985,173.38,10932
2014-10-29 11:00:00,173.42,173.51,173.1716,173.5,13868
2014-10-29 11:15:00,173.495,173.62,173.38,173.62,8839
2014-10-29 11:30:00,173.6,173.96,173.55,173.89,10623
2014-10-29 11:45:00,173.91,174.0,173.87,173.89,34101
2014-10-29 12:00:00,173.93,173.93,173.51,173.51,15020
2014-10-29 12:15:00,173.49,173.49,173.025,173.36,10948
2014-10-29 12:30:00,173.34,173.4,173.205,173.27,16713
2014-10-29 12:45:00,173.24,173.55,173.24,173.48,4643
2014-10-29 13:00:00,173.49,173.52,173.29,173.41,14228
2014-10-29 13:15:00,173.35,173.58,173.31,173.43,16947
2014-10-29 13:30:00,173.41,173.54,173.4,173.475,9480
2014-10-29 13:45:00,173.46,173.49,173.21,173.25,26655
2014-10-29 14:00:00,173.29,173.405,173.21,173.37,6800
2014-10-29 14:15:00,173.37,173.37,172.95,173.0,37600
2014-10-29 14:30:00,173.0,173.56,172.65,173.52,27402
2014-10-29 14:45:00,173.68,173.73,173.22,173.28,8364
2014-10-29 15:00:00,173.26,173.62,173.06,173.62,20752
2014-10-29 15:15:00,173.56,173.57,173.19,173.36,23746
2014-10-29 15:30:00,173.4,173.68,173.25,173.68,10913
2014-10-29 15:45:00,173.69,174.13,173.685,174.03,25873
2014-10-29 16:00:00,174.03,174.14,173.854,174.06,57989
2014-10-30 09:45:00,173.16,174.48,172.771,174.31,14647
2014-10-30 10:00:00,174.29,174.93,173.97,174.55,21739
2014-10-30 10:15:00,174.55,174.57,173.945,173.945,16097
2014-10-30 10:30:00,173.96,174.05,173.72,173.95,4100
2014-10-30 10:45:00,173.96,174.1,173.74,174.1,12696
2014-10-30 11:00:00,174.19,174.23,173.7,174.08,13467
2014-10-30 11:15:00,174.09,174.24,173.86,174.03,10615
2014-10-30 11:30:00,174.15,174.15,173.94,174.09,5170
2014-10-30 11:45:00,174.16,174.56,174.16,174.55,22428
2014-10-30 12:00:00,174.56,174.89,174.56,174.7506,12131
2014-10-30 12:15:00,174.725,174.725,174.41,174.585,9814
2014-10-30 12:30:00,174.64,174.74,174.44,174.69,7700
2014-10-30 12:45:00,174.75,174.8,174.535,174.63,3131
2014-10-30 13:00:00,174.68,174.7,174.42,174.4725,7433
2014-10-30 13:15:00,174.43,174.58,174.37,174.545,3918
2014-10-30 13:30:00,174.58,175.18,174.58,174.96,9721
2014-10-30 13:45:00,175.04,175.16,174.935,175.15,9131
2014-10-30 14:00:00,175.17,175.52,174.97,175.46,13316
2014-10-30 14:15:00,175.41,175.5754,175.39,175.54,9418
2014-10-30 14:30:00,175.61,175.61,175.49,175.53,20812
2014-10-30 14:45:00,175.56,175.78,175.53,175.78,12983
2014-10-30 15:00:00,175.78,175.8,174.91,175.01,28694
2014-10-30 15:15:00,175.02,175.32,175.02,175.32,9600
2014-10-30 15:30:00,175.31,175.33,174.71,174.79,20004
2014-10-30 15:45:00,174.84,174.88,174.7,174.7,24956
2014-10-30 16:00:00,174.73,175.13,174.72,174.89,97349
2014-10-31 09:45:00,177.0,177.0,175.84,176.005,70622
2014-10-31 10:00:00,176.0,176.395,175.84,175.84,30624
2014-10-31 10:15:00,175.94,176.55,175.93,176.394,36776
2014-10-31 10:30:00,176.3601,176.476,175.78,175.915,18875
2014-10-31 10:45:00,176.02,176.09,175.85,176.0,10516
2014-10-31 11:00:00,176.0,176.48,175.985,176.27,25529
2014-10-31 11:15:00,176.32,176.35,176.1623,176.285,12033
2014-10-31 11:30:00,176.285,176.285,175.94,176.095,32603
2014-10-31 11:45:00,176.05,176.28,175.9083,176.19,9115
2014-10-31 12:00:00,176.2,176.2,175.9,175.95,8411
2014-10-31 12:15:00,175.956,175.956,175.6,175.665,9003
2014-10-31 12:30:00,175.71,176.0,175.66,175.965,8698
2014-10-31 12:45:00,176.0,176.19,175.96,176.0,8350
2014-10-31 13:00:00,176.02,176.06,175.92,176.02,11487
2014-10-31 13:15:00,176.06,176.06,175.72,175.72,8165
2014-10-31 13:30:00,175.7,175.75,175.52,175.52,8814
2014-10-31 13:45:00,175.56,175.58,175.38,175.41,11339
2014-10-31 14:00:00,175.43,175.5,175.12,175.14,13541
2014-10-31 14:15:00,175.1265,175.48,175.125,175.42,17029
2014-10-31 14:30:00,175.44,175.53,175.225,175.24,15552
2014-10-31 14:45:00,175.22,175.22,175.055,175.06,14704
2014-10-31 15:00:00,175.055,175.16,175.0,175.16,12225
2014-10-31 15:15:00,175.16,175.17,175.0,175.12,16388
2014-10-31 15:30:00,175.11,175.33,175.07,175.25,16895
2014-10-31 15:45:00,175.26,175.69,175.26,175.6,19906
2014-10-31 16:00:00,175.63,176.15,175.63,175.88,97157
2014-11-03 09:45:00,175.65,176.4625,175.57,175.62,26030
2014-11-03 10:00:00,175.68,175.84,175.51,175.57,26760
2014-11-03 10:15:00,175.665,176.07,175.49,175.55,19071
2014-11-03 10:30:00,175.48,175.59,175.37,175.55,16873
2014-11-03 10:45:00,175.505,175.98,175.505,175.74,25921
2014-11-03 11:00:00,175.66,175.91,175.59,175.79,9548
2014-11-03 11:15:00,175.85,175.89,175.65,175.65,7351
2014-11-03 11:30:00,175.67,175.92,175.5999,175.86,5572
2014-11-03 11:45:00,175.855,175.92,175.79,175.865,8696
2014-11-03 12:00:00,175.88,175.91,175.74,175.9,8528
2014-11-03 12:15:00,175.83,175.93,175.68,175.68,6141
2014-11-03 12:30:00,175.72,175.75,175.67,175.72,5340
2014-11-03 12:45:00,175.74,175.77,175.61,175.75,14531
2014-11-03 13:00:00,175.73,175.8,175.66,175.68,11234
2014-11-03 13:15:00,175.66,175.78,175.66,175.74,2200
2014-11-03 13:30:00,175.84,175.94,175.78,175.94,5948
2014-11-03 13:45:00,175.97,176.04,175.87,175.92,5000
2014-11-03 14:00:00,175.95,176.0,175.88,175.92,16249
2014-11-03 14:15:00,175.89,175.9,175.78,175.8,8242
2014-11-03 14:30:00,175.79,175.93,175.78,175.83,8128
2014-11-03 14:45:00,175.78,175.78,175.55,175.72,4613
2014-11-03 15:00:00,175.72,175.79,175.61,175.74,3900
2014-11-03 15:15:00,175.75,175.98,175.75,175.94,11092
2014-11-03 15:30:00,175.91,175.91,175.645,175.65,9731
2014-11-03 15:45:00,175.72,175.96,175.7,175.91,9413
2014-11-03 16:00:00,175.89,176.04,175.7499,175.86,53784
2014-11-04 09:45:00,175.17,176.196,175.01,175.805,36934
2014-11-04 10:00:00,175.84,176.04,175.72,176.04,22216
2014-11-04 10:15:00,176.03,176.57,176.01,176.5,14202
2014-11-04 10:30:00,176.44,176.628,176.31,176.33,11338
2014-11-04 10:45:00,176.36,176.52,176.26,176.453,11148
2014-11-04 11:00:00,176.46,176.57,176.3,176.38,31716
2014-11-04 11:15:00,176.42,176.57,176.27,176.41,25315
2014-11-04 11:30:00,176.41,176.65,176.355,176.65,13825
2014-11-04 11:45:00,176.71,176.99,176.59,176.99,14523
2014-11-04 12:00:00,176.9899,177.29,176.9,177.12,17025
2014-11-04 12:15:00,177.1527,177.4,177.1527,177.395,15696
2014-11-04 12:30:00,177.38,177.77,177.38,177.7,22678
2014-11-04 12:45:00,177.79,177.79,177.49,177.77,12310
2014-11-04 13:00:00,177.8,177.98,177.8,177.9536,6833
2014-11-04 13:15:00,177.91,178.0,177.76,178.0,18507
2014-11-04 13:30:00,177.9955,177.9955,177.76,177.97,8300
2014-11-04 13:45:00,177.94,177.95,177.77,177.8,10865
2014-11-04 14:00:00,177.81,178.11,177.77,178.09,12193
2014-11-04 14:15:00,178.09,178.12,177.59,177.59,17480
2014-11-04 14:30:00,177.57,177.57,177.135,177.15,23017
2014-11-04 14:45:00,177.18,177.22,176.915,176.955,14121
2014-11-04 15:00:00,177.04,177.5,176.96,177.455,6973
2014-11-04 15:15:00,177.48,177.51,177.09,177.12,16139
2014-11-04 15:30:00,177.13,177.27,177.005,177.13,18400
2014-11-04 15:45:00,177.13,177.28,177.13,177.24,41409
2014-11-04 16:00:00,177.23,177.23,177.06,177.12,61023
2014-11-05 09:45:00,178.41,178.82,177.45,178.82,17644
2014-11-05 10:00:00,178.62,178.63,177.9,177.9,10582
2014-11-05 10:15:00,177.89,178.35,177.64,178.12,27403
2014-11-05 10:30:00,178.125,178.125,177.7,177.7,5024
2014-11-05 10:45:00,177.71,177.71,177.21,177.285,6724
2014-11-05 11:00:00,177.21,177.36,176.98,177.27,8686
2014-11-05 11:15:00,177.28,177.6394,177.28,177.46,20076
2014-11-05 11:30:00,177.46,177.52,177.17,177.33,21010
2014-11-05 11:45:00,177.29,177.38,177.09,177.205,24400
2014-11-05 12:00:00,177.21,177.48,177.19,177.48,7111
2014-11-05 12:15:00,177.47,177.63,177.39,177.56,15589
2014-11-05 12:30:00,177.55,177.56,177.2,177.215,16601
2014-11-05 12:45:00,177.2,177.31,177.03,177.07,7634
2014-11-05 13:00:00,177.1,177.24,177.03,177.05,10965
2014-11-05 13:15:00,177.1,177.4,177.03,177.4,5667
2014-11-05 13:30:00,177.4,177.47,177.2,177.225,6040
2014-11-05 13:45:00,177.21,177.21,176.81,176.82,9976
2014-11-05 14:00:00,176.84,177.29,176.825,177.22,8425
2014-11-05 14:15:00,177.21,177.37,177.2,177.37,12666
2014-11-05 14:30:00,177.35,177.46,177.22,177.38,11430
2014-11-05 14:45:00,177.38,177.42,177.295,177.3,4919
2014-11-05 15:00:00,177.32,177.36,177.23,177.36,7127
2014-11-05 15:15:00,177.39,177.66,177.12,177.29,39835
2014-11-05 15:30:00,177.25,177.27,177.06,177.12,14037
2014-11-05 15:45:00,177.11,177.48,177.02,177.42,14338
2014-11-05 16:00:00,177.43,177.67,177.38,177.48,26048
2014-11-06 09:45:00,176.59,178.24,175.63,178.12,40322
2014-11-06 10:00:00,178.23,178.25,177.8,178.145,19150
2014-11-06 10:15:00,178.27,179.03,178.27,178.81,24751
2014-11-06 10:30:00,178.89,178.89,177.86,178.32,19097
2014-11-06 10:45:00,178.26,178.84,178.06,178.739,12520
2014-11-06 11:00:00,178.64,178.89,178.37,178.56,16712
2014-11-06 11:15:00,178.54,178.78400000000002,178.52,178.71,8145
2014-11-06 11:30:00,178.78,179.54,178.78,179.275,16473
2014-11-06 11:45:00,179.3,179.45,179.17,179.19,12037
2014-11-06 12:00:00,179.22,179.25,178.89,179.1,19780
2014-11-06 12:15:00,179.09,179.14,179.0,179.03,25053
2014-11-06 12:30:00,179.02,179.05,178.91,178.92,12666
2014-11-06 12:45:00,178.93,179.0,178.91,179.0,8340
2014-11-06 13:00:00,178.96,179.0,178.92,179.0,7709
2014-11-06 13:15:00,178.98,179.04,178.87,179.016,12898
2014-11-06 13:30:00,179.03,179.2901,179.0,179.28,17010
2014-11-06 13:45:00,179.29,179.65,179.27,179.56,6983
2014-11-06 14:00:00,179.56,179.68,179.52,179.68,8010
2014-11-06 14:15:00,179.66,180.0,179.57,179.85,20037
2014-11-06 14:30:00,179.855,179.855,179.52,179.52,15049
2014-11-06 14:45:00,179.57,179.58,179.22,179.29,12438
2014-11-06 15:00:00,179.29,179.34,179.09,179.09,10823
2014-11-06 15:15:00,179.08,179.11,178.86,179.09,8399
2014-11-06 15:30:00,179.04,179.24,179.04,179.19,13249
2014-11-06 15:45:00,179.2,179.32,179.08,179.28,18790
2014-11-06 16:00:00,179.295,179.75,179.29,179.6,56842
2014-11-07 09:45:00,179.94,179.968,178.29,178.29,22432
2014-11-07 10:00:00,178.55,179.27,178.54,179.14,20607
2014-11-07 10:15:00,178.98,179.44,178.92,179.33,20700
2014-11-07 10:30:00,179.25,179.69,178.94,178.96,18562
2014-11-07 10:45:00,178.94,178.94,178.7,178.78,4744
2014-11-07 11:00:00,178.72,179.16,178.72,178.95,8154
2014-11-07 11:15:00,178.98,179.07,178.7,178.7,4567
2014-11-07 11:30:00,178.73,179.14,178.73,179.09,11422
2014-11-07 11:45:00,179.08,179.16,178.89,179.03,3616
2014-11-07 12:00:00,179.02,179.12,178.93,179.0,4500
2014-11-07 12:15:00,179.03,179.05,178.88,179.04,6000
2014-11-07 12:30:00,179.04,179.33,179.04,179.21,5685
2014-11-07 12:45:00,179.15,179.17,178.91,178.945,4700
2014-11-07 13:00:00,178.87,178.9,178.815,178.88,4000
2014-11-07 13:15:00,178.8,178.93,178.74,178.81,6436
2014-11-07 13:30:00,178.8816,178.89,178.76,178.82,2160
2014-11-07 13:45:00,178.85,178.94,178.71,178.84,5146
2014-11-07 14:00:00,178.81,178.89,178.68,178.68,3634
2014-11-07 14:15:00,178.75,178.81,178.61,178.62,4400
2014-11-07 14:30:00,178.62,178.69,178.36,178.44,8943
2014-11-07 14:45:00,178.41,178.58,178.35,178.58,14020
2014-11-07 15:00:00,178.58,178.63,178.4,178.4,5725
2014-11-07 15:15:00,178.47,178.77,178.47,178.65,6705
2014-11-07 15:30:00,178.6904,178.6904,178.43,178.43,7181
2014-11-07 15:45:00,178.45,178.71,178.44,178.71,9790
2014-11-07 16:00:00,178.73,179.03,178.68,178.99,49423
2014-11-10 09:45:00,178.52,179.0,177.88,177.88,42169
2014-11-10 10:00:00,177.95,178.75,177.93,178.62,18150
2014-11-10 10:15:00,178.63,179.18,178.56,178.95,13393
2014-11-10 10:30:00,178.93,179.02,178.61,178.61,7016
2014-11-10 10:45:00,178.71,179.0,178.66,178.75,15028
2014-11-10 11:00:00,178.79,179.005,178.69,178.98,30985
2014-11-10 11:15:00,178.965,179.03,178.83,178.83,14162
2014-11-10 11:30:00,178.85,178.88,178.66,178.82,18753
2014-11-10 11:45:00,178.84,178.89,178.77,178.795,21097
2014-11-10 12:00:00,178.8,178.89,178.7,178.88,13145
2014-11-10 12:15:00,178.89,178.99,178.81,178.85,16908
2014-11-10 12:30:00,178.86,179.065,178.84,178.98,19309
2014-11-10 12:45:00,179.0,179.1,178.9,179.03,5719
2014-11-10 13:00:00,179.02,179.07,178.9,178.9238,5100
2014-11-10 13:15:00,178.94,179.45,178.94,179.44,17499
2014-11-10 13:30:00,179.4,179.59,179.37,179.56,5730
2014-11-10 13:45:00,179.61,179.66,179.43,179.48,14644
2014-11-10 14:00:00,179.49,179.49,179.31,179.43,21348
2014-11-10 14:15:00,179.46,179.47,179.325,179.41,23177
2014-11-10 14:30:00,179.38,179.48,179.34,179.45,10675
2014-11-10 14:45:00,179.44,179.4825,179.31,179.47,11482
2014-11-10 15:00:00,179.47,179.68,179.42,179.68,10151
2014-11-10 15:15:00,179.66,179.745,179.62,179.62,11511
2014-11-10 15:30:00,179.62,179.72,179.44,179.7,14465
2014-11-10 15:45:00,179.69,179.85,179.51,179.84,13185
2014-11-10 16:00:00,179.84,180.11,179.84,180.08,42629
2014-11-11 09:45:00,179.89,180.0,179.29,179.72,15430
2014-11-11 10:00:00,179.82,179.94,179.645,179.68,4535
2014-11-11 10:15:00,179.79,179.87,179.6,179.73,15930
2014-11-11 10:30:00,179.71,180.175,179.68,180.05,28025
2014-11-11 10:45:00,180.05,180.05,179.87,179.96,16963
2014-11-11 11:00:00,179.99,180.0,179.88,179.92,7079
2014-11-11 11:15:00,179.9,180.0,179.81,180.0,7187
2014-11-11 11:30:00,180.0,180.0,179.89,179.95,6885
2014-11-11 11:45:00,179.91,179.98,179.77,179.77,9581
2014-11-11 12:00:00,179.76,179.85,179.7,179.71,3750
2014-11-11 12:15:00,179.66,179.74,179.57,179.61,2967
2014-11-11 12:30:00,179.63,179.64,179.44,179.44,5599
2014-11-11 12:45:00,179.39,179.39,179.28,179.31,5415
2014-11-11 13:00:00,179.3,179.3,179.25,179.26,5479
2014-11-11 13:15:00,179.23,179.23,179.05,179.05,6037
2014-11-11 13:30:00,179.02,179.13,179.02,179.09,3356
2014-11-11 13:45:00,179.12,179.21,179.03,179.19,6120
2014-11-11 14:00:00,179.22,179.25,179.07,179.24,8702
2014-11-11 14:15:00,179.305,179.305,179.2,179.26,4469
2014-11-11 14:30:00,179.26,179.3,179.2,179.3,12193
2014-11-11 14:45:00,179.33,179.49,179.3,179.43,16200
2014-11-11 15:00:00,179.46,179.5,179.41,179.47,19441
2014-11-11 15:15:00,179.5,179.59,179.46,179.59,8136
2014-11-11 15:30:00,179.6,179.62,179.43,179.43,10189
2014-11-11 15:45:00,179.455,179.46,179.21,179.32,14544
2014-11-11 16:00:00,179.32,179.37,179.23,179.32,30589
2014-11-12 09:45:00,179.33,179.98,179.12,179.66,18418
2014-11-12 10:00:00,179.66,180.08,178.98,179.03,14800
2014-11-12 10:15:00,179.13,179.3201,178.98,179.15,7382
2014-11-12 10:30:00,179.14,179.14,178.77,178.84,15358
2014-11-12 10:45:00,178.93,178.93,178.59,178.68,9717
2014-11-12 11:00:00,178.66,178.71,178.52,178.55,11370
2014-11-12 11:15:00,178.54,178.99,178.5,178.99,11568
2014-11-12 11:30:00,178.94,179.23,178.87,179.23,2108
2014-11-12 11:45:00,179.22,179.5,179.16,179.47,3982
2014-11-12 12:00:00,179.51,179.575,179.23,179.34,14395
2014-11-12 12:15:00,179.34,179.47,179.3,179.33,5092
2014-11-12 12:30:00,179.35,179.35,179.22,179.3391,6537
2014-11-12 12:45:00,179.3425,179.47,179.3,179.433,4443
2014-11-12 13:00:00,179.44,179.58,179.44,179.53,4950
2014-11-12 13:15:00,179.53,179.7,179.53,179.7,3370
2014-11-12 13:30:00,179.73,179.83,179.6625,179.73,7134
2014-11-12 13:45:00,179.79,179.875,179.75,179.875,9912
2014-11-12 14:00:00,179.86,180.03,179.84,180.0,6793
2014-11-12 14:15:00,179.98,180.04,179.82,180.0,9957
2014-11-12 14:30:00,179.99,180.2501,179.94,180.2501,16846
2014-11-12 14:45:00,180.2756,180.3,179.92,179.99,6331
2014-11-12 15:00:00,180.0,180.01,179.8,179.92,4582
2014-11-12 15:15:00,179.86,180.01,179.8,180.0,8449
2014-11-12 15:30:00,180.0,180.17,179.96,180.17,15468
2014-11-12 15:45:00,180.23,180.35,180.2,180.27,12024
2014-11-12 16:00:00,180.26,180.3,179.95,180.01,25878
2014-11-13 09:45:00,180.4,180.98,179.91,180.89,19845
2014-11-13 10:00:00,180.95,181.03,180.6,180.7001,7653
2014-11-13 10:15:00,180.9,181.07,180.69,180.76,11559
2014-11-13 10:30:00,180.72,180.95,180.6,180.79,11226
2014-11-13 10:45:00,180.8,181.23,180.8,181.23,8300
2014-11-13 11:00:00,181.23,181.4,181.13,181.26,7400
2014-11-13 11:15:00,181.27,181.37,180.94,180.94,11231
2014-11-13 11:30:00,180.9,180.98,180.71,180.955,8145
2014-11-13 11:45:00,180.92,180.93,180.5,180.64,6920
2014-11-13 12:00:00,180.59,181.12,180.59,181.09,4572
2014-11-13 12:15:00,181.09,181.41,180.99,181.41,6495
2014-11-13 12:30:00,181.39,181.81,181.39,181.69,7900
2014-11-13 12:45:00,181.75,181.915,181.74,181.86,6275
2014-11-13 13:00:00,181.89,181.89,181.6,181.6,5655
2014-11-13 13:15:00,181.5437,181.56,181.08,181.16,6100
2014-11-13 13:30:00,181.14,181.19,180.62,180.66,7954
2014-11-13 13:45:00,180.66,180.73,180.48,180.73,4624
2014-11-13 14:00:00,180.72,181.06,180.66,181.035,7137
2014-11-13 14:15:00,181.05,181.23,181.0,181.1,8500
2014-11-13 14:30:00,181.09,181.29,181.04,181.29,9607
2014-11-13 14:45:00,181.31,181.42,181.233,181.41,7850
2014-11-13 15:00:00,181.49,181.6,181.4,181.4,10236
2014-11-13 15:15:00,181.4,181.78,181.37,181.6,13926
2014-11-13 15:30:00,181.62900000000002,181.67,181.08,181.08,18723
2014-11-13 15:45:00,181.14,181.54,181.08,181.42,16510
2014-11-13 16:00:00,181.44,181.67,181.24,181.63,50735
2014-11-14 09:45:00,181.68,181.75,179.64,179.64,66536
2014-11-14 10:00:00,179.817,180.33,179.6,180.05,42984
2014-11-14 10:15:00,180.05,180.58,180.02,180.18,25828
2014-11-14 10:30:00,180.17,180.17,179.0,179.12,25081
2014-11-14 10:45:00,179.12,179.18,178.79,179.11,20164
2014-11-14 11:00:00,179.09,179.42,179.09,179.391,16826
2014-11-14 11:15:00,179.39,179.84,179.39,179.81,8155
2014-11-14 11:30:00,179.88,180.01,179.7,179.76,11817
2014-11-14 11:45:00,179.78,179.86,179.51,179.8,12400
2014-11-14 12:00:00,179.83,179.89,179.73,179.79,5226
2014-11-14 12:15:00,179.81,179.85,179.73,179.74,5762
2014-11-14 12:30:00,179.77,179.77,179.54,179.67,5301
2014-11-14 12:45:00,179.68,179.835,179.64,179.74,5800
2014-11-14 13:00:00,179.75,179.78,179.69,179.78,11639
2014-11-14 13:15:00,179.75,179.79,179.49,179.5,7700
2014-11-14 13:30:00,179.49,179.56,179.32,179.33,12016
2014-11-14 13:45:00,179.35,179.57,179.35,179.48,8607
2014-11-14 14:00:00,179.5,179.57,179.37,179.42,5800
2014-11-14 14:15:00,179.38,179.39,179.12,179.18,9789
2014-11-14 14:30:00,179.21,179.21,178.98,179.01,8200
2014-11-14 14:45:00,179.01,179.04,178.955,179.03,8600
2014-11-14 15:00:00,179.02,179.02,178.74,178.81,8383
2014-11-14 15:15:00,178.84,179.225,178.84,179.19,9595
2014-11-14 15:30:00,179.2,179.23,179.07,179.2,10817
2014-11-14 15:45:00,179.238,179.46,179.23,179.46,11845
2014-11-14 16:00:00,179.49,179.96,179.42,179.88,58182
2014-11-17 09:45:00,178.8,179.63,178.61,178.96400000000003,44712
2014-11-17 10:00:00,179.0,179.23,178.37,178.56,18406
2014-11-17 10:15:00,178.54,178.67,178.39,178.6,11210
2014-11-17 10:30:00,178.63,178.75,178.45,178.62,11263
2014-11-17 10:45:00,178.6,178.6,178.1,178.1,11102
2014-11-17 11:00:00,178.12,178.3,178.0,178.17,16008
2014-11-17 11:15:00,178.17,178.2,177.73,178.09,19031
2014-11-17 11:30:00,178.11,178.395,178.03,178.03,8276
2014-11-17 11:45:00,178.04,178.32,177.87,178.12,8356
2014-11-17 12:00:00,178.14,178.14,177.84,177.85,12667
2014-11-17 12:15:00,177.89,177.89,177.51,177.6,16841
2014-11-17 12:30:00,177.6,177.91,177.57,177.82,8400
2014-11-17 12:45:00,177.79,177.8,177.58,177.58,13500
2014-11-17 13:00:00,177.59,177.64,177.46,177.48,18581
2014-11-17 13:15:00,177.49,177.85,177.46,177.63,17425
2014-11-17 13:30:00,177.59,177.79,177.55,177.66,13421
2014-11-17 13:45:00,177.67,177.74,177.45,177.46,11442
2014-11-17 14:00:00,177.44,177.44,177.15,177.26,14930
2014-11-17 14:15:00,177.29,177.29,177.04,177.08,20473
2014-11-17 14:30:00,177.08,177.08,176.9,177.03,24564
2014-11-17 14:45:00,177.04,177.18,176.97,176.97,18325
2014-11-17 15:00:00,176.98,177.26,176.92,177.19,13456
2014-11-17 15:15:00,177.18,177.18,176.92,176.93,26148
2014-11-17 15:30:00,176.9,177.0,176.74,176.92,24704
2014-11-17 15:45:00,176.93,177.03,176.71,176.98,27733
2014-11-17 16:00:00,176.98,177.35,176.975,177.32,48791
2014-11-18 09:45:00,177.18,178.64,177.18,178.56,20742
2014-11-18 10:00:00,178.47,178.65,178.33,178.33,6300
2014-11-18 10:15:00,178.47,178.66,177.95,178.08,15726
2014-11-18 10:30:00,178.02,178.14,177.73,177.915,9462
2014-11-18 10:45:00,177.88,178.1,177.6,178.03,12571
2014-11-18 11:00:00,178.045,178.21,177.925,178.21,9901
2014-11-18 11:15:00,178.19,178.2,178.02,178.06,6400
2014-11-18 11:30:00,178.11,178.17,177.68,177.71,9579
2014-11-18 11:45:00,177.71,177.85,177.61,177.78,8635
2014-11-18 12:00:00,177.77,178.01,177.74,178.01,4941
2014-11-18 12:15:00,177.97,177.99,177.86,177.9,7919
2014-11-18 12:30:00,177.92,178.3,177.91,178.3,13580
2014-11-18 12:45:00,178.29,178.6,178.29,178.57,4800
2014-11-18 13:00:00,178.6,178.98,178.58,178.98,10864
2014-11-18 13:15:00,178.96,178.96,178.59,178.63,7200
2014-11-18 13:30:00,178.62,178.62,178.37,178.57,9288
2014-11-18 13:45:00,178.58,178.58,178.38,178.46,3701
2014-11-18 14:00:00,178.48,178.58,178.4001,178.54,4906
2014-11-18 14:15:00,178.64,178.84,178.63,178.82,23744
2014-11-18 14:30:00,178.815,178.83,178.74,178.77,8300
2014-11-18 14:45:00,178.785,178.8416,178.76,178.84,8142
2014-11-18 15:00:00,178.84,178.86,178.7201,178.7201,3700
2014-11-18 15:15:00,178.74,178.84,178.67,178.76,5235
2014-11-18 15:30:00,178.75,178.78,178.53,178.57,6291
2014-11-18 15:45:00,178.55,178.74,178.52,178.72,10903
2014-11-18 16:00:00,178.68,178.69,178.38,178.57,29783
2014-11-19 09:45:00,179.21,179.21,178.325,178.6443,13495
2014-11-19 10:00:00,178.64,179.32,178.53,179.32,9032
2014-11-19 10:15:00,179.112,179.23,178.64,178.75,16702
2014-11-19 10:30:00,178.77,178.97,178.58,178.58,7249
2014-11-19 10:45:00,178.64,178.69,178.19299999999998,178.28,6521
2014-11-19 11:00:00,178.22,178.3,178.05,178.1,8316
2014-11-19 11:15:00,178.09,178.09,177.86,178.05,4800
2014-11-19 11:30:00,178.02,178.09,177.93,177.96,3600
2014-11-19 11:45:00,178.01,178.35,177.9,178.3,4661
2014-11-19 12:00:00,178.275,178.38,178.2,178.2,4127
2014-11-19 12:15:00,178.23,178.36,178.23,178.36,2906
2014-11-19 12:30:00,178.31,178.47,178.3,178.44,3435
2014-11-19 12:45:00,178.51,178.57,178.47,178.5,2100
2014-11-19 13:00:00,178.47,178.47,178.15,178.27,8334
2014-11-19 13:15:00,178.28,178.32,178.175,178.3,3300
2014-11-19 13:30:00,178.27,178.39,178.21,178.27,2844
2014-11-19 13:45:00,178.26,178.27,178.12,178.14,5000
2014-11-19 14:00:00,178.13,178.13,177.85,177.87,11358
2014-11-19 14:15:00,177.88,178.09,177.76,178.0,16514
2014-11-19 14:30:00,177.97,178.1,177.55,177.87,5573
2014-11-19 14:45:00,177.89,177.93,177.58,177.62,5200
2014-11-19 15:00:00,177.74,177.86,177.53,177.75,6333
2014-11-19 15:15:00,177.8,177.95,177.73,177.9041,4217
2014-11-19 15:30:00,177.89,178.32,177.89,178.03,7686
2014-11-19 15:45:00,178.09,178.16,177.82,177.92,8700
2014-11-19 16:00:00,177.91,178.3,177.87,178.19,31959
2014-11-20 09:45:00,177.31,178.83,177.31,178.72,9385
2014-11-20 10:00:00,178.68,178.85,178.56,178.61,9287
2014-11-20 10:15:00,178.72,179.21,178.72,178.85,6339
2014-11-20 10:30:00,178.94,179.23,178.768,179.23,9609
2014-11-20 10:45:00,179.22,179.28,178.99,179.02,5141
2014-11-20 11:00:00,179.04,179.12,178.99,178.99,4392
2014-11-20 11:15:00,178.99,179.11,178.88,178.89,7848
2014-11-20 11:30:00,178.94,179.03,178.8,178.8,12491
2014-11-20 11:45:00,178.82,178.82,178.49,178.56,8427
2014-11-20 12:00:00,178.53,178.58,178.43,178.58,6995
2014-11-20 12:15:00,178.56,178.56,178.38,178.38,1575
2014-11-20 12:30:00,178.39,178.62,178.39,178.59,3400
2014-11-20 12:45:00,178.58,178.715,178.43,178.43,4409
2014-11-20 13:00:00,178.47,178.61,178.38,178.38,2450
2014-11-20 13:15:00,178.49,178.61,178.41,178.61,4000
2014-11-20 13:30:00,178.61,179.02,178.61,179.02,4600
2014-11-20 13:45:00,178.99,179.02,178.83,178.83,10958
2014-11-20 14:00:00,178.81,178.95,178.7901,178.95,8736
2014-11-20 14:15:00,178.98,179.02,178.94,178.98,11603
2014-11-20 14:30:00,178.98,179.03,178.96,178.97,12136
2014-11-20 14:45:00,178.95,178.95,178.5,178.5,11221
2014-11-20 15:00:00,178.515,178.83,178.515,178.76,12101
2014-11-20 15:15:00,178.73,178.9,178.6,178.88,7862
2014-11-20 15:30:00,178.89,178.99,178.79,178.99,12773
2014-11-20 15:45:00,178.94,178.94,178.76,178.81,9829
2014-11-20 16:00:00,178.82,178.82,178.6,178.73,46827
2014-11-21 09:45:00,180.32,181.05,179.22,180.17,78652
2014-11-21 10:00:00,180.02,180.12,179.62,179.74,12786
2014-11-21 10:15:00,179.76,180.08,179.43,180.08,13598
2014-11-21 10:30:00,180.0,180.04,179.6,180.04,11059
2014-11-21 10:45:00,179.98,180.01,179.72,179.94,8361
2014-11-21 11:00:00,179.9,179.97,179.25,179.41,9722
2014-11-21 11:15:00,179.41,179.57,179.27,179.45,9825
2014-11-21 11:30:00,179.51,179.8187,179.51,179.75,5330
2014-11-21 11:45:00,179.79,180.03,179.76,179.97,9895
2014-11-21 12:00:00,179.97,180.16,179.96,180.12,6517
2014-11-21 12:15:00,180.11,180.17,179.93,179.93,18896
2014-11-21 12:30:00,179.92,179.95,179.75,179.77,5825
2014-11-21 12:45:00,179.8,179.9,179.79,179.85,3200
2014-11-21 13:00:00,179.77,179.84,179.26,179.295,4600
2014-11-21 13:15:00,179.36,179.36,179.15,179.21,7055
2014-11-21 13:30:00,179.15,179.18,178.88,178.88,10656
2014-11-21 13:45:00,178.88,179.05,178.72,179.0,4900
2014-11-21 14:00:00,179.03,179.43,179.03,179.27,8302
2014-11-21 14:15:00,179.32,179.45,179.15,179.15,5353
2014-11-21 14:30:00,179.24,179.31,178.98,179.04,4600
2014-11-21 14:45:00,178.91,179.07,178.75,178.98,5400
2014-11-21 15:00:00,178.96,179.05,178.81,178.99,10268
2014-11-21 15:15:00,178.98,179.06,178.83,178.92,5921
2014-11-21 15:30:00,178.9,178.99,178.78,178.94,5385
2014-11-21 15:45:00,178.99,179.2,178.96,179.19,10166
2014-11-21 16:00:00,179.19,179.208,178.87,179.08,25008
2014-11-24 09:45:00,179.83,179.83,178.45,179.25,21484
2014-11-24 10:00:00,179.35,179.41,178.82,178.85,15635
2014-11-24 10:15:00,178.81,179.51,178.75,179.51,24254
2014-11-24 10:30:00,179.36,179.41,178.59,178.63,14862
2014-11-24 10:45:00,178.63,178.79,178.55,178.65,10050
2014-11-24 11:00:00,178.65,178.66,178.45,178.56,15976
2014-11-24 11:15:00,178.6,178.7,178.53,178.54,6900
2014-11-24 11:30:00,178.52,178.52,178.22,178.22,8907
2014-11-24 11:45:00,178.265,178.77,178.26,178.77,19147
2014-11-24 12:00:00,178.81,179.27,178.7901,179.215,8164
2014-11-24 12:15:00,179.22,179.31,179.22,179.28,5577
2014-11-24 12:30:00,179.31,179.48,179.25,179.465,10701
2014-11-24 12:45:00,179.5,179.63,179.475,179.55,7506
2014-11-24 13:00:00,179.575,179.77,179.56,179.68,7704
2014-11-24 13:15:00,179.6629,179.77,179.6629,179.77,9110
2014-11-24 13:30:00,179.75,179.83,179.72,179.79,5796
2014-11-24 13:45:00,179.77,179.78,179.67,179.75,9240
2014-11-24 14:00:00,179.71,179.9299,179.71,179.91,4989
2014-11-24 14:15:00,179.91,180.23,179.9,180.13,18042
2014-11-24 14:30:00,180.16,180.17,180.03,180.16,11521
2014-11-24 14:45:00,180.15,180.35,180.12,180.35,13134
2014-11-24 15:00:00,180.35,180.46,180.225,180.25,17176
2014-11-24 15:15:00,180.22,180.3,179.96,179.98,24705
2014-11-24 15:30:00,179.99,180.05,179.81,180.05,11699
2014-11-24 15:45:00,180.09,180.18,179.925,179.93,18400
2014-11-24 16:00:00,179.97,180.5,179.94,180.46,61151
2014-11-25 09:45:00,181.0,181.325,180.45,181.24,21448
2014-11-25 10:00:00,181.19,182.12,181.17,181.68,23338
2014-11-25 10:15:00,181.58,181.59,180.73,180.97,15443
2014-11-25 10:30:00,180.93,181.0,180.57,180.85,21991
2014-11-25 10:45:00,180.81,180.93,180.5301,180.7,14072
2014-11-25 11:00:00,180.7,180.74,180.27,180.36,13996
2014-11-25 11:15:00,180.35,180.44,179.935,179.96,10509
2014-11-25 11:30:00,179.93,179.93,179.49,179.595,11096
2014-11-25 11:45:00,179.57,179.57,179.31,179.34,12036
2014-11-25 12:00:00,179.36,179.59,179.31,179.45,7773
2014-11-25 12:15:00,179.49,179.74,179.49,179.69,7680
2014-11-25 12:30:00,179.72,179.8,179.7,179.7,4200
2014-11-25 12:45:00,179.685,179.73,179.43,179.73,7410
2014-11-25 13:00:00,179.71,179.74,179.62,179.73,6335
2014-11-25 13:15:00,179.74,179.85,179.66,179.76,5660
2014-11-25 13:30:00,179.73,179.74,179.66,179.67,5858
2014-11-25 13:45:00,179.69,179.785,179.66,179.67,8422
2014-11-25 14:00:00,179.66,179.78,179.66,179.71,9906
2014-11-25 14:15:00,179.69,179.79,179.66,179.71,7538
2014-11-25 14:30:00,179.69,179.71,179.49,179.55,13900
2014-11-25 14:45:00,179.58,179.7,179.48,179.66,7262
2014-11-25 15:00:00,179.66,179.685,179.42,179.59,13495
2014-11-25 15:15:00,179.565,179.74,179.54,179.55,12968
2014-11-25 15:30:00,179.54,179.71,179.51,179.7,17760
2014-11-25 15:45:00,179.715,179.805,179.67,179.7,22326
2014-11-25 16:00:00,179.69,179.69,178.82,178.95,123400
2014-11-26 09:45:00,179.35,180.13,178.7601,179.9,12909
2014-11-26 10:00:00,179.89,179.951,179.34,179.63,8407
2014-11-26 10:15:00,179.57,179.67,179.31,179.66,9730
2014-11-26 10:30:00,179.58,179.59,179.07,179.07,6340
2014-11-26 10:45:00,179.14,179.22,178.88,178.96,8894
2014-11-26 11:00:00,178.98,179.21,178.97,179.05,5453
2014-11-26 11:15:00,179.08,179.18,178.97,178.97,7191
2014-11-26 11:30:00,178.96,179.05,178.9,179.03,7700
2014-11-26 11:45:00,179.07,179.15,178.97,179.145,8828
2014-11-26 12:00:00,179.13,179.26,179.085,179.13,9912
2014-11-26 12:15:00,179.175,179.525,179.175,179.52,15341
2014-11-26 12:30:00,179.51,179.7,179.48,179.69,3858
2014-11-26 12:45:00,179.71,179.81,179.71,179.73,3985
2014-11-26 13:00:00,179.68,179.8,179.67,179.79,5454
2014-11-26 13:15:00,179.78,179.96,179.78,179.91,4274
2014-11-26 13:30:00,179.94,180.16,179.92,180.16,7433
2014-11-26 13:45:00,180.18,180.39,180.17,180.39,7564
2014-11-26 14:00:00,180.395,180.4,180.07,180.07,10289
2014-11-26 14:15:00,179.98,180.18,179.98,180.07,6393
2014-11-26 14:30:00,180.04,180.06,179.85,179.85,8434
2014-11-26 14:45:00,179.84,179.84,179.615,179.64,6233
2014-11-26 15:00:00,179.64,179.71,179.535,179.68,16802
2014-11-26 15:15:00,179.67,179.9,179.67,179.87,6200
2014-11-26 15:30:00,179.89,179.94,179.82,179.82,11870
2014-11-26 15:45:00,179.83,180.02,179.83,180.005,7400
2014-11-26 16:00:00,180.0,180.47,179.99,180.31,37719
2014-11-28 09:45:00,181.56,181.95,180.74,181.54,38365
2014-11-28 10:00:00,181.67,183.57,181.48,183.25,22498
2014-11-28 10:15:00,183.14,183.48,182.72,182.75,14974
2014-11-28 10:30:00,182.68,183.245,182.66,183.245,11436
2014-11-28 10:45:00,183.25,183.63,183.03,183.49,8897
2014-11-28 11:00:00,183.44,183.4499,183.05,183.13,9301
2014-11-28 11:15:00,183.13,183.42,183.1,183.42,10000
2014-11-28 11:30:00,183.37,183.62,183.02,183.08,9648
2014-11-28 11:45:00,183.13,183.23,182.94,183.15,13223
2014-11-28 12:00:00,183.13,183.4197,183.13,183.168,14815
2014-11-28 12:15:00,183.19,183.27,182.86,183.03,9934
2014-11-28 12:30:00,183.03,183.18,182.81,183.07,13675
2014-11-28 12:45:00,183.14,183.14,182.79,183.03,14631
2014-11-28 13:00:00,183.015,183.015,182.46,182.74,33372
2014-11-28 13:15:00,182.74,182.8007,182.71,182.8007,56022
2014-11-28 13:30:00,182.74,182.74,182.74,182.74,429
2014-11-28 13:45:00,182.74099999999999,182.74099999999999,182.74099999999999,182.74099999999999,1105
2014-11-28 14:15:00,182.7765,182.9372,182.7765,182.9372,1589
2014-12-01 09:45:00,182.72,182.99,181.18,181.18,34111
2014-12-01 10:00:00,181.2,181.5,180.69,181.14,30778
2014-12-01 10:15:00,181.36,182.06,181.3001,181.99,14230
2014-12-01 10:30:00,181.99,182.59,181.99,182.24,8800
2014-12-01 10:45:00,182.27,182.32,181.805,181.92,5308
2014-12-01 11:00:00,181.93,182.26,181.695,181.87,6095
2014-12-01 11:15:00,181.85,182.19,181.76,181.76,11565
2014-12-01 11:30:00,181.75,181.8,181.43,181.77,17063
2014-12-01 11:45:00,181.8,181.85,181.39,181.51,8258
2014-12-01 12:00:00,181.53,181.56,181.13,181.295,7200
2014-12-01 12:15:00,181.42,181.9099,181.42,181.9099,6383
2014-12-01 12:30:00,181.9487,182.02,181.68,181.8,12900
2014-12-01 12:45:00,181.78,182.39,181.685,182.23,15191
2014-12-01 13:00:00,181.965,182.58,181.88,182.525,10534
2014-12-01 13:15:00,182.53,183.04,182.45,182.9,43815
2014-12-01 13:30:00,182.845,183.25,182.72,182.75,29910
2014-12-01 13:45:00,182.76,183.04,182.75,182.75,6249
2014-12-01 14:00:00,182.79,182.88,182.15,182.15,15407
2014-12-01 14:15:00,182.1,182.18,181.79,181.8,2800
2014-12-01 14:30:00,181.81,181.89,181.41,181.8,8714
2014-12-01 14:45:00,181.7,181.89,181.65,181.79,4490
2014-12-01 15:00:00,181.78,181.85,181.61,181.61,4682
2014-12-01 15:15:00,181.67,181.9799,181.67,181.73,5915
2014-12-01 15:30:00,181.76,181.89,181.59,181.59,7352
2014-12-01 15:45:00,181.59,181.61,181.38,181.455,15052
2014-12-01 16:00:00,181.45,181.75,181.3984,181.58,41885
2014-12-02 09:45:00,181.53,182.5,181.3,182.28,10304
2014-12-02 10:00:00,182.04,182.3,181.91,182.11,12035
2014-12-02 10:15:00,182.12,182.56,181.9,182.38,7621
2014-12-02 10:30:00,182.35,182.46,181.94,181.98,15100
2014-12-02 10:45:00,182.08,182.52,182.08,182.48,13411
2014-12-02 11:00:00,182.38,182.525,182.3,182.34,30215
2014-12-02 11:15:00,182.34,182.93,182.34,182.93,6489
2014-12-02 11:30:00,182.98,183.08,182.64,182.66,17222
2014-12-02 11:45:00,182.65,182.705,182.525,182.67,3428
2014-12-02 12:00:00,182.65,182.66,182.39,182.5885,6410
2014-12-02 12:15:00,182.61,182.86,182.56,182.803,7415
2014-12-02 12:30:00,182.69,182.75,182.28,182.37,3714
2014-12-02 12:45:00,182.3,182.55,182.27,182.51,5250
2014-12-02 13:00:00,182.48,182.72,182.47,182.67,3700
2014-12-02 13:15:00,182.5901,182.79,182.5901,182.68,5454
2014-12-02 13:30:00,182.7,183.13,182.64,183.13,4000
2014-12-02 13:45:00,183.06,183.15,182.965,183.08,5797
2014-12-02 14:00:00,183.08,183.25,182.99,183.19,3100
2014-12-02 14:15:00,183.27,183.34,183.17,183.26,4873
2014-12-02 14:30:00,183.32,183.41,183.12,183.2099,5560
2014-12-02 14:45:00,183.16,183.41,183.1,183.4,3781
2014-12-02 15:00:00,183.41,183.7799,183.38,183.75,9690
2014-12-02 15:15:00,183.71,183.82,183.61,183.78,7167
2014-12-02 15:30:00,183.815,183.815,183.45,183.47,17276
2014-12-02 15:45:00,183.47,184.03,183.44,183.88,31368
2014-12-02 16:00:00,183.88,184.05,183.82,183.93,50658
2014-12-03 09:45:00,184.35,185.28,184.2,184.98,17941
2014-12-03 10:00:00,185.15,185.48,184.87,185.475,26297
2014-12-03 10:15:00,185.535,185.73,184.88,185.73,15006
2014-12-03 10:30:00,185.8,185.9,185.09,185.4,17943
2014-12-03 10:45:00,185.37,186.11,185.345,185.98,16622
2014-12-03 11:00:00,186.02,186.36,185.73,186.22,21071
2014-12-03 11:15:00,186.25,186.42,185.83,185.83,15708
2014-12-03 11:30:00,185.92,186.55,185.89,186.53,14524
2014-12-03 11:45:00,186.61,186.73,186.27,186.52,19746
2014-12-03 12:00:00,186.47,186.83,186.47,186.715,10855
2014-12-03 12:15:00,186.73,187.06,186.68,187.02,16780
2014-12-03 12:30:00,187.01,187.12,186.9,187.06,17439
2014-12-03 12:45:00,187.04,187.28,186.94,187.28,14831
2014-12-03 13:00:00,187.27,187.31,187.08,187.15,9985
2014-12-03 13:15:00,187.2,187.3,187.09,187.1481,11200
2014-12-03 13:30:00,187.11,187.122,186.91,187.122,12146
2014-12-03 13:45:00,187.16,187.39,187.125,187.39,13148
2014-12-03 14:00:00,187.35,187.59,187.29,187.57,18367
2014-12-03 14:15:00,187.54,187.55,187.34,187.365,11694
2014-12-03 14:30:00,187.35,187.51,187.32,187.51,7674
2014-12-03 14:45:00,187.5,187.59,187.45,187.52,10520
2014-12-03 15:00:00,187.48,187.51,187.13,187.29,8642
2014-12-03 15:15:00,187.28,188.27,187.26,188.21,38425
2014-12-03 15:30:00,188.19,188.48,187.62,188.24,89957
2014-12-03 15:45:00,188.25,188.61,188.025,188.24,78161
2014-12-03 16:00:00,188.23,188.88,188.13,188.54,242650
2014-12-04 09:45:00,188.86,188.87,187.43,187.89,35240
2014-12-04 10:00:00,187.92,188.13,187.23,187.57,17991
2014-12-04 10:15:00,187.62,187.91,187.04,187.88,27422
2014-12-04 10:30:00,187.93,187.95,187.65,187.92,16817
2014-12-04 10:45:00,187.96,188.38,187.65,187.72,24249
2014-12-04 11:00:00,187.67,187.76,187.38,187.76,8187
2014-12-04 11:15:00,187.75,188.01,187.61,187.91,12537
2014-12-04 11:30:00,187.95,187.96,187.58,187.58,13172
2014-12-04 11:45:00,187.67,188.22,187.45,188.19,11553
2014-12-04 12:00:00,188.2438,188.53,188.137,188.5,9535
2014-12-04 12:15:00,188.51,189.12,188.51,189.04,17396
2014-12-04 12:30:00,189.08,189.29,188.89,189.29,8900
2014-12-04 12:45:00,189.26,189.62,189.06,189.39,15498
2014-12-04 13:00:00,189.32,189.66,188.94,189.6067,19514
2014-12-04 13:15:00,189.66,189.66,188.91,188.96,11311
2014-12-04 13:30:00,188.96,189.41,188.96,189.2,9356
2014-12-04 13:45:00,189.21,189.42,189.0,189.32,14033
2014-12-04 14:00:00,189.36,189.46,189.05,189.11,29990
2014-12-04 14:15:00,189.14,189.73,189.11,189.65,11357
2014-12-04 14:30:00,189.64,189.73,189.49,189.62,10910
2014-12-04 14:45:00,189.63,189.63,189.16,189.305,12700
2014-12-04 15:00:00,189.34,189.43,189.111,189.37,20521
2014-12-04 15:15:00,189.38,189.59,189.19,189.335,28734
2014-12-04 15:30:00,189.31,189.32,188.53,188.61,19044
2014-12-04 15:45:00,188.56,188.61,188.35,188.38,25731
2014-12-04 16:00:00,188.4,188.98,188.4,188.97,58128
2014-12-05 09:45:00,188.72,189.4,188.43,188.99,22124
2014-12-05 10:00:00,189.11,189.22,188.41,188.41,10502
2014-12-05 10:15:00,188.36,188.42,187.9,188.18,9160
2014-12-05 10:30:00,188.09,188.579,188.09,188.22,11671
2014-12-05 10:45:00,188.23,188.29,187.77,187.77,12935
2014-12-05 11:00:00,187.88,187.88,187.45,187.72,13700
2014-12-05 11:15:00,187.73,187.97,187.73,187.83,4469
2014-12-05 11:30:00,187.78,188.0,187.65,187.91,7400
2014-12-05 11:45:00,187.84,187.84,187.46,187.48,9843
2014-12-05 12:00:00,187.54,187.75,187.45,187.45,6070
2014-12-05 12:15:00,187.48,188.69,187.26,187.69,54473
2014-12-05 12:30:00,187.7185,187.88,187.48,187.7,22542
2014-12-05 12:45:00,187.7,187.74,187.1,187.1,14493
2014-12-05 13:00:00,187.11,187.15,186.92,186.92,14486
2014-12-05 13:15:00,186.94,186.96,186.77,186.77,7518
2014-12-05 13:30:00,186.75,186.81,186.64,186.78,9428
2014-12-05 13:45:00,186.88,187.14,186.88,187.07,7766
2014-12-05 14:00:00,187.07,187.07,186.84,186.84,4300
2014-12-05 14:15:00,186.84,187.31,186.83,187.25,8568
2014-12-05 14:30:00,187.26,187.29,187.1,187.21,6932
2014-12-05 14:45:00,187.2,187.29,187.1,187.15,11950
2014-12-05 15:00:00,187.19,187.34,187.17,187.19,6910
2014-12-05 15:15:00,187.21,187.74,187.15,187.665,11100
2014-12-05 15:30:00,187.72,187.82,187.44,187.48,8914
2014-12-05 15:45:00,187.61,187.63,187.38,187.43,16597
2014-12-05 16:00:00,187.45,188.02,187.31,187.87,38617
2014-12-08 09:45:00,186.88,187.765,186.45,187.58,22399
2014-12-08 10:00:00,187.71,187.764,187.29,187.75,10170
2014-12-08 10:15:00,187.69,187.985,187.42,187.45,8116
2014-12-08 10:30:00,187.3325,187.815,187.19,187.75,6550
2014-12-08 10:45:00,187.85,187.85,187.52,187.72,6856
2014-12-08 11:00:00,187.72,187.92,187.7,187.91,8307
2014-12-08 11:15:00,187.93,188.27,187.85,188.25,13079
2014-12-08 11:30:00,188.18,188.33,188.04,188.04,5358
2014-12-08 11:45:00,188.1,188.23,187.76,187.85,5913
2014-12-08 12:00:00,187.88,188.01,187.88,188.01,4778
2014-12-08 12:15:00,188.0,188.15,187.41,187.41,17668
2014-12-08 12:30:00,187.39,187.4,186.95,187.19,15047
2014-12-08 12:45:00,187.14,187.42,187.112,187.29,5219
2014-12-08 13:00:00,187.25,187.25,186.73,186.73,14793
2014-12-08 13:15:00,186.78,186.83,186.56,186.63,8219
2014-12-08 13:30:00,186.62,186.62,186.25,186.43,5899
2014-12-08 13:45:00,186.37,186.41,185.84,185.94,22160
2014-12-08 14:00:00,185.97,186.15,185.89,186.04,5467
2014-12-08 14:15:00,186.04,186.25,186.00099999999998,186.16,9318
2014-12-08 14:30:00,186.0809,186.3,185.96,186.3,8177
2014-12-08 14:45:00,186.33,186.63,186.33,186.54,3400
2014-12-08 15:00:00,186.56,186.71,186.51,186.54,5700
2014-12-08 15:15:00,186.55,186.63,186.49,186.58,6100
2014-12-08 15:30:00,186.57,186.88,186.54,186.84,10414
2014-12-08 15:45:00,186.85,186.92,186.59,186.76,11405
2014-12-08 16:00:00,186.73,186.75,186.19,186.54,51145
2014-12-09 09:45:00,192.85,192.94,188.96,189.9,144887
2014-12-09 10:00:00,189.88,190.88,189.41,189.73,74359
2014-12-09 10:15:00,189.64,190.0574,189.35,189.77,46769
2014-12-09 10:30:00,189.6701,190.08,189.6701,189.75,33125
2014-12-09 10:45:00,189.815,190.84,189.69,190.84,20594
2014-12-09 11:00:00,190.78,191.2,190.296,190.37,29193
2014-12-09 11:15:00,190.305,190.305,189.78,189.99,14111
2014-12-09 11:30:00,190.04,190.93,190.04,190.85,16123
2014-12-09 11:45:00,190.84,191.54,190.825,191.51,27039
2014-12-09 12:00:00,191.49,192.09,191.41,191.95,26273
2014-12-09 12:15:00,191.84,191.94,190.99,191.3,34032
2014-12-09 12:30:00,191.28,191.57,191.0,191.42,10168
2014-12-09 12:45:00,191.4,191.9,191.34,191.86,9155
2014-12-09 13:00:00,191.77,192.53,191.76,192.53,23551
2014-12-09 13:15:00,192.51,192.83,192.44,192.61,19616
2014-12-09 13:30:00,192.62,192.75,192.34,192.37,12958
2014-12-09 13:45:00,192.37,192.79,192.37,192.71,15697
2014-12-09 14:00:00,192.75,192.75,192.385,192.51,10022
2014-12-09 14:15:00,192.51,192.69,191.885,191.885,11073
2014-12-09 14:30:00,191.84,192.05,191.67,192.03,14125
2014-12-09 14:45:00,191.99,192.33,191.79,192.33,28220
2014-12-09 15:00:00,192.2601,192.5,191.99,192.0,13513
2014-12-09 15:15:00,192.11,192.26,191.92,192.18,13721
2014-12-09 15:30:00,192.18,192.53,192.12,192.51,23631
2014-12-09 15:45:00,192.55,192.6,192.25,192.51,43368
2014-12-09 16:00:00,192.5,192.77,192.48,192.53,57165
2014-12-10 09:45:00,191.97,192.12,190.88,191.61,65098
2014-12-10 10:00:00,191.69,192.28,191.31,191.53,22122
2014-12-10 10:15:00,191.39,192.05,191.18,192.05,17329
2014-12-10 10:30:00,192.13,192.22,191.8,192.05,10878
2014-12-10 10:45:00,192.05,192.53,191.82,192.46,28265
2014-12-10 11:00:00,192.47,192.87,192.2,192.61,21183
2014-12-10 11:15:00,192.58,192.59,192.1,192.11,10382
2014-12-10 11:30:00,192.21,192.21,191.25,191.25,14251
2014-12-10 11:45:00,191.27,191.47,190.95,191.33,10449
2014-12-10 12:00:00,191.31,191.74,191.31,191.74,7655
2014-12-10 12:15:00,191.75,192.39,191.74,192.31,14839
2014-12-10 12:30:00,192.32,192.32,191.685,191.71,11510
2014-12-10 12:45:00,191.72,191.7465,191.3515,191.7,22132
2014-12-10 13:00:00,191.71,191.89,191.62,191.7,7225
2014-12-10 13:15:00,191.68,191.94,191.68,191.92,9930
2014-12-10 13:30:00,191.87,191.87,191.51,191.51,8300
2014-12-10 13:45:00,191.57,191.59,191.255,191.44,7864
2014-12-10 14:00:00,191.41,191.41,190.51,190.52,15381
2014-12-10 14:15:00,190.57,190.81,190.335,190.47,12130
2014-12-10 14:30:00,190.44,190.6,190.27,190.35,29157
2014-12-10 14:45:00,190.41,190.49,190.265,190.33,20069
2014-12-10 15:00:00,190.35,190.53,190.18,190.18,19108
2014-12-10 15:15:00,190.19,191.04,190.19,190.88,19149
2014-12-10 15:30:00,190.86,191.25,190.74,191.01,15011
2014-12-10 15:45:00,191.06,191.4,190.73,190.76,37248
2014-12-10 16:00:00,190.73,191.03,190.31,190.89,84603
2014-12-11 09:45:00,191.31,192.908,190.86,192.84,46488
2014-12-11 10:00:00,192.84,193.93,192.76,193.42,60871
2014-12-11 10:15:00,193.485,193.55,193.15,193.52,36331
2014-12-11 10:30:00,193.56,193.82,193.38,193.65,35441
2014-12-11 10:45:00,193.6,193.64,193.17,193.2,30168
2014-12-11 11:00:00,193.24,193.6,193.19,193.45,19193
2014-12-11 11:15:00,193.46,193.5,192.88,192.9,9282
2014-12-11 11:30:00,192.82,193.13,192.69,192.7,11760
2014-12-11 11:45:00,192.73,193.1,192.73,192.8,8996
2014-12-11 12:00:00,192.8,193.24,192.77,193.1293,9672
2014-12-11 12:15:00,193.2465,193.29,193.07,193.08,4999
2014-12-11 12:30:00,193.15,193.23,192.97,193.14,7085
2014-12-11 12:45:00,193.14,193.2144,192.91,193.025,18530
2014-12-11 13:00:00,193.02,193.17,192.81,192.835,13763
2014-12-11 13:15:00,192.8001,193.35,192.8,193.18,10234
2014-12-11 13:30:00,193.16,193.17,192.85,192.93,8755
2014-12-11 13:45:00,192.92,193.25,192.78,193.25,4724
2014-12-11 14:00:00,193.25,193.29,192.93,192.976,9072
2014-12-11 14:15:00,192.94,193.13,192.8198,192.87,10336
2014-12-11 14:30:00,192.9,192.9,192.28,192.28,8996
2014-12-11 14:45:00,192.31,192.42,191.98,192.06,9506
2014-12-11 15:00:00,191.99,192.03,191.64,191.73,10013
2014-12-11 15:15:00,191.8,192.8067,191.75,192.79,14136
2014-12-11 15:30:00,192.8,193.1,192.68,192.86,25646
2014-12-11 15:45:00,192.87,193.09,192.48,192.48,15151
2014-12-11 16:00:00,192.43,192.6,191.53,191.92,34210
2014-12-12 09:45:00,189.95,192.92,189.95,192.52,30398
2014-12-12 10:00:00,192.33,194.03,192.313,194.03,35926
2014-12-12 10:15:00,194.03,194.076,192.96,193.02,26624
2014-12-12 10:30:00,193.1399,193.1399,192.6,192.9,36031
2014-12-12 10:45:00,192.85,192.97,192.685,192.97,20463
2014-12-12 11:00:00,192.99,193.19,192.46,192.49,15041
2014-12-12 11:15:00,192.58,193.0,192.39,192.979,27200
2014-12-12 11:30:00,192.97,192.98,192.48,192.56,15180
2014-12-12 11:45:00,192.53,193.165,192.53,192.87,15983
2014-12-12 12:00:00,192.87,193.45,192.8501,192.99,17925
2014-12-12 12:15:00,193.02,193.05,192.56,192.75,17744
2014-12-12 12:30:00,192.73,192.83,192.66,192.79,15394
2014-12-12 12:45:00,192.76,192.89,192.68,192.82,20971
2014-12-12 13:00:00,192.85,192.96,192.72,192.755,13358
2014-12-12 13:15:00,192.79,193.12,192.66,192.83,11733
2014-12-12 13:30:00,192.98,193.3699,192.85,192.97,8854
2014-12-12 13:45:00,193.01,193.02,192.76,192.85,8569
2014-12-12 14:00:00,192.87,193.27,192.76,193.04,19144
2014-12-12 14:15:00,192.97,193.29,192.92,192.98,11552
2014-12-12 14:30:00,192.96,193.18,192.8001,192.86,17613
2014-12-12 14:45:00,192.82,193.11,192.69,192.94,12496
2014-12-12 15:00:00,193.0,193.26,192.88,193.2326,9475
2014-12-12 15:15:00,193.32,193.5,193.09,193.13,11847
2014-12-12 15:30:00,193.12,193.3,192.96,193.11,9960
2014-12-12 15:45:00,193.07,193.105,192.68,192.86,50992
2014-12-12 16:00:00,192.81,192.81,191.98,191.98,51943
2014-12-15 09:45:00,192.81,193.4,192.17,193.0,30486
2014-12-15 10:00:00,192.91,193.74,192.79,193.56,15710
2014-12-15 10:15:00,193.57,193.58,192.42,192.6,19895
2014-12-15 10:30:00,192.59,192.81,192.3,192.62,9592
2014-12-15 10:45:00,192.69,192.74,191.59,191.59,14547
2014-12-15 11:00:00,191.59,192.45,191.53,192.34,17141
2014-12-15 11:15:00,192.33,192.33,191.31,191.33599999999998,9710
2014-12-15 11:30:00,191.35,191.35,190.34,190.73,11548
2014-12-15 11:45:00,190.57,191.293,190.54,191.035,21418
2014-12-15 12:00:00,191.12,191.235,190.3,190.3,18495
2014-12-15 12:15:00,190.4,191.52,190.39,191.07,18075
2014-12-15 12:30:00,191.16,191.88,190.92,191.75,12855
2014-12-15 12:45:00,191.78,192.05,191.37,191.7,8933
2014-12-15 13:00:00,191.73,192.153,191.46,192.07,15579
2014-12-15 13:15:00,192.0,192.0899,191.08,191.18,9276
2014-12-15 13:30:00,191.04,191.765,191.04,191.38,8200
2014-12-15 13:45:00,191.26,191.915,191.19,191.87,7699
2014-12-15 14:00:00,191.9,191.9,191.35,191.63,26853
2014-12-15 14:15:00,191.6,191.75,191.39,191.51,7731
2014-12-15 14:30:00,191.39,192.31,191.32,192.01,17417
2014-12-15 14:45:00,192.02,192.33,191.58,191.58,13474
2014-12-15 15:00:00,191.63,191.89,191.46,191.78,16241
2014-12-15 15:15:00,191.785,192.135,191.71,191.99,38699
2014-12-15 15:30:00,191.97,192.14,191.6716,191.78,15548
2014-12-15 15:45:00,191.81,192.588,191.67,192.31,25955
2014-12-15 16:00:00,192.18,192.74,192.04,192.25,65370
2014-12-16 09:45:00,192.99,193.43,191.722,193.09,30079
2014-12-16 10:00:00,193.03,193.3946,191.63,191.64,18161
2014-12-16 10:15:00,191.79,192.1199,191.21,191.25,12079
2014-12-16 10:30:00,191.17,192.38,191.14,191.97,19497
2014-12-16 10:45:00,191.84,191.84,190.99,191.06,7915
2014-12-16 11:00:00,191.14,192.14,191.14,192.11,9502
2014-12-16 11:15:00,192.11,192.11,191.32,191.49,8114
2014-12-16 11:30:00,191.57,192.51,191.52,192.37,9431
2014-12-16 11:45:00,192.47,193.14,192.47,193.03,20797
2014-12-16 12:00:00,193.01,193.11,192.62,192.815,6478
2014-12-16 12:15:00,192.83,192.99,192.41,192.41,7944
2014-12-16 12:30:00,192.45,192.79,192.45,192.52,5500
2014-12-16 12:45:00,192.59,192.83,192.395,192.395,7513
2014-12-16 13:00:00,192.14,192.19,191.82,191.82,7283
2014-12-16 13:15:00,191.745,192.18,191.43,191.71,14745
2014-12-16 13:30:00,191.62,191.71,191.23,191.33,5676
2014-12-16 13:45:00,191.31,191.91,191.11,191.73,5202
2014-12-16 14:00:00,191.67,191.95,191.38,191.38,6204
2014-12-16 14:15:00,191.46,191.73,191.33,191.59,25610
2014-12-16 14:30:00,191.58,191.862,191.4,191.6505,37661
2014-12-16 14:45:00,191.73,191.79,191.42,191.59,9210
2014-12-16 15:00:00,191.48,191.48,190.99,191.1754,8905
2014-12-16 15:15:00,191.15,191.82,191.04,191.65,25421
2014-12-16 15:30:00,191.6,191.88,191.4,191.51,15642
2014-12-16 15:45:00,191.48,191.84,190.92,191.07,25495
2014-12-16 16:00:00,191.1,191.46,190.12,190.18,71320
2014-12-17 09:45:00,190.31,190.9,189.79,190.23,23662
2014-12-17 10:00:00,190.22,190.28,189.66,189.85,12679
2014-12-17 10:15:00,189.69,189.73,189.0,189.33,22865
2014-12-17 10:30:00,189.12,189.47,188.99,189.02,13400
2014-12-17 10:45:00,188.99,189.40200000000002,188.99,189.3307,13454
2014-12-17 11:00:00,189.32,189.37,188.87,188.87,9557
2014-12-17 11:15:00,188.81,188.99,188.7036,188.7036,9865
2014-12-17 11:30:00,188.64,189.45,188.36,189.3,12458
2014-12-17 11:45:00,189.38,190.13,189.14,190.1,5370
2014-12-17 12:00:00,190.08,190.27,190.0001,190.02,7081
2014-12-17 12:15:00,190.0,190.09,189.58,189.58,6160
2014-12-17 12:30:00,189.58,189.77,189.22,189.32,7461
2014-12-17 12:45:00,189.39,189.68,189.24,189.39,16254
2014-12-17 13:00:00,189.46,189.82,189.34,189.64,13602
2014-12-17 13:15:00,189.62,189.99,189.62,189.99,5937
2014-12-17 13:30:00,190.03,190.03,189.77,189.92,9523
2014-12-17 13:45:00,189.92,190.37,189.92,190.24,6600
2014-12-17 14:00:00,190.252,190.77,189.95,190.61,7706
2014-12-17 14:15:00,190.88,191.755,190.69,191.595,22232
2014-12-17 14:30:00,191.65,191.75,191.06,191.06,31468
2014-12-17 14:45:00,191.25,191.93,190.76,191.57,16275
2014-12-17 15:00:00,191.53,191.76,191.11,191.3352,13040
2014-12-17 15:15:00,191.22,191.44,190.7,191.42,15155
2014-12-17 15:30:00,191.44,191.88,191.13,191.88,12551
2014-12-17 15:45:00,191.79,192.29,191.54,192.18,26585
2014-12-17 16:00:00,192.17,192.48,191.925,192.18,45409
2014-12-18 09:45:00,194.19,194.73,191.53,191.82,43600
2014-12-18 10:00:00,191.74,191.76,191.1101,191.575,25366
2014-12-18 10:15:00,191.575,191.92,191.02,191.89,18545
2014-12-18 10:30:00,191.89,192.18,191.76,191.88,17680
2014-12-18 10:45:00,191.82,192.08,191.8,191.92,28072
2014-12-18 11:00:00,192.0,192.28,191.86,192.16,11870
2014-12-18 11:15:00,192.11,192.11,191.59,191.64,11125
2014-12-18 11:30:00,191.63,191.83,191.52,191.52,12862
2014-12-18 11:45:00,191.6,191.61,191.19,191.43,12547
2014-12-18 12:00:00,191.52,191.85,191.46,191.85,30397
2014-12-18 12:15:00,191.85,192.33,191.85,192.2114,20182
2014-12-18 12:30:00,192.14,192.4,191.607,192.2,24717
2014-12-18 12:45:00,192.23,192.76,192.18,192.72,16124
2014-12-18 13:00:00,192.79,193.2,192.72,193.2,11506
2014-12-18 13:15:00,193.26,193.3,192.55,192.55,11167
2014-12-18 13:30:00,192.64,193.0,192.64,192.96,41145
2014-12-18 13:45:00,192.94,193.19,192.87,193.07,10116
2014-12-18 14:00:00,193.025,193.21,192.99,193.17,10482
2014-12-18 14:15:00,193.16,193.17,192.77,192.83,8995
2014-12-18 14:30:00,192.8201,193.255,192.7901,193.05,11142
2014-12-18 14:45:00,192.99,193.03,192.66,192.84,15063
2014-12-18 15:00:00,192.875,192.93,192.38,192.4,12494
2014-12-18 15:15:00,192.4,192.66,192.35,192.5,24605
2014-12-18 15:30:00,192.47,192.49,192.2,192.37,23445
2014-12-18 15:45:00,192.39,192.74,192.39,192.52,37461
2014-12-18 16:00:00,192.52,193.58,192.45,193.58,152501
2014-12-19 09:45:00,193.3,194.53,192.3801,192.51,260897
2014-12-19 10:00:00,192.48,193.59,192.41,193.48,30210
2014-12-19 10:15:00,193.5,193.785,193.43,193.43,36501
2014-12-19 10:30:00,193.415,193.6,193.14,193.5,23939
2014-12-19 10:45:00,193.48,193.48,192.89,192.9,16257
2014-12-19 11:00:00,192.98,192.99,192.43,192.94,19961
2014-12-19 11:15:00,192.94,192.94,192.55,192.8,19672
2014-12-19 11:30:00,192.81,192.84,192.57,192.77,11741
2014-12-19 11:45:00,192.76,193.06,192.5901,192.79,9238
2014-12-19 12:00:00,192.79,192.83,192.39,192.4,9096
2014-12-19 12:15:00,192.38,192.41,192.18,192.275,10856
2014-12-19 12:30:00,192.3,192.35,191.9506,192.1,10358
2014-12-19 12:45:00,192.04,192.41,192.02,192.37,8116
2014-12-19 13:00:00,192.42,192.71,192.41,192.54,12322
2014-12-19 13:15:00,192.51,192.7,192.51,192.6146,9417
2014-12-19 13:30:00,192.54,192.77,192.5,192.5378,10070
2014-12-19 13:45:00,192.54,192.6,192.46,192.59,32489
2014-12-19 14:00:00,192.57,192.72,192.45,192.53,10895
2014-12-19 14:15:00,192.51,192.56,192.31,192.48,16776
2014-12-19 14:30:00,192.47,192.52,192.39,192.48,9901
2014-12-19 14:45:00,192.47,192.47,192.28,192.36,12493
2014-12-19 15:00:00,192.35,192.56,192.35,192.5,24526
2014-12-19 15:15:00,192.53,192.67,192.36,192.49,33338
2014-12-19 15:30:00,192.5,192.59,192.38,192.54,18014
2014-12-19 15:45:00,192.55,192.71,192.48,192.565,37804
2014-12-19 16:00:00,192.58,193.29,192.45,193.1,204787
2014-12-22 09:45:00,192.96,193.97,192.0,193.45,40426
2014-12-22 10:00:00,193.53400000000002,193.72,193.07,193.64,17553
2014-12-22 10:15:00,193.81,193.97,193.09,193.42,15852
2014-12-22 10:30:00,193.46,194.6,193.4,194.5,17474
2014-12-22 10:45:00,194.5,194.5,194.21,194.4,12248
2014-12-22 11:00:00,194.37,194.5,194.17,194.17,6110
2014-12-22 11:15:00,194.01,194.13,193.74,194.02,21859
2014-12-22 11:30:00,194.0499,194.68,194.0,194.64,7228
2014-12-22 11:45:00,194.68,194.84,194.49,194.51,7706
2014-12-22 12:00:00,194.49,194.55,194.35,194.41,4498
2014-12-22 12:15:00,194.37,194.53,194.28,194.4,9583
2014-12-22 12:30:00,194.39,194.65,194.32,194.43,3700
2014-12-22 12:45:00,194.43,194.56,194.34,194.56,3750
2014-12-22 13:00:00,194.55,194.735,194.52,194.56,6471
2014-12-22 13:15:00,194.7,194.97,194.64,194.97,6451
2014-12-22 13:30:00,194.899,195.205,194.88,195.15,13717
2014-12-22 13:45:00,195.14,195.28,195.09,195.09,3593
2014-12-22 14:00:00,195.104,195.14,194.94,194.94,7050
2014-12-22 14:15:00,194.89,194.89,194.61,194.61,4497
2014-12-22 14:30:00,194.655,194.75,194.45,194.47,4800
2014-12-22 14:45:00,194.445,194.669,194.445,194.54,16017
2014-12-22 15:00:00,194.5,194.79,194.4901,194.58,8692
2014-12-22 15:15:00,194.6,194.75,194.42,194.74,15692
2014-12-22 15:30:00,194.76,194.85,194.59,194.85,14143
2014-12-22 15:45:00,194.87,194.97,194.61,194.62,10837
2014-12-22 16:00:00,194.65,195.0,194.58,194.97,34247
2014-12-23 09:45:00,196.0,196.49,195.7,195.82,23385
2014-12-23 10:00:00,195.99,196.52,195.99,196.46,10781
2014-12-23 10:15:00,196.495,196.8,196.35,196.355,13054
2014-12-23 10:30:00,196.4,196.57,196.19,196.35,7890
2014-12-23 10:45:00,196.3,196.32,195.72,195.85,14000
2014-12-23 11:00:00,195.89,196.24,195.78,195.975,15845
2014-12-23 11:15:00,196.01,196.1456,195.85,196.0861,13985
2014-12-23 11:30:00,196.02,196.06,195.57,195.794,10622
2014-12-23 11:45:00,195.71,196.11,195.39,195.4878,26024
2014-12-23 12:00:00,195.56,195.6,195.45,195.54,6840
2014-12-23 12:15:00,195.52,195.52,195.25,195.45,11481
2014-12-23 12:30:00,195.435,195.55,195.33,195.33,8551
2014-12-23 12:45:00,195.32,195.47,195.2,195.32,16478
2014-12-23 13:00:00,195.32,195.595,195.3,195.34,8325
2014-12-23 13:15:00,195.31,195.31,195.07,195.175,16827
2014-12-23 13:30:00,195.21,195.22,194.985,195.105,7369
2014-12-23 13:45:00,195.11900000000003,195.54,195.11,195.54,31138
2014-12-23 14:00:00,195.544,195.72,195.27,195.28,22098
2014-12-23 14:15:00,195.26,195.26,194.87,195.0,20962
2014-12-23 14:30:00,195.03,195.05,194.9,195.0,11112
2014-12-23 14:45:00,195.0,195.09,194.9,195.0,8350
2014-12-23 15:00:00,195.03,195.1071,194.86,195.0,8737
2014-12-23 15:15:00,195.05,195.222,194.97,195.15,22875
2014-12-23 15:30:00,195.1,195.18,194.89,195.05,8937
2014-12-23 15:45:00,195.08,195.28,194.91,195.26,30434
2014-12-23 16:00:00,195.245,195.36,194.99,195.06,48039
2014-12-24 09:45:00,195.87,196.07,195.415,195.785,19347
2014-12-24 10:00:00,195.86,196.23,195.29,195.29,16419
2014-12-24 10:15:00,195.32,195.32,194.58,194.815,8381
2014-12-24 10:30:00,194.87,194.97,194.63,194.79,17177
2014-12-24 10:45:00,194.85,194.98,194.61,194.8,11008
2014-12-24 11:00:00,194.91,194.91,194.49,194.53,28154
2014-12-24 11:15:00,194.53,194.95,194.53,194.75,8514
2014-12-24 11:30:00,194.76,194.84,194.6801,194.71,5892
2014-12-24 11:45:00,194.72,194.75,194.581,194.71,3769
2014-12-24 12:00:00,194.58,194.8,194.58,194.75,8514
2014-12-24 12:15:00,194.75,194.75,194.48,194.53,11507
2014-12-24 12:30:00,194.52,194.62,194.37,194.37,5413
2014-12-24 12:45:00,194.34,194.37,194.23,194.23,3506
2014-12-24 13:00:00,194.23,194.25,193.9,193.95,21215
2014-12-24 13:15:00,193.95,195.06,193.95,194.7849,18653
2014-12-24 13:30:00,193.95,193.95,193.95,193.95,1762
2014-12-26 09:45:00,193.98,195.84,193.58,195.38,17184
2014-12-26 10:00:00,195.38,195.61,195.03,195.05,7000
2014-12-26 10:15:00,195.22,195.46,195.12,195.13,3713
2014-12-26 10:30:00,195.01,195.01,194.15,194.17,8443
2014-12-26 10:45:00,194.248,194.27,194.08,194.11,4450
2014-12-26 11:00:00,194.1,194.1,193.9401,194.06,5365
2014-12-26 11:15:00,193.997,194.07,193.56,193.731,7732
2014-12-26 11:30:00,193.73,193.84400000000002,193.52,193.79,8126
2014-12-26 11:45:00,193.78,193.87900000000002,193.67,193.87900000000002,2300
2014-12-26 12:00:00,193.86,193.92,193.57,193.81,4464
2014-12-26 12:15:00,193.71,194.02,193.71,193.79,2400
2014-12-26 12:30:00,193.79,194.04,193.73,193.98,2200
2014-12-26 12:45:00,194.06,194.33,194.015,194.21,3500
2014-12-26 13:00:00,194.2,194.3,194.19,194.3,3963
2014-12-26 13:15:00,194.33,194.46,194.1,194.28,7892
2014-12-26 13:30:00,194.28,194.53,194.28,194.5,2263
2014-12-26 13:45:00,194.51,194.54,194.37,194.43,6230
2014-12-26 14:00:00,194.51,194.96,194.51,194.91,16221
2014-12-26 14:15:00,194.93,195.03,194.89,195.0,1770
2014-12-26 14:30:00,195.04,195.04,194.69,194.69,7500
2014-12-26 14:45:00,194.66,194.669,194.48,194.49,3600
2014-12-26 15:00:00,194.42,194.45,194.31,194.31,2600
2014-12-26 15:15:00,194.31,194.3171,193.86,193.86,5110
2014-12-26 15:30:00,193.91,194.05,193.91,193.98,8354
2014-12-26 15:45:00,193.995,194.07,193.93,194.03,8700
2014-12-26 16:00:00,194.07,194.13,193.91,194.04,23291
2014-12-29 09:45:00,193.95,195.26,192.89,195.26,21061
2014-12-29 10:00:00,195.155,195.155,194.6,194.81,19095
2014-12-29 10:15:00,194.85,194.88,194.22,194.43,18100
2014-12-29 10:30:00,194.52,194.81099999999998,194.45,194.735,5941
2014-12-29 10:45:00,194.85,194.93,194.49,194.49,4900
2014-12-29 11:00:00,194.43,194.91,194.43,194.84,6737
2014-12-29 11:15:00,194.79,194.84599999999998,194.37,194.37,6466
2014-12-29 11:30:00,194.37,194.41,193.68,193.76,15264
2014-12-29 11:45:00,193.77,194.081,193.65,193.71,12514
2014-12-29 12:00:00,193.7244,193.92,193.54,193.92,8003
2014-12-29 12:15:00,193.93,194.14,193.93,193.97,12448
2014-12-29 12:30:00,193.99,194.04,193.86,194.0,5713
2014-12-29 12:45:00,194.015,194.06,193.78,193.78,18370
2014-12-29 13:00:00,193.77,194.29,193.77,194.26,9010
2014-12-29 13:15:00,194.27,194.71,194.27,194.65,13916
2014-12-29 13:30:00,194.72,194.98,194.68,194.98,4556
2014-12-29 13:45:00,194.95,195.01,194.9,194.98,7025
2014-12-29 14:00:00,195.03,195.2094,194.97,195.13,7847
2014-12-29 14:15:00,195.1,195.1,194.925,194.96,5424
2014-12-29 14:30:00,194.9954,194.9992,194.8635,194.925,15633
2014-12-29 14:45:00,194.94,194.96,194.85,194.91,5500
2014-12-29 15:00:00,194.92,195.2,194.9042,195.19,7204
2014-12-29 15:15:00,195.215,195.31,195.06,195.1883,10323
2014-12-29 15:30:00,195.19,195.48,195.19,195.24,9942
2014-12-29 15:45:00,195.22,195.611,195.16,195.61,17791
2014-12-29 16:00:00,195.62,195.64,195.46,195.49,40306
2014-12-30 09:45:00,194.68,195.73,194.63,195.03,11087
2014-12-30 10:00:00,195.03,195.21,194.29,194.7,8620
2014-12-30 10:15:00,194.36,195.56,194.36,195.22,5605
2014-12-30 10:30:00,195.46,195.46,194.58,195.05,6504
2014-12-30 10:45:00,195.02,195.14,194.83,195.095,4174
2014-12-30 11:00:00,195.145,195.38,194.93,195.07,6060
2014-12-30 11:15:00,195.0,195.11,194.83,194.91,4600
2014-12-30 11:30:00,194.89,195.2,194.88,195.13,14933
2014-12-30 11:45:00,195.12,195.13,194.69,194.76,3298
2014-12-30 12:00:00,194.715,194.715,194.47,194.495,4900
2014-12-30 12:15:00,194.5,194.68,194.4,194.4,3953
2014-12-30 12:30:00,194.4586,194.4586,194.2,194.32,4615
2014-12-30 12:45:00,194.38,194.44,194.27,194.29,2337
2014-12-30 13:00:00,194.265,194.4,194.24,194.36,3100
2014-12-30 13:15:00,194.35,194.53,194.21,194.53,3525
2014-12-30 13:30:00,194.57,194.62,194.26,194.3301,10746
2014-12-30 13:45:00,194.42,194.46,193.96,194.005,3552
2014-12-30 14:00:00,193.97,194.09,193.84,194.07,3413
2014-12-30 14:15:00,193.9935,194.21,193.96,194.155,13950
2014-12-30 14:30:00,194.12,194.52,194.06,194.42,6925
2014-12-30 14:45:00,194.485,194.95,194.45,194.9,2900
2014-12-30 15:00:00,194.95,195.0512,194.79,194.79,5225
2014-12-30 15:15:00,194.79,194.79,194.59,194.64,6367
2014-12-30 15:30:00,194.52,194.73,194.37,194.62,6685
2014-12-30 15:45:00,194.6,194.73,194.43,194.555,30637
2014-12-30 16:00:00,194.64,194.64,194.14,194.15,35000
2014-12-31 09:45:00,195.0,196.0,194.15200000000002,195.50400000000002,18552
2014-12-31 10:00:00,195.58,195.77,194.825,195.37,12240
2014-12-31 10:15:00,195.52,195.6,195.08,195.14,7384
2014-12-31 10:30:00,195.2,195.67,195.1192,195.32,7050
2014-12-31 10:45:00,195.14,195.54,194.96,195.13,12123
2014-12-31 11:00:00,195.14,195.68,195.0201,195.68,7150
2014-12-31 11:15:00,195.66,195.75,195.27,195.33,7580
2014-12-31 11:30:00,195.23,195.54,195.23,195.36,8300
2014-12-31 11:45:00,195.3101,195.85,195.3101,195.68,20679
2014-12-31 12:00:00,195.7,195.82,195.63,195.72,4866
2014-12-31 12:15:00,195.73,195.73,195.1,195.2,7756
2014-12-31 12:30:00,195.26,195.38,194.82,194.87,4411
2014-12-31 12:45:00,194.87,195.16,194.7546,194.82,5257
2014-12-31 13:00:00,194.85,195.08,194.82,194.93,4560
2014-12-31 13:15:00,194.9,195.32,194.64,194.64,3700
2014-12-31 13:30:00,194.61,194.95,194.37,194.37,5188
2014-12-31 13:45:00,194.389,194.389,194.02,194.06,2798
2014-12-31 14:00:00,193.99,194.11,193.71,194.0,20799
2014-12-31 14:15:00,193.94,193.99,193.55,193.81,8851
2014-12-31 14:30:00,193.87,193.87,193.22,193.22,5800
2014-12-31 14:45:00,193.32,193.69,193.27,193.4,9788
2014-12-31 15:00:00,193.4,193.73,193.36,193.54,8487
2014-12-31 15:15:00,193.44,193.6,193.31,193.6,8678
2014-12-31 15:30:00,193.56,193.76,193.49,193.66,12277
2014-12-31 15:45:00,193.64,193.66,193.0,193.2,14211
2014-12-31 16:00:00,193.22,193.22,192.54,192.6,70384
2015-01-02 09:45:00,192.86,194.675,192.01,194.5,42611
2015-01-02 10:00:00,194.54,194.85,194.185,194.3,32894
2015-01-02 10:15:00,194.3,195.03,194.09,194.88,34575
2015-01-02 10:30:00,194.85,194.965,194.385,194.51,19511
2015-01-02 10:45:00,194.385,194.3862,192.8994,193.17,32088
2015-01-02 11:00:00,193.26,194.0,193.26,193.93,20535
2015-01-02 11:15:00,193.865,193.92,192.75,192.9,32908
2015-01-02 11:30:00,193.03,193.61,193.03,193.49,14908
2015-01-02 11:45:00,193.51,193.62,192.82,192.82,21590
2015-01-02 12:00:00,192.78,192.93,192.6306,192.73,13669
2015-01-02 12:15:00,192.75,192.88,192.7,192.88,4746
2015-01-02 12:30:00,192.95,192.95,192.14,192.3,16359
2015-01-02 12:45:00,192.26,192.31,191.97099999999998,192.0,14040
2015-01-02 13:00:00,192.0,192.06,191.47,191.47,16651
2015-01-02 13:15:00,191.52,191.57,191.24,191.29,5700
2015-01-02 13:30:00,191.2431,191.32,190.9101,191.0199,15122
2015-01-02 13:45:00,191.02,191.04,190.79,190.85,24113
2015-01-02 14:00:00,190.835,191.39,190.71,191.36,9272
2015-01-02 14:15:00,191.38,192.35,191.37,192.295,11801
2015-01-02 14:30:00,192.27,192.28,191.43,191.43,32993
2015-01-02 14:45:00,191.48,191.6399,191.33,191.33,18858
2015-01-02 15:00:00,191.39,191.55,191.28,191.29,10593
2015-01-02 15:15:00,191.31,191.42,191.08,191.2699,11615
2015-01-02 15:30:00,191.2548,191.6,191.25,191.54,12410
2015-01-02 15:45:00,191.51,192.02,191.51,191.91,24259
2015-01-02 16:00:00,191.93,192.38,191.87,192.11,55739
2015-01-05 09:45:00,191.51,192.38,191.12,191.65,46135
2015-01-05 10:00:00,191.69,191.79,190.85,191.1,30947
2015-01-05 10:15:00,191.1,191.27,190.69,190.94,21150
2015-01-05 10:30:00,190.925,191.1,190.51,190.6,21539
2015-01-05 10:45:00,190.54,190.575,189.69,189.78,40896
2015-01-05 11:00:00,189.78,190.17,189.65,189.77,50956
2015-01-05 11:15:00,189.78,190.065,189.69,189.74,37924
2015-01-05 11:30:00,189.735,189.74,189.39,189.53,22632
2015-01-05 11:45:00,189.57,189.695,189.0,189.6,31202
2015-01-05 12:00:00,189.6,189.76,189.29,189.41,11500
2015-01-05 12:15:00,189.355,189.8,189.35,189.48,8253
2015-01-05 12:30:00,189.41,189.53,189.23,189.44,13665
2015-01-05 12:45:00,189.17,189.63,189.08,189.63,6100
2015-01-05 13:00:00,189.62,189.72,189.165,189.24,21005
2015-01-05 13:15:00,189.26,189.39,189.09,189.09,6959
2015-01-05 13:30:00,189.09,189.09,188.77,188.9568,11055
2015-01-05 13:45:00,188.94,189.225,188.91,189.07,18324
2015-01-05 14:00:00,189.0,189.46,189.0,189.46,36045
2015-01-05 14:15:00,189.39,189.39,189.07,189.12,16956
2015-01-05 14:30:00,189.08,189.21,188.85,189.03,14491
2015-01-05 14:45:00,188.93,189.33,188.91,189.02,42691
2015-01-05 15:00:00,189.0,189.12,188.9,189.0,20648
2015-01-05 15:15:00,189.05,189.5299,188.92,189.25,40325
2015-01-05 15:30:00,189.29,189.29,188.91,188.91,31968
2015-01-05 15:45:00,189.05,189.09,188.83,188.94,57581
2015-01-05 16:00:00,188.92,189.1,188.54,188.72,90888
2015-01-06 09:45:00,189.73,189.92,188.905,189.92,29537
2015-01-06 10:00:00,189.55,189.59,188.78,188.78,42868
2015-01-06 10:15:00,188.84,189.14,188.74,188.99,36813
2015-01-06 10:30:00,189.05,189.14,188.87,188.98,32201
2015-01-06 10:45:00,189.0,189.11,188.93,188.94,26298
2015-01-06 11:00:00,188.95,189.22,188.85,188.96,15745
2015-01-06 11:15:00,188.96,189.03,188.51,189.0,34817
2015-01-06 11:30:00,189.005,189.05,188.3905,188.51,17565
2015-01-06 11:45:00,188.51,188.51,187.83,187.84,12893
2015-01-06 12:00:00,187.85,188.14,187.52,187.52,9997
2015-01-06 12:15:00,187.63,187.65,186.83,187.02,24064
2015-01-06 12:30:00,186.98,187.15,186.57,187.14,15457
2015-01-06 12:45:00,187.06,187.81,187.04,187.61,11841
2015-01-06 13:00:00,187.65,188.38,187.54,188.28,9618
2015-01-06 13:15:00,188.38,188.54,188.02,188.15,9184
2015-01-06 13:30:00,188.14,188.14,187.24,187.69,9364
2015-01-06 13:45:00,187.66,188.17,187.66,187.832,6730
2015-01-06 14:00:00,187.82,188.37,187.82,188.37,10886
2015-01-06 14:15:00,188.35,188.45,187.92,187.92,6710
2015-01-06 14:30:00,187.86,188.35,187.6,188.29,6789
2015-01-06 14:45:00,188.42,189.14,188.19,189.0,22829
2015-01-06 15:00:00,189.0,189.105,188.65,189.01,22618
2015-01-06 15:15:00,188.94,189.19,188.7,189.19,20000
2015-01-06 15:30:00,189.14,189.69,188.98,189.13,18416
2015-01-06 15:45:00,189.13,189.13,187.96,188.37,29011
2015-01-06 16:00:00,188.42,188.65,187.93,188.08,103550
2015-01-07 09:45:00,189.17,190.14,188.9,189.71,29117
2015-01-07 10:00:00,189.85,189.9,188.84,189.05,16003
2015-01-07 10:15:00,189.14,189.77,189.14,189.54,18242
2015-01-07 10:30:00,189.5,190.12,189.07,189.19,24380
2015-01-07 10:45:00,189.15,189.15,188.44,189.12,13352
2015-01-07 11:00:00,189.07,189.74,188.97,189.59,9600
2015-01-07 11:15:00,189.64,189.92,188.7036,188.795,10700
2015-01-07 11:30:00,188.78,188.7999,188.31,188.5,11006
2015-01-07 11:45:00,188.5,188.89,188.45,188.7601,9628
2015-01-07 12:00:00,188.79,189.5,188.59,189.36,15008
2015-01-07 12:15:00,189.51,190.14,189.33,189.83,14067
2015-01-07 12:30:00,189.97,190.42,189.97,190.16,15132
2015-01-07 12:45:00,190.27,190.47,189.91,190.47,12946
2015-01-07 13:00:00,190.455,190.83,190.33,190.66,8841
2015-01-07 13:15:00,190.7,190.9006,190.355,190.4,15993
2015-01-07 13:30:00,190.41,190.53,189.67,190.15,14201
2015-01-07 13:45:00,190.09,190.15,190.03,190.14,28733
2015-01-07 14:00:00,190.12,190.59,189.77,189.93,26697
2015-01-07 14:15:00,189.96,190.22,189.64,189.64,41188
2015-01-07 14:30:00,189.6,189.82,189.4,189.4,48661
2015-01-07 14:45:00,189.45,189.6,189.29,189.6,48038
2015-01-07 15:00:00,189.57,189.6,189.31,189.37,18837
2015-01-07 15:15:00,189.47,189.91,189.3,189.51,34563
2015-01-07 15:30:00,189.5,189.6,189.28,189.53,38444
2015-01-07 15:45:00,189.53,189.95,187.98,189.95,84138
2015-01-07 16:00:00,189.93,190.05,189.7,189.78,66966
2015-01-08 09:45:00,191.27,192.73,190.505,192.5805,36463
2015-01-08 10:00:00,192.55,193.08,192.52,192.67,31505
2015-01-08 10:15:00,192.81,193.12,192.59,192.905,20718
2015-01-08 10:30:00,192.82,192.98,192.45,192.93,61967
2015-01-08 10:45:00,192.98,193.66,192.98,193.64,37976
2015-01-08 11:00:00,193.63,193.94,193.46,193.89,27609
2015-01-08 11:15:00,193.89,194.37,193.67,193.73,17286
2015-01-08 11:30:00,193.78,193.94,193.6198,193.69,10295
2015-01-08 11:45:00,193.7,193.83,193.58,193.67,30138
2015-01-08 12:00:00,193.65,193.7,193.57,193.57,35845
2015-01-08 12:15:00,193.62,193.71,193.58,193.66,9932
2015-01-08 12:30:00,193.63,193.64,193.17,193.17,15869
2015-01-08 12:45:00,193.11,193.21,192.92,192.97,33234
2015-01-08 13:00:00,192.98,193.12,192.86,193.12,9866
2015-01-08 13:15:00,193.12,193.12,192.78,192.91,38063
2015-01-08 13:30:00,192.92,193.01,192.78,192.79,15248
2015-01-08 13:45:00,192.91,193.0,192.87,192.94,4784
2015-01-08 14:00:00,193.0,193.06,192.65,192.88,43339
2015-01-08 14:15:00,192.92,193.0,192.78,192.78,31351
2015-01-08 14:30:00,192.85,193.0,192.78,193.0,7265
2015-01-08 14:45:00,193.0,193.475,192.84,193.375,32283
2015-01-08 15:00:00,193.34,193.48,193.24,193.24,8845
2015-01-08 15:15:00,193.25,193.46,192.97,193.07,15916
2015-01-08 15:30:00,193.08,193.4,192.98,193.25,25997
2015-01-08 15:45:00,193.26,193.59,193.22,193.28,136661
2015-01-08 16:00:00,193.275,193.46,193.07,193.24,240462
2015-01-09 09:45:00,191.04,191.99,188.57,189.62,84197
2015-01-09 10:00:00,189.68,190.09,189.3,189.75,182972
2015-01-09 10:15:00,189.75,190.27,189.31,189.6,45809
2015-01-09 10:30:00,189.57,189.59,189.0,189.03,36308
2015-01-09 10:45:00,189.0,189.05,188.27,188.72,32589
2015-01-09 11:00:00,188.675,188.675,188.3,188.41,63476
2015-01-09 11:15:00,188.51,188.66,188.1,188.16,17907
2015-01-09 11:30:00,188.19,188.49,187.96,187.96,25071
2015-01-09 11:45:00,187.95,188.07,187.76,187.9,21720
2015-01-09 12:00:00,187.94,188.25,187.83,188.22,18773
2015-01-09 12:15:00,188.2,188.6,188.16,188.5,23674
2015-01-09 12:30:00,188.52,188.52,188.05,188.05,11260
2015-01-09 12:45:00,188.14,188.43,188.07,188.29,11785
2015-01-09 13:00:00,188.38,188.47,188.0,188.0,17709
2015-01-09 13:15:00,188.09,188.28,188.0,188.21,23733
2015-01-09 13:30:00,188.24,188.29,187.73,187.96,15654
2015-01-09 13:45:00,188.04,188.35,187.62,187.72,16031
2015-01-09 14:00:00,187.855,188.13,187.81,188.1,20989
2015-01-09 14:15:00,188.08,188.53,187.87,188.39,38004
2015-01-09 14:30:00,188.38,188.52,188.24,188.49,27394
2015-01-09 14:45:00,188.52,188.6,188.32,188.33,41548
2015-01-09 15:00:00,188.29,188.49,188.07,188.14,18052
2015-01-09 15:15:00,188.2,188.6388,188.13,188.41,27591
2015-01-09 15:30:00,188.4,188.6,188.23,188.34,35685
2015-01-09 15:45:00,188.42,188.535,188.18,188.2,38736
2015-01-09 16:00:00,188.18,188.28,187.72,187.74,95658
2015-01-12 09:45:00,186.94,187.61,186.07,187.01,62067
2015-01-12 10:00:00,187.14,187.14,185.32,185.83,33734
2015-01-12 10:15:00,186.05,186.11,184.53,184.63,44264
2015-01-12 10:30:00,184.73,185.25,184.41,184.73,42067
2015-01-12 10:45:00,184.69,185.29,184.64,185.07,21226
2015-01-12 11:00:00,185.16,185.56,185.11,185.56,31374
2015-01-12 11:15:00,185.58,185.78,185.36,185.56,51356
2015-01-12 11:30:00,185.5,185.83,185.4,185.69,124705
2015-01-12 11:45:00,185.7,185.79,185.42,185.55,15497
2015-01-12 12:00:00,185.59,185.64,185.06,185.45,17553
2015-01-12 12:15:00,185.5,185.93,185.47,185.7,12793
2015-01-12 12:30:00,185.63,186.015,185.595,185.75,12521
2015-01-12 12:45:00,185.775,185.85,185.19,185.22,15694
2015-01-12 13:00:00,185.15,185.35,184.935,185.02,21611
2015-01-12 13:15:00,185.0804,185.17,184.8,185.06,18201
2015-01-12 13:30:00,185.01,185.23,184.94,185.11,12409
2015-01-12 13:45:00,185.06,185.21,184.99,185.12,13730
2015-01-12 14:00:00,185.12,185.27,185.02,185.09,25967
2015-01-12 14:15:00,185.15,185.47,185.07,185.37,17968
2015-01-12 14:30:00,185.37,185.37,185.07,185.25,13370
2015-01-12 14:45:00,185.27,185.39,185.12,185.27,44312
2015-01-12 15:00:00,185.21,185.63,185.21,185.57,20546
2015-01-12 15:15:00,185.54,185.86,185.49,185.73,26628
2015-01-12 15:30:00,185.72,185.95,185.5,185.545,21273
2015-01-12 15:45:00,185.68,185.73,185.35,185.36,53862
2015-01-12 16:00:00,185.37,185.696,185.37,185.59,65985
2015-01-13 09:45:00,184.16,186.5853,184.16,185.55,71402
2015-01-13 10:00:00,185.69,186.21,185.38,185.85,48458
2015-01-13 10:15:00,185.87,185.91,185.48,185.72,57878
2015-01-13 10:30:00,185.6222,185.85,185.57,185.57,25421
2015-01-13 10:45:00,185.5,185.85,185.435,185.57,20089
2015-01-13 11:00:00,185.63,185.67,185.3,185.36,13546
2015-01-13 11:15:00,185.32,185.49,185.171,185.22,58519
2015-01-13 11:30:00,185.18,185.26,184.55,184.77,32162
2015-01-13 11:45:00,184.75,185.02,184.53,184.67,25107
2015-01-13 12:00:00,184.635,184.83,184.04,184.08,17510
2015-01-13 12:15:00,184.16,184.17,183.69,184.13,24428
2015-01-13 12:30:00,183.95,184.27,183.75,183.95,20204
2015-01-13 12:45:00,183.95,184.08,183.775,183.98,28119
2015-01-13 13:00:00,184.01,184.45,183.98,184.45,10300
2015-01-13 13:15:00,184.44,184.58,184.1901,184.35,16636
2015-01-13 13:30:00,184.3,184.35,183.71,183.89,16630
2015-01-13 13:45:00,183.75,183.75,182.85,182.87,36391
2015-01-13 14:00:00,182.85,182.87,181.68,181.6803,39781
2015-01-13 14:15:00,181.69,181.76,181.0,181.23,34688
2015-01-13 14:30:00,181.22,182.29,181.18,182.07,18190
2015-01-13 14:45:00,182.08,182.72,182.08,182.61,18003
2015-01-13 15:00:00,182.65,182.79,182.13,182.13,10788
2015-01-13 15:15:00,182.13,182.42,181.71,182.21,16820
2015-01-13 15:30:00,182.24,182.485,182.03,182.23,57211
2015-01-13 15:45:00,182.22,183.17,182.22,182.9,33773
2015-01-13 16:00:00,182.9,182.91,182.41,182.75,49880
2015-01-14 09:45:00,182.03,182.73,181.02,182.3,87891
2015-01-14 10:00:00,182.195,182.88,182.07,182.75,44341
2015-01-14 10:15:00,182.81,183.24,182.49,182.73,25321
2015-01-14 10:30:00,182.69,182.8197,182.2775,182.57,32380
2015-01-14 10:45:00,182.49,182.53,181.1,181.34,41523
2015-01-14 11:00:00,181.3101,181.66,180.95,181.26,37025
2015-01-14 11:15:00,181.27,181.69,180.86,181.41,17297
2015-01-14 11:30:00,181.487,181.6,181.2,181.395,10700
2015-01-14 11:45:00,181.39,181.96,181.345,181.52,12357
2015-01-14 12:00:00,181.55,181.82,181.39,181.485,15219
2015-01-14 12:15:00,181.43,181.81,181.34,181.49,26684
2015-01-14 12:30:00,181.48,181.61,181.225,181.42,9600
2015-01-14 12:45:00,181.41,181.93,181.4,181.65,12907
2015-01-14 13:00:00,181.56,181.92,181.28,181.6,17697
2015-01-14 13:15:00,181.605,181.69,181.17,181.36,11515
2015-01-14 13:30:00,181.37,181.56,181.18,181.27,9801
2015-01-14 13:45:00,181.23,181.3,180.51,180.51,25091
2015-01-14 14:00:00,180.45,180.99,180.45,180.99,19143
2015-01-14 14:15:00,181.05,181.75,180.88,181.75,13379
2015-01-14 14:30:00,181.69,182.03,181.54,181.75,12053
2015-01-14 14:45:00,181.72,182.23,181.72,181.85,26304
2015-01-14 15:00:00,182.01,182.15,181.73,181.78,16093
2015-01-14 15:15:00,181.77,182.33,181.77,182.22,18812
2015-01-14 15:30:00,182.24,183.11,182.24,182.615,23146
2015-01-14 15:45:00,182.65,182.66,181.99,182.46,23825
2015-01-14 16:00:00,182.475,182.7899,182.31,182.45,48079
2015-01-15 09:45:00,183.1,183.95,181.44,181.55,26902
2015-01-15 10:00:00,181.56,182.29,180.96,181.32,23472
2015-01-15 10:15:00,181.07,181.76,180.55,181.51,16610
2015-01-15 10:30:00,181.59,182.24,181.58,182.24,9250
2015-01-15 10:45:00,182.35,182.84,182.35,182.72,12439
2015-01-15 11:00:00,182.72,182.95,182.12,182.12,10648
2015-01-15 11:15:00,182.22,182.42,182.06,182.31,9900
2015-01-15 11:30:00,182.32,182.48,181.72,181.83,14200
2015-01-15 11:45:00,181.96,182.2,181.66,182.0,10500
2015-01-15 12:00:00,181.97,182.26,181.56,181.71,11542
2015-01-15 12:15:00,181.75,182.0,181.6,181.77,7400
2015-01-15 12:30:00,181.62,181.77,181.46,181.7523,7692
2015-01-15 12:45:00,181.62,181.62,181.05,181.05,9038
2015-01-15 13:00:00,180.98,181.426,180.81,181.09,10702
2015-01-15 13:15:00,180.95,181.7137,180.95,181.64,5952
2015-01-15 13:30:00,181.73,181.84,181.52,181.67,12482
2015-01-15 13:45:00,181.53,181.6799,181.35,181.49,12143
2015-01-15 14:00:00,181.5,182.05,181.39,181.46,20954
2015-01-15 14:15:00,181.51,181.51,181.21,181.4,12147
2015-01-15 14:30:00,181.39,181.65,181.105,181.12,14913
2015-01-15 14:45:00,181.065,181.57,181.05,181.43,13529
2015-01-15 15:00:00,181.29,181.41,181.03,181.24,17590
2015-01-15 15:15:00,181.24,181.26,180.41,180.55,22014
2015-01-15 15:30:00,180.48,180.86,180.34,180.8,23012
2015-01-15 15:45:00,180.72,181.0,180.41,180.5,37317
2015-01-15 16:00:00,180.5,180.58,179.81,179.97,78602
2015-01-16 09:45:00,179.51,180.52,179.23,179.23,60658
2015-01-16 10:00:00,179.37,179.76,179.0,179.38,19792
2015-01-16 10:15:00,179.36,179.99,179.07,179.26,19544
2015-01-16 10:30:00,179.12,180.0,179.01,179.78,16400
2015-01-16 10:45:00,179.77,180.43,179.71,180.43,10401
2015-01-16 11:00:00,180.48,180.9,180.11,180.71,34660
2015-01-16 11:15:00,180.74,180.93,180.04,180.29,17149
2015-01-16 11:30:00,180.24,181.0,180.16,180.86,13600
2015-01-16 11:45:00,180.79,180.99,180.6,180.85,16633
2015-01-16 12:00:00,180.84,180.85,180.38,180.67,9755
2015-01-16 12:15:00,180.65,181.03,180.52,180.6,11550
2015-01-16 12:30:00,180.66,180.71,180.38,180.61,5938
2015-01-16 12:45:00,180.68,181.26,180.56,181.09,9252
2015-01-16 13:00:00,181.11,181.49,181.01,181.205,12227
2015-01-16 13:15:00,181.22,181.22,180.75,180.8,19676
2015-01-16 13:30:00,180.77,180.8,180.47,180.5,9742
2015-01-16 13:45:00,180.51,181.06,180.43,181.05,20483
2015-01-16 14:00:00,181.0,181.75,180.91,181.74,17473
2015-01-16 14:15:00,181.8,181.91,181.64,181.69,10838
2015-01-16 14:30:00,181.71,181.92,181.61,181.66,16460
2015-01-16 14:45:00,181.65,181.75,181.49,181.56,6855
2015-01-16 15:00:00,181.57,181.75,181.5,181.67,18441
2015-01-16 15:15:00,181.59,181.69,181.46,181.6188,10389
2015-01-16 15:30:00,181.62,182.175,181.57,182.1,16625
2015-01-16 15:45:00,182.13,182.59,182.05,182.52,25969
2015-01-16 16:00:00,182.58,182.99,182.5,182.92,65461
2015-01-20 09:45:00,183.7,184.59,183.08,184.2,40501
2015-01-20 10:00:00,184.01,184.33,183.56,184.33,25075
2015-01-20 10:15:00,184.3,184.33,183.53,183.832,22580
2015-01-20 10:30:00,184.0,184.2,183.61,183.66,29677
2015-01-20 10:45:00,183.74,183.76,182.58,183.05,22657
2015-01-20 11:00:00,183.02,183.46,182.91,183.3,18785
2015-01-20 11:15:00,183.29,183.78,183.04,183.73,16702
2015-01-20 11:30:00,183.72,183.78,183.35,183.635,30862
2015-01-20 11:45:00,183.63,184.1,183.61,183.85,20650
2015-01-20 12:00:00,183.78,183.8575,183.355,183.64,20785
2015-01-20 12:15:00,183.76,184.28,183.7,184.17,12221
2015-01-20 12:30:00,184.16,184.52,184.15,184.51,12055
2015-01-20 12:45:00,184.52,184.74,184.29,184.71,13874
2015-01-20 13:00:00,184.78,184.94,184.71,184.92,11800
2015-01-20 13:15:00,184.88,184.95,184.47,184.67,15677
2015-01-20 13:30:00,184.59,185.2199,184.59,185.11,13901
2015-01-20 13:45:00,185.12,185.59,185.06,185.59,24694
2015-01-20 14:00:00,185.59,185.76,185.555,185.7,22799
2015-01-20 14:15:00,185.68,185.96,185.51,185.58,25832
2015-01-20 14:30:00,185.56,185.57,185.36,185.47,32232
2015-01-20 14:45:00,185.5,186.91,185.5,186.79,45726
2015-01-20 15:00:00,186.7,186.78,186.13,186.35,21537
2015-01-20 15:15:00,186.37,186.6,186.2,186.6,18350
2015-01-20 15:30:00,186.56,186.89,186.355,186.355,70699
2015-01-20 15:45:00,186.38,186.66,186.19,186.65,46362
2015-01-20 16:00:00,186.67,186.7,186.06,186.45,105374
2015-01-21 09:45:00,185.61,186.42,185.27,186.24,31781
2015-01-21 10:00:00,186.24,186.42,185.42,185.42,26902
2015-01-21 10:15:00,185.56,186.168,184.84,185.27,17369
2015-01-21 10:30:00,185.125,185.48,184.85,184.97,19683
2015-01-21 10:45:00,185.11,185.11,184.27,184.565,22190
2015-01-21 11:00:00,184.615,185.58,184.56,185.29,26229
2015-01-21 11:15:00,185.54,185.69,185.26,185.69,14836
2015-01-21 11:30:00,185.6,185.605,184.87,185.2,13708
2015-01-21 11:45:00,185.23,185.3,184.67,184.87,10580
2015-01-21 12:00:00,184.78,185.1,184.78,184.89,9634
2015-01-21 12:15:00,184.85,185.0,184.57,184.64,11047
2015-01-21 12:30:00,184.63,184.81,184.52,184.78,15969
2015-01-21 12:45:00,184.82,184.96,184.45,184.45,8514
2015-01-21 13:00:00,184.54,184.74,184.0,184.1426,9893
2015-01-21 13:15:00,184.16,184.8459,184.16,184.68,12336
2015-01-21 13:30:00,184.76,184.9,184.13,184.13,6765
2015-01-21 13:45:00,184.14,184.87,183.98,184.87,21534
2015-01-21 14:00:00,184.92,184.945,184.61,184.61,13500
2015-01-21 14:15:00,184.57,184.77,184.42,184.77,9762
2015-01-21 14:30:00,184.79,185.02,184.65,184.98,10497
2015-01-21 14:45:00,184.9,185.03,184.52,184.89,14481
2015-01-21 15:00:00,184.97,185.45,184.97,185.3,17707
2015-01-21 15:15:00,185.3,185.345,184.92,185.05,15003
2015-01-21 15:30:00,185.19,185.44,185.08,185.08,13608
2015-01-21 15:45:00,185.15,185.52,185.11,185.11,23054
2015-01-21 16:00:00,185.11,185.22,184.9,184.99,75192
2015-01-22 09:45:00,185.35,186.6939,184.64,185.44,18323
2015-01-22 10:00:00,185.49,186.04,184.91,185.915,11582
2015-01-22 10:15:00,185.765,186.37,185.63,186.37,19749
2015-01-22 10:30:00,186.42,187.74,186.4,187.2,38464
2015-01-22 10:45:00,187.21,187.65,187.16,187.65,10952
2015-01-22 11:00:00,187.59,188.11,187.54,188.1,14195
2015-01-22 11:15:00,188.12,188.19,187.885,188.1125,15405
2015-01-22 11:30:00,188.04,188.57,187.95,188.53,9249
2015-01-22 11:45:00,188.6,188.86,188.2,188.2,16320
2015-01-22 12:00:00,188.26,188.41,187.9,188.41,9644
2015-01-22 12:15:00,188.54,188.54,188.14,188.37,6932
2015-01-22 12:30:00,188.32,188.57,188.31,188.53,6712
2015-01-22 12:45:00,188.58,188.58,188.16,188.26,7884
2015-01-22 13:00:00,188.26,188.4,188.06,188.08,4771
2015-01-22 13:15:00,188.19,188.29,188.11,188.12900000000002,7094
2015-01-22 13:30:00,188.12,188.31,188.01,188.23,9549
2015-01-22 13:45:00,188.37,189.13,188.34,189.13,20986
2015-01-22 14:00:00,189.13,189.25,188.67,188.7,7935
2015-01-22 14:15:00,188.735,188.885,188.42,188.55,11622
2015-01-22 14:30:00,188.56,188.83,188.45,188.76,15693
2015-01-22 14:45:00,188.76,189.25,188.71,189.16,12449
2015-01-22 15:00:00,189.27,189.69,189.27,189.61,13895
2015-01-22 15:15:00,189.63,189.99,189.62,189.76,14861
2015-01-22 15:30:00,189.77,189.97,189.63,189.72,20995
2015-01-22 15:45:00,189.79,189.79,189.33,189.4,22238
2015-01-22 16:00:00,189.37,189.4,189.2,189.33,43886
2015-01-23 09:45:00,189.27,189.9,188.862,189.4,21660
2015-01-23 10:00:00,189.5,189.96,188.655,189.15,5312
2015-01-23 10:15:00,189.17,189.65,188.92,189.43,7594
2015-01-23 10:30:00,189.31,189.4565,188.98,189.2,8071
2015-01-23 10:45:00,189.22,189.24,188.5,188.5,8373
2015-01-23 11:00:00,188.46,189.06,188.44,188.83,9315
2015-01-23 11:15:00,188.89,188.9305,188.37,188.51,31092
2015-01-23 11:30:00,188.47,188.78,188.47,188.78,13040
2015-01-23 11:45:00,188.735,189.11,188.59,189.0703,7000
2015-01-23 12:00:00,189.06,189.3,188.98,189.23,9600
2015-01-23 12:15:00,189.33,189.8,189.21,189.8,4650
2015-01-23 12:30:00,189.78,189.78,189.36,189.45,6001
2015-01-23 12:45:00,189.4801,189.95,189.4801,189.95,6451
2015-01-23 13:00:00,189.98,190.41,189.93,190.12,14815
2015-01-23 13:15:00,190.26,190.91,190.2,190.91,11400
2015-01-23 13:30:00,190.93,190.93,190.09,190.28,7890
2015-01-23 13:45:00,190.27,190.31,190.04,190.04,6412
2015-01-23 14:00:00,189.95,189.95,189.49,189.49,9000
2015-01-23 14:15:00,189.55,189.86,189.515,189.73,7400
2015-01-23 14:30:00,189.7,189.83,189.52,189.83,6982
2015-01-23 14:45:00,189.76,189.76,189.07,189.13,6812
2015-01-23 15:00:00,189.2,189.62,189.2,189.48,13268
2015-01-23 15:15:00,189.48,189.585,189.35,189.47,6200
2015-01-23 15:30:00,189.45,190.14,189.45,190.1,11482
2015-01-23 15:45:00,190.03,190.08,189.8,190.08,11912
2015-01-23 16:00:00,190.03,190.23,189.93,190.09,45627
2015-01-26 09:45:00,189.6,190.15,189.19,189.51,19052
2015-01-26 10:00:00,189.34,189.66,189.03,189.16,4100
2015-01-26 10:15:00,189.18,189.53,188.82,189.53,12174
2015-01-26 10:30:00,189.56,189.72,188.93,189.26,10029
2015-01-26 10:45:00,189.27,189.91,188.976,189.91,14726
2015-01-26 11:00:00,189.91,190.0,189.69,189.92,22681
2015-01-26 11:15:00,189.84,190.95,189.83,190.95,55462
2015-01-26 11:30:00,190.88,190.89,190.47,190.7,16950
2015-01-26 11:45:00,190.81,191.17,190.695,190.965,9098
2015-01-26 12:00:00,191.0484,191.0484,190.57,190.86,25984
2015-01-26 12:15:00,190.81,190.9499,190.56,190.61,8431
2015-01-26 12:30:00,190.73,190.9,190.67,190.78,8550
2015-01-26 12:45:00,190.77,190.78,190.52,190.61,6878
2015-01-26 13:00:00,190.57,190.79,190.57,190.75,3370
2015-01-26 13:15:00,190.75,191.13,190.67,191.09,5445
2015-01-26 13:30:00,191.1,191.53,191.1,191.5,8873
2015-01-26 13:45:00,191.65,191.66,191.47,191.53,4950
2015-01-26 14:00:00,191.62,191.94,191.58,191.58,5191
2015-01-26 14:15:00,191.6,191.69,191.51,191.615,13196
2015-01-26 14:30:00,191.59,191.93,191.57,191.62,24165
2015-01-26 14:45:00,191.57,191.65,191.31,191.33,18145
2015-01-26 15:00:00,191.26,191.26,190.96,191.125,12000
2015-01-26 15:15:00,191.08,191.16,190.97,191.145,17916
2015-01-26 15:30:00,191.07,191.17,190.84,191.1,23858
2015-01-26 15:45:00,191.1,191.28,191.07,191.07,31354
2015-01-26 16:00:00,191.1,191.31,191.085,191.25,41891
2015-01-27 09:45:00,189.69,191.43,189.5237,190.36,26401
2015-01-27 10:00:00,190.35,190.835,189.88,190.26,17365
2015-01-27 10:15:00,189.86,190.81,189.86,190.42,13584
2015-01-27 10:30:00,190.5,191.17,190.5,190.9,13529
2015-01-27 10:45:00,190.67,190.72,189.92,189.96,17574
2015-01-27 11:00:00,190.0,190.63,189.96,190.59,18283
2015-01-27 11:15:00,190.72,190.9099,190.41,190.7,11825
2015-01-27 11:30:00,190.69,190.86,190.29,190.65,7425
2015-01-27 11:45:00,190.67,190.82,190.35,190.5,18523
2015-01-27 12:00:00,190.5,190.58,190.17,190.24,5527
2015-01-27 12:15:00,190.24,190.57,190.24,190.445,3100
2015-01-27 12:30:00,190.48,190.72,190.34,190.72,4330
2015-01-27 12:45:00,190.72,190.7699,190.46,190.46,2857
2015-01-27 13:00:00,190.49,190.6,190.25,190.5425,6149
2015-01-27 13:15:00,190.685,190.78,190.5301,190.7075,5558
2015-01-27 13:30:00,190.97,191.3138,190.97,191.23,3333
2015-01-27 13:45:00,191.3,191.3,190.97,190.97,3730
2015-01-27 14:00:00,191.12,191.26,190.91,191.135,3667
2015-01-27 14:15:00,191.18,191.38,191.1,191.35,8353
2015-01-27 14:30:00,191.35,191.72,191.25,191.72,13200
2015-01-27 14:45:00,191.75,191.8,191.33,191.49,12955
2015-01-27 15:00:00,191.4,191.4,190.6791,190.6791,3950
2015-01-27 15:15:00,190.72,190.91,190.6,190.62,11050
2015-01-27 15:30:00,190.55,190.56,190.16,190.345,22185
2015-01-27 15:45:00,190.31,190.94,190.31,190.85,23995
2015-01-27 16:00:00,190.76,191.07,190.61,190.97,92595
2015-01-28 09:45:00,192.49,193.35,191.54,193.35,42898
2015-01-28 10:00:00,193.39,193.45,192.73,193.16,55335
2015-01-28 10:15:00,193.17,194.0,193.1,193.63,34470
2015-01-28 10:30:00,193.45,193.61,192.95,193.38,54560
2015-01-28 10:45:00,193.36,193.49,192.71,192.71,67555
2015-01-28 11:00:00,192.66,193.07,192.45,192.72,70635
2015-01-28 11:15:00,192.605,192.93,192.53,192.595,17000
2015-01-28 11:30:00,192.53,192.54,192.03,192.4308,36580
2015-01-28 11:45:00,192.455,192.74,192.38,192.67,27933
2015-01-28 12:00:00,192.67,193.18,192.64,193.04,13320
2015-01-28 12:15:00,193.07,193.29,193.0,193.29,11698
2015-01-28 12:30:00,193.31,194.25,193.3,194.25,20473
2015-01-28 12:45:00,194.29,194.29,193.29,193.53,20355
2015-01-28 13:00:00,193.5,193.83,193.44,193.77,40920
2015-01-28 13:15:00,193.77,193.98,193.62,193.95,16981
2015-01-28 13:30:00,193.99,194.1,193.72,193.72,17900
2015-01-28 13:45:00,193.66,194.03,193.61,194.0,13268
2015-01-28 14:00:00,194.01,194.03,193.57,193.6,13475
2015-01-28 14:15:00,193.61,194.26,193.38,194.02,26901
2015-01-28 14:30:00,193.93,194.03,193.24,193.37,17780
2015-01-28 14:45:00,193.34,193.36,192.4,192.68,21629
2015-01-28 15:00:00,192.72,193.33,192.65,192.94,11300
2015-01-28 15:15:00,192.95,193.3,192.57,192.57,27229
2015-01-28 15:30:00,192.57,192.72,192.16,192.4,36632
2015-01-28 15:45:00,192.35,192.35,191.23,191.42,26656
2015-01-28 16:00:00,191.43,191.54,191.19,191.27,38829
2015-01-29 09:45:00,190.46,191.76,189.32,189.32,16709
2015-01-29 10:00:00,189.55,190.84,189.45,190.18,17657
2015-01-29 10:15:00,190.18,191.32,190.07,190.68,31313
2015-01-29 10:30:00,190.57,191.48,190.42,191.36,32344
2015-01-29 10:45:00,191.42,191.63,190.41,190.41,11129
2015-01-29 11:00:00,190.55,190.65,190.31,190.5,12501
2015-01-29 11:15:00,190.52,190.57,190.09,190.555,11900
2015-01-29 11:30:00,190.63,191.22,190.63,190.98,10689
2015-01-29 11:45:00,191.02,191.48,191.02,191.23,7235
2015-01-29 12:00:00,191.17,191.3,190.78,190.78,17892
2015-01-29 12:15:00,190.76,191.69,190.7,191.47,22854
2015-01-29 12:30:00,191.42,191.44,190.99,191.25,15220
2015-01-29 12:45:00,191.23,191.41,190.96,191.07,13895
2015-01-29 13:00:00,191.06,191.66,191.02,191.55,22333
2015-01-29 13:15:00,191.57,191.71,191.35,191.59,15730
2015-01-29 13:30:00,191.51,191.85,191.51,191.7,11071
2015-01-29 13:45:00,191.7,192.085,191.58,191.985,17162
2015-01-29 14:00:00,191.92,192.24,191.9,192.03,8600
2015-01-29 14:15:00,192.04,192.09,191.63,191.795,16535
2015-01-29 14:30:00,191.74,191.91,191.56,191.86,13336
2015-01-29 14:45:00,191.9,192.03,191.53,191.6032,11262
2015-01-29 15:00:00,191.57,191.64,191.3,191.54,14875
2015-01-29 15:15:00,191.61,192.3,191.55,191.85,21004
2015-01-29 15:30:00,191.79,192.59,191.79,192.3,19835
2015-01-29 15:45:00,192.34,192.66,192.18,192.42,27492
2015-01-29 16:00:00,192.42,192.74,192.27,192.65,74068
2015-01-30 09:45:00,192.14,192.6637,190.51,190.798,20632
2015-01-30 10:00:00,190.88,191.0,189.38,189.71,11483
2015-01-30 10:15:00,189.699,189.92,189.27,189.46,24417
2015-01-30 10:30:00,189.4899,189.63,188.86,189.15,10583
2015-01-30 10:45:00,189.06,189.21,188.35,189.12,14778
2015-01-30 11:00:00,189.22,189.47,188.81,189.21,11942
2015-01-30 11:15:00,189.315,189.84,189.315,189.4,10723
2015-01-30 11:30:00,189.29,189.65,189.17,189.62,7450
2015-01-30 11:45:00,189.62,189.91,189.56,189.84,19600
2015-01-30 12:00:00,189.87,190.1399,189.52,189.76,22512
2015-01-30 12:15:00,189.86,190.26,189.82,190.26,19738
2015-01-30 12:30:00,190.42,190.78,190.39,190.71,6000
2015-01-30 12:45:00,190.73,190.73,190.21,190.21,15105
2015-01-30 13:00:00,190.2,190.2,189.3,189.39,9931
2015-01-30 13:15:00,189.445,189.8025,189.38,189.5,28712
2015-01-30 13:30:00,189.5,189.68,189.3,189.65,40355
2015-01-30 13:45:00,189.6,190.45,189.585,190.45,14869
2015-01-30 14:00:00,190.48,190.63,190.24,190.24,6140
2015-01-30 14:15:00,190.175,190.175,189.53,189.56,9442
2015-01-30 14:30:00,189.54,190.18,189.54,190.18,8203
2015-01-30 14:45:00,190.17,190.35,189.51,189.53,18915
2015-01-30 15:00:00,189.53,189.53,188.94,188.98,24474
2015-01-30 15:15:00,189.06,189.19,188.55,188.97,18070
2015-01-30 15:30:00,188.93,188.93,188.14,188.65,30086
2015-01-30 15:45:00,188.65,188.65,187.61,187.81,27430
2015-01-30 16:00:00,187.805,188.15,187.23,187.37,89195
2015-02-02 09:45:00,187.7,188.2313,186.27,186.34,25684
2015-02-02 10:00:00,186.335,186.79,185.4,185.66,17048
2015-02-02 10:15:00,185.7,185.81,184.76,185.3,37112
2015-02-02 10:30:00,185.25,185.8503,185.15,185.49,35394
2015-02-02 10:45:00,185.46,186.16,185.25,185.71,23371
2015-02-02 11:00:00,185.66,186.76,185.43,186.51,21247
2015-02-02 11:15:00,186.54,188.02,186.54,188.02,21813
2015-02-02 11:30:00,188.02,188.105,187.36,187.95,20504
2015-02-02 11:45:00,187.96,189.05,187.89,188.87,14893
2015-02-02 12:00:00,188.97,189.3,188.37,188.54,38719
2015-02-02 12:15:00,188.57,188.71,188.12,188.33,11931
2015-02-02 12:30:00,188.41,188.59,188.05,188.4,10760
2015-02-02 12:45:00,188.45,188.89,188.38,188.85,13351
2015-02-02 13:00:00,188.84,188.8699,188.23,188.23,12654
2015-02-02 13:15:00,188.2,188.67,187.92,188.63,9924
2015-02-02 13:30:00,188.61,189.27,188.44,189.13,10400
2015-02-02 13:45:00,189.15,189.28,187.8,187.8,13276
2015-02-02 14:00:00,187.85,188.12,187.52,187.52,9331
2015-02-02 14:15:00,187.5,188.45,187.5,188.43,36992
2015-02-02 14:30:00,188.4001,189.08,188.38,189.01,10836
2015-02-02 14:45:00,189.08,189.16,188.71,188.76,14210
2015-02-02 15:00:00,188.73,188.75,187.96,188.4,15823
2015-02-02 15:15:00,188.41,189.36,188.41,189.23,14156
2015-02-02 15:30:00,189.25,189.25,188.9,189.09,24402
2015-02-02 15:45:00,189.02,190.3,188.95,190.15,27344
2015-02-02 16:00:00,190.18,190.35,189.98,190.26,62482
2015-02-03 09:45:00,191.65,191.98,190.48,190.7041,31347
2015-02-03 10:00:00,190.49,191.04,190.13,190.4,17952
2015-02-03 10:15:00,190.42,190.87,189.44,190.0,35105
2015-02-03 10:30:00,190.0,190.43,189.56,190.26,47009
2015-02-03 10:45:00,190.26,190.332,189.35,189.35,29004
2015-02-03 11:00:00,189.35,189.88,189.19,189.2,27034
2015-02-03 11:15:00,189.18,189.56,188.87,189.5,42690
2015-02-03 11:30:00,189.49,189.98,189.49,189.93,38110
2015-02-03 11:45:00,189.93,190.64,189.68,190.55,14007
2015-02-03 12:00:00,190.59,190.64,189.63,189.93,18942
2015-02-03 12:15:00,189.84,190.26,189.82,190.15,28419
2015-02-03 12:30:00,190.15,190.17,189.82,189.94,10928
2015-02-03 12:45:00,189.95,190.1,189.66,190.1,7000
2015-02-03 13:00:00,190.15,190.23,189.82,189.98,16934
2015-02-03 13:15:00,189.93,190.4,189.88,190.38,20111
2015-02-03 13:30:00,190.38,191.02,190.33,190.79,9570
2015-02-03 13:45:00,190.73,190.95,190.51,190.57,22789
2015-02-03 14:00:00,190.61,191.44,190.61,191.44,15979
2015-02-03 14:15:00,191.45,191.45,191.12,191.43,12455
2015-02-03 14:30:00,191.31,191.8,191.31,191.77,11076
2015-02-03 14:45:00,191.78,192.19,191.73,191.89,15156
2015-02-03 15:00:00,191.94,191.94,191.62,191.78,18000
2015-02-03 15:15:00,191.81,192.03,191.76,192.03,30887
2015-02-03 15:30:00,192.07,192.49,192.07,192.23,51318
2015-02-03 15:45:00,192.25,192.83,192.14,192.77,39832
2015-02-03 16:00:00,192.81,193.79,192.62,193.05,127482
2015-02-04 09:45:00,193.19,193.3,191.98,192.765,24841
2015-02-04 10:00:00,192.73,192.99,192.0958,192.38,35326
2015-02-04 10:15:00,192.39,192.87,191.73,191.85,38455
2015-02-04 10:30:00,191.9,193.0,191.9,192.555,22743
2015-02-04 10:45:00,192.48,192.75,192.01,192.01,30093
2015-02-04 11:00:00,192.02,192.04,191.67,191.79,16667
2015-02-04 11:15:00,191.72,192.02,191.42,191.81,19903
2015-02-04 11:30:00,191.81,191.81,191.06,191.52,33244
2015-02-04 11:45:00,191.5199,191.82,191.26,191.39,16986
2015-02-04 12:00:00,191.315,191.58,191.21,191.29,13711
2015-02-04 12:15:00,191.3,192.27,191.25,192.06,19577
2015-02-04 12:30:00,192.08,192.325,191.46,191.46,15046
2015-02-04 12:45:00,191.485,191.7,191.29,191.51,11813
2015-02-04 13:00:00,191.505,191.95,191.45,191.93,13160
2015-02-04 13:15:00,191.94,192.1,191.715,191.88,17217
2015-02-04 13:30:00,191.84,192.08,191.74,191.98,16794
2015-02-04 13:45:00,191.99,192.29,191.89,192.09,24353
2015-02-04 14:00:00,192.07,192.16,191.335,191.825,15373
2015-02-04 14:15:00,191.74,192.17,191.43,191.465,15843
2015-02-04 14:30:00,191.5,191.81,191.34,191.61,14903
2015-02-04 14:45:00,191.69,192.27,191.625,192.27,26081
2015-02-04 15:00:00,192.22,192.54,192.2,192.44,23549
2015-02-04 15:15:00,192.41,192.88,192.32,192.67,55080
2015-02-04 15:30:00,192.67,193.0,192.62,193.0,66264
2015-02-04 15:45:00,193.0,193.2,192.25,192.33,80024
2015-02-04 16:00:00,192.29,192.7,191.79,192.55,156746
2015-02-05 09:45:00,201.72,207.51,200.87,204.83,280000
2015-02-05 10:00:00,204.9,205.685,204.08,205.35,87263
2015-02-05 10:15:00,205.38,207.21900000000002,204.89,206.73,123945
2015-02-05 10:30:00,206.67,208.0,206.63,207.65,65208
2015-02-05 10:45:00,207.64,209.74,207.38,209.5,90577
2015-02-05 11:00:00,209.5,212.09,209.37,211.92,95288
2015-02-05 11:15:00,211.872,214.15,211.66,212.245,188631
2015-02-05 11:30:00,212.34,213.11,211.61,212.3,71545
2015-02-05 11:45:00,212.3,212.58,210.94,211.15,63218
2015-02-05 12:00:00,211.055,211.09,210.13,210.13,66642
2015-02-05 12:15:00,210.09,210.1999,208.82,209.06,85399
2015-02-05 12:30:00,209.08,209.8099,208.64,209.01,100345
2015-02-05 12:45:00,209.0,210.02,208.8,210.02,62034
2015-02-05 13:00:00,210.11,210.35,208.29,209.055,60345
2015-02-05 13:15:00,209.045,209.09,208.74,209.0,26368
2015-02-05 13:30:00,209.0,209.07,208.33,208.83,62506
2015-02-05 13:45:00,208.84,209.05,208.56,208.6505,63482
2015-02-05 14:00:00,208.665,208.91,208.52,208.715,34343
2015-02-05 14:15:00,208.715,208.81,208.31,208.41,75395
2015-02-05 14:30:00,208.41,208.67,207.87,208.25,75430
2015-02-05 14:45:00,208.295,208.42,207.9,208.305,72272
2015-02-05 15:00:00,208.305,208.64,208.05,208.25,101769
2015-02-05 15:15:00,208.2,208.28,207.6,207.93,80268
2015-02-05 15:30:00,207.9,208.05,207.33,208.0,104586
2015-02-05 15:45:00,207.99,208.69,207.82,207.952,173429
2015-02-05 16:00:00,207.94,208.78,207.88,208.19,276639
2015-02-06 09:45:00,209.22,209.91,207.71,207.93200000000002,76073
2015-02-06 10:00:00,207.9,208.095,207.31,207.53,43055
2015-02-06 10:15:00,207.27200000000002,208.06,207.25,207.665,45469
2015-02-06 10:30:00,207.8,208.01,207.52,207.75,19910
2015-02-06 10:45:00,207.725,208.088,207.35,207.66,94431
2015-02-06 11:00:00,207.63,207.74,206.83599999999998,206.96,34492
2015-02-06 11:15:00,206.96,208.67,206.88,207.92,69646
2015-02-06 11:30:00,207.85,208.99,207.85,208.95,58252
2015-02-06 11:45:00,208.925,208.96,207.82,207.91,67090
2015-02-06 12:00:00,207.895,207.98,207.62,207.86,14678
2015-02-06 12:15:00,207.92,208.0,207.88,208.0,18321
2015-02-06 12:30:00,208.0,208.02,207.09,207.09,22809
2015-02-06 12:45:00,207.1,207.57,206.92,207.07,38515
2015-02-06 13:00:00,207.04,207.26,206.66,206.85,21945
2015-02-06 13:15:00,206.82,206.92,206.335,206.88,24765
2015-02-06 13:30:00,206.89,206.89,206.51,206.71,19819
2015-02-06 13:45:00,206.67,206.73,205.91,206.19,30659
2015-02-06 14:00:00,206.16,206.96,206.09,206.96,42312
2015-02-06 14:15:00,206.97,207.54,206.96,207.08,17909
2015-02-06 14:30:00,207.09,207.1,206.75,206.75,20241
2015-02-06 14:45:00,206.78,206.78,206.36,206.4,24922
2015-02-06 15:00:00,206.39,206.47400000000002,205.97,206.0,15945
2015-02-06 15:15:00,206.0,206.01,205.4,205.62,26495
2015-02-06 15:30:00,205.6,206.54,205.4,205.87,53313
2015-02-06 15:45:00,205.82,206.58,205.77,206.38,60511
2015-02-06 16:00:00,206.32,207.03,206.19,206.79,76669
2015-02-09 09:45:00,205.66,206.21,204.74,205.0,41850
2015-02-09 10:00:00,204.995,205.53,204.82,205.21,14192
2015-02-09 10:15:00,205.27,205.52,204.86,205.52,44604
2015-02-09 10:30:00,205.53,205.53,204.86,205.01,15824
2015-02-09 10:45:00,204.99,205.13,204.39,204.72,34600
2015-02-09 11:00:00,204.62,204.97,204.36,204.39700000000002,17548
2015-02-09 11:15:00,204.55,204.74,204.31,204.608,18853
2015-02-09 11:30:00,204.62,205.35,204.62,205.23,18006
2015-02-09 11:45:00,205.2818,205.35,205.04,205.095,7635
2015-02-09 12:00:00,205.08,205.12,204.88,204.98,11918
2015-02-09 12:15:00,204.99,205.79,204.87,205.79,16357
2015-02-09 12:30:00,205.68,205.98,205.53,205.975,12317
2015-02-09 12:45:00,205.94,206.28,205.93,206.075,12166
2015-02-09 13:00:00,206.08,206.11900000000003,205.58,205.6,11790
2015-02-09 13:15:00,205.59,205.59,205.1,205.19,11446
2015-02-09 13:30:00,205.15,205.28,204.84,205.0,7907
2015-02-09 13:45:00,204.87,205.18,204.75,204.93,9701
2015-02-09 14:00:00,204.93,205.0,204.52,204.92,12310
2015-02-09 14:15:00,204.78,204.98,204.54,204.62,8797
2015-02-09 14:30:00,204.58,205.2,204.58,205.18,9518
2015-02-09 14:45:00,205.21,205.35,205.14,205.14,11193
2015-02-09 15:00:00,205.15,205.24,204.775,204.775,27101
2015-02-09 15:15:00,204.86,204.92,204.54,204.76,11160
2015-02-09 15:30:00,204.75,205.3,204.635,205.3,36835
2015-02-09 15:45:00,205.2363,205.66,205.07,205.62,54527
2015-02-09 16:00:00,205.65,205.66,205.03,205.08,48983
2015-02-10 09:45:00,204.39,205.5,204.29,204.47,30076
2015-02-10 10:00:00,204.49,204.89,204.19,204.445,30664
2015-02-10 10:15:00,204.51,205.04,204.32,204.88,12473
2015-02-10 10:30:00,204.76,204.85,204.34,204.54,23684
2015-02-10 10:45:00,204.48,204.6,204.27,204.3675,20175
2015-02-10 11:00:00,204.32,204.46,203.96,204.18,30503
2015-02-10 11:15:00,204.18,204.8031,203.66,204.65,28474
2015-02-10 11:30:00,204.63,205.31,204.63,205.13,13200
2015-02-10 11:45:00,205.23,205.23,204.76,204.76,14832
2015-02-10 12:00:00,204.76,205.08,204.76,205.01,12916
2015-02-10 12:15:00,205.03,205.49,204.72,205.37,8700
2015-02-10 12:30:00,205.47,205.64,205.27,205.36,20230
2015-02-10 12:45:00,205.34,206.06,205.34,205.97,12551
2015-02-10 13:00:00,206.07,206.11,205.94,206.05,8022
2015-02-10 13:15:00,206.05,206.24,205.82,205.82,13255
2015-02-10 13:30:00,205.84,205.91,205.23,205.29,4108
2015-02-10 13:45:00,205.31,205.63,205.07,205.41,8900
2015-02-10 14:00:00,205.5,205.78,205.3824,205.67,13125
2015-02-10 14:15:00,205.6786,205.6786,205.5,205.57,8717
2015-02-10 14:30:00,205.55,205.75,205.5,205.73,10410
2015-02-10 14:45:00,205.72,206.48,205.66,206.4,14017
2015-02-10 15:00:00,206.385,206.42,206.0,206.24,11452
2015-02-10 15:15:00,206.2738,206.2738,205.86,206.01,19395
2015-02-10 15:30:00,206.0,206.3,205.92,206.25,10573
2015-02-10 15:45:00,206.275,206.3,206.08,206.22,23282
2015-02-10 16:00:00,206.22,206.3,205.93,206.03,56205
2015-02-11 09:45:00,206.24,206.89,205.76,206.84,16740
2015-02-11 10:00:00,206.82,207.0,206.35,206.81,6600
2015-02-11 10:15:00,206.99,207.0,206.34,206.435,10672
2015-02-11 10:30:00,206.525,207.34,206.37,207.34,33815
2015-02-11 10:45:00,207.28,207.77,207.27,207.53,12423
2015-02-11 11:00:00,207.52,207.68,207.37,207.5,15476
2015-02-11 11:15:00,207.58,207.68,207.36,207.36,15176
2015-02-11 11:30:00,207.4,208.24,207.4,208.09,10446
2015-02-11 11:45:00,208.04,208.07,207.7,207.81,10111
2015-02-11 12:00:00,207.85,207.85,207.39,207.48,7448
2015-02-11 12:15:00,207.55,207.55,207.21,207.21,8484
2015-02-11 12:30:00,207.24,207.26,206.91,206.91,10568
2015-02-11 12:45:00,206.955,207.4,206.89,207.09,7451
2015-02-11 13:00:00,207.14,207.27,206.78,206.79,8278
2015-02-11 13:15:00,206.89,207.11,206.55,206.62,9800
2015-02-11 13:30:00,206.72,206.99,206.5,206.97,8842
2015-02-11 13:45:00,207.04,207.38,206.85,207.14,10100
2015-02-11 14:00:00,207.12,207.7364,207.02,207.49,11127
2015-02-11 14:15:00,207.57,207.93,207.4,207.64,8743
2015-02-11 14:30:00,207.72,207.77,207.02,207.15,10851
2015-02-11 14:45:00,207.16,207.79,207.15,207.49,8824
2015-02-11 15:00:00,207.56,207.8,207.52,207.63,19202
2015-02-11 15:15:00,207.641,207.87,207.58,207.62,13263
2015-02-11 15:30:00,207.62,208.16,207.53,207.9,18515
2015-02-11 15:45:00,207.93,207.97,207.45,207.53,19396
2015-02-11 16:00:00,207.51,207.51,207.06,207.48,42938
2015-02-12 09:45:00,207.57,208.05,206.15,206.43,22416
2015-02-12 10:00:00,206.45,207.25,206.0,206.15,20410
2015-02-12 10:15:00,206.33,206.93,206.1,206.78,28982
2015-02-12 10:30:00,206.82,207.47,206.72,206.73,42978
2015-02-12 10:45:00,206.7,207.01,206.34,206.41,14355
2015-02-12 11:00:00,206.58,207.25,206.42,206.58,12252
2015-02-12 11:15:00,206.51,206.83,206.175,206.83,36992
2015-02-12 11:30:00,206.83,207.01,206.665,207.01,11440
2015-02-12 11:45:00,207.04,207.29,207.0,207.22,7037
2015-02-12 12:00:00,207.2,207.25,206.8575,206.93,6100
2015-02-12 12:15:00,206.91,207.22,206.8001,207.2,5558
2015-02-12 12:30:00,207.149,207.43,207.04,207.43,9816
2015-02-12 12:45:00,207.35,207.53,207.23,207.23,6642
2015-02-12 13:00:00,207.31,207.33,206.91,206.955,12814
2015-02-12 13:15:00,206.9,207.01,206.85,207.005,31432
2015-02-12 13:30:00,207.0,207.04,206.82,206.87,12732
2015-02-12 13:45:00,206.84,207.02,206.75,206.85,10020
2015-02-12 14:00:00,206.85,207.04,206.82,207.0,13898
2015-02-12 14:15:00,207.01,207.06,206.92,207.0,5675
2015-02-12 14:30:00,207.01,207.08,206.83,206.83,10200
2015-02-12 14:45:00,206.805,206.815,206.51,206.74,9086
2015-02-12 15:00:00,206.7,206.89,206.65,206.89,12697
2015-02-12 15:15:00,206.855,207.0,206.76,206.84599999999998,12726
2015-02-12 15:30:00,206.785,206.97,206.74,206.86,13237
2015-02-12 15:45:00,206.84,207.07,206.68,206.92,16493
2015-02-12 16:00:00,206.93,207.02,206.51,206.56,62993
2015-02-13 09:45:00,206.38,207.08,205.39,205.41,22682
2015-02-13 10:00:00,205.475,205.99,205.1,205.68,15225
2015-02-13 10:15:00,205.59,205.87,205.01,205.31,42375
2015-02-13 10:30:00,205.24,205.59,205.025,205.5025,20043
2015-02-13 10:45:00,205.5,205.93,205.49,205.49,12221
2015-02-13 11:00:00,205.435,205.62,205.4,205.62,6764
2015-02-13 11:15:00,205.71,205.89,205.55,205.7,9140
2015-02-13 11:30:00,205.7268,205.84,205.5,205.54,7329
2015-02-13 11:45:00,205.63,205.89,205.48,205.75,16876
2015-02-13 12:00:00,205.75,205.92,205.65,205.86,4451
2015-02-13 12:15:00,205.79,206.22,205.79,206.22,5121
2015-02-13 12:30:00,206.12,206.145,205.66,205.7408,5323
2015-02-13 12:45:00,205.77,205.77,205.06,205.08,7400
2015-02-13 13:00:00,205.19,205.61,205.08,205.61,6890
2015-02-13 13:15:00,205.65,205.79,205.4,205.5776,5900
2015-02-13 13:30:00,205.42,205.78,205.42,205.78,5303
2015-02-13 13:45:00,205.59,205.6199,205.31,205.515,5464
2015-02-13 14:00:00,205.51,205.7,205.4301,205.53,10528
2015-02-13 14:15:00,205.58,205.58,205.36,205.51,3200
2015-02-13 14:30:00,205.56,205.815,205.53,205.65,6786
2015-02-13 14:45:00,205.73,205.735,205.22,205.365,8927
2015-02-13 15:00:00,205.365,205.5,205.3,205.375,13372
2015-02-13 15:15:00,205.375,205.7,205.3,205.7,11946
2015-02-13 15:30:00,205.64,205.69,205.45,205.51,17400
2015-02-13 15:45:00,205.51,205.65,205.31,205.32,31447
2015-02-13 16:00:00,205.33,205.58,205.27,205.54,90771
2015-02-17 09:45:00,205.21,205.55,203.89,204.96,32607
2015-02-17 10:00:00,204.81,205.43,204.6375,205.33,16663
2015-02-17 10:15:00,205.3325,205.96,205.3325,205.77,19915
2015-02-17 10:30:00,205.7996,206.11,205.72,206.04,6299
2015-02-17 10:45:00,205.87,206.0285,205.33,205.48,8378
2015-02-17 11:00:00,205.445,205.445,204.715,204.95,11600
2015-02-17 11:15:00,204.82,205.23,204.74,205.23,14030
2015-02-17 11:30:00,205.3,205.96,205.3,205.96,11713
2015-02-17 11:45:00,205.92,206.04,205.58,205.66,9120
2015-02-17 12:00:00,205.44,205.68,205.2968,205.592,17177
2015-02-17 12:15:00,205.69,206.02,205.64,205.97,6244
2015-02-17 12:30:00,205.9228,206.03,205.83,206.02,4230
2015-02-17 12:45:00,205.96,206.12,205.87,205.89,9435
2015-02-17 13:00:00,206.04,206.13,205.96,205.96,11399
2015-02-17 13:15:00,206.0,206.21,205.96,205.96,19371
2015-02-17 13:30:00,206.02,206.32,205.98,206.22,9778
2015-02-17 13:45:00,206.24,206.3,206.02,206.02,4835
2015-02-17 14:00:00,206.11,206.19,205.96,206.0,4416
2015-02-17 14:15:00,206.0,206.05,205.43,205.6,6501
2015-02-17 14:30:00,205.575,205.65,205.16,205.26,5107
2015-02-17 14:45:00,205.27,206.0,205.27,205.67,18454
2015-02-17 15:00:00,205.67,205.92,205.59,205.59,6928
2015-02-17 15:15:00,205.75,205.79,205.45,205.52,16996
2015-02-17 15:30:00,205.51,205.89,205.51,205.89,7377
2015-02-17 15:45:00,205.84,205.84,205.28,205.31,10678
2015-02-17 16:00:00,205.25,205.71,205.13,205.71,45786
2015-02-18 09:45:00,206.07,206.49,205.11,205.555,13770
2015-02-18 10:00:00,205.86,206.01,205.83,205.86,4900
2015-02-18 10:15:00,205.85,206.18,205.49,205.72299999999998,8315
2015-02-18 10:30:00,205.62,205.62,204.7001,204.7001,4705
2015-02-18 10:45:00,204.83,205.43,204.7,205.43,5886
2015-02-18 11:00:00,205.43,205.43,205.14,205.24,4765
2015-02-18 11:15:00,205.15,205.25,205.145,205.21,2900
2015-02-18 11:30:00,205.21,205.22,204.71,204.93,10196
2015-02-18 11:45:00,204.99,205.05,204.85,205.03,5746
2015-02-18 12:00:00,205.04,205.09,204.81,204.81,5556
2015-02-18 12:15:00,204.8,204.86,204.47,204.56,4249
2015-02-18 12:30:00,204.581,204.6599,204.32,204.55,3451
2015-02-18 12:45:00,204.6,204.65,204.49,204.49,3100
2015-02-18 13:00:00,204.61,204.66,204.47,204.5,2100
2015-02-18 13:15:00,204.48,204.91,204.47,204.84,6616
2015-02-18 13:30:00,204.83,205.04,204.74,204.8,10126
2015-02-18 13:45:00,204.87,205.1,204.77,204.96,17063
2015-02-18 14:00:00,204.88,205.04,204.85,204.85,4762
2015-02-18 14:15:00,204.91,205.42,204.91,205.36,9500
2015-02-18 14:30:00,205.37,205.4722,205.0825,205.27,5600
2015-02-18 14:45:00,205.33,205.66,205.27,205.61,7681
2015-02-18 15:00:00,205.59,205.85,205.59,205.71,8028
2015-02-18 15:15:00,205.83,206.12,205.72,206.02,13956
2015-02-18 15:30:00,205.88,205.97,205.77,205.8076,13791
2015-02-18 15:45:00,205.76,205.87,205.68,205.74,12754
2015-02-18 16:00:00,205.78,205.89,205.71,205.79,22658
2015-02-19 09:45:00,206.06,206.3,205.43,206.21,13323
2015-02-19 10:00:00,206.25,206.41,205.58,206.40900000000002,18560
2015-02-19 10:15:00,206.36,206.68,205.95,206.16,34658
2015-02-19 10:30:00,206.16,206.16,205.56,205.74,15769
2015-02-19 10:45:00,205.77,206.37,205.77,206.18,11574
2015-02-19 11:00:00,206.13,206.175,205.89,205.93,8442
2015-02-19 11:15:00,205.97,206.09,205.7,205.72,10005
2015-02-19 11:30:00,205.5,205.85,205.43,205.49,18995
2015-02-19 11:45:00,205.46,205.6,205.0,205.0,9569
2015-02-19 12:00:00,205.05,205.14,204.7738,204.9,9586
2015-02-19 12:15:00,204.9,204.942,204.53,204.6,9151
2015-02-19 12:30:00,204.58,205.07,204.4,205.07,12357
2015-02-19 12:45:00,205.0345,205.08,204.59,204.97,5703
2015-02-19 13:00:00,204.93,205.07,204.81,205.06,2457
2015-02-19 13:15:00,204.97,205.16,204.82,205.065,4300
2015-02-19 13:30:00,205.06,205.13,204.84,204.93,7300
2015-02-19 13:45:00,204.91,205.12,204.81,204.82,5858
2015-02-19 14:00:00,204.8426,205.09,204.8426,205.0,3794
2015-02-19 14:15:00,204.98,205.17,204.18,204.27,29857
2015-02-19 14:30:00,204.26,204.3,204.09,204.21,3382
2015-02-19 14:45:00,204.22,204.41,204.18,204.37,3900
2015-02-19 15:00:00,204.4,204.74,204.38,204.74,5939
2015-02-19 15:15:00,204.7,204.99,204.7,204.99,6962
2015-02-19 15:30:00,204.97,205.14,204.8,204.8,11019
2015-02-19 15:45:00,204.78,204.97,204.64,204.82,6839
2015-02-19 16:00:00,204.79,205.01,204.7,204.89,17651
2015-02-20 09:45:00,204.51,205.27,203.6,203.6,47612
2015-02-20 10:00:00,203.86,204.48,203.4737,203.4737,8166
2015-02-20 10:15:00,203.46,203.8999,203.168,203.7201,10065
2015-02-20 10:30:00,203.72,203.83,203.39,203.48,15898
2015-02-20 10:45:00,203.43,204.58,203.42,204.2,4354
2015-02-20 11:00:00,204.21,204.37,203.83,203.83,5202
2015-02-20 11:15:00,203.94,204.17,203.62,203.74,7425
2015-02-20 11:30:00,203.7,203.99,203.62,203.93,3109
2015-02-20 11:45:00,203.87,203.92,203.61,203.69,4807
2015-02-20 12:00:00,203.65,203.86,203.55,203.86,6835
2015-02-20 12:15:00,203.79,204.17,203.74,203.86,7153
2015-02-20 12:30:00,203.96,204.07,203.92,203.98,2244
2015-02-20 12:45:00,204.0,204.68,203.95,204.6,22911
2015-02-20 13:00:00,204.43,204.65,204.27,204.53,8400
2015-02-20 13:15:00,204.53400000000002,204.53400000000002,204.18,204.2561,9253
2015-02-20 13:30:00,204.26,204.58,204.22,204.58,3600
2015-02-20 13:45:00,204.56,204.67,204.45,204.64,19651
2015-02-20 14:00:00,204.66,204.93,204.63,204.84,9795
2015-02-20 14:15:00,204.77,205.08,204.77,204.9,4503
2015-02-20 14:30:00,204.87,205.16,204.82,205.15,4600
2015-02-20 14:45:00,205.2148,205.4,205.14,205.26,5598
2015-02-20 15:00:00,205.31,205.78,205.24,205.76,11000
2015-02-20 15:15:00,205.775,206.64,205.76,206.36,24861
2015-02-20 15:30:00,206.33,206.46,205.94,206.07,22991
2015-02-20 15:45:00,206.05,206.23,205.96,206.08,11554
2015-02-20 16:00:00,206.07,206.08,205.69,205.84,55322
2015-02-23 09:45:00,206.15,207.44,205.94400000000002,207.16,13529
2015-02-23 10:00:00,207.99,207.99,205.74,206.27,10387
2015-02-23 10:15:00,206.30900000000003,206.99,206.30900000000003,206.99,16235
2015-02-23 10:30:00,206.99,207.34,206.82,207.0,27718
2015-02-23 10:45:00,207.1,207.185,206.85,207.0,32837
2015-02-23 11:00:00,207.0,207.14,206.88,207.04,15673
2015-02-23 11:15:00,206.93,207.17,206.87,206.87,18630
2015-02-23 11:30:00,206.95,207.0,206.58,206.58,10083
2015-02-23 11:45:00,206.62,207.09,206.62,207.09,6789
2015-02-23 12:00:00,207.135,207.15,206.61,206.82,26310
2015-02-23 12:15:00,206.91,207.0,206.78,206.97,19059
2015-02-23 12:30:00,207.0,207.15,206.92,206.99,15007
2015-02-23 12:45:00,206.97,207.1,206.86,206.98,22322
2015-02-23 13:00:00,206.92,207.13,206.86,207.0,12389
2015-02-23 13:15:00,206.92,207.15,206.88,207.06,13677
2015-02-23 13:30:00,207.04,207.05,206.89,206.93,15022
2015-02-23 13:45:00,206.86,207.13,206.84,206.97,19937
2015-02-23 14:00:00,207.0,207.2,206.95,207.15,26097
2015-02-23 14:15:00,207.15,207.19,206.7,206.84,45140
2015-02-23 14:30:00,206.805,207.12,206.805,207.12,12970
2015-02-23 14:45:00,207.1,207.27,207.03,207.23,15217
2015-02-23 15:00:00,207.24,207.28,207.11,207.28,16701
2015-02-23 15:15:00,207.3,207.59,207.3,207.55,14063
2015-02-23 15:30:00,207.61,208.31,207.57299999999998,208.29,40066
2015-02-23 15:45:00,208.29,208.67,208.1433,208.66,19932
2015-02-23 16:00:00,208.66,208.68,208.39,208.54,62528
2015-02-24 09:45:00,208.21,209.5499,207.64,208.358,16486
2015-02-24 10:00:00,208.125,208.32,207.1,207.595,11598
2015-02-24 10:15:00,207.69,207.89,207.24,207.405,10234
2015-02-24 10:30:00,207.17,208.34,207.17,208.11,8847
2015-02-24 10:45:00,208.12,208.17,207.68,207.95,9556
2015-02-24 11:00:00,208.06,208.44,207.97,208.26,22944
2015-02-24 11:15:00,208.3,208.5,208.05,208.085,16556
2015-02-24 11:30:00,208.12,208.22,207.5001,207.55,11739
2015-02-24 11:45:00,207.6,207.6,207.12,207.31,11145
2015-02-24 12:00:00,207.27,207.34,206.94,207.17,7151
2015-02-24 12:15:00,207.24,207.39,206.93,206.97,23261
2015-02-24 12:30:00,207.0,207.34,206.86,207.33,19909
2015-02-24 12:45:00,207.34,207.43,207.0105,207.25,7417
2015-02-24 13:00:00,207.1904,207.72,207.1904,207.48,6159
2015-02-24 13:15:00,207.43,207.43,207.05,207.11,5915
2015-02-24 13:30:00,207.11,207.11,206.93,207.01,4930
2015-02-24 13:45:00,207.03400000000002,207.23,207.03400000000002,207.17,3900
2015-02-24 14:00:00,207.26,207.28,207.06,207.28,4537
2015-02-24 14:15:00,207.45,207.5499,207.14,207.44,6236
2015-02-24 14:30:00,207.43,207.44,207.09,207.09,5447
2015-02-24 14:45:00,207.1,207.58,207.1,207.58,5320
2015-02-24 15:00:00,207.52,207.72,207.52,207.57,2400
2015-02-24 15:15:00,207.57,207.71,207.43,207.52,6102
2015-02-24 15:30:00,207.52,207.74,207.5,207.52,5843
2015-02-24 15:45:00,207.6,207.91,207.5001,207.6396,19146
2015-02-24 16:00:00,207.69,207.7,207.46,207.54,29977
2015-02-25 09:45:00,207.34,208.75,207.34,208.6635,19939
2015-02-25 10:00:00,208.41,209.39,207.77,208.47,31467
2015-02-25 10:15:00,208.42,209.06,207.99,207.99,37251
2015-02-25 10:30:00,207.94,208.27,207.55,207.88,51264
2015-02-25 10:45:00,207.9,208.33,207.88,208.25,37366
2015-02-25 11:00:00,208.45,208.8,208.35,208.67,12286
2015-02-25 11:15:00,208.8,208.96,208.56,208.83,12171
2015-02-25 11:30:00,208.76,209.14,208.73,209.0,11302
2015-02-25 11:45:00,209.0,209.13,208.23,208.28,15950
2015-02-25 12:00:00,208.25,208.25,207.78,207.78,5819
2015-02-25 12:15:00,207.84,208.02,207.8315,207.87,12080
2015-02-25 12:30:00,207.89,208.0,207.74,207.95,12455
2015-02-25 12:45:00,207.99,208.02,207.75,208.0,11788
2015-02-25 13:00:00,207.99,208.03,207.88,207.95,14958
2015-02-25 13:15:00,207.96900000000002,208.24,207.86,207.98,15038
2015-02-25 13:30:00,207.98,208.0,207.87,207.95,5600
2015-02-25 13:45:00,208.0,208.39,207.82,208.39,12389
2015-02-25 14:00:00,208.39,208.79,208.39,208.68,5992
2015-02-25 14:15:00,208.69,208.92,208.55,208.86,8400
2015-02-25 14:30:00,208.8,208.93,208.53,208.64,8600
2015-02-25 14:45:00,208.61,208.65,208.2705,208.45,10563
2015-02-25 15:00:00,208.48,208.61,208.08,208.59,16700
2015-02-25 15:15:00,208.63,208.7,208.25,208.31,11500
2015-02-25 15:30:00,208.38,208.51,208.05,208.17,19015
2015-02-25 15:45:00,208.18,208.47,208.18,208.3,17301
2015-02-25 16:00:00,208.28,208.83,208.2701,208.7,36942
2015-02-26 09:45:00,208.1,209.61,207.34,209.29,17123
2015-02-26 10:00:00,209.07,209.08,208.09,208.73,18739
2015-02-26 10:15:00,208.715,208.9,208.095,208.12,10168
2015-02-26 10:30:00,208.13,208.91,208.13,208.82,14429
2015-02-26 10:45:00,208.86,209.22,208.579,209.09,25321
2015-02-26 11:00:00,209.19,209.25,208.78,208.78,6560
2015-02-26 11:15:00,208.83,208.9,208.68,208.74,7700
2015-02-26 11:30:00,208.78,208.78,208.47,208.475,5500
2015-02-26 11:45:00,208.53,209.05,208.405,208.94,12715
2015-02-26 12:00:00,208.92,209.05,208.8,208.85,6559
2015-02-26 12:15:00,208.785,208.99,208.66,208.78,3300
2015-02-26 12:30:00,208.74,208.89,208.69,208.83,4601
2015-02-26 12:45:00,208.8,209.19,208.76,209.06,4176
2015-02-26 13:00:00,209.06,209.65,209.02,209.65,9459
2015-02-26 13:15:00,209.54,209.65,209.26,209.26,15965
2015-02-26 13:30:00,209.26,209.26,208.67,208.9,4430
2015-02-26 13:45:00,208.89,209.15,208.86,209.06,9724
2015-02-26 14:00:00,209.06,209.29,208.93,209.235,4566
2015-02-26 14:15:00,209.23,209.295,209.1,209.25,7632
2015-02-26 14:30:00,209.14,209.4,209.13,209.185,7294
2015-02-26 14:45:00,209.2,209.39,209.14,209.3,31788
2015-02-26 15:00:00,209.34,209.6,209.28,209.45,32156
2015-02-26 15:15:00,209.5,209.5,209.26,209.4756,22398
2015-02-26 15:30:00,209.43,209.64,209.31,209.51,26496
2015-02-26 15:45:00,209.48,209.55,209.08,209.46,16404
2015-02-26 16:00:00,209.47,209.48,209.25,209.33,29711
2015-02-27 09:45:00,209.8,209.8,207.81,207.81,13575
2015-02-27 10:00:00,207.95,209.25,207.84,209.14,10980
2015-02-27 10:15:00,208.87,209.76,208.53,208.93,8184
2015-02-27 10:30:00,208.956,209.98,208.91,209.98,7347
2015-02-27 10:45:00,209.98,209.98,209.145,209.2022,3718
2015-02-27 11:00:00,209.05,209.26,208.83,209.14,33399
2015-02-27 11:15:00,209.14,209.42,209.03,209.13,4063
2015-02-27 11:30:00,208.95,209.11,208.76,208.83,6446
2015-02-27 11:45:00,208.83,208.94,208.7801,208.87,3460
2015-02-27 12:00:00,208.845,208.9,208.59,208.61,3750
2015-02-27 12:15:00,208.59,208.62,208.26,208.26,2800
2015-02-27 12:30:00,208.34,208.9,208.275,208.9,3790
2015-02-27 12:45:00,208.98,209.04,208.62,208.77,4500
2015-02-27 13:00:00,208.83,208.92,208.69,208.73,2964
2015-02-27 13:15:00,208.78,208.91,208.6801,208.79,2725
2015-02-27 13:30:00,208.68,208.7,208.34,208.34,4000
2015-02-27 13:45:00,208.32,208.48,208.18,208.48,2957
2015-02-27 14:00:00,208.5,208.76,208.41,208.51,8100
2015-02-27 14:15:00,208.55,208.7,208.43,208.43,3100
2015-02-27 14:30:00,208.44,208.61,208.37,208.54,5602
2015-02-27 14:45:00,208.54,208.69,208.37,208.37,5050
2015-02-27 15:00:00,208.37,208.59,208.32,208.51,5522
2015-02-27 15:15:00,208.37,208.66,208.37,208.61,4579
2015-02-27 15:30:00,208.52,208.6,208.43,208.49,7817
2015-02-27 15:45:00,208.48,208.48,208.0,208.18,12900
2015-02-27 16:00:00,208.21,208.53,208.09,208.14,73715
2015-03-02 09:45:00,209.12,209.9,208.202,209.14,30260
2015-03-02 10:00:00,209.61,210.45,209.31,209.915,18834
2015-03-02 10:15:00,209.95,210.4,209.6062,210.385,19060
2015-03-02 10:30:00,210.38,211.2,210.38,210.99,15288
2015-03-02 10:45:00,210.99,211.42,210.5,210.5,33227
2015-03-02 11:00:00,210.53,210.78,210.09,210.77,14757
2015-03-02 11:15:00,210.63,210.83,210.4361,210.62,8237
2015-03-02 11:30:00,210.83,210.84,210.6,210.71,8645
2015-03-02 11:45:00,210.769,211.32,210.69,211.26,25171
2015-03-02 12:00:00,211.27,211.36,210.71,210.71,12546
2015-03-02 12:15:00,210.71,210.89,210.36,210.47,7337
2015-03-02 12:30:00,210.37,210.7,210.37,210.42,6704
2015-03-02 12:45:00,210.36,210.46,210.22,210.22,9412
2015-03-02 13:00:00,210.27,210.52,210.2,210.52,9902
2015-03-02 13:15:00,210.52,210.99,210.52,210.9,6883
2015-03-02 13:30:00,210.9,211.19,210.87,211.0576,10150
2015-03-02 13:45:00,211.09,211.29,210.88,211.24,8976
2015-03-02 14:00:00,211.24,211.63,211.24,211.465,7750
2015-03-02 14:15:00,211.44,211.52,211.29,211.395,8013
2015-03-02 14:30:00,211.39,211.39,211.08,211.22,7874
2015-03-02 14:45:00,211.26,211.39,211.1,211.3,11785
2015-03-02 15:00:00,211.29,211.74,211.24,211.74,16463
2015-03-02 15:15:00,211.761,211.81,211.63,211.7814,21586
2015-03-02 15:30:00,211.77,211.84,211.495,211.5451,27204
2015-03-02 15:45:00,211.555,211.95,211.455,211.85,24435
2015-03-02 16:00:00,211.88,212.0,211.67,212.0,54631
2015-03-03 09:45:00,212.2,212.92,212.2,212.875,28854
2015-03-03 10:00:00,213.06,213.25,212.27,213.22,26911
2015-03-03 10:15:00,213.27900000000002,213.27900000000002,212.65,213.07,56872
2015-03-03 10:30:00,213.09,213.2,212.22,212.5,22635
2015-03-03 10:45:00,212.5,213.02,212.23,212.65,16534
2015-03-03 11:00:00,212.66,212.73,212.36,212.71,23315
2015-03-03 11:15:00,212.52,212.59,211.6988,212.08,14468
2015-03-03 11:30:00,212.105,212.27,212.00599999999997,212.08,13832
2015-03-03 11:45:00,212.03,212.09,210.62,210.69,10896
2015-03-03 12:00:00,210.7322,211.8,210.393,211.8,20877
2015-03-03 12:15:00,211.72,211.915,210.925,210.97,7870
2015-03-03 12:30:00,210.99,211.57,210.95,211.17,11858
2015-03-03 12:45:00,211.2799,211.83,211.08,211.46,5767
2015-03-03 13:00:00,211.51,211.97,211.26,211.97,11479
2015-03-03 13:15:00,211.94,211.975,211.35,211.43,4948
2015-03-03 13:30:00,211.54,211.995,211.4,211.89,8906
2015-03-03 13:45:00,211.91,212.03,211.52,211.87,8076
2015-03-03 14:00:00,211.85,212.115,211.71,211.985,17184
2015-03-03 14:15:00,211.95,212.07,211.58,211.69,8811
2015-03-03 14:30:00,211.88,212.015,211.71,211.815,3324
2015-03-03 14:45:00,211.84099999999998,212.03,211.4101,211.4101,6361
2015-03-03 15:00:00,211.47,211.895,211.38,211.88,6234
2015-03-03 15:15:00,212.0,212.06,211.53,211.53,7728
2015-03-03 15:30:00,211.49,212.01,211.49,211.79,8671
2015-03-03 15:45:00,211.89,212.33,211.68,211.73,15104
2015-03-03 16:00:00,211.63,211.86,211.35,211.66,25085
2015-03-04 09:45:00,211.28,211.94,209.49,209.84,16501
2015-03-04 10:00:00,210.045,210.38,209.6284,209.92,6800
2015-03-04 10:15:00,209.85,209.85,208.9622,209.21,12992
2015-03-04 10:30:00,209.325,209.57,209.0301,209.4,13777
2015-03-04 10:45:00,209.24,209.96,209.24,209.76,16548
2015-03-04 11:00:00,209.76,209.76,209.29,209.44,4226
2015-03-04 11:15:00,209.49,209.73,209.28,209.6,10374
2015-03-04 11:30:00,209.75,209.85,209.46,209.46,5000
2015-03-04 11:45:00,209.52,209.8,209.5,209.58,6227
2015-03-04 12:00:00,209.58,209.61,209.31,209.58,5577
2015-03-04 12:15:00,209.58,209.72,209.37,209.6395,4277
2015-03-04 12:30:00,209.59,209.67,209.49,209.56,3600
2015-03-04 12:45:00,209.53,209.73,209.49,209.7275,3900
2015-03-04 13:00:00,209.66,209.66,208.96,208.96,6939
2015-03-04 13:15:00,209.06,209.11,208.76,208.86,7781
2015-03-04 13:30:00,208.76,208.95,208.72,208.79,6240
2015-03-04 13:45:00,208.87,209.0962,208.63,208.84,10706
2015-03-04 14:00:00,208.84,208.97,208.5,208.5,6450
2015-03-04 14:15:00,208.59799999999998,208.65,208.3,208.385,6800
2015-03-04 14:30:00,208.35,208.63,208.335,208.6045,5106
2015-03-04 14:45:00,208.61,208.72,208.39,208.72,4600
2015-03-04 15:00:00,208.67,208.85,208.6,208.78,6679
2015-03-04 15:15:00,208.76,208.82,208.255,208.47,21466
2015-03-04 15:30:00,208.48,208.52,208.15200000000002,208.31,37935
2015-03-04 15:45:00,208.3,208.56,208.071,208.14,15306
2015-03-04 16:00:00,208.19,208.28,207.75,207.84,58893
2015-03-05 09:45:00,207.54,209.082,207.1059,209.005,24804
2015-03-05 10:00:00,208.93,208.93,208.0,208.41,8718
2015-03-05 10:15:00,208.4,209.12,208.11,208.78,24874
2015-03-05 10:30:00,208.91,209.46,208.27,209.4399,19689
2015-03-05 10:45:00,209.44,209.56,208.39,208.39,8087
2015-03-05 11:00:00,208.31,208.525,208.09,208.19,7537
2015-03-05 11:15:00,208.2,208.375,207.94,208.02,12058
2015-03-05 11:30:00,208.17,208.41,207.84,207.85,14662
2015-03-05 11:45:00,207.99,208.52,207.91,208.31,8099
2015-03-05 12:00:00,208.42,208.715,208.28,208.475,8000
2015-03-05 12:15:00,208.47,208.48,207.83,207.86,9890
2015-03-05 12:30:00,207.86,207.88,207.44,207.55,7635
2015-03-05 12:45:00,207.55,208.0,207.32,207.32,11059
2015-03-05 13:00:00,207.34,207.68,207.2,207.28,13400
2015-03-05 13:15:00,207.33,208.0,207.33,207.99,10439
2015-03-05 13:30:00,207.83,207.96,207.49,207.9,5300
2015-03-05 13:45:00,207.86,208.47,207.8,208.47,14970
2015-03-05 14:00:00,208.47,209.0,208.44,208.58,16896
2015-03-05 14:15:00,208.58,209.0,208.5,208.67,18030
2015-03-05 14:30:00,208.7,209.02,208.39,208.39,24720
2015-03-05 14:45:00,208.43,208.43,207.9201,208.04,9123
2015-03-05 15:00:00,207.97,208.38,207.77,208.38,14683
2015-03-05 15:15:00,208.52,208.54,208.08,208.19,13853
2015-03-05 15:30:00,208.21,208.53,208.155,208.53,9710
2015-03-05 15:45:00,208.53,208.53,208.045,208.18,15341
2015-03-05 16:00:00,208.2,208.36,207.96,207.97,23237
2015-03-06 09:45:00,207.15,208.64,207.0,207.92,17419
2015-03-06 10:00:00,207.94,207.99,206.995,207.9,8434
2015-03-06 10:15:00,207.96,208.26,207.51,207.82,9754
2015-03-06 10:30:00,207.57,207.95,207.52,207.8,8456
2015-03-06 10:45:00,207.66,208.12,207.45,207.76,19159
2015-03-06 11:00:00,207.74,208.155,207.56,208.155,9803
2015-03-06 11:15:00,208.155,208.16,207.0,207.0,11560
2015-03-06 11:30:00,206.97,207.06,206.54,206.605,17737
2015-03-06 11:45:00,206.51,206.55,205.89,205.89,14015
2015-03-06 12:00:00,205.935,205.98,205.51,205.54,9869
2015-03-06 12:15:00,205.48,205.57,205.22,205.22,8385
2015-03-06 12:30:00,205.22,205.22,204.265,204.8,16461
2015-03-06 12:45:00,204.91,205.25,204.71,205.1315,5335
2015-03-06 13:00:00,205.11,205.24,204.49,205.06,12885
2015-03-06 13:15:00,205.02,205.27,204.79,204.95,7800
2015-03-06 13:30:00,205.015,205.24,204.72,204.93,6458
2015-03-06 13:45:00,204.91,204.91,204.63,204.77,16151
2015-03-06 14:00:00,204.77,205.0,204.535,204.87,9881
2015-03-06 14:15:00,204.8,205.26,204.8,205.08,9053
2015-03-06 14:30:00,204.885,204.91,204.16,204.3959,15311
2015-03-06 14:45:00,204.47,204.51,203.85,203.9,10511
2015-03-06 15:00:00,203.93,204.33,203.885,204.26,9506
2015-03-06 15:15:00,204.26,204.55,204.16,204.35,17732
2015-03-06 15:30:00,204.38,204.4,203.85,203.8501,19624
2015-03-06 15:45:00,203.96,203.97,203.63,203.86,16324
2015-03-06 16:00:00,203.84,204.28,203.835,204.24,39471
2015-03-09 09:45:00,204.6,205.48,203.69,205.19,19030
2015-03-09 10:00:00,205.19,206.0,205.16,205.93400000000003,6140
2015-03-09 10:15:00,205.89,205.89,205.21,205.27,30611
2015-03-09 10:30:00,205.25,205.25,204.47,204.77,14761
2015-03-09 10:45:00,204.93,205.15,204.58,204.71,16811
2015-03-09 11:00:00,204.74,204.89,204.74,204.7517,5700
2015-03-09 11:15:00,204.75099999999998,205.0,204.53,204.96,10891
2015-03-09 11:30:00,205.0,205.0,204.775,204.93,11500
2015-03-09 11:45:00,204.905,205.09,204.76,204.98,11023
2015-03-09 12:00:00,205.07,205.14,205.02,205.1,7624
2015-03-09 12:15:00,204.9425,205.06,204.615,204.63,7611
2015-03-09 12:30:00,204.615,204.63,204.44,204.5,5031
2015-03-09 12:45:00,204.44,204.52,204.22,204.32,12889
2015-03-09 13:00:00,204.27,204.8,204.19,204.69,20529
2015-03-09 13:15:00,204.78,204.94,204.57,204.81,12346
2015-03-09 13:30:00,205.02,205.24,204.96,205.01,6630
2015-03-09 13:45:00,205.1,205.19,205.05,205.14,7810
2015-03-09 14:00:00,205.17,205.28,205.12,205.15,5400
2015-03-09 14:15:00,205.23,205.6,205.22,205.43,4700
2015-03-09 14:30:00,205.51,205.7,205.13,205.14,22818
2015-03-09 14:45:00,205.3,205.49,205.19,205.36,9628
2015-03-09 15:00:00,205.34,205.82,205.34,205.81,10622
2015-03-09 15:15:00,205.8,206.03,205.635,205.97,7221
2015-03-09 15:30:00,205.97,206.0,205.645,205.88,20724
2015-03-09 15:45:00,205.91,206.195,205.91,206.15,17267
2015-03-09 16:00:00,206.115,206.66,206.115,206.57,66225
2015-03-10 09:45:00,205.34,205.47,203.21400000000003,203.61,23268
2015-03-10 10:00:00,203.75,203.91,203.01,203.028,17448
2015-03-10 10:15:00,203.06,203.1999,202.76,202.88,23520
2015-03-10 10:30:00,202.85,203.1,202.44,202.91,13336
2015-03-10 10:45:00,202.95,202.97,202.63,202.8,6218
2015-03-10 11:00:00,202.81,203.0,202.65,202.68,6706
2015-03-10 11:15:00,202.74,203.59,202.63,203.43,6824
2015-03-10 11:30:00,203.52,203.74,203.5,203.61,3300
2015-03-10 11:45:00,203.65,203.72,203.39,203.54,5900
2015-03-10 12:00:00,203.49,203.63,203.17,203.215,5200
2015-03-10 12:15:00,203.1,203.36,202.7201,203.34,18700
2015-03-10 12:30:00,203.45,203.63,203.3,203.5,4841
2015-03-10 12:45:00,203.33,203.72,203.24,203.7,3225
2015-03-10 13:00:00,203.59,203.61,203.31,203.43,2800
2015-03-10 13:15:00,203.53,203.635,203.35,203.36,7379
2015-03-10 13:30:00,203.41,203.75,203.35,203.53,4425
2015-03-10 13:45:00,203.54,203.58,203.32,203.55,2600
2015-03-10 14:00:00,203.59,203.8,203.37,203.37,11300
2015-03-10 14:15:00,203.41,203.73,203.34,203.49,14646
2015-03-10 14:30:00,203.51,203.66,203.38,203.48,7428
2015-03-10 14:45:00,203.49,203.67,203.45,203.54,8714
2015-03-10 15:00:00,203.59,203.76,203.438,203.56,23658
2015-03-10 15:15:00,203.485,203.8,203.48,203.65,15973
2015-03-10 15:30:00,203.68,204.0,203.5024,203.5396,13548
2015-03-10 15:45:00,203.51,203.7,203.3,203.68,18922
2015-03-10 16:00:00,203.7,203.86,203.07,203.07,52039
2015-03-11 09:45:00,202.94,205.6,202.94,205.55,26749
2015-03-11 10:00:00,205.32,205.4,204.77,205.09,13799
2015-03-11 10:15:00,205.09,205.34,204.63,204.79,32966
2015-03-11 10:30:00,204.79,204.79,204.12,204.12,6298
2015-03-11 10:45:00,204.1292,204.23,203.68,204.04,7600
2015-03-11 11:00:00,203.98,204.36,203.845,204.305,3700
2015-03-11 11:15:00,204.24,204.64,204.2,204.55,5156
2015-03-11 11:30:00,204.55,204.66,204.27,204.455,4312
2015-03-11 11:45:00,204.56,204.86,204.54,204.64,19513
2015-03-11 12:00:00,204.64,204.95,204.57,204.85,5452
2015-03-11 12:15:00,204.88,204.915,204.48,204.64,4294
2015-03-11 12:30:00,204.77,204.93,204.4801,204.78,5300
2015-03-11 12:45:00,204.8,205.09,204.65,205.09,3301
2015-03-11 13:00:00,205.01,205.48,205.01,205.17,14677
2015-03-11 13:15:00,205.24,205.36,205.05,205.3,19291
2015-03-11 13:30:00,205.3,205.35,205.16,205.3,6750
2015-03-11 13:45:00,205.22,205.22,204.91,204.91,4714
2015-03-11 14:00:00,204.86,204.86,204.53,204.57,2500
2015-03-11 14:15:00,204.54,204.8099,204.51,204.56,5250
2015-03-11 14:30:00,204.61,204.97,204.52,204.54,5159
2015-03-11 14:45:00,204.54,204.63,204.13,204.35,8149
2015-03-11 15:00:00,204.28,204.42,204.17,204.3,5515
2015-03-11 15:15:00,204.3,204.62,204.17,204.27,8007
2015-03-11 15:30:00,204.13,204.455,204.03,204.135,13443
2015-03-11 15:45:00,204.07,204.23,203.92,204.06,9668
2015-03-11 16:00:00,204.01,204.54,203.91,204.26,33897
2015-03-12 09:45:00,205.37,206.8,205.09,206.8,17848
2015-03-12 10:00:00,206.6,207.38,206.2875,207.38,48492
2015-03-12 10:15:00,207.377,207.47,206.85,207.01,11950
2015-03-12 10:30:00,206.91,207.035,206.59,206.6,8800
2015-03-12 10:45:00,206.64,207.64,206.6,207.64,6324
2015-03-12 11:00:00,207.74,208.29,207.59,208.24,12433
2015-03-12 11:15:00,208.26,208.55,208.24,208.395,10506
2015-03-12 11:30:00,208.47,209.2,208.42,208.805,19383
2015-03-12 11:45:00,208.74,208.95,208.5015,208.65,6970
2015-03-12 12:00:00,208.63,208.815,208.5,208.65,2400
2015-03-12 12:15:00,208.665,208.665,208.34,208.49,3900
2015-03-12 12:30:00,208.36,208.51,208.21,208.31,5035
2015-03-12 12:45:00,208.3,208.39,208.08,208.16,3600
2015-03-12 13:00:00,208.22,208.49,208.18,208.38,13980
2015-03-12 13:15:00,208.29,208.75,208.22,208.56,14456
2015-03-12 13:30:00,208.64,208.74,208.54,208.54,2800
2015-03-12 13:45:00,208.53,208.86,208.5,208.69,6950
2015-03-12 14:00:00,208.67,209.12,208.67,209.03,6100
2015-03-12 14:15:00,209.05,210.11,209.0,209.89,20011
2015-03-12 14:30:00,209.82,209.82,209.24,209.24,7064
2015-03-12 14:45:00,209.24,209.25,208.73,208.9,9500
2015-03-12 15:00:00,208.815,209.23,208.71,209.16,15373
2015-03-12 15:15:00,209.2,209.72,209.2,209.55,10293
2015-03-12 15:30:00,209.44,209.65,209.39,209.48,15109
2015-03-12 15:45:00,209.51,209.69,209.3,209.55,29058
2015-03-12 16:00:00,209.57,209.67,209.41,209.59,29092
2015-03-13 09:45:00,208.69,210.31,208.69,210.21,18014
2015-03-13 10:00:00,210.06,210.7104,209.53,209.91,14020
2015-03-13 10:15:00,209.56,209.63,208.94,209.63,11648
2015-03-13 10:30:00,209.64,209.64,208.98,209.18,10875
2015-03-13 10:45:00,209.13,209.5,208.8,209.05,6900
2015-03-13 11:00:00,208.92,209.0446,208.21,208.21,7659
2015-03-13 11:15:00,208.04,208.61,207.87,208.2,15713
2015-03-13 11:30:00,208.12,208.12,207.81,207.95,7332
2015-03-13 11:45:00,208.02,208.6,207.7,208.59,8224
2015-03-13 12:00:00,208.525,208.8,208.16,208.669,9415
2015-03-13 12:15:00,208.73,208.77,208.31,208.54,11968
2015-03-13 12:30:00,208.36,208.71,208.09,208.64,7350
2015-03-13 12:45:00,208.64,209.18,208.64,209.11,3525
2015-03-13 13:00:00,209.11,209.2,208.72,209.15,4400
2015-03-13 13:15:00,209.16,209.27,208.79,208.98,4729
2015-03-13 13:30:00,208.91,209.03,208.65,208.69,3502
2015-03-13 13:45:00,208.6515,208.86,208.57,208.65,8043
2015-03-13 14:00:00,208.65,208.81,208.55,208.62,4300
2015-03-13 14:15:00,208.7,208.73,208.2,208.28,6496
2015-03-13 14:30:00,208.52,208.57,208.15,208.51,3127
2015-03-13 14:45:00,208.62,208.73,208.27,208.34,3000
2015-03-13 15:00:00,208.46,209.095,208.46,208.9,5100
2015-03-13 15:15:00,209.11,209.6,208.9,209.585,16529
2015-03-13 15:30:00,209.6,209.76,209.34,209.76,12361
2015-03-13 15:45:00,209.83,210.05,209.45,209.5,10704
2015-03-13 16:00:00,209.5,210.43,209.45,210.16,60543
2015-03-16 09:45:00,211.12,212.64,210.4,212.44,16364
2015-03-16 10:00:00,212.23,212.39,211.69,212.3,10366
2015-03-16 10:15:00,212.27,213.28,212.0,213.28,29174
2015-03-16 10:30:00,213.39,213.89,213.08,213.09,20761
2015-03-16 10:45:00,213.16,213.5,213.05,213.24,12556
2015-03-16 11:00:00,213.2,213.73,213.08,213.685,10030
2015-03-16 11:15:00,213.77,213.89,213.25,213.26,15903
2015-03-16 11:30:00,213.25,213.39,213.1,213.29,9299
2015-03-16 11:45:00,213.315,213.315,213.11,213.235,9626
2015-03-16 12:00:00,213.17,213.37,213.12,213.22,14116
2015-03-16 12:15:00,213.25,213.25,212.93,213.0,13651
2015-03-16 12:30:00,213.07,213.08,212.61,212.768,6009
2015-03-16 12:45:00,212.785,213.05,212.73,212.8,5584
2015-03-16 13:00:00,212.75,213.48,212.75,213.41,14300
2015-03-16 13:15:00,213.37,213.82,213.25,213.7,17566
2015-03-16 13:30:00,213.7,214.39,213.7,213.81,10063
2015-03-16 13:45:00,213.78,213.9,213.73,213.87,8610
2015-03-16 14:00:00,213.87,214.16,213.85,214.06,8445
2015-03-16 14:15:00,214.0,214.0989,213.72,213.7496,8985
2015-03-16 14:30:00,213.82,214.31,213.82,214.15,18492
2015-03-16 14:45:00,214.15,214.31,214.03799999999998,214.31,9738
2015-03-16 15:00:00,214.33,215.0,214.27,214.945,29865
2015-03-16 15:15:00,214.90900000000002,215.49,214.9,215.265,34927
2015-03-16 15:30:00,215.23,215.43,215.13,215.31,23974
2015-03-16 15:45:00,215.3,215.33,214.4901,214.55,24798
2015-03-16 16:00:00,214.58,215.12,214.53,215.1,62338
2015-03-17 09:45:00,213.88,215.01,213.347,213.52,25203
2015-03-17 10:00:00,213.6,214.04,213.35,213.48,10930
2015-03-17 10:15:00,213.51,214.29,213.18,213.8699,11664
2015-03-17 10:30:00,214.0,214.0,213.33,213.58,16596
2015-03-17 10:45:00,213.665,213.88,213.41,213.58,8579
2015-03-17 11:00:00,213.58,213.64,213.4,213.55,6578
2015-03-17 11:15:00,213.58,213.58,212.9985,213.52,10129
2015-03-17 11:30:00,213.39,213.47,212.965,213.3,8504
2015-03-17 11:45:00,213.31,213.63,213.075,213.57,9844
2015-03-17 12:00:00,213.61,213.68,213.45,213.67,10267
2015-03-17 12:15:00,213.61,214.31,213.52,214.3,11130
2015-03-17 12:30:00,214.29,214.59,214.24,214.41,8190
2015-03-17 12:45:00,214.4,214.4,213.84,213.895,5700
2015-03-17 13:00:00,213.85,213.93,213.5,213.55,6040
2015-03-17 13:15:00,213.55,213.72,213.37,213.72,9597
2015-03-17 13:30:00,213.72,213.93599999999998,213.71,213.76,4900
2015-03-17 13:45:00,213.85,214.15,213.73,214.15,9500
2015-03-17 14:00:00,214.16,214.55,214.0,214.521,6032
2015-03-17 14:15:00,214.52,214.67,214.31,214.36,9505
2015-03-17 14:30:00,214.37,214.37,214.08,214.16,6973
2015-03-17 14:45:00,214.11,214.33,213.86,214.06,11508
2015-03-17 15:00:00,214.08,214.17,213.87,214.17,7555
2015-03-17 15:15:00,214.185,214.78,214.185,214.78,17133
2015-03-17 15:30:00,214.8,214.88,214.67,214.84,11198
2015-03-17 15:45:00,214.86,214.91299999999998,214.365,214.38,12659
2015-03-17 16:00:00,214.365,214.48,214.0,214.02,26717
2015-03-18 09:45:00,213.28,214.38,211.63,212.21,27591
2015-03-18 10:00:00,211.87,212.21,210.93,211.045,17416
2015-03-18 10:15:00,211.35,211.55,211.04,211.145,9469
2015-03-18 10:30:00,211.22,211.65,211.07,211.09,22214
2015-03-18 10:45:00,211.12,211.34,210.94,211.23,13486
2015-03-18 11:00:00,211.23,211.68,211.03,211.68,20547
2015-03-18 11:15:00,211.68,212.12,211.68,211.94,11366
2015-03-18 11:30:00,211.87,212.12,211.61,211.63,10856
2015-03-18 11:45:00,211.56,211.56,211.0,211.04,10720
2015-03-18 12:00:00,210.99,211.53,210.71,211.53,12184
2015-03-18 12:15:00,211.53,211.53,211.15,211.2,3608
2015-03-18 12:30:00,211.27,211.3,210.649,210.649,10826
2015-03-18 12:45:00,210.64,210.72,210.45,210.72,12148
2015-03-18 13:00:00,210.6,210.64,210.23,210.24,5400
2015-03-18 13:15:00,210.24,210.5,210.24,210.5,3050
2015-03-18 13:30:00,210.54,210.55,210.13,210.19,13840
2015-03-18 13:45:00,210.13,210.13,209.67,209.78,4551
2015-03-18 14:00:00,209.77,210.73,209.6001,210.73,14495
2015-03-18 14:15:00,210.87,213.67,210.86,213.67,30920
2015-03-18 14:30:00,213.67,214.0,213.03,213.4,21528
2015-03-18 14:45:00,213.3,213.87,213.3,213.46,15918
2015-03-18 15:00:00,213.4453,213.85,213.28,213.57,9342
2015-03-18 15:15:00,213.61,214.61,213.61,214.53,15328
2015-03-18 15:30:00,214.42,214.95,214.42,214.59,12444
2015-03-18 15:45:00,214.6,214.7,214.27,214.34,23979
2015-03-18 16:00:00,214.39,214.5,214.07,214.31,28329
2015-03-19 09:45:00,214.33,214.7,213.94,214.1,16899
2015-03-19 10:00:00,213.953,214.16,213.51,213.73,7325
2015-03-19 10:15:00,213.73,213.9,213.46,213.85,8501
2015-03-19 10:30:00,213.9665,214.11,213.7,214.03,6893
2015-03-19 10:45:00,213.95,214.0,213.59,213.76,7157
2015-03-19 11:00:00,213.88,214.0999,213.74,213.92,7800
2015-03-19 11:15:00,214.01,214.19,213.72,213.82,8207
2015-03-19 11:30:00,213.805,213.9447,213.72,213.72,6656
2015-03-19 11:45:00,213.67,213.71,213.38,213.52,7614
2015-03-19 12:00:00,213.5,213.75,213.46599999999998,213.75,6119
2015-03-19 12:15:00,213.64,213.91,213.4,213.81,9294
2015-03-19 12:30:00,213.78599999999997,214.5,213.78,214.37,6907
2015-03-19 12:45:00,214.37,214.56,214.35,214.56,6257
2015-03-19 13:00:00,214.58,214.64,214.21,214.24,5155
2015-03-19 13:15:00,214.23,214.39,214.14,214.31,7308
2015-03-19 13:30:00,214.28,214.98,214.28,214.83,8383
2015-03-19 13:45:00,214.76,214.8,214.6,214.765,3700
2015-03-19 14:00:00,214.74,214.956,214.635,214.8499,5495
2015-03-19 14:15:00,214.84,215.2,214.84,215.11,5606
2015-03-19 14:30:00,215.16,215.21,214.7801,214.92,4055
2015-03-19 14:45:00,214.93,215.01,214.43,214.61,8215
2015-03-19 15:00:00,214.61,214.71,214.14,214.42,12354
2015-03-19 15:15:00,214.38,214.82,214.26,214.785,24678
2015-03-19 15:30:00,214.82,215.19,214.65,215.02,18345
2015-03-19 15:45:00,215.0,215.23,214.68,214.72,22272
2015-03-19 16:00:00,214.59,215.09,214.59,215.0,29061
2015-03-20 09:45:00,216.41,216.99,214.27,214.27,154691
2015-03-20 10:00:00,214.37,215.21,214.3,214.73,8509
2015-03-20 10:15:00,214.74,215.39,214.7,215.11,13228
2015-03-20 10:30:00,215.085,216.0,215.085,215.98,12199
2015-03-20 10:45:00,216.01,216.505,215.861,216.13,9800
2015-03-20 11:00:00,216.18,216.19,215.66,216.17,7991
2015-03-20 11:15:00,216.18,216.28,215.97,216.26,7000
2015-03-20 11:30:00,216.27,216.32,216.14,216.25,4200
2015-03-20 11:45:00,216.35,216.38,216.17,216.35,6066
2015-03-20 12:00:00,216.38,216.57,216.33,216.45,6778
2015-03-20 12:15:00,216.45,216.56,216.17,216.35,5700
2015-03-20 12:30:00,216.37,216.6,216.37,216.6,6400
2015-03-20 12:45:00,216.64,216.69,216.37,216.61,7680
2015-03-20 13:00:00,216.61,217.17,216.57,217.08,7826
2015-03-20 13:15:00,217.0481,217.12,216.76,217.06,9829
2015-03-20 13:30:00,217.0,217.5662,216.95,217.49,20619
2015-03-20 13:45:00,217.38,217.6,217.25,217.36,14722
2015-03-20 14:00:00,217.35,217.35,216.63,216.75,14230
2015-03-20 14:15:00,216.795,217.235,216.795,217.235,11400
2015-03-20 14:30:00,217.24,217.495,217.19,217.25,14730
2015-03-20 14:45:00,217.29,217.33,216.82,216.82,17618
2015-03-20 15:00:00,216.82,216.8325,216.115,216.38,18505
2015-03-20 15:15:00,216.52,216.85,216.21,216.33,21813
2015-03-20 15:30:00,216.28,216.3175,215.92,216.055,18102
2015-03-20 15:45:00,216.01,216.25,215.84,216.0,24645
2015-03-20 16:00:00,216.0,216.3048,213.76,214.95,172211
2015-03-23 09:45:00,214.97,216.05,214.79,215.68,17192
2015-03-23 10:00:00,215.99,217.0431,215.6,216.77,14819
2015-03-23 10:15:00,216.6,216.6,215.8,216.1039,10997
2015-03-23 10:30:00,216.07,216.19,215.58,215.69,10426
2015-03-23 10:45:00,215.68,215.73,215.31,215.46,11004
2015-03-23 11:00:00,215.41,215.88,215.23,215.86,10365
2015-03-23 11:15:00,215.89,216.51,215.75,216.23,12250
2015-03-23 11:30:00,216.24,216.33,215.2,215.25,12597
2015-03-23 11:45:00,215.15,215.43,215.05,215.15,14168
2015-03-23 12:00:00,215.22,215.33,214.97,215.03,20085
2015-03-23 12:15:00,215.13,215.71,215.02,215.71,12279
2015-03-23 12:30:00,215.65,215.65,215.37,215.48,12546
2015-03-23 12:45:00,215.56,215.58,215.43,215.49,10270
2015-03-23 13:00:00,215.48,215.525,215.4,215.425,5157
2015-03-23 13:15:00,215.41,215.45,215.3,215.37,8500
2015-03-23 13:30:00,215.49,215.55,215.23,215.37,16609
2015-03-23 13:45:00,215.34,215.64,215.17,215.29,10604
2015-03-23 14:00:00,215.199,215.38,215.16,215.36,6596
2015-03-23 14:15:00,215.34,215.53,215.3074,215.42,2529
2015-03-23 14:30:00,215.58,215.6,215.39,215.42,7941
2015-03-23 14:45:00,215.36,215.7867,215.36,215.78,6981
2015-03-23 15:00:00,215.79,215.98,215.67,215.85,22338
2015-03-23 15:15:00,215.88,216.09,215.85,215.99,10570
2015-03-23 15:30:00,215.96,216.14,215.92,215.98,9350
2015-03-23 15:45:00,216.07,216.2,215.9,216.07,13699
2015-03-23 16:00:00,216.15,216.19,215.25,215.3,83405
2015-03-24 09:45:00,214.51,215.15,214.0,214.76,14067
2015-03-24 10:00:00,214.95,215.12,214.01,214.01,9762
2015-03-24 10:15:00,214.21,214.44,214.0,214.18,20908
2015-03-24 10:30:00,214.32,214.76,214.295,214.76,9321
2015-03-24 10:45:00,214.83,215.39,214.83,215.39,9274
2015-03-24 11:00:00,215.48,215.48,215.21,215.29,19385
2015-03-24 11:15:00,215.27,215.768,215.085,215.24,7245
2015-03-24 11:30:00,215.19,215.66,215.19,215.39,6246
2015-03-24 11:45:00,215.37,215.87,215.33,215.74,11409
2015-03-24 12:00:00,215.77,215.99,215.74,215.905,8600
2015-03-24 12:15:00,215.85,216.17,215.835,216.0587,8973
2015-03-24 12:30:00,216.05,216.23,215.87,215.87,6309
2015-03-24 12:45:00,215.98,215.98,215.19,215.19,4871
2015-03-24 13:00:00,215.22,215.22,214.87,214.97,6350
2015-03-24 13:15:00,215.0,215.34,214.985,215.0775,3500
2015-03-24 13:30:00,215.12,215.28,215.0,215.11,16362
2015-03-24 13:45:00,215.17,215.48,215.03,215.48,6103
2015-03-24 14:00:00,215.48,215.48,215.21,215.37,2859
2015-03-24 14:15:00,215.3,215.3,214.88,215.04,15723
2015-03-24 14:30:00,215.02,215.18,214.95,215.09,9013
2015-03-24 14:45:00,215.1,215.51,214.9,215.51,7366
2015-03-24 15:00:00,215.54,215.78,215.28,215.31,9757
2015-03-24 15:15:00,215.36,215.79,215.36,215.535,7272
2015-03-24 15:30:00,215.52,215.71,214.99,214.99,8623
2015-03-24 15:45:00,215.0,215.3275,214.95,215.1,22196
2015-03-24 16:00:00,215.1,215.22,214.47,214.54,44695
2015-03-25 09:45:00,214.96,215.52,214.56,214.84,14245
2015-03-25 10:00:00,214.69,215.0,213.92,213.97,8298
2015-03-25 10:15:00,213.93,213.97,213.5,213.5,11061
2015-03-25 10:30:00,213.53,214.21,213.53,213.96,8265
2015-03-25 10:45:00,214.025,214.25,213.8,213.82,8624
2015-03-25 11:00:00,213.84,213.84,213.425,213.51,10089
2015-03-25 11:15:00,213.51,213.56,213.12,213.12,6609
2015-03-25 11:30:00,213.21,213.21,212.69,212.83,8056
2015-03-25 11:45:00,212.83,212.83,211.47,211.72,15343
2015-03-25 12:00:00,211.69,211.709,211.13,211.27,12993
2015-03-25 12:15:00,211.36,211.43,210.82,211.4281,10259
2015-03-25 12:30:00,211.2224,211.28,210.58,210.9,9900
2015-03-25 12:45:00,210.76,210.8899,210.405,210.405,14053
2015-03-25 13:00:00,210.46,211.27,210.38,211.0,8057
2015-03-25 13:15:00,211.13,211.42,211.0,211.0,7795
2015-03-25 13:30:00,210.93,211.03,210.7,210.99,10075
2015-03-25 13:45:00,211.0,211.3,210.82,211.062,18300
2015-03-25 14:00:00,211.05,211.35,210.98,211.00900000000001,15352
2015-03-25 14:15:00,210.97,210.97,210.5,210.5,7884
2015-03-25 14:30:00,210.42,210.61,210.28,210.345,19291
2015-03-25 14:45:00,210.29,210.3,210.13,210.21,10323
2015-03-25 15:00:00,210.14,210.15,209.895,210.04,12455
2015-03-25 15:15:00,209.9,210.06,209.665,209.99,14205
2015-03-25 15:30:00,209.93,210.02,209.51,209.55,18259
2015-03-25 15:45:00,209.595,209.78,209.37,209.76,25549
2015-03-25 16:00:00,209.74,209.74,208.95,208.98,72384
2015-03-26 09:45:00,208.42,208.65,206.86,207.32,28347
2015-03-26 10:00:00,207.16,208.45,207.03,207.23,15478
2015-03-26 10:15:00,207.44,208.005,207.32,207.51,18395
2015-03-26 10:30:00,207.47,207.99,207.2,207.98,8911
2015-03-26 10:45:00,207.84,208.35,207.53,208.35,13275
2015-03-26 11:00:00,208.42,208.54,208.12,208.43,8854
2015-03-26 11:15:00,208.42,208.51,207.66,207.66,12508
2015-03-26 11:30:00,207.74,208.5,207.74,208.3,12016
2015-03-26 11:45:00,208.26,208.905,208.26,208.73,7104
2015-03-26 12:00:00,208.79,209.4,208.67,209.294,28292
2015-03-26 12:15:00,209.28,209.49,209.15,209.46,8450
2015-03-26 12:30:00,209.52,209.54,209.11,209.23,6538
2015-03-26 12:45:00,209.23,209.45,209.11,209.43,7737
2015-03-26 13:00:00,209.45,210.06,209.45,210.06,6588
2015-03-26 13:15:00,210.11,210.322,209.9,209.91,7937
2015-03-26 13:30:00,209.85,210.65,209.79,210.64,12182
2015-03-26 13:45:00,210.63,211.24,210.58,211.0599,15209
2015-03-26 14:00:00,210.9324,211.185,210.8,210.96,12775
2015-03-26 14:15:00,211.0,211.33,210.97,211.01,12700
2015-03-26 14:30:00,211.02,211.53,210.81,210.81,15707
2015-03-26 14:45:00,210.8,211.41,210.8,211.3,14213
2015-03-26 15:00:00,211.37,211.37,211.01,211.05,15524
2015-03-26 15:15:00,210.96,211.23,210.84,211.22,18305
2015-03-26 15:30:00,211.22,211.56,211.09,211.53,27285
2015-03-26 15:45:00,211.52,211.89,211.21,211.35,29406
2015-03-26 16:00:00,211.35,211.6,211.11,211.18,52699
2015-03-27 09:45:00,210.3,212.46,209.93,212.38,25307
2015-03-27 10:00:00,212.16,213.25,212.05,213.02,13643
2015-03-27 10:15:00,212.895,213.8,212.895,213.06,31423
2015-03-27 10:30:00,212.995,214.07,212.96,213.96,19196
2015-03-27 10:45:00,213.78,214.34,213.24599999999998,214.14,14586
2015-03-27 11:00:00,214.14,214.25,213.915,214.19,15291
2015-03-27 11:15:00,214.045,214.25,213.76,214.22,24817
2015-03-27 11:30:00,214.32,214.45,213.85,214.02,6990
2015-03-27 11:45:00,214.13,214.52,213.89,214.52,11629
2015-03-27 12:00:00,214.55,214.71,214.0,214.12,12738
2015-03-27 12:15:00,214.27,214.47,213.88,214.41,7115
2015-03-27 12:30:00,214.35,214.8,214.35,214.61,6920
2015-03-27 12:45:00,214.66,215.02,214.61,214.945,11578
2015-03-27 13:00:00,214.86,214.97,214.74,214.97,8332
2015-03-27 13:15:00,214.97,215.04,214.77,214.93,7731
2015-03-27 13:30:00,214.91,215.16,214.805,215.04,8418
2015-03-27 13:45:00,214.98,215.03,214.69,214.86,7625
2015-03-27 14:00:00,214.86,215.14,214.54,215.09,9401
2015-03-27 14:15:00,215.09,215.27,214.93,215.22,11630
2015-03-27 14:30:00,215.145,215.5,215.08,215.4,8609
2015-03-27 14:45:00,215.27,215.57,215.21,215.43,10353
2015-03-27 15:00:00,215.43,215.76,215.38,215.55,13175
2015-03-27 15:15:00,215.535,215.64,215.4,215.64,29053
2015-03-27 15:30:00,215.6,215.67,215.36,215.6,17001
2015-03-27 15:45:00,215.67,215.87,215.5,215.61,27822
2015-03-27 16:00:00,215.61,215.7,215.36,215.48,80567
2015-03-30 09:45:00,217.24,218.39,216.25,217.97,26910
2015-03-30 10:00:00,218.01,218.85,217.87,218.84,25555
2015-03-30 10:15:00,218.89,219.7,218.68,218.78,38316
2015-03-30 10:30:00,218.9,218.9,217.7,217.83,22371
2015-03-30 10:45:00,217.83,218.025,217.5,217.535,15467
2015-03-30 11:00:00,217.61,218.6,217.61,218.11,8825
2015-03-30 11:15:00,218.23,218.33,217.55,217.82,9321
2015-03-30 11:30:00,217.96,218.81,217.68,218.64,21834
2015-03-30 11:45:00,218.64,219.06,218.4,218.9586,18761
2015-03-30 12:00:00,218.84,219.26,218.55,219.26,9781
2015-03-30 12:15:00,219.3,219.45,219.04,219.04,15172
2015-03-30 12:30:00,219.01,219.63,218.99,219.39,8976
2015-03-30 12:45:00,219.39,219.43,219.04,219.17,9697
2015-03-30 13:00:00,219.2,219.59,219.2,219.44,9800
2015-03-30 13:15:00,219.48,219.77,219.28,219.541,38327
2015-03-30 13:30:00,219.505,220.11,219.32,219.72,12761
2015-03-30 13:45:00,219.69,220.01,219.58,219.84,12421
2015-03-30 14:00:00,219.79,219.79,219.06,219.1,11220
2015-03-30 14:15:00,219.145,219.88,219.145,219.88,17340
2015-03-30 14:30:00,220.02,220.1,219.47,219.67,12580
2015-03-30 14:45:00,219.64,219.85,219.16,219.38,16121
2015-03-30 15:00:00,219.38,219.77,219.24,219.64,12290
2015-03-30 15:15:00,219.71,219.84,219.43,219.75,12921
2015-03-30 15:30:00,219.83,220.0,219.44,219.62,15545
2015-03-30 15:45:00,219.66,219.71,219.54,219.67,25662
2015-03-30 16:00:00,219.66,219.66,219.35,219.41,61505
2015-03-31 09:45:00,217.57,219.5,217.57,218.61599999999999,39411
2015-03-31 10:00:00,218.81,219.135,218.59,218.96,18086
2015-03-31 10:15:00,218.89,219.05,218.18,218.38,14594
2015-03-31 10:30:00,218.4,218.6,218.17,218.445,9800
2015-03-31 10:45:00,218.48,218.67,218.16,218.23,9200
2015-03-31 11:00:00,218.24,218.38,218.07,218.1875,5900
2015-03-31 11:15:00,218.2,219.57,218.2,219.57,11860
2015-03-31 11:30:00,219.4,219.98,219.35,219.77,15935
2015-03-31 11:45:00,219.78,219.9,219.06,219.11,9716
2015-03-31 12:00:00,219.01,219.27,218.41,218.5,5149
2015-03-31 12:15:00,218.23,218.41,217.94,218.16,9500
2015-03-31 12:30:00,218.31,218.88,218.2095,218.79,7909
2015-03-31 12:45:00,218.8396,219.39,218.75,218.99,7305
2015-03-31 13:00:00,219.109,219.19,218.97,219.15,5889
2015-03-31 13:15:00,219.29,219.6,219.22,219.6,6137
2015-03-31 13:30:00,219.76,219.91,219.35,219.35,7800
2015-03-31 13:45:00,219.41,219.52,219.18,219.27,7700
2015-03-31 14:00:00,219.24,219.24,218.42,218.56,6077
2015-03-31 14:15:00,218.48,218.73,218.27,218.48,10097
2015-03-31 14:30:00,218.47,218.47,218.05,218.23,11975
2015-03-31 14:45:00,218.09,218.2,217.8,217.94,13508
2015-03-31 15:00:00,217.94,218.42,217.94,218.42,14004
2015-03-31 15:15:00,218.3,218.3,217.6,217.69,15934
2015-03-31 15:30:00,217.7,217.7,216.81,217.03,14467
2015-03-31 15:45:00,217.03,217.41,216.7,217.08,15559
2015-03-31 16:00:00,217.12,217.25,216.14,216.25,103606
2015-04-01 09:45:00,216.64,216.78,214.705,214.98,70123
2015-04-01 10:00:00,214.91,214.91,213.5972,214.22,27756
2015-04-01 10:15:00,214.09,214.81,214.02,214.76,24872
2015-04-01 10:30:00,214.77,215.57,214.57,215.2,23604
2015-04-01 10:45:00,215.28,215.29,214.41,215.12,19871
2015-04-01 11:00:00,215.06,215.6899,215.01,215.27,18096
2015-04-01 11:15:00,215.32,215.61,215.03,215.6,10408
2015-04-01 11:30:00,215.71,215.77,214.67,214.8,9239
2015-04-01 11:45:00,214.67,214.82,214.39,214.675,16921
2015-04-01 12:00:00,214.77,215.09,214.11,214.13,18380
2015-04-01 12:15:00,214.05,214.28,213.51,213.61,29916
2015-04-01 12:30:00,213.58,213.72,213.2,213.21,16536
2015-04-01 12:45:00,213.23,213.51,212.77,213.47,21125
2015-04-01 13:00:00,213.51,213.97,213.11,213.8,17338
2015-04-01 13:15:00,213.77,214.24,213.58,214.215,11114
2015-04-01 13:30:00,214.27,214.61599999999999,214.15,214.56,15715
2015-04-01 13:45:00,214.65,215.04,214.56,214.64,16959
2015-04-01 14:00:00,214.72,215.23,214.6505,215.03,11754
2015-04-01 14:15:00,214.97,215.105,214.44,214.44,6900
2015-04-01 14:30:00,214.33,214.52,214.04,214.04,9807
2015-04-01 14:45:00,213.99,213.99,213.325,213.34,15185
2015-04-01 15:00:00,213.29,214.23,213.28,214.23,19864
2015-04-01 15:15:00,214.24,214.25,213.84,214.235,17838
2015-04-01 15:30:00,214.26,214.92,214.22,214.92,22171
2015-04-01 15:45:00,214.91,215.24,214.63,214.76,39403
2015-04-01 16:00:00,214.75,215.41,214.69,215.29,99904
2015-04-02 09:45:00,215.34,215.57,214.31,214.96,18815
2015-04-02 10:00:00,214.97,215.89,214.97,215.815,7207
2015-04-02 10:15:00,215.8999,216.8,215.8999,216.58,15403
2015-04-02 10:30:00,216.675,216.8,216.183,216.2201,15484
2015-04-02 10:45:00,216.34400000000002,216.46,216.02599999999998,216.102,11421
2015-04-02 11:00:00,216.27,216.42,215.69,215.8,19180
2015-04-02 11:15:00,215.86,216.32,215.77,216.04,9700
2015-04-02 11:30:00,216.04,216.1,215.85,215.95,10933
2015-04-02 11:45:00,215.98,216.01,215.77,215.94,10232
2015-04-02 12:00:00,215.935,215.935,215.5,215.56,44761
2015-04-02 12:15:00,215.46,215.49,214.757,214.98,8038
2015-04-02 12:30:00,214.88,215.32,214.83,215.19,7117
2015-04-02 12:45:00,215.11,215.555,215.11,215.4,8168
2015-04-02 13:00:00,215.4,215.51,214.83,214.96,7500
2015-04-02 13:15:00,215.0,215.45,214.75,215.45,8444
2015-04-02 13:30:00,215.45,215.83,215.4,215.75,5941
2015-04-02 13:45:00,215.72,215.73,215.43,215.57,7970
2015-04-02 14:00:00,215.61,215.8,215.49,215.8,10484
2015-04-02 14:15:00,215.77,215.97,215.72,215.86,10233
2015-04-02 14:30:00,215.85,215.93,215.72,215.86,16885
2015-04-02 14:45:00,215.81,215.9,215.46,215.46,13344
2015-04-02 15:00:00,215.22,215.35,215.18,215.35,6413
2015-04-02 15:15:00,215.3,215.82,215.3,215.47,12827
2015-04-02 15:30:00,215.51,215.72,215.31,215.53,9257
2015-04-02 15:45:00,215.6,215.98,215.6,215.67,17205
2015-04-02 16:00:00,215.62,216.14,215.56,215.58,28143
2015-04-06 09:45:00,213.28,216.0,212.81,215.82,30468
2015-04-06 10:00:00,215.93,216.35,215.41,216.35,10921
2015-04-06 10:15:00,216.35,216.7,216.1976,216.32,10540
2015-04-06 10:30:00,216.42,217.72,216.42,217.71,8340
2015-04-06 10:45:00,217.86,218.3,217.46,217.695,12018
2015-04-06 11:00:00,217.79,217.79,217.22,217.41,11608
2015-04-06 11:15:00,217.34,217.6,216.92,217.01,8676
2015-04-06 11:30:00,216.93,217.06,216.79,216.98,9260
2015-04-06 11:45:00,216.96,217.07,216.765,216.8701,5609
2015-04-06 12:00:00,216.87,217.05,216.79,216.9,8335
2015-04-06 12:15:00,217.05,217.22,217.05,217.1,4691
2015-04-06 12:30:00,217.15,217.5,217.07,217.4,5159
2015-04-06 12:45:00,217.4,217.46,217.055,217.18,4400
2015-04-06 13:00:00,217.06,217.11,216.65,217.02,22909
2015-04-06 13:15:00,217.09,217.4,217.08,217.2,4900
2015-04-06 13:30:00,217.04,217.25,216.92,217.14,4526
2015-04-06 13:45:00,217.16,217.26,216.636,216.636,6600
2015-04-06 14:00:00,216.58,216.9,216.39,216.46,12164
2015-04-06 14:15:00,216.39,216.48,216.12,216.33,14553
2015-04-06 14:30:00,216.46,216.85,216.32,216.77,10988
2015-04-06 14:45:00,216.81,216.93,216.71,216.81,7506
2015-04-06 15:00:00,216.76,216.76,216.51,216.66,6000
2015-04-06 15:15:00,216.6734,216.7,216.35,216.62,17498
2015-04-06 15:30:00,216.69,216.72,216.5,216.59,10459
2015-04-06 15:45:00,216.61,216.87,216.61,216.84,11224
2015-04-06 16:00:00,216.82,216.82,216.07,216.15,50353
2015-04-07 09:45:00,216.47,217.77,215.67,217.04,14201
2015-04-07 10:00:00,216.86,217.2499,216.3,216.35,9090
2015-04-07 10:15:00,216.55,216.73,216.0,216.61,8197
2015-04-07 10:30:00,216.47,216.9,216.37,216.605,9081
2015-04-07 10:45:00,216.72,216.98,216.35,216.51,9782
2015-04-07 11:00:00,216.46,216.84,215.72,215.72,10282
2015-04-07 11:15:00,215.79,216.275,215.79,216.16,7915
2015-04-07 11:30:00,216.11,216.12,215.595,216.06,8373
2015-04-07 11:45:00,216.06,216.44,215.98,216.39,9100
2015-04-07 12:00:00,216.35,216.71,216.29,216.46,12220
2015-04-07 12:15:00,216.43,216.57,216.34,216.57,5650
2015-04-07 12:30:00,216.51,216.94,216.44,216.94,3200
2015-04-07 12:45:00,216.9,216.99,216.69,216.715,3388
2015-04-07 13:00:00,216.66,216.7,216.56,216.64,2515
2015-04-07 13:15:00,216.64,217.0,216.54,216.97,14602
2015-04-07 13:30:00,216.99,217.48,216.99,217.385,5142
2015-04-07 13:45:00,217.29,217.47,217.27,217.42,3421
2015-04-07 14:00:00,217.31,217.36,217.09,217.28,4954
2015-04-07 14:15:00,217.14,217.46,217.08,217.31,4118
2015-04-07 14:30:00,217.399,217.4,216.9539,216.9539,6728
2015-04-07 14:45:00,217.0,217.13,216.95,216.95,8055
2015-04-07 15:00:00,217.0,217.3,216.98,217.0,14491
2015-04-07 15:15:00,217.05,217.14,216.9315,217.13,8764
2015-04-07 15:30:00,217.04,217.11,216.94,216.98,23132
2015-04-07 15:45:00,217.0,217.07,216.48,216.61,12369
2015-04-07 16:00:00,216.73,216.77,216.05,216.12,18332
2015-04-08 09:45:00,216.54,217.19,216.03,216.68,27166
2015-04-08 10:00:00,216.84,217.02,216.505,216.66,25191
2015-04-08 10:15:00,216.7,216.7,216.24,216.39,15579
2015-04-08 10:30:00,216.43,216.48,215.83,215.889,14486
2015-04-08 10:45:00,215.805,216.08,215.1,215.22,8100
2015-04-08 11:00:00,215.22,215.705,215.22,215.62,7500
2015-04-08 11:15:00,215.63,216.09,215.37,216.06,19809
2015-04-08 11:30:00,216.125,216.813,216.125,216.53,25308
2015-04-08 11:45:00,216.56,217.0,216.53,217.0,9185
2015-04-08 12:00:00,217.05,217.28,216.95,217.0,11582
2015-04-08 12:15:00,217.0,217.13,216.59,216.59,6748
2015-04-08 12:30:00,216.67,216.67,216.25,216.44,7763
2015-04-08 12:45:00,216.42,216.47,216.19,216.33,4538
2015-04-08 13:00:00,216.28,216.61,216.26,216.47,4300
2015-04-08 13:15:00,216.56,216.69,216.33,216.37,9215
2015-04-08 13:30:00,216.36,216.81,216.26,216.7921,12148
2015-04-08 13:45:00,216.66,216.88,216.62,216.6375,6100
2015-04-08 14:00:00,216.67,216.96,216.62,216.62,22313
2015-04-08 14:15:00,216.571,216.88,215.84,216.88,9429
2015-04-08 14:30:00,216.89,217.25,216.805,216.93,14851
2015-04-08 14:45:00,217.08,217.46,216.81,217.36,28995
2015-04-08 15:00:00,217.4,217.84,217.2613,217.48,8226
2015-04-08 15:15:00,217.52,217.885,217.265,217.3,29220
2015-04-08 15:30:00,217.35,218.02,217.35,217.94,17501
2015-04-08 15:45:00,217.84,217.89,217.62,217.73,15785
2015-04-08 16:00:00,217.81,218.14,217.54,218.14,51744
2015-04-09 09:45:00,217.28,222.935,217.28,217.89,15045
2015-04-09 10:00:00,217.49,218.01,217.3375,217.72,10625
2015-04-09 10:15:00,217.82,217.915,217.15,217.68,13178
2015-04-09 10:30:00,217.59,217.645,217.31,217.58,5300
2015-04-09 10:45:00,217.615,217.89,217.43,217.58,9255
2015-04-09 11:00:00,217.49,217.6562,217.3,217.6,34209
2015-04-09 11:15:00,217.63,217.69,217.32,217.6,42960
2015-04-09 11:30:00,217.51,217.51,216.47,216.85,24400
2015-04-09 11:45:00,216.84,217.23,216.77,217.11,3915
2015-04-09 12:00:00,217.28,217.445,217.2,217.2,3300
2015-04-09 12:15:00,217.2,217.22,217.01,217.12,4300
2015-04-09 12:30:00,217.415,217.75,217.38,217.7199,3700
2015-04-09 12:45:00,217.71,217.71,217.38,217.6,3116
2015-04-09 13:00:00,217.6,217.68,217.4594,217.4594,5677
2015-04-09 13:15:00,217.58,217.58,217.31,217.36,3987
2015-04-09 13:30:00,217.36,217.57,217.36,217.52,3475
2015-04-09 13:45:00,217.42,217.5,217.21,217.32,51283
2015-04-09 14:00:00,217.46,217.67,217.4,217.5067,3902
2015-04-09 14:15:00,217.61,217.65,217.4675,217.54,2956
2015-04-09 14:30:00,217.53,217.5799,217.19,217.4,4853
2015-04-09 14:45:00,217.38,217.63,217.19,217.55,3566
2015-04-09 15:00:00,217.55,217.68,217.37,217.68,3528
2015-04-09 15:15:00,217.71,218.575,217.71,218.54,9322
2015-04-09 15:30:00,218.43,218.62,218.25,218.52,7879
2015-04-09 15:45:00,218.57,218.57,218.21,218.37,9954
2015-04-09 16:00:00,218.32,218.64,218.24,218.53,23323
2015-04-10 09:45:00,219.29,219.51,218.07,218.07,21602
2015-04-10 10:00:00,218.07,219.49,218.07,219.29,9515
2015-04-10 10:15:00,219.36,219.36,218.95,219.275,11076
2015-04-10 10:30:00,219.23,219.52,219.11,219.52,6849
2015-04-10 10:45:00,219.52,219.68,219.12,219.29,12412
2015-04-10 11:00:00,219.3,219.58,219.17,219.58,9129
2015-04-10 11:15:00,219.58,220.0,219.57,219.9,7779
2015-04-10 11:30:00,219.89,220.03,219.83,220.03,5765
2015-04-10 11:45:00,220.04,220.14,219.89,220.14,5424
2015-04-10 12:00:00,220.14,220.207,219.9,219.9,6650
2015-04-10 12:15:00,219.92,220.09,219.88,220.04,3720
2015-04-10 12:30:00,219.99,220.24,219.95,220.03,6927
2015-04-10 12:45:00,220.1,220.25,220.025,220.25,2527
2015-04-10 13:00:00,220.32,220.42,220.17,220.34,6015
2015-04-10 13:15:00,220.335,220.38,220.12,220.12,6986
2015-04-10 13:30:00,220.07,220.16,220.01,220.12,5764
2015-04-10 13:45:00,220.18,220.275,220.15,220.19,4000
2015-04-10 14:00:00,220.1,220.33,220.1,220.21,7071
2015-04-10 14:15:00,220.12,220.4,220.12,220.4,9144
2015-04-10 14:30:00,220.4,220.46,220.26,220.37,5668
2015-04-10 14:45:00,220.35,220.5,220.265,220.38,6024
2015-04-10 15:00:00,220.275,220.52,220.04,220.3792,6452
2015-04-10 15:15:00,220.32,220.32,219.98,219.98,9311
2015-04-10 15:30:00,219.98,220.0,219.7,219.93,8702
2015-04-10 15:45:00,219.93,220.1,219.9,219.97,10808
2015-04-10 16:00:00,219.96,220.04,219.81,220.04,24546
2015-04-13 09:45:00,220.39,220.67,219.02,220.67,12969
2015-04-13 10:00:00,220.69,220.69,219.69,219.768,6449
2015-04-13 10:15:00,219.765,219.8,219.1,219.11,17334
2015-04-13 10:30:00,219.14,219.765,219.14,219.6,8569
2015-04-13 10:45:00,219.59,219.71,219.52,219.71,7760
2015-04-13 11:00:00,219.71,219.71,219.3,219.38,10094
2015-04-13 11:15:00,219.4,219.87,219.33,219.74,23687
2015-04-13 11:30:00,219.755,219.77,219.5,219.5432,6262
2015-04-13 11:45:00,219.54,219.61,219.32,219.32,9422
2015-04-13 12:00:00,219.32,219.32,218.85,219.13,10936
2015-04-13 12:15:00,219.18,219.36,219.0,219.24,10346
2015-04-13 12:30:00,219.35,219.42,219.16,219.4,22306
2015-04-13 12:45:00,219.37,219.37,219.08,219.17,2601
2015-04-13 13:00:00,219.12,219.16,218.85,218.99,13096
2015-04-13 13:15:00,218.99,218.99,218.5,218.7321,7524
2015-04-13 13:30:00,218.65,218.76,217.95,217.95,11988
2015-04-13 13:45:00,218.11,218.43,218.11,218.31,8092
2015-04-13 14:00:00,218.28,218.93,218.19,218.745,14332
2015-04-13 14:15:00,218.81,219.05,218.68,218.78,3831
2015-04-13 14:30:00,218.74,218.91,218.57,218.85,13715
2015-04-13 14:45:00,218.9,219.01,218.74,219.01,5202
2015-04-13 15:00:00,219.01,219.01,218.5,218.5701,5858
2015-04-13 15:15:00,218.65,218.9,218.423,218.7,7299
2015-04-13 15:30:00,218.64,218.77,218.355,218.56,16677
2015-04-13 15:45:00,218.55,218.74,218.4399,218.53,8098
2015-04-13 16:00:00,218.49,218.49,218.03,218.22,17735
2015-04-14 09:45:00,218.35,219.13,218.35,218.35,13235
2015-04-14 10:00:00,218.41,218.46,217.21,217.3,28530
2015-04-14 10:15:00,217.29,217.97,217.032,217.88,10960
2015-04-14 10:30:00,218.03,218.03,217.74,217.92,4989
2015-04-14 10:45:00,218.05,218.05,217.55,217.8,6302
2015-04-14 11:00:00,217.8,218.29,217.8,218.2,9643
2015-04-14 11:15:00,218.18,218.84,217.96,218.82,26071
2015-04-14 11:30:00,218.92,218.92,218.15,218.39,12525
2015-04-14 11:45:00,218.36,218.6,217.91,218.06,11992
2015-04-14 12:00:00,218.03,218.41,217.94,218.33,4626
2015-04-14 12:15:00,218.18,218.27,218.04,218.22,5953
2015-04-14 12:30:00,218.02,218.32,218.02,218.32,3100
2015-04-14 12:45:00,218.4,218.93,218.4,218.5805,7599
2015-04-14 13:00:00,218.58,218.58,217.95,217.99,13103
2015-04-14 13:15:00,217.96,218.0,217.69,217.69,3000
2015-04-14 13:30:00,217.69,218.1,217.62099999999998,218.07,2850
2015-04-14 13:45:00,218.16,218.205,217.79,217.91,11222
2015-04-14 14:00:00,218.0083,218.03,217.72,217.72,3970
2015-04-14 14:15:00,217.73,217.92,217.67,217.87,2500
2015-04-14 14:30:00,218.0,218.16,217.89,217.89,9022
2015-04-14 14:45:00,217.9101,217.93,217.22,217.23,7420
2015-04-14 15:00:00,217.29,217.55,217.195,217.51,7104
2015-04-14 15:15:00,217.51,217.6919,217.4,217.57,10375
2015-04-14 15:30:00,217.55,217.595,217.14,217.16,10334
2015-04-14 15:45:00,217.22,217.46,217.21,217.27,11232
2015-04-14 16:00:00,217.25,217.31,216.92,217.08,41624
2015-04-15 09:45:00,217.25,218.375,217.25,217.59,17513
2015-04-15 10:00:00,217.77,217.78,216.77,217.095,25440
2015-04-15 10:15:00,217.03,217.33,216.86,216.86,11900
2015-04-15 10:30:00,216.89,217.28,216.75,217.12,16614
2015-04-15 10:45:00,217.18,217.18,216.97,217.18,7432
2015-04-15 11:00:00,217.18,217.31,217.03,217.25,9397
2015-04-15 11:15:00,217.22,217.25,217.01,217.1,9800
2015-04-15 11:30:00,217.1101,217.18,216.31,216.49,33189
2015-04-15 11:45:00,216.37,216.395,215.53,215.7,10644
2015-04-15 12:00:00,215.72,216.5,215.72,216.305,7300
2015-04-15 12:15:00,216.34,216.48,216.15,216.27,6569
2015-04-15 12:30:00,216.27,216.34,215.98,215.98,7860
2015-04-15 12:45:00,215.98,216.19,215.71,216.14,4390
2015-04-15 13:00:00,216.18,216.21,215.89,215.955,11396
2015-04-15 13:15:00,215.98,216.26,215.92,216.26,9571
2015-04-15 13:30:00,216.31,216.59,216.14,216.59,5508
2015-04-15 13:45:00,216.671,216.671,216.1,216.25,11585
2015-04-15 14:00:00,216.25,216.42,216.05,216.4,11440
2015-04-15 14:15:00,216.38,216.4,216.15,216.25,6338
2015-04-15 14:30:00,216.3,216.54,216.04,216.28,15420
2015-04-15 14:45:00,216.28,216.29,215.805,216.19,9544
2015-04-15 15:00:00,216.22,216.25,215.94,215.94,15916
2015-04-15 15:15:00,215.93,216.1,215.76,216.03,19484
2015-04-15 15:30:00,215.99,216.32,215.975,216.3,12528
2015-04-15 15:45:00,216.3,216.3,215.92,215.92,22055
2015-04-15 16:00:00,215.97,216.23,215.84,215.9,34919
2015-04-16 09:45:00,216.06,216.57,215.15,215.26,24440
2015-04-16 10:00:00,215.25,215.81,215.19,215.48,19922
2015-04-16 10:15:00,215.46,215.99,215.36,215.39,18231
2015-04-16 10:30:00,215.33,215.5925,215.23,215.3,4400
2015-04-16 10:45:00,215.24,215.658,215.06,215.658,6700
2015-04-16 11:00:00,215.64,216.12,215.64,215.71,8404
2015-04-16 11:15:00,215.705,215.82,215.5,215.71,16309
2015-04-16 11:30:00,215.72,215.88,215.61,215.61,8826
2015-04-16 11:45:00,215.57,215.79,215.2025,215.39,18663
2015-04-16 12:00:00,215.4206,215.53,215.2131,215.49,12580
2015-04-16 12:15:00,215.47,215.67,215.32,215.57,6490
2015-04-16 12:30:00,215.35,215.365,215.02,215.1701,8751
2015-04-16 12:45:00,215.14,215.3,215.12,215.25,7035
2015-04-16 13:00:00,215.25900000000001,215.2601,214.82,214.97,32077
2015-04-16 13:15:00,214.99,215.06,214.66,214.89,14636
2015-04-16 13:30:00,214.86,214.95,214.5,214.71,22916
2015-04-16 13:45:00,214.62,215.05,214.585,214.84,11574
2015-04-16 14:00:00,214.93,215.31,214.83,215.26,10936
2015-04-16 14:15:00,215.3299,215.54,215.208,215.33,16884
2015-04-16 14:30:00,215.25,215.75,215.25,215.58,7820
2015-04-16 14:45:00,215.65,215.73,215.41,215.73,15358
2015-04-16 15:00:00,215.66,215.82,215.41,215.41,9118
2015-04-16 15:15:00,215.45,215.93,215.44,215.5601,34888
2015-04-16 15:30:00,215.6,215.76,215.5,215.57,15973
2015-04-16 15:45:00,215.56,215.71,215.15,215.4,37302
2015-04-16 16:00:00,215.45,215.45,214.9,215.4,64042
2015-04-17 09:45:00,214.08,215.69,212.7,212.7006,77253
2015-04-17 10:00:00,212.7,214.27,212.15,213.69,18603
2015-04-17 10:15:00,213.65,213.72,212.2,212.47,17976
2015-04-17 10:30:00,212.29,212.96,212.29,212.83,12465
2015-04-17 10:45:00,212.855,213.35,212.56,212.76,8814
2015-04-17 11:00:00,212.8,212.95,212.57,212.64,6335
2015-04-17 11:15:00,212.51,212.99,212.32,212.94,19034
2015-04-17 11:30:00,212.87,213.37,212.757,213.11900000000003,9800
2015-04-17 11:45:00,213.02,213.23,212.95,213.17,9100
2015-04-17 12:00:00,213.1,213.85,213.05,213.74,5855
2015-04-17 12:15:00,213.76,214.25,213.63,214.2,4152
2015-04-17 12:30:00,214.21,214.28,213.84,213.99,4536
2015-04-17 12:45:00,213.99,214.19,213.82,213.99,4346
2015-04-17 13:00:00,213.95,214.28,213.82,214.25,6252
2015-04-17 13:15:00,214.23,214.57,214.21,214.51,9565
2015-04-17 13:30:00,214.52,214.84,214.415,214.77,5132
2015-04-17 13:45:00,214.77,214.77,214.18,214.2427,20119
2015-04-17 14:00:00,214.1,214.45,213.82,214.04,11300
2015-04-17 14:15:00,214.02,214.09,213.42,213.46,7400
2015-04-17 14:30:00,213.53,213.85,213.14,213.63,9768
2015-04-17 14:45:00,213.61,213.62,213.19,213.46,4965
2015-04-17 15:00:00,213.44,213.45,213.07,213.15,10220
2015-04-17 15:15:00,213.14,213.915,213.14,213.838,14062
2015-04-17 15:30:00,213.83,213.96,213.38,213.84,10100
2015-04-17 15:45:00,213.93,214.46,213.88,214.3,14899
2015-04-17 16:00:00,214.27,214.33,213.94,214.1,27936
2015-04-20 09:45:00,215.66,215.81,214.34,215.6,15910
2015-04-20 10:00:00,215.8,217.25,215.8,217.02,27838
2015-04-20 10:15:00,216.86,216.99,216.4,216.59,9426
2015-04-20 10:30:00,216.69,217.06,216.64,216.64,10282
2015-04-20 10:45:00,216.72,216.8536,216.31,216.36,15141
2015-04-20 11:00:00,216.34,217.47,216.34,217.03,28149
2015-04-20 11:15:00,217.13,217.57,217.13,217.57,17184
2015-04-20 11:30:00,217.6,218.11,217.49,217.61,20964
2015-04-20 11:45:00,217.6,217.65,217.16,217.23,8430
2015-04-20 12:00:00,217.25,217.5091,217.0305,217.5,32500
2015-04-20 12:15:00,217.53,217.53,216.94,216.94,9347
2015-04-20 12:30:00,216.89,217.02,216.64,216.64,7629
2015-04-20 12:45:00,216.65,217.02,216.63,216.69,5461
2015-04-20 13:00:00,216.6238,216.78,216.44,216.54,15287
2015-04-20 13:15:00,216.56,216.63,216.185,216.54,13080
2015-04-20 13:30:00,216.56,216.85,216.395,216.77,7200
2015-04-20 13:45:00,216.84,217.16,216.64,217.06,3805
2015-04-20 14:00:00,217.06,217.18,216.83,216.895,14396
2015-04-20 14:15:00,216.89,217.19,216.87,217.07,11532
2015-04-20 14:30:00,217.13,217.29,217.0101,217.17700000000002,11474
2015-04-20 14:45:00,217.17,217.57,217.1288,217.57,17941
2015-04-20 15:00:00,217.58,217.6,217.285,217.35,10312
2015-04-20 15:15:00,217.34,217.43,217.19,217.2199,25751
2015-04-20 15:30:00,217.205,217.33,217.07,217.17,11613
2015-04-20 15:45:00,217.195,217.26,216.77,216.9,17050
2015-04-20 16:00:00,216.84,217.25,216.76,217.2,63143
2015-04-21 09:45:00,218.72,219.9199,218.01,218.31,35246
2015-04-21 10:00:00,218.38,218.8,217.2,217.2,19459
2015-04-21 10:15:00,217.085,217.72,216.74,216.92,21989
2015-04-21 10:30:00,216.88,217.41,216.65,217.22,8800
2015-04-21 10:45:00,217.02,217.18,216.72,216.94,6412
2015-04-21 11:00:00,216.99,217.49,216.86,217.18,7757
2015-04-21 11:15:00,217.1512,217.38,216.97,217.14,5850
2015-04-21 11:30:00,217.04,217.24,216.49,216.49,16754
2015-04-21 11:45:00,216.43,217.27,216.43,216.865,17245
2015-04-21 12:00:00,216.86,216.95,216.49,216.6,12746
2015-04-21 12:15:00,216.595,216.67,216.435,216.57,8510
2015-04-21 12:30:00,216.5253,216.5253,216.135,216.2,12025
2015-04-21 12:45:00,216.3599,216.39,216.2001,216.29,6495
2015-04-21 13:00:00,216.29,216.85,216.24,216.81,14458
2015-04-21 13:15:00,216.77,217.52,216.68,217.3652,17195
2015-04-21 13:30:00,217.4,217.66,217.31,217.58,3800
2015-04-21 13:45:00,217.58,217.59,217.17,217.45,6900
2015-04-21 14:00:00,217.51,217.54,217.01,217.0205,16058
2015-04-21 14:15:00,217.04,217.04,216.57,216.605,16157
2015-04-21 14:30:00,216.66,217.23,216.66,217.15,10609
2015-04-21 14:45:00,217.23,217.51,217.19,217.22,19033
2015-04-21 15:00:00,217.2,217.45,217.11,217.17,10812
2015-04-21 15:15:00,217.21,217.41,217.2,217.29,8303
2015-04-21 15:30:00,217.3,217.525,217.18,217.34,11180
2015-04-21 15:45:00,217.29,217.3,216.86,216.86,21020
2015-04-21 16:00:00,216.86,217.1,216.63,217.07,44016
2015-04-22 09:45:00,217.07,217.1897,215.028,215.24,25005
2015-04-22 10:00:00,215.435,216.1,214.59,215.61,27856
2015-04-22 10:15:00,215.745,215.98,215.26,215.485,19941
2015-04-22 10:30:00,215.495,215.57,214.86,214.865,15450
2015-04-22 10:45:00,215.025,215.1,214.19,214.85,20215
2015-04-22 11:00:00,214.74,215.14,214.3,214.77,15685
2015-04-22 11:15:00,214.83,215.29,214.77,214.8037,15624
2015-04-22 11:30:00,214.79,215.14,214.26,214.43,13305
2015-04-22 11:45:00,214.43,215.13,214.365,214.81,15200
2015-04-22 12:00:00,214.97,215.46,214.77,215.38,9285
2015-04-22 12:15:00,215.3,215.36,214.66,214.86,8880
2015-04-22 12:30:00,214.8591,216.2,214.8591,215.65,26310
2015-04-22 12:45:00,215.78,216.25,215.51,215.5801,26435
2015-04-22 13:00:00,215.5223,216.45,215.5223,216.0,7220
2015-04-22 13:15:00,215.93,216.29,215.62,215.99,15864
2015-04-22 13:30:00,215.945,216.31,215.945,216.21,7600
2015-04-22 13:45:00,216.1301,216.6299,216.018,216.24,11746
2015-04-22 14:00:00,216.22,216.44,215.64,216.43,11325
2015-04-22 14:15:00,216.4,216.64,216.26,216.49,12764
2015-04-22 14:30:00,216.51,217.24,216.51,216.73,25082
2015-04-22 14:45:00,216.77,217.2099,216.76,217.0,20104
2015-04-22 15:00:00,217.0,217.36,216.49,216.935,60320
2015-04-22 15:15:00,216.9899,217.22,216.77,217.05,18810
2015-04-22 15:30:00,217.0,217.19,216.91,217.002,21882
2015-04-22 15:45:00,217.07,217.095,216.37,216.67,31413
2015-04-22 16:00:00,216.67,217.29,216.53,216.59,80390
2015-04-23 09:45:00,225.0,229.14,224.0,227.98,162683
2015-04-23 10:00:00,227.7567,230.43,226.94,229.47,83156
2015-04-23 10:15:00,229.63,230.56,228.055,228.16099999999997,80479
2015-04-23 10:30:00,228.305,228.89,227.365,227.97,43556
2015-04-23 10:45:00,227.96,228.7,227.5,228.5,32953
2015-04-23 11:00:00,228.63,228.74,227.59,228.0,24234
2015-04-23 11:15:00,227.91,228.5899,227.8,228.27,23883
2015-04-23 11:30:00,228.405,229.58,228.4,229.14,40897
2015-04-23 11:45:00,229.09,230.15,228.45,229.08,34816
2015-04-23 12:00:00,229.07,229.93,229.0505,229.5,28966
2015-04-23 12:15:00,229.55,229.55,228.77,229.005,20450
2015-04-23 12:30:00,229.02,229.39,228.92,229.04,17998
2015-04-23 12:45:00,229.05,229.05,228.08,228.94,20117
2015-04-23 13:00:00,228.95,229.29,228.2065,228.63,22287
2015-04-23 13:15:00,228.65,228.79,227.56,228.095,14093
2015-04-23 13:30:00,228.12,228.24,227.67,227.67,17091
2015-04-23 13:45:00,227.595,227.595,227.1,227.45,23607
2015-04-23 14:00:00,227.48,228.16,227.4596,227.77,20612
2015-04-23 14:15:00,227.76,229.5,227.75,228.94,25625
2015-04-23 14:30:00,228.95,229.46,228.64,229.12,32933
2015-04-23 14:45:00,229.12,229.255,228.5,228.65,22550
2015-04-23 15:00:00,228.55,229.72,228.44,229.6,25413
2015-04-23 15:15:00,229.64,230.0,229.44,229.715,36358
2015-04-23 15:30:00,229.69,229.89,229.15,229.74,40059
2015-04-23 15:45:00,229.77,230.77,229.76,229.94,58800
2015-04-23 16:00:00,229.9,229.99,227.88,228.3,156150
2015-04-24 09:45:00,228.05,229.41,227.38,227.52,59738
2015-04-24 10:00:00,227.42,228.2,227.09,227.76,23606
2015-04-24 10:15:00,227.86,228.7,227.59,228.53,22112
2015-04-24 10:30:00,228.51,228.7,228.11,228.53,27743
2015-04-24 10:45:00,228.48,228.645,228.09,228.19,11925
2015-04-24 11:00:00,228.1928,228.59,227.9,228.53,15325
2015-04-24 11:15:00,228.48,228.95,228.47,228.95,16451
2015-04-24 11:30:00,228.95,228.95,228.23,228.46,12971
2015-04-24 11:45:00,228.47,229.14,228.38,229.04,18411
2015-04-24 12:00:00,229.14,229.14,228.69,228.74,8204
2015-04-24 12:15:00,228.79,228.98,228.57,228.57,10705
2015-04-24 12:30:00,228.57,228.91,228.44,228.74,9382
2015-04-24 12:45:00,228.71,228.7977,228.6,228.68,8430
2015-04-24 13:00:00,228.64,228.64,228.12,228.24,12971
2015-04-24 13:15:00,228.23,228.468,227.94,228.09,11844
2015-04-24 13:30:00,228.07,228.7,228.03,228.7,9469
2015-04-24 13:45:00,228.66,229.02,228.52,229.02,8325
2015-04-24 14:00:00,228.94,229.28,228.91,229.16,11976
2015-04-24 14:15:00,229.13,229.33,228.68,229.32,24480
2015-04-24 14:30:00,229.31,229.6,229.11,229.43,16917
2015-04-24 14:45:00,229.38,229.38,228.75,229.205,13661
2015-04-24 15:00:00,229.1,229.36,228.83,228.98,25512
2015-04-24 15:15:00,229.06,229.76,228.84,229.75,35625
2015-04-24 15:30:00,229.74,229.7999,229.45,229.71,17714
2015-04-24 15:45:00,229.7,229.7,229.34,229.34,37974
2015-04-24 16:00:00,229.38,229.59,229.31,229.38,50881
2015-04-27 09:45:00,229.99,230.0,228.77,229.32,25537
2015-04-27 10:00:00,229.235,229.36,228.601,229.24,11955
2015-04-27 10:15:00,229.25,229.38,228.57,229.25,14958
2015-04-27 10:30:00,229.25,229.93,229.24,229.38,15307
2015-04-27 10:45:00,229.35,229.38,228.87,229.05,11627
2015-04-27 11:00:00,229.06,229.06,228.005,228.28,17059
2015-04-27 11:15:00,228.27,228.275,227.55,227.55,10450
2015-04-27 11:30:00,227.73,228.02,227.64,228.02,7700
2015-04-27 11:45:00,228.03,228.23,227.95,228.05,9824
2015-04-27 12:00:00,228.01,228.02,227.1408,227.55,11162
2015-04-27 12:15:00,227.62,227.68,226.73,226.73,9065
2015-04-27 12:30:00,226.76,226.81,226.03,226.52,16409
2015-04-27 12:45:00,226.41,226.6,226.19,226.38,9479
2015-04-27 13:00:00,226.405,226.435,225.63,225.8525,14038
2015-04-27 13:15:00,225.99,226.65,225.9075,225.96,9368
2015-04-27 13:30:00,225.96,226.1,225.72,225.97,7660
2015-04-27 13:45:00,226.015,226.5,225.81,226.13,8214
2015-04-27 14:00:00,226.14,226.26,225.785,226.085,11309
2015-04-27 14:15:00,226.095,226.2,225.89,225.9,5000
2015-04-27 14:30:00,225.99,226.26,225.93,226.0,8588
2015-04-27 14:45:00,226.03,226.06,225.41,225.6175,8276
2015-04-27 15:00:00,225.62,225.99,225.57,225.875,16166
2015-04-27 15:15:00,225.88,226.18,225.88,225.99,10596
2015-04-27 15:30:00,225.93,226.07,225.21,225.21,22436
2015-04-27 15:45:00,225.22,225.35,225.08,225.34,17391
2015-04-27 16:00:00,225.32,225.32,224.82,225.13,46097
2015-04-28 09:45:00,225.2,225.93,224.41,224.9925,24661
2015-04-28 10:00:00,225.04,225.985,224.65,225.23,19107
2015-04-28 10:15:00,224.92,224.97,223.55,223.85,40234
2015-04-28 10:30:00,223.92,225.37,223.73,225.02,15499
2015-04-28 10:45:00,225.06,225.53,225.06,225.36,13208
2015-04-28 11:00:00,225.42,226.085,225.28,225.65,27240
2015-04-28 11:15:00,225.715,226.56,225.7,226.19,20032
2015-04-28 11:30:00,226.21,226.21,225.47,225.47,18488
2015-04-28 11:45:00,225.44,225.97,225.2,225.77,23214
2015-04-28 12:00:00,225.77,226.25,225.7,226.01,31310
2015-04-28 12:15:00,226.02,226.19,225.96,226.05,11809
2015-04-28 12:30:00,226.14,226.16,225.51,225.72,7993
2015-04-28 12:45:00,225.72,225.73,225.31,225.455,8330
2015-04-28 13:00:00,225.4,225.76,225.394,225.56,6200
2015-04-28 13:15:00,225.555,225.95,225.47,225.95,17578
2015-04-28 13:30:00,225.94,226.15,225.75,225.935,32535
2015-04-28 13:45:00,225.892,226.23,225.892,226.17,12262
2015-04-28 14:00:00,226.17,226.21,225.9,226.0,36308
2015-04-28 14:15:00,226.0,226.15,225.9,226.04,26856
2015-04-28 14:30:00,226.1,226.21,225.8,225.94,19004
2015-04-28 14:45:00,225.96,226.11,225.8,225.99,10618
2015-04-28 15:00:00,226.06,226.15,225.93,225.93,23250
2015-04-28 15:15:00,225.93,225.93,225.31,225.36,10692
2015-04-28 15:30:00,225.4,225.42,225.1,225.335,23357
2015-04-28 15:45:00,225.4,225.68,225.32,225.65,18832
2015-04-28 16:00:00,225.59,226.4,225.58,226.29,65893
2015-04-29 09:45:00,225.46,225.8,223.8201,224.85,30612
2015-04-29 10:00:00,224.8237,225.67,224.06,224.31,45719
2015-04-29 10:15:00,224.26,224.45,223.73,224.3,12066
2015-04-29 10:30:00,224.3,224.48,224.01,224.16,8059
2015-04-29 10:45:00,224.11,224.36,223.92,224.2699,8435
2015-04-29 11:00:00,223.95,223.95,223.41,223.525,15414
2015-04-29 11:15:00,223.54,224.1,223.38,223.4,16327
2015-04-29 11:30:00,223.34,223.51,222.38,222.38,11507
2015-04-29 11:45:00,222.31,222.5,221.92,222.3,13802
2015-04-29 12:00:00,222.31,222.47,222.2,222.315,11414
2015-04-29 12:15:00,222.285,222.3999,221.33,221.51,10409
2015-04-29 12:30:00,221.47,221.7,221.13,221.7,15252
2015-04-29 12:45:00,221.7,221.7,221.03,221.4,10106
2015-04-29 13:00:00,221.37,221.43,221.12,221.39,4100
2015-04-29 13:15:00,221.4,221.4,221.0,221.16,14518
2015-04-29 13:30:00,221.24,221.38,220.93,221.11,27606
2015-04-29 13:45:00,221.09,221.22,220.74,220.84,42891
2015-04-29 14:00:00,220.86,221.3,220.83,221.04,28503
2015-04-29 14:15:00,221.12,221.82,220.57,220.84,30248
2015-04-29 14:30:00,220.86,221.7,220.83,221.69,11268
2015-04-29 14:45:00,221.66,222.18,221.43,221.86,23257
2015-04-29 15:00:00,221.87,221.99,221.15,221.23,14923
2015-04-29 15:15:00,221.38,221.63,220.92,221.23,23206
2015-04-29 15:30:00,221.24,221.32,220.87,221.26,13458
2015-04-29 15:45:00,221.171,222.0,221.07,221.08,20408
2015-04-29 16:00:00,221.14,221.28,220.79,220.9,39317
2015-04-30 09:45:00,220.87,222.86,220.72,221.86,27128
2015-04-30 10:00:00,221.57,222.01,220.05,220.2,43915
2015-04-30 10:15:00,220.02,220.81,219.66,220.34,17544
2015-04-30 10:30:00,220.24,220.55,219.71,220.5,9422
2015-04-30 10:45:00,220.425,220.7699,220.11,220.37,6456
2015-04-30 11:00:00,220.29,220.83,220.14,220.65,8050
2015-04-30 11:15:00,220.49,221.89,220.49,221.65,19183
2015-04-30 11:30:00,221.7,221.86,221.02,221.28,11336
2015-04-30 11:45:00,221.32,221.41,220.38,220.42,11630
2015-04-30 12:00:00,220.39,220.5,220.0,220.13,9301
2015-04-30 12:15:00,220.06,220.14,219.42,219.62,9256
2015-04-30 12:30:00,219.69,220.08,219.58,219.66,5400
2015-04-30 12:45:00,219.55,219.92,219.54,219.67,6960
2015-04-30 13:00:00,219.59,219.89,219.269,219.795,7850
2015-04-30 13:15:00,220.02,220.31,219.89,220.15,6807
2015-04-30 13:30:00,220.15,220.15,219.5,219.76,19841
2015-04-30 13:45:00,219.61,219.8,219.56,219.71,5029
2015-04-30 14:00:00,219.61,219.66,219.31,219.41,16112
2015-04-30 14:15:00,219.48,219.64,219.1385,219.63,10771
2015-04-30 14:30:00,219.56,219.64,218.87,218.95,13447
2015-04-30 14:45:00,218.89,218.96,218.3564,218.5,21370
2015-04-30 15:00:00,218.5,218.61,217.83,217.83,10593
2015-04-30 15:15:00,217.89,217.89,216.86,217.47,20813
2015-04-30 15:30:00,217.49,217.73,216.75,216.94,21354
2015-04-30 15:45:00,216.91,217.6,216.72,217.2,30141
2015-04-30 16:00:00,217.29,217.81,217.14,217.81,58072
2015-05-01 09:45:00,219.0,220.56,218.21,220.56,31205
2015-05-01 10:00:00,220.17,220.82,219.41,219.98,29735
2015-05-01 10:15:00,219.02,220.22,219.02,220.22,15225
2015-05-01 10:30:00,220.31,220.62,219.93,220.1,21182
2015-05-01 10:45:00,220.11,220.27,219.13,219.54,33755
2015-05-01 11:00:00,219.51,220.8,219.35,220.51,18197
2015-05-01 11:15:00,220.395,220.76,220.13,220.51,10600
2015-05-01 11:30:00,220.62,220.96,220.24,220.8,11301
2015-05-01 11:45:00,220.71,220.98,220.34,220.45,21783
2015-05-01 12:00:00,220.49,220.77,219.73,220.6201,10325
2015-05-01 12:15:00,220.62,220.81,220.25099999999998,220.75,6935
2015-05-01 12:30:00,220.74,221.1,220.67,220.89,16471
2015-05-01 12:45:00,220.93,221.24,220.83,220.97,18479
2015-05-01 13:00:00,220.9,221.27,220.78,220.97,9787
2015-05-01 13:15:00,220.88,220.89,220.37,220.89,16156
2015-05-01 13:30:00,220.99,221.35,220.89,221.13,20734
2015-05-01 13:45:00,221.02,221.5,220.94,221.02,10913
2015-05-01 14:00:00,221.05,222.01,220.92,221.56,18199
2015-05-01 14:15:00,221.56,222.1699,221.5,221.75,13750
2015-05-01 14:30:00,221.74,222.46,221.74,222.39,9706
2015-05-01 14:45:00,222.39,222.48,222.06,222.28,20953
2015-05-01 15:00:00,222.09,222.38,221.84,221.95,11443
2015-05-01 15:15:00,221.95,222.22,221.8,221.99,10704
2015-05-01 15:30:00,221.99,222.17,221.34,221.34,10795
2015-05-01 15:45:00,221.47,221.76,221.39,221.41,24969
2015-05-01 16:00:00,221.43,222.31,221.39,222.27,75529
2015-05-04 09:45:00,221.85,222.9999,220.61,222.62,22584
2015-05-04 10:00:00,222.755,223.33,222.1725,222.67,21177
2015-05-04 10:15:00,222.86,222.915,222.14,222.665,11720
2015-05-04 10:30:00,222.77,223.29,222.34,223.09,6640
2015-05-04 10:45:00,223.125,223.13,222.2148,222.62,10518
2015-05-04 11:00:00,222.735,222.735,222.13,222.24,6600
2015-05-04 11:15:00,222.145,222.51,221.71,221.71,8699
2015-05-04 11:30:00,221.85,221.95,221.57,221.815,11649
2015-05-04 11:45:00,221.805,221.88,221.55,221.77,9057
2015-05-04 12:00:00,221.87,222.34,221.68,222.17,8562
2015-05-04 12:15:00,222.2,222.425,222.02,222.34,3300
2015-05-04 12:30:00,222.335,222.42,221.94,222.25,4600
2015-05-04 12:45:00,222.32,222.34,222.06,222.16,6091
2015-05-04 13:00:00,222.28,222.48,222.1,222.3305,5089
2015-05-04 13:15:00,222.31,222.45,221.81,222.27,15233
2015-05-04 13:30:00,222.265,222.96,222.17,222.84,11815
2015-05-04 13:45:00,222.83,222.97,222.72,222.815,4700
2015-05-04 14:00:00,222.715,223.05,222.715,222.93,8646
2015-05-04 14:15:00,223.01,223.18,222.61,222.935,7050
2015-05-04 14:30:00,222.91,223.23,222.9,223.19,6395
2015-05-04 14:45:00,223.35,223.39,222.96,223.06,6310
2015-05-04 15:00:00,223.06,223.06,222.75,222.87,7768
2015-05-04 15:15:00,222.84,223.31,222.77,223.28,12965
2015-05-04 15:30:00,223.27,223.4387,223.06599999999997,223.24,18873
2015-05-04 15:45:00,223.29,223.51,222.72,222.76,24440
2015-05-04 16:00:00,222.88,223.09,222.74,222.86,21177
2015-05-05 09:45:00,221.82,223.1,221.08,221.57,21478
2015-05-05 10:00:00,221.57,221.81,220.13,220.39,71120
2015-05-05 10:15:00,220.13,220.33,219.58,219.95,17712
2015-05-05 10:30:00,219.93,221.25,219.8597,220.72,22227
2015-05-05 10:45:00,220.58,221.17,220.41,220.9,10830
2015-05-05 11:00:00,220.94,220.94,220.0,220.0,9796
2015-05-05 11:15:00,219.98,219.98,219.02,219.6,7127
2015-05-05 11:30:00,219.58,219.68,218.82,219.18,10639
2015-05-05 11:45:00,219.305,219.305,218.76,219.21,7266
2015-05-05 12:00:00,219.2,219.52,218.99,219.47,5684
2015-05-05 12:15:00,219.51,219.59,219.23,219.52,6472
2015-05-05 12:30:00,219.79,220.0838,219.6,220.0,10614
2015-05-05 12:45:00,219.95,219.95,219.65,219.94,9780
2015-05-05 13:00:00,219.94,220.43,219.85,220.16,7200
2015-05-05 13:15:00,220.16,220.16,219.54,219.55,3600
2015-05-05 13:30:00,219.5,219.85,219.38,219.85,7728
2015-05-05 13:45:00,219.72,219.72,219.34,219.41,4044
2015-05-05 14:00:00,219.44,219.949,219.44,219.86,19350
2015-05-05 14:15:00,219.75,220.27,219.63,220.27,5613
2015-05-05 14:30:00,220.17,220.28,219.8,220.0503,12252
2015-05-05 14:45:00,220.06,220.56,219.85,219.96,12600
2015-05-05 15:00:00,219.95,220.1599,219.75,219.99,17230
2015-05-05 15:15:00,219.99,220.31,219.8,220.31,19504
2015-05-05 15:30:00,220.35,220.49,220.0,220.42,24504
2015-05-05 15:45:00,220.42,220.5,220.09,220.21,18450
2015-05-05 16:00:00,220.22,220.22,219.45,219.51,57987
2015-05-06 09:45:00,220.26,220.6,217.49,217.52,22915
2015-05-06 10:00:00,217.58599999999998,218.32,217.0,217.225,43217
2015-05-06 10:15:00,217.22,217.52,216.41,216.6,18887
2015-05-06 10:30:00,216.67,218.4199,216.47,218.23,20740
2015-05-06 10:45:00,218.07,218.07,217.34,217.36,63369
2015-05-06 11:00:00,217.38,218.11,217.38,217.99,7873
2015-05-06 11:15:00,217.97,218.52,217.44,217.52,10578
2015-05-06 11:30:00,217.43,217.79,217.02,217.79,14425
2015-05-06 11:45:00,217.595,217.605,216.95,217.51,22379
2015-05-06 12:00:00,217.47,217.92,217.31,217.71,13612
2015-05-06 12:15:00,217.75,217.75,217.08,217.2,6824
2015-05-06 12:30:00,217.21,217.8,217.21,217.7,7228
2015-05-06 12:45:00,217.68,217.863,217.44,217.66,9412
2015-05-06 13:00:00,217.52,218.0,217.5,217.72,9311
2015-05-06 13:15:00,217.66,217.74,217.22,217.68,13822
2015-05-06 13:30:00,217.72,218.04,217.64,217.81,11629
2015-05-06 13:45:00,217.81,217.92,217.43,217.69,15798
2015-05-06 14:00:00,217.68,217.75,217.16,217.75,15850
2015-05-06 14:15:00,217.77,218.02,217.5,217.5,12116
2015-05-06 14:30:00,217.5,217.95,216.94,217.34,15224
2015-05-06 14:45:00,217.2,217.21,216.45,216.8,11257
2015-05-06 15:00:00,216.7,217.28,216.6001,217.16,8326
2015-05-06 15:15:00,217.07,217.55,216.77,216.97,15467
2015-05-06 15:30:00,216.97,217.516,216.71,217.5,24808
2015-05-06 15:45:00,217.51,217.83,217.39,217.39,27249
2015-05-06 16:00:00,217.42,217.44,216.99,217.41,64918
2015-05-07 09:45:00,217.88,220.66,217.84,220.07,25077
2015-05-07 10:00:00,220.11,220.11,217.88,218.36,20865
2015-05-07 10:15:00,218.36,219.48,217.98,218.64,59365
2015-05-07 10:30:00,218.66,219.1599,218.49,219.04,22662
2015-05-07 10:45:00,218.83,219.09,218.41,218.86,13660
2015-05-07 11:00:00,218.89,219.36,218.61,218.73,16965
2015-05-07 11:15:00,218.7351,219.07,218.49,219.07,12812
2015-05-07 11:30:00,219.02,219.32,218.58,219.06,25265
2015-05-07 11:45:00,219.32,220.02,219.32,219.83,6123
2015-05-07 12:00:00,220.07,220.1041,219.71,219.84,4402
2015-05-07 12:15:00,219.84,220.12,219.84,220.0,4107
2015-05-07 12:30:00,220.0,220.34,219.855,220.06,6765
2015-05-07 12:45:00,220.02,220.14,219.75,219.75,5322
2015-05-07 13:00:00,219.76,219.81,219.48,219.6093,21148
2015-05-07 13:15:00,219.505,219.7,219.42,219.66,5227
2015-05-07 13:30:00,219.77,219.9,219.62,219.74,12323
2015-05-07 13:45:00,219.79,220.42,219.79,220.35,7400
2015-05-07 14:00:00,220.36,220.36,219.9357,219.965,6941
2015-05-07 14:15:00,220.05,220.22,219.85,219.93,7578
2015-05-07 14:30:00,220.0,220.19,219.7,219.83,6494
2015-05-07 14:45:00,219.83,219.87,219.41,219.615,7137
2015-05-07 15:00:00,219.61,220.02,219.43,219.96,22553
2015-05-07 15:15:00,219.96,220.2,219.8,219.94,31940
2015-05-07 15:30:00,219.94,219.98,219.36,219.46,13857
2015-05-07 15:45:00,219.5,219.76,219.14,219.14,17260
2015-05-07 16:00:00,219.09599999999998,219.66,218.82,219.42,24930
2015-05-08 09:45:00,221.03,223.77,220.99,223.49,23268
2015-05-08 10:00:00,223.77,223.86,222.59,223.22,16495
2015-05-08 10:15:00,223.1182,223.54,222.75,222.88,12625
2015-05-08 10:30:00,222.84,222.84,221.995,222.49,16185
2015-05-08 10:45:00,222.56,222.6,221.88,222.0,16009
2015-05-08 11:00:00,222.01,222.44,221.75,222.375,19706
2015-05-08 11:15:00,222.31,222.75,222.27,222.27,14610
2015-05-08 11:30:00,222.41,222.54,222.04,222.22,14255
2015-05-08 11:45:00,222.185,222.53,221.85,222.03,14618
2015-05-08 12:00:00,221.97,222.18,221.66,221.975,15560
2015-05-08 12:15:00,222.0,222.06,221.46,221.52,13137
2015-05-08 12:30:00,221.59,221.77,221.343,221.343,7550
2015-05-08 12:45:00,221.3,221.62,221.14,221.43,7703
2015-05-08 13:00:00,221.45,221.73,221.33,221.5,13479
2015-05-08 13:15:00,221.49,221.76,221.33,221.4,26284
2015-05-08 13:30:00,221.38,221.5,220.7617,220.7617,23039
2015-05-08 13:45:00,220.86,220.96,220.67,220.83,6085
2015-05-08 14:00:00,220.83,220.96,220.6501,220.86,10218
2015-05-08 14:15:00,220.88,220.99,220.59,220.59,9429
2015-05-08 14:30:00,220.6,220.855,220.51,220.51,13253
2015-05-08 14:45:00,220.48,221.01,220.48,220.81,14652
2015-05-08 15:00:00,220.81,220.835,220.39,220.51,13250
2015-05-08 15:15:00,220.5,221.0,220.49,220.82,18673
2015-05-08 15:30:00,220.9146,220.9146,220.42,220.49,16804
2015-05-08 15:45:00,220.51,221.23,220.47,221.23,18782
2015-05-08 16:00:00,221.18,221.41,221.06,221.1,33628
2015-05-11 09:45:00,220.81,222.61,220.0,221.635,24976
2015-05-11 10:00:00,221.59,222.31,221.44,222.15,16895
2015-05-11 10:15:00,222.28,222.39,221.595,221.595,17700
2015-05-11 10:30:00,221.74,221.77,221.22,221.29,14488
2015-05-11 10:45:00,221.33,221.41,220.9,221.41,11768
2015-05-11 11:00:00,221.4507,221.86,221.44,221.86,6301
2015-05-11 11:15:00,221.9,222.12,221.465,221.93,11617
2015-05-11 11:30:00,221.87,221.95,221.42,221.42,8911
2015-05-11 11:45:00,221.32,221.64,221.32,221.455,9054
2015-05-11 12:00:00,221.52,222.04,221.52,221.76,9100
2015-05-11 12:15:00,221.78,221.8,221.11,221.29,18087
2015-05-11 12:30:00,221.19,221.31,221.02,221.28,7932
2015-05-11 12:45:00,221.23,221.3,221.1,221.1,6100
2015-05-11 13:00:00,221.18,221.24,220.83,220.83,9960
2015-05-11 13:15:00,220.81,221.39,220.81,221.32,7083
2015-05-11 13:30:00,221.45,221.64,221.25,221.41,9230
2015-05-11 13:45:00,221.41,221.51,221.2,221.38,16094
2015-05-11 14:00:00,221.3,221.56,220.84,220.84,17649
2015-05-11 14:15:00,220.79,220.9,220.43,220.5099,13750
2015-05-11 14:30:00,220.48,220.51,220.06,220.33,24871
2015-05-11 14:45:00,220.38,220.95,220.345,220.95,9039
2015-05-11 15:00:00,220.95,221.02,220.52,220.69,10767
2015-05-11 15:15:00,220.72,220.89,220.36,220.87,14071
2015-05-11 15:30:00,220.87,221.03,220.71,220.9,15351
2015-05-11 15:45:00,220.97,220.97,220.67,220.73,17897
2015-05-11 16:00:00,220.6856,220.77,220.45,220.55,33076
2015-05-12 09:45:00,219.35,220.04,218.58,218.61,26714
2015-05-12 10:00:00,218.8773,220.73,218.8773,219.7084,19125
2015-05-12 10:15:00,219.59,220.06,219.3,219.84,12396
2015-05-12 10:30:00,219.92,220.16,219.24,219.71,6086
2015-05-12 10:45:00,219.78,220.62,219.53,220.62,17291
2015-05-12 11:00:00,220.67,220.87,220.0,220.0,21846
2015-05-12 11:15:00,220.115,220.455,219.74,219.74,14987
2015-05-12 11:30:00,219.63,220.31,219.6,220.02,8522
2015-05-12 11:45:00,220.08,220.31,219.97,220.2,6010
2015-05-12 12:00:00,220.01,220.36,220.01,220.14,10400
2015-05-12 12:15:00,220.23,220.275,219.93,220.14,4600
2015-05-12 12:30:00,220.17,220.17,219.83,219.96,8032
2015-05-12 12:45:00,219.88,220.545,219.81,220.44,7166
2015-05-12 13:00:00,220.44,220.83,220.3848,220.58,12672
2015-05-12 13:15:00,220.61,221.1399,220.4,221.04,16669
2015-05-12 13:30:00,221.08,221.16,220.77,220.97,6788
2015-05-12 13:45:00,220.86,221.02,220.45,220.45,25511
2015-05-12 14:00:00,220.48,220.76,220.41,220.68,10484
2015-05-12 14:15:00,220.67,221.15,220.67,221.07,8155
2015-05-12 14:30:00,221.01,221.25,220.82,221.101,8275
2015-05-12 14:45:00,221.2,221.31,220.91,220.975,9435
2015-05-12 15:00:00,221.0082,221.1299,220.57,220.7,11591
2015-05-12 15:15:00,220.7,220.81,220.55,220.61,11200
2015-05-12 15:30:00,220.58,220.74,220.42,220.62,11556
2015-05-12 15:45:00,220.69,220.84,220.43,220.54,23641
2015-05-12 16:00:00,220.5,220.63,220.13,220.15,30000
2015-05-13 09:45:00,220.01,222.02,219.29,220.855,17965
2015-05-13 10:00:00,220.84,220.92,219.6,219.6,15635
2015-05-13 10:15:00,219.57,220.15,219.25,219.95,21657
2015-05-13 10:30:00,219.89,220.22,219.365,220.09,11943
2015-05-13 10:45:00,220.01,220.045,219.335,219.335,13245
2015-05-13 11:00:00,219.26,219.945,219.06,219.415,9501
2015-05-13 11:15:00,219.36,219.54,219.1,219.2,10314
2015-05-13 11:30:00,219.255,219.42,218.79,218.79,13950
2015-05-13 11:45:00,218.79,219.39,218.6,219.39,8783
2015-05-13 12:00:00,219.28,219.75,219.27,219.67,6583
2015-05-13 12:15:00,219.64,219.95,219.575,219.83,7301
2015-05-13 12:30:00,219.88,219.96,219.57,219.68,7499
2015-05-13 12:45:00,219.6,220.05,219.51,219.98,10671
2015-05-13 13:00:00,219.88,220.0,219.64,219.86,8300
2015-05-13 13:15:00,219.96,220.18900000000002,219.91,220.0,14256
2015-05-13 13:30:00,220.06,220.18,219.92,220.05,7587
2015-05-13 13:45:00,220.03,220.07,219.83,220.07,7486
2015-05-13 14:00:00,220.07,220.11,219.83,220.08,6300
2015-05-13 14:15:00,220.09,220.1,219.74,219.86,11173
2015-05-13 14:30:00,219.8,219.85,219.505,219.5876,10469
2015-05-13 14:45:00,219.54,219.58,219.38,219.56,10712
2015-05-13 15:00:00,219.49,219.53,219.12,219.27,31568
2015-05-13 15:15:00,219.24,220.02,219.2,219.6097,42110
2015-05-13 15:30:00,219.59,219.87,219.46,219.68,10835
2015-05-13 15:45:00,219.68,219.78,219.45,219.6,15627
2015-05-13 16:00:00,219.515,219.78,219.47,219.53,22198
2015-05-14 09:45:00,221.23,221.23,219.95,220.455,13787
2015-05-14 10:00:00,220.45,220.47,218.88,218.88,10526
2015-05-14 10:15:00,218.86,220.4,218.86,220.21,7602
2015-05-14 10:30:00,220.195,220.72,220.195,220.5725,9564
2015-05-14 10:45:00,220.47,220.84,220.47,220.5901,5565
2015-05-14 11:00:00,220.72,220.99,220.6,220.835,10736
2015-05-14 11:15:00,220.87,221.43,220.87,221.22,15542
2015-05-14 11:30:00,221.21,221.38,221.17,221.27,5300
2015-05-14 11:45:00,221.21,221.245,220.95,221.04,4383
2015-05-14 12:00:00,221.09,221.33,221.09,221.26,4070
2015-05-14 12:15:00,221.26,221.3499,221.13,221.3,4025
2015-05-14 12:30:00,221.26,221.36,221.04,221.14,7705
2015-05-14 12:45:00,221.225,221.37,221.05,221.075,4390
2015-05-14 13:00:00,221.2,221.42,221.15,221.29,20630
2015-05-14 13:15:00,221.33,221.72,221.33,221.72,6846
2015-05-14 13:30:00,221.68,221.96,221.53,221.96,5275
2015-05-14 13:45:00,221.93,222.22,221.82,221.845,16953
2015-05-14 14:00:00,221.84,222.25,221.82,222.25,9149
2015-05-14 14:15:00,222.21,222.26,222.05,222.23,7374
2015-05-14 14:30:00,222.25,222.53,222.25,222.41,10259
2015-05-14 14:45:00,222.47,222.58,222.31,222.48,15282
2015-05-14 15:00:00,222.47,222.47,222.02,222.31,10099
2015-05-14 15:15:00,222.25,222.45,222.12,222.45,10558
2015-05-14 15:30:00,222.4601,222.62,222.41,222.53,18184
2015-05-14 15:45:00,222.58,222.59,222.15,222.15,26339
2015-05-14 16:00:00,222.155,222.55,222.15,222.28,41401
2015-05-15 09:45:00,222.78,223.452,222.37,222.6,58121
2015-05-15 10:00:00,222.72,223.26,222.49,222.71,10353
2015-05-15 10:15:00,222.43,222.62,222.235,222.245,15314
2015-05-15 10:30:00,222.32,222.56,222.0,222.13,20314
2015-05-15 10:45:00,222.145,222.22,221.8836,222.0,8802
2015-05-15 11:00:00,222.0,222.22,222.0,222.16,5728
2015-05-15 11:15:00,222.31,222.61,222.2,222.2,8912
2015-05-15 11:30:00,222.08,222.42,222.04,222.06,6429
2015-05-15 11:45:00,222.11,222.14,221.81,221.87,5366
2015-05-15 12:00:00,221.99,222.2,221.82,222.15,15071
2015-05-15 12:15:00,221.97,222.13,221.7775,221.95,25113
2015-05-15 12:30:00,221.87,222.09,221.86,222.04,4446
2015-05-15 12:45:00,222.1,222.12,222.0,222.11,3400
2015-05-15 13:00:00,222.04,222.215,221.92,221.92,2775
2015-05-15 13:15:00,221.95,222.57,221.95,222.31,5202
2015-05-15 13:30:00,222.27,222.51,222.22,222.36,4700
2015-05-15 13:45:00,222.294,222.45,222.294,222.32,5029
2015-05-15 14:00:00,222.3,222.33,222.05,222.32,7635
2015-05-15 14:15:00,222.33,222.45,221.92,222.23,8728
2015-05-15 14:30:00,222.16,222.24,222.06,222.23,6311
2015-05-15 14:45:00,222.26,222.41,222.1245,222.18,14761
2015-05-15 15:00:00,222.15,222.41,222.0,222.41,8649
2015-05-15 15:15:00,222.3803,222.63,222.38,222.6,14947
2015-05-15 15:30:00,222.59,222.6699,222.4792,222.5626,8355
2015-05-15 15:45:00,222.68,222.9,222.63,222.9,13078
2015-05-15 16:00:00,222.91,223.33,222.84,223.05,52305
2015-05-18 09:45:00,223.05,224.4,223.05,224.08,18169
2015-05-18 10:00:00,224.34,224.83,223.64,224.0599,7544
2015-05-18 10:15:00,224.07,224.09,223.52,223.6,22602
2015-05-18 10:30:00,223.51,223.87,223.16,223.66,18979
2015-05-18 10:45:00,223.82,224.01,223.48,223.6,10568
2015-05-18 11:00:00,223.58,223.58,222.88,223.005,11204
2015-05-18 11:15:00,223.06,223.14,222.81,223.11,6140
2015-05-18 11:30:00,223.16,223.31,222.935,223.31,6032
2015-05-18 11:45:00,223.33,224.2,223.26,223.9001,6993
2015-05-18 12:00:00,224.05,224.07,223.72,223.81,5310
2015-05-18 12:15:00,223.74,223.87,223.29,223.29,7125
2015-05-18 12:30:00,223.3,223.76,223.3,223.59,7414
2015-05-18 12:45:00,223.64,223.68,223.1,223.425,6750
2015-05-18 13:00:00,223.32,223.91,223.32,223.91,7503
2015-05-18 13:15:00,223.935,223.98,223.49,223.57,9983
2015-05-18 13:30:00,223.57,223.73,223.41,223.58,8928
2015-05-18 13:45:00,223.61,224.12,223.54,224.06,12764
2015-05-18 14:00:00,224.08,224.3,223.9201,224.13,11679
2015-05-18 14:15:00,224.17,224.29,224.06,224.11,10115
2015-05-18 14:30:00,223.96,224.54,223.96,224.45,10550
2015-05-18 14:45:00,224.45,224.83,224.35,224.41,13443
2015-05-18 15:00:00,224.59,225.0,224.58,224.955,9716
2015-05-18 15:15:00,224.92,224.96,224.6,224.8,14694
2015-05-18 15:30:00,224.75,224.9,224.56,224.62,15997
2015-05-18 15:45:00,224.63,224.63,224.19,224.41,20191
2015-05-18 16:00:00,224.42,224.45,224.15,224.22,28211
2015-05-19 09:45:00,224.6,225.18,224.25,224.25,20683
2015-05-19 10:00:00,224.41,224.79,223.62,224.23,14842
2015-05-19 10:15:00,224.58,224.65,224.04,224.425,7550
2015-05-19 10:30:00,224.51,225.12,224.51,225.05,7858
2015-05-19 10:45:00,225.12,225.51,224.72,225.4,16343
2015-05-19 11:00:00,225.35,225.5,225.07,225.36,30029
2015-05-19 11:15:00,225.45,225.48,224.67,224.73,5212
2015-05-19 11:30:00,224.78,225.18,224.78,225.01,4909
2015-05-19 11:45:00,225.12,225.29,224.87,225.22,17508
2015-05-19 12:00:00,225.19,225.35,225.02,225.14,5818
2015-05-19 12:15:00,225.3,225.6,225.13,225.365,5434
2015-05-19 12:30:00,225.51,225.61,225.27,225.49,5300
2015-05-19 12:45:00,225.47,225.47,225.3,225.41,4312
2015-05-19 13:00:00,225.4,225.66,225.39,225.61,4610
2015-05-19 13:15:00,225.47,225.72,225.42,225.72,4070
2015-05-19 13:30:00,225.71,225.82,225.59,225.73,5900
2015-05-19 13:45:00,225.74,225.93,225.72,225.79,4076
2015-05-19 14:00:00,225.72,225.72,225.54,225.6589,5400
2015-05-19 14:15:00,225.68,225.84,225.53,225.57,5600
2015-05-19 14:30:00,225.55,225.73,225.18,225.22,15496
2015-05-19 14:45:00,225.28,225.38,224.7101,224.88,7985
2015-05-19 15:00:00,224.82,224.8883,224.601,224.7,7681
2015-05-19 15:15:00,224.66,224.68,224.11,224.11,13390
2015-05-19 15:30:00,224.05,224.1699,223.81,223.935,13132
2015-05-19 15:45:00,223.97,224.05,223.81,223.9,10600
2015-05-19 16:00:00,223.81,224.0,223.63,223.91,25054
2015-05-20 09:45:00,224.54,224.98,222.86,223.3793,11224
2015-05-20 10:00:00,223.37,223.5599,222.31,222.31,9578
2015-05-20 10:15:00,222.56,222.96,222.23,222.775,8002
2015-05-20 10:30:00,222.745,222.78,222.19,222.19,6300
2015-05-20 10:45:00,222.13,223.16,222.13,222.99,8422
2015-05-20 11:00:00,223.03,223.09,222.95,223.09,3853
2015-05-20 11:15:00,223.09,223.66,223.07,223.57,3500
2015-05-20 11:30:00,223.4,223.58,222.97,223.03,17202
2015-05-20 11:45:00,223.05,223.14,222.68,222.69,9600
2015-05-20 12:00:00,222.83,222.83,222.44,222.44,4250
2015-05-20 12:15:00,222.49,222.68,222.47,222.52,3965
2015-05-20 12:30:00,222.54,222.74,222.47,222.47,3815
2015-05-20 12:45:00,222.57,222.785,222.47,222.77,2733
2015-05-20 13:00:00,222.77,222.85,222.59,222.7,7415
2015-05-20 13:15:00,222.6,222.6,222.291,222.291,7300
2015-05-20 13:30:00,222.3,222.42,222.16,222.18,5000
2015-05-20 13:45:00,222.25,222.49,222.21,222.21,3100
2015-05-20 14:00:00,222.22,222.44,222.11,222.39,2929
2015-05-20 14:15:00,222.48,222.91,222.22,222.55,20331
2015-05-20 14:30:00,222.68,223.34,222.68,223.28,4200
2015-05-20 14:45:00,223.32,223.47,223.16,223.19,8741
2015-05-20 15:00:00,223.24,223.7,223.2,223.47,9222
2015-05-20 15:15:00,223.48,223.62,223.3,223.34,6559
2015-05-20 15:30:00,223.07,223.08,222.47,222.77,10148
2015-05-20 15:45:00,222.69,222.84,222.43,222.43,8624
2015-05-20 16:00:00,222.38,222.73,222.29,222.33,30366
2015-05-21 09:45:00,220.98,222.97,220.98,222.56,29663
2015-05-21 10:00:00,222.41,222.68,221.975,222.155,11056
2015-05-21 10:15:00,222.04,224.09,221.89,224.09,16633
2015-05-21 10:30:00,224.11,224.61,224.02,224.02,15646
2015-05-21 10:45:00,224.11,224.32,223.65,223.84,10100
2015-05-21 11:00:00,223.88,224.3,223.88,224.08,6333
2015-05-21 11:15:00,224.16,224.9,224.04,224.55,7996
2015-05-21 11:30:00,224.61,224.71,224.21,224.32,5041
2015-05-21 11:45:00,224.39,224.39,223.5,223.6542,6282
2015-05-21 12:00:00,223.66,224.47,223.54,224.47,10106
2015-05-21 12:15:00,224.38,224.63,224.22,224.53,7049
2015-05-21 12:30:00,224.58,225.11,224.56,224.68,9649
2015-05-21 12:45:00,224.74,225.22,224.74,225.019,6565
2015-05-21 13:00:00,225.03,225.1,224.7,224.75,4155
2015-05-21 13:15:00,224.61,224.92,224.46,224.9,7630
2015-05-21 13:30:00,224.82,224.94,224.62,224.692,8044
2015-05-21 13:45:00,224.66,224.86,224.4201,224.66299999999998,5060
2015-05-21 14:00:00,224.75,224.83,224.48,224.68,11308
2015-05-21 14:15:00,224.72,224.9,224.61,224.71,10116
2015-05-21 14:30:00,224.78,224.92,224.63,224.77,3391
2015-05-21 14:45:00,224.67,224.91,224.505,224.59,16013
2015-05-21 15:00:00,224.63,224.865,224.35,224.71,19384
2015-05-21 15:15:00,224.75,224.86,224.5,224.57,22061
2015-05-21 15:30:00,224.47,224.79,224.31,224.79,13933
2015-05-21 15:45:00,224.84,225.46,224.84,225.30900000000003,12701
2015-05-21 16:00:00,225.22,225.22,224.75,224.88,32194
2015-05-22 09:45:00,224.67,225.29,224.37,224.6,12296
2015-05-22 10:00:00,225.01,226.0,224.64,225.82,21511
2015-05-22 10:15:00,225.86,225.86,224.48,224.48,12142
2015-05-22 10:30:00,224.63,224.87,224.37,224.49200000000002,12413
2015-05-22 10:45:00,224.58,224.88,224.495,224.71,7017
2015-05-22 11:00:00,224.71,225.135,224.68,224.97,5770
2015-05-22 11:15:00,225.11,225.15,224.215,224.33900000000003,6800
2015-05-22 11:30:00,224.3099,224.45,224.0,224.15,3850
2015-05-22 11:45:00,224.13,224.13,223.62,223.81,12444
2015-05-22 12:00:00,223.81,224.39,223.81,224.39,8291
2015-05-22 12:15:00,224.41,224.77,224.315,224.54,6737
2015-05-22 12:30:00,224.61,224.65,224.32,224.41,5400
2015-05-22 12:45:00,224.6,224.87,224.5,224.61,3800
2015-05-22 13:00:00,224.72,225.045,224.68,225.04,5100
2015-05-22 13:15:00,224.88,225.25,224.66,224.71,13402
2015-05-22 13:30:00,224.87,225.29,224.64,225.15,11500
2015-05-22 13:45:00,225.22,225.29,224.7,224.7,18669
2015-05-22 14:00:00,224.84,225.33,224.83,225.17,7170
2015-05-22 14:15:00,225.1,225.22,224.8,224.94,8422
2015-05-22 14:30:00,224.83,224.98,224.61,224.94,5322
2015-05-22 14:45:00,224.9,225.2,224.762,225.15,6697
2015-05-22 15:00:00,225.09,225.09,224.82,224.94,3601
2015-05-22 15:15:00,224.86,225.18,224.78,225.1534,5700
2015-05-22 15:30:00,225.18,225.38,225.15,225.21,8400
2015-05-22 15:45:00,225.21,225.23,224.84,224.98,8300
2015-05-22 16:00:00,224.94,225.01,224.39,224.41,26201
2015-05-26 09:45:00,224.23,225.87,223.445,223.445,15210
2015-05-26 10:00:00,223.52,224.53,223.52,224.11,20678
2015-05-26 10:15:00,224.05,224.82,223.47,223.47,13472
2015-05-26 10:30:00,223.54,223.77,223.28,223.31,10463
2015-05-26 10:45:00,223.27,223.33,222.46,222.77,19229
2015-05-26 11:00:00,222.78,223.31,222.78,223.19,18611
2015-05-26 11:15:00,223.21,223.33,223.0,223.1375,18435
2015-05-26 11:30:00,222.995,223.66,222.995,223.51,25633
2015-05-26 11:45:00,223.44,223.78,223.44,223.58,7016
2015-05-26 12:00:00,223.58,223.625,223.34,223.37,7444
2015-05-26 12:15:00,223.37,223.42,223.11,223.23,4700
2015-05-26 12:30:00,223.2025,223.53,223.1,223.35,5300
2015-05-26 12:45:00,223.44,223.48,223.15,223.48,5924
2015-05-26 13:00:00,223.35,223.5,223.19,223.4392,7335
2015-05-26 13:15:00,223.43,223.72,223.12,223.48,7667
2015-05-26 13:30:00,223.5,223.85,223.41,223.71,7150
2015-05-26 13:45:00,223.6,223.68,223.255,223.3,9000
2015-05-26 14:00:00,223.25,223.44,222.82,222.89,7200
2015-05-26 14:15:00,222.855,223.11,222.68,222.88,5236
2015-05-26 14:30:00,222.72,223.39,222.72,222.9,6100
2015-05-26 14:45:00,222.82,223.38,222.82,223.25,7871
2015-05-26 15:00:00,223.26,223.38,222.47,222.57,24648
2015-05-26 15:15:00,222.56,223.0,222.56,222.91,14704
2015-05-26 15:30:00,223.1,223.15,222.85,222.92,8940
2015-05-26 15:45:00,222.98,223.42,222.83,223.31,14656
2015-05-26 16:00:00,223.19,223.2132,222.78,222.86,22292
2015-05-27 09:45:00,223.25,223.42,222.37,223.051,14348
2015-05-27 10:00:00,223.13,223.44,222.76,223.1825,5346
2015-05-27 10:15:00,223.3,223.61,222.77,223.18,14925
2015-05-27 10:30:00,223.21,223.21,222.71,222.895,7598
2015-05-27 10:45:00,222.92,223.08,222.84,223.05,5200
2015-05-27 11:00:00,223.115,223.66,223.04,223.6199,7395
2015-05-27 11:15:00,223.62,223.85,223.36,223.48,6242
2015-05-27 11:30:00,223.52,223.5499,223.0,223.01,6474
2015-05-27 11:45:00,223.13,223.67,223.13,223.52,4450
2015-05-27 12:00:00,223.55,223.76,223.28,223.46,12237
2015-05-27 12:15:00,223.53,223.53,223.22,223.36,6785
2015-05-27 12:30:00,223.29,223.45,223.21,223.24,4527
2015-05-27 12:45:00,223.33,223.33,222.91,223.08,6767
2015-05-27 13:00:00,223.06,223.26,222.94,223.14,9364
2015-05-27 13:15:00,223.12,223.35,223.12,223.26,3600
2015-05-27 13:30:00,223.2,223.23,222.98,222.98,4325
2015-05-27 13:45:00,222.99,223.33,222.99,223.17,4341
2015-05-27 14:00:00,223.14,223.17,222.94,223.01,7002
2015-05-27 14:15:00,223.07,223.34,222.97,222.97,14286
2015-05-27 14:30:00,222.97,223.13,222.9,223.0415,6476
2015-05-27 14:45:00,223.04,223.15,222.85,223.02,6753
2015-05-27 15:00:00,222.97,222.99,222.62,222.77,13822
2015-05-27 15:15:00,222.85,223.0,222.64,222.9,8946
2015-05-27 15:30:00,222.86,223.0,222.64,222.64,11266
2015-05-27 15:45:00,222.64,223.01,222.64,222.82,11500
2015-05-27 16:00:00,222.84,222.9,222.47,222.56,31493
2015-05-28 09:45:00,222.72,223.24,222.3,222.36,18580
2015-05-28 10:00:00,222.41,223.585,221.66,221.9792,17967
2015-05-28 10:15:00,221.87400000000002,222.5,221.83,222.4,19705
2015-05-28 10:30:00,222.24,222.4,221.57,222.14,11378
2015-05-28 10:45:00,222.14,222.14,221.26,221.68,12408
2015-05-28 11:00:00,221.74,222.35,221.74,222.06,6746
2015-05-28 11:15:00,222.08,222.23,221.85,222.09900000000002,19719
2015-05-28 11:30:00,222.19,222.28,221.95,222.2,23635
2015-05-28 11:45:00,222.26,222.45,222.0,222.23,6567
2015-05-28 12:00:00,222.24,222.24,221.64,221.76,11710
2015-05-28 12:15:00,221.74,222.31,221.71,222.31,6496
2015-05-28 12:30:00,222.24,222.57,222.2,222.42,4637
2015-05-28 12:45:00,222.42,222.46,221.91,222.27,5064
2015-05-28 13:00:00,222.26,222.3,221.97,221.97,2000
2015-05-28 13:15:00,221.85,222.4,221.8,222.02,4900
2015-05-28 13:30:00,222.06,222.42,222.06,222.42,13200
2015-05-28 13:45:00,222.45,222.53,222.32,222.44,9053
2015-05-28 14:00:00,222.44,222.52,222.35,222.36,10021
2015-05-28 14:15:00,222.4,222.635,222.4,222.6,10893
2015-05-28 14:30:00,222.64,223.0808,222.64,223.03,9534
2015-05-28 14:45:00,223.03,223.0452,222.74,222.91,9800
2015-05-28 15:00:00,222.9685,223.09,222.835,222.84,11843
2015-05-28 15:15:00,222.84,222.99,222.58,222.68,8295
2015-05-28 15:30:00,222.68,222.72,222.0,222.005,8800
2015-05-28 15:45:00,222.05,222.67,222.05,222.67,13929
2015-05-28 16:00:00,222.65,222.89,222.63,222.66,26637
2015-05-29 09:45:00,221.68,222.92,221.46,222.01,23609
2015-05-29 10:00:00,221.91,222.03,221.31,221.7,14032
2015-05-29 10:15:00,221.87,222.16,221.16,221.17,23865
2015-05-29 10:30:00,221.18,221.62,220.69,221.47,27775
2015-05-29 10:45:00,221.56,221.75,221.0,221.0,8564
2015-05-29 11:00:00,220.81,220.90900000000002,220.39,220.46,12716
2015-05-29 11:15:00,220.41,220.54,220.255,220.35,4794
2015-05-29 11:30:00,220.35,220.82,220.12,220.21,10245
2015-05-29 11:45:00,220.21,220.39,220.03,220.335,6308
2015-05-29 12:00:00,220.39,220.81,220.39,220.57,14507
2015-05-29 12:15:00,220.545,220.95,220.545,220.61,10815
2015-05-29 12:30:00,220.61,220.63,220.41,220.51,20451
2015-05-29 12:45:00,220.6,220.898,220.47,220.47,6060
2015-05-29 13:00:00,220.55,220.57,220.29,220.29,5900
2015-05-29 13:15:00,220.235,220.48,220.235,220.38,9600
2015-05-29 13:30:00,220.3312,220.57,220.24,220.412,5020
2015-05-29 13:45:00,220.44,220.47,220.26,220.37,10410
2015-05-29 14:00:00,220.3699,220.39,220.23,220.25,6539
2015-05-29 14:15:00,220.22,220.22,220.0,220.04,10122
2015-05-29 14:30:00,220.04,220.15,219.55,219.92,16965
2015-05-29 14:45:00,219.79,220.19,219.79,219.99,13767
2015-05-29 15:00:00,219.91,220.08,219.74,220.08,10629
2015-05-29 15:15:00,220.075,220.54,220.0,220.42,15411
2015-05-29 15:30:00,220.37,220.37,219.94,220.07,23971
2015-05-29 15:45:00,220.0764,220.43,220.0,220.3967,18744
2015-05-29 16:00:00,220.32,220.38,219.27,219.49,105705
2015-06-01 09:45:00,220.8,221.25,219.6,220.145,43905
2015-06-01 10:00:00,220.08,220.18,218.82,219.09,40050
2015-06-01 10:15:00,219.06,220.37,219.046,219.33,23452
2015-06-01 10:30:00,219.395,220.35,219.12,220.325,19873
2015-06-01 10:45:00,220.33,220.65,220.01,220.27,10200
2015-06-01 11:00:00,220.16,221.2,220.16,221.18,9800
2015-06-01 11:15:00,221.25,221.74,221.22,221.4,14730
2015-06-01 11:30:00,221.22,221.59,220.63,220.75,14911
2015-06-01 11:45:00,220.92,220.98,220.45,220.9,10660
2015-06-01 12:00:00,220.87,220.9,220.48,220.77,6616
2015-06-01 12:15:00,220.74,221.47,220.74,221.36,6614
2015-06-01 12:30:00,221.42,222.72,221.42,222.55,15974
2015-06-01 12:45:00,222.68,222.83,222.4,222.67,15926
2015-06-01 13:00:00,222.72,223.01,222.37,222.92,11871
2015-06-01 13:15:00,222.95,223.01,222.43,222.69,10000
2015-06-01 13:30:00,222.6001,222.62,222.12,222.39,8641
2015-06-01 13:45:00,222.48,222.77,222.31,222.595,8210
2015-06-01 14:00:00,222.64,222.875,222.35,222.8699,17888
2015-06-01 14:15:00,222.86,223.14,222.86,222.9,10236
2015-06-01 14:30:00,222.94,223.12,222.78,222.78,8284
2015-06-01 14:45:00,222.8105,222.91,222.6,222.77,7916
2015-06-01 15:00:00,222.8,223.18,222.7,222.77,4770
2015-06-01 15:15:00,222.85,222.95,222.49,222.78,23880
2015-06-01 15:30:00,222.74,222.75,222.53,222.75,10127
2015-06-01 15:45:00,222.68,222.69,222.42,222.65,17018
2015-06-01 16:00:00,222.65,222.68,222.293,222.49,41233
2015-06-02 09:45:00,221.14,222.4,221.14,222.16,25736
2015-06-02 10:00:00,222.23,222.73,221.68,222.42,14126
2015-06-02 10:15:00,222.385,223.06,222.25,222.65,9852
2015-06-02 10:30:00,222.76,222.82,222.03,222.25,13219
2015-06-02 10:45:00,222.18,222.86,222.01,222.41,18129
2015-06-02 11:00:00,222.66,222.67,222.29,222.32,2373
2015-06-02 11:15:00,222.2,222.69,222.13,222.4,5128
2015-06-02 11:30:00,222.44,222.76,222.26,222.5701,13592
2015-06-02 11:45:00,222.5,222.66,222.38,222.49,2704
2015-06-02 12:00:00,222.54,222.7,222.48,222.66,2900
2015-06-02 12:15:00,222.6,223.6,222.6,223.38,6439
2015-06-02 12:30:00,223.429,223.51,223.29,223.37,4383
2015-06-02 12:45:00,223.4,223.46,223.26,223.38,4001
2015-06-02 13:00:00,223.33,223.73,223.3,223.61,4297
2015-06-02 13:15:00,223.67,223.79,223.25,223.35,4395
2015-06-02 13:30:00,223.33,223.52,222.94,222.94,4600
2015-06-02 13:45:00,223.08,223.12,222.88,223.04,3800
2015-06-02 14:00:00,223.09,223.24,223.01,223.24,3000
2015-06-02 14:15:00,223.25,223.475,223.12,223.13,3600
2015-06-02 14:30:00,223.12,223.17,222.85,223.05,8573
2015-06-02 14:45:00,223.08,223.11,222.74,222.74,4262
2015-06-02 15:00:00,222.76,222.98,222.71,222.91,5900
2015-06-02 15:15:00,222.9,223.05,222.8,223.05,12600
2015-06-02 15:30:00,222.93,223.15,222.75,223.05,9153
2015-06-02 15:45:00,223.05,223.265,222.87,223.03,13650
2015-06-02 16:00:00,223.02,223.11,222.85,222.9,32710
2015-06-03 09:45:00,223.78,224.1357,222.9,223.9,12204
2015-06-03 10:00:00,223.91,224.29,223.3,224.16,6000
2015-06-03 10:15:00,224.02,224.27,223.59,224.27,6500
2015-06-03 10:30:00,224.1713,224.43,224.0901,224.29,6530
2015-06-03 10:45:00,224.35,224.54,224.21,224.54,6962
2015-06-03 11:00:00,224.54,225.0,224.53,224.81,4435
2015-06-03 11:15:00,224.76,224.81,224.49,224.75,5162
2015-06-03 11:30:00,224.76,224.87,224.41,224.43,8300
2015-06-03 11:45:00,224.5,224.58,223.87,224.18,12021
2015-06-03 12:00:00,224.05,224.26,223.85,224.15,6638
2015-06-03 12:15:00,224.1731,224.19,223.94,224.03,7262
2015-06-03 12:30:00,224.01,224.16,223.8,224.15,5900
2015-06-03 12:45:00,224.15,224.17,223.59,223.7,6972
2015-06-03 13:00:00,223.79,224.03,223.59,223.92,10915
2015-06-03 13:15:00,223.96,224.2,223.74,224.2,5206
2015-06-03 13:30:00,224.18,224.33,223.93,224.23,8990
2015-06-03 13:45:00,224.31,224.31,224.03,224.08,3924
2015-06-03 14:00:00,224.01,224.01,223.76,223.76,14686
2015-06-03 14:15:00,223.81,224.17,223.8,224.115,9889
2015-06-03 14:30:00,224.16,224.35,224.09,224.32,3300
2015-06-03 14:45:00,224.32,224.39,224.12,224.23,3896
2015-06-03 15:00:00,224.355,224.45,224.26,224.29,6939
2015-06-03 15:15:00,224.29,224.57,224.25,224.51,14342
2015-06-03 15:30:00,224.47,224.48,224.09,224.22,11578
2015-06-03 15:45:00,224.22,224.83,224.17,224.4669,14726
2015-06-03 16:00:00,224.37,224.41,224.05,224.24,19734
2015-06-04 09:45:00,223.11,224.86,222.93,223.85,11794
2015-06-04 10:00:00,224.0162,224.0162,223.13,223.19,5850
2015-06-04 10:15:00,223.19,224.07,223.19,223.54,11792
2015-06-04 10:30:00,223.6,223.76,223.11,223.12,10679
2015-06-04 10:45:00,223.17,223.62,222.63400000000001,223.48,8165
2015-06-04 11:00:00,223.4,223.5,222.7925,222.82,7300
2015-06-04 11:15:00,222.7874,223.6,222.645,223.6,20315
2015-06-04 11:30:00,223.44,223.5499,222.82,222.82,6238
2015-06-04 11:45:00,222.77,223.05,222.49,222.75,8261
2015-06-04 12:00:00,222.7,223.23,222.51,223.06,17523
2015-06-04 12:15:00,223.06,223.08,222.75,222.77,4057
2015-06-04 12:30:00,222.93,223.18,222.87,223.16,3820
2015-06-04 12:45:00,223.11,223.3,222.9,222.91,3468
2015-06-04 13:00:00,222.85,222.99,222.55,222.75,6917
2015-06-04 13:15:00,222.69,223.08,222.51,223.03,8625
2015-06-04 13:30:00,222.93,222.93,222.48,222.715,7379
2015-06-04 13:45:00,222.64,222.8001,222.45,222.7,5671
2015-06-04 14:00:00,222.61,222.61,222.21,222.33,9101
2015-06-04 14:15:00,222.31,222.36,222.08,222.2,8514
2015-06-04 14:30:00,222.38,222.38,222.09,222.23,14991
2015-06-04 14:45:00,222.13,222.47,222.03,222.36,14874
2015-06-04 15:00:00,222.31,222.4,221.96,221.96,9288
2015-06-04 15:15:00,221.96,222.3,221.96,222.21,12116
2015-06-04 15:30:00,222.21,222.24,221.87,222.0,34910
2015-06-04 15:45:00,222.0,222.33,221.945,222.22,13845
2015-06-04 16:00:00,222.14,222.24,221.89,222.12,39519
2015-06-05 09:45:00,221.61,222.35,221.0203,221.715,23186
2015-06-05 10:00:00,221.72,222.11,221.46,222.04,14402
2015-06-05 10:15:00,222.01,222.37599999999998,221.335,221.39,7327
2015-06-05 10:30:00,221.5,221.98,221.37,221.61,4150
2015-06-05 10:45:00,221.76,222.27,221.76,221.96,3900
2015-06-05 11:00:00,222.0999,222.0999,221.69,221.87,4696
2015-06-05 11:15:00,221.88,222.31,221.88,222.3,3687
2015-06-05 11:30:00,222.26,222.89,222.21,222.89,7300
2015-06-05 11:45:00,222.82,222.949,222.56,222.57,3873
2015-06-05 12:00:00,222.49,223.11,222.49,222.88,4600
2015-06-05 12:15:00,222.87,222.87,222.37,222.48,6841
2015-06-05 12:30:00,222.43,222.5,221.95,221.95,3800
2015-06-05 12:45:00,221.88,222.31,221.5,222.26,6988
2015-06-05 13:00:00,222.16,222.5,222.0,222.5,2392
2015-06-05 13:15:00,222.4,222.4,222.1056,222.1056,3450
2015-06-05 13:30:00,222.07,222.24,222.07,222.19,1400
2015-06-05 13:45:00,222.26,222.51,222.26,222.43,2625
2015-06-05 14:00:00,222.44,222.57,222.28,222.37,6683
2015-06-05 14:15:00,222.39,222.66,222.3722,222.52,8896
2015-06-05 14:30:00,222.46,222.64,222.08,222.32,6097
2015-06-05 14:45:00,222.32,222.43,222.17,222.17,4023
2015-06-05 15:00:00,222.16,222.58,222.01,222.58,6139
2015-06-05 15:15:00,222.58,222.63,222.31,222.54,10635
2015-06-05 15:30:00,222.51,222.51,222.16,222.28,7968
2015-06-05 15:45:00,222.28,222.45,221.81,221.97,19285
2015-06-05 16:00:00,222.0,222.25,221.9,222.1,25142
2015-06-08 09:45:00,221.61,222.97,221.61,222.24,16460
2015-06-08 10:00:00,222.23,222.46,221.86,222.2,16000
2015-06-08 10:15:00,222.07,222.55,222.0,222.55,9925
2015-06-08 10:30:00,222.6,222.82,222.37,222.5,7618
2015-06-08 10:45:00,222.59,223.14,222.57,222.81,6921
2015-06-08 11:00:00,222.81,223.09,222.72,222.8605,11308
2015-06-08 11:15:00,222.9,223.0,222.7,222.7,9479
2015-06-08 11:30:00,222.83,223.0491,222.38,222.38,5400
2015-06-08 11:45:00,222.36,222.62,222.29,222.49,3900
2015-06-08 12:00:00,222.35,222.495,222.21,222.37,9197
2015-06-08 12:15:00,222.38,222.49,222.15,222.36,6596
2015-06-08 12:30:00,222.42,222.75,222.35,222.72,10688
2015-06-08 12:45:00,222.72,222.89,222.51,222.51,15567
2015-06-08 13:00:00,222.58,222.65,222.0,222.055,8501
2015-06-08 13:15:00,222.08,222.42,222.08,222.23,5800
2015-06-08 13:30:00,222.29,222.35,222.04,222.22,12788
2015-06-08 13:45:00,222.07,222.2,221.79,222.16,15450
2015-06-08 14:00:00,222.16,222.27,222.06,222.15,5294
2015-06-08 14:15:00,222.15,222.23,221.94,222.04,8352
2015-06-08 14:30:00,222.11,222.13,221.92,222.03,8300
2015-06-08 14:45:00,222.21,222.65,222.2,222.59,7100
2015-06-08 15:00:00,222.47,222.75,222.35,222.58,7702
2015-06-08 15:15:00,222.63,222.63,222.26,222.46,9800
2015-06-08 15:30:00,222.46,222.53,222.08,222.19,11249
2015-06-08 15:45:00,222.19,222.46,222.06,222.24,13786
2015-06-08 16:00:00,222.15,222.3,221.76,221.86,56569
2015-06-09 09:45:00,221.41,222.895,220.78,221.86,10026
2015-06-09 10:00:00,221.71,222.35,221.55,222.09,8675
2015-06-09 10:15:00,221.9,222.33,221.555,222.19,11076
2015-06-09 10:30:00,222.05,222.06,221.62,221.84,13292
2015-06-09 10:45:00,221.77,222.29,221.41,222.2807,4760
2015-06-09 11:00:00,222.3,222.78,222.26,222.66,5773
2015-06-09 11:15:00,222.69,222.95,222.63,222.86,8480
2015-06-09 11:30:00,222.87,222.88,222.21599999999998,222.71,16120
2015-06-09 11:45:00,222.71,223.23,222.69,223.01,7656
2015-06-09 12:00:00,223.0847,223.46,222.93,223.1,12534
2015-06-09 12:15:00,223.07,223.21,223.0,223.05,4154
2015-06-09 12:30:00,222.99,223.28,222.83,222.92,7778
2015-06-09 12:45:00,223.04,223.06,222.8401,222.89,8480
2015-06-09 13:00:00,222.94,223.01,222.75,222.95,3911
2015-06-09 13:15:00,223.1,223.36,223.1,223.1808,6996
2015-06-09 13:30:00,223.18,223.4,223.04,223.37,3650
2015-06-09 13:45:00,223.22,223.4,222.83,222.83,11500
2015-06-09 14:00:00,222.93,223.14,222.795,222.83,3500
2015-06-09 14:15:00,223.04,223.31,223.04,223.15,3600
2015-06-09 14:30:00,223.24,223.6631,223.21,223.6631,4942
2015-06-09 14:45:00,223.7,223.95,223.7,223.85,5569
2015-06-09 15:00:00,223.79,223.79,223.0213,223.1,9656
2015-06-09 15:15:00,223.12,223.2084,222.67,222.82,7620
2015-06-09 15:30:00,222.875,223.04,222.63,222.84,8942
2015-06-09 15:45:00,222.84,223.0399,222.7,222.96,8702
2015-06-09 16:00:00,222.96,223.36,222.83,222.91,22574
2015-06-10 09:45:00,223.53,224.825,222.93,223.34,14652
2015-06-10 10:00:00,223.84,224.77,223.74,223.89,13782
2015-06-10 10:15:00,223.98,224.03,223.63,223.63,6492
2015-06-10 10:30:00,223.67,224.09,223.64,223.86,8425
2015-06-10 10:45:00,223.7,223.94,223.44,223.77599999999998,6403
2015-06-10 11:00:00,223.78799999999998,224.22,223.65,224.15,16161
2015-06-10 11:15:00,224.28,224.90900000000002,223.99200000000002,224.81,9146
2015-06-10 11:30:00,224.81,225.18,224.72,225.0501,6522
2015-06-10 11:45:00,225.23,225.23,224.8,224.91,5593
2015-06-10 12:00:00,224.9599,225.08,224.79,224.89,5216
2015-06-10 12:15:00,224.75,225.43,224.75,225.43,6163
2015-06-10 12:30:00,225.43,225.78,225.35,225.6,10028
2015-06-10 12:45:00,225.66,225.74,225.29,225.38,8828
2015-06-10 13:00:00,225.32,225.61,225.2315,225.52,8622
2015-06-10 13:15:00,225.52,225.74,225.35,225.42,7743
2015-06-10 13:30:00,225.42,225.42,224.99,225.26,11330
2015-06-10 13:45:00,225.26,225.47,225.19,225.37,6848
2015-06-10 14:00:00,225.42,225.54,225.33,225.4852,4449
2015-06-10 14:15:00,225.53,225.71900000000002,225.52,225.59,6734
2015-06-10 14:30:00,225.61,225.98,225.61,225.89,8437
2015-06-10 14:45:00,225.89,226.16,225.89,226.13,9879
2015-06-10 15:00:00,226.21,226.21,225.91,226.111,10210
2015-06-10 15:15:00,226.14,226.15,225.73,225.74,9465
2015-06-10 15:30:00,225.71,225.99,225.7,225.84,9864
2015-06-10 15:45:00,225.84,226.05,225.79,225.99,10849
2015-06-10 16:00:00,225.96,226.09,225.64,225.66,35913
2015-06-11 09:45:00,226.47,227.57,226.47,227.07,8803
2015-06-11 10:00:00,227.48,227.67,227.31,227.54,6436
2015-06-11 10:15:00,227.49,227.57,226.885,226.885,7959
2015-06-11 10:30:00,226.91,227.0,226.44,226.48,6590
2015-06-11 10:45:00,226.46,226.47,225.88,226.33,7937
2015-06-11 11:00:00,226.28,226.81,226.16,226.75,7926
2015-06-11 11:15:00,226.71,226.84,226.36,226.48,12362
2015-06-11 11:30:00,226.46,226.8,226.42,226.8,8620
2015-06-11 11:45:00,226.7825,226.98,226.73,226.97,9319
2015-06-11 12:00:00,226.9285,226.95,226.595,226.79,8819
2015-06-11 12:15:00,226.74,226.83,226.2,226.3,8856
2015-06-11 12:30:00,226.26,226.36,226.1,226.36,6596
2015-06-11 12:45:00,226.29,226.53,226.2201,226.515,6213
2015-06-11 13:00:00,226.51,226.56,226.33,226.39,9561
2015-06-11 13:15:00,226.385,226.45,226.23,226.3,20177
2015-06-11 13:30:00,226.3,226.44,226.19,226.26,5636
2015-06-11 13:45:00,226.33,226.33,225.94,226.05,7165
2015-06-11 14:00:00,226.04,226.28,225.99,226.28,5342
2015-06-11 14:15:00,226.28,226.50099999999998,226.1,226.47,5959
2015-06-11 14:30:00,226.5,226.56,226.09,226.22,6982
2015-06-11 14:45:00,226.25,226.26,225.9,225.9,30226
2015-06-11 15:00:00,225.9,226.0,225.6,225.96,12827
2015-06-11 15:15:00,225.94,226.37,225.92,226.22099999999998,14971
2015-06-11 15:30:00,226.14,226.27,225.68,225.68,38556
2015-06-11 15:45:00,225.68,226.12,225.62,225.91,10907
2015-06-11 16:00:00,225.9,226.11,225.57,226.11,23401
2015-06-12 09:45:00,225.1,225.94,224.79,224.85,17741
2015-06-12 10:00:00,224.85,225.65,224.8,225.49,14119
2015-06-12 10:15:00,225.59,226.33,225.4,225.975,10671
2015-06-12 10:30:00,226.04,226.19,225.55,226.16,5653
2015-06-12 10:45:00,225.97,226.19,225.07,225.41,4303
2015-06-12 11:00:00,225.39,225.39,224.83,224.92,5327
2015-06-12 11:15:00,224.71,225.36,224.71,225.36,6801
2015-06-12 11:30:00,225.25,226.17,225.22,226.01,12670
2015-06-12 11:45:00,226.08,226.08,225.74,225.84,4582
2015-06-12 12:00:00,225.77,225.98,225.63,225.72,4066
2015-06-12 12:15:00,225.63,225.86,225.53,225.735,7857
2015-06-12 12:30:00,225.56,226.2,225.56,225.93,9570
2015-06-12 12:45:00,226.02,226.11,225.79,225.79,3000
2015-06-12 13:00:00,225.95,226.08,225.83,226.0,3328
2015-06-12 13:15:00,225.87,226.025,225.77,225.98,3525
2015-06-12 13:30:00,225.94,225.96,225.62,225.65,4202
2015-06-12 13:45:00,225.75,226.0,225.7,225.82,3120
2015-06-12 14:00:00,225.6,225.79,225.6,225.75,3950
2015-06-12 14:15:00,225.75,225.75,225.48,225.5,4767
2015-06-12 14:30:00,225.41,225.6,225.41,225.46,10600
2015-06-12 14:45:00,225.42,225.55,225.05,225.43,16971
2015-06-12 15:00:00,225.36,225.47,225.22,225.36,35948
2015-06-12 15:15:00,225.3,225.66,225.2175,225.52,22473
2015-06-12 15:30:00,225.55,225.92,225.5209,225.76,6922
2015-06-12 15:45:00,225.7,225.97,225.7,225.8,11218
2015-06-12 16:00:00,225.72,225.89,225.33,225.45,35310
2015-06-15 09:45:00,223.8,224.52,223.12,224.17,12713
2015-06-15 10:00:00,224.25,224.25,222.83,223.26,14029
2015-06-15 10:15:00,223.22,223.28,222.61,222.95,19515
2015-06-15 10:30:00,223.03,223.03,222.18,222.42,23185
2015-06-15 10:45:00,222.45,223.38,222.34,223.18400000000003,5550
2015-06-15 11:00:00,222.99,223.55,222.99,223.54,4924
2015-06-15 11:15:00,223.69,224.66,223.68,224.66,24706
2015-06-15 11:30:00,224.61,224.83,223.69,223.86,8484
2015-06-15 11:45:00,223.67,223.86,223.48,223.81,13074
2015-06-15 12:00:00,223.83,224.09,223.7,223.7,4043
2015-06-15 12:15:00,223.69,223.87,223.549,223.66,4250
2015-06-15 12:30:00,223.68,223.71,223.36,223.36,2061
2015-06-15 12:45:00,223.37,223.55,223.29,223.55,13767
2015-06-15 13:00:00,223.49,223.97,223.49,223.6,5268
2015-06-15 13:15:00,223.62,223.74,223.48,223.6975,4500
2015-06-15 13:30:00,223.79,224.01,223.61,223.92,5400
2015-06-15 13:45:00,223.66,223.86,223.21,223.3,4292
2015-06-15 14:00:00,223.3,224.07,223.28,223.61,8212
2015-06-15 14:15:00,223.59,223.68,223.45,223.65,6302
2015-06-15 14:30:00,223.73,224.08,223.61,223.91,10703
2015-06-15 14:45:00,223.8801,224.1,223.86,223.9,5293
2015-06-15 15:00:00,223.95,223.99,223.58,223.74,8902
2015-06-15 15:15:00,223.74,223.77,223.25,223.548,58556
2015-06-15 15:30:00,223.51,223.8584,223.4,223.8584,33242
2015-06-15 15:45:00,223.83,223.865,223.57,223.6,13650
2015-06-15 16:00:00,223.6,223.76,223.262,223.32,54535
2015-06-16 09:45:00,223.56,224.33,223.37,224.29,9918
2015-06-16 10:00:00,223.77,224.2125,223.61,224.2,5799
2015-06-16 10:15:00,224.29,224.57,223.46,223.55,8900
2015-06-16 10:30:00,223.46,224.13,223.24,223.86,7783
2015-06-16 10:45:00,223.865,224.44,223.865,224.4,6319
2015-06-16 11:00:00,224.35,224.38,223.9,223.98,3800
2015-06-16 11:15:00,223.98,224.695,223.93,224.48,4048
2015-06-16 11:30:00,224.57,224.69,224.45,224.58,2800
2015-06-16 11:45:00,224.57,224.6472,224.47,224.505,5500
2015-06-16 12:00:00,224.6,224.86,224.48,224.86,8398
2015-06-16 12:15:00,224.79,225.15,224.72,225.01,4505
2015-06-16 12:30:00,225.01,225.59,225.01,225.53,15750
2015-06-16 12:45:00,225.53,225.64,225.17,225.38,32627
2015-06-16 13:00:00,225.43,225.61,225.41,225.61,5300
2015-06-16 13:15:00,225.64,225.73,225.415,225.56,13250
2015-06-16 13:30:00,225.57,225.62,225.33,225.55,8300
2015-06-16 13:45:00,225.64,225.7,225.27,225.35,13786
2015-06-16 14:00:00,225.32,225.69,225.32,225.52,4600
2015-06-16 14:15:00,225.55,225.99,225.55,225.85,9511
2015-06-16 14:30:00,225.96,226.46,225.96,226.29,9128
2015-06-16 14:45:00,226.2,226.4,226.18,226.25,13908
2015-06-16 15:00:00,226.28,226.334,226.08,226.22,11519
2015-06-16 15:15:00,226.18,226.22,225.93,225.95,10578
2015-06-16 15:30:00,225.94,226.09,225.84,226.09,10461
2015-06-16 15:45:00,226.07,226.33,225.98,226.03,20314
2015-06-16 16:00:00,225.98,226.29,225.83,225.86,28117
2015-06-17 09:45:00,227.09,227.735,226.09,227.16,13130
2015-06-17 10:00:00,226.85299999999998,227.37,226.0,226.71,9209
2015-06-17 10:15:00,226.58,227.14,226.22,226.23,6250
2015-06-17 10:30:00,226.2,226.44,226.145,226.4,8859
2015-06-17 10:45:00,226.44,226.615,226.31,226.52,3803
2015-06-17 11:00:00,226.5,226.732,226.4375,226.58,4760
2015-06-17 11:15:00,226.52,226.52,225.93,226.1,21024
2015-06-17 11:30:00,226.1,226.23,225.3,225.3,16694
2015-06-17 11:45:00,225.4,225.79,225.4,225.66,5240
2015-06-17 12:00:00,225.43,226.0,225.43,225.91,3844
2015-06-17 12:15:00,225.91,225.93,225.56,225.62,4023
2015-06-17 12:30:00,225.57,225.62,225.3,225.37,10412
2015-06-17 12:45:00,225.39,225.41,224.72,224.77,24382
2015-06-17 13:00:00,224.68,224.88,224.24,224.47,12752
2015-06-17 13:15:00,224.47,225.09,224.47,225.09,11578
2015-06-17 13:30:00,225.07,225.07,224.63,224.63,7894
2015-06-17 13:45:00,224.59,224.67,224.49,224.67,5000
2015-06-17 14:00:00,224.62,225.03,224.62,224.84,3407
2015-06-17 14:15:00,224.71,225.93,224.08,225.78,8761
2015-06-17 14:30:00,225.83,225.94,225.32,225.37,6449
2015-06-17 14:45:00,225.32,226.449,225.32,226.39,9362
2015-06-17 15:00:00,226.38,226.58,226.3,226.46,5959
2015-06-17 15:15:00,226.41,226.43,226.0301,226.29,10677
2015-06-17 15:30:00,226.38,226.61,226.26,226.5875,27265
2015-06-17 15:45:00,226.56,226.71,226.2,226.31,19790
2015-06-17 16:00:00,226.25,226.34,225.94,226.17,21225
2015-06-18 09:45:00,226.52,228.19,226.52,227.6,14929
2015-06-18 10:00:00,227.52,228.89,227.5,227.77,17169
2015-06-18 10:15:00,227.76,228.72,227.48,227.9369,15643
2015-06-18 10:30:00,228.0,228.43,227.78,228.41,10900
2015-06-18 10:45:00,228.42,229.13,228.42,228.69,27116
2015-06-18 11:00:00,228.6895,229.05,228.58,228.95,36457
2015-06-18 11:15:00,228.95,228.96,228.51,228.51,12546
2015-06-18 11:30:00,228.59,229.32,228.59,229.32,28993
2015-06-18 11:45:00,229.35,229.84,229.27,229.62,10451
2015-06-18 12:00:00,229.63,229.89,229.5,229.77,48123
2015-06-18 12:15:00,229.5901,229.71,229.16,229.3365,22447
2015-06-18 12:30:00,229.37,229.79,229.24,229.72,10222
2015-06-18 12:45:00,229.74,229.98,229.35,229.51,5552
2015-06-18 13:00:00,229.5,229.59,229.02,229.13,7761
2015-06-18 13:15:00,229.09,229.26,228.9133,229.03,6168
2015-06-18 13:30:00,229.0,229.03,228.68,228.97,6700
2015-06-18 13:45:00,228.95,229.08,228.79,228.9,6243
2015-06-18 14:00:00,229.0,229.1,228.7235,229.1,8398
2015-06-18 14:15:00,229.07,229.47,229.04,229.2259,7414
2015-06-18 14:30:00,229.1813,229.32,228.99,228.99,7525
2015-06-18 14:45:00,228.88,229.17,228.87,229.16,9393
2015-06-18 15:00:00,229.16,229.56,229.16,229.32,13113
2015-06-18 15:15:00,229.38,229.38,229.1,229.19,22737
2015-06-18 15:30:00,229.2,229.69,229.2,229.64,20402
2015-06-18 15:45:00,229.65,229.81,229.45,229.585,30460
2015-06-18 16:00:00,229.53,229.65,229.26,229.33,30070
2015-06-19 09:45:00,229.63,230.44,228.0301,229.55,188583
2015-06-19 10:00:00,229.69,230.44,228.96,230.36,20074
2015-06-19 10:15:00,230.23,230.39,229.9216,230.08,13549
2015-06-19 10:30:00,230.03,230.73,229.99,230.73,19013
2015-06-19 10:45:00,230.7,230.8,229.975,230.08,34888
2015-06-19 11:00:00,230.06,230.1225,229.78,230.0,20715
2015-06-19 11:15:00,229.94,230.68,229.92,230.49,27451
2015-06-19 11:30:00,230.5,231.32,230.5,231.27,15662
2015-06-19 11:45:00,231.28,231.38,230.94,230.99,17303
2015-06-19 12:00:00,231.07,231.07,230.5,230.5,7791
2015-06-19 12:15:00,230.45,230.66,230.23,230.23,10326
2015-06-19 12:30:00,230.16,230.55,230.16,230.495,15139
2015-06-19 12:45:00,230.44,230.78,230.265,230.54,28215
2015-06-19 13:00:00,230.555,230.72,230.41,230.52,19242
2015-06-19 13:15:00,230.49,230.72,230.38,230.64,13119
2015-06-19 13:30:00,230.64,230.74,230.6,230.642,11057
2015-06-19 13:45:00,230.65,230.9,230.46,230.65,19402
2015-06-19 14:00:00,230.56,231.08,230.56,230.99,24101
2015-06-19 14:15:00,231.05,231.08,230.75,230.75,12670
2015-06-19 14:30:00,230.82,230.89,230.45,230.675,12542
2015-06-19 14:45:00,230.5975,231.01,230.51,230.86,12751
2015-06-19 15:00:00,230.85,230.87,230.67,230.67,11350
2015-06-19 15:15:00,230.69,230.69,230.34,230.37,11672
2015-06-19 15:30:00,230.33,230.33,230.0205,230.1,12902
2015-06-19 15:45:00,230.08,230.4,229.91,230.04,11752
2015-06-19 16:00:00,230.06,230.23,229.44,229.45,39685
2015-06-22 09:45:00,230.57,230.956,230.035,230.4,15887
2015-06-22 10:00:00,230.51,230.51,229.785,230.25,8516
2015-06-22 10:15:00,230.25,230.25,229.76,230.09,10356
2015-06-22 10:30:00,230.08,230.15,229.615,229.86,7793
2015-06-22 10:45:00,229.91,230.245,229.57,230.23,8629
2015-06-22 11:00:00,230.19,230.21,229.83,230.135,13061
2015-06-22 11:15:00,230.14,230.64,229.88,230.385,16211
2015-06-22 11:30:00,230.4,230.51,229.99,230.3,28456
2015-06-22 11:45:00,230.41,230.54,230.0,230.14,18391
2015-06-22 12:00:00,230.07,230.23,229.77,229.77,5900
2015-06-22 12:15:00,229.825,229.89,229.6,229.83,7636
2015-06-22 12:30:00,229.81,229.91,229.38,229.45,4824
2015-06-22 12:45:00,229.44,229.71,229.35,229.48,12244
2015-06-22 13:00:00,229.49,229.92,229.34,229.74,5298
2015-06-22 13:15:00,229.68,229.77,229.42,229.54,12294
2015-06-22 13:30:00,229.55,229.89,229.46,229.89,10769
2015-06-22 13:45:00,229.84,230.07,229.75,229.97,3644
2015-06-22 14:00:00,230.05,230.32,229.95,229.99,6445
2015-06-22 14:15:00,230.05,230.19,229.86,229.93,11942
2015-06-22 14:30:00,229.93,230.13,229.91,230.11,14122
2015-06-22 14:45:00,230.03,230.58,230.03,230.56,8863
2015-06-22 15:00:00,230.55,230.74,230.43,230.67,3799
2015-06-22 15:15:00,230.63,230.64700000000002,230.38,230.58,7800
2015-06-22 15:30:00,230.43,230.51,230.18,230.38,24657
2015-06-22 15:45:00,230.4,230.57,230.37,230.4524,9390
2015-06-22 16:00:00,230.47,230.73,230.36,230.65,38669
2015-06-23 09:45:00,230.95,231.81,230.2882,231.63,13475
2015-06-23 10:00:00,231.52,231.822,231.02,231.26,10396
2015-06-23 10:15:00,231.25,231.57,231.03,231.13,9419
2015-06-23 10:30:00,231.1,231.13,230.49,230.55,9005
2015-06-23 10:45:00,230.59,230.9199,230.59,230.68,6334
2015-06-23 11:00:00,230.66,231.29,230.55,231.29,7910
2015-06-23 11:15:00,231.25,231.53,231.01,231.2,16325
2015-06-23 11:30:00,231.15,231.3,231.015,231.2,21052
2015-06-23 11:45:00,231.21,231.5,231.11,231.268,11388
2015-06-23 12:00:00,231.26,231.44,231.08,231.15,7850
2015-06-23 12:15:00,231.15,231.15,230.695,230.82,6000
2015-06-23 12:30:00,230.77,230.98,230.665,230.83,6165
2015-06-23 12:45:00,230.77,230.89,230.53,230.79,19675
2015-06-23 13:00:00,230.89,231.19,230.805,231.16,5816
2015-06-23 13:15:00,231.16,231.22,231.095,231.17,3700
2015-06-23 13:30:00,231.05,231.31,231.02,231.17,16312
2015-06-23 13:45:00,231.04,231.5,231.03,231.45,2199
2015-06-23 14:00:00,231.4823,231.4823,231.27,231.28,3400
2015-06-23 14:15:00,231.41,231.77,231.3,231.3,8354
2015-06-23 14:30:00,231.4,231.5,231.27,231.34,9415
2015-06-23 14:45:00,231.27,231.68,231.2,231.51,15529
2015-06-23 15:00:00,231.58,231.7212,231.57,231.6831,4893
2015-06-23 15:15:00,231.56,231.745,231.52,231.65,4252
2015-06-23 15:30:00,231.58,231.82,231.57,231.72,9568
2015-06-23 15:45:00,231.74,232.24,231.73,232.04,17650
2015-06-23 16:00:00,232.05,232.05,231.72,231.73,17542
2015-06-24 09:45:00,230.83,231.8,230.83,231.0,16695
2015-06-24 10:00:00,231.04,231.13,230.675,230.83,8848
2015-06-24 10:15:00,230.815,230.815,230.34,230.47,7164
2015-06-24 10:30:00,230.35,230.75,229.845,230.685,7599
2015-06-24 10:45:00,230.74,231.13,230.635,231.13,14285
2015-06-24 11:00:00,231.03,231.17,230.57,231.17,20228
2015-06-24 11:15:00,231.01,231.1875,230.83,230.95,13259
2015-06-24 11:30:00,230.89,231.71,230.86,231.7,10514
2015-06-24 11:45:00,231.665,231.665,231.2,231.41,5698
2015-06-24 12:00:00,231.44,231.5199,231.07,231.07,5434
2015-06-24 12:15:00,231.01,231.1,230.66,231.1,3729
2015-06-24 12:30:00,230.99,231.09,230.38,230.39,6231
2015-06-24 12:45:00,230.3,230.65900000000002,230.14,230.49,24300
2015-06-24 13:00:00,230.5,231.02,230.44,230.84,23464
2015-06-24 13:15:00,230.83,230.95,230.7,230.76,6440
2015-06-24 13:30:00,230.82,230.94,230.51,230.51,3882
2015-06-24 13:45:00,230.5001,230.57,230.23,230.29,6033
2015-06-24 14:00:00,230.25,230.49,230.25,230.4,5678
2015-06-24 14:15:00,230.49,230.505,230.23,230.27,8636
2015-06-24 14:30:00,230.27,230.35,230.06,230.29,12745
2015-06-24 14:45:00,230.28,230.76,230.28,230.7,6414
2015-06-24 15:00:00,230.7,231.0,230.64,230.9,10237
2015-06-24 15:15:00,230.895,230.97,230.71,230.9,9048
2015-06-24 15:30:00,230.9,230.9,230.52,230.77,7532
2015-06-24 15:45:00,230.89,231.02,230.65900000000002,230.81,18725
2015-06-24 16:00:00,230.7501,230.7501,229.95,230.19,32916
2015-06-25 09:45:00,230.96,231.757,230.61,231.51,13352
2015-06-25 10:00:00,231.48,231.75,231.1504,231.25,9108
2015-06-25 10:15:00,231.67,231.86,231.46,231.76,7877
2015-06-25 10:30:00,231.54,231.915,231.21,231.88,10654
2015-06-25 10:45:00,231.95,231.95,231.4,231.48,12501
2015-06-25 11:00:00,231.485,232.18,231.485,232.1,11213
2015-06-25 11:15:00,232.135,232.64,231.87,232.62,18340
2015-06-25 11:30:00,232.61,233.02,232.5,233.0,14840
2015-06-25 11:45:00,232.985,233.105,232.76,232.95,11235
2015-06-25 12:00:00,232.95,233.025,232.56,233.025,8275
2015-06-25 12:15:00,232.92,233.02,232.84,233.0,13439
2015-06-25 12:30:00,233.04,233.295,232.92,233.12,14800
2015-06-25 12:45:00,233.1599,233.45,233.15,233.24,19258
2015-06-25 13:00:00,233.345,233.345,232.85,233.08,14483
2015-06-25 13:15:00,233.05,233.05,232.2,232.3095,45031
2015-06-25 13:30:00,232.3,232.38,231.81,232.12,25197
2015-06-25 13:45:00,232.13,232.415,231.92,232.33,6431
2015-06-25 14:00:00,232.27,232.53,232.24,232.53,6200
2015-06-25 14:15:00,232.4,232.45,231.76,231.87,8607
2015-06-25 14:30:00,231.875,232.03,231.76,231.795,8799
2015-06-25 14:45:00,231.85,231.89,231.7,231.8214,7531
2015-06-25 15:00:00,231.8608,231.875,231.57,231.653,8071
2015-06-25 15:15:00,231.6,232.2,231.57,232.11,11300
2015-06-25 15:30:00,232.16,232.23,231.96,231.96,9778
2015-06-25 15:45:00,231.99,232.035,231.57,231.61,10560
2015-06-25 16:00:00,231.635,231.99,231.62,231.78,39045
2015-06-26 09:45:00,232.93,233.5,232.23,233.26,12150
2015-06-26 10:00:00,233.34,233.84,232.64,233.025,16414
2015-06-26 10:15:00,233.14,233.5494,232.64,232.9024,8585
2015-06-26 10:30:00,232.9,233.17,232.61,233.06099999999998,9408
2015-06-26 10:45:00,233.215,233.215,232.61,232.87,7550
2015-06-26 11:00:00,232.78,232.98,232.68,232.84,9353
2015-06-26 11:15:00,232.83,233.21,232.82,233.16,22019
2015-06-26 11:30:00,233.16,233.41,233.16,233.26,6542
2015-06-26 11:45:00,233.28,233.44,232.58,232.75,7750
2015-06-26 12:00:00,232.69,232.75,232.49,232.55,5932
2015-06-26 12:15:00,232.418,232.76,232.39,232.76,7707
2015-06-26 12:30:00,232.78,232.94799999999998,232.45,232.6,12531
2015-06-26 12:45:00,232.59,232.59,232.075,232.27,7050
2015-06-26 13:00:00,232.1,232.23,231.61,231.8,6100
2015-06-26 13:15:00,231.65,232.07,231.5,231.65,13600
2015-06-26 13:30:00,231.83,231.92,231.57,231.92,6788
2015-06-26 13:45:00,231.96,232.42,231.87,232.34,4857
2015-06-26 14:00:00,232.33,232.33,231.86,232.02,4456
2015-06-26 14:15:00,232.09,232.11,231.89,231.98,5048
2015-06-26 14:30:00,231.99,232.13,231.88,232.13,6580
2015-06-26 14:45:00,231.98,232.08,231.9,231.94,6000
2015-06-26 15:00:00,231.73,232.11,231.67,231.85,4760
2015-06-26 15:15:00,231.85,232.5,231.85,232.4,12509
2015-06-26 15:30:00,232.4,232.66,232.16,232.66,13225
2015-06-26 15:45:00,232.63,232.665,231.89,231.97,45417
2015-06-26 16:00:00,232.01,232.49,231.9,232.48,23589
2015-06-29 09:45:00,231.08,231.13,228.86,229.12,26646
2015-06-29 10:00:00,229.4,230.5199,229.26,229.57,10205
2015-06-29 10:15:00,229.56,230.45,229.06799999999998,230.33,14940
2015-06-29 10:30:00,230.26,230.85,229.8,230.09,12414
2015-06-29 10:45:00,230.06,230.285,229.8,229.98,10209
2015-06-29 11:00:00,230.01,230.23,229.08,229.29,6800
2015-06-29 11:15:00,229.23,229.27,228.47,228.64,8829
2015-06-29 11:30:00,228.59,228.92,228.46,228.78,10376
2015-06-29 11:45:00,228.765,228.765,228.16,228.26,6181
2015-06-29 12:00:00,228.25,228.38,227.92,228.17,16180
2015-06-29 12:15:00,228.15,228.53,228.05,228.22,9680
2015-06-29 12:30:00,228.08,228.11,227.76,228.01,12752
2015-06-29 12:45:00,227.95,228.044,227.53,227.59,6450
2015-06-29 13:00:00,227.59,227.85,227.51,227.72,9531
2015-06-29 13:15:00,227.7699,227.79,227.14,227.42,7201
2015-06-29 13:30:00,227.48,228.13,227.46,228.065,14678
2015-06-29 13:45:00,228.11,228.22,227.99,228.115,17163
2015-06-29 14:00:00,228.19,228.27,227.96,228.27,12503
2015-06-29 14:15:00,228.2088,228.21,227.82,227.89,16904
2015-06-29 14:30:00,227.87,228.06,227.75,227.79,27504
2015-06-29 14:45:00,227.83,228.34,227.61,228.34,26093
2015-06-29 15:00:00,228.38,228.52,227.92,227.93,14187
2015-06-29 15:15:00,227.86,228.19,227.72,227.8,21882
2015-06-29 15:30:00,227.66,227.82,227.37,227.54,20331
2015-06-29 15:45:00,227.45,227.55,226.98,227.071,20154
2015-06-29 16:00:00,227.09,227.09,226.268,226.48,47902
2015-06-30 09:45:00,228.65,228.68,227.0215,227.8,13156
2015-06-30 10:00:00,227.86,228.47,227.36,227.71,9898
2015-06-30 10:15:00,227.78,227.85,227.40200000000002,227.45,5232
2015-06-30 10:30:00,227.45,227.76,227.29,227.658,4320
2015-06-30 10:45:00,227.77,227.86,227.076,227.27,5775
2015-06-30 11:00:00,227.56,227.81,227.09,227.78,6450
2015-06-30 11:15:00,227.805,228.515,227.7,228.315,7065
2015-06-30 11:30:00,228.39,228.7225,228.05,228.05,9724
2015-06-30 11:45:00,228.11,228.11,227.62,227.7,6100
2015-06-30 12:00:00,227.65,227.745,227.17,227.18,4637
2015-06-30 12:15:00,227.19,227.27,227.15,227.19,3200
2015-06-30 12:30:00,227.19,227.37,226.8414,227.07,7419
2015-06-30 12:45:00,227.095,227.265,226.71,227.18,4410
2015-06-30 13:00:00,227.2736,227.43,227.03,227.37,12808
2015-06-30 13:15:00,227.54,228.26,227.4,228.15,7069
2015-06-30 13:30:00,228.145,228.28,227.71,228.18,26108
2015-06-30 13:45:00,228.205,228.715,228.18,228.58,5328
2015-06-30 14:00:00,228.43,228.825,228.4,228.4,5535
2015-06-30 14:15:00,228.37,229.17,228.31,229.06,20225
2015-06-30 14:30:00,229.0599,229.0599,228.59,228.8,10155
2015-06-30 14:45:00,228.78,228.85,227.99,228.14,8723
2015-06-30 15:00:00,228.11,228.11,227.7,227.7,13362
2015-06-30 15:15:00,227.77,228.07,227.43,227.43,27659
2015-06-30 15:30:00,227.46,227.66,227.16,227.33,15894
2015-06-30 15:45:00,227.29,227.63,226.87,226.88,21774
2015-06-30 16:00:00,226.92,227.33,225.0,225.98,187753
2015-07-01 09:45:00,228.01,229.615,227.77,229.195,21192
2015-07-01 10:00:00,229.29,229.325,228.32,228.52,19261
2015-07-01 10:15:00,228.63,229.52,228.52,229.52,16131
2015-07-01 10:30:00,229.43,229.83,229.0,229.83,15120
2015-07-01 10:45:00,229.592,230.3,229.23,230.3,20614
2015-07-01 11:00:00,230.23,230.55,229.78,230.49,18494
2015-07-01 11:15:00,230.5,230.515,230.04,230.11,12659
2015-07-01 11:30:00,230.12,231.02,230.12,230.72,64021
2015-07-01 11:45:00,230.735,231.38,230.73,230.98,28555
2015-07-01 12:00:00,231.1,231.32,230.89,230.89,19745
2015-07-01 12:15:00,230.87,230.96,229.79,229.8201,19967
2015-07-01 12:30:00,229.895,230.155,229.17,229.745,19284
2015-07-01 12:45:00,229.745,230.1916,229.745,230.0,8066
2015-07-01 13:00:00,229.96,230.24,229.8,229.965,7230
2015-07-01 13:15:00,229.84,229.975,229.68,229.94,13812
2015-07-01 13:30:00,230.0,230.26,229.8122,229.92,15464
2015-07-01 13:45:00,229.93,230.33,229.93,230.28,18108
2015-07-01 14:00:00,230.17,230.58,230.09,230.09,17353
2015-07-01 14:15:00,230.13,230.14,229.39,230.04,10249
2015-07-01 14:30:00,230.0,230.0,229.75,229.75,7296
2015-07-01 14:45:00,229.7,229.86,229.55,229.86,12035
2015-07-01 15:00:00,229.81,230.18,229.7,229.99,15338
2015-07-01 15:15:00,229.99,230.23,229.81,230.05,18914
2015-07-01 15:30:00,230.01,230.7,230.01,230.7,10934
2015-07-01 15:45:00,230.7,230.76,230.28,230.55,22780
2015-07-01 16:00:00,230.515,231.0,230.35,230.98,55704
2015-07-02 09:45:00,231.98,232.58,231.39,232.4,27442
2015-07-02 10:00:00,232.21,232.55,231.3,231.38,6269
2015-07-02 10:15:00,231.4,231.48,231.02,231.04,12115
2015-07-02 10:30:00,231.0899,231.49,230.9,231.33,9494
2015-07-02 10:45:00,231.48,231.49,231.11,231.36,7382
2015-07-02 11:00:00,231.2256,231.34,230.76,231.14,5455
2015-07-02 11:15:00,231.03,231.03,230.38,230.71,11610
2015-07-02 11:30:00,230.68,230.905,230.5101,230.6,6500
2015-07-02 11:45:00,230.51,230.9645,230.39,230.54,6879
2015-07-02 12:00:00,230.6201,230.88,230.42,230.83,6728
2015-07-02 12:15:00,230.76,230.84,230.24,230.45,5811
2015-07-02 12:30:00,230.46,230.58,230.15,230.29,13369
2015-07-02 12:45:00,230.29,230.555,230.2201,230.4,7227
2015-07-02 13:00:00,230.32,230.72,230.32,230.67,3520
2015-07-02 13:15:00,230.67,230.93,230.37,230.58,8736
2015-07-02 13:30:00,230.58,230.79,230.47,230.78,11185
2015-07-02 13:45:00,230.81,231.04,230.73,230.95,6971
2015-07-02 14:00:00,230.96,231.09,230.477,230.58,5780
2015-07-02 14:15:00,230.6339,230.78,230.57,230.57,3801
2015-07-02 14:30:00,230.56,230.945,230.56,230.81,4626
2015-07-02 14:45:00,230.81,230.8799,230.51,230.58,6053
2015-07-02 15:00:00,230.58,230.99,230.56,230.93,6756
2015-07-02 15:15:00,230.97,231.12,230.78,230.8763,9343
2015-07-02 15:30:00,230.85,231.4,230.76,231.38,9074
2015-07-02 15:45:00,231.4,231.4,230.91,231.19,12520
2015-07-02 16:00:00,231.24,231.49,231.024,231.25,34427
2015-07-06 09:45:00,229.3,231.97,229.0,231.94,14549
2015-07-06 10:00:00,231.418,231.94,231.418,231.92,3246
2015-07-06 10:15:00,231.92,232.595,231.33,232.5,5094
2015-07-06 10:30:00,232.394,232.84,232.3,232.83,6088
2015-07-06 10:45:00,232.6701,233.29,232.59,233.29,8239
2015-07-06 11:00:00,233.28,233.6799,233.27,233.39,9545
2015-07-06 11:15:00,233.47,233.54,233.29,233.54,11816
2015-07-06 11:30:00,233.56,233.56,232.885,232.89,7438
2015-07-06 11:45:00,232.89,233.00599999999997,232.69,232.69,6375
2015-07-06 12:00:00,232.71,233.15,232.71,233.15,12196
2015-07-06 12:15:00,233.0744,233.3,232.95,233.3,8026
2015-07-06 12:30:00,233.2775,233.31,233.015,233.115,8617
2015-07-06 12:45:00,232.98,233.01,232.43,232.72,18077
2015-07-06 13:00:00,232.64,232.64,232.4101,232.5,3316
2015-07-06 13:15:00,232.5,232.5066,232.3,232.3,3800
2015-07-06 13:30:00,232.26,232.26,231.68,231.81,4087
2015-07-06 13:45:00,231.78,231.805,231.5,231.64,5229
2015-07-06 14:00:00,231.83,231.83,231.49,231.5,14692
2015-07-06 14:15:00,231.39,231.62,231.12,231.62,7120
2015-07-06 14:30:00,231.48,231.53,231.14,231.22,4862
2015-07-06 14:45:00,231.17,231.375,231.17,231.26,5001
2015-07-06 15:00:00,231.215,231.52,231.215,231.43,11360
2015-07-06 15:15:00,231.32,231.64,231.27,231.61,6550
2015-07-06 15:30:00,231.62,231.887,231.43,231.86,9806
2015-07-06 15:45:00,231.88,232.4,231.82,232.08,9507
2015-07-06 16:00:00,232.15,232.68,232.08,232.54,24207
2015-07-07 09:45:00,233.25,233.39,232.225,232.81,12840
2015-07-07 10:00:00,232.81,232.93,232.42,232.63,6465
2015-07-07 10:15:00,232.34,232.51,231.84,232.46,6098
2015-07-07 10:30:00,232.325,232.66,231.76,232.0,9697
2015-07-07 10:45:00,231.9199,231.9199,230.97,231.29,15638
2015-07-07 11:00:00,231.33,232.27,231.15,231.97,13677
2015-07-07 11:15:00,231.928,232.27,231.72,232.12,17137
2015-07-07 11:30:00,232.02,232.165,231.22,231.56,12344
2015-07-07 11:45:00,231.43,231.95,231.11,231.95,10641
2015-07-07 12:00:00,231.8866,232.62,231.76,232.54,14032
2015-07-07 12:15:00,232.53,232.83,232.43,232.63,26055
2015-07-07 12:30:00,232.77,232.84,232.58,232.74,12800
2015-07-07 12:45:00,232.57,232.93,232.49,232.82,8905
2015-07-07 13:00:00,233.0,233.76,232.99,233.54,5411
2015-07-07 13:15:00,233.32,233.78,232.83,233.76,7800
2015-07-07 13:30:00,233.37,233.38,232.96,233.38,4400
2015-07-07 13:45:00,233.5,233.5,233.12,233.47,7475
2015-07-07 14:00:00,233.5547,233.5547,232.95,233.0,9300
2015-07-07 14:15:00,233.02,233.18,232.61,232.61,14341
2015-07-07 14:30:00,232.61,232.65,232.18,232.19,9315
2015-07-07 14:45:00,232.24,233.73,232.21,233.72,20242
2015-07-07 15:00:00,233.59,234.05,233.13,233.92,42256
2015-07-07 15:15:00,234.1,234.2,233.7,233.86,19164
2015-07-07 15:30:00,233.94,234.05,233.63,233.74,18964
2015-07-07 15:45:00,233.86,234.09,233.0,233.03,26802
2015-07-07 16:00:00,233.08,234.07,232.88,234.03,59797
2015-07-08 09:45:00,232.41,233.39,232.37,232.635,17295
2015-07-08 10:00:00,232.3334,233.01,232.122,232.49,11578
2015-07-08 10:15:00,232.605,232.605,231.86,232.0175,11865
2015-07-08 10:30:00,231.96,232.38,231.82,232.19,9683
2015-07-08 10:45:00,232.1525,232.22,231.58,232.22,9692
2015-07-08 11:00:00,232.2089,233.245,232.11,233.14,7505
2015-07-08 11:15:00,233.06,233.2,232.18,232.18,6350
2015-07-08 11:30:00,232.22,232.54,231.98,232.26,10504
2015-07-08 11:45:00,232.3,232.915,232.3,232.915,9400
2015-07-08 12:00:00,232.91,232.91,231.9801,232.41,12286
2015-07-08 12:15:00,232.24,232.7098,232.21,232.29,5691
2015-07-08 12:30:00,232.32,232.61,232.26,232.56,3900
2015-07-08 12:45:00,232.56,232.56,232.195,232.27,9453
2015-07-08 13:00:00,232.15,232.785,232.07,232.785,6955
2015-07-08 13:15:00,232.78,233.17,232.44,233.01,18066
2015-07-08 13:30:00,232.94,233.15,232.46,232.82,9876
2015-07-08 13:45:00,232.73,232.73,231.93,231.94,17309
2015-07-08 14:00:00,231.94,232.36,231.83,232.16,6720
2015-07-08 14:15:00,232.16,232.19,231.5,231.71,7636
2015-07-08 14:30:00,231.74,231.8,231.36,231.38,5800
2015-07-08 14:45:00,231.33,231.33,230.905,230.99,6650
2015-07-08 15:00:00,230.99,231.335,230.35,230.89,11498
2015-07-08 15:15:00,231.03,231.39,230.91,231.36,8755
2015-07-08 15:30:00,231.29,231.49,230.92,231.09,23696
2015-07-08 15:45:00,230.9,231.63,230.9,231.25,25865
2015-07-08 16:00:00,231.2,231.245,230.76,230.77,39462
2015-07-09 09:45:00,233.51,233.96,232.21,233.1724,55111
2015-07-09 10:00:00,233.17,233.4,232.71,232.88,8542
2015-07-09 10:15:00,232.39,232.51,231.595,232.28,15118
2015-07-09 10:30:00,232.375,232.54,232.0,232.07,13413
2015-07-09 10:45:00,232.07,232.38,231.675,231.88,17919
2015-07-09 11:00:00,232.03599999999997,232.91,231.93,232.5976,13877
2015-07-09 11:15:00,232.6,233.5486,232.6,233.34,8610
2015-07-09 11:30:00,233.415,233.51,232.921,232.928,6626
2015-07-09 11:45:00,232.835,233.05,232.32,232.32,12104
2015-07-09 12:00:00,232.39,232.66,232.05,232.46,30032
2015-07-09 12:15:00,232.58,232.715,232.09,232.14,4784
2015-07-09 12:30:00,232.19,232.43,231.93,232.22,6600
2015-07-09 12:45:00,232.14,232.41,231.525,231.62,28447
2015-07-09 13:00:00,231.67,232.03,231.67,231.83,7524
2015-07-09 13:15:00,231.9,232.07,231.61,231.82,4987
2015-07-09 13:30:00,231.83,231.83,231.26,231.4,6800
2015-07-09 13:45:00,231.36,231.59,231.35,231.47,3763
2015-07-09 14:00:00,231.45,231.75,231.32,231.64,7595
2015-07-09 14:15:00,231.6,231.71,231.11,231.13,26063
2015-07-09 14:30:00,231.12,231.12,230.47,230.67,16472
2015-07-09 14:45:00,230.83,231.09,230.57,231.09,10675
2015-07-09 15:00:00,231.01,231.47,230.94799999999998,231.395,5600
2015-07-09 15:15:00,231.5751,232.29,231.5751,232.13,7050
2015-07-09 15:30:00,232.2,232.347,231.79,231.92,14638
2015-07-09 15:45:00,231.75,232.2,231.68,232.06,8895
2015-07-09 16:00:00,231.98,232.13,231.35,231.43,25661
2015-07-10 09:45:00,234.29,234.69,233.19,234.46,11762
2015-07-10 10:00:00,234.19,234.85,233.72,234.54,14447
2015-07-10 10:15:00,234.53,234.67,234.26,234.45,9515
2015-07-10 10:30:00,234.48,234.825,234.345,234.71200000000002,8402
2015-07-10 10:45:00,234.82,234.99,234.14,234.44,3918
2015-07-10 11:00:00,234.51,235.02,234.495,234.725,20939
2015-07-10 11:15:00,234.72,235.02599999999998,234.7,234.81,12056
2015-07-10 11:30:00,234.84,235.075,234.82,235.03,27978
2015-07-10 11:45:00,234.9,235.25,234.895,235.21,10985
2015-07-10 12:00:00,235.29,235.93,235.29,235.93,12417
2015-07-10 12:15:00,235.875,236.06,235.69,236.06,14540
2015-07-10 12:30:00,236.0201,236.22,235.9875,236.167,8325
2015-07-10 12:45:00,236.1,236.2,235.94,236.04,6671
2015-07-10 13:00:00,236.04,236.25,235.995,236.22,3688
2015-07-10 13:15:00,236.21,236.31,236.01,236.1,14738
2015-07-10 13:30:00,236.01,236.12,235.84,235.96,14738
2015-07-10 13:45:00,235.905,235.905,235.52,235.73,5243
2015-07-10 14:00:00,235.695,235.695,235.39,235.58,6412
2015-07-10 14:15:00,235.57299999999998,235.99,235.53,235.9,4669
2015-07-10 14:30:00,235.93,236.01,235.71,235.91,4200
2015-07-10 14:45:00,235.87,236.12,235.68,236.08,21635
2015-07-10 15:00:00,236.09,236.22,235.97,236.22,9536
2015-07-10 15:15:00,236.24,236.35,235.97,236.3101,20441
2015-07-10 15:30:00,236.31,236.63,236.2,236.2,9944
2015-07-10 15:45:00,236.2,236.28,236.11,236.2,7710
2015-07-10 16:00:00,236.1,236.33,235.94,235.94,33161
2015-07-13 09:45:00,238.27,239.88,237.46,238.57,34132
2015-07-13 10:00:00,238.25,238.685,237.5,237.6,13127
2015-07-13 10:15:00,237.68,237.73,236.93,237.1375,14757
2015-07-13 10:30:00,237.14,237.7,237.14,237.6,10182
2015-07-13 10:45:00,237.5,237.7277,237.34,237.49,9961
2015-07-13 11:00:00,237.5,237.8,237.1997,237.54,14571
2015-07-13 11:15:00,237.71,238.02,237.6,237.6,12867
2015-07-13 11:30:00,237.57,237.62,237.33,237.34,14208
2015-07-13 11:45:00,237.425,237.63,237.35,237.55,12888
2015-07-13 12:00:00,237.57,237.89,237.52,237.87,5744
2015-07-13 12:15:00,237.9,237.9,237.48,237.6,7424
2015-07-13 12:30:00,237.6,237.75,237.47,237.75,4977
2015-07-13 12:45:00,237.785,237.888,237.68,237.745,4679
2015-07-13 13:00:00,237.69,238.05,237.69,238.05,4508
2015-07-13 13:15:00,238.07,238.19,238.0,238.165,4648
2015-07-13 13:30:00,238.08,238.29,238.02,238.03,4809
2015-07-13 13:45:00,238.11,238.17,237.93,238.09,4700
2015-07-13 14:00:00,238.055,238.07,237.66,237.82,6247
2015-07-13 14:15:00,237.78,238.62,237.78,238.57,11728
2015-07-13 14:30:00,238.56,238.72,238.19,238.305,7634
2015-07-13 14:45:00,238.34,238.58,238.28,238.3665,13587
2015-07-13 15:00:00,238.45,238.88,238.41,238.74,10400
2015-07-13 15:15:00,238.83,239.0,238.65,238.96,8935
2015-07-13 15:30:00,238.915,239.39,238.81,239.1703,13647
2015-07-13 15:45:00,239.25,239.69,239.17,239.65,25474
2015-07-13 16:00:00,239.66,240.2,239.64,239.805,47243
2015-07-14 09:45:00,240.52,240.52,238.65,238.80200000000002,21735
2015-07-14 10:00:00,238.64,238.66,238.17,238.315,10380
2015-07-14 10:15:00,238.255,238.255,237.36,237.36,16513
2015-07-14 10:30:00,237.39,237.39700000000002,236.9978,236.9978,25610
2015-07-14 10:45:00,237.01,237.08,236.66,236.66,16819
2015-07-14 11:00:00,236.74,236.81,236.495,236.625,18042
2015-07-14 11:15:00,236.625,237.25,236.625,237.13,12633
2015-07-14 11:30:00,237.11,237.215,237.0,237.08,17704
2015-07-14 11:45:00,237.03,237.0699,236.41,236.62099999999998,11923
2015-07-14 12:00:00,236.67,237.11,236.57,237.08,9727
2015-07-14 12:15:00,237.09,237.269,237.05,237.2625,6000
2015-07-14 12:30:00,237.2399,237.51,237.06,237.36,16294
2015-07-14 12:45:00,237.5,237.54,237.14,237.22,7214
2015-07-14 13:00:00,237.2,237.2,236.535,236.59,9920
2015-07-14 13:15:00,236.57,236.7595,236.55,236.65,11800
2015-07-14 13:30:00,236.635,236.75,236.53,236.64,8467
2015-07-14 13:45:00,236.67,236.68,236.55,236.62,10110
2015-07-14 14:00:00,236.64,236.99,236.64,236.98,8715
2015-07-14 14:15:00,236.94,237.23,236.94,237.19,10255
2015-07-14 14:30:00,237.19,237.48,237.19,237.37,10296
2015-07-14 14:45:00,237.34,237.53,237.08,237.19,17711
2015-07-14 15:00:00,237.09,237.15,236.99,237.1125,10924
2015-07-14 15:15:00,237.08,237.35,237.08,237.31,22811
2015-07-14 15:30:00,237.26,237.5499,237.22,237.495,18357
2015-07-14 15:45:00,237.475,237.72,237.386,237.394,14680
2015-07-14 16:00:00,237.54,237.57,237.22,237.28,26581
2015-07-15 09:45:00,237.29,238.74,237.08,237.9525,17637
2015-07-15 10:00:00,237.98,238.12,237.51,237.71,4800
2015-07-15 10:15:00,237.76,237.8975,237.45,237.74,6940
2015-07-15 10:30:00,237.73,238.28,237.63,238.18,5815
2015-07-15 10:45:00,238.08,238.3,237.99,238.14,7200
2015-07-15 11:00:00,238.11,238.22,237.93,238.1,17993
2015-07-15 11:15:00,238.1,238.23,237.97,238.1899,9232
2015-07-15 11:30:00,238.11,238.6799,238.06,238.47,27911
2015-07-15 11:45:00,238.47,238.69,238.27,238.69,6400
2015-07-15 12:00:00,238.85,238.94,238.293,238.4779,19307
2015-07-15 12:15:00,238.46,238.64,238.3,238.3,5723
2015-07-15 12:30:00,238.35,238.44,238.08,238.2,4800
2015-07-15 12:45:00,238.15,238.33,238.08,238.29,4496
2015-07-15 13:00:00,238.35,238.48,238.21,238.33,5759
2015-07-15 13:15:00,238.33,238.78,238.24,238.56,7706
2015-07-15 13:30:00,238.64,238.81,238.56,238.81,4300
2015-07-15 13:45:00,238.9,239.0,238.61,238.61,5000
2015-07-15 14:00:00,238.61,238.65,237.99,238.06,8919
2015-07-15 14:15:00,237.99,238.28,237.98,238.17,7842
2015-07-15 14:30:00,238.21,238.36,237.75,237.805,7834
2015-07-15 14:45:00,237.77,238.15,237.765,238.07,7000
2015-07-15 15:00:00,238.04,238.05,237.64,238.02,9770
2015-07-15 15:15:00,237.99,238.18,237.82,237.82,9209
2015-07-15 15:30:00,237.82,238.35,237.82,238.34,4932
2015-07-15 15:45:00,238.25,238.51,238.2,238.42,8526
2015-07-15 16:00:00,238.33,238.4,237.61,237.68,78651
2015-07-16 09:45:00,239.2,239.2,237.79,238.85,13806
2015-07-16 10:00:00,238.77,239.3,238.57,239.1,7872
2015-07-16 10:15:00,239.22,239.22,237.75,237.75,14214
2015-07-16 10:30:00,237.77,238.0,237.32,237.41,10241
2015-07-16 10:45:00,237.43,238.13,237.43,237.82,5832
2015-07-16 11:00:00,237.95,238.0,237.685,237.9,9468
2015-07-16 11:15:00,238.2,238.5,238.05,238.5,4187
2015-07-16 11:30:00,238.42,238.42,237.945,238.33,5898
2015-07-16 11:45:00,238.3736,238.85,238.3736,238.45,6829
2015-07-16 12:00:00,238.42,238.42,238.0401,238.08,4678
2015-07-16 12:15:00,237.98,238.065,237.58,237.78,17187
2015-07-16 12:30:00,237.76,238.47,237.75,238.3,21848
2015-07-16 12:45:00,238.32,238.5752,238.32,238.54,7825
2015-07-16 13:00:00,238.5555,238.99,238.54,238.99,13960
2015-07-16 13:15:00,238.96,239.14,238.88,239.14,3400
2015-07-16 13:30:00,239.15,239.28,238.795,239.04,7604
2015-07-16 13:45:00,239.18,239.18,238.98,238.99,9407
2015-07-16 14:00:00,239.01,239.02,238.28,238.28,5690
2015-07-16 14:15:00,238.2,238.34,238.04,238.21,7806
2015-07-16 14:30:00,238.165,238.48,238.03,238.48,11800
2015-07-16 14:45:00,238.41,238.52,238.25,238.35,13938
2015-07-16 15:00:00,238.32,238.6,238.17,238.54,12486
2015-07-16 15:15:00,238.51,238.7699,238.32,238.48,12370
2015-07-16 15:30:00,238.51,239.0,238.46,238.98,20795
2015-07-16 15:45:00,238.98,238.98,238.25,238.25,27531
2015-07-16 16:00:00,238.34,238.97,238.32,238.97,45081
2015-07-17 09:45:00,238.92,238.97,236.23,236.49,44703
2015-07-17 10:00:00,236.82,237.56,236.54,237.56,13124
2015-07-17 10:15:00,237.32,237.87,237.19,237.7,10450
2015-07-17 10:30:00,237.79,237.79,237.31,237.45,14547
2015-07-17 10:45:00,237.48,237.98,237.41,237.48,8932
2015-07-17 11:00:00,237.47,237.5,236.87,237.06,12838
2015-07-17 11:15:00,236.96,237.03,236.375,236.44,10005
2015-07-17 11:30:00,236.38,236.56,236.13,236.46,11650
2015-07-17 11:45:00,236.49,236.92,236.49,236.635,10153
2015-07-17 12:00:00,236.5,236.79,236.1,236.79,46892
2015-07-17 12:15:00,236.75,236.86,236.4,236.84,27861
2015-07-17 12:30:00,236.89,237.23,236.89,237.23,4166
2015-07-17 12:45:00,237.18,237.28,236.89,236.92,4400
2015-07-17 13:00:00,236.9,236.95,236.51,236.79,5430
2015-07-17 13:15:00,236.8,237.27,236.8,237.19,4407
2015-07-17 13:30:00,237.29,237.696,237.29,237.696,6022
2015-07-17 13:45:00,237.64,237.685,237.3,237.64,10175
2015-07-17 14:00:00,237.72,238.128,237.72,238.128,3309
2015-07-17 14:15:00,238.09,238.21,237.86,238.21,5232
2015-07-17 14:30:00,238.21,238.43,238.1,238.33,8613
2015-07-17 14:45:00,238.25,238.41,238.25,238.25,11369
2015-07-17 15:00:00,238.28,238.36,238.25,238.29,7452
2015-07-17 15:15:00,238.19,238.35,238.06,238.35,2961
2015-07-17 15:30:00,238.31,238.58,238.27,238.46,6989
2015-07-17 15:45:00,238.50900000000001,238.74,238.50900000000001,238.68,6232
2015-07-17 16:00:00,238.69,238.93,238.52,238.69,23354
2015-07-20 09:45:00,238.69,239.49,238.26,239.32,17740
2015-07-20 10:00:00,239.41,239.695,238.95,239.42,9716
2015-07-20 10:15:00,239.42,240.22,239.21,240.15,52131
2015-07-20 10:30:00,240.1,240.1,239.61,239.8,3933
2015-07-20 10:45:00,239.825,240.4,239.825,240.2,11684
2015-07-20 11:00:00,240.02,240.23,240.01,240.18,3750
2015-07-20 11:15:00,240.17,240.3,240.01,240.07,5729
2015-07-20 11:30:00,240.15,240.19,240.01,240.09,3292
2015-07-20 11:45:00,240.11,240.44,239.66,240.43,8091
2015-07-20 12:00:00,240.425,240.78,240.425,240.46,134045
2015-07-20 12:15:00,240.38,240.83,240.37,240.83,11425
2015-07-20 12:30:00,240.8,240.96,240.46,240.62,12284
2015-07-20 12:45:00,240.68,240.93,240.635,240.91,4874
2015-07-20 13:00:00,240.9099,241.03,240.76,240.87,6332
2015-07-20 13:15:00,240.92,241.02,240.86,240.89,2041
2015-07-20 13:30:00,241.01,241.41,241.01,241.41,3719
2015-07-20 13:45:00,241.29,241.5,241.23,241.465,8300
2015-07-20 14:00:00,241.47,241.48,241.27,241.31,22033
2015-07-20 14:15:00,241.35,241.37,240.76,240.76,6820
2015-07-20 14:30:00,240.78,240.78,240.4,240.57,8939
2015-07-20 14:45:00,240.58,240.63,240.46,240.575,5900
2015-07-20 15:00:00,240.61,240.75,240.5,240.6,10395
2015-07-20 15:15:00,240.6,240.68,240.45,240.4656,34417
2015-07-20 15:30:00,240.45,240.46,240.27,240.4,14200
2015-07-20 15:45:00,240.39,240.44,240.0,240.03,18818
2015-07-20 16:00:00,239.99099999999999,240.24,239.77,240.19,88523
2015-07-21 09:45:00,240.56,240.82,239.99,240.14,10020
2015-07-21 10:00:00,240.28,240.41,239.97,240.34,3952
2015-07-21 10:15:00,240.48,240.73,240.24,240.47,15098
2015-07-21 10:30:00,240.36,240.58,240.15,240.38,8424
2015-07-21 10:45:00,240.43,240.81,240.14,240.16,20806
2015-07-21 11:00:00,240.18,240.5,240.18,240.26,10600
2015-07-21 11:15:00,240.31,240.42,240.02,240.28,16937
2015-07-21 11:30:00,240.28,240.35,239.905,239.94,37088
2015-07-21 11:45:00,239.935,240.19,239.88,240.19,11813
2015-07-21 12:00:00,240.31,240.48,240.21,240.35,8140
2015-07-21 12:15:00,240.35,240.66,240.29,240.49,23636
2015-07-21 12:30:00,240.5899,240.5899,240.0,240.34,6300
2015-07-21 12:45:00,240.39,240.56,240.02,240.02,12735
2015-07-21 13:00:00,240.1,240.28,239.89,240.05,10827
2015-07-21 13:15:00,239.99,240.12,239.89,240.06,8977
2015-07-21 13:30:00,240.21,240.6,240.21,240.43,4214
2015-07-21 13:45:00,240.32,240.52,240.27,240.47,5308
2015-07-21 14:00:00,240.48,240.6601,240.4527,240.54,5053
2015-07-21 14:15:00,240.49,240.49,240.17,240.28,4535
2015-07-21 14:30:00,240.3,240.8,240.275,240.64,7065
2015-07-21 14:45:00,240.68,240.74,240.4187,240.6,4888
2015-07-21 15:00:00,240.55,240.55,240.05,240.25,39313
2015-07-21 15:15:00,240.3,240.34,240.12,240.21,13188
2015-07-21 15:30:00,240.22,240.33,240.06,240.09,24654
2015-07-21 15:45:00,240.08,240.29,240.08,240.21,29583
2015-07-21 16:00:00,240.18,240.2,239.62,239.71,69981
2015-07-22 09:45:00,239.71,241.51,239.6636,241.4216,17193
2015-07-22 10:00:00,241.42,241.42,240.78,240.9625,13875
2015-07-22 10:15:00,240.98,241.17,240.88,240.9599,8786
2015-07-22 10:30:00,240.895,241.32,240.86,241.27,6210
2015-07-22 10:45:00,241.13,241.4,241.06,241.23,5877
2015-07-22 11:00:00,241.18,241.44,240.95,241.22,3916
2015-07-22 11:15:00,241.32,241.4,241.04,241.2,21008
2015-07-22 11:30:00,241.06,241.06,240.58,240.77,6790
2015-07-22 11:45:00,240.8,240.87,240.59,240.74,9661
2015-07-22 12:00:00,240.74,240.74,240.08,240.34,33657
2015-07-22 12:15:00,240.38,240.525,240.055,240.3842,24630
2015-07-22 12:30:00,240.3,240.59,240.125,240.16,11952
2015-07-22 12:45:00,240.14,240.435,240.12,240.28,12570
2015-07-22 13:00:00,240.31,240.33,240.07,240.17,10928
2015-07-22 13:15:00,240.2788,240.2788,239.93,240.0005,11227
2015-07-22 13:30:00,240.06,240.26,239.77,240.26,12504
2015-07-22 13:45:00,240.25,240.52,240.23,240.4965,4900
2015-07-22 14:00:00,240.46,240.5899,240.27,240.5899,3700
2015-07-22 14:15:00,240.47,240.47,240.0,240.1315,9685
2015-07-22 14:30:00,240.207,240.7599,240.13,240.56,20204
2015-07-22 14:45:00,240.5801,240.9,240.54,240.555,6131
2015-07-22 15:00:00,240.79,240.84,240.62,240.74,15115
2015-07-22 15:15:00,240.7,240.88,240.64,240.75,6142
2015-07-22 15:30:00,240.71,240.96,240.61,240.78,7995
2015-07-22 15:45:00,240.76,240.83,240.58,240.68,10004
2015-07-22 16:00:00,240.68200000000002,240.94,240.6,240.65,36003
2015-07-23 09:45:00,241.04,241.04,240.03,240.03,10510
2015-07-23 10:00:00,240.24,240.62,240.08,240.23,5906
2015-07-23 10:15:00,240.13,240.61,240.03,240.495,10107
2015-07-23 10:30:00,240.62,240.99,240.47,240.91,5997
2015-07-23 10:45:00,241.05,241.76,240.77,241.76,8308
2015-07-23 11:00:00,241.74,242.11,241.39,242.0,26828
2015-07-23 11:15:00,242.075,244.04,242.075,243.99,44822
2015-07-23 11:30:00,243.76,244.31,242.56,242.945,52754
2015-07-23 11:45:00,242.91,242.91,241.7401,241.805,50363
2015-07-23 12:00:00,241.81,241.84,240.93,241.3,12016
2015-07-23 12:15:00,241.235,241.235,240.215,240.215,5700
2015-07-23 12:30:00,240.305,240.5599,240.045,240.33,6691
2015-07-23 12:45:00,240.32,240.66,240.32,240.59,3500
2015-07-23 13:00:00,240.58,240.65,240.37,240.5,5940
2015-07-23 13:15:00,240.48,240.74,240.46,240.69,5705
2015-07-23 13:30:00,240.8,240.96,240.45,240.74,6233
2015-07-23 13:45:00,240.67,240.79,240.61,240.67,3100
2015-07-23 14:00:00,240.63,240.91,240.37,240.37,4879
2015-07-23 14:15:00,240.22,240.475,240.13,240.26,9310
2015-07-23 14:30:00,240.35,240.53,240.26,240.53,5469
2015-07-23 14:45:00,240.44,240.49,240.28,240.36,8033
2015-07-23 15:00:00,240.29,240.48,240.145,240.46,10277
2015-07-23 15:15:00,240.41,240.43,240.11,240.24,10965
2015-07-23 15:30:00,240.205,240.42,240.195,240.35,13080
2015-07-23 15:45:00,240.32,240.58,240.29,240.57,20429
2015-07-23 16:00:00,240.46,240.98,240.41,240.66,56024
2015-07-24 09:45:00,240.6,241.36,240.01,241.36,16151
2015-07-24 10:00:00,241.29,242.85,241.13,242.58,32750
2015-07-24 10:15:00,242.8,242.8,242.02,242.02,24101
2015-07-24 10:30:00,242.0714,242.33,241.97,242.19,11434
2015-07-24 10:45:00,242.21,242.21,241.62,241.77,17316
2015-07-24 11:00:00,241.715,241.97,241.49,241.92,4434
2015-07-24 11:15:00,241.77,242.1,241.56,241.76,9025
2015-07-24 11:30:00,241.76,242.02,241.64,241.91,8000
2015-07-24 11:45:00,241.97,242.22,241.69,242.125,6616
2015-07-24 12:00:00,242.15,242.24,241.72099999999998,241.835,8276
2015-07-24 12:15:00,241.88,242.25,241.88,242.155,15106
2015-07-24 12:30:00,242.12,242.27,241.93,242.1175,6190
2015-07-24 12:45:00,242.09,242.09,241.73,241.94,4700
2015-07-24 13:00:00,241.91,242.08,241.76,241.87,12313
2015-07-24 13:15:00,241.89,242.55,241.89,242.4824,15526
2015-07-24 13:30:00,242.39,242.84,242.38,242.84,22076
2015-07-24 13:45:00,242.81,242.9,242.45,242.55,11508
2015-07-24 14:00:00,242.49,242.9,242.3,242.78,10589
2015-07-24 14:15:00,242.71,242.8,242.05,242.09,15658
2015-07-24 14:30:00,242.05,242.14,241.518,242.07,14549
2015-07-24 14:45:00,242.01,242.08,241.67,242.06,17421
2015-07-24 15:00:00,241.985,242.12,241.33,241.58,17797
2015-07-24 15:15:00,241.6,241.72,241.39,241.41,16136
2015-07-24 15:30:00,241.45,241.88,241.38,241.56,24308
2015-07-24 15:45:00,241.52,241.75,241.47,241.595,42819
2015-07-24 16:00:00,241.67,242.22,241.64,241.78,87286
2015-07-27 09:45:00,240.97,242.6,238.6,239.24,58741
2015-07-27 10:00:00,239.02,239.1,238.15,238.21,27247
2015-07-27 10:15:00,238.185,238.185,237.17,238.01,26152
2015-07-27 10:30:00,238.0,239.02,237.99,238.51,23400
2015-07-27 10:45:00,238.4,239.25,238.27,239.25,27470
2015-07-27 11:00:00,239.29,239.81,239.23,239.37,35839
2015-07-27 11:15:00,239.42,239.53,238.71,238.71,13899
2015-07-27 11:30:00,238.69,238.76,237.98,237.98,9918
2015-07-27 11:45:00,237.92,238.2846,237.6,238.23,11137
2015-07-27 12:00:00,238.29,239.26,238.28,239.07,18305
2015-07-27 12:15:00,239.07,239.07,238.665,238.725,11031
2015-07-27 12:30:00,238.66,238.95,238.47,238.505,16932
2015-07-27 12:45:00,238.54,238.7,238.34,238.34,9931
2015-07-27 13:00:00,238.31,238.31,237.92,238.14,12716
2015-07-27 13:15:00,238.12,238.31,238.08,238.17,14847
2015-07-27 13:30:00,238.14,238.725,238.02,238.68,15567
2015-07-27 13:45:00,238.69,238.69,238.44,238.6375,17272
2015-07-27 14:00:00,238.69,239.59,238.69,239.48,26405
2015-07-27 14:15:00,239.44,239.735,239.19,239.61,16617
2015-07-27 14:30:00,239.585,240.09,239.56,239.62,20900
2015-07-27 14:45:00,239.58,239.9,239.29,239.84,15216
2015-07-27 15:00:00,239.79,239.98,239.61,239.81,18510
2015-07-27 15:15:00,239.81,239.81,239.17,239.19,24650
2015-07-27 15:30:00,239.23,239.34,239.07,239.145,33704
2015-07-27 15:45:00,239.13,239.66,239.03,239.51,40128
2015-07-27 16:00:00,239.48,240.04,239.34,239.82,78412
2015-07-28 09:45:00,240.19,240.28,238.645,239.34,32468
2015-07-28 10:00:00,239.34,240.33,238.03,240.26,14700
2015-07-28 10:15:00,240.25,240.26,239.28,239.67,13717
2015-07-28 10:30:00,239.56,240.22,239.29,239.43,20043
2015-07-28 10:45:00,239.43,239.61,239.05,239.15,15310
2015-07-28 11:00:00,239.24,239.67,239.11,239.47,10647
2015-07-28 11:15:00,239.47,239.66,239.19,239.455,14062
2015-07-28 11:30:00,239.5,240.45,239.43,240.45,18364
2015-07-28 11:45:00,240.45,240.93,240.43,240.45,11290
2015-07-28 12:00:00,240.35,240.52,240.0,240.13,7735
2015-07-28 12:15:00,240.13,240.46,240.13,240.33,8206
2015-07-28 12:30:00,240.26,241.07,240.26,240.71,10706
2015-07-28 12:45:00,240.72,240.75,240.45,240.71,9637
2015-07-28 13:00:00,240.71,241.37,240.61,241.37,14725
2015-07-28 13:15:00,241.25,242.02,241.21,242.02,6741
2015-07-28 13:30:00,241.95,242.06,241.7901,241.7901,13561
2015-07-28 13:45:00,241.75,241.86,241.49,241.595,5560
2015-07-28 14:00:00,241.62,241.62,241.4,241.5,5801
2015-07-28 14:15:00,241.55,241.97,241.42,241.58,10374
2015-07-28 14:30:00,241.55,241.66,241.1,241.1,19994
2015-07-28 14:45:00,241.08,241.44,241.02,241.4,12765
2015-07-28 15:00:00,241.41,241.49,241.2431,241.44,10311
2015-07-28 15:15:00,241.49,241.54,240.88,240.88,21326
2015-07-28 15:30:00,240.88,241.3,240.88,240.94,26044
2015-07-28 15:45:00,240.86,241.24,240.75,241.22,42284
2015-07-28 16:00:00,241.22,241.4,240.69,240.98,59894
2015-07-29 09:45:00,240.95,241.91,240.0,241.19,13726
2015-07-29 10:00:00,241.19,241.38,240.4,240.57,34700
2015-07-29 10:15:00,240.59,241.46,240.48,241.15,36404
2015-07-29 10:30:00,241.0,241.78,240.885,241.05,14858
2015-07-29 10:45:00,241.03,241.47,240.69,240.76,22474
2015-07-29 11:00:00,240.7574,240.7574,240.1,240.2425,16824
2015-07-29 11:15:00,240.35,240.86,240.2,240.2,15074
2015-07-29 11:30:00,240.21,240.7899,240.0,240.0,11615
2015-07-29 11:45:00,240.08,240.57,240.08,240.4475,23966
2015-07-29 12:00:00,240.38,240.43,240.02,240.36,16123
2015-07-29 12:15:00,240.32,240.32,240.05,240.22,5400
2015-07-29 12:30:00,240.25,240.38,240.05,240.34,9034
2015-07-29 12:45:00,240.31,240.38,240.07,240.24,8398
2015-07-29 13:00:00,240.27,240.38,239.61,239.78,25742
2015-07-29 13:15:00,239.84,239.94,239.58,239.6901,8400
2015-07-29 13:30:00,239.88,239.98,239.72,239.83,12799
2015-07-29 13:45:00,239.82,239.91,239.45,239.8,15650
2015-07-29 14:00:00,239.72,239.77,238.421,238.93,21499
2015-07-29 14:15:00,238.96,240.25,238.61,238.87,35188
2015-07-29 14:30:00,239.01,240.18,238.98,240.06,18118
2015-07-29 14:45:00,240.17,241.47,240.17,240.97,21347
2015-07-29 15:00:00,240.97,240.97,240.34,240.34,25817
2015-07-29 15:15:00,240.33,241.05,239.68,240.75,52054
2015-07-29 15:30:00,240.7,241.28,240.67,240.89,35665
2015-07-29 15:45:00,241.06,241.96,240.77,241.93,46174
2015-07-29 16:00:00,241.95,242.445,241.54,241.65,104087
2015-07-30 09:45:00,246.41,247.0,242.38,243.58,78192
2015-07-30 10:00:00,243.449,243.77,240.65,242.38,39894
2015-07-30 10:15:00,242.69,243.42,240.91,242.0,33004
2015-07-30 10:30:00,241.99,242.42,239.21,239.2301,22152
2015-07-30 10:45:00,239.39,239.88,238.44,238.47,37649
2015-07-30 11:00:00,238.71,240.25,236.79,240.14,43637
2015-07-30 11:15:00,240.2199,241.43,239.18,240.32,22314
2015-07-30 11:30:00,239.82,241.48,239.82,241.22,22816
2015-07-30 11:45:00,241.39,242.31,241.06,242.31,34392
2015-07-30 12:00:00,242.1401,242.69,241.02,241.09,13533
2015-07-30 12:15:00,241.09,241.66,240.95,241.07,9489
2015-07-30 12:30:00,240.985,241.41,240.13,241.0,27072
2015-07-30 12:45:00,240.82,241.22,240.545,241.16,16617
2015-07-30 13:00:00,241.18,241.2,239.86,240.16,23646
2015-07-30 13:15:00,240.16,240.16,238.65,238.73,17688
2015-07-30 13:30:00,238.75,239.03,237.49,238.42,24801
2015-07-30 13:45:00,238.57,238.83,238.03,238.13,31007
2015-07-30 14:00:00,238.085,238.38,237.67,238.3,15675
2015-07-30 14:15:00,238.3625,239.07,238.345,238.57,14568
2015-07-30 14:30:00,238.54,238.55,237.24,237.24,27477
2015-07-30 14:45:00,237.2167,237.73,237.2101,237.43,14064
2015-07-30 15:00:00,237.4,238.5,237.28,238.17,14709
2015-07-30 15:15:00,238.2,238.99,238.1101,238.88,11418
2015-07-30 15:30:00,238.96,239.47,238.64,239.47,20229
2015-07-30 15:45:00,239.46,239.51,238.51,238.65,33095
2015-07-30 16:00:00,238.65,238.74,237.94,238.16,77795
2015-07-31 09:45:00,239.43,239.98,238.52,238.81,65669
2015-07-31 10:00:00,239.38,240.25,238.46,240.06,37406
2015-07-31 10:15:00,239.96,240.26,239.86,239.95,19810
2015-07-31 10:30:00,240.04,241.1,239.94,241.05200000000002,19379
2015-07-31 10:45:00,241.02,241.5913,240.86,241.5913,15386
2015-07-31 11:00:00,241.64,242.44,241.63,242.02,21718
2015-07-31 11:15:00,242.0299,242.14,241.75,241.77,12546
2015-07-31 11:30:00,241.76,242.24,241.74,242.06,10506
2015-07-31 11:45:00,242.02,242.5,241.94,242.445,39928
2015-07-31 12:00:00,242.42,242.79,242.39,242.66,18306
2015-07-31 12:15:00,242.56,242.64,242.18,242.18,14475
2015-07-31 12:30:00,242.33,242.33,241.3935,241.42,15060
2015-07-31 12:45:00,241.3942,241.51,240.84,241.39,23942
2015-07-31 13:00:00,241.45,241.63,240.79,240.79,7006
2015-07-31 13:15:00,240.79,241.82,240.79,241.55,8603
2015-07-31 13:30:00,241.61,241.75,240.83,240.83,11422
2015-07-31 13:45:00,240.83,241.08,240.69,241.01,13773
2015-07-31 14:00:00,240.99,241.49,240.99,241.11,11650
2015-07-31 14:15:00,241.01,241.61,240.97,241.12,9371
2015-07-31 14:30:00,241.16,241.18,240.55,240.98,10813
2015-07-31 14:45:00,240.9615,241.39,240.7,241.11,13342
2015-07-31 15:00:00,241.14,241.58,240.96,241.58,18447
2015-07-31 15:15:00,241.56,241.56,241.08,241.08,36115
2015-07-31 15:30:00,241.15,241.34,240.73,240.8799,20528
2015-07-31 15:45:00,240.88,241.03,240.54,240.91,24377
2015-07-31 16:00:00,240.86,240.95,240.23,240.32,92412
2015-08-03 09:45:00,241.3,241.93,240.14,240.21,27845
2015-08-03 10:00:00,240.81,240.9,239.73,240.65,15282
2015-08-03 10:15:00,240.58,240.59,239.93,240.1,19021
2015-08-03 10:30:00,240.05,240.05,238.98,239.3363,13581
2015-08-03 10:45:00,239.29,239.29,238.52,238.52,15139
2015-08-03 11:00:00,238.48,239.09,238.27,238.71,21668
2015-08-03 11:15:00,238.7,238.9799,238.498,238.83,16203
2015-08-03 11:30:00,238.78,239.0,238.755,238.92,5648
2015-08-03 11:45:00,238.9,239.91,238.9,239.91,8152
2015-08-03 12:00:00,239.885,239.98,239.67,239.8085,10409
2015-08-03 12:15:00,239.87,240.13,239.72,240.1,7013
2015-08-03 12:30:00,240.07,240.23,239.87,240.16,9325
2015-08-03 12:45:00,240.06,240.0899,239.65,239.78,33733
2015-08-03 13:00:00,239.74,239.87,239.58,239.71,58480
2015-08-03 13:15:00,239.6,239.74,239.43,239.47,13964
2015-08-03 13:30:00,239.6,240.03,239.535,240.03,6597
2015-08-03 13:45:00,240.09,240.46,239.82,240.46,4121
2015-08-03 14:00:00,240.3389,240.79,240.3,240.695,13125
2015-08-03 14:15:00,240.7,240.8,240.33,240.39,14467
2015-08-03 14:30:00,240.37,240.565,240.21,240.2422,7958
2015-08-03 14:45:00,240.35,240.48,240.22,240.44,7225
2015-08-03 15:00:00,240.48,240.48,239.65,239.78,11491
2015-08-03 15:15:00,240.01,240.19,239.87,239.9398,5400
2015-08-03 15:30:00,240.02,240.25,239.92,240.25,8037
2015-08-03 15:45:00,240.26,241.11,240.11,241.11,13226
2015-08-03 16:00:00,241.11,241.55,240.94,241.51,59850
2015-08-04 09:45:00,241.0,241.39,240.55,241.36,8572
2015-08-04 10:00:00,241.03,241.24,240.64,240.97,9710
2015-08-04 10:15:00,241.0,241.3884,240.51,241.3884,16573
2015-08-04 10:30:00,241.16,242.23,241.15,242.15,11488
2015-08-04 10:45:00,242.26,242.49,241.91,242.07,28419
2015-08-04 11:00:00,242.095,242.3999,241.7825,241.93,24276
2015-08-04 11:15:00,241.92,242.45,241.825,242.45,12650
2015-08-04 11:30:00,242.44,242.5,241.61,241.83,10183
2015-08-04 11:45:00,241.86,242.22,241.8,242.1598,4310
2015-08-04 12:00:00,242.16,242.2,241.73,241.88,8156
2015-08-04 12:15:00,241.98,242.55,241.825,242.5315,13909
2015-08-04 12:30:00,242.476,242.92,242.476,242.89,8416
2015-08-04 12:45:00,242.81,242.84,242.59,242.7,10074
2015-08-04 13:00:00,242.76,243.0,242.61,242.71,6386
2015-08-04 13:15:00,242.71,242.92,242.27,242.7,8412
2015-08-04 13:30:00,242.75,242.99,242.56,242.92,4531
2015-08-04 13:45:00,243.0,243.215,242.85,242.95,12513
2015-08-04 14:00:00,242.99,243.0,242.53,242.53,5400
2015-08-04 14:15:00,242.6,242.71,242.05,242.27,12071
2015-08-04 14:30:00,242.27,242.4,242.09,242.4,13408
2015-08-04 14:45:00,242.3,243.07,242.3,243.07,5765
2015-08-04 15:00:00,243.07,243.22,243.04,243.1,9541
2015-08-04 15:15:00,243.16,243.33,243.0701,243.0701,8997
2015-08-04 15:30:00,243.19,243.47,243.1001,243.46,9934
2015-08-04 15:45:00,243.305,243.62,243.2,243.28900000000002,24583
2015-08-04 16:00:00,243.24,243.53,243.15,243.43,41868
2015-08-05 09:45:00,245.0,245.0,243.28,244.5,32656
2015-08-05 10:00:00,244.4,245.21,244.4,244.68,9224
2015-08-05 10:15:00,244.63,244.82,244.14,244.405,10792
2015-08-05 10:30:00,244.31,244.7,244.31,244.685,5129
2015-08-05 10:45:00,244.71,244.755,244.4001,244.48,11187
2015-08-05 11:00:00,244.37,244.9699,244.37,244.945,12089
2015-08-05 11:15:00,244.97,245.31,244.9,245.31,9272
2015-08-05 11:30:00,245.26,245.39,245.07,245.2,6200
2015-08-05 11:45:00,245.26,245.59,245.21,245.58,7447
2015-08-05 12:00:00,245.56,245.71,245.25,245.33,10564
2015-08-05 12:15:00,245.17,245.5979,245.02,245.59,6572
2015-08-05 12:30:00,245.54,245.54,244.6385,244.77,7236
2015-08-05 12:45:00,244.66,244.95,244.36,244.73,10924
2015-08-05 13:00:00,244.79,244.7999,244.5,244.5,18260
2015-08-05 13:15:00,244.5489,244.72,244.31,244.66,9482
2015-08-05 13:30:00,244.735,244.8156,244.48,244.8156,4281
2015-08-05 13:45:00,244.78,245.17,244.69,245.06,7133
2015-08-05 14:00:00,245.13,245.33,244.88,245.3,6476
2015-08-05 14:15:00,245.26,245.27,244.65,244.75,14402
2015-08-05 14:30:00,244.67,244.72,244.41,244.49,23762
2015-08-05 14:45:00,244.55,244.67,244.18,244.21,8484
2015-08-05 15:00:00,244.39,244.46,243.98,244.02,8645
2015-08-05 15:15:00,244.01,244.62,243.99,244.52,24176
2015-08-05 15:30:00,244.54,244.595,244.31,244.51,12162
2015-08-05 15:45:00,244.49,244.53,244.19,244.29,15577
2015-08-05 16:00:00,244.37,244.535,244.0,244.16,45556
2015-08-06 09:45:00,244.13,245.12,243.2426,243.805,15501
2015-08-06 10:00:00,243.53,244.21,243.12,243.33,9478
2015-08-06 10:15:00,243.13,244.23,243.08,243.91,7560
2015-08-06 10:30:00,243.94,244.11,242.705,242.83,16230
2015-08-06 10:45:00,242.71,243.48,242.55,243.26,17705
2015-08-06 11:00:00,243.34,243.57,242.875,243.57,13573
2015-08-06 11:15:00,243.57,243.57,242.847,242.96,9803
2015-08-06 11:30:00,243.04,243.27,242.655,243.01,9345
2015-08-06 11:45:00,242.885,243.0,241.666,241.77,15962
2015-08-06 12:00:00,241.73,242.22,240.84,240.93,9578
2015-08-06 12:15:00,240.84,241.46,240.78,241.09,9925
2015-08-06 12:30:00,241.11,241.36,240.59,241.25,8257
2015-08-06 12:45:00,241.34,241.43,240.58,240.82,9508
2015-08-06 13:00:00,240.86,241.1276,240.71,240.78599999999997,6012
2015-08-06 13:15:00,240.77,241.8,240.77,241.7,13858
2015-08-06 13:30:00,241.89,242.48,241.74,242.37,14458
2015-08-06 13:45:00,242.42,242.505,242.12,242.47,5657
2015-08-06 14:00:00,242.4,242.76,241.66,241.88,6677
2015-08-06 14:15:00,241.735,241.84,241.28,241.5778,6817
2015-08-06 14:30:00,241.545,241.765,241.34,241.48,9569
2015-08-06 14:45:00,241.51,242.02,241.5,241.88,8380
2015-08-06 15:00:00,241.98,241.98,241.39,241.47,6556
2015-08-06 15:15:00,241.36,241.7642,241.28,241.61,22125
2015-08-06 15:30:00,241.42,241.55,240.87,240.89,6600
2015-08-06 15:45:00,240.88,241.21,240.87,240.955,10625
2015-08-06 16:00:00,241.02,241.51,240.97,241.18,26344
2015-08-07 09:45:00,241.96,242.51,241.34,241.9288,18336
2015-08-07 10:00:00,241.61,241.67,240.92,241.31,18240
2015-08-07 10:15:00,241.06,242.62,241.01,242.09,9643
2015-08-07 10:30:00,242.33,242.33,240.72,241.52,16498
2015-08-07 10:45:00,241.52,242.42,241.52,242.11,4672
2015-08-07 11:00:00,242.05,242.55,242.05,242.0585,3400
2015-08-07 11:15:00,242.13,242.33,241.52,241.9699,10089
2015-08-07 11:30:00,241.77,242.07,241.52,241.56,5850
2015-08-07 11:45:00,241.45,241.45,240.5,240.56,9023
2015-08-07 12:00:00,240.52,241.46,240.49,241.46,9822
2015-08-07 12:15:00,241.52,241.99,241.47,241.97,4000
2015-08-07 12:30:00,241.875,242.36,241.71,242.16,9048
2015-08-07 12:45:00,242.26,242.9,242.04,242.9,8329
2015-08-07 13:00:00,242.68,242.98,242.29,242.29,14200
2015-08-07 13:15:00,242.3,242.7,242.24,242.54,10858
2015-08-07 13:30:00,242.65,242.95,242.375,242.375,11058
2015-08-07 13:45:00,242.5,243.43400000000003,242.5,243.21,9016
2015-08-07 14:00:00,243.115,243.4499,243.03,243.41,10100
2015-08-07 14:15:00,243.38,243.73,242.98,243.73,8200
2015-08-07 14:30:00,243.65,243.98,243.28,243.8,10197
2015-08-07 14:45:00,243.86,243.9,243.26,243.4,5673
2015-08-07 15:00:00,243.35,243.46,243.04,243.34,5400
2015-08-07 15:15:00,243.53,243.959,243.46,243.6,10854
2015-08-07 15:30:00,243.5985,244.22,243.54,243.985,15300
2015-08-07 15:45:00,243.98,244.45,243.94,244.24,16232
2015-08-07 16:00:00,244.28,244.48,243.81,244.43,36161
2015-08-10 09:45:00,246.53,247.7,245.95,247.69,26703
2015-08-10 10:00:00,247.76,248.0,246.58,246.99,25017
2015-08-10 10:15:00,247.01,247.62,246.63,246.735,14218
2015-08-10 10:30:00,246.735,247.99,246.66,247.98,31609
2015-08-10 10:45:00,247.98,247.98,246.42,246.92,22492
2015-08-10 11:00:00,247.06,247.22,246.77,247.04,12986
2015-08-10 11:15:00,247.0191,247.85,246.97,247.61,15026
2015-08-10 11:30:00,247.63,248.0,247.41,247.47,15802
2015-08-10 11:45:00,247.48,247.94,247.17,247.225,8535
2015-08-10 12:00:00,247.24,247.94,247.24,247.645,10308
2015-08-10 12:15:00,247.645,247.645,247.25,247.29,10522
2015-08-10 12:30:00,247.36,247.82,247.36,247.665,5300
2015-08-10 12:45:00,247.73,247.87,247.6,247.61,4653
2015-08-10 13:00:00,247.58,247.9,247.48,247.48,7073
2015-08-10 13:15:00,247.44,247.66,247.39,247.61,8900
2015-08-10 13:30:00,247.64,248.04,247.41,247.93,6991
2015-08-10 13:45:00,247.9699,248.02,247.62,247.63,6805
2015-08-10 14:00:00,247.55,247.6,247.34,247.57,4729
2015-08-10 14:15:00,247.57,248.16,247.52,248.08,19427
2015-08-10 14:30:00,248.12,248.39,247.82,247.95,13237
2015-08-10 14:45:00,247.92,248.03,247.41299999999998,247.41299999999998,10062
2015-08-10 15:00:00,247.53799999999998,247.68,247.22,247.57,14103
2015-08-10 15:15:00,247.55,247.76,247.12,247.35,14629
2015-08-10 15:30:00,247.33,247.33,246.61,246.61,18613
2015-08-10 15:45:00,246.61,247.16,246.57,247.06,20286
2015-08-10 16:00:00,247.04,247.75,246.98,247.69,73478
2015-08-11 09:45:00,247.53,247.75,245.35,246.18,18833
2015-08-11 10:00:00,245.98,246.13,245.06,245.83,13638
2015-08-11 10:15:00,245.576,246.925,245.576,246.925,13454
2015-08-11 10:30:00,246.75,247.36,246.61,247.015,14988
2015-08-11 10:45:00,246.93,247.06,246.3,246.62,25372
2015-08-11 11:00:00,246.62,247.1099,246.33,246.53,8766
2015-08-11 11:15:00,246.51,246.71,245.93,246.05,8155
2015-08-11 11:30:00,245.95,246.3673,245.85,246.13,9093
2015-08-11 11:45:00,246.15,246.45,245.93,245.93,13350
2015-08-11 12:00:00,245.9,246.19,245.67,246.04,12595
2015-08-11 12:15:00,245.92,246.21,245.8,246.15,10550
2015-08-11 12:30:00,246.15,246.38,245.93,246.28,15400
2015-08-11 12:45:00,246.3,246.62,246.27,246.37,4100
2015-08-11 13:00:00,246.59,246.89,246.49,246.54,7457
2015-08-11 13:15:00,246.62,246.82,246.225,246.55,10950
2015-08-11 13:30:00,246.44,246.66,246.19,246.53,9272
2015-08-11 13:45:00,246.47,246.65,246.11,246.42,7139
2015-08-11 14:00:00,246.37,246.52,246.19,246.3,5950
2015-08-11 14:15:00,246.23,246.77,246.19,246.25,15650
2015-08-11 14:30:00,246.33,246.51,246.13,246.45,11613
2015-08-11 14:45:00,246.33,246.6,246.1,246.56400000000002,8371
2015-08-11 15:00:00,246.63,246.68,246.22,246.44,9199
2015-08-11 15:15:00,246.39,246.85,246.19,246.8,11955
2015-08-11 15:30:00,246.8,247.27,246.62,247.14,9869
2015-08-11 15:45:00,247.27,247.69,247.02,247.42,16655
2015-08-11 16:00:00,247.49,247.71,247.1,247.63,46493
2015-08-12 09:45:00,246.01,246.43,244.8,245.68,26744
2015-08-12 10:00:00,245.55,245.83,244.5,244.5,8761
2015-08-12 10:15:00,244.37,244.8399,244.05,244.28,12693
2015-08-12 10:30:00,244.24,244.76,243.65,243.96,13757
2015-08-12 10:45:00,243.91,244.55,243.5,244.12,9794
2015-08-12 11:00:00,243.99,244.2099,243.02,243.27,15084
2015-08-12 11:15:00,243.31,244.48,243.31,244.45,10809
2015-08-12 11:30:00,244.52,244.9399,244.29,244.43,7368
2015-08-12 11:45:00,244.3,244.49,243.61,243.61,7500
2015-08-12 12:00:00,243.57,243.57,242.78,243.15,13005
2015-08-12 12:15:00,243.12,243.65,242.8232,243.65,6206
2015-08-12 12:30:00,243.514,244.3,243.41400000000002,244.024,11061
2015-08-12 12:45:00,244.05,245.03,244.03400000000002,244.815,12120
2015-08-12 13:00:00,244.97,245.04,244.37,244.67,5532
2015-08-12 13:15:00,244.77,245.69,244.75,245.32,9706
2015-08-12 13:30:00,245.44,245.79,245.16,245.35,10290
2015-08-12 13:45:00,245.44,245.96,245.18,245.96,6100
2015-08-12 14:00:00,245.89,246.99,245.84,246.9124,10964
2015-08-12 14:15:00,246.8,247.1399,246.74,246.88,9050
2015-08-12 14:30:00,246.78,246.78,245.7,245.7,7441
2015-08-12 14:45:00,245.86,246.76,245.755,246.735,8904
2015-08-12 15:00:00,246.65,247.12,246.63,246.75,10394
2015-08-12 15:15:00,246.835,247.02,246.47,246.47,7819
2015-08-12 15:30:00,246.558,247.215,246.43,247.128,16952
2015-08-12 15:45:00,247.01,247.74,247.01,247.12,10268
2015-08-12 16:00:00,247.2,247.43,246.84,247.26,43350
2015-08-13 09:45:00,247.22,251.31,246.33,249.6,45001
2015-08-13 10:00:00,249.75,250.49,248.955,250.26,30236
2015-08-13 10:15:00,250.2,250.2,248.498,249.24599999999998,20312
2015-08-13 10:30:00,249.13,250.1,249.09,249.8,69574
2015-08-13 10:45:00,249.57,250.14,249.48,249.97,49997
2015-08-13 11:00:00,249.96,252.514,249.825,252.51,36626
2015-08-13 11:15:00,252.51,252.715,251.41,251.81,30370
2015-08-13 11:30:00,251.72,253.41,251.6201,252.657,36885
2015-08-13 11:45:00,252.49,254.05,252.48,253.29,29298
2015-08-13 12:00:00,253.3274,254.42,253.2709,254.42,20231
2015-08-13 12:15:00,254.41,255.12,253.88,254.51,24126
2015-08-13 12:30:00,254.58,255.5,253.82,255.22,22154
2015-08-13 12:45:00,255.22,255.7,255.0,255.42,15882
2015-08-13 13:00:00,255.57,255.91,255.25,255.27,16574
2015-08-13 13:15:00,255.188,255.92,255.145,255.59,15168
2015-08-13 13:30:00,255.495,256.0,255.21,255.79,30173
2015-08-13 13:45:00,255.67,256.0,255.4901,255.77,14232
2015-08-13 14:00:00,255.91,256.42,255.04,255.5583,24794
2015-08-13 14:15:00,255.52,256.515,255.14,256.29,16124
2015-08-13 14:30:00,256.16,256.289,255.71,255.84,10621
2015-08-13 14:45:00,255.83,255.83,255.2146,255.6388,14160
2015-08-13 15:00:00,255.6,255.94,254.715,254.86,20562
2015-08-13 15:15:00,254.845,255.06,254.41,254.77,21153
2015-08-13 15:30:00,254.76,255.01,253.9,253.9,28483
2015-08-13 15:45:00,253.89,253.89,252.97299999999998,253.54,40528
2015-08-13 16:00:00,253.57,254.13,253.57,253.92,55346
2015-08-14 09:45:00,254.22,254.95,252.4564,253.885,40624
2015-08-14 10:00:00,253.83,254.96,253.83,254.85,13217
2015-08-14 10:15:00,254.76,254.835,254.0,254.76,20706
2015-08-14 10:30:00,254.675,255.61,254.5,254.5,16616
2015-08-14 10:45:00,254.5,255.6,254.5,255.15,7897
2015-08-14 11:00:00,254.965,255.04,254.32,254.32,14473
2015-08-14 11:15:00,254.24,254.24,253.1,253.1,10100
2015-08-14 11:30:00,253.1238,254.19,253.115,254.155,16157
2015-08-14 11:45:00,253.85,253.87,253.29,253.8,14407
2015-08-14 12:00:00,253.67,254.09,253.52,254.09,6127
2015-08-14 12:15:00,254.005,254.005,252.85,252.85,17973
2015-08-14 12:30:00,252.91,253.42,252.91,253.07,5290
2015-08-14 12:45:00,253.34,253.885,253.34,253.79,6332
2015-08-14 13:00:00,253.6,253.77,253.21,253.63,6749
2015-08-14 13:15:00,253.59,253.9,253.39,253.9,5200
2015-08-14 13:30:00,253.9,254.1,253.71,253.88,5900
2015-08-14 13:45:00,254.17,254.23,253.62,253.67,4175
2015-08-14 14:00:00,253.6,253.65,253.2001,253.65,10252
2015-08-14 14:15:00,253.71,254.08,253.628,253.94,6051
2015-08-14 14:30:00,253.88,253.92,253.67,253.72,3377
2015-08-14 14:45:00,253.66,253.98,253.53,253.76,10536
2015-08-14 15:00:00,253.72,253.82,253.47,253.62,7634
2015-08-14 15:15:00,253.68,254.26,253.65,254.22,13977
2015-08-14 15:30:00,254.21,254.61,254.04,254.47,18010
2015-08-14 15:45:00,254.28,254.63,254.15,254.15,14060
2015-08-14 16:00:00,254.11,254.495,254.11,254.32,24007
2015-08-17 09:45:00,254.37,255.28,253.04,253.47,25029
2015-08-17 10:00:00,253.52,253.52,252.63,252.63,4851
2015-08-17 10:15:00,252.64,253.42,252.23,253.28,9588
2015-08-17 10:30:00,253.52,254.27,253.34,253.34,13728
2015-08-17 10:45:00,253.38,253.41,252.63,252.91,8327
2015-08-17 11:00:00,252.91,253.42,252.78599999999997,253.25,5550
2015-08-17 11:15:00,253.53,254.2285,253.41,253.78,5109
2015-08-17 11:30:00,253.95,253.95,253.48,253.69,4563
2015-08-17 11:45:00,253.65,253.92,253.50799999999998,253.805,5703
2015-08-17 12:00:00,253.76,254.37,253.76,253.9,8125
2015-08-17 12:15:00,253.77,254.26,253.58,253.58,6618
2015-08-17 12:30:00,253.58,253.91,253.48,253.91,5585
2015-08-17 12:45:00,253.935,254.39,253.89,254.39,3938
2015-08-17 13:00:00,254.32,254.46,254.04,254.37,3683
2015-08-17 13:15:00,254.4776,254.63,254.3,254.49,3310
2015-08-17 13:30:00,254.67,254.8699,254.32,254.4975,2878
2015-08-17 13:45:00,254.42,254.52,254.0548,254.29,4082
2015-08-17 14:00:00,254.32,254.66,254.2701,254.66,5219
2015-08-17 14:15:00,254.53,254.8,254.14,254.537,3501
2015-08-17 14:30:00,254.45,254.52,254.23,254.33,3250
2015-08-17 14:45:00,254.19,254.4,253.8,254.05,19365
2015-08-17 15:00:00,254.2,254.2,253.77,253.877,14025
2015-08-17 15:15:00,253.94,254.25,253.85,254.11,7450
2015-08-17 15:30:00,254.13,254.21,253.78,254.16,6184
2015-08-17 15:45:00,254.13,254.36,253.87,253.92,9945
2015-08-17 16:00:00,254.045,254.71,253.96,254.56,29128
2015-08-18 09:45:00,254.81,256.39,253.94,255.4,18415
2015-08-18 10:00:00,254.99,255.27,254.65,255.0137,5434
2015-08-18 10:15:00,255.27,255.29,254.71,255.19,6979
2015-08-18 10:30:00,254.9,255.48,254.7534,255.09,6440
2015-08-18 10:45:00,254.92,255.105,254.079,254.25,10927
2015-08-18 11:00:00,254.44,254.705,254.25,254.51,3000
2015-08-18 11:15:00,254.52,254.52,253.93,254.195,5327
2015-08-18 11:30:00,254.2,254.49,253.79,253.81,6300
2015-08-18 11:45:00,253.71,254.1,253.37,254.1,3457
2015-08-18 12:00:00,254.0455,254.355,253.865,254.07,27032
2015-08-18 12:15:00,254.07,254.46,253.99,254.24,6251
2015-08-18 12:30:00,254.335,254.335,253.8575,254.11,5051
2015-08-18 12:45:00,253.98,253.98,253.38,253.4318,4221
2015-08-18 13:00:00,253.37,253.79,252.95,253.0,18310
2015-08-18 13:15:00,253.17,253.38,252.7501,253.35,5070
2015-08-18 13:30:00,253.47,253.89,253.4,253.7575,6700
2015-08-18 13:45:00,253.7206,254.02,253.36,253.97799999999998,6022
2015-08-18 14:00:00,253.91,254.46,253.52,254.05,14859
2015-08-18 14:15:00,254.07,254.63,253.68,254.43,34825
2015-08-18 14:30:00,254.65,254.72,254.46,254.71,5165
2015-08-18 14:45:00,254.575,254.63,254.07,254.24,5870
2015-08-18 15:00:00,254.21,254.607,254.1,254.41,6950
2015-08-18 15:15:00,254.3,254.68,254.27,254.55,8114
2015-08-18 15:30:00,254.66,254.7399,254.35,254.46,5720
2015-08-18 15:45:00,254.38,254.62,254.23,254.53,6445
2015-08-18 16:00:00,254.45,254.7,254.36,254.55,20872
2015-08-19 09:45:00,254.45,254.56,252.56,253.65,17903
2015-08-19 10:00:00,253.6,253.71,252.66,252.91,7397
2015-08-19 10:15:00,252.96,254.345,252.75,254.085,11400
2015-08-19 10:30:00,254.22,254.7499,253.86,254.5,12180
2015-08-19 10:45:00,254.41,254.61,254.16,254.4,14175
2015-08-19 11:00:00,254.25,254.53,253.79,254.4,12173
2015-08-19 11:15:00,254.47,254.68,254.25,254.68,6745
2015-08-19 11:30:00,254.48,254.72,254.3,254.31,6724
2015-08-19 11:45:00,254.31,254.84,254.22,254.64,9500
2015-08-19 12:00:00,254.62,254.73,254.1,254.39,9255
2015-08-19 12:15:00,254.4,254.47,254.15,254.403,10595
2015-08-19 12:30:00,254.25,254.48,253.98,254.23,9025
2015-08-19 12:45:00,254.43,255.42,254.43,255.32,10153
2015-08-19 13:00:00,255.28,255.75,255.17,255.6156,7468
2015-08-19 13:15:00,255.6,256.08,255.41,256.08,8850
2015-08-19 13:30:00,256.26,256.54,255.89,255.89,11716
2015-08-19 13:45:00,255.87,256.56,255.87,256.56,9308
2015-08-19 14:00:00,256.46,256.7699,256.19,256.38,6395
2015-08-19 14:15:00,256.166,258.15,256.166,257.79,14994
2015-08-19 14:30:00,257.9,257.98,257.06,257.2336,9346
2015-08-19 14:45:00,257.21,257.62,257.03,257.03,12790
2015-08-19 15:00:00,256.97,256.97,255.83,255.86,9000
2015-08-19 15:15:00,255.83,256.4,255.63,256.036,22382
2015-08-19 15:30:00,256.05,256.74,255.57,256.63,10641
2015-08-19 15:45:00,256.59,257.04,256.12,256.53,18123
2015-08-19 16:00:00,256.59,257.03,256.42,256.42,48270
2015-08-20 09:45:00,253.82,255.27,253.52,255.0297,19870
2015-08-20 10:00:00,254.99,254.99,254.03,254.48,11465
2015-08-20 10:15:00,254.2012,254.2012,253.21,253.29,12965
2015-08-20 10:30:00,253.18,253.3687,252.46,252.775,18970
2015-08-20 10:45:00,252.94,253.5,252.75,253.43,10380
2015-08-20 11:00:00,253.29,253.8,253.24599999999998,253.6899,11903
2015-08-20 11:15:00,253.535,253.91,253.08,253.63,4751
2015-08-20 11:30:00,253.56,254.03,253.09,253.85,6032
2015-08-20 11:45:00,253.86,254.08,253.50900000000001,253.78,7803
2015-08-20 12:00:00,254.0,254.4,253.77,254.25,7357
2015-08-20 12:15:00,254.38,254.39,253.61,253.74,6066
2015-08-20 12:30:00,253.7,253.95,253.16,253.77,6864
2015-08-20 12:45:00,253.8,254.2548,253.62,253.76,13739
2015-08-20 13:00:00,253.69,253.84,253.05,253.07,14035
2015-08-20 13:15:00,253.07,253.4,252.69,253.03,14200
2015-08-20 13:30:00,253.0201,253.9,252.93,253.47,7514
2015-08-20 13:45:00,253.5,253.56,252.44,252.79,8364
2015-08-20 14:00:00,252.62,253.485,252.55,253.04,7264
2015-08-20 14:15:00,253.04,253.04,252.57,253.0,5500
2015-08-20 14:30:00,252.98,253.36,252.7,252.82,4962
2015-08-20 14:45:00,252.83,253.01,252.46,252.6372,13367
2015-08-20 15:00:00,252.61,252.8,252.37,252.72,13682
2015-08-20 15:15:00,252.5,253.11,252.43,252.92,32117
2015-08-20 15:30:00,252.7,252.88,252.41,252.48,12599
2015-08-20 15:45:00,252.395,252.8599,252.29,252.71,17184
2015-08-20 16:00:00,252.64,252.64,251.32,251.32,54473
2015-08-21 09:45:00,249.23,249.74,246.56,247.83,76674
2015-08-21 10:00:00,247.7,248.68,247.14,247.89,25572
2015-08-21 10:15:00,247.8,249.45,247.8,248.21,15425
2015-08-21 10:30:00,248.4425,248.9,247.33,247.33,24632
2015-08-21 10:45:00,247.3299,247.5,245.09099999999998,245.33,37733
2015-08-21 11:00:00,245.09,245.735,244.4601,245.595,26382
2015-08-21 11:15:00,245.53,245.7,243.27,243.66,35889
2015-08-21 11:30:00,243.81,244.22,242.7601,244.13,36529
2015-08-21 11:45:00,243.985,244.14,242.26,243.09,20595
2015-08-21 12:00:00,243.08,243.69,242.4,243.28,28742
2015-08-21 12:15:00,243.554,244.2399,243.05,243.38,17290
2015-08-21 12:30:00,243.25,243.58,242.16,242.66,29963
2015-08-21 12:45:00,242.86,243.22,241.625,241.82,22559
2015-08-21 13:00:00,241.7999,242.1,240.703,240.7555,22487
2015-08-21 13:15:00,240.71,241.17,240.23,241.03,23556
2015-08-21 13:30:00,241.02,241.6868,240.72,241.63,25991
2015-08-21 13:45:00,241.63,242.635,241.38,242.55,15788
2015-08-21 14:00:00,242.62,242.62,241.4601,242.438,17978
2015-08-21 14:15:00,242.43,242.86,242.12,242.1216,19417
2015-08-21 14:30:00,242.2043,242.5,241.532,241.72,15229
2015-08-21 14:45:00,241.7095,242.17,241.06400000000002,241.09,23681
2015-08-21 15:00:00,241.08,241.08,240.06,240.42,21691
2015-08-21 15:15:00,240.55900000000003,240.8399,239.2,239.41,31103
2015-08-21 15:30:00,239.39,240.44,238.57,240.08,45415
2015-08-21 15:45:00,240.03,240.41,239.32,240.23,59195
2015-08-21 16:00:00,240.16,240.42,237.74,238.19,156340
2015-08-24 09:45:00,234.04,234.08,226.05,232.66,128549
2015-08-24 10:00:00,232.67,233.18,230.59,232.34,79162
2015-08-24 10:15:00,232.96,235.76,232.42,233.215,42681
2015-08-24 10:30:00,233.28,235.49,232.61,233.62,37319
2015-08-24 10:45:00,233.59,235.09,231.12099999999998,233.84,58218
2015-08-24 11:00:00,233.88,236.44,233.82,235.99,37575
2015-08-24 11:15:00,236.31,236.31,235.06,235.71,30409
2015-08-24 11:30:00,235.71,235.8,235.01,235.09,30177
2015-08-24 11:45:00,235.09,236.625,234.2055,236.17,21081
2015-08-24 12:00:00,236.56,239.6699,236.35,238.4399,51791
2015-08-24 12:15:00,238.4,239.06,236.31,237.925,32624
2015-08-24 12:30:00,237.965,239.8,237.76,239.005,22009
2015-08-24 12:45:00,238.69,239.74,238.2001,238.65,13754
2015-08-24 13:00:00,238.435,238.8099,237.19,238.01,21895
2015-08-24 13:15:00,238.18,239.15,237.8,239.0,17694
2015-08-24 13:30:00,238.95,238.95,236.7,237.33,15113
2015-08-24 13:45:00,237.12,237.325,235.96,236.53,15471
2015-08-24 14:00:00,236.666,237.85,236.05,236.05,11604
2015-08-24 14:15:00,236.05,236.14,235.01,235.05,15766
2015-08-24 14:30:00,234.96,236.51,234.6221,235.29,29326
2015-08-24 14:45:00,235.24,236.245,234.85,235.0999,17703
2015-08-24 15:00:00,234.68,234.92,232.062,232.195,27941
2015-08-24 15:15:00,232.02,233.55,231.11,232.13,34457
2015-08-24 15:30:00,232.13,232.25,230.7125,231.37,37909
2015-08-24 15:45:00,231.35,235.86,230.46,235.86,44849
2015-08-24 16:00:00,235.96,236.72,231.85,231.85,104409
2015-08-25 09:45:00,236.88,238.7999,235.102,238.32,79374
2015-08-25 10:00:00,238.33,240.12,237.84,239.84,60480
2015-08-25 10:15:00,239.84,240.205,238.68,239.0,22579
2015-08-25 10:30:00,239.22,239.68,238.08,238.42,25637
2015-08-25 10:45:00,238.56,238.56,236.89,237.23,28295
2015-08-25 11:00:00,237.23,237.45,236.87,237.29,16265
2015-08-25 11:15:00,237.27,238.93,237.19,238.88,29331
2015-08-25 11:30:00,238.88,240.64,238.88,239.63,44122
2015-08-25 11:45:00,239.62,239.71,238.69,238.96,52592
2015-08-25 12:00:00,239.23,240.3899,239.23,240.36,32394
2015-08-25 12:15:00,240.24,240.33,239.46,239.95,38939
2015-08-25 12:30:00,239.94,240.5,239.19,240.5,38623
2015-08-25 12:45:00,240.46,241.4499,240.18,241.29,12097
2015-08-25 13:00:00,241.29,241.335,239.78,239.97,16638
2015-08-25 13:15:00,239.98,240.77,239.81,240.18,31129
2015-08-25 13:30:00,240.14,240.35,237.8,237.86,25213
2015-08-25 13:45:00,237.99,238.3,237.28,237.3339,39220
2015-08-25 14:00:00,237.32,238.6999,237.2911,238.41,34757
2015-08-25 14:15:00,238.445,238.6099,237.36,237.48,28175
2015-08-25 14:30:00,237.48,238.46,237.17,237.86,26731
2015-08-25 14:45:00,238.07,238.36,237.5,237.75,29198
2015-08-25 15:00:00,237.75,238.71,237.67,238.08,44241
2015-08-25 15:15:00,238.08,238.26,237.13,237.33,25877
2015-08-25 15:30:00,237.5028,237.5028,235.17,235.62,38130
2015-08-25 15:45:00,235.62,235.985,233.46,233.86,62493
2015-08-25 16:00:00,233.72,233.92,231.47,231.69,158593
2015-08-26 09:45:00,237.02,238.26,234.34,235.07,38311
2015-08-26 10:00:00,235.11,236.17,234.45,234.73,18330
2015-08-26 10:15:00,234.38,236.08,234.18,234.8699,64842
2015-08-26 10:30:00,234.77,234.78,232.73,234.12,64645
2015-08-26 10:45:00,234.17,235.32,233.99,234.49599999999998,43268
2015-08-26 11:00:00,234.49,234.9699,233.78,233.9,19612
2015-08-26 11:15:00,234.17,234.2,232.88,233.35,33318
2015-08-26 11:30:00,233.26,234.05,232.24,232.24,31957
2015-08-26 11:45:00,232.28,233.03,230.99,232.65,27252
2015-08-26 12:00:00,232.61,233.04,232.0,232.585,17120
2015-08-26 12:15:00,232.47,232.73,231.69,231.72,12259
2015-08-26 12:30:00,231.72,232.39,231.4,231.6,30213
2015-08-26 12:45:00,231.76,231.9819,231.19,231.26,12367
2015-08-26 13:00:00,231.19,233.0,231.1,232.9,15662
2015-08-26 13:15:00,232.98,233.455,232.58,232.77599999999998,13080
2015-08-26 13:30:00,232.64,234.52,232.35,234.52,24864
2015-08-26 13:45:00,234.39,235.6,234.13,234.97,37417
2015-08-26 14:00:00,235.065,235.71,234.78,235.59,31115
2015-08-26 14:15:00,235.47,235.53,234.69,234.9,35871
2015-08-26 14:30:00,234.72,235.1399,234.04,234.985,21814
2015-08-26 14:45:00,234.87,236.47,234.74,236.145,21926
2015-08-26 15:00:00,236.26,236.95,236.03,236.38,19408
2015-08-26 15:15:00,236.455,238.17,236.02,237.9,30657
2015-08-26 15:30:00,238.025,238.51,236.98,237.06,44221
2015-08-26 15:45:00,237.06,238.94,237.06,238.81,33997
2015-08-26 16:00:00,238.71,239.28,238.37,239.03,72556
2015-08-27 09:45:00,240.76,242.34,240.53,241.5299,41062
2015-08-27 10:00:00,241.49,242.12,240.57,241.35,46914
2015-08-27 10:15:00,241.61,243.9433,241.55,243.7799,29868
2015-08-27 10:30:00,243.769,243.9873,242.53,242.89,18562
2015-08-27 10:45:00,242.92,243.0,242.17,242.47,9625
2015-08-27 11:00:00,242.66,243.13,242.25,242.29,10630
2015-08-27 11:15:00,242.51,242.75,242.24,242.47,9825
2015-08-27 11:30:00,242.4812,242.5863,242.1387,242.27,12542
2015-08-27 11:45:00,242.23,242.4,241.8,242.09,8463
2015-08-27 12:00:00,242.26,242.55,241.82,241.99,10490
2015-08-27 12:15:00,242.075,242.96,241.89,242.5,27150
2015-08-27 12:30:00,242.35,243.0,242.35,242.96,5153
2015-08-27 12:45:00,242.99,243.07,242.4801,242.7899,12484
2015-08-27 13:00:00,242.62,243.53,242.59,243.385,10217
2015-08-27 13:15:00,243.42,244.62,243.33,244.38,27728
2015-08-27 13:30:00,244.43,244.74,244.2,244.44,19660
2015-08-27 13:45:00,244.6599,244.6599,243.6,243.91,16062
2015-08-27 14:00:00,243.85,244.04,243.63,244.01,10207
2015-08-27 14:15:00,244.01,244.18,243.38,243.54,9418
2015-08-27 14:30:00,243.68,243.68,241.23,241.61,25401
2015-08-27 14:45:00,241.72,242.22,241.06,241.06,15090
2015-08-27 15:00:00,241.15,241.5499,239.73,239.98,31773
2015-08-27 15:15:00,240.06,240.3,238.76,238.95,33756
2015-08-27 15:30:00,239.13,240.8,239.01,240.61,22982
2015-08-27 15:45:00,240.48,241.48,240.12,241.23,13561
2015-08-27 16:00:00,241.46,243.07,241.355,242.94,67819
2015-08-28 09:45:00,241.57,244.04,241.445,241.87,22954
2015-08-28 10:00:00,241.91,242.73,241.53,242.52,13298
2015-08-28 10:15:00,242.64,242.655,241.02,241.13,12086
2015-08-28 10:30:00,241.54,241.7,240.64,241.48,6960
2015-08-28 10:45:00,241.65,241.82,241.17,241.17,5348
2015-08-28 11:00:00,241.24,241.39,240.76,241.29,8165
2015-08-28 11:15:00,241.48,242.0299,241.43,241.99,4411
2015-08-28 11:30:00,241.79,242.89,241.68,242.51,10691
2015-08-28 11:45:00,242.7,242.96,241.74,242.02,18274
2015-08-28 12:00:00,242.0175,242.61,241.58,241.71,6881
2015-08-28 12:15:00,241.73,242.17,241.3,242.17,4633
2015-08-28 12:30:00,242.09,242.525,241.86,242.24,3344
2015-08-28 12:45:00,242.6104,242.6104,241.98,242.1,4550
2015-08-28 13:00:00,242.1,242.48,241.66,241.66,4027
2015-08-28 13:15:00,241.65,241.95,241.23,241.88,6431
2015-08-28 13:30:00,241.885,242.2,241.51,241.51,9260
2015-08-28 13:45:00,241.51,241.757,241.1,241.75,7000
2015-08-28 14:00:00,241.88,242.19,241.59,241.59,15329
2015-08-28 14:15:00,241.77,242.61,241.48,242.25,19276
2015-08-28 14:30:00,242.17,242.95,242.13,242.68,10325
2015-08-28 14:45:00,242.69,242.71,241.97,242.315,11778
2015-08-28 15:00:00,242.32,242.93,242.21,242.68,12378
2015-08-28 15:15:00,242.48,242.48,241.5503,241.68,15980
2015-08-28 15:30:00,241.7,242.11,241.4003,241.8,16827
2015-08-28 15:45:00,241.8,241.8,240.64,241.17,20014
2015-08-28 16:00:00,241.16,241.64,240.5003,240.99,135462
2015-08-31 09:45:00,239.78,241.47,239.405,241.199,23088
2015-08-31 10:00:00,241.239,242.01,240.66,241.29,12590
2015-08-31 10:15:00,241.17,241.58,240.3,241.58,20819
2015-08-31 10:30:00,241.3,242.34,241.26,242.34,6200
2015-08-31 10:45:00,242.31,242.74,242.0301,242.7,11940
2015-08-31 11:00:00,242.71,242.785,242.33,242.47,12797
2015-08-31 11:15:00,242.47,242.64,241.19400000000002,241.51,15686
2015-08-31 11:30:00,241.655,242.32,241.26,242.22,24606
2015-08-31 11:45:00,242.215,242.5,241.56,242.5,8501
2015-08-31 12:00:00,242.44,242.44,240.72,240.90099999999998,7011
2015-08-31 12:15:00,241.04,241.14,240.74,240.91,3710
2015-08-31 12:30:00,240.92,241.89,240.92,241.76,6565
2015-08-31 12:45:00,241.5916,241.61,241.22,241.41,5100
2015-08-31 13:00:00,241.4118,242.0325,241.3813,241.56,8302
2015-08-31 13:15:00,241.56,241.76,241.4,241.65,12161
2015-08-31 13:30:00,241.65,241.65,240.67,240.83,9742
2015-08-31 13:45:00,240.67,240.95,240.35,240.46,17461
2015-08-31 14:00:00,240.46,240.63,240.065,240.49,9249
2015-08-31 14:15:00,240.61,241.01,240.08,240.12,12784
2015-08-31 14:30:00,240.03,240.7,239.91,240.53,12500
2015-08-31 14:45:00,240.48,240.82,240.21,240.26,8918
2015-08-31 15:00:00,240.16,240.3,239.7934,240.07,16625
2015-08-31 15:15:00,240.09,240.92,240.09,240.65,15790
2015-08-31 15:30:00,240.62,240.6894,240.07,240.35,13714
2015-08-31 15:45:00,240.38,241.06,240.345,241.06,18632
2015-08-31 16:00:00,240.89,241.19,239.98,240.07,58190
2015-09-01 09:45:00,235.69,239.0,235.07,237.71,57776
2015-09-01 10:00:00,237.69,238.37,236.34,236.73,17367
2015-09-01 10:15:00,236.56,236.815,235.36,236.05,23630
2015-09-01 10:30:00,235.91,237.34,235.82,237.34,20107
2015-09-01 10:45:00,237.215,237.9,236.2401,236.2401,18935
2015-09-01 11:00:00,236.29,236.29,235.2,235.73,19669
2015-09-01 11:15:00,235.82,235.99,235.46,235.82,16085
2015-09-01 11:30:00,235.58,236.065,235.1,235.1,17633
2015-09-01 11:45:00,235.165,235.7,234.96,235.32,20245
2015-09-01 12:00:00,235.33,235.7,235.13,235.47,16491
2015-09-01 12:15:00,235.51,235.62,234.49,234.49,19359
2015-09-01 12:30:00,234.38,235.12,234.27,234.58,34822
2015-09-01 12:45:00,234.38,234.38,233.0899,233.38,26406
2015-09-01 13:00:00,233.45,233.75,233.14,233.4008,13584
2015-09-01 13:15:00,233.49,234.52,233.46,233.52,6200
2015-09-01 13:30:00,233.65,233.88,233.16,233.41,15581
2015-09-01 13:45:00,233.4,233.76,233.12,233.5101,7098
2015-09-01 14:00:00,233.65,233.862,233.4001,233.585,10493
2015-09-01 14:15:00,233.66,233.69,232.75,232.97,12615
2015-09-01 14:30:00,232.92,233.5,232.3913,233.28,9711
2015-09-01 14:45:00,233.275,234.33,233.26,233.74,26666
2015-09-01 15:00:00,233.58,233.87,232.81,232.81,16305
2015-09-01 15:15:00,232.96,233.34,232.24,233.12,28646
2015-09-01 15:30:00,233.1,233.19,232.34,232.34,25525
2015-09-01 15:45:00,232.52,232.66,230.91299999999998,231.5975,49585
2015-09-01 16:00:00,231.63,232.54,231.28,231.61,216276
2015-09-02 09:45:00,234.64,238.74,234.4,236.94,45971
2015-09-02 10:00:00,237.0,237.24,234.59,234.62,24220
2015-09-02 10:15:00,234.63,236.29,234.63,235.47,22492
2015-09-02 10:30:00,235.27,235.39,234.59,234.6701,21604
2015-09-02 10:45:00,234.75,235.13,234.03,234.94,16564
2015-09-02 11:00:00,234.83,235.59,234.555,235.55,7933
2015-09-02 11:15:00,235.59,236.085,235.18200000000002,235.42,16406
2015-09-02 11:30:00,235.32,236.2,234.93,234.97,12918
2015-09-02 11:45:00,235.1,235.43,234.58,235.24,11560
2015-09-02 12:00:00,235.17,235.2875,234.61,235.18,9699
2015-09-02 12:15:00,235.01,235.14,234.32,234.713,5618
2015-09-02 12:30:00,234.82,235.3,234.61,234.92,6237
2015-09-02 12:45:00,235.18,236.11,235.13,235.89,6915
2015-09-02 13:00:00,236.0,236.05,235.46,236.04,8948
2015-09-02 13:15:00,236.07,236.64,235.89,236.58,7159
2015-09-02 13:30:00,236.47,236.61,235.55,236.13,23617
2015-09-02 13:45:00,236.16,236.4,235.93,236.04,8454
2015-09-02 14:00:00,236.02,236.2,235.3875,235.66,7238
2015-09-02 14:15:00,235.76,236.95,235.5173,236.53,28321
2015-09-02 14:30:00,236.53,236.81,236.22,236.5,30080
2015-09-02 14:45:00,236.54,236.55,235.94,236.2,30649
2015-09-02 15:00:00,236.17,237.42,235.98,237.42,20350
2015-09-02 15:15:00,237.33,237.61599999999999,237.12,237.21,28244
2015-09-02 15:30:00,237.205,237.84,236.98,237.73,37412
2015-09-02 15:45:00,237.77,238.49,237.74,238.425,29374
2015-09-02 16:00:00,238.43,239.83,238.13,239.68,106564
2015-09-03 09:45:00,241.14,242.25,239.8,240.02,46427
2015-09-03 10:00:00,240.22,240.3799,239.7501,240.3799,11605
2015-09-03 10:15:00,240.37,241.18,240.37,240.995,12351
2015-09-03 10:30:00,240.975,241.77,240.71,241.74,6067
2015-09-03 10:45:00,241.72,241.72,241.14,241.26,10437
2015-09-03 11:00:00,241.34,242.0,241.14,241.91,9929
2015-09-03 11:15:00,242.09,242.1,240.25,240.26,17878
2015-09-03 11:30:00,240.295,240.5099,240.01,240.38,7020
2015-09-03 11:45:00,240.1,240.515,240.06,240.515,8246
2015-09-03 12:00:00,240.35,241.1117,240.35,241.01,7502
2015-09-03 12:15:00,241.05,241.18,240.155,240.155,5628
2015-09-03 12:30:00,240.22,240.35,239.96,240.265,11002
2015-09-03 12:45:00,240.27,240.27,239.4009,239.77,8193
2015-09-03 13:00:00,239.73,240.35,239.73,240.33,5580
2015-09-03 13:15:00,240.1,240.4,239.35,239.52,26105
2015-09-03 13:30:00,239.5,240.01,239.5,239.805,8348
2015-09-03 13:45:00,239.77,239.9,239.2098,239.485,10613
2015-09-03 14:00:00,239.59,239.85,239.2,239.2,3284
2015-09-03 14:15:00,239.16,239.49,238.555,238.575,7002
2015-09-03 14:30:00,238.7,239.31,238.54,239.23,8796
2015-09-03 14:45:00,239.1,239.5,238.86,239.42,14153
2015-09-03 15:00:00,239.35,239.46,238.57,238.82,13335
2015-09-03 15:15:00,238.85,239.21,238.46,239.01,11609
2015-09-03 15:30:00,238.85,238.85,238.02,238.14,8967
2015-09-03 15:45:00,238.02,238.14,237.07,237.49,29292
2015-09-03 16:00:00,237.51,238.33,237.5,237.94,58929
2015-09-04 09:45:00,234.87,236.885,234.86,236.6,31068
2015-09-04 10:00:00,236.6475,236.6475,235.12,235.12,10513
2015-09-04 10:15:00,235.22,235.62,235.0,235.3,10381
2015-09-04 10:30:00,235.31,236.23,234.95,236.23,16067
2015-09-04 10:45:00,236.18,236.577,235.6,235.61,6918
2015-09-04 11:00:00,235.62,235.62,235.0,235.14,7745
2015-09-04 11:15:00,235.25,235.47,234.8,235.33,10089
2015-09-04 11:30:00,235.34,235.6,235.2,235.2,6025
2015-09-04 11:45:00,235.375,235.375,234.97,235.11,7695
2015-09-04 12:00:00,235.02,235.55,235.0,235.26,8507
2015-09-04 12:15:00,235.26,235.31,234.95,235.09,7827
2015-09-04 12:30:00,235.27,235.33,234.85,235.04,11670
2015-09-04 12:45:00,235.04,235.25,234.78,234.78,6779
2015-09-04 13:00:00,234.81,235.4,234.64,234.815,7420
2015-09-04 13:15:00,234.87,234.92,234.63,234.63,6509
2015-09-04 13:30:00,234.61,234.68,234.11,234.14,9998
2015-09-04 13:45:00,234.05,234.34,233.86,233.88,8375
2015-09-04 14:00:00,233.89,234.31,233.85,233.93,7181
2015-09-04 14:15:00,234.085,234.085,233.61,233.77,5960
2015-09-04 14:30:00,233.735,233.92,233.28,233.52,8850
2015-09-04 14:45:00,233.6,233.65,233.25,233.62,7101
2015-09-04 15:00:00,233.6,234.35,233.56,234.35,12250
2015-09-04 15:15:00,234.41,234.815,234.14,234.27,9870
2015-09-04 15:30:00,234.14,234.67,234.01,234.67,22628
2015-09-04 15:45:00,234.71,235.36,234.35,235.16,12529
2015-09-04 16:00:00,235.09,236.07,234.59,234.65,44814
2015-09-08 09:45:00,239.01,240.31,237.59,238.17,50961
2015-09-08 10:00:00,238.44,238.84,237.22,237.57,36377
2015-09-08 10:15:00,237.85,237.9199,236.4,236.4,14788
2015-09-08 10:30:00,236.43,236.61,235.43,236.49,13658
2015-09-08 10:45:00,236.74,236.77,235.22,235.57,13559
2015-09-08 11:00:00,235.6,235.94,235.45,235.9399,8220
2015-09-08 11:15:00,235.83,236.19,235.45,235.8,10498
2015-09-08 11:30:00,235.89,236.4,235.7,236.17,9434
2015-09-08 11:45:00,236.02,236.41,235.94,236.17,9820
2015-09-08 12:00:00,236.3,236.36,236.07,236.24,6430
2015-09-08 12:15:00,236.16,236.74,236.09,236.68,6700
2015-09-08 12:30:00,236.59,237.5,236.59,237.5,9142
2015-09-08 12:45:00,237.51,237.51,237.08,237.08,7565
2015-09-08 13:00:00,237.2,237.22,236.78,236.87,8146
2015-09-08 13:15:00,237.02,237.4,236.76,236.95,29454
2015-09-08 13:30:00,237.07,237.07,236.51,236.82,11478
2015-09-08 13:45:00,236.97,237.25,236.73,237.23,20355
2015-09-08 14:00:00,237.17,237.79,237.17,237.67,11000
2015-09-08 14:15:00,237.87,238.2,237.71,237.71,10531
2015-09-08 14:30:00,237.8184,238.29,237.73,238.29,18426
2015-09-08 14:45:00,238.12,238.85,238.09,238.57,20180
2015-09-08 15:00:00,238.57,238.7,238.2,238.31,14613
2015-09-08 15:15:00,238.38,238.84,238.06,238.16,24770
2015-09-08 15:30:00,238.16,238.16,237.62,238.07,36161
2015-09-08 15:45:00,238.06,238.5,237.8335,237.96,39032
2015-09-08 16:00:00,238.06,238.64,238.02,238.49,85445
2015-09-09 09:45:00,240.58,241.8499,239.97,240.64,37437
2015-09-09 10:00:00,240.3705,241.56,239.77,241.56,31671
2015-09-09 10:15:00,241.66,241.86,240.64,241.34,16550
2015-09-09 10:30:00,241.13,242.79,241.13,242.61,21534
2015-09-09 10:45:00,242.7,242.94,241.1601,241.49,14754
2015-09-09 11:00:00,241.48,242.12,241.11,241.42,21083
2015-09-09 11:15:00,241.38,243.275,241.35,243.275,29707
2015-09-09 11:30:00,243.29,243.53,242.47,242.92,39625
2015-09-09 11:45:00,242.83,243.19,242.4,242.65,10702
2015-09-09 12:00:00,242.64,242.64,241.85,242.24599999999998,20519
2015-09-09 12:15:00,242.425,243.19,242.18,243.19,26811
2015-09-09 12:30:00,243.3,243.93,243.17,243.925,17111
2015-09-09 12:45:00,243.94,244.0,242.92,243.39,19597
2015-09-09 13:00:00,243.45,243.575,243.0,243.44,22708
2015-09-09 13:15:00,243.38,243.9,243.23,243.76,11117
2015-09-09 13:30:00,243.76,244.08,243.04,243.23,19349
2015-09-09 13:45:00,243.225,243.4,242.88,242.93,18773
2015-09-09 14:00:00,242.94,243.19,242.79,242.8,15406
2015-09-09 14:15:00,242.82,243.56,242.72,243.32,11842
2015-09-09 14:30:00,243.32,243.34,242.48,242.69,14824
2015-09-09 14:45:00,242.62,242.62,241.35,241.457,10321
2015-09-09 15:00:00,241.42,241.99,241.01,241.77,20882
2015-09-09 15:15:00,241.71400000000003,242.11,240.96,241.43,25098
2015-09-09 15:30:00,241.31,241.71,240.28,240.63,21655
2015-09-09 15:45:00,240.54,240.54,239.37,239.57,43008
2015-09-09 16:00:00,239.24,239.58,238.78,239.33,44904
2015-09-10 09:45:00,238.89,240.83,238.89,239.96,27555
2015-09-10 10:00:00,240.02,240.65,239.9,239.9,12776
2015-09-10 10:15:00,239.97,240.64,239.06,239.59,45701
2015-09-10 10:30:00,239.54,239.73,239.1,239.36,11827
2015-09-10 10:45:00,239.34,240.64,239.34,240.49,7530
2015-09-10 11:00:00,240.23,241.25,240.23,241.11,7895
2015-09-10 11:15:00,241.05,241.57,240.85,240.85,17881
2015-09-10 11:30:00,240.83,240.83,239.51,239.75,8242
2015-09-10 11:45:00,239.805,240.13,239.7,240.13,6952
2015-09-10 12:00:00,240.11,240.47,239.55,240.47,8776
2015-09-10 12:15:00,240.3,241.33,240.23,241.0,20084
2015-09-10 12:30:00,240.98,241.2,240.7,241.02,13647
2015-09-10 12:45:00,241.05,241.38,240.78,241.18,11998
2015-09-10 13:00:00,241.0953,241.2,240.9,241.04,15605
2015-09-10 13:15:00,241.0,241.6,240.95,241.22,14661
2015-09-10 13:30:00,241.2,241.83,241.11,241.83,9029
2015-09-10 13:45:00,241.71,242.47,241.645,241.97,8458
2015-09-10 14:00:00,242.0,242.42,241.685,242.35,15916
2015-09-10 14:15:00,242.27,242.53,242.05,242.05,10760
2015-09-10 14:30:00,242.06799999999998,242.33,241.9,242.02,26242
2015-09-10 14:45:00,241.97,242.516,241.96,242.35,20030
2015-09-10 15:00:00,242.2,242.2275,241.48,241.51,26847
2015-09-10 15:15:00,241.36,241.6,240.9,241.17,19200
2015-09-10 15:30:00,241.24,241.54,240.89,241.18,23584
2015-09-10 15:45:00,241.06,241.18,240.2,240.57,26039
2015-09-10 16:00:00,240.57,241.44,240.35,241.24,47420
2015-09-11 09:45:00,239.58,241.67,239.26,241.37,40688
2015-09-11 10:00:00,240.86,241.11,240.2,240.45,11226
2015-09-11 10:15:00,240.1528,240.57,240.0,240.525,12584
2015-09-11 10:30:00,240.41,241.725,240.355,241.47,10913
2015-09-11 10:45:00,241.47,241.57,241.12,241.57,16041
2015-09-11 11:00:00,241.54,241.54,240.84,241.105,16797
2015-09-11 11:15:00,241.035,242.06,240.965,241.99200000000002,16774
2015-09-11 11:30:00,242.04,242.25,241.72,242.18,14887
2015-09-11 11:45:00,242.28,242.45,242.0,242.3,10282
2015-09-11 12:00:00,242.26,242.925,242.13,242.81,11800
2015-09-11 12:15:00,242.685,243.6699,242.59,243.6,60464
2015-09-11 12:30:00,243.75,243.96,243.23,243.89,15554
2015-09-11 12:45:00,243.94,244.14,243.51,243.63,17124
2015-09-11 13:00:00,243.6999,244.47,243.625,244.385,13658
2015-09-11 13:15:00,244.38,244.43,243.75,243.83,12756
2015-09-11 13:30:00,243.88,243.95,243.64,243.64,14744
2015-09-11 13:45:00,243.56,243.755,243.06,243.7,10954
2015-09-11 14:00:00,243.765,244.61,243.55,244.17,56773
2015-09-11 14:15:00,244.19,244.72,243.8,244.55,27484
2015-09-11 14:30:00,244.565,245.155,244.56,244.99,24243
2015-09-11 14:45:00,245.03,245.5,244.9166,245.485,14020
2015-09-11 15:00:00,245.52,245.71,245.22,245.48,21132
2015-09-11 15:15:00,245.37,245.8975,245.36,245.64,38178
2015-09-11 15:30:00,245.69,246.0,245.13,245.25,19554
2015-09-11 15:45:00,245.25,245.3,244.75,245.15,26609
2015-09-11 16:00:00,245.23,246.06,244.995,245.87,96334
2015-09-14 09:45:00,246.56,246.84,245.16,246.21,26476
2015-09-14 10:00:00,245.34,245.5208,244.34,244.85,13775
2015-09-14 10:15:00,244.9405,245.07,244.04,244.37,22125
2015-09-14 10:30:00,244.63,244.69,243.93,244.2,16883
2015-09-14 10:45:00,244.21,244.53,243.6301,243.9,18545
2015-09-14 11:00:00,243.86,244.13,243.58,243.76,15730
2015-09-14 11:15:00,243.7599,243.7839,242.925,242.925,9288
2015-09-14 11:30:00,242.83,243.27,242.6933,243.27,12092
2015-09-14 11:45:00,243.3,243.45,242.88,243.27,12692
2015-09-14 12:00:00,243.1749,243.87,242.94,243.6,24831
2015-09-14 12:15:00,243.6501,243.99,243.545,243.87,14464
2015-09-14 12:30:00,243.96,244.18,243.65,243.69099999999997,9521
2015-09-14 12:45:00,243.792,244.21,243.67,243.96,11055
2015-09-14 13:00:00,243.88,244.7,243.8,244.36,41796
2015-09-14 13:15:00,244.4599,244.52,243.71,244.52,14650
2015-09-14 13:30:00,244.37,244.52,244.035,244.11,8760
2015-09-14 13:45:00,244.0,244.72,244.0,244.49,12123
2015-09-14 14:00:00,244.46,244.9,244.34,244.89,13706
2015-09-14 14:15:00,244.995,245.0699,244.32,244.32,8022
2015-09-14 14:30:00,244.4,244.47,243.91,243.92,8944
2015-09-14 14:45:00,243.91,244.4299,243.9,244.29,19301
2015-09-14 15:00:00,244.28,244.57,244.01,244.37,24201
2015-09-14 15:15:00,244.28,244.47,244.0,244.47,13337
2015-09-14 15:30:00,244.52,244.65,244.2,244.48,13696
2015-09-14 15:45:00,244.49,244.5,244.11,244.16,27444
2015-09-14 16:00:00,244.19,244.55,243.975,244.27,39792
2015-09-15 09:45:00,245.75,246.425,244.57,245.01,46063
2015-09-15 10:00:00,245.025,245.025,243.55,243.72,10605
2015-09-15 10:15:00,243.71,244.8,243.64,244.66,11665
2015-09-15 10:30:00,244.66,245.84,244.48,245.39,11538
2015-09-15 10:45:00,245.5,246.4299,245.33,246.38,20746
2015-09-15 11:00:00,246.44,247.14,246.42,246.55,13118
2015-09-15 11:15:00,246.76,247.255,246.58,247.02,13470
2015-09-15 11:30:00,247.19,247.64,246.92,247.46,14134
2015-09-15 11:45:00,247.405,247.82,247.12,247.51,8725
2015-09-15 12:00:00,247.32,247.44,246.99,247.22,8235
2015-09-15 12:15:00,247.22,247.89,247.08,247.87,9797
2015-09-15 12:30:00,247.825,248.12,247.39,247.74,15240
2015-09-15 12:45:00,247.8305,248.72,247.67,248.09,19332
2015-09-15 13:00:00,248.08,248.39,247.88,248.31,5545
2015-09-15 13:15:00,248.14,248.71,247.93,248.57,14845
2015-09-15 13:30:00,248.65,249.44,248.575,249.2,16222
2015-09-15 13:45:00,249.18,250.59,249.12,250.285,37337
2015-09-15 14:00:00,250.3,250.39,249.48,249.51,16938
2015-09-15 14:15:00,249.53,249.99,249.39,249.67,19829
2015-09-15 14:30:00,249.84099999999998,249.855,249.41,249.58,37873
2015-09-15 14:45:00,249.83,249.97,249.24,249.41,22214
2015-09-15 15:00:00,249.48,250.19,249.48,250.09,15444
2015-09-15 15:15:00,250.04,250.21,249.79,250.0,15919
2015-09-15 15:30:00,249.92,250.14,249.59,249.95,16524
2015-09-15 15:45:00,249.95,249.95,249.63,249.83,20773
2015-09-15 16:00:00,249.85,249.85,249.36,249.5,58872
2015-09-16 09:45:00,249.72,250.745,248.39,248.39,40645
2015-09-16 10:00:00,248.4,250.12,248.27,250.07,23916
2015-09-16 10:15:00,250.07,250.39,249.7483,249.78,23545
2015-09-16 10:30:00,249.7,250.45,249.6,250.41,21974
2015-09-16 10:45:00,250.34,250.61,249.6,249.6,20872
2015-09-16 11:00:00,249.65,249.87,249.45,249.74,21504
2015-09-16 11:15:00,249.79,250.36,249.59,250.235,12178
2015-09-16 11:30:00,250.22,250.83,249.9,250.62,16265
2015-09-16 11:45:00,250.725,250.725,249.8,249.8,12737
2015-09-16 12:00:00,249.81,250.43,249.8,250.15,12485
2015-09-16 12:15:00,250.215,250.44,250.0,250.0,8968
2015-09-16 12:30:00,250.08,250.41,250.02,250.41,7494
2015-09-16 12:45:00,250.395,250.98,250.16,250.74,6325
2015-09-16 13:00:00,250.81,251.02,250.53,251.02,7319
2015-09-16 13:15:00,251.02,251.4437,250.91,251.34,9330
2015-09-16 13:30:00,251.34,251.63,250.98,251.5,11074
2015-09-16 13:45:00,251.45,251.76,251.36,251.44,9850
2015-09-16 14:00:00,251.54,251.54,251.05,251.37,9917
2015-09-16 14:15:00,251.37,251.37,250.85,250.91,14175
2015-09-16 14:30:00,250.919,251.07,250.6,251.0,11914
2015-09-16 14:45:00,250.94,251.48,250.78,251.48,25205
2015-09-16 15:00:00,251.45,251.75,251.14,251.75,12662
2015-09-16 15:15:00,251.72,252.28,251.6,252.19,22785
2015-09-16 15:30:00,252.19,252.62,252.04,252.525,23919
2015-09-16 15:45:00,252.43,252.89,252.43,252.74,33149
2015-09-16 16:00:00,252.73,252.835,252.47,252.49,54846
2015-09-17 09:45:00,253.31,254.42,252.85,252.92,19240
2015-09-17 10:00:00,252.8,252.832,251.8,252.45,11814
2015-09-17 10:15:00,252.44,253.5,252.26,253.0,16641
2015-09-17 10:30:00,253.1,253.355,251.92,252.385,54973
2015-09-17 10:45:00,252.23,252.61,252.0,252.61,7346
2015-09-17 11:00:00,252.56,252.81,252.2,252.81,15987
2015-09-17 11:15:00,252.84,252.85,252.35,252.44,12370
2015-09-17 11:30:00,252.57,252.87,252.41,252.58,7750
2015-09-17 11:45:00,252.52,253.37,252.5,253.37,12595
2015-09-17 12:00:00,253.37,253.77,253.01,253.01,8190
2015-09-17 12:15:00,253.1,253.33,252.73,253.04,9281
2015-09-17 12:30:00,253.0,254.5,253.0,254.39,43649
2015-09-17 12:45:00,254.34,254.86,254.34,254.77,13685
2015-09-17 13:00:00,254.9,255.4475,254.33,255.4475,25109
2015-09-17 13:15:00,255.5,255.5,254.97,255.1,16375
2015-09-17 13:30:00,255.06,255.57,254.54,254.74,23180
2015-09-17 13:45:00,254.7,255.0,253.6,253.85,18533
2015-09-17 14:00:00,253.83,253.83,253.02,253.16,30437
2015-09-17 14:15:00,253.27,254.1,251.07,253.43,44307
2015-09-17 14:30:00,253.34,254.49,252.71,252.71,23470
2015-09-17 14:45:00,252.8,254.44,252.8,254.43,19533
2015-09-17 15:00:00,254.27,255.12,253.54,253.83,35958
2015-09-17 15:15:00,254.07,254.36,251.45,251.45,30887
2015-09-17 15:30:00,251.65,251.94,250.07,251.31,35199
2015-09-17 15:45:00,251.25,251.89,250.85,251.11,26814
2015-09-17 16:00:00,251.09,251.57,250.17,250.68,65427
2015-09-18 09:45:00,247.98,251.4,247.0201,250.68,195790
2015-09-18 10:00:00,250.64,250.78,248.88,248.88,21406
2015-09-18 10:15:00,249.28,249.97,248.64,248.8,18710
2015-09-18 10:30:00,248.8,250.4899,248.59,250.37,15371
2015-09-18 10:45:00,250.22,250.35,249.07,249.5,13144
2015-09-18 11:00:00,249.5,250.0,249.42,249.78,12812
2015-09-18 11:15:00,249.8,250.55,249.614,249.83,16089
2015-09-18 11:30:00,249.87,250.3,249.575,249.96,13070
2015-09-18 11:45:00,249.765,250.0,249.36,249.93,15432
2015-09-18 12:00:00,249.98,250.3,249.53,250.0,12301
2015-09-18 12:15:00,249.9,249.98,248.52,248.73,32188
2015-09-18 12:30:00,248.69,248.87,248.26,248.67,14159
2015-09-18 12:45:00,248.7,249.32,248.57,248.57,9272
2015-09-18 13:00:00,248.54,249.54,248.54,249.4325,7387
2015-09-18 13:15:00,249.43,249.77,249.27,249.51,29669
2015-09-18 13:30:00,249.63,249.74,248.73,248.97,20651
2015-09-18 13:45:00,249.075,249.21,248.3532,248.93,26786
2015-09-18 14:00:00,248.82,248.98,248.06,248.165,11260
2015-09-18 14:15:00,248.05,248.74,248.02,248.43,10768
2015-09-18 14:30:00,248.49,249.51,248.49,249.31,11484
2015-09-18 14:45:00,249.36,249.53,248.93,249.13,11031
2015-09-18 15:00:00,249.23,249.37,248.21,248.89,50044
2015-09-18 15:15:00,249.09,249.1677,247.81,247.94,27719
2015-09-18 15:30:00,247.92,247.92,247.25,247.425,39560
2015-09-18 15:45:00,247.41,247.59,245.98,246.09,61950
2015-09-18 16:00:00,246.21,247.1,245.99,246.32,190114
2015-09-21 09:45:00,246.79,248.84,246.55,248.59,26496
2015-09-21 10:00:00,248.85,249.02,247.15,247.54,29862
2015-09-21 10:15:00,247.11,248.1,247.08,247.31,23250
2015-09-21 10:30:00,247.2,248.05,247.12,247.8,12688
2015-09-21 10:45:00,247.8125,248.37,247.64,248.07,38577
2015-09-21 11:00:00,247.8791,247.98,247.29,247.43200000000002,12287
2015-09-21 11:15:00,247.53,248.18,247.53,248.15,15165
2015-09-21 11:30:00,248.125,248.35,247.86,247.86,11733
2015-09-21 11:45:00,247.78,248.01,247.12,247.4,18184
2015-09-21 12:00:00,247.35,247.35,246.43,246.43,11892
2015-09-21 12:15:00,246.45,246.45,245.53,245.9,11838
2015-09-21 12:30:00,245.73,246.05,245.62,245.88,7729
2015-09-21 12:45:00,245.88,245.88,245.14,245.57,6123
2015-09-21 13:00:00,245.42,245.6,244.42,244.83,20370
2015-09-21 13:15:00,244.52,245.42,244.51,245.41,18613
2015-09-21 13:30:00,245.48,246.3187,245.48,246.3099,13406
2015-09-21 13:45:00,246.31,246.91,246.17,246.91,6557
2015-09-21 14:00:00,246.875,246.875,246.25,246.44,7077
2015-09-21 14:15:00,246.44,246.57,246.07,246.22,13237
2015-09-21 14:30:00,246.35,246.355,245.94,246.04,15758
2015-09-21 14:45:00,245.92,246.34,245.8,246.08,15955
2015-09-21 15:00:00,246.04,246.51,245.86,246.31,27468
2015-09-21 15:15:00,246.355,246.69,246.09,246.51,19735
2015-09-21 15:30:00,246.56,246.78,246.29,246.65,16607
2015-09-21 15:45:00,246.63,246.72,245.81,246.24,18687
2015-09-21 16:00:00,246.19,246.86,246.09,246.86,49602
2015-09-22 09:45:00,244.42,245.95,243.53,245.76,35663
2015-09-22 10:00:00,245.33,246.12,244.22,244.6,17306
2015-09-22 10:15:00,244.61,245.39,244.28799999999998,244.85,14354
2015-09-22 10:30:00,244.7275,244.7275,244.17,244.45,8858
2015-09-22 10:45:00,244.27,244.38,243.53099999999998,243.9037,32179
2015-09-22 11:00:00,243.9,244.0099,243.40900000000002,243.73,6880
2015-09-22 11:15:00,243.6,243.8,243.5,243.71,12740
2015-09-22 11:30:00,243.71,243.94799999999998,243.27,243.46,7645
2015-09-22 11:45:00,243.44,244.14,243.25,243.48,7202
2015-09-22 12:00:00,243.468,244.38,243.468,244.005,17194
2015-09-22 12:15:00,243.71,244.6654,243.49,244.42,12663
2015-09-22 12:30:00,244.5516,244.98,244.235,244.51,7552
2015-09-22 12:45:00,244.58,245.2874,244.32,245.04,10970
2015-09-22 13:00:00,244.94,244.94,243.49,243.88,6592
2015-09-22 13:15:00,243.58,244.485,243.58,244.15,8427
2015-09-22 13:30:00,244.14,244.51,243.85,243.92,8467
2015-09-22 13:45:00,244.06,244.8599,244.0365,244.83,10055
2015-09-22 14:00:00,244.81,244.92,244.28,244.69,9586
2015-09-22 14:15:00,244.54,244.9,244.18,244.6,6881
2015-09-22 14:30:00,244.84,244.99,244.4001,244.83,8673
2015-09-22 14:45:00,244.82,245.17,244.6,245.01,9648
2015-09-22 15:00:00,245.14,245.19,244.47,244.83,13569
2015-09-22 15:15:00,245.0399,245.0399,244.22,244.32,12259
2015-09-22 15:30:00,244.39,245.39,244.39,245.22799999999998,14147
2015-09-22 15:45:00,245.43,245.83,245.23,245.62,19490
2015-09-22 16:00:00,245.71,245.77,244.44,244.89,55237
2015-09-23 09:45:00,244.71,246.66,244.7,245.705,29002
2015-09-23 10:00:00,245.551,245.551,244.12099999999998,244.35,19784
2015-09-23 10:15:00,244.89,245.24,244.45,244.9,23189
2015-09-23 10:30:00,244.75,245.37,244.52,245.31,21476
2015-09-23 10:45:00,245.085,245.37,244.9,245.1999,9292
2015-09-23 11:00:00,245.095,245.74,244.98,245.685,13464
2015-09-23 11:15:00,245.85,246.05,245.59,245.96,10784
2015-09-23 11:30:00,245.78,245.89,245.35,245.61,9977
2015-09-23 11:45:00,245.6,245.91,245.1,245.47,14502
2015-09-23 12:00:00,245.315,246.15,245.24,245.73,21386
2015-09-23 12:15:00,245.695,245.76,245.22,245.4101,25488
2015-09-23 12:30:00,245.44,245.6,245.08,245.17,32939
2015-09-23 12:45:00,245.18,245.57,244.94,245.13,28688
2015-09-23 13:00:00,245.21,245.67,245.15,245.53,6450
2015-09-23 13:15:00,245.63,246.39,245.63,246.39,15630
2015-09-23 13:30:00,246.39,246.9,246.32,246.46,14157
2015-09-23 13:45:00,246.52,247.06,246.28,247.06,10600
2015-09-23 14:00:00,247.15,247.64,247.12,247.47,10285
2015-09-23 14:15:00,247.55,248.54,247.55,247.91,15658
2015-09-23 14:30:00,247.91,248.01,247.67,247.69,7596
2015-09-23 14:45:00,247.74,247.99,247.03,247.5,11571
2015-09-23 15:00:00,247.51,247.95,247.49,247.845,11772
2015-09-23 15:15:00,247.83,248.0,247.49,247.74,17343
2015-09-23 15:30:00,247.57,247.88,247.51,247.81,19425
2015-09-23 15:45:00,247.87,248.0,247.495,247.875,23834
2015-09-23 16:00:00,247.89,248.44,247.75,247.75,50517
2015-09-24 09:45:00,246.11,247.84,245.78099999999998,246.53,20267
2015-09-24 10:00:00,246.35,247.0,245.92,246.775,29799
2015-09-24 10:15:00,246.99,247.11,246.105,247.0,14627
2015-09-24 10:30:00,246.74,247.02,246.105,246.18,13200
2015-09-24 10:45:00,246.36,246.54,245.78,246.22,24273
2015-09-24 11:00:00,246.01,246.44,245.92,246.39,6498
2015-09-24 11:15:00,246.39,246.49,246.07,246.3,12870
2015-09-24 11:30:00,246.3,246.82,246.28,246.28,9808
2015-09-24 11:45:00,246.455,246.83,246.31,246.68,8243
2015-09-24 12:00:00,246.5675,247.33,246.47,247.33,14325
2015-09-24 12:15:00,247.2,247.74,247.16,247.37,7511
2015-09-24 12:30:00,247.25,247.95,247.25,247.57,6503
2015-09-24 12:45:00,247.72,248.35,247.72,248.0205,6325
2015-09-24 13:00:00,248.0,248.049,247.17,247.26,10320
2015-09-24 13:15:00,247.22,247.59,246.99,247.525,5169
2015-09-24 13:30:00,247.575,247.72,247.01,247.31,10200
2015-09-24 13:45:00,247.09,247.39,246.99,247.23,9587
2015-09-24 14:00:00,247.23,247.8,247.09,247.8,11597
2015-09-24 14:15:00,247.81,247.83,247.31,247.51,5909
2015-09-24 14:30:00,247.47,248.04,247.47,247.79,4100
2015-09-24 14:45:00,247.79,247.87,247.23,247.87,8900
2015-09-24 15:00:00,247.86,249.32,247.71,248.49,17190
2015-09-24 15:15:00,248.47,248.83,247.56,248.105,10150
2015-09-24 15:30:00,248.18,248.72,248.18,248.36,15856
2015-09-24 15:45:00,248.46,248.52,247.92,248.22,15394
2015-09-24 16:00:00,248.37,248.5,247.75,248.01,34096
2015-09-25 09:45:00,250.19,251.2,249.17,249.95,35483
2015-09-25 10:00:00,249.66,251.29,249.66,251.22,15566
2015-09-25 10:15:00,251.14,251.33,250.56,251.07,10442
2015-09-25 10:30:00,251.0843,251.76,251.0,251.67,17240
2015-09-25 10:45:00,251.67,252.6,251.39700000000002,252.54,13100
2015-09-25 11:00:00,252.57,253.42,252.40099999999998,253.24,12927
2015-09-25 11:15:00,253.45,253.5,252.94,253.36,43467
2015-09-25 11:30:00,253.322,254.075,253.28,253.98,16328
2015-09-25 11:45:00,253.9745,254.61,253.89,254.61,23848
2015-09-25 12:00:00,254.67,255.2397,254.33,255.2397,7943
2015-09-25 12:15:00,255.0,255.11,254.14,254.32,10324
2015-09-25 12:30:00,254.25,254.25,253.7,253.895,7407
2015-09-25 12:45:00,253.9,254.25,253.8601,254.25,5534
2015-09-25 13:00:00,254.27,254.83,254.23,254.71,9638
2015-09-25 13:15:00,254.86,255.49,254.75,255.14,19357
2015-09-25 13:30:00,255.215,255.29,254.73,254.865,7347
2015-09-25 13:45:00,254.93,254.97,254.34,254.52,9713
2015-09-25 14:00:00,254.53,255.05,254.23,254.25,11423
2015-09-25 14:15:00,254.3,254.68,253.62,253.68,7644
2015-09-25 14:30:00,253.76,253.76,252.43,252.49,11394
2015-09-25 14:45:00,252.59,253.22,252.16,252.23,11307
2015-09-25 15:00:00,252.16,252.4,251.3401,251.84,14999
2015-09-25 15:15:00,251.92,252.01,250.23,250.32,18123
2015-09-25 15:30:00,250.36,251.68,250.16,251.59,18505
2015-09-25 15:45:00,251.41,252.179,251.36,252.025,20414
2015-09-25 16:00:00,251.9,252.47,251.71,252.23,60311
2015-09-28 09:45:00,252.38,252.99,250.5406,252.43,44607
2015-09-28 10:00:00,252.45,253.13,251.351,251.56,28919
2015-09-28 10:15:00,251.27,251.87,249.3,249.57,15140
2015-09-28 10:30:00,249.3501,251.18,249.255,250.36,22014
2015-09-28 10:45:00,250.355,250.51,249.315,250.05,11469
2015-09-28 11:00:00,250.145,250.145,248.951,249.86,7990
2015-09-28 11:15:00,250.04,250.7199,249.75,249.925,15871
2015-09-28 11:30:00,249.89,250.135,248.33,248.34,5897
2015-09-28 11:45:00,248.67,249.05,248.3001,248.66,11012
2015-09-28 12:00:00,248.665,248.8,248.17,248.17,10576
2015-09-28 12:15:00,248.12,248.215,247.36,247.7,10038
2015-09-28 12:30:00,247.88,248.5,247.63,248.42,10251
2015-09-28 12:45:00,248.37,248.37,247.5,247.69,6858
2015-09-28 13:00:00,247.54,247.54,247.05,247.05,10839
2015-09-28 13:15:00,247.13,248.266,247.08,247.91,5557
2015-09-28 13:30:00,247.8,248.02,246.67,247.03,8285
2015-09-28 13:45:00,246.87,247.48,246.72,247.03,9644
2015-09-28 14:00:00,247.05,247.05,246.1201,246.3,19404
2015-09-28 14:15:00,246.37,246.43,245.3901,245.982,16108
2015-09-28 14:30:00,245.88,246.44,245.135,246.44,11575
2015-09-28 14:45:00,246.32,246.52,246.05,246.4,5870
2015-09-28 15:00:00,246.45,246.555,245.72,246.06,27435
2015-09-28 15:15:00,245.945,246.13,245.61,245.82,10600
2015-09-28 15:30:00,245.94,246.2,245.65,245.84,13377
2015-09-28 15:45:00,245.84,246.74,245.83,246.0,21215
2015-09-28 16:00:00,246.01,246.68,245.545,245.86,40884
2015-09-29 09:45:00,246.02,247.19,243.655,243.79,37530
2015-09-29 10:00:00,243.53,245.39,242.65200000000002,245.39,37927
2015-09-29 10:15:00,245.4,245.49,243.91,244.575,18852
2015-09-29 10:30:00,244.53,245.63,244.43,245.32,25529
2015-09-29 10:45:00,245.29,245.53,243.5,243.95,15235
2015-09-29 11:00:00,243.94,244.38400000000001,243.45,244.23,13102
2015-09-29 11:15:00,244.06,244.56,243.6,243.6,7727
2015-09-29 11:30:00,243.61,244.0,243.204,243.81,14214
2015-09-29 11:45:00,243.805,244.072,243.0,243.95,9180
2015-09-29 12:00:00,243.81,245.24,243.67,244.61,8742
2015-09-29 12:15:00,244.7,244.78,243.50099999999998,243.805,15390
2015-09-29 12:30:00,244.01,244.33,243.47,244.29,13200
2015-09-29 12:45:00,244.25,244.48,243.21,243.58,10209
2015-09-29 13:00:00,243.54,243.58,242.96,243.22,7961
2015-09-29 13:15:00,243.23,244.47,243.23,244.42,10748
2015-09-29 13:30:00,244.48,245.3499,244.07,245.3499,9668
2015-09-29 13:45:00,245.0601,245.35,244.56,245.01,9008
2015-09-29 14:00:00,245.07,245.22,244.5,245.22,6302
2015-09-29 14:15:00,245.09,245.22,244.57,244.88,9445
2015-09-29 14:30:00,244.84,245.36,244.455,245.29,20692
2015-09-29 14:45:00,245.18,245.18,244.25,244.33,14178
2015-09-29 15:00:00,244.29,244.79,243.75,243.75,13544
2015-09-29 15:15:00,243.91,244.01,243.11,243.16,23353
2015-09-29 15:30:00,243.09,243.22,241.21,241.26,55518
2015-09-29 15:45:00,241.41,243.03,241.41,242.41,36816
2015-09-29 16:00:00,242.33,243.57,241.81,242.98,52378
2015-09-30 09:45:00,245.61,248.139,245.61,246.155,40091
2015-09-30 10:00:00,246.06,246.98,244.78,244.83,40873
2015-09-30 10:15:00,245.169,245.93,244.42,245.47,20520
2015-09-30 10:30:00,245.37,246.09,245.34,245.955,12574
2015-09-30 10:45:00,246.03,247.43,245.91099999999997,246.35,29734
2015-09-30 11:00:00,246.37,246.7399,246.21,246.45,9467
2015-09-30 11:15:00,246.4,246.6,245.79,246.6,7249
2015-09-30 11:30:00,246.38,247.53,246.23,247.13,22990
2015-09-30 11:45:00,247.43,247.82,246.1104,246.31,13585
2015-09-30 12:00:00,246.29,246.69,245.97,246.63,16461
2015-09-30 12:15:00,246.575,247.11,246.11,246.32,15483
2015-09-30 12:30:00,246.34,246.75,246.07,246.375,10471
2015-09-30 12:45:00,246.27,246.93,246.21,246.738,10911
2015-09-30 13:00:00,246.91,247.1,245.84,247.1,15477
2015-09-30 13:15:00,247.01,247.53,246.94,247.23,14525
2015-09-30 13:30:00,246.959,248.02,246.959,247.66,12929
2015-09-30 13:45:00,247.61,248.72,247.44,248.25,10577
2015-09-30 14:00:00,248.32,248.32,247.35,247.47,19397
2015-09-30 14:15:00,247.56,248.01,247.28,248.0,12830
2015-09-30 14:30:00,248.0,248.5399,248.0,248.34,8323
2015-09-30 14:45:00,248.48,248.68,247.65,248.58,16533
2015-09-30 15:00:00,248.6699,248.89,248.27,248.615,27735
2015-09-30 15:15:00,248.53,248.67,247.63,248.235,20865
2015-09-30 15:30:00,248.13,248.923,247.99,248.88,28422
2015-09-30 15:45:00,248.94,249.83,248.78,249.73,26694
2015-09-30 16:00:00,249.7,250.54,249.05,249.68,191941
2015-10-01 09:45:00,249.65,253.46,247.55,247.55,46523
2015-10-01 10:00:00,247.4892,248.98,246.98,247.5,32866
2015-10-01 10:15:00,247.21,250.15,246.96400000000003,250.15,29790
2015-10-01 10:30:00,250.27,250.92,249.0,250.4,22997
2015-10-01 10:45:00,250.11,250.3,248.76,249.26,21397
2015-10-01 11:00:00,249.16,249.76,248.84,248.99,11983
2015-10-01 11:15:00,249.21,250.43,249.1213,249.71,15932
2015-10-01 11:30:00,249.89,250.41,249.55,249.76,15863
2015-10-01 11:45:00,249.37,250.05,248.73,249.07,28628
2015-10-01 12:00:00,248.805,249.44,248.4,248.99,15649
2015-10-01 12:15:00,248.92,249.37,248.28,249.06,27968
2015-10-01 12:30:00,249.02,249.34,248.6001,249.26,21322
2015-10-01 12:45:00,248.89,249.46,248.81,249.13,8458
2015-10-01 13:00:00,249.02,249.3,248.68,248.81,8150
2015-10-01 13:15:00,248.82,248.93,248.32,248.59,9432
2015-10-01 13:30:00,248.45,249.28,248.36,248.68,17027
2015-10-01 13:45:00,248.62,249.83,248.62,249.39,11656
2015-10-01 14:00:00,249.12,250.39,249.12,250.24,10543
2015-10-01 14:15:00,250.26,251.48,249.81,250.91,13581
2015-10-01 14:30:00,251.14,251.37,250.3,251.09,18289
2015-10-01 14:45:00,251.08900000000003,251.576,250.78,251.06,13751
2015-10-01 15:00:00,251.19,251.83,250.84,251.61,20245
2015-10-01 15:15:00,251.53,251.99,250.96,251.96,17246
2015-10-01 15:30:00,251.96,251.96,251.2,251.72,20583
2015-10-01 15:45:00,251.49,251.55,250.7282,251.49,17799
2015-10-01 16:00:00,251.49,252.24,251.49,251.9,100744
2015-10-02 09:45:00,249.0,249.77,247.81,249.77,33041
2015-10-02 10:00:00,249.41,249.41,247.16,247.75,11733
2015-10-02 10:15:00,247.42,247.82,246.12,247.74,19880
2015-10-02 10:30:00,247.55,248.33,246.72,246.72,15098
2015-10-02 10:45:00,246.89,247.96,246.26,247.62,11967
2015-10-02 11:00:00,247.62,247.9799,247.35,247.94,12097
2015-10-02 11:15:00,247.82,248.01,247.192,247.2,13503
2015-10-02 11:30:00,247.23,247.44,246.5,247.19,15625
2015-10-02 11:45:00,247.17,247.63,246.88400000000001,247.05,16611
2015-10-02 12:00:00,246.89,247.91,246.89,247.57,10124
2015-10-02 12:15:00,247.456,247.97,246.8001,247.91,16980
2015-10-02 12:30:00,247.9,248.44,247.74,248.27,15375
2015-10-02 12:45:00,248.25,249.5,248.12,249.32,25367
2015-10-02 13:00:00,249.102,250.37,249.06,249.96,12906
2015-10-02 13:15:00,250.3599,251.71,250.3599,251.467,12983
2015-10-02 13:30:00,251.63,251.66,251.1,251.4624,11129
2015-10-02 13:45:00,251.4897,251.63,250.4,250.68,8545
2015-10-02 14:00:00,250.66,250.8599,250.08,250.12,4923
2015-10-02 14:15:00,250.03,250.68,249.71,249.94,18621
2015-10-02 14:30:00,249.93,250.91,249.65,250.7246,13400
2015-10-02 14:45:00,250.64,250.92,250.53,250.71,4712
2015-10-02 15:00:00,250.78,251.21,250.58,250.74,26812
2015-10-02 15:15:00,250.715,251.28,250.59,251.04,26671
2015-10-02 15:30:00,251.14,251.55,251.06,251.3,18181
2015-10-02 15:45:00,251.44,251.8,251.18,251.45,38681
2015-10-02 16:00:00,251.54,252.39,251.46099999999998,252.2,61675
2015-10-05 09:45:00,253.85,255.0,252.54,252.93,46780
2015-10-05 10:00:00,253.2299,254.1,253.0,253.28799999999998,19987
2015-10-05 10:15:00,253.24,253.593,252.39,252.645,12012
2015-10-05 10:30:00,252.44,252.6518,251.51,251.7299,12212
2015-10-05 10:45:00,251.62,252.37,251.43,252.28,22287
2015-10-05 11:00:00,252.225,253.34,252.14,253.18,21611
2015-10-05 11:15:00,253.32,253.9,253.12,253.33,113735
2015-10-05 11:30:00,253.32,253.32,252.58,252.74,6504
2015-10-05 11:45:00,252.825,252.8399,252.29,252.43,5503
2015-10-05 12:00:00,252.52,252.675,251.9601,252.675,9582
2015-10-05 12:15:00,252.8299,253.35,252.69,252.735,16042
2015-10-05 12:30:00,252.97,253.27,252.294,252.6,17745
2015-10-05 12:45:00,252.59,252.91099999999997,252.36,252.6,16999
2015-10-05 13:00:00,252.75,253.09,252.3,252.52,15589
2015-10-05 13:15:00,252.54,252.65,252.3,252.61,15961
2015-10-05 13:30:00,252.62,253.04,252.3801,252.64,18530
2015-10-05 13:45:00,252.45,252.54,252.122,252.122,4731
2015-10-05 14:00:00,252.29,252.75,252.26,252.56,28645
2015-10-05 14:15:00,252.75,252.9604,252.415,252.68,12544
2015-10-05 14:30:00,252.54,253.35,252.54,253.16,18199
2015-10-05 14:45:00,253.175,253.82,253.175,253.81,10481
2015-10-05 15:00:00,253.8765,253.8765,253.16,253.59,11336
2015-10-05 15:15:00,253.55,254.22,253.35,254.12,20339
2015-10-05 15:30:00,254.11,254.32,253.86,254.0,33756
2015-10-05 15:45:00,254.02,254.17,253.76,254.025,22267
2015-10-05 16:00:00,254.06,254.688,253.94,254.2,52563
2015-10-06 09:45:00,255.0,255.0,253.0,253.71200000000002,54370
2015-10-06 10:00:00,253.705,254.74200000000002,253.55,254.21200000000002,12868
2015-10-06 10:15:00,254.25,254.99,254.19,254.7,8835
2015-10-06 10:30:00,254.36,254.36,253.16,253.16,10620
2015-10-06 10:45:00,253.28,254.165,252.89,253.916,50419
2015-10-06 11:00:00,254.0,254.22,253.46,253.55,18509
2015-10-06 11:15:00,253.74,254.04,253.54,253.708,12743
2015-10-06 11:30:00,253.71,253.96,253.3,253.49,25050
2015-10-06 11:45:00,253.41,253.6,253.02,253.125,18046
2015-10-06 12:00:00,253.02,253.62,253.0,253.245,24970
2015-10-06 12:15:00,253.255,253.76,253.02,253.76,16035
2015-10-06 12:30:00,253.72,254.07,253.36,253.412,20170
2015-10-06 12:45:00,253.4,253.88,253.05,253.85,15941
2015-10-06 13:00:00,253.7968,254.56,253.75,254.48,18259
2015-10-06 13:15:00,254.48,254.88,254.04,254.88,28997
2015-10-06 13:30:00,254.986,255.97400000000002,254.905,255.58,18479
2015-10-06 13:45:00,255.38,255.57,253.77,253.95,13115
2015-10-06 14:00:00,254.09400000000002,254.104,253.42,253.73,9520
2015-10-06 14:15:00,253.55,253.81400000000002,253.28,253.53,10475
2015-10-06 14:30:00,253.736,254.22,253.46,254.002,46095
2015-10-06 14:45:00,253.93,254.33,253.63,253.63,14143
2015-10-06 15:00:00,253.72,253.94,253.05,253.172,15626
2015-10-06 15:15:00,253.07,253.23,252.8,252.94,13008
2015-10-06 15:30:00,252.84,253.24,252.77,253.045,24688
2015-10-06 15:45:00,253.13,253.48,252.84,253.02,17813
2015-10-06 16:00:00,252.935,254.01,252.93,253.83,92287
2015-10-07 09:45:00,254.35,254.9,252.42,252.82,19258
2015-10-07 10:00:00,253.21,254.72,253.21,254.54,5681
2015-10-07 10:15:00,254.345,254.76,254.15,254.6,10593
2015-10-07 10:30:00,254.59,254.75,253.89,254.2,10801
2015-10-07 10:45:00,254.236,254.78,253.66,253.86,6146
2015-10-07 11:00:00,253.895,253.965,253.34,253.41,5520
2015-10-07 11:15:00,253.34,253.72,252.75,252.795,9250
2015-10-07 11:30:00,252.782,252.782,252.02,252.2,13690
2015-10-07 11:45:00,252.06,252.325,251.84,251.92,11880
2015-10-07 12:00:00,251.83,252.2,251.62,251.68,9405
2015-10-07 12:15:00,251.64,251.748,250.82,250.82,15080
2015-10-07 12:30:00,250.84,251.86,250.84,251.09,5806
2015-10-07 12:45:00,251.03,251.35,250.78,251.35,7100
2015-10-07 13:00:00,251.5,251.95,251.39,251.554,16184
2015-10-07 13:15:00,251.64,252.11,251.64,251.92,13209
2015-10-07 13:30:00,251.97,252.06,251.39,251.4,5640
2015-10-07 13:45:00,251.35,251.98,251.33,251.88,9224
2015-10-07 14:00:00,251.92,251.98,251.2,251.26,10909
2015-10-07 14:15:00,251.27,252.02,251.06,251.13,13749
2015-10-07 14:30:00,251.37,251.37,250.5,250.55,11950
2015-10-07 14:45:00,250.6451,250.94,250.34,250.825,9748
2015-10-07 15:00:00,250.73,250.8568,250.47,250.665,18702
2015-10-07 15:15:00,250.745,251.33,250.5,251.175,26000
2015-10-07 15:30:00,251.2149,251.8,251.12,251.3721,22170
2015-10-07 15:45:00,251.43,251.53,250.94,251.165,33941
2015-10-07 16:00:00,251.22,251.8,250.74,251.78,37436
2015-10-08 09:45:00,250.52,251.92,249.4401,250.8618,22532
2015-10-08 10:00:00,250.66,251.96,250.66,251.96,12558
2015-10-08 10:15:00,251.894,252.69,251.894,252.08,5377
2015-10-08 10:30:00,252.15,252.685,252.01,252.24,10531
2015-10-08 10:45:00,252.458,253.3,252.4,253.11,6128
2015-10-08 11:00:00,253.29,253.5,252.666,252.986,5662
2015-10-08 11:15:00,252.92,253.23,251.72,251.72,7900
2015-10-08 11:30:00,251.82,252.39,251.6301,252.24,11029
2015-10-08 11:45:00,252.2,252.69,252.1001,252.69,7478
2015-10-08 12:00:00,252.81,252.92,252.58,252.6,4927
2015-10-08 12:15:00,252.77,252.77,252.26,252.32,7025
2015-10-08 12:30:00,252.38,252.66,251.56,251.57,7973
2015-10-08 12:45:00,251.726,252.3,251.65,252.01,6674
2015-10-08 13:00:00,251.88,252.08,251.33,251.5898,5700
2015-10-08 13:15:00,251.64,251.65,251.13,251.36,7736
2015-10-08 13:30:00,251.45,251.575,251.01,251.39,13382
2015-10-08 13:45:00,251.327,251.74,251.327,251.47,2604
2015-10-08 14:00:00,251.66,252.27,251.63,251.92,5247
2015-10-08 14:15:00,251.92,253.08,251.92,252.84,14002
2015-10-08 14:30:00,252.66,252.92,252.38,252.83,9304
2015-10-08 14:45:00,252.67,253.17,252.59,253.04,7613
2015-10-08 15:00:00,253.03,253.53,252.8,253.2401,7900
2015-10-08 15:15:00,253.68,253.975,253.55,253.835,7900
2015-10-08 15:30:00,253.90900000000002,254.25,253.72,253.91,12377
2015-10-08 15:45:00,253.7698,253.97,253.54,253.62,11357
2015-10-08 16:00:00,253.766,254.0,253.19,253.58,55071
2015-10-09 09:45:00,254.1,254.755,252.8,253.988,17773
2015-10-09 10:00:00,253.94,254.0299,252.75,253.035,14746
2015-10-09 10:15:00,253.21,253.21,252.56,252.84,8333
2015-10-09 10:30:00,252.69,253.4179,252.41,253.1,39977
2015-10-09 10:45:00,253.386,253.75,252.91,253.42,13632
2015-10-09 11:00:00,253.71,253.821,253.16,253.5903,14488
2015-10-09 11:15:00,253.66,253.89,253.2,253.68,11467
2015-10-09 11:30:00,253.57,254.0,253.38,253.67,8610
2015-10-09 11:45:00,253.74,253.74,252.67,252.67,4907
2015-10-09 12:00:00,252.78,253.47,252.58,253.025,5284
2015-10-09 12:15:00,253.06900000000002,253.06900000000002,252.91,252.95,3175
2015-10-09 12:30:00,253.05,253.47,252.96,253.13,2700
2015-10-09 12:45:00,253.24,253.24,252.85,252.95,4824
2015-10-09 13:00:00,252.945,253.57,252.945,253.19,5289
2015-10-09 13:15:00,253.16,253.1908,252.4,252.45,9236
2015-10-09 13:30:00,252.54,252.92,252.457,252.83,5316
2015-10-09 13:45:00,252.69,252.9825,252.41,252.8,6824
2015-10-09 14:00:00,252.83,252.9,252.42,252.78,5861
2015-10-09 14:15:00,252.8,252.84599999999998,252.51,252.58,4976
2015-10-09 14:30:00,252.5,252.81,252.35,252.81,13113
2015-10-09 14:45:00,252.815,252.89,252.56,252.755,3970
2015-10-09 15:00:00,252.82,253.31,252.63,253.31,13335
2015-10-09 15:15:00,253.3,253.31,252.85,253.0708,8646
2015-10-09 15:30:00,253.00599999999997,253.13,252.71,252.73,22256
2015-10-09 15:45:00,252.905,253.46,252.88,253.46,15064
2015-10-09 16:00:00,253.5,253.79,253.235,253.64,32391
2015-10-12 09:45:00,254.71,254.78,252.81,253.58,34306
2015-10-12 10:00:00,253.8,254.61,253.8,254.22,10398
2015-10-12 10:15:00,254.222,254.74,253.48,254.6,6668
2015-10-12 10:30:00,254.6,255.08,254.27,255.08,5445
2015-10-12 10:45:00,255.29,255.63,255.29,255.52,6207
2015-10-12 11:00:00,255.3779,256.5,255.3779,256.3009,16806
2015-10-12 11:15:00,256.27,257.39,256.27,257.27,15367
2015-10-12 11:30:00,257.49,257.58,257.03,257.495,5400
2015-10-12 11:45:00,257.43,257.74,257.06,257.61,6790
2015-10-12 12:00:00,257.515,258.86,257.39,258.37,14627
2015-10-12 12:15:00,258.452,258.86,258.18,258.6283,18437
2015-10-12 12:30:00,258.566,258.73,258.05,258.44,9375
2015-10-12 12:45:00,258.19,258.285,257.61,257.9,4651
2015-10-12 13:00:00,257.9,257.9,257.44,257.6,6020
2015-10-12 13:15:00,257.64,257.64,257.23,257.42,5233
2015-10-12 13:30:00,257.71,258.24,257.7,258.17,6683
2015-10-12 13:45:00,258.11,258.342,257.91,258.08,10273
2015-10-12 14:00:00,258.17,258.41,258.01,258.26,5973
2015-10-12 14:15:00,258.063,258.224,257.55,257.645,3606
2015-10-12 14:30:00,257.6966,257.77,257.53,257.612,9873
2015-10-12 14:45:00,257.73,257.83,257.39,257.4776,7511
2015-10-12 15:00:00,257.47,257.68,257.39,257.67,18361
2015-10-12 15:15:00,257.78,257.78,257.3,257.54,6225
2015-10-12 15:30:00,257.34,257.4842,257.09,257.23,8436
2015-10-12 15:45:00,257.16,257.33,257.0,257.18,9339
2015-10-12 16:00:00,257.0976,257.2,256.76,257.07,51690
2015-10-13 09:45:00,256.47,257.23,255.9,256.99,19537
2015-10-13 10:00:00,257.0,257.0,256.0,256.38,14786
2015-10-13 10:15:00,256.66,256.66,255.03,255.03,20283
2015-10-13 10:30:00,255.14,255.14,254.52,254.65,44787
2015-10-13 10:45:00,254.66,254.75,253.735,254.02,17697
2015-10-13 11:00:00,254.045,254.4,253.58,254.324,12406
2015-10-13 11:15:00,254.36,254.4,253.92,254.045,8670
2015-10-13 11:30:00,254.035,254.035,253.42,253.49,11506
2015-10-13 11:45:00,253.6216,253.6216,253.13,253.405,7840
2015-10-13 12:00:00,253.43,253.541,253.005,253.0706,14692
2015-10-13 12:15:00,253.19,253.74,253.18,253.18,4749
2015-10-13 12:30:00,253.29,253.33,252.74,252.74,5579
2015-10-13 12:45:00,252.6805,253.05,252.68,252.94,7711
2015-10-13 13:00:00,252.97,252.97,252.41,252.45,10907
2015-10-13 13:15:00,252.4,252.4,251.52,251.62,10425
2015-10-13 13:30:00,251.68,252.06,251.495,251.495,4800
2015-10-13 13:45:00,251.59,251.7332,251.29,251.7332,12664
2015-10-13 14:00:00,251.61,251.9999,251.6,251.6,13618
2015-10-13 14:15:00,251.59,251.71,251.44,251.44,17691
2015-10-13 14:30:00,251.49,251.52,251.3,251.4,9244
2015-10-13 14:45:00,251.31,251.39,251.15,251.15,20162
2015-10-13 15:00:00,251.2,252.19,251.175,252.07,11146
2015-10-13 15:15:00,252.07,252.28,251.7101,251.74,13030
2015-10-13 15:30:00,251.76,251.798,251.2,251.43,18759
2015-10-13 15:45:00,251.43,251.6,251.095,251.17,16568
2015-10-13 16:00:00,251.1127,251.64,251.1127,251.38,51348
2015-10-14 09:45:00,252.23,252.4362,251.296,251.305,12395
2015-10-14 10:00:00,251.55,251.66,251.095,251.14,11093
2015-10-14 10:15:00,251.2,251.2,250.48,250.6999,7510
2015-10-14 10:30:00,250.59,250.59,249.68,250.025,13138
2015-10-14 10:45:00,250.01,250.16,248.87,248.87,19335
2015-10-14 11:00:00,249.04,249.08,247.37,248.07,18132
2015-10-14 11:15:00,248.14,249.0,247.87,248.73,14822
2015-10-14 11:30:00,248.5346,248.71,248.14,248.53,13623
2015-10-14 11:45:00,248.63,249.14,248.17,248.495,15819
2015-10-14 12:00:00,248.62,249.02,248.29,248.5,33069
2015-10-14 12:15:00,248.51,248.81,248.39,248.41,11400
2015-10-14 12:30:00,248.53,248.61,248.09,248.24,22821
2015-10-14 12:45:00,248.36,248.93,248.22,248.7515,7777
2015-10-14 13:00:00,248.85,250.09,248.83,249.48,7500
2015-10-14 13:15:00,249.48,249.5,248.87,249.1701,8147
2015-10-14 13:30:00,249.33,249.59,249.15,249.31,9200
2015-10-14 13:45:00,249.12,249.4,248.47,248.6,23783
2015-10-14 14:00:00,248.6,248.695,247.76,248.37,11618
2015-10-14 14:15:00,248.26,248.58,247.35,247.59,23437
2015-10-14 14:30:00,247.79,248.37,247.78,248.19,14293
2015-10-14 14:45:00,248.01,248.06,247.28,247.53799999999998,16640
2015-10-14 15:00:00,247.34,247.71,247.06,247.13,25155
2015-10-14 15:15:00,247.1,247.21,246.76,246.935,22616
2015-10-14 15:30:00,246.945,247.17,246.48,246.9323,28078
2015-10-14 15:45:00,247.08,247.71,246.9,246.93,29015
2015-10-14 16:00:00,246.935,247.46,246.9151,247.27,55228
2015-10-15 09:45:00,249.16,249.295,247.26,249.295,22134
2015-10-15 10:00:00,249.31,249.49,248.0101,248.28,15663
2015-10-15 10:15:00,248.17,250.43,248.17,250.23,29003
2015-10-15 10:30:00,250.12,250.12,249.16,249.16,16053
2015-10-15 10:45:00,249.17,250.49,249.15,250.14,16298
2015-10-15 11:00:00,250.07,250.43,249.64,249.82,16453
2015-10-15 11:15:00,249.63,250.465,249.57,250.35,11185
2015-10-15 11:30:00,250.43,250.67,250.26,250.61,17114
2015-10-15 11:45:00,250.6,250.78,250.18,250.18,7121
2015-10-15 12:00:00,250.25,250.4,248.09,248.14,31177
2015-10-15 12:15:00,248.15,249.45,247.51,249.45,21531
2015-10-15 12:30:00,249.58,249.91,249.18,249.18,5081
2015-10-15 12:45:00,249.1903,249.61,249.02,249.42,7102
2015-10-15 13:00:00,249.58,250.26,249.17,249.82,35151
2015-10-15 13:15:00,249.605,250.31,249.46,249.57,8400
2015-10-15 13:30:00,249.6,249.83,249.4,249.695,6185
2015-10-15 13:45:00,249.45,250.07,249.15,249.425,8059
2015-10-15 14:00:00,249.43,250.22,249.34,250.22,5627
2015-10-15 14:15:00,250.03,250.42,249.854,250.42,8077
2015-10-15 14:30:00,250.40400000000002,250.49,250.12,250.49,9226
2015-10-15 14:45:00,250.54,250.8208,250.2716,250.8208,5829
2015-10-15 15:00:00,250.96,251.27,250.7,250.82,8100
2015-10-15 15:15:00,250.82,251.5,250.82,251.26,7452
2015-10-15 15:30:00,251.29,251.99,251.19,251.72,23273
2015-10-15 15:45:00,251.71,251.99,251.28,251.36,12623
2015-10-15 16:00:00,251.4,251.84,251.26,251.45,40451
2015-10-16 09:45:00,252.99,253.32,251.79,252.08,50267
2015-10-16 10:00:00,251.8,252.76,251.68,252.385,13887
2015-10-16 10:15:00,252.09,252.8276,252.015,252.1375,3556
2015-10-16 10:30:00,252.085,252.55,252.085,252.25,3571
2015-10-16 10:45:00,252.22,252.9,252.02,252.895,15339
2015-10-16 11:00:00,252.5501,253.2499,252.5501,252.88,10023
2015-10-16 11:15:00,252.94,253.39,252.91,253.06,25448
2015-10-16 11:30:00,253.07,253.46,252.7723,252.84,16758
2015-10-16 11:45:00,252.69,253.015,252.6,253.015,1756
2015-10-16 12:00:00,253.005,253.73,253.005,253.41,6839
2015-10-16 12:15:00,253.42,253.42,252.53,252.66,5700
2015-10-16 12:30:00,252.5001,252.95,252.5001,252.95,4995
2015-10-16 12:45:00,252.83,253.0,252.8,252.92,4849
2015-10-16 13:00:00,252.78,253.25,252.78,252.91,5026
2015-10-16 13:15:00,252.66,252.73,252.5,252.55,1900
2015-10-16 13:30:00,252.4,252.4,252.25,252.25,2944
2015-10-16 13:45:00,252.19,252.653,252.19,252.3,4821
2015-10-16 14:00:00,252.25,252.73,252.19,252.48,7878
2015-10-16 14:15:00,252.39,252.84,252.27,252.73,7678
2015-10-16 14:30:00,252.92,253.4,252.83,253.4,7889
2015-10-16 14:45:00,253.49,253.9,253.25,253.83,11631
2015-10-16 15:00:00,253.79,253.9565,253.59,253.7,7321
2015-10-16 15:15:00,253.625,253.81,253.42,253.5,9047
2015-10-16 15:30:00,253.5,253.84,253.17,253.34,12873
2015-10-16 15:45:00,253.52,254.06,253.52,253.96,7915
2015-10-16 16:00:00,253.84,254.07,253.57,254.04,60505
2015-10-19 09:45:00,254.17,254.97,252.39,253.11,48881
2015-10-19 10:00:00,253.11,253.16,250.99,251.08,29306
2015-10-19 10:15:00,250.98,251.89,250.56,251.89,23991
2015-10-19 10:30:00,252.03,252.27,251.17,251.3077,10239
2015-10-19 10:45:00,251.16,251.16,250.7,251.0272,22178
2015-10-19 11:00:00,251.0,251.09,250.7,251.024,27507
2015-10-19 11:15:00,251.065,251.11,250.53,251.0,17141
2015-10-19 11:30:00,251.0,251.21,250.6,250.615,20986
2015-10-19 11:45:00,250.67,251.07,250.41,250.46,18425
2015-10-19 12:00:00,250.485,251.23,250.47,251.1,33387
2015-10-19 12:15:00,251.2,251.64,251.17,251.45,16147
2015-10-19 12:30:00,251.3,251.4,250.9,250.9,12697
2015-10-19 12:45:00,251.03,251.6692,251.01,251.48,4346
2015-10-19 13:00:00,251.6,251.84,251.25,251.77,12549
2015-10-19 13:15:00,252.04,252.23,251.82,251.82,3632
2015-10-19 13:30:00,251.75,251.85,251.27,251.27,14848
2015-10-19 13:45:00,251.27,251.49,250.9,251.26,10314
2015-10-19 14:00:00,251.26,251.5125,251.17,251.47,11958
2015-10-19 14:15:00,251.48,251.515,251.11,251.35,13758
2015-10-19 14:30:00,251.44,251.6,251.24,251.48,9941
2015-10-19 14:45:00,251.6,251.81400000000002,251.53,251.58,9182
2015-10-19 15:00:00,251.74,252.04,251.34,251.91,8471
2015-10-19 15:15:00,252.05,252.26,251.8,251.93,26188
2015-10-19 15:30:00,252.03,252.22,251.84,251.91,18716
2015-10-19 15:45:00,252.0,252.1,251.51,251.52,31186
2015-10-19 16:00:00,251.51,252.29,251.38,252.23,90768
2015-10-20 09:45:00,252.17,252.63,251.7494,252.45,20106
2015-10-20 10:00:00,252.19,252.77,251.75,251.79,10549
2015-10-20 10:15:00,251.51,251.6999,251.21,251.6999,6140
2015-10-20 10:30:00,251.35,251.68,251.3,251.4401,7432
2015-10-20 10:45:00,251.62,251.89,251.07,251.77,31149
2015-10-20 11:00:00,251.91,252.08,251.7,251.71,9781
2015-10-20 11:15:00,251.9,251.91,251.31,251.512,10777
2015-10-20 11:30:00,251.63,252.138,251.38,251.94,27998
2015-10-20 11:45:00,251.88,251.92,251.59,251.69,23196
2015-10-20 12:00:00,251.56,251.93,251.44,251.775,11770
2015-10-20 12:15:00,251.77,251.92,251.46,251.55,6108
2015-10-20 12:30:00,251.45,251.7,251.14,251.55,16711
2015-10-20 12:45:00,251.53,251.65,251.14,251.47,6020
2015-10-20 13:00:00,251.48,251.51,250.89,251.16,12068
2015-10-20 13:15:00,251.17,251.46,251.03,251.3,3200
2015-10-20 13:30:00,251.49,251.88,251.21,251.88,12395
2015-10-20 13:45:00,251.66,252.29,251.6,252.2,12788
2015-10-20 14:00:00,252.04,252.14,251.77,252.14,14297
2015-10-20 14:15:00,251.98,252.23,251.87,251.92,16164
2015-10-20 14:30:00,251.94,252.49,251.85,252.303,21098
2015-10-20 14:45:00,252.48,252.48,251.93,252.13,26905
2015-10-20 15:00:00,251.96,252.57,251.96,252.54,12861
2015-10-20 15:15:00,252.66,253.2,252.615,253.12,5817
2015-10-20 15:30:00,253.13,253.18,252.63,252.89,23955
2015-10-20 15:45:00,252.87,252.895,251.8968,252.03,33067
2015-10-20 16:00:00,252.04,252.55,251.945,252.44,43150
2015-10-21 09:45:00,253.0,253.52900000000002,252.55,252.84,14926
2015-10-21 10:00:00,252.89,253.2499,252.65,253.03,12815
2015-10-21 10:15:00,252.94,252.94,252.26,252.89,11084
2015-10-21 10:30:00,252.72,252.89,251.7001,252.16,8636
2015-10-21 10:45:00,252.02,252.99,252.02,252.96,7459
2015-10-21 11:00:00,252.91,253.14,252.52,252.88,10329
2015-10-21 11:15:00,252.72,253.06,252.29,252.88,15572
2015-10-21 11:30:00,252.81,253.1999,252.572,252.735,11898
2015-10-21 11:45:00,252.86,253.125,252.62,253.0,22801
2015-10-21 12:00:00,252.7,253.11,252.55,253.01,20737
2015-10-21 12:15:00,253.11,253.265,252.77,253.265,7036
2015-10-21 12:30:00,253.315,253.315,253.005,253.135,3566
2015-10-21 12:45:00,253.0,253.2,252.84,253.12,9140
2015-10-21 13:00:00,253.12,253.36,253.08,253.09,34724
2015-10-21 13:15:00,252.92,252.92,252.0,252.31,8816
2015-10-21 13:30:00,252.19,252.19,251.38,251.38,5809
2015-10-21 13:45:00,251.2,251.69,250.75,251.29,8369
2015-10-21 14:00:00,251.43,252.1299,251.43,251.77,4380
2015-10-21 14:15:00,251.76,252.13,251.61,252.06,13903
2015-10-21 14:30:00,251.9901,252.31,251.72,252.31,14316
2015-10-21 14:45:00,252.12,253.41,252.01,252.98,14061
2015-10-21 15:00:00,253.065,253.16,252.42,252.97,16077
2015-10-21 15:15:00,252.98,253.44,252.85,252.87,13625
2015-10-21 15:30:00,252.87,253.6,252.6801,253.4636,16099
2015-10-21 15:45:00,253.5,253.7399,253.31,253.5,38043
2015-10-21 16:00:00,253.47,253.73,253.21,253.23,94435
2015-10-22 09:45:00,254.54,255.0,253.46,254.44,28951
2015-10-22 10:00:00,254.71,255.89,254.45,255.3204,24691
2015-10-22 10:15:00,255.465,255.665,254.72,254.725,18595
2015-10-22 10:30:00,254.8,255.44,254.63,255.16,12649
2015-10-22 10:45:00,255.32,255.82,255.04,255.63,18860
2015-10-22 11:00:00,255.455,255.88,255.11,255.88,12170
2015-10-22 11:15:00,256.048,256.09,255.44,255.56,8321
2015-10-22 11:30:00,255.97,256.02,255.13,255.63,5262
2015-10-22 11:45:00,255.77,256.01,255.58,256.01,3211
2015-10-22 12:00:00,255.78900000000002,256.19,254.96,254.96,11713
2015-10-22 12:15:00,255.24,255.72,254.83,255.72,10333
2015-10-22 12:30:00,255.77,256.599,255.6536,256.599,17731
2015-10-22 12:45:00,256.68,256.86,256.2,256.85,9505
2015-10-22 13:00:00,256.85,257.4208,256.62,256.84,13921
2015-10-22 13:15:00,256.72,256.72,255.92,256.14,26460
2015-10-22 13:30:00,256.3,256.74,256.0,256.06,7886
2015-10-22 13:45:00,256.1802,256.7,256.05,256.64599999999996,11218
2015-10-22 14:00:00,256.81,257.47,256.67,257.47,7572
2015-10-22 14:15:00,257.42400000000004,257.42400000000004,256.31,256.6,16462
2015-10-22 14:30:00,256.65,256.82,256.062,256.3,17521
2015-10-22 14:45:00,256.08,256.97,255.86,256.515,11422
2015-10-22 15:00:00,256.52,256.63,255.92,256.63,25849
2015-10-22 15:15:00,256.4598,256.99,256.09,256.425,11467
2015-10-22 15:30:00,256.51,256.988,256.35,256.8,10203
2015-10-22 15:45:00,256.92,257.25,256.37,256.69,25328
2015-10-22 16:00:00,256.8,257.0,256.535,256.905,99723
2015-10-23 09:45:00,259.33,260.0,257.72,258.78,45841
2015-10-23 10:00:00,258.75,259.2,258.17,259.15,22347
2015-10-23 10:15:00,259.29,259.4973,258.55,259.15,28225
2015-10-23 10:30:00,259.0,259.355,258.395,258.48,39127
2015-10-23 10:45:00,258.48,258.85,257.48,258.47,46786
2015-10-23 11:00:00,258.46,258.52,257.46,258.13,37749
2015-10-23 11:15:00,258.1,258.92,258.09,258.7389,22031
2015-10-23 11:30:00,258.58,258.89,258.05,258.395,32609
2015-10-23 11:45:00,258.34,258.69,258.12,258.25,25571
2015-10-23 12:00:00,258.25,258.25,256.4601,256.55,16712
2015-10-23 12:15:00,256.6,257.66,256.33,257.4334,32931
2015-10-23 12:30:00,257.43,258.16,257.05,257.27,30326
2015-10-23 12:45:00,257.19,257.3,256.4,256.5,10785
2015-10-23 13:00:00,256.48400000000004,257.45,256.4,257.04,6475
2015-10-23 13:15:00,257.07,257.07,256.67,256.9,8123
2015-10-23 13:30:00,256.95,257.315,256.68,257.265,6324
2015-10-23 13:45:00,257.28,258.3,257.28,257.83,22050
2015-10-23 14:00:00,257.93,259.06,257.72,258.88,24211
2015-10-23 14:15:00,258.81,259.29,258.4303,259.0,12432
2015-10-23 14:30:00,259.1,259.84,259.0701,259.53,13357
2015-10-23 14:45:00,259.48,259.881,259.205,259.69,27306
2015-10-23 15:00:00,259.65,259.85,259.35,259.8,22728
2015-10-23 15:15:00,259.76,260.1917,259.51,259.51,37943
2015-10-23 15:30:00,259.45,259.7799,258.86,258.86,46744
2015-10-23 15:45:00,258.73,260.08,258.73,259.77,41204
2015-10-23 16:00:00,259.87,260.39,259.4,260.03,125544
2015-10-26 09:45:00,261.39,261.98,260.25,261.63,35176
2015-10-26 10:00:00,261.6299,261.73,260.3406,260.58,18416
2015-10-26 10:15:00,260.59,261.02,260.346,260.62,20306
2015-10-26 10:30:00,260.4251,262.59,260.35,262.585,18703
2015-10-26 10:45:00,262.73,262.73,261.76,262.182,19571
2015-10-26 11:00:00,262.04,262.54,261.88,262.51,42177
2015-10-26 11:15:00,262.4126,262.54,261.92,262.39,19771
2015-10-26 11:30:00,262.43,262.43,261.385,261.405,24789
2015-10-26 11:45:00,261.44,261.76,261.33,261.45,32813
2015-10-26 12:00:00,261.38,261.72,261.29,261.29,7880
2015-10-26 12:15:00,261.51,261.57,261.13,261.23,11269
2015-10-26 12:30:00,261.33,261.5,261.22,261.43,13448
2015-10-26 12:45:00,261.41,261.46,261.1,261.18,8557
2015-10-26 13:00:00,261.17,261.24,260.68,260.75,15113
2015-10-26 13:15:00,260.728,261.21,260.6,261.01,29967
2015-10-26 13:30:00,260.98,261.01,260.77,260.85,21801
2015-10-26 13:45:00,260.89,261.7,260.845,261.59,15584
2015-10-26 14:00:00,261.62,262.27,261.52,262.27,12118
2015-10-26 14:15:00,262.27,262.8,261.97,261.97,16500
2015-10-26 14:30:00,262.05,262.55,262.026,262.5,29741
2015-10-26 14:45:00,262.485,262.68,262.35,262.35,14637
2015-10-26 15:00:00,262.44,262.7,262.105,262.38,10268
2015-10-26 15:15:00,262.26,262.5375,262.26,262.38,8658
2015-10-26 15:30:00,262.4,262.9025,262.31,262.525,23253
2015-10-26 15:45:00,262.6,262.71,262.14,262.37,37081
2015-10-26 16:00:00,262.37,262.92,262.35,262.58,41340
2015-10-27 09:45:00,260.83,262.04,260.67,260.67,35607
2015-10-27 10:00:00,260.66,261.178,260.46,260.61,38705
2015-10-27 10:15:00,260.46,260.79,259.64,259.9399,42580
2015-10-27 10:30:00,259.94,260.22,259.5,259.74,18564
2015-10-27 10:45:00,259.584,259.6,258.52,258.938,29701
2015-10-27 11:00:00,258.735,259.17,258.63,259.0177,8435
2015-10-27 11:15:00,259.12,259.44,258.64,259.24,18683
2015-10-27 11:30:00,259.16,259.26,258.77,258.77,9901
2015-10-27 11:45:00,258.8506,259.24,258.71,258.86,18273
2015-10-27 12:00:00,258.9,259.59,258.65,258.7,19901
2015-10-27 12:15:00,258.82,259.71,258.685,259.71,9349
2015-10-27 12:30:00,259.71,260.32,259.54,260.0601,11020
2015-10-27 12:45:00,260.18,260.34,259.64,260.27,34434
2015-10-27 13:00:00,260.26,260.41,260.06,260.26,16377
2015-10-27 13:15:00,260.16,260.16,259.0,259.13,10252
2015-10-27 13:30:00,259.06,259.42,258.86,258.94,15247
2015-10-27 13:45:00,259.04,259.61,258.96,258.99,12185
2015-10-27 14:00:00,259.12,259.53,259.0,259.496,16913
2015-10-27 14:15:00,259.37,259.59,259.32,259.38,4600
2015-10-27 14:30:00,259.29,259.63,258.85,259.0,8135
2015-10-27 14:45:00,258.91,259.85,258.9,259.25,8418
2015-10-27 15:00:00,259.1527,259.24,258.55,258.55,17812
2015-10-27 15:15:00,258.52,259.17,258.33,258.83,39682
2015-10-27 15:30:00,258.95,259.6,258.8,259.37,25689
2015-10-27 15:45:00,259.54,259.89,259.2,259.67,16879
2015-10-27 16:00:00,259.68,260.33,259.65,260.22,38115
2015-10-28 09:45:00,260.27,261.05,258.5613,259.5,13245
2015-10-28 10:00:00,259.375,259.87,258.685,259.44,20074
2015-10-28 10:15:00,259.5,259.5,258.8,259.2,22800
2015-10-28 10:30:00,259.09,259.3,258.72,258.83,13607
2015-10-28 10:45:00,258.74,259.33,258.65,259.06,24475
2015-10-28 11:00:00,259.07,260.13,259.0,259.95,25287
2015-10-28 11:15:00,259.95,260.1099,259.43,260.02,18421
2015-10-28 11:30:00,260.025,260.89,259.9,260.85,17247
2015-10-28 11:45:00,260.89,261.63,260.71,261.4,25861
2015-10-28 12:00:00,261.19,261.86,261.12,261.6,12917
2015-10-28 12:15:00,261.54,262.16,261.15,262.15,17695
2015-10-28 12:30:00,261.97,262.051,261.42,261.66,6225
2015-10-28 12:45:00,261.67,261.78,261.15,261.17,9478
2015-10-28 13:00:00,261.03,261.63,261.03,261.2225,10400
2015-10-28 13:15:00,261.13,261.6,261.08,261.43,11363
2015-10-28 13:30:00,261.46,261.959,261.351,261.59,9370
2015-10-28 13:45:00,261.56,261.915,261.38,261.64,7857
2015-10-28 14:00:00,261.66,262.76,261.47,262.76,13182
2015-10-28 14:15:00,262.54,262.54,259.74,259.96,30529
2015-10-28 14:30:00,260.053,260.7,259.72,260.45599999999996,19463
2015-10-28 14:45:00,260.68,260.68,259.67,260.24,17421
2015-10-28 15:00:00,260.42,260.74,260.0,260.42,19419
2015-10-28 15:15:00,260.375,261.59,260.2801,261.54,32971
2015-10-28 15:30:00,261.59,262.035,261.42,261.63,27854
2015-10-28 15:45:00,261.67,263.31,261.52299999999997,263.31,39571
2015-10-28 16:00:00,263.22,263.66,262.8,263.1,72307
2015-10-29 09:45:00,272.52,276.8674,268.34,276.77,175652
2015-10-29 10:00:00,276.77,277.38,274.56,276.07,109896
2015-10-29 10:15:00,276.18,277.96,275.5,275.93,77684
2015-10-29 10:30:00,275.78,276.84,275.68,276.42,30730
2015-10-29 10:45:00,276.49,276.49,274.92,275.74,34492
2015-10-29 11:00:00,275.575,275.73,274.4601,275.185,36566
2015-10-29 11:15:00,275.07,275.07,274.1,274.2,24601
2015-10-29 11:30:00,274.23,274.39,273.95,274.2,23266
2015-10-29 11:45:00,274.1668,274.25,273.01,273.187,24551
2015-10-29 12:00:00,273.177,273.59,272.57,273.23,36064
2015-10-29 12:15:00,273.23,273.29,272.62,272.934,32236
2015-10-29 12:30:00,273.0,273.17,271.8149,273.15,43702
2015-10-29 12:45:00,273.15,274.25,273.08,273.948,30654
2015-10-29 13:00:00,274.0,274.1199,273.8,273.95,16223
2015-10-29 13:15:00,273.83,273.95,273.15,273.56,25376
2015-10-29 13:30:00,273.68,274.78,273.52,274.67,24896
2015-10-29 13:45:00,274.61,275.98,274.61,275.55,22769
2015-10-29 14:00:00,275.539,276.16,275.47,275.88,20726
2015-10-29 14:15:00,275.84,276.33,274.78,275.0,20663
2015-10-29 14:30:00,275.0,275.16,274.21,275.02,22527
2015-10-29 14:45:00,275.13,275.22,274.64,275.04,24041
2015-10-29 15:00:00,274.91,275.14,274.81,274.87,19663
2015-10-29 15:15:00,274.8874,275.45,274.53,275.3395,24250
2015-10-29 15:30:00,275.302,276.14,275.134,275.62,58791
2015-10-29 15:45:00,275.61,276.785,275.34,276.66,55879
2015-10-29 16:00:00,276.66,276.71,275.56,275.92,74341
2015-10-30 09:45:00,276.0,276.26,274.1004,274.9701,49569
2015-10-30 10:00:00,275.02,275.52,274.47,274.9386,26557
2015-10-30 10:15:00,275.19,276.09,274.94,275.61,30863
2015-10-30 10:30:00,275.73,276.3139,275.32,275.32,23533
2015-10-30 10:45:00,275.32,276.23,275.27,276.23,11810
2015-10-30 11:00:00,276.19,276.775,275.95,276.47,21419
2015-10-30 11:15:00,276.6,276.62,275.71,275.86,17399
2015-10-30 11:30:00,275.81,276.07,275.56,276.07,8825
2015-10-30 11:45:00,276.07,276.16,275.68,275.79,19031
2015-10-30 12:00:00,275.86,276.73,275.74,276.5,15609
2015-10-30 12:15:00,276.51,277.38,276.37,276.94,20367
2015-10-30 12:30:00,276.73,276.7836,275.68,276.08,33618
2015-10-30 12:45:00,275.99,277.07,275.93,276.65,11420
2015-10-30 13:00:00,276.815,277.54,276.35,277.155,31232
2015-10-30 13:15:00,277.185,277.5928,276.94,277.09,16372
2015-10-30 13:30:00,277.24,277.36,276.51,276.52,22325
2015-10-30 13:45:00,276.5,276.5,275.5603,275.7272,15527
2015-10-30 14:00:00,275.75,276.16,275.4401,275.89,9910
2015-10-30 14:15:00,275.88,276.4,275.88,276.315,12758
2015-10-30 14:30:00,276.33,276.4,275.84,276.029,10999
2015-10-30 14:45:00,275.92,276.14,275.76,276.03,18426
2015-10-30 15:00:00,276.06,276.3,275.44,276.005,20836
2015-10-30 15:15:00,276.13599999999997,276.17,275.55,275.8556,16657
2015-10-30 15:30:00,275.74,276.71,275.74,276.2,17361
2015-10-30 15:45:00,276.19,277.07,276.19,276.31,16109
2015-10-30 16:00:00,276.37,277.34,276.19,276.24,52973
2015-11-02 09:45:00,276.38,277.05,275.53,276.56,28734
2015-11-02 10:00:00,276.85,277.6599,275.27,275.48,13700
2015-11-02 10:15:00,275.9999,276.14,275.01,275.165,29158
2015-11-02 10:30:00,275.06,275.8,274.53,275.25,49734
2015-11-02 10:45:00,275.29,275.3,273.79,274.0,21843
2015-11-02 11:00:00,274.1468,274.29,273.41,273.82,20085
2015-11-02 11:15:00,273.63,274.52,273.3,273.3,33201
2015-11-02 11:30:00,273.3201,273.75,272.87,273.62,29064
2015-11-02 11:45:00,273.59,273.8799,273.23,273.23,10165
2015-11-02 12:00:00,273.2789,273.88,273.11,273.53,17645
2015-11-02 12:15:00,273.48,274.06,273.38,273.9,15001
2015-11-02 12:30:00,273.85,274.388,273.75,274.388,22805
2015-11-02 12:45:00,274.2,274.7,274.14,274.65,12140
2015-11-02 13:00:00,274.83,274.83,273.96,274.08,22761
2015-11-02 13:15:00,274.08,275.15,274.08,274.44,10002
2015-11-02 13:30:00,274.634,275.05,274.21,274.89,20996
2015-11-02 13:45:00,275.05,275.24,274.72,274.96,22822
2015-11-02 14:00:00,275.03,276.125,274.79,276.03,30012
2015-11-02 14:15:00,276.07,276.39,275.11,275.12,22463
2015-11-02 14:30:00,275.16,275.31,274.65,274.94,21394
2015-11-02 14:45:00,275.02,275.45,274.72,275.21,19574
2015-11-02 15:00:00,275.16,276.35,274.85,275.92,18640
2015-11-02 15:15:00,275.93,275.95,274.99,275.39,26342
2015-11-02 15:30:00,275.35,275.45799999999997,274.9,274.9,26300
2015-11-02 15:45:00,275.0,275.35,274.82,275.11,37437
2015-11-02 16:00:00,275.06,275.15,273.74,273.94,143163
2015-11-03 09:45:00,272.48,273.99,272.48,272.74,34675
2015-11-03 10:00:00,272.84,274.03,272.67,273.1774,35362
2015-11-03 10:15:00,273.11,273.655,272.24,272.37,43989
2015-11-03 10:30:00,272.346,272.91,272.11,272.39,16063
2015-11-03 10:45:00,272.4,272.4,270.81,271.2442,25111
2015-11-03 11:00:00,271.13,271.97,271.08,271.52,18300
2015-11-03 11:15:00,271.66,271.68,270.93,271.0,20403
2015-11-03 11:30:00,270.98,271.04,269.78,270.0,44091
2015-11-03 11:45:00,270.0,271.06,269.85200000000003,270.88,16814
2015-11-03 12:00:00,270.77,271.01,270.11,271.0,14419
2015-11-03 12:15:00,271.05,271.09,270.48,270.48,12558
2015-11-03 12:30:00,270.6,270.77,270.23,270.23,16690
2015-11-03 12:45:00,270.49,270.56,270.14,270.19,11722
2015-11-03 13:00:00,270.31,270.31,269.94,270.15,14478
2015-11-03 13:15:00,270.15,270.15,269.71,269.81,12233
2015-11-03 13:30:00,269.83,269.88,269.0,269.099,26860
2015-11-03 13:45:00,269.0925,269.14,268.49,268.92,32834
2015-11-03 14:00:00,268.843,270.24,268.84,270.0,22038
2015-11-03 14:15:00,270.165,270.92,269.95,270.81,18643
2015-11-03 14:30:00,270.66,270.902,270.09,270.8599,25241
2015-11-03 14:45:00,270.655,270.73,270.21,270.73,14458
2015-11-03 15:00:00,270.718,271.05,270.595,270.87,16878
2015-11-03 15:15:00,270.86,271.29,270.66,270.83,15353
2015-11-03 15:30:00,270.85,271.95,270.82,271.52099999999996,20750
2015-11-03 15:45:00,271.5,271.63,270.5,270.705,31395
2015-11-03 16:00:00,270.76,271.64,270.66,271.52,44027
2015-11-04 09:45:00,270.85,272.37,270.3143,271.31,23264
2015-11-04 10:00:00,271.15,271.27,270.0,270.0,15602
2015-11-04 10:15:00,270.03,270.1357,268.8,268.865,50073
2015-11-04 10:30:00,269.04,269.49,268.54,268.54,43004
2015-11-04 10:45:00,268.57,269.59,268.385,269.58,24045
2015-11-04 11:00:00,269.54,270.3725,269.31,269.74,7092
2015-11-04 11:15:00,269.71,269.95,268.9,269.16,16880
2015-11-04 11:30:00,269.1,270.46,269.1,269.95,17020
2015-11-04 11:45:00,269.94,270.97,269.85,270.97,7350
2015-11-04 12:00:00,271.025,271.95,270.95099999999996,271.7,9229
2015-11-04 12:15:00,271.61,272.34,271.28,271.9817,11253
2015-11-04 12:30:00,272.03,272.15,271.33,271.38,12690
2015-11-04 12:45:00,271.22,271.42,270.85,271.0,7453
2015-11-04 13:00:00,271.17,272.12,271.17,272.12,8549
2015-11-04 13:15:00,272.12,272.16,270.9,271.232,25057
2015-11-04 13:30:00,271.25,271.9799,271.07,271.9799,8675
2015-11-04 13:45:00,271.865,271.91,271.41,271.72,12715
2015-11-04 14:00:00,271.68,272.38,271.27,272.09,6699
2015-11-04 14:15:00,272.09,272.21,271.63,272.155,9011
2015-11-04 14:30:00,272.25,272.33,271.38,271.55,10215
2015-11-04 14:45:00,271.63,272.183,271.61,271.61,10064
2015-11-04 15:00:00,271.74,272.57,271.66,272.21,7997
2015-11-04 15:15:00,272.318,272.49,271.44,271.99,10238
2015-11-04 15:30:00,271.9794,272.455,271.87,272.03,8837
2015-11-04 15:45:00,272.04,272.19,271.28,271.4201,23566
2015-11-04 16:00:00,271.56,272.55,271.36,272.52,64803
2015-11-05 09:45:00,272.23,272.49,270.35,271.29,26981
2015-11-05 10:00:00,271.42,272.21,271.31,272.02,7970
2015-11-05 10:15:00,272.03,272.28,271.5674,271.65,22154
2015-11-05 10:30:00,271.59,272.15,271.59,271.85,7565
2015-11-05 10:45:00,271.92,272.49,271.39,272.49,10408
2015-11-05 11:00:00,272.26,272.51,271.91,271.95,14265
2015-11-05 11:15:00,272.0256,272.04,271.32,271.6979,9755
2015-11-05 11:30:00,271.9299,272.598,271.92,272.16,4644
2015-11-05 11:45:00,271.99,272.2,271.42,271.625,4878
2015-11-05 12:00:00,271.91,272.62,271.78,272.22,8529
2015-11-05 12:15:00,272.34,273.32,272.07,272.07,9137
2015-11-05 12:30:00,272.29,272.53,272.17,272.21,5113
2015-11-05 12:45:00,272.21,272.214,271.575,272.214,8809
2015-11-05 13:00:00,271.95,272.26,271.54,271.76,4911
2015-11-05 13:15:00,272.21,272.22,271.77,271.9,8294
2015-11-05 13:30:00,271.95,272.76599999999996,271.95,272.61,6600
2015-11-05 13:45:00,272.7599,273.13,272.58,272.73,8000
2015-11-05 14:00:00,272.64,273.275,272.32,272.77,9606
2015-11-05 14:15:00,273.02,273.42,272.79,273.125,14382
2015-11-05 14:30:00,273.02,273.365,272.93,273.31,13228
2015-11-05 14:45:00,273.36,273.36,272.89,273.18,6760
2015-11-05 15:00:00,273.3599,273.47,273.0,273.18,15453
2015-11-05 15:15:00,273.15,273.5272,273.12,273.135,10548
2015-11-05 15:30:00,272.98,274.0,272.98,274.0,14351
2015-11-05 15:45:00,274.0,274.32,273.66,274.29,16554
2015-11-05 16:00:00,274.3,274.3632,273.33,273.52,53700
2015-11-06 09:45:00,272.48,274.55,272.48,273.335,12989
2015-11-06 10:00:00,273.34,273.43,272.3,272.59,8923
2015-11-06 10:15:00,272.68,272.765,271.38,272.54,13684
2015-11-06 10:30:00,272.8,272.95,272.28,272.59,7388
2015-11-06 10:45:00,272.765,273.39,272.48,273.02,6626
2015-11-06 11:00:00,273.28,273.72,273.0,273.085,7123
2015-11-06 11:15:00,273.25,273.25,272.26,272.5,18467
2015-11-06 11:30:00,272.27,272.59,272.06,272.39,7520
2015-11-06 11:45:00,272.57,272.88,272.29,272.29,10875
2015-11-06 12:00:00,272.39,272.84,272.33,272.34,9018
2015-11-06 12:15:00,272.55,272.77,272.16,272.36,7727
2015-11-06 12:30:00,272.5,272.5,271.88,272.39,5747
2015-11-06 12:45:00,272.22,272.68,271.91,272.68,13946
2015-11-06 13:00:00,272.67,272.98,272.29,272.58,16432
2015-11-06 13:15:00,272.78,272.93,272.6,272.93,3542
2015-11-06 13:30:00,273.008,273.59,272.81,273.17,12402
2015-11-06 13:45:00,273.18,273.35,272.64,272.9,19714
2015-11-06 14:00:00,272.99,273.48,272.72,273.37,12698
2015-11-06 14:15:00,273.5141,273.53,273.07,273.22,6949
2015-11-06 14:30:00,273.22,273.22,272.15,272.18,8447
2015-11-06 14:45:00,272.19,272.4499,271.62,271.87,22074
2015-11-06 15:00:00,271.75,272.217,271.61,272.14,17958
2015-11-06 15:15:00,272.1799,272.33,271.81,272.05,6682
2015-11-06 15:30:00,272.09,272.2982,271.96,272.15,7625
2015-11-06 15:45:00,272.24,272.86,272.08,272.7872,8672
2015-11-06 16:00:00,272.692,273.4,272.555,273.34,38911
2015-11-09 09:45:00,271.33,271.79,270.0,270.05,43554
2015-11-09 10:00:00,270.01,270.58,269.7,269.76,12771
2015-11-09 10:15:00,269.57,269.92,269.165,269.8,27098
2015-11-09 10:30:00,269.88,269.98,269.1,269.41,9039
2015-11-09 10:45:00,269.545,270.08,269.27,269.77,14439
2015-11-09 11:00:00,269.705,269.705,269.185,269.24,12784
2015-11-09 11:15:00,269.23,269.42,268.755,269.0526,9802
2015-11-09 11:30:00,268.97,269.34,268.76,268.97,3532
2015-11-09 11:45:00,268.66,269.28,268.66,269.07,6170
2015-11-09 12:00:00,268.78,268.9671,268.61,268.9671,6248
2015-11-09 12:15:00,268.99,269.14,268.7,268.98,10867
2015-11-09 12:30:00,269.0,269.25,268.74,269.0996,23406
2015-11-09 12:45:00,269.16,269.835,269.01,269.835,5792
2015-11-09 13:00:00,269.72,270.21,269.72,269.83,4009
2015-11-09 13:15:00,269.73,269.73,269.03,269.03,4945
2015-11-09 13:30:00,268.9381,269.27,268.925,269.09,3772
2015-11-09 13:45:00,269.25,269.48,268.88,269.26,3600
2015-11-09 14:00:00,269.42,269.42,268.78,269.05,5981
2015-11-09 14:15:00,268.94,269.19,268.59,268.96,9503
2015-11-09 14:30:00,268.8,269.2,268.8,268.93,10706
2015-11-09 14:45:00,268.93,269.06,268.64,268.94,5388
2015-11-09 15:00:00,268.7568,269.05,268.68,268.965,4618
2015-11-09 15:15:00,268.97,269.0717,268.59,268.78,9202
2015-11-09 15:30:00,268.88,269.2,268.6,268.98,20670
2015-11-09 15:45:00,269.0,269.42,268.95,269.12,35429
2015-11-09 16:00:00,269.33,269.92,269.26,269.55,30379
2015-11-10 09:45:00,269.59,273.53,269.04,273.48,42182
2015-11-10 10:00:00,273.06,273.87,272.01,273.41,28998
2015-11-10 10:15:00,273.4,273.41,272.5237,272.9,16333
2015-11-10 10:30:00,272.63,273.4,272.56,273.0,24969
2015-11-10 10:45:00,273.0,273.71,272.96,272.96,11305
2015-11-10 11:00:00,273.25,273.61,273.21,273.47,7662
2015-11-10 11:15:00,273.43,273.77,272.8991,272.8991,11955
2015-11-10 11:30:00,272.77,272.83,271.31,271.31,10926
2015-11-10 11:45:00,271.26,271.72,271.0801,271.54,12822
2015-11-10 12:00:00,271.495,271.965,271.07,271.88,8495
2015-11-10 12:15:00,271.835,272.88,271.835,272.88,3898
2015-11-10 12:30:00,272.8573,273.1,272.73,272.73,3381
2015-11-10 12:45:00,272.758,272.8,272.15,272.8,18614
2015-11-10 13:00:00,272.73,273.44,272.66,272.67,7249
2015-11-10 13:15:00,272.52,272.88,272.4,272.67,9865
2015-11-10 13:30:00,272.7,272.91,272.53,272.91,3431
2015-11-10 13:45:00,272.97,273.05,272.79,272.87,6259
2015-11-10 14:00:00,272.87,272.9884,272.75,272.75,6227
2015-11-10 14:15:00,272.85,272.86,272.55,272.61,6000
2015-11-10 14:30:00,272.61,272.65,272.26,272.43,4232
2015-11-10 14:45:00,272.55,272.81,272.35,272.71,11176
2015-11-10 15:00:00,272.65,272.91,272.25,272.82,31847
2015-11-10 15:15:00,272.7,273.3,272.5627,273.24,17802
2015-11-10 15:30:00,273.18,273.36,272.97,273.29,8190
2015-11-10 15:45:00,273.2916,273.47,272.56,272.56,23423
2015-11-10 16:00:00,272.69,272.76,272.05,272.27,85634
2015-11-11 09:45:00,272.92,273.95,272.69,273.14,17542
2015-11-11 10:00:00,273.11,273.2,272.57,272.84,5678
2015-11-11 10:15:00,272.84,272.91,272.37,272.615,14798
2015-11-11 10:30:00,272.5,272.5,271.28,271.64,14689
2015-11-11 10:45:00,271.76,272.24,271.51,271.51,19052
2015-11-11 11:00:00,271.4,271.94,271.3,271.865,11540
2015-11-11 11:15:00,271.72,272.77,271.61,272.635,6016
2015-11-11 11:30:00,272.55,273.1165,272.55,273.07,16833
2015-11-11 11:45:00,273.08,273.275,272.9,272.9238,10932
2015-11-11 12:00:00,272.96,273.28,272.89,272.95,3889
2015-11-11 12:15:00,272.96,273.085,272.61,272.72,6517
2015-11-11 12:30:00,272.83,273.2579,272.52,273.06,9770
2015-11-11 12:45:00,273.0501,273.4844,273.0501,273.28,8924
2015-11-11 13:00:00,273.317,273.317,272.58,272.76,5616
2015-11-11 13:15:00,272.83,272.83,272.2,272.4325,28586
2015-11-11 13:30:00,272.42,272.71,272.17,272.5,12411
2015-11-11 13:45:00,272.3525,272.57,272.17,272.5,3785
2015-11-11 14:00:00,272.55,272.83,272.32,272.34,4075
2015-11-11 14:15:00,272.4328,272.7,272.395,272.56,6342
2015-11-11 14:30:00,272.6216,272.71,272.3,272.71,7860
2015-11-11 14:45:00,272.81,272.81,271.86,271.97,4044
2015-11-11 15:00:00,271.97,272.2369,271.76,271.76,9704
2015-11-11 15:15:00,271.81,271.82,271.16,271.47,10175
2015-11-11 15:30:00,271.36,271.45,270.89,271.015,10117
2015-11-11 15:45:00,271.07,271.16,270.77,270.96,17260
2015-11-11 16:00:00,270.97,271.05,270.59,270.97,38604
2015-11-12 09:45:00,266.75,269.98,263.02,267.42,63168
2015-11-12 10:00:00,267.47,269.57,267.41,268.36,20777
2015-11-12 10:15:00,268.35,268.87,267.01,268.53,16677
2015-11-12 10:30:00,268.655,268.92,266.58,266.63,14416
2015-11-12 10:45:00,266.51,269.19,266.34,269.0,19013
2015-11-12 11:00:00,269.19,269.4,268.16,269.02,17197
2015-11-12 11:15:00,269.31,269.38,268.82,268.82,11549
2015-11-12 11:30:00,269.05,269.4,268.8,268.94,7458
2015-11-12 11:45:00,268.93,268.93,268.09,268.44,19291
2015-11-12 12:00:00,268.52,268.78,268.16,268.33,8810
2015-11-12 12:15:00,268.37,268.4899,268.05,268.1,2829
2015-11-12 12:30:00,268.01,268.01,267.18,267.82,9537
2015-11-12 12:45:00,267.8,267.8,266.65,266.98,4913
2015-11-12 13:00:00,267.2657,268.14,267.2657,267.96,25650
2015-11-12 13:15:00,268.03,268.455,267.8,268.24,38040
2015-11-12 13:30:00,268.33,268.755,268.14,268.35,15395
2015-11-12 13:45:00,268.34,268.65,268.005,268.32,11800
2015-11-12 14:00:00,268.25,268.61,267.885,268.53,8515
2015-11-12 14:15:00,268.63,268.85,268.14,268.17,7822
2015-11-12 14:30:00,268.34,268.35,267.76,268.18,7909
2015-11-12 14:45:00,268.23,268.79,268.21,268.65,26048
2015-11-12 15:00:00,268.59,268.65,267.39,267.94,16415
2015-11-12 15:15:00,267.93,268.22,267.535,267.95,9331
2015-11-12 15:30:00,267.8,268.17,267.61,267.63,9785
2015-11-12 15:45:00,267.73,267.77,267.05,267.28,19037
2015-11-12 16:00:00,267.25,267.47,266.85,266.89,39567
2015-11-13 09:45:00,265.83,267.77,265.81,266.78,23260
2015-11-13 10:00:00,266.3,266.36,264.7913,265.03,23335
2015-11-13 10:15:00,265.03,265.04,263.08,263.26,16445
2015-11-13 10:30:00,263.3,263.66,262.12,263.41,13861
2015-11-13 10:45:00,263.4,263.93,263.1955,263.63,24035
2015-11-13 11:00:00,263.65,263.7,261.6572,261.9,16050
2015-11-13 11:15:00,261.68,262.65,261.49,262.4,9504
2015-11-13 11:30:00,262.39,262.7,261.88,262.69,19384
2015-11-13 11:45:00,262.42,262.99,261.79,261.8115,24032
2015-11-13 12:00:00,261.98,262.3824,260.98,262.34,17822
2015-11-13 12:15:00,262.34,263.27,261.98,263.18,10894
2015-11-13 12:30:00,263.27,263.87,262.8,263.23,13880
2015-11-13 12:45:00,263.07,263.44,262.45,262.51,20609
2015-11-13 13:00:00,262.51,263.07,262.51,262.975,19584
2015-11-13 13:15:00,263.04,263.2,262.1,262.13,17570
2015-11-13 13:30:00,262.11,262.485,262.03,262.21,13157
2015-11-13 13:45:00,262.29,262.47,261.57,261.745,7941
2015-11-13 14:00:00,261.57,261.89,260.53,260.56,13713
2015-11-13 14:15:00,260.54,260.74,260.21,260.53,26592
2015-11-13 14:30:00,260.585,261.24,260.42,260.91,27903
2015-11-13 14:45:00,260.92,261.25,260.62,261.14599999999996,11548
2015-11-13 15:00:00,261.31,261.43,260.2101,260.45,21584
2015-11-13 15:15:00,260.45,260.76,260.19,260.3789,18984
2015-11-13 15:30:00,260.44,260.44,259.35,259.99,25994
2015-11-13 15:45:00,259.96,260.57,259.81,260.4,29790
2015-11-13 16:00:00,260.33,260.49,259.77,259.83,52096
2015-11-16 09:45:00,259.48,261.05,258.635,260.6789,33840
2015-11-16 10:00:00,260.595,261.99,260.04,260.78,19769
2015-11-16 10:15:00,260.87,261.99,260.3,261.76,21780
2015-11-16 10:30:00,261.606,262.56,261.2601,261.95,16651
2015-11-16 10:45:00,261.91,263.1,261.53,262.4501,39655
2015-11-16 11:00:00,262.43,262.4844,260.4101,260.75,27811
2015-11-16 11:15:00,260.79,262.02,260.79,260.98,15516
2015-11-16 11:30:00,261.18,261.75,260.92,261.24,14028
2015-11-16 11:45:00,261.25,261.96,261.25,261.46,9634
2015-11-16 12:00:00,261.07,261.72,261.07,261.53,6180
2015-11-16 12:15:00,261.62,262.43,261.535,261.7,20597
2015-11-16 12:30:00,262.11,262.57,261.44,262.41,18654
2015-11-16 12:45:00,262.55,263.58,262.26,262.57,9451
2015-11-16 13:00:00,262.44,263.41,262.03,263.26,13288
2015-11-16 13:15:00,263.01,263.79,262.64,263.42,4272
2015-11-16 13:30:00,263.44,264.08,263.12,264.03,7005
2015-11-16 13:45:00,263.8914,264.06,263.67,263.71,11350
2015-11-16 14:00:00,263.75,264.1,263.5,263.86,4761
2015-11-16 14:15:00,264.12,264.48,263.51,264.155,9439
2015-11-16 14:30:00,264.24,264.295,263.8148,264.2,17472
2015-11-16 14:45:00,264.19,264.79,264.12,264.52,12573
2015-11-16 15:00:00,264.535,264.75,263.72,264.58,24833
2015-11-16 15:15:00,264.775,265.23,264.425,265.07,20809
2015-11-16 15:30:00,265.23,265.83,264.94,265.59,21460
2015-11-16 15:45:00,265.64,265.94,264.98,265.28,20537
2015-11-16 16:00:00,265.2,266.54,265.2,266.47,76607
2015-11-17 09:45:00,267.02,268.83,266.18,266.74,20143
2015-11-17 10:00:00,267.263,267.263,265.74,266.64,9710
2015-11-17 10:15:00,266.47,267.92,266.47,267.17,16952
2015-11-17 10:30:00,267.19,268.5,267.18,268.17,8404
2015-11-17 10:45:00,268.17,269.31,268.06,269.158,11691
2015-11-17 11:00:00,269.26,270.09,269.16,269.77,23749
2015-11-17 11:15:00,269.79,269.85,268.53,269.24,6054
2015-11-17 11:30:00,269.23,269.332,267.93,268.19,8949
2015-11-17 11:45:00,268.2,268.65,267.73,268.65,27597
2015-11-17 12:00:00,268.85,268.935,268.27,268.81,8666
2015-11-17 12:15:00,268.91,269.0,267.92,268.35,17677
2015-11-17 12:30:00,268.35,268.57,267.29,267.61,11361
2015-11-17 12:45:00,267.51,267.85,266.65,266.99,7566
2015-11-17 13:00:00,266.93,268.44,266.93,268.2,7004
2015-11-17 13:15:00,268.15,268.43,267.54,268.43,15591
2015-11-17 13:30:00,268.4,268.52,266.76,266.77,18353
2015-11-17 13:45:00,266.7,267.53,266.67,267.47,12269
2015-11-17 14:00:00,267.46,267.94,267.22,267.94,13485
2015-11-17 14:15:00,267.66,267.7921,266.6,266.6,9018
2015-11-17 14:30:00,266.6,266.665,265.83,265.97,8769
2015-11-17 14:45:00,265.96,266.18,265.54,265.54,8963
2015-11-17 15:00:00,265.64,266.71,265.36,266.71,14648
2015-11-17 15:15:00,266.525,266.69,265.635,266.52,22397
2015-11-17 15:30:00,266.28,266.55,265.99,266.31,16155
2015-11-17 15:45:00,266.395,267.2,266.2,267.16,13718
2015-11-17 16:00:00,267.35,267.36,266.46,266.79,35256
2015-11-18 09:45:00,267.9,268.21,266.38,266.59,19225
2015-11-18 10:00:00,266.97,267.53,266.2816,266.54,4889
2015-11-18 10:15:00,266.39,266.9699,265.99,266.19,9971
2015-11-18 10:30:00,266.21,266.68,265.99,266.11,9302
2015-11-18 10:45:00,266.045,266.69,265.93,266.615,5712
2015-11-18 11:00:00,266.87,267.39,266.53,266.84,4491
2015-11-18 11:15:00,266.8,266.96,266.25,266.67,7912
2015-11-18 11:30:00,266.87,267.12,266.42,266.83,6316
2015-11-18 11:45:00,266.88,267.72900000000004,266.88,267.3,5567
2015-11-18 12:00:00,267.12,267.62,267.0,267.3,3888
2015-11-18 12:15:00,267.03,267.43,266.84,267.282,10998
2015-11-18 12:30:00,267.59,267.86,267.22,267.52,3450
2015-11-18 12:45:00,267.47,267.89,267.28,267.495,13542
2015-11-18 13:00:00,266.89,267.77,266.85,267.265,14206
2015-11-18 13:15:00,267.4,267.94,267.35,267.56,10379
2015-11-18 13:30:00,267.655,268.3,267.23,268.04,13460
2015-11-18 13:45:00,267.82,268.22,267.67,267.82,5863
2015-11-18 14:00:00,267.82,268.0456,267.62,267.95,9566
2015-11-18 14:15:00,267.78,269.03,267.42,268.59,24554
2015-11-18 14:30:00,268.35,268.65,267.67,267.87,6673
2015-11-18 14:45:00,267.94,268.0,267.19,267.95,6392
2015-11-18 15:00:00,268.01,268.375,267.61,267.9425,8605
2015-11-18 15:15:00,268.27,268.36,267.63,268.36,9119
2015-11-18 15:30:00,268.23,268.64,268.08,268.5,19294
2015-11-18 15:45:00,268.41,268.82,268.31,268.53,12155
2015-11-18 16:00:00,268.51,269.67,268.51,269.34,54323
2015-11-19 09:45:00,269.56,270.42,267.885,269.7,23351
2015-11-19 10:00:00,269.955,270.24,268.58,269.39,26305
2015-11-19 10:15:00,269.9,271.178,269.59,270.79,12649
2015-11-19 10:30:00,270.664,270.86,269.94,270.73,5657
2015-11-19 10:45:00,270.8104,270.88,269.34,269.525,9034
2015-11-19 11:00:00,269.375,269.91,269.21,269.885,11299
2015-11-19 11:15:00,270.04,270.7,269.59,270.34,9688
2015-11-19 11:30:00,270.45,270.67,269.5801,270.42,8436
2015-11-19 11:45:00,270.323,270.323,269.34,269.77,8929
2015-11-19 12:00:00,269.64,269.92,269.31,269.54,7758
2015-11-19 12:15:00,269.57,269.6099,269.02,269.29,11752
2015-11-19 12:30:00,269.32,270.04400000000004,269.23,269.785,18889
2015-11-19 12:45:00,269.88,270.42,269.775,269.96,3862
2015-11-19 13:00:00,269.86,270.25,269.51,269.61,6788
2015-11-19 13:15:00,269.83,270.1,269.5,270.1,4740
2015-11-19 13:30:00,270.01,270.21,269.44,269.5,3908
2015-11-19 13:45:00,269.42,269.74,269.07,269.2,8859
2015-11-19 14:00:00,268.89,269.24,268.605,268.9,12824
2015-11-19 14:15:00,268.98,269.07,268.68,268.88,5126
2015-11-19 14:30:00,268.9,269.51,268.88,269.405,8526
2015-11-19 14:45:00,269.405,269.61,268.48,268.48,7987
2015-11-19 15:00:00,268.54,268.92,268.17,268.275,9013
2015-11-19 15:15:00,268.31,269.02,268.31,268.58,20988
2015-11-19 15:30:00,268.85,269.48,268.7201,269.44,4385
2015-11-19 15:45:00,269.32,269.38,268.67,268.67,11195
2015-11-19 16:00:00,268.72,269.14,268.72,268.85,31032
2015-11-20 09:45:00,270.58,270.9193,268.94,269.015,58534
2015-11-20 10:00:00,269.44,270.53,269.315,270.53,12799
2015-11-20 10:15:00,270.22,270.51,269.31,269.81,9752
2015-11-20 10:30:00,269.93,270.06,269.31,269.31,9871
2015-11-20 10:45:00,269.32,270.0,268.86,269.485,42450
2015-11-20 11:00:00,269.575,269.92,269.11,269.29200000000003,18740
2015-11-20 11:15:00,269.4632,269.9499,269.15,269.59,11390
2015-11-20 11:30:00,269.62,269.9,269.38,269.51,9848
2015-11-20 11:45:00,269.585,269.8,269.37,269.485,6377
2015-11-20 12:00:00,269.77,269.8,269.37,269.62,10480
2015-11-20 12:15:00,269.71,269.715,269.435,269.435,17081
2015-11-20 12:30:00,269.47,269.93,269.47,269.67,8382
2015-11-20 12:45:00,269.79,270.0,269.59,269.665,12475
2015-11-20 13:00:00,269.73,269.96,269.47,269.72,10501
2015-11-20 13:15:00,269.84,270.25,269.58,269.75,9659
2015-11-20 13:30:00,269.78,269.99,269.3,269.795,17304
2015-11-20 13:45:00,269.56,269.6799,269.03,269.285,12565
2015-11-20 14:00:00,269.275,269.71,269.04,269.53,5336
2015-11-20 14:15:00,269.52,270.36,269.52,270.225,9651
2015-11-20 14:30:00,270.335,270.41,270.04,270.335,9424
2015-11-20 14:45:00,270.29,270.5999,270.05,270.36,20323
2015-11-20 15:00:00,270.25,270.62,270.18,270.18,10076
2015-11-20 15:15:00,270.13,270.21,269.8,269.91,9004
2015-11-20 15:30:00,269.92,270.1,269.81,270.075,12174
2015-11-20 15:45:00,270.135,270.25,269.95,270.16,8865
2015-11-20 16:00:00,270.14,270.6,270.0,270.5,35199
2015-11-23 09:45:00,270.33,271.12,269.46,271.12,16019
2015-11-23 10:00:00,270.83,271.025,270.43,270.61,11955
2015-11-23 10:15:00,270.61,271.865,270.58,271.62,17154
2015-11-23 10:30:00,271.62,271.7936,270.49,270.52,8613
2015-11-23 10:45:00,270.555,271.38,270.555,270.87,8121
2015-11-23 11:00:00,271.0,271.2199,270.23,270.9,9055
2015-11-23 11:15:00,270.73,271.01,270.4,270.565,6225
2015-11-23 11:30:00,270.57,271.25,270.57,270.89,9973
2015-11-23 11:45:00,271.11,271.44,270.72,271.38,5035
2015-11-23 12:00:00,271.36,271.36,270.46,270.58,4122
2015-11-23 12:15:00,270.44,270.52,270.03,270.2652,6212
2015-11-23 12:30:00,270.44,270.44,269.745,270.08,5195
2015-11-23 12:45:00,269.782,270.115,269.73,269.73,3114
2015-11-23 13:00:00,269.8899,269.8899,269.35,269.37,7028
2015-11-23 13:15:00,269.38,269.88,269.07,269.09,3320
2015-11-23 13:30:00,269.07,269.12,268.62,268.68,4607
2015-11-23 13:45:00,268.7131,269.41,268.49,269.32,4843
2015-11-23 14:00:00,269.19,269.19,268.53,268.795,3405
2015-11-23 14:15:00,268.8223,268.8223,267.8,267.8,8624
2015-11-23 14:30:00,267.865,267.865,267.05,267.14,7951
2015-11-23 14:45:00,267.06,267.54,266.9283,267.17,10562
2015-11-23 15:00:00,267.43,268.38,267.31,268.29,8462
2015-11-23 15:15:00,268.29,268.6199,268.08,268.505,7608
2015-11-23 15:30:00,268.505,268.6,268.01,268.54,11312
2015-11-23 15:45:00,268.47,268.5217,267.8,267.8,15329
2015-11-23 16:00:00,267.735,268.31,267.67,268.25,42720
2015-11-24 09:45:00,266.22,267.9799,265.17,265.86,20649
2015-11-24 10:00:00,265.84,268.05,265.84,266.775,20126
2015-11-24 10:15:00,266.52,267.37,265.99,266.62,14048
2015-11-24 10:30:00,266.47,268.25,266.11,267.95,26719
2015-11-24 10:45:00,267.86,267.86,266.02,266.36,9239
2015-11-24 11:00:00,266.31,266.59,265.93,266.25,12075
2015-11-24 11:15:00,266.21,266.91,266.09,266.44,12216
2015-11-24 11:30:00,266.39,267.41,266.17,267.15,15278
2015-11-24 11:45:00,267.32,268.09,267.32,267.36,10639
2015-11-24 12:00:00,267.36,268.03,267.055,267.61,16494
2015-11-24 12:15:00,268.02,268.42,267.53,268.05,6306
2015-11-24 12:30:00,268.07,268.11,267.25,267.68,8096
2015-11-24 12:45:00,267.61,267.8,267.3001,267.8,6488
2015-11-24 13:00:00,267.5535,268.22,267.32,268.15,5924
2015-11-24 13:15:00,268.29,269.11,268.29,268.42,4598
2015-11-24 13:30:00,268.55,269.3175,268.26,269.15,5720
2015-11-24 13:45:00,269.29,269.29,268.41,268.41,7680
2015-11-24 14:00:00,268.35,268.6517,267.91,268.3817,7762
2015-11-24 14:15:00,268.22,268.77,267.94,268.105,6318
2015-11-24 14:30:00,268.095,268.1975,267.63,268.0,8113
2015-11-24 14:45:00,268.0,268.18,267.58,268.18,9626
2015-11-24 15:00:00,268.25,268.59,267.79,268.05,15229
2015-11-24 15:15:00,268.06,268.5999,267.73,268.38,9706
2015-11-24 15:30:00,268.52299999999997,268.73,267.91,267.91,15498
2015-11-24 15:45:00,267.9,268.06,267.08,267.38,18943
2015-11-24 16:00:00,267.39,267.7,267.12,267.58,48650
2015-11-25 09:45:00,267.76,269.8399,267.5,269.42,11562
2015-11-25 10:00:00,269.665,270.83,269.05,270.37,10597
2015-11-25 10:15:00,270.42,270.5,269.17,269.2,6989
2015-11-25 10:30:00,269.19,269.88,268.945,269.58,7595
2015-11-25 10:45:00,269.53,270.0584,269.53,269.63,12678
2015-11-25 11:00:00,269.29,270.0,269.29,269.66,9073
2015-11-25 11:15:00,269.99,270.0,269.24,269.52,5015
2015-11-25 11:30:00,269.43,270.2,269.43,269.61,6200
2015-11-25 11:45:00,269.55,269.71,269.23,269.23,6075
2015-11-25 12:00:00,269.5599,269.5599,268.87,269.3399,7010
2015-11-25 12:15:00,269.34,269.79,269.13,269.52,5943
2015-11-25 12:30:00,269.4,269.68,269.0175,269.0275,6007
2015-11-25 12:45:00,268.95,269.58,268.84,269.37,19365
2015-11-25 13:00:00,269.26,269.945,269.26,269.32,5023
2015-11-25 13:15:00,269.23,269.325,269.04,269.17,4665
2015-11-25 13:30:00,269.24,269.58,269.17,269.224,4641
2015-11-25 13:45:00,269.4,269.57,269.05,269.2,4546
2015-11-25 14:00:00,269.23,269.52,269.02,269.19,6554
2015-11-25 14:15:00,269.31,269.42,268.86,269.1,9594
2015-11-25 14:30:00,269.13,269.31,268.64,268.98,6807
2015-11-25 14:45:00,268.94,268.94,268.21,268.22,8350
2015-11-25 15:00:00,268.24,268.72,268.21,268.525,7827
2015-11-25 15:15:00,268.65,268.88,268.45,268.6099,5347
2015-11-25 15:30:00,268.47,269.17,268.32,269.0,12643
2015-11-25 15:45:00,268.89,268.89,268.45,268.59,11023
2015-11-25 16:00:00,268.44,268.55400000000003,268.14,268.19,35786
2015-11-27 09:45:00,268.72,269.95,268.35,268.35,19238
2015-11-27 10:00:00,268.28,269.04,267.53,269.04,8189
2015-11-27 10:15:00,268.87,268.87,267.88,268.1985,11106
2015-11-27 10:30:00,268.03,268.27,267.51,267.85,9352
2015-11-27 10:45:00,267.84,268.48,267.43,267.89,30600
2015-11-27 11:00:00,267.98,268.72,267.98,268.41,22880
2015-11-27 11:15:00,268.43,269.18,268.28,268.52,5791
2015-11-27 11:30:00,268.58,268.95,268.42,268.4701,6465
2015-11-27 11:45:00,268.74,269.14,268.46,268.71,5059
2015-11-27 12:00:00,268.95,268.99,268.01,268.02,6738
2015-11-27 12:15:00,267.855,268.58,267.53,268.39,24164
2015-11-27 12:30:00,268.48,269.379,268.48,268.72,10922
2015-11-27 12:45:00,268.84,268.84,268.15,268.18,10634
2015-11-27 13:00:00,268.23,268.49,267.68,268.01,19706
2015-11-27 13:15:00,268.1,268.13,268.1,268.1,34696
2015-11-27 13:30:00,268.1,268.1,268.1,268.1,147
2015-11-30 09:45:00,267.2,269.29,266.71,267.69,25140
2015-11-30 10:00:00,267.305,267.64,265.62,265.73,19384
2015-11-30 10:15:00,265.71,266.83,265.51,265.66,16458
2015-11-30 10:30:00,265.8,267.38,265.38,267.27,20206
2015-11-30 10:45:00,267.26,267.51,266.53,266.8,14028
2015-11-30 11:00:00,266.61,266.7,266.11,266.11,9158
2015-11-30 11:15:00,266.18,267.21,266.18,267.12,15051
2015-11-30 11:30:00,267.05,267.05,266.31,266.31,20974
2015-11-30 11:45:00,266.24,266.32,265.8,266.01,7669
2015-11-30 12:00:00,266.2,266.34,265.5,266.32,14546
2015-11-30 12:15:00,266.27,266.67,265.66,266.38,9504
2015-11-30 12:30:00,266.37,266.6,265.7,265.72,5810
2015-11-30 12:45:00,265.839,266.09,265.56,265.85,16206
2015-11-30 13:00:00,265.88,266.99,265.72,266.5801,24750
2015-11-30 13:15:00,266.51,267.365,266.3,267.2,61351
2015-11-30 13:30:00,267.2,267.48,266.6,266.74,23590
2015-11-30 13:45:00,266.74,267.4,266.56,267.12,9203
2015-11-30 14:00:00,267.15,268.25,267.09,267.72,66692
2015-11-30 14:15:00,267.67,267.715,266.75,267.05,53239
2015-11-30 14:30:00,267.16,267.65,266.91,266.99,38800
2015-11-30 14:45:00,267.0,267.48,266.53,266.54,15422
2015-11-30 15:00:00,266.52,266.63,265.5,265.56,32121
2015-11-30 15:15:00,265.61,265.9395,265.27,265.281,26572
2015-11-30 15:30:00,265.34,265.36,264.89,265.28,40452
2015-11-30 15:45:00,265.175,265.49,264.99,264.99,26521
2015-11-30 16:00:00,265.0,265.2,263.5,263.86,204894
2015-12-01 09:45:00,264.96,266.765,264.61,266.58,40305
2015-12-01 10:00:00,266.765,267.19,264.56,264.835,31015
2015-12-01 10:15:00,264.51,265.0,263.26,263.33,26643
2015-12-01 10:30:00,263.28,263.33,261.02,262.7,50140
2015-12-01 10:45:00,262.74,263.52,262.21,263.165,15140
2015-12-01 11:00:00,263.15,263.98,262.86,263.75,42209
2015-12-01 11:15:00,263.62,263.9,262.44,262.5012,18491
2015-12-01 11:30:00,262.39,263.2,261.84,262.0399,17907
2015-12-01 11:45:00,262.02,262.5899,261.8401,262.25,16037
2015-12-01 12:00:00,262.2565,262.66,262.045,262.48,14772
2015-12-01 12:15:00,262.46,262.75,262.0,262.32,50492
2015-12-01 12:30:00,262.46,263.1,262.23,262.92,19454
2015-12-01 12:45:00,263.06,263.4025,262.63,263.3,12097
2015-12-01 13:00:00,263.38,263.55,262.88,262.9001,27895
2015-12-01 13:15:00,262.91,263.07,262.6,262.79,26114
2015-12-01 13:30:00,262.74,262.94,262.11,262.37,8096
2015-12-01 13:45:00,262.35,262.35,261.06,261.6,67957
2015-12-01 14:00:00,261.57,261.92,261.225,261.5,20145
2015-12-01 14:15:00,261.56,261.78,261.05,261.07,19963
2015-12-01 14:30:00,261.15,261.87,261.05,261.72,12494
2015-12-01 14:45:00,261.59,261.87,261.05,261.26,10738
2015-12-01 15:00:00,261.27,261.76,261.245,261.515,14787
2015-12-01 15:15:00,261.5,261.79,261.49,261.79,17486
2015-12-01 15:30:00,261.75,262.105,261.56,261.94,25204
2015-12-01 15:45:00,261.94,262.03,261.79,262.018,28333
2015-12-01 16:00:00,261.97,262.46,261.84,262.23,75381
2015-12-02 09:45:00,262.45,263.46,261.93,262.29,25327
2015-12-02 10:00:00,262.4171,263.15,261.43,261.7,18654
2015-12-02 10:15:00,261.7744,262.57,261.4,261.66,20793
2015-12-02 10:30:00,261.85,262.42,261.52,262.14,33696
2015-12-02 10:45:00,262.0,262.82,261.98,262.73,32660
2015-12-02 11:00:00,262.91,263.48,262.49,262.85,53516
2015-12-02 11:15:00,262.85,262.95,261.65,262.44,37332
2015-12-02 11:30:00,262.36,262.87,262.09,262.54,30827
2015-12-02 11:45:00,262.28,263.2564,262.28,263.25,14128
2015-12-02 12:00:00,263.23,263.585,262.697,262.95,21814
2015-12-02 12:15:00,262.84,263.13,262.84,262.9,24744
2015-12-02 12:30:00,262.79,263.0,262.1546,263.0,16263
2015-12-02 12:45:00,263.0,263.1,262.67,262.98,23885
2015-12-02 13:00:00,263.0,263.06,262.7201,262.7201,15736
2015-12-02 13:15:00,262.81,263.02,262.7,263.0,20464
2015-12-02 13:30:00,262.87,263.055,262.7,262.925,22352
2015-12-02 13:45:00,262.82,262.99,262.67,262.76,17556
2015-12-02 14:00:00,262.894,263.065,262.67,262.77,19925
2015-12-02 14:15:00,262.63,262.655,262.21,262.61,22685
2015-12-02 14:30:00,262.65,262.66,262.2,262.65,20255
2015-12-02 14:45:00,262.51,262.66,262.2224,262.64,14557
2015-12-02 15:00:00,262.5,262.5,261.53,261.62,12624
2015-12-02 15:15:00,261.65,262.25,261.335,262.15,27038
2015-12-02 15:30:00,262.16,262.27,261.8,261.89,28781
2015-12-02 15:45:00,261.94,262.1,261.73,261.88,30323
2015-12-02 16:00:00,261.93,261.98,261.25,261.7,56350
2015-12-03 09:45:00,261.73,263.225,260.175,260.72,46254
2015-12-03 10:00:00,260.87,261.15,260.27,260.53,47263
2015-12-03 10:15:00,260.66,260.86,259.77,260.31,28978
2015-12-03 10:30:00,260.23,261.95,259.7898,261.84,32431
2015-12-03 10:45:00,261.61,261.92,259.99,260.37,68897
2015-12-03 11:00:00,260.43,261.59,260.43,261.09,16313
2015-12-03 11:15:00,260.84,262.33,260.55,262.33,9126
2015-12-03 11:30:00,262.21,262.25,261.24,261.6442,12418
2015-12-03 11:45:00,261.86,261.86,260.24,260.24,9247
2015-12-03 12:00:00,260.3,261.2,260.25,261.08,4295
2015-12-03 12:15:00,261.15,261.33,259.9,260.13,13009
2015-12-03 12:30:00,260.19,260.47,259.15,259.6777,14457
2015-12-03 12:45:00,259.5,259.70099999999996,258.72,259.02,9756
2015-12-03 13:00:00,259.225,259.59,257.99,257.995,19795
2015-12-03 13:15:00,258.04,258.06,257.52,257.8637,17363
2015-12-03 13:30:00,257.98,258.37,257.48,257.54,22424
2015-12-03 13:45:00,257.55,257.92,256.52,256.53,20471
2015-12-03 14:00:00,256.56,256.6649,255.36,256.22,92161
2015-12-03 14:15:00,256.1975,256.89,256.12,256.6,30500
2015-12-03 14:30:00,256.6,256.6,254.41,254.41,41662
2015-12-03 14:45:00,254.58,254.58,253.19,253.56,33173
2015-12-03 15:00:00,253.3,253.946,252.8296,253.92,29545
2015-12-03 15:15:00,253.87,254.32,253.07,253.45,35372
2015-12-03 15:30:00,253.28,253.365,252.69,252.96,70149
2015-12-03 15:45:00,252.92,254.01,252.63,253.28,63946
2015-12-03 16:00:00,253.28,253.72,253.01,253.52,162503
2015-12-04 09:45:00,253.48,256.16,253.43,255.7,50853
2015-12-04 10:00:00,255.57,255.92,253.42,253.71,43257
2015-12-04 10:15:00,253.595,255.51,253.595,255.0499,45202
2015-12-04 10:30:00,254.92,255.55,254.63,254.67,55197
2015-12-04 10:45:00,254.579,256.4699,254.579,256.24,30569
2015-12-04 11:00:00,256.37,257.9,256.37,257.715,41303
2015-12-04 11:15:00,257.715,257.82,256.93,257.3,27828
2015-12-04 11:30:00,257.3,257.77,256.715,256.715,19778
2015-12-04 11:45:00,256.7,257.47,256.563,256.93,14765
2015-12-04 12:00:00,256.9057,257.12,256.21,256.21,16498
2015-12-04 12:15:00,256.195,256.595,255.465,256.24,22612
2015-12-04 12:30:00,256.33,256.413,255.42,255.99,15147
2015-12-04 12:45:00,256.01,257.77,256.01,257.58,13391
2015-12-04 13:00:00,257.58,258.38,257.135,257.86,14812
2015-12-04 13:15:00,257.86,258.66,257.52,258.53,25372
2015-12-04 13:30:00,258.47,258.85,257.815,258.21,43926
2015-12-04 13:45:00,258.03,258.6,257.95,258.35,20017
2015-12-04 14:00:00,258.36,258.57,257.3,258.38,15598
2015-12-04 14:15:00,258.3658,258.65,258.15,258.57,7634
2015-12-04 14:30:00,258.5,258.5,257.42,258.0475,25670
2015-12-04 14:45:00,258.185,258.32,257.7,258.0,30391
2015-12-04 15:00:00,258.0,258.59,257.71,258.59,23289
2015-12-04 15:15:00,258.75,259.008,258.36,258.36,29911
2015-12-04 15:30:00,258.22,258.22,257.75,257.875,42371
2015-12-04 15:45:00,257.86,258.0705,257.58,257.84,23328
2015-12-04 16:00:00,257.91,258.73,257.738,258.61,108412
2015-12-07 09:45:00,258.91,259.68,257.515,258.35,54009
2015-12-07 10:00:00,258.51,258.84,256.9201,257.35,32672
2015-12-07 10:15:00,257.495,258.54,257.44,258.07,19131
2015-12-07 10:30:00,258.26,258.87,258.16,258.51,23534
2015-12-07 10:45:00,258.296,258.296,257.09,257.1799,23542
2015-12-07 11:00:00,257.25,257.32,256.42,256.63,17693
2015-12-07 11:15:00,256.7666,257.0662,256.17,256.36,23169
2015-12-07 11:30:00,256.36,256.595,255.45,255.545,20429
2015-12-07 11:45:00,255.57,256.43,255.57,256.26,19490
2015-12-07 12:00:00,256.28,257.805,256.08,257.805,8831
2015-12-07 12:15:00,257.76,257.76,256.98,257.19,13504
2015-12-07 12:30:00,257.19,257.71,256.99,257.4,9483
2015-12-07 12:45:00,257.4,257.4,256.035,256.195,10997
2015-12-07 13:00:00,256.36,256.74,256.17,256.435,6685
2015-12-07 13:15:00,256.41,257.32,256.22,256.46,17254
2015-12-07 13:30:00,256.62,257.18,256.4,256.84,15645
2015-12-07 13:45:00,256.73,256.9648,256.36,256.53,11908
2015-12-07 14:00:00,256.53,256.94,256.22,256.75,15314
2015-12-07 14:15:00,256.955,257.33,256.45,256.66,15169
2015-12-07 14:30:00,256.71,257.4,256.4,257.27,18468
2015-12-07 14:45:00,257.28,257.4,256.42,256.42,12115
2015-12-07 15:00:00,256.24,256.78,256.14,256.33,23040
2015-12-07 15:15:00,256.23,256.39,255.79,256.0,21087
2015-12-07 15:30:00,255.91,257.01,255.9,256.94,15973
2015-12-07 15:45:00,257.01,257.0986,256.51,256.94,19507
2015-12-07 16:00:00,256.83,257.3,256.54,256.9,47261
2015-12-08 09:45:00,253.76,257.2718,253.3647,257.03,39059
2015-12-08 10:00:00,257.27,258.06,255.83,257.42,29365
2015-12-08 10:15:00,257.02,258.01,256.66,256.89,21306
2015-12-08 10:30:00,257.01,257.09,255.5,256.17,30892
2015-12-08 10:45:00,256.03,257.89,255.81,257.73,16848
2015-12-08 11:00:00,257.73,258.11,257.09,257.74,30547
2015-12-08 11:15:00,257.9111,259.43,257.81,259.22,31674
2015-12-08 11:30:00,259.265,259.67,258.77,258.83,32252
2015-12-08 11:45:00,258.54,258.74,257.925,258.05,26756
2015-12-08 12:00:00,258.16,258.43,257.82,258.315,20921
2015-12-08 12:15:00,258.315,258.4,257.49,257.63,16244
2015-12-08 12:30:00,257.53,257.79,257.41,257.59,14421
2015-12-08 12:45:00,257.53,257.53,256.77,257.41,23305
2015-12-08 13:00:00,257.49,258.39,257.19,258.13,16289
2015-12-08 13:15:00,258.175,258.7,257.415,257.6,40664
2015-12-08 13:30:00,257.52,257.65,256.45,257.01,38713
2015-12-08 13:45:00,257.04,257.36,256.4,256.8728,33352
2015-12-08 14:00:00,256.75,257.5,256.75,257.38,37400
2015-12-08 14:15:00,257.49,258.72,257.49,258.7099,19396
2015-12-08 14:30:00,258.6209,258.85,258.025,258.66,11675
2015-12-08 14:45:00,258.5568,259.21,258.5,259.02,36355
2015-12-08 15:00:00,259.12,259.5,258.77,259.025,42365
2015-12-08 15:15:00,258.93,259.01,258.5,258.52,15488
2015-12-08 15:30:00,258.55,258.691,258.14,258.27,21098
2015-12-08 15:45:00,258.22,258.93,258.11,258.86,18769
2015-12-08 16:00:00,258.84,259.24,258.57,258.71,54735
2015-12-09 09:45:00,256.76,258.64,256.01,258.36,21339
2015-12-09 10:00:00,258.34,260.43,258.125,260.17,21504
2015-12-09 10:15:00,260.155,262.27,258.87,260.66,62700
2015-12-09 10:30:00,260.69,261.33,260.62,260.99,16726
2015-12-09 10:45:00,260.98,261.84,260.98,261.555,13730
2015-12-09 11:00:00,261.62,261.99,261.33,261.33,20351
2015-12-09 11:15:00,261.28,261.556,260.86,261.55,16331
2015-12-09 11:30:00,261.44,261.44,259.9,260.38,12205
2015-12-09 11:45:00,260.38,260.38,259.65,259.75,16423
2015-12-09 12:00:00,260.0,260.0,259.175,259.36,17450
2015-12-09 12:15:00,259.4,260.04,259.275,259.4,11847
2015-12-09 12:30:00,259.66,259.66,258.2,258.42,14461
2015-12-09 12:45:00,257.97700000000003,258.125,257.2,257.77,17925
2015-12-09 13:00:00,257.685,258.19,257.46,257.65,24847
2015-12-09 13:15:00,257.65,258.38,257.28,258.38,13630
2015-12-09 13:30:00,258.23,258.67,257.96,258.15,73533
2015-12-09 13:45:00,257.88,257.9499,257.12,257.12,6875
2015-12-09 14:00:00,257.13,258.04,256.89,257.28,14339
2015-12-09 14:15:00,257.5,258.07,257.29,257.7601,9987
2015-12-09 14:30:00,257.97,257.97,257.19,257.34,38796
2015-12-09 14:45:00,257.47,257.51,256.47,256.591,37204
2015-12-09 15:00:00,256.4601,256.56,255.9,256.56,24861
2015-12-09 15:15:00,256.4501,257.45,256.315,257.32,66084
2015-12-09 15:30:00,257.43,258.2,257.2,257.925,27763
2015-12-09 15:45:00,258.025,258.28,257.35,257.65,58101
2015-12-09 16:00:00,257.48,257.79,257.06,257.7,69363
2015-12-10 09:45:00,257.44,257.97,256.1,257.96,13261
2015-12-10 10:00:00,257.825,258.83,256.75,257.2072,11086
2015-12-10 10:15:00,257.32,258.36,256.04,256.37,39589
2015-12-10 10:30:00,256.175,257.39,256.13,257.115,20699
2015-12-10 10:45:00,256.97,257.94,256.825,257.93,15401
2015-12-10 11:00:00,257.775,257.9575,256.628,256.628,24859
2015-12-10 11:15:00,256.57,257.36,256.5,256.9872,14266
2015-12-10 11:30:00,257.11,258.53,257.11,257.97,23715
2015-12-10 11:45:00,257.915,258.04,256.89,256.95,7263
2015-12-10 12:00:00,257.0,257.245,256.85,257.14,10832
2015-12-10 12:15:00,257.31,257.6,256.87,256.91,12131
2015-12-10 12:30:00,256.81,257.98,256.79,257.61,60392
2015-12-10 12:45:00,257.7,258.25,257.46,258.22,19633
2015-12-10 13:00:00,258.26,259.27,258.01,259.12,11119
2015-12-10 13:15:00,258.985,259.84,258.9212,259.28,20316
2015-12-10 13:30:00,259.24,259.99,258.82,258.82,18393
2015-12-10 13:45:00,258.795,259.115,258.555,258.555,12001
2015-12-10 14:00:00,258.5,258.71,258.24,258.28,13938
2015-12-10 14:15:00,258.17,258.84,258.03,258.1201,15463
2015-12-10 14:30:00,258.09,258.1,257.62,258.0,48848
2015-12-10 14:45:00,258.0,258.34,257.76,258.27,18871
2015-12-10 15:00:00,258.38,258.38,257.84,258.05,15693
2015-12-10 15:15:00,258.09,258.17,256.95,257.01,17896
2015-12-10 15:30:00,257.04,257.185,256.39,256.43,38176
2015-12-10 15:45:00,256.64,257.16,256.57,256.98,14939
2015-12-10 16:00:00,257.06,257.14,256.35,256.46,49072
2015-12-11 09:45:00,253.33,255.13,252.47,254.34,44169
2015-12-11 10:00:00,254.31,254.61,253.59,254.22,16449
2015-12-11 10:15:00,254.09,255.29,253.73,254.47,12265
2015-12-11 10:30:00,254.74,255.07,254.0,254.69,30210
2015-12-11 10:45:00,254.9025,255.15,254.03,254.07,28715
2015-12-11 11:00:00,254.21,254.59,253.45,253.4836,30995
2015-12-11 11:15:00,253.65,253.845,252.59,252.85,39261
2015-12-11 11:30:00,252.86,254.03,252.77,252.95,22475
2015-12-11 11:45:00,253.12,253.31,252.0,252.51,58217
2015-12-11 12:00:00,252.4993,252.695,252.1,252.35,26143
2015-12-11 12:15:00,252.375,252.5,251.68,251.77,26289
2015-12-11 12:30:00,251.64,251.64,250.0,250.26,34839
2015-12-11 12:45:00,250.48,250.75,250.19,250.49,14239
2015-12-11 13:00:00,250.3872,250.69,250.11,250.6,9220
2015-12-11 13:15:00,250.77,251.48,250.76,251.205,6627
2015-12-11 13:30:00,251.27,251.57,250.52,250.61,20146
2015-12-11 13:45:00,250.49,250.52,250.02,250.14,12261
2015-12-11 14:00:00,250.41,250.7,250.23,250.62,10254
2015-12-11 14:15:00,250.76,251.37,250.64,251.25,12821
2015-12-11 14:30:00,251.2,251.61,250.61,250.69,14460
2015-12-11 14:45:00,250.675,251.12,250.4,251.12,12700
2015-12-11 15:00:00,250.87,251.06,250.245,250.245,19961
2015-12-11 15:15:00,250.22,250.37,249.45,250.045,39152
2015-12-11 15:30:00,249.95,249.98,248.4,248.89,34803
2015-12-11 15:45:00,248.76,249.39,248.41,248.6,57366
2015-12-11 16:00:00,248.64,249.33,248.55,248.94,97089
2015-12-14 09:45:00,249.65,250.715,249.0001,250.2,31988
2015-12-14 10:00:00,250.06,251.62,248.97,249.15,24382
2015-12-14 10:15:00,249.16,250.98,248.95,249.6799,19758
2015-12-14 10:30:00,249.67,251.47,248.4,248.41,22086
2015-12-14 10:45:00,248.55,249.93,248.03,249.49400000000003,25980
2015-12-14 11:00:00,249.39,249.65,248.636,248.91,23414
2015-12-14 11:15:00,248.92,249.3,248.26,248.57,16075
2015-12-14 11:30:00,248.7993,248.7993,248.04,248.64,12914
2015-12-14 11:45:00,248.58,248.59,246.8817,247.65,31555
2015-12-14 12:00:00,247.968,248.96,247.5,248.75,31836
2015-12-14 12:15:00,248.82,249.24,248.35,248.9714,14514
2015-12-14 12:30:00,249.09,250.25,249.09,249.79,22885
2015-12-14 12:45:00,249.7312,250.33,249.66,249.87,36344
2015-12-14 13:00:00,249.88,251.01,249.72,250.88,20095
2015-12-14 13:15:00,250.79,251.18,250.06,250.06,24755
2015-12-14 13:30:00,250.04,250.11,249.4,249.49,21008
2015-12-14 13:45:00,249.6,250.01,249.23,249.29,51326
2015-12-14 14:00:00,249.27,250.17,249.054,250.13,27794
2015-12-14 14:15:00,250.16,250.66,249.82,250.34,23267
2015-12-14 14:30:00,250.25,250.725,249.86,249.86,14622
2015-12-14 14:45:00,249.91,250.79,249.51,250.58,27519
2015-12-14 15:00:00,250.67,252.23,250.55,251.75,32442
2015-12-14 15:15:00,251.66,251.7,250.165,250.165,28810
2015-12-14 15:30:00,250.17,251.28,249.92,251.28,26382
2015-12-14 15:45:00,251.065,251.53,250.3601,250.53,22270
2015-12-14 16:00:00,250.66,251.86,250.66,251.72,60043
2015-12-15 09:45:00,253.5,253.81,251.39,251.52,27389
2015-12-15 10:00:00,251.31,251.8246,250.36,250.75599999999997,28211
2015-12-15 10:15:00,250.75,251.65,250.59,251.25,25472
2015-12-15 10:30:00,251.28,251.66,250.81,251.19,25457
2015-12-15 10:45:00,251.08,251.08,248.98,249.42,26812
2015-12-15 11:00:00,249.56,250.48,249.36,250.01,36182
2015-12-15 11:15:00,250.1,250.81,249.81,250.8,16297
2015-12-15 11:30:00,250.68,250.7,249.53,249.53,31317
2015-12-15 11:45:00,249.64,249.86,249.01,249.17,15126
2015-12-15 12:00:00,249.07,250.21,249.0255,250.21,12212
2015-12-15 12:15:00,250.0,250.41,249.83,250.25,29251
2015-12-15 12:30:00,250.1,250.56799999999998,249.99,250.23,14992
2015-12-15 12:45:00,250.13,251.16,250.13,250.4,8701
2015-12-15 13:00:00,250.4,250.7,250.05,250.35,32755
2015-12-15 13:15:00,250.41,250.5199,249.22,249.3,13302
2015-12-15 13:30:00,249.28,249.6,248.59,248.59,21231
2015-12-15 13:45:00,248.59,248.64,248.01,248.045,16226
2015-12-15 14:00:00,248.08,248.74,247.94,248.39,19847
2015-12-15 14:15:00,248.42,248.4699,247.93,247.96,19151
2015-12-15 14:30:00,247.96,249.45,247.45,249.046,101714
2015-12-15 14:45:00,249.32,250.86,249.115,250.04,102541
2015-12-15 15:00:00,250.03,250.165,249.39,249.39,22186
2015-12-15 15:15:00,249.44,249.69,249.12,249.25,45066
2015-12-15 15:30:00,249.23,250.46,249.14,250.46,32068
2015-12-15 15:45:00,250.46,250.7,250.03,250.43,30013
2015-12-15 16:00:00,250.43,251.16,250.43,250.77,154472
2015-12-16 09:45:00,252.47,255.52,251.9,255.31,56333
2015-12-16 10:00:00,255.3,257.51,254.37,257.14,57615
2015-12-16 10:15:00,257.14,257.15,255.63,255.78,38452
2015-12-16 10:30:00,255.87,255.88,254.6501,254.77,21840
2015-12-16 10:45:00,254.73,255.75,254.49,255.145,20858
2015-12-16 11:00:00,255.155,255.18900000000002,254.625,254.88,9809
2015-12-16 11:15:00,254.8356,255.97,254.29,255.85,32693
2015-12-16 11:30:00,255.96,256.37,255.55,256.03,31725
2015-12-16 11:45:00,256.1,256.25,255.48,255.85,23293
2015-12-16 12:00:00,255.78,256.04,255.57,255.595,12960
2015-12-16 12:15:00,255.78,256.02,255.44,255.55,9406
2015-12-16 12:30:00,255.59,255.64,254.69,254.74,15248
2015-12-16 12:45:00,254.75,255.35,254.74,255.29,10091
2015-12-16 13:00:00,255.26,255.39,254.365,254.47,7990
2015-12-16 13:15:00,254.39,254.84,254.29,254.46,7676
2015-12-16 13:30:00,254.57,255.0,254.49,254.85,15544
2015-12-16 13:45:00,254.74,254.74,254.26,254.28,11752
2015-12-16 14:00:00,254.2,255.71,254.18,255.67,17905
2015-12-16 14:15:00,255.22,256.11,253.34,254.98,32571
2015-12-16 14:30:00,254.97,255.62,254.48,254.97,14425
2015-12-16 14:45:00,254.77,255.97,254.45,255.73,17572
2015-12-16 15:00:00,255.75,258.11,255.56,258.11,33550
2015-12-16 15:15:00,257.99,258.04,256.02,256.38,41814
2015-12-16 15:30:00,256.38,257.62,256.37,257.5287,31888
2015-12-16 15:45:00,257.61,258.39,257.3,257.35,29475
2015-12-16 16:00:00,257.355,257.85,257.32,257.57,64841
2015-12-17 09:45:00,259.88,259.88,257.5,257.54,40297
2015-12-17 10:00:00,257.53,258.74,256.82,258.42,14883
2015-12-17 10:15:00,258.795,258.86,257.67,258.73,20278
2015-12-17 10:30:00,258.78,258.86,257.35,257.9325,14148
2015-12-17 10:45:00,258.25,258.7425,257.75,257.75,11815
2015-12-17 11:00:00,257.59,257.86,256.67,257.35,28754
2015-12-17 11:15:00,257.33,257.56,256.75,256.94,12038
2015-12-17 11:30:00,256.79,256.79,255.37,256.1198,16167
2015-12-17 11:45:00,256.3,257.15,256.22,256.52,30550
2015-12-17 12:00:00,256.8,257.54,256.505,256.505,33870
2015-12-17 12:15:00,256.47,257.1,255.83700000000002,256.98,23452
2015-12-17 12:30:00,256.92900000000003,257.43,256.28,256.31,14127
2015-12-17 12:45:00,256.34,256.56,255.42,255.4353,13564
2015-12-17 13:00:00,255.55,256.32,255.48,256.19,13370
2015-12-17 13:15:00,256.3199,256.76,255.69,256.76,6388
2015-12-17 13:30:00,256.68,257.525,256.68,256.95,7374
2015-12-17 13:45:00,256.76,257.51,256.76,257.22,13915
2015-12-17 14:00:00,257.21,257.27,256.38,256.42,8850
2015-12-17 14:15:00,256.51,256.82,255.94,256.13,22260
2015-12-17 14:30:00,255.94,256.54,255.75,255.905,14297
2015-12-17 14:45:00,255.79,256.22,255.78,255.99,11346
2015-12-17 15:00:00,255.86,256.06,255.31,255.8,13752
2015-12-17 15:15:00,255.795,256.06,255.51,255.75,20227
2015-12-17 15:30:00,255.85,255.88,255.19,255.66,25850
2015-12-17 15:45:00,255.63,256.11,255.44,255.58,20605
2015-12-17 16:00:00,255.59,255.59,254.28,254.35,59573
2015-12-18 09:45:00,253.41,253.74,251.1,251.56,154235
2015-12-18 10:00:00,251.92,253.22,251.45,252.75,13047
2015-12-18 10:15:00,252.72,252.81,250.77,251.3,16175
2015-12-18 10:30:00,251.54,251.855,250.85,251.33,11446
2015-12-18 10:45:00,251.32,251.33,250.16,250.3,19814
2015-12-18 11:00:00,250.36,252.45,250.31,252.45,17589
2015-12-18 11:15:00,252.28,253.12,251.78,252.98,24730
2015-12-18 11:30:00,252.95,253.0,252.12,252.53,39174
2015-12-18 11:45:00,252.36,252.8725,252.13,252.77,33302
2015-12-18 12:00:00,252.7,252.9,251.82,252.07,23499
2015-12-18 12:15:00,252.157,252.97,252.05,252.705,30278
2015-12-18 12:30:00,252.62,252.8,251.66,252.46,23259
2015-12-18 12:45:00,252.41,252.41,251.21,251.815,24177
2015-12-18 13:00:00,251.61,252.29,251.54,251.84,33383
2015-12-18 13:15:00,252.02,252.98,251.69,252.62,21957
2015-12-18 13:30:00,252.6,252.88,252.35,252.56,21072
2015-12-18 13:45:00,252.61,252.804,252.22,252.43,13457
2015-12-18 14:00:00,252.51,252.95,252.12,252.64,27794
2015-12-18 14:15:00,252.695,253.24,252.68,253.03,20035
2015-12-18 14:30:00,252.98,253.1,252.418,253.1,28007
2015-12-18 14:45:00,252.945,253.16,252.18,252.22,21498
2015-12-18 15:00:00,252.19,252.35,251.105,251.24,38461
2015-12-18 15:15:00,251.3,252.03,251.05,251.2525,46848
2015-12-18 15:30:00,251.32,251.59,250.59,251.47,39782
2015-12-18 15:45:00,251.475,251.9,251.1,251.86,77202
2015-12-18 16:00:00,251.82,252.1,251.25,251.26,116690
2015-12-21 09:45:00,252.3,253.4,251.57,253.4,16780
2015-12-21 10:00:00,253.49,254.665,253.2301,253.52,18490
2015-12-21 10:15:00,253.53,254.08,252.8701,252.8701,11935
2015-12-21 10:30:00,252.87,253.83,252.79,253.76,16301
2015-12-21 10:45:00,253.71,254.29,253.68,253.85,27154
2015-12-21 11:00:00,253.84,253.9,252.03,252.69,26645
2015-12-21 11:15:00,252.625,252.97,252.11,252.11,11313
2015-12-21 11:30:00,252.06,252.33,251.45,252.07,11958
2015-12-21 11:45:00,251.99,251.99,251.02,251.56,9186
2015-12-21 12:00:00,251.56,252.0,251.14,251.84,12655
2015-12-21 12:15:00,251.84,252.1,251.49,251.49,14743
2015-12-21 12:30:00,251.6,251.9,250.92,251.73,20768
2015-12-21 12:45:00,251.8,252.13,251.61,251.63,8038
2015-12-21 13:00:00,251.77,252.64,251.765,252.19,14284
2015-12-21 13:15:00,252.31,252.505,252.1042,252.34,14141
2015-12-21 13:30:00,252.29,252.61,252.13,252.47,20912
2015-12-21 13:45:00,252.33,253.62,252.33,253.27,8109
2015-12-21 14:00:00,253.325,253.325,252.92,252.98,15133
2015-12-21 14:15:00,252.81,253.19,252.19,252.385,10160
2015-12-21 14:30:00,252.34,252.77,252.07,252.35,17839
2015-12-21 14:45:00,252.245,252.61,252.12,252.4,20173
2015-12-21 15:00:00,252.38,252.6,251.82,251.97,18173
2015-12-21 15:15:00,251.96,252.63,251.91,252.2,25838
2015-12-21 15:30:00,252.29,252.55,252.07,252.54,16628
2015-12-21 15:45:00,252.54,253.25,252.41,253.02,21184
2015-12-21 16:00:00,253.02,253.78,252.87,253.64,54603
2015-12-22 09:45:00,254.83,255.65,253.97,254.675,25366
2015-12-22 10:00:00,254.12,254.61,253.63,254.39,9359
2015-12-22 10:15:00,254.48,255.07,254.17,254.19,11843
2015-12-22 10:30:00,253.95,254.55,253.43200000000002,254.3899,11239
2015-12-22 10:45:00,254.005,254.0925,253.48,253.85,4092
2015-12-22 11:00:00,253.71,254.13,253.33,253.7,11240
2015-12-22 11:15:00,253.625,254.0,253.54,253.85,11122
2015-12-22 11:30:00,253.74,253.74,252.37,252.6,7783
2015-12-22 11:45:00,252.72,253.65,252.65,253.38,7895
2015-12-22 12:00:00,253.232,253.93,253.14,253.68,12330
2015-12-22 12:15:00,253.66,253.82,252.69,253.02,6335
2015-12-22 12:30:00,253.025,253.87,252.82,253.78,13517
2015-12-22 12:45:00,253.58,253.88,253.45,253.59,22336
2015-12-22 13:00:00,253.51,254.208,253.51,254.03,8718
2015-12-22 13:15:00,254.2,254.32,253.76,253.91,8886
2015-12-22 13:30:00,253.9,254.06,253.71,253.99400000000003,6204
2015-12-22 13:45:00,254.05,254.24,253.78,253.89,6233
2015-12-22 14:00:00,253.99,254.62,253.96,254.48,7167
2015-12-22 14:15:00,254.52,254.7,254.04,254.09,9402
2015-12-22 14:30:00,254.0868,254.55,254.05,254.28,11771
2015-12-22 14:45:00,254.33,254.42,253.77,253.99,9828
2015-12-22 15:00:00,253.925,254.358,253.91,254.22,10700
2015-12-22 15:15:00,254.19,254.62,254.13,254.62,16082
2015-12-22 15:30:00,254.38,254.73,254.16,254.52,17805
2015-12-22 15:45:00,254.52,254.57,253.32,253.43,24479
2015-12-22 16:00:00,253.44,253.856,253.005,253.74,42551
2015-12-23 09:45:00,253.82,254.51,252.475,252.89,14421
2015-12-23 10:00:00,252.82,254.25,252.642,254.12,7018
2015-12-23 10:15:00,254.105,254.34,253.38,253.89,7573
2015-12-23 10:30:00,253.92,254.218,253.48,253.87,7473
2015-12-23 10:45:00,254.0,254.21,253.21,253.9,10683
2015-12-23 11:00:00,253.843,254.39,253.63,254.32,7949
2015-12-23 11:15:00,254.245,254.35,253.64,254.06,5960
2015-12-23 11:30:00,253.97,254.11,253.23,253.23,12696
2015-12-23 11:45:00,253.23,253.39,252.29,252.51,21124
2015-12-23 12:00:00,252.59,252.59,252.01,252.36,10049
2015-12-23 12:15:00,252.38,253.52,252.25,253.46,10455
2015-12-23 12:30:00,253.3,253.99,253.27,253.9,9801
2015-12-23 12:45:00,253.9,254.06,253.3,253.45,10630
2015-12-23 13:00:00,253.43,254.09,253.375,253.94,6963
2015-12-23 13:15:00,253.97,253.97,253.26,253.56,5393
2015-12-23 13:30:00,253.57,253.57,253.28,253.35,9829
2015-12-23 13:45:00,253.34,253.69,253.18,253.69,24600
2015-12-23 14:00:00,253.73,254.04,253.53,253.88,13714
2015-12-23 14:15:00,253.8893,253.915,253.46,253.58,8961
2015-12-23 14:30:00,253.71,254.15,253.71,254.04,12637
2015-12-23 14:45:00,254.12,254.255,253.87,254.08,13532
2015-12-23 15:00:00,254.08,254.36,253.82,254.36,5244
2015-12-23 15:15:00,254.46,254.46,253.705,254.16,9041
2015-12-23 15:30:00,254.02,254.44,254.02,254.22,9592
2015-12-23 15:45:00,254.26,254.26,253.8,254.12,12321
2015-12-23 16:00:00,254.16,254.36,253.81,254.12,41305
2015-12-24 09:45:00,254.08,254.77,253.0,253.7,10583
2015-12-24 10:00:00,253.8,254.44,253.34,253.71,12500
2015-12-24 10:15:00,253.51,254.58,253.51,254.43,8949
2015-12-24 10:30:00,254.39,254.5,253.825,253.94,13571
2015-12-24 10:45:00,254.05,254.05,253.36,253.36,10050
2015-12-24 11:00:00,253.4747,253.88,253.4747,253.76,6299
2015-12-24 11:15:00,253.704,253.87,253.14,253.35,8987
2015-12-24 11:30:00,253.2256,253.73,253.1,253.5673,7262
2015-12-24 11:45:00,253.57,253.842,253.3708,253.842,4707
2015-12-24 12:00:00,253.7,254.27,253.38,253.64,17585
2015-12-24 12:15:00,253.515,253.515,252.96,253.3,9713
2015-12-24 12:30:00,253.31,254.27,253.17,254.27,7599
2015-12-24 12:45:00,254.44799999999998,254.67,254.26,254.29,7396
2015-12-24 13:00:00,254.09,254.395,253.31,253.41,15975
2015-12-24 13:15:00,253.42,253.42,253.42,253.42,14953
2015-12-24 13:30:00,253.42,253.42,253.42,253.42,443
2015-12-28 09:45:00,252.56,254.01,252.39,254.01,10278
2015-12-28 10:00:00,254.18400000000003,254.18400000000003,252.51,252.51,7072
2015-12-28 10:15:00,252.54,252.85,252.08,252.73,9287
2015-12-28 10:30:00,252.69,252.83,252.395,252.63,15241
2015-12-28 10:45:00,252.76,252.76,252.13,252.46,13486
2015-12-28 11:00:00,252.34,252.81,251.99,252.81,18905
2015-12-28 11:15:00,252.72,253.89,252.56,253.76,18441
2015-12-28 11:30:00,253.76,253.98,253.56,253.7375,8451
2015-12-28 11:45:00,253.78,254.4154,253.7458,254.125,12955
2015-12-28 12:00:00,254.13,254.96,254.13,254.53,8769
2015-12-28 12:15:00,254.67,255.0,254.49,254.662,7940
2015-12-28 12:30:00,254.62,254.85,254.4,254.73,7500
2015-12-28 12:45:00,254.84,254.94,254.2221,254.2221,8938
2015-12-28 13:00:00,254.36,255.0,254.23,254.54,22274
2015-12-28 13:15:00,254.3801,255.0699,254.295,254.85,7269
2015-12-28 13:30:00,254.88,255.45,254.83,255.35,21297
2015-12-28 13:45:00,255.52,255.55,254.93,255.095,15107
2015-12-28 14:00:00,254.9,255.26,254.66,255.13,12584
2015-12-28 14:15:00,255.08,255.39,255.0,255.11,16405
2015-12-28 14:30:00,255.15,255.27,254.83,254.92,5896
2015-12-28 14:45:00,254.87,255.08,254.75,254.93,16643
2015-12-28 15:00:00,254.99,255.09,254.54,254.933,6630
2015-12-28 15:15:00,255.1,255.28,254.66,255.19,18464
2015-12-28 15:30:00,255.15,255.58,254.78,255.365,11294
2015-12-28 15:45:00,255.45,255.9,255.13,255.64,17364
2015-12-28 16:00:00,255.62,256.0,255.45,255.95,48182
2015-12-29 09:45:00,257.26,257.87,256.44,257.27,16364
2015-12-29 10:00:00,257.69,258.72,257.59,258.71,9029
2015-12-29 10:15:00,258.75,258.88,258.37,258.56,7930
2015-12-29 10:30:00,258.56,259.2,258.24,258.89,12106
2015-12-29 10:45:00,259.14,259.77,259.12,259.67,9000
2015-12-29 11:00:00,259.64,259.87,259.2201,259.861,3605
2015-12-29 11:15:00,259.84,260.445,259.77,260.03,20569
2015-12-29 11:30:00,259.61,259.858,259.32,259.4375,8645
2015-12-29 11:45:00,259.59,259.9,259.0,259.35,8039
2015-12-29 12:00:00,259.0,259.014,258.24,258.55,10695
2015-12-29 12:15:00,258.71,259.0,258.6,258.75,5994
2015-12-29 12:30:00,258.84,259.46,258.81,259.26,12813
2015-12-29 12:45:00,259.15,259.15,258.53,258.68,8370
2015-12-29 13:00:00,258.64,258.7358,258.55,258.55,6387
2015-12-29 13:15:00,258.65,259.13,258.61,259.06,9451
2015-12-29 13:30:00,259.1,259.7099,258.6853,258.79,16159
2015-12-29 13:45:00,258.95,258.95,258.58,258.93,4800
2015-12-29 14:00:00,258.77,258.91,258.45,258.75,5430
2015-12-29 14:15:00,258.7,259.18,258.68,258.85,6827
2015-12-29 14:30:00,258.828,259.36,258.54,259.36,11264
2015-12-29 14:45:00,259.25,259.74,259.03,259.51,16545
2015-12-29 15:00:00,259.48,259.59,259.18,259.38,10111
2015-12-29 15:15:00,259.34,259.63,259.19,259.44,11558
2015-12-29 15:30:00,259.33,259.58,259.28,259.3,12670
2015-12-29 15:45:00,259.37,259.44,258.59,258.64,13906
2015-12-29 16:00:00,258.66,258.93,258.44,258.5,37832
2015-12-30 09:45:00,258.41,258.645,257.18,257.44599999999997,10449
2015-12-30 10:00:00,257.832,258.16,257.24,257.665,13029
2015-12-30 10:15:00,257.83,257.9,257.33,257.66,5100
2015-12-30 10:30:00,257.936,258.21,257.62,258.12,3900
2015-12-30 10:45:00,258.2,259.065,258.2,259.065,9602
2015-12-30 11:00:00,259.08,259.6,259.08,259.4344,6069
2015-12-30 11:15:00,259.54,259.6,259.22,259.22,6217
2015-12-30 11:30:00,259.36,259.36,258.71,259.11,8430
2015-12-30 11:45:00,259.18,259.18,258.52,258.61,7595
2015-12-30 12:00:00,258.702,258.93,258.5,258.5,13174
2015-12-30 12:15:00,258.48,258.825,258.41,258.77,4814
2015-12-30 12:30:00,258.715,258.79,258.39,258.47,2100
2015-12-30 12:45:00,258.46,258.46,257.81,257.92,9075
2015-12-30 13:00:00,257.9896,258.15,257.62,257.66,8341
2015-12-30 13:15:00,257.66,257.77,257.56,257.75,4100
2015-12-30 13:30:00,257.68,258.18,257.6,257.9446,12619
2015-12-30 13:45:00,258.02,258.3,257.86,258.12,13340
2015-12-30 14:00:00,258.33,258.63,258.274,258.6191,6085
2015-12-30 14:15:00,258.575,258.8599,258.42,258.63,16267
2015-12-30 14:30:00,258.7436,259.07,258.68,258.87,11167
2015-12-30 14:45:00,258.763,258.82,258.47,258.575,4570
2015-12-30 15:00:00,258.55,258.765,258.49,258.6125,6783
2015-12-30 15:15:00,258.69,258.97,258.54,258.8,7928
2015-12-30 15:30:00,258.83,259.27,258.74,259.08,20457
2015-12-30 15:45:00,259.0,259.035,257.76,258.79,23725
2015-12-30 16:00:00,258.71,258.71,257.62,257.66,30648
2015-12-31 09:45:00,255.95,257.41,254.7,256.72,11670
2015-12-31 10:00:00,256.27,256.93,255.505,256.93,6894
2015-12-31 10:15:00,256.91,256.92,256.25,256.6707,4260
2015-12-31 10:30:00,256.63599999999997,256.72,255.59,255.885,7272
2015-12-31 10:45:00,255.9,256.09,255.301,255.88,5187
2015-12-31 11:00:00,256.07,256.4,255.9,256.14,6000
2015-12-31 11:15:00,256.25,256.56,256.04,256.45,3550
2015-12-31 11:30:00,256.56,256.64,256.05,256.05,16524
2015-12-31 11:45:00,256.02,256.2002,255.75,255.83,7503
2015-12-31 12:00:00,255.88,256.18,255.73,256.18,8688
2015-12-31 12:15:00,256.17,256.34,255.68,256.07,5123
2015-12-31 12:30:00,256.05,256.44,255.86,256.39,6480
2015-12-31 12:45:00,256.37,256.755,256.16,256.755,4264
2015-12-31 13:00:00,256.62,256.944,256.515,256.72,7300
2015-12-31 13:15:00,256.51,256.59,255.745,255.9399,11161
2015-12-31 13:30:00,255.84,256.0,255.67,255.87,6527
2015-12-31 13:45:00,255.91,255.99,255.79,255.865,4940
2015-12-31 14:00:00,256.03,256.27,256.03,256.13,4000
2015-12-31 14:15:00,256.28,256.28,255.83,255.99,12787
2015-12-31 14:30:00,255.967,255.967,254.92,255.0,10618
2015-12-31 14:45:00,255.04,255.04,254.65,254.8975,9007
2015-12-31 15:00:00,254.9093,255.128,254.76,255.04,5523
2015-12-31 15:15:00,255.07,255.07,254.51,254.51,13272
2015-12-31 15:30:00,254.56,254.9599,254.52,254.68,7122
2015-12-31 15:45:00,254.69,254.77,254.37,254.42,10921
2015-12-31 16:00:00,254.3,254.35,253.42,253.42,47602
2016-01-04 09:45:00,248.45,250.96,247.0101,248.04,42367
2016-01-04 10:00:00,247.83,250.78,247.77,249.72,23388
2016-01-04 10:15:00,249.385,249.54,248.08,248.13,74903
2016-01-04 10:30:00,248.55,248.74,248.03,248.28,26049
2016-01-04 10:45:00,248.3,248.54,246.57,247.01,45888
2016-01-04 11:00:00,247.03,247.79,245.61,245.66,43678
2016-01-04 11:15:00,245.72,245.72,244.88,245.44,49732
2016-01-04 11:30:00,245.29,245.95,245.2,245.9,20324
2016-01-04 11:45:00,245.91,246.25,245.7442,246.03,33885
2016-01-04 12:00:00,246.04,246.33,245.73,246.14,27252
2016-01-04 12:15:00,246.14,246.14,245.3,245.49,19535
2016-01-04 12:30:00,245.4734,246.24,245.33,246.24,11096
2016-01-04 12:45:00,246.135,246.18900000000002,245.57,246.1617,26204
2016-01-04 13:00:00,246.115,246.285,245.62,246.03,16866
2016-01-04 13:15:00,245.93,246.6,245.86,246.6,13619
2016-01-04 13:30:00,246.6,246.817,245.735,245.97,19849
2016-01-04 13:45:00,245.88,246.0,245.475,245.475,29585
2016-01-04 14:00:00,245.36,245.95,245.0201,245.44,12019
2016-01-04 14:15:00,245.66,245.92,245.3643,245.63,9113
2016-01-04 14:30:00,245.65,245.94,245.22,245.71,12325
2016-01-04 14:45:00,245.69,245.69,244.735,244.9932,25627
2016-01-04 15:00:00,244.97,245.18,244.5,244.61,25267
2016-01-04 15:15:00,244.69,244.84,243.71,244.01,27044
2016-01-04 15:30:00,244.01,244.25,243.89,244.13,32900
2016-01-04 15:45:00,244.14,245.24,244.14,245.1022,30089
2016-01-04 16:00:00,245.17,246.18,245.06,246.12,105806
2016-01-05 09:45:00,246.86,249.49,246.86,248.87,31376
2016-01-05 10:00:00,248.87,249.26,248.0,248.15,23113
2016-01-05 10:15:00,247.9868,248.33,246.5101,247.22,24214
2016-01-05 10:30:00,247.17,247.57,247.0,247.0801,20866
2016-01-05 10:45:00,247.08,248.43,246.83,248.215,16970
2016-01-05 11:00:00,248.105,248.57,247.77,248.02,18920
2016-01-05 11:15:00,247.865,247.9,247.04,247.05,13982
2016-01-05 11:30:00,247.05,247.85,246.62,247.06,33757
2016-01-05 11:45:00,246.94,247.6099,246.85,246.86,22927
2016-01-05 12:00:00,246.7225,247.06,246.35,246.5587,30235
2016-01-05 12:15:00,246.44,246.44,245.51,245.69,17145
2016-01-05 12:30:00,245.63,246.0,245.56,245.82,13095
2016-01-05 12:45:00,245.9999,246.0,245.28,245.41,21809
2016-01-05 13:00:00,245.41,246.06,245.25,246.06,17218
2016-01-05 13:15:00,246.05,247.42,246.04,247.09,28682
2016-01-05 13:30:00,247.22,247.22,246.49,247.11,13631
2016-01-05 13:45:00,247.06,247.99,246.86,247.95,13523
2016-01-05 14:00:00,247.87,248.24,247.54,247.54,5600
2016-01-05 14:15:00,247.53,247.6,246.83,247.33,10034
2016-01-05 14:30:00,247.47,248.25,247.3,248.04,9250
2016-01-05 14:45:00,248.06,248.39,247.8,247.97,21212
2016-01-05 15:00:00,247.91,248.09,247.29,247.48,16836
2016-01-05 15:15:00,247.7,247.92,247.26,247.77,22549
2016-01-05 15:30:00,247.77,247.9,246.99,247.73,30613
2016-01-05 15:45:00,247.73,248.39,247.49,247.97,26593
2016-01-05 16:00:00,247.95,248.24,247.65,247.86,65417
2016-01-06 09:45:00,243.63,244.54,243.25,243.875,27277
2016-01-06 10:00:00,243.81,243.93,242.41,242.56,14554
2016-01-06 10:15:00,242.72,243.0,242.2,242.4,24867
2016-01-06 10:30:00,242.49,243.3,242.1,243.03,33212
2016-01-06 10:45:00,243.05,243.55,242.56,243.32,23218
2016-01-06 11:00:00,243.29,243.4,242.75,243.37,28991
2016-01-06 11:15:00,243.44,243.92,243.18,243.25,21197
2016-01-06 11:30:00,243.35,244.35,243.03,244.14,20050
2016-01-06 11:45:00,244.07,244.41,243.92,244.042,11836
2016-01-06 12:00:00,244.1,244.32,243.83,243.83,20529
2016-01-06 12:15:00,243.91,244.01,243.12,243.26,17196
2016-01-06 12:30:00,243.17,243.22,242.47,242.47,12067
2016-01-06 12:45:00,242.38,242.51,241.88,241.94,36981
2016-01-06 13:00:00,241.96,242.35,241.82,242.09,33627
2016-01-06 13:15:00,242.0,242.0,240.56,240.56,34699
2016-01-06 13:30:00,240.44,241.02,240.44,240.62,40623
2016-01-06 13:45:00,240.69,240.8407,240.45,240.56,8810
2016-01-06 14:00:00,240.54,240.6,239.47,239.56,26019
2016-01-06 14:15:00,239.56,240.0,239.26,239.9299,21814
2016-01-06 14:30:00,239.88,240.84,239.74,240.52,16492
2016-01-06 14:45:00,240.31,240.81,239.6,239.83,20644
2016-01-06 15:00:00,239.8561,239.92,238.62,238.64,33257
2016-01-06 15:15:00,238.66,239.67,238.57,239.67,21244
2016-01-06 15:30:00,239.66,240.6505,239.45,240.56,23600
2016-01-06 15:45:00,240.58,240.98,240.51,240.89,24239
2016-01-06 16:00:00,240.78,241.16,240.48,241.12,81233
2016-01-07 09:45:00,237.1,240.37,236.0,239.9999,53671
2016-01-07 10:00:00,240.08,242.305,240.08,241.06,29621
2016-01-07 10:15:00,241.15,241.76,240.56,240.76,15309
2016-01-07 10:30:00,240.76,242.2,240.65,241.95,20295
2016-01-07 10:45:00,242.01,242.51,241.78,242.26,26846
2016-01-07 11:00:00,242.2,244.3,242.06,244.0,27491
2016-01-07 11:15:00,244.0,244.13,242.06,242.52,51702
2016-01-07 11:30:00,242.42,243.54,242.2501,243.2399,22318
2016-01-07 11:45:00,243.24,243.706,242.92,243.08,12178
2016-01-07 12:00:00,243.08,243.08,242.265,242.86,16043
2016-01-07 12:15:00,243.02,243.75,242.89,243.29,24146
2016-01-07 12:30:00,243.47,244.13,243.36,243.93,13290
2016-01-07 12:45:00,243.9,244.14,243.48,243.735,11618
2016-01-07 13:00:00,243.6,244.2,243.25,243.25,23118
2016-01-07 13:15:00,243.2845,243.2845,241.42,241.64,15279
2016-01-07 13:30:00,241.77,241.77,240.21,240.21,36152
2016-01-07 13:45:00,240.29,240.38,239.21,240.095,30516
2016-01-07 14:00:00,240.04,240.14,239.425,239.5001,26973
2016-01-07 14:15:00,239.57,240.25,239.04,239.9,24933
2016-01-07 14:30:00,240.01,240.688,239.63,239.63,22754
2016-01-07 14:45:00,239.81,240.27,239.6,239.98,22851
2016-01-07 15:00:00,240.0,241.23,239.99,240.23,26319
2016-01-07 15:15:00,240.13,240.76,239.5851,240.145,29561
2016-01-07 15:30:00,240.144,240.4925,239.52,239.52,33249
2016-01-07 15:45:00,239.52,241.4518,239.36,240.768,34589
2016-01-07 16:00:00,240.5701,241.4,240.02,240.04,100218
2016-01-08 09:45:00,239.75,240.255,238.54,239.15,38007
2016-01-08 10:00:00,239.12,241.5,239.02,241.19,24168
2016-01-08 10:15:00,241.19,241.19,239.385,239.83,17552
2016-01-08 10:30:00,239.915,240.78,239.38,240.72,16560
2016-01-08 10:45:00,240.73,240.865,240.1,240.5,19364
2016-01-08 11:00:00,240.62,240.85,239.0,239.45,36443
2016-01-08 11:15:00,239.59,240.50400000000002,239.59,239.8,17900
2016-01-08 11:30:00,239.64,239.76,239.05,239.37,11417
2016-01-08 11:45:00,239.245,239.245,237.74,238.23,29738
2016-01-08 12:00:00,238.145,239.65,238.09,239.51,34926
2016-01-08 12:15:00,239.65,239.92,239.19,239.59,13270
2016-01-08 12:30:00,239.6,239.85,239.16,239.44,14735
2016-01-08 12:45:00,239.25,239.27,238.4,238.42,9300
2016-01-08 13:00:00,238.26,238.8891,237.835,238.08,15743
2016-01-08 13:15:00,238.025,238.24,237.6,237.66,12582
2016-01-08 13:30:00,237.57,237.76,237.22,237.46,15781
2016-01-08 13:45:00,237.54,237.87,237.37,237.58,18295
2016-01-08 14:00:00,237.34,237.65,237.09,237.1,16761
2016-01-08 14:15:00,237.2,238.245,237.1125,237.61,20856
2016-01-08 14:30:00,237.48,237.67,236.73,236.82,26311
2016-01-08 14:45:00,236.77,237.42,236.34,237.37,26444
2016-01-08 15:00:00,237.45,237.76,236.92,237.25,17143
2016-01-08 15:15:00,237.385,237.47,236.39,236.73,17871
2016-01-08 15:30:00,236.81,236.975,236.19,236.19,20357
2016-01-08 15:45:00,236.19,236.19,235.35,235.68,19922
2016-01-08 16:00:00,235.61,235.69,234.0001,234.72,86693
2016-01-11 09:45:00,235.77,236.71,234.67,236.71,24076
2016-01-11 10:00:00,236.5628,236.73,235.101,235.88,19284
2016-01-11 10:15:00,235.71,236.79,235.65,236.3,12836
2016-01-11 10:30:00,236.21,238.37,235.61,238.37,17136
2016-01-11 10:45:00,238.3,239.71,237.8391,239.53,38547
2016-01-11 11:00:00,239.48,239.48,236.81,237.23,28531
2016-01-11 11:15:00,237.22,237.34,236.47,237.15,12382
2016-01-11 11:30:00,237.02,237.53,236.7,237.04,13458
2016-01-11 11:45:00,237.0,238.19,236.78,237.89,28425
2016-01-11 12:00:00,237.89,239.13,237.5561,238.55,32397
2016-01-11 12:15:00,238.2101,238.41,238.0,238.0,11139
2016-01-11 12:30:00,237.94,238.02,237.05,237.46,7869
2016-01-11 12:45:00,237.44,237.582,236.77,237.16,8390
2016-01-11 13:00:00,237.16,237.45,236.7728,237.06,13623
2016-01-11 13:15:00,237.0301,237.3,235.64,235.65,35315
2016-01-11 13:30:00,236.0032,236.6,235.935,236.19,10967
2016-01-11 13:45:00,236.028,236.22,235.22,235.39,11079
2016-01-11 14:00:00,235.4932,235.4932,234.51,235.0,15285
2016-01-11 14:15:00,235.11,236.69,235.04,236.24,21420
2016-01-11 14:30:00,236.22,237.12,235.86,236.7,14952
2016-01-11 14:45:00,236.84,237.12,236.54,237.09,20195
2016-01-11 15:00:00,237.08,237.43,236.88,237.05,23732
2016-01-11 15:15:00,237.01,237.12,236.05,236.08,18713
2016-01-11 15:30:00,235.94,238.21,235.65,238.08,24878
2016-01-11 15:45:00,238.13,239.16,238.0,238.87,35642
2016-01-11 16:00:00,238.78,238.894,237.82,237.93,73522
2016-01-12 09:45:00,237.94,241.27,236.09,240.965,47889
2016-01-12 10:00:00,240.93400000000003,241.87,239.98,240.62,27179
2016-01-12 10:15:00,240.595,240.825,239.86,240.23,14846
2016-01-12 10:30:00,240.31599999999997,241.31,239.93,241.04,15302
2016-01-12 10:45:00,241.29,242.25,241.29,242.25,37778
2016-01-12 11:00:00,242.11,242.26,241.23,241.5,31000
2016-01-12 11:15:00,241.52,241.52,240.24,240.335,22884
2016-01-12 11:30:00,240.2,241.36,240.2,241.14,28077
2016-01-12 11:45:00,241.11,241.11,239.81,240.08,25089
2016-01-12 12:00:00,240.15,240.66,240.15,240.16,26363
2016-01-12 12:15:00,240.15,240.7,240.1,240.19,9770
2016-01-12 12:30:00,240.26,240.5225,240.05,240.21,16113
2016-01-12 12:45:00,240.37,240.42,239.44,239.6,17275
2016-01-12 13:00:00,239.6,240.48,239.49,240.01,12951
2016-01-12 13:15:00,240.2,240.76,240.11,240.76,7636
2016-01-12 13:30:00,240.57,240.98,239.8095,239.9,5118
2016-01-12 13:45:00,239.98,240.44,239.59,240.37,7592
2016-01-12 14:00:00,240.58,241.0,239.87,239.97,10901
2016-01-12 14:15:00,239.97,240.31,239.31,239.84,22686
2016-01-12 14:30:00,239.56,240.95,239.245,240.95,14418
2016-01-12 14:45:00,240.83,241.95,240.77,241.46,14653
2016-01-12 15:00:00,241.46,242.29,241.36,242.1,17554
2016-01-12 15:15:00,242.07,242.27,241.45,241.93,19621
2016-01-12 15:30:00,241.84,242.93,241.785,242.73,26831
2016-01-12 15:45:00,242.72,243.37,242.41,243.3,26496
2016-01-12 16:00:00,243.45,243.87,242.96,243.02,58179
2016-01-13 09:45:00,244.62,244.75,243.3435,243.63,41620
2016-01-13 10:00:00,243.61,243.86,242.59,243.2,20642
2016-01-13 10:15:00,243.2,244.0,242.58,242.69,23417
2016-01-13 10:30:00,242.55,243.375,242.55,243.2,31002
2016-01-13 10:45:00,243.04,243.12,241.63,242.57,19486
2016-01-13 11:00:00,242.36,242.36,241.7,242.17,9951
2016-01-13 11:15:00,242.13,242.81,241.89,242.54,14181
2016-01-13 11:30:00,242.78,243.5,242.68,242.68,15911
2016-01-13 11:45:00,242.63,243.73,242.63,243.21,7494
2016-01-13 12:00:00,243.17,243.22,240.97,241.3,7755
2016-01-13 12:15:00,241.225,241.38,240.7307,240.9775,9717
2016-01-13 12:30:00,240.93,240.98,240.0301,240.68,8860
2016-01-13 12:45:00,240.7,240.9,239.58,240.27,13565
2016-01-13 13:00:00,240.27,240.6,240.03,240.27,8421
2016-01-13 13:15:00,240.2801,240.6,239.88,240.58,8078
2016-01-13 13:30:00,240.59,240.92,240.01,240.01,16024
2016-01-13 13:45:00,239.88,240.15,239.34,239.42,15108
2016-01-13 14:00:00,239.25,239.425,238.55,238.68,15774
2016-01-13 14:15:00,238.41,238.81,237.72,238.38,46000
2016-01-13 14:30:00,238.4,238.47,237.23,237.66,40506
2016-01-13 14:45:00,237.39,237.56,235.41,235.41,32854
2016-01-13 15:00:00,235.76,237.22,235.75,237.22,27559
2016-01-13 15:15:00,237.22,237.53,236.52,236.58,39408
2016-01-13 15:30:00,236.47,237.72,236.47,237.13,19721
2016-01-13 15:45:00,237.31,237.5,236.14,236.14,32383
2016-01-13 16:00:00,236.14,236.6097,235.14,235.68,66013
2016-01-14 09:45:00,235.49,236.3899,234.78,235.84,23265
2016-01-14 10:00:00,235.62,236.06,234.54,235.15,19363
2016-01-14 10:15:00,234.89,235.15,233.29,233.84,36238
2016-01-14 10:30:00,233.91,235.49,233.44,234.9,30955
2016-01-14 10:45:00,235.135,237.1499,234.995,236.25,35010
2016-01-14 11:00:00,236.48,236.48,235.71,236.025,20585
2016-01-14 11:15:00,235.82,236.7,235.37,236.7,13538
2016-01-14 11:30:00,236.67,237.02,235.62,235.74,24495
2016-01-14 11:45:00,235.7,236.02,234.9,235.8,20594
2016-01-14 12:00:00,236.29,236.66,235.79,236.22,19019
2016-01-14 12:15:00,236.83900000000003,236.95,235.8,235.9,11268
2016-01-14 12:30:00,236.08,236.51,235.87,236.05,7414
2016-01-14 12:45:00,236.2,237.46,236.2,237.11,10897
2016-01-14 13:00:00,236.95,237.54,236.89,236.95,12225
2016-01-14 13:15:00,237.0,237.51,236.83,237.43,10914
2016-01-14 13:30:00,237.17,237.889,237.12,237.889,10094
2016-01-14 13:45:00,237.86,238.34,237.12,237.12,6961
2016-01-14 14:00:00,237.09,237.6,236.85,237.42,13035
2016-01-14 14:15:00,237.62,237.675,236.88,237.34,14300
2016-01-14 14:30:00,237.42,238.08,237.09,237.27,21796
2016-01-14 14:45:00,237.6,238.04,237.16,237.18,14292
2016-01-14 15:00:00,237.345,238.03,237.34,237.75,16685
2016-01-14 15:15:00,237.75,237.89,237.38,237.6509,15724
2016-01-14 15:30:00,237.79,237.90900000000002,237.33,237.44,21650
2016-01-14 15:45:00,237.42,237.46,235.75,236.59,26738
2016-01-14 16:00:00,236.63,236.78,235.73,236.01,54903
2016-01-15 09:45:00,229.5,233.69,225.12,232.83,131428
2016-01-15 10:00:00,232.72,234.07,232.33,232.4,30722
2016-01-15 10:15:00,232.36,233.245,231.18,232.28,13270
2016-01-15 10:30:00,232.21,234.2,232.13,233.75,20859
2016-01-15 10:45:00,233.92,235.51,233.6,235.51,11813
2016-01-15 11:00:00,235.51,235.91,234.13,234.32,29928
2016-01-15 11:15:00,234.245,234.68,232.32,232.74,39949
2016-01-15 11:30:00,232.84,232.99,231.83,232.69,16361
2016-01-15 11:45:00,232.32,233.52,232.32,233.47799999999998,21832
2016-01-15 12:00:00,233.46,234.21,233.18,233.63,10951
2016-01-15 12:15:00,233.68,233.68,232.33,233.11,10369
2016-01-15 12:30:00,232.63,232.82,230.59,230.77,20761
2016-01-15 12:45:00,230.7,230.7,229.79,230.64,19890
2016-01-15 13:00:00,230.61,231.435,230.53,231.435,9831
2016-01-15 13:15:00,231.38,232.9,231.17,232.72,16769
2016-01-15 13:30:00,232.73,232.99,231.83,231.83,19440
2016-01-15 13:45:00,231.94,232.87,231.425,232.8198,16864
2016-01-15 14:00:00,232.875,233.7,232.8,233.525,24791
2016-01-15 14:15:00,233.585,233.585,232.795,232.9,14492
2016-01-15 14:30:00,232.86,233.12,231.74,231.87,21670
2016-01-15 14:45:00,232.2528,233.21,231.7,232.6985,9819
2016-01-15 15:00:00,232.895,233.89,232.71,233.72,15109
2016-01-15 15:15:00,233.9769,233.99,232.43099999999998,232.76,15870
2016-01-15 15:30:00,232.74,232.74,231.58,232.63,25771
2016-01-15 15:45:00,232.57,232.72,231.41,231.77,28447
2016-01-15 16:00:00,232.12,232.55,231.62,232.16,77614
2016-01-19 09:45:00,235.91,236.42,234.04,234.04,32976
2016-01-19 10:00:00,234.13,234.93,233.09,233.5,15483
2016-01-19 10:15:00,233.84,235.85,233.84,235.66,22986
2016-01-19 10:30:00,235.24,236.43,232.16,236.42,12458
2016-01-19 10:45:00,236.19,236.9,234.75,235.325,12266
2016-01-19 11:00:00,234.91,235.66,234.52,234.79,7847
2016-01-19 11:15:00,234.78,235.24,234.05,234.09,10249
2016-01-19 11:30:00,234.43,235.0,233.51,234.63,31251
2016-01-19 11:45:00,234.64,236.1,234.64,235.37,15652
2016-01-19 12:00:00,235.45,235.98,235.06,235.27,19943
2016-01-19 12:15:00,235.05,235.47,234.67,235.07,33268
2016-01-19 12:30:00,234.85,235.2199,233.88,234.51,16999
2016-01-19 12:45:00,234.46,235.28,234.42,234.555,23218
2016-01-19 13:00:00,234.31,234.58,233.96,234.58,12818
2016-01-19 13:15:00,234.4,234.9653,234.205,234.3,12985
2016-01-19 13:30:00,234.31,235.2899,234.31,234.54,10589
2016-01-19 13:45:00,234.64,234.95,233.97,234.03,6295
2016-01-19 14:00:00,233.81,234.86,233.54,234.16,8461
2016-01-19 14:15:00,234.33,234.5,233.1,233.1,19488
2016-01-19 14:30:00,233.0,233.075,232.31,233.03,26994
2016-01-19 14:45:00,233.285,234.09,232.91,232.925,22122
2016-01-19 15:00:00,232.77,233.49,232.475,233.44,17922
2016-01-19 15:15:00,233.47299999999998,235.23,233.47299999999998,234.925,41380
2016-01-19 15:30:00,235.05,236.63,234.77,236.06,46100
2016-01-19 15:45:00,236.05,236.23,234.954,235.79,38593
2016-01-19 16:00:00,235.83,236.88,235.21,235.75,130487
2016-01-20 09:45:00,232.33,234.22,231.35,233.32,38439
2016-01-20 10:00:00,233.28,234.4399,231.94,232.21,18304
2016-01-20 10:15:00,232.21,232.4,230.5801,230.85,34010
2016-01-20 10:30:00,230.94,231.395,229.73,231.305,32727
2016-01-20 10:45:00,231.12,231.48,228.82,230.7,61405
2016-01-20 11:00:00,230.8099,230.8099,228.01,228.03,20016
2016-01-20 11:15:00,228.37,230.68,228.37,230.55,21437
2016-01-20 11:30:00,230.2026,230.82,229.86,230.4525,23845
2016-01-20 11:45:00,230.535,231.795,230.535,230.98,25624
2016-01-20 12:00:00,230.88,231.2799,229.9286,230.57,24378
2016-01-20 12:15:00,230.41,230.81,229.77,230.16,20918
2016-01-20 12:30:00,230.06,230.5,229.2201,229.34,29928
2016-01-20 12:45:00,229.28,229.76,229.01,229.59,17008
2016-01-20 13:00:00,229.6,231.85,229.4851,231.7397,16340
2016-01-20 13:15:00,232.232,233.0697,231.81,232.24,33479
2016-01-20 13:30:00,232.2,232.2,230.6915,231.88,18397
2016-01-20 13:45:00,232.12,234.18,231.93,234.08,42654
2016-01-20 14:00:00,234.16,234.875,233.67,234.42,42207
2016-01-20 14:15:00,234.37,235.63,233.2,235.33,33715
2016-01-20 14:30:00,235.235,235.865,234.4,234.4,41993
2016-01-20 14:45:00,234.56,235.46,233.01,235.055,46675
2016-01-20 15:00:00,235.055,236.805,234.47,235.46,55846
2016-01-20 15:15:00,235.25,237.2,234.68,237.2,41746
2016-01-20 15:30:00,237.21,239.68,237.21,239.52,62828
2016-01-20 15:45:00,239.58,239.9,237.13,237.607,80459
2016-01-20 16:00:00,237.34,237.4,236.09,236.63,107464
2016-01-21 09:45:00,236.43,239.467,235.4,236.395,16619
2016-01-21 10:00:00,235.56,236.51,234.43,236.265,8740
2016-01-21 10:15:00,236.25,238.4,236.17,237.615,21589
2016-01-21 10:30:00,237.69,238.79,237.435,238.7,14866
2016-01-21 10:45:00,238.745,238.94,237.8201,238.59,25421
2016-01-21 11:00:00,238.65,239.41,237.0823,237.0823,38684
2016-01-21 11:15:00,237.115,237.69,236.52,236.52,16874
2016-01-21 11:30:00,236.815,237.02,235.89,236.03,27306
2016-01-21 11:45:00,236.12,237.02,235.62,236.29,30023
2016-01-21 12:00:00,236.22,237.68,236.19,237.63,15528
2016-01-21 12:15:00,237.77,238.68,237.675,238.075,7492
2016-01-21 12:30:00,238.18,238.27,237.12,237.78,19713
2016-01-21 12:45:00,237.81,238.23,237.63,237.63,8236
2016-01-21 13:00:00,237.8,238.11,237.38,237.6864,10965
2016-01-21 13:15:00,237.72,238.315,237.66,237.67,18531
2016-01-21 13:30:00,237.53,237.94,236.48,236.66,22889
2016-01-21 13:45:00,236.73,237.39,235.72,236.82,30402
2016-01-21 14:00:00,236.96,237.03,235.93,236.0,27959
2016-01-21 14:15:00,235.86,236.02,233.75,233.94,40399
2016-01-21 14:30:00,234.0,234.9,233.48,234.2035,31367
2016-01-21 14:45:00,234.45,236.38,234.38,236.205,25007
2016-01-21 15:00:00,236.17,237.19,235.63,237.08,28244
2016-01-21 15:15:00,236.79,237.11,235.64,236.74,22323
2016-01-21 15:30:00,236.7,236.75,236.0,236.37,17743
2016-01-21 15:45:00,236.365,237.725,236.365,237.33,22331
2016-01-21 16:00:00,237.31,237.64,236.44,236.71,122282
2016-01-22 09:45:00,239.55,239.55,236.9,238.74,27305
2016-01-22 10:00:00,238.74,239.86,238.2,239.75,19984
2016-01-22 10:15:00,239.79,239.79,238.62,238.8,9016
2016-01-22 10:30:00,238.56,239.13,238.04,238.665,18652
2016-01-22 10:45:00,238.75,239.785,238.75,239.674,16904
2016-01-22 11:00:00,239.53,239.7899,239.0,239.2101,8953
2016-01-22 11:15:00,239.21,239.73,238.88,238.98,10944
2016-01-22 11:30:00,238.92,239.64,238.58,238.73,19958
2016-01-22 11:45:00,238.752,238.89,238.175,238.545,4744
2016-01-22 12:00:00,238.5,238.62,237.89,238.12,9899
2016-01-22 12:15:00,238.12,238.82,237.9,238.78,15234
2016-01-22 12:30:00,238.77,238.77,238.23,238.46,5414
2016-01-22 12:45:00,238.43200000000002,238.485,237.9,237.9,7714
2016-01-22 13:00:00,238.02,238.72,237.685,238.49,16292
2016-01-22 13:15:00,238.49,239.21,238.22,238.85,19390
2016-01-22 13:30:00,238.782,239.49,238.71,239.4,10218
2016-01-22 13:45:00,239.35,239.48,238.87,239.42,17590
2016-01-22 14:00:00,239.38,239.48,239.21,239.48,5180
2016-01-22 14:15:00,239.34,240.28,239.21,240.28,15019
2016-01-22 14:30:00,240.3,240.54,239.87599999999998,239.91,10819
2016-01-22 14:45:00,239.9,240.255,239.25,239.25,8040
2016-01-22 15:00:00,239.32,239.86,239.32,239.74,8680
2016-01-22 15:15:00,239.81,239.81,238.9373,239.21,10204
2016-01-22 15:30:00,239.2159,239.67,238.98,239.67,10635
2016-01-22 15:45:00,239.54,239.73,239.16,239.61,19546
2016-01-22 16:00:00,239.65,239.8,239.29,239.44,49611
2016-01-25 09:45:00,243.68,243.7599,240.39,241.77,98322
2016-01-25 10:00:00,241.6,243.18,240.98,241.74,51098
2016-01-25 10:15:00,241.74,242.11,240.93,241.835,28316
2016-01-25 10:30:00,241.82,242.83,241.755,242.65,43464
2016-01-25 10:45:00,242.66,243.4,242.16,242.985,82140
2016-01-25 11:00:00,242.975,243.495,242.74,243.205,33449
2016-01-25 11:15:00,243.01,243.37,242.705,243.37,16181
2016-01-25 11:30:00,243.3,244.2606,242.95,244.1001,35964
2016-01-25 11:45:00,244.12,244.69,243.78,244.39,45942
2016-01-25 12:00:00,244.38,244.86,244.1,244.14,32209
2016-01-25 12:15:00,244.06,244.39,243.88,243.96,9809
2016-01-25 12:30:00,243.97,245.43,243.93,244.925,56709
2016-01-25 12:45:00,244.83,245.02,244.45,244.73,14878
2016-01-25 13:00:00,244.81,245.57,244.71,245.57,13708
2016-01-25 13:15:00,245.57,246.63,245.36,246.505,48909
2016-01-25 13:30:00,246.59599999999998,246.59599999999998,245.81,245.99,26064
2016-01-25 13:45:00,245.99,246.168,245.84,246.04,10725
2016-01-25 14:00:00,245.965,246.15400000000002,245.36,245.3801,13890
2016-01-25 14:15:00,245.36,245.7556,245.01,245.6175,18115
2016-01-25 14:30:00,245.52,245.83,245.41,245.68,27876
2016-01-25 14:45:00,245.7,246.47,245.67,245.71,30184
2016-01-25 15:00:00,245.76,247.0,245.63,246.99,43702
2016-01-25 15:15:00,246.9,246.97,244.831,244.87,28091
2016-01-25 15:30:00,244.79,245.17,244.13,244.13,36073
2016-01-25 15:45:00,244.03,244.66,243.6894,243.6894,56100
2016-01-25 16:00:00,243.92,244.63,243.65,243.88,143980
2016-01-26 09:45:00,244.75,247.46,244.64,247.36,83537
2016-01-26 10:00:00,247.0,247.29,246.25,246.65,51905
2016-01-26 10:15:00,246.57,248.71,246.3488,248.6,19656
2016-01-26 10:30:00,248.49,249.736,247.37,247.51,22040
2016-01-26 10:45:00,247.52,247.96,247.22,247.8345,11141
2016-01-26 11:00:00,247.88,248.2,247.17,247.27,16455
2016-01-26 11:15:00,247.1,247.8,246.96,247.66,11621
2016-01-26 11:30:00,247.41,247.69,246.8,247.29,24741
2016-01-26 11:45:00,247.29,247.58900000000003,247.02,247.18,24225
2016-01-26 12:00:00,247.18,247.98,247.18,247.68,9900
2016-01-26 12:15:00,247.51,249.33,247.5,249.33,19863
2016-01-26 12:30:00,249.4,249.49,248.46,248.68,16023
2016-01-26 12:45:00,248.8,249.1787,248.54,249.1787,9146
2016-01-26 13:00:00,249.13,249.26,248.44,248.56,15345
2016-01-26 13:15:00,248.62,248.72,248.17,248.72,7590
2016-01-26 13:30:00,248.58,248.91,248.38,248.4956,13591
2016-01-26 13:45:00,248.49,249.02,248.35,248.71,13565
2016-01-26 14:00:00,248.77,249.35,248.65,248.97,14850
2016-01-26 14:15:00,248.97,249.3,248.735,249.11,14867
2016-01-26 14:30:00,249.09,249.69,249.04,249.6,26989
2016-01-26 14:45:00,249.52,250.11,249.43,249.97,33737
2016-01-26 15:00:00,250.0,250.07,249.18,249.35,22560
2016-01-26 15:15:00,249.25,249.84,248.9236,249.55,34896
2016-01-26 15:30:00,249.72,250.02,249.15,249.6,26139
2016-01-26 15:45:00,249.7,250.0,249.12,249.905,29025
2016-01-26 16:00:00,249.805,250.04,249.4,249.74,80422
2016-01-27 09:45:00,250.33,251.6,249.79,250.29,25059
2016-01-27 10:00:00,250.09,250.33,248.486,249.64,18499
2016-01-27 10:15:00,249.635,249.635,247.665,248.023,20637
2016-01-27 10:30:00,248.023,249.52,247.95,249.37,16498
2016-01-27 10:45:00,249.38,250.2,249.07,250.025,27784
2016-01-27 11:00:00,250.08,250.38,249.255,249.84,22279
2016-01-27 11:15:00,249.72,250.1,249.3585,249.8,10749
2016-01-27 11:30:00,249.8066,250.29,249.46,249.94,16426
2016-01-27 11:45:00,250.11,250.43,249.56,250.4175,8984
2016-01-27 12:00:00,250.4716,251.0299,250.19,250.735,25059
2016-01-27 12:15:00,250.61,251.355,250.6,251.355,32299
2016-01-27 12:30:00,251.52,251.86,250.81,250.94,17484
2016-01-27 12:45:00,251.0,251.26,250.71,250.92,11546
2016-01-27 13:00:00,250.8116,251.04,250.29,250.45,16551
2016-01-27 13:15:00,250.3,250.61,250.03,250.03,31635
2016-01-27 13:30:00,250.155,250.155,249.0,249.15,19276
2016-01-27 13:45:00,249.09,249.38,248.34,248.55,10400
2016-01-27 14:00:00,248.38,248.77,248.05,248.64,29363
2016-01-27 14:15:00,248.73,249.13,246.23,246.48,26587
2016-01-27 14:30:00,246.89,248.23,246.58,248.04,15849
2016-01-27 14:45:00,247.82,248.23,246.8125,247.19,15225
2016-01-27 15:00:00,247.34,247.39,246.09,246.38,21068
2016-01-27 15:15:00,246.33,246.4,244.68900000000002,244.76,17737
2016-01-27 15:30:00,244.82,246.07,244.65,245.71,28543
2016-01-27 15:45:00,245.61,246.5,245.455,245.79,28846
2016-01-27 16:00:00,245.95,246.82,245.8,246.49,58395
2016-01-28 09:45:00,248.07,250.24,246.39,250.24,61948
2016-01-28 10:00:00,250.1,252.59,249.5,252.49,82921
2016-01-28 10:15:00,252.52,252.69,249.89,250.01,95885
2016-01-28 10:30:00,250.16,251.41,249.69,250.63,60446
2016-01-28 10:45:00,250.69,250.85,249.72,250.8,56237
2016-01-28 11:00:00,250.795,251.615,250.63,251.5,82880
2016-01-28 11:15:00,251.54,251.835,250.84,250.93,27626
2016-01-28 11:30:00,250.97,251.32,249.93,250.01,27543
2016-01-28 11:45:00,249.76,250.41,249.28,250.41,19824
2016-01-28 12:00:00,250.35,250.81,249.64,249.8,44125
2016-01-28 12:15:00,249.98,251.85,249.98,251.68,45173
2016-01-28 12:30:00,251.39,252.935,251.29,252.21,21260
2016-01-28 12:45:00,252.53,253.69,252.3,253.69,25050
2016-01-28 13:00:00,253.64,254.5,253.22,253.25,41986
2016-01-28 13:15:00,253.31,253.39,252.48,252.97,47664
2016-01-28 13:30:00,253.09,253.26,251.79,251.97,25843
2016-01-28 13:45:00,252.19,252.79,252.08,252.27,16345
2016-01-28 14:00:00,252.31,252.93,252.08,252.68,18580
2016-01-28 14:15:00,252.72,254.93,252.72,254.93,31734
2016-01-28 14:30:00,254.99,256.47,254.82,256.47,61137
2016-01-28 14:45:00,256.27,257.75,256.14,256.43,92056
2016-01-28 15:00:00,256.35,257.42,255.85,256.6,47621
2016-01-28 15:15:00,256.59,257.38,256.46,256.7,43296
2016-01-28 15:30:00,256.55,256.96,256.33,256.6,38282
2016-01-28 15:45:00,256.48,256.84,255.87,255.87,51541
2016-01-28 16:00:00,255.68,256.71,255.6314,256.34,150463
2016-01-29 09:45:00,257.59,258.38,256.06,256.27,42158
2016-01-29 10:00:00,256.3,257.29,256.28,257.07,35098
2016-01-29 10:15:00,257.23,257.29,255.58,255.58,43525
2016-01-29 10:30:00,255.61,256.83,255.61,256.065,34131
2016-01-29 10:45:00,256.04,256.33,255.395,256.01,29101
2016-01-29 11:00:00,256.13,256.538,255.54,255.66,27335
2016-01-29 11:15:00,255.92,256.62,255.8,256.33,19729
2016-01-29 11:30:00,256.38,256.88,256.22,256.5067,31062
2016-01-29 11:45:00,256.61,257.43,256.61,257.25,34801
2016-01-29 12:00:00,257.25,258.37,256.95,258.0,36953
2016-01-29 12:15:00,258.0,259.14,257.83,258.88,52052
2016-01-29 12:30:00,258.92,259.89,258.88,259.76,34190
2016-01-29 12:45:00,259.77,260.235,259.56,260.01,39598
2016-01-29 13:00:00,260.07,260.48,259.96,260.13,19781
2016-01-29 13:15:00,260.09,260.09,259.45,259.5,21887
2016-01-29 13:30:00,259.51,259.5835,258.48,258.59,26322
2016-01-29 13:45:00,258.62,259.265,258.33,259.24,21690
2016-01-29 14:00:00,259.25,259.77,258.74,259.1,21196
2016-01-29 14:15:00,259.1,259.27,258.56,259.05,26321
2016-01-29 14:30:00,259.17,259.79,258.93,259.79,34288
2016-01-29 14:45:00,259.86,260.78,259.7,260.68,23653
2016-01-29 15:00:00,260.66,260.7805,259.83,259.98,29370
2016-01-29 15:15:00,260.08,260.59,259.78,260.56,29795
2016-01-29 15:30:00,260.61,261.17,260.43,261.09,27555
2016-01-29 15:45:00,261.02,261.27,260.515,260.65,43244
2016-01-29 16:00:00,260.69,261.15,260.31,260.89,103817
2016-02-01 09:45:00,260.32,261.66,258.43,261.345,53220
2016-02-01 10:00:00,261.24,262.64,260.81,261.575,31421
2016-02-01 10:15:00,261.615,262.6,260.72,262.43,31500
2016-02-01 10:30:00,262.14,262.95,261.97,262.26,63436
2016-02-01 10:45:00,262.29,262.8034,262.0,262.5457,24303
2016-02-01 11:00:00,262.75,263.34,262.06,263.34,33293
2016-02-01 11:15:00,263.065,263.69,262.482,262.99,32347
2016-02-01 11:30:00,263.0824,263.17,262.35,263.03,14754
2016-02-01 11:45:00,263.2,263.64,262.95,263.63,24782
2016-02-01 12:00:00,263.66,264.6,263.38,264.41,51627
2016-02-01 12:15:00,264.305,264.53,263.33,263.53,31132
2016-02-01 12:30:00,263.65,263.98,263.21,263.51,17974
2016-02-01 12:45:00,263.5,264.0,263.25,263.93,18284
2016-02-01 13:00:00,263.825,264.46,263.5,263.7,17866
2016-02-01 13:15:00,263.72,264.51,263.366,264.01,13018
2016-02-01 13:30:00,263.96,264.87,263.638,264.46,12694
2016-02-01 13:45:00,264.46,264.52,263.505,263.77,13170
2016-02-01 14:00:00,263.61,264.33,263.495,264.1,17397
2016-02-01 14:15:00,263.99,264.493,263.66,263.93,15341
2016-02-01 14:30:00,263.94,264.78,263.895,264.78,19484
2016-02-01 14:45:00,264.76,265.14,264.73,265.01,26139
2016-02-01 15:00:00,264.82,265.38,264.8,265.38,22440
2016-02-01 15:15:00,265.395,265.52,264.8,265.47,27261
2016-02-01 15:30:00,265.5,266.19,265.42,265.92,31049
2016-02-01 15:45:00,266.02,266.09,264.9,265.84,44077
2016-02-01 16:00:00,265.86,265.92,265.16,265.18,104626
2016-02-02 09:45:00,263.6,266.23,261.85,261.85,38624
2016-02-02 10:00:00,261.58,262.21,260.44,260.9812,31440
2016-02-02 10:15:00,261.01,261.65,260.06,260.19,26458
2016-02-02 10:30:00,260.08,260.39,258.915,260.34,25403
2016-02-02 10:45:00,260.06,260.07,258.57,259.12,22773
2016-02-02 11:00:00,258.96,259.41,258.6,259.21,18463
2016-02-02 11:15:00,258.91,259.2,258.46,259.14,16538
2016-02-02 11:30:00,258.96,259.24,258.11,258.45,14762
2016-02-02 11:45:00,258.3,258.66,257.86,257.86,19487
2016-02-02 12:00:00,257.8921,257.94,256.98,257.32,15140
2016-02-02 12:15:00,257.05,257.19,255.53,255.66,27836
2016-02-02 12:30:00,255.65,256.83,255.215,256.545,21094
2016-02-02 12:45:00,256.54,256.57,255.67,255.88,17282
2016-02-02 13:00:00,255.88,256.62,255.5101,255.72,23836
2016-02-02 13:15:00,255.72,256.27,255.05,256.17,26749
2016-02-02 13:30:00,256.21,256.21,255.29,255.87,16578
2016-02-02 13:45:00,255.81,255.81,254.97,255.32,61444
2016-02-02 14:00:00,255.40400000000002,255.59,255.0,255.06,15417
2016-02-02 14:15:00,255.23,255.43,254.77,255.136,13636
2016-02-02 14:30:00,255.02,255.93,255.01,255.41,38559
2016-02-02 14:45:00,255.47,257.1887,255.47,257.1887,18980
2016-02-02 15:00:00,257.16,258.71,257.04,258.01,67098
2016-02-02 15:15:00,258.01,258.2,256.98400000000004,257.24,17869
2016-02-02 15:30:00,257.5148,258.69,257.4,258.69,31627
2016-02-02 15:45:00,258.6345,259.915,258.6345,259.795,46693
2016-02-02 16:00:00,259.48,259.69,258.94,259.49,99963
2016-02-03 09:45:00,261.27,261.51,257.02,257.35,21785
2016-02-03 10:00:00,257.39,258.99,257.14,258.52,21052
2016-02-03 10:15:00,258.03,258.03,254.57,255.0,28621
2016-02-03 10:30:00,255.34,256.0,254.8001,255.29,20010
2016-02-03 10:45:00,254.975,255.57,254.29,255.0,31868
2016-02-03 11:00:00,255.18,256.0,254.69,255.8,34106
2016-02-03 11:15:00,255.9,255.96,253.75,254.5825,27258
2016-02-03 11:30:00,254.22,255.375,254.03,254.47,11304
2016-02-03 11:45:00,254.515,255.5,253.56,254.76,19081
2016-02-03 12:00:00,254.9368,255.12,253.31,253.31,8677
2016-02-03 12:15:00,253.74,254.42,253.25,253.45,9608
2016-02-03 12:30:00,253.45,254.05,252.92,253.21,12704
2016-02-03 12:45:00,252.91,253.09,252.05,252.22,15545
2016-02-03 13:00:00,252.39,253.17,252.31,252.92,16947
2016-02-03 13:15:00,253.0,253.72,252.53,252.66,16644
2016-02-03 13:30:00,252.69,253.08,252.2,252.45,13943
2016-02-03 13:45:00,252.53,252.66,251.99,251.99,29460
2016-02-03 14:00:00,252.18,252.18,251.01,251.01,21372
2016-02-03 14:15:00,251.01,252.05599999999998,250.89,251.7,26287
2016-02-03 14:30:00,251.54,254.0,250.5,253.69,34973
2016-02-03 14:45:00,253.93,253.93,252.55,253.74,25749
2016-02-03 15:00:00,254.14,254.62,252.73,253.7,34855
2016-02-03 15:15:00,253.9,254.1853,253.18,253.57,14224
2016-02-03 15:30:00,253.5,253.5,252.35,252.66,27379
2016-02-03 15:45:00,252.64,253.56,252.22,253.0,36290
2016-02-03 16:00:00,253.055,253.69,252.64,253.55,56380
2016-02-04 09:45:00,253.24,253.6,248.32,248.7,34892
2016-02-04 10:00:00,248.835,250.07,247.3,249.8125,56165
2016-02-04 10:15:00,249.67,250.3,247.92,250.16,70960
2016-02-04 10:30:00,250.17,250.17,248.93,249.56,27461
2016-02-04 10:45:00,249.52,250.47,249.25,249.535,11140
2016-02-04 11:00:00,249.605,250.24,249.0,249.57,37121
2016-02-04 11:15:00,249.53,249.91,249.08,249.08,13771
2016-02-04 11:30:00,249.294,249.74,248.83,249.025,30846
2016-02-04 11:45:00,248.88,249.35,248.31,248.43,23934
2016-02-04 12:00:00,248.36,248.8246,247.05,247.255,37373
2016-02-04 12:15:00,247.27,249.21,247.12,248.92,19317
2016-02-04 12:30:00,249.0,249.11,248.47,248.705,9132
2016-02-04 12:45:00,248.66,249.24,248.0,248.86,9748
2016-02-04 13:00:00,248.7825,249.1101,248.17,249.1101,10910
2016-02-04 13:15:00,249.12,249.92,248.63,249.21,17046
2016-02-04 13:30:00,249.33,249.87,249.17,249.87,11426
2016-02-04 13:45:00,249.865,250.14,248.85,249.04,15481
2016-02-04 14:00:00,249.04,249.07,248.2,248.2,15466
2016-02-04 14:15:00,248.1601,249.23,247.86,248.94,17013
2016-02-04 14:30:00,249.025,249.13,248.32,248.34,24981
2016-02-04 14:45:00,248.5725,249.24,248.275,248.82,29854
2016-02-04 15:00:00,248.905,249.73,248.27,249.635,20782
2016-02-04 15:15:00,249.73,249.98,249.0,249.8,21188
2016-02-04 15:30:00,249.91,250.46,249.195,249.195,45668
2016-02-04 15:45:00,249.31,250.77,249.18,250.63,38175
2016-02-04 16:00:00,250.524,251.16,250.29,250.87,92622
2016-02-05 09:45:00,250.88,251.435,249.95,250.87,28085
2016-02-05 10:00:00,250.855,251.04,248.355,248.355,28147
2016-02-05 10:15:00,248.2956,249.835,248.29,248.88,27047
2016-02-05 10:30:00,248.69,249.82,247.06,247.67,41308
2016-02-05 10:45:00,247.435,247.76,247.04,247.5168,28418
2016-02-05 11:00:00,247.5525,247.69,246.21,246.29,32258
2016-02-05 11:15:00,246.31,246.525,244.51,244.7299,39984
2016-02-05 11:30:00,244.541,244.7299,243.095,244.32,40334
2016-02-05 11:45:00,244.26,245.76,244.21,244.76,25007
2016-02-05 12:00:00,244.81,246.82,244.21,246.335,36693
2016-02-05 12:15:00,246.4,246.94,245.77,246.49,19281
2016-02-05 12:30:00,246.52,248.19,246.31,247.19,36316
2016-02-05 12:45:00,247.31,248.77,247.17,247.18,23952
2016-02-05 13:00:00,247.19,247.42,245.68,246.27,32872
2016-02-05 13:15:00,246.26,246.76,245.9101,246.23,14577
2016-02-05 13:30:00,246.0987,246.67,245.485,246.37,40292
2016-02-05 13:45:00,246.11,246.285,245.27,245.27,11333
2016-02-05 14:00:00,245.45,245.64,244.69,244.945,26846
2016-02-05 14:15:00,244.975,245.04,243.7,243.77,34990
2016-02-05 14:30:00,243.75,244.6,243.36,244.47,25558
2016-02-05 14:45:00,244.4716,245.5,244.25,244.43,22750
2016-02-05 15:00:00,244.44,244.985,244.19,244.27,72619
2016-02-05 15:15:00,244.22,244.3625,242.25,242.345,51992
2016-02-05 15:30:00,242.32,242.47,241.69,241.79,98533
2016-02-05 15:45:00,241.77,242.18,241.05,241.95,112284
2016-02-05 16:00:00,242.049,242.4699,241.56,242.01,110762
2016-02-08 09:45:00,238.91,239.37,234.41,236.32,128015
2016-02-08 10:00:00,236.61,236.91,232.5,232.54,88102
2016-02-08 10:15:00,232.56,232.69,231.49,232.04,93483
2016-02-08 10:30:00,231.78,232.11,229.93,231.31,64634
2016-02-08 10:45:00,231.1,232.81,230.545,231.2882,53554
2016-02-08 11:00:00,231.21,231.38,229.4313,229.615,41318
2016-02-08 11:15:00,229.65,229.82,227.52,228.07,49672
2016-02-08 11:30:00,227.87,228.85,227.271,228.27,89756
2016-02-08 11:45:00,228.28,228.62,226.985,227.69,56049
2016-02-08 12:00:00,227.395,228.79,226.51,228.77,44000
2016-02-08 12:15:00,228.98,229.91,228.53,229.91,18504
2016-02-08 12:30:00,229.9999,231.12,229.08,231.12,99193
2016-02-08 12:45:00,230.945,231.33,230.43,230.46,45646
2016-02-08 13:00:00,230.45,230.46,228.68,229.79,83377
2016-02-08 13:15:00,229.95,229.95,228.815,229.45,23584
2016-02-08 13:30:00,229.25,229.59,228.52,229.59,31585
2016-02-08 13:45:00,229.3051,229.79,229.27,229.5,15885
2016-02-08 14:00:00,229.63,230.39,229.5,229.5,17294
2016-02-08 14:15:00,229.5,230.38,229.48,229.74,27796
2016-02-08 14:30:00,229.93,230.14,229.37,229.4301,29118
2016-02-08 14:45:00,229.72,229.73,229.14,229.43,21502
2016-02-08 15:00:00,229.56,229.855,228.91,229.054,21025
2016-02-08 15:15:00,229.06,229.16,228.2004,229.15,40798
2016-02-08 15:30:00,229.15,231.31,229.02,231.21,50353
2016-02-08 15:45:00,231.16,234.2,231.16,234.1375,98411
2016-02-08 16:00:00,234.03,234.63,233.2,233.53,182904
2016-02-09 09:45:00,231.9,235.4734,230.17,234.47,74108
2016-02-09 10:00:00,234.52,237.52,234.47,236.71,69282
2016-02-09 10:15:00,236.305,238.0,235.59,236.02,73309
2016-02-09 10:30:00,236.1,237.13,235.34,236.725,45964
2016-02-09 10:45:00,237.0,237.04,234.82,235.1,29731
2016-02-09 11:00:00,234.86,235.85,233.25,233.89,33853
2016-02-09 11:15:00,233.93,237.71,233.93,237.0501,37323
2016-02-09 11:30:00,237.05,237.41,235.46,237.38,23851
2016-02-09 11:45:00,237.15,237.29,234.63,236.01,48719
2016-02-09 12:00:00,236.38,237.03,234.57,234.66,25398
2016-02-09 12:15:00,234.69,236.74,234.5,235.8,43298
2016-02-09 12:30:00,235.61,235.75,234.57,235.05,22847
2016-02-09 12:45:00,235.05,236.1663,234.76,235.99,10279
2016-02-09 13:00:00,235.92,235.92,234.98,235.31,27394
2016-02-09 13:15:00,235.422,235.66,233.87,234.2,36567
2016-02-09 13:30:00,233.9,235.71,233.32,234.35,64190
2016-02-09 13:45:00,234.45,237.0,234.42,236.555,94928
2016-02-09 14:00:00,236.45,237.83,235.61,237.41,40406
2016-02-09 14:15:00,237.09,238.88,236.02,237.2701,30249
2016-02-09 14:30:00,237.52,238.905,236.32,236.55,39856
2016-02-09 14:45:00,236.66,238.95,236.48,238.95,66945
2016-02-09 15:00:00,238.87,239.17,237.17,237.73,63500
2016-02-09 15:15:00,237.68,240.0,237.4701,239.0,32888
2016-02-09 15:30:00,239.06,239.21,236.75,237.01,44877
2016-02-09 15:45:00,237.36,238.05,235.92,236.63,40241
2016-02-09 16:00:00,236.635,236.715,235.89,236.32,98509
2016-02-10 09:45:00,240.01,240.01,237.37,239.0025,63604
2016-02-10 10:00:00,239.26,240.58,238.79,240.34,43392
2016-02-10 10:15:00,239.7341,241.21,239.53099999999998,239.7601,31480
2016-02-10 10:30:00,239.77,242.68,239.77,242.08,48662
2016-02-10 10:45:00,242.21,242.93,241.05,241.69,50328
2016-02-10 11:00:00,241.42,241.72,238.8,238.9,72507
2016-02-10 11:15:00,238.96,239.2,237.07,238.28,62660
2016-02-10 11:30:00,238.14,238.58,237.06,238.0325,93228
2016-02-10 11:45:00,238.23,238.995,237.12,237.45,46682
2016-02-10 12:00:00,237.24,239.49,236.91,238.71,42217
2016-02-10 12:15:00,238.69,239.01,237.7401,238.62,34558
2016-02-10 12:30:00,238.53,239.43,238.16,239.13,27130
2016-02-10 12:45:00,239.26,240.3,239.26,239.8499,41962
2016-02-10 13:00:00,239.85,239.97,238.75,239.24,31400
2016-02-10 13:15:00,239.325,239.42,238.23,238.6,25573
2016-02-10 13:30:00,238.53,239.85,238.53,238.7,32887
2016-02-10 13:45:00,238.775,238.99,238.03,238.99,39934
2016-02-10 14:00:00,238.75,239.64,237.82,239.585,22503
2016-02-10 14:15:00,239.74,240.2,238.93,239.205,31743
2016-02-10 14:30:00,239.1875,239.1875,238.24,238.82,44695
2016-02-10 14:45:00,238.81,239.7101,238.14,238.8,50128
2016-02-10 15:00:00,238.8,239.1,238.15,238.72,61286
2016-02-10 15:15:00,238.83,239.96,237.46,238.0645,84400
2016-02-10 15:30:00,237.995,238.41,236.01,236.331,52775
2016-02-10 15:45:00,236.475,237.82,235.86,237.275,93358
2016-02-10 16:00:00,237.27,237.78,236.08,236.54,159758
2016-02-11 09:45:00,242.0,248.76,239.94,242.3703,172272
2016-02-11 10:00:00,243.09,246.31,238.48,245.0,157683
2016-02-11 10:15:00,244.985,247.6,243.75,245.6,84356
2016-02-11 10:30:00,245.5,247.5,244.43,244.7248,77216
2016-02-11 10:45:00,245.035,246.9,243.45,244.54,64087
2016-02-11 11:00:00,244.72,244.93,243.03,244.29,25586
2016-02-11 11:15:00,243.99,244.92,241.01,241.05,44656
2016-02-11 11:30:00,241.39,244.57,241.07,244.51,53368
2016-02-11 11:45:00,244.53,244.53,239.8001,240.69,102318
2016-02-11 12:00:00,240.925,243.49,240.925,242.84,44012
2016-02-11 12:15:00,243.29,245.0,242.495,244.64,31992
2016-02-11 12:30:00,244.622,246.77,243.76,244.9501,40530
2016-02-11 12:45:00,245.21,246.74,244.66,246.3632,45934
2016-02-11 13:00:00,246.32,248.29,245.7,248.29,68970
2016-02-11 13:15:00,248.325,249.1,247.055,248.51,69351
2016-02-11 13:30:00,248.47,249.49,246.68,246.87,63349
2016-02-11 13:45:00,246.865,248.435,246.26,247.71,56941
2016-02-11 14:00:00,247.66,249.01,247.21,248.53,49356
2016-02-11 14:15:00,248.79,248.99,247.95,248.42,58193
2016-02-11 14:30:00,248.42,248.65,247.37,247.49,111971
2016-02-11 14:45:00,247.435,249.81,247.38,249.12,101301
2016-02-11 15:00:00,249.13,251.56,247.96,251.51,81954
2016-02-11 15:15:00,251.15,251.41,248.8901,250.59,97008
2016-02-11 15:30:00,250.38,251.76,249.22,251.55,87703
2016-02-11 15:45:00,251.525,253.36,251.38,253.25,125892
2016-02-11 16:00:00,253.24,253.49,249.28,249.53,220420
2016-02-12 09:45:00,254.47,255.96,250.69,251.84,68586
2016-02-12 10:00:00,251.56,251.65,248.3,249.08,56032
2016-02-12 10:15:00,249.09,252.21,248.91,250.49,49531
2016-02-12 10:30:00,250.63,252.51,250.3,251.99,30428
2016-02-12 10:45:00,251.92,252.725,250.02,250.45,41087
2016-02-12 11:00:00,250.45,251.53,249.835,251.02,46289
2016-02-12 11:15:00,251.07,252.7099,250.8,252.3001,34977
2016-02-12 11:30:00,252.55,253.63,252.3859,253.32,27154
2016-02-12 11:45:00,253.31,254.03,251.91,252.325,26646
2016-02-12 12:00:00,252.4,253.81,252.35,253.73,44922
2016-02-12 12:15:00,253.765,253.765,252.21,252.5801,48043
2016-02-12 12:30:00,252.655,253.82,252.33,253.485,25535
2016-02-12 12:45:00,253.51,254.265,253.01,253.39,26686
2016-02-12 13:00:00,253.52,253.66,252.08,253.525,22373
2016-02-12 13:15:00,253.4,253.65,252.0,252.52,22683
2016-02-12 13:30:00,252.68,253.34,251.64,253.24,19231
2016-02-12 13:45:00,253.3522,254.17,252.48,253.56,22433
2016-02-12 14:00:00,253.445,253.5999,252.83,253.13,16172
2016-02-12 14:15:00,253.27,253.67,252.72,253.32,21669
2016-02-12 14:30:00,253.58,253.97,252.73,252.95,21833
2016-02-12 14:45:00,252.95,253.35,252.13,252.88,25353
2016-02-12 15:00:00,252.91,253.1334,252.31,252.665,27567
2016-02-12 15:15:00,252.42,253.005,252.2,252.755,33777
2016-02-12 15:30:00,252.75,253.015,252.4,253.01,25210
2016-02-12 15:45:00,253.1,253.1,251.63,252.62,57723
2016-02-12 16:00:00,252.71,253.5,252.3,253.02,158153
2016-02-16 09:45:00,255.14,256.665,253.5,256.61,61130
2016-02-16 10:00:00,256.07,256.78,253.9901,255.16,43035
2016-02-16 10:15:00,255.15,255.84,254.16299999999998,255.04,17622
2016-02-16 10:30:00,255.095,255.63,253.52,253.74,26354
2016-02-16 10:45:00,253.735,254.74599999999998,253.03,253.12,27706
2016-02-16 11:00:00,253.3607,254.0,253.12,253.265,19423
2016-02-16 11:15:00,253.255,254.1699,253.12,253.445,21944
2016-02-16 11:30:00,253.73,255.0,253.11,254.68,47737
2016-02-16 11:45:00,254.41,255.49,254.41,255.49,19193
2016-02-16 12:00:00,255.385,256.22,254.895,256.22,44012
2016-02-16 12:15:00,256.045,257.0,255.9575,256.44,15202
2016-02-16 12:30:00,256.585,258.01,256.585,257.62,20383
2016-02-16 12:45:00,257.67,258.59,257.59,257.9401,26592
2016-02-16 13:00:00,257.996,258.96,257.996,258.96,13619
2016-02-16 13:15:00,258.99,259.5,258.87,259.08,20837
2016-02-16 13:30:00,259.13,259.34,258.8,258.8,30400
2016-02-16 13:45:00,259.0,259.07,257.48,257.86,16039
2016-02-16 14:00:00,257.86,258.9699,257.48,258.72,43074
2016-02-16 14:15:00,258.7997,259.49,258.34,258.8824,17856
2016-02-16 14:30:00,258.92,259.13,258.3025,258.89,29556
2016-02-16 14:45:00,258.78,259.04,257.41,257.76,36299
2016-02-16 15:00:00,257.7308,257.97,257.455,257.65,17565
2016-02-16 15:15:00,257.57,257.81,256.38,256.7,26791
2016-02-16 15:30:00,256.68,256.97,256.09,256.34,35787
2016-02-16 15:45:00,256.35,256.38,255.34,255.49,47711
2016-02-16 16:00:00,255.41,255.79,255.01,255.76,157457
2016-02-17 09:45:00,257.91,260.0,257.12,258.13,51967
2016-02-17 10:00:00,258.12,259.65,257.92,258.61,31818
2016-02-17 10:15:00,258.84,259.3,258.225,258.9399,37056
2016-02-17 10:30:00,258.94,260.03,258.62,259.97,23740
2016-02-17 10:45:00,259.455,259.6433,257.405,257.6,32291
2016-02-17 11:00:00,257.74,257.7858,256.16,256.42,23126
2016-02-17 11:15:00,256.41,256.69,255.12,255.38,46393
2016-02-17 11:30:00,255.38,255.38,254.08,254.54,26537
2016-02-17 11:45:00,254.45,254.85,254.05,254.475,33265
2016-02-17 12:00:00,254.4825,254.4825,251.74,252.2942,39878
2016-02-17 12:15:00,252.25,253.205,251.84,253.105,19031
2016-02-17 12:30:00,253.03,253.04,251.95,252.9299,54991
2016-02-17 12:45:00,252.945,253.99,252.78,253.53,14306
2016-02-17 13:00:00,253.28,254.53,253.16,253.78,17386
2016-02-17 13:15:00,253.86,254.48,253.59,253.91,13664
2016-02-17 13:30:00,254.13,254.35,253.6,253.6,14089
2016-02-17 13:45:00,253.7,254.21,253.7,254.09,10358
2016-02-17 14:00:00,254.06,254.16,253.32,253.43,28330
2016-02-17 14:15:00,253.515,254.82,253.11,254.71,15628
2016-02-17 14:30:00,254.69,256.0,254.62,254.86,43364
2016-02-17 14:45:00,254.79,255.42,254.61,255.02,37093
2016-02-17 15:00:00,254.97,255.2861,253.65,254.02,24343
2016-02-17 15:15:00,254.0,254.66,253.91,254.01,25612
2016-02-17 15:30:00,254.12,254.26,253.35,253.93,30935
2016-02-17 15:45:00,253.9,254.66,253.57,254.42,33461
2016-02-17 16:00:00,254.365,254.81,254.01,254.62,75335
2016-02-18 09:45:00,254.5,254.5,251.55,253.87599999999998,30484
2016-02-18 10:00:00,253.7,254.01,251.9,253.63,26927
2016-02-18 10:15:00,253.71,254.62,252.895,254.17,15756
2016-02-18 10:30:00,254.2,254.435,253.57,253.68,9430
2016-02-18 10:45:00,253.65,253.65,251.88,252.24,62394
2016-02-18 11:00:00,252.31,252.65,251.51,252.21,28770
2016-02-18 11:15:00,252.16,253.47,251.71,253.47,21261
2016-02-18 11:30:00,253.32,253.8,252.84,253.715,9841
2016-02-18 11:45:00,253.51,254.31,253.29,253.8,9445
2016-02-18 12:00:00,253.84,254.755,253.57,254.755,7315
2016-02-18 12:15:00,254.67,255.05,253.77,253.81,10743
2016-02-18 12:30:00,253.915,254.5485,253.895,254.32,14338
2016-02-18 12:45:00,254.375,254.65,254.11,254.4,11335
2016-02-18 13:00:00,254.25,254.74,253.85,253.89,10577
2016-02-18 13:15:00,254.03,254.53,253.98,254.105,8678
2016-02-18 13:30:00,253.83,253.98,253.57,253.765,6125
2016-02-18 13:45:00,253.8,254.24,253.63,253.88,5662
2016-02-18 14:00:00,253.58,254.58,253.58,254.47,9350
2016-02-18 14:15:00,254.46,255.02,254.36,254.58,13639
2016-02-18 14:30:00,254.53,255.32,254.42,255.175,15085
2016-02-18 14:45:00,255.175,255.72,255.07,255.29,11140
2016-02-18 15:00:00,255.28,255.365,254.38,254.8575,17296
2016-02-18 15:15:00,254.87,255.05,253.75,253.75,10882
2016-02-18 15:30:00,253.84,254.07,253.27,253.565,14318
2016-02-18 15:45:00,253.41,253.9,253.07,253.21,45571
2016-02-18 16:00:00,253.21,253.53,252.62,253.42,61021
2016-02-19 09:45:00,252.76,254.19,249.04,249.325,75968
2016-02-19 10:00:00,249.99,252.53,249.99,251.53,19400
2016-02-19 10:15:00,251.5472,253.77,250.8,253.77,24879
2016-02-19 10:30:00,253.81,255.48,253.76,255.48,27454
2016-02-19 10:45:00,255.22,256.48,254.8,255.015,27610
2016-02-19 11:00:00,255.27,257.215,255.2346,256.8125,25539
2016-02-19 11:15:00,256.55,257.84,256.41,257.53,23932
2016-02-19 11:30:00,257.492,258.75,257.27,258.75,20360
2016-02-19 11:45:00,258.68,259.55,258.43,259.16,75679
2016-02-19 12:00:00,259.16,259.16,257.7629,258.045,16779
2016-02-19 12:15:00,258.25,258.96,257.26,258.38,57718
2016-02-19 12:30:00,258.36,258.36,257.04,257.04,11869
2016-02-19 12:45:00,257.155,258.08,257.06,257.98,9994
2016-02-19 13:00:00,258.0,258.17,257.17,257.3773,5242
2016-02-19 13:15:00,257.52,257.89,257.11400000000003,257.13,8341
2016-02-19 13:30:00,257.34,257.88,257.08,257.43,14206
2016-02-19 13:45:00,257.73,257.835,256.97,256.97,12795
2016-02-19 14:00:00,256.76,257.5514,256.7,257.5514,8749
2016-02-19 14:15:00,257.63,257.67,257.04,257.36,15008
2016-02-19 14:30:00,257.24,257.91,256.95,256.95,20565
2016-02-19 14:45:00,257.12,257.34,256.54,256.74,7199
2016-02-19 15:00:00,256.91,257.22,256.53,256.71,19030
2016-02-19 15:15:00,256.67,257.38,256.63,257.32,19774
2016-02-19 15:30:00,257.24,257.68,256.95,257.26,22078
2016-02-19 15:45:00,257.4157,258.03,256.97,258.03,25738
2016-02-19 16:00:00,257.83,257.95,257.44,257.79,31650
2016-02-22 09:45:00,259.26,261.74,259.01,261.045,27511
2016-02-22 10:00:00,261.12,261.41,258.52,258.79400000000004,25742
2016-02-22 10:15:00,259.09,259.66,258.52,258.99,10581
2016-02-22 10:30:00,258.64,259.0999,258.22,258.25,9327
2016-02-22 10:45:00,258.545,259.07,258.382,258.6769,5220
2016-02-22 11:00:00,258.9,259.07,258.06,258.37,5356
2016-02-22 11:15:00,258.47,258.47,257.68,258.02,10613
2016-02-22 11:30:00,258.46,259.0,257.85,258.95,11970
2016-02-22 11:45:00,258.85,258.92,258.35,258.5,7922
2016-02-22 12:00:00,258.4702,259.07,258.4,258.58,9022
2016-02-22 12:15:00,258.6,258.64,258.11,258.15,8407
2016-02-22 12:30:00,258.13,258.61,257.87,258.61,21497
2016-02-22 12:45:00,258.52,259.6099,258.33,259.33,20963
2016-02-22 13:00:00,259.27,259.27,258.49,258.49,20477
2016-02-22 13:15:00,258.645,259.2,258.51,258.67,27656
2016-02-22 13:30:00,258.795,259.12,258.6,259.12,6982
2016-02-22 13:45:00,259.22,259.68,259.07,259.58,14758
2016-02-22 14:00:00,259.64,259.84,259.52,259.76,6003
2016-02-22 14:15:00,259.76,259.76,258.98,259.09,9653
2016-02-22 14:30:00,259.36,259.85,258.75,259.46,44464
2016-02-22 14:45:00,259.45,259.66,259.08,259.65,9587
2016-02-22 15:00:00,259.7,259.9,259.37,259.704,11097
2016-02-22 15:15:00,259.76,259.89,259.16,259.44,15018
2016-02-22 15:30:00,259.38,259.39,259.08,259.14,18522
2016-02-22 15:45:00,259.33,259.585,259.15,259.29,16288
2016-02-22 16:00:00,259.29,259.58,259.21,259.54,42359
2016-02-23 09:45:00,258.76,260.75,258.26,259.8764,34586
2016-02-23 10:00:00,259.52,259.97,258.13,258.13,28550
2016-02-23 10:15:00,258.31,258.67,256.23,256.55,15781
2016-02-23 10:30:00,256.315,258.96,256.295,257.47,12780
2016-02-23 10:45:00,257.47,257.79,256.55,256.95,24849
2016-02-23 11:00:00,256.95,256.95,256.23,256.71,15533
2016-02-23 11:15:00,256.69,257.32,256.41,256.665,11795
2016-02-23 11:30:00,256.57,256.79,255.9,256.51,19545
2016-02-23 11:45:00,256.43,258.43,255.83,258.43,10058
2016-02-23 12:00:00,258.1782,258.9656,257.82,258.48,11625
2016-02-23 12:15:00,258.39,258.81,257.95,258.61,12574
2016-02-23 12:30:00,258.595,258.78,257.74,258.78,7832
2016-02-23 12:45:00,258.83,259.3,258.32,259.22,25042
2016-02-23 13:00:00,259.21,259.74,259.13,259.5401,9373
2016-02-23 13:15:00,259.67,260.0,259.09,259.67,18564
2016-02-23 13:30:00,259.72,259.99,259.32,259.9,12542
2016-02-23 13:45:00,259.89,260.0,259.51,259.815,18976
2016-02-23 14:00:00,259.81,260.08,259.47,259.91,48853
2016-02-23 14:15:00,259.93,260.43,259.39,260.43,36745
2016-02-23 14:30:00,260.34,260.5,259.97,260.0,23311
2016-02-23 14:45:00,260.0,260.17,259.54,259.9,25376
2016-02-23 15:00:00,259.96,260.15,259.76,259.96,24964
2016-02-23 15:15:00,259.92,260.0,259.66,259.84,23709
2016-02-23 15:30:00,259.69,260.02,259.69,259.76,24225
2016-02-23 15:45:00,259.78,260.44,259.49,259.69,41358
2016-02-23 16:00:00,259.545,259.68,258.45,258.78,71274
2016-02-24 09:45:00,256.33,258.75,255.0,257.82,19753
2016-02-24 10:00:00,257.395,258.6,255.3,257.24,29337
2016-02-24 10:15:00,256.89,258.47,256.7025,258.09,13713
2016-02-24 10:30:00,258.44,259.0,257.59,258.67,20056
2016-02-24 10:45:00,258.67,259.0,256.5101,258.33,24882
2016-02-24 11:00:00,258.3,259.375,258.05,258.49,11443
2016-02-24 11:15:00,258.49,259.37,258.12,258.96,12997
2016-02-24 11:30:00,258.82,258.99,258.17,258.99,5982
2016-02-24 11:45:00,258.33,259.34,258.33,259.08,9634
2016-02-24 12:00:00,259.7273,259.99,259.195,259.84,4289
2016-02-24 12:15:00,259.6595,260.37,258.97,259.11,17517
2016-02-24 12:30:00,258.92,259.49,257.68,257.825,10703
2016-02-24 12:45:00,257.9,258.27,257.55,257.82,18570
2016-02-24 13:00:00,257.87,258.03,257.535,257.97,6293
2016-02-24 13:15:00,258.07,259.27,257.94,258.68,22816
2016-02-24 13:30:00,258.71,259.73,258.43,259.6,15845
2016-02-24 13:45:00,259.32,260.21,259.219,259.985,12796
2016-02-24 14:00:00,259.9,260.105,259.56,259.715,7757
2016-02-24 14:15:00,259.89,260.25,259.625,260.16,36729
2016-02-24 14:30:00,260.35,261.66,260.116,261.37,21175
2016-02-24 14:45:00,261.42,261.585,260.97,261.4,17431
2016-02-24 15:00:00,261.045,261.6,260.7625,261.0,13904
2016-02-24 15:15:00,261.13,262.5,261.03,262.5,22122
2016-02-24 15:30:00,262.39,263.81,262.39,263.52,23070
2016-02-24 15:45:00,263.47,263.745,263.12,263.2825,41613
2016-02-24 16:00:00,263.34,264.1,263.01,263.77,117975
2016-02-25 09:45:00,264.77,267.78,263.2381,263.71,39812
2016-02-25 10:00:00,263.965,264.61,263.52,264.48,23568
2016-02-25 10:15:00,264.286,265.14,264.25,264.76,17180
2016-02-25 10:30:00,264.77,265.63,264.56,265.08,16681
2016-02-25 10:45:00,264.83,265.01,263.91,264.275,16273
2016-02-25 11:00:00,264.0,264.44,263.5015,263.57,11861
2016-02-25 11:15:00,263.72,264.625,263.6,264.32,15251
2016-02-25 11:30:00,264.45,264.68,263.99,264.375,6864
2016-02-25 11:45:00,264.58,264.71,262.905,263.27,6596
2016-02-25 12:00:00,263.28,264.07,263.27,263.83,10953
2016-02-25 12:15:00,263.8247,264.49,263.7,264.49,11454
2016-02-25 12:30:00,264.42,264.6,263.97,264.46,21052
2016-02-25 12:45:00,264.135,264.33,263.825,264.25,7538
2016-02-25 13:00:00,264.3699,265.05,264.18,264.75,10265
2016-02-25 13:15:00,264.65,265.22,264.42,265.2,46999
2016-02-25 13:30:00,265.38,265.83,265.0,265.1823,36001
2016-02-25 13:45:00,265.3076,266.13,265.17,265.975,16066
2016-02-25 14:00:00,266.07,266.49,266.02,266.11,12317
2016-02-25 14:15:00,266.0282,266.09,265.45,266.09,9921
2016-02-25 14:30:00,266.01,266.65,266.01,266.38,9516
2016-02-25 14:45:00,266.215,266.76,265.63,265.65,44554
2016-02-25 15:00:00,265.74,266.02,265.21,265.59,36379
2016-02-25 15:15:00,265.51,266.54,265.41,266.3736,16703
2016-02-25 15:30:00,266.55,266.5864,266.2,266.36,35410
2016-02-25 15:45:00,266.36,266.99,266.0,266.92,27961
2016-02-25 16:00:00,266.94,267.47,266.77,267.27,46697
2016-02-26 09:45:00,268.87,269.0,264.15,264.73,28614
2016-02-26 10:00:00,264.16,265.6,263.27,264.32,20523
2016-02-26 10:15:00,264.22,265.39,263.5,265.0,19154
2016-02-26 10:30:00,265.22,265.77,264.6,265.41,10322
2016-02-26 10:45:00,265.38,266.52,264.99,265.25,50219
2016-02-26 11:00:00,265.4,265.84,264.66,264.93,48233
2016-02-26 11:15:00,264.7,265.63,263.94,264.32,11743
2016-02-26 11:30:00,264.115,264.55,263.83,263.96,23570
2016-02-26 11:45:00,263.81,263.88,263.05,263.5,20460
2016-02-26 12:00:00,263.5,264.415,263.29,264.2,12684
2016-02-26 12:15:00,263.96,263.96,262.13,262.13,19158
2016-02-26 12:30:00,262.08,263.0,262.08,262.54,8613
2016-02-26 12:45:00,262.74,262.95,261.55,261.55,23807
2016-02-26 13:00:00,261.87,262.76,261.54,262.76,12753
2016-02-26 13:15:00,262.75,262.75,261.93,262.12,22952
2016-02-26 13:30:00,262.02,262.49,261.595,261.93,18760
2016-02-26 13:45:00,262.1,262.95,261.82,262.75,19759
2016-02-26 14:00:00,262.39,262.87,261.94,262.325,31398
2016-02-26 14:15:00,262.31,262.83,261.97,262.44,20287
2016-02-26 14:30:00,262.44,263.23,262.26,263.02,23336
2016-02-26 14:45:00,262.89,263.3,262.11,262.245,20536
2016-02-26 15:00:00,262.12,262.5199,262.1,262.1,9295
2016-02-26 15:15:00,262.05,263.2999,261.83,263.14,17014
2016-02-26 15:30:00,263.27,263.27,262.59,262.75,10031
2016-02-26 15:45:00,262.762,263.0385,262.1134,262.48,29045
2016-02-26 16:00:00,262.67,263.23,262.61,262.93,40528
2016-02-29 09:45:00,262.06,263.85,261.08,261.538,20629
2016-02-29 10:00:00,261.05,262.71,261.05,261.47,21003
2016-02-29 10:15:00,261.47,261.47,260.12,260.32,14932
2016-02-29 10:30:00,261.05,261.05,259.82,260.23,8171
2016-02-29 10:45:00,260.23,261.77,260.23,261.34,20670
2016-02-29 11:00:00,261.5,262.53,261.29,262.06,10666
2016-02-29 11:15:00,262.11,263.01,261.97,263.01,24105
2016-02-29 11:30:00,262.9902,263.1,262.07,262.25,21741
2016-02-29 11:45:00,262.19,263.94,262.19,263.22,4928
2016-02-29 12:00:00,263.5,263.97,263.02,263.91,38796
2016-02-29 12:15:00,263.71,264.49,263.65,264.455,32337
2016-02-29 12:30:00,264.58,264.78,263.94,264.35,15388
2016-02-29 12:45:00,264.35,264.63,263.0,263.6,21871
2016-02-29 13:00:00,263.7,263.89,263.04,263.45,25723
2016-02-29 13:15:00,263.5,263.75,262.89,263.18,15937
2016-02-29 13:30:00,263.15,263.73,262.775,262.91,7548
2016-02-29 13:45:00,262.64,262.86,261.91,262.125,25421
2016-02-29 14:00:00,262.22,262.89,262.17,262.77,7120
2016-02-29 14:15:00,262.82,263.02,262.04,262.82,34394
2016-02-29 14:30:00,262.51,262.73,261.295,262.17,16150
2016-02-29 14:45:00,262.13,262.315,261.28,261.868,18518
2016-02-29 15:00:00,261.73,262.04,261.56,261.66,14696
2016-02-29 15:15:00,261.75,261.805,261.23,261.4,16140
2016-02-29 15:30:00,261.433,261.95,261.13,261.95,18589
2016-02-29 15:45:00,262.04,262.21,261.4369,261.73,12789
2016-02-29 16:00:00,261.61,261.65,260.21,260.32,56604
2016-03-01 09:45:00,263.18,266.23,261.635,261.635,56190
2016-03-01 10:00:00,262.13,265.2852,262.045,264.88,46455
2016-03-01 10:15:00,264.95,266.6847,264.21,264.965,56583
2016-03-01 10:30:00,264.95,266.93,264.738,266.34,26459
2016-03-01 10:45:00,266.575,266.6899,265.5,265.7033,49937
2016-03-01 11:00:00,265.55,266.93,265.27,266.7,17055
2016-03-01 11:15:00,266.5,267.28,266.21,266.53,43927
2016-03-01 11:30:00,266.52,267.73,266.49,266.89,78130
2016-03-01 11:45:00,266.87,267.28,266.35,267.0,10457
2016-03-01 12:00:00,266.86,267.63,266.48,267.48,21859
2016-03-01 12:15:00,267.3,268.45,267.14,267.75,70252
2016-03-01 12:30:00,267.58,268.09,267.42,267.78,32185
2016-03-01 12:45:00,267.77,268.13,267.4,268.05,35095
2016-03-01 13:00:00,268.03,268.5,267.91,268.0,30551
2016-03-01 13:15:00,267.86,268.49,267.5901,268.325,20216
2016-03-01 13:30:00,268.47,268.926,268.21,268.8056,31052
2016-03-01 13:45:00,268.825,269.19,268.525,268.893,22301
2016-03-01 14:00:00,268.92,269.57,268.8376,269.56,25061
2016-03-01 14:15:00,269.58,269.97,269.56,269.795,13008
2016-03-01 14:30:00,269.64,270.25,269.55,270.2497,29536
2016-03-01 14:45:00,270.28,270.54,269.94,270.54,17813
2016-03-01 15:00:00,270.54,270.94,270.42,270.9,23038
2016-03-01 15:15:00,270.9,271.85,270.7401,271.83,40429
2016-03-01 15:30:00,271.62,272.04,271.59,272.0,31838
2016-03-01 15:45:00,271.99,272.05,271.31,271.575,41333
2016-03-01 16:00:00,271.71,272.22,271.43,272.22,104705
2016-03-02 09:45:00,271.56,272.25,269.99,270.03,160680
2016-03-02 10:00:00,270.11,270.16,267.2135,268.91,28134
2016-03-02 10:15:00,268.89,271.68,268.52,271.4399,13485
2016-03-02 10:30:00,271.42,271.43,270.72,271.42,22655
2016-03-02 10:45:00,271.25,271.8,270.87,271.53,27143
2016-03-02 11:00:00,271.41,271.47,270.25,270.55,10316
2016-03-02 11:15:00,270.55,270.96,270.22,270.84,11695
2016-03-02 11:30:00,270.85,270.98,269.99,270.23,14959
2016-03-02 11:45:00,270.23,270.61,270.14,270.51,14375
2016-03-02 12:00:00,270.455,270.455,269.89,269.97,24955
2016-03-02 12:15:00,269.79,270.03,269.3125,270.01,7556
2016-03-02 12:30:00,269.915,270.36,269.5,269.55,16635
2016-03-02 12:45:00,269.515,270.04,269.515,269.93,12040
2016-03-02 13:00:00,269.93,270.26,268.64,268.75,59292
2016-03-02 13:15:00,268.82,269.06,268.56,269.06,7508
2016-03-02 13:30:00,269.04,269.39,268.82,269.39,9627
2016-03-02 13:45:00,269.29,269.38,268.42,268.6,20105
2016-03-02 14:00:00,268.63,268.71,268.113,268.3,42614
2016-03-02 14:15:00,268.22,268.35,267.69,267.71,46299
2016-03-02 14:30:00,267.71,268.12,267.4816,267.9,16429
2016-03-02 14:45:00,267.95,268.01,267.63,267.88,10421
2016-03-02 15:00:00,267.8962,268.05,267.71,267.85,14566
2016-03-02 15:15:00,267.92,268.1594,267.66,268.1594,17382
2016-03-02 15:30:00,268.31,269.06,268.216,268.7766,14263
2016-03-02 15:45:00,268.64,268.9,268.11,268.74,24844
2016-03-02 16:00:00,268.75,269.96,268.47,269.55,79896
2016-03-03 09:45:00,266.51,268.59,265.1101,268.59,199887
2016-03-03 10:00:00,268.93,270.76,267.9,268.116,70817
2016-03-03 10:15:00,268.2,269.23,267.94,267.94,22159
2016-03-03 10:30:00,267.83,269.22,267.53,269.0628,20936
2016-03-03 10:45:00,269.27,269.34,269.02,269.23,19199
2016-03-03 11:00:00,269.39,270.37,269.36,269.95,23098
2016-03-03 11:15:00,269.9,269.9236,268.39,268.615,47633
2016-03-03 11:30:00,268.56,268.89,268.17,268.17,15759
2016-03-03 11:45:00,268.09,268.17,267.55,267.77,14609
2016-03-03 12:00:00,267.76,268.92,267.74,268.79,18415
2016-03-03 12:15:00,268.78,269.2785,268.56,268.64,19872
2016-03-03 12:30:00,268.68,268.77,268.46,268.6,11387
2016-03-03 12:45:00,268.6,269.58,268.6,269.5564,13379
2016-03-03 13:00:00,269.4,269.49,268.89,269.49,28174
2016-03-03 13:15:00,269.3609,269.54,269.01,269.01,17400
2016-03-03 13:30:00,269.1064,269.44,268.96,269.42,10249
2016-03-03 13:45:00,269.41,269.64,268.95,269.005,32492
2016-03-03 14:00:00,269.005,269.2,268.48,268.75,22434
2016-03-03 14:15:00,268.69,268.69,267.3,268.11,16000
2016-03-03 14:30:00,267.99,268.67,267.57,268.06,57126
2016-03-03 14:45:00,268.31,268.39,267.18,267.56,37818
2016-03-03 15:00:00,267.55,267.76,267.0,267.01,15373
2016-03-03 15:15:00,267.02,267.49,266.56,266.56,22140
2016-03-03 15:30:00,266.64,267.09,266.1,267.06,29131
2016-03-03 15:45:00,267.07,267.75,266.86,267.54,30283
2016-03-03 16:00:00,267.53,268.14,267.52,267.94,55992
2016-03-04 09:45:00,268.41,268.99,265.29,267.14,24054
2016-03-04 10:00:00,267.18,267.6129,265.15,265.62,13930
2016-03-04 10:15:00,266.38,266.45,265.545,266.18,66024
2016-03-04 10:30:00,265.86,266.8099,265.31,266.8099,14914
2016-03-04 10:45:00,266.81,267.03,265.26,265.49,22926
2016-03-04 11:00:00,265.65,265.87,265.21,265.26,22901
2016-03-04 11:15:00,265.35,265.91,264.76,264.92,59260
2016-03-04 11:30:00,265.11,266.2,265.01,265.31,36507
2016-03-04 11:45:00,265.225,265.5,264.3866,264.4101,20565
2016-03-04 12:00:00,264.44,265.29,264.44,264.74,13599
2016-03-04 12:15:00,264.7501,265.5,264.67,264.67,63342
2016-03-04 12:30:00,264.67,264.815,263.21,263.7829,17106
2016-03-04 12:45:00,263.63,264.7263,263.12,263.8,44832
2016-03-04 13:00:00,263.54,264.92,263.01,263.94,61390
2016-03-04 13:15:00,264.06,264.76,263.7,264.0,18774
2016-03-04 13:30:00,264.0,265.0,263.65,264.4,32542
2016-03-04 13:45:00,264.65,265.2,264.2,265.03,21816
2016-03-04 14:00:00,265.11,265.6,264.93,264.99,29360
2016-03-04 14:15:00,265.06,265.1399,263.9,264.29,49262
2016-03-04 14:30:00,264.3975,264.3975,263.41,263.7,14390
2016-03-04 14:45:00,263.71,264.2,263.565,264.05,34974
2016-03-04 15:00:00,264.01,264.27,263.65,263.85,33468
2016-03-04 15:15:00,263.86,264.03,263.59,263.99,37577
2016-03-04 15:30:00,263.875,265.09,263.86,265.09,63140
2016-03-04 15:45:00,265.03,265.78,264.93,265.47,16733
2016-03-04 16:00:00,265.43,265.49,265.01,265.31,41996
2016-03-07 09:45:00,263.98,264.62,262.7,263.52,26549
2016-03-07 10:00:00,263.52,264.855,262.72,264.2937,71559
2016-03-07 10:15:00,264.48,264.64,263.165,264.0,94742
2016-03-07 10:30:00,264.0803,265.0,263.9213,264.02,11704
2016-03-07 10:45:00,264.38,264.95,264.1,264.877,21385
2016-03-07 11:00:00,264.89,265.0,264.48,264.75,12117
2016-03-07 11:15:00,264.6837,264.8895,263.57,263.92,40257
2016-03-07 11:30:00,263.83,264.99,263.83,264.78,19391
2016-03-07 11:45:00,264.84,265.26,264.15,265.08,6819
2016-03-07 12:00:00,265.3,265.57,264.34,264.49,6449
2016-03-07 12:15:00,264.75,265.23,264.26,264.54,8816
2016-03-07 12:30:00,264.45,264.68,264.44,264.64,2800
2016-03-07 12:45:00,264.66,265.49,264.55,265.19,5759
2016-03-07 13:00:00,265.08,265.14,264.32,264.38,3925
2016-03-07 13:15:00,264.66,265.12,264.53,264.88,4975
2016-03-07 13:30:00,265.0,265.32,264.05,264.21,6250
2016-03-07 13:45:00,264.13599999999997,264.13599999999997,262.98,263.38,29560
2016-03-07 14:00:00,263.27,263.53,262.91,263.17,5751
2016-03-07 14:15:00,263.15,263.3,262.06,262.695,30530
2016-03-07 14:30:00,262.79,262.92,262.25,262.42,26017
2016-03-07 14:45:00,262.37,262.4,261.226,261.39,12005
2016-03-07 15:00:00,261.4,261.77,261.28,261.55,12139
2016-03-07 15:15:00,261.52,261.75,260.93,261.56,9855
2016-03-07 15:30:00,261.69,262.37,261.58,262.04,54301
2016-03-07 15:45:00,262.0,263.21,262.0,262.15,20521
2016-03-07 16:00:00,262.15,262.19,261.43,262.01,58039
2016-03-08 09:45:00,260.25,261.23,258.55,259.65,131708
2016-03-08 10:00:00,259.52,264.33,259.2,264.19,163568
2016-03-08 10:15:00,264.08,265.02,263.8,264.15,33090
2016-03-08 10:30:00,264.18,265.38,264.025,264.94,31640
2016-03-08 10:45:00,265.0895,266.64,264.51,266.45,51040
2016-03-08 11:00:00,266.175,267.69,266.05,267.095,28293
2016-03-08 11:15:00,267.1,267.815,266.6401,267.19,44596
2016-03-08 11:30:00,267.07,267.5592,266.5,267.01,47059
2016-03-08 11:45:00,267.1,268.26,267.1,268.0,33963
2016-03-08 12:00:00,268.0,268.23,267.22,267.22,24085
2016-03-08 12:15:00,267.1045,267.89,267.02,267.58,14033
2016-03-08 12:30:00,267.7,268.26,267.4201,267.71,13187
2016-03-08 12:45:00,267.62,268.1767,266.85,267.28,35216
2016-03-08 13:00:00,267.27,267.34,266.66,267.3,10131
2016-03-08 13:15:00,267.3,267.88,267.18,267.74,10775
2016-03-08 13:30:00,267.87,267.94,267.2601,267.84,17146
2016-03-08 13:45:00,267.62,268.05,266.67,266.72,20800
2016-03-08 14:00:00,266.6465,266.8,266.28,266.58,9507
2016-03-08 14:15:00,266.57,267.22,265.94,267.1,14289
2016-03-08 14:30:00,267.2,267.21,266.295,266.32,21078
2016-03-08 14:45:00,266.58,266.58,265.52,265.95,49795
2016-03-08 15:00:00,266.19,266.35,265.52,266.01,22701
2016-03-08 15:15:00,265.91,266.56,265.83,266.3,22614
2016-03-08 15:30:00,266.35,266.7,265.85400000000004,265.85400000000004,20390
2016-03-08 15:45:00,265.79,266.05,265.48,265.67,18424
2016-03-08 16:00:00,265.69,266.04,264.513,264.81,97791
2016-03-09 09:45:00,265.27,266.97,263.41,265.15,27388
2016-03-09 10:00:00,265.56,266.47,264.23,265.25,14788
2016-03-09 10:15:00,265.24,265.45,263.92,264.89,12086
2016-03-09 10:30:00,265.0,265.51,264.67,265.01,27129
2016-03-09 10:45:00,265.05,265.65,264.81,265.16,12489
2016-03-09 11:00:00,265.155,265.155,263.24,263.455,9531
2016-03-09 11:15:00,263.14,264.5,263.14,263.48,22438
2016-03-09 11:30:00,263.56,264.05,263.0,263.21,23118
2016-03-09 11:45:00,263.37,264.25,263.23,263.76,26714
2016-03-09 12:00:00,263.74,264.37,263.57,263.835,19996
2016-03-09 12:15:00,263.87,264.405,263.68,263.81,16835
2016-03-09 12:30:00,263.9,263.91,263.575,263.575,4817
2016-03-09 12:45:00,263.785,263.785,263.26,263.37,9112
2016-03-09 13:00:00,263.26,263.42,262.76,263.01,20782
2016-03-09 13:15:00,262.86,263.38,262.86,263.0,16586
2016-03-09 13:30:00,262.89,263.23,262.71,262.89,21668
2016-03-09 13:45:00,262.825,263.33,262.8,263.15,21968
2016-03-09 14:00:00,263.07,263.99,263.06,263.89,12016
2016-03-09 14:15:00,263.51,263.86,263.51,263.735,8250
2016-03-09 14:30:00,263.764,264.02,263.51,263.62,13688
2016-03-09 14:45:00,263.7,263.74,263.24,263.45,10171
2016-03-09 15:00:00,263.53,264.19,263.36,264.15,20656
2016-03-09 15:15:00,264.22,264.38,263.54,263.5844,20150
2016-03-09 15:30:00,263.6,264.24,263.59,264.23,20503
2016-03-09 15:45:00,264.23,264.77,264.23,264.77,30573
2016-03-09 16:00:00,264.61,264.85,263.895,264.78,64060
2016-03-10 09:45:00,264.77,265.53,263.87,264.38,35903
2016-03-10 10:00:00,264.21,266.0,264.09,265.71,13032
2016-03-10 10:15:00,265.19,266.35,265.13,265.13,11381
2016-03-10 10:30:00,265.13,266.18,265.13,265.245,11822
2016-03-10 10:45:00,265.444,265.8,264.77,265.6951,16187
2016-03-10 11:00:00,265.72,267.0,265.72,266.45,33128
2016-03-10 11:15:00,266.22,266.22,264.79,265.235,4097
2016-03-10 11:30:00,265.245,265.82,264.61,265.5,14400
2016-03-10 11:45:00,265.6249,266.22,264.625,266.17,7836
2016-03-10 12:00:00,266.18,266.36,265.45,265.45,26129
2016-03-10 12:15:00,265.35,266.455,265.225,265.5,24967
2016-03-10 12:30:00,265.62,266.2,264.99,265.7,18637
2016-03-10 12:45:00,266.13,266.13,264.5,264.51,11783
2016-03-10 13:00:00,264.75,265.8,264.72,265.35,25581
2016-03-10 13:15:00,265.31,265.9,264.18,264.41,15961
2016-03-10 13:30:00,264.89,265.7,264.7,265.4,17376
2016-03-10 13:45:00,265.475,265.78,264.76,265.13,7190
2016-03-10 14:00:00,265.25,265.812,265.05,265.48,6653
2016-03-10 14:15:00,265.59,266.1599,265.44,266.1,5598
2016-03-10 14:30:00,266.2,266.94,265.62,266.4,7105
2016-03-10 14:45:00,266.57,267.0288,266.175,266.9,9722
2016-03-10 15:00:00,266.9514,267.97,266.8805,267.87,17663
2016-03-10 15:15:00,267.725,267.725,266.94,267.59,12856
2016-03-10 15:30:00,267.93,268.46,267.42,268.44,14242
2016-03-10 15:45:00,268.31,268.59,267.765,268.0,17898
2016-03-10 16:00:00,267.92,268.24,267.74,268.13,44437
2016-03-11 09:45:00,270.1,270.559,268.28,269.02,23219
2016-03-11 10:00:00,269.18,269.95,269.01,269.64,50546
2016-03-11 10:15:00,269.7,270.55,269.3,270.46,20660
2016-03-11 10:30:00,270.49,270.75,270.0,270.4,8958
2016-03-11 10:45:00,270.7,271.92,270.7,271.685,106786
2016-03-11 11:00:00,271.74,271.96,270.89,271.49,74714
2016-03-11 11:15:00,271.2,272.29,271.2,271.865,19821
2016-03-11 11:30:00,271.795,271.8649,271.03,271.34,11006
2016-03-11 11:45:00,271.29,271.38,270.77,270.98,11432
2016-03-11 12:00:00,271.06,271.2497,270.275,270.56,8694
2016-03-11 12:15:00,270.61,271.11,270.51,271.03,15460
2016-03-11 12:30:00,271.08,271.38,270.78,271.3,15692
2016-03-11 12:45:00,271.13,271.32,270.65,271.09,15208
2016-03-11 13:00:00,271.12,271.35,270.96,271.14,10143
2016-03-11 13:15:00,271.025,271.16,270.43,270.51,8819
2016-03-11 13:30:00,270.37,270.37,269.99,270.155,9033
2016-03-11 13:45:00,270.12,270.263,270.04,270.19,6595
2016-03-11 14:00:00,270.07,270.6572,269.99,270.6572,9409
2016-03-11 14:15:00,270.72,270.86,270.5,270.57,10607
2016-03-11 14:30:00,270.44,270.93,270.44,270.72,9517
2016-03-11 14:45:00,270.73,271.03,270.69,270.81,14262
2016-03-11 15:00:00,270.85,271.0699,270.58799999999997,270.82,9083
2016-03-11 15:15:00,270.74,271.39,270.55,271.276,12627
2016-03-11 15:30:00,271.27,272.2,271.06,272.08,22231
2016-03-11 15:45:00,271.97,272.12,271.42,272.03,12543
2016-03-11 16:00:00,272.08,272.26,271.84,272.21,60298
2016-03-14 09:45:00,271.87,273.28,270.42,272.65,46264
2016-03-14 10:00:00,272.5891,272.5891,270.846,271.35,6745
2016-03-14 10:15:00,271.47,272.12,270.79,271.005,21484
2016-03-14 10:30:00,270.97,271.601,270.725,270.92,13633
2016-03-14 10:45:00,270.92,271.63,270.775,271.5897,17869
2016-03-14 11:00:00,271.7171,271.72900000000004,271.08,271.41,15651
2016-03-14 11:15:00,271.22,271.3,270.49,270.9525,14142
2016-03-14 11:30:00,271.1199,271.405,270.8,271.07,13554
2016-03-14 11:45:00,270.9962,271.45,270.9,271.13,16327
2016-03-14 12:00:00,271.1393,271.49,270.8199,271.19,6939
2016-03-14 12:15:00,271.09,271.3499,270.92,271.13,6459
2016-03-14 12:30:00,271.31,271.8787,271.24,271.8,9979
2016-03-14 12:45:00,271.75,272.25,271.72,272.25,21687
2016-03-14 13:00:00,272.2203,272.31,271.84,271.84,9182
2016-03-14 13:15:00,271.83,271.875,271.54,271.6,8495
2016-03-14 13:30:00,271.5,271.69,271.32,271.32,8807
2016-03-14 13:45:00,271.44,271.91,271.24,271.91,7791
2016-03-14 14:00:00,271.845,272.07,271.59,271.78,8066
2016-03-14 14:15:00,271.7,271.7,271.31,271.5225,6758
2016-03-14 14:30:00,271.45,271.54,271.0401,271.53,7420
2016-03-14 14:45:00,271.51,271.65,271.35,271.42,7216
2016-03-14 15:00:00,271.6045,272.335,271.37,272.07,27257
2016-03-14 15:15:00,272.0,272.0,271.59,271.88,10236
2016-03-14 15:30:00,271.9,272.15,271.52,271.93,5130
2016-03-14 15:45:00,271.94,272.04,271.42,271.75,9115
2016-03-14 16:00:00,271.77,272.07,271.57,271.62,37942
2016-03-15 09:45:00,270.66,272.71,270.15,272.285,14544
2016-03-15 10:00:00,272.49,273.462,272.29,272.80400000000003,11482
2016-03-15 10:15:00,272.6201,273.36,272.47,273.33,32377
2016-03-15 10:30:00,273.34,273.4,272.91,273.24,34023
2016-03-15 10:45:00,273.4,273.49,272.29,272.32,28152
2016-03-15 11:00:00,272.3101,272.59,271.43,271.865,11842
2016-03-15 11:15:00,272.03,272.7,271.8301,272.53,7849
2016-03-15 11:30:00,272.51,273.0458,272.49,272.75,6904
2016-03-15 11:45:00,272.6604,272.85,272.4188,272.6,6355
2016-03-15 12:00:00,272.65,273.0,272.63,272.8,5460
2016-03-15 12:15:00,272.71,273.07,272.66,272.66,5545
2016-03-15 12:30:00,272.86,273.2,272.83299999999997,273.01,14531
2016-03-15 12:45:00,273.135,273.135,272.72,272.91,3084
2016-03-15 13:00:00,272.76,272.85,272.46,272.63,17827
2016-03-15 13:15:00,272.53,272.848,272.42,272.848,4976
2016-03-15 13:30:00,272.79,272.84,272.55,272.65,7901
2016-03-15 13:45:00,272.79,272.93,272.62,272.65,17607
2016-03-15 14:00:00,272.68,272.68,272.23,272.41,6117
2016-03-15 14:15:00,272.4,272.81,272.26,272.7792,13776
2016-03-15 14:30:00,272.72,273.18,272.2701,272.2701,20051
2016-03-15 14:45:00,272.45,272.52,272.09,272.09,10850
2016-03-15 15:00:00,272.04,272.1,271.735,271.95,8054
2016-03-15 15:15:00,272.015,272.09,271.48,271.66,15556
2016-03-15 15:30:00,271.68,271.72,271.29,271.29,10893
2016-03-15 15:45:00,271.36,271.54,271.23,271.25,16364
2016-03-15 16:00:00,271.35,271.35,270.8,271.12,49920
2016-03-16 09:45:00,269.48,270.96,269.11,269.11,14966
2016-03-16 10:00:00,269.73,269.9,269.05,269.865,7300
2016-03-16 10:15:00,269.9269,270.1,268.83,269.17,10422
2016-03-16 10:30:00,269.27,269.27,268.36,268.65,18811
2016-03-16 10:45:00,268.76,268.85,268.0,268.2399,29218
2016-03-16 11:00:00,268.38,268.71,268.13,268.48,9651
2016-03-16 11:15:00,268.42,268.79,268.21,268.61,4600
2016-03-16 11:30:00,268.62,269.765,268.62,269.765,3222
2016-03-16 11:45:00,269.83,270.075,269.37,269.64,17253
2016-03-16 12:00:00,270.045,270.25,269.66,269.67,5325
2016-03-16 12:15:00,269.89,270.26,269.85,270.025,10324
2016-03-16 12:30:00,269.96,270.26,269.91,270.18,4978
2016-03-16 12:45:00,270.13,270.28,269.517,269.517,3800
2016-03-16 13:00:00,269.64,269.64,269.15,269.16,2900
2016-03-16 13:15:00,269.21,269.25,268.78,268.78,3404
2016-03-16 13:30:00,268.63,268.675,268.07,268.6,3573
2016-03-16 13:45:00,268.3,269.4,268.25,268.69,8015
2016-03-16 14:00:00,268.68,269.02,268.44,268.75,2856
2016-03-16 14:15:00,269.28,270.49,268.86,269.38,15519
2016-03-16 14:30:00,269.46,270.36,268.94,270.13,10890
2016-03-16 14:45:00,270.2501,270.36,269.5101,269.99,14687
2016-03-16 15:00:00,270.18,270.32,269.54,269.55,9769
2016-03-16 15:15:00,269.54,270.23,269.54,269.95,9400
2016-03-16 15:30:00,269.92,270.1636,269.7,270.0,18254
2016-03-16 15:45:00,270.075,270.46,269.91,270.17,13843
2016-03-16 16:00:00,270.17,270.3,269.92,270.0,33813
2016-03-17 09:45:00,269.15,269.81,267.23,268.21,14764
2016-03-17 10:00:00,268.35,268.47,266.62,266.68,13892
2016-03-17 10:15:00,266.8,267.42,266.42,267.31,10564
2016-03-17 10:30:00,267.55,267.55,267.07,267.22,9626
2016-03-17 10:45:00,267.02,268.03,266.75,267.785,10236
2016-03-17 11:00:00,267.89,267.94,267.26,267.59,13402
2016-03-17 11:15:00,267.45,267.52,267.03,267.43,11571
2016-03-17 11:30:00,267.3922,267.505,267.02,267.22,7491
2016-03-17 11:45:00,267.23,267.91,267.23,267.71,11800
2016-03-17 12:00:00,267.75,267.97,267.53,267.7001,8308
2016-03-17 12:15:00,267.7,267.81,267.04,267.04,29186
2016-03-17 12:30:00,267.0431,267.5,266.88,267.19,12026
2016-03-17 12:45:00,267.31,268.1,267.16,268.1,11904
2016-03-17 13:00:00,268.11,268.11,267.52,267.65,21619
2016-03-17 13:15:00,267.845,267.98,267.7,267.73,7539
2016-03-17 13:30:00,267.79,268.14,267.67,268.134,6583
2016-03-17 13:45:00,267.91,268.68,267.715,268.48,11453
2016-03-17 14:00:00,268.48,268.7,267.71,267.8485,15047
2016-03-17 14:15:00,267.83,268.25,267.63,268.15,15002
2016-03-17 14:30:00,268.2,268.57,268.1,268.12,16383
2016-03-17 14:45:00,268.18,268.28,267.92,268.01,19312
2016-03-17 15:00:00,268.03,268.27,267.67,267.67,8028
2016-03-17 15:15:00,267.55,268.0,267.46,267.83,18328
2016-03-17 15:30:00,267.86,268.28,267.42,268.03,9478
2016-03-17 15:45:00,267.94,268.33,267.77,268.17,26154
2016-03-17 16:00:00,268.16,268.19,267.66,267.74,39184
2016-03-18 09:45:00,268.6,268.72,265.24,265.25,180628
2016-03-18 10:00:00,265.34,267.01,265.325,267.0,10233
2016-03-18 10:15:00,267.28,267.55,265.78,266.56,22032
2016-03-18 10:30:00,266.45,266.96,265.965,266.575,12332
2016-03-18 10:45:00,266.79,267.36,266.3,267.27,13620
2016-03-18 11:00:00,267.068,267.93,267.0,267.25,26433
2016-03-18 11:15:00,267.28,268.13,267.25,268.04,24704
2016-03-18 11:30:00,268.0336,268.4666,267.88,267.93,12840
2016-03-18 11:45:00,268.12,269.04,268.12,268.77,11661
2016-03-18 12:00:00,268.89,269.05,268.2,268.545,9729
2016-03-18 12:15:00,268.62,269.39,268.45,269.2478,14651
2016-03-18 12:30:00,269.36,269.6008,268.77,269.0,20076
2016-03-18 12:45:00,268.94,269.0,268.54,268.6769,9700
2016-03-18 13:00:00,268.845,269.218,268.66,268.77,15426
2016-03-18 13:15:00,268.55,269.21,268.5,268.66,6762
2016-03-18 13:30:00,268.73,268.883,268.44,268.715,6975
2016-03-18 13:45:00,268.87,268.87,268.06,268.26,7200
2016-03-18 14:00:00,268.328,268.38,267.87,268.12,7209
2016-03-18 14:15:00,268.32,268.65,268.03,268.54,5731
2016-03-18 14:30:00,268.57,268.868,268.38,268.59,6827
2016-03-18 14:45:00,268.69,268.77,268.498,268.66,8591
2016-03-18 15:00:00,268.726,268.78,268.41,268.52,6523
2016-03-18 15:15:00,268.625,269.54,268.58,269.47,6303
2016-03-18 15:30:00,269.6145,269.6599,268.68,268.8385,24080
2016-03-18 15:45:00,268.73,269.14,268.73,269.04,14237
2016-03-18 16:00:00,269.07,269.29,268.34,268.52,72700
2016-03-21 09:45:00,266.99,268.95,266.41,268.38,17645
2016-03-21 10:00:00,268.56,268.56,266.95,268.35,7908
2016-03-21 10:15:00,268.2796,269.0,268.14,268.33,8481
2016-03-21 10:30:00,268.47,269.12,268.47,268.9,8206
2016-03-21 10:45:00,268.735,269.26,268.49,268.88,12261
2016-03-21 11:00:00,268.975,269.17,268.55,269.05,30843
2016-03-21 11:15:00,269.04,269.3,268.91,268.92,5785
2016-03-21 11:30:00,268.968,269.37,268.82,268.92,18204
2016-03-21 11:45:00,269.1,269.2,268.78,268.965,6114
2016-03-21 12:00:00,269.07,269.07,268.18,268.24,10336
2016-03-21 12:15:00,268.38,268.61,268.29,268.495,3435
2016-03-21 12:30:00,268.42,268.83,268.16,268.67,3045
2016-03-21 12:45:00,268.65,268.96,268.47,268.88,7547
2016-03-21 13:00:00,269.2899,269.29,268.8,268.81,7692
2016-03-21 13:15:00,268.88,269.07,268.72,268.85,6195
2016-03-21 13:30:00,268.98,269.28,268.84,269.28,4122
2016-03-21 13:45:00,269.24,269.3267,268.96,269.135,2783
2016-03-21 14:00:00,269.14,269.2,268.67,268.77,14450
2016-03-21 14:15:00,268.8,269.0,268.7,269.0,4198
2016-03-21 14:30:00,269.0,269.34,269.0,269.2,6378
2016-03-21 14:45:00,269.265,269.33,269.04,269.1635,15923
2016-03-21 15:00:00,269.18,269.25,268.88,269.23,9498
2016-03-21 15:15:00,269.2,269.33,268.9537,269.2312,7700
2016-03-21 15:30:00,269.33,269.4,269.07,269.26,12402
2016-03-21 15:45:00,269.22,269.22,268.93,269.06,10900
2016-03-21 16:00:00,269.06,269.72,269.01,269.62,48791
2016-03-22 09:45:00,270.33,272.44,269.6647,271.515,40011
2016-03-22 10:00:00,271.11,271.79,270.18,271.58,21775
2016-03-22 10:15:00,271.6052,271.93,270.89,271.54,22916
2016-03-22 10:30:00,271.69,272.5,271.44,272.15,11829
2016-03-22 10:45:00,272.37,272.78,272.25,272.42,9860
2016-03-22 11:00:00,272.575,272.95,272.51,272.66,14051
2016-03-22 11:15:00,272.55,272.61,272.1801,272.52,8205
2016-03-22 11:30:00,272.63,272.87,272.48,272.78,19600
2016-03-22 11:45:00,272.67,272.87,272.25,272.87,8401
2016-03-22 12:00:00,272.76,272.82,272.3,272.415,5523
2016-03-22 12:15:00,272.405,272.405,272.07,272.12,3580
2016-03-22 12:30:00,272.06,272.66,272.0,272.66,11784
2016-03-22 12:45:00,272.61,272.74,272.49,272.64,5200
2016-03-22 13:00:00,272.64,273.46,272.43,273.21,10444
2016-03-22 13:15:00,273.22,273.3,272.92,273.23,6565
2016-03-22 13:30:00,273.34,273.5,273.05,273.39,5301
2016-03-22 13:45:00,273.41,273.41,272.62,272.62,6132
2016-03-22 14:00:00,272.62,273.08,272.55,273.02,16490
2016-03-22 14:15:00,272.99,273.37,272.91,273.195,9363
2016-03-22 14:30:00,273.1848,273.1848,272.67,272.91,7440
2016-03-22 14:45:00,272.9025,273.25,272.862,272.89,7549
2016-03-22 15:00:00,272.75,273.16,272.53,272.53,11008
2016-03-22 15:15:00,272.61,272.73,272.34,272.6,6875
2016-03-22 15:30:00,272.62,272.63,272.17,272.555,10320
2016-03-22 15:45:00,272.48,272.54,272.18,272.485,21784
2016-03-22 16:00:00,272.42,272.88,272.3,272.74,69967
2016-03-23 09:45:00,272.7,273.3699,271.62,272.45,17497
2016-03-23 10:00:00,272.48,273.25,272.17,273.165,15519
2016-03-23 10:15:00,273.04,274.62,272.92,274.16,20589
2016-03-23 10:30:00,274.16,274.96,274.07,274.882,16784
2016-03-23 10:45:00,274.91,275.36,274.7,275.175,41317
2016-03-23 11:00:00,275.22,275.75,275.08,275.75,35363
2016-03-23 11:15:00,275.71,276.4199,275.5,275.93,23262
2016-03-23 11:30:00,275.77,275.98,275.2901,275.48400000000004,22933
2016-03-23 11:45:00,275.46,275.67,275.14,275.55,11800
2016-03-23 12:00:00,275.5,275.65,275.28,275.49,15325
2016-03-23 12:15:00,275.55,275.67,275.26,275.56,28548
2016-03-23 12:30:00,275.54,275.98,275.49,275.79,8501
2016-03-23 12:45:00,275.97,276.085,275.79,276.02,11894
2016-03-23 13:00:00,275.94,276.41,275.84,276.39,16496
2016-03-23 13:15:00,276.38,276.7453,276.3,276.7422,10132
2016-03-23 13:30:00,276.715,277.67,276.7,277.64,19783
2016-03-23 13:45:00,277.68,277.68,276.67,276.79,9170
2016-03-23 14:00:00,276.8,277.0,276.54,276.63,8542
2016-03-23 14:15:00,276.7299,276.76,276.295,276.295,7983
2016-03-23 14:30:00,276.35,276.6,276.1301,276.51,14827
2016-03-23 14:45:00,276.58,276.86,276.23,276.48,7682
2016-03-23 15:00:00,276.47,276.68,275.76,275.76,17228
2016-03-23 15:15:00,275.5,275.57,275.25,275.31,18134
2016-03-23 15:30:00,275.44,275.55,275.16,275.39,15487
2016-03-23 15:45:00,275.53,276.4,275.52,276.39,18293
2016-03-23 16:00:00,276.3201,276.62,276.2,276.44,71048
2016-03-24 09:45:00,276.35,277.17,275.15,275.78,30288
2016-03-24 10:00:00,275.86,276.2,275.15,276.2,24921
2016-03-24 10:15:00,276.15,276.41,275.565,276.05,11039
2016-03-24 10:30:00,276.1,276.1,274.53,274.676,13503
2016-03-24 10:45:00,274.68,276.37,274.66,275.9,37070
2016-03-24 11:00:00,275.72,276.78,275.37,275.37,28303
2016-03-24 11:15:00,275.49,275.96,275.28,275.59,7100
2016-03-24 11:30:00,275.66,275.85,275.39,275.63,8171
2016-03-24 11:45:00,275.62,275.72,275.0,275.04,10121
2016-03-24 12:00:00,275.0,275.0235,273.99,274.23,13870
2016-03-24 12:15:00,274.225,274.57,274.1,274.22,4934
2016-03-24 12:30:00,274.29400000000004,274.29400000000004,273.76,273.93,2900
2016-03-24 12:45:00,273.94,274.01,273.64,273.66,6401
2016-03-24 13:00:00,273.92,274.3207,273.79,274.05,6381
2016-03-24 13:15:00,274.08,274.13,273.545,273.905,5828
2016-03-24 13:30:00,273.81,273.99,273.405,273.48,6608
2016-03-24 13:45:00,273.69,274.2799,273.67,274.04,12498
2016-03-24 14:00:00,274.03,274.4299,274.03,274.305,8081
2016-03-24 14:15:00,274.3,274.44,273.99,274.29,12003
2016-03-24 14:30:00,274.29,275.25,274.28,275.25,10118
2016-03-24 14:45:00,275.24,275.38,275.0,275.15,10199
2016-03-24 15:00:00,275.3,275.55,275.0,275.12,15564
2016-03-24 15:15:00,275.07,275.18,274.57,274.97,12429
2016-03-24 15:30:00,274.94,275.44,274.93,275.2,16763
2016-03-24 15:45:00,275.17,275.31,274.925,274.925,18042
2016-03-24 16:00:00,274.9,274.98,274.23,274.91,39917
2016-03-28 09:45:00,274.91,275.42,271.84,274.244,28971
2016-03-28 10:00:00,274.05,274.2099,273.33,273.47,12287
2016-03-28 10:15:00,273.41,274.0295,273.26,273.43,29233
2016-03-28 10:30:00,273.23,273.9699,273.02,273.36,18662
2016-03-28 10:45:00,273.35,274.045,272.93,272.93,22014
2016-03-28 11:00:00,272.89,273.07,272.51,272.83,9370
2016-03-28 11:15:00,273.07,273.8,273.0,273.8,8819
2016-03-28 11:30:00,273.88,274.08,273.225,273.95,5858
2016-03-28 11:45:00,274.26,274.49,273.5,273.67,9871
2016-03-28 12:00:00,273.48,273.915,273.2,273.565,42798
2016-03-28 12:15:00,273.69,274.47,273.26,273.535,13271
2016-03-28 12:30:00,273.6,273.96,273.42,273.96,11260
2016-03-28 12:45:00,273.97,274.52,273.795,274.145,7042
2016-03-28 13:00:00,274.2,274.63,274.14,274.32,23507
2016-03-28 13:15:00,274.3001,274.505,273.76,274.05,15613
2016-03-28 13:30:00,273.92,274.84,273.86,274.21,6738
2016-03-28 13:45:00,274.26,274.62,274.26,274.62,5250
2016-03-28 14:00:00,274.65,275.0499,274.52,274.775,8695
2016-03-28 14:15:00,274.74,275.2,274.45,275.15,18183
2016-03-28 14:30:00,275.14,275.14,274.08,274.4,8315
2016-03-28 14:45:00,274.32,274.3876,273.46,273.59,7082
2016-03-28 15:00:00,273.66,274.0,273.36,273.88,18653
2016-03-28 15:15:00,273.98,274.1,273.795,274.0,24249
2016-03-28 15:30:00,273.91,274.2599,273.58,273.6329,23157
2016-03-28 15:45:00,273.58,274.04,273.58,274.01,20010
2016-03-28 16:00:00,273.96,274.07,273.31,273.35,39901
2016-03-29 09:45:00,273.48,275.845,273.47,274.81,51058
2016-03-29 10:00:00,274.57,275.8999,273.621,275.06,46277
2016-03-29 10:15:00,274.84,275.19,274.04,274.38,15450
2016-03-29 10:30:00,274.39,275.57,274.32,274.68,8200
2016-03-29 10:45:00,274.37,274.9348,274.31,274.45,13143
2016-03-29 11:00:00,274.56,274.56,273.747,274.1,18565
2016-03-29 11:15:00,274.14,274.48,273.73,274.21,5927
2016-03-29 11:30:00,274.21,274.56,273.67,274.45,9273
2016-03-29 11:45:00,274.52,274.69,273.5401,273.725,7400
2016-03-29 12:00:00,273.64,274.06,273.47900000000004,273.555,8014
2016-03-29 12:15:00,273.66,274.135,273.66,274.0,5635
2016-03-29 12:30:00,274.0,275.063,273.68,275.063,17555
2016-03-29 12:45:00,275.19,275.34,274.845,275.0899,11596
2016-03-29 13:00:00,275.06,275.06,274.422,274.736,6055
2016-03-29 13:15:00,274.74,274.775,274.28,274.3862,10454
2016-03-29 13:30:00,274.28,274.98,274.28,274.98,20334
2016-03-29 13:45:00,274.894,274.894,274.25,274.77,3567
2016-03-29 14:00:00,274.75,274.85,274.369,274.369,4024
2016-03-29 14:15:00,274.44,275.08,274.44,274.79,4282
2016-03-29 14:30:00,274.9,275.19,274.735,275.19,6935
2016-03-29 14:45:00,275.09,275.29,274.781,275.08,11765
2016-03-29 15:00:00,275.05,275.16,274.36,274.86,10681
2016-03-29 15:15:00,274.8084,275.48,274.77,275.48,7390
2016-03-29 15:30:00,275.49,275.49,274.991,275.4599,5935
2016-03-29 15:45:00,275.3501,275.61,275.15,275.27,14102
2016-03-29 16:00:00,275.11,275.56,275.11,275.31,37676
2016-03-30 09:45:00,276.52,277.01,275.47,276.35,12747
2016-03-30 10:00:00,276.5999,276.93,274.55,275.13,7691
2016-03-30 10:15:00,274.71,274.878,274.2,274.245,7600
2016-03-30 10:30:00,274.41,275.1699,274.144,274.95,10293
2016-03-30 10:45:00,274.76,275.08,274.32,274.4,8117
2016-03-30 11:00:00,274.38,274.815,274.01,274.7,11962
2016-03-30 11:15:00,274.62,274.99,274.165,274.63,7090
2016-03-30 11:30:00,274.785,275.3393,274.48,274.785,7061
2016-03-30 11:45:00,274.77,275.47,274.35,275.21,6425
2016-03-30 12:00:00,275.22,275.45,274.74,275.09,14585
2016-03-30 12:15:00,275.12,275.865,275.12,275.67,12721
2016-03-30 12:30:00,275.825,275.825,274.93,275.12,9944
2016-03-30 12:45:00,275.12,275.41,274.86,275.012,4205
2016-03-30 13:00:00,275.335,275.52,274.98,275.41,4395
2016-03-30 13:15:00,275.41,275.82,275.31,275.59,17292
2016-03-30 13:30:00,275.6,275.85,275.45,275.655,10332
2016-03-30 13:45:00,275.62,276.13,275.53,276.13,2400
2016-03-30 14:00:00,276.0,276.39,275.68,276.0,11109
2016-03-30 14:15:00,275.98,276.35,275.65,275.65,5174
2016-03-30 14:30:00,275.62,275.64,275.29,275.64,5150
2016-03-30 14:45:00,275.71,276.15,275.68,275.72,11211
2016-03-30 15:00:00,275.73,276.45,275.72,276.43,15048
2016-03-30 15:15:00,276.49,277.08,276.35,276.97,12294
2016-03-30 15:30:00,276.96,277.10900000000004,276.77,276.91,13933
2016-03-30 15:45:00,276.91,276.98,276.39,276.56,7338
2016-03-30 16:00:00,276.535,276.85,276.21,276.64,40077
2016-03-31 09:45:00,277.56,277.66,274.75,276.025,30583
2016-03-31 10:00:00,276.095,277.08,275.37,275.37,12222
2016-03-31 10:15:00,275.48,275.65,274.87,275.3,9027
2016-03-31 10:30:00,275.14,275.5174,274.95,275.4,8804
2016-03-31 10:45:00,275.14,275.99,275.14,275.68,4799
2016-03-31 11:00:00,275.63,275.86,275.0801,275.0801,9937
2016-03-31 11:15:00,275.14,275.36,274.87,274.91,10737
2016-03-31 11:30:00,274.8601,275.06,274.33,274.49,15215
2016-03-31 11:45:00,274.57,274.84,274.2601,274.84,7398
2016-03-31 12:00:00,274.84,275.04,274.75,274.83,9541
2016-03-31 12:15:00,274.82,275.0,274.6701,274.9,6217
2016-03-31 12:30:00,275.02,275.255,274.88,275.17,4240
2016-03-31 12:45:00,275.01,275.42900000000003,275.01,275.18,5297
2016-03-31 13:00:00,275.26,275.52,274.94,274.955,4770
2016-03-31 13:15:00,274.93,275.03,274.7336,274.9,6543
2016-03-31 13:30:00,275.0,275.0,274.66,274.66,7955
2016-03-31 13:45:00,274.76,274.76,274.375,274.375,6104
2016-03-31 14:00:00,274.28,274.44,274.005,274.13,7433
2016-03-31 14:15:00,274.14,274.405,274.08,274.16,5632
2016-03-31 14:30:00,274.38,274.72,274.05,274.31,7879
2016-03-31 14:45:00,274.1,274.55,274.1,274.17,4753
2016-03-31 15:00:00,274.11,274.68,274.11,274.41,4215
2016-03-31 15:15:00,274.165,274.69,274.14,274.64,5678
2016-03-31 15:30:00,274.69,274.71,274.065,274.22,19584
2016-03-31 15:45:00,274.105,274.29,273.65,273.68,22938
2016-03-31 16:00:00,273.8,274.11,273.51,273.55,59162
2016-04-01 09:45:00,273.19,274.2499,271.31,272.03,33580
2016-04-01 10:00:00,271.92,273.42,271.56,272.49,24801
2016-04-01 10:15:00,272.54,274.57,272.37,273.79,16255
2016-04-01 10:30:00,273.83,274.215,273.5675,273.98,7686
2016-04-01 10:45:00,273.76,274.46,273.76,274.14,7046
2016-04-01 11:00:00,274.05,274.91,274.05,274.795,23327
2016-04-01 11:15:00,274.8,275.0,274.26,274.285,16121
2016-04-01 11:30:00,274.36,274.4,273.54,274.07,17090
2016-04-01 11:45:00,274.07,274.51,274.0075,274.43,3220
2016-04-01 12:00:00,274.52,274.62,274.29,274.44,8132
2016-04-01 12:15:00,274.54,275.12,274.54,274.76,12709
2016-04-01 12:30:00,274.77,275.12,274.76,274.95,22468
2016-04-01 12:45:00,274.82,275.33,274.82,274.98,6500
2016-04-01 13:00:00,274.98,275.525,274.925,275.29,7850
2016-04-01 13:15:00,275.12,275.62,274.94,275.225,8800
2016-04-01 13:30:00,275.255,275.81,275.17,275.8,7133
2016-04-01 13:45:00,275.7,276.14,275.65,275.88,11789
2016-04-01 14:00:00,275.9,276.34,275.89,276.33,5326
2016-04-01 14:15:00,276.3054,276.42,276.18,276.42,5200
2016-04-01 14:30:00,276.32,276.55,276.16,276.39,9271
2016-04-01 14:45:00,276.48,276.96,276.23,276.4,15229
2016-04-01 15:00:00,276.54,277.0,276.5268,276.83,14268
2016-04-01 15:15:00,276.83,277.1,276.78,277.03,23362
2016-04-01 15:30:00,277.04,277.1,276.91,277.0067,15900
2016-04-01 15:45:00,277.02,277.6,277.01,277.48,17828
2016-04-01 16:00:00,277.5,277.83,277.41,277.83,72898
2016-04-04 09:45:00,277.69,277.69,275.3401,276.06,19952
2016-04-04 10:00:00,275.43,275.95,274.4181,275.05,9738
2016-04-04 10:15:00,275.18,275.18,274.12,274.71,9958
2016-04-04 10:30:00,274.7763,274.815,274.14099999999996,274.35,9613
2016-04-04 10:45:00,274.36,274.38,273.32,273.345,11735
2016-04-04 11:00:00,273.32,273.35,272.67,272.75,8709
2016-04-04 11:15:00,272.74,272.875,272.41,272.41,7574
2016-04-04 11:30:00,272.342,272.46299999999997,271.5,271.67,11030
2016-04-04 11:45:00,271.7,272.57,271.7,272.57,5710
2016-04-04 12:00:00,272.36,272.94,271.95,272.18,23075
2016-04-04 12:15:00,272.0,273.22,271.99,272.7,27639
2016-04-04 12:30:00,272.82,272.96,272.39,272.405,6343
2016-04-04 12:45:00,272.36,272.51,272.15,272.5,8005
2016-04-04 13:00:00,272.36,272.38,272.03,272.29,5825
2016-04-04 13:15:00,272.28,272.32,271.98,272.3,6492
2016-04-04 13:30:00,272.33,272.57,272.13,272.4,5825
2016-04-04 13:45:00,272.51,272.66,272.05,272.66,5520
2016-04-04 14:00:00,272.64,272.82,272.19,272.25,7295
2016-04-04 14:15:00,272.265,272.44,271.86,272.12,8980
2016-04-04 14:30:00,272.28,272.9,271.9,272.78,18363
2016-04-04 14:45:00,272.61,272.83,272.415,272.47,6573
2016-04-04 15:00:00,272.4,273.283,272.4,272.84,17236
2016-04-04 15:15:00,272.8001,273.18,272.73,272.73,14572
2016-04-04 15:30:00,272.85,273.0499,272.52,272.58,17520
2016-04-04 15:45:00,272.52,272.925,272.0003,272.22,30749
2016-04-04 16:00:00,272.35,272.4,271.91,272.14,54249
2016-04-05 09:45:00,271.17,271.9155,270.15,270.965,24928
2016-04-05 10:00:00,270.8767,271.9,270.72,270.89,12332
2016-04-05 10:15:00,271.01,271.77,270.65,271.19,15239
2016-04-05 10:30:00,271.09,271.37,270.78,271.14,4072
2016-04-05 10:45:00,271.04,271.21,270.39,270.39,15837
2016-04-05 11:00:00,270.49,271.13,270.49,270.64,5923
2016-04-05 11:15:00,270.9,271.7,270.87,271.7,5304
2016-04-05 11:30:00,271.635,271.84,271.22,271.71,8438
2016-04-05 11:45:00,271.88,271.89,271.0,271.0,6224
2016-04-05 12:00:00,271.0,271.15,270.55,270.85,12199
2016-04-05 12:15:00,270.835,271.1999,270.81,270.985,5761
2016-04-05 12:30:00,270.86,271.09,270.64,271.07,4470
2016-04-05 12:45:00,270.9484,270.9484,270.54,270.745,3782
2016-04-05 13:00:00,270.83,270.85,270.37,270.47,17044
2016-04-05 13:15:00,270.41,270.59,269.99,270.55,16850
2016-04-05 13:30:00,270.62,271.11,270.09,271.08,8726
2016-04-05 13:45:00,270.9701,271.23,270.735,271.06,18346
2016-04-05 14:00:00,271.05,271.46,271.05,271.24,13912
2016-04-05 14:15:00,271.29,271.56,270.98,271.0,19782
2016-04-05 14:30:00,271.0,271.24,270.75,271.0,20889
2016-04-05 14:45:00,271.0,271.0762,270.88,271.01,14046
2016-04-05 15:00:00,271.01,271.12,270.84,270.98,17768
2016-04-05 15:15:00,271.0,271.41,270.9,271.41,12841
2016-04-05 15:30:00,271.3325,271.57,271.28,271.46,6306
2016-04-05 15:45:00,271.46,271.6,271.07,271.145,10634
2016-04-05 16:00:00,271.05,271.31,270.28,270.51,50131
2016-04-06 09:45:00,271.17,271.26,269.19,269.64,16761
2016-04-06 10:00:00,269.58,270.14,268.8,269.785,9872
2016-04-06 10:15:00,269.755,270.24,269.5,269.5,11060
2016-04-06 10:30:00,269.24,269.76,269.06,269.24,6448
2016-04-06 10:45:00,269.4,270.04400000000004,269.19,269.8,11886
2016-04-06 11:00:00,269.91700000000003,270.01,269.58,269.74,10358
2016-04-06 11:15:00,269.7,269.79,269.16,269.16,14383
2016-04-06 11:30:00,269.18,269.29,268.9,268.98,6315
2016-04-06 11:45:00,269.0,269.16,268.48,268.885,11045
2016-04-06 12:00:00,268.99,268.99,268.41,268.5,11094
2016-04-06 12:15:00,268.58,269.0,268.58,268.97,7821
2016-04-06 12:30:00,268.98,269.11,268.88,269.01,8719
2016-04-06 12:45:00,269.01,269.4,268.71,269.4,26927
2016-04-06 13:00:00,269.32,269.78,269.31,269.5,4580
2016-04-06 13:15:00,269.54,270.14,269.54,270.0,5161
2016-04-06 13:30:00,270.07,270.25,269.84,270.08,5518
2016-04-06 13:45:00,270.01,270.48,270.01,270.3001,7766
2016-04-06 14:00:00,270.62,271.033,270.4,270.53,3910
2016-04-06 14:15:00,270.63,270.76,270.05,270.33,12056
2016-04-06 14:30:00,270.06,270.31,270.05,270.31,5984
2016-04-06 14:45:00,270.31,270.46,270.02,270.39,6897
2016-04-06 15:00:00,270.26,271.27,270.26,271.235,12759
2016-04-06 15:15:00,271.15,271.9899,271.15,271.7,11403
2016-04-06 15:30:00,271.81,272.33,271.69,272.17,10002
2016-04-06 15:45:00,272.08,272.15,271.55,271.65,12779
2016-04-06 16:00:00,271.67,272.0199,271.51,271.66,40166
2016-04-07 09:45:00,270.16,273.49,268.65,269.03,17133
2016-04-07 10:00:00,269.22,269.5,268.81,269.315,6507
2016-04-07 10:15:00,269.18,269.684,269.07,269.2,12093
2016-04-07 10:30:00,269.04,269.05,267.86,268.28,16207
2016-04-07 10:45:00,268.16,269.11,268.1101,268.63,15453
2016-04-07 11:00:00,268.46,269.07,268.35,268.83,9256
2016-04-07 11:15:00,269.05,269.05,267.75,267.75,11130
2016-04-07 11:30:00,268.01,269.3125,267.8,269.17,5673
2016-04-07 11:45:00,269.2499,269.465,268.98,269.21,4575
2016-04-07 12:00:00,269.16,269.16,268.395,268.395,3952
2016-04-07 12:15:00,268.395,269.215,268.385,268.59,5200
2016-04-07 12:30:00,268.6,268.97,268.52,268.69,3528
2016-04-07 12:45:00,268.57,269.19,268.495,268.7,5008
2016-04-07 13:00:00,268.81,269.21,268.57,268.92,6396
2016-04-07 13:15:00,268.745,269.42,268.63,269.42,14938
2016-04-07 13:30:00,269.41,269.46,268.89,269.17,5901
2016-04-07 13:45:00,269.12,269.3799,268.79,269.22,3695
2016-04-07 14:00:00,269.205,269.33,268.14,268.14,12371
2016-04-07 14:15:00,268.14,268.32,267.94,268.16,7711
2016-04-07 14:30:00,268.1,268.13,267.78,268.1,8916
2016-04-07 14:45:00,268.12,268.61,268.01,268.4,8027
2016-04-07 15:00:00,268.346,268.346,267.63,267.69,20935
2016-04-07 15:15:00,267.76,269.42,267.69,269.17,31255
2016-04-07 15:30:00,269.03,269.47,268.88,269.03,10493
2016-04-07 15:45:00,269.32,269.44,268.7501,269.17,17903
2016-04-07 16:00:00,269.2,269.39,268.84,269.39,24316
2016-04-08 09:45:00,270.55,270.55,268.19,269.06,10995
2016-04-08 10:00:00,269.02,270.26,267.84,269.86,9460
2016-04-08 10:15:00,270.02,270.0418,269.1,269.9,12783
2016-04-08 10:30:00,269.89,269.99,269.55,269.61,8168
2016-04-08 10:45:00,269.59,269.72,268.91,269.66,5900
2016-04-08 11:00:00,269.88,270.48,269.43,269.43,13684
2016-04-08 11:15:00,269.51,271.02,269.32,270.73,9692
2016-04-08 11:30:00,270.79,270.8,270.13,270.62,13614
2016-04-08 11:45:00,270.405,270.57,269.72,270.0512,6116
2016-04-08 12:00:00,269.78,270.42,269.49,270.42,4696
2016-04-08 12:15:00,270.38,270.59,270.0,270.095,12886
2016-04-08 12:30:00,269.95,269.95,269.08,269.08,10143
2016-04-08 12:45:00,269.17,269.85,268.9,269.58,11565
2016-04-08 13:00:00,269.68,270.14,269.62,270.14,4711
2016-04-08 13:15:00,270.02,270.13,269.6,270.015,3710
2016-04-08 13:30:00,270.01,270.21,269.68,270.14,5272
2016-04-08 13:45:00,270.1274,270.55,270.067,270.355,5842
2016-04-08 14:00:00,270.23,270.83,270.23,270.7,11949
2016-04-08 14:15:00,270.835,271.11,270.49,270.99,8099
2016-04-08 14:30:00,270.99,271.06,270.41,270.67,4982
2016-04-08 14:45:00,270.75,271.0,270.5,270.58,7951
2016-04-08 15:00:00,270.59,270.64,270.035,270.19,10046
2016-04-08 15:15:00,270.21,270.23400000000004,269.76,269.93,18285
2016-04-08 15:30:00,270.07,270.27,269.77,270.13,12800
2016-04-08 15:45:00,270.21,270.21,269.5,269.78,15307
2016-04-08 16:00:00,269.68,270.18,269.45,269.82,83652
2016-04-11 09:45:00,269.6,270.395,269.1,269.33,37660
2016-04-11 10:00:00,269.535,270.3,269.02,269.54,18566
2016-04-11 10:15:00,270.05,270.25,269.22,269.31,25099
2016-04-11 10:30:00,269.47,270.1,269.34,269.485,9006
2016-04-11 10:45:00,269.61,269.7045,268.63,268.98,10790
2016-04-11 11:00:00,268.75,268.9,268.34,268.37,14640
2016-04-11 11:15:00,268.31,268.47,267.54,267.88,10817
2016-04-11 11:30:00,267.86,268.72,267.7,268.7116,6618
2016-04-11 11:45:00,268.46,268.46,267.66,267.9,8124
2016-04-11 12:00:00,267.9,268.55,267.64,268.55,8968
2016-04-11 12:15:00,268.89,268.89,268.27,268.75,15488
2016-04-11 12:30:00,268.9,269.45,268.82,269.26,8952
2016-04-11 12:45:00,269.2,269.48,268.75,269.29,7698
2016-04-11 13:00:00,269.28,269.61,268.97,269.37,6973
2016-04-11 13:15:00,269.4115,269.54,268.99,269.18,7335
2016-04-11 13:30:00,269.09,269.1844,268.6,268.888,7034
2016-04-11 13:45:00,269.16,269.16,268.7,268.94,4859
2016-04-11 14:00:00,268.95,268.95,268.185,268.87,22632
2016-04-11 14:15:00,268.98,269.0,267.56,268.12,11147
2016-04-11 14:30:00,268.13,268.5,267.61,267.7,8276
2016-04-11 14:45:00,267.81,268.87,267.68,268.255,9310
2016-04-11 15:00:00,268.21,268.92,267.7,268.69,10185
2016-04-11 15:15:00,268.73,268.82,267.71,267.96,9956
2016-04-11 15:30:00,268.07,268.165,267.68,267.7,11300
2016-04-11 15:45:00,267.72,267.91,267.34,267.56,22641
2016-04-11 16:00:00,267.51,267.6399,266.79,266.93,47836
2016-04-12 09:45:00,268.04,268.61,265.64,266.5,35434
2016-04-12 10:00:00,266.8,267.88,266.79,267.175,12613
2016-04-12 10:15:00,267.175,267.34,265.79,265.9,14635
2016-04-12 10:30:00,265.75,266.32,265.44,266.27,12724
2016-04-12 10:45:00,266.41,266.99,265.74,266.44,29568
2016-04-12 11:00:00,266.48,267.235,266.38,267.01,25623
2016-04-12 11:15:00,267.01,267.325,266.915,267.155,25047
2016-04-12 11:30:00,267.16,267.39,266.99,267.26,20084
2016-04-12 11:45:00,267.22,267.44,267.0,267.22,10139
2016-04-12 12:00:00,267.2,267.5,267.05,267.12,19551
2016-04-12 12:15:00,267.26,267.39,266.98,267.24,21146
2016-04-12 12:30:00,267.33,267.51,267.13,267.41,19553
2016-04-12 12:45:00,267.36,267.55,267.19,267.34,14869
2016-04-12 13:00:00,267.4,267.545,267.16,267.43,25335
2016-04-12 13:15:00,267.435,267.58,267.06,267.1,13114
2016-04-12 13:30:00,267.07,267.18,266.8821,266.89,5560
2016-04-12 13:45:00,266.88,267.29,266.84,267.22,7912
2016-04-12 14:00:00,267.29,267.46,267.11,267.37,9297
2016-04-12 14:15:00,267.365,267.48,267.19,267.4295,19069
2016-04-12 14:30:00,267.27,267.42,267.15,267.3201,12820
2016-04-12 14:45:00,267.31,268.01,267.26,267.8,37410
2016-04-12 15:00:00,267.8,267.95,267.53,267.76,29236
2016-04-12 15:15:00,267.76,268.62,267.72,268.28,37810
2016-04-12 15:30:00,268.28,268.785,268.02,268.51,39095
2016-04-12 15:45:00,268.4604,269.01,268.4425,268.8,37485
2016-04-12 16:00:00,268.77,269.005,268.44,268.78,81652
2016-04-13 09:45:00,270.61,271.205,267.8601,270.0,47093
2016-04-13 10:00:00,270.12,270.16,268.6,268.78,12702
2016-04-13 10:15:00,268.75,269.27,268.24,268.31,24475
2016-04-13 10:30:00,268.13,268.46,267.87,267.915,16490
2016-04-13 10:45:00,267.915,268.4099,267.7,267.78,16694
2016-04-13 11:00:00,267.83,268.21,267.62,267.9999,14008
2016-04-13 11:15:00,267.84,268.17,267.21,267.21,21177
2016-04-13 11:30:00,267.26,267.8,267.1256,267.73,24487
2016-04-13 11:45:00,267.73,268.01,267.39,267.5,15068
2016-04-13 12:00:00,267.6,267.97,267.32,267.94,14739
2016-04-13 12:15:00,267.93,268.49,267.69,268.07,15654
2016-04-13 12:30:00,268.07,268.37,267.97,267.995,8493
2016-04-13 12:45:00,267.99,267.99,267.31,267.385,13807
2016-04-13 13:00:00,267.385,267.52,266.98,267.0,20694
2016-04-13 13:15:00,267.0,267.16,266.7,266.83,18159
2016-04-13 13:30:00,266.93,267.05,266.67,266.84,10945
2016-04-13 13:45:00,266.93,268.03,266.85,268.03,11774
2016-04-13 14:00:00,268.09,268.17,267.9101,267.99,11375
2016-04-13 14:15:00,267.94,268.11,267.76,267.91,14630
2016-04-13 14:30:00,267.87,268.14,267.78,267.88,15404
2016-04-13 14:45:00,267.88,268.87,267.88,268.75,12067
2016-04-13 15:00:00,268.71,268.83,268.27,268.83,20689
2016-04-13 15:15:00,268.89,269.82,268.89,269.61,26843
2016-04-13 15:30:00,269.51,269.68,269.31,269.67,13666
2016-04-13 15:45:00,269.8,269.83,269.1,269.15,25459
2016-04-13 16:00:00,269.08,269.61,268.91,269.37,54911
2016-04-14 09:45:00,274.0,274.0,269.5,271.56,102901
2016-04-14 10:00:00,271.29,271.42,270.26,271.02,27486
2016-04-14 10:15:00,271.28,271.46,270.49,270.95,11581
2016-04-14 10:30:00,270.98,272.3,270.9,272.2999,39235
2016-04-14 10:45:00,272.24,272.49,271.67,271.67,17131
2016-04-14 11:00:00,271.775,271.79,271.055,271.17,14156
2016-04-14 11:15:00,271.15,271.54,271.0,271.15,6395
2016-04-14 11:30:00,271.31,271.47,270.59,270.81,19635
2016-04-14 11:45:00,270.84,271.16200000000003,270.68,271.12,9752
2016-04-14 12:00:00,271.2,271.51,270.93,271.22,19982
2016-04-14 12:15:00,271.2501,271.44,270.68,270.94,15797
2016-04-14 12:30:00,270.93,270.99,270.57,270.86,9388
2016-04-14 12:45:00,270.87,271.18,270.67,271.18,10678
2016-04-14 13:00:00,271.02,271.19,270.65,270.91,9132
2016-04-14 13:15:00,270.98,271.13,270.72,271.13,15020
2016-04-14 13:30:00,271.26,271.35,271.06,271.1,21045
2016-04-14 13:45:00,271.08,271.2,270.49,270.59,13128
2016-04-14 14:00:00,270.5001,270.64,270.33,270.41,12117
2016-04-14 14:15:00,270.39,270.39,270.005,270.16,12441
2016-04-14 14:30:00,270.18,270.28,270.0,270.005,19339
2016-04-14 14:45:00,270.0,270.04,269.48,269.74,21269
2016-04-14 15:00:00,269.83,270.5875,269.83,270.37,17658
2016-04-14 15:15:00,270.44,270.75,270.28,270.5,17269
2016-04-14 15:30:00,270.48,270.53,270.04,270.13,14700
2016-04-14 15:45:00,270.05,270.21,269.91,269.97,29805
2016-04-14 16:00:00,269.98,270.11,269.65,269.76,63337
2016-04-15 09:45:00,269.75,269.76,268.22,268.22,57309
2016-04-15 10:00:00,268.22,269.15,268.03,269.13,18323
2016-04-15 10:15:00,268.88,268.88,268.09,268.49,14489
2016-04-15 10:30:00,268.53,268.5413,268.01,268.12,13219
2016-04-15 10:45:00,268.19,269.0999,268.15,269.06,6972
2016-04-15 11:00:00,268.96,268.96,268.63,268.83,5800
2016-04-15 11:15:00,268.94,269.24,268.26,269.175,16583
2016-04-15 11:30:00,269.29,269.29,268.59,268.59,4647
2016-04-15 11:45:00,268.735,268.735,268.22,268.51,5501
2016-04-15 12:00:00,268.69,268.95,268.55,268.76,3826
2016-04-15 12:15:00,268.88,269.15,268.5,268.92,14492
2016-04-15 12:30:00,268.86,269.3,268.75,268.75,6117
2016-04-15 12:45:00,268.96,269.11,268.46,268.73,5603
2016-04-15 13:00:00,268.36,268.69,268.1,268.33,5816
2016-04-15 13:15:00,268.16,268.29,268.04,268.1,12813
2016-04-15 13:30:00,268.11,268.28,268.02,268.02,6676
2016-04-15 13:45:00,268.14,268.72,268.085,268.57,12098
2016-04-15 14:00:00,268.57,268.72,268.16,268.22,4315
2016-04-15 14:15:00,268.2799,268.72,268.18,268.18,7589
2016-04-15 14:30:00,268.3399,268.77,268.2,268.655,9813
2016-04-15 14:45:00,268.76,268.79,268.34,268.77,8236
2016-04-15 15:00:00,268.67,268.97,268.53,268.96,7016
2016-04-15 15:15:00,269.0,269.33,268.56,268.95,14061
2016-04-15 15:30:00,268.91,268.965,268.49,268.905,17531
2016-04-15 15:45:00,268.92,269.07,268.77,268.875,19143
2016-04-15 16:00:00,268.837,268.95,268.63,268.745,70129
2016-04-18 09:45:00,268.51,271.0,268.51,270.47,31898
2016-04-18 10:00:00,270.805,270.88,270.07,270.3175,23290
2016-04-18 10:15:00,270.63,271.96,270.34,271.86,29500
2016-04-18 10:30:00,271.86,272.86,271.86,272.86,22749
2016-04-18 10:45:00,272.91,272.97,272.12,272.715,17220
2016-04-18 11:00:00,272.8,272.87,272.34,272.4,13230
2016-04-18 11:15:00,272.422,272.46,271.01,271.55,36345
2016-04-18 11:30:00,271.64,272.11,271.44,271.89,10071
2016-04-18 11:45:00,271.86,272.1,271.42,271.42,9932
2016-04-18 12:00:00,271.6,272.045,271.6,271.93,19275
2016-04-18 12:15:00,272.1,272.4,271.96,272.125,8224
2016-04-18 12:30:00,272.14,272.485,272.06,272.33,19898
2016-04-18 12:45:00,272.425,273.04,272.41,272.7,23859
2016-04-18 13:00:00,272.75,273.04,272.6378,272.8,6600
2016-04-18 13:15:00,272.79,272.83,272.46,272.52,10612
2016-04-18 13:30:00,272.61,272.7,272.44,272.6,6225
2016-04-18 13:45:00,272.552,273.09,272.47,273.09,8881
2016-04-18 14:00:00,273.1,273.1,272.56,272.575,16021
2016-04-18 14:15:00,272.62,272.98,272.45,272.5,19101
2016-04-18 14:30:00,272.5,272.68,272.4325,272.4325,13212
2016-04-18 14:45:00,272.44,272.94,272.44,272.66,21916
2016-04-18 15:00:00,272.61,273.06,272.49,272.54,21725
2016-04-18 15:15:00,272.6,272.6,272.2,272.26,10000
2016-04-18 15:30:00,272.3,272.71,272.21,272.62,6440
2016-04-18 15:45:00,272.6,272.725,272.46,272.7,15274
2016-04-18 16:00:00,272.65,272.9,272.58,272.86,37279
2016-04-19 09:45:00,273.76,275.23,272.8111,275.01,37797
2016-04-19 10:00:00,275.06,275.395,274.37,274.81,19195
2016-04-19 10:15:00,274.8,275.45,274.67,275.15,28560
2016-04-19 10:30:00,275.17,275.705,274.98,275.08,23112
2016-04-19 10:45:00,275.1299,275.42,275.03,275.15,15363
2016-04-19 11:00:00,275.2,275.2,274.515,274.77,17448
2016-04-19 11:15:00,274.87,275.1299,274.63,274.775,8100
2016-04-19 11:30:00,274.88,275.0,274.31,275.0,25378
2016-04-19 11:45:00,274.8301,275.61,274.57,275.61,15716
2016-04-19 12:00:00,275.56,275.89,275.14,275.2225,14642
2016-04-19 12:15:00,275.08,275.2314,274.87,275.07,19542
2016-04-19 12:30:00,275.1092,275.33,274.92,274.98,16298
2016-04-19 12:45:00,275.05,275.11,274.6689,274.6689,13811
2016-04-19 13:00:00,274.8999,274.8999,274.0467,274.85,9279
2016-04-19 13:15:00,274.81,274.85,274.25,274.4925,9622
2016-04-19 13:30:00,274.3,274.67,274.14,274.54,10082
2016-04-19 13:45:00,274.47,274.63,273.81,274.03,16191
2016-04-19 14:00:00,274.13,274.1725,273.86,274.0625,12274
2016-04-19 14:15:00,274.0,274.37,274.0,274.25,11219
2016-04-19 14:30:00,274.36,274.49,274.01,274.01,7531
2016-04-19 14:45:00,273.98,274.21,273.76,274.21,5200
2016-04-19 15:00:00,274.23,274.51,274.13,274.32,12190
2016-04-19 15:15:00,274.18,274.56,273.935,274.56,14716
2016-04-19 15:30:00,274.75,274.75,274.27,274.58,15757
2016-04-19 15:45:00,274.58,274.715,274.09,274.16,16639
2016-04-19 16:00:00,274.2,274.405,273.94,274.31,46319
2016-04-20 09:45:00,275.52,275.52,273.67,273.89,11710
2016-04-20 10:00:00,273.42,275.43,272.76,275.43,22612
2016-04-20 10:15:00,275.3999,275.53,274.5,274.65,16611
2016-04-20 10:30:00,274.52,274.67,273.75,273.955,9113
2016-04-20 10:45:00,274.1957,274.1957,272.62,272.63,8183
2016-04-20 11:00:00,272.66,273.16,272.4101,273.07,7512
2016-04-20 11:15:00,273.18,273.7,273.17,273.49,3100
2016-04-20 11:30:00,273.47,274.295,273.47,274.02,4696
2016-04-20 11:45:00,274.03,274.365,273.99,274.21,1845
2016-04-20 12:00:00,274.36,274.73,274.07,274.46,5339
2016-04-20 12:15:00,274.52,274.62,273.81,273.83,28691
2016-04-20 12:30:00,273.96,274.62,273.84,274.52,18516
2016-04-20 12:45:00,274.27,274.72,274.27,274.276,13131
2016-04-20 13:00:00,274.48,274.6,273.8699,273.9,21756
2016-04-20 13:15:00,274.08,274.15,273.56,273.88,6574
2016-04-20 13:30:00,273.93,274.11,273.83,273.9,9042
2016-04-20 13:45:00,273.78,274.01,273.78,274.01,1000
2016-04-20 14:00:00,274.26,274.58,274.11,274.28,2400
2016-04-20 14:15:00,274.21,274.3,273.79,274.18,4570
2016-04-20 14:30:00,274.3427,274.6981,274.05,274.26,6974
2016-04-20 14:45:00,274.42,274.54,273.97,274.54,6444
2016-04-20 15:00:00,274.3,274.5877,274.2,274.29,11309
2016-04-20 15:15:00,274.31,274.39,274.04,274.08,7704
2016-04-20 15:30:00,274.03,274.35,274.0,274.29,9757
2016-04-20 15:45:00,274.43,274.6,274.0009,274.09,16008
2016-04-20 16:00:00,273.962,274.23,273.34,273.51,39428
2016-04-21 09:45:00,273.41,273.41,271.055,271.075,17971
2016-04-21 10:00:00,271.36,271.67,270.64,271.39,19296
2016-04-21 10:15:00,271.44,271.6,270.105,270.105,16469
2016-04-21 10:30:00,270.11,270.64,270.0101,270.29,11461
2016-04-21 10:45:00,270.3,270.81,270.16,270.69,21415
2016-04-21 11:00:00,270.69,271.07,270.58,270.82,16414
2016-04-21 11:15:00,270.7435,270.91,270.485,270.79,32256
2016-04-21 11:30:00,270.6,270.77,270.0,270.62,11834
2016-04-21 11:45:00,270.56,270.67,270.18,270.45,9928
2016-04-21 12:00:00,270.45,271.13,270.38,271.13,14654
2016-04-21 12:15:00,271.09,271.09,270.2901,270.385,15804
2016-04-21 12:30:00,270.385,270.99,270.385,270.5625,12411
2016-04-21 12:45:00,270.64,271.16,270.64,271.16,6945
2016-04-21 13:00:00,271.21,271.44,270.922,270.922,5300
2016-04-21 13:15:00,270.9,271.39,270.71,271.11,7230
2016-04-21 13:30:00,271.0478,271.27,270.95,271.02,4250
2016-04-21 13:45:00,270.98,271.35,270.93,271.306,5440
2016-04-21 14:00:00,271.255,271.255,270.81,270.81,5554
2016-04-21 14:15:00,270.81,271.07,270.66,271.07,8991
2016-04-21 14:30:00,271.1208,271.3,270.88,271.24,12355
2016-04-21 14:45:00,271.16,271.18,270.855,270.95,9482
2016-04-21 15:00:00,270.9,271.41,270.86,271.24,11400
2016-04-21 15:15:00,271.225,271.42,271.03,271.03,8559
2016-04-21 15:30:00,271.11,271.16,270.81,270.81,11432
2016-04-21 15:45:00,270.72,270.78,270.55,270.59,22315
2016-04-21 16:00:00,270.57,270.59,269.69,269.76,95704
2016-04-22 09:45:00,269.22,270.435,269.21,269.42,18452
2016-04-22 10:00:00,269.36,269.6,268.41,269.58,10561
2016-04-22 10:15:00,269.66,269.96,269.32,269.74,7491
2016-04-22 10:30:00,269.6727,269.6727,268.22,268.5602,14457
2016-04-22 10:45:00,268.57,268.95,267.97,268.0,14340
2016-04-22 11:00:00,267.82,268.24,267.63,268.24,11871
2016-04-22 11:15:00,268.28,268.42,267.7586,268.42,12251
2016-04-22 11:30:00,268.41,268.41,267.75,267.88,5085
2016-04-22 11:45:00,268.075,268.95,268.075,268.83,7660
2016-04-22 12:00:00,268.77,269.46,268.41,269.46,31856
2016-04-22 12:15:00,269.61,270.11,269.52,269.97,13881
2016-04-22 12:30:00,269.91,270.48,269.66,270.08,9052
2016-04-22 12:45:00,270.16,270.53,270.16,270.24,6189
2016-04-22 13:00:00,270.14,270.42,269.8,270.05,9781
2016-04-22 13:15:00,269.98,270.46,269.81,270.334,18204
2016-04-22 13:30:00,270.23,270.23,269.72,269.77,11444
2016-04-22 13:45:00,269.72,269.81,269.26,269.81,12079
2016-04-22 14:00:00,269.79,270.48,269.78,270.21,11373
2016-04-22 14:15:00,270.15,270.5,270.07,270.08,15308
2016-04-22 14:30:00,270.07,270.64,270.04,270.57,16720
2016-04-22 14:45:00,270.53,270.74,270.28,270.74,14214
2016-04-22 15:00:00,270.73,270.8606,270.63,270.73,14900
2016-04-22 15:15:00,270.8,270.83,270.25,270.28,37457
2016-04-22 15:30:00,270.12,270.12,269.575,269.775,31902
2016-04-22 15:45:00,269.76,269.888,269.46,269.73,39147
2016-04-22 16:00:00,269.74,269.88,269.38,269.66,68723
2016-04-25 09:45:00,268.61,268.73,266.13,266.5,35863
2016-04-25 10:00:00,266.5,266.98,266.29,266.91,17521
2016-04-25 10:15:00,266.85,266.97,266.36,266.59,15282
2016-04-25 10:30:00,266.66,267.67,266.27,267.67,14041
2016-04-25 10:45:00,267.52,268.4,267.35,268.27,31184
2016-04-25 11:00:00,268.27,268.27,267.53,267.555,28135
2016-04-25 11:15:00,267.57,268.22,267.32,268.19,22032
2016-04-25 11:30:00,268.16,269.11,268.05,268.44,17443
2016-04-25 11:45:00,268.42,268.87,268.29,268.76,10851
2016-04-25 12:00:00,268.92,269.5,268.72,269.35,6959
2016-04-25 12:15:00,269.25,269.4699,269.03,269.03,7488
2016-04-25 12:30:00,269.05,269.36,268.91,269.0,8164
2016-04-25 12:45:00,269.15,269.32,268.9901,269.07,8239
2016-04-25 13:00:00,269.05,269.69,268.9,269.61,8050
2016-04-25 13:15:00,269.72,270.02,269.66,269.94,7999
2016-04-25 13:30:00,269.95,269.95,269.45,269.66,6011
2016-04-25 13:45:00,269.59,269.64,269.23,269.44,9132
2016-04-25 14:00:00,269.37,270.22,269.29,270.15,7530
2016-04-25 14:15:00,270.1147,270.3609,269.44,269.73,8004
2016-04-25 14:30:00,269.61,270.075,269.35,270.075,11622
2016-04-25 14:45:00,269.98,270.07,269.8,269.95,15503
2016-04-25 15:00:00,269.91,270.06,269.6,269.95,13476
2016-04-25 15:15:00,269.95,269.99,269.2,269.51,17287
2016-04-25 15:30:00,269.505,269.73,269.4,269.68,12920
2016-04-25 15:45:00,269.72,270.19,269.67,270.06,17917
2016-04-25 16:00:00,270.11,270.39,269.94,270.31,69695
2016-04-26 09:45:00,271.62,272.17,270.49,271.73,17592
2016-04-26 10:00:00,271.9,273.29,271.635,273.27,26662
2016-04-26 10:15:00,273.19,274.0,271.1655,271.46,18264
2016-04-26 10:30:00,271.52,272.95,271.1501,271.2,19595
2016-04-26 10:45:00,271.128,272.15,271.04,271.72,11380
2016-04-26 11:00:00,271.5901,271.6,270.57,270.84,15638
2016-04-26 11:15:00,270.99,271.88,270.63,271.8,15291
2016-04-26 11:30:00,271.56,271.94,271.42,271.775,12332
2016-04-26 11:45:00,271.52,271.89,271.075,271.27,7409
2016-04-26 12:00:00,271.11,271.59,270.87,271.395,26514
2016-04-26 12:15:00,271.5,272.08,271.38,271.38,16350
2016-04-26 12:30:00,271.5,271.75,271.315,271.46,6002
2016-04-26 12:45:00,271.5,272.36,271.5,272.315,33467
2016-04-26 13:00:00,272.2855,272.445,271.75,272.01,11515
2016-04-26 13:15:00,272.0,272.76,271.84,272.6,32084
2016-04-26 13:30:00,272.505,273.0,272.285,272.54,24478
2016-04-26 13:45:00,272.65,272.71,271.6577,272.2,8451
2016-04-26 14:00:00,272.09,272.21,271.79,271.94,8952
2016-04-26 14:15:00,271.97,272.31,271.77,272.06,11220
2016-04-26 14:30:00,272.06,272.23,271.69,271.77,15944
2016-04-26 14:45:00,271.73,272.43,271.67,272.39,13611
2016-04-26 15:00:00,272.4,272.41,271.81,272.12,12525
2016-04-26 15:15:00,272.2,272.41,272.09,272.18,12763
2016-04-26 15:30:00,272.12,272.16,271.61,271.78,22557
2016-04-26 15:45:00,271.81,272.03,271.79,271.95,76949
2016-04-26 16:00:00,271.96,272.51,271.94,272.35,47116
2016-04-27 09:45:00,272.64,272.88,272.1,272.33,21978
2016-04-27 10:00:00,272.455,272.57,271.44,272.17,26473
2016-04-27 10:15:00,272.05,272.47,271.01,271.49,23886
2016-04-27 10:30:00,271.48,271.97,271.23,271.81,33249
2016-04-27 10:45:00,271.66,272.58,271.47,271.725,25380
2016-04-27 11:00:00,271.845,273.36,271.31,272.74,30293
2016-04-27 11:15:00,272.966,273.12,272.28,272.71,19789
2016-04-27 11:30:00,272.8389,273.83,272.79,273.42,13050
2016-04-27 11:45:00,273.43,273.56,273.17,273.28,10420
2016-04-27 12:00:00,273.26,273.41,272.875,273.1,12218
2016-04-27 12:15:00,273.22,273.29,272.845,273.19,12194
2016-04-27 12:30:00,273.22,273.39,272.97,273.07,9164
2016-04-27 12:45:00,273.07,273.09,272.78,273.05,12750
2016-04-27 13:00:00,273.08,273.53,272.91,273.36,14094
2016-04-27 13:15:00,273.36,273.54,272.9,272.9,9934
2016-04-27 13:30:00,272.99,273.29,272.82,273.0593,11116
2016-04-27 13:45:00,272.955,273.17,272.86,272.985,16324
2016-04-27 14:00:00,273.0,273.1,272.02,272.26,26215
2016-04-27 14:15:00,272.135,273.3044,271.61,273.13,43407
2016-04-27 14:30:00,273.135,273.35,272.72,272.98,13588
2016-04-27 14:45:00,273.02,273.07,272.0,272.35,21041
2016-04-27 15:00:00,272.27,272.79,272.115,272.66,34999
2016-04-27 15:15:00,272.62,273.51,272.53,273.3,18200
2016-04-27 15:30:00,273.4399,273.6,273.13,273.55,35041
2016-04-27 15:45:00,273.6375,273.66,272.41,273.01,52166
2016-04-27 16:00:00,273.0,273.431,272.45,272.9429,96879
2016-04-28 09:45:00,261.54,265.99,261.0,263.67,162891
2016-04-28 10:00:00,263.68,268.51,262.68,266.63,107556
2016-04-28 10:15:00,266.63,267.09,264.8101,266.135,35797
2016-04-28 10:30:00,266.11,267.21,265.06,265.2463,35719
2016-04-28 10:45:00,265.23,265.49,264.3896,265.0644,34958
2016-04-28 11:00:00,265.05,266.01,265.01,265.46,44998
2016-04-28 11:15:00,265.55,265.82,264.4,265.37,50332
2016-04-28 11:30:00,265.405,265.675,264.7755,265.05,32285
2016-04-28 11:45:00,265.24,266.14,265.0,265.975,60415
2016-04-28 12:00:00,266.05,267.19,265.92,267.18,37850
2016-04-28 12:15:00,267.34,269.46,267.24,268.29,51349
2016-04-28 12:30:00,268.45,268.58,265.54,265.645,26662
2016-04-28 12:45:00,265.56,267.18,265.55,266.99,15302
2016-04-28 13:00:00,267.13,267.13,265.8,266.04,16066
2016-04-28 13:15:00,266.14,266.63,265.13,265.6,16246
2016-04-28 13:30:00,265.69,265.84,264.7346,265.34,47087
2016-04-28 13:45:00,265.32,265.59,263.68,264.53,67314
2016-04-28 14:00:00,264.57,265.88,264.27,265.77,48414
2016-04-28 14:15:00,265.88,266.24,265.14,265.34,21687
2016-04-28 14:30:00,265.28,266.12,265.265,266.12,15234
2016-04-28 14:45:00,266.03,266.03,264.38,264.38,41351
2016-04-28 15:00:00,264.23,264.98,264.065,264.91,35893
2016-04-28 15:15:00,265.0,265.52,264.56,264.7,62677
2016-04-28 15:30:00,264.785,265.3425,264.37,264.875,78842
2016-04-28 15:45:00,264.95,265.995,264.58,265.99,110453
2016-04-28 16:00:00,265.89,266.06,264.84,265.03,206409
2016-04-29 09:45:00,263.62,265.59,262.845,264.52,48834
2016-04-29 10:00:00,264.09,264.57,263.41,264.12,26319
2016-04-29 10:15:00,264.14,264.23,263.31,263.955,76074
2016-04-29 10:30:00,263.7309,264.47,263.55,264.17,41831
2016-04-29 10:45:00,264.16,264.48,263.34,263.66,36979
2016-04-29 11:00:00,263.66,263.7,262.48,262.87,16183
2016-04-29 11:15:00,262.8057,262.93,261.78,262.545,25323
2016-04-29 11:30:00,262.63,263.22,262.35,263.17,21812
2016-04-29 11:45:00,263.36,263.37,261.51,261.51,15228
2016-04-29 12:00:00,261.5,261.81,260.9553,261.56,20718
2016-04-29 12:15:00,261.71,262.47,261.425,261.43,22091
2016-04-29 12:30:00,261.4,261.88,260.84,260.9227,16959
2016-04-29 12:45:00,260.9899,260.9899,260.36,260.4899,15273
2016-04-29 13:00:00,260.4,261.06,260.16,260.205,15205
2016-04-29 13:15:00,260.23,260.94,260.22,260.805,13370
2016-04-29 13:30:00,260.735,260.96,260.49,260.87,8840
2016-04-29 13:45:00,260.9099,260.99,260.35,260.36,18752
2016-04-29 14:00:00,260.36,260.57,260.3,260.4,14111
2016-04-29 14:15:00,260.32,260.69,260.31,260.69,19870
2016-04-29 14:30:00,260.64,261.15,260.62,261.115,11971
2016-04-29 14:45:00,261.115,261.295,260.62,261.295,19699
2016-04-29 15:00:00,261.25,261.85,261.1718,261.64,15227
2016-04-29 15:15:00,261.61,262.24,261.43,262.15,22222
2016-04-29 15:30:00,262.16,263.13,262.05,262.53,43609
2016-04-29 15:45:00,262.52,263.66,262.425,262.83,31388
2016-04-29 16:00:00,262.88,263.51,262.36,262.65,75883
2016-05-02 09:45:00,262.75,265.38,262.68,265.21,24842
2016-05-02 10:00:00,265.24,265.5899,263.135,264.11,25000
2016-05-02 10:15:00,264.41,264.86,263.92,264.4,23449
2016-05-02 10:30:00,264.385,265.35,264.385,264.73,16979
2016-05-02 10:45:00,264.72,265.06,263.82,264.03,12334
2016-05-02 11:00:00,264.06,264.29,263.08,263.21,20321
2016-05-02 11:15:00,263.5,264.12,263.19,263.59,14394
2016-05-02 11:30:00,263.48,263.82,263.18,263.82,26570
2016-05-02 11:45:00,263.855,263.855,263.05,263.13,13938
2016-05-02 12:00:00,263.14,263.86,263.14,263.78,20401
2016-05-02 12:15:00,263.755,263.755,262.774,262.94,12809
2016-05-02 12:30:00,263.09,263.3699,262.92,263.36,15260
2016-05-02 12:45:00,263.48,263.84,263.35,263.8199,11305
2016-05-02 13:00:00,263.82,264.17,263.72,263.92,9035
2016-05-02 13:15:00,264.0,264.35,263.67,264.35,9350
2016-05-02 13:30:00,264.3,264.425,263.62,263.7299,6399
2016-05-02 13:45:00,263.71,264.84,263.71,264.54,8500
2016-05-02 14:00:00,264.425,264.53,263.58,263.94,8650
2016-05-02 14:15:00,263.95,264.17,263.58,264.17,11912
2016-05-02 14:30:00,264.2199,264.37,263.87,264.21,6962
2016-05-02 14:45:00,264.02,264.25,263.83,264.1,7500
2016-05-02 15:00:00,263.94,264.18,263.76,263.97,9450
2016-05-02 15:15:00,264.04,264.38,263.89,264.25,13588
2016-05-02 15:30:00,264.26,264.31,263.73,263.89,14632
2016-05-02 15:45:00,263.9434,264.72,263.74,264.64,22095
2016-05-02 16:00:00,264.66,264.72,264.23,264.28,40028
2016-05-03 09:45:00,262.0,264.29,262.0,263.86,21997
2016-05-03 10:00:00,263.89,264.39,263.11,263.82,29834
2016-05-03 10:15:00,264.0,264.16,263.2516,264.075,56443
2016-05-03 10:30:00,264.12,265.62,263.88,265.38,25220
2016-05-03 10:45:00,265.69,266.01,265.14,265.82,46847
2016-05-03 11:00:00,265.62,266.12,265.55,265.99,15839
2016-05-03 11:15:00,265.93,266.55,265.71,266.26,15992
2016-05-03 11:30:00,266.21,266.73,266.13,266.46,15935
2016-05-03 11:45:00,266.4,266.88,266.09,266.88,16853
2016-05-03 12:00:00,266.765,267.405,266.65,267.255,23406
2016-05-03 12:15:00,267.26,267.42,266.86,267.345,17123
2016-05-03 12:30:00,267.3,267.8,267.21,267.615,14877
2016-05-03 12:45:00,267.665,268.19,267.44,268.19,6394
2016-05-03 13:00:00,267.99,268.0654,267.545,267.75,16155
2016-05-03 13:15:00,267.75,267.94,267.51,267.61,13279
2016-05-03 13:30:00,267.57,268.3226,267.57,268.3226,9907
2016-05-03 13:45:00,268.34,268.98,268.16,268.765,17346
2016-05-03 14:00:00,268.82,269.46,268.65,268.67,10848
2016-05-03 14:15:00,268.6,268.83,267.96,268.0,13434
2016-05-03 14:30:00,268.14,268.245,267.53,268.03,16289
2016-05-03 14:45:00,267.92,268.1499,267.74,267.93,7200
2016-05-03 15:00:00,267.92,268.32,267.36,268.15,14725
2016-05-03 15:15:00,268.2,268.4,267.84,267.84,24151
2016-05-03 15:30:00,267.79,268.37,267.79,268.34,19172
2016-05-03 15:45:00,268.26,268.37,267.77,267.95,31637
2016-05-03 16:00:00,267.905,268.54,267.905,268.2,68579
2016-05-04 09:45:00,265.52,266.73,264.68,266.15,16041
2016-05-04 10:00:00,266.3,268.12,265.88,268.03,16653
2016-05-04 10:15:00,268.15,269.16,267.69,269.01,13645
2016-05-04 10:30:00,269.22,269.33,268.35,268.57,18754
2016-05-04 10:45:00,268.25,268.98,268.07,268.37,11650
2016-05-04 11:00:00,268.4,268.79,268.23,268.46,11935
2016-05-04 11:15:00,268.48,269.0,268.34,268.48,17253
2016-05-04 11:30:00,268.545,268.56,268.08,268.25,11143
2016-05-04 11:45:00,268.35,268.79,267.97,268.54,9996
2016-05-04 12:00:00,268.69,269.0,268.65,268.685,8266
2016-05-04 12:15:00,268.61,268.895,268.44,268.83,8402
2016-05-04 12:30:00,268.9,268.9,268.54,268.58,5635
2016-05-04 12:45:00,268.54,268.68,268.16,268.31,7966
2016-05-04 13:00:00,268.28,268.62,268.19,268.55,9470
2016-05-04 13:15:00,268.5,268.75,268.36,268.54,23910
2016-05-04 13:30:00,268.52,269.25,268.48,269.25,15566
2016-05-04 13:45:00,269.09,269.18,268.75,268.75,10057
2016-05-04 14:00:00,268.77,268.79,268.39,268.41,20120
2016-05-04 14:15:00,268.2,268.34,267.82,267.95,9844
2016-05-04 14:30:00,267.89,268.6889,267.89,268.6889,7090
2016-05-04 14:45:00,268.73,268.91,268.55,268.595,13969
2016-05-04 15:00:00,268.66,268.87,268.56,268.8115,8005
2016-05-04 15:15:00,268.78,268.93,268.51,268.93,11584
2016-05-04 15:30:00,269.02,269.13,268.71,268.77,15542
2016-05-04 15:45:00,268.85,269.2999,268.73,268.98,15191
2016-05-04 16:00:00,268.89,268.97,268.47,268.55,62840
2016-05-05 09:45:00,267.71,267.71,265.07,266.68,16460
2016-05-05 10:00:00,266.75,267.1625,265.0,265.05,16376
2016-05-05 10:15:00,265.35,266.68,265.18,266.31,20907
2016-05-05 10:30:00,266.31,266.81,265.47,265.8,16806
2016-05-05 10:45:00,265.94,266.42,265.64,266.26,17177
2016-05-05 11:00:00,266.1,266.46,265.99,266.26,23333
2016-05-05 11:15:00,266.25,266.27,265.26,265.355,9615
2016-05-05 11:30:00,265.29,266.46,265.29,266.01,10281
2016-05-05 11:45:00,265.81,266.79,265.76,266.64,14270
2016-05-05 12:00:00,266.594,266.91,266.18,266.74,12191
2016-05-05 12:15:00,266.53,266.65,266.3426,266.53,5989
2016-05-05 12:30:00,266.31,266.88,266.31,266.67,6938
2016-05-05 12:45:00,266.57,266.94,266.33,266.94,10414
2016-05-05 13:00:00,266.92,267.02,266.54,266.73,8441
2016-05-05 13:15:00,266.68,266.68,265.79,265.87,8220
2016-05-05 13:30:00,265.75,265.75,265.11,265.19,6015
2016-05-05 13:45:00,265.092,265.58,265.092,265.23,14007
2016-05-05 14:00:00,265.19,265.4616,265.0,265.065,18753
2016-05-05 14:15:00,264.95,265.32,264.95,265.11,11064
2016-05-05 14:30:00,265.18,265.25,264.8201,264.895,10848
2016-05-05 14:45:00,264.88,264.88,264.22,264.54,7741
2016-05-05 15:00:00,264.42,264.78,264.42,264.46,17306
2016-05-05 15:15:00,264.415,264.54,263.85,264.44,22495
2016-05-05 15:30:00,264.455,264.5,263.97,264.32,13907
2016-05-05 15:45:00,264.3,264.41,263.9079,263.91,19069
2016-05-05 16:00:00,263.89,263.89,263.32,263.44,73001
2016-05-06 09:45:00,262.15,263.9265,261.52,263.245,21715
2016-05-06 10:00:00,263.25,263.635,262.81,263.0917,8733
2016-05-06 10:15:00,263.15,264.23,262.67,262.67,13878
2016-05-06 10:30:00,262.66,262.88,262.02,262.55,14113
2016-05-06 10:45:00,262.70799999999997,263.02,262.17,262.495,10993
2016-05-06 11:00:00,262.455,262.96,262.12,262.92,16825
2016-05-06 11:15:00,262.98,263.08,262.44,262.44,9424
2016-05-06 11:30:00,262.47,263.46,262.44,263.44,5850
2016-05-06 11:45:00,263.32,263.4,262.47,262.61,12746
2016-05-06 12:00:00,262.47,262.76,262.275,262.75,10028
2016-05-06 12:15:00,262.77,263.14,262.52,262.82,12785
2016-05-06 12:30:00,262.8,263.0955,262.57,263.08,7680
2016-05-06 12:45:00,263.135,263.36,262.84,263.36,3200
2016-05-06 13:00:00,263.27,263.56,263.0,263.432,7664
2016-05-06 13:15:00,263.555,264.33,263.555,264.33,8870
2016-05-06 13:30:00,264.36,265.16,264.35,265.01,15220
2016-05-06 13:45:00,265.01,265.18,264.61,264.71,14330
2016-05-06 14:00:00,264.83,265.39,264.775,265.39,7768
2016-05-06 14:15:00,265.34,266.15,265.34,265.89,13370
2016-05-06 14:30:00,266.0,266.3784,265.83,266.12,11450
2016-05-06 14:45:00,265.91,266.5,265.69,266.2775,9049
2016-05-06 15:00:00,266.22,266.22,265.64,265.77,16254
2016-05-06 15:15:00,265.85,266.21,265.53,265.53,24802
2016-05-06 15:30:00,265.51,266.04,265.46,265.84,17532
2016-05-06 15:45:00,265.81,266.085,265.6,265.78,18562
2016-05-06 16:00:00,265.71,266.0,265.68,265.92,31400
2016-05-09 09:45:00,264.92,268.17,264.82,267.8,23670
2016-05-09 10:00:00,267.8,268.47,266.77,268.03,18448
2016-05-09 10:15:00,268.21,268.52,267.22,268.14,20528
2016-05-09 10:30:00,268.07,268.62,267.97,268.27,13080
2016-05-09 10:45:00,268.09,268.94,267.77,268.72,10687
2016-05-09 11:00:00,268.7057,269.658,268.64,268.93,11776
2016-05-09 11:15:00,268.78,269.405,268.25,268.25,19753
2016-05-09 11:30:00,268.02,268.125,267.15,267.29,19491
2016-05-09 11:45:00,267.32,267.725,267.21,267.66,9683
2016-05-09 12:00:00,267.66,267.85,267.48,267.71,4838
2016-05-09 12:15:00,267.64,267.91,266.63,267.3,15845
2016-05-09 12:30:00,267.28,267.77,267.2,267.28,4000
2016-05-09 12:45:00,267.37,267.73,267.27,267.58,4840
2016-05-09 13:00:00,267.47,268.0,267.24,267.51,3668
2016-05-09 13:15:00,267.74,267.9574,267.34,267.9574,2977
2016-05-09 13:30:00,267.89,268.1335,267.67,267.96,5916
2016-05-09 13:45:00,267.95,268.22,267.81,267.91,2217
2016-05-09 14:00:00,267.72,268.1,267.65,267.6699,4270
2016-05-09 14:15:00,267.65,267.69,267.24,267.366,8410
2016-05-09 14:30:00,267.45,267.47,267.0301,267.45,6637
2016-05-09 14:45:00,267.31,267.4962,267.17,267.4962,5500
2016-05-09 15:00:00,267.525,268.15,267.47,267.94,8498
2016-05-09 15:15:00,267.99,268.14,267.67,267.88,10150
2016-05-09 15:30:00,267.92,267.99,267.62,267.63,12758
2016-05-09 15:45:00,267.63,267.87,267.57,267.81,17557
2016-05-09 16:00:00,267.67,267.81,267.02,267.18,28805
2016-05-10 09:45:00,267.65,268.65,267.26,268.38,13395
2016-05-10 10:00:00,268.75,269.68,267.39,267.79,13412
2016-05-10 10:15:00,267.93,269.3,267.81,268.77,12420
2016-05-10 10:30:00,268.73,268.73,268.0,268.18,11963
2016-05-10 10:45:00,268.15,268.82,267.74,268.63,9218
2016-05-10 11:00:00,268.61,268.61,267.9,268.12,9348
2016-05-10 11:15:00,268.1,268.32,267.8584,268.21,7731
2016-05-10 11:30:00,268.225,268.39,267.88,267.88,5000
2016-05-10 11:45:00,267.89,268.09,267.57,267.92,10931
2016-05-10 12:00:00,267.87,268.52,267.6201,268.52,10919
2016-05-10 12:15:00,268.83,268.89,268.03,268.17,8359
2016-05-10 12:30:00,268.395,268.899,268.37,268.705,5054
2016-05-10 12:45:00,268.57,268.7,268.01,268.53,4785
2016-05-10 13:00:00,268.415,268.86,268.37,268.635,5744
2016-05-10 13:15:00,268.605,268.88,268.34,268.47,5000
2016-05-10 13:30:00,268.39,268.71,268.39,268.71,2461
2016-05-10 13:45:00,268.82,268.94,268.63,268.74,3182
2016-05-10 14:00:00,268.86,269.11,268.73,269.11,4126
2016-05-10 14:15:00,268.99,269.25,268.88,268.88,4290
2016-05-10 14:30:00,268.8,268.8,268.19,268.56,4976
2016-05-10 14:45:00,268.525,268.66,268.405,268.52,6025
2016-05-10 15:00:00,268.46,268.6,268.34,268.46,4769
2016-05-10 15:15:00,268.41,268.88,268.38,268.73,5019
2016-05-10 15:30:00,268.77,269.23,268.585,269.05,14302
2016-05-10 15:45:00,269.045,269.2,268.69,269.13,15184
2016-05-10 16:00:00,269.16,269.34,268.79,268.82,78026
2016-05-11 09:45:00,268.13,268.505,265.51,266.57,19207
2016-05-11 10:00:00,266.33,266.78,265.57,266.62,12993
2016-05-11 10:15:00,267.0,267.52,265.97,267.4,12352
2016-05-11 10:30:00,267.33,267.62,266.87,267.62,10900
2016-05-11 10:45:00,267.61,267.89,265.63,265.8,10778
2016-05-11 11:00:00,265.76,265.76,264.83,265.19,26662
2016-05-11 11:15:00,265.2,265.22,264.08,264.28,20097
2016-05-11 11:30:00,264.33,264.6238,263.845,264.4874,6883
2016-05-11 11:45:00,264.57,264.58,263.61,264.0199,6581
2016-05-11 12:00:00,263.96,264.33,263.72,264.15,12376
2016-05-11 12:15:00,263.99,264.31,263.62,263.8,7200
2016-05-11 12:30:00,263.8,264.1,263.7,263.99,11194
2016-05-11 12:45:00,263.88,263.88,263.4,263.51,6723
2016-05-11 13:00:00,263.52,263.91,263.42,263.9,13165
2016-05-11 13:15:00,263.745,264.32,263.4,264.32,7697
2016-05-11 13:30:00,264.38,264.38,263.83,264.18,32480
2016-05-11 13:45:00,264.25,264.28,263.76,264.1999,11144
2016-05-11 14:00:00,264.0,264.38,263.96,264.38,10148
2016-05-11 14:15:00,264.195,264.38,263.45,263.87,18234
2016-05-11 14:30:00,263.87,264.15,263.57,263.97,15507
2016-05-11 14:45:00,264.03,264.4,263.805,264.17,15461
2016-05-11 15:00:00,264.17,264.17,263.31,263.65,10835
2016-05-11 15:15:00,263.65,263.67,263.18,263.37,12177
2016-05-11 15:30:00,263.35,263.44,263.1,263.26,8614
2016-05-11 15:45:00,263.33,263.53,263.1,263.1,15694
2016-05-11 16:00:00,263.14,263.21,262.65,262.75,52267
2016-05-12 09:45:00,263.01,263.935,261.85,262.14,24134
2016-05-12 10:00:00,262.255,263.7464,262.255,263.57,13912
2016-05-12 10:15:00,263.31,264.26,263.3,263.99,27015
2016-05-12 10:30:00,264.02,264.38,263.42,264.0,11873
2016-05-12 10:45:00,264.0,265.03,263.92,264.28,26075
2016-05-12 11:00:00,264.1,265.01,264.055,264.68,11673
2016-05-12 11:15:00,264.925,265.4,264.43,264.58,16062
2016-05-12 11:30:00,264.58,264.8,264.1701,264.64,22983
2016-05-12 11:45:00,264.5301,264.59,263.77,263.9,22683
2016-05-12 12:00:00,263.84,264.01,263.59,263.6039,11687
2016-05-12 12:15:00,263.54,263.92,263.5,263.71,8345
2016-05-12 12:30:00,263.82,263.85,263.44,263.625,8968
2016-05-12 12:45:00,263.65,263.69,263.2114,263.5,5656
2016-05-12 13:00:00,263.77,264.93,263.74,264.855,8161
2016-05-12 13:15:00,264.85,265.01,264.33,264.565,15118
2016-05-12 13:30:00,264.44,264.69,263.975,264.62,8400
2016-05-12 13:45:00,264.3301,264.66,263.8,264.66,13801
2016-05-12 14:00:00,264.71,264.945,264.355,264.76,32613
2016-05-12 14:15:00,264.83,265.91,264.8,265.835,10055
2016-05-12 14:30:00,265.825,266.4,265.35,266.195,10905
2016-05-12 14:45:00,266.18,266.18,265.59,265.8225,10264
2016-05-12 15:00:00,265.75,266.09,265.37,265.62,8600
2016-05-12 15:15:00,265.64799999999997,265.95,265.48,265.89,14351
2016-05-12 15:30:00,265.93,265.93,265.28,265.36,18133
2016-05-12 15:45:00,265.31,265.41,264.86,265.04,23321
2016-05-12 16:00:00,265.065,265.16,264.64,265.13,55979
2016-05-13 09:45:00,263.54,265.25,263.46,264.97,28879
2016-05-13 10:00:00,265.2,265.2,264.425,264.52,22192
2016-05-13 10:15:00,264.72,264.78,263.25,264.0,28512
2016-05-13 10:30:00,263.98,264.19,263.4,263.87,22187
2016-05-13 10:45:00,263.71,264.25,263.53,263.53,13284
2016-05-13 11:00:00,263.48,264.2655,263.08,263.18,25433
2016-05-13 11:15:00,263.3,264.64,263.3,264.3,11063
2016-05-13 11:30:00,263.9947,264.75,263.83,264.6,7450
2016-05-13 11:45:00,264.66,264.7,263.68,264.19,5110
2016-05-13 12:00:00,263.97,264.22,263.52,263.52,11719
2016-05-13 12:15:00,263.51,264.02,263.04,263.517,11092
2016-05-13 12:30:00,263.43,263.48,262.84,263.38,14917
2016-05-13 12:45:00,263.39,263.39,262.05,262.19,17678
2016-05-13 13:00:00,262.16,262.88,261.81,261.81,18740
2016-05-13 13:15:00,261.82,262.2,261.3,261.83,49530
2016-05-13 13:30:00,261.81,261.83,261.16,261.16,21099
2016-05-13 13:45:00,261.14,261.61,261.14,261.59,12988
2016-05-13 14:00:00,261.5701,261.7,260.2,260.29,34383
2016-05-13 14:15:00,260.25,260.43,259.77,260.1796,32349
2016-05-13 14:30:00,260.07,260.21,259.27,259.55,23630
2016-05-13 14:45:00,259.6,259.7,258.64,258.73,40647
2016-05-13 15:00:00,258.77,259.485,258.59,259.25,67706
2016-05-13 15:15:00,259.09,259.36,258.71,259.2,45034
2016-05-13 15:30:00,259.32,259.38,258.4,258.4,29633
2016-05-13 15:45:00,258.38,258.66,258.05,258.31,30731
2016-05-13 16:00:00,258.27,258.445,257.96,258.22,67191
2016-05-16 09:45:00,257.58,259.36,257.53,259.36,18024
2016-05-16 10:00:00,259.38,260.22,259.12,259.5,24379
2016-05-16 10:15:00,259.5,259.59,259.085,259.21,28876
2016-05-16 10:30:00,259.16,259.72,258.87,259.565,21987
2016-05-16 10:45:00,259.5,260.87,259.495,260.7925,15753
2016-05-16 11:00:00,260.67,260.75,260.14,260.14,6490
2016-05-16 11:15:00,260.19,260.79,260.12,260.3,11878
2016-05-16 11:30:00,260.31,261.3499,260.1,261.1558,5744
2016-05-16 11:45:00,261.16,261.75,261.07,261.75,22200
2016-05-16 12:00:00,261.7533,261.88,261.26,261.46,11289
2016-05-16 12:15:00,261.65,261.778,261.24,261.345,5197
2016-05-16 12:30:00,261.024,261.61,260.995,260.995,16268
2016-05-16 12:45:00,261.0993,261.42,261.0401,261.2875,3428
2016-05-16 13:00:00,261.3604,261.54,260.945,261.36,17399
2016-05-16 13:15:00,261.1801,261.78,261.1754,261.78,4688
2016-05-16 13:30:00,261.76,262.2,261.67,262.09,8377
2016-05-16 13:45:00,261.98,262.29,261.88,262.03,8103
2016-05-16 14:00:00,262.1,262.32,262.0,262.15,5571
2016-05-16 14:15:00,262.16,262.85,262.1,262.73,8928
2016-05-16 14:30:00,262.68,262.96,262.19,262.2,17153
2016-05-16 14:45:00,262.23,262.48,262.01,262.01,12361
2016-05-16 15:00:00,262.13,262.407,261.55,261.78,24696
2016-05-16 15:15:00,261.76,262.1,261.76,261.96,7676
2016-05-16 15:30:00,261.96,262.57,261.96,262.53,18046
2016-05-16 15:45:00,262.5,262.505,261.55,261.93,30771
2016-05-16 16:00:00,261.98,262.03,261.62,261.87,57887
2016-05-17 09:45:00,260.07,261.64,259.33,259.56,49002
2016-05-17 10:00:00,259.57,260.575,258.44,260.0,63622
2016-05-17 10:15:00,260.0,260.01,258.955,259.32,25257
2016-05-17 10:30:00,259.41,260.78,259.38,259.62,39007
2016-05-17 10:45:00,259.63,260.1,258.83,258.95,20915
2016-05-17 11:00:00,258.95,259.11,258.59,258.735,17477
2016-05-17 11:15:00,258.93,258.99,257.93,258.13,14723
2016-05-17 11:30:00,258.15,258.29,257.49,257.64,34438
2016-05-17 11:45:00,257.64,258.34,257.43,257.545,15979
2016-05-17 12:00:00,257.43,258.71,257.29,258.43,36483
2016-05-17 12:15:00,258.44,258.56,257.66,257.84,42306
2016-05-17 12:30:00,257.64,257.73,256.965,257.48,31161
2016-05-17 12:45:00,257.44,258.09,257.11,257.8,20312
2016-05-17 13:00:00,257.705,257.705,257.08,257.64,22435
2016-05-17 13:15:00,257.62,257.752,257.22,257.54,16323
2016-05-17 13:30:00,257.58,258.0,257.49,257.79,18328
2016-05-17 13:45:00,257.81,257.89,257.3,257.3,16078
2016-05-17 14:00:00,257.27,257.515,256.38,256.38,20901
2016-05-17 14:15:00,256.51,256.76,255.34,255.62,33686
2016-05-17 14:30:00,255.66,255.66,253.91,254.135,55138
2016-05-17 14:45:00,254.05,254.43,253.64,254.1,65182
2016-05-17 15:00:00,254.22,254.4,253.31,254.13,31031
2016-05-17 15:15:00,254.22,255.01,254.22,254.23,15793
2016-05-17 15:30:00,254.13,254.38,253.35,253.54,24329
2016-05-17 15:45:00,253.49,254.3,253.3,253.93,48617
2016-05-17 16:00:00,254.0073,254.38,253.64,254.16,86386
2016-05-18 09:45:00,253.98,255.43,251.66,253.24,52768
2016-05-18 10:00:00,253.185,253.52,251.685,252.28,57663
2016-05-18 10:15:00,252.28,253.59,252.19,253.48,30930
2016-05-18 10:30:00,253.625,255.22,253.325,254.81,29796
2016-05-18 10:45:00,254.66,255.36,254.36,254.766,18114
2016-05-18 11:00:00,254.975,255.62,253.76,253.7985,23366
2016-05-18 11:15:00,253.77,254.44,253.72,254.42,24285
2016-05-18 11:30:00,254.51,254.72,252.4,254.08,41976
2016-05-18 11:45:00,254.08,254.58,253.54,253.54,18490
2016-05-18 12:00:00,253.75,254.83,253.47,253.83,21760
2016-05-18 12:15:00,253.79,254.13,253.46,253.89,10324
2016-05-18 12:30:00,253.83,254.72,253.83,254.01,11720
2016-05-18 12:45:00,254.01,254.5052,253.66,254.5052,19380
2016-05-18 13:00:00,254.485,254.61,253.96,254.52,31064
2016-05-18 13:15:00,254.7,255.17,254.55,254.88,18628
2016-05-18 13:30:00,254.8,256.2,254.72,256.16,32803
2016-05-18 13:45:00,256.1101,256.26,255.69,255.88,17964
2016-05-18 14:00:00,255.845,256.28,255.44,255.44,24181
2016-05-18 14:15:00,255.25,255.46,254.15,255.09,26111
2016-05-18 14:30:00,254.66,255.51,254.28,254.4,24324
2016-05-18 14:45:00,254.38,255.05,254.12,254.94,30517
2016-05-18 15:00:00,254.94,255.54,254.71,255.22,12474
2016-05-18 15:15:00,255.34,255.835,254.87,255.105,14282
2016-05-18 15:30:00,255.11,255.25,254.62,254.86,21691
2016-05-18 15:45:00,254.86,255.44,254.66,255.38,27798
2016-05-18 16:00:00,255.4,255.93,255.35,255.63,56591
2016-05-19 09:45:00,249.03,254.51,248.14,253.3775,149498
2016-05-19 10:00:00,253.48,253.78,252.0,252.05,50038
2016-05-19 10:15:00,252.04,253.99,252.04,252.94,32167
2016-05-19 10:30:00,252.94,255.48,252.75,254.36,21382
2016-05-19 10:45:00,254.68,256.0,253.85,255.76,27920
2016-05-19 11:00:00,255.6013,255.6013,254.4,254.86,14904
2016-05-19 11:15:00,254.96,255.43,254.5,255.31,26259
2016-05-19 11:30:00,255.55,255.69,254.5,255.18,17941
2016-05-19 11:45:00,255.21,255.42,254.69,254.975,18671
2016-05-19 12:00:00,254.9,255.56,254.37,255.11,24737
2016-05-19 12:15:00,255.33,255.49,254.565,254.72,11858
2016-05-19 12:30:00,254.95,255.2,254.06,254.2,30947
2016-05-19 12:45:00,254.39,254.49,253.46,253.5901,13086
2016-05-19 13:00:00,253.71,254.26,253.48,253.89,8047
2016-05-19 13:15:00,254.1,254.58,253.8975,254.58,7649
2016-05-19 13:30:00,254.42,254.42,253.67,253.92,9058
2016-05-19 13:45:00,253.94,254.5,253.7901,254.11,10039
2016-05-19 14:00:00,254.0,254.4899,253.43,253.99,10600
2016-05-19 14:15:00,253.99,254.77,253.8,254.47,13474
2016-05-19 14:30:00,254.38,254.75,254.02,254.39,10902
2016-05-19 14:45:00,254.59,254.72,254.0,254.63,17624
2016-05-19 15:00:00,254.55,255.02,254.1,254.67,18408
2016-05-19 15:15:00,254.78,256.1,254.78,255.9864,16812
2016-05-19 15:30:00,255.81,255.9,255.31,255.68,10174
2016-05-19 15:45:00,255.7,256.05,255.14,255.75,27890
2016-05-19 16:00:00,255.74,256.0999,255.39,255.46,81864
2016-05-20 09:45:00,256.11,256.96,255.47,255.93,64613
2016-05-20 10:00:00,256.19,257.65,255.8,257.39,23027
2016-05-20 10:15:00,257.51,258.31,257.1,257.74,35113
2016-05-20 10:30:00,257.76,258.04,256.96,257.34,32249
2016-05-20 10:45:00,257.26,258.42,257.13,258.38,30371
2016-05-20 11:00:00,258.355,258.56,257.18,257.33,18174
2016-05-20 11:15:00,257.36,257.5,256.54,256.79,15722
2016-05-20 11:30:00,256.74,257.39,256.56,257.03,7035
2016-05-20 11:45:00,257.03,257.78,256.89,256.98,11018
2016-05-20 12:00:00,257.075,257.18,256.38,256.39,12446
2016-05-20 12:15:00,256.51,256.61,256.02,256.02,7042
2016-05-20 12:30:00,255.96,256.33,255.93,256.32,9718
2016-05-20 12:45:00,256.32,256.47,255.71,255.7904,30663
2016-05-20 13:00:00,255.73,256.55,255.61,256.14,25302
2016-05-20 13:15:00,256.17,256.23,255.59,256.1389,18735
2016-05-20 13:30:00,256.03,256.54,255.87,256.175,38606
2016-05-20 13:45:00,256.13,256.45,255.97,256.3827,18460
2016-05-20 14:00:00,256.39,256.43,255.8,256.43,12488
2016-05-20 14:15:00,256.245,256.83,256.04,256.65,8270
2016-05-20 14:30:00,256.65,257.203,256.62,257.11,13372
2016-05-20 14:45:00,257.06,257.434,256.94,257.11,11900
2016-05-20 15:00:00,257.06,257.22,256.78,257.12,16036
2016-05-20 15:15:00,257.143,257.143,256.57,256.865,15689
2016-05-20 15:30:00,256.865,257.03,256.39,256.4,14945
2016-05-20 15:45:00,256.42,257.128,256.42,256.505,14258
2016-05-20 16:00:00,256.495,256.905,256.495,256.79,47816
2016-05-23 09:45:00,256.66,257.64,255.71,256.25,14875
2016-05-23 10:00:00,256.7,257.67,256.25,257.255,22653
2016-05-23 10:15:00,257.36,257.49,256.7,256.83,25010
2016-05-23 10:30:00,256.83,257.35,256.58,256.61,13523
2016-05-23 10:45:00,256.6,256.97,256.28,256.6699,13819
2016-05-23 11:00:00,256.52,256.81,256.26,256.78,12592
2016-05-23 11:15:00,256.61,256.88,255.95,256.02,25305
2016-05-23 11:30:00,255.985,256.56,255.83,256.045,29337
2016-05-23 11:45:00,256.11,256.46,255.16,255.7,23492
2016-05-23 12:00:00,255.68,255.68,254.94,254.96,8174
2016-05-23 12:15:00,254.89,255.8,254.89,255.3,10166
2016-05-23 12:30:00,255.19,255.27,254.67,254.94,21782
2016-05-23 12:45:00,255.0,255.2,254.78,254.88,14267
2016-05-23 13:00:00,254.88,255.03,254.67,254.91,15689
2016-05-23 13:15:00,254.9,255.28,254.9,255.0,10100
2016-05-23 13:30:00,255.0,255.14,254.1,254.29,8370
2016-05-23 13:45:00,254.31,254.5799,254.16,254.44,16735
2016-05-23 14:00:00,254.44,255.04,254.4,254.8,6524
2016-05-23 14:15:00,254.87,254.903,254.5,254.56,7578
2016-05-23 14:30:00,254.66,255.085,254.66,255.0,13266
2016-05-23 14:45:00,254.83,255.225,254.5,254.5,20790
2016-05-23 15:00:00,254.45,254.53,253.89,254.05,10710
2016-05-23 15:15:00,254.0825,254.37,253.76,253.76,12250
2016-05-23 15:30:00,253.75,254.13,253.5614,254.01,10000
2016-05-23 15:45:00,254.11,254.45,253.64,253.91,14288
2016-05-23 16:00:00,253.87,253.93,253.17,253.32,59410
2016-05-24 09:45:00,252.72,255.81,250.9,255.81,37546
2016-05-24 10:00:00,255.9,257.26,255.19,257.09,27649
2016-05-24 10:15:00,257.12,258.03,256.9,256.95,16969
2016-05-24 10:30:00,257.1991,259.0,256.84,259.0,31796
2016-05-24 10:45:00,258.93,258.96,257.93,257.94,52239
2016-05-24 11:00:00,257.78,258.17,257.08,257.55,25827
2016-05-24 11:15:00,257.6,258.39,257.54,258.1,22527
2016-05-24 11:30:00,258.16,258.16,257.63,257.7833,15824
2016-05-24 11:45:00,257.79,258.37,257.69,258.27,32745
2016-05-24 12:00:00,258.33,258.445,257.93,258.37,24854
2016-05-24 12:15:00,258.37,258.37,257.76,257.76,14094
2016-05-24 12:30:00,257.44,258.3,257.44,258.22,10022
2016-05-24 12:45:00,258.29,258.505,257.76,257.86,10905
2016-05-24 13:00:00,257.86,258.27,257.78,258.245,7482
2016-05-24 13:15:00,258.17,258.25,257.71,257.75,15928
2016-05-24 13:30:00,257.77,258.09,257.48,258.05,10017
2016-05-24 13:45:00,258.11,258.11,257.15,257.22,30951
2016-05-24 14:00:00,257.215,257.28,256.61,256.79,14638
2016-05-24 14:15:00,256.75,256.95,256.45,256.95,17789
2016-05-24 14:30:00,256.93,257.08,256.8,257.055,10937
2016-05-24 14:45:00,257.09,257.465,257.04,257.21,13020
2016-05-24 15:00:00,257.25,257.41,257.04,257.21,10345
2016-05-24 15:15:00,257.25,257.48,257.065,257.38,13200
2016-05-24 15:30:00,257.39,258.03,257.35,257.9213,21627
2016-05-24 15:45:00,257.95599999999996,258.11,257.54,257.79,38638
2016-05-24 16:00:00,257.74,257.94,257.305,257.51,31976
2016-05-25 09:45:00,257.8,258.93,257.22,258.93,37824
2016-05-25 10:00:00,258.97,259.47,257.87,258.75,51819
2016-05-25 10:15:00,258.675,260.295,258.675,260.26,30815
2016-05-25 10:30:00,260.17,261.69,259.84,261.275,44111
2016-05-25 10:45:00,261.23,261.59,260.46,261.58,42574
2016-05-25 11:00:00,261.515,262.48,261.48,262.18,42066
2016-05-25 11:15:00,262.07,262.29,261.31,261.63,20780
2016-05-25 11:30:00,261.61,262.24,261.41,262.02,20887
2016-05-25 11:45:00,261.905,262.76,261.905,262.41,12006
2016-05-25 12:00:00,262.4,263.24,262.365,263.16,44178
2016-05-25 12:15:00,263.115,263.22,262.03,262.21,43333
2016-05-25 12:30:00,262.23,262.74,261.9,262.02,11167
2016-05-25 12:45:00,262.17,262.67,262.17,262.51,26413
2016-05-25 13:00:00,262.45,262.67,262.24,262.515,10713
2016-05-25 13:15:00,262.515,262.97,262.4,262.8411,17599
2016-05-25 13:30:00,262.93,263.13,262.75,263.03,15156
2016-05-25 13:45:00,262.97,263.3485,262.93,263.11,19225
2016-05-25 14:00:00,263.0369,263.31,262.92,263.24,11109
2016-05-25 14:15:00,263.22,263.27,262.69,263.17,23465
2016-05-25 14:30:00,263.105,263.3,263.015,263.115,15855
2016-05-25 14:45:00,263.13,263.59,262.99,263.47,29366
2016-05-25 15:00:00,263.46,263.79,263.01,263.02,27547
2016-05-25 15:15:00,263.08,263.78,262.91,263.39,44625
2016-05-25 15:30:00,263.48,264.34,263.41,264.34,30192
2016-05-25 15:45:00,264.19,264.4,263.87,264.1,54540
2016-05-25 16:00:00,264.06,264.1,263.66,263.71,113400
2016-05-26 09:45:00,264.18,265.78,263.745,265.51,42431
2016-05-26 10:00:00,265.75,267.15,265.58,266.2,22417
2016-05-26 10:15:00,266.39,267.455,265.95,267.455,31043
2016-05-26 10:30:00,267.47900000000004,267.75,265.9,266.21,30118
2016-05-26 10:45:00,266.39,266.98,265.95,266.05,13716
2016-05-26 11:00:00,266.1301,266.275,265.36,265.93,10199
2016-05-26 11:15:00,265.77,265.93,265.23,265.355,25298
2016-05-26 11:30:00,265.4,265.79,265.09,265.4925,32750
2016-05-26 11:45:00,265.49,265.7,265.17,265.6,18261
2016-05-26 12:00:00,265.56,265.585,265.17,265.29,24772
2016-05-26 12:15:00,265.22,265.43,264.79,265.02,22001
2016-05-26 12:30:00,264.96,265.1,264.74,264.94,30815
2016-05-26 12:45:00,264.89,265.08,264.45,264.55,49760
2016-05-26 13:00:00,264.47,264.47,264.0,264.17,10913
2016-05-26 13:15:00,264.07,264.18,263.8896,264.18,7620
2016-05-26 13:30:00,264.33,264.65,264.03,264.16,13087
2016-05-26 13:45:00,264.18,264.54,263.88,264.44,7809
2016-05-26 14:00:00,264.535,264.535,263.96,264.5,8865
2016-05-26 14:15:00,264.4,264.58,264.16,264.37,12413
2016-05-26 14:30:00,264.34,264.56,264.02,264.02,11821
2016-05-26 14:45:00,264.09,264.6356,264.09,264.44,11201
2016-05-26 15:00:00,264.44,264.44,263.66,264.0,12109
2016-05-26 15:15:00,263.935,264.37,263.84,263.84,17673
2016-05-26 15:30:00,263.83,264.42,263.78,264.01,19803
2016-05-26 15:45:00,264.07,264.24,263.89,263.99,18229
2016-05-26 16:00:00,264.08,264.215,263.73,264.09,52148
2016-05-27 09:45:00,264.5,266.03,264.5,266.01,17285
2016-05-27 10:00:00,266.01,266.36,265.215,266.23,21628
2016-05-27 10:15:00,266.29,266.69,266.11,266.54,14002
2016-05-27 10:30:00,266.32,266.56,265.7,266.26,15764
2016-05-27 10:45:00,266.42,267.11,266.18,266.33,15676
2016-05-27 11:00:00,266.53,266.57,265.855,266.04,9111
2016-05-27 11:15:00,266.03,266.2,265.45,265.75,9926
2016-05-27 11:30:00,265.75,265.75,265.29,265.62,12050
2016-05-27 11:45:00,265.765,266.41,265.69,266.0,9922
2016-05-27 12:00:00,265.915,266.34,265.575,265.79,9238
2016-05-27 12:15:00,265.67,265.73,265.31,265.31,6985
2016-05-27 12:30:00,265.18,265.59,265.15,265.49,6100
2016-05-27 12:45:00,265.65,265.81,265.4,265.73,8313
2016-05-27 13:00:00,265.64,265.865,265.5,265.64,8853
2016-05-27 13:15:00,265.68,265.74,265.44,265.51,7880
2016-05-27 13:30:00,265.5,265.65,265.2,265.45,11402
2016-05-27 13:45:00,265.51,265.635,265.16,265.59,9763
2016-05-27 14:00:00,265.59,265.71,265.1,265.37,9009
2016-05-27 14:15:00,265.32,265.42,265.0479,265.23,16230
2016-05-27 14:30:00,265.21,265.7099,265.21,265.7099,7304
2016-05-27 14:45:00,265.61,265.95,265.29,265.38,9074
2016-05-27 15:00:00,265.43,265.94,265.43,265.55,8900
2016-05-27 15:15:00,265.6,265.83,265.485,265.65,10471
2016-05-27 15:30:00,265.64,265.73,265.4,265.5,9100
2016-05-27 15:45:00,265.59,265.81,265.4156,265.735,16038
2016-05-27 16:00:00,265.7225,265.93,265.55,265.87,68811
2016-05-31 09:45:00,267.08,267.09,264.17,264.9,22433
2016-05-31 10:00:00,265.04,265.68,264.88,265.07,17992
2016-05-31 10:15:00,265.09,265.44,264.58,265.01,16108
2016-05-31 10:30:00,265.0,265.25,264.715,265.04,19911
2016-05-31 10:45:00,264.88,265.22,264.04,264.04,11251
2016-05-31 11:00:00,264.12,265.02,264.12,264.66,34237
2016-05-31 11:15:00,264.8,265.64,264.62,265.32,20332
2016-05-31 11:30:00,265.21,265.82,265.05,265.18,13509
2016-05-31 11:45:00,265.25,265.46,265.0,265.256,12735
2016-05-31 12:00:00,265.2,265.43,264.95,265.145,8576
2016-05-31 12:15:00,265.2035,265.32,264.88,265.15,12647
2016-05-31 12:30:00,265.0,265.25,264.78,265.0521,8200
2016-05-31 12:45:00,265.04,265.2125,264.83,265.06,13687
2016-05-31 13:00:00,265.04,265.3,264.79,264.92,8670
2016-05-31 13:15:00,264.975,265.09,264.46,264.66,12196
2016-05-31 13:30:00,264.675,265.05,264.44,264.86,13200
2016-05-31 13:45:00,264.91,265.14,264.6,264.71,17367
2016-05-31 14:00:00,264.5719,265.0,264.38,264.7608,20572
2016-05-31 14:15:00,264.69,264.87,263.87,264.2,35282
2016-05-31 14:30:00,264.27,264.95,263.92,264.5,19746
2016-05-31 14:45:00,264.71,264.71,264.23,264.46,15693
2016-05-31 15:00:00,264.46,264.72,264.07,264.53,14464
2016-05-31 15:15:00,264.46,264.61,263.83,263.88,14198
2016-05-31 15:30:00,263.77,264.5425,263.77,264.34,16239
2016-05-31 15:45:00,264.35,264.96,264.24,264.69,26933
2016-05-31 16:00:00,264.77,264.96,264.41,264.47,67016
2016-06-01 09:45:00,264.34,265.2645,263.58,264.81,23559
2016-06-01 10:00:00,264.84,266.07,264.84,265.85,7237
2016-06-01 10:15:00,265.76,266.56,265.5,266.05,16652
2016-06-01 10:30:00,265.865,266.11,264.5,264.7,23783
2016-06-01 10:45:00,264.75,265.02,264.395,264.885,15100
2016-06-01 11:00:00,265.04,265.71,264.93,265.09,21109
2016-06-01 11:15:00,265.2,265.53,264.99,264.99,7618
2016-06-01 11:30:00,264.96,264.96,264.15,264.285,11883
2016-06-01 11:45:00,264.28,264.29,263.17,263.505,14165
2016-06-01 12:00:00,263.51,263.65,263.31,263.37,27066
2016-06-01 12:15:00,263.36,263.9225,263.36,263.65,18616
2016-06-01 12:30:00,263.735,263.91,263.6971,263.85,6278
2016-06-01 12:45:00,263.76,263.83,263.45,263.71,9300
2016-06-01 13:00:00,263.675,263.81,263.05,263.65,14770
2016-06-01 13:15:00,263.6,263.8,263.03,263.03,12023
2016-06-01 13:30:00,263.105,263.28,262.775,262.79,8400
2016-06-01 13:45:00,262.81,263.09,262.425,262.8,17205
2016-06-01 14:00:00,262.8,263.25,262.62,263.21,10983
2016-06-01 14:15:00,263.17,263.51,262.705,263.42,11080
2016-06-01 14:30:00,263.4772,263.73,263.05,263.43,13588
2016-06-01 14:45:00,263.26,263.26,262.66,262.9,27715
2016-06-01 15:00:00,262.92,263.25,262.72,263.25,13513
2016-06-01 15:15:00,263.23,263.58,262.96,263.57,19488
2016-06-01 15:30:00,263.57,263.93,263.36,263.89,17765
2016-06-01 15:45:00,263.8,263.93,263.42,263.65,18700
2016-06-01 16:00:00,263.52,263.68,263.18,263.56,51881
2016-06-02 09:45:00,263.19,263.19,260.11,260.26,76909
2016-06-02 10:00:00,261.25,262.53,260.38,261.51,23878
2016-06-02 10:15:00,261.93,262.47,261.01,261.22,24622
2016-06-02 10:30:00,261.42,262.37,261.14,261.81,12532
2016-06-02 10:45:00,261.8,262.62,261.21,262.56,22604
2016-06-02 11:00:00,262.46,262.82,261.82,262.27,11300
2016-06-02 11:15:00,262.3,262.94,261.85,262.89,25264
2016-06-02 11:30:00,262.95,263.47,262.3475,262.86,12887
2016-06-02 11:45:00,262.73,263.37,262.63,263.04,10745
2016-06-02 12:00:00,262.9,263.06,262.34,262.71,9200
2016-06-02 12:15:00,262.71,262.71,261.745,261.745,14450
2016-06-02 12:30:00,261.74,261.83,261.32,261.75,12706
2016-06-02 12:45:00,261.76,262.13,261.68,261.94,10817
2016-06-02 13:00:00,261.93,262.66,261.8,262.65,9908
2016-06-02 13:15:00,262.83,262.87,262.26,262.35,11000
2016-06-02 13:30:00,262.38,262.89,262.32,262.89,9483
2016-06-02 13:45:00,262.9,262.91,262.24,262.91,7385
2016-06-02 14:00:00,262.91,263.406,262.7873,262.94,8235
2016-06-02 14:15:00,262.93,263.2,262.63,263.0,12267
2016-06-02 14:30:00,262.95,263.73,262.87,263.3193,19492
2016-06-02 14:45:00,263.43,263.66,263.3,263.3,16538
2016-06-02 15:00:00,263.29,263.53,262.9,263.15,17228
2016-06-02 15:15:00,263.11,263.19,262.61,262.85,13192
2016-06-02 15:30:00,262.8316,262.89,262.45,262.57,26141
2016-06-02 15:45:00,262.66,262.99,262.51,262.63,30346
2016-06-02 16:00:00,262.665,262.78,262.5,262.68,63476
2016-06-03 09:45:00,262.38,262.505,260.24,260.74,20767
2016-06-03 10:00:00,260.71,260.725,259.25,259.49,28360
2016-06-03 10:15:00,259.48,259.56,258.37,259.005,23201
2016-06-03 10:30:00,259.075,259.765,258.69,259.2,30072
2016-06-03 10:45:00,259.07,259.65,258.9,259.41,13754
2016-06-03 11:00:00,259.48,260.89,259.48,260.725,14465
2016-06-03 11:15:00,260.79,260.99,260.13,260.235,15685
2016-06-03 11:30:00,260.255,260.58,260.22,260.58,14950
2016-06-03 11:45:00,260.58,261.27,260.58,261.27,3846
2016-06-03 12:00:00,261.4,261.5,261.02,261.42,7910
2016-06-03 12:15:00,261.5,261.6,260.55,260.64,6751
2016-06-03 12:30:00,260.63,260.91,260.26,260.26,9807
2016-06-03 12:45:00,260.34,260.73,260.25,260.7,6023
2016-06-03 13:00:00,260.58,260.63,260.14,260.22,7265
2016-06-03 13:15:00,260.29,260.29,259.9,260.11,20992
2016-06-03 13:30:00,260.06,260.32,259.91,259.94,9049
2016-06-03 13:45:00,260.05,260.29,259.88,260.15,6083
2016-06-03 14:00:00,260.2,260.48,259.91,260.26,6484
2016-06-03 14:15:00,260.25,260.36,259.84,260.01,7250
2016-06-03 14:30:00,260.04,260.04,259.65,259.75,8295
2016-06-03 14:45:00,259.8871,260.13,259.85,260.115,19231
2016-06-03 15:00:00,260.14,260.38,260.1,260.11,9547
2016-06-03 15:15:00,260.11,260.21,259.985,260.21,16481
2016-06-03 15:30:00,260.16,260.24,259.83,259.83,18023
2016-06-03 15:45:00,259.905,260.0,259.52,259.52,14907
2016-06-03 16:00:00,259.55,259.93,259.46,259.53,64139
2016-06-06 09:45:00,258.96,258.96,257.77,258.5716,31011
2016-06-06 10:00:00,258.67,259.04,258.41,258.48,29755
2016-06-06 10:15:00,258.29,258.95,258.05,258.8156,11186
2016-06-06 10:30:00,258.97,259.11,258.15,258.3,27326
2016-06-06 10:45:00,258.29,258.45,257.77,258.035,26002
2016-06-06 11:00:00,258.035,258.65,257.93,258.47,9325
2016-06-06 11:15:00,258.46,258.67,258.08,258.25,29310
2016-06-06 11:30:00,258.28,258.46,257.82,258.185,22651
2016-06-06 11:45:00,258.12,258.42,258.0,258.22,16361
2016-06-06 12:00:00,258.26,258.394,257.82,258.25,17866
2016-06-06 12:15:00,258.27,258.4,257.51,257.53,9598
2016-06-06 12:30:00,257.54,257.725,257.4471,257.56,13544
2016-06-06 12:45:00,257.53,258.09,257.47,258.09,10337
2016-06-06 13:00:00,258.03,258.12,257.14,257.8,10450
2016-06-06 13:15:00,257.88,258.31,257.69,258.155,6661
2016-06-06 13:30:00,258.26,258.31,258.01,258.2,14944
2016-06-06 13:45:00,258.28,258.73,258.18,258.56,12214
2016-06-06 14:00:00,258.64,258.9,258.42,258.46299999999997,12458
2016-06-06 14:15:00,258.55,258.83,258.42,258.71,8372
2016-06-06 14:30:00,258.71,258.99,258.52,258.86,14184
2016-06-06 14:45:00,258.895,258.895,258.54,258.75,13860
2016-06-06 15:00:00,258.81,258.99,258.6,258.73,8205
2016-06-06 15:15:00,258.8168,259.04,258.66,258.94,11448
2016-06-06 15:30:00,258.92,259.07,258.75,258.89,15056
2016-06-06 15:45:00,258.91,259.34,258.9,258.99,23079
2016-06-06 16:00:00,258.99,259.28,258.77,258.89,51237
2016-06-07 09:45:00,258.48,259.71,258.45,259.23,14830
2016-06-07 10:00:00,259.44,259.7,259.14,259.45,10000
2016-06-07 10:15:00,259.2,260.36,259.01,260.2704,11169
2016-06-07 10:30:00,260.075,260.38,259.1,259.1,12818
2016-06-07 10:45:00,259.25,260.12,259.17,259.63,28822
2016-06-07 11:00:00,259.63,259.94,259.05,259.45,14550
2016-06-07 11:15:00,259.59,260.18,259.425,259.69,12410
2016-06-07 11:30:00,259.6,260.27,259.6,260.27,11358
2016-06-07 11:45:00,260.31,260.58,260.055,260.56,9662
2016-06-07 12:00:00,260.52,260.85,260.31,260.68,7545
2016-06-07 12:15:00,260.64,260.81,260.2634,260.74,9438
2016-06-07 12:30:00,260.8,261.0,260.24,260.66,9385
2016-06-07 12:45:00,260.78,260.99,260.59,260.96,6050
2016-06-07 13:00:00,260.91,261.16,260.8,261.04,8730
2016-06-07 13:15:00,260.9,261.15,260.841,261.06,8305
2016-06-07 13:30:00,261.07,261.24,260.88,261.16,14803
2016-06-07 13:45:00,261.22,261.26,260.8,261.17,11498
2016-06-07 14:00:00,261.09,261.16,260.615,260.8,10986
2016-06-07 14:15:00,260.74,261.13,260.73,260.99,11761
2016-06-07 14:30:00,260.93,261.02,260.61,260.87,10000
2016-06-07 14:45:00,260.76,260.86,260.49,260.62,10934
2016-06-07 15:00:00,260.65,260.74,260.37,260.73,10333
2016-06-07 15:15:00,260.66,261.11,260.65,260.85,10213
2016-06-07 15:30:00,260.93,261.15,260.59,260.97,19805
2016-06-07 15:45:00,260.96,261.0,260.18,260.59,13898
2016-06-07 16:00:00,260.32,260.66,260.1001,260.31,49393
2016-06-08 09:45:00,259.88,260.99,259.6,260.305,18408
2016-06-08 10:00:00,260.51,261.1,260.49,261.1,5696
2016-06-08 10:15:00,260.91,261.53,260.85,261.49,26383
2016-06-08 10:30:00,261.34,261.93,260.85,261.72,13482
2016-06-08 10:45:00,261.6625,262.06,261.56,261.705,15413
2016-06-08 11:00:00,261.68,262.04,261.0,261.05,7498
2016-06-08 11:15:00,261.03,261.59,261.03,261.44,7785
2016-06-08 11:30:00,261.48,261.86,261.35,261.64,8738
2016-06-08 11:45:00,261.61,262.08,261.505,261.91,6540
2016-06-08 12:00:00,261.85,262.075,261.56,261.56,7942
2016-06-08 12:15:00,261.48,261.6,261.23,261.545,3500
2016-06-08 12:30:00,261.6,261.687,261.32,261.6296,5533
2016-06-08 12:45:00,261.68,261.74,261.54,261.645,4700
2016-06-08 13:00:00,261.64,261.79,261.23,261.6,17150
2016-06-08 13:15:00,261.59,261.61,261.26,261.26,10524
2016-06-08 13:30:00,261.26,261.7,261.21,261.23,10779
2016-06-08 13:45:00,261.25,261.28,261.02,261.13,4101
2016-06-08 14:00:00,261.17,261.38,261.07,261.35,7600
2016-06-08 14:15:00,261.27,261.41,261.24,261.3577,6854
2016-06-08 14:30:00,261.43,261.7,261.32,261.57,5898
2016-06-08 14:45:00,261.71,261.88,261.69,261.88,5644
2016-06-08 15:00:00,261.9,262.08,261.9,261.98,11708
2016-06-08 15:15:00,261.9,262.14,261.9,262.0363,7694
2016-06-08 15:30:00,262.045,262.125,261.63,261.84,10851
2016-06-08 15:45:00,261.76099999999997,261.78,261.62,261.64,10089
2016-06-08 16:00:00,261.63,261.71,261.22,261.31,33140
2016-06-09 09:45:00,261.23,264.03,260.46,263.46,29833
2016-06-09 10:00:00,263.39,264.11,263.0801,264.0,16138
2016-06-09 10:15:00,263.99,264.12,263.57,263.6,20208
2016-06-09 10:30:00,263.68,264.37,263.47,263.47,21613
2016-06-09 10:45:00,263.45,263.54,262.687,263.16,11485
2016-06-09 11:00:00,263.23,263.62,262.55,262.64,13179
2016-06-09 11:15:00,262.64,262.84,262.2875,262.34,5715
2016-06-09 11:30:00,262.37,262.37,261.75,261.91,8628
2016-06-09 11:45:00,262.02,262.3069,261.65,262.23,6796
2016-06-09 12:00:00,262.23,262.45,261.98,262.0,5490
2016-06-09 12:15:00,261.9,261.98,260.99,261.22,15715
2016-06-09 12:30:00,261.25,261.49,261.045,261.16,10682
2016-06-09 12:45:00,261.195,261.42,261.1,261.29,5300
2016-06-09 13:00:00,261.26,261.65,261.1416,261.42,5532
2016-06-09 13:15:00,261.332,261.34,260.97,261.32,6224
2016-06-09 13:30:00,261.54,261.81,261.41,261.65,5871
2016-06-09 13:45:00,261.65,261.96,261.64,261.72,5800
2016-06-09 14:00:00,261.74,261.925,261.26,261.63,7449
2016-06-09 14:15:00,261.61,261.75,261.34,261.74,7072
2016-06-09 14:30:00,261.7803,261.88,261.5565,261.5565,6469
2016-06-09 14:45:00,261.5625,262.28,261.56,262.28,14083
2016-06-09 15:00:00,262.55,262.55,262.01,262.43,7848
2016-06-09 15:15:00,262.312,262.62,262.19,262.235,10960
2016-06-09 15:30:00,262.21,262.53,262.066,262.495,13802
2016-06-09 15:45:00,262.5,262.8,262.36,262.8,22903
2016-06-09 16:00:00,262.8,262.8,262.21,262.34,25756
2016-06-10 09:45:00,260.07,263.33,259.56,263.04,35391
2016-06-10 10:00:00,263.42,263.46,262.46,262.83,28799
2016-06-10 10:15:00,262.81,263.01,262.12,262.8,17813
2016-06-10 10:30:00,262.72,262.85,262.06,262.3697,14940
2016-06-10 10:45:00,262.4199,263.05,262.25,262.7,10115
2016-06-10 11:00:00,262.59,262.96,262.26,262.8,12695
2016-06-10 11:15:00,262.81,263.01,262.22,262.59,9684
2016-06-10 11:30:00,262.75,262.75,262.2624,262.43,7815
2016-06-10 11:45:00,262.47,262.69599999999997,262.03,262.17,4891
2016-06-10 12:00:00,262.16,262.65,261.9,262.65,5930
2016-06-10 12:15:00,262.562,262.82,261.64,261.64,5161
2016-06-10 12:30:00,261.58,261.97,261.29,261.5,6974
2016-06-10 12:45:00,261.66,262.12,261.46,262.12,2800
2016-06-10 13:00:00,262.055,262.28,261.7,262.28,2900
2016-06-10 13:15:00,262.126,262.57,261.99,262.17,5500
2016-06-10 13:30:00,262.105,262.22,261.86400000000003,261.911,3375
2016-06-10 13:45:00,261.95,261.95,261.49,261.65,5573
2016-06-10 14:00:00,261.46,261.62,261.02,261.4501,8655
2016-06-10 14:15:00,261.45,261.525,260.95,260.95,10344
2016-06-10 14:30:00,260.96,261.28,260.87,261.05,12876
2016-06-10 14:45:00,261.05,261.278,261.0,261.12,5620
2016-06-10 15:00:00,261.12,261.225,260.89,260.95,7107
2016-06-10 15:15:00,261.04,261.04,260.68,260.9,14107
2016-06-10 15:30:00,260.82,261.08,260.68,260.93,19240
2016-06-10 15:45:00,260.89,261.23,260.63,260.75,22267
2016-06-10 16:00:00,260.81,261.38,260.81,261.04,47386
2016-06-13 09:45:00,260.62,261.38,260.2899,260.5783,19373
2016-06-13 10:00:00,260.35,262.81,260.3,262.285,25166
2016-06-13 10:15:00,262.28,262.64,261.055,261.17,15083
2016-06-13 10:30:00,261.06,261.17,260.38,260.94,16231
2016-06-13 10:45:00,260.83,261.24,260.49,260.92,8634
2016-06-13 11:00:00,261.02,261.34,260.63,261.34,18155
2016-06-13 11:15:00,261.41,261.74,261.22,261.74,14358
2016-06-13 11:30:00,261.75,261.8,260.925,261.4,13790
2016-06-13 11:45:00,261.53,261.5625,260.81,261.0775,13657
2016-06-13 12:00:00,261.055,261.34,260.49,260.98,9721
2016-06-13 12:15:00,260.79,260.97,259.98,260.0,15959
2016-06-13 12:30:00,259.98,260.44,259.77,260.34,7795
2016-06-13 12:45:00,260.1965,260.82,260.17,260.76,4665
2016-06-13 13:00:00,260.56,261.53,260.56,261.25,7103
2016-06-13 13:15:00,261.23,261.43,260.94,261.31,10128
2016-06-13 13:30:00,261.15,261.42,260.77,260.86,6600
2016-06-13 13:45:00,260.91,261.52,260.51,261.51,13540
2016-06-13 14:00:00,261.38,261.38,260.18,260.18,12222
2016-06-13 14:15:00,260.35,261.08,260.08,261.08,9184
2016-06-13 14:30:00,261.09,261.09,260.18,260.49,7659
2016-06-13 14:45:00,260.33,260.85,260.32,260.67,10696
2016-06-13 15:00:00,260.6,260.93,260.31,260.51,8001
2016-06-13 15:15:00,260.55,260.55,259.79,259.91,10913
2016-06-13 15:30:00,259.95,260.59,259.95,260.38,8819
2016-06-13 15:45:00,260.37,260.49,259.8501,260.08,12584
2016-06-13 16:00:00,260.0,260.15,259.67,259.85,49301
2016-06-14 09:45:00,259.3,260.25,257.62,259.615,20999
2016-06-14 10:00:00,259.335,259.335,258.13,258.13,16218
2016-06-14 10:15:00,258.29,259.0,258.29,258.5,23780
2016-06-14 10:30:00,258.45,258.7,257.91,258.21,15280
2016-06-14 10:45:00,258.19,258.775,257.96,258.57,16185
2016-06-14 11:00:00,258.53,258.71,257.66,258.04,20665
2016-06-14 11:15:00,258.0,258.64,257.755,257.755,17809
2016-06-14 11:30:00,257.8125,258.155,257.52,257.52,18588
2016-06-14 11:45:00,257.569,258.21,257.56,257.86,10350
2016-06-14 12:00:00,257.935,258.66,257.935,258.38,7700
2016-06-14 12:15:00,258.38,258.86,258.14,258.79,7765
2016-06-14 12:30:00,258.7,259.51,258.33,258.97,11491
2016-06-14 12:45:00,258.98,259.01,258.41,258.41,7700
2016-06-14 13:00:00,258.39,258.76,258.27,258.58,8418
2016-06-14 13:15:00,258.62,258.78,258.19,258.31,4432
2016-06-14 13:30:00,258.26,258.7202,258.22,258.6,5201
2016-06-14 13:45:00,258.66,258.9899,258.32,258.525,8055
2016-06-14 14:00:00,258.48,258.82,258.22,258.22,7317
2016-06-14 14:15:00,258.32,258.7,258.18,258.7,17033
2016-06-14 14:30:00,258.66,259.17,258.55,259.05,11270
2016-06-14 14:45:00,259.22,259.265,258.38,258.51,8217
2016-06-14 15:00:00,258.65,258.94,258.445,258.66,9975
2016-06-14 15:15:00,258.64,259.435,258.33799999999997,259.435,13090
2016-06-14 15:30:00,259.47,259.82,259.13,259.73,10367
2016-06-14 15:45:00,259.8,259.91,259.39,259.55,12764
2016-06-14 16:00:00,259.37,259.82,259.3,259.65,32709
2016-06-15 09:45:00,259.66,260.76,258.255,260.71,9476
2016-06-15 10:00:00,260.72,261.73,260.37,261.73,12149
2016-06-15 10:15:00,261.85,262.06,261.191,262.06,10942
2016-06-15 10:30:00,262.24,262.37,261.79,262.12,11793
2016-06-15 10:45:00,262.2,262.76,262.08,262.76,18473
2016-06-15 11:00:00,262.57,262.85,262.31,262.53,7758
2016-06-15 11:15:00,262.52,262.83,262.44,262.52,5150
2016-06-15 11:30:00,262.54,262.57,261.375,261.5,8350
2016-06-15 11:45:00,261.5,261.95,261.36,261.75,5552
2016-06-15 12:00:00,261.695,262.16,261.58,261.8,4000
2016-06-15 12:15:00,261.7326,261.985,261.42,261.72,3762
2016-06-15 12:30:00,261.77,261.77,261.39,261.39,3600
2016-06-15 12:45:00,261.37,261.82,261.31,261.34,7951
2016-06-15 13:00:00,261.31,261.582,261.173,261.173,4658
2016-06-15 13:15:00,261.13,261.33,261.04,261.12,5186
2016-06-15 13:30:00,261.02,261.23,260.9,261.19,5531
2016-06-15 13:45:00,261.22,261.58,261.16,261.39,6306
2016-06-15 14:00:00,261.43,262.02,261.2207,262.02,3147
2016-06-15 14:15:00,262.11,262.76,261.29,261.63,9888
2016-06-15 14:30:00,261.49,261.84,261.13,261.32,7899
2016-06-15 14:45:00,261.28,261.87,261.18,261.65,9407
2016-06-15 15:00:00,261.81,262.23,261.71,262.15,8274
2016-06-15 15:15:00,262.01,262.29,261.94,262.21,7368
2016-06-15 15:30:00,262.235,262.235,261.8,261.8,6503
2016-06-15 15:45:00,261.75,261.98,260.86,260.87,11987
2016-06-15 16:00:00,260.76,260.78,260.3,260.49,59596
2016-06-16 09:45:00,258.98,259.4499,258.42,259.09,12719
2016-06-16 10:00:00,259.09,259.65,258.65,258.65,15503
2016-06-16 10:15:00,258.58,259.77,258.58,259.77,7170
2016-06-16 10:30:00,259.53,259.56,258.82,259.16,22537
2016-06-16 10:45:00,259.04,259.04,258.415,258.4325,9930
2016-06-16 11:00:00,258.47,258.785,258.17,258.34,4635
2016-06-16 11:15:00,258.3,258.59,258.07,258.59,6189
2016-06-16 11:30:00,258.49,259.2539,258.405,259.2539,13000
2016-06-16 11:45:00,259.2472,259.76,258.81,259.0,9815
2016-06-16 12:00:00,258.94,259.038,258.54,258.74,7400
2016-06-16 12:15:00,258.6549,258.89,258.01,258.38,8857
2016-06-16 12:30:00,258.47,259.05,258.47,258.8365,8580
2016-06-16 12:45:00,258.79,259.4799,258.57,259.15,8400
2016-06-16 13:00:00,259.16,259.23,258.725,258.99,10597
2016-06-16 13:15:00,259.06,259.17,258.29,258.51,17048
2016-06-16 13:30:00,258.5,258.68,258.08,258.15,10144
2016-06-16 13:45:00,258.22,258.43,258.1,258.16,6320
2016-06-16 14:00:00,258.1,258.52,258.03,258.2301,5662
2016-06-16 14:15:00,258.17,258.86,258.17,258.86,8518
2016-06-16 14:30:00,258.93,259.41,258.81,258.885,10547
2016-06-16 14:45:00,258.885,259.115,258.8,258.9,9288
2016-06-16 15:00:00,259.0,259.49,258.93,259.02,6409
2016-06-16 15:15:00,259.14,259.37,259.06,259.35,6726
2016-06-16 15:30:00,259.385,259.81,259.28,259.75,10933
2016-06-16 15:45:00,259.7,259.98,259.52,259.73,14872
2016-06-16 16:00:00,259.76,259.91,259.51,259.82,34634
2016-06-17 09:45:00,259.35,259.98,258.48,258.99,112292
2016-06-17 10:00:00,259.14,259.31,258.38,259.23,23617
2016-06-17 10:15:00,259.3,260.07,258.96,259.81,25765
2016-06-17 10:30:00,259.84,260.33,259.75,259.94,12977
2016-06-17 10:45:00,259.82,259.82,259.33,259.38,8620
2016-06-17 11:00:00,259.51,259.72,259.13,259.72,8600
2016-06-17 11:15:00,259.67,259.85,259.4,259.74,16409
2016-06-17 11:30:00,259.8,259.88,259.32,259.32,8933
2016-06-17 11:45:00,259.39,259.68,259.36,259.64,3900
2016-06-17 12:00:00,259.54,259.85,259.31,259.6,7239
2016-06-17 12:15:00,259.61,260.25,259.545,260.05,17893
2016-06-17 12:30:00,259.93,260.21,259.47,259.97,6450
2016-06-17 12:45:00,260.01,260.07,259.57,259.97,10165
2016-06-17 13:00:00,260.04,260.04,259.58,259.86,5476
2016-06-17 13:15:00,259.7,259.975,259.53,259.91,6868
2016-06-17 13:30:00,259.96,260.41,259.73,260.28,8205
2016-06-17 13:45:00,260.25,260.92,260.24,260.66,12691
2016-06-17 14:00:00,260.77,260.85,260.43,260.452,12423
2016-06-17 14:15:00,260.64,260.9,260.3,260.49,7560
2016-06-17 14:30:00,260.35,260.80400000000003,260.26,260.53,7529
2016-06-17 14:45:00,260.57,260.91,260.51,260.68,8021
2016-06-17 15:00:00,260.62,260.8,260.48,260.7,6097
2016-06-17 15:15:00,260.66,260.66,260.16,260.25,16216
2016-06-17 15:30:00,260.23,260.37,259.79,260.17,12830
2016-06-17 15:45:00,260.16,260.36,259.97,260.16,13923
2016-06-17 16:00:00,260.32,260.4,259.86,259.98,58857
2016-06-20 09:45:00,261.82,263.75,259.595,263.18,26397
2016-06-20 10:00:00,263.45,263.9,263.04,263.2,23139
2016-06-20 10:15:00,263.075,264.01,262.92,263.43,9603
2016-06-20 10:30:00,263.6,264.23,263.24,264.13,26517
2016-06-20 10:45:00,264.11,264.11,263.2,263.6035,6770
2016-06-20 11:00:00,263.5,264.14,263.32,264.14,7864
2016-06-20 11:15:00,264.04,264.69,263.71,264.66,13903
2016-06-20 11:30:00,264.69,264.77,264.4,264.59,9338
2016-06-20 11:45:00,264.53,264.73,264.39,264.39,10850
2016-06-20 12:00:00,264.38,264.44,263.87,264.405,8459
2016-06-20 12:15:00,264.41,264.41,263.71,263.71,5856
2016-06-20 12:30:00,263.72,264.165,263.58,263.9,10299
2016-06-20 12:45:00,263.94,264.01,263.66,263.75,4016
2016-06-20 13:00:00,263.7,263.7092,263.22,263.33,8916
2016-06-20 13:15:00,263.325,263.72,262.91,262.93,11436
2016-06-20 13:30:00,262.76,263.125,262.255,262.47,7044
2016-06-20 13:45:00,262.485,263.0,262.48,262.85,11388
2016-06-20 14:00:00,262.83,263.09,262.6775,262.93,12048
2016-06-20 14:15:00,262.86,263.01,262.715,262.8,6308
2016-06-20 14:30:00,262.77,262.815,262.28,262.42,5634
2016-06-20 14:45:00,262.29,262.31,261.964,262.194,10278
2016-06-20 15:00:00,262.08,262.62,262.0296,262.6,10249
2016-06-20 15:15:00,262.57,262.57,262.18,262.5,9700
2016-06-20 15:30:00,262.41,262.41,261.81,261.82,9164
2016-06-20 15:45:00,261.89,262.11,261.69,261.91,12879
2016-06-20 16:00:00,261.9899,261.9899,261.37,261.64,37801
2016-06-21 09:45:00,261.22,262.71,260.6289,261.61,16175
2016-06-21 10:00:00,261.61,262.83,261.53,262.435,13310
2016-06-21 10:15:00,262.26,262.44,261.86,261.86,7347
2016-06-21 10:30:00,262.02,262.48,261.48,262.36,17365
2016-06-21 10:45:00,262.36,262.4011,261.96,261.99,16201
2016-06-21 11:00:00,262.13,262.15,261.3415,261.3415,14492
2016-06-21 11:15:00,261.44,262.02,261.44,261.8717,3999
2016-06-21 11:30:00,261.726,261.99,261.3,261.3,3295
2016-06-21 11:45:00,261.21,261.4,261.02,261.29,3743
2016-06-21 12:00:00,261.24,261.72,261.24,261.6,2939
2016-06-21 12:15:00,261.7022,261.87,261.46,261.5725,3620
2016-06-21 12:30:00,261.5,261.82,261.5,261.68,6019
2016-06-21 12:45:00,261.67,261.88,261.5,261.76,3470
2016-06-21 13:00:00,261.63,261.63,261.31,261.49,3528
2016-06-21 13:15:00,261.49,261.49,261.2,261.3,4200
2016-06-21 13:30:00,261.46,261.4775,260.89,261.05,7518
2016-06-21 13:45:00,261.08,261.13,260.72,260.81,13542
2016-06-21 14:00:00,260.79,260.92,260.28,260.42,4419
2016-06-21 14:15:00,260.58,261.16,260.58,260.96,4394
2016-06-21 14:30:00,261.11,261.1326,260.89,261.04,3800
2016-06-21 14:45:00,261.05,261.6282,260.92,261.45,8964
2016-06-21 15:00:00,261.54,261.66,261.37,261.45,10410
2016-06-21 15:15:00,261.32,261.33,260.96,260.96,5100
2016-06-21 15:30:00,261.31,261.74,261.07,261.6,9401
2016-06-21 15:45:00,261.47,261.555,260.93,260.96,17215
2016-06-21 16:00:00,260.96,261.25,260.56,260.77,42359
2016-06-22 09:45:00,261.74,262.06,261.0101,261.865,13203
2016-06-22 10:00:00,261.74,262.1,261.43,262.005,26166
2016-06-22 10:15:00,261.86,263.41,261.85,263.13,10224
2016-06-22 10:30:00,263.15,263.505,263.0,263.17,15077
2016-06-22 10:45:00,263.16,263.73,263.13,263.62,11335
2016-06-22 11:00:00,263.7,263.81,263.19,263.53,6723
2016-06-22 11:15:00,263.59,263.79,263.2301,263.422,7589
2016-06-22 11:30:00,263.53,264.185,263.525,263.94,7593
2016-06-22 11:45:00,263.74,263.89,263.3,263.63,2506
2016-06-22 12:00:00,263.56,263.93,263.42,263.57,7500
2016-06-22 12:15:00,263.5338,263.81,263.45,263.7,14886
2016-06-22 12:30:00,263.558,263.67,262.24,262.24,5100
2016-06-22 12:45:00,262.29,262.96,262.29,262.95,6695
2016-06-22 13:00:00,262.82,263.16,262.68,262.73,5415
2016-06-22 13:15:00,262.72,262.72,262.05,262.16,3569
2016-06-22 13:30:00,262.2268,262.35,261.89,262.15,7506
2016-06-22 13:45:00,262.14,262.63,262.04,262.63,6145
2016-06-22 14:00:00,262.51,262.63,262.34,262.61,6857
2016-06-22 14:15:00,262.53,262.8,262.47,262.47,3713
2016-06-22 14:30:00,262.43,262.71,262.28,262.3701,7048
2016-06-22 14:45:00,262.41,262.41,261.76,261.78,3408
2016-06-22 15:00:00,261.88,262.07,261.62,262.07,9304
2016-06-22 15:15:00,262.108,262.4,262.09,262.32,16332
2016-06-22 15:30:00,262.4,262.74,262.16,262.54,12711
2016-06-22 15:45:00,262.55,263.25,262.36,262.8,28817
2016-06-22 16:00:00,262.91,263.09,262.465,262.8,51962
2016-06-23 09:45:00,264.29,264.88,263.05,264.57,15136
2016-06-23 10:00:00,264.69,265.29,264.54,265.01,27281
2016-06-23 10:15:00,264.97,265.5992,264.86,264.95,12501
2016-06-23 10:30:00,265.08,265.28,264.69,265.09,21566
2016-06-23 10:45:00,265.095,265.135,264.5144,264.705,33141
2016-06-23 11:00:00,264.76,265.01,264.45,264.61,9343
2016-06-23 11:15:00,264.58,265.1,264.57,264.805,14179
2016-06-23 11:30:00,264.96,265.16,264.75,264.83,17766
2016-06-23 11:45:00,264.9,265.25,264.79,264.83,19558
2016-06-23 12:00:00,264.71,264.79,264.22,264.42,4962
2016-06-23 12:15:00,264.41,264.54,264.05,264.23,3604
2016-06-23 12:30:00,264.1,264.15,263.92,263.93,3507
2016-06-23 12:45:00,263.81,263.85,263.28,263.42,5508
2016-06-23 13:00:00,263.43,263.59,263.235,263.45,2508
2016-06-23 13:15:00,263.46,263.75,263.33,263.47,8030
2016-06-23 13:30:00,263.48,263.59,263.36,263.405,5747
2016-06-23 13:45:00,263.39,263.47,262.93,262.93,9914
2016-06-23 14:00:00,262.86,263.17,262.67,262.89,2897
2016-06-23 14:15:00,262.84,262.99,262.71,262.87,4431
2016-06-23 14:30:00,262.8431,263.0,262.61,262.65,5455
2016-06-23 14:45:00,262.8,262.91,262.56,262.81,5200
2016-06-23 15:00:00,262.82,263.18,262.79,262.98,10279
2016-06-23 15:15:00,263.05,263.79,263.02,263.57,8179
2016-06-23 15:30:00,263.54,263.57,263.21,263.5,12882
2016-06-23 15:45:00,263.49,263.86,263.465,263.65,8708
2016-06-23 16:00:00,263.83,264.395,263.75,264.21,26501
2016-06-24 09:45:00,255.77,260.73,255.01,260.73,43796
2016-06-24 10:00:00,260.435,260.9,259.28,260.445,24127
2016-06-24 10:15:00,260.52,263.1,260.52,261.97,25204
2016-06-24 10:30:00,262.0,262.7699,261.4281,262.465,30713
2016-06-24 10:45:00,262.48,262.88,261.99,262.5,24800
2016-06-24 11:00:00,262.68,263.67,262.49,263.47,38927
2016-06-24 11:15:00,263.45,264.71,263.05,264.68,39740
2016-06-24 11:30:00,264.69,265.0,264.11,264.9,18270
2016-06-24 11:45:00,264.7,265.88,264.68,265.785,45370
2016-06-24 12:00:00,265.83,267.26,265.83,267.26,23870
2016-06-24 12:15:00,267.305,267.38,266.4,266.85,22186
2016-06-24 12:30:00,266.94,268.28,266.7324,268.16,26875
2016-06-24 12:45:00,267.97,268.07,266.58,266.6046,29678
2016-06-24 13:00:00,266.72,266.8399,265.735,266.404,35774
2016-06-24 13:15:00,266.38,266.94,266.27,266.895,23230
2016-06-24 13:30:00,266.9,267.5599,266.76,267.215,12174
2016-06-24 13:45:00,267.025,268.75,267.0,268.74,29135
2016-06-24 14:00:00,268.65,268.98,267.825,268.81,28776
2016-06-24 14:15:00,268.81,268.9699,268.39,268.625,30249
2016-06-24 14:30:00,268.68,268.68,266.92,267.005,28111
2016-06-24 14:45:00,266.91,267.43,266.31,267.34,33676
2016-06-24 15:00:00,267.31,268.0,266.88,267.62,31328
2016-06-24 15:15:00,267.45,267.66,267.02,267.29,39345
2016-06-24 15:30:00,267.3824,267.55,266.75,267.33,27875
2016-06-24 15:45:00,267.25,267.76,266.71,267.573,53081
2016-06-24 16:00:00,267.6,269.33,267.39,267.66,124990
2016-06-27 09:45:00,265.55,267.72,265.4454,267.36,70007
2016-06-27 10:00:00,267.35,268.18,267.15,267.49,49541
2016-06-27 10:15:00,267.35,267.91,266.29,266.625,30994
2016-06-27 10:30:00,266.54,266.87,265.3,265.695,30295
2016-06-27 10:45:00,265.57,266.53,265.41,266.25,39291
2016-06-27 11:00:00,266.24,266.5,265.7,266.16,38624
2016-06-27 11:15:00,266.1,267.5,266.1,267.5,23147
2016-06-27 11:30:00,267.33,267.7,266.8,267.7,21693
2016-06-27 11:45:00,267.71,268.77,267.58,268.43,22002
2016-06-27 12:00:00,268.375,268.76,268.08,268.25,22340
2016-06-27 12:15:00,268.29,268.92,268.11,268.9,22356
2016-06-27 12:30:00,268.87,269.75,268.87,269.67,15017
2016-06-27 12:45:00,269.68,269.83,268.86,268.95,24740
2016-06-27 13:00:00,268.72,269.34,268.63,268.68,29743
2016-06-27 13:15:00,268.9,269.01,267.96,268.17,17910
2016-06-27 13:30:00,267.98,268.71,267.98,268.12,19090
2016-06-27 13:45:00,268.26,268.28,267.24,267.24,13729
2016-06-27 14:00:00,267.21,267.62,266.74,267.125,11642
2016-06-27 14:15:00,267.22,267.53,266.66,266.68,17400
2016-06-27 14:30:00,266.85,267.09,266.41,266.87,13271
2016-06-27 14:45:00,266.83,267.41,266.59,266.7575,19165
2016-06-27 15:00:00,266.85,266.85,265.6,266.14,49756
2016-06-27 15:15:00,266.28,267.02,266.23,266.83,46520
2016-06-27 15:30:00,266.68,266.68,265.66,266.34,23752
2016-06-27 15:45:00,266.36,267.68,266.1,267.63,47356
2016-06-27 16:00:00,267.73,267.99,267.54,267.73,72717
2016-06-28 09:45:00,269.29,269.75,267.51,268.74,36464
2016-06-28 10:00:00,268.68,268.81,268.12,268.81,17576
2016-06-28 10:15:00,268.84,269.54,268.8027,269.54,19065
2016-06-28 10:30:00,269.6,269.98,269.38,269.84,22226
2016-06-28 10:45:00,269.84,269.84,268.94,269.71,12939
2016-06-28 11:00:00,269.73,269.95,269.22,269.33,26640
2016-06-28 11:15:00,269.34,269.53,268.62,269.16,15243
2016-06-28 11:30:00,268.9262,269.39,268.66,268.87,13612
2016-06-28 11:45:00,268.73,269.45,268.72,269.41,10383
2016-06-28 12:00:00,269.46,269.78,269.27,269.27,10118
2016-06-28 12:15:00,269.345,269.5,269.06,269.13,12935
2016-06-28 12:30:00,269.21,269.69,269.19,269.6395,6800
2016-06-28 12:45:00,269.74,270.65,269.705,270.4013,28341
2016-06-28 13:00:00,270.2595,270.61,270.22,270.56,6404
2016-06-28 13:15:00,270.57,270.835,270.2,270.34,10921
2016-06-28 13:30:00,270.4,270.415,269.7,269.7,11104
2016-06-28 13:45:00,269.75,270.36,269.47,270.36,12420
2016-06-28 14:00:00,270.3,270.34,269.94,269.97,9258
2016-06-28 14:15:00,270.08,270.0918,269.29,269.415,13231
2016-06-28 14:30:00,269.5,269.76,269.36,269.36,9631
2016-06-28 14:45:00,269.43,270.11,269.385,269.81,14631
2016-06-28 15:00:00,269.94,270.74,269.89,270.66,15179
2016-06-28 15:15:00,270.71,271.28,270.68,271.15,15216
2016-06-28 15:30:00,271.14,271.15,270.39,270.94,12729
2016-06-28 15:45:00,270.94,271.3,270.34,271.09,25531
2016-06-28 16:00:00,271.06,271.67,270.89,271.43,56956
2016-06-29 09:45:00,272.4,274.13,272.4,274.13,28242
2016-06-29 10:00:00,273.985,274.66,273.8,273.8,19716
2016-06-29 10:15:00,273.69,274.13,273.18,273.53,21139
2016-06-29 10:30:00,273.77,274.73,273.655,274.465,28388
2016-06-29 10:45:00,274.455,274.79,273.66,273.66,23480
2016-06-29 11:00:00,273.718,273.93,273.15,273.36,21317
2016-06-29 11:15:00,273.3,273.4664,273.0,273.33,17019
2016-06-29 11:30:00,273.28,273.42,272.56,272.93,16796
2016-06-29 11:45:00,272.93,273.06,272.48,272.49,13594
2016-06-29 12:00:00,272.58,273.15,272.375,273.11,18484
2016-06-29 12:15:00,273.13,273.21,272.7301,273.2,19106
2016-06-29 12:30:00,273.19,273.6,272.97,273.35,14823
2016-06-29 12:45:00,273.2,273.36,272.835,273.26,6403
2016-06-29 13:00:00,273.2,273.5,273.03,273.5,14573
2016-06-29 13:15:00,273.53,273.8,273.46,273.71,9014
2016-06-29 13:30:00,273.71,273.74,273.44,273.49,10079
2016-06-29 13:45:00,273.44,273.94,273.38,273.82,12003
2016-06-29 14:00:00,273.89,273.89,273.16,273.2,6450
2016-06-29 14:15:00,273.165,273.32,272.62,272.88,25236
2016-06-29 14:30:00,272.85,272.9325,272.56,272.875,17498
2016-06-29 14:45:00,272.93,273.5,272.93,273.42,41173
2016-06-29 15:00:00,273.375,273.56,272.8,272.97,19692
2016-06-29 15:15:00,272.97,273.22,272.9,272.94,20635
2016-06-29 15:30:00,272.94,273.03,272.77,273.0,16602
2016-06-29 15:45:00,273.02,273.21,272.85,273.09,19784
2016-06-29 16:00:00,273.02,273.85,272.91,273.69,108655
2016-06-30 09:45:00,274.0,274.0,272.0,272.35,32956
2016-06-30 10:00:00,272.125,272.42,270.78,271.025,28999
2016-06-30 10:15:00,271.02,271.15,270.4901,270.728,25744
2016-06-30 10:30:00,270.745,271.335,269.94,270.97,23816
2016-06-30 10:45:00,271.09,271.89,270.79,271.8332,19067
2016-06-30 11:00:00,271.72,271.89,271.51,271.59,13966
2016-06-30 11:15:00,271.55,271.655,270.83,271.26,31029
2016-06-30 11:30:00,271.325,271.325,270.47,271.0,17359
2016-06-30 11:45:00,270.935,271.51,270.5,270.5,13580
2016-06-30 12:00:00,270.45,270.92,270.23,270.62,22973
2016-06-30 12:15:00,270.66,270.88,270.37,270.83,13694
2016-06-30 12:30:00,271.01,271.6815,270.95,271.4,15140
2016-06-30 12:45:00,271.44,271.56,270.9,270.9,19468
2016-06-30 13:00:00,270.89,271.66,270.85,271.52,13776
2016-06-30 13:15:00,271.615,271.69,271.31,271.59,8430
2016-06-30 13:30:00,271.47,271.59,271.22,271.435,13063
2016-06-30 13:45:00,271.48,271.87,271.29,271.87,11154
2016-06-30 14:00:00,271.95,272.09,271.34,271.7,16091
2016-06-30 14:15:00,271.75,272.24,271.73,272.0,13889
2016-06-30 14:30:00,272.09,272.35,271.76,271.85,14632
2016-06-30 14:45:00,271.89,272.03,271.37,271.78,22297
2016-06-30 15:00:00,271.78,271.95,271.45,271.67,15619
2016-06-30 15:15:00,271.75,271.88,271.22,271.4,17875
2016-06-30 15:30:00,271.345,271.41,270.8694,271.41,32722
2016-06-30 15:45:00,271.41,271.41,270.74,270.76,53158
2016-06-30 16:00:00,270.77,271.25,270.52,271.1,146830
2016-07-01 09:45:00,271.88,272.77,271.28,272.25,18165
2016-07-01 10:00:00,272.41,273.175,272.41,272.865,22158
2016-07-01 10:15:00,273.0,273.24,272.47,272.595,7022
2016-07-01 10:30:00,272.51,273.1099,272.11,272.74,10495
2016-07-01 10:45:00,272.63,272.85,272.15,272.59,40511
2016-07-01 11:00:00,272.67,272.88,272.26,272.85,12846
2016-07-01 11:15:00,272.79,273.02,272.45,272.99,11465
2016-07-01 11:30:00,273.11,273.2575,272.55,273.0,20524
2016-07-01 11:45:00,272.95,273.82,272.95,273.68,10915
2016-07-01 12:00:00,273.63,273.63,273.15,273.17,17038
2016-07-01 12:15:00,273.15,273.4999,273.01,273.4999,11422
2016-07-01 12:30:00,273.5,273.92,273.45,273.92,17639
2016-07-01 12:45:00,273.79,274.18,273.585,274.18,30209
2016-07-01 13:00:00,274.27,274.71,274.17,274.59,14447
2016-07-01 13:15:00,274.57,275.1,274.57,274.79,16258
2016-07-01 13:30:00,274.69,274.69,274.19,274.33,34429
2016-07-01 13:45:00,274.21,274.52,274.16,274.42,13480
2016-07-01 14:00:00,274.38,274.51,274.0,274.17,9858
2016-07-01 14:15:00,274.05,274.32,274.05,274.17,7016
2016-07-01 14:30:00,274.11,274.42,273.98,274.24,18623
2016-07-01 14:45:00,274.12,274.32,273.67,273.78,14032
2016-07-01 15:00:00,273.775,274.03,273.6,274.0,11604
2016-07-01 15:15:00,274.06,274.4,273.98,274.33,14125
2016-07-01 15:30:00,274.34,274.4,273.99,274.28,17606
2016-07-01 15:45:00,274.2,274.26,273.59,273.8,41261
2016-07-01 16:00:00,273.79,274.47,273.61,274.24,52666
2016-07-05 09:45:00,272.54,274.34,272.51,273.99,29541
2016-07-05 10:00:00,273.98,274.86,273.52,274.86,15406
2016-07-05 10:15:00,274.79,275.88,274.6,275.73,41693
2016-07-05 10:30:00,275.685,276.69,275.37,276.65,32767
2016-07-05 10:45:00,276.57,277.2,275.74,275.87,29989
2016-07-05 11:00:00,275.88,275.89,275.24,275.69,17755
2016-07-05 11:15:00,275.6,275.8,274.44,274.4882,24440
2016-07-05 11:30:00,274.52,275.32,274.52,274.74,24281
2016-07-05 11:45:00,274.71,275.36,274.7,275.06,14945
2016-07-05 12:00:00,275.04,275.04,274.34,274.57,18033
2016-07-05 12:15:00,274.56,274.8,274.28,274.38,6500
2016-07-05 12:30:00,274.2418,275.055,273.995,275.01,11994
2016-07-05 12:45:00,275.05,275.05,274.66,274.92,16647
2016-07-05 13:00:00,274.92,274.99,274.55,274.77,10042
2016-07-05 13:15:00,274.73,274.75,274.345,274.38,12108
2016-07-05 13:30:00,274.355,274.67,274.3,274.42,14239
2016-07-05 13:45:00,274.35,274.84,274.23,274.84,25093
2016-07-05 14:00:00,274.77,274.92,274.5393,274.73,8700
2016-07-05 14:15:00,274.7,274.89,274.66,274.84,9409
2016-07-05 14:30:00,274.88,275.39,274.88,275.21,10027
2016-07-05 14:45:00,275.22,275.44,274.75,274.75,13103
2016-07-05 15:00:00,274.82,274.9,274.46,274.71,14847
2016-07-05 15:15:00,274.775,274.87,274.48,274.625,15336
2016-07-05 15:30:00,274.53,274.87,274.53,274.87,13899
2016-07-05 15:45:00,274.82,275.505,274.82,275.41,18877
2016-07-05 16:00:00,275.52,275.94,275.52,275.79,65093
2016-07-06 09:45:00,274.98,276.61,274.89,275.875,22403
2016-07-06 10:00:00,275.71,276.11,275.01,275.86,18981
2016-07-06 10:15:00,275.965,276.7,275.895,276.49,16410
2016-07-06 10:30:00,276.42,276.63,275.91,276.16,15283
2016-07-06 10:45:00,275.91,276.47,275.48,276.11,21081
2016-07-06 11:00:00,275.93,277.03,275.855,277.03,17785
2016-07-06 11:15:00,277.08,277.28,276.68,276.8401,12800
2016-07-06 11:30:00,276.93,277.18,276.4,276.4,16362
2016-07-06 11:45:00,276.71,277.01,276.53,276.56,12162
2016-07-06 12:00:00,276.78,277.06,276.54,277.05,9374
2016-07-06 12:15:00,277.01,277.34,276.93,277.32,8250
2016-07-06 12:30:00,277.1501,277.42,277.08,277.08,6600
2016-07-06 12:45:00,277.09,277.29,276.93,277.08,9430
2016-07-06 13:00:00,277.03,277.24,276.615,277.24,13217
2016-07-06 13:15:00,277.32,277.48,276.86,277.0875,8619
2016-07-06 13:30:00,276.98,277.02,276.59,276.91,6413
2016-07-06 13:45:00,277.01,277.06,276.68,276.7,6573
2016-07-06 14:00:00,276.45,276.58,276.0246,276.07,12914
2016-07-06 14:15:00,276.13,276.59,275.95,276.17,11737
2016-07-06 14:30:00,276.2215,276.52,275.91,276.52,23945
2016-07-06 14:45:00,276.78,277.3,276.73,277.29,9980
2016-07-06 15:00:00,277.3,277.42,277.06,277.27,10819
2016-07-06 15:15:00,277.27,277.4,276.97,277.19,12970
2016-07-06 15:30:00,277.205,277.38,276.755,276.82,8090
2016-07-06 15:45:00,276.78,277.24,276.62,277.18,14352
2016-07-06 16:00:00,277.19,277.43,276.89,277.35,72033
2016-07-07 09:45:00,276.71,277.59,276.4,277.4,11202
2016-07-07 10:00:00,277.27,277.44,275.54,275.97,10452
2016-07-07 10:15:00,276.05,276.05,275.33,275.51,19613
2016-07-07 10:30:00,275.64,275.87,275.26,275.625,19095
2016-07-07 10:45:00,275.94,276.1,275.5776,275.85,8255
2016-07-07 11:00:00,275.74,275.99,275.2,275.21,13154
2016-07-07 11:15:00,275.235,276.24,275.235,276.03,10795
2016-07-07 11:30:00,276.16,276.325,275.83,276.24,6100
2016-07-07 11:45:00,276.24,276.7,276.11,276.49,5800
2016-07-07 12:00:00,276.43,276.62,275.98,276.55,7349
2016-07-07 12:15:00,276.64,276.72,276.15,276.71,9249
2016-07-07 12:30:00,276.55,276.5725,275.77,276.38,6700
2016-07-07 12:45:00,276.5,276.5,275.73,275.87,4700
2016-07-07 13:00:00,275.69,275.785,275.05,275.27,10740
2016-07-07 13:15:00,275.29,275.57,275.12,275.35,8700
2016-07-07 13:30:00,275.28,275.38,274.86,275.0,9930
2016-07-07 13:45:00,275.02,275.3,274.95,275.14,7640
2016-07-07 14:00:00,275.2349,275.34,274.94,275.34,9592
2016-07-07 14:15:00,275.24,275.56,274.61,274.6122,20133
2016-07-07 14:30:00,274.58,274.9401,274.49,274.6549,9971
2016-07-07 14:45:00,274.75,274.915,274.39,274.39,7332
2016-07-07 15:00:00,274.4,274.97,274.4,274.47,9838
2016-07-07 15:15:00,274.57,275.49,274.52,275.32,11900
2016-07-07 15:30:00,275.315,275.56,275.03,275.0825,8369
2016-07-07 15:45:00,275.16,275.39,274.625,274.73,19818
2016-07-07 16:00:00,274.71,275.36,274.32,275.28,62462
2016-07-08 09:45:00,277.73,277.73,276.28,276.501,41046
2016-07-08 10:00:00,276.65,277.7,276.65,276.805,19171
2016-07-08 10:15:00,276.79,277.35,276.09,277.13,15491
2016-07-08 10:30:00,277.08,277.62,277.06,277.445,23791
2016-07-08 10:45:00,277.49,278.62,277.48,278.32,15111
2016-07-08 11:00:00,278.41,279.0,278.31,279.0,11895
2016-07-08 11:15:00,279.02,279.89,279.02,279.79,13700
2016-07-08 11:30:00,279.82,279.88,279.22,279.68,8696
2016-07-08 11:45:00,279.66,279.73,279.2,279.41,7569
2016-07-08 12:00:00,279.37,279.61,279.25,279.41,6817
2016-07-08 12:15:00,279.43,279.4825,278.88,279.32,9978
2016-07-08 12:30:00,279.26,279.56,279.01,279.035,11012
2016-07-08 12:45:00,279.1,279.3125,278.85,279.03,8196
2016-07-08 13:00:00,279.1,279.28,278.84,279.13,9276
2016-07-08 13:15:00,279.2,279.38,279.04,279.04,8670
2016-07-08 13:30:00,279.05,279.36,278.97,279.34,6440
2016-07-08 13:45:00,279.41,279.67,279.21,279.36,6899
2016-07-08 14:00:00,279.29,279.84,279.29,279.81,5730
2016-07-08 14:15:00,279.81,280.3299,279.66,280.09,17886
2016-07-08 14:30:00,280.06,280.435,280.06,280.3901,10728
2016-07-08 14:45:00,280.44,280.68,280.34,280.6,14962
2016-07-08 15:00:00,280.55,280.755,280.3418,280.47,9625
2016-07-08 15:15:00,280.45,280.66,280.1805,280.56,11017
2016-07-08 15:30:00,280.56,280.81,280.33,280.33,11348
2016-07-08 15:45:00,280.27,280.34,280.06,280.165,14194
2016-07-08 16:00:00,280.22,280.69,280.14,280.62,42711
2016-07-11 09:45:00,281.24,281.65,279.85,280.35,30836
2016-07-11 10:00:00,280.36,280.44,279.205,279.29,14024
2016-07-11 10:15:00,279.33,279.585,278.3507,278.525,21434
2016-07-11 10:30:00,278.445,279.01,277.985,278.23,36353
2016-07-11 10:45:00,278.29,278.95,278.29,278.82,13432
2016-07-11 11:00:00,278.71,278.78,278.36,278.6,11927
2016-07-11 11:15:00,278.79,279.15,278.78,278.97,16052
2016-07-11 11:30:00,278.91,279.46,278.78,279.16,6053
2016-07-11 11:45:00,279.25,279.39,278.73,279.03,10862
2016-07-11 12:00:00,279.12,279.14,278.71,278.955,7584
2016-07-11 12:15:00,278.8601,279.31,278.8601,279.17,12187
2016-07-11 12:30:00,279.2,279.4,279.03,279.285,5451
2016-07-11 12:45:00,279.24,279.275,278.97,279.14,8757
2016-07-11 13:00:00,279.07,279.27,278.93,279.0,6300
2016-07-11 13:15:00,279.14,279.18,279.04,279.065,3405
2016-07-11 13:30:00,279.05,279.43,279.05,279.25,6912
2016-07-11 13:45:00,279.25,279.25,278.902,278.9648,7799
2016-07-11 14:00:00,279.02,279.2,278.8689,278.8689,7944
2016-07-11 14:15:00,278.87,279.27,278.45,279.14,9896
2016-07-11 14:30:00,279.14,279.14,278.62,278.83,7282
2016-07-11 14:45:00,278.91,279.095,278.83,278.905,11395
2016-07-11 15:00:00,278.85,279.11,278.74,278.83,5797
2016-07-11 15:15:00,278.91,279.03,278.74,278.9,15052
2016-07-11 15:30:00,278.9,278.96,278.345,278.4,10310
2016-07-11 15:45:00,278.3625,278.3625,277.94,278.01,17597
2016-07-11 16:00:00,278.03,278.03,277.7,277.87,49478
2016-07-12 09:45:00,278.25,278.855,276.27,276.82,28243
2016-07-12 10:00:00,276.97,276.97,275.09,275.135,20797
2016-07-12 10:15:00,275.38,275.495,274.59,275.415,21495
2016-07-12 10:30:00,275.5,276.38,275.2,276.38,17144
2016-07-12 10:45:00,276.38,276.47,276.115,276.47,11921
2016-07-12 11:00:00,276.55,276.79,276.35,276.44,7043
2016-07-12 11:15:00,276.56,276.97,276.375,276.67,9260
2016-07-12 11:30:00,276.67,276.835,276.49,276.65,15353
2016-07-12 11:45:00,276.69,276.97,276.55,276.66,8278
2016-07-12 12:00:00,276.46,276.9,276.21,276.6,11550
2016-07-12 12:15:00,276.53,276.75,276.34,276.47,8912
2016-07-12 12:30:00,276.45,276.5721,276.01,276.32,8178
2016-07-12 12:45:00,276.25,276.315,275.86,275.87,5716
2016-07-12 13:00:00,275.86,275.99,275.67,275.84,7112
2016-07-12 13:15:00,275.96,276.23,275.82,276.14,8337
2016-07-12 13:30:00,276.18,276.2,275.95,276.105,3889
2016-07-12 13:45:00,276.13,276.29,275.97,276.03,6883
2016-07-12 14:00:00,276.0,276.2,275.65,275.68,9943
2016-07-12 14:15:00,275.7,276.44,275.66,276.44,8563
2016-07-12 14:30:00,276.45,276.71,276.37,276.445,9225
2016-07-12 14:45:00,276.44,276.62,276.08,276.5752,5686
2016-07-12 15:00:00,276.61,276.61,275.88,275.88,8207
2016-07-12 15:15:00,275.9,276.24,275.84,276.15,8800
2016-07-12 15:30:00,276.16,276.31,275.85,276.11,15137
2016-07-12 15:45:00,276.18,276.28,275.925,276.05,15842
2016-07-12 16:00:00,276.02,276.41,275.94,276.13,38389
2016-07-13 09:45:00,277.13,277.13,274.44,274.53,24490
2016-07-13 10:00:00,274.91,275.51,274.57,274.7,11906
2016-07-13 10:15:00,274.53,274.9,274.2,274.9,11771
2016-07-13 10:30:00,275.02,275.02,274.02,274.63,15050
2016-07-13 10:45:00,274.73,276.0,274.43,275.54,8271
2016-07-13 11:00:00,275.43,275.57,274.81,275.47,9389
2016-07-13 11:15:00,275.31,275.9,275.31,275.66,16561
2016-07-13 11:30:00,275.5798,275.5798,274.6,274.72,16555
2016-07-13 11:45:00,274.6301,274.98,274.45,274.98,9894
2016-07-13 12:00:00,274.99,275.2,274.82,275.2,6670
2016-07-13 12:15:00,275.34,275.76,275.24,275.4747,9176
2016-07-13 12:30:00,275.47,275.92,275.42,275.46,9210
2016-07-13 12:45:00,275.38,275.6,275.27,275.6,5500
2016-07-13 13:00:00,275.6,275.87,275.47,275.8,8199
2016-07-13 13:15:00,275.82,275.91,275.4,275.5,9046
2016-07-13 13:30:00,275.6,275.77,275.465,275.52,6300
2016-07-13 13:45:00,275.46,275.72,275.32,275.72,5943
2016-07-13 14:00:00,275.74,275.74,275.34,275.45,5500
2016-07-13 14:15:00,275.48,276.08,275.4188,276.08,8355
2016-07-13 14:30:00,275.97,276.46,275.7194,276.3285,8472
2016-07-13 14:45:00,276.39,276.69,276.07,276.5,11297
2016-07-13 15:00:00,276.49,276.8,276.3,276.3,17431
2016-07-13 15:15:00,276.3,276.54,276.135,276.27,17106
2016-07-13 15:30:00,276.19,276.49,276.08,276.48,11596
2016-07-13 15:45:00,276.48,276.5,276.16,276.45,21024
2016-07-13 16:00:00,276.494,276.5,276.16,276.21,31850
2016-07-14 09:45:00,277.13,278.0,276.71,276.9,17792
2016-07-14 10:00:00,276.8,277.82,276.59,277.01,7313
2016-07-14 10:15:00,277.21,277.47,276.58,276.83,6500
2016-07-14 10:30:00,276.97,277.55,276.71,277.27,12924
2016-07-14 10:45:00,277.25,277.25,276.46,276.46,7917
2016-07-14 11:00:00,276.37,276.37,275.5201,275.53,14000
2016-07-14 11:15:00,275.6,276.95,275.6,276.61,10451
2016-07-14 11:30:00,276.6301,276.915,276.3301,276.66,9800
2016-07-14 11:45:00,276.65,276.82,275.92,275.92,7319
2016-07-14 12:00:00,275.87,276.37,275.81,276.22,7695
2016-07-14 12:15:00,276.33,276.93,276.29,276.32,8585
2016-07-14 12:30:00,276.33,276.61,276.14,276.52,7263
2016-07-14 12:45:00,276.55,276.79,276.55,276.79,2400
2016-07-14 13:00:00,276.72,276.82,276.51,276.67,10224
2016-07-14 13:15:00,276.64,276.64,276.08,276.43,7400
2016-07-14 13:30:00,276.38,276.43,275.975,276.23,10868
2016-07-14 13:45:00,276.33,276.7999,276.33,276.67,2941
2016-07-14 14:00:00,276.6,276.64,276.3,276.54,4858
2016-07-14 14:15:00,276.53,276.86,276.48,276.81,8671
2016-07-14 14:30:00,276.87,277.25,276.87,276.9932,7606
2016-07-14 14:45:00,276.86,277.37,276.83,277.36,5292
2016-07-14 15:00:00,277.29,277.44,277.0,277.15,9525
2016-07-14 15:15:00,277.0661,277.68,277.01,277.65,12010
2016-07-14 15:30:00,277.66,277.95,277.64,277.83,24392
2016-07-14 15:45:00,277.83,277.92,277.53,277.53,17535
2016-07-14 16:00:00,277.53,277.89,277.51,277.63,34108
2016-07-15 09:45:00,279.36,279.46,277.84,278.64,53635
2016-07-15 10:00:00,278.55,278.72,277.01,277.31,8527
2016-07-15 10:15:00,277.27,277.57,276.85,277.57,10300
2016-07-15 10:30:00,277.34,277.34,276.6085,276.718,6183
2016-07-15 10:45:00,276.61,276.93,276.61,276.73,3724
2016-07-15 11:00:00,276.72,277.12,276.67,277.12,4609
2016-07-15 11:15:00,277.05,277.05,276.79,276.91,7436
2016-07-15 11:30:00,276.87,276.9,276.17,276.69,8596
2016-07-15 11:45:00,276.85,276.98,276.23,276.42,4600
2016-07-15 12:00:00,276.42,276.42,275.75,276.0,5441
2016-07-15 12:15:00,275.86,276.11,275.73,275.89,5500
2016-07-15 12:30:00,275.85,275.91,275.47,275.5901,4650
2016-07-15 12:45:00,275.62,275.68,275.07,275.23,7936
2016-07-15 13:00:00,275.2,275.5,274.86,274.86,9204
2016-07-15 13:15:00,274.99,275.11,274.6701,274.9101,6473
2016-07-15 13:30:00,275.0,275.22,274.8201,275.14,8667
2016-07-15 13:45:00,275.18,275.25,274.91,274.99,6300
2016-07-15 14:00:00,274.94,275.09,274.53,274.6,21147
2016-07-15 14:15:00,274.59,274.84,274.59,274.711,10386
2016-07-15 14:30:00,274.7,274.89,274.5,274.5,7636
2016-07-15 14:45:00,274.59,274.67,274.47,274.67,7654
2016-07-15 15:00:00,274.56,274.65,274.091,274.155,8894
2016-07-15 15:15:00,274.16,274.48,274.131,274.33,11626
2016-07-15 15:30:00,274.36,274.47,274.23,274.43,14360
2016-07-15 15:45:00,274.36,274.43,273.96,273.96,28508
2016-07-15 16:00:00,274.0,274.025,273.43,273.63,65109
2016-07-18 09:45:00,274.95,275.725,274.65,274.65,25972
2016-07-18 10:00:00,274.7,275.0,274.23,274.41,11508
2016-07-18 10:15:00,274.26,274.915,274.26,274.47,27582
2016-07-18 10:30:00,274.525,274.71,274.2,274.55,54205
2016-07-18 10:45:00,274.49,274.97,274.42,274.83099999999996,19158
2016-07-18 11:00:00,274.92,275.28,274.73,275.23,11746
2016-07-18 11:15:00,275.28,275.4,275.02,275.19,16119
2016-07-18 11:30:00,275.1,275.53,275.06,275.53,19456
2016-07-18 11:45:00,275.57,275.66,275.27,275.445,7943
2016-07-18 12:00:00,275.44,275.93,275.39,275.75,9741
2016-07-18 12:15:00,275.71,275.81,275.35,275.81,7236
2016-07-18 12:30:00,275.8,275.8,275.26,275.44,8900
2016-07-18 12:45:00,275.38,275.38,275.14,275.16,6599
2016-07-18 13:00:00,275.15,275.39,275.085,275.13,8200
2016-07-18 13:15:00,275.09,275.1,274.65,274.65,10026
2016-07-18 13:30:00,274.63,274.73,274.43,274.7,9300
2016-07-18 13:45:00,274.76,275.3,274.62,275.21,8481
2016-07-18 14:00:00,275.19,275.28,274.85,275.0,17214
2016-07-18 14:15:00,275.0,275.0699,274.69,274.73,11801
2016-07-18 14:30:00,274.67,274.785,274.49,274.75,9899
2016-07-18 14:45:00,274.77,274.79,274.355,274.355,9188
2016-07-18 15:00:00,274.37,274.59,274.29,274.48,13084
2016-07-18 15:15:00,274.43,274.49,274.13,274.45,12507
2016-07-18 15:30:00,274.41,274.6,274.21,274.28,13357
2016-07-18 15:45:00,274.325,274.34,274.24,274.31,21510
2016-07-18 16:00:00,274.3192,274.32,274.15,274.29,50677
2016-07-19 09:45:00,270.15,271.052,266.805,266.941,95291
2016-07-19 10:00:00,267.15,270.58,267.11,270.58,46638
2016-07-19 10:15:00,270.63,271.74,270.33,270.33,39526
2016-07-19 10:30:00,270.49,271.635,270.26,271.2782,37680
2016-07-19 10:45:00,271.35,272.32,271.22,271.52,30625
2016-07-19 11:00:00,271.59,271.995,271.31,271.675,26366
2016-07-19 11:15:00,271.535,272.97,271.29,272.86,51410
2016-07-19 11:30:00,272.98,273.46,272.63,273.4,76761
2016-07-19 11:45:00,273.37,273.61,272.29,272.29,39412
2016-07-19 12:00:00,272.3,273.18,272.185,273.09,28252
2016-07-19 12:15:00,273.13,273.52,273.12,273.25,23061
2016-07-19 12:30:00,273.389,273.47,273.08,273.36,7194
2016-07-19 12:45:00,273.33,273.73,273.3,273.3,6554
2016-07-19 13:00:00,273.31,273.38,273.2,273.36,6900
2016-07-19 13:15:00,273.35,273.4,272.87,272.93,8577
2016-07-19 13:30:00,272.88,272.8999,272.64,272.71,8579
2016-07-19 13:45:00,272.7,272.78,272.49,272.6,8477
2016-07-19 14:00:00,272.56,272.65,272.45,272.55,6550
2016-07-19 14:15:00,272.62,272.98,272.62,272.92,12127
2016-07-19 14:30:00,272.93,273.23,272.93,273.04,20724
2016-07-19 14:45:00,272.97,272.98,272.51,272.57,14577
2016-07-19 15:00:00,272.6177,272.84,272.55,272.6299,12665
2016-07-19 15:15:00,272.62,272.7,272.5,272.55,16499
2016-07-19 15:30:00,272.6,273.06,272.54,272.83,18072
2016-07-19 15:45:00,272.85,273.04,272.73,273.0,17645
2016-07-19 16:00:00,273.0,273.27,272.93,273.22,55396
2016-07-20 09:45:00,273.66,274.7,273.22,273.56,19480
2016-07-20 10:00:00,273.175,275.47,273.175,274.9,21839
2016-07-20 10:15:00,274.9,275.18,274.6,274.81,13189
2016-07-20 10:30:00,274.71,274.955,274.5,274.5,10437
2016-07-20 10:45:00,274.42,274.84,274.35,274.51,6839
2016-07-20 11:00:00,274.61,274.63,273.94,274.105,6537
2016-07-20 11:15:00,274.14,274.15,273.87,274.04,5205
2016-07-20 11:30:00,274.24,274.365,273.99,273.99,10905
2016-07-20 11:45:00,273.99,274.21,273.875,274.0,12792
2016-07-20 12:00:00,274.0,274.2,273.85,274.01,13182
2016-07-20 12:15:00,274.07,274.37,273.96,274.115,15394
2016-07-20 12:30:00,274.115,274.32,274.03,274.29,24793
2016-07-20 12:45:00,274.24,274.29,274.0,274.04,6775
2016-07-20 13:00:00,273.99,274.33,273.99,274.26,5126
2016-07-20 13:15:00,274.23,274.295,274.09,274.22,10032
2016-07-20 13:30:00,274.21,274.28,274.06,274.13,17408
2016-07-20 13:45:00,274.1,274.425,274.1,274.36,14991
2016-07-20 14:00:00,274.4,274.49,274.17,274.24,5141
2016-07-20 14:15:00,274.17,274.46,273.93,274.1,33182
2016-07-20 14:30:00,274.02,274.315,273.99,274.26,43737
2016-07-20 14:45:00,274.275,274.35,274.116,274.27,6590
2016-07-20 15:00:00,274.29,274.298,274.06,274.11,5204
2016-07-20 15:15:00,274.05,274.12,273.96,274.1,22204
2016-07-20 15:30:00,274.17,274.2199,273.8,274.14599999999996,13165
2016-07-20 15:45:00,274.16,274.27,274.0,274.27,10570
2016-07-20 16:00:00,274.27,274.39,273.99,274.15,65870
2016-07-21 09:45:00,273.49,273.95,272.94,272.95,33052
2016-07-21 10:00:00,272.9,273.2,272.2,272.39,16534
2016-07-21 10:15:00,272.3702,272.99,272.31,272.9525,11340
2016-07-21 10:30:00,272.76,272.98,272.57,272.98,7506
2016-07-21 10:45:00,272.98,273.02,272.28,272.51,11200
2016-07-21 11:00:00,272.405,272.75,272.25,272.52,10985
2016-07-21 11:15:00,272.545,272.78,272.385,272.71,7504
2016-07-21 11:30:00,272.82,272.82,272.26,272.26,8400
2016-07-21 11:45:00,272.32,272.41,271.81,272.0,8987
2016-07-21 12:00:00,271.99,272.215,271.68,272.04,9170
2016-07-21 12:15:00,272.1,272.44,271.98,272.44,9524
2016-07-21 12:30:00,272.46,272.5,272.14,272.14,9577
2016-07-21 12:45:00,272.155,272.155,271.89,271.965,8300
2016-07-21 13:00:00,271.9826,272.18,271.38,271.4,15418
2016-07-21 13:15:00,271.375,271.91,271.27,271.91,23287
2016-07-21 13:30:00,271.96,272.16,271.86,271.86,4597
2016-07-21 13:45:00,272.01,272.01,271.82,271.88,6200
2016-07-21 14:00:00,271.96,272.08,271.84,271.88,14079
2016-07-21 14:15:00,271.89,271.91,271.5,271.54,7469
2016-07-21 14:30:00,271.57,271.57,270.93,271.25,15521
2016-07-21 14:45:00,271.07,271.19,270.91,270.95,6807
2016-07-21 15:00:00,270.91,271.04,270.84,270.8878,6189
2016-07-21 15:15:00,270.88,270.88,270.32,270.33,20502
2016-07-21 15:30:00,270.44,270.91,270.33,270.91,16448
2016-07-21 15:45:00,270.87,271.02,270.75,270.92,11225
2016-07-21 16:00:00,270.93,271.36,270.92,271.34,44218
2016-07-22 09:45:00,272.6,272.6,270.96,271.35,23151
2016-07-22 10:00:00,271.63,271.79,271.21,271.66,8510
2016-07-22 10:15:00,271.74,272.2,271.4221,271.8801,11550
2016-07-22 10:30:00,271.98,272.4805,271.98,272.4,6250
2016-07-22 10:45:00,272.4,272.7,272.24,272.2401,11880
2016-07-22 11:00:00,272.23,272.62,272.2,272.57,6575
2016-07-22 11:15:00,272.67,272.7,272.06,272.14,5312
2016-07-22 11:30:00,272.07,272.43,271.89,272.22,11965
2016-07-22 11:45:00,272.249,272.575,272.18,272.328,7245
2016-07-22 12:00:00,272.3686,272.595,272.35,272.4,16949
2016-07-22 12:15:00,272.49,272.73,272.3,272.3,4832
2016-07-22 12:30:00,272.35,272.75,272.23,272.71,8801
2016-07-22 12:45:00,272.72,273.0799,272.66200000000003,273.0799,2280
2016-07-22 13:00:00,273.05,273.05,272.84,272.93,5200
2016-07-22 13:15:00,272.87,273.12,272.84,272.96,12525
2016-07-22 13:30:00,272.965,273.01,272.774,272.774,8737
2016-07-22 13:45:00,272.774,273.07,272.75,273.07,5400
2016-07-22 14:00:00,273.0652,273.36,273.03,273.17,6000
2016-07-22 14:15:00,273.15,273.32,273.09,273.24,6135
2016-07-22 14:30:00,273.2,273.3,272.97,272.98,10943
2016-07-22 14:45:00,272.99,273.05,272.69,272.8,9858
2016-07-22 15:00:00,272.8,273.22,272.74,273.14,11964
2016-07-22 15:15:00,273.19,273.34,273.02,273.27099999999996,11241
2016-07-22 15:30:00,273.25,274.25,273.25,274.0,11372
2016-07-22 15:45:00,274.08,274.25,273.98,274.25,19538
2016-07-22 16:00:00,274.25,274.26,273.72,273.97,43514
2016-07-25 09:45:00,273.31,278.44,271.75,277.95,64995
2016-07-25 10:00:00,277.5,278.34,276.94,278.08,39411
2016-07-25 10:15:00,277.94,278.72,277.15,277.31,45514
2016-07-25 10:30:00,277.28,278.45,277.27,278.1375,25130
2016-07-25 10:45:00,278.15,278.485,277.79,277.9,17302
2016-07-25 11:00:00,277.92,278.43,277.76,277.89,14466
2016-07-25 11:15:00,277.62,277.62,276.3101,277.45,35754
2016-07-25 11:30:00,277.41,277.69,277.05,277.39,9743
2016-07-25 11:45:00,277.3601,277.3601,276.8791,277.03,11775
2016-07-25 12:00:00,277.11,277.38,276.79,276.91,11634
2016-07-25 12:15:00,276.845,276.89,276.595,276.64,12544
2016-07-25 12:30:00,276.57,276.82,276.4301,276.45,7749
2016-07-25 12:45:00,276.34,277.02,276.33,276.965,7985
2016-07-25 13:00:00,277.051,277.44,277.051,277.105,11800
2016-07-25 13:15:00,277.11,277.21,276.84,276.84,9750
2016-07-25 13:30:00,276.93,277.58,276.93,277.41,8067
2016-07-25 13:45:00,277.31,277.47,276.78,277.35,7333
2016-07-25 14:00:00,277.28,277.58,277.27,277.515,11879
2016-07-25 14:15:00,277.51,278.05,277.3,277.81,13524
2016-07-25 14:30:00,277.82,278.12,277.59,278.01,12040
2016-07-25 14:45:00,278.01,278.4599,278.01,278.225,14424
2016-07-25 15:00:00,278.25,278.25,277.76,277.76,28301
2016-07-25 15:15:00,277.685,278.4,277.685,278.35,18405
2016-07-25 15:30:00,278.3,278.39,278.02,278.22,19297
2016-07-25 15:45:00,278.23,278.53,278.12,278.51,39381
2016-07-25 16:00:00,278.49,278.78,278.47,278.72,83402
2016-07-26 09:45:00,278.95,284.66,278.93,284.0,85988
2016-07-26 10:00:00,284.0,284.155,282.61,283.4,57532
2016-07-26 10:15:00,283.31,283.92,282.73,283.79,43000
2016-07-26 10:30:00,283.69,284.29,283.0,284.09,34248
2016-07-26 10:45:00,284.199,284.199,282.96,283.27,24120
2016-07-26 11:00:00,283.33,283.35,281.12,281.12,32348
2016-07-26 11:15:00,281.01,281.15,280.195,280.31,29281
2016-07-26 11:30:00,280.3,281.44,280.13,280.902,31090
2016-07-26 11:45:00,280.69,281.74,280.57,281.27,34958
2016-07-26 12:00:00,281.23,281.42,280.8856,281.3125,20594
2016-07-26 12:15:00,281.44,282.35,281.44,282.11,30455
2016-07-26 12:30:00,282.02099999999996,282.64,281.96,282.52,32430
2016-07-26 12:45:00,282.68,283.34,282.54,283.2,31075
2016-07-26 13:00:00,283.24,283.35,282.14,282.15,15058
2016-07-26 13:15:00,282.22,282.35,282.06,282.23,15237
2016-07-26 13:30:00,282.19,282.215,281.695,282.19,17528
2016-07-26 13:45:00,282.11,282.16,281.78,281.875,17844
2016-07-26 14:00:00,281.84,282.22,281.63,281.74,21028
2016-07-26 14:15:00,281.73,282.17,281.55,281.66,22057
2016-07-26 14:30:00,281.64599999999996,282.05,281.44,281.893,25467
2016-07-26 14:45:00,281.88,282.11,281.62,282.02,17809
2016-07-26 15:00:00,282.035,282.17,281.89,281.97,20594
2016-07-26 15:15:00,281.89,282.195,281.73,281.77,21157
2016-07-26 15:30:00,281.84,281.98,281.41,281.49,23834
2016-07-26 15:45:00,281.53,281.72,281.32,281.37,36844
2016-07-26 16:00:00,281.35,281.87,281.35,281.78,64490
2016-07-27 09:45:00,281.95,283.31,281.25,281.345,28353
2016-07-27 10:00:00,281.45,282.315,280.9801,282.11,19101
2016-07-27 10:15:00,281.96,281.98,280.25,280.25,18836
2016-07-27 10:30:00,280.325,280.88,280.13,280.76,14335
2016-07-27 10:45:00,280.745,281.09,279.83,280.28,27619
2016-07-27 11:00:00,280.32,280.74,279.94,280.61,13186
2016-07-27 11:15:00,280.53,280.53,279.43,279.85,18640
2016-07-27 11:30:00,279.7,280.72,279.62,280.72,20082
2016-07-27 11:45:00,280.75,280.75,279.94,280.21,28588
2016-07-27 12:00:00,280.14,280.34,279.98,279.98,22992
2016-07-27 12:15:00,279.93,279.97,279.155,279.295,39791
2016-07-27 12:30:00,279.3205,279.46,278.505,278.59,38528
2016-07-27 12:45:00,278.66,279.07,278.41,279.07,17369
2016-07-27 13:00:00,279.04,279.14,278.53,278.68,13434
2016-07-27 13:15:00,278.68,279.08,278.62,278.84,14095
2016-07-27 13:30:00,278.91,279.41,278.59,278.72,14405
2016-07-27 13:45:00,278.915,279.35,278.83,279.35,7606
2016-07-27 14:00:00,279.32,279.55,279.31,279.53,10749
2016-07-27 14:15:00,279.54,279.54,278.52,278.95,32108
2016-07-27 14:30:00,278.93,279.57,278.82,278.82,18701
2016-07-27 14:45:00,278.84,279.52,278.84,279.495,16685
2016-07-27 15:00:00,279.5076,279.5076,279.17,279.17,29910
2016-07-27 15:15:00,279.2,279.27,278.8301,278.93,23756
2016-07-27 15:30:00,278.975,279.21,278.19,278.33,33712
2016-07-27 15:45:00,278.34,278.53,277.8,277.85,51383
2016-07-27 16:00:00,277.915,277.915,276.94,277.39,128497
2016-07-28 09:45:00,278.49,292.84,275.01,283.98,288974
2016-07-28 10:00:00,283.91,285.39,280.79,281.46,163295
2016-07-28 10:15:00,281.49,283.935,280.7,282.91,66597
2016-07-28 10:30:00,282.91,283.38,281.0,283.02,53801
2016-07-28 10:45:00,283.38,283.56,282.045,282.65,60211
2016-07-28 11:00:00,282.59,284.28,282.46,283.53,55460
2016-07-28 11:15:00,283.38,288.45,282.57,288.45,121625
2016-07-28 11:30:00,288.305,291.65,287.71,289.63,237887
2016-07-28 11:45:00,289.71,290.42,288.12,288.13,114494
2016-07-28 12:00:00,288.08,291.98,287.41,291.96,120829
2016-07-28 12:15:00,291.6,291.665,290.19,291.1534,34566
2016-07-28 12:30:00,291.235,291.24,288.55,288.55,33169
2016-07-28 12:45:00,288.69,288.715,287.38,287.58,57289
2016-07-28 13:00:00,287.58,288.95,287.58,288.23,52459
2016-07-28 13:15:00,288.34,288.66,287.73,288.59,43213
2016-07-28 13:30:00,288.61,288.67,287.82,287.88,37916
2016-07-28 13:45:00,287.97,288.2,287.44,287.85,35275
2016-07-28 14:00:00,287.91,288.39,287.5,288.25,26094
2016-07-28 14:15:00,288.33,288.5,287.83,287.84,26949
2016-07-28 14:30:00,287.94,288.475,287.71,288.08,32695
2016-07-28 14:45:00,288.09,288.24,287.72,288.03,22978
2016-07-28 15:00:00,288.02,288.44,287.82,288.31,26744
2016-07-28 15:15:00,288.3,288.78,288.18,288.5,39436
2016-07-28 15:30:00,288.5,288.92,288.23,288.92,38486
2016-07-28 15:45:00,288.95,289.19,288.28,288.49,68835
2016-07-28 16:00:00,288.5,289.33,288.41,288.65,130837
2016-07-29 09:45:00,288.66,290.29,287.41,288.57,25935
2016-07-29 10:00:00,288.49,288.49,287.43,287.915,12672
2016-07-29 10:15:00,287.94,287.95,287.16,287.445,21276
2016-07-29 10:30:00,287.29,288.31,286.82,288.31,38319
2016-07-29 10:45:00,288.13,288.78,288.13,288.38,15950
2016-07-29 11:00:00,288.29,289.34,288.29,289.34,18599
2016-07-29 11:15:00,289.29,289.54,288.46,289.04,19239
2016-07-29 11:30:00,289.0,289.42,288.8051,289.29,15678
2016-07-29 11:45:00,289.29,289.73,289.14,289.59,16508
2016-07-29 12:00:00,289.59,290.0,289.59,289.63,17425
2016-07-29 12:15:00,289.75,290.32,289.75,290.02,31267
2016-07-29 12:30:00,290.1,290.24,289.92,290.21,34981
2016-07-29 12:45:00,290.21,290.58,290.15,290.5,16515
2016-07-29 13:00:00,290.69,291.5,290.55,291.355,25046
2016-07-29 13:15:00,291.37,291.52,290.88,291.31,19253
2016-07-29 13:30:00,291.29,291.42,290.61,290.69,16016
2016-07-29 13:45:00,290.68,290.98,290.66,290.98,14818
2016-07-29 14:00:00,290.98,291.44,290.95,291.295,15208
2016-07-29 14:15:00,291.29,291.405,291.15,291.305,15957
2016-07-29 14:30:00,291.29,291.9,291.24,291.86,21802
2016-07-29 14:45:00,291.82,291.91,290.91,291.25,17620
2016-07-29 15:00:00,291.2,291.59,290.71,291.52,17804
2016-07-29 15:15:00,291.43,291.91,291.0,291.082,14326
2016-07-29 15:30:00,291.07,291.13,290.65,291.05,21226
2016-07-29 15:45:00,291.06,291.33,290.54,290.555,24195
2016-07-29 16:00:00,290.69,291.085,290.52,290.57,59701
2016-08-01 09:45:00,290.63,291.31,290.16,290.65,27263
2016-08-01 10:00:00,290.46,290.8,289.94,290.3,17480
2016-08-01 10:15:00,290.32,290.59,289.79,290.36,24725
2016-08-01 10:30:00,290.35,291.09,290.35,290.92,13618
2016-08-01 10:45:00,290.95,291.3,290.78,291.12,26353
2016-08-01 11:00:00,291.14,291.38,290.5,291.01,18637
2016-08-01 11:15:00,291.16,291.683,290.98,291.36,17337
2016-08-01 11:30:00,291.35,291.35,290.4101,290.475,22359
2016-08-01 11:45:00,290.54,291.14,290.54,291.02,22848
2016-08-01 12:00:00,291.13,291.18,290.34,290.62,12348
2016-08-01 12:15:00,290.49,290.67,289.805,289.96,9400
2016-08-01 12:30:00,289.78,290.09,289.18,289.5,13781
2016-08-01 12:45:00,289.67,289.95,289.25,289.69,14979
2016-08-01 13:00:00,289.64,289.64,289.31,289.43,9433
2016-08-01 13:15:00,289.5,289.67,289.22,289.35,8585
2016-08-01 13:30:00,289.4096,289.6682,289.31,289.42,8265
2016-08-01 13:45:00,289.48,289.48,288.99,289.33,7105
2016-08-01 14:00:00,289.36,289.94,289.01,289.94,5500
2016-08-01 14:15:00,289.95,289.98,289.15,289.51,10050
2016-08-01 14:30:00,289.45,289.66,289.19,289.19,8640
2016-08-01 14:45:00,289.22,289.48,289.1,289.22,8990
2016-08-01 15:00:00,289.18,289.51,289.07,289.28,8333
2016-08-01 15:15:00,289.33,289.5199,289.06,289.29,13750
2016-08-01 15:30:00,289.03,289.07,288.42,288.59,14561
2016-08-01 15:45:00,288.71,289.12,288.66,289.06,15163
2016-08-01 16:00:00,289.07,289.26,288.58,288.99,58359
2016-08-02 09:45:00,287.0,288.535,286.36,287.41,28002
2016-08-02 10:00:00,287.22,288.5,287.09,288.08,20630
2016-08-02 10:15:00,287.9268,288.14,287.41,287.78,19524
2016-08-02 10:30:00,287.68,287.68,285.04,285.04,29089
2016-08-02 10:45:00,285.01,285.3,284.6,284.97,22832
2016-08-02 11:00:00,284.98,285.02,284.19,284.671,12382
2016-08-02 11:15:00,284.87,285.99,284.87,285.88,18142
2016-08-02 11:30:00,285.88,286.79,285.745,286.17,13708
2016-08-02 11:45:00,286.18,286.74,286.05,286.443,10407
2016-08-02 12:00:00,286.6,287.05,286.18,286.33,4777
2016-08-02 12:15:00,286.27,287.44,286.27,287.44,22080
2016-08-02 12:30:00,287.38,287.69,287.15,287.45,12502
2016-08-02 12:45:00,287.5368,287.85,287.2543,287.765,9562
2016-08-02 13:00:00,287.77,288.12,287.22,287.22,12326
2016-08-02 13:15:00,287.28,287.51,286.83,286.92,10074
2016-08-02 13:30:00,286.91,287.57,286.91,287.57,9100
2016-08-02 13:45:00,287.46,287.56,287.175,287.53,9153
2016-08-02 14:00:00,287.55,287.6,287.08,287.41,12700
2016-08-02 14:15:00,287.46,287.56,287.16,287.365,16578
2016-08-02 14:30:00,287.39,287.65,287.27,287.34,8367
2016-08-02 14:45:00,287.4,287.88,287.27,287.645,22256
2016-08-02 15:00:00,287.59,287.7,287.185,287.19,11177
2016-08-02 15:15:00,287.1,287.45,286.84,286.99,9802
2016-08-02 15:30:00,286.92,287.32,286.72,287.05,17941
2016-08-02 15:45:00,286.935,287.21,286.65,287.025,22392
2016-08-02 16:00:00,287.09,287.4,286.5,287.01,109241
2016-08-03 09:45:00,287.62,287.62,285.83,286.58,20709
2016-08-03 10:00:00,286.53,287.75,286.08,287.2,33645
2016-08-03 10:15:00,287.2,287.72,286.84,287.635,22396
2016-08-03 10:30:00,287.8,288.63,287.03,287.06,43771
2016-08-03 10:45:00,287.15,287.85,287.15,287.79,14667
2016-08-03 11:00:00,287.78,287.78,286.68,287.0,12714
2016-08-03 11:15:00,286.79,287.53,286.79,287.37,7564
2016-08-03 11:30:00,287.24,287.43,286.71,286.85,13868
2016-08-03 11:45:00,287.01,287.01,286.08,286.18,10913
2016-08-03 12:00:00,286.22,286.7,286.2,286.23,9317
2016-08-03 12:15:00,286.295,286.38,285.78,285.92,14709
2016-08-03 12:30:00,285.92,285.93,285.41,285.59,8133
2016-08-03 12:45:00,285.52,286.05,285.42,285.89,8766
2016-08-03 13:00:00,285.96,286.14,285.695,285.7925,15644
2016-08-03 13:15:00,285.71,286.305,285.66,286.305,9469
2016-08-03 13:30:00,286.41,286.41,285.83,285.84,9688
2016-08-03 13:45:00,285.85,285.97,285.7345,285.83,8300
2016-08-03 14:00:00,285.83,286.21,285.64,285.8,35905
2016-08-03 14:15:00,285.87,286.32,285.77,286.15,11198
2016-08-03 14:30:00,286.03,286.26,285.815,286.19,17395
2016-08-03 14:45:00,286.24,286.77,286.03,286.51,18400
2016-08-03 15:00:00,286.43,286.8,286.42,286.67,13500
2016-08-03 15:15:00,286.57,287.13,286.55,286.99,28195
2016-08-03 15:30:00,286.95,286.955,286.39,286.78,35789
2016-08-03 15:45:00,286.88,286.98,286.57,286.77,16611
2016-08-03 16:00:00,286.71,286.98,286.62,286.66,65506
2016-08-04 09:45:00,287.25,288.8,286.88,288.41,17458
2016-08-04 10:00:00,288.59,288.59,287.72,288.26,15973
2016-08-04 10:15:00,288.11,288.23,286.96,287.33,19997
2016-08-04 10:30:00,287.18,287.34,286.89,287.23,11782
2016-08-04 10:45:00,287.24,287.87,287.0,287.87,10009
2016-08-04 11:00:00,287.86,288.81,287.74,288.615,13205
2016-08-04 11:15:00,288.52,288.81,288.255,288.2784,15983
2016-08-04 11:30:00,288.305,289.42,288.305,289.22,18145
2016-08-04 11:45:00,289.23,289.85,289.09,289.85,13218
2016-08-04 12:00:00,289.93,289.95,289.6,289.83,17264
2016-08-04 12:15:00,289.67,289.91,289.565,289.85,19685
2016-08-04 12:30:00,289.88,289.91,289.655,289.81,11498
2016-08-04 12:45:00,289.805,289.805,288.88,288.96,13496
2016-08-04 13:00:00,288.98,289.15,288.8,288.95,11290
2016-08-04 13:15:00,288.81,288.89,288.33,288.52,9700
2016-08-04 13:30:00,288.392,288.79,288.18,288.79,6393
2016-08-04 13:45:00,288.73,289.05,288.43,288.96,6800
2016-08-04 14:00:00,289.05,289.2,288.64,288.74,6649
2016-08-04 14:15:00,288.78,289.19,288.71,288.85,5429
2016-08-04 14:30:00,288.74,288.92,288.44,288.71,9027
2016-08-04 14:45:00,288.7423,288.8,288.31,288.52,4896
2016-08-04 15:00:00,288.5,288.76,288.32,288.67,6391
2016-08-04 15:15:00,288.62,288.62,287.9,287.97,18452
2016-08-04 15:30:00,288.06,288.58,287.94,288.58,14546
2016-08-04 15:45:00,288.65,288.91,288.41,288.64,16429
2016-08-04 16:00:00,288.62,288.8,288.35,288.71,39785
2016-08-05 09:45:00,289.07,290.89,288.4039,289.96,34447
2016-08-05 10:00:00,290.2,290.5,289.73,289.97,28549
2016-08-05 10:15:00,289.895,290.0199,288.97,289.07,12812
2016-08-05 10:30:00,289.2,289.85,289.03,289.85,10466
2016-08-05 10:45:00,289.86,290.3,289.5,290.19,22963
2016-08-05 11:00:00,290.09,290.21,289.84,290.17,18537
2016-08-05 11:15:00,290.03,290.16,289.86,289.915,12802
2016-08-05 11:30:00,289.86,290.17,289.86,290.1,20818
2016-08-05 11:45:00,290.14,290.44,290.03,290.44,19556
2016-08-05 12:00:00,290.418,290.418,290.005,290.25,11091
2016-08-05 12:15:00,290.27,290.34,289.84,289.935,13171
2016-08-05 12:30:00,289.96,290.04,289.89,290.0093,15845
2016-08-05 12:45:00,290.05,290.05,289.86,289.87,8658
2016-08-05 13:00:00,289.86,290.15,289.42,289.42,4569
2016-08-05 13:15:00,289.6,289.61,289.16,289.23,2982
2016-08-05 13:30:00,289.37,289.715,289.025,289.715,9114
2016-08-05 13:45:00,289.7,289.76,289.47,289.69,8392
2016-08-05 14:00:00,289.8,290.32,289.79,290.32,18975
2016-08-05 14:15:00,290.3399,290.5,290.215,290.36,7426
2016-08-05 14:30:00,290.3299,290.42,290.07,290.07,7405
2016-08-05 14:45:00,290.07,290.269,289.97,290.035,12540
2016-08-05 15:00:00,290.0,290.34,289.98,290.3,10122
2016-08-05 15:15:00,290.34,290.83,290.33,290.8053,8979
2016-08-05 15:30:00,290.83,291.07,290.67,290.91,29790
2016-08-05 15:45:00,290.92,291.1799,290.73,290.8,10357
2016-08-05 16:00:00,290.8,290.8235,290.19,290.42,119260
2016-08-08 09:45:00,290.63,290.63,289.05,289.38,18720
2016-08-08 10:00:00,289.15,289.28,288.375,288.675,5201
2016-08-08 10:15:00,288.61,289.19,288.555,288.93,9552
2016-08-08 10:30:00,289.0,289.11,288.44,288.5801,9200
2016-08-08 10:45:00,288.77,288.9,288.48,288.73,5922
2016-08-08 11:00:00,288.76,288.98,288.58,288.91,4618
2016-08-08 11:15:00,288.95,289.16,288.72,288.79,3486
2016-08-08 11:30:00,288.75,288.75,288.5,288.65,3652
2016-08-08 11:45:00,288.68,288.83,288.57,288.68,2300
2016-08-08 12:00:00,288.78,288.94,288.52,288.52,4150
2016-08-08 12:15:00,288.59,288.88,288.23,288.23,3017
2016-08-08 12:30:00,288.24,288.24,287.94,288.2,2389
2016-08-08 12:45:00,288.195,288.26,287.71,287.71,8400
2016-08-08 13:00:00,287.83,287.85,287.5,287.77,3500
2016-08-08 13:15:00,287.76,287.8,287.59,287.69,5173
2016-08-08 13:30:00,287.75,287.79,287.52,287.71,4584
2016-08-08 13:45:00,287.7599,287.7599,287.55,287.57,5404
2016-08-08 14:00:00,287.57,287.62,287.39,287.54,6221
2016-08-08 14:15:00,287.63,287.63,287.46,287.52,4512
2016-08-08 14:30:00,287.55,287.55,287.24,287.44,2000
2016-08-08 14:45:00,287.35,287.42900000000003,287.26,287.26,3789
2016-08-08 15:00:00,287.34,287.42,287.27,287.27,4895
2016-08-08 15:15:00,287.29,287.3,287.16,287.21,5534
2016-08-08 15:30:00,287.21,287.29,287.16200000000003,287.24,6859
2016-08-08 15:45:00,287.25,287.53,287.24,287.43,8805
2016-08-08 16:00:00,287.46,287.69,287.39,287.63,22228
2016-08-09 09:45:00,288.52,288.52,286.43,286.43,11793
2016-08-09 10:00:00,286.93,288.02,286.505,287.51,6054
2016-08-09 10:15:00,287.72,288.015,287.03,287.79,7056
2016-08-09 10:30:00,287.791,288.22,287.35,287.86,7802
2016-08-09 10:45:00,287.64,288.54,287.64,288.475,4600
2016-08-09 11:00:00,288.58,288.58,287.9001,287.9001,7119
2016-08-09 11:15:00,288.04,288.5997,288.04,288.26,3720
2016-08-09 11:30:00,288.22,288.32,287.74,287.97,5112
2016-08-09 11:45:00,288.1,288.1,287.64,287.7,3300
2016-08-09 12:00:00,287.73,287.98,287.6525,287.98,6700
2016-08-09 12:15:00,287.96,287.96,287.45,287.68,3783
2016-08-09 12:30:00,287.6625,287.8325,287.45,287.62,4399
2016-08-09 12:45:00,287.52,287.59,287.26,287.36,3800
2016-08-09 13:00:00,287.33,287.46,287.0901,287.255,5300
2016-08-09 13:15:00,287.29,287.71,287.26,287.71,13252
2016-08-09 13:30:00,287.63,287.775,287.248,287.455,5168
2016-08-09 13:45:00,287.31,287.58,287.14,287.215,3296
2016-08-09 14:00:00,287.24,287.36,286.895,287.11,9412
2016-08-09 14:15:00,287.09,287.18,286.69,286.69,6280
2016-08-09 14:30:00,286.67,286.88,286.4,286.4,5135
2016-08-09 14:45:00,286.56,286.58,286.09,286.23,10448
2016-08-09 15:00:00,286.3224,286.35,285.96,286.07,11380
2016-08-09 15:15:00,285.985,286.24,285.96,286.1,4531
2016-08-09 15:30:00,286.08,286.46,286.04,286.2,18140
2016-08-09 15:45:00,286.21,286.39,286.08,286.24,8372
2016-08-09 16:00:00,286.31,286.73,286.31,286.71,40739
2016-08-10 09:45:00,287.21,288.08,286.74,287.1725,8930
2016-08-10 10:00:00,287.01,287.34,286.61,286.62,8349
2016-08-10 10:15:00,286.74,287.57,286.74,287.34,12959
2016-08-10 10:30:00,287.38,287.82,286.92,287.045,9602
2016-08-10 10:45:00,287.16,287.18,286.5,287.05,11983
2016-08-10 11:00:00,286.975,287.46,286.9,287.28,17607
2016-08-10 11:15:00,287.32,287.34,286.76,286.99,12227
2016-08-10 11:30:00,286.92,287.22,286.4,287.22,26078
2016-08-10 11:45:00,287.22,287.22,286.8,287.22,8504
2016-08-10 12:00:00,287.22,287.41,286.91,287.09,6100
2016-08-10 12:15:00,287.0,287.74,286.91,287.74,12031
2016-08-10 12:30:00,287.76,288.04,287.65,287.795,10194
2016-08-10 12:45:00,287.795,288.13,287.48,288.065,16009
2016-08-10 13:00:00,287.88,288.29,287.83,288.26,5916
2016-08-10 13:15:00,288.235,288.36,288.12,288.12,7800
2016-08-10 13:30:00,288.16,288.36,287.96,288.21,6115
2016-08-10 13:45:00,288.12,288.21,287.91,288.13,8418
2016-08-10 14:00:00,288.1,288.51,288.05,288.51,16519
2016-08-10 14:15:00,288.52,288.72,288.18,288.235,22987
2016-08-10 14:30:00,288.235,288.31,288.0,288.0,6196
2016-08-10 14:45:00,288.07,288.28,287.99,288.215,8833
2016-08-10 15:00:00,288.2,288.35,288.03,288.28,7300
2016-08-10 15:15:00,288.28,288.68,288.09,288.68,11989
2016-08-10 15:30:00,288.66,289.09,288.605,288.735,12620
2016-08-10 15:45:00,288.76,288.84,288.2,288.2,15267
2016-08-10 16:00:00,288.19,288.6,288.135,288.45,49985
2016-08-11 09:45:00,288.88,291.56,287.85,289.95,37109
2016-08-11 10:00:00,289.94,290.0,289.27,289.375,19258
2016-08-11 10:15:00,289.31,290.44,289.3,290.0,36698
2016-08-11 10:30:00,290.0,290.57,290.0,290.26,13167
2016-08-11 10:45:00,290.21,290.62,289.84,290.61,13518
2016-08-11 11:00:00,290.565,290.565,289.765,290.31,19769
2016-08-11 11:15:00,290.24,290.24,289.21,289.44,11188
2016-08-11 11:30:00,289.505,290.01,288.96,289.69,27859
2016-08-11 11:45:00,289.54,289.54,288.47,288.47,5921
2016-08-11 12:00:00,288.47,289.89,288.14,289.88,19828
2016-08-11 12:15:00,289.76,289.85,288.175,288.4,10102
2016-08-11 12:30:00,288.41,289.82,288.32,288.88,30005
2016-08-11 12:45:00,288.86,288.86,288.185,288.62,8610
2016-08-11 13:00:00,288.7,288.78,288.12,288.39,5550
2016-08-11 13:15:00,288.21,288.37,287.9967,288.18,8137
2016-08-11 13:30:00,288.14,288.29,287.99,288.1,19807
2016-08-11 13:45:00,288.11,288.48,288.07,288.2,10206
2016-08-11 14:00:00,288.26,288.47,287.96,288.09,7751
2016-08-11 14:15:00,288.1,288.35,288.05,288.14,4511
2016-08-11 14:30:00,288.09,288.31,288.03,288.26,4773
2016-08-11 14:45:00,288.21,288.26,288.01,288.16,6425
2016-08-11 15:00:00,288.145,288.5,288.1339,288.255,10516
2016-08-11 15:15:00,288.33,288.58,288.2,288.215,19956
2016-08-11 15:30:00,288.13,288.41,288.09,288.27,15207
2016-08-11 15:45:00,288.19,288.35,288.06,288.215,12990
2016-08-11 16:00:00,288.25,288.41,288.01,288.11,65756
2016-08-12 09:45:00,286.63,287.52,286.13,286.49,29557
2016-08-12 10:00:00,286.5,287.22,286.32,287.03,14990
2016-08-12 10:15:00,286.89,286.97,286.58,286.58,9473
2016-08-12 10:30:00,286.59,286.69,286.26,286.51,19135
2016-08-12 10:45:00,286.54,286.83,286.22,286.42,12500
2016-08-12 11:00:00,286.38,286.71,286.3,286.6325,8100
2016-08-12 11:15:00,286.66,286.89,286.48,286.48,10439
2016-08-12 11:30:00,286.59,286.59,286.15,286.32,7500
2016-08-12 11:45:00,286.33,286.44,285.62,285.81,7846
2016-08-12 12:00:00,285.81,285.89,285.59,285.73,7273
2016-08-12 12:15:00,285.79,286.03,285.60200000000003,285.89,7100
2016-08-12 12:30:00,285.8,285.91,285.555,285.73,5643
2016-08-12 12:45:00,285.85,285.92,285.73,285.89,4835
2016-08-12 13:00:00,285.835,285.85,285.65,285.68,4880
2016-08-12 13:15:00,285.77,285.94,285.57,285.705,4583
2016-08-12 13:30:00,285.59,285.62,285.15,285.27,9953
2016-08-12 13:45:00,285.32,285.46,285.24,285.3001,9344
2016-08-12 14:00:00,285.41,285.8297,285.33,285.67,7889
2016-08-12 14:15:00,285.6501,285.94,285.626,285.91,6875
2016-08-12 14:30:00,286.02,286.32,285.98,286.17,5561
2016-08-12 14:45:00,286.2,286.24,285.97,286.11,7551
2016-08-12 15:00:00,286.15,286.5,286.1,286.455,11175
2016-08-12 15:15:00,286.5,286.61,286.28,286.56,15043
2016-08-12 15:30:00,286.6,286.6,286.01,286.47,12769
2016-08-12 15:45:00,286.49,286.98,286.3,286.98,17884
2016-08-12 16:00:00,286.94,286.94,286.69,286.83,37718
2016-08-15 09:45:00,286.7,286.93,285.9056,286.39,13169
2016-08-15 10:00:00,286.46,286.6519,286.04,286.34,8072
2016-08-15 10:15:00,286.21,287.33,286.08,287.33,14597
2016-08-15 10:30:00,287.21,287.41,287.06,287.15,6341
2016-08-15 10:45:00,287.24,287.61,286.92,287.455,6000
2016-08-15 11:00:00,287.58,287.75,286.88,286.9738,8338
2016-08-15 11:15:00,287.0,287.27,286.88,286.95,15206
2016-08-15 11:30:00,287.04,287.095,286.775,286.86,4482
2016-08-15 11:45:00,286.97,287.17,286.55,287.1,16195
2016-08-15 12:00:00,287.06,287.41,286.86,287.14,4725
2016-08-15 12:15:00,287.095,287.35,286.955,287.14,5791
2016-08-15 12:30:00,287.14,287.28,287.02,287.095,5811
2016-08-15 12:45:00,287.25,287.39,286.84,286.84,3611
2016-08-15 13:00:00,286.91,287.06,286.81,286.89,3382
2016-08-15 13:15:00,286.89,286.89,286.51,286.58,3417
2016-08-15 13:30:00,286.66,286.91,286.39,286.855,4373
2016-08-15 13:45:00,286.93,286.95,286.64,286.82,13816
2016-08-15 14:00:00,287.05,287.27,287.05,287.15,4001
2016-08-15 14:15:00,286.98,287.1,286.77,287.045,5023
2016-08-15 14:30:00,287.11,287.11,286.52,286.52,5931
2016-08-15 14:45:00,286.52,286.72,286.5,286.545,8123
2016-08-15 15:00:00,286.53,287.16,286.475,287.16,5959
2016-08-15 15:15:00,287.08,287.58,287.07,287.58,15899
2016-08-15 15:30:00,287.49,287.6,287.32,287.53,7750
2016-08-15 15:45:00,287.56,287.59,287.34,287.34,20519
2016-08-15 16:00:00,287.39,287.44,287.07,287.14,27842
2016-08-16 09:45:00,285.83,286.14,285.02,285.73,9942
2016-08-16 10:00:00,285.355,286.41,285.275,285.78,9284
2016-08-16 10:15:00,285.77,286.14,285.31,286.02,13782
2016-08-16 10:30:00,286.1179,286.44,285.77,286.24,18151
2016-08-16 10:45:00,286.3,286.75,285.92,286.74,13236
2016-08-16 11:00:00,286.8,286.89,286.32,286.88,4541
2016-08-16 11:15:00,286.58,286.9,286.55,286.71,20578
2016-08-16 11:30:00,286.8,287.21,286.8,287.07,14784
2016-08-16 11:45:00,287.165,287.21,286.79,287.01,9682
2016-08-16 12:00:00,287.13,287.38,286.94,286.94,4748
2016-08-16 12:15:00,287.13,287.28,286.94,287.03,10609
2016-08-16 12:30:00,287.01,287.18,286.94,287.12,7259
2016-08-16 12:45:00,287.01,287.25,286.89,287.15,10651
2016-08-16 13:00:00,287.13,287.38,286.75,286.78,5629
2016-08-16 13:15:00,286.74,286.99,286.1,286.175,5727
2016-08-16 13:30:00,286.15,286.52,286.14,286.33,6601
2016-08-16 13:45:00,286.31,286.37,285.87,286.15,6833
2016-08-16 14:00:00,286.26,286.71,286.175,286.7,8523
2016-08-16 14:15:00,286.7,287.15,286.66,287.01,10465
2016-08-16 14:30:00,286.985,286.985,285.915,286.11,10916
2016-08-16 14:45:00,286.19,286.72,286.07,286.72,6875
2016-08-16 15:00:00,286.74,287.1,286.62,287.08,24776
2016-08-16 15:15:00,287.06,287.07,286.44,286.44,8642
2016-08-16 15:30:00,286.49,286.77,286.41,286.66,5160
2016-08-16 15:45:00,286.86,286.9,286.28,286.47,12051
2016-08-16 16:00:00,286.53,286.54,285.89,285.92,62424
2016-08-17 09:45:00,285.92,286.06,284.69,284.89,14062
2016-08-17 10:00:00,284.83,285.5,284.29,285.005,19202
2016-08-17 10:15:00,284.961,285.21,284.77,285.12,19013
2016-08-17 10:30:00,285.0,285.29,284.69,285.03,8326
2016-08-17 10:45:00,284.955,285.05,284.15,284.29,10391
2016-08-17 11:00:00,284.3,284.355,283.66,283.72,8975
2016-08-17 11:15:00,283.86,284.4,283.81,284.0,11967
2016-08-17 11:30:00,284.14,284.4,284.01,284.0575,10900
2016-08-17 11:45:00,284.03,284.03,283.41,283.465,6535
2016-08-17 12:00:00,283.38,283.92,283.32,283.76,31351
2016-08-17 12:15:00,283.735,284.23,283.735,284.105,6519
2016-08-17 12:30:00,284.105,284.26,283.79,283.975,15307
2016-08-17 12:45:00,283.965,284.175,283.84,283.99,5853
2016-08-17 13:00:00,284.04,285.05,284.04,285.05,5848
2016-08-17 13:15:00,284.99,285.04,284.73,284.85,3324
2016-08-17 13:30:00,284.85,284.95,284.65,284.7512,8275
2016-08-17 13:45:00,284.73,285.32,284.35,285.32,9350
2016-08-17 14:00:00,285.28,285.28,284.63,284.71,5471
2016-08-17 14:15:00,284.8975,285.83,284.26,285.81,7967
2016-08-17 14:30:00,285.68,285.755,285.16,285.66,5710
2016-08-17 14:45:00,285.425,285.85,285.425,285.85,3487
2016-08-17 15:00:00,285.62,285.87,285.46,285.76,4405
2016-08-17 15:15:00,285.84,285.84,285.14,285.44,6415
2016-08-17 15:30:00,285.44,285.54,285.2,285.48,4443
2016-08-17 15:45:00,285.41,285.91,285.37,285.91,12488
2016-08-17 16:00:00,285.88,285.88,285.49,285.79,22059
2016-08-18 09:45:00,286.24,286.24,284.961,285.54,15716
2016-08-18 10:00:00,284.95,285.22,284.48,284.57,6189
2016-08-18 10:15:00,284.5,284.81,284.4,284.66,8767
2016-08-18 10:30:00,284.84,285.65,284.75,285.42,12896
2016-08-18 10:45:00,285.35,285.91,285.35,285.51,6300
2016-08-18 11:00:00,285.5,285.635,285.2,285.59,5708
2016-08-18 11:15:00,285.67,285.88,285.18,285.83,8935
2016-08-18 11:30:00,285.79,285.89,285.45,285.68,10754
2016-08-18 11:45:00,285.9,285.98,285.26,285.35,8397
2016-08-18 12:00:00,285.31,285.64,285.115,285.165,9763
2016-08-18 12:15:00,285.2,285.51,285.135,285.39,3800
2016-08-18 12:30:00,285.45,285.59,284.97,285.27,5607
2016-08-18 12:45:00,285.23,285.23,284.71,284.88,6276
2016-08-18 13:00:00,284.96,285.45,284.885,285.4,13897
2016-08-18 13:15:00,285.4,285.74,285.22,285.53,10409
2016-08-18 13:30:00,285.51,285.64,285.21,285.29,5171
2016-08-18 13:45:00,285.29,286.05,285.29,286.05,7272
2016-08-18 14:00:00,285.97,286.04,285.76,285.815,4029
2016-08-18 14:15:00,285.87,286.03,285.67,285.7274,6276
2016-08-18 14:30:00,285.7,285.94,285.7,285.735,4796
2016-08-18 14:45:00,285.81,285.83,285.65,285.77,6102
2016-08-18 15:00:00,285.79,285.86,285.66,285.83,2767
2016-08-18 15:15:00,285.83,286.16,285.83,285.99,3467
2016-08-18 15:30:00,285.92,286.32,285.8,286.06,31563
2016-08-18 15:45:00,286.11,286.21,285.95,286.085,17022
2016-08-18 16:00:00,286.05,286.08,285.76,286.0,18166
2016-08-19 09:45:00,285.38,286.49,285.12,286.325,37116
2016-08-19 10:00:00,286.16,287.27,286.06,286.7,13348
2016-08-19 10:15:00,286.7,287.12,286.51,286.9,8907
2016-08-19 10:30:00,286.89,287.57,286.73,287.57,8084
2016-08-19 10:45:00,287.55,287.55,287.11,287.3,9823
2016-08-19 11:00:00,287.22,287.22,286.54,286.94,8909
2016-08-19 11:15:00,286.9,286.97,286.65,286.75,9437
2016-08-19 11:30:00,286.74,287.045,286.73,287.0,4593
2016-08-19 11:45:00,286.84,286.97,286.09,286.24,5467
2016-08-19 12:00:00,286.08,286.28,285.97,286.08,3958
2016-08-19 12:15:00,286.08,286.2,285.94,286.05,3692
2016-08-19 12:30:00,285.96,285.96,285.37,285.61,2400
2016-08-19 12:45:00,285.72,285.8,285.5,285.6,6202
2016-08-19 13:00:00,285.66,285.66,284.75,284.98,7460
2016-08-19 13:15:00,284.94,285.05,284.815,285.005,2400
2016-08-19 13:30:00,285.02,285.02,284.69,284.69,4400
2016-08-19 13:45:00,284.66,284.98,284.66,284.84,4640
2016-08-19 14:00:00,284.86,284.98,284.75,284.84,2864
2016-08-19 14:15:00,284.96,285.12,284.84,285.12,1552
2016-08-19 14:30:00,285.03,285.22,285.0,285.11,3712
2016-08-19 14:45:00,285.13,285.3692,285.13,285.22,5945
2016-08-19 15:00:00,285.25,285.51,285.175,285.495,16117
2016-08-19 15:15:00,285.55,285.675,285.36,285.675,7586
2016-08-19 15:30:00,285.59,285.91,285.58,285.81,8424
2016-08-19 15:45:00,285.88,286.03,285.7,285.83,6620
2016-08-19 16:00:00,285.92,286.01,285.64,285.75,23864
2016-08-22 09:45:00,286.0,287.27,285.975,286.51,6987
2016-08-22 10:00:00,287.39,287.75,286.61,287.75,20929
2016-08-22 10:15:00,287.7,287.9,287.29,287.3719,17400
2016-08-22 10:30:00,287.5,288.63,287.5,288.63,18391
2016-08-22 10:45:00,288.67,288.67,287.85,288.09,16509
2016-08-22 11:00:00,288.17,288.33,288.0,288.1,7046
2016-08-22 11:15:00,288.27,288.44,287.89,288.14,9466
2016-08-22 11:30:00,288.18,288.295,287.405,287.68,5661
2016-08-22 11:45:00,287.64,287.64,287.21,287.39,6196
2016-08-22 12:00:00,287.27,287.56,287.24,287.49,6352
2016-08-22 12:15:00,287.35,287.47,287.09,287.25,4113
2016-08-22 12:30:00,287.37,288.12,287.35,288.03,5204
2016-08-22 12:45:00,288.07,288.14,287.44,287.44,6320
2016-08-22 13:00:00,287.43,287.79,287.3,287.3,6480
2016-08-22 13:15:00,287.41,287.64,287.21,287.4,4784
2016-08-22 13:30:00,287.47,287.48,286.73,287.18,11146
2016-08-22 13:45:00,287.02,287.33,286.99,287.33,10263
2016-08-22 14:00:00,287.35,287.83,287.35,287.515,4709
2016-08-22 14:15:00,287.62,287.63,287.31,287.57,6836
2016-08-22 14:30:00,287.56,287.68,287.08,287.1,33508
2016-08-22 14:45:00,287.04,287.4,286.93,287.25,9046
2016-08-22 15:00:00,287.235,287.37,286.98,287.161,9771
2016-08-22 15:15:00,287.16,287.45,287.07,287.39,9315
2016-08-22 15:30:00,287.4,287.4,286.782,286.845,9226
2016-08-22 15:45:00,286.85,287.08,286.76,286.8825,11081
2016-08-22 16:00:00,286.83,286.9,286.48,286.52,53997
2016-08-23 09:45:00,287.24,287.61,287.0,287.495,8285
2016-08-23 10:00:00,287.8,287.8,286.53,286.8324,5963
2016-08-23 10:15:00,286.75,286.9,286.55,286.78,8200
2016-08-23 10:30:00,286.66,286.86,286.17,286.17,6021
2016-08-23 10:45:00,286.29,286.46,286.02,286.28,8854
2016-08-23 11:00:00,286.23,286.51,286.04,286.04,5334
2016-08-23 11:15:00,286.0,286.08,285.55,285.65,7679
2016-08-23 11:30:00,285.67,285.93,285.58,285.73,10000
2016-08-23 11:45:00,285.83,286.12,285.72,285.945,25750
2016-08-23 12:00:00,286.01,286.25,286.0,286.25,9272
2016-08-23 12:15:00,286.165,286.23,285.89,285.95,7408
2016-08-23 12:30:00,286.01,286.25,285.93,286.205,8372
2016-08-23 12:45:00,286.09,286.14,285.82,285.97,7700
2016-08-23 13:00:00,285.935,285.94,285.44,285.44,11204
2016-08-23 13:15:00,285.585,285.72,285.43,285.69,9027
2016-08-23 13:30:00,285.67,286.15,285.48,285.48,6863
2016-08-23 13:45:00,285.5304,285.88,285.4501,285.7,6300
2016-08-23 14:00:00,285.59,285.6299,285.29,285.6299,8220
2016-08-23 14:15:00,285.54,285.56,285.26,285.47,6800
2016-08-23 14:30:00,285.55,285.58,285.27,285.36,11366
2016-08-23 14:45:00,285.275,285.3,284.77,284.98,16595
2016-08-23 15:00:00,284.91,285.17,284.91,285.16,12228
2016-08-23 15:15:00,285.14,285.5,285.0,285.48,13030
2016-08-23 15:30:00,285.52,285.65,285.24,285.405,9477
2016-08-23 15:45:00,285.34,285.395,285.1001,285.24,13200
2016-08-23 16:00:00,285.2,285.355,285.09,285.14,23706
2016-08-24 09:45:00,284.48,286.69,284.48,286.32,11306
2016-08-24 10:00:00,286.17,286.17,285.02,285.49,5314
2016-08-24 10:15:00,285.405,285.82,285.2,285.82,8472
2016-08-24 10:30:00,285.745,285.745,285.015,285.015,7933
2016-08-24 10:45:00,284.98,285.67,284.97,285.39,12740
2016-08-24 11:00:00,285.13,285.17,284.57,285.17,7880
2016-08-24 11:15:00,285.265,285.47,284.5,284.595,8439
2016-08-24 11:30:00,284.58,284.9,284.51,284.76,7677
2016-08-24 11:45:00,284.91,285.0,284.755,284.87,3614
2016-08-24 12:00:00,284.92,285.22,284.855,285.03,6179
2016-08-24 12:15:00,285.055,285.49,284.87,285.15,5300
2016-08-24 12:30:00,285.1,285.1,284.73,284.8,4125
2016-08-24 12:45:00,284.805,285.04,284.57,284.81,17971
2016-08-24 13:00:00,284.74,284.97,284.6852,284.83,9627
2016-08-24 13:15:00,284.825,284.89,284.3876,284.3876,7846
2016-08-24 13:30:00,284.49,284.66,283.96,283.96,4328
2016-08-24 13:45:00,284.0,284.02,283.84,283.89,13280
2016-08-24 14:00:00,283.93,284.09,283.75,283.85,7452
2016-08-24 14:15:00,283.98,284.11,283.75,283.89,8821
2016-08-24 14:30:00,283.93,284.165,283.75,283.95,9685
2016-08-24 14:45:00,283.975,284.31,283.71,284.25,10416
2016-08-24 15:00:00,284.23,284.6,284.07,284.6,8111
2016-08-24 15:15:00,284.54,284.54,283.93,284.05,11077
2016-08-24 15:30:00,284.09,284.22,283.83,283.86,8753
2016-08-24 15:45:00,283.98,284.26,283.9,284.24,13400
2016-08-24 16:00:00,284.24,284.5,284.03,284.46,34201
2016-08-25 09:45:00,283.7,284.56,283.6,284.56,7575
2016-08-25 10:00:00,284.27,284.69,284.0908,284.33,6618
2016-08-25 10:15:00,284.41,285.27,284.39,284.39,10065
2016-08-25 10:30:00,284.435,284.435,283.38,283.91,22657
2016-08-25 10:45:00,284.09,284.99,284.09,284.99,5771
2016-08-25 11:00:00,285.13,285.36,284.76,285.36,6940
2016-08-25 11:15:00,285.27,285.5825,285.1301,285.2,5312
2016-08-25 11:30:00,285.29,285.41,284.82,284.83,6598
2016-08-25 11:45:00,284.99,285.24,284.77,284.798,6700
2016-08-25 12:00:00,284.9,284.944,284.548,284.73,10203
2016-08-25 12:15:00,284.82,284.845,284.44,284.6,8647
2016-08-25 12:30:00,284.46,284.73,284.26599999999996,284.59,6000
2016-08-25 12:45:00,284.5,285.1,284.5,284.92,18674
2016-08-25 13:00:00,284.93,285.05,284.81,284.91,7750
2016-08-25 13:15:00,284.9,284.99,284.79,284.79,1000
2016-08-25 13:30:00,284.75,284.84,284.6,284.705,3301
2016-08-25 13:45:00,284.85,284.9,284.185,284.315,8914
2016-08-25 14:00:00,284.23,284.55,284.19,284.43,10361
2016-08-25 14:15:00,284.505,284.62,284.175,284.37,12319
2016-08-25 14:30:00,284.54,284.57,284.16,284.56,9909
2016-08-25 14:45:00,284.57,284.7199,284.34,284.53,7741
2016-08-25 15:00:00,284.6,284.6,284.0,284.01,7360
2016-08-25 15:15:00,284.0,284.33,284.0,284.08,10509
2016-08-25 15:30:00,284.08,284.31,284.01,284.21,9725
2016-08-25 15:45:00,284.19,284.37,284.09,284.17,14215
2016-08-25 16:00:00,284.17,284.29,284.0,284.16,31585
2016-08-26 09:45:00,283.57,283.995,282.32099999999997,283.0,32435
2016-08-26 10:00:00,283.0,283.01,281.04,281.05,21178
2016-08-26 10:15:00,281.0,281.0,279.0445,279.57,49050
2016-08-26 10:30:00,279.65,281.34,279.61,281.32,19975
2016-08-26 10:45:00,281.41,281.45,280.36,280.4,13670
2016-08-26 11:00:00,280.51,280.51,279.061,279.225,19225
2016-08-26 11:15:00,279.36,280.2,278.73,279.36,38385
2016-08-26 11:30:00,279.38,280.59,279.38,279.97,23213
2016-08-26 11:45:00,280.18,280.215,278.76,278.77,10792
2016-08-26 12:00:00,278.92,278.95,277.82,278.37,21434
2016-08-26 12:15:00,278.41,278.69,277.54,277.67,17616
2016-08-26 12:30:00,277.5466,277.8399,276.9,277.8399,16881
2016-08-26 12:45:00,277.63,277.99,277.35,277.54,28381
2016-08-26 13:00:00,277.57,277.69,277.36,277.5761,32903
2016-08-26 13:15:00,277.65,277.84,277.29,277.565,27600
2016-08-26 13:30:00,277.525,277.88,277.44,277.74,15056
2016-08-26 13:45:00,277.74,278.0699,277.69,278.015,19011
2016-08-26 14:00:00,277.99,278.06,277.7,277.975,17887
2016-08-26 14:15:00,278.07,278.41,277.98,278.11,8913
2016-08-26 14:30:00,278.11,278.23,277.5012,278.16,14323
2016-08-26 14:45:00,278.14,278.15,277.77299999999997,277.96,7700
2016-08-26 15:00:00,277.87,278.11,277.71,278.01,7828
2016-08-26 15:15:00,277.98,278.28,277.98,278.25,14960
2016-08-26 15:30:00,278.2,278.385,277.75,277.81,19689
2016-08-26 15:45:00,277.894,278.26,277.645,278.07,80405
2016-08-26 16:00:00,278.1,278.42,278.02,278.28,102442
2016-08-29 09:45:00,277.98,280.06,277.91,279.97,29274
2016-08-29 10:00:00,280.18,280.6,279.8,280.36,8180
2016-08-29 10:15:00,280.6,281.3199,280.19,280.96,40153
2016-08-29 10:30:00,280.84,280.84,280.23,280.79,6949
2016-08-29 10:45:00,280.57,281.12,280.43,281.12,4700
2016-08-29 11:00:00,281.02,281.24,280.15,280.31,6902
2016-08-29 11:15:00,280.18,280.575,279.99,280.385,25700
2016-08-29 11:30:00,280.385,280.7699,280.268,280.595,12345
2016-08-29 11:45:00,280.51,280.73,280.27,280.58,6549
2016-08-29 12:00:00,280.74,280.82,280.143,280.23,6063
2016-08-29 12:15:00,280.18,280.57,280.036,280.065,11107
2016-08-29 12:30:00,280.0,280.26,279.6595,280.103,26970
2016-08-29 12:45:00,280.26,280.61,280.08,280.48,13961
2016-08-29 13:00:00,280.585,280.69,280.37,280.39,12313
2016-08-29 13:15:00,280.49,280.61,280.22,280.22,8879
2016-08-29 13:30:00,280.21,280.21,279.9,280.12,8212
2016-08-29 13:45:00,280.14,280.31,280.02,280.07,14995
2016-08-29 14:00:00,280.14,280.33,280.06,280.21,10433
2016-08-29 14:15:00,280.315,280.42,280.0404,280.0404,16242
2016-08-29 14:30:00,280.0,280.06,279.67,279.795,14329
2016-08-29 14:45:00,279.79,280.08,279.62,279.84,17463
2016-08-29 15:00:00,279.84,280.0,279.71,280.0,8599
2016-08-29 15:15:00,279.96,280.16,279.89,280.12,16133
2016-08-29 15:30:00,280.09,280.105,279.63,279.72,16708
2016-08-29 15:45:00,279.75,279.94,279.47,279.56,26170
2016-08-29 16:00:00,279.56,280.08,279.47,280.04,74876
2016-08-30 09:45:00,280.41,280.53,279.095,279.305,19264
2016-08-30 10:00:00,279.4,279.4,277.93,278.59,9700
2016-08-30 10:15:00,278.49,278.86,277.6,277.6,12892
2016-08-30 10:30:00,277.5,278.11,277.3,277.8,34923
2016-08-30 10:45:00,277.74,277.77,276.85,276.9381,17671
2016-08-30 11:00:00,276.89,277.85,276.67,277.47,36074
2016-08-30 11:15:00,277.47,277.6,276.79,277.22,24825
2016-08-30 11:30:00,277.29,277.72,276.97,277.4,12188
2016-08-30 11:45:00,277.4,277.58,277.0,277.02,24444
2016-08-30 12:00:00,277.05,277.82,277.0,277.66,17482
2016-08-30 12:15:00,277.73,278.07,277.46,277.47,12404
2016-08-30 12:30:00,277.37,277.53,277.2,277.29,3555
2016-08-30 12:45:00,277.335,277.81,277.2,277.8,12500
2016-08-30 13:00:00,277.9,277.9,277.47,277.74,8298
2016-08-30 13:15:00,277.68,277.68,277.33,277.37,10134
2016-08-30 13:30:00,277.39,277.92,277.0901,277.71,16952
2016-08-30 13:45:00,277.765,277.81,277.35,277.385,6781
2016-08-30 14:00:00,277.365,277.955,277.33,277.88,23431
2016-08-30 14:15:00,277.77,278.11,277.55,277.975,16970
2016-08-30 14:30:00,278.0,278.03,277.73,277.89,19887
2016-08-30 14:45:00,277.875,278.08,277.75,278.0,13243
2016-08-30 15:00:00,277.965,278.05,277.71,277.77,21917
2016-08-30 15:15:00,277.67,278.05,277.67,277.91,38482
2016-08-30 15:30:00,277.94,278.09,277.83,277.96,25551
2016-08-30 15:45:00,278.02,278.02,277.62,277.94,38022
2016-08-30 16:00:00,277.85,278.12,277.73,277.98,59045
2016-08-31 09:45:00,278.09,278.435,277.81,278.075,13126
2016-08-31 10:00:00,278.0436,278.53,277.76,278.01,22281
2016-08-31 10:15:00,278.01,278.63,277.74,278.51,23774
2016-08-31 10:30:00,278.29,278.51,277.9875,278.09,13136
2016-08-31 10:45:00,278.01,278.46,278.0,278.235,25882
2016-08-31 11:00:00,278.17,278.61,277.9901,278.165,27166
2016-08-31 11:15:00,278.1,279.09,278.1,278.85,22669
2016-08-31 11:30:00,278.75,278.8,278.33,278.48,6957
2016-08-31 11:45:00,278.39,278.43,277.68,277.96,8114
2016-08-31 12:00:00,277.85,278.39,277.85,278.3,11125
2016-08-31 12:15:00,278.18,278.77,277.83,278.55,40308
2016-08-31 12:30:00,278.3701,278.38,278.0,278.07099999999997,17411
2016-08-31 12:45:00,278.19,278.4,277.98,278.32,17507
2016-08-31 13:00:00,278.28,278.5,278.15,278.15,7620
2016-08-31 13:15:00,278.15,278.51,278.15,278.28,9174
2016-08-31 13:30:00,278.1801,278.66,278.14,278.51,9683
2016-08-31 13:45:00,278.47,278.86,278.41,278.86,8027
2016-08-31 14:00:00,278.81,279.15,278.76,279.13,9629
2016-08-31 14:15:00,279.09,280.03,279.05,280.03,27782
2016-08-31 14:30:00,280.04,280.38,280.02,280.36,8956
2016-08-31 14:45:00,280.275,280.49,280.11,280.1712,14815
2016-08-31 15:00:00,280.26,280.28,279.82,279.83,12652
2016-08-31 15:15:00,279.86,280.05,279.8,279.915,14809
2016-08-31 15:30:00,279.97,280.21,279.68,279.8,14953
2016-08-31 15:45:00,279.73,280.14,279.68,280.09,31298
2016-08-31 16:00:00,279.99,280.07,279.85,279.95,54616
2016-09-01 09:45:00,280.7,281.95,280.0,281.95,17164
2016-09-01 10:00:00,281.585,282.88,280.93,282.88,16684
2016-09-01 10:15:00,282.58,283.17,282.07,282.8,13104
2016-09-01 10:30:00,282.78,283.469,282.5,283.235,26713
2016-09-01 10:45:00,283.02,283.03,281.8,282.59,17856
2016-09-01 11:00:00,282.59,283.26,282.23,282.83,43826
2016-09-01 11:15:00,282.972,283.505,282.43,283.21,33323
2016-09-01 11:30:00,283.19,283.19,282.28,282.3,7430
2016-09-01 11:45:00,282.24,282.43,281.75,282.19,26675
2016-09-01 12:00:00,282.0701,282.25,281.87,282.25,7180
2016-09-01 12:15:00,282.19,282.3099,281.81,282.06,6486
2016-09-01 12:30:00,282.29,283.22,282.05,282.83,10158
2016-09-01 12:45:00,282.79,282.89,281.82,282.115,5570
2016-09-01 13:00:00,282.04,282.17,281.88,281.98,9500
2016-09-01 13:15:00,282.09,282.32,282.06,282.29,4416
2016-09-01 13:30:00,282.29,282.615,282.27,282.37,3700
2016-09-01 13:45:00,282.36,282.48,282.2105,282.2105,6826
2016-09-01 14:00:00,282.24,282.56,282.135,282.35,2894
2016-09-01 14:15:00,282.2475,282.2475,281.83,281.8401,9647
2016-09-01 14:30:00,281.915,282.0,281.81,281.99,8600
2016-09-01 14:45:00,281.92,282.03,281.84,281.9,12623
2016-09-01 15:00:00,282.0,282.605,282.0,282.41,9670
2016-09-01 15:15:00,282.47,282.47,281.93,282.295,7160
2016-09-01 15:30:00,282.17,282.22,281.82,282.01,8106
2016-09-01 15:45:00,282.0351,282.21,281.76,281.88,12916
2016-09-01 16:00:00,281.92,282.19,281.75,282.11,27543
2016-09-02 09:45:00,282.34,282.98,281.83,282.56,14039
2016-09-02 10:00:00,282.83,282.97,282.25,282.57,18054
2016-09-02 10:15:00,282.57,283.1,282.09,282.09,27578
2016-09-02 10:30:00,281.96,282.665,281.77,282.1225,10742
2016-09-02 10:45:00,282.06,282.18,281.51,282.1,9858
2016-09-02 11:00:00,282.13,282.5,281.78,282.1375,12599
2016-09-02 11:15:00,282.18,282.45,281.78,281.985,42649
2016-09-02 11:30:00,281.98,282.25,281.74,281.855,20854
2016-09-02 11:45:00,281.88,282.1,281.7,281.99,32632
2016-09-02 12:00:00,281.96,282.2,281.9,282.15,25741
2016-09-02 12:15:00,282.09,282.22,281.92,281.99,21480
2016-09-02 12:30:00,282.0,282.2,281.9,282.1,15610
2016-09-02 12:45:00,281.99,282.4,281.97,282.1725,17931
2016-09-02 13:00:00,282.1675,282.335,282.01,282.335,7300
2016-09-02 13:15:00,282.24,282.32,282.08,282.2,9284
2016-09-02 13:30:00,282.18,282.26,281.8,281.99,27984
2016-09-02 13:45:00,281.91,282.08,281.65,281.99,38736
2016-09-02 14:00:00,282.05,282.05,281.9,281.96,21664
2016-09-02 14:15:00,281.97,282.08,281.9,282.06,12645
2016-09-02 14:30:00,282.06,282.24,281.9501,281.9501,5499
2016-09-02 14:45:00,281.95,282.33,281.95,282.25,6142
2016-09-02 15:00:00,282.15,282.27,281.96,282.13,19444
2016-09-02 15:15:00,282.2,282.33,282.12,282.25,9497
2016-09-02 15:30:00,282.22,282.55,282.2,282.55,7410
2016-09-02 15:45:00,282.54,282.7885,282.39,282.44,18480
2016-09-02 16:00:00,282.46,282.65,282.04,282.58,30967
2016-09-06 09:45:00,282.53,282.69,281.4,282.25,30553
2016-09-06 10:00:00,282.61,282.92,282.002,282.63,13085
2016-09-06 10:15:00,282.47,282.72,282.17,282.6,12086
2016-09-06 10:30:00,282.5,282.695,282.23,282.66,22130
2016-09-06 10:45:00,282.64,282.77,282.5,282.62,15576
2016-09-06 11:00:00,282.63,282.6472,282.15,282.39,17328
2016-09-06 11:15:00,282.37,282.375,282.07,282.325,5300
2016-09-06 11:30:00,282.32,282.725,282.14,282.14,5101
2016-09-06 11:45:00,282.16,282.25,281.45,281.54,15813
2016-09-06 12:00:00,281.61,282.44,281.53,282.27,17400
2016-09-06 12:15:00,282.36,282.37,281.78,282.03,25250
2016-09-06 12:30:00,281.955,282.06,281.68,281.68,18708
2016-09-06 12:45:00,281.63,281.8616,281.38,281.72,7900
2016-09-06 13:00:00,281.69,281.69,281.22,281.53,6900
2016-09-06 13:15:00,281.6,282.06,281.37,282.0,35647
2016-09-06 13:30:00,281.97,282.05,281.79,281.935,11600
2016-09-06 13:45:00,281.91,281.91,281.57,281.62,6300
2016-09-06 14:00:00,281.595,281.92,281.46,281.83,35304
2016-09-06 14:15:00,281.8625,282.025,281.67,282.025,12314
2016-09-06 14:30:00,281.99,282.14,281.8,282.02,6409
2016-09-06 14:45:00,282.03,282.24,281.99,282.17,4335
2016-09-06 15:00:00,282.1196,282.24,282.01,282.24,6461
2016-09-06 15:15:00,282.2,282.4572,282.2,282.38,6058
2016-09-06 15:30:00,282.35,282.84,282.35,282.82,8138
2016-09-06 15:45:00,282.79,283.03,282.73,283.0,9021
2016-09-06 16:00:00,283.05,283.25,282.94,283.07,28660
2016-09-07 09:45:00,283.32,283.34,281.23,282.09,15529
2016-09-07 10:00:00,282.06,282.45,281.0575,281.11,19525
2016-09-07 10:15:00,281.06,281.97,281.06,281.84,9898
2016-09-07 10:30:00,281.555,282.36,281.335,282.19,34676
2016-09-07 10:45:00,282.06,282.3899,281.88,282.06,20242
2016-09-07 11:00:00,281.9639,282.52,281.845,282.37,22467
2016-09-07 11:15:00,282.41,282.58,282.08,282.285,15873
2016-09-07 11:30:00,282.02,282.47,281.81,282.09,20174
2016-09-07 11:45:00,282.03,282.2,281.87,281.93,17464
2016-09-07 12:00:00,281.92,282.2,281.84,282.2,10800
2016-09-07 12:15:00,281.96,282.375,281.91,282.07,10100
2016-09-07 12:30:00,282.06,282.265,281.97,282.17,9507
2016-09-07 12:45:00,282.11,282.48,282.08,282.48,4620
2016-09-07 13:00:00,282.51,282.625,282.1,282.15,20540
2016-09-07 13:15:00,282.2,282.375,282.0,282.08,23230
2016-09-07 13:30:00,282.06,282.31,282.0,282.16,16255
2016-09-07 13:45:00,282.11,282.35,282.11,282.32,5300
2016-09-07 14:00:00,282.33,282.43,282.16,282.39,5709
2016-09-07 14:15:00,282.38,282.39,282.04,282.32,22374
2016-09-07 14:30:00,282.27,282.28,282.04,282.085,9045
2016-09-07 14:45:00,282.11,282.3,282.03,282.19,7888
2016-09-07 15:00:00,282.2,282.56,282.17,282.48,5753
2016-09-07 15:15:00,282.45,282.64,282.4,282.6,8022
2016-09-07 15:30:00,282.61,282.85,282.6,282.67,12788
2016-09-07 15:45:00,282.71,283.0,282.71,282.93,16434
2016-09-07 16:00:00,282.91,282.91,282.43,282.74,47440
2016-09-08 09:45:00,282.0,283.09,281.6,282.065,48480
2016-09-08 10:00:00,282.01,282.21,281.08,281.135,24605
2016-09-08 10:15:00,280.905,281.86,280.81,281.57,21765
2016-09-08 10:30:00,281.23,281.47,280.84,280.93,12755
2016-09-08 10:45:00,281.04,281.16,280.8,281.1,19998
2016-09-08 11:00:00,281.15,281.49,280.775,281.11,38100
2016-09-08 11:15:00,281.28,282.19,280.87,281.96,41723
2016-09-08 11:30:00,281.99,282.13,281.33,281.7299,34031
2016-09-08 11:45:00,281.73,281.78,281.3025,281.3025,37128
2016-09-08 12:00:00,281.33,281.95,281.28,281.95,31423
2016-09-08 12:15:00,281.85,281.99,281.57,281.76,28051
2016-09-08 12:30:00,281.74,281.99,281.62,281.88,7350
2016-09-08 12:45:00,281.9,282.04,281.68,281.68,6769
2016-09-08 13:00:00,281.71,281.93,281.68,281.73,15096
2016-09-08 13:15:00,281.72,281.98,281.56,281.97,6244
2016-09-08 13:30:00,281.85,281.89,281.555,281.685,7100
2016-09-08 13:45:00,281.6675,281.89,281.58,281.75,22648
2016-09-08 14:00:00,281.73,281.95,281.47,281.86,19365
2016-09-08 14:15:00,281.9,282.1225,281.85,282.06,9327
2016-09-08 14:30:00,281.97,282.3,281.9,282.0275,13698
2016-09-08 14:45:00,282.06,282.5,281.97,282.5,28168
2016-09-08 15:00:00,282.38,282.67,282.17,282.495,11098
2016-09-08 15:15:00,282.4,282.54,282.345,282.45,30476
2016-09-08 15:30:00,282.45,282.535,282.39,282.535,25751
2016-09-08 15:45:00,282.55,282.6,282.43,282.46,34123
2016-09-08 16:00:00,282.47,282.47,281.93,281.94,48185
2016-09-09 09:45:00,280.04,281.9,280.03,281.28,48622
2016-09-09 10:00:00,281.48,281.6,280.67,281.58,23427
2016-09-09 10:15:00,281.32,281.66,280.85,281.32,25213
2016-09-09 10:30:00,281.365,281.47,280.42,280.42,32402
2016-09-09 10:45:00,280.405,281.03,280.3,280.865,29816
2016-09-09 11:00:00,280.93,281.09,280.07,280.44,51133
2016-09-09 11:15:00,280.385,280.59,279.24,279.57,82101
2016-09-09 11:30:00,279.57,280.42,279.52,280.39,33255
2016-09-09 11:45:00,280.34,280.87,279.77,280.765,21716
2016-09-09 12:00:00,280.74,281.05,280.475,280.75,24142
2016-09-09 12:15:00,280.77,281.13,280.75,280.87,23069
2016-09-09 12:30:00,280.9415,281.43,280.825,281.265,18102
2016-09-09 12:45:00,281.175,281.175,280.83,280.83,18518
2016-09-09 13:00:00,280.815,280.835,280.33,280.54,24063
2016-09-09 13:15:00,280.53,280.65,280.25,280.525,38269
2016-09-09 13:30:00,280.48,280.66,280.24,280.64,31466
2016-09-09 13:45:00,280.58,280.68,280.295,280.55,41420
2016-09-09 14:00:00,280.538,280.62,280.24,280.34,52905
2016-09-09 14:15:00,280.38,280.38,278.74,278.74,16855
2016-09-09 14:30:00,278.86,279.62,278.72,279.54,27842
2016-09-09 14:45:00,279.465,279.8,279.18,279.33,37083
2016-09-09 15:00:00,279.195,279.7395,278.93,279.42,55947
2016-09-09 15:15:00,279.41,279.73,278.94,278.985,27645
2016-09-09 15:30:00,279.07,279.4,278.8,279.24,26256
2016-09-09 15:45:00,279.22,279.42,278.93,279.21,41730
2016-09-09 16:00:00,279.2,279.295,278.1,278.21,195754
2016-09-12 09:45:00,277.57,279.25,276.95,278.21,60685
2016-09-12 10:00:00,278.05,279.33,277.76,278.85,15503
2016-09-12 10:15:00,278.78,278.93,277.31,277.31,25503
2016-09-12 10:30:00,277.3,277.72,276.86,277.445,19607
2016-09-12 10:45:00,277.51,278.32,277.17,278.32,17363
2016-09-12 11:00:00,278.36,278.93,278.17,278.79,22191
2016-09-12 11:15:00,278.87,279.29,278.11,278.13,15760
2016-09-12 11:30:00,278.17,278.22,277.22,277.32,49212
2016-09-12 11:45:00,277.33,278.14,277.24,278.03,33459
2016-09-12 12:00:00,277.95,278.51,277.55,278.13,37255
2016-09-12 12:15:00,278.3,278.52,277.54,277.69,27590
2016-09-12 12:30:00,277.8,277.95,277.57,277.95,27460
2016-09-12 12:45:00,277.96,277.97,277.3,277.57,29818
2016-09-12 13:00:00,277.62,277.96,277.41,277.79,32352
2016-09-12 13:15:00,277.85,278.16,277.72,278.08,21257
2016-09-12 13:30:00,278.25,278.748,277.65,277.72,55656
2016-09-12 13:45:00,277.86,278.49,277.7,278.49,58656
2016-09-12 14:00:00,278.58,279.88,278.58,279.88,29580
2016-09-12 14:15:00,279.87,280.31,279.64,280.26,30006
2016-09-12 14:30:00,280.25,280.49,279.83,279.97,13838
2016-09-12 14:45:00,280.02,280.43,279.93,280.06,16004
2016-09-12 15:00:00,280.19,280.19,279.8,279.95,15898
2016-09-12 15:15:00,279.94,280.18,279.61,280.08,22223
2016-09-12 15:30:00,280.15,280.15,279.71,279.735,15101
2016-09-12 15:45:00,279.715,279.76,279.25,279.67,34173
2016-09-12 16:00:00,279.69,279.75,279.17,279.24,64398
2016-09-13 09:45:00,277.53,278.27,276.56,277.49,63343
2016-09-13 10:00:00,277.5,278.24,277.39,277.69,40931
2016-09-13 10:15:00,277.75,278.28,277.29,277.86,31349
2016-09-13 10:30:00,277.72,278.03,276.99,277.3258,46894
2016-09-13 10:45:00,277.37,277.84,277.06,277.79,62773
2016-09-13 11:00:00,277.6,277.72,277.28,277.34,69137
2016-09-13 11:15:00,277.35,277.6,277.215,277.345,37158
2016-09-13 11:30:00,277.365,278.32,277.26,278.19,22202
2016-09-13 11:45:00,278.06,278.6425,277.78,278.61,11872
2016-09-13 12:00:00,278.56,278.61,278.07,278.52,16643
2016-09-13 12:15:00,278.51,279.23,278.42,279.12,27522
2016-09-13 12:30:00,279.11,279.27,277.74,278.045,10833
2016-09-13 12:45:00,277.93,278.08,277.81,278.08,8925
2016-09-13 13:00:00,277.95,277.97,277.23,277.5,17520
2016-09-13 13:15:00,277.47,277.99,276.909,277.99,46823
2016-09-13 13:30:00,277.91,278.77,277.81,278.69,25330
2016-09-13 13:45:00,278.71,278.82,277.6091,277.65,24376
2016-09-13 14:00:00,277.65,277.75,277.32,277.68,13657
2016-09-13 14:15:00,277.67,278.0307,277.365,277.84,13985
2016-09-13 14:30:00,278.01,278.09,277.69,277.72,15841
2016-09-13 14:45:00,277.779,278.63,277.5,278.63,7780
2016-09-13 15:00:00,278.56,278.99,278.28,278.3,13916
2016-09-13 15:15:00,278.26,278.35,277.7,277.8,22108
2016-09-13 15:30:00,277.88,279.06,277.84,279.06,32488
2016-09-13 15:45:00,279.07,279.32,278.56,278.6,27544
2016-09-13 16:00:00,278.59,279.17,278.19,278.45,59676
2016-09-14 09:45:00,278.9,279.55,278.21,278.87,16299
2016-09-14 10:00:00,278.41,279.125,278.36,278.59,21515
2016-09-14 10:15:00,278.41,278.8,278.15,278.33,17771
2016-09-14 10:30:00,278.32,278.97,278.03,278.86,17679
2016-09-14 10:45:00,278.75,278.94,277.865,277.94,18481
2016-09-14 11:00:00,278.0,278.34,277.915,278.23,16721
2016-09-14 11:15:00,278.32,278.78,278.1,278.75,14338
2016-09-14 11:30:00,278.62,279.0,278.58,278.8899,6929
2016-09-14 11:45:00,278.51,279.07,278.325,278.885,6400
2016-09-14 12:00:00,278.97,279.45,278.77,279.275,11623
2016-09-14 12:15:00,279.42,279.43,278.88,279.06,8561
2016-09-14 12:30:00,279.2,279.31,278.98,279.235,3300
2016-09-14 12:45:00,279.3,279.3,278.365,278.43,5824
2016-09-14 13:00:00,278.41,278.47,278.035,278.3,31131
2016-09-14 13:15:00,278.255,278.385,278.19,278.3625,15489
2016-09-14 13:30:00,278.38,278.525,277.995,278.31,25189
2016-09-14 13:45:00,278.36,278.45,277.92,278.05,12946
2016-09-14 14:00:00,278.08,278.12,277.57,277.65,7087
2016-09-14 14:15:00,277.66,278.03,277.15,277.16,36422
2016-09-14 14:30:00,277.34,277.53,276.71,276.77,20505
2016-09-14 14:45:00,276.82,277.2199,276.65,276.91,9014
2016-09-14 15:00:00,276.92,277.31,276.8,277.2,6918
2016-09-14 15:15:00,277.27,277.28,276.643,277.02,24480
2016-09-14 15:30:00,277.1,277.28,276.07,276.2,29769
2016-09-14 15:45:00,276.2,276.55,276.125,276.29,37485
2016-09-14 16:00:00,276.27,276.85,276.26,276.48,78032
2016-09-15 09:45:00,276.18,277.05,275.03,275.83,32500
2016-09-15 10:00:00,275.8,276.15,275.41,275.51,7500
2016-09-15 10:15:00,275.49,275.55,274.88,275.0,25282
2016-09-15 10:30:00,274.97,275.43,274.92,275.14,28405
2016-09-15 10:45:00,275.29,275.71,275.19,275.32,20882
2016-09-15 11:00:00,275.32,275.75,275.21,275.23,15400
2016-09-15 11:15:00,275.36,275.37,274.92,275.08,28668
2016-09-15 11:30:00,275.02,275.34,275.0,275.31,11827
2016-09-15 11:45:00,275.38,275.6,274.91,274.99,31607
2016-09-15 12:00:00,275.01,275.35,274.93,275.14,26139
2016-09-15 12:15:00,275.1896,275.41,274.99,275.11,8400
2016-09-15 12:30:00,275.18,275.515,275.18,275.405,5700
2016-09-15 12:45:00,275.49,275.57,275.16,275.2,9477
2016-09-15 13:00:00,275.26,275.32,275.07,275.3,7432
2016-09-15 13:15:00,275.31,275.42,275.06,275.16,10693
2016-09-15 13:30:00,275.1925,275.6271,275.09,275.565,8884
2016-09-15 13:45:00,275.56,275.91,275.56,275.84,10141
2016-09-15 14:00:00,275.84,276.02,275.58,275.59,14211
2016-09-15 14:15:00,275.63,275.98,275.46,275.98,10912
2016-09-15 14:30:00,275.98,276.2,275.98,276.17,11042
2016-09-15 14:45:00,276.18,276.25,275.84,275.925,13492
2016-09-15 15:00:00,276.01,276.11,275.9,275.94,17537
2016-09-15 15:15:00,276.01,276.52,276.01,276.47,13486
2016-09-15 15:30:00,276.51,276.71,276.32,276.46,19616
2016-09-15 15:45:00,276.4323,276.66,276.26,276.26,21101
2016-09-15 16:00:00,276.26,276.36,276.0,276.03,61101
2016-09-16 09:45:00,274.09,275.08,274.09,274.4,166521
2016-09-16 10:00:00,274.3,275.2,273.79,275.135,22844
2016-09-16 10:15:00,275.11,275.11,274.49,274.81,18998
2016-09-16 10:30:00,274.92,275.44,274.66,274.77,13067
2016-09-16 10:45:00,274.72,274.97,274.41,274.5,15557
2016-09-16 11:00:00,274.49,274.59,273.25,273.26,18321
2016-09-16 11:15:00,273.29,273.41,273.0,273.33,18720
2016-09-16 11:30:00,273.17,273.38,272.84,273.05,14440
2016-09-16 11:45:00,273.16,273.91,273.095,273.84,17044
2016-09-16 12:00:00,273.92,274.0,273.6,273.72,16446
2016-09-16 12:15:00,273.65,273.92,273.5,273.74,10694
2016-09-16 12:30:00,273.74,273.92,273.59,273.69,8200
2016-09-16 12:45:00,273.7,273.7,273.3875,273.44,5129
2016-09-16 13:00:00,273.46,273.72,273.32,273.62,6262
2016-09-16 13:15:00,273.73,273.88,273.57,273.57,8904
2016-09-16 13:30:00,273.57,273.59,272.8,272.8,15347
2016-09-16 13:45:00,272.89,273.065,272.7,272.72,12047
2016-09-16 14:00:00,272.71,272.96,272.48,272.96,12342
2016-09-16 14:15:00,272.91,273.1031,272.69,273.0216,19383
2016-09-16 14:30:00,273.045,273.1,272.79,272.85,16999
2016-09-16 14:45:00,272.98,273.06,272.8,272.89,18705
2016-09-16 15:00:00,272.88,272.93,272.51,272.51,20394
2016-09-16 15:15:00,272.56,272.91,272.56,272.63,14030
2016-09-16 15:30:00,272.63,273.08,272.49,273.02,31784
2016-09-16 15:45:00,273.01,273.22,272.4299,272.47,52399
2016-09-16 16:00:00,272.51,273.0,272.42,272.67,97713
2016-09-19 09:45:00,273.04,274.69,273.04,273.49,21785
2016-09-19 10:00:00,273.45,273.7,273.07,273.18,13865
2016-09-19 10:15:00,273.31,273.88,273.17,273.88,13544
2016-09-19 10:30:00,273.84,273.9,273.47,273.83,13229
2016-09-19 10:45:00,273.82,273.88,273.36,273.44,2000
2016-09-19 11:00:00,273.62,273.97,273.45,273.76,2422
2016-09-19 11:15:00,273.86,274.21,273.75,273.94,36401
2016-09-19 11:30:00,273.93,274.9,273.93,274.88,7005
2016-09-19 11:45:00,274.96,275.24,274.91,275.11,6660
2016-09-19 12:00:00,275.12,275.2,274.95,275.12,7066
2016-09-19 12:15:00,275.21,275.41,274.7,274.8,13415
2016-09-19 12:30:00,274.75,275.15,274.57,275.05,3678
2016-09-19 12:45:00,274.94,275.02,274.62,275.02,5836
2016-09-19 13:00:00,275.01,275.01,274.31,274.76,15377
2016-09-19 13:15:00,274.57,274.58,274.1,274.3,12514
2016-09-19 13:30:00,274.3,274.54,274.19,274.45,9778
2016-09-19 13:45:00,274.44,274.44,273.84,273.98,11345
2016-09-19 14:00:00,273.94,274.76,273.92,274.76,9580
2016-09-19 14:15:00,274.65,275.2,274.64,275.2,10848
2016-09-19 14:30:00,275.18,275.33,275.04,275.33,12937
2016-09-19 14:45:00,275.25,275.66,275.22,275.61,13981
2016-09-19 15:00:00,275.56,275.94,275.54,275.73,27716
2016-09-19 15:15:00,275.66,275.8,275.58,275.72,23726
2016-09-19 15:30:00,275.72,276.06,275.4701,275.78,23720
2016-09-19 15:45:00,275.77,275.83,275.38,275.48,27080
2016-09-19 16:00:00,275.5,275.65,275.38,275.47,58675
2016-09-20 09:45:00,276.4,277.31,275.57,277.15,25690
2016-09-20 10:00:00,277.29,278.22,276.58,278.199,25963
2016-09-20 10:15:00,278.19,278.21,277.04,277.04,10500
2016-09-20 10:30:00,277.125,277.46,277.0201,277.46,11746
2016-09-20 10:45:00,277.35,277.53,276.83,276.83,9415
2016-09-20 11:00:00,276.9,277.29,276.76,276.92,6717
2016-09-20 11:15:00,276.86,276.87,276.05,276.05,11945
2016-09-20 11:30:00,276.01,276.01,275.5331,275.54,10201
2016-09-20 11:45:00,275.71,275.93,275.35,275.49,4900
2016-09-20 12:00:00,275.37,275.42,275.085,275.26,3946
2016-09-20 12:15:00,275.13,275.21,275.065,275.125,2702
2016-09-20 12:30:00,275.13,275.33,275.06,275.21,2934
2016-09-20 12:45:00,275.09,275.207,274.93,274.93,9428
2016-09-20 13:00:00,274.93,275.15,274.53,274.86,34133
2016-09-20 13:15:00,274.96,275.13,274.88,275.0,9550
2016-09-20 13:30:00,275.0,275.2,274.95,275.11,14833
2016-09-20 13:45:00,275.04,275.31,275.0,275.1323,7556
2016-09-20 14:00:00,275.09,275.23,274.93,274.99,16685
2016-09-20 14:15:00,274.97,275.15,274.84,275.04,16660
2016-09-20 14:30:00,275.09,275.09,274.83,274.9724,8666
2016-09-20 14:45:00,274.88,275.2,274.88,275.0,6959
2016-09-20 15:00:00,274.96,275.13,274.8,275.0,18481
2016-09-20 15:15:00,274.995,275.27,274.94,275.22,10929
2016-09-20 15:30:00,275.27,275.38,275.04,275.28,10327
2016-09-20 15:45:00,275.245,275.69,275.09,275.36,13824
2016-09-20 16:00:00,275.33,275.53,275.07,275.14,40304
2016-09-21 09:45:00,280.0,280.0,274.99,276.965,38197
2016-09-21 10:00:00,277.0,277.65,276.6,277.595,30664
2016-09-21 10:15:00,277.54,277.59,277.1,277.23,11328
2016-09-21 10:30:00,277.3,277.33,276.86,277.295,9791
2016-09-21 10:45:00,277.4,277.4,276.77,276.84,9586
2016-09-21 11:00:00,276.9,277.03,276.52,276.63,14186
2016-09-21 11:15:00,276.66,277.05,276.64099999999996,276.83,18441
2016-09-21 11:30:00,276.83,277.0,276.47,276.95,27234
2016-09-21 11:45:00,276.8,277.47,276.75,277.31,15964
2016-09-21 12:00:00,277.1793,277.56,277.17,277.235,22954
2016-09-21 12:15:00,277.2,277.49,276.9601,277.08,16734
2016-09-21 12:30:00,277.01,277.4,276.89,277.37,32236
2016-09-21 12:45:00,277.41,277.41,277.01,277.25,18453
2016-09-21 13:00:00,277.27,277.58,277.0,277.58,11723
2016-09-21 13:15:00,277.59,277.89,277.54,277.63,40706
2016-09-21 13:30:00,277.63,278.07,277.5,278.07,20176
2016-09-21 13:45:00,277.99,278.24,277.89,278.05,13782
2016-09-21 14:00:00,278.11,278.3,277.89,277.955,25468
2016-09-21 14:15:00,277.84,279.06,277.72,278.99,27616
2016-09-21 14:30:00,278.99,279.2,277.96,277.96,21138
2016-09-21 14:45:00,278.04,278.87,277.85,278.62,9050
2016-09-21 15:00:00,278.57,279.57,278.57,279.47,10706
2016-09-21 15:15:00,279.475,279.54,279.13,279.37,10033
2016-09-21 15:30:00,279.3,279.52,278.8,278.8,21098
2016-09-21 15:45:00,278.9,279.41,278.9,279.27,26808
2016-09-21 16:00:00,279.34,279.77,279.31,279.6,54610
2016-09-22 09:45:00,280.1,282.98,279.65,280.45,66197
2016-09-22 10:00:00,280.46,281.47,280.05,281.21,38758
2016-09-22 10:15:00,281.13,282.32,281.05,282.02,36589
2016-09-22 10:30:00,282.04,285.41,282.03,285.0,70286
2016-09-22 10:45:00,285.015,285.03,283.26,283.6,33957
2016-09-22 11:00:00,283.45,285.6,283.45,285.37,53855
2016-09-22 11:15:00,285.35,285.3675,284.58,284.81,44041
2016-09-22 11:30:00,284.79,285.0,284.485,284.75,32250
2016-09-22 11:45:00,284.62,285.0,284.62,284.965,27814
2016-09-22 12:00:00,284.89,285.07,284.64,284.795,37244
2016-09-22 12:15:00,284.81,284.84,284.42,284.555,38119
2016-09-22 12:30:00,284.6,284.72,283.65,284.092,14326
2016-09-22 12:45:00,284.11,284.4,284.065,284.27,11723
2016-09-22 13:00:00,284.26,284.36,283.97,284.27,8372
2016-09-22 13:15:00,284.32,284.53,284.23,284.53,10881
2016-09-22 13:30:00,284.435,284.46,284.2,284.25,12200
2016-09-22 13:45:00,284.23,284.39,284.12,284.19,12569
2016-09-22 14:00:00,284.18,284.42,283.97,284.15,30794
2016-09-22 14:15:00,284.15,284.26,283.95,284.15,48681
2016-09-22 14:30:00,284.17,284.33,284.04,284.25,41641
2016-09-22 14:45:00,284.2,284.34,284.17,284.2,20003
2016-09-22 15:00:00,284.24,284.8,284.145,284.31,24965
2016-09-22 15:15:00,284.36,284.54,284.25,284.25,5439
2016-09-22 15:30:00,284.29,284.35,284.155,284.28,39411
2016-09-22 15:45:00,284.29,284.45,284.07,284.23,43788
2016-09-22 16:00:00,284.24,284.28,283.53,283.59,121074
2016-09-23 09:45:00,281.83,283.32,279.58099999999996,281.755,34108
2016-09-23 10:00:00,281.79,282.39,281.76,282.385,21377
2016-09-23 10:15:00,282.38,282.39,281.91,282.15,17303
2016-09-23 10:30:00,282.21,282.33,281.95,282.0,8400
2016-09-23 10:45:00,282.055,282.17,281.29,281.87,23146
2016-09-23 11:00:00,281.84,282.065,281.81,281.9,33530
2016-09-23 11:15:00,281.9,282.12,281.64,281.79,55584
2016-09-23 11:30:00,281.845,281.95,281.66,281.85,19417
2016-09-23 11:45:00,281.82,282.05,281.6,281.87,20596
2016-09-23 12:00:00,281.8,282.275,281.75,282.165,18007
2016-09-23 12:15:00,282.15,283.18,282.09,283.1,8367
2016-09-23 12:30:00,283.05,283.46,282.94,283.1501,4560
2016-09-23 12:45:00,283.15,283.21,282.56,282.6,5585
2016-09-23 13:00:00,282.5,282.56,282.13,282.14,6897
2016-09-23 13:15:00,282.25,282.43,282.13,282.37,9287
2016-09-23 13:30:00,282.36,282.875,282.31,282.81,4255
2016-09-23 13:45:00,282.72,282.72,282.28,282.55,5200
2016-09-23 14:00:00,282.5,282.735,282.27,282.56,4880
2016-09-23 14:15:00,282.56,282.91,282.4,282.84,5210
2016-09-23 14:30:00,282.94,283.15,282.66,283.15,9134
2016-09-23 14:45:00,283.18,283.35,283.06,283.2339,10191
2016-09-23 15:00:00,283.2567,283.405,283.155,283.405,12620
2016-09-23 15:15:00,283.35,283.39,282.57,282.57,8949
2016-09-23 15:30:00,282.57,282.64,282.25,282.35,10626
2016-09-23 15:45:00,282.39,282.6416,282.05,282.15,16222
2016-09-23 16:00:00,282.18,282.29,281.71,281.76,75249
2016-09-26 09:45:00,281.03,282.38,280.03,281.16,26767
2016-09-26 10:00:00,281.18,282.84,281.025,282.72,29339
2016-09-26 10:15:00,282.79,283.7,282.37,282.37,41502
2016-09-26 10:30:00,282.545,282.59,281.81,282.03,9883
2016-09-26 10:45:00,281.99,282.4,281.35,281.35,45404
2016-09-26 11:00:00,281.36,281.44,280.55,280.55,12744
2016-09-26 11:15:00,280.695,280.73,280.26,280.26,17747
2016-09-26 11:30:00,280.13,281.545,280.13,281.32,9000
2016-09-26 11:45:00,281.315,281.47,280.87,280.96,9719
2016-09-26 12:00:00,281.02,281.76,281.02,281.68,6640
2016-09-26 12:15:00,281.59,281.66,281.06,281.21,14200
2016-09-26 12:30:00,281.29,281.48,281.19,281.3,5300
2016-09-26 12:45:00,281.45,281.99,281.36,281.97,11692
2016-09-26 13:00:00,282.03,282.18,281.94,281.94,6825
2016-09-26 13:15:00,281.95,282.0,281.7,281.9,8600
2016-09-26 13:30:00,281.98,282.02,281.64,281.85,6218
2016-09-26 13:45:00,281.75,281.75,281.35,281.36,8762
2016-09-26 14:00:00,281.35,281.56,281.27,281.33,9846
2016-09-26 14:15:00,281.33,281.76,281.33,281.62,7616
2016-09-26 14:30:00,281.62,282.11,281.611,282.11,6009
2016-09-26 14:45:00,282.1602,282.47,282.07,282.31,11461
2016-09-26 15:00:00,282.31,282.44,282.19,282.19,7872
2016-09-26 15:15:00,282.26,282.39,282.0,282.14,15787
2016-09-26 15:30:00,282.15,282.4978,282.08,282.4323,19512
2016-09-26 15:45:00,282.49,282.63,282.32,282.33,25373
2016-09-26 16:00:00,282.32,282.33,281.65,281.95,56391
2016-09-27 09:45:00,283.28,284.3,281.89,283.17,30615
2016-09-27 10:00:00,283.155,284.63,283.155,284.37,19789
2016-09-27 10:15:00,284.41,284.725,284.12,284.41,15131
2016-09-27 10:30:00,284.47,285.67,284.47,285.49,16561
2016-09-27 10:45:00,285.59,285.59,284.72,285.24,71329
2016-09-27 11:00:00,285.33,285.35,283.95,284.25,14604
2016-09-27 11:15:00,284.195,284.66,284.0115,284.43,20120
2016-09-27 11:30:00,284.4,284.48,284.04,284.42,27955
2016-09-27 11:45:00,284.45,284.87,284.44,284.44,14311
2016-09-27 12:00:00,284.505,284.505,284.22,284.35,15419
2016-09-27 12:15:00,284.34,284.47,284.25,284.345,16550
2016-09-27 12:30:00,284.37,285.15,284.37,284.98,13137
2016-09-27 12:45:00,285.04,285.04,284.315,284.39,6214
2016-09-27 13:00:00,284.33,284.43,284.08,284.24,18916
2016-09-27 13:15:00,284.23,284.61,284.05,284.21,29022
2016-09-27 13:30:00,284.17,284.42,283.74,284.135,15598
2016-09-27 13:45:00,284.23,284.51,284.03,284.24,9951
2016-09-27 14:00:00,284.38,284.61,284.23,284.46,9943
2016-09-27 14:15:00,284.47,284.5,284.19,284.45,8899
2016-09-27 14:30:00,284.45,284.93,284.45,284.815,9511
2016-09-27 14:45:00,284.85,284.85,284.33,284.43,9643
2016-09-27 15:00:00,284.41,284.55,284.15,284.54,6845
2016-09-27 15:15:00,284.55,284.55,284.17,284.3,12745
2016-09-27 15:30:00,284.38,284.51,284.17,284.23,10700
2016-09-27 15:45:00,284.24,284.49,284.06,284.425,15605
2016-09-27 16:00:00,284.45,284.63,284.35,284.59,38571
2016-09-28 09:45:00,284.42,284.57,282.73,282.79,25487
2016-09-28 10:00:00,283.06,283.66,283.01,283.49,17421
2016-09-28 10:15:00,283.39,283.68,283.3,283.35,10927
2016-09-28 10:30:00,283.52,283.69,283.11,283.42,10856
2016-09-28 10:45:00,283.4,283.51,283.19,283.34,24206
2016-09-28 11:00:00,283.43,283.8,283.3,283.62,6568
2016-09-28 11:15:00,283.52,283.555,282.66,283.04,14923
2016-09-28 11:30:00,282.89,282.95,282.1,282.245,12600
2016-09-28 11:45:00,282.13,282.44,282.13,282.26,10234
2016-09-28 12:00:00,282.1,282.48,282.1,282.47,7384
2016-09-28 12:15:00,282.45,282.45,282.04,282.23,14165
2016-09-28 12:30:00,282.19,282.35,282.12,282.16,14674
2016-09-28 12:45:00,282.14,282.35,282.1,282.3,13249
2016-09-28 13:00:00,282.37,282.48,282.1,282.13,9246
2016-09-28 13:15:00,282.1,282.37,282.09,282.22,20957
2016-09-28 13:30:00,282.27,282.42,282.22,282.23,4952
2016-09-28 13:45:00,282.215,282.69,282.215,282.31,5896
2016-09-28 14:00:00,282.35,282.43,282.2,282.24,7380
2016-09-28 14:15:00,282.21,282.61,282.15,282.53,12510
2016-09-28 14:30:00,282.54,282.63,282.075,282.09,28672
2016-09-28 14:45:00,282.1675,282.38,282.0575,282.38,23829
2016-09-28 15:00:00,282.41,282.82,282.32,282.52,29529
2016-09-28 15:15:00,282.44,282.44,281.77,281.8,12808
2016-09-28 15:30:00,281.8,282.08,281.35,281.45,12548
2016-09-28 15:45:00,281.39,281.49,281.32,281.42,15440
2016-09-28 16:00:00,281.45,282.0,281.45,281.98,49006
2016-09-29 09:45:00,282.13,283.62,281.92,281.92,40237
2016-09-29 10:00:00,281.4,281.75,280.66,280.66,12500
2016-09-29 10:15:00,280.56,280.87,279.24,279.35,28520
2016-09-29 10:30:00,279.41,279.94,279.231,279.46,14958
2016-09-29 10:45:00,279.37,279.99,279.2701,279.44,19431
2016-09-29 11:00:00,279.48,280.18,279.07,279.98,21665
2016-09-29 11:15:00,279.945,280.3,279.77,279.78,4300
2016-09-29 11:30:00,279.66,280.27,279.59,280.11,5500
2016-09-29 11:45:00,280.33,280.7,280.315,280.3625,3064
2016-09-29 12:00:00,280.36,281.005,280.36,280.91,13654
2016-09-29 12:15:00,280.82,281.39,280.73,281.1491,19065
2016-09-29 12:30:00,281.155,281.43,280.91,281.03,11515
2016-09-29 12:45:00,281.09,281.09,280.62,280.63,4700
2016-09-29 13:00:00,280.64,280.68,279.04,279.35,15953
2016-09-29 13:15:00,279.235,279.82,278.88,279.4,16105
2016-09-29 13:30:00,279.46,279.58,279.04,279.22,11635
2016-09-29 13:45:00,279.01,279.52,278.93,279.16,8180
2016-09-29 14:00:00,279.051,279.32,278.94,279.29,10335
2016-09-29 14:15:00,279.317,279.53,279.06,279.31,14091
2016-09-29 14:30:00,279.35,279.66,279.31,279.66,6406
2016-09-29 14:45:00,279.753,280.032,279.46,279.66,9146
2016-09-29 15:00:00,279.65,279.955,279.61,279.685,7899
2016-09-29 15:15:00,279.66,279.69,279.305,279.35,15100
2016-09-29 15:30:00,279.38,279.4,278.85,279.36,26237
2016-09-29 15:45:00,279.38,279.74,279.2,279.37,18278
2016-09-29 16:00:00,279.41,279.41,278.7601,278.91,48850
2016-09-30 09:45:00,279.8,280.35,279.22,279.89,11511
2016-09-30 10:00:00,279.97,280.39,279.26,279.38,16596
2016-09-30 10:15:00,279.57,279.75,279.02,279.03,8777
2016-09-30 10:30:00,279.04,279.11,278.9,278.98,6453
2016-09-30 10:45:00,279.19,279.77,279.19,279.54,8159
2016-09-30 11:00:00,279.53,279.74,279.33,279.66,8505
2016-09-30 11:15:00,279.65,280.42,279.39,279.8,10824
2016-09-30 11:30:00,280.02,280.06,279.57,279.69,7214
2016-09-30 11:45:00,279.66,279.77,279.35,279.51,5492
2016-09-30 12:00:00,279.56,279.91,279.52,279.75,10470
2016-09-30 12:15:00,279.8,280.055,279.75,279.92,8200
2016-09-30 12:30:00,279.94,280.005,279.85,279.91,4848
2016-09-30 12:45:00,279.93,279.985,279.78,279.81,3618
2016-09-30 13:00:00,279.92,279.93,279.72,279.72,3259
2016-09-30 13:15:00,279.71,279.89,279.66,279.76,3582
2016-09-30 13:30:00,279.775,279.99,279.75,279.75,4500
2016-09-30 13:45:00,279.74,280.02,279.65,280.02,4039
2016-09-30 14:00:00,280.0,280.03,279.81,280.01,6800
2016-09-30 14:15:00,280.0,280.11,279.87,280.01,7152
2016-09-30 14:30:00,280.045,280.53,280.01,280.53,5377
2016-09-30 14:45:00,280.53,280.68,280.38,280.49,7852
2016-09-30 15:00:00,280.59,280.94,280.58,280.8301,3322
2016-09-30 15:15:00,280.9,281.12,280.88,281.1,6506
2016-09-30 15:30:00,281.09,281.23,281.01,281.065,6549
2016-09-30 15:45:00,281.1,281.18,280.89,281.004,11101
2016-09-30 16:00:00,281.02,281.13,280.03,280.1,43681
2016-10-03 09:45:00,279.43,279.99,278.49,278.755,18027
2016-10-03 10:00:00,278.585,279.4,278.585,279.17,14631
2016-10-03 10:15:00,279.18,279.88,278.7,278.85,9387
2016-10-03 10:30:00,278.84,278.92,278.175,278.26,16003
2016-10-03 10:45:00,278.21,278.56,278.1,278.24,13146
2016-10-03 11:00:00,278.21,278.24,277.28,277.8,13450
2016-10-03 11:15:00,277.76,278.22,277.18,277.18,20412
2016-10-03 11:30:00,277.14,277.26,276.74,276.99,13237
2016-10-03 11:45:00,276.98,277.22,276.81,277.17,11705
2016-10-03 12:00:00,277.09,277.61,276.97,277.61,12807
2016-10-03 12:15:00,277.61,277.7,277.05,277.43,18535
2016-10-03 12:30:00,277.35,277.35,276.54,276.64,8890
2016-10-03 12:45:00,276.69,276.81,276.51,276.72,7284
2016-10-03 13:00:00,276.81,277.08,276.78,277.03,6728
2016-10-03 13:15:00,277.29,277.32,276.65,276.765,11762
2016-10-03 13:30:00,276.77,276.95,276.65,276.73,3900
2016-10-03 13:45:00,276.85,276.86,276.32,276.32,20927
2016-10-03 14:00:00,276.29,276.53,276.19,276.35,28947
2016-10-03 14:15:00,276.4,276.86,276.39,276.83,22324
2016-10-03 14:30:00,276.84,276.84,276.43,276.61,13523
2016-10-03 14:45:00,276.6,276.75,276.32,276.5,17567
2016-10-03 15:00:00,276.43,276.52,275.92,276.0,25088
2016-10-03 15:15:00,276.0,276.07,275.85,276.07,26779
2016-10-03 15:30:00,276.07,276.44,276.07,276.23,15100
2016-10-03 15:45:00,276.23,276.47,276.14,276.405,24105
2016-10-03 16:00:00,276.41,276.45,275.94,276.07,67437
2016-10-04 09:45:00,276.35,277.94,275.752,276.16,16915
2016-10-04 10:00:00,276.09,277.16,276.05,276.21,14421
2016-10-04 10:15:00,276.265,276.265,274.99,275.19,18141
2016-10-04 10:30:00,275.03,275.41,274.95,275.41,9400
2016-10-04 10:45:00,275.4,276.45,275.22,276.45,11118
2016-10-04 11:00:00,276.37,276.63,276.26,276.46,6548
2016-10-04 11:15:00,276.46,276.46,275.68,275.925,12800
2016-10-04 11:30:00,275.84,276.415,275.75,276.05,10700
2016-10-04 11:45:00,276.02,276.35,275.82,275.87,12153
2016-10-04 12:00:00,275.78,276.02,275.39,275.46,9402
2016-10-04 12:15:00,275.51,275.63,274.81,275.01,11473
2016-10-04 12:30:00,275.0,275.49,274.94,275.27,9050
2016-10-04 12:45:00,275.15,275.55,275.08,275.13,10645
2016-10-04 13:00:00,275.1,275.355,274.96,274.96,8610
2016-10-04 13:15:00,275.06,275.09,274.74,274.755,10211
2016-10-04 13:30:00,274.8,274.88,274.16,274.28,14516
2016-10-04 13:45:00,274.28,274.3,274.02,274.25,11626
2016-10-04 14:00:00,274.2,274.36,274.09,274.09,10110
2016-10-04 14:15:00,274.09,274.26,274.01,274.01,28301
2016-10-04 14:30:00,274.11,274.13,273.78,273.87,10608
2016-10-04 14:45:00,273.96,274.07,273.9,274.07,9833
2016-10-04 15:00:00,274.11,274.11,273.56,273.63,14147
2016-10-04 15:15:00,273.63,274.01,273.63,273.9,21000
2016-10-04 15:30:00,273.845,274.44,273.84,274.43,13955
2016-10-04 15:45:00,274.42,274.69,274.32,274.61,22694
2016-10-04 16:00:00,274.56,274.58,274.01,274.37,42276
2016-10-05 09:45:00,275.39,275.82,274.67,274.98,15792
2016-10-05 10:00:00,274.81,276.01,274.81,276.01,19271
2016-10-05 10:15:00,275.71,276.55,275.355,275.805,24172
2016-10-05 10:30:00,275.97,276.01,275.37,275.57,12300
2016-10-05 10:45:00,275.7,275.87,275.33,275.44,28556
2016-10-05 11:00:00,275.39,275.49,275.01,275.21,7747
2016-10-05 11:15:00,275.28,275.69,275.17,275.36,21986
2016-10-05 11:30:00,275.35,275.48,275.13,275.43,19717
2016-10-05 11:45:00,275.43,275.73,275.33,275.49,15685
2016-10-05 12:00:00,275.47,275.65,275.36,275.65,9724
2016-10-05 12:15:00,275.6,275.84,275.49,275.71,6316
2016-10-05 12:30:00,275.67,275.79,275.64,275.69,2400
2016-10-05 12:45:00,275.67,275.85,275.33,275.85,17641
2016-10-05 13:00:00,275.85,275.95,275.78,275.86,22288
2016-10-05 13:15:00,275.8,275.92,275.59,275.59,8911
2016-10-05 13:30:00,275.57,275.76,275.51099999999997,275.51099999999997,12111
2016-10-05 13:45:00,275.56,275.6,275.39,275.4,7504
2016-10-05 14:00:00,275.36,275.4,275.24,275.25,7833
2016-10-05 14:15:00,275.22,275.2652,275.0,275.0,5300
2016-10-05 14:30:00,274.99,275.09,274.9,274.97,7253
2016-10-05 14:45:00,274.95,275.21,274.83,275.13,7145
2016-10-05 15:00:00,275.14,275.4,275.06,275.34,7970
2016-10-05 15:15:00,275.305,275.48,275.26,275.31,11960
2016-10-05 15:30:00,275.26,275.28,274.83,275.0,16573
2016-10-05 15:45:00,275.0,275.18,275.0,275.05,10559
2016-10-05 16:00:00,275.035,275.04,274.61,274.85,26045
2016-10-06 09:45:00,274.43,274.96,273.11,273.68,13533
2016-10-06 10:00:00,273.48,273.74,273.36,273.74,8188
2016-10-06 10:15:00,273.65,273.86,273.51,273.62,6270
2016-10-06 10:30:00,273.66,274.58,273.45,274.58,9543
2016-10-06 10:45:00,274.52,275.2,274.36,275.2,9938
2016-10-06 11:00:00,275.25,275.47,274.705,274.73,12936
2016-10-06 11:15:00,274.67,275.23,274.58,274.77,17041
2016-10-06 11:30:00,274.76,275.26,274.54,275.1,9615
2016-10-06 11:45:00,275.15,275.61,275.03,275.33,9319
2016-10-06 12:00:00,275.32,276.47,275.32,276.22,8333
2016-10-06 12:15:00,276.47,276.95,276.37,276.45,8156
2016-10-06 12:30:00,276.48,276.48,276.23,276.44,4733
2016-10-06 12:45:00,276.41,276.6206,276.32,276.51,5715
2016-10-06 13:00:00,276.4,276.53,276.28,276.41,9309
2016-10-06 13:15:00,276.325,276.41,276.12,276.22,6739
2016-10-06 13:30:00,276.22,276.55,276.21,276.53,8322
2016-10-06 13:45:00,276.54,276.81,276.38,276.63,7776
2016-10-06 14:00:00,276.68,276.81,276.54,276.62,5559
2016-10-06 14:15:00,276.55,277.09,276.55,276.92,9316
2016-10-06 14:30:00,276.88,277.07,276.75,276.95,9421
2016-10-06 14:45:00,276.91,277.06,276.82,277.05,3600
2016-10-06 15:00:00,277.04,277.09,276.89,277.0,10003
2016-10-06 15:15:00,277.02,277.37,276.99,277.27,31992
2016-10-06 15:30:00,277.275,277.78,277.26,277.36,49201
2016-10-06 15:45:00,277.36,277.6,277.29,277.53,39646
2016-10-06 16:00:00,277.52,277.65,277.42,277.57,45670
2016-10-07 09:45:00,278.62,278.62,276.245,276.52,25832
2016-10-07 10:00:00,276.41,277.17,276.15,276.89,27617
2016-10-07 10:15:00,276.89,277.21,276.51,276.96,28889
2016-10-07 10:30:00,276.82,277.12,276.705,276.9501,27247
2016-10-07 10:45:00,276.86,276.86,276.3,276.345,11647
2016-10-07 11:00:00,276.39,276.56,275.86,275.93,6600
2016-10-07 11:15:00,276.02,276.02,275.755,275.765,8975
2016-10-07 11:30:00,275.73,276.03,275.56,276.03,7800
2016-10-07 11:45:00,275.93,276.04,275.27,275.34,6559
2016-10-07 12:00:00,275.22,275.22,274.86,274.94,7500
2016-10-07 12:15:00,275.11,275.44,275.08,275.12,6800
2016-10-07 12:30:00,275.04,275.36,274.97,275.31,5342
2016-10-07 12:45:00,275.15,275.39,274.71,274.71,10132
2016-10-07 13:00:00,274.71,274.87,274.64,274.75,8500
2016-10-07 13:15:00,274.76,274.87,274.68,274.82,40341
2016-10-07 13:30:00,274.78,275.43,274.77,275.43,7888
2016-10-07 13:45:00,275.53,276.1,275.41,275.77,7023
2016-10-07 14:00:00,275.82,275.87,275.5555,275.77,12347
2016-10-07 14:15:00,275.8,276.06,275.6,275.96,15342
2016-10-07 14:30:00,275.94,276.125,275.81,275.98,7228
2016-10-07 14:45:00,275.93,276.37,275.93,276.16,6702
2016-10-07 15:00:00,276.07,276.22,275.69,275.75,7682
2016-10-07 15:15:00,275.8,276.06,275.72,275.87,9405
2016-10-07 15:30:00,275.85,275.92,275.68,275.82,9300
2016-10-07 15:45:00,275.8,275.915,275.54,275.54,12412
2016-10-07 16:00:00,275.54,275.72,275.31,275.36,38636
2016-10-10 09:45:00,275.8,277.59,275.6887,277.32,14089
2016-10-10 10:00:00,277.15,277.52,277.14,277.255,10667
2016-10-10 10:15:00,277.33,277.94,277.15,277.19,7500
2016-10-10 10:30:00,277.16,277.78,277.07,277.78,6839
2016-10-10 10:45:00,277.7,277.74,277.05,277.05,7160
2016-10-10 11:00:00,277.07,277.63,277.07,277.58,4433
2016-10-10 11:15:00,277.46,277.81,277.241,277.695,6152
2016-10-10 11:30:00,277.73,277.95,277.52,277.88,9700
2016-10-10 11:45:00,277.96,278.34,277.95,278.21,5668
2016-10-10 12:00:00,278.265,278.49,277.975,277.975,6790
2016-10-10 12:15:00,278.08,278.23,277.93,278.09,3400
2016-10-10 12:30:00,277.96,278.15,277.86,278.03,5273
2016-10-10 12:45:00,277.96,278.24,277.86,278.24,7102
2016-10-10 13:00:00,278.23,278.25,277.9902,278.06,20545
2016-10-10 13:15:00,278.01,278.16,277.91,278.07,5984
2016-10-10 13:30:00,278.07,278.17,278.06,278.13,4305
2016-10-10 13:45:00,278.16,278.23,277.96,278.0,4900
2016-10-10 14:00:00,278.11,278.24,278.05,278.11,4100
2016-10-10 14:15:00,277.96,278.16,277.96,278.03,3590
2016-10-10 14:30:00,278.13,278.2,277.95,278.06,5738
2016-10-10 14:45:00,278.13,278.27,278.0288,278.17,4952
2016-10-10 15:00:00,278.11,278.19,277.88,277.94,9249
2016-10-10 15:15:00,277.97,278.07,277.81,277.91,6400
2016-10-10 15:30:00,277.9,278.04,277.9,277.95,9819
2016-10-10 15:45:00,277.95,278.01,277.61,277.61,17371
2016-10-10 16:00:00,277.63,278.05,277.63,277.75,31887
2016-10-11 09:45:00,277.19,277.19,276.59,276.85,6791
2016-10-11 10:00:00,276.99,276.99,276.38,276.54,7168
2016-10-11 10:15:00,276.56,276.83,276.06,276.13,10069
2016-10-11 10:30:00,276.13,276.34,275.97,276.08,9690
2016-10-11 10:45:00,276.23,276.43,276.09,276.43,5600
2016-10-11 11:00:00,276.31,276.35,275.77,275.77,6615
2016-10-11 11:15:00,275.6,275.71,275.3,275.58,7189
2016-10-11 11:30:00,275.52,275.85,275.31,275.64,12765
2016-10-11 11:45:00,275.66,276.39,275.64,276.35,13506
2016-10-11 12:00:00,276.38,276.4,276.12,276.38,6311
2016-10-11 12:15:00,276.38,276.4,276.18,276.18,4200
2016-10-11 12:30:00,276.17,276.36,276.04,276.12,7342
2016-10-11 12:45:00,276.09,276.32,275.85,276.225,9086
2016-10-11 13:00:00,276.23,276.38,276.1,276.2,6904
2016-10-11 13:15:00,276.15,276.15,275.065,275.065,8000
2016-10-11 13:30:00,275.04,275.14,274.87,275.01,8457
2016-10-11 13:45:00,274.96,275.02,274.78,274.98,5780
2016-10-11 14:00:00,274.78,274.79,274.295,274.42,6433
2016-10-11 14:15:00,274.43,275.04,274.43,274.835,11719
2016-10-11 14:30:00,274.82,274.87,274.47,274.67,9443
2016-10-11 14:45:00,274.64,274.86,274.49,274.86,5350
2016-10-11 15:00:00,274.87,275.0,274.55,274.72,6062
2016-10-11 15:15:00,274.75,274.77,274.27,274.61,18708
2016-10-11 15:30:00,274.58,274.85,274.39,274.41,18647
2016-10-11 15:45:00,274.455,274.8,274.29,274.625,27439
2016-10-11 16:00:00,274.58,274.71,274.36,274.59,34315
2016-10-12 09:45:00,273.94,274.78,273.91,274.48,13753
2016-10-12 10:00:00,274.66,275.63,274.66,275.55,36124
2016-10-12 10:15:00,275.71,275.95,274.8,275.19,23264
2016-10-12 10:30:00,275.09,275.23,274.82,275.01,16615
2016-10-12 10:45:00,274.92,275.09,274.67,275.01,5000
2016-10-12 11:00:00,275.06,275.085,274.75,274.89,5970
2016-10-12 11:15:00,274.94,275.3,274.94,275.2,19542
2016-10-12 11:30:00,275.22,275.24,274.75,274.75,8923
2016-10-12 11:45:00,274.87,275.07,274.87,275.01,10156
2016-10-12 12:00:00,275.015,275.015,274.82,274.905,6789
2016-10-12 12:15:00,274.905,275.25,274.88,275.25,14291
2016-10-12 12:30:00,275.24,275.62,275.24,275.62,11821
2016-10-12 12:45:00,275.66,275.7,275.51,275.6,9369
2016-10-12 13:00:00,275.57,275.84,275.57,275.77,3900
2016-10-12 13:15:00,275.81,275.97,275.77,275.83,2883
2016-10-12 13:30:00,275.93,276.11,275.87,275.99,5200
2016-10-12 13:45:00,276.07,276.11,275.85,276.08,5886
2016-10-12 14:00:00,276.10400000000004,276.4,275.94,276.4,3807
2016-10-12 14:15:00,276.43,276.57,276.185,276.47,21276
2016-10-12 14:30:00,276.47,276.66,276.17,276.25,23773
2016-10-12 14:45:00,276.38,276.78,276.37,276.78,6763
2016-10-12 15:00:00,276.66,276.938,276.61,276.72,7815
2016-10-12 15:15:00,276.45,276.72,276.38,276.72,7108
2016-10-12 15:30:00,276.675,276.79,276.54,276.58,13703
2016-10-12 15:45:00,276.47,276.53,276.08,276.39,26595
2016-10-12 16:00:00,276.37,276.67,276.14,276.27,59055
2016-10-13 09:45:00,274.74,275.91,274.57,275.11,17321
2016-10-13 10:00:00,275.11,275.55,274.89,275.55,10900
2016-10-13 10:15:00,275.49,275.85,275.03,275.41,24437
2016-10-13 10:30:00,275.27,275.55,274.79,275.4,9898
2016-10-13 10:45:00,275.26,276.01,275.13,275.78,14136
2016-10-13 11:00:00,275.8254,275.8254,275.34,275.8,7235
2016-10-13 11:15:00,275.7,276.035,275.39,276.035,8800
2016-10-13 11:30:00,276.14,276.59,275.88,276.46,7733
2016-10-13 11:45:00,276.45,276.58,276.24,276.35,3855
2016-10-13 12:00:00,276.34,276.53,276.16,276.5,15903
2016-10-13 12:15:00,276.5,276.59,276.26,276.39,18334
2016-10-13 12:30:00,276.45,276.5,276.23,276.5,7814
2016-10-13 12:45:00,276.5,276.73,276.36,276.72,32682
2016-10-13 13:00:00,276.73,276.97,276.64,276.83,22288
2016-10-13 13:15:00,276.91,277.12,276.85,277.03,7705
2016-10-13 13:30:00,277.05,277.32,276.975,277.22,2600
2016-10-13 13:45:00,277.23,277.6,277.1001,277.6,5568
2016-10-13 14:00:00,277.67,278.1567,277.56,277.88,10463
2016-10-13 14:15:00,277.89,278.01,277.57,277.69,7475
2016-10-13 14:30:00,277.8,278.19,277.74,278.18,9700
2016-10-13 14:45:00,278.18,278.55,278.17,278.4693,8953
2016-10-13 15:00:00,278.54,278.77,278.46,278.7,7266
2016-10-13 15:15:00,278.61,278.69,278.17,278.46,9340
2016-10-13 15:30:00,278.51,278.57,278.18,278.5597,17505
2016-10-13 15:45:00,278.56,278.88,278.39,278.86,30023
2016-10-13 16:00:00,278.73,279.01,278.64,278.89,125996
2016-10-14 09:45:00,280.1,281.41,279.2,281.41,25235
2016-10-14 10:00:00,281.42,282.38,281.39,281.9,9798
2016-10-14 10:15:00,281.975,283.03,281.89,282.95,17126
2016-10-14 10:30:00,282.95,283.205,282.44,282.44,16534
2016-10-14 10:45:00,282.395,282.89,282.27,282.86,7435
2016-10-14 11:00:00,282.89,282.98,281.79,281.83,18163
2016-10-14 11:15:00,281.79,281.83,280.74,281.07,13655
2016-10-14 11:30:00,281.03,281.39,280.805,281.14,10857
2016-10-14 11:45:00,281.05,281.05,280.67,281.0,18406
2016-10-14 12:00:00,280.83,281.08,280.78,280.795,10819
2016-10-14 12:15:00,280.69,280.78,280.29,280.33,9007
2016-10-14 12:30:00,280.23,280.67,280.03,280.67,4761
2016-10-14 12:45:00,280.74,280.93,280.5601,280.77,7400
2016-10-14 13:00:00,280.85,280.9,280.76,280.87,8661
2016-10-14 13:15:00,280.82,280.94,280.6775,280.82,13575
2016-10-14 13:30:00,280.82,280.82,280.2,280.2,9707
2016-10-14 13:45:00,280.27,280.62,280.15,280.3299,7361
2016-10-14 14:00:00,280.3245,280.3245,279.985,280.08,9736
2016-10-14 14:15:00,280.0,280.14,279.88,279.89,8323
2016-10-14 14:30:00,279.88,280.36,279.85,280.04,8195
2016-10-14 14:45:00,280.08,280.17,279.88,280.0,6231
2016-10-14 15:00:00,280.03,280.03,279.12,279.21,12435
2016-10-14 15:15:00,279.14,279.69,279.12,279.66,7294
2016-10-14 15:30:00,279.65,279.65,279.29,279.43,9914
2016-10-14 15:45:00,279.39,279.68,279.375,279.59,9810
2016-10-14 16:00:00,279.6,279.87,279.26,279.38,42907
2016-10-17 09:45:00,279.71,280.41,278.26,278.3,19773
2016-10-17 10:00:00,278.63,279.19,277.96,278.94,16842
2016-10-17 10:15:00,279.02,279.19,278.03,278.05,46106
2016-10-17 10:30:00,278.03,278.58,277.76,278.43,35351
2016-10-17 10:45:00,278.45,278.51,278.15,278.165,8545
2016-10-17 11:00:00,278.15,278.44,278.03,278.26,14192
2016-10-17 11:15:00,278.4,278.6,278.195,278.39,6503
2016-10-17 11:30:00,278.41,278.72,278.26,278.61,11982
2016-10-17 11:45:00,278.54,278.7,278.15,278.7,13850
2016-10-17 12:00:00,278.7325,278.81,278.535,278.77,8690
2016-10-17 12:15:00,278.84,278.899,278.66,278.78,13294
2016-10-17 12:30:00,278.8,279.01,278.68,278.82,8681
2016-10-17 12:45:00,278.73,278.79,278.34,278.5,11925
2016-10-17 13:00:00,278.42,278.58,278.365,278.44,17213
2016-10-17 13:15:00,278.33,278.58,278.29,278.47,10585
2016-10-17 13:30:00,278.54,278.54,278.1347,278.365,45794
2016-10-17 13:45:00,278.385,278.53,278.28,278.415,13604
2016-10-17 14:00:00,278.43,278.54,278.19,278.315,17138
2016-10-17 14:15:00,278.345,278.51,278.14,278.44,27773
2016-10-17 14:30:00,278.425,278.94,278.36,278.93,20994
2016-10-17 14:45:00,278.91,278.98,278.78,278.98,13772
2016-10-17 15:00:00,278.96,279.335,278.84,279.3101,24178
2016-10-17 15:15:00,279.33,279.48,279.09,279.36,37363
2016-10-17 15:30:00,279.34,279.47,278.368,278.438,29198
2016-10-17 15:45:00,278.39,278.69,278.0,278.0,38856
2016-10-17 16:00:00,278.01,278.745,277.87,277.96,111066
2016-10-18 09:45:00,279.84,281.11,277.8,278.69,20237
2016-10-18 10:00:00,278.53,278.5799,277.825,278.05,7356
2016-10-18 10:15:00,278.15,278.43,277.21,277.56,9380
2016-10-18 10:30:00,277.48,277.79,276.57,276.58,12000
2016-10-18 10:45:00,276.635,276.97,276.32,276.88,17059
2016-10-18 11:00:00,276.96,277.11,276.4,277.11,16954
2016-10-18 11:15:00,277.12,277.2,276.86,276.94,8238
2016-10-18 11:30:00,276.86,277.22,276.58,277.22,9927
2016-10-18 11:45:00,277.27,277.83,277.19,277.78,9400
2016-10-18 12:00:00,277.85,278.14,277.714,278.03,9740
2016-10-18 12:15:00,278.05,278.74,277.935,278.53,11072
2016-10-18 12:30:00,278.6,278.94,278.55,278.77,10131
2016-10-18 12:45:00,278.76,278.92,278.55,278.65,9255
2016-10-18 13:00:00,278.6,278.71,278.44,278.59,31075
2016-10-18 13:15:00,278.57,278.645,278.44,278.6,15709
2016-10-18 13:30:00,278.59,278.72,278.51,278.64,19682
2016-10-18 13:45:00,278.65,278.65,278.31,278.37,10061
2016-10-18 14:00:00,278.45,278.6,278.27,278.485,13398
2016-10-18 14:15:00,278.485,279.24,278.485,279.22,11822
2016-10-18 14:30:00,279.17,279.18,278.99,279.11,10001
2016-10-18 14:45:00,279.13,279.17,278.99,279.06,5300
2016-10-18 15:00:00,279.039,279.14,278.97,279.01,12361
2016-10-18 15:15:00,279.01,279.08,278.95,279.05,17751
2016-10-18 15:30:00,279.02,279.09,278.78,278.82,16896
2016-10-18 15:45:00,278.75,278.75,278.02,278.1,18627
2016-10-18 16:00:00,278.13,278.55,278.07,278.07,50834
2016-10-19 09:45:00,276.01,277.95,274.12,274.74,131265
2016-10-19 10:00:00,274.73,274.75,273.55,274.615,41946
2016-10-19 10:15:00,274.38,275.38,274.35,275.14,32593
2016-10-19 10:30:00,275.21,275.79,274.9501,275.79,35186
2016-10-19 10:45:00,275.85,275.99,274.93,275.04,16395
2016-10-19 11:00:00,274.93,275.57,274.93,275.56,18786
2016-10-19 11:15:00,275.39,277.84,275.2,277.79,34184
2016-10-19 11:30:00,277.63,280.733,277.63,280.53,59896
2016-10-19 11:45:00,280.51,281.48,280.21,280.21,55983
2016-10-19 12:00:00,280.1,280.25,278.38,278.5075,34424
2016-10-19 12:15:00,278.29,278.465,277.7,278.28,11710
2016-10-19 12:30:00,278.35,278.3699,277.06,277.295,12341
2016-10-19 12:45:00,277.33,277.62,277.2699,277.46,11333
2016-10-19 13:00:00,277.5,277.79,277.37,277.43,9154
2016-10-19 13:15:00,277.48,277.78,277.31,277.47,10000
2016-10-19 13:30:00,277.65,277.825,277.37,277.49,7664
2016-10-19 13:45:00,277.44,277.57,277.27,277.36,8100
2016-10-19 14:00:00,277.36,277.76,277.33,277.76,12013
2016-10-19 14:15:00,277.81,278.08,277.81,278.08,18301
2016-10-19 14:30:00,278.22,278.6,278.11,278.11,9061
2016-10-19 14:45:00,278.02,278.159,277.46,277.66,15178
2016-10-19 15:00:00,277.69,278.22,277.655,278.22,10083
2016-10-19 15:15:00,278.23,278.46,278.06,278.43,14165
2016-10-19 15:30:00,278.38,278.7,278.32,278.49,19005
2016-10-19 15:45:00,278.49,278.53,278.28,278.33,24365
2016-10-19 16:00:00,278.345,278.345,277.86,278.05,54984
2016-10-20 09:45:00,277.36,279.79,275.14,275.49,53819
2016-10-20 10:00:00,275.22,277.03,275.22,276.88,21792
2016-10-20 10:15:00,276.965,277.56,276.86,276.985,18002
2016-10-20 10:30:00,277.12,277.3,275.72,275.77,15916
2016-10-20 10:45:00,275.73,275.84,274.73,274.99,18740
2016-10-20 11:00:00,275.04,275.83,275.0175,275.83,21114
2016-10-20 11:15:00,275.86,275.88,275.4,275.75,14050
2016-10-20 11:30:00,275.81,275.97,275.63,275.905,18973
2016-10-20 11:45:00,275.905,276.035,275.57,275.575,16172
2016-10-20 12:00:00,275.57,275.78,275.21,275.78,16278
2016-10-20 12:15:00,275.77,276.02,275.7,275.88,11746
2016-10-20 12:30:00,275.82,275.875,275.34,275.55,10856
2016-10-20 12:45:00,275.54,275.89,275.36,275.765,12325
2016-10-20 13:00:00,275.83,275.85,275.192,275.32,15006
2016-10-20 13:15:00,275.28,275.7,275.2401,275.57,13788
2016-10-20 13:30:00,275.6,275.71,275.265,275.43,16031
2016-10-20 13:45:00,275.467,275.57,275.21,275.49,13872
2016-10-20 14:00:00,275.5,275.52,274.81,274.93,22250
2016-10-20 14:15:00,275.005,275.18,274.83,274.8699,10395
2016-10-20 14:30:00,274.81,274.9,274.45,274.59,25185
2016-10-20 14:45:00,274.59,274.61,274.32,274.49,11014
2016-10-20 15:00:00,274.59,274.88,274.49,274.79,20472
2016-10-20 15:15:00,274.77,275.21,274.69,275.11,25534
2016-10-20 15:30:00,275.09,275.11,274.38,274.38,21523
2016-10-20 15:45:00,274.44,274.44,273.65,273.66,32986
2016-10-20 16:00:00,273.74,274.13,273.725,273.87,72844
2016-10-21 09:45:00,272.78,273.335,271.8,272.51,58004
2016-10-21 10:00:00,272.535,272.64,272.1,272.265,29587
2016-10-21 10:15:00,272.21,272.85,272.03,272.65,16973
2016-10-21 10:30:00,272.65,274.03,272.64,273.95,24973
2016-10-21 10:45:00,273.925,274.11,273.615,273.88,21943
2016-10-21 11:00:00,273.835,274.54,273.79,274.54,18140
2016-10-21 11:15:00,274.43,274.99,274.36,274.9,9310
2016-10-21 11:30:00,274.83,274.94,274.43,274.83,16489
2016-10-21 11:45:00,274.77,274.82,274.5975,274.77,13232
2016-10-21 12:00:00,274.79,275.15,274.79,274.93,12066
2016-10-21 12:15:00,274.96,275.13,274.71,274.99,10275
2016-10-21 12:30:00,274.81,275.05,274.78,274.96,11282
2016-10-21 12:45:00,274.95,275.0,274.47,274.5,13029
2016-10-21 13:00:00,274.5,274.56,274.33,274.45,9096
2016-10-21 13:15:00,274.47,274.47,274.05,274.19,8300
2016-10-21 13:30:00,274.19,274.43,274.15,274.43,14335
2016-10-21 13:45:00,274.3457,274.585,274.25,274.55,7968
2016-10-21 14:00:00,274.58,275.02,274.58,275.02,8305
2016-10-21 14:15:00,274.99,275.13,274.52,274.61,14038
2016-10-21 14:30:00,274.6375,274.84,274.59,274.82,8241
2016-10-21 14:45:00,274.84,275.42,274.67,275.42,13200
2016-10-21 15:00:00,275.42,275.51,275.26,275.51,17044
2016-10-21 15:15:00,275.51,275.98,275.51,275.9,18260
2016-10-21 15:30:00,275.95,276.14,275.82,276.1,19600
2016-10-21 15:45:00,276.09,276.25,275.995,276.16,37778
2016-10-21 16:00:00,276.055,276.13,275.35,275.56,64498
2016-10-24 09:45:00,277.92,279.0,277.25,277.9,41266
2016-10-24 10:00:00,277.64,277.99,277.25,277.96,23070
2016-10-24 10:15:00,277.91,278.24,277.58,277.58,19974
2016-10-24 10:30:00,277.54,278.25,277.401,278.12,10470
2016-10-24 10:45:00,278.14,278.48,278.03,278.12,14307
2016-10-24 11:00:00,278.22,278.61,278.21,278.57,19681
2016-10-24 11:15:00,278.4,279.05,278.4,278.98,17264
2016-10-24 11:30:00,278.92,278.92,278.18,278.32,10680
2016-10-24 11:45:00,278.32,278.46,278.17,278.24,11767
2016-10-24 12:00:00,278.17,278.2,277.98,278.05,10301
2016-10-24 12:15:00,278.07,278.34,278.045,278.34,7133
2016-10-24 12:30:00,278.29,278.75,278.24,278.64,8400
2016-10-24 12:45:00,278.49,278.66,278.31,278.63,8036
2016-10-24 13:00:00,278.7,278.75,278.425,278.58,7506
2016-10-24 13:15:00,278.575,278.75,278.51,278.65,5200
2016-10-24 13:30:00,278.69,278.9,278.63,278.84,6601
2016-10-24 13:45:00,278.81,278.81,278.43,278.61,5400
2016-10-24 14:00:00,278.63,278.74,278.52,278.66,7232
2016-10-24 14:15:00,278.62,278.78,278.54,278.59,23851
2016-10-24 14:30:00,278.6,278.6,278.22,278.37,13200
2016-10-24 14:45:00,278.39,278.49,278.18,278.45,12876
2016-10-24 15:00:00,278.48,278.79,278.48,278.79,9713
2016-10-24 15:15:00,278.64,278.77,278.49,278.63,15478
2016-10-24 15:30:00,278.68,278.8,278.61,278.76,18843
2016-10-24 15:45:00,278.71,279.53,278.71,279.21,35258
2016-10-24 16:00:00,279.21,279.51,278.92,279.16,72337
2016-10-25 09:45:00,278.03,278.44,277.2,277.64,25288
2016-10-25 10:00:00,277.67,277.97,277.49,277.87,16985
2016-10-25 10:15:00,277.87,278.03,277.48,277.59,17565
2016-10-25 10:30:00,277.59,278.33,277.52,278.19,18633
2016-10-25 10:45:00,278.21,278.23,277.85,278.015,7782
2016-10-25 11:00:00,277.98,278.4535,277.857,278.27,22857
2016-10-25 11:15:00,278.17,278.38,278.13,278.2,15342
2016-10-25 11:30:00,278.2,278.81,278.02,278.75,20386
2016-10-25 11:45:00,278.8,278.8198,278.2,278.27,17973
2016-10-25 12:00:00,278.25,278.28,278.06,278.28,14224
2016-10-25 12:15:00,278.155,278.28,278.04,278.22,11432
2016-10-25 12:30:00,278.18,278.23,278.02,278.1,7056
2016-10-25 12:45:00,278.1,278.39,278.06,278.33,6100
2016-10-25 13:00:00,278.44,279.39,278.44,279.39,17178
2016-10-25 13:15:00,279.31,279.44,279.115,279.25,20247
2016-10-25 13:30:00,279.23,279.31,278.995,279.24,10000
2016-10-25 13:45:00,279.175,279.59,279.13,279.34,10408
2016-10-25 14:00:00,279.27,279.5,279.2176,279.45,11392
2016-10-25 14:15:00,279.47,279.97,279.37,279.97,17764
2016-10-25 14:30:00,279.89,280.0301,279.75,279.9876,15616
2016-10-25 14:45:00,280.08,280.08,279.73,279.86,28330
2016-10-25 15:00:00,279.89,279.93,279.1,279.315,24689
2016-10-25 15:15:00,279.34,279.55,279.16,279.2625,24382
2016-10-25 15:30:00,279.25,279.59,279.04,279.44,28571
2016-10-25 15:45:00,279.37,279.92,279.36,279.81,31183
2016-10-25 16:00:00,279.81,280.39,279.77,280.32,98148
2016-10-26 09:45:00,279.95,279.95,279.095,279.11,22948
2016-10-26 10:00:00,278.97,278.99,277.37,277.7,18717
2016-10-26 10:15:00,277.66,277.91,276.86,277.91,40588
2016-10-26 10:30:00,278.11,278.33,277.86,278.1491,27691
2016-10-26 10:45:00,278.13,278.4,277.9,278.23,18230
2016-10-26 11:00:00,278.24,278.58,278.01,278.58,15054
2016-10-26 11:15:00,278.54,278.69,278.05,278.07,14246
2016-10-26 11:30:00,278.035,278.52,278.02,278.38,12520
2016-10-26 11:45:00,278.42,278.62,278.13,278.42,7822
2016-10-26 12:00:00,278.42,278.42,278.05,278.12,8600
2016-10-26 12:15:00,278.16,278.29,277.98,278.2857,37091
2016-10-26 12:30:00,278.26,278.27,278.05,278.24,21939
2016-10-26 12:45:00,278.25,278.27,278.06,278.19,29991
2016-10-26 13:00:00,278.17,278.295,278.14,278.21,15081
2016-10-26 13:15:00,278.265,278.38,278.17,278.245,19863
2016-10-26 13:30:00,278.265,278.5,278.19,278.44,13296
2016-10-26 13:45:00,278.47,278.5502,277.97,278.07,26703
2016-10-26 14:00:00,278.02,278.185,277.8,278.05,19308
2016-10-26 14:15:00,278.16,278.28,277.92,278.27,19999
2016-10-26 14:30:00,278.28,279.59,278.17,279.44,29298
2016-10-26 14:45:00,279.44,279.44,278.84,279.14,24258
2016-10-26 15:00:00,279.14,279.16,278.29,278.58,24507
2016-10-26 15:15:00,278.58,278.69,277.68,277.72,28621
2016-10-26 15:30:00,277.75,278.092,277.68,278.01,39879
2016-10-26 15:45:00,278.0,278.27,277.87,278.22,54792
2016-10-26 16:00:00,278.18,278.22,276.88,277.15,132896
2016-10-27 09:45:00,270.0,273.52,267.73,269.0,190111
2016-10-27 10:00:00,269.0,269.0,264.65,267.87,248601
2016-10-27 10:15:00,267.87,267.87,265.3,267.21,116238
2016-10-27 10:30:00,267.21,267.73,264.79,265.175,117631
2016-10-27 10:45:00,265.175,266.21,265.0,265.54,47984
2016-10-27 11:00:00,265.49,265.54,262.61,263.225,82027
2016-10-27 11:15:00,263.27,263.64,260.19,260.25,107710
2016-10-27 11:30:00,260.27,260.61,257.23,259.995,154227
2016-10-27 11:45:00,260.09,260.52,259.15,260.13,97594
2016-10-27 12:00:00,259.96,260.78,258.13,258.21,74695
2016-10-27 12:15:00,258.13,258.47,257.0,258.47,86248
2016-10-27 12:30:00,258.59,258.71,257.63,258.1873,51019
2016-10-27 12:45:00,258.1812,258.84,256.16,256.62,51583
2016-10-27 13:00:00,256.62,258.37,256.21,258.28,43103
2016-10-27 13:15:00,258.04,258.17,256.325,256.39,50867
2016-10-27 13:30:00,256.39,256.97,256.08,256.16,67253
2016-10-27 13:45:00,256.13,257.46,256.125,257.01,65121
2016-10-27 14:00:00,257.0,257.43,256.89,256.94,45661
2016-10-27 14:15:00,256.99,257.9,256.52,257.68,134533
2016-10-27 14:30:00,257.61,257.69,253.9,254.35,122839
2016-10-27 14:45:00,254.42,254.54,252.342,252.342,61644
2016-10-27 15:00:00,252.36,252.9817,251.62,252.43,72976
2016-10-27 15:15:00,252.4392,253.67,251.74,253.62,104168
2016-10-27 15:30:00,253.55,253.69,252.49,252.83,114328
2016-10-27 15:45:00,252.9,253.27,252.13,252.185,135093
2016-10-27 16:00:00,252.14,253.22,252.01,253.0,288579
2016-10-28 09:45:00,253.02,257.8,253.02,257.79,189398
2016-10-28 10:00:00,257.57,259.08,256.29,257.71,159479
2016-10-28 10:15:00,257.8,259.05,257.11,259.05,295979
2016-10-28 10:30:00,258.805,259.83,258.54,259.17,241282
2016-10-28 10:45:00,259.21,261.72,258.85,261.63,93129
2016-10-28 11:00:00,261.63,261.6995,260.35,261.1025,68835
2016-10-28 11:15:00,261.08,263.43,261.06,263.1,102709
2016-10-28 11:30:00,263.15,263.75,262.64,263.11,69031
2016-10-28 11:45:00,263.075,264.05,263.0,263.93,70115
2016-10-28 12:00:00,263.92,264.26,262.33,262.48,71789
2016-10-28 12:15:00,262.48,263.49,262.34,262.7,106168
2016-10-28 12:30:00,262.66,263.13,262.305,263.05,35827
2016-10-28 12:45:00,262.99,263.04,262.635,262.635,35283
2016-10-28 13:00:00,262.56,263.08,262.54,262.9735,39087
2016-10-28 13:15:00,262.8725,263.27,261.5,262.3,36045
2016-10-28 13:30:00,262.25,262.785,262.02,262.09,30665
2016-10-28 13:45:00,261.94,262.08,260.48,261.86,68952
2016-10-28 14:00:00,261.83,262.97,261.55,262.97,46760
2016-10-28 14:15:00,262.98,263.53,262.635,263.2985,28118
2016-10-28 14:30:00,263.5136,263.5136,262.52,262.78,54432
2016-10-28 14:45:00,262.74,263.579,262.44,262.63,56514
2016-10-28 15:00:00,262.7,263.7,262.4,263.64,44466
2016-10-28 15:15:00,263.58,264.0,262.88,263.32,32073
2016-10-28 15:30:00,263.13,263.96,263.01,263.75,45230
2016-10-28 15:45:00,263.75,263.76,262.88,263.43,69605
2016-10-28 16:00:00,263.42,263.61,262.9175,263.53,209713
2016-10-31 09:45:00,263.68,264.7704,263.09,263.55,64954
2016-10-31 10:00:00,263.54,263.63,262.2,262.6801,58346
2016-10-31 10:15:00,262.74,263.42,262.29,262.29,53485
2016-10-31 10:30:00,262.195,262.53,261.62,262.38,38312
2016-10-31 10:45:00,262.16,262.33,261.34,261.97,46198
2016-10-31 11:00:00,261.97,262.59,261.84,262.39,30413
2016-10-31 11:15:00,262.39,262.6,261.96,262.44,32438
2016-10-31 11:30:00,262.46,263.52,262.46,263.52,21805
2016-10-31 11:45:00,263.48,263.75,263.135,263.52,18839
2016-10-31 12:00:00,263.57,264.63,263.44,264.63,26601
2016-10-31 12:15:00,264.51,264.51,263.2313,263.41,20052
2016-10-31 12:30:00,263.37,263.61,263.17,263.3311,31748
2016-10-31 12:45:00,263.39,263.62,263.16,263.52,12654
2016-10-31 13:00:00,263.56,263.74,263.33,263.58,12650
2016-10-31 13:15:00,263.7,263.78,263.44,263.78,11483
2016-10-31 13:30:00,263.77,263.77,263.18,263.55,19898
2016-10-31 13:45:00,263.52,264.135,263.46,264.03,24604
2016-10-31 14:00:00,263.94,264.29,263.82,264.25,18551
2016-10-31 14:15:00,264.23,264.93,264.07,264.76,33253
2016-10-31 14:30:00,264.795,264.88,264.115,264.27,15179
2016-10-31 14:45:00,264.33,264.33,263.78,264.08,27733
2016-10-31 15:00:00,263.88,264.11,263.41,263.67,42306
2016-10-31 15:15:00,263.67,264.17,263.575,264.15,38073
2016-10-31 15:30:00,264.07,264.655,264.04,264.335,51811
2016-10-31 15:45:00,264.265,265.25,264.25,264.59,81365
2016-10-31 16:00:00,264.67,265.0725,264.3501,264.45,132213
2016-11-01 09:45:00,263.9,265.36,263.0,265.3,31358
2016-11-01 10:00:00,265.41,265.93,265.0,265.68,36808
2016-11-01 10:15:00,265.55,265.9,264.0,264.0,29776
2016-11-01 10:30:00,263.9,264.54,263.88,264.15,23475
2016-11-01 10:45:00,264.19,264.19,263.56,263.56,27072
2016-11-01 11:00:00,263.51,263.79,263.27,263.61,25834
2016-11-01 11:15:00,263.61,263.9,263.47,263.51,15661
2016-11-01 11:30:00,263.49,263.62,263.22,263.48,29349
2016-11-01 11:45:00,263.39,264.14,263.3,264.14,25998
2016-11-01 12:00:00,264.11,264.11,263.73,263.86,11623
2016-11-01 12:15:00,263.85,263.88,263.61,263.61,28593
2016-11-01 12:30:00,263.65,263.65,263.16,263.305,25135
2016-11-01 12:45:00,263.24,264.045,263.24,263.65,17687
2016-11-01 13:00:00,263.5925,263.88,263.36,263.73,47450
2016-11-01 13:15:00,263.7729,264.04,263.48,263.6,48367
2016-11-01 13:30:00,263.56,264.14,263.26,264.065,38186
2016-11-01 13:45:00,264.08,264.24,263.82,263.82,15009
2016-11-01 14:00:00,263.905,263.95,263.43,263.53,16353
2016-11-01 14:15:00,263.5,263.56,262.95,263.0,17284
2016-11-01 14:30:00,262.97,263.345,262.45,263.345,23721
2016-11-01 14:45:00,263.27,263.54,262.94,263.04,21720
2016-11-01 15:00:00,263.04,263.58,263.04,263.485,23439
2016-11-01 15:15:00,263.43,263.66,263.26,263.55,28974
2016-11-01 15:30:00,263.54,263.86,263.45,263.84,32966
2016-11-01 15:45:00,263.91,264.17,263.71,264.03,51573
2016-11-01 16:00:00,264.03,264.48,263.95,264.27,87539
2016-11-02 09:45:00,264.09,264.545,263.59,264.08,20512
2016-11-02 10:00:00,264.026,264.32,263.51,264.1,13469
2016-11-02 10:15:00,264.13,265.4002,263.89,265.16,27235
2016-11-02 10:30:00,265.276,265.5575,264.82,264.995,29766
2016-11-02 10:45:00,264.84,265.71,264.6,265.33,45870
2016-11-02 11:00:00,265.23,265.55,265.04,265.2,14711
2016-11-02 11:15:00,265.21,265.48,264.62,265.2951,34857
2016-11-02 11:30:00,265.38,265.97,264.69,264.71,14847
2016-11-02 11:45:00,264.7,264.95,264.33,264.95,20146
2016-11-02 12:00:00,264.84,264.94,264.53,264.7,13840
2016-11-02 12:15:00,264.64,265.44,264.63,265.11,11104
2016-11-02 12:30:00,265.25,265.25,264.54,264.738,8704
2016-11-02 12:45:00,264.67,264.79,264.48,264.58,7226
2016-11-02 13:00:00,264.58,264.58,264.07,264.18,8650
2016-11-02 13:15:00,264.16,264.22,263.34,263.41,11760
2016-11-02 13:30:00,263.4425,263.56,262.93,263.51,15485
2016-11-02 13:45:00,263.455,263.78,263.3,263.685,11264
2016-11-02 14:00:00,263.69,264.52,263.67,264.41,24602
2016-11-02 14:15:00,264.41,264.99,263.24,264.04,25025
2016-11-02 14:30:00,263.992,264.51,263.38,264.06,20780
2016-11-02 14:45:00,264.14,264.53,263.71,263.74,11285
2016-11-02 15:00:00,263.78,263.897,263.12,263.14,18197
2016-11-02 15:15:00,263.13,263.26,262.92,263.2,19990
2016-11-02 15:30:00,263.19,263.37,262.9,263.3523,19006
2016-11-02 15:45:00,263.23,263.31,262.94,263.21,31753
2016-11-02 16:00:00,263.19,263.3,262.55,262.71,82700
2016-11-03 09:45:00,262.71,263.94,262.5,263.13,14368
2016-11-03 10:00:00,263.15,263.46,262.62,262.9,28459
2016-11-03 10:15:00,262.89,263.32,262.47,263.13,24306
2016-11-03 10:30:00,262.92,264.095,262.69,263.71,32079
2016-11-03 10:45:00,263.58,264.05,263.44,264.031,20310
2016-11-03 11:00:00,263.91,263.96,263.45,263.8,20004
2016-11-03 11:15:00,263.8,263.9999,263.39,263.39,14229
2016-11-03 11:30:00,263.41,264.49,263.41,264.32,11158
2016-11-03 11:45:00,264.23,264.48,263.91,263.9155,22427
2016-11-03 12:00:00,263.94,264.27,263.91,264.225,7436
2016-11-03 12:15:00,264.2671,264.33,263.61,263.7,16025
2016-11-03 12:30:00,263.7458,264.01,263.65,263.96,5150
2016-11-03 12:45:00,263.97,264.17,263.76,264.09,12847
2016-11-03 13:00:00,264.17,264.22,263.9,264.04,8251
2016-11-03 13:15:00,264.0,264.1,263.86,263.94,9512
2016-11-03 13:30:00,263.9,264.13,263.65,264.07,9300
2016-11-03 13:45:00,263.94,264.0,262.871,262.91,23163
2016-11-03 14:00:00,262.94,263.11,262.76,262.84,10556
2016-11-03 14:15:00,262.78,263.37,262.78,263.37,13536
2016-11-03 14:30:00,263.32,263.5,263.09,263.2,15872
2016-11-03 14:45:00,263.2,263.23,262.45,262.49,21731
2016-11-03 15:00:00,262.52,262.6,262.36,262.5,15812
2016-11-03 15:15:00,262.44,262.5,262.27,262.345,7837
2016-11-03 15:30:00,262.315,262.41,261.75,261.76,23204
2016-11-03 15:45:00,261.77,261.77,261.22,261.43,41044
2016-11-03 16:00:00,261.49,262.05,261.31,261.86,97005
2016-11-04 09:45:00,259.67,263.98,259.67,262.71,41520
2016-11-04 10:00:00,262.815,263.74,262.0,262.24,56606
2016-11-04 10:15:00,262.36,263.41,262.36,262.65,37252
2016-11-04 10:30:00,262.75,262.98,262.3,262.64,70260
2016-11-04 10:45:00,262.7975,263.3,262.58,262.7,39023
2016-11-04 11:00:00,262.75,263.09,262.52,262.76,33208
2016-11-04 11:15:00,262.75,263.465,262.5,263.465,31640
2016-11-04 11:30:00,263.46,263.8,263.3,263.425,23922
2016-11-04 11:45:00,263.4,263.4,262.4501,262.65,16646
2016-11-04 12:00:00,262.75,263.03,262.48,263.03,33067
2016-11-04 12:15:00,263.08,263.24,262.88,263.24,19705
2016-11-04 12:30:00,263.285,263.68,263.285,263.63,15651
2016-11-04 12:45:00,263.65,263.78,263.48,263.59,11989
2016-11-04 13:00:00,263.44,263.58,263.18,263.26,10616
2016-11-04 13:15:00,263.34,263.56,263.24,263.56,13795
2016-11-04 13:30:00,263.57,263.58,262.895,263.12,11355
2016-11-04 13:45:00,263.11,263.1625,262.64,262.76,13626
2016-11-04 14:00:00,262.74,262.76,262.49,262.63,16690
2016-11-04 14:15:00,262.62,262.62,262.25,262.62,20610
2016-11-04 14:30:00,262.67,262.71,262.1,262.11,24812
2016-11-04 14:45:00,262.1,262.16,261.7,262.09,38446
2016-11-04 15:00:00,262.04,262.18,261.69,261.88,40849
2016-11-04 15:15:00,261.855,261.95,261.49,261.76,32190
2016-11-04 15:30:00,261.78,261.885,261.2,261.675,40009
2016-11-04 15:45:00,261.69,261.905,261.28,261.35,63774
2016-11-04 16:00:00,261.35,261.44,260.91,261.2,60484
2016-11-07 09:45:00,264.75,264.87,262.1,262.59,68773
2016-11-07 10:00:00,262.48,263.08,261.56,261.99,44371
2016-11-07 10:15:00,261.95,262.55,261.41,261.42,42168
2016-11-07 10:30:00,261.41,261.58,260.7,260.98,31818
2016-11-07 10:45:00,261.0043,261.8192,260.72,261.8,28582
2016-11-07 11:00:00,261.795,261.87,260.91,261.33,33299
2016-11-07 11:15:00,261.3,261.55,261.3,261.5,16120
2016-11-07 11:30:00,261.48,261.67,261.06,261.08,22541
2016-11-07 11:45:00,261.05,261.18,260.97,261.1,18664
2016-11-07 12:00:00,261.05,261.16,260.61,260.73,15857
2016-11-07 12:15:00,260.73,260.77,259.89,259.95,37645
2016-11-07 12:30:00,260.03,260.33,259.89,259.98,41862
2016-11-07 12:45:00,259.99,260.22,259.98,260.14,14211
2016-11-07 13:00:00,260.16,260.28,260.1,260.12,19302
2016-11-07 13:15:00,260.1,260.27,260.1,260.27,28667
2016-11-07 13:30:00,260.27,260.36,260.16,260.27,18390
2016-11-07 13:45:00,260.27,260.77,260.22,260.22,21435
2016-11-07 14:00:00,260.24,260.32,260.0,260.0,33325
2016-11-07 14:15:00,260.04,260.09,259.28,259.28,29173
2016-11-07 14:30:00,259.32,259.43,258.995,259.0992,78003
2016-11-07 14:45:00,259.15,259.38,259.09,259.365,37785
2016-11-07 15:00:00,259.39,259.63,259.3775,259.58,21722
2016-11-07 15:15:00,259.61,259.7998,259.5,259.77,37948
2016-11-07 15:30:00,259.79,259.79,259.39,259.54,55271
2016-11-07 15:45:00,259.49,259.6,259.04,259.18,86840
2016-11-07 16:00:00,259.23,259.88,259.11,259.61,146240
2016-11-08 09:45:00,259.36,260.29,258.33,260.0,39788
2016-11-08 10:00:00,259.96,260.3,259.9,260.13,19654
2016-11-08 10:15:00,260.13,261.18,260.13,261.18,25418
2016-11-08 10:30:00,261.2,261.86,260.6,260.6,46626
2016-11-08 10:45:00,260.5975,260.74,259.83,259.9575,19724
2016-11-08 11:00:00,259.95,260.23,259.83,260.23,23687
2016-11-08 11:15:00,260.12,260.31,259.91,260.145,18507
2016-11-08 11:30:00,260.18,260.45,259.84,259.85,16953
2016-11-08 11:45:00,259.83,260.4,259.41,260.31,26334
2016-11-08 12:00:00,260.27,260.75,259.8,260.75,17901
2016-11-08 12:15:00,260.8,261.26,260.67,261.205,20232
2016-11-08 12:30:00,261.2,261.22,260.7301,260.75,13397
2016-11-08 12:45:00,260.88,260.88,260.25,260.32,14708
2016-11-08 13:00:00,260.28,260.41,259.92,260.19,13678
2016-11-08 13:15:00,260.115,260.15,259.85,260.0,33325
2016-11-08 13:30:00,260.0,260.05,259.89,260.0,47251
2016-11-08 13:45:00,260.0,260.11,259.98,260.03,17236
2016-11-08 14:00:00,260.04,260.04,259.81,259.98,77806
2016-11-08 14:15:00,260.04,260.48,259.94,259.94,13950
2016-11-08 14:30:00,259.99,260.28,259.99,260.02,14883
2016-11-08 14:45:00,260.0423,260.12,259.85,260.02,27048
2016-11-08 15:00:00,259.99,260.27,259.85,259.96,20275
2016-11-08 15:15:00,260.0,260.32,259.88,260.11,20624
2016-11-08 15:30:00,260.14,260.33,259.99,260.33,29906
2016-11-08 15:45:00,260.35,260.67,260.05,260.1975,24815
2016-11-08 16:00:00,260.22,260.29,259.36,259.58,128177
2016-11-09 09:45:00,254.28,256.67,250.06900000000002,255.178,134497
2016-11-09 10:00:00,255.23,256.41,255.01,255.775,72239
2016-11-09 10:15:00,255.85,257.805,255.41,257.805,64515
2016-11-09 10:30:00,257.66,259.16,257.23,259.16,14974
2016-11-09 10:45:00,259.16,259.255,258.43,259.0,11855
2016-11-09 11:00:00,259.0,260.29,258.71,259.42,19384
2016-11-09 11:15:00,259.65,260.7,259.48,260.65,18405
2016-11-09 11:30:00,260.65,261.0,260.05,260.815,16860
2016-11-09 11:45:00,260.8001,262.18,260.8001,261.93,27617
2016-11-09 12:00:00,262.0109,262.78,261.8,262.1,13065
2016-11-09 12:15:00,261.86,262.33,261.32,261.8,12535
2016-11-09 12:30:00,261.85,261.87,261.4,261.85,15511
2016-11-09 12:45:00,261.805,262.37,261.45,261.92,29788
2016-11-09 13:00:00,262.06,262.19,261.71,262.01,20400
2016-11-09 13:15:00,262.19,262.365,261.72,262.15,9185
2016-11-09 13:30:00,262.1,262.22,261.13,261.22,16756
2016-11-09 13:45:00,261.21,262.08,261.03,262.08,21454
2016-11-09 14:00:00,262.0999,262.5,261.86,261.86,16754
2016-11-09 14:15:00,261.83,262.27,261.665,261.98,16109
2016-11-09 14:30:00,262.02,262.6,262.02,262.6,16491
2016-11-09 14:45:00,262.6,264.39,262.45,264.33,30824
2016-11-09 15:00:00,264.33,264.75,263.62,263.78,36321
2016-11-09 15:15:00,263.81,264.64,263.75,264.625,22666
2016-11-09 15:30:00,264.61,265.19,264.35,264.5,46829
2016-11-09 15:45:00,264.46,264.75,264.12,264.36,33161
2016-11-09 16:00:00,264.4424,264.68,264.05,264.15,75486
2016-11-10 09:45:00,264.0,265.7,261.08,265.32,32076
2016-11-10 10:00:00,265.16,266.44,264.995,265.425,46532
2016-11-10 10:15:00,265.41,265.475,264.27,264.49,24126
2016-11-10 10:30:00,264.63,265.24,264.41,264.51,29328
2016-11-10 10:45:00,264.75,265.1,263.64,264.79,35091
2016-11-10 11:00:00,265.06,265.55,264.175,264.51,30742
2016-11-10 11:15:00,264.37,264.78,263.94,264.2822,20380
2016-11-10 11:30:00,264.29,265.69,264.28,265.21,16380
2016-11-10 11:45:00,265.35,265.35,264.13,264.82,26949
2016-11-10 12:00:00,264.85,264.85,262.33,262.57,15759
2016-11-10 12:15:00,262.41,263.85,262.4,263.53,16426
2016-11-10 12:30:00,263.49,263.73,262.88,263.22,15637
2016-11-10 12:45:00,263.29,263.84,262.62,262.905,15284
2016-11-10 13:00:00,263.06,264.21,262.9,264.1,11405
2016-11-10 13:15:00,263.95,264.36,263.34,264.2,13300
2016-11-10 13:30:00,264.0,264.4899,263.78,264.26,10077
2016-11-10 13:45:00,264.28,264.55,263.875,264.2,9083
2016-11-10 14:00:00,264.15,265.24,264.14,264.49,13051
2016-11-10 14:15:00,264.4,265.0784,264.35,264.4008,16536
2016-11-10 14:30:00,264.4,264.4,263.61,264.26,17230
2016-11-10 14:45:00,264.4,264.42,263.64,263.94,16218
2016-11-10 15:00:00,263.85,264.45,263.55,264.27,11650
2016-11-10 15:15:00,264.32,264.47,263.83,264.005,11664
2016-11-10 15:30:00,263.9,264.18,263.19,263.3475,22854
2016-11-10 15:45:00,263.365,263.365,262.45,262.69,30423
2016-11-10 16:00:00,262.595,262.75,262.265,262.54,119870
2016-11-11 09:45:00,261.43,263.22,261.05,262.61,32947
2016-11-11 10:00:00,262.61,264.51,262.26,262.56,27107
2016-11-11 10:15:00,262.56,263.46,262.16,263.32,28047
2016-11-11 10:30:00,263.29,263.35,261.58,262.04,19501
2016-11-11 10:45:00,262.04,263.55,261.94,263.43,20784
2016-11-11 11:00:00,263.685,263.81,262.86,263.38,18600
2016-11-11 11:15:00,263.11,263.355,262.66,262.99,16022
2016-11-11 11:30:00,262.93,263.71,262.87,263.29,17068
2016-11-11 11:45:00,263.225,263.495,262.92,263.0225,21839
2016-11-11 12:00:00,262.91,263.2,262.38,262.66,17346
2016-11-11 12:15:00,263.0,263.39,262.37,263.01,24743
2016-11-11 12:30:00,263.08,263.45,262.79,263.15,33697
2016-11-11 12:45:00,263.3,263.66,262.85,262.99,10347
2016-11-11 13:00:00,263.03,263.32,262.51,262.6,11801
2016-11-11 13:15:00,262.805,262.97,262.49,262.8,16888
2016-11-11 13:30:00,262.8,263.25,262.69,263.2,34025
2016-11-11 13:45:00,263.14,263.585,262.96,263.36,25144
2016-11-11 14:00:00,263.25,263.64,262.65,262.705,39579
2016-11-11 14:15:00,262.31,262.83,262.01,262.445,26224
2016-11-11 14:30:00,262.5,262.92,262.05,262.15,15019
2016-11-11 14:45:00,262.07,262.2,261.46,261.6012,16285
2016-11-11 15:00:00,261.54,261.78,261.23,261.323,18120
2016-11-11 15:15:00,261.31,262.26,261.31,261.99,31148
2016-11-11 15:30:00,262.1,262.31,261.84,262.245,41909
2016-11-11 15:45:00,262.26,262.61,262.245,262.42,43416
2016-11-11 16:00:00,262.3574,262.99,262.33,262.8,77892
2016-11-14 09:45:00,263.16,264.03,262.19,262.95,91105
2016-11-14 10:00:00,262.965,263.49,262.05,263.02,60469
2016-11-14 10:15:00,263.23,263.505,262.54,262.945,53349
2016-11-14 10:30:00,262.88,263.06,261.88,262.3,20480
2016-11-14 10:45:00,262.28,262.88,261.94,262.88,33446
2016-11-14 11:00:00,262.68,262.86,262.17,262.31,61935
2016-11-14 11:15:00,262.33,262.66,261.035,261.28,65466
2016-11-14 11:30:00,261.31,262.85,261.11,262.01,102978
2016-11-14 11:45:00,261.84,263.05,261.67,262.925,33441
2016-11-14 12:00:00,262.925,263.255,262.6525,262.89,25248
2016-11-14 12:15:00,262.895,263.07,261.92,261.97,27391
2016-11-14 12:30:00,262.065,262.32,261.775,261.98,70350
2016-11-14 12:45:00,262.06,263.23,261.85,263.23,37594
2016-11-14 13:00:00,263.15,263.95,263.13,263.82,29801
2016-11-14 13:15:00,263.88,263.98,263.22,263.42,19618
2016-11-14 13:30:00,263.49,263.98,263.49,263.79,35285
2016-11-14 13:45:00,263.94,264.17,263.34,263.565,22983
2016-11-14 14:00:00,263.54,263.86,263.25,263.5,19958
2016-11-14 14:15:00,263.505,263.78,263.28,263.28,25645
2016-11-14 14:30:00,263.37,263.63,262.81,262.995,41495
2016-11-14 14:45:00,262.97,263.04,262.59,262.67,36150
2016-11-14 15:00:00,262.64,263.25,262.59,263.21,38483
2016-11-14 15:15:00,263.17,263.47,263.17,263.25,33673
2016-11-14 15:30:00,263.3,263.35,262.8,262.87,30799
2016-11-14 15:45:00,262.87,263.09,262.49,262.51,38338
2016-11-14 16:00:00,262.47,262.51,262.0,262.13,145316
2016-11-15 09:45:00,268.11,269.21,263.41,266.065,84687
2016-11-15 10:00:00,266.0,268.01,266.0,266.75,61703
2016-11-15 10:15:00,266.705,267.59,266.45,266.99,70505
2016-11-15 10:30:00,266.94,267.985,266.59,267.48,48426
2016-11-15 10:45:00,267.45,267.78,266.77,266.96,64214
2016-11-15 11:00:00,266.96,267.77,266.81,267.56,25233
2016-11-15 11:15:00,267.52,267.62,266.0,266.12,16323
2016-11-15 11:30:00,266.2639,266.445,265.7,266.19,14116
2016-11-15 11:45:00,266.1575,266.55,265.685,266.06,16380
2016-11-15 12:00:00,266.06,266.24,265.84,266.24,22440
2016-11-15 12:15:00,266.2399,266.2399,265.6,265.76,18741
2016-11-15 12:30:00,265.64,266.1,265.4305,265.9,24174
2016-11-15 12:45:00,265.86,267.02,265.86,266.69,25861
2016-11-15 13:00:00,266.68,266.82,266.22,266.27,22744
2016-11-15 13:15:00,266.27,267.135,266.26,266.52,20183
2016-11-15 13:30:00,266.45,266.56,266.12,266.34,16176
2016-11-15 13:45:00,266.33,266.71,266.07,266.55,18480
2016-11-15 14:00:00,266.51,266.57,266.07,266.23,18867
2016-11-15 14:15:00,266.16,266.31,265.79,265.94,32227
2016-11-15 14:30:00,266.01,266.13,265.63,265.6301,14271
2016-11-15 14:45:00,265.73,265.9,265.41,265.635,18918
2016-11-15 15:00:00,265.72,266.27,265.4,266.215,21643
2016-11-15 15:15:00,266.2,266.3,265.91,266.3,12281
2016-11-15 15:30:00,266.25,267.53,266.24,267.53,53500
2016-11-15 15:45:00,267.53,268.48,267.45,268.07,96311
2016-11-15 16:00:00,268.0,268.27,267.64,268.05,91122
2016-11-16 09:45:00,267.14,267.985,266.06,266.45,26582
2016-11-16 10:00:00,266.46,267.66,265.75,267.05,27516
2016-11-16 10:15:00,266.805,268.0,266.805,267.13,20087
2016-11-16 10:30:00,267.145,267.15,266.2,266.2,23633
2016-11-16 10:45:00,266.235,266.35,265.81,266.14,45972
2016-11-16 11:00:00,266.14,266.75,265.97,266.75,25002
2016-11-16 11:15:00,266.57,266.99,266.52,266.63,17831
2016-11-16 11:30:00,266.49,266.88,266.42,266.88,13780
2016-11-16 11:45:00,266.91,267.23,266.715,266.79,17566
2016-11-16 12:00:00,266.77,266.99,266.57,266.57,12606
2016-11-16 12:15:00,266.52,266.57,266.06,266.17,13414
2016-11-16 12:30:00,266.22,266.42,265.9,265.99,15875
2016-11-16 12:45:00,265.96,266.27,265.56,266.27,20005
2016-11-16 13:00:00,266.28,266.81,266.08,266.76,13959
2016-11-16 13:15:00,266.695,266.9,266.47,266.9,10700
2016-11-16 13:30:00,266.9434,266.99,266.71,266.94,8381
2016-11-16 13:45:00,266.92,267.625,266.875,267.6125,11997
2016-11-16 14:00:00,267.565,267.7,267.42,267.63,11195
2016-11-16 14:15:00,267.65,268.78,267.65,268.73,28400
2016-11-16 14:30:00,268.77,269.01,268.7,268.915,20549
2016-11-16 14:45:00,268.8,269.31,268.67,269.13,16513
2016-11-16 15:00:00,269.01,269.61,269.01,269.325,51652
2016-11-16 15:15:00,269.31,269.595,269.275,269.35,20134
2016-11-16 15:30:00,269.2,269.49,269.18,269.49,28097
2016-11-16 15:45:00,269.47,269.84,269.44,269.69,39747
2016-11-16 16:00:00,269.675,269.98,269.56,269.9,82625
2016-11-17 09:45:00,268.38,271.17,267.95,269.76,45551
2016-11-17 10:00:00,269.97,270.09,268.9,269.92,60546
2016-11-17 10:15:00,269.97,270.61,269.92,270.2225,23482
2016-11-17 10:30:00,270.17,270.18,268.95,269.0,29195
2016-11-17 10:45:00,269.11,270.06,268.57,269.77,21848
2016-11-17 11:00:00,269.77,269.96,269.36,269.36,38347
2016-11-17 11:15:00,269.37,269.61,269.12,269.33,17239
2016-11-17 11:30:00,269.335,269.8,269.335,269.59,9358
2016-11-17 11:45:00,269.53,269.88,269.53,269.62,9076
2016-11-17 12:00:00,269.63,269.65,269.2601,269.34,11023
2016-11-17 12:15:00,269.47,270.06,269.46,270.06,10774
2016-11-17 12:30:00,269.98,271.025,269.97,270.84,12099
2016-11-17 12:45:00,270.95,271.3,270.935,271.1,5777
2016-11-17 13:00:00,271.25,271.25,270.77,271.19,43730
2016-11-17 13:15:00,271.13,271.2,270.92,271.2,7073
2016-11-17 13:30:00,271.13,271.44,271.09,271.105,7007
2016-11-17 13:45:00,271.17,272.11,271.145,271.935,48215
2016-11-17 14:00:00,272.03,272.29,271.95,272.165,12829
2016-11-17 14:15:00,272.09,272.26,271.95,272.09,20200
2016-11-17 14:30:00,272.07,272.07,271.7523,271.84,11043
2016-11-17 14:45:00,271.89,271.89,271.53,271.71,13340
2016-11-17 15:00:00,271.63,271.675,271.0,271.495,28128
2016-11-17 15:15:00,271.495,271.83,271.31,271.69,16827
2016-11-17 15:30:00,271.64,271.7,271.05,271.4,25672
2016-11-17 15:45:00,271.44,271.53,271.16,271.4258,46423
2016-11-17 16:00:00,271.37,271.48,270.91,270.98,74750
2016-11-18 09:45:00,269.75,271.37,269.75,271.03,64598
2016-11-18 10:00:00,271.15,271.56,270.72,271.07,26736
2016-11-18 10:15:00,270.93,272.19,270.93,272.03,22420
2016-11-18 10:30:00,271.96,272.01,270.9,270.9,13253
2016-11-18 10:45:00,271.0899,271.0899,269.72,269.72,34466
2016-11-18 11:00:00,269.7,269.795,268.97,269.42,20704
2016-11-18 11:15:00,269.53,269.53,268.3,268.43,17659
2016-11-18 11:30:00,268.31,268.39,267.75,267.83,36463
2016-11-18 11:45:00,267.79,267.885,267.39,267.39,25279
2016-11-18 12:00:00,267.42,267.43,266.93,266.96,26854
2016-11-18 12:15:00,266.92,266.95,266.66,266.83,8390
2016-11-18 12:30:00,266.9,266.97,266.4,266.48,22002
2016-11-18 12:45:00,266.48,266.5,265.39,265.62,49723
2016-11-18 13:00:00,265.59,265.9,265.53,265.6,10520
2016-11-18 13:15:00,265.59,265.62,265.15,265.54,20280
2016-11-18 13:30:00,265.555,265.64,265.37,265.41,10930
2016-11-18 13:45:00,265.39,265.58,264.92,265.52,26922
2016-11-18 14:00:00,265.55,265.55,265.24,265.27,13001
2016-11-18 14:15:00,265.37,265.59,265.36,265.56,20637
2016-11-18 14:30:00,265.55,265.66,265.47,265.51,21010
2016-11-18 14:45:00,265.53,266.115,265.49,266.11,15587
2016-11-18 15:00:00,266.1,266.34,265.85,266.3,12455
2016-11-18 15:15:00,266.27,266.41,265.78,265.88,18846
2016-11-18 15:30:00,265.93,266.25,265.81,266.04,15044
2016-11-18 15:45:00,266.09,266.24,265.98,266.24,16837
2016-11-18 16:00:00,266.24,266.24,265.6,265.77,93661
2016-11-21 09:45:00,265.75,266.5,265.575,266.105,44699
2016-11-21 10:00:00,266.28,267.68,265.89,266.05,41755
2016-11-21 10:15:00,265.92,267.075,265.92,267.03,18053
2016-11-21 10:30:00,267.17,267.3,266.69,266.97,30847
2016-11-21 10:45:00,266.97,268.42,266.9,268.42,44460
2016-11-21 11:00:00,268.42,269.38,268.41,269.17,24497
2016-11-21 11:15:00,269.22,269.28,268.12,268.38,22228
2016-11-21 11:30:00,268.325,268.85,267.81,267.91,30384
2016-11-21 11:45:00,267.99,268.73,267.99,268.73,12316
2016-11-21 12:00:00,268.8,270.43,268.8,270.43,38468
2016-11-21 12:15:00,270.36,270.67,269.95,270.135,35347
2016-11-21 12:30:00,270.05,270.32,269.72,269.785,13873
2016-11-21 12:45:00,269.785,270.3,269.78,270.12,26936
2016-11-21 13:00:00,270.22,270.3,270.0,270.16,13192
2016-11-21 13:15:00,270.108,270.28,270.01,270.06,7264
2016-11-21 13:30:00,270.06,270.3,269.88,270.23,18854
2016-11-21 13:45:00,270.27,270.31,270.1,270.155,11730
2016-11-21 14:00:00,270.2,270.37,270.09,270.345,7738
2016-11-21 14:15:00,270.23,270.39,270.05,270.11,7329
2016-11-21 14:30:00,270.09,270.32,270.0,270.07,14706
2016-11-21 14:45:00,270.065,270.23,270.0,270.2066,13043
2016-11-21 15:00:00,270.24,270.38,270.05,270.05,26774
2016-11-21 15:15:00,270.12,270.3,270.07,270.16,8921
2016-11-21 15:30:00,270.21,270.22,270.03,270.14,12460
2016-11-21 15:45:00,270.19,270.27,270.03,270.15,14992
2016-11-21 16:00:00,270.11,270.18,269.88,270.01,75261
2016-11-22 09:45:00,271.68,272.45,270.325,271.7,57035
2016-11-22 10:00:00,271.61,271.61,270.065,271.4,35094
2016-11-22 10:15:00,271.49,272.31,271.18,271.69,15412
2016-11-22 10:30:00,271.635,271.89,270.82,271.055,18683
2016-11-22 10:45:00,271.13,271.87,270.93,271.74,38061
2016-11-22 11:00:00,271.75,271.91,271.37,271.75,65119
2016-11-22 11:15:00,271.75,272.44,271.39,271.6905,80888
2016-11-22 11:30:00,271.75,272.69,271.6,272.35,15253
2016-11-22 11:45:00,272.3484,272.48,271.71,271.7985,11477
2016-11-22 12:00:00,271.89,272.78,271.885,272.57,17176
2016-11-22 12:15:00,272.6032,272.82,272.07,272.4,7523
2016-11-22 12:30:00,272.34,272.615,272.21,272.31,9760
2016-11-22 12:45:00,272.3,273.64,272.3,273.38,30857
2016-11-22 13:00:00,273.64,273.8399,273.3189,273.8,6813
2016-11-22 13:15:00,273.7344,274.11,273.6,273.665,8801
2016-11-22 13:30:00,273.79,274.17,273.68,273.69,8636
2016-11-22 13:45:00,273.83,273.88,273.44,273.63,5069
2016-11-22 14:00:00,273.71,274.0,273.67,273.84,7051
2016-11-22 14:15:00,273.77,273.79,273.61,273.67,3087
2016-11-22 14:30:00,273.75,273.75,273.445,273.52,8450
2016-11-22 14:45:00,273.503,274.17,273.503,274.13,7001
2016-11-22 15:00:00,274.27,274.42,274.05,274.1316,18646
2016-11-22 15:15:00,274.2,274.2,273.94,274.17,12290
2016-11-22 15:30:00,274.09,274.8,274.09,274.8,23196
2016-11-22 15:45:00,274.79,275.17,274.75,275.03,29906
2016-11-22 16:00:00,275.05,275.12,274.89,275.02,62078
2016-11-23 09:45:00,275.29,277.69,273.4,276.46,80403
2016-11-23 10:00:00,276.41,276.62,274.68,275.28,31376
2016-11-23 10:15:00,275.28,275.79,275.06,275.4168,13050
2016-11-23 10:30:00,275.55,275.8,274.86,274.975,14965
2016-11-23 10:45:00,275.0,275.89,274.78,275.33,40513
2016-11-23 11:00:00,275.28,275.64,275.0,275.56,19396
2016-11-23 11:15:00,275.56,276.25,275.39,276.25,29308
2016-11-23 11:30:00,276.26,276.26,275.35,275.67,30365
2016-11-23 11:45:00,275.68,275.97,275.42,275.885,12258
2016-11-23 12:00:00,275.77,275.77,275.08,275.41,8151
2016-11-23 12:15:00,275.325,275.61,274.86,274.95,16851
2016-11-23 12:30:00,274.8,275.1,274.71,274.814,12747
2016-11-23 12:45:00,274.75,275.13,274.67,275.12,23569
2016-11-23 13:00:00,275.11,275.15,274.585,274.585,18092
2016-11-23 13:15:00,274.5813,274.81,274.48,274.72,9365
2016-11-23 13:30:00,274.765,275.1,274.73,274.95,12618
2016-11-23 13:45:00,274.9,275.01,274.37,274.49,9154
2016-11-23 14:00:00,274.485,274.485,274.03,274.15,14740
2016-11-23 14:15:00,274.22,275.18,274.22,274.855,19402
2016-11-23 14:30:00,274.855,275.1,274.7,275.03,26130
2016-11-23 14:45:00,275.06,275.13,274.81,274.97,12506
2016-11-23 15:00:00,274.93,275.2,274.91,275.13,23893
2016-11-23 15:15:00,275.09,275.14,274.9,275.1,36440
2016-11-23 15:30:00,275.1,275.475,275.07,275.29,23253
2016-11-23 15:45:00,275.32,275.79,275.25,275.76,19390
2016-11-23 16:00:00,275.76,275.87,275.39,275.47,74003
2016-11-25 09:45:00,275.0,277.85,274.925,277.55,27698
2016-11-25 10:00:00,277.45,278.94,277.03,278.13,15568
2016-11-25 10:15:00,278.36,278.39,276.75,276.91,8600
2016-11-25 10:30:00,276.84,278.7,276.84,278.7,24616
2016-11-25 10:45:00,278.88,279.0,277.98,278.38,11223
2016-11-25 11:00:00,278.38,278.41,277.79,278.38,14522
2016-11-25 11:15:00,278.34,278.34,277.13,277.28,16097
2016-11-25 11:30:00,277.27,277.74,277.13,277.43,7784
2016-11-25 11:45:00,277.41,278.29,277.3376,278.03,16162
2016-11-25 12:00:00,278.13,278.37,277.94,278.32,8385
2016-11-25 12:15:00,278.2873,278.38,277.86,277.91,17208
2016-11-25 12:30:00,277.84,278.02,277.67,277.88,11955
2016-11-25 12:45:00,277.9,277.95,277.17,277.52,15220
2016-11-25 13:00:00,277.61,277.63,276.11,276.55,46420
2016-11-25 13:15:00,276.61,276.6606,276.42,276.6606,18606
2016-11-25 13:30:00,276.61,276.61,276.61,276.61,0
2016-11-25 13:45:00,276.61,276.61,276.61,276.61,248
2016-11-25 16:00:00,278.4,278.99,278.07,278.99,300
2016-11-28 09:45:00,276.71,279.36,275.8,276.3,15110
2016-11-28 10:00:00,276.13,276.33,275.66,275.99,8827
2016-11-28 10:15:00,275.97,276.38,275.74,275.93,7475
2016-11-28 10:30:00,275.94,276.29,275.01,275.31,13239
2016-11-28 10:45:00,275.3216,275.71,274.87,274.87,10440
2016-11-28 11:00:00,275.02,275.38,274.8,275.38,17049
2016-11-28 11:15:00,275.52,275.55,274.87,275.05,13097
2016-11-28 11:30:00,275.31,275.66,275.14,275.14,9626
2016-11-28 11:45:00,275.2,275.65,275.08,275.44,5601
2016-11-28 12:00:00,275.52,275.52,275.0001,275.0001,3637
2016-11-28 12:15:00,275.2,275.31,275.03,275.08,5540
2016-11-28 12:30:00,275.05,275.29,275.05,275.22,7456
2016-11-28 12:45:00,275.23,275.46,275.1,275.14,4406
2016-11-28 13:00:00,275.07,275.18,275.0,275.02,4316
2016-11-28 13:15:00,275.01,275.18,274.9,274.91,36424
2016-11-28 13:30:00,274.9,275.4,274.9,275.14,6176
2016-11-28 13:45:00,275.12,275.12,274.93,275.06,3339
2016-11-28 14:00:00,275.06,275.26,275.0,275.21,5818
2016-11-28 14:15:00,275.24,275.54,275.24,275.31,6100
2016-11-28 14:30:00,275.41,275.59,275.33,275.33,4400
2016-11-28 14:45:00,275.3,275.54,275.05,275.13,6342
2016-11-28 15:00:00,275.2,275.57,275.0,275.33,20385
2016-11-28 15:15:00,275.37,275.655,275.11,275.38,18629
2016-11-28 15:30:00,275.46,275.55,275.0,275.01,12539
2016-11-28 15:45:00,275.01,275.1997,274.81,274.8275,17487
2016-11-28 16:00:00,274.825,274.86,274.38,274.635,79229
2016-11-29 09:45:00,274.63,276.3,274.335,275.93,42593
2016-11-29 10:00:00,275.83,275.83,275.0,275.44,7934
2016-11-29 10:15:00,275.74,276.56,275.66,276.55,12035
2016-11-29 10:30:00,276.47,277.56,276.43,277.12,63307
2016-11-29 10:45:00,277.35,277.72,277.16,277.72,11132
2016-11-29 11:00:00,277.79,278.205,277.6753,277.99,19090
2016-11-29 11:15:00,277.9,277.97,277.08,277.19,19259
2016-11-29 11:30:00,277.26,277.41,277.04,277.28,15327
2016-11-29 11:45:00,277.315,277.41,277.06,277.21,13410
2016-11-29 12:00:00,277.235,277.31,276.8,276.84,7732
2016-11-29 12:15:00,276.94,277.03,276.35,276.35,10252
2016-11-29 12:30:00,276.52,276.61,276.14,276.14,6048
2016-11-29 12:45:00,276.1856,276.63,276.11,276.44,11963
2016-11-29 13:00:00,276.6,276.855,276.46,276.8439,13456
2016-11-29 13:15:00,276.805,276.805,276.56,276.69,20111
2016-11-29 13:30:00,276.66,276.66,275.8318,275.87,6012
2016-11-29 13:45:00,275.9,275.97,275.3,275.3,5837
2016-11-29 14:00:00,275.3,275.72,275.28,275.645,5770
2016-11-29 14:15:00,275.63,275.77,275.57,275.683,6277
2016-11-29 14:30:00,275.8,275.89,275.43,275.49,6371
2016-11-29 14:45:00,275.5,275.62,275.4,275.54,6132
2016-11-29 15:00:00,275.55,275.69,275.37,275.63,6645
2016-11-29 15:15:00,275.65,275.65,275.37,275.55,7334
2016-11-29 15:30:00,275.54,275.75,275.45,275.71,10473
2016-11-29 15:45:00,275.59,275.7,275.2116,275.2116,14413
2016-11-29 16:00:00,275.19,275.56,275.15,275.5,32427
2016-11-30 09:45:00,275.72,276.44,274.77,274.93,35032
2016-11-30 10:00:00,275.21,275.85,274.55,275.1,21469
2016-11-30 10:15:00,275.23,275.42,274.79,275.31,17240
2016-11-30 10:30:00,275.36,275.36,274.14,274.53,36071
2016-11-30 10:45:00,274.65,275.11,274.49,274.938,27726
2016-11-30 11:00:00,274.85,275.37,274.7401,275.27,6800
2016-11-30 11:15:00,275.19,275.915,275.0,275.16,46428
2016-11-30 11:30:00,275.16,275.595,274.83,275.05,29974
2016-11-30 11:45:00,275.0099,275.77,274.83,275.52,11303
2016-11-30 12:00:00,275.46,275.56,274.85,275.0,9946
2016-11-30 12:15:00,275.05,275.32,274.87,275.26,8424
2016-11-30 12:30:00,275.17,275.31,275.04,275.25,4623
2016-11-30 12:45:00,275.33,275.33,274.5,274.87,7039
2016-11-30 13:00:00,274.84,274.98,274.67,274.86,6725
2016-11-30 13:15:00,274.84,274.86,274.44,274.81,16529
2016-11-30 13:30:00,274.65,275.18,274.44,275.18,3500
2016-11-30 13:45:00,275.08,275.08,274.72,274.89,8049
2016-11-30 14:00:00,274.81,275.21,274.8,275.21,10401
2016-11-30 14:15:00,275.31,275.31,274.81,274.81,6639
2016-11-30 14:30:00,274.71,274.93,274.54,274.77,14349
2016-11-30 14:45:00,274.7,274.94,274.5,274.94,16713
2016-11-30 15:00:00,274.85,274.95,274.67,274.75,12484
2016-11-30 15:15:00,274.8,274.97,274.53,274.81,11908
2016-11-30 15:30:00,274.8,275.03,274.72,275.0,14839
2016-11-30 15:45:00,274.92,275.37,274.83,275.28,38167
2016-11-30 16:00:00,275.3,275.54,274.45,274.5,144824
2016-12-01 09:45:00,273.62,275.365,273.421,275.265,41421
2016-12-01 10:00:00,275.07,276.1,275.0,275.96,25973
2016-12-01 10:15:00,275.8925,276.19,275.67,275.67,7871
2016-12-01 10:30:00,275.56,275.58,274.72,275.45,25358
2016-12-01 10:45:00,275.4,276.11,275.05,275.05,15879
2016-12-01 11:00:00,275.04,275.53,275.0,275.35,11129
2016-12-01 11:15:00,275.28,275.4,274.91,275.02,13205
2016-12-01 11:30:00,275.01,275.59,274.68,275.37,36547
2016-12-01 11:45:00,275.27,275.27,274.7,274.74,12318
2016-12-01 12:00:00,274.79,274.97,274.55,274.81,10231
2016-12-01 12:15:00,274.915,275.07,274.78,274.95,7900
2016-12-01 12:30:00,274.905,274.98,274.56,274.73,9950
2016-12-01 12:45:00,274.81,274.93,273.96,273.96,13295
2016-12-01 13:00:00,273.9505,274.0091,273.02,273.31,15277
2016-12-01 13:15:00,273.33,273.575,273.27,273.42,9808
2016-12-01 13:30:00,273.36,273.61,273.36,273.51,10238
2016-12-01 13:45:00,273.44,273.575,273.29,273.41,11552
2016-12-01 14:00:00,273.55,273.61,273.39,273.52,10100
2016-12-01 14:15:00,273.39,273.65,273.39,273.48,29305
2016-12-01 14:30:00,273.45,273.45,272.935,273.29,14219
2016-12-01 14:45:00,273.36,273.54,273.23,273.54,9731
2016-12-01 15:00:00,273.545,273.59,273.14,273.2,22051
2016-12-01 15:15:00,273.21,273.58,273.21,273.52,13612
2016-12-01 15:30:00,273.6,273.75,272.94,272.95,28605
2016-12-01 15:45:00,272.94,273.07,272.71,272.82,46520
2016-12-01 16:00:00,272.81,273.19,272.42,273.06,85859
2016-12-02 09:45:00,273.27,275.36,273.18,274.825,60938
2016-12-02 10:00:00,274.835,275.03,274.195,274.54,27872
2016-12-02 10:15:00,274.54,274.67,273.66,273.79,58219
2016-12-02 10:30:00,273.91,273.92,272.27,272.46,32018
2016-12-02 10:45:00,272.47,273.12,272.17,273.12,24536
2016-12-02 11:00:00,273.25,273.62,272.9,273.33,21243
2016-12-02 11:15:00,273.3006,274.075,273.3006,274.005,18028
2016-12-02 11:30:00,274.0,274.25,273.84,274.25,10400
2016-12-02 11:45:00,274.43,274.55,273.8803,274.19,11458
2016-12-02 12:00:00,274.0951,274.33,274.03,274.09,9637
2016-12-02 12:15:00,274.08,274.46,274.05,274.4022,16592
2016-12-02 12:30:00,274.305,274.8055,274.305,274.54,17686
2016-12-02 12:45:00,274.51,274.83,274.39,274.66,13979
2016-12-02 13:00:00,274.6,274.645,274.24,274.37,9500
2016-12-02 13:15:00,274.28,274.5,273.89,274.02,15038
2016-12-02 13:30:00,274.08,274.1,273.84,274.03,3800
2016-12-02 13:45:00,273.99,274.28,273.99,274.16,9000
2016-12-02 14:00:00,274.25,274.26,273.949,273.97,6847
2016-12-02 14:15:00,274.09,274.21,273.97,274.06,16631
2016-12-02 14:30:00,274.09,274.23,273.93,274.23,10247
2016-12-02 14:45:00,274.2,274.5,274.17,274.43,10998
2016-12-02 15:00:00,274.44,274.668,274.3153,274.53,28195
2016-12-02 15:15:00,274.53,274.73,274.53,274.595,18113
2016-12-02 15:30:00,274.64,274.64,274.03,274.27,15770
2016-12-02 15:45:00,274.32,274.67,274.18,274.42,23364
2016-12-02 16:00:00,274.42,274.55,273.77,273.94,56266
2016-12-05 09:45:00,274.45,276.33,274.43,275.94,45928
2016-12-05 10:00:00,276.23,276.42,275.02,276.12,16626
2016-12-05 10:15:00,276.32,277.33,276.0596,276.28,28018
2016-12-05 10:30:00,276.04,276.07,275.5,275.82,9603
2016-12-05 10:45:00,275.98,276.63,275.71,276.63,17213
2016-12-05 11:00:00,276.44,276.63,275.88,276.3,13177
2016-12-05 11:15:00,276.14,276.4,275.83,276.34,17208
2016-12-05 11:30:00,276.36,277.08,276.26,277.08,12025
2016-12-05 11:45:00,277.08,277.56,277.048,277.095,24044
2016-12-05 12:00:00,277.185,277.81,277.07,277.48,16952
2016-12-05 12:15:00,277.37,277.78,277.135,277.6,9912
2016-12-05 12:30:00,277.59,277.64,277.175,277.5,23642
2016-12-05 12:45:00,277.49,277.77,277.31,277.5,15628
2016-12-05 13:00:00,277.44,277.69,277.13,277.65,24931
2016-12-05 13:15:00,277.5,277.59,276.97,277.05,29683
2016-12-05 13:30:00,277.02,277.02,276.23,276.49,7400
2016-12-05 13:45:00,276.6,276.74,276.145,276.72,12154
2016-12-05 14:00:00,276.8,277.35,276.7038,276.885,18508
2016-12-05 14:15:00,276.87,277.3,276.51,276.53,11318
2016-12-05 14:30:00,276.52,276.9,276.43,276.86,15869
2016-12-05 14:45:00,276.84,277.1,276.63,276.89,15402
2016-12-05 15:00:00,276.84,277.0,276.77,276.82,16148
2016-12-05 15:15:00,276.82,277.03,276.735,276.92,33251
2016-12-05 15:30:00,276.97,277.02,276.59,276.82,42496
2016-12-05 15:45:00,276.795,276.88,276.24,276.705,43488
2016-12-05 16:00:00,276.75,276.855,276.33,276.475,134018
2016-12-06 09:45:00,277.51,277.51,276.015,276.4,14693
2016-12-06 10:00:00,276.325,277.34,276.14,276.9,13747
2016-12-06 10:15:00,276.88,277.57,276.655,276.655,5695
2016-12-06 10:30:00,276.94,276.99,276.06,276.62,12797
2016-12-06 10:45:00,276.83,277.265,276.67,277.08,14200
2016-12-06 11:00:00,276.99,277.21,276.73,277.15,14845
2016-12-06 11:15:00,277.02,277.065,276.725,276.89,13372
2016-12-06 11:30:00,276.82,277.31,276.75,277.1,8321
2016-12-06 11:45:00,277.035,277.09,276.7701,276.82,14341
2016-12-06 12:00:00,276.95,277.65,276.95,277.4505,18548
2016-12-06 12:15:00,277.6,278.18,277.4,278.16,11426
2016-12-06 12:30:00,278.17,278.4899,278.17,278.4899,6752
2016-12-06 12:45:00,278.5,278.7915,278.13,278.13,11422
2016-12-06 13:00:00,278.1,278.29,277.64,277.7,12582
2016-12-06 13:15:00,277.73,278.0,277.73,277.78,6600
2016-12-06 13:30:00,277.68,277.9,277.39,277.72,18081
2016-12-06 13:45:00,277.58,277.6568,277.27,277.529,7556
2016-12-06 14:00:00,277.46,277.65,277.27,277.52,4538
2016-12-06 14:15:00,277.42,277.54,277.08,277.22,8631
2016-12-06 14:30:00,277.19,277.34,276.82,277.17,39984
2016-12-06 14:45:00,277.23,277.6277,277.21,277.47,12729
2016-12-06 15:00:00,277.4504,278.03,277.4,277.97,8831
2016-12-06 15:15:00,278.0,278.1,277.8,277.85,6519
2016-12-06 15:30:00,277.91,277.98900000000003,277.54,277.54,7756
2016-12-06 15:45:00,277.47,277.6199,277.4,277.49,19191
2016-12-06 16:00:00,277.42,277.92,277.4,277.67,44558
2016-12-07 09:45:00,278.23,279.225,278.1,279.225,12688
2016-12-07 10:00:00,279.34,280.44,279.34,280.44,16408
2016-12-07 10:15:00,280.3,280.79,280.22,280.3,9224
2016-12-07 10:30:00,280.41,280.575,279.95,280.38,16609
2016-12-07 10:45:00,280.325,280.64,279.95,280.64,30289
2016-12-07 11:00:00,280.5,280.9351,280.14,280.63,48521
2016-12-07 11:15:00,280.53,281.835,280.4,281.42,24125
2016-12-07 11:30:00,281.36,281.72,280.88,281.2,8650
2016-12-07 11:45:00,281.265,281.84,281.07,281.795,13885
2016-12-07 12:00:00,281.765,282.72,281.69,282.468,12454
2016-12-07 12:15:00,282.52,282.58,282.01,282.27,11675
2016-12-07 12:30:00,282.27,283.2,282.18,282.95,14847
2016-12-07 12:45:00,282.94,283.12,282.81,282.92,7459
2016-12-07 13:00:00,282.91,283.0332,282.76,282.86,6982
2016-12-07 13:15:00,282.97,283.29,282.88,283.03,6919
2016-12-07 13:30:00,282.93,283.22,282.56,282.93,8912
2016-12-07 13:45:00,283.12,283.43,282.81,282.81,9165
2016-12-07 14:00:00,282.77,283.68,282.6,283.68,14190
2016-12-07 14:15:00,283.71,284.12,283.71,284.05,10105
2016-12-07 14:30:00,284.16,284.67,283.88,284.04,16530
2016-12-07 14:45:00,283.95,284.3,283.88,284.06,11850
2016-12-07 15:00:00,284.03,284.31,283.85,284.2158,13904
2016-12-07 15:15:00,284.29,284.52,284.0,284.52,18602
2016-12-07 15:30:00,284.58,285.26,284.58,285.13,20582
2016-12-07 15:45:00,285.0612,285.45,284.85,285.25,46914
2016-12-07 16:00:00,285.3,285.43,284.89,285.2,249369
2016-12-08 09:45:00,284.39,285.8386,284.36,284.6,22004
2016-12-08 10:00:00,284.76,284.76,283.1,283.1,20475
2016-12-08 10:15:00,283.14,283.28,282.17,282.18,25817
2016-12-08 10:30:00,282.19,282.2,281.61,281.86,33084
2016-12-08 10:45:00,281.76,282.0,281.35,281.79,42458
2016-12-08 11:00:00,281.68,281.8,280.45,280.9999,21444
2016-12-08 11:15:00,281.04,281.49,280.7,280.9253,22017
2016-12-08 11:30:00,280.925,281.3399,280.8301,281.3,22828
2016-12-08 11:45:00,281.25,281.25,279.895,280.075,12513
2016-12-08 12:00:00,280.14,280.16,279.095,279.38,34776
2016-12-08 12:15:00,279.2,279.33,278.75,279.3,17010
2016-12-08 12:30:00,279.33,279.42,278.665,279.0,15770
2016-12-08 12:45:00,278.97,278.97,278.55,278.78,45042
2016-12-08 13:00:00,278.7995,279.1,278.63,278.77,17168
2016-12-08 13:15:00,278.73,279.04,278.34,279.04,12420
2016-12-08 13:30:00,278.98,279.0572,278.24,278.29,16163
2016-12-08 13:45:00,278.37,279.99,278.37,279.9,16481
2016-12-08 14:00:00,279.91,280.11,279.68,279.99,15820
2016-12-08 14:15:00,280.0,280.27,279.78,279.78,24767
2016-12-08 14:30:00,279.77,279.82,278.9501,279.22,14050
2016-12-08 14:45:00,279.22,279.3,277.0,277.2,64450
2016-12-08 15:00:00,277.03,277.45,276.68,276.95,34452
2016-12-08 15:15:00,277.05,277.21,276.81,277.1,57387
2016-12-08 15:30:00,277.125,277.72,277.125,277.1701,43640
2016-12-08 15:45:00,277.18,277.59,277.18,277.55,23789
2016-12-08 16:00:00,277.565,277.59,277.16,277.31,65511
2016-12-09 09:45:00,276.94,277.67,275.92,275.92,20492
2016-12-09 10:00:00,276.1,277.16,276.1,276.85,9436
2016-12-09 10:15:00,276.77,276.84,275.335,276.3,19281
2016-12-09 10:30:00,276.29,276.29,274.47,274.56,34100
2016-12-09 10:45:00,274.67,274.76,273.69,273.73,35291
2016-12-09 11:00:00,273.9,274.2758,273.8,273.825,13677
2016-12-09 11:15:00,273.89,275.04,273.835,274.9905,24355
2016-12-09 11:30:00,274.9657,275.39,274.88,274.9,10960
2016-12-09 11:45:00,274.95,275.095,274.59,275.04,18114
2016-12-09 12:00:00,275.065,275.53,275.065,275.1,8536
2016-12-09 12:15:00,275.23,275.47,275.15,275.3,13665
2016-12-09 12:30:00,275.45,275.81,275.0,275.54,18051
2016-12-09 12:45:00,275.6588,275.75,275.48,275.48,4405
2016-12-09 13:00:00,275.58,275.67,275.36,275.58,13412
2016-12-09 13:15:00,275.555,276.21,275.54,276.06,11220
2016-12-09 13:30:00,275.99,275.99,275.75,275.8,6873
2016-12-09 13:45:00,275.81,275.875,275.33,275.33,10838
2016-12-09 14:00:00,275.32,275.75,275.31,275.55,10220
2016-12-09 14:15:00,275.455,276.02,275.4,275.74,11320
2016-12-09 14:30:00,275.78,275.96,275.69,275.71,11455
2016-12-09 14:45:00,275.65,275.94,275.65,275.895,8976
2016-12-09 15:00:00,275.94,276.29,275.89,276.195,8998
2016-12-09 15:15:00,276.19,276.24,275.89,276.07,15781
2016-12-09 15:30:00,276.05,276.52,276.05,276.52,15207
2016-12-09 15:45:00,276.51,276.6,275.78,275.885,17600
2016-12-09 16:00:00,275.9,276.09,275.8,275.96,44007
2016-12-12 09:45:00,275.56,276.25,274.3,274.81,27675
2016-12-12 10:00:00,274.73,275.4,274.48,274.6,11676
2016-12-12 10:15:00,274.42,275.84,274.42,275.58,8207
2016-12-12 10:30:00,275.62,276.26,275.58,275.94,3678
2016-12-12 10:45:00,275.94,276.89,275.91,275.94,13629
2016-12-12 11:00:00,276.01,276.3,275.78,276.1,28061
2016-12-12 11:15:00,275.99,276.34,275.77,275.9558,21622
2016-12-12 11:30:00,276.11,276.34,275.94,276.13,7178
2016-12-12 11:45:00,276.12,276.72,276.06,276.54,8889
2016-12-12 12:00:00,276.19,276.57,276.19,276.43,4575
2016-12-12 12:15:00,276.45,276.45,275.89,276.12,2700
2016-12-12 12:30:00,276.02,276.02,275.3,275.42,4300
2016-12-12 12:45:00,275.41,275.95,275.41,275.95,5278
2016-12-12 13:00:00,275.88,276.1,275.88,276.025,3802
2016-12-12 13:15:00,276.09,276.09,275.74,275.83,6008
2016-12-12 13:30:00,275.85,276.44,275.84,276.365,8609
2016-12-12 13:45:00,276.22,276.54,276.14,276.44,4605
2016-12-12 14:00:00,276.43,276.6,275.57,275.68,16884
2016-12-12 14:15:00,275.6,276.05,275.57,276.02,35947
2016-12-12 14:30:00,275.96,276.42,275.96,276.2,9424
2016-12-12 14:45:00,276.18,276.3472,275.93,276.3472,20658
2016-12-12 15:00:00,276.35,276.42,276.135,276.24,7476
2016-12-12 15:15:00,276.28,276.49,276.175,276.22,7559
2016-12-12 15:30:00,276.23,276.4,276.15,276.275,6417
2016-12-12 15:45:00,276.215,276.7,276.13,276.68,8321
2016-12-12 16:00:00,276.68,276.94,276.59,276.87,42615
2016-12-13 09:45:00,279.22,283.26,279.08,283.09,68337
2016-12-13 10:00:00,282.69,283.53,281.765,282.28,43734
2016-12-13 10:15:00,282.4443,282.51,280.79,280.91,25954
2016-12-13 10:30:00,280.88,281.97,280.61,281.615,30072
2016-12-13 10:45:00,281.62,282.24,281.46,282.18,15049
2016-12-13 11:00:00,282.13,282.89,282.13,282.75,21036
2016-12-13 11:15:00,282.63,283.48,282.56,283.36,12096
2016-12-13 11:30:00,283.47,283.48,282.72,283.29,16488
2016-12-13 11:45:00,283.3,283.36,283.08,283.22,8816
2016-12-13 12:00:00,283.2678,283.43,283.04,283.0411,11190
2016-12-13 12:15:00,283.21,283.49,282.745,282.76,11510
2016-12-13 12:30:00,282.85,283.07,282.65,282.82,14174
2016-12-13 12:45:00,282.78,282.88,282.58,282.789,14266
2016-12-13 13:00:00,282.69,282.93,282.5,282.6,10155
2016-12-13 13:15:00,282.5,282.69,282.44,282.67,12611
2016-12-13 13:30:00,282.68,283.01,282.6152,282.67,6452
2016-12-13 13:45:00,282.62,282.85,282.54,282.81,8704
2016-12-13 14:00:00,282.75,283.0,282.68,282.9501,8919
2016-12-13 14:15:00,282.97,283.04,282.7676,282.87,13040
2016-12-13 14:30:00,282.85,282.99,282.74,282.79,5413
2016-12-13 14:45:00,282.79,283.11,282.75,283.11,8911
2016-12-13 15:00:00,283.11,283.12,282.5,282.73,20388
2016-12-13 15:15:00,282.73,283.03,282.61,282.93,20055
2016-12-13 15:30:00,282.99,283.39,282.99,283.3,19890
2016-12-13 15:45:00,283.18,283.26,283.0,283.14,23104
2016-12-13 16:00:00,283.0,283.15,282.42,282.53,56611
2016-12-14 09:45:00,282.51,283.6853,281.86,282.55,32360
2016-12-14 10:00:00,282.52,283.6,281.95,282.065,20185
2016-12-14 10:15:00,282.14,282.15,280.43,280.81,22714
2016-12-14 10:30:00,280.7,281.37,280.6,281.14,10700
2016-12-14 10:45:00,281.15,281.15,280.06,280.25,8234
2016-12-14 11:00:00,280.26,280.26,278.87,278.88,15382
2016-12-14 11:15:00,278.94,279.15,278.05,278.17,12621
2016-12-14 11:30:00,277.95,278.38,277.86,278.03,10572
2016-12-14 11:45:00,278.11,278.25,277.85,277.97,8760
2016-12-14 12:00:00,278.115,278.47,277.72,277.85,12198
2016-12-14 12:15:00,278.01,278.53,278.01,278.4744,5311
2016-12-14 12:30:00,278.52,278.62,278.22,278.41,7292
2016-12-14 12:45:00,278.44,278.675,278.3,278.545,5891
2016-12-14 13:00:00,278.495,278.69,278.4,278.54,8294
2016-12-14 13:15:00,278.43,278.49,277.96,277.96,7326
2016-12-14 13:30:00,277.87,278.233,277.86,278.04,5400
2016-12-14 13:45:00,278.07,278.52,277.97,278.4,10494
2016-12-14 14:00:00,278.36,278.63,278.33,278.56,7533
2016-12-14 14:15:00,278.37,278.84,277.06,277.06,13239
2016-12-14 14:30:00,277.1,277.56,276.64,276.9349,17917
2016-12-14 14:45:00,277.09,278.2,277.06,277.88,11595
2016-12-14 15:00:00,277.905,278.1,277.0,277.1078,15183
2016-12-14 15:15:00,277.14,277.75,276.43,276.49,15375
2016-12-14 15:30:00,276.42,277.42,276.30400000000003,277.35,15388
2016-12-14 15:45:00,277.42,278.02,277.04,277.09,27420
2016-12-14 16:00:00,276.95,277.17,276.25,276.82,55363
2016-12-15 09:45:00,276.39,282.57,276.3,277.36,17347
2016-12-15 10:00:00,277.775,278.83,277.64,278.83,10565
2016-12-15 10:15:00,278.8623,279.72,278.395,279.3,24222
2016-12-15 10:30:00,279.3,279.69,279.22,279.22,12361
2016-12-15 10:45:00,279.34,279.4,278.985,279.2813,9702
2016-12-15 11:00:00,279.22,279.305,277.61,277.61,15692
2016-12-15 11:15:00,277.73,277.99,277.49,277.75,11923
2016-12-15 11:30:00,277.66,277.8,277.32,277.4201,22995
2016-12-15 11:45:00,277.43,277.58,275.87,275.87,22248
2016-12-15 12:00:00,275.82,276.36,275.805,276.1701,13513
2016-12-15 12:15:00,276.245,276.6,276.0503,276.11,18632
2016-12-15 12:30:00,276.194,276.39,276.14,276.2101,4165
2016-12-15 12:45:00,276.275,276.34,275.81,275.91,9197
2016-12-15 13:00:00,275.91,276.62,275.74,276.62,9520
2016-12-15 13:15:00,276.49,277.0,276.49,277.0,12650
2016-12-15 13:30:00,277.15,277.69,276.995,277.42,10933
2016-12-15 13:45:00,277.47,277.93,277.42,277.83,8990
2016-12-15 14:00:00,277.87,277.87,277.02,277.06,10514
2016-12-15 14:15:00,276.94,277.04,276.82,277.0,6629
2016-12-15 14:30:00,276.925,277.45,276.86,277.34,10024
2016-12-15 14:45:00,277.34,277.91,277.34,277.78,12651
2016-12-15 15:00:00,277.755,277.79,277.57,277.64,5580
2016-12-15 15:15:00,277.605,278.02,277.605,277.79,9781
2016-12-15 15:30:00,277.79,278.2,277.79,278.09,19598
2016-12-15 15:45:00,278.05,278.27,278.04,278.195,19279
2016-12-15 16:00:00,278.195,278.37,277.87,278.07,76190
2016-12-16 09:45:00,279.45,281.13,278.355,280.1,153431
2016-12-16 10:00:00,280.01,280.355,278.89,278.89,13212
2016-12-16 10:15:00,278.91,280.26,278.89,279.71,13038
2016-12-16 10:30:00,279.7697,280.31,279.7697,280.278,8329
2016-12-16 10:45:00,280.1685,280.26,279.75,280.15,13791
2016-12-16 11:00:00,280.15,280.28,279.26,279.31,16983
2016-12-16 11:15:00,279.21,279.25,278.82,278.97,15581
2016-12-16 11:30:00,279.0,279.32,278.97,279.145,10210
2016-12-16 11:45:00,279.07,279.59,279.04,279.26,8508
2016-12-16 12:00:00,279.32,279.84,279.32,279.82,7427
2016-12-16 12:15:00,279.915,280.01,279.79,279.89,6813
2016-12-16 12:30:00,279.79,279.99,279.74,279.99,5726
2016-12-16 12:45:00,279.99,280.08,279.675,279.675,6678
2016-12-16 13:00:00,279.675,279.69,279.415,279.42,4700
2016-12-16 13:15:00,279.38,279.46,279.26,279.44,6400
2016-12-16 13:30:00,279.47,279.47,278.71,278.73,5539
2016-12-16 13:45:00,278.72,279.0897,278.72,278.97,5722
2016-12-16 14:00:00,278.87,278.92,278.3638,278.75,7705
2016-12-16 14:15:00,278.79,279.09,278.77,278.99,6812
2016-12-16 14:30:00,278.98,279.0099,278.86,278.91,7331
2016-12-16 14:45:00,278.84,279.06,278.84,278.9,7532
2016-12-16 15:00:00,278.87,279.085,278.8,278.99,8834
2016-12-16 15:15:00,279.01,279.19,278.92,279.01,13788
2016-12-16 15:30:00,279.055,279.2797,278.96,279.2797,11680
2016-12-16 15:45:00,279.28,279.32,278.95,278.98,23573
2016-12-16 16:00:00,279.01,279.845,279.01,279.3,91719
2016-12-19 09:45:00,279.3,281.94,278.01,281.45,40052
2016-12-19 10:00:00,281.36,281.8,280.9,281.34,10309
2016-12-19 10:15:00,281.18,282.475,280.85,282.14,25464
2016-12-19 10:30:00,282.23,283.55,282.12,283.3,18754
2016-12-19 10:45:00,283.11,283.12,282.22,282.52,10673
2016-12-19 11:00:00,282.39,283.27,282.35,283.135,10271
2016-12-19 11:15:00,283.19,284.16,283.0762,283.69,16363
2016-12-19 11:30:00,283.52,284.13,283.52,283.85,15501
2016-12-19 11:45:00,283.91,283.99,282.9,282.9,5249
2016-12-19 12:00:00,282.92,283.177,282.37,282.77,6255
2016-12-19 12:15:00,282.78,283.48,282.655,283.34,11066
2016-12-19 12:30:00,283.33,283.77,283.285,283.33,6990
2016-12-19 12:45:00,283.39,283.75,283.25,283.68,5100
2016-12-19 13:00:00,283.8,283.9,283.52,283.76,16811
2016-12-19 13:15:00,283.74,283.76,283.39,283.69,29318
2016-12-19 13:30:00,283.71,283.95,283.68,283.95,13964
2016-12-19 13:45:00,283.89,283.96,283.55,283.75,25191
2016-12-19 14:00:00,283.64,283.82,283.4669,283.79,14409
2016-12-19 14:15:00,283.85,284.01,283.75,283.89,15088
2016-12-19 14:30:00,283.83,283.84,283.5,283.645,22992
2016-12-19 14:45:00,283.61,284.0,283.5,283.55,22391
2016-12-19 15:00:00,283.52,283.52,282.94,283.0,16519
2016-12-19 15:15:00,283.0,283.41,282.96,283.14,33544
2016-12-19 15:30:00,283.03,283.08,282.84,282.985,19317
2016-12-19 15:45:00,282.95,283.47,282.69,282.72,26024
2016-12-19 16:00:00,282.74,283.165,282.62,283.11,39275
2016-12-20 09:45:00,284.31,284.995,282.66,282.98,21116
2016-12-20 10:00:00,283.085,283.54,282.56,283.54,12410
2016-12-20 10:15:00,283.44,283.83,283.43,283.76,12867
2016-12-20 10:30:00,283.8,284.24,283.48,284.1,6542
2016-12-20 10:45:00,284.25,284.75,284.15,284.75,14218
2016-12-20 11:00:00,284.6101,285.32,284.61,284.94,17575
2016-12-20 11:15:00,284.42,284.65,284.1,284.3,11343
2016-12-20 11:30:00,284.22,285.14,284.22,284.945,8824
2016-12-20 11:45:00,284.88,284.99,284.45,284.47,13383
2016-12-20 12:00:00,284.62,285.0299,284.42,284.48,9241
2016-12-20 12:15:00,284.46,284.625,284.05,284.055,9978
2016-12-20 12:30:00,284.01,284.08,283.89,283.91,5572
2016-12-20 12:45:00,283.91,283.91,283.6,283.82,7585
2016-12-20 13:00:00,283.88,284.63,283.88,284.63,9834
2016-12-20 13:15:00,284.64,284.8787,284.51,284.77,9465
2016-12-20 13:30:00,284.68,284.79,284.49,284.55,6338
2016-12-20 13:45:00,284.55,284.63,284.37,284.37,8663
2016-12-20 14:00:00,284.37,285.35,284.37,285.23,11610
2016-12-20 14:15:00,285.33,285.71,285.33,285.4246,5877
2016-12-20 14:30:00,285.43,285.67,285.42,285.42,5961
2016-12-20 14:45:00,285.485,285.63,285.2,285.37,8913
2016-12-20 15:00:00,285.375,285.53,285.26,285.31,13175
2016-12-20 15:15:00,285.32,285.39,284.96,284.96,5853
2016-12-20 15:30:00,285.01,285.09,284.67,285.01,11244
2016-12-20 15:45:00,285.01,285.22,285.01,285.09,11478
2016-12-20 16:00:00,285.09,285.21,284.99,285.14,30456
2016-12-21 09:45:00,285.0,285.1,283.78,285.08,14285
2016-12-21 10:00:00,284.89,285.39,284.64,285.095,16404
2016-12-21 10:15:00,285.3014,286.46,285.11,286.46,17826
2016-12-21 10:30:00,286.4399,286.57,285.34,285.365,11245
2016-12-21 10:45:00,285.39,286.4799,285.23,286.3463,25273
2016-12-21 11:00:00,286.41,286.41,285.4501,285.72,7371
2016-12-21 11:15:00,285.62,285.62,284.585,284.61,17386
2016-12-21 11:30:00,284.55,285.24,284.51,285.24,8886
2016-12-21 11:45:00,285.01,285.59,284.91,285.49,14282
2016-12-21 12:00:00,285.42,285.42,284.635,284.89,3388
2016-12-21 12:15:00,284.87,285.37,284.66,285.2,9438
2016-12-21 12:30:00,285.24,285.95,285.24,285.95,7110
2016-12-21 12:45:00,285.95,285.95,285.47,285.76,7146
2016-12-21 13:00:00,285.63,285.76,285.32,285.46,5600
2016-12-21 13:15:00,285.5,285.71,285.295,285.71,5967
2016-12-21 13:30:00,285.5,285.73,285.25,285.36,11348
2016-12-21 13:45:00,285.36,285.44,285.13,285.13,4367
2016-12-21 14:00:00,285.13,285.37,285.13,285.37,4515
2016-12-21 14:15:00,285.3,285.45,285.21,285.39,6255
2016-12-21 14:30:00,285.36,285.44,285.28,285.36,8447
2016-12-21 14:45:00,285.33,285.85,285.26,285.7774,12244
2016-12-21 15:00:00,285.81,285.87,285.44,285.64,11618
2016-12-21 15:15:00,285.67,285.78,285.64,285.77,10352
2016-12-21 15:30:00,285.75,285.75,285.39,285.57,12029
2016-12-21 15:45:00,285.57,285.68,285.41,285.46,23126
2016-12-21 16:00:00,285.43,285.57,285.25,285.54,43893
2016-12-22 09:45:00,285.28,285.405,283.52,284.3793,17613
2016-12-22 10:00:00,284.55,285.09,283.66,283.98,12130
2016-12-22 10:15:00,283.99,284.45,283.85,284.45,77803
2016-12-22 10:30:00,284.33,285.101,284.26,284.86,22138
2016-12-22 10:45:00,284.89,285.26,284.715,285.15,31821
2016-12-22 11:00:00,285.09,285.15,283.7875,284.0,16585
2016-12-22 11:15:00,283.99,284.21,283.26,283.465,18633
2016-12-22 11:30:00,283.51,283.67,282.77,282.86,22965
2016-12-22 11:45:00,282.89,283.12,282.65,283.04,16053
2016-12-22 12:00:00,283.02,283.09,282.57,282.73,15747
2016-12-22 12:15:00,282.65,282.93,282.52,282.83,11391
2016-12-22 12:30:00,282.82,283.19,282.73,283.18,4347
2016-12-22 12:45:00,283.23,283.52,283.21,283.44,10850
2016-12-22 13:00:00,283.36,283.83,283.3,283.66,5712
2016-12-22 13:15:00,283.66,283.73,283.45,283.46,3743
2016-12-22 13:30:00,283.535,283.6,283.38,283.38,55400
2016-12-22 13:45:00,283.46,283.46,282.71,282.92,6797
2016-12-22 14:00:00,282.93,283.13,282.75,283.12,66377
2016-12-22 14:15:00,283.035,283.37,282.975,283.19,7223
2016-12-22 14:30:00,283.28,283.55,283.26,283.33,5803
2016-12-22 14:45:00,283.43,284.26,283.43,284.08,9827
2016-12-22 15:00:00,284.12,284.24,283.79,283.84,8674
2016-12-22 15:15:00,283.79,283.96,283.04,283.145,16499
2016-12-22 15:30:00,283.09,283.33,282.61,282.67,13044
2016-12-22 15:45:00,282.7,282.93,282.67,282.795,12231
2016-12-22 16:00:00,282.795,283.03,282.58,282.89,45991
2016-12-23 09:45:00,282.88,283.2,282.57,283.02,10272
2016-12-23 10:00:00,282.78,283.19,282.51,282.95,19648
2016-12-23 10:15:00,282.94,283.27,282.71,283.18,10867
2016-12-23 10:30:00,283.2561,283.785,283.24,283.5,7021
2016-12-23 10:45:00,283.42,283.56,283.25,283.3,5165
2016-12-23 11:00:00,283.33,283.41,283.0,283.13,8367
2016-12-23 11:15:00,283.24,283.55,283.12,283.24,3500
2016-12-23 11:30:00,283.13,283.33,282.87,283.08,5176
2016-12-23 11:45:00,283.15,283.29,282.84,283.21,6413
2016-12-23 12:00:00,283.18,283.28,282.87,282.87,4820
2016-12-23 12:15:00,282.78,282.78,282.07,282.26,6478
2016-12-23 12:30:00,282.32,282.59,282.2,282.59,3700
2016-12-23 12:45:00,282.56,282.81,282.41,282.48,9137
2016-12-23 13:00:00,282.44,282.57,282.34,282.4761,6997
2016-12-23 13:15:00,282.53,282.84,282.53,282.7,3469
2016-12-23 13:30:00,282.66,282.84,282.55,282.58,2000
2016-12-23 13:45:00,282.49,282.53,282.24,282.3,3589
2016-12-23 14:00:00,282.3899,282.58,282.31,282.31,3835
2016-12-23 14:15:00,282.45,282.63,282.39,282.41,2988
2016-12-23 14:30:00,282.51,282.54,282.13,282.13,4842
2016-12-23 14:45:00,282.25,282.76,282.2425,282.76,6981
2016-12-23 15:00:00,282.86,282.87,282.55,282.77,15236
2016-12-23 15:15:00,282.8,282.96,282.61,282.65,7856
2016-12-23 15:30:00,282.76,282.8,282.64,282.77,3579
2016-12-23 15:45:00,282.78,283.08,282.74,283.02,4487
2016-12-23 16:00:00,283.15,283.3,283.05,283.22,21903
2016-12-27 09:45:00,283.01,284.285,283.01,283.35,30303
2016-12-27 10:00:00,283.595,284.735,283.46,284.39,46224
2016-12-27 10:15:00,284.43,284.61,283.53,283.6,15011
2016-12-27 10:30:00,283.54,283.81,283.05,283.26,7336
2016-12-27 10:45:00,283.26,283.47,283.04,283.3,12210
2016-12-27 11:00:00,283.22,283.61,283.05,283.61,9149
2016-12-27 11:15:00,283.62,283.74,283.2,283.46,7142
2016-12-27 11:30:00,283.46,283.65,283.28,283.63,5295
2016-12-27 11:45:00,283.63,283.71,283.49,283.565,4182
2016-12-27 12:00:00,283.64,283.64,283.48,283.545,4650
2016-12-27 12:15:00,283.57,283.59,283.36,283.435,11355
2016-12-27 12:30:00,283.435,283.96,283.37,283.81,17579
2016-12-27 12:45:00,283.84,284.27,283.8,284.15,32268
2016-12-27 13:00:00,284.185,284.23,283.82,283.85,5404
2016-12-27 13:15:00,283.87,283.88,283.48,283.605,13161
2016-12-27 13:30:00,283.64,283.85,283.64,283.66,5546
2016-12-27 13:45:00,283.6,283.75,283.3,283.375,7771
2016-12-27 14:00:00,283.365,283.42,283.17,283.29,4288
2016-12-27 14:15:00,283.35,283.52,283.29,283.29,9115
2016-12-27 14:30:00,283.29,283.77,283.29,283.65,7769
2016-12-27 14:45:00,283.7,283.87,283.64,283.72,10279
2016-12-27 15:00:00,283.66,283.89,283.66,283.84,6550
2016-12-27 15:15:00,283.865,284.085,283.7,283.7995,8622
2016-12-27 15:30:00,283.75,284.0,283.7,283.945,20524
2016-12-27 15:45:00,283.92,283.93,283.79,283.79,6223
2016-12-27 16:00:00,283.815,283.92,283.435,283.59,20281
2016-12-28 09:45:00,284.3,284.99,282.79,282.82,12160
2016-12-28 10:00:00,282.79,282.91,281.99,281.99,14226
2016-12-28 10:15:00,281.985,282.16,281.36,281.53,12238
2016-12-28 10:30:00,281.47,281.5,280.84,280.96,4321
2016-12-28 10:45:00,281.08,281.43,281.05,281.128,9567
2016-12-28 11:00:00,281.04,281.52,280.91,281.42,7015
2016-12-28 11:15:00,281.485,282.205,281.35,281.9875,13055
2016-12-28 11:30:00,281.97,282.32,281.89,282.105,15330
2016-12-28 11:45:00,282.14,282.31,282.02,282.25,10967
2016-12-28 12:00:00,282.245,282.32,282.13,282.22,5827
2016-12-28 12:15:00,282.17,282.17,281.91,281.91,4125
2016-12-28 12:30:00,281.83,281.89,281.54,281.87,13170
2016-12-28 12:45:00,281.795,282.03,281.7,281.7,6849
2016-12-28 13:00:00,281.39,281.58,281.255,281.4,5644
2016-12-28 13:15:00,281.39,281.68,281.33,281.5101,8548
2016-12-28 13:30:00,281.6,281.6399,281.32,281.32,6475
2016-12-28 13:45:00,281.4,281.43,281.23,281.3414,7651
2016-12-28 14:00:00,281.31,281.34,281.15,281.195,6295
2016-12-28 14:15:00,281.11,281.51,281.11,281.42,5185
2016-12-28 14:30:00,281.42,281.42,280.63,280.85,30510
2016-12-28 14:45:00,280.93,280.93,280.595,280.595,5694
2016-12-28 15:00:00,280.685,280.79,280.24,280.63,6551
2016-12-28 15:15:00,280.52,280.9,280.52,280.83,10322
2016-12-28 15:30:00,280.88,280.88,280.67,280.71,10056
2016-12-28 15:45:00,280.6,280.72,280.54,280.547,11935
2016-12-28 16:00:00,280.54,280.785,280.46,280.67,33666
2016-12-29 09:45:00,281.3,282.39,280.91,282.03,8080
2016-12-29 10:00:00,282.18,282.2,281.73,281.93,8131
2016-12-29 10:15:00,282.07,282.34,281.531,282.25,7054
2016-12-29 10:30:00,282.26,282.46,281.87,282.11,11286
2016-12-29 10:45:00,282.01,282.37,281.841,282.14,15344
2016-12-29 11:00:00,281.83,281.9145,281.48,281.51,8198
2016-12-29 11:15:00,281.42,281.67,281.31,281.56,6900
2016-12-29 11:30:00,281.54,281.7,281.39,281.41,6295
2016-12-29 11:45:00,281.55,281.95,281.55,281.79,10731
2016-12-29 12:00:00,281.825,281.94,281.67,281.94,10662
2016-12-29 12:15:00,281.94,281.95,281.47,281.65,4439
2016-12-29 12:30:00,281.76,281.805,281.59,281.78,7400
2016-12-29 12:45:00,281.78,281.79,281.5,281.77,5156
2016-12-29 13:00:00,281.77,281.92,281.4422,281.53,4752
2016-12-29 13:15:00,281.52,281.87,281.39,281.8,8608
2016-12-29 13:30:00,281.83,281.83,281.53,281.685,7686
2016-12-29 13:45:00,281.685,281.78,281.44,281.54,7377
2016-12-29 14:00:00,281.44,281.62,281.23,281.39,9985
2016-12-29 14:15:00,281.32,281.85,281.32,281.61,7469
2016-12-29 14:30:00,281.57,282.17,281.46,282.03,11965
2016-12-29 14:45:00,282.16,282.24,281.67,281.67,11843
2016-12-29 15:00:00,281.76,281.99,281.655,281.92,4273
2016-12-29 15:15:00,282.08,282.16,281.77,281.83,6498
2016-12-29 15:30:00,281.79,282.1299,281.79,281.99,7125
2016-12-29 15:45:00,282.04,282.11,281.43,281.43,15807
2016-12-29 16:00:00,281.42,281.81,281.31,281.64,40140
2016-12-30 09:45:00,282.56,283.37,281.11,281.11,9561
2016-12-30 10:00:00,280.94,280.98,278.17,278.17,13042
2016-12-30 10:15:00,278.51,278.51,277.89,278.4,7300
2016-12-30 10:30:00,278.47,278.47,277.38,277.65,9655
2016-12-30 10:45:00,277.7,278.83,277.7,278.83,5400
2016-12-30 11:00:00,278.7392,279.36,278.49,279.36,15925
2016-12-30 11:15:00,279.43,279.48,278.85,279.17,6756
2016-12-30 11:30:00,279.19,279.28,278.52,278.74,25851
2016-12-30 11:45:00,278.68,278.88,278.465,278.83,5859
2016-12-30 12:00:00,278.88,278.88,278.43,278.58,7882
2016-12-30 12:15:00,278.61,278.61,278.08,278.33,6796
2016-12-30 12:30:00,278.39,278.86,278.33,278.49,8227
2016-12-30 12:45:00,278.63,278.71,277.79,277.79,14896
2016-12-30 13:00:00,277.78,278.04,277.37,278.015,7184
2016-12-30 13:15:00,278.14,278.56,278.1,278.11,3577
2016-12-30 13:30:00,278.2,278.66,278.11,278.225,6566
2016-12-30 13:45:00,278.2,278.36,277.985,277.985,7379
2016-12-30 14:00:00,277.97,278.0,277.75,277.84,3485
2016-12-30 14:15:00,277.75,278.5,277.73,277.99,15599
2016-12-30 14:30:00,277.99,278.24,277.79,277.92,7226
2016-12-30 14:45:00,277.78,278.34,277.76,278.19,6660
2016-12-30 15:00:00,278.16,278.16,277.61,277.79,12506
2016-12-30 15:15:00,277.665,278.0976,277.665,278.075,8356
2016-12-30 15:30:00,278.08,278.71,277.94,278.71,9500
2016-12-30 15:45:00,278.76,278.76,278.17,278.17,16201
2016-12-30 16:00:00,278.23,278.59,277.74,278.28,86573
